symbol,date,open,high,low,close,adj_close,volume,source
CRUDE,2005-01-03,43.1,43.1,41.25,42.12,42.12,69484,yahoo
CRUDE,2005-01-04,42.18,44.13,41.85,43.91,43.91,100665,yahoo
CRUDE,2005-01-05,43.9,44,42.6,43.39,43.39,91011,yahoo
CRUDE,2005-01-06,43.39,45.75,42.8,45.56,45.56,122411,yahoo
CRUDE,2005-01-07,45.5,46.1,44.75,45.43,45.43,99725,yahoo
CRUDE,2005-01-10,45.6,47.3,45.2,45.33,45.33,103573,yahoo
CRUDE,2005-01-11,45.17,46.15,44.95,45.68,45.68,90540,yahoo
CRUDE,2005-01-12,45.73,46.6,45,46.37,46.37,117369,yahoo
CRUDE,2005-01-13,46.5,48.4,46.3,48.04,48.04,108475,yahoo
CRUDE,2005-01-14,47.87,48.65,47.6,48.38,48.38,108475,yahoo
CRUDE,2005-01-18,48.6,49.5,47.7,48.38,48.38,76813,yahoo
CRUDE,2005-01-19,48.36,48.41,47.5,47.55,47.55,66704,yahoo
CRUDE,2005-01-20,47.6,47.6,46.4,46.91,46.91,126929,yahoo
CRUDE,2005-01-21,47.3,48.95,47.27,48.53,48.53,109387,yahoo
CRUDE,2005-01-24,48.88,49.24,47.8,48.81,48.81,82895,yahoo
CRUDE,2005-01-25,48.82,49.75,48.35,49.64,49.64,77796,yahoo
CRUDE,2005-01-26,49.51,49.74,47.9,48.78,48.78,115698,yahoo
CRUDE,2005-01-27,49.03,49.65,48.6,48.84,48.84,85862,yahoo
CRUDE,2005-01-28,48.84,48.85,46.7,47.18,47.18,106856,yahoo
CRUDE,2005-01-31,46.68,48.25,46.01,48.2,48.2,107498,yahoo
CRUDE,2005-02-01,48.21,48.24,47.05,47.12,47.12,83502,yahoo
CRUDE,2005-02-02,47.19,47.55,46.45,46.69,46.69,85112,yahoo
CRUDE,2005-02-03,46.57,46.73,45.75,46.45,46.45,70135,yahoo
CRUDE,2005-02-04,46.5,47.25,46.25,46.48,46.48,75969,yahoo
CRUDE,2005-02-07,46.32,46.47,45.1,45.28,45.28,103691,yahoo
CRUDE,2005-02-08,45.4,46.05,44.78,45.4,45.4,99803,yahoo
CRUDE,2005-02-09,45.45,46.4,44.6,45.46,45.46,139765,yahoo
CRUDE,2005-02-10,45.54,47.3,45.42,47.1,47.1,107519,yahoo
CRUDE,2005-02-11,46.97,47.48,46.75,47.16,47.16,83654,yahoo
CRUDE,2005-02-14,47.05,47.75,46.6,47.44,47.44,76756,yahoo
CRUDE,2005-02-15,47.34,47.8,47.1,47.26,47.26,68241,yahoo
CRUDE,2005-02-16,47.28,48.65,46.95,48.33,48.33,94711,yahoo
CRUDE,2005-02-17,48.32,48.65,47.4,47.54,47.54,66210,yahoo
CRUDE,2005-02-18,47.6,48.5,47.52,48.35,48.35,42684,yahoo
CRUDE,2005-02-22,48.37,51.4,48.37,51.15,51.15,134450,yahoo
CRUDE,2005-02-23,51.11,51.6,50.86,51.17,51.17,88112,yahoo
CRUDE,2005-02-24,51.21,52.05,50.46,51.39,51.39,114186,yahoo
CRUDE,2005-02-25,51.45,51.9,50.95,51.49,51.49,74335,yahoo
CRUDE,2005-02-28,51.8,52.28,51.1,51.75,51.75,77726,yahoo
CRUDE,2005-03-01,51.77,51.98,50.65,51.68,51.68,91603,yahoo
CRUDE,2005-03-02,51.7,53.1,51.45,53.05,53.05,107976,yahoo
CRUDE,2005-03-03,53.04,55.2,52.85,53.57,53.57,147324,yahoo
CRUDE,2005-03-04,53.6,54,52.92,53.78,53.78,82919,yahoo
CRUDE,2005-03-07,53.56,53.95,52.91,53.89,53.89,90228,yahoo
CRUDE,2005-03-08,53.87,55.15,53.26,54.59,54.59,101554,yahoo
CRUDE,2005-03-09,54.54,55.65,54.16,54.77,54.77,121574,yahoo
CRUDE,2005-03-10,54.35,54.62,52.9,53.54,53.54,114000,yahoo
CRUDE,2005-03-11,53.6,54.6,52.5,54.43,54.43,112324,yahoo
CRUDE,2005-03-14,54.45,55.05,53.52,54.95,54.95,88000,yahoo
CRUDE,2005-03-15,54.9,55.45,52.25,55.05,55.05,89775,yahoo
CRUDE,2005-03-16,55,56.6,54.4,56.46,56.46,93525,yahoo
CRUDE,2005-03-17,56.45,57.6,56.15,56.4,56.4,68556,yahoo
CRUDE,2005-03-18,56.29,57,55.95,56.72,56.72,59747,yahoo
CRUDE,2005-03-21,56.68,57.12,56.2,56.62,56.62,99506,yahoo
CRUDE,2005-03-22,57.45,57.58,55.69,56.03,56.03,93381,yahoo
CRUDE,2005-03-23,55.93,55.93,53.1,53.81,53.81,158704,yahoo
CRUDE,2005-03-24,54.12,54.9,53.48,54.84,54.84,90490,yahoo
CRUDE,2005-03-28,54.44,54.65,53.6,54.05,54.05,59674,yahoo
CRUDE,2005-03-29,54.06,54.5,53.45,54.23,54.23,72903,yahoo
CRUDE,2005-03-30,54.28,54.46,52.5,53.99,53.99,122512,yahoo
CRUDE,2005-03-31,54.03,56.1,53.93,55.4,55.4,114755,yahoo
CRUDE,2005-04-01,55.2,57.7,54.96,57.27,57.27,112997,yahoo
CRUDE,2005-04-04,57.15,58.28,56.6,57.01,57.01,88354,yahoo
CRUDE,2005-04-05,56.96,57.2,56,56.04,56.04,84117,yahoo
CRUDE,2005-04-06,55.99,56.9,55.3,55.85,55.85,94458,yahoo
CRUDE,2005-04-07,55.78,56.84,53.77,54.11,54.11,132876,yahoo
CRUDE,2005-04-08,54.12,54.2,52.7,53.32,53.32,122490,yahoo
CRUDE,2005-04-11,53.26,53.85,52.1,53.71,53.71,97925,yahoo
CRUDE,2005-04-12,53.8,54.05,51.75,51.86,51.86,129490,yahoo
CRUDE,2005-04-13,51.75,51.77,50.06,50.22,50.22,134518,yahoo
CRUDE,2005-04-14,50.3,51.4,49.75,51.13,51.13,108278,yahoo
CRUDE,2005-04-15,51.05,51.28,50,50.49,50.49,102520,yahoo
CRUDE,2005-04-18,50.43,51.2,49.66,50.37,50.37,70860,yahoo
CRUDE,2005-04-19,50.3,52.35,50.3,52.29,52.29,59946,yahoo
CRUDE,2005-04-20,52.19,53.1,51.95,52.44,52.44,120966,yahoo
CRUDE,2005-04-21,53.87,54.3,53,54.2,54.2,99239,yahoo
CRUDE,2005-04-22,54.23,55.9,54.2,55.39,55.39,113285,yahoo
CRUDE,2005-04-25,55.15,56,54.5,54.57,54.57,80454,yahoo
CRUDE,2005-04-26,54.34,54.45,53.35,54.2,54.2,100865,yahoo
CRUDE,2005-04-27,54.3,54.4,51.55,51.61,51.61,123080,yahoo
CRUDE,2005-04-28,51.56,51.89,49.8,51.77,51.77,128059,yahoo
CRUDE,2005-04-29,51.81,52.28,49.5,49.72,49.72,91921,yahoo
CRUDE,2005-05-02,49.28,51.1,49.03,50.92,50.92,98520,yahoo
CRUDE,2005-05-03,51,51.01,49.3,49.5,49.5,97500,yahoo
CRUDE,2005-05-04,49.52,50.95,48.8,50.13,50.13,133688,yahoo
CRUDE,2005-05-05,50.17,50.95,49.5,50.83,50.83,96261,yahoo
CRUDE,2005-05-06,50.97,52.23,50.25,50.96,50.96,143891,yahoo
CRUDE,2005-05-09,51.28,52.25,50.65,52.03,52.03,99262,yahoo
CRUDE,2005-05-10,52,53.1,51.65,52.07,52.07,119608,yahoo
CRUDE,2005-05-11,51.77,51.95,50.25,50.45,50.45,111016,yahoo
CRUDE,2005-05-12,50.36,50.42,48.3,48.54,48.54,129131,yahoo
CRUDE,2005-05-13,48.7,49.11,47.75,48.67,48.67,99228,yahoo
CRUDE,2005-05-16,48.67,48.7,47.6,48.61,48.61,78186,yahoo
CRUDE,2005-05-17,48.64,49.1,48.05,48.97,48.97,90755,yahoo
CRUDE,2005-05-18,48.9,49.35,47.16,47.25,47.25,92154,yahoo
CRUDE,2005-05-19,47.1,48,46.8,46.92,46.92,68221,yahoo
CRUDE,2005-05-20,46.98,47.57,46.2,46.8,46.8,107934,yahoo
CRUDE,2005-05-23,48.25,49.5,48.05,49.16,49.16,91193,yahoo
CRUDE,2005-05-24,49.15,49.94,48.92,49.67,49.67,87029,yahoo
CRUDE,2005-05-25,49.63,51.6,49.58,50.98,50.98,132791,yahoo
CRUDE,2005-05-26,50.95,51.7,50.65,51.01,51.01,92360,yahoo
CRUDE,2005-05-27,50.9,52,50.83,51.85,51.85,69866,yahoo
CRUDE,2005-05-31,51.98,52.05,50.9,51.97,51.97,91943,yahoo
CRUDE,2005-06-01,51.95,54.7,51.93,54.6,54.6,117597,yahoo
CRUDE,2005-06-02,54.54,55.4,53.5,53.63,53.63,126015,yahoo
CRUDE,2005-06-03,53.51,55.1,53.42,55.03,55.03,88726,yahoo
CRUDE,2005-06-06,55.2,55.55,53.9,54.49,54.49,85859,yahoo
CRUDE,2005-06-07,54.48,54.75,53.58,53.76,53.76,101219,yahoo
CRUDE,2005-06-08,53.72,55,52.45,52.54,52.54,128022,yahoo
CRUDE,2005-06-09,52.52,54.5,52.22,54.28,54.28,111430,yahoo
CRUDE,2005-06-10,54.41,54.95,53.35,53.54,53.54,105658,yahoo
CRUDE,2005-06-13,53.43,56,53.05,55.62,55.62,103592,yahoo
CRUDE,2005-06-14,55.55,55.8,54.83,55,55,96779,yahoo
CRUDE,2005-06-15,54.94,56.75,54.94,55.57,55.57,101553,yahoo
CRUDE,2005-06-16,55.51,56.9,55.12,56.58,56.58,85975,yahoo
CRUDE,2005-06-17,56.6,58.6,56.46,58.47,58.47,63986,yahoo
CRUDE,2005-06-20,58.51,59.52,58.1,59.37,59.37,63574,yahoo
CRUDE,2005-06-21,59.37,59.7,58.6,58.9,58.9,106639,yahoo
CRUDE,2005-06-22,58.95,59.55,57.85,58.09,58.09,106890,yahoo
CRUDE,2005-06-23,58.15,60,58.14,59.42,59.42,93099,yahoo
CRUDE,2005-06-24,59.4,60.25,59.17,59.84,59.84,86110,yahoo
CRUDE,2005-06-27,59.9,60.95,59.9,60.54,60.54,79216,yahoo
CRUDE,2005-06-28,60.44,60.47,57.9,58.2,58.2,113646,yahoo
CRUDE,2005-06-29,58.26,58.35,56.9,57.26,57.26,119267,yahoo
CRUDE,2005-06-30,57.23,57.8,55.9,56.5,56.5,157689,yahoo
CRUDE,2005-07-01,56.6,59,56.45,58.75,58.75,157689,yahoo
CRUDE,2005-07-05,58.89,60.1,58.8,59.59,59.59,90505,yahoo
CRUDE,2005-07-06,59.6,61.35,59.6,61.28,61.28,112573,yahoo
CRUDE,2005-07-07,61.28,62.1,57.2,60.73,60.73,133519,yahoo
CRUDE,2005-07-08,60.72,61.9,59.55,59.63,59.63,113009,yahoo
CRUDE,2005-07-11,59.4,59.5,58.02,58.92,58.92,111543,yahoo
CRUDE,2005-07-12,59.15,61.25,58.92,60.62,60.62,124148,yahoo
CRUDE,2005-07-13,60.55,61.3,59.8,60.01,60.01,113298,yahoo
CRUDE,2005-07-14,60.01,60.14,57.25,57.8,57.8,131775,yahoo
CRUDE,2005-07-15,57.87,58.9,57.33,58.09,58.09,107137,yahoo
CRUDE,2005-07-18,58,58.98,56.8,57.32,57.32,76097,yahoo
CRUDE,2005-07-19,57.25,57.77,56.8,57.46,57.46,85894,yahoo
CRUDE,2005-07-20,57.38,58.3,56.1,56.72,56.72,145901,yahoo
CRUDE,2005-07-21,58.15,58.17,56.5,57.13,57.13,106235,yahoo
CRUDE,2005-07-22,57.27,58.7,57.13,58.65,58.65,83067,yahoo
CRUDE,2005-07-25,58.75,59.07,57.65,59,59,78479,yahoo
CRUDE,2005-07-26,59.1,59.88,58.5,59.2,59.2,86851,yahoo
CRUDE,2005-07-27,59.15,59.7,58.6,59.11,59.11,93281,yahoo
CRUDE,2005-07-28,59.21,60.15,58.8,59.94,59.94,83720,yahoo
CRUDE,2005-07-29,59.93,61.05,59.81,60.57,60.57,100656,yahoo
CRUDE,2005-08-01,60.51,62.3,60.51,61.57,61.57,104282,yahoo
CRUDE,2005-08-02,61.59,61.95,60.87,61.89,61.89,84877,yahoo
CRUDE,2005-08-03,61.94,62.5,60.7,60.86,60.86,107880,yahoo
CRUDE,2005-08-04,60.78,62.1,60.6,61.38,61.38,83416,yahoo
CRUDE,2005-08-05,61.42,62.4,61.42,62.31,62.31,103856,yahoo
CRUDE,2005-08-08,62.31,64,62.21,63.94,63.94,117473,yahoo
CRUDE,2005-08-09,63.91,64.27,63,63.07,63.07,113868,yahoo
CRUDE,2005-08-10,63.12,65,62.91,64.9,64.9,138316,yahoo
CRUDE,2005-08-11,64.95,66,64.42,65.8,65.8,124631,yahoo
CRUDE,2005-08-12,65.8,67.1,65.6,66.86,66.86,121665,yahoo
CRUDE,2005-08-15,66.85,67,65.35,66.27,66.27,84415,yahoo
CRUDE,2005-08-16,66.26,66.85,65.5,66.08,66.08,108865,yahoo
CRUDE,2005-08-17,66.14,66.6,63.15,63.25,63.25,121220,yahoo
CRUDE,2005-08-18,63.32,63.77,62.25,63.27,63.27,66188,yahoo
CRUDE,2005-08-19,63.3,65.5,63.3,65.35,65.35,81603,yahoo
CRUDE,2005-08-22,65.4,66.25,65,65.45,65.45,99788,yahoo
CRUDE,2005-08-23,65.56,66.2,64.65,65.71,65.71,83182,yahoo
CRUDE,2005-08-24,65.79,67.4,65.3,67.32,67.32,98722,yahoo
CRUDE,2005-08-25,67.41,68,66.4,67.49,67.49,78799,yahoo
CRUDE,2005-08-26,67.49,67.95,65.9,66.13,66.13,92781,yahoo
CRUDE,2005-08-29,68.6,70.8,66.3,67.2,67.2,151039,yahoo
CRUDE,2005-08-30,67.4,70.85,67.26,69.81,69.81,178298,yahoo
CRUDE,2005-08-31,69.9,70.65,67.8,68.94,68.94,143723,yahoo
CRUDE,2005-09-01,68.7,69.6,68.25,69.47,69.47,102649,yahoo
CRUDE,2005-09-02,69.4,69.66,67.35,67.57,67.57,102649,yahoo
CRUDE,2005-09-06,66.6,67.56,65.65,65.96,65.96,112845,yahoo
CRUDE,2005-09-07,65.83,66.5,63.9,64.37,64.37,116133,yahoo
CRUDE,2005-09-08,64.4,65.15,63.1,64.49,64.49,123332,yahoo
CRUDE,2005-09-09,64.86,65.35,63.55,64.08,64.08,104978,yahoo
CRUDE,2005-09-12,64.15,64.41,62.55,63.33,63.33,109142,yahoo
CRUDE,2005-09-13,63.3,63.85,62.65,63.11,63.11,110403,yahoo
CRUDE,2005-09-14,63.09,65.2,63.05,65.09,65.09,116776,yahoo
CRUDE,2005-09-15,65.13,65.66,63.9,64.75,64.75,111656,yahoo
CRUDE,2005-09-16,64.7,64.7,62.85,63,63,89331,yahoo
CRUDE,2005-09-19,63.39,67.5,63.2,67.39,67.39,85073,yahoo
CRUDE,2005-09-20,67.24,67.38,64.8,66.23,66.23,134613,yahoo
CRUDE,2005-09-21,66.22,68.27,66.15,66.8,66.8,108751,yahoo
CRUDE,2005-09-22,66.85,68.14,66.05,66.5,66.5,92997,yahoo
CRUDE,2005-09-23,66.58,66.8,63.85,64.19,64.19,96318,yahoo
CRUDE,2005-09-26,63.41,65.9,62.65,65.82,65.82,108135,yahoo
CRUDE,2005-09-27,65.7,66.17,64.6,65.07,65.07,82207,yahoo
CRUDE,2005-09-28,64.94,67.4,64.6,66.35,66.35,125181,yahoo
CRUDE,2005-09-29,66.34,67.2,65.52,66.79,66.79,121353,yahoo
CRUDE,2005-09-30,66.79,67.03,65.3,66.24,66.24,114729,yahoo
CRUDE,2005-10-03,66.2,66.62,64.99,65.47,65.47,69179,yahoo
CRUDE,2005-10-04,65.4,65.49,63,63.9,63.9,94277,yahoo
CRUDE,2005-10-05,63.81,64.8,62.7,62.79,62.79,87283,yahoo
CRUDE,2005-10-06,62.72,62.83,60.7,61.36,61.36,116497,yahoo
CRUDE,2005-10-07,61.6,62.23,61.1,61.84,61.84,90342,yahoo
CRUDE,2005-10-10,61.79,62.44,60.35,61.8,61.8,100053,yahoo
CRUDE,2005-10-11,62.02,63.6,61.88,63.53,63.53,121482,yahoo
CRUDE,2005-10-12,63.59,64.7,63.4,64.12,64.12,128614,yahoo
CRUDE,2005-10-13,64.2,64.39,62.45,63.08,63.08,110795,yahoo
CRUDE,2005-10-14,63.05,63.1,61.2,62.63,62.63,79485,yahoo
CRUDE,2005-10-17,62.95,64.4,62.72,64.36,64.36,73275,yahoo
CRUDE,2005-10-18,64.1,64.28,62.9,63.2,63.2,65958,yahoo
CRUDE,2005-10-19,63,63.59,61.31,62.41,62.41,74302,yahoo
CRUDE,2005-10-20,62.3,62.44,59.85,61.03,61.03,124319,yahoo
CRUDE,2005-10-21,59.8,60.7,59.15,60.63,60.63,103721,yahoo
CRUDE,2005-10-24,60.06,60.5,59.3,60.32,60.32,78770,yahoo
CRUDE,2005-10-25,60.23,62.55,59.98,62.44,62.44,101666,yahoo
CRUDE,2005-10-26,62.3,62.95,60.55,60.66,60.66,109993,yahoo
CRUDE,2005-10-27,60.88,61.5,60.25,61.09,61.09,99579,yahoo
CRUDE,2005-10-28,61.1,61.48,60.55,61.22,61.22,89726,yahoo
CRUDE,2005-10-31,61.2,61.39,59.27,59.76,59.76,103815,yahoo
CRUDE,2005-11-01,59.76,60.3,59.05,59.85,59.85,95972,yahoo
CRUDE,2005-11-02,59.9,60.4,58.75,59.75,59.75,97860,yahoo
CRUDE,2005-11-03,59.7,61.85,59.56,61.78,61.78,100006,yahoo
CRUDE,2005-11-04,61.75,62.15,60.5,60.58,60.58,92736,yahoo
CRUDE,2005-11-07,60.11,60.44,58.6,59.47,59.47,126389,yahoo
CRUDE,2005-11-08,59.47,59.85,58.9,59.71,59.71,99616,yahoo
CRUDE,2005-11-09,59.7,60.4,58.6,58.93,58.93,133271,yahoo
CRUDE,2005-11-10,58.8,58.96,57.4,57.8,57.8,104739,yahoo
CRUDE,2005-11-11,57.77,58.2,56.93,57.53,57.53,100707,yahoo
CRUDE,2005-11-14,57.8,58.2,57.3,57.69,57.69,68821,yahoo
CRUDE,2005-11-15,57.72,58.4,56.9,56.98,56.98,102686,yahoo
CRUDE,2005-11-16,56.98,58.25,56.7,57.88,57.88,81905,yahoo
CRUDE,2005-11-17,57.82,58.52,56.2,56.33,56.33,90168,yahoo
CRUDE,2005-11-18,56.54,56.8,55.4,56.14,56.14,111722,yahoo
CRUDE,2005-11-21,57.42,58.18,57.1,57.7,57.7,68601,yahoo
CRUDE,2005-11-22,57.8,59,57.55,58.84,58.84,81621,yahoo
CRUDE,2005-11-23,58.75,59.15,57.95,58.71,58.71,87139,yahoo
CRUDE,2005-11-28,58.11,58.3,56.7,57.36,57.36,98709,yahoo
CRUDE,2005-11-29,57.31,57.75,56.45,56.5,56.5,98126,yahoo
CRUDE,2005-11-30,56.35,57.4,55.72,57.32,57.32,131180,yahoo
CRUDE,2005-12-01,57.43,58.8,57.02,58.47,58.47,112884,yahoo
CRUDE,2005-12-02,58.47,59.55,58.15,59.32,59.32,114720,yahoo
CRUDE,2005-12-05,59.41,60.8,59.41,59.91,59.91,106593,yahoo
CRUDE,2005-12-06,59.82,60.45,59.55,59.94,59.94,80399,yahoo
CRUDE,2005-12-07,60.01,60.68,59.1,59.21,59.21,129029,yahoo
CRUDE,2005-12-08,59.35,60.7,59.05,60.66,60.66,104846,yahoo
CRUDE,2005-12-09,60.76,61.5,59.03,59.39,59.39,123432,yahoo
CRUDE,2005-12-12,59.51,61.35,59.5,61.3,61.3,113722,yahoo
CRUDE,2005-12-13,61.29,61.9,60.76,61.37,61.37,102192,yahoo
CRUDE,2005-12-14,61.28,61.75,60.8,60.85,60.85,84305,yahoo
CRUDE,2005-12-15,60.85,61.2,59.95,59.99,59.99,100827,yahoo
CRUDE,2005-12-16,59.9,60.09,58,58.06,58.06,91102,yahoo
CRUDE,2005-12-19,58,58.59,56.9,57.33,57.33,74136,yahoo
CRUDE,2005-12-20,57.3,58.2,57.3,57.98,57.98,89980,yahoo
CRUDE,2005-12-21,58.15,58.7,57.55,58.56,58.56,84506,yahoo
CRUDE,2005-12-22,58.6,59.29,57.72,58.28,58.28,60474,yahoo
CRUDE,2005-12-23,58.26,58.75,57.65,58.43,58.43,37520,yahoo
CRUDE,2005-12-27,58.3,58.3,57.3,58.16,58.16,55477,yahoo
CRUDE,2005-12-28,58.19,60.45,57.76,59.82,59.82,87694,yahoo
CRUDE,2005-12-29,59.89,60.85,59.4,60.32,60.32,64915,yahoo
CRUDE,2005-12-30,60.39,61.25,59.73,61.04,61.04,72714,yahoo
HANGSENG,2005-01-03,14216.04,14267.21,14150.0195,14237.4199,14237.4199,145600000,yahoo
HANGSENG,2005-01-04,14198.5098,14198.5098,13991.2002,14045.9004,14045.9004,397500000,yahoo
HANGSENG,2005-01-05,13939.0195,13941.1299,13709.5801,13764.3604,13764.3604,530200000,yahoo
HANGSENG,2005-01-06,13718.79,13789.1504,13672.5596,13712.04,13712.04,418800000,yahoo
HANGSENG,2005-01-07,13698.1602,13771.4502,13403,13574.8604,13574.8604,571200000,yahoo
HANGSENG,2005-01-10,13573.4199,13605.0195,13435.4297,13531.3896,13531.3896,317400000,yahoo
HANGSENG,2005-01-11,13609.3096,13649.4297,13455.3096,13509.25,13509.25,340800000,yahoo
HANGSENG,2005-01-12,13456.54,13565.3096,13352.71,13565.3096,13565.3096,337000000,yahoo
HANGSENG,2005-01-13,13570.2197,13631.4102,13533.0098,13573.2803,13573.2803,396300000,yahoo
HANGSENG,2005-01-14,13509.46,13582.54,13411.3096,13494.7803,13494.7803,473400000,yahoo
HANGSENG,2005-01-17,13529.0801,13636.7695,13528.1104,13621.6504,13621.6504,261000000,yahoo
HANGSENG,2005-01-18,13621.96,13621.96,13489.9902,13604.2197,13604.2197,289800000,yahoo
HANGSENG,2005-01-19,13634.0098,13700.9404,13586.3398,13678.6299,13678.6299,304000000,yahoo
HANGSENG,2005-01-20,13550.9805,13585.6699,13500.5801,13543.5898,13543.5898,460300000,yahoo
HANGSENG,2005-01-21,13495.9297,13518.6904,13432.46,13481.0195,13481.0195,476200000,yahoo
HANGSENG,2005-01-24,13449.8799,13483.1299,13320.5303,13386.9902,13386.9902,450800000,yahoo
HANGSENG,2005-01-25,13378.8398,13594.8604,13356.2402,13584.0596,13584.0596,319800000,yahoo
HANGSENG,2005-01-26,13599.2002,13652.4502,13558.0303,13623.6797,13623.6797,365600000,yahoo
HANGSENG,2005-01-27,13636.7402,13750.4805,13596.4102,13628.9102,13628.9102,374400000,yahoo
HANGSENG,2005-01-28,13633.6797,13679.3096,13559.9805,13650.0596,13650.0596,268400000,yahoo
HANGSENG,2005-01-31,13625.2305,13762.8604,13581.1904,13721.6904,13721.6904,352600000,yahoo
HANGSENG,2005-02-01,13714.4199,13736.6396,13522.4297,13578.2598,13578.2598,407300000,yahoo
HANGSENG,2005-02-02,13573.6396,13607.8799,13454.4004,13555.7998,13555.7998,321800000,yahoo
HANGSENG,2005-02-03,13525.8896,13586.8496,13456.1396,13515.3301,13515.3301,404900000,yahoo
HANGSENG,2005-02-04,13495.71,13623.5996,13470.4805,13585.1699,13585.1699,425700000,yahoo
HANGSENG,2005-02-07,13749.0801,13816.8604,13749.0801,13795,13795,383200000,yahoo
HANGSENG,2005-02-08,13806.5596,13863.9902,13788.3301,13845.6299,13845.6299,218200000,yahoo
HANGSENG,2005-02-14,14006.54,14043.9404,13943.46,14017.2305,14017.2305,426000000,yahoo
HANGSENG,2005-02-15,14042.3799,14065.6602,13978.2402,13995.8301,13995.8301,304100000,yahoo
HANGSENG,2005-02-16,14029.5,14044.8301,13962.4805,14015.4902,14015.4902,302000000,yahoo
HANGSENG,2005-02-17,14024.1299,14037.6201,13936.6299,13967.8203,13967.8203,256400000,yahoo
HANGSENG,2005-02-18,13933.9199,14093.4297,13898.9199,14087.8701,14087.8701,323300000,yahoo
HANGSENG,2005-02-21,14072.4102,14113.9297,14045.71,14111.6504,14111.6504,282800000,yahoo
HANGSENG,2005-02-22,14095.8896,14118.2305,14022.0596,14090.5195,14090.5195,296100000,yahoo
HANGSENG,2005-02-23,13933.7197,13964.7598,13907.54,13957.9404,13957.9404,357000000,yahoo
HANGSENG,2005-02-24,13970.6396,14060.9102,13956.1396,14060.9102,14060.9102,301500000,yahoo
HANGSENG,2005-02-25,14103.1201,14207.5303,14103.1201,14157.0898,14157.0898,418000000,yahoo
HANGSENG,2005-02-28,14204.8604,14272.54,14141.7803,14195.3496,14195.3496,398300000,yahoo
HANGSENG,2005-03-01,14031.2197,14085.8496,13954.5801,14061.1504,14061.1504,274500000,yahoo
HANGSENG,2005-03-02,14039.8496,14066.7598,13817.46,13850.7803,13850.7803,375800000,yahoo
HANGSENG,2005-03-03,13816.8203,13909.1104,13785.3896,13892.3701,13892.3701,277100000,yahoo
HANGSENG,2005-03-04,13906.0098,13922.4297,13692.3896,13730.7803,13730.7803,395800000,yahoo
HANGSENG,2005-03-07,13829.8398,13872.6201,13749.25,13771.9502,13771.9502,250700000,yahoo
HANGSENG,2005-03-08,13763.1396,13889.4297,13736.1797,13881.71,13881.71,303200000,yahoo
HANGSENG,2005-03-09,13915.3604,13996.46,13871.2695,13941.4697,13941.4697,299300000,yahoo
HANGSENG,2005-03-10,13811.3604,13874.21,13742.2402,13856.0195,13856.0195,482500000,yahoo
HANGSENG,2005-03-11,13859.8896,13909.29,13781.4199,13890.9297,13890.9297,350900000,yahoo
HANGSENG,2005-03-14,13832.9404,13935.1104,13816.25,13906.8496,13906.8496,286100000,yahoo
HANGSENG,2005-03-15,13886.8301,13886.8301,13763.54,13816.75,13816.75,316200000,yahoo
HANGSENG,2005-03-16,13709.8496,13838.2305,13647.0596,13832.5195,13832.5195,344700000,yahoo
HANGSENG,2005-03-17,13723.25,13858.4199,13699.71,13817.9902,13817.9902,340100000,yahoo
HANGSENG,2005-03-18,13865.0498,13907.0596,13779.7695,13828.3701,13828.3701,281000000,yahoo
HANGSENG,2005-03-21,13822.9502,13865.1201,13786.79,13834.3496,13834.3496,171000000,yahoo
HANGSENG,2005-03-22,13800.8301,13822.8799,13757.6504,13776.4697,13776.4697,264300000,yahoo
HANGSENG,2005-03-23,13602.9004,13643.9902,13564.6104,13603.6104,13603.6104,387000000,yahoo
HANGSENG,2005-03-24,13591.9404,13612.9805,13547.8398,13597.0996,13597.0996,300000000,yahoo
HANGSENG,2005-03-29,13552.0996,13552.0996,13380.9102,13411.8799,13411.8799,401300000,yahoo
HANGSENG,2005-03-30,13404.5996,13460.0098,13357.1699,13425.75,13425.75,312000000,yahoo
HANGSENG,2005-03-31,13515.3799,13556.1396,13482.4902,13516.8799,13516.8799,427800000,yahoo
HANGSENG,2005-04-01,13495.6602,13518.6299,13397.5996,13491.3496,13491.3496,323900000,yahoo
HANGSENG,2005-04-04,13474.3604,13545.3096,13436.96,13513.4102,13513.4102,287600000,yahoo
HANGSENG,2005-04-06,13537.3799,13612.04,13505.7803,13562.2598,13562.2598,355900000,yahoo
HANGSENG,2005-04-07,13605.4199,13619.8701,13538.4004,13602.3496,13602.3496,264300000,yahoo
HANGSENG,2005-04-08,13670.79,13686.9902,13636.3496,13666.7197,13666.7197,245700000,yahoo
HANGSENG,2005-04-11,13614.0498,13668,13606.3896,13659.9297,13659.9297,242400000,yahoo
HANGSENG,2005-04-12,13660.6504,13678.6396,13622.71,13658.0498,13658.0498,165600000,yahoo
HANGSENG,2005-04-13,13695.6797,13808.5098,13665.4004,13799.6201,13799.6201,230200000,yahoo
HANGSENG,2005-04-14,13741.1699,13788.6797,13707.6699,13772.4004,13772.4004,323500000,yahoo
HANGSENG,2005-04-15,13672.7402,13672.7402,13579.1602,13638.75,13638.75,299400000,yahoo
HANGSENG,2005-04-18,13382.0195,13424.6602,13337.4404,13355.2305,13355.2305,502100000,yahoo
HANGSENG,2005-04-19,13430.1504,13503.29,13428.3896,13444.0898,13444.0898,224700000,yahoo
HANGSENG,2005-04-20,13534.2402,13567.9404,13489.1299,13501.6299,13501.6299,187100000,yahoo
HANGSENG,2005-04-21,13407.5703,13639.8604,13401.8604,13597.3096,13597.3096,312400000,yahoo
HANGSENG,2005-04-22,13684.5898,13727.4404,13649.5,13693.5498,13693.5498,300300000,yahoo
HANGSENG,2005-04-25,13744.4502,13802.4297,13711.3896,13750.2305,13750.2305,256000000,yahoo
HANGSENG,2005-04-26,13768.7305,13919.5195,13719.8096,13859.5801,13859.5801,389300000,yahoo
HANGSENG,2005-04-27,13832.8096,13847.3896,13799.6504,13839.6396,13839.6396,177700000,yahoo
HANGSENG,2005-04-28,13813.6797,13956.5195,13813.6797,13909.4199,13909.4199,339900000,yahoo
HANGSENG,2005-04-29,13829.4502,13913.0996,13801.1797,13908.9697,13908.9697,309000000,yahoo
HANGSENG,2005-05-03,13969.6396,13994.6602,13877.9199,13893.9805,13893.9805,231400000,yahoo
HANGSENG,2005-05-04,13958.1797,13981.7803,13917.7002,13945.0498,13945.0498,245300000,yahoo
HANGSENG,2005-05-05,14056.9297,14110.29,14021.9297,14061.7002,14061.7002,313200000,yahoo
HANGSENG,2005-05-06,14041.29,14095.8496,14004.0703,14033.96,14033.96,272600000,yahoo
HANGSENG,2005-05-09,14068.2598,14106.5303,14006.8496,14085.0898,14085.0898,283400000,yahoo
HANGSENG,2005-05-10,14097.1904,14112.6104,13991.1904,14018.3799,14018.3799,235400000,yahoo
HANGSENG,2005-05-11,13959.29,13973.6201,13895.2695,13939.7998,13939.7998,207000000,yahoo
HANGSENG,2005-05-12,13968.9502,13984.3496,13928.0703,13968.2803,13968.2803,194100000,yahoo
HANGSENG,2005-05-13,13907.1602,13921.4199,13841.8604,13866.8096,13866.8096,223800000,yahoo
HANGSENG,2005-05-17,13861.5996,13863.1602,13626.6396,13667.0303,13667.0303,401400000,yahoo
HANGSENG,2005-05-18,13648.2598,13668.4297,13590.0498,13627.0098,13627.0098,271600000,yahoo
HANGSENG,2005-05-19,13676.8701,13747.9697,13645.0801,13698.9297,13698.9297,253500000,yahoo
HANGSENG,2005-05-20,13715.6504,13723.8203,13642.8398,13717.4199,13717.4199,201000000,yahoo
HANGSENG,2005-05-23,13730.0898,13730.0898,13632.2305,13699.1299,13699.1299,164000000,yahoo
HANGSENG,2005-05-24,13703.1396,13726.1504,13677.3398,13719.3203,13719.3203,158200000,yahoo
HANGSENG,2005-05-25,13715.0898,13717.0703,13542.4805,13562.0596,13562.0596,294300000,yahoo
HANGSENG,2005-05-26,13569.2598,13590.6104,13541.7695,13569.9902,13569.9902,182600000,yahoo
HANGSENG,2005-05-27,13671.6396,13739.2002,13669.2002,13714.7803,13714.7803,218400000,yahoo
HANGSENG,2005-05-30,13741.2803,13851.3301,13684.5195,13845.0996,13845.0996,255900000,yahoo
HANGSENG,2005-05-31,13815.7305,13932.9199,13779.7998,13867.0703,13867.0703,348600000,yahoo
HANGSENG,2005-06-01,13817.2695,13895.3301,13813.6904,13873.0703,13873.0703,302400000,yahoo
HANGSENG,2005-06-02,13942.96,13946.0098,13779.7998,13814.5801,13814.5801,325200000,yahoo
HANGSENG,2005-06-03,13821.9502,13870.4902,13792.6504,13818.4502,13818.4502,297800000,yahoo
HANGSENG,2005-06-06,13768.0303,13862.6201,13745.6797,13860.5498,13860.5498,265800000,yahoo
HANGSENG,2005-06-07,13806,13846.2998,13800.0898,13837.29,13837.29,258100000,yahoo
HANGSENG,2005-06-08,13868.1396,13938.79,13842.0098,13898.5498,13898.5498,421800000,yahoo
HANGSENG,2005-06-09,13884.2197,13984.3398,13876.5801,13898.3096,13898.3096,419300000,yahoo
HANGSENG,2005-06-10,13927.0098,13972.71,13916.8604,13934.7598,13934.7598,326600000,yahoo
HANGSENG,2005-06-13,13948.4199,13978.6396,13898.46,13952.0195,13952.0195,209900000,yahoo
HANGSENG,2005-06-14,13954.7402,13999.0596,13901.4902,13904.8096,13904.8096,299700000,yahoo
HANGSENG,2005-06-15,13932.8496,13953.0303,13870.2305,13914.2998,13914.2998,285000000,yahoo
HANGSENG,2005-06-16,13909.75,13909.75,13801.4199,13833.5303,13833.5303,258600000,yahoo
HANGSENG,2005-06-17,13866.79,13926.5898,13847.5,13912.0303,13912.0303,412300000,yahoo
HANGSENG,2005-06-20,13928.71,13966.9102,13908.7002,13945.7695,13945.7695,246100000,yahoo
HANGSENG,2005-06-21,13935.29,13983.4805,13890.7803,13979.3496,13979.3496,276500000,yahoo
HANGSENG,2005-06-22,13995.6396,14183.3896,13995.6396,14161.0195,14161.0195,666200000,yahoo
HANGSENG,2005-06-23,14197.0098,14233.8096,14157.0098,14190.4404,14190.4404,543900000,yahoo
HANGSENG,2005-06-24,14141.6602,14230.29,14108.3896,14230.29,14230.29,536800000,yahoo
HANGSENG,2005-06-27,14142.4902,14202.9805,14142.1396,14176.04,14176.04,319800000,yahoo
HANGSENG,2005-06-28,14206.8096,14287.4404,14174.79,14287.4404,14287.4404,602400000,yahoo
HANGSENG,2005-06-29,14313.9902,14365.0498,14247.04,14277.2803,14277.2803,543700000,yahoo
HANGSENG,2005-06-30,14281.4697,14310.7695,14154.7002,14201.0596,14201.0596,406400000,yahoo
HANGSENG,2005-07-04,14188.3496,14188.4697,14122.9697,14177.8701,14177.8701,362900000,yahoo
HANGSENG,2005-07-05,14146.4404,14161,14101.5596,14124.7998,14124.7998,333200000,yahoo
HANGSENG,2005-07-06,14170.71,14202.0898,14126.8604,14149.9297,14149.9297,427300000,yahoo
HANGSENG,2005-07-07,14146.2402,14156.9199,14006.75,14030.8096,14030.8096,482300000,yahoo
HANGSENG,2005-07-08,14014.7998,14053.21,13920.8701,13964.4697,13964.4697,340700000,yahoo
HANGSENG,2005-07-11,14065.3398,14157.2402,14047.0098,14157.2402,14157.2402,339000000,yahoo
HANGSENG,2005-07-12,14214.8799,14215.4805,14094.7002,14146.9502,14146.9502,332200000,yahoo
HANGSENG,2005-07-13,14170.3096,14308.3701,14140.4004,14307.2998,14307.2998,378500000,yahoo
HANGSENG,2005-07-14,14389.3701,14497.4297,14389.3701,14491.54,14491.54,616900000,yahoo
HANGSENG,2005-07-15,14489.8398,14550.1699,14444.5801,14504.29,14504.29,658500000,yahoo
HANGSENG,2005-07-18,14496.5498,14578.6904,14487.8701,14567,14567,325600000,yahoo
HANGSENG,2005-07-19,14493.2695,14625.0801,14493.2695,14567.7402,14567.7402,454200000,yahoo
HANGSENG,2005-07-20,14584.0596,14673.8301,14567.0195,14602.7002,14602.7002,428100000,yahoo
HANGSENG,2005-07-21,14660.7598,14691.7402,14560.46,14620.1396,14620.1396,404300000,yahoo
HANGSENG,2005-07-22,14744.5195,14800.3096,14655.4404,14786.46,14786.46,593100000,yahoo
HANGSENG,2005-07-25,14794.9297,14841.5801,14768.7803,14794.0303,14794.0303,388300000,yahoo
HANGSENG,2005-07-26,14818.79,14840.4404,14744.3896,14769.9297,14769.9297,289100000,yahoo
HANGSENG,2005-07-27,14786.9502,14828.0195,14743.6904,14801.8604,14801.8604,374500000,yahoo
HANGSENG,2005-07-28,14836.2998,14899.71,14771.1602,14813.3203,14813.3203,352600000,yahoo
HANGSENG,2005-07-29,14863.5098,14892.29,14838.1602,14880.9805,14880.9805,413000000,yahoo
HANGSENG,2005-08-01,14892.7305,14989.4697,14841.1201,14978.8799,14978.8799,331900000,yahoo
HANGSENG,2005-08-02,15068.2197,15167.7197,15046.8398,15137.0801,15137.0801,555000000,yahoo
HANGSENG,2005-08-03,15197.0596,15201.8203,15035.3701,15118.5,15118.5,537300000,yahoo
HANGSENG,2005-08-04,15101.5996,15186.1104,15076.4502,15111.54,15111.54,412100000,yahoo
HANGSENG,2005-08-05,15054.6299,15083.5098,14972.5195,15051.3203,15051.3203,342400000,yahoo
HANGSENG,2005-08-08,15033.9805,15117.9102,15024.54,15108.9404,15108.9404,226900000,yahoo
HANGSENG,2005-08-09,15137.6396,15161.79,15029.3896,15047.8398,15047.8398,339800000,yahoo
HANGSENG,2005-08-10,15113.8604,15346.4102,15095.96,15346.4102,15346.4102,479400000,yahoo
HANGSENG,2005-08-11,15432.7402,15477.1396,15330.9502,15445.2002,15445.2002,615200000,yahoo
HANGSENG,2005-08-12,15459.1699,15480.7998,15398.2998,15450.9502,15450.9502,412000000,yahoo
HANGSENG,2005-08-15,15435.4902,15482.1504,15391.5703,15466.0596,15466.0596,282300000,yahoo
HANGSENG,2005-08-16,15455.71,15508.5703,15394.7305,15443.6201,15443.6201,322900000,yahoo
HANGSENG,2005-08-17,15331.0898,15449.5801,15309.5,15449.5801,15449.5801,398700000,yahoo
HANGSENG,2005-08-18,15442.5098,15455.1699,15101.7305,15148.0898,15148.0898,516700000,yahoo
HANGSENG,2005-08-19,15123.2598,15173.5,15001.4404,15038.6104,15038.6104,391600000,yahoo
HANGSENG,2005-08-22,15093.1797,15225.5898,15049.9102,15218.6299,15218.6299,277300000,yahoo
HANGSENG,2005-08-23,15222.4902,15244.9004,14938.0498,14973.8896,14973.8896,364400000,yahoo
HANGSENG,2005-08-24,14934.9805,14969.5,14861.4297,14873.8496,14873.8496,286600000,yahoo
HANGSENG,2005-08-25,14844.1797,14963.7305,14832,14889.0996,14889.0996,289200000,yahoo
HANGSENG,2005-08-26,14942.8203,14991.6396,14863.04,14982.8896,14982.8896,274600000,yahoo
HANGSENG,2005-08-29,14851.6797,14861.4805,14734.4297,14836.9697,14836.9697,317400000,yahoo
HANGSENG,2005-08-30,14870.1904,14976.4697,14831.9004,14922.2197,14922.2197,240300000,yahoo
HANGSENG,2005-08-31,14853.6396,14927.0498,14796.5098,14903.5498,14903.5498,382700000,yahoo
HANGSENG,2005-09-01,15031.5195,15149.6104,15014.7695,15143.75,15143.75,412200000,yahoo
HANGSENG,2005-09-02,15197.8701,15249.1504,15131.04,15221.8896,15221.8896,285900000,yahoo
HANGSENG,2005-09-05,15231.7695,15244.04,15179.7598,15227.8301,15227.8301,159700000,yahoo
HANGSENG,2005-09-06,15287.7002,15307.6504,15038.6504,15160.7803,15160.7803,248200000,yahoo
HANGSENG,2005-09-07,15247.9199,15271.21,15205.9902,15224.5703,15224.5703,242800000,yahoo
HANGSENG,2005-09-08,15257.5303,15257.5303,15156.9102,15166.1699,15166.1699,286600000,yahoo
HANGSENG,2005-09-09,15168.5703,15188.4297,15081.2803,15165.7695,15165.7695,246400000,yahoo
HANGSENG,2005-09-12,15240.4004,15240.8896,15186.5703,15199.79,15199.79,183500000,yahoo
HANGSENG,2005-09-13,15159,15192.9199,15052.5801,15070.5596,15070.5596,259700000,yahoo
HANGSENG,2005-09-14,15059.9102,15097.2998,14979.6504,15086.6201,15086.6201,272600000,yahoo
HANGSENG,2005-09-15,15092.4297,15129.5898,14990.0498,15041.0195,15041.0195,238100000,yahoo
HANGSENG,2005-09-16,15033.0801,15035.4502,14965.9805,14983.2002,14983.2002,281700000,yahoo
HANGSENG,2005-09-20,14994.7695,15252.8398,14943.6104,15241.8604,15241.8604,424600000,yahoo
HANGSENG,2005-09-21,15207.0801,15271.9102,15162.5996,15223.6201,15223.6201,338200000,yahoo
HANGSENG,2005-09-22,15144.5498,15194.0098,15119.9902,15179.9502,15179.9502,297800000,yahoo
HANGSENG,2005-09-23,15169.04,15169.8799,15045.54,15143.9697,15143.9697,269900000,yahoo
HANGSENG,2005-09-26,15166.1602,15279.04,15127.9902,15274.3096,15274.3096,293100000,yahoo
HANGSENG,2005-09-27,15286.5195,15312.3604,15163.6699,15189.8799,15189.8799,253600000,yahoo
HANGSENG,2005-09-28,15186.1299,15269.04,15164.8604,15221.46,15221.46,312600000,yahoo
HANGSENG,2005-09-29,15248.8701,15432.9502,15241.4902,15431.25,15431.25,378800000,yahoo
HANGSENG,2005-09-30,15449.2998,15470.5098,15394.6797,15428.5195,15428.5195,351300000,yahoo
HANGSENG,2005-10-03,15399.8701,15452.2803,15369.2305,15394.3896,15394.3896,270500000,yahoo
HANGSENG,2005-10-04,15397.3799,15493,15382.21,15382.21,15382.21,317200000,yahoo
HANGSENG,2005-10-05,15317.0801,15317.0801,15137.5195,15161.0303,15161.0303,427000000,yahoo
HANGSENG,2005-10-06,14943.2197,14945.9697,14823,14839.2998,14839.2998,553000000,yahoo
HANGSENG,2005-10-07,14857.1904,14899.2305,14798.9102,14847.79,14847.79,453700000,yahoo
HANGSENG,2005-10-10,14898.8398,14933.9297,14852.3301,14898.7695,14898.7695,280200000,yahoo
HANGSENG,2005-10-12,14880.46,14933.1201,14557.5195,14575.0195,14575.0195,547700000,yahoo
HANGSENG,2005-10-13,14527.0195,14644.6602,14508.54,14621.8301,14621.8301,339500000,yahoo
HANGSENG,2005-10-14,14577.3701,14577.3701,14439.1299,14485.8799,14485.8799,433300000,yahoo
HANGSENG,2005-10-17,14551.7402,14572.6797,14449.3799,14541.3496,14541.3496,310200000,yahoo
HANGSENG,2005-10-18,14585.8496,14649.71,14563.5195,14597.4004,14597.4004,281000000,yahoo
HANGSENG,2005-10-19,14434.7305,14463.0703,14345.8701,14372.7598,14372.7598,439400000,yahoo
HANGSENG,2005-10-20,14477.54,14524.6602,14398.9697,14408.9404,14408.9404,357200000,yahoo
HANGSENG,2005-10-21,14364.6797,14491.9404,14308.6104,14487.8496,14487.8496,507700000,yahoo
HANGSENG,2005-10-24,14470.6699,14505.5596,14321.6104,14402.3496,14402.3496,290200000,yahoo
HANGSENG,2005-10-25,14566.0498,14566.0996,14422.4004,14424.8799,14424.8799,319800000,yahoo
HANGSENG,2005-10-26,14446.9697,14474.1602,14361.7598,14458.1396,14458.1396,394400000,yahoo
HANGSENG,2005-10-27,14475.6602,14484.3203,14376.8604,14381.0596,14381.0596,271000000,yahoo
HANGSENG,2005-10-28,14282.0898,14295.8896,14189.4697,14215.8301,14215.8301,382700000,yahoo
HANGSENG,2005-10-31,14313.4199,14393.2803,14255.9297,14386.3701,14386.3701,268500000,yahoo
HANGSENG,2005-11-01,14485.3496,14591.4199,14470.5801,14572.2598,14572.2598,395000000,yahoo
HANGSENG,2005-11-02,14583.0898,14604.5,14544.6504,14597.4805,14597.4805,270300000,yahoo
HANGSENG,2005-11-03,14626.6104,14649.8604,14546.8799,14601.5898,14601.5898,264700000,yahoo
HANGSENG,2005-11-04,14660.3398,14668.5303,14536.2803,14585.79,14585.79,254600000,yahoo
HANGSENG,2005-11-07,14498.8398,14503.4697,14353.9004,14365.79,14365.79,310800000,yahoo
HANGSENG,2005-11-08,14420.5498,14435.2402,14317.5098,14403.2002,14403.2002,259500000,yahoo
HANGSENG,2005-11-09,14440.6104,14626.5996,14417.4697,14597.5498,14597.5498,329400000,yahoo
HANGSENG,2005-11-10,14586.0098,14642.8496,14567.5498,14633.3301,14633.3301,251800000,yahoo
HANGSENG,2005-11-11,14668.2305,14808.4697,14655.7305,14740.5996,14740.5996,322700000,yahoo
HANGSENG,2005-11-14,14760.4004,14772.9297,14541.9902,14629.4902,14629.4902,273000000,yahoo
HANGSENG,2005-11-15,14573.5195,14671.0195,14518.75,14627.4102,14627.4102,254900000,yahoo
HANGSENG,2005-11-16,14632.4004,14683.9902,14603.7002,14650.54,14650.54,217700000,yahoo
HANGSENG,2005-11-17,14672.7998,14788.6201,14620.4199,14787.9805,14787.9805,331400000,yahoo
HANGSENG,2005-11-18,14915,14924.6201,14865.8096,14883.3203,14883.3203,381000000,yahoo
HANGSENG,2005-11-21,14939.7002,14942.0703,14843.8701,14885.5703,14885.5703,242600000,yahoo
HANGSENG,2005-11-22,14881.9199,14897.7998,14806.96,14885.6504,14885.6504,197100000,yahoo
HANGSENG,2005-11-23,14961.9297,15071.2305,14925.7197,15062.3496,15062.3496,393800000,yahoo
HANGSENG,2005-11-24,15111.0303,15117.8799,15042.2998,15084.3896,15084.3896,262100000,yahoo
HANGSENG,2005-11-25,15053.9199,15100.9404,15027.7598,15081.4697,15081.4697,231700000,yahoo
HANGSENG,2005-11-28,15099.6299,15133.8799,15073.5498,15100,15100,183600000,yahoo
HANGSENG,2005-11-29,15058.9902,15062.0195,14958.7803,15028.7598,15028.7598,226500000,yahoo
HANGSENG,2005-11-30,15028.7402,15072.8398,14936.9004,14937.1396,14937.1396,304300000,yahoo
HANGSENG,2005-12-01,14881.2197,15068.0303,14866.0996,15068.0303,15068.0303,412200000,yahoo
HANGSENG,2005-12-02,15178.0996,15232.3203,15129.29,15200.3799,15200.3799,377900000,yahoo
HANGSENG,2005-12-05,15208.8604,15208.8604,15145.1504,15158.8203,15158.8203,222800000,yahoo
HANGSENG,2005-12-06,15156.8398,15161.8799,14967.7803,14990.6104,14990.6104,376200000,yahoo
HANGSENG,2005-12-07,15026.9199,15134.9502,14960.2197,15134.9502,15134.9502,335200000,yahoo
HANGSENG,2005-12-08,15095.1797,15095.1797,14860.54,14879.1602,14879.1602,348500000,yahoo
HANGSENG,2005-12-09,14905.5703,14953.3398,14870.96,14910.5098,14910.5098,232200000,yahoo
HANGSENG,2005-12-12,14991.6201,15079.96,14972.0596,14984.4004,14984.4004,199300000,yahoo
HANGSENG,2005-12-13,14981.2305,14995.6299,14863.8398,14942.6201,14942.6201,330100000,yahoo
HANGSENG,2005-12-14,14981.4502,14981.4502,14867.7197,14976.2598,14976.2598,278900000,yahoo
HANGSENG,2005-12-15,15039.6299,15078.9199,15025.54,15059.0195,15059.0195,318900000,yahoo
HANGSENG,2005-12-16,15077.9805,15078.3701,14967.7803,15029.8096,15029.8096,306400000,yahoo
HANGSENG,2005-12-19,15044.9004,15200.1104,15044.9004,15182.8896,15182.8896,310400000,yahoo
HANGSENG,2005-12-20,15172.1299,15200.7002,15128.5898,15169.1699,15169.1699,251000000,yahoo
HANGSENG,2005-12-21,15219.2695,15272.7197,15210.9297,15221.4199,15221.4199,243300000,yahoo
HANGSENG,2005-12-22,15251.0996,15252.4502,15170.9199,15182.5303,15182.5303,243700000,yahoo
HANGSENG,2005-12-23,15208.8398,15226.0303,15182.6396,15183.5801,15183.5801,164200000,yahoo
HANGSENG,2005-12-28,15076.9404,15173.4805,15049.4102,15101.54,15101.54,215900000,yahoo
HANGSENG,2005-12-29,15146.5498,15151.3203,15028.2803,15045.5898,15045.5898,266300000,yahoo
HANGSENG,2005-12-30,14959.4199,14972.2002,14811.6396,14876.4297,14876.4297,448900000,yahoo
NASDAQ,2005-01-03,2184.75,2191.6001,2148.72,2152.1499,2152.1499,2193130000,yahoo
NASDAQ,2005-01-04,2158.3101,2159.6399,2100.5601,2107.8601,2107.8601,2690460000,yahoo
NASDAQ,2005-01-05,2102.8999,2116.75,2091.24,2091.24,2091.24,2375380000,yahoo
NASDAQ,2005-01-06,2098.51,2103.8999,2088.03,2090,2090,2174220000,yahoo
NASDAQ,2005-01-07,2099.95,2103.3899,2076.6899,2088.6101,2088.6101,2191910000,yahoo
NASDAQ,2005-01-10,2087.6201,2111.4299,2086.6599,2097.04,2097.04,2098270000,yahoo
NASDAQ,2005-01-11,2089.0701,2090.6201,2072.6201,2079.6201,2079.6201,2210240000,yahoo
NASDAQ,2005-01-12,2089.7,2093.4399,2066.79,2092.53,2092.53,2257670000,yahoo
NASDAQ,2005-01-13,2093.54,2094.8,2067.9399,2070.5601,2070.5601,2111610000,yahoo
NASDAQ,2005-01-14,2079.47,2088.5801,2075.47,2087.9099,2087.9099,2084860000,yahoo
NASDAQ,2005-01-18,2081.8601,2106.1899,2078.04,2106.04,2106.04,1983840000,yahoo
NASDAQ,2005-01-19,2105.74,2105.8401,2072.2,2073.5901,2073.5901,2217700000,yahoo
NASDAQ,2005-01-20,2056.3799,2065.5901,2045.88,2045.88,2045.88,2231360000,yahoo
NASDAQ,2005-01-21,2053.1499,2058,2032.88,2034.27,2034.27,2043770000,yahoo
NASDAQ,2005-01-24,2040.13,2043.97,2008.6801,2008.7,2008.7,2134680000,yahoo
NASDAQ,2005-01-25,2022.08,2037.1801,2017.58,2019.95,2019.95,2003630000,yahoo
NASDAQ,2005-01-26,2034.6899,2049.3401,2028.1899,2046.09,2046.09,2105070000,yahoo
NASDAQ,2005-01-27,2042.77,2053.9399,2036.09,2047.15,2047.15,2106220000,yahoo
NASDAQ,2005-01-28,2052.54,2055.1299,2024.36,2035.83,2035.83,2098150000,yahoo
NASDAQ,2005-01-31,2053.47,2063.1799,2053.47,2062.4099,2062.4099,1823800000,yahoo
NASDAQ,2005-02-01,2063.27,2071.52,2058.6599,2068.7,2068.7,1904570000,yahoo
NASDAQ,2005-02-02,2074.0601,2079.5801,2064.2,2075.0601,2075.0601,1965550000,yahoo
NASDAQ,2005-02-03,2065.4399,2066.9299,2049.25,2057.6399,2057.6399,1962750000,yahoo
NASDAQ,2005-02-04,2056.47,2086.72,2056.29,2086.6599,2086.6599,1941510000,yahoo
NASDAQ,2005-02-07,2086.55,2091.1699,2075.4099,2082.03,2082.03,1698460000,yahoo
NASDAQ,2005-02-08,2082.1101,2095.6399,2080.4199,2086.6799,2086.6799,1943560000,yahoo
NASDAQ,2005-02-09,2088.52,2089.3799,2051,2052.55,2052.55,1958810000,yahoo
NASDAQ,2005-02-10,2058.53,2059.6499,2040.04,2053.1001,2053.1001,2085500000,yahoo
NASDAQ,2005-02-11,2048.96,2081.48,2039.72,2076.6599,2076.6599,2163630000,yahoo
NASDAQ,2005-02-14,2076.75,2085.1201,2074.8101,2082.9099,2082.9099,1639640000,yahoo
NASDAQ,2005-02-15,2083.6399,2103.45,2081.46,2089.21,2089.21,2071590000,yahoo
NASDAQ,2005-02-16,2082.46,2093.3701,2079.3701,2087.4299,2087.4299,1865070000,yahoo
NASDAQ,2005-02-17,2088.6699,2093.6799,2061.3401,2061.3401,2061.3401,1950460000,yahoo
NASDAQ,2005-02-18,2065.1499,2068.8899,2056.2,2058.6201,2058.6201,1614160000,yahoo
NASDAQ,2005-02-22,2046.1801,2064.6699,2030.17,2030.3199,2030.3199,2056220000,yahoo
NASDAQ,2005-02-23,2039.55,2040.84,2024.64,2031.25,2031.25,1878450000,yahoo
NASDAQ,2005-02-24,2028.4301,2051.8101,2023,2051.7,2051.7,2031880000,yahoo
NASDAQ,2005-02-25,2050.49,2065.3999,2047.23,2065.3999,2065.3999,1771200000,yahoo
NASDAQ,2005-02-28,2058.28,2066.53,2038.77,2051.72,2051.72,2130140000,yahoo
NASDAQ,2005-03-01,2057.47,2073.74,2057.1899,2071.25,2071.25,1941180000,yahoo
NASDAQ,2005-03-02,2060.3,2084.1499,2057.22,2067.5,2067.5,2004470000,yahoo
NASDAQ,2005-03-03,2073.3301,2074.71,2047.92,2058.3999,2058.3999,1895880000,yahoo
NASDAQ,2005-03-04,2071.1499,2078.1399,2064.9299,2070.6101,2070.6101,1829190000,yahoo
NASDAQ,2005-03-07,2073.8999,2100.5701,2073.8201,2090.21,2090.21,1949190000,yahoo
NASDAQ,2005-03-08,2087.1101,2095.74,2072.5901,2073.55,2073.55,1696700000,yahoo
NASDAQ,2005-03-09,2070.8501,2079.3701,2060.23,2061.29,2061.29,1895520000,yahoo
NASDAQ,2005-03-10,2065.0901,2067.21,2042.02,2059.72,2059.72,1825790000,yahoo
NASDAQ,2005-03-11,2063.5601,2069.3999,2036.41,2041.6,2041.6,1792090000,yahoo
NASDAQ,2005-03-14,2043.64,2051.04,2037.41,2051.04,2051.04,1707720000,yahoo
NASDAQ,2005-03-15,2057.1699,2059.0701,2034.41,2034.98,2034.98,1838790000,yahoo
NASDAQ,2005-03-16,2028.29,2037.96,2011.67,2015.75,2015.75,1969690000,yahoo
NASDAQ,2005-03-17,2016.91,2023.67,2010.52,2016.42,2016.42,1745120000,yahoo
NASDAQ,2005-03-18,2018.41,2020.4,1999.98,2007.79,2007.79,2106980000,yahoo
NASDAQ,2005-03-21,2008.16,2011.39,1993.76,2007.51,2007.51,1611000000,yahoo
NASDAQ,2005-03-22,2007.72,2017.66,1988.86,1989.34,1989.34,1805950000,yahoo
NASDAQ,2005-03-23,1985.49,1999.4301,1985.22,1990.22,1990.22,1741150000,yahoo
NASDAQ,2005-03-24,1997.48,2008.63,1991.0601,1991.0601,1991.0601,1697930000,yahoo
NASDAQ,2005-03-28,1998.76,2005.49,1992.52,1992.52,1992.52,1487620000,yahoo
NASDAQ,2005-03-29,1990.27,2002.65,1968.58,1973.88,1973.88,1797840000,yahoo
NASDAQ,2005-03-30,1980.0699,2005.67,1980.0699,2005.67,2005.67,1753610000,yahoo
NASDAQ,2005-03-31,2005.71,2006.62,1994.8,1999.23,1999.23,1686970000,yahoo
NASDAQ,2005-04-01,2009.09,2014.73,1982.1899,1984.8101,1984.8101,1869690000,yahoo
NASDAQ,2005-04-04,1983.8101,1995.8,1972.0699,1991.0699,1991.0699,1589310000,yahoo
NASDAQ,2005-04-05,1994.38,2002.35,1991.88,1999.3199,1999.3199,1647510000,yahoo
NASDAQ,2005-04-06,2004.25,2017.08,1996.91,1999.14,1999.14,1746400000,yahoo
NASDAQ,2005-04-07,1999.61,2018.79,1998.14,2018.79,2018.79,1714270000,yahoo
NASDAQ,2005-04-08,2018.42,2021.8199,1999.33,1999.35,1999.35,1516340000,yahoo
NASDAQ,2005-04-11,2004.16,2006.24,1991.21,1992.12,1992.12,1382490000,yahoo
NASDAQ,2005-04-12,1988.33,2007.24,1970.01,2005.4,2005.4,1931870000,yahoo
NASDAQ,2005-04-13,2000.46,2001.3,1972.1,1974.37,1974.37,1705450000,yahoo
NASDAQ,2005-04-14,1974.1801,1975.42,1946.58,1946.71,1946.71,1930060000,yahoo
NASDAQ,2005-04-15,1932.96,1940.15,1906.71,1908.15,1908.15,2314620000,yahoo
NASDAQ,2005-04-18,1906.4301,1921.6899,1904.27,1912.92,1912.92,1840360000,yahoo
NASDAQ,2005-04-19,1922.8199,1933.21,1918.15,1932.36,1932.36,1792830000,yahoo
NASDAQ,2005-04-20,1944.64,1945.6,1912.35,1913.76,1913.76,2004950000,yahoo
NASDAQ,2005-04-21,1931.85,1962.41,1928.52,1962.41,1962.41,1951490000,yahoo
NASDAQ,2005-04-22,1953.58,1953.77,1921.38,1932.1899,1932.1899,1802730000,yahoo
NASDAQ,2005-04-25,1942.02,1954.87,1938.45,1950.78,1950.78,1442420000,yahoo
NASDAQ,2005-04-26,1943.75,1958.58,1927.4399,1927.4399,1927.4399,1670040000,yahoo
NASDAQ,2005-04-27,1919.42,1937.15,1913.14,1930.4301,1930.4301,1764210000,yahoo
NASDAQ,2005-04-28,1922.03,1927.3101,1904.08,1904.1801,1904.1801,1861340000,yahoo
NASDAQ,2005-04-29,1917.64,1921.77,1889.83,1921.65,1921.65,2039550000,yahoo
NASDAQ,2005-05-02,1923.23,1933.42,1916.03,1928.65,1928.65,1547750000,yahoo
NASDAQ,2005-05-03,1924.78,1944.53,1924.78,1933.0699,1933.0699,1868140000,yahoo
NASDAQ,2005-05-04,1937.79,1963.26,1935.24,1962.23,1962.23,1877820000,yahoo
NASDAQ,2005-05-05,1960.38,1969.29,1951.49,1961.8,1961.8,1719880000,yahoo
NASDAQ,2005-05-06,1972.66,1973.5,1960.76,1967.35,1967.35,1511120000,yahoo
NASDAQ,2005-05-09,1967.74,1979.67,1960.27,1979.67,1979.67,1441010000,yahoo
NASDAQ,2005-05-10,1968.08,1971.25,1957.29,1962.77,1962.77,1595520000,yahoo
NASDAQ,2005-05-11,1966.0601,1972.52,1943.89,1971.55,1971.55,1716160000,yahoo
NASDAQ,2005-05-12,1970.8,1982.2,1956.45,1963.88,1963.88,1783430000,yahoo
NASDAQ,2005-05-13,1978.28,1990,1964.77,1976.78,1976.78,1878980000,yahoo
NASDAQ,2005-05-16,1976.38,1994.47,1973.67,1994.4301,1994.4301,1390290000,yahoo
NASDAQ,2005-05-17,1986.16,2004.15,1980.9399,2004.15,2004.15,1520510000,yahoo
NASDAQ,2005-05-18,2008.63,2034.3,2007.2,2030.65,2030.65,1957880000,yahoo
NASDAQ,2005-05-19,2032.09,2042.6801,2030.05,2042.58,2042.58,1700580000,yahoo
NASDAQ,2005-05-20,2040.63,2046.42,2033.35,2046.42,2046.42,1492720000,yahoo
NASDAQ,2005-05-23,2045.6899,2062.95,2045.6899,2056.6499,2056.6499,1620130000,yahoo
NASDAQ,2005-05-24,2052.28,2062.52,2049.77,2061.6201,2061.6201,1695940000,yahoo
NASDAQ,2005-05-25,2055.78,2055.78,2041.95,2050.1201,2050.1201,1493000000,yahoo
NASDAQ,2005-05-26,2057.99,2072.54,2057.8,2071.24,2071.24,1596460000,yahoo
NASDAQ,2005-05-27,2068.53,2076.8,2064.99,2075.73,2075.73,1237350000,yahoo
NASDAQ,2005-05-31,2073.9199,2076.01,2065.02,2068.22,2068.22,1578740000,yahoo
NASDAQ,2005-06-01,2067.23,2095.54,2067.23,2087.8601,2087.8601,1779710000,yahoo
NASDAQ,2005-06-02,2081.6899,2097.8,2081.6899,2097.8,2097.8,1746620000,yahoo
NASDAQ,2005-06-03,2094.1799,2095.99,2069.1699,2071.4299,2071.4299,1637900000,yahoo
NASDAQ,2005-06-06,2072.3601,2078.6101,2066.3601,2075.76,2075.76,1477150000,yahoo
NASDAQ,2005-06-07,2079.0601,2095.96,2067.1399,2067.1599,2067.1599,1846530000,yahoo
NASDAQ,2005-06-08,2073.21,2074.6101,2057.5801,2060.1799,2060.1799,1602540000,yahoo
NASDAQ,2005-06-09,2059.5801,2077.47,2052.96,2076.9099,2076.9099,1666670000,yahoo
NASDAQ,2005-06-10,2076.25,2076.25,2055.9399,2063,2063,1449380000,yahoo
NASDAQ,2005-06-13,2059.96,2078.26,2058.72,2068.96,2068.96,1432130000,yahoo
NASDAQ,2005-06-14,2068.04,2074.78,2064.0801,2069.04,2069.04,1405850000,yahoo
NASDAQ,2005-06-15,2076.73,2079.1299,2053.3899,2074.9199,2074.9199,1672670000,yahoo
NASDAQ,2005-06-16,2076.27,2089.51,2073.29,2089.1499,2089.1499,1793020000,yahoo
NASDAQ,2005-06-17,2098.3301,2098.53,2085.24,2090.1101,2090.1101,1993280000,yahoo
NASDAQ,2005-06-20,2081.05,2096.77,2076.4199,2088.1299,2088.1299,1408110000,yahoo
NASDAQ,2005-06-21,2087.6299,2095.6899,2083.5901,2091.0701,2091.0701,1557480000,yahoo
NASDAQ,2005-06-22,2097.05,2102.75,2083.76,2092.03,2092.03,1668440000,yahoo
NASDAQ,2005-06-23,2093.9099,2106.5701,2070.5701,2070.6599,2070.6599,2009480000,yahoo
NASDAQ,2005-06-24,2070.3301,2071.52,2050.76,2053.27,2053.27,2151000000,yahoo
NASDAQ,2005-06-27,2050.3,2054.47,2039.6899,2045.2,2045.2,1448300000,yahoo
NASDAQ,2005-06-28,2051.77,2072.5801,2050.98,2069.8899,2069.8899,1584200000,yahoo
NASDAQ,2005-06-29,2074.4399,2076.02,2066.45,2068.8899,2068.8899,1640360000,yahoo
NASDAQ,2005-06-30,2072.05,2076.1599,2056.24,2056.96,2056.96,1731500000,yahoo
NASDAQ,2005-07-01,2060.97,2064.8101,2053.0601,2057.3701,2057.3701,1176200000,yahoo
NASDAQ,2005-07-05,2052.1001,2079.6001,2052.1001,2078.75,2078.75,1440300000,yahoo
NASDAQ,2005-07-06,2076.8999,2084.76,2068.4199,2068.6499,2068.6499,1592080000,yahoo
NASDAQ,2005-07-07,2050.71,2076.4299,2050.3,2075.6599,2075.6599,1617860000,yahoo
NASDAQ,2005-07-08,2077.8999,2113.9099,2076.53,2112.8799,2112.8799,1685280000,yahoo
NASDAQ,2005-07-11,2115.98,2135.6899,2115.5701,2135.4299,2135.4299,1770800000,yahoo
NASDAQ,2005-07-12,2132.51,2149.78,2128.8201,2143.1499,2143.1499,1657520000,yahoo
NASDAQ,2005-07-13,2142.6001,2146.5601,2136.3701,2144.1101,2144.1101,1540000000,yahoo
NASDAQ,2005-07-14,2156.5601,2164.1799,2148.6101,2152.8201,2152.8201,1872310000,yahoo
NASDAQ,2005-07-15,2152.7,2160.6399,2145.1799,2156.78,2156.78,1534960000,yahoo
NASDAQ,2005-07-18,2151.8401,2153.52,2144.78,2144.8701,2144.8701,1307270000,yahoo
NASDAQ,2005-07-19,2156.77,2173.8701,2154.3601,2173.1799,2173.1799,1632670000,yahoo
NASDAQ,2005-07-20,2158.97,2191.0901,2158.0901,2188.5701,2188.5701,1957070000,yahoo
NASDAQ,2005-07-21,2191.77,2193.1899,2171.98,2178.6001,2178.6001,2034880000,yahoo
NASDAQ,2005-07-22,2176.1399,2182.6399,2165.4399,2179.74,2179.74,1660360000,yahoo
NASDAQ,2005-07-25,2179.04,2186.46,2165.9299,2166.74,2166.74,1523020000,yahoo
NASDAQ,2005-07-26,2170.6001,2181.1399,2167.0901,2175.99,2175.99,1651840000,yahoo
NASDAQ,2005-07-27,2178.73,2187.1499,2167.8799,2186.22,2186.22,1750070000,yahoo
NASDAQ,2005-07-28,2188.29,2198.52,2183.27,2198.4399,2198.4399,1683870000,yahoo
NASDAQ,2005-07-29,2195.47,2201.3899,2184.4299,2184.8301,2184.8301,1613950000,yahoo
NASDAQ,2005-08-01,2191.49,2201.8701,2189.0801,2195.3799,2195.3799,1492680000,yahoo
NASDAQ,2005-08-02,2197.79,2219,2197.79,2218.1499,2218.1499,1735020000,yahoo
NASDAQ,2005-08-03,2211.0901,2219.9099,2209.3999,2216.8101,2216.8101,1752440000,yahoo
NASDAQ,2005-08-04,2208.3301,2209.3701,2190.3,2191.3201,2191.3201,1591380000,yahoo
NASDAQ,2005-08-05,2189.4199,2195.1001,2175.9099,2177.9099,2177.9099,1471740000,yahoo
NASDAQ,2005-08-08,2182.99,2185.5601,2163.5,2164.3899,2164.3899,1431010000,yahoo
NASDAQ,2005-08-09,2170.4399,2181.27,2167.8799,2174.1899,2174.1899,1460470000,yahoo
NASDAQ,2005-08-10,2178.0701,2185.9099,2152.8201,2157.8101,2157.8101,1817680000,yahoo
NASDAQ,2005-08-11,2158.3,2174.55,2156.97,2174.55,2174.55,1582090000,yahoo
NASDAQ,2005-08-12,2158.9399,2161.0701,2144.6001,2156.8999,2156.8999,1551410000,yahoo
NASDAQ,2005-08-15,2153.71,2173.6599,2147.8501,2167.04,2167.04,1380460000,yahoo
NASDAQ,2005-08-16,2160.97,2161.46,2136.49,2137.0601,2137.0601,1540320000,yahoo
NASDAQ,2005-08-17,2139.3601,2153.04,2137.1799,2145.1499,2145.1499,1518010000,yahoo
NASDAQ,2005-08-18,2139.3999,2146.49,2133.0801,2136.0801,2136.0801,1391780000,yahoo
NASDAQ,2005-08-19,2138.74,2143.9199,2134.99,2135.5601,2135.5601,1205270000,yahoo
NASDAQ,2005-08-22,2140.95,2151.8401,2129.46,2141.4099,2141.4099,1351650000,yahoo
NASDAQ,2005-08-23,2142.29,2145.71,2131.02,2137.25,2137.25,1341270000,yahoo
NASDAQ,2005-08-24,2133.1699,2156.1299,2127.3,2128.9099,2128.9099,1718580000,yahoo
NASDAQ,2005-08-25,2131.3,2138.46,2129.46,2134.3701,2134.3701,1307580000,yahoo
NASDAQ,2005-08-26,2132.97,2133.1699,2118.04,2120.77,2120.77,1261130000,yahoo
NASDAQ,2005-08-29,2112.4399,2139.3999,2112.25,2137.6499,2137.6499,1268560000,yahoo
NASDAQ,2005-08-30,2130.8799,2132.21,2118.27,2129.76,2129.76,1436400000,yahoo
NASDAQ,2005-08-31,2130.8101,2152.0901,2124.0801,2152.0901,2152.0901,1631780000,yahoo
NASDAQ,2005-09-01,2150.03,2157.3201,2142.3201,2147.8999,2147.8999,1623320000,yahoo
NASDAQ,2005-09-02,2150.52,2152.22,2139.28,2141.0701,2141.0701,1130450000,yahoo
NASDAQ,2005-09-06,2147.3101,2167.1001,2147.3101,2166.8601,2166.8601,1403190000,yahoo
NASDAQ,2005-09-07,2164.1399,2172.3899,2158.6101,2172.03,2172.03,1480820000,yahoo
NASDAQ,2005-09-08,2165.72,2173.8501,2161.29,2166.03,2166.03,1578070000,yahoo
NASDAQ,2005-09-09,2168.8999,2177.23,2164.4099,2175.51,2175.51,1617540000,yahoo
NASDAQ,2005-09-12,2176.47,2186.8301,2175.23,2182.8301,2182.8301,1723540000,yahoo
NASDAQ,2005-09-13,2177.95,2185.8899,2167.8301,2171.75,2171.75,1724570000,yahoo
NASDAQ,2005-09-14,2173.6201,2174.01,2149.1899,2149.3301,2149.3301,1698250000,yahoo
NASDAQ,2005-09-15,2153.75,2155.75,2142.73,2146.1499,2146.1499,1744660000,yahoo
NASDAQ,2005-09-16,2153.75,2160.8301,2146.79,2160.3501,2160.3501,2269030000,yahoo
NASDAQ,2005-09-19,2157.3701,2159.49,2139.8899,2145.26,2145.26,1604140000,yahoo
NASDAQ,2005-09-20,2149.4399,2162.1399,2127.48,2131.3301,2131.3301,1845670000,yahoo
NASDAQ,2005-09-21,2129.6499,2129.96,2106.6399,2106.6399,2106.6399,1772370000,yahoo
NASDAQ,2005-09-22,2104.3899,2114.5901,2093.0601,2110.78,2110.78,1692930000,yahoo
NASDAQ,2005-09-23,2105.3701,2121.05,2099.95,2116.8401,2116.8401,1604120000,yahoo
NASDAQ,2005-09-26,2127.8999,2132.6001,2112.27,2121.46,2121.46,1502410000,yahoo
NASDAQ,2005-09-27,2123.6499,2125.8999,2109.05,2116.4199,2116.4199,1658660000,yahoo
NASDAQ,2005-09-28,2122.1899,2127.49,2109.75,2115.3999,2115.3999,1703850000,yahoo
NASDAQ,2005-09-29,2114.97,2141.4299,2107.7,2141.22,2141.22,1801520000,yahoo
NASDAQ,2005-09-30,2140.1699,2151.6899,2138.23,2151.6899,2151.6899,1610970000,yahoo
NASDAQ,2005-10-03,2152.7,2162.79,2152.5901,2155.4299,2155.4299,1794420000,yahoo
NASDAQ,2005-10-04,2156.26,2167,2139,2139.3601,2139.3601,2005300000,yahoo
NASDAQ,2005-10-05,2139.1599,2139.6001,2103.02,2103.02,2103.02,1923900000,yahoo
NASDAQ,2005-10-06,2104.9199,2110.8301,2069.04,2084.0801,2084.0801,2107360000,yahoo
NASDAQ,2005-10-07,2091.1201,2097.4199,2082.4399,2090.3501,2090.3501,1444780000,yahoo
NASDAQ,2005-10-10,2091.6799,2093.23,2078.1101,2078.9199,2078.9199,1379210000,yahoo
NASDAQ,2005-10-11,2084.3799,2085.6101,2058.1899,2061.0901,2061.0901,1851960000,yahoo
NASDAQ,2005-10-12,2055.4399,2064.6599,2032.79,2037.47,2037.47,2014750000,yahoo
NASDAQ,2005-10-13,2033.86,2051.23,2025.58,2047.22,2047.22,1777590000,yahoo
NASDAQ,2005-10-14,2054.5,2064.95,2042.54,2064.8301,2064.8301,1555430000,yahoo
NASDAQ,2005-10-17,2065.54,2071.25,2054.1899,2070.3,2070.3,1266030000,yahoo
NASDAQ,2005-10-18,2069.3201,2072.5,2055.96,2056,2056,1460730000,yahoo
NASDAQ,2005-10-19,2048.6599,2091.24,2042.03,2091.24,2091.24,1893300000,yahoo
NASDAQ,2005-10-20,2088.04,2096.4299,2058.52,2068.1101,2068.1101,1797930000,yahoo
NASDAQ,2005-10-21,2083.8401,2091.4399,2074.2,2082.21,2082.21,1770700000,yahoo
NASDAQ,2005-10-24,2089.51,2115.8799,2083.98,2115.8301,2115.8301,1551470000,yahoo
NASDAQ,2005-10-25,2109.55,2116.4199,2094.79,2109.45,2109.45,1599120000,yahoo
NASDAQ,2005-10-26,2104.02,2121.3601,2098.1499,2100.05,2100.05,1832000000,yahoo
NASDAQ,2005-10-27,2095.8501,2098.04,2063.8101,2063.8101,2063.8101,1718600000,yahoo
NASDAQ,2005-10-28,2073.8501,2089.8799,2064.9199,2089.8799,2089.8799,1886560000,yahoo
NASDAQ,2005-10-31,2094.3701,2125.73,2094.3701,2120.3,2120.3,1869760000,yahoo
NASDAQ,2005-11-01,2109.8899,2121.25,2108.8601,2114.05,2114.05,1903230000,yahoo
NASDAQ,2005-11-02,2110.95,2144.5601,2110.8701,2144.3101,2144.3101,2173290000,yahoo
NASDAQ,2005-11-03,2157.3,2169.98,2153.2,2160.22,2160.22,2346250000,yahoo
NASDAQ,2005-11-04,2165.1001,2172.6799,2156.6001,2169.4299,2169.4299,1699610000,yahoo
NASDAQ,2005-11-07,2174.25,2182.0901,2165.8201,2178.24,2178.24,1621120000,yahoo
NASDAQ,2005-11-08,2172.3701,2180.79,2166.25,2172.0701,2172.0701,1599370000,yahoo
NASDAQ,2005-11-09,2171.23,2182.8999,2166.1599,2175.8101,2175.8101,1594180000,yahoo
NASDAQ,2005-11-10,2175.02,2196.75,2162.6499,2196.6799,2196.6799,1938030000,yahoo
NASDAQ,2005-11-11,2198.26,2205.3601,2198.26,2202.47,2202.47,1454900000,yahoo
NASDAQ,2005-11-14,2203.79,2206.8799,2197.1201,2200.95,2200.95,1385360000,yahoo
NASDAQ,2005-11-15,2199.3899,2204.6899,2181.9199,2186.74,2186.74,1684810000,yahoo
NASDAQ,2005-11-16,2189.46,2191.1899,2176.54,2187.9299,2187.9299,1721760000,yahoo
NASDAQ,2005-11-17,2195.48,2220.46,2194.6599,2220.46,2220.46,1809860000,yahoo
NASDAQ,2005-11-18,2232.3601,2234.3,2218.8101,2227.0701,2227.0701,1993850000,yahoo
NASDAQ,2005-11-21,2226.6201,2242.3,2219.25,2241.6699,2241.6699,1661890000,yahoo
NASDAQ,2005-11-22,2235.3,2257.77,2232.74,2253.5601,2253.5601,1856560000,yahoo
NASDAQ,2005-11-23,2251.3701,2269.3,2250.3999,2259.98,2259.98,1585710000,yahoo
NASDAQ,2005-11-25,2262.4299,2264.1299,2256.45,2263.01,2263.01,635420000,yahoo
NASDAQ,2005-11-28,2263.55,2264.0601,2239.3401,2239.3701,2239.3701,1559380000,yahoo
NASDAQ,2005-11-29,2247.7,2253.25,2232.54,2232.71,2232.71,1753540000,yahoo
NASDAQ,2005-11-30,2232.5,2243.4099,2230.1899,2232.8201,2232.8201,1876080000,yahoo
NASDAQ,2005-12-01,2244.8501,2269.3899,2244.71,2267.1699,2267.1699,2010420000,yahoo
NASDAQ,2005-12-02,2266.1699,2273.6101,2261.1299,2273.3701,2273.3701,1758510000,yahoo
NASDAQ,2005-12-05,2269.0701,2269.48,2250.8401,2257.6399,2257.6399,1659920000,yahoo
NASDAQ,2005-12-06,2267.76,2278.1599,2259.3701,2260.76,2260.76,1788200000,yahoo
NASDAQ,2005-12-07,2263.29,2264.9099,2244.6201,2252.01,2252.01,1733530000,yahoo
NASDAQ,2005-12-08,2254.8,2261.6101,2233.74,2246.46,2246.46,1908360000,yahoo
NASDAQ,2005-12-09,2247.28,2258.6699,2241.03,2256.73,2256.73,1658570000,yahoo
NASDAQ,2005-12-12,2263.97,2266.1399,2253.4399,2260.95,2260.95,1679280000,yahoo
NASDAQ,2005-12-13,2256.6001,2271.8501,2254.9199,2265,2265,1873980000,yahoo
NASDAQ,2005-12-14,2261.9399,2270.4399,2254.4399,2262.5901,2262.5901,1676210000,yahoo
NASDAQ,2005-12-15,2266.05,2267.55,2247.3201,2260.6299,2260.6299,1804630000,yahoo
NASDAQ,2005-12-16,2262.0801,2263.8899,2251.6699,2252.48,2252.48,2294480000,yahoo
NASDAQ,2005-12-19,2254.6399,2256.03,2221.79,2222.74,2222.74,1745530000,yahoo
NASDAQ,2005-12-20,2223.5601,2231.02,2213.52,2222.4199,2222.4199,1702920000,yahoo
NASDAQ,2005-12-21,2227.53,2241.9399,2225.1899,2231.6599,2231.6599,1630030000,yahoo
NASDAQ,2005-12-22,2233.79,2247.0901,2232.5701,2246.49,2246.49,1498880000,yahoo
NASDAQ,2005-12-23,2249.4099,2254.71,2245.5801,2249.4199,2249.4199,978370000,yahoo
NASDAQ,2005-12-27,2253.05,2259.6799,2226.6201,2226.8899,2226.8899,1250500000,yahoo
NASDAQ,2005-12-28,2230.3601,2233.54,2221.4099,2228.9399,2228.9399,1221540000,yahoo
NASDAQ,2005-12-29,2229.6001,2232.8899,2216.98,2218.1599,2218.1599,1185350000,yahoo
NASDAQ,2005-12-30,2209.03,2209.97,2200.51,2205.3201,2205.3201,1284050000,yahoo
NIKKEI,2005-01-04,11458.2695,11547.0195,11431.5703,11517.75,11517.75,41000000,yahoo
NIKKEI,2005-01-05,11458.9199,11461.0996,11416.9697,11437.5195,11437.5195,77500000,yahoo
NIKKEI,2005-01-06,11372.3496,11492.2598,11372.21,11492.2598,11492.2598,87100000,yahoo
NIKKEI,2005-01-07,11528.6904,11528.6904,11432.1904,11433.2402,11433.2402,72300000,yahoo
NIKKEI,2005-01-11,11495.46,11580.6904,11495.46,11539.9902,11539.9902,87800000,yahoo
NIKKEI,2005-01-12,11537.5996,11548.8896,11449.4902,11453.3896,11453.3896,85000000,yahoo
NIKKEI,2005-01-13,11398.9404,11424.6797,11355.0498,11358.2197,11358.2197,69400000,yahoo
NIKKEI,2005-01-14,11341.7998,11491.1797,11320.4902,11438.3896,11438.3896,111300000,yahoo
NIKKEI,2005-01-17,11475.2002,11535.8604,11453.8604,11487.0996,11487.0996,100500000,yahoo
NIKKEI,2005-01-18,11504.1602,11509.4004,11401.3203,11423.2598,11423.2598,106500000,yahoo
NIKKEI,2005-01-19,11467.7402,11486.9297,11396.4297,11405.3398,11405.3398,89600000,yahoo
NIKKEI,2005-01-20,11335.1201,11335.1201,11259.2695,11284.7695,11284.7695,86300000,yahoo
NIKKEI,2005-01-21,11226.0703,11290.1396,11222.2402,11238.3701,11238.3701,74600000,yahoo
NIKKEI,2005-01-24,11213.0303,11303.21,11212.6299,11289.4902,11289.4902,75500000,yahoo
NIKKEI,2005-01-25,11261.6201,11276.9102,11214.5996,11276.9102,11276.9102,81600000,yahoo
NIKKEI,2005-01-26,11346.8096,11379.5703,11329.4199,11376.5703,11376.5703,108300000,yahoo
NIKKEI,2005-01-27,11390.0898,11390.0898,11316.2998,11341.3096,11341.3096,85900000,yahoo
NIKKEI,2005-01-28,11334.4102,11340.2803,11218.8799,11320.5801,11320.5801,87800000,yahoo
NIKKEI,2005-01-31,11296.9902,11467.5,11266.0898,11387.5898,11387.5898,88200000,yahoo
NIKKEI,2005-02-01,11422.0195,11422.0195,11330.0596,11384.4004,11384.4004,103900000,yahoo
NIKKEI,2005-02-02,11432.3398,11447.2803,11399.6201,11407.1396,11407.1396,103900000,yahoo
NIKKEI,2005-02-03,11430.9004,11444.1797,11344.4102,11389.3496,11389.3496,102800000,yahoo
NIKKEI,2005-02-04,11381.5,11383.0498,11271.04,11360.4004,11360.4004,89000000,yahoo
NIKKEI,2005-02-07,11393.04,11531.25,11381.7803,11499.8604,11499.8604,72700000,yahoo
NIKKEI,2005-02-08,11504.1201,11519.0303,11464.3398,11490.4297,11490.4297,105500000,yahoo
NIKKEI,2005-02-09,11519.9004,11538.1299,11457.96,11473.3496,11473.3496,111200000,yahoo
NIKKEI,2005-02-10,11434.8896,11553.7305,11414.9902,11553.5596,11553.5596,112200000,yahoo
NIKKEI,2005-02-14,11644.4004,11677.5703,11626.4199,11632.2002,11632.2002,110400000,yahoo
NIKKEI,2005-02-15,11648.6797,11676.2598,11635.5703,11646.4902,11646.4902,75100000,yahoo
NIKKEI,2005-02-16,11629.6904,11684.9102,11585.46,11601.6797,11601.6797,82800000,yahoo
NIKKEI,2005-02-17,11583.8398,11638.1797,11574.0596,11582.7197,11582.7197,73100000,yahoo
NIKKEI,2005-02-18,11562.9297,11660.1201,11562.9297,11660.1201,11660.1201,75500000,yahoo
NIKKEI,2005-02-21,11682.1904,11690.4902,11651.0195,11651.0195,11651.0195,70200000,yahoo
NIKKEI,2005-02-22,11636.4697,11651.5098,11592.04,11597.71,11597.71,69000000,yahoo
NIKKEI,2005-02-23,11510.7598,11510.7598,11452.4199,11500.1797,11500.1797,75600000,yahoo
NIKKEI,2005-02-24,11513.8398,11557.8604,11507.2002,11531.1504,11531.1504,65100000,yahoo
NIKKEI,2005-02-25,11585.8398,11677.2002,11585.46,11658.25,11658.25,74500000,yahoo
NIKKEI,2005-02-28,11742.0098,11754.9004,11704.3203,11740.5996,11740.5996,93200000,yahoo
NIKKEI,2005-03-01,11734.1396,11780.5303,11719.7695,11780.5303,11780.5303,103300000,yahoo
NIKKEI,2005-03-02,11804.8398,11831.6904,11780.6104,11813.71,11813.71,100500000,yahoo
NIKKEI,2005-03-03,11790.9102,11856.46,11790.9102,11856.46,11856.46,98500000,yahoo
NIKKEI,2005-03-04,11815.79,11881.9805,11769.6699,11873.0498,11873.0498,99100000,yahoo
NIKKEI,2005-03-07,11935.7998,11975.46,11917.7695,11925.3604,11925.3604,103800000,yahoo
NIKKEI,2005-03-08,11936.8398,11936.8398,11878.8896,11886.9102,11886.9102,86800000,yahoo
NIKKEI,2005-03-09,11882.25,11966.6904,11882.25,11966.6904,11966.6904,105900000,yahoo
NIKKEI,2005-03-10,11892.3799,11959.1797,11863.54,11864.9102,11864.9102,99000000,yahoo
NIKKEI,2005-03-11,11838.0195,11964.21,11838.0195,11923.8896,11923.8896,177800000,yahoo
NIKKEI,2005-03-14,11947.29,11955.29,11850.25,11850.25,11850.25,84500000,yahoo
NIKKEI,2005-03-15,11899.2002,11912.8096,11785.1602,11821.0898,11821.0898,87700000,yahoo
NIKKEI,2005-03-16,11822.1797,11873.1797,11793.0303,11873.1797,11873.1797,72000000,yahoo
NIKKEI,2005-03-17,11785.9502,11808.04,11754.9805,11775.5,11775.5,86500000,yahoo
NIKKEI,2005-03-18,11792.29,11922.54,11790.96,11879.8096,11879.8096,80000000,yahoo
NIKKEI,2005-03-22,11867.3398,11889.1299,11830.96,11841.9697,11841.9697,89000000,yahoo
NIKKEI,2005-03-23,11823.9697,11823.9697,11681.1602,11739.1201,11739.1201,94500000,yahoo
NIKKEI,2005-03-24,11741.1699,11819.3701,11706.2695,11745.9697,11745.9697,88300000,yahoo
NIKKEI,2005-03-25,11788.6797,11802.7002,11732.7998,11761.0996,11761.0996,66400000,yahoo
NIKKEI,2005-03-28,11709.79,11816.7197,11709.79,11792.2998,11792.2998,57400000,yahoo
NIKKEI,2005-03-29,11809.6602,11809.6602,11563.1201,11599.8203,11599.8203,83700000,yahoo
NIKKEI,2005-03-30,11548.9297,11608.4502,11506.8496,11565.8799,11565.8799,94300000,yahoo
NIKKEI,2005-03-31,11623.0996,11668.9502,11590.7197,11668.9502,11668.9502,73200000,yahoo
NIKKEI,2005-04-01,11590.4502,11723.6299,11557.1299,11723.6299,11723.6299,79400000,yahoo
NIKKEI,2005-04-04,11666.3096,11701.1904,11652.6602,11667.54,11667.54,79600000,yahoo
NIKKEI,2005-04-05,11695.9697,11786.6504,11695.9697,11774.3096,11774.3096,80400000,yahoo
NIKKEI,2005-04-06,11783.7402,11841.25,11760.71,11827.1602,11827.1602,72300000,yahoo
NIKKEI,2005-04-07,11848.4902,11848.4902,11757.8701,11810.9902,11810.9902,83000000,yahoo
NIKKEI,2005-04-08,11867.1504,11911.9004,11839.6602,11874.75,11874.75,90800000,yahoo
NIKKEI,2005-04-11,11847.9199,11847.9199,11744.8604,11745.6396,11745.6396,65600000,yahoo
NIKKEI,2005-04-12,11739.0498,11764.0098,11657.6602,11670.2998,11670.2998,62100000,yahoo
NIKKEI,2005-04-13,11688.2197,11718.7803,11602.9404,11637.5195,11637.5195,72100000,yahoo
NIKKEI,2005-04-14,11578.7803,11580.5498,11474.8203,11563.1699,11563.1699,81800000,yahoo
NIKKEI,2005-04-15,11463.1504,11463.1504,11343.7305,11370.6904,11370.6904,95400000,yahoo
NIKKEI,2005-04-18,11223.6504,11223.6504,10920.6602,10938.4404,10938.4404,130800000,yahoo
NIKKEI,2005-04-19,11019.7598,11082.8398,10966.46,11065.8604,11065.8604,100200000,yahoo
NIKKEI,2005-04-20,11173.8398,11199.3799,11052.3799,11088.5801,11088.5801,85000000,yahoo
NIKKEI,2005-04-21,10950.7305,11001.3096,10770.5801,10984.3896,10984.3896,102200000,yahoo
NIKKEI,2005-04-22,11116.6104,11134.9902,11045.9502,11045.9502,11045.9502,82600000,yahoo
NIKKEI,2005-04-25,11064.9502,11114.4502,11020.5898,11073.7695,11073.7695,58100000,yahoo
NIKKEI,2005-04-26,11085.75,11085.75,11019.9404,11035.8301,11035.8301,65300000,yahoo
NIKKEI,2005-04-27,10968.7695,11022.4404,10968.5801,11005.4199,11005.4199,82700000,yahoo
NIKKEI,2005-04-28,10979.0498,11008.9004,10892.71,11008.9004,11008.9004,105600000,yahoo
NIKKEI,2005-05-02,10954.21,11035.9502,10913.9697,11002.1104,11002.1104,59600000,yahoo
NIKKEI,2005-05-06,11119.7803,11192.1699,11109.3301,11192.1699,11192.1699,75600000,yahoo
NIKKEI,2005-05-09,11199.0996,11199.0996,11119.4805,11171.3203,11171.3203,81300000,yahoo
NIKKEI,2005-05-10,11193.2197,11211.3604,11125,11159.46,11159.46,85100000,yahoo
NIKKEI,2005-05-11,11091.2598,11120.7002,11038.2598,11120.7002,11120.7002,71700000,yahoo
NIKKEI,2005-05-12,11118.1299,11135.5,11069.6904,11077.9404,11077.9404,70600000,yahoo
NIKKEI,2005-05-13,11044.71,11103.0801,11017.79,11049.1104,11049.1104,79000000,yahoo
NIKKEI,2005-05-16,11045.29,11048.8496,10935.5303,10947.2197,10947.2197,68500000,yahoo
NIKKEI,2005-05-17,11046.2998,11066.7598,10788.5898,10825.3896,10825.3896,86300000,yahoo
NIKKEI,2005-05-18,10848.6299,10891.6904,10821.4102,10835.4102,10835.4102,77300000,yahoo
NIKKEI,2005-05-19,10973.2803,11102.4297,10953.0801,11077.1602,11077.1602,87400000,yahoo
NIKKEI,2005-05-20,11104.3301,11110.4502,11034.8203,11037.29,11037.29,70800000,yahoo
NIKKEI,2005-05-23,11073.0098,11163.54,11056.8604,11158.6504,11158.6504,66500000,yahoo
NIKKEI,2005-05-24,11184.6396,11199.2305,11101.9297,11133.6504,11133.6504,75000000,yahoo
NIKKEI,2005-05-25,11127.3096,11127.9004,10988.3701,11014.4297,11014.4297,83400000,yahoo
NIKKEI,2005-05-26,11024.3604,11047.3701,10978.8496,11027.9404,11027.9404,79400000,yahoo
NIKKEI,2005-05-27,11098.2598,11192.3301,11089.2305,11192.3301,11192.3301,69500000,yahoo
NIKKEI,2005-05-30,11201.3203,11302.5195,11197.79,11266.3301,11266.3301,78500000,yahoo
NIKKEI,2005-05-31,11273.8096,11297.3301,11221.46,11276.5898,11276.5898,80600000,yahoo
NIKKEI,2005-06-01,11220.9404,11329.6699,11220.5498,11329.6699,11329.6699,76300000,yahoo
NIKKEI,2005-06-02,11341.8896,11374.6904,11280.0498,11280.0498,11280.0498,82100000,yahoo
NIKKEI,2005-06-03,11302.96,11317.9404,11233.6504,11300.0498,11300.0498,67300000,yahoo
NIKKEI,2005-06-06,11232.6504,11270.6201,11184.5996,11270.6201,11270.6201,60700000,yahoo
NIKKEI,2005-06-07,11233.0801,11258.2803,11179.1299,11217.4502,11217.4502,59200000,yahoo
NIKKEI,2005-06-08,11235.2695,11322.4297,11229.8604,11281.0303,11281.0303,73200000,yahoo
NIKKEI,2005-06-09,11289.0303,11294.4297,11148.3604,11160.8799,11160.8799,67000000,yahoo
NIKKEI,2005-06-10,11192.9902,11331.3701,11173.9297,11304.2305,11304.2305,145300000,yahoo
NIKKEI,2005-06-13,11308.6504,11371.8203,11299.7803,11311.5098,11311.5098,65300000,yahoo
NIKKEI,2005-06-14,11348.5303,11363.4805,11326.5098,11335.9199,11335.9199,64100000,yahoo
NIKKEI,2005-06-15,11365.6201,11429.9297,11355.8496,11415.8799,11415.8799,82800000,yahoo
NIKKEI,2005-06-16,11419.9404,11462.5195,11386.0098,11416.3799,11416.3799,91900000,yahoo
NIKKEI,2005-06-17,11472.3604,11514.0303,11463.3604,11514.0303,11514.0303,91000000,yahoo
NIKKEI,2005-06-20,11539.1797,11539.1797,11455.2305,11483.3496,11483.3496,80200000,yahoo
NIKKEI,2005-06-21,11474.2305,11511.2305,11464.25,11488.7402,11488.7402,57900000,yahoo
NIKKEI,2005-06-22,11487.0596,11560.5996,11445.4297,11547.2803,11547.2803,70700000,yahoo
NIKKEI,2005-06-23,11539.4199,11576.75,11530.7803,11576.75,11576.75,61500000,yahoo
NIKKEI,2005-06-24,11480.3301,11537.0303,11472.6104,11537.0303,11537.0303,64600000,yahoo
NIKKEI,2005-06-27,11445.6396,11445.6396,11378.9902,11414.2803,11414.2803,57900000,yahoo
NIKKEI,2005-06-28,11421.4805,11519.4805,11413.8398,11513.8301,11513.8301,70100000,yahoo
NIKKEI,2005-06-29,11567.8203,11594.5703,11547.1299,11577.4404,11577.4404,66700000,yahoo
NIKKEI,2005-06-30,11573.7803,11589.6299,11542.4502,11584.0098,11584.0098,61800000,yahoo
NIKKEI,2005-07-01,11573.3701,11663.6602,11540.9297,11630.1299,11630.1299,71900000,yahoo
NIKKEI,2005-07-04,11664.2197,11664.2197,11629.1602,11651.5498,11651.5498,61200000,yahoo
NIKKEI,2005-07-05,11645.2305,11658.2598,11606.7598,11616.7002,11616.7002,64800000,yahoo
NIKKEI,2005-07-06,11648.04,11676.2002,11603.5303,11603.5303,11603.5303,66800000,yahoo
NIKKEI,2005-07-07,11586.1201,11602.8096,11567.5098,11590.1396,11590.1396,68200000,yahoo
NIKKEI,2005-07-08,11563.8398,11653.2598,11563.8398,11565.9902,11565.9902,93000000,yahoo
NIKKEI,2005-07-11,11676.9697,11713.1201,11668.7695,11674.79,11674.79,64200000,yahoo
NIKKEI,2005-07-12,11737.3203,11738.2998,11672.9404,11692.1396,11692.1396,63200000,yahoo
NIKKEI,2005-07-13,11705.8301,11707.96,11659.6504,11659.8398,11659.8398,63100000,yahoo
NIKKEI,2005-07-14,11715.46,11784.5098,11715.46,11764.2598,11764.2598,64600000,yahoo
NIKKEI,2005-07-15,11825.6699,11828.3096,11758.6797,11758.6797,11758.6797,71000000,yahoo
NIKKEI,2005-07-19,11761.6104,11770.5596,11731.9902,11764.8398,11764.8398,78900000,yahoo
NIKKEI,2005-07-20,11780.7305,11816.9902,11761.21,11789.3496,11789.3496,84800000,yahoo
NIKKEI,2005-07-21,11808.5303,11867.2305,11786.7305,11786.7305,11786.7305,75800000,yahoo
NIKKEI,2005-07-22,11751.9199,11753.0098,11650.3701,11695.0498,11695.0498,66900000,yahoo
NIKKEI,2005-07-25,11721.7002,11782.21,11718.6602,11762.6504,11762.6504,68100000,yahoo
NIKKEI,2005-07-26,11762.6904,11772.6797,11719.0195,11737.96,11737.96,65500000,yahoo
NIKKEI,2005-07-27,11770.5703,11848.6602,11770.5703,11835.0801,11835.0801,74500000,yahoo
NIKKEI,2005-07-28,11881.8604,11889.8604,11853.6201,11858.3096,11858.3096,82100000,yahoo
NIKKEI,2005-07-29,11900.5596,11913.5,11826.8604,11899.5996,11899.5996,83700000,yahoo
NIKKEI,2005-08-01,11907.4199,11972.8398,11906.04,11946.9199,11946.9199,96200000,yahoo
NIKKEI,2005-08-02,11954.2305,11982.2002,11920.8799,11940.2002,11940.2002,92900000,yahoo
NIKKEI,2005-08-03,11987.9805,12009.5596,11950.3096,11981.7998,11981.7998,93600000,yahoo
NIKKEI,2005-08-04,11945.1396,11945.1396,11823.2002,11883.3096,11883.3096,87600000,yahoo
NIKKEI,2005-08-05,11842.1602,11863.3896,11724.6104,11766.4805,11766.4805,76600000,yahoo
NIKKEI,2005-08-08,11670.71,11794.8398,11614.71,11778.9805,11778.9805,83800000,yahoo
NIKKEI,2005-08-09,11797.3301,11958.0703,11797.3301,11900.3203,11900.3203,89800000,yahoo
NIKKEI,2005-08-10,11996.29,12138.71,11991.6904,12098.0801,12098.0801,132700000,yahoo
NIKKEI,2005-08-11,12178.0801,12284.7598,12167.4805,12263.3203,12263.3203,127400000,yahoo
NIKKEI,2005-08-12,12276.2402,12324.4297,12228.1299,12261.6797,12261.6797,107700000,yahoo
NIKKEI,2005-08-15,12254.5303,12308.6104,12236.6104,12256.5498,12256.5498,103600000,yahoo
NIKKEI,2005-08-16,12324.7598,12336.8496,12277.4102,12315.6699,12315.6699,116600000,yahoo
NIKKEI,2005-08-17,12286.8301,12369.7402,12270.8496,12273.1201,12273.1201,135100000,yahoo
NIKKEI,2005-08-18,12322.7998,12369.5303,12292.8203,12307.3701,12307.3701,99700000,yahoo
NIKKEI,2005-08-19,12276.7998,12291.7305,12219.5195,12291.7305,12291.7305,91000000,yahoo
NIKKEI,2005-08-22,12330.7002,12478.8203,12330.7002,12452.5098,12452.5098,116200000,yahoo
NIKKEI,2005-08-23,12511.8096,12612.1602,12472.9297,12472.9297,12472.9297,137600000,yahoo
NIKKEI,2005-08-24,12421.5303,12515.6602,12416.5098,12502.2598,12502.2598,96200000,yahoo
NIKKEI,2005-08-25,12443.21,12466.8398,12401.3398,12405.1602,12405.1602,95700000,yahoo
NIKKEI,2005-08-26,12458.0801,12482.6299,12385.0303,12439.4805,12439.4805,89900000,yahoo
NIKKEI,2005-08-29,12386.7598,12386.7598,12274.8096,12309.8301,12309.8301,86400000,yahoo
NIKKEI,2005-08-30,12411.4102,12457.04,12396.0996,12453.1396,12453.1396,101000000,yahoo
NIKKEI,2005-08-31,12428.5996,12443.9404,12393.6797,12413.5996,12413.5996,87200000,yahoo
NIKKEI,2005-09-01,12501.4297,12573.0098,12501.4297,12506.9697,12506.9697,111100000,yahoo
NIKKEI,2005-09-02,12571.8799,12600,12544.3701,12600,12600,89700000,yahoo
NIKKEI,2005-09-05,12616.2998,12655.1504,12580.3701,12634.8799,12634.8799,98900000,yahoo
NIKKEI,2005-09-06,12686.6797,12730.21,12581.2803,12599.4297,12599.4297,149200000,yahoo
NIKKEI,2005-09-07,12682.8496,12682.8496,12574.9004,12607.5898,12607.5898,111400000,yahoo
NIKKEI,2005-09-08,12601.0195,12601.0195,12498.4004,12533.8896,12533.8896,113600000,yahoo
NIKKEI,2005-09-09,12561.8398,12692.04,12556.4297,12692.04,12692.04,201400000,yahoo
NIKKEI,2005-09-12,12841.0195,12926.5703,12813.9697,12896.4297,12896.4297,126200000,yahoo
NIKKEI,2005-09-13,12896.2197,12940.6797,12847.1904,12901.9502,12901.9502,130600000,yahoo
NIKKEI,2005-09-14,12847.6201,12871.54,12830.8799,12834.25,12834.25,129000000,yahoo
NIKKEI,2005-09-15,12817.7803,12986.7803,12806.71,12986.7803,12986.7803,158900000,yahoo
NIKKEI,2005-09-16,12992.1797,12992.9902,12888.7402,12958.6797,12958.6797,155100000,yahoo
NIKKEI,2005-09-20,12991.6299,13159.3896,12991.6299,13148.5703,13148.5703,185200000,yahoo
NIKKEI,2005-09-21,13181.71,13235.4199,13108.6504,13196.5703,13196.5703,230500000,yahoo
NIKKEI,2005-09-22,13120.8896,13170.3604,13090.2803,13159.3604,13159.3604,177900000,yahoo
NIKKEI,2005-09-26,13229.2695,13392.6299,13229.2695,13392.6299,13392.6299,195100000,yahoo
NIKKEI,2005-09-27,13370.0898,13373,13282.2998,13310.04,13310.04,237500000,yahoo
NIKKEI,2005-09-28,13307.5303,13487.8496,13306.5195,13435.9102,13435.9102,226500000,yahoo
NIKKEI,2005-09-29,13515.7305,13617.2402,13440.9004,13617.2402,13617.2402,245800000,yahoo
NIKKEI,2005-09-30,13677.4502,13678.4404,13539.1504,13574.2998,13574.2998,198400000,yahoo
NIKKEI,2005-10-03,13566.2002,13584.6104,13454.6699,13525.2803,13525.2803,203400000,yahoo
NIKKEI,2005-10-04,13597.3799,13738.8398,13593.0098,13738.8398,13738.8398,201500000,yahoo
NIKKEI,2005-10-05,13761.8096,13783.5996,13655.9404,13689.8896,13689.8896,181100000,yahoo
NIKKEI,2005-10-06,13554.5596,13554.5596,13285.8301,13359.5098,13359.5098,180200000,yahoo
NIKKEI,2005-10-07,13279.2998,13332.1201,13221.3301,13227.7402,13227.7402,163000000,yahoo
NIKKEI,2005-10-11,13280.3301,13556.71,13241.8398,13556.71,13556.71,170600000,yahoo
NIKKEI,2005-10-12,13565.8701,13704.0898,13463.7402,13463.7402,13463.7402,202100000,yahoo
NIKKEI,2005-10-13,13388.0195,13475.8604,13266.9805,13449.2402,13449.2402,134700000,yahoo
NIKKEI,2005-10-14,13581.3203,13581.3203,13361.96,13420.54,13420.54,136500000,yahoo
NIKKEI,2005-10-17,13486.1797,13510.6299,13341.6396,13400.29,13400.29,119400000,yahoo
NIKKEI,2005-10-18,13376.1904,13441.7803,13321.9697,13352.2402,13352.2402,187600000,yahoo
NIKKEI,2005-10-19,13297.6504,13304.9805,13073.46,13129.4902,13129.4902,179300000,yahoo
NIKKEI,2005-10-20,13221.9102,13264.4004,13175.9297,13190.46,13190.46,170400000,yahoo
NIKKEI,2005-10-21,13065.96,13243.0801,12996.29,13199.9502,13199.9502,142800000,yahoo
NIKKEI,2005-10-24,13232.4102,13244.2402,13083.04,13106.1797,13106.1797,115700000,yahoo
NIKKEI,2005-10-25,13227.9199,13336.6396,13219.0498,13280.6201,13280.6201,149100000,yahoo
NIKKEI,2005-10-26,13291.46,13406.1904,13285.5996,13395.0195,13395.0195,143400000,yahoo
NIKKEI,2005-10-27,13440.7197,13501.2402,13387.6602,13417.0801,13417.0801,166000000,yahoo
NIKKEI,2005-10-28,13344.9297,13373.4297,13272.8398,13346.54,13346.54,158200000,yahoo
NIKKEI,2005-10-31,13459.9902,13606.5,13456.0703,13606.5,13606.5,178900000,yahoo
NIKKEI,2005-11-01,13718.21,13867.8604,13706.3301,13867.8604,13867.8604,113700000,yahoo
NIKKEI,2005-11-02,13865.0996,13927.5098,13807.8096,13894.7803,13894.7803,241100000,yahoo
NIKKEI,2005-11-04,14040.6299,14099.4902,13978.96,14075.96,14075.96,226900000,yahoo
NIKKEI,2005-11-07,14084.1104,14097.5898,13982.75,14061.5996,14061.5996,213900000,yahoo
NIKKEI,2005-11-08,14067.7803,14071.7402,13982.8496,14036.7305,14036.7305,301900000,yahoo
NIKKEI,2005-11-09,13989.3096,14136.1602,13951.4004,14072.2002,14072.2002,252400000,yahoo
NIKKEI,2005-11-10,14058.29,14121.71,13981.9902,14080.8799,14080.8799,181400000,yahoo
NIKKEI,2005-11-11,14170.3301,14206.1396,14133.8896,14155.0596,14155.0596,151300000,yahoo
NIKKEI,2005-11-14,14218.7197,14218.7197,14105.4502,14116.04,14116.04,153600000,yahoo
NIKKEI,2005-11-15,14069.8701,14142.2695,14043.4502,14091.7695,14091.7695,166600000,yahoo
NIKKEI,2005-11-16,14035.7402,14170.8701,14015.6201,14170.8701,14170.8701,186700000,yahoo
NIKKEI,2005-11-17,14192.7803,14448.75,14169.4697,14411.79,14411.79,171600000,yahoo
NIKKEI,2005-11-18,14542.7803,14633.3496,14542.7803,14623.1201,14623.1201,150800000,yahoo
NIKKEI,2005-11-21,14719.2803,14808.21,14590.5596,14680.4297,14680.4297,171000000,yahoo
NIKKEI,2005-11-22,14726.04,14763.2598,14650.0596,14708.3203,14708.3203,128300000,yahoo
NIKKEI,2005-11-24,14816.71,14866.9902,14721.5996,14742.5801,14742.5801,130500000,yahoo
NIKKEI,2005-11-25,14693.8701,14784.29,14613.1797,14784.29,14784.29,128100000,yahoo
NIKKEI,2005-11-28,14847.5801,14986.9404,14821.75,14986.9404,14986.9404,121300000,yahoo
NIKKEI,2005-11-29,14900.6396,14995.0801,14868.0303,14927.7002,14927.7002,128100000,yahoo
NIKKEI,2005-11-30,14981.3398,15013.2402,14872.1504,14872.1504,14872.1504,148900000,yahoo
NIKKEI,2005-12-01,14914.75,15130.5,14880.1797,15130.5,15130.5,150800000,yahoo
NIKKEI,2005-12-02,15272.6201,15421.5996,15245.3604,15421.5996,15421.5996,211700000,yahoo
NIKKEI,2005-12-05,15413.5195,15563.3896,15379.6396,15551.3096,15551.3096,244600000,yahoo
NIKKEI,2005-12-06,15518.6699,15572.7197,15423.3799,15423.3799,15423.3799,188600000,yahoo
NIKKEI,2005-12-07,15520.3398,15558.3203,15467.75,15484.6602,15484.6602,151200000,yahoo
NIKKEI,2005-12-08,15470.6504,15523.1504,15183.3604,15183.3604,15183.3604,147800000,yahoo
NIKKEI,2005-12-09,15127.7998,15447.1299,15117.1504,15404.0498,15404.0498,254500000,yahoo
NIKKEI,2005-12-12,15549.6504,15764.9902,15548.46,15738.7002,15738.7002,185600000,yahoo
NIKKEI,2005-12-13,15754.3096,15782.2998,15666.0898,15778.8604,15778.8604,238400000,yahoo
NIKKEI,2005-12-14,15817.9297,15885.5195,15447.1504,15464.5801,15464.5801,228800000,yahoo
NIKKEI,2005-12-15,15376.2695,15469.3496,15254.4404,15254.4404,15254.4404,151500000,yahoo
NIKKEI,2005-12-16,15222,15365.4805,15095.5596,15173.0703,15173.0703,149100000,yahoo
NIKKEI,2005-12-19,15252.1504,15391.4805,15196,15391.4805,15391.4805,98200000,yahoo
NIKKEI,2005-12-20,15388.71,15647.6904,15365.3896,15641.2598,15641.2598,122100000,yahoo
NIKKEI,2005-12-21,15713.0703,16010.1699,15711.9102,15957.5703,15957.5703,134700000,yahoo
NIKKEI,2005-12-22,15975.9902,15991.2998,15759.7305,15941.3701,15941.3701,161800000,yahoo
NIKKEI,2005-12-26,16027.6602,16108.9404,16026.1797,16107.6699,16107.6699,101800000,yahoo
NIKKEI,2005-12-27,16033.9404,16079.1797,15962.7305,15969.4004,15969.4004,84500000,yahoo
NIKKEI,2005-12-28,15920.6699,16194.6104,15911.2305,16194.6104,16194.6104,82000000,yahoo
NIKKEI,2005-12-29,16247.54,16445.5605,16246.6699,16344.2002,16344.2002,96200000,yahoo
NIKKEI,2005-12-30,16412.75,16413.1797,16111.4297,16111.4297,16111.4297,55500000,yahoo
SP500,2005-01-03,1211.92,1217.8,1200.3199,1202.08,1202.08,1510800000,yahoo
SP500,2005-01-04,1202.08,1205.84,1185.39,1188.05,1188.05,1721000000,yahoo
SP500,2005-01-05,1188.05,1192.73,1183.72,1183.74,1183.74,1738900000,yahoo
SP500,2005-01-06,1183.74,1191.63,1183.27,1187.89,1187.89,1569100000,yahoo
SP500,2005-01-07,1187.89,1192.2,1182.16,1186.1899,1186.1899,1477900000,yahoo
SP500,2005-01-10,1186.1899,1194.78,1184.8,1190.25,1190.25,1490400000,yahoo
SP500,2005-01-11,1190.25,1190.25,1180.4301,1182.99,1182.99,1488800000,yahoo
SP500,2005-01-12,1182.99,1187.92,1175.64,1187.7,1187.7,1562100000,yahoo
SP500,2005-01-13,1187.7,1187.7,1175.8101,1177.45,1177.45,1510300000,yahoo
SP500,2005-01-14,1177.45,1185.21,1177.45,1184.52,1184.52,1335400000,yahoo
SP500,2005-01-18,1184.52,1195.98,1180.1,1195.98,1195.98,1596800000,yahoo
SP500,2005-01-19,1195.98,1195.98,1184.41,1184.63,1184.63,1498700000,yahoo
SP500,2005-01-20,1184.63,1184.63,1173.42,1175.41,1175.41,1692000000,yahoo
SP500,2005-01-21,1175.41,1179.45,1167.8199,1167.87,1167.87,1643500000,yahoo
SP500,2005-01-24,1167.87,1173.03,1163.75,1163.75,1163.75,1494600000,yahoo
SP500,2005-01-25,1163.75,1174.3,1163.75,1168.41,1168.41,1610400000,yahoo
SP500,2005-01-26,1168.41,1175.96,1168.41,1174.0699,1174.0699,1635900000,yahoo
SP500,2005-01-27,1174.0699,1177.5,1170.15,1174.55,1174.55,1600600000,yahoo
SP500,2005-01-28,1174.55,1175.61,1166.25,1171.36,1171.36,1641800000,yahoo
SP500,2005-01-31,1171.36,1182.0699,1171.36,1181.27,1181.27,1679800000,yahoo
SP500,2005-02-01,1181.27,1190.39,1180.95,1189.41,1189.41,1681980000,yahoo
SP500,2005-02-02,1189.41,1195.25,1188.92,1193.1899,1193.1899,1561740000,yahoo
SP500,2005-02-03,1193.1899,1193.1899,1185.64,1189.89,1189.89,1554460000,yahoo
SP500,2005-02-04,1189.89,1203.47,1189.67,1203.03,1203.03,1648160000,yahoo
SP500,2005-02-07,1203.03,1204.15,1199.27,1201.72,1201.72,1347270000,yahoo
SP500,2005-02-08,1201.72,1205.11,1200.16,1202.3,1202.3,1416170000,yahoo
SP500,2005-02-09,1202.3,1203.83,1191.54,1191.99,1191.99,1511040000,yahoo
SP500,2005-02-10,1191.99,1198.75,1191.54,1197.01,1197.01,1491670000,yahoo
SP500,2005-02-11,1197.01,1208.38,1193.28,1205.3,1205.3,1562300000,yahoo
SP500,2005-02-14,1205.3,1206.9301,1203.59,1206.14,1206.14,1290180000,yahoo
SP500,2005-02-15,1206.14,1212.4399,1205.52,1210.12,1210.12,1527080000,yahoo
SP500,2005-02-16,1210.12,1212.4399,1205.0601,1210.34,1210.34,1490100000,yahoo
SP500,2005-02-17,1210.34,1211.33,1200.74,1200.75,1200.75,1580120000,yahoo
SP500,2005-02-18,1200.75,1202.92,1197.35,1201.59,1201.59,1551200000,yahoo
SP500,2005-02-22,1201.59,1202.48,1184.16,1184.16,1184.16,1744940000,yahoo
SP500,2005-02-23,1184.16,1193.52,1184.16,1190.8,1190.8,1501090000,yahoo
SP500,2005-02-24,1190.8,1200.42,1187.8,1200.2,1200.2,1518750000,yahoo
SP500,2005-02-25,1200.2,1212.15,1199.61,1211.37,1211.37,1523680000,yahoo
SP500,2005-02-28,1211.37,1211.37,1198.13,1203.6,1203.6,1795480000,yahoo
SP500,2005-03-01,1203.6,1212.25,1203.6,1210.41,1210.41,1708060000,yahoo
SP500,2005-03-02,1210.41,1215.79,1204.22,1210.08,1210.08,1568540000,yahoo
SP500,2005-03-03,1210.08,1215.72,1204.45,1210.47,1210.47,1616240000,yahoo
SP500,2005-03-04,1210.47,1224.76,1210.47,1222.12,1222.12,1636820000,yahoo
SP500,2005-03-07,1222.12,1229.11,1222.12,1225.3101,1225.3101,1488830000,yahoo
SP500,2005-03-08,1225.3101,1225.6899,1218.5699,1219.4301,1219.4301,1523090000,yahoo
SP500,2005-03-09,1219.4301,1219.4301,1206.66,1207.01,1207.01,1704970000,yahoo
SP500,2005-03-10,1207.01,1211.23,1201.41,1209.25,1209.25,1604020000,yahoo
SP500,2005-03-11,1209.25,1213.04,1198.15,1200.08,1200.08,1449820000,yahoo
SP500,2005-03-14,1200.08,1206.83,1199.51,1206.83,1206.83,1437430000,yahoo
SP500,2005-03-15,1206.83,1210.54,1197.75,1197.75,1197.75,1513530000,yahoo
SP500,2005-03-16,1197.75,1197.75,1185.61,1188.0699,1188.0699,1653190000,yahoo
SP500,2005-03-17,1188.0699,1193.28,1186.34,1190.21,1190.21,1581930000,yahoo
SP500,2005-03-18,1190.21,1191.98,1182.78,1189.65,1189.65,2344370000,yahoo
SP500,2005-03-21,1189.65,1189.65,1178.8199,1183.78,1183.78,1819440000,yahoo
SP500,2005-03-22,1183.78,1189.59,1171.63,1171.71,1171.71,2114470000,yahoo
SP500,2005-03-23,1171.71,1176.26,1168.7,1172.53,1172.53,2246870000,yahoo
SP500,2005-03-24,1172.53,1180.11,1171.42,1171.42,1171.42,1721720000,yahoo
SP500,2005-03-28,1171.42,1179.91,1171.42,1174.28,1174.28,1746220000,yahoo
SP500,2005-03-29,1174.28,1179.39,1163.6899,1165.36,1165.36,2223250000,yahoo
SP500,2005-03-30,1165.36,1181.54,1165.36,1181.41,1181.41,2097110000,yahoo
SP500,2005-03-31,1181.41,1184.53,1179.49,1180.59,1180.59,2214230000,yahoo
SP500,2005-04-01,1180.59,1189.8,1169.91,1172.92,1172.92,2168690000,yahoo
SP500,2005-04-04,1172.79,1178.61,1167.72,1176.12,1176.12,2079770000,yahoo
SP500,2005-04-05,1176.12,1183.5601,1176.12,1181.39,1181.39,1870800000,yahoo
SP500,2005-04-06,1181.39,1189.34,1181.39,1184.0699,1184.0699,1797400000,yahoo
SP500,2005-04-07,1184.0699,1191.88,1183.8101,1191.14,1191.14,1900620000,yahoo
SP500,2005-04-08,1191.14,1191.75,1181.13,1181.2,1181.2,1661330000,yahoo
SP500,2005-04-11,1181.2,1184.0699,1178.6899,1181.21,1181.21,1525310000,yahoo
SP500,2005-04-12,1181.21,1190.17,1170.85,1187.76,1187.76,1979830000,yahoo
SP500,2005-04-13,1187.76,1187.76,1171.4,1173.79,1173.79,2049740000,yahoo
SP500,2005-04-14,1173.79,1174.67,1161.7,1162.05,1162.05,2355040000,yahoo
SP500,2005-04-15,1162.05,1162.05,1141.92,1142.62,1142.62,2689960000,yahoo
SP500,2005-04-18,1142.62,1148.92,1139.8,1145.98,1145.98,2180670000,yahoo
SP500,2005-04-19,1145.98,1154.67,1145.98,1152.78,1152.78,2142700000,yahoo
SP500,2005-04-20,1152.78,1155.5,1136.15,1137.5,1137.5,2217050000,yahoo
SP500,2005-04-21,1137.5,1159.95,1137.5,1159.95,1159.95,2308560000,yahoo
SP500,2005-04-22,1159.95,1159.95,1142.95,1152.12,1152.12,2045880000,yahoo
SP500,2005-04-25,1152.12,1164.05,1152.12,1162.1,1162.1,1795030000,yahoo
SP500,2005-04-26,1162.1,1164.8,1151.83,1151.83,1151.83,1959740000,yahoo
SP500,2005-04-27,1151.74,1159.87,1144.42,1156.38,1156.38,2151520000,yahoo
SP500,2005-04-28,1156.38,1156.38,1143.22,1143.22,1143.22,2182270000,yahoo
SP500,2005-04-29,1143.22,1156.97,1139.1899,1156.85,1156.85,2362360000,yahoo
SP500,2005-05-02,1156.85,1162.87,1154.71,1162.16,1162.16,1980040000,yahoo
SP500,2005-05-03,1162.16,1166.89,1156.71,1161.17,1161.17,2167020000,yahoo
SP500,2005-05-04,1161.17,1176.01,1161.17,1175.65,1175.65,2306480000,yahoo
SP500,2005-05-05,1175.65,1178.62,1166.77,1172.63,1172.63,1997100000,yahoo
SP500,2005-05-06,1172.63,1177.75,1170.5,1171.35,1171.35,1707200000,yahoo
SP500,2005-05-09,1171.35,1178.87,1169.38,1178.84,1178.84,1857020000,yahoo
SP500,2005-05-10,1178.84,1178.84,1162.98,1166.22,1166.22,1889660000,yahoo
SP500,2005-05-11,1166.22,1171.77,1157.71,1171.11,1171.11,1834970000,yahoo
SP500,2005-05-12,1171.11,1173.37,1157.76,1159.36,1159.36,1995290000,yahoo
SP500,2005-05-13,1159.36,1163.75,1146.1801,1154.05,1154.05,2188590000,yahoo
SP500,2005-05-16,1154.05,1165.75,1153.64,1165.6899,1165.6899,1856860000,yahoo
SP500,2005-05-17,1165.6899,1174.35,1159.86,1173.8,1173.8,1887260000,yahoo
SP500,2005-05-18,1173.8,1187.9,1173.8,1185.5601,1185.5601,2266320000,yahoo
SP500,2005-05-19,1185.5601,1191.09,1184.49,1191.08,1191.08,1775860000,yahoo
SP500,2005-05-20,1191.08,1191.22,1185.1899,1189.28,1189.28,1631750000,yahoo
SP500,2005-05-23,1189.28,1197.4399,1188.76,1193.86,1193.86,1681170000,yahoo
SP500,2005-05-24,1193.86,1195.29,1189.87,1194.0699,1194.0699,1681000000,yahoo
SP500,2005-05-25,1194.0699,1194.0699,1185.96,1190.01,1190.01,1742180000,yahoo
SP500,2005-05-26,1190.01,1198.95,1190.01,1197.62,1197.62,1654110000,yahoo
SP500,2005-05-27,1197.62,1199.5601,1195.28,1198.78,1198.78,1381430000,yahoo
SP500,2005-05-31,1198.78,1198.78,1191.5,1191.5,1191.5,1840680000,yahoo
SP500,2005-06-01,1191.5,1205.64,1191.03,1202.22,1202.22,1810100000,yahoo
SP500,2005-06-02,1202.27,1204.67,1198.42,1204.29,1204.29,1813790000,yahoo
SP500,2005-06-03,1204.29,1205.09,1194.55,1196.02,1196.02,1627520000,yahoo
SP500,2005-06-06,1196.02,1198.78,1192.75,1197.51,1197.51,1547120000,yahoo
SP500,2005-06-07,1197.51,1208.85,1197.26,1197.26,1197.26,1851370000,yahoo
SP500,2005-06-08,1197.26,1201.97,1193.33,1194.67,1194.67,1715490000,yahoo
SP500,2005-06-09,1194.67,1201.86,1191.09,1200.9301,1200.9301,1824120000,yahoo
SP500,2005-06-10,1200.9301,1202.79,1192.64,1198.11,1198.11,1664180000,yahoo
SP500,2005-06-13,1198.11,1206.03,1194.51,1200.8199,1200.8199,1661350000,yahoo
SP500,2005-06-14,1200.8199,1207.53,1200.1801,1203.91,1203.91,1698150000,yahoo
SP500,2005-06-15,1203.91,1208.08,1198.66,1206.58,1206.58,1840440000,yahoo
SP500,2005-06-16,1206.55,1212.1,1205.47,1210.96,1210.96,1776040000,yahoo
SP500,2005-06-17,1210.9301,1219.55,1210.9301,1216.96,1216.96,2407370000,yahoo
SP500,2005-06-20,1216.96,1219.1,1210.65,1216.1,1216.1,1714530000,yahoo
SP500,2005-06-21,1216.1,1217.13,1211.86,1213.61,1213.61,1720700000,yahoo
SP500,2005-06-22,1213.61,1219.59,1211.6899,1213.88,1213.88,1823250000,yahoo
SP500,2005-06-23,1213.88,1216.45,1200.72,1200.73,1200.73,2029920000,yahoo
SP500,2005-06-24,1200.73,1200.9,1191.45,1191.5699,1191.5699,2418800000,yahoo
SP500,2005-06-27,1191.5699,1194.33,1188.3,1190.6899,1190.6899,1738620000,yahoo
SP500,2005-06-28,1190.6899,1202.54,1190.6899,1201.5699,1201.5699,1772410000,yahoo
SP500,2005-06-29,1201.5699,1204.0699,1198.7,1199.85,1199.85,1769280000,yahoo
SP500,2005-06-30,1199.85,1203.27,1190.51,1191.33,1191.33,2109490000,yahoo
SP500,2005-07-01,1191.33,1197.89,1191.33,1194.4399,1194.4399,1593820000,yahoo
SP500,2005-07-05,1194.4399,1206.34,1192.49,1204.99,1204.99,1805820000,yahoo
SP500,2005-07-06,1204.99,1206.11,1194.78,1194.9399,1194.9399,1883470000,yahoo
SP500,2005-07-07,1194.9399,1198.46,1183.55,1197.87,1197.87,1952440000,yahoo
SP500,2005-07-08,1197.87,1212.73,1197.2,1211.86,1211.86,1900810000,yahoo
SP500,2005-07-11,1211.86,1220.03,1211.86,1219.4399,1219.4399,1846300000,yahoo
SP500,2005-07-12,1219.4399,1225.54,1216.6,1222.21,1222.21,1932010000,yahoo
SP500,2005-07-13,1222.21,1224.46,1219.64,1223.29,1223.29,1812500000,yahoo
SP500,2005-07-14,1223.29,1233.16,1223.29,1226.5,1226.5,2048710000,yahoo
SP500,2005-07-15,1226.5,1229.53,1223.5,1227.92,1227.92,1716400000,yahoo
SP500,2005-07-18,1227.92,1227.92,1221.13,1221.13,1221.13,1582100000,yahoo
SP500,2005-07-19,1221.13,1230.34,1221.13,1229.35,1229.35,2041280000,yahoo
SP500,2005-07-20,1229.35,1236.5601,1222.91,1235.2,1235.2,2063340000,yahoo
SP500,2005-07-21,1235.2,1235.83,1224.7,1227.04,1227.04,2129840000,yahoo
SP500,2005-07-22,1227.04,1234.1899,1226.15,1233.6801,1233.6801,1766990000,yahoo
SP500,2005-07-25,1233.6801,1238.36,1228.15,1229.03,1229.03,1717580000,yahoo
SP500,2005-07-26,1229.03,1234.42,1229.03,1231.16,1231.16,1934180000,yahoo
SP500,2005-07-27,1231.16,1237.64,1230.15,1236.79,1236.79,1945800000,yahoo
SP500,2005-07-28,1236.79,1245.15,1235.8101,1243.72,1243.72,2001680000,yahoo
SP500,2005-07-29,1243.72,1245.04,1234.1801,1234.1801,1234.1801,1789600000,yahoo
SP500,2005-08-01,1234.1801,1239.1,1233.8,1235.35,1235.35,1716870000,yahoo
SP500,2005-08-02,1235.35,1244.6899,1235.35,1244.12,1244.12,2043120000,yahoo
SP500,2005-08-03,1244.12,1245.86,1240.5699,1245.04,1245.04,1999980000,yahoo
SP500,2005-08-04,1245.04,1245.04,1235.15,1235.86,1235.86,1981220000,yahoo
SP500,2005-08-05,1235.86,1235.86,1225.62,1226.42,1226.42,1930280000,yahoo
SP500,2005-08-08,1226.42,1232.28,1222.67,1223.13,1223.13,1804140000,yahoo
SP500,2005-08-09,1223.13,1234.11,1223.13,1231.38,1231.38,1897520000,yahoo
SP500,2005-08-10,1231.38,1242.6899,1226.58,1229.13,1229.13,2172320000,yahoo
SP500,2005-08-11,1229.13,1237.8101,1228.33,1237.8101,1237.8101,1941560000,yahoo
SP500,2005-08-12,1237.8101,1237.8101,1225.87,1230.39,1230.39,1709300000,yahoo
SP500,2005-08-15,1230.4,1236.24,1226.2,1233.87,1233.87,1562880000,yahoo
SP500,2005-08-16,1233.87,1233.87,1219.05,1219.34,1219.34,1820410000,yahoo
SP500,2005-08-17,1219.34,1225.63,1218.0699,1220.24,1220.24,1859150000,yahoo
SP500,2005-08-18,1220.24,1222.64,1215.9301,1219.02,1219.02,1808170000,yahoo
SP500,2005-08-19,1219.02,1225.08,1219.02,1219.71,1219.71,1558790000,yahoo
SP500,2005-08-22,1219.71,1228.96,1216.47,1221.73,1221.73,1621330000,yahoo
SP500,2005-08-23,1221.73,1223.04,1214.4399,1217.59,1217.59,1678620000,yahoo
SP500,2005-08-24,1217.5699,1224.15,1209.37,1209.59,1209.59,1930800000,yahoo
SP500,2005-08-25,1209.59,1213.73,1209.5699,1212.37,1212.37,1571110000,yahoo
SP500,2005-08-26,1212.4,1212.4,1204.23,1205.1,1205.1,1541090000,yahoo
SP500,2005-08-29,1205.1,1214.28,1201.53,1212.28,1212.28,1599450000,yahoo
SP500,2005-08-30,1212.28,1212.28,1201.0699,1208.41,1208.41,1916470000,yahoo
SP500,2005-08-31,1208.41,1220.36,1204.4,1220.33,1220.33,2365510000,yahoo
SP500,2005-09-01,1220.33,1227.29,1216.1801,1221.59,1221.59,2229860000,yahoo
SP500,2005-09-02,1221.59,1224.45,1217.75,1218.02,1218.02,1640160000,yahoo
SP500,2005-09-06,1218.02,1233.61,1218.02,1233.39,1233.39,1932090000,yahoo
SP500,2005-09-07,1233.39,1237.0601,1230.9301,1236.36,1236.36,2067700000,yahoo
SP500,2005-09-08,1236.36,1236.36,1229.51,1231.67,1231.67,1955380000,yahoo
SP500,2005-09-09,1231.67,1243.13,1231.67,1241.48,1241.48,1992560000,yahoo
SP500,2005-09-12,1241.48,1242.6,1239.15,1240.5601,1240.5601,1938050000,yahoo
SP500,2005-09-13,1240.5699,1240.5699,1231.2,1231.2,1231.2,2082360000,yahoo
SP500,2005-09-14,1231.2,1234.74,1226.16,1227.16,1227.16,1986750000,yahoo
SP500,2005-09-15,1227.16,1231.88,1224.85,1227.73,1227.73,2079340000,yahoo
SP500,2005-09-16,1228.42,1237.95,1228.42,1237.91,1237.91,3152470000,yahoo
SP500,2005-09-19,1237.91,1237.91,1227.65,1231.02,1231.02,2076540000,yahoo
SP500,2005-09-20,1231.02,1236.49,1220.0699,1221.34,1221.34,2319250000,yahoo
SP500,2005-09-21,1221.34,1221.52,1209.89,1210.2,1210.2,2548150000,yahoo
SP500,2005-09-22,1210.2,1216.64,1205.35,1214.62,1214.62,2424720000,yahoo
SP500,2005-09-23,1214.62,1218.83,1209.8,1215.29,1215.29,1973020000,yahoo
SP500,2005-09-26,1215.29,1222.5601,1211.84,1215.63,1215.63,2022220000,yahoo
SP500,2005-09-27,1215.63,1220.17,1211.11,1215.66,1215.66,1976270000,yahoo
SP500,2005-09-28,1215.66,1220.98,1212.72,1216.89,1216.89,2106980000,yahoo
SP500,2005-09-29,1216.89,1228.7,1211.54,1227.6801,1227.6801,2176120000,yahoo
SP500,2005-09-30,1227.6801,1229.5699,1225.22,1228.8101,1228.8101,2097520000,yahoo
SP500,2005-10-03,1228.8101,1233.34,1225.15,1226.7,1226.7,2097490000,yahoo
SP500,2005-10-04,1226.7,1229.88,1214.02,1214.47,1214.47,2341420000,yahoo
SP500,2005-10-05,1214.47,1214.47,1196.25,1196.39,1196.39,2546780000,yahoo
SP500,2005-10-06,1196.39,1202.14,1181.92,1191.49,1191.49,2792030000,yahoo
SP500,2005-10-07,1191.49,1199.71,1191.46,1195.9,1195.9,2126080000,yahoo
SP500,2005-10-10,1195.9,1196.52,1186.12,1187.33,1187.33,2195990000,yahoo
SP500,2005-10-11,1187.33,1193.1,1183.16,1184.87,1184.87,2299040000,yahoo
SP500,2005-10-12,1184.87,1190.02,1173.65,1177.6801,1177.6801,2491280000,yahoo
SP500,2005-10-13,1177.6801,1179.5601,1168.2,1176.84,1176.84,2351150000,yahoo
SP500,2005-10-14,1176.84,1187.13,1175.4399,1186.5699,1186.5699,2188940000,yahoo
SP500,2005-10-17,1186.5699,1191.21,1184.48,1190.1,1190.1,2054570000,yahoo
SP500,2005-10-18,1190.1,1190.1,1178.13,1178.14,1178.14,2197010000,yahoo
SP500,2005-10-19,1178.14,1195.76,1170.55,1195.76,1195.76,2703590000,yahoo
SP500,2005-10-20,1195.76,1197.3,1173.3,1177.8,1177.8,2617250000,yahoo
SP500,2005-10-21,1177.8,1186.46,1174.92,1179.59,1179.59,2470920000,yahoo
SP500,2005-10-24,1179.59,1199.39,1179.59,1199.38,1199.38,2197790000,yahoo
SP500,2005-10-25,1199.38,1201.3,1189.29,1196.54,1196.54,2312470000,yahoo
SP500,2005-10-26,1196.54,1204.01,1191.38,1191.38,1191.38,2467750000,yahoo
SP500,2005-10-27,1191.38,1192.65,1178.89,1178.9,1178.9,2395370000,yahoo
SP500,2005-10-28,1178.9,1198.41,1178.9,1198.41,1198.41,2379400000,yahoo
SP500,2005-10-31,1198.41,1211.4301,1198.41,1207.01,1207.01,2567470000,yahoo
SP500,2005-11-01,1207.01,1207.34,1201.66,1202.76,1202.76,2457850000,yahoo
SP500,2005-11-02,1202.76,1215.17,1201.0699,1214.76,1214.76,2648090000,yahoo
SP500,2005-11-03,1214.76,1224.7,1214.76,1219.9399,1219.9399,2716630000,yahoo
SP500,2005-11-04,1219.9399,1222.52,1214.45,1220.14,1220.14,2050510000,yahoo
SP500,2005-11-07,1220.14,1224.1801,1217.29,1222.8101,1222.8101,1987580000,yahoo
SP500,2005-11-08,1222.8101,1222.8101,1216.08,1218.59,1218.59,1965050000,yahoo
SP500,2005-11-09,1218.59,1226.59,1216.53,1220.65,1220.65,2214460000,yahoo
SP500,2005-11-10,1220.65,1232.41,1215.05,1230.96,1230.96,2378460000,yahoo
SP500,2005-11-11,1230.96,1235.7,1230.72,1234.72,1234.72,1773140000,yahoo
SP500,2005-11-14,1234.72,1237.2,1231.78,1233.76,1233.76,1899780000,yahoo
SP500,2005-11-15,1233.76,1237.9399,1226.41,1229.01,1229.01,2359370000,yahoo
SP500,2005-11-16,1229.01,1232.24,1227.1801,1231.21,1231.21,2121580000,yahoo
SP500,2005-11-17,1231.21,1242.96,1231.21,1242.8,1242.8,2298040000,yahoo
SP500,2005-11-18,1242.8,1249.58,1240.71,1248.27,1248.27,2453290000,yahoo
SP500,2005-11-21,1248.27,1255.89,1246.9,1254.85,1254.85,2117350000,yahoo
SP500,2005-11-22,1254.85,1261.9,1251.4,1261.23,1261.23,2291420000,yahoo
SP500,2005-11-23,1261.23,1270.64,1259.51,1265.61,1265.61,1985400000,yahoo
SP500,2005-11-25,1265.61,1268.78,1265.54,1268.25,1268.25,724940000,yahoo
SP500,2005-11-28,1268.25,1268.4399,1257.17,1257.46,1257.46,2016900000,yahoo
SP500,2005-11-29,1257.46,1266.1801,1257.46,1257.48,1257.48,2268340000,yahoo
SP500,2005-11-30,1257.48,1260.9301,1249.39,1249.48,1249.48,2374690000,yahoo
SP500,2005-12-01,1249.48,1266.17,1249.48,1264.67,1264.67,2614830000,yahoo
SP500,2005-12-02,1264.67,1266.85,1261.42,1265.08,1265.08,2125580000,yahoo
SP500,2005-12-05,1265.08,1265.08,1258.12,1262.09,1262.09,2325840000,yahoo
SP500,2005-12-06,1262.09,1272.89,1262.09,1263.7,1263.7,2110740000,yahoo
SP500,2005-12-07,1263.7,1264.85,1253.02,1257.37,1257.37,2093830000,yahoo
SP500,2005-12-08,1257.37,1263.36,1250.91,1255.84,1255.84,2178300000,yahoo
SP500,2005-12-09,1255.84,1263.08,1254.24,1259.37,1259.37,1896290000,yahoo
SP500,2005-12-12,1259.37,1263.86,1255.52,1260.4301,1260.4301,1876550000,yahoo
SP500,2005-12-13,1260.4301,1272.11,1258.5601,1267.4301,1267.4301,2390020000,yahoo
SP500,2005-12-14,1267.4301,1275.8,1267.0699,1272.74,1272.74,2145520000,yahoo
SP500,2005-12-15,1272.74,1275.17,1267.74,1270.9399,1270.9399,2180590000,yahoo
SP500,2005-12-16,1270.9399,1275.24,1267.3199,1267.3199,1267.3199,2584190000,yahoo
SP500,2005-12-19,1267.3199,1270.51,1259.28,1259.92,1259.92,2208810000,yahoo
SP500,2005-12-20,1259.92,1263.86,1257.21,1259.62,1259.62,1996690000,yahoo
SP500,2005-12-21,1259.62,1269.37,1259.62,1262.79,1262.79,2065170000,yahoo
SP500,2005-12-22,1262.79,1268.1899,1262.5,1268.12,1268.12,1888500000,yahoo
SP500,2005-12-23,1268.12,1269.76,1265.92,1268.66,1268.66,1285810000,yahoo
SP500,2005-12-27,1268.66,1271.83,1256.54,1256.54,1256.54,1540470000,yahoo
SP500,2005-12-28,1256.54,1261.1,1256.54,1258.17,1258.17,1422360000,yahoo
SP500,2005-12-29,1258.17,1260.61,1254.1801,1254.42,1254.42,1382540000,yahoo
SP500,2005-12-30,1254.42,1254.42,1246.59,1248.29,1248.29,1443500000,yahoo
USDINR,2005-01-03,43.31,43.532,43.291,43.416,43.416,0,yahoo
USDINR,2005-01-04,43.412,43.519,43.25,43.491,43.491,0,yahoo
USDINR,2005-01-05,43.49,43.755,43.45,43.589,43.589,0,yahoo
USDINR,2005-01-06,43.591,43.901,43.58,43.828,43.828,0,yahoo
USDINR,2005-01-07,43.831,43.85,43.585,43.832,43.832,0,yahoo
USDINR,2005-01-10,43.827,43.959,43.743,43.793,43.793,0,yahoo
USDINR,2005-01-11,43.791,43.802,43.522,43.529,43.529,0,yahoo
USDINR,2005-01-12,43.528,43.76,43.512,43.531,43.531,0,yahoo
USDINR,2005-01-13,43.529,43.643,43.48,43.573,43.573,0,yahoo
USDINR,2005-01-14,43.573,43.779,43.479,43.511,43.511,0,yahoo
USDINR,2005-01-17,43.512,43.65,43.47,43.5,43.5,0,yahoo
USDINR,2005-01-18,43.484,43.715,43.473,43.68,43.68,0,yahoo
USDINR,2005-01-19,43.659,43.691,43.487,43.52,43.52,0,yahoo
USDINR,2005-01-20,43.509,43.745,43.5,43.68,43.68,0,yahoo
USDINR,2005-01-21,43.67,43.7,43.485,43.501,43.501,0,yahoo
USDINR,2005-01-24,43.587,43.697,43.55,43.58,43.58,0,yahoo
USDINR,2005-01-25,43.567,43.762,43.559,43.66,43.66,0,yahoo
USDINR,2005-01-26,43.648,43.68,43.59,43.66,43.66,0,yahoo
USDINR,2005-01-27,43.653,43.72,43.595,43.68,43.68,0,yahoo
USDINR,2005-01-28,43.669,43.703,43.555,43.603,43.603,0,yahoo
USDINR,2005-01-31,43.58,43.667,43.575,43.66,43.66,0,yahoo
USDINR,2005-02-01,43.652,43.66,43.575,43.6,43.6,0,yahoo
USDINR,2005-02-02,43.587,43.606,43.219,43.24,43.24,0,yahoo
USDINR,2005-02-03,43.231,43.355,43.22,43.3,43.3,0,yahoo
USDINR,2005-02-04,43.293,43.43,43.245,43.289,43.289,0,yahoo
USDINR,2005-02-07,43.385,43.437,43.288,43.36,43.36,0,yahoo
USDINR,2005-02-08,43.352,43.632,43.343,43.62,43.62,0,yahoo
USDINR,2005-02-09,43.609,43.664,43.56,43.64,43.64,0,yahoo
USDINR,2005-02-10,43.632,43.75,43.566,43.64,43.64,0,yahoo
USDINR,2005-02-11,43.632,43.755,43.621,43.68,43.68,0,yahoo
USDINR,2005-02-14,43.689,43.702,43.575,43.7,43.7,0,yahoo
USDINR,2005-02-15,43.69,43.76,43.645,43.74,43.74,0,yahoo
USDINR,2005-02-16,43.737,43.75,43.6,43.64,43.64,0,yahoo
USDINR,2005-02-17,43.631,43.75,43.603,43.62,43.62,0,yahoo
USDINR,2005-02-18,43.61,43.77,43.604,43.65,43.65,0,yahoo
USDINR,2005-02-21,43.651,43.75,43.64,43.72,43.72,0,yahoo
USDINR,2005-02-22,43.71,43.725,43.536,43.58,43.58,0,yahoo
USDINR,2005-02-23,43.572,43.692,43.55,43.66,43.66,0,yahoo
USDINR,2005-02-24,43.656,43.666,43.52,43.6,43.6,0,yahoo
USDINR,2005-02-25,43.592,43.65,43.555,43.589,43.589,0,yahoo
USDINR,2005-02-28,43.589,43.615,43.525,43.56,43.56,0,yahoo
USDINR,2005-03-01,43.551,43.66,43.54,43.64,43.64,0,yahoo
USDINR,2005-03-02,43.63,43.66,43.57,43.64,43.64,0,yahoo
USDINR,2005-03-03,43.632,43.645,43.562,43.58,43.58,0,yahoo
USDINR,2005-03-04,43.564,43.678,43.555,43.567,43.567,0,yahoo
USDINR,2005-03-07,43.61,43.658,43.575,43.585,43.585,0,yahoo
USDINR,2005-03-08,43.615,43.637,43.53,43.56,43.56,0,yahoo
USDINR,2005-03-09,43.55,43.608,43.533,43.58,43.58,0,yahoo
USDINR,2005-03-10,43.568,43.595,43.45,43.5,43.5,0,yahoo
USDINR,2005-03-11,43.492,43.522,43.397,43.409,43.409,0,yahoo
USDINR,2005-03-14,43.411,43.48,43.403,43.46,43.46,0,yahoo
USDINR,2005-03-15,43.453,43.513,43.43,43.48,43.48,0,yahoo
USDINR,2005-03-16,43.469,43.577,43.46,43.55,43.55,0,yahoo
USDINR,2005-03-17,43.539,43.585,43.527,43.55,43.55,0,yahoo
USDINR,2005-03-18,43.542,43.687,43.45,43.55,43.55,0,yahoo
USDINR,2005-03-21,43.538,43.715,43.52,43.55,43.55,0,yahoo
USDINR,2005-03-22,43.542,43.752,43.529,43.65,43.65,0,yahoo
USDINR,2005-03-23,43.644,43.78,43.628,43.66,43.66,0,yahoo
USDINR,2005-03-24,43.643,43.822,43.605,43.64,43.64,0,yahoo
USDINR,2005-03-25,43.64,43.72,43.602,43.62,43.62,0,yahoo
USDINR,2005-03-28,43.66,43.807,43.58,43.65,43.65,0,yahoo
USDINR,2005-03-29,43.641,43.82,43.626,43.65,43.65,0,yahoo
USDINR,2005-03-30,43.633,43.83,43.623,43.75,43.75,0,yahoo
USDINR,2005-03-31,43.735,43.767,43.595,43.61,43.61,0,yahoo
USDINR,2005-04-01,43.738,43.752,43.472,43.49,43.49,0,yahoo
USDINR,2005-04-04,43.493,43.777,43.482,43.65,43.65,0,yahoo
USDINR,2005-04-05,43.642,43.82,43.618,43.65,43.65,0,yahoo
USDINR,2005-04-06,43.642,43.75,43.62,43.68,43.68,0,yahoo
USDINR,2005-04-07,43.668,43.755,43.601,43.62,43.62,0,yahoo
USDINR,2005-04-08,43.614,43.76,43.6,43.651,43.651,0,yahoo
USDINR,2005-04-11,43.648,43.735,43.58,43.642,43.642,0,yahoo
USDINR,2005-04-12,43.647,43.722,43.55,43.62,43.62,0,yahoo
USDINR,2005-04-13,43.62,43.74,43.59,43.68,43.68,0,yahoo
USDINR,2005-04-14,43.664,43.71,43.574,43.6,43.6,0,yahoo
USDINR,2005-04-15,43.586,43.83,43.58,43.698,43.698,0,yahoo
USDINR,2005-04-18,43.692,43.79,43.602,43.62,43.62,0,yahoo
USDINR,2005-04-19,43.62,43.77,43.58,43.68,43.68,0,yahoo
USDINR,2005-04-20,43.66,43.755,43.552,43.58,43.58,0,yahoo
USDINR,2005-04-21,43.562,43.752,43.556,43.68,43.68,0,yahoo
USDINR,2005-04-22,43.671,43.74,43.6,43.61,43.61,0,yahoo
USDINR,2005-04-25,43.653,43.717,43.585,43.63,43.63,0,yahoo
USDINR,2005-04-26,43.633,43.692,43.535,43.62,43.62,0,yahoo
USDINR,2005-04-27,43.611,43.71,43.52,43.58,43.58,0,yahoo
USDINR,2005-04-28,43.577,43.722,43.55,43.6,43.6,0,yahoo
USDINR,2005-04-29,43.64,43.648,43.361,43.38,43.38,0,yahoo
USDINR,2005-05-02,43.433,43.54,43.42,43.5,43.5,0,yahoo
USDINR,2005-05-03,43.49,43.6,43.45,43.52,43.52,0,yahoo
USDINR,2005-05-04,43.508,43.56,43.35,43.46,43.46,0,yahoo
USDINR,2005-05-05,43.394,43.46,43.279,43.35,43.35,0,yahoo
USDINR,2005-05-06,43.3,43.527,43.26,43.43,43.43,0,yahoo
USDINR,2005-05-09,43.43,43.52,43.3,43.44,43.44,0,yahoo
USDINR,2005-05-10,43.434,43.47,43.3,43.36,43.36,0,yahoo
USDINR,2005-05-11,43.353,43.38,43.13,43.22,43.22,0,yahoo
USDINR,2005-05-12,43.208,43.365,43.18,43.24,43.24,0,yahoo
USDINR,2005-05-13,43.23,43.44,43.216,43.4,43.4,0,yahoo
USDINR,2005-05-16,43.35,43.495,43.32,43.4,43.4,0,yahoo
USDINR,2005-05-17,43.393,43.485,43.34,43.42,43.42,0,yahoo
USDINR,2005-05-18,43.408,43.6,43.355,43.38,43.38,0,yahoo
USDINR,2005-05-19,43.367,43.475,43.35,43.38,43.38,0,yahoo
USDINR,2005-05-23,43.369,43.545,43.36,43.42,43.42,0,yahoo
USDINR,2005-05-24,43.415,43.51,43.36,43.48,43.48,0,yahoo
USDINR,2005-05-25,43.473,43.535,43.4,43.46,43.46,0,yahoo
USDINR,2005-05-26,43.45,43.535,43.4,43.5,43.5,0,yahoo
USDINR,2005-05-27,43.448,43.525,43.385,43.5,43.5,0,yahoo
USDINR,2005-05-30,43.432,43.56,43.4,43.5,43.5,0,yahoo
USDINR,2005-05-31,43.492,43.73,43.476,43.62,43.62,0,yahoo
USDINR,2005-06-01,43.609,43.767,43.602,43.72,43.72,0,yahoo
USDINR,2005-06-02,43.711,43.728,43.58,43.7,43.7,0,yahoo
USDINR,2005-06-03,43.691,43.702,43.475,43.56,43.56,0,yahoo
USDINR,2005-06-06,43.585,43.599,43.47,43.52,43.52,0,yahoo
USDINR,2005-06-07,43.506,43.57,43.43,43.48,43.48,0,yahoo
USDINR,2005-06-08,43.469,43.527,43.385,43.42,43.42,0,yahoo
USDINR,2005-06-09,43.412,43.545,43.34,43.46,43.46,0,yahoo
USDINR,2005-06-10,43.389,43.547,43.38,43.47,43.47,0,yahoo
USDINR,2005-06-13,43.472,43.635,43.457,43.54,43.54,0,yahoo
USDINR,2005-06-14,43.531,43.66,43.5,43.58,43.58,0,yahoo
USDINR,2005-06-15,43.571,43.652,43.45,43.5,43.5,0,yahoo
USDINR,2005-06-16,43.488,43.61,43.457,43.48,43.48,0,yahoo
USDINR,2005-06-17,43.468,43.577,43.43,43.49,43.49,0,yahoo
USDINR,2005-06-20,43.452,43.545,43.437,43.48,43.48,0,yahoo
USDINR,2005-06-21,43.471,43.612,43.433,43.48,43.48,0,yahoo
USDINR,2005-06-22,43.468,43.53,43.392,43.42,43.42,0,yahoo
USDINR,2005-06-23,43.41,43.55,43.38,43.48,43.48,0,yahoo
USDINR,2005-06-24,43.473,43.575,43.4,43.49,43.49,0,yahoo
USDINR,2005-06-27,43.43,43.512,43.4,43.42,43.42,0,yahoo
USDINR,2005-06-28,43.407,43.53,43.385,43.48,43.48,0,yahoo
USDINR,2005-06-29,43.545,43.565,43.438,43.48,43.48,0,yahoo
USDINR,2005-06-30,43.469,43.525,43.425,43.46,43.46,0,yahoo
USDINR,2005-07-01,43.5,43.51,43.375,43.5,43.5,0,yahoo
USDINR,2005-07-04,43.552,43.555,43.432,43.46,43.46,0,yahoo
USDINR,2005-07-05,43.45,43.575,43.38,43.5,43.5,0,yahoo
USDINR,2005-07-06,43.489,43.582,43.42,43.5,43.5,0,yahoo
USDINR,2005-07-07,43.49,43.632,43.42,43.56,43.56,0,yahoo
USDINR,2005-07-08,43.55,43.63,43.48,43.54,43.54,0,yahoo
USDINR,2005-07-11,43.54,43.562,43.433,43.46,43.46,0,yahoo
USDINR,2005-07-12,43.448,43.537,43.42,43.46,43.46,0,yahoo
USDINR,2005-07-13,43.45,43.55,43.401,43.412,43.412,0,yahoo
USDINR,2005-07-14,43.42,43.535,43.38,43.42,43.42,0,yahoo
USDINR,2005-07-15,43.409,43.52,43.38,43.47,43.47,0,yahoo
USDINR,2005-07-18,43.47,43.54,43.38,43.454,43.454,0,yahoo
USDINR,2005-07-19,43.491,43.52,43.458,43.52,43.52,0,yahoo
USDINR,2005-07-20,43.52,43.537,43.38,43.45,43.45,0,yahoo
USDINR,2005-07-21,43.45,43.505,43,43,43,0,yahoo
USDINR,2005-07-22,43,43.46,43,43.45,43.45,0,yahoo
USDINR,2005-07-25,43.37,43.55,43.37,43.46,43.46,0,yahoo
USDINR,2005-07-26,43.431,43.565,43.375,43.41,43.41,0,yahoo
USDINR,2005-07-27,43.429,43.45,43.315,43.34,43.34,0,yahoo
USDINR,2005-07-28,43.35,43.44,43.282,43.32,43.32,0,yahoo
USDINR,2005-07-29,43.293,43.502,43.259,43.35,43.35,0,yahoo
USDINR,2005-08-01,43.353,43.45,43.285,43.38,43.38,0,yahoo
USDINR,2005-08-02,43.374,43.532,43.33,43.4,43.4,0,yahoo
USDINR,2005-08-03,43.39,43.505,43.33,43.37,43.37,0,yahoo
USDINR,2005-08-04,43.387,43.507,43.33,43.391,43.391,0,yahoo
USDINR,2005-08-05,43.45,43.512,43.365,43.42,43.42,0,yahoo
USDINR,2005-08-08,43.41,43.545,43.397,43.45,43.45,0,yahoo
USDINR,2005-08-09,43.45,43.567,43.396,43.45,43.45,0,yahoo
USDINR,2005-08-10,43.42,43.54,43.403,43.45,43.45,0,yahoo
USDINR,2005-08-11,43.46,43.59,43.431,43.5,43.5,0,yahoo
USDINR,2005-08-12,43.448,43.575,43.415,43.564,43.564,0,yahoo
USDINR,2005-08-15,43.506,43.521,43.358,43.44,43.44,0,yahoo
USDINR,2005-08-16,43.376,43.54,43.362,43.45,43.45,0,yahoo
USDINR,2005-08-17,43.447,43.54,43.41,43.46,43.46,0,yahoo
USDINR,2005-08-18,43.453,43.562,43.43,43.5,43.5,0,yahoo
USDINR,2005-08-19,43.492,43.52,43.47,43.52,43.52,0,yahoo
USDINR,2005-08-22,43.49,43.62,43.477,43.55,43.55,0,yahoo
USDINR,2005-08-23,43.512,43.73,43.504,43.58,43.58,0,yahoo
USDINR,2005-08-24,43.569,43.75,43.54,43.7,43.7,0,yahoo
USDINR,2005-08-25,43.628,43.755,43.6,43.7,43.7,0,yahoo
USDINR,2005-08-26,43.689,43.74,43.585,43.6,43.6,0,yahoo
USDINR,2005-08-29,43.648,43.885,43.6,43.66,43.66,0,yahoo
USDINR,2005-08-30,43.652,43.985,43.634,43.652,43.652,0,yahoo
USDINR,2005-08-31,43.66,44.13,43.643,43.98,43.98,0,yahoo
USDINR,2005-09-01,43.966,44.112,43.878,43.9,43.9,0,yahoo
USDINR,2005-09-02,43.888,43.935,43.775,43.8,43.8,0,yahoo
USDINR,2005-09-05,43.871,43.878,43.632,43.66,43.66,0,yahoo
USDINR,2005-09-06,43.642,43.935,43.636,43.81,43.81,0,yahoo
USDINR,2005-09-07,43.76,43.875,43.74,43.82,43.82,0,yahoo
USDINR,2005-09-08,43.812,43.865,43.71,43.78,43.78,0,yahoo
USDINR,2005-09-09,43.771,43.84,43.7,43.76,43.76,0,yahoo
USDINR,2005-09-12,43.734,43.827,43.715,43.79,43.79,0,yahoo
USDINR,2005-09-13,43.728,43.895,43.7,43.83,43.83,0,yahoo
USDINR,2005-09-14,43.73,43.931,43.721,43.82,43.82,0,yahoo
USDINR,2005-09-15,43.792,43.962,43.77,43.8,43.8,0,yahoo
USDINR,2005-09-16,43.791,43.895,43.76,43.82,43.82,0,yahoo
USDINR,2005-09-19,43.788,43.897,43.77,43.83,43.83,0,yahoo
USDINR,2005-09-20,43.83,43.917,43.76,43.84,43.84,0,yahoo
USDINR,2005-09-22,43.895,43.92,43.76,43.85,43.85,0,yahoo
USDINR,2005-09-23,43.832,43.94,43.776,43.85,43.85,0,yahoo
USDINR,2005-09-26,43.77,43.96,43.77,43.85,43.85,0,yahoo
USDINR,2005-09-27,43.88,43.99,43.82,43.9,43.9,0,yahoo
USDINR,2005-09-28,43.875,44.065,43.86,44,44,0,yahoo
USDINR,2005-09-29,43.984,44.025,43.89,43.94,43.94,0,yahoo
USDINR,2005-09-30,43.929,43.942,43.845,43.93,43.93,0,yahoo
USDINR,2005-10-03,43.872,44.122,43.856,44.06,44.06,0,yahoo
USDINR,2005-10-04,44.052,44.215,43.96,44.04,44.04,0,yahoo
USDINR,2005-10-05,44.028,44.29,44.021,44.2,44.2,0,yahoo
USDINR,2005-10-06,44.186,44.267,44.1,44.14,44.14,0,yahoo
USDINR,2005-10-07,44.127,44.35,44.12,44.34,44.34,0,yahoo
USDINR,2005-10-10,44.241,44.75,44.238,44.75,44.75,0,yahoo
USDINR,2005-10-11,44.669,44.95,44.6,44.86,44.86,0,yahoo
USDINR,2005-10-12,44.851,44.858,44.658,44.75,44.75,0,yahoo
USDINR,2005-10-13,44.67,44.94,44.661,44.87,44.87,0,yahoo
USDINR,2005-10-14,44.845,44.927,44.708,44.72,44.72,0,yahoo
USDINR,2005-10-17,44.727,44.87,44.714,44.81,44.81,0,yahoo
USDINR,2005-10-18,44.73,45.16,44.712,45.02,45.02,0,yahoo
USDINR,2005-10-19,45.09,45.375,45.01,45.09,45.09,0,yahoo
USDINR,2005-10-20,45.092,45.222,45.01,45.12,45.12,0,yahoo
USDINR,2005-10-21,45.106,45.119,44.915,45.01,45.01,0,yahoo
USDINR,2005-10-24,44.994,45.172,44.94,45.05,45.05,0,yahoo
USDINR,2005-10-26,45.02,45.035,44.87,44.94,44.94,0,yahoo
USDINR,2005-10-27,44.932,45.075,44.916,44.99,44.99,0,yahoo
USDINR,2005-10-28,44.922,45.14,44.9,45.01,45.01,0,yahoo
USDINR,2005-10-31,44.985,45.12,44.979,45.04,45.04,0,yahoo
USDINR,2005-11-01,45.041,45.06,44.974,45,45,0,yahoo
USDINR,2005-11-02,44.973,45.285,44.973,45.17,45.17,0,yahoo
USDINR,2005-11-03,45.165,45.29,45.11,45.2,45.2,0,yahoo
USDINR,2005-11-04,45.194,45.52,45.16,45.44,45.44,0,yahoo
USDINR,2005-11-07,45.412,45.895,45.35,45.78,45.78,0,yahoo
USDINR,2005-11-08,45.771,45.99,45.675,45.72,45.72,0,yahoo
USDINR,2005-11-09,45.707,45.805,45.615,45.68,45.68,0,yahoo
USDINR,2005-11-10,45.669,45.815,45.61,45.69,45.69,0,yahoo
USDINR,2005-11-11,45.688,45.842,45.48,45.48,45.48,0,yahoo
USDINR,2005-11-14,45.615,45.72,45.534,45.65,45.65,0,yahoo
USDINR,2005-11-15,45.65,45.69,45.501,45.56,45.56,0,yahoo
USDINR,2005-11-16,45.557,45.8,45.543,45.7,45.7,0,yahoo
USDINR,2005-11-17,45.689,45.77,45.597,45.64,45.64,0,yahoo
USDINR,2005-11-18,45.611,45.785,45.58,45.7,45.7,0,yahoo
USDINR,2005-11-21,45.65,45.777,45.6,45.66,45.66,0,yahoo
USDINR,2005-11-22,45.651,45.845,45.6,45.74,45.74,0,yahoo
USDINR,2005-11-23,45.731,45.747,45.625,45.68,45.68,0,yahoo
USDINR,2005-11-24,45.667,45.737,45.595,45.64,45.64,0,yahoo
USDINR,2005-11-25,45.631,45.81,45.56,45.74,45.74,0,yahoo
USDINR,2005-11-28,45.733,45.99,45.65,45.85,45.85,0,yahoo
USDINR,2005-11-29,45.791,45.91,45.7,45.8,45.8,0,yahoo
USDINR,2005-11-30,45.828,45.947,45.7,45.86,45.86,0,yahoo
USDINR,2005-12-01,45.847,46.005,45.75,45.91,45.91,0,yahoo
USDINR,2005-12-02,45.911,46.195,45.8,46.11,46.11,0,yahoo
USDINR,2005-12-05,46.048,46.33,46.04,46.24,46.24,0,yahoo
USDINR,2005-12-06,46.24,46.25,46.055,46.12,46.12,0,yahoo
USDINR,2005-12-07,46.12,46.22,46,46.16,46.16,0,yahoo
USDINR,2005-12-08,46.11,46.317,46.101,46.17,46.17,0,yahoo
USDINR,2005-12-09,46.13,46.225,46.06,46.11,46.11,0,yahoo
USDINR,2005-12-12,46.132,46.202,45.937,45.96,45.96,0,yahoo
USDINR,2005-12-13,45.951,46.085,45.91,46.02,46.02,0,yahoo
USDINR,2005-12-14,45.996,46.02,45.55,45.58,45.58,0,yahoo
USDINR,2005-12-15,45.566,45.63,45.2,45.22,45.22,0,yahoo
USDINR,2005-12-16,45.205,45.455,45.125,45.366,45.366,0,yahoo
USDINR,2005-12-19,45.272,45.281,44.885,45.28,45.28,0,yahoo
USDINR,2005-12-20,45.273,45.282,44.84,45.14,45.14,0,yahoo
USDINR,2005-12-21,45.073,45.375,45.01,45.1,45.1,0,yahoo
USDINR,2005-12-22,45.089,45.365,45.04,45.22,45.22,0,yahoo
USDINR,2005-12-23,45.205,45.216,45.025,45.1,45.1,0,yahoo
USDINR,2005-12-26,45.05,45.117,45.021,45.06,45.06,0,yahoo
USDINR,2005-12-27,45.054,45.24,44.96,45.08,45.08,0,yahoo
USDINR,2005-12-28,45.071,45.295,44.998,45.02,45.02,0,yahoo
USDINR,2005-12-29,45.009,45.177,45,45.11,45.11,0,yahoo
USDINR,2005-12-30,45.095,45.104,44.925,44.97,44.97,0,yahoo
USVIX,2005-01-03,13.39,14.23,13.25,14.08,14.08,0,yahoo
USVIX,2005-01-04,14.01,14.45,13.93,13.98,13.98,0,yahoo
USVIX,2005-01-05,13.98,14.09,13.26,14.09,14.09,0,yahoo
USVIX,2005-01-06,14.09,14.09,13.33,13.58,13.58,0,yahoo
USVIX,2005-01-07,13.47,13.51,12.94,13.49,13.49,0,yahoo
USVIX,2005-01-10,13.92,13.93,12.94,13.23,13.23,0,yahoo
USVIX,2005-01-11,13.44,13.68,13.05,13.19,13.19,0,yahoo
USVIX,2005-01-12,13.94,13.94,12.54,12.56,12.56,0,yahoo
USVIX,2005-01-13,12.7,12.86,12.37,12.84,12.84,0,yahoo
USVIX,2005-01-14,12.68,12.82,12.29,12.43,12.43,0,yahoo
USVIX,2005-01-18,13.13,13.15,12.3,12.47,12.47,0,yahoo
USVIX,2005-01-19,12.47,13.21,12.41,13.18,13.18,0,yahoo
USVIX,2005-01-20,13.37,14.11,13.28,13.83,13.83,0,yahoo
USVIX,2005-01-21,13.75,14.46,13.4,14.36,14.36,0,yahoo
USVIX,2005-01-24,14.38,14.75,14.17,14.65,14.65,0,yahoo
USVIX,2005-01-25,14.34,14.36,13.88,14.06,14.06,0,yahoo
USVIX,2005-01-26,13.84,13.84,13.06,13.44,13.44,0,yahoo
USVIX,2005-01-27,13.5,13.57,12.96,13.24,13.24,0,yahoo
USVIX,2005-01-28,13.15,13.56,12.83,13.24,13.24,0,yahoo
USVIX,2005-01-31,13.63,13.63,12.79,12.82,12.82,0,yahoo
USVIX,2005-02-01,12.8,13.02,12.02,12.03,12.03,0,yahoo
USVIX,2005-02-02,12.01,12.06,11.52,11.66,11.66,0,yahoo
USVIX,2005-02-03,12.03,12.12,11.72,11.79,11.79,0,yahoo
USVIX,2005-02-04,11.97,11.97,10.9,11.21,11.21,0,yahoo
USVIX,2005-02-07,11.53,11.75,11.36,11.73,11.73,0,yahoo
USVIX,2005-02-08,11.66,11.67,11.45,11.6,11.6,0,yahoo
USVIX,2005-02-09,11.52,12.02,11.41,12,12,0,yahoo
USVIX,2005-02-10,11.98,11.99,11.38,11.51,11.51,0,yahoo
USVIX,2005-02-11,11.64,11.82,11.25,11.43,11.43,0,yahoo
USVIX,2005-02-14,11.28,11.86,11.18,11.52,11.52,0,yahoo
USVIX,2005-02-15,11.57,11.76,11.13,11.27,11.27,0,yahoo
USVIX,2005-02-16,11.4,11.5,11.03,11.1,11.1,0,yahoo
USVIX,2005-02-17,11.25,11.91,11.21,11.77,11.77,0,yahoo
USVIX,2005-02-18,11.99,12.12,11.18,11.18,11.18,0,yahoo
USVIX,2005-02-22,12.18,13.2,12.09,13.14,13.14,0,yahoo
USVIX,2005-02-23,12.94,12.94,12.3,12.39,12.39,0,yahoo
USVIX,2005-02-24,12.51,12.51,11.48,11.57,11.57,0,yahoo
USVIX,2005-02-25,11.75,11.78,10.92,11.49,11.49,0,yahoo
USVIX,2005-02-28,11.89,12.5,11.73,12.08,12.08,0,yahoo
USVIX,2005-03-01,11.95,12.1,11.66,12.04,12.04,0,yahoo
USVIX,2005-03-02,12.88,12.91,12.2,12.5,12.5,0,yahoo
USVIX,2005-03-03,12.28,13.07,12.23,12.93,12.93,0,yahoo
USVIX,2005-03-04,12.49,12.5,11.94,11.94,11.94,0,yahoo
USVIX,2005-03-07,12.36,12.6,12.05,12.26,12.26,0,yahoo
USVIX,2005-03-08,12.06,12.5,11.95,12.4,12.4,0,yahoo
USVIX,2005-03-09,12.23,12.72,12.2,12.7,12.7,0,yahoo
USVIX,2005-03-10,12.62,12.97,12.42,12.49,12.49,0,yahoo
USVIX,2005-03-11,12.29,12.98,12.11,12.8,12.8,0,yahoo
USVIX,2005-03-14,12.82,12.99,12.36,12.39,12.39,0,yahoo
USVIX,2005-03-15,12.44,13.22,12.33,13.15,13.15,0,yahoo
USVIX,2005-03-16,13.3,13.81,13.19,13.49,13.49,0,yahoo
USVIX,2005-03-17,13.25,13.67,13.2,13.29,13.29,0,yahoo
USVIX,2005-03-18,13.65,13.67,13.08,13.14,13.14,0,yahoo
USVIX,2005-03-21,13.62,13.98,13.33,13.61,13.61,0,yahoo
USVIX,2005-03-22,13.76,14.28,13.15,14.27,14.27,0,yahoo
USVIX,2005-03-23,14.61,14.89,13.88,14.06,14.06,0,yahoo
USVIX,2005-03-24,13.86,13.88,12.97,13.42,13.42,0,yahoo
USVIX,2005-03-28,14.01,14.01,13.44,13.75,13.75,0,yahoo
USVIX,2005-03-29,13.96,14.68,13.38,14.49,14.49,0,yahoo
USVIX,2005-03-30,14.47,14.47,13.64,13.64,13.64,0,yahoo
USVIX,2005-03-31,13.71,14.1,13.57,14.02,14.02,0,yahoo
USVIX,2005-04-01,13.64,14.38,12.92,14.09,14.09,0,yahoo
USVIX,2005-04-04,14.53,14.76,13.96,14.11,14.11,0,yahoo
USVIX,2005-04-05,14.1,14.11,13.66,13.68,13.68,0,yahoo
USVIX,2005-04-06,13.75,13.76,12.89,13.15,13.15,0,yahoo
USVIX,2005-04-07,12.92,12.96,12.3,12.33,12.33,0,yahoo
USVIX,2005-04-08,12.06,12.65,11.52,12.62,12.62,0,yahoo
USVIX,2005-04-11,12.09,12.46,11.82,11.98,11.98,0,yahoo
USVIX,2005-04-12,12.12,12.83,11.2,11.3,11.3,0,yahoo
USVIX,2005-04-13,11.68,13.44,11.27,13.31,13.31,0,yahoo
USVIX,2005-04-14,13.4,14.6,12.67,14.53,14.53,0,yahoo
USVIX,2005-04-15,14.92,18.05,14.71,17.74,17.74,0,yahoo
USVIX,2005-04-18,18.33,18.59,16.41,16.56,16.56,0,yahoo
USVIX,2005-04-19,15.28,15.97,14.81,14.96,14.96,0,yahoo
USVIX,2005-04-20,14.86,17.25,14.52,16.92,16.92,0,yahoo
USVIX,2005-04-21,16.22,16.22,14.26,14.41,14.41,0,yahoo
USVIX,2005-04-22,14.54,16.32,14.2,15.38,15.38,0,yahoo
USVIX,2005-04-25,15.29,15.47,14.6,14.62,14.62,0,yahoo
USVIX,2005-04-26,14.27,15.15,14.27,14.91,14.91,0,yahoo
USVIX,2005-04-27,14.62,15.93,14.43,14.87,14.87,0,yahoo
USVIX,2005-04-28,14.19,16.87,14.19,16.86,16.86,0,yahoo
USVIX,2005-04-29,15.75,16.92,15.26,15.31,15.31,0,yahoo
USVIX,2005-05-02,15.45,16.01,15.08,15.12,15.12,0,yahoo
USVIX,2005-05-03,15.19,15.31,14.53,14.53,14.53,0,yahoo
USVIX,2005-05-04,14.44,15.38,13.7,13.85,13.85,0,yahoo
USVIX,2005-05-05,13.48,15.82,13.43,13.98,13.98,0,yahoo
USVIX,2005-05-06,13.29,14.06,13.11,14.05,14.05,0,yahoo
USVIX,2005-05-09,14.11,14.56,13.53,13.75,13.75,0,yahoo
USVIX,2005-05-10,14.05,15.11,14.03,14.91,14.91,0,yahoo
USVIX,2005-05-11,14.69,15.8,14.31,14.45,14.45,0,yahoo
USVIX,2005-05-12,14.43,16.23,14.16,16.12,16.12,0,yahoo
USVIX,2005-05-13,15.88,17.7,15.4,16.32,16.32,0,yahoo
USVIX,2005-05-16,16.87,16.87,15.67,15.68,15.68,0,yahoo
USVIX,2005-05-17,15.92,16.21,14.45,14.57,14.57,0,yahoo
USVIX,2005-05-18,14.11,14.13,13.3,13.63,13.63,0,yahoo
USVIX,2005-05-19,13.35,14.02,13.25,13.32,13.32,0,yahoo
USVIX,2005-05-20,13.57,13.73,13.07,13.14,13.14,0,yahoo
USVIX,2005-05-23,13.38,13.45,12.75,12.95,12.95,0,yahoo
USVIX,2005-05-24,13.12,13.3,12.53,12.69,12.69,0,yahoo
USVIX,2005-05-25,12.83,13.11,12.58,12.58,12.58,0,yahoo
USVIX,2005-05-26,12.23,12.38,11.65,12.24,12.24,0,yahoo
USVIX,2005-05-27,12.06,12.43,12.06,12.15,12.15,0,yahoo
USVIX,2005-05-31,12.69,13.45,12.67,13.29,13.29,0,yahoo
USVIX,2005-06-01,13.34,13.34,12.17,12.36,12.36,0,yahoo
USVIX,2005-06-02,12.35,12.43,11.8,11.84,11.84,0,yahoo
USVIX,2005-06-03,11.78,12.49,11.52,12.15,12.15,0,yahoo
USVIX,2005-06-06,12.68,13,12.21,12.28,12.28,0,yahoo
USVIX,2005-06-07,12.22,12.43,11.47,12.39,12.39,0,yahoo
USVIX,2005-06-08,12.05,12.83,12.05,12.7,12.7,0,yahoo
USVIX,2005-06-09,12.69,13.07,12.06,12.08,12.08,0,yahoo
USVIX,2005-06-10,12.16,12.4,11.9,11.96,11.96,0,yahoo
USVIX,2005-06-13,12.12,12.12,11.31,11.65,11.65,0,yahoo
USVIX,2005-06-14,11.65,12.02,11.52,11.79,11.79,0,yahoo
USVIX,2005-06-15,11.22,11.96,11.05,11.46,11.46,0,yahoo
USVIX,2005-06-16,11.24,11.36,11.04,11.15,11.15,0,yahoo
USVIX,2005-06-17,10.83,11.64,10.78,11.48,11.48,0,yahoo
USVIX,2005-06-20,12.51,12.53,11.31,11.47,11.47,0,yahoo
USVIX,2005-06-21,11.52,11.67,11.01,11.08,11.08,0,yahoo
USVIX,2005-06-22,10.96,11.31,10.81,11.05,11.05,0,yahoo
USVIX,2005-06-23,11.19,12.13,10.96,12.13,12.13,0,yahoo
USVIX,2005-06-24,12.27,12.32,11.95,12.18,12.18,0,yahoo
USVIX,2005-06-27,12.73,12.78,12.38,12.52,12.52,0,yahoo
USVIX,2005-06-28,12.31,12.31,11.55,11.58,11.58,0,yahoo
USVIX,2005-06-29,11.54,11.78,11.44,11.77,11.77,0,yahoo
USVIX,2005-06-30,11.72,12.1,11.5,12.04,12.04,0,yahoo
USVIX,2005-07-01,11.75,11.92,11.38,11.4,11.4,0,yahoo
USVIX,2005-07-05,12.41,12.41,11.53,11.68,11.68,0,yahoo
USVIX,2005-07-06,11.67,12.33,11.54,12.27,12.27,0,yahoo
USVIX,2005-07-07,13.91,13.92,12.48,12.49,12.49,0,yahoo
USVIX,2005-07-08,12.24,12.29,11.09,11.45,11.45,0,yahoo
USVIX,2005-07-11,10.96,11.41,10.53,11.28,11.28,0,yahoo
USVIX,2005-07-12,11.03,11.37,10.85,10.95,10.95,0,yahoo
USVIX,2005-07-13,11.09,11.44,10.8,10.84,10.84,0,yahoo
USVIX,2005-07-14,10.87,11.13,10.5,10.81,10.81,0,yahoo
USVIX,2005-07-15,10.61,10.9,10.13,10.33,10.33,0,yahoo
USVIX,2005-07-18,11.09,11.09,10.77,10.77,10.77,0,yahoo
USVIX,2005-07-19,10.63,10.79,10.36,10.45,10.45,0,yahoo
USVIX,2005-07-20,10.8,10.94,9.88,10.23,10.23,0,yahoo
USVIX,2005-07-21,10.23,11.21,10.23,10.97,10.97,0,yahoo
USVIX,2005-07-22,11.01,11.05,10.51,10.52,10.52,0,yahoo
USVIX,2005-07-25,11.12,11.28,10.7,11.1,11.1,0,yahoo
USVIX,2005-07-26,11.11,11.25,10.92,10.99,10.99,0,yahoo
USVIX,2005-07-27,11.03,11.03,10.34,10.36,10.36,0,yahoo
USVIX,2005-07-28,10.4,10.58,10.27,10.52,10.52,0,yahoo
USVIX,2005-07-29,10.24,11.73,10.24,11.57,11.57,0,yahoo
USVIX,2005-08-01,11.75,12.23,11.36,12.08,12.08,0,yahoo
USVIX,2005-08-02,12,12.03,11.69,11.75,11.75,0,yahoo
USVIX,2005-08-03,11.9,12.01,11.62,11.83,11.83,0,yahoo
USVIX,2005-08-04,12.12,12.57,11.99,12.52,12.52,0,yahoo
USVIX,2005-08-05,11.82,12.92,11.82,12.48,12.48,0,yahoo
USVIX,2005-08-08,12.56,13.29,12.56,13.21,13.21,0,yahoo
USVIX,2005-08-09,12.25,12.78,12.24,12.4,12.4,0,yahoo
USVIX,2005-08-10,12.03,12.56,11.51,12.38,12.38,0,yahoo
USVIX,2005-08-11,12.34,12.94,11.88,12.42,12.42,0,yahoo
USVIX,2005-08-12,12.36,12.98,12.18,12.74,12.74,0,yahoo
USVIX,2005-08-15,12.87,12.99,12.08,12.26,12.26,0,yahoo
USVIX,2005-08-16,12.37,13.89,12.28,13.52,13.52,0,yahoo
USVIX,2005-08-17,13.35,13.76,12.78,13.3,13.3,0,yahoo
USVIX,2005-08-18,13.47,13.88,13.01,13.42,13.42,0,yahoo
USVIX,2005-08-19,12.84,13.85,12.61,13.42,13.42,0,yahoo
USVIX,2005-08-22,13.67,13.89,13.2,13.42,13.42,0,yahoo
USVIX,2005-08-23,13.63,14.05,13.3,13.34,13.34,0,yahoo
USVIX,2005-08-24,13.56,14.18,13,14.17,14.17,0,yahoo
USVIX,2005-08-25,13.92,14.12,13.66,13.73,13.73,0,yahoo
USVIX,2005-08-26,13.79,14.2,13.65,13.72,13.72,0,yahoo
USVIX,2005-08-29,14.34,14.41,13.38,13.52,13.52,0,yahoo
USVIX,2005-08-30,13.49,14.18,13.47,13.65,13.65,0,yahoo
USVIX,2005-08-31,13.37,13.63,12.56,12.6,12.6,0,yahoo
USVIX,2005-09-01,12.86,13.37,12.31,13.15,13.15,0,yahoo
USVIX,2005-09-02,13.21,13.72,13.03,13.57,13.57,0,yahoo
USVIX,2005-09-06,14.17,14.18,12.9,12.93,12.93,0,yahoo
USVIX,2005-09-07,13.06,13.2,12.44,12.52,12.52,0,yahoo
USVIX,2005-09-08,12.72,12.94,12.37,12.93,12.93,0,yahoo
USVIX,2005-09-09,12.46,12.65,11.96,11.98,11.98,0,yahoo
USVIX,2005-09-12,11.66,11.89,11.45,11.65,11.65,0,yahoo
USVIX,2005-09-13,11.76,12.48,11.75,12.39,12.39,0,yahoo
USVIX,2005-09-14,12.79,13.26,12.67,12.91,12.91,0,yahoo
USVIX,2005-09-15,12.72,13.17,12.28,12.49,12.49,0,yahoo
USVIX,2005-09-16,11.89,11.93,11.07,11.22,11.22,0,yahoo
USVIX,2005-09-19,12.17,12.46,12.04,12.14,12.14,0,yahoo
USVIX,2005-09-20,12.23,12.96,11.83,12.64,12.64,0,yahoo
USVIX,2005-09-21,13.07,13.91,12.96,13.79,13.79,0,yahoo
USVIX,2005-09-22,13.85,14.39,13.31,13.33,13.33,0,yahoo
USVIX,2005-09-23,13.64,13.88,12.75,12.96,12.96,0,yahoo
USVIX,2005-09-26,13.27,13.47,12.64,13.04,13.04,0,yahoo
USVIX,2005-09-27,13.06,13.46,12.51,12.76,12.76,0,yahoo
USVIX,2005-09-28,12.6,12.98,12.37,12.63,12.63,0,yahoo
USVIX,2005-09-29,12.92,13.23,12.15,12.24,12.24,0,yahoo
USVIX,2005-09-30,12.42,12.44,11.92,11.92,11.92,0,yahoo
USVIX,2005-10-03,12.37,12.62,11.98,12.46,12.46,0,yahoo
USVIX,2005-10-04,12.5,13.21,12.11,13.2,13.2,0,yahoo
USVIX,2005-10-05,13.15,14.58,12.97,14.55,14.55,0,yahoo
USVIX,2005-10-06,14.53,15.63,14.04,14.96,14.96,0,yahoo
USVIX,2005-10-07,14.56,14.82,14.3,14.59,14.59,0,yahoo
USVIX,2005-10-10,14.93,15.61,14.87,15.55,15.55,0,yahoo
USVIX,2005-10-11,15.35,15.7,15.06,15.63,15.63,0,yahoo
USVIX,2005-10-12,15.56,16.27,15.04,16.22,16.22,0,yahoo
USVIX,2005-10-13,16.32,17.19,15.98,16.47,16.47,0,yahoo
USVIX,2005-10-14,15.99,16.03,14.83,14.87,14.87,0,yahoo
USVIX,2005-10-17,15.3,15.3,14.58,14.67,14.67,0,yahoo
USVIX,2005-10-18,14.92,15.4,14.79,15.33,15.33,0,yahoo
USVIX,2005-10-19,15.63,15.86,13.47,13.5,13.5,0,yahoo
USVIX,2005-10-20,14.18,16.19,13.98,16.11,16.11,0,yahoo
USVIX,2005-10-21,15.53,16.27,15.26,16.13,16.13,0,yahoo
USVIX,2005-10-24,16.18,16.44,14.61,14.74,14.74,0,yahoo
USVIX,2005-10-25,14.96,15.3,14.2,14.53,14.53,0,yahoo
USVIX,2005-10-26,14.8,14.88,13.72,14.59,14.59,0,yahoo
USVIX,2005-10-27,14.73,16.3,14.57,16.02,16.02,0,yahoo
USVIX,2005-10-28,15.45,15.61,14.11,14.25,14.25,0,yahoo
USVIX,2005-10-31,14.04,15.39,13.93,15.32,15.32,0,yahoo
USVIX,2005-11-01,14.85,15.66,14.65,14.85,14.85,0,yahoo
USVIX,2005-11-02,14.99,14.99,13.38,13.48,13.48,0,yahoo
USVIX,2005-11-03,13.12,13.23,12.5,13,13,0,yahoo
USVIX,2005-11-04,12.88,13.62,12.69,13.17,13.17,0,yahoo
USVIX,2005-11-07,13.11,13.65,12.76,13.1,13.1,0,yahoo
USVIX,2005-11-08,13.61,13.61,13.04,13.08,13.08,0,yahoo
USVIX,2005-11-09,13.14,13.36,12.42,12.8,12.8,0,yahoo
USVIX,2005-11-10,12.68,13.17,11.73,11.9,11.9,0,yahoo
USVIX,2005-11-11,11.82,11.96,11.63,11.63,11.63,0,yahoo
USVIX,2005-11-14,11.99,12.34,11.77,12.18,12.18,0,yahoo
USVIX,2005-11-15,12.16,12.69,11.7,12.23,12.23,0,yahoo
USVIX,2005-11-16,12.22,12.68,12.17,12.26,12.26,0,yahoo
USVIX,2005-11-17,11.92,12.2,11.25,11.25,11.25,0,yahoo
USVIX,2005-11-18,11.19,11.67,10.96,11.12,11.12,0,yahoo
USVIX,2005-11-21,11.18,11.38,10.71,10.82,10.82,0,yahoo
USVIX,2005-11-22,11.01,11.1,10.5,10.6,10.6,0,yahoo
USVIX,2005-11-23,10.96,11.03,10.67,10.96,10.96,0,yahoo
USVIX,2005-11-25,11.04,11.24,10.88,10.88,10.88,0,yahoo
USVIX,2005-11-28,11.34,11.99,11.33,11.84,11.84,0,yahoo
USVIX,2005-11-29,11.77,11.96,11.61,11.89,11.89,0,yahoo
USVIX,2005-11-30,11.84,12.13,11.55,12.06,12.06,0,yahoo
USVIX,2005-12-01,12.09,12.23,11.14,11.24,11.24,0,yahoo
USVIX,2005-12-02,11.1,11.23,10.94,11.01,11.01,0,yahoo
USVIX,2005-12-05,11.45,11.68,11.4,11.6,11.6,0,yahoo
USVIX,2005-12-06,11.16,11.59,10.96,11.52,11.52,0,yahoo
USVIX,2005-12-07,11.49,12.44,11.45,12.18,12.18,0,yahoo
USVIX,2005-12-08,11.88,12.41,11.73,12.21,12.21,0,yahoo
USVIX,2005-12-09,11.91,12.2,11.56,11.69,11.69,0,yahoo
USVIX,2005-12-12,10.86,11.81,10.83,11.47,11.47,0,yahoo
USVIX,2005-12-13,10.57,11.42,10.57,11.11,11.11,0,yahoo
USVIX,2005-12-14,10.75,10.79,10.39,10.48,10.48,0,yahoo
USVIX,2005-12-15,10.66,11.11,10.37,10.73,10.73,0,yahoo
USVIX,2005-12-16,10.7,10.75,10.15,10.68,10.68,0,yahoo
USVIX,2005-12-19,11.11,11.38,10.65,11.38,11.38,0,yahoo
USVIX,2005-12-20,11.32,11.45,11,11.19,11.19,0,yahoo
USVIX,2005-12-21,10.71,11.07,10.34,10.81,10.81,0,yahoo
USVIX,2005-12-22,10.82,10.89,10.28,10.29,10.29,0,yahoo
USVIX,2005-12-23,10.37,10.48,10.24,10.27,10.27,0,yahoo
USVIX,2005-12-27,10.97,11.65,10.83,11.57,11.57,0,yahoo
USVIX,2005-12-28,11.55,11.64,11.26,11.35,11.35,0,yahoo
USVIX,2005-12-29,11.36,11.67,11.14,11.61,11.61,0,yahoo
USVIX,2005-12-30,11.96,12.07,11.55,12.07,12.07,0,yahoo
