symbol,date,open,high,low,close,adj_close,volume,source
CRUDE,2006-01-03,61.04,63.8,60.81,63.14,63.14,130635,yahoo
CRUDE,2006-01-04,63,63.65,62.26,63.42,63.42,105194,yahoo
CRUDE,2006-01-05,63.4,63.8,62.6,62.79,62.79,104035,yahoo
CRUDE,2006-01-06,62.6,64.45,62.6,64.21,64.21,110763,yahoo
CRUDE,2006-01-09,64.15,64.61,62.9,63.5,63.5,115558,yahoo
CRUDE,2006-01-10,63.38,64.2,63.05,63.37,63.37,111890,yahoo
CRUDE,2006-01-11,63.35,64.8,62.6,63.94,63.94,166379,yahoo
CRUDE,2006-01-12,63.98,65.05,63.85,63.94,63.94,111400,yahoo
CRUDE,2006-01-13,63.97,64.33,63.1,63.92,63.92,111400,yahoo
CRUDE,2006-01-17,64.82,66.35,64.6,66.31,66.31,117433,yahoo
CRUDE,2006-01-18,66.35,66.93,65.25,65.73,65.73,87073,yahoo
CRUDE,2006-01-19,65.85,66.9,65.25,66.83,66.83,64886,yahoo
CRUDE,2006-01-20,66.85,68.8,66.78,68.35,68.35,149990,yahoo
CRUDE,2006-01-23,68.45,69.2,67.6,68.1,68.1,84184,yahoo
CRUDE,2006-01-24,68.1,68.11,67,67.06,67.06,100194,yahoo
CRUDE,2006-01-25,67.1,67.1,65.45,65.85,65.85,138328,yahoo
CRUDE,2006-01-26,65.85,66.9,65.31,66.26,66.26,124697,yahoo
CRUDE,2006-01-27,66.49,67.95,66.35,67.76,67.76,112320,yahoo
CRUDE,2006-01-30,67.85,68.45,67.25,68.35,68.35,92440,yahoo
CRUDE,2006-01-31,68.4,68.65,67.35,67.92,67.92,118865,yahoo
CRUDE,2006-02-01,67.73,69,66.3,66.56,66.56,140025,yahoo
CRUDE,2006-02-02,66.28,67.19,64.4,64.68,64.68,150155,yahoo
CRUDE,2006-02-03,64.7,65.4,63.95,65.37,65.37,110816,yahoo
CRUDE,2006-02-06,65.6,66.62,64.9,65.11,65.11,97538,yahoo
CRUDE,2006-02-07,65.1,65.1,63,63.09,63.09,145683,yahoo
CRUDE,2006-02-08,63.19,63.49,62.3,62.55,62.55,150436,yahoo
CRUDE,2006-02-09,62.57,63.7,62.34,62.62,62.62,133578,yahoo
CRUDE,2006-02-10,62.64,63,61.2,61.84,61.84,146060,yahoo
CRUDE,2006-02-13,62.1,62.18,60.85,61.24,61.24,91961,yahoo
CRUDE,2006-02-14,61.18,61.3,59.5,59.57,59.57,132021,yahoo
CRUDE,2006-02-15,59.49,60.05,57.5,57.7,57.7,136092,yahoo
CRUDE,2006-02-16,57.7,58.64,57.55,58.46,58.46,93510,yahoo
CRUDE,2006-02-17,58.8,60,58.68,59.88,59.88,93510,yahoo
CRUDE,2006-02-21,61.25,61.5,60.5,61.1,61.1,114878,yahoo
CRUDE,2006-02-22,62.5,62.59,60.52,61.01,61.01,106291,yahoo
CRUDE,2006-02-23,60.91,61.15,59.7,60.54,60.54,122119,yahoo
CRUDE,2006-02-24,60.5,63.25,60.47,62.91,62.91,134353,yahoo
CRUDE,2006-02-27,62.8,62.85,60.85,61,61,93771,yahoo
CRUDE,2006-02-28,60.9,61.5,60.3,61.41,61.41,133720,yahoo
CRUDE,2006-03-01,61.58,62.35,61.46,61.97,61.97,91941,yahoo
CRUDE,2006-03-02,61.96,63.45,61.8,63.36,63.36,97323,yahoo
CRUDE,2006-03-03,63.53,63.79,62.7,63.67,63.67,97539,yahoo
CRUDE,2006-03-06,63.75,63.92,61.8,62.41,62.41,98681,yahoo
CRUDE,2006-03-07,62.32,62.75,61.1,61.58,61.58,120050,yahoo
CRUDE,2006-03-08,61.55,61.68,59.25,60.02,60.02,132359,yahoo
CRUDE,2006-03-09,60.01,60.9,59.55,60.47,60.47,118689,yahoo
CRUDE,2006-03-10,60.56,60.78,59.7,59.96,59.96,98521,yahoo
CRUDE,2006-03-13,60.05,61.9,59.58,61.77,61.77,127869,yahoo
CRUDE,2006-03-14,61.75,63.37,61.27,63.1,63.1,108475,yahoo
CRUDE,2006-03-15,62.9,63.2,62,62.17,62.17,96651,yahoo
CRUDE,2006-03-16,62.05,63.9,61.65,63.58,63.58,100866,yahoo
CRUDE,2006-03-17,63.48,63.7,62.7,62.77,62.77,67472,yahoo
CRUDE,2006-03-20,62.96,62.99,60.25,60.42,60.42,77265,yahoo
CRUDE,2006-03-21,60.41,61,59.6,60.57,60.57,117421,yahoo
CRUDE,2006-03-22,62.28,62.85,61.61,61.77,61.77,96044,yahoo
CRUDE,2006-03-23,61.9,64,61.87,63.91,63.91,136666,yahoo
CRUDE,2006-03-24,63.87,64.75,63.4,64.26,64.26,91950,yahoo
CRUDE,2006-03-27,64.18,64.55,63.45,64.16,64.16,62115,yahoo
CRUDE,2006-03-28,64.3,66.2,64.05,66.07,66.07,101384,yahoo
CRUDE,2006-03-29,66.1,66.7,65.58,66.45,66.45,112102,yahoo
CRUDE,2006-03-30,66.51,67.3,66.05,67.15,67.15,95673,yahoo
CRUDE,2006-03-31,67.05,67.14,65.6,66.63,66.63,139335,yahoo
CRUDE,2006-04-03,66.25,67.9,66.2,66.74,66.74,94634,yahoo
CRUDE,2006-04-04,66.65,66.65,65.6,66.23,66.23,108407,yahoo
CRUDE,2006-04-05,66.2,67.25,65.74,67.07,67.07,99786,yahoo
CRUDE,2006-04-06,67.11,68.2,67.1,67.94,67.94,111112,yahoo
CRUDE,2006-04-07,67.85,67.85,66.65,67.39,67.39,109202,yahoo
CRUDE,2006-04-10,67.34,68.95,67.22,68.74,68.74,108018,yahoo
CRUDE,2006-04-11,68.67,69.45,68,68.98,68.98,125615,yahoo
CRUDE,2006-04-12,68.95,69.6,68.45,68.62,68.62,123407,yahoo
CRUDE,2006-04-13,68.52,69.4,67.87,69.32,69.32,119373,yahoo
CRUDE,2006-04-17,69.63,70.45,69.3,70.4,70.4,98598,yahoo
CRUDE,2006-04-18,70.27,71.6,70.15,71.35,71.35,96036,yahoo
CRUDE,2006-04-19,71.29,72.4,70.7,72.17,72.17,89721,yahoo
CRUDE,2006-04-20,72.03,72.49,70.7,71.95,71.95,141724,yahoo
CRUDE,2006-04-21,73.35,75.35,72.73,75.17,75.17,100736,yahoo
CRUDE,2006-04-24,75.06,75.35,72.95,73.33,73.33,125457,yahoo
CRUDE,2006-04-25,73.28,74,71.75,72.88,72.88,146843,yahoo
CRUDE,2006-04-26,72.85,73.22,71.85,71.93,71.93,107094,yahoo
CRUDE,2006-04-27,71.93,72.01,70.75,70.97,70.97,108953,yahoo
CRUDE,2006-04-28,70.99,72.65,70.49,71.88,71.88,155575,yahoo
CRUDE,2006-05-01,71.75,73.75,71.42,73.7,73.7,83652,yahoo
CRUDE,2006-05-02,73.8,74.9,73.5,74.61,74.61,112597,yahoo
CRUDE,2006-05-03,74.63,74.99,72.25,72.28,72.28,119109,yahoo
CRUDE,2006-05-04,72.17,72.47,69.3,69.94,69.94,158815,yahoo
CRUDE,2006-05-05,70.2,70.7,69.7,70.19,70.19,119448,yahoo
CRUDE,2006-05-08,70.17,70.56,68.2,69.77,69.77,122344,yahoo
CRUDE,2006-05-09,69.84,71.5,69.62,70.69,70.69,149147,yahoo
CRUDE,2006-05-10,70.65,72.2,69.6,72.13,72.13,151862,yahoo
CRUDE,2006-05-11,72.13,73.9,71.98,73.32,73.32,135853,yahoo
CRUDE,2006-05-12,73.1,73.35,71.6,72.04,72.04,101826,yahoo
CRUDE,2006-05-15,72.04,72.04,69.25,69.41,69.41,118931,yahoo
CRUDE,2006-05-16,69.21,70.7,68.51,69.53,69.53,128969,yahoo
CRUDE,2006-05-17,69.35,70.1,68.2,68.7,68.7,128969,yahoo
CRUDE,2006-05-18,68.65,69.5,67.85,69.45,69.45,82156,yahoo
CRUDE,2006-05-19,69.45,69.93,68,68.53,68.53,82472,yahoo
CRUDE,2006-05-22,68.52,70,67.42,69.23,69.23,116410,yahoo
CRUDE,2006-05-23,70.05,72.15,68.95,71.76,71.76,113472,yahoo
CRUDE,2006-05-24,71.58,71.66,69.8,69.86,69.86,118268,yahoo
CRUDE,2006-05-25,69.91,71.38,69.36,71.32,71.32,87142,yahoo
CRUDE,2006-05-26,71.31,71.9,70.86,71.37,71.37,71611,yahoo
CRUDE,2006-05-30,71.2,72.75,71.2,72.03,72.03,81012,yahoo
CRUDE,2006-05-31,71.95,72.16,70.05,71.29,71.29,149098,yahoo
CRUDE,2006-06-01,71.26,71.9,70,70.34,70.34,129406,yahoo
CRUDE,2006-06-02,70.25,72.7,70.07,72.33,72.33,113070,yahoo
CRUDE,2006-06-05,72.95,73.85,72.1,72.6,72.6,89820,yahoo
CRUDE,2006-06-06,72.64,72.9,71.35,72.5,72.5,94602,yahoo
CRUDE,2006-06-07,72.4,72.58,70.5,70.82,70.82,128508,yahoo
CRUDE,2006-06-08,70.86,70.9,69.05,70.35,70.35,131031,yahoo
CRUDE,2006-06-09,70.28,71.85,69.95,71.63,71.63,112121,yahoo
CRUDE,2006-06-12,71.6,72.32,70.2,70.36,70.36,113767,yahoo
CRUDE,2006-06-13,70.24,70.43,68.3,68.56,68.56,147275,yahoo
CRUDE,2006-06-14,68.45,69.5,68.1,69.14,69.14,107293,yahoo
CRUDE,2006-06-15,69.03,70.25,69,69.5,69.5,135911,yahoo
CRUDE,2006-06-16,69.58,70.45,68.8,69.88,69.88,90435,yahoo
CRUDE,2006-06-19,69.87,70.11,68.55,68.98,68.98,95557,yahoo
CRUDE,2006-06-20,69.01,69.89,68.55,68.94,68.94,99145,yahoo
CRUDE,2006-06-21,69.34,70.75,68.8,70.33,70.33,118193,yahoo
CRUDE,2006-06-22,70.83,71.2,70.05,70.84,70.84,102920,yahoo
CRUDE,2006-06-23,70.85,71.3,70.28,70.87,70.87,77733,yahoo
CRUDE,2006-06-26,70.68,71.9,70.4,71.8,71.8,95883,yahoo
CRUDE,2006-06-27,71.74,72.5,71.6,71.92,71.92,81239,yahoo
CRUDE,2006-06-28,71.91,72.77,71.6,72.19,72.19,90122,yahoo
CRUDE,2006-06-29,72.2,73.55,72.15,73.52,73.52,81818,yahoo
CRUDE,2006-06-30,73.51,74.15,73.35,73.98,73.98,1314,yahoo
CRUDE,2006-07-05,73.95,75.4,73.38,75.19,75.19,91574,yahoo
CRUDE,2006-07-06,75.2,75.35,74.3,75.14,75.14,92581,yahoo
CRUDE,2006-07-07,75.02,75.78,73.85,74.09,74.09,102426,yahoo
CRUDE,2006-07-10,73.82,73.95,72.9,73.61,73.61,104857,yahoo
CRUDE,2006-07-11,73.51,74.6,73.34,74.16,74.16,98074,yahoo
CRUDE,2006-07-12,74.03,75.05,73.8,74.95,74.95,122018,yahoo
CRUDE,2006-07-13,74.98,76.85,74.91,76.7,76.7,144012,yahoo
CRUDE,2006-07-14,76.67,78.4,76.67,77.03,77.03,122621,yahoo
CRUDE,2006-07-17,77.25,77.74,75.2,75.3,75.3,120244,yahoo
CRUDE,2006-07-18,75.2,76.55,73.5,73.54,73.54,90991,yahoo
CRUDE,2006-07-19,73.9,74.11,71.65,72.66,72.66,101694,yahoo
CRUDE,2006-07-20,73,73.5,72.05,73.08,73.08,90462,yahoo
CRUDE,2006-07-21,74.07,75.2,73.9,74.43,74.43,78119,yahoo
CRUDE,2006-07-24,74.83,75.2,73.5,75.05,75.05,76886,yahoo
CRUDE,2006-07-25,75.1,75.78,73.55,73.75,73.75,84882,yahoo
CRUDE,2006-07-26,73.8,74.8,73.52,73.94,73.94,82009,yahoo
CRUDE,2006-07-27,73.9,74.92,73.72,74.54,74.54,79261,yahoo
CRUDE,2006-07-28,74.5,74.85,72.8,73.24,73.24,88585,yahoo
CRUDE,2006-07-31,73.21,74.5,72.77,74.4,74.4,100528,yahoo
CRUDE,2006-08-01,74.4,75.45,74.02,74.91,74.91,87114,yahoo
CRUDE,2006-08-02,74.92,76.5,74.9,75.81,75.81,92494,yahoo
CRUDE,2006-08-03,76,76.19,74.65,75.46,75.46,85477,yahoo
CRUDE,2006-08-04,75.6,75.68,74.15,74.76,74.76,76388,yahoo
CRUDE,2006-08-07,74.57,77.3,74.56,76.98,76.98,129001,yahoo
CRUDE,2006-08-08,77.05,77.45,76.15,76.31,76.31,92343,yahoo
CRUDE,2006-08-09,76.33,77.4,76.05,76.35,76.35,137251,yahoo
CRUDE,2006-08-10,76.25,76.52,73.9,74,74,142299,yahoo
CRUDE,2006-08-11,74,74.81,73.75,74.35,74.35,117634,yahoo
CRUDE,2006-08-14,73.79,73.95,72.6,73.53,73.53,82045,yahoo
CRUDE,2006-08-15,73.38,73.9,72.79,73.05,73.05,76424,yahoo
CRUDE,2006-08-16,72.93,73.15,71.7,71.89,71.89,90069,yahoo
CRUDE,2006-08-17,71.65,71.75,70,70.06,70.06,104170,yahoo
CRUDE,2006-08-18,70.48,71.19,69.6,71.14,71.14,71416,yahoo
CRUDE,2006-08-21,71.22,72.5,71.14,72.45,72.45,80336,yahoo
CRUDE,2006-08-22,72.45,72.85,72.1,72.63,72.63,77594,yahoo
CRUDE,2006-08-23,72.85,72.94,71.1,71.76,71.76,89380,yahoo
CRUDE,2006-08-24,71.65,72.5,71.37,72.36,72.36,53961,yahoo
CRUDE,2006-08-25,72.8,73.75,72.4,72.51,72.51,77210,yahoo
CRUDE,2006-08-28,72.2,72.2,70.15,70.61,70.61,75576,yahoo
CRUDE,2006-08-29,70.46,70.9,69.3,69.71,69.71,81668,yahoo
CRUDE,2006-08-30,69.77,70.25,68.65,70.03,70.03,80215,yahoo
CRUDE,2006-08-31,70.4,70.82,69.35,70.26,70.26,89594,yahoo
CRUDE,2006-09-01,70.35,70.4,69.05,69.19,69.19,89594,yahoo
CRUDE,2006-09-04,69.25,69.59,67.77,68.02,68.02,53471,yahoo
CRUDE,2006-09-05,68.45,69.05,68.25,68.6,68.6,78920,yahoo
CRUDE,2006-09-06,68.65,68.85,67.45,67.5,67.5,112103,yahoo
CRUDE,2006-09-07,67.55,67.98,66.76,67.32,67.32,98575,yahoo
CRUDE,2006-09-08,67.2,67.6,66,66.25,66.25,120861,yahoo
CRUDE,2006-09-11,66.01,66.5,64.85,65.61,65.61,140696,yahoo
CRUDE,2006-09-12,65.59,66.44,63.59,63.76,63.76,150651,yahoo
CRUDE,2006-09-13,63.84,64.75,63.5,63.97,63.97,168426,yahoo
CRUDE,2006-09-14,64.27,64.65,63,63.22,63.22,151783,yahoo
CRUDE,2006-09-15,63.45,63.66,62.03,63.33,63.33,137545,yahoo
CRUDE,2006-09-18,63.49,64.45,62.85,63.8,63.8,113822,yahoo
CRUDE,2006-09-19,63.85,64.46,61.55,61.66,61.66,105488,yahoo
CRUDE,2006-09-20,61.7,61.83,59.8,60.46,60.46,156614,yahoo
CRUDE,2006-09-21,60.81,61.8,60.65,61.59,61.59,105730,yahoo
CRUDE,2006-09-22,61.71,62.26,60.19,60.55,60.55,122447,yahoo
CRUDE,2006-09-25,60.25,62.15,59.52,61.45,61.45,122239,yahoo
CRUDE,2006-09-26,61.44,62,60.6,61.01,61.01,132651,yahoo
CRUDE,2006-09-27,61.14,63.1,60.1,62.96,62.96,148245,yahoo
CRUDE,2006-09-28,62.99,64,62.39,62.76,62.76,150186,yahoo
CRUDE,2006-09-29,62.7,63.1,61.45,62.91,62.91,145461,yahoo
CRUDE,2006-10-02,62.8,63.32,60.84,61.03,61.03,108503,yahoo
CRUDE,2006-10-03,60.9,61.15,58.43,58.68,58.68,169192,yahoo
CRUDE,2006-10-04,58.5,59.78,57.75,59.41,59.41,178944,yahoo
CRUDE,2006-10-05,59.76,60.97,59.34,60.03,60.03,152685,yahoo
CRUDE,2006-10-06,60.04,60.28,58.84,59.76,59.76,166499,yahoo
CRUDE,2006-10-09,59.9,61.3,59.78,59.96,59.96,156175,yahoo
CRUDE,2006-10-10,59.95,60.68,58.4,58.52,58.52,170229,yahoo
CRUDE,2006-10-11,58.52,59.1,57.37,57.59,57.59,180440,yahoo
CRUDE,2006-10-12,57.4,58.47,57.22,57.86,57.86,162865,yahoo
CRUDE,2006-10-13,58.34,59.46,58.06,58.57,58.57,127404,yahoo
CRUDE,2006-10-16,58.86,60.12,58.06,59.94,59.94,139797,yahoo
CRUDE,2006-10-17,60.05,60.54,58.65,58.93,58.93,171709,yahoo
CRUDE,2006-10-18,59.1,59.5,57.35,57.65,57.65,130289,yahoo
CRUDE,2006-10-19,57.72,58.95,57.45,58.5,58.5,104797,yahoo
CRUDE,2006-10-20,58.61,59.4,56.55,56.82,56.82,185243,yahoo
CRUDE,2006-10-23,59.43,59.47,58.12,58.81,58.81,149818,yahoo
CRUDE,2006-10-24,58.89,59.7,58.42,59.35,59.35,132908,yahoo
CRUDE,2006-10-25,59.5,61.65,59.23,61.4,61.4,190639,yahoo
CRUDE,2006-10-26,61.58,61.79,60.1,60.36,60.36,165972,yahoo
CRUDE,2006-10-27,60.3,61,59.85,60.75,60.75,149482,yahoo
CRUDE,2006-10-30,60.75,61.05,58.22,58.36,58.36,168398,yahoo
CRUDE,2006-10-31,58.41,58.8,57.05,58.73,58.73,211035,yahoo
CRUDE,2006-11-01,58.6,59.45,57.8,58.71,58.71,181844,yahoo
CRUDE,2006-11-02,58.6,58.96,57.6,57.88,57.88,183137,yahoo
CRUDE,2006-11-03,57.86,59.35,57.77,59.14,59.14,169658,yahoo
CRUDE,2006-11-06,59.15,60.56,58.5,60.02,60.02,193570,yahoo
CRUDE,2006-11-07,60.12,60.2,58.89,58.93,58.93,237073,yahoo
CRUDE,2006-11-08,59.16,60.3,58.88,59.83,59.83,242868,yahoo
CRUDE,2006-11-09,60,61.33,59.9,61.16,61.16,230433,yahoo
CRUDE,2006-11-10,61.03,61.17,59.45,59.59,59.59,195450,yahoo
CRUDE,2006-11-13,59.6,59.92,58.25,58.58,58.58,220010,yahoo
CRUDE,2006-11-14,58.6,59.15,58.15,58.28,58.28,242605,yahoo
CRUDE,2006-11-15,58.45,59.4,58.3,58.76,58.76,188951,yahoo
CRUDE,2006-11-16,58.77,59.32,55.92,56.26,56.26,177342,yahoo
CRUDE,2006-11-17,56.25,56.48,54.86,55.81,55.81,165139,yahoo
CRUDE,2006-11-20,58.73,59.04,57.97,58.8,58.8,142502,yahoo
CRUDE,2006-11-21,58.96,60.4,58.61,60.17,60.17,145381,yahoo
CRUDE,2006-11-22,60.05,60.35,58.35,59.24,59.24,26255,yahoo
CRUDE,2006-11-27,59.89,60.44,59.26,60.32,60.32,143843,yahoo
CRUDE,2006-11-28,60.4,61.2,60.2,60.99,60.99,151496,yahoo
CRUDE,2006-11-29,60.99,62.54,60.95,62.46,62.46,215398,yahoo
CRUDE,2006-11-30,62.32,63.8,62.2,63.13,63.13,220010,yahoo
CRUDE,2006-12-01,62.85,63.7,62.24,63.43,63.43,176603,yahoo
CRUDE,2006-12-04,63.81,63.82,61.9,62.44,62.44,162006,yahoo
CRUDE,2006-12-05,62.42,63.25,61.53,62.43,62.43,227430,yahoo
CRUDE,2006-12-06,62.42,63.01,61.84,62.19,62.19,221144,yahoo
CRUDE,2006-12-07,62.31,62.76,61.55,62.49,62.49,255423,yahoo
CRUDE,2006-12-08,62.75,63.65,61.95,62.03,62.03,217504,yahoo
CRUDE,2006-12-11,62.21,62.25,61.05,61.22,61.22,197111,yahoo
CRUDE,2006-12-12,61.3,62.01,60.65,61.02,61.02,210421,yahoo
CRUDE,2006-12-13,60.97,61.85,60.74,61.37,61.37,215432,yahoo
CRUDE,2006-12-14,61.52,62.8,61.41,62.51,62.51,186372,yahoo
CRUDE,2006-12-15,62.52,63.5,62.28,63.43,63.43,114365,yahoo
CRUDE,2006-12-18,63.2,63.5,62.07,62.21,62.21,139755,yahoo
CRUDE,2006-12-19,62.19,63.45,61.65,63.15,63.15,170757,yahoo
CRUDE,2006-12-20,63.5,64.15,63.18,63.72,63.72,179708,yahoo
CRUDE,2006-12-21,63.58,63.59,62.3,62.66,62.66,142107,yahoo
CRUDE,2006-12-22,62.67,63.09,62.1,62.41,62.41,80124,yahoo
CRUDE,2006-12-26,62.44,63.2,60.5,61.1,61.1,121339,yahoo
CRUDE,2006-12-27,60.91,61.34,60.25,60.34,60.34,108794,yahoo
CRUDE,2006-12-28,60.41,60.85,60.05,60.53,60.53,111098,yahoo
CRUDE,2006-12-29,60.5,61.2,59.9,61.05,61.05,105641,yahoo
HANGSENG,2006-01-03,14843.9697,14945.0498,14843.9697,14944.7695,14944.7695,250400000,yahoo
HANGSENG,2006-01-04,15112.7598,15208.8604,15085.4404,15200.0596,15200.0596,565200000,yahoo
HANGSENG,2006-01-05,15313.8496,15373.79,15261.8203,15271.1299,15271.1299,514300000,yahoo
HANGSENG,2006-01-06,15327.29,15347,15252.4805,15344.4404,15344.4404,397700000,yahoo
HANGSENG,2006-01-09,15497.9697,15602.8799,15497.7197,15547.4297,15547.4297,581500000,yahoo
HANGSENG,2006-01-10,15638.4004,15658.9102,15500.1602,15569.9102,15569.9102,581700000,yahoo
HANGSENG,2006-01-11,15584.54,15725.4697,15584.54,15650.8799,15650.8799,576600000,yahoo
HANGSENG,2006-01-12,15767.9404,15791.2998,15651.96,15719.3701,15719.3701,503100000,yahoo
HANGSENG,2006-01-13,15672.3896,15792.3604,15670.7695,15787.9697,15787.9697,380800000,yahoo
HANGSENG,2006-01-16,15787.2695,15816.54,15745.04,15777.7197,15777.7197,393700000,yahoo
HANGSENG,2006-01-17,15798.5195,15798.5195,15550.2305,15576.2002,15576.2002,506300000,yahoo
HANGSENG,2006-01-18,15426.9199,15525.5996,15376.4502,15481.21,15481.21,437300000,yahoo
HANGSENG,2006-01-19,15555.7803,15675.2695,15549.6797,15670.4199,15670.4199,418400000,yahoo
HANGSENG,2006-01-20,15700.71,15788.0703,15565.5098,15662.0801,15662.0801,556300000,yahoo
HANGSENG,2006-01-23,15454.7998,15497.9297,15412.2598,15464.7695,15464.7695,512900000,yahoo
HANGSENG,2006-01-24,15540.9199,15551.6602,15463.1104,15530.5703,15530.5703,335000000,yahoo
HANGSENG,2006-01-25,15560.6602,15572.3799,15487.6797,15520.3896,15520.3896,376000000,yahoo
HANGSENG,2006-01-26,15550.3301,15563.4004,15469.2402,15520.0703,15520.0703,361600000,yahoo
HANGSENG,2006-01-27,15659.21,15770.4502,15650.6904,15753.1396,15753.1396,900100000,yahoo
HANGSENG,2006-02-01,15798.4404,15808.1797,15653.9004,15742.2998,15742.2998,541000000,yahoo
HANGSENG,2006-02-02,15771.3398,15775.6504,15666.9404,15691.6904,15691.6904,510800000,yahoo
HANGSENG,2006-02-03,15472.0303,15486.7402,15420.6602,15429.7305,15429.7305,565000000,yahoo
HANGSENG,2006-02-06,15415.8799,15564.96,15374.8896,15548.0596,15548.0596,473100000,yahoo
HANGSENG,2006-02-07,15558.5195,15560.4004,15466.4697,15517.0098,15517.0098,526500000,yahoo
HANGSENG,2006-02-08,15451.21,15469.5098,15327.0703,15373.4404,15373.4404,612400000,yahoo
HANGSENG,2006-02-09,15443.4297,15467.6699,15371.7305,15413.4297,15413.4297,398000000,yahoo
HANGSENG,2006-02-10,15365.3896,15443.4502,15355.4404,15425.9502,15425.9502,411900000,yahoo
HANGSENG,2006-02-13,15303.04,15355.3896,15267.9502,15312.0898,15312.0898,406300000,yahoo
HANGSENG,2006-02-14,15241.6602,15445.0703,15240.9502,15420.3203,15420.3203,417400000,yahoo
HANGSENG,2006-02-15,15449.1396,15514.9297,15316.6299,15423.2598,15423.2598,436300000,yahoo
HANGSENG,2006-02-16,15495.7998,15495.7998,15436.5303,15450.8799,15450.8799,373300000,yahoo
HANGSENG,2006-02-17,15517.9199,15520.5996,15437.54,15475.6904,15475.6904,354200000,yahoo
HANGSENG,2006-02-20,15525.7402,15627.0498,15525.7402,15598.6699,15598.6699,326200000,yahoo
HANGSENG,2006-02-21,15651.7402,15661.2002,15567.6299,15627.2402,15627.2402,359700000,yahoo
HANGSENG,2006-02-22,15613.8604,15641.7803,15584.2695,15635.7197,15635.7197,285400000,yahoo
HANGSENG,2006-02-23,15651.7803,15849.8604,15611.5498,15812.5303,15812.5303,527700000,yahoo
HANGSENG,2006-02-24,15848.5,15875.3301,15779.79,15856.0498,15856.0498,350500000,yahoo
HANGSENG,2006-02-27,15943.6396,15999.3096,15890.7998,15949.8896,15949.8896,417500000,yahoo
HANGSENG,2006-02-28,15920.4902,15928.0801,15824.4502,15918.4805,15918.4805,357400000,yahoo
HANGSENG,2006-03-01,15768.21,15887.6299,15768.21,15818.0898,15818.0898,296400000,yahoo
HANGSENG,2006-03-02,15905.9404,15922.9502,15836.3604,15882.4502,15882.4502,294900000,yahoo
HANGSENG,2006-03-03,15887.6699,15896.5596,15802,15802,15802,399000000,yahoo
HANGSENG,2006-03-06,15812.7197,15845.2002,15777,15811.8301,15811.8301,280700000,yahoo
HANGSENG,2006-03-07,15835.4697,15835.4697,15560.6201,15602.3604,15602.3604,503900000,yahoo
HANGSENG,2006-03-08,15545.4199,15555.8203,15348.2197,15493.0898,15493.0898,496800000,yahoo
HANGSENG,2006-03-09,15526.0898,15555.6104,15458.7803,15510.1299,15510.1299,371000000,yahoo
HANGSENG,2006-03-10,15521.4004,15521.4004,15397.1797,15445.0498,15445.0498,227900000,yahoo
HANGSENG,2006-03-13,15542.79,15545.8496,15469.7695,15542.0703,15542.0703,213700000,yahoo
HANGSENG,2006-03-14,15548.1299,15548.2695,15461.8096,15519.7598,15519.7598,285600000,yahoo
HANGSENG,2006-03-15,15647.4297,15762.1104,15647,15720.3604,15720.3604,324200000,yahoo
HANGSENG,2006-03-16,15753.3604,15773.7305,15668.3398,15729.04,15729.04,237200000,yahoo
HANGSENG,2006-03-17,15778.4805,15845.9697,15715.4102,15801.6602,15801.6602,431000000,yahoo
HANGSENG,2006-03-20,15868.4902,15973.0098,15862.9004,15929.9502,15929.9502,428100000,yahoo
HANGSENG,2006-03-21,15911.4902,15936.1797,15870.7305,15922.75,15922.75,249800000,yahoo
HANGSENG,2006-03-22,15790.4502,15840.1396,15619.1396,15642.8096,15642.8096,383500000,yahoo
HANGSENG,2006-03-23,15689.6104,15772.9297,15669.4697,15771.1699,15771.1699,315600000,yahoo
HANGSENG,2006-03-24,15778.1797,15792.04,15671.6299,15716.46,15716.46,290900000,yahoo
HANGSENG,2006-03-27,15743.6699,15847.75,15694.1104,15815.8701,15815.8701,416000000,yahoo
HANGSENG,2006-03-28,15824.5303,15920.0703,15787,15856.5801,15856.5801,563200000,yahoo
HANGSENG,2006-03-29,15790.4297,15843.0996,15729.2598,15745.1104,15745.1104,365500000,yahoo
HANGSENG,2006-03-30,15819.4199,15954.9102,15819.4199,15880.6904,15880.6904,422500000,yahoo
HANGSENG,2006-03-31,15942.7305,15964.3496,15739.1904,15805.04,15805.04,424500000,yahoo
HANGSENG,2006-04-03,15904.9697,16076.7402,15877.4404,16063.75,16063.75,340200000,yahoo
HANGSENG,2006-04-04,16107.2197,16121.2197,16039.5098,16100.0898,16100.0898,380700000,yahoo
HANGSENG,2006-04-06,16222.29,16423.3105,16190.5498,16411.1309,16411.1309,575500000,yahoo
HANGSENG,2006-04-07,16415.5195,16534.8301,16328.6299,16471.7793,16471.7793,450400000,yahoo
HANGSENG,2006-04-10,16383.5801,16527.9395,16374.5898,16521.5898,16521.5898,335400000,yahoo
HANGSENG,2006-04-11,16480.8594,16505.7598,16381.0098,16475.8105,16475.8105,295600000,yahoo
HANGSENG,2006-04-12,16414.3691,16427.5605,16260.8799,16310.7598,16310.7598,448200000,yahoo
HANGSENG,2006-04-13,16360.1602,16446.6699,16308.7695,16429.4492,16429.4492,337600000,yahoo
HANGSENG,2006-04-18,16534.9004,16643.8008,16533.0703,16637.5293,16637.5293,422700000,yahoo
HANGSENG,2006-04-19,16858.0293,16897.8105,16780.5293,16830.4395,16830.4395,564100000,yahoo
HANGSENG,2006-04-20,16888.8809,16953.25,16753.1895,16944.3398,16944.3398,436400000,yahoo
HANGSENG,2006-04-21,16893.5195,16991.5195,16808.6191,16912.1504,16912.1504,414200000,yahoo
HANGSENG,2006-04-24,16917.6094,16930.0098,16678.3105,16705.6699,16705.6699,479600000,yahoo
HANGSENG,2006-04-25,16734.8301,16746.3105,16547.3008,16577.7695,16577.7695,495600000,yahoo
HANGSENG,2006-04-26,16628.5996,16739.2695,16539.0703,16672.6602,16672.6602,397500000,yahoo
HANGSENG,2006-04-27,16749.4805,16856.9707,16728.8496,16742.8496,16742.8496,293000000,yahoo
HANGSENG,2006-04-28,16461.5996,16672.4102,16429.5,16661.3008,16661.3008,362500000,yahoo
HANGSENG,2006-05-02,16764.5898,16896.8594,16744.1602,16868.0391,16868.0391,594200000,yahoo
HANGSENG,2006-05-03,17066.9805,17099.4805,16970.4004,17026.9805,17026.9805,530600000,yahoo
HANGSENG,2006-05-04,16966.2402,17076.9199,16966.2402,17013.9297,17013.9297,357900000,yahoo
HANGSENG,2006-05-08,17204.25,17328.4297,17204.25,17301.7891,17301.7891,552300000,yahoo
HANGSENG,2006-05-09,17278.8691,17278.8691,17118.2207,17133.9902,17133.9902,470000000,yahoo
HANGSENG,2006-05-10,17205.3496,17239.2109,17018.1699,17080.5898,17080.5898,388100000,yahoo
HANGSENG,2006-05-11,17065.9609,17185.7891,17010.4004,17140.7793,17140.7793,513900000,yahoo
HANGSENG,2006-05-12,16868.8594,16967.0391,16845.8496,16901.8496,16901.8496,405800000,yahoo
HANGSENG,2006-05-15,16623.3496,16673.5293,16455.4609,16494.8398,16494.8398,469500000,yahoo
HANGSENG,2006-05-16,16400.6602,16435.5508,16247.5801,16393.1094,16393.1094,582700000,yahoo
HANGSENG,2006-05-17,16497.9102,16626.7109,16421.0898,16615.5508,16615.5508,482800000,yahoo
HANGSENG,2006-05-18,16232.1602,16363.3398,16177.1797,16266.5195,16266.5195,503700000,yahoo
HANGSENG,2006-05-19,16169.7803,16361.9404,16155.7695,16313.3604,16313.3604,360000000,yahoo
HANGSENG,2006-05-22,16295.3701,16304.9502,15790.4404,15805.5195,15805.5195,472600000,yahoo
HANGSENG,2006-05-23,15747.4004,15888.4805,15691.1299,15864.5596,15864.5596,561400000,yahoo
HANGSENG,2006-05-24,15857.21,15930.1699,15673.75,15822.6396,15822.6396,468300000,yahoo
HANGSENG,2006-05-25,15741.8096,15764.7197,15626.9502,15696.8896,15696.8896,426500000,yahoo
HANGSENG,2006-05-26,15897.2803,15932.2598,15814.9297,15895.0996,15895.0996,438500000,yahoo
HANGSENG,2006-05-29,15976.2695,16006.0703,15919.1299,15963.7695,15963.7695,307300000,yahoo
HANGSENG,2006-05-30,15976.3701,15976.3701,15840.3398,15857.8896,15857.8896,393300000,yahoo
HANGSENG,2006-06-01,15817.8203,15923.7305,15605.96,15645.2695,15645.2695,488700000,yahoo
HANGSENG,2006-06-02,15731.8203,15920.0596,15677.04,15912.71,15912.71,473200000,yahoo
HANGSENG,2006-06-05,15964.3096,16062.2695,15943.4199,16016.2305,16016.2305,307800000,yahoo
HANGSENG,2006-06-06,15844.9199,15985.9902,15824.1904,15973.1104,15973.1104,318100000,yahoo
HANGSENG,2006-06-07,15916.7695,15944.4805,15776.3701,15816.5498,15816.5498,320000000,yahoo
HANGSENG,2006-06-08,15603.1104,15611.5195,15419.4199,15450.1104,15450.1104,560600000,yahoo
HANGSENG,2006-06-09,15468.8301,15640.3096,15405.79,15628.6904,15628.6904,441300000,yahoo
HANGSENG,2006-06-12,15560.71,15680.3203,15498.2695,15621.4404,15621.4404,282400000,yahoo
HANGSENG,2006-06-13,15417.2402,15437.2598,15204.8604,15234.4199,15234.4199,487700000,yahoo
HANGSENG,2006-06-14,15238.5801,15396.5,15214.6904,15247.9199,15247.9199,411000000,yahoo
HANGSENG,2006-06-15,15419.6797,15455.5703,15355.4297,15435.0801,15435.0801,461500000,yahoo
HANGSENG,2006-06-16,15807.3701,15851.5098,15749.46,15842.6504,15842.6504,562500000,yahoo
HANGSENG,2006-06-19,15759.96,15781.5596,15723.3604,15768.8604,15768.8604,192500000,yahoo
HANGSENG,2006-06-20,15709,15709,15555.2402,15608.9697,15608.9697,450000000,yahoo
HANGSENG,2006-06-21,15599.8604,15667.7002,15520.4199,15659.3604,15659.3604,251900000,yahoo
HANGSENG,2006-06-22,15859.8496,15885.71,15798.5996,15826.7002,15826.7002,330900000,yahoo
HANGSENG,2006-06-23,15729.5498,15828.4902,15682.8096,15808.8096,15808.8096,339200000,yahoo
HANGSENG,2006-06-26,15756.6797,15841.1396,15726.8096,15804.8096,15804.8096,306800000,yahoo
HANGSENG,2006-06-27,15827.8496,15892.9199,15770.9199,15774.7002,15774.7002,294400000,yahoo
HANGSENG,2006-06-28,15632.4404,15742.6602,15613.2002,15742.6602,15742.6602,303100000,yahoo
HANGSENG,2006-06-29,15890.2002,15916,15844.1104,15865.2197,15865.2197,364700000,yahoo
HANGSENG,2006-06-30,16170.79,16273.7402,16125.2598,16267.6201,16267.6201,555000000,yahoo
HANGSENG,2006-07-03,16288.5898,16364.2305,16234.8799,16326.6602,16326.6602,296000000,yahoo
HANGSENG,2006-07-04,16363.1504,16379.0303,16312.1699,16368.9805,16368.9805,271800000,yahoo
HANGSENG,2006-07-05,16364,16377.6602,16254.6904,16267.1797,16267.1797,226100000,yahoo
HANGSENG,2006-07-06,16141.6699,16445.1797,16129.6504,16440.9902,16440.9902,256700000,yahoo
HANGSENG,2006-07-07,16497.9004,16497.9004,16399.4805,16459.7793,16459.7793,216800000,yahoo
HANGSENG,2006-07-10,16376.8203,16606.6191,16338.9004,16603.8105,16603.8105,223300000,yahoo
HANGSENG,2006-07-11,16512.2402,16568.6191,16477.4609,16490.1309,16490.1309,343600000,yahoo
HANGSENG,2006-07-12,16507.7207,16552.6406,16435.6094,16522.2109,16522.2109,197600000,yahoo
HANGSENG,2006-07-13,16490.4805,16557.9707,16288.4297,16305.4805,16305.4805,324500000,yahoo
HANGSENG,2006-07-14,16123.96,16159.0898,16062.5996,16135.71,16135.71,296700000,yahoo
HANGSENG,2006-07-17,15980.5,16104.1504,15948.7598,16064.8203,16064.8203,231700000,yahoo
HANGSENG,2006-07-18,16035,16109.7002,15966.4404,16043.9404,16043.9404,240500000,yahoo
HANGSENG,2006-07-19,16069.7998,16171.1201,16062.5801,16097.54,16097.54,169500000,yahoo
HANGSENG,2006-07-20,16418.1406,16481.1699,16390.2793,16472.6191,16472.6191,316300000,yahoo
HANGSENG,2006-07-21,16406.7793,16483.2305,16376.0303,16464.1797,16464.1797,375700000,yahoo
HANGSENG,2006-07-24,16376.3799,16484.9707,16354.4404,16480.5898,16480.5898,251900000,yahoo
HANGSENG,2006-07-25,16668.6309,16671.3906,16580.6406,16583.8594,16583.8594,318900000,yahoo
HANGSENG,2006-07-26,16584.4902,16623.4609,16566.3906,16617.2402,16617.2402,235000000,yahoo
HANGSENG,2006-07-27,16713.0391,16924.2207,16713.0391,16916.7695,16916.7695,426100000,yahoo
HANGSENG,2006-07-28,16935,17034.5508,16918.7891,16955.0391,16955.0391,325900000,yahoo
HANGSENG,2006-07-31,17103.4395,17114.1992,16965.1992,16971.3398,16971.3398,263500000,yahoo
HANGSENG,2006-08-01,16990.2207,16990.2207,16907.3809,16911.3691,16911.3691,211900000,yahoo
HANGSENG,2006-08-02,16887.6797,17085.6504,16872.7109,17032.75,17032.75,335400000,yahoo
HANGSENG,2006-08-03,17073.4395,17097.8398,17011.6094,17048.4199,17048.4199,314800000,yahoo
HANGSENG,2006-08-04,17049.9609,17096.4102,16867.9492,16887.8008,16887.8008,290800000,yahoo
HANGSENG,2006-08-07,16927.7402,16961.2598,16811.4199,16953.5508,16953.5508,216700000,yahoo
HANGSENG,2006-08-08,17056.5703,17066.4492,16994.5605,17048.1992,17048.1992,265400000,yahoo
HANGSENG,2006-08-09,16996,17349.9902,16959.0098,17346.5801,17346.5801,354000000,yahoo
HANGSENG,2006-08-10,17322.5195,17349.8008,17211.9609,17222.1406,17222.1406,291500000,yahoo
HANGSENG,2006-08-11,17255.2305,17323.4902,17211.4707,17249.9492,17249.9492,240500000,yahoo
HANGSENG,2006-08-14,17280.0703,17303.1699,17215.0098,17290.0098,17290.0098,205400000,yahoo
HANGSENG,2006-08-15,17274.5098,17295.3008,17242.8398,17274.0703,17274.0703,190000000,yahoo
HANGSENG,2006-08-16,17406.6191,17473.7305,17349.8809,17451.0293,17451.0293,319300000,yahoo
HANGSENG,2006-08-17,17501.9492,17506.2109,17329.0508,17373.0508,17373.0508,358900000,yahoo
HANGSENG,2006-08-18,17381.4199,17413.9609,17316.1309,17330.6992,17330.6992,260800000,yahoo
HANGSENG,2006-08-21,17326.3809,17329.6797,16996.7598,17007.8809,17007.8809,317400000,yahoo
HANGSENG,2006-08-22,17096.5098,17155.5996,17037.2305,17149.75,17149.75,244700000,yahoo
HANGSENG,2006-08-23,17101.1191,17111.75,17010.3105,17088.3906,17088.3906,194200000,yahoo
HANGSENG,2006-08-24,16970.9805,17040.2207,16870.6992,16883.0391,16883.0391,322900000,yahoo
HANGSENG,2006-08-25,16958.2793,17005.4395,16894.1191,16955.4492,16955.4492,261200000,yahoo
HANGSENG,2006-08-28,16955.8809,16998.7109,16911.5195,16922.2891,16922.2891,203500000,yahoo
HANGSENG,2006-08-29,17003.5605,17102.4492,16998.9902,17083.2793,17083.2793,250200000,yahoo
HANGSENG,2006-08-30,17147.7598,17289.2598,17134.9199,17284.7109,17284.7109,430800000,yahoo
HANGSENG,2006-08-31,17395.5391,17422.8301,17356.8301,17392.2695,17392.2695,487200000,yahoo
HANGSENG,2006-09-01,17373.1699,17514.3105,17311.4102,17423.7207,17423.7207,390000000,yahoo
HANGSENG,2006-09-04,17504.3301,17538.5898,17476.5996,17513.8809,17513.8809,307000000,yahoo
HANGSENG,2006-09-05,17523.8105,17523.8105,17404.6699,17438.8008,17438.8008,228700000,yahoo
HANGSENG,2006-09-06,17445.9805,17445.9805,17208.9297,17258.5098,17258.5098,318500000,yahoo
HANGSENG,2006-09-07,17099.9102,17133.5195,17044.9297,17096.4395,17096.4395,399300000,yahoo
HANGSENG,2006-09-08,17071.1797,17171.5391,17070.9102,17145.7598,17145.7598,396300000,yahoo
HANGSENG,2006-09-11,17141.6094,17158.2207,16929.7109,16948.5898,16948.5898,822600000,yahoo
HANGSENG,2006-09-12,16932.2891,17128.8691,16921.5293,17075.4004,17075.4004,428800000,yahoo
HANGSENG,2006-09-13,17221,17235.4102,17173.8203,17210.0391,17210.0391,538800000,yahoo
HANGSENG,2006-09-14,17274.6699,17304.7402,17142.7109,17183.4492,17183.4492,748000000,yahoo
HANGSENG,2006-09-15,17179.0898,17246.8906,17143.2402,17237.6504,17237.6504,497800000,yahoo
HANGSENG,2006-09-18,17253.6992,17423.9004,17253.0195,17387.2109,17387.2109,527400000,yahoo
HANGSENG,2006-09-19,17411.9297,17426.4707,17314.6309,17346.6992,17346.6992,604400000,yahoo
HANGSENG,2006-09-20,17232.1992,17523.4805,17220.7793,17512.9609,17512.9609,921300000,yahoo
HANGSENG,2006-09-21,17546.5605,17663.4395,17539.5605,17619.9707,17619.9707,1161300000,yahoo
HANGSENG,2006-09-22,17526.3398,17639.1309,17511.9609,17600.6504,17600.6504,816900000,yahoo
HANGSENG,2006-09-25,17546.0391,17683.4492,17539.8105,17546.0391,17546.0391,554100000,yahoo
HANGSENG,2006-09-26,17614.2891,17614.2891,17277.75,17308.0801,17308.0801,553700000,yahoo
HANGSENG,2006-09-27,17478.25,17540.6699,17402.1309,17521.5098,17521.5098,563800000,yahoo
HANGSENG,2006-09-28,17565.9297,17604.9102,17506.2402,17530.5703,17530.5703,815700000,yahoo
HANGSENG,2006-09-29,17559.6699,17589.5703,17350.7891,17543.0508,17543.0508,585300000,yahoo
HANGSENG,2006-10-03,17490.5098,17648.7109,17428.0996,17606.5293,17606.5293,1356800000,yahoo
HANGSENG,2006-10-04,17637.1992,17687.1992,17535.8301,17629.2109,17629.2109,1023500000,yahoo
HANGSENG,2006-10-05,17897.9297,17940.4902,17810.0703,17907.6699,17907.6699,803500000,yahoo
HANGSENG,2006-10-06,17901.0605,17931.7305,17848.7207,17903.3906,17903.3906,578800000,yahoo
HANGSENG,2006-10-09,17876.0391,17876.0391,17589.1191,17675.2402,17675.2402,561400000,yahoo
HANGSENG,2006-10-10,17780.3008,17852.3594,17751.9492,17823.6992,17823.6992,503700000,yahoo
HANGSENG,2006-10-11,17856.5996,17875.6191,17740.7891,17862.7891,17862.7891,721700000,yahoo
HANGSENG,2006-10-12,17896.4297,17948.1309,17835.6504,17873.0898,17873.0898,1102500000,yahoo
HANGSENG,2006-10-13,18049.8301,18067.5801,17949.5898,17988.8594,17988.8594,1719400000,yahoo
HANGSENG,2006-10-16,18067.1992,18069.4902,17958.0996,18010.1992,18010.1992,760900000,yahoo
HANGSENG,2006-10-17,17965.3496,18074.2891,17823.3301,18014.8398,18014.8398,744400000,yahoo
HANGSENG,2006-10-18,17910.0098,18048.0898,17881.7793,18048.0898,18048.0898,452400000,yahoo
HANGSENG,2006-10-19,18053.9004,18070.7598,17938.0098,17986.9707,17986.9707,439100000,yahoo
HANGSENG,2006-10-20,18012.6094,18148.0391,18012.6094,18113.5508,18113.5508,815400000,yahoo
HANGSENG,2006-10-23,18170.2207,18170.3301,18066.1094,18089.8496,18089.8496,620700000,yahoo
HANGSENG,2006-10-24,18136.1797,18173.4297,18121.6992,18153.4102,18153.4102,508900000,yahoo
HANGSENG,2006-10-25,18150.8906,18168.9902,18106.1094,18157.9395,18157.9395,524800000,yahoo
HANGSENG,2006-10-26,18267.4199,18378.8398,18240.5996,18353.7402,18353.7402,771000000,yahoo
HANGSENG,2006-10-27,18400.8105,18465.5391,18232.6406,18297.5508,18297.5508,997600000,yahoo
HANGSENG,2006-10-31,18196.0391,18336.4492,18152.9102,18324.3496,18324.3496,576800000,yahoo
HANGSENG,2006-11-01,18376.3906,18494.9492,18376.3906,18453.6504,18453.6504,603400000,yahoo
HANGSENG,2006-11-02,18495.2891,18724.9102,18397.3301,18714.7793,18714.7793,619300000,yahoo
HANGSENG,2006-11-03,18696.5801,18771.0098,18646.1602,18749.6895,18749.6895,536200000,yahoo
HANGSENG,2006-11-06,18702.25,18940.8008,18694.1309,18936.5508,18936.5508,502700000,yahoo
HANGSENG,2006-11-07,19102.8809,19161.3809,18855.8809,18939.3105,18939.3105,838400000,yahoo
HANGSENG,2006-11-08,18933.4707,18994.9805,18750.7793,18811.2402,18811.2402,1143000000,yahoo
HANGSENG,2006-11-09,18885.2207,18993.4004,18866.0098,18952.8594,18952.8594,1000800000,yahoo
HANGSENG,2006-11-10,18958.0605,18976.1504,18861.9395,18891.1406,18891.1406,1046600000,yahoo
HANGSENG,2006-11-13,18763.4395,18902.1992,18717.6094,18868.5391,18868.5391,1176700000,yahoo
HANGSENG,2006-11-14,18889.9199,18989.5098,18759.3398,18878.4199,18878.4199,1532400000,yahoo
HANGSENG,2006-11-15,18940.0195,19106.8301,18926.3105,19093,19093,1532400000,yahoo
HANGSENG,2006-11-16,19162.9004,19237.7305,19048.0391,19154.0703,19154.0703,1201300000,yahoo
HANGSENG,2006-11-17,19125.9199,19214.5996,19097.3203,19182.7109,19182.7109,918600000,yahoo
HANGSENG,2006-11-20,19030.3594,19133.5195,18928.5801,18954.6309,18954.6309,826200000,yahoo
HANGSENG,2006-11-21,19002.0703,19064.0703,18959.8105,19008.3008,19008.3008,586500000,yahoo
HANGSENG,2006-11-22,19102.2598,19256.9902,19075.3203,19250.7891,19250.7891,915500000,yahoo
HANGSENG,2006-11-23,19345.0293,19404.0098,19244.3203,19265.3203,19265.3203,970000000,yahoo
HANGSENG,2006-11-24,19206.4492,19315.7305,19195.9004,19260.3008,19260.3008,644900000,yahoo
HANGSENG,2006-11-27,19263.8594,19328.1191,19122.3906,19204.0098,19204.0098,806300000,yahoo
HANGSENG,2006-11-28,18996.8398,18998.0801,18618.6602,18639.5293,18639.5293,1284500000,yahoo
HANGSENG,2006-11-29,18730.4902,18843.4805,18687.2695,18780.9297,18780.9297,1154400000,yahoo
HANGSENG,2006-11-30,18944.5605,19033.4004,18923.6309,18960.4805,18960.4805,761600000,yahoo
HANGSENG,2006-12-01,18922.5293,18945.4004,18650.5,18690.8203,18690.8203,815000000,yahoo
HANGSENG,2006-12-04,18654.0703,18768.6309,18587.7207,18702.7305,18702.7305,1166500000,yahoo
HANGSENG,2006-12-05,18880.8105,18949.9199,18794.1797,18944.1895,18944.1895,1097000000,yahoo
HANGSENG,2006-12-06,18988.1406,19131.2207,18937.6094,19026.3594,19026.3594,1335000000,yahoo
HANGSENG,2006-12-07,19023.75,19048.4102,18783.3008,18842.9902,18842.9902,930200000,yahoo
HANGSENG,2006-12-08,18775.4707,18799.25,18666.8906,18739.9902,18739.9902,915200000,yahoo
HANGSENG,2006-12-11,18811.8496,18965.7305,18811.8496,18924.6602,18924.6602,991800000,yahoo
HANGSENG,2006-12-12,19010.1602,19015.6992,18819.9902,18907.1699,18907.1699,796700000,yahoo
HANGSENG,2006-12-13,18867.6699,18870.4492,18623.6094,18718.1895,18718.1895,1071900000,yahoo
HANGSENG,2006-12-14,18806.7109,18954.9395,18774.4297,18919.4004,18919.4004,850300000,yahoo
HANGSENG,2006-12-15,19080.2891,19126.6992,19014.2695,19110.6504,19110.6504,1016400000,yahoo
HANGSENG,2006-12-18,19094.6309,19216.5391,19046.9199,19192.9102,19192.9102,1099100000,yahoo
HANGSENG,2006-12-19,19162.9805,19180.3008,18905.4395,18964.5508,18964.5508,1018200000,yahoo
HANGSENG,2006-12-20,19109.8496,19273.7695,19108.4492,19240.1191,19240.1191,1225300000,yahoo
HANGSENG,2006-12-21,19249.1895,19276.3203,19157.8496,19222.8398,19222.8398,1329800000,yahoo
HANGSENG,2006-12-22,19227.2402,19320.5195,19197.7305,19320.5195,19320.5195,821800000,yahoo
HANGSENG,2006-12-27,19620.5293,19728,19512.4609,19725.7305,19725.7305,0,yahoo
HANGSENG,2006-12-28,19742.7891,20038.2305,19686.8105,20001.9102,20001.9102,1749900000,yahoo
HANGSENG,2006-12-29,20049.0293,20049.0293,19885.25,19964.7207,19964.7207,1391000000,yahoo
NASDAQ,2006-01-03,2216.53,2249.6799,2189.9099,2243.74,2243.74,1998300000,yahoo
NASDAQ,2006-01-04,2246.96,2265.28,2246.0701,2263.46,2263.46,1887560000,yahoo
NASDAQ,2006-01-05,2264.9299,2277.5601,2264.5,2276.8701,2276.8701,1891750000,yahoo
NASDAQ,2006-01-06,2289.21,2306.72,2281.01,2305.6201,2305.6201,2233640000,yahoo
NASDAQ,2006-01-09,2306.1799,2322.6299,2303.1299,2318.6899,2318.6899,1949140000,yahoo
NASDAQ,2006-01-10,2306.22,2320.3201,2303.9299,2320.3201,2320.3201,1978160000,yahoo
NASDAQ,2006-01-11,2321.4099,2332.9199,2316.49,2331.3601,2331.3601,2380600000,yahoo
NASDAQ,2006-01-12,2327.1699,2330.3101,2313.22,2316.6899,2316.6899,2011460000,yahoo
NASDAQ,2006-01-13,2317.74,2321.7,2308.1599,2317.04,2317.04,1784410000,yahoo
NASDAQ,2006-01-17,2302.5601,2305.8701,2294.05,2302.6899,2302.6899,1702260000,yahoo
NASDAQ,2006-01-18,2265.5,2285.9399,2264.0801,2279.6399,2279.6399,2276900000,yahoo
NASDAQ,2006-01-19,2291.6899,2311.71,2289.8201,2301.8101,2301.8101,2308150000,yahoo
NASDAQ,2006-01-20,2300.3601,2300.73,2245.2,2247.7,2247.7,2348140000,yahoo
NASDAQ,2006-01-23,2255.3101,2256.24,2241.02,2248.47,2248.47,1902480000,yahoo
NASDAQ,2006-01-24,2256.1299,2269.4399,2256.03,2265.25,2265.25,2067470000,yahoo
NASDAQ,2006-01-25,2275.3,2275.3,2253.0601,2260.6499,2260.6499,2188120000,yahoo
NASDAQ,2006-01-26,2274.8501,2284.0701,2264.8501,2283,2283,2404920000,yahoo
NASDAQ,2006-01-27,2293.3701,2314.3601,2289.47,2304.23,2304.23,2331690000,yahoo
NASDAQ,2006-01-30,2306.24,2313.98,2304.75,2306.78,2306.78,1900730000,yahoo
NASDAQ,2006-01-31,2305.8201,2311.8301,2292.95,2305.8201,2305.8201,2235900000,yahoo
NASDAQ,2006-02-01,2294.1101,2311.5701,2292.23,2310.5601,2310.5601,2274610000,yahoo
NASDAQ,2006-02-02,2306.5701,2308.05,2277.3,2281.5701,2281.5701,2307830000,yahoo
NASDAQ,2006-02-03,2268.4299,2274.6201,2255.99,2262.5801,2262.5801,2230020000,yahoo
NASDAQ,2006-02-06,2263.1201,2265.8101,2249.75,2258.8,2258.8,1769530000,yahoo
NASDAQ,2006-02-07,2255.9399,2265.54,2239.51,2244.96,2244.96,2117180000,yahoo
NASDAQ,2006-02-08,2260.22,2268.72,2246.98,2266.98,2266.98,2181770000,yahoo
NASDAQ,2006-02-09,2273.77,2284.52,2254.26,2255.8701,2255.8701,2321310000,yahoo
NASDAQ,2006-02-10,2255.77,2266.4399,2235.4099,2261.8799,2261.8799,2017730000,yahoo
NASDAQ,2006-02-13,2252.04,2254.3101,2232.6799,2239.8101,2239.8101,1662000000,yahoo
NASDAQ,2006-02-14,2243.54,2266.8201,2237.47,2262.1699,2262.1699,1805300000,yahoo
NASDAQ,2006-02-15,2259.04,2277.1299,2255.1001,2276.4299,2276.4299,1783050000,yahoo
NASDAQ,2006-02-16,2281.8799,2294.6299,2278.0601,2294.6299,2294.6299,1940470000,yahoo
NASDAQ,2006-02-17,2291.73,2291.76,2279.6299,2282.3601,2282.3601,1948640000,yahoo
NASDAQ,2006-02-21,2283.52,2284.8201,2256.75,2262.96,2262.96,1747180000,yahoo
NASDAQ,2006-02-22,2264.6899,2287.99,2259.1699,2283.1699,2283.1699,1824110000,yahoo
NASDAQ,2006-02-23,2279.5901,2293.74,2271.8201,2279.3201,2279.3201,1754200000,yahoo
NASDAQ,2006-02-24,2278.27,2287.8601,2272.78,2287.04,2287.04,1583980000,yahoo
NASDAQ,2006-02-27,2291.48,2313.53,2291.24,2307.1799,2307.1799,1714420000,yahoo
NASDAQ,2006-02-28,2300.96,2305.6201,2276.74,2281.3899,2281.3899,2120560000,yahoo
NASDAQ,2006-03-01,2288.1499,2315.95,2285.6399,2314.6399,2314.6399,2190420000,yahoo
NASDAQ,2006-03-02,2305.53,2316.9299,2299.76,2311.1101,2311.1101,2089100000,yahoo
NASDAQ,2006-03-03,2299.1001,2324.9199,2297.0901,2302.6001,2302.6001,2389040000,yahoo
NASDAQ,2006-03-06,2306.6599,2309.51,2281.3701,2286.03,2286.03,2112280000,yahoo
NASDAQ,2006-03-07,2280.0801,2280.0801,2259.6399,2268.3799,2268.3799,1908310000,yahoo
NASDAQ,2006-03-08,2260.8701,2275.1299,2248.6499,2267.46,2267.46,2084040000,yahoo
NASDAQ,2006-03-09,2272.26,2279.28,2249.5601,2249.72,2249.72,1957560000,yahoo
NASDAQ,2006-03-10,2251.8101,2266.99,2239.54,2262.04,2262.04,1752700000,yahoo
NASDAQ,2006-03-13,2269.4399,2280.2,2263.6799,2267.03,2267.03,1649550000,yahoo
NASDAQ,2006-03-14,2264.25,2296.9199,2264.24,2295.8999,2295.8999,1911750000,yahoo
NASDAQ,2006-03-15,2301.1699,2312.49,2293.0601,2311.8401,2311.8401,2090520000,yahoo
NASDAQ,2006-03-16,2319.1101,2323.79,2299.55,2299.5601,2299.5601,2344240000,yahoo
NASDAQ,2006-03-17,2306.1699,2310.8401,2294.5,2306.48,2306.48,2540120000,yahoo
NASDAQ,2006-03-20,2311.9299,2317.1299,2305.5901,2314.1101,2314.1101,1943820000,yahoo
NASDAQ,2006-03-21,2312.8999,2332.95,2292.55,2294.23,2294.23,2360430000,yahoo
NASDAQ,2006-03-22,2283.3899,2305.4399,2282.3799,2303.3501,2303.3501,2116220000,yahoo
NASDAQ,2006-03-23,2300.1699,2305.1699,2287.8999,2300.1499,2300.1499,1963750000,yahoo
NASDAQ,2006-03-24,2304.74,2316.1499,2300.3701,2312.8201,2312.8201,1928040000,yahoo
NASDAQ,2006-03-27,2312.47,2319.9299,2310.02,2315.5801,2315.5801,1850220000,yahoo
NASDAQ,2006-03-28,2315.6101,2327.8301,2299.5601,2304.46,2304.46,1997510000,yahoo
NASDAQ,2006-03-29,2309.9399,2344.6699,2308.4099,2337.78,2337.78,2375300000,yahoo
NASDAQ,2006-03-30,2340.23,2353.1399,2330.8401,2340.8201,2340.8201,2160810000,yahoo
NASDAQ,2006-03-31,2345.53,2348.8899,2334.54,2339.79,2339.79,1851620000,yahoo
NASDAQ,2006-04-03,2352.24,2357.53,2334.6001,2336.74,2336.74,1952960000,yahoo
NASDAQ,2006-04-04,2337.95,2350.7,2332.6699,2345.3601,2345.3601,2082320000,yahoo
NASDAQ,2006-04-05,2349.8201,2361.9099,2341.6599,2359.75,2359.75,2027440000,yahoo
NASDAQ,2006-04-06,2358.9199,2366.5601,2347.6399,2361.1699,2361.1699,2141860000,yahoo
NASDAQ,2006-04-07,2367.3201,2375.45,2336.71,2339.02,2339.02,2002360000,yahoo
NASDAQ,2006-04-10,2340.3899,2343.5901,2326.47,2333.27,2333.27,1840950000,yahoo
NASDAQ,2006-04-11,2337.8799,2339.79,2302.1899,2310.3501,2310.3501,2098780000,yahoo
NASDAQ,2006-04-12,2309.3899,2318.05,2308.3301,2314.6799,2314.6799,1536510000,yahoo
NASDAQ,2006-04-13,2314.3201,2333.03,2310.1201,2326.1101,2326.1101,1516980000,yahoo
NASDAQ,2006-04-17,2325.5601,2332.6699,2299.4199,2311.1599,2311.1599,1776170000,yahoo
NASDAQ,2006-04-18,2318.27,2357.46,2318.27,2356.1399,2356.1399,2252800000,yahoo
NASDAQ,2006-04-19,2358.8701,2370.9299,2350.04,2370.8799,2370.8799,2077690000,yahoo
NASDAQ,2006-04-20,2368.74,2375.54,2354.0701,2362.55,2362.55,2125120000,yahoo
NASDAQ,2006-04-21,2371.6499,2371.6499,2333.5,2342.8601,2342.8601,2326080000,yahoo
NASDAQ,2006-04-24,2338.78,2338.78,2324.28,2333.3799,2333.3799,2008130000,yahoo
NASDAQ,2006-04-25,2338.54,2338.54,2321.6399,2330.3,2330.3,2301780000,yahoo
NASDAQ,2006-04-26,2333.5701,2342.8799,2327.73,2333.6299,2333.6299,2084230000,yahoo
NASDAQ,2006-04-27,2324.6299,2361.8899,2315.1201,2344.95,2344.95,2573560000,yahoo
NASDAQ,2006-04-28,2321.6101,2337.28,2317.47,2322.5701,2322.5701,2501760000,yahoo
NASDAQ,2006-05-01,2329.79,2334.6899,2300.25,2304.79,2304.79,2076120000,yahoo
NASDAQ,2006-05-02,2311.73,2313.9299,2302.8,2309.8401,2309.8401,2070740000,yahoo
NASDAQ,2006-05-03,2311.2,2312.6001,2295.03,2303.97,2303.97,2127260000,yahoo
NASDAQ,2006-05-04,2307.3799,2326.8201,2307.3799,2323.8999,2323.8999,2054110000,yahoo
NASDAQ,2006-05-05,2335.96,2344.3701,2332.6799,2342.5701,2342.5701,1989260000,yahoo
NASDAQ,2006-05-08,2342.4099,2352.5601,2339.46,2344.99,2344.99,1726260000,yahoo
NASDAQ,2006-05-09,2339.71,2343.6201,2334.1699,2338.25,2338.25,1845230000,yahoo
NASDAQ,2006-05-10,2332.8201,2338.25,2314.45,2320.74,2320.74,2014270000,yahoo
NASDAQ,2006-05-11,2319.0801,2319.6001,2270.51,2272.7,2272.7,2446770000,yahoo
NASDAQ,2006-05-12,2263.97,2264.1899,2243.3201,2243.78,2243.78,2289510000,yahoo
NASDAQ,2006-05-15,2234.01,2245.1799,2220.5,2238.52,2238.52,2006700000,yahoo
NASDAQ,2006-05-16,2239,2243.74,2222.8,2229.1299,2229.1299,1996620000,yahoo
NASDAQ,2006-05-17,2214.8999,2222.3799,2193.8701,2195.8,2195.8,2337800000,yahoo
NASDAQ,2006-05-18,2205.3701,2212.95,2180.28,2180.3201,2180.3201,2022640000,yahoo
NASDAQ,2006-05-19,2183.3401,2198.6599,2164.54,2193.8799,2193.8799,2514380000,yahoo
NASDAQ,2006-05-22,2178.1499,2184.5701,2156.6699,2172.8601,2172.8601,2269960000,yahoo
NASDAQ,2006-05-23,2188.3799,2199.5601,2158.76,2158.76,2158.76,2131750000,yahoo
NASDAQ,2006-05-24,2159.8301,2179.8401,2135.8101,2169.1699,2169.1699,2597020000,yahoo
NASDAQ,2006-05-25,2182.4299,2198.5801,2174.24,2198.24,2198.24,2028960000,yahoo
NASDAQ,2006-05-26,2205.8999,2210.49,2196.7,2210.3701,2210.3701,1540700000,yahoo
NASDAQ,2006-05-30,2202.5701,2202.5701,2164.74,2164.74,2164.74,1718660000,yahoo
NASDAQ,2006-05-31,2171.46,2185.3301,2165.79,2178.8799,2178.8799,2119060000,yahoo
NASDAQ,2006-06-01,2179.8201,2219.8601,2177.8,2219.8601,2219.8601,2078740000,yahoo
NASDAQ,2006-06-02,2229.8401,2233.8799,2203.73,2219.4099,2219.4099,1933380000,yahoo
NASDAQ,2006-06-05,2212.3501,2219.4099,2169.3999,2169.6201,2169.6201,1733250000,yahoo
NASDAQ,2006-06-06,2174.28,2176.47,2144.2,2162.78,2162.78,2089540000,yahoo
NASDAQ,2006-06-07,2166.5801,2184.4399,2150.6899,2151.8,2151.8,1913870000,yahoo
NASDAQ,2006-06-08,2141.5901,2151.8,2100.4299,2145.3201,2145.3201,2948100000,yahoo
NASDAQ,2006-06-09,2151.9199,2163.21,2133.47,2135.0601,2135.0601,1754740000,yahoo
NASDAQ,2006-06-12,2137.47,2138.6799,2091.3201,2091.3201,2091.3201,1887720000,yahoo
NASDAQ,2006-06-13,2089.8799,2108.3601,2067.74,2072.47,2072.47,2594500000,yahoo
NASDAQ,2006-06-14,2075.55,2091.9399,2065.1101,2086,2086,2090140000,yahoo
NASDAQ,2006-06-15,2098.3701,2147.9099,2086,2144.1499,2144.1499,2201490000,yahoo
NASDAQ,2006-06-16,2140.51,2144.1499,2122.78,2129.95,2129.95,2428150000,yahoo
NASDAQ,2006-06-19,2136.6001,2138.77,2104.3799,2110.4199,2110.4199,1681580000,yahoo
NASDAQ,2006-06-20,2110.9199,2126.72,2103.77,2107.0601,2107.0601,1572100000,yahoo
NASDAQ,2006-06-21,2109.22,2152.5601,2107.0601,2141.2,2141.2,1854850000,yahoo
NASDAQ,2006-06-22,2138.97,2141.2,2113.5901,2122.98,2122.98,1644700000,yahoo
NASDAQ,2006-06-23,2120.3,2137.4299,2110.8101,2121.47,2121.47,1614510000,yahoo
NASDAQ,2006-06-26,2126.46,2135.71,2121.47,2133.6699,2133.6699,1392940000,yahoo
NASDAQ,2006-06-27,2134.5801,2139.4299,2098.76,2100.25,2100.25,1788170000,yahoo
NASDAQ,2006-06-28,2105.9399,2112.6201,2090.78,2111.8401,2111.8401,1591310000,yahoo
NASDAQ,2006-06-29,2121.5,2174.3799,2111.8401,2174.3799,2174.3799,2165390000,yahoo
NASDAQ,2006-06-30,2181.47,2183.48,2164.6699,2172.0901,2172.0901,2458840000,yahoo
NASDAQ,2006-07-03,2177.9099,2190.4399,2172.0901,2190.4299,2190.4299,788200000,yahoo
NASDAQ,2006-07-05,2174.6899,2190.4299,2147.1201,2153.3401,2153.3401,1586970000,yahoo
NASDAQ,2006-07-06,2156.3,2168.54,2148.21,2155.0901,2155.0901,1585090000,yahoo
NASDAQ,2006-07-07,2146.8899,2155.0901,2126.6399,2130.0601,2130.0601,1759870000,yahoo
NASDAQ,2006-07-10,2135.96,2142.3601,2109.1799,2116.9299,2116.9299,1561790000,yahoo
NASDAQ,2006-07-11,2110.4199,2129.47,2095.6899,2128.8601,2128.8601,1971500000,yahoo
NASDAQ,2006-07-12,2121.71,2128.8601,2090.23,2090.24,2090.24,1776520000,yahoo
NASDAQ,2006-07-13,2076.3899,2090.24,2054.1001,2054.1101,2054.1101,2022040000,yahoo
NASDAQ,2006-07-14,2053.8799,2056.53,2027.11,2037.35,2037.35,1779960000,yahoo
NASDAQ,2006-07-17,2034.76,2050.6499,2028.3,2037.72,2037.72,1504880000,yahoo
NASDAQ,2006-07-18,2043.1801,2052.53,2012.78,2043.22,2043.22,1996880000,yahoo
NASDAQ,2006-07-19,2037.6801,2086.0701,2037.1,2080.71,2080.71,2304740000,yahoo
NASDAQ,2006-07-20,2083.8301,2084.24,2038.71,2039.42,2039.42,1951450000,yahoo
NASDAQ,2006-07-21,2035.26,2035.78,2014.0699,2020.39,2020.39,2346890000,yahoo
NASDAQ,2006-07-24,2030.49,2061.8401,2030.49,2061.8401,2061.8401,1975870000,yahoo
NASDAQ,2006-07-25,2060.3799,2080.1101,2055.3401,2073.8999,2073.8999,1913710000,yahoo
NASDAQ,2006-07-26,2066.46,2083.96,2053.6399,2070.46,2070.46,2073310000,yahoo
NASDAQ,2006-07-27,2082.5701,2093.1399,2052.02,2054.47,2054.47,2120100000,yahoo
NASDAQ,2006-07-28,2065.28,2094.95,2065.0601,2094.1399,2094.1399,1803290000,yahoo
NASDAQ,2006-07-31,2087.8601,2098.24,2082.6201,2091.47,2091.47,1582270000,yahoo
NASDAQ,2006-08-01,2080.3401,2080.3401,2052.75,2061.99,2061.99,1663070000,yahoo
NASDAQ,2006-08-02,2069.9099,2089,2069.5801,2078.8101,2078.8101,1755730000,yahoo
NASDAQ,2006-08-03,2064.5601,2099.8101,2060.9099,2092.3401,2092.3401,1818790000,yahoo
NASDAQ,2006-08-04,2107.8301,2119.01,2068.8,2085.05,2085.05,1832040000,yahoo
NASDAQ,2006-08-07,2079.45,2079.45,2064.9399,2072.5,2072.5,1428170000,yahoo
NASDAQ,2006-08-08,2079.52,2083.8999,2054.1299,2060.8501,2060.8501,1889440000,yahoo
NASDAQ,2006-08-09,2085.5601,2097.76,2056.77,2060.28,2060.28,2074060000,yahoo
NASDAQ,2006-08-10,2052.98,2076.3501,2048.22,2071.74,2071.74,1730320000,yahoo
NASDAQ,2006-08-11,2066.23,2066.23,2049.8401,2057.71,2057.71,1423530000,yahoo
NASDAQ,2006-08-14,2073.01,2092.6599,2067.6899,2069.04,2069.04,1480120000,yahoo
NASDAQ,2006-08-15,2092.49,2115.01,2089.6001,2115.01,2115.01,1755660000,yahoo
NASDAQ,2006-08-16,2127.0601,2149.54,2120.1101,2149.54,2149.54,2474760000,yahoo
NASDAQ,2006-08-17,2144.3,2168.1101,2141.5601,2157.6101,2157.6101,1919020000,yahoo
NASDAQ,2006-08-18,2157.1399,2165.47,2138.45,2163.95,2163.95,1683790000,yahoo
NASDAQ,2006-08-21,2151.9099,2153.53,2140.8101,2147.75,2147.75,1314000000,yahoo
NASDAQ,2006-08-22,2145.3101,2162.6799,2140.6299,2150.02,2150.02,1555940000,yahoo
NASDAQ,2006-08-23,2152.9099,2160.1101,2126.75,2134.6599,2134.6599,1457180000,yahoo
NASDAQ,2006-08-24,2142.3401,2144.3301,2122.6499,2137.1101,2137.1101,1404360000,yahoo
NASDAQ,2006-08-25,2132.1699,2152.9199,2129.25,2140.29,2140.29,1282510000,yahoo
NASDAQ,2006-08-28,2140.52,2164.22,2139.5701,2160.7,2160.7,1333860000,yahoo
NASDAQ,2006-08-29,2161.96,2173.8799,2145.22,2172.3,2172.3,1580990000,yahoo
NASDAQ,2006-08-30,2175.0701,2188.55,2167.48,2185.73,2185.73,1620030000,yahoo
NASDAQ,2006-08-31,2189.1699,2193.3401,2181.77,2183.75,2183.75,1700210000,yahoo
NASDAQ,2006-09-01,2194.5601,2198.5801,2182.9299,2193.1599,2193.1599,1325540000,yahoo
NASDAQ,2006-09-05,2192.9399,2207.55,2184.4199,2205.7,2205.7,1732460000,yahoo
NASDAQ,2006-09-06,2189.7,2190.26,2167.6299,2167.8401,2167.8401,1797080000,yahoo
NASDAQ,2006-09-07,2160.05,2174.8,2149.3601,2155.29,2155.29,1847190000,yahoo
NASDAQ,2006-09-08,2160.02,2168.4399,2154.55,2165.79,2165.79,1457220000,yahoo
NASDAQ,2006-09-11,2152.1201,2180.3899,2147.4399,2173.25,2173.25,1694280000,yahoo
NASDAQ,2006-09-12,2174.6101,2217.28,2174.6101,2215.8201,2215.8201,2007990000,yahoo
NASDAQ,2006-09-13,2214.8,2229.1799,2211.1399,2227.6699,2227.6699,1860530000,yahoo
NASDAQ,2006-09-14,2221.73,2230.97,2218.8601,2228.73,2228.73,1826600000,yahoo
NASDAQ,2006-09-15,2243.28,2247.1599,2227.72,2235.5901,2235.5901,2455870000,yahoo
NASDAQ,2006-09-18,2232.99,2247.47,2228.52,2235.75,2235.75,1914200000,yahoo
NASDAQ,2006-09-19,2239.8601,2239.8601,2202.9299,2222.3701,2222.3701,2079920000,yahoo
NASDAQ,2006-09-20,2242.1101,2257.28,2242.1101,2252.8899,2252.8899,2164940000,yahoo
NASDAQ,2006-09-21,2257.54,2261.47,2232.8899,2237.75,2237.75,1993110000,yahoo
NASDAQ,2006-09-22,2233.55,2233.55,2210.1299,2218.9299,2218.9299,1646540000,yahoo
NASDAQ,2006-09-25,2227.3701,2253.45,2212.02,2249.0701,2249.0701,1833860000,yahoo
NASDAQ,2006-09-26,2247.72,2261.78,2243.6699,2261.3401,2261.3401,2011140000,yahoo
NASDAQ,2006-09-27,2256.1699,2271,2254.3701,2263.3899,2263.3899,2039100000,yahoo
NASDAQ,2006-09-28,2266.9299,2273.1201,2252.9099,2270.02,2270.02,1805260000,yahoo
NASDAQ,2006-09-29,2273.3,2273.3,2257.98,2258.4299,2258.4299,1812120000,yahoo
NASDAQ,2006-10-02,2257,2262.6699,2235.6799,2237.6001,2237.6001,1769170000,yahoo
NASDAQ,2006-10-03,2233.01,2251.8601,2224.21,2243.6499,2243.6499,1946800000,yahoo
NASDAQ,2006-10-04,2239.8799,2290.98,2239.26,2290.95,2290.95,2190280000,yahoo
NASDAQ,2006-10-05,2289.53,2306.3501,2287.6101,2306.3401,2306.3401,1911090000,yahoo
NASDAQ,2006-10-06,2296.1499,2306.28,2289.99,2299.99,2299.99,1672470000,yahoo
NASDAQ,2006-10-09,2297.8201,2317.4199,2295.25,2311.77,2311.77,1485280000,yahoo
NASDAQ,2006-10-10,2314.1201,2319.0601,2302.24,2315.4299,2315.4299,1760360000,yahoo
NASDAQ,2006-10-11,2304.6699,2322.0701,2292.29,2308.27,2308.27,1995600000,yahoo
NASDAQ,2006-10-12,2318.28,2346.29,2318.28,2346.1799,2346.1799,2003960000,yahoo
NASDAQ,2006-10-13,2344.7,2360.23,2341.3999,2357.29,2357.29,1940530000,yahoo
NASDAQ,2006-10-16,2359.1899,2368.1101,2358.01,2363.8401,2363.8401,1823620000,yahoo
NASDAQ,2006-10-17,2354.0701,2354.0701,2329.8,2344.95,2344.95,2125950000,yahoo
NASDAQ,2006-10-18,2355.4199,2362.0901,2330.49,2337.1499,2337.1499,2130750000,yahoo
NASDAQ,2006-10-19,2332.54,2345.24,2324.4299,2340.9399,2340.9399,2000690000,yahoo
NASDAQ,2006-10-20,2340.9399,2349.3601,2329.1299,2342.3,2342.3,1922070000,yahoo
NASDAQ,2006-10-23,2338.1499,2364.2,2330.6101,2355.5601,2355.5601,1823480000,yahoo
NASDAQ,2006-10-24,2352.49,2356.03,2335.9099,2344.8401,2344.8401,1856880000,yahoo
NASDAQ,2006-10-25,2346.77,2359.76,2338.6499,2356.5901,2356.5901,2100780000,yahoo
NASDAQ,2006-10-26,2361.0901,2379.29,2347.8799,2379.1001,2379.1001,2339540000,yahoo
NASDAQ,2006-10-27,2375.1699,2377.3401,2347.0701,2350.6201,2350.6201,2268950000,yahoo
NASDAQ,2006-10-30,2347.21,2371.0601,2341.03,2363.77,2363.77,1724180000,yahoo
NASDAQ,2006-10-31,2368.75,2374.6399,2355.95,2366.71,2366.71,1922150000,yahoo
NASDAQ,2006-11-01,2373.49,2375.53,2330.5701,2334.3501,2334.3501,2027020000,yahoo
NASDAQ,2006-11-02,2324.48,2339.1299,2320.8401,2334.02,2334.02,1887310000,yahoo
NASDAQ,2006-11-03,2339.04,2343.98,2316.8201,2330.79,2330.79,1830050000,yahoo
NASDAQ,2006-11-06,2341.6599,2371.8101,2341.6599,2365.95,2365.95,1892250000,yahoo
NASDAQ,2006-11-07,2366.01,2391.3401,2363.6399,2375.8799,2375.8799,2088770000,yahoo
NASDAQ,2006-11-08,2363.9199,2393.47,2358.4399,2384.9399,2384.9399,2076020000,yahoo
NASDAQ,2006-11-09,2399.28,2401.3301,2370.6001,2376.01,2376.01,2380240000,yahoo
NASDAQ,2006-11-10,2378.26,2389.72,2373.6201,2389.72,2389.72,1680460000,yahoo
NASDAQ,2006-11-13,2389.52,2408.9099,2387.8799,2406.3799,2406.3799,1720810000,yahoo
NASDAQ,2006-11-14,2408.05,2430.8301,2394.6201,2430.6599,2430.6599,1926370000,yahoo
NASDAQ,2006-11-15,2430.1399,2452.5601,2429.6799,2442.75,2442.75,2103870000,yahoo
NASDAQ,2006-11-16,2447.0901,2453.3501,2438.04,2449.0601,2449.0601,2038830000,yahoo
NASDAQ,2006-11-17,2439.6299,2445.8601,2431.79,2445.8601,2445.8601,1732400000,yahoo
NASDAQ,2006-11-20,2441.1599,2457.1399,2437.8401,2452.72,2452.72,1697480000,yahoo
NASDAQ,2006-11-21,2454.6499,2456.6001,2445.04,2454.8401,2454.8401,1660270000,yahoo
NASDAQ,2006-11-22,2463.21,2467.2,2450.6399,2465.98,2465.98,1573120000,yahoo
NASDAQ,2006-11-24,2449.73,2468.4199,2449.3201,2460.26,2460.26,681510000,yahoo
NASDAQ,2006-11-27,2454.1699,2454.6399,2405.8899,2405.9199,2405.9199,1950300000,yahoo
NASDAQ,2006-11-28,2397.3201,2414.0801,2390.1001,2412.6101,2412.6101,1958630000,yahoo
NASDAQ,2006-11-29,2422.9099,2436.6101,2414.8,2432.23,2432.23,1903430000,yahoo
NASDAQ,2006-11-30,2430.75,2441.3501,2419.23,2431.77,2431.77,2134200000,yahoo
NASDAQ,2006-12-01,2430.75,2434.3899,2392.95,2413.21,2413.21,2040520000,yahoo
NASDAQ,2006-12-04,2420.9199,2455.6699,2420.6001,2448.3899,2448.3899,1954530000,yahoo
NASDAQ,2006-12-05,2455.7,2459.51,2445.1399,2452.3799,2452.3799,1990600000,yahoo
NASDAQ,2006-12-06,2447.54,2451.8601,2436.47,2445.8601,2445.8601,1889000000,yahoo
NASDAQ,2006-12-07,2449.6399,2454.9099,2427.6899,2427.6899,2427.6899,2051030000,yahoo
NASDAQ,2006-12-08,2423.6699,2447.03,2416.77,2437.3601,2437.3601,1840600000,yahoo
NASDAQ,2006-12-11,2437.3601,2453.22,2429.97,2442.8601,2442.8601,1813340000,yahoo
NASDAQ,2006-12-12,2443.03,2444.72,2419.3201,2431.6001,2431.6001,1927540000,yahoo
NASDAQ,2006-12-13,2444.1201,2444.1201,2423.8701,2432.4099,2432.4099,1782430000,yahoo
NASDAQ,2006-12-14,2435.75,2461.3101,2435.75,2453.8501,2453.8501,1889510000,yahoo
NASDAQ,2006-12-15,2467.3601,2470.02,2455.24,2457.2,2457.2,2324650000,yahoo
NASDAQ,2006-12-18,2462.4299,2470.95,2428.6599,2435.5701,2435.5701,1936350000,yahoo
NASDAQ,2006-12-19,2420.0801,2437.3301,2408.8501,2429.55,2429.55,1960720000,yahoo
NASDAQ,2006-12-20,2432,2443.3401,2426.4099,2427.6101,2427.6101,1749530000,yahoo
NASDAQ,2006-12-21,2430.1399,2433.1299,2408.99,2415.8501,2415.8501,1732880000,yahoo
NASDAQ,2006-12-22,2415.98,2416.49,2400.72,2401.1799,2401.1799,1306530000,yahoo
NASDAQ,2006-12-26,2398.22,2414.21,2397.6799,2413.51,2413.51,1016200000,yahoo
NASDAQ,2006-12-27,2418.78,2432.73,2418.78,2431.22,2431.22,1216260000,yahoo
NASDAQ,2006-12-28,2425.3201,2432.48,2420.9099,2425.5701,2425.5701,1237530000,yahoo
NASDAQ,2006-12-29,2423.03,2437.3799,2413.4299,2415.29,2415.29,1413920000,yahoo
NIKKEI,2006-01-04,16294.6504,16361.54,16250.7598,16361.54,16361.54,94300000,yahoo
NIKKEI,2006-01-05,16441.2695,16474.5195,16368.5098,16425.3691,16425.3691,164500000,yahoo
NIKKEI,2006-01-06,16408.3105,16479.5508,16320.4297,16428.2109,16428.2109,170400000,yahoo
NIKKEI,2006-01-10,16487.0508,16487.0508,16124.3496,16124.3496,16124.3496,154600000,yahoo
NIKKEI,2006-01-11,16164.9199,16363.5898,16005.2402,16363.5898,16363.5898,146200000,yahoo
NIKKEI,2006-01-12,16426.6895,16472.9902,16310.4502,16445.1895,16445.1895,129700000,yahoo
NIKKEI,2006-01-13,16454.3203,16490.2695,16383.2305,16454.9492,16454.9492,137500000,yahoo
NIKKEI,2006-01-16,16360.04,16387.6309,16221.5898,16268.0303,16268.0303,109900000,yahoo
NIKKEI,2006-01-17,16152.0703,16324.1699,15805.9502,15805.9502,15805.9502,140300000,yahoo
NIKKEI,2006-01-18,15725.6396,15725.6396,15059.5195,15341.1797,15341.1797,192400000,yahoo
NIKKEI,2006-01-19,15396.5996,15740.8203,15396.5996,15696.2803,15696.2803,148000000,yahoo
NIKKEI,2006-01-20,15847.1699,15875.3896,15597.7695,15696.6904,15696.6904,123900000,yahoo
NIKKEI,2006-01-23,15497.6104,15564.9004,15312.71,15360.6504,15360.6504,108400000,yahoo
NIKKEI,2006-01-24,15470.9102,15685.1396,15470.3896,15648.8896,15648.8896,94500000,yahoo
NIKKEI,2006-01-25,15725.7598,15849.5195,15651,15651,15651,143700000,yahoo
NIKKEI,2006-01-26,15783.7002,15891.0195,15764.8896,15891.0195,15891.0195,121800000,yahoo
NIKKEI,2006-01-27,16079.9404,16460.6797,16079.9199,16460.6797,16460.6797,153900000,yahoo
NIKKEI,2006-01-30,16615.9102,16754.5996,16538.7207,16551.2305,16551.2305,203400000,yahoo
NIKKEI,2006-01-31,16603.9004,16718.7891,16561.3105,16649.8203,16649.8203,143200000,yahoo
NIKKEI,2006-02-01,16594.9004,16671.9102,16480.0898,16480.0898,16480.0898,160300000,yahoo
NIKKEI,2006-02-02,16632.5996,16736.1797,16611.5293,16710.5508,16710.5508,158600000,yahoo
NIKKEI,2006-02-03,16596.2109,16665.0996,16567.8691,16659.6406,16659.6406,124900000,yahoo
NIKKEI,2006-02-06,16736.2305,16777.3691,16578.1895,16747.7598,16747.7598,120200000,yahoo
NIKKEI,2006-02-07,16768.1602,16769.3691,16681.0391,16720.9902,16720.9902,151500000,yahoo
NIKKEI,2006-02-08,16609.9609,16682.9102,16272.6797,16272.6797,16272.6797,134400000,yahoo
NIKKEI,2006-02-09,16444.7402,16540.4902,16351.4297,16439.6699,16439.6699,130700000,yahoo
NIKKEI,2006-02-10,16525.5,16525.5,16090.9297,16257.8301,16257.8301,180300000,yahoo
NIKKEI,2006-02-13,16191.9297,16191.9297,15877.6602,15877.6602,15877.6602,143800000,yahoo
NIKKEI,2006-02-14,15845.1904,16184.8701,15691.8604,16184.8701,16184.8701,149100000,yahoo
NIKKEI,2006-02-15,16302.9404,16312.7402,15932.8301,15932.8301,15932.8301,123300000,yahoo
NIKKEI,2006-02-16,15901.3799,16109.2002,15842,16043.6699,16043.6699,116200000,yahoo
NIKKEI,2006-02-17,16078.5098,16129.9404,15702.6699,15713.4502,15713.4502,121600000,yahoo
NIKKEI,2006-02-20,15620.5801,15661.8496,15389.5801,15437.9297,15437.9297,128800000,yahoo
NIKKEI,2006-02-21,15602.8301,15894.9404,15573.71,15894.9404,15894.9404,126700000,yahoo
NIKKEI,2006-02-22,15882.6396,15923,15679.9102,15781.7803,15781.7803,145700000,yahoo
NIKKEI,2006-02-23,15908.8701,16096.0996,15892.5098,16096.0996,16096.0996,121300000,yahoo
NIKKEI,2006-02-24,16034.6699,16118.1104,15947.04,16101.9102,16101.9102,122900000,yahoo
NIKKEI,2006-02-27,16156.1504,16290.1504,16123.29,16192.9502,16192.9502,152600000,yahoo
NIKKEI,2006-02-28,16218.6201,16229.6797,15953.3203,16205.4297,16205.4297,154400000,yahoo
NIKKEI,2006-03-01,16026.8203,16053.2998,15910.6504,15964.46,15964.46,139300000,yahoo
NIKKEI,2006-03-02,16068.7598,16106.2598,15879.71,15909.7598,15909.7598,118200000,yahoo
NIKKEI,2006-03-03,15835.4297,15897.29,15658.6396,15663.3398,15663.3398,111200000,yahoo
NIKKEI,2006-03-06,15668.6299,15901.1602,15609.7998,15901.1602,15901.1602,99900000,yahoo
NIKKEI,2006-03-07,15864.5703,15864.5703,15678.1201,15726.0195,15726.0195,113100000,yahoo
NIKKEI,2006-03-08,15657.79,15720.6504,15553.1396,15627.4902,15627.4902,113400000,yahoo
NIKKEI,2006-03-09,15645.2998,16049.6104,15645.2998,16036.9102,16036.9102,117800000,yahoo
NIKKEI,2006-03-10,16007.4102,16264.8896,15982.0195,16115.6299,16115.6299,166700000,yahoo
NIKKEI,2006-03-13,16264.5898,16379.4697,16242.1602,16361.5098,16361.5098,94700000,yahoo
NIKKEI,2006-03-14,16401.1094,16410.2891,16238.3604,16238.3604,16238.3604,94600000,yahoo
NIKKEI,2006-03-15,16342.5195,16367.7598,16291.7695,16319.04,16319.04,89700000,yahoo
NIKKEI,2006-03-16,16354.71,16356.4902,16032.5498,16096.21,16096.21,97400000,yahoo
NIKKEI,2006-03-17,16172.7402,16339.7305,16106.3799,16339.7305,16339.7305,90600000,yahoo
NIKKEI,2006-03-20,16299.3496,16667.1309,16299.3496,16624.8008,16624.8008,102200000,yahoo
NIKKEI,2006-03-22,16578.5,16583.25,16477.2598,16495.4805,16495.4805,122700000,yahoo
NIKKEI,2006-03-23,16605.4805,16661.1406,16464.4707,16489.3691,16489.3691,98900000,yahoo
NIKKEI,2006-03-24,16501.5,16612.5195,16462.4707,16560.8691,16560.8691,80800000,yahoo
NIKKEI,2006-03-27,16599.9199,16711.1602,16599.9199,16650.0996,16650.0996,92600000,yahoo
NIKKEI,2006-03-28,16550.4707,16690.2402,16463.9492,16690.2402,16690.2402,95600000,yahoo
NIKKEI,2006-03-29,16670.3809,16976.2891,16613.7207,16938.4102,16938.4102,109100000,yahoo
NIKKEI,2006-03-30,17011.1309,17125.6406,16974.4707,17045.3398,17045.3398,140500000,yahoo
NIKKEI,2006-03-31,17088.7598,17094.6094,16995.7695,17059.6602,17059.6602,100600000,yahoo
NIKKEI,2006-04-03,17127.6094,17387.0801,17105.5,17333.3105,17333.3105,129600000,yahoo
NIKKEI,2006-04-04,17295.5801,17410.3008,17266.3906,17292.9102,17292.9102,115400000,yahoo
NIKKEI,2006-04-05,17340.1406,17464.5391,17187.3496,17243.9805,17243.9805,125800000,yahoo
NIKKEI,2006-04-06,17365.5703,17489.3301,17347.0098,17489.3301,17489.3301,111400000,yahoo
NIKKEI,2006-04-07,17498.8809,17563.3691,17418.9395,17563.3691,17563.3691,118000000,yahoo
NIKKEI,2006-04-10,17455.0293,17489.6094,17385.25,17456.5801,17456.5801,103900000,yahoo
NIKKEI,2006-04-11,17460.6797,17489.1602,17295.4199,17418.1309,17418.1309,111600000,yahoo
NIKKEI,2006-04-12,17297.1797,17325.2109,17162,17162.5508,17162.5508,117500000,yahoo
NIKKEI,2006-04-13,17232.2793,17303.2695,17068.9609,17199.1504,17199.1504,101200000,yahoo
NIKKEI,2006-04-14,17319.3301,17319.3301,17149.0801,17233.8203,17233.8203,89500000,yahoo
NIKKEI,2006-04-17,17233.7305,17233.7305,17000.3594,17000.3594,17000.3594,78300000,yahoo
NIKKEI,2006-04-18,16971.7598,17268.0508,16945.3008,17232.8594,17232.8594,98400000,yahoo
NIKKEI,2006-04-19,17405.9199,17459.2402,17350.1191,17350.1191,17350.1191,104500000,yahoo
NIKKEI,2006-04-20,17391.9395,17412.5898,17283.9707,17317.5293,17317.5293,96200000,yahoo
NIKKEI,2006-04-21,17332.3496,17479.7305,17258.4902,17403.9609,17403.9609,109000000,yahoo
NIKKEI,2006-04-24,17245.6191,17245.6191,16892.1504,16914.4004,16914.4004,110600000,yahoo
NIKKEI,2006-04-25,16929.3594,17000.1992,16787.4395,16970.2891,16970.2891,103400000,yahoo
NIKKEI,2006-04-26,16993.2305,17107.9297,16944.5391,17055.9297,17055.9297,105100000,yahoo
NIKKEI,2006-04-27,17118.9199,17176.0605,17094.7207,17114.5391,17114.5391,103600000,yahoo
NIKKEI,2006-04-28,17039.3691,17043.6699,16750.5,16906.2305,16906.2305,112500000,yahoo
NIKKEI,2006-05-01,16929.8301,16965.3301,16868.6895,16925.7109,16925.7109,79600000,yahoo
NIKKEI,2006-05-02,16920.1309,17188.5391,16900.3301,17153.7695,17153.7695,89300000,yahoo
NIKKEI,2006-05-08,17334.1895,17375.25,17248.5898,17291.6699,17291.6699,121000000,yahoo
NIKKEI,2006-05-09,17253.8105,17294.5,17178.9492,17190.9102,17190.9102,116600000,yahoo
NIKKEI,2006-05-10,17161.4707,17253.1094,16883.3906,16951.9297,16951.9297,127600000,yahoo
NIKKEI,2006-05-11,16887.3691,17087,16840.8496,16862.1406,16862.1406,110100000,yahoo
NIKKEI,2006-05-12,16655.9805,16655.9805,16422.4902,16601.7793,16601.7793,131700000,yahoo
NIKKEI,2006-05-15,16395.8809,16486.9102,16317.2002,16486.9102,16486.9102,118700000,yahoo
NIKKEI,2006-05-16,16508.8906,16596.4805,16116.7305,16158.4199,16158.4199,134500000,yahoo
NIKKEI,2006-05-17,16259.0195,16319.2998,16033.6602,16307.6699,16307.6699,147800000,yahoo
NIKKEI,2006-05-18,16089.25,16139.1396,15914.3896,16087.1797,16087.1797,131800000,yahoo
NIKKEI,2006-05-19,16041.1797,16166.3398,15925.6904,16155.4502,16155.4502,125000000,yahoo
NIKKEI,2006-05-22,16254.5596,16268.5098,15837.2598,15857.8701,15857.8701,126400000,yahoo
NIKKEI,2006-05-23,15722.0498,15776.2002,15582.8604,15599.2002,15599.2002,137300000,yahoo
NIKKEI,2006-05-24,15676.6396,15907.2002,15508.5098,15907.2002,15907.2002,136200000,yahoo
NIKKEI,2006-05-25,15809.3301,15849.2305,15644.6201,15693.75,15693.75,104500000,yahoo
NIKKEI,2006-05-26,15827.8701,15970.7598,15819.3203,15970.7598,15970.7598,101900000,yahoo
NIKKEI,2006-05-29,16111.54,16111.54,15885.0703,15915.6797,15915.6797,96700000,yahoo
NIKKEI,2006-05-30,15920.79,15937.9102,15814.8301,15859.4502,15859.4502,86400000,yahoo
NIKKEI,2006-05-31,15660.8701,15660.8701,15442.5303,15467.3301,15467.3301,114500000,yahoo
NIKKEI,2006-06-01,15603.25,15655,15417.5098,15503.7402,15503.7402,102500000,yahoo
NIKKEI,2006-06-02,15600.2803,15789.3096,15266.9697,15789.3096,15789.3096,141200000,yahoo
NIKKEI,2006-06-05,15719.3096,15784.9502,15622.75,15668.3096,15668.3096,89700000,yahoo
NIKKEI,2006-06-06,15500.9199,15507.7803,15340.9297,15384.8604,15384.8604,96300000,yahoo
NIKKEI,2006-06-07,15285.0498,15433.29,15095.1504,15096.0098,15096.0098,122100000,yahoo
NIKKEI,2006-06-08,14990.04,14990.04,14496.96,14633.0303,14633.0303,171400000,yahoo
NIKKEI,2006-06-09,14530.5,14825.4805,14389.3096,14750.8398,14750.8398,219300000,yahoo
NIKKEI,2006-06-12,14685.46,14845.04,14580.8701,14833.0098,14833.0098,116000000,yahoo
NIKKEI,2006-06-13,14650.5898,14658.2305,14218.5996,14218.5996,14218.5996,118500000,yahoo
NIKKEI,2006-06-14,14084.5195,14458.8203,14045.5303,14309.5596,14309.5596,146000000,yahoo
NIKKEI,2006-06-15,14453.3301,14593.8496,14417.7002,14470.7598,14470.7598,112600000,yahoo
NIKKEI,2006-06-16,14679.3496,14976.6699,14679.3496,14879.3398,14879.3398,130200000,yahoo
NIKKEI,2006-06-19,14815.8604,14918.5996,14772.1396,14860.3496,14860.3496,86300000,yahoo
NIKKEI,2006-06-20,14811.1104,14845.71,14621.8701,14648.4102,14648.4102,91800000,yahoo
NIKKEI,2006-06-21,14712.8604,14713.4297,14482.96,14644.2598,14644.2598,95000000,yahoo
NIKKEI,2006-06-22,14812.1699,15138.4697,14812.1699,15135.6904,15135.6904,109000000,yahoo
NIKKEI,2006-06-23,15001.7695,15126.5195,14865.5703,15124.04,15124.04,98100000,yahoo
NIKKEI,2006-06-26,15080.2305,15216.7803,14987.7695,15152.4004,15152.4004,93200000,yahoo
NIKKEI,2006-06-27,15165.6299,15207.3799,15095.1104,15171.8096,15171.8096,94000000,yahoo
NIKKEI,2006-06-28,14998.0098,14998.0098,14824.7998,14886.1104,14886.1104,96500000,yahoo
NIKKEI,2006-06-29,14981.7002,15137.5801,14975.7803,15121.1504,15121.1504,87700000,yahoo
NIKKEI,2006-06-30,15333.0996,15521.2197,15333.0996,15505.1797,15505.1797,108900000,yahoo
NIKKEI,2006-07-03,15573.3496,15617.2197,15513.29,15571.6201,15571.6201,102700000,yahoo
NIKKEI,2006-07-04,15677.04,15710.3896,15617.8096,15638.5,15638.5,90900000,yahoo
NIKKEI,2006-07-05,15504.1699,15584.6201,15479.9297,15523.9404,15523.9404,89600000,yahoo
NIKKEI,2006-07-06,15455.1797,15460.8301,15278.1797,15321.4004,15321.4004,94600000,yahoo
NIKKEI,2006-07-07,15428.3203,15437.04,15276.1504,15307.6104,15307.6104,90400000,yahoo
NIKKEI,2006-07-10,15149.9102,15555.4297,15079.7402,15552.8096,15552.8096,111300000,yahoo
NIKKEI,2006-07-11,15485.2598,15498.2002,15333.5898,15473.8203,15473.8203,102100000,yahoo
NIKKEI,2006-07-12,15405.4199,15463.7197,15169.1504,15249.3203,15249.3203,111400000,yahoo
NIKKEI,2006-07-13,15127.7402,15370.3496,15053.6104,15097.9502,15097.9502,111800000,yahoo
NIKKEI,2006-07-14,14914.0098,14997.4502,14815.9004,14845.2402,14845.2402,114200000,yahoo
NIKKEI,2006-07-18,14714.1797,14747.2002,14437.2402,14437.2402,14437.2402,128100000,yahoo
NIKKEI,2006-07-19,14503.8301,14625.6396,14456.4297,14500.2598,14500.2598,116200000,yahoo
NIKKEI,2006-07-20,14713.5596,14962.1299,14705.4297,14946.8398,14946.8398,107000000,yahoo
NIKKEI,2006-07-21,14825.1602,14867.8096,14784.2402,14821.2598,14821.2598,91100000,yahoo
NIKKEI,2006-07-24,14700.5801,14851.9102,14560.6699,14794.5,14794.5,98400000,yahoo
NIKKEI,2006-07-25,14970.5996,15078.3604,14948.3604,15005.2402,15005.2402,99300000,yahoo
NIKKEI,2006-07-26,15065.5703,15108.1396,14882.6699,14884.0703,14884.0703,94600000,yahoo
NIKKEI,2006-07-27,14883.5,15220.3301,14839.4902,15179.7803,15179.7803,109700000,yahoo
NIKKEI,2006-07-28,15217.4404,15351.79,15150.5303,15342.8701,15342.8701,112900000,yahoo
NIKKEI,2006-07-31,15462.3896,15536.3203,15433.2002,15456.8096,15456.8096,109400000,yahoo
NIKKEI,2006-08-01,15387.5195,15522.0303,15365.71,15440.9102,15440.9102,93000000,yahoo
NIKKEI,2006-08-02,15341.5303,15466.0703,15287.8096,15464.29,15464.29,95600000,yahoo
NIKKEI,2006-08-03,15527.2695,15580.9102,15441.6699,15470.3701,15470.3701,87000000,yahoo
NIKKEI,2006-08-04,15502.5596,15555.9004,15435.3301,15499.1797,15499.1797,89100000,yahoo
NIKKEI,2006-08-07,15494.4697,15516.2402,15154.0596,15154.0596,15154.0596,90000000,yahoo
NIKKEI,2006-08-08,15234.3896,15476.9404,15189.0996,15464.6602,15464.6602,89200000,yahoo
NIKKEI,2006-08-09,15417.0195,15659.4102,15240.2998,15656.5898,15656.5898,111500000,yahoo
NIKKEI,2006-08-10,15585.0898,15690.8604,15536.1504,15630.9102,15630.9102,105900000,yahoo
NIKKEI,2006-08-11,15622.2402,15681.4004,15555.5996,15565.0195,15565.0195,113500000,yahoo
NIKKEI,2006-08-14,15550.96,15873.21,15549.6699,15857.1104,15857.1104,82800000,yahoo
NIKKEI,2006-08-15,15831.6904,15913.3398,15807.7197,15816.1904,15816.1904,98500000,yahoo
NIKKEI,2006-08-16,15970.5996,16085.0703,15962.9805,16071.3604,16071.3604,113500000,yahoo
NIKKEI,2006-08-17,16142.5596,16204.5996,16008.4404,16020.8398,16020.8398,154600000,yahoo
NIKKEI,2006-08-18,16052.5801,16169.8398,16022.1201,16105.9805,16105.9805,122500000,yahoo
NIKKEI,2006-08-21,16104.5,16145.5,15936.6104,15969.04,15969.04,91900000,yahoo
NIKKEI,2006-08-22,15994.9902,16244.8398,15994.9902,16181.1699,16181.1699,100300000,yahoo
NIKKEI,2006-08-23,16161.8203,16226.5898,16118.1201,16163.0303,16163.0303,92600000,yahoo
NIKKEI,2006-08-24,16088.54,16089.1299,15910.6201,15960.6201,15960.6201,86800000,yahoo
NIKKEI,2006-08-25,15955.7598,16156.7803,15874.6299,15938.6602,15938.6602,87000000,yahoo
NIKKEI,2006-08-28,15953.0801,16005.0898,15745.0098,15762.5898,15762.5898,88000000,yahoo
NIKKEI,2006-08-29,15881.9199,15946.4199,15811.7305,15890.5596,15890.5596,77400000,yahoo
NIKKEI,2006-08-30,15929.9004,15962.9297,15769.1602,15872.0195,15872.0195,95500000,yahoo
NIKKEI,2006-08-31,15884.6104,16207.4102,15882.2598,16140.7598,16140.7598,112200000,yahoo
NIKKEI,2006-09-01,16072.8096,16158.4805,16029.5596,16134.25,16134.25,100200000,yahoo
NIKKEI,2006-09-04,16280.1797,16414.9395,16280.1797,16358.0703,16358.0703,109100000,yahoo
NIKKEI,2006-09-05,16357.29,16403.9004,16280.6797,16385.9609,16385.9609,109300000,yahoo
NIKKEI,2006-09-06,16350.2695,16400.7109,16245.1602,16284.0898,16284.0898,126000000,yahoo
NIKKEI,2006-09-07,16141.9404,16141.9404,15944.0303,16012.4102,16012.4102,115600000,yahoo
NIKKEI,2006-09-08,15907.9697,16156.1797,15831.75,16080.46,16080.46,163100000,yahoo
NIKKEI,2006-09-11,16053.1299,16053.1299,15772.0703,15794.3799,15794.3799,97800000,yahoo
NIKKEI,2006-09-12,15843.7998,15882.3799,15675.3701,15719.3398,15719.3398,117000000,yahoo
NIKKEI,2006-09-13,15889.5,15965.3096,15730.6699,15750.0498,15750.0498,108600000,yahoo
NIKKEI,2006-09-14,15831.7197,15994.79,15801.8799,15942.3896,15942.3896,101900000,yahoo
NIKKEI,2006-09-15,15872.29,15907.0303,15763.9004,15866.9297,15866.9297,85500000,yahoo
NIKKEI,2006-09-19,15948.4697,16096.1797,15867.0498,15874.2803,15874.2803,96600000,yahoo
NIKKEI,2006-09-20,15757.9697,15763.6699,15622.2803,15718.6699,15718.6699,103000000,yahoo
NIKKEI,2006-09-21,15820.1104,15859.21,15674.8398,15834.2305,15834.2305,93400000,yahoo
NIKKEI,2006-09-22,15706.8496,15735.2598,15580.1904,15634.6699,15634.6699,92900000,yahoo
NIKKEI,2006-09-25,15550.5596,15691.0596,15513.8701,15633.8096,15633.8096,98200000,yahoo
NIKKEI,2006-09-26,15594.4805,15666.9502,15517.9004,15557.4502,15557.4502,76500000,yahoo
NIKKEI,2006-09-27,15692.9805,15947.8701,15681.4404,15947.8701,15947.8701,97500000,yahoo
NIKKEI,2006-09-28,15970.3896,16032.9805,15911.2197,16024.8496,16024.8496,86900000,yahoo
NIKKEI,2006-09-29,16097.0801,16127.5801,16007.3701,16127.5801,16127.5801,83400000,yahoo
NIKKEI,2006-10-02,16169,16329.2402,16157.9805,16254.29,16254.29,102600000,yahoo
NIKKEI,2006-10-03,16198.5498,16260.4697,16148.8896,16242.0898,16242.0898,90900000,yahoo
NIKKEI,2006-10-04,16288.9199,16363.1201,16028.3203,16082.5498,16082.5498,124900000,yahoo
NIKKEI,2006-10-05,16291.79,16481.3105,16286.6396,16449.3301,16449.3301,125800000,yahoo
NIKKEI,2006-10-06,16444.7109,16457.9199,16360.6396,16436.0605,16436.0605,96800000,yahoo
NIKKEI,2006-10-10,16325.4805,16620.1504,16325.4805,16477.25,16477.25,104500000,yahoo
NIKKEI,2006-10-11,16497.2695,16595.9102,16399.7402,16400.5703,16400.5703,115500000,yahoo
NIKKEI,2006-10-12,16386.3691,16495.5391,16343.4902,16368.8096,16368.8096,106500000,yahoo
NIKKEI,2006-10-13,16494.4902,16586.3301,16493.6406,16536.5391,16536.5391,121600000,yahoo
NIKKEI,2006-10-16,16663.2207,16732.4395,16648.4297,16692.7598,16692.7598,90100000,yahoo
NIKKEI,2006-10-17,16704.8594,16704.8594,16561.2598,16611.5898,16611.5898,93600000,yahoo
NIKKEI,2006-10-18,16519.9102,16666.1992,16466.7402,16653,16653,93500000,yahoo
NIKKEI,2006-10-19,16673.2598,16688.9609,16506.2207,16551.3594,16551.3594,86400000,yahoo
NIKKEI,2006-10-20,16556.0898,16663.6094,16552.3594,16651.6309,16651.6309,86500000,yahoo
NIKKEI,2006-10-23,16641.3203,16797.7109,16598.5293,16788.8203,16788.8203,92300000,yahoo
NIKKEI,2006-10-24,16853.7305,16901.5293,16759.9805,16780.4707,16780.4707,111400000,yahoo
NIKKEI,2006-10-25,16837.8008,16849.0508,16697.0098,16699.3008,16699.3008,114600000,yahoo
NIKKEI,2006-10-26,16794.4102,16863.2402,16772.3105,16811.5996,16811.5996,114500000,yahoo
NIKKEI,2006-10-27,16879.3301,16879.3301,16643.9102,16669.0703,16669.0703,111800000,yahoo
NIKKEI,2006-10-30,16544.5,16549.7109,16329.8896,16351.8496,16351.8496,119000000,yahoo
NIKKEI,2006-10-31,16389.4492,16477.0605,16314.29,16399.3906,16399.3906,104400000,yahoo
NIKKEI,2006-11-01,16338.7197,16444.5098,16246.2402,16375.2598,16375.2598,103800000,yahoo
NIKKEI,2006-11-02,16281.9502,16350.0195,16209.1396,16350.0195,16350.0195,99000000,yahoo
NIKKEI,2006-11-06,16278.7803,16398.5098,16204.1299,16364.7598,16364.7598,104200000,yahoo
NIKKEI,2006-11-07,16509.7891,16512.5098,16378.7197,16393.4102,16393.4102,95800000,yahoo
NIKKEI,2006-11-08,16404.0508,16423.8301,16199.4297,16215.7402,16215.7402,121600000,yahoo
NIKKEI,2006-11-09,16218.8604,16286.2598,16094.4902,16198.5703,16198.5703,109400000,yahoo
NIKKEI,2006-11-10,16133.9102,16280.6602,16104.7402,16112.4297,16112.4297,130100000,yahoo
NIKKEI,2006-11-13,16016.4199,16067.46,15913.8604,16022.4902,16022.4902,107600000,yahoo
NIKKEI,2006-11-14,16178.8096,16318.0498,16176.0195,16289.5498,16289.5498,112900000,yahoo
NIKKEI,2006-11-15,16348.7402,16373.4805,16243.4697,16243.4697,16243.4697,103300000,yahoo
NIKKEI,2006-11-16,16292.4805,16367.0996,16143.7002,16163.8701,16163.8701,94400000,yahoo
NIKKEI,2006-11-17,16182.3096,16238.2598,16067.2695,16091.7305,16091.7305,107100000,yahoo
NIKKEI,2006-11-20,16004.3398,16036.1797,15725.9404,15725.9404,15725.9404,116300000,yahoo
NIKKEI,2006-11-21,15766.4297,15817.7305,15696.2197,15734.1396,15734.1396,100100000,yahoo
NIKKEI,2006-11-22,15680.5303,15914.2305,15675.4805,15914.2305,15914.2305,104200000,yahoo
NIKKEI,2006-11-24,15784.2598,15789.8896,15639.1904,15734.5996,15734.5996,90600000,yahoo
NIKKEI,2006-11-27,15615.5596,15912.1104,15615.5596,15885.3799,15885.3799,94800000,yahoo
NIKKEI,2006-11-28,15711.7197,15855.2598,15653.6904,15855.2598,15855.2598,114100000,yahoo
NIKKEI,2006-11-29,15948.6904,16126.3496,15945.0703,16076.2002,16076.2002,115200000,yahoo
NIKKEI,2006-11-30,16183.2998,16274.3301,16152.8496,16274.3301,16274.3301,119100000,yahoo
NIKKEI,2006-12-01,16313.0195,16376.2998,16242.0098,16321.7803,16321.7803,111800000,yahoo
NIKKEI,2006-12-04,16263.9805,16362.04,16185.9199,16303.5898,16303.5898,108600000,yahoo
NIKKEI,2006-12-05,16370.5596,16400.1406,16239.2803,16265.7598,16265.7598,121400000,yahoo
NIKKEI,2006-12-06,16309.7998,16401.3105,16254.4502,16371.2803,16371.2803,109800000,yahoo
NIKKEI,2006-12-07,16461.9102,16550.7305,16416.3008,16473.3594,16473.3594,102200000,yahoo
NIKKEI,2006-12-08,16429.8008,16493,16387.8008,16417.8203,16417.8203,175700000,yahoo
NIKKEI,2006-12-11,16487.3008,16608.9707,16470.4004,16527.9902,16527.9902,115000000,yahoo
NIKKEI,2006-12-12,16621.6895,16682.6504,16583.7793,16637.7793,16637.7793,121100000,yahoo
NIKKEI,2006-12-13,16609.25,16692.9297,16589.7305,16692.9297,16692.9297,105500000,yahoo
NIKKEI,2006-12-14,16714.3398,16829.1992,16714.3398,16829.1992,16829.1992,94600000,yahoo
NIKKEI,2006-12-15,16927.9395,16959.9102,16858.3496,16914.3105,16914.3105,106200000,yahoo
NIKKEI,2006-12-18,16962.6504,16993.8809,16930.5508,16962.1094,16962.1094,107500000,yahoo
NIKKEI,2006-12-19,16883.8594,16954.8301,16754.2109,16776.8809,16776.8809,113000000,yahoo
NIKKEI,2006-12-20,16829.5801,17050.7305,16829.5801,17011.0391,17011.0391,133300000,yahoo
NIKKEI,2006-12-21,17040.9297,17109.1699,17010.0391,17047.8301,17047.8301,147200000,yahoo
NIKKEI,2006-12-22,17011.4199,17104.9609,16992.7695,17104.9609,17104.9609,117100000,yahoo
NIKKEI,2006-12-25,17104.8008,17122.4805,17056.6895,17092.8906,17092.8906,86900000,yahoo
NIKKEI,2006-12-26,17070.3203,17185.7109,17056.5898,17169.1895,17169.1895,114000000,yahoo
NIKKEI,2006-12-27,17207.1191,17260.5703,17207.1191,17223.1504,17223.1504,118900000,yahoo
NIKKEI,2006-12-28,17290.1094,17301.6895,17163.75,17224.8105,17224.8105,130600000,yahoo
NIKKEI,2006-12-29,17228.4902,17281.1895,17225.8301,17225.8301,17225.8301,75300000,yahoo
SP500,2006-01-03,1248.29,1270.22,1245.74,1268.8,1268.8,2554570000,yahoo
SP500,2006-01-04,1268.8,1275.37,1267.74,1273.46,1273.46,2515330000,yahoo
SP500,2006-01-05,1273.46,1276.91,1270.3,1273.48,1273.48,2433340000,yahoo
SP500,2006-01-06,1273.48,1286.09,1273.48,1285.45,1285.45,2446560000,yahoo
SP500,2006-01-09,1285.45,1290.78,1284.8199,1290.15,1290.15,2301490000,yahoo
SP500,2006-01-10,1290.15,1290.15,1283.76,1289.6899,1289.6899,2373080000,yahoo
SP500,2006-01-11,1289.72,1294.9,1288.12,1294.1801,1294.1801,2406130000,yahoo
SP500,2006-01-12,1294.1801,1294.1801,1285.04,1286.0601,1286.0601,2318350000,yahoo
SP500,2006-01-13,1286.0601,1288.96,1282.78,1287.61,1287.61,2206510000,yahoo
SP500,2006-01-17,1287.61,1287.61,1278.61,1282.9301,1282.9301,2179970000,yahoo
SP500,2006-01-18,1282.9301,1282.9301,1272.08,1277.9301,1277.9301,2233200000,yahoo
SP500,2006-01-19,1277.9301,1287.79,1277.9301,1285.04,1285.04,2444020000,yahoo
SP500,2006-01-20,1285.04,1285.04,1260.92,1261.49,1261.49,2845810000,yahoo
SP500,2006-01-23,1261.49,1268.1899,1261.49,1263.8199,1263.8199,2256070000,yahoo
SP500,2006-01-24,1263.8199,1271.47,1263.8199,1266.86,1266.86,2608720000,yahoo
SP500,2006-01-25,1266.86,1271.87,1259.42,1264.6801,1264.6801,2617060000,yahoo
SP500,2006-01-26,1264.6801,1276.4399,1264.6801,1273.83,1273.83,2856780000,yahoo
SP500,2006-01-27,1273.83,1286.38,1273.83,1283.72,1283.72,2623620000,yahoo
SP500,2006-01-30,1283.72,1287.9399,1283.51,1285.1899,1285.1899,2282730000,yahoo
SP500,2006-01-31,1285.2,1285.2,1276.85,1280.08,1280.08,2708310000,yahoo
SP500,2006-02-01,1280.08,1283.33,1277.5699,1282.46,1282.46,2589410000,yahoo
SP500,2006-02-02,1282.46,1282.46,1267.72,1270.84,1270.84,2565300000,yahoo
SP500,2006-02-03,1270.84,1270.87,1261.02,1264.03,1264.03,2282210000,yahoo
SP500,2006-02-06,1264.03,1267.04,1261.62,1265.02,1265.02,2132360000,yahoo
SP500,2006-02-07,1265.02,1265.78,1253.61,1254.78,1254.78,2366370000,yahoo
SP500,2006-02-08,1254.78,1266.47,1254.78,1265.65,1265.65,2456860000,yahoo
SP500,2006-02-09,1265.65,1274.5601,1262.8,1263.78,1263.78,2441920000,yahoo
SP500,2006-02-10,1263.8199,1269.89,1254.98,1266.99,1266.99,2290050000,yahoo
SP500,2006-02-13,1266.99,1266.99,1258.34,1262.86,1262.86,1850080000,yahoo
SP500,2006-02-14,1262.86,1278.21,1260.8,1275.53,1275.53,2437940000,yahoo
SP500,2006-02-15,1275.53,1281,1271.0601,1280,1280,2317590000,yahoo
SP500,2006-02-16,1280,1289.39,1280,1289.38,1289.38,2251490000,yahoo
SP500,2006-02-17,1289.38,1289.47,1284.0699,1287.24,1287.24,2128260000,yahoo
SP500,2006-02-21,1287.24,1291.92,1281.33,1283.03,1283.03,2104320000,yahoo
SP500,2006-02-22,1283.03,1294.17,1283.03,1292.67,1292.67,2222380000,yahoo
SP500,2006-02-23,1292.67,1293.84,1285.14,1287.79,1287.79,2144210000,yahoo
SP500,2006-02-24,1287.79,1292.11,1285.62,1289.4301,1289.4301,1933010000,yahoo
SP500,2006-02-27,1289.4301,1297.5699,1289.4301,1294.12,1294.12,1975320000,yahoo
SP500,2006-02-28,1294.12,1294.12,1278.66,1280.66,1280.66,2370860000,yahoo
SP500,2006-03-01,1280.66,1291.8,1280.66,1291.24,1291.24,2308320000,yahoo
SP500,2006-03-02,1291.24,1291.24,1283.21,1289.14,1289.14,2494590000,yahoo
SP500,2006-03-03,1289.14,1297.33,1284.2,1287.23,1287.23,2152950000,yahoo
SP500,2006-03-06,1287.23,1288.23,1275.67,1278.26,1278.26,2280190000,yahoo
SP500,2006-03-07,1278.26,1278.26,1271.11,1275.88,1275.88,2268050000,yahoo
SP500,2006-03-08,1275.88,1280.33,1268.42,1278.47,1278.47,2442870000,yahoo
SP500,2006-03-09,1278.47,1282.74,1272.23,1272.23,1272.23,2140110000,yahoo
SP500,2006-03-10,1272.23,1284.37,1271.11,1281.42,1281.42,2123450000,yahoo
SP500,2006-03-13,1281.58,1287.37,1281.58,1284.13,1284.13,2070330000,yahoo
SP500,2006-03-14,1284.13,1298.14,1282.67,1297.48,1297.48,2165270000,yahoo
SP500,2006-03-15,1297.48,1304.4,1294.97,1303.02,1303.02,2293000000,yahoo
SP500,2006-03-16,1303.02,1310.45,1303.02,1305.33,1305.33,2292180000,yahoo
SP500,2006-03-17,1305.33,1309.79,1305.3199,1307.25,1307.25,2549620000,yahoo
SP500,2006-03-20,1307.25,1310,1303.59,1305.08,1305.08,1976830000,yahoo
SP500,2006-03-21,1305.08,1310.88,1295.8199,1297.23,1297.23,2147370000,yahoo
SP500,2006-03-22,1297.23,1305.97,1295.8101,1305.04,1305.04,2039810000,yahoo
SP500,2006-03-23,1305.04,1305.04,1298.11,1301.67,1301.67,1980940000,yahoo
SP500,2006-03-24,1301.67,1306.53,1298.89,1302.95,1302.95,2326070000,yahoo
SP500,2006-03-27,1302.95,1303.74,1299.09,1301.61,1301.61,2029700000,yahoo
SP500,2006-03-28,1301.61,1306.24,1291.84,1293.23,1293.23,2148580000,yahoo
SP500,2006-03-29,1293.23,1305.6,1293.23,1302.89,1302.89,2143540000,yahoo
SP500,2006-03-30,1302.89,1310.15,1296.72,1300.25,1300.25,2294560000,yahoo
SP500,2006-03-31,1300.25,1303,1294.87,1294.87,1294.87,2236710000,yahoo
SP500,2006-04-03,1302.88,1309.1899,1296.65,1297.8101,1297.8101,2494080000,yahoo
SP500,2006-04-04,1297.8101,1307.55,1294.71,1305.9301,1305.9301,2147660000,yahoo
SP500,2006-04-05,1305.9301,1312.8101,1304.8199,1311.5601,1311.5601,2420020000,yahoo
SP500,2006-04-06,1311.5601,1311.99,1302.4399,1309.04,1309.04,2281680000,yahoo
SP500,2006-04-07,1309.04,1314.0699,1294.1801,1295.5,1295.5,2082470000,yahoo
SP500,2006-04-10,1295.51,1300.74,1293.17,1296.62,1296.62,1898320000,yahoo
SP500,2006-04-11,1296.6,1300.71,1282.96,1286.5699,1286.5699,2232880000,yahoo
SP500,2006-04-12,1286.5699,1290.9301,1286.45,1288.12,1288.12,1938100000,yahoo
SP500,2006-04-13,1288.12,1292.09,1283.37,1289.12,1289.12,1891940000,yahoo
SP500,2006-04-17,1289.12,1292.45,1280.74,1285.33,1285.33,1794650000,yahoo
SP500,2006-04-18,1285.33,1309.02,1285.33,1307.28,1307.28,2595440000,yahoo
SP500,2006-04-19,1307.65,1310.39,1302.79,1309.9301,1309.9301,2447310000,yahoo
SP500,2006-04-20,1309.9301,1318.16,1306.38,1311.46,1311.46,2512920000,yahoo
SP500,2006-04-21,1311.46,1317.67,1306.59,1311.28,1311.28,2392630000,yahoo
SP500,2006-04-24,1311.28,1311.28,1303.79,1308.11,1308.11,2117330000,yahoo
SP500,2006-04-25,1308.11,1310.79,1299.17,1301.74,1301.74,2366380000,yahoo
SP500,2006-04-26,1301.74,1310.97,1301.74,1305.41,1305.41,2502690000,yahoo
SP500,2006-04-27,1305.41,1315,1295.5699,1309.72,1309.72,2772010000,yahoo
SP500,2006-04-28,1309.72,1316.04,1306.16,1310.61,1310.61,2419920000,yahoo
SP500,2006-05-01,1310.61,1317.21,1303.46,1305.1899,1305.1899,2437040000,yahoo
SP500,2006-05-02,1305.1899,1313.66,1305.1899,1313.21,1313.21,2403470000,yahoo
SP500,2006-05-03,1313.21,1313.47,1303.92,1308.12,1308.12,2395230000,yahoo
SP500,2006-05-04,1307.85,1315.14,1307.85,1312.25,1312.25,2431450000,yahoo
SP500,2006-05-05,1312.25,1326.53,1312.25,1325.76,1325.76,2294760000,yahoo
SP500,2006-05-08,1325.76,1326.7,1322.87,1324.66,1324.66,2151300000,yahoo
SP500,2006-05-09,1324.66,1326.6,1322.48,1325.14,1325.14,2157290000,yahoo
SP500,2006-05-10,1324.5699,1325.51,1317.4399,1322.85,1322.85,2268550000,yahoo
SP500,2006-05-11,1322.63,1322.63,1303.45,1305.92,1305.92,2531520000,yahoo
SP500,2006-05-12,1305.88,1305.88,1290.38,1291.24,1291.24,2567970000,yahoo
SP500,2006-05-15,1291.1899,1294.8101,1284.51,1294.5,1294.5,2505660000,yahoo
SP500,2006-05-16,1294.5,1297.88,1288.51,1292.08,1292.08,2386210000,yahoo
SP500,2006-05-17,1291.73,1291.73,1267.3101,1270.3199,1270.3199,2830200000,yahoo
SP500,2006-05-18,1270.25,1274.89,1261.75,1261.8101,1261.8101,2537490000,yahoo
SP500,2006-05-19,1261.8101,1272.15,1256.28,1267.03,1267.03,2982300000,yahoo
SP500,2006-05-22,1267.03,1268.77,1252.98,1262.0699,1262.0699,2773010000,yahoo
SP500,2006-05-23,1262.0601,1273.67,1256.15,1256.58,1256.58,2605250000,yahoo
SP500,2006-05-24,1256.5601,1264.53,1245.34,1258.5699,1258.5699,2999030000,yahoo
SP500,2006-05-25,1258.41,1273.26,1258.41,1272.88,1272.88,2372730000,yahoo
SP500,2006-05-26,1272.71,1280.54,1272.5,1280.16,1280.16,1814020000,yahoo
SP500,2006-05-30,1280.04,1280.04,1259.87,1259.87,1259.87,2176190000,yahoo
SP500,2006-05-31,1259.38,1270.09,1259.38,1270.09,1270.09,2692160000,yahoo
SP500,2006-06-01,1270.05,1285.71,1269.1899,1285.71,1285.71,2360160000,yahoo
SP500,2006-06-02,1285.71,1290.6801,1280.22,1288.22,1288.22,2295540000,yahoo
SP500,2006-06-05,1288.16,1288.16,1264.66,1265.29,1265.29,2313470000,yahoo
SP500,2006-06-06,1265.23,1269.88,1254.46,1263.85,1263.85,2697650000,yahoo
SP500,2006-06-07,1263.61,1272.47,1255.77,1256.15,1256.15,2644170000,yahoo
SP500,2006-06-08,1256.08,1259.85,1235.1801,1257.9301,1257.9301,3543790000,yahoo
SP500,2006-06-09,1257.9301,1262.58,1250.03,1252.3,1252.3,2214000000,yahoo
SP500,2006-06-12,1252.27,1255.22,1236.4301,1237.4399,1237.4399,2247010000,yahoo
SP500,2006-06-13,1236.08,1243.37,1222.52,1223.6899,1223.6899,3215770000,yahoo
SP500,2006-06-14,1223.66,1231.46,1219.29,1230.04,1230.04,2667990000,yahoo
SP500,2006-06-15,1230.01,1258.64,1230.01,1256.16,1256.16,2775480000,yahoo
SP500,2006-06-16,1256.16,1256.27,1246.33,1251.54,1251.54,2783390000,yahoo
SP500,2006-06-19,1251.54,1255.9301,1237.17,1240.13,1240.13,2517200000,yahoo
SP500,2006-06-20,1240.12,1249.01,1238.87,1240.12,1240.12,2232950000,yahoo
SP500,2006-06-21,1240.09,1257.96,1240.09,1252.2,1252.2,2361230000,yahoo
SP500,2006-06-22,1251.92,1251.92,1241.53,1245.6,1245.6,2148180000,yahoo
SP500,2006-06-23,1245.59,1253.13,1241.4301,1244.5,1244.5,2017270000,yahoo
SP500,2006-06-26,1244.5,1250.92,1243.6801,1250.5601,1250.5601,1878580000,yahoo
SP500,2006-06-27,1250.55,1253.37,1238.9399,1239.2,1239.2,2203130000,yahoo
SP500,2006-06-28,1238.99,1247.0601,1237.59,1246,1246,2085490000,yahoo
SP500,2006-06-29,1245.9399,1272.88,1245.9399,1272.87,1272.87,2621250000,yahoo
SP500,2006-06-30,1272.86,1276.3,1270.2,1270.2,1270.2,3049560000,yahoo
SP500,2006-07-03,1270.0601,1280.38,1270.0601,1280.1899,1280.1899,1114470000,yahoo
SP500,2006-07-05,1280.05,1280.05,1265.91,1270.91,1270.91,2165070000,yahoo
SP500,2006-07-06,1270.58,1278.3199,1270.58,1274.08,1274.08,2009160000,yahoo
SP500,2006-07-07,1274.08,1275.38,1263.13,1265.48,1265.48,1988150000,yahoo
SP500,2006-07-10,1265.46,1274.0601,1264.46,1267.34,1267.34,1854590000,yahoo
SP500,2006-07-11,1267.26,1273.64,1259.65,1272.4301,1272.4301,2310850000,yahoo
SP500,2006-07-12,1272.39,1273.3101,1257.29,1258.6,1258.6,2250450000,yahoo
SP500,2006-07-13,1258.58,1258.58,1241.4301,1242.28,1242.28,2545760000,yahoo
SP500,2006-07-14,1242.29,1242.7,1228.45,1236.2,1236.2,2467120000,yahoo
SP500,2006-07-17,1236.2,1240.0699,1231.49,1234.49,1234.49,2146410000,yahoo
SP500,2006-07-18,1234.48,1239.86,1224.54,1236.86,1236.86,2481750000,yahoo
SP500,2006-07-19,1236.74,1261.8101,1236.74,1259.8101,1259.8101,2701980000,yahoo
SP500,2006-07-20,1259.8101,1262.5601,1249.13,1249.13,1249.13,2345580000,yahoo
SP500,2006-07-21,1249.12,1250.96,1238.72,1240.29,1240.29,2704090000,yahoo
SP500,2006-07-24,1240.25,1262.5,1240.25,1260.91,1260.91,2312720000,yahoo
SP500,2006-07-25,1260.91,1272.39,1257.1899,1268.88,1268.88,2563930000,yahoo
SP500,2006-07-26,1268.87,1273.89,1261.9399,1268.4,1268.4,2667710000,yahoo
SP500,2006-07-27,1268.2,1275.85,1261.92,1263.2,1263.2,2776710000,yahoo
SP500,2006-07-28,1263.15,1280.42,1263.15,1278.55,1278.55,2480420000,yahoo
SP500,2006-07-31,1278.53,1278.66,1274.3101,1276.66,1276.66,2461300000,yahoo
SP500,2006-08-01,1278.53,1278.66,1265.71,1270.92,1270.92,2527690000,yahoo
SP500,2006-08-02,1270.73,1283.42,1270.73,1277.41,1277.41,2610750000,yahoo
SP500,2006-08-03,1278.22,1283.96,1271.25,1280.27,1280.27,2728440000,yahoo
SP500,2006-08-04,1280.26,1292.92,1273.8199,1279.36,1279.36,2530970000,yahoo
SP500,2006-08-07,1279.3101,1279.3101,1273,1275.77,1275.77,2045660000,yahoo
SP500,2006-08-08,1275.67,1282.75,1268.37,1271.48,1271.48,2457840000,yahoo
SP500,2006-08-09,1271.13,1283.74,1264.73,1265.95,1265.95,2555180000,yahoo
SP500,2006-08-10,1265.72,1272.55,1261.3,1271.8101,1271.8101,2402190000,yahoo
SP500,2006-08-11,1271.64,1271.64,1262.08,1266.74,1266.74,2004540000,yahoo
SP500,2006-08-14,1266.67,1278.9,1266.67,1268.21,1268.21,2118020000,yahoo
SP500,2006-08-15,1268.1899,1286.23,1268.1899,1285.58,1285.58,2334100000,yahoo
SP500,2006-08-16,1285.27,1296.21,1285.27,1295.4301,1295.4301,2554570000,yahoo
SP500,2006-08-17,1295.37,1300.78,1292.71,1297.48,1297.48,2458340000,yahoo
SP500,2006-08-18,1297.48,1302.3,1293.5699,1302.3,1302.3,2033910000,yahoo
SP500,2006-08-21,1302.3,1302.3,1295.51,1297.52,1297.52,1759240000,yahoo
SP500,2006-08-22,1297.52,1302.49,1294.4399,1298.8199,1298.8199,1908740000,yahoo
SP500,2006-08-23,1298.73,1301.5,1289.8199,1292.99,1292.99,1893670000,yahoo
SP500,2006-08-24,1292.97,1297.23,1291.4,1296.0601,1296.0601,1930320000,yahoo
SP500,2006-08-25,1295.92,1298.88,1292.39,1295.09,1295.09,1667580000,yahoo
SP500,2006-08-28,1295.09,1305.02,1293.97,1301.78,1301.78,1834920000,yahoo
SP500,2006-08-29,1301.5699,1305.02,1295.29,1304.28,1304.28,2093720000,yahoo
SP500,2006-08-30,1303.7,1306.74,1302.15,1305.37,1305.37,2060690000,yahoo
SP500,2006-08-31,1304.25,1306.11,1302.45,1303.8199,1303.8199,1974540000,yahoo
SP500,2006-09-01,1303.8,1312.03,1303.8,1311.01,1311.01,1800520000,yahoo
SP500,2006-09-05,1310.9399,1314.67,1308.8199,1313.25,1313.25,2114480000,yahoo
SP500,2006-09-06,1313.04,1313.04,1299.28,1300.26,1300.26,2329870000,yahoo
SP500,2006-09-07,1300.21,1301.25,1292.13,1294.02,1294.02,2325850000,yahoo
SP500,2006-09-08,1294.02,1300.14,1294.02,1298.92,1298.92,2132890000,yahoo
SP500,2006-09-11,1298.86,1302.36,1290.9301,1299.54,1299.54,2506430000,yahoo
SP500,2006-09-12,1299.53,1314.28,1299.53,1313,1313,2791580000,yahoo
SP500,2006-09-13,1312.74,1319.92,1311.12,1318.0699,1318.0699,2597220000,yahoo
SP500,2006-09-14,1318,1318,1313.25,1316.28,1316.28,2351220000,yahoo
SP500,2006-09-15,1316.28,1324.65,1316.28,1319.66,1319.66,3198030000,yahoo
SP500,2006-09-18,1319.85,1324.87,1318.16,1321.1801,1321.1801,2325080000,yahoo
SP500,2006-09-19,1321.17,1322.04,1312.17,1317.64,1317.64,2390850000,yahoo
SP500,2006-09-20,1318.28,1328.53,1318.28,1325.1801,1325.1801,2543070000,yahoo
SP500,2006-09-21,1324.89,1328.1899,1315.45,1318.03,1318.03,2627440000,yahoo
SP500,2006-09-22,1318.03,1318.03,1310.9399,1314.78,1314.78,2162880000,yahoo
SP500,2006-09-25,1314.78,1329.35,1311.58,1326.37,1326.37,2710240000,yahoo
SP500,2006-09-26,1326.35,1336.6,1325.3,1336.35,1336.35,2673350000,yahoo
SP500,2006-09-27,1336.12,1340.08,1333.54,1336.59,1336.59,2749190000,yahoo
SP500,2006-09-28,1336.5601,1340.28,1333.75,1338.88,1338.88,2397820000,yahoo
SP500,2006-09-29,1339.15,1339.88,1335.64,1335.85,1335.85,2273430000,yahoo
SP500,2006-10-02,1335.8199,1338.54,1330.28,1331.3199,1331.3199,2154480000,yahoo
SP500,2006-10-03,1331.3199,1338.3101,1327.1,1334.11,1334.11,2682690000,yahoo
SP500,2006-10-04,1333.8101,1350.2,1331.48,1350.2,1350.2,3019880000,yahoo
SP500,2006-10-05,1349.84,1353.79,1347.75,1353.22,1353.22,2817240000,yahoo
SP500,2006-10-06,1353.22,1353.22,1344.21,1349.59,1349.59,2523000000,yahoo
SP500,2006-10-09,1349.58,1352.6899,1346.55,1350.66,1350.66,1935170000,yahoo
SP500,2006-10-10,1350.62,1354.23,1348.6,1353.42,1353.42,2376140000,yahoo
SP500,2006-10-11,1353.28,1353.97,1343.5699,1349.95,1349.95,2521000000,yahoo
SP500,2006-10-12,1349.9399,1363.76,1349.9399,1362.83,1362.83,2514350000,yahoo
SP500,2006-10-13,1362.8199,1366.63,1360.5,1365.62,1365.62,2482920000,yahoo
SP500,2006-10-16,1365.61,1370.2,1364.48,1369.0601,1369.0601,2305920000,yahoo
SP500,2006-10-17,1369.05,1369.05,1356.87,1364.05,1364.05,2519620000,yahoo
SP500,2006-10-18,1363.9301,1372.87,1360.95,1365.8,1365.8,2658840000,yahoo
SP500,2006-10-19,1365.95,1368.09,1362.0601,1366.96,1366.96,2619830000,yahoo
SP500,2006-10-20,1366.9399,1368.66,1362.1,1368.6,1368.6,2526410000,yahoo
SP500,2006-10-23,1368.58,1377.4,1363.9399,1377.02,1377.02,2480430000,yahoo
SP500,2006-10-24,1377.02,1377.78,1372.42,1377.38,1377.38,2876890000,yahoo
SP500,2006-10-25,1377.36,1383.61,1376,1382.22,1382.22,2953540000,yahoo
SP500,2006-10-26,1382.21,1389.45,1379.47,1389.08,1389.08,2793350000,yahoo
SP500,2006-10-27,1388.89,1388.89,1375.85,1377.34,1377.34,2458450000,yahoo
SP500,2006-10-30,1377.3,1381.22,1373.46,1377.9301,1377.9301,2770440000,yahoo
SP500,2006-10-31,1377.9301,1381.21,1372.1899,1377.9399,1377.9399,2803030000,yahoo
SP500,2006-11-01,1377.76,1381.95,1366.26,1367.8101,1367.8101,2821160000,yahoo
SP500,2006-11-02,1367.4399,1368.39,1362.21,1367.34,1367.34,2646180000,yahoo
SP500,2006-11-03,1367.3101,1371.6801,1360.98,1364.3,1364.3,2419730000,yahoo
SP500,2006-11-06,1364.27,1381.4,1364.27,1379.78,1379.78,2533550000,yahoo
SP500,2006-11-07,1379.75,1388.1899,1379.1899,1382.84,1382.84,2636390000,yahoo
SP500,2006-11-08,1382.5,1388.61,1379.33,1385.72,1385.72,2814820000,yahoo
SP500,2006-11-09,1385.4301,1388.92,1377.3101,1378.33,1378.33,3012050000,yahoo
SP500,2006-11-10,1378.33,1381.04,1375.6,1380.9,1380.9,2290200000,yahoo
SP500,2006-11-13,1380.58,1387.61,1378.8,1384.42,1384.42,2386340000,yahoo
SP500,2006-11-14,1384.36,1394.49,1379.0699,1393.22,1393.22,3027480000,yahoo
SP500,2006-11-15,1392.91,1401.35,1392.13,1396.5699,1396.5699,2831130000,yahoo
SP500,2006-11-16,1396.53,1403.76,1396.53,1399.76,1399.76,2835730000,yahoo
SP500,2006-11-17,1399.76,1401.21,1394.55,1401.2,1401.2,2726100000,yahoo
SP500,2006-11-20,1401.17,1404.37,1397.85,1400.5,1400.5,2546710000,yahoo
SP500,2006-11-21,1400.4301,1403.49,1399.99,1402.8101,1402.8101,2597940000,yahoo
SP500,2006-11-22,1402.6899,1407.89,1402.26,1406.09,1406.09,2237710000,yahoo
SP500,2006-11-24,1405.9399,1405.9399,1399.25,1400.95,1400.95,832550000,yahoo
SP500,2006-11-27,1400.95,1400.95,1381.4399,1381.96,1381.96,2711210000,yahoo
SP500,2006-11-28,1381.61,1387.91,1377.83,1386.72,1386.72,2639750000,yahoo
SP500,2006-11-29,1386.11,1401.14,1386.11,1399.48,1399.48,2790970000,yahoo
SP500,2006-11-30,1399.47,1406.3,1393.83,1400.63,1400.63,4006230000,yahoo
SP500,2006-12-01,1400.63,1402.46,1385.9301,1396.71,1396.71,2800980000,yahoo
SP500,2006-12-04,1396.67,1411.23,1396.67,1409.12,1409.12,2766320000,yahoo
SP500,2006-12-05,1409.1,1415.27,1408.78,1414.76,1414.76,2755700000,yahoo
SP500,2006-12-06,1414.4,1415.9301,1411.05,1412.9,1412.9,2725280000,yahoo
SP500,2006-12-07,1412.86,1418.27,1406.8,1407.29,1407.29,2743150000,yahoo
SP500,2006-12-08,1407.27,1414.09,1403.67,1409.84,1409.84,2440460000,yahoo
SP500,2006-12-11,1409.8101,1415.6,1408.5601,1413.04,1413.04,2289900000,yahoo
SP500,2006-12-12,1413,1413.78,1404.75,1411.5601,1411.5601,2738170000,yahoo
SP500,2006-12-13,1411.3199,1416.64,1411.05,1413.21,1413.21,2552260000,yahoo
SP500,2006-12-14,1413.16,1427.23,1413.16,1425.49,1425.49,2729700000,yahoo
SP500,2006-12-15,1425.48,1431.63,1425.48,1427.09,1427.09,3229580000,yahoo
SP500,2006-12-18,1427.08,1431.8101,1420.65,1422.48,1422.48,2568140000,yahoo
SP500,2006-12-19,1422.42,1428.3,1414.88,1425.55,1425.55,2717060000,yahoo
SP500,2006-12-20,1425.51,1429.05,1423.51,1423.53,1423.53,2387630000,yahoo
SP500,2006-12-21,1423.2,1426.4,1415.9,1418.3,1418.3,2322410000,yahoo
SP500,2006-12-22,1418.1,1418.8199,1410.28,1410.76,1410.76,1647590000,yahoo
SP500,2006-12-26,1410.75,1417.91,1410.45,1416.9,1416.9,1310310000,yahoo
SP500,2006-12-27,1416.63,1427.72,1416.63,1426.84,1426.84,1667370000,yahoo
SP500,2006-12-28,1426.77,1427.26,1422.05,1424.73,1424.73,1508570000,yahoo
SP500,2006-12-29,1424.71,1427,1416.84,1418.3,1418.3,1678200000,yahoo
USDINR,2006-01-02,44.969,45.09,44.958,44.98,44.98,0,yahoo
USDINR,2006-01-03,44.961,45.05,44.837,44.86,44.86,0,yahoo
USDINR,2006-01-04,44.847,44.88,44.64,44.68,44.68,0,yahoo
USDINR,2006-01-05,44.711,44.72,44.535,44.67,44.67,0,yahoo
USDINR,2006-01-06,44.663,44.697,44.255,44.29,44.29,0,yahoo
USDINR,2006-01-09,44.485,44.5,44.145,44.26,44.26,0,yahoo
USDINR,2006-01-10,44.22,44.425,44.1,44.18,44.18,0,yahoo
USDINR,2006-01-11,44.169,44.181,43.89,43.92,43.92,0,yahoo
USDINR,2006-01-12,43.908,44.185,43.899,43.94,43.94,0,yahoo
USDINR,2006-01-13,43.934,44.27,43.922,44.07,44.07,0,yahoo
USDINR,2006-01-16,44.189,44.21,44,44.12,44.12,0,yahoo
USDINR,2006-01-17,44.107,44.322,44.06,44.2,44.2,0,yahoo
USDINR,2006-01-18,44.2,44.485,44.17,44.29,44.29,0,yahoo
USDINR,2006-01-19,44.371,44.38,44.136,44.16,44.16,0,yahoo
USDINR,2006-01-20,44.153,44.352,44.1,44.15,44.15,0,yahoo
USDINR,2006-01-23,44.27,44.281,44,44.07,44.07,0,yahoo
USDINR,2006-01-24,44.088,44.24,44.05,44.17,44.17,0,yahoo
USDINR,2006-01-25,44.124,44.345,43.998,44.02,44.02,0,yahoo
USDINR,2006-01-26,44.016,44.04,43.922,43.99,43.99,0,yahoo
USDINR,2006-01-27,43.99,44.225,43.92,43.935,43.935,0,yahoo
USDINR,2006-01-30,43.927,44.19,43.913,44.02,44.02,0,yahoo
USDINR,2006-01-31,44.008,44.12,43.858,43.9,43.9,0,yahoo
USDINR,2006-02-01,43.889,44.2,43.884,44.08,44.08,0,yahoo
USDINR,2006-02-02,44.072,44.315,44.04,44.16,44.16,0,yahoo
USDINR,2006-02-03,44.12,44.227,44.06,44.08,44.08,0,yahoo
USDINR,2006-02-06,44.141,44.225,44.04,44.14,44.14,0,yahoo
USDINR,2006-02-07,44.129,44.285,44.07,44.2,44.2,0,yahoo
USDINR,2006-02-08,44.189,44.26,44.06,44.12,44.12,0,yahoo
USDINR,2006-02-09,44.111,44.18,44.045,44.09,44.09,0,yahoo
USDINR,2006-02-10,44.089,44.217,44.019,44.03,44.03,0,yahoo
USDINR,2006-02-13,44.031,44.28,44.022,44.15,44.15,0,yahoo
USDINR,2006-02-14,44.192,44.23,44.07,44.15,44.15,0,yahoo
USDINR,2006-02-15,44.15,44.265,44.06,44.16,44.16,0,yahoo
USDINR,2006-02-16,44.073,44.34,44.062,44.24,44.24,0,yahoo
USDINR,2006-02-17,44.237,44.45,44.17,44.312,44.312,0,yahoo
USDINR,2006-02-20,44.305,44.447,44.21,44.36,44.36,0,yahoo
USDINR,2006-02-21,44.348,44.412,44.2,44.32,44.32,0,yahoo
USDINR,2006-02-22,44.312,44.568,44.22,44.48,44.48,0,yahoo
USDINR,2006-02-23,44.476,44.6,44.325,44.46,44.46,0,yahoo
USDINR,2006-02-24,44.449,44.46,44.22,44.29,44.29,0,yahoo
USDINR,2006-02-27,44.29,44.46,44.22,44.41,44.41,0,yahoo
USDINR,2006-02-28,44.354,44.525,44.198,44.25,44.25,0,yahoo
USDINR,2006-03-01,44.22,44.342,44.18,44.28,44.28,0,yahoo
USDINR,2006-03-02,44.3,44.345,44.12,44.18,44.18,0,yahoo
USDINR,2006-03-03,44.251,44.34,44.035,44.18,44.18,0,yahoo
USDINR,2006-03-06,44.18,44.343,44.12,44.25,44.25,0,yahoo
USDINR,2006-03-07,44.232,44.343,44.13,44.2,44.2,0,yahoo
USDINR,2006-03-08,44.19,44.415,44.182,44.38,44.38,0,yahoo
USDINR,2006-03-09,44.366,44.555,44.235,44.46,44.46,0,yahoo
USDINR,2006-03-10,44.45,44.51,44.245,44.453,44.453,0,yahoo
USDINR,2006-03-13,44.446,44.52,44.315,44.39,44.39,0,yahoo
USDINR,2006-03-14,44.423,44.48,44.305,44.34,44.34,0,yahoo
USDINR,2006-03-15,44.392,44.415,44.099,44.1,44.1,0,yahoo
USDINR,2006-03-16,44.1,44.422,44.1,44.35,44.35,0,yahoo
USDINR,2006-03-17,44.344,44.425,44.2,44.205,44.205,0,yahoo
USDINR,2006-03-20,44.25,44.435,44.195,44.36,44.36,0,yahoo
USDINR,2006-03-21,44.349,44.38,44.2,44.3,44.3,0,yahoo
USDINR,2006-03-22,44.289,44.43,44.284,44.4,44.4,0,yahoo
USDINR,2006-03-23,44.395,44.56,44.32,44.472,44.472,0,yahoo
USDINR,2006-03-24,44.471,44.63,44.457,44.467,44.467,0,yahoo
USDINR,2006-03-27,44.465,44.602,44.462,44.589,44.589,0,yahoo
USDINR,2006-03-28,44.588,44.62,44.435,44.592,44.592,0,yahoo
USDINR,2006-03-29,44.589,44.635,44.525,44.58,44.58,0,yahoo
USDINR,2006-03-30,44.564,44.62,44.415,44.46,44.46,0,yahoo
USDINR,2006-03-31,44.45,44.565,44.441,44.528,44.528,0,yahoo
USDINR,2006-04-03,44.529,44.563,44.375,44.531,44.531,0,yahoo
USDINR,2006-04-04,44.335,44.635,44.335,44.6,44.6,0,yahoo
USDINR,2006-04-05,44.59,44.645,44.365,44.56,44.56,0,yahoo
USDINR,2006-04-06,44.541,44.609,44.395,44.44,44.44,0,yahoo
USDINR,2006-04-07,44.428,44.645,44.415,44.549,44.549,0,yahoo
USDINR,2006-04-10,44.405,44.818,44.405,44.66,44.66,0,yahoo
USDINR,2006-04-11,44.643,44.745,44.595,44.74,44.74,0,yahoo
USDINR,2006-04-12,44.735,45.195,44.723,45.06,45.06,0,yahoo
USDINR,2006-04-13,45.052,45.235,45.021,45.04,45.04,0,yahoo
USDINR,2006-04-14,45.031,45.035,44.982,44.995,44.995,0,yahoo
USDINR,2006-04-17,44.992,45.038,44.977,45.028,45.028,0,yahoo
USDINR,2006-04-18,45.032,45.2,45.02,45.047,45.047,0,yahoo
USDINR,2006-04-19,45.015,45.127,44.945,45.1,45.1,0,yahoo
USDINR,2006-04-20,45.091,45.107,44.995,45.1,45.1,0,yahoo
USDINR,2006-04-21,45.088,45.099,44.974,45.001,45.001,0,yahoo
USDINR,2006-04-24,44.995,45.037,44.815,44.827,44.827,0,yahoo
USDINR,2006-04-25,44.831,45.032,44.706,44.82,44.82,0,yahoo
USDINR,2006-04-26,44.815,45.07,44.802,45.02,45.02,0,yahoo
USDINR,2006-04-27,45.016,45.016,44.78,44.8,44.8,0,yahoo
USDINR,2006-04-28,44.786,44.954,44.783,44.901,44.901,0,yahoo
USDINR,2006-05-01,44.805,44.805,44.735,44.76,44.76,0,yahoo
USDINR,2006-05-02,44.748,44.854,44.744,44.8,44.8,0,yahoo
USDINR,2006-05-03,44.787,44.828,44.765,44.8,44.8,0,yahoo
USDINR,2006-05-04,44.789,44.92,44.745,44.89,44.89,0,yahoo
USDINR,2006-05-05,44.887,44.896,44.762,44.77,44.77,0,yahoo
USDINR,2006-05-08,44.785,44.818,44.741,44.76,44.76,0,yahoo
USDINR,2006-05-09,44.756,44.886,44.746,44.771,44.771,0,yahoo
USDINR,2006-05-10,44.769,44.875,44.762,44.811,44.811,0,yahoo
USDINR,2006-05-11,44.98,45.035,44.802,44.82,44.82,0,yahoo
USDINR,2006-05-12,44.812,45.002,44.802,44.825,44.825,0,yahoo
USDINR,2006-05-15,45.1,45.47,45.1,45.248,45.248,0,yahoo
USDINR,2006-05-16,45.26,45.555,44.995,44.995,44.995,0,yahoo
USDINR,2006-05-17,45.52,45.52,44.625,44.625,44.625,0,yahoo
USDINR,2006-05-18,45.415,45.425,45.255,45.4,45.4,0,yahoo
USDINR,2006-05-19,45.389,45.525,45.295,45.295,45.295,0,yahoo
USDINR,2006-05-22,45.354,45.675,45.28,45.29,45.29,0,yahoo
USDINR,2006-05-23,45.291,45.475,45.284,45.38,45.38,0,yahoo
USDINR,2006-05-24,45.36,45.685,45.353,45.68,45.68,0,yahoo
USDINR,2006-05-25,45.671,45.785,45.664,45.769,45.769,0,yahoo
USDINR,2006-05-26,45.765,45.817,45.755,45.755,45.755,0,yahoo
USDINR,2006-05-29,45.897,46.027,45.877,45.99,45.99,0,yahoo
USDINR,2006-05-30,46,46.165,45.979,46.08,46.08,0,yahoo
USDINR,2006-05-31,46.064,46.414,46.062,46.16,46.16,0,yahoo
USDINR,2006-06-01,46.149,46.285,46.099,46.12,46.12,0,yahoo
USDINR,2006-06-02,46.107,46.119,45.58,45.594,45.594,0,yahoo
USDINR,2006-06-05,45.583,45.758,45.583,45.68,45.68,0,yahoo
USDINR,2006-06-06,45.665,45.875,45.661,45.85,45.85,0,yahoo
USDINR,2006-06-07,45.838,45.91,45.719,45.73,45.73,0,yahoo
USDINR,2006-06-08,45.972,46.015,45.738,45.76,45.76,0,yahoo
USDINR,2006-06-09,45.75,45.904,45.742,45.86,45.86,0,yahoo
USDINR,2006-06-12,45.805,45.839,45.745,45.82,45.82,0,yahoo
USDINR,2006-06-13,45.808,45.985,45.803,45.94,45.94,0,yahoo
USDINR,2006-06-14,45.932,45.94,45.755,45.82,45.82,0,yahoo
USDINR,2006-06-15,45.804,45.893,45.765,45.81,45.81,0,yahoo
USDINR,2006-06-16,45.86,45.864,45.785,45.849,45.849,0,yahoo
USDINR,2006-06-19,45.848,45.851,45.755,45.82,45.82,0,yahoo
USDINR,2006-06-20,45.809,45.88,45.802,45.86,45.86,0,yahoo
USDINR,2006-06-21,45.847,45.89,45.819,45.84,45.84,0,yahoo
USDINR,2006-06-22,45.832,46.035,45.824,45.92,45.92,0,yahoo
USDINR,2006-06-23,45.91,46.135,45.904,45.945,45.945,0,yahoo
USDINR,2006-06-26,45.934,46.315,45.925,46.254,46.254,0,yahoo
USDINR,2006-06-27,46.26,46.303,46.18,46.26,46.26,0,yahoo
USDINR,2006-06-28,46.248,46.357,46.225,46.3,46.3,0,yahoo
USDINR,2006-06-29,46.289,46.295,46.175,46.26,46.26,0,yahoo
USDINR,2006-06-30,46.256,46.257,45.805,45.805,45.805,0,yahoo
USDINR,2006-07-03,45.872,46.005,45.855,45.94,45.94,0,yahoo
USDINR,2006-07-04,45.934,45.96,45.855,45.9,45.9,0,yahoo
USDINR,2006-07-05,45.891,46,45.847,45.95,45.95,0,yahoo
USDINR,2006-07-06,45.942,46.09,45.924,45.94,45.94,0,yahoo
USDINR,2006-07-07,45.932,46.055,45.785,45.785,45.785,0,yahoo
USDINR,2006-07-10,45.851,46.075,45.842,46,46,0,yahoo
USDINR,2006-07-11,45.989,46.14,45.985,46.14,46.14,0,yahoo
USDINR,2006-07-12,46.129,46.165,46.003,46.02,46.02,0,yahoo
USDINR,2006-07-13,46.01,46.26,46.002,46.22,46.22,0,yahoo
USDINR,2006-07-14,46.21,46.391,46.203,46.327,46.327,0,yahoo
USDINR,2006-07-17,46.329,46.685,46.324,46.58,46.58,0,yahoo
USDINR,2006-07-18,46.567,46.688,46.541,46.56,46.56,0,yahoo
USDINR,2006-07-19,46.551,46.925,46.543,46.8,46.8,0,yahoo
USDINR,2006-07-20,46.787,46.798,46.675,46.76,46.76,0,yahoo
USDINR,2006-07-21,46.685,46.766,46.563,46.585,46.585,0,yahoo
USDINR,2006-07-24,46.569,46.905,46.562,46.848,46.848,0,yahoo
USDINR,2006-07-25,46.851,46.866,46.694,46.72,46.72,0,yahoo
USDINR,2006-07-26,46.71,46.785,46.661,46.68,46.68,0,yahoo
USDINR,2006-07-27,46.669,46.679,46.455,46.54,46.54,0,yahoo
USDINR,2006-07-28,46.531,46.619,46.465,46.465,46.465,0,yahoo
USDINR,2006-07-31,46.59,46.596,46.399,46.42,46.42,0,yahoo
USDINR,2006-08-01,46.407,46.591,46.399,46.44,46.44,0,yahoo
USDINR,2006-08-02,46.428,46.615,46.425,46.5,46.5,0,yahoo
USDINR,2006-08-03,46.512,46.679,46.415,46.428,46.428,0,yahoo
USDINR,2006-08-04,46.43,46.565,46.418,46.432,46.432,0,yahoo
USDINR,2006-08-07,46.431,46.518,46.385,46.5,46.5,0,yahoo
USDINR,2006-08-08,46.491,46.522,46.355,46.4,46.4,0,yahoo
USDINR,2006-08-09,46.395,46.47,46.335,46.4,46.4,0,yahoo
USDINR,2006-08-10,46.393,46.398,46.255,46.312,46.312,0,yahoo
USDINR,2006-08-11,46.32,46.475,46.303,46.425,46.425,0,yahoo
USDINR,2006-08-14,46.425,46.545,46.425,46.488,46.488,0,yahoo
USDINR,2006-08-15,46.5,46.5,46.315,46.44,46.44,0,yahoo
USDINR,2006-08-16,46.422,46.52,46.41,46.468,46.468,0,yahoo
USDINR,2006-08-17,46.48,46.48,46.28,46.293,46.293,0,yahoo
USDINR,2006-08-18,46.3,46.42,46.285,46.392,46.392,0,yahoo
USDINR,2006-08-21,46.389,46.399,46.34,46.389,46.389,0,yahoo
USDINR,2006-08-22,46.4,46.465,46.368,46.389,46.389,0,yahoo
USDINR,2006-08-23,46.4,46.506,46.376,46.392,46.392,0,yahoo
USDINR,2006-08-24,46.4,46.475,46.355,46.448,46.448,0,yahoo
USDINR,2006-08-25,46.46,46.53,46.415,46.448,46.448,0,yahoo
USDINR,2006-08-28,46.46,46.498,46.405,46.49,46.49,0,yahoo
USDINR,2006-08-29,46.5,46.5,46.378,46.394,46.394,0,yahoo
USDINR,2006-08-30,46.4,46.443,46.283,46.288,46.288,0,yahoo
USDINR,2006-08-31,46.3,46.491,46.284,46.476,46.476,0,yahoo
USDINR,2006-09-04,46.315,46.385,46.237,46.252,46.252,0,yahoo
USDINR,2006-09-05,46.26,46.26,46.085,46.153,46.153,0,yahoo
USDINR,2006-09-06,46.16,46.162,46.005,46.049,46.049,0,yahoo
USDINR,2006-09-07,46.06,46.135,45.985,46.052,46.052,0,yahoo
USDINR,2006-09-08,46.06,46.165,46.041,46.152,46.152,0,yahoo
USDINR,2006-09-11,46.16,46.23,45.995,46.153,46.153,0,yahoo
USDINR,2006-09-12,46.16,46.279,46.125,46.184,46.184,0,yahoo
USDINR,2006-09-13,46.2,46.2,46.004,46.004,46.004,0,yahoo
USDINR,2006-09-14,46.015,46.095,45.904,45.914,45.914,0,yahoo
USDINR,2006-09-15,45.92,46.083,45.904,46.049,46.049,0,yahoo
USDINR,2006-09-18,46.047,46.065,46.02,46.048,46.048,0,yahoo
USDINR,2006-09-19,46.06,46.06,45.945,46.03,46.03,0,yahoo
USDINR,2006-09-20,46.031,46.044,45.89,46.031,46.031,0,yahoo
USDINR,2006-09-21,46.04,46.04,45.755,45.789,45.789,0,yahoo
USDINR,2006-09-22,45.8,45.915,45.71,45.821,45.821,0,yahoo
USDINR,2006-09-25,45.74,45.875,45.724,45.793,45.793,0,yahoo
USDINR,2006-09-26,45.8,45.902,45.765,45.891,45.891,0,yahoo
USDINR,2006-09-27,45.9,45.9,45.705,45.831,45.831,0,yahoo
USDINR,2006-09-28,45.84,45.865,45.795,45.828,45.828,0,yahoo
USDINR,2006-09-29,45.84,45.9,45.694,45.715,45.715,0,yahoo
USDINR,2006-10-02,45.78,45.782,45.701,45.714,45.714,0,yahoo
USDINR,2006-10-03,45.72,45.722,45.703,45.716,45.716,0,yahoo
USDINR,2006-10-04,45.72,45.72,45.575,45.632,45.632,0,yahoo
USDINR,2006-10-05,45.64,45.645,45.515,45.594,45.594,0,yahoo
USDINR,2006-10-06,45.6,45.6,45.435,45.488,45.488,0,yahoo
USDINR,2006-10-09,45.509,45.665,45.507,45.629,45.629,0,yahoo
USDINR,2006-10-10,45.64,45.733,45.605,45.67,45.67,0,yahoo
USDINR,2006-10-11,45.68,45.702,45.485,45.552,45.552,0,yahoo
USDINR,2006-10-12,45.56,45.56,45.465,45.514,45.514,0,yahoo
USDINR,2006-10-13,45.52,45.521,45.245,45.245,45.245,0,yahoo
USDINR,2006-10-16,45.297,45.397,45.286,45.354,45.354,0,yahoo
USDINR,2006-10-17,45.36,45.36,45.124,45.133,45.133,0,yahoo
USDINR,2006-10-18,45.14,45.29,45.126,45.211,45.211,0,yahoo
USDINR,2006-10-19,45.22,45.295,45.165,45.206,45.206,0,yahoo
USDINR,2006-10-20,45.22,45.29,45.185,45.234,45.234,0,yahoo
USDINR,2006-10-23,45.229,45.355,45.226,45.329,45.329,0,yahoo
USDINR,2006-10-24,45.34,45.34,45.125,45.153,45.153,0,yahoo
USDINR,2006-10-25,45.16,45.305,45.145,45.29,45.29,0,yahoo
USDINR,2006-10-26,45.3,45.302,45.125,45.17,45.17,0,yahoo
USDINR,2006-10-27,45.18,45.18,44.986,45.005,45.005,0,yahoo
USDINR,2006-10-30,45,45.019,44.825,44.829,44.829,0,yahoo
USDINR,2006-10-31,44.84,44.975,44.824,44.835,44.835,0,yahoo
USDINR,2006-11-01,44.84,44.88,44.701,44.712,44.712,0,yahoo
USDINR,2006-11-02,44.72,44.88,44.707,44.819,44.819,0,yahoo
USDINR,2006-11-03,44.82,44.828,44.742,44.801,44.801,0,yahoo
USDINR,2006-11-06,44.814,44.832,44.745,44.811,44.811,0,yahoo
USDINR,2006-11-07,44.82,44.821,44.66,44.756,44.756,0,yahoo
USDINR,2006-11-08,44.76,44.76,44.545,44.614,44.614,0,yahoo
USDINR,2006-11-09,44.62,44.62,44.395,44.454,44.454,0,yahoo
USDINR,2006-11-10,44.395,44.638,44.395,44.611,44.611,0,yahoo
USDINR,2006-11-13,44.612,44.875,44.605,44.802,44.802,0,yahoo
USDINR,2006-11-14,44.82,45.135,44.805,45.09,45.09,0,yahoo
USDINR,2006-11-15,45.1,45.28,45.088,45.193,45.193,0,yahoo
USDINR,2006-11-16,45.2,45.2,44.755,44.77,44.77,0,yahoo
USDINR,2006-11-17,44.78,44.9,44.755,44.773,44.773,0,yahoo
USDINR,2006-11-20,44.78,45.005,44.768,44.935,44.935,0,yahoo
USDINR,2006-11-21,44.94,45.035,44.705,44.898,44.898,0,yahoo
USDINR,2006-11-22,44.9,44.9,44.555,44.574,44.574,0,yahoo
USDINR,2006-11-23,44.9,44.9,44.615,44.632,44.632,0,yahoo
USDINR,2006-11-24,44.64,44.815,44.53,44.53,44.53,0,yahoo
USDINR,2006-11-27,44.53,44.614,44.5,44.591,44.591,0,yahoo
USDINR,2006-11-28,44.6,44.71,44.515,44.599,44.599,0,yahoo
USDINR,2006-11-29,44.6,44.71,44.475,44.614,44.614,0,yahoo
USDINR,2006-11-30,44.475,44.76,44.475,44.551,44.551,0,yahoo
USDINR,2006-12-01,44.56,44.7,44.435,44.435,44.435,0,yahoo
USDINR,2006-12-04,44.56,44.635,44.425,44.537,44.537,0,yahoo
USDINR,2006-12-05,44.54,44.5675,44.355,44.494,44.494,0,yahoo
USDINR,2006-12-06,44.5,44.7325,44.355,44.615,44.615,0,yahoo
USDINR,2006-12-07,44.62,44.74,44.455,44.574,44.574,0,yahoo
USDINR,2006-12-08,44.58,44.725,44.465,44.465,44.465,0,yahoo
USDINR,2006-12-11,44.56,44.825,44.545,44.693,44.693,0,yahoo
USDINR,2006-12-12,44.7,44.92,44.635,44.774,44.774,0,yahoo
USDINR,2006-12-13,44.635,44.875,44.615,44.734,44.734,0,yahoo
USDINR,2006-12-14,44.74,44.815,44.495,44.672,44.672,0,yahoo
USDINR,2006-12-15,44.68,44.72,44.467,44.475,44.475,0,yahoo
USDINR,2006-12-18,44.494,44.785,44.488,44.716,44.716,0,yahoo
USDINR,2006-12-19,44.72,44.87,44.591,44.691,44.691,0,yahoo
USDINR,2006-12-20,44.7,44.74,44.535,44.673,44.673,0,yahoo
USDINR,2006-12-21,44.68,44.74,44.445,44.531,44.531,0,yahoo
USDINR,2006-12-22,44.54,44.62,44.305,44.305,44.305,0,yahoo
USDINR,2006-12-25,44.305,44.305,44.305,44.305,44.305,0,yahoo
USDINR,2006-12-27,44.531,44.536,44.135,44.26,44.26,0,yahoo
USDINR,2006-12-28,44.25,44.36,44.075,44.277,44.277,0,yahoo
USDINR,2006-12-29,44.28,44.325,44.04,44.04,44.04,0,yahoo
USVIX,2006-01-03,12.25,12.51,10.99,11.14,11.14,0,yahoo
USVIX,2006-01-04,11.22,11.71,10.97,11.37,11.37,0,yahoo
USVIX,2006-01-05,11.43,11.84,11.31,11.31,11.31,0,yahoo
USVIX,2006-01-06,11.23,11.5,10.81,11,11,0,yahoo
USVIX,2006-01-09,11.35,11.35,10.98,11.13,11.13,0,yahoo
USVIX,2006-01-10,11.39,11.39,10.84,10.86,10.86,0,yahoo
USVIX,2006-01-11,11.03,11.16,10.83,10.94,10.94,0,yahoo
USVIX,2006-01-12,10.98,11.38,10.94,11.2,11.2,0,yahoo
USVIX,2006-01-13,11.4,11.61,11.11,11.23,11.23,0,yahoo
USVIX,2006-01-17,12.13,12.46,11.87,11.91,11.91,0,yahoo
USVIX,2006-01-18,12.62,12.7,12.2,12.25,12.25,0,yahoo
USVIX,2006-01-19,12.12,12.34,11.65,11.98,11.98,0,yahoo
USVIX,2006-01-20,12.1,14.56,11.89,14.56,14.56,0,yahoo
USVIX,2006-01-23,14.44,14.48,13.58,13.93,13.93,0,yahoo
USVIX,2006-01-24,13.79,13.83,13.14,13.31,13.31,0,yahoo
USVIX,2006-01-25,12.95,13.38,12.62,12.87,12.87,0,yahoo
USVIX,2006-01-26,12.89,12.91,12.19,12.42,12.42,0,yahoo
USVIX,2006-01-27,12.27,12.33,11.72,11.97,11.97,0,yahoo
USVIX,2006-01-30,12.22,12.46,12.07,12.39,12.39,0,yahoo
USVIX,2006-01-31,12.45,13.06,12.45,12.95,12.95,0,yahoo
USVIX,2006-02-01,13.03,13.03,12.34,12.36,12.36,0,yahoo
USVIX,2006-02-02,12.54,13.47,12.48,13.23,13.23,0,yahoo
USVIX,2006-02-03,13.37,13.7,12.64,12.96,12.96,0,yahoo
USVIX,2006-02-06,13.43,13.43,12.99,13.04,13.04,0,yahoo
USVIX,2006-02-07,13.2,13.67,12.97,13.59,13.59,0,yahoo
USVIX,2006-02-08,13.41,13.61,12.76,12.83,12.83,0,yahoo
USVIX,2006-02-09,12.56,13.15,12.27,13.12,13.12,0,yahoo
USVIX,2006-02-10,13.35,13.73,12.69,12.87,12.87,0,yahoo
USVIX,2006-02-13,13.34,13.7,13.05,13.35,13.35,0,yahoo
USVIX,2006-02-14,13.09,13.15,12.01,12.25,12.25,0,yahoo
USVIX,2006-02-15,12.43,12.95,12.21,12.31,12.31,0,yahoo
USVIX,2006-02-16,12.19,12.29,11.13,11.48,11.48,0,yahoo
USVIX,2006-02-17,11.64,12.21,11.52,12.01,12.01,0,yahoo
USVIX,2006-02-21,12.36,12.64,12.28,12.41,12.41,0,yahoo
USVIX,2006-02-22,12.27,12.3,11.68,11.88,11.88,0,yahoo
USVIX,2006-02-23,11.86,11.97,11.58,11.87,11.87,0,yahoo
USVIX,2006-02-24,11.94,12.06,11.42,11.46,11.46,0,yahoo
USVIX,2006-02-27,11.79,11.83,11.4,11.59,11.59,0,yahoo
USVIX,2006-02-28,11.74,12.36,11.71,12.34,12.34,0,yahoo
USVIX,2006-03-01,12.05,12.07,11.52,11.54,11.54,0,yahoo
USVIX,2006-03-02,11.79,11.95,11.56,11.72,11.72,0,yahoo
USVIX,2006-03-03,12.03,12.1,11.36,11.96,11.96,0,yahoo
USVIX,2006-03-06,12.22,12.91,12.22,12.74,12.74,0,yahoo
USVIX,2006-03-07,12.92,13.34,12.64,12.66,12.66,0,yahoo
USVIX,2006-03-08,12.83,13.34,12.26,12.32,12.32,0,yahoo
USVIX,2006-03-09,12.21,12.69,12.01,12.68,12.68,0,yahoo
USVIX,2006-03-10,12.52,12.6,11.79,11.85,11.85,0,yahoo
USVIX,2006-03-13,11.72,11.75,10.89,11.37,11.37,0,yahoo
USVIX,2006-03-14,11.61,11.72,10.53,10.74,10.74,0,yahoo
USVIX,2006-03-15,11.17,11.54,10.98,11.35,11.35,0,yahoo
USVIX,2006-03-16,10.59,12.05,10.57,11.98,11.98,0,yahoo
USVIX,2006-03-17,11.56,12.2,11.53,12.12,12.12,0,yahoo
USVIX,2006-03-20,12.11,12.21,10.79,11.79,11.79,0,yahoo
USVIX,2006-03-21,11.71,11.89,11.17,11.62,11.62,0,yahoo
USVIX,2006-03-22,11.71,11.79,11.11,11.21,11.21,0,yahoo
USVIX,2006-03-23,11.19,11.57,11.11,11.17,11.17,0,yahoo
USVIX,2006-03-24,11.23,11.48,11.09,11.19,11.19,0,yahoo
USVIX,2006-03-27,11.46,11.72,11.41,11.46,11.46,0,yahoo
USVIX,2006-03-28,11.69,11.9,11.38,11.58,11.58,0,yahoo
USVIX,2006-03-29,11.46,11.57,10.79,10.95,10.95,0,yahoo
USVIX,2006-03-30,11.03,11.73,10.7,11.57,11.57,0,yahoo
USVIX,2006-03-31,11.42,11.65,11.27,11.39,11.39,0,yahoo
USVIX,2006-04-03,11.47,11.62,11.03,11.57,11.57,0,yahoo
USVIX,2006-04-04,11.66,11.8,11.09,11.14,11.14,0,yahoo
USVIX,2006-04-05,11.24,11.36,11.06,11.13,11.13,0,yahoo
USVIX,2006-04-06,11.34,11.74,11.25,11.45,11.45,0,yahoo
USVIX,2006-04-07,11.44,12.31,11.2,12.26,12.26,0,yahoo
USVIX,2006-04-10,12.44,12.49,12.04,12.19,12.19,0,yahoo
USVIX,2006-04-11,12.09,13.06,12.06,13,13,0,yahoo
USVIX,2006-04-12,13.08,13.09,12.66,12.76,12.76,0,yahoo
USVIX,2006-04-13,12.93,13,12.28,12.38,12.38,0,yahoo
USVIX,2006-04-17,12.8,13.02,12.27,12.58,12.58,0,yahoo
USVIX,2006-04-18,12.55,12.55,11.31,11.4,11.4,0,yahoo
USVIX,2006-04-19,11.52,11.8,11.23,11.32,11.32,0,yahoo
USVIX,2006-04-20,11.3,11.67,11.02,11.64,11.64,0,yahoo
USVIX,2006-04-21,11.24,11.98,11.19,11.59,11.59,0,yahoo
USVIX,2006-04-24,12.26,12.42,11.67,11.75,11.75,0,yahoo
USVIX,2006-04-25,11.71,12.19,11.59,11.75,11.75,0,yahoo
USVIX,2006-04-26,11.76,11.79,11.34,11.76,11.76,0,yahoo
USVIX,2006-04-27,12.27,12.52,11.55,11.84,11.84,0,yahoo
USVIX,2006-04-28,12.13,12.13,11.42,11.59,11.59,0,yahoo
USVIX,2006-05-01,11.83,12.59,11.75,12.54,12.54,0,yahoo
USVIX,2006-05-02,12.2,12.27,11.93,11.99,11.99,0,yahoo
USVIX,2006-05-03,12.21,12.45,11.95,11.99,11.99,0,yahoo
USVIX,2006-05-04,11.92,12.16,11.71,11.86,11.86,0,yahoo
USVIX,2006-05-05,11.39,11.62,11.18,11.62,11.62,0,yahoo
USVIX,2006-05-08,11.98,12.06,11.81,12,12,0,yahoo
USVIX,2006-05-09,12.1,12.15,11.88,11.99,11.99,0,yahoo
USVIX,2006-05-10,12.22,12.32,11.78,11.78,11.78,0,yahoo
USVIX,2006-05-11,12.33,12.92,11.99,12.49,12.49,0,yahoo
USVIX,2006-05-12,12.71,14.26,12.71,14.19,14.19,0,yahoo
USVIX,2006-05-15,15.12,15.13,13.44,13.57,13.57,0,yahoo
USVIX,2006-05-16,13.49,13.61,12.98,13.35,13.35,0,yahoo
USVIX,2006-05-17,13.83,16.26,13.39,16.26,16.26,0,yahoo
USVIX,2006-05-18,15.54,17.09,14.96,16.99,16.99,0,yahoo
USVIX,2006-05-19,16.16,18.01,15.9,17.18,17.18,0,yahoo
USVIX,2006-05-22,18.55,19.62,16.73,17.72,17.72,0,yahoo
USVIX,2006-05-23,16.7,18.26,15.36,18.26,18.26,0,yahoo
USVIX,2006-05-24,17.87,19.87,17.13,17.36,17.36,0,yahoo
USVIX,2006-05-25,16.67,16.67,15.31,15.5,15.5,0,yahoo
USVIX,2006-05-26,14.92,15.04,14.26,14.26,14.26,0,yahoo
USVIX,2006-05-30,15.39,18.72,15.39,18.66,18.66,0,yahoo
USVIX,2006-05-31,18.09,18.09,16.41,16.44,16.44,0,yahoo
USVIX,2006-06-01,16.47,16.56,14.48,14.52,14.52,0,yahoo
USVIX,2006-06-02,14.17,14.97,13.92,14.32,14.32,0,yahoo
USVIX,2006-06-05,14.97,17.14,14.97,16.65,16.65,0,yahoo
USVIX,2006-06-06,16.72,18.56,16.65,17.34,17.34,0,yahoo
USVIX,2006-06-07,17.21,17.86,16.07,17.8,17.8,0,yahoo
USVIX,2006-06-08,17.92,20.75,17.88,18.35,18.35,0,yahoo
USVIX,2006-06-09,17.9,18.45,17.07,18.12,18.12,0,yahoo
USVIX,2006-06-12,18.13,21.25,17.89,20.96,20.96,0,yahoo
USVIX,2006-06-13,20.95,23.81,20.27,23.81,23.81,0,yahoo
USVIX,2006-06-14,23.45,23.49,21.45,21.46,21.46,0,yahoo
USVIX,2006-06-15,21.05,21.14,15.65,15.9,15.9,0,yahoo
USVIX,2006-06-16,16.56,18.13,16.52,17.25,17.25,0,yahoo
USVIX,2006-06-19,16.06,18.1,15.73,17.83,17.83,0,yahoo
USVIX,2006-06-20,17.52,17.65,16.39,16.69,16.69,0,yahoo
USVIX,2006-06-21,16.67,16.72,14.88,15.52,15.52,0,yahoo
USVIX,2006-06-22,15.95,16.66,15.56,15.88,15.88,0,yahoo
USVIX,2006-06-23,16.41,16.58,14.94,15.89,15.89,0,yahoo
USVIX,2006-06-26,16.55,16.61,15.49,15.62,15.62,0,yahoo
USVIX,2006-06-27,15.58,16.55,15.27,16.4,16.4,0,yahoo
USVIX,2006-06-28,16.02,17,15.78,15.79,15.79,0,yahoo
USVIX,2006-06-29,15.28,15.3,12.93,13.03,13.03,0,yahoo
USVIX,2006-06-30,12.9,13.47,12.74,13.08,13.08,0,yahoo
USVIX,2006-07-03,13.29,13.51,12.77,13.05,13.05,0,yahoo
USVIX,2006-07-05,13.92,14.77,13.86,14.15,14.15,0,yahoo
USVIX,2006-07-06,14.04,14.04,13.25,13.65,13.65,0,yahoo
USVIX,2006-07-07,13.9,14.45,13.43,13.97,13.97,0,yahoo
USVIX,2006-07-10,14.17,14.5,13.67,14.02,14.02,0,yahoo
USVIX,2006-07-11,14.31,14.68,13.1,13.14,13.14,0,yahoo
USVIX,2006-07-12,13.39,14.85,13.26,14.49,14.49,0,yahoo
USVIX,2006-07-13,15.17,17.83,15.17,17.79,17.79,0,yahoo
USVIX,2006-07-14,17.57,18.79,17.28,18.05,18.05,0,yahoo
USVIX,2006-07-17,18.73,18.76,17.75,18.64,18.64,0,yahoo
USVIX,2006-07-18,18.2,19.58,17.66,17.74,17.74,0,yahoo
USVIX,2006-07-19,17.62,17.62,14.47,15.55,15.55,0,yahoo
USVIX,2006-07-20,15.1,16.37,14.87,16.21,16.21,0,yahoo
USVIX,2006-07-21,16.23,17.56,16.23,17.4,17.4,0,yahoo
USVIX,2006-07-24,17.08,17.08,14.89,14.98,14.98,0,yahoo
USVIX,2006-07-25,15.44,15.68,14.31,14.85,14.85,0,yahoo
USVIX,2006-07-26,15.04,15.21,14.09,14.62,14.62,0,yahoo
USVIX,2006-07-27,14.26,15.39,14.07,14.94,14.94,0,yahoo
USVIX,2006-07-28,14.73,14.75,14.06,14.33,14.33,0,yahoo
USVIX,2006-07-31,15.01,15.13,14.86,14.95,14.95,0,yahoo
USVIX,2006-08-01,15.49,16.15,15.03,15.05,15.05,0,yahoo
USVIX,2006-08-02,14.93,14.93,13.92,14.34,14.34,0,yahoo
USVIX,2006-08-03,15.1,15.19,14.2,14.46,14.46,0,yahoo
USVIX,2006-08-04,14.03,14.91,13.65,14.34,14.34,0,yahoo
USVIX,2006-08-07,14.98,15.53,14.97,15.23,15.23,0,yahoo
USVIX,2006-08-08,15.2,15.55,14.86,15.23,15.23,0,yahoo
USVIX,2006-08-09,14.76,15.41,14.07,15.2,15.2,0,yahoo
USVIX,2006-08-10,15.56,15.73,14.45,14.46,14.46,0,yahoo
USVIX,2006-08-11,14.72,14.85,14.3,14.3,14.3,0,yahoo
USVIX,2006-08-14,14.15,14.43,13.41,14.26,14.26,0,yahoo
USVIX,2006-08-15,13.57,13.72,13.15,13.42,13.42,0,yahoo
USVIX,2006-08-16,12.69,12.95,12.11,12.41,12.41,0,yahoo
USVIX,2006-08-17,12.69,12.72,12.21,12.24,12.24,0,yahoo
USVIX,2006-08-18,12.11,12.52,11.57,11.64,11.64,0,yahoo
USVIX,2006-08-21,12.4,12.62,12.21,12.22,12.22,0,yahoo
USVIX,2006-08-22,12.42,12.42,11.93,12.19,12.19,0,yahoo
USVIX,2006-08-23,12.26,12.73,12.16,12.4,12.4,0,yahoo
USVIX,2006-08-24,12.24,12.58,12.21,12.4,12.4,0,yahoo
USVIX,2006-08-25,12.41,12.47,12.08,12.31,12.31,0,yahoo
USVIX,2006-08-28,12.92,12.92,12.07,12.18,12.18,0,yahoo
USVIX,2006-08-29,12.27,12.83,12.21,12.28,12.28,0,yahoo
USVIX,2006-08-30,12.14,12.35,12.1,12.22,12.22,0,yahoo
USVIX,2006-08-31,12.23,12.33,12.07,12.31,12.31,0,yahoo
USVIX,2006-09-01,12.14,12.33,11.91,11.96,11.96,0,yahoo
USVIX,2006-09-05,12.8,12.86,12.43,12.63,12.63,0,yahoo
USVIX,2006-09-06,13.06,13.88,13.06,13.74,13.74,0,yahoo
USVIX,2006-09-07,14.07,14.49,13.67,13.88,13.88,0,yahoo
USVIX,2006-09-08,13.79,13.8,13.05,13.16,13.16,0,yahoo
USVIX,2006-09-11,13.95,13.95,12.75,12.99,12.99,0,yahoo
USVIX,2006-09-12,13.04,13.14,11.55,11.92,11.92,0,yahoo
USVIX,2006-09-13,11.4,11.56,10.99,11.18,11.18,0,yahoo
USVIX,2006-09-14,11.36,12.02,10.74,11.55,11.55,0,yahoo
USVIX,2006-09-15,11.49,12.54,11.4,11.76,11.76,0,yahoo
USVIX,2006-09-18,12.28,12.41,11.58,11.78,11.78,0,yahoo
USVIX,2006-09-19,11.96,12.69,11.86,11.98,11.98,0,yahoo
USVIX,2006-09-20,11.75,11.75,11.34,11.39,11.39,0,yahoo
USVIX,2006-09-21,11.43,12.6,11.28,12.25,12.25,0,yahoo
USVIX,2006-09-22,12.47,13.28,12.47,12.59,12.59,0,yahoo
USVIX,2006-09-25,12.97,13.41,11.93,12.12,12.12,0,yahoo
USVIX,2006-09-26,12.23,12.23,11.51,11.53,11.53,0,yahoo
USVIX,2006-09-27,11.65,11.9,11.42,11.58,11.58,0,yahoo
USVIX,2006-09-28,11.64,12.06,11.59,11.72,11.72,0,yahoo
USVIX,2006-09-29,11.75,12.1,11.72,11.98,11.98,0,yahoo
USVIX,2006-10-02,12.45,12.72,12.11,12.57,12.57,0,yahoo
USVIX,2006-10-03,12.68,12.91,11.97,12.24,12.24,0,yahoo
USVIX,2006-10-04,12.64,12.64,11.62,11.86,11.86,0,yahoo
USVIX,2006-10-05,11.94,12.06,11.65,11.98,11.98,0,yahoo
USVIX,2006-10-06,11.99,12.17,11.55,11.56,11.56,0,yahoo
USVIX,2006-10-09,12.07,12.09,11.58,11.68,11.68,0,yahoo
USVIX,2006-10-10,11.77,11.89,11.47,11.52,11.52,0,yahoo
USVIX,2006-10-11,11.75,12.03,11.31,11.62,11.62,0,yahoo
USVIX,2006-10-12,11.5,11.51,11.09,11.09,11.09,0,yahoo
USVIX,2006-10-13,11.17,11.35,10.75,10.75,10.75,0,yahoo
USVIX,2006-10-16,11.07,11.2,10.91,11.09,11.09,0,yahoo
USVIX,2006-10-17,11.36,12.03,11.35,11.73,11.73,0,yahoo
USVIX,2006-10-18,11.44,11.83,11.33,11.34,11.34,0,yahoo
USVIX,2006-10-19,11.51,11.57,10.78,10.9,10.9,0,yahoo
USVIX,2006-10-20,11.06,11.23,10.44,10.63,10.63,0,yahoo
USVIX,2006-10-23,11.15,11.25,10.62,11.08,11.08,0,yahoo
USVIX,2006-10-24,11.25,11.27,10.78,10.78,10.78,0,yahoo
USVIX,2006-10-25,10.88,10.88,10.6,10.66,10.66,0,yahoo
USVIX,2006-10-26,10.56,10.96,10.47,10.56,10.56,0,yahoo
USVIX,2006-10-27,10.66,10.99,10.53,10.8,10.8,0,yahoo
USVIX,2006-10-30,11.36,11.43,10.92,11.2,11.2,0,yahoo
USVIX,2006-10-31,11.1,11.39,10.99,11.1,11.1,0,yahoo
USVIX,2006-11-01,10.93,11.68,10.89,11.51,11.51,0,yahoo
USVIX,2006-11-02,11.61,11.76,11.41,11.42,11.42,0,yahoo
USVIX,2006-11-03,11.16,11.43,10.34,11.16,11.16,0,yahoo
USVIX,2006-11-06,11.39,11.41,10.99,11.16,11.16,0,yahoo
USVIX,2006-11-07,11.06,11.19,10.87,11.09,11.09,0,yahoo
USVIX,2006-11-08,11.41,11.49,10.7,10.75,10.75,0,yahoo
USVIX,2006-11-09,10.65,11.07,10.57,11.01,11.01,0,yahoo
USVIX,2006-11-10,11.01,11.12,10.77,10.79,10.79,0,yahoo
USVIX,2006-11-13,11.19,11.26,10.69,10.86,10.86,0,yahoo
USVIX,2006-11-14,10.89,11.31,10.14,10.5,10.5,0,yahoo
USVIX,2006-11-15,10.47,10.61,10.13,10.31,10.31,0,yahoo
USVIX,2006-11-16,10.13,10.35,10.04,10.16,10.16,0,yahoo
USVIX,2006-11-17,10.37,10.48,10.05,10.05,10.05,0,yahoo
USVIX,2006-11-20,10.42,10.48,9.91,9.97,9.97,0,yahoo
USVIX,2006-11-21,10.05,10.06,9.84,9.9,9.9,0,yahoo
USVIX,2006-11-22,10.02,10.15,9.81,10.14,10.14,0,yahoo
USVIX,2006-11-24,10.81,10.86,10.56,10.73,10.73,0,yahoo
USVIX,2006-11-27,11.26,12.33,11.14,12.3,12.3,0,yahoo
USVIX,2006-11-28,12.48,12.55,11.56,11.62,11.62,0,yahoo
USVIX,2006-11-29,11.41,11.43,10.67,10.83,10.83,0,yahoo
USVIX,2006-11-30,10.88,11.3,10.58,10.91,10.91,0,yahoo
USVIX,2006-12-01,11.07,12.28,10.96,11.66,11.66,0,yahoo
USVIX,2006-12-04,12.01,12.01,10.98,11.23,11.23,0,yahoo
USVIX,2006-12-05,11.13,11.59,10.85,11.27,11.27,0,yahoo
USVIX,2006-12-06,11.39,11.55,11.19,11.33,11.33,0,yahoo
USVIX,2006-12-07,11.35,12.68,11.17,12.67,12.67,0,yahoo
USVIX,2006-12-08,12.58,12.67,11.91,12.07,12.07,0,yahoo
USVIX,2006-12-11,11.88,11.93,10.71,10.71,10.71,0,yahoo
USVIX,2006-12-12,11.2,11.39,10.35,10.65,10.65,0,yahoo
USVIX,2006-12-13,10.45,10.58,10.15,10.18,10.18,0,yahoo
USVIX,2006-12-14,10.74,10.75,9.64,9.97,9.97,0,yahoo
USVIX,2006-12-15,9.68,10.07,9.39,10.05,10.05,0,yahoo
USVIX,2006-12-18,10.64,10.91,10.46,10.6,10.6,0,yahoo
USVIX,2006-12-19,11.06,11.31,10.27,10.3,10.3,0,yahoo
USVIX,2006-12-20,10.3,10.33,10.03,10.26,10.26,0,yahoo
USVIX,2006-12-21,10.36,10.89,10.13,10.53,10.53,0,yahoo
USVIX,2006-12-22,10.59,11.46,10.59,11.36,11.36,0,yahoo
USVIX,2006-12-26,12.03,12.03,11.24,11.26,11.26,0,yahoo
USVIX,2006-12-27,11.12,11.12,10.59,10.64,10.64,0,yahoo
USVIX,2006-12-28,10.84,11.06,10.73,10.99,10.99,0,yahoo
USVIX,2006-12-29,10.95,11.65,10.71,11.56,11.56,0,yahoo
