symbol,date,open,high,low,close,adj_close,volume,source
BANKNIFTY,2017-01-02,18242.3008,18249,17844.9004,17969.5996,17969.3906,74400,yahoo
BANKNIFTY,2017-01-03,18002.75,18115.0508,17830.9492,18035.5996,18035.3906,0,yahoo
BANKNIFTY,2017-01-04,18037.4492,18092.8496,17868.9004,17891,17890.793,0,yahoo
BANKNIFTY,2017-01-05,18000.75,18164.0508,17977.8008,18115.9492,18115.7383,0,yahoo
BANKNIFTY,2017-01-06,18168.4492,18325.5,18157.3008,18264,18263.7871,0,yahoo
BANKNIFTY,2017-01-09,18314.25,18373.0996,18256.1504,18286.6504,18286.4375,0,yahoo
BANKNIFTY,2017-01-10,18351.4492,18441.1504,18275.75,18409.5996,18409.3848,0,yahoo
BANKNIFTY,2017-01-11,18535.3496,18889.4492,18515.25,18830,18829.7812,0,yahoo
BANKNIFTY,2017-01-12,18885.4492,18966.3008,18805.8496,18873.9492,18873.7305,0,yahoo
BANKNIFTY,2017-01-13,18949.6992,18952.25,18781.25,18912.0996,18911.8789,0,yahoo
BANKNIFTY,2017-01-16,18899.6992,19134.5,18865.25,19096.4492,19096.2266,0,yahoo
BANKNIFTY,2017-01-17,19128.1504,19202.25,18981.8496,19067.0508,19066.8301,0,yahoo
BANKNIFTY,2017-01-18,19074.8496,19276.5,19072.0996,19164.5,19164.2773,0,yahoo
BANKNIFTY,2017-01-19,19165.3496,19185.3008,19046.0996,19124.25,19124.0273,0,yahoo
BANKNIFTY,2017-01-20,18996.5996,19071.6504,18793.0508,18820.8008,18820.582,0,yahoo
BANKNIFTY,2017-01-23,18762,18909.6504,18722.8496,18842.6992,18842.4805,0,yahoo
BANKNIFTY,2017-01-24,18931,19054.3008,18906.9492,19023.5,19023.2793,0,yahoo
BANKNIFTY,2017-01-25,19120.0508,19518.4492,19114.1504,19473.1992,19472.9727,0,yahoo
BANKNIFTY,2017-01-27,19588.4004,19794.9492,19534.9004,19708.3008,19708.0723,0,yahoo
BANKNIFTY,2017-01-30,19718.8008,19767.0508,19561.0996,19585.25,19585.0215,0,yahoo
BANKNIFTY,2017-01-31,19533.1992,19624.0996,19435.4492,19515.1504,19514.9238,0,yahoo
BANKNIFTY,2017-02-01,19522.4004,20047.8496,19470.9492,20020.5996,20020.3672,0,yahoo
BANKNIFTY,2017-02-02,20053.9492,20146.9004,19915.1992,20070.3008,20070.0684,0,yahoo
BANKNIFTY,2017-02-03,20061.9004,20229.6504,20009.9492,20196.8008,20196.5664,0,yahoo
BANKNIFTY,2017-02-06,20307.1504,20462.4492,20298.0508,20371.5996,20371.3633,0,yahoo
BANKNIFTY,2017-02-07,20367.3008,20426.9492,20281.5,20327.25,20327.0137,0,yahoo
BANKNIFTY,2017-02-08,20335.25,20362.8008,20070.1504,20245.4004,20245.166,0,yahoo
BANKNIFTY,2017-02-09,20312.6504,20406.5996,20000.3496,20151.1504,20150.916,0,yahoo
BANKNIFTY,2017-02-10,20225.75,20310,20167.0996,20213.9004,20213.666,0,yahoo
BANKNIFTY,2017-02-13,20273.6504,20308.6992,20116.9004,20251.8008,20251.5645,0,yahoo
BANKNIFTY,2017-02-14,20304.5,20314.0508,20158.8496,20258.0996,20257.8633,0,yahoo
BANKNIFTY,2017-02-15,20282.0996,20368.1992,20115.8496,20163.6992,20163.4648,0,yahoo
BANKNIFTY,2017-02-16,20243.25,20295.5508,20088.1992,20243.6992,20243.4648,0,yahoo
BANKNIFTY,2017-02-17,20918.4492,21042.3496,20449.6504,20551.3496,20551.1113,0,yahoo
BANKNIFTY,2017-02-20,20494.8496,20702.5996,20472.4004,20677.0996,20676.8594,0,yahoo
BANKNIFTY,2017-02-21,20695.9004,20903.3496,20619.25,20860.9492,20860.707,0,yahoo
BANKNIFTY,2017-02-22,20937.5996,20958.25,20829.6504,20868.4492,20868.207,0,yahoo
BANKNIFTY,2017-02-23,20887.6504,21011.9004,20828.4004,20876.6504,20876.4082,0,yahoo
BANKNIFTY,2017-02-27,20853.4492,20853.4492,20584.75,20613.0508,20612.8105,0,yahoo
BANKNIFTY,2017-02-28,20632.8496,20681.3008,20560.5996,20607.25,20607.0098,0,yahoo
BANKNIFTY,2017-03-01,20698.9004,20833.75,20678.75,20783.75,20783.5078,0,yahoo
BANKNIFTY,2017-03-02,20885,20905,20516.9004,20560.0508,20559.8125,0,yahoo
BANKNIFTY,2017-03-03,20572.8496,20580.4492,20423.3496,20495.5996,20495.3613,0,yahoo
BANKNIFTY,2017-03-06,20548.9492,20727.5,20532.1992,20663.6504,20663.4102,0,yahoo
BANKNIFTY,2017-03-07,20685.9492,20701.25,20585.9492,20627.5,20627.2598,0,yahoo
BANKNIFTY,2017-03-08,20630.1504,20715.1992,20534.25,20676.5508,20676.3105,0,yahoo
BANKNIFTY,2017-03-09,20620.5508,20780.25,20603.9004,20721.3496,20721.1094,0,yahoo
BANKNIFTY,2017-03-10,20825.9004,20876.9492,20648.8008,20727.5508,20727.3105,0,yahoo
BANKNIFTY,2017-03-14,21189.8496,21274.4492,21059.6992,21102.6992,21102.4531,0,yahoo
BANKNIFTY,2017-03-15,21089.4004,21216.9004,21063.9492,21157.9004,21157.6543,0,yahoo
BANKNIFTY,2017-03-16,21237.5,21289.8008,21194.25,21249.9004,21249.6543,0,yahoo
BANKNIFTY,2017-03-17,21308.4492,21336.0508,21127.9492,21175.0508,21174.8047,0,yahoo
BANKNIFTY,2017-03-20,21202.5508,21202.5508,21084.8008,21110.25,21110.0039,0,yahoo
BANKNIFTY,2017-03-21,21110.6504,21146.5,20967,21019,21018.7559,0,yahoo
BANKNIFTY,2017-03-22,20815.3496,20899,20753.9004,20781.3496,20781.1074,0,yahoo
BANKNIFTY,2017-03-23,20848.75,20934.75,20775.3496,20895.5,20895.2578,0,yahoo
BANKNIFTY,2017-03-24,20987.5996,21174.0996,20929.1504,21122.5508,21122.3047,0,yahoo
BANKNIFTY,2017-03-27,21178.0996,21179.1992,20979.5508,21056.9004,21056.6562,0,yahoo
BANKNIFTY,2017-03-28,21229,21264.9492,21145,21225.4004,21225.1543,0,yahoo
BANKNIFTY,2017-03-29,21291.4492,21418.5996,21255.75,21391.1504,21390.9023,0,yahoo
BANKNIFTY,2017-03-30,21374.3496,21696,21331.9004,21620.6992,21620.4473,0,yahoo
BANKNIFTY,2017-03-31,21551.8496,21574.1504,21414,21444.1504,21443.9004,0,yahoo
BANKNIFTY,2017-04-03,21539.1992,21565.4492,21408.5996,21547.75,21547.5,0,yahoo
BANKNIFTY,2017-04-05,21602.1992,21699.3008,21499.75,21652.6992,21652.4473,0,yahoo
BANKNIFTY,2017-04-06,21572.6992,21674,21488.9004,21622.9492,21622.6973,0,yahoo
BANKNIFTY,2017-04-07,21536.5,21616.8496,21397,21431.1504,21430.9004,0,yahoo
BANKNIFTY,2017-04-10,21492.0508,21552.0996,21396.0508,21520.1504,21519.9004,0,yahoo
BANKNIFTY,2017-04-11,21521.4492,21753.3496,21483.5508,21736.1504,21735.8984,0,yahoo
BANKNIFTY,2017-04-12,21735.6504,21787.0996,21551.75,21666.8008,21666.5488,0,yahoo
BANKNIFTY,2017-04-13,21651.25,21758.8496,21627,21686.5996,21686.3477,0,yahoo
BANKNIFTY,2017-04-17,21700.5,21743.3008,21576.75,21647.5996,21647.3477,0,yahoo
BANKNIFTY,2017-04-18,21706.0508,21947,21634.1504,21671.8496,21671.5977,0,yahoo
BANKNIFTY,2017-04-19,21674.0996,21706.3008,21470.1992,21556.3496,21556.0996,0,yahoo
BANKNIFTY,2017-04-20,21419.4492,21558.8496,21396,21491.4004,21491.1504,0,yahoo
BANKNIFTY,2017-04-21,21567.5,21614.5508,21386.1992,21551.4492,21551.1992,0,yahoo
BANKNIFTY,2017-04-24,21591.9004,21884.8496,21578.6504,21857.4004,21857.1465,0,yahoo
BANKNIFTY,2017-04-25,21960.6504,22093.25,21900.3008,22054.6992,22054.4434,0,yahoo
BANKNIFTY,2017-04-26,22158.6504,22276.0508,21814.9004,22242.8496,22242.5918,0,yahoo
BANKNIFTY,2017-04-27,22274.0508,22380.8496,22169.8008,22326.3008,22326.041,0,yahoo
BANKNIFTY,2017-04-28,22296.8008,22383,22182.5508,22358.25,22357.9902,0,yahoo
BANKNIFTY,2017-05-02,22412.5508,22492.1504,22266.1504,22341.3496,22341.0898,0,yahoo
BANKNIFTY,2017-05-03,22445.8496,22449,22240.0508,22307.3008,22307.041,0,yahoo
BANKNIFTY,2017-05-04,22618.3008,22743.6992,22449.9004,22720.0996,22719.8359,0,yahoo
BANKNIFTY,2017-05-05,22844.8496,22853.5508,22514,22604.9492,22604.6855,0,yahoo
BANKNIFTY,2017-05-08,22678.4492,22835.1504,22632.5,22767.3496,22767.0859,0,yahoo
BANKNIFTY,2017-05-09,22820.8008,22835.3496,22664.3496,22707.3008,22707.0371,0,yahoo
BANKNIFTY,2017-05-10,22767.75,22859.4004,22742.0508,22830.3496,22830.084,0,yahoo
BANKNIFTY,2017-05-11,22916.0508,22977.8496,22764.6504,22818.4492,22818.1836,0,yahoo
BANKNIFTY,2017-05-12,22840.4004,22859.1504,22578,22671.6992,22671.4355,0,yahoo
BANKNIFTY,2017-05-15,22735.8496,22891.6992,22730.3496,22821.5,22821.2344,0,yahoo
BANKNIFTY,2017-05-16,22857.5996,22944.0996,22727.6504,22928.5996,22928.334,0,yahoo
BANKNIFTY,2017-05-17,22972.3496,22978.1504,22830.0996,22935.9492,22935.6836,0,yahoo
BANKNIFTY,2017-05-18,22750.4492,22834.5508,22660.1992,22698.5996,22698.3359,0,yahoo
BANKNIFTY,2017-05-19,22761.9492,22902.25,22628.4492,22769.8008,22769.5352,0,yahoo
BANKNIFTY,2017-05-22,22874.8008,22918.3496,22637.75,22652.8496,22652.5859,0,yahoo
BANKNIFTY,2017-05-23,22674.9004,22740.4004,22492.1992,22582.8008,22582.5391,0,yahoo
BANKNIFTY,2017-05-24,22624.5,22673.4004,22469.8008,22536.3008,22536.0391,0,yahoo
BANKNIFTY,2017-05-25,22573.6504,23267.8008,22570.3496,23190.8008,23190.5312,0,yahoo
BANKNIFTY,2017-05-26,23151.4004,23408.3496,23092.3496,23362.1992,23361.9277,0,yahoo
BANKNIFTY,2017-05-29,23310.5996,23464,23141.1504,23182.75,23182.4805,0,yahoo
BANKNIFTY,2017-05-30,23142.0996,23337.1504,23093.9492,23307.25,23306.9785,0,yahoo
BANKNIFTY,2017-05-31,23321.1992,23469.4492,23248.5,23424.8008,23424.5293,0,yahoo
BANKNIFTY,2017-06-01,23394.0996,23396.1504,23224.0508,23310.1504,23309.8789,0,yahoo
BANKNIFTY,2017-06-02,23435.1992,23453.3008,23308.4004,23375.9004,23375.6289,0,yahoo
BANKNIFTY,2017-06-05,23397.4004,23494.6992,23349.9492,23459.6504,23459.377,0,yahoo
BANKNIFTY,2017-06-06,23523.0508,23536.0996,23381.6992,23416.3008,23416.0293,0,yahoo
BANKNIFTY,2017-06-07,23482.8496,23606.1504,23427.5508,23567.6504,23567.377,0,yahoo
BANKNIFTY,2017-06-08,23630.3496,23659.0996,23514.1992,23536.0996,23535.8262,0,yahoo
BANKNIFTY,2017-06-09,23483.9492,23708.6504,23476.8496,23690.9004,23690.625,0,yahoo
BANKNIFTY,2017-06-12,23610.1504,23630.0996,23441.8008,23470.4492,23470.1758,0,yahoo
BANKNIFTY,2017-06-13,23447,23615.1992,23446.9004,23477.8496,23477.5762,0,yahoo
BANKNIFTY,2017-06-14,23555.3008,23562.8008,23399.4004,23498.6992,23498.4258,0,yahoo
BANKNIFTY,2017-06-15,23444.6992,23473.3008,23311.8496,23391.75,23391.4785,0,yahoo
BANKNIFTY,2017-06-16,23448.5996,23527.6504,23391,23502.75,23502.4766,0,yahoo
BANKNIFTY,2017-06-19,23571.3496,23806.6504,23535.6992,23742.1504,23741.875,0,yahoo
BANKNIFTY,2017-06-20,23720.5996,23760.3496,23651.1992,23697.9492,23697.6738,0,yahoo
BANKNIFTY,2017-06-21,23638.1504,23760.75,23610.1992,23708.75,23708.4746,0,yahoo
BANKNIFTY,2017-06-22,23716.8496,23897.8496,23694.1504,23736.0996,23735.8242,0,yahoo
BANKNIFTY,2017-06-23,23772.3008,23786.5,23507.5,23542.75,23542.4766,0,yahoo
BANKNIFTY,2017-06-27,23636.9492,23640.0996,23055.75,23216.25,23215.9805,0,yahoo
BANKNIFTY,2017-06-28,23209.5508,23322.5508,23113.6504,23235.8496,23235.5801,0,yahoo
BANKNIFTY,2017-06-29,23312.4004,23476,23124.3496,23227.3008,23227.0312,0,yahoo
BANKNIFTY,2017-06-30,23137.25,23254.0996,22996.4004,23211.1992,23210.9297,0,yahoo
BANKNIFTY,2017-07-03,23240.3496,23330.0996,23144.3008,23272.8008,23272.5312,0,yahoo
BANKNIFTY,2017-07-04,23325.5,23363.0508,23163.6992,23214.1992,23213.9297,0,yahoo
BANKNIFTY,2017-07-05,23241.9004,23380.3496,23205.5508,23352.5996,23352.3281,0,yahoo
BANKNIFTY,2017-07-06,23399.5,23540.1504,23369.5,23466.6504,23466.377,0,yahoo
BANKNIFTY,2017-07-07,23463.75,23492.5996,23400.5996,23449.1504,23448.877,0,yahoo
BANKNIFTY,2017-07-10,23583.25,23964.8008,23289.9004,23675.0508,23674.7754,0,yahoo
BANKNIFTY,2017-07-11,23744.5508,23744.5508,23552.5996,23584.5996,23584.3262,0,yahoo
BANKNIFTY,2017-07-12,23623.75,23736.5508,23523.6504,23695.4492,23695.1738,0,yahoo
BANKNIFTY,2017-07-13,23817.25,23938,23811,23888.6504,23888.373,0,yahoo
BANKNIFTY,2017-07-14,23949.5,23963.6504,23755.9492,23937.6992,23937.4219,0,yahoo
BANKNIFTY,2017-07-17,24011.4004,24066.0996,23913.6504,24015.0508,24014.7715,0,yahoo
BANKNIFTY,2017-07-18,23958.1504,24147.4492,23942.0996,24022.0508,24021.7715,0,yahoo
BANKNIFTY,2017-07-19,24069.1992,24180.75,24053.6992,24152.6504,24152.3691,0,yahoo
BANKNIFTY,2017-07-20,24170.6504,24299.5996,24170.6504,24213.3496,24213.0684,0,yahoo
BANKNIFTY,2017-07-21,24231.4004,24289.3008,24066.9004,24257.0508,24256.7695,0,yahoo
BANKNIFTY,2017-07-24,24307.6992,24460.5508,24234.6504,24420.8496,24420.5664,0,yahoo
BANKNIFTY,2017-07-25,24622.9004,24624.6504,24450.1992,24520.6992,24520.4141,0,yahoo
BANKNIFTY,2017-07-26,24578.1504,24720.9004,24484.9004,24670.6992,24670.4121,0,yahoo
BANKNIFTY,2017-07-27,24857.5,25032.25,24799.4004,24922.4004,24922.1113,0,yahoo
BANKNIFTY,2017-07-28,24744.5508,24859.75,24651.0508,24811.3008,24811.0117,0,yahoo
BANKNIFTY,2017-07-31,24880.5996,25168.0996,24828.5,25103.6504,25103.3594,0,yahoo
BANKNIFTY,2017-08-01,25152.8496,25179.5,25000.9004,25122.8008,25122.5078,0,yahoo
BANKNIFTY,2017-08-02,25190.4004,25198.8008,24926.25,25055.1992,25054.9082,0,yahoo
BANKNIFTY,2017-08-03,25002.8496,25005.1504,24619.5996,24675.0508,24674.7637,0,yahoo
BANKNIFTY,2017-08-04,24629.5,24879.6992,24591.8008,24827.4492,24827.1602,0,yahoo
BANKNIFTY,2017-08-07,24854.1504,24979.3496,24844.4492,24906.3496,24906.0605,0,yahoo
BANKNIFTY,2017-08-08,24942.1992,24966.0508,24534.3496,24599.5,24599.2148,0,yahoo
BANKNIFTY,2017-08-09,24519.25,24532.4004,24328.0996,24374.5996,24374.3164,0,yahoo
BANKNIFTY,2017-08-10,24300.4492,24326.9004,23822.1992,24217.3496,24217.0684,0,yahoo
BANKNIFTY,2017-08-11,23958.25,24191.1992,23868.3008,23985.75,23985.4707,0,yahoo
BANKNIFTY,2017-08-14,24051.0508,24212.1504,24038.1504,24115.75,24115.4688,0,yahoo
BANKNIFTY,2017-08-16,24188.75,24461.1992,23947.4492,24437.6992,24437.416,0,yahoo
BANKNIFTY,2017-08-17,24495.1992,24496.1992,24121.5508,24237.25,24236.9688,0,yahoo
BANKNIFTY,2017-08-18,24125.3008,24130.1504,23925.9492,24074.4492,24074.1699,0,yahoo
BANKNIFTY,2017-08-21,24140.5508,24258.9492,23882.25,23936.5,23936.2227,0,yahoo
BANKNIFTY,2017-08-22,24080.5996,24127.4492,23852.6504,23974.4492,23974.1699,0,yahoo
BANKNIFTY,2017-08-23,24084.9492,24350,24074.1504,24316.8008,24316.5176,0,yahoo
BANKNIFTY,2017-08-24,24374.75,24411.0508,24224.8496,24274.1992,24273.918,0,yahoo
BANKNIFTY,2017-08-28,24351.25,24422.4492,24301.3496,24377.0996,24376.8164,0,yahoo
BANKNIFTY,2017-08-29,24302,24320.9492,24103.3008,24128.9492,24128.668,0,yahoo
BANKNIFTY,2017-08-30,24253.0508,24384.0996,24241.3008,24308.6992,24308.416,0,yahoo
BANKNIFTY,2017-08-31,24354.3496,24354.3496,24207.6992,24318.4004,24318.1172,0,yahoo
BANKNIFTY,2017-09-01,24389.1992,24494.3496,24319.1992,24434,24433.7168,0,yahoo
BANKNIFTY,2017-09-04,24456.3008,24459.3496,24156.4004,24236.8496,24236.5684,52500,yahoo
BANKNIFTY,2017-09-05,24272.5996,24388.0508,24256.3008,24328.3008,24328.0176,0,yahoo
BANKNIFTY,2017-09-06,24192.4004,24331.3008,24151.0996,24279.1504,24278.8691,0,yahoo
BANKNIFTY,2017-09-07,24324.8496,24413.0996,24246.9004,24304.9004,24304.6172,0,yahoo
BANKNIFTY,2017-09-08,24409.5,24419.25,24273,24370.8008,24370.5176,0,yahoo
BANKNIFTY,2017-09-11,24468.5,24735.3496,24458.25,24672.25,24671.9629,0,yahoo
BANKNIFTY,2017-09-12,24779.1504,24821.3496,24653.5996,24784.6992,24784.4121,0,yahoo
BANKNIFTY,2017-09-13,24818.3496,24948.8008,24737.8008,24831.8008,24831.5117,0,yahoo
BANKNIFTY,2017-09-14,24857.25,24994.3008,24815.5,24912.25,24911.9609,0,yahoo
BANKNIFTY,2017-09-15,24840.3008,24916.8496,24791.5508,24844.3008,24844.0117,0,yahoo
BANKNIFTY,2017-09-18,24948.1504,25105.3496,24941.75,25046.9004,25046.6094,0,yahoo
BANKNIFTY,2017-09-19,25059.75,25103.4492,24993,25041.5508,25041.2598,0,yahoo
BANKNIFTY,2017-09-20,24984.6504,25052.5996,24938.3008,24965.0508,24964.7598,0,yahoo
BANKNIFTY,2017-09-21,24934.0996,24992.5,24706.4492,24799.25,24798.9609,0,yahoo
BANKNIFTY,2017-09-22,24704.5508,24709.6992,24340,24368.8496,24368.5664,0,yahoo
BANKNIFTY,2017-09-25,24361.5508,24363.8008,24015.4492,24165.0508,24164.7695,0,yahoo
BANKNIFTY,2017-09-26,24105.5996,24236.9492,24017.4004,24199.1504,24198.8691,0,yahoo
BANKNIFTY,2017-09-27,24308.6992,24331.8496,23766.5996,23812.9492,23812.6719,0,yahoo
BANKNIFTY,2017-09-28,23804.0508,24074.1992,23611.0996,24008.1504,24007.8711,0,yahoo
BANKNIFTY,2017-09-29,24114,24227.4492,24004.8008,24053,24052.7207,0,yahoo
BANKNIFTY,2017-10-03,24200.5996,24226.8008,24007.25,24103.4004,24103.1211,0,yahoo
BANKNIFTY,2017-10-04,24124.1504,24230.4492,24058.6504,24113.3008,24113.0215,0,yahoo
BANKNIFTY,2017-10-05,24114.75,24188.3008,24033.3496,24058.0508,24057.7715,0,yahoo
BANKNIFTY,2017-10-06,24083.5508,24242.0508,24074.3496,24190,24189.7188,0,yahoo
BANKNIFTY,2017-10-09,24209.5508,24311.0996,24156.0508,24251.9004,24251.6191,0,yahoo
BANKNIFTY,2017-10-10,24304.8008,24379.75,24273.6504,24347.4492,24347.166,0,yahoo
BANKNIFTY,2017-10-11,24411.4492,24460.25,24054.25,24107.4492,24107.1699,0,yahoo
BANKNIFTY,2017-10-12,24151.4492,24393.4004,23978.4004,24361.25,24360.9668,0,yahoo
BANKNIFTY,2017-10-13,24411.0996,24779.75,24387.8008,24689.1504,24688.8633,0,yahoo
BANKNIFTY,2017-10-16,24815.4004,24878.6504,24516.5508,24703.0508,24702.7637,0,yahoo
BANKNIFTY,2017-10-17,24697.25,24809.1504,24571.8496,24645.5996,24645.3125,0,yahoo
BANKNIFTY,2017-10-18,24354.75,24454.6504,24270.0508,24313.75,24313.4668,0,yahoo
BANKNIFTY,2017-10-19,24238.4004,24255.3008,23923.6992,24009.75,24009.4707,0,yahoo
BANKNIFTY,2017-10-23,24085.4492,24151,23912.5508,24088.9004,24088.6211,94700,yahoo
BANKNIFTY,2017-10-24,24141.9492,24293.25,24032.6504,24222.1504,24221.8691,0,yahoo
BANKNIFTY,2017-10-25,24980.6504,25157.8008,24560.75,25035.9004,25035.6094,0,yahoo
BANKNIFTY,2017-10-26,24953.9492,25186.0508,24864.5996,25022.1992,25021.9082,0,yahoo
BANKNIFTY,2017-10-27,24887.5996,24995.6992,24798.6504,24839.5508,24839.2617,0,yahoo
BANKNIFTY,2017-10-30,24873.6504,25064.8496,24808.5508,24988.5508,24988.2598,0,yahoo
BANKNIFTY,2017-10-31,25042.0996,25078.6504,24948.0996,25019.3496,25019.0586,0,yahoo
BANKNIFTY,2017-11-01,25197.3008,25549.3496,25171.75,25490.4492,25490.1523,0,yahoo
BANKNIFTY,2017-11-02,25508.4004,25598.75,25405.5,25427.3008,25427.0059,0,yahoo
BANKNIFTY,2017-11-03,25531.4004,25695.5,25394.9492,25650.6992,25650.4004,0,yahoo
BANKNIFTY,2017-11-06,25569,25694.5996,25529.5,25571.1504,25570.8535,0,yahoo
BANKNIFTY,2017-11-07,25669.0996,25695.75,25248.9492,25300.8008,25300.5059,0,yahoo
BANKNIFTY,2017-11-08,25375.8008,25435.5996,25119.5,25184.3496,25184.0566,0,yahoo
BANKNIFTY,2017-11-09,25281,25385.1992,25166.1504,25291.3496,25291.0547,0,yahoo
BANKNIFTY,2017-11-10,25250.9004,25598.5508,25237.1992,25498.9492,25498.6523,0,yahoo
BANKNIFTY,2017-11-13,25570.25,25611.5508,25337.25,25358.3008,25358.0059,0,yahoo
BANKNIFTY,2017-11-14,25352.5508,25404.8008,25223.0996,25284.5996,25284.3066,0,yahoo
BANKNIFTY,2017-11-15,25241.6504,25318.0508,25166.3496,25218.9004,25218.6074,0,yahoo
BANKNIFTY,2017-11-16,25292.9004,25496.0508,25273.6992,25446.5996,25446.3047,0,yahoo
BANKNIFTY,2017-11-17,25875.6992,25924.9004,25679.5508,25728.4004,25728.1016,0,yahoo
BANKNIFTY,2017-11-20,25733.6992,25803.1504,25681.6992,25768.5996,25768.3008,0,yahoo
BANKNIFTY,2017-11-21,25829.3008,25871.0996,25726.5,25757.5,25757.2012,0,yahoo
BANKNIFTY,2017-11-22,25805.6504,25831.9492,25665.8496,25766.6504,25766.3516,0,yahoo
BANKNIFTY,2017-11-23,25826.3008,25838.5508,25620.9492,25736.25,25735.9512,76600,yahoo
BANKNIFTY,2017-11-24,25776.5996,25849,25749.0996,25779.6504,25779.3516,0,yahoo
BANKNIFTY,2017-11-27,25693.0508,25931.8496,25673.5,25891.9492,25891.6484,0,yahoo
BANKNIFTY,2017-11-28,25830.4492,25953.5,25795.5,25846.4004,25846.0996,0,yahoo
BANKNIFTY,2017-11-29,25829.6504,25877.75,25746.8008,25795.6992,25795.3984,0,yahoo
BANKNIFTY,2017-11-30,25693.8008,25700.8496,25246.8496,25332.4004,25332.1055,0,yahoo
BANKNIFTY,2017-12-01,25409.5508,25441.3496,25152.6504,25191.9492,25191.6562,0,yahoo
BANKNIFTY,2017-12-04,25295.0508,25297.1992,24993.3496,25075.0996,25074.8086,0,yahoo
BANKNIFTY,2017-12-05,25030.75,25217.6992,24921.3008,25124.8496,25124.5566,0,yahoo
BANKNIFTY,2017-12-06,25066.3008,25077.4492,24813.5996,24851.8008,24851.5117,0,yahoo
BANKNIFTY,2017-12-07,24935.3008,25097.4004,24875.3496,25057.25,25056.959,0,yahoo
BANKNIFTY,2017-12-08,25145.5,25367.6992,25145.5,25321.1504,25320.8555,0,yahoo
BANKNIFTY,2017-12-11,25434.75,25448.8496,25318.6992,25404.8496,25404.5547,0,yahoo
BANKNIFTY,2017-12-12,25413.4004,25416.1992,25108.5996,25125.4492,25125.1562,0,yahoo
BANKNIFTY,2017-12-13,25118.1992,25270.75,24938.5508,25000.3496,25000.0586,0,yahoo
BANKNIFTY,2017-12-14,25062.4004,25205.9004,24888.6504,25168.1992,25167.9062,0,yahoo
BANKNIFTY,2017-12-15,25487.1504,25559.0508,25411.25,25440.3008,25440.0059,0,yahoo
BANKNIFTY,2017-12-18,25181.75,25759.9004,24617.1504,25594.5508,25594.2539,0,yahoo
BANKNIFTY,2017-12-19,25640.9004,25757.9492,25619.5996,25716.1992,25715.9004,0,yahoo
BANKNIFTY,2017-12-20,25779.0508,25780.0508,25566.0508,25591.6992,25591.4023,0,yahoo
BANKNIFTY,2017-12-21,25608.25,25629.9492,25508.9004,25554.3008,25554.0039,0,yahoo
BANKNIFTY,2017-12-22,25615.5996,25694.5,25560.5,25648.5508,25648.252,0,yahoo
BANKNIFTY,2017-12-26,25659.75,25712.9492,25545.5996,25675.25,25674.9512,0,yahoo
BANKNIFTY,2017-12-27,25652.8496,25733.1992,25429.5508,25496.0508,25495.7539,0,yahoo
BANKNIFTY,2017-12-28,25463.5996,25561.9492,25417.4004,25490,25489.7031,0,yahoo
BANKNIFTY,2017-12-29,25484.8496,25566.4004,25450.25,25539.4492,25539.1523,0,yahoo
CRUDE,2017-01-03,54.2,55.24,52.11,52.33,52.33,727793,yahoo
CRUDE,2017-01-04,52.49,53.43,52.15,53.26,53.26,512641,yahoo
CRUDE,2017-01-05,53.39,54.12,52.79,53.76,53.76,517362,yahoo
CRUDE,2017-01-06,53.73,54.32,53.32,53.99,53.99,528333,yahoo
CRUDE,2017-01-09,53.75,53.83,51.76,51.96,51.96,564893,yahoo
CRUDE,2017-01-10,51.83,52.37,50.71,50.82,50.82,632573,yahoo
CRUDE,2017-01-11,50.81,52.78,50.75,52.25,52.25,815846,yahoo
CRUDE,2017-01-12,52.37,53.5,52.12,53.01,53.01,660703,yahoo
CRUDE,2017-01-13,53.05,53.17,52.27,52.37,52.37,477986,yahoo
CRUDE,2017-01-17,52.55,53.52,52.12,52.48,52.48,606023,yahoo
CRUDE,2017-01-18,52.52,52.79,50.91,51.08,51.08,236238,yahoo
CRUDE,2017-01-19,51.39,51.87,51.02,51.37,51.37,122593,yahoo
CRUDE,2017-01-20,51.45,52.9,51.39,52.42,52.42,567231,yahoo
CRUDE,2017-01-23,53.33,53.47,52.21,52.75,52.75,455333,yahoo
CRUDE,2017-01-24,52.86,53.56,52.67,53.18,53.18,520285,yahoo
CRUDE,2017-01-25,52.95,53.47,52.56,52.75,52.75,589709,yahoo
CRUDE,2017-01-26,52.96,54.06,52.79,53.78,53.78,578065,yahoo
CRUDE,2017-01-27,53.74,54.08,52.58,53.17,53.17,495556,yahoo
CRUDE,2017-01-30,53.15,53.46,52.41,52.63,52.63,486309,yahoo
CRUDE,2017-01-31,52.6,53.56,52.24,52.81,52.81,586676,yahoo
CRUDE,2017-02-01,52.76,53.91,52.64,53.88,53.88,577243,yahoo
CRUDE,2017-02-02,53.57,54.34,53.35,53.54,53.54,492553,yahoo
CRUDE,2017-02-03,53.68,54.22,53.4,53.83,53.83,462616,yahoo
CRUDE,2017-02-06,53.81,54.13,52.91,53.01,53.01,425085,yahoo
CRUDE,2017-02-07,53.14,53.24,51.63,52.17,52.17,624057,yahoo
CRUDE,2017-02-08,51.64,52.67,51.22,52.34,52.34,767379,yahoo
CRUDE,2017-02-09,52.37,53.21,52.37,53,53,610196,yahoo
CRUDE,2017-02-10,53.15,54.13,52.9,53.86,53.86,596449,yahoo
CRUDE,2017-02-13,53.8,53.95,52.77,52.93,52.93,586034,yahoo
CRUDE,2017-02-14,52.91,53.72,52.86,53.2,53.2,493022,yahoo
CRUDE,2017-02-15,53,53.51,52.73,53.11,53.11,463638,yahoo
CRUDE,2017-02-16,53.01,53.59,52.68,53.36,53.36,343363,yahoo
CRUDE,2017-02-17,53.47,53.52,52.88,53.4,53.4,195352,yahoo
CRUDE,2017-02-21,53.48,54.68,53.35,54.06,54.06,665310,yahoo
CRUDE,2017-02-22,54.26,54.6,53.35,53.59,53.59,499480,yahoo
CRUDE,2017-02-23,53.91,54.94,53.87,54.45,54.45,529880,yahoo
CRUDE,2017-02-24,54.33,54.51,53.76,53.99,53.99,395258,yahoo
CRUDE,2017-02-27,54.02,54.61,53.94,54.05,54.05,394380,yahoo
CRUDE,2017-02-28,54.04,54.23,53.18,54.01,54.01,593909,yahoo
CRUDE,2017-03-01,53.95,54.44,53.63,53.83,53.83,491289,yahoo
CRUDE,2017-03-02,53.69,53.8,52.54,52.61,52.61,638390,yahoo
CRUDE,2017-03-03,52.58,53.39,52.55,53.33,53.33,436360,yahoo
CRUDE,2017-03-06,53.19,53.56,52.76,53.2,53.2,503692,yahoo
CRUDE,2017-03-07,53.17,53.8,52.71,53.14,53.14,494677,yahoo
CRUDE,2017-03-08,52.79,52.92,50.05,50.28,50.28,963392,yahoo
CRUDE,2017-03-09,50.22,50.84,48.59,49.28,49.28,1073506,yahoo
CRUDE,2017-03-10,49.61,50.11,48.31,48.49,48.49,796960,yahoo
CRUDE,2017-03-13,48.45,48.68,47.9,48.4,48.4,601362,yahoo
CRUDE,2017-03-14,48.45,48.79,47.09,47.72,47.72,857711,yahoo
CRUDE,2017-03-15,48.76,49.04,48.16,48.86,48.86,655788,yahoo
CRUDE,2017-03-16,49.01,49.62,48.45,48.75,48.75,516853,yahoo
CRUDE,2017-03-17,48.79,49.2,48.6,48.78,48.78,172340,yahoo
CRUDE,2017-03-20,48.7,48.74,47.84,48.22,48.22,142258,yahoo
CRUDE,2017-03-21,47.93,48.73,47.23,47.34,47.34,628119,yahoo
CRUDE,2017-03-22,48.16,48.32,47.01,48.04,48.04,680849,yahoo
CRUDE,2017-03-23,48.15,48.48,47.58,47.7,47.7,499878,yahoo
CRUDE,2017-03-24,47.67,48.2,47.54,47.97,47.97,421027,yahoo
CRUDE,2017-03-27,48.12,48.28,47.08,47.73,47.73,466176,yahoo
CRUDE,2017-03-28,47.89,48.74,47.8,48.37,48.37,502377,yahoo
CRUDE,2017-03-29,48.47,49.63,48.38,49.51,49.51,548615,yahoo
CRUDE,2017-03-30,49.6,50.47,49.27,50.35,50.35,580668,yahoo
CRUDE,2017-03-31,50.32,50.85,49.9,50.6,50.6,527607,yahoo
CRUDE,2017-04-03,50.69,50.83,50.12,50.24,50.24,440724,yahoo
CRUDE,2017-04-04,50.24,51.3,49.88,51.03,51.03,532054,yahoo
CRUDE,2017-04-05,51.18,51.88,50.74,51.15,51.15,651398,yahoo
CRUDE,2017-04-06,50.8,51.82,50.77,51.7,51.7,473019,yahoo
CRUDE,2017-04-07,51.7,52.94,51.49,52.24,52.24,796437,yahoo
CRUDE,2017-04-10,52.31,53.18,52.29,53.08,53.08,565439,yahoo
CRUDE,2017-04-11,53.13,53.45,52.7,53.4,53.4,598003,yahoo
CRUDE,2017-04-12,53.4,53.76,52.71,53.11,53.11,629805,yahoo
CRUDE,2017-04-13,52.85,53.39,52.82,53.18,53.18,480835,yahoo
CRUDE,2017-04-17,52.97,53.21,52.55,52.65,52.65,326340,yahoo
CRUDE,2017-04-18,52.75,52.85,52.1,52.41,52.41,202043,yahoo
CRUDE,2017-04-19,52.36,52.65,50.09,50.44,50.44,133173,yahoo
CRUDE,2017-04-20,50.63,50.97,50.18,50.27,50.27,606263,yahoo
CRUDE,2017-04-21,50.71,50.93,49.2,49.62,49.62,687474,yahoo
CRUDE,2017-04-24,49.68,50.22,49.03,49.23,49.23,517897,yahoo
CRUDE,2017-04-25,49.22,49.83,48.87,49.56,49.56,587240,yahoo
CRUDE,2017-04-26,49.36,50.2,48.94,49.62,49.62,655717,yahoo
CRUDE,2017-04-27,49.22,49.43,48.2,48.97,48.97,771189,yahoo
CRUDE,2017-04-28,49.27,49.76,48.8,49.33,49.33,633992,yahoo
CRUDE,2017-05-01,49.17,49.32,48.59,48.84,48.84,364386,yahoo
CRUDE,2017-05-02,48.78,49.28,47.35,47.66,47.66,702375,yahoo
CRUDE,2017-05-03,48.12,48.23,47.3,47.82,47.82,691319,yahoo
CRUDE,2017-05-04,47.6,47.75,45.29,45.52,45.52,943959,yahoo
CRUDE,2017-05-05,45.51,46.68,43.76,46.22,46.22,1021610,yahoo
CRUDE,2017-05-08,46.35,46.98,45.73,46.43,46.43,785055,yahoo
CRUDE,2017-05-09,46.49,46.78,45.53,45.88,45.88,701944,yahoo
CRUDE,2017-05-10,46.18,47.78,46.01,47.33,47.33,819796,yahoo
CRUDE,2017-05-11,47.39,48.22,47.34,47.83,47.83,661783,yahoo
CRUDE,2017-05-12,47.81,48.07,47.35,47.84,47.84,537490,yahoo
CRUDE,2017-05-15,47.85,49.66,47.75,48.85,48.85,687153,yahoo
CRUDE,2017-05-16,48.82,49.38,48.17,48.66,48.66,589212,yahoo
CRUDE,2017-05-17,48.23,49.5,48.03,49.07,49.07,650107,yahoo
CRUDE,2017-05-18,48.93,49.6,48.05,49.35,49.35,242754,yahoo
CRUDE,2017-05-19,49.28,50.53,49.28,50.33,50.33,146452,yahoo
CRUDE,2017-05-22,50.6,51.06,50.44,50.73,50.73,564310,yahoo
CRUDE,2017-05-23,51.04,51.79,50.57,51.47,51.47,584139,yahoo
CRUDE,2017-05-24,51.44,51.88,51.03,51.36,51.36,736341,yahoo
CRUDE,2017-05-25,51.25,52,48.45,48.9,48.9,1147389,yahoo
CRUDE,2017-05-26,48.75,49.94,48.18,49.8,49.8,763920,yahoo
CRUDE,2017-05-30,49.93,50.28,49.03,49.66,49.66,663486,yahoo
CRUDE,2017-05-31,49.65,49.71,47.73,48.32,48.32,779144,yahoo
CRUDE,2017-06-01,48.63,49.17,47.9,48.36,48.36,774478,yahoo
CRUDE,2017-06-02,48.04,48.19,46.74,47.66,47.66,802662,yahoo
CRUDE,2017-06-05,47.71,48.42,46.86,47.4,47.4,710199,yahoo
CRUDE,2017-06-06,47.4,48.4,46.94,48.19,48.19,825056,yahoo
CRUDE,2017-06-07,47.98,48.23,45.65,45.72,45.72,1182327,yahoo
CRUDE,2017-06-08,45.85,46.18,45.2,45.64,45.64,927695,yahoo
CRUDE,2017-06-09,45.71,46.18,45.27,45.83,45.83,735933,yahoo
CRUDE,2017-06-12,45.8,46.71,45.66,46.08,46.08,666765,yahoo
CRUDE,2017-06-13,46.01,46.57,45.56,46.46,46.46,783320,yahoo
CRUDE,2017-06-14,45.94,46.49,44.54,44.73,44.73,924408,yahoo
CRUDE,2017-06-15,44.69,44.81,44.22,44.46,44.46,500938,yahoo
CRUDE,2017-06-16,44.25,44.94,44.24,44.74,44.74,191824,yahoo
CRUDE,2017-06-19,44.68,45.06,44.05,44.2,44.2,123943,yahoo
CRUDE,2017-06-20,44.11,44.4,42.75,43.23,43.23,894104,yahoo
CRUDE,2017-06-21,43.38,44.2,42.05,42.53,42.53,1071747,yahoo
CRUDE,2017-06-22,42.55,43.32,42.26,42.74,42.74,668830,yahoo
CRUDE,2017-06-23,42.8,43.2,42.53,43.01,43.01,690906,yahoo
CRUDE,2017-06-26,43.16,43.65,42.63,43.38,43.38,661354,yahoo
CRUDE,2017-06-27,43.49,44.44,43.32,44.24,44.24,759115,yahoo
CRUDE,2017-06-28,43.7,44.9,43.67,44.74,44.74,753375,yahoo
CRUDE,2017-06-29,44.89,45.45,44.65,44.93,44.93,768946,yahoo
CRUDE,2017-06-30,44.89,46.35,44.88,46.04,46.04,677408,yahoo
CRUDE,2017-07-03,46.28,47.1,45.92,47.07,47.07,517621,yahoo
CRUDE,2017-07-05,47.04,47.32,44.51,45.13,45.13,1173581,yahoo
CRUDE,2017-07-06,45.65,46.53,45.18,45.52,45.52,969676,yahoo
CRUDE,2017-07-07,45.35,45.42,43.78,44.23,44.23,975914,yahoo
CRUDE,2017-07-10,44.35,44.84,43.65,44.4,44.4,848570,yahoo
CRUDE,2017-07-11,44.58,45.81,43.83,45.04,45.04,1010691,yahoo
CRUDE,2017-07-12,45.74,46.48,45.11,45.49,45.49,963505,yahoo
CRUDE,2017-07-13,45.44,46.28,44.99,46.08,46.08,748971,yahoo
CRUDE,2017-07-14,46.08,46.74,45.8,46.54,46.54,742895,yahoo
CRUDE,2017-07-17,46.68,46.88,45.89,46.02,46.02,560633,yahoo
CRUDE,2017-07-18,45.99,46.92,45.81,46.4,46.4,208420,yahoo
CRUDE,2017-07-19,46.25,47.26,46.14,47.12,47.12,140677,yahoo
CRUDE,2017-07-20,47.09,47.55,46.66,46.79,46.79,720621,yahoo
CRUDE,2017-07-21,46.91,47.21,45.54,45.77,45.77,769438,yahoo
CRUDE,2017-07-24,45.62,46.53,45.4,46.34,46.34,707910,yahoo
CRUDE,2017-07-25,46.46,48.66,46.38,47.89,47.89,885700,yahoo
CRUDE,2017-07-26,48.51,48.87,47.86,48.75,48.75,887864,yahoo
CRUDE,2017-07-27,48.7,49.24,48.25,49.04,49.04,880757,yahoo
CRUDE,2017-07-28,49.17,49.81,48.86,49.71,49.71,771225,yahoo
CRUDE,2017-07-31,49.85,50.41,49.18,50.17,50.17,781539,yahoo
CRUDE,2017-08-01,50.21,50.43,48.37,49.16,49.16,1008583,yahoo
CRUDE,2017-08-02,48.8,49.65,48.55,49.59,49.59,847722,yahoo
CRUDE,2017-08-03,49.59,49.96,48.78,49.03,49.03,837763,yahoo
CRUDE,2017-08-04,48.95,49.64,48.5,49.58,49.58,745664,yahoo
CRUDE,2017-08-07,49.59,49.73,48.54,49.39,49.39,831374,yahoo
CRUDE,2017-08-08,49.31,49.79,48.86,49.17,49.17,924240,yahoo
CRUDE,2017-08-09,49,49.72,48.9,49.56,49.56,858250,yahoo
CRUDE,2017-08-10,49.68,50.22,48.35,48.59,48.59,1135440,yahoo
CRUDE,2017-08-11,48.52,48.98,47.98,48.82,48.82,804237,yahoo
CRUDE,2017-08-14,48.79,49.16,47.43,47.59,47.59,763241,yahoo
CRUDE,2017-08-15,47.49,47.9,47.02,47.55,47.55,770358,yahoo
CRUDE,2017-08-16,47.72,47.99,46.67,46.78,46.78,815544,yahoo
CRUDE,2017-08-17,46.8,47.19,46.46,47.09,47.09,608314,yahoo
CRUDE,2017-08-18,46.93,48.74,46.78,48.51,48.51,253069,yahoo
CRUDE,2017-08-21,48.72,48.75,47.03,47.37,47.37,129192,yahoo
CRUDE,2017-08-22,47.45,48.03,47.2,47.64,47.64,864387,yahoo
CRUDE,2017-08-23,47.64,48.5,47.53,48.41,48.41,701693,yahoo
CRUDE,2017-08-24,48.36,48.43,47.06,47.43,47.43,831358,yahoo
CRUDE,2017-08-25,47.62,47.91,47.39,47.87,47.87,646518,yahoo
CRUDE,2017-08-28,47.89,48.2,46.15,46.57,46.57,921285,yahoo
CRUDE,2017-08-29,46.86,46.96,45.76,46.44,46.44,895643,yahoo
CRUDE,2017-08-30,46.31,46.72,45.84,45.96,45.96,895643,yahoo
CRUDE,2017-08-31,45.95,47.47,45.58,47.23,47.23,882983,yahoo
CRUDE,2017-09-01,47.08,47.35,46.56,47.29,47.29,915708,yahoo
CRUDE,2017-09-05,47.28,48.98,47.15,48.66,48.66,742808,yahoo
CRUDE,2017-09-06,48.59,49.42,48.52,49.16,49.16,788963,yahoo
CRUDE,2017-09-07,49.14,49.33,48.63,49.09,49.09,702514,yahoo
CRUDE,2017-09-08,49.09,49.26,47.27,47.48,47.48,843760,yahoo
CRUDE,2017-09-11,47.58,48.27,47,48.07,48.07,774468,yahoo
CRUDE,2017-09-12,48.12,48.44,47.73,48.23,48.23,676040,yahoo
CRUDE,2017-09-13,48.34,49.4,48.12,49.3,49.3,706925,yahoo
CRUDE,2017-09-14,49.31,50.5,49.15,49.89,49.89,709035,yahoo
CRUDE,2017-09-15,49.72,50.13,49.41,49.89,49.89,433597,yahoo
CRUDE,2017-09-18,49.85,50.33,49.19,49.91,49.91,189605,yahoo
CRUDE,2017-09-19,49.91,50.42,49.33,49.48,49.48,143379,yahoo
CRUDE,2017-09-20,49.84,50.65,49.75,50.41,50.41,754413,yahoo
CRUDE,2017-09-21,50.72,50.81,50.07,50.55,50.55,580569,yahoo
CRUDE,2017-09-22,50.73,50.78,50.29,50.66,50.66,473795,yahoo
CRUDE,2017-09-25,50.68,52.28,50.39,52.22,52.22,701244,yahoo
CRUDE,2017-09-26,52.12,52.43,51.43,51.88,51.88,709515,yahoo
CRUDE,2017-09-27,52.09,52.34,51.63,52.14,52.14,637035,yahoo
CRUDE,2017-09-28,52.05,52.86,51.22,51.56,51.56,801816,yahoo
CRUDE,2017-09-29,51.58,51.77,51.25,51.67,51.67,551982,yahoo
CRUDE,2017-10-02,51.64,51.71,50.07,50.58,50.58,600933,yahoo
CRUDE,2017-10-03,50.59,50.73,50.14,50.42,50.42,462735,yahoo
CRUDE,2017-10-04,50.16,50.67,49.76,49.98,49.98,598836,yahoo
CRUDE,2017-10-05,49.88,51.22,49.85,50.79,50.79,654385,yahoo
CRUDE,2017-10-06,50.75,50.82,49.1,49.29,49.29,743114,yahoo
CRUDE,2017-10-09,49.25,49.79,49.13,49.58,49.58,505079,yahoo
CRUDE,2017-10-10,49.55,51.06,49.54,50.92,50.92,664839,yahoo
CRUDE,2017-10-11,50.94,51.42,50.61,51.3,51.3,651948,yahoo
CRUDE,2017-10-12,51,51.13,50.15,50.6,50.6,729273,yahoo
CRUDE,2017-10-13,50.73,51.72,50.7,51.45,51.45,667497,yahoo
CRUDE,2017-10-16,51.43,52.37,51.35,51.87,51.87,520725,yahoo
CRUDE,2017-10-17,51.93,52.25,51.21,51.88,51.88,471612,yahoo
CRUDE,2017-10-18,51.94,52.33,51.69,52.04,52.04,152620,yahoo
CRUDE,2017-10-19,52.05,52.17,51.07,51.29,51.29,127413,yahoo
CRUDE,2017-10-20,51.42,51.73,50.7,51.47,51.47,674142,yahoo
CRUDE,2017-10-23,52.07,52.3,51.68,51.9,51.9,583563,yahoo
CRUDE,2017-10-24,51.89,52.62,51.55,52.47,52.47,709553,yahoo
CRUDE,2017-10-25,52.56,52.57,51.89,52.18,52.18,681739,yahoo
CRUDE,2017-10-26,52.19,52.86,51.91,52.64,52.64,594647,yahoo
CRUDE,2017-10-27,52.8,54.2,52.25,53.9,53.9,730915,yahoo
CRUDE,2017-10-30,54.16,54.46,53.75,54.15,54.15,565043,yahoo
CRUDE,2017-10-31,54.08,54.85,53.93,54.38,54.38,497295,yahoo
CRUDE,2017-11-01,54.65,55.22,53.89,54.3,54.3,671038,yahoo
CRUDE,2017-11-02,54.28,54.84,53.99,54.54,54.54,482846,yahoo
CRUDE,2017-11-03,54.73,55.76,54.4,55.64,55.64,614159,yahoo
CRUDE,2017-11-06,55.97,57.61,55.66,57.35,57.35,861713,yahoo
CRUDE,2017-11-07,57.27,57.69,56.83,57.2,57.2,750187,yahoo
CRUDE,2017-11-08,56.96,57.92,56.41,56.81,56.81,919147,yahoo
CRUDE,2017-11-09,56.85,57.53,56.69,57.17,57.17,666949,yahoo
CRUDE,2017-11-10,57.02,57.35,56.55,56.74,56.74,541296,yahoo
CRUDE,2017-11-13,56.9,57.15,56.3,56.76,56.76,631619,yahoo
CRUDE,2017-11-14,56.72,56.77,54.81,55.7,55.7,707338,yahoo
CRUDE,2017-11-15,55.06,55.56,54.88,55.33,55.33,501385,yahoo
CRUDE,2017-11-16,55.3,55.62,54.93,55.14,55.14,213923,yahoo
CRUDE,2017-11-17,55.25,56.68,55.18,56.55,56.55,184944,yahoo
CRUDE,2017-11-20,56.69,56.76,55.57,56.09,56.09,593241,yahoo
CRUDE,2017-11-21,56.38,57.22,56.32,56.83,56.83,619066,yahoo
CRUDE,2017-11-22,57.12,58.15,57.03,58.02,58.02,837411,yahoo
CRUDE,2017-11-24,58.05,59.05,57.75,58.95,58.95,577826,yahoo
CRUDE,2017-11-27,58.95,58.99,57.55,58.11,58.11,690078,yahoo
CRUDE,2017-11-28,57.86,58.11,57.42,57.99,57.99,546526,yahoo
CRUDE,2017-11-29,57.73,58.3,56.75,57.3,57.3,741564,yahoo
CRUDE,2017-11-30,57.41,57.98,56.82,57.4,57.4,735128,yahoo
CRUDE,2017-12-01,57.42,58.88,57.29,58.36,58.36,685215,yahoo
CRUDE,2017-12-04,58.32,58.34,57.35,57.47,57.47,529965,yahoo
CRUDE,2017-12-05,57.48,57.92,57.08,57.62,57.62,499245,yahoo
CRUDE,2017-12-06,57.45,57.57,55.87,55.96,55.96,678992,yahoo
CRUDE,2017-12-07,56,56.78,55.82,56.69,56.69,557325,yahoo
CRUDE,2017-12-08,56.65,57.79,56.54,57.36,57.36,681599,yahoo
CRUDE,2017-12-11,57.25,58.08,56.91,57.99,57.99,606724,yahoo
CRUDE,2017-12-12,58.02,58.56,56.85,57.14,57.14,826488,yahoo
CRUDE,2017-12-13,57.45,57.83,56.55,56.6,56.6,658143,yahoo
CRUDE,2017-12-14,56.7,57.22,56.09,57.04,57.04,580571,yahoo
CRUDE,2017-12-15,57.15,57.49,56.94,57.3,57.3,210054,yahoo
CRUDE,2017-12-18,57.37,57.78,56.82,57.16,57.16,137151,yahoo
CRUDE,2017-12-19,57.3,57.64,57.16,57.46,57.46,420784,yahoo
CRUDE,2017-12-20,57.66,58.12,57.44,58.09,58.09,420844,yahoo
CRUDE,2017-12-21,58.02,58.38,57.63,58.36,58.36,405320,yahoo
CRUDE,2017-12-22,58.21,58.5,57.87,58.47,58.47,324554,yahoo
CRUDE,2017-12-26,58.4,60.01,58.32,59.97,59.97,437785,yahoo
CRUDE,2017-12-27,59.79,59.93,59.33,59.64,59.64,402396,yahoo
CRUDE,2017-12-28,59.53,59.94,59.44,59.84,59.84,345962,yahoo
CRUDE,2017-12-29,59.91,60.51,59.82,60.42,60.42,464478,yahoo
HANGSENG,2017-01-03,21993.3594,22189.3105,21883.8203,22150.4004,22150.4004,1302400000,yahoo
HANGSENG,2017-01-04,22201.0801,22228.0605,22076.6309,22134.4707,22134.4707,1437700000,yahoo
HANGSENG,2017-01-05,22302.6406,22483.0098,22230.3105,22456.6895,22456.6895,1830700000,yahoo
HANGSENG,2017-01-06,22583.2891,22605.6602,22445.7793,22503.0098,22503.0098,1390000000,yahoo
HANGSENG,2017-01-09,22561.1094,22626.4297,22476.3496,22558.6895,22558.6895,1303500000,yahoo
HANGSENG,2017-01-10,22561.1699,22744.8496,22549.8594,22744.8496,22744.8496,1422500000,yahoo
HANGSENG,2017-01-11,22816.0098,22944.5801,22767.3691,22935.3496,22935.3496,1554100000,yahoo
HANGSENG,2017-01-12,22956.4395,22971.4902,22751.6699,22829.0195,22829.0195,1454700000,yahoo
HANGSENG,2017-01-13,22879.5703,22971.4492,22859.2793,22937.3809,22937.3809,1371800000,yahoo
HANGSENG,2017-01-16,22895.3594,22908.8594,22657.3496,22718.1504,22718.1504,1313400000,yahoo
HANGSENG,2017-01-17,22819.8691,22867.8398,22710.9297,22840.9707,22840.9707,1019600000,yahoo
HANGSENG,2017-01-18,22889.3301,23151.75,22882.0195,23098.2598,23098.2598,1689300000,yahoo
HANGSENG,2017-01-19,23104.3496,23104.3496,22941.9609,23049.9609,23049.9609,1174100000,yahoo
HANGSENG,2017-01-20,22966.5293,22987.6797,22858.25,22885.9102,22885.9102,1207500000,yahoo
HANGSENG,2017-01-23,22926.3008,23068.0801,22861.2891,22898.5195,22898.5195,1068400000,yahoo
HANGSENG,2017-01-24,22965.25,22986.4492,22907.7793,22949.8594,22949.8594,1462900000,yahoo
HANGSENG,2017-01-25,23066.4004,23066.4004,22961.3809,23049.1191,23049.1191,1185800000,yahoo
HANGSENG,2017-01-26,23173.4609,23386.4102,23145.3105,23374.1699,23374.1699,1856600000,yahoo
HANGSENG,2017-01-27,23339.1504,23397.0898,23307.0508,23360.7793,23360.7793,777900000,yahoo
HANGSENG,2017-02-01,23211.8809,23318.3906,23082.6191,23318.3906,23318.3906,1515000000,yahoo
HANGSENG,2017-02-02,23309.4609,23439.0195,23131.3691,23184.5195,23184.5195,987800000,yahoo
HANGSENG,2017-02-03,23216.9707,23226.9199,22997.4609,23129.2109,23129.2109,1339300000,yahoo
HANGSENG,2017-02-06,23239.2891,23348.2402,23149.6992,23348.2402,23348.2402,1439900000,yahoo
HANGSENG,2017-02-07,23287.8906,23403.5996,23256.6895,23331.5703,23331.5703,1523400000,yahoo
HANGSENG,2017-02-08,23284.7598,23520.7695,23160.9902,23485.1309,23485.1309,2601100000,yahoo
HANGSENG,2017-02-09,23533.5195,23644.6309,23489.6504,23525.1406,23525.1406,2741000000,yahoo
HANGSENG,2017-02-10,23645.9004,23718.4707,23573.8496,23574.9805,23574.9805,2143200000,yahoo
HANGSENG,2017-02-13,23664.5293,23751.9199,23615.3906,23710.9805,23710.9805,1990300000,yahoo
HANGSENG,2017-02-14,23695.2891,23735.1094,23614.4707,23703.0098,23703.0098,1957100000,yahoo
HANGSENG,2017-02-15,23771.9492,24067.6191,23771.9492,23994.8691,23994.8691,3843900000,yahoo
HANGSENG,2017-02-16,24139.3105,24161.3906,23969.5703,24107.6992,24107.6992,3806700000,yahoo
HANGSENG,2017-02-17,24077.8691,24106.3398,23944.6797,24033.7402,24033.7402,2302700000,yahoo
HANGSENG,2017-02-20,24066,24202.3398,24022.1504,24146.0801,24146.0801,1937000000,yahoo
HANGSENG,2017-02-21,24174.1094,24213.6406,23909.1504,23963.6309,23963.6309,1839900000,yahoo
HANGSENG,2017-02-22,24059.0898,24201.9609,23999.5508,24201.9609,24201.9609,2230100000,yahoo
HANGSENG,2017-02-23,24122.1797,24216.5293,24046.9102,24114.8594,24114.8594,1881000000,yahoo
HANGSENG,2017-02-24,24115.6094,24121.9102,23958.1309,23965.6992,23965.6992,1750700000,yahoo
HANGSENG,2017-02-27,23941.8105,24067.6797,23822.8809,23925.0508,23925.0508,1727500000,yahoo
HANGSENG,2017-02-28,23952.6406,24007.8105,23740.7305,23740.7305,23740.7305,1666200000,yahoo
HANGSENG,2017-03-01,23849.2207,23857.2793,23730.0508,23776.4902,23776.4902,1648800000,yahoo
HANGSENG,2017-03-02,24044.4805,24080.8691,23694.3301,23728.0703,23728.0703,2111400000,yahoo
HANGSENG,2017-03-03,23618.3594,23635.2402,23511.5996,23552.7207,23552.7207,2388000000,yahoo
HANGSENG,2017-03-06,23600.4902,23691.0508,23574.2793,23596.2793,23596.2793,1442700000,yahoo
HANGSENG,2017-03-07,23630.3496,23728,23585.7695,23681.0703,23681.0703,1282700000,yahoo
HANGSENG,2017-03-08,23627.2793,23816.2305,23563.1406,23782.2695,23782.2695,1823200000,yahoo
HANGSENG,2017-03-09,23667.7695,23673.5801,23456.0605,23501.5605,23501.5605,1781300000,yahoo
HANGSENG,2017-03-10,23534.9805,23603.7695,23438.8594,23568.6699,23568.6699,1534100000,yahoo
HANGSENG,2017-03-13,23643.3008,23877.5898,23567.9297,23829.6699,23829.6699,2016200000,yahoo
HANGSENG,2017-03-14,23871,23918.1191,23768.3398,23827.9492,23827.9492,1857200000,yahoo
HANGSENG,2017-03-15,23705.0703,23842.8105,23645.5098,23792.8496,23792.8496,1352400000,yahoo
HANGSENG,2017-03-16,24101.9805,24288.2793,24003.75,24288.2793,24288.2793,2576700000,yahoo
HANGSENG,2017-03-17,24376.1309,24385.8105,24237.9707,24309.9297,24309.9297,2512700000,yahoo
HANGSENG,2017-03-20,24312.5703,24501.9902,24312.5703,24501.9902,24501.9902,1716700000,yahoo
HANGSENG,2017-03-21,24565.7305,24656.6504,24500.3496,24593.1191,24593.1191,2055200000,yahoo
HANGSENG,2017-03-22,24336.3301,24380.4199,24207.0996,24320.4102,24320.4102,2136600000,yahoo
HANGSENG,2017-03-23,24381.0391,24466.7305,24271.2598,24327.6992,24327.6992,1795500000,yahoo
HANGSENG,2017-03-24,24396.4102,24420.7695,24263.1699,24358.2695,24358.2695,1784300000,yahoo
HANGSENG,2017-03-27,24235.6895,24434.9004,24138.7793,24193.6992,24193.6992,1730300000,yahoo
HANGSENG,2017-03-28,24329.1699,24360,24274.5195,24345.8691,24345.8691,1506200000,yahoo
HANGSENG,2017-03-29,24470.6602,24470.6602,24330.6992,24392.0508,24392.0508,1835000000,yahoo
HANGSENG,2017-03-30,24429.1191,24431.1191,24250.4004,24301.0898,24301.0898,1768900000,yahoo
HANGSENG,2017-03-31,24305.5293,24329.9805,24105.3809,24111.5898,24111.5898,1733200000,yahoo
HANGSENG,2017-04-03,24236.5605,24261.4805,24162.5508,24261.4805,24261.4805,1709000000,yahoo
HANGSENG,2017-04-05,24370.9492,24400.8008,24166.0098,24400.8008,24400.8008,2697900000,yahoo
HANGSENG,2017-04-06,24310.4102,24381.6309,24210.6895,24273.7207,24273.7207,1722200000,yahoo
HANGSENG,2017-04-07,24247.0098,24268.3906,23982.4004,24267.3008,24267.3008,2253000000,yahoo
HANGSENG,2017-04-10,24302.0098,24314.6602,24215.5391,24262.1797,24262.1797,1194000000,yahoo
HANGSENG,2017-04-11,24280.8691,24318.1504,24007.8496,24088.4609,24088.4609,1803300000,yahoo
HANGSENG,2017-04-12,24068.9102,24313.5,23994.1309,24313.5,24313.5,1534900000,yahoo
HANGSENG,2017-04-13,24173.4199,24378.3809,24158.1602,24261.6602,24261.6602,1334100000,yahoo
HANGSENG,2017-04-18,24268.1699,24276.3105,23892.5898,23924.5391,23924.5391,1552800000,yahoo
HANGSENG,2017-04-19,23875.9805,23893.1406,23723.8691,23825.8809,23825.8809,1568300000,yahoo
HANGSENG,2017-04-20,23851.0195,24058.8691,23827.0703,24056.9805,24056.9805,1512900000,yahoo
HANGSENG,2017-04-21,24143.0391,24190.1406,23991.8691,24042.0195,24042.0195,1346000000,yahoo
HANGSENG,2017-04-24,24185.7598,24206.4395,23958.1797,24139.4805,24139.4805,1338100000,yahoo
HANGSENG,2017-04-25,24204.7793,24455.9395,24201.9102,24455.9395,24455.9395,1880700000,yahoo
HANGSENG,2017-04-26,24563.25,24637.8496,24515.2305,24578.4297,24578.4297,1668700000,yahoo
HANGSENG,2017-04-27,24663.0996,24717.4395,24455.1191,24698.4805,24698.4805,1567000000,yahoo
HANGSENG,2017-04-28,24691.2891,24697.0293,24563.7695,24615.1309,24615.1309,1181600000,yahoo
HANGSENG,2017-05-02,24773.8008,24773.8008,24577.3301,24696.1309,24696.1309,1605800000,yahoo
HANGSENG,2017-05-04,24680.4492,24683.8809,24530.9297,24683.8809,24683.8809,1760200000,yahoo
HANGSENG,2017-05-05,24625.3496,24634.2793,24358.7207,24476.3496,24476.3496,2024200000,yahoo
HANGSENG,2017-05-08,24604.2891,24624.2109,24476.1992,24577.9102,24577.9102,1357900000,yahoo
HANGSENG,2017-05-09,24656.9492,24889.8301,24548.9707,24889.0293,24889.0293,1381100000,yahoo
HANGSENG,2017-05-10,24931.8203,25164.9707,24931.8203,25015.4199,25015.4199,2297600000,yahoo
HANGSENG,2017-05-11,25101.5293,25203.5391,25024.7598,25125.5508,25125.5508,1642600000,yahoo
HANGSENG,2017-05-12,25126.4805,25211.2793,25087.3203,25156.3398,25156.3398,1417400000,yahoo
HANGSENG,2017-05-15,25233.3105,25385.7207,25213.4707,25371.5898,25371.5898,2212700000,yahoo
HANGSENG,2017-05-16,25413.3496,25413.3496,25228.4609,25335.9395,25335.9395,1797600000,yahoo
HANGSENG,2017-05-17,25355.7598,25374.9492,25245.4395,25293.6309,25293.6309,1512400000,yahoo
HANGSENG,2017-05-18,25034.1895,25263.8105,25025.0508,25136.5195,25136.5195,1677300000,yahoo
HANGSENG,2017-05-19,25171.6602,25266.2207,25124.0605,25174.8691,25174.8691,1312800000,yahoo
HANGSENG,2017-05-22,25318.2891,25450.0391,25201.3398,25391.3398,25391.3398,1410600000,yahoo
HANGSENG,2017-05-23,25415.5703,25486.9805,25307.2695,25403.1504,25403.1504,1758700000,yahoo
HANGSENG,2017-05-24,25382.2598,25428.5,25296.6602,25428.5,25428.5,1409900000,yahoo
HANGSENG,2017-05-25,25511.4609,25680.6699,25491.7793,25630.7793,25630.7793,1890800000,yahoo
HANGSENG,2017-05-26,25670.9805,25724.4004,25588.6992,25639.2695,25639.2695,1453700000,yahoo
HANGSENG,2017-05-29,25672.4004,25744.7207,25579.1504,25701.6309,25701.6309,1077800000,yahoo
HANGSENG,2017-05-31,25706.4492,25817.9492,25650.0605,25660.6504,25660.6504,2997900000,yahoo
HANGSENG,2017-06-01,25736.3496,25834.75,25614.6094,25809.2207,25809.2207,2017100000,yahoo
HANGSENG,2017-06-02,25926.0605,25973,25851.8496,25924.0508,25924.0508,1990200000,yahoo
HANGSENG,2017-06-05,25976.3594,25998.6602,25801.8398,25862.9902,25862.9902,1766200000,yahoo
HANGSENG,2017-06-06,25819.5293,26019.0098,25805.0195,25997.1406,25997.1406,1540400000,yahoo
HANGSENG,2017-06-07,26025.2109,26073.4395,25898.8203,25974.1602,25974.1602,1999500000,yahoo
HANGSENG,2017-06-08,25974,26069.9805,25923.2109,26063.0605,26063.0605,1633500000,yahoo
HANGSENG,2017-06-09,26090.3301,26090.3301,25922.6797,26030.2891,26030.2891,2889400000,yahoo
HANGSENG,2017-06-12,25925.4492,25957.7793,25689.2305,25708.0391,25708.0391,1614700000,yahoo
HANGSENG,2017-06-13,25826.5195,25883.2207,25722.6309,25852.0996,25852.0996,1316400000,yahoo
HANGSENG,2017-06-14,25915.4609,25915.4609,25713.0195,25875.9004,25875.9004,1449800000,yahoo
HANGSENG,2017-06-15,25772.2793,25772.2793,25565.3398,25565.3398,25565.3398,1658100000,yahoo
HANGSENG,2017-06-16,25601.8105,25719.9707,25557.8008,25626.4902,25626.4902,1699400000,yahoo
HANGSENG,2017-06-19,25736.1992,25939.7207,25735.0703,25924.5508,25924.5508,1116100000,yahoo
HANGSENG,2017-06-20,26028.4297,26043.0996,25833.9297,25843.0391,25843.0391,1251600000,yahoo
HANGSENG,2017-06-21,25752.2695,25846.5195,25575.9805,25694.5801,25694.5801,1699900000,yahoo
HANGSENG,2017-06-22,25597.4609,25867.9395,25597.4609,25674.5293,25674.5293,1554000000,yahoo
HANGSENG,2017-06-23,25724.2793,25770.3691,25648.7695,25670.0508,25670.0508,1302600000,yahoo
HANGSENG,2017-06-26,25727.9297,25875.4805,25720.3809,25871.8906,25871.8906,1206200000,yahoo
HANGSENG,2017-06-27,25911.1992,25929.6094,25780.6895,25839.9902,25839.9902,1183000000,yahoo
HANGSENG,2017-06-28,25735.2109,25821.3594,25625.7109,25683.5,25683.5,1652900000,yahoo
HANGSENG,2017-06-29,25872.9297,25965.4199,25814.8008,25965.4199,25965.4199,1748400000,yahoo
HANGSENG,2017-06-30,25679.6406,25816.25,25661.4297,25764.5801,25764.5801,1616900000,yahoo
HANGSENG,2017-07-03,25654.7695,25821.3906,25654.7695,25784.1699,25784.1699,1505000000,yahoo
HANGSENG,2017-07-04,25782.8496,25838.2695,25251.7207,25389.0098,25389.0098,2402100000,yahoo
HANGSENG,2017-07-05,25354.3809,25559.1797,25199.8594,25521.9707,25521.9707,1868200000,yahoo
HANGSENG,2017-07-06,25574.5703,25599.6992,25436.8301,25465.2207,25465.2207,1494500000,yahoo
HANGSENG,2017-07-07,25377.2109,25409.9004,25315.9102,25340.8496,25340.8496,1480500000,yahoo
HANGSENG,2017-07-10,25392.0293,25622.75,25331.9492,25500.0605,25500.0605,1743500000,yahoo
HANGSENG,2017-07-11,25605.1895,25941.4707,25596.2109,25877.6406,25877.6406,2230900000,yahoo
HANGSENG,2017-07-12,25991.3496,26147.3008,25991.3496,26043.6406,26043.6406,2695400000,yahoo
HANGSENG,2017-07-13,26340.2891,26383.7598,26255.3105,26346.1699,26346.1699,1971700000,yahoo
HANGSENG,2017-07-14,26416.6797,26416.6797,26295.9902,26389.2305,26389.2305,1744800000,yahoo
HANGSENG,2017-07-17,26572.9199,26618.6602,26353.8301,26470.5801,26470.5801,1837400000,yahoo
HANGSENG,2017-07-18,26489.5195,26540.1699,26381.1406,26524.9395,26524.9395,1872300000,yahoo
HANGSENG,2017-07-19,26561.8105,26682.6406,26541.5605,26672.1602,26672.1602,1346800000,yahoo
HANGSENG,2017-07-20,26770.4805,26794.1797,26632.9805,26740.2109,26740.2109,1408300000,yahoo
HANGSENG,2017-07-21,26777.4395,26778.4199,26663.25,26706.0898,26706.0898,1502400000,yahoo
HANGSENG,2017-07-24,26720.0391,26882,26674.5,26846.8301,26846.8301,1532500000,yahoo
HANGSENG,2017-07-25,26847.5801,26889.6992,26799.7695,26852.0508,26852.0508,1450900000,yahoo
HANGSENG,2017-07-26,26960.8105,27007.2695,26786.6309,26941.0195,26941.0195,2176500000,yahoo
HANGSENG,2017-07-27,27002.6992,27169.1504,26962.0293,27131.1699,27131.1699,1763900000,yahoo
HANGSENG,2017-07-28,27007.9707,27047.8809,26928.4395,26979.3906,26979.3906,1456000000,yahoo
HANGSENG,2017-07-31,27048.4492,27324.3809,27045.4102,27323.9902,27323.9902,1693200000,yahoo
HANGSENG,2017-08-01,27326.0391,27558,27326.0391,27540.2305,27540.2305,2392400000,yahoo
HANGSENG,2017-08-02,27645.2793,27747.3496,27570.5,27607.3809,27607.3809,2052600000,yahoo
HANGSENG,2017-08-03,27533.5098,27601.0508,27399.5801,27531.0098,27531.0098,1682600000,yahoo
HANGSENG,2017-08-04,27564.7109,27615.0293,27508.1094,27562.6797,27562.6797,1464900000,yahoo
HANGSENG,2017-08-07,27665.7109,27731.9199,27629.1992,27690.3594,27690.3594,1484600000,yahoo
HANGSENG,2017-08-08,27684.5996,27867.5605,27626.1895,27854.9102,27854.9102,1726600000,yahoo
HANGSENG,2017-08-09,27760.0801,27876.1191,27602.6602,27757.0898,27757.0898,1650700000,yahoo
HANGSENG,2017-08-10,27791.3594,27791.3594,27267.0293,27444,27444,2176000000,yahoo
HANGSENG,2017-08-11,27000.4297,27184.2109,26863.7109,26883.5098,26883.5098,3133500000,yahoo
HANGSENG,2017-08-14,27091.7695,27268.2305,27032.4004,27250.2305,27250.2305,1416400000,yahoo
HANGSENG,2017-08-15,27371.25,27438.4199,27174.9609,27174.9609,27174.9609,2736000000,yahoo
HANGSENG,2017-08-16,27238.8105,27422.3008,27238.8105,27409.0703,27409.0703,1771100000,yahoo
HANGSENG,2017-08-17,27610.2891,27624.5195,27302.4805,27344.2207,27344.2207,1795300000,yahoo
HANGSENG,2017-08-18,26999.5996,27236.3203,26951.9199,27047.5703,27047.5703,1691600000,yahoo
HANGSENG,2017-08-21,27100.6309,27221.3105,27086.4297,27154.6797,27154.6797,1770600000,yahoo
HANGSENG,2017-08-22,27322.1992,27509.0605,27316.0801,27401.6699,27401.6699,2049700000,yahoo
HANGSENG,2017-08-24,27642.2305,27642.2305,27485.8691,27518.5996,27518.5996,2691500000,yahoo
HANGSENG,2017-08-25,27539.1094,27878.3691,27480.1094,27848.1602,27848.1602,3791300000,yahoo
HANGSENG,2017-08-28,27905.5898,28071.5898,27806.0508,27863.2891,27863.2891,3019400000,yahoo
HANGSENG,2017-08-29,27744.5801,27839.8301,27638.7305,27765.0098,27765.0098,1717800000,yahoo
HANGSENG,2017-08-30,27957.7402,28127.9004,27912.8203,28094.6094,28094.6094,2142400000,yahoo
HANGSENG,2017-08-31,27934.4492,27994.0605,27861.4805,27970.3008,27970.3008,2795600000,yahoo
HANGSENG,2017-09-01,28015.2207,28116.6992,27915.4395,27953.1602,27953.1602,1754500000,yahoo
HANGSENG,2017-09-04,27881.7109,27884.4609,27662.2891,27740.2598,27740.2598,1626700000,yahoo
HANGSENG,2017-09-05,27797.4395,27871.7598,27685.3008,27741.3496,27741.3496,1237100000,yahoo
HANGSENG,2017-09-06,27671.5605,27684.2598,27421.7891,27613.7598,27613.7598,1666700000,yahoo
HANGSENG,2017-09-07,27817.8691,27817.8691,27492.8203,27522.9199,27522.9199,1779100000,yahoo
HANGSENG,2017-09-08,27571.5898,27708.0898,27569.1309,27668.4707,27668.4707,1416100000,yahoo
HANGSENG,2017-09-11,27877.6895,27976.9805,27859,27955.1309,27955.1309,1381700000,yahoo
HANGSENG,2017-09-12,28068.6992,28071.5391,27883.8301,27972.2402,27972.2402,1313200000,yahoo
HANGSENG,2017-09-13,27984.2695,27984.2695,27751.2793,27894.0801,27894.0801,1437300000,yahoo
HANGSENG,2017-09-14,27788.8398,27895.0703,27699.0898,27777.1992,27777.1992,1650300000,yahoo
HANGSENG,2017-09-15,27736.5996,27893.5801,27514.0391,27807.5898,27807.5898,2164200000,yahoo
HANGSENG,2017-09-18,27971.3691,28160.3906,27917.1797,28159.7695,28159.7695,1546300000,yahoo
HANGSENG,2017-09-19,28200.5391,28248.1191,28032.1699,28051.4102,28051.4102,1601200000,yahoo
HANGSENG,2017-09-20,28099.2891,28149.3594,28013.1094,28127.8008,28127.8008,1496700000,yahoo
HANGSENG,2017-09-21,28091.2402,28184.3691,28046.9395,28110.3301,28110.3301,1625300000,yahoo
HANGSENG,2017-09-22,27949.8301,27960.9199,27845.5195,27880.5293,27880.5293,1379300000,yahoo
HANGSENG,2017-09-25,27851.5391,27851.5391,27476.2695,27500.3398,27500.3398,1800200000,yahoo
HANGSENG,2017-09-26,27308.6094,27567.8809,27300.3691,27513.0098,27513.0098,1683600000,yahoo
HANGSENG,2017-09-27,27503.0508,27673.4004,27503.0508,27642.4297,27642.4297,1812400000,yahoo
HANGSENG,2017-09-28,27661.2695,27665.1602,27421.5996,27421.5996,27421.5996,1969000000,yahoo
HANGSENG,2017-09-29,27492.1309,27581.1309,27383.1602,27554.3008,27554.3008,1665500000,yahoo
HANGSENG,2017-10-03,27884.2109,28194.1602,27737.3809,28173.2109,28173.2109,3430600000,yahoo
HANGSENG,2017-10-04,28311.2695,28521.7695,28311.2695,28379.1797,28379.1797,2095400000,yahoo
HANGSENG,2017-10-06,28626.4102,28626.4102,28377.8496,28458.0391,28458.0391,1967900000,yahoo
HANGSENG,2017-10-09,28440.1699,28488.3496,28282.0098,28326.5898,28326.5898,1745200000,yahoo
HANGSENG,2017-10-10,28334.9199,28503.8398,28260.1992,28490.8301,28490.8301,1388800000,yahoo
HANGSENG,2017-10-11,28622.0098,28625.6602,28330.7305,28389.5703,28389.5703,1874700000,yahoo
HANGSENG,2017-10-12,28431.0508,28528.7109,28343.3203,28459.0293,28459.0293,1579400000,yahoo
HANGSENG,2017-10-13,28423.6504,28492.3906,28369.8691,28476.4297,28476.4297,1616400000,yahoo
HANGSENG,2017-10-16,28661.9805,28792.0605,28620.3809,28692.8008,28692.8008,1740700000,yahoo
HANGSENG,2017-10-17,28777.1797,28777.1797,28641.9492,28697.4902,28697.4902,1286900000,yahoo
HANGSENG,2017-10-18,28636.1992,28729.3398,28629.7305,28711.7598,28711.7598,1429200000,yahoo
HANGSENG,2017-10-19,28783.8496,28798.7793,28094.5391,28159.0898,28159.0898,2125400000,yahoo
HANGSENG,2017-10-20,28360.0195,28519.7598,28313.6992,28487.2402,28487.2402,1493200000,yahoo
HANGSENG,2017-10-23,28557.8008,28557.8008,28253.3203,28305.8809,28305.8809,1712100000,yahoo
HANGSENG,2017-10-24,28232.6191,28356.0996,28098.8301,28154.9707,28154.9707,1426900000,yahoo
HANGSENG,2017-10-25,28238.8496,28387.2109,28198.5605,28302.8906,28302.8906,1272800000,yahoo
HANGSENG,2017-10-26,28165.6094,28316.1992,28102.75,28202.3809,28202.3809,1431600000,yahoo
HANGSENG,2017-10-27,28332.9102,28494.5195,28305.7305,28438.8496,28438.8496,2255500000,yahoo
HANGSENG,2017-10-30,28585.1504,28650.8203,28336.1895,28336.1895,28336.1895,2133300000,yahoo
HANGSENG,2017-10-31,28247,28354.1094,28183.7891,28245.5391,28245.5391,2447200000,yahoo
HANGSENG,2017-11-01,28387.5508,28606.5898,28329.5,28594.0605,28594.0605,2316600000,yahoo
HANGSENG,2017-11-02,28604.9492,28643.5801,28492.1992,28518.6406,28518.6406,2151400000,yahoo
HANGSENG,2017-11-03,28603.5098,28661.2891,28542.6602,28603.6094,28603.6094,1576600000,yahoo
HANGSENG,2017-11-06,28616.3496,28650.7891,28137.7695,28596.8008,28596.8008,2260000000,yahoo
HANGSENG,2017-11-07,28715.4004,29017.4004,28715.0703,28994.3398,28994.3398,2128700000,yahoo
HANGSENG,2017-11-08,28950.5,29123.4395,28885.0703,28907.5996,28907.5996,1831400000,yahoo
HANGSENG,2017-11-09,28987.7891,29192.5098,28960.0508,29136.5703,29136.5703,1823000000,yahoo
HANGSENG,2017-11-10,29060.1309,29237.8496,29036.4492,29120.9199,29120.9199,1781800000,yahoo
HANGSENG,2017-11-13,29058.2305,29258.5,29058.2305,29182.1797,29182.1797,1786800000,yahoo
HANGSENG,2017-11-14,29272.0996,29320.0293,29143.6309,29152.1191,29152.1191,1697000000,yahoo
HANGSENG,2017-11-15,29026.1094,29106.4902,28851.6895,28851.6895,28851.6895,2046100000,yahoo
HANGSENG,2017-11-16,28963.7695,29095.4902,28877.7598,29018.7598,29018.7598,1501000000,yahoo
HANGSENG,2017-11-17,29214.3594,29341.9199,29158.3496,29199.0391,29199.0391,2068100000,yahoo
HANGSENG,2017-11-20,29227.0801,29299.8691,29089.5801,29260.3105,29260.3105,1619900000,yahoo
HANGSENG,2017-11-21,29369.6895,29818.0703,29343.4805,29818.0703,29818.0703,2467400000,yahoo
HANGSENG,2017-11-22,30087.1895,30199.6895,29911.0703,30003.4902,30003.4902,2474900000,yahoo
HANGSENG,2017-11-23,30033.1797,30169.9902,29593.7891,29707.9395,29707.9395,2099400000,yahoo
HANGSENG,2017-11-24,29788.1797,29918.9199,29696.5898,29866.3203,29866.3203,1534300000,yahoo
HANGSENG,2017-11-27,29857.6504,29859.1094,29610.9609,29686.1895,29686.1895,1485200000,yahoo
HANGSENG,2017-11-28,29608.6406,29687.4492,29334.5898,29680.8496,29680.8496,1744500000,yahoo
HANGSENG,2017-11-29,29813.9395,29831.1895,29563.3906,29623.8301,29623.8301,1434700000,yahoo
HANGSENG,2017-11-30,29340.2695,29353.5098,29127.3008,29177.3496,29177.3496,2435500000,yahoo
HANGSENG,2017-12-01,29261.3105,29345.9707,29028.7598,29074.2402,29074.2402,2086700000,yahoo
HANGSENG,2017-12-04,28951.1895,29343.7793,28803.1895,29138.2793,29138.2793,1624100000,yahoo
HANGSENG,2017-12-05,28898.5801,29124.2402,28838.1191,28842.8008,28842.8008,1439200000,yahoo
HANGSENG,2017-12-06,28850.3594,28929.2109,28204.5293,28224.8008,28224.8008,2605400000,yahoo
HANGSENG,2017-12-07,28366.1406,28478.3398,28134.9297,28303.1895,28303.1895,1782500000,yahoo
HANGSENG,2017-12-08,28400.0098,28705.7598,28344.3906,28639.8496,28639.8496,1747400000,yahoo
HANGSENG,2017-12-11,28645.4102,28998.5098,28645.4102,28965.2891,28965.2891,2127800000,yahoo
HANGSENG,2017-12-12,28972.7402,29066.7695,28745.7305,28793.8809,28793.8809,2135700000,yahoo
HANGSENG,2017-12-13,28856.7793,29276.6699,28707.5996,29222.0996,29222.0996,2574100000,yahoo
HANGSENG,2017-12-14,29335.7598,29367.5098,29047.6094,29166.3809,29166.3809,1959300000,yahoo
HANGSENG,2017-12-15,29000.1094,29017.6602,28738.8398,28848.1094,28848.1094,1999800000,yahoo
HANGSENG,2017-12-18,28923.5293,29143.3301,28821.1895,29050.4102,29050.4102,1637900000,yahoo
HANGSENG,2017-12-19,29193.7402,29339.1094,29144.1699,29253.6602,29253.6602,1633500000,yahoo
HANGSENG,2017-12-20,29199.2891,29326.5195,29159.2793,29234.0898,29234.0898,1308900000,yahoo
HANGSENG,2017-12-21,29209.6406,29431.8105,29145.1309,29367.0605,29367.0605,1441000000,yahoo
HANGSENG,2017-12-22,29505.0508,29578.0098,29413.8594,29578.0098,29578.0098,1282100000,yahoo
HANGSENG,2017-12-27,29632.9707,29693.8203,29516.5098,29597.6602,29597.6602,1725800000,yahoo
HANGSENG,2017-12-28,29684.7891,29873.0996,29661.0605,29863.7109,29863.7109,1339600000,yahoo
HANGSENG,2017-12-29,29914.0508,29997.9609,29849.3105,29919.1504,29919.1504,1365800000,yahoo
INDIAVIX,2017-01-02,15.47,16.38,14.64,15.83,15.83,0,yahoo
INDIAVIX,2017-01-03,15.83,16.42,14.9,15.96,15.96,0,yahoo
INDIAVIX,2017-01-04,15.96,16.1,14.9,15.89,15.89,0,yahoo
INDIAVIX,2017-01-05,15.89,15.89,14.45,15.05,15.05,0,yahoo
INDIAVIX,2017-01-06,15.05,15.09,13.92,14.91,14.91,0,yahoo
INDIAVIX,2017-01-09,14.91,15.64,13.82,15.48,15.48,0,yahoo
INDIAVIX,2017-01-10,15.48,15.48,14.03,15.2,15.2,0,yahoo
INDIAVIX,2017-01-11,15.2,15.2,13.54,14.81,14.81,0,yahoo
INDIAVIX,2017-01-12,14.81,14.87,13.46,14.61,14.61,0,yahoo
INDIAVIX,2017-01-13,14.61,14.65,13.38,14.38,14.38,0,yahoo
INDIAVIX,2017-01-16,14.38,15.25,13.43,15.07,15.07,0,yahoo
INDIAVIX,2017-01-17,15.07,15.62,13.98,15.39,15.39,0,yahoo
INDIAVIX,2017-01-18,15.39,15.39,13.61,15.18,15.18,0,yahoo
INDIAVIX,2017-01-19,15.18,15.28,14.04,15.02,15.02,0,yahoo
INDIAVIX,2017-01-20,15.02,15.87,13.85,15.79,15.79,0,yahoo
INDIAVIX,2017-01-23,15.79,16.37,15.5,15.91,15.91,0,yahoo
INDIAVIX,2017-01-24,15.91,15.96,14.39,15.29,15.29,0,yahoo
INDIAVIX,2017-01-25,15.29,15.43,14.41,15.17,15.17,0,yahoo
INDIAVIX,2017-01-27,15.17,16.13,14.93,16.01,16.01,0,yahoo
INDIAVIX,2017-01-30,16.01,16.86,15.39,16.67,16.67,0,yahoo
INDIAVIX,2017-01-31,16.67,17.09,15.71,16.83,16.83,0,yahoo
INDIAVIX,2017-02-01,16.83,17.43,13.8,13.97,13.97,0,yahoo
INDIAVIX,2017-02-02,13.97,13.97,12.64,13.52,13.52,0,yahoo
INDIAVIX,2017-02-03,13.52,13.6,11.78,13.13,13.13,0,yahoo
INDIAVIX,2017-02-06,13.13,13.61,11.06,13.4,13.4,0,yahoo
INDIAVIX,2017-02-07,13.4,13.72,12.24,13.51,13.51,0,yahoo
INDIAVIX,2017-02-08,13.51,13.76,11.44,13.35,13.35,0,yahoo
INDIAVIX,2017-02-09,13.35,13.78,11.4,13.24,13.24,0,yahoo
INDIAVIX,2017-02-10,13.24,13.33,11.37,13.18,13.18,0,yahoo
INDIAVIX,2017-02-13,13.18,13.76,11.57,13.69,13.69,0,yahoo
INDIAVIX,2017-02-14,13.69,14.01,12.1,13.8,13.8,0,yahoo
INDIAVIX,2017-02-15,13.8,14.46,11.73,14.21,14.21,0,yahoo
INDIAVIX,2017-02-16,14.21,14.21,11.44,13.73,13.73,0,yahoo
INDIAVIX,2017-02-17,13.73,13.77,12.47,13.43,13.43,0,yahoo
INDIAVIX,2017-02-20,13.43,13.85,12.41,13.61,13.61,0,yahoo
INDIAVIX,2017-02-21,13.61,14.28,11.89,13.53,13.53,0,yahoo
INDIAVIX,2017-02-22,13.53,14.04,12.72,13.7,13.7,0,yahoo
INDIAVIX,2017-02-23,13.7,13.96,12.92,13.4,13.4,0,yahoo
INDIAVIX,2017-02-27,13.4,14.27,13.4,13.68,13.68,0,yahoo
INDIAVIX,2017-02-28,13.68,14.03,13.17,13.79,13.79,0,yahoo
INDIAVIX,2017-03-01,13.79,13.8,13.21,13.58,13.58,0,yahoo
INDIAVIX,2017-03-02,13.58,13.62,13.03,13.36,13.36,0,yahoo
INDIAVIX,2017-03-03,13.36,13.6,12.57,13.35,13.35,0,yahoo
INDIAVIX,2017-03-06,13.35,13.73,12.81,13.64,13.64,0,yahoo
INDIAVIX,2017-03-07,13.64,14.01,13.09,13.88,13.88,0,yahoo
INDIAVIX,2017-03-08,13.88,14.29,12.69,14.08,14.08,0,yahoo
INDIAVIX,2017-03-09,14.08,14.78,12.6,14.39,14.39,0,yahoo
INDIAVIX,2017-03-10,14.39,14.39,13.58,13.96,13.96,0,yahoo
INDIAVIX,2017-03-14,13.96,13.96,11.09,12.4,12.4,0,yahoo
INDIAVIX,2017-03-15,12.4,12.53,11.2,12.42,12.42,0,yahoo
INDIAVIX,2017-03-16,12.42,12.42,11.34,11.91,11.91,0,yahoo
INDIAVIX,2017-03-17,11.91,12.11,10.39,11.85,11.85,0,yahoo
INDIAVIX,2017-03-20,11.85,12.31,11.44,12.02,12.02,0,yahoo
INDIAVIX,2017-03-21,12.02,12.16,11.03,11.94,11.94,0,yahoo
INDIAVIX,2017-03-22,11.94,12.36,11.58,12.27,12.27,0,yahoo
INDIAVIX,2017-03-23,12.27,12.27,11.24,11.84,11.84,0,yahoo
INDIAVIX,2017-03-24,11.84,12.1,10.71,11.98,11.98,0,yahoo
INDIAVIX,2017-03-27,11.98,12.57,11.34,12.44,12.44,0,yahoo
INDIAVIX,2017-03-28,12.44,12.44,11.46,12.12,12.12,0,yahoo
INDIAVIX,2017-03-29,12.12,12.24,11.45,12.09,12.09,0,yahoo
INDIAVIX,2017-03-30,12.09,12.45,11.75,12.15,12.15,0,yahoo
INDIAVIX,2017-03-31,12.15,12.51,11.49,12.42,12.42,0,yahoo
INDIAVIX,2017-04-03,12.42,12.76,11.41,11.49,11.49,0,yahoo
INDIAVIX,2017-04-05,11.49,11.89,10.89,11.55,11.55,0,yahoo
INDIAVIX,2017-04-06,11.55,11.77,11.03,11.29,11.29,0,yahoo
INDIAVIX,2017-04-07,11.29,11.81,10.31,11.69,11.69,0,yahoo
INDIAVIX,2017-04-10,11.69,11.92,11.24,11.62,11.62,0,yahoo
INDIAVIX,2017-04-11,11.62,11.83,10.24,11.4,11.4,0,yahoo
INDIAVIX,2017-04-12,11.4,12.07,10.79,11.63,11.63,0,yahoo
INDIAVIX,2017-04-13,11.63,11.78,10.59,11.58,11.58,0,yahoo
INDIAVIX,2017-04-17,11.58,12.21,10.69,11.89,11.89,0,yahoo
INDIAVIX,2017-04-18,11.89,12.59,10.76,12.38,12.38,0,yahoo
INDIAVIX,2017-04-19,12.38,12.52,10.75,12.22,12.22,0,yahoo
INDIAVIX,2017-04-20,12.22,12.22,10.86,11.56,11.56,0,yahoo
INDIAVIX,2017-04-21,11.56,11.74,10.56,11.42,11.42,0,yahoo
INDIAVIX,2017-04-24,11.42,11.86,10.97,11.63,11.63,0,yahoo
INDIAVIX,2017-04-25,11.63,11.63,10.97,11.16,11.16,0,yahoo
INDIAVIX,2017-04-26,11.16,11.87,9.92,11.74,11.74,0,yahoo
INDIAVIX,2017-04-27,11.74,11.74,10.36,11.07,11.07,0,yahoo
INDIAVIX,2017-04-28,11.07,11.07,10.53,10.86,10.86,0,yahoo
INDIAVIX,2017-05-02,10.86,11.81,10.35,11.45,11.45,0,yahoo
INDIAVIX,2017-05-03,11.45,11.66,9.95,11.53,11.53,0,yahoo
INDIAVIX,2017-05-04,11.53,11.78,10.61,11.33,11.33,0,yahoo
INDIAVIX,2017-05-05,11.33,12.16,10.45,11.99,11.99,0,yahoo
INDIAVIX,2017-05-08,11.99,11.99,10.61,11.67,11.67,0,yahoo
INDIAVIX,2017-05-09,11.67,11.67,10.54,11.11,11.11,0,yahoo
INDIAVIX,2017-05-10,11.11,11.11,9.96,10.95,10.95,0,yahoo
INDIAVIX,2017-05-11,10.95,11.26,9.9,10.84,10.84,0,yahoo
INDIAVIX,2017-05-12,10.84,10.84,9.47,10.63,10.63,0,yahoo
INDIAVIX,2017-05-15,10.63,11.14,8.84,10.68,10.68,0,yahoo
INDIAVIX,2017-05-16,10.68,11.02,9.07,10.56,10.56,0,yahoo
INDIAVIX,2017-05-17,10.56,10.81,9.24,10.64,10.64,0,yahoo
INDIAVIX,2017-05-18,10.64,12.75,9.82,11.79,11.79,0,yahoo
INDIAVIX,2017-05-19,11.79,11.9,10.4,11.3,11.3,0,yahoo
INDIAVIX,2017-05-22,11.3,11.85,10.2,11.2,11.2,0,yahoo
INDIAVIX,2017-05-23,11.2,12.77,9.87,12.2,12.2,0,yahoo
INDIAVIX,2017-05-24,12.2,12.79,10.45,11.83,11.83,0,yahoo
INDIAVIX,2017-05-25,11.83,11.92,10.19,10.45,10.45,0,yahoo
INDIAVIX,2017-05-26,10.45,11.19,9.89,10.86,10.86,0,yahoo
INDIAVIX,2017-05-29,10.86,11.88,10.26,11.79,11.79,0,yahoo
INDIAVIX,2017-05-30,11.79,12.27,10.86,11.77,11.77,0,yahoo
INDIAVIX,2017-05-31,11.77,12.25,11.02,11.76,11.76,0,yahoo
INDIAVIX,2017-06-01,11.76,11.91,10.61,11.31,11.31,0,yahoo
INDIAVIX,2017-06-02,11.31,11.31,10.31,10.81,10.81,0,yahoo
INDIAVIX,2017-06-05,10.81,11.14,10.05,11.02,11.02,0,yahoo
INDIAVIX,2017-06-06,11.02,11.32,9.49,11.13,11.13,0,yahoo
INDIAVIX,2017-06-07,11.13,11.19,10.22,10.89,10.89,0,yahoo
INDIAVIX,2017-06-08,10.89,11.13,9.53,11.07,11.07,0,yahoo
INDIAVIX,2017-06-09,11.07,11.23,10.28,10.86,10.86,0,yahoo
INDIAVIX,2017-06-12,10.86,11.5,10.35,11.42,11.42,0,yahoo
INDIAVIX,2017-06-13,11.42,11.46,9.9,11.34,11.34,0,yahoo
INDIAVIX,2017-06-14,11.34,11.53,10.44,11.18,11.18,0,yahoo
INDIAVIX,2017-06-15,11.18,11.43,9.89,11.33,11.33,0,yahoo
INDIAVIX,2017-06-16,11.33,11.33,9.71,10.92,10.92,0,yahoo
INDIAVIX,2017-06-19,10.92,10.92,9.74,10.63,10.63,0,yahoo
INDIAVIX,2017-06-20,10.63,10.87,9.82,10.66,10.66,0,yahoo
INDIAVIX,2017-06-21,10.66,11.06,9.78,10.92,10.92,0,yahoo
INDIAVIX,2017-06-22,10.92,11.42,10.07,11.21,11.21,0,yahoo
INDIAVIX,2017-06-23,11.21,11.78,8.76,11.56,11.56,0,yahoo
INDIAVIX,2017-06-27,11.56,12.87,10.93,12.51,12.51,0,yahoo
INDIAVIX,2017-06-28,12.51,12.76,11.09,11.99,11.99,0,yahoo
INDIAVIX,2017-06-29,11.99,11.99,10.6,11.38,11.38,0,yahoo
INDIAVIX,2017-06-30,11.38,12.1,11.08,11.73,11.73,0,yahoo
INDIAVIX,2017-07-03,11.73,11.75,10.46,11.2,11.2,0,yahoo
INDIAVIX,2017-07-04,11.2,11.65,10.42,11.28,11.28,0,yahoo
INDIAVIX,2017-07-05,11.28,11.42,10.45,11.15,11.15,0,yahoo
INDIAVIX,2017-07-06,11.15,11.18,10.29,10.98,10.98,0,yahoo
INDIAVIX,2017-07-07,10.98,11.13,9.62,10.87,10.87,0,yahoo
INDIAVIX,2017-07-10,10.87,11.09,9.57,10.91,10.91,0,yahoo
INDIAVIX,2017-07-11,10.91,11.08,9.9,10.89,10.89,0,yahoo
INDIAVIX,2017-07-12,10.89,11.3,9.67,11.05,11.05,0,yahoo
INDIAVIX,2017-07-13,11.05,11.4,9.86,11.25,11.25,0,yahoo
INDIAVIX,2017-07-14,11.25,11.48,10.07,11.17,11.17,0,yahoo
INDIAVIX,2017-07-17,11.17,11.57,10.48,11.46,11.46,0,yahoo
INDIAVIX,2017-07-18,11.46,11.79,10.29,11.49,11.49,0,yahoo
INDIAVIX,2017-07-19,11.49,11.69,9.08,11.26,11.26,0,yahoo
INDIAVIX,2017-07-20,11.26,11.57,10.37,11.32,11.32,0,yahoo
INDIAVIX,2017-07-21,11.32,11.72,9.01,11.09,11.09,0,yahoo
INDIAVIX,2017-07-24,11.09,11.8,10.36,11.31,11.31,0,yahoo
INDIAVIX,2017-07-25,11.31,11.51,10.24,10.91,10.91,0,yahoo
INDIAVIX,2017-07-26,10.91,11.78,10.91,11.17,11.17,0,yahoo
INDIAVIX,2017-07-27,11.17,11.92,10.81,11.22,11.22,0,yahoo
INDIAVIX,2017-07-28,11.22,12.02,10.98,11.14,11.14,0,yahoo
INDIAVIX,2017-07-31,11.14,12.03,11.14,11.9,11.9,0,yahoo
INDIAVIX,2017-08-01,11.9,12.39,11.59,11.91,11.91,0,yahoo
INDIAVIX,2017-08-02,11.91,12.17,10.92,11.94,11.94,0,yahoo
INDIAVIX,2017-08-03,11.94,12.23,11.21,11.64,11.64,0,yahoo
INDIAVIX,2017-08-04,11.64,11.75,10.75,11.39,11.39,0,yahoo
INDIAVIX,2017-08-07,11.39,12,10.64,11.9,11.9,0,yahoo
INDIAVIX,2017-08-08,11.9,13.05,10.49,12.77,12.77,0,yahoo
INDIAVIX,2017-08-09,12.77,13.68,10.52,13.45,13.45,0,yahoo
INDIAVIX,2017-08-10,13.45,14.17,12.23,13.8,13.8,0,yahoo
INDIAVIX,2017-08-11,13.8,15.54,11.67,15.2,15.2,0,yahoo
INDIAVIX,2017-08-14,15.2,15.2,11.86,14.38,14.38,0,yahoo
INDIAVIX,2017-08-16,14.38,14.7,12.62,14.24,14.24,0,yahoo
INDIAVIX,2017-08-17,14.24,14.62,10.79,14.34,14.34,0,yahoo
INDIAVIX,2017-08-18,14.34,14.89,11.17,14.57,14.57,0,yahoo
INDIAVIX,2017-08-21,14.57,14.97,13.15,14.82,14.82,0,yahoo
INDIAVIX,2017-08-22,14.82,14.82,11.16,14.11,14.11,0,yahoo
INDIAVIX,2017-08-23,14.11,14.11,12.26,13.18,13.18,0,yahoo
INDIAVIX,2017-08-24,13.18,13.2,11.94,12.57,12.57,0,yahoo
INDIAVIX,2017-08-28,12.57,13.68,11.37,12.64,12.64,0,yahoo
INDIAVIX,2017-08-29,12.64,13.85,12.28,13.54,13.54,0,yahoo
INDIAVIX,2017-08-30,13.54,14.13,11.75,12.89,12.89,0,yahoo
INDIAVIX,2017-08-31,12.89,13.7,11.79,11.95,11.95,0,yahoo
INDIAVIX,2017-09-01,11.95,12.16,10.53,11.68,11.68,0,yahoo
INDIAVIX,2017-09-04,11.68,13.96,11.49,13.17,13.17,0,yahoo
INDIAVIX,2017-09-05,13.17,13.44,12.48,12.89,12.89,0,yahoo
INDIAVIX,2017-09-06,12.89,13.5,12.04,13.12,13.12,0,yahoo
INDIAVIX,2017-09-07,13.12,13.13,11.18,13.01,13.01,0,yahoo
INDIAVIX,2017-09-08,13.01,13.1,11.77,12.96,12.96,0,yahoo
INDIAVIX,2017-09-11,12.96,12.96,11.55,12.36,12.36,0,yahoo
INDIAVIX,2017-09-12,12.36,12.36,11.52,11.76,11.76,0,yahoo
INDIAVIX,2017-09-13,11.76,11.87,10.68,11.76,11.76,0,yahoo
INDIAVIX,2017-09-14,11.76,11.88,10.36,11.47,11.47,0,yahoo
INDIAVIX,2017-09-15,11.47,12.02,10.02,11.68,11.68,0,yahoo
INDIAVIX,2017-09-18,11.68,11.68,10.84,11.44,11.44,0,yahoo
INDIAVIX,2017-09-19,11.44,11.64,10.4,11.47,11.47,0,yahoo
INDIAVIX,2017-09-20,11.47,11.88,10.12,11.63,11.63,0,yahoo
INDIAVIX,2017-09-21,11.63,12.18,9.26,11.63,11.63,0,yahoo
INDIAVIX,2017-09-22,11.63,12.99,11.01,12.81,12.81,0,yahoo
INDIAVIX,2017-09-25,12.81,13.84,11.51,13.34,13.34,0,yahoo
INDIAVIX,2017-09-26,13.34,13.63,12.63,12.93,12.93,0,yahoo
INDIAVIX,2017-09-27,12.93,14.17,11.77,13.86,13.86,0,yahoo
INDIAVIX,2017-09-28,13.86,13.97,12.82,13.17,13.17,0,yahoo
INDIAVIX,2017-09-29,13.17,13.17,11.91,12.49,12.49,0,yahoo
INDIAVIX,2017-10-03,12.49,12.87,11.44,12.46,12.46,0,yahoo
INDIAVIX,2017-10-04,12.46,12.58,11.58,11.8,11.8,0,yahoo
INDIAVIX,2017-10-05,11.8,11.9,10.59,11.71,11.71,0,yahoo
INDIAVIX,2017-10-06,11.71,11.71,10.75,11.12,11.12,0,yahoo
INDIAVIX,2017-10-09,11.12,11.57,10.41,11.39,11.39,0,yahoo
INDIAVIX,2017-10-10,11.39,11.45,10.75,11.11,11.11,0,yahoo
INDIAVIX,2017-10-11,11.11,12.18,10.19,11.73,11.73,0,yahoo
INDIAVIX,2017-10-12,11.73,11.73,10.46,11.04,11.04,0,yahoo
INDIAVIX,2017-10-13,11.04,11.35,10.09,11.26,11.26,0,yahoo
INDIAVIX,2017-10-16,11.26,11.58,10.03,11.31,11.31,0,yahoo
INDIAVIX,2017-10-17,11.31,11.73,10.11,11.61,11.61,0,yahoo
INDIAVIX,2017-10-18,11.61,11.75,10.13,11.54,11.54,0,yahoo
INDIAVIX,2017-10-19,11.54,12.81,10.83,12.4,12.4,0,yahoo
INDIAVIX,2017-10-23,12.4,12.94,10.88,12.33,12.33,0,yahoo
INDIAVIX,2017-10-24,12.33,12.47,11.36,11.59,11.59,0,yahoo
INDIAVIX,2017-10-25,11.59,12.49,11.19,11.76,11.76,0,yahoo
INDIAVIX,2017-10-26,11.76,12.65,11.29,11.62,11.62,0,yahoo
INDIAVIX,2017-10-27,11.62,12.15,11.19,11.48,11.48,0,yahoo
INDIAVIX,2017-10-30,11.48,12.26,11.48,12.11,12.11,0,yahoo
INDIAVIX,2017-10-31,12.11,12.53,11.53,12.44,12.44,0,yahoo
INDIAVIX,2017-11-01,12.44,12.44,11.79,12.14,12.14,0,yahoo
INDIAVIX,2017-11-02,12.14,12.37,11.41,12.01,12.01,0,yahoo
INDIAVIX,2017-11-03,12.01,12.3,11.07,11.91,11.91,0,yahoo
INDIAVIX,2017-11-06,11.91,13.26,11.37,13.02,13.02,0,yahoo
INDIAVIX,2017-11-07,13.02,13.68,11.68,13.24,13.24,0,yahoo
INDIAVIX,2017-11-08,13.24,13.86,11.24,13.61,13.61,0,yahoo
INDIAVIX,2017-11-09,13.61,13.72,11.08,13.27,13.27,0,yahoo
INDIAVIX,2017-11-10,13.27,13.82,11.17,13.48,13.48,0,yahoo
INDIAVIX,2017-11-13,13.48,14.38,11.17,14.05,14.05,0,yahoo
INDIAVIX,2017-11-14,14.05,14.74,12.46,14.17,14.17,0,yahoo
INDIAVIX,2017-11-15,14.17,14.58,11.58,14.27,14.27,0,yahoo
INDIAVIX,2017-11-16,14.27,14.27,11.07,13.46,13.46,0,yahoo
INDIAVIX,2017-11-17,13.46,13.86,11.63,13.71,13.71,0,yahoo
INDIAVIX,2017-11-20,13.71,15.61,11.12,13.43,13.43,0,yahoo
INDIAVIX,2017-11-21,13.43,13.93,11.01,13.72,13.72,0,yahoo
INDIAVIX,2017-11-22,13.72,14.34,12.19,14.04,14.04,0,yahoo
INDIAVIX,2017-11-23,14.04,14.46,12.82,13.87,13.87,0,yahoo
INDIAVIX,2017-11-24,13.87,13.99,12.49,13.51,13.51,0,yahoo
INDIAVIX,2017-11-27,13.51,13.9,11.53,13.03,13.03,0,yahoo
INDIAVIX,2017-11-28,13.03,13.36,12.04,13.15,13.15,0,yahoo
INDIAVIX,2017-11-29,13.15,13.29,12.26,13.06,13.06,0,yahoo
INDIAVIX,2017-11-30,13.06,13.91,11.97,13.55,13.55,0,yahoo
INDIAVIX,2017-12-01,13.55,15.02,12.62,14.8,14.8,0,yahoo
INDIAVIX,2017-12-04,14.8,15.26,14.14,14.86,14.86,0,yahoo
INDIAVIX,2017-12-05,14.86,15.34,13.55,15.01,15.01,0,yahoo
INDIAVIX,2017-12-06,15.01,15.26,13.55,15.09,15.09,0,yahoo
INDIAVIX,2017-12-07,15.09,15.09,13.92,14.27,14.27,0,yahoo
INDIAVIX,2017-12-08,14.27,14.27,12.91,13.67,13.67,0,yahoo
INDIAVIX,2017-12-11,13.67,14.49,12.16,14.15,14.15,0,yahoo
INDIAVIX,2017-12-12,14.15,15.37,12.16,15.26,15.26,0,yahoo
INDIAVIX,2017-12-13,15.26,16.31,12.7,15.95,15.95,0,yahoo
INDIAVIX,2017-12-14,15.95,17.39,12.8,16.41,16.41,0,yahoo
INDIAVIX,2017-12-15,16.41,16.41,13.4,14.94,14.94,0,yahoo
INDIAVIX,2017-12-18,14.94,18.26,12.82,13.12,13.12,0,yahoo
INDIAVIX,2017-12-19,13.12,13.12,12.08,12.19,12.19,0,yahoo
INDIAVIX,2017-12-20,12.19,12.42,11.2,12.19,12.19,0,yahoo
INDIAVIX,2017-12-21,12.19,12.24,10.16,12.09,12.09,0,yahoo
INDIAVIX,2017-12-22,12.09,12.13,10.73,11.59,11.59,0,yahoo
INDIAVIX,2017-12-26,11.59,12.26,10.32,12.05,12.05,0,yahoo
INDIAVIX,2017-12-27,12.05,12.74,11.51,12.49,12.49,0,yahoo
INDIAVIX,2017-12-28,12.49,12.69,11.33,12.3,12.3,0,yahoo
INDIAVIX,2017-12-29,12.3,12.76,11.48,12.67,12.67,0,yahoo
NASDAQ,2017-01-03,5425.6201,5452.5698,5397.9902,5429.0801,5429.0801,1887670000,yahoo
NASDAQ,2017-01-04,5440.9102,5482.3501,5440.2402,5477,5477,1885490000,yahoo
NASDAQ,2017-01-05,5474.3901,5495.8501,5464.3599,5487.9399,5487.9399,1799170000,yahoo
NASDAQ,2017-01-06,5499.0801,5536.52,5482.8101,5521.0601,5521.0601,1711870000,yahoo
NASDAQ,2017-01-09,5527.5801,5541.0801,5517.1401,5531.8198,5531.8198,1887740000,yahoo
NASDAQ,2017-01-10,5536.54,5564.25,5528.1099,5551.8198,5551.8198,1798610000,yahoo
NASDAQ,2017-01-11,5550.7202,5564.0801,5524.0298,5563.6499,5563.6499,1960830000,yahoo
NASDAQ,2017-01-12,5542.5601,5550.6699,5496.8198,5547.4902,5547.4902,1805840000,yahoo
NASDAQ,2017-01-13,5557.5698,5584.2598,5557.2002,5574.1201,5574.1201,1611260000,yahoo
NASDAQ,2017-01-17,5555.1602,5557.0498,5527.2202,5538.73,5538.73,1759440000,yahoo
NASDAQ,2017-01-18,5546.9399,5555.98,5534.77,5555.6499,5555.6499,1686260000,yahoo
NASDAQ,2017-01-19,5560.6099,5571.5298,5528.3701,5540.0801,5540.0801,1809900000,yahoo
NASDAQ,2017-01-20,5556.8701,5574.3501,5542.23,5555.3301,5555.3301,1750340000,yahoo
NASDAQ,2017-01-23,5546.6401,5564.1401,5522.6899,5552.9399,5552.9399,1652370000,yahoo
NASDAQ,2017-01-24,5568.27,5606.5298,5558.4902,5600.96,5600.96,1808560000,yahoo
NASDAQ,2017-01-25,5635.8599,5658.5898,5634.3301,5656.3398,5656.3398,1964040000,yahoo
NASDAQ,2017-01-26,5666.2798,5669.6099,5647.6499,5655.1802,5655.1802,1837020000,yahoo
NASDAQ,2017-01-27,5664.8799,5667.4502,5643.8999,5660.7798,5660.7798,1669190000,yahoo
NASDAQ,2017-01-30,5635.8599,5636.0898,5578.7598,5613.71,5613.71,1782380000,yahoo
NASDAQ,2017-01-31,5592.8701,5615.1499,5576.0898,5614.79,5614.79,2047460000,yahoo
NASDAQ,2017-02-01,5654.5098,5662.1099,5621.0298,5642.6499,5642.6499,2239570000,yahoo
NASDAQ,2017-02-02,5627.1499,5656.0098,5616.3999,5636.2002,5636.2002,2077010000,yahoo
NASDAQ,2017-02-03,5650.73,5666.8398,5647.5801,5666.77,5666.77,1792330000,yahoo
NASDAQ,2017-02-06,5656.9502,5668.2002,5650.2598,5663.5498,5663.5498,1736140000,yahoo
NASDAQ,2017-02-07,5674.8599,5689.6001,5664.8198,5674.2202,5674.2202,1922030000,yahoo
NASDAQ,2017-02-08,5662.9502,5686.96,5649.3901,5682.4502,5682.4502,1947100000,yahoo
NASDAQ,2017-02-09,5688.02,5722.71,5685.1499,5715.1802,5715.1802,1948120000,yahoo
NASDAQ,2017-02-10,5726.1699,5743.4302,5717.4199,5734.1299,5734.1299,1867270000,yahoo
NASDAQ,2017-02-13,5753.1899,5770.9902,5751.9199,5763.96,5763.96,1843480000,yahoo
NASDAQ,2017-02-14,5756.5098,5783.0898,5748.7402,5782.5698,5782.5698,1952370000,yahoo
NASDAQ,2017-02-15,5777.8999,5821.9502,5776.7002,5819.4399,5819.4399,2094140000,yahoo
NASDAQ,2017-02-16,5823.0098,5835.1499,5796.71,5814.8999,5814.8999,1945600000,yahoo
NASDAQ,2017-02-17,5807.3101,5838.5801,5800.7998,5838.5801,5838.5801,1879030000,yahoo
NASDAQ,2017-02-21,5850.2002,5867.8901,5847.5,5865.9502,5865.9502,1940110000,yahoo
NASDAQ,2017-02-22,5857.5601,5864.4199,5848.2798,5860.6299,5860.6299,1874710000,yahoo
NASDAQ,2017-02-23,5866.8198,5866.96,5809.5498,5835.5098,5835.5098,1881490000,yahoo
NASDAQ,2017-02-24,5802.3301,5845.3101,5800.5498,5845.3101,5845.3101,1684650000,yahoo
NASDAQ,2017-02-27,5835.04,5861.8999,5827,5861.8999,5861.8999,1882610000,yahoo
NASDAQ,2017-02-28,5852.79,5855.0698,5817.2202,5825.4399,5825.4399,2303390000,yahoo
NASDAQ,2017-03-01,5874.8599,5911.79,5865.79,5904.0298,5904.0298,2220350000,yahoo
NASDAQ,2017-03-02,5897.0098,5897.0098,5856.2998,5861.2202,5861.2202,2043610000,yahoo
NASDAQ,2017-03-03,5854.27,5870.75,5841.4702,5870.75,5870.75,1853600000,yahoo
NASDAQ,2017-03-06,5846.4199,5857.7402,5827.46,5849.1802,5849.1802,1774040000,yahoo
NASDAQ,2017-03-07,5836.1201,5859.77,5826.3198,5833.9302,5833.9302,1825510000,yahoo
NASDAQ,2017-03-08,5838.4399,5860.6299,5832.6299,5837.5498,5837.5498,1813080000,yahoo
NASDAQ,2017-03-09,5834.6699,5852.54,5812.0801,5838.8101,5838.8101,1886780000,yahoo
NASDAQ,2017-03-10,5867.1602,5872.6001,5835.4399,5861.73,5861.73,1999440000,yahoo
NASDAQ,2017-03-13,5863.48,5877.4302,5860.8301,5875.7798,5875.7798,1812460000,yahoo
NASDAQ,2017-03-14,5860.0698,5860.5,5831.8799,5856.8198,5856.8198,1664870000,yahoo
NASDAQ,2017-03-15,5869.98,5911.2002,5858.1602,5900.0498,5900.0498,1955400000,yahoo
NASDAQ,2017-03-16,5907.8599,5911.48,5887.2402,5900.7598,5900.7598,1770640000,yahoo
NASDAQ,2017-03-17,5898.5801,5912.6099,5890.4199,5901,5901,3189970000,yahoo
NASDAQ,2017-03-20,5898.8101,5915.1201,5888.1201,5901.5298,5901.5298,1736790000,yahoo
NASDAQ,2017-03-21,5923.4199,5928.0601,5790.73,5793.8301,5793.8301,2199920000,yahoo
NASDAQ,2017-03-22,5790.5898,5825.6699,5781.7998,5821.6401,5821.6401,1860290000,yahoo
NASDAQ,2017-03-23,5812.3101,5842.8198,5806.98,5817.6899,5817.6899,1746990000,yahoo
NASDAQ,2017-03-24,5839.3301,5858.9502,5807.8301,5828.7402,5828.7402,1855040000,yahoo
NASDAQ,2017-03-27,5776.3301,5849.2002,5769.3901,5840.3701,5840.3701,1673060000,yahoo
NASDAQ,2017-03-28,5836.5,5888.7002,5828.8599,5875.1401,5875.1401,1823600000,yahoo
NASDAQ,2017-03-29,5875.3501,5900.8701,5870.9302,5897.5498,5897.5498,1722190000,yahoo
NASDAQ,2017-03-30,5896.1499,5916.77,5894,5914.3398,5914.3398,1732100000,yahoo
NASDAQ,2017-03-31,5905.6299,5927.8101,5901.77,5911.7402,5911.7402,1905150000,yahoo
NASDAQ,2017-04-03,5917.3198,5928.9302,5867.73,5894.6802,5894.6802,1852990000,yahoo
NASDAQ,2017-04-04,5878.7598,5901.3901,5878.7598,5898.6099,5898.6099,1795260000,yahoo
NASDAQ,2017-04-05,5911.9199,5936.3901,5856.2598,5864.48,5864.48,2208600000,yahoo
NASDAQ,2017-04-06,5870.52,5889.5801,5856.2202,5878.9502,5878.9502,1849790000,yahoo
NASDAQ,2017-04-07,5873.9399,5892.0698,5855.5098,5877.8101,5877.8101,1703730000,yahoo
NASDAQ,2017-04-10,5883.4302,5907.8501,5865.5601,5880.9302,5880.9302,1633190000,yahoo
NASDAQ,2017-04-11,5871.1602,5878.9399,5819.29,5866.77,5866.77,1830760000,yahoo
NASDAQ,2017-04-12,5863.5898,5868.0898,5830.4399,5836.1602,5836.1602,1666570000,yahoo
NASDAQ,2017-04-13,5828.3701,5856.54,5805.1499,5805.1499,5805.1499,1587150000,yahoo
NASDAQ,2017-04-17,5821.5498,5856.79,5818.2002,5856.79,5856.79,1383550000,yahoo
NASDAQ,2017-04-18,5838.5898,5860.04,5828.5698,5849.4702,5849.4702,1610230000,yahoo
NASDAQ,2017-04-19,5874.4302,5894.6802,5856.3398,5863.0298,5863.0298,1754240000,yahoo
NASDAQ,2017-04-20,5887.8701,5926.23,5880.2002,5916.7798,5916.7798,1751490000,yahoo
NASDAQ,2017-04-21,5919.02,5919.23,5899.4302,5910.52,5910.52,1736420000,yahoo
NASDAQ,2017-04-24,5979.96,5989.9199,5970.25,5983.8198,5983.8198,1842880000,yahoo
NASDAQ,2017-04-25,6004.1602,6036.02,6002.6499,6025.4902,6025.4902,1898120000,yahoo
NASDAQ,2017-04-26,6028.1201,6040.8901,6021.7202,6025.23,6025.23,1899570000,yahoo
NASDAQ,2017-04-27,6038.4702,6050.7002,6031.5898,6048.9399,6048.9399,1883610000,yahoo
NASDAQ,2017-04-28,6072.8701,6074.04,6040.71,6047.6099,6047.6099,2005870000,yahoo
NASDAQ,2017-05-01,6067.5601,6100.73,6061.3501,6091.6001,6091.6001,1763100000,yahoo
NASDAQ,2017-05-02,6102.5098,6102.7202,6081.5601,6095.3701,6095.3701,2162610000,yahoo
NASDAQ,2017-05-03,6075.04,6076.96,6053.2798,6072.5498,6072.5498,2152850000,yahoo
NASDAQ,2017-05-04,6075.0601,6080.8198,6054.3301,6075.3398,6075.3398,2059820000,yahoo
NASDAQ,2017-05-05,6091.6899,6100.7598,6067.1602,6100.7598,6100.7598,1903040000,yahoo
NASDAQ,2017-05-08,6100.6602,6106.1201,6083.0601,6102.6602,6102.6602,1912030000,yahoo
NASDAQ,2017-05-09,6111.8198,6133,6107.5898,6120.5898,6120.5898,2005820000,yahoo
NASDAQ,2017-05-10,6121.6401,6131.6401,6103.8701,6129.1401,6129.1401,2111850000,yahoo
NASDAQ,2017-05-11,6110.0498,6120.2002,6075.6802,6115.96,6115.96,1952650000,yahoo
NASDAQ,2017-05-12,6119.27,6122.8398,6105.4199,6121.23,6121.23,1749010000,yahoo
NASDAQ,2017-05-15,6128.1099,6153.04,6124.79,6149.6699,6149.6699,1865450000,yahoo
NASDAQ,2017-05-16,6160.52,6170.1602,6139.1001,6169.8701,6169.8701,2006980000,yahoo
NASDAQ,2017-05-17,6108.6201,6122.8701,6009.48,6011.2402,6011.2402,2355460000,yahoo
NASDAQ,2017-05-18,5998.46,6073.4502,5996.8101,6055.1299,6055.1299,2134610000,yahoo
NASDAQ,2017-05-19,6070.23,6106.5498,6070.23,6083.7002,6083.7002,1908030000,yahoo
NASDAQ,2017-05-22,6098.25,6135.9199,6097.2402,6133.6201,6133.6201,1728190000,yahoo
NASDAQ,2017-05-23,6149.5498,6150.9102,6121.79,6138.71,6138.71,1709140000,yahoo
NASDAQ,2017-05-24,6154.1802,6166.0898,6139.3301,6163.02,6163.02,1672380000,yahoo
NASDAQ,2017-05-25,6183.02,6217.3398,6174.52,6205.2598,6205.2598,1775750000,yahoo
NASDAQ,2017-05-26,6207.04,6211.52,6196.6602,6210.1899,6210.1899,1573200000,yahoo
NASDAQ,2017-05-30,6204.1802,6217.1299,6200.4102,6203.1899,6203.1899,1690930000,yahoo
NASDAQ,2017-05-31,6221.6299,6221.9902,6164.0698,6198.52,6198.52,2212130000,yahoo
NASDAQ,2017-06-01,6215.9102,6247.0698,6200.4502,6246.8301,6246.8301,1946000000,yahoo
NASDAQ,2017-06-02,6261.5898,6308.7598,6253.77,6305.7998,6305.7998,1825450000,yahoo
NASDAQ,2017-06-05,6305.4702,6310.6201,6292.1499,6295.6802,6295.6802,1742160000,yahoo
NASDAQ,2017-06-06,6281.8799,6304.21,6269.8701,6275.0601,6275.0601,1893110000,yahoo
NASDAQ,2017-06-07,6290.4399,6302.7798,6267.1802,6297.3799,6297.3799,1827220000,yahoo
NASDAQ,2017-06-08,6311.73,6324.0601,6282.9302,6321.7598,6321.7598,2134350000,yahoo
NASDAQ,2017-06-09,6330.25,6341.7002,6137.6802,6207.9199,6207.9199,3154590000,yahoo
NASDAQ,2017-06-12,6153.5601,6183.8101,6110.6699,6175.46,6175.46,2588860000,yahoo
NASDAQ,2017-06-13,6206.1201,6226.4102,6180.04,6220.3701,6220.3701,2063930000,yahoo
NASDAQ,2017-06-14,6237.46,6237.5298,6153.5498,6194.8901,6194.8901,1949040000,yahoo
NASDAQ,2017-06-15,6127.0498,6170.1499,6107.8501,6165.5,6165.5,1870010000,yahoo
NASDAQ,2017-06-16,6154.2798,6161.5601,6125.5,6151.7598,6151.7598,3133000000,yahoo
NASDAQ,2017-06-19,6196.8501,6243.3101,6194,6239.0098,6239.0098,1989290000,yahoo
NASDAQ,2017-06-20,6229.6201,6234.0098,6186.9399,6188.0298,6188.0298,2580440000,yahoo
NASDAQ,2017-06-21,6202.75,6236.6602,6200.8599,6233.9502,6233.9502,2408800000,yahoo
NASDAQ,2017-06-22,6239.1499,6257.6802,6221.96,6236.6899,6236.6899,2177430000,yahoo
NASDAQ,2017-06-23,6234.3501,6269.3701,6218.7798,6265.25,6265.25,4164310000,yahoo
NASDAQ,2017-06-26,6292.73,6303.4502,6233.4302,6247.1499,6247.1499,2155460000,yahoo
NASDAQ,2017-06-27,6227.8999,6234.3198,6146.6201,6146.6201,6146.6201,2189250000,yahoo
NASDAQ,2017-06-28,6173.1001,6238.29,6144.7998,6234.4102,6234.4102,2077390000,yahoo
NASDAQ,2017-06-29,6215.4902,6216.6001,6087.8101,6144.3501,6144.3501,2410510000,yahoo
NASDAQ,2017-06-30,6166.8398,6170.6299,6129.04,6140.4199,6140.4199,2011720000,yahoo
NASDAQ,2017-07-03,6173.29,6177.3599,6106.1201,6110.0601,6110.0601,1091030000,yahoo
NASDAQ,2017-07-05,6122.0601,6163.6201,6100.4199,6150.8599,6150.8599,1874040000,yahoo
NASDAQ,2017-07-06,6109.6001,6127.98,6081.96,6089.46,6089.46,1993290000,yahoo
NASDAQ,2017-07-07,6111.21,6164.9399,6111.21,6153.0801,6153.0801,1712490000,yahoo
NASDAQ,2017-07-10,6156.0298,6191.27,6141.8301,6176.3901,6176.3901,1681270000,yahoo
NASDAQ,2017-07-11,6171.25,6200.5801,6149.8701,6193.2998,6193.2998,1812560000,yahoo
NASDAQ,2017-07-12,6238.8999,6265.6401,6236.8198,6261.1699,6261.1699,1827740000,yahoo
NASDAQ,2017-07-13,6269.1001,6281.4502,6251.2598,6274.4399,6274.4399,1806160000,yahoo
NASDAQ,2017-07-14,6289.0801,6321.7598,6278.7002,6312.4702,6312.4702,1615440000,yahoo
NASDAQ,2017-07-17,6320.3501,6330.9702,6307.3398,6314.4302,6314.4302,1563390000,yahoo
NASDAQ,2017-07-18,6304.8198,6344.5498,6291.0698,6344.3101,6344.3101,1773220000,yahoo
NASDAQ,2017-07-19,6363.2402,6387.73,6362.1899,6385.04,6385.04,1867470000,yahoo
NASDAQ,2017-07-20,6396.46,6398.2598,6365.6802,6390,6390,1850000000,yahoo
NASDAQ,2017-07-21,6383.0498,6388.7798,6365.1201,6387.75,6387.75,1807110000,yahoo
NASDAQ,2017-07-24,6387.8198,6417.7002,6380.6099,6410.8101,6410.8101,1748140000,yahoo
NASDAQ,2017-07-25,6407.5898,6425.4502,6396.8701,6412.1699,6412.1699,1930840000,yahoo
NASDAQ,2017-07-26,6425.9302,6432.3799,6416.2998,6422.75,6422.75,1996680000,yahoo
NASDAQ,2017-07-27,6459.7598,6460.8398,6318.6201,6382.1899,6382.1899,2501400000,yahoo
NASDAQ,2017-07-28,6350.27,6379.7002,6337.2202,6374.6802,6374.6802,1877100000,yahoo
NASDAQ,2017-07-31,6394.6899,6396.5898,6338.79,6348.1201,6348.1201,1898830000,yahoo
NASDAQ,2017-08-01,6372.1602,6375.75,6345.75,6362.9399,6362.9399,1821780000,yahoo
NASDAQ,2017-08-02,6393.1001,6394.21,6313.4302,6362.6499,6362.6499,2115870000,yahoo
NASDAQ,2017-08-03,6366.2402,6368.5298,6331.1401,6340.3398,6340.3398,2124100000,yahoo
NASDAQ,2017-08-04,6350.79,6361.4902,6329.73,6351.5601,6351.5601,1908930000,yahoo
NASDAQ,2017-08-07,6361.0601,6386.0298,6356.23,6383.77,6383.77,1704010000,yahoo
NASDAQ,2017-08-08,6373.3301,6423.3501,6355.8799,6370.46,6370.46,1931490000,yahoo
NASDAQ,2017-08-09,6322.9199,6355.04,6309.4399,6352.3301,6352.3301,2037810000,yahoo
NASDAQ,2017-08-10,6312.6499,6318.2798,6214.4102,6216.8701,6216.8701,2214990000,yahoo
NASDAQ,2017-08-11,6222.1802,6266.8901,6216.1899,6256.5601,6256.5601,1799780000,yahoo
NASDAQ,2017-08-14,6306.1099,6346.8301,6305.5498,6340.23,6340.23,1702570000,yahoo
NASDAQ,2017-08-15,6350.5098,6350.7402,6324.75,6333.0098,6333.0098,1582560000,yahoo
NASDAQ,2017-08-16,6348.1099,6374.5601,6330.27,6345.1099,6345.1099,1809070000,yahoo
NASDAQ,2017-08-17,6322.7202,6334.23,6221.9102,6221.9102,6221.9102,2052940000,yahoo
NASDAQ,2017-08-18,6222.46,6254.2202,6193.3799,6216.5298,6216.5298,1968470000,yahoo
NASDAQ,2017-08-21,6216.3198,6226.9302,6177.1899,6213.1299,6213.1299,1582990000,yahoo
NASDAQ,2017-08-22,6241.21,6302.8398,6241.21,6297.48,6297.48,1599760000,yahoo
NASDAQ,2017-08-23,6263.4702,6291.2998,6263.29,6278.4102,6278.4102,1535320000,yahoo
NASDAQ,2017-08-24,6294.8198,6302.8501,6244.5698,6271.3301,6271.3301,1618660000,yahoo
NASDAQ,2017-08-25,6293.8101,6308.7202,6257.1001,6265.6401,6265.6401,1445590000,yahoo
NASDAQ,2017-08-28,6286.0098,6292.2598,6267.8501,6283.02,6283.02,1565110000,yahoo
NASDAQ,2017-08-29,6228.8999,6311.2598,6228.73,6301.8901,6301.8901,1639810000,yahoo
NASDAQ,2017-08-30,6308.6802,6374.4702,6303.5698,6368.3101,6368.3101,1717060000,yahoo
NASDAQ,2017-08-31,6385.7998,6435.27,6383.5801,6428.6602,6428.6602,1889500000,yahoo
NASDAQ,2017-09-01,6442.1699,6449.6499,6417.8701,6435.3301,6435.3301,1489120000,yahoo
NASDAQ,2017-09-05,6414.8198,6426.5098,6334.5898,6375.5698,6375.5698,1889620000,yahoo
NASDAQ,2017-09-06,6394.3501,6407.3999,6356.2002,6393.3101,6393.3101,1902720000,yahoo
NASDAQ,2017-09-07,6402.9399,6413.0698,6379.8101,6397.8701,6397.8701,2000910000,yahoo
NASDAQ,2017-09-08,6389.6499,6391.4102,6354.96,6360.1899,6360.1899,1786070000,yahoo
NASDAQ,2017-09-11,6411.1802,6439.1099,6410.71,6432.2598,6432.2598,1819310000,yahoo
NASDAQ,2017-09-12,6448.8101,6455.0298,6429.54,6454.2798,6454.2798,1747620000,yahoo
NASDAQ,2017-09-13,6440.7202,6460.4199,6433.2002,6460.1899,6460.1899,1944630000,yahoo
NASDAQ,2017-09-14,6439.46,6455.3198,6424.04,6429.0801,6429.0801,1817840000,yahoo
NASDAQ,2017-09-15,6426.1602,6464.27,6419.6499,6448.4702,6448.4702,2827910000,yahoo
NASDAQ,2017-09-18,6460.1001,6477.77,6438.4102,6454.6401,6454.6401,1881900000,yahoo
NASDAQ,2017-09-19,6465.5698,6467.79,6446.75,6461.3198,6461.3198,1816080000,yahoo
NASDAQ,2017-09-20,6459.7402,6466.0498,6414.23,6456.04,6456.04,2083580000,yahoo
NASDAQ,2017-09-21,6448.5698,6448.5698,6405.2998,6422.6899,6422.6899,1779600000,yahoo
NASDAQ,2017-09-22,6401.4399,6429.54,6400.8101,6426.9199,6426.9199,1648690000,yahoo
NASDAQ,2017-09-25,6403.1099,6408.0498,6343.96,6370.5898,6370.5898,2061150000,yahoo
NASDAQ,2017-09-26,6391.8501,6405,6364.5698,6380.1602,6380.1602,1935990000,yahoo
NASDAQ,2017-09-27,6414.3701,6472.6499,6405.3599,6453.2598,6453.2598,2068400000,yahoo
NASDAQ,2017-09-28,6437.96,6456.23,6427.6602,6453.4502,6453.4502,1882790000,yahoo
NASDAQ,2017-09-29,6461.2798,6497.98,6454.8599,6495.96,6495.96,1970720000,yahoo
NASDAQ,2017-10-02,6506.0801,6527.2202,6484.1401,6516.7202,6516.7202,1984400000,yahoo
NASDAQ,2017-10-03,6523.7402,6532.1802,6509.71,6531.71,6531.71,1972760000,yahoo
NASDAQ,2017-10-04,6521.96,6546.46,6513.1201,6534.6299,6534.6299,1941470000,yahoo
NASDAQ,2017-10-05,6552.8701,6587.21,6547.6499,6585.3599,6585.3599,1888970000,yahoo
NASDAQ,2017-10-06,6566.9502,6590.1802,6566.8398,6590.1802,6590.1802,1752170000,yahoo
NASDAQ,2017-10-09,6597.3701,6599.3398,6572.4399,6579.73,6579.73,1494160000,yahoo
NASDAQ,2017-10-10,6602.4902,6608.2998,6561.7798,6587.25,6587.25,1802480000,yahoo
NASDAQ,2017-10-11,6586.73,6604.21,6577.9902,6603.5498,6603.5498,1837860000,yahoo
NASDAQ,2017-10-12,6594.7598,6613.5,6586.3198,6591.5098,6591.5098,2020330000,yahoo
NASDAQ,2017-10-13,6613.21,6616.5801,6602.2002,6605.7998,6605.7998,1761700000,yahoo
NASDAQ,2017-10-16,6622.5498,6632.5,6607.0298,6624,6624,1632240000,yahoo
NASDAQ,2017-10-17,6621.4199,6628.6001,6613.21,6623.6602,6623.6602,1653160000,yahoo
NASDAQ,2017-10-18,6634.2598,6635.52,6613.5498,6624.2202,6624.2202,1738060000,yahoo
NASDAQ,2017-10-19,6583.7002,6605.29,6558.5298,6605.0698,6605.0698,1847020000,yahoo
NASDAQ,2017-10-20,6633.3701,6640.0298,6622.9199,6629.0498,6629.0498,1812220000,yahoo
NASDAQ,2017-10-23,6641.5698,6641.5698,6581.1499,6586.8301,6586.8301,1813080000,yahoo
NASDAQ,2017-10-24,6598.6099,6611.8999,6582.0601,6598.4302,6598.4302,1852610000,yahoo
NASDAQ,2017-10-25,6587.2202,6600.6401,6517.9302,6563.8901,6563.8901,2205790000,yahoo
NASDAQ,2017-10-26,6567.5898,6582.7598,6550.0298,6556.77,6556.77,2125640000,yahoo
NASDAQ,2017-10-27,6635.0298,6708.1299,6625.7798,6701.2598,6701.2598,2414520000,yahoo
NASDAQ,2017-10-30,6693.77,6727.3901,6677.1499,6698.96,6698.96,2015920000,yahoo
NASDAQ,2017-10-31,6713.71,6737.75,6705.79,6727.6699,6727.6699,2054220000,yahoo
NASDAQ,2017-11-01,6758.6401,6759.6602,6691.48,6716.5298,6716.5298,2074230000,yahoo
NASDAQ,2017-11-02,6709.3901,6719.9702,6677.5498,6714.9399,6714.9399,2282300000,yahoo
NASDAQ,2017-11-03,6737.0898,6765.1401,6712.9302,6764.4399,6764.4399,2203880000,yahoo
NASDAQ,2017-11-06,6763.2998,6790.6699,6763.1699,6786.4399,6786.4399,2173120000,yahoo
NASDAQ,2017-11-07,6785.4399,6795.52,6750.3501,6767.7798,6767.7798,2209280000,yahoo
NASDAQ,2017-11-08,6764.8501,6791.6499,6753.3398,6789.1201,6789.1201,2121340000,yahoo
NASDAQ,2017-11-09,6737.4502,6758.9302,6687.2798,6750.0498,6750.0498,2243500000,yahoo
NASDAQ,2017-11-10,6736.3901,6757.3398,6727.3501,6750.9399,6750.9399,1979120000,yahoo
NASDAQ,2017-11-13,6727.3901,6766.2998,6723.4302,6757.6001,6757.6001,1976460000,yahoo
NASDAQ,2017-11-14,6733.8701,6743.6299,6709.27,6737.8701,6737.8701,1988230000,yahoo
NASDAQ,2017-11-15,6700.6802,6725.3198,6667.3101,6706.21,6706.21,1923730000,yahoo
NASDAQ,2017-11-16,6742.3398,6806.6699,6742.3398,6793.29,6793.29,2020380000,yahoo
NASDAQ,2017-11-17,6794.4502,6797.75,6777.4302,6782.79,6782.79,2009220000,yahoo
NASDAQ,2017-11-20,6789.2798,6795.8301,6779.4902,6790.71,6790.71,1811750000,yahoo
NASDAQ,2017-11-21,6820.5498,6862.6602,6820.02,6862.48,6862.48,1891960000,yahoo
NASDAQ,2017-11-22,6869.5298,6874.52,6859.2798,6867.3599,6867.3599,1589150000,yahoo
NASDAQ,2017-11-24,6878.1099,6890.02,6873.7402,6889.1602,6889.1602,872110000,yahoo
NASDAQ,2017-11-27,6889.9102,6897.4302,6867.8901,6878.52,6878.52,1781550000,yahoo
NASDAQ,2017-11-28,6893.7202,6914.1899,6866.21,6912.3599,6912.3599,2003840000,yahoo
NASDAQ,2017-11-29,6907.2798,6908.3301,6793.9502,6824.3901,6824.3901,2456990000,yahoo
NASDAQ,2017-11-30,6852.7998,6888.6499,6838.48,6873.9702,6873.9702,2468530000,yahoo
NASDAQ,2017-12-01,6844.04,6872.1699,6737.1602,6847.5898,6847.5898,2302140000,yahoo
NASDAQ,2017-12-04,6897.1299,6899.23,6770.6899,6775.3701,6775.3701,2427170000,yahoo
NASDAQ,2017-12-05,6759.1401,6836.4502,6752.3198,6762.21,6762.21,2085760000,yahoo
NASDAQ,2017-12-06,6742.0698,6787.4199,6734.1299,6776.3799,6776.3799,1901770000,yahoo
NASDAQ,2017-12-07,6785.7402,6829.29,6778.2002,6812.8398,6812.8398,1953740000,yahoo
NASDAQ,2017-12-08,6859.9502,6870.48,6831.6099,6840.0801,6840.0801,1825640000,yahoo
NASDAQ,2017-12-11,6847.6401,6879.7998,6844.8799,6875.0801,6875.0801,1836780000,yahoo
NASDAQ,2017-12-12,6872.71,6884.7998,6856.2998,6862.3198,6862.3198,1872810000,yahoo
NASDAQ,2017-12-13,6880.4102,6897.6201,6871.8701,6875.7998,6875.7998,1931090000,yahoo
NASDAQ,2017-12-14,6887.3799,6901.1299,6851.6299,6856.5298,6856.5298,1990090000,yahoo
NASDAQ,2017-12-15,6871.5498,6945.8198,6871.4502,6936.5801,6936.5801,3529590000,yahoo
NASDAQ,2017-12-18,6980.3999,7003.8901,6975.54,6994.7598,6994.7598,2150580000,yahoo
NASDAQ,2017-12-19,6991.25,6995.8799,6951.4902,6963.8501,6963.8501,2084190000,yahoo
NASDAQ,2017-12-20,6991.25,6991.25,6935.4199,6960.96,6960.96,1888140000,yahoo
NASDAQ,2017-12-21,6972.8799,6992.6299,6961.21,6965.3599,6965.3599,1827410000,yahoo
NASDAQ,2017-12-22,6958.02,6962.2598,6944.4502,6959.96,6959.96,1541880000,yahoo
NASDAQ,2017-12-26,6928.9199,6942.1401,6915.5601,6936.25,6936.25,1301000000,yahoo
NASDAQ,2017-12-27,6941.4502,6955.3799,6931.3398,6939.3398,6939.3398,1411010000,yahoo
NASDAQ,2017-12-28,6953.3799,6954.7998,6936.75,6950.1602,6950.1602,1319870000,yahoo
NASDAQ,2017-12-29,6952.6099,6954.98,6903.3901,6903.3901,6903.3901,1575290000,yahoo
NIFTY50,2017-01-02,8210.0996,8212,8133.7998,8179.5,8179.5,118300,yahoo
NIFTY50,2017-01-03,8196.0498,8219.0996,8148.6001,8192.25,8192.25,127300,yahoo
NIFTY50,2017-01-04,8202.6504,8218.5,8180.8999,8190.5,8190.5,132400,yahoo
NIFTY50,2017-01-05,8226.6504,8282.6504,8223.7002,8273.7998,8273.7998,159100,yahoo
NIFTY50,2017-01-06,8281.8496,8306.8496,8233.25,8243.7998,8243.7998,139400,yahoo
NIFTY50,2017-01-09,8259.3496,8263,8227.75,8236.0498,8236.0498,99100,yahoo
NIFTY50,2017-01-10,8262.7002,8293.7998,8261,8288.5996,8288.5996,142900,yahoo
NIFTY50,2017-01-11,8327.7998,8389,8322.25,8380.6504,8380.6504,186500,yahoo
NIFTY50,2017-01-12,8391.0498,8417.2002,8382.2998,8407.2002,8407.2002,172600,yahoo
NIFTY50,2017-01-13,8457.6504,8461.0498,8373.1504,8400.3496,8400.3496,185300,yahoo
NIFTY50,2017-01-16,8390.9502,8426.7002,8374.4004,8412.7998,8412.7998,124100,yahoo
NIFTY50,2017-01-17,8415.0498,8440.9004,8378.2998,8398,8398,122000,yahoo
NIFTY50,2017-01-18,8403.8496,8460.2998,8397.4004,8417,8417,163800,yahoo
NIFTY50,2017-01-19,8418.4004,8445.1504,8404.0498,8435.0996,8435.0996,165900,yahoo
NIFTY50,2017-01-20,8404.3496,8423.6504,8340.9502,8349.3496,8349.3496,202600,yahoo
NIFTY50,2017-01-23,8329.5996,8404.1504,8327.2002,8391.5,8391.5,195000,yahoo
NIFTY50,2017-01-24,8407.0498,8480.9502,8398.1504,8475.7998,8475.7998,179200,yahoo
NIFTY50,2017-01-25,8499.4502,8612.5996,8493.9502,8602.75,8602.75,292500,yahoo
NIFTY50,2017-01-27,8610.5,8672.7002,8606.9004,8641.25,8641.25,275400,yahoo
NIFTY50,2017-01-30,8635.5498,8662.5996,8617.75,8632.75,8632.75,304700,yahoo
NIFTY50,2017-01-31,8629.4502,8631.75,8552.4004,8561.2998,8561.2998,521000,yahoo
NIFTY50,2017-02-01,8570.3496,8722.4004,8537.5,8716.4004,8716.4004,327700,yahoo
NIFTY50,2017-02-02,8724.75,8757.5996,8685.7998,8734.25,8734.25,283500,yahoo
NIFTY50,2017-02-03,8735.1504,8748.25,8707.75,8740.9502,8740.9502,191000,yahoo
NIFTY50,2017-02-06,8785.4502,8814.0996,8770.2002,8801.0498,8801.0498,194400,yahoo
NIFTY50,2017-02-07,8805.7002,8809.2998,8741.0498,8768.2998,8768.2998,226300,yahoo
NIFTY50,2017-02-08,8774.5498,8791.25,8715,8769.0498,8769.0498,218700,yahoo
NIFTY50,2017-02-09,8795.5498,8821.4004,8724.0996,8778.4004,8778.4004,187500,yahoo
NIFTY50,2017-02-10,8812.3496,8822.0996,8771.2002,8793.5498,8793.5498,225900,yahoo
NIFTY50,2017-02-13,8819.7998,8826.9004,8754.2002,8805.0498,8805.0498,204900,yahoo
NIFTY50,2017-02-14,8819.9004,8820.4502,8772.5,8792.2998,8792.2998,188300,yahoo
NIFTY50,2017-02-15,8778.9502,8807.9004,8712.8496,8724.7002,8724.7002,216100,yahoo
NIFTY50,2017-02-16,8739,8783.9502,8719.5996,8778,8778,184600,yahoo
NIFTY50,2017-02-17,8883.7002,8896.4502,8804.25,8821.7002,8821.7002,298300,yahoo
NIFTY50,2017-02-20,8818.5498,8886.25,8809.7998,8879.2002,8879.2002,167800,yahoo
NIFTY50,2017-02-21,8890.75,8920.7998,8860.9502,8907.8496,8907.8496,175700,yahoo
NIFTY50,2017-02-22,8931.5996,8960.75,8905.25,8926.9004,8926.9004,247100,yahoo
NIFTY50,2017-02-23,8956.4004,8982.1504,8927.5498,8939.5,8939.5,377200,yahoo
NIFTY50,2017-02-27,8943.7002,8951.7998,8888.6504,8896.7002,8896.7002,189900,yahoo
NIFTY50,2017-02-28,8898.9502,8914.75,8867.5996,8879.5996,8879.5996,293600,yahoo
NIFTY50,2017-03-01,8904.4004,8960.7998,8898.5996,8945.7998,8945.7998,205900,yahoo
NIFTY50,2017-03-02,8982.8496,8992.5,8879.7998,8899.75,8899.75,218800,yahoo
NIFTY50,2017-03-03,8883.5,8907.0996,8860.0996,8897.5498,8897.5498,202600,yahoo
NIFTY50,2017-03-06,8915.0996,8967.7998,8914,8963.4502,8963.4502,174800,yahoo
NIFTY50,2017-03-07,8977.75,8977.8496,8932.7998,8946.9004,8946.9004,173400,yahoo
NIFTY50,2017-03-08,8950.7002,8957.0498,8891.9502,8924.2998,8924.2998,177800,yahoo
NIFTY50,2017-03-09,8914.5,8945.7998,8899.5,8927,8927,171500,yahoo
NIFTY50,2017-03-10,8953.7002,8975.7002,8903.9502,8934.5498,8934.5498,152700,yahoo
NIFTY50,2017-03-14,9091.6504,9122.75,9060.5,9087,9087,270300,yahoo
NIFTY50,2017-03-15,9086.8496,9106.5498,9075.5,9084.7998,9084.7998,240600,yahoo
NIFTY50,2017-03-16,9129.6504,9158.4502,9128.5498,9153.7002,9153.7002,208600,yahoo
NIFTY50,2017-03-17,9207.7998,9218.4004,9147.5996,9160.0498,9160.0498,286700,yahoo
NIFTY50,2017-03-20,9166.9502,9167.5996,9116.2998,9126.8496,9126.8496,332100,yahoo
NIFTY50,2017-03-21,9133.9502,9147.75,9087.2002,9121.5,9121.5,247700,yahoo
NIFTY50,2017-03-22,9047.2002,9072.9004,9019.2998,9030.4502,9030.4502,232300,yahoo
NIFTY50,2017-03-23,9048.75,9099.0498,9048.5996,9086.2998,9086.2998,191800,yahoo
NIFTY50,2017-03-24,9104,9133.5498,9089.4004,9108,9108,203700,yahoo
NIFTY50,2017-03-27,9093.4502,9094.8496,9024.6504,9045.2002,9045.2002,202700,yahoo
NIFTY50,2017-03-28,9081.5,9110.4004,9079.7998,9100.7998,9100.7998,183300,yahoo
NIFTY50,2017-03-29,9128.7002,9153.1504,9109.0996,9143.7998,9143.7998,243400,yahoo
NIFTY50,2017-03-30,9142.5996,9183.1504,9136.3496,9173.75,9173.75,323400,yahoo
NIFTY50,2017-03-31,9158.9004,9191.7002,9152.0996,9173.75,9173.75,190900,yahoo
NIFTY50,2017-04-03,9220.5996,9245.3496,9192.4004,9237.8496,9237.8496,139100,yahoo
NIFTY50,2017-04-05,9264.4004,9273.9004,9215.4004,9265.1504,9265.1504,184800,yahoo
NIFTY50,2017-04-06,9245.7998,9267.9502,9218.8496,9261.9502,9261.9502,186100,yahoo
NIFTY50,2017-04-07,9223.7002,9250.5,9188.0996,9198.2998,9198.2998,190000,yahoo
NIFTY50,2017-04-10,9225.5996,9225.6504,9174.8496,9181.4502,9181.4502,135800,yahoo
NIFTY50,2017-04-11,9184.5498,9242.7002,9172.8496,9237,9237,200100,yahoo
NIFTY50,2017-04-12,9242.5,9246.4004,9161.7998,9203.4502,9203.4502,161800,yahoo
NIFTY50,2017-04-13,9202.5,9202.6504,9144.9502,9150.7998,9150.7998,166500,yahoo
NIFTY50,2017-04-17,9144.75,9160,9120.25,9139.2998,9139.2998,0,yahoo
NIFTY50,2017-04-18,9163,9217.9004,9095.4502,9105.1504,9105.1504,174200,yahoo
NIFTY50,2017-04-19,9112.2002,9120.5,9075.1504,9103.5,9103.5,173700,yahoo
NIFTY50,2017-04-20,9108.0996,9143.9004,9102.6504,9136.4004,9136.4004,170300,yahoo
NIFTY50,2017-04-21,9179.0996,9183.6504,9088.75,9119.4004,9119.4004,155200,yahoo
NIFTY50,2017-04-24,9135.3496,9225.4004,9130.5498,9217.9502,9217.9502,167700,yahoo
NIFTY50,2017-04-25,9273.0498,9309.2002,9250.3496,9306.5996,9306.5996,168700,yahoo
NIFTY50,2017-04-26,9336.2002,9367,9301.3496,9351.8496,9351.8496,185700,yahoo
NIFTY50,2017-04-27,9359.1504,9367.1504,9322.6504,9342.1504,9342.1504,209400,yahoo
NIFTY50,2017-04-28,9340.9502,9342.6504,9282.25,9304.0498,9304.0498,162200,yahoo
NIFTY50,2017-05-02,9339.8496,9352.5498,9269.9004,9313.7998,9313.7998,161600,yahoo
NIFTY50,2017-05-03,9344.7002,9346.2998,9298.4004,9311.9502,9311.9502,151600,yahoo
NIFTY50,2017-05-04,9360.9502,9365.6504,9323.25,9359.9004,9359.9004,269600,yahoo
NIFTY50,2017-05-05,9374.5498,9377.0996,9272,9285.2998,9285.2998,231900,yahoo
NIFTY50,2017-05-08,9311.4502,9338.7002,9297.9502,9314.0498,9314.0498,174300,yahoo
NIFTY50,2017-05-09,9337.3496,9338.9502,9307.7002,9316.8496,9316.8496,132300,yahoo
NIFTY50,2017-05-10,9339.6504,9414.75,9336,9407.2998,9407.2998,152700,yahoo
NIFTY50,2017-05-11,9448.5996,9450.6504,9411.2998,9422.4004,9422.4004,171100,yahoo
NIFTY50,2017-05-12,9436.6504,9437.75,9372.5498,9400.9004,9400.9004,154300,yahoo
NIFTY50,2017-05-15,9433.5498,9449.25,9423.0996,9445.4004,9445.4004,140800,yahoo
NIFTY50,2017-05-16,9461,9517.2002,9456.3496,9512.25,9512.25,166500,yahoo
NIFTY50,2017-05-17,9517.5996,9532.5996,9486.0996,9525.75,9525.75,205500,yahoo
NIFTY50,2017-05-18,9453.2002,9489.0996,9418.0996,9429.4502,9429.4502,193300,yahoo
NIFTY50,2017-05-19,9469.9004,9505.75,9390.75,9427.9004,9427.9004,252100,yahoo
NIFTY50,2017-05-22,9480.25,9498.6504,9427.9004,9438.25,9438.25,196800,yahoo
NIFTY50,2017-05-23,9445.0498,9448.0498,9370,9386.1504,9386.1504,224400,yahoo
NIFTY50,2017-05-24,9410.9004,9431.9004,9341.6504,9360.5498,9360.5498,211800,yahoo
NIFTY50,2017-05-25,9384.0498,9523.2998,9379.2002,9509.75,9509.75,289200,yahoo
NIFTY50,2017-05-26,9507.75,9604.9004,9495.4004,9595.0996,9595.0996,218800,yahoo
NIFTY50,2017-05-29,9560.0498,9637.75,9547.7002,9604.9004,9604.9004,235000,yahoo
NIFTY50,2017-05-30,9590.6504,9635.2998,9581.2002,9624.5498,9624.5498,193900,yahoo
NIFTY50,2017-05-31,9636.5498,9649.5996,9609.25,9621.25,9621.25,414300,yahoo
NIFTY50,2017-06-01,9603.5498,9634.6504,9589.9004,9616.0996,9616.0996,176100,yahoo
NIFTY50,2017-06-02,9657.1504,9673.5,9637.4502,9653.5,9653.5,162200,yahoo
NIFTY50,2017-06-05,9656.2998,9687.2002,9640.7002,9675.0996,9675.0996,127700,yahoo
NIFTY50,2017-06-06,9704.25,9709.2998,9630.2002,9637.1504,9637.1504,145900,yahoo
NIFTY50,2017-06-07,9663.9502,9678.5498,9630.5498,9663.9004,9663.9004,160700,yahoo
NIFTY50,2017-06-08,9682.4004,9688.7002,9641.5,9647.25,9647.25,155400,yahoo
NIFTY50,2017-06-09,9638.5498,9676.25,9608.1504,9668.25,9668.25,159000,yahoo
NIFTY50,2017-06-12,9646.7002,9647.0498,9598.5,9616.4004,9616.4004,141400,yahoo
NIFTY50,2017-06-13,9615.5498,9654.1504,9595.4004,9606.9004,9606.9004,129700,yahoo
NIFTY50,2017-06-14,9621.5498,9627.4004,9580.4502,9618.1504,9618.1504,181800,yahoo
NIFTY50,2017-06-15,9617.9004,9621.4004,9560.7998,9578.0498,9578.0498,171100,yahoo
NIFTY50,2017-06-16,9595.4502,9615.8496,9565.5,9588.0498,9588.0498,213200,yahoo
NIFTY50,2017-06-19,9626.4004,9673.2998,9614.9004,9657.5498,9657.5498,141700,yahoo
NIFTY50,2017-06-20,9670.5,9676.5,9643.75,9653.5,9653.5,159500,yahoo
NIFTY50,2017-06-21,9648.0996,9650.4502,9608.5996,9633.5996,9633.5996,144000,yahoo
NIFTY50,2017-06-22,9642.6504,9698.8496,9617.75,9630,9630,198800,yahoo
NIFTY50,2017-06-23,9643.25,9647.6504,9565.2998,9574.9502,9574.9502,175200,yahoo
NIFTY50,2017-06-27,9594.0498,9615.4004,9473.4502,9511.4004,9511.4004,203300,yahoo
NIFTY50,2017-06-28,9520.2002,9522.5,9474.3496,9491.25,9491.25,172400,yahoo
NIFTY50,2017-06-29,9522.9502,9575.7998,9493.7998,9504.0996,9504.0996,259300,yahoo
NIFTY50,2017-06-30,9478.5,9535.7998,9448.75,9520.9004,9520.9004,179600,yahoo
NIFTY50,2017-07-03,9587.9502,9624,9543.5498,9615,9615,183000,yahoo
NIFTY50,2017-07-04,9645.9004,9650.6504,9595.5,9613.2998,9613.2998,144800,yahoo
NIFTY50,2017-07-05,9619.75,9643.6504,9607.3496,9637.5996,9637.5996,130800,yahoo
NIFTY50,2017-07-06,9653.5996,9700.7002,9639.9502,9674.5498,9674.5498,147400,yahoo
NIFTY50,2017-07-07,9670.3496,9684.25,9642.6504,9665.7998,9665.7998,141800,yahoo
NIFTY50,2017-07-10,9719.2998,9782.1504,9646.4502,9771.0498,9771.0498,37500,yahoo
NIFTY50,2017-07-11,9797.4502,9830.0498,9778.8496,9786.0498,9786.0498,179700,yahoo
NIFTY50,2017-07-12,9807.2998,9824.9502,9787.7002,9816.0996,9816.0996,145500,yahoo
NIFTY50,2017-07-13,9855.7998,9897.25,9853.4502,9891.7002,9891.7002,181300,yahoo
NIFTY50,2017-07-14,9913.2998,9913.2998,9845.4502,9886.3496,9886.3496,159600,yahoo
NIFTY50,2017-07-17,9908.1504,9928.2002,9894.7002,9915.9502,9915.9502,163500,yahoo
NIFTY50,2017-07-18,9832.7002,9885.3496,9792.0498,9827.1504,9827.1504,293900,yahoo
NIFTY50,2017-07-19,9855.9502,9905.0498,9851.6504,9899.5996,9899.5996,200200,yahoo
NIFTY50,2017-07-20,9920.2002,9922.5498,9863.4502,9873.2998,9873.2998,161100,yahoo
NIFTY50,2017-07-21,9899.5996,9924.7002,9838,9915.25,9915.25,187500,yahoo
NIFTY50,2017-07-24,9936.7998,9982.0498,9919.5996,9966.4004,9966.4004,174500,yahoo
NIFTY50,2017-07-25,10010.5498,10011.2998,9949.0996,9964.5498,9964.5498,185500,yahoo
NIFTY50,2017-07-26,9983.6504,10025.9502,9965.9502,10020.6504,10020.6504,197600,yahoo
NIFTY50,2017-07-27,10063.25,10114.8496,10005.5,10020.5498,10020.5498,287900,yahoo
NIFTY50,2017-07-28,9996.5498,10026.0498,9944.5,10014.5,10014.5,191600,yahoo
NIFTY50,2017-07-31,10034.7002,10085.9004,10016.9502,10077.0996,10077.0996,237700,yahoo
NIFTY50,2017-08-01,10101.0498,10128.5996,10065.75,10114.6504,10114.6504,184300,yahoo
NIFTY50,2017-08-02,10136.2998,10137.8496,10054.2002,10081.5,10081.5,161500,yahoo
NIFTY50,2017-08-03,10081.1504,10081.1504,9998.25,10013.6504,10013.6504,192700,yahoo
NIFTY50,2017-08-04,10008.5996,10075.25,9988.3496,10066.4004,10066.4004,178600,yahoo
NIFTY50,2017-08-07,10074.7998,10088.0996,10046.3496,10057.4004,10057.4004,137400,yahoo
NIFTY50,2017-08-08,10068.3496,10083.7998,9947,9978.5498,9978.5498,203300,yahoo
NIFTY50,2017-08-09,9961.1504,9969.7998,9893.0498,9908.0498,9908.0498,169200,yahoo
NIFTY50,2017-08-10,9872.8496,9892.6504,9776.2002,9820.25,9820.25,235500,yahoo
NIFTY50,2017-08-11,9712.1504,9771.6504,9685.5498,9710.7998,9710.7998,285900,yahoo
NIFTY50,2017-08-14,9755.75,9818.2998,9752.0996,9794.1504,9794.1504,195600,yahoo
NIFTY50,2017-08-16,9825.8496,9903.9502,9773.8496,9897.2998,9897.2998,219500,yahoo
NIFTY50,2017-08-17,9945.5498,9947.7998,9883.75,9904.1504,9904.1504,197600,yahoo
NIFTY50,2017-08-18,9865.9502,9865.9502,9783.6504,9837.4004,9837.4004,246300,yahoo
NIFTY50,2017-08-21,9864.25,9884.3496,9740.0996,9754.3496,9754.3496,205300,yahoo
NIFTY50,2017-08-22,9815.75,9828.4502,9752.5996,9765.5498,9765.5498,183600,yahoo
NIFTY50,2017-08-23,9803.0498,9857.9004,9786.75,9852.5,9852.5,168600,yahoo
NIFTY50,2017-08-24,9881.2002,9881.5,9848.8496,9857.0498,9857.0498,184700,yahoo
NIFTY50,2017-08-28,9907.1504,9925.75,9882,9912.7998,9912.7998,159600,yahoo
NIFTY50,2017-08-29,9886.4004,9887.3496,9783.75,9796.0498,9796.0498,173300,yahoo
NIFTY50,2017-08-30,9859.5,9909.4502,9850.7998,9884.4004,9884.4004,157800,yahoo
NIFTY50,2017-08-31,9905.7002,9925.0996,9856.9502,9917.9004,9917.9004,327700,yahoo
NIFTY50,2017-09-01,9937.6504,9983.4502,9909.8496,9974.4004,9974.4004,157800,yahoo
NIFTY50,2017-09-04,9984.1504,9988.4004,9861,9912.8496,9912.8496,148800,yahoo
NIFTY50,2017-09-05,9933.25,9963.0996,9901.0498,9952.2002,9952.2002,139200,yahoo
NIFTY50,2017-09-06,9899.25,9931.5498,9882.5498,9916.2002,9916.2002,149200,yahoo
NIFTY50,2017-09-07,9945.8496,9964.8496,9917.2002,9929.9004,9929.9004,188800,yahoo
NIFTY50,2017-09-08,9958.6504,9963.5996,9913.2998,9934.7998,9934.7998,163600,yahoo
NIFTY50,2017-09-11,9971.75,10028.6504,9968.7998,10006.0498,10006.0498,173000,yahoo
NIFTY50,2017-09-12,10056.8496,10097.5498,10028.0498,10093.0498,10093.0498,182600,yahoo
NIFTY50,2017-09-13,10099.25,10131.9502,10063.1504,10079.2998,10079.2998,215000,yahoo
NIFTY50,2017-09-14,10107.4004,10126.5,10070.3496,10086.5996,10086.5996,225600,yahoo
NIFTY50,2017-09-15,10062.3496,10115.1504,10043.6504,10085.4004,10085.4004,266600,yahoo
NIFTY50,2017-09-18,10133.0996,10171.7002,10131.2998,10153.0996,10153.0996,156100,yahoo
NIFTY50,2017-09-19,10175.5996,10178.9502,10129.9502,10147.5498,10147.5498,187500,yahoo
NIFTY50,2017-09-20,10160.9502,10171.0498,10134.2002,10141.1504,10141.1504,199400,yahoo
NIFTY50,2017-09-21,10139.5996,10158.9004,10058.5996,10121.9004,10121.9004,191800,yahoo
NIFTY50,2017-09-22,10094.3496,10095.0498,9952.7998,9964.4004,9964.4004,226600,yahoo
NIFTY50,2017-09-25,9960.0996,9960.5,9816.0498,9872.5996,9872.5996,221400,yahoo
NIFTY50,2017-09-26,9875.25,9891.3496,9813,9871.5,9871.5,190900,yahoo
NIFTY50,2017-09-27,9920.5996,9921.0498,9714.4004,9735.75,9735.75,200100,yahoo
NIFTY50,2017-09-28,9736.4004,9789.2002,9687.5498,9768.9502,9768.9502,385000,yahoo
NIFTY50,2017-09-29,9814.2998,9854,9775.3496,9788.5996,9788.5996,196300,yahoo
NIFTY50,2017-10-03,9893.2998,9895.4004,9831.0498,9859.5,9859.5,162800,yahoo
NIFTY50,2017-10-04,9884.3496,9938.2998,9850.6504,9914.9004,9914.9004,156200,yahoo
NIFTY50,2017-10-05,9927,9945.9502,9881.8496,9888.7002,9888.7002,147800,yahoo
NIFTY50,2017-10-06,9908.1504,9989.3496,9906.5996,9979.7002,9979.7002,195800,yahoo
NIFTY50,2017-10-09,9988.2002,10015.75,9959.4502,9988.75,9988.75,143900,yahoo
NIFTY50,2017-10-10,10013.7002,10034,10002.2998,10016.9502,10016.9502,148600,yahoo
NIFTY50,2017-10-11,10042.5996,10067.25,9955.7998,9984.7998,9984.7998,189700,yahoo
NIFTY50,2017-10-12,10011.2002,10104.4502,9977.0996,10096.4004,10096.4004,200900,yahoo
NIFTY50,2017-10-13,10123.7002,10191.9004,10120.0996,10167.4502,10167.4502,230100,yahoo
NIFTY50,2017-10-16,10207.4004,10242.9502,10175.0996,10230.8496,10230.8496,203000,yahoo
NIFTY50,2017-10-17,10227.6504,10251.8496,10212.5996,10234.4502,10234.4502,195700,yahoo
NIFTY50,2017-10-18,10209.4004,10236.4502,10175.75,10210.8496,10210.8496,254200,yahoo
NIFTY50,2017-10-19,10210.3496,10211.9502,10123.3496,10146.5498,10146.5498,30200,yahoo
NIFTY50,2017-10-23,10176.6504,10224.1504,10124.5,10184.8496,10184.8496,218100,yahoo
NIFTY50,2017-10-24,10218.5498,10237.75,10182.4004,10207.7002,10207.7002,217200,yahoo
NIFTY50,2017-10-25,10321.1504,10340.5498,10240.9004,10295.3496,10295.3496,594200,yahoo
NIFTY50,2017-10-26,10291.7998,10355.6504,10271.8496,10343.7998,10343.7998,429700,yahoo
NIFTY50,2017-10-27,10362.2998,10366.1504,10311.2998,10323.0498,10323.0498,312700,yahoo
NIFTY50,2017-10-30,10353.8496,10384.5,10344.2998,10363.6504,10363.6504,236900,yahoo
NIFTY50,2017-10-31,10364.9004,10367.7002,10323.9502,10335.2998,10335.2998,232600,yahoo
NIFTY50,2017-11-01,10390.3496,10451.6504,10383.0498,10440.5,10440.5,260300,yahoo
NIFTY50,2017-11-02,10440.5,10453,10412.5498,10423.7998,10423.7998,201500,yahoo
NIFTY50,2017-11-03,10461.5498,10461.7002,10403.5996,10452.5,10452.5,199900,yahoo
NIFTY50,2017-11-06,10431.75,10490.4502,10413.75,10451.7998,10451.7998,193600,yahoo
NIFTY50,2017-11-07,10477.1504,10485.75,10340.7998,10350.1504,10350.1504,286900,yahoo
NIFTY50,2017-11-08,10361.9502,10384.25,10285.5,10303.1504,10303.1504,274500,yahoo
NIFTY50,2017-11-09,10358.6504,10368.4502,10266.9502,10308.9502,10308.9502,240200,yahoo
NIFTY50,2017-11-10,10304.3496,10344.9502,10254.0996,10321.75,10321.75,279400,yahoo
NIFTY50,2017-11-13,10322,10334.1504,10216.25,10224.9502,10224.9502,210300,yahoo
NIFTY50,2017-11-14,10223.4004,10248,10175.5498,10186.5996,10186.5996,305000,yahoo
NIFTY50,2017-11-15,10171.9502,10175.4502,10094,10118.0498,10118.0498,207400,yahoo
NIFTY50,2017-11-16,10152.9004,10232.25,10139.2002,10214.75,10214.75,182600,yahoo
NIFTY50,2017-11-17,10324.5498,10343.5996,10268.0498,10283.5996,10283.5996,203300,yahoo
NIFTY50,2017-11-20,10287.2002,10309.8496,10261.5,10298.75,10298.75,147200,yahoo
NIFTY50,2017-11-21,10329.25,10358.7002,10315.0498,10326.9004,10326.9004,186100,yahoo
NIFTY50,2017-11-22,10350.7998,10368.7002,10309.5498,10342.2998,10342.2998,157600,yahoo
NIFTY50,2017-11-23,10358.4502,10374.2998,10307.2998,10348.75,10348.75,153000,yahoo
NIFTY50,2017-11-24,10366.7998,10404.5,10362.25,10389.7002,10389.7002,129200,yahoo
NIFTY50,2017-11-27,10361.0498,10407.1504,10340.2002,10399.5498,10399.5498,141900,yahoo
NIFTY50,2017-11-28,10387.9004,10409.5498,10355.2002,10370.25,10370.25,196000,yahoo
NIFTY50,2017-11-29,10376.6504,10392.9502,10345.9004,10361.2998,10361.2998,152500,yahoo
NIFTY50,2017-11-30,10332.7002,10332.7002,10211.25,10226.5498,10226.5498,342500,yahoo
NIFTY50,2017-12-01,10263.7002,10272.7002,10108.5498,10121.7998,10121.7998,143400,yahoo
NIFTY50,2017-12-04,10175.0498,10179.2002,10095.7002,10127.75,10127.75,148600,yahoo
NIFTY50,2017-12-05,10118.25,10147.9502,10069.0996,10118.25,10118.25,155500,yahoo
NIFTY50,2017-12-06,10088.7998,10104.2002,10033.3496,10044.0996,10044.0996,166100,yahoo
NIFTY50,2017-12-07,10063.4502,10182.6504,10061.9004,10166.7002,10166.7002,166200,yahoo
NIFTY50,2017-12-08,10198.4502,10270.8496,10195.25,10265.6504,10265.6504,200000,yahoo
NIFTY50,2017-12-11,10310.5,10329.2002,10282.0498,10322.25,10322.25,147400,yahoo
NIFTY50,2017-12-12,10324.9004,10326.0996,10230.2002,10240.1504,10240.1504,175100,yahoo
NIFTY50,2017-12-13,10236.5996,10296.5498,10169.8496,10192.9502,10192.9502,181600,yahoo
NIFTY50,2017-12-14,10229.2998,10276.0996,10141.5498,10252.0996,10252.0996,154300,yahoo
NIFTY50,2017-12-15,10345.6504,10373.0996,10319.6504,10333.25,10333.25,255100,yahoo
NIFTY50,2017-12-18,10263.0996,10443.5498,10074.7998,10388.75,10388.75,230400,yahoo
NIFTY50,2017-12-19,10414.7998,10472.2002,10406,10463.2002,10463.2002,169100,yahoo
NIFTY50,2017-12-20,10494.4004,10494.4502,10437.1504,10444.2002,10444.2002,175200,yahoo
NIFTY50,2017-12-21,10473.9502,10473.9502,10426.9004,10440.2998,10440.2998,151900,yahoo
NIFTY50,2017-12-22,10457.2998,10501.0996,10448.25,10493,10493,138800,yahoo
NIFTY50,2017-12-26,10512.2998,10545.4502,10477.9502,10531.5,10531.5,155600,yahoo
NIFTY50,2017-12-27,10531.0498,10552.4004,10469.25,10490.75,10490.75,165200,yahoo
NIFTY50,2017-12-28,10498.2002,10534.5498,10460.4502,10477.9004,10477.9004,272900,yahoo
NIFTY50,2017-12-29,10492.3496,10538.7002,10488.6504,10530.7002,10530.7002,152000,yahoo
NIFTYIT,2017-01-02,10403,10434.0996,10353.6504,10367.0498,10367.0498,5400,yahoo
NIFTYIT,2017-01-03,10386.5996,10390.9004,10291.25,10362.25,10362.25,0,yahoo
NIFTYIT,2017-01-04,10368.1504,10517.5498,10364,10496.9004,10496.9004,0,yahoo
NIFTYIT,2017-01-05,10539.75,10590.0498,10379.2998,10400.0498,10400.0498,0,yahoo
NIFTYIT,2017-01-06,10352.7998,10372.9004,10063.3496,10110.4502,10110.4502,0,yahoo
NIFTYIT,2017-01-09,10070.6504,10214.2002,10023.6504,10198.4502,10198.4502,0,yahoo
NIFTYIT,2017-01-10,10232.5498,10255.8496,10184.3496,10221.5,10221.5,0,yahoo
NIFTYIT,2017-01-11,10238.0498,10282.2002,10154.5,10220.5498,10220.5498,0,yahoo
NIFTYIT,2017-01-12,10237.4502,10410.7998,10236,10398.7998,10398.7998,0,yahoo
NIFTYIT,2017-01-13,10504.0498,10551.4004,10217.4502,10263.5498,10263.5498,0,yahoo
NIFTYIT,2017-01-16,10223.0498,10223.0498,10137,10173.0996,10173.0996,0,yahoo
NIFTYIT,2017-01-17,10166.8496,10275,10166.4004,10206.7998,10206.7998,0,yahoo
NIFTYIT,2017-01-18,10217.5,10270.5,10208.8496,10231.5996,10231.5996,0,yahoo
NIFTYIT,2017-01-19,10223.0498,10251.7998,10174.5,10222.1504,10222.1504,0,yahoo
NIFTYIT,2017-01-20,10165.5,10192.7002,10113.2002,10132.6504,10132.6504,0,yahoo
NIFTYIT,2017-01-23,10060.6504,10234.6504,10029.2998,10219.4004,10219.4004,0,yahoo
NIFTYIT,2017-01-24,10186.5,10213.7002,10133.1504,10201.5996,10201.5996,0,yahoo
NIFTYIT,2017-01-25,10221.6504,10239.5,10154.75,10164.4502,10164.4502,0,yahoo
NIFTYIT,2017-01-27,10144.2002,10212.5498,10100.8496,10181.8496,10181.8496,0,yahoo
NIFTYIT,2017-01-30,10114.3496,10195.7002,10065.0498,10170.6504,10170.6504,0,yahoo
NIFTYIT,2017-01-31,10158.2002,10158.2002,9620.4502,9848.5,9848.5,0,yahoo
NIFTYIT,2017-02-01,9811.0996,9831.0498,9592.25,9750,9750,0,yahoo
NIFTYIT,2017-02-02,9753.5498,9989.2002,9681.75,9926,9926,0,yahoo
NIFTYIT,2017-02-03,9927.3496,10058.7998,9863.6504,10025.7998,10025.7998,0,yahoo
NIFTYIT,2017-02-06,10076.5498,10093.1504,9954.5498,10029.0498,10029.0498,0,yahoo
NIFTYIT,2017-02-07,10034.9502,10042.1504,9967.8496,9997.9502,9997.9502,0,yahoo
NIFTYIT,2017-02-08,9988.5996,10071.6504,9973.5996,10007.0498,10007.0498,0,yahoo
NIFTYIT,2017-02-09,10026.4004,10186.0996,10005,10167.9004,10167.9004,0,yahoo
NIFTYIT,2017-02-10,10185.4502,10432.9502,10180.4502,10387.8496,10387.8496,0,yahoo
NIFTYIT,2017-02-13,10402.1504,10469.2002,10340.4004,10452.9004,10452.9004,0,yahoo
NIFTYIT,2017-02-14,10462.3496,10489.4502,10423.75,10474.0996,10474.0996,0,yahoo
NIFTYIT,2017-02-15,10464.0498,10550.5,10318.9502,10427.6504,10427.6504,0,yahoo
NIFTYIT,2017-02-16,10488.9502,10640.5,10488.9502,10628.0498,10628.0498,0,yahoo
NIFTYIT,2017-02-17,10674.2002,10676,10483.9004,10527.2002,10527.2002,0,yahoo
NIFTYIT,2017-02-20,10544.4502,10740.2998,10516.9502,10671.25,10671.25,0,yahoo
NIFTYIT,2017-02-21,10716.7002,10801.5996,10643.9004,10680.75,10680.75,0,yahoo
NIFTYIT,2017-02-22,10685.5498,10692.9502,10497,10514.7998,10514.7998,0,yahoo
NIFTYIT,2017-02-23,10545.4502,10737.3496,10531.7002,10689.6504,10689.6504,0,yahoo
NIFTYIT,2017-02-27,10663.25,10776.6504,10658.2998,10706.7002,10706.7002,0,yahoo
NIFTYIT,2017-02-28,10732.7998,10759.4004,10645.2998,10680.9502,10680.9502,0,yahoo
NIFTYIT,2017-03-01,10674.8496,10777.5996,10658.4004,10748.0498,10748.0498,0,yahoo
NIFTYIT,2017-03-02,10779.6504,10806.9502,10717,10741.5996,10741.5996,0,yahoo
NIFTYIT,2017-03-03,10701.3496,10819.2998,10657.7002,10806.25,10806.25,0,yahoo
NIFTYIT,2017-03-06,10736.7998,10812.6504,10706.75,10779.0498,10779.0498,0,yahoo
NIFTYIT,2017-03-07,10794.2998,10820.0996,10750.9004,10799.0996,10799.0996,0,yahoo
NIFTYIT,2017-03-08,10791.4502,10793.5,10687.4502,10739.4502,10739.4502,0,yahoo
NIFTYIT,2017-03-09,10753.7002,10757.7002,10694.4502,10724.75,10724.75,0,yahoo
NIFTYIT,2017-03-10,10758.2002,10821.8496,10718.3496,10749.8496,10749.8496,0,yahoo
NIFTYIT,2017-03-14,10850,10927.2998,10821.4004,10879.25,10879.25,0,yahoo
NIFTYIT,2017-03-15,10899.9502,10905.9502,10677.75,10696.5498,10696.5498,0,yahoo
NIFTYIT,2017-03-16,10765.6504,10838.1504,10752.2002,10822.0996,10822.0996,0,yahoo
NIFTYIT,2017-03-17,10893.8496,10920.3496,10787.2002,10900.75,10900.75,0,yahoo
NIFTYIT,2017-03-20,10877.1504,10879.4502,10750.5996,10776.75,10776.75,0,yahoo
NIFTYIT,2017-03-21,10769.0996,10823.7002,10751.2998,10787.2002,10787.2002,0,yahoo
NIFTYIT,2017-03-22,10717.0996,10831.75,10710.7998,10783.2998,10783.2998,0,yahoo
NIFTYIT,2017-03-23,10794.25,10863.8496,10785.7002,10850.7998,10850.7998,0,yahoo
NIFTYIT,2017-03-24,10843.25,10851.4502,10753.4502,10768.9502,10768.9502,0,yahoo
NIFTYIT,2017-03-27,10735.5,10787.2002,10630.8496,10648.5,10648.5,0,yahoo
NIFTYIT,2017-03-28,10675.0498,10749.0996,10658.5498,10681.0498,10681.0498,0,yahoo
NIFTYIT,2017-03-29,10712,10761.0498,10661.0498,10741.25,10741.25,0,yahoo
NIFTYIT,2017-03-30,10734.9502,10767.7998,10692.9004,10730.75,10730.75,0,yahoo
NIFTYIT,2017-03-31,10735.5996,10752.3496,10634.9004,10703.25,10703.25,0,yahoo
NIFTYIT,2017-04-03,10728.6504,10732.8496,10571.5,10592,10592,0,yahoo
NIFTYIT,2017-04-05,10596.25,10597.2002,10493,10510.2998,10510.2998,0,yahoo
NIFTYIT,2017-04-06,10499.75,10545.5996,10475.8496,10538.1504,10538.1504,0,yahoo
NIFTYIT,2017-04-07,10532.4502,10568.7998,10470.5498,10485.75,10485.75,0,yahoo
NIFTYIT,2017-04-10,10511.5996,10542.7002,10304.9502,10338.1504,10338.1504,0,yahoo
NIFTYIT,2017-04-11,10341.5498,10422.2998,10332.4502,10398.8496,10398.8496,0,yahoo
NIFTYIT,2017-04-12,10408.1504,10420.3496,10290.5,10323.4502,10323.4502,0,yahoo
NIFTYIT,2017-04-13,10339.8496,10407.1504,10034.5996,10064.2002,10064.2002,0,yahoo
NIFTYIT,2017-04-17,10045.4004,10056.5498,9975.4502,10000.9004,10000.9004,0,yahoo
NIFTYIT,2017-04-18,10021.1504,10075.7998,9964.6504,9981.5498,9981.5498,0,yahoo
NIFTYIT,2017-04-19,9925.25,10059.4502,9901.6504,9944.7998,9944.7998,0,yahoo
NIFTYIT,2017-04-20,9965.7998,10056.25,9948.9502,10039.0498,10039.0498,0,yahoo
NIFTYIT,2017-04-21,10083.5,10103.7998,9978.5,10008.1504,10008.1504,0,yahoo
NIFTYIT,2017-04-24,9979.7998,10070.9502,9938.5996,10058.3496,10058.3496,0,yahoo
NIFTYIT,2017-04-25,10081.5498,10113,10038.1504,10091.25,10091.25,0,yahoo
NIFTYIT,2017-04-26,10157.5996,10162.6504,9944.4004,9966.75,9966.75,0,yahoo
NIFTYIT,2017-04-27,9965.0498,10045.5,9965.0498,10012.3496,10012.3496,0,yahoo
NIFTYIT,2017-04-28,10020.4502,10023.7002,9920.7002,9943.7002,9943.7002,0,yahoo
NIFTYIT,2017-05-02,10000.7998,10042.8496,9960.2002,10006.3496,10006.3496,0,yahoo
NIFTYIT,2017-05-03,10043,10151.3496,9995.25,10131.0498,10131.0498,0,yahoo
NIFTYIT,2017-05-04,10155.0498,10170,10055,10106.5,10106.5,0,yahoo
NIFTYIT,2017-05-05,10084.5,10101.9502,10031.0996,10086.3496,10086.3496,0,yahoo
NIFTYIT,2017-05-08,10113.7998,10222.1504,10085.5996,10209.1504,10209.1504,0,yahoo
NIFTYIT,2017-05-09,10246,10294.25,10211.4004,10279.5996,10279.5996,0,yahoo
NIFTYIT,2017-05-10,10283.3496,10296.4502,10183.7998,10219.5498,10219.5498,0,yahoo
NIFTYIT,2017-05-11,10293.2998,10300.5,10216.2998,10256.0996,10256.0996,0,yahoo
NIFTYIT,2017-05-12,10275.5996,10378.7998,10264.4004,10367.2998,10367.2998,0,yahoo
NIFTYIT,2017-05-15,10399.7002,10400.4502,10293.4004,10339.75,10339.75,0,yahoo
NIFTYIT,2017-05-16,10364.4004,10474.4502,10356.5498,10461.2998,10461.2998,0,yahoo
NIFTYIT,2017-05-17,10461,10485.7002,10371.5498,10437.2998,10437.2998,0,yahoo
NIFTYIT,2017-05-18,10382.4004,10705.9004,10371.7002,10545.5996,10545.5996,0,yahoo
NIFTYIT,2017-05-19,10565.75,10574.5996,10410.2998,10456.3496,10456.3496,0,yahoo
NIFTYIT,2017-05-22,10486.7998,10538.6504,10454.9502,10504.8496,10504.8496,0,yahoo
NIFTYIT,2017-05-23,10535.9004,10583.2002,10480.75,10510.2002,10510.2002,0,yahoo
NIFTYIT,2017-05-24,10510.9502,10536.1504,10444.2002,10509.2002,10509.2002,0,yahoo
NIFTYIT,2017-05-25,10568.1504,10761.0498,10546.9004,10738.3496,10738.3496,0,yahoo
NIFTYIT,2017-05-26,10741.75,10792.75,10683.75,10735.4004,10735.4004,0,yahoo
NIFTYIT,2017-05-29,10611.4502,10633.2998,10467.3496,10568.3496,10568.3496,0,yahoo
NIFTYIT,2017-05-30,10535.3496,10627.25,10496.2998,10609,10609,0,yahoo
NIFTYIT,2017-05-31,10589.7998,10617.4502,10522.6504,10549.0996,10549.0996,0,yahoo
NIFTYIT,2017-06-01,10508.7002,10625.3496,10478.4004,10574.7002,10574.7002,0,yahoo
NIFTYIT,2017-06-02,10598.5,10647,10564.0996,10608.9502,10608.9502,0,yahoo
NIFTYIT,2017-06-05,10608.8496,10677.6504,10585.7002,10660.0996,10660.0996,0,yahoo
NIFTYIT,2017-06-06,10749.4004,11016.0996,10733.6504,10907.25,10907.25,0,yahoo
NIFTYIT,2017-06-07,10930.4004,10941.1504,10533.1504,10701.25,10701.25,0,yahoo
NIFTYIT,2017-06-08,10684.7998,10696.8496,10520.9502,10550,10550,0,yahoo
NIFTYIT,2017-06-09,10484.2998,10500.0996,10373.0996,10442.6504,10442.6504,0,yahoo
NIFTYIT,2017-06-12,10412.5,10512.25,10314.4004,10470.75,10470.75,0,yahoo
NIFTYIT,2017-06-13,10389.2998,10458.5498,10318.9502,10339,10339,0,yahoo
NIFTYIT,2017-06-14,10370.25,10375.5996,10291.5,10366.0996,10366.0996,0,yahoo
NIFTYIT,2017-06-15,10383.9004,10385.0996,10262.0498,10278.0498,10278.0498,0,yahoo
NIFTYIT,2017-06-16,10262.7002,10326.9502,10161.5,10189.5,10189.5,0,yahoo
NIFTYIT,2017-06-19,10214.1504,10247.4502,10162,10197.9004,10197.9004,0,yahoo
NIFTYIT,2017-06-20,10220.0996,10300.7002,10177.2998,10289.9502,10289.9502,0,yahoo
NIFTYIT,2017-06-21,10289.2002,10289.2002,10191.7002,10223.4004,10223.4004,0,yahoo
NIFTYIT,2017-06-22,10255.75,10354.6504,10167.0996,10199.5498,10199.5498,0,yahoo
NIFTYIT,2017-06-23,10226.25,10253.4004,10155.8496,10170.5996,10170.5996,0,yahoo
NIFTYIT,2017-06-27,10160,10203,10045.0996,10068.8496,10068.8496,0,yahoo
NIFTYIT,2017-06-28,10100.6504,10148.9502,10060.6504,10133.5498,10133.5498,0,yahoo
NIFTYIT,2017-06-29,10183.2998,10238.9502,10105.9004,10124.4004,10124.4004,0,yahoo
NIFTYIT,2017-06-30,10098.5498,10173.8496,10071.5498,10155.0498,10155.0498,0,yahoo
NIFTYIT,2017-07-03,10174.2998,10209.9502,10075.7998,10189.8496,10189.8496,0,yahoo
NIFTYIT,2017-07-04,10215.25,10256.5498,10150,10213.4004,10213.4004,0,yahoo
NIFTYIT,2017-07-05,10196.0498,10196.0498,10137,10160.6504,10160.6504,0,yahoo
NIFTYIT,2017-07-06,10151.5498,10198.2002,10127.0498,10148.9004,10148.9004,0,yahoo
NIFTYIT,2017-07-07,10125.6504,10151.5,10073.9502,10087.7998,10087.7998,0,yahoo
NIFTYIT,2017-07-10,10214.2998,10377.0996,9946.3496,10360.0996,10360.0996,0,yahoo
NIFTYIT,2017-07-11,10333.2998,10611.9502,10333.2998,10430,10430,0,yahoo
NIFTYIT,2017-07-12,10440.7002,10467.9004,10385.6504,10401.5,10401.5,0,yahoo
NIFTYIT,2017-07-13,10428.0996,10495.5,10394.9502,10440.5498,10440.5498,0,yahoo
NIFTYIT,2017-07-14,10442.5498,10463.2998,10306.7998,10330.6504,10330.6504,0,yahoo
NIFTYIT,2017-07-17,10371.7002,10512.7998,10356.9502,10445.8496,10445.8496,0,yahoo
NIFTYIT,2017-07-18,10455.1504,10608.9004,10454.9502,10493.2002,10493.2002,0,yahoo
NIFTYIT,2017-07-19,10506.75,10606.5498,10494.0498,10583.7998,10583.7998,0,yahoo
NIFTYIT,2017-07-20,10587.4502,10593.9502,10474.8496,10491.1504,10491.1504,0,yahoo
NIFTYIT,2017-07-21,10573,10726.0996,10561.9502,10711.5498,10711.5498,0,yahoo
NIFTYIT,2017-07-24,10734.1504,10846.5498,10734.0498,10823.5498,10823.5498,0,yahoo
NIFTYIT,2017-07-25,10813.5996,10827.4502,10738.5,10810.3496,10810.3496,0,yahoo
NIFTYIT,2017-07-26,10810.7002,10839.3496,10752.2998,10782.9502,10782.9502,0,yahoo
NIFTYIT,2017-07-27,10795.0996,10905.2002,10577.9502,10612.2998,10612.2998,0,yahoo
NIFTYIT,2017-07-28,10627.5,10722.7002,10511.0996,10699.4502,10699.4502,0,yahoo
NIFTYIT,2017-07-31,10665.2998,10802.4004,10637.7998,10755.75,10755.75,0,yahoo
NIFTYIT,2017-08-01,10808.0996,10887.7998,10767.4004,10801.8496,10801.8496,0,yahoo
NIFTYIT,2017-08-02,10806.7998,10836.6504,10702.2998,10727.3496,10727.3496,0,yahoo
NIFTYIT,2017-08-03,10736.5,10762.5,10672.75,10682.5,10682.5,0,yahoo
NIFTYIT,2017-08-04,10695.1504,10771.8496,10681.6504,10757.9502,10757.9502,0,yahoo
NIFTYIT,2017-08-07,10749.7002,10757.9004,10659.4502,10678.7998,10678.7998,0,yahoo
NIFTYIT,2017-08-08,10700.7998,10708.2998,10581.8496,10623.7002,10623.7002,0,yahoo
NIFTYIT,2017-08-09,10607.4004,10655.3496,10594.4502,10613.5498,10613.5498,0,yahoo
NIFTYIT,2017-08-10,10590.3496,10700.9004,10586.1504,10662.3496,10662.3496,0,yahoo
NIFTYIT,2017-08-11,10623.6504,10718.1504,10587.7002,10647.0498,10647.0498,0,yahoo
NIFTYIT,2017-08-14,10669.1504,10692.4502,10569.0996,10587.2998,10587.2998,0,yahoo
NIFTYIT,2017-08-16,10621.0996,10683.7998,10575.0498,10659.7002,10659.7002,0,yahoo
NIFTYIT,2017-08-17,10784.5996,10839.9502,10688.8496,10797.7998,10797.7998,0,yahoo
NIFTYIT,2017-08-18,10768,10768,10474.7002,10570,10570,0,yahoo
NIFTYIT,2017-08-21,10574.2998,10618.0498,10408.4502,10440.0498,10440.0498,0,yahoo
NIFTYIT,2017-08-22,10533.4004,10541.8496,10422,10446.25,10446.25,0,yahoo
NIFTYIT,2017-08-23,10479.6504,10509.5996,10401.0498,10478.25,10478.25,0,yahoo
NIFTYIT,2017-08-24,10550.2002,10566.8496,10486.0498,10503.9004,10503.9004,0,yahoo
NIFTYIT,2017-08-28,10603.4502,10638.4004,10574.5,10592.2998,10592.2998,0,yahoo
NIFTYIT,2017-08-29,10593,10596.1504,10475.5,10506,10506,0,yahoo
NIFTYIT,2017-08-30,10565.2002,10580,10474.1504,10493.25,10493.25,0,yahoo
NIFTYIT,2017-08-31,10528.0498,10578.7002,10453.0996,10558.25,10558.25,0,yahoo
NIFTYIT,2017-09-01,10537.5996,10563.7998,10455.6504,10514.4004,10514.4004,0,yahoo
NIFTYIT,2017-09-04,10540,10540.0996,10388.25,10441.75,10441.75,17400,yahoo
NIFTYIT,2017-09-05,10455.5498,10506.5,10427.5,10498,10498,0,yahoo
NIFTYIT,2017-09-06,10472.0996,10484.6504,10407.9004,10421.6504,10421.6504,0,yahoo
NIFTYIT,2017-09-07,10466.0498,10477.2998,10423.25,10460.9502,10460.9502,0,yahoo
NIFTYIT,2017-09-08,10488.9502,10499.2998,10444.2998,10456.6504,10456.6504,0,yahoo
NIFTYIT,2017-09-11,10496.7002,10520.75,10447.25,10459.5,10459.5,0,yahoo
NIFTYIT,2017-09-12,10514.1504,10517.5,10443.2002,10501.0996,10501.0996,0,yahoo
NIFTYIT,2017-09-13,10520.75,10593,10475.9004,10505.2998,10505.2998,0,yahoo
NIFTYIT,2017-09-14,10438.2002,10505.25,10428.4502,10496.0498,10496.0498,0,yahoo
NIFTYIT,2017-09-15,10519.6504,10621.6504,10479.9502,10599.75,10599.75,0,yahoo
NIFTYIT,2017-09-18,10601.4004,10675.0498,10601.3496,10649.5,10649.5,0,yahoo
NIFTYIT,2017-09-19,10658.3496,10668.6504,10611.9004,10654.8496,10654.8496,0,yahoo
NIFTYIT,2017-09-20,10694,10694,10588.1504,10651.3496,10651.3496,0,yahoo
NIFTYIT,2017-09-21,10652.5498,10670.75,10599.9502,10653.8496,10653.8496,0,yahoo
NIFTYIT,2017-09-22,10628.5,10672.9502,10593.25,10632.0996,10632.0996,0,yahoo
NIFTYIT,2017-09-25,10604.2998,10653.5498,10513.2998,10569.1504,10569.1504,0,yahoo
NIFTYIT,2017-09-26,10575.2002,10604.1504,10481.9502,10548.5,10548.5,0,yahoo
NIFTYIT,2017-09-27,10576.25,10587.0498,10516.4004,10544.2002,10544.2002,0,yahoo
NIFTYIT,2017-09-28,10544.1504,10613.25,10470.5498,10521.9004,10521.9004,0,yahoo
NIFTYIT,2017-09-29,10543.4004,10576.9502,10454.0498,10475.3496,10475.3496,0,yahoo
NIFTYIT,2017-10-03,10534.4502,10568.5,10507.5498,10546.0996,10546.0996,0,yahoo
NIFTYIT,2017-10-04,10551.75,10578.3496,10502.1504,10539.8496,10539.8496,0,yahoo
NIFTYIT,2017-10-05,10546.4502,10581.2998,10514.25,10524.6504,10524.6504,0,yahoo
NIFTYIT,2017-10-06,10532.2002,10665.5996,10527.5498,10655.3496,10655.3496,0,yahoo
NIFTYIT,2017-10-09,10637.3496,10694.25,10622.7998,10680.2002,10680.2002,0,yahoo
NIFTYIT,2017-10-10,10734.5498,10771.9502,10712.0498,10726.2002,10726.2002,0,yahoo
NIFTYIT,2017-10-11,10722.0996,10811.0498,10720.4502,10785.25,10785.25,0,yahoo
NIFTYIT,2017-10-12,10801.2998,10891.25,10782.7002,10881.2998,10881.2998,0,yahoo
NIFTYIT,2017-10-13,10915.0498,10997.0996,10880,10924.2002,10924.2002,0,yahoo
NIFTYIT,2017-10-16,10936.8496,10978,10921.9004,10961.5996,10961.5996,0,yahoo
NIFTYIT,2017-10-17,10946.8496,11006.6504,10910.4004,10942.7002,10942.7002,0,yahoo
NIFTYIT,2017-10-18,10943.2998,11014.0498,10898.6504,10910.1504,10910.1504,0,yahoo
NIFTYIT,2017-10-19,10911.5,10934.8496,10872.7998,10890.7998,10890.7998,0,yahoo
NIFTYIT,2017-10-23,10901.25,11013.4004,10863.1504,10997.8496,10997.8496,0,yahoo
NIFTYIT,2017-10-24,11056.3496,11057.2998,10860.3496,10884.7998,10884.7998,0,yahoo
NIFTYIT,2017-10-25,10829.7998,10986.5,10799.3496,10925.4502,10925.4502,0,yahoo
NIFTYIT,2017-10-26,10915.6504,10945.4502,10836,10883.0498,10883.0498,0,yahoo
NIFTYIT,2017-10-27,10901.2998,10911.6504,10831.25,10862.0498,10862.0498,0,yahoo
NIFTYIT,2017-10-30,10892.5498,10913.9004,10842.9502,10854.2998,10854.2998,0,yahoo
NIFTYIT,2017-10-31,10793.0996,10870.5498,10781,10837.9004,10837.9004,0,yahoo
NIFTYIT,2017-11-01,10877.8496,10887.7998,10772.25,10817.2998,10817.2998,0,yahoo
NIFTYIT,2017-11-02,10802.5,10884.5,10788,10845.8496,10845.8496,0,yahoo
NIFTYIT,2017-11-03,10840.2998,10873.9502,10824.9502,10839.0498,10839.0498,0,yahoo
NIFTYIT,2017-11-06,10834,10952.3496,10820.0498,10929.9004,10929.9004,0,yahoo
NIFTYIT,2017-11-07,10942.4004,11243.2002,10934.5,11172.0996,11172.0996,0,yahoo
NIFTYIT,2017-11-08,11227.7002,11306.4502,11197.5996,11245.9004,11245.9004,0,yahoo
NIFTYIT,2017-11-09,11275.4502,11301.25,11201.6504,11248.4502,11248.4502,0,yahoo
NIFTYIT,2017-11-10,11270,11272,11151.0996,11222.5498,11222.5498,0,yahoo
NIFTYIT,2017-11-13,11188.5,11341.5,11188.5,11236.2002,11236.2002,0,yahoo
NIFTYIT,2017-11-14,11240.5498,11275.6504,11139.7998,11168.75,11168.75,0,yahoo
NIFTYIT,2017-11-15,11158,11211.7002,11110.7998,11122.9004,11122.9004,0,yahoo
NIFTYIT,2017-11-16,11145.5498,11343.5996,11059,11317.25,11317.25,0,yahoo
NIFTYIT,2017-11-17,11311.9502,11311.9502,11127,11150,11150,0,yahoo
NIFTYIT,2017-11-20,11161.7002,11173.6504,11072.9502,11100.0996,11100.0996,0,yahoo
NIFTYIT,2017-11-21,11120.7998,11166.3496,11087.1504,11119.4502,11119.4502,0,yahoo
NIFTYIT,2017-11-22,11133.7998,11167.6504,11098.6504,11117.5,11117.5,0,yahoo
NIFTYIT,2017-11-23,11149.7998,11255.0498,11132.75,11230.5996,11230.5996,16400,yahoo
NIFTYIT,2017-11-24,11240.4004,11352.5498,11235.75,11306.4004,11306.4004,0,yahoo
NIFTYIT,2017-11-27,11290.8496,11326,11239.4004,11314.25,11314.25,0,yahoo
NIFTYIT,2017-11-28,11303.3496,11324.9004,11242.8496,11270.5996,11270.5996,0,yahoo
NIFTYIT,2017-11-29,11266.9502,11299.3496,11211.1504,11232.9502,11232.9502,0,yahoo
NIFTYIT,2017-11-30,11233.5,11241.7998,11060.0996,11115.3496,11115.3496,0,yahoo
NIFTYIT,2017-12-01,11123.5996,11180.4004,10930.9502,10948.5,10948.5,0,yahoo
NIFTYIT,2017-12-04,11007.9502,11138.0996,10901.0996,11081.6504,11081.6504,0,yahoo
NIFTYIT,2017-12-05,11079.3496,11121.8496,11005.9004,11025.4004,11025.4004,0,yahoo
NIFTYIT,2017-12-06,11024.5498,11099.0498,11006.2002,11074.9004,11074.9004,0,yahoo
NIFTYIT,2017-12-07,11075.5498,11178.7998,11057.4502,11163.5,11163.5,0,yahoo
NIFTYIT,2017-12-08,11189.7998,11249.2998,11159.75,11173.4004,11173.4004,0,yahoo
NIFTYIT,2017-12-11,11178.9004,11343.1504,11170.4502,11324,11324,0,yahoo
NIFTYIT,2017-12-12,11327.7002,11341.75,11251.7002,11272.4502,11272.4502,0,yahoo
NIFTYIT,2017-12-13,11257.0498,11328.75,11210.7002,11251.7002,11251.7002,0,yahoo
NIFTYIT,2017-12-14,11257.9502,11307.9004,11174.6504,11275.4004,11275.4004,0,yahoo
NIFTYIT,2017-12-15,11299.5996,11337,11245.5498,11288.2998,11288.2998,0,yahoo
NIFTYIT,2017-12-18,11211.7998,11345.4004,11096.5996,11315.2002,11315.2002,0,yahoo
NIFTYIT,2017-12-19,11324.5498,11334.0498,11214.5996,11240.6504,11240.6504,0,yahoo
NIFTYIT,2017-12-20,11267.4004,11322.2002,11198.5996,11304.2002,11304.2002,0,yahoo
NIFTYIT,2017-12-21,11317.5,11406.4004,11288.75,11374.2998,11374.2998,0,yahoo
NIFTYIT,2017-12-22,11368.2002,11532.75,11345.25,11501.9004,11501.9004,0,yahoo
NIFTYIT,2017-12-26,11503,11531.25,11454.9004,11507.4004,11507.4004,0,yahoo
NIFTYIT,2017-12-27,11490.2998,11538.7002,11465.5996,11509.25,11509.25,0,yahoo
NIFTYIT,2017-12-28,11481.7998,11549.7998,11460.7998,11496.4004,11496.4004,0,yahoo
NIFTYIT,2017-12-29,11479.5,11689.75,11430.6504,11665.75,11665.75,0,yahoo
NIFTYPHARMA,2017-01-02,10301.8496,10364.5996,10245.4004,10310.2002,10310.2002,7598000,yahoo
NIFTYPHARMA,2017-01-03,10350.1504,10382.5498,10280,10317.4502,10317.4502,7820000,yahoo
NIFTYPHARMA,2017-01-04,10355.7002,10392.5996,10291.4502,10303.7998,10303.7998,10188000,yahoo
NIFTYPHARMA,2017-01-05,10369.7998,10464.7002,10342.5996,10457.75,10457.75,10316000,yahoo
NIFTYPHARMA,2017-01-06,10503.4004,10559.5498,10455.2998,10472.7002,10472.7002,9956000,yahoo
NIFTYPHARMA,2017-01-09,10507.1504,10525.7002,10307.4502,10323.4502,10323.4502,14037000,yahoo
NIFTYPHARMA,2017-01-10,10355.4502,10380.2998,10321.5498,10366.7002,10366.7002,9907000,yahoo
NIFTYPHARMA,2017-01-11,10406.4502,10475.2002,10397.2998,10464.6504,10464.6504,8251000,yahoo
NIFTYPHARMA,2017-01-12,10277.3496,10419.1504,10230.0996,10401.75,10401.75,14032000,yahoo
NIFTYPHARMA,2017-01-13,10421,10488.7002,10363.0498,10445.0996,10445.0996,10396000,yahoo
NIFTYPHARMA,2017-01-16,10432.0996,10480.2002,10403.8496,10418.2002,10418.2002,5816000,yahoo
NIFTYPHARMA,2017-01-17,10420.5498,10475.75,10408.9004,10426.6504,10426.6504,7739000,yahoo
NIFTYPHARMA,2017-01-18,10426.9502,10502.9004,10413.7998,10452.4502,10452.4502,10114000,yahoo
NIFTYPHARMA,2017-01-19,10452.9502,10497.25,10368.5996,10389.75,10389.75,11065000,yahoo
NIFTYPHARMA,2017-01-20,10385.75,10434.0498,10281.7998,10307.8496,10307.8496,10180000,yahoo
NIFTYPHARMA,2017-01-23,10268.9004,10307.6504,10195.4502,10214.1504,10214.1504,10467000,yahoo
NIFTYPHARMA,2017-01-24,10229.0498,10359.9004,10227.9502,10339.4502,10339.4502,8849000,yahoo
NIFTYPHARMA,2017-01-25,10373,10383.25,10315.7998,10332.5996,10332.5996,10634000,yahoo
NIFTYPHARMA,2017-01-27,10331.4004,10402.75,10327.3496,10367.2002,10367.2002,9536000,yahoo
NIFTYPHARMA,2017-01-30,10367.0498,10469.4502,10356.6504,10412.1504,10412.1504,8493000,yahoo
NIFTYPHARMA,2017-01-31,10439.2002,10446.2002,10218.0498,10236.3496,10236.3496,10742000,yahoo
NIFTYPHARMA,2017-02-01,10222.8496,10274.5498,10065.6504,10189.5,10189.5,10663000,yahoo
NIFTYPHARMA,2017-02-02,10209.3496,10434.5,10128.2998,10402,10402,16703000,yahoo
NIFTYPHARMA,2017-02-03,10473.9502,10576.1504,10417.8496,10555,10555,14926000,yahoo
NIFTYPHARMA,2017-02-06,10630.0498,10774.6504,10510.7998,10710.7998,10710.7998,23477000,yahoo
NIFTYPHARMA,2017-02-07,10722.4004,10806.7998,10570.9004,10604,10604,10741000,yahoo
NIFTYPHARMA,2017-02-08,10623.4004,10663.5996,10523.5498,10583.4004,10583.4004,9681000,yahoo
NIFTYPHARMA,2017-02-09,10638.75,10659,10521.7002,10542.5996,10542.5996,17383000,yahoo
NIFTYPHARMA,2017-02-10,10572.9502,10595.5996,10417.5996,10438.0996,10438.0996,11562000,yahoo
NIFTYPHARMA,2017-02-13,10465.9004,10485.4502,10341.6504,10403.5996,10403.5996,8651000,yahoo
NIFTYPHARMA,2017-02-14,10435.5498,10440.0996,10269.0996,10322.25,10322.25,9605000,yahoo
NIFTYPHARMA,2017-02-15,10334.2002,10341.2002,10124.75,10137.6504,10137.6504,17813000,yahoo
NIFTYPHARMA,2017-02-16,10157.5,10436.8496,10105.5,10407.75,10407.75,24395000,yahoo
NIFTYPHARMA,2017-02-17,10485.5498,10646.0996,10431.7998,10624.4004,10624.4004,27187000,yahoo
NIFTYPHARMA,2017-02-20,10646.9502,10685.0996,10574.2002,10641.5996,10641.5996,13570000,yahoo
NIFTYPHARMA,2017-02-21,10645.8496,10684.8496,10607.2002,10644.5996,10644.5996,14140000,yahoo
NIFTYPHARMA,2017-02-22,10657.8496,10671.0498,10529.9502,10582.2998,10582.2998,9871000,yahoo
NIFTYPHARMA,2017-02-23,10605.0498,10644.75,10535.4502,10561.5996,10561.5996,16742000,yahoo
NIFTYPHARMA,2017-02-27,10576.6504,10646.6504,10534.9004,10571.7002,10571.7002,12949000,yahoo
NIFTYPHARMA,2017-02-28,10595.3496,10641.7998,10573.0498,10585.1504,10585.1504,9532000,yahoo
NIFTYPHARMA,2017-03-01,10619.8496,10759,10609.75,10700.7998,10700.7998,12973000,yahoo
NIFTYPHARMA,2017-03-02,10743.75,10754.7998,10512.5498,10541.0996,10541.0996,14201000,yahoo
NIFTYPHARMA,2017-03-03,10530.1504,10634.9502,10513,10614.0498,10614.0498,6882000,yahoo
NIFTYPHARMA,2017-03-06,10623.6504,10633.6504,10568.25,10612.8496,10612.8496,7685000,yahoo
NIFTYPHARMA,2017-03-07,10632.75,10634.5,10530.2002,10560.9004,10560.9004,7833000,yahoo
NIFTYPHARMA,2017-03-08,10558.75,10656.5,10520.9502,10584.3496,10584.3496,12913000,yahoo
NIFTYPHARMA,2017-03-09,10538.2998,10567.2998,10481.2002,10499.0498,10499.0498,10106000,yahoo
NIFTYPHARMA,2017-03-10,10490.4502,10549.4004,10444.3496,10468.3496,10468.3496,7862000,yahoo
NIFTYPHARMA,2017-03-14,10602.9502,10752.5996,10468.8496,10648.0498,10648.0498,17619000,yahoo
NIFTYPHARMA,2017-03-15,10694.1504,10729.5498,10656.3496,10671.0498,10671.0498,9806000,yahoo
NIFTYPHARMA,2017-03-16,10724.25,10775.2002,10698.4502,10731.2002,10731.2002,10229000,yahoo
NIFTYPHARMA,2017-03-17,10776.6504,10783.9004,10643.7998,10674.9502,10674.9502,11679000,yahoo
NIFTYPHARMA,2017-03-20,10704.9004,10724.1504,10673.2998,10710.5996,10710.5996,9188000,yahoo
NIFTYPHARMA,2017-03-21,10669.6504,10669.6504,10425.1504,10493.75,10493.75,31516000,yahoo
NIFTYPHARMA,2017-03-22,10417.75,10525.4004,10373.2998,10510.5498,10510.5498,17254000,yahoo
NIFTYPHARMA,2017-03-23,10541.5498,10586.0498,10499.75,10575.2002,10575.2002,11555000,yahoo
NIFTYPHARMA,2017-03-24,10581.4004,10620.2002,10516.7002,10556.3496,10556.3496,8300000,yahoo
NIFTYPHARMA,2017-03-27,10526.5,10543.7002,10427.5498,10441.9004,10441.9004,12444000,yahoo
NIFTYPHARMA,2017-03-28,10484.0996,10525.0498,10455.2998,10497.7002,10497.7002,9443000,yahoo
NIFTYPHARMA,2017-03-29,10522.6504,10522.6504,10401.75,10419.5,10419.5,11085000,yahoo
NIFTYPHARMA,2017-03-30,10444.4004,10469.2002,10389.5,10407.2998,10407.2998,14037000,yahoo
NIFTYPHARMA,2017-03-31,10420.7998,10461.5498,10389.9502,10411.1504,10411.1504,10044000,yahoo
NIFTYPHARMA,2017-04-03,10439.5996,10512.7002,10398.6504,10503.6504,10503.6504,7799000,yahoo
NIFTYPHARMA,2017-04-05,10551.7002,10556.9004,10499.5,10541.1504,10541.1504,10365000,yahoo
NIFTYPHARMA,2017-04-06,10542,10544.2998,10434.9004,10469.7002,10469.7002,7609000,yahoo
NIFTYPHARMA,2017-04-07,10455.7998,10455.7998,10260.6504,10285.7998,10285.7998,15697000,yahoo
NIFTYPHARMA,2017-04-10,10317.0498,10335.5996,10275.1504,10315.7998,10315.7998,13095000,yahoo
NIFTYPHARMA,2017-04-11,10340.8496,10368.5498,10321.4004,10355.5498,10355.5498,9300000,yahoo
NIFTYPHARMA,2017-04-12,10356,10481.0996,10257.2998,10445.2002,10445.2002,8778000,yahoo
NIFTYPHARMA,2017-04-13,10494.8496,10577.4004,10448.0498,10531.9502,10531.9502,8069000,yahoo
NIFTYPHARMA,2017-04-17,10533,10542.8496,10432.7998,10448.5498,10448.5498,6587000,yahoo
NIFTYPHARMA,2017-04-18,10474.7002,10484,10343.5,10355.7998,10355.7998,9370000,yahoo
NIFTYPHARMA,2017-04-19,10387.3496,10411.9502,10307.3496,10321.0498,10321.0498,8777000,yahoo
NIFTYPHARMA,2017-04-20,10350.1504,10371.1504,10282.4502,10303.9502,10303.9502,7058000,yahoo
NIFTYPHARMA,2017-04-21,10340.9502,10340.9502,10192.5,10208.5,10208.5,10331000,yahoo
NIFTYPHARMA,2017-04-24,10175.7002,10212.9502,10103.25,10177.75,10177.75,12693000,yahoo
NIFTYPHARMA,2017-04-25,10217.4502,10252.3496,10197.25,10241.4502,10241.4502,9550000,yahoo
NIFTYPHARMA,2017-04-26,10230.5,10247.25,10137.25,10197.2002,10197.2002,7722000,yahoo
NIFTYPHARMA,2017-04-27,10225,10226.0498,10079.5498,10100,10100,12420000,yahoo
NIFTYPHARMA,2017-04-28,10119.4502,10162.2002,10075.0498,10120.9004,10120.9004,10205000,yahoo
NIFTYPHARMA,2017-05-02,10132.0498,10150.5996,9979.6504,10036.3496,10036.3496,11134000,yahoo
NIFTYPHARMA,2017-05-03,10058.6504,10092.5996,9959.0996,9981.7998,9981.7998,10934000,yahoo
NIFTYPHARMA,2017-05-04,9996.7998,10060.1504,9942.6504,9979,9979,10052000,yahoo
NIFTYPHARMA,2017-05-05,9969.8496,10048.7998,9908.7002,9935.1504,9935.1504,9553000,yahoo
NIFTYPHARMA,2017-05-08,9951.0498,10033.75,9924.5,10021.0498,10021.0498,6320000,yahoo
NIFTYPHARMA,2017-05-09,10037.0996,10040,9940.0996,9997.7002,9997.7002,10506000,yahoo
NIFTYPHARMA,2017-05-10,10029,10150.1504,10023.7002,10106.2002,10106.2002,12018000,yahoo
NIFTYPHARMA,2017-05-11,10152,10197.0996,10113.0996,10178.8496,10178.8496,9153000,yahoo
NIFTYPHARMA,2017-05-12,10133.7998,10148.7002,10014.3496,10121.4004,10121.4004,24390000,yahoo
NIFTYPHARMA,2017-05-15,10159.25,10278.3496,10114.0498,10252.8496,10252.8496,17490000,yahoo
NIFTYPHARMA,2017-05-16,10268.1504,10301.25,10212.5498,10247.1504,10247.1504,10603000,yahoo
NIFTYPHARMA,2017-05-17,10254.2998,10263.9502,10183.7002,10222.5996,10222.5996,12109000,yahoo
NIFTYPHARMA,2017-05-18,10155.6504,10229.9502,10126.4502,10160.2998,10160.2998,12552000,yahoo
NIFTYPHARMA,2017-05-19,10209.5996,10223.5996,10114.0498,10156.0996,10156.0996,10930000,yahoo
NIFTYPHARMA,2017-05-22,10202.9004,10203.25,9936.5996,9959.2002,9959.2002,12250000,yahoo
NIFTYPHARMA,2017-05-23,9904.5,9913.6504,9528.9502,9648.2998,9648.2998,24850000,yahoo
NIFTYPHARMA,2017-05-24,9633.5498,9649.0498,9385.5498,9446.9502,9446.9502,20831000,yahoo
NIFTYPHARMA,2017-05-25,9421.7998,9434.0996,9082.8496,9199.1504,9199.1504,32749000,yahoo
NIFTYPHARMA,2017-05-26,9173.5996,9303.2998,9033.75,9060.4502,9060.4502,30322000,yahoo
NIFTYPHARMA,2017-05-29,8913.0498,8913.0498,8634.9004,8757.7998,8757.7998,65776000,yahoo
NIFTYPHARMA,2017-05-30,8742.0498,9013.2998,8725.2998,8990.2998,8990.2998,39476000,yahoo
NIFTYPHARMA,2017-05-31,9063.6504,9088.6504,8958.4004,9025.25,9025.25,36794000,yahoo
NIFTYPHARMA,2017-06-01,9044.4502,9279.5498,9039.0498,9104.9502,9104.9502,31362000,yahoo
NIFTYPHARMA,2017-06-02,9182.4004,9292.75,9169.6504,9254.7002,9254.7002,24317000,yahoo
NIFTYPHARMA,2017-06-05,9267.5,9307.4004,9218.8496,9229.75,9229.75,12872000,yahoo
NIFTYPHARMA,2017-06-06,9280,9280.2002,9149.9004,9174.5996,9174.5996,13253000,yahoo
NIFTYPHARMA,2017-06-07,9200,9337.2998,9156.8496,9300.5498,9300.5498,22384000,yahoo
NIFTYPHARMA,2017-06-08,9319.4004,9551.4004,9304.0498,9486.6504,9486.6504,25342000,yahoo
NIFTYPHARMA,2017-06-09,9520.7998,9531.9004,9406.0498,9507.3496,9507.3496,12970000,yahoo
NIFTYPHARMA,2017-06-12,9510.4004,9614.2998,9494.5498,9583.8496,9583.8496,16236000,yahoo
NIFTYPHARMA,2017-06-13,9682,9707.5,9580.75,9592.1504,9592.1504,18851000,yahoo
NIFTYPHARMA,2017-06-14,9639.7002,9658.6504,9540.8496,9576,9576,11188000,yahoo
NIFTYPHARMA,2017-06-15,9578.2998,9740.0996,9554.6504,9695.8496,9695.8496,24283000,yahoo
NIFTYPHARMA,2017-06-16,9734.2002,9764.5996,9506.1504,9525.5,9525.5,23742000,yahoo
NIFTYPHARMA,2017-06-19,9560.3496,9564.9502,9422.6504,9489.2002,9489.2002,13620000,yahoo
NIFTYPHARMA,2017-06-20,9509,9546.5498,9449.5996,9481.9004,9481.9004,12417000,yahoo
NIFTYPHARMA,2017-06-21,9499.25,9532.1504,9402.5,9456.7998,9456.7998,12069000,yahoo
NIFTYPHARMA,2017-06-22,9470.25,9536.75,9448.25,9471.5996,9471.5996,15073000,yahoo
NIFTYPHARMA,2017-06-23,9476.0498,9541.2002,9409.1504,9478.1504,9478.1504,12032000,yahoo
NIFTYPHARMA,2017-06-27,9510.4502,9575.5,9399.5498,9467.9004,9467.9004,15462000,yahoo
NIFTYPHARMA,2017-06-28,9458.7002,9498.4004,9402.5996,9482.3496,9482.3496,11668000,yahoo
NIFTYPHARMA,2017-06-29,9502.5498,9513.7998,9408.4004,9428.2002,9428.2002,18111000,yahoo
NIFTYPHARMA,2017-06-30,9436.8496,9632.2002,9420.75,9606.4004,9606.4004,13927000,yahoo
NIFTYPHARMA,2017-07-03,9637.5996,9648.1504,9563.4502,9616.2998,9616.2998,7015000,yahoo
NIFTYPHARMA,2017-07-04,9656.2002,9659.2002,9497.5996,9517.9502,9517.9502,7013000,yahoo
NIFTYPHARMA,2017-07-05,9518.9502,9612.1504,9498.9502,9589.1504,9589.1504,13809000,yahoo
NIFTYPHARMA,2017-07-06,9627,9661.7002,9580.0996,9598.4502,9598.4502,11528000,yahoo
NIFTYPHARMA,2017-07-07,9614.7998,9778.0996,9611.7998,9723.8496,9723.8496,17732000,yahoo
NIFTYPHARMA,2017-07-10,9782.75,9919.5,9705.2998,9884.4502,9884.4502,4028000,yahoo
NIFTYPHARMA,2017-07-11,9911.1504,9948.75,9782.5,9801.6504,9801.6504,12499000,yahoo
NIFTYPHARMA,2017-07-12,9825.6504,9859.5498,9775.9004,9817.7998,9817.7998,7806000,yahoo
NIFTYPHARMA,2017-07-13,9827.0498,9910.3496,9820.0996,9875.25,9875.25,10333000,yahoo
NIFTYPHARMA,2017-07-14,9897.9502,9994.6504,9875.4004,9958.25,9958.25,16567000,yahoo
NIFTYPHARMA,2017-07-17,9993.8496,10020.3496,9933,9994.75,9994.75,12191000,yahoo
NIFTYPHARMA,2017-07-18,9983.0498,10096.7998,9968.9502,10024.2998,10024.2998,9455000,yahoo
NIFTYPHARMA,2017-07-19,10128.5,10245.4502,10118.5996,10234.5996,10234.5996,19344000,yahoo
NIFTYPHARMA,2017-07-20,10256.0498,10259.6504,10125.1504,10140.75,10140.75,7281000,yahoo
NIFTYPHARMA,2017-07-21,10130.6504,10130.6504,9992.3496,10052.4004,10052.4004,9525000,yahoo
NIFTYPHARMA,2017-07-24,10079.8496,10092,9964.7002,9980.5,9980.5,9552000,yahoo
NIFTYPHARMA,2017-07-25,9987.0996,10003,9907.7998,9930.5498,9930.5498,10771000,yahoo
NIFTYPHARMA,2017-07-26,9963.6504,10044.3496,9920,10036.7998,10036.7998,7996000,yahoo
NIFTYPHARMA,2017-07-27,10051.5996,10059.7002,9845.9502,9880.25,9880.25,17772000,yahoo
NIFTYPHARMA,2017-07-28,9821.25,9821.25,9641.1504,9672.5996,9672.5996,17150000,yahoo
NIFTYPHARMA,2017-07-31,9707.9502,9707.9502,9456.7002,9476.4004,9476.4004,17258000,yahoo
NIFTYPHARMA,2017-08-01,9488.9004,9602.25,9482.3496,9517.2998,9517.2998,14167000,yahoo
NIFTYPHARMA,2017-08-02,9555.0996,9557.4502,9434.2998,9453.9502,9453.9502,15022000,yahoo
NIFTYPHARMA,2017-08-03,9481.7002,9566.4502,9308.4004,9336.9004,9336.9004,20164000,yahoo
NIFTYPHARMA,2017-08-04,9285.7998,9287.9004,9104.2002,9256.8496,9256.8496,18649000,yahoo
NIFTYPHARMA,2017-08-07,9280.5498,9323.0498,9210.4502,9229.0498,9229.0498,8102000,yahoo
NIFTYPHARMA,2017-08-08,9240.0498,9264.7002,9109.3496,9125.8496,9125.8496,10151000,yahoo
NIFTYPHARMA,2017-08-09,9070.1504,9076.2002,8714.9004,8766.25,8766.25,25646000,yahoo
NIFTYPHARMA,2017-08-10,8757.2998,8917.5498,8390.5996,8513.2002,8513.2002,28283000,yahoo
NIFTYPHARMA,2017-08-11,8445.25,8604.7998,8314.5,8521.3496,8521.3496,28479000,yahoo
NIFTYPHARMA,2017-08-14,8494.0498,8786.3496,8483.6504,8758.0996,8758.0996,31831000,yahoo
NIFTYPHARMA,2017-08-16,8807.9502,8870.0498,8679.2002,8859.4004,8859.4004,16687000,yahoo
NIFTYPHARMA,2017-08-17,8881.5498,8909.7002,8779.5,8797.0996,8797.0996,11665000,yahoo
NIFTYPHARMA,2017-08-18,8758.9502,8758.9502,8576.8496,8639.4004,8639.4004,11988000,yahoo
NIFTYPHARMA,2017-08-21,8691.7998,8696.8496,8468.7002,8490.2002,8490.2002,10729000,yahoo
NIFTYPHARMA,2017-08-22,8555.1504,8630.5,8494.5498,8566.6504,8566.6504,12168000,yahoo
NIFTYPHARMA,2017-08-23,8619.1504,8641.7002,8580.8496,8615.8496,8615.8496,10757000,yahoo
NIFTYPHARMA,2017-08-24,8637.0996,8921.4004,8615.7998,8902.0498,8902.0498,23178000,yahoo
NIFTYPHARMA,2017-08-28,8949.2998,9031.3496,8896.7998,8975.0498,8975.0498,17137000,yahoo
NIFTYPHARMA,2017-08-29,8948.2998,8956,8845.6504,8865.0498,8865.0498,9273000,yahoo
NIFTYPHARMA,2017-08-30,8937.9502,8987.1504,8894.5996,8908.0498,8908.0498,9043000,yahoo
NIFTYPHARMA,2017-08-31,8928.2002,8939.5,8841.1504,8859.6504,8859.6504,13220000,yahoo
NIFTYPHARMA,2017-09-01,8936.8496,9088.9004,8925.4004,9071.7002,9071.7002,16245000,yahoo
NIFTYPHARMA,2017-09-04,9093.9502,9120.3496,8929.4004,9070.3496,9070.3496,13845000,yahoo
NIFTYPHARMA,2017-09-05,9126.75,9127.6504,9003.9502,9037.5996,9037.5996,10831000,yahoo
NIFTYPHARMA,2017-09-06,8978.5498,8980,8883.75,8897.2998,8897.2998,14524000,yahoo
NIFTYPHARMA,2017-09-07,8937.75,8985.25,8873,8948.7998,8948.7998,13853000,yahoo
NIFTYPHARMA,2017-09-08,8956.2002,8998.5498,8793.25,8840.2998,8840.2998,12226000,yahoo
NIFTYPHARMA,2017-09-11,8888.25,8917.6504,8787.6504,8804.4502,8804.4502,11496000,yahoo
NIFTYPHARMA,2017-09-12,8856.7998,9009.5498,8795.8496,8996.0996,8996.0996,23874000,yahoo
NIFTYPHARMA,2017-09-13,9008.0996,9211.75,8967.25,9140.5996,9140.5996,36033000,yahoo
NIFTYPHARMA,2017-09-14,9257.6504,9396.4004,9246.7998,9380.8496,9380.8496,28726000,yahoo
NIFTYPHARMA,2017-09-15,9321.7998,9378.5,9237.8496,9338,9338,23953000,yahoo
NIFTYPHARMA,2017-09-18,9378.9502,9403.5498,9217.5498,9339.5498,9339.5498,17701000,yahoo
NIFTYPHARMA,2017-09-19,9357.4004,9417.2998,9269.5996,9293.9502,9293.9502,21498000,yahoo
NIFTYPHARMA,2017-09-20,9327.4004,9372.1504,9231.7998,9319.8496,9319.8496,31410000,yahoo
NIFTYPHARMA,2017-09-21,9364.9502,9663.0996,9363.2998,9629.75,9629.75,46698000,yahoo
NIFTYPHARMA,2017-09-22,9629.1504,9709.2002,9428.7998,9465.4502,9465.4502,31605000,yahoo
NIFTYPHARMA,2017-09-25,9468,9474.1504,9239.4004,9297.0498,9297.0498,21015000,yahoo
NIFTYPHARMA,2017-09-26,9294.2998,9377.2002,9234.9502,9297.9004,9297.9004,15754000,yahoo
NIFTYPHARMA,2017-09-27,9254.75,9257.9004,8997.25,9036.4502,9036.4502,28248000,yahoo
NIFTYPHARMA,2017-09-28,9037.6504,9182.4004,8977.25,9111.5498,9111.5498,36153000,yahoo
NIFTYPHARMA,2017-09-29,9131.0996,9245.2998,9112,9172.5996,9172.5996,18972000,yahoo
NIFTYPHARMA,2017-10-03,9308.9502,9314.9004,9196.1504,9214.9502,9214.9502,11102000,yahoo
NIFTYPHARMA,2017-10-04,9245.2002,9407.1504,9208.1504,9372.2998,9372.2998,17046000,yahoo
NIFTYPHARMA,2017-10-05,9404.9004,9508.6504,9377.3496,9394.1504,9394.1504,16483000,yahoo
NIFTYPHARMA,2017-10-06,9444.2002,9497.5996,9402.5,9477.75,9477.75,13756000,yahoo
NIFTYPHARMA,2017-10-09,9497.1504,9568.5498,9463.7998,9505.7002,9505.7002,13269000,yahoo
NIFTYPHARMA,2017-10-10,9556.75,9608.9004,9506.75,9530.2998,9530.2998,10087000,yahoo
NIFTYPHARMA,2017-10-11,9563.3496,9586.8496,9385.1504,9441.1504,9441.1504,12004000,yahoo
NIFTYPHARMA,2017-10-12,9561.5,9592.5996,9483.5,9577.0996,9577.0996,16410000,yahoo
NIFTYPHARMA,2017-10-13,9593.7998,9613.7998,9526.3496,9545.5996,9545.5996,9108000,yahoo
NIFTYPHARMA,2017-10-16,9588.0996,9705.3496,9579.4502,9692.5498,9692.5498,12639000,yahoo
NIFTYPHARMA,2017-10-17,9683.3496,9752.5996,9638.8496,9740.5498,9740.5498,12261000,yahoo
NIFTYPHARMA,2017-10-18,9760.7998,9760.7998,9611.5996,9622.5996,9622.5996,8819000,yahoo
NIFTYPHARMA,2017-10-19,9646.4004,9655.6504,9561.0996,9593.5,9593.5,1416000,yahoo
NIFTYPHARMA,2017-10-23,9637.9004,9654.8496,9495.75,9542.2002,9542.2002,8711000,yahoo
NIFTYPHARMA,2017-10-24,9554.5498,9561.8496,9479.5498,9490,9490,6930000,yahoo
NIFTYPHARMA,2017-10-25,9527.7002,9539.8496,9332.6504,9346.75,9346.75,7758000,yahoo
NIFTYPHARMA,2017-10-26,9385.3496,9474.8496,9302.2002,9428.3496,9428.3496,12466000,yahoo
NIFTYPHARMA,2017-10-27,9497.2002,9722.8496,9488.0498,9650.0996,9650.0996,18349000,yahoo
NIFTYPHARMA,2017-10-30,9686.0498,9852.5996,9599.0996,9754.8496,9754.8496,19098000,yahoo
NIFTYPHARMA,2017-10-31,9753.75,9829.2002,9697.9502,9756,9756,14011000,yahoo
NIFTYPHARMA,2017-11-01,9750.0498,9827.4004,9694.2002,9711.5498,9711.5498,13851000,yahoo
NIFTYPHARMA,2017-11-02,9782.5996,10060.3496,9782.5996,10004.5,10004.5,35808000,yahoo
NIFTYPHARMA,2017-11-03,10052.25,10062.5,9845.3496,9897.2002,9897.2002,16413000,yahoo
NIFTYPHARMA,2017-11-06,9886.7002,9962.0996,9854.2002,9894.0996,9894.0996,12907000,yahoo
NIFTYPHARMA,2017-11-07,9953.5,9986.5996,9364.25,9469.75,9469.75,49481000,yahoo
NIFTYPHARMA,2017-11-08,9553.0498,9659.25,9483.4004,9494.9502,9494.9502,27445000,yahoo
NIFTYPHARMA,2017-11-09,9616.6504,9623.2002,9289.0498,9435.8496,9435.8496,19437000,yahoo
NIFTYPHARMA,2017-11-10,9460.4004,9484.0996,9262.5,9311.5,9311.5,21351000,yahoo
NIFTYPHARMA,2017-11-13,9334.6504,9345.4502,9168.7002,9238.8496,9238.8496,18026000,yahoo
NIFTYPHARMA,2017-11-14,9240.9004,9284,9174.2998,9208.4502,9208.4502,20513000,yahoo
NIFTYPHARMA,2017-11-15,9170.6504,9193.7998,8990.1504,9025.2002,9025.2002,17782000,yahoo
NIFTYPHARMA,2017-11-16,9045.25,9102.8496,9003.5996,9082.6504,9082.6504,12715000,yahoo
NIFTYPHARMA,2017-11-17,9159.5,9221.2998,9137.4502,9161.7998,9161.7998,11396000,yahoo
NIFTYPHARMA,2017-11-20,9184.2002,9200.4004,9119.9004,9143.3496,9143.3496,10961000,yahoo
NIFTYPHARMA,2017-11-21,9173.7002,9419.3496,9155.2002,9346.5498,9346.5498,19878000,yahoo
NIFTYPHARMA,2017-11-22,9353.5498,9365.5,9255.9004,9278,9278,12741000,yahoo
NIFTYPHARMA,2017-11-23,9290.6504,9321.5996,9244.75,9293.2002,9293.2002,11672000,yahoo
NIFTYPHARMA,2017-11-24,9320.25,9371.0498,9292.9502,9364.2998,9364.2998,11046000,yahoo
NIFTYPHARMA,2017-11-27,9324.9502,9392.8496,9294.3496,9368.7002,9368.7002,9800000,yahoo
NIFTYPHARMA,2017-11-28,9368.4502,9396.6504,9285.4004,9318.5,9318.5,10916000,yahoo
NIFTYPHARMA,2017-11-29,9336.8496,9401.4502,9327.7998,9351.8496,9351.8496,9127000,yahoo
NIFTYPHARMA,2017-11-30,9328.2998,9364.5,9219.4004,9238.75,9238.75,20391000,yahoo
NIFTYPHARMA,2017-12-01,9280.5498,9301.2002,9055.9502,9083.8496,9083.8496,11714000,yahoo
NIFTYPHARMA,2017-12-04,9137.25,9152.9004,9010.7002,9052,9052,9896000,yahoo
NIFTYPHARMA,2017-12-05,9040.2002,9074.6504,8981.9502,9043.1504,9043.1504,9562000,yahoo
NIFTYPHARMA,2017-12-06,9047.8496,9063.25,8923.5498,8938.2002,8938.2002,9627000,yahoo
NIFTYPHARMA,2017-12-07,8944.9502,9016.1504,8923.5498,8960.4004,8960.4004,11108000,yahoo
NIFTYPHARMA,2017-12-08,8986.5996,9121.6504,8977.8496,9098.4502,9098.4502,11023000,yahoo
NIFTYPHARMA,2017-12-11,9162.4004,9206.0996,9129.9502,9186.0996,9186.0996,10434000,yahoo
NIFTYPHARMA,2017-12-12,9271.6504,9273.1504,9099.2002,9119.0996,9119.0996,12479000,yahoo
NIFTYPHARMA,2017-12-13,9135.7998,9160.4004,8982.1504,9002.7998,9002.7998,10989000,yahoo
NIFTYPHARMA,2017-12-14,9032.5996,9087.9502,8975.4502,9070.8496,9070.8496,10662000,yahoo
NIFTYPHARMA,2017-12-15,9152.4004,9162.25,9081.0996,9100.2998,9100.2998,15012000,yahoo
NIFTYPHARMA,2017-12-18,9102.2002,9286.4004,8921.2998,9230.4502,9230.4502,11878000,yahoo
NIFTYPHARMA,2017-12-19,9284.9004,9313.6504,9233.4502,9299.6504,9299.6504,10342000,yahoo
NIFTYPHARMA,2017-12-20,9314.6504,9365.7998,9260.3496,9285.4502,9285.4502,10686000,yahoo
NIFTYPHARMA,2017-12-21,9335.25,9418.1504,9303.0996,9321.5996,9321.5996,14243000,yahoo
NIFTYPHARMA,2017-12-22,9346.9502,9361,9309.2002,9326.5996,9326.5996,9578000,yahoo
NIFTYPHARMA,2017-12-26,9336.6504,9436.0996,9307.4502,9416,9416,10633000,yahoo
NIFTYPHARMA,2017-12-27,9447.75,9699.6504,9438.5,9639.8496,9639.8496,38497000,yahoo
NIFTYPHARMA,2017-12-28,9683.0996,9732.9004,9559.6504,9584.2002,9584.2002,22514000,yahoo
NIFTYPHARMA,2017-12-29,9635.1504,9675.0996,9590.75,9620.0996,9620.0996,13064000,yahoo
NIKKEI,2017-01-04,19298.6797,19594.1602,19277.9297,19594.1602,19594.1602,163500000,yahoo
NIKKEI,2017-01-05,19602.0996,19615.4004,19473.2793,19520.6895,19520.6895,134500000,yahoo
NIKKEI,2017-01-06,19393.5508,19472.3691,19354.4395,19454.3301,19454.3301,119100000,yahoo
NIKKEI,2017-01-10,19414.8301,19484.9004,19255.3496,19301.4395,19301.4395,119100000,yahoo
NIKKEI,2017-01-11,19358.6406,19402.1699,19325.4609,19364.6699,19364.6699,119100000,yahoo
NIKKEI,2017-01-12,19300.1895,19300.1895,19069.0195,19134.6992,19134.6992,119100000,yahoo
NIKKEI,2017-01-13,19174.9707,19299.3594,19156.9297,19287.2793,19287.2793,119100000,yahoo
NIKKEI,2017-01-16,19219.1309,19255.4102,19061.2695,19095.2402,19095.2402,119100000,yahoo
NIKKEI,2017-01-17,19038.4492,19043.9102,18812.8594,18813.5293,18813.5293,119100000,yahoo
NIKKEI,2017-01-18,18753.9609,18941.2402,18650.3301,18894.3691,18894.3691,119100000,yahoo
NIKKEI,2017-01-19,19082.8301,19122.3906,18982.1309,19072.25,19072.25,170600000,yahoo
NIKKEI,2017-01-20,19059.1504,19176.8594,19040.1992,19137.9102,19137.9102,125800000,yahoo
NIKKEI,2017-01-23,18938.4492,19024.2109,18879.6797,18891.0293,18891.0293,124800000,yahoo
NIKKEI,2017-01-24,18817.4199,18915.6992,18783.1602,18787.9902,18787.9902,131500000,yahoo
NIKKEI,2017-01-25,19091.2305,19133.1797,18987.4492,19057.5,19057.5,125400000,yahoo
NIKKEI,2017-01-26,19260.6699,19405.2305,19232.4609,19402.3906,19402.3906,145200000,yahoo
NIKKEI,2017-01-27,19453.5098,19486.6797,19404.1309,19467.4004,19467.4004,134600000,yahoo
NIKKEI,2017-01-30,19371.2793,19390.9707,19295.8008,19368.8496,19368.8496,97800000,yahoo
NIKKEI,2017-01-31,19145.3496,19199.75,19041.3398,19041.3398,19041.3398,133900000,yahoo
NIKKEI,2017-02-01,18926.9707,19155.7891,18916.1797,19148.0801,19148.0801,131500000,yahoo
NIKKEI,2017-02-02,19152.7891,19170.6309,18866.8008,18914.5801,18914.5801,136500000,yahoo
NIKKEI,2017-02-03,18996.7402,19061.2598,18830.8906,18918.1992,18918.1992,140900000,yahoo
NIKKEI,2017-02-06,19069.7207,19075.5703,18899.4004,18976.7109,18976.7109,120500000,yahoo
NIKKEI,2017-02-07,18844.1191,18970.5801,18805.3203,18910.7793,18910.7793,106100000,yahoo
NIKKEI,2017-02-08,18951.1602,19009.2402,18875.5703,19007.5996,19007.5996,102900000,yahoo
NIKKEI,2017-02-09,18942.0391,18991.2305,18874.9102,18907.6699,18907.6699,130500000,yahoo
NIKKEI,2017-02-10,19216.7402,19395.9902,19193.5703,19378.9297,19378.9297,149400000,yahoo
NIKKEI,2017-02-13,19513.7793,19519.4395,19418.1797,19459.1504,19459.1504,117900000,yahoo
NIKKEI,2017-02-14,19478.8594,19501.0098,19232.8496,19238.9805,19238.9805,142800000,yahoo
NIKKEI,2017-02-15,19438.8105,19495.6191,19420,19437.9805,19437.9805,142800000,yahoo
NIKKEI,2017-02-16,19431.6094,19431.6094,19260.2402,19347.5293,19347.5293,137800000,yahoo
NIKKEI,2017-02-17,19228.7402,19275.3906,19173.5293,19234.6191,19234.6191,143600000,yahoo
NIKKEI,2017-02-20,19161.3301,19274.75,19115.1094,19251.0801,19251.0801,98900000,yahoo
NIKKEI,2017-02-21,19267.8691,19395.3496,19261.9805,19381.4395,19381.4395,100700000,yahoo
NIKKEI,2017-02-22,19419.2207,19419.2207,19329.2793,19379.8691,19379.8691,156700000,yahoo
NIKKEI,2017-02-23,19379.9199,19379.9199,19262.6309,19371.4609,19371.4609,140800000,yahoo
NIKKEI,2017-02-24,19232.1094,19381.0996,19219.5801,19283.5391,19283.5391,148900000,yahoo
NIKKEI,2017-02-27,19130.5098,19178.9902,18995.5508,19107.4707,19107.4707,124200000,yahoo
NIKKEI,2017-02-28,19194.6797,19267.9902,19118.9902,19118.9902,19118.9902,132900000,yahoo
NIKKEI,2017-03-01,19226.9395,19414.5508,19164.6191,19393.5391,19393.5391,132300000,yahoo
NIKKEI,2017-03-02,19624.8203,19668.0098,19564.8008,19564.8008,19564.8008,146200000,yahoo
NIKKEI,2017-03-03,19551.3398,19587.7891,19392.75,19469.1699,19469.1699,111000000,yahoo
NIKKEI,2017-03-06,19409.1797,19411.5391,19340.3203,19379.1406,19379.1406,88000000,yahoo
NIKKEI,2017-03-07,19337.1895,19375.0898,19317.0996,19344.1504,19344.1504,98800000,yahoo
NIKKEI,2017-03-08,19308.5293,19326.4004,19198.7793,19254.0293,19254.0293,103200000,yahoo
NIKKEI,2017-03-09,19343.0605,19350.1992,19262.9805,19318.5801,19318.5801,101100000,yahoo
NIKKEI,2017-03-10,19444.7109,19623.7207,19427.8105,19604.6094,19604.6094,155300000,yahoo
NIKKEI,2017-03-13,19545.7402,19656.4805,19531.5098,19633.75,19633.75,92600000,yahoo
NIKKEI,2017-03-14,19634.2891,19637.5508,19599.6191,19609.5,19609.5,123300000,yahoo
NIKKEI,2017-03-15,19528.75,19581.5293,19503.7402,19577.3809,19577.3809,115700000,yahoo
NIKKEI,2017-03-16,19458.6992,19618.9902,19454.1699,19590.1406,19590.1406,122500000,yahoo
NIKKEI,2017-03-17,19510.8906,19547.5098,19487.9199,19521.5898,19521.5898,137100000,yahoo
NIKKEI,2017-03-21,19416.5508,19485.1406,19337.2207,19455.8809,19455.8809,101700000,yahoo
NIKKEI,2017-03-22,19146.6191,19183.2695,19026.5293,19041.3809,19041.3809,136600000,yahoo
NIKKEI,2017-03-23,19048.8398,19105.1094,18973.75,19085.3105,19085.3105,121000000,yahoo
NIKKEI,2017-03-24,19066.3496,19296.0508,19060.6406,19262.5293,19262.5293,127700000,yahoo
NIKKEI,2017-03-27,18985.5898,18985.5898,18985.5898,18985.5898,18985.5898,120800000,yahoo
NIKKEI,2017-03-28,19159.0703,19203.6406,19113.4395,19202.8691,19202.8691,122300000,yahoo
NIKKEI,2017-03-29,19216.7793,19251.3008,19164.6094,19217.4805,19217.4805,115100000,yahoo
NIKKEI,2017-03-30,19150.8203,19218.0801,19043.4805,19063.2207,19063.2207,124500000,yahoo
NIKKEI,2017-03-31,19170.4199,19210.9199,18909.2598,18909.2598,18909.2598,149200000,yahoo
NIKKEI,2017-04-03,18988,19068.6191,18920.5195,18983.2305,18983.2305,134200000,yahoo
NIKKEI,2017-04-04,18933.8203,18947.3301,18703.6309,18810.25,18810.25,146900000,yahoo
NIKKEI,2017-04-05,18900.6992,18941.9395,18773.9395,18861.2695,18861.2695,121600000,yahoo
NIKKEI,2017-04-06,18754.3691,18797.4395,18532.6504,18597.0605,18597.0605,133600000,yahoo
NIKKEI,2017-04-07,18714.9805,18785.7305,18517.4297,18664.6309,18664.6309,161600000,yahoo
NIKKEI,2017-04-10,18800.2207,18850.8008,18762.6992,18797.8809,18797.8809,111300000,yahoo
NIKKEI,2017-04-11,18717.5508,18767.6992,18661.8594,18747.8691,18747.8691,105100000,yahoo
NIKKEI,2017-04-12,18592.0996,18602.5,18460.5898,18552.6094,18552.6094,116300000,yahoo
NIKKEI,2017-04-13,18391.7207,18455.25,18304.7207,18426.8398,18426.8398,123700000,yahoo
NIKKEI,2017-04-14,18531.9102,18531.9102,18285.7305,18335.6309,18335.6309,0,yahoo
NIKKEI,2017-04-17,18239.8398,18361.4395,18224.6797,18355.2598,18355.2598,0,yahoo
NIKKEI,2017-04-18,18497.3809,18547.4609,18362.7305,18418.5898,18418.5898,93300000,yahoo
NIKKEI,2017-04-19,18327.3301,18467.7305,18327.3301,18432.1992,18432.1992,120800000,yahoo
NIKKEI,2017-04-20,18446.3906,18523.4004,18420.8203,18430.4902,18430.4902,116900000,yahoo
NIKKEI,2017-04-21,18591.8203,18648.2793,18542.4199,18620.75,18620.75,113200000,yahoo
NIKKEI,2017-04-24,18890.3809,18910.3301,18840.1309,18875.8809,18875.8809,98100000,yahoo
NIKKEI,2017-04-25,18872.5605,19109.7598,18867.1895,19079.3301,19079.3301,118000000,yahoo
NIKKEI,2017-04-26,19184.9199,19289.4297,19170.8594,19289.4297,19289.4297,129400000,yahoo
NIKKEI,2017-04-27,19205.5898,19281.6992,19199.5898,19251.8691,19251.8691,116700000,yahoo
NIKKEI,2017-04-28,19240.6504,19264.5703,19164.6797,19196.7402,19196.7402,117800000,yahoo
NIKKEI,2017-05-01,19154.0293,19311.2109,19144.6191,19310.5195,19310.5195,106500000,yahoo
NIKKEI,2017-05-02,19335.7207,19464.3008,19335.0195,19445.6992,19445.6992,112700000,yahoo
NIKKEI,2017-05-08,19709.0098,19929.4805,19705.1309,19895.6992,19895.6992,148700000,yahoo
NIKKEI,2017-05-09,19915.6406,19917.4492,19838.7109,19843,19843,123500000,yahoo
NIKKEI,2017-05-10,19890.5605,19938.5293,19866.3008,19900.0898,19900.0898,129000000,yahoo
NIKKEI,2017-05-11,19943.9492,19989.9395,19906.3496,19961.5508,19961.5508,136400000,yahoo
NIKKEI,2017-05-12,19941.6406,19941.6406,19809.9102,19883.9004,19883.9004,136800000,yahoo
NIKKEI,2017-05-15,19753.4609,19869.8496,19740.6309,19869.8496,19869.8496,128300000,yahoo
NIKKEI,2017-05-16,19953.0605,19998.4902,19862.4102,19919.8203,19919.8203,131100000,yahoo
NIKKEI,2017-05-17,19806.7793,19842.7793,19764.6309,19814.8809,19814.8809,118100000,yahoo
NIKKEI,2017-05-18,19556.9902,19601.5293,19449.7305,19553.8594,19553.8594,135700000,yahoo
NIKKEI,2017-05-19,19591.4102,19628.6406,19497.2891,19590.7598,19590.7598,115600000,yahoo
NIKKEI,2017-05-22,19670.4805,19722.9297,19618.7305,19678.2793,19678.2793,78500000,yahoo
NIKKEI,2017-05-23,19647.7402,19693.0195,19585.5391,19613.2793,19613.2793,83400000,yahoo
NIKKEI,2017-05-24,19777.5605,19782.8105,19690.0996,19742.9805,19742.9805,101300000,yahoo
NIKKEI,2017-05-25,19737.2109,19850.9297,19720.1191,19813.1309,19813.1309,95100000,yahoo
NIKKEI,2017-05-26,19798.4902,19801.5898,19686.4902,19686.8398,19686.8398,84500000,yahoo
NIKKEI,2017-05-29,19697.1797,19736.6191,19627.1895,19682.5703,19682.5703,67300000,yahoo
NIKKEI,2017-05-30,19681.1094,19691.4395,19570.1309,19677.8496,19677.8496,72600000,yahoo
NIKKEI,2017-05-31,19630.3301,19673.5098,19589.25,19650.5703,19650.5703,125100000,yahoo
NIKKEI,2017-06-01,19692.1602,19887.6602,19686.3203,19860.0293,19860.0293,103500000,yahoo
NIKKEI,2017-06-02,19970.2305,20239.8105,19967,20177.2793,20177.2793,150400000,yahoo
NIKKEI,2017-06-05,20135.4199,20224.5391,20104.1309,20170.8203,20170.8203,99100000,yahoo
NIKKEI,2017-06-06,20122.2598,20152.9492,19948.0195,19979.9004,19979.9004,102000000,yahoo
NIKKEI,2017-06-07,19951.6797,20023.2402,19908.0703,19984.6191,19984.6191,99200000,yahoo
NIKKEI,2017-06-08,20048.2793,20061.2207,19896.3496,19909.2598,19909.2598,125300000,yahoo
NIKKEI,2017-06-09,19953.0605,20096.0098,19927.0703,20013.2598,20013.2598,145300000,yahoo
NIKKEI,2017-06-12,19920.7695,19949.0703,19837.6406,19908.5801,19908.5801,112100000,yahoo
NIKKEI,2017-06-13,19859.8105,19929.0293,19850.8594,19898.75,19898.75,97200000,yahoo
NIKKEI,2017-06-14,19974.5605,20009.9297,19879.5996,19883.5195,19883.5195,92900000,yahoo
NIKKEI,2017-06-15,19815.5391,19963.3594,19755.3398,19831.8203,19831.8203,107000000,yahoo
NIKKEI,2017-06-16,19931.1504,20015.1602,19884.8008,19943.2598,19943.2598,135300000,yahoo
NIKKEI,2017-06-19,19974.3008,20087.7109,19949.8809,20067.75,20067.75,79700000,yahoo
NIKKEI,2017-06-20,20234.1191,20318.1094,20227.2891,20230.4102,20230.4102,99300000,yahoo
NIKKEI,2017-06-21,20192.1602,20215.1094,20117.7891,20138.7891,20138.7891,94900000,yahoo
NIKKEI,2017-06-22,20154.3809,20191.4199,20107.8906,20110.5098,20110.5098,84600000,yahoo
NIKKEI,2017-06-23,20152.5801,20152.5801,20089.5391,20132.6699,20132.6699,80500000,yahoo
NIKKEI,2017-06-26,20132.8105,20196.3809,20119.0391,20153.3496,20153.3496,77000000,yahoo
NIKKEI,2017-06-27,20229.1191,20250.0996,20185.1895,20225.0898,20225.0898,90300000,yahoo
NIKKEI,2017-06-28,20149.1992,20224.3008,20110.4902,20130.4102,20130.4102,115500000,yahoo
NIKKEI,2017-06-29,20260.8691,20266.5898,20197.3809,20220.3008,20220.3008,118800000,yahoo
NIKKEI,2017-06-30,20025.6309,20044.0098,19946.5098,20033.4297,20033.4297,116600000,yahoo
NIKKEI,2017-07-03,20056.3203,20096.1406,20030.6094,20055.8008,20055.8008,83400000,yahoo
NIKKEI,2017-07-04,20192.2695,20197.1602,19971.5293,20032.3496,20032.3496,100300000,yahoo
NIKKEI,2017-07-05,20015.0703,20087.0098,19888.9004,20081.6309,20081.6309,94600000,yahoo
NIKKEI,2017-07-06,20061.6797,20078.8809,19947.6309,19994.0605,19994.0605,92700000,yahoo
NIKKEI,2017-07-07,19856.6504,19979.9297,19856.6504,19929.0898,19929.0898,91900000,yahoo
NIKKEI,2017-07-10,20070.4395,20127.7598,20023.0293,20080.9805,20080.9805,85700000,yahoo
NIKKEI,2017-07-11,20073.8594,20200.8809,20070.6699,20195.4805,20195.4805,77300000,yahoo
NIKKEI,2017-07-12,20137.2207,20153.0391,20061.1602,20098.3809,20098.3809,81400000,yahoo
NIKKEI,2017-07-13,20177.2793,20183.8008,20062.2695,20099.8105,20099.8105,90500000,yahoo
NIKKEI,2017-07-14,20157.9199,20163.6699,20101.7109,20118.8594,20118.8594,83100000,yahoo
NIKKEI,2017-07-18,20074.4102,20081.2891,19943.1406,19999.9102,19999.9102,93400000,yahoo
NIKKEI,2017-07-19,19970.7793,20032.4609,19947.2598,20020.8594,20020.8594,81200000,yahoo
NIKKEI,2017-07-20,20046.9004,20157.1094,20032.2305,20144.5898,20144.5898,80800000,yahoo
NIKKEI,2017-07-21,20089.8594,20135.3301,20081.9102,20099.75,20099.75,78700000,yahoo
NIKKEI,2017-07-24,19973.6699,20002.5391,19901.8809,19975.6699,19975.6699,81300000,yahoo
NIKKEI,2017-07-25,19979.5605,20036.3105,19941.6094,19955.1992,19955.1992,70100000,yahoo
NIKKEI,2017-07-26,20098.1406,20116,20016.5801,20050.1602,20050.1602,85500000,yahoo
NIKKEI,2017-07-27,20026.5801,20176.3906,20005.1992,20079.6406,20079.6406,89900000,yahoo
NIKKEI,2017-07-28,20048.4609,20056.1602,19926.5996,19959.8398,19959.8398,108500000,yahoo
NIKKEI,2017-07-31,19933.4492,19983.9004,19891.9004,19925.1797,19925.1797,140300000,yahoo
NIKKEI,2017-08-01,19907.0801,20000.4609,19904.7207,19985.7891,19985.7891,110100000,yahoo
NIKKEI,2017-08-02,20057.0703,20113.7305,20022.0508,20080.0391,20080.0391,95600000,yahoo
NIKKEI,2017-08-03,20066,20070.1602,19985.4004,20029.2598,20029.2598,89300000,yahoo
NIKKEI,2017-08-04,19949.7891,19984.5098,19933.5898,19952.3301,19952.3301,76500000,yahoo
NIKKEI,2017-08-07,20059.2891,20085.9004,20037.4004,20055.8906,20055.8906,75300000,yahoo
NIKKEI,2017-08-08,20062.6504,20076.8008,19970.5703,19996.0098,19996.0098,80400000,yahoo
NIKKEI,2017-08-09,19928.9609,19945.2793,19660.2207,19738.7109,19738.7109,104400000,yahoo
NIKKEI,2017-08-10,19792.4492,19829.8809,19685.8301,19729.7402,19729.7402,104200000,yahoo
NIKKEI,2017-08-14,19545.5801,19598.4102,19486.4805,19537.0996,19537.0996,108300000,yahoo
NIKKEI,2017-08-15,19689.3809,19824.1191,19656.9102,19753.3105,19753.3105,90300000,yahoo
NIKKEI,2017-08-16,19750.5508,19776.8594,19719.0801,19729.2793,19729.2793,69400000,yahoo
NIKKEI,2017-08-17,19707.75,19739.0391,19679.3691,19702.6309,19702.6309,71900000,yahoo
NIKKEI,2017-08-18,19471.2695,19543.1309,19433.0898,19470.4102,19470.4102,95700000,yahoo
NIKKEI,2017-08-21,19509.5293,19509.5293,19365.6504,19393.1309,19393.1309,75300000,yahoo
NIKKEI,2017-08-22,19373.1094,19437.25,19361.9492,19383.8398,19383.8398,70500000,yahoo
NIKKEI,2017-08-23,19547.0508,19561.3203,19408.4707,19434.6406,19434.6406,78500000,yahoo
NIKKEI,2017-08-24,19366.3594,19428.5508,19351.9199,19353.7695,19353.7695,75400000,yahoo
NIKKEI,2017-08-25,19401.1191,19485.9707,19384.3691,19452.6094,19452.6094,70700000,yahoo
NIKKEI,2017-08-28,19502.2305,19535.5,19420.5,19449.9004,19449.9004,69500000,yahoo
NIKKEI,2017-08-29,19319.1094,19371.9004,19280.0195,19362.5508,19362.5508,75000000,yahoo
NIKKEI,2017-08-30,19480.9805,19538.2305,19435.0996,19506.5391,19506.5391,91800000,yahoo
NIKKEI,2017-08-31,19591.3203,19687.9902,19583.1094,19646.2402,19646.2402,97900000,yahoo
NIKKEI,2017-09-01,19733.5703,19735.9609,19620.0703,19691.4707,19691.4707,79400000,yahoo
NIKKEI,2017-09-04,19615.9609,19628.4004,19479.4004,19508.25,19508.25,71700000,yahoo
NIKKEI,2017-09-05,19533.3809,19542.7793,19354.5898,19385.8105,19385.8105,77600000,yahoo
NIKKEI,2017-09-06,19286.0605,19371.3809,19254.6699,19357.9707,19357.9707,88500000,yahoo
NIKKEI,2017-09-07,19433.4395,19482.7207,19365.75,19396.5195,19396.5195,81900000,yahoo
NIKKEI,2017-09-08,19297.9609,19357.4902,19239.5195,19274.8203,19274.8203,106600000,yahoo
NIKKEI,2017-09-11,19441.3906,19567.0293,19437.1406,19545.7695,19545.7695,78700000,yahoo
NIKKEI,2017-09-12,19736.1406,19792.0605,19718.8008,19776.6191,19776.6191,89900000,yahoo
NIKKEI,2017-09-13,19873.6895,19888.8398,19845.0195,19865.8203,19865.8203,84500000,yahoo
NIKKEI,2017-09-14,19860.3691,19918.3906,19793.8496,19807.4395,19807.4395,93700000,yahoo
NIKKEI,2017-09-15,19793.8008,19933.4004,19787.6504,19909.5,19909.5,111900000,yahoo
NIKKEI,2017-09-19,20128.1797,20320.7793,20122,20299.3809,20299.3809,120900000,yahoo
NIKKEI,2017-09-20,20301.3301,20339.3691,20272.8203,20310.4609,20310.4609,100400000,yahoo
NIKKEI,2017-09-21,20456.5,20481.2695,20332.6895,20347.4805,20347.4805,115900000,yahoo
NIKKEI,2017-09-22,20413.6094,20417.0703,20249.2402,20296.4492,20296.4492,95400000,yahoo
NIKKEI,2017-09-25,20439.4297,20454.2891,20367.0293,20397.5801,20397.5801,82800000,yahoo
NIKKEI,2017-09-26,20349.2598,20385.5,20303.9805,20330.1895,20330.1895,95000000,yahoo
NIKKEI,2017-09-27,20269.8203,20278.0898,20213.6602,20267.0508,20267.0508,63600000,yahoo
NIKKEI,2017-09-28,20398.6309,20399.8691,20299.6797,20363.1094,20363.1094,84000000,yahoo
NIKKEI,2017-09-29,20315.3398,20370.3301,20285.0605,20356.2793,20356.2793,85100000,yahoo
NIKKEI,2017-10-02,20400.5098,20411.3301,20363.2793,20400.7793,20400.7793,67600000,yahoo
NIKKEI,2017-10-03,20475.25,20628.3809,20438.1699,20614.0703,20614.0703,72800000,yahoo
NIKKEI,2017-10-04,20660.8105,20689.0801,20592.1797,20626.6602,20626.6602,73500000,yahoo
NIKKEI,2017-10-05,20650.7109,20667.4707,20602.2598,20628.5605,20628.5605,57300000,yahoo
NIKKEI,2017-10-06,20716.8496,20721.1504,20659.1504,20690.7109,20690.7109,75900000,yahoo
NIKKEI,2017-10-10,20680.5391,20823.6602,20663.0801,20823.5098,20823.5098,78300000,yahoo
NIKKEI,2017-10-11,20803.7109,20898.4102,20788.1191,20881.2695,20881.2695,80200000,yahoo
NIKKEI,2017-10-12,20958.1797,20994.4004,20917.0391,20954.7207,20954.7207,80400000,yahoo
NIKKEI,2017-10-13,20959.6602,21211.2891,20933,21155.1797,21155.1797,110500000,yahoo
NIKKEI,2017-10-16,21221.2695,21347.0703,21187.9297,21255.5605,21255.5605,102300000,yahoo
NIKKEI,2017-10-17,21352.1699,21393.9609,21230.6699,21336.1191,21336.1191,92400000,yahoo
NIKKEI,2017-10-18,21374.6602,21402.7598,21317.6699,21363.0508,21363.0508,72700000,yahoo
NIKKEI,2017-10-19,21450.0391,21503.8496,21381.5195,21448.5195,21448.5195,84600000,yahoo
NIKKEI,2017-10-20,21390.9492,21489.2598,21363.0996,21457.6406,21457.6406,85700000,yahoo
NIKKEI,2017-10-23,21709.3008,21723.5996,21614.5098,21696.6504,21696.6504,87400000,yahoo
NIKKEI,2017-10-24,21670,21805.1699,21646.5195,21805.1699,21805.1699,88200000,yahoo
NIKKEI,2017-10-25,21900.1309,21921.3594,21648.3496,21707.6191,21707.6191,122000000,yahoo
NIKKEI,2017-10-26,21698.9492,21793.6191,21688.5605,21739.7793,21739.7793,82600000,yahoo
NIKKEI,2017-10-27,21903.2695,22016.5,21815.7207,22008.4492,22008.4492,120400000,yahoo
NIKKEI,2017-10-30,22047.9492,22086.8809,21921.2402,22011.6699,22011.6699,135600000,yahoo
NIKKEI,2017-10-31,21897.2891,22020.3809,21840.0703,22011.6094,22011.6094,102400000,yahoo
NIKKEI,2017-11-01,22144.9199,22455.9199,22130.0293,22420.0801,22420.0801,112600000,yahoo
NIKKEI,2017-11-02,22512.1797,22540.25,22400.0098,22539.1191,22539.1191,105700000,yahoo
NIKKEI,2017-11-06,22612.9609,22644.6797,22435.3398,22548.3496,22548.3496,111900000,yahoo
NIKKEI,2017-11-07,22518.75,22953.1797,22512.9102,22937.5996,22937.5996,107800000,yahoo
NIKKEI,2017-11-08,22849.9102,22922.8008,22759.0703,22913.8203,22913.8203,100200000,yahoo
NIKKEI,2017-11-09,22989.4395,23382.1504,22522.8301,22868.7109,22868.7109,160400000,yahoo
NIKKEI,2017-11-10,22580.6992,22724.3906,22511.9297,22681.4199,22681.4199,106600000,yahoo
NIKKEI,2017-11-13,22607.5605,22607.9199,22380.9902,22380.9902,22380.9902,80700000,yahoo
NIKKEI,2017-11-14,22342.9297,22532.3008,22323.2402,22380.0098,22380.0098,95900000,yahoo
NIKKEI,2017-11-15,22250.9805,22305.2402,22004.7891,22028.3203,22028.3203,120600000,yahoo
NIKKEI,2017-11-16,21975.2305,22392.1309,21972.3398,22351.1191,22351.1191,96600000,yahoo
NIKKEI,2017-11-17,22603.3008,22757.4004,22319.1191,22396.8008,22396.8008,113700000,yahoo
NIKKEI,2017-11-20,22279.9805,22410.2402,22215.0703,22261.7598,22261.7598,71700000,yahoo
NIKKEI,2017-11-21,22456.7891,22563.25,22416.4805,22416.4805,22416.4805,76100000,yahoo
NIKKEI,2017-11-22,22601.5508,22677.3398,22513.4395,22523.1504,22523.1504,81100000,yahoo
NIKKEI,2017-11-24,22390.1406,22567.1992,22381.0098,22550.8496,22550.8496,64800000,yahoo
NIKKEI,2017-11-27,22657.0801,22659.3301,22423.4004,22495.9902,22495.9902,66600000,yahoo
NIKKEI,2017-11-28,22474.7402,22580.9902,22363.9395,22486.2402,22486.2402,76800000,yahoo
NIKKEI,2017-11-29,22613.9609,22643.9297,22537.1191,22597.1992,22597.1992,90700000,yahoo
NIKKEI,2017-11-30,22601.8301,22748.3203,22502.6797,22724.9609,22724.9609,140700000,yahoo
NIKKEI,2017-12-01,22916.9297,22994.3105,22675.0703,22819.0293,22819.0293,89700000,yahoo
NIKKEI,2017-12-04,22843.5293,22864.3301,22693.9902,22707.1602,22707.1602,68900000,yahoo
NIKKEI,2017-12-05,22595.3301,22682.7109,22522.2793,22622.3809,22622.3809,75900000,yahoo
NIKKEI,2017-12-06,22525.3809,22528.2109,22119.2109,22177.0391,22177.0391,97300000,yahoo
NIKKEI,2017-12-07,22317.1504,22515.2402,22317.1504,22498.0293,22498.0293,79500000,yahoo
NIKKEI,2017-12-08,22627.9492,22819.7109,22625.4102,22811.0801,22811.0801,106900000,yahoo
NIKKEI,2017-12-11,22894.3008,22938.7305,22787.4004,22938.7305,22938.7305,69500000,yahoo
NIKKEI,2017-12-12,22936.4102,22994.3301,22834.8906,22866.1699,22866.1699,86100000,yahoo
NIKKEI,2017-12-13,22879.2695,22879.3691,22697.3203,22758.0703,22758.0703,91400000,yahoo
NIKKEI,2017-12-14,22699.3008,22786.6094,22638.7598,22694.4492,22694.4492,85100000,yahoo
NIKKEI,2017-12-15,22621.3594,22745.0898,22478.3203,22553.2207,22553.2207,99400000,yahoo
NIKKEI,2017-12-18,22770.4395,22927.5,22735.1992,22901.7695,22901.7695,85200000,yahoo
NIKKEI,2017-12-19,22961.4707,22990.4199,22862.8203,22868,22868,70500000,yahoo
NIKKEI,2017-12-20,22834.9297,22923.5,22806.7305,22891.7207,22891.7207,92400000,yahoo
NIKKEI,2017-12-21,22852.0098,22894.9492,22728.0605,22866.0996,22866.0996,73000000,yahoo
NIKKEI,2017-12-22,22850.7305,22908.8398,22801.1602,22902.7598,22902.7598,77800000,yahoo
NIKKEI,2017-12-25,22909.4102,22948.8301,22870.1895,22939.1797,22939.1797,0,yahoo
NIKKEI,2017-12-26,22922.9492,22950.1504,22877.6309,22892.6895,22892.6895,46400000,yahoo
NIKKEI,2017-12-27,22854.3906,22936.1602,22854.3906,22911.2109,22911.2109,47200000,yahoo
NIKKEI,2017-12-28,22912.0508,22954.4492,22736.4297,22783.9805,22783.9805,50300000,yahoo
NIKKEI,2017-12-29,22831.4902,22881.2109,22753.1992,22764.9395,22764.9395,46500000,yahoo
SP500,2017-01-03,2251.5701,2263.8799,2245.1299,2257.8301,2257.8301,3773010000,yahoo
SP500,2017-01-04,2261.6001,2272.8201,2261.6001,2270.75,2270.75,3768890000,yahoo
SP500,2017-01-05,2268.1799,2271.5,2260.45,2269,2269,3785080000,yahoo
SP500,2017-01-06,2271.1399,2282.1001,2264.0601,2276.98,2276.98,3342080000,yahoo
SP500,2017-01-09,2273.5901,2275.49,2268.8999,2268.8999,2268.8999,3219730000,yahoo
SP500,2017-01-10,2269.72,2279.27,2265.27,2268.8999,2268.8999,3640560000,yahoo
SP500,2017-01-11,2268.6001,2275.3201,2260.8301,2275.3201,2275.3201,3625080000,yahoo
SP500,2017-01-12,2271.1399,2271.78,2254.25,2270.4399,2270.4399,3466220000,yahoo
SP500,2017-01-13,2272.74,2278.6799,2271.51,2274.6399,2274.6399,3090680000,yahoo
SP500,2017-01-17,2269.1399,2272.0801,2262.8101,2267.8899,2267.8899,3586950000,yahoo
SP500,2017-01-18,2269.1399,2272.01,2263.3501,2271.8899,2271.8899,3317670000,yahoo
SP500,2017-01-19,2271.8999,2274.3301,2258.4099,2263.6899,2263.6899,3168390000,yahoo
SP500,2017-01-20,2269.96,2276.96,2265.01,2271.3101,2271.3101,3536850000,yahoo
SP500,2017-01-23,2267.78,2271.78,2257.02,2265.2,2265.2,3155240000,yahoo
SP500,2017-01-24,2267.8799,2284.6299,2266.6799,2280.0701,2280.0701,3816950000,yahoo
SP500,2017-01-25,2288.8799,2299.55,2288.8799,2298.3701,2298.3701,3849340000,yahoo
SP500,2017-01-26,2298.6299,2300.99,2294.0801,2296.6799,2296.6799,3611510000,yahoo
SP500,2017-01-27,2299.02,2299.02,2291.6201,2294.6899,2294.6899,3137420000,yahoo
SP500,2017-01-30,2286.01,2286.01,2268.04,2280.8999,2280.8999,3595040000,yahoo
SP500,2017-01-31,2274.02,2279.0901,2267.21,2278.8701,2278.8701,4089730000,yahoo
SP500,2017-02-01,2285.5901,2289.1399,2272.4399,2279.55,2279.55,3919190000,yahoo
SP500,2017-02-02,2276.6899,2283.97,2271.6499,2280.8501,2280.8501,3809760000,yahoo
SP500,2017-02-03,2288.54,2298.3101,2287.8799,2297.4199,2297.4199,3605970000,yahoo
SP500,2017-02-06,2294.28,2296.1799,2288.5701,2292.5601,2292.5601,3112390000,yahoo
SP500,2017-02-07,2295.8701,2299.3999,2290.1599,2293.0801,2293.0801,3452460000,yahoo
SP500,2017-02-08,2289.55,2295.9099,2285.3799,2294.6699,2294.6699,3611950000,yahoo
SP500,2017-02-09,2296.7,2311.0801,2296.6101,2307.8701,2307.8701,3681600000,yahoo
SP500,2017-02-10,2312.27,2319.23,2311.1001,2316.1001,2316.1001,3496600000,yahoo
SP500,2017-02-13,2321.72,2331.5801,2321.4199,2328.25,2328.25,3352370000,yahoo
SP500,2017-02-14,2326.1201,2337.5801,2322.1699,2337.5801,2337.5801,3528040000,yahoo
SP500,2017-02-15,2335.5801,2351.3,2334.8101,2349.25,2349.25,3785870000,yahoo
SP500,2017-02-16,2349.6399,2351.3101,2338.8701,2347.22,2347.22,3675900000,yahoo
SP500,2017-02-17,2343.01,2351.1599,2339.5801,2351.1599,2351.1599,3516830000,yahoo
SP500,2017-02-21,2354.9099,2366.71,2354.9099,2365.3799,2365.3799,3587520000,yahoo
SP500,2017-02-22,2361.1101,2365.1299,2358.3401,2362.8201,2362.8201,3473170000,yahoo
SP500,2017-02-23,2367.5,2368.26,2355.0901,2363.8101,2363.8101,4021770000,yahoo
SP500,2017-02-24,2355.73,2367.3401,2352.8701,2367.3401,2367.3401,3832410000,yahoo
SP500,2017-02-27,2365.23,2371.54,2361.8701,2369.75,2369.75,3584680000,yahoo
SP500,2017-02-28,2366.0801,2367.79,2358.96,2363.6399,2363.6399,4212460000,yahoo
SP500,2017-03-01,2380.1299,2400.98,2380.1299,2395.96,2395.96,4347630000,yahoo
SP500,2017-03-02,2394.75,2394.75,2380.1699,2381.9199,2381.9199,3824030000,yahoo
SP500,2017-03-03,2380.9199,2383.8899,2375.3899,2383.1201,2383.1201,3556670000,yahoo
SP500,2017-03-06,2375.23,2378.8,2367.98,2375.3101,2375.3101,3251800000,yahoo
SP500,2017-03-07,2370.74,2375.1201,2365.51,2368.3899,2368.3899,3526300000,yahoo
SP500,2017-03-08,2369.8101,2373.0901,2361.01,2362.98,2362.98,3814080000,yahoo
SP500,2017-03-09,2363.49,2369.0801,2354.54,2364.8701,2364.8701,3718450000,yahoo
SP500,2017-03-10,2372.52,2376.8601,2363.04,2372.6001,2372.6001,3434400000,yahoo
SP500,2017-03-13,2371.5601,2374.4199,2368.52,2373.47,2373.47,3166650000,yahoo
SP500,2017-03-14,2368.55,2368.55,2358.1799,2365.45,2365.45,3173760000,yahoo
SP500,2017-03-15,2370.3401,2390.01,2368.9399,2385.26,2385.26,3909490000,yahoo
SP500,2017-03-16,2387.71,2388.1001,2377.1799,2381.3799,2381.3799,3368880000,yahoo
SP500,2017-03-17,2383.71,2385.71,2377.6399,2378.25,2378.25,5179820000,yahoo
SP500,2017-03-20,2378.24,2379.55,2369.6599,2373.47,2373.47,3061560000,yahoo
SP500,2017-03-21,2379.3201,2381.9299,2341.8999,2344.02,2344.02,4278890000,yahoo
SP500,2017-03-22,2343,2351.8101,2336.45,2348.45,2348.45,3575160000,yahoo
SP500,2017-03-23,2345.97,2358.9199,2342.1299,2345.96,2345.96,3262400000,yahoo
SP500,2017-03-24,2350.4199,2356.22,2335.74,2343.98,2343.98,2978530000,yahoo
SP500,2017-03-27,2329.1101,2344.8999,2322.25,2341.5901,2341.5901,3242300000,yahoo
SP500,2017-03-28,2339.79,2363.78,2337.6299,2358.5701,2358.5701,3369120000,yahoo
SP500,2017-03-29,2356.54,2363.3601,2352.9399,2361.1299,2361.1299,3107670000,yahoo
SP500,2017-03-30,2361.3101,2370.4199,2358.5801,2368.0601,2368.0601,3159680000,yahoo
SP500,2017-03-31,2364.8201,2370.3501,2362.6001,2362.72,2362.72,3356740000,yahoo
SP500,2017-04-03,2362.3401,2365.8701,2344.73,2358.8401,2358.8401,3418730000,yahoo
SP500,2017-04-04,2354.76,2360.53,2350.72,2360.1599,2360.1599,3208340000,yahoo
SP500,2017-04-05,2366.5901,2378.3601,2350.52,2352.95,2352.95,3780650000,yahoo
SP500,2017-04-06,2353.79,2364.1599,2348.8999,2357.49,2357.49,3203250000,yahoo
SP500,2017-04-07,2356.5901,2363.76,2350.74,2355.54,2355.54,3054700000,yahoo
SP500,2017-04-10,2357.1599,2366.3701,2351.5,2357.1599,2357.1599,2792570000,yahoo
SP500,2017-04-11,2353.9199,2355.22,2337.25,2353.78,2353.78,3120900000,yahoo
SP500,2017-04-12,2352.1499,2352.72,2341.1799,2344.9299,2344.9299,3201300000,yahoo
SP500,2017-04-13,2341.98,2348.26,2328.95,2328.95,2328.95,3146380000,yahoo
SP500,2017-04-17,2332.6201,2349.1399,2332.51,2349.01,2349.01,2826890000,yahoo
SP500,2017-04-18,2342.53,2348.3501,2334.54,2342.1899,2342.1899,3272210000,yahoo
SP500,2017-04-19,2346.79,2352.6299,2335.05,2338.1699,2338.1699,3521160000,yahoo
SP500,2017-04-20,2342.6899,2361.3701,2340.9099,2355.8401,2355.8401,3648990000,yahoo
SP500,2017-04-21,2354.74,2356.1799,2344.51,2348.6899,2348.6899,3524160000,yahoo
SP500,2017-04-24,2370.3301,2376.98,2369.1899,2374.1499,2374.1499,3711170000,yahoo
SP500,2017-04-25,2381.51,2392.48,2381.1499,2388.6101,2388.6101,4005820000,yahoo
SP500,2017-04-26,2388.98,2398.1599,2386.78,2387.45,2387.45,4111350000,yahoo
SP500,2017-04-27,2389.7,2392.1001,2382.6799,2388.77,2388.77,4099940000,yahoo
SP500,2017-04-28,2393.6799,2393.6799,2382.3601,2384.2,2384.2,3721350000,yahoo
SP500,2017-05-01,2388.5,2394.49,2384.8301,2388.3301,2388.3301,3201500000,yahoo
SP500,2017-05-02,2391.05,2392.9299,2385.8201,2391.1699,2391.1699,3861360000,yahoo
SP500,2017-05-03,2386.5,2389.8201,2379.75,2388.1299,2388.1299,3896760000,yahoo
SP500,2017-05-04,2389.79,2391.4299,2380.3501,2389.52,2389.52,4367860000,yahoo
SP500,2017-05-05,2392.3701,2399.29,2389.3799,2399.29,2399.29,3543240000,yahoo
SP500,2017-05-08,2399.9399,2401.3601,2393.9199,2399.3799,2399.3799,3429990000,yahoo
SP500,2017-05-09,2401.5801,2403.8701,2392.4399,2396.9199,2396.9199,3657840000,yahoo
SP500,2017-05-10,2396.79,2399.74,2392.79,2399.6299,2399.6299,3649370000,yahoo
SP500,2017-05-11,2394.8401,2395.72,2381.74,2394.4399,2394.4399,3727710000,yahoo
SP500,2017-05-12,2392.4399,2392.4399,2387.1899,2390.8999,2390.8999,3304620000,yahoo
SP500,2017-05-15,2393.98,2404.05,2393.9399,2402.3201,2402.3201,3490080000,yahoo
SP500,2017-05-16,2404.55,2405.77,2396.05,2400.6699,2400.6699,3421810000,yahoo
SP500,2017-05-17,2382.95,2384.8701,2356.21,2357.03,2357.03,4164760000,yahoo
SP500,2017-05-18,2354.6899,2375.74,2352.72,2365.72,2365.72,4319440000,yahoo
SP500,2017-05-19,2371.3701,2389.0601,2370.4299,2381.73,2381.73,3831700000,yahoo
SP500,2017-05-22,2387.21,2395.46,2386.9199,2394.02,2394.02,3176580000,yahoo
SP500,2017-05-23,2397.04,2400.8501,2393.8799,2398.4199,2398.4199,3216560000,yahoo
SP500,2017-05-24,2401.4099,2405.5801,2397.99,2404.3899,2404.3899,3389240000,yahoo
SP500,2017-05-25,2409.54,2418.71,2408.01,2415.0701,2415.0701,3538210000,yahoo
SP500,2017-05-26,2414.5,2416.6799,2412.2,2415.8201,2415.8201,2806930000,yahoo
SP500,2017-05-30,2411.6699,2415.26,2409.4299,2412.9099,2412.9099,3205860000,yahoo
SP500,2017-05-31,2415.6299,2415.99,2403.5901,2411.8,2411.8,4518040000,yahoo
SP500,2017-06-01,2415.6499,2430.0601,2413.54,2430.0601,2430.0601,3860620000,yahoo
SP500,2017-06-02,2431.28,2440.23,2427.71,2439.0701,2439.0701,3465500000,yahoo
SP500,2017-06-05,2437.8301,2439.55,2434.3201,2436.1001,2436.1001,2916720000,yahoo
SP500,2017-06-06,2431.9199,2436.21,2428.1201,2429.3301,2429.3301,3376750000,yahoo
SP500,2017-06-07,2432.03,2435.28,2424.75,2433.1399,2433.1399,3576220000,yahoo
SP500,2017-06-08,2434.27,2439.27,2427.9399,2433.79,2433.79,3735980000,yahoo
SP500,2017-06-09,2436.3899,2446.2,2415.7,2431.77,2431.77,4029860000,yahoo
SP500,2017-06-12,2425.8799,2430.3799,2419.97,2429.3899,2429.3899,4031840000,yahoo
SP500,2017-06-13,2434.1499,2441.49,2431.28,2440.3501,2440.3501,3278240000,yahoo
SP500,2017-06-14,2443.75,2443.75,2428.3401,2437.9199,2437.9199,3558640000,yahoo
SP500,2017-06-15,2424.1399,2433.95,2418.53,2432.46,2432.46,3371980000,yahoo
SP500,2017-06-16,2431.24,2433.1499,2422.8799,2433.1499,2433.1499,5299380000,yahoo
SP500,2017-06-19,2442.55,2453.8201,2441.79,2453.46,2453.46,3271480000,yahoo
SP500,2017-06-20,2450.6599,2450.6599,2436.6001,2437.03,2437.03,3422700000,yahoo
SP500,2017-06-21,2439.3101,2442.23,2430.74,2435.6101,2435.6101,3599190000,yahoo
SP500,2017-06-22,2437.3999,2441.6201,2433.27,2434.5,2434.5,3477250000,yahoo
SP500,2017-06-23,2434.6499,2441.3999,2431.1101,2438.3,2438.3,5282460000,yahoo
SP500,2017-06-26,2443.3201,2450.4199,2437.03,2439.0701,2439.0701,3243660000,yahoo
SP500,2017-06-27,2436.3401,2440.1499,2419.3799,2419.3799,2419.3799,3564770000,yahoo
SP500,2017-06-28,2428.7,2442.97,2428.02,2440.6899,2440.6899,3479980000,yahoo
SP500,2017-06-29,2442.3799,2442.73,2405.7,2419.7,2419.7,3869560000,yahoo
SP500,2017-06-30,2429.2,2432.71,2421.6499,2423.4099,2423.4099,3366030000,yahoo
SP500,2017-07-03,2431.3899,2439.1699,2428.6899,2429.01,2429.01,1901480000,yahoo
SP500,2017-07-05,2430.78,2434.8999,2422.05,2432.54,2432.54,3368150000,yahoo
SP500,2017-07-06,2423.4399,2424.28,2407.7,2409.75,2409.75,3368710000,yahoo
SP500,2017-07-07,2413.52,2426.9199,2413.52,2425.1799,2425.1799,2929390000,yahoo
SP500,2017-07-10,2424.51,2432,2422.27,2427.4299,2427.4299,3009880000,yahoo
SP500,2017-07-11,2427.3501,2429.3,2412.79,2425.53,2425.53,3108800000,yahoo
SP500,2017-07-12,2435.75,2445.76,2435.75,2443.25,2443.25,3176900000,yahoo
SP500,2017-07-13,2444.99,2449.3201,2441.6899,2447.8301,2447.8301,3068510000,yahoo
SP500,2017-07-14,2449.1599,2463.54,2446.6899,2459.27,2459.27,2738460000,yahoo
SP500,2017-07-17,2459.5,2462.8201,2457.1599,2459.1399,2459.1399,2800580000,yahoo
SP500,2017-07-18,2455.8799,2460.9199,2450.3401,2460.6101,2460.6101,2974090000,yahoo
SP500,2017-07-19,2463.8501,2473.8301,2463.8501,2473.8301,2473.8301,3063810000,yahoo
SP500,2017-07-20,2475.5601,2477.6201,2468.4299,2473.45,2473.45,3223820000,yahoo
SP500,2017-07-21,2467.3999,2472.54,2465.0601,2472.54,2472.54,3066880000,yahoo
SP500,2017-07-24,2472.04,2473.1001,2466.3201,2469.9099,2469.9099,3019920000,yahoo
SP500,2017-07-25,2477.8799,2481.24,2474.9099,2477.1299,2477.1299,4116360000,yahoo
SP500,2017-07-26,2479.97,2481.6899,2474.9399,2477.8301,2477.8301,3597830000,yahoo
SP500,2017-07-27,2482.76,2484.04,2459.9299,2475.4199,2475.4199,4035740000,yahoo
SP500,2017-07-28,2469.1201,2473.53,2464.6599,2472.1001,2472.1001,3302850000,yahoo
SP500,2017-07-31,2475.9399,2477.96,2468.53,2470.3,2470.3,3475930000,yahoo
SP500,2017-08-01,2477.1001,2478.51,2471.1399,2476.3501,2476.3501,3470260000,yahoo
SP500,2017-08-02,2480.3799,2480.3799,2466.48,2477.5701,2477.5701,3487150000,yahoo
SP500,2017-08-03,2476.03,2476.03,2468.8501,2472.1599,2472.1599,3662410000,yahoo
SP500,2017-08-04,2476.8799,2480,2472.0801,2476.8301,2476.8301,3239980000,yahoo
SP500,2017-08-07,2477.1399,2480.95,2475.8799,2480.9099,2480.9099,2935130000,yahoo
SP500,2017-08-08,2478.3501,2490.8701,2470.3201,2474.9199,2474.9199,3347480000,yahoo
SP500,2017-08-09,2465.3501,2474.4099,2462.0801,2474.02,2474.02,3310960000,yahoo
SP500,2017-08-10,2465.3799,2465.3799,2437.75,2438.21,2438.21,3635820000,yahoo
SP500,2017-08-11,2441.04,2448.0901,2437.8501,2441.3201,2441.3201,3161830000,yahoo
SP500,2017-08-14,2454.96,2468.22,2454.96,2465.8401,2465.8401,2824320000,yahoo
SP500,2017-08-15,2468.6599,2468.8999,2461.6101,2464.6101,2464.6101,2922430000,yahoo
SP500,2017-08-16,2468.6299,2474.9299,2463.8601,2468.1101,2468.1101,2956570000,yahoo
SP500,2017-08-17,2462.95,2465.02,2430.01,2430.01,2430.01,3164950000,yahoo
SP500,2017-08-18,2427.6399,2440.27,2420.6899,2425.55,2425.55,3426970000,yahoo
SP500,2017-08-21,2425.5,2430.5801,2417.3501,2428.3701,2428.3701,2803650000,yahoo
SP500,2017-08-22,2433.75,2454.77,2433.6699,2452.51,2452.51,2780990000,yahoo
SP500,2017-08-23,2444.8799,2448.9099,2441.4199,2444.04,2444.04,2796950000,yahoo
SP500,2017-08-24,2447.9099,2450.3899,2436.1899,2438.97,2438.97,2849680000,yahoo
SP500,2017-08-25,2444.72,2453.96,2442.22,2443.05,2443.05,2593350000,yahoo
SP500,2017-08-28,2447.3501,2449.1201,2439.03,2444.24,2444.24,2682920000,yahoo
SP500,2017-08-29,2431.9399,2449.1899,2428.2,2446.3,2446.3,2739460000,yahoo
SP500,2017-08-30,2446.0601,2460.3101,2443.77,2457.5901,2457.5901,2637780000,yahoo
SP500,2017-08-31,2462.6499,2475.01,2462.6499,2471.6499,2471.6499,3353860000,yahoo
SP500,2017-09-01,2474.4199,2480.3799,2473.8501,2476.55,2476.55,2712780000,yahoo
SP500,2017-09-05,2470.3501,2471.97,2446.55,2457.8501,2457.8501,3502190000,yahoo
SP500,2017-09-06,2463.8301,2469.6399,2459.2,2465.54,2465.54,3400200000,yahoo
SP500,2017-09-07,2468.0601,2468.6201,2460.29,2465.1001,2465.1001,3365780000,yahoo
SP500,2017-09-08,2462.25,2467.1101,2459.3999,2461.4299,2461.4299,3308360000,yahoo
SP500,2017-09-11,2474.52,2488.95,2474.52,2488.1101,2488.1101,3293460000,yahoo
SP500,2017-09-12,2491.9399,2496.77,2490.3701,2496.48,2496.48,3234280000,yahoo
SP500,2017-09-13,2493.8899,2498.3701,2492.1399,2498.3701,2498.3701,3371370000,yahoo
SP500,2017-09-14,2494.5601,2498.4299,2491.3501,2495.6201,2495.6201,3422470000,yahoo
SP500,2017-09-15,2495.6699,2500.23,2493.1599,2500.23,2500.23,4862970000,yahoo
SP500,2017-09-18,2502.51,2508.3201,2499.9199,2503.8701,2503.8701,3204700000,yahoo
SP500,2017-09-19,2506.29,2507.8401,2503.1899,2506.6499,2506.6499,3253760000,yahoo
SP500,2017-09-20,2506.8401,2508.8501,2496.6699,2508.24,2508.24,3584570000,yahoo
SP500,2017-09-21,2507.1599,2507.1599,2499,2500.6001,2500.6001,2965590000,yahoo
SP500,2017-09-22,2497.26,2503.47,2496.54,2502.22,2502.22,2877980000,yahoo
SP500,2017-09-25,2499.3899,2502.54,2488.03,2496.6599,2496.6599,3314530000,yahoo
SP500,2017-09-26,2501.04,2503.51,2495.1201,2496.8401,2496.8401,3070770000,yahoo
SP500,2017-09-27,2503.3,2511.75,2495.9099,2507.04,2507.04,3485070000,yahoo
SP500,2017-09-28,2503.4099,2510.8101,2502.9299,2510.0601,2510.0601,3173030000,yahoo
SP500,2017-09-29,2509.96,2519.4399,2507.99,2519.3601,2519.3601,3220260000,yahoo
SP500,2017-10-02,2521.2,2529.23,2520.3999,2529.1201,2529.1201,3226370000,yahoo
SP500,2017-10-03,2530.3401,2535.1299,2528.8501,2534.5801,2534.5801,3073480000,yahoo
SP500,2017-10-04,2533.48,2540.53,2531.8,2537.74,2537.74,3020770000,yahoo
SP500,2017-10-05,2540.8601,2552.51,2540.02,2552.0701,2552.0701,3059730000,yahoo
SP500,2017-10-06,2547.4399,2549.4099,2543.79,2549.3301,2549.3301,2898270000,yahoo
SP500,2017-10-09,2551.3899,2551.8201,2541.6001,2544.73,2544.73,2486940000,yahoo
SP500,2017-10-10,2549.99,2555.23,2544.8601,2550.6399,2550.6399,2962610000,yahoo
SP500,2017-10-11,2550.6201,2555.24,2547.95,2555.24,2555.24,2991320000,yahoo
SP500,2017-10-12,2552.8799,2555.3301,2548.3101,2550.9299,2550.9299,3157280000,yahoo
SP500,2017-10-13,2555.6599,2557.6499,2552.0901,2553.1699,2553.1699,3150470000,yahoo
SP500,2017-10-16,2555.5701,2559.47,2552.6399,2557.6399,2557.6399,2918030000,yahoo
SP500,2017-10-17,2557.1699,2559.71,2554.6899,2559.3601,2559.3601,2901890000,yahoo
SP500,2017-10-18,2562.8701,2564.1101,2559.6699,2561.26,2561.26,2999320000,yahoo
SP500,2017-10-19,2553.3899,2562.3601,2547.9199,2562.1001,2562.1001,3019520000,yahoo
SP500,2017-10-20,2567.5601,2575.4399,2567.5601,2575.21,2575.21,3394450000,yahoo
SP500,2017-10-23,2578.0801,2578.29,2564.3301,2564.98,2564.98,3214470000,yahoo
SP500,2017-10-24,2568.6599,2572.1799,2565.5801,2569.1299,2569.1299,3435660000,yahoo
SP500,2017-10-25,2566.52,2567.3999,2544,2557.1499,2557.1499,3885470000,yahoo
SP500,2017-10-26,2560.0801,2567.0701,2559.8,2560.3999,2560.3999,3891750000,yahoo
SP500,2017-10-27,2570.26,2582.98,2565.9399,2581.0701,2581.0701,3896100000,yahoo
SP500,2017-10-30,2577.75,2580.03,2568.25,2572.8301,2572.8301,3660230000,yahoo
SP500,2017-10-31,2575.99,2578.29,2572.1499,2575.26,2575.26,3844420000,yahoo
SP500,2017-11-01,2583.21,2588.3999,2574.9199,2579.3601,2579.3601,3841200000,yahoo
SP500,2017-11-02,2579.46,2581.1101,2566.1699,2579.8501,2579.8501,4050140000,yahoo
SP500,2017-11-03,2581.9299,2588.4199,2576.77,2587.8401,2587.8401,3568710000,yahoo
SP500,2017-11-06,2587.47,2593.3799,2585.6599,2591.1299,2591.1299,3541970000,yahoo
SP500,2017-11-07,2592.1101,2597.02,2584.3501,2590.6399,2590.6399,3815190000,yahoo
SP500,2017-11-08,2588.71,2595.47,2585.02,2594.3799,2594.3799,3898450000,yahoo
SP500,2017-11-09,2584,2586.5,2566.3301,2584.6201,2584.6201,3844100000,yahoo
SP500,2017-11-10,2580.1799,2583.8101,2575.5701,2582.3,2582.3,3489740000,yahoo
SP500,2017-11-13,2576.53,2587.6599,2574.48,2584.8401,2584.8401,3405200000,yahoo
SP500,2017-11-14,2577.75,2579.6599,2566.5601,2578.8701,2578.8701,3643580000,yahoo
SP500,2017-11-15,2569.45,2572.8401,2557.45,2564.6201,2564.6201,3586590000,yahoo
SP500,2017-11-16,2572.95,2590.0901,2572.95,2585.6399,2585.6399,3329730000,yahoo
SP500,2017-11-17,2582.9399,2583.96,2577.6201,2578.8501,2578.8501,3309800000,yahoo
SP500,2017-11-20,2579.49,2584.6399,2578.24,2582.1399,2582.1399,3023940000,yahoo
SP500,2017-11-21,2589.1699,2601.1899,2589.1699,2599.03,2599.03,3351230000,yahoo
SP500,2017-11-22,2600.3101,2600.9399,2595.23,2597.0801,2597.0801,2764110000,yahoo
SP500,2017-11-24,2600.4199,2604.21,2600.4199,2602.4199,2602.4199,1385890000,yahoo
SP500,2017-11-27,2602.6599,2606.4099,2598.8701,2601.4199,2601.4199,3017720000,yahoo
SP500,2017-11-28,2605.9399,2627.6899,2605.4399,2627.04,2627.04,3493340000,yahoo
SP500,2017-11-29,2627.8201,2634.8899,2620.3201,2626.0701,2626.0701,4090630000,yahoo
SP500,2017-11-30,2633.9299,2657.74,2633.9299,2647.5801,2647.5801,4965700000,yahoo
SP500,2017-12-01,2645.1001,2650.6201,2605.52,2642.22,2642.22,3950930000,yahoo
SP500,2017-12-04,2657.1899,2665.1899,2639.03,2639.4399,2639.4399,4025840000,yahoo
SP500,2017-12-05,2639.78,2648.72,2627.73,2629.5701,2629.5701,3547570000,yahoo
SP500,2017-12-06,2626.24,2634.4099,2624.75,2629.27,2629.27,3253080000,yahoo
SP500,2017-12-07,2628.3799,2640.99,2626.53,2636.98,2636.98,3297060000,yahoo
SP500,2017-12-08,2646.21,2651.6499,2644.1001,2651.5,2651.5,3126750000,yahoo
SP500,2017-12-11,2652.1899,2660.3301,2651.47,2659.99,2659.99,3141480000,yahoo
SP500,2017-12-12,2661.73,2669.72,2659.78,2664.1101,2664.1101,3568910000,yahoo
SP500,2017-12-13,2667.5901,2671.8799,2662.8501,2662.8501,2662.8501,3568360000,yahoo
SP500,2017-12-14,2665.8701,2668.0901,2652.01,2652.01,2652.01,3442760000,yahoo
SP500,2017-12-15,2660.6299,2679.6299,2659.1399,2675.8101,2675.8101,5736910000,yahoo
SP500,2017-12-18,2685.9199,2694.97,2685.9199,2690.1599,2690.1599,3727770000,yahoo
SP500,2017-12-19,2692.71,2694.4399,2680.74,2681.47,2681.47,3407680000,yahoo
SP500,2017-12-20,2688.1799,2691.01,2676.1101,2679.25,2679.25,3246230000,yahoo
SP500,2017-12-21,2683.02,2692.6399,2682.3999,2684.5701,2684.5701,3293130000,yahoo
SP500,2017-12-22,2684.22,2685.3501,2678.1299,2683.3401,2683.3401,2401030000,yahoo
SP500,2017-12-26,2679.0901,2682.74,2677.96,2680.5,2680.5,1970660000,yahoo
SP500,2017-12-27,2682.1001,2685.6399,2678.9099,2682.6201,2682.6201,2202900000,yahoo
SP500,2017-12-28,2686.1001,2687.6599,2682.6899,2687.54,2687.54,2174890000,yahoo
SP500,2017-12-29,2689.1499,2692.1201,2673.6101,2673.6101,2673.6101,2447760000,yahoo
USDINR,2017-01-02,67.9448,68.24,67.9,67.9448,67.9448,0,yahoo
USDINR,2017-01-03,68.135,68.43,68.038,68.1339,68.1339,0,yahoo
USDINR,2017-01-04,68.27,68.28,67.9345,68.2698,68.2698,0,yahoo
USDINR,2017-01-05,67.885,67.9905,67.715,67.8855,67.8855,0,yahoo
USDINR,2017-01-09,68.1326,68.273,68.09,68.1426,68.1426,0,yahoo
USDINR,2017-01-10,68.0944,68.264,67.978,68.097,68.097,0,yahoo
USDINR,2017-01-11,68.315,68.493,68.168,68.318,68.318,0,yahoo
USDINR,2017-01-12,68.14,68.188,67.95,68.14,68.14,0,yahoo
USDINR,2017-01-13,68.13,68.27,68.07,68.1295,68.1295,0,yahoo
USDINR,2017-01-16,68.1578,68.27,68.06,68.1578,68.1578,0,yahoo
USDINR,2017-01-17,68.095,68.148,67.903,68.0946,68.0946,0,yahoo
USDINR,2017-01-18,67.8905,68.11,67.88,67.8995,67.8995,0,yahoo
USDINR,2017-01-19,68.2255,68.29,68.08,68.198,68.198,0,yahoo
USDINR,2017-01-20,68.09,68.27,68.01,68.0903,68.0903,0,yahoo
USDINR,2017-01-23,68.0722,68.213,67.99,68.0772,68.0772,0,yahoo
USDINR,2017-01-24,68.0555,68.17,68.0353,68.0514,68.0514,0,yahoo
USDINR,2017-01-25,68.1647,68.183,68.03,68.1645,68.1645,0,yahoo
USDINR,2017-01-26,67.9655,68.222,67.96,67.973,67.973,0,yahoo
USDINR,2017-01-27,68.1455,68.225,68.008,68.149,68.149,0,yahoo
USDINR,2017-01-31,67.8255,67.893,67.32,67.821,67.821,0,yahoo
USDINR,2017-02-01,67.4694,67.678,67.4053,67.5016,67.5016,0,yahoo
USDINR,2017-02-02,67.395,67.498,67.1683,67.3954,67.3954,0,yahoo
USDINR,2017-02-03,67.2656,67.42,67.03,67.2656,67.2656,0,yahoo
USDINR,2017-02-06,67.1682,67.24,67.11,67.1573,67.1573,0,yahoo
USDINR,2017-02-07,67.195,67.45,67.1946,67.1953,67.1953,0,yahoo
USDINR,2017-02-08,67.35,67.39,66.935,67.3405,67.3405,0,yahoo
USDINR,2017-02-09,66.955,67.065,66.65,66.9643,66.9643,0,yahoo
USDINR,2017-02-10,66.735,66.975,66.735,66.7453,66.7453,0,yahoo
USDINR,2017-02-13,66.8407,67.033,66.82,66.8437,66.8437,0,yahoo
USDINR,2017-02-14,66.9417,66.975,66.76,66.9154,66.9154,0,yahoo
USDINR,2017-02-15,66.775,66.9783,66.775,66.7759,66.7759,0,yahoo
USDINR,2017-02-16,66.875,67.075,66.85,66.8655,66.8655,0,yahoo
USDINR,2017-02-17,67.165,67.165,66.98,67.1648,67.1648,0,yahoo
USDINR,2017-02-20,67.0655,67.095,66.88,67.0652,67.0652,0,yahoo
USDINR,2017-02-21,66.97,67.005,66.92,66.965,66.965,0,yahoo
USDINR,2017-02-22,66.965,67.005,66.87,66.9651,66.9651,0,yahoo
USDINR,2017-02-23,66.895,66.97,66.64,66.9143,66.9143,0,yahoo
USDINR,2017-02-24,66.6828,66.71,66.52,66.6828,66.6828,0,yahoo
USDINR,2017-02-27,66.635,66.763,66.635,66.635,66.635,0,yahoo
USDINR,2017-02-28,66.735,66.808,66.59,66.6932,66.6932,0,yahoo
USDINR,2017-03-01,66.705,66.89,66.7046,66.7051,66.7051,0,yahoo
USDINR,2017-03-02,66.69,66.858,66.67,66.858,66.858,0,yahoo
USDINR,2017-03-03,66.845,66.885,66.74,66.8451,66.8451,0,yahoo
USDINR,2017-03-06,66.71,66.78,66.6,66.773,66.773,0,yahoo
USDINR,2017-03-07,66.645,66.695,66.58,66.6647,66.6647,0,yahoo
USDINR,2017-03-08,66.625,66.83,66.613,66.6162,66.6162,0,yahoo
USDINR,2017-03-09,66.815,66.853,66.6,66.765,66.765,0,yahoo
USDINR,2017-03-10,66.71,66.77,66.5398,66.6805,66.6805,0,yahoo
USDINR,2017-03-13,66.485,66.58,66.11,66.485,66.485,0,yahoo
USDINR,2017-03-14,66.1575,66.24,65.7275,66.1701,66.1701,0,yahoo
USDINR,2017-03-15,65.765,65.7817,65.4,65.7751,65.7751,0,yahoo
USDINR,2017-03-16,65.6205,65.6285,65.21,65.6205,65.6205,0,yahoo
USDINR,2017-03-17,65.365,65.643,65.35,65.4045,65.4045,0,yahoo
USDINR,2017-03-20,65.4681,65.47,65.3,65.4681,65.4681,0,yahoo
USDINR,2017-03-21,65.305,65.44,65.18,65.3353,65.3353,0,yahoo
USDINR,2017-03-22,65.56,65.585,65.337,65.495,65.495,0,yahoo
USDINR,2017-03-23,65.37,65.55,65.365,65.365,65.365,0,yahoo
USDINR,2017-03-24,65.425,65.505,65.34,65.4444,65.4444,0,yahoo
USDINR,2017-03-27,65.418,65.418,64.93,65.3931,65.3931,0,yahoo
USDINR,2017-03-28,64.988,65.14,64.988,65.045,65.045,0,yahoo
USDINR,2017-03-29,65.14,65.14,64.81,65.11,65.11,0,yahoo
USDINR,2017-03-30,64.858,64.98,64.74,64.78,64.78,0,yahoo
USDINR,2017-03-31,64.8505,64.968,64.765,64.79,64.79,0,yahoo
USDINR,2017-04-03,64.853,65.08,64.73,64.7967,64.7967,0,yahoo
USDINR,2017-04-04,64.978,65.1925,64.84,64.8775,64.8775,0,yahoo
USDINR,2017-04-05,65.0703,65.19,64.865,65.05,65.05,0,yahoo
USDINR,2017-04-06,65.01,65.095,64.505,65.04,65.04,0,yahoo
USDINR,2017-04-07,64.5963,64.805,64.15,64.58,64.58,0,yahoo
USDINR,2017-04-10,64.2603,64.59,64.26,64.26,64.26,0,yahoo
USDINR,2017-04-11,64.5853,64.72,64.41,64.575,64.575,0,yahoo
USDINR,2017-04-12,64.63,64.74,64.528,64.63,64.63,0,yahoo
USDINR,2017-04-13,64.5,64.57,64.255,64.5,64.5,0,yahoo
USDINR,2017-04-14,64.4355,64.5698,64.32,64.45,64.45,0,yahoo
USDINR,2017-04-17,64.4355,64.4883,64.3,64.4537,64.4537,0,yahoo
USDINR,2017-04-18,64.41,64.64,64.24,64.4083,64.4083,0,yahoo
USDINR,2017-04-19,64.5883,64.66,64.505,64.57,64.57,0,yahoo
USDINR,2017-04-20,64.6403,64.72,64.558,64.6467,64.6467,0,yahoo
USDINR,2017-04-21,64.613,64.7,64.543,64.66,64.66,0,yahoo
USDINR,2017-04-24,64.6403,64.643,64.38,64.64,64.64,0,yahoo
USDINR,2017-04-25,64.483,64.483,64.2,64.39,64.39,0,yahoo
USDINR,2017-04-26,64.32,64.3633,63.928,64.35,64.35,0,yahoo
USDINR,2017-04-27,64.02,64.16,63.968,64.02,64.02,0,yahoo
USDINR,2017-04-28,64.09,64.355,64.05,64.06,64.06,0,yahoo
USDINR,2017-05-01,64.2805,64.283,64.2,64.2583,64.2583,0,yahoo
USDINR,2017-05-02,64.2455,64.25,64.09,64.18,64.18,0,yahoo
USDINR,2017-05-03,64.158,64.185,64.06,64.07,64.07,0,yahoo
USDINR,2017-05-04,64.158,64.25,64.15,64.21,64.21,0,yahoo
USDINR,2017-05-05,64.2047,64.39,64.16,64.17,64.17,0,yahoo
USDINR,2017-05-08,64.308,64.35,64.18,64.308,64.308,0,yahoo
USDINR,2017-05-09,64.353,64.69,64.35,64.4118,64.4118,0,yahoo
USDINR,2017-05-10,64.6653,64.675,64.52,64.64,64.64,0,yahoo
USDINR,2017-05-11,64.5275,64.58,64.325,64.55,64.55,0,yahoo
USDINR,2017-05-12,64.39,64.395,64.12,64.36,64.36,0,yahoo
USDINR,2017-05-15,64.236,64.236,64.02,64.1655,64.1655,0,yahoo
USDINR,2017-05-16,64.0383,64.143,63.99,64.0383,64.0383,0,yahoo
USDINR,2017-05-17,64.0355,64.18,63.88,63.9,63.9,0,yahoo
USDINR,2017-05-18,64.23,65.14,64.22,64.23,64.23,0,yahoo
USDINR,2017-05-19,64.8705,65.01,64.53,64.8711,64.8711,0,yahoo
USDINR,2017-05-22,64.4488,64.6,64.44,64.4485,64.4485,0,yahoo
USDINR,2017-05-23,64.5003,64.888,64.5002,64.5002,64.5002,0,yahoo
USDINR,2017-05-24,64.8855,64.948,64.6896,64.8852,64.8852,0,yahoo
USDINR,2017-05-25,64.7605,64.7605,64.45,64.7601,64.7601,0,yahoo
USDINR,2017-05-26,64.5455,64.63,64.41,64.5454,64.5454,0,yahoo
USDINR,2017-05-29,64.5005,64.59,64.45,64.5132,64.5132,0,yahoo
USDINR,2017-05-30,64.5305,64.688,64.5086,64.5086,64.5086,0,yahoo
USDINR,2017-06-01,64.5005,64.53,64.384,64.5001,64.5001,0,yahoo
USDINR,2017-06-02,64.471,64.495,64.22,64.3723,64.3723,0,yahoo
USDINR,2017-06-05,64.4055,64.4055,64.25,64.405,64.405,0,yahoo
USDINR,2017-06-06,64.345,64.5,64.2849,64.344,64.344,0,yahoo
USDINR,2017-06-07,64.423,64.5,64.298,64.4205,64.4205,0,yahoo
USDINR,2017-06-08,64.4255,64.445,64.2,64.4183,64.4183,0,yahoo
USDINR,2017-06-09,64.2405,64.36,64.168,64.2439,64.2439,0,yahoo
USDINR,2017-06-12,64.377,64.485,64.238,64.377,64.377,0,yahoo
USDINR,2017-06-13,64.47,64.49,64.328,64.4691,64.4691,0,yahoo
USDINR,2017-06-14,64.3403,64.3726,64.02,64.3575,64.3575,0,yahoo
USDINR,2017-06-15,64.228,64.73,64.15,64.1658,64.1658,0,yahoo
USDINR,2017-06-16,64.5553,64.76,64.398,64.56,64.56,0,yahoo
USDINR,2017-06-19,64.4545,64.47,64.34,64.395,64.395,0,yahoo
USDINR,2017-06-20,64.4855,64.65,64.413,64.4876,64.4876,0,yahoo
USDINR,2017-06-21,64.533,64.68,64.48,64.5305,64.5305,0,yahoo
USDINR,2017-06-22,64.5403,64.62,64.448,64.5416,64.5416,0,yahoo
USDINR,2017-06-23,64.595,64.6,64.42,64.591,64.591,0,yahoo
USDINR,2017-06-26,64.4955,64.498,64.39,64.498,64.498,0,yahoo
USDINR,2017-06-27,64.4255,64.528,64.4,64.4213,64.4213,0,yahoo
USDINR,2017-06-28,64.468,64.65,64.468,64.5248,64.5248,0,yahoo
USDINR,2017-06-29,64.5155,64.73,64.405,64.5119,64.5119,0,yahoo
USDINR,2017-06-30,64.653,64.84,64.5715,64.7851,64.7851,0,yahoo
USDINR,2017-07-03,64.6105,64.89,64.605,64.6068,64.6068,0,yahoo
USDINR,2017-07-04,64.8355,64.9,64.69,64.8427,64.8427,0,yahoo
USDINR,2017-07-05,64.7805,64.9,64.668,64.7689,64.7689,0,yahoo
USDINR,2017-07-06,64.7905,64.8,64.68,64.7914,64.7914,0,yahoo
USDINR,2017-07-07,64.7155,64.76,64.5,64.7133,64.7133,0,yahoo
USDINR,2017-07-10,64.6155,64.6155,64.41,64.6117,64.6117,0,yahoo
USDINR,2017-07-12,64.5555,64.57,64.35,64.5256,64.5256,0,yahoo
USDINR,2017-07-13,64.468,64.4842,64.34,64.365,64.365,0,yahoo
USDINR,2017-07-14,64.4505,64.475,64.2275,64.4258,64.4258,0,yahoo
USDINR,2017-07-17,64.416,64.416,64.255,64.2673,64.2673,0,yahoo
USDINR,2017-07-18,64.3298,64.363,64.2575,64.33,64.33,0,yahoo
USDINR,2017-07-19,64.309,64.34,64.2561,64.3063,64.3063,0,yahoo
USDINR,2017-07-20,64.2605,64.448,64.26,64.2633,64.2633,0,yahoo
USDINR,2017-07-21,64.3655,64.44,64.29,64.325,64.325,0,yahoo
USDINR,2017-07-24,64.378,64.48,64.303,64.4611,64.4611,0,yahoo
USDINR,2017-07-25,64.3653,64.44,64.338,64.3651,64.3651,0,yahoo
USDINR,2017-07-26,64.378,64.45,64.31,64.447,64.447,0,yahoo
USDINR,2017-07-27,64.3446,64.3447,64.05,64.3447,64.3447,0,yahoo
USDINR,2017-07-28,64.118,64.25,64.08,64.185,64.185,0,yahoo
USDINR,2017-07-31,64.1055,64.213,64.05,64.1235,64.1235,0,yahoo
USDINR,2017-08-01,64.19,64.19,64.0357,64.1895,64.1895,0,yahoo
USDINR,2017-08-02,64.0855,64.13,63.61,64.0558,64.0558,0,yahoo
USDINR,2017-08-03,63.6403,63.73,63.563,63.6406,63.6406,0,yahoo
USDINR,2017-08-04,63.6955,63.75,63.573,63.697,63.697,0,yahoo
USDINR,2017-08-07,63.6655,63.87,63.66,63.6651,63.6651,0,yahoo
USDINR,2017-08-08,63.8305,63.86,63.613,63.8301,63.8301,0,yahoo
USDINR,2017-08-09,63.6825,63.91,63.6825,63.7029,63.7029,0,yahoo
USDINR,2017-08-10,63.8505,64.17,63.84,63.8877,63.8877,0,yahoo
USDINR,2017-08-11,64.088,64.255,64.03,64.1386,64.1386,0,yahoo
USDINR,2017-08-14,64.1305,64.15,63.94,64.081,64.081,0,yahoo
USDINR,2017-08-15,64.082,64.245,63.85,64.1743,64.1743,0,yahoo
USDINR,2017-08-16,64.2575,64.35,64.14,64.263,64.263,0,yahoo
USDINR,2017-08-17,64.163,64.194,63.99,64.1605,64.1605,0,yahoo
USDINR,2017-08-18,64.1605,64.22,64.078,64.1889,64.1889,0,yahoo
USDINR,2017-08-21,64.0855,64.148,64.005,64.0759,64.0759,0,yahoo
USDINR,2017-08-22,64.103,64.16,64.058,64.1575,64.1575,0,yahoo
USDINR,2017-08-23,64.0625,64.138,64.02,64.0575,64.0575,0,yahoo
USDINR,2017-08-24,64.0355,64.08,64,64.005,64.005,0,yahoo
USDINR,2017-08-25,64.0355,64.08,63.87,64.035,64.035,0,yahoo
USDINR,2017-08-28,63.998,63.998,63.77,63.9955,63.9955,0,yahoo
USDINR,2017-08-30,64.0055,64.01,63.873,63.9868,63.9868,0,yahoo
USDINR,2017-08-31,63.9805,64.11,63.888,63.9762,63.9762,0,yahoo
USDINR,2017-09-01,63.9255,64.044,63.83,63.9119,63.9119,0,yahoo
USDINR,2017-09-04,64.018,64.16,63.88,64.0155,64.0155,0,yahoo
USDINR,2017-09-05,64.0305,64.153,63.99,64.0263,64.0263,0,yahoo
USDINR,2017-09-06,64.1003,64.27,64.0575,64.1,64.1,0,yahoo
USDINR,2017-09-07,64.0505,64.0505,63.8862,64.0154,64.0154,0,yahoo
USDINR,2017-09-08,64.008,64.008,63.77,63.9501,63.9501,0,yahoo
USDINR,2017-09-11,63.778,64.01,63.775,63.931,63.931,0,yahoo
USDINR,2017-09-12,63.9255,64.06,63.92,63.98,63.98,0,yahoo
USDINR,2017-09-13,64.0215,64.145,63.87,63.9876,63.9876,0,yahoo
USDINR,2017-09-14,64.003,64.29,64.003,64.1151,64.1151,0,yahoo
USDINR,2017-09-15,64.1125,64.16,64.04,64.155,64.155,0,yahoo
USDINR,2017-09-18,64.1005,64.19,64,64.1202,64.1202,0,yahoo
USDINR,2017-09-19,64.215,64.35,64.123,64.2147,64.2147,0,yahoo
USDINR,2017-09-20,64.2905,64.44,64.22,64.2987,64.2987,0,yahoo
USDINR,2017-09-21,64.2835,65.06,64.2835,64.2837,64.2837,0,yahoo
USDINR,2017-09-22,64.8005,65.2,64.768,64.8023,64.8023,0,yahoo
USDINR,2017-09-25,64.788,65.28,64.73,64.891,64.891,0,yahoo
USDINR,2017-09-26,65.265,65.5067,65.07,65.2651,65.2651,0,yahoo
USDINR,2017-09-27,65.4505,65.78,65.335,65.35,65.35,0,yahoo
USDINR,2017-09-28,65.525,65.89,65.38,65.525,65.525,0,yahoo
USDINR,2017-09-29,65.463,65.475,65.24,65.36,65.36,0,yahoo
USDINR,2017-10-02,65.3005,65.61,65.275,65.2933,65.2933,0,yahoo
USDINR,2017-10-03,65.303,65.68,65.303,65.5717,65.5717,0,yahoo
USDINR,2017-10-04,65.4755,65.4755,64.95,65.4431,65.4431,0,yahoo
USDINR,2017-10-05,65.0205,65.22,64.97,65.0195,65.0195,0,yahoo
USDINR,2017-10-06,65.205,65.5795,65.115,65.21,65.21,0,yahoo
USDINR,2017-10-09,65.3905,65.45,65.273,65.4142,65.4142,0,yahoo
USDINR,2017-10-10,65.415,65.42,65.12,65.4146,65.4146,0,yahoo
USDINR,2017-10-11,65.2503,65.32,65.125,65.2389,65.2389,0,yahoo
USDINR,2017-10-12,65.1505,65.245,64.99,65.2054,65.2054,0,yahoo
USDINR,2017-10-13,65.0505,65.0505,64.65,65.046,65.046,0,yahoo
USDINR,2017-10-16,64.69,64.765,64.665,64.673,64.673,0,yahoo
USDINR,2017-10-17,64.69,65.04,64.69,64.6946,64.6946,0,yahoo
USDINR,2017-10-18,65.023,65.153,64.895,64.9287,64.9287,0,yahoo
USDINR,2017-10-19,65.0455,65.115,64.94,65.0401,65.0401,0,yahoo
USDINR,2017-10-20,64.988,65.09,64.9042,64.9046,64.9046,0,yahoo
USDINR,2017-10-24,65.0125,65.24,64.893,65.0349,65.0349,0,yahoo
USDINR,2017-10-25,65.0795,65.205,64.755,65.0795,65.0795,0,yahoo
USDINR,2017-10-26,64.918,64.92,64.71,64.84,64.84,0,yahoo
USDINR,2017-10-27,64.832,65.165,64.6,64.6,64.6,0,yahoo
USDINR,2017-10-30,64.8734,65.03,64.79,64.8734,64.8734,0,yahoo
USDINR,2017-10-31,64.8413,64.86,64.71,64.8424,64.8424,0,yahoo
USDINR,2017-11-01,64.6701,64.743,64.46,64.6701,64.6701,0,yahoo
USDINR,2017-11-02,64.555,64.668,64.46,64.5551,64.5551,0,yahoo
USDINR,2017-11-03,64.5002,64.6907,64.39,64.5005,64.5005,0,yahoo
USDINR,2017-11-06,64.6934,64.74,64.56,64.6934,64.6934,0,yahoo
USDINR,2017-11-07,64.5909,65.17,64.5825,64.5909,64.5909,0,yahoo
USDINR,2017-11-08,65.165,65.18,64.88,65.1645,65.1645,0,yahoo
USDINR,2017-11-09,64.9105,65.095,64.84,64.9105,64.9105,0,yahoo
USDINR,2017-11-10,64.968,65.37,64.96,64.968,64.968,0,yahoo
USDINR,2017-11-13,65.1603,65.54,65.145,65.1603,65.1603,0,yahoo
USDINR,2017-11-14,65.4384,65.58,65.295,65.4384,65.4384,0,yahoo
USDINR,2017-11-15,65.4133,65.465,65.15,65.4134,65.4134,0,yahoo
USDINR,2017-11-17,65.21,65.288,64.68,65.21,65.21,0,yahoo
USDINR,2017-11-20,64.905,65.12,64.905,64.905,64.905,0,yahoo
USDINR,2017-11-21,65.025,65.147,64.805,65.025,65.025,0,yahoo
USDINR,2017-11-22,64.7605,64.95,64.69,64.7613,64.7613,0,yahoo
USDINR,2017-11-23,64.77,64.88,64.54,64.77,64.77,0,yahoo
USDINR,2017-11-24,64.5797,64.76,64.5375,64.5794,64.5794,0,yahoo
USDINR,2017-11-27,64.545,64.81,64.345,64.545,64.545,0,yahoo
USDINR,2017-11-28,64.4339,64.594,64.32,64.4339,64.4339,0,yahoo
USDINR,2017-11-29,64.4303,64.48,64.27,64.47,64.47,0,yahoo
USDINR,2017-11-30,64.4148,64.66,64.405,64.4148,64.4148,0,yahoo
USDINR,2017-12-01,64.4996,64.61,64.46,64.4994,64.4994,0,yahoo
USDINR,2017-12-04,64.509,64.63,64.285,64.509,64.509,0,yahoo
USDINR,2017-12-05,64.3508,64.46,64.22,64.3514,64.3514,0,yahoo
USDINR,2017-12-06,64.3574,64.58,64.35,64.3569,64.3569,0,yahoo
USDINR,2017-12-07,64.5152,64.59,64.48,64.5152,64.5152,0,yahoo
USDINR,2017-12-08,64.5412,64.57,64.36,64.5424,64.5424,0,yahoo
USDINR,2017-12-11,64.473,64.505,64.3,64.473,64.473,0,yahoo
USDINR,2017-12-12,64.345,64.56,64.345,64.35,64.35,0,yahoo
USDINR,2017-12-13,64.55,64.55,64.35,64.55,64.55,0,yahoo
USDINR,2017-12-14,64.32,64.453,64.165,64.32,64.32,0,yahoo
USDINR,2017-12-15,64.2765,64.2767,64.01,64.275,64.275,0,yahoo
USDINR,2017-12-18,64.0723,64.69,64,64.0723,64.0723,0,yahoo
USDINR,2017-12-19,64.13,64.2501,63.92,64.2001,64.2001,0,yahoo
USDINR,2017-12-20,64.0474,64.105,63.965,64.0476,64.0476,0,yahoo
USDINR,2017-12-21,63.965,64.118,63.965,63.965,63.965,0,yahoo
USDINR,2017-12-22,63.98,64.07,63.92,64.0097,64.0097,0,yahoo
USDINR,2017-12-25,64.0078,64.013,64.0078,64.0078,64.0078,0,yahoo
USDINR,2017-12-26,64.0105,64.108,63.88,64.0105,64.0105,0,yahoo
USDINR,2017-12-27,64.0272,64.163,64.02,64.0282,64.0282,0,yahoo
USDINR,2017-12-28,64.1146,64.25,63.98,64.115,64.115,0,yahoo
USDINR,2017-12-29,64.055,64.075,63.79,64.062,64.062,0,yahoo
USVIX,2017-01-03,14.07,14.07,12.85,12.85,12.85,0,yahoo
USVIX,2017-01-04,12.78,12.8,11.63,11.85,11.85,0,yahoo
USVIX,2017-01-05,11.96,12.09,11.4,11.67,11.67,0,yahoo
USVIX,2017-01-06,11.7,11.74,10.98,11.32,11.32,0,yahoo
USVIX,2017-01-09,11.71,12.08,11.46,11.56,11.56,0,yahoo
USVIX,2017-01-10,11.59,11.79,11.31,11.49,11.49,0,yahoo
USVIX,2017-01-11,11.56,12.23,11.21,11.26,11.26,0,yahoo
USVIX,2017-01-12,11.48,12.6,11.32,11.54,11.54,0,yahoo
USVIX,2017-01-13,11.45,11.62,10.94,11.23,11.23,0,yahoo
USVIX,2017-01-17,12.2,12.75,11.79,11.87,11.87,0,yahoo
USVIX,2017-01-18,11.79,12.81,11.69,12.48,12.48,0,yahoo
USVIX,2017-01-19,12.58,13.28,12.17,12.78,12.78,0,yahoo
USVIX,2017-01-20,12.58,12.59,11.53,11.54,11.54,0,yahoo
USVIX,2017-01-23,12.3,12.62,11.59,11.77,11.77,0,yahoo
USVIX,2017-01-24,11.82,11.89,11.04,11.07,11.07,0,yahoo
USVIX,2017-01-25,10.79,11.05,10.51,10.81,10.81,0,yahoo
USVIX,2017-01-26,10.61,11.01,10.6,10.63,10.63,0,yahoo
USVIX,2017-01-27,10.57,10.82,10.3,10.58,10.58,0,yahoo
USVIX,2017-01-30,11.1,12.9,11.1,11.88,11.88,0,yahoo
USVIX,2017-01-31,12.29,12.99,11.79,11.99,11.99,0,yahoo
USVIX,2017-02-01,11.79,12.05,9.97,11.81,11.81,0,yahoo
USVIX,2017-02-02,12.37,12.47,11.62,11.93,11.93,0,yahoo
USVIX,2017-02-03,11.84,11.84,10.72,10.97,10.97,0,yahoo
USVIX,2017-02-06,11.37,11.84,11.09,11.37,11.37,0,yahoo
USVIX,2017-02-07,11.39,11.67,11.06,11.29,11.29,0,yahoo
USVIX,2017-02-08,11.19,11.82,11.15,11.45,11.45,0,yahoo
USVIX,2017-02-09,11.44,11.53,10.74,10.88,10.88,0,yahoo
USVIX,2017-02-10,10.85,10.95,10.55,10.85,10.85,0,yahoo
USVIX,2017-02-13,11.36,11.4,11.07,11.07,11.07,0,yahoo
USVIX,2017-02-14,11.17,11.34,10.73,10.74,10.74,0,yahoo
USVIX,2017-02-15,10.84,12.01,10.8,11.97,11.97,0,yahoo
USVIX,2017-02-16,12.02,12.86,11.69,11.76,11.76,0,yahoo
USVIX,2017-02-17,11.84,12.26,11.37,11.49,11.49,0,yahoo
USVIX,2017-02-21,12.05,12.09,11.5,11.57,11.57,0,yahoo
USVIX,2017-02-22,11.48,12.07,11.44,11.74,11.74,0,yahoo
USVIX,2017-02-23,11.66,12.46,11.54,11.71,11.71,0,yahoo
USVIX,2017-02-24,11.81,12.59,11.34,11.47,11.47,0,yahoo
USVIX,2017-02-27,11.78,12.14,11.53,12.09,12.09,0,yahoo
USVIX,2017-02-28,12.19,12.96,12.13,12.92,12.92,0,yahoo
USVIX,2017-03-01,12.31,12.58,11.78,12.54,12.54,0,yahoo
USVIX,2017-03-02,12.43,12.71,11.32,11.81,11.81,0,yahoo
USVIX,2017-03-03,11.96,11.97,10.94,10.96,10.96,0,yahoo
USVIX,2017-03-06,11.59,11.72,11.06,11.24,11.24,0,yahoo
USVIX,2017-03-07,11.27,11.58,11.04,11.45,11.45,0,yahoo
USVIX,2017-03-08,11.49,11.86,11.09,11.86,11.86,0,yahoo
USVIX,2017-03-09,11.75,12.43,11.62,12.3,12.3,0,yahoo
USVIX,2017-03-10,11.97,12.09,11.46,11.66,11.66,0,yahoo
USVIX,2017-03-13,12.16,12.23,11.29,11.35,11.35,0,yahoo
USVIX,2017-03-14,11.39,12.54,11.28,12.3,12.3,0,yahoo
USVIX,2017-03-15,12.12,12.25,10.6,11.63,11.63,0,yahoo
USVIX,2017-03-16,11.29,11.55,11.16,11.21,11.21,0,yahoo
USVIX,2017-03-17,11.38,11.38,10.78,11.28,11.28,0,yahoo
USVIX,2017-03-20,11.71,11.72,11.03,11.34,11.34,0,yahoo
USVIX,2017-03-21,11.15,12.85,10.92,12.47,12.47,0,yahoo
USVIX,2017-03-22,12.95,13.16,11.99,12.81,12.81,0,yahoo
USVIX,2017-03-23,12.65,13.17,12.18,13.12,13.12,0,yahoo
USVIX,2017-03-24,12.86,14.16,12.27,12.96,12.96,0,yahoo
USVIX,2017-03-27,14.78,15.11,12.48,12.5,12.5,0,yahoo
USVIX,2017-03-28,12.44,12.67,11.34,11.53,11.53,0,yahoo
USVIX,2017-03-29,11.54,11.7,11.03,11.42,11.42,0,yahoo
USVIX,2017-03-30,11.37,11.64,11.12,11.54,11.54,0,yahoo
USVIX,2017-03-31,11.61,12.54,11.5,12.37,12.37,0,yahoo
USVIX,2017-04-03,12.59,13.59,12.27,12.38,12.38,0,yahoo
USVIX,2017-04-04,12.71,13.07,11.7,11.79,11.79,0,yahoo
USVIX,2017-04-05,11.89,12.89,10.9,12.89,12.89,0,yahoo
USVIX,2017-04-06,13.11,13.22,11.7,12.39,12.39,0,yahoo
USVIX,2017-04-07,13.17,13.43,12.23,12.87,12.87,0,yahoo
USVIX,2017-04-10,13.24,14.11,12.94,14.05,14.05,0,yahoo
USVIX,2017-04-11,14.32,15.88,14.17,15.07,15.07,0,yahoo
USVIX,2017-04-12,15.16,16.16,14.84,15.77,15.77,0,yahoo
USVIX,2017-04-13,15.89,16.22,14.97,15.96,15.96,0,yahoo
USVIX,2017-04-17,16.19,16.28,14.6,14.66,14.66,0,yahoo
USVIX,2017-04-18,14.5,15.5,14.29,14.42,14.42,0,yahoo
USVIX,2017-04-19,14,15.15,13.46,14.93,14.93,0,yahoo
USVIX,2017-04-20,14.59,14.81,13.83,14.15,14.15,0,yahoo
USVIX,2017-04-21,13.85,15.33,13.85,14.63,14.63,0,yahoo
USVIX,2017-04-24,11.56,12.01,10.82,10.84,10.84,0,yahoo
USVIX,2017-04-25,10.81,11.15,10.22,10.76,10.76,0,yahoo
USVIX,2017-04-26,10.61,10.89,10.39,10.85,10.85,0,yahoo
USVIX,2017-04-27,10.72,11.08,10.33,10.36,10.36,0,yahoo
USVIX,2017-04-28,10.39,11.16,10.29,10.82,10.82,0,yahoo
USVIX,2017-05-01,10.92,11.04,9.9,10.11,10.11,0,yahoo
USVIX,2017-05-02,10.15,10.59,10.04,10.59,10.59,0,yahoo
USVIX,2017-05-03,10.56,11.15,10.4,10.68,10.68,0,yahoo
USVIX,2017-05-04,10.71,11.24,10.27,10.46,10.46,0,yahoo
USVIX,2017-05-05,10.51,10.98,9.99,10.57,10.57,0,yahoo
USVIX,2017-05-08,10.53,10.55,9.67,9.77,9.77,0,yahoo
USVIX,2017-05-09,9.87,10.14,9.56,9.96,9.96,0,yahoo
USVIX,2017-05-10,9.75,10.24,9.62,10.21,10.21,0,yahoo
USVIX,2017-05-11,10.34,11.23,10.32,10.6,10.6,0,yahoo
USVIX,2017-05-12,10.72,10.87,10.28,10.4,10.4,0,yahoo
USVIX,2017-05-15,10.54,10.88,10.25,10.42,10.42,0,yahoo
USVIX,2017-05-16,10.46,10.67,10.18,10.65,10.65,0,yahoo
USVIX,2017-05-17,11.89,15.59,11.53,15.59,15.59,0,yahoo
USVIX,2017-05-18,14.06,16.3,14.03,14.66,14.66,0,yahoo
USVIX,2017-05-19,14.23,14.23,11.72,12.04,12.04,0,yahoo
USVIX,2017-05-22,12.29,12.52,10.89,10.93,10.93,0,yahoo
USVIX,2017-05-23,11,11,10.56,10.72,10.72,0,yahoo
USVIX,2017-05-24,10.61,10.9,9.88,10.02,10.02,0,yahoo
USVIX,2017-05-25,9.82,10.29,9.72,9.99,9.99,0,yahoo
USVIX,2017-05-26,9.93,10.48,9.65,9.81,9.81,0,yahoo
USVIX,2017-05-30,10.61,10.84,10.14,10.38,10.38,0,yahoo
USVIX,2017-05-31,10.1,11.3,9.93,10.41,10.41,0,yahoo
USVIX,2017-06-01,10.42,10.54,9.69,9.89,9.89,0,yahoo
USVIX,2017-06-02,10.08,10.3,9.58,9.75,9.75,0,yahoo
USVIX,2017-06-05,10.08,10.28,9.6,10.07,10.07,0,yahoo
USVIX,2017-06-06,10.19,10.77,9.86,10.45,10.45,0,yahoo
USVIX,2017-06-07,10.48,10.93,10.12,10.39,10.39,0,yahoo
USVIX,2017-06-08,10.27,10.53,9.73,10.16,10.16,0,yahoo
USVIX,2017-06-09,9.93,12.11,9.37,10.7,10.7,0,yahoo
USVIX,2017-06-12,11.19,12.37,11.19,11.46,11.46,0,yahoo
USVIX,2017-06-13,11.12,11.14,10.26,10.42,10.42,0,yahoo
USVIX,2017-06-14,10.33,11.26,10.01,10.64,10.64,0,yahoo
USVIX,2017-06-15,11.06,12.01,10.74,10.9,10.9,0,yahoo
USVIX,2017-06-16,10.63,11.35,10.26,10.38,10.38,0,yahoo
USVIX,2017-06-19,10.57,10.6,10.01,10.37,10.37,0,yahoo
USVIX,2017-06-20,10.28,11.15,10.24,10.86,10.86,0,yahoo
USVIX,2017-06-21,11.03,11.4,10.4,10.75,10.75,0,yahoo
USVIX,2017-06-22,10.81,11.01,10.24,10.48,10.48,0,yahoo
USVIX,2017-06-23,10.25,10.69,9.85,10.02,10.02,0,yahoo
USVIX,2017-06-26,10.13,10.44,9.68,9.9,9.9,0,yahoo
USVIX,2017-06-27,10.04,11.31,9.8,11.06,11.06,0,yahoo
USVIX,2017-06-28,11.17,11.49,9.76,10.03,10.03,0,yahoo
USVIX,2017-06-29,9.79,15.16,9.73,11.44,11.44,0,yahoo
USVIX,2017-06-30,11.74,11.85,10.4,11.18,11.18,0,yahoo
USVIX,2017-07-03,11.07,11.45,10.28,11.22,11.22,0,yahoo
USVIX,2017-07-05,11.2,12.03,10.79,11.07,11.07,0,yahoo
USVIX,2017-07-06,11.2,13.05,11.18,12.54,12.54,0,yahoo
USVIX,2017-07-07,12.48,12.57,10.98,11.19,11.19,0,yahoo
USVIX,2017-07-10,11.26,11.73,10.61,11.11,11.11,0,yahoo
USVIX,2017-07-11,10.79,12.14,10.68,10.89,10.89,0,yahoo
USVIX,2017-07-12,10.85,10.85,10.08,10.3,10.3,0,yahoo
USVIX,2017-07-13,10.07,10.4,9.9,9.9,9.9,0,yahoo
USVIX,2017-07-14,10.09,10.14,9.5,9.51,9.51,0,yahoo
USVIX,2017-07-17,9.77,10.03,9.71,9.82,9.82,0,yahoo
USVIX,2017-07-18,9.86,10.35,9.66,9.89,9.89,0,yahoo
USVIX,2017-07-19,9.69,9.94,9.58,9.79,9.79,0,yahoo
USVIX,2017-07-20,9.66,10.28,9.5,9.58,9.58,0,yahoo
USVIX,2017-07-21,9.52,9.98,9.3,9.36,9.36,0,yahoo
USVIX,2017-07-24,9.94,9.97,9.26,9.43,9.43,0,yahoo
USVIX,2017-07-25,9.4,9.52,9.04,9.43,9.43,0,yahoo
USVIX,2017-07-26,9.25,9.66,8.84,9.6,9.6,0,yahoo
USVIX,2017-07-27,9.33,11.5,9.16,10.11,10.11,0,yahoo
USVIX,2017-07-28,10.62,11.3,10.26,10.29,10.29,0,yahoo
USVIX,2017-07-31,10.53,10.84,10.23,10.26,10.26,0,yahoo
USVIX,2017-08-01,10.19,10.56,9.95,10.09,10.09,0,yahoo
USVIX,2017-08-02,10.08,10.81,9.8,10.28,10.28,0,yahoo
USVIX,2017-08-03,10.47,10.6,9.9,10.44,10.44,0,yahoo
USVIX,2017-08-04,10.48,10.5,9.68,10.03,10.03,0,yahoo
USVIX,2017-08-07,10.19,10.32,9.76,9.93,9.93,0,yahoo
USVIX,2017-08-08,10.04,11.52,9.52,10.96,10.96,0,yahoo
USVIX,2017-08-09,11.49,12.63,11.11,11.11,11.11,0,yahoo
USVIX,2017-08-10,11.57,16.17,11.56,16.04,16.04,0,yahoo
USVIX,2017-08-11,16.17,17.28,14.5,15.51,15.51,0,yahoo
USVIX,2017-08-14,14.05,14.05,12.06,12.33,12.33,0,yahoo
USVIX,2017-08-15,11.78,12.37,11.45,12.04,12.04,0,yahoo
USVIX,2017-08-16,11.59,12.54,11.25,11.74,11.74,0,yahoo
USVIX,2017-08-17,11.81,15.77,11.54,15.55,15.55,0,yahoo
USVIX,2017-08-18,15.38,16.04,13.32,14.26,14.26,0,yahoo
USVIX,2017-08-21,14.59,14.74,13.07,13.19,13.19,0,yahoo
USVIX,2017-08-22,12.6,12.94,11.35,11.35,11.35,0,yahoo
USVIX,2017-08-23,11.51,12.59,11.39,12.25,12.25,0,yahoo
USVIX,2017-08-24,12.06,12.83,11.55,12.23,12.23,0,yahoo
USVIX,2017-08-25,12.2,12.45,11.1,11.28,11.28,0,yahoo
USVIX,2017-08-28,12.09,12.11,11.23,11.32,11.32,0,yahoo
USVIX,2017-08-29,13.33,14.34,11.48,11.7,11.7,0,yahoo
USVIX,2017-08-30,11.4,11.98,10.96,11.22,11.22,0,yahoo
USVIX,2017-08-31,11.07,11.22,10.34,10.59,10.59,0,yahoo
USVIX,2017-09-01,10.33,10.46,10.02,10.13,10.13,0,yahoo
USVIX,2017-09-05,11.75,14.06,11.41,12.23,12.23,0,yahoo
USVIX,2017-09-06,12.27,12.59,11.35,11.63,11.63,0,yahoo
USVIX,2017-09-07,11.93,12.07,11.32,11.55,11.55,0,yahoo
USVIX,2017-09-08,11.87,12.6,11.84,12.12,12.12,0,yahoo
USVIX,2017-09-11,11.38,11.39,10.51,10.73,10.73,0,yahoo
USVIX,2017-09-12,10.66,10.95,10.29,10.58,10.58,0,yahoo
USVIX,2017-09-13,10.72,10.86,10.33,10.5,10.5,0,yahoo
USVIX,2017-09-14,10.57,11.04,10.28,10.44,10.44,0,yahoo
USVIX,2017-09-15,10.51,10.74,10,10.17,10.17,0,yahoo
USVIX,2017-09-18,10.18,10.42,9.88,10.15,10.15,0,yahoo
USVIX,2017-09-19,10.16,10.3,9.85,10.18,10.18,0,yahoo
USVIX,2017-09-20,10.04,10.67,9.67,9.78,9.78,0,yahoo
USVIX,2017-09-21,9.74,10.21,9.54,9.67,9.67,0,yahoo
USVIX,2017-09-22,9.9,10.2,9.5,9.59,9.59,0,yahoo
USVIX,2017-09-25,10.08,11.21,9.79,10.21,10.21,0,yahoo
USVIX,2017-09-26,10.42,10.68,9.94,10.17,10.17,0,yahoo
USVIX,2017-09-27,9.9,10.42,9.63,9.87,9.87,0,yahoo
USVIX,2017-09-28,9.74,10.13,9.55,9.55,9.55,0,yahoo
USVIX,2017-09-29,9.59,9.83,9.36,9.51,9.51,0,yahoo
USVIX,2017-10-02,9.59,10.04,9.37,9.45,9.45,0,yahoo
USVIX,2017-10-03,9.3,9.75,9.3,9.51,9.51,0,yahoo
USVIX,2017-10-04,9.53,9.88,9.53,9.63,9.63,0,yahoo
USVIX,2017-10-05,9.48,9.62,9.13,9.19,9.19,0,yahoo
USVIX,2017-10-06,9.23,10.27,9.11,9.65,9.65,0,yahoo
USVIX,2017-10-09,9.92,10.53,9.88,10.33,10.33,0,yahoo
USVIX,2017-10-10,10.15,10.66,9.94,10.08,10.08,0,yahoo
USVIX,2017-10-11,9.95,10.38,9.72,9.85,9.85,0,yahoo
USVIX,2017-10-12,9.94,10.33,9.65,9.91,9.91,0,yahoo
USVIX,2017-10-13,9.95,9.98,9.44,9.61,9.61,0,yahoo
USVIX,2017-10-16,9.95,10.02,9.75,9.91,9.91,0,yahoo
USVIX,2017-10-17,9.85,10.46,9.78,10.31,10.31,0,yahoo
USVIX,2017-10-18,10.34,10.41,9.87,10.07,10.07,0,yahoo
USVIX,2017-10-19,10.22,11.77,9.99,10.05,10.05,0,yahoo
USVIX,2017-10-20,9.92,10.04,9.29,9.97,9.97,0,yahoo
USVIX,2017-10-23,10.25,11.08,9.94,11.07,11.07,0,yahoo
USVIX,2017-10-24,10.89,11.16,10.39,11.16,11.16,0,yahoo
USVIX,2017-10-25,11.34,13.2,10.99,11.23,11.23,0,yahoo
USVIX,2017-10-26,11.17,11.81,10.6,11.3,11.3,0,yahoo
USVIX,2017-10-27,11.12,11.12,9.74,9.8,9.8,0,yahoo
USVIX,2017-10-30,10.28,10.89,10.1,10.5,10.5,0,yahoo
USVIX,2017-10-31,10.34,10.37,9.9,10.18,10.18,0,yahoo
USVIX,2017-11-01,9.79,10.49,9.74,10.2,10.2,0,yahoo
USVIX,2017-11-02,10.44,10.89,9.67,9.93,9.93,0,yahoo
USVIX,2017-11-03,9.83,9.91,8.99,9.14,9.14,0,yahoo
USVIX,2017-11-06,9.63,9.74,9.38,9.4,9.4,0,yahoo
USVIX,2017-11-07,9.31,10.31,9.29,9.89,9.89,0,yahoo
USVIX,2017-11-08,9.79,10.27,9.5,9.78,9.78,0,yahoo
USVIX,2017-11-09,9.94,12.19,9.79,10.5,10.5,0,yahoo
USVIX,2017-11-10,10.78,11.58,10.5,11.29,11.29,0,yahoo
USVIX,2017-11-13,11.43,12.18,11,11.5,11.5,0,yahoo
USVIX,2017-11-14,11.53,12.61,11.45,11.59,11.59,0,yahoo
USVIX,2017-11-15,12.52,14.51,12.33,13.13,13.13,0,yahoo
USVIX,2017-11-16,12.47,12.52,11.38,11.76,11.76,0,yahoo
USVIX,2017-11-17,11.75,12.01,11.16,11.43,11.43,0,yahoo
USVIX,2017-11-20,11.96,12.08,10.44,10.65,10.65,0,yahoo
USVIX,2017-11-21,10.74,10.78,9.67,9.73,9.73,0,yahoo
USVIX,2017-11-22,9.6,9.88,9.32,9.88,9.88,0,yahoo
USVIX,2017-11-24,9.82,9.96,8.56,9.67,9.67,0,yahoo
USVIX,2017-11-27,10.07,10.26,9.79,9.87,9.87,0,yahoo
USVIX,2017-11-28,9.72,10.31,9.53,10.03,10.03,0,yahoo
USVIX,2017-11-29,9.91,10.93,9.81,10.7,10.7,0,yahoo
USVIX,2017-11-30,10.49,12.05,10.25,11.28,11.28,0,yahoo
USVIX,2017-12-01,11.19,14.58,10.54,11.43,11.43,0,yahoo
USVIX,2017-12-04,11.05,11.86,10.26,11.68,11.68,0,yahoo
USVIX,2017-12-05,11.38,11.67,10.65,11.33,11.33,0,yahoo
USVIX,2017-12-06,11.63,11.68,10.86,11.02,11.02,0,yahoo
USVIX,2017-12-07,10.9,11.32,10.12,10.16,10.16,0,yahoo
USVIX,2017-12-08,10,10.06,9.43,9.58,9.58,0,yahoo
USVIX,2017-12-11,9.74,10.08,9.28,9.34,9.34,0,yahoo
USVIX,2017-12-12,9.36,9.92,9.21,9.92,9.92,0,yahoo
USVIX,2017-12-13,9.78,10.21,9.65,10.18,10.18,0,yahoo
USVIX,2017-12-14,9.98,10.54,9.78,10.49,10.49,0,yahoo
USVIX,2017-12-15,10.12,10.2,9.22,9.42,9.42,0,yahoo
USVIX,2017-12-18,9.46,9.89,9.24,9.53,9.53,0,yahoo
USVIX,2017-12-19,9.4,10.15,9.18,10.03,10.03,0,yahoo
USVIX,2017-12-20,9.69,9.85,8.9,9.72,9.72,0,yahoo
USVIX,2017-12-21,9.59,9.86,9.2,9.62,9.62,0,yahoo
USVIX,2017-12-22,9.37,10.18,9.35,9.9,9.9,0,yahoo
USVIX,2017-12-26,10.19,10.46,10.13,10.25,10.25,0,yahoo
USVIX,2017-12-27,10.04,10.79,9.71,10.47,10.47,0,yahoo
USVIX,2017-12-28,10.29,10.44,10.07,10.18,10.18,0,yahoo
USVIX,2017-12-29,10.03,11.06,9.95,11.04,11.04,0,yahoo
