symbol,date,open,high,low,close,adj_close,volume,source
BANKNIFTY,2019-01-01,27231.4004,27430.5508,27019.0508,27392.4004,27392.082,116400,yahoo
BANKNIFTY,2019-01-02,27297,27397.5508,27077.5996,27174.6992,27174.3828,0,yahoo
BANKNIFTY,2019-01-03,27181.5996,27206.1992,26923.75,26959.8496,26959.5371,0,yahoo
BANKNIFTY,2019-01-04,26999.6992,27274.5,26926.0996,27195,27194.6836,0,yahoo
BANKNIFTY,2019-01-07,27378.6504,27477.8008,27279.5508,27304.5508,27304.2344,0,yahoo
BANKNIFTY,2019-01-08,27301.9004,27542.4004,27161.9492,27509.5,27509.1797,146100,yahoo
BANKNIFTY,2019-01-09,27651.25,27754.4492,27409.5,27720.4004,27720.0781,0,yahoo
BANKNIFTY,2019-01-10,27713.5508,27713.5508,27488.1992,27528.5508,27528.2305,0,yahoo
BANKNIFTY,2019-01-11,27602.8008,27612.4492,27382.4492,27453.9004,27453.582,0,yahoo
BANKNIFTY,2019-01-14,27389.1992,27389.8008,27182.1992,27248.25,27247.9336,0,yahoo
BANKNIFTY,2019-01-15,27317.5508,27447.5508,27317.0996,27400.75,27400.4316,0,yahoo
BANKNIFTY,2019-01-16,27405.6504,27554.75,27403.0508,27483.6992,27483.3789,0,yahoo
BANKNIFTY,2019-01-17,27568.5996,27611.5508,27335.1504,27528.75,27528.4297,0,yahoo
BANKNIFTY,2019-01-18,27550.0508,27576.4492,27410.6504,27456.6992,27456.3809,0,yahoo
BANKNIFTY,2019-01-21,27514.5508,27622.1992,27388.5,27533.5996,27533.2793,0,yahoo
BANKNIFTY,2019-01-22,27526.5508,27533.3496,27385.4004,27482.25,27481.9297,0,yahoo
BANKNIFTY,2019-01-23,27493.0996,27564.6992,27189.5996,27250.75,27250.4336,0,yahoo
BANKNIFTY,2019-01-24,27273.5,27342.3496,27142.8008,27266.4004,27266.084,0,yahoo
BANKNIFTY,2019-01-25,27261.4492,27433.5508,27045.1992,27115.3008,27114.9863,0,yahoo
BANKNIFTY,2019-01-28,27041.4492,27134.1992,26587.9492,26653.0508,26652.7402,0,yahoo
BANKNIFTY,2019-01-29,26616.25,26743.8496,26441.5508,26573.4004,26573.0918,0,yahoo
BANKNIFTY,2019-01-30,26789.75,26916.25,26693.6992,26825.5,26825.1875,0,yahoo
BANKNIFTY,2019-01-31,26969.1504,27325.0508,26891.0508,27295.4492,27295.1328,0,yahoo
BANKNIFTY,2019-02-01,27334.5508,27533.0508,26930.4492,27085.9492,27085.6348,231600,yahoo
BANKNIFTY,2019-02-04,26974,27243.8008,26825.5508,27186.5996,27186.2832,0,yahoo
BANKNIFTY,2019-02-05,27226.0508,27348.25,27153.1992,27271.6992,27271.3828,0,yahoo
BANKNIFTY,2019-02-06,27326.1992,27428.6504,27294.0996,27402.3496,27402.0312,0,yahoo
BANKNIFTY,2019-02-07,27424.0996,27589.75,27322.9492,27387.1504,27386.832,0,yahoo
BANKNIFTY,2019-02-08,27302.6504,27482.0996,27221.25,27294.4004,27294.084,0,yahoo
BANKNIFTY,2019-02-11,27240.5,27305.9004,27151.5508,27227.8008,27227.4844,0,yahoo
BANKNIFTY,2019-02-12,27166.9004,27286.6504,26988.9004,27010.75,27010.4355,0,yahoo
BANKNIFTY,2019-02-14,26978,27030,26818.0508,26970.5996,26970.2852,0,yahoo
BANKNIFTY,2019-02-15,27017.1992,27029.9492,26635.25,26794.25,26793.9395,0,yahoo
BANKNIFTY,2019-02-18,26754.5996,26829.9492,26617.6992,26654.25,26653.9395,0,yahoo
BANKNIFTY,2019-02-19,26666.5508,26996.4492,26625.5996,26684.8496,26684.5391,0,yahoo
BANKNIFTY,2019-02-20,26786,26985.5,26732.6504,26955.5,26955.1875,0,yahoo
BANKNIFTY,2019-02-21,26994.75,27100.9004,26973,27052.4004,27052.0859,0,yahoo
BANKNIFTY,2019-02-22,26960.0508,26997.3496,26847.8008,26867.5508,26867.2383,0,yahoo
BANKNIFTY,2019-02-25,26934.1992,27197.0996,26932.6504,27159.25,27158.9336,0,yahoo
BANKNIFTY,2019-02-26,26853.8008,27127.25,26736.5996,26952.9492,26952.6367,0,yahoo
BANKNIFTY,2019-02-27,27078.0996,27189.4492,26719.4004,26799.3008,26798.9902,0,yahoo
BANKNIFTY,2019-02-28,26878,26920.5,26762.5508,26789.9004,26789.5898,0,yahoo
BANKNIFTY,2019-03-01,26941,27076.5508,26928.9004,27043.9004,27043.5859,0,yahoo
BANKNIFTY,2019-03-05,27068.1504,27580.75,26958.0996,27554.0508,27553.7305,0,yahoo
BANKNIFTY,2019-03-06,27618.0996,27681.6504,27492.0508,27625.6504,27625.3301,0,yahoo
BANKNIFTY,2019-03-07,27661,27815.5,27560,27764.5996,27764.2773,0,yahoo
BANKNIFTY,2019-03-08,27686.1504,27811.3496,27645.4004,27761.8008,27761.4785,0,yahoo
BANKNIFTY,2019-03-11,27840.0996,28035.5996,27791.25,27966.6504,27966.3262,0,yahoo
BANKNIFTY,2019-03-12,28168.1992,28488.0996,28142.25,28443.6992,28443.3691,0,yahoo
BANKNIFTY,2019-03-13,28480.3008,28927.6992,28353.6504,28884.3008,28883.9648,0,yahoo
BANKNIFTY,2019-03-14,29028.9004,29070.3496,28819.75,28923.0996,28922.7637,0,yahoo
BANKNIFTY,2019-03-15,29007,29520.6992,28990.8496,29381.4492,29381.1074,0,yahoo
BANKNIFTY,2019-03-18,29521.5996,29812,29361.6504,29596.0996,29595.7559,0,yahoo
BANKNIFTY,2019-03-19,29702.5996,29799.75,29547.6992,29767.8496,29767.5039,0,yahoo
BANKNIFTY,2019-03-20,29769.6504,29885.1992,29633.5,29832.1992,29831.8516,0,yahoo
BANKNIFTY,2019-03-22,29920.75,30008.0996,29508.6992,29582.5,29582.1562,0,yahoo
BANKNIFTY,2019-03-25,29329.4004,29329.4004,29156.25,29281.1992,29280.8594,0,yahoo
BANKNIFTY,2019-03-26,29300.4004,29950.1504,29278.5,29882.1504,29881.8027,0,yahoo
BANKNIFTY,2019-03-27,30034.1504,30262.5508,29790.25,30019.8008,30019.4512,0,yahoo
BANKNIFTY,2019-03-28,30064.8008,30496.0508,29969.0996,30420.5508,30420.1973,0,yahoo
BANKNIFTY,2019-04-01,30537.5996,30648.0996,30218.3496,30326.5,30326.1484,0,yahoo
BANKNIFTY,2019-04-02,30450.0996,30452.9004,30155.8496,30354.25,30353.8965,0,yahoo
BANKNIFTY,2019-04-03,30440.8496,30602.5508,30036.25,30093.3008,30092.9512,0,yahoo
BANKNIFTY,2019-04-04,30147.3008,30245.6992,29809.9004,29904.9004,29904.5527,0,yahoo
BANKNIFTY,2019-04-05,30002.8496,30174,29850,30084.6504,30084.3008,0,yahoo
BANKNIFTY,2019-04-08,30201.5,30232.0508,29716.5996,29845.3008,29844.9531,0,yahoo
BANKNIFTY,2019-04-09,29901.5,30165.0508,29703.5508,30113.8496,30113.5,0,yahoo
BANKNIFTY,2019-04-10,29916.5996,30155.75,29768.0996,29803.5,29803.1543,0,yahoo
BANKNIFTY,2019-04-11,29841.8496,29852.25,29640.25,29786.0996,29785.7539,0,yahoo
BANKNIFTY,2019-04-12,29780.5508,30000.9492,29707,29938.5508,29938.2031,0,yahoo
BANKNIFTY,2019-04-15,29983.5,30163.0996,29919.0996,30104.25,30103.9004,0,yahoo
BANKNIFTY,2019-04-16,30236.25,30590.9492,30228.1992,30531.3496,30530.9941,0,yahoo
BANKNIFTY,2019-04-18,30656.5,30669.8008,30142.1992,30223.4004,30223.0488,0,yahoo
BANKNIFTY,2019-04-22,30282.5,30289.9004,29647.5508,29687.9492,29687.6035,0,yahoo
BANKNIFTY,2019-04-23,29761.9492,29906.5,29455.4492,29479.6992,29479.3574,0,yahoo
BANKNIFTY,2019-04-24,29550.5,29914.8496,29435.0508,29860.8008,29860.4531,0,yahoo
BANKNIFTY,2019-04-25,29927.0508,30057.6992,29511.9492,29561.3496,29561.0059,0,yahoo
BANKNIFTY,2019-04-26,29764.8496,30048.1992,29563.1504,30013.5,30013.1504,0,yahoo
BANKNIFTY,2019-04-30,29920.4004,29920.4004,29550.0508,29764.8008,29764.4551,0,yahoo
BANKNIFTY,2019-05-02,29699.8008,29919.3496,29638.8008,29708.5996,29708.2539,0,yahoo
BANKNIFTY,2019-05-03,29811.6504,30121.75,29795.0996,29954.1504,29953.8027,0,yahoo
BANKNIFTY,2019-05-06,29626.5,29757.4004,29528.5996,29618.4492,29618.1055,0,yahoo
BANKNIFTY,2019-05-07,29749.5508,29835.5,29244.25,29288.1992,29287.8594,0,yahoo
BANKNIFTY,2019-05-08,29261.3008,29261.3008,28951.3496,28994.4004,28994.0625,0,yahoo
BANKNIFTY,2019-05-09,28893.9492,29040.3008,28784.6504,28884.5996,28884.2637,0,yahoo
BANKNIFTY,2019-05-10,28927.5996,29202.8496,28900.0996,29040.5,29040.1621,0,yahoo
BANKNIFTY,2019-05-13,29026.6504,29049.0508,28621.0996,28659.9492,28659.6152,0,yahoo
BANKNIFTY,2019-05-14,28718.75,29058.3008,28582.5996,28829.1992,28828.8633,0,yahoo
BANKNIFTY,2019-05-15,28925.4492,28983.1504,28555.1504,28616.4492,28616.1172,0,yahoo
BANKNIFTY,2019-05-16,28625.9004,28947.5996,28525.4492,28855.3008,28854.9648,0,yahoo
BANKNIFTY,2019-05-17,28881.4004,29559.4492,28856,29450.1504,29449.8086,0,yahoo
BANKNIFTY,2019-05-20,30230.4004,30827.8496,30111.1992,30759.6992,30759.3418,0,yahoo
BANKNIFTY,2019-05-21,30862.0996,30926.6992,30265.0996,30308.4004,30308.0488,0,yahoo
BANKNIFTY,2019-05-22,30410.6504,30675.0996,30268.5996,30526.8008,30526.4453,0,yahoo
BANKNIFTY,2019-05-23,30962.8008,31705,30292.3496,30409.0996,30408.7461,0,yahoo
BANKNIFTY,2019-05-24,30685.5,31275.4004,30564.4004,31212.5508,31212.1875,0,yahoo
BANKNIFTY,2019-05-27,31234.9004,31700.75,31142.5,31647.6504,31647.2832,232000,yahoo
BANKNIFTY,2019-05-28,31711.3008,31712.4004,31328.5996,31597.9004,31597.5332,0,yahoo
BANKNIFTY,2019-05-29,31459.25,31546.75,31257.9004,31295.5508,31295.1875,0,yahoo
BANKNIFTY,2019-05-30,31256.8496,31619.25,31236.0996,31537.0996,31536.7324,0,yahoo
BANKNIFTY,2019-05-31,31678.9004,31783.5996,30623.0508,31375.4004,31375.0352,0,yahoo
BANKNIFTY,2019-06-03,31406.0508,31674.5996,31284.6992,31653.6504,31653.2832,0,yahoo
BANKNIFTY,2019-06-04,31532.9004,31752.6992,31512.9492,31589.0508,31588.6836,0,yahoo
BANKNIFTY,2019-06-06,31523.9492,31541.5,30800.8008,30857.4004,30857.041,274600,yahoo
BANKNIFTY,2019-06-07,30943.1504,31139.5996,30627.0508,31066.5508,31066.1895,0,yahoo
BANKNIFTY,2019-06-10,31259.1992,31367.4004,30861.3008,31034,31033.6387,0,yahoo
BANKNIFTY,2019-06-11,31172.25,31399.3496,30973.3496,31265.4492,31265.0859,0,yahoo
BANKNIFTY,2019-06-12,31219.3008,31222.3008,30911.4492,30965.6992,30965.3398,0,yahoo
BANKNIFTY,2019-06-13,30876.75,31036.9004,30638.25,30976.0996,30975.7402,0,yahoo
BANKNIFTY,2019-06-14,30983.4492,31032.6504,30508.9492,30614.3496,30613.9941,0,yahoo
BANKNIFTY,2019-06-17,30652,30684.0508,30249.4004,30273.25,30272.8984,0,yahoo
BANKNIFTY,2019-06-18,30299.4492,30550.6504,30222.8496,30351,30350.6465,0,yahoo
BANKNIFTY,2019-06-19,30526.5,30699.1504,30242,30362.0996,30361.7461,0,yahoo
BANKNIFTY,2019-06-20,30390.1992,30824.5508,30220.6992,30781.0996,30780.7422,0,yahoo
BANKNIFTY,2019-06-21,30804.9492,30804.9492,30541.5,30628.3496,30627.9941,0,yahoo
BANKNIFTY,2019-06-24,30680.9492,30783.6504,30528,30602.0508,30601.6953,0,yahoo
BANKNIFTY,2019-06-25,30567.6504,30913.25,30451.4004,30847.0508,30846.6914,0,yahoo
BANKNIFTY,2019-06-26,30809.1992,31202.6992,30766.6504,31162.3496,31161.9883,0,yahoo
BANKNIFTY,2019-06-27,31192.0996,31490.5996,31158.8008,31269.5,31269.1367,0,yahoo
BANKNIFTY,2019-06-28,31281,31308.9004,31060.5996,31105.1992,31104.8379,0,yahoo
BANKNIFTY,2019-07-01,31271,31450.3496,31246.4492,31372.1992,31371.834,133200,yahoo
BANKNIFTY,2019-07-02,31414.6504,31431.3496,31105.0996,31283.3008,31282.9375,0,yahoo
BANKNIFTY,2019-07-03,31347.6992,31467.1504,31238.5,31382.3008,31381.9355,224100,yahoo
BANKNIFTY,2019-07-04,31471,31608.3496,31428.0508,31471.8496,31471.4844,242986000,yahoo
BANKNIFTY,2019-07-05,31523.0508,31660.75,31323.25,31475.8008,31475.4355,0,yahoo
BANKNIFTY,2019-07-08,31346.8496,31370.4004,30536.75,30603.8496,30603.4941,390500,yahoo
BANKNIFTY,2019-07-09,30533.4004,30702.0996,30346.6992,30569.1504,30568.7949,259300,yahoo
BANKNIFTY,2019-07-10,30618.0508,30728.3496,30428.5996,30522.0996,30521.7441,184300,yahoo
BANKNIFTY,2019-07-11,30707,30788.0508,30565.3496,30716.5508,30716.1934,173600,yahoo
BANKNIFTY,2019-07-12,30789.75,30870.9492,30548.3008,30601.4492,30601.0938,156200,yahoo
BANKNIFTY,2019-07-15,30688.8496,30695.6992,30334.1992,30445.9492,30445.5957,223000,yahoo
BANKNIFTY,2019-07-16,30532.6504,30635,30429.9004,30570.8008,30570.4453,369300,yahoo
BANKNIFTY,2019-07-17,30622.25,30799.6992,30568.3008,30735.5,30735.1426,367500,yahoo
BANKNIFTY,2019-07-18,30705.8008,30769.3496,30378.5996,30430.5996,30430.2461,352000,yahoo
BANKNIFTY,2019-07-19,30515.0996,30543.75,29705.75,29770.3496,29770.0039,287400,yahoo
BANKNIFTY,2019-07-22,29617.0508,29635.1504,29194.0996,29284.9492,29284.6094,339800,yahoo
BANKNIFTY,2019-07-23,29342.4492,29365.8008,29078.1504,29128.0996,29127.7617,333500,yahoo
BANKNIFTY,2019-07-24,29085.4492,29252.4004,28871,28952.25,28951.9141,244100,yahoo
BANKNIFTY,2019-07-25,28981.0508,29240.8008,28931.0508,29043.0508,29042.7129,0,yahoo
BANKNIFTY,2019-07-26,29062.5,29379.0996,28994.5,29325.3008,29324.959,383600,yahoo
BANKNIFTY,2019-07-29,29583.4492,29592.9492,29104.8496,29295.9004,29295.5605,303500,yahoo
BANKNIFTY,2019-07-30,29434.8496,29530.3008,28737.8008,28791.5996,28791.2656,301300,yahoo
BANKNIFTY,2019-07-31,28575.4492,28979.75,28529.75,28876,28875.6641,346500,yahoo
BANKNIFTY,2019-08-01,28660.5,28819.6992,28047.3496,28367.25,28366.9199,0,yahoo
BANKNIFTY,2019-08-02,28224.25,28544.5508,27936.3496,28204.9492,28204.6211,319900,yahoo
BANKNIFTY,2019-08-05,27841.1992,27866.5508,27389.5,27648.0508,27647.7285,0,yahoo
BANKNIFTY,2019-08-06,27518.5,28148.4004,27503.9004,28022.0996,28021.7734,291000,yahoo
BANKNIFTY,2019-08-07,28053.8496,28175.5508,27641.8496,27702.0508,27701.7285,0,yahoo
BANKNIFTY,2019-08-08,27840.0996,28227.5508,27531.0508,28110.4492,28110.123,303600,yahoo
BANKNIFTY,2019-08-09,28293.6504,28602.75,28251.75,28431.9004,28431.5703,336800,yahoo
BANKNIFTY,2019-08-13,28356.8008,28358.8496,27683.5,27729.0996,27728.7773,0,yahoo
BANKNIFTY,2019-08-14,27885.5,28107.0508,27726.6504,28019.1992,28018.873,290400,yahoo
BANKNIFTY,2019-08-16,27920.3008,28251.0508,27720.9492,28217,28216.6719,274000,yahoo
BANKNIFTY,2019-08-19,28331.25,28468.9004,28146.5,28186.0996,28185.7715,0,yahoo
BANKNIFTY,2019-08-20,28163.5508,28215.4004,27839.6504,27982.4492,27982.123,288200,yahoo
BANKNIFTY,2019-08-21,28021,28098.9004,27666.1992,27719.0508,27718.7285,0,yahoo
BANKNIFTY,2019-08-22,27690.0508,27690.0508,26975.5508,27034.1992,27033.8848,0,yahoo
BANKNIFTY,2019-08-23,26835.3496,27207.3008,26560.5996,26958.6504,26958.3379,0,yahoo
BANKNIFTY,2019-08-26,27663.9492,27995.25,26859.3496,27951.3496,27951.0254,0,yahoo
BANKNIFTY,2019-08-27,28106.3008,28277.6992,27960.8008,28126.1504,28125.8242,0,yahoo
BANKNIFTY,2019-08-28,28080.25,28095.5508,27634.6504,27804.3008,27803.9785,0,yahoo
BANKNIFTY,2019-08-29,27694.9492,27719.0508,27239.9492,27305.1992,27304.8828,0,yahoo
BANKNIFTY,2019-08-30,27407.9004,27586.5,27121.9492,27427.8496,27427.5312,0,yahoo
BANKNIFTY,2019-09-03,27239.1992,27247.0508,26742.5996,26824.1504,26823.8379,0,yahoo
BANKNIFTY,2019-09-04,26785.9492,27278.6992,26641.3496,27123.8496,27123.5352,0,yahoo
BANKNIFTY,2019-09-05,27086.9492,27243.9492,26815.4004,26919.6992,26919.3867,0,yahoo
BANKNIFTY,2019-09-06,26986.5,27311.0508,26950.5508,27247.9004,27247.584,0,yahoo
BANKNIFTY,2019-09-09,27240.3496,27565.5508,26993.9004,27504.6504,27504.3301,0,yahoo
BANKNIFTY,2019-09-11,27639.0508,27829.6504,27551.6504,27776.1992,27775.877,0,yahoo
BANKNIFTY,2019-09-12,27870.8008,28062.3008,27764.6992,27818.5,27818.1758,0,yahoo
BANKNIFTY,2019-09-13,27772,28126.8496,27573.4492,28098.75,28098.4238,0,yahoo
BANKNIFTY,2019-09-16,27868,28066.6992,27798.8496,27855,27854.6758,0,yahoo
BANKNIFTY,2019-09-17,27765.0996,27851.4004,27047.9492,27131.75,27131.4355,0,yahoo
BANKNIFTY,2019-09-18,27304.6992,27414.4492,27088.8008,27172.6504,27172.334,0,yahoo
BANKNIFTY,2019-09-19,27175.4492,27175.4492,26643,26757.6504,26757.3398,0,yahoo
BANKNIFTY,2019-09-20,26878.6504,29418.9492,26727.5508,28981.5508,28981.2148,0,yahoo
BANKNIFTY,2019-09-23,30039.4004,30801.3008,29776.3008,30566.1992,30565.8438,0,yahoo
BANKNIFTY,2019-09-24,30432,30668.0996,29889.5508,30183.0996,30182.748,0,yahoo
BANKNIFTY,2019-09-25,30029.0508,30067.5996,29470.0996,29586.0508,29585.707,0,yahoo
BANKNIFTY,2019-09-26,29640.5508,30718.3496,29627,30002.5996,30002.25,0,yahoo
BANKNIFTY,2019-09-27,29974.9492,30112.6504,29711.3496,29876.6504,29876.3027,0,yahoo
BANKNIFTY,2019-09-30,29674.8008,29754.4004,28943.4492,29103.1504,29102.8125,0,yahoo
BANKNIFTY,2019-10-01,29226.1504,29526.4004,28077.3496,28725.5,28725.166,1187300,yahoo
BANKNIFTY,2019-10-03,28606.6992,28769.0996,28240.8008,28414.0996,28413.7695,0,yahoo
BANKNIFTY,2019-10-04,28681.9004,28730.3008,27653.6992,27731.8496,27731.5273,0,yahoo
BANKNIFTY,2019-10-07,27909.9004,28185.1504,27568.3496,27767.5508,27767.2285,0,yahoo
BANKNIFTY,2019-10-09,27901.6504,28857.6992,27702.0508,28785.8496,28785.5156,0,yahoo
BANKNIFTY,2019-10-10,28542.9492,28552.75,27914.1504,28013.4492,28013.123,0,yahoo
BANKNIFTY,2019-10-11,28245.5508,28604.0508,27736.8008,28042.5,28042.1738,0,yahoo
BANKNIFTY,2019-10-14,28238.5,28553.4004,28043.25,28181.9492,28181.6211,0,yahoo
BANKNIFTY,2019-10-15,28257.8496,28694.8496,28186.25,28555.0996,28554.7676,0,yahoo
BANKNIFTY,2019-10-16,28689.4492,28759.3496,28305.4004,28538.8008,28538.4688,0,yahoo
BANKNIFTY,2019-10-17,28596.3496,29049.0508,28487.9492,28989.4492,28989.1113,0,yahoo
BANKNIFTY,2019-10-18,28954.8008,29249.5,28864.0996,29120.25,29119.9121,0,yahoo
BANKNIFTY,2019-10-22,29416.25,29690,29231.1992,29411.1504,29410.8086,0,yahoo
BANKNIFTY,2019-10-23,29478.8496,29643.8008,29214.0508,29459.5996,29459.2578,0,yahoo
BANKNIFTY,2019-10-24,29604.3496,29693.25,28994.1992,29107.9492,29107.6113,0,yahoo
BANKNIFTY,2019-10-25,29228.6504,29452.0996,28923.8008,29395.9492,29395.6074,0,yahoo
BANKNIFTY,2019-10-29,29527.5996,29997.6504,29385.4492,29873.0508,29872.7031,0,yahoo
BANKNIFTY,2019-10-30,30005.6992,30151.0996,29753,29987.5,29987.1523,0,yahoo
BANKNIFTY,2019-10-31,30168.6504,30415.6504,29987.1504,30066.25,30065.9004,0,yahoo
BANKNIFTY,2019-11-01,30196.1504,30409,30028.9004,30330.5508,30330.1992,0,yahoo
BANKNIFTY,2019-11-04,30415.9004,30607.0508,30227.25,30333.0996,30332.7461,0,yahoo
BANKNIFTY,2019-11-05,30403.25,30452.6992,30091.3496,30219.8496,30219.498,0,yahoo
BANKNIFTY,2019-11-06,30225.1992,30699,30013.6504,30609.5996,30609.2441,0,yahoo
BANKNIFTY,2019-11-07,30722.5996,30821.3496,30462.5508,30633.1504,30632.7949,364800,yahoo
BANKNIFTY,2019-11-08,30571.3008,31108.4004,30504.0508,30749.4004,30749.043,0,yahoo
BANKNIFTY,2019-11-11,30664.6504,31205.1992,30625.8008,31115.5508,31115.1895,0,yahoo
BANKNIFTY,2019-11-13,31084.75,31198.5,30488.0996,30541.5508,30541.1953,0,yahoo
BANKNIFTY,2019-11-14,30615.8008,30789.1992,30338.3496,30749.9492,30749.5918,0,yahoo
BANKNIFTY,2019-11-15,30912.4004,31165.4492,30860.6992,31008.4004,31008.0391,0,yahoo
BANKNIFTY,2019-11-18,31036.8008,31203.5508,30901.8496,30992.0996,30991.7402,0,yahoo
BANKNIFTY,2019-11-19,31045.1504,31298.0508,30974.3008,31236.25,31235.8867,0,yahoo
BANKNIFTY,2019-11-20,31292.3496,31471.6504,31205.5508,31353.8496,31353.4844,0,yahoo
BANKNIFTY,2019-11-21,31413.25,31463.1504,31243,31349.9492,31349.584,0,yahoo
BANKNIFTY,2019-11-22,31389.5996,31394.1992,31055.1992,31111.5996,31111.2383,0,yahoo
BANKNIFTY,2019-11-25,31065.0996,31591.5996,31049.75,31555.9004,31555.5332,0,yahoo
BANKNIFTY,2019-11-26,31692.8496,31850.3496,31465.8496,31718.3496,31717.9805,0,yahoo
BANKNIFTY,2019-11-27,31832.75,31916.8008,31734.5,31875.9492,31875.5781,0,yahoo
BANKNIFTY,2019-11-28,31981.6992,32157.0508,31905.9004,32122.9492,32122.5762,498300,yahoo
BANKNIFTY,2019-11-29,32074.1504,32086.9492,31770.8008,31946.0996,31945.7285,0,yahoo
BANKNIFTY,2019-12-02,32008.3008,32024.0996,31720.5996,31871.4492,31871.0781,0,yahoo
BANKNIFTY,2019-12-03,31920.0996,31936.5996,31502.9492,31613.3496,31612.9824,0,yahoo
BANKNIFTY,2019-12-04,31549.3008,32017.75,31444,31979.3008,31978.9297,516800,yahoo
BANKNIFTY,2019-12-05,32083.8008,32126.9492,31628.3008,31712.9492,31712.5801,393300,yahoo
BANKNIFTY,2019-12-06,31797.1504,31883.6992,31250.6504,31341.5508,31341.1855,485400,yahoo
BANKNIFTY,2019-12-09,31321.4004,31537.6504,31122.0508,31316.6504,31316.2871,494500,yahoo
BANKNIFTY,2019-12-10,31386.4004,31412.8008,31126,31160.3496,31159.9883,505400,yahoo
BANKNIFTY,2019-12-11,31151.6504,31337.8496,30996.4004,31256.75,31256.3867,815400,yahoo
BANKNIFTY,2019-12-12,31356.8008,31711.4492,31352.0996,31665.4492,31665.082,529700,yahoo
BANKNIFTY,2019-12-13,31775.5508,32105.0508,31770.5,32014.25,32013.877,390500,yahoo
BANKNIFTY,2019-12-16,32159,32186.9492,31897.75,31974.1992,31973.8281,306000,yahoo
BANKNIFTY,2019-12-17,32082.4004,32213.3496,31987.3496,32140.25,32139.877,259900,yahoo
BANKNIFTY,2019-12-18,32292.25,32293.6504,32017.3008,32244.25,32243.875,258800,yahoo
BANKNIFTY,2019-12-19,32281.6504,32328.3496,32085.0508,32241.4492,32241.0742,436900,yahoo
BANKNIFTY,2019-12-20,32266.8496,32443.3496,32199.4492,32384.9492,32384.5723,535200,yahoo
BANKNIFTY,2019-12-23,32381,32502.8008,32196.8496,32339.4492,32339.0742,391500,yahoo
BANKNIFTY,2019-12-24,32337.8008,32390.3496,32246.0508,32280.75,32280.375,330800,yahoo
BANKNIFTY,2019-12-26,32276.1504,32314.5996,31963.25,31997.6992,31997.3281,339800,yahoo
BANKNIFTY,2019-12-27,32142.5,32444.8496,32056.25,32412.3496,32411.9727,332400,yahoo
BANKNIFTY,2019-12-30,32486.5996,32613.0996,32248.5,32354.9004,32354.5234,0,yahoo
BANKNIFTY,2019-12-31,32345.9492,32345.9492,32108.75,32161.6504,32161.2773,251400,yahoo
CRUDE,2019-01-02,45.8,47.78,44.35,46.54,46.54,850480,yahoo
CRUDE,2019-01-03,46.26,47.49,45.35,47.09,47.09,788718,yahoo
CRUDE,2019-01-04,46.9,49.22,46.65,47.96,47.96,817277,yahoo
CRUDE,2019-01-07,48.3,49.79,48.11,48.52,48.52,819939,yahoo
CRUDE,2019-01-08,48.73,49.95,48.31,49.78,49.78,765981,yahoo
CRUDE,2019-01-09,49.8,52.58,49.71,52.36,52.36,891922,yahoo
CRUDE,2019-01-10,52.18,52.78,51.37,52.59,52.59,821782,yahoo
CRUDE,2019-01-11,52.28,53.31,51.18,51.59,51.59,812339,yahoo
CRUDE,2019-01-14,51.73,52.11,50.38,50.51,50.51,791527,yahoo
CRUDE,2019-01-15,50.78,52.3,50.64,52.11,52.11,664183,yahoo
CRUDE,2019-01-16,52,52.52,51.26,52.31,52.31,694182,yahoo
CRUDE,2019-01-17,52.3,52.58,50.98,52.07,52.07,288560,yahoo
CRUDE,2019-01-18,52.23,53.92,52.09,53.8,53.8,193099,yahoo
CRUDE,2019-01-22,53.73,54.24,51.8,52.57,52.57,951158,yahoo
CRUDE,2019-01-23,52.95,53.64,51.86,52.62,52.62,702866,yahoo
CRUDE,2019-01-24,52.45,53.47,52.07,53.13,53.13,714415,yahoo
CRUDE,2019-01-25,53.17,53.94,52.91,53.69,53.69,593385,yahoo
CRUDE,2019-01-28,53.56,53.64,51.33,51.99,51.99,650667,yahoo
CRUDE,2019-01-29,52.12,53.93,51.84,53.31,53.31,660527,yahoo
CRUDE,2019-01-30,53.24,54.93,53.09,54.23,54.23,731312,yahoo
CRUDE,2019-01-31,54.28,55.37,53.62,53.79,53.79,718650,yahoo
CRUDE,2019-02-01,54.01,55.66,53.37,55.26,55.26,689566,yahoo
CRUDE,2019-02-04,55.32,55.75,53.29,54.56,54.56,622472,yahoo
CRUDE,2019-02-05,54.86,55.21,53.47,53.66,53.66,609756,yahoo
CRUDE,2019-02-06,53.73,54.3,52.86,54.01,54.01,606720,yahoo
CRUDE,2019-02-07,53.94,54.21,51.8,52.64,52.64,749010,yahoo
CRUDE,2019-02-08,52.59,52.99,52.08,52.72,52.72,621003,yahoo
CRUDE,2019-02-11,52.66,52.78,51.23,52.41,52.41,750242,yahoo
CRUDE,2019-02-12,52.47,54.05,52.29,53.1,53.1,708312,yahoo
CRUDE,2019-02-13,53.35,54.6,53.27,53.9,53.9,706552,yahoo
CRUDE,2019-02-14,53.96,54.68,53.08,54.41,54.41,623546,yahoo
CRUDE,2019-02-15,54.48,55.87,54.24,55.59,55.59,276907,yahoo
CRUDE,2019-02-19,55.78,56.33,55.29,56.09,56.09,153728,yahoo
CRUDE,2019-02-20,55.94,57.55,55.48,56.92,56.92,685111,yahoo
CRUDE,2019-02-21,57.24,57.61,56.64,56.96,56.96,546202,yahoo
CRUDE,2019-02-22,56.84,57.81,56.71,57.26,57.26,513439,yahoo
CRUDE,2019-02-25,57.17,57.53,55.08,55.48,55.48,723012,yahoo
CRUDE,2019-02-26,55.46,56.08,55.02,55.5,55.5,538919,yahoo
CRUDE,2019-02-27,55.95,57.39,55.72,56.94,56.94,577227,yahoo
CRUDE,2019-02-28,57,57.43,56.43,57.22,57.22,496678,yahoo
CRUDE,2019-03-01,57.22,57.88,55.57,55.8,55.8,684186,yahoo
CRUDE,2019-03-04,55.83,57,55.81,56.59,56.59,549396,yahoo
CRUDE,2019-03-05,56.45,57.19,56.09,56.56,56.56,538399,yahoo
CRUDE,2019-03-06,56.28,56.4,55.42,56.22,56.22,637677,yahoo
CRUDE,2019-03-07,56.2,56.99,56.08,56.66,56.66,628824,yahoo
CRUDE,2019-03-08,56.43,56.51,54.52,56.07,56.07,747358,yahoo
CRUDE,2019-03-11,56.07,57.01,55.96,56.79,56.79,597156,yahoo
CRUDE,2019-03-12,56.76,57.55,56.74,56.87,56.87,652798,yahoo
CRUDE,2019-03-13,57.09,58.48,57.01,58.26,58.26,610616,yahoo
CRUDE,2019-03-14,58.35,58.74,58,58.61,58.61,567604,yahoo
CRUDE,2019-03-15,58.51,58.95,57.74,58.52,58.52,507393,yahoo
CRUDE,2019-03-18,58.45,59.23,58.05,59.09,59.09,157241,yahoo
CRUDE,2019-03-19,59.01,59.57,58.62,59.03,59.03,114822,yahoo
CRUDE,2019-03-20,59.02,60.12,58.39,59.83,59.83,786342,yahoo
CRUDE,2019-03-21,59.99,60.39,59.66,59.98,59.98,655380,yahoo
CRUDE,2019-03-22,59.87,60.07,58.28,59.04,59.04,738840,yahoo
CRUDE,2019-03-25,58.98,59.35,58.17,58.82,58.82,705399,yahoo
CRUDE,2019-03-26,59.12,60.38,59.04,59.94,59.94,685988,yahoo
CRUDE,2019-03-27,60.03,60.22,58.81,59.41,59.41,732150,yahoo
CRUDE,2019-03-28,59.4,59.56,58.2,59.3,59.3,712209,yahoo
CRUDE,2019-03-29,59.53,60.73,59.41,60.14,60.14,705559,yahoo
CRUDE,2019-04-01,60.24,61.8,60.13,61.59,61.59,670808,yahoo
CRUDE,2019-04-02,61.81,62.75,61.6,62.58,62.58,793227,yahoo
CRUDE,2019-04-03,62.64,62.99,62.05,62.46,62.46,799672,yahoo
CRUDE,2019-04-04,62.5,62.77,61.89,62.1,62.1,684973,yahoo
CRUDE,2019-04-05,62.18,63.34,61.82,63.08,63.08,686862,yahoo
CRUDE,2019-04-08,63.33,64.48,63.13,64.4,64.4,895767,yahoo
CRUDE,2019-04-09,64.4,64.79,63.68,63.98,63.98,790677,yahoo
CRUDE,2019-04-10,64.22,64.7,64.05,64.61,64.61,722216,yahoo
CRUDE,2019-04-11,64.48,64.49,63.31,63.58,63.58,760504,yahoo
CRUDE,2019-04-12,63.71,64.65,63.66,63.89,63.89,625588,yahoo
CRUDE,2019-04-15,63.76,63.84,63.03,63.4,63.4,555858,yahoo
CRUDE,2019-04-16,63.57,64.37,62.99,64.05,64.05,547469,yahoo
CRUDE,2019-04-17,64.32,64.61,63.66,63.76,63.76,235376,yahoo
CRUDE,2019-04-18,63.75,64.16,63.46,64,64,148238,yahoo
CRUDE,2019-04-22,64,65.92,64,65.7,65.7,763527,yahoo
CRUDE,2019-04-23,65.75,66.6,65.58,66.3,66.3,700598,yahoo
CRUDE,2019-04-24,66.17,66.43,65.66,65.89,65.89,678386,yahoo
CRUDE,2019-04-25,65.81,66.28,64.9,65.21,65.21,603001,yahoo
CRUDE,2019-04-26,65.13,65.18,62.28,63.3,63.3,1000836,yahoo
CRUDE,2019-04-29,62.95,63.69,62.46,63.5,63.5,654076,yahoo
CRUDE,2019-04-30,63.58,64.75,63.3,63.91,63.91,750494,yahoo
CRUDE,2019-05-01,63.4,63.93,62.77,63.6,63.6,676872,yahoo
CRUDE,2019-05-02,63.61,63.68,60.95,61.81,61.81,914661,yahoo
CRUDE,2019-05-03,61.55,62.52,61.3,61.94,61.94,646866,yahoo
CRUDE,2019-05-06,61.43,62.95,60.04,62.25,62.25,768810,yahoo
CRUDE,2019-05-07,62.17,62.49,60.66,61.4,61.4,842810,yahoo
CRUDE,2019-05-08,61.44,62.37,61.07,62.12,62.12,791769,yahoo
CRUDE,2019-05-09,62.02,62.21,60.92,61.7,61.7,769583,yahoo
CRUDE,2019-05-10,61.64,62.49,61.42,61.66,61.66,786494,yahoo
CRUDE,2019-05-13,61.65,63.33,60.64,61.04,61.04,1003106,yahoo
CRUDE,2019-05-14,60.86,62.11,60.69,61.78,61.78,751668,yahoo
CRUDE,2019-05-15,61.37,62.34,60.85,62.02,62.02,723001,yahoo
CRUDE,2019-05-16,62.12,63.48,62.08,62.87,62.87,545679,yahoo
CRUDE,2019-05-17,63.12,63.64,62.52,62.76,62.76,215802,yahoo
CRUDE,2019-05-20,63.53,63.81,62.45,63.1,63.1,131888,yahoo
CRUDE,2019-05-21,63.28,63.6,62.75,62.99,62.99,641680,yahoo
CRUDE,2019-05-22,62.64,62.78,61.03,61.42,61.42,766728,yahoo
CRUDE,2019-05-23,61.27,61.29,57.33,57.91,57.91,1108052,yahoo
CRUDE,2019-05-24,58.21,59.1,57.5,58.63,58.63,758099,yahoo
CRUDE,2019-05-28,58.94,59.57,58.13,59.14,59.14,1020323,yahoo
CRUDE,2019-05-29,59.07,59.14,56.88,58.81,58.81,1124959,yahoo
CRUDE,2019-05-30,59.12,59.7,56.33,56.59,56.59,842281,yahoo
CRUDE,2019-05-31,56.46,56.61,53.05,53.5,53.5,1031488,yahoo
CRUDE,2019-06-03,53.42,54.63,52.11,53.25,53.25,984308,yahoo
CRUDE,2019-06-04,52.89,53.78,52.43,53.48,53.48,831625,yahoo
CRUDE,2019-06-05,52.86,53.41,50.6,51.68,51.68,943186,yahoo
CRUDE,2019-06-06,51.66,53.3,51.17,52.59,52.59,790067,yahoo
CRUDE,2019-06-07,53.1,54.32,52.62,53.99,53.99,828133,yahoo
CRUDE,2019-06-10,54.24,54.84,53.05,53.26,53.26,687146,yahoo
CRUDE,2019-06-11,53.43,54.04,52.91,53.27,53.27,642940,yahoo
CRUDE,2019-06-12,53.04,53.05,50.72,51.14,51.14,786105,yahoo
CRUDE,2019-06-13,51.07,53.45,50.92,52.28,52.28,945024,yahoo
CRUDE,2019-06-14,52.18,52.98,51.7,52.51,52.51,574229,yahoo
CRUDE,2019-06-17,52.5,52.74,51.58,51.93,51.93,397868,yahoo
CRUDE,2019-06-18,51.95,54.31,51.5,53.9,53.9,181640,yahoo
CRUDE,2019-06-19,54.09,54.42,53.28,53.76,53.76,122838,yahoo
CRUDE,2019-06-20,54.12,57.02,54.11,56.65,56.65,854514,yahoo
CRUDE,2019-06-21,57.26,57.98,56.66,57.43,57.43,676047,yahoo
CRUDE,2019-06-24,57.72,58.22,56.75,57.9,57.9,597164,yahoo
CRUDE,2019-06-25,57.74,58.84,57.2,57.83,57.83,673140,yahoo
CRUDE,2019-06-26,58.84,59.93,58.65,59.38,59.38,686817,yahoo
CRUDE,2019-06-27,59.27,59.73,58.61,59.43,59.43,531405,yahoo
CRUDE,2019-06-28,59.22,59.8,57.75,58.47,58.47,556101,yahoo
CRUDE,2019-07-01,59.27,60.28,58.34,59.09,59.09,674887,yahoo
CRUDE,2019-07-02,59.14,59.43,56.09,56.25,56.25,878938,yahoo
CRUDE,2019-07-03,56.49,57.48,56.04,57.34,57.34,600131,yahoo
CRUDE,2019-07-05,57.38,57.82,56.29,57.51,57.51,698015,yahoo
CRUDE,2019-07-08,57.77,58.46,57.3,57.66,57.66,540861,yahoo
CRUDE,2019-07-09,57.56,59.1,57.29,57.83,57.83,551872,yahoo
CRUDE,2019-07-10,58.4,60.53,58.35,60.43,60.43,690656,yahoo
CRUDE,2019-07-11,60.44,60.94,60.14,60.2,60.2,573019,yahoo
CRUDE,2019-07-12,60.46,60.74,59.93,60.21,60.21,469029,yahoo
CRUDE,2019-07-15,60.25,60.92,59.2,59.58,59.58,566818,yahoo
CRUDE,2019-07-16,59.26,60.06,57.07,57.62,57.62,712540,yahoo
CRUDE,2019-07-17,57.52,58.36,56.21,56.78,56.78,504432,yahoo
CRUDE,2019-07-18,56.6,57.32,54.72,55.3,55.3,215361,yahoo
CRUDE,2019-07-19,55.72,56.36,54.99,55.63,55.63,105217,yahoo
CRUDE,2019-07-22,56.22,56.84,55.72,56.22,56.22,619483,yahoo
CRUDE,2019-07-23,56.17,57.47,55.74,56.77,56.77,521876,yahoo
CRUDE,2019-07-24,57.23,57.64,55.33,55.88,55.88,745248,yahoo
CRUDE,2019-07-25,55.9,56.99,55.81,56.02,56.02,559282,yahoo
CRUDE,2019-07-26,55.93,56.57,55.68,56.2,56.2,476785,yahoo
CRUDE,2019-07-29,56.2,57.1,55.81,56.87,56.87,529742,yahoo
CRUDE,2019-07-30,57.07,58.47,56.96,58.05,58.05,547401,yahoo
CRUDE,2019-07-31,58.34,58.82,57.81,58.58,58.58,614001,yahoo
CRUDE,2019-08-01,57.85,57.99,53.59,53.95,53.95,886748,yahoo
CRUDE,2019-08-02,54.54,56.05,54.15,55.66,55.66,739810,yahoo
CRUDE,2019-08-05,55.38,55.61,54.22,54.69,54.69,823844,yahoo
CRUDE,2019-08-06,54.95,55.42,53.29,53.63,53.63,682794,yahoo
CRUDE,2019-08-07,53.42,53.77,50.52,51.09,51.09,1063214,yahoo
CRUDE,2019-08-08,52.33,53.06,51.94,52.54,52.54,724762,yahoo
CRUDE,2019-08-09,52.88,54.92,52.37,54.5,54.5,726386,yahoo
CRUDE,2019-08-12,54.32,55.18,53.54,54.93,54.93,611027,yahoo
CRUDE,2019-08-13,54.73,57.47,54.21,57.1,57.1,783486,yahoo
CRUDE,2019-08-14,56.74,56.85,53.97,55.23,55.23,718293,yahoo
CRUDE,2019-08-15,54.9,55.33,53.77,54.47,54.47,527866,yahoo
CRUDE,2019-08-16,54.74,55.67,54.26,54.87,54.87,168345,yahoo
CRUDE,2019-08-19,54.96,56.41,54.84,56.21,56.21,113571,yahoo
CRUDE,2019-08-20,56.1,56.6,55.28,56.34,56.34,659258,yahoo
CRUDE,2019-08-21,56.05,57.13,55.55,55.68,55.68,704035,yahoo
CRUDE,2019-08-22,55.94,56.46,54.85,55.35,55.35,621573,yahoo
CRUDE,2019-08-23,55.35,55.6,53.24,54.17,54.17,807151,yahoo
CRUDE,2019-08-26,53.25,55.26,52.96,53.64,53.64,679022,yahoo
CRUDE,2019-08-27,53.76,55.72,53.69,54.93,54.93,596624,yahoo
CRUDE,2019-08-28,55.71,56.75,55.34,55.78,55.78,674048,yahoo
CRUDE,2019-08-29,55.88,56.89,55.43,56.71,56.71,630760,yahoo
CRUDE,2019-08-30,56.63,56.72,54.55,55.1,55.1,708268,yahoo
CRUDE,2019-09-03,55,55.24,52.84,53.94,53.94,970804,yahoo
CRUDE,2019-09-04,53.92,56.58,53.84,56.26,56.26,682298,yahoo
CRUDE,2019-09-05,55.95,57.76,55.75,56.3,56.3,712466,yahoo
CRUDE,2019-09-06,56.19,56.95,54.83,56.52,56.52,714294,yahoo
CRUDE,2019-09-09,56.8,58.16,56.58,57.85,57.85,646993,yahoo
CRUDE,2019-09-10,58.03,58.76,57.2,57.4,57.4,755472,yahoo
CRUDE,2019-09-11,57.89,58.3,55.61,55.75,55.75,858772,yahoo
CRUDE,2019-09-12,55.93,56.34,54,55.09,55.09,845977,yahoo
CRUDE,2019-09-13,55.15,55.68,54.44,54.85,54.85,599470,yahoo
CRUDE,2019-09-16,61.48,63.38,58.77,62.9,62.9,1404916,yahoo
CRUDE,2019-09-17,61.96,62.59,58.46,59.34,59.34,993237,yahoo
CRUDE,2019-09-18,58.81,59.43,57.67,58.11,58.11,216961,yahoo
CRUDE,2019-09-19,58.2,59.54,58.01,58.13,58.13,112327,yahoo
CRUDE,2019-09-20,58.65,59.1,57.79,58.09,58.09,576019,yahoo
CRUDE,2019-09-23,59.25,59.39,57.37,58.64,58.64,526785,yahoo
CRUDE,2019-09-24,58.44,58.49,56.69,57.29,57.29,591529,yahoo
CRUDE,2019-09-25,56.7,57.02,55.55,56.49,56.49,563550,yahoo
CRUDE,2019-09-26,56.69,56.84,55.41,56.41,56.41,599653,yahoo
CRUDE,2019-09-27,56.51,56.76,54.75,55.91,55.91,712966,yahoo
CRUDE,2019-09-30,56.54,56.57,53.98,54.07,54.07,532522,yahoo
CRUDE,2019-10-01,54.28,54.84,53.05,53.62,53.62,589176,yahoo
CRUDE,2019-10-02,54,54.42,52.17,52.64,52.64,590306,yahoo
CRUDE,2019-10-03,52.47,52.91,50.99,52.45,52.45,642466,yahoo
CRUDE,2019-10-04,52.29,53.35,52.04,52.81,52.81,541104,yahoo
CRUDE,2019-10-07,52.69,54.06,52.59,52.75,52.75,549019,yahoo
CRUDE,2019-10-08,52.81,53.27,51.81,52.63,52.63,658324,yahoo
CRUDE,2019-10-09,52.57,53.74,52.31,52.59,52.59,632666,yahoo
CRUDE,2019-10-10,52.69,53.97,51.38,53.55,53.55,613944,yahoo
CRUDE,2019-10-11,53.88,54.93,53.64,54.7,54.7,467643,yahoo
CRUDE,2019-10-14,54.9,54.9,52.77,53.59,53.59,467643,yahoo
CRUDE,2019-10-15,53.51,53.79,52.39,52.81,52.81,511249,yahoo
CRUDE,2019-10-16,52.92,53.74,52.52,53.36,53.36,451643,yahoo
CRUDE,2019-10-17,52.99,54.16,52.62,53.93,53.93,418422,yahoo
CRUDE,2019-10-18,54.09,54.62,53.35,53.78,53.78,174477,yahoo
CRUDE,2019-10-21,53.71,54.03,52.71,53.31,53.31,95979,yahoo
CRUDE,2019-10-22,53.39,54.62,53.1,54.16,54.16,506573,yahoo
CRUDE,2019-10-23,54.3,56.07,53.62,55.97,55.97,620202,yahoo
CRUDE,2019-10-24,55.9,56.51,55.41,56.23,56.23,480764,yahoo
CRUDE,2019-10-25,56.07,56.74,55.6,56.66,56.66,445020,yahoo
CRUDE,2019-10-28,56.65,56.92,55.58,55.81,55.81,437020,yahoo
CRUDE,2019-10-29,55.8,55.91,54.61,55.54,55.54,521457,yahoo
CRUDE,2019-10-30,55.53,55.73,54.42,55.06,55.06,659328,yahoo
CRUDE,2019-10-31,54.9,55.59,53.71,54.18,54.18,677419,yahoo
CRUDE,2019-11-01,54.15,56.33,54.07,56.2,56.2,538117,yahoo
CRUDE,2019-11-04,56.41,57.43,55.83,56.54,56.54,580350,yahoo
CRUDE,2019-11-05,56.56,57.5,56.3,57.23,57.23,435319,yahoo
CRUDE,2019-11-06,57.26,57.85,56.11,56.35,56.35,623258,yahoo
CRUDE,2019-11-07,56.35,57.88,56.27,57.15,57.15,678165,yahoo
CRUDE,2019-11-08,57.08,57.48,55.76,57.24,57.24,636941,yahoo
CRUDE,2019-11-11,57.4,57.4,56.25,56.86,56.86,498981,yahoo
CRUDE,2019-11-12,56.89,57.55,56.54,56.8,56.8,586568,yahoo
CRUDE,2019-11-13,56.79,57.53,56.2,57.12,57.12,547635,yahoo
CRUDE,2019-11-14,57.39,57.79,56.63,56.77,56.77,516832,yahoo
CRUDE,2019-11-15,56.91,57.97,56.43,57.72,57.72,375993,yahoo
CRUDE,2019-11-18,57.88,58.09,56.55,57.05,57.05,159328,yahoo
CRUDE,2019-11-19,56.9,57.11,55.04,55.21,55.21,121214,yahoo
CRUDE,2019-11-20,55.16,57.25,54.76,57.11,57.11,674891,yahoo
CRUDE,2019-11-21,57,58.67,56.6,58.58,58.58,593533,yahoo
CRUDE,2019-11-22,58.31,58.74,57.5,57.77,57.77,508244,yahoo
CRUDE,2019-11-25,57.92,58.15,57.21,58.01,58.01,420642,yahoo
CRUDE,2019-11-26,57.92,58.56,57.76,58.41,58.41,443816,yahoo
CRUDE,2019-11-27,58.27,58.68,57.51,58.11,58.11,454256,yahoo
CRUDE,2019-11-29,58.13,58.3,55.02,55.17,55.17,718724,yahoo
CRUDE,2019-12-02,55.47,56.67,55.42,55.96,55.96,616423,yahoo
CRUDE,2019-12-03,55.96,56.8,55.35,56.1,56.1,560554,yahoo
CRUDE,2019-12-04,56.43,58.66,56.28,58.43,58.43,760541,yahoo
CRUDE,2019-12-05,58.36,59.12,58.1,58.43,58.43,649461,yahoo
CRUDE,2019-12-06,58.32,59.85,57.7,59.2,59.2,679609,yahoo
CRUDE,2019-12-09,59.11,59.25,58.23,59.02,59.02,511561,yahoo
CRUDE,2019-12-10,58.92,59.52,58.52,59.24,59.24,566822,yahoo
CRUDE,2019-12-11,59.06,59.22,58.11,58.76,58.76,589650,yahoo
CRUDE,2019-12-12,58.88,59.72,58.75,59.18,59.18,530851,yahoo
CRUDE,2019-12-13,59.36,60.48,59.27,60.07,60.07,512288,yahoo
CRUDE,2019-12-16,59.87,60.34,59.71,60.21,60.21,347395,yahoo
CRUDE,2019-12-17,60.23,61.06,60.03,60.94,60.94,163744,yahoo
CRUDE,2019-12-18,60.55,61.18,60.32,60.93,60.93,131071,yahoo
CRUDE,2019-12-19,60.86,61.47,60.79,61.22,61.22,426341,yahoo
CRUDE,2019-12-20,61.11,61.2,60.02,60.44,60.44,552517,yahoo
CRUDE,2019-12-23,60.41,60.77,60.1,60.52,60.52,314711,yahoo
CRUDE,2019-12-24,60.63,61.16,60.47,61.11,61.11,204535,yahoo
CRUDE,2019-12-26,61.2,61.83,61.06,61.68,61.68,265091,yahoo
CRUDE,2019-12-27,61.73,61.97,61.24,61.72,61.72,351899,yahoo
CRUDE,2019-12-30,61.71,62.34,61.09,61.68,61.68,427149,yahoo
CRUDE,2019-12-31,61.68,61.88,60.63,61.06,61.06,494535,yahoo
HANGSENG,2019-01-02,25824.4395,25824.4395,25055.2695,25130.3496,25130.3496,1666300000,yahoo
HANGSENG,2019-01-03,25077.6797,25262.2109,24896.8691,25064.3594,25064.3594,1481300000,yahoo
HANGSENG,2019-01-04,24946.1191,25626.0293,24924.7305,25626.0293,25626.0293,1708600000,yahoo
HANGSENG,2019-01-07,26015.8398,26043.6406,25753.4609,25835.6992,25835.6992,1447100000,yahoo
HANGSENG,2019-01-08,25852.5,25960.8906,25688.5,25875.4492,25875.4492,1578200000,yahoo
HANGSENG,2019-01-09,26237.2891,26597.0703,26192.6504,26462.3203,26462.3203,2680900000,yahoo
HANGSENG,2019-01-10,26391.7793,26588.2109,26212.3398,26521.4297,26521.4297,1939000000,yahoo
HANGSENG,2019-01-11,26692.0195,26692.0195,26494.8594,26667.2695,26667.2695,1799400000,yahoo
HANGSENG,2019-01-14,26559.6797,26575.3301,26195.7793,26298.3301,26298.3301,1426000000,yahoo
HANGSENG,2019-01-15,26518.6191,26838.5508,26427.4492,26830.2891,26830.2891,1822900000,yahoo
HANGSENG,2019-01-16,26702.9297,26903.7793,26567.5195,26902.0996,26902.0996,1714900000,yahoo
HANGSENG,2019-01-17,26953.2109,27012.1895,26703.3105,26755.6309,26755.6309,1860500000,yahoo
HANGSENG,2019-01-18,26993.4395,27116.6504,26915.0801,27090.8105,27090.8105,1692700000,yahoo
HANGSENG,2019-01-21,27134.2695,27323.6094,27084.3008,27196.5391,27196.5391,1640000000,yahoo
HANGSENG,2019-01-22,27189.4004,27223.6992,26854.6602,27005.4492,27005.4492,1578400000,yahoo
HANGSENG,2019-01-23,26879.9102,27131.2207,26879.9102,27008.1992,27008.1992,1382000000,yahoo
HANGSENG,2019-01-24,27075.3691,27120.9805,26889.7891,27120.9805,27120.9805,1323700000,yahoo
HANGSENG,2019-01-25,27282.8809,27569.1895,27217.75,27569.1895,27569.1895,2265000000,yahoo
HANGSENG,2019-01-28,27695.8105,27790.2207,27462.3691,27576.9609,27576.9609,1705100000,yahoo
HANGSENG,2019-01-29,27397.5391,27575.3691,27328.1699,27531.6797,27531.6797,1821800000,yahoo
HANGSENG,2019-01-30,27571.4102,27642.8496,27369.75,27642.8496,27642.8496,1821900000,yahoo
HANGSENG,2019-01-31,27842.0508,28010.9004,27773.9805,27942.4707,27942.4707,2225300000,yahoo
HANGSENG,2019-02-01,28193.2793,28193.2793,27802.5,27930.7402,27930.7402,1669700000,yahoo
HANGSENG,2019-02-04,27985.4199,28005.1504,27847.4297,27990.2109,27990.2109,808100000,yahoo
HANGSENG,2019-02-08,27708.1309,28008.8203,27534.1992,27946.3203,27946.3203,1527700000,yahoo
HANGSENG,2019-02-11,27927.4492,28143.8398,27847.8496,28143.8398,28143.8398,1384100000,yahoo
HANGSENG,2019-02-12,28093.3105,28219.5898,27983.4805,28171.3301,28171.3301,1492500000,yahoo
HANGSENG,2019-02-13,28184.8691,28533.3594,28160.4609,28497.5898,28497.5898,1930800000,yahoo
HANGSENG,2019-02-14,28396.4004,28476.6504,28275.1797,28432.0508,28432.0508,1433700000,yahoo
HANGSENG,2019-02-15,28241.4395,28256.6895,27845.8691,27900.8398,27900.8398,1781500000,yahoo
HANGSENG,2019-02-18,28186.75,28412.0801,28186.75,28347.0098,28347.0098,1549900000,yahoo
HANGSENG,2019-02-19,28440.4902,28488.9707,28208.8691,28228.1309,28228.1309,1653100000,yahoo
HANGSENG,2019-02-20,28404.6797,28599.7695,28357.3008,28514.0508,28514.0508,1928700000,yahoo
HANGSENG,2019-02-21,28450,28759.3496,28364.8496,28629.9199,28629.9199,1814500000,yahoo
HANGSENG,2019-02-22,28478.9609,28816.3008,28430.1992,28816.3008,28816.3008,1706500000,yahoo
HANGSENG,2019-02-25,28975.5195,29009.9805,28763.4609,28959.3008,28959.3008,3518000000,yahoo
HANGSENG,2019-02-26,28971.2305,28971.2305,28700.0098,28772.0605,28772.0605,2758200000,yahoo
HANGSENG,2019-02-27,28833.1602,29014.1895,28701.4707,28757.4395,28757.4395,2378400000,yahoo
HANGSENG,2019-02-28,28719.7109,28917.4902,28571.1309,28633.1797,28633.1797,2086700000,yahoo
HANGSENG,2019-03-01,28716.5996,28860.1992,28663.7109,28812.1699,28812.1699,1927000000,yahoo
HANGSENG,2019-03-04,28855.1094,29241.8008,28760.6699,28959.5898,28959.5898,2682900000,yahoo
HANGSENG,2019-03-05,28823.1602,29025.7891,28734.8105,28961.5996,28961.5996,1951600000,yahoo
HANGSENG,2019-03-06,29003.25,29122.8105,28938.3906,29037.5996,29037.5996,1794500000,yahoo
HANGSENG,2019-03-07,28965.4199,29007.0703,28772.4492,28779.4492,28779.4492,1692000000,yahoo
HANGSENG,2019-03-08,28409.1406,28533.7598,28201.0898,28228.4199,28228.4199,2999000000,yahoo
HANGSENG,2019-03-11,28265.8496,28512.2695,28240.7793,28503.3008,28503.3008,1525500000,yahoo
HANGSENG,2019-03-12,28760.2695,28941.0898,28734.0898,28920.8691,28920.8691,1918000000,yahoo
HANGSENG,2019-03-13,28924.2793,28924.2793,28690.3691,28807.4492,28807.4492,1183100000,yahoo
HANGSENG,2019-03-14,28891.0605,28932.4707,28696.3105,28851.3906,28851.3906,1390200000,yahoo
HANGSENG,2019-03-15,28843.8594,29204.7305,28828.2598,29012.2598,29012.2598,1974600000,yahoo
HANGSENG,2019-03-18,29112.4395,29409.0098,29034.1309,29409.0098,29409.0098,1887800000,yahoo
HANGSENG,2019-03-19,29419.1406,29486.1504,29319.5098,29466.2793,29466.2793,1747700000,yahoo
HANGSENG,2019-03-20,29357.1895,29435.8105,29251.25,29320.9707,29320.9707,1580500000,yahoo
HANGSENG,2019-03-21,29387.75,29446.7695,29051.8496,29071.5605,29071.5605,1750700000,yahoo
HANGSENG,2019-03-22,29173.3301,29243.0996,28847.3398,29113.3594,29113.3594,1740700000,yahoo
HANGSENG,2019-03-25,28501.3691,28702.2402,28463.1094,28523.3496,28523.3496,2091100000,yahoo
HANGSENG,2019-03-26,28677.7598,28701.5996,28435.0605,28566.9102,28566.9102,1406600000,yahoo
HANGSENG,2019-03-27,28564.7109,28781.6309,28551.6504,28728.25,28728.25,1475500000,yahoo
HANGSENG,2019-03-28,28663.1992,28816.5898,28558.8008,28775.2109,28775.2109,1582100000,yahoo
HANGSENG,2019-03-29,28812.6406,29100.6895,28761.8809,29051.3594,29051.3594,2695200000,yahoo
HANGSENG,2019-04-01,29383.7207,29612.3691,29383.7207,29562.0195,29562.0195,2475400000,yahoo
HANGSENG,2019-04-02,29736.9902,29736.9902,29534.4199,29624.6699,29624.6699,1858500000,yahoo
HANGSENG,2019-04-03,29785.2695,29999.3398,29715.7695,29986.3906,29986.3906,2019400000,yahoo
HANGSENG,2019-04-04,29950.4199,30050.9102,29765.5508,29936.3203,29936.3203,1854500000,yahoo
HANGSENG,2019-04-08,30119.5801,30185.0605,29913.6191,30077.1504,30077.1504,2321000000,yahoo
HANGSENG,2019-04-09,30065.9902,30222.0195,30018.9805,30157.4902,30157.4902,2049400000,yahoo
HANGSENG,2019-04-10,30052.2695,30139.6094,29892.6191,30119.5605,30119.5605,1814100000,yahoo
HANGSENG,2019-04-11,30138.1406,30184.6094,29783.6699,29839.4492,29839.4492,1897200000,yahoo
HANGSENG,2019-04-12,29806.3496,29909.7598,29694.8496,29909.7598,29909.7598,1560700000,yahoo
HANGSENG,2019-04-15,30119.8496,30280.1191,29810.7207,29810.7207,29810.7207,2010600000,yahoo
HANGSENG,2019-04-16,29754.3008,30142.8594,29665.1094,30129.8691,30129.8691,2546200000,yahoo
HANGSENG,2019-04-17,30160.6895,30178.5801,30004.9707,30124.6797,30124.6797,2035100000,yahoo
HANGSENG,2019-04-18,30088.6504,30101.8301,29896.8594,29963.2598,29963.2598,1569900000,yahoo
HANGSENG,2019-04-23,29782.9492,30055.9395,29755.8691,29963.2402,29963.2402,2006200000,yahoo
HANGSENG,2019-04-24,30112.1895,30112.1895,29682.8691,29805.8301,29805.8301,1749000000,yahoo
HANGSENG,2019-04-25,29667.5195,29849.6992,29535.1992,29549.8008,29549.8008,1644500000,yahoo
HANGSENG,2019-04-26,29513.0801,29672.7891,29504.1406,29605.0098,29605.0098,1411000000,yahoo
HANGSENG,2019-04-29,29730.8496,29917.1094,29639.3809,29892.8105,29892.8105,1250700000,yahoo
HANGSENG,2019-04-30,29828.1504,29855.7598,29620.4492,29699.1094,29699.1094,1359000000,yahoo
HANGSENG,2019-05-02,29643.0508,29967.7402,29643.0508,29944.1797,29944.1797,1298900000,yahoo
HANGSENG,2019-05-03,29818.4805,30081.5508,29678.8594,30081.5508,30081.5508,1217400000,yahoo
HANGSENG,2019-05-06,29342.3809,29384.0098,28956.4707,29209.8203,29209.8203,2934100000,yahoo
HANGSENG,2019-05-07,29313.5801,29480.0391,29156.4492,29363.0195,29363.0195,1997700000,yahoo
HANGSENG,2019-05-08,28987.0898,29252,28945.9102,29003.1992,29003.1992,2182800000,yahoo
HANGSENG,2019-05-09,28839.3496,28891.1094,28281.9805,28311.0703,28311.0703,2907200000,yahoo
HANGSENG,2019-05-10,28462.3398,28833.4492,28203.2207,28550.2402,28550.2402,2421500000,yahoo
HANGSENG,2019-05-14,27951.1191,28205.9609,27925.6191,28122.0195,28122.0195,2875300000,yahoo
HANGSENG,2019-05-15,28171.3203,28441.4902,28171.3203,28268.7109,28268.7109,2244900000,yahoo
HANGSENG,2019-05-16,28117.4805,28379.3691,28050.7793,28275.0703,28275.0703,2372400000,yahoo
HANGSENG,2019-05-17,28428,28428,27909.7305,27946.4609,27946.4609,1922200000,yahoo
HANGSENG,2019-05-20,27959.2305,27999.5996,27699.2305,27787.6094,27787.6094,2260500000,yahoo
HANGSENG,2019-05-21,27671.4004,27915.1602,27598.0605,27657.2402,27657.2402,2229200000,yahoo
HANGSENG,2019-05-22,27753.5391,27828.8105,27640.6191,27705.9395,27705.9395,1705800000,yahoo
HANGSENG,2019-05-23,27505.5293,27523.8594,27169.6699,27267.1309,27267.1309,2219400000,yahoo
HANGSENG,2019-05-24,27368.6797,27457.5898,27291.9395,27353.9297,27353.9297,1677000000,yahoo
HANGSENG,2019-05-27,27239.0801,27371.3496,27105.2207,27288.0898,27288.0898,1264300000,yahoo
HANGSENG,2019-05-28,27274.8301,27490.5508,27230.0898,27390.8105,27390.8105,3043700000,yahoo
HANGSENG,2019-05-29,27226.9492,27429.3691,27178.7109,27235.7109,27235.7109,2236900000,yahoo
HANGSENG,2019-05-30,27319.25,27319.25,27020.7305,27114.8809,27114.8809,1884000000,yahoo
HANGSENG,2019-05-31,27002.9609,27155.3594,26850.2695,26901.0898,26901.0898,1829500000,yahoo
HANGSENG,2019-06-03,26909.7109,26968.0996,26735.4805,26893.8594,26893.8594,1716200000,yahoo
HANGSENG,2019-06-04,26994.0801,26994.0801,26671.9004,26761.5195,26761.5195,1527700000,yahoo
HANGSENG,2019-06-05,27116.0801,27119.4805,26803.6602,26895.4395,26895.4395,1894200000,yahoo
HANGSENG,2019-06-06,26935.8691,26984.0195,26837.6699,26965.2793,26965.2793,1601900000,yahoo
HANGSENG,2019-06-10,27206.6094,27606.4199,27155.0293,27578.6406,27578.6406,2272300000,yahoo
HANGSENG,2019-06-11,27677.0605,27857.8496,27577.9102,27789.3398,27789.3398,1824700000,yahoo
HANGSENG,2019-06-12,27603.1191,27603.1191,27222.0293,27308.4609,27308.4609,1866900000,yahoo
HANGSENG,2019-06-13,27217.7207,27294.7109,26825.3496,27294.7109,27294.7109,1846300000,yahoo
HANGSENG,2019-06-14,27180.7402,27275.8809,27051.75,27118.3496,27118.3496,2031100000,yahoo
HANGSENG,2019-06-17,27252.4492,27503.0996,27227.1602,27227.1602,27227.1602,1487300000,yahoo
HANGSENG,2019-06-18,27289.6992,27584.1191,27201.0195,27498.7695,27498.7695,1550600000,yahoo
HANGSENG,2019-06-19,28224.8691,28224.8691,28022.4902,28202.1406,28202.1406,2076100000,yahoo
HANGSENG,2019-06-20,28308.8496,28563.0801,28258.0195,28550.4297,28550.4297,1820200000,yahoo
HANGSENG,2019-06-21,28581.5098,28581.5098,28359.25,28473.7109,28473.7109,2171900000,yahoo
HANGSENG,2019-06-24,28400.6309,28634.4805,28358.0605,28513,28513,1338800000,yahoo
HANGSENG,2019-06-25,28447.9609,28470.0996,28066.1309,28185.9805,28185.9805,1852000000,yahoo
HANGSENG,2019-06-26,28046.1602,28267.9805,27985.9805,28221.9805,28221.9805,1431400000,yahoo
HANGSENG,2019-06-27,28352.9395,28621.4199,28287.3398,28621.4199,28621.4199,1679900000,yahoo
HANGSENG,2019-06-28,28632.5898,28632.5898,28416.9609,28542.6191,28542.6191,1486700000,yahoo
HANGSENG,2019-07-02,28904.0391,28959.0605,28768.5391,28875.5605,28875.5605,2110400000,yahoo
HANGSENG,2019-07-03,28781.9707,28891.8906,28721.2109,28855.1406,28855.1406,1291300000,yahoo
HANGSENG,2019-07-04,28891.9707,29007.9805,28776.4805,28795.7695,28795.7695,928400000,yahoo
HANGSENG,2019-07-05,28785.5293,28880.5801,28714.9199,28774.8301,28774.8301,846900000,yahoo
HANGSENG,2019-07-08,28513.1406,28541.0996,28194.0703,28331.6895,28331.6895,1250900000,yahoo
HANGSENG,2019-07-09,28299.7305,28312.9707,28080.7305,28116.2793,28116.2793,1218500000,yahoo
HANGSENG,2019-07-10,28245.0898,28311.7793,28144.8691,28204.6895,28204.6895,1013000000,yahoo
HANGSENG,2019-07-11,28347.8594,28582.6895,28347.8594,28431.8008,28431.8008,1067100000,yahoo
HANGSENG,2019-07-12,28401.8691,28603.8691,28399.6602,28471.6191,28471.6191,1204500000,yahoo
HANGSENG,2019-07-15,28303.3594,28567.25,28071.1895,28554.8809,28554.8809,1317100000,yahoo
HANGSENG,2019-07-16,28583.9297,28634.6504,28489.4102,28619.6191,28619.6191,1024700000,yahoo
HANGSENG,2019-07-17,28463.7695,28593.1699,28377.3398,28593.1699,28593.1699,950400000,yahoo
HANGSENG,2019-07-18,28393.0391,28511.6504,28376.5,28461.6602,28461.6602,925000000,yahoo
HANGSENG,2019-07-19,28585.1504,28809.5898,28551.1992,28765.4004,28765.4004,1261000000,yahoo
HANGSENG,2019-07-22,28612.2793,28649.4395,28303.5508,28371.2598,28371.2598,1104900000,yahoo
HANGSENG,2019-07-23,28392.0391,28489.2891,28313.7891,28466.4805,28466.4805,950000000,yahoo
HANGSENG,2019-07-24,28578.1406,28764.5,28515.9199,28524.0391,28524.0391,1075800000,yahoo
HANGSENG,2019-07-25,28575.4902,28628.5098,28517.0098,28594.3008,28594.3008,974300000,yahoo
HANGSENG,2019-07-26,28406.0703,28487.6406,28338.3008,28397.7402,28397.7402,1320700000,yahoo
HANGSENG,2019-07-29,28262.8008,28302.6602,27945.4102,28106.4102,28106.4102,1563600000,yahoo
HANGSENG,2019-07-30,28059.8203,28274.6504,28059.8203,28146.5,28146.5,1147600000,yahoo
HANGSENG,2019-07-31,27931.2793,27939.7207,27701.4395,27777.75,27777.75,1287100000,yahoo
HANGSENG,2019-08-01,27582.2109,27754.0391,27495.8906,27565.6992,27565.6992,1736400000,yahoo
HANGSENG,2019-08-02,26950.5293,27043.4609,26868.9609,26918.5801,26918.5801,2317600000,yahoo
HANGSENG,2019-08-05,26480.4707,26502.6094,26086.8594,26151.3203,26151.3203,2120700000,yahoo
HANGSENG,2019-08-06,25472.4297,26042.2305,25397.3496,25976.2402,25976.2402,2751900000,yahoo
HANGSENG,2019-08-07,25977.7207,26025.4395,25738.8008,25997.0293,25997.0293,1671300000,yahoo
HANGSENG,2019-08-08,25999.4492,26317.4199,25999.4492,26120.7695,26120.7695,1658100000,yahoo
HANGSENG,2019-08-09,26278.9199,26313.7793,25939.3008,25939.3008,25939.3008,1357600000,yahoo
HANGSENG,2019-08-12,25869.4805,26069.2305,25824.7207,25824.7207,25824.7207,1200400000,yahoo
HANGSENG,2019-08-13,25536.6191,25616.7109,25270.9102,25281.3008,25281.3008,1979100000,yahoo
HANGSENG,2019-08-14,25711.0996,25717.9805,25197.3809,25302.2793,25302.2793,1915500000,yahoo
HANGSENG,2019-08-15,24945.7402,25552.1309,24899.9297,25495.4609,25495.4609,2145900000,yahoo
HANGSENG,2019-08-16,25484.9609,25798.1094,25314.2695,25734.2207,25734.2207,2022500000,yahoo
HANGSENG,2019-08-19,25994.8008,26356.2207,25994.8008,26291.8398,26291.8398,2144900000,yahoo
HANGSENG,2019-08-20,26256.5391,26347.2305,26149.4004,26231.5391,26231.5391,1822900000,yahoo
HANGSENG,2019-08-21,26160.5391,26318.1309,26075.9102,26270.0391,26270.0391,1701500000,yahoo
HANGSENG,2019-08-22,26272.9102,26288.2402,25977.6699,26048.7207,26048.7207,1780700000,yahoo
HANGSENG,2019-08-23,26057.8809,26241.2207,25940.4395,26179.3301,26179.3301,1621400000,yahoo
HANGSENG,2019-08-26,25322,25692.2793,25249.5098,25680.3301,25680.3301,2475600000,yahoo
HANGSENG,2019-08-27,25715.9805,25764.6094,25581.7305,25664.0703,25664.0703,2214200000,yahoo
HANGSENG,2019-08-28,25767.0801,25830.6406,25596.0801,25615.4805,25615.4805,1462100000,yahoo
HANGSENG,2019-08-29,25606.3301,25714.7793,25372.4902,25703.5,25703.5,1784900000,yahoo
HANGSENG,2019-08-30,26011.6406,26011.6406,25536.1504,25724.7305,25724.7305,2017900000,yahoo
HANGSENG,2019-09-02,25627.8301,25662.3105,25502.6992,25626.5508,25626.5508,1295100000,yahoo
HANGSENG,2019-09-03,25546.3203,25736.0508,25498.1094,25527.8496,25527.8496,1149200000,yahoo
HANGSENG,2019-09-04,25675.1602,26654.2109,25675.1602,26523.2305,26523.2305,2688500000,yahoo
HANGSENG,2019-09-05,26512.8594,26697.8496,26283.1191,26515.5293,26515.5293,1996600000,yahoo
HANGSENG,2019-09-06,26773.1309,26790.7891,26563.1699,26690.7598,26690.7598,1895300000,yahoo
HANGSENG,2019-09-09,26743.3594,26807.8594,26609.6504,26681.4004,26681.4004,1700900000,yahoo
HANGSENG,2019-09-10,26831.9805,26870.7695,26634.4707,26683.6797,26683.6797,1738000000,yahoo
HANGSENG,2019-09-11,26790.6406,27159.5098,26705.6309,27159.0605,27159.0605,2072200000,yahoo
HANGSENG,2019-09-12,27283.9805,27283.9805,26967.25,27087.6309,27087.6309,1337000000,yahoo
HANGSENG,2019-09-13,27154.5098,27366.4492,27074.5391,27352.6895,27352.6895,1176500000,yahoo
HANGSENG,2019-09-16,27212.8906,27212.8906,26976.3008,27124.5508,27124.5508,2189100000,yahoo
HANGSENG,2019-09-17,26942.9609,26951.8398,26694.3691,26790.2402,26790.2402,1850700000,yahoo
HANGSENG,2019-09-18,26838.4297,26891.1602,26730.6309,26754.1191,26754.1191,1372600000,yahoo
HANGSENG,2019-09-19,26820.7305,26820.7305,26372.0898,26468.9492,26468.9492,1330400000,yahoo
HANGSENG,2019-09-20,26532.8809,26564.3594,26410.4102,26435.6699,26435.6699,1973000000,yahoo
HANGSENG,2019-09-23,26463.6191,26483.0293,26186.0098,26222.4004,26222.4004,1285500000,yahoo
HANGSENG,2019-09-24,26300.2109,26391.9805,26207.2695,26281,26281,2089400000,yahoo
HANGSENG,2019-09-25,26162.7109,26190.5605,25917.6797,25945.3496,25945.3496,1762600000,yahoo
HANGSENG,2019-09-26,26075.1504,26099.6406,25917.5801,26041.9297,26041.9297,1700200000,yahoo
HANGSENG,2019-09-27,25977.9805,26017.4609,25840.6602,25954.8105,25954.8105,984300000,yahoo
HANGSENG,2019-09-30,25844.7109,26161.6992,25786.2891,26092.2695,26092.2695,1343900000,yahoo
HANGSENG,2019-10-02,25901.4707,26092.6191,25778.2207,26042.6895,26042.6895,1202200000,yahoo
HANGSENG,2019-10-03,25831.4395,26192.8691,25809.4707,26110.3105,26110.3105,1142400000,yahoo
HANGSENG,2019-10-04,26169.5098,26169.5098,25612.4902,25821.0293,25821.0293,1137200000,yahoo
HANGSENG,2019-10-08,25848.7305,26180.0293,25761.5,25893.4004,25893.4004,1779100000,yahoo
HANGSENG,2019-10-09,25736.8809,25866.8398,25656.6602,25682.8105,25682.8105,1588300000,yahoo
HANGSENG,2019-10-10,25625.5703,25809.5801,25521.9492,25707.9297,25707.9297,1434200000,yahoo
HANGSENG,2019-10-11,25986.8203,26393.0098,25976.0703,26308.4395,26308.4395,2031000000,yahoo
HANGSENG,2019-10-14,26520.9297,26636.9297,26386.4102,26521.8496,26521.8496,2096300000,yahoo
HANGSENG,2019-10-15,26609.1309,26609.1309,26433.4297,26503.9297,26503.9297,1569200000,yahoo
HANGSENG,2019-10-16,26553.9004,26698.5605,26432.4297,26664.2793,26664.2793,1689400000,yahoo
HANGSENG,2019-10-17,26809.0391,26956.8203,26729.5098,26848.4902,26848.4902,1403800000,yahoo
HANGSENG,2019-10-18,26910.5508,26985.0801,26650.1309,26719.5801,26719.5801,1541900000,yahoo
HANGSENG,2019-10-21,26715.2207,26818.4395,26658.3203,26725.6797,26725.6797,1045200000,yahoo
HANGSENG,2019-10-22,26813.8105,26844.2891,26698.3008,26786.1992,26786.1992,1496900000,yahoo
HANGSENG,2019-10-23,26771.9805,26818.9902,26491.7109,26566.7305,26566.7305,1270800000,yahoo
HANGSENG,2019-10-24,26651.0293,26810.4297,26592.1797,26797.9492,26797.9492,1496700000,yahoo
HANGSENG,2019-10-25,26795.6406,26795.6406,26621.1797,26667.3906,26667.3906,1151200000,yahoo
HANGSENG,2019-10-28,26770.1094,27005.6797,26762.6992,26891.2598,26891.2598,1476200000,yahoo
HANGSENG,2019-10-29,27027.5605,27027.5605,26729.0605,26786.7598,26786.7598,1515300000,yahoo
HANGSENG,2019-10-30,26766.9805,26809.5293,26602.9492,26667.7109,26667.7109,1554100000,yahoo
HANGSENG,2019-10-31,26708.4492,27009.5,26708.4492,26906.7207,26906.7207,1907600000,yahoo
HANGSENG,2019-11-01,26806.4395,27102.4199,26800.5703,27100.7598,27100.7598,1421500000,yahoo
HANGSENG,2019-11-04,27299.8809,27547.3008,27299.4609,27547.3008,27547.3008,1777500000,yahoo
HANGSENG,2019-11-05,27601.0996,27733.0703,27463.3301,27683.4004,27683.4004,1748600000,yahoo
HANGSENG,2019-11-06,27636.3301,27750.9102,27547.7695,27688.6406,27688.6406,1316700000,yahoo
HANGSENG,2019-11-07,27690.5996,27900.8008,27534.9102,27847.2305,27847.2305,1353600000,yahoo
HANGSENG,2019-11-08,27894.5605,27894.5605,27582.2891,27651.1406,27651.1406,1491800000,yahoo
HANGSENG,2019-11-11,27361.4102,27361.4102,26830.4707,26926.5508,26926.5508,1921700000,yahoo
HANGSENG,2019-11-12,27064.2598,27076.6699,26794.6094,27065.2793,27065.2793,1149600000,yahoo
HANGSENG,2019-11-13,26761.1602,26761.1602,26465.3301,26571.4609,26571.4609,1855000000,yahoo
HANGSENG,2019-11-14,26444.2305,26605.9609,26203.9707,26323.6895,26323.6895,1554700000,yahoo
HANGSENG,2019-11-15,26529.9492,26544.6504,26300.0801,26326.6602,26326.6602,1180300000,yahoo
HANGSENG,2019-11-18,26442.3906,26702.1602,26406.3496,26681.0898,26681.0898,1425300000,yahoo
HANGSENG,2019-11-19,26671.3203,27093.8008,26605.6309,27093.8008,27093.8008,1542600000,yahoo
HANGSENG,2019-11-20,26936.7891,26962.1699,26804.3496,26889.6094,26889.6094,1333200000,yahoo
HANGSENG,2019-11-21,26587.5898,26587.5898,26306.0195,26466.8809,26466.8809,1712200000,yahoo
HANGSENG,2019-11-22,26584.8809,26690.1699,26487.6699,26595.0801,26595.0801,1100400000,yahoo
HANGSENG,2019-11-25,26873.3496,27114.2207,26852.8906,26993.0391,26993.0391,1497200000,yahoo
HANGSENG,2019-11-26,27183.9004,27227.8691,26913.9199,26913.9199,26913.9199,2416400000,yahoo
HANGSENG,2019-11-27,26943.5195,26974.2793,26866.8008,26954,26954,1133700000,yahoo
HANGSENG,2019-11-28,26763.6309,26991.8008,26763.6309,26893.7305,26893.7305,998800000,yahoo
HANGSENG,2019-11-29,26705.3809,26705.3809,26308.0996,26346.4902,26346.4902,2004900000,yahoo
HANGSENG,2019-12-02,26475.3398,26511.5508,26393.0898,26444.7207,26444.7207,1348900000,yahoo
HANGSENG,2019-12-03,26315.9707,26424.1191,26063.0195,26391.3008,26391.3008,1795500000,yahoo
HANGSENG,2019-12-04,26071.3906,26191.7891,25995.1504,26062.5605,26062.5605,1502300000,yahoo
HANGSENG,2019-12-05,26300.5098,26300.5098,26134.0605,26217.0391,26217.0391,1228000000,yahoo
HANGSENG,2019-12-06,26345.1992,26520.0801,26309.3398,26498.3691,26498.3691,1644200000,yahoo
HANGSENG,2019-12-09,26513.9707,26618.25,26432.2695,26494.7305,26494.7305,1301800000,yahoo
HANGSENG,2019-12-10,26378.9902,26527.0898,26355.5293,26436.6191,26436.6191,956300000,yahoo
HANGSENG,2019-12-11,26410.0898,26659.9805,26364.4297,26645.4297,26645.4297,1409600000,yahoo
HANGSENG,2019-12-12,26837.9395,27048.9805,26837.9395,26994.1406,26994.1406,1451700000,yahoo
HANGSENG,2019-12-13,27494.5098,27687.7598,27405.2598,27687.7598,27687.7598,2212200000,yahoo
HANGSENG,2019-12-16,27530.5,27715.9297,27473.3203,27508.0898,27508.0898,1421400000,yahoo
HANGSENG,2019-12-17,27630.6895,27894.7207,27563.4395,27843.7109,27843.7109,1926200000,yahoo
HANGSENG,2019-12-18,27946.7402,27970.7598,27775.9805,27884.2109,27884.2109,1842200000,yahoo
HANGSENG,2019-12-19,27908.7793,27908.7793,27675.2402,27800.4902,27800.4902,1296800000,yahoo
HANGSENG,2019-12-20,27834.5508,27959.5195,27740.6602,27871.3496,27871.3496,1680000000,yahoo
HANGSENG,2019-12-23,28024.6191,28024.6191,27830.0801,27906.4102,27906.4102,1216800000,yahoo
HANGSENG,2019-12-24,27901.5098,27921.2891,27792.6602,27864.2109,27864.2109,484000000,yahoo
HANGSENG,2019-12-27,28033.6602,28226.1094,28000.6191,28225.4199,28225.4199,1375000000,yahoo
HANGSENG,2019-12-30,28250.4805,28418.6504,28165.1309,28319.3906,28319.3906,1420400000,yahoo
HANGSENG,2019-12-31,28241.4297,28298.4609,28123.8594,28189.75,28189.75,873700000,yahoo
INDIAVIX,2019-01-01,16,16.4,15.15,15.33,15.33,0,yahoo
INDIAVIX,2019-01-02,15.33,16.95,14.84,16.39,16.39,0,yahoo
INDIAVIX,2019-01-03,16.39,17.15,15.44,16.79,16.79,0,yahoo
INDIAVIX,2019-01-04,16.79,16.97,15.49,16.16,16.16,0,yahoo
INDIAVIX,2019-01-07,16.16,16.45,15.3,16.3,16.3,0,yahoo
INDIAVIX,2019-01-08,16.3,16.57,14.74,15.7,15.7,0,yahoo
INDIAVIX,2019-01-09,15.7,16.32,13.9,15.27,15.27,0,yahoo
INDIAVIX,2019-01-10,15.27,15.61,14.15,15.35,15.35,0,yahoo
INDIAVIX,2019-01-11,15.35,15.83,14.36,15.35,15.35,0,yahoo
INDIAVIX,2019-01-14,15.35,16.55,15.35,16.16,16.16,0,yahoo
INDIAVIX,2019-01-15,16.16,16.16,12.99,15.58,15.58,0,yahoo
INDIAVIX,2019-01-16,15.58,16.31,12.8,16.08,16.08,0,yahoo
INDIAVIX,2019-01-17,16.08,16.43,12.99,16.24,16.24,0,yahoo
INDIAVIX,2019-01-18,16.24,16.91,12.31,16.62,16.62,0,yahoo
INDIAVIX,2019-01-21,16.62,18.34,14.36,18.15,18.15,0,yahoo
INDIAVIX,2019-01-22,18.15,18.47,15.51,17.99,17.99,0,yahoo
INDIAVIX,2019-01-23,17.99,18.29,12.02,18.09,18.09,0,yahoo
INDIAVIX,2019-01-24,18.09,18.38,14.54,17.43,17.43,0,yahoo
INDIAVIX,2019-01-25,17.43,18.14,14.37,17.69,17.69,0,yahoo
INDIAVIX,2019-01-28,17.69,19.28,14.59,18.9,18.9,0,yahoo
INDIAVIX,2019-01-29,18.9,19.8,18.04,18.43,18.43,0,yahoo
INDIAVIX,2019-01-30,18.43,18.43,15.98,17.85,17.85,0,yahoo
INDIAVIX,2019-01-31,17.85,17.85,16.45,17.12,17.12,0,yahoo
INDIAVIX,2019-02-01,17.12,17.18,15.55,15.72,15.72,0,yahoo
INDIAVIX,2019-02-04,15.72,16.45,14.97,15.72,15.72,0,yahoo
INDIAVIX,2019-02-05,15.72,15.98,14.61,15.78,15.78,0,yahoo
INDIAVIX,2019-02-06,15.78,15.97,12.83,15.63,15.63,0,yahoo
INDIAVIX,2019-02-07,15.63,16.22,13.6,15.44,15.44,0,yahoo
INDIAVIX,2019-02-08,15.44,15.82,12.97,15.57,15.57,0,yahoo
INDIAVIX,2019-02-11,15.57,16.36,13.46,15.84,15.84,0,yahoo
INDIAVIX,2019-02-12,15.84,15.98,13.23,15.75,15.75,0,yahoo
INDIAVIX,2019-02-14,15.73,16.58,12.09,15.77,15.77,0,yahoo
INDIAVIX,2019-02-15,15.77,17.54,12.45,16.46,16.46,0,yahoo
INDIAVIX,2019-02-18,16.46,18.19,11.85,18,18,0,yahoo
INDIAVIX,2019-02-19,18,18.61,15.26,18.47,18.47,0,yahoo
INDIAVIX,2019-02-20,18.47,18.47,15.24,17.06,17.06,0,yahoo
INDIAVIX,2019-02-21,17.06,17.17,12.13,16.05,16.05,0,yahoo
INDIAVIX,2019-02-22,16.05,16.05,12.32,15.45,15.45,0,yahoo
INDIAVIX,2019-02-25,15.45,16.04,11.7,15.36,15.36,0,yahoo
INDIAVIX,2019-02-26,15.36,18.1,13.12,17.11,17.11,0,yahoo
INDIAVIX,2019-02-27,17.11,19.98,14.13,18.9,18.9,0,yahoo
INDIAVIX,2019-02-28,18.9,18.9,17.07,18.28,18.28,0,yahoo
INDIAVIX,2019-03-01,18.28,18.28,15.9,16.27,16.27,0,yahoo
INDIAVIX,2019-03-05,16.27,16.86,15.45,15.66,15.66,0,yahoo
INDIAVIX,2019-03-06,15.66,15.74,14.29,15.61,15.61,0,yahoo
INDIAVIX,2019-03-07,15.61,15.69,14.31,15.29,15.29,0,yahoo
INDIAVIX,2019-03-08,15.29,15.41,12.92,14.94,14.94,0,yahoo
INDIAVIX,2019-03-11,14.94,15.38,13.67,14.9,14.9,0,yahoo
INDIAVIX,2019-03-12,14.9,15.2,13.84,15.1,15.1,0,yahoo
INDIAVIX,2019-03-13,15.1,15.6,12.3,15.28,15.28,0,yahoo
INDIAVIX,2019-03-14,15.28,15.52,13.76,15.15,15.15,0,yahoo
INDIAVIX,2019-03-15,15.15,16.39,11.85,15.87,15.87,0,yahoo
INDIAVIX,2019-03-18,15.87,17.19,14.27,16.9,16.9,0,yahoo
INDIAVIX,2019-03-19,16.9,17.18,14.55,16.49,16.49,0,yahoo
INDIAVIX,2019-03-20,16.49,16.49,14.49,16.03,16.03,0,yahoo
INDIAVIX,2019-03-22,16.03,16.81,12.68,16.27,16.27,0,yahoo
INDIAVIX,2019-03-25,16.27,17.03,14.26,16.67,16.67,0,yahoo
INDIAVIX,2019-03-26,16.67,16.67,15.52,16.49,16.49,0,yahoo
INDIAVIX,2019-03-27,16.49,17.42,14.55,17.05,17.05,0,yahoo
INDIAVIX,2019-03-28,17.05,17.33,15.75,16.65,16.65,0,yahoo
INDIAVIX,2019-04-01,17.18,18.22,17.18,18.01,18.01,0,yahoo
INDIAVIX,2019-04-02,18.01,18.55,17.44,18.08,18.08,0,yahoo
INDIAVIX,2019-04-03,18.08,18.88,17.29,18.78,18.78,0,yahoo
INDIAVIX,2019-04-04,18.78,19.33,18.25,18.65,18.65,0,yahoo
INDIAVIX,2019-04-05,18.65,19.08,16.76,18.39,18.39,0,yahoo
INDIAVIX,2019-04-08,18.39,20.46,18.39,20.15,20.15,0,yahoo
INDIAVIX,2019-04-09,20.15,20.66,16.55,20.28,20.28,0,yahoo
INDIAVIX,2019-04-10,20.28,21.28,18.7,21.13,21.13,0,yahoo
INDIAVIX,2019-04-11,21.13,21.34,19.41,20.96,20.96,0,yahoo
INDIAVIX,2019-04-12,20.96,21.3,18.68,21,21,0,yahoo
INDIAVIX,2019-04-15,21,22.24,18.76,21.39,21.39,0,yahoo
INDIAVIX,2019-04-16,21.39,21.89,19.67,21.69,21.69,0,yahoo
INDIAVIX,2019-04-18,21.69,23.05,18.5,22.74,22.74,0,yahoo
INDIAVIX,2019-04-22,22.74,24.56,20.41,24.05,24.05,0,yahoo
INDIAVIX,2019-04-23,24.05,26.32,22.78,24.65,24.65,0,yahoo
INDIAVIX,2019-04-24,24.65,25.13,23.45,23.71,23.71,0,yahoo
INDIAVIX,2019-04-25,23.71,25.54,22.73,23.23,23.23,0,yahoo
INDIAVIX,2019-04-26,23.23,23.96,21.43,21.72,21.72,0,yahoo
INDIAVIX,2019-04-30,21.72,22.78,20.76,21.83,21.83,0,yahoo
INDIAVIX,2019-05-02,21.83,23.27,21.77,22.98,22.98,0,yahoo
INDIAVIX,2019-05-03,22.98,24.15,21.1,24.03,24.03,0,yahoo
INDIAVIX,2019-05-06,24.03,27.84,19.74,26.43,26.43,0,yahoo
INDIAVIX,2019-05-07,26.43,26.81,23.09,26.48,26.48,0,yahoo
INDIAVIX,2019-05-08,26.48,27.03,23.25,26.37,26.37,0,yahoo
INDIAVIX,2019-05-09,26.37,26.5,23.49,25.49,25.49,0,yahoo
INDIAVIX,2019-05-10,25.49,26.53,24.54,26.34,26.34,0,yahoo
INDIAVIX,2019-05-13,26.34,28.06,23.71,27.38,27.38,0,yahoo
INDIAVIX,2019-05-14,27.38,27.76,22.39,27.13,27.13,0,yahoo
INDIAVIX,2019-05-15,27.13,29.08,23.18,28.66,28.66,0,yahoo
INDIAVIX,2019-05-16,28.66,29.33,23.78,28.37,28.37,0,yahoo
INDIAVIX,2019-05-17,28.37,29.23,25.5,28.08,28.08,0,yahoo
INDIAVIX,2019-05-20,28.08,28.08,19.76,23.68,23.68,0,yahoo
INDIAVIX,2019-05-21,23.68,28.1,20.24,25.65,25.65,0,yahoo
INDIAVIX,2019-05-22,25.65,30.18,19.04,27.63,27.63,0,yahoo
INDIAVIX,2019-05-23,27.63,27.63,18.96,19.41,19.41,0,yahoo
INDIAVIX,2019-05-24,19.41,19.41,14.49,16.47,16.47,0,yahoo
INDIAVIX,2019-05-27,16.47,17.34,13.48,16.19,16.19,0,yahoo
INDIAVIX,2019-05-28,16.19,16.54,15.38,15.92,15.92,0,yahoo
INDIAVIX,2019-05-29,15.92,16.51,14.48,16.41,16.41,0,yahoo
INDIAVIX,2019-05-30,16.41,16.41,14.85,15.61,15.61,0,yahoo
INDIAVIX,2019-05-31,15.61,16.79,14.19,16.07,16.07,0,yahoo
INDIAVIX,2019-06-03,16.07,16.23,14.08,15.97,15.97,0,yahoo
INDIAVIX,2019-06-04,15.97,15.97,14.67,15.63,15.63,0,yahoo
INDIAVIX,2019-06-06,15.63,15.93,13.98,15.53,15.53,0,yahoo
INDIAVIX,2019-06-07,15.53,15.73,13.63,14.86,14.86,0,yahoo
INDIAVIX,2019-06-10,14.86,15.45,13.45,14.98,14.98,0,yahoo
INDIAVIX,2019-06-11,14.98,14.98,13.48,14.49,14.49,0,yahoo
INDIAVIX,2019-06-12,14.49,14.71,13.31,14.12,14.12,0,yahoo
INDIAVIX,2019-06-13,14.12,14.29,13.28,13.66,13.66,0,yahoo
INDIAVIX,2019-06-14,13.66,14.12,12.64,13.9,13.9,0,yahoo
INDIAVIX,2019-06-17,13.9,14.96,13.52,14.65,14.65,0,yahoo
INDIAVIX,2019-06-18,14.65,14.97,11.74,14.6,14.6,0,yahoo
INDIAVIX,2019-06-19,14.6,15.3,10.79,14.73,14.73,0,yahoo
INDIAVIX,2019-06-20,14.73,15.19,12.84,14,14,0,yahoo
INDIAVIX,2019-06-21,14,14.83,10.6,14.61,14.61,0,yahoo
INDIAVIX,2019-06-24,14.61,15.67,11.86,15.22,15.22,0,yahoo
INDIAVIX,2019-06-25,15.22,15.59,14.93,15.01,15.01,0,yahoo
INDIAVIX,2019-06-26,15.01,15.2,14.39,14.75,14.75,0,yahoo
INDIAVIX,2019-06-27,14.75,14.89,13.65,14.65,14.65,0,yahoo
INDIAVIX,2019-06-28,14.65,15.07,14,14.95,14.95,0,yahoo
INDIAVIX,2019-07-01,14.95,15.02,14.47,14.6,14.6,0,yahoo
INDIAVIX,2019-07-02,14.6,14.83,14.03,14.25,14.25,0,yahoo
INDIAVIX,2019-07-03,14.25,14.32,13.52,13.7,13.7,0,yahoo
INDIAVIX,2019-07-04,13.7,13.7,13.01,13.53,13.53,0,yahoo
INDIAVIX,2019-07-05,13.53,13.97,12.67,13.07,13.07,0,yahoo
INDIAVIX,2019-07-08,13.07,14.04,12.11,13.85,13.85,0,yahoo
INDIAVIX,2019-07-09,13.85,14.22,13.35,13.69,13.69,0,yahoo
INDIAVIX,2019-07-10,13.69,13.96,12.4,13.64,13.64,0,yahoo
INDIAVIX,2019-07-11,13.64,13.64,12.18,12.47,12.47,0,yahoo
INDIAVIX,2019-07-12,12.47,12.55,11.55,12,12,0,yahoo
INDIAVIX,2019-07-15,12,12.52,10.64,12.02,12.02,0,yahoo
INDIAVIX,2019-07-16,12.02,12.02,11.06,11.56,11.56,0,yahoo
INDIAVIX,2019-07-17,11.56,11.91,9.16,11.8,11.8,0,yahoo
INDIAVIX,2019-07-18,11.8,11.98,9.22,11.75,11.75,0,yahoo
INDIAVIX,2019-07-19,11.75,12.68,10.59,12.52,12.52,0,yahoo
INDIAVIX,2019-07-22,12.52,13.4,11.56,13.01,13.01,0,yahoo
INDIAVIX,2019-07-23,13.01,13.78,11.59,13.43,13.43,0,yahoo
INDIAVIX,2019-07-24,13.43,14.48,11.85,12.76,12.76,0,yahoo
INDIAVIX,2019-07-25,12.76,13.55,12,12.64,12.64,0,yahoo
INDIAVIX,2019-07-26,12.64,13.31,11.92,12.13,12.13,0,yahoo
INDIAVIX,2019-07-29,12.13,13.53,12.04,13.06,13.06,0,yahoo
INDIAVIX,2019-07-30,13.06,13.87,12.5,13.61,13.61,0,yahoo
INDIAVIX,2019-07-31,13.61,14.55,13.42,13.59,13.59,0,yahoo
INDIAVIX,2019-08-01,13.59,15.28,13.27,14.56,14.56,0,yahoo
INDIAVIX,2019-08-02,14.56,16.16,14.44,15.19,15.19,0,yahoo
INDIAVIX,2019-08-05,15.19,17.82,15.19,16.59,16.59,0,yahoo
INDIAVIX,2019-08-06,16.59,16.79,15.59,16.12,16.12,0,yahoo
INDIAVIX,2019-08-07,16.12,16.91,15.74,16.74,16.74,0,yahoo
INDIAVIX,2019-08-08,16.74,16.74,15.52,16.09,16.09,0,yahoo
INDIAVIX,2019-08-09,16.09,16.16,15.03,15.85,15.85,0,yahoo
INDIAVIX,2019-08-13,15.85,18.01,15.12,17.78,17.78,0,yahoo
INDIAVIX,2019-08-14,17.78,17.78,16.11,16.36,16.36,0,yahoo
INDIAVIX,2019-08-16,16.36,17.43,15.99,16.65,16.65,0,yahoo
INDIAVIX,2019-08-19,16.65,17.02,14.71,16.75,16.75,0,yahoo
INDIAVIX,2019-08-20,16.75,17.1,15.11,16.63,16.63,0,yahoo
INDIAVIX,2019-08-21,16.63,17.33,14,17.02,17.02,0,yahoo
INDIAVIX,2019-08-22,17.02,18.12,14.49,17.85,17.85,0,yahoo
INDIAVIX,2019-08-23,17.85,18.26,13.7,17.35,17.35,0,yahoo
INDIAVIX,2019-08-26,17.35,19.15,13.7,16.66,16.66,0,yahoo
INDIAVIX,2019-08-27,16.66,16.83,14.42,16.01,16.01,0,yahoo
INDIAVIX,2019-08-28,16.01,17.38,14.12,16.84,16.84,0,yahoo
INDIAVIX,2019-08-29,16.84,17.45,13.87,16.43,16.43,0,yahoo
INDIAVIX,2019-08-30,16.43,17.38,15.19,16.28,16.28,0,yahoo
INDIAVIX,2019-09-03,16.28,18.27,16.28,18.06,18.06,0,yahoo
INDIAVIX,2019-09-04,18.06,18.31,17.13,17.24,17.24,0,yahoo
INDIAVIX,2019-09-05,17.24,17.7,16.06,17.27,17.27,0,yahoo
INDIAVIX,2019-09-06,17.27,17.27,15.89,16.27,16.27,0,yahoo
INDIAVIX,2019-09-09,16.27,16.64,13.67,15.85,15.85,0,yahoo
INDIAVIX,2019-09-11,15.85,15.85,14.65,15.37,15.37,0,yahoo
INDIAVIX,2019-09-12,15.37,15.37,14.61,14.9,14.9,0,yahoo
INDIAVIX,2019-09-13,14.9,15.2,13.89,14.12,14.12,0,yahoo
INDIAVIX,2019-09-16,14.12,15.31,14.12,14.95,14.95,0,yahoo
INDIAVIX,2019-09-17,14.95,16.31,13.28,16.02,16.02,0,yahoo
INDIAVIX,2019-09-18,16.02,16.19,13.91,15.35,15.35,0,yahoo
INDIAVIX,2019-09-19,15.35,15.97,14.18,15.55,15.55,0,yahoo
INDIAVIX,2019-09-20,15.55,17.05,13.83,15.4,15.4,0,yahoo
INDIAVIX,2019-09-23,15.4,17.64,14.21,16.79,16.79,0,yahoo
INDIAVIX,2019-09-24,16.79,18.53,15.9,16.73,16.73,0,yahoo
INDIAVIX,2019-09-25,16.73,17.42,14.1,16.17,16.17,0,yahoo
INDIAVIX,2019-09-26,16.17,17.01,13.64,16.34,16.34,0,yahoo
INDIAVIX,2019-09-27,16.34,16.82,15.93,16.11,16.11,0,yahoo
INDIAVIX,2019-09-30,16.11,16.51,15.8,15.87,15.87,0,yahoo
INDIAVIX,2019-10-01,15.87,18.22,14.95,16.76,16.76,0,yahoo
INDIAVIX,2019-10-03,16.76,18.05,16.42,17.7,17.7,0,yahoo
INDIAVIX,2019-10-04,17.7,17.95,16.35,17.58,17.58,0,yahoo
INDIAVIX,2019-10-07,17.58,18.43,16.99,17.83,17.83,0,yahoo
INDIAVIX,2019-10-09,17.83,18.33,16.34,17.16,17.16,0,yahoo
INDIAVIX,2019-10-10,17.16,17.54,15.73,17.23,17.23,0,yahoo
INDIAVIX,2019-10-11,17.23,18.28,15.78,17.14,17.14,0,yahoo
INDIAVIX,2019-10-14,17.14,17.96,17.06,17.43,17.43,0,yahoo
INDIAVIX,2019-10-15,17.43,17.43,16.69,16.85,16.85,0,yahoo
INDIAVIX,2019-10-16,16.85,16.95,15.5,16.36,16.36,0,yahoo
INDIAVIX,2019-10-17,16.36,16.36,15.52,15.88,15.88,0,yahoo
INDIAVIX,2019-10-18,15.88,16.15,14.99,15.93,15.93,0,yahoo
INDIAVIX,2019-10-22,15.93,17.12,13.57,16.81,16.81,0,yahoo
INDIAVIX,2019-10-23,16.81,16.85,14.83,16.54,16.54,0,yahoo
INDIAVIX,2019-10-24,16.54,16.78,14.71,16.24,16.24,0,yahoo
INDIAVIX,2019-10-25,16.24,16.24,15.2,15.32,15.32,0,yahoo
INDIAVIX,2019-10-29,15.59,16.55,15.5,16.42,16.42,0,yahoo
INDIAVIX,2019-10-30,16.42,16.85,16.25,16.66,16.66,0,yahoo
INDIAVIX,2019-10-31,16.66,16.8,15.5,16.28,16.28,0,yahoo
INDIAVIX,2019-11-01,16.28,16.47,15.17,15.73,15.73,0,yahoo
INDIAVIX,2019-11-04,15.73,16.36,13.5,15.93,15.93,0,yahoo
INDIAVIX,2019-11-05,15.93,16.34,13.51,15.92,15.92,0,yahoo
INDIAVIX,2019-11-06,15.92,16.15,13.38,15.78,15.78,0,yahoo
INDIAVIX,2019-11-07,15.78,15.92,13.53,15.21,15.21,0,yahoo
INDIAVIX,2019-11-08,15.21,15.99,13.71,15.86,15.86,0,yahoo
INDIAVIX,2019-11-11,15.86,16.77,15.2,16.25,16.25,0,yahoo
INDIAVIX,2019-11-13,16.25,16.67,14.47,16.46,16.46,0,yahoo
INDIAVIX,2019-11-14,16.46,16.46,14.09,15.65,15.65,0,yahoo
INDIAVIX,2019-11-15,15.65,15.65,12.52,15.03,15.03,0,yahoo
INDIAVIX,2019-11-18,15.03,16.07,12.67,15.76,15.76,0,yahoo
INDIAVIX,2019-11-19,15.76,15.76,12.61,15.41,15.41,0,yahoo
INDIAVIX,2019-11-20,15.41,15.41,11.61,15.16,15.16,0,yahoo
INDIAVIX,2019-11-21,15.16,15.6,12.61,14.98,14.98,0,yahoo
INDIAVIX,2019-11-22,14.98,15.88,12.24,14.87,14.87,0,yahoo
INDIAVIX,2019-11-25,14.87,15.21,13,15,15,0,yahoo
INDIAVIX,2019-11-26,15,15.13,13.11,14.84,14.84,0,yahoo
INDIAVIX,2019-11-27,14.84,14.84,12.36,14.62,14.62,0,yahoo
INDIAVIX,2019-11-28,14.62,14.62,12.89,13.99,13.99,0,yahoo
INDIAVIX,2019-11-29,13.99,14.29,13.14,13.9,13.9,0,yahoo
INDIAVIX,2019-12-02,13.9,15.85,13.5,14.2,14.2,0,yahoo
INDIAVIX,2019-12-03,14.2,16.34,12.07,14.56,14.56,0,yahoo
INDIAVIX,2019-12-04,14.56,15.87,12.26,13.32,13.32,0,yahoo
INDIAVIX,2019-12-05,13.32,15.12,12.83,14.31,14.31,0,yahoo
INDIAVIX,2019-12-06,14.31,14.72,11.41,13.64,13.64,0,yahoo
INDIAVIX,2019-12-09,13.64,15.36,12.47,14.6,14.6,0,yahoo
INDIAVIX,2019-12-10,14.6,15.66,11.74,14.29,14.29,0,yahoo
INDIAVIX,2019-12-11,14.29,14.45,11.71,13.38,13.38,0,yahoo
INDIAVIX,2019-12-12,13.38,13.77,11.83,13.35,13.35,0,yahoo
INDIAVIX,2019-12-13,13.35,14.67,12.19,13.3,13.3,0,yahoo
INDIAVIX,2019-12-16,13.3,14.11,12.5,13.42,13.42,0,yahoo
INDIAVIX,2019-12-17,13.42,13.43,11.96,12.52,12.52,0,yahoo
INDIAVIX,2019-12-18,12.52,12.72,11.39,12.34,12.34,0,yahoo
INDIAVIX,2019-12-19,12.34,12.42,11.33,12.12,12.12,0,yahoo
INDIAVIX,2019-12-20,12.12,12.73,11.9,12.33,12.33,0,yahoo
INDIAVIX,2019-12-23,12.33,14.51,10.7,11.96,11.96,0,yahoo
INDIAVIX,2019-12-24,11.96,13.31,10.89,11.63,11.63,0,yahoo
INDIAVIX,2019-12-26,11.63,12.35,10.84,11.12,11.12,0,yahoo
INDIAVIX,2019-12-27,11.12,11.47,10.43,10.53,10.53,0,yahoo
INDIAVIX,2019-12-30,10.53,11.45,9.62,11.01,11.01,0,yahoo
INDIAVIX,2019-12-31,11.01,11.79,10.44,11.67,11.67,0,yahoo
NASDAQ,2019-01-02,6506.9102,6693.71,6506.8799,6665.9399,6665.9399,2261800000,yahoo
NASDAQ,2019-01-03,6584.77,6600.21,6457.1299,6463.5,6463.5,2631550000,yahoo
NASDAQ,2019-01-04,6567.1401,6760.6899,6554.2402,6738.8599,6738.8599,2596150000,yahoo
NASDAQ,2019-01-07,6757.5298,6855.6001,6741.3999,6823.4702,6823.4702,2523450000,yahoo
NASDAQ,2019-01-08,6893.4399,6909.5801,6795.8599,6897,6897,2407340000,yahoo
NASDAQ,2019-01-09,6923.0601,6985.2202,6899.5601,6957.0801,6957.0801,2434500000,yahoo
NASDAQ,2019-01-10,6908.6499,6991.3701,6877.0801,6986.0698,6986.0698,2190110000,yahoo
NASDAQ,2019-01-11,6947.46,6975.6499,6933.6001,6971.48,6971.48,2074310000,yahoo
NASDAQ,2019-01-14,6908.0298,6936.2202,6887.48,6905.9199,6905.9199,1960780000,yahoo
NASDAQ,2019-01-15,6931.3901,7025.8501,6928.1201,7023.8301,7023.8301,2066090000,yahoo
NASDAQ,2019-01-16,7033.75,7079.6299,7028.1201,7034.6899,7034.6899,2163730000,yahoo
NASDAQ,2019-01-17,7010.1299,7113.9502,7003.6201,7084.46,7084.46,2149280000,yahoo
NASDAQ,2019-01-18,7134.1001,7185.3799,7096.6201,7157.23,7157.23,2459920000,yahoo
NASDAQ,2019-01-22,7109.5698,7110.1602,6979.8101,7020.3599,7020.3599,2397660000,yahoo
NASDAQ,2019-01-23,7061.6499,7084.8501,6953.23,7025.77,7025.77,2288090000,yahoo
NASDAQ,2019-01-24,7042.25,7078.96,7029.9502,7073.46,7073.46,2419110000,yahoo
NASDAQ,2019-01-25,7128.1802,7174.5601,7111.0898,7164.8599,7164.8599,2446550000,yahoo
NASDAQ,2019-01-28,7075.0098,7086.2998,7034.25,7085.6802,7085.6802,2448790000,yahoo
NASDAQ,2019-01-29,7087.4902,7092.29,7011.4702,7028.29,7028.29,2106370000,yahoo
NASDAQ,2019-01-30,7094.79,7201.3101,7065.5698,7183.0801,7183.0801,2569410000,yahoo
NASDAQ,2019-01-31,7208.1699,7303.1201,7205.9502,7281.7402,7281.7402,2947490000,yahoo
NASDAQ,2019-02-01,7256.3701,7299.9399,7243.4102,7263.8701,7263.8701,2398800000,yahoo
NASDAQ,2019-02-04,7266.2798,7348.23,7261.0698,7347.54,7347.54,2106030000,yahoo
NASDAQ,2019-02-05,7356.3398,7408.6802,7355.3599,7402.0801,7402.0801,2284960000,yahoo
NASDAQ,2019-02-06,7400.4399,7410.77,7346.7202,7375.2798,7375.2798,2179400000,yahoo
NASDAQ,2019-02-07,7316.5,7336.7402,7235.0498,7288.3501,7288.3501,2310700000,yahoo
NASDAQ,2019-02-08,7232.2998,7299.4399,7225.1401,7298.2002,7298.2002,2102520000,yahoo
NASDAQ,2019-02-11,7327.3701,7343.5601,7290.0298,7307.8999,7307.8999,1908490000,yahoo
NASDAQ,2019-02-12,7358.8501,7419.4302,7349.7998,7414.6201,7414.6201,2140130000,yahoo
NASDAQ,2019-02-13,7437.46,7461.6602,7413.8398,7420.3799,7420.3799,2103840000,yahoo
NASDAQ,2019-02-14,7390.25,7454.4199,7375.71,7426.9502,7426.9502,2117500000,yahoo
NASDAQ,2019-02-15,7468.5698,7477.2798,7440.2598,7472.4102,7472.4102,2263640000,yahoo
NASDAQ,2019-02-19,7450.75,7507.79,7450.27,7486.77,7486.77,2124140000,yahoo
NASDAQ,2019-02-20,7490.3101,7513.7002,7455.25,7489.0698,7489.0698,2202670000,yahoo
NASDAQ,2019-02-21,7475.4102,7485.75,7430.8901,7459.71,7459.71,2144680000,yahoo
NASDAQ,2019-02-22,7481.6299,7527.54,7479.0098,7527.54,7527.54,2428560000,yahoo
NASDAQ,2019-02-25,7585.2998,7602.6899,7551.6099,7554.46,7554.46,2399410000,yahoo
NASDAQ,2019-02-26,7535.29,7573.2202,7524.3101,7549.2998,7549.2998,2305760000,yahoo
NASDAQ,2019-02-27,7526.4199,7562.29,7485.3901,7554.5098,7554.5098,2430790000,yahoo
NASDAQ,2019-02-28,7533.3101,7561.8999,7516.48,7532.5298,7532.5298,2676790000,yahoo
NASDAQ,2019-03-01,7587.4502,7603.04,7540.75,7595.3501,7595.3501,2490920000,yahoo
NASDAQ,2019-03-04,7636.6201,7643.6602,7501.5601,7577.5698,7577.5698,2582090000,yahoo
NASDAQ,2019-03-05,7582.29,7598.6602,7543.54,7576.3599,7576.3599,2166670000,yahoo
NASDAQ,2019-03-06,7575.3799,7579.02,7499.8701,7505.9199,7505.9199,2256550000,yahoo
NASDAQ,2019-03-07,7483.79,7489.0801,7397.1899,7421.46,7421.46,2462690000,yahoo
NASDAQ,2019-03-08,7334.3501,7411.52,7332.9199,7408.1401,7408.1401,2260950000,yahoo
NASDAQ,2019-03-11,7442.5601,7558.23,7442.3999,7558.0601,7558.0601,2248460000,yahoo
NASDAQ,2019-03-12,7571.8501,7611.1299,7560.46,7591.0298,7591.0298,2171620000,yahoo
NASDAQ,2019-03-13,7621.3799,7677.0698,7619.46,7643.4102,7643.4102,2379260000,yahoo
NASDAQ,2019-03-14,7644.79,7653.1001,7627.02,7630.9102,7630.9102,2198900000,yahoo
NASDAQ,2019-03-15,7658.4102,7714.96,7652.04,7688.5298,7688.5298,3451860000,yahoo
NASDAQ,2019-03-18,7696.3799,7737.6699,7677.7402,7714.48,7714.48,2302140000,yahoo
NASDAQ,2019-03-19,7747.3999,7767.8901,7699.1499,7723.9502,7723.9502,2457920000,yahoo
NASDAQ,2019-03-20,7721.9502,7779.2402,7674.04,7728.9702,7728.9702,2464230000,yahoo
NASDAQ,2019-03-21,7705.4302,7850.1099,7705.4302,7838.96,7838.96,2502810000,yahoo
NASDAQ,2019-03-22,7800.25,7817.8301,7642.5698,7642.6699,7642.6699,2504740000,yahoo
NASDAQ,2019-03-25,7618.98,7662.3799,7579.29,7637.54,7637.54,2162490000,yahoo
NASDAQ,2019-03-26,7700,7738.1699,7649.21,7691.52,7691.52,2080350000,yahoo
NASDAQ,2019-03-27,7702.0498,7712.8398,7582.0898,7643.3799,7643.3799,2244070000,yahoo
NASDAQ,2019-03-28,7660.0698,7689.1602,7619.8198,7669.1699,7669.1699,1922150000,yahoo
NASDAQ,2019-03-29,7726.71,7733.6201,7688.5098,7729.3198,7729.3198,2311790000,yahoo
NASDAQ,2019-04-01,7800.2402,7831.4502,7777.0898,7828.9102,7828.9102,2230050000,yahoo
NASDAQ,2019-04-02,7824.6099,7854.9199,7811.2798,7848.6899,7848.6899,2123250000,yahoo
NASDAQ,2019-04-03,7891.1802,7938.2598,7870.8999,7895.5498,7895.5498,2509630000,yahoo
NASDAQ,2019-04-04,7894.2598,7917.6499,7844.96,7891.7798,7891.7798,2152640000,yahoo
NASDAQ,2019-04-05,7914.5098,7940.4502,7909.1401,7938.6899,7938.6899,2157050000,yahoo
NASDAQ,2019-04-08,7924.8901,7955.8999,7891.8501,7953.8799,7953.8799,2075550000,yahoo
NASDAQ,2019-04-09,7924.77,7945.5498,7897.6099,7909.2798,7909.2798,2078800000,yahoo
NASDAQ,2019-04-10,7922.73,7965.3301,7916.8999,7964.2402,7964.2402,2012290000,yahoo
NASDAQ,2019-04-11,7975.2002,7975.2002,7933.4102,7947.3599,7947.3599,1969480000,yahoo
NASDAQ,2019-04-12,7984.1499,7992.0898,7952.6099,7984.1602,7984.1602,1968900000,yahoo
NASDAQ,2019-04-15,7987.1602,7993.3301,7933.5698,7976.0098,7976.0098,1827710000,yahoo
NASDAQ,2019-04-16,8000.5698,8017.5601,7978.8101,8000.23,8000.23,2102740000,yahoo
NASDAQ,2019-04-17,8044.9702,8052.3999,7973.3799,7996.0801,7996.0801,2317330000,yahoo
NASDAQ,2019-04-18,7998.4502,8002.3101,7950.9702,7998.0601,7998.0601,2124630000,yahoo
NASDAQ,2019-04-22,7969.3701,8017.1499,7965.8999,8015.27,8015.27,1790990000,yahoo
NASDAQ,2019-04-23,8026.75,8128.8701,8023.8101,8120.8198,8120.8198,2099410000,yahoo
NASDAQ,2019-04-24,8122.8799,8139.5498,8101.7002,8102.0098,8102.0098,2043310000,yahoo
NASDAQ,2019-04-25,8150.8501,8151.8398,8075.4102,8118.6802,8118.6802,2073370000,yahoo
NASDAQ,2019-04-26,8100.2798,8146.4199,8060.8901,8146.3999,8146.3999,1982560000,yahoo
NASDAQ,2019-04-29,8147.6499,8176.0801,8136.4102,8161.8501,8161.8501,1781860000,yahoo
NASDAQ,2019-04-30,8104.9102,8124.6099,8050.5498,8095.3901,8095.3901,2131850000,yahoo
NASDAQ,2019-05-01,8132.9302,8146,8048.23,8049.6401,8049.6401,2273540000,yahoo
NASDAQ,2019-05-02,8046.48,8094.0601,7976.77,8036.77,8036.77,2211530000,yahoo
NASDAQ,2019-05-03,8092.8799,8164.71,8084.7998,8164,8164,2081080000,yahoo
NASDAQ,2019-05-06,7981.8501,8135.54,7981.8501,8123.29,8123.29,1979650000,yahoo
NASDAQ,2019-05-07,8043.52,8070.9702,7899.02,7963.7598,7963.7598,2397600000,yahoo
NASDAQ,2019-05-08,7946.2402,8004.4902,7923.3501,7943.3198,7943.3198,2214680000,yahoo
NASDAQ,2019-05-09,7853.21,7929.7798,7796.1602,7910.5898,7910.5898,2549500000,yahoo
NASDAQ,2019-05-10,7881.3101,7949.3398,7759.3398,7916.9399,7916.9399,2421470000,yahoo
NASDAQ,2019-05-13,7720.0698,7760.8301,7627.2202,7647.02,7647.02,2484820000,yahoo
NASDAQ,2019-05-14,7689.6602,7776.2002,7665.2998,7734.4902,7734.4902,2103140000,yahoo
NASDAQ,2019-05-15,7682.7998,7838.7202,7682.2402,7822.1499,7822.1499,2014080000,yahoo
NASDAQ,2019-05-16,7832.5801,7946.23,7826.6699,7898.0498,7898.0498,2168720000,yahoo
NASDAQ,2019-05-17,7829.0298,7918.71,7810.3501,7816.2798,7816.2798,2176380000,yahoo
NASDAQ,2019-05-20,7714.0601,7747.27,7678.3501,7702.3799,7702.3799,2130700000,yahoo
NASDAQ,2019-05-21,7765.5698,7804.4399,7752.9199,7785.7202,7785.7202,2000130000,yahoo
NASDAQ,2019-05-22,7749.7998,7786.3301,7738.3501,7750.8398,7750.8398,1884660000,yahoo
NASDAQ,2019-05-23,7660.7202,7665.1499,7585.3198,7628.2798,7628.2798,2270530000,yahoo
NASDAQ,2019-05-24,7675.5698,7694.1499,7631.25,7637.0098,7637.0098,1685230000,yahoo
NASDAQ,2019-05-28,7655.6602,7693.7402,7603.7598,7607.3501,7607.3501,2378470000,yahoo
NASDAQ,2019-05-29,7553.02,7581.1099,7503.9399,7547.3101,7547.3101,2282120000,yahoo
NASDAQ,2019-05-30,7565.46,7595.8999,7527.6602,7567.7202,7567.7202,1875180000,yahoo
NASDAQ,2019-05-31,7470.9502,7506.8599,7448.23,7453.1499,7453.1499,2239420000,yahoo
NASDAQ,2019-06-03,7441.21,7457.6602,7292.2202,7333.02,7333.02,2580670000,yahoo
NASDAQ,2019-06-04,7413.9399,7529.5,7385.02,7527.1201,7527.1201,2374130000,yahoo
NASDAQ,2019-06-05,7585.6802,7589.4702,7498.1699,7575.48,7575.48,2139290000,yahoo
NASDAQ,2019-06-06,7582.2402,7634.1201,7546.2202,7615.5498,7615.5498,2093470000,yahoo
NASDAQ,2019-06-07,7652.9702,7767.02,7647.9102,7742.1001,7742.1001,2074120000,yahoo
NASDAQ,2019-06-10,7798.8701,7895.4399,7795.7598,7823.1699,7823.1699,2042340000,yahoo
NASDAQ,2019-06-11,7901.04,7909.9902,7798.6299,7822.5698,7822.5698,2121150000,yahoo
NASDAQ,2019-06-12,7803.1299,7819.1602,7773.9702,7792.7202,7792.7202,1978930000,yahoo
NASDAQ,2019-06-13,7822.5601,7848.3599,7813.6001,7837.1299,7837.1299,1848360000,yahoo
NASDAQ,2019-06-14,7807.1899,7819.21,7778.1201,7796.6602,7796.6602,1808370000,yahoo
NASDAQ,2019-06-17,7819.4302,7865.98,7812.6099,7845.02,7845.02,1950550000,yahoo
NASDAQ,2019-06-18,7920.98,8005.21,7911.6699,7953.8799,7953.8799,2250550000,yahoo
NASDAQ,2019-06-19,7970.2598,7998.5898,7930.3799,7987.3198,7987.3198,2027520000,yahoo
NASDAQ,2019-06-20,8087.4502,8088.8799,7996.8701,8051.3398,8051.3398,2108250000,yahoo
NASDAQ,2019-06-21,8028.6899,8073.02,8011.2002,8031.71,8031.71,2909540000,yahoo
NASDAQ,2019-06-24,8040.5801,8047.5601,8004.6299,8005.7002,8005.7002,2073470000,yahoo
NASDAQ,2019-06-25,8005.27,8007.3101,7879.1499,7884.7202,7884.7202,2132550000,yahoo
NASDAQ,2019-06-26,7933.9199,7974.2798,7903.0698,7909.9702,7909.9702,2122730000,yahoo
NASDAQ,2019-06-27,7939.3599,7976.5801,7935.4702,7967.7598,7967.7598,2083920000,yahoo
NASDAQ,2019-06-28,7988.7598,8010.1499,7961.46,8006.2402,8006.2402,4101490000,yahoo
NASDAQ,2019-07-01,8145.8501,8150.4502,8059.29,8091.1602,8091.1602,2219030000,yahoo
NASDAQ,2019-07-02,8086.6499,8109.3701,8063.1099,8109.0898,8109.0898,1956590000,yahoo
NASDAQ,2019-07-03,8129.5698,8170.23,8122.3398,8170.23,8170.23,1548240000,yahoo
NASDAQ,2019-07-05,8123.2798,8171.9702,8093.6602,8161.79,8161.79,1690700000,yahoo
NASDAQ,2019-07-08,8112.9102,8161.79,8078.3901,8098.3799,8098.3799,1957160000,yahoo
NASDAQ,2019-07-09,8061.4102,8146.98,8061.3198,8141.73,8141.73,1871430000,yahoo
NASDAQ,2019-07-10,8183.1899,8228.5996,8160.5601,8202.5303,8202.5303,2066640000,yahoo
NASDAQ,2019-07-11,8219.2803,8226.1797,8171.6299,8196.04,8196.04,1970690000,yahoo
NASDAQ,2019-07-12,8209.2002,8245.6602,8201.5195,8244.1396,8244.1396,1835960000,yahoo
NASDAQ,2019-07-15,8263.1797,8264.7803,8236.2695,8258.1904,8258.1904,1790770000,yahoo
NASDAQ,2019-07-16,8251.6602,8259.75,8204.2305,8222.7998,8222.7998,1947010000,yahoo
NASDAQ,2019-07-17,8224,8230.6699,8184.6602,8185.21,8185.21,1887120000,yahoo
NASDAQ,2019-07-18,8151.7598,8215.5801,8135.1201,8207.2402,8207.2402,2063790000,yahoo
NASDAQ,2019-07-19,8241.3398,8245.7803,8144.6299,8146.4902,8146.4902,1893050000,yahoo
NASDAQ,2019-07-22,8171.9902,8218.4199,8171.54,8204.1396,8204.1396,1860440000,yahoo
NASDAQ,2019-07-23,8242.5,8251.8301,8193.8896,8251.4004,8251.4004,1845050000,yahoo
NASDAQ,2019-07-24,8227.3604,8321.8096,8226.5,8321.5,8321.5,1953670000,yahoo
NASDAQ,2019-07-25,8294.6797,8295.9502,8233.4004,8238.54,8238.54,2058090000,yahoo
NASDAQ,2019-07-26,8294.2998,8339.6396,8291.1201,8330.21,8330.21,1975110000,yahoo
NASDAQ,2019-07-29,8325.0996,8325.2803,8247.3701,8293.3301,8293.3301,1882980000,yahoo
NASDAQ,2019-07-30,8231.7695,8295.46,8228.0195,8273.6104,8273.6104,1893610000,yahoo
NASDAQ,2019-07-31,8290.7998,8299.8301,8110.02,8175.4199,8175.4199,2679230000,yahoo
NASDAQ,2019-08-01,8190.5601,8311.04,8080.52,8111.1201,8111.1201,2815420000,yahoo
NASDAQ,2019-08-02,8056.4199,8068.7998,7953.6699,8004.0698,8004.0698,2262550000,yahoo
NASDAQ,2019-08-05,7823.3301,7836.4502,7662.8999,7726.04,7726.04,2661780000,yahoo
NASDAQ,2019-08-06,7804.5098,7845.0098,7739.5698,7833.27,7833.27,2217620000,yahoo
NASDAQ,2019-08-07,7747.27,7881.3799,7702.4199,7862.8301,7862.8301,2470170000,yahoo
NASDAQ,2019-08-08,7921.5898,8041.1201,7896.1499,8039.1602,8039.1602,2442950000,yahoo
NASDAQ,2019-08-09,7997.1899,8020.5601,7910.3501,7959.1401,7959.1401,2221180000,yahoo
NASDAQ,2019-08-12,7907.4902,7924.9902,7833.79,7863.4102,7863.4102,2068920000,yahoo
NASDAQ,2019-08-13,7852.3701,8065.2402,7851.5801,8016.3599,8016.3599,2353570000,yahoo
NASDAQ,2019-08-14,7877.3301,7900.2798,7762.8701,7773.9399,7773.9399,2543670000,yahoo
NASDAQ,2019-08-15,7790.2002,7805.9302,7716.5498,7766.6201,7766.6201,2190810000,yahoo
NASDAQ,2019-08-16,7828.3501,7907.52,7828.3501,7895.9902,7895.9902,2018710000,yahoo
NASDAQ,2019-08-19,8006.1802,8026.75,7895.9902,8002.8101,8002.8101,1946440000,yahoo
NASDAQ,2019-08-20,7989.3599,8010.5801,7948.0898,7948.5601,7948.5601,1750730000,yahoo
NASDAQ,2019-08-21,8017.0698,8036.9399,7998.5,8020.21,8020.21,1721410000,yahoo
NASDAQ,2019-08-22,8038.79,8048.5801,7937.1201,7991.3901,7991.3901,1780760000,yahoo
NASDAQ,2019-08-23,7943.6499,8005.3398,7730.77,7751.77,7751.77,2214370000,yahoo
NASDAQ,2019-08-26,7829.5801,7856.04,7789.0498,7853.7402,7853.7402,1691990000,yahoo
NASDAQ,2019-08-27,7908.7798,7916.8301,7795.1802,7826.9502,7826.9502,1914930000,yahoo
NASDAQ,2019-08-28,7798.3501,7866.8701,7766.6699,7856.8799,7856.8799,1663450000,yahoo
NASDAQ,2019-08-29,7945.7798,7992.29,7925.8301,7973.3901,7973.3901,1703760000,yahoo
NASDAQ,2019-08-30,8015.1602,8017.9102,7914.7402,7962.8799,7962.8799,1668110000,yahoo
NASDAQ,2019-09-03,7906.4399,7940.3701,7847.3198,7874.1602,7874.1602,1938780000,yahoo
NASDAQ,2019-09-04,7949.8101,7981.4102,7928.9399,7976.8799,7976.8799,1893740000,yahoo
NASDAQ,2019-09-05,8061.29,8134.4199,8061.29,8116.8301,8116.8301,2108700000,yahoo
NASDAQ,2019-09-06,8125.5801,8134.3901,8098.52,8103.0698,8103.0698,1878730000,yahoo
NASDAQ,2019-09-09,8130.9102,8131.6602,8052.3398,8087.4399,8087.4399,2186660000,yahoo
NASDAQ,2019-09-10,8049.98,8086.5298,8001.6802,8084.1602,8084.1602,2366080000,yahoo
NASDAQ,2019-09-11,8091.6802,8169.6802,8081.5601,8169.6802,8169.6802,2322610000,yahoo
NASDAQ,2019-09-12,8206.5801,8243.7998,8176.73,8194.4697,8194.4697,2228100000,yahoo
NASDAQ,2019-09-13,8190.5698,8210.2002,8165.4702,8176.71,8176.71,1984570000,yahoo
NASDAQ,2019-09-16,8121.6401,8165.3301,8121.25,8153.54,8153.54,1876540000,yahoo
NASDAQ,2019-09-17,8148.6499,8188.23,8139.8198,8186.02,8186.02,1857350000,yahoo
NASDAQ,2019-09-18,8174.6201,8179.8701,8086.2202,8177.3901,8177.3901,2045590000,yahoo
NASDAQ,2019-09-19,8193.5898,8237.4297,8174.3198,8182.8799,8182.8799,1818430000,yahoo
NASDAQ,2019-09-20,8184.8799,8202.8203,8086.1602,8117.6699,8117.6699,3363230000,yahoo
NASDAQ,2019-09-23,8106.4902,8135.8101,8085.3398,8112.46,8112.46,1781750000,yahoo
NASDAQ,2019-09-24,8147.23,8158.8301,7969.6499,7993.6299,7993.6299,2310940000,yahoo
NASDAQ,2019-09-25,7990.6602,8095,7935.5698,8077.3799,8077.3799,2022080000,yahoo
NASDAQ,2019-09-26,8070.1201,8072.1099,7991.02,8030.6602,8030.6602,1886310000,yahoo
NASDAQ,2019-09-27,8047.1099,8051.8301,7890.2798,7939.6299,7939.6299,2041250000,yahoo
NASDAQ,2019-09-30,7964.0898,8012.1602,7949.6299,7999.3398,7999.3398,1809050000,yahoo
NASDAQ,2019-10-01,8026.8301,8062.5,7906.29,7908.6802,7908.6802,2250500000,yahoo
NASDAQ,2019-10-02,7851.1299,7852.7002,7744.96,7785.25,7785.25,2503630000,yahoo
NASDAQ,2019-10-03,7787.02,7872.2598,7700,7872.2598,7872.2598,2157220000,yahoo
NASDAQ,2019-10-04,7908.4399,7986.6201,7899.3901,7982.4702,7982.4702,1748000000,yahoo
NASDAQ,2019-10-07,7956.4102,8013.3101,7942.0801,7956.29,7956.29,1759580000,yahoo
NASDAQ,2019-10-08,7898.27,7921.8799,7823.73,7823.7798,7823.7798,1943700000,yahoo
NASDAQ,2019-10-09,7895.96,7930.9199,7873.52,7903.7402,7903.7402,1563500000,yahoo
NASDAQ,2019-10-10,7904.5601,7982.8398,7899.8101,7950.7798,7950.7798,1793470000,yahoo
NASDAQ,2019-10-11,8047.3398,8115.7998,8046.7998,8057.04,8057.04,2184790000,yahoo
NASDAQ,2019-10-14,8044.3501,8069.8501,8036.4102,8048.6499,8048.6499,1423700000,yahoo
NASDAQ,2019-10-15,8074.8501,8166.1802,8071.8101,8148.71,8148.71,1841660000,yahoo
NASDAQ,2019-10-16,8119.8101,8146.1499,8103.3799,8124.1802,8124.1802,1900010000,yahoo
NASDAQ,2019-10-17,8176.9102,8183.6401,8131.25,8156.8501,8156.8501,1864020000,yahoo
NASDAQ,2019-10-18,8149.8501,8157.3599,8045.3701,8089.54,8089.54,2020020000,yahoo
NASDAQ,2019-10-21,8137.4199,8164.1401,8117.2598,8162.9902,8162.9902,1756640000,yahoo
NASDAQ,2019-10-22,8188.1201,8194.6201,8101.98,8104.2998,8104.2998,1850870000,yahoo
NASDAQ,2019-10-23,8090.2402,8122.8799,8078.3501,8119.79,8119.79,1822180000,yahoo
NASDAQ,2019-10-24,8180.04,8187.8398,8137.6602,8185.7998,8185.7998,1893620000,yahoo
NASDAQ,2019-10-25,8150.5898,8249.9697,8150.5898,8243.1201,8243.1201,1911580000,yahoo
NASDAQ,2019-10-28,8285.7695,8335.5596,8285.2695,8325.9902,8325.9902,1959920000,yahoo
NASDAQ,2019-10-29,8313.3496,8319.29,8275.1396,8276.8496,8276.8496,1842720000,yahoo
NASDAQ,2019-10-30,8284.2803,8315.5,8241.7002,8303.9805,8303.9805,1936060000,yahoo
NASDAQ,2019-10-31,8314.3799,8321.7998,8248.8096,8292.3604,8292.3604,2276140000,yahoo
NASDAQ,2019-11-01,8335.0498,8386.75,8326.5596,8386.4004,8386.4004,2071350000,yahoo
NASDAQ,2019-11-04,8445.5,8451.3701,8421.2998,8433.2002,8433.2002,2166830000,yahoo
NASDAQ,2019-11-05,8446.6201,8457.3896,8421.0498,8434.6797,8434.6797,2327420000,yahoo
NASDAQ,2019-11-06,8426.5703,8426.5703,8379.3301,8410.6299,8410.6299,2342570000,yahoo
NASDAQ,2019-11-07,8455.1104,8483.1602,8415.8701,8434.5195,8434.5195,2403680000,yahoo
NASDAQ,2019-11-08,8422.6699,8475.5703,8405.8896,8475.3096,8475.3096,1982140000,yahoo
NASDAQ,2019-11-11,8431.2598,8467.29,8425.4805,8464.2803,8464.2803,1719300000,yahoo
NASDAQ,2019-11-12,8471.0703,8514.8398,8462.9902,8486.0898,8486.0898,2001440000,yahoo
NASDAQ,2019-11-13,8455.0195,8496.9004,8451.3398,8482.0996,8482.0996,2180010000,yahoo
NASDAQ,2019-11-14,8461.0596,8485.3604,8441.5801,8479.0195,8479.0195,2113840000,yahoo
NASDAQ,2019-11-15,8524.4805,8540.8301,8506.7998,8540.8301,8540.8301,2199480000,yahoo
NASDAQ,2019-11-18,8529.1602,8559.7803,8503.6201,8549.9404,8549.9404,2053260000,yahoo
NASDAQ,2019-11-19,8578.0195,8589.7598,8536.7305,8570.6602,8570.6602,2094030000,yahoo
NASDAQ,2019-11-20,8543.5703,8578.2695,8468.6299,8526.7305,8526.7305,2608780000,yahoo
NASDAQ,2019-11-21,8527.8701,8530.7305,8487.29,8506.21,8506.21,2073720000,yahoo
NASDAQ,2019-11-22,8530.54,8535.46,8477.4902,8519.8799,8519.8799,1885730000,yahoo
NASDAQ,2019-11-25,8559.6504,8633.1504,8559.6504,8632.4902,8632.4902,2262750000,yahoo
NASDAQ,2019-11-26,8635.4004,8659.7305,8625.6201,8647.9297,8647.9297,2439370000,yahoo
NASDAQ,2019-11-27,8669.5898,8705.9102,8662.5801,8705.1797,8705.1797,1748520000,yahoo
NASDAQ,2019-11-29,8682.0098,8697.3203,8664.04,8665.4697,8665.4697,1099090000,yahoo
NASDAQ,2019-12-02,8672.8398,8672.8398,8540.1602,8567.9902,8567.9902,2240300000,yahoo
NASDAQ,2019-12-03,8460.7197,8523.9805,8435.4004,8520.6396,8520.6396,2318760000,yahoo
NASDAQ,2019-12-04,8557.4502,8584.8799,8552.3799,8566.6699,8566.6699,2158870000,yahoo
NASDAQ,2019-12-05,8587.9297,8588.8896,8541.9199,8570.7002,8570.7002,2133380000,yahoo
NASDAQ,2019-12-06,8634.25,8665.4404,8630.5801,8656.5303,8656.5303,2057020000,yahoo
NASDAQ,2019-12-09,8650.8604,8678.8496,8619.7695,8621.8301,8621.8301,2123870000,yahoo
NASDAQ,2019-12-10,8623.5596,8650.7598,8600.8203,8616.1797,8616.1797,2058760000,yahoo
NASDAQ,2019-12-11,8631.1201,8658.4805,8622.3604,8654.0498,8654.0498,1982080000,yahoo
NASDAQ,2019-12-12,8645.3604,8745.8203,8633.5996,8717.3203,8717.3203,2396400000,yahoo
NASDAQ,2019-12-13,8713.9102,8768.8701,8697.5801,8734.8799,8734.8799,2219630000,yahoo
NASDAQ,2019-12-16,8791.3096,8833.4502,8789.7695,8814.2305,8814.2305,2368050000,yahoo
NASDAQ,2019-12-17,8829.4697,8831.9902,8804.5996,8823.3604,8823.3604,2382450000,yahoo
NASDAQ,2019-12-18,8834.6504,8848.7598,8820.4199,8827.7402,8827.7402,2742330000,yahoo
NASDAQ,2019-12-19,8838.9697,8888.1299,8838.9697,8887.2197,8887.2197,2446890000,yahoo
NASDAQ,2019-12-20,8911.8398,8931.9102,8901.8701,8924.96,8924.96,3830200000,yahoo
NASDAQ,2019-12-23,8950.2002,8956.6396,8934.5498,8945.6504,8945.6504,2028670000,yahoo
NASDAQ,2019-12-24,8955.0098,8957.1201,8934.3604,8952.8799,8952.8799,1014530000,yahoo
NASDAQ,2019-12-26,8970.21,9022.46,8968.46,9022.3896,9022.3896,1639960000,yahoo
NASDAQ,2019-12-27,9049.4697,9052,8987.3203,9006.6201,9006.6201,1833740000,yahoo
NASDAQ,2019-12-30,9004.4502,9006.3604,8909.1904,8945.9902,8945.9902,2051320000,yahoo
NASDAQ,2019-12-31,8918.7402,8975.3604,8912.7695,8972.5996,8972.5996,2186830000,yahoo
NIFTY50,2019-01-02,10868.8496,10895.3496,10735.0498,10792.5,10792.5,309700,yahoo
NIFTY50,2019-01-03,10796.7998,10814.0498,10661.25,10672.25,10672.25,286200,yahoo
NIFTY50,2019-01-04,10699.7002,10741.0498,10628.6504,10727.3496,10727.3496,296600,yahoo
NIFTY50,2019-01-07,10804.8496,10835.9502,10750.1504,10771.7998,10771.7998,269400,yahoo
NIFTY50,2019-01-08,10786.25,10818.4502,10733.25,10802.1504,10802.1504,277700,yahoo
NIFTY50,2019-01-09,10862.4004,10870.4004,10749.4004,10855.1504,10855.1504,333000,yahoo
NIFTY50,2019-01-10,10859.3496,10859.3496,10801.7998,10821.5996,10821.5996,254400,yahoo
NIFTY50,2019-01-11,10834.75,10850.1504,10739.4004,10794.9502,10794.9502,260800,yahoo
NIFTY50,2019-01-14,10807,10808,10692.3496,10737.5996,10737.5996,298800,yahoo
NIFTY50,2019-01-15,10777.5498,10896.9502,10777.5498,10886.7998,10886.7998,310700,yahoo
NIFTY50,2019-01-16,10899.6504,10928.1504,10876.9004,10890.2998,10890.2998,276500,yahoo
NIFTY50,2019-01-17,10920.8496,10930.6504,10844.6504,10905.2002,10905.2002,271700,yahoo
NIFTY50,2019-01-18,10914.8496,10928.2002,10852.2002,10906.9502,10906.9502,323800,yahoo
NIFTY50,2019-01-21,10919.3496,10987.4502,10885.75,10961.8496,10961.8496,288800,yahoo
NIFTY50,2019-01-22,10949.7998,10949.7998,10864.1504,10922.75,10922.75,300800,yahoo
NIFTY50,2019-01-23,10931.0498,10944.7998,10811.9502,10831.5,10831.5,298900,yahoo
NIFTY50,2019-01-24,10844.0498,10866.5996,10798.6504,10849.7998,10849.7998,361100,yahoo
NIFTY50,2019-01-25,10859.75,10931.7002,10756.4502,10780.5498,10780.5498,463400,yahoo
NIFTY50,2019-01-28,10792.4502,10804.4502,10630.9502,10661.5498,10661.5498,419700,yahoo
NIFTY50,2019-01-29,10653.7002,10690.3496,10583.6504,10652.2002,10652.2002,356900,yahoo
NIFTY50,2019-01-30,10702.25,10710.2002,10612.8496,10651.7998,10651.7998,410100,yahoo
NIFTY50,2019-01-31,10690.5498,10838.0498,10678.5498,10830.9502,10830.9502,604800,yahoo
NIFTY50,2019-02-01,10851.3496,10983.4502,10813.4502,10893.6504,10893.6504,482300,yahoo
NIFTY50,2019-02-04,10876.75,10927.9004,10814.1504,10912.25,10912.25,318300,yahoo
NIFTY50,2019-02-05,10908.6504,10956.7002,10886.7002,10934.3496,10934.3496,268100,yahoo
NIFTY50,2019-02-06,10965.0996,11072.5996,10962.7002,11062.4502,11062.4502,298500,yahoo
NIFTY50,2019-02-07,11070.4502,11118.0996,11043.5996,11069.4004,11069.4004,263500,yahoo
NIFTY50,2019-02-08,11023.5,11041.2002,10925.4502,10943.5996,10943.5996,352800,yahoo
NIFTY50,2019-02-11,10930.9004,10930.9004,10857.0996,10888.7998,10888.7998,286000,yahoo
NIFTY50,2019-02-12,10879.7002,10910.9004,10823.7998,10831.4004,10831.4004,292300,yahoo
NIFTY50,2019-02-14,10786.0996,10792.7002,10718.75,10746.0498,10746.0498,627000,yahoo
NIFTY50,2019-02-15,10780.25,10785.75,10620.4004,10724.4004,10724.4004,521900,yahoo
NIFTY50,2019-02-18,10738.6504,10759.9004,10628.4004,10640.9502,10640.9502,345400,yahoo
NIFTY50,2019-02-19,10636.7002,10722.8496,10585.6504,10604.3496,10604.3496,291500,yahoo
NIFTY50,2019-02-20,10655.4502,10752.7002,10646.4004,10735.4502,10735.4502,289200,yahoo
NIFTY50,2019-02-21,10744.0996,10808.8496,10721.5,10789.8496,10789.8496,279600,yahoo
NIFTY50,2019-02-22,10782.7002,10801.5498,10758.4004,10791.6504,10791.6504,396800,yahoo
NIFTY50,2019-02-25,10813.25,10887.0996,10788.0498,10880.0996,10880.0996,385900,yahoo
NIFTY50,2019-02-26,10775.2998,10888.75,10729.2998,10835.2998,10835.2998,415000,yahoo
NIFTY50,2019-02-27,10881.2002,10939.7002,10751.2002,10806.6504,10806.6504,381100,yahoo
NIFTY50,2019-02-28,10865.7002,10865.7002,10784.8496,10792.5,10792.5,644200,yahoo
NIFTY50,2019-03-01,10842.6504,10877.9004,10823.0996,10863.5,10863.5,308500,yahoo
NIFTY50,2019-03-05,10864.8496,10994.9004,10817,10987.4502,10987.4502,373200,yahoo
NIFTY50,2019-03-06,11024.8496,11062.2998,10998.8496,11053,11053,372600,yahoo
NIFTY50,2019-03-07,11077.9502,11089.0498,11027.0996,11058.2002,11058.2002,321200,yahoo
NIFTY50,2019-03-08,11038.8496,11049,11008.9502,11035.4004,11035.4004,326600,yahoo
NIFTY50,2019-03-11,11068.75,11180.9004,11059.8496,11168.0498,11168.0498,352200,yahoo
NIFTY50,2019-03-12,11231.3496,11320.4004,11227,11301.2002,11301.2002,391300,yahoo
NIFTY50,2019-03-13,11326.2002,11352.2998,11276.5996,11341.7002,11341.7002,383000,yahoo
NIFTY50,2019-03-14,11382.5,11383.4502,11313.75,11343.25,11343.25,294500,yahoo
NIFTY50,2019-03-15,11376.8496,11487,11370.7998,11426.8496,11426.8496,463700,yahoo
NIFTY50,2019-03-18,11473.8496,11530.1504,11412.5,11462.2002,11462.2002,320300,yahoo
NIFTY50,2019-03-19,11500.2998,11543.8496,11451.25,11532.4004,11532.4004,326100,yahoo
NIFTY50,2019-03-20,11553.3496,11556.0996,11503.0996,11521.0498,11521.0498,366300,yahoo
NIFTY50,2019-03-22,11549.2002,11572.7998,11434.5498,11456.9004,11456.9004,386200,yahoo
NIFTY50,2019-03-25,11395.6504,11395.6504,11311.5996,11354.25,11354.25,294500,yahoo
NIFTY50,2019-03-26,11375.2002,11496.75,11352.4502,11483.25,11483.25,282600,yahoo
NIFTY50,2019-03-27,11531.4502,11546.2002,11413,11445.0498,11445.0498,350400,yahoo
NIFTY50,2019-03-28,11463.6504,11588.5,11452.4502,11570,11570,527700,yahoo
NIFTY50,2019-04-01,11665.2002,11738.0996,11644.75,11669.1504,11669.1504,379600,yahoo
NIFTY50,2019-04-02,11711.5498,11729.3496,11655.8496,11713.2002,11713.2002,386100,yahoo
NIFTY50,2019-04-03,11735.2998,11761,11629.1504,11643.9502,11643.9502,365800,yahoo
NIFTY50,2019-04-04,11660.2002,11662.5498,11559.2002,11598,11598,349000,yahoo
NIFTY50,2019-04-05,11638.4004,11689.6504,11609.5,11665.9502,11665.9502,266700,yahoo
NIFTY50,2019-04-08,11704.3496,11710.2998,11549.0996,11604.5,11604.5,260900,yahoo
NIFTY50,2019-04-09,11612.0498,11683.9004,11569.7002,11671.9502,11671.9502,300500,yahoo
NIFTY50,2019-04-10,11646.8496,11680.0498,11571.75,11584.2998,11584.2998,359900,yahoo
NIFTY50,2019-04-11,11592.5498,11606.7002,11550.5498,11596.7002,11596.7002,279800,yahoo
NIFTY50,2019-04-12,11612.8496,11657.3496,11578.7998,11643.4502,11643.4502,246000,yahoo
NIFTY50,2019-04-15,11667,11704.5996,11648.25,11690.3496,11690.3496,290000,yahoo
NIFTY50,2019-04-16,11736.2002,11810.9502,11731.5498,11787.1504,11787.1504,354300,yahoo
NIFTY50,2019-04-18,11856.1504,11856.1504,11738.5,11752.7998,11752.7998,339700,yahoo
NIFTY50,2019-04-22,11727.0498,11727.0498,11583.9502,11594.4502,11594.4502,260400,yahoo
NIFTY50,2019-04-23,11612.9502,11645.9502,11564.7998,11575.9502,11575.9502,272500,yahoo
NIFTY50,2019-04-24,11601.5,11740.8496,11578.8496,11726.1504,11726.1504,335200,yahoo
NIFTY50,2019-04-25,11735.7002,11796.75,11624.2998,11641.7998,11641.7998,604400,yahoo
NIFTY50,2019-04-26,11683.75,11762.9004,11661.75,11754.6504,11754.6504,333500,yahoo
NIFTY50,2019-04-30,11748.75,11756.25,11655.9004,11748.1504,11748.1504,532600,yahoo
NIFTY50,2019-05-02,11725.5498,11789.2998,11699.5498,11724.75,11724.75,380300,yahoo
NIFTY50,2019-05-03,11722.5996,11770.9004,11699.3496,11712.25,11712.25,305500,yahoo
NIFTY50,2019-05-06,11605.7998,11632.5498,11571.3496,11598.25,11598.25,299000,yahoo
NIFTY50,2019-05-07,11651.5,11657.0498,11484.4502,11497.9004,11497.9004,337500,yahoo
NIFTY50,2019-05-08,11478.7002,11479.0996,11346.9502,11359.4502,11359.4502,372800,yahoo
NIFTY50,2019-05-09,11322.4004,11357.5996,11255.0498,11301.7998,11301.7998,373000,yahoo
NIFTY50,2019-05-10,11314.1504,11345.7998,11251.0498,11278.9004,11278.9004,387300,yahoo
NIFTY50,2019-05-13,11258.7002,11300.2002,11125.5996,11148.2002,11148.2002,357600,yahoo
NIFTY50,2019-05-14,11151.6504,11294.75,11108.2998,11222.0498,11222.0498,398100,yahoo
NIFTY50,2019-05-15,11271.7002,11286.7998,11136.9502,11157,11157,414200,yahoo
NIFTY50,2019-05-16,11180.3496,11281.5498,11143.3496,11257.0996,11257.0996,350700,yahoo
NIFTY50,2019-05-17,11261.9004,11426.1504,11259.8496,11407.1504,11407.1504,412100,yahoo
NIFTY50,2019-05-20,11651.9004,11845.2002,11591.7002,11828.25,11828.25,452100,yahoo
NIFTY50,2019-05-21,11863.6504,11883.5498,11682.7998,11709.0996,11709.0996,381000,yahoo
NIFTY50,2019-05-22,11727.9502,11784.7998,11682.4004,11737.9004,11737.9004,355900,yahoo
NIFTY50,2019-05-23,11901.2998,12041.1504,11614.5,11657.0498,11657.0498,569000,yahoo
NIFTY50,2019-05-24,11748,11859,11658.0996,11844.0996,11844.0996,374600,yahoo
NIFTY50,2019-05-27,11855.5,11957.1504,11812.4004,11924.75,11924.75,348400,yahoo
NIFTY50,2019-05-28,11958.3496,11958.5498,11864.9004,11928.75,11928.75,598300,yahoo
NIFTY50,2019-05-29,11905.7998,11931.9004,11836.7998,11861.0996,11861.0996,318100,yahoo
NIFTY50,2019-05-30,11865.2998,11968.5498,11859.4004,11945.9004,11945.9004,421200,yahoo
NIFTY50,2019-05-31,11999.7998,12039.25,11829.4502,11922.7998,11922.7998,438900,yahoo
NIFTY50,2019-06-03,11953.75,12103.0498,11920.0996,12088.5498,12088.5498,315300,yahoo
NIFTY50,2019-06-04,12052.6504,12095.2002,12005.8496,12021.6504,12021.6504,289200,yahoo
NIFTY50,2019-06-06,12039.7998,12039.7998,11830.25,11843.75,11843.75,415200,yahoo
NIFTY50,2019-06-07,11865.2002,11897.5,11769.5,11870.6504,11870.6504,302500,yahoo
NIFTY50,2019-06-10,11934.9004,11975.0498,11871.75,11922.7002,11922.7002,303300,yahoo
NIFTY50,2019-06-11,11959.8496,12000.3496,11904.3496,11965.5996,11965.5996,332200,yahoo
NIFTY50,2019-06-12,11962.4502,11962.4502,11866.3496,11906.2002,11906.2002,283700,yahoo
NIFTY50,2019-06-13,11873.9004,11931.3496,11817.0498,11914.0498,11914.0498,447900,yahoo
NIFTY50,2019-06-14,11910.0996,11911.8496,11797.7002,11823.2998,11823.2998,390300,yahoo
NIFTY50,2019-06-17,11844,11844.0498,11657.75,11672.1504,11672.1504,295500,yahoo
NIFTY50,2019-06-18,11677.0498,11727.2002,11641.1504,11691.5,11691.5,365500,yahoo
NIFTY50,2019-06-19,11744.4502,11802.5,11625.0996,11691.4502,11691.4502,446900,yahoo
NIFTY50,2019-06-20,11653.6504,11843.5,11635.0498,11831.75,11831.75,442000,yahoo
NIFTY50,2019-06-21,11827.5996,11827.9502,11705.0996,11724.0996,11724.0996,468400,yahoo
NIFTY50,2019-06-24,11725.7998,11754,11670.2002,11699.6504,11699.6504,277600,yahoo
NIFTY50,2019-06-25,11681,11814.4004,11651,11796.4502,11796.4502,300500,yahoo
NIFTY50,2019-06-26,11768.1504,11871.8496,11757.5498,11847.5498,11847.5498,327900,yahoo
NIFTY50,2019-06-27,11860.8496,11911.1504,11821.0498,11841.5498,11841.5498,480200,yahoo
NIFTY50,2019-06-28,11861.1504,11871.7002,11775.5,11788.8496,11788.8496,303900,yahoo
NIFTY50,2019-07-01,11839.9004,11884.6504,11830.7998,11865.5996,11865.5996,278400,yahoo
NIFTY50,2019-07-02,11890.2998,11917.4502,11814.7002,11910.2998,11910.2998,363200,yahoo
NIFTY50,2019-07-03,11932.1504,11945.2002,11887.0498,11916.75,11916.75,340500,yahoo
NIFTY50,2019-07-04,11928.7998,11969.25,11923.6504,11946.75,11946.75,333600,yahoo
NIFTY50,2019-07-05,11964.75,11981.75,11797.9004,11811.1504,11811.1504,530700,yahoo
NIFTY50,2019-07-08,11770.4004,11771.9004,11523.2998,11558.5996,11558.5996,464000,yahoo
NIFTY50,2019-07-09,11531.5996,11582.5498,11461,11555.9004,11555.9004,442500,yahoo
NIFTY50,2019-07-10,11536.1504,11593.7002,11475.6504,11498.9004,11498.9004,337600,yahoo
NIFTY50,2019-07-11,11561.4502,11599,11519.5,11582.9004,11582.9004,317300,yahoo
NIFTY50,2019-07-12,11601.1504,11639.5498,11538.5996,11552.5,11552.5,359400,yahoo
NIFTY50,2019-07-15,11614.75,11618.4004,11532.2998,11588.3496,11588.3496,368800,yahoo
NIFTY50,2019-07-16,11596.6504,11670.0498,11573.9502,11662.5996,11662.5996,480200,yahoo
NIFTY50,2019-07-17,11670.75,11706.6504,11651.1504,11687.5,11687.5,464800,yahoo
NIFTY50,2019-07-18,11675.5996,11677.1504,11582.4004,11596.9004,11596.9004,498300,yahoo
NIFTY50,2019-07-19,11627.9502,11640.3496,11399.2998,11419.25,11419.25,446000,yahoo
NIFTY50,2019-07-22,11392.8496,11398.1504,11301.25,11346.2002,11346.2002,516000,yahoo
NIFTY50,2019-07-23,11372.25,11398.1504,11302.7998,11331.0498,11331.0498,458900,yahoo
NIFTY50,2019-07-24,11322.4502,11359.75,11229.7998,11271.2998,11271.2998,413200,yahoo
NIFTY50,2019-07-25,11290.4004,11361.4004,11239.3496,11252.1504,11252.1504,553700,yahoo
NIFTY50,2019-07-26,11247.4502,11307.5996,11210.0498,11284.2998,11284.2998,522700,yahoo
NIFTY50,2019-07-29,11307.5,11310.9502,11152.4004,11189.2002,11189.2002,482900,yahoo
NIFTY50,2019-07-30,11213.7002,11267.4502,11072.6504,11085.4004,11085.4004,479100,yahoo
NIFTY50,2019-07-31,11034.0498,11145.2998,10999.4004,11118,11118,536700,yahoo
NIFTY50,2019-08-01,11060.2002,11076.75,10881,10980,10980,499900,yahoo
NIFTY50,2019-08-02,10930.2998,11080.1504,10848.9502,10997.3496,10997.3496,547400,yahoo
NIFTY50,2019-08-05,10895.7998,10895.7998,10782.5996,10862.5996,10862.5996,506600,yahoo
NIFTY50,2019-08-06,10815.4004,11018.5498,10813.7998,10948.25,10948.25,517900,yahoo
NIFTY50,2019-08-07,10958.0996,10975.6504,10835.9004,10855.5,10855.5,548500,yahoo
NIFTY50,2019-08-08,10899.2002,11058.0498,10842.9502,11032.4502,11032.4502,482500,yahoo
NIFTY50,2019-08-09,11087.9004,11181.4502,11062.7998,11109.6504,11109.6504,538100,yahoo
NIFTY50,2019-08-13,11139.4004,11145.9004,10901.5996,10925.8496,10925.8496,624600,yahoo
NIFTY50,2019-08-14,11003.25,11078.1504,10935.5996,11029.4004,11029.4004,511500,yahoo
NIFTY50,2019-08-16,11043.6504,11068.6504,10924.2998,11047.7998,11047.7998,470900,yahoo
NIFTY50,2019-08-19,11094.7998,11146.9004,11037.8496,11053.9004,11053.9004,369500,yahoo
NIFTY50,2019-08-20,11063.9004,11076.2998,10985.2998,11017,11017,444700,yahoo
NIFTY50,2019-08-21,11018.1504,11034.2002,10906.6504,10918.7002,10918.7002,557900,yahoo
NIFTY50,2019-08-22,10905.2998,10908.25,10718.2998,10741.3496,10741.3496,668200,yahoo
NIFTY50,2019-08-23,10699.5996,10862.5498,10637.1504,10829.3496,10829.3496,667100,yahoo
NIFTY50,2019-08-26,11000.2998,11070.2998,10756.5498,11057.8496,11057.8496,684100,yahoo
NIFTY50,2019-08-27,11106.5498,11141.75,11049.5,11105.3496,11105.3496,685600,yahoo
NIFTY50,2019-08-28,11101.2998,11129.6504,10987.6504,11046.0996,11046.0996,550000,yahoo
NIFTY50,2019-08-29,10996.0498,11021.0996,10922.4004,10948.2998,10948.2998,649900,yahoo
NIFTY50,2019-08-30,10987.7998,11042.5996,10874.7998,11023.25,11023.25,628200,yahoo
NIFTY50,2019-09-03,10960.9502,10967.5,10772.7002,10797.9004,10797.9004,483000,yahoo
NIFTY50,2019-09-04,10790.4004,10858.75,10746.3496,10844.6504,10844.6504,508800,yahoo
NIFTY50,2019-09-05,10860.9502,10920.0996,10816,10847.9004,10847.9004,595700,yahoo
NIFTY50,2019-09-06,10883.7998,10957.0498,10867.4502,10946.2002,10946.2002,497200,yahoo
NIFTY50,2019-09-09,10936.7002,11028.8496,10889.7998,11003.0498,11003.0498,412500,yahoo
NIFTY50,2019-09-11,11028.5,11054.7998,11011.6504,11035.7002,11035.7002,687100,yahoo
NIFTY50,2019-09-12,11058.2998,11081.75,10964.9502,10982.7998,10982.7998,551400,yahoo
NIFTY50,2019-09-13,10986.7998,11084.4502,10945.75,11075.9004,11075.9004,624300,yahoo
NIFTY50,2019-09-16,10994.8496,11052.7002,10968.2002,11003.5,11003.5,434500,yahoo
NIFTY50,2019-09-17,11000.0996,11000.0996,10796.5,10817.5996,10817.5996,482000,yahoo
NIFTY50,2019-09-18,10872.7998,10885.1504,10804.8496,10840.6504,10840.6504,519200,yahoo
NIFTY50,2019-09-19,10845.2002,10845.2002,10670.25,10704.7998,10704.7998,642600,yahoo
NIFTY50,2019-09-20,10746.7998,11381.9004,10691,11274.2002,11274.2002,1356800,yahoo
NIFTY50,2019-09-23,11542.7002,11694.8496,11471.3496,11600.2002,11600.2002,882800,yahoo
NIFTY50,2019-09-24,11590.7002,11655.0498,11539.2002,11588.2002,11588.2002,651700,yahoo
NIFTY50,2019-09-25,11564.8496,11564.9502,11416.0996,11440.2002,11440.2002,629100,yahoo
NIFTY50,2019-09-26,11469.8496,11610.8496,11466.3496,11571.2002,11571.2002,844500,yahoo
NIFTY50,2019-09-27,11556.3496,11593.5996,11499.75,11512.4004,11512.4004,650000,yahoo
NIFTY50,2019-09-30,11491.1504,11508.25,11390.7998,11474.4502,11474.4502,756800,yahoo
NIFTY50,2019-10-01,11515.4004,11554.2002,11247.9004,11359.9004,11359.9004,1305400,yahoo
NIFTY50,2019-10-03,11322.25,11370.4004,11257.3496,11314,11314,1017500,yahoo
NIFTY50,2019-10-04,11388.4502,11400.2998,11158.3496,11174.75,11174.75,928500,yahoo
NIFTY50,2019-10-07,11196.2002,11233.8496,11112.6504,11126.4004,11126.4004,733200,yahoo
NIFTY50,2019-10-09,11152.9502,11321.5996,11090.1504,11313.2998,11313.2998,741100,yahoo
NIFTY50,2019-10-10,11280.5,11293.3496,11208.5498,11234.5498,11234.5498,562000,yahoo
NIFTY50,2019-10-11,11257.7002,11362.9004,11189.4004,11305.0498,11305.0498,737800,yahoo
NIFTY50,2019-10-14,11335.9004,11420.4502,11290.0498,11341.1504,11341.1504,587600,yahoo
NIFTY50,2019-10-15,11360.8496,11462.3496,11342.0996,11428.2998,11428.2998,527400,yahoo
NIFTY50,2019-10-16,11464.9502,11481.0498,11411.0996,11464,11464,533500,yahoo
NIFTY50,2019-10-17,11466.2998,11599.0996,11439.6504,11586.3496,11586.3496,797600,yahoo
NIFTY50,2019-10-18,11580.2998,11684.7002,11553.1504,11661.8496,11661.8496,853400,yahoo
NIFTY50,2019-10-22,11657.1504,11714.3496,11573.6504,11588.3496,11588.3496,867600,yahoo
NIFTY50,2019-10-23,11596.2002,11651.5996,11554.4004,11604.0996,11604.0996,664200,yahoo
NIFTY50,2019-10-24,11661.6504,11679.5996,11534.6504,11582.5996,11582.5996,700500,yahoo
NIFTY50,2019-10-25,11646.1504,11646.9004,11490.75,11583.9004,11583.9004,812000,yahoo
NIFTY50,2019-10-29,11643.9502,11809.4004,11627.3496,11786.8496,11786.8496,951700,yahoo
NIFTY50,2019-10-30,11883.9004,11883.9502,11784.4502,11844.0996,11844.0996,725200,yahoo
NIFTY50,2019-10-31,11890.4502,11945,11855.0996,11877.4502,11877.4502,1414800,yahoo
NIFTY50,2019-11-01,11886.5996,11918.2998,11843.3496,11890.5996,11890.5996,855300,yahoo
NIFTY50,2019-11-04,11928.9004,11989.1504,11905.3496,11941.2998,11941.2998,823100,yahoo
NIFTY50,2019-11-05,11974.5996,11978.9502,11861.9004,11917.2002,11917.2002,632000,yahoo
NIFTY50,2019-11-06,11911.5,12002.9004,11850.25,11966.0498,11966.0498,603400,yahoo
NIFTY50,2019-11-07,12021.0996,12021.4004,11946.8496,12012.0498,12012.0498,563000,yahoo
NIFTY50,2019-11-08,11987.1504,12034.1504,11888.75,11908.1504,11908.1504,789300,yahoo
NIFTY50,2019-11-11,11879.2002,11932.6504,11853.9502,11913.4502,11913.4502,549000,yahoo
NIFTY50,2019-11-13,11908.2998,11946.7998,11823.2002,11840.4502,11840.4502,659000,yahoo
NIFTY50,2019-11-14,11858.75,11895.6504,11802.6504,11872.0996,11872.0996,559500,yahoo
NIFTY50,2019-11-15,11904.2002,11973.6504,11879.25,11895.4502,11895.4502,580200,yahoo
NIFTY50,2019-11-18,11915.1504,11946.2002,11867.5996,11884.5,11884.5,514400,yahoo
NIFTY50,2019-11-19,11919.4502,11958.8496,11881.75,11940.0996,11940.0996,613900,yahoo
NIFTY50,2019-11-20,12004.75,12038.5996,11966.0498,11999.0996,11999.0996,646700,yahoo
NIFTY50,2019-11-21,12025.6504,12028.2002,11956.9004,11968.4004,11968.4004,557700,yahoo
NIFTY50,2019-11-22,11967.2998,11968.0996,11883.5,11914.4004,11914.4004,486800,yahoo
NIFTY50,2019-11-25,11922.4502,12084.5,11919.75,12073.75,12073.75,534300,yahoo
NIFTY50,2019-11-26,12110.2002,12132.4502,12006.3496,12037.7002,12037.7002,1201300,yahoo
NIFTY50,2019-11-27,12068.5,12114.9004,12055.1504,12100.7002,12100.7002,584200,yahoo
NIFTY50,2019-11-28,12132.0996,12158.7998,12099.9502,12151.1504,12151.1504,620500,yahoo
NIFTY50,2019-11-29,12146.2002,12147.4004,12017.4004,12056.0498,12056.0498,804400,yahoo
NIFTY50,2019-12-02,12137.0498,12137.1504,12023.7002,12048.2002,12048.2002,720900,yahoo
NIFTY50,2019-12-03,12067.6504,12068.5996,11956.4004,11994.2002,11994.2002,605800,yahoo
NIFTY50,2019-12-04,11969.9502,12054.7002,11935.2998,12043.2002,12043.2002,747200,yahoo
NIFTY50,2019-12-05,12071.25,12081.2002,11998.75,12018.4004,12018.4004,562200,yahoo
NIFTY50,2019-12-06,12047.3496,12057.0498,11888.8496,11921.5,11921.5,609200,yahoo
NIFTY50,2019-12-09,11939.0996,11981.9502,11888.0498,11937.5,11937.5,599100,yahoo
NIFTY50,2019-12-10,11950.5,11953.2002,11844.7002,11856.7998,11856.7998,650200,yahoo
NIFTY50,2019-12-11,11867.3496,11923.2002,11832.2998,11910.1504,11910.1504,997700,yahoo
NIFTY50,2019-12-12,11944.2998,12005.5,11934,11971.7998,11971.7998,752600,yahoo
NIFTY50,2019-12-13,12026.4004,12098.8496,12023.5996,12086.7002,12086.7002,597700,yahoo
NIFTY50,2019-12-16,12131.3496,12134.6504,12046.2998,12053.9502,12053.9502,437700,yahoo
NIFTY50,2019-12-17,12082.4502,12182.75,12070.3496,12165,12165,499600,yahoo
NIFTY50,2019-12-18,12197,12237.7002,12163.4502,12221.6504,12221.6504,518900,yahoo
NIFTY50,2019-12-19,12223.4004,12268.3496,12191.1504,12259.7002,12259.7002,623100,yahoo
NIFTY50,2019-12-20,12266.4502,12293.9004,12252.75,12271.7998,12271.7998,810700,yahoo
NIFTY50,2019-12-23,12235.4502,12287.1504,12213.25,12262.75,12262.75,604800,yahoo
NIFTY50,2019-12-24,12269.25,12283.7002,12202.0996,12214.5498,12214.5498,470300,yahoo
NIFTY50,2019-12-26,12211.8496,12221.5498,12118.8496,12126.5498,12126.5498,520300,yahoo
NIFTY50,2019-12-27,12172.9004,12258.4502,12157.9004,12245.7998,12245.7998,383800,yahoo
NIFTY50,2019-12-30,12274.9004,12286.4502,12213.7998,12255.8496,12255.8496,411100,yahoo
NIFTY50,2019-12-31,12247.0996,12247.0996,12151.7998,12168.4502,12168.4502,426900,yahoo
NIFTYIT,2019-01-01,14426.4502,14480.5498,14357.0498,14450.9004,14450.9004,14000,yahoo
NIFTYIT,2019-01-02,14467.4004,14593.8496,14371,14447.0996,14447.0996,0,yahoo
NIFTYIT,2019-01-03,14479.75,14542.2998,14276.5,14322.1504,14322.1504,0,yahoo
NIFTYIT,2019-01-04,14332.6504,14359.2002,13958.8496,14146.1504,14146.1504,0,yahoo
NIFTYIT,2019-01-07,14238.0498,14316,14204.6504,14291.5,14291.5,0,yahoo
NIFTYIT,2019-01-08,14344.5996,14357.75,14238.2002,14285.7002,14285.7002,0,yahoo
NIFTYIT,2019-01-09,14417.2002,14495.7002,14162.2002,14326.0996,14326.0996,0,yahoo
NIFTYIT,2019-01-10,14388.8496,14393.4502,14272.25,14323.25,14323.25,0,yahoo
NIFTYIT,2019-01-11,14288.9502,14326.9004,14134.25,14307.0996,14307.0996,0,yahoo
NIFTYIT,2019-01-14,14474.5,14495.7002,14196,14223.5996,14223.5996,0,yahoo
NIFTYIT,2019-01-15,14265.7002,14685.5,14262.4004,14658.5,14658.5,0,yahoo
NIFTYIT,2019-01-16,14688.8496,14732.75,14610.0996,14707.7998,14707.7998,0,yahoo
NIFTYIT,2019-01-17,14714.25,14813.9004,14660.0498,14800.25,14800.25,0,yahoo
NIFTYIT,2019-01-18,14744.0498,14923.75,14709.4502,14893,14893,0,yahoo
NIFTYIT,2019-01-21,14920.3496,15100.2002,14850,14966.4004,14966.4004,0,yahoo
NIFTYIT,2019-01-22,14927.1504,15019.5996,14814.9502,14962.5996,14962.5996,0,yahoo
NIFTYIT,2019-01-23,14975.2002,15003.8496,14856.8496,14888.75,14888.75,0,yahoo
NIFTYIT,2019-01-24,14897.4502,15003.5498,14793.25,14971.9004,14971.9004,0,yahoo
NIFTYIT,2019-01-25,14952.75,15161.2002,14927.25,15039.2998,15039.2998,0,yahoo
NIFTYIT,2019-01-28,15085.0498,15161.7002,15026.75,15120.1504,15120.1504,0,yahoo
NIFTYIT,2019-01-29,15126.1504,15293,14986.7002,15231.2998,15231.2998,0,yahoo
NIFTYIT,2019-01-30,15304,15381.4502,15192.4004,15255.2002,15255.2002,0,yahoo
NIFTYIT,2019-01-31,15299.4502,15513.4502,15276.0498,15499.2998,15499.2998,0,yahoo
NIFTYIT,2019-02-01,15522.5498,15751.75,15485.7002,15724.2998,15724.2998,0,yahoo
NIFTYIT,2019-02-04,15727.2002,15819.7002,15635.9004,15754.7998,15754.7998,0,yahoo
NIFTYIT,2019-02-05,15709,15812.1504,15634.9502,15738.7002,15738.7002,0,yahoo
NIFTYIT,2019-02-06,15857.7002,16090.7002,15835.7002,16055.5996,16055.5996,0,yahoo
NIFTYIT,2019-02-07,16045.5498,16167.8496,16031.1504,16085.8496,16085.8496,0,yahoo
NIFTYIT,2019-02-08,16001.1504,16145.7002,15979.7998,16019.7998,16019.7998,0,yahoo
NIFTYIT,2019-02-11,16050.2002,16159.0498,16002.5,16099.0498,16099.0498,0,yahoo
NIFTYIT,2019-02-12,16093.4502,16094.5996,15788.0996,15938.6504,15938.6504,0,yahoo
NIFTYIT,2019-02-14,15992.4502,16002.2002,15828.8496,15861.6504,15861.6504,0,yahoo
NIFTYIT,2019-02-15,15898.4004,15912.4502,15620.4502,15815.5996,15815.5996,0,yahoo
NIFTYIT,2019-02-18,15895.5,15948.0996,15618.0498,15659,15659,0,yahoo
NIFTYIT,2019-02-19,15644.0498,15651.9004,15287.5,15333.5,15333.5,0,yahoo
NIFTYIT,2019-02-20,15382.4502,15651.7002,15330.7998,15609.4502,15609.4502,0,yahoo
NIFTYIT,2019-02-21,15609.1504,15691.4004,15492.2002,15588.9004,15588.9004,0,yahoo
NIFTYIT,2019-02-22,15582.7998,15717.2998,15543.5,15684.7002,15684.7002,0,yahoo
NIFTYIT,2019-02-25,15738.9502,16029.9502,15729.25,16003.7002,16003.7002,0,yahoo
NIFTYIT,2019-02-26,15933.7998,16069.4004,15874.9502,15989.5996,15989.5996,0,yahoo
NIFTYIT,2019-02-27,15983.7998,16007.6504,15803.7002,15902.0996,15902.0996,0,yahoo
NIFTYIT,2019-02-28,15974.0996,15974.0996,15694.8496,15732,15732,0,yahoo
NIFTYIT,2019-03-01,15778.1504,15871.0996,15752.2002,15848.2998,15848.2998,0,yahoo
NIFTYIT,2019-03-05,15839.2002,15839.2002,15634.5498,15664.0996,15664.0996,0,yahoo
NIFTYIT,2019-03-06,15732.3496,15814.7002,15681.0996,15735.0498,15735.0498,0,yahoo
NIFTYIT,2019-03-07,15788.1504,15788.1504,15558.9502,15582.0996,15582.0996,0,yahoo
NIFTYIT,2019-03-08,15544.3496,15545.6504,15388.2002,15408.7002,15408.7002,0,yahoo
NIFTYIT,2019-03-11,15432.9004,15500.75,15349.5996,15388.5,15388.5,0,yahoo
NIFTYIT,2019-03-12,15408.8496,15497.2002,15349.7998,15384.5498,15384.5498,0,yahoo
NIFTYIT,2019-03-13,15442.25,15550.8496,15300.25,15342.9004,15342.9004,0,yahoo
NIFTYIT,2019-03-14,15422.5996,15437.0498,15202.0498,15260.4502,15260.4502,0,yahoo
NIFTYIT,2019-03-15,15346,15649.25,15324.8496,15546.5996,15546.5996,0,yahoo
NIFTYIT,2019-03-18,15614.7998,15661.2998,15304.75,15359.4502,15359.4502,0,yahoo
NIFTYIT,2019-03-19,15432.5,15545.4502,15296,15495.5498,15495.5498,0,yahoo
NIFTYIT,2019-03-20,15563.9502,15735.25,15554.4502,15599.25,15599.25,0,yahoo
NIFTYIT,2019-03-22,15652.2998,15652.2998,15462.2002,15551.0996,15551.0996,0,yahoo
NIFTYIT,2019-03-25,15579.0498,15579.0498,15388.4004,15416.8496,15416.8496,0,yahoo
NIFTYIT,2019-03-26,15415.5,15426.25,15218.25,15356.5996,15356.5996,0,yahoo
NIFTYIT,2019-03-27,15352.5996,15421.8496,15307.0996,15339.4004,15339.4004,0,yahoo
NIFTYIT,2019-03-28,15410.3496,15636.5,15399.4502,15566.75,15566.75,0,yahoo
NIFTYIT,2019-04-01,15668.7998,15922.0498,15662.5498,15840.6504,15840.6504,0,yahoo
NIFTYIT,2019-04-02,15902.9004,16013.25,15874.6504,15988.4004,15988.4004,0,yahoo
NIFTYIT,2019-04-03,15996.5,16009.8496,15862.5,15962.9502,15962.9502,0,yahoo
NIFTYIT,2019-04-04,15947.7998,15954.1504,15691,15744.7998,15744.7998,0,yahoo
NIFTYIT,2019-04-05,15800.4502,15952.5,15759.7998,15923.0498,15923.0498,0,yahoo
NIFTYIT,2019-04-08,15982.8496,16061.2998,15857.1504,16028.25,16028.25,0,yahoo
NIFTYIT,2019-04-09,16048.25,16203.25,15999.6504,16121.5996,16121.5996,0,yahoo
NIFTYIT,2019-04-10,16138.8496,16172.7998,15978.2002,15999.1504,15999.1504,0,yahoo
NIFTYIT,2019-04-11,16018,16030.8496,15852.2998,15874.75,15874.75,0,yahoo
NIFTYIT,2019-04-12,15918.0996,15989.7002,15832,15911.0996,15911.0996,0,yahoo
NIFTYIT,2019-04-15,15917.7002,16136.5996,15862,16113.7002,16113.7002,0,yahoo
NIFTYIT,2019-04-16,16166.1504,16176.5996,16064.3496,16084.9004,16084.9004,0,yahoo
NIFTYIT,2019-04-18,16177.8496,16177.8496,16021,16079.2998,16079.2998,0,yahoo
NIFTYIT,2019-04-22,16077.5498,16204.2998,16057.9004,16150.5996,16150.5996,0,yahoo
NIFTYIT,2019-04-23,16179.4502,16193.5996,16082.4502,16166.2998,16166.2998,0,yahoo
NIFTYIT,2019-04-24,16182.9004,16405.8008,16161.3496,16370.3496,16370.3496,0,yahoo
NIFTYIT,2019-04-25,16361,16388.5508,16299.2002,16352.7998,16352.7998,0,yahoo
NIFTYIT,2019-04-26,16393.8008,16523.75,16381.4502,16504.4492,16504.4492,0,yahoo
NIFTYIT,2019-04-30,16510.9492,16720.4004,16502.4492,16705.4004,16705.4004,0,yahoo
NIFTYIT,2019-05-02,16656.9004,16673.5996,16387.3008,16403.6992,16403.6992,0,yahoo
NIFTYIT,2019-05-03,16259.5,16265.2998,16065.4502,16092.9502,16092.9502,0,yahoo
NIFTYIT,2019-05-06,15949.2998,16146.4004,15925.4004,16111.3496,16111.3496,0,yahoo
NIFTYIT,2019-05-07,16145.6504,16225.8496,16100.6504,16135.75,16135.75,0,yahoo
NIFTYIT,2019-05-08,16106.0498,16129.4004,15998.5996,16061.5996,16061.5996,0,yahoo
NIFTYIT,2019-05-09,16031.5996,16164.9004,16002.4502,16132.8496,16132.8496,0,yahoo
NIFTYIT,2019-05-10,16117.5996,16146.3496,15911.9502,15949.5996,15949.5996,0,yahoo
NIFTYIT,2019-05-13,15949,16095.7002,15915.1504,15955.2998,15955.2998,0,yahoo
NIFTYIT,2019-05-14,15942.9502,15966.6504,15642.9502,15762.75,15762.75,0,yahoo
NIFTYIT,2019-05-15,15793.3496,15896.2998,15743.7002,15776.7998,15776.7998,0,yahoo
NIFTYIT,2019-05-16,15816.6504,15994.25,15779.75,15934,15934,0,yahoo
NIFTYIT,2019-05-17,15962.4004,16000.3496,15803.2002,15843.4004,15843.4004,0,yahoo
NIFTYIT,2019-05-20,15933.2998,16009.6504,15642.7002,15968.2002,15968.2002,0,yahoo
NIFTYIT,2019-05-21,15982.2998,15989.0498,15737.1504,15766.9502,15766.9502,0,yahoo
NIFTYIT,2019-05-22,15750.0498,15812.25,15640.5996,15666.1504,15666.1504,0,yahoo
NIFTYIT,2019-05-23,15772.0498,15819.0498,15506.2002,15538.8496,15538.8496,0,yahoo
NIFTYIT,2019-05-24,15622.25,15626.3496,15461.8496,15569.8496,15569.8496,0,yahoo
NIFTYIT,2019-05-27,15587.4004,15629.5996,15526.4004,15556.6504,15556.6504,0,yahoo
NIFTYIT,2019-05-28,15614.0996,15806.2002,15554.9004,15762.0498,15762.0498,0,yahoo
NIFTYIT,2019-05-29,15773.2998,15973,15754.3496,15865.5996,15865.5996,0,yahoo
NIFTYIT,2019-05-30,15908.9502,16034.75,15879.2002,15997.3496,15997.3496,0,yahoo
NIFTYIT,2019-05-31,16070.5996,16197.3496,16042.5996,16160.6504,16160.6504,0,yahoo
NIFTYIT,2019-06-03,16159.5,16391,16082.7998,16360.5498,16360.5498,0,yahoo
NIFTYIT,2019-06-04,16276.7998,16285.8496,16072.9004,16105.2002,16105.2002,0,yahoo
NIFTYIT,2019-06-06,16155.7998,16159.75,15991.4004,16012.0996,16012.0996,0,yahoo
NIFTYIT,2019-06-07,16042.2998,16155.0498,15972.75,16109.8496,16109.8496,0,yahoo
NIFTYIT,2019-06-10,16176.8496,16381.6504,16152.2002,16362.4004,16362.4004,0,yahoo
NIFTYIT,2019-06-11,16406.25,16488.6504,16380.5,16448.0996,16448.0996,0,yahoo
NIFTYIT,2019-06-12,16441.75,16446.9492,16283.6504,16425.9492,16425.9492,0,yahoo
NIFTYIT,2019-06-13,16340.0498,16421.8008,16282.6504,16316.5996,16316.5996,0,yahoo
NIFTYIT,2019-06-14,16326.7002,16336.0996,16239.2002,16268.2002,16268.2002,0,yahoo
NIFTYIT,2019-06-17,16285,16313.5498,16190.9004,16228.2002,16228.2002,0,yahoo
NIFTYIT,2019-06-18,16215.7002,16352.4004,16212.2998,16322.5,16322.5,0,yahoo
NIFTYIT,2019-06-19,16358.75,16391.5,16215.9502,16282.7002,16282.7002,0,yahoo
NIFTYIT,2019-06-20,16039,16338.75,15994.9502,16316.9502,16316.9502,0,yahoo
NIFTYIT,2019-06-21,16343.3496,16358.9502,16154.8496,16189.4004,16189.4004,0,yahoo
NIFTYIT,2019-06-24,16202.4004,16231.5996,16142.4004,16187.4004,16187.4004,0,yahoo
NIFTYIT,2019-06-25,16158.7998,16252.9502,16050.5996,16214.4502,16214.4502,0,yahoo
NIFTYIT,2019-06-26,16152.7002,16255.2002,16079.2002,16101.75,16101.75,0,yahoo
NIFTYIT,2019-06-27,16096.2002,16129.4004,15946.6504,15991.7998,15991.7998,0,yahoo
NIFTYIT,2019-06-28,16069.9004,16085.4004,15904.7998,15936.4502,15936.4502,0,yahoo
NIFTYIT,2019-07-01,15982.7002,16023.5498,15893.5498,15916.7002,15916.7002,16700,yahoo
NIFTYIT,2019-07-02,15952.9004,16096.9502,15886.4502,16074.0996,16074.0996,0,yahoo
NIFTYIT,2019-07-03,16091.0996,16097.1504,15906.4004,15927.6504,15927.6504,16800,yahoo
NIFTYIT,2019-07-04,15901.4502,15992.5996,15896.9004,15942.4004,15942.4004,12800,yahoo
NIFTYIT,2019-07-05,15960.8496,15979.4502,15520,15550.0498,15550.0498,0,yahoo
NIFTYIT,2019-07-08,15410.8496,15480.1504,15317.4004,15376,15376,27000,yahoo
NIFTYIT,2019-07-09,15381.3496,15434,15123.5996,15254.5,15254.5,23600,yahoo
NIFTYIT,2019-07-10,15077,15322.75,15045.0996,15168.5996,15168.5996,23900,yahoo
NIFTYIT,2019-07-11,15256.5498,15258.3496,15060.9004,15214.2998,15214.2998,20400,yahoo
NIFTYIT,2019-07-12,15227.5996,15293.3496,15186.0996,15227.4004,15227.4004,24400,yahoo
NIFTYIT,2019-07-15,15516.25,15697.4502,15406.25,15662.0498,15662.0498,44800,yahoo
NIFTYIT,2019-07-16,15608.75,15630.5996,15532.2998,15580.4502,15580.4502,25100,yahoo
NIFTYIT,2019-07-17,15602.7002,15708.7998,15508.9502,15676,15676,31100,yahoo
NIFTYIT,2019-07-18,15554.9004,15636.8496,15455.0498,15498.5,15498.5,51300,yahoo
NIFTYIT,2019-07-19,15520.7002,15611.5996,15363.0498,15383.6504,15383.6504,24100,yahoo
NIFTYIT,2019-07-22,15387.4502,15494.0498,15334.5996,15448.25,15448.25,21200,yahoo
NIFTYIT,2019-07-23,15497.5498,15645.7002,15467.7002,15493.4004,15493.4004,26600,yahoo
NIFTYIT,2019-07-24,15465.7998,15531.8496,15332.8496,15380.75,15380.75,20100,yahoo
NIFTYIT,2019-07-25,15383.1504,15510.5996,15343.0498,15474.6504,15474.6504,0,yahoo
NIFTYIT,2019-07-26,15442.5,15461.6504,15265.3496,15348.0498,15348.0498,18000,yahoo
NIFTYIT,2019-07-29,15365.0996,15528.0996,15297,15400.8496,15400.8496,17700,yahoo
NIFTYIT,2019-07-30,15409.4502,15527.5,15361.4502,15501.6504,15501.6504,24400,yahoo
NIFTYIT,2019-07-31,15437.5996,15649.1504,15303.7002,15620.2002,15620.2002,30800,yahoo
NIFTYIT,2019-08-01,15576.9502,15593.5498,15277.75,15332.0996,15332.0996,0,yahoo
NIFTYIT,2019-08-02,15277.6504,15461.0498,15208.7998,15422.0996,15422.0996,25300,yahoo
NIFTYIT,2019-08-05,15349.7002,15544.9004,15312.5498,15518.5498,15518.5498,0,yahoo
NIFTYIT,2019-08-06,15479.2002,15636.5,15434.25,15514.7998,15514.7998,29700,yahoo
NIFTYIT,2019-08-07,15591.1504,15730.7002,15522.8496,15583.3496,15583.3496,0,yahoo
NIFTYIT,2019-08-08,15677.4502,15919.2002,15654.4502,15867.9502,15867.9502,26600,yahoo
NIFTYIT,2019-08-09,15898,15945.4004,15785.75,15821.3496,15821.3496,32500,yahoo
NIFTYIT,2019-08-13,15809.25,15822.4004,15379.5996,15424.4004,15424.4004,0,yahoo
NIFTYIT,2019-08-14,15467.3496,15518.4502,15298.5,15466.25,15466.25,20400,yahoo
NIFTYIT,2019-08-16,15547.4004,15552.7002,15238.5498,15365.3496,15365.3496,0,yahoo
NIFTYIT,2019-08-19,15420.0498,15514.9004,15396,15415.1504,15415.1504,0,yahoo
NIFTYIT,2019-08-20,15503.7998,15691.6504,15467.3496,15597.75,15597.75,27200,yahoo
NIFTYIT,2019-08-21,15598.5,15680.0498,15562,15578.1504,15578.1504,0,yahoo
NIFTYIT,2019-08-22,15581.5,15703.1504,15478.7998,15632,15632,0,yahoo
NIFTYIT,2019-08-23,15647.6504,15872.8496,15639.4004,15816.5996,15816.5996,0,yahoo
NIFTYIT,2019-08-26,15825.25,15922.5498,15628.0996,15890.2002,15890.2002,0,yahoo
NIFTYIT,2019-08-27,15817.2998,15833.5498,15631.5,15675.2998,15675.2998,0,yahoo
NIFTYIT,2019-08-28,15704.0996,15898,15703.0996,15879.9004,15879.9004,0,yahoo
NIFTYIT,2019-08-29,15774.6504,15943.2998,15754.9004,15884.5498,15884.5498,0,yahoo
NIFTYIT,2019-08-30,15893.9004,16039.25,15734.2002,16010.4004,16010.4004,0,yahoo
NIFTYIT,2019-09-03,16027.0996,16189.4502,15935.9004,15984.9004,15984.9004,0,yahoo
NIFTYIT,2019-09-04,15985.75,16090.8496,15944.4004,16032.5,16032.5,0,yahoo
NIFTYIT,2019-09-05,16109.2002,16142.6504,15972.2002,16030.9502,16030.9502,0,yahoo
NIFTYIT,2019-09-06,16139.9004,16218.7998,15991.0498,16034.5498,16034.5498,0,yahoo
NIFTYIT,2019-09-09,16023.9502,16030.4502,15883.5996,15919.4004,15919.4004,0,yahoo
NIFTYIT,2019-09-11,15901.1504,15955.2002,15669.2998,15701.7998,15701.7998,0,yahoo
NIFTYIT,2019-09-12,15674.2998,15725.75,15525.1504,15583.25,15583.25,0,yahoo
NIFTYIT,2019-09-13,15608.0996,15739.7002,15586.7002,15722.9004,15722.9004,0,yahoo
NIFTYIT,2019-09-16,15774.4502,15854.1504,15602.5996,15743.1504,15743.1504,0,yahoo
NIFTYIT,2019-09-17,15769.8496,15769.8496,15563.5996,15625.6504,15625.6504,0,yahoo
NIFTYIT,2019-09-18,15649.0498,15731.0498,15584.0996,15702.2998,15702.2998,0,yahoo
NIFTYIT,2019-09-19,15667,15675.1504,15469.0996,15522.4502,15522.4502,0,yahoo
NIFTYIT,2019-09-20,15541.5498,15742.5498,15434.1504,15491.0996,15491.0996,0,yahoo
NIFTYIT,2019-09-23,15611.7998,15611.7998,14735.5498,15040.6504,15040.6504,0,yahoo
NIFTYIT,2019-09-24,15055.0498,15380.3496,15055.0498,15338.6504,15338.6504,0,yahoo
NIFTYIT,2019-09-25,15351.8496,15471,15268.9004,15379.9004,15379.9004,0,yahoo
NIFTYIT,2019-09-26,15374.5,15456.8496,15208.4004,15312.9004,15312.9004,0,yahoo
NIFTYIT,2019-09-27,15297.7002,15412.9004,15214.2002,15236.4004,15236.4004,0,yahoo
NIFTYIT,2019-09-30,15277.1504,15568.4502,15259.7998,15540.1504,15540.1504,0,yahoo
NIFTYIT,2019-10-01,15559.6504,15561.5,15240.9502,15300.25,15300.25,20800,yahoo
NIFTYIT,2019-10-03,15318.7998,15417.25,15228.9004,15277.9502,15277.9502,0,yahoo
NIFTYIT,2019-10-04,15328.4004,15418.7998,15285.1504,15340.2998,15340.2998,0,yahoo
NIFTYIT,2019-10-07,15368.1504,15472.3496,15226.7002,15246.75,15246.75,0,yahoo
NIFTYIT,2019-10-09,15305.0996,15317.1504,15051.3496,15128.75,15128.75,0,yahoo
NIFTYIT,2019-10-10,15124.8496,15235.5996,15034.5996,15093.7998,15093.7998,0,yahoo
NIFTYIT,2019-10-11,14871.4502,15388.9502,14865.0996,15321.9004,15321.9004,0,yahoo
NIFTYIT,2019-10-14,15202.2002,15338.5996,15147.7002,15277.75,15277.75,0,yahoo
NIFTYIT,2019-10-15,15254.4004,15281.4502,15191.0498,15208.4004,15208.4004,0,yahoo
NIFTYIT,2019-10-16,15223.5,15373.3496,15213.2002,15344.9502,15344.9502,0,yahoo
NIFTYIT,2019-10-17,15257.9502,15313.9004,15160.2002,15281.9004,15281.9004,0,yahoo
NIFTYIT,2019-10-18,15271.9502,15434.5498,15241,15410.0996,15410.0996,0,yahoo
NIFTYIT,2019-10-22,15033.2998,15085.4502,14659.4502,14688.6504,14688.6504,0,yahoo
NIFTYIT,2019-10-23,14640.8496,14911.2002,14566.5498,14833.3496,14833.3496,0,yahoo
NIFTYIT,2019-10-24,14956.6504,14970.3496,14756.5498,14781.5,14781.5,0,yahoo
NIFTYIT,2019-10-25,14883.4004,14943.75,14720.8496,14898.8496,14898.8496,0,yahoo
NIFTYIT,2019-10-29,14980.1504,15199.9004,14970.5,15181.4004,15181.4004,0,yahoo
NIFTYIT,2019-10-30,15343.7002,15419.6504,15212.75,15395.6504,15395.6504,0,yahoo
NIFTYIT,2019-10-31,15436.2998,15657.75,15417,15559.4004,15559.4004,0,yahoo
NIFTYIT,2019-11-01,15575.3496,15636.2998,15411.7998,15471.2002,15471.2002,0,yahoo
NIFTYIT,2019-11-04,15474,15803.3496,15428.5,15591.2998,15591.2998,0,yahoo
NIFTYIT,2019-11-05,15613.0996,15613.0996,15422.7998,15533.4502,15533.4502,0,yahoo
NIFTYIT,2019-11-06,15554.0498,15647.0498,15440.4004,15561.2998,15561.2998,0,yahoo
NIFTYIT,2019-11-07,15635.5,15639.7002,15532.1504,15624.4004,15624.4004,24300,yahoo
NIFTYIT,2019-11-08,15646.4004,15658.1504,15355.7002,15383.2998,15383.2998,0,yahoo
NIFTYIT,2019-11-11,15343.25,15354.0498,15228.7998,15308.5498,15308.5498,0,yahoo
NIFTYIT,2019-11-13,15307.9004,15374.0498,15192.2998,15240.9502,15240.9502,0,yahoo
NIFTYIT,2019-11-14,15292.9004,15410.2998,15217.2998,15388.75,15388.75,0,yahoo
NIFTYIT,2019-11-15,15425.0498,15471.1504,15287.0996,15310.6504,15310.6504,0,yahoo
NIFTYIT,2019-11-18,15326.7998,15373.8496,15251,15295.25,15295.25,0,yahoo
NIFTYIT,2019-11-19,15318.6504,15371.7998,15256.8496,15304.8496,15304.8496,0,yahoo
NIFTYIT,2019-11-20,15349.0498,15349.0498,15235,15318.5,15318.5,0,yahoo
NIFTYIT,2019-11-21,15353.7002,15435.4004,15279.4004,15293.9502,15293.9502,0,yahoo
NIFTYIT,2019-11-22,15216.5498,15220.0498,14931.3496,14995.9004,14995.9004,0,yahoo
NIFTYIT,2019-11-25,15002.2002,15112.9004,14950.9502,15100.5996,15100.5996,0,yahoo
NIFTYIT,2019-11-26,15174.6504,15212.6504,14867.4502,14922.1504,14922.1504,0,yahoo
NIFTYIT,2019-11-27,14957.5,15049,14946.5498,15022.1504,15022.1504,0,yahoo
NIFTYIT,2019-11-28,15069.1504,15136.2002,15042.6504,15121.7998,15121.7998,14700,yahoo
NIFTYIT,2019-11-29,15132.9502,15147.25,14964.25,14998.0498,14998.0498,0,yahoo
NIFTYIT,2019-12-02,15056.8496,15070.6504,14819.4004,14852,14852,0,yahoo
NIFTYIT,2019-12-03,14870.9004,14956.4502,14808.4004,14920.75,14920.75,0,yahoo
NIFTYIT,2019-12-04,14918.5,15188.5498,14896.5996,15175.1504,15175.1504,27200,yahoo
NIFTYIT,2019-12-05,15164.1504,15385.4502,15101.7998,15367.5,15367.5,28800,yahoo
NIFTYIT,2019-12-06,15383.4502,15390.0498,15269.25,15289.5996,15289.5996,16900,yahoo
NIFTYIT,2019-12-09,15309.7002,15322.5498,15136.25,15157.1504,15157.1504,18200,yahoo
NIFTYIT,2019-12-10,15120.0498,15123.3496,14903.25,14946.5498,14946.5498,20100,yahoo
NIFTYIT,2019-12-11,14972,15147.3496,14963.6504,15130.2998,15130.2998,23000,yahoo
NIFTYIT,2019-12-12,15151.0996,15184.1504,14890.5996,14972.6504,14972.6504,27100,yahoo
NIFTYIT,2019-12-13,14987.9004,15221.4502,14965.1504,15200.5498,15200.5498,30100,yahoo
NIFTYIT,2019-12-16,15263.75,15446.25,15223.0996,15348.75,15348.75,28600,yahoo
NIFTYIT,2019-12-17,15417.5498,15670.3496,15387.2002,15637.1504,15637.1504,35700,yahoo
NIFTYIT,2019-12-18,15680.5,15835.7998,15649.1504,15710.6504,15710.6504,46700,yahoo
NIFTYIT,2019-12-19,15741.2002,15835.5,15654.7002,15812.9502,15812.9502,25100,yahoo
NIFTYIT,2019-12-20,15811.9502,15890.9502,15781.25,15844.5498,15844.5498,30000,yahoo
NIFTYIT,2019-12-23,15811.4004,15936,15809.0498,15865.5,15865.5,15900,yahoo
NIFTYIT,2019-12-24,15877.4004,15880.1504,15739.4502,15778.2002,15778.2002,16000,yahoo
NIFTYIT,2019-12-26,15784.4502,15806.8496,15690.9502,15706.4502,15706.4502,17800,yahoo
NIFTYIT,2019-12-27,15740.4004,15824.1504,15657.5,15780.7002,15780.7002,16700,yahoo
NIFTYIT,2019-12-30,15801.5,15868.9502,15715.0996,15775,15775,0,yahoo
NIFTYIT,2019-12-31,15754.0498,15775.25,15634.5,15652.4004,15652.4004,19600,yahoo
NIFTYPHARMA,2019-01-01,8890.5498,8929.7002,8852.6504,8881.9502,8881.9502,15068000,yahoo
NIFTYPHARMA,2019-01-02,8856,8884.0996,8765.2998,8839.9502,8839.9502,17507000,yahoo
NIFTYPHARMA,2019-01-03,8856.5,8867.5498,8704.5,8722.2998,8722.2998,17524000,yahoo
NIFTYPHARMA,2019-01-04,8744.7002,8804.0498,8683.7998,8788.0498,8788.0498,14335000,yahoo
NIFTYPHARMA,2019-01-07,8840.5996,8847.1504,8711.5,8732.6504,8732.6504,11250000,yahoo
NIFTYPHARMA,2019-01-08,8764.0996,8873.1504,8754.1504,8864.75,8864.75,24541000,yahoo
NIFTYPHARMA,2019-01-09,8898.5,8930.4502,8831.7998,8906.7002,8906.7002,18627000,yahoo
NIFTYPHARMA,2019-01-10,8878.7002,8945.25,8866.3496,8934.7998,8934.7998,14214000,yahoo
NIFTYPHARMA,2019-01-11,8943.5996,8968.6504,8867.4502,8902.4502,8902.4502,14555000,yahoo
NIFTYPHARMA,2019-01-14,8915.7002,8961.25,8879.7002,8949.2998,8949.2998,15814000,yahoo
NIFTYPHARMA,2019-01-15,8984.9502,9035.4004,8958.5996,9027.5,9027.5,12386000,yahoo
NIFTYPHARMA,2019-01-16,9019.4004,9069.5,8989.75,9054.2002,9054.2002,15568000,yahoo
NIFTYPHARMA,2019-01-17,9069.5996,9097.5498,8905.4004,8930.5,8930.5,17945000,yahoo
NIFTYPHARMA,2019-01-18,8911.75,8912.5498,8616.8496,8689.5996,8689.5996,95831000,yahoo
NIFTYPHARMA,2019-01-21,8694.2002,8833.7002,8694.2002,8734.7002,8734.7002,58197000,yahoo
NIFTYPHARMA,2019-01-22,8791.8496,8903.2998,8783.0498,8892.5996,8892.5996,46973000,yahoo
NIFTYPHARMA,2019-01-23,8905.2002,8969.5,8855.0996,8946.2002,8946.2002,35863000,yahoo
NIFTYPHARMA,2019-01-24,8956.4502,9001.0498,8845.9502,8894.5,8894.5,26561000,yahoo
NIFTYPHARMA,2019-01-25,8928.7998,8960.6504,8851.75,8891,8891,23387000,yahoo
NIFTYPHARMA,2019-01-28,8886.1504,8886.1504,8638.25,8663.9004,8663.9004,19762000,yahoo
NIFTYPHARMA,2019-01-29,8635.1504,8786.5498,8562.3496,8756.9004,8756.9004,19234000,yahoo
NIFTYPHARMA,2019-01-30,8771.5,8784,8692.9004,8734.5996,8734.5996,13831000,yahoo
NIFTYPHARMA,2019-01-31,8748.4502,8866.5498,8713.7998,8825.3496,8825.3496,27553000,yahoo
NIFTYPHARMA,2019-02-01,8810.6504,8991.9502,8806.4004,8969.5498,8969.5498,13284000,yahoo
NIFTYPHARMA,2019-02-04,8992.0996,8998.25,8772.9004,8811.9004,8811.9004,16734000,yahoo
NIFTYPHARMA,2019-02-05,8828.5,8887.4502,8764.5,8800.5996,8800.5996,16548000,yahoo
NIFTYPHARMA,2019-02-06,8803.4004,8955,8703.4004,8906.9004,8906.9004,27887000,yahoo
NIFTYPHARMA,2019-02-07,8937.9502,9088.5498,8937.9502,9056.1504,9056.1504,39478000,yahoo
NIFTYPHARMA,2019-02-08,9060.7998,9060.7998,8921.5996,8984.8496,8984.8496,21851000,yahoo
NIFTYPHARMA,2019-02-11,8924.9502,8957.2998,8772.5996,8838,8838,17150000,yahoo
NIFTYPHARMA,2019-02-12,8839.9004,8948.0498,8795.25,8904.9502,8904.9502,19299000,yahoo
NIFTYPHARMA,2019-02-14,8835.5,8944.6504,8809.7002,8920.9004,8920.9004,19214000,yahoo
NIFTYPHARMA,2019-02-15,8890.9502,8893.4502,8252.0996,8643.2998,8643.2998,35522000,yahoo
NIFTYPHARMA,2019-02-18,8703.5996,8744.25,8560.5,8573.9502,8573.9502,19995000,yahoo
NIFTYPHARMA,2019-02-19,8611.0996,8636.9502,8539.75,8552.7002,8552.7002,16696000,yahoo
NIFTYPHARMA,2019-02-20,8600.9502,8621,8551.4502,8606.3496,8606.3496,14220000,yahoo
NIFTYPHARMA,2019-02-21,8632.25,8721.9502,8606.0498,8706.3496,8706.3496,13874000,yahoo
NIFTYPHARMA,2019-02-22,8718.5996,8778.4004,8698.8496,8772.5996,8772.5996,13066000,yahoo
NIFTYPHARMA,2019-02-25,8795.3496,8858.2002,8738.0996,8816.2002,8816.2002,17237000,yahoo
NIFTYPHARMA,2019-02-26,8733.9502,8869.7998,8659.0996,8829.4502,8829.4502,16631000,yahoo
NIFTYPHARMA,2019-02-27,8859.5498,8975.4004,8799.4502,8866.2002,8866.2002,23524000,yahoo
NIFTYPHARMA,2019-02-28,8918.9502,8934.4004,8871.4004,8884.8496,8884.8496,27134000,yahoo
NIFTYPHARMA,2019-03-01,8909,8993.7998,8882.2002,8972.6504,8972.6504,16222000,yahoo
NIFTYPHARMA,2019-03-05,8975.2002,9066.4004,8937.9004,9054.6504,9054.6504,16054000,yahoo
NIFTYPHARMA,2019-03-06,9088.4502,9193.0498,9026.5996,9155,9155,23513000,yahoo
NIFTYPHARMA,2019-03-07,9129.6504,9209.1504,9021.5,9045.6504,9045.6504,24337000,yahoo
NIFTYPHARMA,2019-03-08,9038.8496,9085.2002,9007.7998,9021.8496,9021.8496,15833000,yahoo
NIFTYPHARMA,2019-03-11,9052.9502,9168.4502,9047.1504,9155.0498,9155.0498,14435000,yahoo
NIFTYPHARMA,2019-03-12,9212.5996,9345.0996,9202.7002,9274.7998,9274.7998,24788000,yahoo
NIFTYPHARMA,2019-03-13,9298.7002,9318.1504,9070.5996,9100.25,9100.25,21196000,yahoo
NIFTYPHARMA,2019-03-14,9102.0996,9209.2002,9077.3496,9184.9004,9184.9004,20140000,yahoo
NIFTYPHARMA,2019-03-15,9203.9502,9256.25,9178.5996,9221.75,9221.75,22485000,yahoo
NIFTYPHARMA,2019-03-18,9224.0498,9240.9004,9133.7998,9204.9502,9204.9502,15522000,yahoo
NIFTYPHARMA,2019-03-19,9230.7002,9312.2002,9216.2998,9244.5996,9244.5996,15987000,yahoo
NIFTYPHARMA,2019-03-20,9259.2998,9300.7998,9231.6504,9264.5,9264.5,12715000,yahoo
NIFTYPHARMA,2019-03-22,9298.5,9338.2998,9188.0996,9199.3496,9199.3496,14419000,yahoo
NIFTYPHARMA,2019-03-25,9159.9502,9181.7998,9081.5498,9170.1504,9170.1504,14738000,yahoo
NIFTYPHARMA,2019-03-26,9210.5996,9259.7002,9164.4004,9245,9245,13186000,yahoo
NIFTYPHARMA,2019-03-27,9267.4004,9322.0498,9120.2998,9148.7998,9148.7998,14889000,yahoo
NIFTYPHARMA,2019-03-28,9172.2002,9235.25,9126.9004,9199.4004,9199.4004,26760000,yahoo
NIFTYPHARMA,2019-04-01,9367.5996,9416.9502,9353.6504,9375.4004,9375.4004,18363000,yahoo
NIFTYPHARMA,2019-04-02,9419.25,9425.9502,9272.4004,9296.9502,9296.9502,12633000,yahoo
NIFTYPHARMA,2019-04-03,9312.25,9341.25,9163.5,9180.2998,9180.2998,14753000,yahoo
NIFTYPHARMA,2019-04-04,9193.2998,9278.7002,9181.6504,9263.4004,9263.4004,15405000,yahoo
NIFTYPHARMA,2019-04-05,9314.2998,9332.0996,9259.4502,9271.5498,9271.5498,17343000,yahoo
NIFTYPHARMA,2019-04-08,9292.0996,9329.4004,9219,9243.9004,9243.9004,11970000,yahoo
NIFTYPHARMA,2019-04-09,9231.9502,9349.8496,9207.4502,9333.2998,9333.2998,13960000,yahoo
NIFTYPHARMA,2019-04-10,9308.2002,9520.2998,9305.5,9407.9004,9407.9004,19982000,yahoo
NIFTYPHARMA,2019-04-11,9386.75,9422,9355.9004,9391.1504,9391.1504,13254000,yahoo
NIFTYPHARMA,2019-04-12,9398.25,9448.4502,9383.75,9426.4502,9426.4502,18468000,yahoo
NIFTYPHARMA,2019-04-15,9431.7998,9447.4502,9358.75,9417.75,9417.75,10236000,yahoo
NIFTYPHARMA,2019-04-16,9460.0996,9474.0996,9410.2002,9417.7998,9417.7998,11477000,yahoo
NIFTYPHARMA,2019-04-18,9442.5498,9450.9502,9338.6504,9409.9004,9409.9004,11801000,yahoo
NIFTYPHARMA,2019-04-22,9392.25,9410.6504,9260.9502,9285.4502,9285.4502,8009000,yahoo
NIFTYPHARMA,2019-04-23,9294,9422,9290.5498,9388.7998,9388.7998,17093000,yahoo
NIFTYPHARMA,2019-04-24,9383.4004,9474.5996,9358.3496,9459,9459,12745000,yahoo
NIFTYPHARMA,2019-04-25,9435.4502,9534.5498,9423.5,9442.5498,9442.5498,21485000,yahoo
NIFTYPHARMA,2019-04-26,9493.5996,9578.4004,9440.1504,9461.7002,9461.7002,21921000,yahoo
NIFTYPHARMA,2019-04-30,9468.5996,9471.8496,9307.2002,9402.5,9402.5,21185000,yahoo
NIFTYPHARMA,2019-05-02,9379.1504,9419.7002,9271.8496,9291.2998,9291.2998,17481000,yahoo
NIFTYPHARMA,2019-05-03,9307.3496,9324.2002,9193.0498,9220.4502,9220.4502,15816000,yahoo
NIFTYPHARMA,2019-05-06,9121.3496,9226.8496,9110.9502,9189.75,9189.75,15766000,yahoo
NIFTYPHARMA,2019-05-07,9215.4502,9229.7998,9126.8496,9148.2002,9148.2002,14306000,yahoo
NIFTYPHARMA,2019-05-08,9144.0996,9146.75,8973.4004,9003.3496,9003.3496,16197000,yahoo
NIFTYPHARMA,2019-05-09,8963.5498,9011.5996,8881.5996,8976.9004,8976.9004,16034000,yahoo
NIFTYPHARMA,2019-05-10,8964.7002,9012.75,8914.9502,8944.5996,8944.5996,12716000,yahoo
NIFTYPHARMA,2019-05-13,8904.7998,8906.4004,8244.6504,8553.5,8553.5,36660000,yahoo
NIFTYPHARMA,2019-05-14,8573.6504,8762.2002,8516.0996,8683.9004,8683.9004,30903000,yahoo
NIFTYPHARMA,2019-05-15,8690.7002,8756.5498,8562.75,8595.75,8595.75,22504000,yahoo
NIFTYPHARMA,2019-05-16,8592.0996,8606.7998,8293.0498,8577.3496,8577.3496,53500000,yahoo
NIFTYPHARMA,2019-05-17,8540.9004,8542.7002,8387.9004,8448.9502,8448.9502,32723000,yahoo
NIFTYPHARMA,2019-05-20,8640,8675.2998,8415.25,8505.9502,8505.9502,23975000,yahoo
NIFTYPHARMA,2019-05-21,8517,8725.7998,8471.5996,8488.25,8488.25,26575000,yahoo
NIFTYPHARMA,2019-05-22,8498.0498,8584.9502,8413.2998,8510.8496,8510.8496,24917000,yahoo
NIFTYPHARMA,2019-05-23,8613.2998,8626.0996,8472.2002,8497.5996,8497.5996,25849000,yahoo
NIFTYPHARMA,2019-05-24,8529.4004,8620.2002,8515.6504,8608.4502,8608.4502,15482000,yahoo
NIFTYPHARMA,2019-05-27,8593.7998,8607.4502,8493.4502,8525,8525,20507000,yahoo
NIFTYPHARMA,2019-05-28,8552.3496,8599.1504,8492.4004,8513.8496,8513.8496,46666000,yahoo
NIFTYPHARMA,2019-05-29,8554.5,8567.0498,8431.5996,8484.6504,8484.6504,53112000,yahoo
NIFTYPHARMA,2019-05-30,8479.6504,8531.2998,8459.7998,8474.7002,8474.7002,29266000,yahoo
NIFTYPHARMA,2019-05-31,8503.2998,8544.25,8403.5996,8455.0996,8455.0996,21532000,yahoo
NIFTYPHARMA,2019-06-03,8459.8496,8547.3496,8371.9502,8536.5996,8536.5996,19182000,yahoo
NIFTYPHARMA,2019-06-04,8524.7998,8602.0498,8342.8496,8432.9502,8432.9502,16639000,yahoo
NIFTYPHARMA,2019-06-06,8464.3496,8466.5,8262.0996,8279.0996,8279.0996,19430000,yahoo
NIFTYPHARMA,2019-06-07,8274.7002,8289.8496,8096.5498,8179.6001,8179.6001,23026000,yahoo
NIFTYPHARMA,2019-06-10,8215.0498,8265.4004,8185.3999,8246.7002,8246.7002,16512000,yahoo
NIFTYPHARMA,2019-06-11,8237.8496,8277.2998,8114.5,8243.5,8243.5,31241000,yahoo
NIFTYPHARMA,2019-06-12,8243.9004,8262.5996,8137.2998,8179.1499,8179.1499,21120000,yahoo
NIFTYPHARMA,2019-06-13,8163.4502,8193.7002,8062.5498,8148.5498,8148.5498,16851000,yahoo
NIFTYPHARMA,2019-06-14,8138.0498,8142.9502,7954.6001,8083.5498,8083.5498,26955000,yahoo
NIFTYPHARMA,2019-06-17,8098.2998,8131.2002,7962.5,7975.25,7975.25,17733000,yahoo
NIFTYPHARMA,2019-06-18,7980.1499,8032.3501,7878.7998,7916.9502,7916.9502,17433000,yahoo
NIFTYPHARMA,2019-06-19,7943.4502,7958.1001,7753.75,7790.5,7790.5,22718000,yahoo
NIFTYPHARMA,2019-06-20,7758.7998,8043.2998,7737,8029,8029,21698000,yahoo
NIFTYPHARMA,2019-06-21,8011.5,8033.2998,7895.1001,7911.5498,7911.5498,26019000,yahoo
NIFTYPHARMA,2019-06-24,7921.5498,7935.75,7867.7998,7902,7902,26137000,yahoo
NIFTYPHARMA,2019-06-25,7889.2998,7961.5498,7847.1001,7947.2002,7947.2002,24324000,yahoo
NIFTYPHARMA,2019-06-26,7927.5,8121.25,7915,8086.2998,8086.2998,28569000,yahoo
NIFTYPHARMA,2019-06-27,8080.1499,8140.9502,8018.25,8088,8088,23371000,yahoo
NIFTYPHARMA,2019-06-28,8116.7998,8202.6504,8031.3501,8065.1499,8065.1499,22235000,yahoo
NIFTYPHARMA,2019-07-01,8085.3999,8192.4502,8085.3501,8178.7998,8178.7998,12208000,yahoo
NIFTYPHARMA,2019-07-02,8185.3999,8198.2998,8068,8101.6499,8101.6499,14259000,yahoo
NIFTYPHARMA,2019-07-03,8120.75,8120.75,8032.25,8092.2002,8092.2002,16080000,yahoo
NIFTYPHARMA,2019-07-04,8099.4502,8138.8999,8035.1499,8046.7998,8046.7998,16011000,yahoo
NIFTYPHARMA,2019-07-05,8058.6499,8082.7002,7911.2002,7926.5,7926.5,16991000,yahoo
NIFTYPHARMA,2019-07-08,7862.7998,7922,7791.1001,7801.75,7801.75,19677000,yahoo
NIFTYPHARMA,2019-07-09,7810.1499,8053.4502,7795.25,8012.0498,8012.0498,28912000,yahoo
NIFTYPHARMA,2019-07-10,8011.7998,8060.7002,7963.25,8009.5,8009.5,20169000,yahoo
NIFTYPHARMA,2019-07-11,8068.2998,8152.8999,8049.7002,8110.0498,8110.0498,23320000,yahoo
NIFTYPHARMA,2019-07-12,8132.3999,8189,8083.8999,8144.2998,8144.2998,25154000,yahoo
NIFTYPHARMA,2019-07-15,8198.75,8276.5498,8151.75,8231.8496,8231.8496,30224000,yahoo
NIFTYPHARMA,2019-07-16,8227.3496,8360.1504,8194.9004,8347.9502,8347.9502,23479000,yahoo
NIFTYPHARMA,2019-07-17,8351.9502,8363.75,8288.5,8330.75,8330.75,19418000,yahoo
NIFTYPHARMA,2019-07-18,8328,8329.9502,8207.2002,8223.1504,8223.1504,16074000,yahoo
NIFTYPHARMA,2019-07-19,8253.75,8288,8029.9502,8040.1001,8040.1001,31688000,yahoo
NIFTYPHARMA,2019-07-22,8028.5,8189.2002,7976.0498,8120.8501,8120.8501,24478000,yahoo
NIFTYPHARMA,2019-07-23,8142.0498,8165.0498,8043.25,8063.6499,8063.6499,18083000,yahoo
NIFTYPHARMA,2019-07-24,8057.1499,8071.25,7890.2002,7920.6499,7920.6499,16878000,yahoo
NIFTYPHARMA,2019-07-25,7942.5,8116.6001,7931.3999,8094.3501,8094.3501,26922000,yahoo
NIFTYPHARMA,2019-07-26,8113.3999,8210.0996,8050.0498,8178.8999,8178.8999,23004000,yahoo
NIFTYPHARMA,2019-07-29,8177.1499,8184,7994.1499,8039.7998,8039.7998,17180000,yahoo
NIFTYPHARMA,2019-07-30,8039.4502,8205.25,7853.6001,7877.75,7877.75,29028000,yahoo
NIFTYPHARMA,2019-07-31,7857.6001,7999.6001,7801.8501,7987.5,7987.5,23028000,yahoo
NIFTYPHARMA,2019-08-01,7945.0498,7963.1499,7790.1001,7878.75,7878.75,16885000,yahoo
NIFTYPHARMA,2019-08-02,7841.9502,7963.9502,7781.8501,7868.2002,7868.2002,19838000,yahoo
NIFTYPHARMA,2019-08-05,7819.8999,7881.8501,7735.0498,7807.9502,7807.9502,17966000,yahoo
NIFTYPHARMA,2019-08-06,7790.8999,7905.8999,7783.75,7818.5,7818.5,20752000,yahoo
NIFTYPHARMA,2019-08-07,7833.7002,7959.9502,7823.75,7879.75,7879.75,25438000,yahoo
NIFTYPHARMA,2019-08-08,7919.1001,7994.1001,7854.2002,7964.7998,7964.7998,33151000,yahoo
NIFTYPHARMA,2019-08-09,8014.9502,8049.1001,7896.3999,7924.0498,7924.0498,23404000,yahoo
NIFTYPHARMA,2019-08-13,7909.2998,7984.8501,7789.1499,7851.9502,7851.9502,32145000,yahoo
NIFTYPHARMA,2019-08-14,7859.1001,7866.2002,7550.5498,7744.2998,7744.2998,36683000,yahoo
NIFTYPHARMA,2019-08-16,7738.3501,7756.6001,7636.2002,7684.2998,7684.2998,24315000,yahoo
NIFTYPHARMA,2019-08-19,7770.2998,7851.1499,7727.5498,7741.3501,7741.3501,27026000,yahoo
NIFTYPHARMA,2019-08-20,7764.8501,7772.1001,7676.4502,7749.7002,7749.7002,24849000,yahoo
NIFTYPHARMA,2019-08-21,7732.9502,7765,7660.6499,7677.25,7677.25,21929000,yahoo
NIFTYPHARMA,2019-08-22,7667.7998,7746.3501,7630.2002,7670.8501,7670.8501,21415000,yahoo
NIFTYPHARMA,2019-08-23,7669,7793,7554.7002,7780.5498,7780.5498,19976000,yahoo
NIFTYPHARMA,2019-08-26,7834.9502,7858,7690.75,7824.2998,7824.2998,20960000,yahoo
NIFTYPHARMA,2019-08-27,7869.25,7896.2998,7804.2002,7812.1001,7812.1001,23417000,yahoo
NIFTYPHARMA,2019-08-28,7824.5,7897.1001,7701.3501,7738.6499,7738.6499,17741000,yahoo
NIFTYPHARMA,2019-08-29,7802,7933.4502,7742.1499,7912.5,7912.5,33595000,yahoo
NIFTYPHARMA,2019-08-30,7916.2998,8112.5498,7875.8501,8072.0498,8072.0498,26149000,yahoo
NIFTYPHARMA,2019-09-03,8032.8999,8104.7002,7939.7002,7976.4502,7976.4502,23724000,yahoo
NIFTYPHARMA,2019-09-04,7931.6001,7985,7768,7967.6499,7967.6499,48471000,yahoo
NIFTYPHARMA,2019-09-05,7998.9502,8086.5498,7969.1001,8071.75,8071.75,21299000,yahoo
NIFTYPHARMA,2019-09-06,8028.5,8084.6499,7966.2002,8068.75,8068.75,26419000,yahoo
NIFTYPHARMA,2019-09-09,8067.3999,8130.8999,8047.5,8077.8999,8077.8999,15735000,yahoo
NIFTYPHARMA,2019-09-11,8107.6499,8157.8501,8053.1001,8082.8999,8082.8999,19803000,yahoo
NIFTYPHARMA,2019-09-12,8113.25,8168.5,8040.25,8102.1499,8102.1499,21037000,yahoo
NIFTYPHARMA,2019-09-13,8141.3999,8141.7002,7974.6499,8033.0498,8033.0498,20151000,yahoo
NIFTYPHARMA,2019-09-16,8005.2998,8119.3999,7978.1499,8070.6499,8070.6499,17790000,yahoo
NIFTYPHARMA,2019-09-17,8082.0498,8106,7919.2002,7933.8501,7933.8501,14025000,yahoo
NIFTYPHARMA,2019-09-18,7973.9502,7984.0498,7882.5498,7923.4502,7923.4502,13304000,yahoo
NIFTYPHARMA,2019-09-19,7922.3999,7938.75,7777.75,7799.6001,7799.6001,14945000,yahoo
NIFTYPHARMA,2019-09-20,7839.5498,8018.3999,7745.5498,7983.5498,7983.5498,31980000,yahoo
NIFTYPHARMA,2019-09-23,8063.1001,8073.7002,7802.2998,7857.25,7857.25,21305000,yahoo
NIFTYPHARMA,2019-09-24,7831,7976.1499,7773.8501,7891.9502,7891.9502,19666000,yahoo
NIFTYPHARMA,2019-09-25,7860.8999,7887.5,7759.75,7789.7002,7789.7002,19505000,yahoo
NIFTYPHARMA,2019-09-26,7818.7002,7871.1499,7788.6001,7857.2998,7857.2998,19792000,yahoo
NIFTYPHARMA,2019-09-27,7837.25,7842.9502,7683.25,7695.2998,7695.2998,21665000,yahoo
NIFTYPHARMA,2019-09-30,7688.1499,7692.9502,7509.1001,7547.75,7547.75,27825000,yahoo
NIFTYPHARMA,2019-10-01,7552.3501,7601.3999,7388.6001,7466.4502,7466.4502,23157000,yahoo
NIFTYPHARMA,2019-10-03,7418.7998,7497.2998,7323.2998,7461.75,7461.75,22005000,yahoo
NIFTYPHARMA,2019-10-04,7490.1001,7525.1499,7383.0498,7396.8999,7396.8999,19851000,yahoo
NIFTYPHARMA,2019-10-07,7396.7998,7414.1499,7126.5498,7148.9502,7148.9502,50426000,yahoo
NIFTYPHARMA,2019-10-09,7154.7002,7256.1001,7047.1001,7235.6001,7235.6001,40573000,yahoo
NIFTYPHARMA,2019-10-10,7200.25,7272.7998,7130.5,7235.6001,7235.6001,32159000,yahoo
NIFTYPHARMA,2019-10-11,7256.6001,7292.7002,7115.6499,7278.4502,7278.4502,48444000,yahoo
NIFTYPHARMA,2019-10-14,7296.0498,7411.7998,7281.8501,7361.7002,7361.7002,31877000,yahoo
NIFTYPHARMA,2019-10-15,7371.75,7434.0498,7349.25,7420.6499,7420.6499,22620000,yahoo
NIFTYPHARMA,2019-10-16,7448.0498,7486,7387.8999,7475.3501,7475.3501,20011000,yahoo
NIFTYPHARMA,2019-10-17,7480.1499,7545.3501,7428.6499,7533.4502,7533.4502,15309000,yahoo
NIFTYPHARMA,2019-10-18,7530.6499,7651.9502,7500.5,7608.1499,7608.1499,21564000,yahoo
NIFTYPHARMA,2019-10-22,7607.9502,7799.3999,7597.7002,7746.1499,7746.1499,19172000,yahoo
NIFTYPHARMA,2019-10-23,7760.6499,7785.7998,7711.9502,7761.8501,7761.8501,17734000,yahoo
NIFTYPHARMA,2019-10-24,7770.2998,7800.25,7652.5,7728.1499,7728.1499,23128000,yahoo
NIFTYPHARMA,2019-10-25,7719.4502,7757.1001,7591.7002,7736.5498,7736.5498,30871000,yahoo
NIFTYPHARMA,2019-10-29,7745.6001,7852.2998,7722.25,7824.6001,7824.6001,18519000,yahoo
NIFTYPHARMA,2019-10-30,7871.3999,7871.3999,7771.75,7819.3501,7819.3501,17770000,yahoo
NIFTYPHARMA,2019-10-31,7840.6499,7923.5,7829.5498,7878.1499,7878.1499,23957000,yahoo
NIFTYPHARMA,2019-11-01,7902.75,7979.5498,7894.2002,7949.4502,7949.4502,23683000,yahoo
NIFTYPHARMA,2019-11-04,7983.6001,8030.1499,7925.25,7966.8501,7966.8501,32032000,yahoo
NIFTYPHARMA,2019-11-05,7960.3501,8003.8501,7847.8501,7879.5498,7879.5498,26308000,yahoo
NIFTYPHARMA,2019-11-06,7877,8061.9502,7861.6499,7926.3501,7926.3501,56678000,yahoo
NIFTYPHARMA,2019-11-07,7942.2998,7982,7871,7966,7966,43837000,yahoo
NIFTYPHARMA,2019-11-08,7955.5498,7958.1499,7771,7787.3999,7787.3999,29443000,yahoo
NIFTYPHARMA,2019-11-11,7728.5498,7807.6001,7675,7784.8999,7784.8999,26513000,yahoo
NIFTYPHARMA,2019-11-13,7795.2998,7853,7642,7660.4502,7660.4502,30300000,yahoo
NIFTYPHARMA,2019-11-14,7634.3999,7655.6001,7553.0498,7591.4502,7591.4502,38600000,yahoo
NIFTYPHARMA,2019-11-15,7620.4502,7769.2998,7554.5,7720.6001,7720.6001,45815000,yahoo
NIFTYPHARMA,2019-11-18,7757.9502,7881.0498,7750.9502,7816.5498,7816.5498,63329000,yahoo
NIFTYPHARMA,2019-11-19,7839.6499,7881.8999,7823.75,7851.4502,7851.4502,39897000,yahoo
NIFTYPHARMA,2019-11-20,7866,8187.1001,7843.6499,8107.6001,8107.6001,53414000,yahoo
NIFTYPHARMA,2019-11-21,8107.7998,8153,8058.4502,8068.9502,8068.9502,31476000,yahoo
NIFTYPHARMA,2019-11-22,8076.7002,8162.1001,7995.0498,8067.2002,8067.2002,35670000,yahoo
NIFTYPHARMA,2019-11-25,8072.1499,8226.7998,8047.7998,8211.5498,8211.5498,25645000,yahoo
NIFTYPHARMA,2019-11-26,8242.7998,8298.4004,8132.25,8177.8501,8177.8501,56365000,yahoo
NIFTYPHARMA,2019-11-27,8178.25,8267.6504,8165.2002,8246.0996,8246.0996,40465000,yahoo
NIFTYPHARMA,2019-11-28,8247.0996,8288.5498,8216.75,8273.6504,8273.6504,25051000,yahoo
NIFTYPHARMA,2019-11-29,8286.25,8320.25,8159.2002,8189.9502,8189.9502,22403000,yahoo
NIFTYPHARMA,2019-12-02,8195.4502,8198.9502,8056.2002,8128.9502,8128.9502,26353000,yahoo
NIFTYPHARMA,2019-12-03,8167.6001,8172.2998,8027.0498,8044.8501,8044.8501,31300000,yahoo
NIFTYPHARMA,2019-12-04,8032,8132.0498,8021.7998,8121.5,8121.5,22104000,yahoo
NIFTYPHARMA,2019-12-05,8104.3501,8115.25,8030.1499,8051.8501,8051.8501,15365000,yahoo
NIFTYPHARMA,2019-12-06,8091.2002,8152.25,7942,7957.5498,7957.5498,24282000,yahoo
NIFTYPHARMA,2019-12-09,7987.5,8043.5498,7936.7002,7960.3501,7960.3501,18393000,yahoo
NIFTYPHARMA,2019-12-10,7983.75,8016.9502,7926,7940.5,7940.5,21226000,yahoo
NIFTYPHARMA,2019-12-11,7958.3999,7980.8999,7909.8999,7967.8501,7967.8501,20289000,yahoo
NIFTYPHARMA,2019-12-12,7991.1499,8073.6001,7973.8501,8045.3501,8045.3501,19790000,yahoo
NIFTYPHARMA,2019-12-13,8050.6001,8066,7947.7998,8045.0498,8045.0498,18163000,yahoo
NIFTYPHARMA,2019-12-16,8017.9502,8091.2998,7990.1001,8025.8501,8025.8501,27290000,yahoo
NIFTYPHARMA,2019-12-17,8037.3501,8068.2002,7973.7002,7999.6001,7999.6001,22362000,yahoo
NIFTYPHARMA,2019-12-18,8013.4502,8100.3999,7988.2002,8091.1001,8091.1001,18622000,yahoo
NIFTYPHARMA,2019-12-19,8087.5,8128,8024.6499,8073.0498,8073.0498,22405000,yahoo
NIFTYPHARMA,2019-12-20,8059.6001,8090.1499,8038.7998,8049.4502,8049.4502,21052000,yahoo
NIFTYPHARMA,2019-12-23,8043.0498,8096,8020.7998,8051.5,8051.5,16008000,yahoo
NIFTYPHARMA,2019-12-24,8060.3999,8083.25,8020.8501,8073.7998,8073.7998,15425000,yahoo
NIFTYPHARMA,2019-12-26,8079.6499,8097.75,7985.75,7997.6001,7997.6001,15458000,yahoo
NIFTYPHARMA,2019-12-27,8013.75,8075.5498,8010.3501,8068.0498,8068.0498,12047000,yahoo
NIFTYPHARMA,2019-12-30,8086.5498,8125.0498,8071.25,8083.1001,8083.1001,12685000,yahoo
NIFTYPHARMA,2019-12-31,8082.2002,8121.4502,8028.5498,8040.1499,8040.1499,12246000,yahoo
NIKKEI,2019-01-04,19655.1309,19692.5801,19241.3691,19561.9609,19561.9609,91600000,yahoo
NIKKEI,2019-01-07,19944.6094,20266.2207,19920.8008,20038.9707,20038.9707,81500000,yahoo
NIKKEI,2019-01-08,20224.6699,20347.9199,20106.3594,20204.0391,20204.0391,86400000,yahoo
NIKKEI,2019-01-09,20366.3008,20494.3496,20331.1992,20427.0605,20427.0605,72800000,yahoo
NIKKEI,2019-01-10,20270.8809,20345.9199,20101.9297,20163.8008,20163.8008,73700000,yahoo
NIKKEI,2019-01-11,20296.4492,20389.8906,20294.7402,20359.6992,20359.6992,77700000,yahoo
NIKKEI,2019-01-15,20264.8203,20571.2793,20204.4297,20555.2891,20555.2891,78300000,yahoo
NIKKEI,2019-01-16,20575.7207,20580.25,20323.3203,20442.75,20442.75,69500000,yahoo
NIKKEI,2019-01-17,20544.2305,20571.75,20342.4609,20402.2695,20402.2695,63600000,yahoo
NIKKEI,2019-01-18,20472.8105,20682.1191,20454.1309,20666.0703,20666.0703,64700000,yahoo
NIKKEI,2019-01-21,20848.3809,20892.6797,20678.2598,20719.3301,20719.3301,61200000,yahoo
NIKKEI,2019-01-22,20770.0605,20805.9297,20558.3008,20622.9102,20622.9102,57100000,yahoo
NIKKEI,2019-01-23,20453.4395,20686.2891,20438.2207,20593.7207,20593.7207,0,yahoo
NIKKEI,2019-01-24,20506.2402,20620.7207,20467.5898,20574.6309,20574.6309,61400000,yahoo
NIKKEI,2019-01-25,20598.6406,20844.3105,20598.6406,20773.5605,20773.5605,68400000,yahoo
NIKKEI,2019-01-28,20746.2891,20759.4805,20624.5508,20649,20649,56800000,yahoo
NIKKEI,2019-01-29,20555.4395,20673.6602,20406.2207,20664.6406,20664.6406,63100000,yahoo
NIKKEI,2019-01-30,20701.6191,20706.2695,20527.5293,20556.5391,20556.5391,72100000,yahoo
NIKKEI,2019-01-31,20832.9102,20869.4199,20682.9102,20773.4902,20773.4902,75700000,yahoo
NIKKEI,2019-02-01,20797.0293,20929.6309,20741.9805,20788.3906,20788.3906,82200000,yahoo
NIKKEI,2019-02-04,20831.9004,20922.5801,20823.6797,20883.7695,20883.7695,66600000,yahoo
NIKKEI,2019-02-05,20960.4707,20981.2305,20823.1797,20844.4492,20844.4492,65500000,yahoo
NIKKEI,2019-02-06,20928.8691,20971.6602,20860.9902,20874.0605,20874.0605,68900000,yahoo
NIKKEI,2019-02-07,20812.2207,20844.7695,20665.5098,20751.2793,20751.2793,70600000,yahoo
NIKKEI,2019-02-08,20510.5,20562.3906,20315.3105,20333.1699,20333.1699,86200000,yahoo
NIKKEI,2019-02-12,20442.5508,20885.8809,20428.5703,20864.2109,20864.2109,84100000,yahoo
NIKKEI,2019-02-13,21029.9297,21213.7402,20992.8809,21144.4805,21144.4805,78600000,yahoo
NIKKEI,2019-02-14,21147.8906,21235.6191,21102.1602,21139.7109,21139.7109,64500000,yahoo
NIKKEI,2019-02-15,21051.5098,21051.5098,20853.3301,20900.6309,20900.6309,65600000,yahoo
NIKKEI,2019-02-18,21217.3203,21306.3594,21189.9707,21281.8496,21281.8496,61800000,yahoo
NIKKEI,2019-02-19,21256.5801,21344.1699,21217.1602,21302.6504,21302.6504,53600000,yahoo
NIKKEI,2019-02-20,21346.0391,21494.8496,21315.3906,21431.4902,21431.4902,59700000,yahoo
NIKKEI,2019-02-21,21422.3105,21553.3496,21318.7402,21464.2305,21464.2305,68400000,yahoo
NIKKEI,2019-02-22,21376.3594,21451.2305,21348.6699,21425.5098,21425.5098,52400000,yahoo
NIKKEI,2019-02-25,21567.6602,21590.0293,21505.0703,21528.2305,21528.2305,51800000,yahoo
NIKKEI,2019-02-26,21556.0195,21610.8809,21405.8398,21449.3906,21449.3906,56400000,yahoo
NIKKEI,2019-02-27,21504.6094,21578.8105,21492.6504,21556.5098,21556.5098,67700000,yahoo
NIKKEI,2019-02-28,21536.5508,21536.5508,21364.0898,21385.1602,21385.1602,71500000,yahoo
NIKKEI,2019-03-01,21490.0195,21641.5801,21490.0195,21602.6895,21602.6895,62600000,yahoo
NIKKEI,2019-03-04,21812.8105,21860.3906,21740.9199,21822.0391,21822.0391,59100000,yahoo
NIKKEI,2019-03-05,21712.8008,21798.3809,21659.0391,21726.2793,21726.2793,59200000,yahoo
NIKKEI,2019-03-06,21659.0293,21684.5996,21550.4492,21596.8105,21596.8105,57100000,yahoo
NIKKEI,2019-03-07,21456.8809,21472.1602,21402.1191,21456.0098,21456.0098,75200000,yahoo
NIKKEI,2019-03-08,21339.1699,21359.3203,20993.0703,21025.5605,21025.5605,99800000,yahoo
NIKKEI,2019-03-11,21062.75,21145.9395,20938,21125.0898,21125.0898,55600000,yahoo
NIKKEI,2019-03-12,21361.6094,21568.4805,21348.8105,21503.6895,21503.6895,67800000,yahoo
NIKKEI,2019-03-13,21425.7695,21474.1699,21198.9902,21290.2402,21290.2402,66200000,yahoo
NIKKEI,2019-03-14,21474.5801,21522.75,21287.0195,21287.0195,21287.0195,64100000,yahoo
NIKKEI,2019-03-15,21376.7305,21521.6797,21374.8496,21450.8496,21450.8496,83200000,yahoo
NIKKEI,2019-03-18,21576.3594,21612.6699,21500.3203,21584.5,21584.5,55200000,yahoo
NIKKEI,2019-03-19,21558.4297,21585.5508,21425.7891,21566.8496,21566.8496,59900000,yahoo
NIKKEI,2019-03-20,21548.6504,21614.1699,21499.1602,21608.9199,21608.9199,65300000,yahoo
NIKKEI,2019-03-22,21713.2598,21713.2598,21542.0293,21627.3398,21627.3398,78900000,yahoo
NIKKEI,2019-03-25,21267.4102,21275.4297,20911.5703,20977.1094,20977.1094,77700000,yahoo
NIKKEI,2019-03-26,21174.3398,21460.9902,21174.3398,21428.3906,21428.3906,101300000,yahoo
NIKKEI,2019-03-27,21353.6094,21388.5898,21242.5195,21378.7305,21378.7305,76000000,yahoo
NIKKEI,2019-03-28,21191.3203,21191.3203,20974.1895,21033.7598,21033.7598,71100000,yahoo
NIKKEI,2019-03-29,21228.5098,21267.25,21149.4199,21205.8105,21205.8105,61600000,yahoo
NIKKEI,2019-04-01,21500.8906,21682.9395,21471.1191,21509.0293,21509.0293,77400000,yahoo
NIKKEI,2019-04-02,21744.6406,21744.6406,21490.5605,21505.3105,21505.3105,71000000,yahoo
NIKKEI,2019-04-03,21563.6406,21722.7207,21489.9492,21713.2109,21713.2109,68500000,yahoo
NIKKEI,2019-04-04,21724.6895,21787.5996,21662.9004,21724.9492,21724.9492,57900000,yahoo
NIKKEI,2019-04-05,21743.1406,21839.1797,21731.3398,21807.5,21807.5,58500000,yahoo
NIKKEI,2019-04-08,21900.5508,21900.5508,21740.5293,21761.6504,21761.6504,54600000,yahoo
NIKKEI,2019-04-09,21750.2891,21811.8809,21698.4199,21802.5898,21802.5898,54300000,yahoo
NIKKEI,2019-04-10,21579.6797,21687.5703,21571.6699,21687.5703,21687.5703,58700000,yahoo
NIKKEI,2019-04-11,21662.6504,21721.4199,21627.8691,21711.3809,21711.3809,61200000,yahoo
NIKKEI,2019-04-12,21782.3496,21878.7793,21698.7109,21870.5605,21870.5605,61600000,yahoo
NIKKEI,2019-04-15,22122.9707,22211.0293,22102.9297,22169.1094,22169.1094,66100000,yahoo
NIKKEI,2019-04-16,22108.1504,22261.3301,22095.3203,22221.6602,22221.6602,57300000,yahoo
NIKKEI,2019-04-17,22236.4102,22345.1895,22185.8691,22277.9707,22277.9707,75400000,yahoo
NIKKEI,2019-04-18,22274.1309,22305.6309,22058.3906,22090.1191,22090.1191,67300000,yahoo
NIKKEI,2019-04-19,22238.0703,22250.3691,22162.2305,22200.5605,22200.5605,0,yahoo
NIKKEI,2019-04-22,22188.6191,22280.1895,22099.3809,22217.9004,22217.9004,42900000,yahoo
NIKKEI,2019-04-23,22241.7402,22268.3691,22119.9395,22259.7402,22259.7402,52000000,yahoo
NIKKEI,2019-04-24,22356.8301,22362.9199,22125.4805,22200,22200,67900000,yahoo
NIKKEI,2019-04-25,22183.3203,22334.6895,22155.2305,22307.5801,22307.5801,63300000,yahoo
NIKKEI,2019-04-26,22167.4805,22270.2891,22073.0996,22258.7305,22258.7305,71900000,yahoo
NIKKEI,2019-05-07,22184.4004,22190.4902,21875.1094,21923.7207,21923.7207,90700000,yahoo
NIKKEI,2019-05-08,21628.0391,21639.1191,21514.8496,21602.5898,21602.5898,85700000,yahoo
NIKKEI,2019-05-09,21492.9102,21559.7598,21315.0703,21402.1309,21402.1309,96900000,yahoo
NIKKEI,2019-05-10,21431.8105,21584.0898,21175.3301,21344.9199,21344.9199,98500000,yahoo
NIKKEI,2019-05-13,21180.7402,21277.6602,21127.9297,21191.2793,21191.2793,74500000,yahoo
NIKKEI,2019-05-14,20870.7695,21077.4805,20751.4492,21067.2305,21067.2305,90200000,yahoo
NIKKEI,2019-05-15,21112.8496,21191.5293,20968.0801,21188.5605,21188.5605,84100000,yahoo
NIKKEI,2019-05-16,21153.1992,21153.1992,20951.6699,21062.9805,21062.9805,82500000,yahoo
NIKKEI,2019-05-17,21246.8594,21398.8496,21199.9805,21250.0898,21250.0898,75800000,yahoo
NIKKEI,2019-05-20,21305.9707,21430.0605,21282.6504,21301.7305,21301.7305,65100000,yahoo
NIKKEI,2019-05-21,21211.2598,21318.8008,21160.4297,21272.4492,21272.4492,70100000,yahoo
NIKKEI,2019-05-22,21373.5195,21404.5391,21266.9805,21283.3691,21283.3691,64500000,yahoo
NIKKEI,2019-05-23,21180.2402,21209.5605,21072.7207,21151.1406,21151.1406,63900000,yahoo
NIKKEI,2019-05-24,20980.7891,21117.2207,20922,21117.2207,21117.2207,67700000,yahoo
NIKKEI,2019-05-27,21148.4609,21232.3809,21113.7598,21182.5801,21182.5801,41600000,yahoo
NIKKEI,2019-05-28,21187.1699,21297.6992,21177.2695,21260.1406,21260.1406,98500000,yahoo
NIKKEI,2019-05-29,21055.4199,21071.7305,20884.6094,21003.3691,21003.3691,70000000,yahoo
NIKKEI,2019-05-30,20881.5,20942.5293,20809.2891,20942.5293,20942.5293,58700000,yahoo
NIKKEI,2019-05-31,20785.2109,20823.0996,20581.5801,20601.1895,20601.1895,79100000,yahoo
NIKKEI,2019-06-03,20327.8691,20438.0293,20305.7402,20410.8809,20410.8809,67400000,yahoo
NIKKEI,2019-06-04,20435.8594,20464.5703,20289.6406,20408.5391,20408.5391,69200000,yahoo
NIKKEI,2019-06-05,20667.8906,20800.6406,20646.1504,20776.0996,20776.0996,72300000,yahoo
NIKKEI,2019-06-06,20745.8398,20842.2793,20745.8398,20774.0391,20774.0391,59600000,yahoo
NIKKEI,2019-06-07,20859.7793,20907.7695,20816.5801,20884.7109,20884.7109,50700000,yahoo
NIKKEI,2019-06-10,21095.4004,21166.1191,21077.9492,21134.4199,21134.4199,58200000,yahoo
NIKKEI,2019-06-11,21099.5391,21227.1797,21066.6191,21204.2793,21204.2793,52100000,yahoo
NIKKEI,2019-06-12,21130.3906,21259.6992,21118.75,21129.7207,21129.7207,56500000,yahoo
NIKKEI,2019-06-13,21040.9102,21111.2305,20932.1309,21032,21032,65700000,yahoo
NIKKEI,2019-06-14,21049.4102,21119.7305,20971.1797,21116.8906,21116.8906,60400000,yahoo
NIKKEI,2019-06-17,21094.9609,21185.25,21044.6191,21124,21124,49100000,yahoo
NIKKEI,2019-06-18,21111.7695,21153.6504,20924.1895,20972.7109,20972.7109,54600000,yahoo
NIKKEI,2019-06-19,21223.1699,21358.7207,21213.4297,21333.8691,21333.8691,64100000,yahoo
NIKKEI,2019-06-20,21417.7402,21491.3906,21377.2695,21462.8594,21462.8594,55700000,yahoo
NIKKEI,2019-06-21,21487.6699,21497.8203,21221.6992,21258.6406,21258.6406,89000000,yahoo
NIKKEI,2019-06-24,21223.5605,21317.8594,21185.6699,21285.9902,21285.9902,43200000,yahoo
NIKKEI,2019-06-25,21238.0703,21313.7695,21114.4707,21193.8105,21193.8105,53900000,yahoo
NIKKEI,2019-06-26,21067.6797,21129.6406,21035.8398,21086.5898,21086.5898,50300000,yahoo
NIKKEI,2019-06-27,21156.8809,21338.1699,21123.9707,21338.1699,21338.1699,61300000,yahoo
NIKKEI,2019-06-28,21282.2207,21324.9297,21199.8496,21275.9199,21275.9199,62100000,yahoo
NIKKEI,2019-07-01,21566.2695,21758.3398,21559.1699,21729.9707,21729.9707,66900000,yahoo
NIKKEI,2019-07-02,21699.4297,21784.2207,21697.3105,21754.2695,21754.2695,54700000,yahoo
NIKKEI,2019-07-03,21684.0703,21708.7207,21566.6504,21638.1602,21638.1602,55000000,yahoo
NIKKEI,2019-07-04,21740.9297,21755.6309,21672.5,21702.4492,21702.4492,37800000,yahoo
NIKKEI,2019-07-05,21703.6094,21746.3809,21647.7305,21746.3809,21746.3809,44800000,yahoo
NIKKEI,2019-07-08,21665.7891,21672.6504,21499.5703,21534.3496,21534.3496,51900000,yahoo
NIKKEI,2019-07-09,21598.1504,21687.2891,21508.2207,21565.1504,21565.1504,53900000,yahoo
NIKKEI,2019-07-10,21499.4609,21601.8594,21488.2207,21533.4805,21533.4805,58900000,yahoo
NIKKEI,2019-07-11,21547.1895,21649.9297,21532.5703,21643.5293,21643.5293,49600000,yahoo
NIKKEI,2019-07-12,21720.1406,21720.1406,21589.8301,21685.9004,21685.9004,45400000,yahoo
NIKKEI,2019-07-16,21644.3809,21655.5195,21514.8906,21535.25,21535.25,49800000,yahoo
NIKKEI,2019-07-17,21474.6309,21488.2695,21380.5508,21469.1797,21469.1797,53300000,yahoo
NIKKEI,2019-07-18,21336.8008,21347.8398,20993.4395,21046.2402,21046.2402,70200000,yahoo
NIKKEI,2019-07-19,21146.5,21474.3008,21121.9004,21466.9902,21466.9902,57900000,yahoo
NIKKEI,2019-07-22,21394.75,21445.0293,21317.8496,21416.7891,21416.7891,46900000,yahoo
NIKKEI,2019-07-23,21425.4395,21686.5293,21411.9297,21620.8809,21620.8809,48100000,yahoo
NIKKEI,2019-07-24,21726.9805,21744.8809,21677.7109,21709.5703,21709.5703,51100000,yahoo
NIKKEI,2019-07-25,21715.9492,21823.0703,21715.6895,21756.5508,21756.5508,46900000,yahoo
NIKKEI,2019-07-26,21700.1992,21709.7402,21590.6602,21658.1504,21658.1504,47600000,yahoo
NIKKEI,2019-07-29,21627.5508,21652.9492,21518.6992,21616.8008,21616.8008,47000000,yahoo
NIKKEI,2019-07-30,21681.8203,21792.9805,21665.8594,21709.3105,21709.3105,54500000,yahoo
NIKKEI,2019-07-31,21526.3809,21589.1094,21476.0703,21521.5293,21521.5293,76500000,yahoo
NIKKEI,2019-08-01,21361.5801,21556.6895,21288.9004,21540.9902,21540.9902,75700000,yahoo
NIKKEI,2019-08-02,21211.0605,21211.0605,20960.0898,21087.1602,21087.1602,91500000,yahoo
NIKKEI,2019-08-05,20909.9805,20941.8301,20514.1895,20720.2891,20720.2891,85800000,yahoo
NIKKEI,2019-08-06,20325.5195,20607.8301,20110.7598,20585.3105,20585.3105,89700000,yahoo
NIKKEI,2019-08-07,20548.0703,20570.1895,20406.5195,20516.5605,20516.5605,73600000,yahoo
NIKKEI,2019-08-08,20529.2891,20682.2402,20462.9805,20593.3496,20593.3496,64800000,yahoo
NIKKEI,2019-08-09,20758.1504,20782.0605,20676.9199,20684.8203,20684.8203,63700000,yahoo
NIKKEI,2019-08-13,20432.6797,20503.3809,20369.2695,20455.4395,20455.4395,72900000,yahoo
NIKKEI,2019-08-14,20669.9902,20697.4199,20581.1699,20655.1309,20655.1309,60900000,yahoo
NIKKEI,2019-08-15,20324.25,20419.8809,20184.8496,20405.6504,20405.6504,68200000,yahoo
NIKKEI,2019-08-16,20323.9707,20465.7109,20300.3496,20418.8105,20418.8105,58400000,yahoo
NIKKEI,2019-08-19,20590.4707,20633.9004,20502.6602,20563.1602,20563.1602,50600000,yahoo
NIKKEI,2019-08-20,20605.3496,20684.0605,20582.0098,20677.2207,20677.2207,50100000,yahoo
NIKKEI,2019-08-21,20489.9707,20626.0508,20482.6191,20618.5703,20618.5703,53000000,yahoo
NIKKEI,2019-08-22,20706.0703,20731.1895,20584.2891,20628.0098,20628.0098,54600000,yahoo
NIKKEI,2019-08-23,20579.9805,20719.3105,20579.9805,20710.9102,20710.9102,50700000,yahoo
NIKKEI,2019-08-26,20325.4395,20329.0098,20173.7598,20261.0391,20261.0391,69900000,yahoo
NIKKEI,2019-08-27,20467.2207,20529.9395,20439.9199,20456.0801,20456.0801,60800000,yahoo
NIKKEI,2019-08-28,20474.3105,20511.2109,20433.3105,20479.4199,20479.4199,51500000,yahoo
NIKKEI,2019-08-29,20500.5,20520.6797,20361.1191,20460.9297,20460.9297,55100000,yahoo
NIKKEI,2019-08-30,20641.4902,20748.3496,20633.3008,20704.3691,20704.3691,72000000,yahoo
NIKKEI,2019-09-02,20625.75,20667.5605,20614.2891,20620.1895,20620.1895,42400000,yahoo
NIKKEI,2019-09-03,20581.5801,20662.2305,20578.0195,20625.1602,20625.1602,0,yahoo
NIKKEI,2019-09-04,20578.6699,20694.3496,20554.1602,20649.1406,20649.1406,51500000,yahoo
NIKKEI,2019-09-05,20800.2891,21164.6094,20787.9297,21085.9395,21085.9395,83000000,yahoo
NIKKEI,2019-09-06,21201.8301,21241.2891,21145.8105,21199.5703,21199.5703,71100000,yahoo
NIKKEI,2019-09-09,21214.5605,21333.5098,21182.2598,21318.4199,21318.4199,57800000,yahoo
NIKKEI,2019-09-10,21363.5703,21438.3496,21350.3496,21392.0996,21392.0996,92400000,yahoo
NIKKEI,2019-09-11,21466.6602,21619.2109,21437.8203,21597.7598,21597.7598,110100000,yahoo
NIKKEI,2019-09-12,21761.0898,21825.9199,21743.9609,21759.6094,21759.6094,96000000,yahoo
NIKKEI,2019-09-13,21907.8301,22019.6602,21820.9395,21988.2891,21988.2891,116300000,yahoo
NIKKEI,2019-09-17,21947.5898,22041.0801,21878.6309,22001.3203,22001.3203,81500000,yahoo
NIKKEI,2019-09-18,22014.6504,22027.8594,21942.0293,21960.7109,21960.7109,69400000,yahoo
NIKKEI,2019-09-19,22064.4609,22255.5605,22003.3008,22044.4492,22044.4492,78200000,yahoo
NIKKEI,2019-09-20,22130.7402,22204.75,22047.9004,22079.0898,22079.0898,85000000,yahoo
NIKKEI,2019-09-24,22095.3496,22168.7402,22077.9395,22098.8398,22098.8398,68400000,yahoo
NIKKEI,2019-09-25,21961.8203,22036.4805,21906,22020.1504,22020.1504,61600000,yahoo
NIKKEI,2019-09-26,22160.5195,22184.9102,21986.2402,22048.2402,22048.2402,81600000,yahoo
NIKKEI,2019-09-27,21934.9297,21955.7891,21733.6895,21878.9004,21878.9004,76400000,yahoo
NIKKEI,2019-09-30,21793.8301,21811.9805,21666.5996,21755.8398,21755.8398,69900000,yahoo
NIKKEI,2019-10-01,21831.4395,21938.7695,21811.9805,21885.2402,21885.2402,62300000,yahoo
NIKKEI,2019-10-02,21744.6191,21795.0098,21725.2305,21778.6094,21778.6094,63300000,yahoo
NIKKEI,2019-10-03,21422.2207,21437.7402,21277.3594,21341.7402,21341.7402,67700000,yahoo
NIKKEI,2019-10-04,21316.1797,21410.1992,21276.0098,21410.1992,21410.1992,57700000,yahoo
NIKKEI,2019-10-07,21445.7305,21475.2793,21328.2598,21375.25,21375.25,47400000,yahoo
NIKKEI,2019-10-08,21494.4805,21629.2402,21483.1797,21587.7793,21587.7793,60800000,yahoo
NIKKEI,2019-10-09,21359.8398,21467.7695,21359.8398,21456.3809,21456.3809,55400000,yahoo
NIKKEI,2019-10-10,21456.2695,21601.4609,21308.8809,21551.9805,21551.9805,59900000,yahoo
NIKKEI,2019-10-11,21749.9297,21820.7695,21658.2695,21798.8691,21798.8691,67400000,yahoo
NIKKEI,2019-10-15,22063.7109,22219.6309,22049.7109,22207.2109,22207.2109,74500000,yahoo
NIKKEI,2019-10-16,22479.5703,22615.4707,22434.3496,22472.9199,22472.9199,78700000,yahoo
NIKKEI,2019-10-17,22451.1504,22522.3906,22424.9199,22451.8594,22451.8594,57800000,yahoo
NIKKEI,2019-10-18,22528.5605,22649.8496,22466.2598,22492.6797,22492.6797,59200000,yahoo
NIKKEI,2019-10-21,22541.2207,22581.2793,22515.7305,22548.9004,22548.9004,48400000,yahoo
NIKKEI,2019-10-23,22619.7695,22648.8105,22457.8906,22625.3809,22625.3809,68000000,yahoo
NIKKEI,2019-10-24,22725.4395,22780.9902,22704.3301,22750.5996,22750.5996,61300000,yahoo
NIKKEI,2019-10-25,22753.2402,22819.9199,22715.1309,22799.8105,22799.8105,57200000,yahoo
NIKKEI,2019-10-28,22854.4395,22896.2207,22830.5703,22867.2695,22867.2695,48100000,yahoo
NIKKEI,2019-10-29,22950.7891,23008.4297,22935.3496,22974.1309,22974.1309,72900000,yahoo
NIKKEI,2019-10-30,22953.1699,22961.2305,22827.9297,22843.1191,22843.1191,101600000,yahoo
NIKKEI,2019-10-31,22910.0996,22988.8008,22875.5,22927.0391,22927.0391,78300000,yahoo
NIKKEI,2019-11-01,22730.4902,22852.7207,22705.5996,22850.7695,22850.7695,65400000,yahoo
NIKKEI,2019-11-05,23118.7891,23328.5195,23090.9395,23251.9902,23251.9902,102100000,yahoo
NIKKEI,2019-11-06,23343.5098,23352.5605,23246.5703,23303.8203,23303.8203,77400000,yahoo
NIKKEI,2019-11-07,23283.1406,23336,23253.3203,23330.3203,23330.3203,70900000,yahoo
NIKKEI,2019-11-08,23550.0391,23591.0898,23313.4102,23391.8691,23391.8691,94600000,yahoo
NIKKEI,2019-11-11,23422.1309,23471.8203,23323.0195,23331.8398,23331.8398,61500000,yahoo
NIKKEI,2019-11-12,23336.3691,23545.6992,23312.25,23520.0098,23520.0098,63000000,yahoo
NIKKEI,2019-11-13,23439.25,23452.6309,23270.9297,23319.8691,23319.8691,63400000,yahoo
NIKKEI,2019-11-14,23325.5,23360.0605,23062.1602,23141.5508,23141.5508,79900000,yahoo
NIKKEI,2019-11-15,23160.5293,23340.7695,23121.5898,23303.3203,23303.3203,72200000,yahoo
NIKKEI,2019-11-18,23304.25,23420.6191,23271.2891,23416.7598,23416.7598,57300000,yahoo
NIKKEI,2019-11-19,23366.3594,23389.5293,23244.9297,23292.6504,23292.6504,64200000,yahoo
NIKKEI,2019-11-20,23176.4902,23303.1699,23086.1191,23148.5703,23148.5703,65700000,yahoo
NIKKEI,2019-11-21,23071.4902,23108.0801,22726.7109,23038.5801,23038.5801,69800000,yahoo
NIKKEI,2019-11-22,23030.3301,23219.5098,23030.3301,23112.8809,23112.8809,55600000,yahoo
NIKKEI,2019-11-25,23292.8496,23347.1797,23255.3906,23292.8105,23292.8105,50300000,yahoo
NIKKEI,2019-11-26,23451.4004,23608.0605,23350.0996,23373.3203,23373.3203,94300000,yahoo
NIKKEI,2019-11-27,23452.8496,23507.8203,23418.2305,23437.7695,23437.7695,52200000,yahoo
NIKKEI,2019-11-28,23458.8809,23482.3203,23367.3301,23409.1406,23409.1406,44800000,yahoo
NIKKEI,2019-11-29,23497.4395,23498.7695,23273.3691,23293.9102,23293.9102,52100000,yahoo
NIKKEI,2019-12-02,23388.6309,23562.0508,23378.4004,23529.5,23529.5,47700000,yahoo
NIKKEI,2019-12-03,23231.1406,23388.1797,23186.8398,23379.8105,23379.8105,58800000,yahoo
NIKKEI,2019-12-04,23186.7402,23203.7695,23044.7793,23135.2305,23135.2305,58100000,yahoo
NIKKEI,2019-12-05,23292.6992,23363.4395,23259.8203,23300.0898,23300.0898,61400000,yahoo
NIKKEI,2019-12-06,23347.6699,23412.4805,23338.4004,23354.4004,23354.4004,54400000,yahoo
NIKKEI,2019-12-09,23544.3105,23544.3105,23360.0098,23430.6992,23430.6992,55800000,yahoo
NIKKEI,2019-12-10,23372.3906,23449.4707,23336.9297,23410.1895,23410.1895,52800000,yahoo
NIKKEI,2019-12-11,23421.1406,23438.4297,23333.6309,23391.8594,23391.8594,61300000,yahoo
NIKKEI,2019-12-12,23449.2793,23468.1504,23360.4297,23424.8105,23424.8105,56300000,yahoo
NIKKEI,2019-12-13,23810.5605,24050.0391,23775.7305,24023.0996,24023.0996,115500000,yahoo
NIKKEI,2019-12-16,23955.1992,24036.3008,23950.0508,23952.3496,23952.3496,53300000,yahoo
NIKKEI,2019-12-17,24091.1191,24091.1191,23996.5098,24066.1191,24066.1191,64000000,yahoo
NIKKEI,2019-12-18,24023.2695,24046.0898,23919.3594,23934.4297,23934.4297,66300000,yahoo
NIKKEI,2019-12-19,23911.4609,23945.5293,23835.2891,23864.8496,23864.8496,55600000,yahoo
NIKKEI,2019-12-20,23893.4492,23908.7695,23746.6309,23816.6309,23816.6309,70300000,yahoo
NIKKEI,2019-12-23,23921.2891,23923.0898,23810.8203,23821.1094,23821.1094,45200000,yahoo
NIKKEI,2019-12-24,23839.1797,23853.5605,23796.3496,23830.5801,23830.5801,37900000,yahoo
NIKKEI,2019-12-25,23813.5898,23824.8496,23782.8691,23782.8691,23782.8691,31600000,yahoo
NIKKEI,2019-12-26,23787.6992,23931.5098,23775.4004,23924.9199,23924.9199,40300000,yahoo
NIKKEI,2019-12-27,23953.75,23967.1797,23837.7207,23837.7207,23837.7207,44800000,yahoo
NIKKEI,2019-12-30,23770.9297,23782.4902,23656.6191,23656.6191,23656.6191,41600000,yahoo
SP500,2019-01-02,2476.96,2519.49,2467.47,2510.03,2510.03,3733160000,yahoo
SP500,2019-01-03,2491.9199,2493.1399,2443.96,2447.8899,2447.8899,3858830000,yahoo
SP500,2019-01-04,2474.3301,2538.0701,2474.3301,2531.9399,2531.9399,4234140000,yahoo
SP500,2019-01-07,2535.6101,2566.1599,2524.5601,2549.6899,2549.6899,4133120000,yahoo
SP500,2019-01-08,2568.1101,2579.8201,2547.5601,2574.4099,2574.4099,4120060000,yahoo
SP500,2019-01-09,2580,2595.3201,2568.8899,2584.96,2584.96,4088740000,yahoo
SP500,2019-01-10,2573.51,2597.8201,2562.02,2596.6399,2596.6399,3721300000,yahoo
SP500,2019-01-11,2588.1101,2596.27,2577.3999,2596.26,2596.26,3447460000,yahoo
SP500,2019-01-14,2580.3101,2589.3201,2570.4099,2582.6101,2582.6101,3689370000,yahoo
SP500,2019-01-15,2585.1001,2613.0801,2585.1001,2610.3,2610.3,3601180000,yahoo
SP500,2019-01-16,2614.75,2625.76,2612.6799,2616.1001,2616.1001,3882180000,yahoo
SP500,2019-01-17,2609.28,2645.0601,2606.3601,2635.96,2635.96,3802410000,yahoo
SP500,2019-01-18,2651.27,2675.47,2647.5801,2670.71,2670.71,4009010000,yahoo
SP500,2019-01-22,2657.8799,2657.8799,2617.27,2632.8999,2632.8999,3923950000,yahoo
SP500,2019-01-23,2643.48,2653.1899,2612.8601,2638.7,2638.7,3358770000,yahoo
SP500,2019-01-24,2638.8401,2647.2,2627.01,2642.3301,2642.3301,3449230000,yahoo
SP500,2019-01-25,2657.4399,2672.3799,2657.3301,2664.76,2664.76,3821000000,yahoo
SP500,2019-01-28,2644.97,2644.97,2624.0601,2643.8501,2643.8501,3630820000,yahoo
SP500,2019-01-29,2644.8899,2650.9299,2631.05,2640,2640,3518070000,yahoo
SP500,2019-01-30,2653.6201,2690.4399,2648.3401,2681.05,2681.05,3883270000,yahoo
SP500,2019-01-31,2685.49,2708.95,2678.6499,2704.1001,2704.1001,4953800000,yahoo
SP500,2019-02-01,2702.3201,2716.6599,2696.8799,2706.53,2706.53,3782490000,yahoo
SP500,2019-02-04,2706.49,2724.99,2698.75,2724.8701,2724.8701,3369450000,yahoo
SP500,2019-02-05,2728.3401,2738.98,2724.03,2737.7,2737.7,3597620000,yahoo
SP500,2019-02-06,2735.05,2738.0801,2724.1499,2731.6101,2731.6101,3486590000,yahoo
SP500,2019-02-07,2717.53,2719.3201,2687.26,2706.05,2706.05,4114040000,yahoo
SP500,2019-02-08,2692.3601,2708.0701,2681.8301,2707.8799,2707.8799,3649510000,yahoo
SP500,2019-02-11,2712.3999,2718.05,2703.79,2709.8,2709.8,3395330000,yahoo
SP500,2019-02-12,2722.6101,2748.1899,2722.6101,2744.73,2744.73,3843020000,yahoo
SP500,2019-02-13,2750.3,2761.8501,2748.6299,2753.03,2753.03,3684910000,yahoo
SP500,2019-02-14,2743.5,2757.8999,2731.23,2745.73,2745.73,3845390000,yahoo
SP500,2019-02-15,2760.24,2775.6599,2760.24,2775.6001,2775.6001,3648680000,yahoo
SP500,2019-02-19,2769.28,2787.3301,2767.29,2779.76,2779.76,3535270000,yahoo
SP500,2019-02-20,2779.05,2789.8799,2774.0601,2784.7,2784.7,3904830000,yahoo
SP500,2019-02-21,2780.24,2781.5801,2764.55,2774.8799,2774.8799,3598260000,yahoo
SP500,2019-02-22,2780.6699,2794.2,2779.1101,2792.6699,2792.6699,3429350000,yahoo
SP500,2019-02-25,2804.3501,2813.49,2794.99,2796.1101,2796.1101,3860260000,yahoo
SP500,2019-02-26,2792.3601,2803.1201,2789.47,2793.8999,2793.8999,3676200000,yahoo
SP500,2019-02-27,2787.5,2795.76,2775.1299,2792.3799,2792.3799,3771790000,yahoo
SP500,2019-02-28,2788.1101,2793.73,2782.51,2784.49,2784.49,4445780000,yahoo
SP500,2019-03-01,2798.22,2808.02,2787.3799,2803.6899,2803.6899,3994950000,yahoo
SP500,2019-03-04,2814.3701,2816.8799,2767.6599,2792.8101,2792.8101,3949730000,yahoo
SP500,2019-03-05,2794.4099,2796.4399,2782.97,2789.6499,2789.6499,3631380000,yahoo
SP500,2019-03-06,2790.27,2790.27,2768.6899,2771.45,2771.45,3800180000,yahoo
SP500,2019-03-07,2766.53,2767.25,2739.0901,2748.9299,2748.9299,3932150000,yahoo
SP500,2019-03-08,2730.79,2744.1299,2722.27,2743.0701,2743.0701,3424300000,yahoo
SP500,2019-03-11,2747.6101,2784,2747.6101,2783.3,2783.3,3764850000,yahoo
SP500,2019-03-12,2787.3401,2798.3201,2786.73,2791.52,2791.52,3432340000,yahoo
SP500,2019-03-13,2799.78,2821.24,2799.78,2810.9199,2810.9199,3782250000,yahoo
SP500,2019-03-14,2810.3799,2815,2803.46,2808.48,2808.48,3505670000,yahoo
SP500,2019-03-15,2810.79,2830.73,2810.79,2822.48,2822.48,5969780000,yahoo
SP500,2019-03-18,2822.6101,2835.4099,2821.99,2832.9399,2832.9399,3620770000,yahoo
SP500,2019-03-19,2840.76,2852.4199,2823.27,2832.5701,2832.5701,3650740000,yahoo
SP500,2019-03-20,2831.3401,2843.54,2812.4299,2824.23,2824.23,3779160000,yahoo
SP500,2019-03-21,2819.72,2860.3101,2817.3799,2854.8799,2854.8799,3612620000,yahoo
SP500,2019-03-22,2844.52,2846.1599,2800.47,2800.71,2800.71,4253730000,yahoo
SP500,2019-03-25,2796.01,2809.79,2785.02,2798.3601,2798.3601,3406110000,yahoo
SP500,2019-03-26,2812.6599,2829.8701,2803.99,2818.46,2818.46,3288570000,yahoo
SP500,2019-03-27,2819.72,2825.5601,2787.72,2805.3701,2805.3701,3422400000,yahoo
SP500,2019-03-28,2809.3999,2819.71,2798.77,2815.4399,2815.4399,3185460000,yahoo
SP500,2019-03-29,2828.27,2836.03,2819.23,2834.3999,2834.3999,3752520000,yahoo
SP500,2019-04-01,2848.6299,2869.3999,2848.6299,2867.1899,2867.1899,3560090000,yahoo
SP500,2019-04-02,2868.24,2872.8999,2858.75,2867.24,2867.24,3267210000,yahoo
SP500,2019-04-03,2876.0901,2885.25,2865.1699,2873.3999,2873.3999,3570000000,yahoo
SP500,2019-04-04,2873.99,2881.28,2867.1399,2879.3899,2879.3899,3038740000,yahoo
SP500,2019-04-05,2884.1599,2893.24,2882.99,2892.74,2892.74,3155970000,yahoo
SP500,2019-04-08,2888.46,2895.95,2880.78,2895.77,2895.77,3056460000,yahoo
SP500,2019-04-09,2886.5801,2886.8799,2873.3301,2878.2,2878.2,3032480000,yahoo
SP500,2019-04-10,2881.3701,2889.71,2879.1299,2888.21,2888.21,3092230000,yahoo
SP500,2019-04-11,2891.9199,2893.4199,2881.99,2888.3201,2888.3201,2970650000,yahoo
SP500,2019-04-12,2900.8601,2910.54,2898.3701,2907.4099,2907.4099,3726050000,yahoo
SP500,2019-04-15,2908.3201,2909.6001,2896.48,2905.5801,2905.5801,3114530000,yahoo
SP500,2019-04-16,2912.26,2916.0601,2900.71,2907.0601,2907.0601,3403120000,yahoo
SP500,2019-04-17,2916.04,2918,2895.45,2900.45,2900.45,3648100000,yahoo
SP500,2019-04-18,2904.8101,2908.3999,2891.8999,2905.03,2905.03,3507100000,yahoo
SP500,2019-04-22,2898.78,2909.51,2896.3501,2907.97,2907.97,3010130000,yahoo
SP500,2019-04-23,2909.99,2936.3101,2908.53,2933.6799,2933.6799,3674480000,yahoo
SP500,2019-04-24,2934,2936.8301,2926.05,2927.25,2927.25,3468480000,yahoo
SP500,2019-04-25,2928.99,2933.1001,2912.8401,2926.1699,2926.1699,3440010000,yahoo
SP500,2019-04-26,2925.8101,2939.8799,2917.5601,2939.8799,2939.8799,3264390000,yahoo
SP500,2019-04-29,2940.5801,2949.52,2939.3501,2943.03,2943.03,3150390000,yahoo
SP500,2019-04-30,2937.1399,2948.22,2924.1101,2945.8301,2945.8301,3939760000,yahoo
SP500,2019-05-01,2952.3301,2954.1299,2923.3601,2923.73,2923.73,3669330000,yahoo
SP500,2019-05-02,2922.1599,2931.6799,2900.5,2917.52,2917.52,3802290000,yahoo
SP500,2019-05-03,2929.21,2947.8501,2929.21,2945.6399,2945.6399,3357180000,yahoo
SP500,2019-05-06,2908.8899,2937.3201,2898.21,2932.47,2932.47,3203260000,yahoo
SP500,2019-05-07,2913.03,2913.03,2862.6001,2884.05,2884.05,3793060000,yahoo
SP500,2019-05-08,2879.6101,2897.96,2873.28,2879.4199,2879.4199,3543110000,yahoo
SP500,2019-05-09,2859.8401,2875.97,2836.3999,2870.72,2870.72,3659050000,yahoo
SP500,2019-05-10,2863.1001,2891.3101,2825.3899,2881.3999,2881.3999,3566780000,yahoo
SP500,2019-05-13,2840.1899,2840.1899,2801.4299,2811.8701,2811.8701,3900270000,yahoo
SP500,2019-05-14,2820.1201,2852.54,2820.1201,2834.4099,2834.4099,3354860000,yahoo
SP500,2019-05-15,2820.3799,2858.6799,2815.0801,2850.96,2850.96,3140900000,yahoo
SP500,2019-05-16,2855.8,2892.1499,2855.8,2876.3201,2876.3201,3338470000,yahoo
SP500,2019-05-17,2858.6001,2885.48,2854.23,2859.53,2859.53,3316040000,yahoo
SP500,2019-05-20,2841.9399,2853.8601,2831.29,2840.23,2840.23,3293750000,yahoo
SP500,2019-05-21,2854.02,2868.8799,2854.02,2864.3601,2864.3601,3223050000,yahoo
SP500,2019-05-22,2856.0601,2865.47,2851.1101,2856.27,2856.27,3194000000,yahoo
SP500,2019-05-23,2836.7,2836.7,2805.49,2822.24,2822.24,3899320000,yahoo
SP500,2019-05-24,2832.4099,2841.3601,2820.1899,2826.0601,2826.0601,2889230000,yahoo
SP500,2019-05-28,2830.03,2840.51,2801.5801,2802.3899,2802.3899,4146980000,yahoo
SP500,2019-05-29,2790.25,2792.03,2766.0601,2783.02,2783.02,3701110000,yahoo
SP500,2019-05-30,2786.9399,2799,2776.74,2788.8601,2788.8601,3276030000,yahoo
SP500,2019-05-31,2766.1499,2768.98,2750.52,2752.0601,2752.0601,3982670000,yahoo
SP500,2019-06-03,2751.53,2763.0701,2728.8101,2744.45,2744.45,3952360000,yahoo
SP500,2019-06-04,2762.6399,2804.49,2762.6399,2803.27,2803.27,3814130000,yahoo
SP500,2019-06-05,2818.0901,2827.28,2800.9199,2826.1499,2826.1499,3570760000,yahoo
SP500,2019-06-06,2828.51,2852.1001,2822.45,2843.49,2843.49,3445140000,yahoo
SP500,2019-06-07,2852.8701,2884.97,2852.8701,2873.3401,2873.3401,3244380000,yahoo
SP500,2019-06-10,2885.8301,2904.77,2885.51,2886.73,2886.73,3209890000,yahoo
SP500,2019-06-11,2903.27,2910.6101,2878.53,2885.72,2885.72,3551000000,yahoo
SP500,2019-06-12,2882.73,2888.5701,2874.6799,2879.8401,2879.8401,3039870000,yahoo
SP500,2019-06-13,2886.24,2895.24,2881.99,2891.6399,2891.6399,3100640000,yahoo
SP500,2019-06-14,2886.8201,2894.45,2879.6201,2886.98,2886.98,2992810000,yahoo
SP500,2019-06-17,2889.75,2897.27,2887.3,2889.6699,2889.6699,2828400000,yahoo
SP500,2019-06-18,2906.71,2930.79,2905.4399,2917.75,2917.75,3441540000,yahoo
SP500,2019-06-19,2920.55,2931.74,2911.4299,2926.46,2926.46,3300220000,yahoo
SP500,2019-06-20,2949.6001,2958.0601,2931.5,2954.1799,2954.1799,3943060000,yahoo
SP500,2019-06-21,2952.71,2964.1499,2946.8701,2950.46,2950.46,5003540000,yahoo
SP500,2019-06-24,2951.4199,2954.9199,2944.05,2945.3501,2945.3501,3136960000,yahoo
SP500,2019-06-25,2945.78,2946.52,2916.01,2917.3799,2917.3799,3579430000,yahoo
SP500,2019-06-26,2926.0701,2932.5901,2912.99,2913.78,2913.78,3511350000,yahoo
SP500,2019-06-27,2919.6599,2929.3,2918.5701,2924.9199,2924.9199,3162500000,yahoo
SP500,2019-06-28,2932.9399,2943.98,2929.05,2941.76,2941.76,5422650000,yahoo
SP500,2019-07-01,2971.4099,2977.9299,2952.22,2964.3301,2964.3301,3524860000,yahoo
SP500,2019-07-02,2964.6599,2973.21,2955.9199,2973.01,2973.01,3224490000,yahoo
SP500,2019-07-03,2978.0801,2995.8401,2977.96,2995.8201,2995.8201,1963570000,yahoo
SP500,2019-07-05,2984.25,2994.03,2967.97,2990.4099,2990.4099,2434680000,yahoo
SP500,2019-07-08,2979.77,2980.76,2970.0901,2975.95,2975.95,2922360000,yahoo
SP500,2019-07-09,2965.52,2981.8999,2963.4399,2979.6299,2979.6299,3033330000,yahoo
SP500,2019-07-10,2989.3,3002.98,2984.6201,2993.0701,2993.0701,3157800000,yahoo
SP500,2019-07-11,2999.6201,3002.3301,2988.8,2999.9099,2999.9099,3155710000,yahoo
SP500,2019-07-12,3003.3601,3013.9199,3001.8701,3013.77,3013.77,2984140000,yahoo
SP500,2019-07-15,3017.8,3017.8,3008.77,3014.3,3014.3,2876100000,yahoo
SP500,2019-07-16,3012.1299,3015.02,3001.1499,3004.04,3004.04,3297030000,yahoo
SP500,2019-07-17,3005.1001,3005.26,2984.25,2984.4199,2984.4199,3185650000,yahoo
SP500,2019-07-18,2978.8701,2998.28,2973.0901,2995.1101,2995.1101,3369820000,yahoo
SP500,2019-07-19,3004.26,3006.02,2975.8601,2976.6101,2976.6101,3285890000,yahoo
SP500,2019-07-22,2981.9299,2990.71,2976.6499,2985.03,2985.03,3016200000,yahoo
SP500,2019-07-23,2994.74,3005.8999,2988.5601,3005.47,3005.47,3333810000,yahoo
SP500,2019-07-24,2998.77,3019.5901,2996.8201,3019.5601,3019.5601,3433220000,yahoo
SP500,2019-07-25,3016.26,3016.3101,2997.24,3003.6699,3003.6699,3657050000,yahoo
SP500,2019-07-26,3013.25,3027.98,3012.5901,3025.8601,3025.8601,3260170000,yahoo
SP500,2019-07-29,3024.47,3025.6101,3014.3,3020.97,3020.97,3224490000,yahoo
SP500,2019-07-30,3007.6599,3017.1899,3000.9399,3013.1799,3013.1799,3632770000,yahoo
SP500,2019-07-31,3016.22,3017.3999,2958.0801,2980.3799,2980.3799,4626330000,yahoo
SP500,2019-08-01,2980.3201,3013.5901,2945.23,2953.5601,2953.5601,4793810000,yahoo
SP500,2019-08-02,2943.8999,2945.5,2914.1101,2932.05,2932.05,3882810000,yahoo
SP500,2019-08-05,2898.0701,2898.0701,2822.1201,2844.74,2844.74,4542850000,yahoo
SP500,2019-08-06,2861.1799,2884.3999,2847.4199,2881.77,2881.77,4156640000,yahoo
SP500,2019-08-07,2858.6499,2892.1699,2825.71,2883.98,2883.98,4512720000,yahoo
SP500,2019-08-08,2896.21,2938.72,2894.47,2938.0901,2938.0901,4118530000,yahoo
SP500,2019-08-09,2930.51,2935.75,2900.1499,2918.6499,2918.6499,3356850000,yahoo
SP500,2019-08-12,2907.0701,2907.5801,2873.1399,2882.7,2882.7,3328570000,yahoo
SP500,2019-08-13,2880.72,2943.3101,2877.05,2926.3201,2926.3201,3857190000,yahoo
SP500,2019-08-14,2894.1499,2894.1499,2839.6399,2840.6001,2840.6001,4325150000,yahoo
SP500,2019-08-15,2846.2,2856.6699,2825.51,2847.6001,2847.6001,4041720000,yahoo
SP500,2019-08-16,2864.74,2893.6299,2864.74,2888.6799,2888.6799,3524080000,yahoo
SP500,2019-08-19,2913.48,2931,2913.48,2923.6499,2923.6499,3221050000,yahoo
SP500,2019-08-20,2919.01,2923.6299,2899.6001,2900.51,2900.51,3067710000,yahoo
SP500,2019-08-21,2922.04,2928.73,2917.9099,2924.4299,2924.4299,3016540000,yahoo
SP500,2019-08-22,2930.9399,2939.0801,2904.51,2922.95,2922.95,2893660000,yahoo
SP500,2019-08-23,2911.0701,2927.01,2834.97,2847.1101,2847.1101,3942520000,yahoo
SP500,2019-08-26,2866.7,2879.27,2856,2878.3799,2878.3799,2859790000,yahoo
SP500,2019-08-27,2893.1399,2898.79,2860.5901,2869.1599,2869.1599,3537490000,yahoo
SP500,2019-08-28,2861.28,2890.03,2853.05,2887.9399,2887.9399,3102480000,yahoo
SP500,2019-08-29,2910.3701,2930.5,2905.6699,2924.5801,2924.5801,3177150000,yahoo
SP500,2019-08-30,2937.0901,2940.4299,2913.3201,2926.46,2926.46,3009910000,yahoo
SP500,2019-09-03,2909.01,2914.3899,2891.8501,2906.27,2906.27,3427830000,yahoo
SP500,2019-09-04,2924.6699,2938.8401,2921.8601,2937.78,2937.78,3167900000,yahoo
SP500,2019-09-05,2960.6001,2985.8601,2960.6001,2976,2976,3902600000,yahoo
SP500,2019-09-06,2980.3301,2985.03,2972.51,2978.71,2978.71,3209340000,yahoo
SP500,2019-09-09,2988.4299,2989.4299,2969.3899,2978.4299,2978.4299,4031120000,yahoo
SP500,2019-09-10,2971.01,2979.3899,2957.01,2979.3899,2979.3899,4393040000,yahoo
SP500,2019-09-11,2981.4099,3000.9299,2975.3101,3000.9299,3000.9299,3934370000,yahoo
SP500,2019-09-12,3009.0801,3020.74,3000.9199,3009.5701,3009.5701,3796990000,yahoo
SP500,2019-09-13,3012.21,3017.3301,3002.8999,3007.3899,3007.3899,3557010000,yahoo
SP500,2019-09-16,2996.4099,3002.1899,2990.6699,2997.96,2997.96,4285860000,yahoo
SP500,2019-09-17,2995.6699,3006.21,2993.73,3005.7,3005.7,3673250000,yahoo
SP500,2019-09-18,3001.5,3007.8301,2978.5701,3006.73,3006.73,3458800000,yahoo
SP500,2019-09-19,3010.3601,3021.99,3003.1599,3006.79,3006.79,3265660000,yahoo
SP500,2019-09-20,3008.4199,3016.3701,2984.6799,2992.0701,2992.0701,6103440000,yahoo
SP500,2019-09-23,2983.5,2999.1499,2982.23,2991.78,2991.78,3187250000,yahoo
SP500,2019-09-24,3002.4299,3007.98,2957.73,2966.6001,2966.6001,3872800000,yahoo
SP500,2019-09-25,2968.3501,2989.8201,2952.8601,2984.8701,2984.8701,3331200000,yahoo
SP500,2019-09-26,2985.73,2987.28,2963.71,2977.6201,2977.6201,3084910000,yahoo
SP500,2019-09-27,2985.47,2987.3101,2945.53,2961.79,2961.79,3246480000,yahoo
SP500,2019-09-30,2967.0701,2983.8501,2967.0701,2976.74,2976.74,3249130000,yahoo
SP500,2019-10-01,2983.6899,2992.53,2938.7,2940.25,2940.25,3560750000,yahoo
SP500,2019-10-02,2924.78,2924.78,2874.9299,2887.6101,2887.6101,3914180000,yahoo
SP500,2019-10-03,2885.3799,2911.1299,2855.9399,2910.6299,2910.6299,3515130000,yahoo
SP500,2019-10-04,2918.5601,2953.74,2918.5601,2952.01,2952.01,3005600000,yahoo
SP500,2019-10-07,2944.23,2959.75,2935.6799,2938.79,2938.79,2959050000,yahoo
SP500,2019-10-08,2920.3999,2925.47,2892.6599,2893.0601,2893.0601,3370700000,yahoo
SP500,2019-10-09,2911.1001,2929.3201,2907.4099,2919.3999,2919.3999,2735350000,yahoo
SP500,2019-10-10,2918.55,2948.46,2917.1201,2938.1299,2938.1299,3234400000,yahoo
SP500,2019-10-11,2963.0701,2993.28,2963.0701,2970.27,2970.27,3581320000,yahoo
SP500,2019-10-14,2965.8101,2972.8401,2962.9399,2966.1499,2966.1499,2559270000,yahoo
SP500,2019-10-15,2973.6101,3003.28,2973.6101,2995.6799,2995.6799,3345090000,yahoo
SP500,2019-10-16,2989.6799,2997.54,2985.2,2989.6899,2989.6899,3230320000,yahoo
SP500,2019-10-17,3000.77,3008.29,2991.79,2997.95,2997.95,3103470000,yahoo
SP500,2019-10-18,2996.8401,3000,2976.3101,2986.2,2986.2,3268970000,yahoo
SP500,2019-10-21,2996.48,3007.3301,2995.3501,3006.72,3006.72,3271960000,yahoo
SP500,2019-10-22,3010.73,3014.5701,2995.04,2995.99,2995.99,3527540000,yahoo
SP500,2019-10-23,2994.01,3004.78,2991.21,3004.52,3004.52,3413600000,yahoo
SP500,2019-10-24,3014.78,3016.0701,3000.4199,3010.29,3010.29,3696510000,yahoo
SP500,2019-10-25,3003.3201,3027.3899,3001.9399,3022.55,3022.55,3379060000,yahoo
SP500,2019-10-28,3032.1201,3044.0801,3032.1201,3039.4199,3039.4199,3524970000,yahoo
SP500,2019-10-29,3035.3899,3047.8701,3034.8101,3036.8899,3036.8899,3594430000,yahoo
SP500,2019-10-30,3039.74,3050.1001,3025.96,3046.77,3046.77,3779660000,yahoo
SP500,2019-10-31,3046.8999,3046.8999,3023.1899,3037.5601,3037.5601,4149310000,yahoo
SP500,2019-11-01,3050.72,3066.95,3050.72,3066.9099,3066.9099,3956290000,yahoo
SP500,2019-11-04,3078.96,3085.2,3074.8701,3078.27,3078.27,4178040000,yahoo
SP500,2019-11-05,3080.8,3083.95,3072.1499,3074.6201,3074.6201,4490590000,yahoo
SP500,2019-11-06,3075.1001,3078.3401,3065.8899,3076.78,3076.78,4465510000,yahoo
SP500,2019-11-07,3087.02,3097.77,3080.23,3085.1799,3085.1799,4151990000,yahoo
SP500,2019-11-08,3081.25,3093.0901,3073.5801,3093.0801,3093.0801,3508160000,yahoo
SP500,2019-11-11,3080.3301,3088.3301,3075.8201,3087.01,3087.01,3041120000,yahoo
SP500,2019-11-12,3089.28,3102.6101,3084.73,3091.8401,3091.8401,3495560000,yahoo
SP500,2019-11-13,3084.1799,3098.0601,3078.8,3094.04,3094.04,3513720000,yahoo
SP500,2019-11-14,3090.75,3098.2,3083.26,3096.6299,3096.6299,3282090000,yahoo
SP500,2019-11-15,3107.9199,3120.46,3104.6001,3120.46,3120.46,3359800000,yahoo
SP500,2019-11-18,3117.9099,3124.1699,3112.0601,3122.03,3122.03,3440140000,yahoo
SP500,2019-11-19,3127.45,3127.6399,3113.47,3120.1799,3120.1799,3613670000,yahoo
SP500,2019-11-20,3114.6599,3118.97,3091.4099,3108.46,3108.46,4041010000,yahoo
SP500,2019-11-21,3108.49,3110.1101,3094.55,3103.54,3103.54,3744010000,yahoo
SP500,2019-11-22,3111.4099,3112.8701,3099.26,3110.29,3110.29,3235270000,yahoo
SP500,2019-11-25,3117.4399,3133.8301,3117.4399,3133.6399,3133.6399,3514310000,yahoo
SP500,2019-11-26,3134.8501,3142.6899,3131,3140.52,3140.52,4600450000,yahoo
SP500,2019-11-27,3145.49,3154.26,3143.4099,3153.6299,3153.6299,3035470000,yahoo
SP500,2019-11-29,3147.1799,3150.3,3139.3401,3140.98,3140.98,1743420000,yahoo
SP500,2019-12-02,3143.8501,3144.3101,3110.78,3113.8701,3113.8701,3285750000,yahoo
SP500,2019-12-03,3087.4099,3094.97,3070.3301,3093.2,3093.2,3671580000,yahoo
SP500,2019-12-04,3103.5,3119.3799,3102.53,3112.76,3112.76,3702980000,yahoo
SP500,2019-12-05,3119.21,3119.45,3103.76,3117.4299,3117.4299,3360480000,yahoo
SP500,2019-12-06,3134.6201,3150.6001,3134.6201,3145.9099,3145.9099,3483310000,yahoo
SP500,2019-12-09,3141.8601,3148.8701,3135.46,3135.96,3135.96,3400470000,yahoo
SP500,2019-12-10,3135.3601,3142.1201,3126.0901,3132.52,3132.52,3346310000,yahoo
SP500,2019-12-11,3135.75,3143.98,3133.21,3141.6299,3141.6299,3257650000,yahoo
SP500,2019-12-12,3141.23,3176.28,3138.47,3168.5701,3168.5701,4003200000,yahoo
SP500,2019-12-13,3166.6499,3182.6799,3156.51,3168.8,3168.8,3757650000,yahoo
SP500,2019-12-16,3183.6299,3197.71,3183.6299,3191.45,3191.45,4070200000,yahoo
SP500,2019-12-17,3195.3999,3198.22,3191.03,3192.52,3192.52,3842940000,yahoo
SP500,2019-12-18,3195.21,3198.48,3191.1399,3191.1399,3191.1399,4029950000,yahoo
SP500,2019-12-19,3192.3201,3205.48,3192.3201,3205.3701,3205.3701,3784360000,yahoo
SP500,2019-12-20,3223.3301,3225.6499,3216.03,3221.22,3221.22,6457480000,yahoo
SP500,2019-12-23,3226.05,3227.78,3222.3,3224.01,3224.01,3064530000,yahoo
SP500,2019-12-24,3225.45,3226.4299,3220.51,3223.3799,3223.3799,1296530000,yahoo
SP500,2019-12-26,3227.2,3240.0801,3227.2,3239.9099,3239.9099,2164540000,yahoo
SP500,2019-12-27,3247.23,3247.9299,3234.3701,3240.02,3240.02,2429150000,yahoo
SP500,2019-12-30,3240.0901,3240.9199,3216.5701,3221.29,3221.29,3021720000,yahoo
SP500,2019-12-31,3215.1799,3231.72,3212.03,3230.78,3230.78,2894760000,yahoo
USDINR,2019-01-01,69.71,69.73,69.43,69.71,69.71,0,yahoo
USDINR,2019-01-02,69.443,70.233,69.443,69.71,69.71,0,yahoo
USDINR,2019-01-03,69.96,70.51,69.96,69.96,69.96,0,yahoo
USDINR,2019-01-07,69.525,69.92,69.08,69.525,69.525,0,yahoo
USDINR,2019-01-08,69.81,70.234,69.72,69.81,69.81,0,yahoo
USDINR,2019-01-09,70.125,70.63,70.01,70.33,70.33,0,yahoo
USDINR,2019-01-10,70.5505,70.64,70.32,70.5505,70.5505,0,yahoo
USDINR,2019-01-14,70.37,70.938,70.27,70.37,70.37,0,yahoo
USDINR,2019-01-15,71.085,71.14,70.69,71.085,71.085,0,yahoo
USDINR,2019-01-16,71.0925,71.25,70.93,71.0925,71.0925,0,yahoo
USDINR,2019-01-17,71.365,71.57,70.9705,71.365,71.365,0,yahoo
USDINR,2019-01-18,71.03,71.26,70.98,71.0302,71.0302,0,yahoo
USDINR,2019-01-21,71.23,71.53,71.13,71.23,71.23,0,yahoo
USDINR,2019-01-23,71.2302,71.36,71.0978,71.2302,71.2302,0,yahoo
USDINR,2019-01-24,71.1573,71.3,70.94,71.1573,71.1573,0,yahoo
USDINR,2019-01-25,70.99,71.223,70.884,70.99,70.99,0,yahoo
USDINR,2019-01-28,70.975,71.19,70.86,70.975,70.975,0,yahoo
USDINR,2019-01-29,71.0901,71.453,71.02,71.0901,71.0901,0,yahoo
USDINR,2019-01-31,71.12,71.23,70.84,71.12,71.12,0,yahoo
USDINR,2019-02-01,70.95,71.48,70.92,71.2,71.2,0,yahoo
USDINR,2019-02-04,71.4517,71.9,71.4,71.4517,71.4517,0,yahoo
USDINR,2019-02-05,71.685,71.81,71.51,71.685,71.685,0,yahoo
USDINR,2019-02-06,71.77,71.77,71.45,71.77,71.77,0,yahoo
USDINR,2019-02-07,71.5405,71.88,71.27,71.5405,71.5405,0,yahoo
USDINR,2019-02-08,71.58,71.58,71.02,71.58,71.58,0,yahoo
USDINR,2019-02-11,71.15,71.3,71.0345,71.15,71.15,0,yahoo
USDINR,2019-02-12,71.23,71.241,70.56,71.23,71.23,0,yahoo
USDINR,2019-02-13,70.6746,70.88,70.39,70.81,70.81,0,yahoo
USDINR,2019-02-14,70.8651,71.24,70.788,70.8651,70.8651,0,yahoo
USDINR,2019-02-15,71.01,71.46,71,71.01,71.01,0,yahoo
USDINR,2019-02-18,71.32,71.51,71.27,71.32,71.32,0,yahoo
USDINR,2019-02-22,71.185,71.23,71.02,71.185,71.185,0,yahoo
USDINR,2019-02-25,71.0275,71.15,70.8149,71.031,71.031,0,yahoo
USDINR,2019-02-26,70.8245,71.43,70.8015,71.09,71.09,0,yahoo
USDINR,2019-02-27,70.94,71.48,70.92,70.94,70.94,0,yahoo
USDINR,2019-02-28,71.2153,71.5925,70.7035,71.19,71.19,0,yahoo
USDINR,2019-03-01,70.816,71.06,70.6883,70.816,70.816,0,yahoo
USDINR,2019-03-04,70.99,71.2,70.7395,70.99,70.99,0,yahoo
USDINR,2019-03-05,70.9,70.9765,70.397,70.9,70.9,0,yahoo
USDINR,2019-03-08,70.4875,70.4875,69.7753,70.4875,70.4875,0,yahoo
USDINR,2019-03-11,69.9869,70.0235,69.792,69.9869,69.9869,0,yahoo
USDINR,2019-03-12,69.7901,69.7903,69.4815,69.7901,69.7901,0,yahoo
USDINR,2019-03-14,69.7263,69.7263,69.313,69.7263,69.7263,0,yahoo
USDINR,2019-03-15,69.3373,69.6275,68.915,69.3373,69.3373,0,yahoo
USDINR,2019-03-18,68.953,69.24,68.455,68.953,68.953,0,yahoo
USDINR,2019-03-19,68.615,69.1715,68.3505,68.618,68.618,0,yahoo
USDINR,2019-03-20,69.0076,69.3175,68.7415,69.3175,69.3175,0,yahoo
USDINR,2019-03-22,68.8005,69.2515,68.548,68.93,68.93,0,yahoo
USDINR,2019-03-25,69.1606,69.186,68.79,69.1605,69.1605,0,yahoo
USDINR,2019-03-26,68.9234,69.3015,68.634,68.9234,68.9234,0,yahoo
USDINR,2019-04-01,69.43,69.61,69.18,69.43,69.43,0,yahoo
USDINR,2019-04-02,69.1955,69.53,68.7399,69.1953,69.1953,0,yahoo
USDINR,2019-04-03,68.9105,69.205,68.378,68.9102,68.9102,0,yahoo
USDINR,2019-04-04,68.443,69.43,68.44,68.85,68.85,0,yahoo
USDINR,2019-04-05,68.9705,69.3275,68.939,68.9704,68.9704,0,yahoo
USDINR,2019-04-09,69.548,69.715,69.248,69.5525,69.5525,0,yahoo
USDINR,2019-04-10,69.2615,69.3648,69.081,69.2618,69.2618,0,yahoo
USDINR,2019-04-11,69.1405,69.495,68.83,69.1402,69.1402,0,yahoo
USDINR,2019-04-12,69.013,69.43,69.01,69.43,69.43,0,yahoo
USDINR,2019-04-15,69.183,69.6245,68.924,69.161,69.161,0,yahoo
USDINR,2019-04-18,69.401,69.617,69.355,69.401,69.401,0,yahoo
USDINR,2019-04-19,69.388,69.755,69.295,69.381,69.381,0,yahoo
USDINR,2019-04-22,69.388,69.9145,69.36,69.36,69.36,0,yahoo
USDINR,2019-04-24,69.7605,69.989,69.662,69.758,69.758,0,yahoo
USDINR,2019-04-25,69.953,70.4775,69.916,70.0958,70.0958,0,yahoo
USDINR,2019-04-26,70.1605,70.54,69.7643,70.16,70.16,0,yahoo
USDINR,2019-04-29,69.843,70.05,69.7655,69.842,69.842,0,yahoo
USDINR,2019-04-30,69.855,69.921,69.53,69.8118,69.8118,0,yahoo
USDINR,2019-05-01,69.6375,69.9285,69.438,69.556,69.556,0,yahoo
USDINR,2019-05-02,69.6375,69.649,69.289,69.6329,69.6329,0,yahoo
USDINR,2019-05-03,69.4243,69.77,69.0625,69.4244,69.4244,0,yahoo
USDINR,2019-05-06,69.088,69.467,69.088,69.168,69.168,0,yahoo
USDINR,2019-05-07,69.403,69.66,69.262,69.4003,69.4003,0,yahoo
USDINR,2019-05-08,69.603,69.91,69.439,69.91,69.91,0,yahoo
USDINR,2019-05-09,69.727,70.285,69.684,70.01,70.01,0,yahoo
USDINR,2019-05-10,70.193,70.41,69.754,70.41,70.41,0,yahoo
USDINR,2019-05-13,70.008,70.6365,69.9215,69.9225,69.9225,0,yahoo
USDINR,2019-05-14,70.617,70.96,70.241,70.617,70.617,0,yahoo
USDINR,2019-05-15,70.307,70.4195,70.166,70.307,70.307,0,yahoo
USDINR,2019-05-16,70.2136,70.3275,69.915,70.2092,70.2092,0,yahoo
USDINR,2019-05-17,70.2271,70.303,70.075,70.235,70.235,0,yahoo
USDINR,2019-05-20,70.273,70.2815,69.26,70.2815,70.2815,0,yahoo
USDINR,2019-05-21,69.602,70.1275,69.5993,70.1275,70.1275,0,yahoo
USDINR,2019-05-23,69.643,70.19,69.3444,69.9725,69.9725,0,yahoo
USDINR,2019-05-24,69.658,69.945,69.3575,69.945,69.945,0,yahoo
USDINR,2019-05-27,69.373,69.6119,69.31,69.36,69.36,0,yahoo
USDINR,2019-05-28,69.493,69.729,69.465,69.72,69.72,0,yahoo
USDINR,2019-05-29,69.875,69.998,69.571,69.875,69.875,0,yahoo
USDINR,2019-05-30,69.8152,70.06,69.6055,69.815,69.815,0,yahoo
USDINR,2019-05-31,69.804,69.98,69.5858,69.98,69.98,0,yahoo
USDINR,2019-06-03,69.5705,69.5705,69.124,69.5696,69.5696,0,yahoo
USDINR,2019-06-04,69.1616,69.379,69.014,69.1619,69.1619,0,yahoo
USDINR,2019-06-05,69.284,69.56,69.168,69.56,69.56,0,yahoo
USDINR,2019-06-06,69.3902,69.625,68.906,69.625,69.625,0,yahoo
USDINR,2019-06-07,69.36,69.557,68.974,69.36,69.36,0,yahoo
USDINR,2019-06-10,69.348,69.648,69.12,69.345,69.345,0,yahoo
USDINR,2019-06-11,69.509,69.74,69.348,69.5235,69.5235,0,yahoo
USDINR,2019-06-12,69.389,69.65,69.253,69.3865,69.3865,0,yahoo
USDINR,2019-06-13,69.7,69.7,69.307,69.7,69.7,0,yahoo
USDINR,2019-06-14,69.558,69.842,69.504,69.8,69.8,0,yahoo
USDINR,2019-06-17,69.826,70.045,69.749,69.7705,69.7705,0,yahoo
USDINR,2019-06-18,69.817,70.1125,69.447,70.1125,70.1125,0,yahoo
USDINR,2019-06-19,69.6005,69.806,69.479,69.765,69.765,0,yahoo
USDINR,2019-06-20,69.6405,69.87,69.331,69.87,69.87,0,yahoo
USDINR,2019-06-21,69.51,69.78,69.503,69.78,69.78,0,yahoo
USDINR,2019-06-24,69.608,69.6675,69.291,69.5699,69.5699,0,yahoo
USDINR,2019-06-25,69.259,69.6025,69.219,69.6025,69.6025,0,yahoo
USDINR,2019-06-26,69.6375,69.77,69.099,69.6375,69.6375,0,yahoo
USDINR,2019-06-27,69.6025,69.6155,68.999,69.6025,69.6025,0,yahoo
USDINR,2019-06-28,69.325,69.325,68.869,69.325,69.325,0,yahoo
USDINR,2019-07-01,68.9405,69.075,68.821,68.9405,68.9405,0,yahoo
USDINR,2019-07-02,68.878,69.1675,68.864,69.1675,69.1675,0,yahoo
USDINR,2019-07-03,68.883,69.0825,68.7795,69.0825,69.0825,0,yahoo
USDINR,2019-07-04,68.786,69.0075,68.482,69.0075,69.0075,0,yahoo
USDINR,2019-07-05,68.74,68.77,68.389,68.74,68.74,0,yahoo
USDINR,2019-07-08,68.443,68.84,68.44,68.44,68.44,0,yahoo
USDINR,2019-07-09,68.559,68.85,68.507,68.85,68.85,0,yahoo
USDINR,2019-07-10,68.5555,68.765,68.2925,68.765,68.765,0,yahoo
USDINR,2019-07-11,68.5081,68.53,68.2023,68.3676,68.3676,0,yahoo
USDINR,2019-07-12,68.443,68.683,68.3565,68.67,68.67,0,yahoo
USDINR,2019-07-15,68.5505,68.591,68.3015,68.5503,68.5503,0,yahoo
USDINR,2019-07-16,68.533,68.75,68.506,68.7475,68.7475,0,yahoo
USDINR,2019-07-17,68.6813,68.895,68.604,68.895,68.895,0,yahoo
USDINR,2019-07-18,68.7859,69.0125,68.7003,68.786,68.786,0,yahoo
USDINR,2019-07-19,68.7853,68.9345,68.6015,68.85,68.85,0,yahoo
USDINR,2019-07-22,68.853,69.205,68.83,68.83,68.83,0,yahoo
USDINR,2019-07-23,69.16,69.1925,68.9,69.16,69.16,0,yahoo
USDINR,2019-07-24,69.02,69.35,68.9226,69.02,69.02,0,yahoo
USDINR,2019-07-25,68.9811,69.185,68.8828,69.185,69.185,0,yahoo
USDINR,2019-07-26,69.153,69.3575,68.816,69.1505,69.1505,0,yahoo
USDINR,2019-07-29,68.8705,68.957,68.71,68.87,68.87,0,yahoo
USDINR,2019-07-30,68.748,68.95,68.66,68.95,68.95,0,yahoo
USDINR,2019-07-31,69.0775,69.0775,68.756,69.0775,69.0775,0,yahoo
USDINR,2019-08-01,68.9999,69.405,68.867,69.405,69.405,0,yahoo
USDINR,2019-08-02,69.297,69.8,69.0075,69.2972,69.2972,0,yahoo
USDINR,2019-08-06,71.52,71.52,70.495,71.52,71.52,0,yahoo
USDINR,2019-08-07,71.033,71.4045,70.5925,71.23,71.23,0,yahoo
USDINR,2019-08-08,71.1652,71.205,70.396,71.1651,71.1651,0,yahoo
USDINR,2019-08-09,70.487,71.0615,70.448,70.4709,70.4709,0,yahoo
USDINR,2019-08-12,70.917,71.3625,70.91,71.035,71.035,0,yahoo
USDINR,2019-08-13,71.276,71.58,70.74,71.58,71.58,0,yahoo
USDINR,2019-08-14,71.1103,71.5625,70.81,71.08,71.08,0,yahoo
USDINR,2019-08-15,71.268,71.9,71.268,71.6352,71.6352,0,yahoo
USDINR,2019-08-16,71.803,71.803,71.008,71.72,71.72,0,yahoo
USDINR,2019-08-19,71.148,71.5795,71.035,71.132,71.132,0,yahoo
USDINR,2019-08-20,71.444,71.995,71.441,71.995,71.995,0,yahoo
USDINR,2019-08-21,71.542,71.81,71.334,71.81,71.81,0,yahoo
USDINR,2019-08-22,71.4295,72.02,71.393,71.4378,71.4378,0,yahoo
USDINR,2019-08-23,72.265,72.265,71.4065,71.9204,71.9204,0,yahoo
USDINR,2019-08-26,71.505,72.335,71.5025,71.5025,71.5025,0,yahoo
USDINR,2019-08-27,72.0103,72.16,71.37,72.16,72.16,0,yahoo
USDINR,2019-08-28,71.5353,71.895,71.455,71.535,71.535,0,yahoo
USDINR,2019-08-29,71.8193,72.0935,71.62,72.085,72.085,0,yahoo
USDINR,2019-08-30,71.6803,71.9775,71.377,71.6802,71.6802,0,yahoo
USDINR,2019-09-02,71.446,72.0078,71.446,71.7299,71.7299,0,yahoo
USDINR,2019-09-03,71.9595,72.62,71.73,71.9621,71.9621,0,yahoo
USDINR,2019-09-04,72.1605,72.46,71.887,72.46,72.46,0,yahoo
USDINR,2019-09-05,71.958,72.27,71.771,71.9557,71.9557,0,yahoo
USDINR,2019-09-06,71.9233,72.22,71.476,72.22,72.22,0,yahoo
USDINR,2019-09-09,71.638,71.715,71.4878,71.67,71.67,0,yahoo
USDINR,2019-09-10,72.0925,72.11,71.734,72.0925,72.0925,0,yahoo
USDINR,2019-09-11,71.8655,72.18,71.593,71.859,71.859,0,yahoo
USDINR,2019-09-12,71.5603,71.8325,70.864,71.5601,71.5601,0,yahoo
USDINR,2019-09-13,70.964,71.285,70.858,71.285,71.285,0,yahoo
USDINR,2019-09-16,70.978,71.6483,70.978,71.0207,71.0207,0,yahoo
USDINR,2019-09-17,71.573,72.3223,71.355,71.7491,71.7491,0,yahoo
USDINR,2019-09-18,71.483,71.71,71.083,71.71,71.71,0,yahoo
USDINR,2019-09-19,71.138,71.5425,71.0545,71.5425,71.5425,0,yahoo
USDINR,2019-09-20,71.3829,71.7175,70.7123,71.7175,71.7175,0,yahoo
USDINR,2019-09-23,71.068,71.2275,70.7682,71.1916,71.1916,0,yahoo
USDINR,2019-09-24,71.02,71.03,70.7198,70.7896,70.7896,0,yahoo
USDINR,2019-09-25,70.9583,71.325,70.9348,71.285,71.285,0,yahoo
USDINR,2019-09-26,70.981,71.31,70.8315,71.31,71.31,0,yahoo
USDINR,2019-09-27,70.953,71.215,70.366,71.215,71.215,0,yahoo
USDINR,2019-09-30,70.501,70.8755,70.3753,70.4987,70.4987,0,yahoo
USDINR,2019-10-01,70.638,71.2415,70.6065,70.9225,70.9225,0,yahoo
USDINR,2019-10-02,71.1,71.543,71.0055,71.1,71.1,0,yahoo
USDINR,2019-10-03,71.1405,71.415,70.868,71.1416,71.1416,0,yahoo
USDINR,2019-10-04,71.023,71.25,70.7625,71.02,71.02,0,yahoo
USDINR,2019-10-07,70.818,71.0915,70.815,70.815,70.815,0,yahoo
USDINR,2019-10-08,70.968,71.36,70.828,71.36,71.36,0,yahoo
USDINR,2019-10-09,71.213,71.575,70.949,71.21,71.21,0,yahoo
USDINR,2019-10-10,71.113,71.41,70.882,71.41,71.41,0,yahoo
USDINR,2019-10-11,71.2,71.2,70.759,70.98,70.98,0,yahoo
USDINR,2019-10-14,70.917,71.2495,70.7315,70.914,70.914,0,yahoo
USDINR,2019-10-15,71.229,71.583,71.124,71.4525,71.4525,0,yahoo
USDINR,2019-10-16,71.76,71.76,71.3645,71.76,71.76,0,yahoo
USDINR,2019-10-17,71.3544,71.62,71.07,71.62,71.62,0,yahoo
USDINR,2019-10-18,71.123,71.4225,70.966,71.4225,71.4225,0,yahoo
USDINR,2019-10-21,71.083,71.346,70.7455,71.03,71.03,0,yahoo
USDINR,2019-10-22,71.105,71.105,70.7575,71.105,71.105,0,yahoo
USDINR,2019-10-23,71.075,71.175,70.708,71.075,71.075,0,yahoo
USDINR,2019-10-24,70.9325,71.073,70.6995,70.715,70.715,0,yahoo
USDINR,2019-10-25,70.958,71.19,70.7515,71.19,71.19,0,yahoo
USDINR,2019-10-28,70.83,70.8775,70.6726,70.83,70.83,0,yahoo
USDINR,2019-10-29,70.7351,70.898,70.68,70.735,70.735,0,yahoo
USDINR,2019-10-30,70.8843,71.05,70.729,70.8846,70.8846,0,yahoo
USDINR,2019-10-31,70.99,71.139,70.6765,70.99,70.99,0,yahoo
USDINR,2019-11-01,71.2725,71.2725,70.538,70.97,70.97,0,yahoo
USDINR,2019-11-04,70.5121,70.815,70.4715,70.5121,70.5121,0,yahoo
USDINR,2019-11-05,71,71,70.6143,71,71,0,yahoo
USDINR,2019-11-06,70.895,71.097,70.649,70.895,70.895,0,yahoo
USDINR,2019-11-07,71.2575,71.2575,70.8748,71,71,0,yahoo
USDINR,2019-11-08,71.308,71.47,71.2685,71.3765,71.3765,0,yahoo
USDINR,2019-11-11,71.35,71.614,71.233,71.3765,71.3765,0,yahoo
USDINR,2019-11-12,71.7475,71.779,71.4943,71.574,71.574,0,yahoo
USDINR,2019-11-13,71.7801,72.1915,71.637,71.78,71.78,0,yahoo
USDINR,2019-11-14,72.1416,72.36,71.827,72.1415,72.1415,0,yahoo
USDINR,2019-11-15,71.9556,72.1725,71.5865,71.9558,71.9558,0,yahoo
USDINR,2019-11-18,71.625,71.939,71.573,71.7058,71.7058,0,yahoo
USDINR,2019-11-19,71.935,72.17,71.6173,71.9351,71.9351,0,yahoo
USDINR,2019-11-20,72.07,72.07,71.654,71.851,71.851,0,yahoo
USDINR,2019-11-21,71.98,71.98,71.6938,71.7682,71.7682,0,yahoo
USDINR,2019-11-22,71.7401,71.9425,71.639,71.7405,71.7405,0,yahoo
USDINR,2019-11-25,71.7826,71.865,71.6115,71.7826,71.7826,0,yahoo
USDINR,2019-11-26,71.6794,71.81,71.422,71.6795,71.6795,0,yahoo
USDINR,2019-11-27,71.4295,71.58,71.2198,71.4284,71.4284,0,yahoo
USDINR,2019-11-28,71.2278,71.75,71.2277,71.2281,71.2281,0,yahoo
USDINR,2019-11-29,71.5474,71.8755,71.498,71.5474,71.5474,0,yahoo
USDINR,2019-12-02,71.739,71.809,71.574,71.723,71.723,0,yahoo
USDINR,2019-12-03,71.6251,71.809,71.499,71.625,71.625,0,yahoo
USDINR,2019-12-04,71.7307,71.96,71.469,71.96,71.96,0,yahoo
USDINR,2019-12-05,71.48,71.64,71.1791,71.4801,71.4801,0,yahoo
USDINR,2019-12-06,71.2299,71.432,71.195,71.385,71.385,0,yahoo
USDINR,2019-12-10,70.9601,71.15,70.781,70.9602,70.9602,0,yahoo
USDINR,2019-12-11,70.8223,71.01,70.653,71.01,71.01,0,yahoo
USDINR,2019-12-12,70.7292,70.93,70.517,70.7293,70.7293,0,yahoo
USDINR,2019-12-13,70.71,70.854,70.471,70.5599,70.5599,0,yahoo
USDINR,2019-12-16,70.6795,71.028,70.6665,70.689,70.689,0,yahoo
USDINR,2019-12-17,70.9205,71.091,70.848,70.9205,70.9205,0,yahoo
USDINR,2019-12-18,71.0256,71.2645,70.871,71.215,71.215,0,yahoo
USDINR,2019-12-19,70.99,71.365,70.872,70.9899,70.9899,0,yahoo
USDINR,2019-12-20,71.2227,71.425,71.034,71.2227,71.2227,0,yahoo
USDINR,2019-12-24,71.21,71.41,71.1423,71.2107,71.2107,0,yahoo
USDINR,2019-12-25,71.46,71.46,71.1875,71.46,71.46,0,yahoo
USDINR,2019-12-26,71.336,71.54,71.2005,71.54,71.54,0,yahoo
USDINR,2019-12-27,71.46,71.562,71.19,71.3003,71.3003,0,yahoo
USDINR,2019-12-30,71.41,71.5,71.253,71.313,71.313,0,yahoo
USDINR,2019-12-31,71.311,71.5375,71.1348,71.311,71.311,0,yahoo
USVIX,2019-01-02,27.54,28.53,23.05,23.22,23.22,0,yahoo
USVIX,2019-01-03,25.68,26.6,24.05,25.45,25.45,0,yahoo
USVIX,2019-01-04,24.36,24.48,21.19,21.38,21.38,0,yahoo
USVIX,2019-01-07,22.06,22.71,20.91,21.4,21.4,0,yahoo
USVIX,2019-01-08,20.96,22.03,20.09,20.47,20.47,0,yahoo
USVIX,2019-01-09,20.44,22.8,19.48,19.98,19.98,0,yahoo
USVIX,2019-01-10,20.98,21.32,19.29,19.5,19.5,0,yahoo
USVIX,2019-01-11,19.68,20.16,18.12,18.19,18.19,0,yahoo
USVIX,2019-01-14,19.84,20.27,18.7,19.07,19.07,0,yahoo
USVIX,2019-01-15,18.53,19.2,17.98,18.6,18.6,0,yahoo
USVIX,2019-01-16,18.08,19.04,17.76,19.04,19.04,0,yahoo
USVIX,2019-01-17,19.51,19.72,17.85,18.06,18.06,0,yahoo
USVIX,2019-01-18,17.8,18.18,17.17,17.8,17.8,0,yahoo
USVIX,2019-01-22,18.53,21.15,18.2,20.8,20.8,0,yahoo
USVIX,2019-01-23,20.85,22.02,19.47,19.52,19.52,0,yahoo
USVIX,2019-01-24,19.69,20.25,18.63,18.89,18.89,0,yahoo
USVIX,2019-01-25,18.43,18.46,17.31,17.42,17.42,0,yahoo
USVIX,2019-01-28,18.56,20.42,18.42,18.87,18.87,0,yahoo
USVIX,2019-01-29,19.45,19.93,18.42,19.13,19.13,0,yahoo
USVIX,2019-01-30,19.15,19.31,17.54,17.66,17.66,0,yahoo
USVIX,2019-01-31,17.39,17.72,16.54,16.57,16.57,0,yahoo
USVIX,2019-02-01,16.63,16.83,16.08,16.14,16.14,0,yahoo
USVIX,2019-02-04,16.72,16.73,15.6,15.73,15.73,0,yahoo
USVIX,2019-02-05,15.79,15.94,15.04,15.57,15.57,0,yahoo
USVIX,2019-02-06,15.44,15.87,15.09,15.38,15.38,0,yahoo
USVIX,2019-02-07,15.66,17.89,15.51,16.37,16.37,0,yahoo
USVIX,2019-02-08,16.81,17.63,15.62,15.72,15.72,0,yahoo
USVIX,2019-02-11,16.17,16.5,15.34,15.97,15.97,0,yahoo
USVIX,2019-02-12,15.23,15.65,14.95,15.43,15.43,0,yahoo
USVIX,2019-02-13,15.46,15.91,15,15.65,15.65,0,yahoo
USVIX,2019-02-14,15.61,17.27,15.3,16.22,16.22,0,yahoo
USVIX,2019-02-15,16.82,16.82,14.79,14.91,14.91,0,yahoo
USVIX,2019-02-19,15.65,16.16,14.64,14.88,14.88,0,yahoo
USVIX,2019-02-20,14.92,15.19,13.99,14.02,14.02,0,yahoo
USVIX,2019-02-21,14,15.17,13.85,14.46,14.46,0,yahoo
USVIX,2019-02-22,14.46,14.47,13.51,13.51,13.51,0,yahoo
USVIX,2019-02-25,13.91,14.9,13.44,14.85,14.85,0,yahoo
USVIX,2019-02-26,15.16,15.28,14.52,15.17,15.17,0,yahoo
USVIX,2019-02-27,15.53,16.17,14.7,14.7,14.7,0,yahoo
USVIX,2019-02-28,15.17,15.24,14.39,14.78,14.78,0,yahoo
USVIX,2019-03-01,14.57,14.84,13.41,13.57,13.57,0,yahoo
USVIX,2019-03-04,13.77,16.98,13.38,14.63,14.63,0,yahoo
USVIX,2019-03-05,14.52,15.39,14.26,14.74,14.74,0,yahoo
USVIX,2019-03-06,14.91,16.11,14.74,15.74,15.74,0,yahoo
USVIX,2019-03-07,16.33,17.81,15.54,16.59,16.59,0,yahoo
USVIX,2019-03-08,17.38,18.33,16.02,16.05,16.05,0,yahoo
USVIX,2019-03-11,16.28,16.43,14.33,14.33,14.33,0,yahoo
USVIX,2019-03-12,13.97,14.7,13.61,13.77,13.77,0,yahoo
USVIX,2019-03-13,14,14.05,13.25,13.41,13.41,0,yahoo
USVIX,2019-03-14,13.35,13.84,13.16,13.5,13.5,0,yahoo
USVIX,2019-03-15,13.21,13.28,12.5,12.88,12.88,0,yahoo
USVIX,2019-03-18,13.13,13.8,13,13.1,13.1,0,yahoo
USVIX,2019-03-19,12.89,13.77,12.37,13.56,13.56,0,yahoo
USVIX,2019-03-20,13.54,14.3,13.05,13.91,13.91,0,yahoo
USVIX,2019-03-21,14.11,14.56,13.26,13.63,13.63,0,yahoo
USVIX,2019-03-22,13.77,17.52,13.62,16.48,16.48,0,yahoo
USVIX,2019-03-25,17.76,17.85,16.26,16.33,16.33,0,yahoo
USVIX,2019-03-26,16.22,16.3,14.67,14.68,14.68,0,yahoo
USVIX,2019-03-27,14.52,16.71,14.51,15.15,15.15,0,yahoo
USVIX,2019-03-28,15.38,15.62,14.41,14.43,14.43,0,yahoo
USVIX,2019-03-29,14.19,14.43,13.64,13.71,13.71,0,yahoo
USVIX,2019-04-01,13.9,14.01,13.32,13.4,13.4,0,yahoo
USVIX,2019-04-02,13.62,13.68,13.13,13.36,13.36,0,yahoo
USVIX,2019-04-03,13.06,14.27,12.85,13.74,13.74,0,yahoo
USVIX,2019-04-04,13.84,14.03,13.4,13.58,13.58,0,yahoo
USVIX,2019-04-05,13.46,13.47,12.17,12.82,12.82,0,yahoo
USVIX,2019-04-08,13.55,13.77,13.1,13.18,13.18,0,yahoo
USVIX,2019-04-09,13.46,14.39,13.31,14.28,14.28,0,yahoo
USVIX,2019-04-10,14.09,14.29,13.27,13.3,13.3,0,yahoo
USVIX,2019-04-11,13.37,13.58,12.91,13.02,13.02,0,yahoo
USVIX,2019-04-12,12.96,12.96,11.95,12.01,12.01,0,yahoo
USVIX,2019-04-15,12.46,13.14,12.24,12.32,12.32,0,yahoo
USVIX,2019-04-16,12.26,12.47,11.85,12.18,12.18,0,yahoo
USVIX,2019-04-17,12.12,13.02,11.03,12.6,12.6,0,yahoo
USVIX,2019-04-18,12.8,13.12,12.02,12.09,12.09,0,yahoo
USVIX,2019-04-22,13.21,13.36,12.38,12.42,12.42,0,yahoo
USVIX,2019-04-23,12.66,12.69,12.08,12.28,12.28,0,yahoo
USVIX,2019-04-24,12.53,13.23,12.26,13.14,13.14,0,yahoo
USVIX,2019-04-25,13.29,14.3,12.81,13.25,13.25,0,yahoo
USVIX,2019-04-26,13.44,13.62,12.49,12.73,12.73,0,yahoo
USVIX,2019-04-29,13.04,13.27,12.65,13.11,13.11,0,yahoo
USVIX,2019-04-30,13.11,14.05,12.88,13.12,13.12,0,yahoo
USVIX,2019-05-01,12.86,14.83,12.74,14.8,14.8,0,yahoo
USVIX,2019-05-02,14.35,15.92,13.8,14.42,14.42,0,yahoo
USVIX,2019-05-03,14.11,14.15,12.8,12.87,12.87,0,yahoo
USVIX,2019-05-06,12.89,18.8,12.89,15.44,15.44,0,yahoo
USVIX,2019-05-07,15.9,21.84,15.8,19.32,19.32,0,yahoo
USVIX,2019-05-08,18.95,21.74,18.29,19.4,19.4,0,yahoo
USVIX,2019-05-09,21.4,23.38,18.87,19.1,19.1,0,yahoo
USVIX,2019-05-10,18.79,20.19,15.57,16.04,16.04,0,yahoo
USVIX,2019-05-13,18.62,21.32,18.35,20.55,20.55,0,yahoo
USVIX,2019-05-14,19.4,19.65,17.45,18.06,18.06,0,yahoo
USVIX,2019-05-15,17.57,19.15,16.41,16.44,16.44,0,yahoo
USVIX,2019-05-16,16.69,17.13,15.16,15.29,15.29,0,yahoo
USVIX,2019-05-17,15.89,16.81,14.86,15.96,15.96,0,yahoo
USVIX,2019-05-20,15.88,17.63,15.46,16.31,16.31,0,yahoo
USVIX,2019-05-21,15.86,16.22,14.79,14.95,14.95,0,yahoo
USVIX,2019-05-22,15.06,15.44,14.42,14.75,14.75,0,yahoo
USVIX,2019-05-23,15.93,18.05,15.28,16.92,16.92,0,yahoo
USVIX,2019-05-24,16.34,16.52,15.52,15.85,15.85,0,yahoo
USVIX,2019-05-28,16.55,17.7,15.9,17.5,17.5,0,yahoo
USVIX,2019-05-29,18.55,19.04,17.62,17.9,17.9,0,yahoo
USVIX,2019-05-30,17.47,18.11,16.72,17.3,17.3,0,yahoo
USVIX,2019-05-31,19.05,19.72,18.01,18.71,18.71,0,yahoo
USVIX,2019-06-03,19.41,19.75,18.16,18.86,18.86,0,yahoo
USVIX,2019-06-04,18.74,18.74,16.97,16.97,16.97,0,yahoo
USVIX,2019-06-05,17.06,17.49,16.04,16.09,16.09,0,yahoo
USVIX,2019-06-06,16.25,16.54,15.36,15.93,15.93,0,yahoo
USVIX,2019-06-07,15.65,16.44,15.33,16.3,16.3,0,yahoo
USVIX,2019-06-10,16.3,16.47,15.84,15.94,15.94,0,yahoo
USVIX,2019-06-11,15.84,16.7,15.5,15.99,15.99,0,yahoo
USVIX,2019-06-12,16.26,16.43,15.78,15.91,15.91,0,yahoo
USVIX,2019-06-13,16.16,16.21,15.61,15.82,15.82,0,yahoo
USVIX,2019-06-14,16,16.4,15.21,15.28,15.28,0,yahoo
USVIX,2019-06-17,15.65,15.76,15.24,15.35,15.35,0,yahoo
USVIX,2019-06-18,14.89,15.54,14.62,15.15,15.15,0,yahoo
USVIX,2019-06-19,15.05,15.71,14.15,14.33,14.33,0,yahoo
USVIX,2019-06-20,14.04,16.03,13.19,14.75,14.75,0,yahoo
USVIX,2019-06-21,14.74,15.48,14.42,15.4,15.4,0,yahoo
USVIX,2019-06-24,15.46,15.56,15.23,15.26,15.26,0,yahoo
USVIX,2019-06-25,15.43,16.68,15.1,16.28,16.28,0,yahoo
USVIX,2019-06-26,16.1,16.6,15.47,16.21,16.21,0,yahoo
USVIX,2019-06-27,15.66,16.4,15.66,15.82,15.82,0,yahoo
USVIX,2019-06-28,15.7,16.13,15.08,15.08,15.08,0,yahoo
USVIX,2019-07-01,13.85,14.64,13.8,14.06,14.06,0,yahoo
USVIX,2019-07-02,14.16,14.3,12.9,12.93,12.93,0,yahoo
USVIX,2019-07-03,13.18,13.19,12.56,12.57,12.57,0,yahoo
USVIX,2019-07-05,13,14.47,12.04,13.28,13.28,0,yahoo
USVIX,2019-07-08,13.73,14.44,13.64,13.96,13.96,0,yahoo
USVIX,2019-07-09,14.47,14.71,13.99,14.09,14.09,0,yahoo
USVIX,2019-07-10,14.38,14.69,12.98,13.03,13.03,0,yahoo
USVIX,2019-07-11,13.01,13.33,12.39,12.93,12.93,0,yahoo
USVIX,2019-07-12,12.76,12.82,12.28,12.39,12.39,0,yahoo
USVIX,2019-07-15,12.58,13.02,12.49,12.68,12.68,0,yahoo
USVIX,2019-07-16,12.61,13.14,12.28,12.86,12.86,0,yahoo
USVIX,2019-07-17,12.62,13.97,12.24,13.97,13.97,0,yahoo
USVIX,2019-07-18,14.45,14.5,13.19,13.53,13.53,0,yahoo
USVIX,2019-07-19,13.31,14.45,13.09,14.45,14.45,0,yahoo
USVIX,2019-07-22,14.55,14.7,13.42,13.53,13.53,0,yahoo
USVIX,2019-07-23,13.42,13.52,12.55,12.61,12.61,0,yahoo
USVIX,2019-07-24,12.8,13.1,11.98,12.07,12.07,0,yahoo
USVIX,2019-07-25,12.24,13.54,11.69,12.74,12.74,0,yahoo
USVIX,2019-07-26,12.58,12.72,12.01,12.16,12.16,0,yahoo
USVIX,2019-07-29,12.15,13.17,12.15,12.83,12.83,0,yahoo
USVIX,2019-07-30,12.87,14.18,12.87,13.94,13.94,0,yahoo
USVIX,2019-07-31,13.83,16.55,13.46,16.12,16.12,0,yahoo
USVIX,2019-08-01,15.41,19.46,13.73,17.87,17.87,0,yahoo
USVIX,2019-08-02,17.69,20.11,17.04,17.61,17.61,0,yahoo
USVIX,2019-08-05,19.96,24.81,19.91,24.59,24.59,0,yahoo
USVIX,2019-08-06,22.29,22.87,19.77,20.17,20.17,0,yahoo
USVIX,2019-08-07,20.7,23.67,18.94,19.49,19.49,0,yahoo
USVIX,2019-08-08,19.36,19.89,16.82,16.91,16.91,0,yahoo
USVIX,2019-08-09,18.14,19.44,17.31,17.97,17.97,0,yahoo
USVIX,2019-08-12,17.87,21.26,17.77,21.09,21.09,0,yahoo
USVIX,2019-08-13,21.28,21.64,17.52,17.52,17.52,0,yahoo
USVIX,2019-08-14,17.81,22.71,17.75,22.1,22.1,0,yahoo
USVIX,2019-08-15,21.58,24.1,20.78,21.18,21.18,0,yahoo
USVIX,2019-08-16,20.48,20.5,18.41,18.47,18.47,0,yahoo
USVIX,2019-08-19,17.93,18.22,16.52,16.88,16.88,0,yahoo
USVIX,2019-08-20,16.78,17.7,16.45,17.5,17.5,0,yahoo
USVIX,2019-08-21,17.01,17.04,15.51,15.8,15.8,0,yahoo
USVIX,2019-08-22,16.12,17.68,15.63,16.68,16.68,0,yahoo
USVIX,2019-08-23,16.15,21.07,16.04,19.87,19.87,0,yahoo
USVIX,2019-08-26,20.34,21.33,19.06,19.32,19.32,0,yahoo
USVIX,2019-08-27,20.18,21.04,18.49,20.31,20.31,0,yahoo
USVIX,2019-08-28,20.55,21.64,19.1,19.35,19.35,0,yahoo
USVIX,2019-08-29,19.02,19.2,17.6,17.88,17.88,0,yahoo
USVIX,2019-08-30,17.94,19.18,17.09,18.98,18.98,0,yahoo
USVIX,2019-09-03,20.96,21.15,19.41,19.66,19.66,0,yahoo
USVIX,2019-09-04,18.23,18.83,17.26,17.33,17.33,0,yahoo
USVIX,2019-09-05,16.92,17.05,15.45,16.27,16.27,0,yahoo
USVIX,2019-09-06,15.92,16.06,14.91,15,15,0,yahoo
USVIX,2019-09-09,15.26,16.13,14.95,15.27,15.27,0,yahoo
USVIX,2019-09-10,15.53,16.52,15.11,15.2,15.2,0,yahoo
USVIX,2019-09-11,15.33,15.52,14.55,14.61,14.61,0,yahoo
USVIX,2019-09-12,14.69,14.94,13.85,14.22,14.22,0,yahoo
USVIX,2019-09-13,14.16,14.31,13.51,13.74,13.74,0,yahoo
USVIX,2019-09-16,14.89,15.29,14.5,14.67,14.67,0,yahoo
USVIX,2019-09-17,14.92,15.03,14.4,14.44,14.44,0,yahoo
USVIX,2019-09-18,14.61,15.8,13.8,13.95,13.95,0,yahoo
USVIX,2019-09-19,14.66,14.66,13.31,14.05,14.05,0,yahoo
USVIX,2019-09-20,13.94,15.84,13.35,15.32,15.32,0,yahoo
USVIX,2019-09-23,15.35,16,14.71,14.91,14.91,0,yahoo
USVIX,2019-09-24,14.77,17.62,14.33,17.05,17.05,0,yahoo
USVIX,2019-09-25,17.05,18.45,15.69,15.96,15.96,0,yahoo
USVIX,2019-09-26,16.23,17.09,15.35,16.07,16.07,0,yahoo
USVIX,2019-09-27,15.77,18.69,15.15,17.22,17.22,0,yahoo
USVIX,2019-09-30,17.23,17.35,16.2,16.24,16.24,0,yahoo
USVIX,2019-10-01,16.02,18.62,15.79,18.56,18.56,0,yahoo
USVIX,2019-10-02,18.75,21.46,18.75,20.56,20.56,0,yahoo
USVIX,2019-10-03,20.11,21.44,19.03,19.12,19.12,0,yahoo
USVIX,2019-10-04,19.42,19.97,16.97,17.04,17.04,0,yahoo
USVIX,2019-10-07,18.27,18.52,16.44,17.86,17.86,0,yahoo
USVIX,2019-10-08,17.61,20.38,17.42,20.28,20.28,0,yahoo
USVIX,2019-10-09,19.94,20,17.77,18.64,18.64,0,yahoo
USVIX,2019-10-10,19.28,19.8,17.56,17.57,17.57,0,yahoo
USVIX,2019-10-11,17.35,17.44,15.11,15.58,15.58,0,yahoo
USVIX,2019-10-14,15.66,16.5,14.51,14.57,14.57,0,yahoo
USVIX,2019-10-15,13.94,14.43,13.39,13.54,13.54,0,yahoo
USVIX,2019-10-16,13.94,14.26,13.6,13.68,13.68,0,yahoo
USVIX,2019-10-17,13.79,14.18,13.31,13.79,13.79,0,yahoo
USVIX,2019-10-18,14.2,15.16,13.78,14.25,14.25,0,yahoo
USVIX,2019-10-21,14.24,14.63,14,14,14,0,yahoo
USVIX,2019-10-22,13.99,14.61,13.7,14.46,14.46,0,yahoo
USVIX,2019-10-23,14.83,15.12,14.01,14.01,14.01,0,yahoo
USVIX,2019-10-24,13.98,14.34,13.4,13.71,13.71,0,yahoo
USVIX,2019-10-25,13.53,13.79,12.62,12.65,12.65,0,yahoo
USVIX,2019-10-28,13.01,13.14,12.66,13.11,13.11,0,yahoo
USVIX,2019-10-29,13.16,13.52,13.07,13.2,13.2,0,yahoo
USVIX,2019-10-30,13.08,13.37,12.27,12.33,12.33,0,yahoo
USVIX,2019-10-31,13.51,13.95,13.18,13.22,13.22,0,yahoo
USVIX,2019-11-01,12.5,12.6,12.26,12.3,12.3,0,yahoo
USVIX,2019-11-04,12.68,13.13,12.44,12.83,12.83,0,yahoo
USVIX,2019-11-05,12.85,13.28,12.25,13.1,13.1,0,yahoo
USVIX,2019-11-06,13.18,13.39,12.6,12.62,12.62,0,yahoo
USVIX,2019-11-07,12.59,12.89,12.26,12.73,12.73,0,yahoo
USVIX,2019-11-08,12.98,13.05,12,12.07,12.07,0,yahoo
USVIX,2019-11-11,13.15,13.49,12.66,12.69,12.69,0,yahoo
USVIX,2019-11-12,12.64,13.1,12.36,12.68,12.68,0,yahoo
USVIX,2019-11-13,12.91,13.9,12.88,13,13,0,yahoo
USVIX,2019-11-14,13.16,13.81,12.93,13.05,13.05,0,yahoo
USVIX,2019-11-15,12.95,12.97,11.92,12.05,12.05,0,yahoo
USVIX,2019-11-18,12.39,13.1,12.32,12.46,12.46,0,yahoo
USVIX,2019-11-19,12.33,13.01,12.16,12.86,12.86,0,yahoo
USVIX,2019-11-20,13.42,14.17,12.61,12.78,12.78,0,yahoo
USVIX,2019-11-21,13.35,13.86,12.49,13.13,13.13,0,yahoo
USVIX,2019-11-22,12.82,13.25,12.33,12.34,12.34,0,yahoo
USVIX,2019-11-25,12.51,12.59,11.73,11.87,11.87,0,yahoo
USVIX,2019-11-26,11.88,12.04,11.42,11.54,11.54,0,yahoo
USVIX,2019-11-27,11.55,11.79,11.44,11.75,11.75,0,yahoo
USVIX,2019-11-29,12.5,12.83,12.12,12.62,12.62,0,yahoo
USVIX,2019-12-02,12.69,15.27,12.55,14.91,14.91,0,yahoo
USVIX,2019-12-03,14.68,17.99,14.61,15.96,15.96,0,yahoo
USVIX,2019-12-04,16.38,16.4,14.12,14.8,14.8,0,yahoo
USVIX,2019-12-05,14.46,15.37,14.17,14.52,14.52,0,yahoo
USVIX,2019-12-06,14.37,14.47,13.19,13.62,13.62,0,yahoo
USVIX,2019-12-09,14.25,16.07,12.25,15.86,15.86,0,yahoo
USVIX,2019-12-10,15.8,16.9,14.93,15.68,15.68,0,yahoo
USVIX,2019-12-11,15.57,15.97,14.98,14.99,14.99,0,yahoo
USVIX,2019-12-12,14.94,15.55,13.6,13.94,13.94,0,yahoo
USVIX,2019-12-13,13.18,14.35,12.54,12.63,12.63,0,yahoo
USVIX,2019-12-16,12.47,12.53,11.71,12.14,12.14,0,yahoo
USVIX,2019-12-17,12.23,12.47,11.9,12.29,12.29,0,yahoo
USVIX,2019-12-18,12.24,12.7,11.93,12.58,12.58,0,yahoo
USVIX,2019-12-19,12.55,12.78,12.43,12.5,12.5,0,yahoo
USVIX,2019-12-20,12.55,12.61,12.04,12.51,12.51,0,yahoo
USVIX,2019-12-23,12.81,12.9,12.41,12.61,12.61,0,yahoo
USVIX,2019-12-24,12.65,12.84,12.56,12.67,12.67,0,yahoo
USVIX,2019-12-26,12.74,12.75,11.72,12.65,12.65,0,yahoo
USVIX,2019-12-27,12.61,13.72,11.89,13.43,13.43,0,yahoo
USVIX,2019-12-30,13.74,15.14,13.44,14.82,14.82,0,yahoo
USVIX,2019-12-31,14.84,15.39,13.75,13.78,13.78,0,yahoo
