symbol,date,open,high,low,close,adj_close,volume,source
BANKNIFTY,2021-01-01,31297.3008,31384.3496,31188.25,31225.8496,31225.4863,362800,yahoo
BANKNIFTY,2021-01-04,31485.1504,31489.5996,30893.6504,31212.4492,31212.0859,0,yahoo
BANKNIFTY,2021-01-05,31041.0996,31767.6504,30935.5508,31722.25,31721.8809,0,yahoo
BANKNIFTY,2021-01-06,31839.9492,31982.3008,31548.1504,31797.9004,31797.5312,0,yahoo
BANKNIFTY,2021-01-07,32129.8008,32177.4004,31911.5,31956,31955.6289,0,yahoo
BANKNIFTY,2021-01-08,32298.0508,32298.0508,32002.9492,32084.1992,32083.8262,0,yahoo
BANKNIFTY,2021-01-11,32280.3008,32288.4492,31836.9492,31998.9004,31998.5293,0,yahoo
BANKNIFTY,2021-01-12,31835.0508,32397.9492,31725.8496,32339,32338.625,0,yahoo
BANKNIFTY,2021-01-13,32546.5996,32683.5,32148.25,32574.6504,32574.2715,0,yahoo
BANKNIFTY,2021-01-14,32526.6992,32718.9492,32442.3496,32519.75,32519.3711,0,yahoo
BANKNIFTY,2021-01-15,32508.9004,32544.8008,32044.3496,32246.8008,32246.4258,0,yahoo
BANKNIFTY,2021-01-18,32275.1504,32441.5,31650.9004,31811.75,31811.3809,396800,yahoo
BANKNIFTY,2021-01-19,32082.9004,32464.9492,31863.9492,32424.8496,32424.4727,354800,yahoo
BANKNIFTY,2021-01-20,32388.9492,32607.4492,32322.9004,32543.6992,32543.3203,0,yahoo
BANKNIFTY,2021-01-21,32732.8008,32842.3008,31985.5508,32186.9004,32186.5254,0,yahoo
BANKNIFTY,2021-01-22,32088,32131.4004,31119.9004,31167.25,31166.8887,0,yahoo
BANKNIFTY,2021-01-25,31507.1504,31697.5508,31013.6504,31198.4004,31198.0371,0,yahoo
BANKNIFTY,2021-01-27,31236.25,31287.0508,30165.6504,30284.5508,30284.1992,0,yahoo
BANKNIFTY,2021-01-28,29812.3008,30464.4004,29687.6992,30358.3008,30357.9473,0,yahoo
BANKNIFTY,2021-01-29,30700.6504,31111.9492,30254.5508,30565.5,30565.1445,0,yahoo
BANKNIFTY,2021-02-01,30976.3496,33305.3008,30906.4492,33089.0508,33088.668,0,yahoo
BANKNIFTY,2021-02-02,33589.0508,34652.5,33583.1484,34267.8984,34267.5,672200,yahoo
BANKNIFTY,2021-02-03,34555.6016,34908.0508,34011.8984,34758.4492,34758.0469,605200,yahoo
BANKNIFTY,2021-02-04,34548.8984,35413.1484,34238.8984,35344.8008,35344.3906,0,yahoo
BANKNIFTY,2021-02-05,35634.9492,36615.1992,35545,35654.5,35654.0859,0,yahoo
BANKNIFTY,2021-02-08,36073.8516,36466.4492,35872.25,35983.6484,35983.2305,0,yahoo
BANKNIFTY,2021-02-09,36058.8008,36477.1484,35636.8516,36056.5,36056.082,0,yahoo
BANKNIFTY,2021-02-10,36042.3516,36227.1992,35428.1484,35783.1016,35782.6875,0,yahoo
BANKNIFTY,2021-02-11,35687.25,36009.4492,35573.3008,35752.1016,35751.6875,0,yahoo
BANKNIFTY,2021-02-12,35736.6016,36322.8008,35700.25,36108.8984,36108.4805,0,yahoo
BANKNIFTY,2021-02-15,36501.3984,37449.8984,36405.1016,37306.25,37305.8164,0,yahoo
BANKNIFTY,2021-02-16,37492.6016,37708.75,36762.75,37098.3984,37097.9688,0,yahoo
BANKNIFTY,2021-02-17,37041.9492,37331.4492,36764.25,36910.9492,36910.5195,0,yahoo
BANKNIFTY,2021-02-18,37088.75,37108.75,36367.4492,36587,36586.5742,0,yahoo
BANKNIFTY,2021-02-19,36371.5508,36656.1992,35584.6016,35841.6016,35841.1836,0,yahoo
BANKNIFTY,2021-02-22,35874.3008,36128.8984,35097.5508,35257.1992,35256.7891,0,yahoo
BANKNIFTY,2021-02-23,35540.5508,35680.8516,34976,35116.9492,35116.543,0,yahoo
BANKNIFTY,2021-02-24,35205.3984,36567.6484,35060.6484,36452.3008,36451.8789,272900,yahoo
BANKNIFTY,2021-02-25,36763.1484,37232.1992,36494,36549,36548.5742,455900,yahoo
BANKNIFTY,2021-02-26,35806.6484,35902.8984,34658.6992,34803.6016,34803.1953,0,yahoo
BANKNIFTY,2021-03-01,35374.25,35581.1016,34983.75,35296,35295.5898,0,yahoo
BANKNIFTY,2021-03-02,35458.1484,35747.0508,35002.4492,35419.6992,35419.2891,0,yahoo
BANKNIFTY,2021-03-03,35754.4492,36455.1484,35570.5508,36368.0508,36367.6289,0,yahoo
BANKNIFTY,2021-03-04,35575.6484,36316.3984,35519.25,35802.5,35802.082,0,yahoo
BANKNIFTY,2021-03-05,35458.5,35616.0508,34893.25,35228.1484,35227.7383,0,yahoo
BANKNIFTY,2021-03-08,35462.4492,35827.3008,35090.75,35275.75,35275.3398,0,yahoo
BANKNIFTY,2021-03-09,35705.8984,36077.8008,35544.9492,35865.6484,35865.2305,0,yahoo
BANKNIFTY,2021-03-10,36112.25,36176.8984,35764.3516,35938.3008,35937.8828,0,yahoo
BANKNIFTY,2021-03-12,36497.3516,36497.3516,35188.0508,35496.6484,35496.2344,0,yahoo
BANKNIFTY,2021-03-15,35544.25,35544.25,34430.6484,35182.5508,35182.1406,0,yahoo
BANKNIFTY,2021-03-16,35352,35405.0508,34744.6016,34804.6016,34804.1953,0,yahoo
BANKNIFTY,2021-03-17,34905.0508,35100.5,34126.8516,34229.25,34228.8516,0,yahoo
BANKNIFTY,2021-03-18,34577.5,34759.8516,33597.5508,33856.8008,33856.4062,0,yahoo
BANKNIFTY,2021-03-19,33590.3984,34355.3984,33361,34161.6016,34161.2031,0,yahoo
BANKNIFTY,2021-03-22,34088.3984,34148.8984,33389.1484,33603.4492,33603.0586,0,yahoo
BANKNIFTY,2021-03-23,33747.9492,34360.0508,33622,34184.3984,34184,0,yahoo
BANKNIFTY,2021-03-24,33894.6992,33970.6484,33203.3984,33293.25,33292.8633,0,yahoo
BANKNIFTY,2021-03-25,33420.75,33550.1484,32415.25,33006.4492,33006.0664,0,yahoo
BANKNIFTY,2021-03-26,33605.0508,33610.6484,33166.1016,33318.1992,33317.8125,0,yahoo
BANKNIFTY,2021-03-30,33615.8984,33990.8008,33564.5508,33875.1016,33874.707,374200,yahoo
BANKNIFTY,2021-03-31,33764.8008,33773.1016,33151.8008,33303.8984,33303.5117,0,yahoo
BANKNIFTY,2021-04-01,33588,33949.1484,33208.75,33858,33857.6055,0,yahoo
BANKNIFTY,2021-04-05,33649.1484,33697.75,32330.1504,32678.8496,32678.4707,0,yahoo
BANKNIFTY,2021-04-06,32915.6484,33007.6484,32338.4004,32501.3496,32500.9727,0,yahoo
BANKNIFTY,2021-04-07,32529.6992,33191.6992,32141.5508,32991.1992,32990.8164,0,yahoo
BANKNIFTY,2021-04-08,33154.1992,33306.8008,32704.75,32782.8516,32782.4688,0,yahoo
BANKNIFTY,2021-04-09,32636.9004,32972.1484,32329.9492,32448.0508,32447.6738,0,yahoo
BANKNIFTY,2021-04-12,31637.9004,31698.0508,30520.3008,30792,30791.6426,0,yahoo
BANKNIFTY,2021-04-13,30901.8008,31885.4492,30722.8496,31771.5996,31771.2305,0,yahoo
BANKNIFTY,2021-04-15,31929.0996,32187.0508,31406.4004,32112.8496,32112.4766,0,yahoo
BANKNIFTY,2021-04-16,32161.4492,32325.1504,31911.9004,31977.4492,31977.0781,0,yahoo
BANKNIFTY,2021-04-19,30993.4492,31304.3008,30405.6504,31208.4004,31208.0371,0,yahoo
BANKNIFTY,2021-04-20,31568.9492,31731.6504,30891,31112.6992,31112.3379,0,yahoo
BANKNIFTY,2021-04-22,30763.5,31834.5,30555.25,31782.5996,31782.2305,368400,yahoo
BANKNIFTY,2021-04-23,31490.5996,32148.4004,31377.1504,31722.3008,31721.9316,0,yahoo
BANKNIFTY,2021-04-26,32316.6504,32603.6992,32144.8008,32275.1504,32274.7754,0,yahoo
BANKNIFTY,2021-04-27,32228.9492,32807.1016,32152.9492,32735.3496,32734.9688,0,yahoo
BANKNIFTY,2021-04-28,32865.5,33777.6992,32840.3008,33722.8008,33722.4102,0,yahoo
BANKNIFTY,2021-04-29,33901.6016,34287,33304.6016,33714.5,33714.1094,0,yahoo
BANKNIFTY,2021-04-30,33112.3984,33455.25,32663.4004,32781.8008,32781.418,0,yahoo
BANKNIFTY,2021-05-03,32368.5508,32566.5996,31906.5508,32465.75,32465.373,351000,yahoo
BANKNIFTY,2021-05-04,32610.4004,33011.5508,32191.4004,32270.3496,32269.9746,786800,yahoo
BANKNIFTY,2021-05-05,32577.0996,32862.1484,32068.5508,32783.6992,32783.3164,0,yahoo
BANKNIFTY,2021-05-06,32900.75,32956.3516,32564,32827.8008,32827.418,0,yahoo
BANKNIFTY,2021-05-07,33041.6484,33259.1484,32771.3516,32904.5,32904.1172,0,yahoo
BANKNIFTY,2021-05-10,33175.3008,33297.6016,33028.1484,33142.3984,33142.0117,0,yahoo
BANKNIFTY,2021-05-11,32640.9492,33154.3008,32611.6992,32872.1992,32871.8164,0,yahoo
BANKNIFTY,2021-05-12,32717.6504,32747.6992,32352.3008,32452.3008,32451.9238,0,yahoo
BANKNIFTY,2021-05-14,32495.1504,32622.6504,32115.5,32169.5508,32169.1777,0,yahoo
BANKNIFTY,2021-05-17,32437.8496,33506.8984,32318.6992,33459.25,33458.8594,0,yahoo
BANKNIFTY,2021-05-18,33893.1016,34142.8516,33730.4492,33922.3984,33922.0039,0,yahoo
BANKNIFTY,2021-05-19,33717.1016,33959.3008,33608.25,33685.1992,33684.8086,0,yahoo
BANKNIFTY,2021-05-20,33692.5508,33833.6992,33273.9492,33334.5508,33334.1641,0,yahoo
BANKNIFTY,2021-05-21,33559.8008,34694.4492,33559.75,34606.8984,34606.4961,0,yahoo
BANKNIFTY,2021-05-24,34869.3008,35216.1016,34528.3008,34943.6016,34943.1953,0,yahoo
BANKNIFTY,2021-05-25,35095,35125.8516,34410.3984,34662,34661.5977,0,yahoo
BANKNIFTY,2021-05-26,34757.1484,34897.9492,34462.5,34684.1992,34683.7969,0,yahoo
BANKNIFTY,2021-05-27,34664.1992,35220.8008,34529.6992,35095.0508,35094.6445,0,yahoo
BANKNIFTY,2021-05-28,35345.6484,35436.6484,34977.1992,35141.4492,35141.0391,0,yahoo
BANKNIFTY,2021-05-31,35097.4492,35584.3008,34930.1016,35526.6484,35526.2344,0,yahoo
BANKNIFTY,2021-06-01,35639.75,35713.8984,35241.1992,35337.1992,35336.7891,0,yahoo
BANKNIFTY,2021-06-02,35271.6016,35415.8516,35070.3008,35373.75,35373.3398,0,yahoo
BANKNIFTY,2021-06-03,35536.4492,35723.6992,35413,35649,35648.5859,0,yahoo
BANKNIFTY,2021-06-04,35657.8516,35810.8984,35176.1484,35291.6484,35291.2383,0,yahoo
BANKNIFTY,2021-06-07,35460.8008,35545.8516,35338.5508,35443.6484,35443.2383,0,yahoo
BANKNIFTY,2021-06-08,35433.8008,35449.5,34962.6484,35085.3008,35084.8945,0,yahoo
BANKNIFTY,2021-06-09,35114.25,35402.4492,34641.1992,34800.5,34800.0938,0,yahoo
BANKNIFTY,2021-06-10,34903.6016,35165.6484,34734.3984,35131.1992,35130.7891,0,yahoo
BANKNIFTY,2021-06-11,35324.6484,35344,34891.3008,35047.3984,35046.9922,0,yahoo
BANKNIFTY,2021-06-14,34936.5508,34995.1484,34374.3516,34950.6016,34950.1953,0,yahoo
BANKNIFTY,2021-06-15,35038.0508,35317.3984,34917.8984,35247.75,35247.3398,0,yahoo
BANKNIFTY,2021-06-16,35196.25,35380,34916.1992,35003.5,35003.0938,0,yahoo
BANKNIFTY,2021-06-17,34619.8008,34882.3984,34458.1016,34605.3984,34604.9961,0,yahoo
BANKNIFTY,2021-06-18,34735.1484,34787.3984,33908.9492,34558,34557.5977,0,yahoo
BANKNIFTY,2021-06-21,34109.4492,34927.6484,33937.5,34871.3008,34870.8945,0,yahoo
BANKNIFTY,2021-06-22,35084.8984,35281.8984,34664.3516,34745,34744.5977,0,yahoo
BANKNIFTY,2021-06-23,34911.8516,34937.6484,34525.4492,34574,34573.5977,0,yahoo
BANKNIFTY,2021-06-24,34687.6992,34935.3008,34592.3516,34827,34826.5938,0,yahoo
BANKNIFTY,2021-06-25,34916.6484,35491.9492,34915.8516,35364.6484,35364.2383,0,yahoo
BANKNIFTY,2021-06-28,35488.1992,35576.9492,35236.4492,35359.4492,35359.0391,0,yahoo
BANKNIFTY,2021-06-29,35320.4492,35337.4492,34913.6992,35010.3008,35009.8945,0,yahoo
BANKNIFTY,2021-06-30,35001.8984,35214.8984,34730.4492,34772.1992,34771.7969,0,yahoo
BANKNIFTY,2021-07-01,34866,34917.6484,34650.9492,34684,34683.5977,164000,yahoo
BANKNIFTY,2021-07-02,34728.1016,34894.4492,34632.6016,34809.8984,34809.4922,165600,yahoo
BANKNIFTY,2021-07-05,35010.9492,35234.3008,34926.3984,35212,35211.5898,0,yahoo
BANKNIFTY,2021-07-06,35173.6016,35807.4492,35165.5508,35579.1484,35578.7344,0,yahoo
BANKNIFTY,2021-07-07,35550.6016,35795.75,35427.6484,35771.3008,35770.8867,0,yahoo
BANKNIFTY,2021-07-08,35603.25,35811,35134.6484,35274.1016,35273.6914,0,yahoo
BANKNIFTY,2021-07-09,35163.75,35225.1992,34859.8984,35071.9492,35071.543,0,yahoo
BANKNIFTY,2021-07-12,35285.0508,35394.3008,35060.3516,35198.8984,35198.4883,0,yahoo
BANKNIFTY,2021-07-13,35480.0508,35727.8516,35340.6992,35673.3984,35672.9844,0,yahoo
BANKNIFTY,2021-07-14,35585.8516,35804.0508,35434.75,35668.25,35667.8359,0,yahoo
BANKNIFTY,2021-07-15,35757.4492,35985.25,35625.6992,35907.6484,35907.2305,0,yahoo
BANKNIFTY,2021-07-16,35977.9492,35977.9492,35674.75,35751.8008,35751.3867,0,yahoo
BANKNIFTY,2021-07-19,35070.5,35347.0508,34899.1992,35079.1992,35078.793,0,yahoo
BANKNIFTY,2021-07-20,34791.1484,34894.1484,34357.3516,34415.4492,34415.0508,0,yahoo
BANKNIFTY,2021-07-22,34774.5508,34989.1016,34557.8516,34677.3008,34676.8984,0,yahoo
BANKNIFTY,2021-07-23,34748.3516,35088,34404.75,35034.3984,35033.9922,0,yahoo
BANKNIFTY,2021-07-26,34947.8516,35138.1992,34669.5508,34949.6992,34949.293,0,yahoo
BANKNIFTY,2021-07-27,35029.3008,35186.1016,34713.5508,34797.4492,34797.043,0,yahoo
BANKNIFTY,2021-07-28,34839.4492,34841.5508,34115.1992,34532.8984,34532.4961,0,yahoo
BANKNIFTY,2021-07-29,34740.3008,34778.1484,34495.1992,34691.5,34691.0977,0,yahoo
BANKNIFTY,2021-07-30,34698.75,34738.75,34445.3984,34584.3516,34583.9492,0,yahoo
BANKNIFTY,2021-08-02,34760.8984,34861.75,34588.25,34710,34709.5977,0,yahoo
BANKNIFTY,2021-08-03,34660.75,35238.4492,34649.1992,35207.4492,35207.0391,0,yahoo
BANKNIFTY,2021-08-04,35388.1484,36219.8008,35313,36028.0508,36027.6328,0,yahoo
BANKNIFTY,2021-08-05,36093.9492,36115.4492,35661.3008,35834.75,35834.332,0,yahoo
BANKNIFTY,2021-08-06,35875.8008,36080.1016,35700.4492,35809.25,35808.832,0,yahoo
BANKNIFTY,2021-08-09,35824.1992,36159.8516,35612.3008,36028.9492,36028.5312,0,yahoo
BANKNIFTY,2021-08-10,35954.5508,36317,35890.5,36034.1016,36033.6836,201200,yahoo
BANKNIFTY,2021-08-11,36218.25,36227.5508,35531.3516,35806.3984,35805.9805,200200,yahoo
BANKNIFTY,2021-08-12,35825.3984,35998.1484,35702.8984,35937.0508,35936.6328,122300,yahoo
BANKNIFTY,2021-08-13,36000.75,36233.3008,35937.1016,36169.3516,36168.9297,125800,yahoo
BANKNIFTY,2021-08-16,36100.6484,36261.5508,36032.3984,36094.5,36094.082,87300,yahoo
BANKNIFTY,2021-08-17,35935.0508,35993.6992,35611.8516,35867.4492,35867.0312,118300,yahoo
BANKNIFTY,2021-08-18,36222.5,36248.8984,35432,35554.5,35554.0859,140500,yahoo
BANKNIFTY,2021-08-20,35146.5,35306.5,34926.5,35033.8516,35033.4453,181200,yahoo
BANKNIFTY,2021-08-23,35424.1992,35427.3984,34817.5,35124.3984,35123.9883,174200,yahoo
BANKNIFTY,2021-08-24,35200.75,35795.3008,35070,35712.1016,35711.6875,173600,yahoo
BANKNIFTY,2021-08-25,35768.8516,35910.3008,35499.6484,35586.25,35585.8359,144300,yahoo
BANKNIFTY,2021-08-26,35485.9492,35785.8008,35411.8008,35617.5508,35617.1367,136400,yahoo
BANKNIFTY,2021-08-27,35559.75,35727.8984,35359.25,35627.8008,35627.3867,120900,yahoo
BANKNIFTY,2021-08-30,35781.0508,36398.4492,35721.8984,36347.6484,36347.2266,150400,yahoo
BANKNIFTY,2021-08-31,36367.3984,36552.8008,36216.1992,36424.6016,36424.1797,210300,yahoo
BANKNIFTY,2021-09-01,36591.4492,36997.6992,36487.1484,36574.3008,36573.875,181500,yahoo
BANKNIFTY,2021-09-02,36588.3984,36895.5508,36469,36831.3008,36830.8711,118900,yahoo
BANKNIFTY,2021-09-03,36883.6484,37140,36563.1992,36761.1484,36760.7227,155600,yahoo
BANKNIFTY,2021-09-06,36878.25,36923.6484,36554.4492,36592.3516,36591.9258,88600,yahoo
BANKNIFTY,2021-09-07,36558.8516,36685.8516,36151.9492,36468.8008,36468.375,124500,yahoo
BANKNIFTY,2021-09-08,36519.6992,36855.8984,36393.6016,36768.1992,36767.7734,175800,yahoo
BANKNIFTY,2021-09-09,36725.5,36857.1992,36566.6992,36683.1992,36682.7734,83600,yahoo
BANKNIFTY,2021-09-13,36608.4492,36724.8516,36327.0508,36471.8008,36471.375,82200,yahoo
BANKNIFTY,2021-09-14,36639.9492,36756,36529.6484,36613.0508,36612.625,109300,yahoo
BANKNIFTY,2021-09-15,36543.5508,36949.6992,36496.0508,36852.25,36851.8203,177900,yahoo
BANKNIFTY,2021-09-16,36946,37720.1484,36907.75,37668.6016,37668.1641,423100,yahoo
BANKNIFTY,2021-09-17,37929.5,38112.75,37396.0508,37811.9492,37811.5078,335100,yahoo
BANKNIFTY,2021-09-20,37388.1992,37802.75,37068.4492,37145.6992,37145.2656,152000,yahoo
BANKNIFTY,2021-09-21,37238.3984,37340.6992,36525.9492,37235.8516,37235.418,154000,yahoo
BANKNIFTY,2021-09-22,37277.1016,37328.6016,36885.6016,36944.6484,36944.2188,106400,yahoo
BANKNIFTY,2021-09-23,37241.25,37830.75,37216.1484,37771.6992,37771.2617,139100,yahoo
BANKNIFTY,2021-09-24,37954,38112.6016,37680,37830.3008,37829.8594,138400,yahoo
BANKNIFTY,2021-09-27,38054.75,38355.1992,37968.1992,38171.25,38170.8047,113000,yahoo
BANKNIFTY,2021-09-28,38360,38377.25,37315.1992,37945,37944.5586,201000,yahoo
BANKNIFTY,2021-09-29,37601.1016,37923.4492,37371.0508,37743,37742.5625,260500,yahoo
BANKNIFTY,2021-09-30,37677.8008,37884.8516,37354.25,37425.1016,37424.668,235100,yahoo
BANKNIFTY,2021-10-01,37140.3984,37299.3984,36876.3516,37225.8984,37225.4648,189200,yahoo
BANKNIFTY,2021-10-04,37392.1484,37670.6992,37355.6016,37579.6484,37579.2109,146400,yahoo
BANKNIFTY,2021-10-05,37499.8008,37786.6016,37364.75,37741,37740.5625,153100,yahoo
BANKNIFTY,2021-10-06,37768.8008,38106.8516,37452,37521.5508,37521.1133,204200,yahoo
BANKNIFTY,2021-10-07,37894,37923.6484,37650.25,37753.1992,37752.7617,136400,yahoo
BANKNIFTY,2021-10-08,37906.3984,38105.1992,37674.3516,37775.25,37774.8125,168200,yahoo
BANKNIFTY,2021-10-11,37782.75,38495.3008,37744.6484,38293.8008,38293.3555,136100,yahoo
BANKNIFTY,2021-10-12,38178.3516,38609.6016,38144.6016,38521.5,38521.0508,201300,yahoo
BANKNIFTY,2021-10-13,38735.3008,38779.0508,38502.6992,38635.75,38635.3008,205900,yahoo
BANKNIFTY,2021-10-14,38684.6484,39375.0508,38673,39340.8984,39340.4414,249600,yahoo
BANKNIFTY,2021-10-18,39794.25,39947.6016,39569.5508,39684.8008,39684.3398,580000,yahoo
BANKNIFTY,2021-10-19,39927.3008,40011.1484,39394.25,39540.5,39540.0391,274900,yahoo
BANKNIFTY,2021-10-20,39545.4492,39774.5508,39292.8008,39518.1992,39517.7383,236900,yahoo
BANKNIFTY,2021-10-21,39676.5508,40200.4492,39428.1016,40030.1992,40029.7344,271300,yahoo
BANKNIFTY,2021-10-22,40192.6484,40587.3516,40149.5508,40323.6484,40323.1797,370500,yahoo
BANKNIFTY,2021-10-25,40961.25,41829.6016,40508.1016,41192.3984,41191.918,476800,yahoo
BANKNIFTY,2021-10-26,41057.75,41367.25,40829.1484,41238.3008,41237.8203,437100,yahoo
BANKNIFTY,2021-10-27,41234.5508,41347,40750,40874.3516,40873.875,322800,yahoo
BANKNIFTY,2021-10-28,40915.1484,40931.0508,39350.1992,39508.9492,39508.4883,512700,yahoo
BANKNIFTY,2021-10-29,39424.5508,39775.25,38426.6484,39115.6016,39115.1484,341300,yahoo
BANKNIFTY,2021-11-01,39432.1484,39862.6016,39120.6484,39763.75,39763.2891,203200,yahoo
BANKNIFTY,2021-11-02,39796.8984,40107.6016,39590.6992,39938.4492,39937.9844,265000,yahoo
BANKNIFTY,2021-11-03,40040.6484,40160.1992,39304.8516,39402.0508,39401.5938,267500,yahoo
BANKNIFTY,2021-11-04,39669.1016,39734.6992,39514.1484,39573.6992,39573.2383,38800,yahoo
BANKNIFTY,2021-11-08,39674.0508,39674.0508,38932.1484,39438.25,39437.793,212900,yahoo
BANKNIFTY,2021-11-09,39517.8516,39560.6016,39223.3984,39368.8008,39368.3438,203500,yahoo
BANKNIFTY,2021-11-10,39206.1992,39220.3008,38873.8008,39023.25,39022.7969,167900,yahoo
BANKNIFTY,2021-11-11,38913.0508,38929.9492,38346.0508,38560.1992,38559.75,146000,yahoo
BANKNIFTY,2021-11-12,38707.1484,38822.8516,38467.8008,38733.3516,38732.9023,136000,yahoo
BANKNIFTY,2021-11-15,38849.4492,39117.1484,38606.6016,38702.3516,38701.9023,112300,yahoo
BANKNIFTY,2021-11-16,38710.8984,38724.6992,38211.1016,38307.1016,38306.6562,129100,yahoo
BANKNIFTY,2021-11-17,38113.3984,38456.3008,37981.1992,38041.5508,38041.1094,139300,yahoo
BANKNIFTY,2021-11-18,38071.8984,38233.9492,37748.4492,37976.25,37975.8086,238700,yahoo
BANKNIFTY,2021-11-22,38232.1484,38241,36655.3984,37128.8008,37128.3711,209500,yahoo
BANKNIFTY,2021-11-23,36787,37448.75,36647.5508,37272.8008,37272.3672,188700,yahoo
BANKNIFTY,2021-11-24,37384.75,37891.8984,37238.0508,37441.9492,37441.5156,157600,yahoo
BANKNIFTY,2021-11-25,37362.0508,37507.9492,37118.3984,37364.75,37364.3164,140800,yahoo
BANKNIFTY,2021-11-26,36830.8984,36868.8984,35904.1016,36025.5,36025.082,211400,yahoo
BANKNIFTY,2021-11-29,36224.4492,36347.8516,35327.8984,35976.4492,35976.0312,187200,yahoo
BANKNIFTY,2021-11-30,35958.8008,36774.1992,35526.3516,35695.3008,35694.8867,227300,yahoo
BANKNIFTY,2021-12-01,35902.8984,36445.3516,35805,36364.8984,36364.4766,173900,yahoo
BANKNIFTY,2021-12-02,36281.8516,36563.5,36166.6992,36508.25,36507.8242,131700,yahoo
BANKNIFTY,2021-12-03,36497.3008,36844,36062.8516,36197.1484,36196.7266,138900,yahoo
BANKNIFTY,2021-12-06,36252.75,36344.5508,35696.75,35735.8984,35735.4844,136000,yahoo
BANKNIFTY,2021-12-07,36086.9492,36820.6992,36013.9492,36618.3984,36617.9727,146700,yahoo
BANKNIFTY,2021-12-08,37052.75,37384.8008,36905.1484,37284.6992,37284.2656,165000,yahoo
BANKNIFTY,2021-12-09,37331.75,37397.5508,36884.4492,37082.4492,37082.0195,123200,yahoo
BANKNIFTY,2021-12-10,37083.1484,37153.25,36824.3984,37105.6484,37105.2188,170900,yahoo
BANKNIFTY,2021-12-13,37358.1992,37581.0508,36861.8984,36925.25,36924.8203,157300,yahoo
BANKNIFTY,2021-12-14,36778.9492,37039.0508,36545.3984,36893.9492,36893.5195,132200,yahoo
BANKNIFTY,2021-12-15,36929.5,37083.5,36743.1992,36789.5508,36789.125,105800,yahoo
BANKNIFTY,2021-12-16,37092.9492,37159.3008,36385.75,36548.6484,36548.2227,112700,yahoo
BANKNIFTY,2021-12-17,36491.8008,36550.75,35535.0508,35618.6484,35618.2344,152100,yahoo
BANKNIFTY,2021-12-20,35124.3516,35231.1016,34018.4492,34439.8516,34439.4531,200100,yahoo
BANKNIFTY,2021-12-21,34863.3516,35050,34389.9492,34607.8516,34607.4492,159600,yahoo
BANKNIFTY,2021-12-22,34865.25,35112.1016,34687.6016,35029.5,35029.0938,128600,yahoo
BANKNIFTY,2021-12-23,35350.5,35477.3008,35046.25,35191.1484,35190.7383,114200,yahoo
BANKNIFTY,2021-12-24,35282.1992,35327.9492,34583.3984,34857.0508,34856.6445,132500,yahoo
BANKNIFTY,2021-12-27,34573.6484,35143.6992,34233,35057.8984,35057.4922,335100,yahoo
BANKNIFTY,2021-12-28,35308.3008,35352.3984,35037.8984,35183.8008,35183.3906,181600,yahoo
BANKNIFTY,2021-12-29,35168.8516,35378.3008,34890.8008,35045.3984,35044.9922,122500,yahoo
BANKNIFTY,2021-12-30,34977.6484,35179.0508,34751.25,35063.6016,35063.1953,328000,yahoo
BANKNIFTY,2021-12-31,35114.3984,35596.9492,35113.75,35481.6992,35481.2852,210300,yahoo
CRUDE,2021-01-04,48.4,49.83,47.18,47.62,47.62,528525,yahoo
CRUDE,2021-01-05,47.38,50.2,47.24,49.93,49.93,643191,yahoo
CRUDE,2021-01-06,49.82,50.94,49.48,50.63,50.63,509365,yahoo
CRUDE,2021-01-07,50.53,51.28,50.39,50.83,50.83,369292,yahoo
CRUDE,2021-01-08,50.93,52.75,50.81,52.24,52.24,499416,yahoo
CRUDE,2021-01-11,52.58,52.7,51.5,52.25,52.25,394822,yahoo
CRUDE,2021-01-12,52.18,53.45,52.07,53.21,53.21,400200,yahoo
CRUDE,2021-01-13,53.31,53.93,52.58,52.91,52.91,429898,yahoo
CRUDE,2021-01-14,52.84,53.75,52.24,53.57,53.57,390087,yahoo
CRUDE,2021-01-15,53.8,53.83,51.83,52.36,52.36,165668,yahoo
CRUDE,2021-01-19,52,53.13,51.76,52.98,52.98,125964,yahoo
CRUDE,2021-01-20,53.13,53.79,53.05,53.24,53.24,400301,yahoo
CRUDE,2021-01-21,52.93,53.41,52.75,53.13,53.13,352397,yahoo
CRUDE,2021-01-22,53.1,53.16,51.44,52.27,52.27,437484,yahoo
CRUDE,2021-01-25,52.17,52.95,51.82,52.77,52.77,349076,yahoo
CRUDE,2021-01-26,52.91,53.25,52.29,52.61,52.61,314538,yahoo
CRUDE,2021-01-27,52.76,53.3,51.85,52.85,52.85,442376,yahoo
CRUDE,2021-01-28,52.65,53.58,52.04,52.34,52.34,411406,yahoo
CRUDE,2021-01-29,52.15,53.25,51.93,52.2,52.2,410914,yahoo
CRUDE,2021-02-01,51.99,53.74,51.64,53.55,53.55,416067,yahoo
CRUDE,2021-02-02,53.48,55.26,53.45,54.76,54.76,463718,yahoo
CRUDE,2021-02-03,55.05,56.33,54.81,55.69,55.69,448693,yahoo
CRUDE,2021-02-04,55.96,56.58,55.3,56.23,56.23,381404,yahoo
CRUDE,2021-02-05,56.46,57.29,56.43,56.85,56.85,400833,yahoo
CRUDE,2021-02-08,57.06,58.14,57,57.97,57.97,399724,yahoo
CRUDE,2021-02-09,58.11,58.62,57.27,58.36,58.36,514698,yahoo
CRUDE,2021-02-10,58.45,58.91,58.08,58.68,58.68,457535,yahoo
CRUDE,2021-02-11,58.4,58.71,57.84,58.24,58.24,380445,yahoo
CRUDE,2021-02-12,57.94,59.82,57.41,59.47,59.47,480822,yahoo
CRUDE,2021-02-16,59.98,60.95,59.33,60.05,60.05,602332,yahoo
CRUDE,2021-02-17,60.24,61.73,59.43,61.14,61.14,335419,yahoo
CRUDE,2021-02-18,61.68,62.26,59.79,60.52,60.52,132035,yahoo
CRUDE,2021-02-19,60.2,60.29,58.59,59.24,59.24,102427,yahoo
CRUDE,2021-02-22,58.88,61.84,58.82,61.49,61.49,505773,yahoo
CRUDE,2021-02-23,62.16,63,60.67,61.67,61.67,570677,yahoo
CRUDE,2021-02-24,61.29,63.51,60.97,63.22,63.22,489933,yahoo
CRUDE,2021-02-25,63.39,63.81,62.65,63.53,63.53,510357,yahoo
CRUDE,2021-02-26,63.46,63.57,61.34,61.5,61.5,472723,yahoo
CRUDE,2021-03-01,61.95,62.92,59.96,60.64,60.64,456679,yahoo
CRUDE,2021-03-02,60.23,61.21,59.38,59.75,59.75,464133,yahoo
CRUDE,2021-03-03,59.55,61.99,59.24,61.28,61.28,465311,yahoo
CRUDE,2021-03-04,61.08,64.86,60.52,63.83,63.83,694628,yahoo
CRUDE,2021-03-05,64.16,66.42,63.82,66.09,66.09,573168,yahoo
CRUDE,2021-03-08,66.68,67.98,64.57,65.05,65.05,533376,yahoo
CRUDE,2021-03-09,64.73,65.98,63.63,64.01,64.01,554564,yahoo
CRUDE,2021-03-10,63.84,64.96,63.13,64.44,64.44,498488,yahoo
CRUDE,2021-03-11,64.7,66.21,64.54,66.02,66.02,441063,yahoo
CRUDE,2021-03-12,65.96,66.24,65.41,65.61,65.61,321714,yahoo
CRUDE,2021-03-15,65.56,66.4,64.13,65.39,65.39,378009,yahoo
CRUDE,2021-03-16,65.33,65.43,63.8,64.8,64.8,317537,yahoo
CRUDE,2021-03-17,64.75,65.34,63.6,64.6,64.6,254724,yahoo
CRUDE,2021-03-18,64.42,64.82,58.2,60,60,143597,yahoo
CRUDE,2021-03-19,59.56,61.72,58.94,61.42,61.42,84171,yahoo
CRUDE,2021-03-22,61.55,61.9,60.39,61.55,61.55,404370,yahoo
CRUDE,2021-03-23,61.28,61.35,57.25,57.76,57.76,712317,yahoo
CRUDE,2021-03-24,57.4,61.34,57.29,61.18,61.18,566291,yahoo
CRUDE,2021-03-25,60.8,60.86,57.44,58.56,58.56,580105,yahoo
CRUDE,2021-03-26,58.48,61.36,58.32,60.97,60.97,471996,yahoo
CRUDE,2021-03-29,60.93,61.77,59.41,61.56,61.56,449360,yahoo
CRUDE,2021-03-30,61.96,62.27,59.94,60.55,60.55,388188,yahoo
CRUDE,2021-03-31,60.45,61.17,58.85,59.16,59.16,414162,yahoo
CRUDE,2021-04-01,59.49,61.75,58.86,61.45,61.45,605567,yahoo
CRUDE,2021-04-05,61.5,61.5,57.63,58.65,58.65,438864,yahoo
CRUDE,2021-04-06,58.8,60.9,58.62,59.33,59.33,457348,yahoo
CRUDE,2021-04-07,59.26,60.04,58.12,59.77,59.77,475537,yahoo
CRUDE,2021-04-08,59.52,59.93,58.82,59.6,59.6,419913,yahoo
CRUDE,2021-04-09,59.76,59.95,59.1,59.32,59.32,351436,yahoo
CRUDE,2021-04-12,59.35,60.77,58.73,59.7,59.7,410218,yahoo
CRUDE,2021-04-13,59.64,60.59,59.64,60.18,60.18,349733,yahoo
CRUDE,2021-04-14,60.44,63.44,60.38,63.15,63.15,419813,yahoo
CRUDE,2021-04-15,62.83,63.57,62.53,63.46,63.46,243370,yahoo
CRUDE,2021-04-16,63.32,63.88,62.83,63.13,63.13,87795,yahoo
CRUDE,2021-04-19,62.98,63.63,62.63,63.38,63.38,74384,yahoo
CRUDE,2021-04-20,63.47,64.25,61.5,62.44,62.44,476046,yahoo
CRUDE,2021-04-21,62.39,62.56,60.86,61.35,61.35,431486,yahoo
CRUDE,2021-04-22,61.11,61.87,60.61,61.43,61.43,344700,yahoo
CRUDE,2021-04-23,61.65,62.43,61.25,62.14,62.14,345407,yahoo
CRUDE,2021-04-26,62.06,62.31,60.66,61.91,61.91,366865,yahoo
CRUDE,2021-04-27,61.97,63.3,61.91,62.94,62.94,361536,yahoo
CRUDE,2021-04-28,63.04,64.53,62.67,63.86,63.86,387683,yahoo
CRUDE,2021-04-29,63.7,65.47,63.65,65.01,65.01,384489,yahoo
CRUDE,2021-04-30,64.88,64.95,63.08,63.58,63.58,400515,yahoo
CRUDE,2021-05-03,63.64,64.68,62.91,64.49,64.49,285969,yahoo
CRUDE,2021-05-04,64.53,66.19,64.29,65.69,65.69,370208,yahoo
CRUDE,2021-05-05,66.45,66.76,64.92,65.63,65.63,460066,yahoo
CRUDE,2021-05-06,65.27,65.98,64.5,64.71,64.71,389214,yahoo
CRUDE,2021-05-07,64.9,65.24,63.9,64.9,64.9,431417,yahoo
CRUDE,2021-05-10,65.57,65.75,63.95,64.92,64.92,448337,yahoo
CRUDE,2021-05-11,64.9,65.5,63.68,65.28,65.28,514949,yahoo
CRUDE,2021-05-12,65.46,66.63,64.97,66.08,66.08,508519,yahoo
CRUDE,2021-05-13,65.75,65.81,63.09,63.82,63.82,547691,yahoo
CRUDE,2021-05-14,63.83,65.62,63.33,65.37,65.37,383749,yahoo
CRUDE,2021-05-17,65.5,66.43,64.83,66.27,66.27,268476,yahoo
CRUDE,2021-05-18,66.33,67.01,64.11,65.49,65.49,167348,yahoo
CRUDE,2021-05-19,65.28,65.35,61.95,63.36,63.36,101902,yahoo
CRUDE,2021-05-20,63.39,63.96,61.89,62.05,62.05,524168,yahoo
CRUDE,2021-05-21,61.89,64.07,61.56,63.58,63.58,530831,yahoo
CRUDE,2021-05-24,63.87,66.14,63.63,66.05,66.05,466647,yahoo
CRUDE,2021-05-25,66.02,66.51,65.41,66.07,66.07,497394,yahoo
CRUDE,2021-05-26,66.04,66.43,65.25,66.21,66.21,376207,yahoo
CRUDE,2021-05-27,66.16,66.92,65.47,66.85,66.85,337542,yahoo
CRUDE,2021-05-28,66.95,67.52,66.17,66.32,66.32,390461,yahoo
CRUDE,2021-06-01,66.68,68.87,66.41,67.72,67.72,570985,yahoo
CRUDE,2021-06-02,67.99,69,67.78,68.83,68.83,332995,yahoo
CRUDE,2021-06-03,68.76,69.4,68.19,68.81,68.81,351367,yahoo
CRUDE,2021-06-04,68.91,69.76,68.33,69.62,69.62,326250,yahoo
CRUDE,2021-06-07,69.52,70,68.93,69.23,69.23,365621,yahoo
CRUDE,2021-06-08,69.29,70.27,68.47,70.05,70.05,441302,yahoo
CRUDE,2021-06-09,70.01,70.62,69.46,69.96,69.96,410820,yahoo
CRUDE,2021-06-10,69.76,70.65,68.68,70.29,70.29,492464,yahoo
CRUDE,2021-06-11,70.1,71.24,69.68,70.91,70.91,563575,yahoo
CRUDE,2021-06-14,70.65,71.78,70.65,70.88,70.88,319639,yahoo
CRUDE,2021-06-15,71.16,72.49,70.81,72.12,72.12,336035,yahoo
CRUDE,2021-06-16,72.45,72.99,71.61,72.15,72.15,426775,yahoo
CRUDE,2021-06-17,71.65,72.3,69.77,71.04,71.04,373780,yahoo
CRUDE,2021-06-18,71.1,72.17,70.16,71.64,71.64,139584,yahoo
CRUDE,2021-06-21,71.52,73.96,71.15,73.66,73.66,123662,yahoo
CRUDE,2021-06-22,73.41,73.95,72.94,73.06,73.06,498555,yahoo
CRUDE,2021-06-23,72.91,74.25,72.82,73.08,73.08,429207,yahoo
CRUDE,2021-06-24,73.28,73.61,72.32,73.3,73.3,334833,yahoo
CRUDE,2021-06-25,73.32,74.18,72.85,74.05,74.05,364721,yahoo
CRUDE,2021-06-28,73.99,74.45,72.62,72.91,72.91,354701,yahoo
CRUDE,2021-06-29,72.78,73.81,71.97,72.98,72.98,321448,yahoo
CRUDE,2021-06-30,73.47,74.14,72.82,73.47,73.47,383626,yahoo
CRUDE,2021-07-01,73.5,76.22,73.39,75.23,75.23,615678,yahoo
CRUDE,2021-07-02,75.02,75.62,74.41,75.16,75.16,377531,yahoo
CRUDE,2021-07-06,75.35,76.98,72.94,73.37,73.37,714044,yahoo
CRUDE,2021-07-07,73.85,74.86,71.07,72.2,72.2,607971,yahoo
CRUDE,2021-07-08,72.17,73.26,70.76,72.94,72.94,529690,yahoo
CRUDE,2021-07-09,73.26,74.76,72.72,74.56,74.56,422154,yahoo
CRUDE,2021-07-12,74.74,74.93,73.16,74.1,74.1,397931,yahoo
CRUDE,2021-07-13,74.18,75.52,73.68,75.25,75.25,444078,yahoo
CRUDE,2021-07-14,75.17,75.44,72.21,73.13,73.13,528360,yahoo
CRUDE,2021-07-15,72.96,72.96,71.4,71.65,71.65,368679,yahoo
CRUDE,2021-07-16,71.48,72.3,70.41,71.81,71.81,133926,yahoo
CRUDE,2021-07-19,71.49,71.67,65.63,66.42,66.42,82565,yahoo
CRUDE,2021-07-20,66.6,67.65,65.21,67.42,67.42,561629,yahoo
CRUDE,2021-07-21,66.45,70.51,66.44,70.3,70.3,503030,yahoo
CRUDE,2021-07-22,70.22,72.03,69.86,71.91,71.91,435181,yahoo
CRUDE,2021-07-23,71.71,72.21,71.39,72.07,72.07,274778,yahoo
CRUDE,2021-07-26,72.18,72.43,70.56,71.91,71.91,395743,yahoo
CRUDE,2021-07-27,72.22,72.33,71.08,71.65,71.65,333123,yahoo
CRUDE,2021-07-28,71.9,72.6,71.7,72.39,72.39,318911,yahoo
CRUDE,2021-07-29,72.4,73.68,72.26,73.62,73.62,294462,yahoo
CRUDE,2021-07-30,73.41,74.23,72.93,73.95,73.95,303700,yahoo
CRUDE,2021-08-02,73.91,73.95,70.55,71.26,71.26,448200,yahoo
CRUDE,2021-08-03,71.52,71.96,69.19,70.56,70.56,509938,yahoo
CRUDE,2021-08-04,70.32,70.81,67.85,68.15,68.15,582924,yahoo
CRUDE,2021-08-05,68.06,69.35,67.61,69.09,69.09,416331,yahoo
CRUDE,2021-08-06,69.14,70.18,67.8,68.28,68.28,537136,yahoo
CRUDE,2021-08-09,67.88,67.9,65.15,66.48,66.48,598381,yahoo
CRUDE,2021-08-10,66.85,68.9,66.56,68.29,68.29,452126,yahoo
CRUDE,2021-08-11,68.51,69.45,66.67,69.25,69.25,513292,yahoo
CRUDE,2021-08-12,69.36,69.62,68.46,69.09,69.09,352465,yahoo
CRUDE,2021-08-13,68.91,69.22,67.77,68.44,68.44,272033,yahoo
CRUDE,2021-08-16,68.13,68.14,65.73,67.29,67.29,334844,yahoo
CRUDE,2021-08-17,67.43,67.72,66.33,66.59,66.59,235303,yahoo
CRUDE,2021-08-18,66.58,67.48,64.34,65.46,65.46,121197,yahoo
CRUDE,2021-08-19,64.58,64.76,62.63,63.69,63.69,88237,yahoo
CRUDE,2021-08-20,64.05,64.1,62.11,62.32,62.32,365009,yahoo
CRUDE,2021-08-23,61.96,66,61.74,65.64,65.64,397290,yahoo
CRUDE,2021-08-24,65.54,67.8,65.41,67.54,67.54,335888,yahoo
CRUDE,2021-08-25,67.63,68.54,66.92,68.36,68.36,353742,yahoo
CRUDE,2021-08-26,68,68.31,67.02,67.42,67.42,344286,yahoo
CRUDE,2021-08-27,67.75,69.05,67.52,68.74,68.74,326056,yahoo
CRUDE,2021-08-30,69.3,69.64,67.67,69.21,69.21,360797,yahoo
CRUDE,2021-08-31,69.18,69.34,68.16,68.5,68.5,325853,yahoo
CRUDE,2021-09-01,68.55,69.24,67.12,68.59,68.59,399497,yahoo
CRUDE,2021-09-02,68.29,70.61,67.84,69.99,69.99,403314,yahoo
CRUDE,2021-09-03,69.76,70.53,69.05,69.29,69.29,313086,yahoo
CRUDE,2021-09-07,69.11,69.48,67.64,68.35,68.35,481704,yahoo
CRUDE,2021-09-08,68.37,69.75,68.31,69.3,69.3,389325,yahoo
CRUDE,2021-09-09,69.36,69.89,67.56,68.14,68.14,556451,yahoo
CRUDE,2021-09-10,67.97,69.96,67.68,69.72,69.72,411079,yahoo
CRUDE,2021-09-13,69.74,70.97,69.51,70.45,70.45,390939,yahoo
CRUDE,2021-09-14,70.64,71.22,69.98,70.46,70.46,414231,yahoo
CRUDE,2021-09-15,70.76,73.14,70.65,72.61,72.61,418665,yahoo
CRUDE,2021-09-16,72.65,72.99,71.53,72.61,72.61,298412,yahoo
CRUDE,2021-09-17,72.62,72.72,71.21,71.97,71.97,119933,yahoo
CRUDE,2021-09-20,71.92,72.08,69.86,70.29,70.29,75837,yahoo
CRUDE,2021-09-21,70.59,71.63,69.67,70.56,70.56,393403,yahoo
CRUDE,2021-09-22,70.85,72.3,70.64,72.23,72.23,381061,yahoo
CRUDE,2021-09-23,71.97,73.5,71.61,73.3,73.3,403405,yahoo
CRUDE,2021-09-24,73.24,74.27,72.81,73.98,73.98,350382,yahoo
CRUDE,2021-09-27,74.19,75.75,74.16,75.45,75.45,417829,yahoo
CRUDE,2021-09-28,75.43,76.67,74.24,75.29,75.29,476143,yahoo
CRUDE,2021-09-29,74.38,75.79,73.74,74.83,74.83,424193,yahoo
CRUDE,2021-09-30,74.78,76.07,73.14,75.03,75.03,583189,yahoo
CRUDE,2021-10-01,75.12,75.99,74.23,75.88,75.88,388996,yahoo
CRUDE,2021-10-04,75.9,78.38,75.32,77.62,77.62,458006,yahoo
CRUDE,2021-10-05,77.58,79.48,77.47,78.93,78.93,449617,yahoo
CRUDE,2021-10-06,79.04,79.78,76.83,77.43,77.43,459055,yahoo
CRUDE,2021-10-07,77,78.89,74.96,78.3,78.3,545008,yahoo
CRUDE,2021-10-08,78.86,80.11,78.63,79.35,79.35,662010,yahoo
CRUDE,2021-10-11,79.59,82.18,79.55,80.52,80.52,653756,yahoo
CRUDE,2021-10-12,80.5,81.62,79.47,80.64,80.64,598181,yahoo
CRUDE,2021-10-13,80.58,81.04,79.42,80.44,80.44,487220,yahoo
CRUDE,2021-10-14,80.59,81.68,80.38,81.31,81.31,399813,yahoo
CRUDE,2021-10-15,81.48,82.66,81.39,82.28,82.28,277953,yahoo
CRUDE,2021-10-18,82.6,83.87,81.84,82.44,82.44,134098,yahoo
CRUDE,2021-10-19,82.37,83.74,81.8,82.96,82.96,82607,yahoo
CRUDE,2021-10-20,83.34,84.25,81.3,83.87,83.87,530693,yahoo
CRUDE,2021-10-21,83.58,83.96,80.79,82.5,82.5,567503,yahoo
CRUDE,2021-10-22,82.61,84.22,81.76,83.76,83.76,465355,yahoo
CRUDE,2021-10-25,83.98,85.41,83.39,83.76,83.76,568725,yahoo
CRUDE,2021-10-26,83.72,84.88,82.97,84.65,84.65,467716,yahoo
CRUDE,2021-10-27,84.39,84.51,82.01,82.66,82.66,529952,yahoo
CRUDE,2021-10-28,82.25,83.21,80.58,82.81,82.81,491585,yahoo
CRUDE,2021-10-29,83.09,83.74,81.41,83.57,83.57,507309,yahoo
CRUDE,2021-11-01,83.36,84.88,82.74,84.05,84.05,412309,yahoo
CRUDE,2021-11-02,83.87,84.41,82.92,83.91,83.91,429608,yahoo
CRUDE,2021-11-03,83.07,83.08,79.69,80.86,80.86,546577,yahoo
CRUDE,2021-11-04,80.18,83.42,78.25,78.81,78.81,701119,yahoo
CRUDE,2021-11-05,79.37,81.8,78.96,81.27,81.27,531054,yahoo
CRUDE,2021-11-08,81.13,82.67,81.05,81.93,81.93,393953,yahoo
CRUDE,2021-11-09,82.16,84.63,81.78,84.15,84.15,504832,yahoo
CRUDE,2021-11-10,84.53,84.97,80.81,81.34,81.34,555215,yahoo
CRUDE,2021-11-11,81.41,82.33,80.2,81.59,81.59,475436,yahoo
CRUDE,2021-11-12,81.21,81.62,79.78,80.79,80.79,390304,yahoo
CRUDE,2021-11-15,80.66,81.2,79.3,80.88,80.88,343484,yahoo
CRUDE,2021-11-16,80.93,81.81,80.03,80.76,80.76,325668,yahoo
CRUDE,2021-11-17,80.54,80.69,77.69,78.36,78.36,174471,yahoo
CRUDE,2021-11-18,78.34,79.36,77.08,79.01,79.01,83984,yahoo
CRUDE,2021-11-19,78.76,79.92,75.37,76.1,76.1,623448,yahoo
CRUDE,2021-11-22,75.75,77.16,74.76,76.75,76.75,465768,yahoo
CRUDE,2021-11-23,76.46,78.86,75.3,78.5,78.5,506987,yahoo
CRUDE,2021-11-24,78.48,79.23,77.98,78.39,78.39,328848,yahoo
CRUDE,2021-11-26,78.34,78.65,67.4,68.15,68.15,844630,yahoo
CRUDE,2021-11-29,69.23,72.93,68.86,69.95,69.95,675090,yahoo
CRUDE,2021-11-30,70.04,71.22,64.43,66.18,66.18,722475,yahoo
CRUDE,2021-12-01,67.01,69.49,64.84,65.57,65.57,602447,yahoo
CRUDE,2021-12-02,65.63,67.49,62.43,66.5,66.5,668293,yahoo
CRUDE,2021-12-03,67.5,69.22,65.6,66.26,66.26,449974,yahoo
CRUDE,2021-12-06,67.02,70.15,66.72,69.49,69.49,401060,yahoo
CRUDE,2021-12-07,69.72,73.03,69.52,72.05,72.05,496528,yahoo
CRUDE,2021-12-08,71.86,73,70.91,72.36,72.36,464846,yahoo
CRUDE,2021-12-09,72.52,73.34,70.39,70.94,70.94,393205,yahoo
CRUDE,2021-12-10,70.68,72.33,70.32,71.67,71.67,397883,yahoo
CRUDE,2021-12-13,72.04,73,70.71,71.29,71.29,406604,yahoo
CRUDE,2021-12-14,71.12,72.03,69.51,70.73,70.73,359454,yahoo
CRUDE,2021-12-15,70.35,71.66,69.39,70.87,70.87,294337,yahoo
CRUDE,2021-12-16,71.48,72.99,71.03,72.38,72.38,142541,yahoo
CRUDE,2021-12-17,71.92,72.26,69.89,70.86,70.86,78125,yahoo
CRUDE,2021-12-20,70.07,70.07,66.04,68.23,68.23,492217,yahoo
CRUDE,2021-12-21,69.21,71.55,68.56,71.12,71.12,358779,yahoo
CRUDE,2021-12-22,71.27,73.16,70.8,72.76,72.76,306709,yahoo
CRUDE,2021-12-23,73.03,73.95,72.27,73.79,73.79,270223,yahoo
CRUDE,2021-12-27,73.38,76.09,72.57,75.57,75.57,268490,yahoo
CRUDE,2021-12-28,75.97,76.92,75.53,75.98,75.98,249728,yahoo
CRUDE,2021-12-29,76.04,77.37,75.36,76.56,76.56,283557,yahoo
CRUDE,2021-12-30,76.58,77.44,75.78,76.99,76.99,231163,yahoo
CRUDE,2021-12-31,76.66,77.08,74.95,75.21,75.21,237118,yahoo
HANGSENG,2021-01-04,27087.1309,27502.8301,27079.2402,27472.8105,27472.8105,2870400000,yahoo
HANGSENG,2021-01-05,27281.3398,27690.2109,27150.3809,27649.8594,27649.8594,3282500000,yahoo
HANGSENG,2021-01-06,27613.3398,27756.4297,27389.7793,27692.3008,27692.3008,3079400000,yahoo
HANGSENG,2021-01-07,27715.9395,27752.3594,27457.4707,27548.5195,27548.5195,3775100000,yahoo
HANGSENG,2021-01-08,27630.0293,27920.7695,27538.1992,27878.2207,27878.2207,5667300000,yahoo
HANGSENG,2021-01-11,28003.9805,28176.6504,27794.8105,27908.2207,27908.2207,4366100000,yahoo
HANGSENG,2021-01-12,27894.2891,28276.75,27781.4199,28276.75,28276.75,3399600000,yahoo
HANGSENG,2021-01-13,28309.3203,28414.5391,28136.6406,28235.5996,28235.5996,3559400000,yahoo
HANGSENG,2021-01-14,28408.1191,28510.9199,28280.0898,28496.8594,28496.8594,3205600000,yahoo
HANGSENG,2021-01-15,28394.3691,28667.5898,28294.6602,28573.8594,28573.8594,4485400000,yahoo
HANGSENG,2021-01-18,28454.5898,28864.25,28390.2891,28862.7695,28862.7695,2956400000,yahoo
HANGSENG,2021-01-19,29100.1699,29848.4297,29100.1699,29642.2793,29642.2793,4568200000,yahoo
HANGSENG,2021-01-20,29794.4102,29993.4707,29676.5391,29962.4707,29962.4707,3937800000,yahoo
HANGSENG,2021-01-21,29951.7793,30135.5,29745.8691,29927.7598,29927.7598,3004900000,yahoo
HANGSENG,2021-01-22,29809.2305,29862.8906,29413.5195,29447.8496,29447.8496,3381700000,yahoo
HANGSENG,2021-01-25,29677.3008,30191.1602,29673.2598,30159.0098,30159.0098,3066500000,yahoo
HANGSENG,2021-01-26,29892.8496,29965.1094,29345.7402,29391.2598,29391.2598,4810700000,yahoo
HANGSENG,2021-01-27,29556.5801,29636.6309,29194.3691,29297.5293,29297.5293,3809000000,yahoo
HANGSENG,2021-01-28,28914.8496,29191.6797,28467.0098,28550.7695,28550.7695,2993500000,yahoo
HANGSENG,2021-01-29,28826.1797,28972.0605,28259.7305,28283.7109,28283.7109,3196800000,yahoo
HANGSENG,2021-02-01,28457.8496,28982.7695,28382.2598,28892.8594,28892.8594,2464300000,yahoo
HANGSENG,2021-02-02,29378.1191,29511,29198.8594,29248.6992,29248.6992,2739200000,yahoo
HANGSENG,2021-02-03,29305.4102,29312,28967.0098,29307.4609,29307.4609,2681400000,yahoo
HANGSENG,2021-02-04,29093.5391,29409,28775.3809,29113.5,29113.5,3032200000,yahoo
HANGSENG,2021-02-05,29305.0898,29495.6406,29184.0898,29288.6797,29288.6797,2675300000,yahoo
HANGSENG,2021-02-08,29629.0801,29706.0801,29293.6406,29319.4707,29319.4707,2196700000,yahoo
HANGSENG,2021-02-09,29442.5,29527.6699,29263.9805,29476.1895,29476.1895,1851000000,yahoo
HANGSENG,2021-02-10,29796.1895,30075.5,29732.2305,30038.7207,30038.7207,1998300000,yahoo
HANGSENG,2021-02-11,29995.2793,30184.1699,29828.6191,30173.5703,30173.5703,1192100000,yahoo
HANGSENG,2021-02-16,30675.8203,30793.4805,30497.4004,30746.6602,30746.6602,3269700000,yahoo
HANGSENG,2021-02-17,30636.3691,31168.3008,30503.4609,31084.9395,31084.9395,3144000000,yahoo
HANGSENG,2021-02-18,31183.3594,31183.3594,30570.5508,30595.2695,30595.2695,3687600000,yahoo
HANGSENG,2021-02-19,30483.4609,30720.1504,30099.7109,30644.7305,30644.7305,3317200000,yahoo
HANGSENG,2021-02-22,31071.6094,31071.6094,30298.5801,30319.8301,30319.8301,4449900000,yahoo
HANGSENG,2021-02-23,30189.9707,30948.4707,30126.4004,30632.6406,30632.6406,4605700000,yahoo
HANGSENG,2021-02-24,30702.6504,30792.8809,29532.6797,29718.2402,29718.2402,4846300000,yahoo
HANGSENG,2021-02-25,30174.2207,30453.1191,29833.0508,30074.1699,30074.1699,3663900000,yahoo
HANGSENG,2021-02-26,29412.1309,29579.6699,28980.2109,28980.2109,28980.2109,4126400000,yahoo
HANGSENG,2021-03-01,29457.8906,29550.75,29195.9707,29452.5703,29452.5703,2629100000,yahoo
HANGSENG,2021-03-02,29708.3906,29765.9609,28957.3105,29095.8594,29095.8594,2895800000,yahoo
HANGSENG,2021-03-03,29249.4297,29912,29183.5898,29880.4199,29880.4199,3228600000,yahoo
HANGSENG,2021-03-04,29525.4805,29597.1602,29102.0996,29236.7891,29236.7891,2957900000,yahoo
HANGSENG,2021-03-05,28667.1406,29397.2695,28513.1309,29098.2891,29098.2891,3996700000,yahoo
HANGSENG,2021-03-08,29362.5898,29386.3301,28422.2695,28540.8301,28540.8301,4906900000,yahoo
HANGSENG,2021-03-09,28665.2598,29047.1309,28326.1309,28773.2305,28773.2305,4377900000,yahoo
HANGSENG,2021-03-10,29255.3691,29255.3691,28710.9102,28907.5195,28907.5195,2842800000,yahoo
HANGSENG,2021-03-11,28909.9805,29412.4199,28893.2109,29385.6094,29385.6094,3604300000,yahoo
HANGSENG,2021-03-12,29550.3691,29550.3691,28707.3496,28739.7207,28739.7207,3557200000,yahoo
HANGSENG,2021-03-15,28923.9492,29178.9902,28612.7402,28833.7598,28833.7598,3096700000,yahoo
HANGSENG,2021-03-16,29036.8203,29118.6191,28872.4004,29027.6895,29027.6895,2351600000,yahoo
HANGSENG,2021-03-17,28992.2402,29180.0098,28780.2305,29034.1191,29034.1191,1901300000,yahoo
HANGSENG,2021-03-18,29317.6094,29596.5801,29317.6094,29405.7207,29405.7207,2113700000,yahoo
HANGSENG,2021-03-19,29158.4805,29271.4004,28737.5391,28990.9395,28990.9395,3814400000,yahoo
HANGSENG,2021-03-22,28801.0898,29139.0703,28801.0898,28885.3398,28885.3398,2065800000,yahoo
HANGSENG,2021-03-23,29008.0195,29043.1797,28376.2207,28497.3809,28497.3809,2049600000,yahoo
HANGSENG,2021-03-24,28437.4902,28457.8691,27827.0508,27918.1406,27918.1406,2689100000,yahoo
HANGSENG,2021-03-25,27628.0801,28032.0098,27505.0801,27899.6094,27899.6094,2595000000,yahoo
HANGSENG,2021-03-26,28043.6504,28415.1504,28014.2891,28336.4297,28336.4297,2415400000,yahoo
HANGSENG,2021-03-29,28317.3203,28484.6602,28132.3594,28338.3008,28338.3008,2847700000,yahoo
HANGSENG,2021-03-30,28552.7695,28694.1504,28371.2305,28577.5,28577.5,2269800000,yahoo
HANGSENG,2021-03-31,28802.5293,28802.5293,28332.7793,28378.3496,28378.3496,2703800000,yahoo
HANGSENG,2021-04-01,28594.5508,28938.7402,28511.6504,28938.7402,28938.7402,2233000000,yahoo
HANGSENG,2021-04-07,29101.4004,29101.4004,28598.8594,28674.8008,28674.8008,2223600000,yahoo
HANGSENG,2021-04-08,28604.1191,29054.8203,28587.1094,29008.0703,29008.0703,2522300000,yahoo
HANGSENG,2021-04-09,29152.4395,29152.4395,28604.5508,28698.8008,28698.8008,1897300000,yahoo
HANGSENG,2021-04-12,28791.9707,28791.9707,28274.2695,28453.2793,28453.2793,1992300000,yahoo
HANGSENG,2021-04-13,28557.8398,28877.1504,28452.1191,28497.25,28497.25,2062100000,yahoo
HANGSENG,2021-04-14,28796.5508,28979.3496,28685.0605,28900.8301,28900.8301,1941500000,yahoo
HANGSENG,2021-04-15,28872.8203,28884.5703,28530.9902,28793.1406,28793.1406,1901900000,yahoo
HANGSENG,2021-04-16,28827.1699,29079.1797,28711.1094,28969.7109,28969.7109,2192400000,yahoo
HANGSENG,2021-04-19,28960.1309,29319.7598,28806.7598,29106.1504,29106.1504,2020100000,yahoo
HANGSENG,2021-04-20,28962.8008,29220.1895,28885.5508,29135.7305,29135.7305,2014200000,yahoo
HANGSENG,2021-04-21,28702.2695,28778.3594,28506.7598,28621.9199,28621.9199,2202000000,yahoo
HANGSENG,2021-04-22,28716.9805,28848.0195,28597,28755.3398,28755.3398,1934900000,yahoo
HANGSENG,2021-04-23,28798.4492,29078.75,28748.5703,29078.75,29078.75,1901000000,yahoo
HANGSENG,2021-04-26,29106.4492,29238.9902,28908.6504,28952.8301,28952.8301,1786400000,yahoo
HANGSENG,2021-04-27,28895.3809,29045.1094,28793.2207,28941.5391,28941.5391,1834900000,yahoo
HANGSENG,2021-04-28,28991.9395,29071.3398,28887.3301,29071.3398,29071.3398,2074100000,yahoo
HANGSENG,2021-04-29,29268.2109,29405.1191,29162.8691,29303.2598,29303.2598,1838100000,yahoo
HANGSENG,2021-04-30,29143.4297,29154.75,28701.6895,28724.8809,28724.8809,2577600000,yahoo
HANGSENG,2021-05-03,28659.9102,28684.8301,28256.0293,28357.5391,28357.5391,1726000000,yahoo
HANGSENG,2021-05-04,28438.1504,28577.5195,28321.3398,28557.1406,28557.1406,1921100000,yahoo
HANGSENG,2021-05-05,28427.6699,28677.3594,28325.9609,28417.9805,28417.9805,1720800000,yahoo
HANGSENG,2021-05-06,28647.9707,28753.9707,28384.1191,28637.4609,28637.4609,2478800000,yahoo
HANGSENG,2021-05-07,28721.1309,28884.0293,28530.7109,28610.6504,28610.6504,2205300000,yahoo
HANGSENG,2021-05-10,28776.9902,28842.1094,28453.1406,28595.6602,28595.6602,2358800000,yahoo
HANGSENG,2021-05-11,28286.5605,28286.5605,27910.7109,28013.8105,28013.8105,2383400000,yahoo
HANGSENG,2021-05-12,28073.9199,28231.0391,27897.4707,28231.0391,28231.0391,2132300000,yahoo
HANGSENG,2021-05-13,27920.0098,28060.9297,27718.6699,27718.6699,27718.6699,2167400000,yahoo
HANGSENG,2021-05-14,27872.6895,28064.0098,27715.8809,28027.5703,28027.5703,1880800000,yahoo
HANGSENG,2021-05-17,28130.5098,28268.3906,28074.1406,28194.0898,28194.0898,1857000000,yahoo
HANGSENG,2021-05-18,28438.0293,28617.3398,28438.0293,28593.8105,28593.8105,2066000000,yahoo
HANGSENG,2021-05-20,28413.4902,28508.2402,28293.2305,28450.2891,28450.2891,2465800000,yahoo
HANGSENG,2021-05-21,28584.3398,28584.3398,28286.9199,28458.4395,28458.4395,1653200000,yahoo
HANGSENG,2021-05-24,28417.9902,28444.3594,28195.5195,28412.2598,28412.2598,1719600000,yahoo
HANGSENG,2021-05-25,28461.5,28929.2402,28461.5,28910.8594,28910.8594,2352100000,yahoo
HANGSENG,2021-05-26,29056.2793,29261.8594,29027.9492,29166.0098,29166.0098,2518500000,yahoo
HANGSENG,2021-05-27,28998.3906,29157.9492,28950.7207,29113.1992,29113.1992,3805000000,yahoo
HANGSENG,2021-05-28,29219.4609,29336.1309,29033.7207,29124.4102,29124.4102,2591600000,yahoo
HANGSENG,2021-05-31,29225.4609,29225.4609,28909.5195,29151.8008,29151.8008,2188600000,yahoo
HANGSENG,2021-06-01,29159.0605,29480.1602,29036.4492,29468,29468,1832000000,yahoo
HANGSENG,2021-06-02,29414.6406,29490.6094,29208.7305,29297.6191,29297.6191,1933200000,yahoo
HANGSENG,2021-06-03,29365.3203,29377.9004,28902.6699,28966.0293,28966.0293,2241800000,yahoo
HANGSENG,2021-06-04,28837.9492,29023.1797,28737.9707,28918.0996,28918.0996,3054600000,yahoo
HANGSENG,2021-06-07,28985.5996,29003.9902,28615.6094,28787.2793,28787.2793,2573200000,yahoo
HANGSENG,2021-06-08,28900.5195,28979.1992,28638.3105,28781.3809,28781.3809,1626900000,yahoo
HANGSENG,2021-06-09,28771.1406,28859.5801,28687.6895,28742.6309,28742.6309,1807000000,yahoo
HANGSENG,2021-06-10,28792.0195,28954.4004,28664.9395,28738.8809,28738.8809,1940100000,yahoo
HANGSENG,2021-06-11,28864.9004,28965.1504,28743.8203,28842.1309,28842.1309,2038600000,yahoo
HANGSENG,2021-06-15,28946.4395,28946.4395,28453.4805,28638.5293,28638.5293,2376500000,yahoo
HANGSENG,2021-06-16,28609.3691,28648.6406,28403.6406,28436.8398,28436.8398,2053800000,yahoo
HANGSENG,2021-06-17,28240.8809,28558.5898,28216.0898,28558.5898,28558.5898,1888000000,yahoo
HANGSENG,2021-06-18,28586.0391,28830.8496,28532.0801,28801.2695,28801.2695,3761400000,yahoo
HANGSENG,2021-06-21,28501.6406,28590.2207,28314.9297,28489,28489,2182700000,yahoo
HANGSENG,2021-06-22,28575.1602,28579,28299.6602,28309.7598,28309.7598,1980100000,yahoo
HANGSENG,2021-06-23,28468.2402,28893.7891,28406.6094,28817.0703,28817.0703,2293400000,yahoo
HANGSENG,2021-06-24,28865.4609,28993.3691,28782.3398,28882.4609,28882.4609,1723200000,yahoo
HANGSENG,2021-06-25,29002.6699,29305.1699,28971.5996,29288.2207,29288.2207,2149400000,yahoo
HANGSENG,2021-06-28,29366.4902,29394.6895,29209.4297,29268.3008,29268.3008,1512600000,yahoo
HANGSENG,2021-06-29,29291.8906,29291.8906,28924.6094,28994.0996,28994.0996,2356500000,yahoo
HANGSENG,2021-06-30,29107.9004,29146.2793,28827.6992,28827.9492,28827.9492,2051500000,yahoo
HANGSENG,2021-07-02,28859.0195,28859.0195,28231.7305,28310.4199,28310.4199,2816200000,yahoo
HANGSENG,2021-07-05,28098.9102,28338.7891,28042.7109,28143.5,28143.5,1827200000,yahoo
HANGSENG,2021-07-06,28136.6309,28151.3496,27904.5293,28072.8594,28072.8594,1904200000,yahoo
HANGSENG,2021-07-07,27777.8105,27969.4102,27703.4102,27960.6191,27960.6191,2040700000,yahoo
HANGSENG,2021-07-08,27881.5,27921.0605,27110.6191,27153.1309,27153.1309,2948600000,yahoo
HANGSENG,2021-07-09,27131.5703,27450.7891,26861.8691,27344.5391,27344.5391,2500000000,yahoo
HANGSENG,2021-07-12,27672.6992,27741.1895,27420.3496,27515.2402,27515.2402,2054200000,yahoo
HANGSENG,2021-07-13,27694.0293,28052.3203,27612.6895,27963.4102,27963.4102,1995600000,yahoo
HANGSENG,2021-07-14,27965.3906,27965.3906,27708.7109,27787.4609,27787.4609,1865700000,yahoo
HANGSENG,2021-07-15,27801.4004,28181.2109,27741.0898,27996.2695,27996.2695,2081500000,yahoo
HANGSENG,2021-07-16,27972.5605,28218.5293,27878.5293,28004.6797,28004.6797,1968800000,yahoo
HANGSENG,2021-07-19,27786.5391,27786.5391,27397.2891,27489.7793,27489.7793,1874200000,yahoo
HANGSENG,2021-07-20,27395.8301,27532.8594,27121.4902,27259.25,27259.25,2263400000,yahoo
HANGSENG,2021-07-21,27339.2207,27371.5,26971.0293,27224.5801,27224.5801,1672500000,yahoo
HANGSENG,2021-07-22,27464.2793,27759.7109,27455.4297,27723.8398,27723.8398,1807200000,yahoo
HANGSENG,2021-07-23,27740.9492,27740.9492,27222.0391,27321.9805,27321.9805,1182700000,yahoo
HANGSENG,2021-07-26,26825.7305,26878.75,26177.4004,26192.3203,26192.3203,2695200000,yahoo
HANGSENG,2021-07-27,26011.5098,26323.6094,24748.8398,25086.4297,25086.4297,4657400000,yahoo
HANGSENG,2021-07-28,25356.7402,25520.75,24848.4297,25473.8809,25473.8809,3391800000,yahoo
HANGSENG,2021-07-29,26221.3594,26335.3594,25857.4199,26315.3203,26315.3203,3272200000,yahoo
HANGSENG,2021-07-30,26042.8398,26151,25636.8906,25961.0293,25961.0293,2425100000,yahoo
HANGSENG,2021-08-02,26054.8105,26300.5508,25743.0898,26235.8008,26235.8008,1768600000,yahoo
HANGSENG,2021-08-03,26289.0605,26289.0605,25774.6191,26194.8203,26194.8203,2010000000,yahoo
HANGSENG,2021-08-04,26161.8301,26650.8203,26009.8301,26426.5508,26426.5508,1776500000,yahoo
HANGSENG,2021-08-05,26390.0098,26569.3691,26126.3691,26204.6895,26204.6895,1695600000,yahoo
HANGSENG,2021-08-06,26262.9707,26276.8691,26002.4102,26179.4004,26179.4004,1559600000,yahoo
HANGSENG,2021-08-09,25969.2305,26527.2402,25920.8496,26283.4004,26283.4004,1585100000,yahoo
HANGSENG,2021-08-10,26456.6094,26610.9492,26138.8691,26605.6191,26605.6191,1735300000,yahoo
HANGSENG,2021-08-11,26491.7402,26822.4707,26454.4492,26660.1602,26660.1602,2414400000,yahoo
HANGSENG,2021-08-12,26623.7695,26713.2402,26385.4492,26517.8203,26517.8203,1655000000,yahoo
HANGSENG,2021-08-13,26296.1895,26521.9492,26200.2402,26391.6191,26391.6191,1336200000,yahoo
HANGSENG,2021-08-16,26365.1895,26449.7109,26046.9004,26181.4609,26181.4609,1648300000,yahoo
HANGSENG,2021-08-17,26137.9004,26258.7891,25615.3809,25745.8691,25745.8691,2291300000,yahoo
HANGSENG,2021-08-18,25800.0293,26025.1406,25708.9492,25867.0098,25867.0098,1756900000,yahoo
HANGSENG,2021-08-19,25787.8398,25832.9199,25183.6699,25316.3301,25316.3301,2312900000,yahoo
HANGSENG,2021-08-20,25241.3203,25244.75,24581.5996,24849.7207,24849.7207,2855800000,yahoo
HANGSENG,2021-08-23,25169.4492,25458.3301,25036.9902,25109.5898,25109.5898,2185000000,yahoo
HANGSENG,2021-08-24,25428.6797,25727.9199,25361.75,25727.9199,25727.9199,2052900000,yahoo
HANGSENG,2021-08-25,25930.0508,25982.6406,25548.4707,25693.9492,25693.9492,1716400000,yahoo
HANGSENG,2021-08-26,25673.7793,25706.6191,25255.8301,25415.6895,25415.6895,1834100000,yahoo
HANGSENG,2021-08-27,25337.5508,25641.3301,25304.6191,25407.8906,25407.8906,1528000000,yahoo
HANGSENG,2021-08-30,25406.4902,25583.5898,25219.8008,25539.5391,25539.5391,1995600000,yahoo
HANGSENG,2021-08-31,25524.2305,25878.9902,25110.7207,25878.9902,25878.9902,2918100000,yahoo
HANGSENG,2021-09-01,25871.8203,26101.9492,25694.1094,26028.2891,26028.2891,2181300000,yahoo
HANGSENG,2021-09-02,26203.5195,26359.3105,25967.9805,26090.4297,26090.4297,2024300000,yahoo
HANGSENG,2021-09-03,26022.6699,26052.8105,25811.7695,25901.9902,25901.9902,2549400000,yahoo
HANGSENG,2021-09-06,25827.1699,26176.4297,25827.1699,26163.6309,26163.6309,1912500000,yahoo
HANGSENG,2021-09-07,26207.2207,26458.8809,26135.4004,26353.6309,26353.6309,1842200000,yahoo
HANGSENG,2021-09-08,26396.1094,26560.0391,26164.7891,26320.9297,26320.9297,1861300000,yahoo
HANGSENG,2021-09-09,26076.9297,26125.0898,25624.5195,25716,25716,2090800000,yahoo
HANGSENG,2021-09-10,25870.7109,26205.9102,25870.7109,26205.9102,26205.9102,2001300000,yahoo
HANGSENG,2021-09-13,25885.3008,25886.9004,25570.8398,25813.8105,25813.8105,2315600000,yahoo
HANGSENG,2021-09-14,25827.6992,25900.6797,25377.8301,25502.2305,25502.2305,2399000000,yahoo
HANGSENG,2021-09-15,25310.0293,25411.9102,24990.9395,25033.2109,25033.2109,2420900000,yahoo
HANGSENG,2021-09-16,25042.0293,25045.5508,24505.2109,24667.8496,24667.8496,2499800000,yahoo
HANGSENG,2021-09-17,24589.1699,24920.7598,24424.7402,24920.7598,24920.7598,3102300000,yahoo
HANGSENG,2021-09-20,24640.4297,24640.4297,23871.8398,24099.1406,24099.1406,2651600000,yahoo
HANGSENG,2021-09-21,23867.1602,24284.8691,23771.4609,24221.5391,24221.5391,2079700000,yahoo
HANGSENG,2021-09-23,24614.1406,24827.4609,24313.6797,24510.9805,24510.9805,2711900000,yahoo
HANGSENG,2021-09-24,24487.2402,24636.6406,24095.7891,24192.1602,24192.1602,2014400000,yahoo
HANGSENG,2021-09-27,24131.4199,24509,24131.4199,24208.7793,24208.7793,2323600000,yahoo
HANGSENG,2021-09-28,24323,24679.4609,24232.9805,24500.3906,24500.3906,2457900000,yahoo
HANGSENG,2021-09-29,24276.7109,24694.4609,24045.9902,24663.5,24663.5,2150200000,yahoo
HANGSENG,2021-09-30,24494.2598,24660.6797,24346.75,24575.6406,24575.6406,1580400000,yahoo
HANGSENG,2021-10-04,24478.6797,24478.6797,23908.0508,24036.3691,24036.3691,1596300000,yahoo
HANGSENG,2021-10-05,23771.6504,24180.0801,23681.4395,24104.1504,24104.1504,1717000000,yahoo
HANGSENG,2021-10-06,24259.1992,24259.1992,23812.3496,23966.4902,23966.4902,1878700000,yahoo
HANGSENG,2021-10-07,24339.3203,24741.2793,24310.1094,24701.7305,24701.7305,1764600000,yahoo
HANGSENG,2021-10-08,25064.8008,25064.8008,24595.5801,24837.8496,24837.8496,2359000000,yahoo
HANGSENG,2021-10-11,25161.8008,25437.1602,25161.8008,25325.0898,25325.0898,2114300000,yahoo
HANGSENG,2021-10-12,24995.9492,25188.7793,24865.8008,24962.5898,24962.5898,1835300000,yahoo
HANGSENG,2021-10-15,25187.0508,25330.9609,24929.5605,25330.9609,25330.9609,2345200000,yahoo
HANGSENG,2021-10-18,25425.3203,25425.3203,25123.25,25409.75,25409.75,1648000000,yahoo
HANGSENG,2021-10-19,25471.25,25808.6191,25458.0293,25787.2109,25787.2109,1671200000,yahoo
HANGSENG,2021-10-20,26074.1992,26214.6309,25915.6191,26136.0195,26136.0195,1823600000,yahoo
HANGSENG,2021-10-21,26141.8496,26229.8008,25840.5898,26017.5293,26017.5293,2085100000,yahoo
HANGSENG,2021-10-22,26114.8398,26195.2891,25976.0293,26126.9297,26126.9297,1699600000,yahoo
HANGSENG,2021-10-25,26020.7793,26212.9004,25929.6699,26132.0293,26132.0293,1455200000,yahoo
HANGSENG,2021-10-26,26234.9395,26234.9395,25905.0801,26038.2695,26038.2695,1533500000,yahoo
HANGSENG,2021-10-27,25795.1699,25795.1699,25555.1699,25628.7402,25628.7402,1620800000,yahoo
HANGSENG,2021-10-28,25648.4199,25736.3809,25473.1602,25555.7305,25555.7305,2021100000,yahoo
HANGSENG,2021-10-29,25466.8594,25516.2207,25314.2402,25377.2402,25377.2402,2051300000,yahoo
HANGSENG,2021-11-01,25268.3496,25270.4102,24972.5,25154.3203,25154.3203,1586700000,yahoo
HANGSENG,2021-11-02,25609.0098,25639.6602,25030.6895,25099.6699,25099.6699,1964600000,yahoo
HANGSENG,2021-11-03,25060.9297,25187.0898,24808.5898,25024.75,25024.75,1690500000,yahoo
HANGSENG,2021-11-04,25141.0996,25244.9805,25010.3594,25225.1895,25225.1895,1639500000,yahoo
HANGSENG,2021-11-05,24950.6797,25049.3691,24724.3906,24870.5098,24870.5098,2020700000,yahoo
HANGSENG,2021-11-08,24743.5391,24837.7695,24633.5703,24763.7695,24763.7695,1762600000,yahoo
HANGSENG,2021-11-09,24952.8203,24956.3691,24678.6602,24813.1309,24813.1309,1154700000,yahoo
HANGSENG,2021-11-10,24787.4395,25013.1094,24481.2598,24996.1406,24996.1406,1688100000,yahoo
HANGSENG,2021-11-11,24856.1094,25324.6602,24836.2109,25247.9902,25247.9902,2001900000,yahoo
HANGSENG,2021-11-12,25522.8301,25527.1309,25210.5605,25327.9707,25327.9707,1632100000,yahoo
HANGSENG,2021-11-15,25437.9902,25483.2598,25230.3301,25390.9102,25390.9102,1155800000,yahoo
HANGSENG,2021-11-16,25446.6504,25746.7109,25410.8691,25713.7793,25713.7793,1528800000,yahoo
HANGSENG,2021-11-17,25667.8105,25667.8105,25520.6699,25650.0801,25650.0801,1193800000,yahoo
HANGSENG,2021-11-18,25369.8809,25414.2109,25222.5996,25319.7207,25319.7207,1342900000,yahoo
HANGSENG,2021-11-19,24934.4004,25077.1504,24825.4297,25049.9707,25049.9707,1640400000,yahoo
HANGSENG,2021-11-22,25057.0605,25099.9492,24869.9395,24951.3398,24951.3398,1510400000,yahoo
HANGSENG,2021-11-23,24688.9902,24794.7207,24618.7402,24651.5801,24651.5801,1486300000,yahoo
HANGSENG,2021-11-24,24672.0996,24851.5293,24557.6309,24685.5,24685.5,1791000000,yahoo
HANGSENG,2021-11-25,24699.6895,24762.6094,24532.8203,24740.1602,24740.1602,1188600000,yahoo
HANGSENG,2021-11-26,24502.6797,24502.6797,24062.2598,24080.5195,24080.5195,1804100000,yahoo
HANGSENG,2021-11-29,23910.4902,24134.3203,23774.3105,23852.2402,23852.2402,1741000000,yahoo
HANGSENG,2021-11-30,23782.8594,23888.3691,23175.3691,23475.2598,23475.2598,3344900000,yahoo
HANGSENG,2021-12-01,23595.5703,23864.3008,23537.6504,23658.9199,23658.9199,2118600000,yahoo
HANGSENG,2021-12-02,23524.0508,23807,23517.5195,23788.9297,23788.9297,2328200000,yahoo
HANGSENG,2021-12-03,23675.2598,23802.7695,23451.9297,23766.6895,23766.6895,2717900000,yahoo
HANGSENG,2021-12-06,23420.4395,23628.3008,23314.9707,23349.3809,23349.3809,2357400000,yahoo
HANGSENG,2021-12-07,23704.5098,23989.7793,23512.5,23983.6602,23983.6602,2120300000,yahoo
HANGSENG,2021-12-08,24090.0195,24097.9805,23907.3008,23996.8691,23996.8691,1778600000,yahoo
HANGSENG,2021-12-09,24168.4102,24324.8398,24153.7207,24254.8594,24254.8594,1743300000,yahoo
HANGSENG,2021-12-10,24070.5605,24214.6797,23916.6309,23995.7207,23995.7207,1413900000,yahoo
HANGSENG,2021-12-13,24242.2598,24385.4395,23936.9297,23954.5801,23954.5801,1538100000,yahoo
HANGSENG,2021-12-14,23693.7305,23817.5801,23560.1309,23635.9492,23635.9492,1553600000,yahoo
HANGSENG,2021-12-15,23658.0391,23745.75,23325.9199,23420.7598,23420.7598,1597100000,yahoo
HANGSENG,2021-12-16,23287.9297,23526.0508,23155.6191,23475.5,23475.5,1499000000,yahoo
HANGSENG,2021-12-17,23463.7793,23463.7793,23158.6992,23192.6309,23192.6309,2188700000,yahoo
HANGSENG,2021-12-20,23079.8301,23145.3008,22665.25,22744.8594,22744.8594,1681600000,yahoo
HANGSENG,2021-12-21,22795.5703,23100.1797,22730.0801,22971.3301,22971.3301,1651200000,yahoo
HANGSENG,2021-12-22,23221.1309,23258.7109,22979.7598,23102.3301,23102.3301,1230800000,yahoo
HANGSENG,2021-12-23,23141.7891,23264.75,23027.1504,23193.6406,23193.6406,1387900000,yahoo
HANGSENG,2021-12-24,23375.9902,23383.1895,23186.5703,23223.7598,23223.7598,622900000,yahoo
HANGSENG,2021-12-28,23282.3496,23319.4395,23099.4805,23280.5605,23280.5605,1433000000,yahoo
HANGSENG,2021-12-29,23253.9805,23253.9805,23008.2793,23086.5391,23086.5391,828400000,yahoo
HANGSENG,2021-12-30,23130.4492,23248.2598,22990.2402,23112.0098,23112.0098,1008400000,yahoo
HANGSENG,2021-12-31,23553.7891,23590.1191,23394.7695,23397.6699,23397.6699,675900000,yahoo
INDIAVIX,2021-01-04,19.56,21.03,19.34,20.03,20.03,0,yahoo
INDIAVIX,2021-01-05,20.03,21.01,20.03,20.46,20.46,0,yahoo
INDIAVIX,2021-01-06,20.46,21.63,20.43,21,21,0,yahoo
INDIAVIX,2021-01-07,21,21,20.14,20.62,20.62,0,yahoo
INDIAVIX,2021-01-08,20.62,20.85,17.38,20.64,20.64,0,yahoo
INDIAVIX,2021-01-11,20.64,22.75,20.64,22.38,22.38,0,yahoo
INDIAVIX,2021-01-12,22.38,23.26,22.29,22.85,22.85,0,yahoo
INDIAVIX,2021-01-13,22.85,24.05,22.37,23.29,23.29,0,yahoo
INDIAVIX,2021-01-14,23.29,23.7,22.81,23.03,23.03,0,yahoo
INDIAVIX,2021-01-15,23.03,24.68,23.03,24.01,24.01,0,yahoo
INDIAVIX,2021-01-18,24.01,25.41,23.57,24.4,24.4,0,yahoo
INDIAVIX,2021-01-19,24.4,24.4,20.36,22.9,22.9,0,yahoo
INDIAVIX,2021-01-20,22.9,23.19,19.33,21.55,21.55,0,yahoo
INDIAVIX,2021-01-21,21.55,22.78,18.62,22.18,22.18,0,yahoo
INDIAVIX,2021-01-25,22.42,23.81,20.34,23.25,23.25,0,yahoo
INDIAVIX,2021-01-27,23.25,24.75,20.83,24.39,24.39,0,yahoo
INDIAVIX,2021-01-28,24.39,25.3,23.44,24.29,24.29,0,yahoo
INDIAVIX,2021-01-29,24.29,25.99,22.08,25.34,25.34,0,yahoo
INDIAVIX,2021-02-01,25.34,25.93,22.6,23.32,23.32,0,yahoo
INDIAVIX,2021-02-02,23.32,23.61,21,23.35,23.35,0,yahoo
INDIAVIX,2021-02-03,23.35,24.2,20.95,23.75,23.75,0,yahoo
INDIAVIX,2021-02-04,23.75,23.93,22.09,23.12,23.12,0,yahoo
INDIAVIX,2021-02-05,23.12,23.94,20.08,23.42,23.42,0,yahoo
INDIAVIX,2021-02-08,23.42,24.35,22.18,23.96,23.96,0,yahoo
INDIAVIX,2021-02-09,23.96,24.47,21.43,24.27,24.27,0,yahoo
INDIAVIX,2021-02-10,24.27,24.96,20.91,23.95,23.95,0,yahoo
INDIAVIX,2021-02-11,23.95,24.22,21.02,23.05,23.05,0,yahoo
INDIAVIX,2021-02-12,23.05,23.07,20.89,22.04,22.04,0,yahoo
INDIAVIX,2021-02-16,21.48,22.12,20.54,21.78,21.78,0,yahoo
INDIAVIX,2021-02-18,21.51,22.09,19.96,21.54,21.54,0,yahoo
INDIAVIX,2021-02-19,21.54,22.87,19.35,22.25,22.25,0,yahoo
INDIAVIX,2021-02-22,22.25,25.82,20.02,25.47,25.47,0,yahoo
INDIAVIX,2021-02-23,25.47,25.64,23.86,25.23,25.23,0,yahoo
INDIAVIX,2021-02-24,25.23,25.23,23.48,24.17,24.17,0,yahoo
INDIAVIX,2021-02-25,24.17,24.17,22.63,22.89,22.89,0,yahoo
INDIAVIX,2021-02-26,22.89,29.65,22.89,28.14,28.14,0,yahoo
INDIAVIX,2021-03-01,28.14,28.14,24.95,25.63,25.63,0,yahoo
INDIAVIX,2021-03-02,25.63,25.63,23.21,23.61,23.61,0,yahoo
INDIAVIX,2021-03-03,23.61,23.61,21.82,22.09,22.09,0,yahoo
INDIAVIX,2021-03-04,22.09,24.58,22.09,24.15,24.15,0,yahoo
INDIAVIX,2021-03-05,24.15,26.41,22.86,25.56,25.56,0,yahoo
INDIAVIX,2021-03-08,25.56,25.65,21.2,24.68,24.68,0,yahoo
INDIAVIX,2021-03-09,24.68,24.68,21.44,22.5,22.5,0,yahoo
INDIAVIX,2021-03-10,22.5,22.5,19.32,20.75,20.75,0,yahoo
INDIAVIX,2021-03-12,20.75,22.67,18.54,21.71,21.71,0,yahoo
INDIAVIX,2021-03-15,21.71,22.93,21,21.23,21.23,0,yahoo
INDIAVIX,2021-03-16,21.23,21.23,18.06,20.19,20.19,0,yahoo
INDIAVIX,2021-03-17,20.19,20.42,18.62,20.16,20.16,0,yahoo
INDIAVIX,2021-03-18,20.16,20.95,16.68,20.08,20.08,0,yahoo
INDIAVIX,2021-03-19,20.08,21.87,18.73,19.99,19.99,0,yahoo
INDIAVIX,2021-03-22,19.99,21.23,18.97,20.49,20.49,0,yahoo
INDIAVIX,2021-03-23,20.49,22.14,20.49,20.67,20.67,0,yahoo
INDIAVIX,2021-03-24,20.67,22.69,19.75,22.46,22.46,0,yahoo
INDIAVIX,2021-03-25,22.46,23.31,21.12,22.7,22.7,0,yahoo
INDIAVIX,2021-03-26,22.7,22.92,18.23,20.65,20.65,0,yahoo
INDIAVIX,2021-03-30,20.65,20.65,19.57,20.49,20.49,0,yahoo
INDIAVIX,2021-03-31,20.49,20.83,20,20.65,20.65,0,yahoo
INDIAVIX,2021-04-01,20.65,20.68,19.73,19.99,19.99,0,yahoo
INDIAVIX,2021-04-05,19.99,23.31,19.99,21.22,21.22,0,yahoo
INDIAVIX,2021-04-06,21.22,22.24,19.81,20.84,20.84,0,yahoo
INDIAVIX,2021-04-07,20.84,21.3,19.43,20.25,20.25,0,yahoo
INDIAVIX,2021-04-08,20.25,20.59,19.17,20.31,20.31,0,yahoo
INDIAVIX,2021-04-09,20.31,20.97,19.68,19.79,19.79,0,yahoo
INDIAVIX,2021-04-12,19.79,23.3,19.79,23,23,0,yahoo
INDIAVIX,2021-04-13,23,23,20.3,20.46,20.46,0,yahoo
INDIAVIX,2021-04-15,20.46,21.55,18.25,20.89,20.89,0,yahoo
INDIAVIX,2021-04-16,20.89,21.09,19.48,20.4,20.4,0,yahoo
INDIAVIX,2021-04-19,20.4,23.11,19.81,22.49,22.49,0,yahoo
INDIAVIX,2021-04-20,22.49,22.75,21.24,22.43,22.43,0,yahoo
INDIAVIX,2021-04-22,22.43,23.61,22.43,23.03,23.03,0,yahoo
INDIAVIX,2021-04-23,23.03,23.05,20.21,22.69,22.69,0,yahoo
INDIAVIX,2021-04-26,22.69,23.56,22.62,23.5,23.5,0,yahoo
INDIAVIX,2021-04-27,23.5,23.63,22.32,23.08,23.08,0,yahoo
INDIAVIX,2021-04-28,23.08,23.11,20.97,22.58,22.58,0,yahoo
INDIAVIX,2021-04-29,22.58,23.42,22.11,23.31,23.31,0,yahoo
INDIAVIX,2021-04-30,23.31,23.77,22.6,23.03,23.03,0,yahoo
INDIAVIX,2021-05-03,23.03,24.54,21.84,23.69,23.69,0,yahoo
INDIAVIX,2021-05-04,23.69,23.69,22.18,23.01,23.01,0,yahoo
INDIAVIX,2021-05-06,21.96,22.61,20.12,22.04,22.04,0,yahoo
INDIAVIX,2021-05-07,22.04,22.04,20.31,20.82,20.82,0,yahoo
INDIAVIX,2021-05-10,20.82,21.15,20.14,20.23,20.23,0,yahoo
INDIAVIX,2021-05-12,19.83,20.91,18.36,20.08,20.08,0,yahoo
INDIAVIX,2021-05-14,20.08,21.15,18.23,20.27,20.27,0,yahoo
INDIAVIX,2021-05-17,20.27,20.43,18.36,19.61,19.61,0,yahoo
INDIAVIX,2021-05-18,19.61,19.61,18.31,19.24,19.24,0,yahoo
INDIAVIX,2021-05-19,19.24,19.57,17.23,19.32,19.32,0,yahoo
INDIAVIX,2021-05-21,19.65,19.65,17.13,19.08,19.08,0,yahoo
INDIAVIX,2021-05-24,19.08,19.89,18.72,19.13,19.13,0,yahoo
INDIAVIX,2021-05-26,18.84,21.3,17.23,20.87,20.87,0,yahoo
INDIAVIX,2021-05-27,20.87,21.32,18.35,19.91,19.91,0,yahoo
INDIAVIX,2021-05-28,19.91,19.91,17.36,17.4,17.4,0,yahoo
INDIAVIX,2021-06-01,16.89,17.96,15.31,17.39,17.39,0,yahoo
INDIAVIX,2021-06-02,17.39,17.65,15.17,17.21,17.21,0,yahoo
INDIAVIX,2021-06-03,17.21,17.21,14.15,15.75,15.75,0,yahoo
INDIAVIX,2021-06-04,15.75,16.38,14.94,15.94,15.94,0,yahoo
INDIAVIX,2021-06-07,15.94,15.94,14.74,15.57,15.57,0,yahoo
INDIAVIX,2021-06-08,15.57,15.6,13.57,15.23,15.23,0,yahoo
INDIAVIX,2021-06-09,15.23,15.74,11.95,14.75,14.75,0,yahoo
INDIAVIX,2021-06-10,14.75,15.2,14.18,15,15,0,yahoo
INDIAVIX,2021-06-11,15,15,13.94,14.1,14.1,0,yahoo
INDIAVIX,2021-06-14,14.1,15.31,13.74,14.72,14.72,0,yahoo
INDIAVIX,2021-06-15,14.72,15.16,13.28,14.61,14.61,0,yahoo
INDIAVIX,2021-06-16,14.61,15.32,13.62,14.87,14.87,0,yahoo
INDIAVIX,2021-06-17,14.87,16.05,14.53,15.29,15.29,0,yahoo
INDIAVIX,2021-06-18,15.29,16.62,10.6,14.8,14.8,0,yahoo
INDIAVIX,2021-06-21,14.8,16.46,14.38,15.06,15.06,0,yahoo
INDIAVIX,2021-06-22,15.06,15.11,14.43,14.74,14.74,0,yahoo
INDIAVIX,2021-06-23,14.74,15.54,13.63,15.37,15.37,0,yahoo
INDIAVIX,2021-06-24,15.37,15.64,14.93,15.1,15.1,0,yahoo
INDIAVIX,2021-06-25,15.1,15.27,13.28,13.37,13.37,0,yahoo
INDIAVIX,2021-06-28,13.37,13.77,13.12,13.4,13.4,0,yahoo
INDIAVIX,2021-06-29,13.4,13.4,12.9,13,13,0,yahoo
INDIAVIX,2021-06-30,13,13.14,12.6,13.05,13.05,0,yahoo
INDIAVIX,2021-07-01,13.05,13.28,12.33,12.84,12.84,0,yahoo
INDIAVIX,2021-07-02,12.84,13.02,12.02,12.09,12.09,0,yahoo
INDIAVIX,2021-07-06,12.07,12.36,11.29,12.28,12.28,0,yahoo
INDIAVIX,2021-07-07,12.28,12.59,11.15,12.21,12.21,0,yahoo
INDIAVIX,2021-07-08,12.21,14.01,12.06,13.56,13.56,0,yahoo
INDIAVIX,2021-07-09,13.56,14,12.18,12.94,12.94,0,yahoo
INDIAVIX,2021-07-12,12.94,13.61,11.81,12.99,12.99,0,yahoo
INDIAVIX,2021-07-13,12.99,12.99,10.67,12.62,12.62,0,yahoo
INDIAVIX,2021-07-14,12.62,12.96,10.49,12.59,12.59,0,yahoo
INDIAVIX,2021-07-15,12.59,12.95,11.08,12.27,12.27,0,yahoo
INDIAVIX,2021-07-16,12.27,12.37,11.63,11.71,11.71,0,yahoo
INDIAVIX,2021-07-19,11.71,13.2,11.71,12.68,12.68,0,yahoo
INDIAVIX,2021-07-20,12.68,14.09,11.79,13.21,13.21,0,yahoo
INDIAVIX,2021-07-22,13.21,13.21,11.72,11.89,11.89,0,yahoo
INDIAVIX,2021-07-23,11.89,12.12,11.57,11.76,11.76,0,yahoo
INDIAVIX,2021-07-26,11.76,12.54,10.4,12.45,12.45,0,yahoo
INDIAVIX,2021-07-27,12.45,13.53,12.1,13.23,13.23,0,yahoo
INDIAVIX,2021-07-28,13.23,15.98,11.36,13.69,13.69,0,yahoo
INDIAVIX,2021-07-29,13.69,13.69,12.44,12.95,12.95,0,yahoo
INDIAVIX,2021-07-30,12.95,13.32,12.18,12.8,12.8,0,yahoo
INDIAVIX,2021-08-02,12.8,13.09,11.52,12.81,12.81,0,yahoo
INDIAVIX,2021-08-03,12.81,13.91,11.96,13.75,13.75,0,yahoo
INDIAVIX,2021-08-04,13.75,14.06,12.65,13.21,13.21,0,yahoo
INDIAVIX,2021-08-05,13.21,13.42,11.2,12.87,12.87,0,yahoo
INDIAVIX,2021-08-06,12.87,13.16,11.64,12.61,12.61,0,yahoo
INDIAVIX,2021-08-09,12.61,13.11,12.03,12.61,12.61,0,yahoo
INDIAVIX,2021-08-10,12.61,13.07,9.98,12.71,12.71,0,yahoo
INDIAVIX,2021-08-11,12.71,13.33,10.47,12.71,12.71,0,yahoo
INDIAVIX,2021-08-12,12.71,12.82,11.36,12.37,12.37,0,yahoo
INDIAVIX,2021-08-13,12.37,13.16,11.4,12.99,12.99,0,yahoo
INDIAVIX,2021-08-16,12.99,13.66,11.38,13.46,13.46,0,yahoo
INDIAVIX,2021-08-17,13.46,13.61,12.03,13.41,13.41,0,yahoo
INDIAVIX,2021-08-18,13.41,13.41,11.12,12.91,12.91,0,yahoo
INDIAVIX,2021-08-20,12.91,14.14,12.35,14.02,14.02,0,yahoo
INDIAVIX,2021-08-23,14.02,14.44,12.73,13.69,13.69,0,yahoo
INDIAVIX,2021-08-24,13.69,14.51,13.1,13.19,13.19,0,yahoo
INDIAVIX,2021-08-25,13.19,13.97,12.27,13.5,13.5,0,yahoo
INDIAVIX,2021-08-26,13.5,14.2,12.11,13.54,13.54,0,yahoo
INDIAVIX,2021-08-27,13.54,13.76,12.94,13.41,13.41,0,yahoo
INDIAVIX,2021-08-30,13.41,13.69,12.4,13.32,13.32,0,yahoo
INDIAVIX,2021-08-31,13.32,14.77,12.64,14.52,14.52,0,yahoo
INDIAVIX,2021-09-01,14.52,15.63,13.9,14.19,14.19,0,yahoo
INDIAVIX,2021-09-02,14.19,14.39,13.61,14.24,14.24,0,yahoo
INDIAVIX,2021-09-03,14.24,14.65,13.58,14.54,14.54,0,yahoo
INDIAVIX,2021-09-06,14.54,15.28,14.06,15.11,15.11,0,yahoo
INDIAVIX,2021-09-07,15.11,15.23,14.59,14.9,14.9,0,yahoo
INDIAVIX,2021-09-08,14.9,15.06,12.49,14.41,14.41,0,yahoo
INDIAVIX,2021-09-09,14.41,14.41,13.64,13.94,13.94,0,yahoo
INDIAVIX,2021-09-13,13.94,14.78,11.92,14.03,14.03,0,yahoo
INDIAVIX,2021-09-14,14.03,14.03,10.87,13.58,13.58,0,yahoo
INDIAVIX,2021-09-15,13.58,13.88,12.37,13.73,13.73,0,yahoo
INDIAVIX,2021-09-16,13.73,14.53,9.03,14.41,14.41,0,yahoo
INDIAVIX,2021-09-17,14.41,15.65,12.14,15.23,15.23,0,yahoo
INDIAVIX,2021-09-20,15.23,17.81,10.23,17.49,17.49,0,yahoo
INDIAVIX,2021-09-21,17.49,18,13,16.52,16.52,0,yahoo
INDIAVIX,2021-09-22,16.52,16.86,13.28,16.49,16.49,0,yahoo
INDIAVIX,2021-09-23,16.49,16.94,10.31,16.6,16.6,0,yahoo
INDIAVIX,2021-09-24,16.6,17.33,12.77,16.92,16.92,0,yahoo
INDIAVIX,2021-09-27,16.92,18.14,13.52,18.05,18.05,0,yahoo
INDIAVIX,2021-09-28,18.05,18.57,15.37,18.54,18.54,0,yahoo
INDIAVIX,2021-09-29,18.54,19.43,16.76,18.84,18.84,0,yahoo
INDIAVIX,2021-09-30,18.84,19.14,17.15,18.4,18.4,0,yahoo
INDIAVIX,2021-10-01,18.4,19.08,17,17.21,17.21,0,yahoo
INDIAVIX,2021-10-04,17.21,17.53,15.32,16.74,16.74,0,yahoo
INDIAVIX,2021-10-05,16.74,17.13,16.3,16.4,16.4,0,yahoo
INDIAVIX,2021-10-06,16.4,17.59,16.11,17.33,17.33,0,yahoo
INDIAVIX,2021-10-07,17.33,17.33,14.45,16.16,16.16,0,yahoo
INDIAVIX,2021-10-08,16.16,16.4,15.53,15.65,15.65,0,yahoo
INDIAVIX,2021-10-11,15.65,16.41,12.23,16.09,16.09,0,yahoo
INDIAVIX,2021-10-12,16.09,16.4,13.94,15.85,15.85,0,yahoo
INDIAVIX,2021-10-13,15.85,16.22,13.38,16.1,16.1,0,yahoo
INDIAVIX,2021-10-14,16.1,16.29,12.61,15.77,15.77,0,yahoo
INDIAVIX,2021-10-18,15.77,17.32,14.16,17.18,17.18,0,yahoo
INDIAVIX,2021-10-19,17.18,17.54,14.24,17.38,17.38,0,yahoo
INDIAVIX,2021-10-20,17.38,18.86,15.23,18.31,18.31,0,yahoo
INDIAVIX,2021-10-21,18.31,18.8,14.91,18.04,18.04,0,yahoo
INDIAVIX,2021-10-22,18.04,18.04,14.36,17.55,17.55,0,yahoo
INDIAVIX,2021-10-25,17.55,18.76,14.51,17.61,17.61,0,yahoo
INDIAVIX,2021-10-26,17.61,17.73,16.65,16.75,16.75,0,yahoo
INDIAVIX,2021-10-27,16.75,17.03,15.4,16.83,16.83,0,yahoo
INDIAVIX,2021-10-28,16.83,18.43,16.81,17.91,17.91,0,yahoo
INDIAVIX,2021-10-29,17.91,19.64,16.28,17.43,17.43,0,yahoo
INDIAVIX,2021-11-01,17.43,18.1,15.38,17.24,17.24,0,yahoo
INDIAVIX,2021-11-02,17.24,17.79,16.36,17.06,17.06,0,yahoo
INDIAVIX,2021-11-03,17.06,17.06,15.7,16.13,16.13,0,yahoo
INDIAVIX,2021-11-04,16.13,16.41,14.31,15.75,15.75,0,yahoo
INDIAVIX,2021-11-08,15.75,16.93,13.99,16.34,16.34,0,yahoo
INDIAVIX,2021-11-09,16.34,16.61,14.64,16,16,0,yahoo
INDIAVIX,2021-11-10,16,16.68,15.14,16.31,16.31,0,yahoo
INDIAVIX,2021-11-11,16.31,17.29,14.65,16.35,16.35,0,yahoo
INDIAVIX,2021-11-12,16.35,16.35,14.65,15.22,15.22,0,yahoo
INDIAVIX,2021-11-15,15.22,15.84,13.43,15.47,15.47,0,yahoo
INDIAVIX,2021-11-16,15.47,15.68,13.58,15.2,15.2,0,yahoo
INDIAVIX,2021-11-17,15.2,15.41,13.92,14.98,14.98,0,yahoo
INDIAVIX,2021-11-18,14.98,16.15,12.08,14.86,14.86,0,yahoo
INDIAVIX,2021-11-22,14.86,18.08,13.56,17.52,17.52,0,yahoo
INDIAVIX,2021-11-23,17.52,20.02,16.79,18.02,18.02,0,yahoo
INDIAVIX,2021-11-24,18.02,18.02,15.58,17.1,17.1,0,yahoo
INDIAVIX,2021-11-25,17.1,18.07,16,16.66,16.66,0,yahoo
INDIAVIX,2021-11-26,16.66,21.39,16.05,20.8,20.8,0,yahoo
INDIAVIX,2021-11-29,20.8,23.82,18.89,20.83,20.83,0,yahoo
INDIAVIX,2021-11-30,20.83,21.97,18.81,21.17,21.17,0,yahoo
INDIAVIX,2021-12-01,21.17,21.17,18.93,19.45,19.45,0,yahoo
INDIAVIX,2021-12-02,19.45,22.97,18,18.09,18.09,0,yahoo
INDIAVIX,2021-12-03,18.09,18.83,17.21,18.45,18.45,0,yahoo
INDIAVIX,2021-12-06,18.45,20.48,18.3,20.08,20.08,0,yahoo
INDIAVIX,2021-12-07,20.08,20.08,18.24,18.46,18.46,0,yahoo
INDIAVIX,2021-12-08,18.46,18.46,16.57,17.27,17.27,0,yahoo
INDIAVIX,2021-12-09,17.27,17.43,15.54,16.6,16.6,0,yahoo
INDIAVIX,2021-12-10,16.6,16.93,15.21,16.06,16.06,0,yahoo
INDIAVIX,2021-12-13,16.06,16.86,14.68,16.57,16.57,0,yahoo
INDIAVIX,2021-12-14,16.57,17.33,13.94,16.95,16.95,0,yahoo
INDIAVIX,2021-12-15,16.95,17.71,15.77,17.22,17.22,0,yahoo
INDIAVIX,2021-12-16,17.22,17.22,15.26,15.9,15.9,0,yahoo
INDIAVIX,2021-12-17,15.9,16.91,13.76,16.34,16.34,0,yahoo
INDIAVIX,2021-12-20,16.34,20.14,16.34,18.97,18.97,0,yahoo
INDIAVIX,2021-12-21,18.97,18.97,16.63,17.54,17.54,0,yahoo
INDIAVIX,2021-12-22,17.54,17.54,15.69,16.58,16.58,0,yahoo
INDIAVIX,2021-12-23,16.58,16.58,15.68,15.83,15.83,0,yahoo
INDIAVIX,2021-12-24,15.83,16.65,15.33,16.15,16.15,0,yahoo
INDIAVIX,2021-12-27,16.15,17.28,15.26,17.12,17.12,0,yahoo
INDIAVIX,2021-12-28,17.12,17.12,15.21,16.48,16.48,0,yahoo
INDIAVIX,2021-12-29,16.48,16.86,15.8,16.24,16.24,0,yahoo
INDIAVIX,2021-12-30,16.24,16.79,15.29,16.57,16.57,0,yahoo
INDIAVIX,2021-12-31,16.57,16.77,15.4,16.22,16.22,0,yahoo
NASDAQ,2021-01-04,12958.5195,12958.7197,12543.2402,12698.4502,12698.4502,6636170000,yahoo
NASDAQ,2021-01-05,12665.6504,12828.2695,12665.6504,12818.96,12818.96,6971860000,yahoo
NASDAQ,2021-01-06,12666.1504,12909.6299,12649.9902,12740.79,12740.79,7689880000,yahoo
NASDAQ,2021-01-07,12867.3398,13090.9102,12867.3398,13067.4805,13067.4805,6841480000,yahoo
NASDAQ,2021-01-08,13160.2197,13208.0898,13036.5498,13201.9805,13201.9805,7289390000,yahoo
NASDAQ,2021-01-11,13048.7803,13138.2695,12999.5098,13036.4297,13036.4297,6960470000,yahoo
NASDAQ,2021-01-12,13062.0596,13105.04,12963.9199,13072.4297,13072.4297,7264070000,yahoo
NASDAQ,2021-01-13,13088.0098,13171.1504,13051.0596,13128.9502,13128.9502,7104810000,yahoo
NASDAQ,2021-01-14,13174.75,13220.1602,13098.4102,13112.6396,13112.6396,6734100000,yahoo
NASDAQ,2021-01-15,13099.9004,13139.8301,12949.7598,12998.5,12998.5,6458360000,yahoo
NASDAQ,2021-01-19,13132.7305,13206.8604,13078.7002,13197.1797,13197.1797,6297860000,yahoo
NASDAQ,2021-01-20,13342.5498,13486.1299,13329.7695,13457.25,13457.25,6820990000,yahoo
NASDAQ,2021-01-21,13521.4805,13560.3496,13454.0703,13530.9102,13530.9102,7258640000,yahoo
NASDAQ,2021-01-22,13474.8096,13567.1396,13463.6602,13543.0596,13543.0596,5972750000,yahoo
NASDAQ,2021-01-25,13681.21,13728.9805,13368.6797,13635.9902,13635.9902,7193710000,yahoo
NASDAQ,2021-01-26,13681.7197,13702.6904,13603.1904,13626.0596,13626.0596,6849600000,yahoo
NASDAQ,2021-01-27,13486.5801,13538.4199,13192.9102,13270.5996,13270.5996,11621190000,yahoo
NASDAQ,2021-01-28,13323.29,13507.6396,13316.5195,13337.1602,13337.1602,9959270000,yahoo
NASDAQ,2021-01-29,13284.7197,13322,12985.0498,13070.6904,13070.6904,7872250000,yahoo
NASDAQ,2021-02-01,13226.1797,13431.46,13132.4697,13403.3896,13403.3896,7092520000,yahoo
NASDAQ,2021-02-02,13543.0996,13652.7002,13535.8604,13612.7803,13612.7803,7325270000,yahoo
NASDAQ,2021-02-03,13718.3096,13723.8301,13585.3398,13610.54,13610.54,7546940000,yahoo
NASDAQ,2021-02-04,13674.0596,13778.4199,13631.6201,13777.7402,13777.7402,7295370000,yahoo
NASDAQ,2021-02-05,13824.8799,13878.1602,13761.6602,13856.2998,13856.2998,6792910000,yahoo
NASDAQ,2021-02-08,13937.0596,13987.7402,13894.1504,13987.6396,13987.6396,8564530000,yahoo
NASDAQ,2021-02-09,13966.8203,14044.9502,13966.5498,14007.7002,14007.7002,8766770000,yahoo
NASDAQ,2021-02-10,14093.3496,14109.1201,13845.4697,13972.5303,13972.5303,10785930000,yahoo
NASDAQ,2021-02-11,14045.21,14058.9102,13916.8496,14025.7695,14025.7695,10916780000,yahoo
NASDAQ,2021-02-12,13979.21,14102.04,13937.71,14095.4697,14095.4697,7416940000,yahoo
NASDAQ,2021-02-16,14152.21,14175.1201,13995.4502,14047.5,14047.5,7722100000,yahoo
NASDAQ,2021-02-17,13911.6504,13976.4297,13804.2598,13965.4902,13965.4902,7280500000,yahoo
NASDAQ,2021-02-18,13814.6699,13905.96,13714.3496,13865.3604,13865.3604,6499420000,yahoo
NASDAQ,2021-02-19,13929.2002,13985.5801,13842.5996,13874.46,13874.46,6737820000,yahoo
NASDAQ,2021-02-22,13714.2002,13757.0596,13530.96,13533.0498,13533.0498,6483740000,yahoo
NASDAQ,2021-02-23,13262.6104,13526.0898,13003.9805,13465.2002,13465.2002,7516510000,yahoo
NASDAQ,2021-02-24,13400.25,13607.3604,13286.5898,13597.9697,13597.9697,5886230000,yahoo
NASDAQ,2021-02-25,13512.6396,13602.8604,13066.3799,13119.4297,13119.4297,6390380000,yahoo
NASDAQ,2021-02-26,13232.9004,13368.0596,13024.5303,13192.3496,13192.3496,5906110000,yahoo
NASDAQ,2021-03-01,13406.1602,13596.5898,13362.6602,13588.8301,13588.8301,5079530000,yahoo
NASDAQ,2021-03-02,13599.4502,13601.3301,13352,13358.79,13358.79,4948140000,yahoo
NASDAQ,2021-03-03,13336.25,13372.5195,12995.0703,12997.75,12997.75,5529980000,yahoo
NASDAQ,2021-03-04,12953.9902,13068.71,12553.96,12723.4697,12723.4697,7864380000,yahoo
NASDAQ,2021-03-05,12860.04,12941.21,12397.0498,12920.1504,12920.1504,7725200000,yahoo
NASDAQ,2021-03-08,12904.2598,13001,12599.2305,12609.1602,12609.1602,6010230000,yahoo
NASDAQ,2021-03-09,12923.0703,13151.54,12882.4902,13073.8203,13073.8203,6345560000,yahoo
NASDAQ,2021-03-10,13234.7305,13277.1104,13035.4404,13068.8301,13068.8301,6023880000,yahoo
NASDAQ,2021-03-11,13273.3096,13433.6201,13246.3301,13398.6699,13398.6699,6008850000,yahoo
NASDAQ,2021-03-12,13222.8096,13324.6904,13158.7197,13319.8604,13319.8604,5497210000,yahoo
NASDAQ,2021-03-15,13323.4697,13460.3496,13272.5,13459.71,13459.71,5972370000,yahoo
NASDAQ,2021-03-16,13523.1699,13620.71,13397.0801,13471.5703,13471.5703,5493890000,yahoo
NASDAQ,2021-03-17,13336.9102,13595,13272.6904,13525.2002,13525.2002,5536110000,yahoo
NASDAQ,2021-03-18,13349.2002,13384.46,13101.9199,13116.1699,13116.1699,5739720000,yahoo
NASDAQ,2021-03-19,13119.9004,13252.3701,13039.4502,13215.2402,13215.2402,7630590000,yahoo
NASDAQ,2021-03-22,13278.7803,13455.6396,13278.7803,13377.54,13377.54,5321760000,yahoo
NASDAQ,2021-03-23,13381.4297,13405.1504,13202.4297,13227.7002,13227.7002,5675010000,yahoo
NASDAQ,2021-03-24,13289.2402,13292.9199,12961.3496,12961.8896,12961.8896,6248650000,yahoo
NASDAQ,2021-03-25,12844.5801,13021.8604,12786.8096,12977.6797,12977.6797,5634290000,yahoo
NASDAQ,2021-03-26,12996.0303,13149.5498,12878.7197,13138.7305,13138.7305,5224360000,yahoo
NASDAQ,2021-03-29,13103.9697,13143.4102,12968.1602,13059.6504,13059.6504,4965090000,yahoo
NASDAQ,2021-03-30,13008.7998,13075.75,12922.5703,13045.3896,13045.3896,4721950000,yahoo
NASDAQ,2021-03-31,13122.5703,13325.54,13118.3799,13246.8701,13246.8701,5004720000,yahoo
NASDAQ,2021-04-01,13414.3203,13487.0801,13404.1797,13480.1104,13480.1104,4576480000,yahoo
NASDAQ,2021-04-05,13594.9004,13720.5801,13582.7598,13705.5898,13705.5898,4459000000,yahoo
NASDAQ,2021-04-06,13681.6699,13776.71,13674.2803,13698.3799,13698.3799,4073710000,yahoo
NASDAQ,2021-04-07,13675.2998,13733.0303,13653.5898,13688.8398,13688.8398,4098740000,yahoo
NASDAQ,2021-04-08,13796.8896,13830.1396,13758.71,13829.3096,13829.3096,4153600000,yahoo
NASDAQ,2021-04-09,13787.0195,13905.4102,13748.3496,13900.1904,13900.1904,3926110000,yahoo
NASDAQ,2021-04-12,13854.4404,13877,13783.9502,13850,13850,4250900000,yahoo
NASDAQ,2021-04-13,13902.4502,14011.5098,13902.4502,13996.0996,13996.0996,4219360000,yahoo
NASDAQ,2021-04-14,14004.0801,14033.6299,13839.04,13857.8398,13857.8398,4120770000,yahoo
NASDAQ,2021-04-15,13983.2305,14049.1299,13970.4199,14038.7598,14038.7598,4406880000,yahoo
NASDAQ,2021-04-16,14059.1104,14062.5,13977.0498,14052.3398,14052.3398,4427780000,yahoo
NASDAQ,2021-04-19,13984.5801,14041.79,13842.5703,13914.7695,13914.7695,4379610000,yahoo
NASDAQ,2021-04-20,13894.46,13927.6699,13698.6699,13786.2695,13786.2695,4245120000,yahoo
NASDAQ,2021-04-21,13745.7695,13951.3496,13706.8604,13950.2197,13950.2197,3999620000,yahoo
NASDAQ,2021-04-22,13952.5703,14015.8701,13771.04,13818.4102,13818.4102,4420820000,yahoo
NASDAQ,2021-04-23,13861.3701,14062.7402,13856.8301,14016.8096,14016.8096,4355100000,yahoo
NASDAQ,2021-04-26,14052.3799,14154.0303,14019.5,14138.7803,14138.7803,4506210000,yahoo
NASDAQ,2021-04-27,14170.9102,14171.2402,14064.2803,14090.2197,14090.2197,4691460000,yahoo
NASDAQ,2021-04-28,14082.7803,14133.6504,14034.7002,14051.0303,14051.0303,4559710000,yahoo
NASDAQ,2021-04-29,14204.5098,14211.5703,13952.7998,14082.5498,14082.5498,4928030000,yahoo
NASDAQ,2021-04-30,13970.7305,14084.7598,13941.6299,13962.6797,13962.6797,4792460000,yahoo
NASDAQ,2021-05-03,14031.7695,14042.1201,13881.5098,13895.1201,13895.1201,4761430000,yahoo
NASDAQ,2021-05-04,13774.5098,13795.5703,13485.5898,13633.5,13633.5,5879730000,yahoo
NASDAQ,2021-05-05,13731.1299,13753.0498,13553.9297,13582.4199,13582.4199,4535690000,yahoo
NASDAQ,2021-05-06,13557.8301,13635.7305,13439.3896,13632.8398,13632.8398,5021400000,yahoo
NASDAQ,2021-05-07,13723.0898,13828.6201,13690.75,13752.2402,13752.2402,4391100000,yahoo
NASDAQ,2021-05-10,13687.5898,13687.9297,13401.7402,13401.8604,13401.8604,4818670000,yahoo
NASDAQ,2021-05-11,13115.8496,13423.3096,13107.6699,13389.4297,13389.4297,4738390000,yahoo
NASDAQ,2021-05-12,13215.4902,13288.6104,13002.54,13031.6797,13031.6797,4752930000,yahoo
NASDAQ,2021-05-13,13150.9404,13247.8701,13007.2402,13124.9902,13124.9902,4698110000,yahoo
NASDAQ,2021-05-14,13255.6504,13460.8799,13242.9697,13429.9805,13429.9805,4022610000,yahoo
NASDAQ,2021-05-17,13368.7998,13399.1699,13265.4004,13379.0498,13379.0498,3997780000,yahoo
NASDAQ,2021-05-18,13416.9004,13485.3398,13299.9297,13303.6396,13303.6396,4301300000,yahoo
NASDAQ,2021-05-19,13078.1904,13304.6104,13072.2305,13299.7402,13299.7402,4333520000,yahoo
NASDAQ,2021-05-20,13356.6299,13563.5195,13355.71,13535.7402,13535.7402,3990760000,yahoo
NASDAQ,2021-05-21,13616.1904,13616.5801,13463.2598,13470.9902,13470.9902,3733940000,yahoo
NASDAQ,2021-05-24,13557.21,13708.8496,13551.0098,13661.1699,13661.1699,3509470000,yahoo
NASDAQ,2021-05-25,13721.54,13751.1396,13631.7998,13657.1699,13657.1699,4128990000,yahoo
NASDAQ,2021-05-26,13693.9404,13750.1602,13679.5898,13738,13738,4264500000,yahoo
NASDAQ,2021-05-27,13742.5898,13776.5195,13701.6299,13736.2803,13736.2803,5087180000,yahoo
NASDAQ,2021-05-28,13792.0498,13820.8701,13747.6104,13748.7402,13748.7402,4447940000,yahoo
NASDAQ,2021-06-01,13829.0596,13836.1699,13678.7695,13736.4805,13736.4805,4186280000,yahoo
NASDAQ,2021-06-02,13743.2402,13775.8896,13689.7402,13756.3301,13756.3301,5097630000,yahoo
NASDAQ,2021-06-03,13655.75,13684.1299,13548.9297,13614.5098,13614.5098,5396250000,yahoo
NASDAQ,2021-06-04,13697.25,13826.8203,13692.0098,13814.4902,13814.4902,4360710000,yahoo
NASDAQ,2021-06-07,13802.8203,13889.1104,13784.8896,13881.7197,13881.7197,4639210000,yahoo
NASDAQ,2021-06-08,13946.3203,13981.7197,13831.9805,13924.9102,13924.9102,5958410000,yahoo
NASDAQ,2021-06-09,13980.2305,14003.5,13906.4502,13911.75,13911.75,5640490000,yahoo
NASDAQ,2021-06-10,13933.8799,14031.1904,13904.4004,14020.3301,14020.3301,4919880000,yahoo
NASDAQ,2021-06-11,14030.8496,14069.4199,14006.5898,14069.4199,14069.4199,4157580000,yahoo
NASDAQ,2021-06-14,14083.4697,14175.4502,14056.6699,14174.1396,14174.1396,4415160000,yahoo
NASDAQ,2021-06-15,14166.6396,14171.0195,14052.1602,14072.8604,14072.8604,4554580000,yahoo
NASDAQ,2021-06-16,14085.5498,14129.6904,13903.7305,14039.6797,14039.6797,4683030000,yahoo
NASDAQ,2021-06-17,13999.1299,14196.21,13998.9297,14161.3496,14161.3496,4558280000,yahoo
NASDAQ,2021-06-18,14096.9297,14129.2197,14009.04,14030.3799,14030.3799,6126070000,yahoo
NASDAQ,2021-06-21,14047.4199,14150.7803,13960.04,14141.4805,14141.4805,4562010000,yahoo
NASDAQ,2021-06-22,14138.29,14269.7695,14121,14253.2695,14253.2695,4433140000,yahoo
NASDAQ,2021-06-23,14263.3799,14317.6602,14246.2998,14271.7305,14271.7305,4417470000,yahoo
NASDAQ,2021-06-24,14357.2695,14414.46,14333.7002,14369.71,14369.71,4324620000,yahoo
NASDAQ,2021-06-25,14400.8096,14409.0801,14337.6504,14360.3896,14360.3896,7468090000,yahoo
NASDAQ,2021-06-28,14417.8096,14505.1904,14417.2002,14500.5098,14500.5098,4283000000,yahoo
NASDAQ,2021-06-29,14509.1904,14535.9697,14471.3799,14528.3301,14528.3301,4901300000,yahoo
NASDAQ,2021-06-30,14509.8496,14526.8096,14478.0596,14503.9502,14503.9502,5293810000,yahoo
NASDAQ,2021-07-01,14493.6904,14533.5498,14439.4004,14522.3799,14522.3799,4410470000,yahoo
NASDAQ,2021-07-02,14582.9805,14649.1104,14555.3398,14639.3301,14639.3301,3751420000,yahoo
NASDAQ,2021-07-06,14661.5498,14687,14529.7998,14663.6396,14663.6396,4489540000,yahoo
NASDAQ,2021-07-07,14753.4102,14755.3301,14580.79,14665.0596,14665.0596,4605630000,yahoo
NASDAQ,2021-07-08,14409.2002,14610.0596,14371.5898,14559.7803,14559.7803,4575010000,yahoo
NASDAQ,2021-07-09,14578.4297,14710.2002,14552.2598,14701.9199,14701.9199,3826500000,yahoo
NASDAQ,2021-07-12,14743.8604,14761.0801,14672.6299,14733.2402,14733.2402,3897090000,yahoo
NASDAQ,2021-07-13,14715.1299,14803.6797,14660.1904,14677.6504,14677.6504,4583460000,yahoo
NASDAQ,2021-07-14,14780.9004,14790.5498,14632.9502,14644.9502,14644.9502,4496220000,yahoo
NASDAQ,2021-07-15,14635.7803,14650.3701,14451.7998,14543.1299,14543.1299,4512550000,yahoo
NASDAQ,2021-07-16,14597.5098,14623.0195,14413.3203,14427.2402,14427.2402,4069530000,yahoo
NASDAQ,2021-07-19,14235.9805,14313.5996,14178.6602,14274.9805,14274.9805,4537130000,yahoo
NASDAQ,2021-07-20,14330.46,14555.75,14271.2305,14498.8799,14498.8799,4652450000,yahoo
NASDAQ,2021-07-21,14508.75,14633.1396,14498.6504,14631.9502,14631.9502,4098520000,yahoo
NASDAQ,2021-07-22,14652.7197,14694.1904,14617.8701,14684.5996,14684.5996,3597540000,yahoo
NASDAQ,2021-07-23,14753.0596,14846.0596,14698.7695,14836.9902,14836.9902,3997250000,yahoo
NASDAQ,2021-07-26,14821.0303,14863.6504,14790.4902,14840.71,14840.71,4437090000,yahoo
NASDAQ,2021-07-27,14807.9502,14811.0801,14503.7598,14660.5801,14660.5801,4329230000,yahoo
NASDAQ,2021-07-28,14715.6602,14798.8799,14645.6299,14762.5801,14762.5801,4268210000,yahoo
NASDAQ,2021-07-29,14771.1699,14833.7402,14761.3799,14778.2598,14778.2598,3928640000,yahoo
NASDAQ,2021-07-30,14615.8496,14728.7803,14615.8496,14672.6797,14672.6797,3645050000,yahoo
NASDAQ,2021-08-02,14758.5996,14770.4102,14665.6699,14681.0703,14681.0703,3746130000,yahoo
NASDAQ,2021-08-03,14713.9902,14762.5996,14584.0898,14761.29,14761.29,4141370000,yahoo
NASDAQ,2021-08-04,14747.21,14812.3701,14734.1201,14780.5303,14780.5303,4337330000,yahoo
NASDAQ,2021-08-05,14794.0801,14896.4697,14776.0303,14895.1201,14895.1201,4107300000,yahoo
NASDAQ,2021-08-06,14864.2197,14890.1797,14788.5898,14835.7598,14835.7598,4173090000,yahoo
NASDAQ,2021-08-09,14855.7598,14883.8096,14802.6904,14860.1797,14860.1797,4111640000,yahoo
NASDAQ,2021-08-10,14887.75,14894.6104,14754.4805,14788.0898,14788.0898,3991770000,yahoo
NASDAQ,2021-08-11,14834.3799,14842.5,14692.4102,14765.1396,14765.1396,4002340000,yahoo
NASDAQ,2021-08-12,14751.3604,14824.3096,14698.9404,14816.2598,14816.2598,4049000000,yahoo
NASDAQ,2021-08-13,14825.0703,14850.6104,14797.2197,14822.9004,14822.9004,4061070000,yahoo
NASDAQ,2021-08-16,14771.5303,14794.6797,14610.0195,14793.7598,14793.7598,3973920000,yahoo
NASDAQ,2021-08-17,14670.5596,14716.9502,14550.8799,14656.1797,14656.1797,4168880000,yahoo
NASDAQ,2021-08-18,14636.2402,14697.25,14516.2998,14525.9102,14525.9102,3841840000,yahoo
NASDAQ,2021-08-19,14423.1602,14610.7598,14423.1602,14541.79,14541.79,4191490000,yahoo
NASDAQ,2021-08-20,14571.5303,14722.1602,14571.5303,14714.6602,14714.6602,3886340000,yahoo
NASDAQ,2021-08-23,14776.9805,14963.4697,14776.9805,14942.6504,14942.6504,3906780000,yahoo
NASDAQ,2021-08-24,14978.1396,15034.8896,14965.54,15019.7998,15019.7998,3809750000,yahoo
NASDAQ,2021-08-25,15039.0303,15059.4297,15011.5801,15041.8604,15041.8604,3654150000,yahoo
NASDAQ,2021-08-26,15025.1699,15059.6299,14939.5596,14945.8096,14945.8096,3630900000,yahoo
NASDAQ,2021-08-27,14969.7695,15144.4805,14966.5195,15129.5,15129.5,4048610000,yahoo
NASDAQ,2021-08-30,15165.9404,15288.0801,15165.1201,15265.8896,15265.8896,4061760000,yahoo
NASDAQ,2021-08-31,15262.8799,15278.96,15202.6699,15259.2402,15259.2402,4188020000,yahoo
NASDAQ,2021-09-01,15308.9805,15379.5,15302.1104,15309.3799,15309.3799,4271690000,yahoo
NASDAQ,2021-09-02,15358.4697,15380.0703,15285.3496,15331.1797,15331.1797,4050510000,yahoo
NASDAQ,2021-09-03,15313.4102,15375.5596,15283.6699,15363.5195,15363.5195,3706990000,yahoo
NASDAQ,2021-09-07,15375.9805,15403.4404,15343.2803,15374.3301,15374.3301,4014250000,yahoo
NASDAQ,2021-09-08,15360.3496,15360.3496,15206.6104,15286.6396,15286.6396,4131560000,yahoo
NASDAQ,2021-09-09,15296.0596,15352.3799,15245.1699,15248.25,15248.25,4031140000,yahoo
NASDAQ,2021-09-10,15332.9199,15349.4697,15111.3096,15115.4902,15115.4902,4587150000,yahoo
NASDAQ,2021-09-13,15211.4297,15215.4404,15030.8496,15105.5801,15105.5801,4723370000,yahoo
NASDAQ,2021-09-14,15168.4502,15181.1904,15008.2998,15037.7598,15037.7598,4593140000,yahoo
NASDAQ,2021-09-15,15071.3398,15174.3799,14984.6797,15161.5303,15161.5303,4465140000,yahoo
NASDAQ,2021-09-16,15120.0898,15205.5,15047.1396,15181.9199,15181.9199,3701500000,yahoo
NASDAQ,2021-09-17,15163.3604,15166.5596,14998.7305,15043.9697,15043.9697,6709540000,yahoo
NASDAQ,2021-09-20,14758.1396,14841.8203,14530.0703,14713.9004,14713.9004,4879490000,yahoo
NASDAQ,2021-09-21,14803.3604,14847.0303,14696.4697,14746.4004,14746.4004,4083010000,yahoo
NASDAQ,2021-09-22,14800.5898,14950.1201,14767.0098,14896.8496,14896.8496,4252490000,yahoo
NASDAQ,2021-09-23,14960,15085.4404,14932.5098,15052.2402,15052.2402,4196130000,yahoo
NASDAQ,2021-09-24,14961.6104,15067.5596,14946.5703,15047.7002,15047.7002,3992150000,yahoo
NASDAQ,2021-09-27,14954.1797,15003.1602,14864.96,14969.9697,14969.9697,4650790000,yahoo
NASDAQ,2021-09-28,14787.21,14817.7402,14539.8799,14546.6797,14546.6797,4989510000,yahoo
NASDAQ,2021-09-29,14614.8799,14676.6201,14493.6699,14512.4404,14512.4404,5294600000,yahoo
NASDAQ,2021-09-30,14582.5996,14632.3604,14444.2998,14448.5801,14448.5801,5950950000,yahoo
NASDAQ,2021-10-01,14494.9297,14606.8203,14324.0098,14566.7002,14566.7002,4710720000,yahoo
NASDAQ,2021-10-04,14493.1201,14499.7402,14181.6904,14255.4805,14255.4805,4557110000,yahoo
NASDAQ,2021-10-05,14312.8604,14508.6504,14299.7803,14433.8301,14433.8301,4176390000,yahoo
NASDAQ,2021-10-06,14289.4502,14509.5498,14259.0703,14501.9102,14501.9102,4465910000,yahoo
NASDAQ,2021-10-07,14631.7998,14755.7197,14615.1396,14654.0195,14654.0195,3984180000,yahoo
NASDAQ,2021-10-08,14694.7197,14699.9102,14569.6797,14579.54,14579.54,3571380000,yahoo
NASDAQ,2021-10-11,14540.0801,14665.9902,14482.6201,14486.2002,14486.2002,3539540000,yahoo
NASDAQ,2021-10-12,14539.0898,14552.71,14441.5996,14465.9199,14465.9199,4063830000,yahoo
NASDAQ,2021-10-13,14537.1699,14589.2803,14471.8799,14571.6396,14571.6396,4053580000,yahoo
NASDAQ,2021-10-14,14717.5,14827.5596,14699.5195,14823.4297,14823.4297,4262400000,yahoo
NASDAQ,2021-10-15,14891.2402,14904.9805,14847.96,14897.3398,14897.3398,4494440000,yahoo
NASDAQ,2021-10-18,14839.7402,15026.6797,14833.2803,15021.8096,15021.8096,4167740000,yahoo
NASDAQ,2021-10-19,15073.1299,15137.8496,15049.7305,15129.0898,15129.0898,4483400000,yahoo
NASDAQ,2021-10-20,15160,15178.3896,15071.1504,15121.6797,15121.6797,4117050000,yahoo
NASDAQ,2021-10-21,15104.7998,15222.25,15094.1396,15215.7002,15215.7002,4961860000,yahoo
NASDAQ,2021-10-22,15158.0703,15193.0098,15021.0195,15090.2002,15090.2002,5775770000,yahoo
NASDAQ,2021-10-25,15142.9199,15259.6299,15070.75,15226.71,15226.71,5750200000,yahoo
NASDAQ,2021-10-26,15317.5,15384,15198.2305,15235.71,15235.71,7173230000,yahoo
NASDAQ,2021-10-27,15276,15364.54,15235.8398,15235.8398,15235.8398,6130110000,yahoo
NASDAQ,2021-10-28,15304.7402,15452.2998,15290.3096,15448.1201,15448.1201,5714890000,yahoo
NASDAQ,2021-10-29,15323.29,15504.1201,15323.29,15498.3896,15498.3896,5338290000,yahoo
NASDAQ,2021-11-01,15541.2598,15598.9502,15470.8203,15595.9199,15595.9199,5273950000,yahoo
NASDAQ,2021-11-02,15583.9805,15656.5996,15569.2695,15649.5996,15649.5996,5129370000,yahoo
NASDAQ,2021-11-03,15658.5195,15821.5703,15616.4404,15811.5801,15811.5801,5325110000,yahoo
NASDAQ,2021-11-04,15849.7402,15966.0898,15827.6602,15940.3096,15940.3096,5297250000,yahoo
NASDAQ,2021-11-05,16003.5596,16053.3896,15900.7803,15971.5898,15971.5898,5566400000,yahoo
NASDAQ,2021-11-08,15995.7197,16038.2305,15961.8096,15982.3604,15982.3604,5723650000,yahoo
NASDAQ,2021-11-09,16024.1299,16035.21,15836.6797,15886.54,15886.54,5574660000,yahoo
NASDAQ,2021-11-10,15753.8398,15867.2402,15543.6797,15622.71,15622.71,5369110000,yahoo
NASDAQ,2021-11-11,15752.0801,15768.0303,15695.7695,15704.2803,15704.2803,4570460000,yahoo
NASDAQ,2021-11-12,15752.6201,15874.5703,15705.3799,15860.96,15860.96,5446540000,yahoo
NASDAQ,2021-11-15,15894.8203,15918.4502,15778.3096,15853.8496,15853.8496,5020180000,yahoo
NASDAQ,2021-11-16,15840.3203,15989.6104,15825,15973.8604,15973.8604,5533020000,yahoo
NASDAQ,2021-11-17,15973.6201,15998.5703,15909.3896,15921.5703,15921.5703,5049320000,yahoo
NASDAQ,2021-11-18,15973.3896,16010.8799,15848.8301,15993.71,15993.71,5391360000,yahoo
NASDAQ,2021-11-19,16042.1602,16121.1201,16017.2305,16057.4404,16057.4404,4875310000,yahoo
NASDAQ,2021-11-22,16120.9199,16212.2305,15851.04,15854.7598,15854.7598,5567830000,yahoo
NASDAQ,2021-11-23,15809.5,15895.8604,15601.46,15775.1396,15775.1396,5434380000,yahoo
NASDAQ,2021-11-24,15677.8799,15848.5596,15591.3604,15845.2305,15845.2305,4197090000,yahoo
NASDAQ,2021-11-26,15664.3799,15731.54,15456.0898,15491.6602,15491.6602,3502170000,yahoo
NASDAQ,2021-11-29,15719.4199,15833.1104,15644.6104,15782.8301,15782.8301,4836230000,yahoo
NASDAQ,2021-11-30,15716.5,15828.2002,15451.3896,15537.6904,15537.6904,6631470000,yahoo
NASDAQ,2021-12-01,15752.2695,15816.8203,15243.9297,15254.0498,15254.0498,6320260000,yahoo
NASDAQ,2021-12-02,15181.8203,15444.54,15150.1201,15381.3203,15381.3203,5418340000,yahoo
NASDAQ,2021-12-03,15428.71,15470.3604,14931.0596,15085.4697,15085.4697,5900290000,yahoo
NASDAQ,2021-12-06,15117.6299,15281.9902,14931.6104,15225.1504,15225.1504,5115230000,yahoo
NASDAQ,2021-12-07,15510.9102,15720.0898,15507.6602,15686.9199,15686.9199,5116490000,yahoo
NASDAQ,2021-12-08,15690.6504,15792.6396,15618.8799,15786.9902,15786.9902,4615390000,yahoo
NASDAQ,2021-12-09,15720.54,15796.0498,15511.1201,15517.3701,15517.3701,4515600000,yahoo
NASDAQ,2021-12-10,15629.5898,15677.5996,15477.8496,15630.5996,15630.5996,4426210000,yahoo
NASDAQ,2021-12-13,15621.2695,15637.0596,15408.25,15413.2803,15413.2803,4573920000,yahoo
NASDAQ,2021-12-14,15215.96,15317.5498,15097.3496,15237.6396,15237.6396,4865990000,yahoo
NASDAQ,2021-12-15,15230.71,15575.7598,15055.2305,15565.5801,15565.5801,5343920000,yahoo
NASDAQ,2021-12-16,15629.0801,15633.1904,15119.4902,15180.4297,15180.4297,4906480000,yahoo
NASDAQ,2021-12-17,15036.7695,15288.7803,14960.3701,15169.6797,15169.6797,7668770000,yahoo
NASDAQ,2021-12-20,14933,15007.2998,14860.04,14980.9404,14980.9404,4602640000,yahoo
NASDAQ,2021-12-21,15140.4297,15349.0596,15015.0303,15341.0898,15341.0898,4581720000,yahoo
NASDAQ,2021-12-22,15319.1602,15525.9697,15303.0596,15521.8896,15521.8896,4107900000,yahoo
NASDAQ,2021-12-23,15544.79,15697.9805,15528.9102,15653.3701,15653.3701,3935010000,yahoo
NASDAQ,2021-12-27,15696.8301,15871.4004,15696.8301,15871.2598,15871.2598,3743920000,yahoo
NASDAQ,2021-12-28,15895.2002,15901.4697,15757.0703,15781.7197,15781.7197,3648500000,yahoo
NASDAQ,2021-12-29,15794.9199,15821.8096,15679.8496,15766.2197,15766.2197,3714380000,yahoo
NASDAQ,2021-12-30,15758.9805,15868.0898,15729.1602,15741.5596,15741.5596,3750920000,yahoo
NASDAQ,2021-12-31,15722.9102,15777.4297,15643.9404,15644.9697,15644.9697,3392580000,yahoo
NIFTY50,2021-01-01,13996.0996,14049.8496,13991.3496,14018.5,14018.5,358100,yahoo
NIFTY50,2021-01-04,14104.3496,14147.9502,13953.75,14132.9004,14132.9004,495000,yahoo
NIFTY50,2021-01-05,14075.1504,14215.5996,14048.1504,14199.5,14199.5,492500,yahoo
NIFTY50,2021-01-06,14240.9502,14244.1504,14039.9004,14146.25,14146.25,632300,yahoo
NIFTY50,2021-01-07,14253.75,14256.25,14123.0996,14137.3496,14137.3496,559200,yahoo
NIFTY50,2021-01-08,14258.4004,14367.2998,14221.6504,14347.25,14347.25,613500,yahoo
NIFTY50,2021-01-11,14474.0498,14498.2002,14383.0996,14484.75,14484.75,672900,yahoo
NIFTY50,2021-01-12,14473.7998,14590.6504,14432.8496,14563.4502,14563.4502,929600,yahoo
NIFTY50,2021-01-13,14639.7998,14653.3496,14435.7002,14564.8496,14564.8496,874000,yahoo
NIFTY50,2021-01-14,14550.0498,14617.7998,14471.5,14595.5996,14595.5996,620200,yahoo
NIFTY50,2021-01-15,14594.3496,14617.4502,14357.8496,14433.7002,14433.7002,789600,yahoo
NIFTY50,2021-01-18,14453.2998,14459.1504,14222.7998,14281.2998,14281.2998,762000,yahoo
NIFTY50,2021-01-19,14371.6504,14546.0498,14350.8496,14521.1504,14521.1504,546100,yahoo
NIFTY50,2021-01-20,14538.2998,14666.4502,14517.5498,14644.7002,14644.7002,623100,yahoo
NIFTY50,2021-01-21,14730.9502,14753.5498,14517.25,14590.3496,14590.3496,704600,yahoo
NIFTY50,2021-01-22,14583.4004,14619.9004,14357.75,14371.9004,14371.9004,776800,yahoo
NIFTY50,2021-01-25,14477.7998,14491.0996,14218.5996,14238.9004,14238.9004,618600,yahoo
NIFTY50,2021-01-27,14237.9502,14237.9502,13929.2998,13967.5,13967.5,660700,yahoo
NIFTY50,2021-01-28,13810.4004,13898.25,13713.25,13817.5498,13817.5498,637900,yahoo
NIFTY50,2021-01-29,13946.5996,13966.8496,13596.75,13634.5996,13634.5996,753200,yahoo
NIFTY50,2021-02-01,13758.5996,14336.3496,13661.75,14281.2002,14281.2002,870500,yahoo
NIFTY50,2021-02-02,14481.0996,14731.7002,14469.1504,14647.8496,14647.8496,915000,yahoo
NIFTY50,2021-02-03,14754.9004,14868.8496,14574.1504,14789.9502,14789.9502,869500,yahoo
NIFTY50,2021-02-04,14789.0498,14913.7002,14714.75,14895.6504,14895.6504,884700,yahoo
NIFTY50,2021-02-05,14952.5996,15014.6504,14864.75,14924.25,14924.25,935600,yahoo
NIFTY50,2021-02-08,15064.2998,15159.9004,15041.0498,15115.7998,15115.7998,671200,yahoo
NIFTY50,2021-02-09,15164.1504,15257.0996,15064.2998,15109.2998,15109.2998,713300,yahoo
NIFTY50,2021-02-10,15119.0498,15168.25,14977.2002,15106.5,15106.5,624800,yahoo
NIFTY50,2021-02-11,15073.25,15188.5,15065.4004,15173.2998,15173.2998,500100,yahoo
NIFTY50,2021-02-12,15186.2002,15243.5,15081,15163.2998,15163.2998,571800,yahoo
NIFTY50,2021-02-15,15270.2998,15340.1504,15243.4004,15314.7002,15314.7002,456000,yahoo
NIFTY50,2021-02-16,15371.4502,15431.75,15242.2002,15313.4502,15313.4502,648500,yahoo
NIFTY50,2021-02-17,15279.9004,15314.2998,15170.75,15208.9004,15208.9004,504800,yahoo
NIFTY50,2021-02-18,15238.7002,15250.75,15078.0498,15118.9502,15118.9502,770600,yahoo
NIFTY50,2021-02-19,15074.7998,15144.0498,14898.2002,14981.75,14981.75,712200,yahoo
NIFTY50,2021-02-22,14999.0498,15010.0996,14635.0498,14675.7002,14675.7002,609900,yahoo
NIFTY50,2021-02-23,14782.25,14854.5,14651.8496,14707.7998,14707.7998,744100,yahoo
NIFTY50,2021-02-24,14729.1504,15008.7998,14504.5,14982,14982,403800,yahoo
NIFTY50,2021-02-25,15079.8496,15176.5,15065.3496,15097.3496,15097.3496,803900,yahoo
NIFTY50,2021-02-26,14888.5996,14919.4502,14467.75,14529.1504,14529.1504,1103600,yahoo
NIFTY50,2021-03-01,14702.5,14806.7998,14638.5498,14761.5498,14761.5498,507300,yahoo
NIFTY50,2021-03-02,14865.2998,14959.0996,14760.7998,14919.0996,14919.0996,621700,yahoo
NIFTY50,2021-03-03,15064.4004,15273.1504,14995.7998,15245.5996,15245.5996,544200,yahoo
NIFTY50,2021-03-04,15026.75,15202.3496,14980.2002,15080.75,15080.75,534900,yahoo
NIFTY50,2021-03-05,14977.9502,15092.3496,14862.0996,14938.0996,14938.0996,640700,yahoo
NIFTY50,2021-03-08,15002.4502,15111.1504,14919.9004,14956.2002,14956.2002,0,yahoo
NIFTY50,2021-03-09,15049.9004,15126.8496,14925.4502,15098.4004,15098.4004,675300,yahoo
NIFTY50,2021-03-10,15202.1504,15218.4502,15100.8496,15174.7998,15174.7998,404600,yahoo
NIFTY50,2021-03-12,15321.1504,15336.2998,14953.5996,15030.9502,15030.9502,493200,yahoo
NIFTY50,2021-03-15,15048.4004,15048.4004,14745.8496,14929.5,14929.5,467500,yahoo
NIFTY50,2021-03-16,14996.0996,15051.5996,14890.6504,14910.4502,14910.4502,100,yahoo
NIFTY50,2021-03-17,14946.5498,14956.5498,14696.0498,14721.2998,14721.2998,100,yahoo
NIFTY50,2021-03-18,14855.5,14875.2002,14478.5996,14557.8496,14557.8496,542200,yahoo
NIFTY50,2021-03-19,14471.1504,14788.25,14350.0996,14744,14744,919200,yahoo
NIFTY50,2021-03-22,14736.2998,14763.9004,14597.8496,14736.4004,14736.4004,459000,yahoo
NIFTY50,2021-03-23,14768.5498,14878.5996,14707,14814.75,14814.75,474200,yahoo
NIFTY50,2021-03-24,14712.4502,14752.3496,14535,14549.4004,14549.4004,456400,yahoo
NIFTY50,2021-03-25,14570.9004,14575.5996,14264.4004,14324.9004,14324.9004,606800,yahoo
NIFTY50,2021-03-26,14506.2998,14572.9004,14414.25,14507.2998,14507.2998,481000,yahoo
NIFTY50,2021-03-30,14628.5,14876.2998,14617.5996,14845.0996,14845.0996,594500,yahoo
NIFTY50,2021-03-31,14811.8496,14813.75,14670.25,14690.7002,14690.7002,463900,yahoo
NIFTY50,2021-04-01,14798.4004,14883.2002,14692.4502,14867.3496,14867.3496,445000,yahoo
NIFTY50,2021-04-05,14837.7002,14849.8496,14459.5,14637.7998,14637.7998,509700,yahoo
NIFTY50,2021-04-06,14737,14779.0996,14573.9004,14683.5,14683.5,475300,yahoo
NIFTY50,2021-04-07,14716.4502,14879.7998,14649.8496,14819.0498,14819.0498,0,yahoo
NIFTY50,2021-04-08,14875.6504,14984.1504,14821.0996,14873.7998,14873.7998,514800,yahoo
NIFTY50,2021-04-09,14882.6504,14918.4502,14785.6504,14834.8496,14834.8496,504100,yahoo
NIFTY50,2021-04-12,14644.6504,14652.5,14248.7002,14310.7998,14310.7998,650200,yahoo
NIFTY50,2021-04-13,14364.9004,14528.9004,14274.9004,14504.7998,14504.7998,605100,yahoo
NIFTY50,2021-04-15,14522.4004,14597.5498,14353.2002,14581.4502,14581.4502,568000,yahoo
NIFTY50,2021-04-16,14599.5996,14697.7002,14559,14617.8496,14617.8496,577200,yahoo
NIFTY50,2021-04-19,14306.5996,14382.2998,14191.4004,14359.4502,14359.4502,512300,yahoo
NIFTY50,2021-04-20,14526.7002,14526.9502,14207.2998,14296.4004,14296.4004,467400,yahoo
NIFTY50,2021-04-22,14219.1504,14424.75,14151.4004,14406.1504,14406.1504,524600,yahoo
NIFTY50,2021-04-23,14326.3496,14461.1504,14273.2998,14341.3496,14341.3496,498100,yahoo
NIFTY50,2021-04-26,14449.4502,14557.5,14421.2998,14485,14485,452700,yahoo
NIFTY50,2021-04-27,14493.7998,14667.5498,14484.8496,14653.0498,14653.0498,451800,yahoo
NIFTY50,2021-04-28,14710.5,14890.25,14694.9502,14864.5498,14864.5498,457000,yahoo
NIFTY50,2021-04-29,14979,15044.3496,14814.4502,14894.9004,14894.9004,517500,yahoo
NIFTY50,2021-04-30,14747.3496,14855.4502,14601.7002,14631.0996,14631.0996,613900,yahoo
NIFTY50,2021-05-03,14481.0498,14673.8496,14416.25,14634.1504,14634.1504,448900,yahoo
NIFTY50,2021-05-04,14687.25,14723.4004,14461.5,14496.5,14496.5,503400,yahoo
NIFTY50,2021-05-05,14604.1504,14637.9004,14506.5996,14617.8496,14617.8496,455900,yahoo
NIFTY50,2021-05-06,14668.3496,14743.9004,14611.5,14724.7998,14724.7998,467800,yahoo
NIFTY50,2021-05-07,14816.8496,14863.0498,14765.5,14823.1504,14823.1504,488000,yahoo
NIFTY50,2021-05-10,14928.25,14966.9004,14892.5,14942.3496,14942.3496,522000,yahoo
NIFTY50,2021-05-11,14789.7002,14900,14771.4004,14850.75,14850.75,647400,yahoo
NIFTY50,2021-05-12,14823.5498,14824.0498,14649.7002,14696.5,14696.5,643800,yahoo
NIFTY50,2021-05-14,14749.4004,14749.6504,14591.9004,14677.7998,14677.7998,620700,yahoo
NIFTY50,2021-05-17,14756.25,14938,14725.3496,14923.1504,14923.1504,546400,yahoo
NIFTY50,2021-05-18,15067.2002,15137.25,15043.7002,15108.0996,15108.0996,583900,yahoo
NIFTY50,2021-05-19,15058.5996,15133.4004,15008.8496,15030.1504,15030.1504,569100,yahoo
NIFTY50,2021-05-20,15042.5996,15069.7998,14884.9004,14906.0498,14906.0498,480300,yahoo
NIFTY50,2021-05-21,14987.7998,15190,14985.8496,15175.2998,15175.2998,572900,yahoo
NIFTY50,2021-05-24,15211.3496,15256.25,15145.4502,15197.7002,15197.7002,579800,yahoo
NIFTY50,2021-05-25,15291.75,15293.8496,15163.4004,15208.4502,15208.4502,441500,yahoo
NIFTY50,2021-05-26,15257.0498,15319.9004,15194.9502,15301.4502,15301.4502,384000,yahoo
NIFTY50,2021-05-27,15323.9502,15384.5498,15272.5,15337.8496,15337.8496,0,yahoo
NIFTY50,2021-05-28,15421.2002,15469.6504,15394.75,15435.6504,15435.6504,468100,yahoo
NIFTY50,2021-05-31,15437.75,15606.3496,15374,15582.7998,15582.7998,436000,yahoo
NIFTY50,2021-06-01,15629.6504,15660.75,15528.2998,15574.8496,15574.8496,409600,yahoo
NIFTY50,2021-06-02,15520.3496,15597.4502,15459.8496,15576.2002,15576.2002,428600,yahoo
NIFTY50,2021-06-03,15655.5498,15705.0996,15611,15690.3496,15690.3496,410200,yahoo
NIFTY50,2021-06-04,15712.5,15733.5996,15622.3496,15670.25,15670.25,414200,yahoo
NIFTY50,2021-06-07,15725.0996,15773.4502,15678.0996,15751.6504,15751.6504,394000,yahoo
NIFTY50,2021-06-08,15773.9004,15778.7998,15680,15740.0996,15740.0996,378200,yahoo
NIFTY50,2021-06-09,15766.2998,15800.4502,15566.9004,15635.3496,15635.3496,457900,yahoo
NIFTY50,2021-06-10,15692.0996,15751.25,15648.5,15737.75,15737.75,298300,yahoo
NIFTY50,2021-06-11,15796.4502,15835.5498,15749.7998,15799.3496,15799.3496,363000,yahoo
NIFTY50,2021-06-14,15791.4004,15823.0498,15606.5,15811.8496,15811.8496,392900,yahoo
NIFTY50,2021-06-15,15866.9502,15901.5996,15842.4004,15869.25,15869.25,323300,yahoo
NIFTY50,2021-06-16,15847.5,15880.8496,15742.5996,15767.5498,15767.5498,340200,yahoo
NIFTY50,2021-06-17,15648.2998,15769.3496,15616.75,15691.4004,15691.4004,357600,yahoo
NIFTY50,2021-06-18,15756.5,15761.5,15450.9004,15683.3496,15683.3496,640800,yahoo
NIFTY50,2021-06-21,15525.8496,15765.1504,15505.6504,15746.5,15746.5,351500,yahoo
NIFTY50,2021-06-22,15840.5,15895.75,15752.0996,15772.75,15772.75,322200,yahoo
NIFTY50,2021-06-23,15862.7998,15862.9502,15673.9502,15686.9502,15686.9502,287500,yahoo
NIFTY50,2021-06-24,15737.2998,15821.4004,15702.7002,15790.4502,15790.4502,316700,yahoo
NIFTY50,2021-06-25,15839.3496,15870.7998,15772.2998,15860.3496,15860.3496,314600,yahoo
NIFTY50,2021-06-28,15915.3496,15915.6504,15792.1504,15814.7002,15814.7002,255100,yahoo
NIFTY50,2021-06-29,15807.5,15835.9004,15724.0498,15748.4502,15748.4502,360300,yahoo
NIFTY50,2021-06-30,15776.9004,15839.0996,15708.75,15721.5,15721.5,262400,yahoo
NIFTY50,2021-07-01,15755.0498,15755.5498,15667.0498,15680,15680,224900,yahoo
NIFTY50,2021-07-02,15705.8496,15738.3496,15635.9502,15722.2002,15722.2002,254800,yahoo
NIFTY50,2021-07-05,15793.4004,15845.9502,15762.0498,15834.3496,15834.3496,207000,yahoo
NIFTY50,2021-07-06,15813.75,15914.2002,15801,15818.25,15818.25,391400,yahoo
NIFTY50,2021-07-07,15819.5996,15893.5498,15779.7002,15879.6504,15879.6504,329300,yahoo
NIFTY50,2021-07-08,15855.4004,15885.75,15682.9004,15727.9004,15727.9004,307900,yahoo
NIFTY50,2021-07-09,15688.25,15730.8496,15632.75,15689.7998,15689.7998,243200,yahoo
NIFTY50,2021-07-12,15766.7998,15789.2002,15644.75,15692.5996,15692.5996,216300,yahoo
NIFTY50,2021-07-13,15794,15820.7998,15744.5996,15812.3496,15812.3496,246700,yahoo
NIFTY50,2021-07-14,15808.7002,15877.3496,15764.2002,15853.9502,15853.9502,0,yahoo
NIFTY50,2021-07-15,15872.1504,15952.3496,15855,15924.2002,15924.2002,284900,yahoo
NIFTY50,2021-07-16,15958.3496,15962.25,15882.5996,15923.4004,15923.4004,276300,yahoo
NIFTY50,2021-07-19,15754.5,15836.9004,15707.5,15752.4004,15752.4004,242100,yahoo
NIFTY50,2021-07-20,15703.9502,15728.4502,15578.5498,15632.0996,15632.0996,274300,yahoo
NIFTY50,2021-07-22,15736.5996,15834.7998,15726.4004,15824.0498,15824.0498,265300,yahoo
NIFTY50,2021-07-23,15856.7998,15899.7998,15768.4004,15856.0498,15856.0498,294100,yahoo
NIFTY50,2021-07-26,15849.2998,15893.3496,15797,15824.4502,15824.4502,267100,yahoo
NIFTY50,2021-07-27,15860.5,15881.5498,15701,15746.4502,15746.4502,311000,yahoo
NIFTY50,2021-07-28,15761.5498,15767.5,15513.4502,15709.4004,15709.4004,318600,yahoo
NIFTY50,2021-07-29,15762.7002,15817.3496,15737.7998,15778.4502,15778.4502,401600,yahoo
NIFTY50,2021-07-30,15800.5996,15862.7998,15744.8496,15763.0498,15763.0498,400000,yahoo
NIFTY50,2021-08-02,15874.9004,15892.9004,15834.6504,15885.1504,15885.1504,244800,yahoo
NIFTY50,2021-08-03,15951.5498,16146.9004,15914.3496,16130.75,16130.75,341300,yahoo
NIFTY50,2021-08-04,16195.25,16290.2002,16176.1504,16258.7998,16258.7998,427300,yahoo
NIFTY50,2021-08-05,16288.9502,16349.4502,16210.2998,16294.5996,16294.5996,418200,yahoo
NIFTY50,2021-08-06,16304.4004,16336.75,16223.2998,16238.2002,16238.2002,320100,yahoo
NIFTY50,2021-08-09,16281.3496,16320.75,16179.0498,16258.25,16258.25,240500,yahoo
NIFTY50,2021-08-10,16274.7998,16359.25,16202.25,16280.0996,16280.0996,288000,yahoo
NIFTY50,2021-08-11,16327.2998,16338.75,16162.5498,16282.25,16282.25,277900,yahoo
NIFTY50,2021-08-12,16303.6504,16375.5,16286.9004,16364.4004,16364.4004,280200,yahoo
NIFTY50,2021-08-13,16385.6992,16543.5996,16376.2998,16529.0996,16529.0996,321900,yahoo
NIFTY50,2021-08-16,16518.4004,16589.4004,16480.75,16563.0508,16563.0508,254000,yahoo
NIFTY50,2021-08-17,16545.25,16628.5508,16495.4004,16614.5996,16614.5996,297400,yahoo
NIFTY50,2021-08-18,16691.9492,16701.8496,16535.8496,16568.8496,16568.8496,251800,yahoo
NIFTY50,2021-08-20,16382.5,16509.5508,16376.0498,16450.5,16450.5,350800,yahoo
NIFTY50,2021-08-23,16592.25,16592.5,16395.6992,16496.4492,16496.4492,275600,yahoo
NIFTY50,2021-08-24,16561.4004,16647.0996,16495.3008,16624.5996,16624.5996,275400,yahoo
NIFTY50,2021-08-25,16654,16712.4492,16617.5,16634.6504,16634.6504,265900,yahoo
NIFTY50,2021-08-26,16627.9492,16683.6992,16603.4004,16636.9004,16636.9004,253500,yahoo
NIFTY50,2021-08-27,16642.5508,16722.0508,16565.5996,16705.1992,16705.1992,217400,yahoo
NIFTY50,2021-08-30,16775.8496,16951.5,16764.8496,16931.0508,16931.0508,283500,yahoo
NIFTY50,2021-08-31,16947.5,17153.5,16915.8496,17132.1992,17132.1992,464400,yahoo
NIFTY50,2021-09-01,17185.5996,17225.75,17055.0508,17076.25,17076.25,301900,yahoo
NIFTY50,2021-09-02,17095.4004,17245.5,17059.6992,17234.1504,17234.1504,242400,yahoo
NIFTY50,2021-09-03,17262.4492,17340.0996,17212.1992,17323.5996,17323.5996,261400,yahoo
NIFTY50,2021-09-06,17399.3496,17429.5508,17345.5508,17377.8008,17377.8008,228000,yahoo
NIFTY50,2021-09-07,17401.5508,17436.5,17287,17362.0996,17362.0996,243400,yahoo
NIFTY50,2021-09-08,17375.75,17383.4004,17254.1992,17353.5,17353.5,252700,yahoo
NIFTY50,2021-09-09,17312.8496,17379.6504,17302.6992,17369.25,17369.25,241500,yahoo
NIFTY50,2021-09-13,17363.5508,17378.3496,17269.1504,17355.3008,17355.3008,241100,yahoo
NIFTY50,2021-09-14,17420.3496,17438.5508,17367.0508,17380,17380,230400,yahoo
NIFTY50,2021-09-15,17387.6504,17532.6992,17386.9004,17519.4492,17519.4492,388200,yahoo
NIFTY50,2021-09-16,17539.1992,17644.5996,17510.4492,17629.5,17629.5,503300,yahoo
NIFTY50,2021-09-17,17709.6504,17792.9492,17537.6504,17585.1504,17585.1504,508300,yahoo
NIFTY50,2021-09-20,17443.8496,17622.75,17361.8008,17396.9004,17396.9004,339100,yahoo
NIFTY50,2021-09-21,17450.5,17578.3496,17326.0996,17562,17562,363600,yahoo
NIFTY50,2021-09-22,17580.9004,17610.4492,17524,17546.6504,17546.6504,295200,yahoo
NIFTY50,2021-09-23,17670.8496,17843.9004,17646.5508,17822.9492,17822.9492,320500,yahoo
NIFTY50,2021-09-24,17897.4492,17947.6504,17819.4004,17853.1992,17853.1992,360100,yahoo
NIFTY50,2021-09-27,17932.1992,17943.5,17802.9004,17855.0996,17855.0996,295700,yahoo
NIFTY50,2021-09-28,17906.4492,17912.8496,17576.0996,17748.5996,17748.5996,398000,yahoo
NIFTY50,2021-09-29,17657.9492,17781.75,17608.1504,17711.3008,17711.3008,562200,yahoo
NIFTY50,2021-09-30,17718.9004,17742.1504,17585.3496,17618.1504,17618.1504,378600,yahoo
NIFTY50,2021-10-01,17531.9004,17557.1504,17452.9004,17532.0508,17532.0508,305800,yahoo
NIFTY50,2021-10-04,17615.5508,17750.9004,17581.3496,17691.25,17691.25,295800,yahoo
NIFTY50,2021-10-05,17661.3496,17833.4492,17640.9004,17822.3008,17822.3008,427000,yahoo
NIFTY50,2021-10-06,17861.5,17884.5996,17613.1504,17646,17646,395800,yahoo
NIFTY50,2021-10-07,17810.5508,17857.5508,17763.8008,17790.3496,17790.3496,419900,yahoo
NIFTY50,2021-10-08,17886.8496,17941.8496,17840.3496,17895.1992,17895.1992,324100,yahoo
NIFTY50,2021-10-11,17867.5508,18041.9492,17839.0996,17945.9492,17945.9492,375800,yahoo
NIFTY50,2021-10-12,17915.8008,18008.6504,17864.9492,17991.9492,17991.9492,355600,yahoo
NIFTY50,2021-10-13,18097.8496,18197.8008,18050.75,18161.75,18161.75,506700,yahoo
NIFTY50,2021-10-14,18272.8496,18350.75,18248.6992,18338.5508,18338.5508,538700,yahoo
NIFTY50,2021-10-18,18500.0996,18543.1504,18445.3008,18477.0508,18477.0508,469900,yahoo
NIFTY50,2021-10-19,18602.3496,18604.4492,18377.6992,18418.75,18418.75,368200,yahoo
NIFTY50,2021-10-20,18439.9004,18458.3008,18209.3496,18266.5996,18266.5996,371300,yahoo
NIFTY50,2021-10-21,18382.6992,18384.1992,18048,18178.0996,18178.0996,365900,yahoo
NIFTY50,2021-10-22,18230.6992,18314.25,18034.3496,18114.9004,18114.9004,324700,yahoo
NIFTY50,2021-10-25,18229.5,18241.4004,17968.5,18125.4004,18125.4004,418700,yahoo
NIFTY50,2021-10-26,18154.5,18310.4492,18099.3008,18268.4004,18268.4004,341400,yahoo
NIFTY50,2021-10-27,18295.8496,18342.0508,18167.9004,18210.9492,18210.9492,335200,yahoo
NIFTY50,2021-10-28,18187.6504,18190.6992,17799.4492,17857.25,17857.25,374200,yahoo
NIFTY50,2021-10-29,17833.0508,17915.8496,17613.0996,17671.6504,17671.6504,336500,yahoo
NIFTY50,2021-11-01,17783.1504,17954.0996,17697.0996,17929.6504,17929.6504,281200,yahoo
NIFTY50,2021-11-02,17970.9004,18012.25,17847.5996,17888.9492,17888.9492,296400,yahoo
NIFTY50,2021-11-03,17947.9492,17988.75,17757.9492,17829.1992,17829.1992,331000,yahoo
NIFTY50,2021-11-04,17935.0508,17947.5508,17900.5996,17916.8008,17916.8008,48500,yahoo
NIFTY50,2021-11-08,18040.1992,18087.8008,17836.0996,18068.5508,18068.5508,338900,yahoo
NIFTY50,2021-11-09,18084.3496,18112.5996,17983.0508,18044.25,18044.25,270200,yahoo
NIFTY50,2021-11-10,17973.4492,18061.25,17915,18017.1992,18017.1992,261400,yahoo
NIFTY50,2021-11-11,17967.4492,17971.3496,17798.1992,17873.5996,17873.5996,232100,yahoo
NIFTY50,2021-11-12,17977.5996,18123,17905.9004,18102.75,18102.75,249100,yahoo
NIFTY50,2021-11-15,18140.9492,18210.1504,18071.3008,18109.4492,18109.4492,280400,yahoo
NIFTY50,2021-11-16,18127.0508,18132.6504,17958.8008,17999.1992,17999.1992,267400,yahoo
NIFTY50,2021-11-17,17939.3496,18022.6504,17879.25,17898.6504,17898.6504,295700,yahoo
NIFTY50,2021-11-18,17890.5508,17945.5996,17688.5,17764.8008,17764.8008,278400,yahoo
NIFTY50,2021-11-22,17796.25,17805.25,17280.4492,17416.5508,17416.5508,356400,yahoo
NIFTY50,2021-11-23,17281.75,17553.6992,17216.0996,17503.3496,17503.3496,308800,yahoo
NIFTY50,2021-11-24,17550.0508,17600.5996,17354,17415.0508,17415.0508,298100,yahoo
NIFTY50,2021-11-25,17417.3008,17564.3496,17351.6992,17536.25,17536.25,255900,yahoo
NIFTY50,2021-11-26,17338.75,17355.4004,16985.6992,17026.4492,17026.4492,356300,yahoo
NIFTY50,2021-11-29,17055.8008,17160.6992,16782.4004,17053.9492,17053.9492,348900,yahoo
NIFTY50,2021-11-30,17051.1504,17324.6504,16931.4004,16983.1992,16983.1992,498000,yahoo
NIFTY50,2021-12-01,17104.4004,17213.0508,17064.25,17166.9004,17166.9004,295500,yahoo
NIFTY50,2021-12-02,17183.1992,17420.3496,17149.3008,17401.6504,17401.6504,279900,yahoo
NIFTY50,2021-12-03,17424.9004,17489.8008,17180.8008,17196.6992,17196.6992,292500,yahoo
NIFTY50,2021-12-06,17209.0508,17216.75,16891.6992,16912.25,16912.25,231700,yahoo
NIFTY50,2021-12-07,17044.0996,17251.6504,16987.75,17176.6992,17176.6992,254100,yahoo
NIFTY50,2021-12-08,17315.25,17484.5996,17308.9492,17469.75,17469.75,257800,yahoo
NIFTY50,2021-12-09,17524.4004,17543.25,17379.5996,17516.8496,17516.8496,237200,yahoo
NIFTY50,2021-12-10,17476.0508,17534.3496,17405.25,17511.3008,17511.3008,204500,yahoo
NIFTY50,2021-12-13,17619.0996,17639.5,17355.9492,17368.25,17368.25,256600,yahoo
NIFTY50,2021-12-14,17283.1992,17376.1992,17225.8008,17324.9004,17324.9004,271000,yahoo
NIFTY50,2021-12-15,17323.6504,17351.1992,17192.1992,17221.4004,17221.4004,215000,yahoo
NIFTY50,2021-12-16,17373,17379.3496,17184.9492,17248.4004,17248.4004,219500,yahoo
NIFTY50,2021-12-17,17276,17298.1504,16966.4492,16985.1992,16985.1992,354600,yahoo
NIFTY50,2021-12-20,16824.25,16840.0996,16410.1992,16614.1992,16614.1992,330600,yahoo
NIFTY50,2021-12-21,16773.1504,16936.4004,16688.25,16770.8496,16770.8496,241000,yahoo
NIFTY50,2021-12-22,16865.5508,16971,16819.5,16955.4492,16955.4492,207900,yahoo
NIFTY50,2021-12-23,17066.8008,17118.6504,17015.5508,17072.5996,17072.5996,197000,yahoo
NIFTY50,2021-12-24,17149.5,17155.5996,16909.5996,17003.75,17003.75,182600,yahoo
NIFTY50,2021-12-27,16937.75,17112.0508,16833.1992,17086.25,17086.25,144800,yahoo
NIFTY50,2021-12-28,17177.5996,17250.25,17161.1504,17233.25,17233.25,176000,yahoo
NIFTY50,2021-12-29,17220.0996,17285.9492,17176.6504,17213.5996,17213.5996,161700,yahoo
NIFTY50,2021-12-30,17201.4492,17264.0508,17146.3496,17203.9492,17203.9492,320800,yahoo
NIFTY50,2021-12-31,17244.5,17400.8008,17238.5,17354.0508,17354.0508,167000,yahoo
NIFTYIT,2021-01-01,24300.1992,24500.6992,24288.9492,24456.0996,24456.0996,17800,yahoo
NIFTYIT,2021-01-04,24612.0508,25158.8496,24508.9492,25110.0508,25110.0508,0,yahoo
NIFTYIT,2021-01-05,25057.6504,25824.1504,25029.8496,25769.1504,25769.1504,0,yahoo
NIFTYIT,2021-01-06,25841.3008,26036.6992,25240.5,25419.1504,25419.1504,0,yahoo
NIFTYIT,2021-01-07,25692.0508,25702.3008,25131.9004,25251.1992,25251.1992,0,yahoo
NIFTYIT,2021-01-08,25558.3008,26227.5,25523.75,26162.4004,26162.4004,0,yahoo
NIFTYIT,2021-01-11,26703.1992,27095.75,26528,27027.75,27027.75,0,yahoo
NIFTYIT,2021-01-12,27008,27127.25,26805,26982.0996,26982.0996,0,yahoo
NIFTYIT,2021-01-13,27077.6992,27103.9004,26737.4004,27004.3008,27004.3008,0,yahoo
NIFTYIT,2021-01-14,26804.6504,27176.5,26245.0996,26965.5508,26965.5508,0,yahoo
NIFTYIT,2021-01-15,26939.6992,27037.6504,26301.4004,26362.8008,26362.8008,0,yahoo
NIFTYIT,2021-01-18,26395.5996,26423.5996,25830.4004,25916.25,25916.25,54400,yahoo
NIFTYIT,2021-01-19,26080.0996,26254.0508,25987.3008,26043.5,26043.5,41600,yahoo
NIFTYIT,2021-01-20,26147.1992,26758.0996,26142.9492,26619.6992,26619.6992,0,yahoo
NIFTYIT,2021-01-21,26808.5,26872.9492,26321.8008,26450.1504,26450.1504,0,yahoo
NIFTYIT,2021-01-22,26316.5508,26667.5508,26292.8008,26489.75,26489.75,0,yahoo
NIFTYIT,2021-01-25,26607.6504,26685.8008,25911.8008,26023.3008,26023.3008,0,yahoo
NIFTYIT,2021-01-27,26073.0996,26236.5508,25628.6992,25865.3008,25865.3008,0,yahoo
NIFTYIT,2021-01-28,25639.9004,25807.6504,25239.6992,25301.25,25301.25,0,yahoo
NIFTYIT,2021-01-29,25516.8008,25539.8496,24559.6504,24645.75,24645.75,0,yahoo
NIFTYIT,2021-02-01,24709.25,25139.1504,24308.9004,24922.6992,24922.6992,0,yahoo
NIFTYIT,2021-02-02,25277.4492,25574.75,25107.1992,25447.8008,25447.8008,38500,yahoo
NIFTYIT,2021-02-03,25590.0508,25949.6992,25341.4004,25680.9004,25680.9004,35500,yahoo
NIFTYIT,2021-02-04,25749.6992,25862.5,25505.25,25570.0508,25570.0508,0,yahoo
NIFTYIT,2021-02-05,25689.6992,25733.5,25188.4004,25331.5996,25331.5996,0,yahoo
NIFTYIT,2021-02-08,25588.5,26028,25415.9492,25915.5996,25915.5996,0,yahoo
NIFTYIT,2021-02-09,25933.8008,26301.1992,25659.9004,25779.1504,25779.1504,0,yahoo
NIFTYIT,2021-02-10,25779.9004,25941.0508,25570.1992,25885.3008,25885.3008,0,yahoo
NIFTYIT,2021-02-11,25860.8496,26080.1504,25795.8496,26043.4492,26043.4492,0,yahoo
NIFTYIT,2021-02-12,26111.8008,26455.0508,26012.25,26093.8008,26093.8008,0,yahoo
NIFTYIT,2021-02-15,26243.0996,26279.3008,25959.0996,26001.0996,26001.0996,0,yahoo
NIFTYIT,2021-02-16,26130.4004,26167.8496,25519.9492,25613.9492,25613.9492,0,yahoo
NIFTYIT,2021-02-17,25610.4004,25672.25,25234.6992,25282.9492,25282.9492,0,yahoo
NIFTYIT,2021-02-18,25270.9492,25686.8496,25262.6504,25618.5508,25618.5508,0,yahoo
NIFTYIT,2021-02-19,25634.9492,25676,25292.6504,25503.1992,25503.1992,0,yahoo
NIFTYIT,2021-02-22,25579.75,25617.3496,24646.4492,24766.4492,24766.4492,0,yahoo
NIFTYIT,2021-02-23,24933.6992,25199.5996,24709.1504,24807.8008,24807.8008,0,yahoo
NIFTYIT,2021-02-24,24814.5508,24872.3496,24518.6992,24779.4004,24779.4004,19700,yahoo
NIFTYIT,2021-02-25,24979,25199.8008,24830.6992,24872.4492,24872.4492,34500,yahoo
NIFTYIT,2021-02-26,24611.1992,24689,24212.8008,24301.4492,24301.4492,0,yahoo
NIFTYIT,2021-03-01,24494.6504,24846.0996,24451.4492,24556.3008,24556.3008,0,yahoo
NIFTYIT,2021-03-02,24809.6992,25435.4004,24770.3496,25301.8496,25301.8496,0,yahoo
NIFTYIT,2021-03-03,25582.5996,25814.9004,25331.4004,25772.6504,25772.6504,0,yahoo
NIFTYIT,2021-03-04,25471.6992,25981.3496,25450.4492,25631.8496,25631.8496,0,yahoo
NIFTYIT,2021-03-05,25504.6992,25697.75,25113.4492,25229.5996,25229.5996,0,yahoo
NIFTYIT,2021-03-08,25368.1992,25549.3008,25259.5996,25347.9492,25347.9492,0,yahoo
NIFTYIT,2021-03-09,25388.8008,25685.8008,25095.3496,25582.3496,25582.3496,0,yahoo
NIFTYIT,2021-03-10,25862.0508,26136.5508,25782.3008,26010.0996,26010.0996,0,yahoo
NIFTYIT,2021-03-12,26060.4492,26298,25819.9004,25888.25,25888.25,0,yahoo
NIFTYIT,2021-03-15,25859.1504,26094.1504,25651.8008,26032.0508,26032.0508,0,yahoo
NIFTYIT,2021-03-16,26132.4492,26602.6504,26111.0996,26363.8496,26363.8496,0,yahoo
NIFTYIT,2021-03-17,26378.1992,26657.0996,26113.75,26183.5,26183.5,0,yahoo
NIFTYIT,2021-03-18,26365.9004,26395.9492,25012.5,25373.3496,25373.3496,0,yahoo
NIFTYIT,2021-03-19,25273.3496,25687.4004,25028.3008,25562.75,25562.75,0,yahoo
NIFTYIT,2021-03-22,25649.0508,26102.8008,25418.4492,26035.3496,26035.3496,0,yahoo
NIFTYIT,2021-03-23,26105.6992,26315.8008,25928,26105.6992,26105.6992,0,yahoo
NIFTYIT,2021-03-24,25863.5508,26114.5996,25738.1504,25802.9492,25802.9492,0,yahoo
NIFTYIT,2021-03-25,25739.8008,25766,25131.4004,25237.0996,25237.0996,0,yahoo
NIFTYIT,2021-03-26,25475.3008,25687.0508,25276.5996,25385.0996,25385.0996,0,yahoo
NIFTYIT,2021-03-30,25531.0996,26306.6504,25429.1992,26121.0996,26121.0996,44200,yahoo
NIFTYIT,2021-03-31,26130.5996,26130.5996,25788,25855,25855,0,yahoo
NIFTYIT,2021-04-01,26039.8496,26289.0996,25855.3496,25980.4004,25980.4004,0,yahoo
NIFTYIT,2021-04-05,26035.5,26630.8008,25978.9492,26491.4004,26491.4004,0,yahoo
NIFTYIT,2021-04-06,26715.1992,26715.1992,26403.4492,26532.1992,26532.1992,0,yahoo
NIFTYIT,2021-04-07,26514.9492,26899.1992,26401.6992,26831,26831,0,yahoo
NIFTYIT,2021-04-08,26899.5,27413.5508,26845.8496,27148.4004,27148.4004,0,yahoo
NIFTYIT,2021-04-09,27322.0508,27520.0996,27109.9492,27367.0508,27367.0508,0,yahoo
NIFTYIT,2021-04-12,27504.4004,27524.5996,26545.6504,26727.8008,26727.8008,0,yahoo
NIFTYIT,2021-04-13,26737.6992,26759.1992,25513.4004,25851.3008,25851.3008,0,yahoo
NIFTYIT,2021-04-15,25577,26084.1504,25293.3008,26010.8496,26010.8496,0,yahoo
NIFTYIT,2021-04-16,26183.4492,26476.6504,26131.1992,26324.9004,26324.9004,0,yahoo
NIFTYIT,2021-04-19,26012.4004,26524.6504,25875.9004,26236.9004,26236.9004,0,yahoo
NIFTYIT,2021-04-20,26495.5996,26496.5,25736.4492,25877.5996,25877.5996,0,yahoo
NIFTYIT,2021-04-22,25902.5996,26055,25718.5996,25826.6992,25826.6992,64600,yahoo
NIFTYIT,2021-04-23,25746.4492,25926.0508,25531.9492,25609.0996,25609.0996,0,yahoo
NIFTYIT,2021-04-26,25633.0996,25887.0996,25521.1992,25680.3008,25680.3008,0,yahoo
NIFTYIT,2021-04-27,25737.1992,25871.4492,25686.9492,25815.75,25815.75,0,yahoo
NIFTYIT,2021-04-28,25952.6504,25992.5,25781.1504,25962.0996,25962.0996,0,yahoo
NIFTYIT,2021-04-29,26162.1992,26162.1992,25827.1504,25874.3008,25874.3008,0,yahoo
NIFTYIT,2021-04-30,25777.75,26154.3008,25593.9004,25664.4492,25664.4492,0,yahoo
NIFTYIT,2021-05-03,25544.8496,25785.5996,25427.9004,25676.0508,25676.0508,26600,yahoo
NIFTYIT,2021-05-04,25783.1992,25801.25,25398.9492,25489,25489,27200,yahoo
NIFTYIT,2021-05-05,25670.5508,25857.6504,25564.5996,25786.9492,25786.9492,0,yahoo
NIFTYIT,2021-05-06,25868.25,26387.6504,25639.5996,26258.6992,26258.6992,0,yahoo
NIFTYIT,2021-05-07,26378.8008,26454.0996,26180.25,26269.4492,26269.4492,0,yahoo
NIFTYIT,2021-05-10,26340.5996,26390.8008,26106.3496,26273.4492,26273.4492,0,yahoo
NIFTYIT,2021-05-11,26098.9004,26146.5,25968.0996,26106.6992,26106.6992,0,yahoo
NIFTYIT,2021-05-12,26105.1992,26105.1992,25728.4492,25855.4492,25855.4492,0,yahoo
NIFTYIT,2021-05-14,25896.1992,25901.1992,25461.9492,25588.1992,25588.1992,0,yahoo
NIFTYIT,2021-05-17,25650.4492,25770.5,25499.4492,25703.5508,25703.5508,0,yahoo
NIFTYIT,2021-05-18,25898.9004,26094.0996,25840.5508,25958.25,25958.25,0,yahoo
NIFTYIT,2021-05-19,25949.5508,26262.6992,25869.6504,25982.8008,25982.8008,0,yahoo
NIFTYIT,2021-05-20,26075.4004,26118.25,25821.5508,25894.5,25894.5,0,yahoo
NIFTYIT,2021-05-21,26012.8496,26154,25936.5996,26105.3008,26105.3008,0,yahoo
NIFTYIT,2021-05-24,26150.5996,26298.5508,26095.4004,26144.1992,26144.1992,0,yahoo
NIFTYIT,2021-05-25,26275.4492,26550.5508,26241.1504,26393.9004,26393.9004,0,yahoo
NIFTYIT,2021-05-26,26450.6992,26905.75,26380.5,26857.3496,26857.3496,0,yahoo
NIFTYIT,2021-05-27,26921.8008,27350.25,26916.8496,27164.8008,27164.8008,0,yahoo
NIFTYIT,2021-05-28,27238.0996,27278.6992,27041.9004,27122.8008,27122.8008,0,yahoo
NIFTYIT,2021-05-31,27144.0996,27203.9004,26886.8008,27115.0508,27115.0508,0,yahoo
NIFTYIT,2021-06-01,27216.75,27254.1504,26953.5,27144.4004,27144.4004,0,yahoo
NIFTYIT,2021-06-02,27051.4004,27118.6992,26737.1504,26939.6504,26939.6504,0,yahoo
NIFTYIT,2021-06-03,27088.4492,27159.9492,26855.1992,26987.9004,26987.9004,0,yahoo
NIFTYIT,2021-06-04,27031.5996,27167.5,26914.5996,26996.75,26996.75,0,yahoo
NIFTYIT,2021-06-07,27078.4004,27330.4004,26997.8008,27295.6504,27295.6504,0,yahoo
NIFTYIT,2021-06-08,27400.8008,27732.3496,27376.9492,27623.8008,27623.8008,0,yahoo
NIFTYIT,2021-06-09,27691.3008,27793.8008,27436.3496,27539,27539,0,yahoo
NIFTYIT,2021-06-10,27676.5,27822.0996,27649.9492,27798,27798,0,yahoo
NIFTYIT,2021-06-11,27866.25,28347.5,27820.5,28217.5,28217.5,0,yahoo
NIFTYIT,2021-06-14,28371.9004,28467.3496,28134.6504,28314.0996,28314.0996,0,yahoo
NIFTYIT,2021-06-15,28384.6992,28544.5996,28325.9004,28377.8496,28377.8496,0,yahoo
NIFTYIT,2021-06-16,28384.1504,28600.1992,28241.25,28448.8496,28448.8496,0,yahoo
NIFTYIT,2021-06-17,28355.1504,28714.5996,28343.0508,28611.3496,28611.3496,0,yahoo
NIFTYIT,2021-06-18,28829.5,28934.0508,28227.5508,28445.5996,28445.5996,0,yahoo
NIFTYIT,2021-06-21,28224.0996,28393.0508,28083.75,28367,28367,0,yahoo
NIFTYIT,2021-06-22,28514.1504,28656.4004,28396.5,28523.5508,28523.5508,0,yahoo
NIFTYIT,2021-06-23,28719.6504,28719.6504,28229.3496,28258.5,28258.5,0,yahoo
NIFTYIT,2021-06-24,28395.4492,29098.9492,28357.3008,29048,29048,0,yahoo
NIFTYIT,2021-06-25,29176.75,29284,28874.5996,29210.5508,29210.5508,0,yahoo
NIFTYIT,2021-06-28,29259.5996,29259.5996,28977.75,29068.5508,29068.5508,0,yahoo
NIFTYIT,2021-06-29,29049.6504,29183.8496,28934.1504,28986.25,28986.25,0,yahoo
NIFTYIT,2021-06-30,29057.1504,29311.5508,29036.9492,29168,29168,0,yahoo
NIFTYIT,2021-07-01,29193.0508,29193.0508,28953.0508,29003.0996,29003.0996,15900,yahoo
NIFTYIT,2021-07-02,28983.5,29028.3496,28704,29007.9492,29007.9492,16400,yahoo
NIFTYIT,2021-07-05,29117.4492,29185.5996,28907.75,28950.5996,28950.5996,0,yahoo
NIFTYIT,2021-07-06,28924,28986.0996,28607.5996,28649.4004,28649.4004,0,yahoo
NIFTYIT,2021-07-07,28708.5996,28790.3008,28381.3008,28734.6504,28734.6504,0,yahoo
NIFTYIT,2021-07-08,28821.75,28934.4492,28541.9492,28749,28749,0,yahoo
NIFTYIT,2021-07-09,28669.1992,28898.8496,28549.25,28662.1992,28662.1992,0,yahoo
NIFTYIT,2021-07-12,28837.0508,28854.5508,28421.5508,28532.3496,28532.3496,0,yahoo
NIFTYIT,2021-07-13,28674.6992,28681.1992,28381.9004,28439.75,28439.75,0,yahoo
NIFTYIT,2021-07-14,28581.25,29376.9004,28534.8496,29339.8496,29339.8496,0,yahoo
NIFTYIT,2021-07-15,29303.3496,29835.9004,29284.8008,29718.0508,29718.0508,0,yahoo
NIFTYIT,2021-07-16,29734.75,29734.75,29287.25,29400.25,29400.25,0,yahoo
NIFTYIT,2021-07-19,29248.3008,29592.3496,29167.3496,29264,29264,0,yahoo
NIFTYIT,2021-07-20,29282.8008,29410.5,28992,29252.5,29252.5,0,yahoo
NIFTYIT,2021-07-22,29335.6992,29808.4492,29335.6992,29779.9492,29779.9492,0,yahoo
NIFTYIT,2021-07-23,29895.5996,30059.6992,29848.0508,29894.3008,29894.3008,0,yahoo
NIFTYIT,2021-07-26,29886.1992,30139.1992,29859.5996,29940.4004,29940.4004,0,yahoo
NIFTYIT,2021-07-27,29967.9004,30048.3496,29698.9492,29892.5508,29892.5508,0,yahoo
NIFTYIT,2021-07-28,29934.0508,29993.5508,29510.3496,29954.1504,29954.1504,0,yahoo
NIFTYIT,2021-07-29,30037.1992,30406,30037.0996,30371.4004,30371.4004,0,yahoo
NIFTYIT,2021-07-30,30546.8496,30818.5508,30438.3496,30480.0508,30480.0508,0,yahoo
NIFTYIT,2021-08-02,30681.9492,30832.3008,30547,30803.0508,30803.0508,0,yahoo
NIFTYIT,2021-08-03,30974.75,31196.4492,30872.3496,31165.8496,31165.8496,0,yahoo
NIFTYIT,2021-08-04,31296.8008,31338.8008,30895.4492,30977.1504,30977.1504,0,yahoo
NIFTYIT,2021-08-05,31025.1504,31560.1992,30980.9004,31211.1992,31211.1992,0,yahoo
NIFTYIT,2021-08-06,31251.1992,31460.3008,31057.5996,31303.3008,31303.3008,0,yahoo
NIFTYIT,2021-08-09,31523.5,31685.4004,31324.75,31441,31441,0,yahoo
NIFTYIT,2021-08-10,31489.9492,31812.75,31431.1504,31713.4004,31713.4004,29900,yahoo
NIFTYIT,2021-08-11,31767.9004,31799.75,31522.4004,31670,31670,21200,yahoo
NIFTYIT,2021-08-12,31667.3496,32289.8496,31667.3496,32245.0996,32245.0996,29100,yahoo
NIFTYIT,2021-08-13,32308.8496,32821.8984,32264.1504,32678.8008,32678.8008,32200,yahoo
NIFTYIT,2021-08-16,32671.75,32905.3516,32438.25,32577.9492,32577.9492,18000,yahoo
NIFTYIT,2021-08-17,32614,33487.1016,32449.6504,33414.75,33414.75,42300,yahoo
NIFTYIT,2021-08-18,33482.8516,33840.4492,33268.6016,33448.8984,33448.8984,29400,yahoo
NIFTYIT,2021-08-20,32954.1992,33652.3984,32949.8984,33351.3516,33351.3516,28500,yahoo
NIFTYIT,2021-08-23,33582.1484,34153.3984,33567.3516,33919.8008,33919.8008,36600,yahoo
NIFTYIT,2021-08-24,34145.25,34262.6016,33634.75,33838.3984,33838.3984,28600,yahoo
NIFTYIT,2021-08-25,33887.75,34399.8516,33764.1016,34083.9492,34083.9492,25300,yahoo
NIFTYIT,2021-08-26,34092.8984,34375.9492,33929.6992,34041.1016,34041.1016,21000,yahoo
NIFTYIT,2021-08-27,34036.4492,34392.8516,33799.0508,34309.8008,34309.8008,26200,yahoo
NIFTYIT,2021-08-30,34338.75,34480.1484,34027.5,34109.25,34109.25,21200,yahoo
NIFTYIT,2021-08-31,34205.8008,34680.6484,34043.6016,34570.25,34570.25,40000,yahoo
NIFTYIT,2021-09-01,34698.75,34780,34037.1484,34110.5,34110.5,22300,yahoo
NIFTYIT,2021-09-02,34218.25,34846.8984,34051.8984,34680.3008,34680.3008,27500,yahoo
NIFTYIT,2021-09-03,34744.4492,34997.6992,34490.6484,34891.1992,34891.1992,20900,yahoo
NIFTYIT,2021-09-06,34992.0508,35464.3984,34855.9492,35415.1016,35415.1016,27600,yahoo
NIFTYIT,2021-09-07,35549.3008,35581.5508,34906.8516,34951.3008,34951.3008,19400,yahoo
NIFTYIT,2021-09-08,34973.8984,34979.3008,34515.4492,34678.1992,34678.1992,22700,yahoo
NIFTYIT,2021-09-09,34676.1992,34862.8516,34530,34802.3008,34802.3008,18000,yahoo
NIFTYIT,2021-09-13,34688.3008,35242.5,34573.6992,35129.6016,35129.6016,21100,yahoo
NIFTYIT,2021-09-14,35224.25,35476.8984,35020.6992,35431.5,35431.5,20200,yahoo
NIFTYIT,2021-09-15,35462.3516,36200,35375.3516,36075.1992,36075.1992,23100,yahoo
NIFTYIT,2021-09-16,36151.3516,36310.75,35694.8516,35852.4492,35852.4492,19500,yahoo
NIFTYIT,2021-09-17,35915.3984,36131.25,35527,35646.5,35646.5,30300,yahoo
NIFTYIT,2021-09-20,35462.3984,36130.5508,35346.1992,35400.0508,35400.0508,22500,yahoo
NIFTYIT,2021-09-21,35609.1016,36127.8008,35332.8516,36086.0508,36086.0508,19600,yahoo
NIFTYIT,2021-09-22,36154.0508,36713.1484,36145.9492,36422.4492,36422.4492,25700,yahoo
NIFTYIT,2021-09-23,36691.9492,36867.4492,36532.4492,36816.8984,36816.8984,16700,yahoo
NIFTYIT,2021-09-24,37128.75,37823.1484,37055,37103.25,37103.25,39400,yahoo
NIFTYIT,2021-09-27,37335.8984,37345.0508,35968.75,36034.3984,36034.3984,29900,yahoo
NIFTYIT,2021-09-28,36082,36082,34924.5508,35239.9492,35239.9492,34200,yahoo
NIFTYIT,2021-09-29,34894.8984,35578.3008,34733.9492,35282.6484,35282.6484,37000,yahoo
NIFTYIT,2021-09-30,35394.8984,35408.1016,34975.6016,35028,35028,25400,yahoo
NIFTYIT,2021-10-01,34955.5,35100.8984,34719.8008,34780.6016,34780.6016,20000,yahoo
NIFTYIT,2021-10-04,34923.8008,35184.5508,34778.25,35126.1484,35126.1484,16800,yahoo
NIFTYIT,2021-10-05,34978.3984,35650.8516,34781.6016,35544.3008,35544.3008,20600,yahoo
NIFTYIT,2021-10-06,35689.5508,35801.5,35003.0508,35075.8008,35075.8008,18500,yahoo
NIFTYIT,2021-10-07,35323.6016,35903.9492,35233.3008,35703.8516,35703.8516,17800,yahoo
NIFTYIT,2021-10-08,35920.5508,36703.5508,35786.3008,36402,36402,31000,yahoo
NIFTYIT,2021-10-11,35494.3984,35690.3984,34768.9492,35179.9492,35179.9492,43100,yahoo
NIFTYIT,2021-10-12,35179.1992,35294.1484,34512.8008,34869.75,34869.75,41100,yahoo
NIFTYIT,2021-10-13,35053.6992,35324.4492,34872.3984,35285.6016,35285.6016,29400,yahoo
NIFTYIT,2021-10-14,35921.4492,36412.4492,35571.3984,35744.8516,35744.8516,111700,yahoo
NIFTYIT,2021-10-18,36012,36400.6016,35863.3984,36306.3516,36306.3516,58800,yahoo
NIFTYIT,2021-10-19,36841.6016,37491.8516,36720,37106.3516,37106.3516,53800,yahoo
NIFTYIT,2021-10-20,37188.1484,37463.8984,36534.5,36846.8008,36846.8008,37500,yahoo
NIFTYIT,2021-10-21,36988.8984,36988.8984,35624.5,35913.6016,35913.6016,38300,yahoo
NIFTYIT,2021-10-22,35892.6484,36297.1992,35098.1992,35394.6484,35394.6484,30400,yahoo
NIFTYIT,2021-10-25,35467.1016,35521.0508,34529.8516,35005.3984,35005.3984,32100,yahoo
NIFTYIT,2021-10-26,35181.6992,35699.8516,34957.75,35162.3516,35162.3516,40800,yahoo
NIFTYIT,2021-10-27,35245.0508,35578,35163.0508,35503.8984,35503.8984,23600,yahoo
NIFTYIT,2021-10-28,35575.6484,35575.6484,34787.1016,34913.6016,34913.6016,22600,yahoo
NIFTYIT,2021-10-29,34820.3008,35178.75,34288.5508,34408.75,34408.75,26900,yahoo
NIFTYIT,2021-11-01,34677.3008,35328.5508,34654.9492,35290,35290,19700,yahoo
NIFTYIT,2021-11-02,35334.25,35522.3516,35076.1484,35177.3516,35177.3516,17700,yahoo
NIFTYIT,2021-11-03,35351.4492,35525.75,35093.0508,35177.1016,35177.1016,15000,yahoo
NIFTYIT,2021-11-04,35403,35452.3516,35302.4492,35334.25,35334.25,2200,yahoo
NIFTYIT,2021-11-08,35606,35852.5,35177.9492,35782.3516,35782.3516,22100,yahoo
NIFTYIT,2021-11-09,35839.1992,36117.9492,35763.8516,35815.1016,35815.1016,18300,yahoo
NIFTYIT,2021-11-10,35635.0508,35862.4492,35576.1992,35722.9492,35722.9492,15500,yahoo
NIFTYIT,2021-11-11,35626.6484,35697,35141.3008,35583.6484,35583.6484,19600,yahoo
NIFTYIT,2021-11-12,35860.1016,36378.0508,35732.75,36332.3008,36332.3008,23500,yahoo
NIFTYIT,2021-11-15,36391.1016,36646.25,36302.9492,36465.3008,36465.3008,18700,yahoo
NIFTYIT,2021-11-16,36555.25,36794.25,36429.8984,36643.8984,36643.8984,23800,yahoo
NIFTYIT,2021-11-17,36623.75,36835.9492,36431.25,36660.8984,36660.8984,19700,yahoo
NIFTYIT,2021-11-18,36641.5508,36702.3984,35867.3008,36007,36007,22000,yahoo
NIFTYIT,2021-11-22,36097,36097,35224.5508,35478.9492,35478.9492,24300,yahoo
NIFTYIT,2021-11-23,35206,35645.4492,34707.8516,35504.3984,35504.3984,24100,yahoo
NIFTYIT,2021-11-24,35627.9492,35662.6016,34828.3008,34966.25,34966.25,20200,yahoo
NIFTYIT,2021-11-25,34978,35365.75,34934.5508,35300.25,35300.25,16900,yahoo
NIFTYIT,2021-11-26,35024.6992,35190.1016,34512.6016,34606.1484,34606.1484,17400,yahoo
NIFTYIT,2021-11-29,34382.3984,35104.3516,33953.8984,34870.75,34870.75,21000,yahoo
NIFTYIT,2021-11-30,35018.8984,35654.1992,34918.6016,35043.75,35043.75,68200,yahoo
NIFTYIT,2021-12-01,35143,35652.1992,35123.9492,35429,35429,20200,yahoo
NIFTYIT,2021-12-02,35504.8008,36195.6484,35418.25,36157.8516,36157.8516,23600,yahoo
NIFTYIT,2021-12-03,36314.8008,36518.8008,35784.1484,35848.0508,35848.0508,22500,yahoo
NIFTYIT,2021-12-06,35835.4492,35953.75,34828.1484,34879.3984,34879.3984,17500,yahoo
NIFTYIT,2021-12-07,35136.5508,35384,34756.6016,35272.3008,35272.3008,16200,yahoo
NIFTYIT,2021-12-08,35584.8008,36131.9492,35576.8516,35959.0508,35959.0508,18600,yahoo
NIFTYIT,2021-12-09,35963.6992,36114,35573.3516,35946.3516,35946.3516,12400,yahoo
NIFTYIT,2021-12-10,35820.0508,35974.75,35652.1992,35939.6016,35939.6016,11800,yahoo
NIFTYIT,2021-12-13,36104.3516,36507.3008,35984.5508,36050.5508,36050.5508,20400,yahoo
NIFTYIT,2021-12-14,35946.75,36252.0508,35637.8516,36102.5508,36102.5508,17400,yahoo
NIFTYIT,2021-12-15,36033.8984,36060,35536.1484,35737.1992,35737.1992,13100,yahoo
NIFTYIT,2021-12-16,36078.3008,36354.8516,35979.1484,36160.3008,36160.3008,18900,yahoo
NIFTYIT,2021-12-17,36704.1992,37013.25,36497.9492,36647.8984,36647.8984,89100,yahoo
NIFTYIT,2021-12-20,36411.8516,36598.3516,35559.3008,35916.4492,35916.4492,29300,yahoo
NIFTYIT,2021-12-21,36159.1992,36970.5508,36147.6016,36627.1484,36627.1484,32300,yahoo
NIFTYIT,2021-12-22,36853.8516,37014.75,36669,36989.1484,36989.1484,18900,yahoo
NIFTYIT,2021-12-23,37190.3008,37528,37086.8984,37362.8516,37362.8516,18500,yahoo
NIFTYIT,2021-12-24,37657.1484,37822.1484,37417.6484,37727.8008,37727.8008,34400,yahoo
NIFTYIT,2021-12-27,37722.8984,38029.3008,37431,37988.5,37988.5,19000,yahoo
NIFTYIT,2021-12-28,38184.6016,38500.25,38164.4492,38357.8008,38357.8008,19000,yahoo
NIFTYIT,2021-12-29,38269.1016,38484.8984,38181.8984,38274.6484,38274.6484,14200,yahoo
NIFTYIT,2021-12-30,38231.1484,38897.6016,38153.3516,38658.8008,38658.8008,27100,yahoo
NIFTYIT,2021-12-31,38708.1484,38861.1016,38468.3984,38701.0508,38701.0508,16300,yahoo
NIFTYPHARMA,2021-01-01,12933.0996,13045.5498,12875.5498,13001.9502,13001.9502,22979000,yahoo
NIFTYPHARMA,2021-01-04,13085.2998,13186.5498,13028.2002,13149.7998,13149.7998,33418000,yahoo
NIFTYPHARMA,2021-01-05,13148.0498,13247.0498,13073,13166.3496,13166.3496,27961000,yahoo
NIFTYPHARMA,2021-01-06,13181,13205.6504,12965.6504,13118.0996,13118.0996,24307000,yahoo
NIFTYPHARMA,2021-01-07,13168.4502,13200.25,13010.3496,13060.75,13060.75,21168000,yahoo
NIFTYPHARMA,2021-01-08,13141,13298.1504,13104.0498,13271.5498,13271.5498,32926000,yahoo
NIFTYPHARMA,2021-01-11,13315.4502,13423.7998,13222.7998,13412.3496,13412.3496,30583000,yahoo
NIFTYPHARMA,2021-01-12,13445.6504,13476.7998,13220.0498,13244.7002,13244.7002,23360000,yahoo
NIFTYPHARMA,2021-01-13,13285.9502,13304.75,12994.25,13122.5498,13122.5498,24099000,yahoo
NIFTYPHARMA,2021-01-14,13140.4004,13278.5996,13020.2998,13232.5498,13232.5498,27373000,yahoo
NIFTYPHARMA,2021-01-15,13262.0498,13268.5498,12946.7998,13014.25,13014.25,29533000,yahoo
NIFTYPHARMA,2021-01-18,13000.7998,13013.4502,12592.7998,12653.5,12653.5,25807000,yahoo
NIFTYPHARMA,2021-01-19,12714.9502,12914.5,12699.2002,12866.0498,12866.0498,19727000,yahoo
NIFTYPHARMA,2021-01-20,12919,12992.9004,12862.4004,12881.2002,12881.2002,17929000,yahoo
NIFTYPHARMA,2021-01-21,12967.0996,12967.0996,12655.5498,12697.1504,12697.1504,20327000,yahoo
NIFTYPHARMA,2021-01-22,12670,12700.5,12468.75,12542.0996,12542.0996,50903000,yahoo
NIFTYPHARMA,2021-01-25,12604.5996,12867.8496,12390.5498,12756.75,12756.75,56442000,yahoo
NIFTYPHARMA,2021-01-27,12764.5,12764.5,12403.7998,12495.9004,12495.9004,39053000,yahoo
NIFTYPHARMA,2021-01-28,12331.75,12513.4004,12213.5996,12395.9502,12395.9502,33626000,yahoo
NIFTYPHARMA,2021-01-29,12467.8496,12482.5498,12101.4502,12170.25,12170.25,52734000,yahoo
NIFTYPHARMA,2021-02-01,12212.2002,12218.75,11934.25,12103.5498,12103.5498,43558000,yahoo
NIFTYPHARMA,2021-02-02,12228.2998,12416.2998,12125.3496,12361.5498,12361.5498,45298000,yahoo
NIFTYPHARMA,2021-02-03,12468.0498,12899.7998,12445.5996,12706.6504,12706.6504,67625000,yahoo
NIFTYPHARMA,2021-02-04,12772.25,12866.5498,12661.9004,12739.0498,12739.0498,28542000,yahoo
NIFTYPHARMA,2021-02-05,12812.75,13041,12669.5996,12950.6504,12950.6504,48932000,yahoo
NIFTYPHARMA,2021-02-08,13039.5498,13118.7002,12907.25,12971,12971,28592000,yahoo
NIFTYPHARMA,2021-02-09,12954.8496,13013.0996,12771.0498,12812.7998,12812.7998,27832000,yahoo
NIFTYPHARMA,2021-02-10,12842.7002,12945.7998,12689.4004,12905.5498,12905.5498,26713000,yahoo
NIFTYPHARMA,2021-02-11,12833.6504,12961.9502,12807.5996,12929.7998,12929.7998,32225000,yahoo
NIFTYPHARMA,2021-02-12,13012.3496,13013.75,12738.3496,12785.75,12785.75,29121000,yahoo
NIFTYPHARMA,2021-02-15,12817.9502,12863.2998,12723.4004,12745.0996,12745.0996,19328000,yahoo
NIFTYPHARMA,2021-02-16,12789.0498,12821,12695.1504,12804.1504,12804.1504,24863000,yahoo
NIFTYPHARMA,2021-02-17,12794.9004,12837.0996,12551.25,12584.3496,12584.3496,25409000,yahoo
NIFTYPHARMA,2021-02-18,12593.5,12648.0996,12491.0498,12517.5,12517.5,23394000,yahoo
NIFTYPHARMA,2021-02-19,12499.9004,12545.7002,12236.1504,12347.4004,12347.4004,27821000,yahoo
NIFTYPHARMA,2021-02-22,12365.7998,12387.0498,11950.4502,12032.2998,12032.2998,24407000,yahoo
NIFTYPHARMA,2021-02-23,12059.3496,12122.3496,11935.25,12029.5,12029.5,31169000,yahoo
NIFTYPHARMA,2021-02-24,12101.2998,12135.4502,11916.7998,12035.8496,12035.8496,11432000,yahoo
NIFTYPHARMA,2021-02-25,12097.3496,12291.75,12058.2002,12141.7002,12141.7002,28226000,yahoo
NIFTYPHARMA,2021-02-26,12043.5996,12322.0996,11860.7002,11927.9004,11927.9004,44645000,yahoo
NIFTYPHARMA,2021-03-01,12007.2002,12126.4004,11949.75,12092.7002,12092.7002,18030000,yahoo
NIFTYPHARMA,2021-03-02,12156.2998,12273.9502,12099.8496,12257.2998,12257.2998,20640000,yahoo
NIFTYPHARMA,2021-03-03,12347.5,12399.1504,12236.0498,12379.5996,12379.5996,20940000,yahoo
NIFTYPHARMA,2021-03-04,12315.8496,12447.2998,12265.8496,12351.75,12351.75,25370000,yahoo
NIFTYPHARMA,2021-03-05,12320.7998,12336,12150.4502,12192.75,12192.75,18527000,yahoo
NIFTYPHARMA,2021-03-08,12224.2998,12347.8496,12202.2998,12239.8496,12239.8496,15040000,yahoo
NIFTYPHARMA,2021-03-09,12316.7998,12333.25,12053.0996,12133.8496,12133.8496,15421000,yahoo
NIFTYPHARMA,2021-03-10,12218.4502,12335.9004,12180.1504,12313.25,12313.25,22335000,yahoo
NIFTYPHARMA,2021-03-12,12365.7998,12377.2998,12148.5498,12184.25,12184.25,17072000,yahoo
NIFTYPHARMA,2021-03-15,12213.75,12215.1504,11848.2998,12024.5,12024.5,16756000,yahoo
NIFTYPHARMA,2021-03-16,12059.2002,12099.9004,11953.25,12013,12013,16718000,yahoo
NIFTYPHARMA,2021-03-17,12028.7002,12032.5,11747.5996,11787.5,11787.5,19771000,yahoo
NIFTYPHARMA,2021-03-18,11830.9502,11849.2002,11466.9502,11514.4502,11514.4502,19450000,yahoo
NIFTYPHARMA,2021-03-19,11466.7002,11705.9502,11280.7998,11667.0996,11667.0996,25594000,yahoo
NIFTYPHARMA,2021-03-22,11685.0996,11884.75,11669.0498,11850.75,11850.75,23238000,yahoo
NIFTYPHARMA,2021-03-23,11869.0996,11943.3496,11811.2998,11907.2002,11907.2002,16742000,yahoo
NIFTYPHARMA,2021-03-24,11874,12056.25,11850.9004,11916.2998,11916.2998,25113000,yahoo
NIFTYPHARMA,2021-03-25,11929.4502,11986.3496,11717.3496,11816.7998,11816.7998,22012000,yahoo
NIFTYPHARMA,2021-03-26,11887.9004,11944.1504,11765.7002,11883.2002,11883.2002,22201000,yahoo
NIFTYPHARMA,2021-03-30,11989.0996,12219.5996,11958,12206.5996,12206.5996,20931000,yahoo
NIFTYPHARMA,2021-03-31,12231.0498,12327.4004,12191.9004,12272.5996,12272.5996,21159000,yahoo
NIFTYPHARMA,2021-04-01,12319,12400.5498,12273.5996,12377.0996,12377.0996,14702000,yahoo
NIFTYPHARMA,2021-04-05,12383.5498,12383.5498,12129.25,12331.5,12331.5,16785000,yahoo
NIFTYPHARMA,2021-04-06,12345.0996,12562.0996,12321.7002,12548.5996,12548.5996,22715000,yahoo
NIFTYPHARMA,2021-04-07,12597,12695.0996,12549.5,12616.3496,12616.3496,18351000,yahoo
NIFTYPHARMA,2021-04-08,12630.1504,12739.0498,12592.75,12611.7002,12611.7002,15873000,yahoo
NIFTYPHARMA,2021-04-09,12603.5996,13074,12582.5996,12995.3496,12995.3496,64843000,yahoo
NIFTYPHARMA,2021-04-12,13026.2998,13301.5996,12758.6504,12961.8496,12961.8496,89495000,yahoo
NIFTYPHARMA,2021-04-13,13155,13205.5,12733,12807.5,12807.5,38827000,yahoo
NIFTYPHARMA,2021-04-15,12914.6504,13054.5,12798.5996,12987.0498,12987.0498,46300000,yahoo
NIFTYPHARMA,2021-04-16,13016.4502,13309.7002,12892,13234.25,13234.25,53088000,yahoo
NIFTYPHARMA,2021-04-19,13233.2002,13342.25,12999.7998,13256.25,13256.25,59334000,yahoo
NIFTYPHARMA,2021-04-20,13426.0498,13583.0498,13324.25,13426.9004,13426.9004,71771000,yahoo
NIFTYPHARMA,2021-04-22,13496.5498,13633.4004,13347.2002,13378.9502,13378.9502,58910000,yahoo
NIFTYPHARMA,2021-04-23,13373.0996,13476.5498,13169,13319.75,13319.75,57790000,yahoo
NIFTYPHARMA,2021-04-26,13418.5996,13418.5996,13186.25,13203.8496,13203.8496,57499000,yahoo
NIFTYPHARMA,2021-04-27,13247.5498,13310.6504,13145.0498,13296.75,13296.75,35540000,yahoo
NIFTYPHARMA,2021-04-28,13347.6504,13367.4004,13227.2002,13252.9502,13252.9502,39404000,yahoo
NIFTYPHARMA,2021-04-29,13301.8496,13401.5,13222.5996,13298.6504,13298.6504,38814000,yahoo
NIFTYPHARMA,2021-04-30,13271.3496,13619.5498,13263.3496,13469.25,13469.25,44769000,yahoo
NIFTYPHARMA,2021-05-03,13502.6504,13580.5,13408.2002,13507.4502,13507.4502,30198000,yahoo
NIFTYPHARMA,2021-05-04,13573.8496,13573.8496,13200.7002,13234.75,13234.75,29093000,yahoo
NIFTYPHARMA,2021-05-05,13293,13809.1504,13210.5,13779.7002,13779.7002,101237000,yahoo
NIFTYPHARMA,2021-05-06,13897.5498,13960.7998,13651.2002,13747.75,13747.75,59022000,yahoo
NIFTYPHARMA,2021-05-07,13799.25,13924.7002,13718.6504,13747.0996,13747.0996,32932000,yahoo
NIFTYPHARMA,2021-05-10,13965.5,14228.4004,13861.4502,14131.8496,14131.8496,55079000,yahoo
NIFTYPHARMA,2021-05-11,14112.6504,14282.9004,14013.25,14066.6504,14066.6504,46934000,yahoo
NIFTYPHARMA,2021-05-12,14135.0996,14224.5,14000.0996,14065.0498,14065.0498,52764000,yahoo
NIFTYPHARMA,2021-05-14,14141.0996,14252.3496,13848.9502,13885.5,13885.5,53066000,yahoo
NIFTYPHARMA,2021-05-17,13921.2998,13958.5996,13741.25,13858.7002,13858.7002,34369000,yahoo
NIFTYPHARMA,2021-05-18,13934.3496,13995.3496,13804.7002,13832.4004,13832.4004,21811000,yahoo
NIFTYPHARMA,2021-05-19,13859.5996,14039.0996,13839.2002,14001.3496,14001.3496,30993000,yahoo
NIFTYPHARMA,2021-05-20,14025.3496,14056.2002,13903.0996,13970.2002,13970.2002,31296000,yahoo
NIFTYPHARMA,2021-05-21,14036.75,14085.6504,13974.4502,13993.7002,13993.7002,20191000,yahoo
NIFTYPHARMA,2021-05-24,14028.8496,14171.4004,14015.5996,14034.6504,14034.6504,30653000,yahoo
NIFTYPHARMA,2021-05-25,14120.9004,14127.5996,14025.9502,14090.0996,14090.0996,16292000,yahoo
NIFTYPHARMA,2021-05-26,14138.75,14228.5996,14088.2998,14127.25,14127.25,25448000,yahoo
NIFTYPHARMA,2021-05-27,14157.0996,14169.7002,14022.75,14100.0498,14100.0498,38750000,yahoo
NIFTYPHARMA,2021-05-28,14092.3496,14098.4004,13893.5498,13934.0996,13934.0996,43114000,yahoo
NIFTYPHARMA,2021-05-31,14001.2002,14074.75,13849.2998,14051.75,14051.75,37719000,yahoo
NIFTYPHARMA,2021-06-01,14086.0498,14109.0498,13939.4502,14058.0498,14058.0498,23159000,yahoo
NIFTYPHARMA,2021-06-02,14058.0996,14189.5,14052.25,14151.8496,14151.8496,27733000,yahoo
NIFTYPHARMA,2021-06-03,14176.25,14206.9502,14079.6504,14114.4004,14114.4004,17816000,yahoo
NIFTYPHARMA,2021-06-04,14150.25,14156.6504,14050.4502,14101.5498,14101.5498,17864000,yahoo
NIFTYPHARMA,2021-06-07,14126.9502,14151.2002,14049.0498,14069,14069,15290000,yahoo
NIFTYPHARMA,2021-06-08,14064.4004,14207.2998,13920.2002,14189.8496,14189.8496,25967000,yahoo
NIFTYPHARMA,2021-06-09,14220.3496,14362.4502,14046.75,14118.9004,14118.9004,33225000,yahoo
NIFTYPHARMA,2021-06-10,14140.9004,14369.3496,14138.5,14313.9004,14313.9004,25520000,yahoo
NIFTYPHARMA,2021-06-11,14331.9502,14530.9502,14300.0996,14464.0498,14464.0498,29964000,yahoo
NIFTYPHARMA,2021-06-14,14447.75,14525.3496,14217.4502,14449.5996,14449.5996,20453000,yahoo
NIFTYPHARMA,2021-06-15,14464.5,14505,14309.5498,14322.6504,14322.6504,13804000,yahoo
NIFTYPHARMA,2021-06-16,14336.0996,14354,14183.0996,14215.7002,14215.7002,18971000,yahoo
NIFTYPHARMA,2021-06-17,14193.4502,14245.8496,13987.0498,14081.5996,14081.5996,18811000,yahoo
NIFTYPHARMA,2021-06-18,14110.5,14194.9004,13855.0996,14030.5996,14030.5996,25168000,yahoo
NIFTYPHARMA,2021-06-21,13949.5498,14103.2002,13899.6504,14082.9502,14082.9502,12754000,yahoo
NIFTYPHARMA,2021-06-22,14126.0996,14146.0996,14028.1504,14095,14095,15851000,yahoo
NIFTYPHARMA,2021-06-23,14115.4502,14179.5996,14003.7998,14018.0498,14018.0498,12757000,yahoo
NIFTYPHARMA,2021-06-24,14019.25,14058.6504,13900.0498,13967.9502,13967.9502,13421400,yahoo
NIFTYPHARMA,2021-06-25,13982.9004,14133.4502,13968.9502,14069.5996,14069.5996,12300200,yahoo
NIFTYPHARMA,2021-06-28,14120.3496,14308.9004,14095,14247.5996,14247.5996,17630900,yahoo
NIFTYPHARMA,2021-06-29,14241.7998,14353.25,14205.5996,14330.2002,14330.2002,18793500,yahoo
NIFTYPHARMA,2021-06-30,14379.2002,14422.4502,14288.1504,14308.9004,14308.9004,18359900,yahoo
NIFTYPHARMA,2021-07-01,14327.4004,14465.3496,14294.4004,14442.4502,14442.4502,17441100,yahoo
NIFTYPHARMA,2021-07-02,14489.9502,14575.2998,14461.0498,14529.6504,14529.6504,21574100,yahoo
NIFTYPHARMA,2021-07-05,14575.3496,14597.9004,14500.5996,14528.5,14528.5,9775800,yahoo
NIFTYPHARMA,2021-07-06,14519.3496,14539.6504,14377.0498,14406.9502,14406.9502,12969800,yahoo
NIFTYPHARMA,2021-07-07,14354,14471.4004,14320.2002,14453.2002,14453.2002,12764700,yahoo
NIFTYPHARMA,2021-07-08,14424.1504,14484.2998,14240.2998,14269.2998,14269.2998,10632300,yahoo
NIFTYPHARMA,2021-07-09,14260.4502,14390.5,14243.8496,14360.2002,14360.2002,10096100,yahoo
NIFTYPHARMA,2021-07-12,14409.1504,14447.8496,14322.7998,14372.2002,14372.2002,9436700,yahoo
NIFTYPHARMA,2021-07-13,14405.5498,14519.9502,14372.7002,14460.0498,14460.0498,17358400,yahoo
NIFTYPHARMA,2021-07-14,14457,14547.5498,14424.0498,14507,14507,14913000,yahoo
NIFTYPHARMA,2021-07-15,14530.5996,14564.2002,14444.2998,14467.4502,14467.4502,10082100,yahoo
NIFTYPHARMA,2021-07-16,14486.0996,14715.1504,14478.1504,14635.0498,14635.0498,18476200,yahoo
NIFTYPHARMA,2021-07-19,14556.75,14707,14549.8496,14669.9004,14669.9004,11750300,yahoo
NIFTYPHARMA,2021-07-20,14680.5996,14689.4004,14453.9502,14479.2002,14479.2002,13477600,yahoo
NIFTYPHARMA,2021-07-22,14549.5,14590.5498,14457.6504,14575.4004,14575.4004,11598500,yahoo
NIFTYPHARMA,2021-07-23,14557.1504,14630.0498,14500.0498,14597.8496,14597.8496,15190200,yahoo
NIFTYPHARMA,2021-07-26,14604.6504,14711.2002,14591.8496,14652.5498,14652.5498,14243400,yahoo
NIFTYPHARMA,2021-07-27,14702.9502,14713.1504,13866.7998,14018.6504,14018.6504,32649700,yahoo
NIFTYPHARMA,2021-07-28,14075,14092,13794.9004,13964.75,13964.75,24488700,yahoo
NIFTYPHARMA,2021-07-29,14032.1504,14072.5996,13834.8496,13920.3496,13920.3496,24202900,yahoo
NIFTYPHARMA,2021-07-30,13962.3496,14479.0996,13903.7998,14425.2998,14425.2998,53619400,yahoo
NIFTYPHARMA,2021-08-02,14516,14588.6504,14381.6504,14474.9502,14474.9502,28923300,yahoo
NIFTYPHARMA,2021-08-03,14498.7002,14690.4004,14457.9502,14647.8496,14647.8496,24136600,yahoo
NIFTYPHARMA,2021-08-04,14654.6504,14743.2998,14562.3496,14594.3496,14594.3496,15100500,yahoo
NIFTYPHARMA,2021-08-05,14640.2998,14689.5498,14540.5,14579.8496,14579.8496,15501200,yahoo
NIFTYPHARMA,2021-08-06,14599.2998,14612.5498,14490.25,14517.5,14517.5,18703300,yahoo
NIFTYPHARMA,2021-08-09,14589.75,14595.3496,14409.3496,14533.4502,14533.4502,12652300,yahoo
NIFTYPHARMA,2021-08-10,14582.25,14622.1504,14375,14502.9004,14502.9004,15099500,yahoo
NIFTYPHARMA,2021-08-11,14477.75,14480.75,14145.4502,14291.1504,14291.1504,25388500,yahoo
NIFTYPHARMA,2021-08-12,14291.5,14291.5,14120.0498,14133.0498,14133.0498,25887900,yahoo
NIFTYPHARMA,2021-08-13,14083.5996,14190.4502,13930.2998,14049.0498,14049.0498,42651300,yahoo
NIFTYPHARMA,2021-08-16,14036.4004,14074.5,13900.7002,13965.4004,13965.4004,22501800,yahoo
NIFTYPHARMA,2021-08-17,13986.75,14118.7998,13969.75,14041.25,14041.25,24718800,yahoo
NIFTYPHARMA,2021-08-18,14070.5996,14184.1504,14024.7002,14071.3496,14071.3496,22384600,yahoo
NIFTYPHARMA,2021-08-20,13983.9502,14017.7998,13601.2998,13711.1504,13711.1504,28917200,yahoo
NIFTYPHARMA,2021-08-23,13856.7998,13911.2002,13625.4004,13700.5996,13700.5996,49252700,yahoo
NIFTYPHARMA,2021-08-24,13758.2998,13902.3496,13578.9004,13876.0498,13876.0498,30810400,yahoo
NIFTYPHARMA,2021-08-25,13874.4004,13902.8496,13767.9004,13830.5,13830.5,16396300,yahoo
NIFTYPHARMA,2021-08-26,13821.9502,13874.2002,13729.0996,13758.5996,13758.5996,14875700,yahoo
NIFTYPHARMA,2021-08-27,13778.9004,13965.7998,13738.4502,13948.7002,13948.7002,18367300,yahoo
NIFTYPHARMA,2021-08-30,13975.0996,14246.4502,13960.7998,14222.5,14222.5,16751300,yahoo
NIFTYPHARMA,2021-08-31,14251.3496,14370.25,14185.9502,14344.75,14344.75,21119300,yahoo
NIFTYPHARMA,2021-09-01,14375.9004,14452.9502,14277.75,14319.8496,14319.8496,16559900,yahoo
NIFTYPHARMA,2021-09-02,14373.5498,14500.4004,14364,14458.5,14458.5,16425400,yahoo
NIFTYPHARMA,2021-09-03,14506.0498,14553.4004,14399.25,14485.6504,14485.6504,14047900,yahoo
NIFTYPHARMA,2021-09-06,14540.9502,14562.25,14449.25,14481.5498,14481.5498,13765800,yahoo
NIFTYPHARMA,2021-09-07,14488.0498,14503.2998,14341.5,14387.3496,14387.3496,11239900,yahoo
NIFTYPHARMA,2021-09-08,14396.7998,14410.9004,14248,14349.4502,14349.4502,11626600,yahoo
NIFTYPHARMA,2021-09-09,14300.2998,14339.6504,14247.7998,14329.8496,14329.8496,12769000,yahoo
NIFTYPHARMA,2021-09-13,14339.2998,14389.7002,14258.0498,14377.0498,14377.0498,8022800,yahoo
NIFTYPHARMA,2021-09-14,14440.7002,14505.1504,14373.3496,14410.9502,14410.9502,9801600,yahoo
NIFTYPHARMA,2021-09-15,14457.5498,14505.5996,14410.3496,14487.9004,14487.9004,13067600,yahoo
NIFTYPHARMA,2021-09-16,14494.0498,14538.7998,14456.2002,14491.3496,14491.3496,17141300,yahoo
NIFTYPHARMA,2021-09-17,14550.75,14557.9502,14288.0498,14355.1504,14355.1504,32691800,yahoo
NIFTYPHARMA,2021-09-20,14281,14372.6504,14040.5,14097.25,14097.25,17075700,yahoo
NIFTYPHARMA,2021-09-21,14093.8496,14300,14033.4004,14278.9502,14278.9502,14450600,yahoo
NIFTYPHARMA,2021-09-22,14267.3496,14386.4004,14242.7002,14334.25,14334.25,11558300,yahoo
NIFTYPHARMA,2021-09-23,14393.0996,14407.0498,14311.2998,14380.5,14380.5,10595200,yahoo
NIFTYPHARMA,2021-09-24,14402.7998,14457.7002,14247.5,14289.1504,14289.1504,10828600,yahoo
NIFTYPHARMA,2021-09-27,14297.5498,14316.1504,14106.7002,14156.7002,14156.7002,13335000,yahoo
NIFTYPHARMA,2021-09-28,14196.9502,14273.75,13956.1504,14171.5996,14171.5996,18593300,yahoo
NIFTYPHARMA,2021-09-29,14203.5,14515.4502,14172.5,14404.9502,14404.9502,34475800,yahoo
NIFTYPHARMA,2021-09-30,14427.7002,14604.7002,14398,14466.5,14466.5,30810900,yahoo
NIFTYPHARMA,2021-10-01,14424.2998,14603.9004,14397.5498,14587.6504,14587.6504,21735000,yahoo
NIFTYPHARMA,2021-10-04,14649.0996,14938.25,14643.9502,14812.4004,14812.4004,32387600,yahoo
NIFTYPHARMA,2021-10-05,14816.9004,14849.8496,14619.6504,14738.25,14738.25,20244000,yahoo
NIFTYPHARMA,2021-10-06,14750.0498,14775.2998,14435.75,14461.9502,14461.9502,19944500,yahoo
NIFTYPHARMA,2021-10-07,14564.4502,14591.3496,14489.9004,14562.2002,14562.2002,26689600,yahoo
NIFTYPHARMA,2021-10-08,14624.0996,14656.5,14468.9004,14514.7998,14514.7998,17985000,yahoo
NIFTYPHARMA,2021-10-11,14588.5,14651.25,14502.7998,14615.3496,14615.3496,17779700,yahoo
NIFTYPHARMA,2021-10-12,14650.5498,14726.0996,14521,14629.2002,14629.2002,21325300,yahoo
NIFTYPHARMA,2021-10-13,14680.4004,14725.25,14626.8496,14679.4004,14679.4004,20491200,yahoo
NIFTYPHARMA,2021-10-14,14711,14802.4004,14698.75,14728.6504,14728.6504,16605200,yahoo
NIFTYPHARMA,2021-10-18,14771.25,14795.9004,14570.8496,14598.2002,14598.2002,21819900,yahoo
NIFTYPHARMA,2021-10-19,14626.2998,14682.9502,14357.1504,14384.3496,14384.3496,17881300,yahoo
NIFTYPHARMA,2021-10-20,14360.4004,14424.1504,14127.5996,14177.3496,14177.3496,19647600,yahoo
NIFTYPHARMA,2021-10-21,14300.9004,14306.1504,13990.9004,14169.9502,14169.9502,27441000,yahoo
NIFTYPHARMA,2021-10-22,14207.6504,14215.0498,13891.8496,13949.6504,13949.6504,27659400,yahoo
NIFTYPHARMA,2021-10-25,13945.0996,13983.25,13637.5498,13943.8496,13943.8496,22274600,yahoo
NIFTYPHARMA,2021-10-26,14004.25,14036.5996,13882.0996,13970.6504,13970.6504,18729900,yahoo
NIFTYPHARMA,2021-10-27,14002.25,14202.1504,13993.8496,14094.25,14094.25,22933800,yahoo
NIFTYPHARMA,2021-10-28,14092.5996,14129.0996,13736.75,13780.5996,13780.5996,24049100,yahoo
NIFTYPHARMA,2021-10-29,13735.5,14092.7998,13587.25,13879.3496,13879.3496,40581500,yahoo
NIFTYPHARMA,2021-11-01,13952.0996,14072.5498,13830.1504,14049.4502,14049.4502,20513700,yahoo
NIFTYPHARMA,2021-11-02,14060.7998,14098.4502,13878.2998,13993.2002,13993.2002,32554000,yahoo
NIFTYPHARMA,2021-11-03,14022.8496,14053.8496,13818.2998,13888.2998,13888.2998,22720900,yahoo
NIFTYPHARMA,2021-11-04,13969.1504,13969.1504,13931.7002,13948.2002,13948.2002,2619800,yahoo
NIFTYPHARMA,2021-11-08,13912.2002,13915.4502,13639.5498,13851.25,13851.25,20935000,yahoo
NIFTYPHARMA,2021-11-09,13920.0996,14061.25,13851.2002,13878.7002,13878.7002,27766900,yahoo
NIFTYPHARMA,2021-11-10,13849.7002,13957.6504,13823.9004,13911.2998,13911.2998,27125200,yahoo
NIFTYPHARMA,2021-11-11,13896.2002,13901.3496,13685.7002,13717.7998,13717.7998,21351400,yahoo
NIFTYPHARMA,2021-11-12,13806.5996,13807.5,13685.1504,13774.6504,13774.6504,18649300,yahoo
NIFTYPHARMA,2021-11-15,13790.4502,13996.8496,13770.9004,13974.3496,13974.3496,38957800,yahoo
NIFTYPHARMA,2021-11-16,14008.3496,14016.9502,13776.0498,13798.7998,13798.7998,26344700,yahoo
NIFTYPHARMA,2021-11-17,13796.2998,13800.5996,13592.4502,13621.9004,13621.9004,24678700,yahoo
NIFTYPHARMA,2021-11-18,13603.6504,13620.4004,13388.6504,13481.4004,13481.4004,22896700,yahoo
NIFTYPHARMA,2021-11-22,13513.3496,13544.25,13176.2998,13245.3496,13245.3496,22173100,yahoo
NIFTYPHARMA,2021-11-23,13206,13534.3496,13152.5498,13489.9502,13489.9502,27829900,yahoo
NIFTYPHARMA,2021-11-24,13518.4004,13557.7998,13379.9004,13408.0996,13408.0996,21499300,yahoo
NIFTYPHARMA,2021-11-25,13414.4004,13583.4502,13385.3496,13566.5,13566.5,25301400,yahoo
NIFTYPHARMA,2021-11-26,13487.2998,13990.4004,13455.25,13797.0996,13797.0996,63440300,yahoo
NIFTYPHARMA,2021-11-29,13910.9502,13998.1504,13622.5,13648.7998,13648.7998,38164700,yahoo
NIFTYPHARMA,2021-11-30,13656.7998,13777.7002,13600.9502,13662.7998,13662.7998,46887900,yahoo
NIFTYPHARMA,2021-12-01,13721.25,13782.6504,13380.5,13442.0996,13442.0996,23890500,yahoo
NIFTYPHARMA,2021-12-02,13510.8496,13585.2998,13472.3496,13557,13557,23524900,yahoo
NIFTYPHARMA,2021-12-03,13608,13610.25,13426.4502,13443.8496,13443.8496,18159700,yahoo
NIFTYPHARMA,2021-12-06,13463.5498,13467.7998,13168.5,13192.25,13192.25,16128700,yahoo
NIFTYPHARMA,2021-12-07,13238.5996,13280.8496,13132.5498,13234.3496,13234.3496,18509600,yahoo
NIFTYPHARMA,2021-12-08,13300.2002,13456.9502,13280.2002,13433.8496,13433.8496,31640900,yahoo
NIFTYPHARMA,2021-12-09,13482.2002,13504.9004,13400.7998,13449.4004,13449.4004,26635100,yahoo
NIFTYPHARMA,2021-12-10,13428.0996,13527.2002,13427.6504,13446.0996,13446.0996,26170900,yahoo
NIFTYPHARMA,2021-12-13,13537.5996,13552.2998,13398.75,13432.9004,13432.9004,23174200,yahoo
NIFTYPHARMA,2021-12-14,13419.25,13601.4004,13402.2998,13575.9004,13575.9004,34386000,yahoo
NIFTYPHARMA,2021-12-15,13569,13576.2998,13406.4004,13512.0498,13512.0498,21662700,yahoo
NIFTYPHARMA,2021-12-16,13603.2002,13604.5,13316.5498,13393.6504,13393.6504,22140100,yahoo
NIFTYPHARMA,2021-12-17,13410.5,13420.75,13152.9502,13230.7002,13230.7002,25178500,yahoo
NIFTYPHARMA,2021-12-20,13177.1504,13259.0498,13005.2002,13184.4502,13184.4502,34667600,yahoo
NIFTYPHARMA,2021-12-21,13217.9004,13335.9004,13181.5996,13282.8496,13282.8496,21522400,yahoo
NIFTYPHARMA,2021-12-22,13339.4502,13564.5996,13269.9502,13547.7002,13547.7002,23618800,yahoo
NIFTYPHARMA,2021-12-23,13618.1504,13668.3496,13588.9004,13644.5,13644.5,26095400,yahoo
NIFTYPHARMA,2021-12-24,13676.7998,13677.7998,13467.5498,13491.25,13491.25,21636700,yahoo
NIFTYPHARMA,2021-12-27,13491.4004,13723.7998,13472.0996,13710.1504,13710.1504,27200300,yahoo
NIFTYPHARMA,2021-12-28,13739,13857.5,13705.2998,13836.1504,13836.1504,21636500,yahoo
NIFTYPHARMA,2021-12-29,13881.7998,14112.4502,13857.75,14072.9004,14072.9004,31937000,yahoo
NIFTYPHARMA,2021-12-30,14075.4004,14174.2002,14036.5996,14135.5,14135.5,27760600,yahoo
NIFTYPHARMA,2021-12-31,14164.5996,14254.0996,14133.4004,14223,14223,18048900,yahoo
NIKKEI,2021-01-04,27575.5703,27602.1094,27042.3203,27258.3809,27258.3809,51500000,yahoo
NIKKEI,2021-01-05,27151.3809,27279.7793,27073.4609,27158.6309,27158.6309,55000000,yahoo
NIKKEI,2021-01-06,27102.8496,27196.4004,27002.1797,27055.9395,27055.9395,72700000,yahoo
NIKKEI,2021-01-07,27340.4609,27624.7305,27340.4609,27490.1309,27490.1309,98900000,yahoo
NIKKEI,2021-01-08,27720.1406,28139.0293,27667.75,28139.0293,28139.0293,84900000,yahoo
NIKKEI,2021-01-12,28004.3691,28287.3691,27899.4492,28164.3398,28164.3398,78800000,yahoo
NIKKEI,2021-01-13,28140.0996,28503.4297,28133.5898,28456.5898,28456.5898,70900000,yahoo
NIKKEI,2021-01-14,28442.7305,28979.5293,28411.5801,28698.2598,28698.2598,81900000,yahoo
NIKKEI,2021-01-15,28777.4707,28820.5,28477.0293,28519.1797,28519.1797,74100000,yahoo
NIKKEI,2021-01-18,28238.6797,28349.9707,28111.5391,28242.2109,28242.2109,51900000,yahoo
NIKKEI,2021-01-19,28405.4902,28720.9102,28373.3398,28633.4609,28633.4609,58200000,yahoo
NIKKEI,2021-01-20,28798.7402,28801.1895,28402.1094,28523.2598,28523.2598,69800000,yahoo
NIKKEI,2021-01-21,28710.4102,28846.1504,28677.6094,28756.8594,28756.8594,67700000,yahoo
NIKKEI,2021-01-22,28580.1992,28698.1797,28527.1602,28631.4492,28631.4492,66900000,yahoo
NIKKEI,2021-01-25,28698.8906,28822.2891,28566.8496,28822.2891,28822.2891,57300000,yahoo
NIKKEI,2021-01-26,28696.3008,28740.7109,28527.8105,28546.1797,28546.1797,63500000,yahoo
NIKKEI,2021-01-27,28665.3398,28754.9902,28542,28635.2109,28635.2109,69000000,yahoo
NIKKEI,2021-01-28,28169.2695,28360.4805,27975.8496,28197.4199,28197.4199,123900000,yahoo
NIKKEI,2021-01-29,28320.7207,28320.7207,27629.8008,27663.3906,27663.3906,91700000,yahoo
NIKKEI,2021-02-01,27649.0703,28107.0996,27649.0703,28091.0508,28091.0508,65700000,yahoo
NIKKEI,2021-02-02,28207.4805,28379.3105,28089.1191,28362.1699,28362.1699,67500000,yahoo
NIKKEI,2021-02-03,28482.7109,28669.9492,28402.3008,28646.5,28646.5,84000000,yahoo
NIKKEI,2021-02-04,28557.4609,28600.2207,28325.8906,28341.9492,28341.9492,81100000,yahoo
NIKKEI,2021-02-05,28631.4609,28785.7109,28548.2695,28779.1895,28779.1895,93200000,yahoo
NIKKEI,2021-02-08,28831.5801,29400.5605,28817.5996,29388.5,29388.5,93600000,yahoo
NIKKEI,2021-02-09,29435.6094,29585.75,29350.4805,29505.9297,29505.9297,86900000,yahoo
NIKKEI,2021-02-10,29412.5508,29562.9297,29368.1797,29562.9297,29562.9297,81100000,yahoo
NIKKEI,2021-02-12,29635.8809,29650.5098,29417.3203,29520.0703,29520.0703,79800000,yahoo
NIKKEI,2021-02-15,29662.4102,30092.3398,29662.4102,30084.1504,30084.1504,70300000,yahoo
NIKKEI,2021-02-16,30229.4609,30714.5195,30191.6504,30467.75,30467.75,81300000,yahoo
NIKKEI,2021-02-17,30366.8203,30398.1992,30191.0098,30292.1895,30292.1895,74800000,yahoo
NIKKEI,2021-02-18,30311.9805,30560.4902,30140.0098,30236.0898,30236.0898,77900000,yahoo
NIKKEI,2021-02-19,29970.5898,30169.5898,29847.3301,30017.9199,30017.9199,63700000,yahoo
NIKKEI,2021-02-22,30281.7793,30458.1309,30089.1797,30156.0293,30156.0293,62800000,yahoo
NIKKEI,2021-02-24,30020.1094,30089.5898,29671.6992,29671.6992,29671.6992,79300000,yahoo
NIKKEI,2021-02-25,30077.2695,30213.2793,30044.4297,30168.2695,30168.2695,70100000,yahoo
NIKKEI,2021-02-26,29753.7305,29760.3105,28966.0098,28966.0098,28966.0098,92900000,yahoo
NIKKEI,2021-03-01,29419.4492,29686.3906,29396.0391,29663.5,29663.5,62700000,yahoo
NIKKEI,2021-03-02,29939.75,29996.3906,29314.8203,29408.1699,29408.1699,70100000,yahoo
NIKKEI,2021-03-03,29482.1191,29604.3691,29336.5996,29559.0996,29559.0996,68800000,yahoo
NIKKEI,2021-03-04,29198.4199,29277.1895,28711.0391,28930.1094,28930.1094,75200000,yahoo
NIKKEI,2021-03-05,28725.4805,28867.8301,28308.5703,28864.3203,28864.3203,85800000,yahoo
NIKKEI,2021-03-08,29208.1895,29255.9004,28644.2598,28743.25,28743.25,92400000,yahoo
NIKKEI,2021-03-09,28748.8691,29053.5605,28609.2109,29027.9395,29027.9395,96700000,yahoo
NIKKEI,2021-03-10,29118.2793,29233.4707,28960.0898,29036.5605,29036.5605,83000000,yahoo
NIKKEI,2021-03-11,29033.9199,29255.4199,28995.3301,29211.6406,29211.6406,78500000,yahoo
NIKKEI,2021-03-12,29287.7402,29744.3203,29210.4004,29717.8301,29717.8301,96600000,yahoo
NIKKEI,2021-03-15,29804.5,29884.7305,29670.3105,29766.9707,29766.9707,94100000,yahoo
NIKKEI,2021-03-16,29770.3906,30026.4004,29755.4707,29921.0898,29921.0898,83800000,yahoo
NIKKEI,2021-03-17,29836.8301,29984.9707,29825.1602,29914.3301,29914.3301,74600000,yahoo
NIKKEI,2021-03-18,30148.4805,30485,30041.5,30216.75,30216.75,95400000,yahoo
NIKKEI,2021-03-19,29904.5703,30049.7695,29621.2207,29792.0508,29792.0508,128500000,yahoo
NIKKEI,2021-03-22,29444.0996,29472.9805,29107.6309,29174.1504,29174.1504,78800000,yahoo
NIKKEI,2021-03-23,29381.4902,29496.8301,28995.9199,28995.9199,28995.9199,79200000,yahoo
NIKKEI,2021-03-24,28765.5508,28867.6699,28379.0605,28405.5195,28405.5195,96000000,yahoo
NIKKEI,2021-03-25,28457.3301,28821.8301,28414.9199,28729.8809,28729.8809,72800000,yahoo
NIKKEI,2021-03-26,29068.5195,29240.7402,28953.2207,29176.6992,29176.6992,73700000,yahoo
NIKKEI,2021-03-29,29478.1191,29578.3691,29200.8809,29384.5195,29384.5195,107900000,yahoo
NIKKEI,2021-03-30,29365.0391,29478.1992,29283.8906,29432.6992,29432.6992,79900000,yahoo
NIKKEI,2021-03-31,29278.3301,29348.9902,29165.5195,29178.8008,29178.8008,82000000,yahoo
NIKKEI,2021-04-01,29441.9102,29585.4609,29318.8203,29388.8691,29388.8691,75600000,yahoo
NIKKEI,2021-04-02,29704.6602,29869.6699,29694.0898,29854,29854,57200000,yahoo
NIKKEI,2021-04-05,30084.6094,30195,30024.25,30089.25,30089.25,55400000,yahoo
NIKKEI,2021-04-06,30208.8906,30208.8906,29665.8594,29696.6309,29696.6309,65500000,yahoo
NIKKEI,2021-04-07,29743.4805,29867.9395,29523.5508,29730.7891,29730.7891,61500000,yahoo
NIKKEI,2021-04-08,29675.8809,29744.7891,29516.4199,29708.9805,29708.9805,62600000,yahoo
NIKKEI,2021-04-09,29865.5293,30064.3496,29768.0605,29768.0605,29768.0605,64900000,yahoo
NIKKEI,2021-04-12,29874.4297,29876.0391,29538.7305,29538.7305,29538.7305,50200000,yahoo
NIKKEI,2021-04-13,29605.6895,29897.1094,29573.7891,29751.6094,29751.6094,54900000,yahoo
NIKKEI,2021-04-14,29718.0605,29722.4004,29567.1797,29620.9902,29620.9902,57200000,yahoo
NIKKEI,2021-04-15,29573.9004,29787.6602,29558.5508,29642.6895,29642.6895,50600000,yahoo
NIKKEI,2021-04-16,29789.0801,29789.0801,29621.8301,29683.3691,29683.3691,49100000,yahoo
NIKKEI,2021-04-19,29688.3203,29808.0098,29530.8398,29685.3691,29685.3691,44700000,yahoo
NIKKEI,2021-04-20,29355.8691,29361.2793,29014.3594,29100.3809,29100.3809,59900000,yahoo
NIKKEI,2021-04-21,28660.3594,28778.9297,28419.8398,28508.5508,28508.5508,71000000,yahoo
NIKKEI,2021-04-22,28880.7793,29192.3906,28800.8594,29188.1699,29188.1699,55100000,yahoo
NIKKEI,2021-04-23,28939.1191,29035.3398,28770.6191,29020.6309,29020.6309,47500000,yahoo
NIKKEI,2021-04-26,29095.4902,29241.2793,28896.3691,29126.2305,29126.2305,49200000,yahoo
NIKKEI,2021-04-27,29174.5293,29187.1094,28990.1895,28991.8906,28991.8906,59400000,yahoo
NIKKEI,2021-04-28,28935.5098,29139.6992,28875.9102,29053.9707,29053.9707,61400000,yahoo
NIKKEI,2021-04-30,28996.6602,29046.4902,28760.2695,28812.6309,28812.6309,78400000,yahoo
NIKKEI,2021-05-06,29024.0098,29430.2207,28966.4707,29331.3691,29331.3691,94300000,yahoo
NIKKEI,2021-05-07,29330.4492,29449.8594,29237.3594,29357.8203,29357.8203,67500000,yahoo
NIKKEI,2021-05-10,29376.8906,29685.4102,29346.1406,29518.3398,29518.3398,66300000,yahoo
NIKKEI,2021-05-11,29238.5605,29289.1191,28535.3594,28608.5898,28608.5898,73200000,yahoo
NIKKEI,2021-05-12,28712.0996,28831.0293,27888.5898,28147.5098,28147.5098,90000000,yahoo
NIKKEI,2021-05-13,27929.0098,27961.9609,27385.0293,27448.0098,27448.0098,80500000,yahoo
NIKKEI,2021-05-14,27723.6992,28139.9609,27723.6992,28084.4707,28084.4707,73500000,yahoo
NIKKEI,2021-05-17,28310.4609,28312.7793,27632.5293,27824.8301,27824.8301,63900000,yahoo
NIKKEI,2021-05-18,27931.5703,28481.1699,27931.5703,28406.8398,28406.8398,74700000,yahoo
NIKKEI,2021-05-19,28031.2207,28216.6504,27842.9805,28044.4492,28044.4492,68700000,yahoo
NIKKEI,2021-05-20,27875.5,28176.8691,27821.9609,28098.25,28098.25,56800000,yahoo
NIKKEI,2021-05-21,28269.6094,28411.5605,28193.0293,28317.8301,28317.8301,58700000,yahoo
NIKKEI,2021-05-24,28212.3203,28584.1797,28212.3203,28364.6094,28364.6094,54700000,yahoo
NIKKEI,2021-05-25,28516.9902,28576.9707,28443.7402,28553.9805,28553.9805,54000000,yahoo
NIKKEI,2021-05-26,28396.6191,28710.8301,28396.6191,28642.1895,28642.1895,64200000,yahoo
NIKKEI,2021-05-27,28543.3203,28587.2109,28360.5605,28549.0098,28549.0098,138200000,yahoo
NIKKEI,2021-05-28,28912.5391,29194.1094,28899.6602,29149.4102,29149.4102,80600000,yahoo
NIKKEI,2021-05-31,29019.4492,29147.7109,28791.5996,28860.0801,28860.0801,53800000,yahoo
NIKKEI,2021-06-01,28998.6504,29075.4707,28611.25,28814.3398,28814.3398,47400000,yahoo
NIKKEI,2021-06-02,28730.8105,29003.5508,28565.8301,28946.1406,28946.1406,71000000,yahoo
NIKKEI,2021-06-03,28890.3906,29157.1602,28879.1504,29058.1094,29058.1094,58500000,yahoo
NIKKEI,2021-06-04,28901.4199,28991.2402,28764.6797,28941.5195,28941.5195,55800000,yahoo
NIKKEI,2021-06-07,29214,29241.1992,28973.0508,29019.2402,29019.2402,51000000,yahoo
NIKKEI,2021-06-08,29046.0293,29140.6797,28897.6406,28963.5605,28963.5605,50400000,yahoo
NIKKEI,2021-06-09,28901.5605,28932.0293,28801.8301,28860.8008,28860.8008,50400000,yahoo
NIKKEI,2021-06-10,28799.7402,29007.5293,28799.7402,28958.5605,28958.5605,53300000,yahoo
NIKKEI,2021-06-11,29030.0391,29080.8906,28839.5391,28948.7305,28948.7305,71100000,yahoo
NIKKEI,2021-06-14,29153.1094,29208.3496,29026.2695,29161.8008,29161.8008,45000000,yahoo
NIKKEI,2021-06-15,29256.0293,29480.8496,29235.7109,29441.3008,29441.3008,53000000,yahoo
NIKKEI,2021-06-16,29306.1406,29434.0996,29263.7207,29291.0098,29291.0098,52400000,yahoo
NIKKEI,2021-06-17,29149.3398,29197.6797,28875.3906,29018.3301,29018.3301,56900000,yahoo
NIKKEI,2021-06-18,29136.7402,29136.7402,28957.9805,28964.0801,28964.0801,90200000,yahoo
NIKKEI,2021-06-21,28506.8398,28506.8398,27795.8594,28010.9297,28010.9297,75800000,yahoo
NIKKEI,2021-06-22,28513.0703,28895.2598,28494.4609,28884.1309,28884.1309,67800000,yahoo
NIKKEI,2021-06-23,28886.9199,29007.8301,28860.0605,28874.8906,28874.8906,51100000,yahoo
NIKKEI,2021-06-24,28811.8203,28935.3398,28758.3691,28875.2305,28875.2305,44600000,yahoo
NIKKEI,2021-06-25,29137.3008,29174.1699,28992.7402,29066.1797,29066.1797,51600000,yahoo
NIKKEI,2021-06-28,29112.6602,29121.2793,28984.9297,29048.0195,29048.0195,47700000,yahoo
NIKKEI,2021-06-29,28927.4395,28951.6797,28735.5508,28812.6094,28812.6094,59700000,yahoo
NIKKEI,2021-06-30,28896.3105,28998.9902,28779.7598,28791.5293,28791.5293,54000000,yahoo
NIKKEI,2021-07-01,28832.4102,28833.1699,28624.8008,28707.0391,28707.0391,45900000,yahoo
NIKKEI,2021-07-02,28719.2402,28849.3203,28688.6309,28783.2793,28783.2793,47500000,yahoo
NIKKEI,2021-07-05,28709.5703,28731.0703,28581.0801,28598.1895,28598.1895,38500000,yahoo
NIKKEI,2021-07-06,28677.9492,28748.2305,28587.6094,28643.2109,28643.2109,41700000,yahoo
NIKKEI,2021-07-07,28262.4004,28434.9902,28161.75,28366.9492,28366.9492,60300000,yahoo
NIKKEI,2021-07-08,28332.6309,28366.7598,28118.0293,28118.0293,28118.0293,62200000,yahoo
NIKKEI,2021-07-09,27739.4199,28000.0195,27419.4004,27940.4199,27940.4199,82300000,yahoo
NIKKEI,2021-07-12,28412.6992,28595.1191,28405.5996,28569.0195,28569.0195,55500000,yahoo
NIKKEI,2021-07-13,28713.8203,28852.3105,28699.0391,28718.2402,28718.2402,49800000,yahoo
NIKKEI,2021-07-14,28517.3105,28696.8008,28482.8203,28608.4902,28608.4902,54800000,yahoo
NIKKEI,2021-07-15,28539.3203,28571.7207,28240.2109,28279.0898,28279.0898,53200000,yahoo
NIKKEI,2021-07-16,28039.2598,28201.3008,27847.3496,28003.0801,28003.0801,50400000,yahoo
NIKKEI,2021-07-19,27663.4004,27792.5195,27493.6309,27652.7402,27652.7402,49900000,yahoo
NIKKEI,2021-07-20,27351.8008,27564.5195,27330.1504,27388.1602,27388.1602,63000000,yahoo
NIKKEI,2021-07-21,27747.0605,27882.4297,27438.0703,27548,27548,51400000,yahoo
NIKKEI,2021-07-26,27990.4707,28036.4707,27786.4395,27833.2891,27833.2891,54500000,yahoo
NIKKEI,2021-07-27,27911.9297,28036.2305,27862.6895,27970.2207,27970.2207,51700000,yahoo
NIKKEI,2021-07-28,27674.9902,27809.8594,27466.9902,27581.6602,27581.6602,57100000,yahoo
NIKKEI,2021-07-29,27722.6094,27798.0508,27663.4102,27782.4199,27782.4199,67800000,yahoo
NIKKEI,2021-07-30,27677.8906,27699.3496,27272.4902,27283.5898,27283.5898,70600000,yahoo
NIKKEI,2021-08-02,27493.3203,27834.5996,27493.3203,27781.0195,27781.0195,60100000,yahoo
NIKKEI,2021-08-03,27580.0293,27724.4492,27492.4004,27641.8301,27641.8301,57900000,yahoo
NIKKEI,2021-08-04,27612.9004,27636.3398,27488.7402,27584.0801,27584.0801,67500000,yahoo
NIKKEI,2021-08-05,27526.6699,27741.5508,27526.6699,27728.1191,27728.1191,55900000,yahoo
NIKKEI,2021-08-06,27709.2207,27888.8691,27709.2207,27820.0391,27820.0391,56400000,yahoo
NIKKEI,2021-08-10,27887.0293,28128.6094,27808.5391,27888.1504,27888.1504,61400000,yahoo
NIKKEI,2021-08-11,28045.8398,28146.6797,27974.9902,28070.5098,28070.5098,67100000,yahoo
NIKKEI,2021-08-12,28177.1992,28279.8008,28006.3105,28015.0195,28015.0195,57900000,yahoo
NIKKEI,2021-08-13,28038.9609,28070,27949.3301,27977.1504,27977.1504,55800000,yahoo
NIKKEI,2021-08-16,27806.1094,27833.2109,27427.3809,27523.1895,27523.1895,57200000,yahoo
NIKKEI,2021-08-17,27666.9395,27750.3906,27424.4707,27424.4707,27424.4707,49600000,yahoo
NIKKEI,2021-08-18,27418.0801,27671.5703,27347.7695,27585.9102,27585.9102,50100000,yahoo
NIKKEI,2021-08-19,27398.5801,27504.8008,27255.5801,27281.1699,27281.1699,65100000,yahoo
NIKKEI,2021-08-20,27238.4492,27316.7891,26954.8105,27013.25,27013.25,75800000,yahoo
NIKKEI,2021-08-23,27193.0996,27541.6309,27193.0996,27494.2402,27494.2402,56800000,yahoo
NIKKEI,2021-08-24,27653.2305,27817.8906,27653.2305,27732.0996,27732.0996,57100000,yahoo
NIKKEI,2021-08-25,27768.1309,27897.7207,27684.0508,27724.8008,27724.8008,51500000,yahoo
NIKKEI,2021-08-26,27793.6309,27828.2793,27684.5,27742.2891,27742.2891,48500000,yahoo
NIKKEI,2021-08-27,27581.2402,27670.6602,27481.2305,27641.1406,27641.1406,49200000,yahoo
NIKKEI,2021-08-30,27867.5996,27921.5508,27656.6309,27789.2891,27789.2891,58600000,yahoo
NIKKEI,2021-08-31,27690.7695,28158.9492,27602.2109,28089.5391,28089.5391,75900000,yahoo
NIKKEI,2021-09-01,28179.0391,28457.6699,28179.0391,28451.0195,28451.0195,64800000,yahoo
NIKKEI,2021-09-02,28522.4609,28626.1992,28412.9102,28543.5098,28543.5098,60100000,yahoo
NIKKEI,2021-09-03,28626.4805,29149.6504,28607.8691,29128.1094,29128.1094,74900000,yahoo
NIKKEI,2021-09-06,29501.2207,29705.0391,29469.3496,29659.8906,29659.8906,68300000,yahoo
NIKKEI,2021-09-07,29883.9199,30048.2305,29838.4297,29916.1406,29916.1406,75200000,yahoo
NIKKEI,2021-09-08,29819.5508,30241.8691,29787.1309,30181.2109,30181.2109,82500000,yahoo
NIKKEI,2021-09-09,29959.2109,30097.5605,29909.9199,30008.1895,30008.1895,78800000,yahoo
NIKKEI,2021-09-10,30089.4492,30381.8398,30064.0195,30381.8398,30381.8398,88800000,yahoo
NIKKEI,2021-09-13,30372.0195,30447.3691,30229.0098,30447.3691,30447.3691,64600000,yahoo
NIKKEI,2021-09-14,30584.7695,30795.7793,30504.8105,30670.0996,30670.0996,79100000,yahoo
NIKKEI,2021-09-15,30464.1699,30573.4102,30347.3008,30511.7109,30511.7109,68600000,yahoo
NIKKEI,2021-09-16,30606.1504,30622.3906,30202.5098,30323.3398,30323.3398,69900000,yahoo
NIKKEI,2021-09-17,30387.5391,30541.9902,30358.9297,30500.0508,30500.0508,97900000,yahoo
NIKKEI,2021-09-21,30021.25,30051,29832.5195,29839.7109,29839.7109,76300000,yahoo
NIKKEI,2021-09-22,29744.7305,29868.0996,29573.8809,29639.4004,29639.4004,69000000,yahoo
NIKKEI,2021-09-24,30141.6094,30276.3809,30110.3008,30248.8105,30248.8105,84600000,yahoo
NIKKEI,2021-09-27,30277.8203,30414.6094,30197.4004,30240.0605,30240.0605,74600000,yahoo
NIKKEI,2021-09-28,30142.3809,30207.6309,30001.9902,30183.9609,30183.9609,89800000,yahoo
NIKKEI,2021-09-29,29611.9199,29679.2598,29329.1602,29544.2891,29544.2891,94700000,yahoo
NIKKEI,2021-09-30,29569.1895,29622.2695,29311.3398,29452.6602,29452.6602,99000000,yahoo
NIKKEI,2021-10-01,29235.1094,29393.6699,28680.7305,28771.0703,28771.0703,82200000,yahoo
NIKKEI,2021-10-04,29044.4707,29046.0605,28343.5801,28444.8906,28444.8906,76400000,yahoo
NIKKEI,2021-10-05,28050.3906,28058.6699,27460.2891,27822.1191,27822.1191,88200000,yahoo
NIKKEI,2021-10-06,28033.9102,28209.8203,27293.6191,27528.8691,27528.8691,100200000,yahoo
NIKKEI,2021-10-07,27665.9707,28015.1094,27607.9707,27678.2109,27678.2109,79600000,yahoo
NIKKEI,2021-10-08,28031.3691,28321.3496,28018.8906,28048.9395,28048.9395,82700000,yahoo
NIKKEI,2021-10-11,27977.5703,28581.3594,27893.3203,28498.1992,28498.1992,72300000,yahoo
NIKKEI,2021-10-12,28458.8809,28468.8809,28166.3809,28230.6094,28230.6094,66300000,yahoo
NIKKEI,2021-10-13,28085.4395,28364.9902,27993.4609,28140.2793,28140.2793,63900000,yahoo
NIKKEI,2021-10-14,28264.4102,28576.6797,28234.0098,28550.9297,28550.9297,64800000,yahoo
NIKKEI,2021-10-15,28787.2598,29082.3496,28726.2207,29068.6309,29068.6309,66300000,yahoo
NIKKEI,2021-10-18,29093.8203,29144.3301,28924.4004,29025.4609,29025.4609,62600000,yahoo
NIKKEI,2021-10-19,29117.2793,29272.4902,29075.3691,29215.5195,29215.5195,57600000,yahoo
NIKKEI,2021-10-20,29385.9492,29489.1094,29222.3203,29255.5508,29255.5508,66100000,yahoo
NIKKEI,2021-10-21,29152.7402,29220.8203,28688.7793,28708.5801,28708.5801,59100000,yahoo
NIKKEI,2021-10-22,28578.5293,28989.5,28546.5703,28804.8496,28804.8496,60200000,yahoo
NIKKEI,2021-10-25,28527.1309,28668.6992,28472.5508,28600.4102,28600.4102,62700000,yahoo
NIKKEI,2021-10-26,28927.6094,29160.7598,28893.9492,29106.0098,29106.0098,72800000,yahoo
NIKKEI,2021-10-27,29056.0098,29139.2207,28870.25,29098.2402,29098.2402,70600000,yahoo
NIKKEI,2021-10-28,28871.6094,28895.1094,28693.0605,28820.0898,28820.0898,142800000,yahoo
NIKKEI,2021-10-29,28819.1602,29000.6504,28475.0605,28892.6895,28892.6895,104500000,yahoo
NIKKEI,2021-11-01,29330.6797,29666.8301,29267.6309,29647.0801,29647.0801,76700000,yahoo
NIKKEI,2021-11-02,29462.4004,29599.5703,29457.1797,29520.9004,29520.9004,71100000,yahoo
NIKKEI,2021-11-04,29859.7402,29880.8105,29718.7793,29794.3691,29794.3691,90400000,yahoo
NIKKEI,2021-11-05,29840.7305,29840.7305,29504.0703,29611.5703,29611.5703,73500000,yahoo
NIKKEI,2021-11-08,29735.4492,29735.4492,29507.0508,29507.0508,29507.0508,68300000,yahoo
NIKKEI,2021-11-09,29557.5508,29750.4609,29240.3105,29285.4609,29285.4609,65000000,yahoo
NIKKEI,2021-11-10,29209.0605,29296.8809,29079.7695,29106.7793,29106.7793,63900000,yahoo
NIKKEI,2021-11-11,29046.1895,29336.0293,29040.0801,29277.8594,29277.8594,60600000,yahoo
NIKKEI,2021-11-12,29381.4492,29661.2207,29381.4492,29609.9707,29609.9707,68400000,yahoo
NIKKEI,2021-11-15,29807.3691,29861.8809,29718.2109,29776.8008,29776.8008,60400000,yahoo
NIKKEI,2021-11-16,29749.7109,29960.9297,29681.25,29808.1191,29808.1191,62000000,yahoo
NIKKEI,2021-11-17,29906.6797,29909.9707,29623.7891,29688.3301,29688.3301,63900000,yahoo
NIKKEI,2021-11-18,29597.9297,29715.9492,29402.5703,29598.6602,29598.6602,65400000,yahoo
NIKKEI,2021-11-19,29641.0508,29768.5391,29589.1895,29745.8691,29745.8691,65600000,yahoo
NIKKEI,2021-11-22,29618.5508,29806.4902,29542.2891,29774.1094,29774.1094,58800000,yahoo
NIKKEI,2021-11-24,29663.4492,29758.0508,29212.9297,29302.6602,29302.6602,69500000,yahoo
NIKKEI,2021-11-25,29469.6504,29570.4199,29444.4492,29499.2793,29499.2793,50700000,yahoo
NIKKEI,2021-11-26,29324.4707,29332.9902,28605.6094,28751.6191,28751.6191,72900000,yahoo
NIKKEI,2021-11-29,28337.9609,28776.3398,28187.1191,28283.9199,28283.9199,85900000,yahoo
NIKKEI,2021-11-30,28611.7305,28718.6992,27819.1406,27821.7598,27821.7598,140700000,yahoo
NIKKEI,2021-12-01,27866.7305,28106.3008,27594.0098,27935.6191,27935.6191,80900000,yahoo
NIKKEI,2021-12-02,27716.1992,27938.5508,27644.9609,27753.3691,27753.3691,77400000,yahoo
NIKKEI,2021-12-03,27841.0508,28029.5703,27588.6094,28029.5703,28029.5703,71900000,yahoo
NIKKEI,2021-12-06,28069.9609,28081.0391,27693.9102,27927.3691,27927.3691,61700000,yahoo
NIKKEI,2021-12-07,28138.8203,28618.4609,27961.6602,28455.5996,28455.5996,78300000,yahoo
NIKKEI,2021-12-08,28792.8906,28897.4395,28621.4707,28860.6191,28860.6191,72000000,yahoo
NIKKEI,2021-12-09,28827.3203,28908.2891,28725.4707,28725.4707,28725.4707,54400000,yahoo
NIKKEI,2021-12-10,28542.5,28699.0098,28392.8691,28437.7695,28437.7695,63400000,yahoo
NIKKEI,2021-12-13,28705.2598,28793.3203,28593.4492,28640.4902,28640.4902,53500000,yahoo
NIKKEI,2021-12-14,28554.8594,28672.9609,28309.6699,28432.6406,28432.6406,55200000,yahoo
NIKKEI,2021-12-15,28358.4707,28525.8301,28358.4707,28459.7207,28459.7207,55900000,yahoo
NIKKEI,2021-12-16,28868.3691,29070.0801,28782.1895,29066.3203,29066.3203,60300000,yahoo
NIKKEI,2021-12-17,28854.5996,28904.9395,28503.0801,28545.6797,28545.6797,84400000,yahoo
NIKKEI,2021-12-20,28325.4609,28441.5098,27893.1797,27937.8105,27937.8105,65200000,yahoo
NIKKEI,2021-12-21,28309.5996,28533.7402,28226.4297,28517.5898,28517.5898,55800000,yahoo
NIKKEI,2021-12-22,28614.0605,28673.7695,28473.8496,28562.2109,28562.2109,44700000,yahoo
NIKKEI,2021-12-23,28703.0098,28798.3691,28640.1504,28798.3691,28798.3691,43600000,yahoo
NIKKEI,2021-12-24,28836.0508,28870.1309,28773.5,28782.5898,28782.5898,35900000,yahoo
NIKKEI,2021-12-27,28786.3301,28805.2793,28658.8203,28676.4609,28676.4609,37500000,yahoo
NIKKEI,2021-12-28,28953.3203,29121.0098,28879.6797,29069.1602,29069.1602,47000000,yahoo
NIKKEI,2021-12-29,28995.7305,29106.2793,28729.6094,28906.8809,28906.8809,44700000,yahoo
NIKKEI,2021-12-30,28794.2402,28904.4199,28579.4902,28791.7109,28791.7109,40400000,yahoo
SP500,2021-01-04,3764.6101,3769.99,3662.71,3700.6499,3700.6499,5015000000,yahoo
SP500,2021-01-05,3698.02,3737.8301,3695.0701,3726.8601,3726.8601,4591020000,yahoo
SP500,2021-01-06,3712.2,3783.04,3705.3401,3748.1399,3748.1399,6064110000,yahoo
SP500,2021-01-07,3764.71,3811.55,3764.71,3803.79,3803.79,5099160000,yahoo
SP500,2021-01-08,3815.05,3826.6899,3783.6001,3824.6799,3824.6799,4773040000,yahoo
SP500,2021-01-11,3803.1399,3817.8601,3789.02,3799.6101,3799.6101,4465430000,yahoo
SP500,2021-01-12,3801.6201,3810.78,3776.51,3801.1899,3801.1899,4994950000,yahoo
SP500,2021-01-13,3802.23,3820.96,3791.5,3809.8401,3809.8401,4602510000,yahoo
SP500,2021-01-14,3814.98,3823.6001,3792.8601,3795.54,3795.54,5198480000,yahoo
SP500,2021-01-15,3788.73,3788.73,3749.6201,3768.25,3768.25,5369820000,yahoo
SP500,2021-01-19,3781.8799,3804.53,3780.3701,3798.9099,3798.9099,5014440000,yahoo
SP500,2021-01-20,3816.22,3859.75,3816.22,3851.8501,3851.8501,4566190000,yahoo
SP500,2021-01-21,3857.46,3861.45,3845.05,3853.0701,3853.0701,4501760000,yahoo
SP500,2021-01-22,3844.24,3852.3101,3830.4099,3841.47,3841.47,5110890000,yahoo
SP500,2021-01-25,3851.6799,3859.23,3797.1599,3855.3601,3855.3601,7000840000,yahoo
SP500,2021-01-26,3862.96,3870.8999,3847.78,3849.6201,3849.6201,6137500000,yahoo
SP500,2021-01-27,3836.8301,3836.8301,3732.48,3750.77,3750.77,9976520000,yahoo
SP500,2021-01-28,3755.75,3830.5,3755.75,3787.3799,3787.3799,6992770000,yahoo
SP500,2021-01-29,3778.05,3778.05,3694.1201,3714.24,3714.24,6643370000,yahoo
SP500,2021-02-01,3731.1699,3784.3201,3725.6201,3773.8601,3773.8601,5436230000,yahoo
SP500,2021-02-02,3791.8401,3843.0901,3791.8401,3826.3101,3826.3101,5514090000,yahoo
SP500,2021-02-03,3840.27,3847.51,3816.6799,3830.1699,3830.1699,4864870000,yahoo
SP500,2021-02-04,3836.6599,3872.4199,3836.6599,3871.74,3871.74,4879240000,yahoo
SP500,2021-02-05,3878.3,3894.5601,3874.9299,3886.8301,3886.8301,4879470000,yahoo
SP500,2021-02-08,3892.5901,3915.77,3892.5901,3915.5901,3915.5901,4648360000,yahoo
SP500,2021-02-09,3910.49,3918.3501,3902.6399,3911.23,3911.23,4568320000,yahoo
SP500,2021-02-10,3920.78,3931.5,3884.9399,3909.8799,3909.8799,4837070000,yahoo
SP500,2021-02-11,3916.3999,3925.99,3890.3899,3916.3799,3916.3799,4590960000,yahoo
SP500,2021-02-12,3911.6499,3937.23,3905.78,3934.8301,3934.8301,4135060000,yahoo
SP500,2021-02-16,3939.6101,3950.4299,3923.8501,3932.5901,3932.5901,5058990000,yahoo
SP500,2021-02-17,3918.5,3933.6101,3900.4299,3931.3301,3931.3301,4730650000,yahoo
SP500,2021-02-18,3915.8601,3921.98,3885.03,3913.97,3913.97,4793650000,yahoo
SP500,2021-02-19,3921.1599,3930.4099,3903.0701,3906.71,3906.71,4845320000,yahoo
SP500,2021-02-22,3885.55,3902.9199,3874.71,3876.5,3876.5,5917100000,yahoo
SP500,2021-02-23,3857.0701,3895.98,3805.5901,3881.3701,3881.3701,6296610000,yahoo
SP500,2021-02-24,3873.71,3928.6499,3859.6001,3925.4299,3925.4299,6012790000,yahoo
SP500,2021-02-25,3915.8,3925.02,3814.04,3829.3401,3829.3401,6547470000,yahoo
SP500,2021-02-26,3839.6599,3861.0801,3789.54,3811.1499,3811.1499,6526070000,yahoo
SP500,2021-03-01,3842.51,3914.5,3842.51,3901.8201,3901.8201,5114820000,yahoo
SP500,2021-03-02,3903.6399,3906.4099,3868.5701,3870.29,3870.29,5536010000,yahoo
SP500,2021-03-03,3863.99,3874.47,3818.8601,3819.72,3819.72,6173660000,yahoo
SP500,2021-03-04,3818.53,3843.6699,3723.3401,3768.47,3768.47,7195400000,yahoo
SP500,2021-03-05,3793.5801,3851.6899,3730.1899,3841.9399,3841.9399,6851070000,yahoo
SP500,2021-03-08,3844.3899,3881.0601,3819.25,3821.3501,3821.3501,5871710000,yahoo
SP500,2021-03-09,3851.9299,3903.76,3851.9299,3875.4399,3875.4399,5513560000,yahoo
SP500,2021-03-10,3891.99,3917.3501,3885.73,3898.8101,3898.8101,5847380000,yahoo
SP500,2021-03-11,3915.54,3960.27,3915.54,3939.3401,3939.3401,5312880000,yahoo
SP500,2021-03-12,3924.52,3944.99,3915.21,3943.3401,3943.3401,4476280000,yahoo
SP500,2021-03-15,3942.96,3970.0801,3923.54,3968.9399,3968.9399,4900100000,yahoo
SP500,2021-03-16,3973.5901,3981.04,3953.4399,3962.71,3962.71,4613080000,yahoo
SP500,2021-03-17,3949.5701,3983.8701,3935.74,3974.1201,3974.1201,4561660000,yahoo
SP500,2021-03-18,3953.5,3969.6201,3910.8601,3915.46,3915.46,5118590000,yahoo
SP500,2021-03-19,3913.1399,3930.1201,3886.75,3913.1001,3913.1001,7757420000,yahoo
SP500,2021-03-22,3916.48,3955.3101,3914.1599,3940.5901,3940.5901,4316260000,yahoo
SP500,2021-03-23,3937.6001,3949.1299,3901.5701,3910.52,3910.52,4669010000,yahoo
SP500,2021-03-24,3919.9299,3942.0801,3889.0701,3889.1399,3889.1399,4783020000,yahoo
SP500,2021-03-25,3879.3401,3919.54,3853.5,3909.52,3909.52,4948340000,yahoo
SP500,2021-03-26,3917.1201,3978.1899,3917.1201,3974.54,3974.54,5483160000,yahoo
SP500,2021-03-29,3969.3101,3981.8301,3943.25,3971.0901,3971.0901,4628180000,yahoo
SP500,2021-03-30,3963.3401,3968.01,3944.3501,3958.55,3958.55,4121510000,yahoo
SP500,2021-03-31,3967.25,3994.4099,3966.98,3972.8899,3972.8899,4578050000,yahoo
SP500,2021-04-01,3992.78,4020.6299,3992.78,4019.8701,4019.8701,4162130000,yahoo
SP500,2021-04-05,4034.4399,4083.4199,4034.4399,4077.9099,4077.9099,4005030000,yahoo
SP500,2021-04-06,4075.5701,4086.23,4068.1399,4073.9399,4073.9399,4081270000,yahoo
SP500,2021-04-07,4074.29,4083.1299,4068.3101,4079.95,4079.95,4120810000,yahoo
SP500,2021-04-08,4089.95,4098.1899,4082.54,4097.1699,4097.1699,3907100000,yahoo
SP500,2021-04-09,4096.1099,4129.48,4095.51,4128.7998,4128.7998,3640390000,yahoo
SP500,2021-04-12,4124.71,4131.7598,4114.8198,4127.9902,4127.9902,3588900000,yahoo
SP500,2021-04-13,4130.1001,4148,4124.4302,4141.5898,4141.5898,3734720000,yahoo
SP500,2021-04-14,4141.5801,4151.6899,4120.8701,4124.6602,4124.6602,3985350000,yahoo
SP500,2021-04-15,4139.7598,4173.4902,4139.7598,4170.4199,4170.4199,4033420000,yahoo
SP500,2021-04-16,4174.1401,4191.3101,4170.75,4185.4702,4185.4702,4163820000,yahoo
SP500,2021-04-19,4179.7998,4180.8101,4150.4702,4163.2598,4163.2598,3810290000,yahoo
SP500,2021-04-20,4159.1802,4159.1802,4118.3799,4134.9399,4134.9399,4342650000,yahoo
SP500,2021-04-21,4128.4199,4175.02,4126.3501,4173.4199,4173.4199,3887250000,yahoo
SP500,2021-04-22,4170.46,4179.5698,4123.6899,4134.98,4134.98,4245140000,yahoo
SP500,2021-04-23,4138.7798,4194.1699,4138.7798,4180.1699,4180.1699,3569880000,yahoo
SP500,2021-04-26,4185.0298,4194.1899,4182.3599,4187.6201,4187.6201,3748320000,yahoo
SP500,2021-04-27,4188.25,4193.3501,4176.2202,4186.7202,4186.7202,3710700000,yahoo
SP500,2021-04-28,4185.1401,4201.5298,4181.7798,4183.1802,4183.1802,3787360000,yahoo
SP500,2021-04-29,4206.1401,4218.7798,4176.8101,4211.4702,4211.4702,4298680000,yahoo
SP500,2021-04-30,4198.1001,4198.1001,4174.8501,4181.1699,4181.1699,4300880000,yahoo
SP500,2021-05-03,4191.98,4209.3901,4188.0298,4192.6602,4192.6602,4070220000,yahoo
SP500,2021-05-04,4179.04,4179.04,4128.5898,4164.6602,4164.6602,4452460000,yahoo
SP500,2021-05-05,4177.0601,4187.7202,4160.9399,4167.5898,4167.5898,4230920000,yahoo
SP500,2021-05-06,4169.1401,4202.7002,4147.3301,4201.6201,4201.6201,4511000000,yahoo
SP500,2021-05-07,4210.3398,4238.04,4201.6401,4232.6001,4232.6001,4016080000,yahoo
SP500,2021-05-10,4228.29,4236.3901,4188.1299,4188.4302,4188.4302,4560700000,yahoo
SP500,2021-05-11,4150.3398,4162.04,4111.5298,4152.1001,4152.1001,4870710000,yahoo
SP500,2021-05-12,4130.5498,4134.73,4056.8799,4063.04,4063.04,4733070000,yahoo
SP500,2021-05-13,4074.99,4131.5801,4074.99,4112.5,4112.5,4779540000,yahoo
SP500,2021-05-14,4129.5801,4183.1299,4129.5801,4173.8501,4173.8501,4008880000,yahoo
SP500,2021-05-17,4169.9199,4171.9199,4142.6899,4163.29,4163.29,4125050000,yahoo
SP500,2021-05-18,4165.9399,4169.1499,4125.9902,4127.8301,4127.8301,4398150000,yahoo
SP500,2021-05-19,4098.4502,4116.9302,4061.4099,4115.6802,4115.6802,4247450000,yahoo
SP500,2021-05-20,4121.9702,4172.7998,4121.9702,4159.1201,4159.1201,3978880000,yahoo
SP500,2021-05-21,4168.6099,4188.7202,4151.7202,4155.8599,4155.8599,3995250000,yahoo
SP500,2021-05-24,4170.1602,4209.52,4170.1602,4197.0498,4197.0498,3684800000,yahoo
SP500,2021-05-25,4205.9399,4213.4199,4182.52,4188.1299,4188.1299,4182250000,yahoo
SP500,2021-05-26,4191.5898,4202.6099,4184.1099,4195.9902,4195.9902,4420890000,yahoo
SP500,2021-05-27,4201.9399,4213.3799,4197.7798,4200.8799,4200.8799,6406310000,yahoo
SP500,2021-05-28,4210.77,4218.3599,4203.5698,4204.1099,4204.1099,4649250000,yahoo
SP500,2021-06-01,4216.52,4234.1201,4197.5898,4202.04,4202.04,5074670000,yahoo
SP500,2021-06-02,4206.8198,4217.3701,4198.27,4208.1201,4208.1201,5833670000,yahoo
SP500,2021-06-03,4191.4302,4204.3901,4167.9302,4192.8501,4192.8501,5587970000,yahoo
SP500,2021-06-04,4206.0498,4233.4502,4206.0498,4229.8901,4229.8901,4139790000,yahoo
SP500,2021-06-07,4229.3398,4232.3398,4215.6602,4226.52,4226.52,4476920000,yahoo
SP500,2021-06-08,4233.8101,4236.7402,4208.4102,4227.2598,4227.2598,4659620000,yahoo
SP500,2021-06-09,4232.9902,4237.0898,4218.7402,4219.5498,4219.5498,4713260000,yahoo
SP500,2021-06-10,4228.5601,4249.7402,4220.3398,4239.1802,4239.1802,4408210000,yahoo
SP500,2021-06-11,4242.8999,4248.3799,4232.25,4247.4399,4247.4399,3815010000,yahoo
SP500,2021-06-14,4248.3101,4255.5898,4234.0698,4255.1499,4255.1499,4151200000,yahoo
SP500,2021-06-15,4255.2798,4257.1602,4238.3501,4246.5898,4246.5898,4048940000,yahoo
SP500,2021-06-16,4248.8701,4251.8901,4202.4502,4223.7002,4223.7002,4538350000,yahoo
SP500,2021-06-17,4220.3701,4232.29,4196.0498,4221.8599,4221.8599,5312680000,yahoo
SP500,2021-06-18,4204.7798,4204.7798,4164.3999,4166.4502,4166.4502,6817010000,yahoo
SP500,2021-06-21,4173.3999,4226.2402,4173.3999,4224.79,4224.79,4128950000,yahoo
SP500,2021-06-22,4224.6099,4255.8398,4217.27,4246.4399,4246.4399,3828390000,yahoo
SP500,2021-06-23,4249.27,4256.6001,4241.4302,4241.8398,4241.8398,3730350000,yahoo
SP500,2021-06-24,4256.9702,4271.2798,4256.9702,4266.4902,4266.4902,3816660000,yahoo
SP500,2021-06-25,4274.4502,4286.1201,4271.1602,4280.7002,4280.7002,7341450000,yahoo
SP500,2021-06-28,4284.8999,4292.1401,4274.6699,4290.6099,4290.6099,4147890000,yahoo
SP500,2021-06-29,4293.21,4300.52,4287.04,4291.7998,4291.7998,3707150000,yahoo
SP500,2021-06-30,4290.6499,4302.4302,4287.96,4297.5,4297.5,4266040000,yahoo
SP500,2021-07-01,4300.73,4320.6602,4300.73,4319.9399,4319.9399,3788230000,yahoo
SP500,2021-07-02,4326.6001,4355.4302,4326.6001,4352.3398,4352.3398,3225840000,yahoo
SP500,2021-07-06,4356.46,4356.46,4314.3701,4343.54,4343.54,4309570000,yahoo
SP500,2021-07-07,4351.0098,4361.8799,4329.79,4358.1299,4358.1299,4037380000,yahoo
SP500,2021-07-08,4321.0698,4330.8799,4289.3701,4320.8198,4320.8198,4347500000,yahoo
SP500,2021-07-09,4329.3799,4371.6001,4329.3799,4369.5498,4369.5498,3531120000,yahoo
SP500,2021-07-12,4372.4102,4386.6802,4364.0298,4384.6299,4384.6299,3384460000,yahoo
SP500,2021-07-13,4381.0698,4392.3701,4366.9199,4369.21,4369.21,3695430000,yahoo
SP500,2021-07-14,4380.1099,4393.6802,4362.3599,4374.2998,4374.2998,4006370000,yahoo
SP500,2021-07-15,4369.02,4369.02,4340.7002,4360.0298,4360.0298,3905230000,yahoo
SP500,2021-07-16,4367.4302,4375.0898,4322.5298,4327.1602,4327.1602,3985700000,yahoo
SP500,2021-07-19,4296.3999,4296.3999,4233.1299,4258.4902,4258.4902,5157660000,yahoo
SP500,2021-07-20,4265.1099,4336.8398,4262.0498,4323.0601,4323.0601,4438270000,yahoo
SP500,2021-07-21,4331.1299,4359.7002,4331.1299,4358.6899,4358.6899,3810280000,yahoo
SP500,2021-07-22,4361.27,4369.8701,4350.0601,4367.48,4367.48,3358300000,yahoo
SP500,2021-07-23,4381.2002,4415.1802,4381.2002,4411.79,4411.79,4540070000,yahoo
SP500,2021-07-26,4409.5801,4422.73,4405.4502,4422.2998,4422.2998,4275630000,yahoo
SP500,2021-07-27,4416.3799,4416.3799,4372.5098,4401.46,4401.46,4241950000,yahoo
SP500,2021-07-28,4402.9502,4415.4702,4387.0098,4400.6401,4400.6401,4215290000,yahoo
SP500,2021-07-29,4403.5898,4429.9702,4403.5898,4419.1499,4419.1499,4044600000,yahoo
SP500,2021-07-30,4395.1201,4412.25,4389.6499,4395.2598,4395.2598,3956740000,yahoo
SP500,2021-08-02,4406.8599,4422.1802,4384.8101,4387.1602,4387.1602,3724090000,yahoo
SP500,2021-08-03,4392.7402,4423.79,4373,4423.1499,4423.1499,3965190000,yahoo
SP500,2021-08-04,4415.9502,4416.1699,4400.23,4402.6602,4402.6602,4260760000,yahoo
SP500,2021-08-05,4408.8599,4429.7598,4408.8599,4429.1001,4429.1001,3769410000,yahoo
SP500,2021-08-06,4429.0698,4440.8198,4429.0698,4436.52,4436.52,3451870000,yahoo
SP500,2021-08-09,4437.77,4439.3901,4424.7402,4432.3501,4432.3501,3449280000,yahoo
SP500,2021-08-10,4435.79,4445.21,4430.0298,4436.75,4436.75,3886610000,yahoo
SP500,2021-08-11,4442.1802,4449.4399,4436.4199,4442.4102,4442.4102,3532560000,yahoo
SP500,2021-08-12,4446.0801,4461.77,4435.96,4460.8301,4460.8301,3375310000,yahoo
SP500,2021-08-13,4464.8398,4468.3701,4460.8198,4468,4468,3016470000,yahoo
SP500,2021-08-16,4461.6499,4480.2598,4437.6602,4479.71,4479.71,3370640000,yahoo
SP500,2021-08-17,4462.1201,4462.1201,4417.8301,4448.0801,4448.0801,3836960000,yahoo
SP500,2021-08-18,4440.9399,4454.3198,4397.5898,4400.27,4400.27,3755590000,yahoo
SP500,2021-08-19,4382.4399,4418.6099,4367.73,4405.7998,4405.7998,4398410000,yahoo
SP500,2021-08-20,4410.5601,4444.3501,4406.7998,4441.6699,4441.6699,3652610000,yahoo
SP500,2021-08-23,4450.29,4489.8799,4450.29,4479.5298,4479.5298,3576530000,yahoo
SP500,2021-08-24,4484.3999,4492.8101,4482.2798,4486.23,4486.23,3979220000,yahoo
SP500,2021-08-25,4490.4502,4501.71,4485.6602,4496.1899,4496.1899,3444700000,yahoo
SP500,2021-08-26,4493.75,4495.8999,4468.9902,4470,4470,3263980000,yahoo
SP500,2021-08-27,4474.1001,4513.3301,4474.1001,4509.3701,4509.3701,3331200000,yahoo
SP500,2021-08-30,4513.7598,4537.3599,4513.7598,4528.79,4528.79,3168660000,yahoo
SP500,2021-08-31,4529.75,4531.3901,4515.7998,4522.6802,4522.6802,4290710000,yahoo
SP500,2021-09-01,4528.7998,4537.1099,4522.02,4524.0898,4524.0898,4057340000,yahoo
SP500,2021-09-02,4534.48,4545.8501,4524.6602,4536.9502,4536.9502,3735990000,yahoo
SP500,2021-09-03,4532.4199,4541.4502,4521.2998,4535.4302,4535.4302,3217530000,yahoo
SP500,2021-09-07,4535.3799,4535.3799,4513,4520.0298,4520.0298,3822960000,yahoo
SP500,2021-09-08,4518.0898,4521.79,4493.9502,4514.0698,4514.0698,3750880000,yahoo
SP500,2021-09-09,4513.02,4529.8999,4492.0698,4493.2798,4493.2798,3735390000,yahoo
SP500,2021-09-10,4506.9199,4520.4702,4457.6602,4458.5801,4458.5801,3623180000,yahoo
SP500,2021-09-13,4474.8101,4492.9902,4445.7002,4468.73,4468.73,3914220000,yahoo
SP500,2021-09-14,4479.3301,4485.6802,4435.46,4443.0498,4443.0498,3670460000,yahoo
SP500,2021-09-15,4447.4902,4486.8701,4438.3701,4480.7002,4480.7002,4032020000,yahoo
SP500,2021-09-16,4477.0898,4485.8701,4443.7998,4473.75,4473.75,3984560000,yahoo
SP500,2021-09-17,4469.7402,4471.52,4427.7598,4432.9902,4432.9902,7289530000,yahoo
SP500,2021-09-20,4402.9502,4402.9502,4305.9102,4357.73,4357.73,4898070000,yahoo
SP500,2021-09-21,4374.4502,4394.8701,4347.96,4354.1899,4354.1899,3920920000,yahoo
SP500,2021-09-22,4367.4302,4416.75,4367.4302,4395.6401,4395.6401,3939170000,yahoo
SP500,2021-09-23,4406.75,4465.3999,4406.75,4448.98,4448.98,3916350000,yahoo
SP500,2021-09-24,4438.04,4463.1201,4430.27,4455.48,4455.48,3384290000,yahoo
SP500,2021-09-27,4442.1201,4457.2998,4436.1899,4443.1099,4443.1099,4058650000,yahoo
SP500,2021-09-28,4419.54,4419.54,4346.3301,4352.6299,4352.6299,4416550000,yahoo
SP500,2021-09-29,4362.4102,4385.5698,4355.0801,4359.46,4359.46,3712660000,yahoo
SP500,2021-09-30,4370.6699,4382.5498,4306.2402,4307.54,4307.54,4448140000,yahoo
SP500,2021-10-01,4317.1602,4375.1899,4288.52,4357.04,4357.04,4010370000,yahoo
SP500,2021-10-04,4348.8398,4355.5098,4278.9399,4300.46,4300.46,4307870000,yahoo
SP500,2021-10-05,4309.8701,4369.23,4309.8701,4345.7202,4345.7202,3902890000,yahoo
SP500,2021-10-06,4319.5698,4365.5698,4290.4902,4363.5498,4363.5498,4009630000,yahoo
SP500,2021-10-07,4383.73,4429.9702,4383.73,4399.7598,4399.7598,3843740000,yahoo
SP500,2021-10-08,4406.5098,4412.02,4386.2202,4391.3398,4391.3398,3280160000,yahoo
SP500,2021-10-11,4385.4399,4415.8799,4360.5898,4361.1899,4361.1899,3281970000,yahoo
SP500,2021-10-12,4368.3101,4374.8901,4342.0898,4350.6499,4350.6499,3558450000,yahoo
SP500,2021-10-13,4358.0098,4372.8701,4329.9199,4363.7998,4363.7998,3620070000,yahoo
SP500,2021-10-14,4386.75,4439.73,4386.75,4438.2598,4438.2598,3598280000,yahoo
SP500,2021-10-15,4447.6899,4475.8198,4447.6899,4471.3701,4471.3701,3819380000,yahoo
SP500,2021-10-18,4463.7202,4488.75,4447.4702,4486.46,4486.46,3662010000,yahoo
SP500,2021-10-19,4497.3398,4520.3999,4496.4102,4519.6299,4519.6299,3459130000,yahoo
SP500,2021-10-20,4524.4199,4540.8701,4524.3999,4536.1899,4536.1899,3670760000,yahoo
SP500,2021-10-21,4532.2402,4551.4399,4526.8901,4549.7798,4549.7798,3822330000,yahoo
SP500,2021-10-22,4546.1201,4559.6699,4524,4544.8999,4544.8999,3758220000,yahoo
SP500,2021-10-25,4553.6899,4572.6201,4537.3599,4566.48,4566.48,3899400000,yahoo
SP500,2021-10-26,4578.6899,4598.5298,4569.1699,4574.79,4574.79,3879740000,yahoo
SP500,2021-10-27,4580.2202,4584.5698,4551.6602,4551.6802,4551.6802,4226050000,yahoo
SP500,2021-10-28,4562.8398,4597.5498,4562.8398,4596.4199,4596.4199,4132950000,yahoo
SP500,2021-10-29,4572.8701,4608.0801,4567.5898,4605.3799,4605.3799,4510200000,yahoo
SP500,2021-11-01,4610.6201,4620.3398,4595.0601,4613.6699,4613.6699,3971540000,yahoo
SP500,2021-11-02,4613.3398,4635.1499,4613.3398,4630.6499,4630.6499,3975250000,yahoo
SP500,2021-11-03,4630.6499,4663.46,4621.1899,4660.5698,4660.5698,4319660000,yahoo
SP500,2021-11-04,4662.9302,4683,4662.5898,4680.0601,4680.0601,4462300000,yahoo
SP500,2021-11-05,4699.2598,4718.5,4681.3198,4697.5298,4697.5298,4467180000,yahoo
SP500,2021-11-08,4701.48,4714.9199,4694.3901,4701.7002,4701.7002,4269710000,yahoo
SP500,2021-11-09,4707.25,4708.5298,4670.8701,4685.25,4685.25,4117080000,yahoo
SP500,2021-11-10,4670.2598,4684.8501,4630.8599,4646.71,4646.71,4503720000,yahoo
SP500,2021-11-11,4659.3901,4664.5498,4648.3101,4649.27,4649.27,3926870000,yahoo
SP500,2021-11-12,4655.2402,4688.4702,4650.77,4682.8501,4682.8501,3728600000,yahoo
SP500,2021-11-15,4689.2998,4697.4199,4672.8599,4682.7998,4682.7998,3488410000,yahoo
SP500,2021-11-16,4679.4199,4714.9502,4679.4199,4700.8999,4700.8999,3972640000,yahoo
SP500,2021-11-17,4701.5,4701.5,4684.4102,4688.6699,4688.6699,3969070000,yahoo
SP500,2021-11-18,4700.7202,4708.7998,4672.7798,4704.54,4704.54,4226410000,yahoo
SP500,2021-11-19,4708.4399,4717.75,4694.2202,4697.96,4697.96,4253180000,yahoo
SP500,2021-11-22,4712,4743.8301,4682.1699,4682.9399,4682.9399,4441100000,yahoo
SP500,2021-11-23,4678.48,4699.3901,4652.6602,4690.7002,4690.7002,4277590000,yahoo
SP500,2021-11-24,4675.7798,4702.8701,4659.8901,4701.46,4701.46,3418430000,yahoo
SP500,2021-11-26,4664.6299,4664.6299,4585.4302,4594.6201,4594.6201,3517700000,yahoo
SP500,2021-11-29,4628.75,4672.9502,4625.2598,4655.27,4655.27,4336410000,yahoo
SP500,2021-11-30,4640.25,4646.02,4560,4567,4567,6625990000,yahoo
SP500,2021-12-01,4602.8198,4652.9399,4510.27,4513.04,4513.04,5366730000,yahoo
SP500,2021-12-02,4504.73,4595.46,4504.73,4577.1001,4577.1001,5077180000,yahoo
SP500,2021-12-03,4589.4902,4608.0298,4495.1201,4538.4302,4538.4302,5240070000,yahoo
SP500,2021-12-06,4548.3701,4612.6001,4540.5098,4591.6699,4591.6699,4770800000,yahoo
SP500,2021-12-07,4631.9702,4694.04,4631.9702,4686.75,4686.75,4492400000,yahoo
SP500,2021-12-08,4690.8599,4705.0601,4674.52,4701.21,4701.21,4234600000,yahoo
SP500,2021-12-09,4691,4695.2598,4665.98,4667.4502,4667.4502,3903840000,yahoo
SP500,2021-12-10,4687.6401,4713.5698,4670.2402,4712.02,4712.02,3870110000,yahoo
SP500,2021-12-13,4710.2998,4710.2998,4667.6001,4668.9702,4668.9702,4397230000,yahoo
SP500,2021-12-14,4642.9902,4660.4702,4606.52,4634.0898,4634.0898,4485430000,yahoo
SP500,2021-12-15,4636.46,4712.6001,4611.2202,4709.8501,4709.8501,4910130000,yahoo
SP500,2021-12-16,4719.1299,4731.9902,4651.8901,4668.6699,4668.6699,4829500000,yahoo
SP500,2021-12-17,4652.5,4666.7002,4600.2202,4620.6401,4620.6401,7987090000,yahoo
SP500,2021-12-20,4587.8999,4587.8999,4531.1001,4568.02,4568.02,4635700000,yahoo
SP500,2021-12-21,4594.96,4651.1401,4583.1602,4649.23,4649.23,4072430000,yahoo
SP500,2021-12-22,4650.3599,4697.6699,4645.5298,4696.5601,4696.5601,3319610000,yahoo
SP500,2021-12-23,4703.96,4740.7402,4703.96,4725.79,4725.79,2913040000,yahoo
SP500,2021-12-27,4733.9902,4791.4902,4733.9902,4791.1899,4791.1899,2770290000,yahoo
SP500,2021-12-28,4795.4902,4807.02,4780.04,4786.3501,4786.3501,2707920000,yahoo
SP500,2021-12-29,4788.6401,4804.0601,4778.0801,4793.0601,4793.0601,2963310000,yahoo
SP500,2021-12-30,4794.23,4808.9302,4775.3301,4778.73,4778.73,3124950000,yahoo
SP500,2021-12-31,4775.21,4786.8301,4765.75,4766.1802,4766.1802,2677820000,yahoo
USDINR,2021-01-01,73.0892,73.3198,73.025,73.0892,73.0892,0,yahoo
USDINR,2021-01-04,73.092,73.201,72.7985,73.092,73.092,0,yahoo
USDINR,2021-01-05,73.0915,73.3298,72.9635,73.32,73.32,0,yahoo
USDINR,2021-01-07,73.3748,73.467,73.063,73.36,73.36,0,yahoo
USDINR,2021-01-08,73.73,73.7398,73.1962,73.446,73.446,0,yahoo
USDINR,2021-01-11,73.3734,73.5842,73.3403,73.3734,73.3734,0,yahoo
USDINR,2021-01-12,73.779,73.779,73.202,73.5135,73.5135,0,yahoo
USDINR,2021-01-13,73.414,73.414,73.0628,73.165,73.165,0,yahoo
USDINR,2021-01-14,73.17,73.354,72.939,73.1699,73.1699,0,yahoo
USDINR,2021-01-15,73.09,73.3781,73.0025,73.0876,73.0876,0,yahoo
USDINR,2021-01-18,73.159,73.42,73.123,73.159,73.159,0,yahoo
USDINR,2021-01-19,73.1892,73.308,73.099,73.1887,73.1887,0,yahoo
USDINR,2021-01-20,73.192,73.1923,72.8993,73.1919,73.1919,0,yahoo
USDINR,2021-01-21,72.9079,73.0453,72.883,72.9109,72.9109,0,yahoo
USDINR,2021-01-22,72.9549,73.2375,72.929,72.9549,72.9549,0,yahoo
USDINR,2021-01-25,72.9959,73.22,72.878,72.9959,72.9959,0,yahoo
USDINR,2021-01-26,72.97,73.222,72.7745,72.97,72.97,0,yahoo
USDINR,2021-01-27,72.9199,73.0719,72.798,72.92,72.92,0,yahoo
USDINR,2021-01-28,73.037,73.1741,72.8968,73.0371,73.0371,0,yahoo
USDINR,2021-01-29,72.9388,73.0303,72.7675,72.9388,72.9388,0,yahoo
USDINR,2021-02-01,72.9066,73.2034,72.8171,72.9066,72.9066,0,yahoo
USDINR,2021-02-02,73.1198,73.3248,72.9076,73.1198,73.1198,0,yahoo
USDINR,2021-02-03,72.95,73.003,72.819,72.9163,72.9163,0,yahoo
USDINR,2021-02-04,72.8598,72.9904,72.826,72.858,72.858,0,yahoo
USDINR,2021-02-05,72.9861,73.0228,72.7777,72.9457,72.9457,0,yahoo
USDINR,2021-02-08,72.7848,73.015,72.778,72.7848,72.7848,0,yahoo
USDINR,2021-02-09,72.9299,73.0043,72.8012,72.9299,72.9299,0,yahoo
USDINR,2021-02-10,72.8556,73.109,72.778,72.8549,72.8549,0,yahoo
USDINR,2021-02-11,72.8073,72.8784,72.6742,72.8073,72.8073,0,yahoo
USDINR,2021-02-12,72.7095,72.8251,72.5628,72.7095,72.7095,0,yahoo
USDINR,2021-02-15,72.5948,72.685,72.436,72.5948,72.5948,0,yahoo
USDINR,2021-02-16,72.6387,72.9147,72.5925,72.6387,72.6387,0,yahoo
USDINR,2021-02-17,72.935,73.154,72.723,72.935,72.935,0,yahoo
USDINR,2021-02-18,72.787,72.804,72.5387,72.7973,72.7973,0,yahoo
USDINR,2021-02-19,72.6055,72.715,72.3983,72.6054,72.6054,0,yahoo
USDINR,2021-02-22,72.553,72.5893,72.3065,72.553,72.553,0,yahoo
USDINR,2021-02-23,72.4579,72.5565,72.32,72.444,72.444,0,yahoo
USDINR,2021-02-24,72.3821,72.599,72.268,72.377,72.377,0,yahoo
USDINR,2021-02-25,72.3956,72.7667,72.279,72.4,72.4,0,yahoo
USDINR,2021-02-26,73.1549,74.1787,72.878,73.1509,73.1509,0,yahoo
USDINR,2021-03-01,73.5959,74.125,73.185,73.5959,73.5959,0,yahoo
USDINR,2021-03-02,73.3094,73.871,73.2815,73.3094,73.3094,0,yahoo
USDINR,2021-03-03,73.2775,73.3198,72.7288,73.2775,73.2775,0,yahoo
USDINR,2021-03-04,72.8807,73.108,72.6122,72.8807,72.8807,0,yahoo
USDINR,2021-03-05,73.1318,73.3112,72.735,73.1318,73.1318,0,yahoo
USDINR,2021-03-08,73.1334,73.4153,72.94,73.1334,73.1334,0,yahoo
USDINR,2021-03-09,73.3304,73.3863,72.8856,73.33,73.33,0,yahoo
USDINR,2021-03-10,72.7758,73.078,72.7649,72.7759,72.7759,0,yahoo
USDINR,2021-03-11,72.7061,72.798,72.5648,72.706,72.706,0,yahoo
USDINR,2021-03-12,72.639,72.8733,72.565,72.639,72.639,0,yahoo
USDINR,2021-03-15,72.683,72.782,72.3923,72.683,72.683,0,yahoo
USDINR,2021-03-16,72.5153,72.946,72.3655,72.5153,72.5153,0,yahoo
USDINR,2021-03-17,72.5157,73.008,72.4963,72.5156,72.5156,0,yahoo
USDINR,2021-03-18,72.5698,72.744,72.2956,72.2956,72.2956,0,yahoo
USDINR,2021-03-19,72.6687,72.7378,72.4465,72.6688,72.6688,0,yahoo
USDINR,2021-03-22,72.405,72.95,72.301,72.405,72.405,0,yahoo
USDINR,2021-03-23,72.3805,72.5391,72.266,72.3805,72.3805,0,yahoo
USDINR,2021-03-24,72.6123,73.0805,72.5009,72.6122,72.6122,0,yahoo
USDINR,2021-03-25,72.6456,73.137,72.55,72.6456,72.6456,0,yahoo
USDINR,2021-03-26,72.6128,72.66,72.3703,72.6128,72.6128,0,yahoo
USDINR,2021-03-30,72.7419,73.6523,72.713,72.7419,72.7419,0,yahoo
USDINR,2021-03-31,73.4453,73.613,73.05,73.4453,73.4453,0,yahoo
USDINR,2021-04-01,73.2035,73.4625,73.105,73.2035,73.2035,0,yahoo
USDINR,2021-04-02,73.2873,73.4098,73.2385,73.2873,73.2873,0,yahoo
USDINR,2021-04-05,73.3761,73.4516,73.1973,73.376,73.376,0,yahoo
USDINR,2021-04-06,73.2795,73.5291,73.2146,73.2795,73.2795,0,yahoo
USDINR,2021-04-07,73.49,74.5323,73.4498,73.49,73.49,0,yahoo
USDINR,2021-04-08,74.4015,74.9056,74.193,74.4015,74.4015,0,yahoo
USDINR,2021-04-09,74.5445,75.0063,74.4605,74.5445,74.5445,0,yahoo
USDINR,2021-04-12,74.7296,75.1783,74.1802,74.7295,74.7295,0,yahoo
USDINR,2021-04-13,74.991,75.518,74.8904,74.991,74.991,0,yahoo
USDINR,2021-04-14,75.1819,75.26,75.0039,75.1815,75.1815,0,yahoo
USDINR,2021-04-15,75.054,75.363,74.744,75.0261,75.0261,0,yahoo
USDINR,2021-04-16,74.7274,74.8365,74.2977,74.7274,74.7274,0,yahoo
USDINR,2021-04-19,74.5413,75.0454,74.533,74.5632,74.5632,0,yahoo
USDINR,2021-04-20,74.8782,75.7248,74.502,74.8782,74.8782,0,yahoo
USDINR,2021-04-21,75.4492,75.69,75.2832,75.4492,75.4492,0,yahoo
USDINR,2021-04-22,75.4295,75.615,74.841,75.4295,75.4295,0,yahoo
USDINR,2021-04-23,75.0917,75.305,74.7385,75.0917,75.0917,0,yahoo
USDINR,2021-04-26,74.8682,75.252,74.664,74.8681,74.8681,0,yahoo
USDINR,2021-04-27,74.7979,74.835,74.5105,74.8149,74.8149,0,yahoo
USDINR,2021-04-28,74.575,74.946,74.282,74.575,74.575,0,yahoo
USDINR,2021-04-29,74.3118,74.597,73.9583,74.3118,74.3118,0,yahoo
USDINR,2021-04-30,74.1058,74.295,73.8254,74.1058,74.1058,0,yahoo
USDINR,2021-05-03,74.0949,74.494,73.7472,74.0948,74.0948,0,yahoo
USDINR,2021-05-04,73.8375,74.477,73.7385,73.8375,73.8375,0,yahoo
USDINR,2021-05-05,73.7789,74.0145,73.6883,73.7789,73.7789,0,yahoo
USDINR,2021-05-06,73.7995,74.191,73.5721,73.7994,73.7994,0,yahoo
USDINR,2021-05-07,73.6152,73.895,73.1662,73.6152,73.6152,0,yahoo
USDINR,2021-05-10,73.2904,73.4707,73.217,73.2903,73.2903,0,yahoo
USDINR,2021-05-11,73.5001,73.7764,73.2545,73.5,73.5,0,yahoo
USDINR,2021-05-12,73.3751,73.743,73.368,73.3751,73.3751,0,yahoo
USDINR,2021-05-13,73.6816,73.6829,73.4519,73.6816,73.6816,0,yahoo
USDINR,2021-05-14,73.4449,73.8453,73.185,73.4449,73.4449,0,yahoo
USDINR,2021-05-17,73.279,73.7233,73.1412,73.2789,73.2789,0,yahoo
USDINR,2021-05-18,73.2697,73.6195,72.9514,73.2697,73.2697,0,yahoo
USDINR,2021-05-19,73.1262,73.456,72.9263,73.1282,73.1282,0,yahoo
USDINR,2021-05-20,73.223,73.2233,73.0312,73.2229,73.2229,0,yahoo
USDINR,2021-05-21,73.0219,73.339,72.753,73.0219,73.0219,0,yahoo
USDINR,2021-05-24,72.9098,72.9758,72.818,72.9098,72.9098,0,yahoo
USDINR,2021-05-25,72.8366,73.195,72.743,72.8366,72.8366,0,yahoo
USDINR,2021-05-26,72.8049,72.8084,72.6268,72.8049,72.8049,0,yahoo
USDINR,2021-05-27,72.6725,73.156,72.4273,72.6725,72.6725,0,yahoo
USDINR,2021-05-28,72.6836,72.9373,72.3358,72.683,72.683,0,yahoo
USDINR,2021-05-31,72.3936,72.748,72.3445,72.3935,72.3935,0,yahoo
USDINR,2021-06-01,72.4872,72.9494,72.458,72.4872,72.4872,0,yahoo
USDINR,2021-06-02,72.855,73.435,72.4978,72.855,72.855,0,yahoo
USDINR,2021-06-03,72.9622,73.156,72.8434,72.9651,72.9651,0,yahoo
USDINR,2021-06-04,73.0442,73.1135,72.7805,73.0442,73.0442,0,yahoo
USDINR,2021-06-07,72.9098,72.916,72.7411,72.9097,72.9097,0,yahoo
USDINR,2021-06-08,72.8094,72.9787,72.744,72.8094,72.8094,0,yahoo
USDINR,2021-06-09,72.9753,73.0135,72.87,72.9753,72.9753,0,yahoo
USDINR,2021-06-10,72.9853,73.2385,72.939,72.9853,72.9853,0,yahoo
USDINR,2021-06-11,73.0123,73.3184,72.895,73.0123,73.0123,0,yahoo
USDINR,2021-06-14,73.2317,73.294,73.1005,73.2316,73.2316,0,yahoo
USDINR,2021-06-15,73.1853,73.3763,73.1596,73.1808,73.1808,0,yahoo
USDINR,2021-06-16,73.3439,73.387,73.26,73.3447,73.3447,0,yahoo
USDINR,2021-06-17,73.8241,74.2385,73.268,73.8241,73.8241,0,yahoo
USDINR,2021-06-18,74.2539,74.5223,73.807,74.2539,74.2539,0,yahoo
USDINR,2021-06-21,74.144,74.4408,74.0456,74.1439,74.1439,0,yahoo
USDINR,2021-06-22,74.1352,74.3876,74.0205,74.1352,74.1352,0,yahoo
USDINR,2021-06-23,74.3322,74.5448,73.5108,74.3322,74.3322,0,yahoo
USDINR,2021-06-24,74.2469,74.2628,74.1044,74.2469,74.2469,0,yahoo
USDINR,2021-06-25,74.1903,74.391,74.1168,74.1903,74.1903,0,yahoo
USDINR,2021-06-28,74.213,74.3283,74.0625,74.213,74.213,0,yahoo
USDINR,2021-06-29,74.2856,74.3378,74.189,74.2854,74.2854,0,yahoo
USDINR,2021-06-30,74.2876,74.473,74.105,74.2876,74.2876,0,yahoo
USDINR,2021-07-01,74.3711,74.6285,74.311,74.371,74.371,0,yahoo
USDINR,2021-07-02,74.5536,74.899,74.465,74.545,74.545,0,yahoo
USDINR,2021-07-05,74.4819,74.587,74.203,74.4818,74.4818,0,yahoo
USDINR,2021-07-06,74.3178,74.7713,74.2425,74.3178,74.3178,0,yahoo
USDINR,2021-07-07,74.7612,74.8533,74.5545,74.7629,74.7629,0,yahoo
USDINR,2021-07-08,74.8219,74.8662,74.64,74.8219,74.8219,0,yahoo
USDINR,2021-07-09,74.7215,74.911,74.4734,74.7214,74.7214,0,yahoo
USDINR,2021-07-12,74.4906,74.658,74.2754,74.4905,74.4905,0,yahoo
USDINR,2021-07-13,74.5417,74.6758,74.3995,74.5417,74.5417,0,yahoo
USDINR,2021-07-14,74.6595,74.869,74.456,74.6591,74.6591,0,yahoo
USDINR,2021-07-15,74.454,74.5628,74.438,74.4691,74.4691,0,yahoo
USDINR,2021-07-16,74.5379,74.8,74.4965,74.537,74.537,0,yahoo
USDINR,2021-07-19,74.6319,75.0204,74.6311,74.6318,74.6318,0,yahoo
USDINR,2021-07-20,74.9933,75.205,74.56,74.9934,74.9934,0,yahoo
USDINR,2021-07-21,74.5269,74.6516,74.3717,74.527,74.527,0,yahoo
USDINR,2021-07-22,74.4402,74.509,74.308,74.4402,74.4402,0,yahoo
USDINR,2021-07-23,74.4519,74.5765,74.3675,74.452,74.452,0,yahoo
USDINR,2021-07-26,74.449,74.702,74.3186,74.4489,74.4489,0,yahoo
USDINR,2021-07-27,74.2797,74.547,74.2761,74.2895,74.2895,0,yahoo
USDINR,2021-07-28,74.5023,74.738,74.3248,74.5023,74.5023,0,yahoo
USDINR,2021-07-29,74.39,74.52,74.1544,74.39,74.39,0,yahoo
USDINR,2021-07-30,74.245,74.4625,74.2006,74.252,74.252,0,yahoo
USDINR,2021-08-02,74.3792,74.6,74.3123,74.3791,74.3791,0,yahoo
USDINR,2021-08-03,74.3319,74.368,74.208,74.332,74.332,0,yahoo
USDINR,2021-08-04,74.2139,74.2435,74.0778,74.2144,74.2144,0,yahoo
USDINR,2021-08-05,74.1863,74.2865,74.0594,74.184,74.184,0,yahoo
USDINR,2021-08-06,74.0746,74.2396,74.0451,74.082,74.082,0,yahoo
USDINR,2021-08-09,74.4915,74.5,74.165,74.4914,74.4914,0,yahoo
USDINR,2021-08-10,74.4662,74.65,74.3233,74.4662,74.4662,0,yahoo
USDINR,2021-08-11,74.4355,74.4868,74.1575,74.4355,74.4355,0,yahoo
USDINR,2021-08-12,74.1002,74.408,74.0023,74.103,74.103,0,yahoo
USDINR,2021-08-13,74.2601,74.3153,74.1105,74.2601,74.2601,0,yahoo
USDINR,2021-08-16,74.2169,74.2858,74.0808,74.2168,74.2168,0,yahoo
USDINR,2021-08-17,74.1373,74.4003,74.1349,74.135,74.135,0,yahoo
USDINR,2021-08-18,74.3645,74.5598,74.1953,74.3645,74.3645,0,yahoo
USDINR,2021-08-19,74.2698,74.4634,74.2698,74.2698,74.2698,0,yahoo
USDINR,2021-08-20,74.4293,74.4756,74.325,74.4293,74.4293,0,yahoo
USDINR,2021-08-23,74.3513,74.3514,74.0422,74.3015,74.3015,0,yahoo
USDINR,2021-08-24,74.1059,74.2195,74.055,74.1059,74.1059,0,yahoo
USDINR,2021-08-25,74.1449,74.3018,74.0943,74.1448,74.1448,0,yahoo
USDINR,2021-08-26,74.1018,74.2675,74.068,74.1,74.1,0,yahoo
USDINR,2021-08-27,74.1562,74.33,73.438,74.156,74.156,0,yahoo
USDINR,2021-08-30,73.4967,73.6998,73.1972,73.4966,73.4966,0,yahoo
USDINR,2021-08-31,73.421,73.421,72.9048,73.4112,73.4112,0,yahoo
USDINR,2021-09-01,72.9971,73.144,72.916,72.9967,72.9967,0,yahoo
USDINR,2021-09-02,72.9851,73.1218,72.933,72.9851,72.9851,0,yahoo
USDINR,2021-09-03,73.0543,73.205,72.9378,73.0543,73.0543,0,yahoo
USDINR,2021-09-06,72.9946,73.1193,72.941,72.9945,72.9945,0,yahoo
USDINR,2021-09-07,73.1099,73.4894,73.035,73.11,73.11,0,yahoo
USDINR,2021-09-08,73.3909,73.8684,73.2665,73.3904,73.3904,0,yahoo
USDINR,2021-09-09,73.7958,73.862,73.4895,73.789,73.789,0,yahoo
USDINR,2021-09-10,73.5453,73.5768,73.3738,73.538,73.538,0,yahoo
USDINR,2021-09-13,73.5243,73.7768,73.517,73.5243,73.5243,0,yahoo
USDINR,2021-09-14,73.5408,73.7218,73.515,73.5408,73.5408,0,yahoo
USDINR,2021-09-15,73.6508,73.87,73.417,73.6508,73.6508,0,yahoo
USDINR,2021-09-16,73.4448,73.6215,73.337,73.438,73.438,0,yahoo
USDINR,2021-09-17,73.5388,73.7525,73.4131,73.5649,73.5649,0,yahoo
USDINR,2021-09-20,73.6962,73.8996,73.607,73.6961,73.6961,0,yahoo
USDINR,2021-09-21,73.6593,73.7901,73.549,73.659,73.659,0,yahoo
USDINR,2021-09-22,73.7951,73.9415,73.65,73.7927,73.7927,0,yahoo
USDINR,2021-09-23,73.875,73.9258,73.589,73.8749,73.8749,0,yahoo
USDINR,2021-09-24,73.8399,73.8752,73.621,73.84,73.84,0,yahoo
USDINR,2021-09-27,73.8129,73.924,73.6118,73.8129,73.8129,0,yahoo
USDINR,2021-09-28,73.8253,74.2883,73.728,73.8253,73.8253,0,yahoo
USDINR,2021-09-29,74.1633,74.5644,74.007,74.1633,74.1633,0,yahoo
USDINR,2021-09-30,74.3173,74.3552,74.0588,74.322,74.322,0,yahoo
USDINR,2021-10-01,74.2544,74.4795,74.0773,74.2544,74.2544,0,yahoo
USDINR,2021-10-04,74.1522,74.548,74.1205,74.1521,74.1521,0,yahoo
USDINR,2021-10-05,74.573,74.789,74.405,74.5728,74.5728,0,yahoo
USDINR,2021-10-06,74.5632,75.0529,74.5195,74.5632,74.5632,0,yahoo
USDINR,2021-10-07,74.7674,75.01,74.6805,74.76,74.76,0,yahoo
USDINR,2021-10-08,74.8316,75.181,74.8275,74.83,74.83,0,yahoo
USDINR,2021-10-11,75.3059,75.5323,74.7615,75.3058,75.3058,0,yahoo
USDINR,2021-10-12,75.4026,75.6646,75.15,75.4026,75.4026,0,yahoo
USDINR,2021-10-13,75.502,75.7,75.1838,75.4839,75.4839,0,yahoo
USDINR,2021-10-14,75.3063,75.3533,74.9934,75.3063,75.3063,0,yahoo
USDINR,2021-10-15,74.995,75.2125,74.8781,74.995,74.995,0,yahoo
USDINR,2021-10-18,75.006,75.521,74.9405,75.0059,75.0059,0,yahoo
USDINR,2021-10-19,75.238,75.2671,74.882,75.2355,75.2355,0,yahoo
USDINR,2021-10-20,75.1202,75.183,74.7498,75.1201,75.1201,0,yahoo
USDINR,2021-10-21,74.8093,74.9125,74.634,74.8092,74.8092,0,yahoo
USDINR,2021-10-22,74.8665,75.0998,74.6846,74.8654,74.8654,0,yahoo
USDINR,2021-10-25,74.9938,75.2748,74.858,74.9937,74.9937,0,yahoo
USDINR,2021-10-26,75.0899,75.1698,74.8476,75.0899,75.0899,0,yahoo
USDINR,2021-10-27,74.8889,75.093,74.8889,74.8889,74.8889,0,yahoo
USDINR,2021-10-28,75.0377,75.3225,74.7545,75.05,75.05,0,yahoo
USDINR,2021-10-29,74.797,75.0253,74.738,74.7972,74.7972,0,yahoo
USDINR,2021-11-01,74.9284,75.1863,74.8105,74.9283,74.9283,0,yahoo
USDINR,2021-11-02,74.8299,74.9093,74.6133,74.8299,74.8299,0,yahoo
USDINR,2021-11-03,74.7123,74.7655,74.408,74.712,74.712,0,yahoo
USDINR,2021-11-04,74.4355,74.554,74.235,74.4355,74.4355,0,yahoo
USDINR,2021-11-05,74.4781,74.5805,74.0506,74.4781,74.4781,0,yahoo
USDINR,2021-11-08,74.191,74.2768,73.907,74.1911,74.1911,0,yahoo
USDINR,2021-11-09,73.9171,74.1525,73.8303,73.9185,73.9185,0,yahoo
USDINR,2021-11-10,74.1748,74.408,74.0515,74.1748,74.1748,0,yahoo
USDINR,2021-11-11,74.405,74.5785,74.2728,74.4049,74.4049,0,yahoo
USDINR,2021-11-12,74.3267,74.5287,74.2935,74.3221,74.3221,0,yahoo
USDINR,2021-11-15,74.347,74.5883,74.3125,74.34,74.34,0,yahoo
USDINR,2021-11-16,74.4339,74.619,74.2777,74.4351,74.4351,0,yahoo
USDINR,2021-11-17,74.4595,74.5523,74.2218,74.4586,74.4586,0,yahoo
USDINR,2021-11-18,74.2596,74.3352,74.018,74.2598,74.2598,0,yahoo
USDINR,2021-11-19,74.1757,74.4828,74.158,74.1744,74.1744,0,yahoo
USDINR,2021-11-22,74.3107,74.7344,74.2655,74.3026,74.3026,0,yahoo
USDINR,2021-11-23,74.4298,74.5815,74.359,74.4298,74.4298,0,yahoo
USDINR,2021-11-24,74.447,74.7325,74.1915,74.447,74.447,0,yahoo
USDINR,2021-11-26,74.5068,75.1159,74.4715,74.5058,74.5058,0,yahoo
USDINR,2021-11-29,75.0528,75.1565,74.5355,74.9816,74.9816,0,yahoo
USDINR,2021-11-30,75.055,75.2065,74.843,75.0549,75.0549,0,yahoo
USDINR,2021-12-01,75.0562,75.0793,74.719,75.0509,75.0509,0,yahoo
USDINR,2021-12-02,75.0179,75.2598,74.8678,75.0179,75.0179,0,yahoo
USDINR,2021-12-03,74.9809,75.3284,74.929,74.9835,74.9835,0,yahoo
USDINR,2021-12-06,75.4723,75.4725,75.077,75.234,75.234,0,yahoo
USDINR,2021-12-07,75.3913,75.4864,75.258,75.3913,75.3913,0,yahoo
USDINR,2021-12-08,75.4082,75.5605,75.3255,75.4086,75.4086,0,yahoo
USDINR,2021-12-09,75.3832,75.903,75.3465,75.3833,75.3833,0,yahoo
USDINR,2021-12-10,75.5993,75.9739,75.4915,75.5992,75.5992,0,yahoo
USDINR,2021-12-13,75.9423,75.9711,75.3605,75.71,75.71,0,yahoo
USDINR,2021-12-14,75.8285,76.259,75.768,75.8269,75.8269,0,yahoo
USDINR,2021-12-15,76.0457,76.4823,76.0135,76.0472,76.0472,0,yahoo
USDINR,2021-12-16,76.2114,76.313,76.056,76.2114,76.2114,0,yahoo
USDINR,2021-12-17,76.1675,76.3625,75.879,76.1675,76.1675,0,yahoo
USDINR,2021-12-20,76.0523,76.1729,75.781,76.006,76.006,0,yahoo
USDINR,2021-12-21,75.7587,75.783,75.402,75.7587,75.7587,0,yahoo
USDINR,2021-12-22,75.6864,75.9298,75.4231,75.6864,75.6864,0,yahoo
USDINR,2021-12-23,75.4585,75.4855,75.0065,75.4585,75.4585,0,yahoo
USDINR,2021-12-24,75.0674,75.192,74.969,75.0674,75.0674,0,yahoo
USDINR,2021-12-28,74.9803,75.2248,74.5795,74.9803,74.9803,0,yahoo
USDINR,2021-12-29,74.7386,74.8364,74.503,74.745,74.745,0,yahoo
USDINR,2021-12-30,74.5703,74.6462,74.294,74.5703,74.5703,0,yahoo
USDINR,2021-12-31,74.4323,74.6425,74.09,74.4312,74.4312,0,yahoo
USVIX,2021-01-04,23.04,29.19,22.56,26.97,26.97,0,yahoo
USVIX,2021-01-05,26.94,28.6,24.8,25.34,25.34,0,yahoo
USVIX,2021-01-06,25.48,26.77,22.14,25.07,25.07,0,yahoo
USVIX,2021-01-07,23.67,23.91,22.25,22.37,22.37,0,yahoo
USVIX,2021-01-08,22.43,23.34,21.42,21.56,21.56,0,yahoo
USVIX,2021-01-11,23.31,24.81,23.23,24.08,24.08,0,yahoo
USVIX,2021-01-12,23.49,25.15,22.83,23.33,23.33,0,yahoo
USVIX,2021-01-13,23.07,24.18,21.92,22.21,22.21,0,yahoo
USVIX,2021-01-14,22.22,23.47,21.66,23.25,23.25,0,yahoo
USVIX,2021-01-15,23.52,25.8,23.08,24.34,24.34,0,yahoo
USVIX,2021-01-19,23.03,23.56,22.53,23.24,23.24,0,yahoo
USVIX,2021-01-20,22.82,22.86,21.37,21.58,21.58,0,yahoo
USVIX,2021-01-21,21.34,22.22,21.09,21.32,21.32,0,yahoo
USVIX,2021-01-22,22.24,23.73,21.27,21.91,21.91,0,yahoo
USVIX,2021-01-25,22.31,26.63,22.2,23.19,23.19,0,yahoo
USVIX,2021-01-26,23.91,23.94,22.55,23.02,23.02,0,yahoo
USVIX,2021-01-27,23.82,37.21,23.71,37.21,37.21,0,yahoo
USVIX,2021-01-28,33.25,36.29,27.39,30.21,30.21,0,yahoo
USVIX,2021-01-29,35.16,37.51,29.24,33.09,33.09,0,yahoo
USVIX,2021-02-01,31.45,33.96,29.03,30.24,30.24,0,yahoo
USVIX,2021-02-02,28.01,28.08,25.31,25.56,25.56,0,yahoo
USVIX,2021-02-03,24.59,25.43,22.91,22.91,22.91,0,yahoo
USVIX,2021-02-04,23.44,23.44,21.68,21.77,21.77,0,yahoo
USVIX,2021-02-05,21.99,22.16,20.86,20.87,20.87,0,yahoo
USVIX,2021-02-08,21.89,22.07,21.23,21.24,21.24,0,yahoo
USVIX,2021-02-09,21.57,22.26,20.65,21.63,21.63,0,yahoo
USVIX,2021-02-10,21.64,23.85,19.69,21.99,21.99,0,yahoo
USVIX,2021-02-11,22.09,23.25,21.11,21.25,21.25,0,yahoo
USVIX,2021-02-12,21.6,22.45,19.95,19.97,19.97,0,yahoo
USVIX,2021-02-16,21.13,22.46,20.88,21.46,21.46,0,yahoo
USVIX,2021-02-17,22.02,23.44,21.09,21.5,21.5,0,yahoo
USVIX,2021-02-18,21.98,24.23,21.8,22.49,22.49,0,yahoo
USVIX,2021-02-19,23.1,23.19,20.84,22.05,22.05,0,yahoo
USVIX,2021-02-22,24.46,25.09,21.96,23.45,23.45,0,yahoo
USVIX,2021-02-23,22.82,27.01,22.5,23.11,23.11,0,yahoo
USVIX,2021-02-24,23.76,25.04,21.31,21.34,21.34,0,yahoo
USVIX,2021-02-25,21.73,31.16,21.52,28.89,28.89,0,yahoo
USVIX,2021-02-26,28.73,30.82,25.23,27.95,27.95,0,yahoo
USVIX,2021-03-01,25.2,25.39,23.17,23.35,23.35,0,yahoo
USVIX,2021-03-02,23.58,24.6,22.8,24.1,24.1,0,yahoo
USVIX,2021-03-03,22.8,26.79,22.45,26.67,26.67,0,yahoo
USVIX,2021-03-04,26.52,31.9,24.93,28.57,28.57,0,yahoo
USVIX,2021-03-05,29.48,30.03,24.33,24.66,24.66,0,yahoo
USVIX,2021-03-08,27.61,28.39,24.07,25.47,25.47,0,yahoo
USVIX,2021-03-09,25.11,25.25,22.9,24.03,24.03,0,yahoo
USVIX,2021-03-10,23.76,23.87,22.38,22.56,22.56,0,yahoo
USVIX,2021-03-11,22.5,22.5,21.45,21.91,21.91,0,yahoo
USVIX,2021-03-12,22.57,22.99,20.63,20.69,20.69,0,yahoo
USVIX,2021-03-15,21.84,21.86,19.87,20.03,20.03,0,yahoo
USVIX,2021-03-16,20.14,20.31,19.33,19.79,19.79,0,yahoo
USVIX,2021-03-17,20.1,20.95,19.18,19.23,19.23,0,yahoo
USVIX,2021-03-18,18.95,22.6,18.95,21.58,21.58,0,yahoo
USVIX,2021-03-19,21.43,23.17,19.9,20.95,20.95,0,yahoo
USVIX,2021-03-22,21.91,22.29,18.87,18.88,18.88,0,yahoo
USVIX,2021-03-23,19.46,21.58,18.8,20.3,20.3,0,yahoo
USVIX,2021-03-24,20.64,21.49,19.3,21.2,21.2,0,yahoo
USVIX,2021-03-25,20.8,23.55,19.81,19.81,19.81,0,yahoo
USVIX,2021-03-26,19.32,21.49,18.68,18.86,18.86,0,yahoo
USVIX,2021-03-29,20.4,21.6,19.42,20.74,20.74,0,yahoo
USVIX,2021-03-30,20.76,21.75,19.47,19.61,19.61,0,yahoo
USVIX,2021-03-31,19.8,20.11,18.85,19.4,19.4,0,yahoo
USVIX,2021-04-01,18.6,18.64,17.29,17.33,17.33,0,yahoo
USVIX,2021-04-05,18.16,18.4,17.35,17.91,17.91,0,yahoo
USVIX,2021-04-06,18.07,18.3,17.37,18.12,18.12,0,yahoo
USVIX,2021-04-07,17.99,18.17,16.87,17.16,17.16,0,yahoo
USVIX,2021-04-08,16.92,17.36,16.55,16.95,16.95,0,yahoo
USVIX,2021-04-09,17.05,17.34,16.2,16.69,16.69,0,yahoo
USVIX,2021-04-12,17.43,17.91,16.81,16.91,16.91,0,yahoo
USVIX,2021-04-13,16.99,17.86,16.43,16.65,16.65,0,yahoo
USVIX,2021-04-14,16.71,17.69,15.38,16.99,16.99,0,yahoo
USVIX,2021-04-15,16.78,16.92,15.94,16.57,16.57,0,yahoo
USVIX,2021-04-16,16.65,16.88,16.05,16.25,16.25,0,yahoo
USVIX,2021-04-19,17.04,18.61,16.78,17.29,17.29,0,yahoo
USVIX,2021-04-20,17.36,19.7,17.24,18.68,18.68,0,yahoo
USVIX,2021-04-21,18.48,19.29,16.91,17.5,17.5,0,yahoo
USVIX,2021-04-22,17.28,19.9,16.99,18.71,18.71,0,yahoo
USVIX,2021-04-23,18.56,18.78,16.8,17.33,17.33,0,yahoo
USVIX,2021-04-26,17.94,18.17,16.87,17.64,17.64,0,yahoo
USVIX,2021-04-27,17.62,18.16,16.97,17.56,17.56,0,yahoo
USVIX,2021-04-28,17.47,17.84,16.67,17.28,17.28,0,yahoo
USVIX,2021-04-29,16.88,18.87,16.77,17.61,17.61,0,yahoo
USVIX,2021-04-30,17.67,19.25,17.64,18.61,18.61,0,yahoo
USVIX,2021-05-03,18.65,19.12,17.8,18.31,18.31,0,yahoo
USVIX,2021-05-04,18.16,21.85,18.11,19.48,19.48,0,yahoo
USVIX,2021-05-05,18.84,19.58,17.89,19.15,19.15,0,yahoo
USVIX,2021-05-06,18.41,20.6,18.21,18.39,18.39,0,yahoo
USVIX,2021-05-07,18.45,18.57,16.68,16.69,16.69,0,yahoo
USVIX,2021-05-10,17.34,19.75,17.07,19.66,19.66,0,yahoo
USVIX,2021-05-11,21.17,23.73,20.71,21.84,21.84,0,yahoo
USVIX,2021-05-12,22.42,28.38,21.66,27.59,27.59,0,yahoo
USVIX,2021-05-13,26.03,28.93,22.23,23.13,23.13,0,yahoo
USVIX,2021-05-14,21.77,22.1,18.66,18.81,18.81,0,yahoo
USVIX,2021-05-17,19.89,21.58,19.67,19.72,19.72,0,yahoo
USVIX,2021-05-18,18.89,21.45,18.81,21.34,21.34,0,yahoo
USVIX,2021-05-19,22.46,25.96,21.88,22.18,22.18,0,yahoo
USVIX,2021-05-20,22.33,23.5,20.19,20.67,20.67,0,yahoo
USVIX,2021-05-21,20.42,20.89,19.53,20.15,20.15,0,yahoo
USVIX,2021-05-24,20.5,20.51,18.38,18.4,18.4,0,yahoo
USVIX,2021-05-25,18.35,19.29,16.87,18.84,18.84,0,yahoo
USVIX,2021-05-26,18.37,18.92,17.35,17.36,17.36,0,yahoo
USVIX,2021-05-27,18.03,18.17,16.52,16.74,16.74,0,yahoo
USVIX,2021-05-28,16.8,16.86,15.9,16.76,16.76,0,yahoo
USVIX,2021-06-01,17.24,18.53,15.68,17.9,17.9,0,yahoo
USVIX,2021-06-02,17.86,18.31,16.74,17.48,17.48,0,yahoo
USVIX,2021-06-03,17.73,19.27,17.45,18.04,18.04,0,yahoo
USVIX,2021-06-04,18.09,18.42,16.18,16.42,16.42,0,yahoo
USVIX,2021-06-07,17.34,17.35,15.78,16.42,16.42,0,yahoo
USVIX,2021-06-08,16.58,17.75,15.15,17.07,17.07,0,yahoo
USVIX,2021-06-09,17.18,17.96,15.55,17.89,17.89,0,yahoo
USVIX,2021-06-10,18.18,18.29,16.01,16.1,16.1,0,yahoo
USVIX,2021-06-11,16.18,16.2,15.15,15.65,15.65,0,yahoo
USVIX,2021-06-14,16.04,17.04,15.04,16.39,16.39,0,yahoo
USVIX,2021-06-15,16.27,17.35,16.14,17.02,17.02,0,yahoo
USVIX,2021-06-16,16.99,19.11,16.42,18.15,18.15,0,yahoo
USVIX,2021-06-17,18.49,19.22,16.71,17.75,17.75,0,yahoo
USVIX,2021-06-18,16.96,21.04,16.92,20.7,20.7,0,yahoo
USVIX,2021-06-21,21.74,21.82,17.81,17.89,17.89,0,yahoo
USVIX,2021-06-22,17.91,18.32,15.76,16.66,16.66,0,yahoo
USVIX,2021-06-23,16.25,16.84,14.86,16.32,16.32,0,yahoo
USVIX,2021-06-24,15.99,16.05,14.19,15.97,15.97,0,yahoo
USVIX,2021-06-25,16.04,16.17,15.21,15.62,15.62,0,yahoo
USVIX,2021-06-28,16.07,16.46,15.39,15.76,15.76,0,yahoo
USVIX,2021-06-29,15.69,16.31,14.1,16.02,16.02,0,yahoo
USVIX,2021-06-30,16.18,17.31,15.58,15.83,15.83,0,yahoo
USVIX,2021-07-01,15.62,16.01,15.31,15.48,15.48,0,yahoo
USVIX,2021-07-02,15.53,15.54,14.25,15.07,15.07,0,yahoo
USVIX,2021-07-06,15.77,17.94,15.73,16.44,16.44,0,yahoo
USVIX,2021-07-07,16.43,17.64,16.08,16.2,16.2,0,yahoo
USVIX,2021-07-08,17.74,21.29,17.74,19,19,0,yahoo
USVIX,2021-07-09,17.88,18.13,16.08,16.18,16.18,0,yahoo
USVIX,2021-07-12,16.85,17.52,16.14,16.17,16.17,0,yahoo
USVIX,2021-07-13,16.39,17.23,15.94,17.12,17.12,0,yahoo
USVIX,2021-07-14,17.34,17.51,15.95,16.33,16.33,0,yahoo
USVIX,2021-07-15,16.7,18.09,16.56,17.01,17.01,0,yahoo
USVIX,2021-07-16,16.8,18.7,16.03,18.45,18.45,0,yahoo
USVIX,2021-07-19,19.61,25.09,19.27,22.5,22.5,0,yahoo
USVIX,2021-07-20,20.89,22.97,19.37,19.73,19.73,0,yahoo
USVIX,2021-07-21,19.73,19.82,17.81,17.91,17.91,0,yahoo
USVIX,2021-07-22,17.59,18.45,17.4,17.69,17.69,0,yahoo
USVIX,2021-07-23,16.98,17.48,16.33,17.2,17.2,0,yahoo
USVIX,2021-07-26,18.67,19.39,17.53,17.58,17.58,0,yahoo
USVIX,2021-07-27,18.62,20.44,18.25,19.36,19.36,0,yahoo
USVIX,2021-07-28,19.41,19.62,17.52,18.31,18.31,0,yahoo
USVIX,2021-07-29,17.91,18.01,17.19,17.7,17.7,0,yahoo
USVIX,2021-07-30,19.69,19.72,17.53,18.24,18.24,0,yahoo
USVIX,2021-08-02,18.16,19.87,17.99,19.46,19.46,0,yahoo
USVIX,2021-08-03,19.17,20.44,17.7,18.04,18.04,0,yahoo
USVIX,2021-08-04,18.23,18.9,17.67,17.97,17.97,0,yahoo
USVIX,2021-08-05,17.73,17.84,17.23,17.28,17.28,0,yahoo
USVIX,2021-08-06,17.46,17.5,16.14,16.15,16.15,0,yahoo
USVIX,2021-08-09,17.12,17.39,16.59,16.72,16.72,0,yahoo
USVIX,2021-08-10,16.82,17.05,16.34,16.79,16.79,0,yahoo
USVIX,2021-08-11,16.81,17.09,16.07,16.17,16.17,0,yahoo
USVIX,2021-08-12,16.33,16.42,15.49,15.59,15.59,0,yahoo
USVIX,2021-08-13,15.68,15.72,15.19,15.45,15.45,0,yahoo
USVIX,2021-08-16,17.05,17.71,16.02,16.12,16.12,0,yahoo
USVIX,2021-08-17,17.31,19.56,16.71,17.91,17.91,0,yahoo
USVIX,2021-08-18,17.56,21.64,17.31,21.57,21.57,0,yahoo
USVIX,2021-08-19,23.12,24.74,20.37,21.67,21.67,0,yahoo
USVIX,2021-08-20,22.74,23.9,18.18,18.56,18.56,0,yahoo
USVIX,2021-08-23,18.83,18.95,16.95,17.15,17.15,0,yahoo
USVIX,2021-08-24,16.96,17.51,16.94,17.22,17.22,0,yahoo
USVIX,2021-08-25,17.42,17.5,16.46,16.79,16.79,0,yahoo
USVIX,2021-08-26,17.46,19.27,17.16,18.84,18.84,0,yahoo
USVIX,2021-08-27,17.95,18.22,16.11,16.39,16.39,0,yahoo
USVIX,2021-08-30,16.77,16.8,15.98,16.19,16.19,0,yahoo
USVIX,2021-08-31,15.98,17.07,15.91,16.48,16.48,0,yahoo
USVIX,2021-09-01,16.06,16.71,15.68,16.11,16.11,0,yahoo
USVIX,2021-09-02,16.27,16.98,15.73,16.41,16.41,0,yahoo
USVIX,2021-09-03,16.27,17.06,16.08,16.41,16.41,0,yahoo
USVIX,2021-09-07,16.94,18.39,16.89,18.14,18.14,0,yahoo
USVIX,2021-09-08,18.97,19.64,17.78,17.96,17.96,0,yahoo
USVIX,2021-09-09,19.44,19.54,17.17,18.8,18.8,0,yahoo
USVIX,2021-09-10,17.94,21.13,16.99,20.95,20.95,0,yahoo
USVIX,2021-09-13,19.64,21.18,18.76,19.37,19.37,0,yahoo
USVIX,2021-09-14,19.58,20.47,18.39,19.46,19.46,0,yahoo
USVIX,2021-09-15,19.3,20.27,18.01,18.18,18.18,0,yahoo
USVIX,2021-09-16,18.41,19.76,17.65,18.69,18.69,0,yahoo
USVIX,2021-09-17,18.37,21.51,18.35,20.81,20.81,0,yahoo
USVIX,2021-09-20,24.25,28.79,23.9,25.71,25.71,0,yahoo
USVIX,2021-09-21,23.41,25.6,21.71,24.36,24.36,0,yahoo
USVIX,2021-09-22,22.72,23.4,20.75,20.87,20.87,0,yahoo
USVIX,2021-09-23,19.91,20.21,18.42,18.63,18.63,0,yahoo
USVIX,2021-09-24,19.33,20.41,17.63,17.75,17.75,0,yahoo
USVIX,2021-09-27,17.78,19.32,17.74,18.76,18.76,0,yahoo
USVIX,2021-09-28,19.74,24.82,19.71,23.25,23.25,0,yahoo
USVIX,2021-09-29,22.07,23.79,21.45,22.56,22.56,0,yahoo
USVIX,2021-09-30,21.48,24.71,20.6,23.14,23.14,0,yahoo
USVIX,2021-10-01,24.78,24.89,20.85,21.1,21.1,0,yahoo
USVIX,2021-10-04,22.9,24.58,21.88,22.96,22.96,0,yahoo
USVIX,2021-10-05,22.92,23.17,20.62,21.3,21.3,0,yahoo
USVIX,2021-10-06,22.95,24.4,20.99,21,21,0,yahoo
USVIX,2021-10-07,20.54,20.76,19.07,19.54,19.54,0,yahoo
USVIX,2021-10-08,19.46,19.94,18.2,18.77,18.77,0,yahoo
USVIX,2021-10-11,19.93,20.45,18.11,20,20,0,yahoo
USVIX,2021-10-12,20.62,20.81,18.97,19.85,19.85,0,yahoo
USVIX,2021-10-13,20.14,20.23,18.44,18.64,18.64,0,yahoo
USVIX,2021-10-14,18.01,18.08,16.8,16.86,16.86,0,yahoo
USVIX,2021-10-15,16.64,16.85,15.72,16.3,16.3,0,yahoo
USVIX,2021-10-18,17.29,17.93,16.27,16.31,16.31,0,yahoo
USVIX,2021-10-19,16.09,16.31,15.57,15.7,15.7,0,yahoo
USVIX,2021-10-20,15.82,15.89,15.29,15.49,15.49,0,yahoo
USVIX,2021-10-21,16.06,16.11,14.92,15.01,15.01,0,yahoo
USVIX,2021-10-22,15.35,16.39,14.84,15.43,15.43,0,yahoo
USVIX,2021-10-25,16.14,16.33,15.1,15.24,15.24,0,yahoo
USVIX,2021-10-26,15.02,16.71,14.9,15.98,15.98,0,yahoo
USVIX,2021-10-27,15.79,17.29,15.54,16.98,16.98,0,yahoo
USVIX,2021-10-28,17.06,17.16,16.23,16.53,16.53,0,yahoo
USVIX,2021-10-29,17.4,18.06,16.13,16.26,16.26,0,yahoo
USVIX,2021-11-01,16.85,17.7,16.32,16.41,16.41,0,yahoo
USVIX,2021-11-02,16.54,16.65,15.89,16.03,16.03,0,yahoo
USVIX,2021-11-03,16.11,16.39,14.9,15.1,15.1,0,yahoo
USVIX,2021-11-04,15.06,16.14,14.73,15.44,15.44,0,yahoo
USVIX,2021-11-05,15.59,17.02,14.95,16.48,16.48,0,yahoo
USVIX,2021-11-08,17.23,17.69,16.44,17.22,17.22,0,yahoo
USVIX,2021-11-09,17.43,18.57,17.21,17.78,17.78,0,yahoo
USVIX,2021-11-10,17.74,19.9,17.22,18.73,18.73,0,yahoo
USVIX,2021-11-11,18.34,18.39,17.27,17.66,17.66,0,yahoo
USVIX,2021-11-12,17.49,17.69,16.15,16.29,16.29,0,yahoo
USVIX,2021-11-15,17.03,17.46,16.49,16.49,16.49,0,yahoo
USVIX,2021-11-16,16.86,17.08,16.03,16.37,16.37,0,yahoo
USVIX,2021-11-17,16.36,17.19,16.28,17.11,17.11,0,yahoo
USVIX,2021-11-18,16.81,18.15,16.38,17.59,17.59,0,yahoo
USVIX,2021-11-19,17.36,19.01,17.23,17.91,17.91,0,yahoo
USVIX,2021-11-22,18.2,19.59,17.35,19.17,19.17,0,yahoo
USVIX,2021-11-23,20.24,20.91,19.03,19.38,19.38,0,yahoo
USVIX,2021-11-24,19.17,20.96,18.52,18.58,18.58,0,yahoo
USVIX,2021-11-26,26.62,28.99,23.88,28.62,28.62,0,yahoo
USVIX,2021-11-29,25.31,25.69,21.71,22.96,22.96,0,yahoo
USVIX,2021-11-30,26.23,28.56,23.71,27.19,27.19,0,yahoo
USVIX,2021-12-01,24.92,32.61,22.38,31.12,31.12,0,yahoo
USVIX,2021-12-02,29.44,30.68,27.15,27.95,27.95,0,yahoo
USVIX,2021-12-03,26.95,35.32,25.89,30.67,30.67,0,yahoo
USVIX,2021-12-06,28.99,30.82,26.75,27.18,27.18,0,yahoo
USVIX,2021-12-07,24.58,24.69,21.58,21.89,21.89,0,yahoo
USVIX,2021-12-08,21.74,23.11,19.85,19.9,19.9,0,yahoo
USVIX,2021-12-09,20.31,22.12,19.94,21.58,21.58,0,yahoo
USVIX,2021-12-10,21.27,21.3,18.69,18.69,18.69,0,yahoo
USVIX,2021-12-13,19.29,21.18,18.96,20.31,20.31,0,yahoo
USVIX,2021-12-14,19.67,23,19.67,21.89,21.89,0,yahoo
USVIX,2021-12-15,21.6,23.47,19.02,19.29,19.29,0,yahoo
USVIX,2021-12-16,18.56,22.13,18.19,20.57,20.57,0,yahoo
USVIX,2021-12-17,20.7,23.26,20.49,21.57,21.57,0,yahoo
USVIX,2021-12-20,25.89,27.39,22.85,22.87,22.87,0,yahoo
USVIX,2021-12-21,22.28,22.68,20.9,21.01,21.01,0,yahoo
USVIX,2021-12-22,21.04,21.36,18.59,18.63,18.63,0,yahoo
USVIX,2021-12-23,18.81,18.93,17.62,17.96,17.96,0,yahoo
USVIX,2021-12-27,19.37,19.41,17.55,17.68,17.68,0,yahoo
USVIX,2021-12-28,17.78,18.47,17.51,17.54,17.54,0,yahoo
USVIX,2021-12-29,17.63,18,16.71,16.95,16.95,0,yahoo
USVIX,2021-12-30,17.3,17.79,16.62,17.33,17.33,0,yahoo
USVIX,2021-12-31,17.63,18.27,16.99,17.22,17.22,0,yahoo
