symbol,date,open,high,low,close,adj_close,volume,source
BANKNIFTY,2022-01-03,35585.1992,36492.1016,35526.6016,36421.8984,36421.4766,219000,yahoo
BANKNIFTY,2022-01-04,36551.25,36887.8008,36374.3984,36840.1484,36839.7188,190500,yahoo
BANKNIFTY,2022-01-05,36943.5508,37862.3984,36756.3516,37695.8984,37695.4609,237400,yahoo
BANKNIFTY,2022-01-06,37242.5508,37752.5,37058.4492,37490.25,37489.8125,199000,yahoo
BANKNIFTY,2022-01-07,37667.0508,38134.8516,37427.8008,37739.6016,37739.1641,183300,yahoo
BANKNIFTY,2022-01-10,37930.5508,38400.3516,37929.3516,38347.8984,38347.4531,206500,yahoo
BANKNIFTY,2022-01-11,38370,38504.6016,38031.75,38442.1992,38441.7539,159500,yahoo
BANKNIFTY,2022-01-12,38719.6016,38851.4492,38604.6016,38727.5508,38727.1016,156100,yahoo
BANKNIFTY,2022-01-13,38717.5508,38717.5508,38376.1484,38469.9492,38469.5039,159200,yahoo
BANKNIFTY,2022-01-14,38302.3516,38448.0508,38007.75,38370.3984,38369.9531,148600,yahoo
BANKNIFTY,2022-01-17,38212.5508,38617.5,38138.25,38216.1484,38215.7031,140300,yahoo
BANKNIFTY,2022-01-18,38337.3984,38855.5508,38095.3984,38210.3008,38209.8555,168800,yahoo
BANKNIFTY,2022-01-19,38145.75,38330.5,37769.25,38041.3516,38040.9102,165300,yahoo
BANKNIFTY,2022-01-20,38106.1016,38167.9492,37591.8516,37850.8516,37850.4102,149600,yahoo
BANKNIFTY,2022-01-21,37522.3516,37741,37224.25,37574.3008,37573.8633,157800,yahoo
BANKNIFTY,2022-01-24,37601.9492,37694.6992,36375.3516,36947.5508,36947.1211,231000,yahoo
BANKNIFTY,2022-01-25,36598.0508,37788.8008,36415.6016,37706.75,37706.3125,267500,yahoo
BANKNIFTY,2022-01-27,37058.1992,38147.6484,37012.25,37982.1016,37981.6602,346300,yahoo
BANKNIFTY,2022-01-28,38246.6016,38421.6992,37581.5,37689.3984,37688.9609,294300,yahoo
BANKNIFTY,2022-01-31,38091.8008,38217.25,37647.8516,37975.3516,37974.9102,217800,yahoo
BANKNIFTY,2022-02-01,38460.4492,38802.6992,37690.6016,38505.5,38505.0508,234100,yahoo
BANKNIFTY,2022-02-02,38841.5508,39386.6016,38752.6484,39330.5,39330.043,252600,yahoo
BANKNIFTY,2022-02-03,39255.6992,39424.8516,38861.1484,39010,39009.5469,193800,yahoo
BANKNIFTY,2022-02-04,39128,39278.6016,38562.6016,38789.3516,38788.9023,163100,yahoo
BANKNIFTY,2022-02-07,38592.0508,38837.5508,37802.6992,37995.4492,37995.0078,241900,yahoo
BANKNIFTY,2022-02-08,38176.1016,38222.1016,37319.0508,38028.4492,38028.0078,200200,yahoo
BANKNIFTY,2022-02-09,38283.6016,38648.1484,38192,38610.25,38609.8008,124900,yahoo
BANKNIFTY,2022-02-10,38801.4492,39197.1992,38520,39010.9492,39010.4961,147800,yahoo
BANKNIFTY,2022-02-11,38567.6484,38790.25,38396.3984,38517.25,38516.8008,155000,yahoo
BANKNIFTY,2022-02-14,37664,37796.5508,36828.0508,36908.5508,36908.1211,213800,yahoo
BANKNIFTY,2022-02-15,36989.8008,38231.6016,36651.8516,38170.1016,38169.6562,193000,yahoo
BANKNIFTY,2022-02-16,38296.5,38461.6992,37762.8008,37953.8008,37953.3594,170100,yahoo
BANKNIFTY,2022-02-17,38042.1016,38124.5,37425.6016,37531.6484,37531.2109,136300,yahoo
BANKNIFTY,2022-02-18,37344.4492,37817.5508,37304.4492,37599.1484,37598.7109,113500,yahoo
BANKNIFTY,2022-02-21,37400,38054.3984,37156.8008,37685.6016,37685.1641,143300,yahoo
BANKNIFTY,2022-02-22,36833,37659.3984,36818.1016,37371.6484,37371.2148,159400,yahoo
BANKNIFTY,2022-02-23,37628.5508,37774.6016,37318,37392.0508,37391.6172,137300,yahoo
BANKNIFTY,2022-02-24,36085.1992,36709.1484,34991.3516,35228.1016,35227.6914,427800,yahoo
BANKNIFTY,2022-02-25,35901.6992,36684.6484,35768.1992,36430.75,36430.3281,372800,yahoo
BANKNIFTY,2022-02-28,35938.9492,36270.25,35611.8984,36205.3008,36204.8789,238300,yahoo
BANKNIFTY,2022-03-02,35381.8984,35553.6992,34897.4492,35372.8008,35372.3906,211300,yahoo
BANKNIFTY,2022-03-03,35621.1484,35804.1484,34721.1484,34944.3008,34943.8945,172500,yahoo
BANKNIFTY,2022-03-04,34526.1016,35097.75,34094.1016,34407.8008,34407.4023,194500,yahoo
BANKNIFTY,2022-03-07,33278.1484,33543.3008,32376.5,32871.25,32870.8672,248900,yahoo
BANKNIFTY,2022-03-08,32531.9004,33263.5508,32155.3496,33158.1016,33157.7148,276800,yahoo
BANKNIFTY,2022-03-09,33278.8984,33969.5,32948.8984,33815.4492,33815.0547,258500,yahoo
BANKNIFTY,2022-03-10,35153.9492,35374.1484,34218.0508,34475.6016,34475.1992,273900,yahoo
BANKNIFTY,2022-03-11,34331,34880.0508,34094.3008,34546.25,34545.8477,169500,yahoo
BANKNIFTY,2022-03-14,34660.25,35435.1016,34625.0508,35312.1484,35311.7383,193300,yahoo
BANKNIFTY,2022-03-15,35467.9492,35643.8008,34706.0508,35022.6484,35022.2422,224200,yahoo
BANKNIFTY,2022-03-16,35555.75,35806.3516,35461.5508,35748.25,35747.8359,173800,yahoo
BANKNIFTY,2022-03-17,36302,36611.9492,36261.6484,36428.5508,36428.1289,182000,yahoo
BANKNIFTY,2022-03-21,36545.8516,36600.1992,35900.1992,36018.5,36018.082,128700,yahoo
BANKNIFTY,2022-03-22,35975.6016,36468.8008,35384.75,36348.5508,36348.1289,202900,yahoo
BANKNIFTY,2022-03-23,36627.6992,36827.6016,36064.75,36147.3516,36146.9297,197900,yahoo
BANKNIFTY,2022-03-24,35633.6992,35957.6992,35421.6992,35527.1016,35526.6875,205200,yahoo
BANKNIFTY,2022-03-25,35700.3984,35717.3984,35203.8516,35410.1016,35409.6914,157000,yahoo
BANKNIFTY,2022-03-28,35488.6992,35770.8008,35016.3008,35710.5,35710.0859,197000,yahoo
BANKNIFTY,2022-03-29,35931.75,35977.1992,35506.5508,35847.3984,35846.9805,177100,yahoo
BANKNIFTY,2022-03-30,36241.5508,36421.1016,36070.5508,36334.3008,36333.8789,325600,yahoo
BANKNIFTY,2022-03-31,36457.1992,36590.8516,36278.1484,36373.6016,36373.1797,188100,yahoo
BANKNIFTY,2022-04-01,36298.3516,37209.8008,36242.3516,37148.5,37148.0664,245700,yahoo
BANKNIFTY,2022-04-04,37824.9492,38765.8516,37665.5508,38635.1992,38634.75,309200,yahoo
BANKNIFTY,2022-04-05,38731.3008,38759.25,37935.9492,38067.8984,38067.457,220600,yahoo
BANKNIFTY,2022-04-06,37711.3008,37868.5,37513.8516,37632.8008,37632.3633,198800,yahoo
BANKNIFTY,2022-04-07,37421.75,37975.8984,37346.8008,37557.3516,37556.9141,245000,yahoo
BANKNIFTY,2022-04-08,37619.6992,37884.1992,37405.1992,37752.0508,37751.6133,202200,yahoo
BANKNIFTY,2022-04-11,37591.75,37941.75,37524.4492,37613.8008,37613.3633,132100,yahoo
BANKNIFTY,2022-04-12,37407.3984,37920.6016,37264.4492,37747.3984,37746.9609,171000,yahoo
BANKNIFTY,2022-04-13,37887.3008,37988.6016,37408.1992,37463.3984,37462.9648,143300,yahoo
BANKNIFTY,2022-04-18,36833.1484,36965.8516,36441.3516,36729,36728.5742,182900,yahoo
BANKNIFTY,2022-04-19,36806.8008,37123.5508,35926.3008,36341.6016,36341.1797,216300,yahoo
BANKNIFTY,2022-04-20,36482.6016,36513.8516,36114.0508,36314.8984,36314.4766,153400,yahoo
BANKNIFTY,2022-04-21,36513.1016,36913.3516,36395.6992,36816.1016,36815.6719,132700,yahoo
BANKNIFTY,2022-04-22,36514.1484,36578.9492,35991.5,36044.75,36044.332,140100,yahoo
BANKNIFTY,2022-04-25,35792.3516,36270.1484,35511.3984,36082.3516,36081.9336,183100,yahoo
BANKNIFTY,2022-04-26,36515.3516,36604.5508,36265.8984,36404.8008,36404.3789,143400,yahoo
BANKNIFTY,2022-04-27,36067.5508,36175.8984,35747.1484,36028.8516,36028.4336,134200,yahoo
BANKNIFTY,2022-04-28,36189.9492,36501.1016,35951.1016,36422.1992,36421.7773,137300,yahoo
BANKNIFTY,2022-04-29,36474.0508,36718.8008,35978.9492,36088.1484,36087.7305,172700,yahoo
BANKNIFTY,2022-05-02,35627.6016,36235.25,35618.1992,36163.75,36163.3281,170200,yahoo
BANKNIFTY,2022-05-04,36266.1484,36309.3008,35127.8516,35264.5508,35264.1406,214600,yahoo
BANKNIFTY,2022-05-05,35705.3516,35934.8516,35133.8008,35232.8516,35232.4414,167300,yahoo
BANKNIFTY,2022-05-06,34569.1016,34797.9492,34353.1992,34591.1992,34590.7969,199200,yahoo
BANKNIFTY,2022-05-09,34091.75,34554.3516,33927.1992,34275.3984,34275,179900,yahoo
BANKNIFTY,2022-05-10,34181.1992,34781.8008,34176.8008,34482.6484,34482.2461,138000,yahoo
BANKNIFTY,2022-05-11,34686.3008,34793.1992,34143.1992,34693.1484,34692.7461,179500,yahoo
BANKNIFTY,2022-05-12,34289.1016,34341.1992,33297.6484,33532.1484,33531.7578,382100,yahoo
BANKNIFTY,2022-05-13,33925.9492,34002.1992,33007.8984,33121.3516,33120.9648,272700,yahoo
BANKNIFTY,2022-05-16,33256,33821.6484,33001.75,33597.6016,33597.2109,195100,yahoo
BANKNIFTY,2022-05-17,33796.1992,34366.0508,33680.6016,34301.8984,34301.5,161500,yahoo
BANKNIFTY,2022-05-18,34448.1992,34655.8008,34134.6992,34163.6992,34163.3008,146800,yahoo
BANKNIFTY,2022-05-19,33461,33633.9492,33180.6016,33315.6484,33315.2617,150400,yahoo
BANKNIFTY,2022-05-20,33765.1484,34358.0508,33658.0508,34276.3984,34276,129400,yahoo
BANKNIFTY,2022-05-23,34321.3984,34819.9492,34117.3516,34247.6016,34247.2031,156000,yahoo
BANKNIFTY,2022-05-24,34223.1992,34586.4492,34115.8008,34290.1484,34289.75,163700,yahoo
BANKNIFTY,2022-05-25,34491.8008,34722.6016,34285.8008,34339.5,34339.1016,153600,yahoo
BANKNIFTY,2022-05-26,34670.6016,35222.0508,34424.75,35094.8984,35094.4922,191500,yahoo
BANKNIFTY,2022-05-27,35326.6016,35694.8516,35291.9492,35613.3008,35612.8867,132600,yahoo
BANKNIFTY,2022-05-30,35958.8008,36083.6992,35748.4492,35826.9492,35826.5312,127000,yahoo
BANKNIFTY,2022-05-31,35615.3008,35881.9492,35288.9492,35487.3984,35486.9844,149300,yahoo
BANKNIFTY,2022-06-01,35358.9492,35768.6992,35285.4492,35620.8008,35620.3867,100800,yahoo
BANKNIFTY,2022-06-02,35470.9492,35676.1992,35385,35613.6484,35613.2344,140700,yahoo
BANKNIFTY,2022-06-03,35929.5508,35958.4492,35175.1016,35275.0508,35274.6406,104800,yahoo
BANKNIFTY,2022-06-06,35159.1484,35424.5,35072.3008,35310.1992,35309.7891,100800,yahoo
BANKNIFTY,2022-06-07,35080.8008,35154.3008,34834.3984,34996,34995.5938,91600,yahoo
BANKNIFTY,2022-06-08,35165.6484,35449.8984,34831.75,34946.1484,34945.7422,124600,yahoo
BANKNIFTY,2022-06-09,34802.25,35149.1016,34659.1016,35085.4492,35085.043,100900,yahoo
BANKNIFTY,2022-06-10,34686.9492,34752.4492,34346.6484,34483.8008,34483.3984,90000,yahoo
BANKNIFTY,2022-06-13,33728.6484,33774.0508,33210.3516,33405.8516,33405.4648,131900,yahoo
BANKNIFTY,2022-06-14,33180.6016,33618.1484,33123.8984,33311.3516,33310.9648,113200,yahoo
BANKNIFTY,2022-06-15,33317.8008,33554.5508,33249.5508,33339,33338.6133,90800,yahoo
BANKNIFTY,2022-06-16,33648.8008,33756.5,32537.9492,32617.0996,32616.7207,129500,yahoo
BANKNIFTY,2022-06-17,32393.4492,32889.8008,32290.5508,32743.0508,32742.6699,139800,yahoo
BANKNIFTY,2022-06-20,32873.3984,32926.1016,32426.4004,32684.8008,32684.4199,144400,yahoo
BANKNIFTY,2022-06-21,32978.0508,33593.8008,32797.5508,33191.75,33191.3633,258100,yahoo
BANKNIFTY,2022-06-22,33051.6484,33106.9492,32758.1504,32845.3008,32844.918,135000,yahoo
BANKNIFTY,2022-06-23,32927.3984,33431.75,32652.1504,33135,33134.6133,193100,yahoo
BANKNIFTY,2022-06-24,33434.8008,33721.8984,33390.8516,33627.4492,33627.0586,149800,yahoo
BANKNIFTY,2022-06-27,34126.1992,34147.5,33735.5,33811.25,33810.8555,111400,yahoo
BANKNIFTY,2022-06-28,33578.1992,33745.3008,33503.3008,33642.4492,33642.0586,125000,yahoo
BANKNIFTY,2022-06-29,33273.5508,33422.8008,33185.25,33269.8984,33269.5117,140800,yahoo
BANKNIFTY,2022-06-30,33180.6992,33659.3008,33179.6016,33425.1016,33424.7148,149500,yahoo
BANKNIFTY,2022-07-01,33264.75,33666.5,33080.4492,33539.4492,33539.0586,149900,yahoo
BANKNIFTY,2022-07-04,33558.8516,33978.5,33515.6016,33940.8984,33940.5039,152600,yahoo
BANKNIFTY,2022-07-05,34084.6992,34361.0508,33757,33815.8984,33815.5039,115000,yahoo
BANKNIFTY,2022-07-06,33929.3984,34388.5,33876.1484,34324.25,34323.8516,122700,yahoo
BANKNIFTY,2022-07-07,34627.3984,34965.75,34553.1016,34920.3008,34919.8945,184000,yahoo
BANKNIFTY,2022-07-08,35258.8984,35262.1016,34977.75,35124.0508,35123.6406,109000,yahoo
BANKNIFTY,2022-07-11,35017.6016,35543.1016,35006.5508,35469.6484,35469.2344,130600,yahoo
BANKNIFTY,2022-07-12,35298.6992,35419.6484,35047.5,35132.25,35131.8398,113400,yahoo
BANKNIFTY,2022-07-13,35259.8008,35308.1484,34757.6016,34827.8008,34827.3945,103400,yahoo
BANKNIFTY,2022-07-14,34817.9492,35027.6016,34558.4492,34651.1992,34650.7969,121300,yahoo
BANKNIFTY,2022-07-15,34734.4492,34899.9492,34463.8984,34682.6484,34682.2461,99100,yahoo
BANKNIFTY,2022-07-18,34841.8516,35382.5,34804.3984,35358.6992,35358.2891,146600,yahoo
BANKNIFTY,2022-07-19,35113.25,35761.6484,35110.5,35720.3516,35719.9375,183400,yahoo
BANKNIFTY,2022-07-20,36061.3008,36182.6992,35876.5508,35972.1016,35971.6836,173400,yahoo
BANKNIFTY,2022-07-21,36026.5508,36331.6992,35887.3516,36201,36200.5781,153800,yahoo
BANKNIFTY,2022-07-22,36322.8984,36823.4492,36286.3516,36738.9492,36738.5234,143600,yahoo
BANKNIFTY,2022-07-25,36766.6992,37011.1992,36464.6484,36726.3984,36725.9727,139700,yahoo
BANKNIFTY,2022-07-26,36688.5508,36695.75,36334.1016,36408.5,36408.0781,114000,yahoo
BANKNIFTY,2022-07-27,36370.5508,36808.3008,36248.6016,36783.75,36783.3242,113100,yahoo
BANKNIFTY,2022-07-28,37102.4492,37414.3984,37028.5,37378.1484,37377.7148,172500,yahoo
BANKNIFTY,2022-07-29,37717.3008,37754.6484,37221.1484,37491.3984,37490.9609,166900,yahoo
BANKNIFTY,2022-08-01,37594.1484,37939.6016,37407.1992,37903.1992,37902.7578,346400,yahoo
BANKNIFTY,2022-08-02,37767.6992,38179.8516,37632.3008,38024,38023.5586,317300,yahoo
BANKNIFTY,2022-08-03,37954.5508,38068.6016,37692.9492,37989.25,37988.8086,200300,yahoo
BANKNIFTY,2022-08-04,38111.0508,38231.8516,37249.5,37755.5508,37755.1133,186300,yahoo
BANKNIFTY,2022-08-05,37868.25,38150.4492,37779.8984,37920.6016,37920.1602,175900,yahoo
BANKNIFTY,2022-08-08,37847.3516,38302.3516,37681.4492,38237.3984,38236.9531,174100,yahoo
BANKNIFTY,2022-08-10,38298.8516,38402.9492,38155.3008,38287.8516,38287.4062,163900,yahoo
BANKNIFTY,2022-08-11,38712.9492,38932.1016,38648.8984,38879.8516,38879.3984,200900,yahoo
BANKNIFTY,2022-08-12,38942.4492,39088.8984,38739.9492,39042.3008,39041.8477,125300,yahoo
BANKNIFTY,2022-08-16,39284.1016,39444.6016,39119.8984,39239.6484,39239.1914,0,yahoo
BANKNIFTY,2022-08-17,39351.3008,39504.5,39202.8008,39461.6992,39461.2422,169800,yahoo
BANKNIFTY,2022-08-18,39324.3984,39703.6992,39291.1484,39656.1484,39655.6875,137200,yahoo
BANKNIFTY,2022-08-19,39732.6484,39759.1484,38848.3984,38985.9492,38985.4961,148100,yahoo
BANKNIFTY,2022-08-22,38693.6484,38732.8516,38247.25,38297.75,38297.3047,124300,yahoo
BANKNIFTY,2022-08-23,37955.4492,38869.8984,37950.8516,38697.6484,38697.1992,176400,yahoo
BANKNIFTY,2022-08-24,38552.6992,39120.8008,38552.1992,39038.5,39038.0469,214900,yahoo
BANKNIFTY,2022-08-25,39190.0508,39471.75,38803.6992,38950.75,38950.2969,333400,yahoo
BANKNIFTY,2022-08-26,39129.6484,39337.1016,38846.8008,38987.1484,38986.6953,196300,yahoo
BANKNIFTY,2022-08-29,38111.6016,38397.1016,37943.8516,38276.6992,38276.2539,158000,yahoo
BANKNIFTY,2022-08-30,38516.9492,39606.5508,38472.6992,39536.75,39536.2891,176800,yahoo
BANKNIFTY,2022-09-01,38806.6992,39667.6484,38803.3008,39301.25,39300.793,191200,yahoo
BANKNIFTY,2022-09-02,39422.3008,39595.8516,39200.4492,39421,39420.543,133900,yahoo
BANKNIFTY,2022-09-05,39412.0508,39865.1992,39407.3984,39805.75,39805.2891,214100,yahoo
BANKNIFTY,2022-09-06,39892.9492,40073.75,39564.3008,39666.5,39666.0391,210200,yahoo
BANKNIFTY,2022-09-07,39337.75,39572.0508,39258.25,39455.8984,39455.4414,138900,yahoo
BANKNIFTY,2022-09-08,39763.8984,40265.75,39706.3984,40208.9492,40208.4805,203800,yahoo
BANKNIFTY,2022-09-09,40520.75,40685.9492,40280.3008,40415.6992,40415.2305,207000,yahoo
BANKNIFTY,2022-09-12,40540.4492,40684.8984,40377.8984,40574,40573.5273,147000,yahoo
BANKNIFTY,2022-09-13,40802.1016,40904.3008,40693.9492,40873.1016,40872.625,176400,yahoo
BANKNIFTY,2022-09-14,40308.8008,41626.8984,40288.8984,41405.3984,41404.918,218400,yahoo
BANKNIFTY,2022-09-15,41533.6992,41840.1484,41153.5,41209.1992,41208.7188,245300,yahoo
BANKNIFTY,2022-09-16,40977.1992,41162.5,40502.0508,40776.8008,40776.3281,244200,yahoo
BANKNIFTY,2022-09-19,40685.6016,41184.25,40509.8984,40904.3984,40903.9219,206000,yahoo
BANKNIFTY,2022-09-20,41304.1484,41677.6484,41207.3008,41468.3008,41467.8203,175200,yahoo
BANKNIFTY,2022-09-21,41282.6016,41501.6992,40889.1484,41203.4492,41202.9688,151300,yahoo
BANKNIFTY,2022-09-22,40889.0508,41159.1992,40360.1992,40630.6016,40630.1289,209500,yahoo
BANKNIFTY,2022-09-23,40429.3516,40528.3984,39412.6992,39546.25,39545.7891,226200,yahoo
BANKNIFTY,2022-09-26,39027.8516,39229.3984,38492.1992,38616.25,38615.8008,241800,yahoo
BANKNIFTY,2022-09-27,38811.6992,39050.5,38184.8984,38359.1484,38358.7031,168700,yahoo
BANKNIFTY,2022-09-28,38081.25,38368.8008,37626.1992,37759.8516,37759.4141,210600,yahoo
BANKNIFTY,2022-09-29,38092.8516,38283.3984,37536.6484,37647.75,37647.3125,253000,yahoo
BANKNIFTY,2022-09-30,37660,38811,37386.3516,38631.9492,38631.5,246100,yahoo
BANKNIFTY,2022-10-03,38444.8984,38641.6016,37963.25,38029.6484,38029.207,172900,yahoo
BANKNIFTY,2022-10-04,38700.3984,39177.5,38596.8984,39110.0508,39109.5977,241100,yahoo
BANKNIFTY,2022-10-06,39343.6992,39608.3516,39232.8984,39282.8516,39282.3945,158800,yahoo
BANKNIFTY,2022-10-07,39093.5,39235.0508,38807.5,39178.0508,39177.5938,165000,yahoo
BANKNIFTY,2022-10-10,38641.5508,39315.6992,38518.3008,39093.1016,39092.6484,159700,yahoo
BANKNIFTY,2022-10-11,39058.8516,39174.9492,38622.75,38712.4492,38712,177600,yahoo
BANKNIFTY,2022-10-12,38784.1992,39164.1016,38606.3984,39118.5508,39118.0977,195800,yahoo
BANKNIFTY,2022-10-13,38957.6484,39061.3008,38437.9492,38624,38623.5508,158900,yahoo
BANKNIFTY,2022-10-14,39446.0508,39570.8516,39196.3008,39305.6016,39305.1445,185600,yahoo
BANKNIFTY,2022-10-17,39295.6016,39974.6992,39146.6992,39920.4492,39919.9844,201600,yahoo
BANKNIFTY,2022-10-18,40252.0508,40435.3516,40139.8516,40318.75,40318.2812,245200,yahoo
BANKNIFTY,2022-10-19,40556.6484,40643.6016,40195.1992,40373.1992,40372.7305,232900,yahoo
BANKNIFTY,2022-10-20,40149.5,40208.3516,39848.8516,40099.5508,40099.0859,262800,yahoo
BANKNIFTY,2022-10-21,40370.75,41032.25,40355.4492,40784.0508,40783.5781,324200,yahoo
BANKNIFTY,2022-10-24,41348.3516,41427.25,41201.1484,41304.8984,41304.418,74300,yahoo
BANKNIFTY,2022-10-25,41513.6484,41530.6484,41021.4492,41122.75,41122.2734,351800,yahoo
BANKNIFTY,2022-10-27,41440.6992,41511.8008,41178.6484,41299.3008,41298.8203,239400,yahoo
BANKNIFTY,2022-10-28,41236.8008,41482.3984,40839.3008,40990.8516,40990.375,237100,yahoo
BANKNIFTY,2022-10-31,41265.6992,41353.6992,41106.1016,41307.8984,41307.418,237200,yahoo
BANKNIFTY,2022-11-01,41552.3984,41677.25,41188.5508,41289.5508,41289.0703,304400,yahoo
BANKNIFTY,2022-11-02,41472.6016,41474.3008,41060.4492,41146.6484,41146.1719,175800,yahoo
BANKNIFTY,2022-11-03,40873.6992,41478,40819.1484,41298.3516,41297.8711,263600,yahoo
BANKNIFTY,2022-11-04,41314.8516,41516.1992,41051.1484,41258.4492,41257.9688,190400,yahoo
BANKNIFTY,2022-11-07,41740.6484,41779.3984,41337.0508,41686.6992,41686.2148,393400,yahoo
BANKNIFTY,2022-11-09,41914.8516,41948.8984,41667.8984,41783.1992,41782.7148,490500,yahoo
BANKNIFTY,2022-11-10,41462.8516,41643.8984,41318.6016,41603.75,41603.2656,253400,yahoo
BANKNIFTY,2022-11-11,42163.3984,42345.5,41918.1016,42137.0508,42136.5625,255400,yahoo
BANKNIFTY,2022-11-14,42177.5508,42231.4492,41965.4492,42076.75,42076.2617,142700,yahoo
BANKNIFTY,2022-11-15,42234.8516,42450.0508,42079.5508,42372.6992,42372.207,139400,yahoo
BANKNIFTY,2022-11-16,42371.8008,42611.75,42296.3008,42535.3008,42534.8047,185400,yahoo
BANKNIFTY,2022-11-17,42399.6484,42622.75,42366.5508,42458.0508,42457.5586,165400,yahoo
BANKNIFTY,2022-11-18,42545.75,42590.75,42223.6992,42437.4492,42436.957,280100,yahoo
BANKNIFTY,2022-11-21,42286.9492,42386.8008,42202.5508,42346.5508,42346.0586,259100,yahoo
BANKNIFTY,2022-11-22,42467.3984,42508.75,42347.1484,42457.0508,42456.5586,216300,yahoo
BANKNIFTY,2022-11-23,42668.5508,42860.5508,42556.3984,42729.1016,42728.6055,359100,yahoo
BANKNIFTY,2022-11-24,42838.3516,43163.3984,42769.6484,43075.3984,43074.8984,204900,yahoo
BANKNIFTY,2022-11-25,43192.4492,43339.1484,42864.9492,42983.9492,42983.4492,502800,yahoo
BANKNIFTY,2022-11-28,42757.1992,43159.8008,42740,43020.4492,43019.9492,238700,yahoo
BANKNIFTY,2022-11-29,42959.3984,43279.6016,42959.3984,43053.4492,43052.9492,223000,yahoo
BANKNIFTY,2022-11-30,43122.75,43332.3008,42880.0508,43231,43230.4961,202000,yahoo
BANKNIFTY,2022-12-01,43512.1016,43515.0508,43101.8516,43260.6484,43260.1445,268400,yahoo
BANKNIFTY,2022-12-02,42976.6992,43131.8984,42937.8008,43103.75,43103.25,212800,yahoo
BANKNIFTY,2022-12-05,43269.3516,43372.1484,42985,43332.9492,43332.4453,242600,yahoo
BANKNIFTY,2022-12-06,43093.8984,43306.8516,43076.3984,43138.5508,43138.0508,379200,yahoo
BANKNIFTY,2022-12-07,43157.3516,43327.3516,42948.4492,43098.6992,43098.1992,242900,yahoo
BANKNIFTY,2022-12-08,43142.25,43640.8984,43095.3008,43596.8516,43596.3438,355700,yahoo
BANKNIFTY,2022-12-09,43765.3008,43853.3984,43361.6992,43633.4492,43632.9414,443500,yahoo
BANKNIFTY,2022-12-12,43455.8516,43767.0508,43378.8008,43708.75,43708.2422,234200,yahoo
BANKNIFTY,2022-12-13,43793.6992,43983.8008,43767.75,43946.5508,43946.0391,277000,yahoo
BANKNIFTY,2022-12-14,44078.6016,44151.8008,43987.9492,44049.1016,44048.5898,349200,yahoo
BANKNIFTY,2022-12-15,43940.1016,44120.6016,43379.1016,43498.1992,43497.6953,421900,yahoo
BANKNIFTY,2022-12-16,43261.75,43598.1992,43080.5508,43219.5,43218.9961,275200,yahoo
BANKNIFTY,2022-12-19,43346.3516,43451.4492,43110.3008,43413.75,43413.2461,175600,yahoo
BANKNIFTY,2022-12-20,43152.6484,43426.1992,42955.3984,43359.5,43358.9961,182300,yahoo
BANKNIFTY,2022-12-21,43525.75,43614.6484,42363.8008,42617.9492,42617.4531,279400,yahoo
BANKNIFTY,2022-12-22,42864,42933.5,42231.3516,42408.8008,42408.3086,344800,yahoo
BANKNIFTY,2022-12-23,41951.3516,42226.6484,41597.6484,41668.0508,41667.5664,332600,yahoo
BANKNIFTY,2022-12-26,41716.3516,42846.1484,41569.4492,42630.1484,42629.6523,323200,yahoo
BANKNIFTY,2022-12-27,42827.75,42927.1992,42394.1484,42859.5,42859,229600,yahoo
BANKNIFTY,2022-12-28,42733.6016,43034.9492,42694.8516,42827.6992,42827.2031,230500,yahoo
BANKNIFTY,2022-12-29,42684.8984,43498.0508,42489.8008,43252.3516,43251.8477,308300,yahoo
BANKNIFTY,2022-12-30,43401.6992,43422.9492,42833.1016,42986.4492,42985.9492,258700,yahoo
CRUDE,2022-01-03,75.69,76.46,74.27,76.08,76.08,317628,yahoo
CRUDE,2022-01-04,76.02,77.64,75.7,76.99,76.99,372848,yahoo
CRUDE,2022-01-05,77.18,78.58,76.51,77.85,77.85,397898,yahoo
CRUDE,2022-01-06,77.24,80.24,76.73,79.46,79.46,476665,yahoo
CRUDE,2022-01-07,79.62,80.47,78.52,78.9,78.9,414434,yahoo
CRUDE,2022-01-10,78.88,79.45,77.83,78.23,78.23,389956,yahoo
CRUDE,2022-01-11,78.42,81.59,78.36,81.22,81.22,481815,yahoo
CRUDE,2022-01-12,81.38,83.1,81.17,82.64,82.64,420619,yahoo
CRUDE,2022-01-13,82.82,82.94,81.39,82.12,82.12,364769,yahoo
CRUDE,2022-01-14,81.73,84.45,81.58,83.82,83.82,364442,yahoo
CRUDE,2022-01-18,84.32,86.63,83.5,85.43,85.43,163643,yahoo
CRUDE,2022-01-19,86.61,87.91,85.77,86.96,86.96,113153,yahoo
CRUDE,2022-01-20,86.23,87.82,86,86.9,86.9,532202,yahoo
CRUDE,2022-01-21,84.57,85.56,82.78,85.14,85.14,509103,yahoo
CRUDE,2022-01-24,84.91,86.09,81.9,83.31,83.31,511695,yahoo
CRUDE,2022-01-25,84.15,85.71,82.99,85.6,85.6,507219,yahoo
CRUDE,2022-01-26,85.26,87.95,85.01,87.35,87.35,459642,yahoo
CRUDE,2022-01-27,87.15,88.54,86.2,86.61,86.61,427804,yahoo
CRUDE,2022-01-28,87.5,88.84,86.44,86.82,86.82,436172,yahoo
CRUDE,2022-01-31,87.45,88.39,86.34,88.15,88.15,359080,yahoo
CRUDE,2022-02-01,88.15,88.87,86.55,88.2,88.2,376841,yahoo
CRUDE,2022-02-02,88.35,89.72,87.1,88.26,88.26,456863,yahoo
CRUDE,2022-02-03,87.98,90.45,86.75,90.27,90.27,465771,yahoo
CRUDE,2022-02-04,90.19,93.17,90.07,92.31,92.31,410926,yahoo
CRUDE,2022-02-07,91.82,92.73,90.73,91.32,91.32,497754,yahoo
CRUDE,2022-02-08,91.64,91.68,88.51,89.36,89.36,467386,yahoo
CRUDE,2022-02-09,89.86,90.58,88.41,89.66,89.66,445618,yahoo
CRUDE,2022-02-10,90.01,91.74,89.03,89.88,89.88,492091,yahoo
CRUDE,2022-02-11,90,94.66,89.19,93.1,93.1,554423,yahoo
CRUDE,2022-02-14,93.91,95.82,92.09,95.46,95.46,467071,yahoo
CRUDE,2022-02-15,94.83,95.17,90.66,92.07,92.07,442641,yahoo
CRUDE,2022-02-16,92.21,95.01,90,93.66,93.66,401453,yahoo
CRUDE,2022-02-17,90.9,93.36,90.62,91.76,91.76,212552,yahoo
CRUDE,2022-02-18,91.63,92.66,89.03,91.07,91.07,150382,yahoo
CRUDE,2022-02-22,91.75,96,90.35,92.35,92.35,789041,yahoo
CRUDE,2022-02-23,91.74,93.9,90.64,92.1,92.1,440574,yahoo
CRUDE,2022-02-24,92.52,100.54,91.45,92.81,92.81,872244,yahoo
CRUDE,2022-02-25,93.32,95.64,90.06,91.59,91.59,523793,yahoo
CRUDE,2022-02-28,94.99,99.1,94.43,95.72,95.72,490796,yahoo
CRUDE,2022-03-01,96.09,106.78,95.32,103.41,103.41,698814,yahoo
CRUDE,2022-03-02,107.12,112.51,105.18,110.6,110.6,651853,yahoo
CRUDE,2022-03-03,111.33,116.57,106.43,107.67,107.67,592031,yahoo
CRUDE,2022-03-04,107.96,116.02,107.25,115.68,115.68,493875,yahoo
CRUDE,2022-03-07,121.33,130.5,115.54,119.4,119.4,576022,yahoo
CRUDE,2022-03-08,120.67,129.44,117.07,123.7,123.7,583106,yahoo
CRUDE,2022-03-09,124.66,126.84,103.63,108.7,108.7,594773,yahoo
CRUDE,2022-03-10,110.41,114.88,105.53,106.02,106.02,437924,yahoo
CRUDE,2022-03-11,105.99,110.29,104.48,109.33,109.33,368194,yahoo
CRUDE,2022-03-14,109.42,109.72,99.76,103.01,103.01,344184,yahoo
CRUDE,2022-03-15,102.28,102.58,93.53,96.44,96.44,401690,yahoo
CRUDE,2022-03-16,95.23,99.22,94.07,95.04,95.04,293947,yahoo
CRUDE,2022-03-17,95.34,104.24,94.85,102.98,102.98,210763,yahoo
CRUDE,2022-03-18,103.62,106.28,102.3,104.7,104.7,74247,yahoo
CRUDE,2022-03-21,105.13,112.69,104.08,112.12,112.12,77217,yahoo
CRUDE,2022-03-22,112.9,115.01,109.3,111.76,111.76,318629,yahoo
CRUDE,2022-03-23,108.85,115.4,108.38,114.93,114.93,289182,yahoo
CRUDE,2022-03-24,114.47,116.64,110.61,112.34,112.34,307238,yahoo
CRUDE,2022-03-25,111.75,114.12,108.68,113.9,113.9,320304,yahoo
CRUDE,2022-03-28,112.92,112.93,102.83,105.96,105.96,372251,yahoo
CRUDE,2022-03-29,103.47,107.84,98.44,104.24,104.24,387200,yahoo
CRUDE,2022-03-30,105.24,108.75,104.55,107.82,107.82,284544,yahoo
CRUDE,2022-03-31,107.45,107.8,99.66,100.28,100.28,450845,yahoo
CRUDE,2022-04-01,101.23,101.75,97.78,99.27,99.27,324777,yahoo
CRUDE,2022-04-04,98.95,103.94,98.05,103.28,103.28,288131,yahoo
CRUDE,2022-04-05,103.66,105.59,99.88,101.96,101.96,280283,yahoo
CRUDE,2022-04-06,101.24,104.02,95.73,96.23,96.23,366036,yahoo
CRUDE,2022-04-07,97.16,98.82,93.81,96.03,96.03,367318,yahoo
CRUDE,2022-04-08,97.17,98.76,95.29,98.26,98.26,310082,yahoo
CRUDE,2022-04-11,98.4,98.52,92.93,94.29,94.29,315873,yahoo
CRUDE,2022-04-12,95.17,101.35,94.84,100.6,100.6,329037,yahoo
CRUDE,2022-04-13,100.91,104.47,99.87,104.25,104.25,312502,yahoo
CRUDE,2022-04-14,104.2,107.64,102.12,106.95,106.95,244952,yahoo
CRUDE,2022-04-18,107.03,109.81,106,108.21,108.21,68489,yahoo
CRUDE,2022-04-19,107.75,108.92,102.1,102.56,102.56,71792,yahoo
CRUDE,2022-04-20,103.05,104.16,100.7,102.75,102.75,299028,yahoo
CRUDE,2022-04-21,102.5,105.42,102.01,103.79,103.79,280321,yahoo
CRUDE,2022-04-22,104.07,104.22,101.06,102.07,102.07,246116,yahoo
CRUDE,2022-04-25,101.38,101.55,95.28,98.54,98.54,328153,yahoo
CRUDE,2022-04-26,98.64,102.78,97.06,101.7,101.7,351850,yahoo
CRUDE,2022-04-27,101.76,102.99,99.8,102.02,102.02,278781,yahoo
CRUDE,2022-04-28,102.11,105.68,100.13,105.36,105.36,312064,yahoo
CRUDE,2022-04-29,105.17,107.99,103.78,104.69,104.69,294386,yahoo
CRUDE,2022-05-02,104,105.94,100.28,105.17,105.17,261878,yahoo
CRUDE,2022-05-03,105.08,105.8,102.1,102.41,102.41,239266,yahoo
CRUDE,2022-05-04,103.5,108.61,102.95,107.81,107.81,272909,yahoo
CRUDE,2022-05-05,107.58,111.37,106.45,108.26,108.26,286916,yahoo
CRUDE,2022-05-06,108.7,111.18,107.24,109.77,109.77,294278,yahoo
CRUDE,2022-05-09,110.43,110.49,102.13,103.09,103.09,368183,yahoo
CRUDE,2022-05-10,102.65,104.16,98.86,99.76,99.76,389750,yahoo
CRUDE,2022-05-11,99,106.44,98.2,105.71,105.71,382701,yahoo
CRUDE,2022-05-12,105.63,107.37,102.66,106.13,106.13,323547,yahoo
CRUDE,2022-05-13,106.65,110.64,106.29,110.49,110.49,240989,yahoo
CRUDE,2022-05-16,110.98,114.9,108.11,114.2,114.2,289127,yahoo
CRUDE,2022-05-17,113.87,115.56,111.75,112.4,112.4,252630,yahoo
CRUDE,2022-05-18,113.66,115.42,108.46,109.59,109.59,103669,yahoo
CRUDE,2022-05-19,109.09,112.62,105.13,112.21,112.21,68511,yahoo
CRUDE,2022-05-20,111.45,114.04,110.85,113.23,113.23,229930,yahoo
CRUDE,2022-05-23,110.56,111.96,109.15,110.29,110.29,215623,yahoo
CRUDE,2022-05-24,110.41,111.43,108.61,109.77,109.77,224794,yahoo
CRUDE,2022-05-25,110.39,111.68,109.23,110.33,110.33,191370,yahoo
CRUDE,2022-05-26,110.69,114.83,110.27,114.09,114.09,234752,yahoo
CRUDE,2022-05-27,114.2,115.3,112.85,115.07,115.07,217281,yahoo
CRUDE,2022-05-31,114.96,119.98,114.15,114.67,114.67,440796,yahoo
CRUDE,2022-06-01,115.4,117.87,114.58,115.26,115.26,290530,yahoo
CRUDE,2022-06-02,114.8,117.77,111.2,116.87,116.87,327600,yahoo
CRUDE,2022-06-03,117.55,120.46,115.23,118.87,118.87,240831,yahoo
CRUDE,2022-06-06,120.82,120.99,117.63,118.5,118.5,246825,yahoo
CRUDE,2022-06-07,119.1,120.36,117.14,119.41,119.41,341694,yahoo
CRUDE,2022-06-08,119.79,123.18,119.3,122.11,122.11,340591,yahoo
CRUDE,2022-06-09,122.43,122.72,120.79,121.51,121.51,293295,yahoo
CRUDE,2022-06-10,121.46,122.75,118.33,120.67,120.67,352906,yahoo
CRUDE,2022-06-13,120.19,122.25,117.47,120.93,120.93,372403,yahoo
CRUDE,2022-06-14,121.09,123.68,116.62,118.93,118.93,366320,yahoo
CRUDE,2022-06-15,119.07,119.61,114.6,115.31,115.31,301750,yahoo
CRUDE,2022-06-16,115.98,118.08,112.31,117.59,117.59,162543,yahoo
CRUDE,2022-06-17,117.08,118.97,108.25,109.56,109.56,103149,yahoo
CRUDE,2022-06-21,110.58,112.47,108.72,110.65,110.65,427262,yahoo
CRUDE,2022-06-22,109.54,109.76,101.53,106.19,106.19,432724,yahoo
CRUDE,2022-06-23,104.42,107.05,102.32,104.27,104.27,346362,yahoo
CRUDE,2022-06-24,103.99,108.58,103.64,107.62,107.62,321591,yahoo
CRUDE,2022-06-27,107.22,110.54,105.6,109.57,109.57,282914,yahoo
CRUDE,2022-06-28,110.18,112.22,109.62,111.76,111.76,306748,yahoo
CRUDE,2022-06-29,111.86,114.05,109.22,109.78,109.78,322060,yahoo
CRUDE,2022-06-30,109.7,110.45,105.1,105.76,105.76,362890,yahoo
CRUDE,2022-07-01,106.01,109.34,104.56,108.43,108.43,305338,yahoo
CRUDE,2022-07-05,108.8,111.45,97.43,99.5,99.5,594215,yahoo
CRUDE,2022-07-06,100.36,102.14,95.1,98.53,98.53,444106,yahoo
CRUDE,2022-07-07,98.22,104.48,96.57,102.73,102.73,379861,yahoo
CRUDE,2022-07-08,102.22,105.24,101.51,104.79,104.79,327461,yahoo
CRUDE,2022-07-11,104.79,105.05,100.89,104.09,104.09,348566,yahoo
CRUDE,2022-07-12,103.46,103.49,95.35,95.84,95.84,398552,yahoo
CRUDE,2022-07-13,95.89,97.96,93.67,96.3,96.3,347193,yahoo
CRUDE,2022-07-14,96.57,97,90.56,95.78,95.78,387528,yahoo
CRUDE,2022-07-15,96.39,99.03,94.57,97.59,97.59,240766,yahoo
CRUDE,2022-07-18,97.27,102.8,95.85,102.6,102.6,84669,yahoo
CRUDE,2022-07-19,102,104.46,99.85,104.22,104.22,63149,yahoo
CRUDE,2022-07-20,103.6,104.39,101.51,102.26,102.26,315620,yahoo
CRUDE,2022-07-21,99.91,99.99,94.59,96.35,96.35,318911,yahoo
CRUDE,2022-07-22,96.51,97.95,94.23,94.7,94.7,307568,yahoo
CRUDE,2022-07-25,95.1,96.94,93.01,96.7,96.7,278998,yahoo
CRUDE,2022-07-26,96.33,99,94.76,94.98,94.98,310043,yahoo
CRUDE,2022-07-27,95.6,98.59,94.3,97.26,97.26,321903,yahoo
CRUDE,2022-07-28,98.17,99.84,96.04,96.42,96.42,318403,yahoo
CRUDE,2022-07-29,97.3,101.88,96.41,98.62,98.62,349374,yahoo
CRUDE,2022-08-01,98.46,98.65,92.42,93.89,93.89,365293,yahoo
CRUDE,2022-08-02,93.75,96.47,92.59,94.42,94.42,328538,yahoo
CRUDE,2022-08-03,93.83,96.57,90.38,90.66,90.66,395099,yahoo
CRUDE,2022-08-04,90.95,91.9,87.55,88.54,88.54,334931,yahoo
CRUDE,2022-08-05,88.06,90.76,87.01,89.01,89.01,350016,yahoo
CRUDE,2022-08-08,88.46,90.89,87.22,90.76,90.76,340157,yahoo
CRUDE,2022-08-09,90.69,92.65,89.05,90.5,90.5,347045,yahoo
CRUDE,2022-08-10,90.51,92.43,87.66,91.93,91.93,383766,yahoo
CRUDE,2022-08-11,91.55,95.05,91.24,94.34,94.34,341234,yahoo
CRUDE,2022-08-12,94.09,94.81,91.16,92.09,92.09,264953,yahoo
CRUDE,2022-08-15,91.94,92.1,86.82,89.41,89.41,275443,yahoo
CRUDE,2022-08-16,87.93,90.65,85.73,86.53,86.53,305366,yahoo
CRUDE,2022-08-17,87.1,89.16,85.88,88.11,88.11,230346,yahoo
CRUDE,2022-08-18,87.39,91.46,87.32,90.5,90.5,80029,yahoo
CRUDE,2022-08-19,90.39,92.09,88.38,90.77,90.77,58714,yahoo
CRUDE,2022-08-22,89.65,91.26,86.6,90.23,90.23,352665,yahoo
CRUDE,2022-08-23,90.55,94.22,90.42,93.74,93.74,285607,yahoo
CRUDE,2022-08-24,93.78,95.4,92.79,94.89,94.89,320388,yahoo
CRUDE,2022-08-25,95.35,95.76,92.29,92.52,92.52,279877,yahoo
CRUDE,2022-08-26,93.06,94.02,91.08,93.06,93.06,288392,yahoo
CRUDE,2022-08-29,92.96,97.37,92.29,97.01,97.01,283463,yahoo
CRUDE,2022-08-30,96.9,97.66,90.54,91.64,91.64,386272,yahoo
CRUDE,2022-08-31,92.31,92.73,88.27,89.55,89.55,344147,yahoo
CRUDE,2022-09-01,88.83,89.63,85.98,86.61,86.61,305106,yahoo
CRUDE,2022-09-02,86.56,89.66,86.35,86.87,86.87,277533,yahoo
CRUDE,2022-09-06,86.84,90.39,86.18,86.88,86.88,420255,yahoo
CRUDE,2022-09-07,86.93,87.76,81.5,81.94,81.94,380781,yahoo
CRUDE,2022-09-08,81.91,84.25,81.2,83.54,83.54,342763,yahoo
CRUDE,2022-09-09,82.8,87.2,82.71,86.79,86.79,305188,yahoo
CRUDE,2022-09-12,86.25,89.1,85.16,87.78,87.78,275104,yahoo
CRUDE,2022-09-13,88.09,89.31,85.06,87.31,87.31,347998,yahoo
CRUDE,2022-09-14,87.94,90.19,86.18,88.48,88.48,335381,yahoo
CRUDE,2022-09-15,88.91,89.15,84.53,85.1,85.1,235358,yahoo
CRUDE,2022-09-16,85.16,86.59,84.27,85.11,85.11,87829,yahoo
CRUDE,2022-09-19,85.21,86.22,82.1,85.73,85.73,59626,yahoo
CRUDE,2022-09-20,85.61,86.45,83.52,84.45,84.45,279813,yahoo
CRUDE,2022-09-21,84.25,86.68,82.49,82.94,82.94,339683,yahoo
CRUDE,2022-09-22,83.07,86,82.4,83.49,83.49,303492,yahoo
CRUDE,2022-09-23,83.54,83.92,78.04,78.74,78.74,334271,yahoo
CRUDE,2022-09-26,79.23,80.31,76.25,76.71,76.71,280927,yahoo
CRUDE,2022-09-27,76.47,79.51,76.42,78.5,78.5,283614,yahoo
CRUDE,2022-09-28,78.08,82.34,76.55,82.15,82.15,324678,yahoo
CRUDE,2022-09-29,81.9,82.94,80.34,81.23,81.23,286126,yahoo
CRUDE,2022-09-30,81.74,82.56,79.14,79.49,79.49,253154,yahoo
CRUDE,2022-10-03,81.02,84.56,80.87,83.63,83.63,287168,yahoo
CRUDE,2022-10-04,83.22,86.98,83.22,86.52,86.52,302549,yahoo
CRUDE,2022-10-05,86.37,88.42,85.42,87.76,87.76,329790,yahoo
CRUDE,2022-10-06,88.08,89.07,87.04,88.45,88.45,235296,yahoo
CRUDE,2022-10-07,88.93,93.31,88,92.64,92.64,429162,yahoo
CRUDE,2022-10-10,93.48,93.64,90.54,91.13,91.13,289508,yahoo
CRUDE,2022-10-11,91.14,91.35,87.91,89.35,89.35,333158,yahoo
CRUDE,2022-10-12,88.67,90.07,86.28,87.27,87.27,332271,yahoo
CRUDE,2022-10-13,87.08,89.66,85.56,89.11,89.11,298032,yahoo
CRUDE,2022-10-14,89.27,89.73,85.2,85.61,85.61,237026,yahoo
CRUDE,2022-10-17,85.59,87.12,84.61,85.46,85.46,172020,yahoo
CRUDE,2022-10-18,85.7,86.51,82.09,82.82,82.82,97304,yahoo
CRUDE,2022-10-19,83.69,86.2,82.59,85.55,85.55,71309,yahoo
CRUDE,2022-10-20,85.94,88.17,85.22,85.98,85.98,338344,yahoo
CRUDE,2022-10-21,85.07,85.9,83.15,85.05,85.05,272803,yahoo
CRUDE,2022-10-24,85.24,85.92,82.63,84.58,84.58,250726,yahoo
CRUDE,2022-10-25,84.88,86.03,83.06,85.32,85.32,240441,yahoo
CRUDE,2022-10-26,85.07,88.41,84.14,87.91,87.91,287182,yahoo
CRUDE,2022-10-27,88.26,89.79,87.33,89.08,89.08,292556,yahoo
CRUDE,2022-10-28,88.67,88.76,87.08,87.9,87.9,263404,yahoo
CRUDE,2022-10-31,88.39,88.65,85.3,86.53,86.53,285342,yahoo
CRUDE,2022-11-01,86.43,89.45,85.92,88.37,88.37,274321,yahoo
CRUDE,2022-11-02,88.62,90.36,87.72,90,90,280961,yahoo
CRUDE,2022-11-03,89.35,89.67,87.6,88.17,88.17,239816,yahoo
CRUDE,2022-11-04,87.9,92.87,87.82,92.61,92.61,354060,yahoo
CRUDE,2022-11-07,91,93.74,90.4,91.79,91.79,322419,yahoo
CRUDE,2022-11-08,91.87,92.17,88.52,88.91,88.91,344223,yahoo
CRUDE,2022-11-09,88.57,89.24,85.5,85.83,85.83,388301,yahoo
CRUDE,2022-11-10,85.85,87.35,84.7,86.47,86.47,340007,yahoo
CRUDE,2022-11-11,86.27,90.1,86.18,88.96,88.96,301664,yahoo
CRUDE,2022-11-14,89.02,89.84,85.15,85.87,85.87,315450,yahoo
CRUDE,2022-11-15,85.25,88.68,84.06,86.92,86.92,331709,yahoo
CRUDE,2022-11-16,86.89,87.51,84.2,85.59,85.59,225668,yahoo
CRUDE,2022-11-17,85.22,85.45,81.4,81.64,81.64,138476,yahoo
CRUDE,2022-11-18,82.09,82.64,77.24,80.08,80.08,96583,yahoo
CRUDE,2022-11-21,80.3,80.3,75.08,79.73,79.73,475104,yahoo
CRUDE,2022-11-22,80.22,82.36,79.85,80.95,80.95,269615,yahoo
CRUDE,2022-11-23,81.08,81.95,76.83,77.94,77.94,379145,yahoo
CRUDE,2022-11-25,77.51,79.9,76.22,76.28,76.28,266451,yahoo
CRUDE,2022-11-28,75.93,77.84,73.6,77.24,77.24,405033,yahoo
CRUDE,2022-11-29,76.54,79.65,76.29,78.2,78.2,381869,yahoo
CRUDE,2022-11-30,79,81.38,78.4,80.55,80.55,287534,yahoo
CRUDE,2022-12-01,80.4,83.34,79.93,81.22,81.22,321432,yahoo
CRUDE,2022-12-02,81.47,82.22,79.65,79.98,79.98,280235,yahoo
CRUDE,2022-12-05,79.99,82.72,76.77,76.93,76.93,346657,yahoo
CRUDE,2022-12-06,77.35,77.88,73.41,74.25,74.25,380598,yahoo
CRUDE,2022-12-07,74.55,75.38,71.75,72.01,72.01,392236,yahoo
CRUDE,2022-12-08,72.38,75.44,71.12,71.46,71.46,474459,yahoo
CRUDE,2022-12-09,71.85,72.92,70.08,71.02,71.02,356722,yahoo
CRUDE,2022-12-12,71.79,73.99,70.25,73.17,73.17,323553,yahoo
CRUDE,2022-12-13,73.29,76.37,73.21,75.39,75.39,352858,yahoo
CRUDE,2022-12-14,75.27,77.75,74.9,77.28,77.28,292488,yahoo
CRUDE,2022-12-15,77.37,77.77,75.33,76.11,76.11,224663,yahoo
CRUDE,2022-12-16,76.37,76.57,73.33,74.29,74.29,99205,yahoo
CRUDE,2022-12-19,74.5,76.41,73.81,75.19,75.19,69348,yahoo
CRUDE,2022-12-20,75.7,76.75,74.31,76.09,76.09,254792,yahoo
CRUDE,2022-12-21,75.99,78.61,75.8,78.29,78.29,234624,yahoo
CRUDE,2022-12-22,78.43,79.9,77.03,77.49,77.49,219142,yahoo
CRUDE,2022-12-23,78.18,80.33,77.98,79.56,79.56,237711,yahoo
CRUDE,2022-12-27,79.9,81.18,79.16,79.53,79.53,199601,yahoo
CRUDE,2022-12-28,79.89,79.92,77.3,78.96,78.96,207717,yahoo
CRUDE,2022-12-29,78.82,78.82,76.79,78.4,78.4,199858,yahoo
CRUDE,2022-12-30,78.73,80.67,77.71,80.26,80.26,205909,yahoo
HANGSENG,2022-01-03,23510.5391,23605.0293,23193.1895,23274.75,23274.75,734300000,yahoo
HANGSENG,2022-01-04,23400.6191,23439.3008,23146.8906,23289.8398,23289.8398,1760100000,yahoo
HANGSENG,2022-01-05,23323.7695,23323.7695,22851.5,22907.25,22907.25,2768900000,yahoo
HANGSENG,2022-01-06,22843.1992,23082.9492,22709.5996,23072.8594,23072.8594,1765800000,yahoo
HANGSENG,2022-01-07,23318.9199,23497.5,23162.8496,23493.3809,23493.3809,2602300000,yahoo
HANGSENG,2022-01-10,23523.9004,23790.5195,23399.0898,23746.5391,23746.5391,2544900000,yahoo
HANGSENG,2022-01-11,23678.6895,23863.8301,23595.0098,23739.0605,23739.0605,2331500000,yahoo
HANGSENG,2022-01-12,24069.5195,24402.1699,24069.5195,24402.1699,24402.1699,2489500000,yahoo
HANGSENG,2022-01-13,24561.4805,24561.4805,24289.1895,24429.7695,24429.7695,2160500000,yahoo
HANGSENG,2022-01-14,24185.8594,24383.3203,24140.8105,24383.3203,24383.3203,1840000000,yahoo
HANGSENG,2022-01-17,24390.2891,24408.8809,24111.7402,24218.0293,24218.0293,1633500000,yahoo
HANGSENG,2022-01-18,24274.75,24385.0508,24009.7109,24112.7793,24112.7793,1638900000,yahoo
HANGSENG,2022-01-19,24229.7793,24286.1406,23951.5996,24127.8496,24127.8496,1729900000,yahoo
HANGSENG,2022-01-20,24263.1504,24952.3496,24233.1797,24952.3496,24952.3496,2531400000,yahoo
HANGSENG,2022-01-21,24897.5898,24982.0293,24723.9199,24965.5508,24965.5508,2370100000,yahoo
HANGSENG,2022-01-24,24693.4297,24795.5391,24570.8691,24656.4609,24656.4609,1871500000,yahoo
HANGSENG,2022-01-25,24251.2207,24366.8906,24001.9609,24243.6094,24243.6094,2183400000,yahoo
HANGSENG,2022-01-26,24342.9004,24487.3008,24123.6992,24289.9004,24289.9004,1959600000,yahoo
HANGSENG,2022-01-27,23952.0098,23952.0098,23565,23807,23807,1846800000,yahoo
HANGSENG,2022-01-28,23818.9395,23848.0195,23507.0293,23550.0801,23550.0801,1777200000,yahoo
HANGSENG,2022-01-31,23624.1406,23975.6992,23469.7598,23802.2598,23802.2598,995500000,yahoo
HANGSENG,2022-02-04,24392.8594,24609.3301,24140.8906,24573.2891,24573.2891,1832900000,yahoo
HANGSENG,2022-02-07,24609.4297,24616.5,24365.8906,24579.5508,24579.5508,2538100000,yahoo
HANGSENG,2022-02-08,24548.0508,24548.0508,24149.75,24329.4902,24329.4902,2294900000,yahoo
HANGSENG,2022-02-09,24727.3398,24896.4297,24690.4492,24829.9902,24829.9902,2511100000,yahoo
HANGSENG,2022-02-10,25050.5898,25050.5898,24649.7402,24924.3496,24924.3496,2097900000,yahoo
HANGSENG,2022-02-11,24837.1992,24957.8105,24732.6504,24906.6602,24906.6602,2514700000,yahoo
HANGSENG,2022-02-14,24725.0996,24733.1094,24482.8594,24556.5703,24556.5703,1978800000,yahoo
HANGSENG,2022-02-15,24458.5,24570.0898,24219.9004,24355.7109,24355.7109,2625900000,yahoo
HANGSENG,2022-02-16,24618.3008,24728.9297,24548.0508,24718.9004,24718.9004,1815200000,yahoo
HANGSENG,2022-02-17,24722.8809,24861.8203,24523.9492,24792.7695,24792.7695,1566200000,yahoo
HANGSENG,2022-02-18,24633.6602,24763.3691,24284.5293,24327.7109,24327.7109,1677800000,yahoo
HANGSENG,2022-02-21,24109.5898,24231.0801,23998.7695,24170.0703,24170.0703,1618300000,yahoo
HANGSENG,2022-02-22,23692.5391,23813.6406,23336.7793,23520,23520,2057600000,yahoo
HANGSENG,2022-02-23,23617.9707,23745.0703,23500.9199,23660.2793,23660.2793,1416000000,yahoo
HANGSENG,2022-02-24,23268.0293,23376.3691,22786.3906,22901.5605,22901.5605,2997700000,yahoo
HANGSENG,2022-02-25,22908.0996,23046.8594,22718.1504,22767.1797,22767.1797,2524300000,yahoo
HANGSENG,2022-02-28,22818.1699,22818.1699,22406.1191,22713.0195,22713.0195,2833800000,yahoo
HANGSENG,2022-03-01,22739.8398,22937.5605,22591.7305,22761.7109,22761.7109,1796000000,yahoo
HANGSENG,2022-03-02,22568.3594,22712.4395,22299.1406,22343.9199,22343.9199,2227900000,yahoo
HANGSENG,2022-03-03,22434.2598,22543.4199,22378.1094,22467.3398,22467.3398,1937700000,yahoo
HANGSENG,2022-03-04,21879.1309,22017.9395,21838.9902,21905.2891,21905.2891,2438200000,yahoo
HANGSENG,2022-03-07,21308.9004,21327.1895,20826.3594,21057.6309,21057.6309,3322900000,yahoo
HANGSENG,2022-03-08,21082.3906,21303.5195,20638.9492,20765.8691,20765.8691,3232000000,yahoo
HANGSENG,2022-03-09,20820.0195,20957.7207,20102.5703,20627.7109,20627.7109,3674600000,yahoo
HANGSENG,2022-03-10,21106.5703,21114.4395,20709.6191,20890.2598,20890.2598,2694300000,yahoo
HANGSENG,2022-03-11,20460.0293,20778.8594,20079.1504,20553.7891,20553.7891,3020000000,yahoo
HANGSENG,2022-03-14,20203.8398,20203.8398,19416.7793,19531.6602,19531.6602,4096100000,yahoo
HANGSENG,2022-03-15,18931.1797,19392.6895,18235.4805,18415.0801,18415.0801,6012800000,yahoo
HANGSENG,2022-03-16,18956.0195,20120.8496,18584.0391,20087.5,20087.5,5501100000,yahoo
HANGSENG,2022-03-17,21430.7109,21501.2305,20786.6895,21501.2305,21501.2305,4826200000,yahoo
HANGSENG,2022-03-18,21232.8809,21646.1504,20922.3691,21412.4004,21412.4004,4590500000,yahoo
HANGSENG,2022-03-21,21823.0703,21823.0703,21096.3105,21221.3398,21221.3398,2340000000,yahoo
HANGSENG,2022-03-22,21319.1895,21906.3203,21266.9004,21889.2793,21889.2793,2590400000,yahoo
HANGSENG,2022-03-23,22088.7891,22423.5098,21983.0996,22154.0801,22154.0801,2835700000,yahoo
HANGSENG,2022-03-24,22002.8691,22231.6699,21900.1309,21945.9492,21945.9492,2404800000,yahoo
HANGSENG,2022-03-25,21735.6094,21944.0801,21289.2598,21404.8809,21404.8809,2358200000,yahoo
HANGSENG,2022-03-28,21422.1992,21790.9707,21202.6895,21684.9707,21684.9707,2200300000,yahoo
HANGSENG,2022-03-29,21771.2891,21937.2695,21722.1699,21927.6309,21927.6309,2259300000,yahoo
HANGSENG,2022-03-30,22101.6309,22391.3496,22033.7793,22232.0293,22232.0293,2729600000,yahoo
HANGSENG,2022-03-31,22262.1602,22262.1602,21922.5801,21996.8496,21996.8496,2226300000,yahoo
HANGSENG,2022-04-01,21693.0996,22039.5508,21558.0508,22039.5508,22039.5508,1937500000,yahoo
HANGSENG,2022-04-04,22227.1094,22523.6406,22124.0293,22502.3105,22502.3105,1868100000,yahoo
HANGSENG,2022-04-06,22220.2109,22244.9902,22015.1191,22080.5195,22080.5195,2749800000,yahoo
HANGSENG,2022-04-07,21910.4004,22236.9297,21779.1895,21808.9805,21808.9805,2079000000,yahoo
HANGSENG,2022-04-08,21667.5293,21872.0098,21568.2207,21872.0098,21872.0098,1739900000,yahoo
HANGSENG,2022-04-11,21688.0293,21688.0293,21132.5391,21208.3008,21208.3008,2104900000,yahoo
HANGSENG,2022-04-12,21279.1797,21519.1309,20988.1992,21319.1309,21319.1309,2045300000,yahoo
HANGSENG,2022-04-13,21192.6191,21531.4805,21141.0605,21374.3691,21374.3691,1696900000,yahoo
HANGSENG,2022-04-14,21463.3496,21587.4707,21358.7305,21518.0801,21518.0801,1719400000,yahoo
HANGSENG,2022-04-19,21106,21191.8008,20896.4297,21027.7598,21027.7598,2240100000,yahoo
HANGSENG,2022-04-20,20972.8398,21214.9805,20889.0195,20944.6699,20944.6699,1876400000,yahoo
HANGSENG,2022-04-21,20780.8594,20920.5996,20483.8594,20682.2207,20682.2207,2226200000,yahoo
HANGSENG,2022-04-22,20261.6094,20709.4902,20184.9609,20638.5195,20638.5195,2351300000,yahoo
HANGSENG,2022-04-25,20284.5996,20284.5996,19784.2793,19869.3398,19869.3398,2912300000,yahoo
HANGSENG,2022-04-26,19989.0391,20258.6406,19858.3594,19934.7109,19934.7109,2565700000,yahoo
HANGSENG,2022-04-27,19723.4609,20053.1094,19665.4902,19946.3594,19946.3594,2361000000,yahoo
HANGSENG,2022-04-28,20118.7891,20286.8301,19956.6699,20276.1699,20276.1699,2255700000,yahoo
HANGSENG,2022-04-29,20271.4004,21176.5801,20040.0703,21089.3906,21089.3906,2727100000,yahoo
HANGSENG,2022-05-03,20927.6191,21291.8008,20648.5293,21101.8906,21101.8906,1741700000,yahoo
HANGSENG,2022-05-04,21025.6992,21047.1309,20772.8008,20869.5195,20869.5195,1139900000,yahoo
HANGSENG,2022-05-05,21163.1504,21284.8496,20776.9707,20793.4004,20793.4004,1827100000,yahoo
HANGSENG,2022-05-06,20287.0605,20320.2793,19973.4707,20001.9609,20001.9609,2110600000,yahoo
HANGSENG,2022-05-10,19300.6797,19758.6309,19178.8906,19633.6895,19633.6895,2785700000,yahoo
HANGSENG,2022-05-11,19511.8008,20083.4902,19474.0293,19824.5703,19824.5703,1958400000,yahoo
HANGSENG,2022-05-12,19556.8906,19731.2695,19342.8906,19380.3398,19380.3398,2273600000,yahoo
HANGSENG,2022-05-13,19615.9902,19925.4395,19608.2598,19898.7695,19898.7695,2075300000,yahoo
HANGSENG,2022-05-16,20131.5293,20173.2207,19764.9609,19950.2109,19950.2109,1796400000,yahoo
HANGSENG,2022-05-17,20193.5996,20626.4199,20169.2402,20602.5195,20602.5195,2207400000,yahoo
HANGSENG,2022-05-18,20674.2305,20711.9297,20389.6094,20644.2793,20644.2793,1946000000,yahoo
HANGSENG,2022-05-19,20146.9609,20277.9395,19924.8691,20120.6797,20120.6797,2120900000,yahoo
HANGSENG,2022-05-20,20470.9492,20794.1309,20408.6797,20717.2402,20717.2402,2173100000,yahoo
HANGSENG,2022-05-23,20608.6504,20642.7598,20303.5508,20470.0605,20470.0605,1696100000,yahoo
HANGSENG,2022-05-24,20420.1406,20509.6191,19989.6191,20112.0996,20112.0996,1825200000,yahoo
HANGSENG,2022-05-25,20115.5605,20370.7402,20067.9805,20171.2695,20171.2695,2097500000,yahoo
HANGSENG,2022-05-26,20272.2207,20272.2207,19890.7598,20116.1992,20116.1992,1855500000,yahoo
HANGSENG,2022-05-27,20646.0605,20779.75,20494.1504,20697.3594,20697.3594,2565800000,yahoo
HANGSENG,2022-05-30,20933.5,21169.0801,20885.0195,21123.9297,21123.9297,2609300000,yahoo
HANGSENG,2022-05-31,21106.4102,21415.1992,21029.7207,21415.1992,21415.1992,3919100000,yahoo
HANGSENG,2022-06-01,21407.7891,21411.9492,21154.0391,21294.9395,21294.9395,2073500000,yahoo
HANGSENG,2022-06-02,21057.0391,21115.7793,20884.1602,21082.1309,21082.1309,1816100000,yahoo
HANGSENG,2022-06-06,21282.5098,21691.9199,21030.0703,21653.9004,21653.9004,2244700000,yahoo
HANGSENG,2022-06-07,21577.4805,21744.4609,21394.5898,21531.6699,21531.6699,2145400000,yahoo
HANGSENG,2022-06-08,21788.8906,22064.1191,21734.4902,22014.5898,22014.5898,2943000000,yahoo
HANGSENG,2022-06-09,22121.5293,22142.8203,21737.9395,21869.0508,21869.0508,2544500000,yahoo
HANGSENG,2022-06-10,21522.5,21935.0098,21487.9102,21806.1797,21806.1797,2686100000,yahoo
HANGSENG,2022-06-13,21162.5293,21320.1504,20993.7598,21067.5801,21067.5801,2607000000,yahoo
HANGSENG,2022-06-14,20783.5391,21175.0098,20717.6406,21067.9902,21067.9902,1965900000,yahoo
HANGSENG,2022-06-15,21111.3203,21431.0703,21111.3203,21308.2109,21308.2109,2301300000,yahoo
HANGSENG,2022-06-16,21515.6406,21545.8398,20697.4102,20845.4297,20845.4297,2341100000,yahoo
HANGSENG,2022-06-17,20716.7402,21145.9395,20697.1699,21075,21075,3097500000,yahoo
HANGSENG,2022-06-20,20948.8008,21175.9805,20839.0195,21163.9102,21163.9102,2085200000,yahoo
HANGSENG,2022-06-21,21264.9805,21564.8691,21175.9492,21559.5898,21559.5898,2133400000,yahoo
HANGSENG,2022-06-22,21469.7402,21519.5801,21008.3398,21008.3398,21008.3398,2470600000,yahoo
HANGSENG,2022-06-23,21157.5801,21443.5898,21010.8906,21273.8691,21273.8691,2007300000,yahoo
HANGSENG,2022-06-24,21450.6797,21762.6699,21408.6602,21719.0605,21719.0605,2410800000,yahoo
HANGSENG,2022-06-27,21976.8008,22414.4297,21976.8008,22229.5195,22229.5195,2994700000,yahoo
HANGSENG,2022-06-28,22144.6309,22449.3105,21952.4395,22418.9707,22418.9707,2874000000,yahoo
HANGSENG,2022-06-29,22125.6094,22289.0703,21844.0508,21996.8906,21996.8906,2834500000,yahoo
HANGSENG,2022-06-30,21917.4492,22111.9102,21719.1699,21859.7891,21859.7891,2822700000,yahoo
HANGSENG,2022-07-04,21690.6797,21886.3496,21458.6309,21830.3496,21830.3496,2203700000,yahoo
HANGSENG,2022-07-05,22053.1602,22198.5098,21799.1895,21853.0703,21853.0703,2143800000,yahoo
HANGSENG,2022-07-06,21777.6406,21833.4004,21286.6602,21586.6602,21586.6602,2886400000,yahoo
HANGSENG,2022-07-07,21352.6992,21643.5801,21200.9297,21643.5801,21643.5801,1744600000,yahoo
HANGSENG,2022-07-08,21961.75,21961.75,21614.6504,21725.7793,21725.7793,1565400000,yahoo
HANGSENG,2022-07-11,21470.7695,21470.7695,21001.6309,21124.1992,21124.1992,1693900000,yahoo
HANGSENG,2022-07-12,20905.0703,21084.0898,20779.5898,20844.7402,20844.7402,1745200000,yahoo
HANGSENG,2022-07-13,20911.5293,21040.3398,20751.4805,20797.9492,20797.9492,2057000000,yahoo
HANGSENG,2022-07-14,20818.2695,20888.8008,20554.1504,20751.2109,20751.2109,2371200000,yahoo
HANGSENG,2022-07-15,20522.1094,20656.9609,20215.9707,20297.7207,20297.7207,2526000000,yahoo
HANGSENG,2022-07-18,20479.5801,20866.3301,20294.1406,20846.1797,20846.1797,2053600000,yahoo
HANGSENG,2022-07-19,20719.1992,20758.7109,20549.4395,20661.0605,20661.0605,1287500000,yahoo
HANGSENG,2022-07-20,20968.4199,21111.7793,20884.9199,20890.2207,20890.2207,1405300000,yahoo
HANGSENG,2022-07-21,20811.5996,20827.6094,20527.3496,20574.6309,20574.6309,1760400000,yahoo
HANGSENG,2022-07-22,20717.4707,20788.4609,20513.8008,20609.1406,20609.1406,1327700000,yahoo
HANGSENG,2022-07-25,20516.3398,20595.0898,20353.6797,20562.9395,20562.9395,1377200000,yahoo
HANGSENG,2022-07-26,20676.6797,20952.4492,20631.8203,20905.8809,20905.8809,1701200000,yahoo
HANGSENG,2022-07-27,20684.4805,20770.0996,20572.4199,20670.0391,20670.0391,1729900000,yahoo
HANGSENG,2022-07-28,20705.4609,20772.6309,20533.4199,20622.6797,20622.6797,1965200000,yahoo
HANGSENG,2022-07-29,20647.4492,20647.4492,20050.0508,20156.5098,20156.5098,2181700000,yahoo
HANGSENG,2022-08-01,20026.5996,20251.4297,19883.9199,20165.8398,20165.8398,1970700000,yahoo
HANGSENG,2022-08-02,19943.1602,19943.1602,19515.5391,19689.2109,19689.2109,2291200000,yahoo
HANGSENG,2022-08-03,19865.6895,19921.9102,19685.4805,19767.0898,19767.0898,1789700000,yahoo
HANGSENG,2022-08-04,20011.25,20216.5801,19995.4609,20174.0391,20174.0391,1924400000,yahoo
HANGSENG,2022-08-05,20283.5898,20283.5898,20096.5391,20201.9395,20201.9395,1635400000,yahoo
HANGSENG,2022-08-08,20065.3496,20171.8906,19954.0391,20045.7695,20045.7695,1376900000,yahoo
HANGSENG,2022-08-09,20039.3008,20250.8691,19856.2305,20003.4395,20003.4395,1497200000,yahoo
HANGSENG,2022-08-10,19956.5098,19956.5098,19469.1094,19610.8398,19610.8398,1730300000,yahoo
HANGSENG,2022-08-11,19840.5703,20082.4297,19789.9609,20082.4297,20082.4297,1600800000,yahoo
HANGSENG,2022-08-12,20158.2891,20208.0195,20011.3809,20175.6191,20175.6191,1567900000,yahoo
HANGSENG,2022-08-15,20038.4805,20260.6602,19984.0391,20040.8594,20040.8594,1393400000,yahoo
HANGSENG,2022-08-16,20107.1406,20173.4004,19662.6094,19830.5195,19830.5195,1947800000,yahoo
HANGSENG,2022-08-17,19995.7695,20069.8496,19800.5801,19922.4492,19922.4492,1411800000,yahoo
HANGSENG,2022-08-18,19991.9395,19991.9395,19675.4609,19763.9102,19763.9102,1586600000,yahoo
HANGSENG,2022-08-19,19656.8008,19898.1797,19656.8008,19773.0293,19773.0293,1399800000,yahoo
HANGSENG,2022-08-22,19572.4199,19825.9297,19564.1895,19656.9805,19656.9805,1596100000,yahoo
HANGSENG,2022-08-23,19644.2305,19701.5508,19377.0898,19503.25,19503.25,1847500000,yahoo
HANGSENG,2022-08-24,19542.2402,19542.2402,19189.5391,19268.7402,19268.7402,1997600000,yahoo
HANGSENG,2022-08-25,19418.4609,19990.3105,19418.4609,19968.3809,19968.3809,1684300000,yahoo
HANGSENG,2022-08-26,20138.6895,20185.1504,20050.9707,20170.0391,20170.0391,1868900000,yahoo
HANGSENG,2022-08-29,19960.2891,20073.9395,19889.6699,20023.2207,20023.2207,1595200000,yahoo
HANGSENG,2022-08-30,20062.7305,20062.7305,19645.5703,19949.0293,19949.0293,1658900000,yahoo
HANGSENG,2022-08-31,19589.8496,20173.0195,19564.8398,19954.3906,19954.3906,2783300000,yahoo
HANGSENG,2022-09-01,19761.7207,19839.5098,19532.8594,19597.3105,19597.3105,2000300000,yahoo
HANGSENG,2022-09-02,19572.4707,19630.8008,19342.4902,19452.0898,19452.0898,2095600000,yahoo
HANGSENG,2022-09-05,19299.0898,19299.0898,19064.7891,19225.6992,19225.6992,2181100000,yahoo
HANGSENG,2022-09-06,19261.6992,19358.0195,19107.5996,19202.7305,19202.7305,1716300000,yahoo
HANGSENG,2022-09-07,18915.8691,19068.9004,18818.7793,19044.3008,19044.3008,1839600000,yahoo
HANGSENG,2022-09-08,19043.8398,19075.7402,18803.7598,18854.6191,18854.6191,1718100000,yahoo
HANGSENG,2022-09-09,18893.6504,19417.5605,18893.6504,19362.25,19362.25,1994800000,yahoo
HANGSENG,2022-09-13,19404.6406,19492.0605,19296.25,19326.8594,19326.8594,1787200000,yahoo
HANGSENG,2022-09-14,18933.3008,18989.2207,18797.7891,18847.0996,18847.0996,1732000000,yahoo
HANGSENG,2022-09-15,18833.9004,19013.0293,18833.9004,18930.3809,18930.3809,1797300000,yahoo
HANGSENG,2022-09-16,18732.4395,18905.2793,18678.2207,18761.6895,18761.6895,2793900000,yahoo
HANGSENG,2022-09-19,18695.3496,18697.0898,18494.5391,18565.9707,18565.9707,1745700000,yahoo
HANGSENG,2022-09-20,18700.6797,18861.4707,18685.4609,18781.4199,18781.4199,1478200000,yahoo
HANGSENG,2022-09-21,18638.8496,18638.8496,18434.6504,18444.6191,18444.6191,1629400000,yahoo
HANGSENG,2022-09-22,18080.9297,18195.0898,17965.3301,18147.9492,18147.9492,1729100000,yahoo
HANGSENG,2022-09-23,18055.5898,18165.9492,17926.2891,17933.2695,17933.2695,1776800000,yahoo
HANGSENG,2022-09-26,17781.8691,18077.6406,17727.4004,17855.1406,17855.1406,2557100000,yahoo
HANGSENG,2022-09-27,17838.6504,17904.2109,17648.4199,17860.3105,17860.3105,1900500000,yahoo
HANGSENG,2022-09-28,17703.3906,17703.3906,17184.5391,17250.8809,17250.8809,2948500000,yahoo
HANGSENG,2022-09-29,17570.1699,17629.6699,17046.8301,17165.8691,17165.8691,2534700000,yahoo
HANGSENG,2022-09-30,17165.9297,17344.8105,17016.2793,17222.8301,17222.8301,2113900000,yahoo
HANGSENG,2022-10-03,17050.25,17252.1094,16906.9609,17079.5098,17079.5098,1361000000,yahoo
HANGSENG,2022-10-05,17811.9707,18164.1992,17682.8496,18087.9707,18087.9707,2256100000,yahoo
HANGSENG,2022-10-06,18100.4805,18143.8496,17958.1406,18012.1504,18012.1504,1082400000,yahoo
HANGSENG,2022-10-07,17851.6191,17881.8691,17717.7305,17740.0508,17740.0508,1129300000,yahoo
HANGSENG,2022-10-10,17449.3594,17449.3594,17174.6094,17216.6602,17216.6602,1771800000,yahoo
HANGSENG,2022-10-11,17194.7305,17206.5098,16789.9707,16832.3594,16832.3594,1797700000,yahoo
HANGSENG,2022-10-12,16758.2695,17040.6992,16438.5996,16701.0293,16701.0293,2407400000,yahoo
HANGSENG,2022-10-13,16700.6504,16736.5898,16389.1094,16389.1094,16389.1094,2241900000,yahoo
HANGSENG,2022-10-14,16671.6797,17028.6797,16535.3691,16587.6895,16587.6895,2322700000,yahoo
HANGSENG,2022-10-17,16479.7402,16754.5195,16308.9502,16612.9004,16612.9004,2061200000,yahoo
HANGSENG,2022-10-18,16860.1992,16914.5801,16558.4102,16914.5801,16914.5801,1971300000,yahoo
HANGSENG,2022-10-19,16805.9102,16923.1191,16508.3691,16511.2793,16511.2793,1714000000,yahoo
HANGSENG,2022-10-20,16230.79,16452.9707,16010.7197,16280.2197,16280.2197,2295300000,yahoo
HANGSENG,2022-10-21,16331.1104,16359.04,16137.1797,16211.1201,16211.1201,2052400000,yahoo
HANGSENG,2022-10-24,15894.75,15993.8799,15082.8398,15180.6904,15180.6904,3597400000,yahoo
HANGSENG,2022-10-25,15242.0996,15435.3701,14947.3896,15165.5898,15165.5898,3275300000,yahoo
HANGSENG,2022-10-26,15096.3203,15584.0596,15041.4004,15317.6699,15317.6699,2718600000,yahoo
HANGSENG,2022-10-27,15721.2695,15833.2803,15410.9697,15427.9404,15427.9404,2526200000,yahoo
HANGSENG,2022-10-28,15424.9404,15441.9902,14770.0898,14863.0596,14863.0596,3051300000,yahoo
HANGSENG,2022-10-31,14830.6904,15113.1504,14597.3096,14687.0195,14687.0195,4183600000,yahoo
HANGSENG,2022-11-01,14859.9199,15632.8496,14859.9199,15455.2695,15455.2695,3787400000,yahoo
HANGSENG,2022-11-02,15389.5498,15867.2402,15276.7598,15827.1699,15827.1699,2774600000,yahoo
HANGSENG,2022-11-03,15477.7402,15623.1797,15301.6699,15339.4902,15339.4902,2544800000,yahoo
HANGSENG,2022-11-04,15442.7598,16513.1602,15442.7598,16161.1396,16161.1396,3951100000,yahoo
HANGSENG,2022-11-07,16031.79,16821.8906,15980.8496,16595.9102,16595.9102,3227800000,yahoo
HANGSENG,2022-11-08,16640.5996,16719.0098,16429.8105,16557.3105,16557.3105,2071200000,yahoo
HANGSENG,2022-11-09,16552.8008,16730.1992,16213.0303,16358.5195,16358.5195,3271000000,yahoo
HANGSENG,2022-11-10,16138.2197,16138.2197,15945.2002,16081.04,16081.04,2204700000,yahoo
HANGSENG,2022-11-11,17120.0508,17368.0391,16829,17325.6602,17325.6602,5112600000,yahoo
HANGSENG,2022-11-14,17999.2598,18011.6406,17518.8809,17619.7109,17619.7109,5547500000,yahoo
HANGSENG,2022-11-15,17665.8008,18356.7793,17552.3008,18343.1191,18343.1191,4900000000,yahoo
HANGSENG,2022-11-16,18169.2109,18414.0898,18031.8691,18256.4805,18256.4805,3918400000,yahoo
HANGSENG,2022-11-17,18071.5996,18220.8105,17711.8398,18045.6602,18045.6602,2930400000,yahoo
HANGSENG,2022-11-18,18316.3594,18378.0605,17910.1895,17992.5391,17992.5391,2792900000,yahoo
HANGSENG,2022-11-21,17654.1504,17746.3398,17389.4492,17655.9102,17655.9102,2231000000,yahoo
HANGSENG,2022-11-22,17625.1895,17751.9297,17287.5996,17424.4102,17424.4102,3024900000,yahoo
HANGSENG,2022-11-23,17460.9004,17640.8398,17375.9609,17523.8105,17523.8105,2423800000,yahoo
HANGSENG,2022-11-24,17684.5293,17759.2402,17517.1191,17660.9004,17660.9004,2910400000,yahoo
HANGSENG,2022-11-25,17673.1992,17673.1992,17412.0391,17573.5801,17573.5801,3176700000,yahoo
HANGSENG,2022-11-28,17000.2305,17364.2109,16833.6797,17297.9395,17297.9395,2799300000,yahoo
HANGSENG,2022-11-29,17558.5996,18204.6797,17536.4492,18204.6797,18204.6797,4273400000,yahoo
HANGSENG,2022-11-30,18141.5605,18645.3496,18052.3203,18597.2305,18597.2305,5359700000,yahoo
HANGSENG,2022-12-01,19058.9004,19237.4492,18679.3496,18736.4395,18736.4395,4262000000,yahoo
HANGSENG,2022-12-02,18785.2793,18841.2207,18530.8203,18675.3496,18675.3496,3757400000,yahoo
HANGSENG,2022-12-05,19221.6797,19539.5996,19035.1406,19518.2891,19518.2891,4890100000,yahoo
HANGSENG,2022-12-06,19211.6992,19569.6699,19202.8691,19441.1797,19441.1797,3552100000,yahoo
HANGSENG,2022-12-07,19380.8008,19737.3105,18799.8105,18814.8203,18814.8203,5308900000,yahoo
HANGSENG,2022-12-08,18965.0508,19521.5996,18965.0508,19450.2305,19450.2305,2856200000,yahoo
HANGSENG,2022-12-09,19484.2305,19926.4805,19404.5,19900.8691,19900.8691,4023300000,yahoo
HANGSENG,2022-12-12,19594.5195,19718.0801,19366.2207,19463.6309,19463.6309,3115200000,yahoo
HANGSENG,2022-12-13,19458.0195,19707.75,19382.3008,19596.1992,19596.1992,2584100000,yahoo
HANGSENG,2022-12-14,19775.3301,19859.75,19528.7109,19673.4492,19673.4492,2758700000,yahoo
HANGSENG,2022-12-15,19612.6699,19675.6797,19233.8594,19368.5898,19368.5898,2243400000,yahoo
HANGSENG,2022-12-16,19343.6992,19621.1309,19130.5293,19450.6699,19450.6699,2876000000,yahoo
HANGSENG,2022-12-19,19472.2109,19786.2891,19255.9492,19352.8105,19352.8105,2238200000,yahoo
HANGSENG,2022-12-20,19156.9395,19283.1406,18885.1992,19094.8008,19094.8008,1938500000,yahoo
HANGSENG,2022-12-21,19190.9102,19255.7402,19063.3008,19160.4902,19160.4902,1348400000,yahoo
HANGSENG,2022-12-22,19537.4492,19735,19475.6797,19679.2207,19679.2207,1939800000,yahoo
HANGSENG,2022-12-23,19382.2305,19686.7695,19380.4707,19593.0605,19593.0605,1363700000,yahoo
HANGSENG,2022-12-28,19787.9395,20099.7695,19787.9395,19898.9102,19898.9102,2823800000,yahoo
HANGSENG,2022-12-29,19648.4004,19764.5195,19539.8398,19741.1406,19741.1406,2902400000,yahoo
HANGSENG,2022-12-30,20030.8496,20073.9199,19781.4102,19781.4102,19781.4102,1747700000,yahoo
INDIAVIX,2022-01-03,16.22,16.81,15.45,16.45,16.45,0,yahoo
INDIAVIX,2022-01-04,16.45,16.68,15.71,16.12,16.12,0,yahoo
INDIAVIX,2022-01-05,16.12,17.38,15.09,17.23,17.23,0,yahoo
INDIAVIX,2022-01-06,17.23,18.42,16.4,17.98,17.98,0,yahoo
INDIAVIX,2022-01-07,17.98,18.09,16.86,17.6,17.6,0,yahoo
INDIAVIX,2022-01-10,17.6,18.39,15.84,17.68,17.68,0,yahoo
INDIAVIX,2022-01-11,17.68,18.25,16.44,17.76,17.76,0,yahoo
INDIAVIX,2022-01-12,17.76,17.93,16.55,17.18,17.18,0,yahoo
INDIAVIX,2022-01-13,17.18,17.52,16.61,16.7,16.7,0,yahoo
INDIAVIX,2022-01-14,16.7,17.1,15.34,16.56,16.56,0,yahoo
INDIAVIX,2022-01-17,16.56,17.55,16.27,16.77,16.77,0,yahoo
INDIAVIX,2022-01-18,16.77,17.88,16.77,17.78,17.78,0,yahoo
INDIAVIX,2022-01-19,17.78,18.45,15.94,17.82,17.82,0,yahoo
INDIAVIX,2022-01-20,17.82,18.45,17.32,17.79,17.79,0,yahoo
INDIAVIX,2022-01-21,17.79,19.61,16.98,18.89,18.89,0,yahoo
INDIAVIX,2022-01-24,18.89,23.9,18.89,22.83,22.83,0,yahoo
INDIAVIX,2022-01-25,22.83,24.14,21.18,21.36,21.36,0,yahoo
INDIAVIX,2022-01-27,21.36,23.87,20.44,21.07,21.07,0,yahoo
INDIAVIX,2022-01-28,21.07,21.32,20.28,20.7,20.7,0,yahoo
INDIAVIX,2022-01-31,20.7,22.11,20.7,21.95,21.95,0,yahoo
INDIAVIX,2022-02-01,21.95,22.07,19.75,19.98,19.98,0,yahoo
INDIAVIX,2022-02-02,19.98,19.98,18.55,18.65,18.65,0,yahoo
INDIAVIX,2022-02-03,18.65,19.6,17.41,19.16,19.16,0,yahoo
INDIAVIX,2022-02-04,19.16,19.78,18.6,18.9,18.9,0,yahoo
INDIAVIX,2022-02-07,18.9,21.08,18.18,20.44,20.44,0,yahoo
INDIAVIX,2022-02-08,20.44,20.94,19.56,19.68,19.68,0,yahoo
INDIAVIX,2022-02-09,19.68,19.68,17.89,18.56,18.56,0,yahoo
INDIAVIX,2022-02-10,18.56,18.93,16.8,17.71,17.71,0,yahoo
INDIAVIX,2022-02-11,17.71,19.53,16.86,18.68,18.68,0,yahoo
INDIAVIX,2022-02-14,18.68,23.54,18.68,22.98,22.98,0,yahoo
INDIAVIX,2022-02-15,22.98,23.14,20.43,20.61,20.61,0,yahoo
INDIAVIX,2022-02-16,20.61,21.02,19.35,20.59,20.59,0,yahoo
INDIAVIX,2022-02-17,20.59,22.37,19.46,22.01,22.01,0,yahoo
INDIAVIX,2022-02-18,22.01,23.21,21.64,22.17,22.17,0,yahoo
INDIAVIX,2022-02-21,22.17,23.76,20.57,22.9,22.9,0,yahoo
INDIAVIX,2022-02-22,22.9,27.82,22.9,26.66,26.66,0,yahoo
INDIAVIX,2022-02-23,26.66,26.66,23.91,24.54,24.54,0,yahoo
INDIAVIX,2022-02-24,24.54,33.97,24.54,31.98,31.98,0,yahoo
INDIAVIX,2022-02-25,31.98,31.98,26.15,26.74,26.74,0,yahoo
INDIAVIX,2022-02-28,26.74,29.79,26.74,28.57,28.57,0,yahoo
INDIAVIX,2022-03-02,28.57,30.84,28.57,29.23,29.23,0,yahoo
INDIAVIX,2022-03-03,29.23,29.23,27.22,28.16,28.16,0,yahoo
INDIAVIX,2022-03-04,28.16,29.93,27.22,27.96,27.96,0,yahoo
INDIAVIX,2022-03-07,27.96,30.28,27.96,29.33,29.33,0,yahoo
INDIAVIX,2022-03-08,29.33,30.06,27.11,28.59,28.59,0,yahoo
INDIAVIX,2022-03-09,28.59,28.59,27.31,27.47,27.47,0,yahoo
INDIAVIX,2022-03-10,27.47,27.47,22.96,25.58,25.58,0,yahoo
INDIAVIX,2022-03-11,25.58,25.87,24.58,25.35,25.35,0,yahoo
INDIAVIX,2022-03-14,25.35,26.21,25.09,25.68,25.68,0,yahoo
INDIAVIX,2022-03-15,25.68,27.54,23.66,26.73,26.73,0,yahoo
INDIAVIX,2022-03-16,26.73,26.73,24.01,24.12,24.12,0,yahoo
INDIAVIX,2022-03-17,24.12,24.12,20.77,22.61,22.61,0,yahoo
INDIAVIX,2022-03-21,22.61,24.71,22.61,24.62,24.62,0,yahoo
INDIAVIX,2022-03-22,24.62,25.16,23.76,24.07,24.07,0,yahoo
INDIAVIX,2022-03-23,24.07,24.98,20.45,24.75,24.75,0,yahoo
INDIAVIX,2022-03-24,24.75,25.53,23.81,23.93,23.93,0,yahoo
INDIAVIX,2022-03-25,23.93,24.27,22.91,23.43,23.43,0,yahoo
INDIAVIX,2022-03-28,23.43,24.21,19.59,22.61,22.61,0,yahoo
INDIAVIX,2022-03-29,22.61,22.61,21.1,21.3,21.3,0,yahoo
INDIAVIX,2022-03-30,21.3,21.3,19.73,20.61,20.61,0,yahoo
INDIAVIX,2022-03-31,20.61,20.94,20.21,20.56,20.56,0,yahoo
INDIAVIX,2022-04-01,20.56,20.86,18.12,18.43,18.43,0,yahoo
INDIAVIX,2022-04-04,18.43,18.83,17.59,17.91,17.91,0,yahoo
INDIAVIX,2022-04-05,17.91,18.63,16.79,18.49,18.49,0,yahoo
INDIAVIX,2022-04-06,18.49,19.28,16.81,19.02,19.02,0,yahoo
INDIAVIX,2022-04-07,19.02,19.49,17.72,19,19,0,yahoo
INDIAVIX,2022-04-08,19,20.09,17.53,17.69,17.69,0,yahoo
INDIAVIX,2022-04-11,17.69,19.15,16.64,18.27,18.27,0,yahoo
INDIAVIX,2022-04-12,18.27,18.67,15.09,18.16,18.16,0,yahoo
INDIAVIX,2022-04-13,18.16,18.4,16.19,17.79,17.79,0,yahoo
INDIAVIX,2022-04-18,17.79,20.48,17.79,19.34,19.34,0,yahoo
INDIAVIX,2022-04-19,19.34,20.81,14.63,19.77,19.77,0,yahoo
INDIAVIX,2022-04-20,19.77,20.27,17.84,18.67,18.67,0,yahoo
INDIAVIX,2022-04-21,18.67,18.67,13.35,17.85,17.85,0,yahoo
INDIAVIX,2022-04-22,17.85,18.76,17.81,18.35,18.35,0,yahoo
INDIAVIX,2022-04-25,18.35,21.76,18.35,21.26,21.26,0,yahoo
INDIAVIX,2022-04-26,21.26,21.26,19.01,19.19,19.19,0,yahoo
INDIAVIX,2022-04-27,19.19,21.37,19.19,20.61,20.61,0,yahoo
INDIAVIX,2022-04-28,20.61,20.61,19.02,19.38,19.38,0,yahoo
INDIAVIX,2022-04-29,19.38,19.65,18.21,19.42,19.42,0,yahoo
INDIAVIX,2022-05-02,19.42,21.06,19.42,20.28,20.28,0,yahoo
INDIAVIX,2022-05-04,20.28,22.39,18.43,21.88,21.88,0,yahoo
INDIAVIX,2022-05-05,21.88,21.88,19.61,20.29,20.29,0,yahoo
INDIAVIX,2022-05-06,20.29,21.81,19.33,21.25,21.25,0,yahoo
INDIAVIX,2022-05-09,21.25,22.52,18.96,22.03,22.03,0,yahoo
INDIAVIX,2022-05-10,22.03,22.52,21.22,22.3,22.3,0,yahoo
INDIAVIX,2022-05-11,22.3,24.19,20.48,22.8,22.8,0,yahoo
INDIAVIX,2022-05-12,22.8,25.32,21.15,24.27,24.27,0,yahoo
INDIAVIX,2022-05-13,24.27,24.27,20.97,23.49,23.49,0,yahoo
INDIAVIX,2022-05-16,23.49,24.71,21.28,24.53,24.53,0,yahoo
INDIAVIX,2022-05-17,24.53,24.84,17.1,22.74,22.74,0,yahoo
INDIAVIX,2022-05-18,22.74,23.06,21.34,22.3,22.3,0,yahoo
INDIAVIX,2022-05-19,22.3,25.15,22.3,24.56,24.56,0,yahoo
INDIAVIX,2022-05-20,24.56,24.56,22.44,23.1,23.1,0,yahoo
INDIAVIX,2022-05-23,23.1,23.98,20.5,23.4,23.4,0,yahoo
INDIAVIX,2022-05-24,23.4,25.99,23.16,25.64,25.64,0,yahoo
INDIAVIX,2022-05-25,25.64,25.64,24.36,25.28,25.28,0,yahoo
INDIAVIX,2022-05-26,25.28,25.28,22.54,22.72,22.72,0,yahoo
INDIAVIX,2022-05-27,22.72,22.72,21.2,21.48,21.48,0,yahoo
INDIAVIX,2022-05-30,21.48,21.48,19.72,19.98,19.98,0,yahoo
INDIAVIX,2022-05-31,19.98,20.75,19.68,20.48,20.48,0,yahoo
INDIAVIX,2022-06-01,20.48,21.34,18.23,20.85,20.85,0,yahoo
INDIAVIX,2022-06-02,20.85,21,18.38,20.32,20.32,0,yahoo
INDIAVIX,2022-06-03,20.32,20.32,18.74,19.98,19.98,0,yahoo
INDIAVIX,2022-06-06,19.98,20.68,18.65,20.2,20.2,0,yahoo
INDIAVIX,2022-06-07,20.2,21.07,19.43,20.43,20.43,0,yahoo
INDIAVIX,2022-06-08,20.43,20.69,19.39,19.84,19.84,0,yahoo
INDIAVIX,2022-06-09,19.84,19.84,18.16,19.14,19.14,0,yahoo
INDIAVIX,2022-06-10,19.14,19.76,18.26,19.58,19.58,0,yahoo
INDIAVIX,2022-06-13,19.58,22.8,19.58,22.37,22.37,0,yahoo
INDIAVIX,2022-06-14,22.37,22.64,18.95,21.89,21.89,0,yahoo
INDIAVIX,2022-06-15,21.89,22.37,20.95,22.15,22.15,0,yahoo
INDIAVIX,2022-06-16,22.15,28.13,19.75,22.87,22.87,0,yahoo
INDIAVIX,2022-06-17,22.87,23.69,18.02,22.76,22.76,0,yahoo
INDIAVIX,2022-06-20,22.76,23.64,16,22.41,22.41,0,yahoo
INDIAVIX,2022-06-21,22.41,22.41,20.48,21.14,21.14,0,yahoo
INDIAVIX,2022-06-22,21.14,21.79,19.32,21.3,21.3,0,yahoo
INDIAVIX,2022-06-23,21.3,21.71,18.36,20.88,20.88,0,yahoo
INDIAVIX,2022-06-24,20.88,21.27,18.68,20.55,20.55,0,yahoo
INDIAVIX,2022-06-27,20.55,21.12,19.55,21.01,21.01,0,yahoo
INDIAVIX,2022-06-28,21.01,21.68,20.51,21.45,21.45,0,yahoo
INDIAVIX,2022-06-29,21.45,22.09,21.45,21.9,21.9,0,yahoo
INDIAVIX,2022-06-30,21.9,22.27,21.54,21.84,21.84,0,yahoo
INDIAVIX,2022-07-01,21.84,22.43,21.14,21.25,21.25,0,yahoo
INDIAVIX,2022-07-04,21.25,22.25,20.92,20.97,20.97,0,yahoo
INDIAVIX,2022-07-05,20.97,20.99,20.24,20.79,20.79,0,yahoo
INDIAVIX,2022-07-06,20.79,20.79,19.82,20.27,20.27,0,yahoo
INDIAVIX,2022-07-07,20.27,20.27,19.01,19.2,19.2,0,yahoo
INDIAVIX,2022-07-08,19.2,19.2,18.22,18.4,18.4,0,yahoo
INDIAVIX,2022-07-11,18.4,19.22,16.65,18.37,18.37,0,yahoo
INDIAVIX,2022-07-12,18.37,18.64,17.3,18.55,18.55,0,yahoo
INDIAVIX,2022-07-13,18.55,18.76,17.74,18.52,18.52,0,yahoo
INDIAVIX,2022-07-14,18.52,18.69,17.75,18.34,18.34,0,yahoo
INDIAVIX,2022-07-15,18.34,18.34,17.53,17.6,17.6,0,yahoo
INDIAVIX,2022-07-18,17.6,18.18,16.47,17.16,17.16,0,yahoo
INDIAVIX,2022-07-19,17.16,17.67,16.35,17.2,17.2,0,yahoo
INDIAVIX,2022-07-20,17.2,17.27,15.66,16.82,16.82,0,yahoo
INDIAVIX,2022-07-21,16.82,17.21,15.97,16.86,16.86,0,yahoo
INDIAVIX,2022-07-22,16.86,16.96,16.16,16.65,16.65,0,yahoo
INDIAVIX,2022-07-25,16.65,17.91,16.18,17.68,17.68,0,yahoo
INDIAVIX,2022-07-26,17.68,18.27,17.36,18.17,18.17,0,yahoo
INDIAVIX,2022-07-27,18.17,18.64,17.75,18.13,18.13,0,yahoo
INDIAVIX,2022-07-28,18.13,18.13,16.84,17.01,17.01,0,yahoo
INDIAVIX,2022-07-29,17.01,18.65,16.49,16.55,16.55,0,yahoo
INDIAVIX,2022-08-01,16.55,17.63,15.89,17.49,17.49,0,yahoo
INDIAVIX,2022-08-02,17.49,18.76,17.49,18.53,18.53,0,yahoo
INDIAVIX,2022-08-03,18.53,19.17,17.95,18.45,18.45,0,yahoo
INDIAVIX,2022-08-04,18.45,21.06,17.63,19.26,19.26,0,yahoo
INDIAVIX,2022-08-05,19.26,19.39,18.01,18.92,18.92,0,yahoo
INDIAVIX,2022-08-08,18.92,20.18,17.78,19.3,19.3,0,yahoo
INDIAVIX,2022-08-10,19.3,20.77,18.86,19.59,19.59,0,yahoo
INDIAVIX,2022-08-11,19.59,19.59,18.2,18.36,18.36,0,yahoo
INDIAVIX,2022-08-12,18.36,18.52,17.41,17.61,17.61,0,yahoo
INDIAVIX,2022-08-16,17.61,18.36,17.01,17.68,17.68,0,yahoo
INDIAVIX,2022-08-17,17.68,17.79,16.55,17.68,17.68,0,yahoo
INDIAVIX,2022-08-18,17.68,18.44,16.72,17.35,17.35,0,yahoo
INDIAVIX,2022-08-19,17.35,18.57,16.88,18.29,18.29,0,yahoo
INDIAVIX,2022-08-22,18.29,19.3,17.2,19.04,19.04,0,yahoo
INDIAVIX,2022-08-23,19.04,19.59,18.18,19.05,19.05,0,yahoo
INDIAVIX,2022-08-24,19.05,19.34,17.99,18.43,18.43,0,yahoo
INDIAVIX,2022-08-25,18.43,20.22,17.27,19.57,19.57,0,yahoo
INDIAVIX,2022-08-26,19.57,19.57,15.83,18.22,18.22,0,yahoo
INDIAVIX,2022-08-29,18.22,21.21,18.22,19.82,19.82,0,yahoo
INDIAVIX,2022-08-30,19.82,19.82,17.26,18.7,18.7,0,yahoo
INDIAVIX,2022-09-01,18.7,20.99,18.11,19.87,19.87,0,yahoo
INDIAVIX,2022-09-02,19.87,20.14,17.4,19.55,19.55,0,yahoo
INDIAVIX,2022-09-05,19.55,20.29,19.45,19.66,19.66,0,yahoo
INDIAVIX,2022-09-06,19.66,20,18.65,19.52,19.52,0,yahoo
INDIAVIX,2022-09-07,19.52,20.18,18.28,19.37,19.37,0,yahoo
INDIAVIX,2022-09-08,19.37,19.37,17.3,18.31,18.31,0,yahoo
INDIAVIX,2022-09-09,18.31,18.51,16.55,17.72,17.72,0,yahoo
INDIAVIX,2022-09-12,17.72,18.38,16.39,17.94,17.94,0,yahoo
INDIAVIX,2022-09-13,17.94,17.94,16.86,17.47,17.47,0,yahoo
INDIAVIX,2022-09-14,17.47,18.57,17.26,18.28,18.28,0,yahoo
INDIAVIX,2022-09-15,18.28,19.22,16.78,18.39,18.39,0,yahoo
INDIAVIX,2022-09-16,18.39,20.24,18.3,19.82,19.82,0,yahoo
INDIAVIX,2022-09-19,19.82,21.21,16.47,19.94,19.94,0,yahoo
INDIAVIX,2022-09-20,19.94,19.94,18.11,18.8,18.8,0,yahoo
INDIAVIX,2022-09-21,18.8,20.29,18.31,19.33,19.33,0,yahoo
INDIAVIX,2022-09-22,19.33,20.14,17.41,18.82,18.82,0,yahoo
INDIAVIX,2022-09-23,18.82,20.81,17.35,20.59,20.59,0,yahoo
INDIAVIX,2022-09-26,20.59,22.9,18.81,21.89,21.89,0,yahoo
INDIAVIX,2022-09-27,21.89,22.29,20.79,21.57,21.57,0,yahoo
INDIAVIX,2022-09-28,21.57,22.36,21.49,22.1,22.1,0,yahoo
INDIAVIX,2022-09-29,22.1,22.29,21.07,21.3,21.3,0,yahoo
INDIAVIX,2022-09-30,21.3,21.99,19.7,19.97,19.97,0,yahoo
INDIAVIX,2022-10-03,19.97,21.68,19.97,21.37,21.37,0,yahoo
INDIAVIX,2022-10-04,21.37,21.37,19.45,19.57,19.57,0,yahoo
INDIAVIX,2022-10-06,19.57,20.02,18.59,19.32,19.32,0,yahoo
INDIAVIX,2022-10-07,19.32,19.73,18.69,18.81,18.81,0,yahoo
INDIAVIX,2022-10-10,18.81,20.34,18.81,19.62,19.62,0,yahoo
INDIAVIX,2022-10-11,19.62,20.82,19.09,20.49,20.49,0,yahoo
INDIAVIX,2022-10-12,20.49,20.89,19.89,20.18,20.18,0,yahoo
INDIAVIX,2022-10-13,20.18,20.94,18.4,20.29,20.29,0,yahoo
INDIAVIX,2022-10-14,20.29,20.63,18.08,18.26,18.26,0,yahoo
INDIAVIX,2022-10-17,18.26,19.08,18.26,18.42,18.42,0,yahoo
INDIAVIX,2022-10-18,18.42,18.42,16.58,17.45,17.45,0,yahoo
INDIAVIX,2022-10-19,17.45,17.56,16.23,17.49,17.49,0,yahoo
INDIAVIX,2022-10-20,17.49,17.76,15.57,17.23,17.23,0,yahoo
INDIAVIX,2022-10-21,17.23,17.43,16.59,17.28,17.28,0,yahoo
INDIAVIX,2022-10-24,17.28,17.67,17.07,17.42,17.42,0,yahoo
INDIAVIX,2022-10-25,17.42,17.62,16.49,16.88,16.88,0,yahoo
INDIAVIX,2022-10-27,16.88,17.07,14.79,16.6,16.6,0,yahoo
INDIAVIX,2022-10-28,16.6,17.04,15.85,15.92,15.92,0,yahoo
INDIAVIX,2022-10-31,15.92,16.63,15.07,15.8,15.8,0,yahoo
INDIAVIX,2022-11-01,15.8,16.2,15.11,16.13,16.13,0,yahoo
INDIAVIX,2022-11-02,16.13,16.86,14.68,16.66,16.66,0,yahoo
INDIAVIX,2022-11-03,16.66,16.73,14.99,15.94,15.94,0,yahoo
INDIAVIX,2022-11-04,15.94,16.21,15.48,15.66,15.66,0,yahoo
INDIAVIX,2022-11-07,15.66,16.36,15.28,15.59,15.59,0,yahoo
INDIAVIX,2022-11-09,15.59,16.07,15.02,15.92,15.92,0,yahoo
INDIAVIX,2022-11-10,15.92,16.29,15.49,15.57,15.57,0,yahoo
INDIAVIX,2022-11-11,15.57,15.57,14.28,14.41,14.41,0,yahoo
INDIAVIX,2022-11-14,14.41,15.27,12.56,14.91,14.91,0,yahoo
INDIAVIX,2022-11-15,14.91,15.02,13.83,14.64,14.64,0,yahoo
INDIAVIX,2022-11-16,14.64,15.53,13.93,15.1,15.1,0,yahoo
INDIAVIX,2022-11-17,15.1,16.26,13.09,14.88,14.88,0,yahoo
INDIAVIX,2022-11-18,14.88,15.69,13.86,14.39,14.39,0,yahoo
INDIAVIX,2022-11-21,14.39,15.55,13.36,14.8,14.8,0,yahoo
INDIAVIX,2022-11-22,14.8,16.27,13.32,13.84,13.84,0,yahoo
INDIAVIX,2022-11-23,13.84,14.33,11.88,14.04,14.04,0,yahoo
INDIAVIX,2022-11-24,14.04,14.04,13,13.48,13.48,0,yahoo
INDIAVIX,2022-11-25,13.48,15.77,12.77,13.33,13.33,0,yahoo
INDIAVIX,2022-11-28,13.33,14.06,12.41,13.57,13.57,0,yahoo
INDIAVIX,2022-11-29,13.57,14.62,12.41,13.62,13.62,0,yahoo
INDIAVIX,2022-11-30,13.62,14.05,12.75,13.81,13.81,0,yahoo
INDIAVIX,2022-12-01,13.81,14.23,12.99,13.36,13.36,0,yahoo
INDIAVIX,2022-12-02,13.36,14.09,12.96,13.45,13.45,0,yahoo
INDIAVIX,2022-12-05,13.45,14.42,13.45,13.73,13.73,0,yahoo
INDIAVIX,2022-12-06,13.73,14.25,12.18,14.04,14.04,0,yahoo
INDIAVIX,2022-12-07,14.04,14.46,13.8,14.08,14.08,0,yahoo
INDIAVIX,2022-12-08,14.08,14.89,13.26,13.4,13.4,0,yahoo
INDIAVIX,2022-12-09,13.4,13.96,11.91,13.48,13.48,0,yahoo
INDIAVIX,2022-12-12,13.48,14.15,12.53,13.32,13.32,0,yahoo
INDIAVIX,2022-12-13,13.32,13.58,11.43,12.88,12.88,0,yahoo
INDIAVIX,2022-12-14,12.88,13.08,11.53,12.89,12.89,0,yahoo
INDIAVIX,2022-12-15,12.89,13.88,12.59,13.73,13.73,0,yahoo
INDIAVIX,2022-12-16,13.73,14.22,12.49,14.07,14.07,0,yahoo
INDIAVIX,2022-12-19,14.07,14.49,13.5,13.55,13.55,0,yahoo
INDIAVIX,2022-12-20,13.55,14.92,13.04,13.78,13.78,0,yahoo
INDIAVIX,2022-12-21,13.78,16.01,12.46,15.56,15.56,0,yahoo
INDIAVIX,2022-12-22,15.56,16.3,14.44,15.19,15.19,0,yahoo
INDIAVIX,2022-12-23,15.19,16.48,14.48,16.16,16.16,0,yahoo
INDIAVIX,2022-12-27,15.93,16.13,14.93,15.29,15.29,0,yahoo
INDIAVIX,2022-12-28,15.29,15.65,15.27,15.4,15.4,0,yahoo
INDIAVIX,2022-12-29,15.4,15.77,14.71,14.81,14.81,0,yahoo
INDIAVIX,2022-12-30,14.81,15.12,14.28,14.87,14.87,0,yahoo
NASDAQ,2022-01-03,15732.5,15832.7998,15644.0898,15832.7998,15832.7998,4429960000,yahoo
NASDAQ,2022-01-04,15852.1396,15852.1396,15512.4102,15622.7197,15622.7197,5131110000,yahoo
NASDAQ,2022-01-05,15547.1602,15586.2998,15095.1797,15100.1699,15100.1699,5031850000,yahoo
NASDAQ,2022-01-06,15024.1504,15198.4502,14914.8701,15080.8604,15080.8604,4790820000,yahoo
NASDAQ,2022-01-07,15095.7197,15171.0195,14877.6299,14935.9004,14935.9004,4238070000,yahoo
NASDAQ,2022-01-10,14751.7803,14953.8496,14530.2305,14942.8301,14942.8301,5317180000,yahoo
NASDAQ,2022-01-11,14919.2598,15158.71,14837.6299,15153.4502,15153.4502,4390710000,yahoo
NASDAQ,2022-01-12,15263.0996,15319.0303,15117.29,15188.3896,15188.3896,4338530000,yahoo
NASDAQ,2022-01-13,15245.04,15259.71,14782.2402,14806.8096,14806.8096,4302020000,yahoo
NASDAQ,2022-01-14,14708.0195,14897.6797,14689.4297,14893.75,14893.75,4374020000,yahoo
NASDAQ,2022-01-18,14681.8301,14740.54,14482.9404,14506.9004,14506.9004,5060790000,yahoo
NASDAQ,2022-01-19,14582.2197,14658.8896,14331.6504,14340.2598,14340.2598,4665340000,yahoo
NASDAQ,2022-01-20,14462.8496,14642.0303,14140.7803,14154.0195,14154.0195,5102050000,yahoo
NASDAQ,2022-01-21,14046.2197,14171.7197,13764.2402,13768.9199,13768.9199,5870830000,yahoo
NASDAQ,2022-01-24,13481.5,13876.6104,13094.6504,13855.1299,13855.1299,6998770000,yahoo
NASDAQ,2022-01-25,13610.8701,13781.6201,13414.1396,13539.29,13539.29,5019380000,yahoo
NASDAQ,2022-01-26,13871.7695,14002.6504,13392.1904,13542.1201,13542.1201,5771140000,yahoo
NASDAQ,2022-01-27,13710.9902,13765.9102,13322.6602,13352.7803,13352.7803,5177380000,yahoo
NASDAQ,2022-01-28,13436.71,13771.9102,13236.5596,13770.5703,13770.5703,4971930000,yahoo
NASDAQ,2022-01-31,13812.1904,14242.9004,13767.71,14239.8799,14239.8799,5124940000,yahoo
NASDAQ,2022-02-01,14277.4297,14358.6904,14070.7695,14346,14346,4671850000,yahoo
NASDAQ,2022-02-02,14494.4697,14504.8203,14264.6504,14417.5498,14417.5498,4673140000,yahoo
NASDAQ,2022-02-03,14045.8301,14207.8896,13851.7402,13878.8203,13878.8203,4326300000,yahoo
NASDAQ,2022-02-04,13958.4805,14222.7598,13850.3896,14098.0098,14098.0098,4121340000,yahoo
NASDAQ,2022-02-07,14118.79,14236.3096,13974.0996,14015.6699,14015.6699,4268730000,yahoo
NASDAQ,2022-02-08,13984.4297,14226.4805,13934.7803,14194.4502,14194.4502,4293770000,yahoo
NASDAQ,2022-02-09,14368.1602,14490.7197,14330.8701,14490.3701,14490.3701,4729730000,yahoo
NASDAQ,2022-02-10,14228.6797,14509.5596,14118.2002,14185.6396,14185.6396,5212510000,yahoo
NASDAQ,2022-02-11,14213.6201,14246.7002,13733.1602,13791.1504,13791.1504,5237320000,yahoo
NASDAQ,2022-02-14,13768.9697,13921.71,13664.7598,13790.9199,13790.9199,4347350000,yahoo
NASDAQ,2022-02-15,13997.1797,14142.4902,13976.29,14139.7598,14139.7598,4416840000,yahoo
NASDAQ,2022-02-16,14038.9199,14163.7305,13931.9902,14124.0898,14124.0898,4238560000,yahoo
NASDAQ,2022-02-17,14004.1904,14020.8203,13704.7002,13716.7197,13716.7197,4278370000,yahoo
NASDAQ,2022-02-18,13735.4004,13762.4004,13465.5596,13548.0703,13548.0703,4501940000,yahoo
NASDAQ,2022-02-22,13424.3604,13618.7197,13249.6504,13381.5195,13381.5195,4849170000,yahoo
NASDAQ,2022-02-23,13511.75,13533.7803,13032.1699,13037.4902,13037.4902,4639330000,yahoo
NASDAQ,2022-02-24,12587.8799,13486.1104,12587.8799,13473.5898,13473.5898,6180200000,yahoo
NASDAQ,2022-02-25,13485.2598,13696.8604,13358.29,13694.6201,13694.6201,4628720000,yahoo
NASDAQ,2022-02-28,13570.8301,13810.6396,13549.9004,13751.4004,13751.4004,5928130000,yahoo
NASDAQ,2022-03-01,13716.7002,13777.04,13441.3203,13532.46,13532.46,6131350000,yahoo
NASDAQ,2022-03-02,13597.5303,13796.5498,13493.9102,13752.0195,13752.0195,5246390000,yahoo
NASDAQ,2022-03-03,13837.5898,13837.5898,13472.6396,13537.9404,13537.9404,5092580000,yahoo
NASDAQ,2022-03-04,13455.2305,13486.71,13224.9805,13313.4404,13313.4404,5343900000,yahoo
NASDAQ,2022-03-07,13328.3604,13353.2803,12828.0195,12830.96,12830.96,6195370000,yahoo
NASDAQ,2022-03-08,12800.04,13159.4404,12670.0801,12795.5498,12795.5498,6683960000,yahoo
NASDAQ,2022-03-09,13113.7002,13301.1602,13039.79,13255.5498,13255.5498,5396550000,yahoo
NASDAQ,2022-03-10,13098.3496,13163.5,12946.2803,13129.96,13129.96,5071250000,yahoo
NASDAQ,2022-03-11,13229.7695,13239.3496,12830.3701,12843.8096,12843.8096,5288210000,yahoo
NASDAQ,2022-03-14,12795.1201,12918.0098,12555.3496,12581.2197,12581.2197,5876710000,yahoo
NASDAQ,2022-03-15,12685.2305,12973.8799,12616.5898,12948.6201,12948.6201,5440100000,yahoo
NASDAQ,2022-03-16,13119.3701,13440.1201,12992.2002,13436.5498,13436.5498,6552210000,yahoo
NASDAQ,2022-03-17,13360.7197,13620.7998,13317.1396,13614.7803,13614.7803,5612090000,yahoo
NASDAQ,2022-03-18,13564.6299,13899.2803,13528.0596,13893.8398,13893.8398,8149290000,yahoo
NASDAQ,2022-03-21,13860.3896,13945.8096,13682.5498,13838.46,13838.46,5673940000,yahoo
NASDAQ,2022-03-22,13866.4297,14141.0703,13857.29,14108.8203,14108.8203,5445100000,yahoo
NASDAQ,2022-03-23,13990.3496,14152.1396,13921.6504,13922.5996,13922.5996,5024230000,yahoo
NASDAQ,2022-03-24,14001.3203,14193.5498,13897.2002,14191.8398,14191.8398,5149520000,yahoo
NASDAQ,2022-03-25,14194.7197,14218.7598,14010.79,14169.2998,14169.2998,5585100000,yahoo
NASDAQ,2022-03-28,14177.21,14356,14101.3398,14354.9004,14354.9004,5129500000,yahoo
NASDAQ,2022-03-29,14500.3896,14646.9004,14419.4004,14619.6396,14619.6396,6060890000,yahoo
NASDAQ,2022-03-30,14558.5898,14609.25,14383.4502,14442.2695,14442.2695,5479200000,yahoo
NASDAQ,2022-03-31,14444.7803,14456.7402,14217.7197,14220.5195,14220.5195,5453890000,yahoo
NASDAQ,2022-04-01,14269.5303,14306.9404,14131.8096,14261.5,14261.5,5002790000,yahoo
NASDAQ,2022-04-04,14304.3496,14534.3799,14286.4502,14532.5498,14532.5498,4630100000,yahoo
NASDAQ,2022-04-05,14490.2598,14500.29,14169.1201,14204.1699,14204.1699,4727710000,yahoo
NASDAQ,2022-04-06,14002.5801,14032.8398,13788.9004,13888.8203,13888.8203,5360420000,yahoo
NASDAQ,2022-04-07,13861.4902,13978.25,13689.2305,13897.2998,13897.2998,4856090000,yahoo
NASDAQ,2022-04-08,13830.4697,13866.0596,13693.6904,13711,13711,4574080000,yahoo
NASDAQ,2022-04-11,13547.29,13585.0801,13401.3896,13411.96,13411.96,4946680000,yahoo
NASDAQ,2022-04-12,13584.6904,13685.9502,13317.7402,13371.5703,13371.5703,4991720000,yahoo
NASDAQ,2022-04-13,13373.1201,13679.4297,13353.6602,13643.5898,13643.5898,4909720000,yahoo
NASDAQ,2022-04-14,13647.4297,13662.9297,13345.2197,13351.0801,13351.0801,4642240000,yahoo
NASDAQ,2022-04-18,13319.3896,13414.2695,13222.0303,13332.3604,13332.3604,4365230000,yahoo
NASDAQ,2022-04-19,13312.4404,13643.9697,13281.2197,13619.6602,13619.6602,4562840000,yahoo
NASDAQ,2022-04-20,13665.3799,13678.5498,13426.1299,13453.0703,13453.0703,4678930000,yahoo
NASDAQ,2022-04-21,13623.7002,13710.7002,13140.8301,13174.6504,13174.6504,5233110000,yahoo
NASDAQ,2022-04-22,13168.7998,13212.5996,12828.0195,12839.29,12839.29,4475090000,yahoo
NASDAQ,2022-04-25,12749.1699,13011.4502,12722.5898,13004.8496,13004.8496,4845160000,yahoo
NASDAQ,2022-04-26,12918.04,12918.04,12490.7402,12490.7402,12490.7402,5168160000,yahoo
NASDAQ,2022-04-27,12500.8799,12703.79,12430.9004,12488.9297,12488.9297,4810720000,yahoo
NASDAQ,2022-04-28,12712.8604,12948.5195,12487.8604,12871.5303,12871.5303,5067150000,yahoo
NASDAQ,2022-04-29,12710.4199,12861.8301,12315.7402,12334.6396,12334.6396,4733070000,yahoo
NASDAQ,2022-05-02,12331.6904,12542.54,12202.4102,12536.0195,12536.0195,4918240000,yahoo
NASDAQ,2022-05-03,12511.46,12645.8301,12460.9902,12563.7598,12563.7598,4547280000,yahoo
NASDAQ,2022-05-04,12574.7305,12985.0098,12367.0195,12964.8604,12964.8604,5498050000,yahoo
NASDAQ,2022-05-05,12787.5195,12787.5195,12183.5596,12317.6904,12317.6904,5308920000,yahoo
NASDAQ,2022-05-06,12246.8301,12358.4199,11990.1504,12144.6602,12144.6602,5324480000,yahoo
NASDAQ,2022-05-09,11923.0303,11990.6104,11574.9404,11623.25,11623.25,5939140000,yahoo
NASDAQ,2022-05-10,11900.3398,11944.9404,11566.2803,11737.6699,11737.6699,6218260000,yahoo
NASDAQ,2022-05-11,11645.5703,11844.5098,11339.1797,11364.2402,11364.2402,6152370000,yahoo
NASDAQ,2022-05-12,11199.25,11547.3301,11108.7598,11370.96,11370.96,6679470000,yahoo
NASDAQ,2022-05-13,11555.9697,11856.71,11510.2598,11805,11805,5894020000,yahoo
NASDAQ,2022-05-16,11727.1396,11804.5898,11627.5303,11662.79,11662.79,4930250000,yahoo
NASDAQ,2022-05-17,11905.5703,11988.4297,11754.2803,11984.5195,11984.5195,5093960000,yahoo
NASDAQ,2022-05-18,11790.6797,11826.2197,11381.6904,11418.1504,11418.1504,5064120000,yahoo
NASDAQ,2022-05-19,11364.4004,11562.8203,11313.3096,11388.5,11388.5,5154410000,yahoo
NASDAQ,2022-05-20,11542.6699,11552.21,11035.6904,11354.6201,11354.6201,5434370000,yahoo
NASDAQ,2022-05-23,11396.2803,11552.0703,11304.5596,11535.2695,11535.2695,4552200000,yahoo
NASDAQ,2022-05-24,11326.4404,11351.6104,11092.4805,11264.4502,11264.4502,4724430000,yahoo
NASDAQ,2022-05-25,11225.0303,11511.9004,11211.8496,11434.7402,11434.7402,4519690000,yahoo
NASDAQ,2022-05-26,11409.8398,11796.9697,11406.1602,11740.6504,11740.6504,4672620000,yahoo
NASDAQ,2022-05-27,11869.6904,12131.6602,11856.8203,12131.1299,12131.1299,4793900000,yahoo
NASDAQ,2022-05-31,12137.54,12190.0801,11942.5,12081.3896,12081.3896,6045500000,yahoo
NASDAQ,2022-06-01,12176.8896,12237.9404,11901.4297,11994.46,11994.46,4719900000,yahoo
NASDAQ,2022-06-02,11945.5703,12320.1201,11901.4502,12316.9004,12316.9004,4445840000,yahoo
NASDAQ,2022-06-03,12097.1201,12167.4404,11966.6201,12012.7305,12012.7305,4130040000,yahoo
NASDAQ,2022-06-06,12200.3301,12245.4004,12004.2002,12061.3701,12061.3701,4647010000,yahoo
NASDAQ,2022-06-07,11925.8096,12194.8604,11888.6104,12175.2305,12175.2305,4411240000,yahoo
NASDAQ,2022-06-08,12147.2803,12235.7803,12052.7002,12086.2695,12086.2695,4708980000,yahoo
NASDAQ,2022-06-09,12016.4697,12115.0596,11751.9805,11754.2305,11754.2305,5408460000,yahoo
NASDAQ,2022-06-10,11543.8799,11569.1504,11328.2695,11340.0195,11340.0195,5152020000,yahoo
NASDAQ,2022-06-13,10986.8496,11071.4805,10775.1396,10809.2305,10809.2305,5937320000,yahoo
NASDAQ,2022-06-14,10897.4297,10926.8096,10733.04,10828.3496,10828.3496,4819890000,yahoo
NASDAQ,2022-06-15,10968.4004,11244.2598,10866.3896,11099.1504,11099.1504,5368500000,yahoo
NASDAQ,2022-06-16,10806.0195,10831.0703,10565.1396,10646.0996,10646.0996,5696630000,yahoo
NASDAQ,2022-06-17,10697.5498,10884.71,10638.7197,10798.3496,10798.3496,7452830000,yahoo
NASDAQ,2022-06-21,10974.0498,11164.9902,10974.0498,11069.2998,11069.2998,5226260000,yahoo
NASDAQ,2022-06-22,10941.9502,11216.7695,10938.0596,11053.0801,11053.0801,5238180000,yahoo
NASDAQ,2022-06-23,11137.6797,11260.2695,11046.2803,11232.1904,11232.1904,5258200000,yahoo
NASDAQ,2022-06-24,11351.3096,11613.2305,11337.7803,11607.6201,11607.6201,9468130000,yahoo
NASDAQ,2022-06-27,11661.0195,11677.4902,11487.0703,11524.5498,11524.5498,5047860000,yahoo
NASDAQ,2022-06-28,11542.2402,11635.8496,11177.6797,11181.54,11181.54,5433220000,yahoo
NASDAQ,2022-06-29,11160.2197,11226.3301,11072.1904,11177.8896,11177.8896,5650860000,yahoo
NASDAQ,2022-06-30,11048.25,11160.9199,10850.0098,11028.7402,11028.7402,5654520000,yahoo
NASDAQ,2022-07-01,11006.8301,11132.5498,10922.71,11127.8496,11127.8496,4865730000,yahoo
NASDAQ,2022-07-05,10964.1797,11323.8896,10911.4502,11322.2402,11322.2402,5053570000,yahoo
NASDAQ,2022-07-06,11337.9004,11443.1504,11250.3203,11361.8496,11361.8496,4851170000,yahoo
NASDAQ,2022-07-07,11422.5996,11644.4697,11412.8799,11621.3496,11621.3496,4685050000,yahoo
NASDAQ,2022-07-08,11503.6104,11689.7002,11479.7695,11635.3096,11635.3096,4526570000,yahoo
NASDAQ,2022-07-11,11524.4902,11541.0996,11348.0596,11372.5996,11372.5996,4362910000,yahoo
NASDAQ,2022-07-12,11420.8896,11483.1699,11207.0801,11264.7305,11264.7305,4317860000,yahoo
NASDAQ,2022-07-13,11056.5498,11325.6699,11031.2695,11247.5801,11247.5801,4433060000,yahoo
NASDAQ,2022-07-14,11151.21,11279.9697,11005.9297,11251.1904,11251.1904,4481070000,yahoo
NASDAQ,2022-07-15,11379.3604,11454.6904,11295.3301,11452.4199,11452.4199,4369060000,yahoo
NASDAQ,2022-07-18,11561.6396,11629.0303,11322.8398,11360.0498,11360.0498,5057920000,yahoo
NASDAQ,2022-07-19,11515,11721.2197,11448.9697,11713.1504,11713.1504,5302740000,yahoo
NASDAQ,2022-07-20,11726.0898,11939.96,11703.3604,11897.6504,11897.6504,5467080000,yahoo
NASDAQ,2022-07-21,11914.1504,12060.5898,11812.7197,12059.6104,12059.6104,4680930000,yahoo
NASDAQ,2022-07-22,12025.3701,12093.0195,11767.1904,11834.1104,11834.1104,4721880000,yahoo
NASDAQ,2022-07-25,11837.96,11855.1104,11707.5303,11782.6699,11782.6699,4346520000,yahoo
NASDAQ,2022-07-26,11701.5303,11711.3096,11533.3701,11562.5703,11562.5703,4349760000,yahoo
NASDAQ,2022-07-27,11756.1904,12081.7305,11718.3799,12032.4199,12032.4199,4588480000,yahoo
NASDAQ,2022-07-28,12036.4805,12179.0898,11886.6699,12162.5898,12162.5898,4924950000,yahoo
NASDAQ,2022-07-29,12239.6904,12426.2598,12181.1299,12390.6904,12390.6904,4907410000,yahoo
NASDAQ,2022-08-01,12317.96,12499.7197,12271.9805,12368.9805,12368.9805,4396390000,yahoo
NASDAQ,2022-08-02,12287.6699,12503.3398,12260.4805,12348.7598,12348.7598,4792140000,yahoo
NASDAQ,2022-08-03,12433.8701,12699.6396,12425.21,12668.1602,12668.1602,5667990000,yahoo
NASDAQ,2022-08-04,12675.04,12736.1904,12600.7803,12720.5801,12720.5801,5451470000,yahoo
NASDAQ,2022-08-05,12538.7998,12720.4404,12525.7695,12657.5498,12657.5498,4911300000,yahoo
NASDAQ,2022-08-08,12703.7197,12855.1504,12597.75,12644.46,12644.46,5238600000,yahoo
NASDAQ,2022-08-09,12557.4902,12582.9102,12438.8604,12493.9297,12493.9297,5307340000,yahoo
NASDAQ,2022-08-10,12793.4404,12861.4404,12698.6104,12854.7998,12854.7998,5196210000,yahoo
NASDAQ,2022-08-11,12944.8203,13026.2402,12760.0898,12779.9102,12779.9102,5815960000,yahoo
NASDAQ,2022-08-12,12866.3096,13047.1904,12821.2197,13047.1904,13047.1904,4782610000,yahoo
NASDAQ,2022-08-15,12996.6299,13146.0596,12993.7803,13128.0498,13128.0498,4476040000,yahoo
NASDAQ,2022-08-16,13082.6396,13181.0898,12979.2402,13102.5498,13102.5498,5028410000,yahoo
NASDAQ,2022-08-17,12968.6299,13053.5098,12863.0098,12938.1201,12938.1201,5229520000,yahoo
NASDAQ,2022-08-18,12937.79,13002.6602,12873.4902,12965.3398,12965.3398,4724350000,yahoo
NASDAQ,2022-08-19,12832.2695,12859.0098,12674.8701,12705.2197,12705.2197,4628170000,yahoo
NASDAQ,2022-08-22,12523.1602,12538.5498,12353.7305,12381.5703,12381.5703,4270980000,yahoo
NASDAQ,2022-08-23,12380.3701,12490.8496,12352.0303,12381.2998,12381.2998,3836180000,yahoo
NASDAQ,2022-08-24,12375.1504,12504.3301,12350.1602,12431.5303,12431.5303,3917170000,yahoo
NASDAQ,2022-08-25,12506.3701,12641.2598,12471.9805,12639.2695,12639.2695,4323470000,yahoo
NASDAQ,2022-08-26,12630.5801,12655.8398,12141.5195,12141.71,12141.71,4530000000,yahoo
NASDAQ,2022-08-29,12021.0498,12124.8701,11981.4199,12017.6699,12017.6699,4209850000,yahoo
NASDAQ,2022-08-30,12093.0596,12101.8496,11790.0195,11883.1396,11883.1396,4681520000,yahoo
NASDAQ,2022-08-31,11972.5596,12027.4297,11814.1699,11816.2002,11816.2002,4952010000,yahoo
NASDAQ,2022-09-01,11707.4404,11798.3701,11546.5195,11785.1299,11785.1299,4792890000,yahoo
NASDAQ,2022-09-02,11899.1396,11945.9102,11573.5098,11630.8604,11630.8604,4257410000,yahoo
NASDAQ,2022-09-06,11643.0303,11679.4297,11471.5,11544.9102,11544.9102,4622940000,yahoo
NASDAQ,2022-09-07,11559.3799,11819.0703,11555.0801,11791.9004,11791.9004,4445640000,yahoo
NASDAQ,2022-09-08,11679.8604,11896.7305,11660.5303,11862.1299,11862.1299,4329910000,yahoo
NASDAQ,2022-09-09,11958.6104,12132.6699,11958.6104,12112.3096,12112.3096,4401590000,yahoo
NASDAQ,2022-09-12,12174.9404,12270.1904,12169.2803,12266.4102,12266.4102,4146680000,yahoo
NASDAQ,2022-09-13,11908.8096,11957.9697,11604.4297,11633.5703,11633.5703,5188380000,yahoo
NASDAQ,2022-09-14,11680.4102,11746.8301,11602.7598,11719.6797,11719.6797,4861530000,yahoo
NASDAQ,2022-09-15,11633.2402,11760.7305,11497.1104,11552.3604,11552.3604,4805910000,yahoo
NASDAQ,2022-09-16,11401.21,11460.4297,11316.9199,11448.4004,11448.4004,7451840000,yahoo
NASDAQ,2022-09-19,11338.5703,11538.1299,11337.8301,11535.0195,11535.0195,4168670000,yahoo
NASDAQ,2022-09-20,11440.1396,11520.9902,11343.7197,11425.0498,11425.0498,4028100000,yahoo
NASDAQ,2022-09-21,11466.21,11613.5703,11218.9902,11220.1904,11220.1904,4471000000,yahoo
NASDAQ,2022-09-22,11167.3799,11203.7695,11024.6396,11066.8096,11066.8096,4916470000,yahoo
NASDAQ,2022-09-23,10952.6904,10958.29,10732.7197,10867.9297,10867.9297,5134350000,yahoo
NASDAQ,2022-09-26,10833.3799,11024,10789.0498,10802.9199,10802.9199,4697730000,yahoo
NASDAQ,2022-09-27,10955.29,11040.9805,10741.0195,10829.5,10829.5,4445050000,yahoo
NASDAQ,2022-09-28,10817.5195,11101.5,10776.3398,11051.6396,11051.6396,4556100000,yahoo
NASDAQ,2022-09-29,10894.4404,10899.4697,10623.2197,10737.5098,10737.5098,4516630000,yahoo
NASDAQ,2022-09-30,10697.71,10883.04,10572.3301,10575.6201,10575.6201,4649710000,yahoo
NASDAQ,2022-10-03,10659.0098,10875.46,10577.8896,10815.4297,10815.4297,4415440000,yahoo
NASDAQ,2022-10-04,11054.7197,11189.96,11044.04,11176.4102,11176.4102,5004780000,yahoo
NASDAQ,2022-10-05,11022.6699,11210.3203,10910.7598,11148.6396,11148.6396,4091860000,yahoo
NASDAQ,2022-10-06,11129.04,11230.4404,11051.2695,11073.3096,11073.3096,4423320000,yahoo
NASDAQ,2022-10-07,10877.2803,10891.9297,10608.5195,10652.4004,10652.4004,4634190000,yahoo
NASDAQ,2022-10-10,10659.9502,10669.9297,10449.04,10542.0996,10542.0996,3989640000,yahoo
NASDAQ,2022-10-11,10484.3701,10608.8398,10351.9805,10426.1904,10426.1904,4738840000,yahoo
NASDAQ,2022-10-12,10437,10494.5303,10372.21,10417.0996,10417.0996,4091030000,yahoo
NASDAQ,2022-10-13,10131.8203,10697.71,10088.8301,10649.1504,10649.1504,5300080000,yahoo
NASDAQ,2022-10-14,10742.8096,10766.6904,10308.8096,10321.3896,10321.3896,4393000000,yahoo
NASDAQ,2022-10-17,10575.6504,10696.5898,10569.6904,10675.7998,10675.7998,4439190000,yahoo
NASDAQ,2022-10-18,10963.9902,10972.9697,10670.1201,10772.4004,10772.4004,5047360000,yahoo
NASDAQ,2022-10-19,10689.3096,10808.04,10592.8799,10680.5098,10680.5098,4955090000,yahoo
NASDAQ,2022-10-20,10657.4102,10837.2998,10574.5498,10614.8398,10614.8398,4628010000,yahoo
NASDAQ,2022-10-21,10576.04,10875.7197,10542.4297,10859.7197,10859.7197,4706440000,yahoo
NASDAQ,2022-10-24,10867.0703,10983.5195,10713.3301,10952.6104,10952.6104,4808710000,yahoo
NASDAQ,2022-10-25,10996.9697,11210.3799,10996.9697,11199.1201,11199.1201,5141760000,yahoo
NASDAQ,2022-10-26,10969.0195,11205.8398,10948.3799,10970.9902,10970.9902,5224440000,yahoo
NASDAQ,2022-10-27,10971.9502,10998.7305,10780.5,10792.6699,10792.6699,4773520000,yahoo
NASDAQ,2022-10-28,10766.2002,11117.04,10766.2002,11102.4502,11102.4502,4731940000,yahoo
NASDAQ,2022-10-31,11028.4297,11047.9404,10914.0098,10988.1504,10988.1504,4753740000,yahoo
NASDAQ,2022-11-01,11154.7402,11156.3496,10881.1904,10890.8496,10890.8496,4677520000,yahoo
NASDAQ,2022-11-02,10885.0098,10993.2402,10522.9004,10524.7998,10524.7998,5436420000,yahoo
NASDAQ,2022-11-03,10399.4502,10486.0098,10319.54,10342.9404,10342.9404,5102190000,yahoo
NASDAQ,2022-11-04,10548.1396,10553.6299,10262.9297,10475.25,10475.25,5453750000,yahoo
NASDAQ,2022-11-07,10516.9404,10587.96,10428.9102,10564.5195,10564.5195,4456690000,yahoo
NASDAQ,2022-11-08,10611.5303,10745.6396,10472.7305,10616.2002,10616.2002,5134500000,yahoo
NASDAQ,2022-11-09,10528.4502,10564.9697,10344.0098,10353.1699,10353.1699,4977460000,yahoo
NASDAQ,2022-11-10,10869.1699,11119.1201,10779.9502,11114.1504,11114.1504,6433000000,yahoo
NASDAQ,2022-11-11,11124.75,11352.4297,11069.8301,11323.3301,11323.3301,5867750000,yahoo
NASDAQ,2022-11-14,11233.9004,11350.1201,11167.1699,11196.2197,11196.2197,5004060000,yahoo
NASDAQ,2022-11-15,11474.8203,11492.6201,11241.1504,11358.4102,11358.4102,5617310000,yahoo
NASDAQ,2022-11-16,11260.0996,11286.0996,11162.9199,11183.6602,11183.6602,4585190000,yahoo
NASDAQ,2022-11-17,11008.6699,11198.8398,11006.21,11144.96,11144.96,4354360000,yahoo
NASDAQ,2022-11-18,11257.0098,11259.4404,11059.1602,11146.0596,11146.0596,4175420000,yahoo
NASDAQ,2022-11-21,11091.0098,11128.7803,10999.75,11024.5098,11024.5098,3977130000,yahoo
NASDAQ,2022-11-22,11058.5596,11179.8701,10975.6602,11174.4102,11174.4102,4186360000,yahoo
NASDAQ,2022-11-23,11174.6104,11310.8203,11174.6104,11285.3203,11285.3203,4431530000,yahoo
NASDAQ,2022-11-25,11231,11261.5703,11206.3799,11226.3604,11226.3604,2184080000,yahoo
NASDAQ,2022-11-28,11147.5703,11217.75,11020.6904,11049.5,11049.5,4271360000,yahoo
NASDAQ,2022-11-29,11060.0195,11086.0195,10944.3701,10983.7803,10983.7803,4592830000,yahoo
NASDAQ,2022-11-30,10995.2002,11468.4697,10966.5303,11468,11468,6653460000,yahoo
NASDAQ,2022-12-01,11475.1699,11546.7695,11378.75,11482.4502,11482.4502,5158120000,yahoo
NASDAQ,2022-12-02,11308.3799,11492.3203,11296.7197,11461.5,11461.5,4523010000,yahoo
NASDAQ,2022-12-05,11380.9902,11425.5098,11193.0195,11239.9404,11239.9404,4510030000,yahoo
NASDAQ,2022-12-06,11228.4199,11241.4199,10956.2002,11014.8896,11014.8896,4713330000,yahoo
NASDAQ,2022-12-07,10963.9502,11039.8096,10910.6201,10958.5498,10958.5498,4343860000,yahoo
NASDAQ,2022-12-08,11011.3301,11119.1602,10939.4697,11082,11082,4281800000,yahoo
NASDAQ,2022-12-09,11038.1699,11138.7002,10999.2598,11004.6201,11004.6201,4337440000,yahoo
NASDAQ,2022-12-12,11015.4805,11144.6699,10984.8203,11143.7402,11143.7402,4829990000,yahoo
NASDAQ,2022-12-13,11542.8398,11571.6396,11160.54,11256.8096,11256.8096,6126890000,yahoo
NASDAQ,2022-12-14,11248.0898,11352.0898,11065.2402,11170.8896,11170.8896,5485150000,yahoo
NASDAQ,2022-12-15,11012.6201,11029.5703,10775.6104,10810.5303,10810.5303,5536070000,yahoo
NASDAQ,2022-12-16,10767.6299,10833.2402,10642.0996,10705.4102,10705.4102,7968170000,yahoo
NASDAQ,2022-12-19,10707.4404,10713.9697,10497.5498,10546.0303,10546.0303,4631820000,yahoo
NASDAQ,2022-12-20,10490.8896,10609.46,10446.8203,10547.1104,10547.1104,4707190000,yahoo
NASDAQ,2022-12-21,10592,10753.5703,10569.2002,10709.3701,10709.3701,4401420000,yahoo
NASDAQ,2022-12-22,10586.46,10599.3398,10313.3203,10476.1201,10476.1201,5125070000,yahoo
NASDAQ,2022-12-23,10437.75,10514.7598,10361.8203,10497.8604,10497.8604,3544680000,yahoo
NASDAQ,2022-12-27,10462.1904,10472.3203,10340.7305,10353.2305,10353.2305,3827290000,yahoo
NASDAQ,2022-12-28,10339.2002,10414.8203,10207.4697,10213.29,10213.29,3842970000,yahoo
NASDAQ,2022-12-29,10321.46,10502.0801,10301.0596,10478.0898,10478.0898,4154100000,yahoo
NASDAQ,2022-12-30,10368.3701,10468.3096,10324.7002,10466.4805,10466.4805,3959030000,yahoo
NIFTY50,2022-01-03,17387.1504,17646.6504,17383.3008,17625.6992,17625.6992,200500,yahoo
NIFTY50,2022-01-04,17681.4004,17827.5996,17593.5508,17805.25,17805.25,247400,yahoo
NIFTY50,2022-01-05,17820.0996,17944.6992,17748.8496,17925.25,17925.25,251500,yahoo
NIFTY50,2022-01-06,17768.5,17797.9492,17655.5508,17745.9004,17745.9004,236500,yahoo
NIFTY50,2022-01-07,17797.5996,17905,17704.5508,17812.6992,17812.6992,239300,yahoo
NIFTY50,2022-01-10,17913.3008,18017.4492,17879.1504,18003.3008,18003.3008,232400,yahoo
NIFTY50,2022-01-11,17997.75,18081.25,17964.4004,18055.75,18055.75,220200,yahoo
NIFTY50,2022-01-12,18170.4004,18227.9492,18128.8008,18212.3496,18212.3496,245000,yahoo
NIFTY50,2022-01-13,18257,18272.25,18163.8008,18257.8008,18257.8008,303700,yahoo
NIFTY50,2022-01-14,18185,18286.9492,18119.6504,18255.75,18255.75,229500,yahoo
NIFTY50,2022-01-17,18235.6504,18321.5508,18228.75,18308.0996,18308.0996,266700,yahoo
NIFTY50,2022-01-18,18337.1992,18350.9492,18085.9004,18113.0508,18113.0508,227500,yahoo
NIFTY50,2022-01-19,18129.1992,18129.1992,17884.9004,17938.4004,17938.4004,276700,yahoo
NIFTY50,2022-01-20,17921,17943.6992,17648.4492,17757,17757,258100,yahoo
NIFTY50,2022-01-21,17613.6992,17707.5996,17485.8496,17617.1504,17617.1504,277600,yahoo
NIFTY50,2022-01-24,17575.1504,17599.4004,16997.8496,17149.0996,17149.0996,323800,yahoo
NIFTY50,2022-01-25,17001.5508,17309.1504,16836.8008,17277.9492,17277.9492,326500,yahoo
NIFTY50,2022-01-27,17062,17182.5,16866.75,17110.1504,17110.1504,395600,yahoo
NIFTY50,2022-01-28,17208.3008,17373.5,17077.0996,17101.9492,17101.9492,355300,yahoo
NIFTY50,2022-01-31,17301.0508,17410,17264.1504,17339.8496,17339.8496,321700,yahoo
NIFTY50,2022-02-01,17529.4492,17622.4004,17244.5508,17576.8496,17576.8496,386400,yahoo
NIFTY50,2022-02-02,17706.1992,17794.5996,17674.8008,17780,17780,271200,yahoo
NIFTY50,2022-02-03,17767.75,17781.1504,17511.1504,17560.1992,17560.1992,226600,yahoo
NIFTY50,2022-02-04,17590.1992,17617.8008,17462.5508,17516.3008,17516.3008,261400,yahoo
NIFTY50,2022-02-07,17456.3008,17536.75,17119.4004,17213.5996,17213.5996,265000,yahoo
NIFTY50,2022-02-08,17279.8496,17306.4492,17043.6504,17266.75,17266.75,268500,yahoo
NIFTY50,2022-02-09,17370.0996,17477.1504,17339,17463.8008,17463.8008,236400,yahoo
NIFTY50,2022-02-10,17554.0996,17639.4492,17427.1504,17605.8496,17605.8496,273600,yahoo
NIFTY50,2022-02-11,17451,17454.75,17303,17374.75,17374.75,253100,yahoo
NIFTY50,2022-02-14,17076.1504,17099.5,16809.6504,16842.8008,16842.8008,305500,yahoo
NIFTY50,2022-02-15,16933.25,17375,16839.25,17352.4492,17352.4492,298700,yahoo
NIFTY50,2022-02-16,17408.4492,17490.5996,17257.6992,17322.1992,17322.1992,244500,yahoo
NIFTY50,2022-02-17,17396.5508,17442.9004,17235.8496,17304.5996,17304.5996,232100,yahoo
NIFTY50,2022-02-18,17236.0508,17380.8008,17219.1992,17276.3008,17276.3008,189600,yahoo
NIFTY50,2022-02-21,17192.25,17351.0508,17070.6992,17206.6504,17206.6504,215200,yahoo
NIFTY50,2022-02-22,16847.9492,17148.5508,16843.8008,17092.1992,17092.1992,300100,yahoo
NIFTY50,2022-02-23,17194.5,17220.6992,17027.8496,17063.25,17063.25,200200,yahoo
NIFTY50,2022-02-24,16548.9004,16705.25,16203.25,16247.9502,16247.9502,458000,yahoo
NIFTY50,2022-02-25,16515.6504,16748.8008,16478.3008,16658.4004,16658.4004,329800,yahoo
NIFTY50,2022-02-28,16481.5996,16815.9004,16356.2998,16793.9004,16793.9004,404200,yahoo
NIFTY50,2022-03-02,16593.0996,16678.5,16478.6504,16605.9492,16605.9492,517700,yahoo
NIFTY50,2022-03-03,16723.1992,16768.9492,16442.9492,16498.0508,16498.0508,442100,yahoo
NIFTY50,2022-03-04,16339.4502,16456,16133.7998,16245.3496,16245.3496,456100,yahoo
NIFTY50,2022-03-07,15867.9502,15944.5996,15711.4502,15863.1504,15863.1504,585400,yahoo
NIFTY50,2022-03-08,15747.75,16028.75,15671.4502,16013.4502,16013.4502,543600,yahoo
NIFTY50,2022-03-09,16078,16418.0508,15990,16345.3496,16345.3496,462200,yahoo
NIFTY50,2022-03-10,16757.0996,16757.3008,16447.9004,16594.9004,16594.9004,486400,yahoo
NIFTY50,2022-03-11,16528.8008,16694.4004,16470.9004,16630.4492,16630.4492,343700,yahoo
NIFTY50,2022-03-14,16633.6992,16887.9492,16606.5,16871.3008,16871.3008,314700,yahoo
NIFTY50,2022-03-15,16900.6504,16927.75,16555,16663,16663,381600,yahoo
NIFTY50,2022-03-16,16876.6504,16987.9004,16837.8496,16975.3496,16975.3496,260000,yahoo
NIFTY50,2022-03-17,17202.9004,17344.5996,17175.75,17287.0508,17287.0508,448300,yahoo
NIFTY50,2022-03-21,17329.5,17353.3496,17096.4004,17117.5996,17117.5996,285500,yahoo
NIFTY50,2022-03-22,17120.4004,17334.4004,17006.3008,17315.5,17315.5,338300,yahoo
NIFTY50,2022-03-23,17405.0508,17442.4004,17199.5996,17245.6504,17245.6504,292100,yahoo
NIFTY50,2022-03-24,17094.9492,17291.75,17091.1504,17222.75,17222.75,290300,yahoo
NIFTY50,2022-03-25,17289,17294.9004,17076.5508,17153,17153,237100,yahoo
NIFTY50,2022-03-28,17181.8496,17235.0996,17003.9004,17222,17222,253200,yahoo
NIFTY50,2022-03-29,17297.1992,17343.6504,17235.6992,17325.3008,17325.3008,235100,yahoo
NIFTY50,2022-03-30,17468.1504,17522.5,17387.1992,17498.25,17498.25,505000,yahoo
NIFTY50,2022-03-31,17519.1992,17559.8008,17435.1992,17464.75,17464.75,281100,yahoo
NIFTY50,2022-04-01,17436.9004,17703.6992,17422.6992,17670.4492,17670.4492,291800,yahoo
NIFTY50,2022-04-04,17809.0996,18114.6504,17791.4004,18053.4004,18053.4004,345500,yahoo
NIFTY50,2022-04-05,18080.5996,18095.4492,17921.5508,17957.4004,17957.4004,283500,yahoo
NIFTY50,2022-04-06,17842.75,17901,17779.8496,17807.6504,17807.6504,328800,yahoo
NIFTY50,2022-04-07,17723.3008,17787.5,17623.6992,17639.5508,17639.5508,308800,yahoo
NIFTY50,2022-04-08,17698.1504,17842.75,17600.5508,17784.3496,17784.3496,274400,yahoo
NIFTY50,2022-04-11,17740.9004,17779.0508,17650.9492,17674.9492,17674.9492,251700,yahoo
NIFTY50,2022-04-12,17584.8496,17595.3008,17442.3496,17530.3008,17530.3008,266000,yahoo
NIFTY50,2022-04-13,17599.9004,17663.6504,17457.4004,17475.6504,17475.6504,245100,yahoo
NIFTY50,2022-04-18,17183.4492,17237.75,17067.8496,17173.6504,17173.6504,376100,yahoo
NIFTY50,2022-04-19,17258.9492,17275.6504,16824.6992,16958.6504,16958.6504,401400,yahoo
NIFTY50,2022-04-20,17045.25,17186.9004,16978.9492,17136.5508,17136.5508,286100,yahoo
NIFTY50,2022-04-21,17234.5996,17414.6992,17215.5,17392.5996,17392.5996,285200,yahoo
NIFTY50,2022-04-22,17242.75,17315.3008,17149.1992,17171.9492,17171.9492,262700,yahoo
NIFTY50,2022-04-25,17009.0508,17054.3008,16888.6992,16953.9492,16953.9492,275700,yahoo
NIFTY50,2022-04-26,17121.3008,17223.8496,17064.4492,17200.8008,17200.8008,261100,yahoo
NIFTY50,2022-04-27,17073.3496,17110.6992,16958.4492,17038.4004,17038.4004,265100,yahoo
NIFTY50,2022-04-28,17189.5,17322.5,17071.0508,17245.0508,17245.0508,312900,yahoo
NIFTY50,2022-04-29,17329.25,17377.6504,17053.25,17102.5508,17102.5508,336200,yahoo
NIFTY50,2022-05-02,16924.4492,17092.25,16917.25,17069.0996,17069.0996,278200,yahoo
NIFTY50,2022-05-04,17096.5996,17132.8496,16623.9492,16677.5996,16677.5996,310600,yahoo
NIFTY50,2022-05-05,16854.75,16945.6992,16651.8496,16682.6504,16682.6504,265800,yahoo
NIFTY50,2022-05-06,16415.5508,16484.1992,16340.9004,16411.25,16411.25,300500,yahoo
NIFTY50,2022-05-09,16227.7002,16403.6992,16142.0996,16301.8496,16301.8496,288400,yahoo
NIFTY50,2022-05-10,16248.9004,16404.5508,16197.2998,16240.0498,16240.0498,283100,yahoo
NIFTY50,2022-05-11,16270.0498,16318.75,15992.5996,16167.0996,16167.0996,284300,yahoo
NIFTY50,2022-05-12,16021.0996,16041.9502,15735.75,15808,15808,314900,yahoo
NIFTY50,2022-05-13,15977,16083.5996,15740.8496,15782.1504,15782.1504,369100,yahoo
NIFTY50,2022-05-16,15845.0996,15977.9502,15739.6504,15842.2998,15842.2998,217600,yahoo
NIFTY50,2022-05-17,15912.5996,16284.25,15900.7998,16259.2998,16259.2998,295700,yahoo
NIFTY50,2022-05-18,16318.1504,16399.8008,16211.2002,16240.2998,16240.2998,290400,yahoo
NIFTY50,2022-05-19,15917.4004,15984.75,15775.2002,15809.4004,15809.4004,313900,yahoo
NIFTY50,2022-05-20,16043.7998,16283.0498,16003.8496,16266.1504,16266.1504,252400,yahoo
NIFTY50,2022-05-23,16290.9502,16414.6992,16185.75,16214.7002,16214.7002,293800,yahoo
NIFTY50,2022-05-24,16225.5498,16262.7998,16078.5996,16125.1504,16125.1504,249800,yahoo
NIFTY50,2022-05-25,16196.3496,16223.3496,16006.9502,16025.7998,16025.7998,243300,yahoo
NIFTY50,2022-05-26,16105,16204.4502,15903.7002,16170.1504,16170.1504,314300,yahoo
NIFTY50,2022-05-27,16296.5996,16370.5996,16221.9502,16352.4502,16352.4502,274100,yahoo
NIFTY50,2022-05-30,16527.9004,16695.5,16506.1504,16661.4004,16661.4004,251400,yahoo
NIFTY50,2022-05-31,16578.4492,16690.75,16521.9004,16584.5508,16584.5508,651600,yahoo
NIFTY50,2022-06-01,16594.4004,16649.1992,16438.8496,16522.75,16522.75,249600,yahoo
NIFTY50,2022-06-02,16481.6504,16646.4004,16443.0508,16628,16628,236000,yahoo
NIFTY50,2022-06-03,16761.6504,16793.8496,16567.9004,16584.3008,16584.3008,245500,yahoo
NIFTY50,2022-06-06,16530.6992,16610.9492,16444.5508,16569.5508,16569.5508,233600,yahoo
NIFTY50,2022-06-07,16469.5996,16487.25,16347.0996,16416.3496,16416.3496,233800,yahoo
NIFTY50,2022-06-08,16474.9492,16514.3008,16293.3496,16356.25,16356.25,243500,yahoo
NIFTY50,2022-06-09,16263.8496,16492.8008,16243.8496,16478.0996,16478.0996,205000,yahoo
NIFTY50,2022-06-10,16283.9502,16324.7002,16172.5996,16201.7998,16201.7998,189700,yahoo
NIFTY50,2022-06-13,15877.5498,15886.1504,15684,15774.4004,15774.4004,225500,yahoo
NIFTY50,2022-06-14,15674.25,15858,15659.4502,15732.0996,15732.0996,225400,yahoo
NIFTY50,2022-06-15,15729.25,15783.6504,15678.9004,15692.1504,15692.1504,183000,yahoo
NIFTY50,2022-06-16,15832.25,15863.1504,15335.0996,15360.5996,15360.5996,264700,yahoo
NIFTY50,2022-06-17,15272.6504,15400.4004,15183.4004,15293.5,15293.5,342600,yahoo
NIFTY50,2022-06-20,15334.5,15382.5,15191.0996,15350.1504,15350.1504,260000,yahoo
NIFTY50,2022-06-21,15455.9502,15707.25,15419.8496,15638.7998,15638.7998,262800,yahoo
NIFTY50,2022-06-22,15545.6504,15565.4004,15385.9502,15413.2998,15413.2998,220900,yahoo
NIFTY50,2022-06-23,15451.5498,15628.4502,15367.5,15556.6504,15556.6504,259200,yahoo
NIFTY50,2022-06-24,15657.4004,15749.25,15619.4502,15699.25,15699.25,219600,yahoo
NIFTY50,2022-06-27,15926.2002,15927.4502,15815.5,15832.0498,15832.0498,210900,yahoo
NIFTY50,2022-06-28,15757.4502,15892.0996,15710.1504,15850.2002,15850.2002,251900,yahoo
NIFTY50,2022-06-29,15701.7002,15861.5996,15687.7998,15799.0996,15799.0996,444900,yahoo
NIFTY50,2022-06-30,15774.5,15890,15728.8496,15780.25,15780.25,306000,yahoo
NIFTY50,2022-07-01,15703.7002,15793.9502,15511.0498,15752.0498,15752.0498,364100,yahoo
NIFTY50,2022-07-04,15710.5,15852.3496,15661.7998,15835.3496,15835.3496,304300,yahoo
NIFTY50,2022-07-05,15909.1504,16025.75,15785.4502,15810.8496,15810.8496,254200,yahoo
NIFTY50,2022-07-06,15818.2002,16011.3496,15800.9004,15989.7998,15989.7998,288400,yahoo
NIFTY50,2022-07-07,16113.75,16150.5,16045.9502,16132.9004,16132.9004,264600,yahoo
NIFTY50,2022-07-08,16273.6504,16275.5,16157.9004,16220.5996,16220.5996,281100,yahoo
NIFTY50,2022-07-11,16136.1504,16248.5498,16115.5,16216,16216,255900,yahoo
NIFTY50,2022-07-12,16126.2002,16158.75,16031.1504,16058.2998,16058.2998,208600,yahoo
NIFTY50,2022-07-13,16128.2002,16140,15950.1504,15966.6504,15966.6504,233300,yahoo
NIFTY50,2022-07-14,16018.8496,16070.8496,15858.2002,15938.6504,15938.6504,228600,yahoo
NIFTY50,2022-07-15,16010.7998,16066.9502,15927.2998,16049.2002,16049.2002,205800,yahoo
NIFTY50,2022-07-18,16151.4004,16287.9502,16142.2002,16278.5,16278.5,227700,yahoo
NIFTY50,2022-07-19,16187.0498,16359.5,16187.0498,16340.5498,16340.5498,222600,yahoo
NIFTY50,2022-07-20,16562.8008,16588,16490.9492,16520.8496,16520.8496,284400,yahoo
NIFTY50,2022-07-21,16523.5508,16626.9492,16483.9004,16605.25,16605.25,243600,yahoo
NIFTY50,2022-07-22,16661.25,16752.25,16610.9004,16719.4492,16719.4492,190900,yahoo
NIFTY50,2022-07-25,16662.5508,16706.0508,16564.25,16631,16631,211400,yahoo
NIFTY50,2022-07-26,16632.9004,16636.0996,16463.3008,16483.8496,16483.8496,208200,yahoo
NIFTY50,2022-07-27,16475.3496,16653.4492,16438.75,16641.8008,16641.8008,185200,yahoo
NIFTY50,2022-07-28,16774.8496,16947.6504,16746.25,16929.5996,16929.5996,376300,yahoo
NIFTY50,2022-07-29,17079.5,17172.8008,17018.1504,17158.25,17158.25,436100,yahoo
NIFTY50,2022-08-01,17243.1992,17356.25,17154.8008,17340.0508,17340.0508,381500,yahoo
NIFTY50,2022-08-02,17310.1504,17390.1504,17215.8496,17345.4492,17345.4492,333600,yahoo
NIFTY50,2022-08-03,17349.25,17407.5,17225.8496,17388.1504,17388.1504,285400,yahoo
NIFTY50,2022-08-04,17463.0996,17490.6992,17161.25,17382,17382,325000,yahoo
NIFTY50,2022-08-05,17423.6504,17474.4004,17348.75,17397.5,17397.5,355300,yahoo
NIFTY50,2022-08-08,17401.5,17548.8008,17359.75,17525.0996,17525.0996,257000,yahoo
NIFTY50,2022-08-10,17566.0996,17566.0996,17442.8008,17534.75,17534.75,312700,yahoo
NIFTY50,2022-08-11,17711.6504,17719.3008,17631.9492,17659,17659,311200,yahoo
NIFTY50,2022-08-12,17659.6504,17724.6504,17597.8496,17698.1504,17698.1504,303900,yahoo
NIFTY50,2022-08-16,17797.1992,17839.0996,17764.0508,17825.25,17825.25,0,yahoo
NIFTY50,2022-08-17,17868.1504,17965.9492,17833.3496,17944.25,17944.25,262800,yahoo
NIFTY50,2022-08-18,17898.6504,17968.4492,17852.0508,17956.5,17956.5,263900,yahoo
NIFTY50,2022-08-19,17966.5508,17992.1992,17710.75,17758.4492,17758.4492,295600,yahoo
NIFTY50,2022-08-22,17682.9004,17690.0508,17467.3496,17490.6992,17490.6992,287600,yahoo
NIFTY50,2022-08-23,17357.3496,17625.5508,17345.1992,17577.5,17577.5,285600,yahoo
NIFTY50,2022-08-24,17525.4492,17623.6504,17499.25,17604.9492,17604.9492,262000,yahoo
NIFTY50,2022-08-25,17679,17726.5,17487.4492,17522.4492,17522.4492,230200,yahoo
NIFTY50,2022-08-26,17619.3008,17685.8496,17519.3496,17558.9004,17558.9004,266600,yahoo
NIFTY50,2022-08-29,17188.6504,17380.1504,17166.1992,17312.9004,17312.9004,244900,yahoo
NIFTY50,2022-08-30,17414.9492,17777.6504,17401.5,17759.3008,17759.3008,324700,yahoo
NIFTY50,2022-09-01,17485.6992,17695.5996,17468.4492,17542.8008,17542.8008,308500,yahoo
NIFTY50,2022-09-02,17598.4004,17643.8496,17476.4492,17539.4492,17539.4492,256300,yahoo
NIFTY50,2022-09-05,17546.4492,17683.1504,17540.3496,17665.8008,17665.8008,230300,yahoo
NIFTY50,2022-09-06,17695.6992,17764.6504,17587.6504,17655.5996,17655.5996,251200,yahoo
NIFTY50,2022-09-07,17519.4004,17650.75,17484.3008,17624.4004,17624.4004,354100,yahoo
NIFTY50,2022-09-08,17748.1504,17807.6504,17691.9492,17798.75,17798.75,279800,yahoo
NIFTY50,2022-09-09,17923.3496,17925.9492,17786,17833.3496,17833.3496,270300,yahoo
NIFTY50,2022-09-12,17890.8496,17980.5508,17889.1504,17936.3496,17936.3496,228200,yahoo
NIFTY50,2022-09-13,18044.4492,18088.3008,18015.4492,18070.0508,18070.0508,259900,yahoo
NIFTY50,2022-09-14,17771.1504,18091.5508,17771.1504,18003.75,18003.75,365900,yahoo
NIFTY50,2022-09-15,18046.3496,18096.1504,17861.5,17877.4004,17877.4004,289600,yahoo
NIFTY50,2022-09-16,17796.8008,17820.0508,17497.25,17530.8496,17530.8496,468500,yahoo
NIFTY50,2022-09-19,17540.6504,17667.1992,17429.6992,17622.25,17622.25,258300,yahoo
NIFTY50,2022-09-20,17770.4004,17919.3008,17744.4004,17816.25,17816.25,263100,yahoo
NIFTY50,2022-09-21,17766.3496,17838.6992,17663.5996,17718.3496,17718.3496,245500,yahoo
NIFTY50,2022-09-22,17609.6504,17722.75,17532.4492,17629.8008,17629.8008,284100,yahoo
NIFTY50,2022-09-23,17593.8496,17642.1504,17291.6504,17327.3496,17327.3496,390800,yahoo
NIFTY50,2022-09-26,17156.3008,17196.4004,16978.3008,17016.3008,17016.3008,492000,yahoo
NIFTY50,2022-09-27,17110.9004,17176.4492,16942.3496,17007.4004,17007.4004,359900,yahoo
NIFTY50,2022-09-28,16870.5508,17037.5996,16820.4004,16858.5996,16858.5996,323900,yahoo
NIFTY50,2022-09-29,16993.5996,17026.0508,16788.5996,16818.0996,16818.0996,340000,yahoo
NIFTY50,2022-09-30,16798.0508,17187.0996,16747.6992,17094.3496,17094.3496,376100,yahoo
NIFTY50,2022-10-03,17102.0996,17114.6504,16855.5508,16887.3496,16887.3496,278400,yahoo
NIFTY50,2022-10-04,17147.4492,17287.3008,17117.3008,17274.3008,17274.3008,226000,yahoo
NIFTY50,2022-10-06,17379.25,17428.8008,17315.6504,17331.8008,17331.8008,265500,yahoo
NIFTY50,2022-10-07,17287.1992,17337.3496,17216.9492,17314.6504,17314.6504,216300,yahoo
NIFTY50,2022-10-10,17094.3496,17280.1504,17064.6992,17241,17241,234000,yahoo
NIFTY50,2022-10-11,17256.0508,17261.8008,16950.3008,16983.5508,16983.5508,282600,yahoo
NIFTY50,2022-10-12,17025.5508,17142.3496,16960.0508,17123.5996,17123.5996,256000,yahoo
NIFTY50,2022-10-13,17087.3496,17112.3496,16956.9492,17014.3496,17014.3496,266400,yahoo
NIFTY50,2022-10-14,17322.3008,17348.5508,17169.75,17185.6992,17185.6992,227000,yahoo
NIFTY50,2022-10-17,17144.8008,17328.5508,17098.5508,17311.8008,17311.8008,212200,yahoo
NIFTY50,2022-10-18,17438.75,17527.8008,17434.0508,17486.9492,17486.9492,239500,yahoo
NIFTY50,2022-10-19,17568.1504,17607.5996,17472.8496,17512.25,17512.25,210500,yahoo
NIFTY50,2022-10-20,17423.0996,17584.1504,17421,17563.9492,17563.9492,249600,yahoo
NIFTY50,2022-10-21,17622.8496,17670.1504,17520.75,17576.3008,17576.3008,277700,yahoo
NIFTY50,2022-10-24,17736.3496,17777.5508,17707.4004,17730.75,17730.75,45000,yahoo
NIFTY50,2022-10-25,17808.3008,17811.5,17637,17656.3496,17656.3496,251400,yahoo
NIFTY50,2022-10-27,17771.4004,17783.9004,17654.5,17736.9492,17736.9492,324600,yahoo
NIFTY50,2022-10-28,17756.4004,17838.9004,17723.6992,17786.8008,17786.8008,250000,yahoo
NIFTY50,2022-10-31,17910.1992,18022.8008,17899.9004,18012.1992,18012.1992,227200,yahoo
NIFTY50,2022-11-01,18130.6992,18175.8008,18060.1504,18145.4004,18145.4004,349900,yahoo
NIFTY50,2022-11-02,18177.9004,18178.75,18048.6504,18082.8496,18082.8496,270900,yahoo
NIFTY50,2022-11-03,17968.3496,18106.3008,17959.1992,18052.6992,18052.6992,213000,yahoo
NIFTY50,2022-11-04,18053.4004,18135.0996,18017.1504,18117.1504,18117.1504,267900,yahoo
NIFTY50,2022-11-07,18211.75,18255.5,18064.75,18202.8008,18202.8008,314800,yahoo
NIFTY50,2022-11-09,18288.25,18296.4004,18117.5,18157,18157,307200,yahoo
NIFTY50,2022-11-10,18044.3496,18103.0996,17969.4004,18028.1992,18028.1992,256500,yahoo
NIFTY50,2022-11-11,18272.3496,18362.3008,18259.3496,18349.6992,18349.6992,378500,yahoo
NIFTY50,2022-11-14,18376.4004,18399.4492,18311.4004,18329.1504,18329.1504,301400,yahoo
NIFTY50,2022-11-15,18362.75,18427.9492,18282,18403.4004,18403.4004,250900,yahoo
NIFTY50,2022-11-16,18398.25,18442.1504,18344.1504,18409.6504,18409.6504,219300,yahoo
NIFTY50,2022-11-17,18358.6992,18417.5996,18312.9492,18343.9004,18343.9004,200500,yahoo
NIFTY50,2022-11-18,18382.9492,18394.5996,18209.8008,18307.6504,18307.6504,198800,yahoo
NIFTY50,2022-11-21,18246.4004,18262.3008,18133.3496,18159.9492,18159.9492,213800,yahoo
NIFTY50,2022-11-22,18179.1504,18261.8496,18137.6992,18244.1992,18244.1992,177700,yahoo
NIFTY50,2022-11-23,18325.1992,18325.4004,18246,18267.25,18267.25,178800,yahoo
NIFTY50,2022-11-24,18326.0996,18529.6992,18294.25,18484.0996,18484.0996,204000,yahoo
NIFTY50,2022-11-25,18528.4492,18534.9004,18445.0996,18512.75,18512.75,205900,yahoo
NIFTY50,2022-11-28,18430.5508,18614.25,18365.5996,18562.75,18562.75,206500,yahoo
NIFTY50,2022-11-29,18552.4492,18678.0996,18552.1504,18618.0508,18618.0508,195300,yahoo
NIFTY50,2022-11-30,18625.6992,18816.0508,18616.5508,18758.3496,18758.3496,345600,yahoo
NIFTY50,2022-12-01,18871.9492,18887.5996,18778.1992,18812.5,18812.5,325000,yahoo
NIFTY50,2022-12-02,18752.4004,18781.9492,18639.1992,18696.0996,18696.0996,254400,yahoo
NIFTY50,2022-12-05,18719.5508,18728.5996,18591.3496,18701.0508,18701.0508,288400,yahoo
NIFTY50,2022-12-06,18600.6504,18654.9004,18577.9004,18642.75,18642.75,217800,yahoo
NIFTY50,2022-12-07,18638.8496,18668.3008,18528.4004,18560.5,18560.5,200500,yahoo
NIFTY50,2022-12-08,18570.8496,18625,18536.9492,18609.3496,18609.3496,202800,yahoo
NIFTY50,2022-12-09,18662.4004,18664.6992,18410.0996,18496.5996,18496.5996,215800,yahoo
NIFTY50,2022-12-12,18402.1504,18521.5508,18345.6992,18497.1504,18497.1504,193900,yahoo
NIFTY50,2022-12-13,18524.4004,18617.25,18490.1992,18608,18608,187600,yahoo
NIFTY50,2022-12-14,18671.25,18696.0996,18632.9004,18660.3008,18660.3008,208000,yahoo
NIFTY50,2022-12-15,18614.4004,18652.9004,18387.6992,18414.9004,18414.9004,183100,yahoo
NIFTY50,2022-12-16,18319.0996,18440.9492,18255.1504,18269,18269,277700,yahoo
NIFTY50,2022-12-19,18288.0996,18431.6504,18244.5508,18420.4492,18420.4492,154800,yahoo
NIFTY50,2022-12-20,18340.3008,18404.9004,18202.6504,18385.3008,18385.3008,169000,yahoo
NIFTY50,2022-12-21,18435.1504,18473.3496,18162.75,18199.0996,18199.0996,187600,yahoo
NIFTY50,2022-12-22,18288.8008,18318.75,18068.5996,18127.3496,18127.3496,195700,yahoo
NIFTY50,2022-12-23,17977.6504,18050.4492,17779.5,17806.8008,17806.8008,221500,yahoo
NIFTY50,2022-12-26,17830.4004,18084.0996,17774.25,18014.5996,18014.5996,176700,yahoo
NIFTY50,2022-12-27,18089.8008,18149.25,17967.4492,18132.3008,18132.3008,214300,yahoo
NIFTY50,2022-12-28,18084.75,18173.0996,18068.3496,18122.5,18122.5,193900,yahoo
NIFTY50,2022-12-29,18045.6992,18229.6992,17992.8008,18191,18191,281100,yahoo
NIFTY50,2022-12-30,18259.0996,18265.25,18080.3008,18105.3008,18105.3008,192000,yahoo
NIFTYIT,2022-01-03,38752.6016,39286.3516,38752.5508,39123.8008,39123.8008,16700,yahoo
NIFTYIT,2022-01-04,39243.5,39446.6992,38828.6016,39370.6992,39370.6992,19900,yahoo
NIFTYIT,2022-01-05,39261.5508,39293.1484,38409.25,38609.1484,38609.1484,25200,yahoo
NIFTYIT,2022-01-06,38181.3516,38206.6016,37757.1992,38009,38009,25900,yahoo
NIFTYIT,2022-01-07,38140.1484,38394.8008,38003.1484,38139.8516,38139.8516,21600,yahoo
NIFTYIT,2022-01-10,38596.75,38621.8984,37991.3008,38212.1992,38212.1992,32800,yahoo
NIFTYIT,2022-01-11,38186.9492,38664.3984,38138,38605.4492,38605.4492,26600,yahoo
NIFTYIT,2022-01-12,38857.75,38902.8008,38424.75,38604.75,38604.75,28100,yahoo
NIFTYIT,2022-01-13,38768.8516,38886.8516,38151.0508,38607,38607,61200,yahoo
NIFTYIT,2022-01-14,38351.3516,38892.6484,38049.6016,38826.8516,38826.8516,35700,yahoo
NIFTYIT,2022-01-17,38764.6484,38993.25,38486.3516,38804.9492,38804.9492,35400,yahoo
NIFTYIT,2022-01-18,38830.1484,38990.5508,38004.25,38091.75,38091.75,28100,yahoo
NIFTYIT,2022-01-19,38011.8984,38011.8984,37236.1484,37281.6992,37281.6992,32700,yahoo
NIFTYIT,2022-01-20,37175,37249.0508,36512.5,36662.1992,36662.1992,32000,yahoo
NIFTYIT,2022-01-21,36354.3008,36579.6484,35836.6484,36054.6016,36054.6016,34500,yahoo
NIFTYIT,2022-01-24,35934.1992,35969.8516,34563.1992,34821.6016,34821.6016,36400,yahoo
NIFTYIT,2022-01-25,34490.3516,35065.8008,33956.5508,34707.4492,34707.4492,41900,yahoo
NIFTYIT,2022-01-27,34338.1016,34362.8516,33251.6992,33475.0508,33475.0508,49300,yahoo
NIFTYIT,2022-01-28,33608.4492,34473.5,33608.4492,33851.9492,33851.9492,48300,yahoo
NIFTYIT,2022-01-31,34519.3008,34972.25,34440.3008,34824.5508,34824.5508,40400,yahoo
NIFTYIT,2022-02-01,35337.9492,35435.5,34754.3516,35371.6484,35371.6484,29800,yahoo
NIFTYIT,2022-02-02,35556.5,35845.3008,35278.5508,35788.75,35788.75,32400,yahoo
NIFTYIT,2022-02-03,35656.8516,35693.3984,34962.4492,35056.8008,35056.8008,21200,yahoo
NIFTYIT,2022-02-04,34982.6992,35194.6016,34539.8984,35080.1016,35080.1016,21600,yahoo
NIFTYIT,2022-02-07,34898,35148,34372.9492,34621.25,34621.25,21600,yahoo
NIFTYIT,2022-02-08,34687.8516,34862.1016,34189.6484,34521.5508,34521.5508,22700,yahoo
NIFTYIT,2022-02-09,34741.8516,35052.6484,34707.6484,34983.3008,34983.3008,18600,yahoo
NIFTYIT,2022-02-10,35255.9492,35379.8516,34994.75,35341.8516,35341.8516,17800,yahoo
NIFTYIT,2022-02-11,34889.4492,34917.8516,34313.25,34379.0508,34379.0508,28100,yahoo
NIFTYIT,2022-02-14,33857.3984,34466.6484,33666.25,33880.6484,33880.6484,29100,yahoo
NIFTYIT,2022-02-15,34268.3008,35017.1016,34081.0508,34913.3008,34913.3008,22600,yahoo
NIFTYIT,2022-02-16,35103.1992,35209.6992,34712.3008,34801.9492,34801.9492,21700,yahoo
NIFTYIT,2022-02-17,35022.8516,35052.3516,34564.1992,34634.1016,34634.1016,18800,yahoo
NIFTYIT,2022-02-18,34359.9492,34727.1016,34295.6992,34483.1016,34483.1016,21700,yahoo
NIFTYIT,2022-02-21,34372,34692.3516,33989.3008,34472.0508,34472.0508,27100,yahoo
NIFTYIT,2022-02-22,33678.3516,34287.1992,33600.4492,34129.5508,34129.5508,32900,yahoo
NIFTYIT,2022-02-23,34385.1016,34430.9492,34042.6992,34114.3008,34114.3008,19900,yahoo
NIFTYIT,2022-02-24,33077.6484,33396.25,32438.25,32547.9004,32547.9004,44300,yahoo
NIFTYIT,2022-02-25,33214.3516,33678,33058.8008,33476.9492,33476.9492,27500,yahoo
NIFTYIT,2022-02-28,33180.3516,33961.0508,32858.75,33847.8516,33847.8516,39200,yahoo
NIFTYIT,2022-03-02,33748.3984,33924.75,33484.6016,33720,33720,25400,yahoo
NIFTYIT,2022-03-03,34032.1992,34410.6992,33887.5508,34130.3008,34130.3008,31900,yahoo
NIFTYIT,2022-03-04,33720.6484,34504.8516,33462.1992,34177.6992,34177.6992,34400,yahoo
NIFTYIT,2022-03-07,33524.6016,34435.6016,33499.3516,34135.8984,34135.8984,34500,yahoo
NIFTYIT,2022-03-08,33977.8984,35162.9492,33977.8984,35055.5508,35055.5508,34100,yahoo
NIFTYIT,2022-03-09,35218.1484,35726.25,35154.1992,35440.5508,35440.5508,35100,yahoo
NIFTYIT,2022-03-10,35931.1484,35931.1484,35265.5,35399.1016,35399.1016,29000,yahoo
NIFTYIT,2022-03-11,35203.8008,35478.3516,35148.1016,35348.6992,35348.6992,17400,yahoo
NIFTYIT,2022-03-14,35347.9492,36071.3984,35347.9492,36028,36028,28700,yahoo
NIFTYIT,2022-03-15,36131.4492,36131.4492,34996.5508,35097.8516,35097.8516,26400,yahoo
NIFTYIT,2022-03-16,35601.3516,35787.9492,35369.6992,35729.6484,35729.6484,20900,yahoo
NIFTYIT,2022-03-17,36245.0508,36246.4492,35466.1992,35643.6016,35643.6016,42400,yahoo
NIFTYIT,2022-03-21,35829.1992,36135.5,35299.1016,35377.75,35377.75,26700,yahoo
NIFTYIT,2022-03-22,35425.9492,36119.8516,35309.5508,36070.4492,36070.4492,25700,yahoo
NIFTYIT,2022-03-23,36251.8516,36362.9492,35883.1016,36082,36082,21300,yahoo
NIFTYIT,2022-03-24,35872.5508,36597.8008,35853.1016,36516.75,36516.75,16600,yahoo
NIFTYIT,2022-03-25,36630.1992,36710.5,35914.8008,36152.3008,36152.3008,17500,yahoo
NIFTYIT,2022-03-28,36108.5,36207.75,35669.6016,36026.0508,36026.0508,18400,yahoo
NIFTYIT,2022-03-29,36075.4492,36256.3008,35982.9492,36146.75,36146.75,17500,yahoo
NIFTYIT,2022-03-30,36493.1016,36519.75,36244.4492,36463.5508,36463.5508,26800,yahoo
NIFTYIT,2022-03-31,36517.9492,36663.1992,36164.8984,36317.1992,36317.1992,21700,yahoo
NIFTYIT,2022-04-01,36228.25,36424.6016,36039.6484,36343.3984,36343.3984,18600,yahoo
NIFTYIT,2022-04-04,36347.5508,36526.75,36130.3516,36442.8984,36442.8984,18800,yahoo
NIFTYIT,2022-04-05,36534.9492,36813.1016,36423.5,36466.5508,36466.5508,22100,yahoo
NIFTYIT,2022-04-06,36371,36371.8984,35781.5,35871.5,35871.5,19000,yahoo
NIFTYIT,2022-04-07,35744.6484,35817.4492,35379.1992,35423.25,35423.25,24700,yahoo
NIFTYIT,2022-04-08,35599.3008,35679.3008,35219.6484,35394.4492,35394.4492,21400,yahoo
NIFTYIT,2022-04-11,35429.6484,35443.8008,34832.8516,34895.8984,34895.8984,29900,yahoo
NIFTYIT,2022-04-12,34683.8516,34747.75,34204.1016,34379.5,34379.5,26600,yahoo
NIFTYIT,2022-04-13,34553.1016,34591,34231.8008,34354.8008,34354.8008,18500,yahoo
NIFTYIT,2022-04-18,33174.5508,33366.1484,32600.9004,32780.0508,32780.0508,57300,yahoo
NIFTYIT,2022-04-19,33108.6484,33108.6484,31569.3496,31804.1992,31804.1992,38800,yahoo
NIFTYIT,2022-04-20,32030.75,32306.3496,31718.1504,32173.4004,32173.4004,27900,yahoo
NIFTYIT,2022-04-21,32399.5996,32700,32145.3008,32611.5996,32611.5996,26500,yahoo
NIFTYIT,2022-04-22,32287.8496,32748.8496,32186.4004,32426.6992,32426.6992,30100,yahoo
NIFTYIT,2022-04-25,32103.1992,32130.4492,31637.4492,31744,31744,22500,yahoo
NIFTYIT,2022-04-26,32088.9492,32141.4492,31683.1992,31840.0508,31840.0508,19500,yahoo
NIFTYIT,2022-04-27,31689.8496,31689.8496,31276.1504,31594.3496,31594.3496,26900,yahoo
NIFTYIT,2022-04-28,31858.5,32156.3008,31468.1504,31914.3496,31914.3496,28000,yahoo
NIFTYIT,2022-04-29,32135.9004,32212.9004,31541.3496,31622.4004,31622.4004,33500,yahoo
NIFTYIT,2022-05-02,31377.3496,31409.6504,30940.6504,31138.8008,31138.8008,37000,yahoo
NIFTYIT,2022-05-04,31260.4004,31452.8008,30663.4004,30794.5996,30794.5996,25000,yahoo
NIFTYIT,2022-05-05,31215.6992,31470.1504,31117.5,31432.4492,31432.4492,21100,yahoo
NIFTYIT,2022-05-06,30803.75,30881.0996,30278.8496,30719.4492,30719.4492,31900,yahoo
NIFTYIT,2022-05-09,30490.9492,30934.4492,30019.8008,30733.3008,30733.3008,31400,yahoo
NIFTYIT,2022-05-10,30635,30785.9492,30343.0996,30427.1992,30427.1992,22900,yahoo
NIFTYIT,2022-05-11,30425.5508,30548.5508,29669.25,30050.25,30050.25,29100,yahoo
NIFTYIT,2022-05-12,29744.5,30184.3496,29497.25,29756.8496,29756.8496,26400,yahoo
NIFTYIT,2022-05-13,30062.8008,30115.0508,29539.0508,29624.8496,29624.8496,24100,yahoo
NIFTYIT,2022-05-16,29680.6504,29875.25,29278.3496,29403.5,29403.5,18000,yahoo
NIFTYIT,2022-05-17,29503.3008,30313.9004,29339.6504,30218.75,30218.75,23400,yahoo
NIFTYIT,2022-05-18,30367.5,30823.1504,30045.6504,30077.6992,30077.6992,27900,yahoo
NIFTYIT,2022-05-19,29448.4492,29495.1504,28193.5996,28352.1504,28352.1504,45400,yahoo
NIFTYIT,2022-05-20,28884.75,28897.4492,28577.6504,28789.4004,28789.4004,26500,yahoo
NIFTYIT,2022-05-23,28861.3496,29308.25,28604.6992,29079.3008,29079.3008,22000,yahoo
NIFTYIT,2022-05-24,29123.5996,29141.5508,28425.4004,28531.5,28531.5,23400,yahoo
NIFTYIT,2022-05-25,28470.9004,28479.3496,27423.8008,27566.0996,27566.0996,33600,yahoo
NIFTYIT,2022-05-26,27729.1504,28040.25,27516.4004,27932.5508,27932.5508,31500,yahoo
NIFTYIT,2022-05-27,28302.3008,28728.3008,28210.8008,28641.5996,28641.5996,25700,yahoo
NIFTYIT,2022-05-30,29084.0996,29837.6504,29069,29753.3008,29753.3008,28000,yahoo
NIFTYIT,2022-05-31,29609.0996,29807.3496,29294.3496,29679.0508,29679.0508,55300,yahoo
NIFTYIT,2022-06-01,29822.1504,29829.75,29148.5508,29260.75,29260.75,22400,yahoo
NIFTYIT,2022-06-02,29249.8008,29875.3496,29197.9004,29792.4004,29792.4004,24100,yahoo
NIFTYIT,2022-06-03,30169.9492,30559,29858.1504,29903.8008,29903.8008,33100,yahoo
NIFTYIT,2022-06-06,29750.6992,29972.8496,29281.4492,29819.8008,29819.8008,22400,yahoo
NIFTYIT,2022-06-07,29593.4492,29650.5508,29243.9004,29351.6992,29351.6992,14300,yahoo
NIFTYIT,2022-06-08,29519.6504,29588.4004,29155.5996,29472.1504,29472.1504,14200,yahoo
NIFTYIT,2022-06-09,29254.4004,29802.8008,29062.1992,29761.5508,29761.5508,14100,yahoo
NIFTYIT,2022-06-10,29299.5,29350.5996,29022.75,29114.3008,29114.3008,23600,yahoo
NIFTYIT,2022-06-13,28419.8496,28443.8496,27792.0996,27914.5996,27914.5996,22900,yahoo
NIFTYIT,2022-06-14,27626.1992,28249.5996,27502.0508,27953.3496,27953.3496,25900,yahoo
NIFTYIT,2022-06-15,28017.9492,28131.1504,27786.6504,27812.4492,27812.4492,18600,yahoo
NIFTYIT,2022-06-16,28191.8496,28224.5,27067.4492,27136.4492,27136.4492,29200,yahoo
NIFTYIT,2022-06-17,26866.5996,26993.5508,26399.75,26732.4492,26732.4492,50900,yahoo
NIFTYIT,2022-06-20,26819.4492,27112.6504,26544.8008,26966.1992,26966.1992,22800,yahoo
NIFTYIT,2022-06-21,27202.9004,27895,27137.9004,27810.6504,27810.6504,23000,yahoo
NIFTYIT,2022-06-22,27656.3008,27824.0508,27426.0508,27488.4004,27488.4004,25100,yahoo
NIFTYIT,2022-06-23,27532.75,28100.0508,27532.75,28027.8008,28027.8008,26700,yahoo
NIFTYIT,2022-06-24,28261,28361.1992,27631.4492,27777.8008,27777.8008,24600,yahoo
NIFTYIT,2022-06-27,28293.1992,28588.6992,28251.4004,28345.9492,28345.9492,22500,yahoo
NIFTYIT,2022-06-28,28218.5,28602.0508,27983.5996,28509.0996,28509.0996,19200,yahoo
NIFTYIT,2022-06-29,28105.6992,28446.4492,28046.75,28140.0996,28140.0996,25400,yahoo
NIFTYIT,2022-06-30,28131.9492,28325.6504,27775.75,27843.3496,27843.3496,27100,yahoo
NIFTYIT,2022-07-01,27718.8008,28151,27524.3008,28064.25,28064.25,17400,yahoo
NIFTYIT,2022-07-04,28084.25,28174.4004,27643.6504,27890.6504,27890.6504,16500,yahoo
NIFTYIT,2022-07-05,28020.3008,28233.0508,27642.5996,27695.1504,27695.1504,22700,yahoo
NIFTYIT,2022-07-06,27778.6504,28148.9004,27628.5508,28007.5996,28007.5996,19400,yahoo
NIFTYIT,2022-07-07,28217.8008,28459.25,28077.0508,28196.3496,28196.3496,17500,yahoo
NIFTYIT,2022-07-08,28450.5508,28459.5508,28095.3496,28250.3008,28250.3008,18400,yahoo
NIFTYIT,2022-07-11,27855.75,27941.1992,27195.6504,27380.5508,27380.5508,31000,yahoo
NIFTYIT,2022-07-12,27248.1992,27504.4004,27022.8496,27063.75,27063.75,22900,yahoo
NIFTYIT,2022-07-13,27228.9492,27247.4492,26872.75,26949.75,26949.75,32800,yahoo
NIFTYIT,2022-07-14,27155,27162.9004,26298,26523.3008,26523.3008,29800,yahoo
NIFTYIT,2022-07-15,26664.3008,26734,26189.4004,26484.75,26484.75,34100,yahoo
NIFTYIT,2022-07-18,26801.75,27376.1992,26785.8008,27322.9492,27322.9492,28800,yahoo
NIFTYIT,2022-07-19,27071.8008,27399.5,27065.8008,27346.1504,27346.1504,23300,yahoo
NIFTYIT,2022-07-20,27701.0508,28175.5,27631.4004,28146.3496,28146.3496,35900,yahoo
NIFTYIT,2022-07-21,28116.5508,28369.9492,27848.75,28342.9004,28342.9004,42400,yahoo
NIFTYIT,2022-07-22,28429.5508,28549.25,27862.0508,28168.1504,28168.1504,27400,yahoo
NIFTYIT,2022-07-25,28006.6504,28320.8496,27890.6504,28216,28216,23800,yahoo
NIFTYIT,2022-07-26,28157.5,28157.5,27383.9492,27418.8496,27418.8496,29900,yahoo
NIFTYIT,2022-07-27,27420.6504,27908.25,27339.9492,27878.8008,27878.8008,19700,yahoo
NIFTYIT,2022-07-28,28225.0996,28703.4004,28170.4492,28663.0508,28663.0508,27400,yahoo
NIFTYIT,2022-07-29,28983.25,29355,28909.1504,29152.3008,29152.3008,31500,yahoo
NIFTYIT,2022-08-01,29376.6504,29376.6504,28928.9492,29220,29220,16500,yahoo
NIFTYIT,2022-08-02,29131.0996,29153.0508,28871.1992,29024.6504,29024.6504,21400,yahoo
NIFTYIT,2022-08-03,29002.3008,29453.3496,28929.9004,29416.9492,29416.9492,25600,yahoo
NIFTYIT,2022-08-04,29694.0508,29972.3496,29278.1504,29782.9004,29782.9004,30900,yahoo
NIFTYIT,2022-08-05,29891.8496,30080.1992,29799.1992,29973.5508,29973.5508,20200,yahoo
NIFTYIT,2022-08-08,29999.1504,30036.75,29694.1504,29967.6992,29967.6992,15200,yahoo
NIFTYIT,2022-08-10,30013.4492,30013.4492,29456.8008,29701.1504,29701.1504,19600,yahoo
NIFTYIT,2022-08-11,30164.1992,30388.9004,30073.9492,30233.6992,30233.6992,18800,yahoo
NIFTYIT,2022-08-12,30184.9492,30195,29819.1504,29885.9004,29885.9004,15100,yahoo
NIFTYIT,2022-08-16,30130.9004,30141.3496,29826.25,29909,29909,0,yahoo
NIFTYIT,2022-08-17,29917.3496,30328.1504,29784.1504,30256.9004,30256.9004,22100,yahoo
NIFTYIT,2022-08-18,30148.8008,30166.0996,29857.6504,30018.9004,30018.9004,22300,yahoo
NIFTYIT,2022-08-19,30095.4492,30474.6504,29943.9004,30036.0996,30036.0996,25500,yahoo
NIFTYIT,2022-08-22,29847.3496,29881.75,29430.9492,29478.9004,29478.9004,19900,yahoo
NIFTYIT,2022-08-23,29041.5996,29188.9004,28714.1504,28957.8496,28957.8496,25300,yahoo
NIFTYIT,2022-08-24,28981.3496,29120.3008,28762.4492,28859.8496,28859.8496,13500,yahoo
NIFTYIT,2022-08-25,29061.5508,29081.75,28561.8008,28608.6504,28608.6504,18200,yahoo
NIFTYIT,2022-08-26,28862.3496,29067.5508,28638.9492,28691.5996,28691.5996,14900,yahoo
NIFTYIT,2022-08-29,27648.0996,27773.0996,27333.0508,27678.9492,27678.9492,35900,yahoo
NIFTYIT,2022-08-30,27971.9492,28466.8008,27831.3496,28407.9004,28407.9004,30100,yahoo
NIFTYIT,2022-09-01,27987.3496,28020,27710.0508,27846.8008,27846.8008,28400,yahoo
NIFTYIT,2022-09-02,28083.3008,28085.3496,27717.1504,27745.8008,27745.8008,17000,yahoo
NIFTYIT,2022-09-05,27727,27978.8008,27669.4004,27836.5996,27836.5996,20000,yahoo
NIFTYIT,2022-09-06,27884.8496,27967.0996,27580.3496,27742.8008,27742.8008,21200,yahoo
NIFTYIT,2022-09-07,27500.5,27917.8008,27487.6992,27832.4004,27832.4004,17900,yahoo
NIFTYIT,2022-09-08,28109.6992,28206.5996,27959.6504,28102.4004,28102.4004,19800,yahoo
NIFTYIT,2022-09-09,28343.8008,28848.4004,28127.4492,28724.0508,28724.0508,21500,yahoo
NIFTYIT,2022-09-12,28975.9004,29296.1992,28932.0508,29131.1992,29131.1992,23700,yahoo
NIFTYIT,2022-09-13,29334.0508,29344.9004,29062.5996,29116.8496,29116.8496,18100,yahoo
NIFTYIT,2022-09-14,28215.75,28284.0508,28040.3008,28137.6504,28137.6504,43300,yahoo
NIFTYIT,2022-09-15,28232.8496,28265.75,27684.4004,27734.3496,27734.3496,28100,yahoo
NIFTYIT,2022-09-16,27530.5996,27575.5508,26632.9492,26706.4492,26706.4492,50200,yahoo
NIFTYIT,2022-09-19,26882.6504,27034,26506.9004,26810.1504,26810.1504,22600,yahoo
NIFTYIT,2022-09-20,27079.1504,27370.3496,26969.5508,27020.5996,27020.5996,19600,yahoo
NIFTYIT,2022-09-21,26896.8008,27020.5,26805.4492,26843.25,26843.25,25900,yahoo
NIFTYIT,2022-09-22,26659.0508,27009.0508,26552.4492,26782.6504,26782.6504,27300,yahoo
NIFTYIT,2022-09-23,26715.6504,27063.5,26560.9492,26592.3496,26592.3496,27900,yahoo
NIFTYIT,2022-09-26,26431.9004,27049.1992,26186.6992,26743.6504,26743.6504,31600,yahoo
NIFTYIT,2022-09-27,26922.5,27101.0996,26682.1504,27004.1504,27004.1504,27400,yahoo
NIFTYIT,2022-09-28,26778.8496,27243.1992,26773.8008,27067.6504,27067.6504,22600,yahoo
NIFTYIT,2022-09-29,27273.9004,27300,26721.9492,26819.0508,26819.0508,25000,yahoo
NIFTYIT,2022-09-30,26713.0508,27091,26453,26981.1504,26981.1504,27600,yahoo
NIFTYIT,2022-10-03,26950.0508,27011.5,26597.5508,26729.0996,26729.0996,16700,yahoo
NIFTYIT,2022-10-04,27163.3496,27530.8008,27106.5,27496.9492,27496.9492,22500,yahoo
NIFTYIT,2022-10-06,27734.8496,28009.3008,27726.0508,27928.75,27928.75,22200,yahoo
NIFTYIT,2022-10-07,27874.8496,27972.75,27656.6504,27733.5996,27733.5996,14900,yahoo
NIFTYIT,2022-10-10,27259.4004,28097.5996,27259.4004,28027.5996,28027.5996,23400,yahoo
NIFTYIT,2022-10-11,28065.1504,28313.3008,27400.0508,27469.5,27469.5,36400,yahoo
NIFTYIT,2022-10-12,27609.6504,27752,27416.6992,27694.6504,27694.6504,20500,yahoo
NIFTYIT,2022-10-13,27625.75,27705.25,27346.5,27506.1992,27506.1992,61300,yahoo
NIFTYIT,2022-10-14,28221.0508,28371.3008,27842.6992,27954.0508,27954.0508,44900,yahoo
NIFTYIT,2022-10-17,27903.3496,28128.8496,27798.6992,28019.1504,28019.1504,19000,yahoo
NIFTYIT,2022-10-18,28342.5,28402.9492,28211.5508,28315.1992,28315.1992,24100,yahoo
NIFTYIT,2022-10-19,28370.5,28376.6992,28007.0508,28060.3496,28060.3496,15200,yahoo
NIFTYIT,2022-10-20,27905.5996,28462.25,27901.0508,28432.1992,28432.1992,19700,yahoo
NIFTYIT,2022-10-21,28428.4004,28476.1504,28207.3008,28336.9492,28336.9492,14700,yahoo
NIFTYIT,2022-10-24,28632.8496,28663.6504,28504.5508,28534.3008,28534.3008,3800,yahoo
NIFTYIT,2022-10-25,28687.9004,28820.1504,28544.6504,28722.8496,28722.8496,16500,yahoo
NIFTYIT,2022-10-27,28787.0996,28827.4492,28403.3008,28572.1992,28572.1992,22300,yahoo
NIFTYIT,2022-10-28,28567.6504,28629.5508,28267.1992,28318.3496,28318.3496,13800,yahoo
NIFTYIT,2022-10-31,28588.6992,28843.1504,28573.25,28727.5996,28727.5996,16000,yahoo
NIFTYIT,2022-11-01,28924.25,29296.1504,28874.6504,29270.6504,29270.6504,21500,yahoo
NIFTYIT,2022-11-02,29299.4004,29307,29023.5,29138.6504,29138.6504,15600,yahoo
NIFTYIT,2022-11-03,28866.3496,28969.1992,28643.5,28795.75,28795.75,16600,yahoo
NIFTYIT,2022-11-04,28756.75,28757.9492,28425.5996,28693.0508,28693.0508,15700,yahoo
NIFTYIT,2022-11-07,28815.9492,28944.1992,28480.6504,28741.3008,28741.3008,16300,yahoo
NIFTYIT,2022-11-09,28940.4004,28940.4004,28505.3008,28626.8008,28626.8008,14000,yahoo
NIFTYIT,2022-11-10,28287.8496,28667.8496,28284.6504,28505.75,28505.75,14500,yahoo
NIFTYIT,2022-11-11,29182.3496,29733.1504,29163.75,29591.9492,29591.9492,37800,yahoo
NIFTYIT,2022-11-14,29709.75,29945.1504,29610.5508,29849.3008,29849.3008,21700,yahoo
NIFTYIT,2022-11-15,29789.8496,29926.1504,29531.6504,29865.3008,29865.3008,17000,yahoo
NIFTYIT,2022-11-16,29920.6504,30125.1992,29812.9004,29951.5,29951.5,18100,yahoo
NIFTYIT,2022-11-17,29810.4492,29838.5996,29610.0996,29681.4004,29681.4004,14000,yahoo
NIFTYIT,2022-11-18,29739.1992,29890.5,29398.9492,29669.25,29669.25,15000,yahoo
NIFTYIT,2022-11-21,29520.1504,29576.1504,29153.9004,29209.5508,29209.5508,13000,yahoo
NIFTYIT,2022-11-22,29195.6992,29478,29020.3496,29446.9004,29446.9004,15000,yahoo
NIFTYIT,2022-11-23,29574.6504,29592.0508,29365.25,29405.6504,29405.6504,13100,yahoo
NIFTYIT,2022-11-24,29507.5508,30258,29464.75,30178.6504,30178.6504,20800,yahoo
NIFTYIT,2022-11-25,30233.9004,30400.3496,29981.1504,30334.5996,30334.5996,18600,yahoo
NIFTYIT,2022-11-28,30207.75,30619.6504,30152.8496,30309.6504,30309.6504,18400,yahoo
NIFTYIT,2022-11-29,30242.4004,30568.3496,30228.0996,30345.6504,30345.6504,13300,yahoo
NIFTYIT,2022-11-30,30274.5,30499.3496,30133.9492,30391.6992,30391.6992,34400,yahoo
NIFTYIT,2022-12-01,30749.4492,31227.5996,30723.25,31120.5,31120.5,30800,yahoo
NIFTYIT,2022-12-02,31097.5508,31135.1992,30869.6992,31052.0996,31052.0996,22900,yahoo
NIFTYIT,2022-12-05,31052,31104.0996,30750.5508,30891.5,30891.5,17100,yahoo
NIFTYIT,2022-12-06,30656.1992,30690.4004,30323.9492,30443,30443,17000,yahoo
NIFTYIT,2022-12-07,30319.25,30337.3008,30091.1992,30187.0508,30187.0508,15200,yahoo
NIFTYIT,2022-12-08,30175.8496,30226.5508,29983.4004,30115,30115,14400,yahoo
NIFTYIT,2022-12-09,30196.25,30196.25,29038.5996,29168.4492,29168.4492,36300,yahoo
NIFTYIT,2022-12-12,28940.9492,29183.8008,28661.0996,29050.5,29050.5,22600,yahoo
NIFTYIT,2022-12-13,29103.5,29421.0996,28993.8008,29376.5508,29376.5508,17100,yahoo
NIFTYIT,2022-12-14,29546.9492,29810.3496,29503.0996,29713.9004,29713.9004,18400,yahoo
NIFTYIT,2022-12-15,29609.5996,29615.9492,29039.25,29087.9492,29087.9492,20500,yahoo
NIFTYIT,2022-12-16,28805.9492,29131.8496,28623.6504,28702.1992,28702.1992,32700,yahoo
NIFTYIT,2022-12-19,28567.6992,28698.25,28374.4492,28556.4492,28556.4492,19000,yahoo
NIFTYIT,2022-12-20,28464.8496,28644.0996,28109.1504,28612.5,28612.5,19300,yahoo
NIFTYIT,2022-12-21,28742.3008,28958.1504,28658.6992,28764.25,28764.25,19500,yahoo
NIFTYIT,2022-12-22,28973.3496,29022.3008,28629.8496,28763.9004,28763.9004,18200,yahoo
NIFTYIT,2022-12-23,28442.8008,28603.5996,28179.5508,28237.0508,28237.0508,19000,yahoo
NIFTYIT,2022-12-26,28268.25,28493.1992,28209.9492,28385.6992,28385.6992,12400,yahoo
NIFTYIT,2022-12-27,28551.75,28685,28333.8008,28636.25,28636.25,12800,yahoo
NIFTYIT,2022-12-28,28495.75,28715.3008,28346.25,28583.4492,28583.4492,13400,yahoo
NIFTYIT,2022-12-29,28408.3008,28724.75,28386.6504,28687.1992,28687.1992,16200,yahoo
NIFTYIT,2022-12-30,28887.8008,29027,28564.75,28621.6992,28621.6992,15500,yahoo
NIFTYPHARMA,2022-01-03,14247.6504,14280,14148.0498,14156.4004,14156.4004,15146800,yahoo
NIFTYPHARMA,2022-01-04,14207.0498,14239.4502,14017.5498,14040.6504,14040.6504,19660300,yahoo
NIFTYPHARMA,2022-01-05,14090.2998,14136.1504,13968.9502,13999.8496,13999.8496,21530400,yahoo
NIFTYPHARMA,2022-01-06,13988.5,14066.7998,13878.2998,13912.25,13912.25,15178700,yahoo
NIFTYPHARMA,2022-01-07,13949.9004,13961.75,13841.9502,13857.9502,13857.9502,13698300,yahoo
NIFTYPHARMA,2022-01-10,13896.0498,13905.4004,13800.4004,13858.9502,13858.9502,22788500,yahoo
NIFTYPHARMA,2022-01-11,13881.7002,13974.5996,13834.1504,13854.25,13854.25,21836300,yahoo
NIFTYPHARMA,2022-01-12,13935.2002,13939.25,13765.25,13833.7002,13833.7002,18417700,yahoo
NIFTYPHARMA,2022-01-13,13856.5,14097.4502,13843.5996,14051.1504,14051.1504,26484900,yahoo
NIFTYPHARMA,2022-01-14,14024.5498,14082.8496,13935.6504,13964.1504,13964.1504,29361800,yahoo
NIFTYPHARMA,2022-01-17,13954.75,13970.1504,13819.7002,13862.4502,13862.4502,29060300,yahoo
NIFTYPHARMA,2022-01-18,13887.2002,13962.9004,13676.7998,13697.5996,13697.5996,27502800,yahoo
NIFTYPHARMA,2022-01-19,13701.0498,13726.25,13536.2002,13682.7002,13682.7002,27752700,yahoo
NIFTYPHARMA,2022-01-20,13695.9004,13712.75,13415.75,13454.9004,13454.9004,18487900,yahoo
NIFTYPHARMA,2022-01-21,13409.6504,13417.5996,13150.7002,13243.0498,13243.0498,29965700,yahoo
NIFTYPHARMA,2022-01-24,13225.0996,13238.5996,12846.5498,12998.5996,12998.5996,34613000,yahoo
NIFTYPHARMA,2022-01-25,12910.2998,13120.4502,12776,13092.0996,13092.0996,25165600,yahoo
NIFTYPHARMA,2022-01-27,12973.7998,12981,12767.4004,12847.9004,12847.9004,39921700,yahoo
NIFTYPHARMA,2022-01-28,12850.8496,13208.7998,12834.2002,12983.0498,12983.0498,35243500,yahoo
NIFTYPHARMA,2022-01-31,13081.0996,13260.6504,13068.8496,13179.9004,13179.9004,28894200,yahoo
NIFTYPHARMA,2022-02-01,13280.0498,13495,13222.7002,13477.5,13477.5,30349200,yahoo
NIFTYPHARMA,2022-02-02,13517.2002,13656.9502,13484.2002,13643.6504,13643.6504,23496600,yahoo
NIFTYPHARMA,2022-02-03,13656.8496,13667.0498,13561.25,13617.5996,13617.5996,21407700,yahoo
NIFTYPHARMA,2022-02-04,13637.8496,13688.5498,13554.4004,13580.2998,13580.2998,23543700,yahoo
NIFTYPHARMA,2022-02-07,13569.1504,13590.5498,13313.5,13381.7002,13381.7002,23251300,yahoo
NIFTYPHARMA,2022-02-08,13390.7002,13508.5498,13318.2002,13444.7002,13444.7002,27907500,yahoo
NIFTYPHARMA,2022-02-09,13467.4004,13612.2002,13447.0996,13570.2998,13570.2998,17372200,yahoo
NIFTYPHARMA,2022-02-10,13602.7998,13646.5,13505.8496,13613.0498,13613.0498,29500800,yahoo
NIFTYPHARMA,2022-02-11,13524.9004,13583.25,13452.7998,13510.2998,13510.2998,27299000,yahoo
NIFTYPHARMA,2022-02-14,13334.5996,13482.7002,13218.25,13252.1504,13252.1504,27989600,yahoo
NIFTYPHARMA,2022-02-15,13192.9502,13368.0996,13162.5498,13356.9004,13356.9004,27025700,yahoo
NIFTYPHARMA,2022-02-16,13421.0498,13519.75,13332.7002,13425.0996,13425.0996,18241900,yahoo
NIFTYPHARMA,2022-02-17,13472.1504,13475.75,13310,13324.4004,13324.4004,17706300,yahoo
NIFTYPHARMA,2022-02-18,13303.75,13303.75,13189.5,13208.7998,13208.7998,19844800,yahoo
NIFTYPHARMA,2022-02-21,13168.4004,13221.5996,12999.25,13029.9004,13029.9004,15612800,yahoo
NIFTYPHARMA,2022-02-22,12807.2998,12976.3496,12768.4502,12954.5,12954.5,20826100,yahoo
NIFTYPHARMA,2022-02-23,13010.9004,13077.6504,12952.5,12976.2998,12976.2998,14989000,yahoo
NIFTYPHARMA,2022-02-24,12677.75,12808.7002,12467.9004,12500.0996,12500.0996,28138500,yahoo
NIFTYPHARMA,2022-02-25,12622.8496,12925.5,12593.0996,12899.8496,12899.8496,20880600,yahoo
NIFTYPHARMA,2022-02-28,12807.4004,12946.2002,12707.9004,12927.5996,12927.5996,33550000,yahoo
NIFTYPHARMA,2022-03-02,12841.25,12938.8496,12637.7998,12689.5498,12689.5498,30296500,yahoo
NIFTYPHARMA,2022-03-03,12793.5996,12815.2998,12617.1504,12643.75,12643.75,19830100,yahoo
NIFTYPHARMA,2022-03-04,12558.5,12731.0498,12478.0996,12600.1504,12600.1504,22704700,yahoo
NIFTYPHARMA,2022-03-07,12436.75,12570.7002,12290.9004,12546.8496,12546.8496,20405300,yahoo
NIFTYPHARMA,2022-03-08,12534,12873.75,12524.8496,12844.8496,12844.8496,28371200,yahoo
NIFTYPHARMA,2022-03-09,12929.75,13130.5,12864.2998,13059.25,13059.25,29238100,yahoo
NIFTYPHARMA,2022-03-10,13170.5498,13227.0996,13041.5498,13077.0498,13077.0498,22646400,yahoo
NIFTYPHARMA,2022-03-11,13073.6504,13426.5,13031.0996,13399,13399,41681600,yahoo
NIFTYPHARMA,2022-03-14,13420.3496,13452.4004,13315.0996,13351.9004,13351.9004,25296300,yahoo
NIFTYPHARMA,2022-03-15,13358.5996,13556.0996,13250.0996,13318.8496,13318.8496,30223600,yahoo
NIFTYPHARMA,2022-03-16,13446.5,13447.2998,13256.0996,13374.5,13374.5,17914200,yahoo
NIFTYPHARMA,2022-03-17,13439.6504,13566.1504,13436.3496,13546.0498,13546.0498,26580200,yahoo
NIFTYPHARMA,2022-03-21,13632.0996,13749.4004,13530.9004,13549.5498,13549.5498,30965200,yahoo
NIFTYPHARMA,2022-03-22,13554.5,13577.75,13400.9004,13513.1504,13513.1504,20482800,yahoo
NIFTYPHARMA,2022-03-23,13582.4502,13725.1504,13541.4502,13569.6504,13569.6504,24958800,yahoo
NIFTYPHARMA,2022-03-24,13501.9004,13783.4502,13474.5996,13724.5,13724.5,27346600,yahoo
NIFTYPHARMA,2022-03-25,13771.7998,13785.6504,13530.2998,13607.0498,13607.0498,19668000,yahoo
NIFTYPHARMA,2022-03-28,13642.2002,13722.0498,13491.9004,13562.25,13562.25,20956600,yahoo
NIFTYPHARMA,2022-03-29,13602.9502,13791.7002,13564.0498,13771.4004,13771.4004,22729300,yahoo
NIFTYPHARMA,2022-03-30,13831.3496,13840.9004,13703.3496,13745.5996,13745.5996,21249000,yahoo
NIFTYPHARMA,2022-03-31,13755.3496,13800.6504,13542.2998,13584.0996,13584.0996,17835100,yahoo
NIFTYPHARMA,2022-04-01,13609.9004,13647.0498,13524,13579.9004,13579.9004,15247800,yahoo
NIFTYPHARMA,2022-04-04,13630.4502,13806.5,13571.4502,13789.25,13789.25,15072000,yahoo
NIFTYPHARMA,2022-04-05,13837.2002,13903.5498,13777.4502,13809.25,13809.25,17302500,yahoo
NIFTYPHARMA,2022-04-06,13786.5498,13907.6504,13744.5,13758.4502,13758.4502,18277900,yahoo
NIFTYPHARMA,2022-04-07,13786.7002,13972.4502,13779.1504,13815,13815,20186600,yahoo
NIFTYPHARMA,2022-04-08,13875.0498,13923.0996,13715.4004,13838.5996,13838.5996,13854500,yahoo
NIFTYPHARMA,2022-04-11,13827,13948.25,13818.9004,13837.8496,13837.8496,13514700,yahoo
NIFTYPHARMA,2022-04-12,13801,13879.5,13661.5,13744.6504,13744.6504,14906900,yahoo
NIFTYPHARMA,2022-04-13,13761.1504,13849.1504,13698.7002,13772.75,13772.75,12069400,yahoo
NIFTYPHARMA,2022-04-18,13699.4004,13823.4502,13612.2998,13717.2998,13717.2998,12919800,yahoo
NIFTYPHARMA,2022-04-19,13774.3496,13853.1504,13413.4502,13522.4502,13522.4502,17937200,yahoo
NIFTYPHARMA,2022-04-20,13572.9004,13722.3496,13492.0498,13660.6504,13660.6504,15563500,yahoo
NIFTYPHARMA,2022-04-21,13703.5996,13838.0996,13670.25,13821.2998,13821.2998,20889300,yahoo
NIFTYPHARMA,2022-04-22,13786.7998,13786.7998,13516.5996,13569.8496,13569.8496,21386900,yahoo
NIFTYPHARMA,2022-04-25,13441.9502,13516.7998,13263.0996,13296.75,13296.75,16461600,yahoo
NIFTYPHARMA,2022-04-26,13384.4004,13505.6504,13376.0498,13444.0996,13444.0996,19191900,yahoo
NIFTYPHARMA,2022-04-27,13365.6504,13416.4502,13258.7998,13358.1504,13358.1504,13123100,yahoo
NIFTYPHARMA,2022-04-28,13473.3496,13547.1504,13377.5996,13480,13480,19847700,yahoo
NIFTYPHARMA,2022-04-29,13507.0996,13765.9502,13429.25,13462.8496,13462.8496,21128100,yahoo
NIFTYPHARMA,2022-05-02,13397.2998,13479.5,13323.5,13460.25,13460.25,16224400,yahoo
NIFTYPHARMA,2022-05-04,13462.2002,13510.7002,13068.2002,13108.7998,13108.7998,17734400,yahoo
NIFTYPHARMA,2022-05-05,13181.75,13284.5498,12968.1504,13008.5,13008.5,14204800,yahoo
NIFTYPHARMA,2022-05-06,12840.8496,12896.4004,12726.5498,12820.9004,12820.9004,13509900,yahoo
NIFTYPHARMA,2022-05-09,12727.6504,12856.6504,12665.2998,12785,12785,13439200,yahoo
NIFTYPHARMA,2022-05-10,12753.9004,12869.4004,12557.75,12596.2998,12596.2998,17342100,yahoo
NIFTYPHARMA,2022-05-11,12530.1504,12632.2002,12407.5996,12557.6504,12557.6504,23885800,yahoo
NIFTYPHARMA,2022-05-12,12514.7998,12521.5996,12299.2002,12424.4502,12424.4502,17446300,yahoo
NIFTYPHARMA,2022-05-13,12534.25,12764.5996,12521.9004,12629.5,12629.5,16704800,yahoo
NIFTYPHARMA,2022-05-16,12634.7002,12687.4004,12536.5498,12608.25,12608.25,13443900,yahoo
NIFTYPHARMA,2022-05-17,12627.4502,12759.1504,12548.6504,12745.9502,12745.9502,15452200,yahoo
NIFTYPHARMA,2022-05-18,12767.7998,12942.9004,12756.2998,12881.5498,12881.5498,28170400,yahoo
NIFTYPHARMA,2022-05-19,12646.75,12743.4004,12574.0498,12600.8496,12600.8496,24635300,yahoo
NIFTYPHARMA,2022-05-20,12718.7998,13089.4004,12707.9502,13065.5,13065.5,34836600,yahoo
NIFTYPHARMA,2022-05-23,13121,13253.7998,12854,12889.2002,12889.2002,21154900,yahoo
NIFTYPHARMA,2022-05-24,12908.7998,12926.2002,12666.2998,12691.5996,12691.5996,25977600,yahoo
NIFTYPHARMA,2022-05-25,12749,12808.2998,12526.0498,12543.8496,12543.8496,18857900,yahoo
NIFTYPHARMA,2022-05-26,12606.4004,12655.25,12398.4004,12557.5,12557.5,26659400,yahoo
NIFTYPHARMA,2022-05-27,12635.4004,12688.0498,12555.8496,12669.9502,12669.9502,17386300,yahoo
NIFTYPHARMA,2022-05-30,12731.6504,12822.6504,12662.9004,12671.1504,12671.1504,19928600,yahoo
NIFTYPHARMA,2022-05-31,12608.25,12690.5498,12527.7998,12604.4502,12604.4502,58103500,yahoo
NIFTYPHARMA,2022-06-01,12665.8496,12665.8496,12393.9004,12443.75,12443.75,22327700,yahoo
NIFTYPHARMA,2022-06-02,12407.4004,12518.5996,12376.7002,12500.3496,12500.3496,20159300,yahoo
NIFTYPHARMA,2022-06-03,12556.7998,12622.3496,12401.6504,12418.7998,12418.7998,14930500,yahoo
NIFTYPHARMA,2022-06-06,12406.5996,12463.7998,12360.5996,12412.4004,12412.4004,14022300,yahoo
NIFTYPHARMA,2022-06-07,12352.8496,12362.7002,12189.6504,12279.6504,12279.6504,13785200,yahoo
NIFTYPHARMA,2022-06-08,12279.9004,12341.1504,12170.4502,12317.7998,12317.7998,14918400,yahoo
NIFTYPHARMA,2022-06-09,12284.7998,12481.9502,12228.0996,12465.9004,12465.9004,21435900,yahoo
NIFTYPHARMA,2022-06-10,12363.7002,12447.6504,12330.2002,12419.2002,12419.2002,14168000,yahoo
NIFTYPHARMA,2022-06-13,12288.25,12410.75,12130.6504,12191.8496,12191.8496,14765000,yahoo
NIFTYPHARMA,2022-06-14,12140.2998,12283.3496,12135.75,12218.5,12218.5,15454500,yahoo
NIFTYPHARMA,2022-06-15,12248.4004,12299.5498,12204.75,12261.3496,12261.3496,12718900,yahoo
NIFTYPHARMA,2022-06-16,12321.5996,12330.5,12022.4502,12066.6504,12066.6504,16234600,yahoo
NIFTYPHARMA,2022-06-17,12000.6504,12038.25,11745.0498,11803.9502,11803.9502,24864800,yahoo
NIFTYPHARMA,2022-06-20,11815,11886.0996,11726.4004,11847.9004,11847.9004,15746500,yahoo
NIFTYPHARMA,2022-06-21,11887,12118.0498,11882.7002,12098.3496,12098.3496,13504700,yahoo
NIFTYPHARMA,2022-06-22,12050.6504,12147.6504,11893.1504,11939.0498,11939.0498,14561300,yahoo
NIFTYPHARMA,2022-06-23,11969.9502,12145.0498,11947.9004,12127.2002,12127.2002,15785800,yahoo
NIFTYPHARMA,2022-06-24,12173.25,12270.5,12150.5498,12178.4004,12178.4004,20248900,yahoo
NIFTYPHARMA,2022-06-27,12275.7998,12325.75,12200.0996,12221.5498,12221.5498,16653400,yahoo
NIFTYPHARMA,2022-06-28,12224.4004,12235.9502,12100.8496,12214.5498,12214.5498,21905900,yahoo
NIFTYPHARMA,2022-06-29,12139.4502,12249.7998,12099.3496,12210.9502,12210.9502,17976300,yahoo
NIFTYPHARMA,2022-06-30,12176.1504,12252.5996,12110.2002,12159.3496,12159.3496,19725200,yahoo
NIFTYPHARMA,2022-07-01,12124.4502,12296.2998,12084,12260.9004,12260.9004,11405000,yahoo
NIFTYPHARMA,2022-07-04,12240.2998,12344.5498,12143.9502,12218.2002,12218.2002,9979300,yahoo
NIFTYPHARMA,2022-07-05,12254.6504,12373.9004,12217.4004,12233.75,12233.75,12477700,yahoo
NIFTYPHARMA,2022-07-06,12264,12350.7002,12220.4004,12331.1504,12331.1504,12714500,yahoo
NIFTYPHARMA,2022-07-07,12408.7002,12450.8496,12370.5996,12389.7002,12389.7002,13086800,yahoo
NIFTYPHARMA,2022-07-08,12449.2998,12460.0498,12392.3496,12449.4502,12449.4502,11163000,yahoo
NIFTYPHARMA,2022-07-11,12447.8496,12598.7002,12386.9004,12564.8496,12564.8496,14386800,yahoo
NIFTYPHARMA,2022-07-12,12516.5,12587.2998,12428.75,12450.6504,12450.6504,10729200,yahoo
NIFTYPHARMA,2022-07-13,12494.7002,12639.1504,12442.5498,12622.2998,12622.2998,16675900,yahoo
NIFTYPHARMA,2022-07-14,12664.4004,12855.6504,12630.5,12721,12721,27541900,yahoo
NIFTYPHARMA,2022-07-15,12775.4004,12800.75,12665,12732,12732,12415600,yahoo
NIFTYPHARMA,2022-07-18,12827.3496,12869.4004,12668.4502,12713.4502,12713.4502,16223600,yahoo
NIFTYPHARMA,2022-07-19,12680.4004,12820.25,12663.1504,12682.2002,12682.2002,15392300,yahoo
NIFTYPHARMA,2022-07-20,12786.4004,12786.4004,12685.5996,12711.5,12711.5,13274400,yahoo
NIFTYPHARMA,2022-07-21,12710.0996,12756.3496,12599.5,12651.75,12651.75,17916000,yahoo
NIFTYPHARMA,2022-07-22,12687.7998,12711.1504,12573.9004,12617.5498,12617.5498,12923800,yahoo
NIFTYPHARMA,2022-07-25,12612.3496,12640.7998,12454.25,12488.7998,12488.7998,13113000,yahoo
NIFTYPHARMA,2022-07-26,12495.6504,12508.7998,12325,12341.9004,12341.9004,12520400,yahoo
NIFTYPHARMA,2022-07-27,12341.6504,12647.75,12301.8496,12628.9502,12628.9502,20886300,yahoo
NIFTYPHARMA,2022-07-28,12665.5996,12682.2002,12500.2002,12660.6504,12660.6504,28727000,yahoo
NIFTYPHARMA,2022-07-29,12677.75,12835.4502,12526.2998,12776.5498,12776.5498,33384600,yahoo
NIFTYPHARMA,2022-08-01,12835.4004,12883.75,12707.7002,12766.8496,12766.8496,20075100,yahoo
NIFTYPHARMA,2022-08-02,12765.5,12792.9502,12699.9502,12780.4004,12780.4004,16528500,yahoo
NIFTYPHARMA,2022-08-03,12789.0498,12829.0996,12618.2002,12682,12682,21592200,yahoo
NIFTYPHARMA,2022-08-04,12720.0498,12992.25,12681.2998,12982.3496,12982.3496,37887000,yahoo
NIFTYPHARMA,2022-08-05,13003.8496,13068.2998,12920,12939.75,12939.75,21551200,yahoo
NIFTYPHARMA,2022-08-08,12952.0498,12962.9502,12878.0996,12940.25,12940.25,14135800,yahoo
NIFTYPHARMA,2022-08-10,12986.25,13053.0996,12915.5,12950.7002,12950.7002,21924300,yahoo
NIFTYPHARMA,2022-08-11,12998.4004,13033.75,12961.4004,13014.2002,13014.2002,21490700,yahoo
NIFTYPHARMA,2022-08-12,13016.5,13017.5,12830.4502,12864,12864,29623400,yahoo
NIFTYPHARMA,2022-08-16,12896.75,12962.5996,12867.8496,12933.8496,12933.8496,29623400,yahoo
NIFTYPHARMA,2022-08-17,12987,13011.9004,12936.3496,12979.25,12979.25,21239700,yahoo
NIFTYPHARMA,2022-08-18,12934.3496,12948.3496,12797.4502,12935.75,12935.75,18516500,yahoo
NIFTYPHARMA,2022-08-19,12935.9502,12982.0498,12771.75,12799.9502,12799.9502,17777800,yahoo
NIFTYPHARMA,2022-08-22,12723.3496,12794.5996,12565.5,12588.25,12588.25,15215200,yahoo
NIFTYPHARMA,2022-08-23,12499.4502,12710.0498,12498.7998,12683.5498,12683.5498,14102500,yahoo
NIFTYPHARMA,2022-08-24,12716.0996,12760.75,12585.8496,12644,12644,17987000,yahoo
NIFTYPHARMA,2022-08-25,12710.75,12717.5996,12563.75,12593.25,12593.25,17392500,yahoo
NIFTYPHARMA,2022-08-26,12662.9502,12683.25,12569.0498,12580.4502,12580.4502,11718000,yahoo
NIFTYPHARMA,2022-08-29,12380.6504,12565.9004,12352.6504,12545.75,12545.75,13477900,yahoo
NIFTYPHARMA,2022-08-30,12588.9004,12715.75,12560.9004,12699.4004,12699.4004,15595900,yahoo
NIFTYPHARMA,2022-09-01,12619.2998,12701.9502,12546.3496,12555,12555,15613000,yahoo
NIFTYPHARMA,2022-09-02,12587.6504,12634.9502,12485.4502,12506.1504,12506.1504,14412500,yahoo
NIFTYPHARMA,2022-09-05,12507.9502,12579.7998,12444.9004,12565.5498,12565.5498,13545400,yahoo
NIFTYPHARMA,2022-09-06,12597.2002,12624.2998,12567.3496,12598,12598,11021900,yahoo
NIFTYPHARMA,2022-09-07,12542.5498,12717.4502,12539.9004,12696.2998,12696.2998,14296000,yahoo
NIFTYPHARMA,2022-09-08,12775.5996,12776.5,12638.6504,12689.9502,12689.9502,11555200,yahoo
NIFTYPHARMA,2022-09-09,12716.7998,12814.25,12662.9004,12689.2998,12689.2998,15643400,yahoo
NIFTYPHARMA,2022-09-12,12707.8496,12759.75,12695.0996,12715.25,12715.25,11217300,yahoo
NIFTYPHARMA,2022-09-13,12729.9004,12762.9004,12718.3496,12745.5996,12745.5996,12626700,yahoo
NIFTYPHARMA,2022-09-14,12587.2998,12776.1504,12587.2998,12682.2002,12682.2002,12936100,yahoo
NIFTYPHARMA,2022-09-15,12704.4502,12732.7998,12480.7002,12518.8496,12518.8496,14592800,yahoo
NIFTYPHARMA,2022-09-16,12548,12556.75,12315.5,12346.8496,12346.8496,25803600,yahoo
NIFTYPHARMA,2022-09-19,12366.9502,12396.1504,12185.4004,12369.5996,12369.5996,17082800,yahoo
NIFTYPHARMA,2022-09-20,12422.2002,12763.9004,12417.2998,12750.7002,12750.7002,23442900,yahoo
NIFTYPHARMA,2022-09-21,12793.6504,12834.8496,12549.4502,12573.5498,12573.5498,19747300,yahoo
NIFTYPHARMA,2022-09-22,12506.1504,12644.9502,12500.75,12612.8496,12612.8496,15482100,yahoo
NIFTYPHARMA,2022-09-23,12602.8496,12740.0996,12594.5,12610.6504,12610.6504,20284800,yahoo
NIFTYPHARMA,2022-09-26,12570.8496,12614.0498,12441.2002,12475.5,12475.5,16879000,yahoo
NIFTYPHARMA,2022-09-27,12532.25,12611.8496,12457.7998,12598,12598,15678200,yahoo
NIFTYPHARMA,2022-09-28,12548.3496,12750.6504,12525.7002,12705.4004,12705.4004,24283200,yahoo
NIFTYPHARMA,2022-09-29,12782.5996,12962.8496,12778.25,12874.2998,12874.2998,36358700,yahoo
NIFTYPHARMA,2022-09-30,12918.2998,12998.2998,12813.7002,12971.9004,12971.9004,30571700,yahoo
NIFTYPHARMA,2022-10-03,12981.5,13241.0996,12958.4502,13118.9502,13118.9502,39277400,yahoo
NIFTYPHARMA,2022-10-04,13244.5,13246.0498,13140.9004,13233.4502,13233.4502,24011300,yahoo
NIFTYPHARMA,2022-10-06,13310.75,13310.75,13150.6504,13188,13188,20146100,yahoo
NIFTYPHARMA,2022-10-07,13169.75,13200.2998,13097.8496,13134.7002,13134.7002,17722600,yahoo
NIFTYPHARMA,2022-10-10,13016.0498,13084.5,12933.4502,13028.4004,13028.4004,11922900,yahoo
NIFTYPHARMA,2022-10-11,13064.7002,13065.75,12805.2998,12826.7998,12826.7998,17794500,yahoo
NIFTYPHARMA,2022-10-12,12861.4502,12884.6504,12742.9004,12839.3496,12839.3496,16271200,yahoo
NIFTYPHARMA,2022-10-13,12847.8496,12936.3496,12810.75,12867.1504,12867.1504,17712700,yahoo
NIFTYPHARMA,2022-10-14,12989.6504,13034.4004,12933,12950.4502,12950.4502,14539300,yahoo
NIFTYPHARMA,2022-10-17,12932.5498,13022.7002,12925.2002,12982.4004,12982.4004,13252200,yahoo
NIFTYPHARMA,2022-10-18,13044.25,13064.7998,12949.4502,13008.25,13008.25,11795200,yahoo
NIFTYPHARMA,2022-10-19,13027.6504,13091.3496,12955.1504,13021.75,13021.75,14672400,yahoo
NIFTYPHARMA,2022-10-20,12962.5996,13101.2998,12941.6504,13089.2002,13089.2002,17215700,yahoo
NIFTYPHARMA,2022-10-21,13110.7002,13150.4004,12956.3496,12979.4004,12979.4004,12546800,yahoo
NIFTYPHARMA,2022-10-24,13080.75,13087.9502,13050.7002,13061.0996,13061.0996,2686000,yahoo
NIFTYPHARMA,2022-10-25,13079.4004,13148.3496,13033.8496,13112.2002,13112.2002,20697100,yahoo
NIFTYPHARMA,2022-10-27,13170.5996,13244.9502,13121.6504,13228.0498,13228.0498,26064000,yahoo
NIFTYPHARMA,2022-10-28,13218.4004,13218.4004,13026.7002,13048.2998,13048.2998,16412200,yahoo
NIFTYPHARMA,2022-10-31,13121.0996,13274.5498,13112.0498,13212.25,13212.25,23330500,yahoo
NIFTYPHARMA,2022-11-01,13254.0498,13517.25,13246.2002,13492.0498,13492.0498,25667500,yahoo
NIFTYPHARMA,2022-11-02,13511.5,13736.0498,13486.8496,13556.9004,13556.9004,25381500,yahoo
NIFTYPHARMA,2022-11-03,13509.75,13576.4502,13487.25,13559.9502,13559.9502,17780100,yahoo
NIFTYPHARMA,2022-11-04,13578.2002,13595.4004,13388.3496,13422.1504,13422.1504,12828300,yahoo
NIFTYPHARMA,2022-11-07,13458.8496,13493.8496,13196.0996,13230,13230,19190400,yahoo
NIFTYPHARMA,2022-11-09,13252.6504,13317.7002,13053.0498,13079.5,13079.5,18936200,yahoo
NIFTYPHARMA,2022-11-10,13076.4004,13235.9004,12934,12983.0996,12983.0996,42889300,yahoo
NIFTYPHARMA,2022-11-11,13061.3496,13165.4502,12987.3496,13015.6504,13015.6504,24659500,yahoo
NIFTYPHARMA,2022-11-14,12975.2002,13042.0498,12811.7998,13019.8496,13019.8496,27440900,yahoo
NIFTYPHARMA,2022-11-15,13054.7002,13074.5996,12954.5498,13036.9004,13036.9004,17005200,yahoo
NIFTYPHARMA,2022-11-16,13010.5498,13099.2002,12948.3496,12998.5,12998.5,16356900,yahoo
NIFTYPHARMA,2022-11-17,13021.9004,13053.7998,12924.5498,12948.25,12948.25,10156200,yahoo
NIFTYPHARMA,2022-11-18,12980.1504,12991.4004,12840.2998,12861.4004,12861.4004,12645400,yahoo
NIFTYPHARMA,2022-11-21,12834.9502,12857.4004,12754.5498,12794.5996,12794.5996,10556500,yahoo
NIFTYPHARMA,2022-11-22,12826.0498,12851.5996,12766.4502,12836.3496,12836.3496,12842000,yahoo
NIFTYPHARMA,2022-11-23,12890.2002,12908.1504,12845.0996,12876.9502,12876.9502,11981600,yahoo
NIFTYPHARMA,2022-11-24,12918.4004,12942.5,12854.7998,12888.1504,12888.1504,14055900,yahoo
NIFTYPHARMA,2022-11-25,12908.7998,12979.1504,12830.9004,12968.4502,12968.4502,13958300,yahoo
NIFTYPHARMA,2022-11-28,12965.5996,13027.0498,12940.9502,12993.9502,12993.9502,11380700,yahoo
NIFTYPHARMA,2022-11-29,13006.3496,13102.75,12992.2998,13087.3496,13087.3496,28978000,yahoo
NIFTYPHARMA,2022-11-30,13110.0996,13200.5498,13059.6504,13144.2002,13144.2002,28926900,yahoo
NIFTYPHARMA,2022-12-01,13215.5498,13215.5498,13091.0996,13120.6504,13120.6504,13055900,yahoo
NIFTYPHARMA,2022-12-02,13120.7998,13125,13006.5996,13086.9502,13086.9502,15137300,yahoo
NIFTYPHARMA,2022-12-05,13123.3496,13138.7998,13000.5,13052.9004,13052.9004,12928500,yahoo
NIFTYPHARMA,2022-12-06,13037.75,13056.1504,12914.0498,12955.3496,12955.3496,11503500,yahoo
NIFTYPHARMA,2022-12-07,12973.8496,13000.9502,12855.5498,12869.7998,12869.7998,11032500,yahoo
NIFTYPHARMA,2022-12-08,12880.7002,12892.9502,12702.75,12728.7002,12728.7002,17792300,yahoo
NIFTYPHARMA,2022-12-09,12766.9502,12822.2002,12711.0996,12774.7002,12774.7002,13202100,yahoo
NIFTYPHARMA,2022-12-12,12765.0498,12799.75,12687.75,12758.0498,12758.0498,14215600,yahoo
NIFTYPHARMA,2022-12-13,12749.5498,12803.9502,12702,12797.75,12797.75,17960500,yahoo
NIFTYPHARMA,2022-12-14,12846.5498,12900.8496,12810.6504,12883.5996,12883.5996,15701000,yahoo
NIFTYPHARMA,2022-12-15,12882.8496,12944.25,12793.75,12816.0996,12816.0996,11165000,yahoo
NIFTYPHARMA,2022-12-16,12762.6504,12818.5996,12616.5498,12636.2002,12636.2002,16587200,yahoo
NIFTYPHARMA,2022-12-19,12636.5996,12662.2002,12529.5498,12646.4502,12646.4502,11277600,yahoo
NIFTYPHARMA,2022-12-20,12640.4004,12647.75,12529.3496,12618.4502,12618.4502,11487600,yahoo
NIFTYPHARMA,2022-12-21,12652.8496,12943.5996,12645.4004,12920.4004,12920.4004,33575700,yahoo
NIFTYPHARMA,2022-12-22,13027,13061.7002,12836.9502,12892.75,12892.75,23826200,yahoo
NIFTYPHARMA,2022-12-23,12881.0996,13094.0996,12746.7002,12784.4502,12784.4502,33131400,yahoo
NIFTYPHARMA,2022-12-26,12863.7998,12890.5,12644.7002,12677.0996,12677.0996,16091000,yahoo
NIFTYPHARMA,2022-12-27,12688.6504,12766.5498,12640.7002,12694.75,12694.75,14012200,yahoo
NIFTYPHARMA,2022-12-28,12685.5498,12745.9502,12609.4004,12624.1504,12624.1504,11131800,yahoo
NIFTYPHARMA,2022-12-29,12646.8496,12747.75,12528.75,12634.2998,12634.2998,17238700,yahoo
NIFTYPHARMA,2022-12-30,12699.8496,12700.5996,12573.4004,12597.5996,12597.5996,10152400,yahoo
NIKKEI,2022-01-04,29098.4102,29323.7891,28954.5605,29301.7891,29301.7891,66000000,yahoo
NIKKEI,2022-01-05,29288.8008,29388.1602,29204.4492,29332.1602,29332.1602,78600000,yahoo
NIKKEI,2022-01-06,29136.75,29158.9492,28487.8691,28487.8691,28487.8691,71600000,yahoo
NIKKEI,2022-01-07,28711.5293,28813.0898,28293.6992,28478.5605,28478.5605,75200000,yahoo
NIKKEI,2022-01-11,28380.9004,28473.4707,28089.4902,28222.4805,28222.4805,73700000,yahoo
NIKKEI,2022-01-12,28449.5293,28814.3105,28427.5996,28765.6602,28765.6602,72500000,yahoo
NIKKEI,2022-01-13,28658.2207,28660.4492,28444.9609,28489.1309,28489.1309,69900000,yahoo
NIKKEI,2022-01-14,28246.9902,28252.9609,27889.2109,28124.2793,28124.2793,82100000,yahoo
NIKKEI,2022-01-17,28332.7207,28449.9902,28274.1797,28333.5195,28333.5195,54500000,yahoo
NIKKEI,2022-01-18,28451.3398,28690.3398,28129.6602,28257.25,28257.25,71300000,yahoo
NIKKEI,2022-01-19,27928.8906,27958.1699,27314.4102,27467.2305,27467.2305,84300000,yahoo
NIKKEI,2022-01-20,27401.4297,27882.5293,27217.5898,27772.9297,27772.9297,74000000,yahoo
NIKKEI,2022-01-21,27404.3594,27586.4199,27129.6094,27522.2598,27522.2598,72700000,yahoo
NIKKEI,2022-01-24,27258.4492,27627.5996,27203.3301,27588.3691,27588.3691,61000000,yahoo
NIKKEI,2022-01-25,27466.8203,27493.75,26890.9395,27131.3398,27131.3398,77000000,yahoo
NIKKEI,2022-01-26,27105.9805,27184.5391,26858.6797,27011.3301,27011.3301,60500000,yahoo
NIKKEI,2022-01-27,27139.8809,27193.5898,26044.5195,26170.3008,26170.3008,88700000,yahoo
NIKKEI,2022-01-28,26429.8496,26764.8496,26289.6895,26717.3398,26717.3398,76000000,yahoo
NIKKEI,2022-01-31,26690.5996,27134.5703,26541.6504,27001.9805,27001.9805,78300000,yahoo
NIKKEI,2022-02-01,27167.1406,27410.7891,27016.7109,27078.4805,27078.4805,81100000,yahoo
NIKKEI,2022-02-02,27302.9902,27564.6191,27289.1602,27533.5996,27533.5996,85200000,yahoo
NIKKEI,2022-02-03,27330.9609,27357.3301,27165.9297,27241.3105,27241.3105,81100000,yahoo
NIKKEI,2022-02-04,27095.9004,27455.9805,27075.9902,27439.9902,27439.9902,79600000,yahoo
NIKKEI,2022-02-07,27327.6309,27369.6797,27085.3203,27248.8691,27248.8691,77100000,yahoo
NIKKEI,2022-02-08,27318.3008,27461.3301,27280.25,27284.5195,27284.5195,76600000,yahoo
NIKKEI,2022-02-09,27488.6504,27633.0996,27405.8809,27579.8691,27579.8691,93500000,yahoo
NIKKEI,2022-02-10,27818.0996,27880.6992,27575.0703,27696.0801,27696.0801,82900000,yahoo
NIKKEI,2022-02-14,27305.9199,27325.5,26947.6504,27079.5898,27079.5898,79800000,yahoo
NIKKEI,2022-02-15,27183.5605,27205.1992,26724.9102,26865.1895,26865.1895,76200000,yahoo
NIKKEI,2022-02-16,27269.0508,27486.0898,27227.2402,27460.4004,27460.4004,64100000,yahoo
NIKKEI,2022-02-17,27431.4199,27438.7402,27080.9199,27232.8691,27232.8691,67800000,yahoo
NIKKEI,2022-02-18,26895.1602,27216.1602,26792.5391,27122.0703,27122.0703,63500000,yahoo
NIKKEI,2022-02-21,26771.5801,26998.4707,26549,26910.8691,26910.8691,52900000,yahoo
NIKKEI,2022-02-22,26515.4492,26550.1406,26243.7305,26449.6094,26449.6094,67300000,yahoo
NIKKEI,2022-02-24,26281.3496,26357.5801,25775.6406,25970.8203,25970.8203,93500000,yahoo
NIKKEI,2022-02-25,26213.1992,26481.5996,26160.1895,26476.5,26476.5,77600000,yahoo
NIKKEI,2022-02-28,26457.5195,26644.5605,26262.6309,26526.8203,26526.8203,91100000,yahoo
NIKKEI,2022-03-01,26836.7402,27013.2598,26821.75,26844.7207,26844.7207,74000000,yahoo
NIKKEI,2022-03-02,26532.1992,26585.3008,26313.7207,26393.0293,26393.0293,87700000,yahoo
NIKKEI,2022-03-03,26628.8691,26704.8496,26496.7207,26577.2695,26577.2695,74800000,yahoo
NIKKEI,2022-03-04,26421.8496,26421.8496,25774.2793,25985.4707,25985.4707,93500000,yahoo
NIKKEI,2022-03-07,25634.0898,25640.4102,25006.2598,25221.4102,25221.4102,105400000,yahoo
NIKKEI,2022-03-08,24974.3496,25291.3301,24767.3301,24790.9492,24790.9492,114700000,yahoo
NIKKEI,2022-03-09,24876.4902,25084.0801,24681.7402,24717.5293,24717.5293,91500000,yahoo
NIKKEI,2022-03-10,25108.4707,25720.3105,25099.8496,25690.4004,25690.4004,95200000,yahoo
NIKKEI,2022-03-11,25495.0293,25503.6504,24966.5,25162.7793,25162.7793,89600000,yahoo
NIKKEI,2022-03-14,25338.6406,25631.0098,25299.6406,25307.8496,25307.8496,72600000,yahoo
NIKKEI,2022-03-15,25228.5293,25441.6699,25219.1309,25346.4805,25346.4805,73200000,yahoo
NIKKEI,2022-03-16,25574.9004,25824.9395,25470.4609,25762.0098,25762.0098,82300000,yahoo
NIKKEI,2022-03-17,26170.3809,26702.9395,26152.8906,26652.8906,26652.8906,89600000,yahoo
NIKKEI,2022-03-18,26649.5,26862.4297,26592.9805,26827.4297,26827.4297,108200000,yahoo
NIKKEI,2022-03-22,27091.3203,27284.4707,27076.3301,27224.1094,27224.1094,98000000,yahoo
NIKKEI,2022-03-23,27606.7891,28056.1992,27604.3691,28040.1602,28040.1602,88200000,yahoo
NIKKEI,2022-03-24,27693.7695,28110.3906,27624.6191,28110.3906,28110.3906,71600000,yahoo
NIKKEI,2022-03-25,28338.8105,28338.8105,27946.7891,28149.8398,28149.8398,67400000,yahoo
NIKKEI,2022-03-28,28084.0801,28084.0801,27812.6699,27943.8906,27943.8906,65300000,yahoo
NIKKEI,2022-03-29,28173.4297,28252.4199,28063.9199,28252.4199,28252.4199,77700000,yahoo
NIKKEI,2022-03-30,28250.8008,28281.4492,27736.2695,28027.25,28027.25,83400000,yahoo
NIKKEI,2022-03-31,27809.9707,28101.6797,27763.9609,27821.4297,27821.4297,78600000,yahoo
NIKKEI,2022-04-01,27624.1094,27738.3105,27399.4805,27665.9805,27665.9805,66800000,yahoo
NIKKEI,2022-04-04,27685.6504,27754.2402,27578.8105,27736.4707,27736.4707,50300000,yahoo
NIKKEI,2022-04-05,27965.9395,27965.9395,27662.2793,27787.9805,27787.9805,64300000,yahoo
NIKKEI,2022-04-06,27533.8809,27549.6699,27214.6094,27350.3008,27350.3008,68700000,yahoo
NIKKEI,2022-04-07,27032.4199,27042.4902,26801.7891,26888.5703,26888.5703,71100000,yahoo
NIKKEI,2022-04-08,27097.0508,27185.2305,26764.3594,26985.8008,26985.8008,78100000,yahoo
NIKKEI,2022-04-11,26877.5996,27004.5,26720.4609,26821.5195,26821.5195,73500000,yahoo
NIKKEI,2022-04-12,26606.8691,26674.8594,26304.0801,26334.9805,26334.9805,75300000,yahoo
NIKKEI,2022-04-13,26436.0605,26885.8691,26429.4707,26843.4902,26843.4902,71600000,yahoo
NIKKEI,2022-04-14,26925.6406,27200.8906,26890.6797,27172,27172,61800000,yahoo
NIKKEI,2022-04-15,26932.4805,27203.7695,26784.9199,27093.1895,27093.1895,51500000,yahoo
NIKKEI,2022-04-18,26831.4492,26851.8008,26571.3809,26799.7109,26799.7109,48300000,yahoo
NIKKEI,2022-04-19,27096.4902,27100.5898,26777.7109,26985.0898,26985.0898,60500000,yahoo
NIKKEI,2022-04-20,27210.7891,27389.8398,27066.1797,27217.8496,27217.8496,72300000,yahoo
NIKKEI,2022-04-21,27259.1406,27580.6406,27252.8301,27553.0605,27553.0605,62300000,yahoo
NIKKEI,2022-04-22,27197.8008,27205.8301,26904.3809,27105.2598,27105.2598,58500000,yahoo
NIKKEI,2022-04-25,26692.4805,26764.4805,26487.8398,26590.7793,26590.7793,62700000,yahoo
NIKKEI,2022-04-26,26743.2109,26808.9902,26592.9902,26700.1094,26700.1094,64300000,yahoo
NIKKEI,2022-04-27,26313.1406,26406.6191,26051.0391,26386.6309,26386.6309,97300000,yahoo
NIKKEI,2022-04-28,26430.2793,26876.9492,26348.3594,26847.9004,26847.9004,86700000,yahoo
NIKKEI,2022-05-02,26851.0996,26964.5898,26610.8594,26818.5293,26818.5293,74500000,yahoo
NIKKEI,2022-05-06,26784.2891,27072.5898,26543.2891,27003.5605,27003.5605,98500000,yahoo
NIKKEI,2022-05-09,26705.3203,26732.6094,26309.2207,26319.3398,26319.3398,79500000,yahoo
NIKKEI,2022-05-10,26149.0605,26246.6309,25773.8301,26167.0996,26167.0996,80800000,yahoo
NIKKEI,2022-05-11,26045.3809,26290.6191,26003.2598,26213.6406,26213.6406,85900000,yahoo
NIKKEI,2022-05-12,25945.0391,26028.3594,25688.1094,25748.7207,25748.7207,91200000,yahoo
NIKKEI,2022-05-13,25918.8008,26479.9297,25904.4004,26427.6504,26427.6504,103800000,yahoo
NIKKEI,2022-05-16,26753.3691,26836.9609,26438.6094,26547.0508,26547.0508,87000000,yahoo
NIKKEI,2022-05-17,26555.2305,26709.2598,26440.6191,26659.75,26659.75,78900000,yahoo
NIKKEI,2022-05-18,26826.8203,27053.1797,26741.3398,26911.1992,26911.1992,74700000,yahoo
NIKKEI,2022-05-19,26435.3203,26458.8496,26150.0898,26402.8398,26402.8398,74500000,yahoo
NIKKEI,2022-05-20,26448.2305,26769.1992,26426.9902,26739.0293,26739.0293,76300000,yahoo
NIKKEI,2022-05-23,26991.4199,27047.4707,26832.6504,27001.5195,27001.5195,65000000,yahoo
NIKKEI,2022-05-24,27005.4297,27005.4297,26736.0098,26748.1406,26748.1406,67400000,yahoo
NIKKEI,2022-05-25,26711.5293,26795.8906,26578.0293,26677.8008,26677.8008,72300000,yahoo
NIKKEI,2022-05-26,26685.0195,26898.75,26597.9707,26604.8398,26604.8398,64500000,yahoo
NIKKEI,2022-05-27,26947.8008,26996.6992,26731.5996,26781.6797,26781.6797,69300000,yahoo
NIKKEI,2022-05-30,27092.8203,27401.2402,27057.1992,27369.4297,27369.4297,97000000,yahoo
NIKKEI,2022-05-31,27318.0898,27463.3301,27250.6992,27279.8008,27279.8008,141800000,yahoo
NIKKEI,2022-06-01,27295.6309,27482.3105,27295.4199,27457.8906,27457.8906,75800000,yahoo
NIKKEI,2022-06-02,27340.5195,27450.4707,27251.2402,27413.8809,27413.8809,63600000,yahoo
NIKKEI,2022-06-03,27660.6191,27776.3301,27614.8594,27761.5703,27761.5703,63700000,yahoo
NIKKEI,2022-06-06,27549.6406,27979.5391,27523.9492,27915.8906,27915.8906,56800000,yahoo
NIKKEI,2022-06-07,27984.7891,28094.7305,27863.3809,27943.9492,27943.9492,68300000,yahoo
NIKKEI,2022-06-08,28100.2598,28234.2891,28089.7793,28234.2891,28234.2891,78700000,yahoo
NIKKEI,2022-06-09,28189.3496,28389.75,28189.3496,28246.5293,28246.5293,80300000,yahoo
NIKKEI,2022-06-10,27996.3496,28044.4492,27795.1699,27824.2891,27824.2891,79700000,yahoo
NIKKEI,2022-06-13,27369.6602,27389.3008,26948.2207,26987.4395,26987.4395,71400000,yahoo
NIKKEI,2022-06-14,26555.75,26657.9199,26357.9004,26629.8594,26629.8594,75000000,yahoo
NIKKEI,2022-06-15,26625.6797,26638.7598,26321.6797,26326.1602,26326.1602,72700000,yahoo
NIKKEI,2022-06-16,26715.5195,26947.6992,26431.1992,26431.1992,26431.1992,67800000,yahoo
NIKKEI,2022-06-17,25988.1992,26072.3496,25720.8008,25963,25963,115200000,yahoo
NIKKEI,2022-06-20,26156.6191,26156.6191,25520.2305,25771.2207,25771.2207,72200000,yahoo
NIKKEI,2022-06-21,26070.9199,26418.8398,25972.2793,26246.3105,26246.3105,65400000,yahoo
NIKKEI,2022-06-22,26441.7207,26462.8301,26149.1699,26149.5508,26149.5508,66400000,yahoo
NIKKEI,2022-06-23,26134.8906,26401.9707,26039.5703,26171.25,26171.25,65700000,yahoo
NIKKEI,2022-06-24,26228.4199,26519.1602,26148.5605,26491.9707,26491.9707,72600000,yahoo
NIKKEI,2022-06-27,26741.8008,26938.4297,26665.4395,26871.2695,26871.2695,65800000,yahoo
NIKKEI,2022-06-28,26795.6797,27062.3105,26789.5,27049.4707,27049.4707,73400000,yahoo
NIKKEI,2022-06-29,26814.2305,26858.6797,26687.4707,26804.5996,26804.5996,101100000,yahoo
NIKKEI,2022-06-30,26753.2793,26753.2793,26324.3105,26393.0391,26393.0391,86100000,yahoo
NIKKEI,2022-07-01,26460.7109,26531.2402,25841.75,25935.6191,25935.6191,81700000,yahoo
NIKKEI,2022-07-04,26086.7793,26258.8594,25945.8301,26153.8105,26153.8105,68700000,yahoo
NIKKEI,2022-07-05,26386.2305,26532.5098,26294.8398,26423.4707,26423.4707,62800000,yahoo
NIKKEI,2022-07-06,26190.4004,26298.9609,26051.1895,26107.6504,26107.6504,89700000,yahoo
NIKKEI,2022-07-07,26280.9395,26533.6504,26136.9902,26490.5293,26490.5293,80700000,yahoo
NIKKEI,2022-07-08,26623.8496,26881.75,26510.5293,26517.1895,26517.1895,89300000,yahoo
NIKKEI,2022-07-11,26892.7305,27062.1699,26710.5898,26812.3008,26812.3008,68500000,yahoo
NIKKEI,2022-07-12,26701,26718.6699,26278.2793,26336.6602,26336.6602,64400000,yahoo
NIKKEI,2022-07-13,26403.7891,26543.0703,26389.0996,26478.7695,26478.7695,54100000,yahoo
NIKKEI,2022-07-14,26357.3203,26713.0703,26312.7891,26643.3906,26643.3906,60600000,yahoo
NIKKEI,2022-07-15,26736.0801,26857.7695,26571.3809,26788.4707,26788.4707,65500000,yahoo
NIKKEI,2022-07-19,27003.8301,27043.5801,26791.7109,26961.6797,26961.6797,59400000,yahoo
NIKKEI,2022-07-20,27295.9492,27692.8496,27295.9492,27680.2598,27680.2598,66700000,yahoo
NIKKEI,2022-07-21,27627.8809,27803,27549.5605,27803,27803,56700000,yahoo
NIKKEI,2022-07-22,27773.1406,27952.25,27701.25,27914.6602,27914.6602,60100000,yahoo
NIKKEI,2022-07-25,27697.7695,27848.5898,27663.1602,27699.25,27699.25,46500000,yahoo
NIKKEI,2022-07-26,27682.1992,27715.7793,27538.3906,27655.2109,27655.2109,50000000,yahoo
NIKKEI,2022-07-27,27575.1602,27772.9707,27525.0898,27715.75,27715.75,51100000,yahoo
NIKKEI,2022-07-28,27909.1504,28015.6797,27651.9902,27815.4805,27815.4805,83500000,yahoo
NIKKEI,2022-07-29,27915.2207,28001.8008,27725.2402,27801.6406,27801.6406,79300000,yahoo
NIKKEI,2022-08-01,27813.8203,27993.3496,27751.5898,27993.3496,27993.3496,71900000,yahoo
NIKKEI,2022-08-02,27812.4805,27830.5801,27530.5996,27594.7305,27594.7305,71800000,yahoo
NIKKEI,2022-08-03,27673,27837.6309,27634.6504,27741.9004,27741.9004,72300000,yahoo
NIKKEI,2022-08-04,27930.9395,28005.5898,27870.0508,27932.1992,27932.1992,83100000,yahoo
NIKKEI,2022-08-05,27915.0605,28190.0391,27910.2207,28175.8691,28175.8691,71300000,yahoo
NIKKEI,2022-08-08,28050.0898,28279.1191,28047.0801,28249.2402,28249.2402,66100000,yahoo
NIKKEI,2022-08-09,28236.8398,28257.3398,27966.9102,27999.9609,27999.9609,64900000,yahoo
NIKKEI,2022-08-10,27955.1094,27964.9609,27729.4609,27819.3301,27819.3301,59900000,yahoo
NIKKEI,2022-08-12,28251.7402,28546.9805,28207.8594,28546.9805,28546.9805,89600000,yahoo
NIKKEI,2022-08-15,28623.7793,28897.0703,28623.7793,28871.7793,28871.7793,53700000,yahoo
NIKKEI,2022-08-16,28829.5293,28928.1602,28752.8809,28868.9102,28868.9102,50100000,yahoo
NIKKEI,2022-08-17,28952.6504,29222.7695,28944.7109,29222.7695,29222.7695,66600000,yahoo
NIKKEI,2022-08-18,28957.4004,28999.6406,28846.5195,28942.1406,28942.1406,47400000,yahoo
NIKKEI,2022-08-19,29095.7109,29150.8008,28913.0508,28930.3301,28930.3301,48400000,yahoo
NIKKEI,2022-08-22,28654.0703,28828.2109,28586.3594,28794.5,28794.5,49200000,yahoo
NIKKEI,2022-08-23,28580.1992,28580.1992,28395.3008,28452.75,28452.75,55700000,yahoo
NIKKEI,2022-08-24,28481.3398,28515.6094,28282.2109,28313.4707,28313.4707,62000000,yahoo
NIKKEI,2022-08-25,28415.1094,28534.7109,28357.0293,28479.0098,28479.0098,53700000,yahoo
NIKKEI,2022-08-26,28639.4707,28792.9297,28608.6992,28641.3809,28641.3809,49100000,yahoo
NIKKEI,2022-08-29,28161.0605,28179.0898,27788.1191,27878.9609,27878.9609,64100000,yahoo
NIKKEI,2022-08-30,28086.7207,28233.8008,27944.25,28195.5801,28195.5801,60700000,yahoo
NIKKEI,2022-08-31,27928.0898,28104.8008,27906.1699,28091.5293,28091.5293,86200000,yahoo
NIKKEI,2022-09-01,27797,27832.7793,27589.6992,27661.4707,27661.4707,68900000,yahoo
NIKKEI,2022-09-02,27755.5996,27772.3691,27570.7402,27650.8398,27650.8398,58800000,yahoo
NIKKEI,2022-09-05,27567.2891,27673.4395,27511.6797,27619.6094,27619.6094,47100000,yahoo
NIKKEI,2022-09-06,27650.1504,27813.7793,27557.9902,27626.5098,27626.5098,46300000,yahoo
NIKKEI,2022-09-07,27546.0098,27546.0098,27268.6992,27430.3008,27430.3008,69400000,yahoo
NIKKEI,2022-09-08,27732.6797,28083.7891,27718.3008,28065.2793,28065.2793,75200000,yahoo
NIKKEI,2022-09-09,28204.7109,28286.0195,28091.3809,28214.75,28214.75,74000000,yahoo
NIKKEI,2022-09-12,28483.5898,28612.8906,28438.3691,28542.1094,28542.1094,50500000,yahoo
NIKKEI,2022-09-13,28556.2109,28659.7598,28530.3594,28614.6309,28614.6309,51700000,yahoo
NIKKEI,2022-09-14,28132.6992,28141.9199,27795.6406,27818.6191,27818.6191,70900000,yahoo
NIKKEI,2022-09-15,27873.9609,27946.1992,27801.4395,27875.9102,27875.9102,48700000,yahoo
NIKKEI,2022-09-16,27631.3906,27654.9902,27525.6797,27567.6504,27567.6504,81600000,yahoo
NIKKEI,2022-09-20,27788.6797,27907.4492,27627.8594,27688.4199,27688.4199,60000000,yahoo
NIKKEI,2022-09-21,27440.8398,27467.3398,27297.5,27313.1309,27313.1309,65500000,yahoo
NIKKEI,2022-09-22,27053.5801,27197.0703,26955.1797,27153.8301,27153.8301,62200000,yahoo
NIKKEI,2022-09-26,26779.4395,26779.4395,26424.5996,26431.5508,26431.5508,96500000,yahoo
NIKKEI,2022-09-27,26585.3809,26680.1992,26523.7695,26571.8691,26571.8691,66800000,yahoo
NIKKEI,2022-09-28,26422.8594,26516.3203,25938.3594,26173.9805,26173.9805,92900000,yahoo
NIKKEI,2022-09-29,26280.5,26458.6699,26221.7793,26422.0508,26422.0508,88900000,yahoo
NIKKEI,2022-09-30,26240,26273.6504,25805.5898,25937.2109,25937.2109,101300000,yahoo
NIKKEI,2022-10-03,25778.9492,26223.8398,25621.9609,26215.7891,26215.7891,80700000,yahoo
NIKKEI,2022-10-04,26653.4902,26994.4395,26633.5195,26992.2109,26992.2109,87100000,yahoo
NIKKEI,2022-10-05,27211.3203,27216.8008,27030.5508,27120.5293,27120.5293,73300000,yahoo
NIKKEI,2022-10-06,27137.9805,27399.1895,27137.9805,27311.3008,27311.3008,69400000,yahoo
NIKKEI,2022-10-07,26975.9199,27198.9102,26921.9004,27116.1094,27116.1094,66700000,yahoo
NIKKEI,2022-10-11,26757.1191,26759.6191,26369.5605,26401.25,26401.25,78900000,yahoo
NIKKEI,2022-10-12,26353.2207,26495.75,26313.4102,26396.8301,26396.8301,68800000,yahoo
NIKKEI,2022-10-13,26398.2891,26408.3105,26237.4199,26237.4199,26237.4199,59200000,yahoo
NIKKEI,2022-10-14,26599.3203,27180.1602,26595.3496,27090.7598,27090.7598,82400000,yahoo
NIKKEI,2022-10-17,26785.0195,26814.9199,26649.1309,26775.7891,26775.7891,65300000,yahoo
NIKKEI,2022-10-18,27167.7305,27229.8809,26910.0996,27156.1406,27156.1406,66100000,yahoo
NIKKEI,2022-10-19,27225.1699,27371.3809,27192.7891,27257.3809,27257.3809,57600000,yahoo
NIKKEI,2022-10-20,26981.75,27092.5508,26872.4492,27006.9609,27006.9609,60300000,yahoo
NIKKEI,2022-10-21,26903.5,26985.3809,26869.3809,26890.5801,26890.5801,56300000,yahoo
NIKKEI,2022-10-24,27233,27308.9707,26974.9004,26974.9004,26974.9004,59100000,yahoo
NIKKEI,2022-10-25,27113.1992,27337.8008,27073.1797,27250.2793,27250.2793,62200000,yahoo
NIKKEI,2022-10-26,27410.6406,27578.0508,27404.9004,27431.8398,27431.8398,61000000,yahoo
NIKKEI,2022-10-27,27407.2305,27450.2598,27330.7891,27345.2402,27345.2402,65400000,yahoo
NIKKEI,2022-10-28,27097.3809,27265.4609,26981.0801,27105.1992,27105.1992,144600000,yahoo
NIKKEI,2022-10-31,27404.3008,27602.9902,27392.9902,27587.4609,27587.4609,71100000,yahoo
NIKKEI,2022-11-01,27614.6406,27682.9707,27526.1797,27678.9199,27678.9199,72600000,yahoo
NIKKEI,2022-11-02,27562.3008,27692.5508,27546.8809,27663.3906,27663.3906,86600000,yahoo
NIKKEI,2022-11-04,27371.8906,27389.3008,27032.0195,27199.7402,27199.7402,111100000,yahoo
NIKKEI,2022-11-07,27406.7793,27578.0098,27357.5293,27527.6406,27527.6406,78900000,yahoo
NIKKEI,2022-11-08,27718.8398,27943.2695,27704.6406,27872.1094,27872.1094,84400000,yahoo
NIKKEI,2022-11-09,27884.5508,27926.5195,27688.8594,27716.4297,27716.4297,79100000,yahoo
NIKKEI,2022-11-10,27459.0801,27485.3809,27370.6191,27446.0996,27446.0996,77100000,yahoo
NIKKEI,2022-11-11,27868.6895,28329.5391,27837.0898,28263.5703,28263.5703,103700000,yahoo
NIKKEI,2022-11-14,28277.6406,28305.0391,27963.4707,27963.4707,27963.4707,85100000,yahoo
NIKKEI,2022-11-15,27940.2598,28038.6309,27903.2695,27990.1699,27990.1699,71200000,yahoo
NIKKEI,2022-11-16,28020.4902,28069.25,27743.1504,28028.3008,28028.3008,73200000,yahoo
NIKKEI,2022-11-17,27952.2109,28029.6191,27910.0098,27930.5703,27930.5703,58900000,yahoo
NIKKEI,2022-11-18,28009.8203,28045.4395,27877.7793,27899.7695,27899.7695,64800000,yahoo
NIKKEI,2022-11-21,27982,28007.0605,27846.3008,27944.7891,27944.7891,56500000,yahoo
NIKKEI,2022-11-22,28059.5098,28203.3496,28038.1602,28115.7402,28115.7402,75900000,yahoo
NIKKEI,2022-11-24,28373.7207,28502.2891,28363.6602,28383.0898,28383.0898,83900000,yahoo
NIKKEI,2022-11-25,28398.7695,28399.8809,28263.5996,28283.0293,28283.0293,56800000,yahoo
NIKKEI,2022-11-28,28220.5605,28238.5,28046.3203,28162.8301,28162.8301,64600000,yahoo
NIKKEI,2022-11-29,27991.5,28055.9102,27899.9805,28027.8398,28027.8398,64800000,yahoo
NIKKEI,2022-11-30,27886.6699,27972.8906,27802.7109,27968.9902,27968.9902,106600000,yahoo
NIKKEI,2022-12-01,28273.1309,28423.4609,28226.0801,28226.0801,28226.0801,71400000,yahoo
NIKKEI,2022-12-02,27983.1797,27983.1797,27662.1191,27777.9004,27777.9004,79400000,yahoo
NIKKEI,2022-12-05,27752.9902,27854.1094,27700.8594,27820.4004,27820.4004,63900000,yahoo
NIKKEI,2022-12-06,27704.0605,27934.0703,27698.3105,27885.8691,27885.8691,60400000,yahoo
NIKKEI,2022-12-07,27670.2891,27786.25,27646.7793,27686.4004,27686.4004,63000000,yahoo
NIKKEI,2022-12-08,27622.3008,27643.6406,27415.6602,27574.4297,27574.4297,64900000,yahoo
NIKKEI,2022-12-09,27633.9609,27952.8008,27633.9609,27901.0098,27901.0098,70200000,yahoo
NIKKEI,2022-12-12,27741.0996,27865.7207,27734.6602,27842.3301,27842.3301,49600000,yahoo
NIKKEI,2022-12-13,28067.3691,28116.5605,27907.4902,27954.8496,27954.8496,51900000,yahoo
NIKKEI,2022-12-14,28005.0293,28195.6895,27993.7793,28156.2109,28156.2109,54800000,yahoo
NIKKEI,2022-12-15,27991.1406,28163.1699,27987.5391,28051.6992,28051.6992,51100000,yahoo
NIKKEI,2022-12-16,27706.6992,27713.0391,27488.8301,27527.1191,27527.1191,83800000,yahoo
NIKKEI,2022-12-19,27279.9199,27349.5801,27165.7793,27237.6406,27237.6406,58200000,yahoo
NIKKEI,2022-12-20,27257.3496,27339.4902,26416.9102,26568.0293,26568.0293,118500000,yahoo
NIKKEI,2022-12-21,26547.1699,26616.2793,26269.8008,26387.7207,26387.7207,119200000,yahoo
NIKKEI,2022-12-22,26552.4297,26585.2793,26399.3105,26507.8691,26507.8691,73400000,yahoo
NIKKEI,2022-12-23,26207.7695,26291.9805,26106.3809,26235.25,26235.25,75700000,yahoo
NIKKEI,2022-12-26,26299.5391,26438.6504,26294.8496,26405.8691,26405.8691,47300000,yahoo
NIKKEI,2022-12-27,26570.7793,26620.4902,26447.8691,26447.8691,26447.8691,50200000,yahoo
NIKKEI,2022-12-28,26309.3398,26354.2695,26199.6699,26340.5,26340.5,61500000,yahoo
NIKKEI,2022-12-29,26074.9004,26126.6992,25953.9199,26093.6699,26093.6699,63100000,yahoo
NIKKEI,2022-12-30,26288,26321.3691,26067.9199,26094.5,26094.5,52700000,yahoo
SP500,2022-01-03,4778.1401,4796.6401,4758.1699,4796.5601,4796.5601,3831020000,yahoo
SP500,2022-01-04,4804.5098,4818.6201,4774.27,4793.54,4793.54,4683170000,yahoo
SP500,2022-01-05,4787.9902,4797.7002,4699.4399,4700.5801,4700.5801,4887960000,yahoo
SP500,2022-01-06,4693.3901,4725.0098,4671.2598,4696.0498,4696.0498,4295280000,yahoo
SP500,2022-01-07,4697.6602,4707.9502,4662.7402,4677.0298,4677.0298,4181510000,yahoo
SP500,2022-01-10,4655.3398,4673.02,4582.2402,4670.29,4670.29,4511810000,yahoo
SP500,2022-01-11,4669.1401,4714.1299,4638.27,4713.0698,4713.0698,4101590000,yahoo
SP500,2022-01-12,4728.5898,4748.8301,4706.71,4726.3501,4726.3501,4048220000,yahoo
SP500,2022-01-13,4733.5601,4744.1299,4650.29,4659.0298,4659.0298,4251730000,yahoo
SP500,2022-01-14,4637.9902,4665.1299,4614.75,4662.8501,4662.8501,4338490000,yahoo
SP500,2022-01-18,4632.2402,4632.2402,4568.7002,4577.1099,4577.1099,4748700000,yahoo
SP500,2022-01-19,4588.0298,4611.5498,4530.2002,4532.7598,4532.7598,4465740000,yahoo
SP500,2022-01-20,4547.3501,4602.1099,4477.9502,4482.73,4482.73,4640870000,yahoo
SP500,2022-01-21,4471.3799,4494.52,4395.3398,4397.9399,4397.9399,5589100000,yahoo
SP500,2022-01-24,4356.3198,4417.3501,4222.6201,4410.1299,4410.1299,6928110000,yahoo
SP500,2022-01-25,4366.6401,4411.0098,4287.1099,4356.4502,4356.4502,5145050000,yahoo
SP500,2022-01-26,4408.4302,4453.23,4304.7998,4349.9302,4349.9302,5570640000,yahoo
SP500,2022-01-27,4380.5801,4428.7402,4309.5,4326.5098,4326.5098,5214200000,yahoo
SP500,2022-01-28,4336.1899,4432.7202,4292.46,4431.8501,4431.8501,5031090000,yahoo
SP500,2022-01-31,4431.79,4516.8901,4414.02,4515.5498,4515.5498,5098610000,yahoo
SP500,2022-02-01,4519.5698,4550.4902,4483.5298,4546.54,4546.54,4816830000,yahoo
SP500,2022-02-02,4566.3901,4595.3101,4544.3198,4589.3799,4589.3799,4481580000,yahoo
SP500,2022-02-03,4535.4102,4542.8799,4470.3901,4477.4399,4477.4399,4401970000,yahoo
SP500,2022-02-04,4482.79,4539.6602,4451.5,4500.5298,4500.5298,4706290000,yahoo
SP500,2022-02-07,4505.75,4521.8599,4471.4702,4483.8701,4483.8701,4228480000,yahoo
SP500,2022-02-08,4480.02,4531.3198,4465.3999,4521.54,4521.54,4459620000,yahoo
SP500,2022-02-09,4547,4590.0298,4547,4587.1802,4587.1802,4524350000,yahoo
SP500,2022-02-10,4553.2402,4588.9199,4484.3101,4504.0801,4504.0801,5314860000,yahoo
SP500,2022-02-11,4506.27,4526.3301,4401.4102,4418.6401,4418.6401,5251500000,yahoo
SP500,2022-02-14,4412.6099,4426.2202,4364.8398,4401.6699,4401.6699,4600390000,yahoo
SP500,2022-02-15,4429.2798,4472.77,4429.2798,4471.0698,4471.0698,4430830000,yahoo
SP500,2022-02-16,4455.75,4489.5498,4429.6802,4475.0098,4475.0098,4283640000,yahoo
SP500,2022-02-17,4456.0601,4456.0601,4373.8101,4380.2598,4380.2598,4539420000,yahoo
SP500,2022-02-18,4384.5698,4394.6001,4327.2202,4348.8701,4348.8701,4708060000,yahoo
SP500,2022-02-22,4332.7402,4362.1201,4267.1099,4304.7598,4304.7598,5121900000,yahoo
SP500,2022-02-23,4324.9302,4341.5098,4221.5098,4225.5,4225.5,4797430000,yahoo
SP500,2022-02-24,4155.77,4294.73,4114.6499,4288.7002,4288.7002,6752130000,yahoo
SP500,2022-02-25,4298.3799,4385.3398,4286.8301,4384.6499,4384.6499,5177060000,yahoo
SP500,2022-02-28,4354.1699,4388.8398,4315.1201,4373.9399,4373.9399,6071370000,yahoo
SP500,2022-03-01,4363.1401,4378.4502,4279.54,4306.2598,4306.2598,5846230000,yahoo
SP500,2022-03-02,4322.5601,4401.48,4322.5601,4386.54,4386.54,5337870000,yahoo
SP500,2022-03-03,4401.3101,4416.7798,4345.5601,4363.4902,4363.4902,5039890000,yahoo
SP500,2022-03-04,4342.1201,4342.1201,4284.98,4328.8701,4328.8701,5797380000,yahoo
SP500,2022-03-07,4327.0098,4327.0098,4199.8501,4201.0898,4201.0898,6940470000,yahoo
SP500,2022-03-08,4202.6602,4276.9399,4157.8701,4170.7002,4170.7002,7243120000,yahoo
SP500,2022-03-09,4223.1001,4299.3999,4223.1001,4277.8799,4277.8799,5662670000,yahoo
SP500,2022-03-10,4252.5498,4268.2798,4209.7998,4259.52,4259.52,4980830000,yahoo
SP500,2022-03-11,4279.5,4291.0098,4200.4902,4204.3101,4204.3101,4938640000,yahoo
SP500,2022-03-14,4202.75,4247.5698,4161.7202,4173.1099,4173.1099,5574920000,yahoo
SP500,2022-03-15,4188.8198,4271.0498,4187.8999,4262.4502,4262.4502,5392470000,yahoo
SP500,2022-03-16,4288.1401,4358.8999,4251.9902,4357.8599,4357.8599,6309750000,yahoo
SP500,2022-03-17,4345.1099,4412.6699,4335.6499,4411.6699,4411.6699,4985090000,yahoo
SP500,2022-03-18,4407.3398,4465.3999,4390.5698,4463.1201,4463.1201,8278430000,yahoo
SP500,2022-03-21,4462.3999,4481.75,4424.2998,4461.1802,4461.1802,4869820000,yahoo
SP500,2022-03-22,4469.1001,4522,4469.1001,4511.6099,4511.6099,4754840000,yahoo
SP500,2022-03-23,4493.1001,4501.0698,4455.8101,4456.2402,4456.2402,4550670000,yahoo
SP500,2022-03-24,4469.98,4520.5801,4465.1699,4520.1602,4520.1602,4131390000,yahoo
SP500,2022-03-25,4522.9102,4546.0298,4501.0698,4543.0601,4543.0601,4305020000,yahoo
SP500,2022-03-28,4541.0898,4575.6499,4517.6899,4575.52,4575.52,4312260000,yahoo
SP500,2022-03-29,4602.8599,4637.2998,4589.6602,4631.6001,4631.6001,5085910000,yahoo
SP500,2022-03-30,4624.2002,4627.77,4581.3198,4602.4502,4602.4502,4385570000,yahoo
SP500,2022-03-31,4599.02,4603.0698,4530.4102,4530.4102,4530.4102,4823020000,yahoo
SP500,2022-04-01,4540.3198,4548.7002,4507.5698,4545.8599,4545.8599,4562940000,yahoo
SP500,2022-04-04,4547.9702,4583.5,4539.21,4582.6401,4582.6401,4547350000,yahoo
SP500,2022-04-05,4572.4502,4593.4502,4514.1699,4525.1201,4525.1201,4800620000,yahoo
SP500,2022-04-06,4494.1699,4503.9399,4450.04,4481.1499,4481.1499,4986830000,yahoo
SP500,2022-04-07,4474.6499,4521.1602,4450.2998,4500.21,4500.21,4821490000,yahoo
SP500,2022-04-08,4494.1499,4520.4102,4474.6001,4488.2798,4488.2798,4083200000,yahoo
SP500,2022-04-11,4462.6401,4464.3501,4408.3799,4412.5298,4412.5298,4266290000,yahoo
SP500,2022-04-12,4437.5898,4471,4381.3398,4397.4502,4397.4502,4152090000,yahoo
SP500,2022-04-13,4394.2998,4453.9199,4392.7002,4446.5898,4446.5898,3828150000,yahoo
SP500,2022-04-14,4449.1201,4460.46,4390.77,4392.5898,4392.5898,4083090000,yahoo
SP500,2022-04-18,4385.6299,4410.3101,4370.2998,4391.6899,4391.6899,3910490000,yahoo
SP500,2022-04-19,4390.6299,4471.0298,4390.6299,4462.21,4462.21,4108120000,yahoo
SP500,2022-04-20,4472.2598,4488.29,4448.7598,4459.4502,4459.4502,4290450000,yahoo
SP500,2022-04-21,4489.1699,4512.9399,4384.4702,4393.6602,4393.6602,4636890000,yahoo
SP500,2022-04-22,4385.8301,4385.8301,4267.6201,4271.7798,4271.7798,4651940000,yahoo
SP500,2022-04-25,4255.3398,4299.02,4200.8198,4296.1201,4296.1201,5240040000,yahoo
SP500,2022-04-26,4278.1401,4278.1401,4175.04,4175.2002,4175.2002,4689970000,yahoo
SP500,2022-04-27,4186.52,4240.71,4162.8999,4183.96,4183.96,4769680000,yahoo
SP500,2022-04-28,4222.5801,4308.4502,4188.6299,4287.5,4287.5,4854180000,yahoo
SP500,2022-04-29,4253.75,4269.6802,4124.2798,4131.9302,4131.9302,5084030000,yahoo
SP500,2022-05-02,4130.6099,4169.8101,4062.51,4155.3799,4155.3799,5163790000,yahoo
SP500,2022-05-03,4159.7798,4200.1001,4147.0801,4175.48,4175.48,4582050000,yahoo
SP500,2022-05-04,4181.1802,4307.6602,4148.9102,4300.1699,4300.1699,5136360000,yahoo
SP500,2022-05-05,4270.4302,4270.4302,4106.0098,4146.8701,4146.8701,5077030000,yahoo
SP500,2022-05-06,4128.1699,4157.6899,4067.9099,4123.3398,4123.3398,5116940000,yahoo
SP500,2022-05-09,4081.27,4081.27,3975.48,3991.24,3991.24,5954520000,yahoo
SP500,2022-05-10,4035.1799,4068.8201,3958.1699,4001.05,4001.05,5885820000,yahoo
SP500,2022-05-11,3990.0801,4049.0901,3928.8201,3935.1799,3935.1799,5816140000,yahoo
SP500,2022-05-12,3903.95,3964.8,3858.8701,3930.0801,3930.0801,6286450000,yahoo
SP500,2022-05-13,3963.8999,4038.8799,3963.8999,4023.8899,4023.8899,5183340000,yahoo
SP500,2022-05-16,4013.02,4046.46,3983.99,4008.01,4008.01,4415030000,yahoo
SP500,2022-05-17,4052,4090.72,4033.9299,4088.8501,4088.8501,4841410000,yahoo
SP500,2022-05-18,4051.98,4051.98,3911.9099,3923.6799,3923.6799,5103220000,yahoo
SP500,2022-05-19,3899,3945.96,3876.5801,3900.79,3900.79,5113550000,yahoo
SP500,2022-05-20,3927.76,3943.4199,3810.3201,3901.3601,3901.3601,5130730000,yahoo
SP500,2022-05-23,3919.4199,3981.8799,3909.04,3973.75,3973.75,4420030000,yahoo
SP500,2022-05-24,3942.9399,3955.6799,3875.1299,3941.48,3941.48,4923190000,yahoo
SP500,2022-05-25,3929.5901,3999.3301,3925.03,3978.73,3978.73,4802560000,yahoo
SP500,2022-05-26,3984.6001,4075.1399,3984.6001,4057.8401,4057.8401,4709970000,yahoo
SP500,2022-05-27,4077.4299,4158.4902,4077.4299,4158.2402,4158.2402,4375620000,yahoo
SP500,2022-05-31,4151.0898,4168.3398,4104.8799,4132.1499,4132.1499,6822640000,yahoo
SP500,2022-06-01,4149.7798,4166.54,4073.8501,4101.23,4101.23,4531800000,yahoo
SP500,2022-06-02,4095.4099,4177.5098,4074.3701,4176.8198,4176.8198,4405790000,yahoo
SP500,2022-06-03,4137.5698,4142.6699,4098.6699,4108.54,4108.54,3711110000,yahoo
SP500,2022-06-06,4134.7202,4168.7798,4109.1802,4121.4302,4121.4302,4332700000,yahoo
SP500,2022-06-07,4096.4702,4164.8599,4080.1899,4160.6802,4160.6802,4248210000,yahoo
SP500,2022-06-08,4147.1201,4160.1401,4107.2002,4115.77,4115.77,4159470000,yahoo
SP500,2022-06-09,4101.6499,4119.1001,4017.1699,4017.8201,4017.8201,4134170000,yahoo
SP500,2022-06-10,3974.3899,3974.3899,3900.1599,3900.8601,3900.8601,4889640000,yahoo
SP500,2022-06-13,3838.1499,3838.1499,3734.3,3749.6299,3749.6299,5636890000,yahoo
SP500,2022-06-14,3763.52,3778.1799,3705.6799,3735.48,3735.48,5153890000,yahoo
SP500,2022-06-15,3764.05,3837.5601,3722.3,3789.99,3789.99,5530480000,yahoo
SP500,2022-06-16,3728.1799,3728.1799,3639.77,3666.77,3666.77,5644930000,yahoo
SP500,2022-06-17,3665.8999,3707.71,3636.8701,3674.8401,3674.8401,8520740000,yahoo
SP500,2022-06-21,3715.3101,3779.6499,3715.3101,3764.79,3764.79,5292260000,yahoo
SP500,2022-06-22,3733.8899,3801.79,3717.6899,3759.8899,3759.8899,5058990000,yahoo
SP500,2022-06-23,3774.71,3802.5801,3743.52,3795.73,3795.73,5098640000,yahoo
SP500,2022-06-24,3821.75,3913.6499,3821.75,3911.74,3911.74,8120260000,yahoo
SP500,2022-06-27,3920.76,3927.72,3889.6599,3900.1101,3900.1101,4325310000,yahoo
SP500,2022-06-28,3913,3945.8601,3820.1399,3821.55,3821.55,4270120000,yahoo
SP500,2022-06-29,3825.0901,3836.5,3799.02,3818.8301,3818.8301,4211240000,yahoo
SP500,2022-06-30,3785.99,3818.99,3738.6699,3785.3799,3785.3799,4840070000,yahoo
SP500,2022-07-01,3781,3829.8201,3752.1001,3825.3301,3825.3301,4046950000,yahoo
SP500,2022-07-05,3792.6101,3832.1899,3742.0601,3831.3899,3831.3899,5076590000,yahoo
SP500,2022-07-06,3831.98,3870.9099,3809.3701,3845.0801,3845.0801,4417720000,yahoo
SP500,2022-07-07,3858.8501,3910.6299,3858.8501,3902.6201,3902.6201,4057770000,yahoo
SP500,2022-07-08,3888.26,3918.5,3869.3401,3899.3799,3899.3799,3521620000,yahoo
SP500,2022-07-11,3880.9399,3880.9399,3847.22,3854.4299,3854.4299,3423480000,yahoo
SP500,2022-07-12,3851.95,3873.4099,3802.3601,3818.8,3818.8,3817210000,yahoo
SP500,2022-07-13,3779.6699,3829.4399,3759.0701,3801.78,3801.78,4109390000,yahoo
SP500,2022-07-14,3763.99,3796.4099,3721.5601,3790.3799,3790.3799,4199690000,yahoo
SP500,2022-07-15,3818,3863.6201,3817.1799,3863.1599,3863.1599,4143800000,yahoo
SP500,2022-07-18,3883.79,3902.4399,3818.6299,3830.8501,3830.8501,4046870000,yahoo
SP500,2022-07-19,3860.73,3939.8101,3860.73,3936.6899,3936.6899,4041070000,yahoo
SP500,2022-07-20,3935.3201,3974.1299,3922.03,3959.8999,3959.8999,4185300000,yahoo
SP500,2022-07-21,3955.47,3999.29,3927.6399,3998.95,3998.95,4132790000,yahoo
SP500,2022-07-22,3998.4299,4012.4399,3938.8601,3961.6299,3961.6299,3979240000,yahoo
SP500,2022-07-25,3965.72,3975.3,3943.46,3966.8401,3966.8401,3568340000,yahoo
SP500,2022-07-26,3953.22,3953.22,3910.74,3921.05,3921.05,3778950000,yahoo
SP500,2022-07-27,3951.4299,4039.5601,3951.4299,4023.6101,4023.6101,4112180000,yahoo
SP500,2022-07-28,4026.1299,4078.95,3992.97,4072.4299,4072.4299,4413000000,yahoo
SP500,2022-07-29,4087.3301,4140.1499,4079.22,4130.29,4130.29,4616360000,yahoo
SP500,2022-08-01,4112.3799,4144.9502,4096.02,4118.6299,4118.6299,4202810000,yahoo
SP500,2022-08-02,4104.21,4140.4702,4079.8101,4091.1899,4091.1899,4727710000,yahoo
SP500,2022-08-03,4107.96,4167.6602,4107.96,4155.1699,4155.1699,4351760000,yahoo
SP500,2022-08-04,4154.8501,4161.29,4135.4199,4151.9399,4151.9399,4283320000,yahoo
SP500,2022-08-05,4115.8701,4151.5801,4107.3101,4145.1899,4145.1899,4085940000,yahoo
SP500,2022-08-08,4155.9302,4186.6201,4128.9702,4140.0601,4140.0601,4221090000,yahoo
SP500,2022-08-09,4133.1099,4137.2998,4112.0898,4122.4702,4122.4702,3913090000,yahoo
SP500,2022-08-10,4181.02,4211.0298,4177.2598,4210.2402,4210.2402,4546010000,yahoo
SP500,2022-08-11,4227.3999,4257.9102,4201.4102,4207.27,4207.27,4630200000,yahoo
SP500,2022-08-12,4225.02,4280.4702,4219.7798,4280.1499,4280.1499,3788010000,yahoo
SP500,2022-08-15,4269.3701,4301.79,4256.8999,4297.1401,4297.1401,3696830000,yahoo
SP500,2022-08-16,4290.46,4325.2798,4277.77,4305.2002,4305.2002,4329820000,yahoo
SP500,2022-08-17,4280.3999,4302.1802,4253.0801,4274.04,4274.04,3885030000,yahoo
SP500,2022-08-18,4273.1299,4292.5298,4261.98,4283.7402,4283.7402,3340330000,yahoo
SP500,2022-08-19,4266.3101,4266.3101,4218.7002,4228.48,4228.48,3761340000,yahoo
SP500,2022-08-22,4195.0801,4195.0801,4129.8599,4137.9902,4137.9902,3907430000,yahoo
SP500,2022-08-23,4133.0898,4159.77,4124.0298,4128.73,4128.73,3823520000,yahoo
SP500,2022-08-24,4126.5498,4156.5601,4119.9702,4140.77,4140.77,3583630000,yahoo
SP500,2022-08-25,4153.2598,4200.54,4147.5898,4199.1201,4199.1201,3566870000,yahoo
SP500,2022-08-26,4198.7402,4203.04,4057.6599,4057.6599,4057.6599,3832750000,yahoo
SP500,2022-08-29,4034.5801,4062.99,4017.4199,4030.6101,4030.6101,3396510000,yahoo
SP500,2022-08-30,4041.25,4044.98,3965.21,3986.1599,3986.1599,3835860000,yahoo
SP500,2022-08-31,4000.6699,4015.3701,3954.53,3955,3955,4542490000,yahoo
SP500,2022-09-01,3936.73,3970.23,3903.6499,3966.8501,3966.8501,4152250000,yahoo
SP500,2022-09-02,3994.6599,4018.4299,3906.21,3924.26,3924.26,3665850000,yahoo
SP500,2022-09-06,3930.8899,3942.55,3886.75,3908.1899,3908.1899,4127340000,yahoo
SP500,2022-09-07,3909.4299,3987.8899,3906.03,3979.8701,3979.8701,3890320000,yahoo
SP500,2022-09-08,3959.9399,4010.5,3944.8101,4006.1799,4006.1799,3966850000,yahoo
SP500,2022-09-09,4022.9399,4076.8101,4022.9399,4067.3601,4067.3601,3901940000,yahoo
SP500,2022-09-12,4083.6699,4119.2798,4083.6699,4110.4102,4110.4102,3814200000,yahoo
SP500,2022-09-13,4037.1201,4037.1201,3921.28,3932.6899,3932.6899,4224550000,yahoo
SP500,2022-09-14,3940.73,3961.9399,3912.1799,3946.01,3946.01,4293240000,yahoo
SP500,2022-09-15,3932.4099,3959.1399,3888.28,3901.3501,3901.3501,4441830000,yahoo
SP500,2022-09-16,3880.95,3880.95,3837.0801,3873.3301,3873.3301,7954650000,yahoo
SP500,2022-09-19,3849.9099,3900.45,3838.5,3899.8899,3899.8899,3766850000,yahoo
SP500,2022-09-20,3875.23,3876.01,3827.54,3855.9299,3855.9299,4058050000,yahoo
SP500,2022-09-21,3871.3999,3907.0701,3789.49,3789.9299,3789.9299,4078330000,yahoo
SP500,2022-09-22,3782.3601,3790.8999,3749.45,3757.99,3757.99,4284600000,yahoo
SP500,2022-09-23,3727.1399,3727.1399,3647.47,3693.23,3693.23,5144270000,yahoo
SP500,2022-09-26,3682.72,3715.6699,3644.76,3655.04,3655.04,4886140000,yahoo
SP500,2022-09-27,3686.4399,3717.53,3623.29,3647.29,3647.29,4577740000,yahoo
SP500,2022-09-28,3651.9399,3736.74,3640.6101,3719.04,3719.04,4684850000,yahoo
SP500,2022-09-29,3687.01,3687.01,3610.3999,3640.47,3640.47,4681810000,yahoo
SP500,2022-09-30,3633.48,3671.4399,3584.1299,3585.6201,3585.6201,5645360000,yahoo
SP500,2022-10-03,3609.78,3698.3501,3604.9299,3678.4299,3678.4299,4806680000,yahoo
SP500,2022-10-04,3726.46,3791.9199,3726.46,3790.9299,3790.9299,5146580000,yahoo
SP500,2022-10-05,3753.25,3806.9099,3722.6599,3783.28,3783.28,4293180000,yahoo
SP500,2022-10-06,3771.97,3797.9299,3739.22,3744.52,3744.52,4252100000,yahoo
SP500,2022-10-07,3706.74,3706.74,3620.73,3639.6599,3639.6599,4449660000,yahoo
SP500,2022-10-10,3647.51,3652.1699,3588.1001,3612.3899,3612.3899,3834320000,yahoo
SP500,2022-10-11,3595.8601,3640.6599,3568.45,3588.8401,3588.8401,4759030000,yahoo
SP500,2022-10-12,3590.8301,3608.3401,3573.8601,3577.03,3577.03,4006830000,yahoo
SP500,2022-10-13,3520.3701,3685.4099,3491.5801,3669.9099,3669.9099,5021680000,yahoo
SP500,2022-10-14,3690.4099,3712,3579.6799,3583.0701,3583.0701,4243030000,yahoo
SP500,2022-10-17,3638.6499,3689.73,3638.6499,3677.95,3677.95,4352780000,yahoo
SP500,2022-10-18,3746.26,3762.79,3686.53,3719.98,3719.98,4483740000,yahoo
SP500,2022-10-19,3703.1101,3728.5801,3666.51,3695.1599,3695.1599,4223800000,yahoo
SP500,2022-10-20,3689.05,3736,3656.4399,3665.78,3665.78,4496620000,yahoo
SP500,2022-10-21,3657.1001,3757.8899,3647.4199,3752.75,3752.75,5078020000,yahoo
SP500,2022-10-24,3762.01,3810.74,3741.6499,3797.3401,3797.3401,4747930000,yahoo
SP500,2022-10-25,3799.4399,3862.8501,3799.4399,3859.1101,3859.1101,4843120000,yahoo
SP500,2022-10-26,3825.97,3886.1499,3824.0701,3830.6001,3830.6001,4817310000,yahoo
SP500,2022-10-27,3834.6899,3859.95,3803.79,3807.3,3807.3,4687320000,yahoo
SP500,2022-10-28,3808.26,3905.4199,3808.26,3901.0601,3901.0601,4459410000,yahoo
SP500,2022-10-31,3881.8501,3893.73,3863.1799,3871.98,3871.98,4820620000,yahoo
SP500,2022-11-01,3901.79,3911.79,3843.8,3856.1001,3856.1001,4481210000,yahoo
SP500,2022-11-02,3852.8999,3894.4399,3758.6799,3759.6899,3759.6899,4899000000,yahoo
SP500,2022-11-03,3733.25,3750.5901,3698.1499,3719.8899,3719.8899,4625290000,yahoo
SP500,2022-11-04,3766.98,3796.3401,3708.8401,3770.55,3770.55,5400180000,yahoo
SP500,2022-11-07,3780.71,3813.95,3764.7,3806.8,3806.8,4341620000,yahoo
SP500,2022-11-08,3817.02,3859.3999,3786.28,3828.1101,3828.1101,4607640000,yahoo
SP500,2022-11-09,3810.9399,3818.2,3744.22,3748.5701,3748.5701,4645010000,yahoo
SP500,2022-11-10,3859.8899,3958.3301,3859.8899,3956.3701,3956.3701,5781260000,yahoo
SP500,2022-11-11,3963.72,4001.48,3944.8201,3992.9299,3992.9299,5593310000,yahoo
SP500,2022-11-14,3977.97,4008.97,3956.3999,3957.25,3957.25,4561930000,yahoo
SP500,2022-11-15,4006.4099,4028.8401,3953.1699,3991.73,3991.73,5015310000,yahoo
SP500,2022-11-16,3976.8201,3983.0901,3954.3401,3958.79,3958.79,4165320000,yahoo
SP500,2022-11-17,3919.26,3954.3301,3906.54,3946.5601,3946.5601,4051780000,yahoo
SP500,2022-11-18,3966.3899,3979.8899,3935.98,3965.3401,3965.3401,4037360000,yahoo
SP500,2022-11-21,3956.23,3962,3933.3401,3949.9399,3949.9399,3850690000,yahoo
SP500,2022-11-22,3965.51,4005.8799,3956.8799,4003.5801,4003.5801,3887990000,yahoo
SP500,2022-11-23,4000.3,4033.78,3998.6599,4027.26,4027.26,3279720000,yahoo
SP500,2022-11-25,4023.3401,4034.02,4020.76,4026.1201,4026.1201,1706460000,yahoo
SP500,2022-11-28,4005.3601,4012.27,3955.77,3963.9399,3963.9399,3615430000,yahoo
SP500,2022-11-29,3964.1899,3976.77,3937.6499,3957.6299,3957.6299,3546040000,yahoo
SP500,2022-11-30,3957.1799,4080.1101,3938.5801,4080.1101,4080.1101,6579360000,yahoo
SP500,2022-12-01,4087.1399,4100.5098,4050.8701,4076.5701,4076.5701,4527130000,yahoo
SP500,2022-12-02,4040.1699,4080.48,4026.6299,4071.7,4071.7,4012620000,yahoo
SP500,2022-12-05,4052.02,4052.45,3984.49,3998.8401,3998.8401,4280820000,yahoo
SP500,2022-12-06,3996.6299,4001.51,3918.3899,3941.26,3941.26,4368380000,yahoo
SP500,2022-12-07,3933.28,3957.5701,3922.6799,3933.9199,3933.9199,4118050000,yahoo
SP500,2022-12-08,3947.79,3974.1899,3935.8301,3963.51,3963.51,4006900000,yahoo
SP500,2022-12-09,3954.1699,3977.02,3933.04,3934.3799,3934.3799,3888260000,yahoo
SP500,2022-12-12,3939.29,3990.71,3935.3,3990.5601,3990.5601,3904130000,yahoo
SP500,2022-12-13,4069.3799,4100.96,3993.03,4019.6499,4019.6499,5079360000,yahoo
SP500,2022-12-14,4015.54,4053.76,3965.6499,3995.3201,3995.3201,4472340000,yahoo
SP500,2022-12-15,3958.3701,3958.3701,3879.45,3895.75,3895.75,4493900000,yahoo
SP500,2022-12-16,3890.9099,3890.9099,3827.9099,3852.3601,3852.3601,7493660000,yahoo
SP500,2022-12-19,3853.79,3854.8601,3800.04,3817.6599,3817.6599,3969610000,yahoo
SP500,2022-12-20,3810.47,3838.24,3795.6201,3821.6201,3821.6201,3985370000,yahoo
SP500,2022-12-21,3839.49,3889.8201,3839.49,3878.4399,3878.4399,3775200000,yahoo
SP500,2022-12-22,3853.26,3853.26,3764.49,3822.3899,3822.3899,3956950000,yahoo
SP500,2022-12-23,3815.1101,3845.8,3797.01,3844.8201,3844.8201,2819280000,yahoo
SP500,2022-12-27,3843.3401,3846.6499,3813.22,3829.25,3829.25,3030300000,yahoo
SP500,2022-12-28,3829.5601,3848.3201,3780.78,3783.22,3783.22,3083520000,yahoo
SP500,2022-12-29,3805.45,3858.1899,3805.45,3849.28,3849.28,3003680000,yahoo
SP500,2022-12-30,3829.0601,3839.8501,3800.3401,3839.5,3839.5,2979870000,yahoo
USDINR,2022-01-03,74.5159,74.5203,74.152,74.5138,74.5138,0,yahoo
USDINR,2022-01-04,74.4033,74.7703,74.4033,74.4033,74.4033,0,yahoo
USDINR,2022-01-05,74.535,74.615,74.2054,74.5349,74.5349,0,yahoo
USDINR,2022-01-06,74.4303,74.7035,74.32,74.4301,74.4301,0,yahoo
USDINR,2022-01-07,74.4182,74.6373,74.2235,74.4193,74.4193,0,yahoo
USDINR,2022-01-10,74.2306,74.4648,73.99,74.27,74.27,0,yahoo
USDINR,2022-01-11,74.057,74.2673,73.7448,74.057,74.057,0,yahoo
USDINR,2022-01-12,73.8154,74.0343,73.6975,73.8153,73.8153,0,yahoo
USDINR,2022-01-13,73.7828,74.0638,73.7828,73.7991,73.7991,0,yahoo
USDINR,2022-01-14,73.9721,74.2032,73.8755,73.9723,73.9723,0,yahoo
USDINR,2022-01-18,74.2554,74.6141,74.1455,74.2551,74.2551,0,yahoo
USDINR,2022-01-19,74.6195,74.8348,74.349,74.6197,74.6197,0,yahoo
USDINR,2022-01-20,74.4493,74.6525,74.2965,74.4492,74.4492,0,yahoo
USDINR,2022-01-21,74.4385,74.63,74.2944,74.4522,74.4522,0,yahoo
USDINR,2022-01-24,74.4203,74.7427,74.3161,74.4132,74.4132,0,yahoo
USDINR,2022-01-25,74.6449,74.8348,74.5385,74.6448,74.6448,0,yahoo
USDINR,2022-01-26,74.78,75.0015,74.686,74.78,74.78,0,yahoo
USDINR,2022-01-28,75.2093,75.367,74.8791,75.2093,75.2093,0,yahoo
USDINR,2022-01-31,75.0461,75.1888,74.5902,75.039,75.039,0,yahoo
USDINR,2022-02-01,74.5557,74.8625,74.4328,74.5558,74.5558,0,yahoo
USDINR,2022-02-02,74.7449,75.0041,74.6478,74.7455,74.7455,0,yahoo
USDINR,2022-02-03,74.8148,74.9345,74.6342,74.8224,74.8224,0,yahoo
USDINR,2022-02-04,74.6439,74.928,74.5851,74.6439,74.6439,0,yahoo
USDINR,2022-02-07,74.6462,74.7849,74.539,74.6422,74.6422,0,yahoo
USDINR,2022-02-08,74.6566,74.7945,74.5779,74.6583,74.6583,0,yahoo
USDINR,2022-02-09,74.6955,74.9449,74.6185,74.6952,74.6952,0,yahoo
USDINR,2022-02-10,74.809,75.286,74.762,74.8089,74.8089,0,yahoo
USDINR,2022-02-11,75.5384,75.5393,75.094,75.5384,75.5384,0,yahoo
USDINR,2022-02-15,75.6854,75.7272,75.215,75.6854,75.6854,0,yahoo
USDINR,2022-02-16,75.1748,75.2913,74.965,75.1748,75.1748,0,yahoo
USDINR,2022-02-17,75.0495,75.303,74.9463,75.042,75.042,0,yahoo
USDINR,2022-02-18,75.0698,75.2695,74.481,75.063,75.063,0,yahoo
USDINR,2022-02-21,74.6869,74.7265,74.353,74.6824,74.6824,0,yahoo
USDINR,2022-02-23,74.623,74.859,74.5,74.623,74.623,0,yahoo
USDINR,2022-02-24,74.6398,75.901,74.6295,74.633,74.633,0,yahoo
USDINR,2022-02-25,75.4083,75.6595,75.0645,75.4083,75.4083,0,yahoo
USDINR,2022-02-28,75.0552,75.786,74.9,75.068,75.068,0,yahoo
USDINR,2022-03-01,75.2848,75.8951,75.2122,75.2848,75.2848,0,yahoo
USDINR,2022-03-02,75.8011,76.0965,75.4283,75.8012,75.8012,0,yahoo
USDINR,2022-03-03,75.6383,76.019,75.572,75.631,75.631,0,yahoo
USDINR,2022-03-04,75.8868,76.5241,75.885,75.8917,75.8917,0,yahoo
USDINR,2022-03-08,77.0808,77.3735,76.73,77.0808,77.0808,0,yahoo
USDINR,2022-03-09,76.9145,77.2865,76.3158,76.9145,76.9145,0,yahoo
USDINR,2022-03-10,76.1349,76.481,75.8987,76.1349,76.1349,0,yahoo
USDINR,2022-03-11,76.3103,76.7065,76.2545,76.3103,76.3103,0,yahoo
USDINR,2022-03-14,76.759,76.7591,76.3425,76.7537,76.7537,0,yahoo
USDINR,2022-03-15,76.4901,76.9815,76.3045,76.4901,76.4901,0,yahoo
USDINR,2022-03-16,76.2932,76.638,76.042,76.2659,76.2659,0,yahoo
USDINR,2022-03-17,76.0242,76.2385,75.759,76.0242,76.0242,0,yahoo
USDINR,2022-03-18,75.9816,76.2065,75.9125,75.9816,75.9816,0,yahoo
USDINR,2022-03-21,75.9464,76.2773,75.892,75.9464,75.9464,0,yahoo
USDINR,2022-03-22,76.29,76.689,75.9845,76.3071,76.3071,0,yahoo
USDINR,2022-03-23,76.1019,76.5084,75.977,76.1019,76.1019,0,yahoo
USDINR,2022-03-24,76.5525,76.8415,76.1784,76.5524,76.5524,0,yahoo
USDINR,2022-03-25,76.3235,76.6065,76.118,76.3235,76.3235,0,yahoo
USDINR,2022-03-28,76.2785,76.6265,76.0437,76.2785,76.2785,0,yahoo
USDINR,2022-03-29,76.0341,76.2995,75.5647,76.0341,76.0341,0,yahoo
USDINR,2022-03-30,75.6667,75.972,75.5615,75.6667,75.6667,0,yahoo
USDINR,2022-03-31,75.8278,76.0583,75.6395,75.8278,75.8278,0,yahoo
USDINR,2022-04-01,75.9092,76.1558,75.843,75.9092,75.9092,0,yahoo
USDINR,2022-04-04,75.9948,75.9964,75.3657,75.9948,75.9948,0,yahoo
USDINR,2022-04-05,75.478,75.542,75.2575,75.478,75.478,0,yahoo
USDINR,2022-04-06,75.4507,76.034,75.37,75.4507,75.4507,0,yahoo
USDINR,2022-04-07,75.9451,76.1545,75.7746,75.9451,75.9451,0,yahoo
USDINR,2022-04-08,75.9132,76.0625,75.708,75.9132,75.9132,0,yahoo
USDINR,2022-04-11,75.9173,76.1398,75.7635,75.9173,75.9173,0,yahoo
USDINR,2022-04-12,75.837,76.2005,75.8363,75.837,75.837,0,yahoo
USDINR,2022-04-13,76.1498,76.2635,75.976,76.1498,76.1498,0,yahoo
USDINR,2022-04-14,76.1217,76.3295,76.057,76.1217,76.1217,0,yahoo
USDINR,2022-04-15,76.3088,76.5955,76.2336,76.3088,76.3088,0,yahoo
USDINR,2022-04-18,76.3314,76.4565,76.0745,76.3314,76.3314,0,yahoo
USDINR,2022-04-19,76.2802,76.5612,76.2155,76.2802,76.2802,0,yahoo
USDINR,2022-04-20,76.4454,76.6565,76.153,76.4454,76.4454,0,yahoo
USDINR,2022-04-21,76.2762,76.3664,76.0839,76.2762,76.2762,0,yahoo
USDINR,2022-04-22,76.2852,76.746,76.15,76.2852,76.2852,0,yahoo
USDINR,2022-04-25,76.4635,76.7634,76.325,76.4635,76.4635,0,yahoo
USDINR,2022-04-26,76.5278,76.8115,76.4243,76.5278,76.5278,0,yahoo
USDINR,2022-04-27,76.7941,77.038,76.4879,76.7941,76.7941,0,yahoo
USDINR,2022-04-28,76.4722,76.7887,76.4115,76.4722,76.4722,0,yahoo
USDINR,2022-04-29,76.589,76.8298,76.2684,76.589,76.589,0,yahoo
USDINR,2022-05-02,76.5231,76.5978,76.348,76.5231,76.5231,0,yahoo
USDINR,2022-05-03,76.5241,76.8175,76.453,76.5241,76.5241,0,yahoo
USDINR,2022-05-04,76.4673,76.5675,76.168,76.4673,76.4673,0,yahoo
USDINR,2022-05-05,76.0016,76.5726,75.994,76.0016,76.0016,0,yahoo
USDINR,2022-05-06,76.5418,77.0693,76.4665,76.5418,76.5418,0,yahoo
USDINR,2022-05-09,76.9575,77.519,76.9275,76.9575,76.9575,0,yahoo
USDINR,2022-05-10,77.3655,77.461,77.1125,77.3655,77.3655,0,yahoo
USDINR,2022-05-11,77.2714,77.5185,77.1545,77.2714,77.2714,0,yahoo
USDINR,2022-05-12,77.4184,77.726,77.279,77.4184,77.4184,0,yahoo
USDINR,2022-05-13,77.4438,77.5585,77.2568,77.4438,77.4438,0,yahoo
USDINR,2022-05-16,77.4863,77.9135,77.48,77.4863,77.4863,0,yahoo
USDINR,2022-05-17,77.8054,78.0238,77.369,77.8054,77.8054,0,yahoo
USDINR,2022-05-18,77.3724,77.745,77.2765,77.3724,77.3724,0,yahoo
USDINR,2022-05-19,77.82,78.0098,77.2135,77.82,77.82,0,yahoo
USDINR,2022-05-20,77.4211,77.8205,77.3445,77.4211,77.4211,0,yahoo
USDINR,2022-05-23,77.8184,77.9698,77.4208,77.8184,77.8184,0,yahoo
USDINR,2022-05-24,77.5268,77.665,77.4985,77.5268,77.5268,0,yahoo
USDINR,2022-05-25,77.4788,77.748,77.435,77.4788,77.4788,0,yahoo
USDINR,2022-05-26,77.4973,77.724,77.4685,77.4973,77.4973,0,yahoo
USDINR,2022-05-27,77.6302,77.8996,77.527,77.6302,77.6302,0,yahoo
USDINR,2022-05-30,77.692,77.8295,77.4628,77.692,77.692,0,yahoo
USDINR,2022-06-01,77.599,77.9417,77.4365,77.599,77.599,0,yahoo
USDINR,2022-06-02,77.5841,77.8165,77.3862,77.5841,77.5841,0,yahoo
USDINR,2022-06-06,77.6942,77.8461,77.5475,77.6942,77.6942,0,yahoo
USDINR,2022-06-07,77.821,78.0598,77.589,77.821,77.821,0,yahoo
USDINR,2022-06-08,77.6706,77.9063,77.596,77.6706,77.6706,0,yahoo
USDINR,2022-06-09,77.7243,77.982,77.6765,77.7243,77.7243,0,yahoo
USDINR,2022-06-10,77.8187,78.1938,77.7345,77.8187,77.8187,0,yahoo
USDINR,2022-06-13,78.1776,78.4068,77.956,78.1776,78.1776,0,yahoo
USDINR,2022-06-14,78.1606,78.3638,77.929,78.1606,78.1606,0,yahoo
USDINR,2022-06-15,77.9855,78.2185,77.965,77.9855,77.9855,0,yahoo
USDINR,2022-06-16,77.9002,78.2648,77.882,77.9002,77.9002,0,yahoo
USDINR,2022-06-17,77.9777,78.1895,77.9374,77.9777,77.9777,0,yahoo
USDINR,2022-06-20,77.9614,78.1725,77.8599,77.9614,77.9614,0,yahoo
USDINR,2022-06-21,77.934,78.2728,77.8725,77.934,77.934,0,yahoo
USDINR,2022-06-22,78.1349,78.4008,78.0701,78.1349,78.1349,0,yahoo
USDINR,2022-06-23,78.1931,78.4195,78.14,78.1931,78.1931,0,yahoo
USDINR,2022-06-24,78.1424,78.358,78.1185,78.1424,78.1424,0,yahoo
USDINR,2022-06-27,78.2523,78.5625,78.1585,78.2523,78.2523,0,yahoo
USDINR,2022-06-28,78.4411,79.0395,78.4105,78.4411,78.4411,0,yahoo
USDINR,2022-06-29,79.0732,79.0736,78.6024,79.0732,79.0732,0,yahoo
USDINR,2022-06-30,78.8983,79.108,78.8387,78.8983,78.8983,0,yahoo
USDINR,2022-07-01,78.963,79.191,78.473,78.963,78.963,0,yahoo
USDINR,2022-07-04,78.9507,79.0453,78.8465,78.9507,78.9507,0,yahoo
USDINR,2022-07-05,78.9395,79.421,78.9145,78.9395,78.9395,0,yahoo
USDINR,2022-07-06,79.3684,79.5483,78.9299,79.3684,79.3684,0,yahoo
USDINR,2022-07-07,79.0439,79.25,78.878,79.0439,79.0439,0,yahoo
USDINR,2022-07-08,79.2216,79.4228,79.1105,79.2216,79.2216,0,yahoo
USDINR,2022-07-11,79.3314,79.5771,79.142,79.3314,79.3314,0,yahoo
USDINR,2022-07-12,79.4778,79.8603,79.3885,79.4778,79.4778,0,yahoo
USDINR,2022-07-13,79.4764,80.0595,79.425,79.4764,79.4764,0,yahoo
USDINR,2022-07-14,79.8075,80.2187,79.5981,79.8075,79.8075,0,yahoo
USDINR,2022-07-15,79.8783,80.0895,79.708,79.8783,79.8783,0,yahoo
USDINR,2022-07-18,79.7205,80.256,79.7137,79.7205,79.7205,0,yahoo
USDINR,2022-07-19,80.0303,80.1485,79.8526,80.0303,80.0303,0,yahoo
USDINR,2022-07-20,79.8559,80.1185,79.8559,79.8559,79.8559,0,yahoo
USDINR,2022-07-21,80.0034,80.271,79.761,80.0034,80.0034,0,yahoo
USDINR,2022-07-25,79.8768,80.1448,79.6861,79.8768,79.8768,0,yahoo
USDINR,2022-07-26,79.7225,79.8422,79.7025,79.7225,79.7225,0,yahoo
USDINR,2022-07-27,79.8412,80.0708,79.7475,79.8412,79.8412,0,yahoo
USDINR,2022-07-28,79.8474,80.0573,79.5974,79.8474,79.8474,0,yahoo
USDINR,2022-07-29,79.5715,79.6565,79.1737,79.5715,79.5715,0,yahoo
USDINR,2022-08-01,79.1948,79.4298,78.8994,79.1948,79.1948,0,yahoo
USDINR,2022-08-02,78.9557,79.17,77.7743,78.9557,78.9557,0,yahoo
USDINR,2022-08-03,78.6045,79.2033,78.568,78.6045,78.6045,0,yahoo
USDINR,2022-08-04,79.1183,79.8,79.0085,79.1183,79.1183,0,yahoo
USDINR,2022-08-05,79.1549,79.492,78.9185,79.1549,79.1549,0,yahoo
USDINR,2022-08-08,79.4106,79.757,79.313,79.4106,79.4106,0,yahoo
USDINR,2022-08-09,79.6019,79.8147,79.4421,79.6019,79.6019,0,yahoo
USDINR,2022-08-10,79.5784,79.7545,79.007,79.5784,79.5784,0,yahoo
USDINR,2022-08-11,79.0978,79.7923,79.0495,79.0978,79.0978,0,yahoo
USDINR,2022-08-12,79.614,79.937,79.556,79.614,79.614,0,yahoo
USDINR,2022-08-15,79.6276,79.7285,79.4708,79.6276,79.6276,0,yahoo
USDINR,2022-08-16,79.5529,79.78,79.261,79.5529,79.5529,0,yahoo
USDINR,2022-08-17,79.146,79.6851,79.146,79.146,79.146,0,yahoo
USDINR,2022-08-18,79.3597,79.8625,79.3365,79.3597,79.3597,0,yahoo
USDINR,2022-08-19,79.7667,80.1125,79.6571,79.7667,79.7667,0,yahoo
USDINR,2022-08-22,79.9179,80.1548,79.762,79.9179,79.9179,0,yahoo
USDINR,2022-08-23,79.8838,80.098,79.503,79.8838,79.8838,0,yahoo
USDINR,2022-08-24,79.8545,80.085,79.6989,79.8545,79.8545,0,yahoo
USDINR,2022-08-25,79.7968,80.0263,79.7374,79.7968,79.7968,0,yahoo
USDINR,2022-08-26,79.8829,80.1335,79.716,79.8829,79.8829,0,yahoo
USDINR,2022-08-29,79.9591,80.1295,79.8734,79.9591,79.9591,0,yahoo
USDINR,2022-08-30,79.9679,80.1608,79.4325,79.9679,79.9679,0,yahoo
USDINR,2022-08-31,79.6823,79.7438,79.353,79.6823,79.6823,0,yahoo
USDINR,2022-09-01,79.5488,79.835,79.2795,79.5488,79.5488,0,yahoo
USDINR,2022-09-02,79.7168,80.0915,79.5865,79.7168,79.7168,0,yahoo
USDINR,2022-09-05,79.7245,80.0255,79.6553,79.7245,79.7245,0,yahoo
USDINR,2022-09-06,79.783,79.968,79.71,79.783,79.783,0,yahoo
USDINR,2022-09-07,79.8951,80.142,79.7965,79.8951,79.8951,0,yahoo
USDINR,2022-09-08,79.6498,79.946,79.6363,79.6498,79.6498,0,yahoo
USDINR,2022-09-09,79.7063,79.9378,79.454,79.7063,79.7063,0,yahoo
USDINR,2022-09-12,79.6558,79.742,79.325,79.6558,79.6558,0,yahoo
USDINR,2022-09-13,79.3553,79.5905,79.023,79.3553,79.3553,0,yahoo
USDINR,2022-09-14,79.6024,79.805,79.3836,79.6024,79.6024,0,yahoo
USDINR,2022-09-15,79.4537,80.0163,79.4316,79.4537,79.4537,0,yahoo
USDINR,2022-09-16,79.8491,80.0133,79.0986,79.8491,79.8491,0,yahoo
USDINR,2022-09-19,79.6895,79.9578,79.5853,79.6895,79.6895,0,yahoo
USDINR,2022-09-20,79.7075,79.9925,79.5765,79.7075,79.7075,0,yahoo
USDINR,2022-09-21,79.7627,80.156,79.7625,79.7627,79.7627,0,yahoo
USDINR,2022-09-22,80.0507,81.1116,79.929,80.0507,80.0507,0,yahoo
USDINR,2022-09-23,81.0622,81.3381,80.7848,81.0622,81.0622,0,yahoo
USDINR,2022-09-26,81.2548,81.7175,80.733,81.2548,81.2548,0,yahoo
USDINR,2022-09-27,81.6158,81.861,81.2863,81.6158,81.6158,0,yahoo
USDINR,2022-09-28,81.7246,82.113,81.4961,81.7246,81.7246,0,yahoo
USDINR,2022-09-29,81.4287,82.0555,81.4075,81.4287,81.4287,0,yahoo
USDINR,2022-09-30,81.4806,81.6976,81.0998,81.4806,81.4806,0,yahoo
USDINR,2022-10-03,81.5213,82.062,81.4113,81.5213,81.5213,0,yahoo
USDINR,2022-10-04,81.495,81.856,81.2726,81.495,81.495,0,yahoo
USDINR,2022-10-05,81.4655,81.8268,81.266,81.4655,81.4655,0,yahoo
USDINR,2022-10-06,81.6488,82.4815,81.438,81.6488,81.6488,0,yahoo
USDINR,2022-10-07,82.349,82.6263,82.045,82.349,82.349,0,yahoo
USDINR,2022-10-10,82.8323,83.0643,82.2585,82.8323,82.8323,0,yahoo
USDINR,2022-10-11,82.4207,82.75,82.1385,82.4207,82.4207,0,yahoo
USDINR,2022-10-12,82.2739,82.6165,82.1546,82.2739,82.2739,0,yahoo
USDINR,2022-10-13,82.2,82.887,82.12,82.2,82.2,0,yahoo
USDINR,2022-10-14,82.1921,82.6055,82.124,82.1921,82.1921,0,yahoo
USDINR,2022-10-17,82.4128,82.647,82.106,82.4128,82.4128,0,yahoo
USDINR,2022-10-18,82.1947,82.6795,82.0118,82.1947,82.1947,0,yahoo
USDINR,2022-10-19,82.2864,83.386,82.1725,82.2864,82.2864,0,yahoo
USDINR,2022-10-20,82.997,83.325,82.547,82.997,82.997,0,yahoo
USDINR,2022-10-21,82.8257,83.22,82.5623,82.8257,82.8257,0,yahoo
USDINR,2022-10-24,82.5413,83.0689,82.5413,82.5413,82.5413,0,yahoo
USDINR,2022-10-25,82.7615,83.1375,82.43,82.7615,82.7615,0,yahoo
USDINR,2022-10-26,82.4453,82.5506,81.9242,82.4453,82.4453,0,yahoo
USDINR,2022-10-27,82.0496,82.7065,81.9283,82.0496,82.0496,0,yahoo
USDINR,2022-10-28,82.4425,82.7813,82.278,82.4425,82.4425,0,yahoo
USDINR,2022-10-31,82.2392,83.123,82.193,82.2392,82.2392,0,yahoo
USDINR,2022-11-01,82.729,83.0708,82.5035,82.729,82.729,0,yahoo
USDINR,2022-11-02,82.6845,83.027,82.5913,82.6845,82.6845,0,yahoo
USDINR,2022-11-03,82.8884,82.9963,82.6688,82.8884,82.8884,0,yahoo
USDINR,2022-11-04,82.6818,82.9918,82.0021,82.6818,82.6818,0,yahoo
USDINR,2022-11-07,81.975,82.3718,81.7925,81.975,81.975,0,yahoo
USDINR,2022-11-08,81.826,82.0818,81.1729,81.826,81.826,0,yahoo
USDINR,2022-11-09,81.4052,81.6698,81.1903,81.4052,81.4052,0,yahoo
USDINR,2022-11-10,81.3438,81.91,80.7271,81.3438,81.3438,0,yahoo
USDINR,2022-11-11,80.4829,80.983,80.4238,80.4829,80.4829,0,yahoo
USDINR,2022-11-14,80.497,81.2874,80.3731,80.497,80.497,0,yahoo
USDINR,2022-11-15,80.992,81.438,80.713,80.992,80.992,0,yahoo
USDINR,2022-11-16,81.0714,81.538,81.0714,81.0714,81.0714,0,yahoo
USDINR,2022-11-17,81.4953,81.85,81.3463,81.4953,81.4953,0,yahoo
USDINR,2022-11-18,81.5249,81.7883,81.4925,81.5249,81.5249,0,yahoo
USDINR,2022-11-22,81.7277,81.9948,81.6034,81.7277,81.7277,0,yahoo
USDINR,2022-11-23,81.715,81.915,81.6831,81.715,81.715,0,yahoo
USDINR,2022-11-24,81.6329,81.87,81.5795,81.6329,81.6329,0,yahoo
USDINR,2022-11-25,81.6554,81.8518,81.4145,81.6554,81.6554,0,yahoo
USDINR,2022-11-28,81.6697,81.922,81.524,81.6697,81.6697,0,yahoo
USDINR,2022-11-29,81.6503,81.764,81.4895,81.6503,81.6503,0,yahoo
USDINR,2022-11-30,81.6309,81.7903,81.2801,81.6309,81.6309,0,yahoo
USDINR,2022-12-01,81.3053,81.3713,80.993,81.3053,81.3053,0,yahoo
USDINR,2022-12-02,81.1622,81.615,81.082,81.1622,81.1622,0,yahoo
USDINR,2022-12-05,81.4225,81.895,81.1935,81.4225,81.4225,0,yahoo
USDINR,2022-12-06,81.899,82.6002,81.6915,81.899,81.899,0,yahoo
USDINR,2022-12-07,82.3722,82.7385,82.2046,82.3722,82.3722,0,yahoo
USDINR,2022-12-08,82.2535,82.5388,82.237,82.2535,82.2535,0,yahoo
USDINR,2022-12-09,82.2792,82.5083,82.074,82.2792,82.2792,0,yahoo
USDINR,2022-12-12,82.413,82.7235,82.364,82.413,82.413,0,yahoo
USDINR,2022-12-13,82.6447,82.9119,82.3654,82.6447,82.6447,0,yahoo
USDINR,2022-12-14,82.4025,82.706,82.4018,82.4025,82.4025,0,yahoo
USDINR,2022-12-15,82.508,83.0359,82.4141,82.508,82.508,0,yahoo
USDINR,2022-12-16,82.8579,83,82.5915,82.8579,82.8579,0,yahoo
USDINR,2022-12-19,82.726,82.9185,82.558,82.726,82.726,0,yahoo
USDINR,2022-12-20,82.5819,82.883,82.5435,82.5819,82.5819,0,yahoo
USDINR,2022-12-21,82.6369,82.9562,82.5495,82.6369,82.6369,0,yahoo
USDINR,2022-12-22,82.8786,82.9883,82.643,82.8786,82.8786,0,yahoo
USDINR,2022-12-23,82.8749,82.9848,82.716,82.8749,82.8749,0,yahoo
USDINR,2022-12-26,82.6041,82.8774,81.7168,82.6041,82.6041,0,yahoo
USDINR,2022-12-27,82.9029,82.9129,82.63,82.9029,82.9029,0,yahoo
USDINR,2022-12-28,82.7761,82.918,82.6909,82.7761,82.7761,0,yahoo
USDINR,2022-12-29,82.852,82.9012,82.741,82.852,82.852,0,yahoo
USDINR,2022-12-30,82.8351,82.8364,82.5547,82.8351,82.8351,0,yahoo
USVIX,2022-01-03,17.6,18.54,16.56,16.6,16.6,0,yahoo
USVIX,2022-01-04,16.57,17.81,16.34,16.91,16.91,0,yahoo
USVIX,2022-01-05,17.07,20.17,16.58,19.73,19.73,0,yahoo
USVIX,2022-01-06,20.29,21.06,19.08,19.61,19.61,0,yahoo
USVIX,2022-01-07,19.85,20.8,18.57,18.76,18.76,0,yahoo
USVIX,2022-01-10,19.58,23.33,19.29,19.4,19.4,0,yahoo
USVIX,2022-01-11,19.62,21,18.2,18.41,18.41,0,yahoo
USVIX,2022-01-12,18.17,18.69,17.36,17.62,17.62,0,yahoo
USVIX,2022-01-13,18.06,20.61,17.45,20.31,20.31,0,yahoo
USVIX,2022-01-14,20.11,22.07,19.05,19.19,19.19,0,yahoo
USVIX,2022-01-18,21.18,23.2,21.18,22.79,22.79,0,yahoo
USVIX,2022-01-19,23.12,23.99,21.85,23.85,23.85,0,yahoo
USVIX,2022-01-20,23.46,25.89,21.68,25.59,25.59,0,yahoo
USVIX,2022-01-21,25.38,29.79,25.31,28.85,28.85,0,yahoo
USVIX,2022-01-24,28.2,38.94,28.02,29.9,29.9,0,yahoo
USVIX,2022-01-25,32.29,35.85,29.13,31.16,31.16,0,yahoo
USVIX,2022-01-26,29.35,33.04,26.9,31.96,31.96,0,yahoo
USVIX,2022-01-27,32.19,33,28.42,30.49,30.49,0,yahoo
USVIX,2022-01-28,30.27,32.82,27.28,27.66,27.66,0,yahoo
USVIX,2022-01-31,28.36,29.41,24.71,24.83,24.83,0,yahoo
USVIX,2022-02-01,24.57,25.33,21.96,21.96,21.96,0,yahoo
USVIX,2022-02-02,21.56,22.73,20.46,22.09,22.09,0,yahoo
USVIX,2022-02-03,22.63,25.81,22.3,24.35,24.35,0,yahoo
USVIX,2022-02-04,23.77,26.26,22.07,23.22,23.22,0,yahoo
USVIX,2022-02-07,24.09,24.82,22.02,22.86,22.86,0,yahoo
USVIX,2022-02-08,23.09,23.48,21.32,21.44,21.44,0,yahoo
USVIX,2022-02-09,21.27,21.3,19.93,19.96,19.96,0,yahoo
USVIX,2022-02-10,20.37,24.77,20.18,23.91,23.91,0,yahoo
USVIX,2022-02-11,24.39,30.99,23.33,27.36,27.36,0,yahoo
USVIX,2022-02-14,29.17,32.04,28.33,28.33,28.33,0,yahoo
USVIX,2022-02-15,28.09,28.09,25.33,25.7,25.7,0,yahoo
USVIX,2022-02-16,25.19,27.09,23.88,24.29,24.29,0,yahoo
USVIX,2022-02-17,24.83,28.37,24.76,28.11,28.11,0,yahoo
USVIX,2022-02-18,26.66,29.71,26.38,27.75,27.75,0,yahoo
USVIX,2022-02-22,31.8,32.04,28.4,28.81,28.81,0,yahoo
USVIX,2022-02-23,28.04,31.07,27.2,31.02,31.02,0,yahoo
USVIX,2022-02-24,37.5,37.79,29.45,30.32,30.32,0,yahoo
USVIX,2022-02-25,31.68,32,26.93,27.59,27.59,0,yahoo
USVIX,2022-02-28,32.44,33.51,28.43,30.15,30.15,0,yahoo
USVIX,2022-03-01,29.45,35.19,29.44,33.32,33.32,0,yahoo
USVIX,2022-03-02,34.2,34.41,30.12,30.74,30.74,0,yahoo
USVIX,2022-03-03,30.52,32.01,29.31,30.48,30.48,0,yahoo
USVIX,2022-03-04,31.9,34.65,31.47,31.98,31.98,0,yahoo
USVIX,2022-03-07,35.88,36.55,32.59,36.45,36.45,0,yahoo
USVIX,2022-03-08,36.19,37.52,32.78,35.13,35.13,0,yahoo
USVIX,2022-03-09,33.74,34.12,31.39,32.45,32.45,0,yahoo
USVIX,2022-03-10,33.03,34.03,30.23,30.23,30.23,0,yahoo
USVIX,2022-03-11,30.43,31.04,28.84,30.75,30.75,0,yahoo
USVIX,2022-03-14,31.03,33.18,30.06,31.77,31.77,0,yahoo
USVIX,2022-03-15,33.13,33.83,29.57,29.83,29.83,0,yahoo
USVIX,2022-03-16,29.02,29.8,26.29,26.67,26.67,0,yahoo
USVIX,2022-03-17,26.51,27.47,25.25,25.67,25.67,0,yahoo
USVIX,2022-03-18,26.36,26.82,23.85,23.87,23.87,0,yahoo
USVIX,2022-03-21,25.14,25.36,22.99,23.53,23.53,0,yahoo
USVIX,2022-03-22,24.02,24.02,22.7,22.94,22.94,0,yahoo
USVIX,2022-03-23,23.04,24.03,22.64,23.57,23.57,0,yahoo
USVIX,2022-03-24,23.61,23.79,21.49,21.67,21.67,0,yahoo
USVIX,2022-03-25,21.87,22.86,20.8,20.81,20.81,0,yahoo
USVIX,2022-03-28,22.14,23.33,19.54,19.63,19.63,0,yahoo
USVIX,2022-03-29,19.7,19.73,18.67,18.9,18.9,0,yahoo
USVIX,2022-03-30,19.38,20.51,18.72,19.33,19.33,0,yahoo
USVIX,2022-03-31,19.68,21.48,19.54,20.56,20.56,0,yahoo
USVIX,2022-04-01,20.62,20.86,19.41,19.63,19.63,0,yahoo
USVIX,2022-04-04,20.75,20.78,18.45,18.57,18.57,0,yahoo
USVIX,2022-04-05,18.79,21.57,18.55,21.03,21.03,0,yahoo
USVIX,2022-04-06,21.27,24.78,21.24,22.1,22.1,0,yahoo
USVIX,2022-04-07,21.97,23.82,21.12,21.55,21.55,0,yahoo
USVIX,2022-04-08,21.25,22.34,20.28,21.16,21.16,0,yahoo
USVIX,2022-04-11,23.09,24.42,22.09,24.37,24.37,0,yahoo
USVIX,2022-04-12,24.94,25.38,22.27,24.26,24.26,0,yahoo
USVIX,2022-04-13,23.52,24.45,21.37,21.82,21.82,0,yahoo
USVIX,2022-04-14,21.72,22.7,20.85,22.7,22.7,0,yahoo
USVIX,2022-04-18,24.52,24.6,21.98,22.17,22.17,0,yahoo
USVIX,2022-04-19,22.55,22.92,20.36,21.37,21.37,0,yahoo
USVIX,2022-04-20,21.13,21.32,19.75,20.32,20.32,0,yahoo
USVIX,2022-04-21,20.24,23.28,19.81,22.68,22.68,0,yahoo
USVIX,2022-04-22,22.71,28.27,22.62,28.21,28.21,0,yahoo
USVIX,2022-04-25,30.04,31.6,26.8,27.02,27.02,0,yahoo
USVIX,2022-04-26,27.38,33.81,27.06,33.52,33.52,0,yahoo
USVIX,2022-04-27,31.11,32.77,29.82,31.6,31.6,0,yahoo
USVIX,2022-04-28,29.91,32,28,29.99,29.99,0,yahoo
USVIX,2022-04-29,28.97,34.34,28.54,33.4,33.4,0,yahoo
USVIX,2022-05-02,33.35,36.64,31.74,32.34,32.34,0,yahoo
USVIX,2022-05-03,31.76,32.82,29.06,29.25,29.25,0,yahoo
USVIX,2022-05-04,29.12,29.42,24.94,25.42,25.42,0,yahoo
USVIX,2022-05-05,25.97,33.2,25.78,31.2,31.2,0,yahoo
USVIX,2022-05-06,32.23,35.34,29.83,30.19,30.19,0,yahoo
USVIX,2022-05-09,31.9,35.48,31.9,34.75,34.75,0,yahoo
USVIX,2022-05-10,33.66,34.84,32.24,32.99,32.99,0,yahoo
USVIX,2022-05-11,32.87,34.39,30.69,32.56,32.56,0,yahoo
USVIX,2022-05-12,33.74,34.76,31.7,31.77,31.77,0,yahoo
USVIX,2022-05-13,31.09,31.2,28.78,28.87,28.87,0,yahoo
USVIX,2022-05-16,30.01,30.23,27.36,27.47,27.47,0,yahoo
USVIX,2022-05-17,27.07,27.17,25.51,26.1,26.1,0,yahoo
USVIX,2022-05-18,26.74,31.49,26.21,30.96,30.96,0,yahoo
USVIX,2022-05-19,31.24,33.11,29.06,29.35,29.35,0,yahoo
USVIX,2022-05-20,28.78,32.91,28.06,29.43,29.43,0,yahoo
USVIX,2022-05-23,28.98,30.39,28.29,28.48,28.48,0,yahoo
USVIX,2022-05-24,29.43,31.07,29.04,29.45,29.45,0,yahoo
USVIX,2022-05-25,29.33,30.23,28.16,28.37,28.37,0,yahoo
USVIX,2022-05-26,28.42,28.46,27.11,27.5,27.5,0,yahoo
USVIX,2022-05-27,27.5,27.54,25.57,25.72,25.72,0,yahoo
USVIX,2022-05-31,27.47,28.35,25.94,26.19,26.19,0,yahoo
USVIX,2022-06-01,26.05,27.73,25.38,25.69,25.69,0,yahoo
USVIX,2022-06-02,25.73,26.5,24.33,24.72,24.72,0,yahoo
USVIX,2022-06-03,24.91,25.96,24.76,24.79,24.79,0,yahoo
USVIX,2022-06-06,25.37,25.81,24.82,25.07,25.07,0,yahoo
USVIX,2022-06-07,25.54,26.24,23.88,24.02,24.02,0,yahoo
USVIX,2022-06-08,24.37,24.78,23.74,23.96,23.96,0,yahoo
USVIX,2022-06-09,24.29,26.24,23.82,26.09,26.09,0,yahoo
USVIX,2022-06-10,26.26,29.63,26.05,27.75,27.75,0,yahoo
USVIX,2022-06-13,31.37,35.05,31.29,34.02,34.02,0,yahoo
USVIX,2022-06-14,33.01,34,32.06,32.69,32.69,0,yahoo
USVIX,2022-06-15,32.39,32.77,27.76,29.62,29.62,0,yahoo
USVIX,2022-06-16,30.35,34.82,30.35,32.95,32.95,0,yahoo
USVIX,2022-06-17,32.84,33.31,30.47,31.13,31.13,0,yahoo
USVIX,2022-06-21,30.63,30.65,29.33,30.19,30.19,0,yahoo
USVIX,2022-06-22,31.45,31.57,28.78,28.95,28.95,0,yahoo
USVIX,2022-06-23,29.29,29.77,28.74,29.05,29.05,0,yahoo
USVIX,2022-06-24,29.07,29.72,26.83,27.23,27.23,0,yahoo
USVIX,2022-06-27,28.3,28.66,26.93,26.95,26.95,0,yahoo
USVIX,2022-06-28,26.9,28.68,26.47,28.36,28.36,0,yahoo
USVIX,2022-06-29,28.8,29.36,27.85,28.16,28.16,0,yahoo
USVIX,2022-06-30,29.42,30.22,28.28,28.71,28.71,0,yahoo
USVIX,2022-07-01,29.53,29.59,26.69,26.7,26.7,0,yahoo
USVIX,2022-07-05,27.37,29.82,27.3,27.54,27.54,0,yahoo
USVIX,2022-07-06,27.84,28.07,26.43,26.73,26.73,0,yahoo
USVIX,2022-07-07,26.73,26.79,25.66,26.08,26.08,0,yahoo
USVIX,2022-07-08,26.41,26.61,24.43,24.64,24.64,0,yahoo
USVIX,2022-07-11,26.42,26.74,25.79,26.17,26.17,0,yahoo
USVIX,2022-07-12,27.14,27.75,25.82,27.29,27.29,0,yahoo
USVIX,2022-07-13,27.35,29.06,26.23,26.82,26.82,0,yahoo
USVIX,2022-07-14,27.47,28.45,26.2,26.4,26.4,0,yahoo
USVIX,2022-07-15,26.72,26.72,24.13,24.23,24.23,0,yahoo
USVIX,2022-07-18,24.83,25.91,24.38,25.3,25.3,0,yahoo
USVIX,2022-07-19,25.12,25.41,24.23,24.5,24.5,0,yahoo
USVIX,2022-07-20,24.23,24.73,23.4,23.88,23.88,0,yahoo
USVIX,2022-07-21,24.07,24.67,22.92,23.11,23.11,0,yahoo
USVIX,2022-07-22,23.3,23.81,22.41,23.03,23.03,0,yahoo
USVIX,2022-07-25,24.33,24.57,23.19,23.36,23.36,0,yahoo
USVIX,2022-07-26,23.95,25.31,23.82,24.69,24.69,0,yahoo
USVIX,2022-07-27,24.27,24.41,23.02,23.24,23.24,0,yahoo
USVIX,2022-07-28,23.33,23.54,22.22,22.33,22.33,0,yahoo
USVIX,2022-07-29,22.13,22.16,21.21,21.33,21.33,0,yahoo
USVIX,2022-08-01,22.41,23.27,22.26,22.84,22.84,0,yahoo
USVIX,2022-08-02,24.08,24.68,22.67,23.93,23.93,0,yahoo
USVIX,2022-08-03,23.86,23.92,21.68,21.95,21.95,0,yahoo
USVIX,2022-08-04,22.06,22.66,21.44,21.44,21.44,0,yahoo
USVIX,2022-08-05,21.5,22.58,20.76,21.15,21.15,0,yahoo
USVIX,2022-08-08,21.74,22.01,20.83,21.29,21.29,0,yahoo
USVIX,2022-08-09,21.41,22.23,21.41,21.77,21.77,0,yahoo
USVIX,2022-08-10,22.28,22.34,19.54,19.74,19.74,0,yahoo
USVIX,2022-08-11,19.84,20.85,19.71,20.2,20.2,0,yahoo
USVIX,2022-08-12,20.34,20.35,19.12,19.53,19.53,0,yahoo
USVIX,2022-08-15,20.74,21.16,19.81,19.95,19.95,0,yahoo
USVIX,2022-08-16,20.23,20.39,19.5,19.69,19.69,0,yahoo
USVIX,2022-08-17,19.74,20.63,19.41,19.9,19.9,0,yahoo
USVIX,2022-08-18,20.51,20.61,19.43,19.56,19.56,0,yahoo
USVIX,2022-08-19,20.16,21.27,20.08,20.6,20.6,0,yahoo
USVIX,2022-08-22,22.41,24.62,22.39,23.8,23.8,0,yahoo
USVIX,2022-08-23,24.13,24.21,23.07,24.11,24.11,0,yahoo
USVIX,2022-08-24,24.37,24.86,22.73,22.82,22.82,0,yahoo
USVIX,2022-08-25,22.41,23.13,21.77,21.78,21.78,0,yahoo
USVIX,2022-08-26,22.07,25.9,21.67,25.56,25.56,0,yahoo
USVIX,2022-08-29,26.86,27.67,25.47,26.21,26.21,0,yahoo
USVIX,2022-08-30,25.75,27.69,25.13,26.21,26.21,0,yahoo
USVIX,2022-08-31,25.86,26.62,25.31,25.87,25.87,0,yahoo
USVIX,2022-09-01,26.88,27.45,25.25,25.56,25.56,0,yahoo
USVIX,2022-09-02,25.51,26.28,23.19,25.47,25.47,0,yahoo
USVIX,2022-09-06,25.46,27.8,25.33,26.91,26.91,0,yahoo
USVIX,2022-09-07,26.93,27.15,24.54,24.64,24.64,0,yahoo
USVIX,2022-09-08,24.7,25.9,23.56,23.61,23.61,0,yahoo
USVIX,2022-09-09,23.49,23.57,22.64,22.79,22.79,0,yahoo
USVIX,2022-09-12,23.58,24.23,23.16,23.87,23.87,0,yahoo
USVIX,2022-09-13,23.67,28.15,23.53,27.27,27.27,0,yahoo
USVIX,2022-09-14,26.73,27.56,26.16,26.16,26.16,0,yahoo
USVIX,2022-09-15,26.1,26.93,25.42,26.27,26.27,0,yahoo
USVIX,2022-09-16,27.47,28.45,26.14,26.3,26.3,0,yahoo
USVIX,2022-09-19,27.69,27.95,25.56,25.76,25.76,0,yahoo
USVIX,2022-09-20,25.65,27.81,25.61,27.16,27.16,0,yahoo
USVIX,2022-09-21,28.03,30.18,25.55,27.99,27.99,0,yahoo
USVIX,2022-09-22,28.16,28.38,26.71,27.35,27.35,0,yahoo
USVIX,2022-09-23,27.68,32.31,27.58,29.92,29.92,0,yahoo
USVIX,2022-09-26,31.74,32.88,29.83,32.26,32.26,0,yahoo
USVIX,2022-09-27,31.2,34.14,30.3,32.6,32.6,0,yahoo
USVIX,2022-09-28,34.5,34.88,30.03,30.18,30.18,0,yahoo
USVIX,2022-09-29,31.67,33.46,31.16,31.84,31.84,0,yahoo
USVIX,2022-09-30,31.61,33.25,29.39,31.62,31.62,0,yahoo
USVIX,2022-10-03,33,33.06,29.63,30.1,30.1,0,yahoo
USVIX,2022-10-04,29.52,29.62,28.56,29.07,29.07,0,yahoo
USVIX,2022-10-05,29.36,30.11,28.5,28.55,28.55,0,yahoo
USVIX,2022-10-06,28.6,30.74,28.56,30.52,30.52,0,yahoo
USVIX,2022-10-07,30.37,32.02,29.88,31.36,31.36,0,yahoo
USVIX,2022-10-10,32.93,33.99,32.05,32.45,32.45,0,yahoo
USVIX,2022-10-11,33.56,34.43,32.45,33.63,33.63,0,yahoo
USVIX,2022-10-12,33.54,34.53,33.11,33.57,33.57,0,yahoo
USVIX,2022-10-13,33.6,33.87,31.63,31.94,31.94,0,yahoo
USVIX,2022-10-14,31.89,32.98,31.14,32.02,32.02,0,yahoo
USVIX,2022-10-17,32.27,32.59,30.7,31.37,31.37,0,yahoo
USVIX,2022-10-18,31.1,31.93,30.42,30.5,30.5,0,yahoo
USVIX,2022-10-19,30.94,31.9,30.76,30.76,30.76,0,yahoo
USVIX,2022-10-20,31.3,31.32,29.76,29.98,29.98,0,yahoo
USVIX,2022-10-21,30.21,30.44,29.24,29.69,29.69,0,yahoo
USVIX,2022-10-24,30.65,30.95,29.78,29.85,29.85,0,yahoo
USVIX,2022-10-25,29.8,30,28.22,28.46,28.46,0,yahoo
USVIX,2022-10-26,28.44,28.52,27.27,27.28,27.28,0,yahoo
USVIX,2022-10-27,27.51,27.67,26.94,27.39,27.39,0,yahoo
USVIX,2022-10-28,27.43,27.59,25.75,25.75,25.75,0,yahoo
USVIX,2022-10-31,26.91,27.07,25.84,25.88,25.88,0,yahoo
USVIX,2022-11-01,25.96,26.35,25.66,25.81,25.81,0,yahoo
USVIX,2022-11-02,26.04,26.62,25.39,25.86,25.86,0,yahoo
USVIX,2022-11-03,25.98,26.87,25.1,25.3,25.3,0,yahoo
USVIX,2022-11-04,25.63,25.71,24,24.55,24.55,0,yahoo
USVIX,2022-11-07,25.67,25.67,24.34,24.35,24.35,0,yahoo
USVIX,2022-11-08,24.71,26.16,24.24,25.54,25.54,0,yahoo
USVIX,2022-11-09,25.34,26.35,25.02,26.09,26.09,0,yahoo
USVIX,2022-11-10,26.51,26.59,22.84,23.53,23.53,0,yahoo
USVIX,2022-11-11,23.89,23.91,22.37,22.52,22.52,0,yahoo
USVIX,2022-11-14,23.99,24.33,22.86,23.73,23.73,0,yahoo
USVIX,2022-11-15,23.77,26.22,23.18,24.54,24.54,0,yahoo
USVIX,2022-11-16,24.29,24.72,23.99,24.11,24.11,0,yahoo
USVIX,2022-11-17,24.05,25.18,23.81,23.93,23.93,0,yahoo
USVIX,2022-11-18,24.03,24.12,22.98,23.12,23.12,0,yahoo
USVIX,2022-11-21,24.05,24.12,22.3,22.36,22.36,0,yahoo
USVIX,2022-11-22,22.59,22.71,21.28,21.29,21.29,0,yahoo
USVIX,2022-11-23,21.49,21.78,20.32,20.35,20.35,0,yahoo
USVIX,2022-11-25,20.61,21.11,20.46,20.5,20.5,0,yahoo
USVIX,2022-11-28,22.09,22.5,21.65,22.21,22.21,0,yahoo
USVIX,2022-11-29,22.09,22.57,21.83,21.89,21.89,0,yahoo
USVIX,2022-11-30,21.7,22.63,20.31,20.58,20.58,0,yahoo
USVIX,2022-12-01,20.83,21.06,19.8,19.84,19.84,0,yahoo
USVIX,2022-12-02,20.42,20.96,18.95,19.06,19.06,0,yahoo
USVIX,2022-12-05,20.3,21.29,19.78,20.75,20.75,0,yahoo
USVIX,2022-12-06,20.69,22.6,20.38,22.17,22.17,0,yahoo
USVIX,2022-12-07,22.32,23.01,22.18,22.68,22.68,0,yahoo
USVIX,2022-12-08,22.81,23.28,22.06,22.29,22.29,0,yahoo
USVIX,2022-12-09,22.55,23.21,22.18,22.83,22.83,0,yahoo
USVIX,2022-12-12,24.4,25.05,24.18,25,25,0,yahoo
USVIX,2022-12-13,25.24,25.84,21.46,22.55,22.55,0,yahoo
USVIX,2022-12-14,22.83,23.47,21.07,21.14,21.14,0,yahoo
USVIX,2022-12-15,21.52,23.67,21.25,22.83,22.83,0,yahoo
USVIX,2022-12-16,23.26,23.83,22.09,22.62,22.62,0,yahoo
USVIX,2022-12-19,22.63,22.86,21.61,22.42,22.42,0,yahoo
USVIX,2022-12-20,23.17,23.39,21.35,21.48,21.48,0,yahoo
USVIX,2022-12-21,21.25,21.29,19.94,20.07,20.07,0,yahoo
USVIX,2022-12-22,20.08,24.3,20.01,21.97,21.97,0,yahoo
USVIX,2022-12-23,22.17,22.64,20.78,20.87,20.87,0,yahoo
USVIX,2022-12-27,21.67,22.8,21.59,21.65,21.65,0,yahoo
USVIX,2022-12-28,21.47,22.26,20.96,22.14,22.14,0,yahoo
USVIX,2022-12-29,22.25,22.31,21.36,21.44,21.44,0,yahoo
USVIX,2022-12-30,21.83,22.4,21.59,21.67,21.67,0,yahoo
