symbol,date,kind,value
360ONE,2019-10-31,dividend,2.5
360ONE,2020-01-29,dividend,2.5
360ONE,2020-08-26,dividend,10
360ONE,2021-02-11,dividend,7.5
360ONE,2021-08-10,dividend,8.75
360ONE,2021-11-03,dividend,5
360ONE,2022-06-01,dividend,5
360ONE,2022-08-01,dividend,3.75
360ONE,2022-10-28,dividend,4.25
360ONE,2023-01-30,dividend,4.25
360ONE,2023-03-02,split,2
360ONE,2023-05-12,dividend,4
360ONE,2023-07-28,dividend,4
360ONE,2023-11-10,dividend,4
360ONE,2024-01-29,dividend,4.5
360ONE,2024-05-02,dividend,3.5
360ONE,2024-08-07,dividend,2.5
360ONE,2025-04-29,dividend,6
360ONE,2025-10-27,dividend,6
360ONE,2026-04-27,dividend,6
3MINDIA,2022-11-21,dividend,850
3MINDIA,2023-07-26,dividend,100
3MINDIA,2024-07-05,dividend,685
3MINDIA,2025-07-25,dividend,535
3MINDIA,2026-07-17,dividend,506
ABB,2005-05-11,dividend,1.4
ABB,2006-05-12,dividend,1.6
ABB,2007-05-14,dividend,2
ABB,2007-06-28,split,5
ABB,2008-05-26,dividend,2.2
ABB,2009-05-11,dividend,2.2
ABB,2010-05-03,dividend,2
ABB,2011-05-02,dividend,2
ABB,2012-05-02,dividend,3
ABB,2013-04-30,dividend,3
ABB,2014-04-25,dividend,3
ABB,2015-04-28,dividend,3.7
ABB,2016-04-13,dividend,3.7
ABB,2017-04-28,dividend,4
ABB,2018-04-27,dividend,4.4
ABB,2019-04-26,dividend,4.8
ABB,2020-07-16,dividend,4.8
ABB,2021-04-19,dividend,5
ABB,2022-04-27,dividend,5.2
ABB,2023-04-27,dividend,5.5
ABB,2023-08-25,dividend,5.5
ABB,2024-05-03,dividend,23.8
ABB,2024-08-23,dividend,10.66
ABB,2025-05-02,dividend,33.5
ABB,2025-08-08,dividend,9.77
ABB,2026-04-30,dividend,29.59
ABB,2026-08-07,dividend,90
ABBOTINDIA,2008-03-28,dividend,17.5
ABBOTINDIA,2009-03-09,dividend,14
ABBOTINDIA,2010-03-03,dividend,17
ABBOTINDIA,2011-04-19,dividend,17
ABBOTINDIA,2012-05-04,dividend,17
ABBOTINDIA,2013-04-16,dividend,17
ABBOTINDIA,2014-07-23,dividend,23
ABBOTINDIA,2015-07-22,dividend,31
ABBOTINDIA,2016-07-08,dividend,35
ABBOTINDIA,2017-07-10,dividend,40
ABBOTINDIA,2018-07-10,dividend,55
ABBOTINDIA,2019-08-13,dividend,65
ABBOTINDIA,2020-08-28,dividend,250
ABBOTINDIA,2021-07-19,dividend,275
ABBOTINDIA,2022-08-02,dividend,275
ABBOTINDIA,2023-07-21,dividend,325
ABBOTINDIA,2024-07-19,dividend,410
ABBOTINDIA,2025-07-25,dividend,475
ABBOTINDIA,2026-07-24,dividend,656
ACC,2005-06-29,dividend,7
ACC,2006-03-29,dividend,8
ACC,2007-03-14,dividend,15
ACC,2007-08-02,dividend,10
ACC,2008-04-10,dividend,10
ACC,2008-07-31,dividend,10
ACC,2009-03-24,dividend,10
ACC,2009-07-30,dividend,10
ACC,2010-03-23,dividend,13
ACC,2010-07-28,dividend,10
ACC,2011-03-29,dividend,20.5
ACC,2011-08-03,dividend,11
ACC,2012-03-12,dividend,17
ACC,2012-08-01,dividend,11
ACC,2013-03-21,dividend,19
ACC,2013-07-30,dividend,11
ACC,2014-03-24,dividend,19
ACC,2014-07-28,dividend,15
ACC,2015-03-12,dividend,19
ACC,2015-07-22,dividend,11
ACC,2016-02-22,dividend,6
ACC,2016-08-02,dividend,11
ACC,2017-03-16,dividend,6
ACC,2017-07-25,dividend,11
ACC,2018-05-17,dividend,15
ACC,2019-03-05,dividend,14
ACC,2020-05-19,dividend,14
ACC,2021-03-30,dividend,14
ACC,2022-04-04,dividend,58
ACC,2023-07-07,dividend,9.25
ACC,2024-06-14,dividend,7.5
ACC,2025-06-13,dividend,7.5
ACC,2026-06-12,dividend,7.5
ADANIENT,2005-08-05,dividend,0.1939
ADANIENT,2006-07-24,dividend,0.2181
ADANIENT,2007-03-22,dividend,0.2181
ADANIENT,2008-09-18,dividend,0.2908
ADANIENT,2009-08-20,dividend,0.4847
ADANIENT,2009-12-10,split,2
ADANIENT,2010-08-12,dividend,0.9695
ADANIENT,2011-08-03,dividend,0.9695
ADANIENT,2012-08-02,dividend,0.9695
ADANIENT,2013-07-30,dividend,1.3573
ADANIENT,2014-07-31,dividend,1.3573
ADANIENT,2015-07-31,dividend,1.3573
ADANIENT,2016-03-22,dividend,0.3878
ADANIENT,2017-07-31,dividend,0.3878
ADANIENT,2018-07-27,dividend,0.3878
ADANIENT,2019-07-29,dividend,0.3878
ADANIENT,2020-03-23,dividend,0.9695
ADANIENT,2021-07-01,dividend,0.9695
ADANIENT,2022-07-14,dividend,0.9695
ADANIENT,2023-07-07,dividend,1.1634
ADANIENT,2024-06-14,dividend,1.2603
ADANIENT,2025-06-13,dividend,1.2603
ADANIENT,2026-06-12,dividend,1.3
ADANIPORTS,2008-09-12,dividend,0.3
ADANIPORTS,2009-02-18,dividend,0.4
ADANIPORTS,2009-08-17,dividend,0.2
ADANIPORTS,2010-02-03,dividend,0.5
ADANIPORTS,2010-08-09,dividend,0.3
ADANIPORTS,2010-09-23,split,5
ADANIPORTS,2011-02-14,dividend,0.5
ADANIPORTS,2011-05-05,dividend,0.4
ADANIPORTS,2012-02-13,dividend,0.3
ADANIPORTS,2012-07-30,dividend,0.7
ADANIPORTS,2013-07-30,dividend,1
ADANIPORTS,2014-07-31,dividend,1
ADANIPORTS,2015-05-22,dividend,1.1
ADANIPORTS,2016-03-22,dividend,1.1
ADANIPORTS,2017-07-31,dividend,1.3
ADANIPORTS,2018-07-26,dividend,2
ADANIPORTS,2019-07-26,dividend,0.2
ADANIPORTS,2020-03-16,dividend,3.2
ADANIPORTS,2021-06-24,dividend,5
ADANIPORTS,2022-07-14,dividend,5
ADANIPORTS,2023-07-28,dividend,5
ADANIPORTS,2024-06-14,dividend,6
ADANIPORTS,2025-06-13,dividend,7
ADANIPORTS,2026-06-12,dividend,7.5
ADANIPOWER,2025-09-22,split,5
AIAENG,2006-09-14,dividend,0.5
AIAENG,2007-08-16,dividend,0.7
AIAENG,2008-08-28,dividend,0.8
AIAENG,2008-10-13,split,5
AIAENG,2008-11-26,dividend,0.6
AIAENG,2009-09-10,dividend,1.9
AIAENG,2010-02-18,dividend,0.8
AIAENG,2010-07-29,dividend,1.7
AIAENG,2011-07-28,dividend,3
AIAENG,2012-08-02,dividend,3
AIAENG,2013-08-01,dividend,4
AIAENG,2014-08-27,dividend,6
AIAENG,2015-09-10,dividend,8
AIAENG,2016-03-17,dividend,18
AIAENG,2017-02-20,dividend,4
AIAENG,2017-08-04,dividend,4
AIAENG,2018-04-04,dividend,8
AIAENG,2019-08-02,dividend,9
AIAENG,2020-03-17,dividend,27
AIAENG,2021-08-26,dividend,9
AIAENG,2022-09-02,dividend,9
AIAENG,2023-09-12,dividend,16
AIAENG,2024-08-20,dividend,16
AIAENG,2025-09-04,dividend,16
AIAENG,2026-09-04,dividend,16
AIIL,2025-03-27,dividend,0.2
AIIL,2025-05-16,dividend,0.1
AIIL,2026-01-13,split,5
AJANTPHARM,2006-09-18,dividend,0.1333
AJANTPHARM,2007-09-19,dividend,0.1778
AJANTPHARM,2008-06-27,dividend,0.2222
AJANTPHARM,2009-06-30,dividend,0.2222
AJANTPHARM,2010-06-29,dividend,0.3111
AJANTPHARM,2011-06-23,dividend,0.4444
AJANTPHARM,2012-06-28,dividend,0.6667
AJANTPHARM,2012-08-09,split,2
AJANTPHARM,2013-07-18,dividend,1.1111
AJANTPHARM,2013-09-17,split,1.5
AJANTPHARM,2014-07-24,dividend,2.6667
AJANTPHARM,2015-03-20,split,2.5
AJANTPHARM,2015-06-25,dividend,4
AJANTPHARM,2016-03-17,dividend,5.3333
AJANTPHARM,2016-11-07,dividend,4
AJANTPHARM,2017-03-23,dividend,4.6667
AJANTPHARM,2018-11-09,dividend,6
AJANTPHARM,2019-11-15,dividend,8.6667
AJANTPHARM,2020-11-12,dividend,6.3333
AJANTPHARM,2021-11-09,dividend,6.3333
AJANTPHARM,2022-06-22,split,1.5
AJANTPHARM,2022-11-11,dividend,7
AJANTPHARM,2023-08-04,dividend,25
AJANTPHARM,2024-02-08,dividend,26
AJANTPHARM,2024-11-06,dividend,28
AJANTPHARM,2025-11-10,dividend,28
AJANTPHARM,2026-08-05,dividend,32
ALKEM,2016-03-18,dividend,9.7
ALKEM,2016-11-23,dividend,6
ALKEM,2017-08-31,dividend,9
ALKEM,2018-02-16,dividend,6
ALKEM,2018-08-23,dividend,7
ALKEM,2019-02-15,dividend,8
ALKEM,2019-08-19,dividend,8
ALKEM,2020-02-13,dividend,22
ALKEM,2020-08-10,dividend,3
ALKEM,2021-02-11,dividend,25
ALKEM,2021-08-09,dividend,5
ALKEM,2022-02-10,dividend,30
ALKEM,2022-08-08,dividend,4
ALKEM,2023-02-17,dividend,40
ALKEM,2023-08-10,dividend,10
ALKEM,2024-02-16,dividend,35
ALKEM,2024-08-09,dividend,5
ALKEM,2025-02-14,dividend,37
ALKEM,2025-08-08,dividend,8
ALKEM,2026-02-20,dividend,43
ALKEM,2026-08-07,dividend,10
AMBUJACEM,2005-05-05,dividend,0.8
AMBUJACEM,2005-06-20,split,5
AMBUJACEM,2005-08-17,dividend,0.6
AMBUJACEM,2006-05-04,dividend,1
AMBUJACEM,2006-11-02,dividend,1.5
AMBUJACEM,2007-02-21,dividend,0.8
AMBUJACEM,2007-08-03,dividend,2.5
AMBUJACEM,2008-02-14,dividend,1
AMBUJACEM,2008-08-08,dividend,1.2
AMBUJACEM,2009-02-18,dividend,1
AMBUJACEM,2009-02-19,dividend,1
AMBUJACEM,2009-08-04,dividend,1.2
AMBUJACEM,2010-02-18,dividend,1.2
AMBUJACEM,2010-08-05,dividend,1.2
AMBUJACEM,2011-02-11,dividend,1.4
AMBUJACEM,2011-08-08,dividend,1.4
AMBUJACEM,2012-02-13,dividend,1.8
AMBUJACEM,2012-07-30,dividend,1.4
AMBUJACEM,2013-02-18,dividend,2.2
AMBUJACEM,2013-07-30,dividend,1.4
AMBUJACEM,2014-02-12,dividend,2.2
AMBUJACEM,2014-07-30,dividend,1.8
AMBUJACEM,2015-03-02,dividend,3.2
AMBUJACEM,2016-02-22,dividend,1.2
AMBUJACEM,2016-08-02,dividend,1.6
AMBUJACEM,2017-03-16,dividend,1.2
AMBUJACEM,2017-08-02,dividend,1.6
AMBUJACEM,2018-04-05,dividend,2
AMBUJACEM,2019-02-27,dividend,1.5
AMBUJACEM,2020-05-19,dividend,1.5
AMBUJACEM,2020-11-05,dividend,17
AMBUJACEM,2021-03-19,dividend,1
AMBUJACEM,2022-03-30,dividend,6.3
AMBUJACEM,2023-07-07,dividend,2.5
AMBUJACEM,2024-06-14,dividend,2
AMBUJACEM,2025-06-13,dividend,2
AMBUJACEM,2026-06-12,dividend,2
ANTHEM,2026-06-25,dividend,2
APARINDS,2005-03-21,dividend,0.75
APARINDS,2005-09-21,dividend,0.9375
APARINDS,2005-11-11,dividend,0.5625
APARINDS,2006-04-12,dividend,0.75
APARINDS,2006-08-02,dividend,1.3125
APARINDS,2006-11-10,dividend,1.125
APARINDS,2007-01-11,split,1.3333
APARINDS,2007-07-30,dividend,2
APARINDS,2007-11-07,dividend,1.5
APARINDS,2008-08-18,dividend,4
APARINDS,2010-07-22,dividend,5
APARINDS,2010-11-03,dividend,2.5
APARINDS,2011-08-12,dividend,3.5
APARINDS,2012-11-02,dividend,4
APARINDS,2013-08-01,dividend,5.25
APARINDS,2014-07-24,dividend,5.25
APARINDS,2015-07-30,dividend,3.5
APARINDS,2016-03-22,dividend,6.5
APARINDS,2017-08-01,dividend,10
APARINDS,2018-08-01,dividend,9.5
APARINDS,2019-07-31,dividend,9.5
APARINDS,2020-03-05,dividend,9.5
APARINDS,2021-08-05,dividend,9.5
APARINDS,2022-08-04,dividend,15
APARINDS,2023-08-04,dividend,40
APARINDS,2024-08-20,dividend,51
APARINDS,2025-07-29,dividend,51
APARINDS,2026-09-11,dividend,60
APLAPOLLO,2012-09-20,dividend,0.2
APLAPOLLO,2013-08-07,dividend,0.5
APLAPOLLO,2014-09-17,dividend,0.5
APLAPOLLO,2015-08-13,dividend,0.6
APLAPOLLO,2016-09-08,dividend,1
APLAPOLLO,2017-09-21,dividend,1.2
APLAPOLLO,2018-09-19,dividend,1.4
APLAPOLLO,2019-09-19,dividend,1.4
APLAPOLLO,2020-12-15,split,5
APLAPOLLO,2021-09-16,split,2
APLAPOLLO,2022-09-02,dividend,3.5
APLAPOLLO,2023-09-01,dividend,5
APLAPOLLO,2024-09-19,dividend,5.5
APLAPOLLO,2025-08-22,dividend,5.75
APLAPOLLO,2026-09-08,dividend,8.5
APOLLOHOSP,2005-07-29,dividend,2
APOLLOHOSP,2006-07-27,dividend,2.25
APOLLOHOSP,2007-03-22,dividend,1.5
APOLLOHOSP,2007-08-09,dividend,1
APOLLOHOSP,2008-08-11,dividend,3
APOLLOHOSP,2009-08-20,dividend,3.25
APOLLOHOSP,2010-07-15,dividend,3.5
APOLLOHOSP,2010-09-02,split,2
APOLLOHOSP,2011-07-07,dividend,3.75
APOLLOHOSP,2012-07-26,dividend,4
APOLLOHOSP,2013-07-25,dividend,5.5
APOLLOHOSP,2014-08-13,dividend,5.75
APOLLOHOSP,2015-07-30,dividend,5.75
APOLLOHOSP,2016-03-22,dividend,6
APOLLOHOSP,2017-09-07,dividend,6
APOLLOHOSP,2018-09-12,dividend,5
APOLLOHOSP,2019-09-12,dividend,6
APOLLOHOSP,2020-02-25,dividend,3.25
APOLLOHOSP,2020-09-17,dividend,2.75
APOLLOHOSP,2021-08-18,dividend,3
APOLLOHOSP,2022-08-18,dividend,11.75
APOLLOHOSP,2023-02-24,dividend,6
APOLLOHOSP,2023-08-18,dividend,9
APOLLOHOSP,2024-02-20,dividend,6
APOLLOHOSP,2024-08-16,dividend,10
APOLLOHOSP,2025-02-14,dividend,9
APOLLOHOSP,2025-08-19,dividend,10
APOLLOHOSP,2026-02-16,dividend,10
APOLLOHOSP,2026-08-14,dividend,10
APOLLOTYRE,2005-06-29,dividend,0.45
APOLLOTYRE,2006-08-21,dividend,0.45
APOLLOTYRE,2007-03-23,dividend,0.45
APOLLOTYRE,2007-08-17,split,10
APOLLOTYRE,2008-06-27,dividend,0.5
APOLLOTYRE,2009-06-29,dividend,0.45
APOLLOTYRE,2010-07-14,dividend,0.75
APOLLOTYRE,2011-07-26,dividend,0.5
APOLLOTYRE,2012-07-30,dividend,0.5
APOLLOTYRE,2013-07-18,dividend,0.5
APOLLOTYRE,2014-07-17,dividend,0.75
APOLLOTYRE,2015-08-04,dividend,2
APOLLOTYRE,2016-08-01,dividend,2
APOLLOTYRE,2017-06-27,dividend,3
APOLLOTYRE,2018-07-18,dividend,3
APOLLOTYRE,2019-07-23,dividend,3.25
APOLLOTYRE,2020-03-04,dividend,3
APOLLOTYRE,2021-07-15,dividend,3.5
APOLLOTYRE,2022-06-16,dividend,3.25
APOLLOTYRE,2023-07-14,dividend,4.5
APOLLOTYRE,2024-07-05,dividend,6
APOLLOTYRE,2025-07-11,dividend,5
APOLLOTYRE,2026-02-10,dividend,3.5
APOLLOTYRE,2026-07-10,dividend,2.5
ASHOKLEY,2005-07-07,dividend,0.25
ASHOKLEY,2006-07-12,dividend,0.3
ASHOKLEY,2007-03-28,dividend,0.375
ASHOKLEY,2008-07-16,dividend,0.375
ASHOKLEY,2009-07-14,dividend,0.25
ASHOKLEY,2010-07-16,dividend,0.375
ASHOKLEY,2011-06-29,dividend,0.5
ASHOKLEY,2011-08-02,split,2
ASHOKLEY,2012-07-12,dividend,0.5
ASHOKLEY,2013-07-04,dividend,0.3
ASHOKLEY,2015-06-17,dividend,0.225
ASHOKLEY,2016-07-13,dividend,0.475
ASHOKLEY,2017-07-11,dividend,0.78
ASHOKLEY,2018-07-09,dividend,1.215
ASHOKLEY,2019-07-23,dividend,1.55
ASHOKLEY,2020-03-19,dividend,0.25
ASHOKLEY,2021-08-31,dividend,0.3
ASHOKLEY,2022-07-14,dividend,0.5
ASHOKLEY,2023-07-07,dividend,1.3
ASHOKLEY,2024-04-03,dividend,2.475
ASHOKLEY,2024-11-19,dividend,1
ASHOKLEY,2025-05-22,dividend,2.125
ASHOKLEY,2025-07-16,split,2
ASHOKLEY,2025-11-18,dividend,1
ASHOKLEY,2026-06-03,dividend,2.5
ASIANPAINT,2005-06-22,dividend,0.55
ASIANPAINT,2005-10-31,dividend,0.45
ASIANPAINT,2006-06-15,dividend,0.8
ASIANPAINT,2006-11-03,dividend,0.55
ASIANPAINT,2007-03-20,dividend,0.65
ASIANPAINT,2007-06-13,dividend,0.1
ASIANPAINT,2007-10-25,dividend,0.65
ASIANPAINT,2008-06-12,dividend,1.05
ASIANPAINT,2008-10-29,dividend,0.65
ASIANPAINT,2009-06-17,dividend,1.1
ASIANPAINT,2009-10-26,dividend,0.85
ASIANPAINT,2010-06-30,dividend,1.85
ASIANPAINT,2010-10-29,dividend,0.85
ASIANPAINT,2011-06-09,dividend,2.35
ASIANPAINT,2011-10-25,dividend,0.95
ASIANPAINT,2012-06-07,dividend,3.05
ASIANPAINT,2012-10-29,dividend,0.95
ASIANPAINT,2013-06-06,dividend,3.65
ASIANPAINT,2013-07-30,split,10
ASIANPAINT,2013-10-24,dividend,1.1
ASIANPAINT,2014-06-16,dividend,4.2
ASIANPAINT,2014-09-22,dividend,1.8
ASIANPAINT,2015-06-24,dividend,4.3
ASIANPAINT,2015-10-28,dividend,2.2
ASIANPAINT,2016-06-16,dividend,5.3
ASIANPAINT,2016-11-01,dividend,2.65
ASIANPAINT,2017-06-15,dividend,7.65
ASIANPAINT,2017-10-31,dividend,2.65
ASIANPAINT,2018-06-14,dividend,6.05
ASIANPAINT,2018-10-29,dividend,2.85
ASIANPAINT,2019-06-13,dividend,7.65
ASIANPAINT,2019-10-30,dividend,3.35
ASIANPAINT,2020-03-03,dividend,7.15
ASIANPAINT,2020-07-23,dividend,1.5
ASIANPAINT,2020-10-28,dividend,3.35
ASIANPAINT,2021-06-10,dividend,14.5
ASIANPAINT,2021-10-28,dividend,3.65
ASIANPAINT,2022-06-09,dividend,15.5
ASIANPAINT,2022-10-31,dividend,4.4
ASIANPAINT,2023-06-09,dividend,21.25
ASIANPAINT,2023-11-03,dividend,5.15
ASIANPAINT,2024-06-11,dividend,28.15
ASIANPAINT,2024-11-19,dividend,4.25
ASIANPAINT,2025-06-10,dividend,20.55
ASIANPAINT,2025-11-18,dividend,4.5
ASIANPAINT,2026-06-23,dividend,23
ASTRAL,2008-06-09,dividend,0.045
ASTRAL,2009-07-16,dividend,0.045
ASTRAL,2009-10-22,dividend,0.045
ASTRAL,2010-07-28,dividend,0.045
ASTRAL,2010-09-15,split,2
ASTRAL,2010-11-03,dividend,0.045
ASTRAL,2011-07-21,dividend,0.0558
ASTRAL,2011-11-17,dividend,0.045
ASTRAL,2012-07-30,dividend,0.0567
ASTRAL,2012-11-22,dividend,0.045
ASTRAL,2013-07-23,dividend,0.0675
ASTRAL,2013-09-05,split,2.5
ASTRAL,2013-11-13,dividend,0.0563
ASTRAL,2014-08-13,dividend,0.09
ASTRAL,2014-09-25,split,2
ASTRAL,2014-11-05,dividend,0.0675
ASTRAL,2015-08-03,dividend,0.1013
ASTRAL,2015-11-09,dividend,0.0675
ASTRAL,2016-03-17,dividend,0.1125
ASTRAL,2016-11-24,dividend,0.09
ASTRAL,2017-07-31,dividend,0.135
ASTRAL,2017-11-20,dividend,0.1125
ASTRAL,2018-08-14,dividend,0.1575
ASTRAL,2018-11-20,dividend,0.135
ASTRAL,2019-07-25,dividend,0.18
ASTRAL,2019-09-16,split,1.25
ASTRAL,2019-10-31,dividend,0.225
ASTRAL,2020-02-17,dividend,0.3375
ASTRAL,2020-11-12,dividend,0.5625
ASTRAL,2021-03-18,split,1.3333
ASTRAL,2021-08-23,dividend,0.75
ASTRAL,2021-11-17,dividend,0.9375
ASTRAL,2022-08-19,dividend,1.3125
ASTRAL,2022-11-18,dividend,0.9375
ASTRAL,2023-03-14,split,1.3333
ASTRAL,2023-08-04,dividend,2.25
ASTRAL,2023-10-27,dividend,1.5
ASTRAL,2024-08-16,dividend,2.25
ASTRAL,2024-11-14,dividend,1.5
ASTRAL,2025-08-14,dividend,2.25
ASTRAL,2025-11-11,dividend,1.5
ASTRAL,2026-08-14,dividend,2.5
ATGL,2019-07-26,dividend,0.25
ATGL,2020-03-26,dividend,0.25
ATGL,2021-06-24,dividend,0.25
ATGL,2022-07-14,dividend,0.25
ATGL,2023-07-07,dividend,0.25
ATGL,2024-06-14,dividend,0.25
ATGL,2025-06-13,dividend,0.25
ATGL,2026-06-12,dividend,0.25
AUBANK,2018-07-30,dividend,0.25
AUBANK,2019-07-18,dividend,0.375
AUBANK,2022-06-09,split,2
AUBANK,2022-07-28,dividend,0.5
AUBANK,2023-07-14,dividend,1
AUBANK,2024-07-12,dividend,1
AUBANK,2025-07-04,dividend,1
AUBANK,2026-07-31,dividend,1
AUROPHARMA,2005-09-20,dividend,0.05
AUROPHARMA,2006-09-08,dividend,0.15
AUROPHARMA,2007-09-14,dividend,0.25
AUROPHARMA,2008-08-11,dividend,0.325
AUROPHARMA,2009-02-05,dividend,0.3
AUROPHARMA,2009-12-16,dividend,0.15
AUROPHARMA,2010-02-05,dividend,0.3
AUROPHARMA,2010-09-13,dividend,1
AUROPHARMA,2010-11-11,dividend,0.5
AUROPHARMA,2011-02-10,split,5
AUROPHARMA,2011-07-20,dividend,0.5
AUROPHARMA,2012-07-30,dividend,0.5
AUROPHARMA,2013-02-18,dividend,0.5
AUROPHARMA,2013-07-30,dividend,0.25
AUROPHARMA,2013-11-19,dividend,0.625
AUROPHARMA,2014-06-11,dividend,0.875
AUROPHARMA,2014-08-13,dividend,0.75
AUROPHARMA,2015-02-16,dividend,1
AUROPHARMA,2015-06-08,dividend,0.5
AUROPHARMA,2015-07-20,split,2
AUROPHARMA,2015-08-21,dividend,0.5
AUROPHARMA,2015-11-19,dividend,0.6
AUROPHARMA,2016-02-18,dividend,0.7
AUROPHARMA,2016-06-09,dividend,0.7
AUROPHARMA,2016-11-24,dividend,1.25
AUROPHARMA,2017-06-08,dividend,1.25
AUROPHARMA,2017-11-21,dividend,1.5
AUROPHARMA,2018-02-20,dividend,1
AUROPHARMA,2018-11-20,dividend,1.25
AUROPHARMA,2019-02-15,dividend,1.25
AUROPHARMA,2019-11-21,dividend,1.25
AUROPHARMA,2020-02-17,dividend,1.75
AUROPHARMA,2020-08-21,dividend,1.25
AUROPHARMA,2020-11-23,dividend,1.25
AUROPHARMA,2021-02-22,dividend,1.5
AUROPHARMA,2021-08-27,dividend,1.5
AUROPHARMA,2021-11-17,dividend,1.5
AUROPHARMA,2022-02-18,dividend,1.5
AUROPHARMA,2022-06-06,dividend,4.5
AUROPHARMA,2023-02-17,dividend,3
AUROPHARMA,2023-11-20,dividend,3
AUROPHARMA,2024-02-20,dividend,1.5
AUROPHARMA,2025-08-08,dividend,4
AWL,2026-06-19,dividend,1
AXISBANK,2005-05-20,dividend,0.56
AXISBANK,2006-05-16,dividend,0.7
AXISBANK,2007-05-17,dividend,0.9
AXISBANK,2008-05-22,dividend,1.2
AXISBANK,2009-05-14,dividend,2
AXISBANK,2010-05-20,dividend,2.4
AXISBANK,2011-06-08,dividend,2.8
AXISBANK,2012-06-14,dividend,3.2
AXISBANK,2013-07-05,dividend,3.6
AXISBANK,2014-06-12,dividend,4
AXISBANK,2014-07-28,split,5
AXISBANK,2015-07-09,dividend,4.6
AXISBANK,2016-07-07,dividend,5
AXISBANK,2017-07-06,dividend,5
AXISBANK,2019-07-04,dividend,1
AXISBANK,2022-07-07,dividend,1
AXISBANK,2023-07-07,dividend,1
AXISBANK,2024-07-12,dividend,1
AXISBANK,2025-07-04,dividend,1
AXISBANK,2026-07-10,dividend,1
BAJAJ-AUTO,2008-06-27,dividend,10
BAJAJ-AUTO,2009-07-02,dividend,11
BAJAJ-AUTO,2010-07-08,dividend,20
BAJAJ-AUTO,2010-09-08,split,2
BAJAJ-AUTO,2011-06-29,dividend,40
BAJAJ-AUTO,2012-07-05,dividend,45
BAJAJ-AUTO,2013-07-04,dividend,45
BAJAJ-AUTO,2014-07-03,dividend,50
BAJAJ-AUTO,2015-07-09,dividend,50
BAJAJ-AUTO,2016-03-16,dividend,50
BAJAJ-AUTO,2016-07-14,dividend,5
BAJAJ-AUTO,2017-07-06,dividend,55
BAJAJ-AUTO,2018-07-05,dividend,60
BAJAJ-AUTO,2019-07-11,dividend,60
BAJAJ-AUTO,2020-03-03,dividend,120
BAJAJ-AUTO,2021-07-08,dividend,140
BAJAJ-AUTO,2022-06-30,dividend,140
BAJAJ-AUTO,2023-06-30,dividend,140
BAJAJ-AUTO,2024-06-14,dividend,80
BAJAJ-AUTO,2025-06-20,dividend,210
BAJAJ-AUTO,2026-05-29,dividend,150
BAJAJFINSV,2008-06-27,dividend,0.0982
BAJAJFINSV,2009-07-02,dividend,0.0982
BAJAJFINSV,2010-07-08,dividend,0.0982
BAJAJFINSV,2011-06-29,dividend,0.1228
BAJAJFINSV,2012-07-05,dividend,0.1474
BAJAJFINSV,2013-07-04,dividend,0.15
BAJAJFINSV,2014-07-03,dividend,0.175
BAJAJFINSV,2015-07-09,dividend,0.175
BAJAJFINSV,2016-03-16,dividend,0.175
BAJAJFINSV,2017-07-06,dividend,0.175
BAJAJFINSV,2018-07-05,dividend,0.175
BAJAJFINSV,2019-07-11,dividend,0.25
BAJAJFINSV,2020-03-03,dividend,0.5
BAJAJFINSV,2021-07-08,dividend,0.3
BAJAJFINSV,2022-06-30,dividend,0.4
BAJAJFINSV,2022-09-13,split,5
BAJAJFINSV,2023-06-30,dividend,0.8
BAJAJFINSV,2024-06-21,dividend,1
BAJAJFINSV,2025-06-27,dividend,1
BAJAJFINSV,2026-06-30,dividend,1.5
BAJAJHLDNG,2005-06-29,dividend,25
BAJAJHLDNG,2006-06-29,dividend,40
BAJAJHLDNG,2007-06-28,dividend,40
BAJAJHLDNG,2008-06-27,dividend,20
BAJAJHLDNG,2009-07-02,dividend,10
BAJAJHLDNG,2010-07-08,dividend,30
BAJAJHLDNG,2011-06-29,dividend,35
BAJAJHLDNG,2012-07-05,dividend,25
BAJAJHLDNG,2013-07-04,dividend,25
BAJAJHLDNG,2014-07-03,dividend,30
BAJAJHLDNG,2015-07-09,dividend,32.5
BAJAJHLDNG,2016-03-16,dividend,25
BAJAJHLDNG,2016-07-14,dividend,7.5
BAJAJHLDNG,2017-07-06,dividend,32.5
BAJAJHLDNG,2018-07-05,dividend,40
BAJAJHLDNG,2019-07-11,dividend,32.5
BAJAJHLDNG,2020-03-03,dividend,40
BAJAJHLDNG,2021-07-08,dividend,40
BAJAJHLDNG,2021-09-28,dividend,90
BAJAJHLDNG,2022-06-30,dividend,25
BAJAJHLDNG,2022-09-22,dividend,110
BAJAJHLDNG,2023-06-30,dividend,13
BAJAJHLDNG,2023-09-28,dividend,110
BAJAJHLDNG,2024-06-28,dividend,21
BAJAJHLDNG,2024-09-25,dividend,65
BAJAJHLDNG,2025-06-27,dividend,28
BAJAJHLDNG,2025-09-22,dividend,65
BAJAJHLDNG,2026-06-30,dividend,130
BAJAJHLDNG,2026-09-21,dividend,65
BAJFINANCE,2005-06-29,dividend,0.0729
BAJFINANCE,2006-06-29,dividend,0.0389
BAJFINANCE,2007-06-28,dividend,0.0291
BAJFINANCE,2008-06-27,dividend,0.0097
BAJFINANCE,2009-06-29,dividend,0.0194
BAJFINANCE,2010-07-08,dividend,0.0583
BAJFINANCE,2011-06-29,dividend,0.0972
BAJFINANCE,2012-07-05,dividend,0.1166
BAJFINANCE,2013-07-04,dividend,0.15
BAJFINANCE,2014-07-03,dividend,0.16
BAJFINANCE,2015-07-09,dividend,0.18
BAJFINANCE,2016-03-16,dividend,0.18
BAJFINANCE,2016-07-14,dividend,0.07
BAJFINANCE,2016-09-08,split,5
BAJFINANCE,2017-07-06,dividend,0.36
BAJFINANCE,2018-07-05,dividend,0.4
BAJFINANCE,2019-07-11,dividend,0.6
BAJFINANCE,2020-03-03,dividend,1
BAJFINANCE,2021-07-08,dividend,1
BAJFINANCE,2022-06-30,dividend,2
BAJFINANCE,2023-06-30,dividend,3
BAJFINANCE,2024-06-21,dividend,3.6
BAJFINANCE,2025-05-09,dividend,1.2
BAJFINANCE,2025-05-30,dividend,4.4
BAJFINANCE,2025-06-16,split,2
BAJFINANCE,2026-06-30,dividend,6
BALKRISIND,2006-02-06,dividend,0.35
BALKRISIND,2006-09-08,dividend,0.3
BALKRISIND,2006-10-31,dividend,0.35
BALKRISIND,2007-03-21,dividend,0.7
BALKRISIND,2008-06-04,dividend,0.45
BALKRISIND,2008-08-14,dividend,0.6
BALKRISIND,2009-07-27,dividend,0.6
BALKRISIND,2010-04-22,dividend,0.7
BALKRISIND,2010-12-20,split,5
BALKRISIND,2011-07-25,dividend,0.7
BALKRISIND,2012-08-24,dividend,0.75
BALKRISIND,2013-09-16,dividend,0.75
BALKRISIND,2014-09-05,dividend,1
BALKRISIND,2015-07-06,dividend,1.2
BALKRISIND,2016-03-16,dividend,2.75
BALKRISIND,2016-09-19,dividend,0.75
BALKRISIND,2016-12-07,dividend,1
BALKRISIND,2017-02-17,dividend,1
BALKRISIND,2017-08-04,dividend,1.25
BALKRISIND,2017-09-06,dividend,1.25
BALKRISIND,2017-11-16,dividend,1.25
BALKRISIND,2017-12-21,split,2
BALKRISIND,2018-02-21,dividend,1.5
BALKRISIND,2018-07-09,dividend,1.5
BALKRISIND,2018-08-20,dividend,2
BALKRISIND,2018-11-14,dividend,2
BALKRISIND,2019-02-15,dividend,2
BALKRISIND,2019-07-04,dividend,2
BALKRISIND,2019-08-20,dividend,2
BALKRISIND,2019-11-21,dividend,2
BALKRISIND,2020-02-24,dividend,16
BALKRISIND,2020-08-20,dividend,3
BALKRISIND,2020-11-12,dividend,4
BALKRISIND,2021-02-15,dividend,5
BALKRISIND,2021-06-18,dividend,5
BALKRISIND,2021-08-12,dividend,4
BALKRISIND,2021-11-17,dividend,4
BALKRISIND,2022-02-21,dividend,16
BALKRISIND,2022-06-24,dividend,4
BALKRISIND,2022-08-11,dividend,4
BALKRISIND,2022-11-21,dividend,4
BALKRISIND,2023-02-17,dividend,4
BALKRISIND,2023-07-11,dividend,4
BALKRISIND,2023-08-11,dividend,4
BALKRISIND,2023-10-31,dividend,4
BALKRISIND,2024-02-02,dividend,4
BALKRISIND,2024-07-05,dividend,4
BALKRISIND,2024-08-20,dividend,4
BALKRISIND,2024-10-31,dividend,4
BALKRISIND,2025-01-30,dividend,4
BALKRISIND,2025-07-11,dividend,4
BALKRISIND,2025-07-31,dividend,4
BALKRISIND,2025-11-07,dividend,4
BALKRISIND,2026-02-02,dividend,4
BALKRISIND,2026-07-17,dividend,4
BALKRISIND,2026-08-04,dividend,4
BANKBARODA,2005-02-16,dividend,0.36
BANKBARODA,2005-05-30,dividend,0.64
BANKBARODA,2006-06-29,dividend,1
BANKBARODA,2007-03-22,dividend,0.6
BANKBARODA,2007-06-21,dividend,0.6
BANKBARODA,2008-07-17,dividend,1.6
BANKBARODA,2009-06-18,dividend,1.8
BANKBARODA,2010-06-24,dividend,3
BANKBARODA,2011-06-23,dividend,3.3
BANKBARODA,2012-06-14,dividend,3.4
BANKBARODA,2013-06-13,dividend,4.3
BANKBARODA,2014-01-20,dividend,2.2
BANKBARODA,2014-06-12,dividend,2.1
BANKBARODA,2015-01-22,split,5
BANKBARODA,2015-06-16,dividend,3.2
BANKBARODA,2017-06-22,dividend,1.2
BANKBARODA,2022-06-17,dividend,2.85
BANKBARODA,2023-06-30,dividend,5.5
BANKBARODA,2024-06-28,dividend,7.6
BANKBARODA,2025-06-06,dividend,8.35
BANKBARODA,2026-06-05,dividend,8.5
BANKINDIA,2005-02-21,dividend,1
BANKINDIA,2005-06-30,dividend,1
BANKINDIA,2006-07-04,dividend,3
BANKINDIA,2006-12-19,dividend,2
BANKINDIA,2007-06-29,dividend,1.5
BANKINDIA,2008-07-03,dividend,4
BANKINDIA,2009-03-13,dividend,3
BANKINDIA,2009-07-02,dividend,5
BANKINDIA,2010-07-08,dividend,7
BANKINDIA,2011-07-07,dividend,7
BANKINDIA,2012-06-21,dividend,7
BANKINDIA,2013-06-20,dividend,10
BANKINDIA,2014-01-23,dividend,5
BANKINDIA,2015-07-10,dividend,5
BANKINDIA,2022-07-07,dividend,2
BANKINDIA,2023-06-20,dividend,2
BANKINDIA,2024-06-18,dividend,2.8
BANKINDIA,2025-06-20,dividend,4.05
BANKINDIA,2026-05-29,dividend,4.65
BDL,2018-09-18,dividend,3.645
BDL,2019-03-26,dividend,2.625
BDL,2019-09-19,dividend,0.835
BDL,2020-02-24,dividend,3.125
BDL,2020-09-18,dividend,1.275
BDL,2021-03-18,dividend,3.35
BDL,2021-09-17,dividend,0.325
BDL,2022-02-23,dividend,3.65
BDL,2022-09-16,dividend,0.5
BDL,2023-02-20,dividend,4.075
BDL,2023-09-20,dividend,0.6
BDL,2024-04-02,dividend,4.425
BDL,2024-05-24,split,2
BDL,2024-09-23,dividend,0.85
BDL,2025-02-14,dividend,4
BDL,2025-09-19,dividend,0.65
BDL,2026-02-09,dividend,4.5
BDL,2026-09-21,dividend,0.4
BEL,2005-08-31,dividend,0.0727
BEL,2005-10-31,dividend,0.0404
BEL,2006-09-01,dividend,0.1071
BEL,2007-01-25,dividend,0.0404
BEL,2007-09-07,dividend,0.1414
BEL,2008-01-30,dividend,0.0606
BEL,2008-09-12,dividend,0.1485
BEL,2009-01-28,dividend,0.0606
BEL,2009-09-14,dividend,0.1283
BEL,2010-02-03,dividend,0.0606
BEL,2010-09-13,dividend,0.1333
BEL,2011-02-02,dividend,0.0606
BEL,2011-09-13,dividend,0.1576
BEL,2012-02-01,dividend,0.101
BEL,2012-09-07,dividend,0.1091
BEL,2013-01-30,dividend,0.0606
BEL,2013-09-06,dividend,0.1646
BEL,2014-01-29,dividend,0.0606
BEL,2014-09-12,dividend,0.1747
BEL,2015-01-28,dividend,0.0606
BEL,2015-08-10,dividend,0.2343
BEL,2015-09-14,split,3
BEL,2016-02-04,dividend,0.0758
BEL,2016-08-18,dividend,0.4394
BEL,2017-02-02,dividend,0.0909
BEL,2017-03-16,split,10
BEL,2017-03-29,dividend,0.2727
BEL,2017-08-14,dividend,0.3182
BEL,2017-09-28,split,1.1
BEL,2018-02-08,dividend,0.5333
BEL,2018-08-20,dividend,0.1333
BEL,2019-02-08,dividend,0.1
BEL,2019-03-27,dividend,0.2333
BEL,2019-08-20,dividend,0.5667
BEL,2020-02-11,dividend,0.4667
BEL,2020-09-15,dividend,0.4667
BEL,2021-02-08,dividend,0.4667
BEL,2021-03-23,dividend,0.4667
BEL,2021-09-14,dividend,0.4
BEL,2022-02-09,dividend,0.5
BEL,2022-03-24,dividend,0.5
BEL,2022-08-08,dividend,0.5
BEL,2022-09-15,split,3
BEL,2023-02-10,dividend,0.6
BEL,2023-03-24,dividend,0.6
BEL,2023-08-17,dividend,0.6
BEL,2024-02-09,dividend,0.7
BEL,2024-03-22,dividend,0.7
BEL,2024-08-14,dividend,0.8
BEL,2025-03-11,dividend,1.5
BEL,2025-08-14,dividend,0.9
BEL,2026-03-06,dividend,1.95
BEL,2026-08-13,dividend,0.55
BERGEPAINT,2005-01-12,dividend,0.1302
BERGEPAINT,2005-07-11,dividend,0.1302
BERGEPAINT,2005-11-22,dividend,0.186
BERGEPAINT,2006-07-12,dividend,0.186
BERGEPAINT,2006-10-12,split,1.6
BERGEPAINT,2007-02-22,dividend,0.1786
BERGEPAINT,2007-07-13,dividend,0.119
BERGEPAINT,2008-07-16,dividend,0.1488
BERGEPAINT,2009-07-22,dividend,0.1786
BERGEPAINT,2010-07-13,dividend,0.3274
BERGEPAINT,2011-03-14,dividend,0.1488
BERGEPAINT,2011-07-20,dividend,0.2381
BERGEPAINT,2012-07-18,dividend,0.4167
BERGEPAINT,2013-07-17,dividend,0.5357
BERGEPAINT,2014-07-16,dividend,0.6548
BERGEPAINT,2015-01-08,split,2
BERGEPAINT,2015-02-12,dividend,0.3571
BERGEPAINT,2015-07-24,dividend,0.3869
BERGEPAINT,2016-02-17,dividend,0.3869
BERGEPAINT,2016-07-15,split,1.4
BERGEPAINT,2016-07-26,dividend,0.8333
BERGEPAINT,2017-07-27,dividend,1.4583
BERGEPAINT,2018-07-26,dividend,1.5
BERGEPAINT,2019-07-26,dividend,1.5833
BERGEPAINT,2020-03-02,dividend,1.5833
BERGEPAINT,2020-09-17,dividend,0.25
BERGEPAINT,2021-08-18,dividend,2.3333
BERGEPAINT,2022-08-18,dividend,2.5833
BERGEPAINT,2023-08-04,dividend,2.6667
BERGEPAINT,2023-09-22,split,1.2
BERGEPAINT,2024-08-05,dividend,3.5
BERGEPAINT,2025-08-05,dividend,3.8
BERGEPAINT,2026-08-05,dividend,4
BHARATFORG,2005-07-20,dividend,0.25
BHARATFORG,2005-07-20,split,5
BHARATFORG,2006-07-20,dividend,1.5
BHARATFORG,2007-07-19,dividend,1.75
BHARATFORG,2008-07-31,dividend,1.75
BHARATFORG,2009-07-16,dividend,0.5
BHARATFORG,2010-07-15,dividend,0.5
BHARATFORG,2011-08-04,dividend,1.75
BHARATFORG,2012-03-07,dividend,0.75
BHARATFORG,2012-07-19,dividend,1.25
BHARATFORG,2013-03-07,dividend,0.5
BHARATFORG,2013-08-01,dividend,1.2
BHARATFORG,2014-02-13,dividend,1
BHARATFORG,2014-08-21,dividend,1.25
BHARATFORG,2015-02-11,dividend,1.5
BHARATFORG,2015-07-20,dividend,2.25
BHARATFORG,2016-02-17,dividend,1.5
BHARATFORG,2016-03-18,dividend,2
BHARATFORG,2016-07-25,dividend,0.25
BHARATFORG,2017-02-16,dividend,1.25
BHARATFORG,2017-07-28,dividend,2.5
BHARATFORG,2017-09-28,split,2
BHARATFORG,2017-11-16,dividend,2
BHARATFORG,2018-07-27,dividend,2.5
BHARATFORG,2018-11-15,dividend,2.5
BHARATFORG,2019-08-01,dividend,2.5
BHARATFORG,2019-11-20,dividend,1.5
BHARATFORG,2020-03-03,dividend,2
BHARATFORG,2021-07-15,dividend,2
BHARATFORG,2021-11-25,dividend,1.5
BHARATFORG,2022-07-14,dividend,5.5
BHARATFORG,2022-11-24,dividend,1.5
BHARATFORG,2023-07-07,dividend,5.5
BHARATFORG,2024-02-23,dividend,2.5
BHARATFORG,2024-07-05,dividend,6.5
BHARATFORG,2025-02-18,dividend,2.5
BHARATFORG,2025-07-04,dividend,6
BHARATFORG,2026-02-18,dividend,2
BHARATFORG,2026-07-03,dividend,6.5
BHARTIARTL,2009-07-24,dividend,0.9013
BHARTIARTL,2009-07-24,split,2
BHARTIARTL,2010-08-18,dividend,0.9013
BHARTIARTL,2011-08-17,dividend,0.9013
BHARTIARTL,2012-08-16,dividend,0.9013
BHARTIARTL,2013-05-23,dividend,0.9013
BHARTIARTL,2014-08-21,dividend,3.0913
BHARTIARTL,2015-08-13,dividend,2.0008
BHARTIARTL,2016-08-11,dividend,1.2257
BHARTIARTL,2017-07-13,dividend,0.9013
BHARTIARTL,2018-01-30,dividend,2.5596
BHARTIARTL,2018-08-02,dividend,2.2531
BHARTIARTL,2018-11-05,dividend,2.2531
BHARTIARTL,2020-08-06,dividend,1.9631
BHARTIARTL,2022-08-01,dividend,3
BHARTIARTL,2023-08-11,dividend,4
BHARTIARTL,2024-08-07,dividend,8
BHARTIARTL,2025-07-18,dividend,16
BHARTIARTL,2026-07-24,dividend,24
BHARTIHEXA,2024-08-16,dividend,4
BHARTIHEXA,2025-07-25,dividend,10
BHARTIHEXA,2026-07-31,dividend,18
BHEL,2005-09-06,dividend,0.3
BHEL,2005-12-22,dividend,0.2667
BHEL,2006-03-22,dividend,0.5667
BHEL,2006-09-01,dividend,0.1333
BHEL,2007-02-13,dividend,0.8333
BHEL,2007-05-31,split,2
BHEL,2007-08-30,dividend,0.8
BHEL,2008-02-13,dividend,1.2
BHEL,2008-09-01,dividend,0.8333
BHEL,2009-02-17,dividend,1.2
BHEL,2009-09-01,dividend,1.0667
BHEL,2010-02-09,dividend,1.4667
BHEL,2010-09-01,dividend,1.64
BHEL,2011-03-18,dividend,1.7667
BHEL,2011-08-10,dividend,2.3867
BHEL,2011-09-02,dividend,2.3867
BHEL,2011-10-03,split,5
BHEL,2012-03-06,dividend,1.8133
BHEL,2012-09-06,dividend,2.4533
BHEL,2013-02-05,dividend,1.4133
BHEL,2013-09-06,dividend,2.1933
BHEL,2014-02-07,dividend,0.8733
BHEL,2014-09-08,dividend,1.0133
BHEL,2015-02-16,dividend,0.36
BHEL,2015-09-14,dividend,0.4133
BHEL,2016-09-14,dividend,0.2667
BHEL,2017-02-14,dividend,0.5333
BHEL,2017-08-23,dividend,0.52
BHEL,2017-09-28,split,1.5
BHEL,2018-02-15,dividend,0.8
BHEL,2018-09-11,dividend,1.02
BHEL,2019-02-12,dividend,0.8
BHEL,2019-09-11,dividend,1.2
BHEL,2022-09-15,dividend,0.4
BHEL,2023-08-11,dividend,0.4
BHEL,2024-08-09,dividend,0.25
BHEL,2025-08-01,dividend,0.5
BHEL,2026-07-17,dividend,1.4
BIOCON,2005-06-29,dividend,0.1667
BIOCON,2006-06-29,dividend,0.2083
BIOCON,2007-06-28,dividend,0.25
BIOCON,2008-07-03,dividend,0.4167
BIOCON,2008-09-11,split,2
BIOCON,2009-07-08,dividend,0.5
BIOCON,2010-07-08,dividend,0.5833
BIOCON,2011-05-05,dividend,0.25
BIOCON,2011-07-07,dividend,0.5
BIOCON,2012-07-05,dividend,0.8333
BIOCON,2013-07-11,dividend,1.25
BIOCON,2014-07-10,dividend,0.8333
BIOCON,2015-04-09,dividend,0.8333
BIOCON,2016-03-17,dividend,0.8333
BIOCON,2017-06-15,split,3
BIOCON,2017-07-20,dividend,0.5
BIOCON,2018-07-19,dividend,0.5
BIOCON,2019-06-12,split,2
BIOCON,2019-07-18,dividend,0.5
BIOCON,2022-06-30,dividend,0.5
BIOCON,2023-07-07,dividend,1.5
BIOCON,2024-07-05,dividend,0.5
BIOCON,2025-07-04,dividend,0.5
BIOCON,2026-07-03,dividend,0.5
BLUESTARCO,2005-07-11,dividend,1
BLUESTARCO,2006-07-17,dividend,1.2
BLUESTARCO,2006-09-20,split,5
BLUESTARCO,2007-03-21,dividend,1.2
BLUESTARCO,2007-07-23,dividend,0.3
BLUESTARCO,2008-07-14,dividend,3.5
BLUESTARCO,2009-07-13,dividend,3.5
BLUESTARCO,2010-07-12,dividend,4
BLUESTARCO,2011-07-14,dividend,3.5
BLUESTARCO,2012-07-16,dividend,0.5
BLUESTARCO,2013-07-05,dividend,1.5
BLUESTARCO,2014-07-10,dividend,2
BLUESTARCO,2015-07-10,dividend,2.5
BLUESTARCO,2016-03-22,dividend,3.25
BLUESTARCO,2017-07-26,dividend,3.75
BLUESTARCO,2018-07-26,dividend,5
BLUESTARCO,2019-08-01,dividend,5
BLUESTARCO,2020-03-19,dividend,5
BLUESTARCO,2021-07-22,dividend,2
BLUESTARCO,2022-07-21,dividend,5
BLUESTARCO,2023-06-20,split,2
BLUESTARCO,2023-07-21,dividend,6
BLUESTARCO,2024-07-19,dividend,7
BLUESTARCO,2025-07-18,dividend,9
BLUESTARCO,2026-07-17,dividend,8.5
BOSCHLTD,2005-05-13,dividend,10
BOSCHLTD,2006-04-28,dividend,12
BOSCHLTD,2007-03-22,dividend,12
BOSCHLTD,2007-05-14,dividend,4
BOSCHLTD,2008-05-14,dividend,25
BOSCHLTD,2009-05-07,dividend,25
BOSCHLTD,2010-05-13,dividend,30
BOSCHLTD,2011-05-12,dividend,40
BOSCHLTD,2011-06-23,dividend,85
BOSCHLTD,2012-05-11,dividend,50
BOSCHLTD,2013-05-10,dividend,60
BOSCHLTD,2014-05-12,dividend,55
BOSCHLTD,2015-08-20,dividend,85
BOSCHLTD,2016-06-09,dividend,85
BOSCHLTD,2017-02-16,dividend,75
BOSCHLTD,2017-06-08,dividend,90
BOSCHLTD,2018-06-07,dividend,100
BOSCHLTD,2019-08-14,dividend,105
BOSCHLTD,2020-08-03,dividend,105
BOSCHLTD,2021-07-12,dividend,115
BOSCHLTD,2022-07-14,dividend,210
BOSCHLTD,2023-02-22,dividend,200
BOSCHLTD,2023-07-14,dividend,280
BOSCHLTD,2024-02-23,dividend,205
BOSCHLTD,2024-07-19,dividend,170
BOSCHLTD,2025-07-29,dividend,512
BOSCHLTD,2026-08-04,dividend,270
BPCL,2005-06-07,dividend,0.625
BPCL,2006-11-15,dividend,0.2083
BPCL,2007-01-15,dividend,0.5
BPCL,2007-09-04,dividend,0.8333
BPCL,2008-09-10,dividend,0.3333
BPCL,2009-08-26,dividend,0.5833
BPCL,2010-09-08,dividend,1.1667
BPCL,2011-09-05,dividend,1.1667
BPCL,2012-07-13,dividend,0.9167
BPCL,2012-07-13,split,2
BPCL,2013-09-06,dividend,1.8333
BPCL,2014-09-05,dividend,2.8333
BPCL,2015-08-28,dividend,3.75
BPCL,2016-02-02,dividend,2.0833
BPCL,2016-03-03,dividend,0.5833
BPCL,2016-06-06,dividend,2.5
BPCL,2016-07-13,split,2
BPCL,2017-02-28,dividend,6.5
BPCL,2017-03-24,dividend,4
BPCL,2017-06-08,dividend,0.3333
BPCL,2017-07-13,split,1.5
BPCL,2018-02-22,dividend,7
BPCL,2018-08-31,dividend,3.5
BPCL,2019-02-21,dividend,5.5
BPCL,2019-08-21,dividend,4
BPCL,2020-03-23,dividend,8.25
BPCL,2021-02-17,dividend,8
BPCL,2021-03-25,dividend,2.5
BPCL,2021-09-16,dividend,29
BPCL,2021-11-11,dividend,2.5
BPCL,2022-02-10,dividend,2.5
BPCL,2022-08-19,dividend,3
BPCL,2023-08-11,dividend,2
BPCL,2023-12-12,dividend,10.5
BPCL,2024-06-21,split,2
BPCL,2024-08-09,dividend,10.5
BPCL,2025-01-29,dividend,5
BPCL,2025-07-31,dividend,5
BPCL,2025-11-07,dividend,7.5
BPCL,2026-02-02,dividend,10
BRITANNIA,2005-07-08,dividend,1.4
BRITANNIA,2006-07-18,dividend,1.5
BRITANNIA,2007-08-30,dividend,1.5
BRITANNIA,2008-07-14,dividend,1.8
BRITANNIA,2009-06-09,dividend,4
BRITANNIA,2010-07-23,dividend,2.5
BRITANNIA,2010-09-08,split,5
BRITANNIA,2011-07-19,dividend,3.25
BRITANNIA,2012-07-17,dividend,4.25
BRITANNIA,2013-07-23,dividend,4.25
BRITANNIA,2014-07-23,dividend,6
BRITANNIA,2015-07-27,dividend,8
BRITANNIA,2016-07-29,dividend,10
BRITANNIA,2017-07-28,dividend,11
BRITANNIA,2018-07-27,dividend,12.5
BRITANNIA,2018-11-29,split,2
BRITANNIA,2019-08-01,dividend,15
BRITANNIA,2020-04-29,dividend,35
BRITANNIA,2020-08-26,dividend,83
BRITANNIA,2021-04-08,dividend,62
BRITANNIA,2021-05-25,dividend,12.5
BRITANNIA,2022-06-20,dividend,56.5
BRITANNIA,2023-04-13,dividend,72
BRITANNIA,2024-08-05,dividend,73.5
BRITANNIA,2025-08-04,dividend,75
BRITANNIA,2026-07-31,dividend,90.5
BSE,2017-02-22,dividend,0.5556
BSE,2017-08-24,dividend,2.5556
BSE,2018-02-15,dividend,0.5556
BSE,2018-07-25,dividend,3.4444
BSE,2018-12-11,dividend,0.5556
BSE,2019-06-27,dividend,2.7778
BSE,2020-07-22,dividend,1.8889
BSE,2021-08-05,dividend,2.3333
BSE,2022-03-21,split,3
BSE,2022-06-23,dividend,4.5
BSE,2023-08-04,dividend,4
BSE,2024-06-14,dividend,5
BSE,2025-05-14,dividend,7.6667
BSE,2025-05-23,split,3
BSE,2026-07-10,dividend,10
CANBK,2005-02-11,dividend,0.4863
CANBK,2005-07-26,dividend,0.5836
CANBK,2006-06-14,dividend,1.2839
CANBK,2007-06-26,dividend,1.3617
CANBK,2008-06-10,dividend,1.5562
CANBK,2009-07-08,dividend,1.5562
CANBK,2010-06-14,dividend,1.9453
CANBK,2011-07-06,dividend,2.1398
CANBK,2012-06-14,dividend,2.1398
CANBK,2013-07-04,dividend,2.5289
CANBK,2014-01-24,dividend,1.2645
CANBK,2014-07-03,dividend,0.8754
CANBK,2015-06-25,dividend,2.0426
CANBK,2017-07-12,dividend,0.2
CANBK,2022-06-15,dividend,1.3
CANBK,2023-06-14,dividend,2.4
CANBK,2024-05-15,split,5
CANBK,2024-06-14,dividend,3.22
CANBK,2025-06-13,dividend,4
CANBK,2026-06-12,dividend,4.2
CGPOWER,2005-03-30,dividend,0.2857
CGPOWER,2005-10-20,dividend,0.1633
CGPOWER,2006-02-02,dividend,0.2041
CGPOWER,2006-04-05,dividend,0.2041
CGPOWER,2006-08-10,split,5
CGPOWER,2006-10-26,dividend,0.1633
CGPOWER,2006-12-14,split,1.4
CGPOWER,2007-02-01,dividend,0.2857
CGPOWER,2007-03-23,dividend,0.2857
CGPOWER,2007-11-02,dividend,0.2286
CGPOWER,2008-02-04,dividend,0.4571
CGPOWER,2008-04-03,dividend,0.2286
CGPOWER,2008-10-27,dividend,0.4
CGPOWER,2009-01-29,dividend,0.4571
CGPOWER,2009-03-30,dividend,0.2857
CGPOWER,2009-10-30,dividend,0.4571
CGPOWER,2010-02-04,dividend,0.8
CGPOWER,2010-03-08,split,1.75
CGPOWER,2010-10-29,dividend,0.8
CGPOWER,2011-02-03,dividend,0.8
CGPOWER,2011-03-28,dividend,0.6
CGPOWER,2011-10-24,dividend,0.8
CGPOWER,2012-02-03,dividend,0.2
CGPOWER,2012-03-29,dividend,0.4
CGPOWER,2012-07-26,dividend,0.4
CGPOWER,2012-11-07,dividend,0.4
CGPOWER,2013-07-25,dividend,0.4
CGPOWER,2013-11-13,dividend,0.4
CGPOWER,2014-02-04,dividend,0.4
CGPOWER,2014-07-30,dividend,0.4
CGPOWER,2014-10-22,dividend,0.4
CGPOWER,2015-02-06,dividend,0.4
CGPOWER,2023-03-15,dividend,1.5
CGPOWER,2024-02-05,dividend,1.3
CGPOWER,2025-03-21,dividend,1.3
CGPOWER,2026-01-30,dividend,1.3
CHOLAFIN,2005-07-18,dividend,1
CHOLAFIN,2006-07-12,dividend,1
CHOLAFIN,2007-07-23,dividend,0.8
CHOLAFIN,2008-07-23,dividend,0.8
CHOLAFIN,2010-05-05,dividend,0.2
CHOLAFIN,2011-07-21,dividend,0.3
CHOLAFIN,2012-02-13,dividend,0.3
CHOLAFIN,2012-07-23,dividend,0.2
CHOLAFIN,2013-01-30,dividend,0.5
CHOLAFIN,2013-07-24,dividend,0.2
CHOLAFIN,2014-02-06,dividend,0.5
CHOLAFIN,2014-07-23,dividend,0.2
CHOLAFIN,2015-02-05,dividend,0.5
CHOLAFIN,2015-07-23,dividend,0.2
CHOLAFIN,2016-02-09,dividend,0.5
CHOLAFIN,2016-07-21,dividend,0.4
CHOLAFIN,2017-02-06,dividend,0.7
CHOLAFIN,2017-07-19,dividend,0.4
CHOLAFIN,2018-02-09,dividend,0.9
CHOLAFIN,2018-07-18,dividend,0.4
CHOLAFIN,2019-02-08,dividend,0.9
CHOLAFIN,2019-06-14,split,5
CHOLAFIN,2019-07-22,dividend,0.4
CHOLAFIN,2019-12-23,dividend,1
CHOLAFIN,2020-03-04,dividend,0.7
CHOLAFIN,2021-02-09,dividend,1.3
CHOLAFIN,2021-07-22,dividend,0.7
CHOLAFIN,2022-02-10,dividend,1.3
CHOLAFIN,2022-07-21,dividend,0.7
CHOLAFIN,2023-02-10,dividend,1.3
CHOLAFIN,2023-07-25,dividend,0.7
CHOLAFIN,2024-02-07,dividend,1.3
CHOLAFIN,2024-07-19,dividend,0.7
CHOLAFIN,2025-02-07,dividend,1.3
CHOLAFIN,2025-07-24,dividend,0.7
CHOLAFIN,2026-02-05,dividend,1.3
CHOLAFIN,2026-07-21,dividend,0.7
CIPLA,2005-08-19,dividend,1.4
CIPLA,2006-04-24,split,2.5
CIPLA,2006-08-18,dividend,2
CIPLA,2007-08-08,dividend,2
CIPLA,2008-08-12,dividend,2
CIPLA,2009-08-10,dividend,2
CIPLA,2010-07-23,dividend,2
CIPLA,2010-09-03,dividend,0.8
CIPLA,2011-08-09,dividend,2
CIPLA,2012-08-01,dividend,2
CIPLA,2013-08-06,dividend,2
CIPLA,2014-08-06,dividend,2
CIPLA,2015-08-11,dividend,2
CIPLA,2016-09-12,dividend,2
CIPLA,2017-07-26,dividend,2
CIPLA,2018-08-13,dividend,3
CIPLA,2019-07-31,dividend,3
CIPLA,2020-03-19,dividend,4
CIPLA,2021-08-09,dividend,5
CIPLA,2022-08-08,dividend,5
CIPLA,2023-07-21,dividend,8.5
CIPLA,2024-08-02,dividend,13
CIPLA,2025-06-27,dividend,16
CIPLA,2026-06-05,dividend,13
COALINDIA,2011-02-18,dividend,3.5
COALINDIA,2011-09-08,dividend,0.4
COALINDIA,2012-03-15,dividend,9.5
COALINDIA,2012-09-06,dividend,0.5
COALINDIA,2013-03-18,dividend,9.7
COALINDIA,2013-09-06,dividend,4.3
COALINDIA,2014-01-17,dividend,29
COALINDIA,2015-03-03,dividend,20.7
COALINDIA,2016-03-14,dividend,27.4
COALINDIA,2017-03-14,dividend,18.75
COALINDIA,2018-03-16,dividend,16.5
COALINDIA,2018-12-28,dividend,7.25
COALINDIA,2019-03-22,dividend,5.85
COALINDIA,2020-03-19,dividend,12
COALINDIA,2020-11-19,dividend,7.5
COALINDIA,2021-03-15,dividend,5
COALINDIA,2021-09-02,dividend,3.5
COALINDIA,2021-12-06,dividend,9
COALINDIA,2022-02-21,dividend,5
COALINDIA,2022-08-11,dividend,3
COALINDIA,2022-11-15,dividend,15
COALINDIA,2023-02-08,dividend,5.25
COALINDIA,2023-08-18,dividend,4
COALINDIA,2023-11-21,dividend,15.25
COALINDIA,2024-02-20,dividend,5.25
COALINDIA,2024-08-16,dividend,5
COALINDIA,2024-11-05,dividend,15.75
COALINDIA,2025-01-31,dividend,5.6
COALINDIA,2025-08-06,dividend,5.5
COALINDIA,2025-08-21,dividend,5.15
COALINDIA,2025-11-04,dividend,10.25
COALINDIA,2026-02-18,dividend,5.5
COALINDIA,2026-07-31,dividend,5.5
COALINDIA,2026-09-04,dividend,5.25
COCHINSHIP,2018-08-06,dividend,6
COCHINSHIP,2019-08-05,dividend,6.5
COCHINSHIP,2019-11-21,dividend,0.815
COCHINSHIP,2020-09-21,dividend,7.5
COCHINSHIP,2021-01-13,dividend,4.5
COCHINSHIP,2021-02-23,dividend,2
COCHINSHIP,2021-09-21,dividend,1.25
COCHINSHIP,2021-11-23,dividend,3
COCHINSHIP,2022-02-21,dividend,3.5
COCHINSHIP,2022-09-21,dividend,1.875
COCHINSHIP,2022-11-21,dividend,3.5
COCHINSHIP,2023-02-22,dividend,3.5
COCHINSHIP,2023-09-21,dividend,1.5
COCHINSHIP,2023-11-20,dividend,4
COCHINSHIP,2024-01-10,split,2
COCHINSHIP,2024-02-12,dividend,3.5
COCHINSHIP,2024-09-23,dividend,2.25
COCHINSHIP,2024-11-19,dividend,4
COCHINSHIP,2025-02-12,dividend,3.5
COCHINSHIP,2025-09-12,dividend,2.25
COCHINSHIP,2025-11-18,dividend,4
COCHINSHIP,2026-02-03,dividend,3.5
COCHINSHIP,2026-09-18,dividend,1.5
COFORGE,2005-07-15,dividend,0.7333
COFORGE,2006-08-09,dividend,0.8
COFORGE,2007-07-17,dividend,0.8667
COFORGE,2007-08-30,split,1.5
COFORGE,2008-07-18,dividend,1.3
COFORGE,2009-07-17,dividend,1.3
COFORGE,2010-06-29,dividend,1.4
COFORGE,2011-06-22,dividend,1.5
COFORGE,2012-06-20,dividend,1.6
COFORGE,2013-06-20,dividend,1.7
COFORGE,2014-06-26,dividend,1.8
COFORGE,2015-07-23,dividend,1.9
COFORGE,2016-07-22,dividend,2
COFORGE,2017-09-14,dividend,2.5
COFORGE,2018-09-12,dividend,3
COFORGE,2019-11-04,dividend,2
COFORGE,2020-02-07,dividend,2
COFORGE,2020-05-14,dividend,2.2
COFORGE,2021-05-18,dividend,2.6
COFORGE,2021-08-09,dividend,2.6
COFORGE,2021-11-03,dividend,2.6
COFORGE,2022-02-07,dividend,2.6
COFORGE,2022-05-23,dividend,2.6
COFORGE,2022-08-03,dividend,2.6
COFORGE,2022-11-03,dividend,2.6
COFORGE,2023-02-03,dividend,3.8
COFORGE,2023-05-10,dividend,3.8
COFORGE,2023-08-03,dividend,3.8
COFORGE,2023-11-02,dividend,3.8
COFORGE,2024-02-05,dividend,3.8
COFORGE,2024-05-15,dividend,3.8
COFORGE,2024-08-02,dividend,3.8
COFORGE,2024-10-11,dividend,3.8
COFORGE,2025-01-30,dividend,3.8
COFORGE,2025-05-09,dividend,3.8
COFORGE,2025-06-04,split,5
COFORGE,2025-07-31,dividend,4
COFORGE,2025-10-31,dividend,4
COFORGE,2026-01-30,dividend,4
COFORGE,2026-08-03,dividend,4
COLPAL,2007-07-18,dividend,1
COLPAL,2008-07-08,dividend,3.5
COLPAL,2008-12-12,dividend,4.5
COLPAL,2009-04-08,dividend,3
COLPAL,2009-08-20,dividend,4
COLPAL,2009-12-10,dividend,3.5
COLPAL,2010-04-08,dividend,2.5
COLPAL,2010-08-17,dividend,5
COLPAL,2010-12-14,dividend,2.5
COLPAL,2011-03-30,dividend,3.5
COLPAL,2011-06-13,dividend,4
COLPAL,2011-12-20,dividend,4.5
COLPAL,2012-03-22,dividend,4
COLPAL,2012-10-01,dividend,6.5
COLPAL,2012-12-14,dividend,3
COLPAL,2013-04-04,dividend,4.5
COLPAL,2013-11-06,dividend,4.5
COLPAL,2013-12-09,dividend,4.5
COLPAL,2014-04-01,dividend,4.5
COLPAL,2014-09-29,dividend,4
COLPAL,2014-12-15,dividend,4
COLPAL,2015-04-08,dividend,4
COLPAL,2015-09-23,split,2
COLPAL,2015-11-05,dividend,4
COLPAL,2015-12-10,dividend,3
COLPAL,2016-04-06,dividend,3
COLPAL,2016-11-08,dividend,4
COLPAL,2016-12-15,dividend,3
COLPAL,2017-04-10,dividend,3
COLPAL,2017-10-25,dividend,4
COLPAL,2017-12-18,dividend,4
COLPAL,2018-03-20,dividend,5
COLPAL,2018-05-29,dividend,11
COLPAL,2018-11-05,dividend,8
COLPAL,2019-04-05,dividend,7
COLPAL,2019-06-04,dividend,8
COLPAL,2019-11-05,dividend,12
COLPAL,2020-06-01,dividend,16
COLPAL,2020-10-29,dividend,18
COLPAL,2021-03-30,dividend,20
COLPAL,2021-11-01,dividend,19
COLPAL,2022-05-05,dividend,21
COLPAL,2022-10-31,dividend,18
COLPAL,2023-05-19,dividend,21
COLPAL,2023-11-06,dividend,22
COLPAL,2024-05-22,dividend,36
COLPAL,2024-11-04,dividend,24
COLPAL,2025-05-28,dividend,27
COLPAL,2025-11-03,dividend,24
COLPAL,2026-06-01,dividend,24
CONCOR,2005-01-27,dividend,0.512
CONCOR,2005-09-14,dividend,0.7253
CONCOR,2006-02-01,dividend,0.64
CONCOR,2006-03-03,dividend,0.2133
CONCOR,2006-08-16,dividend,0.6827
CONCOR,2007-01-31,dividend,0.9387
CONCOR,2007-08-08,dividend,0.9387
CONCOR,2008-02-14,dividend,0.9387
CONCOR,2008-04-16,split,2
CONCOR,2008-08-12,dividend,1.28
CONCOR,2009-02-09,dividend,1.024
CONCOR,2009-09-04,dividend,1.3653
CONCOR,2009-12-30,dividend,1.024
CONCOR,2010-02-01,dividend,1.024
CONCOR,2010-09-03,dividend,1.3653
CONCOR,2011-01-28,dividend,1.28
CONCOR,2011-09-06,dividend,1.3653
CONCOR,2012-02-15,dividend,1.28
CONCOR,2012-02-16,dividend,1.28
CONCOR,2012-09-05,dividend,1.536
CONCOR,2013-02-11,dividend,1.3653
CONCOR,2013-08-01,dividend,1.6213
CONCOR,2013-09-06,split,1.5
CONCOR,2014-02-13,dividend,1.792
CONCOR,2014-08-27,dividend,1.3568
CONCOR,2015-02-24,dividend,2.048
CONCOR,2015-08-27,dividend,1.3824
CONCOR,2016-02-05,dividend,2.048
CONCOR,2016-09-02,dividend,1.408
CONCOR,2017-02-22,dividend,2.4576
CONCOR,2017-04-05,split,1.25
CONCOR,2017-09-12,dividend,2.4
CONCOR,2018-02-06,dividend,3.072
CONCOR,2018-06-26,split,2
CONCOR,2018-09-11,dividend,2.4
CONCOR,2019-02-04,split,1.25
CONCOR,2019-08-19,dividend,6.84
CONCOR,2020-02-18,dividend,0.6
CONCOR,2020-09-21,dividend,2.28
CONCOR,2020-11-18,dividend,2.4
CONCOR,2021-09-21,dividend,1.6
CONCOR,2021-11-02,dividend,3.2
CONCOR,2022-02-02,dividend,1.6
CONCOR,2022-08-17,dividend,1.6
CONCOR,2022-09-20,dividend,2.4
CONCOR,2022-11-22,dividend,2.4
CONCOR,2023-02-06,dividend,3.2
CONCOR,2023-08-18,dividend,1.6
CONCOR,2023-09-18,dividend,1.6
CONCOR,2023-11-16,dividend,2.4
CONCOR,2024-02-07,dividend,3.2
CONCOR,2024-08-16,dividend,1.6
CONCOR,2024-09-17,dividend,2
CONCOR,2024-11-14,dividend,2.6
CONCOR,2025-02-06,dividend,3.4
CONCOR,2025-06-06,dividend,1.6
CONCOR,2025-07-04,split,1.25
CONCOR,2025-08-13,dividend,1.6
CONCOR,2025-11-20,dividend,2.6
CONCOR,2026-02-09,dividend,3.4
CONCOR,2026-08-04,dividend,1.6
CONCOR,2026-09-21,dividend,1
COROMANDEL,2006-01-02,split,5
COROMANDEL,2006-06-29,dividend,0.85
COROMANDEL,2007-07-12,dividend,1
COROMANDEL,2008-07-14,dividend,1.75
COROMANDEL,2009-01-29,dividend,3
COROMANDEL,2009-07-13,dividend,2
COROMANDEL,2010-02-02,dividend,3
COROMANDEL,2010-07-14,dividend,2
COROMANDEL,2010-12-23,split,2
COROMANDEL,2011-01-21,dividend,4
COROMANDEL,2011-07-13,dividend,3
COROMANDEL,2012-02-02,dividend,4
COROMANDEL,2012-07-13,dividend,3
COROMANDEL,2013-06-19,dividend,4.5
COROMANDEL,2013-07-15,dividend,4.5
COROMANDEL,2014-07-14,dividend,4.5
COROMANDEL,2015-03-27,dividend,2
COROMANDEL,2015-07-16,dividend,2.5
COROMANDEL,2016-07-14,dividend,4
COROMANDEL,2017-07-13,dividend,5
COROMANDEL,2018-03-22,dividend,3
COROMANDEL,2018-07-19,dividend,3.5
COROMANDEL,2019-01-31,dividend,3
COROMANDEL,2019-07-10,dividend,3.5
COROMANDEL,2020-07-16,dividend,12
COROMANDEL,2021-02-10,dividend,6
COROMANDEL,2021-07-15,dividend,6
COROMANDEL,2022-02-14,dividend,6
COROMANDEL,2022-07-14,dividend,6
COROMANDEL,2023-02-17,dividend,6
COROMANDEL,2023-07-14,dividend,6
COROMANDEL,2024-07-26,dividend,6
COROMANDEL,2025-02-05,dividend,6
COROMANDEL,2025-07-17,dividend,9
COROMANDEL,2026-02-04,dividend,9
COROMANDEL,2026-07-16,dividend,2
CRISIL,2005-06-10,dividend,1.25
CRISIL,2006-03-17,dividend,1
CRISIL,2007-03-20,dividend,1.5
CRISIL,2008-03-14,dividend,2.5
CRISIL,2008-07-31,dividend,1
CRISIL,2008-10-31,dividend,2.5
CRISIL,2009-03-20,dividend,3.5
CRISIL,2009-05-05,dividend,2.5
CRISIL,2009-07-31,dividend,2.5
CRISIL,2009-11-05,dividend,2.5
CRISIL,2010-03-12,dividend,2.5
CRISIL,2010-04-22,dividend,12.5
CRISIL,2010-07-28,dividend,2.5
CRISIL,2010-10-22,dividend,2.5
CRISIL,2011-03-14,dividend,2.5
CRISIL,2011-04-20,dividend,2.75
CRISIL,2011-07-26,dividend,2.75
CRISIL,2011-09-28,split,10
CRISIL,2011-10-28,dividend,2.75
CRISIL,2012-03-13,dividend,2.75
CRISIL,2012-04-24,dividend,6
CRISIL,2012-07-23,dividend,3
CRISIL,2012-10-23,dividend,3
CRISIL,2013-03-12,dividend,4
CRISIL,2013-04-25,dividend,3
CRISIL,2013-08-07,dividend,3
CRISIL,2013-10-24,dividend,3
CRISIL,2014-03-11,dividend,10
CRISIL,2014-04-25,dividend,3
CRISIL,2014-07-24,dividend,3
CRISIL,2014-10-22,dividend,4
CRISIL,2015-03-10,dividend,10
CRISIL,2015-04-23,dividend,4
CRISIL,2015-07-23,dividend,4
CRISIL,2015-10-21,dividend,5
CRISIL,2016-03-08,dividend,10
CRISIL,2016-04-28,dividend,5
CRISIL,2016-07-28,dividend,6
CRISIL,2016-10-21,dividend,7
CRISIL,2017-03-21,dividend,9
CRISIL,2017-05-03,dividend,6
CRISIL,2017-07-27,dividend,6
CRISIL,2017-10-31,dividend,6
CRISIL,2018-03-27,dividend,10
CRISIL,2018-05-03,dividend,6
CRISIL,2018-07-27,dividend,6
CRISIL,2018-10-29,dividend,7
CRISIL,2019-03-28,dividend,11
CRISIL,2019-05-06,dividend,6
CRISIL,2019-08-06,dividend,6
CRISIL,2019-11-21,dividend,7
CRISIL,2020-03-31,dividend,13
CRISIL,2020-05-04,dividend,6
CRISIL,2020-08-04,dividend,6
CRISIL,2020-11-02,dividend,7
CRISIL,2021-03-30,dividend,14
CRISIL,2021-05-05,dividend,7
CRISIL,2021-08-03,dividend,8
CRISIL,2021-11-24,dividend,9
CRISIL,2022-03-30,dividend,22
CRISIL,2022-05-06,dividend,7
CRISIL,2022-08-04,dividend,8
CRISIL,2022-11-04,dividend,10
CRISIL,2023-03-31,dividend,23
CRISIL,2023-05-04,dividend,7
CRISIL,2023-08-02,dividend,8
CRISIL,2023-11-22,dividend,11
CRISIL,2024-03-28,dividend,28
CRISIL,2024-05-03,dividend,7
CRISIL,2024-07-31,dividend,8
CRISIL,2024-10-30,dividend,15
CRISIL,2025-04-11,dividend,26
CRISIL,2025-05-07,dividend,8
CRISIL,2025-07-28,dividend,9
CRISIL,2025-10-27,dividend,16
CRISIL,2026-04-02,dividend,28
CRISIL,2026-04-23,dividend,9
CRISIL,2026-07-27,dividend,10
CUMMINSIND,2005-02-11,dividend,1.4286
CUMMINSIND,2005-07-15,dividend,1.4286
CUMMINSIND,2006-03-02,dividend,1.4286
CUMMINSIND,2006-07-17,dividend,1.4286
CUMMINSIND,2007-02-08,dividend,1.4286
CUMMINSIND,2007-07-19,dividend,1.4286
CUMMINSIND,2008-02-14,dividend,1.4286
CUMMINSIND,2008-07-17,dividend,1.8571
CUMMINSIND,2008-12-15,dividend,3.4286
CUMMINSIND,2009-02-03,dividend,2.8571
CUMMINSIND,2009-07-23,dividend,1.8571
CUMMINSIND,2009-12-14,dividend,4.2857
CUMMINSIND,2010-08-05,dividend,4.2857
CUMMINSIND,2011-02-10,dividend,5
CUMMINSIND,2011-07-28,dividend,5.7143
CUMMINSIND,2011-09-20,split,1.4
CUMMINSIND,2012-02-21,dividend,5
CUMMINSIND,2012-07-26,dividend,6
CUMMINSIND,2013-02-11,dividend,5
CUMMINSIND,2013-07-25,dividend,8
CUMMINSIND,2014-02-13,dividend,5
CUMMINSIND,2014-07-24,dividend,8
CUMMINSIND,2014-09-18,dividend,5
CUMMINSIND,2015-07-30,dividend,9
CUMMINSIND,2016-02-11,dividend,5
CUMMINSIND,2016-07-28,dividend,9
CUMMINSIND,2017-02-09,dividend,5
CUMMINSIND,2017-07-27,dividend,9
CUMMINSIND,2018-02-15,dividend,5
CUMMINSIND,2018-08-02,dividend,10
CUMMINSIND,2019-02-15,dividend,7
CUMMINSIND,2019-07-31,dividend,10
CUMMINSIND,2020-02-07,dividend,7
CUMMINSIND,2020-08-17,dividend,7
CUMMINSIND,2021-02-09,dividend,7
CUMMINSIND,2021-08-04,dividend,8
CUMMINSIND,2022-02-21,dividend,8
CUMMINSIND,2022-08-02,dividend,10.5
CUMMINSIND,2023-02-21,dividend,12
CUMMINSIND,2023-07-26,dividend,13
CUMMINSIND,2024-02-21,dividend,18
CUMMINSIND,2024-07-19,dividend,20
CUMMINSIND,2025-02-14,dividend,18
CUMMINSIND,2025-07-18,dividend,33.5
CUMMINSIND,2026-02-11,dividend,20
CUMMINSIND,2026-07-17,dividend,46
DABUR,2005-06-29,dividend,0.25
DABUR,2005-10-28,dividend,0.25
DABUR,2006-01-19,split,2
DABUR,2006-06-21,dividend,0.3333
DABUR,2006-11-03,dividend,0.3333
DABUR,2007-01-25,split,1.5
DABUR,2007-03-16,dividend,0.375
DABUR,2007-10-29,dividend,0.375
DABUR,2008-06-19,dividend,0.375
DABUR,2009-02-02,dividend,0.375
DABUR,2009-06-29,dividend,0.5
DABUR,2009-10-30,dividend,0.375
DABUR,2010-08-03,dividend,0.625
DABUR,2010-09-08,split,2
DABUR,2010-11-02,dividend,0.5
DABUR,2011-06-29,dividend,0.65
DABUR,2011-11-04,dividend,0.55
DABUR,2012-06-27,dividend,0.75
DABUR,2012-10-31,dividend,0.65
DABUR,2013-06-21,dividend,0.85
DABUR,2013-11-05,dividend,0.75
DABUR,2014-06-27,dividend,1
DABUR,2014-09-19,dividend,1.25
DABUR,2015-06-29,dividend,0.75
DABUR,2015-11-05,dividend,1.25
DABUR,2016-06-29,dividend,1
DABUR,2016-11-03,dividend,1.25
DABUR,2017-07-05,dividend,1
DABUR,2017-11-07,dividend,1.25
DABUR,2018-07-04,dividend,6.25
DABUR,2018-11-09,dividend,1.25
DABUR,2019-08-07,dividend,1.5
DABUR,2019-11-13,dividend,1.4
DABUR,2020-08-13,dividend,1.6
DABUR,2020-11-11,dividend,1.75
DABUR,2021-07-29,dividend,3
DABUR,2021-11-11,dividend,2.5
DABUR,2022-07-21,dividend,2.7
DABUR,2022-11-03,dividend,2.5
DABUR,2023-07-21,dividend,2.7
DABUR,2023-11-10,dividend,2.75
DABUR,2024-07-19,dividend,2.75
DABUR,2024-11-08,dividend,2.75
DABUR,2025-07-18,dividend,5.25
DABUR,2025-11-07,dividend,2.75
DABUR,2026-07-17,dividend,5.5
DALBHARAT,2018-12-21,dividend,1.7
DALBHARAT,2019-08-22,dividend,2
DALBHARAT,2020-02-17,dividend,2
DALBHARAT,2021-09-21,dividend,1.33
DALBHARAT,2021-11-09,dividend,4
DALBHARAT,2022-06-23,dividend,5
DALBHARAT,2022-11-10,dividend,4
DALBHARAT,2023-06-23,dividend,5
DALBHARAT,2023-10-20,dividend,4
DALBHARAT,2024-06-19,dividend,5
DALBHARAT,2024-10-25,dividend,4
DALBHARAT,2025-06-23,dividend,5
DALBHARAT,2025-10-24,dividend,4
DALBHARAT,2026-06-23,dividend,5
DIVISLAB,2005-08-11,dividend,0.4
DIVISLAB,2006-08-23,dividend,0.5
DIVISLAB,2007-03-23,dividend,0.5
DIVISLAB,2007-08-03,split,5
DIVISLAB,2008-06-26,dividend,1
DIVISLAB,2009-06-15,dividend,1.5
DIVISLAB,2009-07-30,split,2
DIVISLAB,2010-07-02,dividend,3
DIVISLAB,2011-06-16,dividend,5
DIVISLAB,2012-07-26,dividend,6.5
DIVISLAB,2013-07-25,dividend,7.5
DIVISLAB,2014-07-31,dividend,10
DIVISLAB,2015-08-06,dividend,10
DIVISLAB,2015-09-23,split,2
DIVISLAB,2016-03-17,dividend,10
DIVISLAB,2017-09-15,dividend,10
DIVISLAB,2018-08-31,dividend,10
DIVISLAB,2019-08-14,dividend,16
DIVISLAB,2020-02-25,dividend,16
DIVISLAB,2021-08-17,dividend,20
DIVISLAB,2022-08-11,dividend,30
DIVISLAB,2023-08-11,dividend,30
DIVISLAB,2024-08-02,dividend,30
DIVISLAB,2025-07-25,dividend,30
DIVISLAB,2026-07-24,dividend,30
DIXON,2018-07-17,dividend,0.4
DIXON,2019-07-23,dividend,0.4
DIXON,2020-03-24,dividend,0.8
DIXON,2021-03-18,split,5
DIXON,2021-09-20,dividend,1
DIXON,2022-08-11,dividend,2
DIXON,2023-09-22,dividend,3
DIXON,2024-09-17,dividend,5
DIXON,2025-09-16,dividend,8
DIXON,2026-09-21,dividend,10
DLF,2007-09-18,dividend,2
DLF,2007-11-05,dividend,2
DLF,2008-09-19,dividend,2
DLF,2009-09-22,dividend,2
DLF,2010-09-17,dividend,2
DLF,2011-07-27,dividend,2
DLF,2012-08-24,dividend,2
DLF,2013-07-30,dividend,2
DLF,2014-08-19,dividend,2
DLF,2015-08-17,dividend,2
DLF,2016-03-28,dividend,2
DLF,2017-09-19,dividend,2
DLF,2018-03-27,dividend,1.2
DLF,2018-09-12,dividend,0.8
DLF,2019-07-22,dividend,2
DLF,2020-02-12,dividend,1.2
DLF,2020-09-15,dividend,0.8
DLF,2021-08-23,dividend,2
DLF,2022-08-02,dividend,3
DLF,2023-07-28,dividend,4
DLF,2024-07-31,dividend,5
DLF,2025-07-28,dividend,6
DLF,2026-07-27,dividend,8
DRREDDY,2005-07-07,dividend,0.5
DRREDDY,2006-07-07,dividend,0.5
DRREDDY,2006-08-28,split,2
DRREDDY,2007-07-06,dividend,0.75
DRREDDY,2008-07-04,dividend,0.75
DRREDDY,2009-07-03,dividend,1.25
DRREDDY,2010-07-02,dividend,2.25
DRREDDY,2011-06-30,dividend,2.25
DRREDDY,2012-06-28,dividend,2.75
DRREDDY,2013-07-12,dividend,3
DRREDDY,2014-07-11,dividend,3.6
DRREDDY,2015-07-10,dividend,4
DRREDDY,2016-07-18,dividend,4
DRREDDY,2017-07-17,dividend,4
DRREDDY,2018-07-16,dividend,4
DRREDDY,2019-07-15,dividend,4
DRREDDY,2020-07-13,dividend,5
DRREDDY,2021-07-09,dividend,5
DRREDDY,2022-07-11,dividend,6
DRREDDY,2023-07-11,dividend,8
DRREDDY,2024-07-16,dividend,8
DRREDDY,2024-10-28,split,5
DRREDDY,2025-07-10,dividend,8
DRREDDY,2026-07-10,dividend,8
EICHERMOT,2005-08-05,dividend,0.4
EICHERMOT,2006-06-22,dividend,0.4
EICHERMOT,2007-03-16,dividend,2.9
EICHERMOT,2008-05-26,dividend,0.5
EICHERMOT,2009-05-20,dividend,0.5
EICHERMOT,2010-03-05,dividend,0.7
EICHERMOT,2011-03-08,dividend,1.1
EICHERMOT,2012-03-13,dividend,1.6
EICHERMOT,2013-03-13,dividend,2
EICHERMOT,2014-03-12,dividend,3
EICHERMOT,2015-03-11,dividend,5
EICHERMOT,2016-03-22,dividend,10
EICHERMOT,2017-07-31,dividend,10
EICHERMOT,2018-08-02,dividend,11
EICHERMOT,2019-07-24,dividend,12.5
EICHERMOT,2020-03-19,dividend,12.5
EICHERMOT,2020-08-24,split,10
EICHERMOT,2021-08-09,dividend,17
EICHERMOT,2022-08-12,dividend,21
EICHERMOT,2023-08-14,dividend,37
EICHERMOT,2024-08-07,dividend,51
EICHERMOT,2025-08-01,dividend,70
EICHERMOT,2026-07-31,dividend,82
ENDURANCE,2017-07-20,dividend,2.5
ENDURANCE,2018-08-28,dividend,4
ENDURANCE,2019-07-30,dividend,5.5
ENDURANCE,2020-03-11,dividend,5.5
ENDURANCE,2021-08-12,dividend,6
ENDURANCE,2022-08-11,dividend,6.25
ENDURANCE,2023-08-11,dividend,7
ENDURANCE,2024-08-09,dividend,8.5
ENDURANCE,2025-08-01,dividend,10
ENDURANCE,2026-07-31,dividend,11.5
ENRIN,2026-01-30,dividend,4
ESCORTS,2010-02-25,dividend,1
ESCORTS,2011-02-10,dividend,1.5
ESCORTS,2012-03-01,dividend,1.5
ESCORTS,2013-03-07,dividend,1.2
ESCORTS,2013-10-14,dividend,1.2
ESCORTS,2014-09-04,dividend,0.6
ESCORTS,2015-09-03,dividend,1.2
ESCORTS,2016-09-08,dividend,1.2
ESCORTS,2017-09-07,dividend,1.5
ESCORTS,2018-08-23,dividend,2
ESCORTS,2019-07-11,dividend,2.5
ESCORTS,2020-08-13,dividend,2.5
ESCORTS,2021-07-15,dividend,7.5
ESCORTS,2022-06-30,dividend,7
ESCORTS,2023-06-30,dividend,7
ESCORTS,2024-07-05,dividend,18
ESCORTS,2025-02-14,dividend,10
ESCORTS,2025-07-04,dividend,18
ESCORTS,2026-02-16,dividend,18
ESCORTS,2026-07-03,dividend,33
EXIDEIND,2005-07-21,dividend,0.25
EXIDEIND,2006-07-12,dividend,0.3
EXIDEIND,2006-09-08,split,10
EXIDEIND,2007-07-11,dividend,0.35
EXIDEIND,2008-07-16,dividend,0.4
EXIDEIND,2009-01-23,dividend,0.4
EXIDEIND,2009-07-08,dividend,0.2
EXIDEIND,2009-10-27,dividend,0.6
EXIDEIND,2010-07-02,dividend,0.4
EXIDEIND,2010-10-21,dividend,0.9
EXIDEIND,2011-07-14,dividend,0.6
EXIDEIND,2011-11-02,dividend,0.9
EXIDEIND,2012-07-06,dividend,0.6
EXIDEIND,2012-10-31,dividend,1
EXIDEIND,2013-06-27,dividend,0.6
EXIDEIND,2013-11-05,dividend,1.1
EXIDEIND,2014-07-11,dividend,0.7
EXIDEIND,2014-08-21,dividend,1.5
EXIDEIND,2015-07-23,dividend,0.7
EXIDEIND,2015-11-05,dividend,1.6
EXIDEIND,2016-07-11,dividend,0.8
EXIDEIND,2016-11-03,dividend,1.6
EXIDEIND,2017-07-19,dividend,0.8
EXIDEIND,2017-11-03,dividend,1.6
EXIDEIND,2018-07-25,dividend,0.8
EXIDEIND,2018-11-15,dividend,1.6
EXIDEIND,2019-07-25,dividend,0.8
EXIDEIND,2019-11-18,dividend,1.6
EXIDEIND,2020-03-04,dividend,2.5
EXIDEIND,2021-02-04,dividend,2
EXIDEIND,2022-02-07,dividend,2
EXIDEIND,2023-08-01,dividend,2
EXIDEIND,2024-07-22,dividend,2
EXIDEIND,2025-07-18,dividend,2
EXIDEIND,2026-07-03,dividend,2
FEDERALBNK,2005-09-08,dividend,0.1913
FEDERALBNK,2006-09-07,dividend,0.2679
FEDERALBNK,2007-08-16,dividend,0.3062
FEDERALBNK,2008-07-10,dividend,0.4
FEDERALBNK,2009-08-11,dividend,0.5
FEDERALBNK,2010-09-02,dividend,0.5
FEDERALBNK,2011-08-23,dividend,0.85
FEDERALBNK,2012-07-20,dividend,0.9
FEDERALBNK,2013-07-09,dividend,0.9
FEDERALBNK,2013-10-17,split,5
FEDERALBNK,2014-07-04,dividend,1
FEDERALBNK,2015-05-28,dividend,1.1
FEDERALBNK,2015-07-08,split,2
FEDERALBNK,2016-07-29,dividend,0.7
FEDERALBNK,2017-07-03,dividend,0.9
FEDERALBNK,2018-08-02,dividend,1
FEDERALBNK,2019-07-17,dividend,1.4
FEDERALBNK,2021-07-01,dividend,0.7
FEDERALBNK,2022-07-19,dividend,1.8
FEDERALBNK,2023-08-11,dividend,1
FEDERALBNK,2024-08-23,dividend,1.2
FEDERALBNK,2025-08-22,dividend,1.2
FEDERALBNK,2026-08-14,dividend,1.2
FLUOROCHEM,2022-03-31,dividend,2
FLUOROCHEM,2022-09-21,dividend,2
FLUOROCHEM,2022-10-31,dividend,2
FLUOROCHEM,2023-09-22,dividend,2
FLUOROCHEM,2024-09-20,dividend,3
FLUOROCHEM,2025-09-22,dividend,3
FLUOROCHEM,2026-09-17,dividend,3
FORTIS,2023-07-20,dividend,1
FORTIS,2024-07-24,dividend,1
FORTIS,2025-07-25,dividend,1
FORTIS,2026-07-24,dividend,1
GAIL,2005-09-14,dividend,0.5
GAIL,2006-01-16,dividend,0.75
GAIL,2006-02-20,dividend,0.25
GAIL,2006-07-28,dividend,0.25
GAIL,2006-12-27,dividend,0.6875
GAIL,2007-03-09,dividend,0.3125
GAIL,2007-08-16,dividend,0.25
GAIL,2007-12-19,dividend,0.5
GAIL,2008-08-21,dividend,0.75
GAIL,2008-10-06,split,1.5
GAIL,2009-01-30,dividend,0.75
GAIL,2009-08-20,dividend,0.5625
GAIL,2009-12-24,dividend,0.375
GAIL,2010-09-02,dividend,1.0313
GAIL,2010-12-27,dividend,0.375
GAIL,2011-08-17,dividend,1.0313
GAIL,2012-01-25,dividend,0.5625
GAIL,2012-08-16,dividend,1.0688
GAIL,2013-02-18,dividend,0.75
GAIL,2013-09-05,dividend,1.05
GAIL,2014-02-10,dividend,0.8438
GAIL,2014-08-27,dividend,1.1063
GAIL,2015-03-02,dividend,0.5625
GAIL,2015-08-27,dividend,0.5625
GAIL,2016-02-16,dividend,0.4688
GAIL,2016-09-08,dividend,0.5625
GAIL,2017-02-02,dividend,1.5938
GAIL,2017-03-09,split,1.3333
GAIL,2017-08-31,dividend,0.675
GAIL,2018-01-18,dividend,1.9125
GAIL,2018-03-27,split,1.3333
GAIL,2018-08-30,dividend,0.48
GAIL,2019-02-12,dividend,2.0833
GAIL,2019-07-09,split,2
GAIL,2019-08-08,dividend,0.59
GAIL,2020-02-17,dividend,4.2667
GAIL,2021-01-27,dividend,1.6667
GAIL,2021-03-22,dividend,1.6667
GAIL,2021-12-30,dividend,2.6667
GAIL,2022-03-21,dividend,3.3333
GAIL,2022-08-01,dividend,0.6667
GAIL,2022-09-06,split,1.5
GAIL,2023-03-21,dividend,4
GAIL,2024-02-06,dividend,5.5
GAIL,2025-02-07,dividend,6.5
GAIL,2025-08-04,dividend,1
GAIL,2026-02-05,dividend,5
GAIL,2026-09-02,dividend,0.5
GICRE,2018-07-12,dividend,13.5
GICRE,2018-07-12,split,2
GICRE,2019-07-19,dividend,6.75
GICRE,2022-06-07,dividend,2.25
GICRE,2023-09-08,dividend,7.2
GICRE,2024-09-11,dividend,10
GICRE,2025-09-04,dividend,10
GICRE,2026-09-04,dividend,13.25
GLAXO,2005-03-16,dividend,12
GLAXO,2006-03-24,dividend,14
GLAXO,2007-03-14,dividend,15.5
GLAXO,2008-04-02,dividend,18
GLAXO,2009-03-18,dividend,29
GLAXO,2010-03-10,dividend,15
GLAXO,2011-03-14,dividend,20
GLAXO,2012-03-29,dividend,22.5
GLAXO,2013-04-04,dividend,25
GLAXO,2014-04-03,dividend,25
GLAXO,2015-07-23,dividend,31.25
GLAXO,2016-07-15,dividend,25
GLAXO,2017-07-14,dividend,15
GLAXO,2018-07-13,dividend,17.5
GLAXO,2018-09-11,split,2
GLAXO,2019-07-11,dividend,20
GLAXO,2020-07-17,dividend,40
GLAXO,2021-07-19,dividend,30
GLAXO,2022-07-07,dividend,90
GLAXO,2023-06-30,dividend,32
GLAXO,2024-05-31,dividend,32
GLAXO,2024-11-07,dividend,12
GLAXO,2025-05-30,dividend,42
GLAXO,2026-05-29,dividend,57
GLENMARK,2005-04-29,dividend,0.35
GLENMARK,2006-02-07,dividend,0.35
GLENMARK,2007-01-04,dividend,0.4
GLENMARK,2007-09-10,split,2
GLENMARK,2007-11-07,dividend,0.7
GLENMARK,2009-09-10,dividend,0.4
GLENMARK,2010-09-16,dividend,0.4
GLENMARK,2011-07-28,dividend,0.4
GLENMARK,2012-07-19,dividend,2
GLENMARK,2013-07-18,dividend,2
GLENMARK,2014-07-10,dividend,2
GLENMARK,2015-09-10,dividend,2
GLENMARK,2016-08-03,dividend,2
GLENMARK,2017-09-20,dividend,2
GLENMARK,2018-09-19,dividend,2
GLENMARK,2019-09-19,dividend,2
GLENMARK,2020-09-17,dividend,2.5
GLENMARK,2021-09-08,dividend,2.5
GLENMARK,2022-09-12,dividend,2.5
GLENMARK,2023-09-18,dividend,2.5
GLENMARK,2024-09-13,dividend,2.5
GLENMARK,2025-09-15,dividend,2.5
GLENMARK,2025-10-03,dividend,2.5
GLENMARK,2026-08-31,dividend,2.5
GMRAIRPORT,2007-09-28,split,5
GMRAIRPORT,2009-10-01,split,2
GMRAIRPORT,2013-09-05,dividend,0.0981
GMRAIRPORT,2014-09-09,dividend,0.0981
GODFRYPHLP,2005-09-08,dividend,1.4667
GODFRYPHLP,2006-09-01,dividend,1.5
GODFRYPHLP,2007-08-23,dividend,1.6667
GODFRYPHLP,2008-08-21,dividend,1.6667
GODFRYPHLP,2009-09-17,dividend,1.6667
GODFRYPHLP,2010-09-02,dividend,1.6667
GODFRYPHLP,2011-09-08,dividend,2.3333
GODFRYPHLP,2012-08-30,dividend,2.6667
GODFRYPHLP,2013-09-05,dividend,2.6667
GODFRYPHLP,2014-09-15,dividend,2.6667
GODFRYPHLP,2014-11-28,split,5
GODFRYPHLP,2015-09-21,dividend,2.6667
GODFRYPHLP,2016-09-16,dividend,2.6667
GODFRYPHLP,2017-09-07,dividend,2.6667
GODFRYPHLP,2018-09-17,dividend,2.6667
GODFRYPHLP,2019-09-13,dividend,3.3333
GODFRYPHLP,2020-03-17,dividend,8
GODFRYPHLP,2021-07-28,dividend,8
GODFRYPHLP,2022-08-11,dividend,9.3333
GODFRYPHLP,2023-08-11,dividend,14.6667
GODFRYPHLP,2024-08-23,dividend,18.6667
GODFRYPHLP,2024-11-29,dividend,11.6667
GODFRYPHLP,2025-08-22,dividend,20
GODFRYPHLP,2025-09-16,split,3
GODFRYPHLP,2025-11-10,dividend,17
GODFRYPHLP,2026-08-11,dividend,33
GODREJCP,2005-01-25,dividend,0.25
GODREJCP,2005-05-04,dividend,0.4167
GODREJCP,2005-07-28,dividend,0.25
GODREJCP,2005-10-27,dividend,0.25
GODREJCP,2006-01-25,dividend,0.25
GODREJCP,2006-05-04,dividend,0.4167
GODREJCP,2006-07-27,dividend,0.25
GODREJCP,2006-08-24,split,4
GODREJCP,2006-11-06,dividend,0.25
GODREJCP,2007-01-25,dividend,0.3333
GODREJCP,2007-05-03,dividend,0.4167
GODREJCP,2007-08-07,dividend,0.25
GODREJCP,2007-10-30,dividend,0.25
GODREJCP,2008-01-23,dividend,0.3333
GODREJCP,2008-05-05,dividend,0.25
GODREJCP,2008-08-01,dividend,0.5
GODREJCP,2008-10-31,dividend,0.25
GODREJCP,2009-01-29,dividend,0.3333
GODREJCP,2009-05-11,dividend,0.25
GODREJCP,2009-08-03,dividend,0.5833
GODREJCP,2009-11-13,dividend,0.3333
GODREJCP,2010-02-01,dividend,0.3333
GODREJCP,2010-05-03,dividend,0.4167
GODREJCP,2010-07-30,dividend,0.3333
GODREJCP,2010-11-08,dividend,0.3333
GODREJCP,2011-01-28,dividend,0.3333
GODREJCP,2011-05-09,dividend,0.5
GODREJCP,2011-07-29,dividend,0.3333
GODREJCP,2011-11-01,dividend,0.3333
GODREJCP,2012-01-30,dividend,0.3333
GODREJCP,2012-05-09,dividend,0.5833
GODREJCP,2012-08-10,dividend,0.3333
GODREJCP,2012-11-08,dividend,0.3333
GODREJCP,2013-02-07,dividend,0.3333
GODREJCP,2013-05-08,dividend,0.6667
GODREJCP,2013-08-08,dividend,0.3333
GODREJCP,2013-11-18,dividend,0.3333
GODREJCP,2014-02-07,dividend,0.3333
GODREJCP,2014-05-06,dividend,0.75
GODREJCP,2014-08-01,dividend,0.3333
GODREJCP,2014-11-11,dividend,0.3333
GODREJCP,2015-02-12,dividend,0.3333
GODREJCP,2015-05-05,dividend,0.8333
GODREJCP,2015-08-05,dividend,0.3333
GODREJCP,2015-10-30,dividend,0.3333
GODREJCP,2016-02-03,dividend,0.3333
GODREJCP,2016-05-10,dividend,0.9167
GODREJCP,2016-08-05,dividend,0.3333
GODREJCP,2016-11-15,dividend,0.3333
GODREJCP,2017-02-06,dividend,0.3333
GODREJCP,2017-05-16,dividend,4
GODREJCP,2017-06-22,split,2
GODREJCP,2017-08-07,dividend,0.6667
GODREJCP,2017-11-08,dividend,0.6667
GODREJCP,2018-02-06,dividend,0.6667
GODREJCP,2018-05-15,dividend,4.6667
GODREJCP,2018-08-06,dividend,1.3333
GODREJCP,2018-09-12,split,1.5
GODREJCP,2018-11-13,dividend,4
GODREJCP,2019-02-05,dividend,2
GODREJCP,2019-05-10,dividend,2
GODREJCP,2019-08-08,dividend,2
GODREJCP,2019-11-14,dividend,2
GODREJCP,2020-02-05,dividend,2
GODREJCP,2023-11-09,dividend,5
GODREJCP,2024-05-14,dividend,10
GODREJCP,2024-08-16,dividend,5
GODREJCP,2024-10-31,dividend,5
GODREJCP,2025-02-03,dividend,5
GODREJCP,2025-05-13,dividend,5
GODREJCP,2025-08-13,dividend,5
GODREJCP,2025-11-07,dividend,5
GODREJCP,2026-01-30,dividend,5
GODREJCP,2026-05-12,dividend,5
GODREJCP,2026-08-13,dividend,5
GODREJIND,2005-07-15,dividend,0.6661
GODREJIND,2006-07-13,dividend,0.8327
GODREJIND,2006-08-25,split,6
GODREJIND,2007-07-18,dividend,0.9992
GODREJIND,2008-07-18,dividend,1.249
GODREJIND,2009-07-20,dividend,1.249
GODREJIND,2010-07-16,dividend,1.4988
GODREJIND,2011-07-21,dividend,1.7486
GODREJIND,2012-08-02,dividend,1.7486
GODREJIND,2013-08-01,dividend,1.7486
GODREJIND,2014-07-31,dividend,1.7486
GODREJIND,2015-01-05,split,1.0008
GODREJIND,2015-07-31,dividend,1.75
GODREJIND,2016-03-15,dividend,1.75
GODREJIND,2017-08-02,dividend,1.75
GODREJIND,2018-08-02,dividend,1.75
GODREJIND,2019-08-02,dividend,1.15
GODREJPROP,2010-07-08,dividend,1.8601
GODREJPROP,2011-07-14,dividend,2.0926
GODREJPROP,2012-07-19,dividend,1.395
GODREJPROP,2013-07-02,dividend,1.8601
GODREJPROP,2013-11-21,split,2
GODREJPROP,2014-07-28,dividend,2
GODREJPROP,2015-07-27,dividend,2
GODREJPROP,2026-07-28,dividend,10
GRASIM,2005-06-29,dividend,3.1873
GRASIM,2006-08-09,dividend,3.9842
GRASIM,2007-03-15,dividend,5.4782
GRASIM,2008-07-22,dividend,5.9762
GRASIM,2009-07-24,dividend,5.9762
GRASIM,2010-08-10,dividend,5.9762
GRASIM,2011-09-06,dividend,3.9842
GRASIM,2012-08-27,dividend,4.4822
GRASIM,2013-07-31,dividend,4.4822
GRASIM,2014-08-20,dividend,4.1834
GRASIM,2015-09-03,dividend,3.5857
GRASIM,2016-09-07,dividend,4.4822
GRASIM,2016-10-06,split,5
GRASIM,2017-09-08,dividend,5.4782
GRASIM,2018-08-31,dividend,6.1754
GRASIM,2019-08-08,dividend,6.9723
GRASIM,2020-08-26,dividend,3.9842
GRASIM,2021-08-12,dividend,8.9644
GRASIM,2022-08-11,dividend,9.9604
GRASIM,2023-08-11,dividend,9.9604
GRASIM,2024-08-06,dividend,10
GRASIM,2025-08-12,dividend,10
GRASIM,2026-08-07,dividend,10
GVT&D,2007-10-22,dividend,1.2
GVT&D,2008-04-15,dividend,1.8
GVT&D,2008-10-22,split,5
GVT&D,2009-04-29,dividend,1.8
GVT&D,2010-04-13,dividend,1.8
GVT&D,2011-04-26,dividend,1.8
GVT&D,2012-07-16,dividend,1.8
GVT&D,2013-06-24,dividend,1.8
GVT&D,2014-06-25,dividend,1.8
GVT&D,2015-07-15,dividend,1.8
GVT&D,2016-07-18,dividend,1.8
GVT&D,2017-07-17,dividend,1.8
GVT&D,2018-07-17,dividend,1.8
GVT&D,2019-07-16,dividend,1.8
GVT&D,2024-08-28,dividend,2
GVT&D,2025-08-22,dividend,5
GVT&D,2026-08-21,dividend,10
HAL,2019-03-28,dividend,9.9
HAL,2020-03-23,dividend,16.625
HAL,2020-12-17,dividend,7.5
HAL,2021-03-05,dividend,7.5
HAL,2021-11-23,dividend,7
HAL,2022-02-17,dividend,13
HAL,2022-08-19,dividend,5
HAL,2022-11-18,dividend,10
HAL,2023-03-20,dividend,10
HAL,2023-08-24,dividend,7.5
HAL,2023-09-28,split,2
HAL,2024-02-20,dividend,22
HAL,2024-08-21,dividend,13
HAL,2025-02-18,dividend,25
HAL,2025-08-21,dividend,15
HAL,2026-02-18,dividend,35
HAL,2026-08-14,dividend,10
HAVELLS,2005-06-24,dividend,0.0625
HAVELLS,2005-08-04,split,2
HAVELLS,2006-06-05,dividend,0.125
HAVELLS,2006-07-20,split,2
HAVELLS,2007-06-20,dividend,0.25
HAVELLS,2008-06-26,dividend,0.25
HAVELLS,2009-08-12,dividend,0.25
HAVELLS,2010-02-09,dividend,0.125
HAVELLS,2010-09-06,dividend,0.25
HAVELLS,2010-10-08,split,2
HAVELLS,2011-07-22,dividend,0.5
HAVELLS,2012-07-04,dividend,1.3
HAVELLS,2013-06-20,dividend,1.5
HAVELLS,2014-03-19,dividend,1
HAVELLS,2014-06-26,dividend,2
HAVELLS,2014-08-26,split,5
HAVELLS,2015-06-29,dividend,3
HAVELLS,2016-02-10,dividend,3
HAVELLS,2016-06-29,dividend,3
HAVELLS,2017-06-21,dividend,3.5
HAVELLS,2018-07-04,dividend,4
HAVELLS,2019-07-18,dividend,4.5
HAVELLS,2020-03-16,dividend,4
HAVELLS,2021-01-28,dividend,3
HAVELLS,2021-06-17,dividend,3.5
HAVELLS,2021-10-27,dividend,3
HAVELLS,2022-06-14,dividend,4.5
HAVELLS,2023-01-25,dividend,3
HAVELLS,2023-06-02,dividend,4.5
HAVELLS,2024-02-01,dividend,3
HAVELLS,2024-05-31,dividend,6
HAVELLS,2025-01-22,dividend,4
HAVELLS,2025-05-23,dividend,6
HAVELLS,2026-01-23,dividend,4
HAVELLS,2026-05-22,dividend,6
HCLTECH,2005-02-01,dividend,0.5
HCLTECH,2005-04-29,dividend,0.5
HCLTECH,2005-10-31,dividend,0.5
HCLTECH,2005-12-06,dividend,0.5
HCLTECH,2006-01-24,dividend,0.5
HCLTECH,2006-04-25,dividend,0.5
HCLTECH,2006-10-20,dividend,0.5
HCLTECH,2006-12-04,dividend,0.5
HCLTECH,2007-01-19,dividend,0.5
HCLTECH,2007-03-15,split,2
HCLTECH,2007-04-23,dividend,0.5
HCLTECH,2007-10-23,dividend,0.5
HCLTECH,2007-11-30,dividend,0.5
HCLTECH,2008-01-23,dividend,0.5
HCLTECH,2008-04-21,dividend,0.5
HCLTECH,2008-10-22,dividend,1.5
HCLTECH,2009-01-28,dividend,0.5
HCLTECH,2009-04-24,dividend,0.25
HCLTECH,2009-10-30,dividend,0.25
HCLTECH,2009-12-02,dividend,0.25
HCLTECH,2010-01-29,dividend,0.25
HCLTECH,2010-04-26,dividend,0.25
HCLTECH,2010-10-22,dividend,0.625
HCLTECH,2011-01-24,dividend,0.5
HCLTECH,2011-04-25,dividend,0.5
HCLTECH,2011-10-21,dividend,1
HCLTECH,2012-01-20,dividend,0.5
HCLTECH,2012-04-23,dividend,0.5
HCLTECH,2012-10-19,dividend,1
HCLTECH,2013-01-21,dividend,0.5
HCLTECH,2013-04-22,dividend,0.5
HCLTECH,2013-10-22,dividend,0.5
HCLTECH,2013-12-18,dividend,1.5
HCLTECH,2014-01-22,dividend,1
HCLTECH,2014-04-22,dividend,1
HCLTECH,2014-08-05,dividend,3
HCLTECH,2014-10-21,dividend,1.5
HCLTECH,2015-02-04,dividend,2
HCLTECH,2015-03-19,split,2
HCLTECH,2015-04-24,dividend,2
HCLTECH,2015-08-07,dividend,2.5
HCLTECH,2015-10-23,dividend,2.5
HCLTECH,2016-01-27,dividend,3
HCLTECH,2016-05-05,dividend,3
HCLTECH,2016-08-10,dividend,3
HCLTECH,2016-10-27,dividend,3
HCLTECH,2017-02-01,dividend,3
HCLTECH,2017-05-24,dividend,3
HCLTECH,2017-08-03,dividend,1
HCLTECH,2017-11-01,dividend,1
HCLTECH,2018-01-29,dividend,1
HCLTECH,2018-05-09,dividend,1
HCLTECH,2018-08-02,dividend,1
HCLTECH,2018-10-30,dividend,1
HCLTECH,2019-02-05,dividend,1
HCLTECH,2019-05-16,dividend,1
HCLTECH,2019-08-14,dividend,1
HCLTECH,2019-10-31,dividend,1
HCLTECH,2019-12-05,split,2
HCLTECH,2020-01-24,dividend,2
HCLTECH,2020-07-23,dividend,2
HCLTECH,2020-09-14,dividend,2
HCLTECH,2020-10-22,dividend,4
HCLTECH,2021-01-21,dividend,4
HCLTECH,2021-04-29,dividend,16
HCLTECH,2021-07-27,dividend,6
HCLTECH,2021-10-21,dividend,10
HCLTECH,2022-01-20,dividend,10
HCLTECH,2022-04-28,dividend,18
HCLTECH,2022-07-19,dividend,10
HCLTECH,2022-10-19,dividend,10
HCLTECH,2023-01-19,dividend,10
HCLTECH,2023-04-28,dividend,18
HCLTECH,2023-07-20,dividend,10
HCLTECH,2023-10-20,dividend,12
HCLTECH,2024-01-19,dividend,12
HCLTECH,2024-05-07,dividend,18
HCLTECH,2024-07-23,dividend,12
HCLTECH,2024-10-22,dividend,12
HCLTECH,2025-01-17,dividend,18
HCLTECH,2025-04-28,dividend,18
HCLTECH,2025-07-18,dividend,12
HCLTECH,2025-10-17,dividend,12
HCLTECH,2026-01-16,dividend,12
HCLTECH,2026-04-24,dividend,24
HCLTECH,2026-07-17,dividend,12
HDBFS,2025-10-24,dividend,2
HDBFS,2026-06-18,dividend,2
HDFCAMC,2019-03-06,dividend,6
HDFCAMC,2019-07-04,dividend,6
HDFCAMC,2020-07-09,dividend,14
HDFCAMC,2021-06-29,dividend,17
HDFCAMC,2022-06-09,dividend,21
HDFCAMC,2023-06-09,dividend,24
HDFCAMC,2024-06-18,dividend,35
HDFCAMC,2025-06-06,dividend,45
HDFCAMC,2025-11-26,split,2
HDFCAMC,2026-06-05,dividend,54
HDFCBANK,2005-05-26,dividend,0.225
HDFCBANK,2006-05-11,dividend,0.275
HDFCBANK,2007-05-17,dividend,0.35
HDFCBANK,2008-04-29,dividend,0.425
HDFCBANK,2009-06-22,dividend,0.5
HDFCBANK,2010-06-10,dividend,0.6
HDFCBANK,2011-06-02,dividend,0.825
HDFCBANK,2011-07-14,split,5
HDFCBANK,2012-06-28,dividend,1.075
HDFCBANK,2013-06-13,dividend,1.375
HDFCBANK,2014-06-05,dividend,1.7125
HDFCBANK,2015-07-02,dividend,2
HDFCBANK,2016-06-29,dividend,2.375
HDFCBANK,2017-06-29,dividend,2.75
HDFCBANK,2018-05-31,dividend,3.25
HDFCBANK,2019-06-20,dividend,3.75
HDFCBANK,2019-08-01,dividend,1.25
HDFCBANK,2019-09-19,split,2
HDFCBANK,2021-06-29,dividend,3.25
HDFCBANK,2022-05-12,dividend,7.75
HDFCBANK,2023-05-16,dividend,9.5
HDFCBANK,2024-05-10,dividend,9.75
HDFCBANK,2025-06-27,dividend,11
HDFCBANK,2025-07-25,dividend,2.5
HDFCBANK,2025-08-26,split,2
HDFCBANK,2026-06-19,dividend,13
HDFCLIFE,2017-12-15,dividend,1.36
HDFCLIFE,2019-03-14,dividend,1.63
HDFCLIFE,2021-06-30,dividend,2.02
HDFCLIFE,2022-05-31,dividend,1.7
HDFCLIFE,2023-06-16,dividend,1.9
HDFCLIFE,2024-06-21,dividend,2
HDFCLIFE,2025-06-20,dividend,2.1
HDFCLIFE,2026-06-19,dividend,2.1
HEROMOTOCO,2005-07-20,dividend,20
HEROMOTOCO,2006-08-14,dividend,20
HEROMOTOCO,2007-07-10,dividend,17
HEROMOTOCO,2008-09-09,dividend,19
HEROMOTOCO,2009-08-28,dividend,20
HEROMOTOCO,2010-04-13,dividend,80
HEROMOTOCO,2010-08-30,dividend,30
HEROMOTOCO,2011-04-20,dividend,70
HEROMOTOCO,2011-08-25,dividend,35
HEROMOTOCO,2012-08-07,dividend,45
HEROMOTOCO,2013-09-03,dividend,60
HEROMOTOCO,2014-07-03,dividend,65
HEROMOTOCO,2014-08-08,dividend,30
HEROMOTOCO,2015-06-01,dividend,30
HEROMOTOCO,2016-03-21,dividend,40
HEROMOTOCO,2016-09-15,dividend,32
HEROMOTOCO,2017-03-16,dividend,55
HEROMOTOCO,2017-06-30,dividend,30
HEROMOTOCO,2018-02-15,dividend,55
HEROMOTOCO,2018-07-11,dividend,40
HEROMOTOCO,2019-02-11,dividend,55
HEROMOTOCO,2019-07-16,dividend,32
HEROMOTOCO,2020-02-17,dividend,65
HEROMOTOCO,2020-07-30,dividend,25
HEROMOTOCO,2021-02-15,dividend,70
HEROMOTOCO,2021-07-22,dividend,35
HEROMOTOCO,2022-02-21,dividend,60
HEROMOTOCO,2022-07-27,dividend,35
HEROMOTOCO,2023-02-17,dividend,65
HEROMOTOCO,2023-07-27,dividend,35
HEROMOTOCO,2024-02-21,dividend,100
HEROMOTOCO,2024-08-01,dividend,40
HEROMOTOCO,2025-02-12,dividend,100
HEROMOTOCO,2025-07-24,dividend,65
HEROMOTOCO,2026-02-11,dividend,110
HEROMOTOCO,2026-07-24,dividend,75
HEXT,2025-04-15,dividend,5.75
HEXT,2025-10-10,dividend,5.75
HEXT,2026-05-05,dividend,8.5
HINDALCO,2005-06-29,dividend,1.7023
HINDALCO,2005-08-30,split,10
HINDALCO,2006-07-14,dividend,1.9939
HINDALCO,2007-03-16,dividend,1.5407
HINDALCO,2008-08-28,dividend,1.85
HINDALCO,2009-09-10,dividend,1.35
HINDALCO,2010-08-24,dividend,1.35
HINDALCO,2011-09-14,dividend,1.5
HINDALCO,2012-08-31,dividend,1.55
HINDALCO,2013-08-30,dividend,1.4
HINDALCO,2014-09-08,dividend,1
HINDALCO,2015-09-07,dividend,1
HINDALCO,2016-09-06,dividend,1
HINDALCO,2017-09-05,dividend,1.1
HINDALCO,2018-09-12,dividend,1.2
HINDALCO,2019-08-14,dividend,1.2
HINDALCO,2020-09-03,dividend,1
HINDALCO,2021-08-12,dividend,3
HINDALCO,2022-08-11,dividend,4
HINDALCO,2023-08-14,dividend,3
HINDALCO,2024-08-09,dividend,3.5
HINDALCO,2025-08-08,dividend,5
HINDALCO,2026-07-10,dividend,5
HINDPETRO,2005-09-02,dividend,1.4815
HINDPETRO,2006-08-18,dividend,0.4444
HINDPETRO,2006-12-27,dividend,0.8889
HINDPETRO,2007-08-17,dividend,1.7778
HINDPETRO,2008-09-02,dividend,0.4444
HINDPETRO,2009-08-13,dividend,0.7778
HINDPETRO,2010-09-03,dividend,1.7778
HINDPETRO,2011-09-08,dividend,2.0741
HINDPETRO,2012-08-30,dividend,1.2593
HINDPETRO,2013-08-14,dividend,1.2593
HINDPETRO,2014-08-12,dividend,2.2963
HINDPETRO,2015-09-02,dividend,3.6296
HINDPETRO,2016-02-11,dividend,1.7037
HINDPETRO,2016-03-17,dividend,1.037
HINDPETRO,2016-07-28,dividend,2.3704
HINDPETRO,2016-09-14,split,3
HINDPETRO,2017-03-01,dividend,10
HINDPETRO,2017-03-24,dividend,2.8444
HINDPETRO,2017-07-11,dividend,0.4889
HINDPETRO,2017-07-11,split,1.5
HINDPETRO,2018-02-28,dividend,9.6667
HINDPETRO,2018-06-28,dividend,1.6667
HINDPETRO,2019-02-14,dividend,4.3333
HINDPETRO,2019-06-06,dividend,6.2667
HINDPETRO,2020-07-02,dividend,6.5
HINDPETRO,2021-07-08,dividend,15.1667
HINDPETRO,2022-08-22,dividend,9.3333
HINDPETRO,2024-02-07,dividend,10
HINDPETRO,2024-06-21,split,1.5
HINDPETRO,2024-08-09,dividend,11
HINDPETRO,2025-08-14,dividend,10.5
HINDPETRO,2025-11-06,dividend,5
HINDPETRO,2026-08-14,dividend,19.25
HINDUNILVR,2005-06-07,dividend,2.5
HINDUNILVR,2005-08-08,dividend,2.5
HINDUNILVR,2006-04-28,dividend,2.5
HINDUNILVR,2006-08-08,dividend,3
HINDUNILVR,2007-04-20,dividend,3
HINDUNILVR,2007-08-07,dividend,3
HINDUNILVR,2007-11-07,dividend,3
HINDUNILVR,2008-03-17,dividend,3
HINDUNILVR,2008-08-04,dividend,3.5
HINDUNILVR,2009-06-12,dividend,4
HINDUNILVR,2009-11-06,dividend,3
HINDUNILVR,2010-07-08,dividend,3.5
HINDUNILVR,2010-11-01,dividend,3
HINDUNILVR,2011-07-08,dividend,3.5
HINDUNILVR,2011-11-04,dividend,3.5
HINDUNILVR,2012-07-04,dividend,4
HINDUNILVR,2012-11-01,dividend,12.5
HINDUNILVR,2013-07-10,dividend,6
HINDUNILVR,2013-10-31,dividend,5.5
HINDUNILVR,2014-06-11,dividend,7.5
HINDUNILVR,2014-10-31,dividend,6
HINDUNILVR,2015-06-19,dividend,9
HINDUNILVR,2015-10-19,dividend,6.5
HINDUNILVR,2016-06-22,dividend,9.5
HINDUNILVR,2016-11-01,dividend,7
HINDUNILVR,2017-06-22,dividend,10
HINDUNILVR,2017-11-01,dividend,8
HINDUNILVR,2018-06-21,dividend,12
HINDUNILVR,2018-10-25,dividend,9
HINDUNILVR,2019-06-20,dividend,13
HINDUNILVR,2019-10-23,dividend,11
HINDUNILVR,2020-06-19,dividend,14
HINDUNILVR,2020-07-30,dividend,9.5
HINDUNILVR,2020-10-28,dividend,14
HINDUNILVR,2021-06-14,dividend,17
HINDUNILVR,2021-10-26,dividend,15
HINDUNILVR,2022-06-15,dividend,19
HINDUNILVR,2022-11-01,dividend,17
HINDUNILVR,2023-06-19,dividend,22
HINDUNILVR,2023-11-02,dividend,18
HINDUNILVR,2024-06-14,dividend,24
HINDUNILVR,2024-11-06,dividend,29
HINDUNILVR,2025-06-23,dividend,24
HINDUNILVR,2025-11-07,dividend,19
HINDUNILVR,2026-06-23,dividend,22
HINDZINC,2007-02-08,dividend,0.25
HINDZINC,2007-09-12,dividend,0.25
HINDZINC,2007-11-08,dividend,0.25
HINDZINC,2008-08-12,dividend,0.25
HINDZINC,2009-07-29,dividend,0.4
HINDZINC,2010-07-22,dividend,0.6
HINDZINC,2011-03-07,split,5
HINDZINC,2011-06-16,dividend,1
HINDZINC,2011-10-25,dividend,1.5
HINDZINC,2012-06-28,dividend,0.9
HINDZINC,2012-10-23,dividend,1.6
HINDZINC,2013-05-09,dividend,1.5
HINDZINC,2013-10-28,dividend,1.6
HINDZINC,2014-05-19,dividend,1.9
HINDZINC,2014-09-22,dividend,1.9
HINDZINC,2015-05-12,dividend,2.5
HINDZINC,2015-10-23,dividend,3.8
HINDZINC,2016-04-06,dividend,24
HINDZINC,2016-11-04,dividend,1.9
HINDZINC,2017-03-29,dividend,27.5
HINDZINC,2017-11-01,dividend,2
HINDZINC,2018-03-23,dividend,6
HINDZINC,2018-10-31,dividend,20
HINDZINC,2020-05-19,dividend,16.5
HINDZINC,2020-10-27,dividend,21.3
HINDZINC,2021-12-14,dividend,18
HINDZINC,2022-07-20,dividend,21
HINDZINC,2022-11-23,dividend,15.5
HINDZINC,2023-01-30,dividend,13
HINDZINC,2023-03-29,dividend,26
HINDZINC,2023-07-14,dividend,7
HINDZINC,2023-12-14,dividend,6
HINDZINC,2024-05-15,dividend,10
HINDZINC,2024-08-28,dividend,19
HINDZINC,2025-06-17,dividend,10
HINDZINC,2026-04-30,dividend,11
HONAUT,2005-04-08,dividend,5
HONAUT,2006-04-03,dividend,8
HONAUT,2007-03-29,dividend,10
HONAUT,2008-03-25,dividend,10
HONAUT,2010-03-31,dividend,10
HONAUT,2011-03-30,dividend,10
HONAUT,2012-04-03,dividend,10
HONAUT,2013-04-12,dividend,10
HONAUT,2014-04-10,dividend,10
HONAUT,2015-07-07,dividend,12.5
HONAUT,2016-08-02,dividend,10
HONAUT,2017-08-01,dividend,10
HONAUT,2018-07-27,dividend,32
HONAUT,2019-08-01,dividend,45
HONAUT,2020-08-10,dividend,75
HONAUT,2021-08-10,dividend,85
HONAUT,2022-08-08,dividend,90
HONAUT,2023-08-03,dividend,95
HONAUT,2024-07-24,dividend,100
HONAUT,2025-06-16,dividend,105
HONAUT,2026-07-17,dividend,110
HUDCO,2017-09-14,dividend,0.05
HUDCO,2018-03-08,dividend,0.55
HUDCO,2019-03-20,dividend,0.675
HUDCO,2019-09-12,dividend,0.15
HUDCO,2020-03-26,dividend,0.75
HUDCO,2020-09-10,dividend,2.35
HUDCO,2021-03-25,dividend,0.75
HUDCO,2021-09-16,dividend,1.425
HUDCO,2022-03-29,dividend,0.75
HUDCO,2022-09-15,dividend,2.75
HUDCO,2023-03-21,dividend,0.75
HUDCO,2023-09-08,dividend,3.1
HUDCO,2024-03-28,dividend,1.5
HUDCO,2024-09-13,dividend,2.65
HUDCO,2025-01-30,dividend,2.05
HUDCO,2025-03-13,dividend,1.05
HUDCO,2025-08-14,dividend,1.15
HUDCO,2025-09-08,dividend,1.05
HUDCO,2025-11-19,dividend,1
HUDCO,2026-02-06,dividend,1.15
HUDCO,2026-03-27,dividend,1.25
HUDCO,2026-07-31,dividend,1.25
HUDCO,2026-08-17,dividend,1.5
HYUNDAI,2025-08-05,dividend,21
HYUNDAI,2026-08-05,dividend,21
ICICIAMC,2026-01-21,dividend,14.85
ICICIAMC,2026-06-12,dividend,12.4
ICICIBANK,2005-08-04,dividend,1.5455
ICICIBANK,2006-07-06,dividend,1.5455
ICICIBANK,2007-06-14,dividend,1.8182
ICICIBANK,2008-07-10,dividend,2
ICICIBANK,2009-06-11,dividend,2
ICICIBANK,2010-06-10,dividend,2.1818
ICICIBANK,2011-06-02,dividend,2.5455
ICICIBANK,2012-05-31,dividend,3
ICICIBANK,2013-05-30,dividend,3.6364
ICICIBANK,2014-06-04,dividend,4.1818
ICICIBANK,2014-06-05,dividend,4.1818
ICICIBANK,2014-12-04,split,5
ICICIBANK,2015-06-04,dividend,4.5455
ICICIBANK,2016-06-16,dividend,4.5455
ICICIBANK,2017-06-20,dividend,2.2727
ICICIBANK,2017-06-20,split,1.1
ICICIBANK,2018-08-24,dividend,1.5
ICICIBANK,2019-07-22,dividend,1
ICICIBANK,2021-07-29,dividend,2
ICICIBANK,2022-08-08,dividend,5
ICICIBANK,2023-08-09,dividend,8
ICICIBANK,2024-08-12,dividend,10
ICICIBANK,2025-08-12,dividend,11
ICICIBANK,2026-08-03,dividend,12
ICICIGI,2017-10-26,dividend,0.75
ICICIGI,2018-07-04,dividend,2.5
ICICIGI,2018-10-29,dividend,2.5
ICICIGI,2019-06-19,dividend,3.5
ICICIGI,2019-10-31,dividend,3.5
ICICIGI,2021-03-18,dividend,4
ICICIGI,2021-08-02,dividend,4
ICICIGI,2021-10-29,dividend,4
ICICIGI,2022-07-28,dividend,5
ICICIGI,2022-10-27,dividend,4.5
ICICIGI,2023-06-12,dividend,5.5
ICICIGI,2023-10-27,dividend,5
ICICIGI,2024-06-07,dividend,6
ICICIGI,2024-10-28,dividend,5.5
ICICIGI,2025-06-06,dividend,7
ICICIGI,2025-10-23,dividend,6.5
ICICIGI,2026-05-29,dividend,7
ICICIPRULI,2016-11-02,dividend,1.75
ICICIPRULI,2017-07-07,dividend,3.5
ICICIPRULI,2017-11-02,dividend,3.4
ICICIPRULI,2018-06-18,dividend,3.3
ICICIPRULI,2018-11-01,dividend,1.6
ICICIPRULI,2019-07-09,dividend,1.55
ICICIPRULI,2019-10-31,dividend,0.8
ICICIPRULI,2021-06-16,dividend,2
ICICIPRULI,2022-06-16,dividend,0.55
ICICIPRULI,2023-07-13,dividend,0.6
ICICIPRULI,2024-06-13,dividend,0.6
ICICIPRULI,2025-06-12,dividend,0.85
ICICIPRULI,2026-06-05,dividend,1.65
IDEA,2013-09-05,dividend,0.1809
IDEA,2014-09-18,dividend,0.2412
IDEA,2015-09-18,dividend,0.3618
IDEA,2016-09-22,dividend,0.3618
IDFCFIRSTB,2016-07-19,dividend,0.25
IDFCFIRSTB,2017-07-20,dividend,0.75
IDFCFIRSTB,2018-07-23,dividend,0.75
IDFCFIRSTB,2025-07-11,dividend,0.25
IDFCFIRSTB,2026-08-07,dividend,0.25
INDHOTEL,2005-07-05,dividend,0.9075
INDHOTEL,2006-07-14,dividend,1.1797
INDHOTEL,2006-10-27,split,10
INDHOTEL,2007-07-18,dividend,1.452
INDHOTEL,2008-04-22,dividend,1.7242
INDHOTEL,2009-07-17,dividend,1.089
INDHOTEL,2010-07-23,dividend,0.9075
INDHOTEL,2011-07-20,dividend,0.9075
INDHOTEL,2012-07-18,dividend,0.9075
INDHOTEL,2013-07-17,dividend,0.726
INDHOTEL,2016-08-12,dividend,0.2722
INDHOTEL,2017-08-11,dividend,0.3176
INDHOTEL,2018-07-11,dividend,0.3879
INDHOTEL,2019-06-12,dividend,0.4848
INDHOTEL,2020-07-17,dividend,0.4848
INDHOTEL,2021-06-14,dividend,0.3879
INDHOTEL,2022-06-22,dividend,0.4
INDHOTEL,2023-06-09,dividend,1
INDHOTEL,2024-06-07,dividend,1.75
INDHOTEL,2025-06-30,dividend,2.25
INDHOTEL,2026-06-23,dividend,3.25
INDIANB,2007-06-15,dividend,3
INDIANB,2008-05-22,dividend,4
INDIANB,2009-03-09,dividend,2
INDIANB,2009-06-18,dividend,3
INDIANB,2010-03-04,dividend,2.5
INDIANB,2010-06-07,dividend,4
INDIANB,2011-05-30,dividend,7.5
INDIANB,2012-06-25,dividend,7.5
INDIANB,2013-06-24,dividend,6.6
INDIANB,2014-01-20,dividend,3
INDIANB,2014-06-23,dividend,1.7
INDIANB,2015-06-23,dividend,4.2
INDIANB,2016-06-23,dividend,1.5
INDIANB,2017-06-02,dividend,6
INDIANB,2018-06-21,dividend,6
INDIANB,2021-07-08,dividend,2
INDIANB,2022-06-14,dividend,6.5
INDIANB,2023-06-12,dividend,8.6
INDIANB,2024-06-07,dividend,12
INDIANB,2025-06-10,dividend,16.25
INDIANB,2026-06-10,dividend,18.25
INDIGO,2016-09-12,dividend,15
INDIGO,2017-08-18,dividend,34
INDIGO,2018-08-02,dividend,6
INDIGO,2019-08-19,dividend,5
INDIGO,2025-08-13,dividend,10
INDUSINDBK,2005-08-18,dividend,1.8
INDUSINDBK,2007-08-31,dividend,0.6
INDUSINDBK,2008-09-04,dividend,0.6
INDUSINDBK,2009-06-22,dividend,1.2
INDUSINDBK,2010-06-17,dividend,1.8
INDUSINDBK,2011-06-30,dividend,2
INDUSINDBK,2012-07-05,dividend,2.2
INDUSINDBK,2013-06-17,dividend,3
INDUSINDBK,2014-06-16,dividend,3.5
INDUSINDBK,2015-08-07,dividend,4
INDUSINDBK,2016-06-23,dividend,4.5
INDUSINDBK,2017-07-18,dividend,6
INDUSINDBK,2018-06-13,dividend,7.5
INDUSINDBK,2018-07-18,dividend,7.5
INDUSINDBK,2019-08-08,dividend,7.5
INDUSINDBK,2021-08-17,dividend,5
INDUSINDBK,2022-08-11,dividend,8.5
INDUSINDBK,2023-06-02,dividend,14
INDUSINDBK,2024-06-28,dividend,16.5
INDUSINDBK,2026-06-25,dividend,1.5
INDUSTOWER,2013-06-20,dividend,3
INDUSTOWER,2014-07-24,dividend,8.9
INDUSTOWER,2015-08-03,dividend,6.5
INDUSTOWER,2016-08-09,dividend,3
INDUSTOWER,2017-03-31,dividend,12
INDUSTOWER,2017-07-20,dividend,4
INDUSTOWER,2018-07-19,dividend,14
INDUSTOWER,2018-11-01,dividend,7.5
INDUSTOWER,2019-05-07,dividend,7.5
INDUSTOWER,2019-08-22,dividend,3.65
INDUSTOWER,2019-12-19,dividend,2.75
INDUSTOWER,2020-05-05,dividend,4.1
INDUSTOWER,2020-08-05,dividend,2.3
INDUSTOWER,2021-02-08,dividend,17.82
INDUSTOWER,2022-05-13,dividend,11
INDUSTOWER,2026-08-10,dividend,14
INFY,2005-06-01,dividend,0.4062
INFY,2005-10-17,dividend,0.4062
INFY,2006-05-25,dividend,2.4062
INFY,2006-07-13,split,2
INFY,2006-10-19,dividend,0.625
INFY,2007-06-06,dividend,0.8125
INFY,2007-10-18,dividend,0.75
INFY,2008-05-29,dividend,3.4062
INFY,2008-10-16,dividend,1.25
INFY,2009-06-04,dividend,1.6875
INFY,2009-10-15,dividend,1.25
INFY,2010-05-26,dividend,1.875
INFY,2010-10-21,dividend,5
INFY,2011-05-26,dividend,2.5
INFY,2011-10-20,dividend,1.875
INFY,2012-05-24,dividend,4
INFY,2012-10-18,dividend,1.875
INFY,2013-05-30,dividend,3.375
INFY,2013-10-17,dividend,2.5
INFY,2014-05-29,dividend,5.375
INFY,2014-10-16,dividend,3.75
INFY,2014-12-02,split,2
INFY,2015-06-15,dividend,7.375
INFY,2015-06-15,split,2
INFY,2015-10-16,dividend,5
INFY,2016-06-09,dividend,7.125
INFY,2016-10-21,dividend,5.5
INFY,2017-06-01,dividend,7.375
INFY,2017-10-31,dividend,6.5
INFY,2018-06-14,dividend,15.25
INFY,2018-09-04,split,2
INFY,2018-10-25,dividend,7
INFY,2019-01-24,dividend,4
INFY,2019-06-13,dividend,10.5
INFY,2019-10-23,dividend,8
INFY,2020-05-29,dividend,9.5
INFY,2020-10-23,dividend,12
INFY,2021-05-31,dividend,15
INFY,2021-10-26,dividend,15
INFY,2022-05-31,dividend,16
INFY,2022-10-27,dividend,16.5
INFY,2023-06-02,dividend,17.5
INFY,2023-10-25,dividend,18
INFY,2024-05-31,dividend,28
INFY,2024-10-29,dividend,21
INFY,2025-05-30,dividend,22
INFY,2025-10-27,dividend,23
INFY,2026-06-10,dividend,25
IOC,2005-09-08,dividend,0.8333
IOC,2006-09-07,dividend,1.0417
IOC,2006-12-26,dividend,0.5
IOC,2007-09-10,dividend,1.0833
IOC,2008-09-09,dividend,0.4583
IOC,2009-09-02,dividend,0.625
IOC,2009-10-29,split,2
IOC,2010-09-08,dividend,2.1667
IOC,2011-09-15,dividend,1.5833
IOC,2012-09-05,dividend,0.8333
IOC,2013-08-22,dividend,1.0333
IOC,2014-08-14,dividend,1.45
IOC,2015-09-04,dividend,1.1
IOC,2016-02-23,dividend,0.9167
IOC,2016-09-02,dividend,1.4167
IOC,2016-10-18,split,2
IOC,2017-02-09,dividend,4.5
IOC,2017-03-24,dividend,1.5
IOC,2017-08-18,dividend,0.3333
IOC,2018-02-08,dividend,6.3333
IOC,2018-03-15,split,2
IOC,2018-08-20,dividend,1.3333
IOC,2018-12-21,dividend,4.5
IOC,2019-03-27,dividend,1
IOC,2019-08-21,dividend,0.6667
IOC,2020-03-23,dividend,2.8333
IOC,2021-02-09,dividend,5
IOC,2021-03-23,dividend,2
IOC,2021-08-05,dividend,1
IOC,2021-11-11,dividend,3.3333
IOC,2022-02-09,dividend,2.6667
IOC,2022-06-30,split,1.5
IOC,2022-08-11,dividend,2.4
IOC,2023-07-28,dividend,3
IOC,2023-11-10,dividend,5
IOC,2024-07-12,dividend,7
IOC,2025-08-08,dividend,3
IOC,2025-12-18,dividend,5
IOC,2026-03-12,dividend,2
IOC,2026-08-14,dividend,1.25
IPCALAB,2005-01-28,split,2
IPCALAB,2005-09-13,dividend,0.3
IPCALAB,2005-11-09,dividend,0.25
IPCALAB,2006-07-18,dividend,0.3
IPCALAB,2006-11-02,dividend,0.35
IPCALAB,2007-07-10,dividend,0.4
IPCALAB,2007-11-06,dividend,0.35
IPCALAB,2008-07-14,dividend,0.45
IPCALAB,2008-11-07,dividend,0.4
IPCALAB,2009-01-27,dividend,0.3
IPCALAB,2009-07-20,dividend,0.4
IPCALAB,2009-10-30,dividend,0.5
IPCALAB,2010-01-27,dividend,0.4
IPCALAB,2010-03-22,split,5
IPCALAB,2010-07-16,dividend,0.5
IPCALAB,2010-10-28,dividend,0.5
IPCALAB,2011-02-01,dividend,0.5
IPCALAB,2011-07-18,dividend,0.6
IPCALAB,2011-11-03,dividend,0.5
IPCALAB,2012-02-07,dividend,0.5
IPCALAB,2012-07-20,dividend,0.6
IPCALAB,2012-11-01,dividend,1
IPCALAB,2013-07-19,dividend,1
IPCALAB,2013-10-31,dividend,1.25
IPCALAB,2014-07-18,dividend,1.25
IPCALAB,2015-07-22,dividend,0.5
IPCALAB,2017-07-27,dividend,0.5
IPCALAB,2018-08-02,dividend,0.5
IPCALAB,2019-08-06,dividend,1.5
IPCALAB,2020-02-18,dividend,2.5
IPCALAB,2020-11-13,dividend,4
IPCALAB,2021-11-22,dividend,4
IPCALAB,2022-01-10,split,2
IPCALAB,2022-11-22,dividend,4
IPCALAB,2023-11-22,dividend,2
IPCALAB,2024-08-06,dividend,2
IPCALAB,2024-11-27,dividend,2
IPCALAB,2025-08-05,dividend,2
IPCALAB,2026-08-07,dividend,6
IRCTC,2020-02-24,dividend,2
IRCTC,2020-10-19,dividend,0.5
IRCTC,2021-09-21,dividend,1
IRCTC,2021-10-28,split,5
IRCTC,2022-02-17,dividend,2
IRCTC,2022-08-18,dividend,1.5
IRCTC,2023-02-22,dividend,3.5
IRCTC,2023-08-18,dividend,2
IRCTC,2023-11-17,dividend,2.5
IRCTC,2024-08-23,dividend,4
IRCTC,2024-11-14,dividend,4
IRCTC,2025-02-20,dividend,3
IRCTC,2025-08-22,dividend,1
IRCTC,2025-11-21,dividend,5
IRCTC,2026-02-20,dividend,3.5
IRCTC,2026-09-22,dividend,0.5
IREDA,2026-04-02,dividend,0.6
IREDA,2026-09-11,dividend,0.75
IRFC,2021-02-17,dividend,1.05
IRFC,2021-11-10,dividend,0.77
IRFC,2022-09-15,dividend,0.63
IRFC,2022-11-17,dividend,0.8
IRFC,2023-09-15,dividend,0.7
IRFC,2023-11-10,dividend,0.8
IRFC,2024-08-22,dividend,0.7
IRFC,2024-11-12,dividend,0.8
IRFC,2025-03-21,dividend,0.8
IRFC,2025-10-24,dividend,1.05
IRFC,2026-03-13,dividend,1.05
ITC,2005-07-18,dividend,0.6889
ITC,2005-09-21,split,10
ITC,2006-07-10,dividend,0.8833
ITC,2007-07-16,dividend,1.0333
ITC,2008-07-16,dividend,1.1667
ITC,2009-07-13,dividend,1.2333
ITC,2010-06-09,dividend,3.3333
ITC,2010-08-03,split,2
ITC,2011-06-10,dividend,2.9667
ITC,2012-06-11,dividend,3
ITC,2013-05-31,dividend,3.5
ITC,2014-06-03,dividend,4
ITC,2015-06-03,dividend,4.1667
ITC,2016-05-30,dividend,5.6667
ITC,2016-07-01,split,1.5
ITC,2017-06-05,dividend,4.75
ITC,2018-05-25,dividend,5.15
ITC,2019-05-22,dividend,5.75
ITC,2020-07-06,dividend,10.15
ITC,2021-02-22,dividend,5
ITC,2021-06-10,dividend,5.75
ITC,2022-02-14,dividend,5.25
ITC,2022-05-26,dividend,6.25
ITC,2023-02-15,dividend,6
ITC,2023-05-30,dividend,9.5
ITC,2024-02-08,dividend,6.25
ITC,2024-06-04,dividend,7.5
ITC,2025-02-12,dividend,6.5
ITC,2025-05-28,dividend,7.85
ITC,2026-02-04,dividend,6.5
ITC,2026-05-27,dividend,8
ITCHOTELS,2026-05-21,dividend,1
JINDALSTEL,2005-07-07,dividend,0.3333
JINDALSTEL,2005-11-02,dividend,0.1667
JINDALSTEL,2006-09-14,dividend,0.3333
JINDALSTEL,2007-02-05,dividend,0.2
JINDALSTEL,2007-09-06,dividend,0.4
JINDALSTEL,2008-01-21,split,5
JINDALSTEL,2008-02-27,dividend,0.25
JINDALSTEL,2008-09-12,dividend,0.4167
JINDALSTEL,2009-09-14,dividend,0.9167
JINDALSTEL,2009-09-14,split,6
JINDALSTEL,2010-09-13,dividend,1.25
JINDALSTEL,2011-09-12,dividend,1.5
JINDALSTEL,2012-09-10,dividend,1.6
JINDALSTEL,2013-09-13,dividend,1.6
JINDALSTEL,2014-07-11,dividend,1.5
JINDALSTEL,2022-03-16,dividend,1
JINDALSTEL,2022-09-20,dividend,2
JINDALSTEL,2023-08-18,dividend,2
JINDALSTEL,2024-08-22,dividend,2
JINDALSTEL,2025-08-22,dividend,2
JINDALSTEL,2026-08-21,dividend,2
JIOFIN,2025-08-11,dividend,0.5
JIOFIN,2026-08-10,dividend,0.6
JKCEMENT,2006-07-19,dividend,1.5
JKCEMENT,2007-08-14,dividend,3.5
JKCEMENT,2008-07-16,dividend,5
JKCEMENT,2009-07-20,dividend,3.5
JKCEMENT,2009-11-11,dividend,2.5
JKCEMENT,2010-07-16,dividend,3.5
JKCEMENT,2011-07-18,dividend,2
JKCEMENT,2012-07-23,dividend,5
JKCEMENT,2013-07-15,dividend,6.5
JKCEMENT,2014-07-14,dividend,3
JKCEMENT,2015-07-20,dividend,4
JKCEMENT,2016-07-26,dividend,4
JKCEMENT,2017-07-18,dividend,8
JKCEMENT,2018-07-17,dividend,10
JKCEMENT,2019-07-23,dividend,10
JKCEMENT,2020-03-11,dividend,7.5
JKCEMENT,2021-08-03,dividend,15
JKCEMENT,2022-08-02,dividend,15
JKCEMENT,2023-08-01,dividend,15
JKCEMENT,2024-07-09,dividend,20
JKCEMENT,2025-07-08,dividend,15
JKCEMENT,2026-07-10,dividend,20
JSL,2005-01-19,dividend,1.2
JSL,2005-04-28,dividend,1.2
JSL,2006-09-07,dividend,1.6
JSL,2007-03-29,dividend,1.6
JSL,2007-08-02,dividend,0.4
JSL,2008-08-13,dividend,2
JSL,2023-04-28,dividend,1
JSL,2023-09-15,dividend,1.5
JSL,2023-10-27,dividend,1
JSL,2024-08-30,dividend,2
JSL,2025-02-07,dividend,1
JSL,2025-08-22,dividend,2
JSL,2026-01-29,dividend,1
JSL,2026-08-21,dividend,3
JSWENERGY,2010-06-29,dividend,0.75
JSWENERGY,2011-06-16,dividend,1
JSWENERGY,2012-06-14,dividend,0.5
JSWENERGY,2013-07-12,dividend,2
JSWENERGY,2014-07-11,dividend,2
JSWENERGY,2015-07-10,dividend,2
JSWENERGY,2016-07-11,dividend,2
JSWENERGY,2017-06-30,dividend,0.5
JSWENERGY,2019-08-02,dividend,1
JSWENERGY,2020-08-04,dividend,1
JSWENERGY,2021-07-27,dividend,2
JSWENERGY,2022-05-30,dividend,2
JSWENERGY,2023-06-02,dividend,2
JSWENERGY,2024-05-31,dividend,2
JSWENERGY,2025-06-06,dividend,2
JSWENERGY,2026-06-05,dividend,2
JSWINFRA,2024-07-19,dividend,0.55
JSWINFRA,2025-07-01,dividend,0.8
JSWINFRA,2026-06-18,dividend,0.9
JSWSTEEL,2005-02-21,split,0.0437
JSWSTEEL,2005-04-29,dividend,0.5
JSWSTEEL,2006-06-15,dividend,0.8
JSWSTEEL,2007-03-20,dividend,1.25
JSWSTEEL,2008-05-21,dividend,1.4
JSWSTEEL,2009-06-29,dividend,0.1
JSWSTEEL,2010-06-14,dividend,0.95
JSWSTEEL,2011-07-11,dividend,1.225
JSWSTEEL,2012-07-12,dividend,0.75
JSWSTEEL,2013-07-15,dividend,1
JSWSTEEL,2014-07-07,dividend,1.1
JSWSTEEL,2015-07-06,dividend,1.1
JSWSTEEL,2016-07-04,dividend,0.75
JSWSTEEL,2017-01-04,split,10
JSWSTEEL,2017-06-12,dividend,2.25
JSWSTEEL,2018-07-06,dividend,3.2
JSWSTEEL,2019-07-08,dividend,4.1
JSWSTEEL,2020-07-06,dividend,2
JSWSTEEL,2021-07-05,dividend,6.5
JSWSTEEL,2022-07-04,dividend,17.35
JSWSTEEL,2023-07-11,dividend,3.4
JSWSTEEL,2024-07-09,dividend,7.3
JSWSTEEL,2025-07-08,dividend,2.8
JSWSTEEL,2026-07-07,dividend,7.1
JUBLFOOD,2015-08-26,dividend,0.25
JUBLFOOD,2016-08-24,dividend,0.25
JUBLFOOD,2017-08-18,dividend,0.25
JUBLFOOD,2018-06-21,split,2
JUBLFOOD,2018-09-18,dividend,0.5
JUBLFOOD,2019-09-16,dividend,1
JUBLFOOD,2020-03-09,dividend,1.2
JUBLFOOD,2021-08-06,dividend,1.2
JUBLFOOD,2022-04-19,split,5
JUBLFOOD,2022-07-08,dividend,1.2
JUBLFOOD,2023-07-12,dividend,1.2
JUBLFOOD,2024-07-12,dividend,1.2
JUBLFOOD,2025-07-18,dividend,1.2
JUBLFOOD,2026-07-17,dividend,1.2
KALYANKJIL,2023-08-04,dividend,0.5
KALYANKJIL,2024-08-09,dividend,1.2
KALYANKJIL,2025-09-04,dividend,1.5
KALYANKJIL,2026-09-11,dividend,2.5
KEI,2006-06-08,dividend,0.4
KEI,2006-12-29,split,5
KEI,2007-09-06,dividend,0.5
KEI,2008-08-14,dividend,0.5
KEI,2009-07-09,dividend,0.2
KEI,2010-08-17,dividend,0.2
KEI,2011-09-08,dividend,0.2
KEI,2012-09-06,dividend,0.2
KEI,2013-06-13,dividend,0.2
KEI,2014-09-11,dividend,0.2
KEI,2015-09-08,dividend,0.4
KEI,2016-08-29,dividend,0.5
KEI,2017-07-11,dividend,0.6
KEI,2018-09-11,dividend,1
KEI,2019-09-06,dividend,1.2
KEI,2020-03-19,dividend,1.5
KEI,2021-03-09,dividend,2
KEI,2022-02-07,dividend,2.5
KEI,2023-02-03,dividend,3
KEI,2024-03-19,dividend,3.5
KEI,2025-01-27,dividend,4
KEI,2026-01-28,dividend,4.5
KOTAKBANK,2005-07-15,dividend,0.025
KOTAKBANK,2005-08-25,split,2.5
KOTAKBANK,2006-07-07,dividend,0.03
KOTAKBANK,2007-06-22,dividend,0.035
KOTAKBANK,2008-07-14,dividend,0.0375
KOTAKBANK,2009-07-14,dividend,0.0375
KOTAKBANK,2010-06-30,dividend,0.0425
KOTAKBANK,2010-09-13,split,2
KOTAKBANK,2011-07-12,dividend,0.05
KOTAKBANK,2012-07-06,dividend,0.06
KOTAKBANK,2013-07-04,dividend,0.07
KOTAKBANK,2014-07-04,dividend,0.08
KOTAKBANK,2015-06-18,dividend,0.09
KOTAKBANK,2015-07-08,split,2
KOTAKBANK,2016-07-14,dividend,0.1
KOTAKBANK,2017-07-12,dividend,0.12
KOTAKBANK,2018-07-11,dividend,0.14
KOTAKBANK,2019-07-12,dividend,0.16
KOTAKBANK,2021-08-11,dividend,0.18
KOTAKBANK,2022-08-11,dividend,0.22
KOTAKBANK,2023-08-04,dividend,0.3
KOTAKBANK,2024-07-19,dividend,0.4
KOTAKBANK,2025-07-18,dividend,0.5
KOTAKBANK,2026-01-14,split,5
KOTAKBANK,2026-07-17,dividend,0.65
KPITTECH,2019-08-20,dividend,0.75
KPITTECH,2020-02-17,dividend,0.55
KPITTECH,2020-03-19,dividend,0.45
KPITTECH,2021-08-17,dividend,1.5
KPITTECH,2022-02-10,dividend,1.25
KPITTECH,2022-08-12,dividend,1.85
KPITTECH,2023-02-10,dividend,1.45
KPITTECH,2023-08-14,dividend,2.65
KPITTECH,2024-02-09,dividend,2.1
KPITTECH,2024-08-09,dividend,4.6
KPITTECH,2025-02-04,dividend,2.5
KPITTECH,2025-07-28,dividend,6
KPITTECH,2026-02-04,dividend,2.25
KPITTECH,2026-08-12,dividend,5.25
KPRMILL,2007-10-31,dividend,0.2
KPRMILL,2008-08-12,dividend,0.3
KPRMILL,2009-08-13,dividend,0.2
KPRMILL,2010-04-22,dividend,0.4
KPRMILL,2010-08-17,dividend,0.15
KPRMILL,2010-11-02,dividend,0.3
KPRMILL,2011-07-20,dividend,0.3
KPRMILL,2012-05-18,dividend,0.3
KPRMILL,2012-08-17,dividend,0.2
KPRMILL,2013-02-14,dividend,0.3
KPRMILL,2013-08-21,dividend,0.3
KPRMILL,2013-10-31,dividend,0.4
KPRMILL,2014-08-19,dividend,0.3
KPRMILL,2015-02-12,dividend,0.4
KPRMILL,2015-08-14,dividend,0.5
KPRMILL,2016-02-09,dividend,0.5
KPRMILL,2016-03-16,dividend,0.4
KPRMILL,2016-08-16,dividend,0.1
KPRMILL,2016-11-29,split,2
KPRMILL,2017-08-18,dividend,0.15
KPRMILL,2018-08-20,dividend,0.15
KPRMILL,2019-08-20,dividend,0.15
KPRMILL,2020-02-11,dividend,0.75
KPRMILL,2020-09-16,dividend,0.15
KPRMILL,2021-02-10,dividend,0.75
KPRMILL,2021-09-01,dividend,0.15
KPRMILL,2021-09-24,split,5
KPRMILL,2022-08-11,dividend,0.15
KPRMILL,2023-02-14,dividend,2
KPRMILL,2023-07-21,dividend,2
KPRMILL,2024-02-13,dividend,2.5
KPRMILL,2024-07-15,dividend,2.5
KPRMILL,2025-02-07,dividend,2.5
KPRMILL,2025-07-23,dividend,2.5
KPRMILL,2026-02-13,dividend,2.5
KPRMILL,2026-07-20,dividend,2.5
LAURUSLABS,2017-07-06,dividend,0.3
LAURUSLABS,2018-06-28,dividend,0.3
LAURUSLABS,2019-07-03,dividend,0.3
LAURUSLABS,2020-03-23,dividend,0.3
LAURUSLABS,2020-07-01,dividend,0.2
LAURUSLABS,2020-09-29,split,5
LAURUSLABS,2020-11-10,dividend,0.8
LAURUSLABS,2021-02-08,dividend,0.4
LAURUSLABS,2021-05-11,dividend,0.8
LAURUSLABS,2021-11-17,dividend,0.8
LAURUSLABS,2022-05-10,dividend,1.2
LAURUSLABS,2022-11-03,dividend,0.8
LAURUSLABS,2023-05-10,dividend,1.2
LAURUSLABS,2023-11-02,dividend,0.4
LAURUSLABS,2024-05-08,dividend,0.4
LAURUSLABS,2024-11-06,dividend,0.4
LAURUSLABS,2025-05-09,dividend,0.8
LAURUSLABS,2025-10-31,dividend,0.8
LAURUSLABS,2026-05-08,dividend,1.2
LICHSGFIN,2005-07-26,dividend,1
LICHSGFIN,2006-07-19,dividend,1.2
LICHSGFIN,2007-03-26,dividend,1
LICHSGFIN,2007-06-28,dividend,0.6
LICHSGFIN,2008-06-13,dividend,2
LICHSGFIN,2009-06-29,dividend,2.6
LICHSGFIN,2010-06-29,dividend,3
LICHSGFIN,2010-12-30,split,5
LICHSGFIN,2011-07-04,dividend,3.5
LICHSGFIN,2012-07-06,dividend,3.6
LICHSGFIN,2013-07-09,dividend,3.8
LICHSGFIN,2014-08-07,dividend,4.5
LICHSGFIN,2015-08-07,dividend,5
LICHSGFIN,2016-08-09,dividend,5.5
LICHSGFIN,2017-08-08,dividend,6.2
LICHSGFIN,2018-08-09,dividend,6.8
LICHSGFIN,2019-08-16,dividend,7.6
LICHSGFIN,2020-09-17,dividend,8
LICHSGFIN,2021-09-16,dividend,8.5
LICHSGFIN,2022-09-19,dividend,8.5
LICHSGFIN,2023-08-18,dividend,8.5
LICHSGFIN,2024-08-23,dividend,9
LICHSGFIN,2025-08-22,dividend,10
LICHSGFIN,2026-08-21,dividend,10
LICI,2022-08-25,dividend,0.75
LICI,2023-07-21,dividend,1.5
LICI,2024-02-21,dividend,2
LICI,2024-07-19,dividend,3
LICI,2025-07-25,dividend,6
LICI,2026-05-29,split,2
LICI,2026-06-25,dividend,10
LINDEINDIA,2005-07-13,dividend,0.75
LINDEINDIA,2006-07-12,dividend,1.5
LINDEINDIA,2007-07-13,dividend,1.25
LINDEINDIA,2008-05-15,dividend,0.5
LINDEINDIA,2008-05-15,split,2
LINDEINDIA,2009-05-18,dividend,1.5
LINDEINDIA,2010-05-14,dividend,1.5
LINDEINDIA,2011-05-20,dividend,1.5
LINDEINDIA,2012-05-04,dividend,1.5
LINDEINDIA,2013-05-06,dividend,1.5
LINDEINDIA,2014-05-12,dividend,1.5
LINDEINDIA,2015-04-30,dividend,1.5
LINDEINDIA,2016-05-06,dividend,0.75
LINDEINDIA,2017-04-07,dividend,0.75
LINDEINDIA,2018-04-06,dividend,1
LINDEINDIA,2019-05-08,dividend,1.5
LINDEINDIA,2020-09-10,dividend,10
LINDEINDIA,2021-06-16,dividend,3
LINDEINDIA,2022-06-01,dividend,13.5
LINDEINDIA,2023-08-10,dividend,12
LINDEINDIA,2024-08-05,dividend,12
LINDEINDIA,2025-08-07,dividend,12
LINDEINDIA,2026-08-06,dividend,12
LLOYDSME,2024-08-13,dividend,1
LLOYDSME,2025-05-26,dividend,1
LLOYDSME,2026-06-12,dividend,1
LODHA,2023-05-31,split,2
LODHA,2023-09-08,dividend,1
LODHA,2024-08-16,dividend,2.25
LODHA,2025-08-22,dividend,4.25
LODHA,2026-08-07,dividend,4.25
LT,2005-08-12,dividend,1.9444
LT,2006-08-14,dividend,2.4444
LT,2006-09-28,split,2
LT,2007-03-28,dividend,2.4444
LT,2007-07-17,dividend,0.8889
LT,2007-08-14,dividend,0.4444
LT,2008-08-20,dividend,3.3333
LT,2008-10-01,split,2
LT,2009-08-18,dividend,4.6667
LT,2010-08-17,dividend,5.5556
LT,2011-08-17,dividend,6.4444
LT,2012-08-14,dividend,7.3333
LT,2013-07-11,split,1.5
LT,2013-08-13,dividend,8.22
LT,2014-08-13,dividend,9.5
LT,2015-09-01,dividend,10.8333
LT,2016-08-18,dividend,12.1667
LT,2017-07-13,dividend,14
LT,2017-07-13,split,1.5
LT,2017-08-11,dividend,14
LT,2018-08-14,dividend,16
LT,2019-07-24,dividend,18
LT,2020-03-24,dividend,10
LT,2020-08-05,dividend,8
LT,2020-11-04,dividend,18
LT,2021-07-28,dividend,18
LT,2022-07-21,dividend,22
LT,2023-08-02,dividend,30
LT,2024-06-20,dividend,28
LT,2025-06-03,dividend,34
LT,2026-05-22,dividend,38
LTF,2013-07-26,dividend,0.6976
LTF,2014-07-18,dividend,0.6976
LTF,2015-09-01,dividend,0.7441
LTF,2016-08-12,dividend,0.7441
LTF,2017-08-18,dividend,0.7441
LTF,2018-08-20,dividend,0.9301
LTF,2019-07-19,dividend,0.9301
LTF,2020-03-26,dividend,0.8371
LTF,2022-07-01,dividend,0.5
LTF,2023-07-21,dividend,2
LTF,2024-06-18,dividend,2.5
LTF,2025-05-27,dividend,2.75
LTF,2026-05-22,dividend,2.75
LTM,2016-11-17,dividend,6.85
LTM,2017-08-14,dividend,9.7
LTM,2017-11-13,dividend,8
LTM,2018-08-14,dividend,13.5
LTM,2018-10-31,dividend,12.5
LTM,2019-07-11,dividend,15.5
LTM,2019-10-24,dividend,12.5
LTM,2020-07-09,dividend,15.5
LTM,2020-10-27,dividend,15
LTM,2021-07-01,dividend,25
LTM,2021-07-30,dividend,10
LTM,2021-10-25,dividend,15
LTM,2022-06-30,dividend,30
LTM,2023-01-31,dividend,20
LTM,2023-07-10,dividend,40
LTM,2023-10-27,dividend,20
LTM,2024-06-19,dividend,45
LTM,2024-10-25,dividend,20
LTM,2025-05-23,dividend,45
LTM,2025-10-24,dividend,22
LTM,2026-05-25,dividend,53
LTTS,2016-11-21,dividend,3
LTTS,2017-08-14,dividend,4
LTTS,2017-11-14,dividend,4
LTTS,2018-08-13,dividend,12
LTTS,2018-11-01,dividend,7.5
LTTS,2019-07-11,dividend,13.5
LTTS,2019-10-30,dividend,7.5
LTTS,2020-07-08,dividend,13.5
LTTS,2020-10-26,dividend,7.5
LTTS,2021-07-08,dividend,14.5
LTTS,2021-10-26,dividend,10
LTTS,2022-01-25,dividend,10
LTTS,2022-07-07,dividend,15
LTTS,2022-10-27,dividend,15
LTTS,2023-07-07,dividend,30
LTTS,2023-10-27,dividend,17
LTTS,2024-06-14,dividend,33
LTTS,2024-10-25,dividend,17
LTTS,2025-06-06,dividend,38
LTTS,2025-10-27,dividend,18
LTTS,2026-05-22,dividend,40
LUPIN,2005-07-15,dividend,0.65
LUPIN,2006-07-07,dividend,0.65
LUPIN,2006-08-11,split,2
LUPIN,2007-07-10,dividend,1
LUPIN,2008-07-11,dividend,2
LUPIN,2009-07-20,dividend,2.5
LUPIN,2010-07-19,dividend,2.7
LUPIN,2010-08-27,split,5
LUPIN,2011-07-18,dividend,3
LUPIN,2012-07-13,dividend,3.2
LUPIN,2013-07-29,dividend,4
LUPIN,2014-02-13,dividend,3
LUPIN,2014-07-21,dividend,3
LUPIN,2015-07-14,dividend,7.5
LUPIN,2016-07-25,dividend,7.5
LUPIN,2017-07-24,dividend,7.5
LUPIN,2018-07-30,dividend,5
LUPIN,2019-07-29,dividend,5
LUPIN,2020-08-03,dividend,6
LUPIN,2021-07-27,dividend,6.5
LUPIN,2022-07-14,dividend,4
LUPIN,2023-07-14,dividend,4
LUPIN,2024-07-16,dividend,8
LUPIN,2025-07-25,dividend,12
LUPIN,2026-07-17,dividend,18
M&M,2005-06-29,dividend,1.625
M&M,2005-09-01,split,2
M&M,2006-06-29,dividend,2.5
M&M,2007-03-23,dividend,1.875
M&M,2007-07-05,dividend,1
M&M,2008-07-03,dividend,2.875
M&M,2009-07-09,dividend,2.5
M&M,2010-03-29,split,2
M&M,2010-07-08,dividend,4.75
M&M,2011-07-14,dividend,5.75
M&M,2012-07-12,dividend,6.25
M&M,2013-07-18,dividend,6.5
M&M,2014-07-17,dividend,7
M&M,2015-07-16,dividend,6
M&M,2016-07-21,dividend,6
M&M,2017-07-13,dividend,6.5
M&M,2017-12-21,split,2
M&M,2018-07-12,dividend,7.5
M&M,2019-07-18,dividend,8.5
M&M,2020-07-16,dividend,2.35
M&M,2021-07-15,dividend,8.75
M&M,2022-07-14,dividend,11.55
M&M,2023-07-14,dividend,16.25
M&M,2024-07-05,dividend,21.1
M&M,2025-07-04,dividend,25.3
M&M,2026-07-03,dividend,33
M&MFIN,2006-06-15,dividend,0.2373
M&MFIN,2007-03-26,dividend,0.2373
M&MFIN,2007-06-28,dividend,0.2373
M&MFIN,2008-06-26,dividend,0.5339
M&MFIN,2009-07-02,dividend,0.6526
M&MFIN,2010-06-30,dividend,0.8898
M&MFIN,2011-07-07,dividend,1.1865
M&MFIN,2012-07-05,dividend,1.661
M&MFIN,2013-02-15,split,5
M&MFIN,2013-07-04,dividend,2.1356
M&MFIN,2014-07-03,dividend,2.2543
M&MFIN,2015-07-02,dividend,2.3729
M&MFIN,2016-07-14,dividend,2.3729
M&MFIN,2017-07-14,dividend,1.4238
M&MFIN,2018-07-19,dividend,2.3729
M&MFIN,2019-07-15,dividend,3.856
M&MFIN,2021-07-16,dividend,0.7784
M&MFIN,2022-07-20,dividend,3.5028
M&MFIN,2023-07-21,dividend,5.838
M&MFIN,2024-07-16,dividend,6.1298
M&MFIN,2025-07-15,dividend,6.5
M&MFIN,2026-07-13,dividend,7.5
MAHABANK,2005-06-22,dividend,1.4
MAHABANK,2006-06-15,dividend,0.4
MAHABANK,2007-05-30,dividend,2
MAHABANK,2008-05-29,dividend,2
MAHABANK,2009-07-02,dividend,1.5
MAHABANK,2010-06-30,dividend,2
MAHABANK,2011-06-16,dividend,2
MAHABANK,2012-06-14,dividend,2.2
MAHABANK,2013-05-30,dividend,2.3
MAHABANK,2014-02-06,dividend,1
MAHABANK,2015-06-19,dividend,0.8
MAHABANK,2022-06-20,dividend,0.5
MAHABANK,2023-05-23,dividend,1.3
MAHABANK,2024-05-10,dividend,1.4
MAHABANK,2025-05-09,dividend,1.5
MAHABANK,2026-01-20,dividend,1
MAHABANK,2026-06-05,dividend,1.2
MANKIND,2025-08-08,dividend,1
MARICO,2005-01-28,dividend,0.07
MARICO,2005-05-03,dividend,0.0875
MARICO,2005-08-05,dividend,0.06
MARICO,2005-10-31,dividend,0.07
MARICO,2006-01-27,dividend,0.08
MARICO,2006-04-27,dividend,0.1
MARICO,2006-07-28,dividend,0.0675
MARICO,2006-10-20,dividend,0.075
MARICO,2007-01-23,dividend,0.085
MARICO,2007-02-21,split,10
MARICO,2007-03-29,dividend,0.1
MARICO,2007-07-30,dividend,0.07
MARICO,2007-10-29,dividend,0.075
MARICO,2008-04-29,dividend,0.185
MARICO,2008-10-24,dividend,0.15
MARICO,2009-04-27,dividend,0.175
MARICO,2009-10-30,dividend,0.15
MARICO,2010-05-03,dividend,0.18
MARICO,2010-11-01,dividend,0.15
MARICO,2011-05-06,dividend,0.18
MARICO,2011-11-09,dividend,0.15
MARICO,2012-05-08,dividend,0.2
MARICO,2012-11-07,dividend,0.25
MARICO,2013-05-03,dividend,0.25
MARICO,2013-11-01,dividend,0.375
MARICO,2014-02-06,dividend,0.5
MARICO,2014-03-27,dividend,0.875
MARICO,2014-11-13,dividend,0.5
MARICO,2015-02-06,dividend,0.75
MARICO,2015-11-09,dividend,0.875
MARICO,2015-12-22,split,2
MARICO,2016-02-05,dividend,1.5
MARICO,2016-03-17,dividend,1
MARICO,2016-11-16,dividend,1.5
MARICO,2017-02-09,dividend,2
MARICO,2017-11-06,dividend,1.75
MARICO,2018-02-16,dividend,2.5
MARICO,2018-11-12,dividend,2
MARICO,2019-02-12,dividend,2.75
MARICO,2019-11-04,dividend,2.75
MARICO,2020-02-06,dividend,3.25
MARICO,2020-03-16,dividend,0.75
MARICO,2020-11-05,dividend,3
MARICO,2021-03-10,dividend,4.5
MARICO,2021-11-08,dividend,3
MARICO,2022-02-04,dividend,6.25
MARICO,2023-03-08,dividend,4.5
MARICO,2023-11-07,dividend,3
MARICO,2024-03-06,dividend,6.5
MARICO,2025-02-07,dividend,3.5
MARICO,2025-08-01,dividend,7
MARICO,2026-07-30,dividend,4
MARUTI,2005-08-25,dividend,2
MARUTI,2006-08-23,dividend,3.5
MARUTI,2007-08-22,dividend,4.5
MARUTI,2008-08-14,dividend,5
MARUTI,2009-08-18,dividend,3.5
MARUTI,2010-08-24,dividend,6
MARUTI,2011-08-24,dividend,7.5
MARUTI,2012-08-14,dividend,7.5
MARUTI,2013-08-13,dividend,8
MARUTI,2014-08-27,dividend,12
MARUTI,2015-08-26,dividend,25
MARUTI,2016-08-31,dividend,35
MARUTI,2017-08-24,dividend,75
MARUTI,2018-08-14,dividend,80
MARUTI,2019-08-14,dividend,80
MARUTI,2020-08-13,dividend,60
MARUTI,2021-08-05,dividend,45
MARUTI,2022-08-03,dividend,60
MARUTI,2023-08-03,dividend,90
MARUTI,2024-08-02,dividend,125
MARUTI,2025-08-01,dividend,135
MARUTI,2026-08-07,dividend,140
MAXHEALTH,2023-09-08,dividend,1
MAXHEALTH,2024-08-23,dividend,1.5
MAXHEALTH,2025-07-04,dividend,1.5
MAXHEALTH,2026-07-03,dividend,2
MAZDOCK,2021-02-22,dividend,2.705
MAZDOCK,2021-09-20,dividend,0.915
MAZDOCK,2022-01-06,dividend,3.55
MAZDOCK,2022-09-19,dividend,0.815
MAZDOCK,2022-11-21,dividend,4.55
MAZDOCK,2023-09-20,dividend,3.43
MAZDOCK,2023-11-20,dividend,7.67
MAZDOCK,2024-09-19,dividend,6.055
MAZDOCK,2024-10-30,dividend,11.595
MAZDOCK,2024-12-27,split,2
MAZDOCK,2025-04-16,dividend,3
MAZDOCK,2025-09-19,dividend,2.71
MAZDOCK,2025-11-04,dividend,6
MAZDOCK,2026-02-13,dividend,7.5
MAZDOCK,2026-08-20,dividend,4.62
MCX,2012-04-26,dividend,3.6
MCX,2012-09-14,dividend,1.2
MCX,2012-11-15,dividend,2.4
MCX,2013-09-18,dividend,2.4
MCX,2013-11-21,dividend,1.4
MCX,2014-09-11,dividend,0.6
MCX,2015-09-16,dividend,2
MCX,2016-09-09,dividend,1.3
MCX,2017-08-14,dividend,3
MCX,2018-08-23,dividend,3.4
MCX,2019-09-12,dividend,4
MCX,2020-08-21,dividend,6
MCX,2021-08-26,dividend,5.52
MCX,2022-09-19,dividend,3.48
MCX,2023-09-15,dividend,3.818
MCX,2024-09-19,dividend,1.528
MCX,2025-08-08,dividend,6
MCX,2026-01-02,split,5
MCX,2026-08-28,dividend,8
MEDANTA,2025-08-22,dividend,0.5
MEDANTA,2026-08-14,dividend,0.5
MFSL,2007-03-12,split,5
MFSL,2012-11-22,dividend,10
MFSL,2013-09-10,dividend,2.2
MFSL,2013-11-21,dividend,1.8
MFSL,2014-09-12,dividend,1.8
MFSL,2014-11-25,dividend,4
MFSL,2015-09-15,dividend,1
MFSL,2015-11-19,dividend,1.8
MFSL,2016-09-19,dividend,1.8
MOTHERSON,2005-02-24,split,1.5
MOTHERSON,2005-08-11,dividend,0.039
MOTHERSON,2006-07-28,dividend,0.0449
MOTHERSON,2007-07-23,dividend,0.0585
MOTHERSON,2007-08-30,split,1.5
MOTHERSON,2008-08-01,dividend,0.079
MOTHERSON,2009-09-16,dividend,0.079
MOTHERSON,2010-08-18,dividend,0.1024
MOTHERSON,2011-08-25,dividend,0.161
MOTHERSON,2012-08-31,dividend,0.1317
MOTHERSON,2012-09-04,dividend,0.1317
MOTHERSON,2012-10-03,split,1.5
MOTHERSON,2013-08-21,dividend,0.1756
MOTHERSON,2013-12-20,split,1.5
MOTHERSON,2014-08-19,dividend,0.3292
MOTHERSON,2015-07-23,dividend,0.3951
MOTHERSON,2015-07-23,split,1.5
MOTHERSON,2016-03-22,dividend,0.4938
MOTHERSON,2017-07-05,split,1.5
MOTHERSON,2017-08-14,dividend,0.5926
MOTHERSON,2018-08-08,dividend,0.6667
MOTHERSON,2018-10-30,split,1.5
MOTHERSON,2019-08-08,dividend,0.6667
MOTHERSON,2020-03-12,dividend,0.6667
MOTHERSON,2021-09-03,dividend,0.6667
MOTHERSON,2022-08-12,dividend,0.2889
MOTHERSON,2022-10-03,split,1.5
MOTHERSON,2023-08-11,dividend,0.4333
MOTHERSON,2024-08-14,dividend,0.5333
MOTHERSON,2025-03-28,dividend,0.3333
MOTHERSON,2025-06-23,dividend,0.2333
MOTHERSON,2025-07-18,split,1.5
MOTHERSON,2026-03-27,dividend,0.35
MOTHERSON,2026-07-14,dividend,0.25
MOTILALOFS,2008-05-14,dividend,0.2
MOTILALOFS,2008-07-25,split,5
MOTILALOFS,2009-05-28,dividend,0.2
MOTILALOFS,2010-07-14,dividend,0.3
MOTILALOFS,2011-07-11,dividend,0.35
MOTILALOFS,2012-01-20,dividend,0.25
MOTILALOFS,2012-07-16,dividend,0.125
MOTILALOFS,2012-10-23,dividend,0.25
MOTILALOFS,2013-07-18,dividend,0.25
MOTILALOFS,2013-10-31,dividend,0.25
MOTILALOFS,2014-08-13,dividend,0.25
MOTILALOFS,2015-02-05,dividend,0.5
MOTILALOFS,2015-07-30,dividend,0.25
MOTILALOFS,2016-02-11,dividend,0.5
MOTILALOFS,2016-03-22,dividend,0.375
MOTILALOFS,2017-02-08,dividend,0.625
MOTILALOFS,2017-07-20,dividend,0.75
MOTILALOFS,2018-02-05,dividend,1
MOTILALOFS,2018-09-19,dividend,1.125
MOTILALOFS,2019-01-25,dividend,1
MOTILALOFS,2019-07-24,dividend,1.125
MOTILALOFS,2020-01-31,dividend,1
MOTILALOFS,2021-02-08,dividend,1.25
MOTILALOFS,2021-08-02,dividend,1.25
MOTILALOFS,2022-02-03,dividend,1.75
MOTILALOFS,2022-07-01,dividend,0.75
MOTILALOFS,2023-02-03,dividend,1.75
MOTILALOFS,2023-07-04,dividend,0.75
MOTILALOFS,2024-02-06,dividend,3.5
MOTILALOFS,2024-06-10,split,4
MOTILALOFS,2025-01-31,dividend,5
MOTILALOFS,2026-01-30,dividend,6
MPHASIS,2005-09-22,dividend,1.5
MPHASIS,2005-11-11,split,2
MPHASIS,2006-08-24,dividend,3
MPHASIS,2007-09-07,dividend,3
MPHASIS,2008-07-16,dividend,3.3
MPHASIS,2009-01-22,dividend,2
MPHASIS,2010-02-10,dividend,3.5
MPHASIS,2011-02-10,dividend,4
MPHASIS,2012-02-15,dividend,6.5
MPHASIS,2012-02-16,dividend,6.5
MPHASIS,2013-01-17,dividend,17
MPHASIS,2014-01-22,dividend,17
MPHASIS,2014-07-16,dividend,7
MPHASIS,2015-08-25,dividend,16
MPHASIS,2016-10-19,dividend,20
MPHASIS,2017-07-13,dividend,17
MPHASIS,2018-07-26,dividend,20
MPHASIS,2019-07-11,dividend,27
MPHASIS,2020-07-02,dividend,35
MPHASIS,2021-09-13,dividend,65
MPHASIS,2022-07-05,dividend,46
MPHASIS,2023-07-05,dividend,50
MPHASIS,2024-07-10,dividend,55
MPHASIS,2025-07-09,dividend,57
MPHASIS,2026-07-08,dividend,62
MRF,2005-03-03,dividend,14
MRF,2005-08-01,dividend,3
MRF,2005-10-31,dividend,3
MRF,2006-03-10,dividend,14
MRF,2006-08-03,dividend,3
MRF,2006-11-14,dividend,3
MRF,2007-03-09,dividend,14
MRF,2007-08-10,dividend,3
MRF,2007-11-07,dividend,3
MRF,2008-03-05,dividend,14
MRF,2008-08-08,dividend,3
MRF,2008-11-06,dividend,3
MRF,2009-03-06,dividend,14
MRF,2009-08-06,dividend,3
MRF,2009-11-05,dividend,3
MRF,2010-02-25,dividend,19
MRF,2010-08-06,dividend,3
MRF,2010-11-02,dividend,3
MRF,2011-01-28,dividend,44
MRF,2011-08-09,dividend,3
MRF,2011-11-02,dividend,3
MRF,2012-01-30,dividend,19
MRF,2012-08-06,dividend,3
MRF,2012-11-07,dividend,3
MRF,2013-01-30,dividend,19
MRF,2013-08-06,dividend,3
MRF,2013-11-05,dividend,3
MRF,2014-01-30,dividend,24
MRF,2014-08-06,dividend,3
MRF,2014-11-13,dividend,3
MRF,2015-02-04,dividend,44
MRF,2015-08-06,dividend,3
MRF,2015-11-10,dividend,3
MRF,2016-08-03,dividend,94
MRF,2016-11-08,dividend,3
MRF,2017-02-14,dividend,3
MRF,2017-07-27,dividend,54
MRF,2017-11-21,dividend,3
MRF,2018-02-09,dividend,3
MRF,2018-08-01,dividend,54
MRF,2018-11-19,dividend,3
MRF,2019-02-15,dividend,3
MRF,2019-08-01,dividend,54
MRF,2019-11-21,dividend,3
MRF,2020-02-18,dividend,3
MRF,2020-09-14,dividend,94
MRF,2020-11-18,dividend,3
MRF,2021-02-17,dividend,3
MRF,2021-08-04,dividend,144
MRF,2021-11-17,dividend,3
MRF,2022-02-17,dividend,3
MRF,2022-07-27,dividend,144
MRF,2022-11-17,dividend,3
MRF,2023-02-21,dividend,3
MRF,2023-07-20,dividend,169
MRF,2023-11-17,dividend,3
MRF,2024-02-21,dividend,3
MRF,2024-07-25,dividend,194
MRF,2024-11-19,dividend,3
MRF,2025-02-14,dividend,3
MRF,2025-07-18,dividend,229
MRF,2025-11-21,dividend,3
MRF,2026-02-13,dividend,3
MRF,2026-07-17,dividend,229
MUTHOOTFIN,2012-08-16,dividend,4
MUTHOOTFIN,2013-09-12,dividend,4.5
MUTHOOTFIN,2013-11-05,dividend,3
MUTHOOTFIN,2014-02-04,dividend,2
MUTHOOTFIN,2014-09-10,dividend,1
MUTHOOTFIN,2014-10-22,dividend,4
MUTHOOTFIN,2015-09-22,dividend,2
MUTHOOTFIN,2015-11-05,dividend,4
MUTHOOTFIN,2016-03-16,dividend,2
MUTHOOTFIN,2017-03-30,dividend,6
MUTHOOTFIN,2018-02-15,dividend,10
MUTHOOTFIN,2019-04-11,dividend,12
MUTHOOTFIN,2020-03-23,dividend,15
MUTHOOTFIN,2021-04-22,dividend,20
MUTHOOTFIN,2022-04-25,dividend,20
MUTHOOTFIN,2023-04-18,dividend,22
MUTHOOTFIN,2024-05-31,dividend,24
MUTHOOTFIN,2025-04-25,dividend,26
MUTHOOTFIN,2026-04-17,dividend,30
NAM-INDIA,2018-01-31,dividend,5
NAM-INDIA,2018-09-12,dividend,1
NAM-INDIA,2019-01-31,dividend,3
NAM-INDIA,2019-05-09,dividend,3
NAM-INDIA,2020-02-03,dividend,3
NAM-INDIA,2020-06-29,dividend,2
NAM-INDIA,2021-02-05,dividend,3
NAM-INDIA,2021-06-10,dividend,5
NAM-INDIA,2021-11-08,dividend,3.5
NAM-INDIA,2022-06-30,dividend,7.5
NAM-INDIA,2022-11-01,dividend,4
NAM-INDIA,2023-06-30,dividend,7.5
NAM-INDIA,2023-11-09,dividend,5.5
NAM-INDIA,2024-06-28,dividend,11
NAM-INDIA,2024-11-06,dividend,8
NAM-INDIA,2025-07-04,dividend,10
NAM-INDIA,2025-11-06,dividend,9
NAM-INDIA,2026-06-25,dividend,12.5
NATIONALUM,2005-02-07,dividend,0.5
NATIONALUM,2005-09-23,dividend,0.5
NATIONALUM,2006-01-25,dividend,0.5
NATIONALUM,2006-09-22,dividend,0.75
NATIONALUM,2007-02-06,dividend,0.875
NATIONALUM,2007-03-22,dividend,0.375
NATIONALUM,2007-09-14,dividend,0.625
NATIONALUM,2008-02-13,dividend,1.125
NATIONALUM,2008-09-01,dividend,0.375
NATIONALUM,2009-02-12,dividend,0.875
NATIONALUM,2009-09-04,dividend,0.375
NATIONALUM,2010-03-23,dividend,0.375
NATIONALUM,2010-08-27,dividend,0.25
NATIONALUM,2011-02-07,dividend,0.5
NATIONALUM,2011-03-15,split,2
NATIONALUM,2011-09-16,dividend,0.5
NATIONALUM,2012-03-22,dividend,0.9
NATIONALUM,2012-08-03,dividend,0.1
NATIONALUM,2013-03-26,dividend,0.75
NATIONALUM,2013-09-20,dividend,0.5
NATIONALUM,2014-03-05,dividend,1.1
NATIONALUM,2014-09-12,dividend,0.4
NATIONALUM,2015-03-18,dividend,1.25
NATIONALUM,2015-09-18,dividend,0.5
NATIONALUM,2016-03-23,dividend,1.25
NATIONALUM,2016-09-27,dividend,0.75
NATIONALUM,2017-03-09,dividend,2.8
NATIONALUM,2018-02-16,dividend,4.7
NATIONALUM,2018-08-23,dividend,1
NATIONALUM,2019-03-11,dividend,4.5
NATIONALUM,2019-09-11,dividend,1.25
NATIONALUM,2020-02-18,dividend,1.5
NATIONALUM,2020-12-01,dividend,0.5
NATIONALUM,2021-03-22,dividend,2
NATIONALUM,2021-09-23,dividend,1
NATIONALUM,2021-11-24,dividend,2
NATIONALUM,2022-02-17,dividend,3
NATIONALUM,2022-09-15,dividend,1.5
NATIONALUM,2023-01-25,dividend,1
NATIONALUM,2023-03-21,dividend,2.5
NATIONALUM,2023-09-15,dividend,1
NATIONALUM,2023-11-22,dividend,1
NATIONALUM,2024-02-23,dividend,2
NATIONALUM,2024-09-20,dividend,2
NATIONALUM,2024-11-29,dividend,4
NATIONALUM,2025-02-14,dividend,4
NATIONALUM,2025-09-19,dividend,2.5
NATIONALUM,2025-11-14,dividend,4
NATIONALUM,2026-02-06,dividend,4.5
NATIONALUM,2026-05-08,dividend,2
NATIONALUM,2026-08-24,dividend,1
NAUKRI,2007-07-18,dividend,0.0375
NAUKRI,2008-07-18,dividend,0.0375
NAUKRI,2009-07-15,dividend,0.0375
NAUKRI,2010-07-15,dividend,0.0375
NAUKRI,2010-09-27,split,2
NAUKRI,2011-07-13,dividend,0.075
NAUKRI,2012-06-22,dividend,0.1
NAUKRI,2012-06-22,split,2
NAUKRI,2013-07-15,dividend,0.2
NAUKRI,2013-10-30,dividend,0.2
NAUKRI,2014-07-15,dividend,0.3
NAUKRI,2014-10-30,dividend,0.2
NAUKRI,2015-07-17,dividend,0.4
NAUKRI,2015-11-19,dividend,0.2
NAUKRI,2016-03-18,dividend,0.4
NAUKRI,2016-07-15,dividend,0.2
NAUKRI,2016-11-04,dividend,0.3
NAUKRI,2017-03-03,dividend,0.3
NAUKRI,2017-07-13,dividend,0.3
NAUKRI,2017-11-08,dividend,0.5
NAUKRI,2018-02-09,dividend,0.3
NAUKRI,2018-07-16,dividend,0.3
NAUKRI,2018-11-09,dividend,0.5
NAUKRI,2019-02-07,dividend,0.3
NAUKRI,2019-08-05,dividend,0.4
NAUKRI,2019-11-21,dividend,0.5
NAUKRI,2020-02-18,dividend,0.7
NAUKRI,2021-06-21,dividend,1.6
NAUKRI,2022-01-17,dividend,1.6
NAUKRI,2022-08-18,dividend,1
NAUKRI,2022-11-18,dividend,2
NAUKRI,2023-07-28,dividend,1.8
NAUKRI,2023-11-17,dividend,2
NAUKRI,2024-07-29,dividend,2.4
NAUKRI,2024-11-19,dividend,2.4
NAUKRI,2025-05-07,split,5
NAUKRI,2025-07-25,dividend,3.6
NAUKRI,2025-11-21,dividend,2.4
NAUKRI,2026-02-20,dividend,2.4
NAUKRI,2026-07-24,dividend,3.6
NESTLEIND,2005-04-20,dividend,0.475
NESTLEIND,2008-11-14,dividend,0.375
NESTLEIND,2010-04-23,dividend,1.075
NESTLEIND,2010-11-03,dividend,1.35
NESTLEIND,2011-04-21,dividend,1.075
NESTLEIND,2011-12-12,dividend,1.35
NESTLEIND,2012-03-21,dividend,0.625
NESTLEIND,2012-08-01,dividend,0.9
NESTLEIND,2012-12-12,dividend,0.9
NESTLEIND,2013-02-25,dividend,0.625
NESTLEIND,2013-07-31,dividend,0.9
NESTLEIND,2013-11-01,dividend,0.9
NESTLEIND,2014-05-15,dividend,1.25
NESTLEIND,2014-09-15,dividend,1.5
NESTLEIND,2014-12-08,dividend,0.4
NESTLEIND,2015-05-19,dividend,1.325
NESTLEIND,2015-12-11,dividend,0.8
NESTLEIND,2016-05-18,dividend,1.525
NESTLEIND,2016-08-05,dividend,0.6
NESTLEIND,2016-12-09,dividend,0.8
NESTLEIND,2017-05-19,dividend,1.9
NESTLEIND,2017-08-02,dividend,0.75
NESTLEIND,2017-12-11,dividend,1.65
NESTLEIND,2018-05-16,dividend,2.15
NESTLEIND,2018-08-10,dividend,1
NESTLEIND,2018-12-12,dividend,2.5
NESTLEIND,2019-04-30,dividend,1.25
NESTLEIND,2019-05-06,dividend,1.15
NESTLEIND,2019-08-09,dividend,10.15
NESTLEIND,2019-12-10,dividend,2.75
NESTLEIND,2020-06-11,dividend,3.05
NESTLEIND,2020-10-29,dividend,6.75
NESTLEIND,2021-04-29,dividend,4.5
NESTLEIND,2021-10-26,dividend,5.5
NESTLEIND,2022-04-21,dividend,4.5
NESTLEIND,2022-10-31,dividend,6
NESTLEIND,2023-04-21,dividend,5.1
NESTLEIND,2023-11-01,dividend,7
NESTLEIND,2024-01-05,split,10
NESTLEIND,2024-02-15,dividend,3.5
NESTLEIND,2024-07-16,dividend,5.625
NESTLEIND,2025-02-07,dividend,7.125
NESTLEIND,2025-07-04,dividend,5
NESTLEIND,2025-08-08,split,2
NESTLEIND,2026-02-06,dividend,7
NESTLEIND,2026-07-10,dividend,7
NHPC,2010-09-07,dividend,0.55
NHPC,2011-09-02,dividend,0.6
NHPC,2012-08-31,dividend,0.7
NHPC,2013-08-30,dividend,0.6
NHPC,2014-09-11,dividend,0.3
NHPC,2015-01-29,dividend,0.2
NHPC,2015-09-10,dividend,0.4
NHPC,2016-02-18,dividend,0.92
NHPC,2016-09-08,dividend,0.58
NHPC,2017-01-19,dividend,1.7
NHPC,2017-09-13,dividend,0.1
NHPC,2018-02-20,dividend,1.12
NHPC,2018-09-12,dividend,0.28
NHPC,2019-02-18,dividend,0.71
NHPC,2019-09-12,dividend,0.75
NHPC,2020-02-17,dividend,1.18
NHPC,2020-09-17,dividend,0.32
NHPC,2021-02-22,dividend,1.25
NHPC,2021-09-16,dividend,0.35
NHPC,2022-02-22,dividend,1.31
NHPC,2022-08-10,dividend,0.5
NHPC,2023-02-17,dividend,1.4
NHPC,2023-08-22,dividend,0.45
NHPC,2024-02-22,dividend,1.4
NHPC,2024-08-12,dividend,0.5
NHPC,2025-02-13,dividend,1.4
NHPC,2025-08-14,dividend,0.51
NHPC,2026-02-10,dividend,1.4
NHPC,2026-08-12,dividend,0.21
NIACL,2018-06-27,dividend,5
NIACL,2018-06-27,split,2
NIACL,2019-07-18,dividend,1.5
NIACL,2022-08-25,dividend,0.3
NIACL,2023-09-08,dividend,1.93
NIACL,2024-09-06,dividend,2.06
NIACL,2025-09-04,dividend,1.8
NIACL,2026-07-10,dividend,1.5
NLCINDIA,2005-02-08,dividend,0.6
NLCINDIA,2005-09-14,dividend,1.4
NLCINDIA,2006-01-04,dividend,0.6
NLCINDIA,2006-03-09,dividend,1.4
NLCINDIA,2007-08-16,dividend,1.2
NLCINDIA,2008-02-05,dividend,1
NLCINDIA,2008-08-14,dividend,1
NLCINDIA,2009-08-20,dividend,2
NLCINDIA,2010-03-15,dividend,1
NLCINDIA,2010-08-18,dividend,1
NLCINDIA,2011-08-30,dividend,2.3
NLCINDIA,2012-08-30,dividend,2.8
NLCINDIA,2013-03-11,dividend,1
NLCINDIA,2013-08-26,dividend,1.8
NLCINDIA,2014-03-26,dividend,1
NLCINDIA,2014-09-11,dividend,1.8
NLCINDIA,2015-02-26,dividend,1.8
NLCINDIA,2015-09-08,dividend,1
NLCINDIA,2016-02-11,dividend,1.5
NLCINDIA,2016-03-14,dividend,0.3
NLCINDIA,2016-09-07,dividend,1.2
NLCINDIA,2017-03-24,dividend,7.34
NLCINDIA,2018-03-26,dividend,4.23
NLCINDIA,2018-07-20,dividend,0.27
NLCINDIA,2019-03-26,dividend,4.53
NLCINDIA,2020-03-05,dividend,7.06
NLCINDIA,2021-02-17,dividend,1
NLCINDIA,2021-09-21,dividend,1.5
NLCINDIA,2022-03-14,dividend,1.5
NLCINDIA,2022-09-21,dividend,1.5
NLCINDIA,2023-02-24,dividend,1.5
NLCINDIA,2023-09-18,dividend,2
NLCINDIA,2024-02-16,dividend,1.5
NLCINDIA,2024-09-17,dividend,1.5
NLCINDIA,2025-02-07,dividend,1.5
NLCINDIA,2025-09-19,dividend,1.5
NLCINDIA,2026-01-20,dividend,3.6
NLCINDIA,2026-09-22,dividend,0.25
NMDC,2008-04-10,split,10
NMDC,2008-05-21,split,3
NMDC,2008-08-04,dividend,0.18
NMDC,2009-02-18,dividend,0.3433
NMDC,2009-02-19,dividend,0.3433
NMDC,2009-08-20,dividend,0.3933
NMDC,2010-02-04,dividend,0.25
NMDC,2010-07-29,dividend,0.3333
NMDC,2011-02-10,dividend,0.3833
NMDC,2011-09-15,dividend,0.7167
NMDC,2011-11-17,dividend,0.3333
NMDC,2012-02-09,dividend,0.3333
NMDC,2012-09-13,dividend,0.8333
NMDC,2012-11-22,dividend,0.6667
NMDC,2013-02-28,dividend,0.3333
NMDC,2013-09-19,dividend,1.3333
NMDC,2013-11-07,dividend,1
NMDC,2014-02-17,dividend,1.8333
NMDC,2014-11-13,dividend,1
NMDC,2015-02-18,dividend,1.4167
NMDC,2015-09-21,dividend,0.4333
NMDC,2016-02-24,dividend,3.1667
NMDC,2016-03-30,dividend,0.5
NMDC,2017-03-16,dividend,1.3833
NMDC,2017-09-14,dividend,0.3333
NMDC,2018-03-27,dividend,1.4333
NMDC,2019-03-22,dividend,1.84
NMDC,2020-02-18,dividend,1.7633
NMDC,2021-03-22,dividend,2.5867
NMDC,2021-12-14,dividend,3.0033
NMDC,2022-02-17,dividend,1.91
NMDC,2023-02-24,dividend,1.25
NMDC,2023-08-31,dividend,0.95
NMDC,2024-02-27,dividend,1.9167
NMDC,2024-09-17,dividend,0.5
NMDC,2024-12-27,split,3
NMDC,2025-03-21,dividend,2.3
NMDC,2025-08-14,dividend,1
NMDC,2026-02-13,dividend,2.5
NTPC,2005-02-25,dividend,1
NTPC,2005-09-08,dividend,1
NTPC,2006-02-13,dividend,1.6667
NTPC,2006-08-30,dividend,0.6667
NTPC,2007-02-02,dividend,2
NTPC,2007-08-30,dividend,0.6667
NTPC,2008-02-04,dividend,2.25
NTPC,2008-08-28,dividend,0.6667
NTPC,2009-01-29,dividend,2.3333
NTPC,2009-09-03,dividend,0.6667
NTPC,2010-03-18,dividend,2.5
NTPC,2010-09-08,dividend,0.6667
NTPC,2011-02-04,dividend,2.5
NTPC,2011-09-08,dividend,0.6667
NTPC,2012-01-31,dividend,2.9167
NTPC,2012-09-06,dividend,0.4167
NTPC,2013-03-01,dividend,3.125
NTPC,2013-09-05,dividend,1.6667
NTPC,2014-01-31,dividend,3.3333
NTPC,2014-08-13,dividend,1.4583
NTPC,2015-02-04,dividend,0.625
NTPC,2015-09-03,dividend,1.4583
NTPC,2016-02-05,dividend,1.3333
NTPC,2016-09-08,dividend,1.4583
NTPC,2017-02-15,dividend,2.175
NTPC,2017-09-07,dividend,1.8083
NTPC,2018-02-07,dividend,2.275
NTPC,2018-09-06,dividend,1.9917
NTPC,2019-02-06,dividend,2.9833
NTPC,2019-03-19,split,1.2
NTPC,2019-08-13,dividend,2.5
NTPC,2020-03-26,dividend,0.5
NTPC,2020-08-13,dividend,2.65
NTPC,2021-02-11,dividend,3
NTPC,2021-09-08,dividend,3.15
NTPC,2022-02-03,dividend,4
NTPC,2022-08-10,dividend,3
NTPC,2023-02-03,dividend,4.25
NTPC,2023-08-11,dividend,3
NTPC,2023-11-03,dividend,2.25
NTPC,2024-02-06,dividend,3.25
NTPC,2024-08-07,dividend,3.25
NTPC,2024-10-31,dividend,2.5
NTPC,2025-01-31,dividend,2.5
NTPC,2025-09-04,dividend,3.35
NTPC,2025-11-07,dividend,2.75
NTPC,2026-02-06,dividend,2.75
NTPC,2026-09-02,dividend,3.5
NYKAA,2022-11-10,split,6
OBEROIRLTY,2011-06-16,dividend,1
OBEROIRLTY,2012-06-21,dividend,2
OBEROIRLTY,2013-07-11,dividend,2
OBEROIRLTY,2014-08-21,dividend,2
OBEROIRLTY,2015-06-25,dividend,2
OBEROIRLTY,2016-03-17,dividend,2
OBEROIRLTY,2017-09-13,dividend,2
OBEROIRLTY,2018-05-31,dividend,2
OBEROIRLTY,2019-08-14,dividend,2
OBEROIRLTY,2022-07-07,dividend,3
OBEROIRLTY,2023-06-21,dividend,4
OBEROIRLTY,2023-11-08,dividend,2
OBEROIRLTY,2024-02-02,dividend,2
OBEROIRLTY,2024-05-22,dividend,2
OBEROIRLTY,2024-06-24,dividend,2
OBEROIRLTY,2024-08-01,dividend,2
OBEROIRLTY,2024-11-04,dividend,2
OBEROIRLTY,2025-01-24,dividend,2
OBEROIRLTY,2025-05-05,dividend,2
OBEROIRLTY,2025-07-25,dividend,2
OBEROIRLTY,2025-10-20,dividend,2
OBEROIRLTY,2026-01-23,dividend,2
OBEROIRLTY,2026-05-14,dividend,2
OBEROIRLTY,2026-07-23,dividend,2
OFSS,2005-08-04,dividend,5
OFSS,2006-08-03,dividend,5
OFSS,2014-09-24,dividend,485
OFSS,2015-09-03,dividend,180
OFSS,2016-08-30,dividend,100
OFSS,2017-04-19,dividend,170
OFSS,2018-08-06,dividend,130
OFSS,2020-05-19,dividend,180
OFSS,2021-05-17,dividend,200
OFSS,2022-05-13,dividend,190
OFSS,2023-05-09,dividend,225
OFSS,2024-05-07,dividend,240
OFSS,2025-05-08,dividend,265
OFSS,2025-11-03,dividend,130
OFSS,2026-05-07,dividend,270
OIL,2010-02-10,dividend,2.4
OIL,2010-09-16,dividend,2.1333
OIL,2011-01-03,dividend,2.4
OIL,2011-09-15,dividend,2.6
OIL,2012-01-03,dividend,3.3333
OIL,2012-02-22,dividend,1.3333
OIL,2012-03-29,split,2.5
OIL,2012-09-06,dividend,1.6667
OIL,2013-01-23,dividend,3.6667
OIL,2013-03-21,dividend,4
OIL,2013-09-12,dividend,2.3333
OIL,2014-02-03,dividend,3.6667
OIL,2014-03-26,dividend,3.3333
OIL,2014-09-18,dividend,0.1667
OIL,2015-03-24,dividend,3.3333
OIL,2015-09-16,dividend,3.3333
OIL,2016-01-19,dividend,2.6667
OIL,2016-09-15,dividend,2.6667
OIL,2017-01-12,split,1.3333
OIL,2017-02-13,dividend,4.2222
OIL,2017-09-14,dividend,2.1111
OIL,2018-02-21,dividend,6.2222
OIL,2018-03-27,split,1.5
OIL,2018-09-12,dividend,0.6667
OIL,2019-02-21,dividend,5.6667
OIL,2019-08-08,dividend,1.1667
OIL,2020-02-20,dividend,6
OIL,2020-09-21,dividend,1.0667
OIL,2021-02-23,dividend,2.3333
OIL,2021-09-16,dividend,1
OIL,2021-11-23,dividend,2.3333
OIL,2022-02-22,dividend,3.8333
OIL,2022-09-15,dividend,3.3333
OIL,2022-11-21,dividend,3
OIL,2023-02-22,dividend,6.6667
OIL,2023-08-25,dividend,3.6667
OIL,2023-11-22,dividend,2.3333
OIL,2024-03-18,dividend,5.6667
OIL,2024-07-02,split,1.5
OIL,2024-08-30,dividend,2.5
OIL,2024-11-14,dividend,3
OIL,2025-02-17,dividend,7
OIL,2025-09-04,dividend,1.5
OIL,2025-11-21,dividend,3.5
OIL,2026-02-18,dividend,7
OIL,2026-09-04,dividend,1
ONGC,2005-09-01,dividend,2.2222
ONGC,2005-12-27,dividend,2.7778
ONGC,2006-09-06,dividend,2.2222
ONGC,2006-10-27,split,1.5
ONGC,2006-12-27,dividend,3
ONGC,2007-09-10,dividend,2.1667
ONGC,2007-12-26,dividend,3
ONGC,2008-09-08,dividend,2.3333
ONGC,2008-12-23,dividend,3
ONGC,2009-09-11,dividend,2.3333
ONGC,2009-12-22,dividend,3
ONGC,2010-09-09,dividend,2.5
ONGC,2010-12-20,dividend,5.3333
ONGC,2011-02-08,split,2
ONGC,2011-08-18,dividend,0.5
ONGC,2012-01-06,dividend,4.1667
ONGC,2012-03-19,dividend,1
ONGC,2012-09-14,dividend,1.3333
ONGC,2012-12-24,dividend,3.3333
ONGC,2013-03-22,dividend,2.6667
ONGC,2013-09-17,dividend,0.3333
ONGC,2013-12-10,dividend,3.3333
ONGC,2014-03-27,dividend,2.8333
ONGC,2014-09-11,dividend,0.1667
ONGC,2014-12-16,dividend,3.3333
ONGC,2015-03-24,dividend,2.6667
ONGC,2015-09-07,dividend,0.3333
ONGC,2015-11-10,dividend,3
ONGC,2016-03-16,dividend,0.5
ONGC,2016-08-31,dividend,2.1667
ONGC,2016-11-03,dividend,3
ONGC,2016-12-15,split,1.5
ONGC,2017-02-07,dividend,2.25
ONGC,2017-09-21,dividend,0.8
ONGC,2017-11-03,dividend,3
ONGC,2018-03-13,dividend,2.25
ONGC,2018-09-19,dividend,1.35
ONGC,2019-02-28,dividend,5.25
ONGC,2019-03-26,dividend,1
ONGC,2019-08-22,dividend,0.75
ONGC,2020-03-23,dividend,5
ONGC,2021-02-17,dividend,1.75
ONGC,2021-09-08,dividend,1.85
ONGC,2021-11-22,dividend,5.5
ONGC,2022-02-21,dividend,1.75
ONGC,2022-08-18,dividend,3.25
ONGC,2022-11-21,dividend,6.75
ONGC,2023-02-24,dividend,4
ONGC,2023-08-18,dividend,0.5
ONGC,2023-11-21,dividend,5.75
ONGC,2024-02-16,dividend,4
ONGC,2024-08-23,dividend,2.5
ONGC,2024-11-19,dividend,6
ONGC,2025-02-07,dividend,5
ONGC,2025-09-04,dividend,1.25
ONGC,2025-11-14,dividend,6
ONGC,2026-02-18,dividend,6.25
ONGC,2026-09-04,dividend,1
PAGEIND,2007-08-27,dividend,6
PAGEIND,2008-02-04,dividend,4
PAGEIND,2008-06-09,dividend,6
PAGEIND,2008-11-03,dividend,4
PAGEIND,2009-02-04,dividend,4
PAGEIND,2009-04-15,dividend,7
PAGEIND,2009-06-19,dividend,2
PAGEIND,2009-07-22,dividend,3
PAGEIND,2009-11-04,dividend,6
PAGEIND,2010-02-03,dividend,6
PAGEIND,2010-06-18,dividend,10
PAGEIND,2010-11-18,dividend,8
PAGEIND,2011-02-17,dividend,4
PAGEIND,2011-06-02,dividend,5
PAGEIND,2011-08-01,dividend,4
PAGEIND,2011-11-16,dividend,12
PAGEIND,2012-02-15,dividend,10
PAGEIND,2012-06-05,dividend,10
PAGEIND,2012-07-13,dividend,10
PAGEIND,2012-11-15,dividend,12
PAGEIND,2013-02-20,dividend,14
PAGEIND,2013-06-05,dividend,14
PAGEIND,2013-07-30,dividend,14
PAGEIND,2013-11-21,dividend,15
PAGEIND,2014-02-17,dividend,15
PAGEIND,2014-06-04,dividend,16
PAGEIND,2014-08-05,dividend,16
PAGEIND,2014-11-17,dividend,18
PAGEIND,2015-02-16,dividend,18
PAGEIND,2015-06-04,dividend,19
PAGEIND,2015-08-05,dividend,20
PAGEIND,2015-11-16,dividend,21
PAGEIND,2016-02-17,dividend,21
PAGEIND,2016-05-31,dividend,22
PAGEIND,2016-08-03,dividend,24
PAGEIND,2016-11-17,dividend,25
PAGEIND,2017-02-16,dividend,25
PAGEIND,2017-06-01,dividend,26
PAGEIND,2017-08-02,dividend,25
PAGEIND,2017-11-16,dividend,35
PAGEIND,2018-02-15,dividend,35
PAGEIND,2018-05-31,dividend,35
PAGEIND,2018-08-23,dividend,41
PAGEIND,2018-11-20,dividend,151
PAGEIND,2019-02-21,dividend,111
PAGEIND,2019-05-30,dividend,41
PAGEIND,2019-08-19,dividend,51
PAGEIND,2019-11-21,dividend,52
PAGEIND,2020-02-18,dividend,58
PAGEIND,2020-11-19,dividend,100
PAGEIND,2021-02-17,dividend,150
PAGEIND,2021-08-18,dividend,50
PAGEIND,2021-11-17,dividend,150
PAGEIND,2022-02-17,dividend,100
PAGEIND,2022-06-02,dividend,70
PAGEIND,2022-08-18,dividend,60
PAGEIND,2022-11-17,dividend,70
PAGEIND,2023-02-17,dividend,60
PAGEIND,2023-06-02,dividend,60
PAGEIND,2023-08-18,dividend,75
PAGEIND,2023-11-17,dividend,75
PAGEIND,2024-02-16,dividend,100
PAGEIND,2024-05-31,dividend,120
PAGEIND,2024-08-16,dividend,300
PAGEIND,2024-11-14,dividend,250
PAGEIND,2025-02-13,dividend,150
PAGEIND,2025-05-21,dividend,200
PAGEIND,2025-08-13,dividend,150
PAGEIND,2025-11-19,dividend,125
PAGEIND,2026-02-11,dividend,125
PAGEIND,2026-05-27,dividend,150
PAGEIND,2026-08-19,dividend,200
PATANJALI,2005-09-15,dividend,13.3333
PATANJALI,2006-12-21,dividend,14.6667
PATANJALI,2007-09-20,dividend,16
PATANJALI,2007-10-29,split,5
PATANJALI,2008-09-18,dividend,16.6667
PATANJALI,2009-09-17,dividend,16.6667
PATANJALI,2010-09-23,dividend,16.6667
PATANJALI,2011-09-22,dividend,16.6667
PATANJALI,2012-09-20,dividend,10.6667
PATANJALI,2013-08-23,dividend,10.6667
PATANJALI,2014-09-22,dividend,5.3333
PATANJALI,2015-09-16,dividend,5.3333
PATANJALI,2019-11-14,split,0.01
PATANJALI,2022-09-23,dividend,1.6667
PATANJALI,2023-09-21,dividend,2
PATANJALI,2024-03-21,dividend,2
PATANJALI,2024-11-04,dividend,2.6667
PATANJALI,2025-09-03,dividend,0.6667
PATANJALI,2025-09-11,split,3
PATANJALI,2025-11-13,dividend,1.75
PATANJALI,2026-04-24,dividend,1.75
PATANJALI,2026-08-21,dividend,2.3
PERSISTENT,2010-05-03,dividend,0.375
PERSISTENT,2010-07-16,dividend,0.125
PERSISTENT,2010-07-20,dividend,0.125
PERSISTENT,2011-01-31,dividend,1
PERSISTENT,2011-07-14,dividend,0.375
PERSISTENT,2012-01-25,dividend,0.875
PERSISTENT,2012-07-17,dividend,0.625
PERSISTENT,2013-01-31,dividend,1.5
PERSISTENT,2013-07-24,dividend,0.75
PERSISTENT,2014-01-30,dividend,2
PERSISTENT,2014-07-17,dividend,1
PERSISTENT,2015-01-29,dividend,2.5
PERSISTENT,2015-03-10,split,2
PERSISTENT,2015-07-16,dividend,2.5
PERSISTENT,2016-02-02,dividend,2.5
PERSISTENT,2016-03-17,dividend,1.5
PERSISTENT,2017-01-31,dividend,3
PERSISTENT,2017-07-12,dividend,1.5
PERSISTENT,2018-02-02,dividend,3.5
PERSISTENT,2018-07-19,dividend,1.5
PERSISTENT,2019-02-04,dividend,4
PERSISTENT,2019-07-11,dividend,1.5
PERSISTENT,2020-02-06,dividend,4.5
PERSISTENT,2020-03-18,dividend,1.5
PERSISTENT,2021-02-09,dividend,7
PERSISTENT,2021-07-13,dividend,3
PERSISTENT,2022-01-27,dividend,10
PERSISTENT,2022-07-11,dividend,5.5
PERSISTENT,2023-01-25,dividend,14
PERSISTENT,2023-07-11,dividend,11
PERSISTENT,2024-01-30,dividend,16
PERSISTENT,2024-03-28,split,2
PERSISTENT,2024-07-09,dividend,10
PERSISTENT,2025-01-31,dividend,20
PERSISTENT,2025-07-14,dividend,15
PERSISTENT,2026-01-27,dividend,22
PERSISTENT,2026-07-27,dividend,18
PETRONET,2007-05-30,dividend,0.625
PETRONET,2008-05-22,dividend,0.75
PETRONET,2009-06-11,dividend,0.875
PETRONET,2010-06-10,dividend,0.875
PETRONET,2011-06-16,dividend,1
PETRONET,2012-06-21,dividend,1.25
PETRONET,2013-06-20,dividend,1.25
PETRONET,2014-09-04,dividend,1
PETRONET,2015-09-15,dividend,1
PETRONET,2016-09-12,dividend,1.25
PETRONET,2017-07-03,split,2
PETRONET,2017-09-07,dividend,2.5
PETRONET,2018-09-06,dividend,4.5
PETRONET,2018-11-15,dividend,5.5
PETRONET,2019-08-19,dividend,4.5
PETRONET,2019-11-07,dividend,5.5
PETRONET,2020-07-15,dividend,7
PETRONET,2020-11-23,dividend,8
PETRONET,2021-07-01,dividend,3.5
PETRONET,2021-11-17,dividend,7
PETRONET,2022-07-04,dividend,4.5
PETRONET,2022-11-21,dividend,7
PETRONET,2023-08-18,dividend,3
PETRONET,2023-11-10,dividend,7
PETRONET,2024-07-12,dividend,3
PETRONET,2024-11-08,dividend,7
PETRONET,2025-07-04,dividend,3
PETRONET,2025-11-14,dividend,7
PETRONET,2026-06-12,dividend,3
PFC,2007-09-07,dividend,0.4
PFC,2008-02-11,dividend,1
PFC,2008-07-14,dividend,0.4
PFC,2009-02-24,dividend,1.06
PFC,2009-09-07,dividend,0.54
PFC,2010-02-03,dividend,1.2
PFC,2010-09-03,dividend,0.6
PFC,2011-01-21,dividend,1.4
PFC,2011-09-12,dividend,0.6
PFC,2012-02-08,dividend,2
PFC,2012-09-05,dividend,0.4
PFC,2013-02-04,dividend,2.4
PFC,2013-09-10,dividend,0.4
PFC,2014-02-07,dividend,3.52
PFC,2014-09-10,dividend,0.08
PFC,2015-03-04,dividend,3.4
PFC,2015-09-15,dividend,0.24
PFC,2015-12-23,dividend,3.52
PFC,2016-02-16,dividend,1.8
PFC,2016-08-11,dividend,0.24
PFC,2016-08-26,split,2
PFC,2017-03-30,dividend,4
PFC,2017-11-10,dividend,4.8
PFC,2018-03-06,dividend,1.44
PFC,2020-02-28,dividend,7.6
PFC,2021-03-19,dividend,6.4
PFC,2021-07-01,dividend,1.6
PFC,2021-08-31,dividend,1.8
PFC,2021-11-24,dividend,2
PFC,2022-02-25,dividend,4.8
PFC,2022-06-09,dividend,1
PFC,2022-09-01,dividend,1.8
PFC,2022-11-24,dividend,2.4
PFC,2023-02-24,dividend,2.8
PFC,2023-06-16,dividend,3.6
PFC,2023-09-21,split,1.25
PFC,2023-11-24,dividend,4.5
PFC,2024-02-20,dividend,3.5
PFC,2024-03-22,dividend,3
PFC,2024-07-26,dividend,2.5
PFC,2024-08-30,dividend,3.25
PFC,2024-11-25,dividend,3.5
PFC,2025-02-28,dividend,3.5
PFC,2025-03-19,dividend,3.5
PFC,2025-06-13,dividend,2.05
PFC,2025-08-18,dividend,3.7
PFC,2025-11-26,dividend,3.65
PFC,2026-02-20,dividend,4
PFC,2026-03-23,dividend,3.25
PFC,2026-07-31,dividend,3.95
PFC,2026-08-27,dividend,3.9
PHOENIXLTD,2007-10-25,dividend,0.3
PHOENIXLTD,2008-02-13,split,5
PHOENIXLTD,2008-09-12,dividend,0.5
PHOENIXLTD,2009-09-11,dividend,0.5
PHOENIXLTD,2010-09-17,dividend,0.6
PHOENIXLTD,2011-09-09,dividend,0.9
PHOENIXLTD,2012-08-10,dividend,1
PHOENIXLTD,2013-08-12,dividend,1.1
PHOENIXLTD,2014-08-13,dividend,1.1
PHOENIXLTD,2015-09-02,dividend,1.1
PHOENIXLTD,2016-03-17,dividend,0.875
PHOENIXLTD,2016-08-31,dividend,0.225
PHOENIXLTD,2017-09-18,dividend,1.2
PHOENIXLTD,2018-09-11,dividend,1.3
PHOENIXLTD,2019-09-17,dividend,1.5
PHOENIXLTD,2021-09-16,dividend,0.5
PHOENIXLTD,2022-09-12,dividend,1.2
PHOENIXLTD,2023-09-15,dividend,2.5
PHOENIXLTD,2024-08-20,dividend,2.5
PHOENIXLTD,2024-09-20,split,2
PHOENIXLTD,2025-09-15,dividend,2.5
PHOENIXLTD,2026-09-11,dividend,2.5
PIDILITIND,2005-07-22,dividend,0.25
PIDILITIND,2005-09-20,split,10
PIDILITIND,2006-07-21,dividend,0.3125
PIDILITIND,2007-08-14,dividend,0.375
PIDILITIND,2008-08-11,dividend,0.4375
PIDILITIND,2009-07-17,dividend,0.4375
PIDILITIND,2010-03-15,split,2
PIDILITIND,2010-07-26,dividend,0.75
PIDILITIND,2011-07-08,dividend,0.875
PIDILITIND,2012-07-06,dividend,0.95
PIDILITIND,2013-07-05,dividend,1.3
PIDILITIND,2014-09-09,dividend,1.35
PIDILITIND,2015-08-14,dividend,1.45
PIDILITIND,2016-03-18,dividend,1.825
PIDILITIND,2016-08-24,dividend,0.25
PIDILITIND,2017-08-23,dividend,2.375
PIDILITIND,2018-08-21,dividend,3
PIDILITIND,2019-07-29,dividend,3.25
PIDILITIND,2020-03-13,dividend,3.5
PIDILITIND,2021-07-27,dividend,4.25
PIDILITIND,2022-07-26,dividend,5
PIDILITIND,2023-07-27,dividend,5.5
PIDILITIND,2024-07-24,dividend,8
PIDILITIND,2025-07-23,dividend,10
PIDILITIND,2025-09-23,split,2
PIDILITIND,2026-07-23,dividend,11.5
PIIND,2011-07-08,dividend,0.4
PIIND,2011-08-17,split,2
PIIND,2011-11-17,dividend,0.4
PIIND,2012-09-05,dividend,0.6
PIIND,2013-04-12,split,5
PIIND,2013-08-19,dividend,1.5
PIIND,2014-02-21,dividend,0.5
PIIND,2014-09-03,dividend,1
PIIND,2014-11-13,dividend,1.2
PIIND,2015-09-08,dividend,1.3
PIIND,2015-11-17,dividend,1.2
PIIND,2016-03-22,dividend,1.9
PIIND,2016-11-16,dividend,1.5
PIIND,2017-08-30,dividend,2.5
PIIND,2017-11-09,dividend,1.5
PIIND,2018-07-30,dividend,2.5
PIIND,2018-11-09,dividend,2.5
PIIND,2019-08-29,dividend,1.5
PIIND,2020-02-24,dividend,3
PIIND,2020-09-17,dividend,1
PIIND,2021-02-11,dividend,3
PIIND,2021-09-06,dividend,2
PIIND,2022-02-14,dividend,3
PIIND,2022-08-25,dividend,3
PIIND,2023-02-24,dividend,4.5
PIIND,2023-08-11,dividend,5.5
PIIND,2024-02-21,dividend,6
PIIND,2024-08-20,dividend,9
PIIND,2025-02-14,dividend,6
PIIND,2025-08-07,dividend,10
PIIND,2026-02-23,dividend,5
PIIND,2026-08-07,dividend,10
PNB,2005-02-25,dividend,0.6
PNB,2005-06-16,dividend,0.6
PNB,2005-11-29,dividend,0.6
PNB,2006-06-22,dividend,1.2
PNB,2007-02-14,dividend,0.8
PNB,2007-06-07,dividend,1.2
PNB,2008-05-29,dividend,2.6
PNB,2009-06-04,dividend,4
PNB,2010-02-04,dividend,2
PNB,2010-07-08,dividend,2.4
PNB,2011-06-16,dividend,4.4
PNB,2012-06-14,dividend,4.4
PNB,2013-06-13,dividend,5.4
PNB,2014-02-11,dividend,2
PNB,2014-12-18,split,5
PNB,2015-06-22,dividend,3.3
PNB,2022-06-22,dividend,0.64
PNB,2023-06-23,dividend,0.65
PNB,2024-06-21,dividend,1.5
PNB,2025-06-20,dividend,2.9
PNB,2026-06-12,dividend,3
POLYCAB,2019-06-18,dividend,3
POLYCAB,2020-03-12,dividend,7
POLYCAB,2021-07-12,dividend,10
POLYCAB,2022-06-21,dividend,14
POLYCAB,2023-06-21,dividend,20
POLYCAB,2024-07-09,dividend,30
POLYCAB,2025-06-24,dividend,35
POLYCAB,2026-06-19,dividend,47
POWERGRID,2008-03-10,dividend,0.2812
POWERGRID,2008-09-01,dividend,0.3937
POWERGRID,2009-02-04,dividend,0.2812
POWERGRID,2009-08-21,dividend,0.3937
POWERGRID,2010-01-11,dividend,0.2812
POWERGRID,2010-09-07,dividend,0.5625
POWERGRID,2011-02-11,dividend,0.2812
POWERGRID,2011-09-06,dividend,0.7031
POWERGRID,2012-02-13,dividend,0.45
POWERGRID,2012-09-05,dividend,0.7369
POWERGRID,2013-02-15,dividend,0.9056
POWERGRID,2013-09-05,dividend,0.6412
POWERGRID,2014-03-04,dividend,0.7144
POWERGRID,2014-09-04,dividend,0.7369
POWERGRID,2015-03-09,dividend,0.3881
POWERGRID,2015-09-07,dividend,0.7369
POWERGRID,2016-02-03,dividend,0.45
POWERGRID,2016-09-08,dividend,0.8494
POWERGRID,2017-02-16,dividend,0.5625
POWERGRID,2017-09-11,dividend,1.8844
POWERGRID,2018-02-08,dividend,1.3781
POWERGRID,2018-09-10,dividend,1.575
POWERGRID,2019-03-14,dividend,3.2794
POWERGRID,2019-08-19,dividend,1.4062
POWERGRID,2020-03-16,dividend,3.3525
POWERGRID,2020-09-02,dividend,2.2725
POWERGRID,2020-12-17,dividend,2.8125
POWERGRID,2021-03-08,dividend,2.25
POWERGRID,2021-07-29,split,1.3333
POWERGRID,2021-09-08,dividend,2.25
POWERGRID,2021-12-22,dividend,5.25
POWERGRID,2022-02-16,dividend,4.125
POWERGRID,2022-08-19,dividend,1.6875
POWERGRID,2022-11-14,dividend,3.75
POWERGRID,2023-02-08,dividend,3.75
POWERGRID,2023-08-08,dividend,3.5625
POWERGRID,2023-09-12,split,1.3333
POWERGRID,2023-11-16,dividend,4
POWERGRID,2024-02-15,dividend,4.5
POWERGRID,2024-08-16,dividend,2.75
POWERGRID,2024-11-14,dividend,4.5
POWERGRID,2025-02-07,dividend,3.25
POWERGRID,2025-08-19,dividend,1.25
POWERGRID,2025-11-10,dividend,4.5
POWERGRID,2026-02-09,dividend,3.25
POWERINDIA,2021-05-19,dividend,2
POWERINDIA,2022-07-14,dividend,3
POWERINDIA,2023-08-10,dividend,3.4
POWERINDIA,2024-08-14,dividend,4
POWERINDIA,2025-08-13,dividend,6
POWERINDIA,2026-08-21,dividend,8
PREMIERENE,2025-02-14,dividend,0.5
PREMIERENE,2025-08-01,dividend,0.25
PREMIERENE,2025-08-29,dividend,0.5
PREMIERENE,2026-05-08,dividend,0.75
PRESTIGE,2011-07-21,dividend,1.2
PRESTIGE,2012-08-30,dividend,1.2
PRESTIGE,2013-08-29,dividend,1.2
PRESTIGE,2014-09-18,dividend,1.5
PRESTIGE,2015-09-23,dividend,1.5
PRESTIGE,2016-03-30,dividend,1.2
PRESTIGE,2017-09-19,dividend,1.2
PRESTIGE,2018-09-10,dividend,1.2
PRESTIGE,2019-09-17,dividend,1.5
PRESTIGE,2020-03-19,dividend,1.5
PRESTIGE,2021-09-17,dividend,1.5
PRESTIGE,2022-09-19,dividend,1.5
PRESTIGE,2023-09-14,dividend,1.5
PRESTIGE,2024-09-23,dividend,1.8
PRESTIGE,2025-09-03,dividend,1.8
PRESTIGE,2026-08-13,dividend,2
RADICO,2005-10-28,dividend,2.2
RADICO,2006-09-14,dividend,0.5
RADICO,2007-09-17,dividend,0.5
RADICO,2008-09-19,dividend,0.5
RADICO,2009-09-04,dividend,0.3
RADICO,2010-08-31,dividend,0.6
RADICO,2011-08-30,dividend,0.7
RADICO,2012-09-17,dividend,0.8
RADICO,2013-09-20,dividend,0.8
RADICO,2014-09-22,dividend,0.8
RADICO,2015-09-23,dividend,0.8
RADICO,2016-07-04,dividend,0.8
RADICO,2017-09-21,dividend,0.8
RADICO,2018-08-24,dividend,1
RADICO,2019-09-19,dividend,1.2
RADICO,2020-08-21,dividend,2
RADICO,2021-09-20,dividend,2.4
RADICO,2022-09-21,dividend,3
RADICO,2023-09-14,dividend,3
RADICO,2024-07-25,dividend,3
RADICO,2025-07-24,dividend,4
RADICO,2026-07-24,dividend,9
RECLTD,2008-09-08,dividend,1.125
RECLTD,2009-02-26,dividend,0.75
RECLTD,2009-09-03,dividend,0.9375
RECLTD,2010-01-04,dividend,1.125
RECLTD,2010-08-24,dividend,1.3125
RECLTD,2011-02-11,dividend,1.3125
RECLTD,2011-08-30,dividend,1.5
RECLTD,2012-01-30,dividend,1.875
RECLTD,2012-09-04,dividend,0.9375
RECLTD,2013-02-08,dividend,2.5312
RECLTD,2013-08-28,dividend,0.5625
RECLTD,2014-02-20,dividend,2.9062
RECLTD,2014-09-02,dividend,0.6562
RECLTD,2015-02-18,dividend,3
RECLTD,2015-09-09,dividend,1.0125
RECLTD,2016-02-17,dividend,4.5
RECLTD,2016-08-22,dividend,1.9125
RECLTD,2016-09-28,split,2
RECLTD,2017-02-27,dividend,5.25
RECLTD,2017-09-14,dividend,1.9875
RECLTD,2018-02-15,dividend,5.55
RECLTD,2018-09-17,dividend,1.3125
RECLTD,2019-03-11,dividend,8.25
RECLTD,2020-02-11,dividend,8.25
RECLTD,2020-11-13,dividend,4.5
RECLTD,2021-03-18,dividend,3.75
RECLTD,2021-08-13,dividend,1.5
RECLTD,2021-09-16,dividend,1.2825
RECLTD,2021-11-11,dividend,1.875
RECLTD,2022-02-15,dividend,4.5
RECLTD,2022-07-12,dividend,3.6
RECLTD,2022-08-17,split,1.3333
RECLTD,2022-11-07,dividend,5
RECLTD,2023-02-09,dividend,3.25
RECLTD,2023-07-14,dividend,4.35
RECLTD,2023-08-14,dividend,3
RECLTD,2023-11-13,dividend,3.5
RECLTD,2024-03-28,dividend,4.5
RECLTD,2024-06-28,dividend,5
RECLTD,2024-08-09,dividend,3.5
RECLTD,2024-11-08,dividend,4
RECLTD,2025-02-14,dividend,4.3
RECLTD,2025-03-26,dividend,3.6
RECLTD,2025-08-01,dividend,4.6
RECLTD,2025-08-14,dividend,2.6
RECLTD,2025-10-27,dividend,4.6
RECLTD,2026-02-06,dividend,4.6
RECLTD,2026-03-20,dividend,3.2
RECLTD,2026-07-31,dividend,4.25
RECLTD,2026-08-14,dividend,1.55
RELIANCE,2005-05-12,dividend,0.9287
RELIANCE,2006-06-01,dividend,1.2383
RELIANCE,2007-03-21,dividend,1.3621
RELIANCE,2008-05-08,dividend,1.6097
RELIANCE,2009-10-16,dividend,1.6097
RELIANCE,2009-11-26,split,2
RELIANCE,2010-05-10,dividend,1.7336
RELIANCE,2011-05-05,dividend,1.9812
RELIANCE,2012-05-31,dividend,2.105
RELIANCE,2013-05-10,dividend,2.2289
RELIANCE,2014-05-16,dividend,2.3527
RELIANCE,2015-05-08,dividend,2.4765
RELIANCE,2016-03-17,dividend,2.6004
RELIANCE,2017-07-13,dividend,2.7242
RELIANCE,2017-09-07,split,2
RELIANCE,2018-06-27,dividend,2.9718
RELIANCE,2019-08-02,dividend,3.2195
RELIANCE,2020-07-02,dividend,3.25
RELIANCE,2021-06-11,dividend,3.5
RELIANCE,2022-08-18,dividend,4
RELIANCE,2023-08-21,dividend,4.5
RELIANCE,2024-08-19,dividend,5
RELIANCE,2024-10-28,split,2
RELIANCE,2025-08-14,dividend,5.5
RELIANCE,2026-06-05,dividend,6
RVNL,2019-09-06,dividend,0.0929
RVNL,2020-12-08,dividend,1.14
RVNL,2021-04-08,dividend,1.14
RVNL,2021-11-30,dividend,0.44
RVNL,2022-03-24,dividend,1.58
RVNL,2022-09-22,dividend,0.25
RVNL,2023-04-06,dividend,1.77
RVNL,2023-09-20,dividend,0.36
RVNL,2024-09-23,dividend,2.11
RVNL,2025-08-21,dividend,1.72
RVNL,2026-02-11,dividend,1
RVNL,2026-08-18,dividend,0.71
SAIL,2005-01-31,dividend,1.5
SAIL,2005-08-11,dividend,1.8
SAIL,2006-02-01,dividend,1.25
SAIL,2006-08-10,dividend,0.75
SAIL,2007-02-01,dividend,1.6
SAIL,2007-08-08,dividend,1.5
SAIL,2008-02-01,dividend,1.9
SAIL,2008-07-31,dividend,1.8
SAIL,2009-01-30,dividend,1.3
SAIL,2009-07-30,dividend,1.3
SAIL,2010-02-01,dividend,1.6
SAIL,2010-07-29,dividend,1.7
SAIL,2011-01-18,dividend,1.2
SAIL,2011-08-10,dividend,1.2
SAIL,2012-02-15,dividend,1.2
SAIL,2012-08-09,dividend,0.8
SAIL,2013-02-15,dividend,1.6
SAIL,2013-08-02,dividend,0.4
SAIL,2014-02-18,dividend,2.02
SAIL,2015-02-18,dividend,1.75
SAIL,2015-08-11,dividend,0.25
SAIL,2019-08-22,dividend,0.5
SAIL,2021-02-04,dividend,1
SAIL,2021-09-20,dividend,1.8
SAIL,2021-11-09,dividend,4
SAIL,2022-03-28,dividend,2.5
SAIL,2022-07-28,dividend,2.25
SAIL,2023-03-24,dividend,1
SAIL,2023-09-20,dividend,0.5
SAIL,2024-02-20,dividend,1
SAIL,2024-09-19,dividend,1
SAIL,2025-09-08,dividend,1.6
SBICARD,2020-05-15,dividend,1
SBICARD,2022-03-30,dividend,2.5
SBICARD,2023-03-29,dividend,2.5
SBICARD,2024-03-28,dividend,2.5
SBICARD,2025-02-25,dividend,2.5
SBICARD,2026-03-11,dividend,2.5
SBILIFE,2018-04-03,dividend,2
SBILIFE,2019-04-03,dividend,2
SBILIFE,2021-04-05,dividend,2.5
SBILIFE,2022-03-29,dividend,2
SBILIFE,2023-03-16,dividend,2.5
SBILIFE,2024-03-15,dividend,2.7
SBILIFE,2025-03-07,dividend,2.7
SBILIFE,2026-03-06,dividend,2.7
SBIN,2005-06-17,dividend,1.1794
SBIN,2006-06-19,dividend,1.3209
SBIN,2007-06-13,dividend,1.3209
SBIN,2008-05-29,dividend,2.15
SBIN,2009-06-10,dividend,2.9
SBIN,2010-02-05,dividend,1
SBIN,2010-06-09,dividend,2
SBIN,2011-05-20,dividend,3
SBIN,2012-05-24,dividend,3.5
SBIN,2013-05-28,dividend,4.15
SBIN,2014-03-11,dividend,1.5
SBIN,2014-05-29,dividend,1.5
SBIN,2014-11-20,split,10
SBIN,2015-05-28,dividend,3.5
SBIN,2016-06-03,dividend,2.6
SBIN,2017-05-26,dividend,2.6
SBIN,2021-06-03,dividend,4
SBIN,2022-05-25,dividend,7.1
SBIN,2023-05-31,dividend,11.3
SBIN,2024-05-22,dividend,13.7
SBIN,2025-05-16,dividend,15.9
SBIN,2026-05-15,dividend,17.35
SCHAEFFLER,2005-03-30,dividend,0.7
SCHAEFFLER,2006-03-29,dividend,0.7
SCHAEFFLER,2007-03-29,dividend,0.8
SCHAEFFLER,2008-03-28,dividend,0.8
SCHAEFFLER,2009-03-30,dividend,0.9
SCHAEFFLER,2010-03-30,dividend,0.9
SCHAEFFLER,2011-03-30,dividend,1
SCHAEFFLER,2012-03-29,dividend,2
SCHAEFFLER,2013-03-26,dividend,1
SCHAEFFLER,2014-03-27,dividend,1.2
SCHAEFFLER,2015-03-30,dividend,1.5
SCHAEFFLER,2016-04-13,dividend,2
SCHAEFFLER,2017-04-12,dividend,2.4
SCHAEFFLER,2018-04-09,dividend,3.4
SCHAEFFLER,2019-04-22,dividend,6
SCHAEFFLER,2020-06-19,dividend,7
SCHAEFFLER,2021-04-19,dividend,7.6
SCHAEFFLER,2022-02-08,split,5
SCHAEFFLER,2022-04-19,dividend,16
SCHAEFFLER,2023-04-11,dividend,24
SCHAEFFLER,2024-04-19,dividend,26
SCHAEFFLER,2025-04-23,dividend,28
SCHAEFFLER,2026-04-23,dividend,35
SHREECEM,2005-08-08,dividend,4
SHREECEM,2006-07-21,dividend,5
SHREECEM,2007-03-21,dividend,6
SHREECEM,2008-07-10,dividend,8
SHREECEM,2009-05-04,dividend,5
SHREECEM,2009-07-16,dividend,5
SHREECEM,2010-01-25,dividend,5
SHREECEM,2010-08-05,dividend,8
SHREECEM,2011-02-04,dividend,6
SHREECEM,2011-07-21,dividend,8
SHREECEM,2012-01-27,dividend,6
SHREECEM,2012-05-18,dividend,6
SHREECEM,2012-10-08,dividend,8
SHREECEM,2013-05-03,dividend,8
SHREECEM,2013-10-17,dividend,12
SHREECEM,2014-01-31,dividend,10
SHREECEM,2014-08-28,dividend,22
SHREECEM,2015-11-05,dividend,14
SHREECEM,2016-02-10,dividend,12
SHREECEM,2016-03-17,dividend,12
SHREECEM,2016-08-22,dividend,16
SHREECEM,2017-02-06,dividend,100
SHREECEM,2017-07-21,dividend,24
SHREECEM,2018-01-18,dividend,20
SHREECEM,2018-07-20,dividend,30
SHREECEM,2019-01-29,dividend,25
SHREECEM,2019-07-31,dividend,35
SHREECEM,2020-02-24,dividend,110
SHREECEM,2021-07-22,dividend,60
SHREECEM,2022-02-10,dividend,45
SHREECEM,2022-07-13,dividend,45
SHREECEM,2023-02-16,dividend,45
SHREECEM,2023-06-01,dividend,55
SHREECEM,2024-02-08,dividend,50
SHREECEM,2024-07-23,dividend,55
SHREECEM,2025-02-05,dividend,50
SHREECEM,2025-07-21,dividend,60
SHREECEM,2025-11-03,dividend,80
SHREECEM,2026-07-17,dividend,70
SHRIRAMFIN,2005-08-30,dividend,0.2923
SHRIRAMFIN,2005-12-20,dividend,0.1949
SHRIRAMFIN,2006-07-13,dividend,0.3897
SHRIRAMFIN,2006-12-13,dividend,0.1949
SHRIRAMFIN,2007-08-10,dividend,0.3897
SHRIRAMFIN,2007-12-17,dividend,0.1949
SHRIRAMFIN,2008-07-24,dividend,0.7795
SHRIRAMFIN,2008-11-10,dividend,0.1949
SHRIRAMFIN,2009-07-16,dividend,0.7795
SHRIRAMFIN,2009-11-09,dividend,0.3897
SHRIRAMFIN,2010-06-03,dividend,0.7795
SHRIRAMFIN,2010-11-08,dividend,0.4872
SHRIRAMFIN,2011-06-10,dividend,0.7795
SHRIRAMFIN,2011-11-21,dividend,0.4872
SHRIRAMFIN,2012-06-21,dividend,0.7795
SHRIRAMFIN,2012-11-15,dividend,0.5846
SHRIRAMFIN,2013-06-21,dividend,0.7795
SHRIRAMFIN,2013-11-13,dividend,0.5846
SHRIRAMFIN,2014-06-25,dividend,0.7795
SHRIRAMFIN,2014-10-30,dividend,0.7795
SHRIRAMFIN,2015-07-22,dividend,1.1692
SHRIRAMFIN,2015-11-05,dividend,0.7795
SHRIRAMFIN,2016-07-18,dividend,1.1692
SHRIRAMFIN,2016-11-03,dividend,0.7795
SHRIRAMFIN,2017-06-21,dividend,1.1692
SHRIRAMFIN,2017-11-10,dividend,0.9744
SHRIRAMFIN,2018-07-18,dividend,1.1692
SHRIRAMFIN,2018-11-05,dividend,0.9744
SHRIRAMFIN,2019-06-19,dividend,1.3641
SHRIRAMFIN,2019-11-07,dividend,0.9744
SHRIRAMFIN,2020-11-09,dividend,1.2
SHRIRAMFIN,2021-04-05,dividend,1.2
SHRIRAMFIN,2021-06-16,dividend,1.2
SHRIRAMFIN,2021-11-09,dividend,1.6
SHRIRAMFIN,2022-03-11,dividend,2.4
SHRIRAMFIN,2023-01-03,dividend,3
SHRIRAMFIN,2023-06-16,dividend,4
SHRIRAMFIN,2023-11-06,dividend,4
SHRIRAMFIN,2024-02-06,dividend,2
SHRIRAMFIN,2024-07-23,dividend,3
SHRIRAMFIN,2024-11-07,dividend,4.4
SHRIRAMFIN,2025-01-10,split,5
SHRIRAMFIN,2025-01-31,dividend,2.5
SHRIRAMFIN,2025-07-11,dividend,3
SHRIRAMFIN,2025-11-07,dividend,4.8
SHRIRAMFIN,2026-07-03,dividend,6
SIEMENS,2005-01-07,dividend,0.5
SIEMENS,2005-05-09,dividend,0.45
SIEMENS,2006-01-06,dividend,1
SIEMENS,2006-06-13,split,5
SIEMENS,2007-01-02,dividend,1.9
SIEMENS,2008-01-14,dividend,2.4
SIEMENS,2008-02-29,split,2
SIEMENS,2009-01-14,dividend,3
SIEMENS,2010-01-19,dividend,5
SIEMENS,2011-01-18,dividend,5
SIEMENS,2012-01-16,dividend,6
SIEMENS,2013-01-16,dividend,6
SIEMENS,2014-01-15,dividend,5
SIEMENS,2015-01-14,dividend,6
SIEMENS,2016-01-21,dividend,10
SIEMENS,2016-08-12,dividend,27.5
SIEMENS,2017-01-31,dividend,6
SIEMENS,2018-01-25,dividend,7
SIEMENS,2019-01-28,dividend,7
SIEMENS,2020-02-03,dividend,7
SIEMENS,2021-01-27,dividend,7
SIEMENS,2022-01-20,dividend,8
SIEMENS,2023-01-31,dividend,10
SIEMENS,2024-01-30,dividend,10
SIEMENS,2025-01-30,dividend,12
SIEMENS,2026-07-29,dividend,18
SJVN,2010-09-01,dividend,0.6
SJVN,2011-08-17,dividend,0.8
SJVN,2012-08-24,dividend,0.94
SJVN,2013-09-04,dividend,0.96
SJVN,2014-09-01,dividend,0.98
SJVN,2015-02-16,dividend,0.63
SJVN,2015-09-14,dividend,0.42
SJVN,2016-02-16,dividend,0.63
SJVN,2016-09-14,dividend,0.47
SJVN,2017-02-22,dividend,2.25
SJVN,2017-09-14,dividend,0.5
SJVN,2018-02-21,dividend,1.9
SJVN,2018-09-17,dividend,0.2
SJVN,2019-02-18,dividend,1.5
SJVN,2019-09-19,dividend,0.65
SJVN,2020-02-25,dividend,1.7
SJVN,2020-09-21,dividend,0.5
SJVN,2021-02-23,dividend,1.8
SJVN,2021-09-21,dividend,0.4
SJVN,2022-02-21,dividend,1.15
SJVN,2022-09-21,dividend,0.55
SJVN,2023-02-17,dividend,1.15
SJVN,2023-09-21,dividend,0.62
SJVN,2024-02-21,dividend,1.15
SJVN,2024-09-12,dividend,0.65
SJVN,2025-02-21,dividend,1.15
SJVN,2025-09-18,dividend,0.31
SJVN,2026-02-20,dividend,1.15
SJVN,2026-08-24,dividend,0.35
SOLARINDS,2006-09-18,dividend,0.3
SOLARINDS,2007-09-12,dividend,0.3
SOLARINDS,2007-11-01,dividend,0.3
SOLARINDS,2008-09-10,dividend,0.3
SOLARINDS,2009-09-08,dividend,0.9
SOLARINDS,2010-02-17,dividend,0.7
SOLARINDS,2010-08-11,dividend,0.7
SOLARINDS,2010-11-11,dividend,0.8
SOLARINDS,2011-07-29,dividend,0.8
SOLARINDS,2011-11-22,dividend,1
SOLARINDS,2012-08-01,dividend,1
SOLARINDS,2012-11-15,dividend,1
SOLARINDS,2013-08-30,dividend,1.2
SOLARINDS,2013-11-13,dividend,1
SOLARINDS,2014-08-22,dividend,1.4
SOLARINDS,2014-11-19,dividend,1.6
SOLARINDS,2015-08-27,dividend,1.8
SOLARINDS,2015-11-09,dividend,1.8
SOLARINDS,2016-03-16,dividend,2.7
SOLARINDS,2016-07-13,split,5
SOLARINDS,2017-02-20,dividend,2
SOLARINDS,2017-08-09,dividend,3
SOLARINDS,2018-07-18,dividend,6
SOLARINDS,2019-07-18,dividend,7
SOLARINDS,2020-09-03,dividend,6
SOLARINDS,2021-08-18,dividend,6
SOLARINDS,2022-05-27,dividend,7.5
SOLARINDS,2023-06-09,dividend,8
SOLARINDS,2024-07-04,dividend,8.5
SOLARINDS,2025-07-08,dividend,10
SOLARINDS,2026-07-28,dividend,11
SRF,2005-06-29,dividend,0.5
SRF,2006-07-07,dividend,0.6
SRF,2007-03-22,dividend,0.8
SRF,2007-06-29,dividend,0.4
SRF,2008-03-18,dividend,0.6
SRF,2008-06-27,dividend,0.4
SRF,2008-10-31,dividend,1
SRF,2009-03-31,dividend,1
SRF,2009-11-12,dividend,1.4
SRF,2010-04-08,dividend,1.4
SRF,2010-11-02,dividend,1.4
SRF,2011-03-04,dividend,1.4
SRF,2011-11-22,dividend,1.4
SRF,2012-02-23,dividend,1.4
SRF,2012-11-15,dividend,1
SRF,2013-02-25,dividend,1
SRF,2013-11-07,dividend,0.6
SRF,2014-02-14,dividend,1.4
SRF,2014-08-27,dividend,1
SRF,2015-02-13,dividend,1
SRF,2015-08-28,dividend,1
SRF,2016-02-15,dividend,1
SRF,2016-08-16,dividend,1.2
SRF,2017-02-17,dividend,1.2
SRF,2017-08-16,dividend,1.2
SRF,2018-02-15,dividend,1.2
SRF,2018-08-14,dividend,1.2
SRF,2019-02-11,dividend,1.2
SRF,2019-08-13,dividend,1.4
SRF,2020-02-10,dividend,1.4
SRF,2020-08-06,dividend,1
SRF,2021-01-29,dividend,3.8
SRF,2021-08-05,dividend,2.4
SRF,2021-10-13,split,5
SRF,2022-02-03,dividend,4.75
SRF,2022-07-28,dividend,3.6
SRF,2023-02-07,dividend,3.6
SRF,2023-08-01,dividend,3.6
SRF,2024-02-07,dividend,3.6
SRF,2024-07-31,dividend,3.6
SRF,2025-02-04,dividend,3.6
SRF,2025-07-29,dividend,4
SRF,2026-01-27,dividend,5
SRF,2026-07-28,dividend,5
SUNDARMFIN,2005-02-02,dividend,1.5
SUNDARMFIN,2005-07-13,dividend,0.375
SUNDARMFIN,2006-07-18,dividend,3.375
SUNDARMFIN,2007-03-20,dividend,2.125
SUNDARMFIN,2007-07-09,dividend,0.5
SUNDARMFIN,2008-05-02,dividend,2.5
SUNDARMFIN,2008-07-08,dividend,1.25
SUNDARMFIN,2008-08-22,split,2
SUNDARMFIN,2009-03-04,dividend,2
SUNDARMFIN,2009-07-10,dividend,1.25
SUNDARMFIN,2010-02-09,dividend,3
SUNDARMFIN,2010-06-30,dividend,2
SUNDARMFIN,2011-02-02,dividend,3.5
SUNDARMFIN,2011-06-29,dividend,3.5
SUNDARMFIN,2012-02-01,dividend,3.75
SUNDARMFIN,2012-06-28,dividend,4
SUNDARMFIN,2012-12-13,split,2
SUNDARMFIN,2013-02-14,dividend,4.5
SUNDARMFIN,2013-07-02,dividend,4.5
SUNDARMFIN,2014-07-07,dividend,10
SUNDARMFIN,2015-02-10,dividend,4.5
SUNDARMFIN,2015-07-07,dividend,6
SUNDARMFIN,2016-02-09,dividend,4.5
SUNDARMFIN,2016-03-17,dividend,5.5
SUNDARMFIN,2016-07-05,dividend,1
SUNDARMFIN,2017-03-01,dividend,5
SUNDARMFIN,2017-07-04,dividend,6.5
SUNDARMFIN,2018-05-10,dividend,5
SUNDARMFIN,2018-07-04,dividend,7
SUNDARMFIN,2019-02-11,dividend,5
SUNDARMFIN,2019-07-03,dividend,12.5
SUNDARMFIN,2020-02-18,dividend,10
SUNDARMFIN,2020-07-02,dividend,3
SUNDARMFIN,2021-02-02,dividend,12
SUNDARMFIN,2021-08-24,dividend,6
SUNDARMFIN,2022-02-17,dividend,10
SUNDARMFIN,2022-07-08,dividend,10
SUNDARMFIN,2023-02-17,dividend,12
SUNDARMFIN,2023-07-05,dividend,15
SUNDARMFIN,2024-02-16,dividend,14
SUNDARMFIN,2024-07-31,dividend,16
SUNDARMFIN,2025-02-07,dividend,14
SUNDARMFIN,2025-07-09,dividend,21
SUNDARMFIN,2026-02-06,dividend,16
SUNDARMFIN,2026-07-06,dividend,24
SUNPHARMA,2005-09-19,dividend,0.375
SUNPHARMA,2006-09-06,dividend,0.55
SUNPHARMA,2007-03-15,dividend,0.675
SUNPHARMA,2008-08-25,dividend,1.05
SUNPHARMA,2009-08-21,dividend,1.375
SUNPHARMA,2010-09-09,dividend,1.375
SUNPHARMA,2010-11-25,split,5
SUNPHARMA,2011-09-02,dividend,1.75
SUNPHARMA,2012-08-14,dividend,2.125
SUNPHARMA,2013-07-29,split,2
SUNPHARMA,2013-09-19,dividend,2.5
SUNPHARMA,2014-09-11,dividend,1.5
SUNPHARMA,2015-10-21,dividend,3
SUNPHARMA,2016-09-08,dividend,1
SUNPHARMA,2017-09-18,dividend,3.5
SUNPHARMA,2018-09-17,dividend,2
SUNPHARMA,2019-08-20,dividend,2.75
SUNPHARMA,2020-02-17,dividend,3
SUNPHARMA,2020-08-19,dividend,1
SUNPHARMA,2021-02-09,dividend,5.5
SUNPHARMA,2021-08-23,dividend,2
SUNPHARMA,2022-02-09,dividend,7
SUNPHARMA,2022-08-19,dividend,3
SUNPHARMA,2023-02-08,dividend,7.5
SUNPHARMA,2023-07-28,dividend,4
SUNPHARMA,2024-02-09,dividend,8.5
SUNPHARMA,2024-07-12,dividend,5
SUNPHARMA,2025-02-06,dividend,10.5
SUNPHARMA,2025-07-07,dividend,5.5
SUNPHARMA,2026-02-05,dividend,11
SUNPHARMA,2026-07-07,dividend,5
SUPREMEIND,2005-09-20,dividend,0.9
SUPREMEIND,2006-09-25,dividend,1
SUPREMEIND,2006-11-13,split,2
SUPREMEIND,2007-01-25,dividend,0.5
SUPREMEIND,2007-10-01,dividend,1
SUPREMEIND,2008-01-24,dividend,0.7
SUPREMEIND,2008-10-03,dividend,0.9
SUPREMEIND,2009-09-01,dividend,2.4
SUPREMEIND,2010-01-18,dividend,1
SUPREMEIND,2010-09-03,dividend,2.6
SUPREMEIND,2010-10-18,split,5
SUPREMEIND,2011-02-04,dividend,1.3
SUPREMEIND,2011-09-05,dividend,3
SUPREMEIND,2012-01-31,dividend,1.5
SUPREMEIND,2012-09-06,dividend,4.5
SUPREMEIND,2013-01-28,dividend,2
SUPREMEIND,2013-09-05,dividend,5.5
SUPREMEIND,2014-01-27,dividend,2
SUPREMEIND,2014-09-08,dividend,6
SUPREMEIND,2015-01-28,dividend,2
SUPREMEIND,2015-09-08,dividend,7
SUPREMEIND,2016-02-02,dividend,2.5
SUPREMEIND,2016-03-22,dividend,5
SUPREMEIND,2016-11-07,dividend,3
SUPREMEIND,2017-06-21,dividend,12
SUPREMEIND,2017-11-06,dividend,3
SUPREMEIND,2018-06-19,dividend,9
SUPREMEIND,2018-11-05,dividend,4
SUPREMEIND,2019-07-02,dividend,9
SUPREMEIND,2019-11-04,dividend,4
SUPREMEIND,2020-03-06,dividend,10
SUPREMEIND,2020-11-05,dividend,5
SUPREMEIND,2021-06-21,dividend,17
SUPREMEIND,2021-10-29,dividend,6
SUPREMEIND,2022-06-21,dividend,18
SUPREMEIND,2022-11-07,dividend,6
SUPREMEIND,2023-06-21,dividend,20
SUPREMEIND,2023-11-07,dividend,8
SUPREMEIND,2024-06-21,dividend,22
SUPREMEIND,2024-10-30,dividend,10
SUPREMEIND,2025-06-20,dividend,24
SUPREMEIND,2025-11-03,dividend,11
SUPREMEIND,2026-06-25,dividend,25
SUZLON,2006-02-03,dividend,0.4591
SUZLON,2006-07-06,dividend,0.4591
SUZLON,2007-03-16,dividend,0.9182
SUZLON,2008-01-21,split,5
SUZLON,2008-07-17,dividend,0.9182
TATACAP,2026-07-27,dividend,0.57
TATACOMM,2005-08-30,dividend,6
TATACOMM,2006-08-11,dividend,4.5
TATACOMM,2007-07-13,dividend,4.5
TATACOMM,2008-07-24,dividend,4.5
TATACOMM,2009-07-22,dividend,4.5
TATACOMM,2011-09-28,dividend,2
TATACOMM,2012-07-16,dividend,2
TATACOMM,2013-07-17,dividend,3
TATACOMM,2014-07-30,dividend,4.5
TATACOMM,2015-09-23,dividend,5.5
TATACOMM,2016-07-21,dividend,4.3
TATACOMM,2017-06-16,dividend,6
TATACOMM,2018-08-01,dividend,4.5
TATACOMM,2019-07-25,dividend,4.5
TATACOMM,2020-08-20,dividend,4
TATACOMM,2021-06-17,dividend,14
TATACOMM,2022-06-10,dividend,20.7
TATACOMM,2023-06-26,dividend,21
TATACOMM,2024-07-01,dividend,16.7
TATACOMM,2025-06-19,dividend,25
TATACOMM,2026-06-19,dividend,17.5
TATACONSUM,2005-07-21,dividend,0.9877
TATACONSUM,2006-07-21,dividend,1.1853
TATACONSUM,2007-07-23,dividend,1.4816
TATACONSUM,2008-08-01,dividend,3.457
TATACONSUM,2009-08-13,dividend,1.7285
TATACONSUM,2010-06-30,split,10
TATACONSUM,2010-08-05,dividend,1.9754
TATACONSUM,2011-08-10,dividend,1.9754
TATACONSUM,2012-08-09,dividend,2.1236
TATACONSUM,2013-06-27,dividend,2.1236
TATACONSUM,2014-08-05,dividend,2.2224
TATACONSUM,2015-07-30,dividend,2.2224
TATACONSUM,2016-08-08,dividend,2.2224
TATACONSUM,2017-07-07,dividend,2.3211
TATACONSUM,2017-08-04,dividend,2.3211
TATACONSUM,2018-06-20,dividend,2.4693
TATACONSUM,2019-05-24,dividend,2.4693
TATACONSUM,2020-06-18,dividend,2.6669
TATACONSUM,2021-06-10,dividend,4.0003
TATACONSUM,2022-06-09,dividend,5.9757
TATACONSUM,2023-05-19,dividend,8.3463
TATACONSUM,2024-05-24,dividend,7.6549
TATACONSUM,2025-05-29,dividend,8.25
TATACONSUM,2026-05-25,dividend,10
TATAELXSI,2005-07-08,dividend,2.75
TATAELXSI,2006-07-13,dividend,3.25
TATAELXSI,2007-07-13,dividend,3.5
TATAELXSI,2008-07-09,dividend,3.5
TATAELXSI,2009-08-21,dividend,3.5
TATAELXSI,2010-07-12,dividend,3.5
TATAELXSI,2010-07-27,dividend,3.5
TATAELXSI,2011-07-08,dividend,3.5
TATAELXSI,2012-07-13,dividend,3.5
TATAELXSI,2013-07-12,dividend,2.5
TATAELXSI,2014-07-09,dividend,4.5
TATAELXSI,2015-07-14,dividend,5.5
TATAELXSI,2015-07-15,dividend,5.5
TATAELXSI,2016-07-15,dividend,7
TATAELXSI,2017-07-18,dividend,8
TATAELXSI,2017-09-18,split,2
TATAELXSI,2018-07-16,dividend,11
TATAELXSI,2019-07-08,dividend,13.5
TATAELXSI,2020-07-13,dividend,16.5
TATAELXSI,2021-06-17,dividend,48
TATAELXSI,2022-06-15,dividend,42.5
TATAELXSI,2023-06-22,dividend,60.6
TATAELXSI,2024-06-25,dividend,70
TATAELXSI,2025-06-11,dividend,75
TATAELXSI,2026-06-10,dividend,75
TATAINVEST,2005-07-08,dividend,0.8
TATAINVEST,2005-08-22,split,1.5
TATAINVEST,2006-07-06,dividend,1.2
TATAINVEST,2007-07-05,dividend,1.5
TATAINVEST,2008-06-27,dividend,1.5
TATAINVEST,2009-06-17,dividend,1.5
TATAINVEST,2010-02-01,dividend,1.5
TATAINVEST,2011-02-07,dividend,1.6
TATAINVEST,2012-07-18,dividend,2.1
TATAINVEST,2013-07-15,dividend,1.6
TATAINVEST,2014-07-18,dividend,1.7
TATAINVEST,2015-07-28,dividend,1.7
TATAINVEST,2016-03-17,dividend,1.7
TATAINVEST,2017-08-04,dividend,1.8
TATAINVEST,2018-07-13,dividend,2
TATAINVEST,2019-07-15,dividend,2
TATAINVEST,2020-07-01,dividend,1.8
TATAINVEST,2021-06-16,dividend,2.4
TATAINVEST,2022-06-02,dividend,5.5
TATAINVEST,2023-06-12,dividend,4.8
TATAINVEST,2024-06-18,dividend,2.8
TATAINVEST,2025-06-10,dividend,2.7
TATAINVEST,2025-10-14,split,10
TATAINVEST,2026-06-10,dividend,3.4
TATAPOWER,2005-07-12,dividend,0.7238
TATAPOWER,2006-07-07,dividend,0.8203
TATAPOWER,2007-07-17,dividend,0.9168
TATAPOWER,2008-08-18,dividend,1.0133
TATAPOWER,2009-07-14,dividend,1.1098
TATAPOWER,2010-08-16,dividend,1.158
TATAPOWER,2011-08-02,dividend,1.2063
TATAPOWER,2011-09-26,split,10
TATAPOWER,2012-07-24,dividend,1.2063
TATAPOWER,2013-07-26,dividend,1.1098
TATAPOWER,2014-07-23,dividend,1.25
TATAPOWER,2015-07-20,dividend,1.3
TATAPOWER,2016-09-07,dividend,1.3
TATAPOWER,2017-08-10,dividend,1.3
TATAPOWER,2018-07-12,dividend,1.3
TATAPOWER,2019-06-04,dividend,1.3
TATAPOWER,2020-07-14,dividend,1.55
TATAPOWER,2021-06-17,dividend,1.55
TATAPOWER,2022-06-15,dividend,1.75
TATAPOWER,2023-06-07,dividend,2
TATAPOWER,2024-07-04,dividend,2
TATAPOWER,2025-06-20,dividend,2.25
TATAPOWER,2026-06-23,dividend,2.5
TATASTEEL,2005-06-07,dividend,1.0948
TATASTEEL,2006-05-26,dividend,1.0948
TATASTEEL,2007-06-08,dividend,1.3054
TATASTEEL,2008-07-18,dividend,1.5244
TATASTEEL,2009-07-06,dividend,1.5244
TATASTEEL,2010-07-12,dividend,0.7622
TATASTEEL,2011-07-04,dividend,1.1433
TATASTEEL,2012-07-16,dividend,1.1433
TATASTEEL,2013-07-15,dividend,0.7622
TATASTEEL,2014-07-14,dividend,0.9527
TATASTEEL,2015-07-23,dividend,0.7622
TATASTEEL,2016-07-28,dividend,0.7622
TATASTEEL,2017-07-20,dividend,0.9527
TATASTEEL,2018-07-05,dividend,1
TATASTEEL,2019-07-04,dividend,1.3
TATASTEEL,2020-08-06,dividend,1
TATASTEEL,2021-06-17,dividend,2.5
TATASTEEL,2022-06-15,dividend,5.1
TATASTEEL,2022-07-28,split,10
TATASTEEL,2023-06-22,dividend,3.6
TATASTEEL,2024-06-21,dividend,3.6
TATASTEEL,2025-06-06,dividend,3.6
TATASTEEL,2026-06-12,dividend,4
TCS,2005-02-03,dividend,0.4375
TCS,2005-07-06,dividend,0.625
TCS,2005-08-18,dividend,0.375
TCS,2005-10-18,dividend,0.375
TCS,2006-01-18,dividend,0.375
TCS,2006-06-16,dividend,0.5625
TCS,2006-07-28,dividend,0.375
TCS,2006-07-28,split,2
TCS,2006-10-23,dividend,0.75
TCS,2007-01-22,dividend,0.75
TCS,2007-06-15,dividend,1
TCS,2007-07-27,dividend,0.75
TCS,2007-10-22,dividend,0.75
TCS,2008-01-23,dividend,0.75
TCS,2008-06-18,dividend,1.25
TCS,2008-07-31,dividend,0.75
TCS,2008-10-29,dividend,0.75
TCS,2009-01-28,dividend,0.75
TCS,2009-06-16,dividend,1.25
TCS,2009-06-16,split,2
TCS,2009-07-27,dividend,1
TCS,2009-10-28,dividend,1
TCS,2010-01-27,dividend,1
TCS,2010-06-15,dividend,7
TCS,2010-07-29,dividend,1
TCS,2010-11-01,dividend,1
TCS,2011-01-27,dividend,1
TCS,2011-06-08,dividend,4
TCS,2011-07-28,dividend,1.5
TCS,2011-10-25,dividend,1.5
TCS,2012-01-25,dividend,1.5
TCS,2012-06-07,dividend,8
TCS,2012-07-23,dividend,1.5
TCS,2012-10-31,dividend,1.5
TCS,2013-01-23,dividend,1.5
TCS,2013-06-06,dividend,6.5
TCS,2013-07-29,dividend,2
TCS,2013-10-25,dividend,2
TCS,2014-01-27,dividend,2
TCS,2014-06-06,dividend,10
TCS,2014-07-28,dividend,22.5
TCS,2014-10-29,dividend,2.5
TCS,2015-01-27,dividend,2.5
TCS,2015-06-05,dividend,12
TCS,2015-07-20,dividend,2.75
TCS,2015-10-23,dividend,2.75
TCS,2016-01-21,dividend,2.75
TCS,2016-06-06,dividend,13.5
TCS,2016-07-25,dividend,3.25
TCS,2016-10-24,dividend,3.25
TCS,2017-01-23,dividend,3.25
TCS,2017-06-13,dividend,13.75
TCS,2017-07-24,dividend,3.5
TCS,2017-10-25,dividend,3.5
TCS,2018-01-22,dividend,3.5
TCS,2018-05-31,dividend,14.5
TCS,2018-05-31,split,2
TCS,2018-07-17,dividend,4
TCS,2018-10-23,dividend,4
TCS,2019-01-17,dividend,4
TCS,2019-06-04,dividend,18
TCS,2019-07-16,dividend,5
TCS,2019-10-17,dividend,45
TCS,2020-01-23,dividend,5
TCS,2020-03-19,dividend,12
TCS,2020-06-03,dividend,6
TCS,2020-07-16,dividend,5
TCS,2020-10-14,dividend,12
TCS,2021-01-14,dividend,6
TCS,2021-05-25,dividend,15
TCS,2021-07-15,dividend,7
TCS,2021-10-14,dividend,7
TCS,2022-01-19,dividend,7
TCS,2022-05-25,dividend,22
TCS,2022-07-14,dividend,8
TCS,2022-10-17,dividend,8
TCS,2023-01-16,dividend,75
TCS,2023-06-15,dividend,24
TCS,2023-07-20,dividend,9
TCS,2023-10-19,dividend,9
TCS,2024-01-19,dividend,27
TCS,2024-05-16,dividend,28
TCS,2024-07-19,dividend,10
TCS,2024-10-18,dividend,10
TCS,2025-01-17,dividend,76
TCS,2025-06-04,dividend,30
TCS,2025-07-16,dividend,11
TCS,2025-10-15,dividend,11
TCS,2026-01-16,dividend,57
TCS,2026-05-25,dividend,31
TCS,2026-07-15,dividend,12
TECHM,2007-03-21,dividend,0.375
TECHM,2008-07-17,dividend,1.375
TECHM,2008-10-27,dividend,1
TECHM,2010-07-21,dividend,0.875
TECHM,2011-08-04,dividend,1
TECHM,2012-08-02,dividend,1
TECHM,2013-09-19,dividend,1.25
TECHM,2014-07-25,dividend,5
TECHM,2015-03-19,split,2
TECHM,2015-07-23,dividend,6
TECHM,2016-07-28,dividend,12
TECHM,2017-07-27,dividend,9
TECHM,2018-07-26,dividend,14
TECHM,2019-07-25,dividend,14
TECHM,2020-03-02,dividend,10
TECHM,2020-07-23,dividend,5
TECHM,2020-10-29,dividend,30
TECHM,2021-07-23,dividend,30
TECHM,2021-11-02,dividend,15
TECHM,2022-07-21,dividend,30
TECHM,2022-11-09,dividend,18
TECHM,2023-07-21,dividend,32
TECHM,2023-11-02,dividend,12
TECHM,2024-07-19,dividend,28
TECHM,2024-10-31,dividend,15
TECHM,2025-07-04,dividend,30
TECHM,2025-10-20,dividend,15
TECHM,2026-07-03,dividend,36
THERMAX,2005-07-14,dividend,2.4
THERMAX,2006-03-31,split,5
THERMAX,2006-07-06,dividend,3.4
THERMAX,2007-03-20,dividend,3.4
THERMAX,2007-07-12,dividend,2.6
THERMAX,2008-07-10,dividend,8
THERMAX,2009-07-09,dividend,5
THERMAX,2010-07-08,dividend,5
THERMAX,2011-07-07,dividend,9
THERMAX,2012-07-12,dividend,7
THERMAX,2013-07-11,dividend,7
THERMAX,2014-07-10,dividend,6
THERMAX,2015-07-16,dividend,7
THERMAX,2016-07-28,dividend,6
THERMAX,2017-07-27,dividend,6
THERMAX,2018-07-26,dividend,6
THERMAX,2019-07-25,dividend,7
THERMAX,2020-03-20,dividend,7
THERMAX,2021-07-22,dividend,7
THERMAX,2022-07-21,dividend,9
THERMAX,2023-07-21,dividend,10
THERMAX,2024-07-05,dividend,12
THERMAX,2025-07-04,dividend,14
THERMAX,2026-07-03,dividend,20
TIINDIA,2018-02-22,dividend,1.25
TIINDIA,2018-07-30,dividend,0.5
TIINDIA,2019-02-14,dividend,1.75
TIINDIA,2019-07-08,dividend,0.75
TIINDIA,2020-03-11,dividend,3.5
TIINDIA,2021-02-22,dividend,2
TIINDIA,2021-08-04,dividend,1.5
TIINDIA,2022-02-17,dividend,2
TIINDIA,2022-07-20,dividend,1.5
TIINDIA,2023-02-15,dividend,2
TIINDIA,2023-07-26,dividend,1.5
TIINDIA,2024-02-13,dividend,2
TIINDIA,2024-07-23,dividend,1.5
TIINDIA,2025-02-07,dividend,2
TIINDIA,2025-07-25,dividend,1.5
TIINDIA,2026-02-10,dividend,2
TIINDIA,2026-08-07,dividend,1.5
TITAN,2005-08-12,dividend,0.1
TITAN,2006-08-04,dividend,0.15
TITAN,2007-07-11,dividend,0.25
TITAN,2008-07-15,dividend,0.4
TITAN,2009-07-10,dividend,0.5
TITAN,2010-07-09,dividend,0.75
TITAN,2011-06-23,split,10
TITAN,2011-07-22,dividend,1.25
TITAN,2012-07-13,dividend,1.75
TITAN,2013-07-16,dividend,2.1
TITAN,2014-07-15,dividend,2.1
TITAN,2015-07-17,dividend,2.3
TITAN,2016-03-22,dividend,2.2
TITAN,2017-07-24,dividend,2.6
TITAN,2018-07-23,dividend,3.75
TITAN,2019-07-29,dividend,5
TITAN,2020-08-03,dividend,4
TITAN,2021-07-22,dividend,4
TITAN,2022-07-08,dividend,7.5
TITAN,2023-07-13,dividend,10
TITAN,2024-06-27,dividend,11
TITAN,2025-07-08,dividend,11
TITAN,2026-07-09,dividend,15
TMCV,2026-06-12,dividend,4
TMPV,2005-06-23,dividend,2.3954
TMPV,2006-06-23,dividend,2.4912
TMPV,2007-06-01,dividend,2.8745
TMPV,2008-06-16,dividend,2.8745
TMPV,2009-08-03,dividend,1.1873
TMPV,2010-08-10,dividend,2.9682
TMPV,2011-07-19,dividend,3.9576
TMPV,2011-09-12,split,5
TMPV,2012-07-18,dividend,3.9576
TMPV,2013-07-30,dividend,1.9788
TMPV,2014-07-09,dividend,1.9788
TMPV,2016-07-18,dividend,0.2
TMPV,2023-07-28,dividend,2
TMPV,2024-06-11,dividend,6
TMPV,2025-06-04,dividend,6
TMPV,2026-06-19,dividend,3
TORNTPHARM,2005-06-09,dividend,0.5
TORNTPHARM,2006-02-20,split,2
TORNTPHARM,2006-06-15,dividend,0.625
TORNTPHARM,2007-03-23,dividend,0.75
TORNTPHARM,2008-06-19,dividend,0.875
TORNTPHARM,2009-06-08,dividend,1
TORNTPHARM,2010-06-04,dividend,1.5
TORNTPHARM,2011-06-06,dividend,2
TORNTPHARM,2012-01-27,dividend,1.5
TORNTPHARM,2012-06-11,dividend,0.625
TORNTPHARM,2013-02-01,dividend,1.5
TORNTPHARM,2013-06-10,dividend,4.25
TORNTPHARM,2013-07-23,split,2
TORNTPHARM,2014-01-24,dividend,2.5
TORNTPHARM,2014-06-16,dividend,2.5
TORNTPHARM,2015-02-02,dividend,2.5
TORNTPHARM,2015-06-15,dividend,3.125
TORNTPHARM,2016-02-11,dividend,10
TORNTPHARM,2016-03-16,dividend,7.5
TORNTPHARM,2017-02-10,dividend,5
TORNTPHARM,2017-06-19,dividend,2
TORNTPHARM,2018-02-15,dividend,4.5
TORNTPHARM,2018-06-18,dividend,2.5
TORNTPHARM,2019-02-06,dividend,6.5
TORNTPHARM,2019-06-13,dividend,2
TORNTPHARM,2020-03-18,dividend,16
TORNTPHARM,2021-02-15,dividend,10
TORNTPHARM,2021-06-17,dividend,7.5
TORNTPHARM,2022-02-02,dividend,12.5
TORNTPHARM,2022-06-03,dividend,11.5
TORNTPHARM,2022-07-08,split,2
TORNTPHARM,2023-02-03,dividend,14
TORNTPHARM,2023-06-23,dividend,8
TORNTPHARM,2024-02-12,dividend,22
TORNTPHARM,2024-06-21,dividend,6
TORNTPHARM,2025-01-31,dividend,26
TORNTPHARM,2025-06-20,dividend,6
TORNTPHARM,2026-02-18,dividend,29
TORNTPHARM,2026-05-29,dividend,9
TORNTPOWER,2006-12-11,dividend,1.2
TORNTPOWER,2007-03-23,dividend,0.4
TORNTPOWER,2008-06-19,dividend,1.2
TORNTPOWER,2009-06-18,dividend,2
TORNTPOWER,2010-06-17,dividend,3
TORNTPOWER,2011-06-16,dividend,5.5
TORNTPOWER,2012-01-25,dividend,3
TORNTPOWER,2012-06-14,dividend,3.5
TORNTPOWER,2013-06-13,dividend,2
TORNTPOWER,2014-06-12,dividend,0.5
TORNTPOWER,2015-06-11,dividend,1.5
TORNTPOWER,2016-03-17,dividend,4.5
TORNTPOWER,2017-06-08,dividend,2.2
TORNTPOWER,2018-06-08,dividend,5
TORNTPOWER,2019-06-13,dividend,5
TORNTPOWER,2020-02-18,dividend,11.6
TORNTPOWER,2021-02-16,dividend,5.5
TORNTPOWER,2021-06-24,dividend,5.5
TORNTPOWER,2022-02-10,dividend,9
TORNTPOWER,2023-02-22,dividend,22
TORNTPOWER,2023-06-16,dividend,4
TORNTPOWER,2024-02-16,dividend,12
TORNTPOWER,2024-06-14,dividend,4
TORNTPOWER,2025-02-12,dividend,14
TORNTPOWER,2025-06-06,dividend,5
TORNTPOWER,2026-02-16,dividend,15
TORNTPOWER,2026-06-19,dividend,5
TRENT,2005-04-29,dividend,0.3369
TRENT,2006-08-04,dividend,0.365
TRENT,2007-05-08,dividend,0.3931
TRENT,2008-07-16,dividend,0.3931
TRENT,2009-07-31,dividend,0.3088
TRENT,2010-08-09,dividend,0.4333
TRENT,2011-07-18,dividend,0.5
TRENT,2012-07-23,dividend,0.4333
TRENT,2013-07-15,dividend,0.4667
TRENT,2014-08-04,dividend,0.4667
TRENT,2015-07-27,dividend,0.6667
TRENT,2016-03-17,dividend,0.6
TRENT,2016-09-12,split,10
TRENT,2017-07-19,dividend,0.6667
TRENT,2018-07-27,dividend,0.7667
TRENT,2019-07-19,dividend,0.8667
TRENT,2020-07-24,dividend,0.6667
TRENT,2021-07-09,dividend,0.4
TRENT,2022-02-22,dividend,0.4
TRENT,2022-05-20,dividend,0.7333
TRENT,2023-05-25,dividend,1.4667
TRENT,2024-05-22,dividend,2.1333
TRENT,2025-06-12,dividend,3.3333
TRENT,2026-06-04,split,1.5
TRENT,2026-06-12,dividend,4
TVSMOTOR,2005-06-03,dividend,0.3
TVSMOTOR,2005-10-31,dividend,0.35
TVSMOTOR,2006-07-03,dividend,0.3
TVSMOTOR,2006-10-27,dividend,0.35
TVSMOTOR,2007-08-10,dividend,0.075
TVSMOTOR,2008-08-06,dividend,0.35
TVSMOTOR,2009-06-29,dividend,0.35
TVSMOTOR,2010-01-25,dividend,0.35
TVSMOTOR,2010-07-26,dividend,0.25
TVSMOTOR,2010-09-08,split,2
TVSMOTOR,2011-01-25,dividend,0.5
TVSMOTOR,2011-08-02,dividend,0.6
TVSMOTOR,2012-03-20,dividend,0.6
TVSMOTOR,2012-06-04,dividend,0.7
TVSMOTOR,2013-02-06,dividend,0.6
TVSMOTOR,2013-05-03,dividend,0.6
TVSMOTOR,2013-10-30,dividend,0.65
TVSMOTOR,2014-05-02,dividend,0.75
TVSMOTOR,2015-02-06,dividend,0.75
TVSMOTOR,2015-05-05,dividend,1.15
TVSMOTOR,2016-02-04,dividend,1
TVSMOTOR,2016-03-17,dividend,1.5
TVSMOTOR,2016-11-03,dividend,1.25
TVSMOTOR,2017-03-14,dividend,1.25
TVSMOTOR,2017-11-08,dividend,2
TVSMOTOR,2018-03-06,dividend,1.3
TVSMOTOR,2018-10-30,dividend,2.1
TVSMOTOR,2019-03-18,dividend,1.4
TVSMOTOR,2020-02-11,dividend,2.1
TVSMOTOR,2020-03-17,dividend,1.4
TVSMOTOR,2021-02-04,dividend,2.1
TVSMOTOR,2021-03-30,dividend,1.4
TVSMOTOR,2022-03-25,dividend,3.75
TVSMOTOR,2023-02-02,dividend,5
TVSMOTOR,2024-03-19,dividend,8
TVSMOTOR,2025-03-26,dividend,10
TVSMOTOR,2026-03-30,dividend,12
UBL,2008-10-01,dividend,0.15
UBL,2009-09-07,dividend,0.15
UBL,2010-08-17,dividend,0.36
UBL,2011-12-16,dividend,0.6
UBL,2012-09-21,dividend,0.7
UBL,2013-09-06,dividend,0.7
UBL,2014-09-01,dividend,0.9
UBL,2015-09-14,dividend,1
UBL,2016-08-30,dividend,1.15
UBL,2017-09-14,dividend,1.15
UBL,2018-09-07,dividend,2
UBL,2019-08-13,dividend,2.5
UBL,2020-08-18,dividend,2.5
UBL,2021-07-01,dividend,0.5
UBL,2022-08-02,dividend,10.5
UBL,2023-08-03,dividend,7.5
UBL,2024-07-25,dividend,10
UBL,2025-07-31,dividend,10
UBL,2026-08-07,dividend,10
ULTRACEMCO,2005-08-11,dividend,0.75
ULTRACEMCO,2006-08-14,dividend,1.75
ULTRACEMCO,2007-03-15,dividend,4
ULTRACEMCO,2008-07-09,dividend,5
ULTRACEMCO,2009-07-09,dividend,5
ULTRACEMCO,2010-06-21,dividend,6
ULTRACEMCO,2011-08-25,dividend,6
ULTRACEMCO,2012-08-17,dividend,8
ULTRACEMCO,2013-07-17,dividend,9
ULTRACEMCO,2014-07-24,dividend,9
ULTRACEMCO,2015-08-14,dividend,9
ULTRACEMCO,2016-07-04,dividend,9.5
ULTRACEMCO,2017-07-10,dividend,10
ULTRACEMCO,2018-07-10,dividend,10.5
ULTRACEMCO,2019-07-10,dividend,11.5
ULTRACEMCO,2020-07-29,dividend,13
ULTRACEMCO,2021-08-02,dividend,37
ULTRACEMCO,2022-08-02,dividend,38
ULTRACEMCO,2023-07-27,dividend,38
ULTRACEMCO,2024-07-30,dividend,70
ULTRACEMCO,2025-07-25,dividend,77.5
ULTRACEMCO,2026-07-30,dividend,240
UNIONBANK,2005-02-18,dividend,2
UNIONBANK,2005-06-07,dividend,1.5
UNIONBANK,2006-06-08,dividend,3.5
UNIONBANK,2007-01-11,dividend,1.5
UNIONBANK,2007-06-14,dividend,2
UNIONBANK,2008-06-17,dividend,4
UNIONBANK,2009-06-18,dividend,5
UNIONBANK,2010-06-24,dividend,5.5
UNIONBANK,2011-06-16,dividend,8
UNIONBANK,2012-06-21,dividend,8
UNIONBANK,2013-06-20,dividend,8
UNIONBANK,2014-01-20,dividend,2.7
UNIONBANK,2014-06-19,dividend,1.3
UNIONBANK,2015-06-18,dividend,6
UNIONBANK,2016-06-17,dividend,1.95
UNIONBANK,2022-06-22,dividend,1.9
UNIONBANK,2023-07-28,dividend,3
UNIONBANK,2024-07-19,dividend,3.6
UNIONBANK,2025-07-25,dividend,4.75
UNIONBANK,2026-07-03,dividend,5
UNITDSPR,2005-09-13,dividend,0.4
UNITDSPR,2006-12-08,dividend,0.4
UNITDSPR,2007-03-22,dividend,0.3
UNITDSPR,2007-11-20,dividend,0.2
UNITDSPR,2008-12-19,dividend,0.3
UNITDSPR,2009-09-22,dividend,0.4
UNITDSPR,2010-09-21,dividend,0.5
UNITDSPR,2011-09-21,dividend,0.5
UNITDSPR,2012-09-17,dividend,0.5
UNITDSPR,2013-09-16,dividend,0.5
UNITDSPR,2018-06-15,split,5
UNITDSPR,2023-11-17,dividend,4
UNITDSPR,2024-07-12,dividend,5
UNITDSPR,2025-04-03,dividend,4
UNITDSPR,2025-08-01,dividend,8
UNITDSPR,2026-01-27,dividend,6
UNITDSPR,2026-07-08,dividend,11
UNOMINDA,2007-07-16,dividend,0.0829
UNOMINDA,2008-07-15,dividend,0.0829
UNOMINDA,2009-07-20,dividend,0.0829
UNOMINDA,2010-12-15,dividend,0.0995
UNOMINDA,2011-08-02,dividend,0.0995
UNOMINDA,2012-09-14,dividend,0.0995
UNOMINDA,2013-09-06,dividend,0.0995
UNOMINDA,2014-08-19,dividend,0.0995
UNOMINDA,2015-02-26,dividend,0.0829
UNOMINDA,2015-07-30,dividend,0.1161
UNOMINDA,2016-02-11,dividend,0.0995
UNOMINDA,2016-08-03,dividend,0.1327
UNOMINDA,2016-09-12,split,5
UNOMINDA,2017-02-16,dividend,0.199
UNOMINDA,2017-08-21,dividend,0.1658
UNOMINDA,2018-02-22,dividend,0.199
UNOMINDA,2018-07-11,dividend,0.796
UNOMINDA,2018-07-11,split,3
UNOMINDA,2019-02-15,dividend,0.2239
UNOMINDA,2019-07-29,dividend,0.3234
UNOMINDA,2020-02-17,dividend,0.199
UNOMINDA,2021-02-15,dividend,0.175
UNOMINDA,2021-08-04,dividend,0.25
UNOMINDA,2022-02-16,dividend,0.25
UNOMINDA,2022-07-07,dividend,1
UNOMINDA,2022-07-07,split,2
UNOMINDA,2023-02-20,dividend,0.5
UNOMINDA,2023-08-31,dividend,1
UNOMINDA,2024-02-15,dividend,0.65
UNOMINDA,2024-06-07,dividend,1.35
UNOMINDA,2025-02-12,dividend,0.75
UNOMINDA,2025-05-30,dividend,1.5
UNOMINDA,2026-02-11,dividend,0.9
UNOMINDA,2026-05-29,dividend,1.75
UPL,2005-08-17,dividend,0.2558
UPL,2005-09-27,split,5
UPL,2006-09-07,dividend,0.3197
UPL,2007-03-21,dividend,0.3837
UPL,2008-09-04,dividend,0.6395
UPL,2008-10-29,split,2
UPL,2009-09-03,dividend,0.9592
UPL,2010-08-26,dividend,1.279
UPL,2011-07-14,dividend,1.279
UPL,2012-04-03,dividend,1.279
UPL,2012-07-12,dividend,0.3197
UPL,2013-07-04,dividend,1.5987
UPL,2014-08-07,dividend,2.558
UPL,2015-07-16,dividend,3.1975
UPL,2016-06-16,dividend,3.1975
UPL,2017-06-22,dividend,4.4765
UPL,2018-08-09,dividend,5.116
UPL,2019-05-28,dividend,5.116
UPL,2019-07-02,split,1.5
UPL,2020-08-19,dividend,5.7555
UPL,2021-07-14,dividend,9.5924
UPL,2022-07-27,dividend,9.5924
UPL,2023-08-03,dividend,9.5924
UPL,2024-08-12,dividend,0.9592
UPL,2025-07-11,dividend,6
UPL,2026-07-17,dividend,6
VBL,2017-08-16,dividend,0.1481
VBL,2018-08-20,dividend,0.1481
VBL,2019-07-25,split,1.5
VBL,2019-08-26,dividend,0.2222
VBL,2020-08-14,dividend,0.2222
VBL,2021-06-10,split,1.5
VBL,2021-08-11,dividend,0.3333
VBL,2022-06-06,split,1.5
VBL,2022-08-11,dividend,0.5
VBL,2023-04-12,dividend,0.2
VBL,2023-06-15,split,2
VBL,2023-08-14,dividend,0.5
VBL,2024-04-04,dividend,0.5
VBL,2024-08-09,dividend,0.5
VBL,2024-09-12,split,2.5
VBL,2025-04-04,dividend,0.5
VBL,2025-05-07,dividend,0.5
VBL,2025-08-01,dividend,0.5
VBL,2026-04-08,dividend,0.5
VBL,2026-04-30,dividend,0.5
VBL,2026-07-31,dividend,0.5
VEDL,2005-01-06,dividend,0.125
VEDL,2005-02-16,split,2
VEDL,2005-07-11,dividend,1
VEDL,2006-03-13,dividend,0.75
VEDL,2006-12-04,dividend,1.25
VEDL,2007-02-19,dividend,0.75
VEDL,2007-09-21,dividend,1.25
VEDL,2008-02-06,dividend,0.75
VEDL,2008-07-11,dividend,1.5
VEDL,2008-08-08,split,10
VEDL,2009-07-31,dividend,2.25
VEDL,2010-07-02,dividend,3.25
VEDL,2011-06-30,dividend,3.5
VEDL,2012-02-01,dividend,2
VEDL,2012-06-08,dividend,2
VEDL,2013-05-31,dividend,0.1
VEDL,2013-11-06,dividend,1.5
VEDL,2014-07-04,dividend,1.75
VEDL,2014-11-03,dividend,1.75
VEDL,2015-07-06,dividend,2.35
VEDL,2015-10-30,dividend,3.5
VEDL,2016-11-07,dividend,1.75
VEDL,2017-04-11,dividend,17.7
VEDL,2018-03-20,dividend,21.2
VEDL,2018-11-06,dividend,17
VEDL,2019-03-13,dividend,1.85
VEDL,2020-03-05,dividend,3.9
VEDL,2020-10-28,dividend,9.5
VEDL,2021-09-08,dividend,18.5
VEDL,2021-12-17,dividend,13.5
VEDL,2022-03-09,dividend,13
VEDL,2022-05-06,dividend,31.5
VEDL,2022-07-26,dividend,19.5
VEDL,2022-11-29,dividend,17.5
VEDL,2023-02-03,dividend,12.5
VEDL,2023-04-06,dividend,20.5
VEDL,2023-05-30,dividend,18.5
VEDL,2023-12-27,dividend,11
VEDL,2024-05-24,dividend,11
VEDL,2024-08-02,dividend,4
VEDL,2024-09-10,dividend,20
VEDL,2024-12-24,dividend,8.5
VEDL,2025-06-24,dividend,7
VEDL,2025-08-26,dividend,16
VEDL,2026-03-27,dividend,11
VOLTAS,2005-07-29,dividend,0.5
VOLTAS,2006-07-07,dividend,0.6
VOLTAS,2006-09-22,split,10
VOLTAS,2007-07-06,dividend,1
VOLTAS,2008-06-27,dividend,1.35
VOLTAS,2009-07-10,dividend,1.6
VOLTAS,2010-07-16,dividend,2
VOLTAS,2011-07-22,dividend,2
VOLTAS,2012-08-01,dividend,1.6
VOLTAS,2013-08-02,dividend,1.6
VOLTAS,2014-08-08,dividend,1.85
VOLTAS,2015-07-10,dividend,2.25
VOLTAS,2016-08-05,dividend,2.6
VOLTAS,2017-08-04,dividend,3.5
VOLTAS,2018-08-03,dividend,4
VOLTAS,2019-07-17,dividend,4
VOLTAS,2020-08-05,dividend,4
VOLTAS,2021-08-11,dividend,5
VOLTAS,2022-06-09,dividend,5.5
VOLTAS,2023-06-09,dividend,4.25
VOLTAS,2024-06-25,dividend,5.5
VOLTAS,2025-06-20,dividend,7
VOLTAS,2026-06-12,dividend,4
WAAREEENER,2025-10-24,dividend,2
WAAREEENER,2026-09-11,dividend,2
WIPRO,2005-06-29,dividend,0.2812
WIPRO,2005-08-22,split,2
WIPRO,2006-06-29,dividend,0.5625
WIPRO,2007-03-26,dividend,0.5625
WIPRO,2007-06-28,dividend,0.1125
WIPRO,2007-10-25,dividend,0.225
WIPRO,2008-06-27,dividend,0.45
WIPRO,2009-06-29,dividend,0.45
WIPRO,2010-06-15,dividend,0.675
WIPRO,2010-06-15,split,1.6667
WIPRO,2011-01-27,dividend,0.375
WIPRO,2011-06-29,dividend,0.75
WIPRO,2012-01-24,dividend,0.375
WIPRO,2012-06-28,dividend,0.75
WIPRO,2013-01-23,dividend,0.375
WIPRO,2013-06-27,dividend,0.9375
WIPRO,2014-01-22,dividend,0.5625
WIPRO,2014-07-21,dividend,0.9375
WIPRO,2015-01-22,dividend,0.9375
WIPRO,2015-07-20,dividend,1.3125
WIPRO,2016-01-25,dividend,0.9375
WIPRO,2016-07-11,dividend,0.1875
WIPRO,2017-02-02,dividend,0.375
WIPRO,2017-06-13,split,2
WIPRO,2018-01-31,dividend,0.375
WIPRO,2019-01-29,dividend,0.375
WIPRO,2019-03-06,split,1.3333
WIPRO,2020-01-24,dividend,0.5
WIPRO,2021-01-22,dividend,0.5
WIPRO,2022-01-21,dividend,0.5
WIPRO,2022-04-05,dividend,2.5
WIPRO,2023-01-24,dividend,0.5
WIPRO,2024-01-24,dividend,0.5
WIPRO,2024-12-03,split,2
WIPRO,2025-01-28,dividend,6
WIPRO,2025-07-28,dividend,5
WIPRO,2026-01-27,dividend,6
WIPRO,2026-07-27,dividend,2
YESBANK,2010-06-24,dividend,0.3
YESBANK,2011-06-17,dividend,0.5
YESBANK,2012-07-05,dividend,0.8
YESBANK,2013-05-23,dividend,1.2
YESBANK,2014-05-29,dividend,1.6
YESBANK,2015-05-21,dividend,1.8
YESBANK,2016-05-30,dividend,2
YESBANK,2017-05-29,dividend,2.4
YESBANK,2017-09-21,split,5
YESBANK,2018-06-04,dividend,2.7
YESBANK,2019-06-03,dividend,2
ZYDUSLIFE,2005-07-14,dividend,0.8
ZYDUSLIFE,2006-07-13,dividend,0.8
ZYDUSLIFE,2007-07-12,dividend,0.5333
ZYDUSLIFE,2008-07-10,dividend,0.6
ZYDUSLIFE,2009-07-16,dividend,0.6
ZYDUSLIFE,2010-04-05,split,1.5
ZYDUSLIFE,2010-07-15,dividend,1
ZYDUSLIFE,2011-07-07,dividend,1.25
ZYDUSLIFE,2012-07-26,dividend,1.5
ZYDUSLIFE,2013-06-11,dividend,1.5
ZYDUSLIFE,2014-07-17,dividend,1.8
ZYDUSLIFE,2015-07-30,dividend,2.4
ZYDUSLIFE,2015-10-06,split,5
ZYDUSLIFE,2016-03-17,dividend,3.2
ZYDUSLIFE,2017-03-16,dividend,3.2
ZYDUSLIFE,2018-07-31,dividend,3.5
ZYDUSLIFE,2019-07-25,dividend,3.5
ZYDUSLIFE,2020-03-23,dividend,3.5
ZYDUSLIFE,2021-07-28,dividend,3.5
ZYDUSLIFE,2022-07-28,dividend,2.5
ZYDUSLIFE,2023-07-28,dividend,6
ZYDUSLIFE,2024-07-26,dividend,3
ZYDUSLIFE,2025-07-25,dividend,11
ZYDUSLIFE,2026-07-24,dividend,1
