symbol,announced_ist,react_date
360ONE,2020-01-22 05:30:00,2020-01-22 00:00:00
360ONE,2020-10-28 14:30:00,2020-10-28 00:00:00
360ONE,2021-02-02 13:30:00,2021-02-02 00:00:00
360ONE,2021-05-18 14:30:00,2021-05-18 00:00:00
360ONE,2021-08-03 17:30:00,2021-08-04 00:00:00
360ONE,2022-02-03 16:30:00,2022-02-04 00:00:00
360ONE,2022-05-04 18:30:00,2022-05-05 00:00:00
360ONE,2022-07-25 18:30:00,2022-07-26 00:00:00
360ONE,2022-10-19 18:30:00,2022-10-20 00:00:00
360ONE,2023-01-19 17:30:00,2023-01-20 00:00:00
360ONE,2023-05-04 19:30:00,2023-05-05 00:00:00
360ONE,2023-11-02 17:30:00,2023-11-03 00:00:00
360ONE,2024-01-18 17:30:00,2024-01-19 00:00:00
360ONE,2024-04-23 17:30:00,2024-04-24 00:00:00
360ONE,2024-07-30 17:30:00,2024-07-31 00:00:00
360ONE,2024-10-21 17:30:00,2024-10-22 00:00:00
360ONE,2025-01-27 16:30:00,2025-01-28 00:00:00
360ONE,2025-04-23 15:30:00,2025-04-24 00:00:00
360ONE,2025-07-17 16:30:00,2025-07-18 00:00:00
360ONE,2025-10-17 14:30:00,2025-10-17 00:00:00
360ONE,2026-01-15 14:30:00,2026-01-15 00:00:00
360ONE,2026-04-21 15:30:00,2026-04-22 00:00:00
360ONE,2026-07-16 14:30:00,2026-07-16 00:00:00
360ONE,2026-10-15 15:30:00,2026-10-16 00:00:00
ABB,2006-04-25 14:30:00,2006-04-25 00:00:00
ABB,2006-07-24 14:30:00,2006-07-24 00:00:00
ABB,2006-10-30 13:30:00,2006-10-30 00:00:00
ABB,2007-02-16 13:30:00,2007-02-16 00:00:00
ABB,2007-04-26 12:30:00,2007-04-26 00:00:00
ABB,2007-07-26 12:30:00,2007-07-26 00:00:00
ABB,2007-10-25 12:30:00,2007-10-25 00:00:00
ABB,2008-02-19 13:30:00,2008-02-19 00:00:00
ABB,2008-04-25 12:30:00,2008-04-25 00:00:00
ABB,2008-07-25 13:30:00,2008-07-25 00:00:00
ABB,2008-10-24 13:30:00,2008-10-24 00:00:00
ABB,2009-02-20 13:30:00,2009-02-20 00:00:00
ABB,2009-04-30 15:30:00,2009-05-01 00:00:00
ABB,2009-07-31 14:30:00,2009-07-31 00:00:00
ABB,2009-10-30 13:30:00,2009-10-30 00:00:00
ABB,2010-02-26 12:30:00,2010-02-26 00:00:00
ABB,2010-04-30 15:30:00,2010-05-03 00:00:00
ABB,2010-07-30 20:30:00,2010-08-02 00:00:00
ABB,2010-10-29 17:30:00,2010-11-01 00:00:00
ABB,2011-02-24 04:30:00,2011-02-24 00:00:00
ABB,2011-05-11 14:30:00,2011-05-11 00:00:00
ABB,2011-08-09 12:30:00,2011-08-09 00:00:00
ABB,2011-11-08 11:30:00,2011-11-08 00:00:00
ABB,2012-02-23 13:30:00,2012-02-23 00:00:00
ABB,2012-05-09 14:30:00,2012-05-09 00:00:00
ABB,2012-08-08 06:30:00,2012-08-08 00:00:00
ABB,2012-11-06 18:30:00,2012-11-07 00:00:00
ABB,2013-02-21 09:30:00,2013-02-21 00:00:00
ABB,2013-05-08 18:30:00,2013-05-09 00:00:00
ABB,2013-08-09 14:30:00,2013-08-09 00:00:00
ABB,2013-11-06 14:30:00,2013-11-06 00:00:00
ABB,2014-02-18 09:30:00,2014-02-18 00:00:00
ABB,2014-05-05 06:30:00,2014-05-05 00:00:00
ABB,2014-07-23 19:30:00,2014-07-24 00:00:00
ABB,2014-10-28 19:30:00,2014-10-29 00:00:00
ABB,2015-02-10 17:30:00,2015-02-11 00:00:00
ABB,2015-05-05 17:30:00,2015-05-06 00:00:00
ABB,2015-07-24 17:30:00,2015-07-27 00:00:00
ABB,2015-11-03 17:30:00,2015-11-04 00:00:00
ABB,2016-02-04 16:30:00,2016-02-05 00:00:00
ABB,2016-04-25 23:30:00,2016-04-26 00:00:00
ABB,2016-07-21 17:30:00,2016-07-22 00:00:00
ABB,2016-10-27 13:30:00,2016-10-27 00:00:00
ABB,2017-02-09 23:30:00,2017-02-10 00:00:00
ABB,2017-05-08 18:30:00,2017-05-09 00:00:00
ABB,2017-07-20 12:30:00,2017-07-20 00:00:00
ABB,2017-10-24 18:30:00,2017-10-25 00:00:00
ABB,2018-02-08 19:30:00,2018-02-09 00:00:00
ABB,2018-05-08 19:30:00,2018-05-09 00:00:00
ABB,2018-07-19 18:30:00,2018-07-20 00:00:00
ABB,2018-10-30 13:30:00,2018-10-30 00:00:00
ABB,2019-03-01 14:30:00,2019-03-01 00:00:00
ABB,2019-05-07 18:30:00,2019-05-08 00:00:00
ABB,2019-07-26 18:30:00,2019-07-29 00:00:00
ABB,2019-11-13 13:30:00,2019-11-13 00:00:00
ABB,2020-02-12 14:30:00,2020-02-12 00:00:00
ABB,2020-05-13 19:30:00,2020-05-14 00:00:00
ABB,2020-07-23 19:30:00,2020-07-24 00:00:00
ABB,2020-11-05 15:30:00,2020-11-06 00:00:00
ABB,2021-02-10 14:30:00,2021-02-10 00:00:00
ABB,2021-04-27 15:30:00,2021-04-28 00:00:00
ABB,2021-07-28 15:30:00,2021-07-29 00:00:00
ABB,2021-10-26 19:30:00,2021-10-27 00:00:00
ABB,2022-02-10 13:30:00,2022-02-10 00:00:00
ABB,2022-05-04 18:30:00,2022-05-05 00:00:00
ABB,2022-08-09 15:30:00,2022-08-10 00:00:00
ABB,2022-11-11 16:30:00,2022-11-14 00:00:00
ABB,2023-02-10 17:30:00,2023-02-13 00:00:00
ABB,2023-05-03 18:30:00,2023-05-04 00:00:00
ABB,2023-08-11 15:30:00,2023-08-14 00:00:00
ABB,2023-11-09 14:30:00,2023-11-09 00:00:00
ABB,2024-02-20 18:30:00,2024-02-21 00:00:00
ABB,2024-05-10 16:30:00,2024-05-13 00:00:00
ABB,2024-08-08 15:30:00,2024-08-09 00:00:00
ABB,2024-11-04 17:30:00,2024-11-05 00:00:00
ABB,2025-02-17 19:30:00,2025-02-18 00:00:00
ABB,2025-05-09 17:30:00,2025-05-12 00:00:00
ABB,2025-08-02 15:30:00,2025-08-04 00:00:00
ABB,2025-11-06 16:30:00,2025-11-07 00:00:00
ABB,2026-02-19 16:30:00,2026-02-20 00:00:00
ABB,2026-05-08 16:30:00,2026-05-11 00:00:00
ABB,2026-07-31 17:30:00,2026-08-03 00:00:00
ABB,2026-11-05 15:30:00,2026-11-06 00:00:00
ABBOTINDIA,2013-04-25 18:30:00,2013-04-26 00:00:00
ABBOTINDIA,2013-08-14 14:30:00,2013-08-14 00:00:00
ABBOTINDIA,2013-11-07 14:30:00,2013-11-07 00:00:00
ABBOTINDIA,2014-02-08 18:30:00,2014-02-10 00:00:00
ABBOTINDIA,2014-08-14 18:30:00,2014-08-15 00:00:00
ABBOTINDIA,2014-11-12 14:30:00,2014-11-12 00:00:00
ABBOTINDIA,2015-02-10 20:30:00,2015-02-11 00:00:00
ABBOTINDIA,2015-05-27 21:30:00,2015-05-28 00:00:00
ABBOTINDIA,2015-08-12 20:30:00,2015-08-13 00:00:00
ABBOTINDIA,2018-08-17 09:30:00,2018-08-17 00:00:00
ABBOTINDIA,2018-11-13 20:30:00,2018-11-14 00:00:00
ABBOTINDIA,2019-05-27 15:30:00,2019-05-28 00:00:00
ABBOTINDIA,2019-08-08 13:30:00,2019-08-08 00:00:00
ABBOTINDIA,2019-11-12 13:30:00,2019-11-12 00:00:00
ABBOTINDIA,2020-02-07 22:30:00,2020-02-10 00:00:00
ABBOTINDIA,2020-06-08 11:30:00,2020-06-08 00:00:00
ABBOTINDIA,2020-08-07 22:30:00,2020-08-10 00:00:00
ABBOTINDIA,2020-11-11 13:30:00,2020-11-11 00:00:00
ABBOTINDIA,2021-02-09 14:30:00,2021-02-09 00:00:00
ABBOTINDIA,2021-05-18 14:30:00,2021-05-18 00:00:00
ABBOTINDIA,2021-08-06 11:30:00,2021-08-06 00:00:00
ABBOTINDIA,2021-11-12 12:30:00,2021-11-12 00:00:00
ABBOTINDIA,2022-02-09 13:30:00,2022-02-09 00:00:00
ABBOTINDIA,2022-05-17 14:30:00,2022-05-17 00:00:00
ABBOTINDIA,2022-08-10 17:30:00,2022-08-11 00:00:00
ABBOTINDIA,2022-11-14 12:30:00,2022-11-14 00:00:00
ABBOTINDIA,2023-02-10 13:30:00,2023-02-10 00:00:00
ABBOTINDIA,2024-01-15 05:30:00,2024-01-15 00:00:00
ABBOTINDIA,2024-05-09 18:30:00,2024-05-10 00:00:00
ABBOTINDIA,2024-08-07 17:30:00,2024-08-08 00:00:00
ABBOTINDIA,2024-11-07 12:30:00,2024-11-07 00:00:00
ABBOTINDIA,2025-02-05 12:30:00,2025-02-05 00:00:00
ABBOTINDIA,2025-05-15 18:30:00,2025-05-16 00:00:00
ABBOTINDIA,2025-08-12 12:30:00,2025-08-12 00:00:00
ABBOTINDIA,2026-02-12 13:30:00,2026-02-12 00:00:00
ABBOTINDIA,2026-05-11 21:30:00,2026-05-12 00:00:00
ABBOTINDIA,2026-08-12 18:30:00,2026-08-13 00:00:00
ABBOTINDIA,2026-11-05 15:30:00,2026-11-06 00:00:00
ABCAPITAL,2018-02-09 13:30:00,2018-02-09 00:00:00
ABCAPITAL,2018-05-08 14:30:00,2018-05-08 00:00:00
ABCAPITAL,2018-08-10 16:30:00,2018-08-13 00:00:00
ABCAPITAL,2018-11-06 16:30:00,2018-11-07 00:00:00
ABCAPITAL,2019-02-05 16:30:00,2019-02-06 00:00:00
ABCAPITAL,2019-05-04 13:30:00,2019-05-06 00:00:00
ABCAPITAL,2019-08-02 15:30:00,2019-08-05 00:00:00
ABCAPITAL,2019-11-07 15:30:00,2019-11-08 00:00:00
ABCAPITAL,2020-01-31 15:30:00,2020-02-03 00:00:00
ABCAPITAL,2020-06-05 15:30:00,2020-06-08 00:00:00
ABCAPITAL,2020-08-07 15:30:00,2020-08-10 00:00:00
ABCAPITAL,2020-11-05 15:30:00,2020-11-06 00:00:00
ABCAPITAL,2021-02-05 15:30:00,2021-02-08 00:00:00
ABCAPITAL,2021-05-14 15:30:00,2021-05-17 00:00:00
ABCAPITAL,2021-08-05 15:30:00,2021-08-06 00:00:00
ABCAPITAL,2021-11-01 13:30:00,2021-11-01 00:00:00
ABCAPITAL,2022-02-03 16:30:00,2022-02-04 00:00:00
ABCAPITAL,2022-05-12 19:30:00,2022-05-13 00:00:00
ABCAPITAL,2022-08-03 13:30:00,2022-08-03 00:00:00
ABCAPITAL,2022-11-07 13:30:00,2022-11-07 00:00:00
ABCAPITAL,2023-02-02 15:30:00,2023-02-03 00:00:00
ABCAPITAL,2023-05-11 13:30:00,2023-05-11 00:00:00
ABCAPITAL,2023-08-02 13:30:00,2023-08-02 00:00:00
ABCAPITAL,2023-11-03 13:30:00,2023-11-03 00:00:00
ABCAPITAL,2024-02-01 14:30:00,2024-02-01 00:00:00
ABCAPITAL,2024-05-13 14:30:00,2024-05-13 00:00:00
ABCAPITAL,2024-08-01 13:30:00,2024-08-01 00:00:00
ABCAPITAL,2024-10-30 14:30:00,2024-10-30 00:00:00
ABCAPITAL,2025-02-03 13:30:00,2025-02-03 00:00:00
ABCAPITAL,2025-05-13 15:30:00,2025-05-14 00:00:00
ABCAPITAL,2025-08-04 13:30:00,2025-08-04 00:00:00
ABCAPITAL,2025-10-30 13:30:00,2025-10-30 00:00:00
ABCAPITAL,2026-02-03 15:30:00,2026-02-04 00:00:00
ABCAPITAL,2026-05-04 14:30:00,2026-05-04 00:00:00
ABCAPITAL,2026-07-31 13:30:00,2026-07-31 00:00:00
ABCAPITAL,2026-10-29 15:30:00,2026-10-30 00:00:00
ACC,2004-10-27 13:30:00,2004-10-27 00:00:00
ACC,2005-01-20 15:30:00,2005-01-21 00:00:00
ACC,2006-04-12 05:30:00,2006-04-12 00:00:00
ACC,2006-07-19 12:30:00,2006-07-19 00:00:00
ACC,2006-10-19 16:30:00,2006-10-20 00:00:00
ACC,2007-02-01 13:30:00,2007-02-01 00:00:00
ACC,2007-04-19 12:30:00,2007-04-19 00:00:00
ACC,2007-07-19 11:30:00,2007-07-19 00:00:00
ACC,2007-10-18 12:30:00,2007-10-18 00:00:00
ACC,2008-01-31 13:30:00,2008-01-31 00:00:00
ACC,2008-04-24 13:30:00,2008-04-24 00:00:00
ACC,2008-07-24 13:30:00,2008-07-24 00:00:00
ACC,2008-10-23 13:30:00,2008-10-23 00:00:00
ACC,2009-02-05 13:30:00,2009-02-05 00:00:00
ACC,2009-04-22 12:30:00,2009-04-22 00:00:00
ACC,2009-07-23 12:30:00,2009-07-23 00:00:00
ACC,2009-10-28 13:30:00,2009-10-28 00:00:00
ACC,2010-02-04 13:30:00,2010-02-04 00:00:00
ACC,2010-04-22 19:30:00,2010-04-23 00:00:00
ACC,2010-07-22 16:30:00,2010-07-23 00:00:00
ACC,2010-10-21 12:30:00,2010-10-21 00:00:00
ACC,2011-02-03 13:30:00,2011-02-03 00:00:00
ACC,2011-04-26 16:30:00,2011-04-27 00:00:00
ACC,2011-07-28 14:30:00,2011-07-28 00:00:00
ACC,2011-11-01 14:30:00,2011-11-01 00:00:00
ACC,2012-02-10 13:30:00,2012-02-10 00:00:00
ACC,2012-04-19 12:30:00,2012-04-19 00:00:00
ACC,2012-07-27 04:30:00,2012-07-27 00:00:00
ACC,2012-10-18 18:30:00,2012-10-19 00:00:00
ACC,2013-02-07 13:30:00,2013-02-07 00:00:00
ACC,2013-05-03 18:30:00,2013-05-06 00:00:00
ACC,2013-07-25 14:30:00,2013-07-25 00:00:00
ACC,2013-10-23 14:30:00,2013-10-23 00:00:00
ACC,2014-02-06 18:30:00,2014-02-07 00:00:00
ACC,2014-04-24 18:30:00,2014-04-25 00:00:00
ACC,2014-07-24 18:30:00,2014-07-25 00:00:00
ACC,2014-10-30 18:30:00,2014-10-31 00:00:00
ACC,2015-02-03 19:30:00,2015-02-04 00:00:00
ACC,2015-04-14 21:30:00,2015-04-15 00:00:00
ACC,2015-07-17 23:30:00,2015-07-20 00:00:00
ACC,2015-10-21 00:30:00,2015-10-21 00:00:00
ACC,2016-02-10 21:30:00,2016-02-11 00:00:00
ACC,2016-04-28 15:30:00,2016-04-29 00:00:00
ACC,2016-07-26 19:30:00,2016-07-27 00:00:00
ACC,2016-10-21 19:30:00,2016-10-24 00:00:00
ACC,2017-02-03 21:30:00,2017-02-06 00:00:00
ACC,2017-04-21 21:30:00,2017-04-24 00:00:00
ACC,2017-07-17 16:30:00,2017-07-18 00:00:00
ACC,2017-10-17 14:30:00,2017-10-17 00:00:00
ACC,2018-02-08 14:30:00,2018-02-08 00:00:00
ACC,2018-04-18 21:30:00,2018-04-19 00:00:00
ACC,2018-07-23 16:30:00,2018-07-24 00:00:00
ACC,2018-10-17 16:30:00,2018-10-18 00:00:00
ACC,2019-02-05 13:30:00,2019-02-05 00:00:00
ACC,2019-04-23 17:30:00,2019-04-24 00:00:00
ACC,2019-07-18 16:30:00,2019-07-19 00:00:00
ACC,2019-10-15 17:30:00,2019-10-16 00:00:00
ACC,2020-02-07 18:30:00,2020-02-10 00:00:00
ACC,2020-04-21 17:30:00,2020-04-22 00:00:00
ACC,2020-07-20 16:30:00,2020-07-21 00:00:00
ACC,2020-10-19 15:30:00,2020-10-20 00:00:00
ACC,2021-02-11 15:30:00,2021-02-12 00:00:00
ACC,2021-04-19 15:30:00,2021-04-20 00:00:00
ACC,2021-07-19 16:30:00,2021-07-20 00:00:00
ACC,2021-10-19 16:30:00,2021-10-20 00:00:00
ACC,2022-02-09 17:30:00,2022-02-10 00:00:00
ACC,2022-04-19 15:30:00,2022-04-20 00:00:00
ACC,2022-07-14 15:30:00,2022-07-15 00:00:00
ACC,2022-10-17 13:30:00,2022-10-17 00:00:00
ACC,2023-01-31 20:30:00,2023-02-01 00:00:00
ACC,2023-04-27 19:30:00,2023-04-28 00:00:00
ACC,2023-07-27 14:30:00,2023-07-27 00:00:00
ACC,2023-10-26 13:30:00,2023-10-26 00:00:00
ACC,2024-01-25 13:30:00,2024-01-25 00:00:00
ACC,2024-04-25 14:30:00,2024-04-25 00:00:00
ACC,2024-07-29 16:30:00,2024-07-30 00:00:00
ACC,2024-10-24 12:30:00,2024-10-24 00:00:00
ACC,2025-01-27 13:30:00,2025-01-27 00:00:00
ACC,2025-04-24 14:30:00,2025-04-24 00:00:00
ACC,2025-07-24 12:30:00,2025-07-24 00:00:00
ACC,2025-10-23 15:30:00,2025-10-24 00:00:00
ACC,2025-10-31 12:30:00,2025-10-31 00:00:00
ACC,2026-01-28 13:30:00,2026-01-28 00:00:00
ACC,2026-04-30 05:30:00,2026-04-30 00:00:00
ACC,2026-07-24 14:30:00,2026-07-24 00:00:00
ACC,2026-10-30 15:30:00,2026-11-02 00:00:00
ADANIENSOL,2018-08-07 14:30:00,2018-08-07 00:00:00
ADANIENSOL,2020-02-13 18:30:00,2020-02-14 00:00:00
ADANIENSOL,2020-05-09 14:30:00,2020-05-11 00:00:00
ADANIENSOL,2024-10-22 14:30:00,2024-10-22 00:00:00
ADANIENSOL,2025-01-23 14:30:00,2025-01-23 00:00:00
ADANIENSOL,2025-04-24 14:30:00,2025-04-24 00:00:00
ADANIENSOL,2025-07-24 14:30:00,2025-07-24 00:00:00
ADANIENSOL,2025-10-27 16:30:00,2025-10-28 00:00:00
ADANIENSOL,2026-01-22 14:30:00,2026-01-22 00:00:00
ADANIENSOL,2026-04-23 16:30:00,2026-04-24 00:00:00
ADANIENSOL,2026-07-21 13:30:00,2026-07-21 00:00:00
ADANIENSOL,2026-10-29 15:30:00,2026-10-30 00:00:00
ADANIENT,2008-05-28 17:30:00,2008-05-29 00:00:00
ADANIENT,2009-01-30 13:30:00,2009-01-30 00:00:00
ADANIENT,2010-01-27 13:30:00,2010-01-27 00:00:00
ADANIENT,2010-05-15 04:30:00,2010-05-17 00:00:00
ADANIENT,2010-08-13 16:30:00,2010-08-16 00:00:00
ADANIENT,2010-10-28 13:30:00,2010-10-28 00:00:00
ADANIENT,2011-02-12 11:30:00,2011-02-14 00:00:00
ADANIENT,2011-05-12 16:30:00,2011-05-13 00:00:00
ADANIENT,2011-08-10 14:30:00,2011-08-10 00:00:00
ADANIENT,2011-11-14 20:30:00,2011-11-15 00:00:00
ADANIENT,2012-02-09 13:30:00,2012-02-09 00:00:00
ADANIENT,2012-05-21 12:30:00,2012-05-21 00:00:00
ADANIENT,2012-08-09 12:30:00,2012-08-09 00:00:00
ADANIENT,2013-02-01 18:30:00,2013-02-04 00:00:00
ADANIENT,2013-05-20 10:30:00,2013-05-20 00:00:00
ADANIENT,2013-08-08 18:30:00,2013-08-09 00:00:00
ADANIENT,2013-10-31 14:30:00,2013-10-31 00:00:00
ADANIENT,2014-01-31 14:30:00,2014-01-31 00:00:00
ADANIENT,2014-05-17 10:30:00,2014-05-19 00:00:00
ADANIENT,2014-08-09 19:30:00,2014-08-11 00:00:00
ADANIENT,2014-11-12 18:30:00,2014-11-13 00:00:00
ADANIENT,2015-01-30 19:30:00,2015-02-02 00:00:00
ADANIENT,2015-05-13 19:30:00,2015-05-14 00:00:00
ADANIENT,2019-11-12 15:30:00,2019-11-13 00:00:00
ADANIENT,2020-05-06 13:30:00,2020-05-06 00:00:00
ADANIENT,2024-02-01 13:30:00,2024-02-01 00:00:00
ADANIENT,2024-05-02 14:30:00,2024-05-02 00:00:00
ADANIENT,2024-08-01 14:30:00,2024-08-01 00:00:00
ADANIENT,2024-10-29 14:30:00,2024-10-29 00:00:00
ADANIENT,2025-01-30 13:30:00,2025-01-30 00:00:00
ADANIENT,2025-05-01 15:30:00,2025-05-02 00:00:00
ADANIENT,2025-07-31 14:30:00,2025-07-31 00:00:00
ADANIENT,2025-11-04 14:30:00,2025-11-04 00:00:00
ADANIENT,2026-02-03 14:30:00,2026-02-03 00:00:00
ADANIENT,2026-04-30 15:30:00,2026-05-01 00:00:00
ADANIENT,2026-07-29 14:30:00,2026-07-29 00:00:00
ADANIENT,2026-10-28 15:30:00,2026-10-29 00:00:00
ADANIGREEN,2025-04-28 20:30:00,2025-04-29 00:00:00
ADANIGREEN,2025-07-28 14:30:00,2025-07-28 00:00:00
ADANIGREEN,2025-10-28 16:30:00,2025-10-29 00:00:00
ADANIGREEN,2026-01-23 13:30:00,2026-01-23 00:00:00
ADANIGREEN,2026-04-24 13:30:00,2026-04-24 00:00:00
ADANIGREEN,2026-07-22 05:30:00,2026-07-22 00:00:00
ADANIGREEN,2026-10-21 15:30:00,2026-10-22 00:00:00
ADANIPORTS,2008-10-25 18:30:00,2008-10-27 00:00:00
ADANIPORTS,2009-01-30 11:30:00,2009-01-30 00:00:00
ADANIPORTS,2009-05-31 04:30:00,2009-06-01 00:00:00
ADANIPORTS,2009-07-30 12:30:00,2009-07-30 00:00:00
ADANIPORTS,2009-10-30 11:30:00,2009-10-30 00:00:00
ADANIPORTS,2010-01-28 12:30:00,2010-01-28 00:00:00
ADANIPORTS,2010-05-18 04:30:00,2010-05-18 00:00:00
ADANIPORTS,2010-08-04 15:30:00,2010-08-05 00:00:00
ADANIPORTS,2010-10-25 17:30:00,2010-10-26 00:00:00
ADANIPORTS,2011-02-08 13:30:00,2011-02-08 00:00:00
ADANIPORTS,2011-05-09 14:30:00,2011-05-09 00:00:00
ADANIPORTS,2011-08-04 12:30:00,2011-08-04 00:00:00
ADANIPORTS,2011-11-11 11:30:00,2011-11-11 00:00:00
ADANIPORTS,2012-02-06 16:30:00,2012-02-07 00:00:00
ADANIPORTS,2012-05-14 12:30:00,2012-05-14 00:00:00
ADANIPORTS,2012-10-19 10:30:00,2012-10-19 00:00:00
ADANIPORTS,2013-01-28 14:30:00,2013-01-28 00:00:00
ADANIPORTS,2013-05-15 16:30:00,2013-05-16 00:00:00
ADANIPORTS,2013-08-01 14:30:00,2013-08-01 00:00:00
ADANIPORTS,2013-10-25 14:30:00,2013-10-25 00:00:00
ADANIPORTS,2014-01-27 14:30:00,2014-01-27 00:00:00
ADANIPORTS,2014-05-15 10:30:00,2014-05-15 00:00:00
ADANIPORTS,2014-08-06 18:30:00,2014-08-07 00:00:00
ADANIPORTS,2014-11-10 18:30:00,2014-11-11 00:00:00
ADANIPORTS,2015-01-28 17:30:00,2015-01-29 00:00:00
ADANIPORTS,2015-05-02 14:30:00,2015-05-04 00:00:00
ADANIPORTS,2015-08-10 18:30:00,2015-08-11 00:00:00
ADANIPORTS,2015-11-02 18:30:00,2015-11-03 00:00:00
ADANIPORTS,2016-02-12 13:30:00,2016-02-12 00:00:00
ADANIPORTS,2016-05-03 20:30:00,2016-05-04 00:00:00
ADANIPORTS,2016-08-09 19:30:00,2016-08-10 00:00:00
ADANIPORTS,2016-10-25 19:30:00,2016-10-26 00:00:00
ADANIPORTS,2017-02-14 19:30:00,2017-02-15 00:00:00
ADANIPORTS,2017-05-25 09:30:00,2017-05-25 00:00:00
ADANIPORTS,2017-08-12 14:30:00,2017-08-14 00:00:00
ADANIPORTS,2017-11-13 13:30:00,2017-11-13 00:00:00
ADANIPORTS,2018-01-18 14:30:00,2018-01-18 00:00:00
ADANIPORTS,2018-05-03 15:30:00,2018-05-04 00:00:00
ADANIPORTS,2018-08-06 09:30:00,2018-08-06 00:00:00
ADANIPORTS,2018-10-23 15:30:00,2018-10-24 00:00:00
ADANIPORTS,2019-02-06 14:30:00,2019-02-06 00:00:00
ADANIPORTS,2019-05-27 18:30:00,2019-05-28 00:00:00
ADANIPORTS,2019-08-07 14:30:00,2019-08-07 00:00:00
ADANIPORTS,2019-11-11 17:30:00,2019-11-12 00:00:00
ADANIPORTS,2020-02-04 15:30:00,2020-02-05 00:00:00
ADANIPORTS,2020-05-05 17:30:00,2020-05-06 00:00:00
ADANIPORTS,2020-08-11 15:30:00,2020-08-12 00:00:00
ADANIPORTS,2020-11-03 15:30:00,2020-11-04 00:00:00
ADANIPORTS,2021-02-09 14:30:00,2021-02-09 00:00:00
ADANIPORTS,2021-05-04 15:30:00,2021-05-05 00:00:00
ADANIPORTS,2021-08-03 13:30:00,2021-08-03 00:00:00
ADANIPORTS,2021-10-27 16:30:00,2021-10-28 00:00:00
ADANIPORTS,2022-02-01 18:30:00,2022-02-02 00:00:00
ADANIPORTS,2022-05-25 09:30:00,2022-05-25 00:00:00
ADANIPORTS,2022-08-08 14:30:00,2022-08-08 00:00:00
ADANIPORTS,2022-11-01 15:30:00,2022-11-02 00:00:00
ADANIPORTS,2023-02-07 12:30:00,2023-02-07 00:00:00
ADANIPORTS,2023-05-30 19:30:00,2023-05-31 00:00:00
ADANIPORTS,2023-08-08 13:30:00,2023-08-08 00:00:00
ADANIPORTS,2023-11-09 13:30:00,2023-11-09 00:00:00
ADANIPORTS,2024-02-01 12:30:00,2024-02-01 00:00:00
ADANIPORTS,2024-05-02 12:30:00,2024-05-02 00:00:00
ADANIPORTS,2024-08-01 12:30:00,2024-08-01 00:00:00
ADANIPORTS,2024-10-29 12:30:00,2024-10-29 00:00:00
ADANIPORTS,2025-01-30 12:30:00,2025-01-30 00:00:00
ADANIPORTS,2025-05-01 12:30:00,2025-05-01 00:00:00
ADANIPORTS,2025-08-05 13:30:00,2025-08-05 00:00:00
ADANIPORTS,2025-11-04 12:30:00,2025-11-04 00:00:00
ADANIPORTS,2026-02-03 13:30:00,2026-02-03 00:00:00
ADANIPORTS,2026-04-30 13:30:00,2026-04-30 00:00:00
ADANIPORTS,2026-07-29 12:30:00,2026-07-29 00:00:00
ADANIPORTS,2026-10-28 15:30:00,2026-10-29 00:00:00
ADANIPOWER,2010-10-25 17:30:00,2010-10-26 00:00:00
ADANIPOWER,2011-02-08 13:30:00,2011-02-08 00:00:00
ADANIPOWER,2011-05-09 14:30:00,2011-05-09 00:00:00
ADANIPOWER,2011-08-04 12:30:00,2011-08-04 00:00:00
ADANIPOWER,2011-11-11 15:30:00,2011-11-14 00:00:00
ADANIPOWER,2012-02-06 18:30:00,2012-02-07 00:00:00
ADANIPOWER,2012-10-19 10:30:00,2012-10-19 00:00:00
ADANIPOWER,2013-01-28 09:30:00,2013-01-28 00:00:00
ADANIPOWER,2013-05-06 14:30:00,2013-05-06 00:00:00
ADANIPOWER,2013-07-15 05:30:00,2013-07-15 00:00:00
ADANIPOWER,2013-08-01 14:30:00,2013-08-01 00:00:00
ADANIPOWER,2013-10-25 14:30:00,2013-10-25 00:00:00
ADANIPOWER,2014-01-27 14:30:00,2014-01-27 00:00:00
ADANIPOWER,2014-05-15 10:30:00,2014-05-15 00:00:00
ADANIPOWER,2014-08-07 19:30:00,2014-08-08 00:00:00
ADANIPOWER,2014-11-10 18:30:00,2014-11-11 00:00:00
ADANIPOWER,2015-01-29 15:30:00,2015-01-30 00:00:00
ADANIPOWER,2015-05-11 20:30:00,2015-05-12 00:00:00
ADANIPOWER,2015-08-10 19:30:00,2015-08-11 00:00:00
ADANIPOWER,2015-11-03 18:30:00,2015-11-04 00:00:00
ADANIPOWER,2016-02-12 18:30:00,2016-02-15 00:00:00
ADANIPOWER,2016-05-03 21:30:00,2016-05-04 00:00:00
ADANIPOWER,2016-08-09 13:30:00,2016-08-09 00:00:00
ADANIPOWER,2016-10-24 18:30:00,2016-10-25 00:00:00
ADANIPOWER,2017-01-20 18:30:00,2017-01-23 00:00:00
ADANIPOWER,2017-05-27 14:30:00,2017-05-29 00:00:00
ADANIPOWER,2017-08-10 14:30:00,2017-08-10 00:00:00
ADANIPOWER,2017-11-11 13:30:00,2017-11-13 00:00:00
ADANIPOWER,2018-01-18 09:30:00,2018-01-18 00:00:00
ADANIPOWER,2018-05-03 19:30:00,2018-05-04 00:00:00
ADANIPOWER,2018-08-06 16:30:00,2018-08-07 00:00:00
ADANIPOWER,2018-10-31 15:30:00,2018-11-01 00:00:00
ADANIPOWER,2019-02-06 13:30:00,2019-02-06 00:00:00
ADANIPOWER,2019-05-29 15:30:00,2019-05-30 00:00:00
ADANIPOWER,2025-04-30 14:30:00,2025-04-30 00:00:00
ADANIPOWER,2025-08-01 12:30:00,2025-08-01 00:00:00
ADANIPOWER,2025-10-30 13:30:00,2025-10-30 00:00:00
ADANIPOWER,2026-01-29 13:30:00,2026-01-29 00:00:00
ADANIPOWER,2026-04-29 14:30:00,2026-04-29 00:00:00
ADANIPOWER,2026-07-22 13:30:00,2026-07-22 00:00:00
ADANIPOWER,2026-10-29 15:30:00,2026-10-30 00:00:00
AIAENG,2007-06-07 14:30:00,2007-06-07 00:00:00
AIAENG,2007-10-31 12:30:00,2007-10-31 00:00:00
AIAENG,2008-01-31 14:30:00,2008-01-31 00:00:00
AIAENG,2008-06-04 12:30:00,2008-06-04 00:00:00
AIAENG,2008-07-31 13:30:00,2008-07-31 00:00:00
AIAENG,2011-02-09 13:30:00,2011-02-09 00:00:00
AIAENG,2011-05-30 15:30:00,2011-05-31 00:00:00
AIAENG,2011-08-12 16:30:00,2011-08-15 00:00:00
AIAENG,2011-11-10 15:30:00,2011-11-11 00:00:00
AIAENG,2012-05-30 18:30:00,2012-05-31 00:00:00
AIAENG,2012-11-12 14:30:00,2012-11-12 00:00:00
AIAENG,2013-02-11 14:30:00,2013-02-11 00:00:00
AIAENG,2013-05-30 14:30:00,2013-05-30 00:00:00
AIAENG,2013-08-12 14:30:00,2013-08-12 00:00:00
AIAENG,2013-11-01 14:30:00,2013-11-01 00:00:00
AIAENG,2014-01-27 14:30:00,2014-01-27 00:00:00
AIAENG,2014-05-20 14:30:00,2014-05-20 00:00:00
AIAENG,2014-08-04 18:30:00,2014-08-05 00:00:00
AIAENG,2014-11-08 18:30:00,2014-11-10 00:00:00
AIAENG,2015-02-06 00:30:00,2015-02-06 00:00:00
AIAENG,2015-05-20 00:30:00,2015-05-20 00:00:00
AIAENG,2015-08-01 19:30:00,2015-08-03 00:00:00
AIAENG,2015-11-02 18:30:00,2015-11-03 00:00:00
AIAENG,2016-02-08 19:30:00,2016-02-09 00:00:00
AIAENG,2016-05-25 18:30:00,2016-05-26 00:00:00
AIAENG,2016-08-12 20:30:00,2016-08-15 00:00:00
AIAENG,2016-11-15 18:30:00,2016-11-16 00:00:00
AIAENG,2017-02-13 18:30:00,2017-02-14 00:00:00
AIAENG,2017-05-25 14:30:00,2017-05-25 00:00:00
AIAENG,2017-08-14 16:30:00,2017-08-15 00:00:00
AIAENG,2017-11-14 13:30:00,2017-11-14 00:00:00
AIAENG,2018-02-06 13:30:00,2018-02-06 00:00:00
AIAENG,2018-05-16 13:30:00,2018-05-16 00:00:00
AIAENG,2018-08-09 16:30:00,2018-08-10 00:00:00
AIAENG,2018-10-31 13:30:00,2018-10-31 00:00:00
AIAENG,2019-02-08 13:30:00,2019-02-08 00:00:00
AIAENG,2019-05-27 13:30:00,2019-05-27 00:00:00
AIAENG,2019-08-12 15:30:00,2019-08-13 00:00:00
AIAENG,2019-11-12 13:30:00,2019-11-12 00:00:00
AIAENG,2020-02-01 02:30:00,2020-02-03 00:00:00
AIAENG,2020-06-22 14:30:00,2020-06-22 00:00:00
AIAENG,2020-08-11 13:30:00,2020-08-11 00:00:00
AIAENG,2020-11-02 14:30:00,2020-11-02 00:00:00
AIAENG,2021-02-09 13:30:00,2021-02-09 00:00:00
AIAENG,2021-05-25 15:30:00,2021-05-26 00:00:00
AIAENG,2021-08-13 12:30:00,2021-08-13 00:00:00
AIAENG,2021-10-30 17:30:00,2021-11-01 00:00:00
AIAENG,2022-01-27 13:30:00,2022-01-27 00:00:00
AIAENG,2022-05-25 14:30:00,2022-05-25 00:00:00
AIAENG,2022-08-09 12:30:00,2022-08-09 00:00:00
AIAENG,2022-11-14 12:30:00,2022-11-14 00:00:00
AIAENG,2023-01-27 15:30:00,2023-01-30 00:00:00
AIAENG,2023-05-25 14:30:00,2023-05-25 00:00:00
AIAENG,2023-08-02 12:30:00,2023-08-02 00:00:00
AIAENG,2023-11-06 12:30:00,2023-11-06 00:00:00
AIAENG,2024-02-07 13:30:00,2024-02-07 00:00:00
AIAENG,2024-05-14 14:30:00,2024-05-14 00:00:00
AIAENG,2024-08-12 13:30:00,2024-08-12 00:00:00
AIAENG,2024-10-30 13:30:00,2024-10-30 00:00:00
AIAENG,2025-02-07 13:30:00,2025-02-07 00:00:00
AIAENG,2025-05-23 14:30:00,2025-05-23 00:00:00
AIAENG,2025-08-13 13:30:00,2025-08-13 00:00:00
AIAENG,2025-11-07 20:30:00,2025-11-10 00:00:00
AIAENG,2026-01-30 12:30:00,2026-01-30 00:00:00
AIAENG,2026-05-26 14:30:00,2026-05-26 00:00:00
AIAENG,2026-08-12 13:30:00,2026-08-12 00:00:00
AIAENG,2026-11-06 15:30:00,2026-11-09 00:00:00
AJANTPHARM,2013-04-30 10:30:00,2013-04-30 00:00:00
AJANTPHARM,2013-07-29 14:30:00,2013-07-29 00:00:00
AJANTPHARM,2013-10-28 14:30:00,2013-10-28 00:00:00
AJANTPHARM,2014-01-27 14:30:00,2014-01-27 00:00:00
AJANTPHARM,2014-05-05 10:30:00,2014-05-05 00:00:00
AJANTPHARM,2014-08-05 18:30:00,2014-08-06 00:00:00
AJANTPHARM,2014-10-30 18:30:00,2014-10-31 00:00:00
AJANTPHARM,2015-05-09 16:30:00,2015-05-11 00:00:00
AJANTPHARM,2015-08-13 17:30:00,2015-08-14 00:00:00
AJANTPHARM,2015-10-30 13:30:00,2015-10-30 00:00:00
AJANTPHARM,2016-02-01 20:30:00,2016-02-02 00:00:00
AJANTPHARM,2016-04-30 02:30:00,2016-05-02 00:00:00
AJANTPHARM,2016-07-26 18:30:00,2016-07-27 00:00:00
AJANTPHARM,2017-01-24 19:30:00,2017-01-25 00:00:00
AJANTPHARM,2017-05-03 20:30:00,2017-05-04 00:00:00
AJANTPHARM,2017-08-09 13:30:00,2017-08-09 00:00:00
AJANTPHARM,2018-05-02 22:30:00,2018-05-03 00:00:00
AJANTPHARM,2018-07-31 14:30:00,2018-07-31 00:00:00
AJANTPHARM,2018-10-31 15:30:00,2018-11-01 00:00:00
AJANTPHARM,2019-01-30 17:30:00,2019-01-31 00:00:00
AJANTPHARM,2019-11-05 17:30:00,2019-11-06 00:00:00
AJANTPHARM,2020-02-05 17:30:00,2020-02-06 00:00:00
AJANTPHARM,2020-05-20 16:30:00,2020-05-21 00:00:00
AJANTPHARM,2020-07-30 13:30:00,2020-07-30 00:00:00
AJANTPHARM,2020-11-03 15:30:00,2020-11-04 00:00:00
AJANTPHARM,2021-02-02 15:30:00,2021-02-03 00:00:00
AJANTPHARM,2021-04-30 15:30:00,2021-05-03 00:00:00
AJANTPHARM,2021-07-29 15:30:00,2021-07-30 00:00:00
AJANTPHARM,2021-10-29 13:30:00,2021-10-29 00:00:00
AJANTPHARM,2022-05-11 10:30:00,2022-05-11 00:00:00
AJANTPHARM,2022-11-03 15:30:00,2022-11-04 00:00:00
AJANTPHARM,2023-02-01 15:30:00,2023-02-02 00:00:00
AJANTPHARM,2023-05-05 15:30:00,2023-05-08 00:00:00
AJANTPHARM,2023-07-27 15:30:00,2023-07-28 00:00:00
AJANTPHARM,2023-10-31 13:30:00,2023-10-31 00:00:00
AJANTPHARM,2024-01-31 15:30:00,2024-02-01 00:00:00
AJANTPHARM,2024-05-02 16:30:00,2024-05-03 00:00:00
AJANTPHARM,2024-07-30 14:30:00,2024-07-30 00:00:00
AJANTPHARM,2024-10-28 15:30:00,2024-10-29 00:00:00
AJANTPHARM,2025-01-30 15:30:00,2025-01-31 00:00:00
AJANTPHARM,2025-04-30 15:30:00,2025-05-01 00:00:00
AJANTPHARM,2025-07-28 14:30:00,2025-07-28 00:00:00
AJANTPHARM,2025-11-03 12:30:00,2025-11-03 00:00:00
AJANTPHARM,2026-01-30 14:30:00,2026-01-30 00:00:00
AJANTPHARM,2026-05-05 14:30:00,2026-05-05 00:00:00
AJANTPHARM,2026-07-30 14:30:00,2026-07-30 00:00:00
ALKEM,2016-05-28 21:30:00,2016-05-30 00:00:00
ALKEM,2016-08-12 18:30:00,2016-08-15 00:00:00
ALKEM,2016-11-11 13:30:00,2016-11-11 00:00:00
ALKEM,2017-02-10 18:30:00,2017-02-13 00:00:00
ALKEM,2017-05-26 15:30:00,2017-05-29 00:00:00
ALKEM,2017-08-11 14:30:00,2017-08-11 00:00:00
ALKEM,2017-11-10 13:30:00,2017-11-10 00:00:00
ALKEM,2018-02-09 13:30:00,2018-02-09 00:00:00
ALKEM,2018-05-30 14:30:00,2018-05-30 00:00:00
ALKEM,2018-08-10 13:30:00,2018-08-10 00:00:00
ALKEM,2018-11-02 14:30:00,2018-11-02 00:00:00
ALKEM,2019-02-08 13:30:00,2019-02-08 00:00:00
ALKEM,2019-05-30 19:30:00,2019-05-31 00:00:00
ALKEM,2019-08-12 13:30:00,2019-08-12 00:00:00
ALKEM,2019-11-11 14:30:00,2019-11-11 00:00:00
ALKEM,2020-02-07 13:30:00,2020-02-07 00:00:00
ALKEM,2020-06-05 14:30:00,2020-06-05 00:00:00
ALKEM,2020-08-07 13:30:00,2020-08-07 00:00:00
ALKEM,2020-11-06 13:30:00,2020-11-06 00:00:00
ALKEM,2021-02-05 13:30:00,2021-02-05 00:00:00
ALKEM,2021-05-25 13:30:00,2021-05-25 00:00:00
ALKEM,2021-08-06 13:30:00,2021-08-06 00:00:00
ALKEM,2021-11-12 12:30:00,2021-11-12 00:00:00
ALKEM,2022-02-04 15:30:00,2022-02-07 00:00:00
ALKEM,2022-05-13 13:30:00,2022-05-13 00:00:00
ALKEM,2022-08-05 12:30:00,2022-08-05 00:00:00
ALKEM,2022-11-11 12:30:00,2022-11-11 00:00:00
ALKEM,2023-02-10 13:30:00,2023-02-10 00:00:00
ALKEM,2023-08-10 13:30:00,2023-08-10 00:00:00
ALKEM,2023-11-07 13:30:00,2023-11-07 00:00:00
ALKEM,2024-02-09 12:30:00,2024-02-09 00:00:00
ALKEM,2024-05-29 13:30:00,2024-05-29 00:00:00
ALKEM,2024-08-09 12:30:00,2024-08-09 00:00:00
ALKEM,2024-11-13 12:30:00,2024-11-13 00:00:00
ALKEM,2025-02-07 13:30:00,2025-02-07 00:00:00
ALKEM,2025-05-29 13:30:00,2025-05-29 00:00:00
ALKEM,2025-08-12 13:30:00,2025-08-12 00:00:00
ALKEM,2025-11-13 13:30:00,2025-11-13 00:00:00
ALKEM,2026-02-13 13:30:00,2026-02-13 00:00:00
ALKEM,2026-05-28 13:30:00,2026-05-28 00:00:00
ALKEM,2026-08-14 13:30:00,2026-08-14 00:00:00
ALKEM,2026-11-12 15:30:00,2026-11-13 00:00:00
AMBUJACEM,2005-01-20 10:30:00,2005-01-20 00:00:00
AMBUJACEM,2005-03-31 05:30:00,2005-03-31 00:00:00
AMBUJACEM,2005-07-30 13:30:00,2005-08-01 00:00:00
AMBUJACEM,2006-09-30 05:30:00,2006-10-02 00:00:00
AMBUJACEM,2007-02-02 13:30:00,2007-02-02 00:00:00
AMBUJACEM,2007-04-20 13:30:00,2007-04-20 00:00:00
AMBUJACEM,2007-07-20 13:30:00,2007-07-20 00:00:00
AMBUJACEM,2007-10-19 13:30:00,2007-10-19 00:00:00
AMBUJACEM,2008-02-01 14:30:00,2008-02-01 00:00:00
AMBUJACEM,2008-04-25 14:30:00,2008-04-25 00:00:00
AMBUJACEM,2008-07-25 13:30:00,2008-07-25 00:00:00
AMBUJACEM,2008-10-24 12:30:00,2008-10-24 00:00:00
AMBUJACEM,2009-02-06 15:30:00,2009-02-09 00:00:00
AMBUJACEM,2009-04-22 18:30:00,2009-04-23 00:00:00
AMBUJACEM,2009-07-23 17:30:00,2009-07-24 00:00:00
AMBUJACEM,2009-10-28 18:30:00,2009-10-29 00:00:00
AMBUJACEM,2010-02-04 17:30:00,2010-02-05 00:00:00
AMBUJACEM,2010-04-23 04:30:00,2010-04-23 00:00:00
AMBUJACEM,2010-07-23 04:30:00,2010-07-23 00:00:00
AMBUJACEM,2010-10-21 17:30:00,2010-10-22 00:00:00
AMBUJACEM,2011-02-04 04:30:00,2011-02-04 00:00:00
AMBUJACEM,2011-04-26 22:30:00,2011-04-27 00:00:00
AMBUJACEM,2011-07-28 12:30:00,2011-07-28 00:00:00
AMBUJACEM,2011-11-01 14:30:00,2011-11-01 00:00:00
AMBUJACEM,2012-06-20 19:30:00,2012-06-21 00:00:00
AMBUJACEM,2012-07-26 17:30:00,2012-07-27 00:00:00
AMBUJACEM,2012-10-18 18:30:00,2012-10-19 00:00:00
AMBUJACEM,2013-02-07 20:30:00,2013-02-08 00:00:00
AMBUJACEM,2013-05-03 10:30:00,2013-05-03 00:00:00
AMBUJACEM,2013-07-24 23:30:00,2013-07-25 00:00:00
AMBUJACEM,2013-10-23 18:30:00,2013-10-24 00:00:00
AMBUJACEM,2014-02-06 18:30:00,2014-02-07 00:00:00
AMBUJACEM,2014-04-25 10:30:00,2014-04-25 00:00:00
AMBUJACEM,2014-07-24 22:30:00,2014-07-25 00:00:00
AMBUJACEM,2014-10-30 23:30:00,2014-10-31 00:00:00
AMBUJACEM,2015-02-19 00:30:00,2015-02-19 00:00:00
AMBUJACEM,2015-04-29 12:30:00,2015-04-29 00:00:00
AMBUJACEM,2015-07-27 21:30:00,2015-07-28 00:00:00
AMBUJACEM,2015-10-28 18:30:00,2015-10-29 00:00:00
AMBUJACEM,2016-02-11 09:30:00,2016-02-11 00:00:00
AMBUJACEM,2016-04-29 16:30:00,2016-05-02 00:00:00
AMBUJACEM,2016-07-26 17:30:00,2016-07-27 00:00:00
AMBUJACEM,2016-11-03 19:30:00,2016-11-04 00:00:00
AMBUJACEM,2017-02-20 23:30:00,2017-02-21 00:00:00
AMBUJACEM,2017-04-28 21:30:00,2017-05-01 00:00:00
AMBUJACEM,2017-07-24 17:30:00,2017-07-25 00:00:00
AMBUJACEM,2017-10-24 18:30:00,2017-10-25 00:00:00
AMBUJACEM,2018-02-20 14:30:00,2018-02-20 00:00:00
AMBUJACEM,2018-05-04 14:30:00,2018-05-04 00:00:00
AMBUJACEM,2018-07-25 18:30:00,2018-07-26 00:00:00
AMBUJACEM,2018-10-23 18:30:00,2018-10-24 00:00:00
AMBUJACEM,2019-02-18 18:30:00,2019-02-19 00:00:00
AMBUJACEM,2019-04-30 17:30:00,2019-05-01 00:00:00
AMBUJACEM,2019-07-25 14:30:00,2019-07-25 00:00:00
AMBUJACEM,2019-10-18 16:30:00,2019-10-21 00:00:00
AMBUJACEM,2020-02-20 18:30:00,2020-02-21 00:00:00
AMBUJACEM,2020-04-27 19:30:00,2020-04-28 00:00:00
AMBUJACEM,2020-07-24 16:30:00,2020-07-27 00:00:00
AMBUJACEM,2020-10-22 16:30:00,2020-10-23 00:00:00
AMBUJACEM,2021-02-18 17:30:00,2021-02-19 00:00:00
AMBUJACEM,2021-04-29 16:30:00,2021-04-30 00:00:00
AMBUJACEM,2021-07-23 17:30:00,2021-07-26 00:00:00
AMBUJACEM,2021-10-26 16:30:00,2021-10-27 00:00:00
AMBUJACEM,2022-02-17 18:30:00,2022-02-18 00:00:00
AMBUJACEM,2022-04-28 17:30:00,2022-04-29 00:00:00
AMBUJACEM,2022-07-19 16:30:00,2022-07-20 00:00:00
AMBUJACEM,2022-10-21 13:30:00,2022-10-21 00:00:00
AMBUJACEM,2023-02-07 14:30:00,2023-02-07 00:00:00
AMBUJACEM,2023-05-02 15:30:00,2023-05-03 00:00:00
AMBUJACEM,2023-08-02 11:30:00,2023-08-02 00:00:00
AMBUJACEM,2023-11-01 12:30:00,2023-11-01 00:00:00
AMBUJACEM,2024-01-31 12:30:00,2024-01-31 00:00:00
AMBUJACEM,2024-05-01 12:30:00,2024-05-01 00:00:00
AMBUJACEM,2024-07-31 11:30:00,2024-07-31 00:00:00
AMBUJACEM,2024-10-28 12:30:00,2024-10-28 00:00:00
AMBUJACEM,2025-01-29 12:30:00,2025-01-29 00:00:00
AMBUJACEM,2025-04-29 14:30:00,2025-04-29 00:00:00
AMBUJACEM,2025-07-31 13:30:00,2025-07-31 00:00:00
AMBUJACEM,2025-11-03 12:30:00,2025-11-03 00:00:00
AMBUJACEM,2026-01-30 13:30:00,2026-01-30 00:00:00
AMBUJACEM,2026-05-04 13:30:00,2026-05-04 00:00:00
AMBUJACEM,2026-07-28 13:30:00,2026-07-28 00:00:00
AMBUJACEM,2026-11-03 15:30:00,2026-11-04 00:00:00
ANTHEM,2026-02-05 12:30:00,2026-02-05 00:00:00
ANTHEM,2026-07-21 16:30:00,2026-07-22 00:00:00
APARINDS,2007-10-29 22:30:00,2007-10-30 00:00:00
APARINDS,2013-06-01 10:30:00,2013-06-03 00:00:00
APARINDS,2016-05-25 22:30:00,2016-05-26 00:00:00
APARINDS,2016-08-05 12:30:00,2016-08-05 00:00:00
APARINDS,2016-11-08 21:30:00,2016-11-09 00:00:00
APARINDS,2017-02-01 20:30:00,2017-02-02 00:00:00
APARINDS,2017-05-30 15:30:00,2017-05-31 00:00:00
APARINDS,2017-08-09 12:30:00,2017-08-09 00:00:00
APARINDS,2017-11-01 15:30:00,2017-11-02 00:00:00
APARINDS,2018-01-29 16:30:00,2018-01-30 00:00:00
APARINDS,2018-05-30 21:30:00,2018-05-31 00:00:00
APARINDS,2018-08-09 12:30:00,2018-08-09 00:00:00
APARINDS,2018-11-01 16:30:00,2018-11-02 00:00:00
APARINDS,2019-01-29 17:30:00,2019-01-30 00:00:00
APARINDS,2019-05-29 16:30:00,2019-05-30 00:00:00
APARINDS,2019-08-08 12:30:00,2019-08-08 00:00:00
APARINDS,2019-11-07 14:30:00,2019-11-07 00:00:00
APARINDS,2020-01-24 05:30:00,2020-01-24 00:00:00
APARINDS,2020-06-25 13:30:00,2020-06-25 00:00:00
APARINDS,2022-05-27 12:30:00,2022-05-27 00:00:00
APARINDS,2023-05-08 13:30:00,2023-05-08 00:00:00
APARINDS,2023-07-28 12:30:00,2023-07-28 00:00:00
APARINDS,2024-01-30 12:30:00,2024-01-30 00:00:00
APARINDS,2024-05-14 13:30:00,2024-05-14 00:00:00
APARINDS,2024-07-30 12:30:00,2024-07-30 00:00:00
APARINDS,2024-10-29 12:30:00,2024-10-29 00:00:00
APARINDS,2025-01-28 12:30:00,2025-01-28 00:00:00
APARINDS,2025-05-14 13:30:00,2025-05-14 00:00:00
APARINDS,2025-07-29 12:30:00,2025-07-29 00:00:00
APARINDS,2025-10-29 13:30:00,2025-10-29 00:00:00
APARINDS,2026-01-29 12:30:00,2026-01-29 00:00:00
APARINDS,2026-05-28 14:30:00,2026-05-28 00:00:00
APARINDS,2026-07-24 12:30:00,2026-07-24 00:00:00
APLAPOLLO,2014-11-12 19:30:00,2014-11-13 00:00:00
APLAPOLLO,2015-02-04 19:30:00,2015-02-05 00:00:00
APLAPOLLO,2015-05-09 23:30:00,2015-05-11 00:00:00
APLAPOLLO,2015-11-09 19:30:00,2015-11-10 00:00:00
APLAPOLLO,2016-02-12 19:30:00,2016-02-15 00:00:00
APLAPOLLO,2016-05-31 03:30:00,2016-05-31 00:00:00
APLAPOLLO,2016-10-29 20:30:00,2016-10-31 00:00:00
APLAPOLLO,2017-01-28 21:30:00,2017-01-30 00:00:00
APLAPOLLO,2017-09-09 16:30:00,2017-09-11 00:00:00
APLAPOLLO,2017-12-11 13:30:00,2017-12-11 00:00:00
APLAPOLLO,2018-01-25 15:30:00,2018-01-26 00:00:00
APLAPOLLO,2018-05-25 15:30:00,2018-05-28 00:00:00
APLAPOLLO,2018-08-08 13:30:00,2018-08-08 00:00:00
APLAPOLLO,2018-11-05 17:30:00,2018-11-06 00:00:00
APLAPOLLO,2019-02-14 15:30:00,2019-02-15 00:00:00
APLAPOLLO,2019-08-10 15:30:00,2019-08-12 00:00:00
APLAPOLLO,2019-11-09 19:30:00,2019-11-11 00:00:00
APLAPOLLO,2020-01-25 15:30:00,2020-01-27 00:00:00
APLAPOLLO,2020-06-30 19:30:00,2020-07-01 00:00:00
APLAPOLLO,2020-10-28 14:30:00,2020-10-28 00:00:00
APLAPOLLO,2021-01-25 13:30:00,2021-01-25 00:00:00
APLAPOLLO,2021-06-03 14:30:00,2021-06-03 00:00:00
APLAPOLLO,2021-08-06 13:30:00,2021-08-06 00:00:00
APLAPOLLO,2021-10-28 14:30:00,2021-10-28 00:00:00
APLAPOLLO,2022-01-25 16:30:00,2022-01-26 00:00:00
APLAPOLLO,2022-05-13 14:30:00,2022-05-13 00:00:00
APLAPOLLO,2022-07-27 14:30:00,2022-07-27 00:00:00
APLAPOLLO,2022-11-09 14:30:00,2022-11-09 00:00:00
APLAPOLLO,2023-02-02 13:30:00,2023-02-02 00:00:00
APLAPOLLO,2023-05-12 16:30:00,2023-05-15 00:00:00
APLAPOLLO,2023-08-05 14:30:00,2023-08-07 00:00:00
APLAPOLLO,2023-10-30 15:30:00,2023-10-31 00:00:00
APLAPOLLO,2024-01-27 15:30:00,2024-01-29 00:00:00
APLAPOLLO,2024-05-12 12:30:00,2024-05-13 00:00:00
APLAPOLLO,2024-08-10 15:30:00,2024-08-12 00:00:00
APLAPOLLO,2024-10-29 13:30:00,2024-10-29 00:00:00
APLAPOLLO,2025-01-20 14:30:00,2025-01-20 00:00:00
APLAPOLLO,2025-05-07 05:30:00,2025-05-07 00:00:00
APLAPOLLO,2025-07-24 14:30:00,2025-07-24 00:00:00
APLAPOLLO,2025-10-29 14:30:00,2025-10-29 00:00:00
APLAPOLLO,2026-01-22 13:30:00,2026-01-22 00:00:00
APLAPOLLO,2026-05-02 15:30:00,2026-05-04 00:00:00
APLAPOLLO,2026-08-01 14:30:00,2026-08-03 00:00:00
APLAPOLLO,2026-10-29 15:30:00,2026-10-30 00:00:00
APOLLOHOSP,2010-11-10 04:30:00,2010-11-10 00:00:00
APOLLOHOSP,2011-02-11 13:30:00,2011-02-11 00:00:00
APOLLOHOSP,2011-05-25 15:30:00,2011-05-26 00:00:00
APOLLOHOSP,2012-02-10 18:30:00,2012-02-13 00:00:00
APOLLOHOSP,2012-05-29 14:30:00,2012-05-29 00:00:00
APOLLOHOSP,2013-02-07 14:30:00,2013-02-07 00:00:00
APOLLOHOSP,2013-05-20 10:30:00,2013-05-20 00:00:00
APOLLOHOSP,2013-08-07 18:30:00,2013-08-08 00:00:00
APOLLOHOSP,2013-11-12 18:30:00,2013-11-13 00:00:00
APOLLOHOSP,2014-02-10 18:30:00,2014-02-11 00:00:00
APOLLOHOSP,2014-05-28 10:30:00,2014-05-28 00:00:00
APOLLOHOSP,2014-08-12 19:30:00,2014-08-13 00:00:00
APOLLOHOSP,2014-11-12 20:30:00,2014-11-13 00:00:00
APOLLOHOSP,2015-02-14 19:30:00,2015-02-16 00:00:00
APOLLOHOSP,2015-05-28 20:30:00,2015-05-29 00:00:00
APOLLOHOSP,2015-11-16 18:30:00,2015-11-17 00:00:00
APOLLOHOSP,2016-02-12 13:30:00,2016-02-12 00:00:00
APOLLOHOSP,2016-09-01 19:30:00,2016-09-02 00:00:00
APOLLOHOSP,2017-02-14 13:30:00,2017-02-14 00:00:00
APOLLOHOSP,2017-05-30 14:30:00,2017-05-30 00:00:00
APOLLOHOSP,2017-08-14 14:30:00,2017-08-14 00:00:00
APOLLOHOSP,2017-11-13 15:30:00,2017-11-14 00:00:00
APOLLOHOSP,2018-02-14 17:30:00,2018-02-15 00:00:00
APOLLOHOSP,2018-05-30 05:30:00,2018-05-30 00:00:00
APOLLOHOSP,2018-08-10 13:30:00,2018-08-10 00:00:00
APOLLOHOSP,2018-11-14 15:30:00,2018-11-15 00:00:00
APOLLOHOSP,2019-02-09 18:30:00,2019-02-11 00:00:00
APOLLOHOSP,2019-05-30 14:30:00,2019-05-30 00:00:00
APOLLOHOSP,2019-08-13 16:30:00,2019-08-14 00:00:00
APOLLOHOSP,2019-11-14 17:30:00,2019-11-15 00:00:00
APOLLOHOSP,2020-02-13 15:30:00,2020-02-14 00:00:00
APOLLOHOSP,2020-06-25 19:30:00,2020-06-26 00:00:00
APOLLOHOSP,2020-09-14 17:30:00,2020-09-15 00:00:00
APOLLOHOSP,2020-11-11 18:30:00,2020-11-12 00:00:00
APOLLOHOSP,2021-02-12 16:30:00,2021-02-15 00:00:00
APOLLOHOSP,2021-06-23 21:30:00,2021-06-24 00:00:00
APOLLOHOSP,2021-08-13 18:30:00,2021-08-16 00:00:00
APOLLOHOSP,2021-11-12 19:30:00,2021-11-15 00:00:00
APOLLOHOSP,2022-02-11 14:30:00,2022-02-11 00:00:00
APOLLOHOSP,2022-05-25 19:30:00,2022-05-26 00:00:00
APOLLOHOSP,2022-08-11 18:30:00,2022-08-12 00:00:00
APOLLOHOSP,2022-11-10 18:30:00,2022-11-11 00:00:00
APOLLOHOSP,2023-02-14 20:30:00,2023-02-15 00:00:00
APOLLOHOSP,2023-05-30 14:30:00,2023-05-30 00:00:00
APOLLOHOSP,2023-08-11 13:30:00,2023-08-11 00:00:00
APOLLOHOSP,2023-11-09 14:30:00,2023-11-09 00:00:00
APOLLOHOSP,2024-02-08 14:30:00,2024-02-08 00:00:00
APOLLOHOSP,2024-05-30 18:30:00,2024-05-31 00:00:00
APOLLOHOSP,2024-08-13 18:30:00,2024-08-14 00:00:00
APOLLOHOSP,2024-11-06 15:30:00,2024-11-07 00:00:00
APOLLOHOSP,2025-02-10 18:30:00,2025-02-11 00:00:00
APOLLOHOSP,2025-05-30 18:30:00,2025-06-02 00:00:00
APOLLOHOSP,2025-08-12 18:30:00,2025-08-13 00:00:00
APOLLOHOSP,2025-11-06 05:30:00,2025-11-06 00:00:00
APOLLOHOSP,2026-02-10 17:30:00,2026-02-11 00:00:00
APOLLOHOSP,2026-05-20 17:30:00,2026-05-21 00:00:00
APOLLOHOSP,2026-08-12 19:30:00,2026-08-13 00:00:00
APOLLOHOSP,2026-11-05 15:30:00,2026-11-06 00:00:00
APOLLOTYRE,2008-07-18 11:30:00,2008-07-18 00:00:00
APOLLOTYRE,2008-10-23 12:30:00,2008-10-23 00:00:00
APOLLOTYRE,2010-01-29 05:30:00,2010-01-29 00:00:00
APOLLOTYRE,2011-02-11 13:30:00,2011-02-11 00:00:00
APOLLOTYRE,2011-05-11 18:30:00,2011-05-12 00:00:00
APOLLOTYRE,2011-08-11 18:30:00,2011-08-12 00:00:00
APOLLOTYRE,2011-11-09 13:30:00,2011-11-09 00:00:00
APOLLOTYRE,2012-02-09 18:30:00,2012-02-10 00:00:00
APOLLOTYRE,2012-05-10 14:30:00,2012-05-10 00:00:00
APOLLOTYRE,2012-11-02 14:30:00,2012-11-02 00:00:00
APOLLOTYRE,2013-02-06 09:30:00,2013-02-06 00:00:00
APOLLOTYRE,2013-05-10 18:30:00,2013-05-13 00:00:00
APOLLOTYRE,2013-08-07 14:30:00,2013-08-07 00:00:00
APOLLOTYRE,2013-11-11 18:30:00,2013-11-12 00:00:00
APOLLOTYRE,2014-02-12 13:30:00,2014-02-12 00:00:00
APOLLOTYRE,2014-05-15 10:30:00,2014-05-15 00:00:00
APOLLOTYRE,2014-08-06 18:30:00,2014-08-07 00:00:00
APOLLOTYRE,2014-11-10 22:30:00,2014-11-11 00:00:00
APOLLOTYRE,2015-02-06 22:30:00,2015-02-09 00:00:00
APOLLOTYRE,2015-05-12 19:30:00,2015-05-13 00:00:00
APOLLOTYRE,2015-08-11 18:30:00,2015-08-12 00:00:00
APOLLOTYRE,2015-11-02 15:30:00,2015-11-03 00:00:00
APOLLOTYRE,2016-02-10 02:30:00,2016-02-10 00:00:00
APOLLOTYRE,2016-05-11 18:30:00,2016-05-12 00:00:00
APOLLOTYRE,2016-08-09 18:30:00,2016-08-10 00:00:00
APOLLOTYRE,2016-11-09 19:30:00,2016-11-10 00:00:00
APOLLOTYRE,2017-02-01 19:30:00,2017-02-02 00:00:00
APOLLOTYRE,2017-05-05 21:30:00,2017-05-08 00:00:00
APOLLOTYRE,2017-08-04 16:30:00,2017-08-07 00:00:00
APOLLOTYRE,2017-11-01 16:30:00,2017-11-02 00:00:00
APOLLOTYRE,2018-02-06 14:30:00,2018-02-06 00:00:00
APOLLOTYRE,2018-05-10 18:30:00,2018-05-11 00:00:00
APOLLOTYRE,2018-08-01 13:30:00,2018-08-01 00:00:00
APOLLOTYRE,2018-11-13 14:30:00,2018-11-13 00:00:00
APOLLOTYRE,2019-02-05 14:30:00,2019-02-05 00:00:00
APOLLOTYRE,2019-05-09 13:30:00,2019-05-09 00:00:00
APOLLOTYRE,2019-07-31 13:30:00,2019-07-31 00:00:00
APOLLOTYRE,2019-11-05 14:30:00,2019-11-05 00:00:00
APOLLOTYRE,2020-02-05 13:30:00,2020-02-05 00:00:00
APOLLOTYRE,2020-05-19 20:30:00,2020-05-20 00:00:00
APOLLOTYRE,2020-08-05 17:30:00,2020-08-06 00:00:00
APOLLOTYRE,2020-11-04 18:30:00,2020-11-05 00:00:00
APOLLOTYRE,2021-02-03 18:30:00,2021-02-04 00:00:00
APOLLOTYRE,2021-05-12 18:30:00,2021-05-13 00:00:00
APOLLOTYRE,2021-08-04 16:30:00,2021-08-05 00:00:00
APOLLOTYRE,2021-10-29 17:30:00,2021-11-01 00:00:00
APOLLOTYRE,2022-02-02 17:30:00,2022-02-03 00:00:00
APOLLOTYRE,2022-05-12 17:30:00,2022-05-13 00:00:00
APOLLOTYRE,2022-08-12 16:30:00,2022-08-15 00:00:00
APOLLOTYRE,2022-11-14 18:30:00,2022-11-15 00:00:00
APOLLOTYRE,2023-02-02 16:30:00,2023-02-03 00:00:00
APOLLOTYRE,2023-05-09 18:30:00,2023-05-10 00:00:00
APOLLOTYRE,2023-08-10 17:30:00,2023-08-11 00:00:00
APOLLOTYRE,2023-11-07 18:30:00,2023-11-08 00:00:00
APOLLOTYRE,2024-02-07 18:30:00,2024-02-08 00:00:00
APOLLOTYRE,2024-05-14 16:30:00,2024-05-15 00:00:00
APOLLOTYRE,2024-08-07 17:30:00,2024-08-08 00:00:00
APOLLOTYRE,2024-11-13 18:30:00,2024-11-14 00:00:00
APOLLOTYRE,2025-02-06 16:30:00,2025-02-07 00:00:00
APOLLOTYRE,2025-05-14 19:30:00,2025-05-15 00:00:00
APOLLOTYRE,2025-08-07 15:30:00,2025-08-08 00:00:00
APOLLOTYRE,2025-11-13 14:30:00,2025-11-13 00:00:00
APOLLOTYRE,2026-02-04 18:30:00,2026-02-05 00:00:00
APOLLOTYRE,2026-05-14 15:30:00,2026-05-15 00:00:00
APOLLOTYRE,2026-08-06 17:30:00,2026-08-07 00:00:00
APOLLOTYRE,2026-11-12 15:30:00,2026-11-13 00:00:00
ASHOKLEY,2006-05-02 20:30:00,2006-05-03 00:00:00
ASHOKLEY,2007-01-31 11:30:00,2007-01-31 00:00:00
ASHOKLEY,2007-05-04 13:30:00,2007-05-04 00:00:00
ASHOKLEY,2007-07-19 16:30:00,2007-07-20 00:00:00
ASHOKLEY,2007-10-24 04:30:00,2007-10-24 00:00:00
ASHOKLEY,2008-01-25 15:30:00,2008-01-28 00:00:00
ASHOKLEY,2008-05-08 13:30:00,2008-05-08 00:00:00
ASHOKLEY,2008-07-29 17:30:00,2008-07-30 00:00:00
ASHOKLEY,2008-10-21 17:30:00,2008-10-22 00:00:00
ASHOKLEY,2009-01-29 01:30:00,2009-01-29 00:00:00
ASHOKLEY,2009-05-15 19:30:00,2009-05-18 00:00:00
ASHOKLEY,2009-07-31 23:30:00,2009-08-03 00:00:00
ASHOKLEY,2009-10-31 03:30:00,2009-11-02 00:00:00
ASHOKLEY,2010-02-01 08:30:00,2010-02-01 00:00:00
ASHOKLEY,2010-04-30 04:30:00,2010-04-30 00:00:00
ASHOKLEY,2010-07-28 04:30:00,2010-07-28 00:00:00
ASHOKLEY,2010-10-21 04:30:00,2010-10-21 00:00:00
ASHOKLEY,2011-01-25 05:30:00,2011-01-25 00:00:00
ASHOKLEY,2011-05-20 02:30:00,2011-05-20 00:00:00
ASHOKLEY,2011-07-19 16:30:00,2011-07-20 00:00:00
ASHOKLEY,2011-11-03 19:30:00,2011-11-04 00:00:00
ASHOKLEY,2012-02-02 00:30:00,2012-02-02 00:00:00
ASHOKLEY,2012-05-14 16:30:00,2012-05-15 00:00:00
ASHOKLEY,2012-07-24 23:30:00,2012-07-25 00:00:00
ASHOKLEY,2012-11-09 04:30:00,2012-11-09 00:00:00
ASHOKLEY,2013-01-24 18:30:00,2013-01-25 00:00:00
ASHOKLEY,2013-05-10 18:30:00,2013-05-13 00:00:00
ASHOKLEY,2013-07-16 14:30:00,2013-07-16 00:00:00
ASHOKLEY,2013-11-06 18:30:00,2013-11-07 00:00:00
ASHOKLEY,2014-01-21 18:30:00,2014-01-22 00:00:00
ASHOKLEY,2014-05-23 22:30:00,2014-05-26 00:00:00
ASHOKLEY,2014-07-26 00:30:00,2014-07-28 00:00:00
ASHOKLEY,2014-11-06 23:30:00,2014-11-07 00:00:00
ASHOKLEY,2015-01-29 19:30:00,2015-01-30 00:00:00
ASHOKLEY,2015-05-13 13:30:00,2015-05-13 00:00:00
ASHOKLEY,2015-08-13 01:30:00,2015-08-13 00:00:00
ASHOKLEY,2015-11-04 23:30:00,2015-11-05 00:00:00
ASHOKLEY,2016-02-11 14:30:00,2016-02-11 00:00:00
ASHOKLEY,2016-05-25 15:30:00,2016-05-26 00:00:00
ASHOKLEY,2016-07-21 17:30:00,2016-07-22 00:00:00
ASHOKLEY,2016-11-25 23:30:00,2016-11-28 00:00:00
ASHOKLEY,2017-01-25 22:30:00,2017-01-26 00:00:00
ASHOKLEY,2017-05-25 15:30:00,2017-05-26 00:00:00
ASHOKLEY,2017-07-21 12:30:00,2017-07-21 00:00:00
ASHOKLEY,2017-11-08 13:30:00,2017-11-08 00:00:00
ASHOKLEY,2018-02-01 18:30:00,2018-02-02 00:00:00
ASHOKLEY,2018-05-18 14:30:00,2018-05-18 00:00:00
ASHOKLEY,2018-07-17 13:30:00,2018-07-17 00:00:00
ASHOKLEY,2018-11-13 15:30:00,2018-11-14 00:00:00
ASHOKLEY,2019-02-15 00:30:00,2019-02-15 00:00:00
ASHOKLEY,2019-05-24 14:30:00,2019-05-24 00:00:00
ASHOKLEY,2019-07-31 18:30:00,2019-08-01 00:00:00
ASHOKLEY,2019-11-08 15:30:00,2019-11-11 00:00:00
ASHOKLEY,2020-02-12 16:30:00,2020-02-13 00:00:00
ASHOKLEY,2020-06-25 20:30:00,2020-06-26 00:00:00
ASHOKLEY,2020-08-12 18:30:00,2020-08-13 00:00:00
ASHOKLEY,2020-11-06 19:30:00,2020-11-09 00:00:00
ASHOKLEY,2021-02-11 17:30:00,2021-02-12 00:00:00
ASHOKLEY,2021-06-24 21:30:00,2021-06-25 00:00:00
ASHOKLEY,2021-08-12 17:30:00,2021-08-13 00:00:00
ASHOKLEY,2021-11-12 18:30:00,2021-11-15 00:00:00
ASHOKLEY,2022-02-11 18:30:00,2022-02-14 00:00:00
ASHOKLEY,2022-05-19 15:30:00,2022-05-20 00:00:00
ASHOKLEY,2022-07-29 13:30:00,2022-07-29 00:00:00
ASHOKLEY,2022-11-10 22:30:00,2022-11-11 00:00:00
ASHOKLEY,2023-02-01 20:30:00,2023-02-02 00:00:00
ASHOKLEY,2023-05-23 15:30:00,2023-05-24 00:00:00
ASHOKLEY,2023-07-21 10:30:00,2023-07-21 00:00:00
ASHOKLEY,2023-11-09 14:30:00,2023-11-09 00:00:00
ASHOKLEY,2024-02-05 18:30:00,2024-02-06 00:00:00
ASHOKLEY,2024-05-24 13:30:00,2024-05-24 00:00:00
ASHOKLEY,2024-07-25 12:30:00,2024-07-25 00:00:00
ASHOKLEY,2024-11-08 12:30:00,2024-11-08 00:00:00
ASHOKLEY,2025-02-12 13:30:00,2025-02-12 00:00:00
ASHOKLEY,2025-05-23 14:30:00,2025-05-23 00:00:00
ASHOKLEY,2025-08-14 12:30:00,2025-08-14 00:00:00
ASHOKLEY,2025-11-12 13:30:00,2025-11-12 00:00:00
ASHOKLEY,2026-02-11 13:30:00,2026-02-11 00:00:00
ASHOKLEY,2026-05-28 14:30:00,2026-05-28 00:00:00
ASHOKLEY,2026-08-14 12:30:00,2026-08-14 00:00:00
ASHOKLEY,2026-11-19 15:30:00,2026-11-20 00:00:00
ASIANPAINT,2006-10-30 14:30:00,2006-10-30 00:00:00
ASIANPAINT,2007-07-12 04:30:00,2007-07-12 00:00:00
ASIANPAINT,2007-07-30 13:30:00,2007-07-30 00:00:00
ASIANPAINT,2007-10-19 15:30:00,2007-10-22 00:00:00
ASIANPAINT,2008-01-29 13:30:00,2008-01-29 00:00:00
ASIANPAINT,2008-05-09 15:30:00,2008-05-12 00:00:00
ASIANPAINT,2008-07-22 18:30:00,2008-07-23 00:00:00
ASIANPAINT,2008-10-24 12:30:00,2008-10-24 00:00:00
ASIANPAINT,2009-01-23 16:30:00,2009-01-26 00:00:00
ASIANPAINT,2009-05-12 05:30:00,2009-05-12 00:00:00
ASIANPAINT,2009-07-25 05:30:00,2009-07-27 00:00:00
ASIANPAINT,2009-10-22 21:30:00,2009-10-23 00:00:00
ASIANPAINT,2010-01-23 01:30:00,2010-01-25 00:00:00
ASIANPAINT,2010-05-29 04:30:00,2010-05-31 00:00:00
ASIANPAINT,2011-05-10 14:30:00,2011-05-10 00:00:00
ASIANPAINT,2011-07-26 18:30:00,2011-07-27 00:00:00
ASIANPAINT,2011-10-24 16:30:00,2011-10-25 00:00:00
ASIANPAINT,2012-05-08 14:30:00,2012-05-08 00:00:00
ASIANPAINT,2012-10-29 11:30:00,2012-10-29 00:00:00
ASIANPAINT,2013-01-21 13:30:00,2013-01-21 00:00:00
ASIANPAINT,2013-05-09 18:30:00,2013-05-10 00:00:00
ASIANPAINT,2013-07-22 14:30:00,2013-07-22 00:00:00
ASIANPAINT,2013-10-21 18:30:00,2013-10-22 00:00:00
ASIANPAINT,2014-01-20 18:30:00,2014-01-21 00:00:00
ASIANPAINT,2014-05-14 14:30:00,2014-05-14 00:00:00
ASIANPAINT,2014-07-22 19:30:00,2014-07-23 00:00:00
ASIANPAINT,2014-10-23 00:30:00,2014-10-23 00:00:00
ASIANPAINT,2015-01-29 23:30:00,2015-01-30 00:00:00
ASIANPAINT,2015-05-18 19:30:00,2015-05-19 00:00:00
ASIANPAINT,2015-07-21 17:30:00,2015-07-22 00:00:00
ASIANPAINT,2015-10-23 21:30:00,2015-10-26 00:00:00
ASIANPAINT,2016-01-18 19:30:00,2016-01-19 00:00:00
ASIANPAINT,2016-05-11 14:30:00,2016-05-11 00:00:00
ASIANPAINT,2016-07-27 20:30:00,2016-07-28 00:00:00
ASIANPAINT,2016-10-25 20:30:00,2016-10-26 00:00:00
ASIANPAINT,2017-01-23 22:30:00,2017-01-24 00:00:00
ASIANPAINT,2017-05-11 18:30:00,2017-05-12 00:00:00
ASIANPAINT,2017-07-25 14:30:00,2017-07-25 00:00:00
ASIANPAINT,2017-10-24 14:30:00,2017-10-24 00:00:00
ASIANPAINT,2018-01-22 17:30:00,2018-01-23 00:00:00
ASIANPAINT,2018-05-10 17:30:00,2018-05-11 00:00:00
ASIANPAINT,2018-07-24 16:30:00,2018-07-25 00:00:00
ASIANPAINT,2018-10-22 17:30:00,2018-10-23 00:00:00
ASIANPAINT,2019-01-22 13:30:00,2019-01-22 00:00:00
ASIANPAINT,2019-05-09 14:30:00,2019-05-09 00:00:00
ASIANPAINT,2019-07-24 12:30:00,2019-07-24 00:00:00
ASIANPAINT,2019-10-22 18:30:00,2019-10-23 00:00:00
ASIANPAINT,2020-01-22 14:30:00,2020-01-22 00:00:00
ASIANPAINT,2020-06-23 18:30:00,2020-06-24 00:00:00
ASIANPAINT,2020-07-24 14:30:00,2020-07-24 00:00:00
ASIANPAINT,2020-10-22 14:30:00,2020-10-22 00:00:00
ASIANPAINT,2021-01-21 13:30:00,2021-01-21 00:00:00
ASIANPAINT,2021-05-12 14:30:00,2021-05-12 00:00:00
ASIANPAINT,2021-07-20 13:30:00,2021-07-20 00:00:00
ASIANPAINT,2021-10-21 12:30:00,2021-10-21 00:00:00
ASIANPAINT,2022-01-20 13:30:00,2022-01-20 00:00:00
ASIANPAINT,2022-05-10 13:30:00,2022-05-10 00:00:00
ASIANPAINT,2022-07-26 13:30:00,2022-07-26 00:00:00
ASIANPAINT,2022-10-20 13:30:00,2022-10-20 00:00:00
ASIANPAINT,2023-01-19 18:30:00,2023-01-20 00:00:00
ASIANPAINT,2023-05-11 13:30:00,2023-05-11 00:00:00
ASIANPAINT,2023-07-25 12:30:00,2023-07-25 00:00:00
ASIANPAINT,2023-10-26 13:30:00,2023-10-26 00:00:00
ASIANPAINT,2024-01-17 14:30:00,2024-01-17 00:00:00
ASIANPAINT,2024-05-09 13:30:00,2024-05-09 00:00:00
ASIANPAINT,2024-07-17 13:30:00,2024-07-17 00:00:00
ASIANPAINT,2024-11-09 14:30:00,2024-11-11 00:00:00
ASIANPAINT,2025-02-04 13:30:00,2025-02-04 00:00:00
ASIANPAINT,2025-05-08 18:30:00,2025-05-09 00:00:00
ASIANPAINT,2025-07-29 13:30:00,2025-07-29 00:00:00
ASIANPAINT,2025-11-12 14:30:00,2025-11-12 00:00:00
ASIANPAINT,2026-01-27 13:30:00,2026-01-27 00:00:00
ASIANPAINT,2026-05-29 13:30:00,2026-05-29 00:00:00
ASIANPAINT,2026-07-29 13:30:00,2026-07-29 00:00:00
ASIANPAINT,2026-10-29 15:30:00,2026-10-30 00:00:00
ASTRAL,2012-02-07 13:30:00,2012-02-07 00:00:00
ASTRAL,2013-01-28 13:30:00,2013-01-28 00:00:00
ASTRAL,2013-05-20 18:30:00,2013-05-21 00:00:00
ASTRAL,2013-08-05 18:30:00,2013-08-06 00:00:00
ASTRAL,2014-02-05 20:30:00,2014-02-06 00:00:00
ASTRAL,2014-05-05 06:30:00,2014-05-05 00:00:00
ASTRAL,2014-07-19 00:30:00,2014-07-21 00:00:00
ASTRAL,2014-10-28 20:30:00,2014-10-29 00:00:00
ASTRAL,2015-01-28 21:30:00,2015-01-29 00:00:00
ASTRAL,2015-08-11 20:30:00,2015-08-12 00:00:00
ASTRAL,2015-11-05 20:30:00,2015-11-06 00:00:00
ASTRAL,2016-02-10 20:30:00,2016-02-11 00:00:00
ASTRAL,2016-05-28 00:30:00,2016-05-30 00:00:00
ASTRAL,2016-08-19 20:30:00,2016-08-22 00:00:00
ASTRAL,2016-11-17 21:30:00,2016-11-18 00:00:00
ASTRAL,2017-02-06 20:30:00,2017-02-07 00:00:00
ASTRAL,2017-05-30 18:30:00,2017-05-31 00:00:00
ASTRAL,2017-08-08 16:30:00,2017-08-09 00:00:00
ASTRAL,2017-11-13 15:30:00,2017-11-14 00:00:00
ASTRAL,2018-02-13 15:30:00,2018-02-14 00:00:00
ASTRAL,2018-05-23 15:30:00,2018-05-24 00:00:00
ASTRAL,2018-07-31 15:30:00,2018-08-01 00:00:00
ASTRAL,2018-11-14 15:30:00,2018-11-15 00:00:00
ASTRAL,2019-02-11 15:30:00,2019-02-12 00:00:00
ASTRAL,2019-05-20 16:30:00,2019-05-21 00:00:00
ASTRAL,2019-08-02 15:30:00,2019-08-05 00:00:00
ASTRAL,2019-10-24 15:30:00,2019-10-25 00:00:00
ASTRAL,2020-02-11 16:30:00,2020-02-12 00:00:00
ASTRAL,2020-05-25 17:30:00,2020-05-26 00:00:00
ASTRAL,2020-08-04 16:30:00,2020-08-05 00:00:00
ASTRAL,2020-11-06 15:30:00,2020-11-09 00:00:00
ASTRAL,2021-02-03 15:30:00,2021-02-04 00:00:00
ASTRAL,2021-05-18 15:30:00,2021-05-19 00:00:00
ASTRAL,2021-08-06 15:30:00,2021-08-09 00:00:00
ASTRAL,2021-11-11 15:30:00,2021-11-12 00:00:00
ASTRAL,2022-02-04 19:30:00,2022-02-07 00:00:00
ASTRAL,2022-05-27 15:30:00,2022-05-30 00:00:00
ASTRAL,2022-08-12 15:30:00,2022-08-15 00:00:00
ASTRAL,2022-11-11 15:30:00,2022-11-14 00:00:00
ASTRAL,2023-02-07 17:30:00,2023-02-08 00:00:00
ASTRAL,2023-05-15 17:30:00,2023-05-16 00:00:00
ASTRAL,2023-08-11 20:30:00,2023-08-14 00:00:00
ASTRAL,2023-10-19 15:30:00,2023-10-20 00:00:00
ASTRAL,2024-01-30 15:30:00,2024-01-31 00:00:00
ASTRAL,2024-05-17 17:30:00,2024-05-20 00:00:00
ASTRAL,2024-08-08 17:30:00,2024-08-09 00:00:00
ASTRAL,2024-11-07 15:30:00,2024-11-08 00:00:00
ASTRAL,2025-01-30 15:30:00,2025-01-31 00:00:00
ASTRAL,2025-05-21 15:30:00,2025-05-22 00:00:00
ASTRAL,2025-08-11 15:30:00,2025-08-12 00:00:00
ASTRAL,2025-11-05 15:30:00,2025-11-06 00:00:00
ASTRAL,2026-02-05 15:30:00,2026-02-06 00:00:00
ASTRAL,2026-05-18 15:30:00,2026-05-19 00:00:00
ASTRAL,2026-08-12 15:30:00,2026-08-13 00:00:00
ASTRAL,2026-11-11 15:30:00,2026-11-12 00:00:00
ATGL,2020-02-05 14:30:00,2020-02-05 00:00:00
ATGL,2020-05-08 13:30:00,2020-05-08 00:00:00
ATGL,2020-08-05 17:30:00,2020-08-06 00:00:00
ATGL,2026-10-27 15:30:00,2026-10-28 00:00:00
AUBANK,2018-03-20 10:30:00,2018-03-20 00:00:00
AUBANK,2018-04-26 17:30:00,2018-04-27 00:00:00
AUBANK,2018-08-07 15:30:00,2018-08-08 00:00:00
AUBANK,2018-10-13 14:30:00,2018-10-15 00:00:00
AUBANK,2019-01-17 15:30:00,2019-01-18 00:00:00
AUBANK,2019-04-22 19:30:00,2019-04-23 00:00:00
AUBANK,2019-07-25 18:30:00,2019-07-26 00:00:00
AUBANK,2019-10-21 18:30:00,2019-10-22 00:00:00
AUBANK,2020-01-22 20:30:00,2020-01-23 00:00:00
AUBANK,2020-05-02 16:30:00,2020-05-04 00:00:00
AUBANK,2020-07-23 17:30:00,2020-07-24 00:00:00
AUBANK,2020-10-28 17:30:00,2020-10-29 00:00:00
AUBANK,2021-01-28 16:30:00,2021-01-29 00:00:00
AUBANK,2021-04-29 20:30:00,2021-04-30 00:00:00
AUBANK,2021-08-06 13:30:00,2021-08-06 00:00:00
AUBANK,2021-10-28 18:30:00,2021-10-29 00:00:00
AUBANK,2022-01-28 15:30:00,2022-01-31 00:00:00
AUBANK,2022-04-26 16:30:00,2022-04-27 00:00:00
AUBANK,2022-07-20 15:30:00,2022-07-21 00:00:00
AUBANK,2022-10-19 15:30:00,2022-10-20 00:00:00
AUBANK,2023-01-19 19:30:00,2023-01-20 00:00:00
AUBANK,2023-04-25 16:30:00,2023-04-26 00:00:00
AUBANK,2023-07-22 15:30:00,2023-07-24 00:00:00
AUBANK,2023-10-28 13:30:00,2023-10-30 00:00:00
AUBANK,2024-01-25 18:30:00,2024-01-26 00:00:00
AUBANK,2024-04-24 15:30:00,2024-04-25 00:00:00
AUBANK,2024-07-25 15:30:00,2024-07-26 00:00:00
AUBANK,2024-10-23 15:30:00,2024-10-24 00:00:00
AUBANK,2025-01-24 14:30:00,2025-01-24 00:00:00
AUBANK,2025-04-22 15:30:00,2025-04-23 00:00:00
AUBANK,2025-07-19 05:30:00,2025-07-21 00:00:00
AUBANK,2025-10-17 20:30:00,2025-10-20 00:00:00
AUBANK,2026-04-27 16:30:00,2026-04-28 00:00:00
AUBANK,2026-07-25 13:30:00,2026-07-27 00:00:00
AUBANK,2026-10-17 15:30:00,2026-10-19 00:00:00
AUROPHARMA,2007-10-31 12:30:00,2007-10-31 00:00:00
AUROPHARMA,2008-01-30 13:30:00,2008-01-30 00:00:00
AUROPHARMA,2009-10-30 16:30:00,2009-11-02 00:00:00
AUROPHARMA,2010-01-30 15:30:00,2010-02-01 00:00:00
AUROPHARMA,2010-08-06 02:30:00,2010-08-06 00:00:00
AUROPHARMA,2011-08-08 18:30:00,2011-08-09 00:00:00
AUROPHARMA,2011-11-08 13:30:00,2011-11-08 00:00:00
AUROPHARMA,2012-02-13 13:30:00,2012-02-13 00:00:00
AUROPHARMA,2012-05-30 14:30:00,2012-05-30 00:00:00
AUROPHARMA,2012-08-07 16:30:00,2012-08-08 00:00:00
AUROPHARMA,2012-11-09 13:30:00,2012-11-09 00:00:00
AUROPHARMA,2013-02-07 18:30:00,2013-02-08 00:00:00
AUROPHARMA,2013-05-30 18:30:00,2013-05-31 00:00:00
AUROPHARMA,2013-08-10 23:30:00,2013-08-12 00:00:00
AUROPHARMA,2013-11-08 10:30:00,2013-11-08 00:00:00
AUROPHARMA,2014-02-06 22:30:00,2014-02-07 00:00:00
AUROPHARMA,2014-05-30 18:30:00,2014-06-02 00:00:00
AUROPHARMA,2014-08-07 20:30:00,2014-08-08 00:00:00
AUROPHARMA,2014-11-07 13:30:00,2014-11-07 00:00:00
AUROPHARMA,2015-02-07 17:30:00,2015-02-09 00:00:00
AUROPHARMA,2015-05-29 01:30:00,2015-05-29 00:00:00
AUROPHARMA,2015-08-13 16:30:00,2015-08-14 00:00:00
AUROPHARMA,2015-11-07 01:30:00,2015-11-09 00:00:00
AUROPHARMA,2016-02-09 23:30:00,2016-02-10 00:00:00
AUROPHARMA,2016-05-31 01:30:00,2016-05-31 00:00:00
AUROPHARMA,2016-08-24 00:30:00,2016-08-24 00:00:00
AUROPHARMA,2016-11-15 01:30:00,2016-11-15 00:00:00
AUROPHARMA,2017-02-09 23:30:00,2017-02-10 00:00:00
AUROPHARMA,2017-05-29 20:30:00,2017-05-30 00:00:00
AUROPHARMA,2017-08-09 17:30:00,2017-08-10 00:00:00
AUROPHARMA,2017-11-09 19:30:00,2017-11-10 00:00:00
AUROPHARMA,2018-02-07 17:30:00,2018-02-08 00:00:00
AUROPHARMA,2018-05-28 05:30:00,2018-05-28 00:00:00
AUROPHARMA,2018-08-09 17:30:00,2018-08-10 00:00:00
AUROPHARMA,2018-11-12 18:30:00,2018-11-13 00:00:00
AUROPHARMA,2019-02-07 20:30:00,2019-02-08 00:00:00
AUROPHARMA,2019-05-28 19:30:00,2019-05-29 00:00:00
AUROPHARMA,2019-08-07 18:30:00,2019-08-08 00:00:00
AUROPHARMA,2019-11-12 17:30:00,2019-11-13 00:00:00
AUROPHARMA,2020-02-06 17:30:00,2020-02-07 00:00:00
AUROPHARMA,2020-06-03 18:30:00,2020-06-04 00:00:00
AUROPHARMA,2020-08-12 19:30:00,2020-08-13 00:00:00
AUROPHARMA,2020-11-11 17:30:00,2020-11-12 00:00:00
AUROPHARMA,2021-02-10 18:30:00,2021-02-11 00:00:00
AUROPHARMA,2021-05-31 13:30:00,2021-05-31 00:00:00
AUROPHARMA,2021-08-12 19:30:00,2021-08-13 00:00:00
AUROPHARMA,2021-11-08 18:30:00,2021-11-09 00:00:00
AUROPHARMA,2022-02-09 17:30:00,2022-02-10 00:00:00
AUROPHARMA,2022-05-30 19:30:00,2022-05-31 00:00:00
AUROPHARMA,2022-08-11 17:30:00,2022-08-12 00:00:00
AUROPHARMA,2022-11-12 16:30:00,2022-11-14 00:00:00
AUROPHARMA,2023-02-09 18:30:00,2023-02-10 00:00:00
AUROPHARMA,2023-05-27 19:30:00,2023-05-29 00:00:00
AUROPHARMA,2023-08-12 17:30:00,2023-08-14 00:00:00
AUROPHARMA,2023-11-09 18:30:00,2023-11-10 00:00:00
AUROPHARMA,2024-02-10 17:30:00,2024-02-12 00:00:00
AUROPHARMA,2024-05-25 18:30:00,2024-05-27 00:00:00
AUROPHARMA,2024-08-10 18:30:00,2024-08-12 00:00:00
AUROPHARMA,2024-11-09 18:30:00,2024-11-11 00:00:00
AUROPHARMA,2025-02-06 19:30:00,2025-02-07 00:00:00
AUROPHARMA,2025-05-26 19:30:00,2025-05-27 00:00:00
AUROPHARMA,2025-08-04 18:30:00,2025-08-05 00:00:00
AUROPHARMA,2025-11-05 19:30:00,2025-11-06 00:00:00
AUROPHARMA,2026-02-09 19:30:00,2026-02-10 00:00:00
AUROPHARMA,2026-05-21 19:30:00,2026-05-22 00:00:00
AUROPHARMA,2026-08-05 19:30:00,2026-08-06 00:00:00
AUROPHARMA,2026-11-05 15:30:00,2026-11-06 00:00:00
AXISBANK,2006-01-13 13:30:00,2006-01-13 00:00:00
AXISBANK,2006-04-17 14:30:00,2006-04-17 00:00:00
AXISBANK,2006-07-13 14:30:00,2006-07-13 00:00:00
AXISBANK,2006-10-13 14:30:00,2006-10-13 00:00:00
AXISBANK,2007-01-12 13:30:00,2007-01-12 00:00:00
AXISBANK,2007-04-17 13:30:00,2007-04-17 00:00:00
AXISBANK,2007-07-12 17:30:00,2007-07-13 00:00:00
AXISBANK,2007-10-15 09:30:00,2007-10-15 00:00:00
AXISBANK,2008-01-09 12:30:00,2008-01-09 00:00:00
AXISBANK,2008-04-21 13:30:00,2008-04-21 00:00:00
AXISBANK,2008-07-14 12:30:00,2008-07-14 00:00:00
AXISBANK,2008-10-13 09:30:00,2008-10-13 00:00:00
AXISBANK,2009-01-09 13:30:00,2009-01-09 00:00:00
AXISBANK,2009-04-20 16:30:00,2009-04-21 00:00:00
AXISBANK,2009-07-13 13:30:00,2009-07-13 00:00:00
AXISBANK,2009-10-12 14:30:00,2009-10-12 00:00:00
AXISBANK,2010-01-15 13:30:00,2010-01-15 00:00:00
AXISBANK,2010-04-21 04:30:00,2010-04-21 00:00:00
AXISBANK,2010-07-16 04:30:00,2010-07-16 00:00:00
AXISBANK,2010-10-14 20:30:00,2010-10-15 00:00:00
AXISBANK,2011-01-17 13:30:00,2011-01-17 00:00:00
AXISBANK,2011-04-22 20:30:00,2011-04-25 00:00:00
AXISBANK,2011-07-22 16:30:00,2011-07-25 00:00:00
AXISBANK,2011-10-22 16:30:00,2011-10-24 00:00:00
AXISBANK,2012-01-20 16:30:00,2012-01-23 00:00:00
AXISBANK,2012-04-27 19:30:00,2012-04-30 00:00:00
AXISBANK,2012-07-17 16:30:00,2012-07-18 00:00:00
AXISBANK,2012-10-15 22:30:00,2012-10-16 00:00:00
AXISBANK,2013-01-15 09:30:00,2013-01-15 00:00:00
AXISBANK,2013-04-25 04:30:00,2013-04-25 00:00:00
AXISBANK,2013-07-18 15:30:00,2013-07-19 00:00:00
AXISBANK,2013-10-17 14:30:00,2013-10-17 00:00:00
AXISBANK,2014-01-16 09:30:00,2014-01-16 00:00:00
AXISBANK,2014-04-25 14:30:00,2014-04-25 00:00:00
AXISBANK,2014-07-23 14:30:00,2014-07-23 00:00:00
AXISBANK,2014-10-17 20:30:00,2014-10-20 00:00:00
AXISBANK,2015-01-16 14:30:00,2015-01-16 00:00:00
AXISBANK,2015-04-29 20:30:00,2015-04-30 00:00:00
AXISBANK,2015-07-24 13:30:00,2015-07-24 00:00:00
AXISBANK,2015-10-27 18:30:00,2015-10-28 00:00:00
AXISBANK,2016-01-20 16:30:00,2016-01-21 00:00:00
AXISBANK,2016-04-26 17:30:00,2016-04-27 00:00:00
AXISBANK,2016-07-22 16:30:00,2016-07-25 00:00:00
AXISBANK,2016-10-25 16:30:00,2016-10-26 00:00:00
AXISBANK,2017-01-19 16:30:00,2017-01-20 00:00:00
AXISBANK,2017-04-26 16:30:00,2017-04-27 00:00:00
AXISBANK,2017-07-25 16:30:00,2017-07-26 00:00:00
AXISBANK,2017-10-17 15:30:00,2017-10-18 00:00:00
AXISBANK,2018-01-22 13:30:00,2018-01-22 00:00:00
AXISBANK,2018-04-26 18:30:00,2018-04-27 00:00:00
AXISBANK,2018-07-30 17:30:00,2018-07-31 00:00:00
AXISBANK,2018-11-02 16:30:00,2018-11-05 00:00:00
AXISBANK,2019-01-29 16:30:00,2019-01-30 00:00:00
AXISBANK,2019-04-25 16:30:00,2019-04-26 00:00:00
AXISBANK,2019-07-30 15:30:00,2019-07-31 00:00:00
AXISBANK,2019-10-22 16:30:00,2019-10-23 00:00:00
AXISBANK,2020-01-22 16:30:00,2020-01-23 00:00:00
AXISBANK,2020-04-28 16:30:00,2020-04-29 00:00:00
AXISBANK,2020-07-21 16:30:00,2020-07-22 00:00:00
AXISBANK,2020-10-28 17:30:00,2020-10-29 00:00:00
AXISBANK,2021-01-27 16:30:00,2021-01-28 00:00:00
AXISBANK,2021-04-27 16:30:00,2021-04-28 00:00:00
AXISBANK,2021-07-26 16:30:00,2021-07-27 00:00:00
AXISBANK,2021-10-26 16:30:00,2021-10-27 00:00:00
AXISBANK,2022-01-24 16:30:00,2022-01-25 00:00:00
AXISBANK,2022-04-28 16:30:00,2022-04-29 00:00:00
AXISBANK,2022-07-25 13:30:00,2022-07-25 00:00:00
AXISBANK,2022-10-20 16:30:00,2022-10-21 00:00:00
AXISBANK,2023-01-23 15:30:00,2023-01-24 00:00:00
AXISBANK,2023-04-27 15:30:00,2023-04-28 00:00:00
AXISBANK,2023-07-26 15:30:00,2023-07-27 00:00:00
AXISBANK,2023-10-25 15:30:00,2023-10-26 00:00:00
AXISBANK,2024-01-23 15:30:00,2024-01-24 00:00:00
AXISBANK,2024-04-24 15:30:00,2024-04-25 00:00:00
AXISBANK,2024-07-24 15:30:00,2024-07-25 00:00:00
AXISBANK,2024-10-17 15:30:00,2024-10-18 00:00:00
AXISBANK,2025-01-16 20:30:00,2025-01-17 00:00:00
AXISBANK,2025-04-24 16:30:00,2025-04-25 00:00:00
AXISBANK,2025-07-17 20:30:00,2025-07-18 00:00:00
AXISBANK,2025-10-15 15:30:00,2025-10-16 00:00:00
AXISBANK,2026-01-26 12:30:00,2026-01-26 00:00:00
AXISBANK,2026-04-25 14:30:00,2026-04-27 00:00:00
AXISBANK,2026-07-18 10:30:00,2026-07-20 00:00:00
AXISBANK,2026-10-17 15:30:00,2026-10-19 00:00:00
BAJAJ-AUTO,2008-07-10 10:30:00,2008-07-10 00:00:00
BAJAJ-AUTO,2008-10-23 13:30:00,2008-10-23 00:00:00
BAJAJ-AUTO,2009-01-16 13:30:00,2009-01-16 00:00:00
BAJAJ-AUTO,2009-05-21 13:30:00,2009-05-21 00:00:00
BAJAJ-AUTO,2009-07-16 11:30:00,2009-07-16 00:00:00
BAJAJ-AUTO,2009-10-15 12:30:00,2009-10-15 00:00:00
BAJAJ-AUTO,2010-01-12 16:30:00,2010-01-13 00:00:00
BAJAJ-AUTO,2010-05-13 04:30:00,2010-05-13 00:00:00
BAJAJ-AUTO,2010-07-23 04:30:00,2010-07-23 00:00:00
BAJAJ-AUTO,2010-10-22 15:30:00,2010-10-25 00:00:00
BAJAJ-AUTO,2011-01-19 12:30:00,2011-01-19 00:00:00
BAJAJ-AUTO,2011-05-18 14:30:00,2011-05-18 00:00:00
BAJAJ-AUTO,2011-07-15 04:30:00,2011-07-15 00:00:00
BAJAJ-AUTO,2011-10-20 14:30:00,2011-10-20 00:00:00
BAJAJ-AUTO,2012-01-19 16:30:00,2012-01-20 00:00:00
BAJAJ-AUTO,2012-05-17 18:30:00,2012-05-18 00:00:00
BAJAJ-AUTO,2012-07-18 16:30:00,2012-07-19 00:00:00
BAJAJ-AUTO,2012-10-20 18:30:00,2012-10-22 00:00:00
BAJAJ-AUTO,2013-01-16 09:30:00,2013-01-16 00:00:00
BAJAJ-AUTO,2013-05-16 10:30:00,2013-05-16 00:00:00
BAJAJ-AUTO,2013-07-19 14:30:00,2013-07-19 00:00:00
BAJAJ-AUTO,2013-10-16 14:30:00,2013-10-16 00:00:00
BAJAJ-AUTO,2014-01-16 09:30:00,2014-01-16 00:00:00
BAJAJ-AUTO,2014-05-15 10:30:00,2014-05-15 00:00:00
BAJAJ-AUTO,2014-07-17 17:30:00,2014-07-18 00:00:00
BAJAJ-AUTO,2014-10-16 15:30:00,2014-10-17 00:00:00
BAJAJ-AUTO,2015-01-16 12:30:00,2015-01-16 00:00:00
BAJAJ-AUTO,2015-05-21 16:30:00,2015-05-22 00:00:00
BAJAJ-AUTO,2015-07-23 16:30:00,2015-07-24 00:00:00
BAJAJ-AUTO,2015-10-21 18:30:00,2015-10-22 00:00:00
BAJAJ-AUTO,2016-02-04 18:30:00,2016-02-05 00:00:00
BAJAJ-AUTO,2016-05-25 13:30:00,2016-05-25 00:00:00
BAJAJ-AUTO,2016-07-27 12:30:00,2016-07-27 00:00:00
BAJAJ-AUTO,2016-10-28 13:30:00,2016-10-28 00:00:00
BAJAJ-AUTO,2017-01-31 12:30:00,2017-01-31 00:00:00
BAJAJ-AUTO,2017-05-18 13:30:00,2017-05-18 00:00:00
BAJAJ-AUTO,2017-07-20 12:30:00,2017-07-20 00:00:00
BAJAJ-AUTO,2017-10-17 13:30:00,2017-10-17 00:00:00
BAJAJ-AUTO,2018-02-02 13:30:00,2018-02-02 00:00:00
BAJAJ-AUTO,2018-05-18 13:30:00,2018-05-18 00:00:00
BAJAJ-AUTO,2018-07-20 12:30:00,2018-07-20 00:00:00
BAJAJ-AUTO,2018-10-24 13:30:00,2018-10-24 00:00:00
BAJAJ-AUTO,2019-01-30 14:30:00,2019-01-30 00:00:00
BAJAJ-AUTO,2019-05-17 14:30:00,2019-05-17 00:00:00
BAJAJ-AUTO,2019-07-26 11:30:00,2019-07-26 00:00:00
BAJAJ-AUTO,2019-10-23 12:30:00,2019-10-23 00:00:00
BAJAJ-AUTO,2020-01-30 13:30:00,2020-01-30 00:00:00
BAJAJ-AUTO,2020-05-20 19:30:00,2020-05-21 00:00:00
BAJAJ-AUTO,2020-07-22 11:30:00,2020-07-22 00:00:00
BAJAJ-AUTO,2020-10-22 12:30:00,2020-10-22 00:00:00
BAJAJ-AUTO,2021-01-21 13:30:00,2021-01-21 00:00:00
BAJAJ-AUTO,2021-04-29 14:30:00,2021-04-29 00:00:00
BAJAJ-AUTO,2021-07-22 11:30:00,2021-07-22 00:00:00
BAJAJ-AUTO,2021-10-27 17:30:00,2021-10-28 00:00:00
BAJAJ-AUTO,2022-01-19 17:30:00,2022-01-20 00:00:00
BAJAJ-AUTO,2022-04-27 16:30:00,2022-04-28 00:00:00
BAJAJ-AUTO,2022-07-26 13:30:00,2022-07-26 00:00:00
BAJAJ-AUTO,2022-10-14 15:30:00,2022-10-17 00:00:00
BAJAJ-AUTO,2023-01-25 14:30:00,2023-01-25 00:00:00
BAJAJ-AUTO,2023-04-25 16:30:00,2023-04-26 00:00:00
BAJAJ-AUTO,2023-07-25 12:30:00,2023-07-25 00:00:00
BAJAJ-AUTO,2023-10-18 16:30:00,2023-10-19 00:00:00
BAJAJ-AUTO,2024-01-24 15:30:00,2024-01-25 00:00:00
BAJAJ-AUTO,2024-04-18 16:30:00,2024-04-19 00:00:00
BAJAJ-AUTO,2024-07-16 13:30:00,2024-07-16 00:00:00
BAJAJ-AUTO,2024-10-16 16:30:00,2024-10-17 00:00:00
BAJAJ-AUTO,2025-01-28 17:30:00,2025-01-29 00:00:00
BAJAJ-AUTO,2025-05-29 17:30:00,2025-05-30 00:00:00
BAJAJ-AUTO,2025-08-06 11:30:00,2025-08-06 00:00:00
BAJAJ-AUTO,2025-11-07 16:30:00,2025-11-10 00:00:00
BAJAJ-AUTO,2026-01-30 15:30:00,2026-02-02 00:00:00
BAJAJ-AUTO,2026-05-06 17:30:00,2026-05-07 00:00:00
BAJAJ-AUTO,2026-07-21 12:30:00,2026-07-21 00:00:00
BAJAJ-AUTO,2026-10-15 15:30:00,2026-10-16 00:00:00
BAJAJFINSV,2013-05-15 14:30:00,2013-05-15 00:00:00
BAJAJFINSV,2013-10-15 18:30:00,2013-10-16 00:00:00
BAJAJFINSV,2014-01-15 18:30:00,2014-01-16 00:00:00
BAJAJFINSV,2014-05-14 14:30:00,2014-05-14 00:00:00
BAJAJFINSV,2014-07-16 20:30:00,2014-07-17 00:00:00
BAJAJFINSV,2014-10-14 20:30:00,2014-10-15 00:00:00
BAJAJFINSV,2015-01-19 10:30:00,2015-01-19 00:00:00
BAJAJFINSV,2015-05-20 21:30:00,2015-05-21 00:00:00
BAJAJFINSV,2015-07-22 20:30:00,2015-07-23 00:00:00
BAJAJFINSV,2015-10-20 20:30:00,2015-10-21 00:00:00
BAJAJFINSV,2016-02-03 20:30:00,2016-02-04 00:00:00
BAJAJFINSV,2017-05-17 17:30:00,2017-05-18 00:00:00
BAJAJFINSV,2017-07-19 16:30:00,2017-07-20 00:00:00
BAJAJFINSV,2017-10-16 16:30:00,2017-10-17 00:00:00
BAJAJFINSV,2018-02-01 16:30:00,2018-02-02 00:00:00
BAJAJFINSV,2018-05-17 17:30:00,2018-05-18 00:00:00
BAJAJFINSV,2018-07-19 15:30:00,2018-07-20 00:00:00
BAJAJFINSV,2018-10-23 16:30:00,2018-10-24 00:00:00
BAJAJFINSV,2019-01-29 16:30:00,2019-01-30 00:00:00
BAJAJFINSV,2019-05-16 18:30:00,2019-05-17 00:00:00
BAJAJFINSV,2019-07-25 15:30:00,2019-07-26 00:00:00
BAJAJFINSV,2020-05-21 13:30:00,2020-05-21 00:00:00
BAJAJFINSV,2023-10-27 12:30:00,2023-10-27 00:00:00
BAJAJFINSV,2024-01-30 12:30:00,2024-01-30 00:00:00
BAJAJFINSV,2024-07-24 11:30:00,2024-07-24 00:00:00
BAJAJFINSV,2024-10-23 13:30:00,2024-10-23 00:00:00
BAJAJFINSV,2025-01-30 12:30:00,2025-01-30 00:00:00
BAJAJFINSV,2025-04-29 19:30:00,2025-04-30 00:00:00
BAJAJFINSV,2025-07-25 11:30:00,2025-07-25 00:00:00
BAJAJFINSV,2025-11-11 13:30:00,2025-11-11 00:00:00
BAJAJFINSV,2026-02-04 12:30:00,2026-02-04 00:00:00
BAJAJFINSV,2026-04-30 13:30:00,2026-04-30 00:00:00
BAJAJFINSV,2026-07-31 11:30:00,2026-07-31 00:00:00
BAJAJFINSV,2026-11-11 15:30:00,2026-11-12 00:00:00
BAJAJHFL,2024-10-21 16:30:00,2024-10-22 00:00:00
BAJAJHFL,2025-01-27 14:30:00,2025-01-27 00:00:00
BAJAJHFL,2025-04-23 16:30:00,2025-04-24 00:00:00
BAJAJHFL,2025-07-23 15:30:00,2025-07-24 00:00:00
BAJAJHFL,2025-11-06 15:30:00,2025-11-07 00:00:00
BAJAJHFL,2026-02-02 15:30:00,2026-02-03 00:00:00
BAJAJHFL,2026-04-27 15:30:00,2026-04-28 00:00:00
BAJAJHFL,2026-07-29 15:30:00,2026-07-30 00:00:00
BAJAJHLDNG,2006-01-13 13:30:00,2006-01-13 00:00:00
BAJAJHLDNG,2006-05-19 13:30:00,2006-05-19 00:00:00
BAJAJHLDNG,2006-07-15 11:30:00,2006-07-17 00:00:00
BAJAJHLDNG,2006-10-18 12:30:00,2006-10-18 00:00:00
BAJAJHLDNG,2007-01-16 13:30:00,2007-01-16 00:00:00
BAJAJHLDNG,2007-05-17 13:30:00,2007-05-17 00:00:00
BAJAJHLDNG,2007-10-19 13:30:00,2007-10-19 00:00:00
BAJAJHLDNG,2008-01-30 13:30:00,2008-01-30 00:00:00
BAJAJHLDNG,2008-05-22 12:30:00,2008-05-22 00:00:00
BAJAJHLDNG,2017-10-17 15:30:00,2017-10-18 00:00:00
BAJAJHLDNG,2018-10-24 16:30:00,2018-10-25 00:00:00
BAJAJHLDNG,2026-11-13 15:30:00,2026-11-16 00:00:00
BAJFINANCE,2010-07-22 04:30:00,2010-07-22 00:00:00
BAJFINANCE,2010-10-22 18:30:00,2010-10-25 00:00:00
BAJFINANCE,2012-10-19 10:30:00,2012-10-19 00:00:00
BAJFINANCE,2013-01-15 09:30:00,2013-01-15 00:00:00
BAJFINANCE,2013-05-15 10:30:00,2013-05-15 00:00:00
BAJFINANCE,2013-07-18 19:30:00,2013-07-19 00:00:00
BAJFINANCE,2013-10-15 14:30:00,2013-10-15 00:00:00
BAJFINANCE,2014-01-15 14:30:00,2014-01-15 00:00:00
BAJFINANCE,2014-07-16 17:30:00,2014-07-17 00:00:00
BAJFINANCE,2014-10-14 17:30:00,2014-10-15 00:00:00
BAJFINANCE,2015-01-14 18:30:00,2015-01-15 00:00:00
BAJFINANCE,2015-05-20 18:30:00,2015-05-21 00:00:00
BAJFINANCE,2015-07-22 16:30:00,2015-07-23 00:00:00
BAJFINANCE,2015-10-20 18:30:00,2015-10-21 00:00:00
BAJFINANCE,2016-02-03 18:30:00,2016-02-04 00:00:00
BAJFINANCE,2016-05-24 18:30:00,2016-05-25 00:00:00
BAJFINANCE,2016-07-26 19:30:00,2016-07-27 00:00:00
BAJFINANCE,2016-10-27 18:30:00,2016-10-28 00:00:00
BAJFINANCE,2017-01-30 17:30:00,2017-01-31 00:00:00
BAJFINANCE,2017-05-17 14:30:00,2017-05-17 00:00:00
BAJFINANCE,2017-07-19 12:30:00,2017-07-19 00:00:00
BAJFINANCE,2017-10-16 13:30:00,2017-10-16 00:00:00
BAJFINANCE,2018-02-01 14:30:00,2018-02-01 00:00:00
BAJFINANCE,2018-05-17 13:30:00,2018-05-17 00:00:00
BAJFINANCE,2018-07-19 11:30:00,2018-07-19 00:00:00
BAJFINANCE,2018-10-23 13:30:00,2018-10-23 00:00:00
BAJFINANCE,2019-01-29 13:30:00,2019-01-29 00:00:00
BAJFINANCE,2019-05-16 14:30:00,2019-05-16 00:00:00
BAJFINANCE,2019-07-25 11:30:00,2019-07-25 00:00:00
BAJFINANCE,2019-10-22 12:30:00,2019-10-22 00:00:00
BAJFINANCE,2020-01-29 19:30:00,2020-01-30 00:00:00
BAJFINANCE,2020-05-19 16:30:00,2020-05-20 00:00:00
BAJFINANCE,2020-07-21 12:30:00,2020-07-21 00:00:00
BAJFINANCE,2020-10-21 13:30:00,2020-10-21 00:00:00
BAJFINANCE,2021-01-20 15:30:00,2021-01-21 00:00:00
BAJFINANCE,2021-04-27 16:30:00,2021-04-28 00:00:00
BAJFINANCE,2021-07-20 14:30:00,2021-07-20 00:00:00
BAJFINANCE,2021-10-26 15:30:00,2021-10-27 00:00:00
BAJFINANCE,2022-01-18 18:30:00,2022-01-19 00:00:00
BAJFINANCE,2022-04-26 17:30:00,2022-04-27 00:00:00
BAJFINANCE,2022-07-27 14:30:00,2022-07-27 00:00:00
BAJFINANCE,2022-10-20 15:30:00,2022-10-21 00:00:00
BAJFINANCE,2023-01-27 15:30:00,2023-01-30 00:00:00
BAJFINANCE,2023-04-26 17:30:00,2023-04-27 00:00:00
BAJFINANCE,2023-07-26 13:30:00,2023-07-26 00:00:00
BAJFINANCE,2023-10-17 15:30:00,2023-10-18 00:00:00
BAJFINANCE,2024-01-29 16:30:00,2024-01-30 00:00:00
BAJFINANCE,2024-04-25 17:30:00,2024-04-26 00:00:00
BAJFINANCE,2024-07-23 15:30:00,2024-07-24 00:00:00
BAJFINANCE,2024-10-22 17:30:00,2024-10-23 00:00:00
BAJFINANCE,2025-01-29 16:30:00,2025-01-30 00:00:00
BAJFINANCE,2025-04-29 17:30:00,2025-04-30 00:00:00
BAJFINANCE,2025-07-24 15:30:00,2025-07-25 00:00:00
BAJFINANCE,2025-11-10 16:30:00,2025-11-11 00:00:00
BAJFINANCE,2026-02-03 16:30:00,2026-02-04 00:00:00
BAJFINANCE,2026-04-29 16:30:00,2026-04-30 00:00:00
BAJFINANCE,2026-07-30 14:30:00,2026-07-30 00:00:00
BAJFINANCE,2026-11-16 15:30:00,2026-11-17 00:00:00
BALKRISIND,2008-01-31 21:30:00,2008-02-01 00:00:00
BALKRISIND,2013-02-14 18:30:00,2013-02-15 00:00:00
BALKRISIND,2013-05-30 14:30:00,2013-05-30 00:00:00
BALKRISIND,2013-08-01 18:30:00,2013-08-02 00:00:00
BALKRISIND,2013-10-28 10:30:00,2013-10-28 00:00:00
BALKRISIND,2014-01-30 22:30:00,2014-01-31 00:00:00
BALKRISIND,2014-05-15 18:30:00,2014-05-16 00:00:00
BALKRISIND,2014-08-04 13:30:00,2014-08-04 00:00:00
BALKRISIND,2014-11-13 23:30:00,2014-11-14 00:00:00
BALKRISIND,2015-02-14 20:30:00,2015-02-16 00:00:00
BALKRISIND,2015-05-16 18:30:00,2015-05-18 00:00:00
BALKRISIND,2015-08-10 22:30:00,2015-08-11 00:00:00
BALKRISIND,2015-11-10 17:30:00,2015-11-11 00:00:00
BALKRISIND,2016-02-14 23:30:00,2016-02-15 00:00:00
BALKRISIND,2016-05-19 00:30:00,2016-05-19 00:00:00
BALKRISIND,2016-09-10 23:30:00,2016-09-12 00:00:00
BALKRISIND,2016-12-01 13:30:00,2016-12-01 00:00:00
BALKRISIND,2017-02-11 23:30:00,2017-02-13 00:00:00
BALKRISIND,2017-05-25 19:30:00,2017-05-26 00:00:00
BALKRISIND,2017-07-31 08:30:00,2017-07-31 00:00:00
BALKRISIND,2017-11-08 19:30:00,2017-11-09 00:00:00
BALKRISIND,2018-02-14 18:30:00,2018-02-15 00:00:00
BALKRISIND,2018-05-17 18:30:00,2018-05-18 00:00:00
BALKRISIND,2018-08-13 16:30:00,2018-08-14 00:00:00
BALKRISIND,2018-11-06 01:30:00,2018-11-06 00:00:00
BALKRISIND,2019-02-08 17:30:00,2019-02-11 00:00:00
BALKRISIND,2019-05-17 18:30:00,2019-05-20 00:00:00
BALKRISIND,2019-08-10 16:30:00,2019-08-12 00:00:00
BALKRISIND,2019-11-14 22:30:00,2019-11-15 00:00:00
BALKRISIND,2020-02-14 17:30:00,2020-02-17 00:00:00
BALKRISIND,2020-06-20 16:30:00,2020-06-22 00:00:00
BALKRISIND,2020-08-13 17:30:00,2020-08-14 00:00:00
BALKRISIND,2020-11-06 17:30:00,2020-11-09 00:00:00
BALKRISIND,2021-02-08 17:30:00,2021-02-09 00:00:00
BALKRISIND,2021-05-14 19:30:00,2021-05-17 00:00:00
BALKRISIND,2021-08-06 16:30:00,2021-08-09 00:00:00
BALKRISIND,2021-11-11 16:30:00,2021-11-12 00:00:00
BALKRISIND,2022-02-14 17:30:00,2022-02-15 00:00:00
BALKRISIND,2022-05-13 17:30:00,2022-05-16 00:00:00
BALKRISIND,2022-08-04 16:30:00,2022-08-05 00:00:00
BALKRISIND,2022-11-14 17:30:00,2022-11-15 00:00:00
BALKRISIND,2023-02-11 11:30:00,2023-02-13 00:00:00
BALKRISIND,2023-05-27 17:30:00,2023-05-29 00:00:00
BALKRISIND,2023-08-05 16:30:00,2023-08-07 00:00:00
BALKRISIND,2023-10-21 15:30:00,2023-10-23 00:00:00
BALKRISIND,2024-01-24 16:30:00,2024-01-25 00:00:00
BALKRISIND,2024-05-17 17:30:00,2024-05-20 00:00:00
BALKRISIND,2024-08-09 17:30:00,2024-08-12 00:00:00
BALKRISIND,2024-10-26 02:30:00,2024-10-28 00:00:00
BALKRISIND,2025-01-25 17:30:00,2025-01-27 00:00:00
BALKRISIND,2025-05-23 18:30:00,2025-05-26 00:00:00
BALKRISIND,2025-07-26 15:30:00,2025-07-28 00:00:00
BALKRISIND,2025-10-31 17:30:00,2025-11-03 00:00:00
BALKRISIND,2026-01-28 17:30:00,2026-01-29 00:00:00
BALKRISIND,2026-05-08 19:30:00,2026-05-11 00:00:00
BALKRISIND,2026-07-29 16:30:00,2026-07-30 00:00:00
BALKRISIND,2026-10-30 15:30:00,2026-11-02 00:00:00
BANKBARODA,2007-04-28 13:30:00,2007-04-30 00:00:00
BANKBARODA,2007-07-28 11:30:00,2007-07-30 00:00:00
BANKBARODA,2007-10-31 11:30:00,2007-10-31 00:00:00
BANKBARODA,2008-01-30 12:30:00,2008-01-30 00:00:00
BANKBARODA,2008-05-20 11:30:00,2008-05-20 00:00:00
BANKBARODA,2008-07-29 12:30:00,2008-07-29 00:00:00
BANKBARODA,2008-10-25 15:30:00,2008-10-27 00:00:00
BANKBARODA,2009-04-27 11:30:00,2009-04-27 00:00:00
BANKBARODA,2009-07-27 10:30:00,2009-07-27 00:00:00
BANKBARODA,2009-10-28 10:30:00,2009-10-28 00:00:00
BANKBARODA,2010-01-27 11:30:00,2010-01-27 00:00:00
BANKBARODA,2010-04-29 07:30:00,2010-04-29 00:00:00
BANKBARODA,2010-07-30 07:30:00,2010-07-30 00:00:00
BANKBARODA,2010-10-28 17:30:00,2010-10-29 00:00:00
BANKBARODA,2011-01-28 18:30:00,2011-01-31 00:00:00
BANKBARODA,2011-04-28 14:30:00,2011-04-28 00:00:00
BANKBARODA,2011-07-27 12:30:00,2011-07-27 00:00:00
BANKBARODA,2011-11-01 14:30:00,2011-11-01 00:00:00
BANKBARODA,2012-01-25 16:30:00,2012-01-26 00:00:00
BANKBARODA,2012-04-16 04:30:00,2012-04-16 00:00:00
BANKBARODA,2012-07-30 16:30:00,2012-07-31 00:00:00
BANKBARODA,2012-10-22 14:30:00,2012-10-22 00:00:00
BANKBARODA,2013-02-04 14:30:00,2013-02-04 00:00:00
BANKBARODA,2013-05-13 10:30:00,2013-05-13 00:00:00
BANKBARODA,2013-08-01 14:30:00,2013-08-01 00:00:00
BANKBARODA,2013-10-31 19:30:00,2013-11-01 00:00:00
BANKBARODA,2014-02-06 14:30:00,2014-02-06 00:00:00
BANKBARODA,2014-05-13 10:30:00,2014-05-13 00:00:00
BANKBARODA,2014-07-28 16:30:00,2014-07-29 00:00:00
BANKBARODA,2014-11-07 19:30:00,2014-11-10 00:00:00
BANKBARODA,2015-01-31 18:30:00,2015-02-02 00:00:00
BANKBARODA,2015-05-11 14:30:00,2015-05-11 00:00:00
BANKBARODA,2015-07-30 20:30:00,2015-07-31 00:00:00
BANKBARODA,2015-11-06 14:30:00,2015-11-06 00:00:00
BANKBARODA,2016-02-13 11:30:00,2016-02-15 00:00:00
BANKBARODA,2016-05-13 22:30:00,2016-05-16 00:00:00
BANKBARODA,2016-08-11 08:30:00,2016-08-11 00:00:00
BANKBARODA,2016-11-11 16:30:00,2016-11-14 00:00:00
BANKBARODA,2017-02-10 16:30:00,2017-02-13 00:00:00
BANKBARODA,2017-05-18 19:30:00,2017-05-19 00:00:00
BANKBARODA,2017-08-14 05:30:00,2017-08-14 00:00:00
BANKBARODA,2017-11-14 15:30:00,2017-11-15 00:00:00
BANKBARODA,2018-02-09 20:30:00,2018-02-12 00:00:00
BANKBARODA,2018-05-25 18:30:00,2018-05-28 00:00:00
BANKBARODA,2018-07-27 17:30:00,2018-07-30 00:00:00
BANKBARODA,2018-10-30 20:30:00,2018-10-31 00:00:00
BANKBARODA,2019-01-29 17:30:00,2019-01-30 00:00:00
BANKBARODA,2019-05-22 16:30:00,2019-05-23 00:00:00
BANKBARODA,2019-07-25 17:30:00,2019-07-26 00:00:00
BANKBARODA,2019-11-08 17:30:00,2019-11-11 00:00:00
BANKBARODA,2020-01-24 17:30:00,2020-01-27 00:00:00
BANKBARODA,2020-06-23 18:30:00,2020-06-24 00:00:00
BANKBARODA,2020-08-10 17:30:00,2020-08-11 00:00:00
BANKBARODA,2020-10-29 13:30:00,2020-10-29 00:00:00
BANKBARODA,2021-01-27 14:30:00,2021-01-27 00:00:00
BANKBARODA,2021-05-29 15:30:00,2021-05-31 00:00:00
BANKBARODA,2021-08-07 14:30:00,2021-08-09 00:00:00
BANKBARODA,2021-11-10 13:30:00,2021-11-10 00:00:00
BANKBARODA,2022-02-05 14:30:00,2022-02-07 00:00:00
BANKBARODA,2022-05-13 15:30:00,2022-05-16 00:00:00
BANKBARODA,2022-07-30 14:30:00,2022-08-01 00:00:00
BANKBARODA,2022-11-05 12:30:00,2022-11-07 00:00:00
BANKBARODA,2023-02-03 13:30:00,2023-02-03 00:00:00
BANKBARODA,2023-05-16 12:30:00,2023-05-16 00:00:00
BANKBARODA,2023-08-05 13:30:00,2023-08-07 00:00:00
BANKBARODA,2023-11-04 13:30:00,2023-11-06 00:00:00
BANKBARODA,2024-01-31 13:30:00,2024-01-31 00:00:00
BANKBARODA,2024-05-10 14:30:00,2024-05-10 00:00:00
BANKBARODA,2024-07-31 15:30:00,2024-08-01 00:00:00
BANKBARODA,2024-10-25 15:30:00,2024-10-28 00:00:00
BANKBARODA,2025-01-30 17:30:00,2025-01-31 00:00:00
BANKBARODA,2025-05-06 13:30:00,2025-05-06 00:00:00
BANKBARODA,2025-07-25 21:30:00,2025-07-28 00:00:00
BANKBARODA,2025-10-31 16:30:00,2025-11-03 00:00:00
BANKBARODA,2026-01-30 16:30:00,2026-02-02 00:00:00
BANKBARODA,2026-05-08 16:30:00,2026-05-11 00:00:00
BANKBARODA,2026-07-24 16:30:00,2026-07-27 00:00:00
BANKBARODA,2026-10-30 15:30:00,2026-11-02 00:00:00
BANKINDIA,2007-04-23 11:30:00,2007-04-23 00:00:00
BANKINDIA,2007-07-25 10:30:00,2007-07-25 00:00:00
BANKINDIA,2007-10-29 11:30:00,2007-10-29 00:00:00
BANKINDIA,2008-01-22 12:30:00,2008-01-22 00:00:00
BANKINDIA,2008-04-30 11:30:00,2008-04-30 00:00:00
BANKINDIA,2008-07-28 12:30:00,2008-07-28 00:00:00
BANKINDIA,2008-10-22 11:30:00,2008-10-22 00:00:00
BANKINDIA,2009-01-22 11:30:00,2009-01-22 00:00:00
BANKINDIA,2009-04-29 11:30:00,2009-04-29 00:00:00
BANKINDIA,2009-07-27 12:30:00,2009-07-27 00:00:00
BANKINDIA,2009-10-29 13:30:00,2009-10-29 00:00:00
BANKINDIA,2010-01-28 13:30:00,2010-01-28 00:00:00
BANKINDIA,2010-05-08 04:30:00,2010-05-10 00:00:00
BANKINDIA,2010-08-01 02:30:00,2010-08-02 00:00:00
BANKINDIA,2010-10-22 17:30:00,2010-10-25 00:00:00
BANKINDIA,2011-01-21 13:30:00,2011-01-21 00:00:00
BANKINDIA,2011-05-02 14:30:00,2011-05-02 00:00:00
BANKINDIA,2011-07-25 16:30:00,2011-07-26 00:00:00
BANKINDIA,2011-11-08 11:30:00,2011-11-08 00:00:00
BANKINDIA,2012-01-27 16:30:00,2012-01-30 00:00:00
BANKINDIA,2012-05-07 20:30:00,2012-05-08 00:00:00
BANKINDIA,2012-07-27 17:30:00,2012-07-30 00:00:00
BANKINDIA,2012-10-29 18:30:00,2012-10-30 00:00:00
BANKINDIA,2013-01-28 09:30:00,2013-01-28 00:00:00
BANKINDIA,2013-05-13 14:30:00,2013-05-13 00:00:00
BANKINDIA,2013-07-26 14:30:00,2013-07-26 00:00:00
BANKINDIA,2013-10-31 14:30:00,2013-10-31 00:00:00
BANKINDIA,2014-01-30 14:30:00,2014-01-30 00:00:00
BANKINDIA,2014-05-15 10:30:00,2014-05-15 00:00:00
BANKINDIA,2014-08-07 18:30:00,2014-08-08 00:00:00
BANKINDIA,2014-11-03 17:30:00,2014-11-04 00:00:00
BANKINDIA,2015-02-12 16:30:00,2015-02-13 00:00:00
BANKINDIA,2015-05-28 19:30:00,2015-05-29 00:00:00
BANKINDIA,2015-07-28 17:30:00,2015-07-29 00:00:00
BANKINDIA,2015-11-09 22:30:00,2015-11-10 00:00:00
BANKINDIA,2016-02-11 13:30:00,2016-02-11 00:00:00
BANKINDIA,2016-05-24 16:30:00,2016-05-25 00:00:00
BANKINDIA,2016-08-12 12:30:00,2016-08-12 00:00:00
BANKINDIA,2016-11-10 13:30:00,2016-11-10 00:00:00
BANKINDIA,2017-02-09 12:30:00,2017-02-09 00:00:00
BANKINDIA,2017-05-22 13:30:00,2017-05-22 00:00:00
BANKINDIA,2017-08-31 18:30:00,2017-09-01 00:00:00
BANKINDIA,2017-11-10 12:30:00,2017-11-10 00:00:00
BANKINDIA,2018-02-12 16:30:00,2018-02-13 00:00:00
BANKINDIA,2018-05-28 05:30:00,2018-05-28 00:00:00
BANKINDIA,2018-08-10 18:30:00,2018-08-13 00:00:00
BANKINDIA,2018-11-12 15:30:00,2018-11-13 00:00:00
BANKINDIA,2019-01-28 16:30:00,2019-01-29 00:00:00
BANKINDIA,2019-05-16 13:30:00,2019-05-16 00:00:00
BANKINDIA,2019-07-30 22:30:00,2019-07-31 00:00:00
BANKINDIA,2019-11-01 12:30:00,2019-11-01 00:00:00
BANKINDIA,2020-01-31 11:30:00,2020-01-31 00:00:00
BANKINDIA,2020-06-25 12:30:00,2020-06-25 00:00:00
BANKINDIA,2020-08-03 11:30:00,2020-08-03 00:00:00
BANKINDIA,2020-11-06 12:30:00,2020-11-06 00:00:00
BANKINDIA,2021-02-10 11:30:00,2021-02-10 00:00:00
BANKINDIA,2021-08-03 11:30:00,2021-08-03 00:00:00
BANKINDIA,2021-11-02 11:30:00,2021-11-02 00:00:00
BANKINDIA,2022-02-04 14:30:00,2022-02-04 00:00:00
BANKINDIA,2022-05-24 11:30:00,2022-05-24 00:00:00
BANKINDIA,2022-08-02 12:30:00,2022-08-02 00:00:00
BANKINDIA,2022-11-03 12:30:00,2022-11-03 00:00:00
BANKINDIA,2023-01-17 11:30:00,2023-01-17 00:00:00
BANKINDIA,2023-05-06 13:30:00,2023-05-08 00:00:00
BANKINDIA,2023-07-28 15:30:00,2023-07-31 00:00:00
BANKINDIA,2023-11-04 14:30:00,2023-11-06 00:00:00
BANKINDIA,2024-02-02 17:30:00,2024-02-05 00:00:00
BANKINDIA,2024-05-10 17:30:00,2024-05-13 00:00:00
BANKINDIA,2024-08-03 13:30:00,2024-08-05 00:00:00
BANKINDIA,2024-11-11 16:30:00,2024-11-12 00:00:00
BANKINDIA,2025-01-24 16:30:00,2025-01-27 00:00:00
BANKINDIA,2025-05-09 16:30:00,2025-05-12 00:00:00
BANKINDIA,2025-07-29 21:30:00,2025-07-30 00:00:00
BANKINDIA,2025-10-17 16:30:00,2025-10-20 00:00:00
BANKINDIA,2026-01-21 15:30:00,2026-01-22 00:00:00
BANKINDIA,2026-05-08 17:30:00,2026-05-11 00:00:00
BANKINDIA,2026-07-24 16:30:00,2026-07-27 00:00:00
BDL,2019-05-30 18:30:00,2019-05-31 00:00:00
BDL,2020-02-12 16:30:00,2020-02-13 00:00:00
BDL,2020-08-31 17:30:00,2020-09-01 00:00:00
BDL,2023-11-03 14:30:00,2023-11-03 00:00:00
BDL,2024-01-24 13:30:00,2024-01-24 00:00:00
BDL,2024-05-30 15:30:00,2024-05-31 00:00:00
BDL,2024-08-09 16:30:00,2024-08-12 00:00:00
BDL,2024-11-14 13:30:00,2024-11-14 00:00:00
BDL,2025-02-06 10:30:00,2025-02-06 00:00:00
BDL,2025-05-27 15:30:00,2025-05-28 00:00:00
BDL,2025-08-12 15:30:00,2025-08-13 00:00:00
BDL,2025-11-13 16:30:00,2025-11-14 00:00:00
BDL,2026-01-31 14:30:00,2026-02-02 00:00:00
BDL,2026-05-28 13:30:00,2026-05-28 00:00:00
BDL,2026-08-14 13:30:00,2026-08-14 00:00:00
BDL,2026-11-12 15:30:00,2026-11-13 00:00:00
BEL,2007-07-31 15:30:00,2007-08-01 00:00:00
BEL,2007-10-26 13:30:00,2007-10-26 00:00:00
BEL,2008-01-25 15:30:00,2008-01-28 00:00:00
BEL,2008-07-30 08:30:00,2008-07-30 00:00:00
BEL,2010-04-30 14:30:00,2010-04-30 00:00:00
BEL,2011-04-29 14:30:00,2011-04-29 00:00:00
BEL,2012-06-20 20:30:00,2012-06-21 00:00:00
BEL,2013-05-30 18:30:00,2013-05-31 00:00:00
BEL,2014-07-31 18:30:00,2014-08-01 00:00:00
BEL,2014-11-07 19:30:00,2014-11-10 00:00:00
BEL,2015-01-27 21:30:00,2015-01-28 00:00:00
BEL,2015-05-29 18:30:00,2015-06-01 00:00:00
BEL,2015-07-24 20:30:00,2015-07-27 00:00:00
BEL,2015-10-29 19:30:00,2015-10-30 00:00:00
BEL,2016-01-27 19:30:00,2016-01-28 00:00:00
BEL,2016-05-27 19:30:00,2016-05-30 00:00:00
BEL,2016-08-06 12:30:00,2016-08-08 00:00:00
BEL,2016-10-27 22:30:00,2016-10-28 00:00:00
BEL,2017-01-27 18:30:00,2017-01-30 00:00:00
BEL,2017-05-29 18:30:00,2017-05-30 00:00:00
BEL,2017-07-31 16:30:00,2017-08-01 00:00:00
BEL,2017-10-30 20:30:00,2017-10-31 00:00:00
BEL,2018-01-30 21:30:00,2018-01-31 00:00:00
BEL,2018-05-29 20:30:00,2018-05-30 00:00:00
BEL,2018-07-31 15:30:00,2018-08-01 00:00:00
BEL,2018-10-29 17:30:00,2018-10-30 00:00:00
BEL,2019-01-30 18:30:00,2019-01-31 00:00:00
BEL,2019-05-29 18:30:00,2019-05-30 00:00:00
BEL,2019-07-29 19:30:00,2019-07-30 00:00:00
BEL,2019-11-04 16:30:00,2019-11-05 00:00:00
BEL,2020-01-30 20:30:00,2020-01-31 00:00:00
BEL,2020-06-29 23:30:00,2020-06-30 00:00:00
BEL,2020-07-27 18:30:00,2020-07-28 00:00:00
BEL,2020-11-06 18:30:00,2020-11-09 00:00:00
BEL,2021-01-28 17:30:00,2021-01-29 00:00:00
BEL,2021-06-22 17:30:00,2021-06-23 00:00:00
BEL,2021-08-06 15:30:00,2021-08-09 00:00:00
BEL,2021-10-29 12:30:00,2021-10-29 00:00:00
BEL,2022-01-28 17:30:00,2022-01-31 00:00:00
BEL,2022-05-23 15:30:00,2022-05-24 00:00:00
BEL,2022-07-16 16:30:00,2022-07-18 00:00:00
BEL,2022-10-27 12:30:00,2022-10-27 00:00:00
BEL,2023-01-28 12:30:00,2023-01-30 00:00:00
BEL,2023-05-20 18:30:00,2023-05-22 00:00:00
BEL,2023-07-27 18:30:00,2023-07-28 00:00:00
BEL,2023-10-28 12:30:00,2023-10-30 00:00:00
BEL,2024-01-29 13:30:00,2024-01-29 00:00:00
BEL,2024-05-20 17:30:00,2024-05-21 00:00:00
BEL,2024-07-29 13:30:00,2024-07-29 00:00:00
BEL,2024-10-25 13:30:00,2024-10-25 00:00:00
BEL,2025-01-30 13:30:00,2025-01-30 00:00:00
BEL,2025-05-19 17:30:00,2025-05-20 00:00:00
BEL,2025-07-28 15:30:00,2025-07-29 00:00:00
BEL,2025-10-31 12:30:00,2025-10-31 00:00:00
BEL,2026-01-28 13:30:00,2026-01-28 00:00:00
BEL,2026-05-19 14:30:00,2026-05-19 00:00:00
BEL,2026-07-27 15:30:00,2026-07-28 00:00:00
BEL,2026-10-29 15:30:00,2026-10-30 00:00:00
BERGEPAINT,2012-11-03 10:30:00,2012-11-05 00:00:00
BERGEPAINT,2013-02-04 14:30:00,2013-02-04 00:00:00
BERGEPAINT,2013-05-30 14:30:00,2013-05-30 00:00:00
BERGEPAINT,2013-08-02 18:30:00,2013-08-05 00:00:00
BERGEPAINT,2013-11-01 14:30:00,2013-11-01 00:00:00
BERGEPAINT,2014-02-01 15:30:00,2014-02-03 00:00:00
BERGEPAINT,2014-05-30 11:30:00,2014-05-30 00:00:00
BERGEPAINT,2014-08-08 12:30:00,2014-08-08 00:00:00
BERGEPAINT,2014-11-04 19:30:00,2014-11-05 00:00:00
BERGEPAINT,2015-01-30 20:30:00,2015-02-02 00:00:00
BERGEPAINT,2015-05-29 18:30:00,2015-06-01 00:00:00
BERGEPAINT,2015-08-03 16:30:00,2015-08-04 00:00:00
BERGEPAINT,2015-11-03 19:30:00,2015-11-04 00:00:00
BERGEPAINT,2016-02-11 13:30:00,2016-02-11 00:00:00
BERGEPAINT,2016-05-30 20:30:00,2016-05-31 00:00:00
BERGEPAINT,2016-08-03 16:30:00,2016-08-04 00:00:00
BERGEPAINT,2016-11-03 20:30:00,2016-11-04 00:00:00
BERGEPAINT,2017-02-10 20:30:00,2017-02-13 00:00:00
BERGEPAINT,2017-05-30 14:30:00,2017-05-30 00:00:00
BERGEPAINT,2017-08-04 16:30:00,2017-08-07 00:00:00
BERGEPAINT,2017-11-02 16:30:00,2017-11-03 00:00:00
BERGEPAINT,2018-02-06 14:30:00,2018-02-06 00:00:00
BERGEPAINT,2018-05-30 18:30:00,2018-05-31 00:00:00
BERGEPAINT,2018-08-03 16:30:00,2018-08-06 00:00:00
BERGEPAINT,2018-11-01 14:30:00,2018-11-01 00:00:00
BERGEPAINT,2019-02-01 15:30:00,2019-02-04 00:00:00
BERGEPAINT,2019-05-30 14:30:00,2019-05-30 00:00:00
BERGEPAINT,2019-08-05 16:30:00,2019-08-06 00:00:00
BERGEPAINT,2019-11-05 14:30:00,2019-11-05 00:00:00
BERGEPAINT,2020-02-05 15:30:00,2020-02-06 00:00:00
BERGEPAINT,2020-06-23 16:30:00,2020-06-24 00:00:00
BERGEPAINT,2020-08-14 16:30:00,2020-08-17 00:00:00
BERGEPAINT,2020-11-05 16:30:00,2020-11-06 00:00:00
BERGEPAINT,2021-02-09 15:30:00,2021-02-10 00:00:00
BERGEPAINT,2021-05-26 14:30:00,2021-05-26 00:00:00
BERGEPAINT,2021-08-06 14:30:00,2021-08-06 00:00:00
BERGEPAINT,2021-11-10 15:30:00,2021-11-11 00:00:00
BERGEPAINT,2022-02-09 18:30:00,2022-02-10 00:00:00
BERGEPAINT,2022-05-26 17:30:00,2022-05-27 00:00:00
BERGEPAINT,2022-08-04 14:30:00,2022-08-04 00:00:00
BERGEPAINT,2022-11-10 16:30:00,2022-11-11 00:00:00
BERGEPAINT,2023-02-02 16:30:00,2023-02-03 00:00:00
BERGEPAINT,2023-05-15 15:30:00,2023-05-16 00:00:00
BERGEPAINT,2023-08-09 14:30:00,2023-08-09 00:00:00
BERGEPAINT,2023-11-02 13:30:00,2023-11-02 00:00:00
BERGEPAINT,2024-02-06 16:30:00,2024-02-07 00:00:00
BERGEPAINT,2024-05-15 15:30:00,2024-05-16 00:00:00
BERGEPAINT,2024-08-09 14:30:00,2024-08-09 00:00:00
BERGEPAINT,2024-11-05 15:30:00,2024-11-06 00:00:00
BERGEPAINT,2025-02-11 17:30:00,2025-02-12 00:00:00
BERGEPAINT,2025-05-14 14:30:00,2025-05-14 00:00:00
BERGEPAINT,2025-08-05 14:30:00,2025-08-05 00:00:00
BERGEPAINT,2025-11-04 15:30:00,2025-11-05 00:00:00
BERGEPAINT,2026-02-05 15:30:00,2026-02-06 00:00:00
BERGEPAINT,2026-05-12 15:30:00,2026-05-13 00:00:00
BERGEPAINT,2026-08-05 14:30:00,2026-08-05 00:00:00
BERGEPAINT,2026-11-03 15:30:00,2026-11-04 00:00:00
BHARATFORG,2006-01-16 14:30:00,2006-01-16 00:00:00
BHARATFORG,2006-05-23 14:30:00,2006-05-23 00:00:00
BHARATFORG,2006-10-17 12:30:00,2006-10-17 00:00:00
BHARATFORG,2007-01-20 14:30:00,2007-01-22 00:00:00
BHARATFORG,2007-05-22 13:30:00,2007-05-22 00:00:00
BHARATFORG,2007-07-24 09:30:00,2007-07-24 00:00:00
BHARATFORG,2007-10-26 13:30:00,2007-10-26 00:00:00
BHARATFORG,2008-01-21 13:30:00,2008-01-21 00:00:00
BHARATFORG,2008-05-20 14:30:00,2008-05-20 00:00:00
BHARATFORG,2008-07-31 13:30:00,2008-07-31 00:00:00
BHARATFORG,2008-10-25 18:30:00,2008-10-27 00:00:00
BHARATFORG,2009-01-22 13:30:00,2009-01-22 00:00:00
BHARATFORG,2009-07-06 14:30:00,2009-07-06 00:00:00
BHARATFORG,2009-07-24 09:30:00,2009-07-24 00:00:00
BHARATFORG,2009-10-23 13:30:00,2009-10-23 00:00:00
BHARATFORG,2010-01-23 15:30:00,2010-01-25 00:00:00
BHARATFORG,2011-01-22 18:30:00,2011-01-24 00:00:00
BHARATFORG,2011-05-24 20:30:00,2011-05-25 00:00:00
BHARATFORG,2011-08-10 12:30:00,2011-08-10 00:00:00
BHARATFORG,2011-11-09 11:30:00,2011-11-09 00:00:00
BHARATFORG,2012-02-08 13:30:00,2012-02-08 00:00:00
BHARATFORG,2012-05-28 19:30:00,2012-05-29 00:00:00
BHARATFORG,2012-08-04 05:30:00,2012-08-06 00:00:00
BHARATFORG,2012-10-31 14:30:00,2012-10-31 00:00:00
BHARATFORG,2013-02-08 18:30:00,2013-02-11 00:00:00
BHARATFORG,2013-05-25 14:30:00,2013-05-27 00:00:00
BHARATFORG,2013-08-08 09:30:00,2013-08-08 00:00:00
BHARATFORG,2013-10-25 23:30:00,2013-10-28 00:00:00
BHARATFORG,2014-02-04 09:30:00,2014-02-04 00:00:00
BHARATFORG,2014-05-27 14:30:00,2014-05-27 00:00:00
BHARATFORG,2014-07-30 17:30:00,2014-07-31 00:00:00
BHARATFORG,2014-11-10 17:30:00,2014-11-11 00:00:00
BHARATFORG,2015-02-02 17:30:00,2015-02-03 00:00:00
BHARATFORG,2015-05-20 18:30:00,2015-05-21 00:00:00
BHARATFORG,2015-08-04 19:30:00,2015-08-05 00:00:00
BHARATFORG,2015-10-29 18:30:00,2015-10-30 00:00:00
BHARATFORG,2016-02-11 01:30:00,2016-02-11 00:00:00
BHARATFORG,2016-05-17 18:30:00,2016-05-18 00:00:00
BHARATFORG,2016-08-05 04:30:00,2016-08-05 00:00:00
BHARATFORG,2016-11-08 18:30:00,2016-11-09 00:00:00
BHARATFORG,2017-02-11 23:30:00,2017-02-13 00:00:00
BHARATFORG,2017-05-24 12:30:00,2017-05-24 00:00:00
BHARATFORG,2017-08-10 10:30:00,2017-08-10 00:00:00
BHARATFORG,2017-11-08 12:30:00,2017-11-08 00:00:00
BHARATFORG,2018-02-08 11:30:00,2018-02-08 00:00:00
BHARATFORG,2018-05-22 11:30:00,2018-05-22 00:00:00
BHARATFORG,2018-08-09 09:30:00,2018-08-09 00:00:00
BHARATFORG,2018-11-02 13:30:00,2018-11-02 00:00:00
BHARATFORG,2019-02-13 12:30:00,2019-02-13 00:00:00
BHARATFORG,2019-05-20 12:30:00,2019-05-20 00:00:00
BHARATFORG,2019-08-13 09:30:00,2019-08-13 00:00:00
BHARATFORG,2019-11-08 11:30:00,2019-11-08 00:00:00
BHARATFORG,2020-02-10 12:30:00,2020-02-10 00:00:00
BHARATFORG,2020-06-29 12:30:00,2020-06-29 00:00:00
BHARATFORG,2020-08-12 13:30:00,2020-08-12 00:00:00
BHARATFORG,2020-11-11 12:30:00,2020-11-11 00:00:00
BHARATFORG,2021-02-12 12:30:00,2021-02-12 00:00:00
BHARATFORG,2021-06-04 11:30:00,2021-06-04 00:00:00
BHARATFORG,2021-08-12 12:30:00,2021-08-12 00:00:00
BHARATFORG,2021-11-12 13:30:00,2021-11-12 00:00:00
BHARATFORG,2022-02-10 12:30:00,2022-02-10 00:00:00
BHARATFORG,2022-05-16 11:30:00,2022-05-16 00:00:00
BHARATFORG,2022-08-11 12:30:00,2022-08-11 00:00:00
BHARATFORG,2022-11-14 12:30:00,2022-11-14 00:00:00
BHARATFORG,2023-02-14 13:30:00,2023-02-14 00:00:00
BHARATFORG,2023-05-05 12:30:00,2023-05-05 00:00:00
BHARATFORG,2023-08-09 12:30:00,2023-08-09 00:00:00
BHARATFORG,2023-11-06 11:30:00,2023-11-06 00:00:00
BHARATFORG,2024-02-12 13:30:00,2024-02-12 00:00:00
BHARATFORG,2024-05-08 12:30:00,2024-05-08 00:00:00
BHARATFORG,2024-08-08 12:30:00,2024-08-08 00:00:00
BHARATFORG,2024-11-14 12:30:00,2024-11-14 00:00:00
BHARATFORG,2025-02-12 15:30:00,2025-02-13 00:00:00
BHARATFORG,2025-05-08 05:30:00,2025-05-08 00:00:00
BHARATFORG,2025-08-06 12:30:00,2025-08-06 00:00:00
BHARATFORG,2025-11-11 12:30:00,2025-11-11 00:00:00
BHARATFORG,2026-02-12 05:30:00,2026-02-12 00:00:00
BHARATFORG,2026-05-07 12:30:00,2026-05-07 00:00:00
BHARATFORG,2026-08-10 13:30:00,2026-08-10 00:00:00
BHARATFORG,2026-11-13 15:30:00,2026-11-16 00:00:00
BHARTIARTL,2005-01-27 10:30:00,2005-01-27 00:00:00
BHARTIARTL,2005-04-28 10:30:00,2005-04-28 00:00:00
BHARTIARTL,2005-07-26 10:30:00,2005-07-26 00:00:00
BHARTIARTL,2005-10-27 10:30:00,2005-10-27 00:00:00
BHARTIARTL,2006-01-24 05:30:00,2006-01-24 00:00:00
BHARTIARTL,2006-04-28 10:30:00,2006-04-28 00:00:00
BHARTIARTL,2006-07-26 11:30:00,2006-07-26 00:00:00
BHARTIARTL,2006-10-26 13:30:00,2006-10-26 00:00:00
BHARTIARTL,2007-01-23 10:30:00,2007-01-23 00:00:00
BHARTIARTL,2007-04-27 10:30:00,2007-04-27 00:00:00
BHARTIARTL,2007-07-26 09:30:00,2007-07-26 00:00:00
BHARTIARTL,2007-10-31 09:30:00,2007-10-31 00:00:00
BHARTIARTL,2008-01-30 09:30:00,2008-01-30 00:00:00
BHARTIARTL,2008-04-25 09:30:00,2008-04-25 00:00:00
BHARTIARTL,2008-07-24 09:30:00,2008-07-24 00:00:00
BHARTIARTL,2008-10-31 09:30:00,2008-10-31 00:00:00
BHARTIARTL,2009-01-22 09:30:00,2009-01-22 00:00:00
BHARTIARTL,2009-04-29 09:30:00,2009-04-29 00:00:00
BHARTIARTL,2009-07-23 09:30:00,2009-07-23 00:00:00
BHARTIARTL,2009-10-30 09:30:00,2009-10-30 00:00:00
BHARTIARTL,2010-01-22 08:30:00,2010-01-22 00:00:00
BHARTIARTL,2010-08-11 10:30:00,2010-08-11 00:00:00
BHARTIARTL,2010-11-11 23:30:00,2010-11-12 00:00:00
BHARTIARTL,2011-02-02 11:30:00,2011-02-02 00:00:00
BHARTIARTL,2011-05-05 16:30:00,2011-05-06 00:00:00
BHARTIARTL,2011-08-04 04:30:00,2011-08-04 00:00:00
BHARTIARTL,2011-11-04 14:30:00,2011-11-04 00:00:00
BHARTIARTL,2012-02-08 19:30:00,2012-02-09 00:00:00
BHARTIARTL,2012-05-02 12:30:00,2012-05-02 00:00:00
BHARTIARTL,2012-08-09 04:30:00,2012-08-09 00:00:00
BHARTIARTL,2012-11-07 10:30:00,2012-11-07 00:00:00
BHARTIARTL,2013-02-01 10:30:00,2013-02-01 00:00:00
BHARTIARTL,2013-05-02 06:30:00,2013-05-02 00:00:00
BHARTIARTL,2013-07-31 10:30:00,2013-07-31 00:00:00
BHARTIARTL,2013-10-30 10:30:00,2013-10-30 00:00:00
BHARTIARTL,2014-01-29 05:30:00,2014-01-29 00:00:00
BHARTIARTL,2014-07-29 12:30:00,2014-07-29 00:00:00
BHARTIARTL,2014-07-29 21:30:00,2014-07-30 00:00:00
BHARTIARTL,2014-10-30 15:30:00,2014-10-31 00:00:00
BHARTIARTL,2015-02-04 15:30:00,2015-02-05 00:00:00
BHARTIARTL,2015-04-28 18:30:00,2015-04-29 00:00:00
BHARTIARTL,2015-08-04 17:30:00,2015-08-05 00:00:00
BHARTIARTL,2015-10-26 09:30:00,2015-10-26 00:00:00
BHARTIARTL,2016-01-28 15:30:00,2016-01-29 00:00:00
BHARTIARTL,2016-04-27 18:30:00,2016-04-28 00:00:00
BHARTIARTL,2016-07-27 16:30:00,2016-07-28 00:00:00
BHARTIARTL,2016-10-25 17:30:00,2016-10-26 00:00:00
BHARTIARTL,2017-01-24 16:30:00,2017-01-25 00:00:00
BHARTIARTL,2017-05-09 19:30:00,2017-05-10 00:00:00
BHARTIARTL,2017-07-25 16:30:00,2017-07-26 00:00:00
BHARTIARTL,2017-10-31 15:30:00,2017-11-01 00:00:00
BHARTIARTL,2018-01-18 17:30:00,2018-01-19 00:00:00
BHARTIARTL,2018-04-24 17:30:00,2018-04-25 00:00:00
BHARTIARTL,2018-07-26 16:30:00,2018-07-27 00:00:00
BHARTIARTL,2018-10-25 16:30:00,2018-10-26 00:00:00
BHARTIARTL,2019-01-31 16:30:00,2019-02-01 00:00:00
BHARTIARTL,2019-05-06 18:30:00,2019-05-07 00:00:00
BHARTIARTL,2019-08-01 16:30:00,2019-08-02 00:00:00
BHARTIARTL,2019-11-14 16:30:00,2019-11-15 00:00:00
BHARTIARTL,2020-02-04 17:30:00,2020-02-05 00:00:00
BHARTIARTL,2020-05-18 21:30:00,2020-05-19 00:00:00
BHARTIARTL,2020-07-29 19:30:00,2020-07-30 00:00:00
BHARTIARTL,2020-10-27 15:30:00,2020-10-28 00:00:00
BHARTIARTL,2021-02-03 15:30:00,2021-02-04 00:00:00
BHARTIARTL,2021-05-17 15:30:00,2021-05-18 00:00:00
BHARTIARTL,2021-08-03 15:30:00,2021-08-04 00:00:00
BHARTIARTL,2021-11-02 15:30:00,2021-11-03 00:00:00
BHARTIARTL,2022-02-08 15:30:00,2022-02-09 00:00:00
BHARTIARTL,2022-05-17 15:30:00,2022-05-18 00:00:00
BHARTIARTL,2022-08-08 16:30:00,2022-08-09 00:00:00
BHARTIARTL,2022-10-31 15:30:00,2022-11-01 00:00:00
BHARTIARTL,2023-02-07 15:30:00,2023-02-08 00:00:00
BHARTIARTL,2023-05-16 16:30:00,2023-05-17 00:00:00
BHARTIARTL,2023-08-03 16:30:00,2023-08-04 00:00:00
BHARTIARTL,2023-10-31 16:30:00,2023-11-01 00:00:00
BHARTIARTL,2024-02-05 15:30:00,2024-02-06 00:00:00
BHARTIARTL,2024-05-14 15:30:00,2024-05-15 00:00:00
BHARTIARTL,2024-08-05 16:30:00,2024-08-06 00:00:00
BHARTIARTL,2024-10-28 15:30:00,2024-10-29 00:00:00
BHARTIARTL,2025-02-06 16:30:00,2025-02-07 00:00:00
BHARTIARTL,2025-05-13 17:30:00,2025-05-14 00:00:00
BHARTIARTL,2025-08-05 16:30:00,2025-08-06 00:00:00
BHARTIARTL,2025-11-03 16:30:00,2025-11-04 00:00:00
BHARTIARTL,2026-02-05 15:30:00,2026-02-06 00:00:00
BHARTIARTL,2026-05-13 16:30:00,2026-05-14 00:00:00
BHARTIARTL,2026-08-04 15:30:00,2026-08-05 00:00:00
BHARTIARTL,2026-11-05 15:30:00,2026-11-06 00:00:00
BHARTIHEXA,2024-08-05 15:30:00,2024-08-06 00:00:00
BHARTIHEXA,2024-10-28 15:30:00,2024-10-29 00:00:00
BHARTIHEXA,2025-02-06 16:30:00,2025-02-07 00:00:00
BHARTIHEXA,2025-05-13 16:30:00,2025-05-14 00:00:00
BHARTIHEXA,2025-08-05 16:30:00,2025-08-06 00:00:00
BHARTIHEXA,2025-11-03 15:30:00,2025-11-04 00:00:00
BHARTIHEXA,2026-02-05 15:30:00,2026-02-06 00:00:00
BHARTIHEXA,2026-05-13 16:30:00,2026-05-14 00:00:00
BHARTIHEXA,2026-08-04 15:30:00,2026-08-05 00:00:00
BHEL,2004-10-28 16:30:00,2004-10-29 00:00:00
BHEL,2005-01-31 17:30:00,2005-02-01 00:00:00
BHEL,2005-04-01 11:30:00,2005-04-01 00:00:00
BHEL,2005-07-29 09:30:00,2005-07-29 00:00:00
BHEL,2005-10-29 10:30:00,2005-10-31 00:00:00
BHEL,2006-01-31 09:30:00,2006-01-31 00:00:00
BHEL,2006-10-30 11:30:00,2006-10-30 00:00:00
BHEL,2007-01-24 13:30:00,2007-01-24 00:00:00
BHEL,2007-04-03 11:30:00,2007-04-03 00:00:00
BHEL,2007-07-30 17:30:00,2007-07-31 00:00:00
BHEL,2007-10-29 18:30:00,2007-10-30 00:00:00
BHEL,2008-01-25 17:30:00,2008-01-28 00:00:00
BHEL,2008-05-23 22:30:00,2008-05-26 00:00:00
BHEL,2008-07-21 19:30:00,2008-07-22 00:00:00
BHEL,2008-10-24 14:30:00,2008-10-24 00:00:00
BHEL,2009-01-29 18:30:00,2009-01-30 00:00:00
BHEL,2009-04-02 11:30:00,2009-04-02 00:00:00
BHEL,2009-07-22 13:30:00,2009-07-22 00:00:00
BHEL,2009-10-23 12:30:00,2009-10-23 00:00:00
BHEL,2010-01-21 12:30:00,2010-01-21 00:00:00
BHEL,2010-05-27 04:30:00,2010-05-27 00:00:00
BHEL,2010-07-24 04:30:00,2010-07-26 00:00:00
BHEL,2010-10-29 18:30:00,2010-11-01 00:00:00
BHEL,2011-01-21 13:30:00,2011-01-21 00:00:00
BHEL,2011-04-04 16:30:00,2011-04-05 00:00:00
BHEL,2011-07-26 12:30:00,2011-07-26 00:00:00
BHEL,2011-11-14 20:30:00,2011-11-15 00:00:00
BHEL,2012-01-27 16:30:00,2012-01-30 00:00:00
BHEL,2012-05-23 14:30:00,2012-05-23 00:00:00
BHEL,2012-07-27 04:30:00,2012-07-27 00:00:00
BHEL,2012-10-29 10:30:00,2012-10-29 00:00:00
BHEL,2013-02-01 12:30:00,2013-02-01 00:00:00
BHEL,2013-05-23 14:30:00,2013-05-23 00:00:00
BHEL,2013-08-03 14:30:00,2013-08-05 00:00:00
BHEL,2013-11-06 14:30:00,2013-11-06 00:00:00
BHEL,2014-02-05 14:30:00,2014-02-05 00:00:00
BHEL,2014-08-12 21:30:00,2014-08-13 00:00:00
BHEL,2014-08-19 14:30:00,2014-08-19 00:00:00
BHEL,2014-11-14 17:30:00,2014-11-17 00:00:00
BHEL,2015-02-12 20:30:00,2015-02-13 00:00:00
BHEL,2015-05-26 20:30:00,2015-05-27 00:00:00
BHEL,2015-08-07 18:30:00,2015-08-10 00:00:00
BHEL,2015-11-07 18:30:00,2015-11-09 00:00:00
BHEL,2016-02-11 20:30:00,2016-02-12 00:00:00
BHEL,2016-05-27 22:30:00,2016-05-30 00:00:00
BHEL,2016-09-07 13:30:00,2016-09-07 00:00:00
BHEL,2016-11-08 18:30:00,2016-11-09 00:00:00
BHEL,2017-02-07 19:30:00,2017-02-08 00:00:00
BHEL,2017-05-29 18:30:00,2017-05-30 00:00:00
BHEL,2017-08-10 12:30:00,2017-08-10 00:00:00
BHEL,2017-11-07 13:30:00,2017-11-07 00:00:00
BHEL,2018-02-08 14:30:00,2018-02-08 00:00:00
BHEL,2018-05-29 10:30:00,2018-05-29 00:00:00
BHEL,2018-07-25 12:30:00,2018-07-25 00:00:00
BHEL,2018-10-25 11:30:00,2018-10-25 00:00:00
BHEL,2019-02-05 13:30:00,2019-02-05 00:00:00
BHEL,2019-05-27 12:30:00,2019-05-27 00:00:00
BHEL,2019-08-09 16:30:00,2019-08-12 00:00:00
BHEL,2019-11-13 15:30:00,2019-11-14 00:00:00
BHEL,2020-02-11 17:30:00,2020-02-12 00:00:00
BHEL,2020-06-13 15:30:00,2020-06-15 00:00:00
BHEL,2020-09-11 16:30:00,2020-09-14 00:00:00
BHEL,2020-11-06 15:30:00,2020-11-09 00:00:00
BHEL,2021-02-06 15:30:00,2021-02-08 00:00:00
BHEL,2021-06-11 16:30:00,2021-06-14 00:00:00
BHEL,2021-07-30 15:30:00,2021-08-02 00:00:00
BHEL,2021-11-09 15:30:00,2021-11-10 00:00:00
BHEL,2022-01-27 15:30:00,2022-01-28 00:00:00
BHEL,2022-05-21 14:30:00,2022-05-23 00:00:00
BHEL,2022-08-04 14:30:00,2022-08-04 00:00:00
BHEL,2022-11-11 15:30:00,2022-11-14 00:00:00
BHEL,2023-02-10 15:30:00,2023-02-13 00:00:00
BHEL,2023-05-26 17:30:00,2023-05-29 00:00:00
BHEL,2023-08-04 15:30:00,2023-08-07 00:00:00
BHEL,2023-11-08 15:30:00,2023-11-09 00:00:00
BHEL,2024-02-13 14:30:00,2024-02-13 00:00:00
BHEL,2024-05-21 15:30:00,2024-05-22 00:00:00
BHEL,2024-07-31 12:30:00,2024-07-31 00:00:00
BHEL,2024-10-28 14:30:00,2024-10-28 00:00:00
BHEL,2025-01-28 18:30:00,2025-01-29 00:00:00
BHEL,2025-05-16 14:30:00,2025-05-16 00:00:00
BHEL,2025-08-06 17:30:00,2025-08-07 00:00:00
BHEL,2025-10-29 16:30:00,2025-10-30 00:00:00
BHEL,2026-01-19 11:30:00,2026-01-19 00:00:00
BHEL,2026-07-16 13:30:00,2026-07-16 00:00:00
BHEL,2026-10-15 15:30:00,2026-10-16 00:00:00
BIOCON,2006-01-18 08:30:00,2006-01-18 00:00:00
BIOCON,2006-04-20 09:30:00,2006-04-20 00:00:00
BIOCON,2007-07-18 09:30:00,2007-07-18 00:00:00
BIOCON,2007-10-18 10:30:00,2007-10-18 00:00:00
BIOCON,2008-01-17 09:30:00,2008-01-17 00:00:00
BIOCON,2008-04-22 09:30:00,2008-04-22 00:00:00
BIOCON,2008-07-17 09:30:00,2008-07-17 00:00:00
BIOCON,2008-10-16 09:30:00,2008-10-16 00:00:00
BIOCON,2009-01-21 09:30:00,2009-01-21 00:00:00
BIOCON,2009-04-15 05:30:00,2009-04-15 00:00:00
BIOCON,2009-07-24 04:30:00,2009-07-24 00:00:00
BIOCON,2009-10-22 10:30:00,2009-10-22 00:00:00
BIOCON,2010-01-21 20:30:00,2010-01-22 00:00:00
BIOCON,2011-10-20 14:30:00,2011-10-20 00:00:00
BIOCON,2012-01-25 18:30:00,2012-01-26 00:00:00
BIOCON,2012-04-27 15:30:00,2012-04-30 00:00:00
BIOCON,2012-07-26 04:30:00,2012-07-26 00:00:00
BIOCON,2012-10-31 14:30:00,2012-10-31 00:00:00
BIOCON,2013-01-25 10:30:00,2013-01-25 00:00:00
BIOCON,2013-04-26 09:30:00,2013-04-26 00:00:00
BIOCON,2013-07-26 10:30:00,2013-07-26 00:00:00
BIOCON,2013-10-24 22:30:00,2013-10-25 00:00:00
BIOCON,2014-01-23 04:30:00,2014-01-23 00:00:00
BIOCON,2014-04-25 10:30:00,2014-04-25 00:00:00
BIOCON,2014-07-25 13:30:00,2014-07-25 00:00:00
BIOCON,2014-10-22 13:30:00,2014-10-22 00:00:00
BIOCON,2015-01-23 12:30:00,2015-01-23 00:00:00
BIOCON,2015-04-30 08:30:00,2015-04-30 00:00:00
BIOCON,2015-07-24 13:30:00,2015-07-24 00:00:00
BIOCON,2015-10-21 01:30:00,2015-10-21 00:00:00
BIOCON,2016-01-22 01:30:00,2016-01-22 00:00:00
BIOCON,2016-04-27 11:30:00,2016-04-27 00:00:00
BIOCON,2016-07-22 00:30:00,2016-07-22 00:00:00
BIOCON,2016-10-21 00:30:00,2016-10-21 00:00:00
BIOCON,2017-01-25 01:30:00,2017-01-25 00:00:00
BIOCON,2017-04-28 01:30:00,2017-04-28 00:00:00
BIOCON,2017-07-27 19:30:00,2017-07-28 00:00:00
BIOCON,2017-10-26 18:30:00,2017-10-27 00:00:00
BIOCON,2018-01-24 18:30:00,2018-01-25 00:00:00
BIOCON,2018-04-26 19:30:00,2018-04-27 00:00:00
BIOCON,2018-07-26 18:30:00,2018-07-27 00:00:00
BIOCON,2018-10-25 18:30:00,2018-10-26 00:00:00
BIOCON,2019-01-24 17:30:00,2019-01-25 00:00:00
BIOCON,2019-04-25 18:30:00,2019-04-26 00:00:00
BIOCON,2019-07-25 17:30:00,2019-07-26 00:00:00
BIOCON,2019-10-23 18:30:00,2019-10-24 00:00:00
BIOCON,2020-01-23 18:30:00,2020-01-24 00:00:00
BIOCON,2020-05-14 22:30:00,2020-05-15 00:00:00
BIOCON,2020-07-23 22:30:00,2020-07-24 00:00:00
BIOCON,2020-10-22 23:30:00,2020-10-23 00:00:00
BIOCON,2021-01-21 22:30:00,2021-01-22 00:00:00
BIOCON,2021-04-28 23:30:00,2021-04-29 00:00:00
BIOCON,2021-07-22 23:30:00,2021-07-23 00:00:00
BIOCON,2021-10-21 22:30:00,2021-10-22 00:00:00
BIOCON,2022-01-20 21:30:00,2022-01-21 00:00:00
BIOCON,2022-04-28 20:30:00,2022-04-29 00:00:00
BIOCON,2022-07-27 18:30:00,2022-07-28 00:00:00
BIOCON,2022-11-14 19:30:00,2022-11-15 00:00:00
BIOCON,2023-02-14 18:30:00,2023-02-15 00:00:00
BIOCON,2023-05-23 19:30:00,2023-05-24 00:00:00
BIOCON,2023-08-10 19:30:00,2023-08-11 00:00:00
BIOCON,2023-11-10 15:30:00,2023-11-13 00:00:00
BIOCON,2024-02-08 18:30:00,2024-02-09 00:00:00
BIOCON,2024-05-16 16:30:00,2024-05-17 00:00:00
BIOCON,2024-08-08 18:30:00,2024-08-09 00:00:00
BIOCON,2024-10-30 17:30:00,2024-10-31 00:00:00
BIOCON,2025-01-30 19:30:00,2025-01-31 00:00:00
BIOCON,2025-05-08 19:30:00,2025-05-09 00:00:00
BIOCON,2025-08-07 19:30:00,2025-08-08 00:00:00
BIOCON,2025-11-11 19:30:00,2025-11-12 00:00:00
BIOCON,2026-02-12 18:30:00,2026-02-13 00:00:00
BIOCON,2026-05-07 05:30:00,2026-05-07 00:00:00
BIOCON,2026-08-05 05:30:00,2026-08-05 00:00:00
BIOCON,2026-11-11 15:30:00,2026-11-12 00:00:00
BLUESTARCO,2008-07-28 13:30:00,2008-07-28 00:00:00
BLUESTARCO,2009-01-27 13:30:00,2009-01-27 00:00:00
BLUESTARCO,2009-05-15 19:30:00,2009-05-18 00:00:00
BLUESTARCO,2009-07-27 13:30:00,2009-07-27 00:00:00
BLUESTARCO,2011-01-27 16:30:00,2011-01-28 00:00:00
BLUESTARCO,2011-05-24 19:30:00,2011-05-25 00:00:00
BLUESTARCO,2011-10-24 18:30:00,2011-10-25 00:00:00
BLUESTARCO,2012-10-22 22:30:00,2012-10-23 00:00:00
BLUESTARCO,2013-01-18 14:30:00,2013-01-18 00:00:00
BLUESTARCO,2013-05-13 14:30:00,2013-05-13 00:00:00
BLUESTARCO,2013-07-22 14:30:00,2013-07-22 00:00:00
BLUESTARCO,2013-10-28 18:30:00,2013-10-29 00:00:00
BLUESTARCO,2014-01-23 18:30:00,2014-01-24 00:00:00
BLUESTARCO,2014-05-30 14:30:00,2014-05-30 00:00:00
BLUESTARCO,2014-07-28 20:30:00,2014-07-29 00:00:00
BLUESTARCO,2014-10-28 17:30:00,2014-10-29 00:00:00
BLUESTARCO,2015-01-23 17:30:00,2015-01-26 00:00:00
BLUESTARCO,2015-05-29 20:30:00,2015-06-01 00:00:00
BLUESTARCO,2015-08-07 19:30:00,2015-08-10 00:00:00
BLUESTARCO,2015-10-26 21:30:00,2015-10-27 00:00:00
BLUESTARCO,2016-01-29 22:30:00,2016-02-01 00:00:00
BLUESTARCO,2016-05-30 21:30:00,2016-05-31 00:00:00
BLUESTARCO,2016-08-02 04:30:00,2016-08-02 00:00:00
BLUESTARCO,2016-11-10 15:30:00,2016-11-11 00:00:00
BLUESTARCO,2017-01-25 20:30:00,2017-01-26 00:00:00
BLUESTARCO,2017-05-09 16:30:00,2017-05-10 00:00:00
BLUESTARCO,2017-08-11 16:30:00,2017-08-14 00:00:00
BLUESTARCO,2017-10-31 16:30:00,2017-11-01 00:00:00
BLUESTARCO,2018-02-06 13:30:00,2018-02-06 00:00:00
BLUESTARCO,2018-05-14 15:30:00,2018-05-15 00:00:00
BLUESTARCO,2018-08-08 18:30:00,2018-08-09 00:00:00
BLUESTARCO,2018-10-30 17:30:00,2018-10-31 00:00:00
BLUESTARCO,2019-02-05 16:30:00,2019-02-06 00:00:00
BLUESTARCO,2019-05-02 16:30:00,2019-05-03 00:00:00
BLUESTARCO,2019-08-13 15:30:00,2019-08-14 00:00:00
BLUESTARCO,2019-11-13 15:30:00,2019-11-14 00:00:00
BLUESTARCO,2020-01-30 05:30:00,2020-01-30 00:00:00
BLUESTARCO,2020-05-12 15:30:00,2020-05-13 00:00:00
BLUESTARCO,2020-08-06 14:30:00,2020-08-06 00:00:00
BLUESTARCO,2020-10-28 18:30:00,2020-10-29 00:00:00
BLUESTARCO,2021-01-29 13:30:00,2021-01-29 00:00:00
BLUESTARCO,2021-05-06 15:30:00,2021-05-07 00:00:00
BLUESTARCO,2021-08-04 12:30:00,2021-08-04 00:00:00
BLUESTARCO,2021-10-28 15:30:00,2021-10-29 00:00:00
BLUESTARCO,2022-02-02 16:30:00,2022-02-03 00:00:00
BLUESTARCO,2022-05-05 16:30:00,2022-05-06 00:00:00
BLUESTARCO,2022-08-04 14:30:00,2022-08-04 00:00:00
BLUESTARCO,2022-11-03 15:30:00,2022-11-04 00:00:00
BLUESTARCO,2023-01-31 16:30:00,2023-02-01 00:00:00
BLUESTARCO,2023-05-04 15:30:00,2023-05-05 00:00:00
BLUESTARCO,2023-08-03 13:30:00,2023-08-03 00:00:00
BLUESTARCO,2023-10-30 15:30:00,2023-10-31 00:00:00
BLUESTARCO,2024-01-30 14:30:00,2024-01-30 00:00:00
BLUESTARCO,2024-05-02 14:30:00,2024-05-02 00:00:00
BLUESTARCO,2024-08-06 14:30:00,2024-08-06 00:00:00
BLUESTARCO,2024-11-06 15:30:00,2024-11-07 00:00:00
BLUESTARCO,2025-01-29 15:30:00,2025-01-30 00:00:00
BLUESTARCO,2025-05-07 15:30:00,2025-05-08 00:00:00
BLUESTARCO,2025-08-06 14:30:00,2025-08-06 00:00:00
BLUESTARCO,2025-11-05 15:30:00,2025-11-06 00:00:00
BLUESTARCO,2026-01-29 15:30:00,2026-01-30 00:00:00
BLUESTARCO,2026-05-06 16:30:00,2026-05-07 00:00:00
BLUESTARCO,2026-08-06 14:30:00,2026-08-06 00:00:00
BLUESTARCO,2026-11-04 15:30:00,2026-11-05 00:00:00
BOSCHLTD,2006-03-08 16:30:00,2006-03-09 00:00:00
BOSCHLTD,2006-04-28 15:30:00,2006-05-01 00:00:00
BOSCHLTD,2006-07-27 13:30:00,2006-07-27 00:00:00
BOSCHLTD,2006-10-31 10:30:00,2006-10-31 00:00:00
BOSCHLTD,2007-07-31 10:30:00,2007-07-31 00:00:00
BOSCHLTD,2007-10-29 15:30:00,2007-10-30 00:00:00
BOSCHLTD,2008-07-28 16:30:00,2008-07-29 00:00:00
BOSCHLTD,2008-10-31 16:30:00,2008-11-03 00:00:00
BOSCHLTD,2009-03-04 15:30:00,2009-03-05 00:00:00
BOSCHLTD,2009-07-25 03:30:00,2009-07-27 00:00:00
BOSCHLTD,2009-10-26 11:30:00,2009-10-26 00:00:00
BOSCHLTD,2013-11-12 18:30:00,2013-11-13 00:00:00
BOSCHLTD,2014-02-27 13:30:00,2014-02-27 00:00:00
BOSCHLTD,2014-08-11 18:30:00,2014-08-12 00:00:00
BOSCHLTD,2014-11-11 18:30:00,2014-11-12 00:00:00
BOSCHLTD,2015-02-13 13:30:00,2015-02-13 00:00:00
BOSCHLTD,2015-05-29 19:30:00,2015-06-01 00:00:00
BOSCHLTD,2015-11-06 17:30:00,2015-11-09 00:00:00
BOSCHLTD,2016-02-06 21:30:00,2016-02-08 00:00:00
BOSCHLTD,2016-05-25 18:30:00,2016-05-26 00:00:00
BOSCHLTD,2016-08-12 11:30:00,2016-08-12 00:00:00
BOSCHLTD,2016-11-09 22:30:00,2016-11-10 00:00:00
BOSCHLTD,2017-02-10 18:30:00,2017-02-13 00:00:00
BOSCHLTD,2017-05-26 20:30:00,2017-05-29 00:00:00
BOSCHLTD,2017-08-11 13:30:00,2017-08-11 00:00:00
BOSCHLTD,2017-11-13 11:30:00,2017-11-13 00:00:00
BOSCHLTD,2018-02-05 13:30:00,2018-02-05 00:00:00
BOSCHLTD,2018-05-22 12:30:00,2018-05-22 00:00:00
BOSCHLTD,2018-08-10 11:30:00,2018-08-10 00:00:00
BOSCHLTD,2018-11-05 19:30:00,2018-11-06 00:00:00
BOSCHLTD,2019-02-13 12:30:00,2019-02-13 00:00:00
BOSCHLTD,2019-05-22 04:30:00,2019-05-22 00:00:00
BOSCHLTD,2019-08-13 13:30:00,2019-08-13 00:00:00
BOSCHLTD,2019-11-06 20:30:00,2019-11-07 00:00:00
BOSCHLTD,2020-02-05 12:30:00,2020-02-05 00:00:00
BOSCHLTD,2020-05-22 13:30:00,2020-05-22 00:00:00
BOSCHLTD,2020-08-11 13:30:00,2020-08-11 00:00:00
BOSCHLTD,2020-11-06 14:30:00,2020-11-06 00:00:00
BOSCHLTD,2021-02-11 16:30:00,2021-02-12 00:00:00
BOSCHLTD,2021-05-20 12:30:00,2021-05-20 00:00:00
BOSCHLTD,2022-02-09 12:30:00,2022-02-09 00:00:00
BOSCHLTD,2022-05-19 13:30:00,2022-05-19 00:00:00
BOSCHLTD,2023-05-11 05:30:00,2023-05-11 00:00:00
BOSCHLTD,2024-02-13 15:30:00,2024-02-14 00:00:00
BOSCHLTD,2025-11-11 13:30:00,2025-11-11 00:00:00
BOSCHLTD,2026-02-06 18:30:00,2026-02-09 00:00:00
BOSCHLTD,2026-05-20 17:30:00,2026-05-21 00:00:00
BOSCHLTD,2026-11-20 15:30:00,2026-11-23 00:00:00
BPCL,2007-01-29 18:30:00,2007-01-30 00:00:00
BPCL,2007-05-25 03:30:00,2007-05-25 00:00:00
BPCL,2007-07-27 15:30:00,2007-07-30 00:00:00
BPCL,2007-10-31 15:30:00,2007-11-01 00:00:00
BPCL,2008-06-17 13:30:00,2008-06-17 00:00:00
BPCL,2009-01-29 13:30:00,2009-01-29 00:00:00
BPCL,2009-05-29 16:30:00,2009-06-01 00:00:00
BPCL,2009-07-28 14:30:00,2009-07-28 00:00:00
BPCL,2009-10-29 15:30:00,2009-10-30 00:00:00
BPCL,2010-01-28 14:30:00,2010-01-28 00:00:00
BPCL,2010-07-31 02:30:00,2010-08-02 00:00:00
BPCL,2010-11-10 13:30:00,2010-11-10 00:00:00
BPCL,2011-02-09 13:30:00,2011-02-09 00:00:00
BPCL,2011-05-30 14:30:00,2011-05-30 00:00:00
BPCL,2011-08-12 12:30:00,2011-08-12 00:00:00
BPCL,2011-10-31 14:30:00,2011-10-31 00:00:00
BPCL,2012-02-11 04:30:00,2012-02-13 00:00:00
BPCL,2012-05-25 12:30:00,2012-05-25 00:00:00
BPCL,2012-11-09 19:30:00,2012-11-12 00:00:00
BPCL,2013-02-13 18:30:00,2013-02-14 00:00:00
BPCL,2013-05-29 23:30:00,2013-05-30 00:00:00
BPCL,2013-08-13 18:30:00,2013-08-14 00:00:00
BPCL,2013-11-13 14:30:00,2013-11-13 00:00:00
BPCL,2014-02-12 14:30:00,2014-02-12 00:00:00
BPCL,2014-05-29 14:30:00,2014-05-29 00:00:00
BPCL,2014-08-12 19:30:00,2014-08-13 00:00:00
BPCL,2014-11-12 23:30:00,2014-11-13 00:00:00
BPCL,2015-02-13 18:30:00,2015-02-16 00:00:00
BPCL,2015-05-28 19:30:00,2015-05-29 00:00:00
BPCL,2015-08-14 13:30:00,2015-08-14 00:00:00
BPCL,2015-11-10 21:30:00,2015-11-11 00:00:00
BPCL,2016-02-12 16:30:00,2016-02-15 00:00:00
BPCL,2016-05-26 23:30:00,2016-05-27 00:00:00
BPCL,2016-08-31 20:30:00,2016-09-01 00:00:00
BPCL,2016-11-12 00:30:00,2016-11-14 00:00:00
BPCL,2017-02-10 07:30:00,2017-02-10 00:00:00
BPCL,2017-05-29 20:30:00,2017-05-30 00:00:00
BPCL,2017-08-11 18:30:00,2017-08-14 00:00:00
BPCL,2017-11-10 20:30:00,2017-11-13 00:00:00
BPCL,2018-02-09 17:30:00,2018-02-12 00:00:00
BPCL,2018-05-29 19:30:00,2018-05-30 00:00:00
BPCL,2018-08-08 18:30:00,2018-08-09 00:00:00
BPCL,2018-10-29 20:30:00,2018-10-30 00:00:00
BPCL,2019-02-08 17:30:00,2019-02-11 00:00:00
BPCL,2019-05-20 18:30:00,2019-05-21 00:00:00
BPCL,2019-08-09 19:30:00,2019-08-12 00:00:00
BPCL,2019-11-07 17:30:00,2019-11-08 00:00:00
BPCL,2020-02-13 20:30:00,2020-02-14 00:00:00
BPCL,2020-06-03 18:30:00,2020-06-04 00:00:00
BPCL,2020-08-13 17:30:00,2020-08-14 00:00:00
BPCL,2020-10-29 12:30:00,2020-10-29 00:00:00
BPCL,2021-02-09 11:30:00,2021-02-09 00:00:00
BPCL,2021-05-27 15:30:00,2021-05-28 00:00:00
BPCL,2021-08-12 13:30:00,2021-08-12 00:00:00
BPCL,2021-10-29 17:30:00,2021-11-01 00:00:00
BPCL,2022-01-31 17:30:00,2022-02-01 00:00:00
BPCL,2022-05-25 19:30:00,2022-05-26 00:00:00
BPCL,2022-08-06 19:30:00,2022-08-08 00:00:00
BPCL,2022-11-07 20:30:00,2022-11-08 00:00:00
BPCL,2023-01-30 17:30:00,2023-01-31 00:00:00
BPCL,2023-05-22 19:30:00,2023-05-23 00:00:00
BPCL,2023-07-26 14:30:00,2023-07-26 00:00:00
BPCL,2023-10-27 18:30:00,2023-10-30 00:00:00
BPCL,2024-01-29 13:30:00,2024-01-29 00:00:00
BPCL,2024-05-09 17:30:00,2024-05-10 00:00:00
BPCL,2024-07-19 19:30:00,2024-07-22 00:00:00
BPCL,2024-10-25 14:30:00,2024-10-25 00:00:00
BPCL,2025-01-22 15:30:00,2025-01-23 00:00:00
BPCL,2025-04-29 15:30:00,2025-04-30 00:00:00
BPCL,2025-08-13 15:30:00,2025-08-14 00:00:00
BPCL,2025-10-31 15:30:00,2025-11-03 00:00:00
BPCL,2026-01-23 17:30:00,2026-01-26 00:00:00
BPCL,2026-05-19 17:30:00,2026-05-20 00:00:00
BPCL,2026-07-22 14:30:00,2026-07-22 00:00:00
BPCL,2026-10-22 15:30:00,2026-10-23 00:00:00
BRITANNIA,2007-07-24 16:30:00,2007-07-25 00:00:00
BRITANNIA,2008-01-28 17:30:00,2008-01-29 00:00:00
BRITANNIA,2008-06-05 03:30:00,2008-06-05 00:00:00
BRITANNIA,2008-07-28 14:30:00,2008-07-28 00:00:00
BRITANNIA,2008-10-29 19:30:00,2008-10-30 00:00:00
BRITANNIA,2012-08-06 20:30:00,2012-08-07 00:00:00
BRITANNIA,2013-02-11 13:30:00,2013-02-11 00:00:00
BRITANNIA,2013-05-24 18:30:00,2013-05-27 00:00:00
BRITANNIA,2013-08-12 14:30:00,2013-08-12 00:00:00
BRITANNIA,2013-11-11 22:30:00,2013-11-12 00:00:00
BRITANNIA,2014-02-14 22:30:00,2014-02-17 00:00:00
BRITANNIA,2014-05-27 06:30:00,2014-05-27 00:00:00
BRITANNIA,2014-08-12 16:30:00,2014-08-13 00:00:00
BRITANNIA,2014-11-14 16:30:00,2014-11-17 00:00:00
BRITANNIA,2015-02-03 21:30:00,2015-02-04 00:00:00
BRITANNIA,2015-05-22 00:30:00,2015-05-22 00:00:00
BRITANNIA,2015-08-04 16:30:00,2015-08-05 00:00:00
BRITANNIA,2015-11-07 16:30:00,2015-11-09 00:00:00
BRITANNIA,2016-02-10 05:30:00,2016-02-10 00:00:00
BRITANNIA,2016-05-20 21:30:00,2016-05-23 00:00:00
BRITANNIA,2016-08-08 16:30:00,2016-08-09 00:00:00
BRITANNIA,2016-11-07 17:30:00,2016-11-08 00:00:00
BRITANNIA,2017-02-13 14:30:00,2017-02-13 00:00:00
BRITANNIA,2017-05-25 16:30:00,2017-05-26 00:00:00
BRITANNIA,2017-08-07 11:30:00,2017-08-07 00:00:00
BRITANNIA,2017-11-11 11:30:00,2017-11-13 00:00:00
BRITANNIA,2018-02-12 17:30:00,2018-02-13 00:00:00
BRITANNIA,2018-05-15 19:30:00,2018-05-16 00:00:00
BRITANNIA,2018-08-06 11:30:00,2018-08-06 00:00:00
BRITANNIA,2018-11-12 17:30:00,2018-11-13 00:00:00
BRITANNIA,2019-02-07 19:30:00,2019-02-08 00:00:00
BRITANNIA,2019-05-01 18:30:00,2019-05-02 00:00:00
BRITANNIA,2019-08-09 10:30:00,2019-08-09 00:00:00
BRITANNIA,2019-11-11 18:30:00,2019-11-12 00:00:00
BRITANNIA,2020-02-07 17:30:00,2020-02-10 00:00:00
BRITANNIA,2020-06-02 15:30:00,2020-06-03 00:00:00
BRITANNIA,2020-07-17 12:30:00,2020-07-17 00:00:00
BRITANNIA,2020-10-19 16:30:00,2020-10-20 00:00:00
BRITANNIA,2021-02-05 18:30:00,2021-02-08 00:00:00
BRITANNIA,2021-04-27 17:30:00,2021-04-28 00:00:00
BRITANNIA,2021-07-30 20:30:00,2021-08-02 00:00:00
BRITANNIA,2021-11-08 15:30:00,2021-11-09 00:00:00
BRITANNIA,2022-01-29 11:30:00,2022-01-31 00:00:00
BRITANNIA,2022-05-02 16:30:00,2022-05-03 00:00:00
BRITANNIA,2022-08-04 14:30:00,2022-08-04 00:00:00
BRITANNIA,2022-11-04 21:30:00,2022-11-07 00:00:00
BRITANNIA,2023-02-01 15:30:00,2023-02-02 00:00:00
BRITANNIA,2023-05-05 17:30:00,2023-05-08 00:00:00
BRITANNIA,2023-08-04 18:30:00,2023-08-07 00:00:00
BRITANNIA,2023-11-01 20:30:00,2023-11-02 00:00:00
BRITANNIA,2024-02-06 18:30:00,2024-02-07 00:00:00
BRITANNIA,2024-05-03 19:30:00,2024-05-06 00:00:00
BRITANNIA,2024-08-02 16:30:00,2024-08-05 00:00:00
BRITANNIA,2024-11-11 17:30:00,2024-11-12 00:00:00
BRITANNIA,2025-02-06 21:30:00,2025-02-07 00:00:00
BRITANNIA,2025-05-08 05:30:00,2025-05-08 00:00:00
BRITANNIA,2025-08-05 17:30:00,2025-08-06 00:00:00
BRITANNIA,2025-11-05 19:30:00,2025-11-06 00:00:00
BRITANNIA,2026-02-10 18:30:00,2026-02-11 00:00:00
BRITANNIA,2026-05-07 20:30:00,2026-05-08 00:00:00
BRITANNIA,2026-08-06 18:30:00,2026-08-07 00:00:00
BRITANNIA,2026-11-05 15:30:00,2026-11-06 00:00:00
BSE,2024-08-07 16:30:00,2024-08-08 00:00:00
BSE,2024-11-12 17:30:00,2024-11-13 00:00:00
BSE,2025-02-06 17:30:00,2025-02-07 00:00:00
BSE,2025-05-06 05:30:00,2025-05-06 00:00:00
BSE,2025-08-07 05:30:00,2025-08-07 00:00:00
BSE,2025-11-11 05:30:00,2025-11-11 00:00:00
BSE,2026-02-09 05:30:00,2026-02-09 00:00:00
BSE,2026-05-07 05:30:00,2026-05-07 00:00:00
BSE,2026-08-04 05:30:00,2026-08-04 00:00:00
CANBK,2006-04-24 12:30:00,2006-04-24 00:00:00
CANBK,2006-10-19 12:30:00,2006-10-19 00:00:00
CANBK,2007-01-18 14:30:00,2007-01-18 00:00:00
CANBK,2007-05-02 14:30:00,2007-05-02 00:00:00
CANBK,2007-07-25 12:30:00,2007-07-25 00:00:00
CANBK,2007-10-31 13:30:00,2007-10-31 00:00:00
CANBK,2008-01-23 12:30:00,2008-01-23 00:00:00
CANBK,2008-04-26 15:30:00,2008-04-28 00:00:00
CANBK,2008-07-21 12:30:00,2008-07-21 00:00:00
CANBK,2008-10-20 12:30:00,2008-10-20 00:00:00
CANBK,2009-01-23 11:30:00,2009-01-23 00:00:00
CANBK,2009-07-22 12:30:00,2009-07-22 00:00:00
CANBK,2009-10-26 12:30:00,2009-10-26 00:00:00
CANBK,2010-01-28 11:30:00,2010-01-28 00:00:00
CANBK,2011-01-31 13:30:00,2011-01-31 00:00:00
CANBK,2011-05-05 14:30:00,2011-05-05 00:00:00
CANBK,2011-07-27 12:30:00,2011-07-27 00:00:00
CANBK,2011-10-31 12:30:00,2011-10-31 00:00:00
CANBK,2012-01-27 16:30:00,2012-01-30 00:00:00
CANBK,2012-05-10 14:30:00,2012-05-10 00:00:00
CANBK,2012-07-25 07:30:00,2012-07-25 00:00:00
CANBK,2012-11-06 14:30:00,2012-11-06 00:00:00
CANBK,2013-02-08 09:30:00,2013-02-08 00:00:00
CANBK,2013-05-02 14:30:00,2013-05-02 00:00:00
CANBK,2013-08-03 14:30:00,2013-08-05 00:00:00
CANBK,2013-11-12 14:30:00,2013-11-12 00:00:00
CANBK,2014-01-31 14:30:00,2014-01-31 00:00:00
CANBK,2014-05-05 10:30:00,2014-05-05 00:00:00
CANBK,2014-07-21 20:30:00,2014-07-22 00:00:00
CANBK,2014-11-07 00:30:00,2014-11-07 00:00:00
CANBK,2015-02-04 17:30:00,2015-02-05 00:00:00
CANBK,2015-05-25 16:30:00,2015-05-26 00:00:00
CANBK,2015-08-05 18:30:00,2015-08-06 00:00:00
CANBK,2015-11-05 11:30:00,2015-11-05 00:00:00
CANBK,2016-02-12 13:30:00,2016-02-12 00:00:00
CANBK,2016-05-27 14:30:00,2016-05-27 00:00:00
CANBK,2016-07-25 15:30:00,2016-07-26 00:00:00
CANBK,2016-10-26 13:30:00,2016-10-26 00:00:00
CANBK,2017-01-20 17:30:00,2017-01-23 00:00:00
CANBK,2017-05-08 14:30:00,2017-05-08 00:00:00
CANBK,2017-07-19 18:30:00,2017-07-20 00:00:00
CANBK,2017-10-27 15:30:00,2017-10-30 00:00:00
CANBK,2018-01-24 15:30:00,2018-01-25 00:00:00
CANBK,2018-05-11 15:30:00,2018-05-14 00:00:00
CANBK,2018-07-25 16:30:00,2018-07-26 00:00:00
CANBK,2018-10-31 15:30:00,2018-11-01 00:00:00
CANBK,2019-01-28 16:30:00,2019-01-29 00:00:00
CANBK,2019-05-10 14:30:00,2019-05-10 00:00:00
CANBK,2019-07-24 14:30:00,2019-07-24 00:00:00
CANBK,2019-11-06 13:30:00,2019-11-06 00:00:00
CANBK,2020-01-23 13:30:00,2020-01-23 00:00:00
CANBK,2020-06-24 16:30:00,2020-06-25 00:00:00
CANBK,2020-08-05 16:30:00,2020-08-06 00:00:00
CANBK,2020-10-29 15:30:00,2020-10-30 00:00:00
CANBK,2021-01-27 12:30:00,2021-01-27 00:00:00
CANBK,2021-05-18 13:30:00,2021-05-18 00:00:00
CANBK,2021-07-27 12:30:00,2021-07-27 00:00:00
CANBK,2021-10-26 11:30:00,2021-10-26 00:00:00
CANBK,2022-01-27 15:30:00,2022-01-28 00:00:00
CANBK,2022-05-06 11:30:00,2022-05-06 00:00:00
CANBK,2022-07-25 12:30:00,2022-07-25 00:00:00
CANBK,2022-10-20 11:30:00,2022-10-20 00:00:00
CANBK,2023-01-23 11:30:00,2023-01-23 00:00:00
CANBK,2023-05-08 12:30:00,2023-05-08 00:00:00
CANBK,2023-07-24 12:30:00,2023-07-24 00:00:00
CANBK,2023-10-26 12:30:00,2023-10-26 00:00:00
CANBK,2024-01-24 12:30:00,2024-01-24 00:00:00
CANBK,2024-05-08 13:30:00,2024-05-08 00:00:00
CANBK,2024-07-25 12:30:00,2024-07-25 00:00:00
CANBK,2024-10-29 12:30:00,2024-10-29 00:00:00
CANBK,2025-01-27 12:30:00,2025-01-27 00:00:00
CANBK,2025-05-08 13:30:00,2025-05-08 00:00:00
CANBK,2025-07-24 12:30:00,2025-07-24 00:00:00
CANBK,2025-10-30 12:30:00,2025-10-30 00:00:00
CANBK,2026-01-29 12:30:00,2026-01-29 00:00:00
CANBK,2026-05-11 12:30:00,2026-05-11 00:00:00
CANBK,2026-07-27 11:30:00,2026-07-27 00:00:00
CANBK,2026-10-29 15:30:00,2026-10-30 00:00:00
CGPOWER,2007-10-30 13:30:00,2007-10-30 00:00:00
CGPOWER,2008-01-29 13:30:00,2008-01-29 00:00:00
CGPOWER,2008-05-23 15:30:00,2008-05-26 00:00:00
CGPOWER,2008-07-23 13:30:00,2008-07-23 00:00:00
CGPOWER,2008-10-21 14:30:00,2008-10-21 00:00:00
CGPOWER,2009-01-23 12:30:00,2009-01-23 00:00:00
CGPOWER,2009-05-20 18:30:00,2009-05-21 00:00:00
CGPOWER,2009-07-17 14:30:00,2009-07-17 00:00:00
CGPOWER,2009-10-27 15:30:00,2009-10-28 00:00:00
CGPOWER,2010-01-28 13:30:00,2010-01-28 00:00:00
CGPOWER,2010-05-13 23:30:00,2010-05-14 00:00:00
CGPOWER,2010-07-21 03:30:00,2010-07-21 00:00:00
CGPOWER,2010-10-25 17:30:00,2010-10-26 00:00:00
CGPOWER,2011-01-28 11:30:00,2011-01-28 00:00:00
CGPOWER,2011-04-28 16:30:00,2011-04-29 00:00:00
CGPOWER,2011-07-19 18:30:00,2011-07-20 00:00:00
CGPOWER,2011-10-19 18:30:00,2011-10-20 00:00:00
CGPOWER,2012-01-31 13:30:00,2012-01-31 00:00:00
CGPOWER,2012-05-25 19:30:00,2012-05-28 00:00:00
CGPOWER,2012-07-20 16:30:00,2012-07-23 00:00:00
CGPOWER,2012-11-02 18:30:00,2012-11-05 00:00:00
CGPOWER,2013-01-29 18:30:00,2013-01-30 00:00:00
CGPOWER,2013-05-24 18:30:00,2013-05-27 00:00:00
CGPOWER,2013-08-06 14:30:00,2013-08-06 00:00:00
CGPOWER,2013-11-08 13:30:00,2013-11-08 00:00:00
CGPOWER,2014-01-29 13:30:00,2014-01-29 00:00:00
CGPOWER,2014-05-29 14:30:00,2014-05-29 00:00:00
CGPOWER,2014-08-05 19:30:00,2014-08-06 00:00:00
CGPOWER,2014-10-16 22:30:00,2014-10-17 00:00:00
CGPOWER,2015-02-03 22:30:00,2015-02-04 00:00:00
CGPOWER,2015-05-29 00:30:00,2015-05-29 00:00:00
CGPOWER,2015-07-24 19:30:00,2015-07-27 00:00:00
CGPOWER,2015-10-29 23:30:00,2015-10-30 00:00:00
CGPOWER,2016-02-02 23:30:00,2016-02-03 00:00:00
CGPOWER,2016-05-27 23:30:00,2016-05-30 00:00:00
CGPOWER,2016-08-30 19:30:00,2016-08-31 00:00:00
CGPOWER,2016-12-07 23:30:00,2016-12-08 00:00:00
CGPOWER,2017-02-10 22:30:00,2017-02-13 00:00:00
CGPOWER,2017-05-26 17:30:00,2017-05-29 00:00:00
CGPOWER,2017-08-11 17:30:00,2017-08-14 00:00:00
CGPOWER,2017-11-09 18:30:00,2017-11-10 00:00:00
CGPOWER,2018-02-12 18:30:00,2018-02-13 00:00:00
CGPOWER,2018-05-30 17:30:00,2018-05-31 00:00:00
CGPOWER,2018-08-10 20:30:00,2018-08-13 00:00:00
CGPOWER,2018-11-13 23:30:00,2018-11-14 00:00:00
CGPOWER,2019-02-13 02:30:00,2019-02-13 00:00:00
CGPOWER,2022-05-02 12:30:00,2022-05-02 00:00:00
CGPOWER,2022-07-27 13:30:00,2022-07-27 00:00:00
CGPOWER,2022-10-19 13:30:00,2022-10-19 00:00:00
CGPOWER,2023-01-24 12:30:00,2023-01-24 00:00:00
CGPOWER,2023-05-08 12:30:00,2023-05-08 00:00:00
CGPOWER,2023-10-20 13:30:00,2023-10-20 00:00:00
CGPOWER,2024-01-23 14:30:00,2024-01-23 00:00:00
CGPOWER,2024-05-06 13:30:00,2024-05-06 00:00:00
CGPOWER,2024-07-24 12:30:00,2024-07-24 00:00:00
CGPOWER,2024-10-21 14:30:00,2024-10-21 00:00:00
CGPOWER,2025-01-28 13:30:00,2025-01-28 00:00:00
CGPOWER,2025-05-08 06:30:00,2025-05-08 00:00:00
CGPOWER,2025-07-24 13:30:00,2025-07-24 00:00:00
CGPOWER,2025-10-29 14:30:00,2025-10-29 00:00:00
CGPOWER,2026-01-27 14:30:00,2026-01-27 00:00:00
CGPOWER,2026-05-06 13:30:00,2026-05-06 00:00:00
CGPOWER,2026-07-24 13:30:00,2026-07-24 00:00:00
CGPOWER,2026-10-29 15:30:00,2026-10-30 00:00:00
CHOLAFIN,2012-10-30 20:30:00,2012-10-31 00:00:00
CHOLAFIN,2013-01-18 19:30:00,2013-01-21 00:00:00
CHOLAFIN,2013-04-26 22:30:00,2013-04-29 00:00:00
CHOLAFIN,2013-07-31 14:30:00,2013-07-31 00:00:00
CHOLAFIN,2013-10-30 04:30:00,2013-10-30 00:00:00
CHOLAFIN,2014-01-29 13:30:00,2014-01-29 00:00:00
CHOLAFIN,2014-04-28 21:30:00,2014-04-29 00:00:00
CHOLAFIN,2014-07-31 15:30:00,2014-08-01 00:00:00
CHOLAFIN,2014-10-31 00:30:00,2014-10-31 00:00:00
CHOLAFIN,2015-01-28 00:30:00,2015-01-28 00:00:00
CHOLAFIN,2015-04-25 00:30:00,2015-04-27 00:00:00
CHOLAFIN,2015-07-31 20:30:00,2015-08-03 00:00:00
CHOLAFIN,2015-10-24 00:30:00,2015-10-26 00:00:00
CHOLAFIN,2016-01-29 22:30:00,2016-02-01 00:00:00
CHOLAFIN,2016-04-30 00:30:00,2016-05-02 00:00:00
CHOLAFIN,2016-07-30 03:30:00,2016-08-01 00:00:00
CHOLAFIN,2016-10-27 23:30:00,2016-10-28 00:00:00
CHOLAFIN,2017-01-25 21:30:00,2017-01-26 00:00:00
CHOLAFIN,2017-04-28 23:30:00,2017-05-01 00:00:00
CHOLAFIN,2017-07-27 14:30:00,2017-07-27 00:00:00
CHOLAFIN,2017-10-31 15:30:00,2017-11-01 00:00:00
CHOLAFIN,2018-01-30 17:30:00,2018-01-31 00:00:00
CHOLAFIN,2018-04-23 14:30:00,2018-04-23 00:00:00
CHOLAFIN,2018-07-26 15:30:00,2018-07-27 00:00:00
CHOLAFIN,2018-10-30 15:30:00,2018-10-31 00:00:00
CHOLAFIN,2019-01-31 11:30:00,2019-01-31 00:00:00
CHOLAFIN,2019-05-06 17:30:00,2019-05-07 00:00:00
CHOLAFIN,2019-07-30 14:30:00,2019-07-30 00:00:00
CHOLAFIN,2019-11-05 16:30:00,2019-11-06 00:00:00
CHOLAFIN,2020-01-23 16:30:00,2020-01-24 00:00:00
CHOLAFIN,2020-06-03 18:30:00,2020-06-04 00:00:00
CHOLAFIN,2020-07-30 14:30:00,2020-07-30 00:00:00
CHOLAFIN,2020-10-29 14:30:00,2020-10-29 00:00:00
CHOLAFIN,2021-01-29 14:30:00,2021-01-29 00:00:00
CHOLAFIN,2021-05-07 18:30:00,2021-05-10 00:00:00
CHOLAFIN,2021-07-30 15:30:00,2021-08-02 00:00:00
CHOLAFIN,2021-10-29 18:30:00,2021-11-01 00:00:00
CHOLAFIN,2022-02-01 18:30:00,2022-02-02 00:00:00
CHOLAFIN,2022-05-05 18:30:00,2022-05-06 00:00:00
CHOLAFIN,2022-07-29 15:30:00,2022-08-01 00:00:00
CHOLAFIN,2022-11-01 17:30:00,2022-11-02 00:00:00
CHOLAFIN,2023-01-31 17:30:00,2023-02-01 00:00:00
CHOLAFIN,2023-05-03 17:30:00,2023-05-04 00:00:00
CHOLAFIN,2023-08-01 15:30:00,2023-08-02 00:00:00
CHOLAFIN,2023-11-02 14:30:00,2023-11-02 00:00:00
CHOLAFIN,2024-01-25 15:30:00,2024-01-26 00:00:00
CHOLAFIN,2024-04-30 14:30:00,2024-04-30 00:00:00
CHOLAFIN,2024-07-26 14:30:00,2024-07-26 00:00:00
CHOLAFIN,2024-10-25 14:30:00,2024-10-25 00:00:00
CHOLAFIN,2025-01-31 13:30:00,2025-01-31 00:00:00
CHOLAFIN,2025-04-25 14:30:00,2025-04-25 00:00:00
CHOLAFIN,2025-07-31 14:30:00,2025-07-31 00:00:00
CHOLAFIN,2025-11-06 13:30:00,2025-11-06 00:00:00
CHOLAFIN,2026-01-30 17:30:00,2026-02-02 00:00:00
CHOLAFIN,2026-04-30 12:30:00,2026-04-30 00:00:00
CHOLAFIN,2026-07-29 01:30:00,2026-07-29 00:00:00
CHOLAFIN,2026-11-05 15:30:00,2026-11-06 00:00:00
CIPLA,2004-10-26 15:30:00,2004-10-27 00:00:00
CIPLA,2005-01-18 16:30:00,2005-01-19 00:00:00
CIPLA,2005-04-26 15:30:00,2005-04-27 00:00:00
CIPLA,2005-07-25 15:30:00,2005-07-26 00:00:00
CIPLA,2005-10-27 15:30:00,2005-10-28 00:00:00
CIPLA,2006-01-24 15:30:00,2006-01-25 00:00:00
CIPLA,2006-07-21 15:30:00,2006-07-24 00:00:00
CIPLA,2007-01-23 15:30:00,2007-01-24 00:00:00
CIPLA,2007-04-26 15:30:00,2007-04-27 00:00:00
CIPLA,2007-07-20 15:30:00,2007-07-23 00:00:00
CIPLA,2007-10-24 15:30:00,2007-10-25 00:00:00
CIPLA,2008-01-24 15:30:00,2008-01-25 00:00:00
CIPLA,2008-04-25 16:30:00,2008-04-28 00:00:00
CIPLA,2008-07-18 15:30:00,2008-07-21 00:00:00
CIPLA,2008-10-22 16:30:00,2008-10-23 00:00:00
CIPLA,2009-01-22 16:30:00,2009-01-23 00:00:00
CIPLA,2009-04-24 16:30:00,2009-04-27 00:00:00
CIPLA,2009-07-29 14:30:00,2009-07-29 00:00:00
CIPLA,2009-10-28 15:30:00,2009-10-29 00:00:00
CIPLA,2010-01-28 15:30:00,2010-01-29 00:00:00
CIPLA,2010-05-08 04:30:00,2010-05-10 00:00:00
CIPLA,2010-11-11 18:30:00,2010-11-12 00:00:00
CIPLA,2011-02-04 13:30:00,2011-02-04 00:00:00
CIPLA,2011-07-25 23:30:00,2011-07-26 00:00:00
CIPLA,2011-08-05 14:30:00,2011-08-05 00:00:00
CIPLA,2012-02-13 13:30:00,2012-02-13 00:00:00
CIPLA,2012-02-14 04:30:00,2012-02-14 00:00:00
CIPLA,2012-06-08 17:30:00,2012-06-11 00:00:00
CIPLA,2012-07-31 20:30:00,2012-08-01 00:00:00
CIPLA,2012-11-05 18:30:00,2012-11-06 00:00:00
CIPLA,2013-02-06 18:30:00,2013-02-07 00:00:00
CIPLA,2013-05-29 18:30:00,2013-05-30 00:00:00
CIPLA,2013-08-12 06:30:00,2013-08-12 00:00:00
CIPLA,2013-11-13 18:30:00,2013-11-14 00:00:00
CIPLA,2014-02-12 18:30:00,2014-02-13 00:00:00
CIPLA,2014-05-29 14:30:00,2014-05-29 00:00:00
CIPLA,2014-08-14 22:30:00,2014-08-15 00:00:00
CIPLA,2014-11-13 23:30:00,2014-11-14 00:00:00
CIPLA,2015-02-12 23:30:00,2015-02-13 00:00:00
CIPLA,2015-05-29 23:30:00,2015-06-01 00:00:00
CIPLA,2015-08-15 00:30:00,2015-08-17 00:00:00
CIPLA,2015-11-05 16:30:00,2015-11-06 00:00:00
CIPLA,2016-02-10 20:30:00,2016-02-11 00:00:00
CIPLA,2016-05-24 21:30:00,2016-05-25 00:00:00
CIPLA,2016-08-12 20:30:00,2016-08-15 00:00:00
CIPLA,2016-11-09 21:30:00,2016-11-10 00:00:00
CIPLA,2017-02-09 04:30:00,2017-02-09 00:00:00
CIPLA,2017-05-25 16:30:00,2017-05-26 00:00:00
CIPLA,2017-08-11 13:30:00,2017-08-11 00:00:00
CIPLA,2017-11-07 13:30:00,2017-11-07 00:00:00
CIPLA,2018-02-07 14:30:00,2018-02-07 00:00:00
CIPLA,2018-05-22 16:30:00,2018-05-23 00:00:00
CIPLA,2018-08-08 16:30:00,2018-08-09 00:00:00
CIPLA,2018-11-05 12:30:00,2018-11-05 00:00:00
CIPLA,2019-02-06 14:30:00,2019-02-06 00:00:00
CIPLA,2019-05-22 12:30:00,2019-05-22 00:00:00
CIPLA,2019-08-07 15:30:00,2019-08-08 00:00:00
CIPLA,2019-11-06 14:30:00,2019-11-06 00:00:00
CIPLA,2020-02-05 15:30:00,2020-02-06 00:00:00
CIPLA,2020-05-15 18:30:00,2020-05-18 00:00:00
CIPLA,2020-08-07 17:30:00,2020-08-10 00:00:00
CIPLA,2020-11-06 17:30:00,2020-11-09 00:00:00
CIPLA,2021-01-29 16:30:00,2021-02-01 00:00:00
CIPLA,2021-05-14 17:30:00,2021-05-17 00:00:00
CIPLA,2021-08-05 18:30:00,2021-08-06 00:00:00
CIPLA,2021-10-26 18:30:00,2021-10-27 00:00:00
CIPLA,2022-01-25 19:30:00,2022-01-26 00:00:00
CIPLA,2022-05-10 18:30:00,2022-05-11 00:00:00
CIPLA,2022-07-29 15:30:00,2022-08-01 00:00:00
CIPLA,2022-11-04 13:30:00,2022-11-04 00:00:00
CIPLA,2023-01-25 13:30:00,2023-01-25 00:00:00
CIPLA,2023-05-12 14:30:00,2023-05-12 00:00:00
CIPLA,2023-07-26 14:30:00,2023-07-26 00:00:00
CIPLA,2023-10-27 13:30:00,2023-10-27 00:00:00
CIPLA,2024-01-22 18:30:00,2024-01-23 00:00:00
CIPLA,2024-05-10 14:30:00,2024-05-10 00:00:00
CIPLA,2024-07-26 14:30:00,2024-07-26 00:00:00
CIPLA,2024-10-29 13:30:00,2024-10-29 00:00:00
CIPLA,2025-01-28 13:30:00,2025-01-28 00:00:00
CIPLA,2025-05-13 13:30:00,2025-05-13 00:00:00
CIPLA,2025-07-25 12:30:00,2025-07-25 00:00:00
CIPLA,2025-10-30 12:30:00,2025-10-30 00:00:00
CIPLA,2026-01-23 12:30:00,2026-01-23 00:00:00
CIPLA,2026-05-13 12:30:00,2026-05-13 00:00:00
CIPLA,2026-07-23 11:30:00,2026-07-23 00:00:00
CIPLA,2026-10-29 15:30:00,2026-10-30 00:00:00
COALINDIA,2011-05-27 18:30:00,2011-05-30 00:00:00
COALINDIA,2011-08-12 16:30:00,2011-08-15 00:00:00
COALINDIA,2011-11-12 14:30:00,2011-11-14 00:00:00
COALINDIA,2012-02-13 13:30:00,2012-02-13 00:00:00
COALINDIA,2012-05-29 04:30:00,2012-05-29 00:00:00
COALINDIA,2012-11-09 18:30:00,2012-11-12 00:00:00
COALINDIA,2013-02-13 18:30:00,2013-02-14 00:00:00
COALINDIA,2013-05-27 14:30:00,2013-05-27 00:00:00
COALINDIA,2013-08-03 18:30:00,2013-08-05 00:00:00
COALINDIA,2013-11-13 18:30:00,2013-11-14 00:00:00
COALINDIA,2014-02-12 18:30:00,2014-02-13 00:00:00
COALINDIA,2014-05-29 10:30:00,2014-05-29 00:00:00
COALINDIA,2014-08-12 17:30:00,2014-08-13 00:00:00
COALINDIA,2014-11-08 23:30:00,2014-11-10 00:00:00
COALINDIA,2015-02-13 01:30:00,2015-02-13 00:00:00
COALINDIA,2015-05-28 16:30:00,2015-05-29 00:00:00
COALINDIA,2015-08-12 18:30:00,2015-08-13 00:00:00
COALINDIA,2015-11-13 19:30:00,2015-11-16 00:00:00
COALINDIA,2016-02-11 16:30:00,2016-02-12 00:00:00
COALINDIA,2016-05-29 11:30:00,2016-05-30 00:00:00
COALINDIA,2016-09-13 16:30:00,2016-09-14 00:00:00
COALINDIA,2016-12-13 17:30:00,2016-12-14 00:00:00
COALINDIA,2017-02-11 17:30:00,2017-02-13 00:00:00
COALINDIA,2017-05-29 17:30:00,2017-05-30 00:00:00
COALINDIA,2017-08-14 17:30:00,2017-08-15 00:00:00
COALINDIA,2017-11-11 20:30:00,2017-11-13 00:00:00
COALINDIA,2018-02-10 18:30:00,2018-02-12 00:00:00
COALINDIA,2018-05-29 14:30:00,2018-05-29 00:00:00
COALINDIA,2018-08-11 15:30:00,2018-08-13 00:00:00
COALINDIA,2018-11-12 19:30:00,2018-11-13 00:00:00
COALINDIA,2019-02-12 19:30:00,2019-02-13 00:00:00
COALINDIA,2019-05-30 16:30:00,2019-05-31 00:00:00
COALINDIA,2019-08-13 19:30:00,2019-08-14 00:00:00
COALINDIA,2019-11-11 21:30:00,2019-11-12 00:00:00
COALINDIA,2020-02-11 19:30:00,2020-02-12 00:00:00
COALINDIA,2020-06-26 16:30:00,2020-06-29 00:00:00
COALINDIA,2020-09-02 18:30:00,2020-09-03 00:00:00
COALINDIA,2020-11-11 15:30:00,2020-11-12 00:00:00
COALINDIA,2021-02-11 14:30:00,2021-02-11 00:00:00
COALINDIA,2021-06-14 15:30:00,2021-06-15 00:00:00
COALINDIA,2021-08-10 13:30:00,2021-08-10 00:00:00
COALINDIA,2021-11-12 17:30:00,2021-11-15 00:00:00
COALINDIA,2022-02-14 17:30:00,2022-02-15 00:00:00
COALINDIA,2022-05-25 16:30:00,2022-05-26 00:00:00
COALINDIA,2022-08-10 17:30:00,2022-08-11 00:00:00
COALINDIA,2022-11-07 18:30:00,2022-11-08 00:00:00
COALINDIA,2023-01-31 17:30:00,2023-02-01 00:00:00
COALINDIA,2023-05-07 11:30:00,2023-05-08 00:00:00
COALINDIA,2023-08-08 17:30:00,2023-08-09 00:00:00
COALINDIA,2023-11-10 16:30:00,2023-11-13 00:00:00
COALINDIA,2024-02-12 18:30:00,2024-02-13 00:00:00
COALINDIA,2024-05-02 17:30:00,2024-05-03 00:00:00
COALINDIA,2024-07-31 16:30:00,2024-08-01 00:00:00
COALINDIA,2024-10-25 20:30:00,2024-10-28 00:00:00
COALINDIA,2025-01-27 09:30:00,2025-01-27 00:00:00
COALINDIA,2025-05-07 16:30:00,2025-05-08 00:00:00
COALINDIA,2025-07-31 16:30:00,2025-08-01 00:00:00
COALINDIA,2025-10-29 13:30:00,2025-10-29 00:00:00
COALINDIA,2026-02-12 18:30:00,2026-02-13 00:00:00
COALINDIA,2026-04-27 05:30:00,2026-04-27 00:00:00
COALINDIA,2026-07-27 16:30:00,2026-07-28 00:00:00
COALINDIA,2026-10-29 15:30:00,2026-10-30 00:00:00
COCHINSHIP,2018-10-31 14:30:00,2018-10-31 00:00:00
COCHINSHIP,2019-05-21 18:30:00,2019-05-22 00:00:00
COCHINSHIP,2019-07-29 19:30:00,2019-07-30 00:00:00
COCHINSHIP,2019-11-12 19:30:00,2019-11-13 00:00:00
COCHINSHIP,2020-02-11 18:30:00,2020-02-12 00:00:00
COCHINSHIP,2020-06-20 19:30:00,2020-06-22 00:00:00
COCHINSHIP,2020-08-10 11:30:00,2020-08-10 00:00:00
COCHINSHIP,2020-11-12 13:30:00,2020-11-12 00:00:00
COCHINSHIP,2021-02-12 16:30:00,2021-02-15 00:00:00
COCHINSHIP,2021-06-11 18:30:00,2021-06-14 00:00:00
COCHINSHIP,2021-08-10 16:30:00,2021-08-11 00:00:00
COCHINSHIP,2021-11-11 18:30:00,2021-11-12 00:00:00
COCHINSHIP,2022-02-10 17:30:00,2022-02-11 00:00:00
COCHINSHIP,2022-05-20 18:30:00,2022-05-23 00:00:00
COCHINSHIP,2022-08-10 17:30:00,2022-08-11 00:00:00
COCHINSHIP,2022-11-10 15:30:00,2022-11-11 00:00:00
COCHINSHIP,2023-02-10 18:30:00,2023-02-13 00:00:00
COCHINSHIP,2023-05-19 18:30:00,2023-05-22 00:00:00
COCHINSHIP,2023-11-07 13:30:00,2023-11-07 00:00:00
COCHINSHIP,2024-01-30 18:30:00,2024-01-31 00:00:00
COCHINSHIP,2024-05-24 16:30:00,2024-05-27 00:00:00
COCHINSHIP,2024-08-08 15:30:00,2024-08-09 00:00:00
COCHINSHIP,2024-11-07 20:30:00,2024-11-08 00:00:00
COCHINSHIP,2025-02-06 18:30:00,2025-02-07 00:00:00
COCHINSHIP,2025-05-15 13:30:00,2025-05-15 00:00:00
COCHINSHIP,2025-08-12 17:30:00,2025-08-13 00:00:00
COCHINSHIP,2025-11-12 19:30:00,2025-11-13 00:00:00
COCHINSHIP,2026-01-28 19:30:00,2026-01-29 00:00:00
COCHINSHIP,2026-05-15 18:30:00,2026-05-18 00:00:00
COCHINSHIP,2026-08-14 17:30:00,2026-08-17 00:00:00
COFORGE,2005-06-07 16:30:00,2005-06-08 00:00:00
COFORGE,2005-07-24 23:30:00,2005-07-25 00:00:00
COFORGE,2005-10-27 15:30:00,2005-10-28 00:00:00
COFORGE,2006-01-18 15:30:00,2006-01-19 00:00:00
COFORGE,2006-06-26 14:30:00,2006-06-26 00:00:00
COFORGE,2006-07-19 11:30:00,2006-07-19 00:00:00
COFORGE,2006-10-20 14:30:00,2006-10-20 00:00:00
COFORGE,2007-01-17 13:30:00,2007-01-17 00:00:00
COFORGE,2007-05-23 17:30:00,2007-05-24 00:00:00
COFORGE,2007-07-27 13:30:00,2007-07-27 00:00:00
COFORGE,2007-10-25 12:30:00,2007-10-25 00:00:00
COFORGE,2008-01-18 14:30:00,2008-01-18 00:00:00
COFORGE,2008-06-11 12:30:00,2008-06-11 00:00:00
COFORGE,2008-07-22 12:30:00,2008-07-22 00:00:00
COFORGE,2009-01-14 14:30:00,2009-01-14 00:00:00
COFORGE,2009-05-26 14:30:00,2009-05-26 00:00:00
COFORGE,2010-07-21 04:30:00,2010-07-21 00:00:00
COFORGE,2010-10-19 04:30:00,2010-10-19 00:00:00
COFORGE,2011-01-18 18:30:00,2011-01-19 00:00:00
COFORGE,2011-05-06 14:30:00,2011-05-06 00:00:00
COFORGE,2011-07-16 04:30:00,2011-07-18 00:00:00
COFORGE,2011-10-16 04:30:00,2011-10-17 00:00:00
COFORGE,2012-05-04 19:30:00,2012-05-07 00:00:00
COFORGE,2012-07-20 04:30:00,2012-07-20 00:00:00
COFORGE,2012-10-17 04:30:00,2012-10-17 00:00:00
COFORGE,2013-01-16 04:30:00,2013-01-16 00:00:00
COFORGE,2013-05-17 10:30:00,2013-05-17 00:00:00
COFORGE,2013-07-16 14:30:00,2013-07-16 00:00:00
COFORGE,2013-10-15 14:30:00,2013-10-15 00:00:00
COFORGE,2014-01-16 04:30:00,2014-01-16 00:00:00
COFORGE,2014-05-09 14:30:00,2014-05-09 00:00:00
COFORGE,2014-07-16 09:30:00,2014-07-16 00:00:00
COFORGE,2014-10-15 23:30:00,2014-10-16 00:00:00
COFORGE,2015-01-15 11:30:00,2015-01-15 00:00:00
COFORGE,2015-05-05 19:30:00,2015-05-06 00:00:00
COFORGE,2015-07-14 13:30:00,2015-07-14 00:00:00
COFORGE,2015-10-20 13:30:00,2015-10-20 00:00:00
COFORGE,2016-01-15 09:30:00,2016-01-15 00:00:00
COFORGE,2016-05-06 18:30:00,2016-05-09 00:00:00
COFORGE,2016-07-15 16:30:00,2016-07-18 00:00:00
COFORGE,2016-10-17 13:30:00,2016-10-17 00:00:00
COFORGE,2017-01-18 04:30:00,2017-01-18 00:00:00
COFORGE,2017-06-17 11:30:00,2017-06-19 00:00:00
COFORGE,2017-07-20 14:30:00,2017-07-20 00:00:00
COFORGE,2017-10-18 14:30:00,2017-10-18 00:00:00
COFORGE,2018-01-19 23:30:00,2018-01-22 00:00:00
COFORGE,2018-05-04 13:30:00,2018-05-04 00:00:00
COFORGE,2018-07-18 13:30:00,2018-07-18 00:00:00
COFORGE,2018-10-17 13:30:00,2018-10-17 00:00:00
COFORGE,2019-01-18 13:30:00,2019-01-18 00:00:00
COFORGE,2019-05-04 14:30:00,2019-05-06 00:00:00
COFORGE,2019-07-23 16:30:00,2019-07-24 00:00:00
COFORGE,2019-10-23 16:30:00,2019-10-24 00:00:00
COFORGE,2020-01-29 14:30:00,2020-01-29 00:00:00
COFORGE,2020-05-05 19:30:00,2020-05-06 00:00:00
COFORGE,2020-07-28 17:30:00,2020-07-29 00:00:00
COFORGE,2020-10-22 18:30:00,2020-10-23 00:00:00
COFORGE,2021-01-28 17:30:00,2021-01-29 00:00:00
COFORGE,2021-05-06 09:30:00,2021-05-06 00:00:00
COFORGE,2021-07-28 07:30:00,2021-07-28 00:00:00
COFORGE,2021-10-25 07:30:00,2021-10-25 00:00:00
COFORGE,2022-01-27 16:30:00,2022-01-28 00:00:00
COFORGE,2022-05-12 06:30:00,2022-05-12 00:00:00
COFORGE,2022-07-22 06:30:00,2022-07-22 00:00:00
COFORGE,2022-10-20 15:30:00,2022-10-21 00:00:00
COFORGE,2023-01-20 15:30:00,2023-01-23 00:00:00
COFORGE,2023-04-27 06:30:00,2023-04-27 00:00:00
COFORGE,2023-07-20 14:30:00,2023-07-20 00:00:00
COFORGE,2023-10-19 06:30:00,2023-10-19 00:00:00
COFORGE,2024-01-22 15:30:00,2024-01-23 00:00:00
COFORGE,2024-05-02 16:30:00,2024-05-03 00:00:00
COFORGE,2024-07-22 23:30:00,2024-07-23 00:00:00
COFORGE,2024-10-22 23:30:00,2024-10-23 00:00:00
COFORGE,2025-01-23 00:30:00,2025-01-23 00:00:00
COFORGE,2025-05-05 15:30:00,2025-05-06 00:00:00
COFORGE,2025-07-23 21:30:00,2025-07-24 00:00:00
COFORGE,2025-10-24 17:30:00,2025-10-27 00:00:00
COFORGE,2026-01-22 05:30:00,2026-01-22 00:00:00
COFORGE,2026-05-05 15:30:00,2026-05-06 00:00:00
COFORGE,2026-07-28 01:30:00,2026-07-28 00:00:00
COFORGE,2026-10-23 15:30:00,2026-10-26 00:00:00
COLPAL,2006-07-26 16:30:00,2006-07-27 00:00:00
COLPAL,2006-10-31 12:30:00,2006-10-31 00:00:00
COLPAL,2007-01-22 12:30:00,2007-01-22 00:00:00
COLPAL,2007-05-03 15:30:00,2007-05-04 00:00:00
COLPAL,2007-07-27 13:30:00,2007-07-27 00:00:00
COLPAL,2007-10-26 16:30:00,2007-10-29 00:00:00
COLPAL,2008-01-31 19:30:00,2008-02-01 00:00:00
COLPAL,2008-05-30 13:30:00,2008-05-30 00:00:00
COLPAL,2008-07-17 12:30:00,2008-07-17 00:00:00
COLPAL,2008-10-24 18:30:00,2008-10-27 00:00:00
COLPAL,2009-05-29 14:30:00,2009-05-29 00:00:00
COLPAL,2009-07-28 23:30:00,2009-07-29 00:00:00
COLPAL,2009-10-29 16:30:00,2009-10-30 00:00:00
COLPAL,2010-01-28 18:30:00,2010-01-29 00:00:00
COLPAL,2011-10-31 12:30:00,2011-10-31 00:00:00
COLPAL,2012-01-23 16:30:00,2012-01-24 00:00:00
COLPAL,2012-05-30 12:30:00,2012-05-30 00:00:00
COLPAL,2012-07-23 16:30:00,2012-07-24 00:00:00
COLPAL,2012-10-29 16:30:00,2012-10-30 00:00:00
COLPAL,2013-01-30 18:30:00,2013-01-31 00:00:00
COLPAL,2013-05-28 14:30:00,2013-05-28 00:00:00
COLPAL,2013-07-29 14:30:00,2013-07-29 00:00:00
COLPAL,2013-10-29 02:30:00,2013-10-29 00:00:00
COLPAL,2014-01-21 18:30:00,2014-01-22 00:00:00
COLPAL,2014-05-23 14:30:00,2014-05-23 00:00:00
COLPAL,2014-07-25 19:30:00,2014-07-28 00:00:00
COLPAL,2014-11-05 18:30:00,2014-11-06 00:00:00
COLPAL,2015-01-23 17:30:00,2015-01-26 00:00:00
COLPAL,2015-05-19 18:30:00,2015-05-20 00:00:00
COLPAL,2015-07-30 19:30:00,2015-07-31 00:00:00
COLPAL,2015-10-29 18:30:00,2015-10-30 00:00:00
COLPAL,2016-01-27 15:30:00,2016-01-28 00:00:00
COLPAL,2016-05-24 19:30:00,2016-05-25 00:00:00
COLPAL,2016-08-08 19:30:00,2016-08-09 00:00:00
COLPAL,2016-10-28 20:30:00,2016-10-31 00:00:00
COLPAL,2017-01-27 14:30:00,2017-01-27 00:00:00
COLPAL,2017-05-15 14:30:00,2017-05-15 00:00:00
COLPAL,2017-08-03 13:30:00,2017-08-03 00:00:00
COLPAL,2017-10-16 14:30:00,2017-10-16 00:00:00
COLPAL,2018-02-05 14:30:00,2018-02-05 00:00:00
COLPAL,2018-05-21 14:30:00,2018-05-21 00:00:00
COLPAL,2018-07-26 13:30:00,2018-07-26 00:00:00
COLPAL,2018-10-29 14:30:00,2018-10-29 00:00:00
COLPAL,2019-01-24 14:30:00,2019-01-24 00:00:00
COLPAL,2019-05-27 14:30:00,2019-05-27 00:00:00
COLPAL,2019-07-18 11:30:00,2019-07-18 00:00:00
COLPAL,2019-10-24 15:30:00,2019-10-25 00:00:00
COLPAL,2020-01-30 13:30:00,2020-01-30 00:00:00
COLPAL,2020-05-21 13:30:00,2020-05-21 00:00:00
COLPAL,2020-07-29 12:30:00,2020-07-29 00:00:00
COLPAL,2020-10-21 14:30:00,2020-10-21 00:00:00
COLPAL,2021-01-28 12:30:00,2021-01-28 00:00:00
COLPAL,2021-05-17 12:30:00,2021-05-17 00:00:00
COLPAL,2021-07-29 11:30:00,2021-07-29 00:00:00
COLPAL,2021-10-25 13:30:00,2021-10-25 00:00:00
COLPAL,2022-01-27 13:30:00,2022-01-27 00:00:00
COLPAL,2022-05-26 11:30:00,2022-05-26 00:00:00
COLPAL,2022-07-27 13:30:00,2022-07-27 00:00:00
COLPAL,2022-10-20 13:30:00,2022-10-20 00:00:00
COLPAL,2023-01-24 13:30:00,2023-01-24 00:00:00
COLPAL,2023-05-12 16:30:00,2023-05-15 00:00:00
COLPAL,2023-07-26 18:30:00,2023-07-27 00:00:00
COLPAL,2023-10-26 15:30:00,2023-10-27 00:00:00
COLPAL,2024-01-22 14:30:00,2024-01-22 00:00:00
COLPAL,2024-05-14 18:30:00,2024-05-15 00:00:00
COLPAL,2024-07-29 17:30:00,2024-07-30 00:00:00
COLPAL,2024-10-24 12:30:00,2024-10-24 00:00:00
COLPAL,2025-01-28 15:30:00,2025-01-29 00:00:00
COLPAL,2025-05-21 18:30:00,2025-05-22 00:00:00
COLPAL,2025-07-22 12:30:00,2025-07-22 00:00:00
COLPAL,2025-10-23 15:30:00,2025-10-24 00:00:00
COLPAL,2026-01-29 18:30:00,2026-01-30 00:00:00
COLPAL,2026-05-22 16:30:00,2026-05-25 00:00:00
COLPAL,2026-07-29 11:30:00,2026-07-29 00:00:00
COLPAL,2026-10-22 15:30:00,2026-10-23 00:00:00
CONCOR,2007-04-27 18:30:00,2007-04-30 00:00:00
CONCOR,2007-07-25 18:30:00,2007-07-26 00:00:00
CONCOR,2007-10-11 11:30:00,2007-10-11 00:00:00
CONCOR,2008-01-30 18:30:00,2008-01-31 00:00:00
CONCOR,2008-04-23 20:30:00,2008-04-24 00:00:00
CONCOR,2008-07-16 19:30:00,2008-07-17 00:00:00
CONCOR,2008-10-15 18:30:00,2008-10-16 00:00:00
CONCOR,2009-01-23 16:30:00,2009-01-26 00:00:00
CONCOR,2009-04-15 05:30:00,2009-04-15 00:00:00
CONCOR,2009-07-18 23:30:00,2009-07-20 00:00:00
CONCOR,2009-10-16 01:30:00,2009-10-16 00:00:00
CONCOR,2010-01-23 14:30:00,2010-01-25 00:00:00
CONCOR,2010-04-28 11:30:00,2010-04-28 00:00:00
CONCOR,2011-01-18 18:30:00,2011-01-19 00:00:00
CONCOR,2011-04-19 14:30:00,2011-04-19 00:00:00
CONCOR,2011-07-23 20:30:00,2011-07-25 00:00:00
CONCOR,2011-10-25 16:30:00,2011-10-26 00:00:00
CONCOR,2012-10-31 19:30:00,2012-11-01 00:00:00
CONCOR,2013-01-29 15:30:00,2013-01-30 00:00:00
CONCOR,2013-05-25 14:30:00,2013-05-27 00:00:00
CONCOR,2013-07-25 22:30:00,2013-07-26 00:00:00
CONCOR,2013-10-25 18:30:00,2013-10-28 00:00:00
CONCOR,2014-01-31 18:30:00,2014-02-03 00:00:00
CONCOR,2014-05-27 14:30:00,2014-05-27 00:00:00
CONCOR,2014-07-31 13:30:00,2014-07-31 00:00:00
CONCOR,2014-10-29 23:30:00,2014-10-30 00:00:00
CONCOR,2015-02-11 22:30:00,2015-02-12 00:00:00
CONCOR,2015-05-28 21:30:00,2015-05-29 00:00:00
CONCOR,2015-07-22 22:30:00,2015-07-23 00:00:00
CONCOR,2015-10-20 23:30:00,2015-10-21 00:00:00
CONCOR,2016-01-25 23:30:00,2016-01-26 00:00:00
CONCOR,2016-05-26 01:30:00,2016-05-26 00:00:00
CONCOR,2016-08-10 00:30:00,2016-08-10 00:00:00
CONCOR,2016-11-15 23:30:00,2016-11-16 00:00:00
CONCOR,2017-02-21 21:30:00,2017-02-22 00:00:00
CONCOR,2017-05-25 23:30:00,2017-05-26 00:00:00
CONCOR,2017-08-09 17:30:00,2017-08-10 00:00:00
CONCOR,2017-10-31 23:30:00,2017-11-01 00:00:00
CONCOR,2018-01-24 17:30:00,2018-01-25 00:00:00
CONCOR,2018-04-30 21:30:00,2018-05-01 00:00:00
CONCOR,2018-07-26 16:30:00,2018-07-27 00:00:00
CONCOR,2018-10-30 19:30:00,2018-10-31 00:00:00
CONCOR,2019-02-12 17:30:00,2019-02-13 00:00:00
CONCOR,2019-04-30 23:30:00,2019-05-01 00:00:00
CONCOR,2019-07-31 18:30:00,2019-08-01 00:00:00
CONCOR,2019-10-30 19:30:00,2019-10-31 00:00:00
CONCOR,2020-02-07 20:30:00,2020-02-10 00:00:00
CONCOR,2020-06-25 20:30:00,2020-06-26 00:00:00
CONCOR,2020-08-07 16:30:00,2020-08-10 00:00:00
CONCOR,2020-11-05 16:30:00,2020-11-06 00:00:00
CONCOR,2021-02-04 17:30:00,2021-02-05 00:00:00
CONCOR,2021-05-21 17:30:00,2021-05-24 00:00:00
CONCOR,2021-07-29 16:30:00,2021-07-30 00:00:00
CONCOR,2021-10-21 16:30:00,2021-10-22 00:00:00
CONCOR,2022-01-20 18:30:00,2022-01-21 00:00:00
CONCOR,2022-05-19 18:30:00,2022-05-20 00:00:00
CONCOR,2022-08-04 17:30:00,2022-08-05 00:00:00
CONCOR,2022-11-10 18:30:00,2022-11-11 00:00:00
CONCOR,2023-01-23 17:30:00,2023-01-24 00:00:00
CONCOR,2023-05-18 17:30:00,2023-05-19 00:00:00
CONCOR,2023-08-10 17:30:00,2023-08-11 00:00:00
CONCOR,2023-11-02 17:30:00,2023-11-03 00:00:00
CONCOR,2024-01-24 17:30:00,2024-01-25 00:00:00
CONCOR,2024-05-16 17:30:00,2024-05-17 00:00:00
CONCOR,2024-08-08 18:30:00,2024-08-09 00:00:00
CONCOR,2024-10-29 17:30:00,2024-10-30 00:00:00
CONCOR,2025-01-31 15:30:00,2025-02-03 00:00:00
CONCOR,2025-05-22 19:30:00,2025-05-23 00:00:00
CONCOR,2025-08-05 18:30:00,2025-08-06 00:00:00
CONCOR,2025-11-11 17:30:00,2025-11-12 00:00:00
CONCOR,2026-01-29 17:30:00,2026-01-30 00:00:00
CONCOR,2026-05-25 18:30:00,2026-05-26 00:00:00
CONCOR,2026-07-24 17:30:00,2026-07-27 00:00:00
CONCOR,2026-10-23 15:30:00,2026-10-26 00:00:00
COROMANDEL,2007-10-23 13:30:00,2007-10-23 00:00:00
COROMANDEL,2008-01-22 15:30:00,2008-01-23 00:00:00
COROMANDEL,2008-04-22 12:30:00,2008-04-22 00:00:00
COROMANDEL,2008-07-22 13:30:00,2008-07-22 00:00:00
COROMANDEL,2008-10-22 11:30:00,2008-10-22 00:00:00
COROMANDEL,2009-01-22 13:30:00,2009-01-22 00:00:00
COROMANDEL,2009-10-15 05:30:00,2009-10-15 00:00:00
COROMANDEL,2010-01-22 06:30:00,2010-01-22 00:00:00
COROMANDEL,2011-04-21 14:30:00,2011-04-21 00:00:00
COROMANDEL,2011-07-21 14:30:00,2011-07-21 00:00:00
COROMANDEL,2011-10-18 17:30:00,2011-10-19 00:00:00
COROMANDEL,2013-01-24 20:30:00,2013-01-25 00:00:00
COROMANDEL,2013-04-23 18:30:00,2013-04-24 00:00:00
COROMANDEL,2013-07-23 18:30:00,2013-07-24 00:00:00
COROMANDEL,2013-10-22 18:30:00,2013-10-23 00:00:00
COROMANDEL,2014-01-24 18:30:00,2014-01-27 00:00:00
COROMANDEL,2014-05-13 22:30:00,2014-05-14 00:00:00
COROMANDEL,2014-07-23 20:30:00,2014-07-24 00:00:00
COROMANDEL,2014-11-02 00:30:00,2014-11-03 00:00:00
COROMANDEL,2015-01-23 18:30:00,2015-01-26 00:00:00
COROMANDEL,2015-04-30 17:30:00,2015-05-01 00:00:00
COROMANDEL,2015-07-27 18:30:00,2015-07-28 00:00:00
COROMANDEL,2015-10-27 18:30:00,2015-10-28 00:00:00
COROMANDEL,2016-01-22 19:30:00,2016-01-25 00:00:00
COROMANDEL,2016-04-27 18:30:00,2016-04-28 00:00:00
COROMANDEL,2016-07-26 13:30:00,2016-07-26 00:00:00
COROMANDEL,2016-10-26 13:30:00,2016-10-26 00:00:00
COROMANDEL,2017-01-25 18:30:00,2017-01-26 00:00:00
COROMANDEL,2017-04-28 18:30:00,2017-05-01 00:00:00
COROMANDEL,2017-07-28 15:30:00,2017-07-31 00:00:00
COROMANDEL,2017-10-25 13:30:00,2017-10-25 00:00:00
COROMANDEL,2018-01-31 16:30:00,2018-02-01 00:00:00
COROMANDEL,2018-04-24 13:30:00,2018-04-24 00:00:00
COROMANDEL,2018-07-27 17:30:00,2018-07-30 00:00:00
COROMANDEL,2018-10-26 13:30:00,2018-10-26 00:00:00
COROMANDEL,2019-01-21 17:30:00,2019-01-22 00:00:00
COROMANDEL,2019-04-23 15:30:00,2019-04-24 00:00:00
COROMANDEL,2019-07-22 16:30:00,2019-07-23 00:00:00
COROMANDEL,2019-10-22 16:30:00,2019-10-23 00:00:00
COROMANDEL,2020-01-31 13:30:00,2020-01-31 00:00:00
COROMANDEL,2020-05-26 16:30:00,2020-05-27 00:00:00
COROMANDEL,2020-07-24 18:30:00,2020-07-27 00:00:00
COROMANDEL,2020-11-02 14:30:00,2020-11-02 00:00:00
COROMANDEL,2021-02-01 14:30:00,2021-02-01 00:00:00
COROMANDEL,2021-04-29 17:30:00,2021-04-30 00:00:00
COROMANDEL,2021-07-26 13:30:00,2021-07-26 00:00:00
COROMANDEL,2021-10-28 13:30:00,2021-10-28 00:00:00
COROMANDEL,2022-02-03 14:30:00,2022-02-03 00:00:00
COROMANDEL,2022-04-28 13:30:00,2022-04-28 00:00:00
COROMANDEL,2022-07-27 13:30:00,2022-07-27 00:00:00
COROMANDEL,2022-11-03 14:30:00,2022-11-03 00:00:00
COROMANDEL,2023-02-02 13:30:00,2023-02-02 00:00:00
COROMANDEL,2023-05-15 17:30:00,2023-05-16 00:00:00
COROMANDEL,2023-07-27 13:30:00,2023-07-27 00:00:00
COROMANDEL,2023-10-26 14:30:00,2023-10-26 00:00:00
COROMANDEL,2024-01-30 14:30:00,2024-01-30 00:00:00
COROMANDEL,2024-04-25 14:30:00,2024-04-25 00:00:00
COROMANDEL,2024-08-07 14:30:00,2024-08-07 00:00:00
COROMANDEL,2024-10-24 16:30:00,2024-10-25 00:00:00
COROMANDEL,2025-01-30 14:30:00,2025-01-30 00:00:00
COROMANDEL,2025-04-30 13:30:00,2025-04-30 00:00:00
COROMANDEL,2025-07-24 13:30:00,2025-07-24 00:00:00
COROMANDEL,2025-10-30 13:30:00,2025-10-30 00:00:00
COROMANDEL,2026-01-29 14:30:00,2026-01-29 00:00:00
COROMANDEL,2026-05-07 13:30:00,2026-05-07 00:00:00
COROMANDEL,2026-07-23 13:30:00,2026-07-23 00:00:00
COROMANDEL,2026-10-29 15:30:00,2026-10-30 00:00:00
CRISIL,2008-10-24 14:30:00,2008-10-24 00:00:00
CRISIL,2009-02-23 20:30:00,2009-02-24 00:00:00
CRISIL,2009-10-30 03:30:00,2009-10-30 00:00:00
CRISIL,2012-10-17 10:30:00,2012-10-17 00:00:00
CRISIL,2013-10-18 22:30:00,2013-10-21 00:00:00
CRISIL,2014-04-17 18:30:00,2014-04-18 00:00:00
CRISIL,2014-07-18 22:30:00,2014-07-21 00:00:00
CRISIL,2014-10-17 23:30:00,2014-10-20 00:00:00
CRISIL,2015-02-18 19:30:00,2015-02-19 00:00:00
CRISIL,2015-04-17 19:30:00,2015-04-20 00:00:00
CRISIL,2016-02-10 00:30:00,2016-02-10 00:00:00
CRISIL,2016-04-19 18:30:00,2016-04-20 00:00:00
CRISIL,2025-02-10 19:30:00,2025-02-11 00:00:00
CRISIL,2025-04-30 05:30:00,2025-04-30 00:00:00
CRISIL,2025-07-22 12:30:00,2025-07-22 00:00:00
CRISIL,2025-10-17 18:30:00,2025-10-20 00:00:00
CRISIL,2026-02-13 16:30:00,2026-02-16 00:00:00
CRISIL,2026-04-17 11:30:00,2026-04-17 00:00:00
CRISIL,2026-07-21 21:30:00,2026-07-22 00:00:00
CUMMINSIND,2005-10-21 14:30:00,2005-10-21 00:00:00
CUMMINSIND,2007-05-31 14:30:00,2007-05-31 00:00:00
CUMMINSIND,2007-07-26 11:30:00,2007-07-26 00:00:00
CUMMINSIND,2007-10-25 18:30:00,2007-10-26 00:00:00
CUMMINSIND,2008-01-30 14:30:00,2008-01-30 00:00:00
CUMMINSIND,2008-05-22 15:30:00,2008-05-23 00:00:00
CUMMINSIND,2008-07-24 12:30:00,2008-07-24 00:00:00
CUMMINSIND,2008-10-23 13:30:00,2008-10-23 00:00:00
CUMMINSIND,2009-01-27 16:30:00,2009-01-28 00:00:00
CUMMINSIND,2009-05-26 19:30:00,2009-05-27 00:00:00
CUMMINSIND,2009-07-29 12:30:00,2009-07-29 00:00:00
CUMMINSIND,2009-10-30 03:30:00,2009-10-30 00:00:00
CUMMINSIND,2010-01-25 17:30:00,2010-01-26 00:00:00
CUMMINSIND,2010-08-13 02:30:00,2010-08-13 00:00:00
CUMMINSIND,2010-10-27 17:30:00,2010-10-28 00:00:00
CUMMINSIND,2011-02-03 18:30:00,2011-02-04 00:00:00
CUMMINSIND,2011-05-31 00:30:00,2011-05-31 00:00:00
CUMMINSIND,2011-08-04 12:30:00,2011-08-04 00:00:00
CUMMINSIND,2011-11-10 12:30:00,2011-11-10 00:00:00
CUMMINSIND,2012-02-09 14:30:00,2012-02-09 00:00:00
CUMMINSIND,2012-05-15 05:30:00,2012-05-15 00:00:00
CUMMINSIND,2012-08-02 16:30:00,2012-08-03 00:00:00
CUMMINSIND,2012-11-08 18:30:00,2012-11-09 00:00:00
CUMMINSIND,2013-05-10 18:30:00,2013-05-13 00:00:00
CUMMINSIND,2013-08-01 23:30:00,2013-08-02 00:00:00
CUMMINSIND,2013-11-07 22:30:00,2013-11-08 00:00:00
CUMMINSIND,2014-02-04 18:30:00,2014-02-05 00:00:00
CUMMINSIND,2014-05-22 14:30:00,2014-05-22 00:00:00
CUMMINSIND,2014-08-01 19:30:00,2014-08-04 00:00:00
CUMMINSIND,2014-11-06 21:30:00,2014-11-07 00:00:00
CUMMINSIND,2015-02-02 17:30:00,2015-02-03 00:00:00
CUMMINSIND,2015-05-28 19:30:00,2015-05-29 00:00:00
CUMMINSIND,2015-08-06 19:30:00,2015-08-07 00:00:00
CUMMINSIND,2015-11-06 18:30:00,2015-11-09 00:00:00
CUMMINSIND,2016-02-02 19:30:00,2016-02-03 00:00:00
CUMMINSIND,2016-05-25 22:30:00,2016-05-26 00:00:00
CUMMINSIND,2016-08-04 16:30:00,2016-08-05 00:00:00
CUMMINSIND,2016-10-26 20:30:00,2016-10-27 00:00:00
CUMMINSIND,2017-02-01 20:30:00,2017-02-02 00:00:00
CUMMINSIND,2017-05-18 16:30:00,2017-05-19 00:00:00
CUMMINSIND,2017-08-03 12:30:00,2017-08-03 00:00:00
CUMMINSIND,2017-10-26 16:30:00,2017-10-27 00:00:00
CUMMINSIND,2018-02-01 17:30:00,2018-02-02 00:00:00
CUMMINSIND,2018-05-24 16:30:00,2018-05-25 00:00:00
CUMMINSIND,2018-08-09 11:30:00,2018-08-09 00:00:00
CUMMINSIND,2018-10-30 18:30:00,2018-10-31 00:00:00
CUMMINSIND,2019-02-06 18:30:00,2019-02-07 00:00:00
CUMMINSIND,2019-05-22 16:30:00,2019-05-23 00:00:00
CUMMINSIND,2019-08-07 11:30:00,2019-08-07 00:00:00
CUMMINSIND,2019-10-24 12:30:00,2019-10-24 00:00:00
CUMMINSIND,2020-01-28 05:30:00,2020-01-28 00:00:00
CUMMINSIND,2020-06-17 20:30:00,2020-06-18 00:00:00
CUMMINSIND,2020-08-12 18:30:00,2020-08-13 00:00:00
CUMMINSIND,2020-10-28 18:30:00,2020-10-29 00:00:00
CUMMINSIND,2021-01-28 20:30:00,2021-01-29 00:00:00
CUMMINSIND,2021-05-26 19:30:00,2021-05-27 00:00:00
CUMMINSIND,2021-08-11 19:30:00,2021-08-12 00:00:00
CUMMINSIND,2021-10-27 18:30:00,2021-10-28 00:00:00
CUMMINSIND,2022-02-10 20:30:00,2022-02-11 00:00:00
CUMMINSIND,2022-05-26 19:30:00,2022-05-27 00:00:00
CUMMINSIND,2022-08-10 11:30:00,2022-08-10 00:00:00
CUMMINSIND,2022-11-04 14:30:00,2022-11-04 00:00:00
CUMMINSIND,2023-02-08 19:30:00,2023-02-09 00:00:00
CUMMINSIND,2023-05-24 13:30:00,2023-05-24 00:00:00
CUMMINSIND,2023-08-03 15:30:00,2023-08-04 00:00:00
CUMMINSIND,2023-11-07 18:30:00,2023-11-08 00:00:00
CUMMINSIND,2024-02-07 20:30:00,2024-02-08 00:00:00
CUMMINSIND,2024-05-29 20:30:00,2024-05-30 00:00:00
CUMMINSIND,2024-08-06 17:30:00,2024-08-07 00:00:00
CUMMINSIND,2024-11-07 19:30:00,2024-11-08 00:00:00
CUMMINSIND,2025-02-05 19:30:00,2025-02-06 00:00:00
CUMMINSIND,2025-05-28 20:30:00,2025-05-29 00:00:00
CUMMINSIND,2025-08-07 17:30:00,2025-08-08 00:00:00
CUMMINSIND,2025-11-06 19:30:00,2025-11-07 00:00:00
CUMMINSIND,2026-02-04 20:30:00,2026-02-05 00:00:00
CUMMINSIND,2026-05-27 13:30:00,2026-05-27 00:00:00
CUMMINSIND,2026-08-05 16:30:00,2026-08-06 00:00:00
CUMMINSIND,2026-11-05 15:30:00,2026-11-06 00:00:00
DABUR,2006-10-31 13:30:00,2006-10-31 00:00:00
DABUR,2007-01-19 12:30:00,2007-01-19 00:00:00
DABUR,2007-05-08 13:30:00,2007-05-08 00:00:00
DABUR,2007-07-23 13:30:00,2007-07-23 00:00:00
DABUR,2007-10-24 13:30:00,2007-10-24 00:00:00
DABUR,2008-01-29 17:30:00,2008-01-30 00:00:00
DABUR,2008-04-30 13:30:00,2008-04-30 00:00:00
DABUR,2008-07-28 13:30:00,2008-07-28 00:00:00
DABUR,2008-10-30 13:30:00,2008-10-30 00:00:00
DABUR,2009-01-28 13:30:00,2009-01-28 00:00:00
DABUR,2009-04-29 14:30:00,2009-04-29 00:00:00
DABUR,2009-07-27 15:30:00,2009-07-28 00:00:00
DABUR,2009-10-26 14:30:00,2009-10-26 00:00:00
DABUR,2010-01-27 13:30:00,2010-01-27 00:00:00
DABUR,2010-04-29 04:30:00,2010-04-29 00:00:00
DABUR,2010-07-26 16:30:00,2010-07-27 00:00:00
DABUR,2010-10-27 13:30:00,2010-10-27 00:00:00
DABUR,2011-01-31 13:30:00,2011-01-31 00:00:00
DABUR,2011-04-27 14:30:00,2011-04-27 00:00:00
DABUR,2011-07-27 18:30:00,2011-07-28 00:00:00
DABUR,2011-10-31 14:30:00,2011-10-31 00:00:00
DABUR,2012-01-31 13:30:00,2012-01-31 00:00:00
DABUR,2012-05-01 04:30:00,2012-05-01 00:00:00
DABUR,2012-07-24 04:30:00,2012-07-24 00:00:00
DABUR,2012-10-26 10:30:00,2012-10-26 00:00:00
DABUR,2013-01-29 14:30:00,2013-01-29 00:00:00
DABUR,2013-04-30 18:30:00,2013-05-01 00:00:00
DABUR,2013-07-24 14:30:00,2013-07-24 00:00:00
DABUR,2013-10-28 14:30:00,2013-10-28 00:00:00
DABUR,2014-01-22 14:30:00,2014-01-22 00:00:00
DABUR,2014-04-29 14:30:00,2014-04-29 00:00:00
DABUR,2014-07-28 19:30:00,2014-07-29 00:00:00
DABUR,2014-11-03 19:30:00,2014-11-04 00:00:00
DABUR,2015-01-30 19:30:00,2015-02-02 00:00:00
DABUR,2015-05-05 15:30:00,2015-05-06 00:00:00
DABUR,2015-07-29 18:30:00,2015-07-30 00:00:00
DABUR,2015-10-28 18:30:00,2015-10-29 00:00:00
DABUR,2016-01-28 19:30:00,2016-01-29 00:00:00
DABUR,2016-04-28 14:30:00,2016-04-28 00:00:00
DABUR,2016-07-27 18:30:00,2016-07-28 00:00:00
DABUR,2016-10-26 19:30:00,2016-10-27 00:00:00
DABUR,2017-01-31 13:30:00,2017-01-31 00:00:00
DABUR,2017-05-01 19:30:00,2017-05-02 00:00:00
DABUR,2017-08-04 14:30:00,2017-08-04 00:00:00
DABUR,2017-10-31 13:30:00,2017-10-31 00:00:00
DABUR,2018-01-31 13:30:00,2018-01-31 00:00:00
DABUR,2018-05-01 14:30:00,2018-05-01 00:00:00
DABUR,2018-07-31 13:30:00,2018-07-31 00:00:00
DABUR,2018-10-31 12:30:00,2018-10-31 00:00:00
DABUR,2019-01-31 14:30:00,2019-01-31 00:00:00
DABUR,2019-05-02 13:30:00,2019-05-02 00:00:00
DABUR,2019-07-19 13:30:00,2019-07-19 00:00:00
DABUR,2019-11-05 13:30:00,2019-11-05 00:00:00
DABUR,2020-01-30 14:30:00,2020-01-30 00:00:00
DABUR,2020-05-27 14:30:00,2020-05-27 00:00:00
DABUR,2020-07-31 12:30:00,2020-07-31 00:00:00
DABUR,2020-11-03 14:30:00,2020-11-03 00:00:00
DABUR,2021-01-29 13:30:00,2021-01-29 00:00:00
DABUR,2021-05-07 13:30:00,2021-05-07 00:00:00
DABUR,2021-08-03 13:30:00,2021-08-03 00:00:00
DABUR,2021-11-02 13:30:00,2021-11-02 00:00:00
DABUR,2022-02-02 15:30:00,2022-02-03 00:00:00
DABUR,2022-05-05 13:30:00,2022-05-05 00:00:00
DABUR,2022-08-04 14:30:00,2022-08-04 00:00:00
DABUR,2022-10-26 14:30:00,2022-10-26 00:00:00
DABUR,2023-02-02 14:30:00,2023-02-02 00:00:00
DABUR,2023-05-04 14:30:00,2023-05-04 00:00:00
DABUR,2023-08-03 13:30:00,2023-08-03 00:00:00
DABUR,2023-11-02 14:30:00,2023-11-02 00:00:00
DABUR,2024-01-31 14:30:00,2024-01-31 00:00:00
DABUR,2024-05-02 13:30:00,2024-05-02 00:00:00
DABUR,2024-08-01 13:30:00,2024-08-01 00:00:00
DABUR,2024-10-30 14:30:00,2024-10-30 00:00:00
DABUR,2025-01-30 14:30:00,2025-01-30 00:00:00
DABUR,2025-05-07 15:30:00,2025-05-08 00:00:00
DABUR,2025-07-31 14:30:00,2025-07-31 00:00:00
DABUR,2025-10-30 15:30:00,2025-10-31 00:00:00
DABUR,2026-01-29 16:30:00,2026-01-30 00:00:00
DABUR,2026-05-07 16:30:00,2026-05-08 00:00:00
DABUR,2026-07-29 16:30:00,2026-07-30 00:00:00
DABUR,2026-10-29 15:30:00,2026-10-30 00:00:00
DALBHARAT,2019-03-06 11:30:00,2019-03-06 00:00:00
DALBHARAT,2019-05-10 00:30:00,2019-05-10 00:00:00
DALBHARAT,2019-08-01 19:30:00,2019-08-02 00:00:00
DALBHARAT,2019-10-19 19:30:00,2019-10-21 00:00:00
DALBHARAT,2020-02-06 20:30:00,2020-02-07 00:00:00
DALBHARAT,2020-06-13 18:30:00,2020-06-15 00:00:00
DALBHARAT,2020-08-06 19:30:00,2020-08-07 00:00:00
DALBHARAT,2020-11-05 17:30:00,2020-11-06 00:00:00
DALBHARAT,2021-02-04 19:30:00,2021-02-05 00:00:00
DALBHARAT,2021-04-30 03:30:00,2021-04-30 00:00:00
DALBHARAT,2021-07-27 16:30:00,2021-07-28 00:00:00
DALBHARAT,2021-10-27 16:30:00,2021-10-28 00:00:00
DALBHARAT,2022-01-27 18:30:00,2022-01-28 00:00:00
DALBHARAT,2022-05-09 20:30:00,2022-05-10 00:00:00
DALBHARAT,2022-08-04 17:30:00,2022-08-05 00:00:00
DALBHARAT,2022-11-02 16:30:00,2022-11-03 00:00:00
DALBHARAT,2023-02-04 19:30:00,2023-02-06 00:00:00
DALBHARAT,2023-04-25 17:30:00,2023-04-26 00:00:00
DALBHARAT,2023-07-20 18:30:00,2023-07-21 00:00:00
DALBHARAT,2023-10-14 19:30:00,2023-10-16 00:00:00
DALBHARAT,2024-01-24 15:30:00,2024-01-25 00:00:00
DALBHARAT,2024-04-24 18:30:00,2024-04-25 00:00:00
DALBHARAT,2024-07-18 16:30:00,2024-07-19 00:00:00
DALBHARAT,2024-10-19 16:30:00,2024-10-21 00:00:00
DALBHARAT,2025-01-21 17:30:00,2025-01-22 00:00:00
DALBHARAT,2025-04-23 18:30:00,2025-04-24 00:00:00
DALBHARAT,2025-07-22 18:30:00,2025-07-23 00:00:00
DALBHARAT,2025-10-17 12:30:00,2025-10-17 00:00:00
DALBHARAT,2026-01-21 14:30:00,2026-01-21 00:00:00
DALBHARAT,2026-04-28 13:30:00,2026-04-28 00:00:00
DALBHARAT,2026-07-24 12:30:00,2026-07-24 00:00:00
DALBHARAT,2026-10-15 15:30:00,2026-10-16 00:00:00
DIVISLAB,2007-01-27 17:30:00,2007-01-29 00:00:00
DIVISLAB,2007-05-23 18:30:00,2007-05-24 00:00:00
DIVISLAB,2008-01-28 17:30:00,2008-01-29 00:00:00
DIVISLAB,2008-07-26 18:30:00,2008-07-28 00:00:00
DIVISLAB,2009-01-24 13:30:00,2009-01-26 00:00:00
DIVISLAB,2009-05-31 04:30:00,2009-06-01 00:00:00
DIVISLAB,2009-07-31 18:30:00,2009-08-03 00:00:00
DIVISLAB,2009-10-30 18:30:00,2009-11-02 00:00:00
DIVISLAB,2010-01-29 05:30:00,2010-01-29 00:00:00
DIVISLAB,2011-11-01 22:30:00,2011-11-02 00:00:00
DIVISLAB,2012-01-28 16:30:00,2012-01-30 00:00:00
DIVISLAB,2012-05-12 21:30:00,2012-05-14 00:00:00
DIVISLAB,2012-08-06 12:30:00,2012-08-06 00:00:00
DIVISLAB,2012-11-03 18:30:00,2012-11-05 00:00:00
DIVISLAB,2013-02-02 11:30:00,2013-02-04 00:00:00
DIVISLAB,2013-05-20 22:30:00,2013-05-21 00:00:00
DIVISLAB,2013-08-03 14:30:00,2013-08-05 00:00:00
DIVISLAB,2013-11-08 13:30:00,2013-11-08 00:00:00
DIVISLAB,2014-02-03 18:30:00,2014-02-04 00:00:00
DIVISLAB,2014-05-26 06:30:00,2014-05-26 00:00:00
DIVISLAB,2014-08-11 23:30:00,2014-08-12 00:00:00
DIVISLAB,2014-11-03 13:30:00,2014-11-03 00:00:00
DIVISLAB,2015-01-31 20:30:00,2015-02-02 00:00:00
DIVISLAB,2015-05-23 22:30:00,2015-05-25 00:00:00
DIVISLAB,2015-08-08 17:30:00,2015-08-10 00:00:00
DIVISLAB,2015-10-31 18:30:00,2015-11-02 00:00:00
DIVISLAB,2016-02-06 16:30:00,2016-02-08 00:00:00
DIVISLAB,2016-05-28 19:30:00,2016-05-30 00:00:00
DIVISLAB,2016-08-12 17:30:00,2016-08-15 00:00:00
DIVISLAB,2016-11-14 20:30:00,2016-11-15 00:00:00
DIVISLAB,2017-02-04 16:30:00,2017-02-06 00:00:00
DIVISLAB,2017-05-26 18:30:00,2017-05-29 00:00:00
DIVISLAB,2017-07-22 13:30:00,2017-07-24 00:00:00
DIVISLAB,2017-10-31 18:30:00,2017-11-01 00:00:00
DIVISLAB,2018-01-27 17:30:00,2018-01-29 00:00:00
DIVISLAB,2018-05-26 14:30:00,2018-05-28 00:00:00
DIVISLAB,2018-08-04 12:30:00,2018-08-06 00:00:00
DIVISLAB,2018-10-27 14:30:00,2018-10-29 00:00:00
DIVISLAB,2019-02-02 13:30:00,2019-02-04 00:00:00
DIVISLAB,2019-05-25 14:30:00,2019-05-27 00:00:00
DIVISLAB,2019-08-10 14:30:00,2019-08-12 00:00:00
DIVISLAB,2019-11-05 18:30:00,2019-11-06 00:00:00
DIVISLAB,2020-02-05 19:30:00,2020-02-06 00:00:00
DIVISLAB,2020-06-06 14:30:00,2020-06-08 00:00:00
DIVISLAB,2020-08-08 12:30:00,2020-08-10 00:00:00
DIVISLAB,2020-11-07 12:30:00,2020-11-09 00:00:00
DIVISLAB,2021-02-06 11:30:00,2021-02-08 00:00:00
DIVISLAB,2021-05-29 12:30:00,2021-05-31 00:00:00
DIVISLAB,2021-08-07 11:30:00,2021-08-09 00:00:00
DIVISLAB,2021-11-06 11:30:00,2021-11-08 00:00:00
DIVISLAB,2022-02-11 11:30:00,2022-02-11 00:00:00
DIVISLAB,2022-05-23 11:30:00,2022-05-23 00:00:00
DIVISLAB,2022-08-12 11:30:00,2022-08-12 00:00:00
DIVISLAB,2022-11-07 12:30:00,2022-11-07 00:00:00
DIVISLAB,2023-02-03 12:30:00,2023-02-03 00:00:00
DIVISLAB,2023-05-20 12:30:00,2023-05-22 00:00:00
DIVISLAB,2023-08-14 12:30:00,2023-08-14 00:00:00
DIVISLAB,2023-11-06 11:30:00,2023-11-06 00:00:00
DIVISLAB,2024-02-10 11:30:00,2024-02-12 00:00:00
DIVISLAB,2024-05-25 12:30:00,2024-05-27 00:00:00
DIVISLAB,2024-08-03 11:30:00,2024-08-05 00:00:00
DIVISLAB,2024-11-09 12:30:00,2024-11-11 00:00:00
DIVISLAB,2025-02-03 12:30:00,2025-02-03 00:00:00
DIVISLAB,2025-05-17 12:30:00,2025-05-19 00:00:00
DIVISLAB,2025-08-06 11:30:00,2025-08-06 00:00:00
DIVISLAB,2025-11-07 11:30:00,2025-11-07 00:00:00
DIVISLAB,2026-02-11 20:30:00,2026-02-12 00:00:00
DIVISLAB,2026-05-23 11:30:00,2026-05-25 00:00:00
DIVISLAB,2026-08-01 11:30:00,2026-08-03 00:00:00
DIVISLAB,2026-10-31 15:30:00,2026-11-02 00:00:00
DIXON,2018-05-26 19:30:00,2018-05-28 00:00:00
DIXON,2018-08-06 18:30:00,2018-08-07 00:00:00
DIXON,2018-10-31 19:30:00,2018-11-01 00:00:00
DIXON,2019-01-30 15:30:00,2019-01-31 00:00:00
DIXON,2019-05-24 15:30:00,2019-05-27 00:00:00
DIXON,2019-08-13 14:30:00,2019-08-13 00:00:00
DIXON,2019-11-13 14:30:00,2019-11-13 00:00:00
DIXON,2020-01-29 15:30:00,2020-01-30 00:00:00
DIXON,2020-06-11 15:30:00,2020-06-12 00:00:00
DIXON,2020-08-04 13:30:00,2020-08-04 00:00:00
DIXON,2020-10-30 13:30:00,2020-10-30 00:00:00
DIXON,2021-02-02 14:30:00,2021-02-02 00:00:00
DIXON,2021-05-27 16:30:00,2021-05-28 00:00:00
DIXON,2021-07-27 13:30:00,2021-07-27 00:00:00
DIXON,2021-10-29 14:30:00,2021-10-29 00:00:00
DIXON,2022-01-28 13:30:00,2022-01-28 00:00:00
DIXON,2022-05-30 14:30:00,2022-05-30 00:00:00
DIXON,2022-07-27 16:30:00,2022-07-28 00:00:00
DIXON,2022-10-20 15:30:00,2022-10-21 00:00:00
DIXON,2023-01-25 16:30:00,2023-01-26 00:00:00
DIXON,2023-05-23 15:30:00,2023-05-24 00:00:00
DIXON,2023-07-25 15:30:00,2023-07-26 00:00:00
DIXON,2023-10-26 15:30:00,2023-10-27 00:00:00
DIXON,2024-01-31 15:30:00,2024-02-01 00:00:00
DIXON,2024-05-15 15:30:00,2024-05-16 00:00:00
DIXON,2024-07-30 15:30:00,2024-07-31 00:00:00
DIXON,2024-10-24 15:30:00,2024-10-25 00:00:00
DIXON,2025-01-20 16:30:00,2025-01-21 00:00:00
DIXON,2025-05-20 15:30:00,2025-05-21 00:00:00
DIXON,2025-07-22 15:30:00,2025-07-23 00:00:00
DIXON,2025-10-17 16:30:00,2025-10-20 00:00:00
DIXON,2026-01-29 15:30:00,2026-01-30 00:00:00
DIXON,2026-05-12 15:30:00,2026-05-13 00:00:00
DIXON,2026-07-31 15:30:00,2026-08-03 00:00:00
DIXON,2026-10-16 15:30:00,2026-10-19 00:00:00
DLF,2007-10-30 17:30:00,2007-10-31 00:00:00
DLF,2008-01-30 10:30:00,2008-01-30 00:00:00
DLF,2008-04-30 17:30:00,2008-05-01 00:00:00
DLF,2008-07-31 18:30:00,2008-08-01 00:00:00
DLF,2008-10-31 18:30:00,2008-11-03 00:00:00
DLF,2009-01-31 20:30:00,2009-02-02 00:00:00
DLF,2009-05-01 09:30:00,2009-05-01 00:00:00
DLF,2009-07-31 08:30:00,2009-07-31 00:00:00
DLF,2009-10-29 19:30:00,2009-10-30 00:00:00
DLF,2010-01-27 19:30:00,2010-01-28 00:00:00
DLF,2010-05-15 00:30:00,2010-05-17 00:00:00
DLF,2010-07-30 07:30:00,2010-07-30 00:00:00
DLF,2010-11-11 00:30:00,2010-11-11 00:00:00
DLF,2011-02-01 13:30:00,2011-02-01 00:00:00
DLF,2011-05-25 16:30:00,2011-05-26 00:00:00
DLF,2011-08-04 04:30:00,2011-08-04 00:00:00
DLF,2011-11-12 18:30:00,2011-11-14 00:00:00
DLF,2012-02-11 23:30:00,2012-02-13 00:00:00
DLF,2012-05-30 20:30:00,2012-05-31 00:00:00
DLF,2012-08-07 04:30:00,2012-08-07 00:00:00
DLF,2012-11-12 17:30:00,2012-11-13 00:00:00
DLF,2013-02-14 22:30:00,2013-02-15 00:00:00
DLF,2013-05-30 18:30:00,2013-05-31 00:00:00
DLF,2013-08-12 22:30:00,2013-08-13 00:00:00
DLF,2013-10-31 04:30:00,2013-10-31 00:00:00
DLF,2014-02-14 22:30:00,2014-02-17 00:00:00
DLF,2014-05-29 18:30:00,2014-05-30 00:00:00
DLF,2014-08-01 01:30:00,2014-08-01 00:00:00
DLF,2014-11-14 00:30:00,2014-11-14 00:00:00
DLF,2015-02-10 13:30:00,2015-02-10 00:00:00
DLF,2015-05-21 14:30:00,2015-05-21 00:00:00
DLF,2015-08-14 00:30:00,2015-08-14 00:00:00
DLF,2015-11-04 00:30:00,2015-11-04 00:00:00
DLF,2016-02-03 01:30:00,2016-02-03 00:00:00
DLF,2016-05-27 19:30:00,2016-05-30 00:00:00
DLF,2016-08-30 00:30:00,2016-08-30 00:00:00
DLF,2016-12-09 23:30:00,2016-12-12 00:00:00
DLF,2017-02-14 20:30:00,2017-02-15 00:00:00
DLF,2017-05-26 19:30:00,2017-05-29 00:00:00
DLF,2017-08-12 17:30:00,2017-08-14 00:00:00
DLF,2017-11-10 18:30:00,2017-11-13 00:00:00
DLF,2018-02-13 21:30:00,2018-02-14 00:00:00
DLF,2018-05-21 19:30:00,2018-05-22 00:00:00
DLF,2018-08-10 19:30:00,2018-08-13 00:00:00
DLF,2018-11-01 20:30:00,2018-11-02 00:00:00
DLF,2019-02-05 19:30:00,2019-02-06 00:00:00
DLF,2019-05-21 21:30:00,2019-05-22 00:00:00
DLF,2019-07-29 19:30:00,2019-07-30 00:00:00
DLF,2019-11-07 20:30:00,2019-11-08 00:00:00
DLF,2020-02-05 22:30:00,2020-02-06 00:00:00
DLF,2020-06-04 18:30:00,2020-06-05 00:00:00
DLF,2020-08-05 17:30:00,2020-08-06 00:00:00
DLF,2020-10-30 17:30:00,2020-11-02 00:00:00
DLF,2021-01-29 17:30:00,2021-02-01 00:00:00
DLF,2021-06-11 16:30:00,2021-06-14 00:00:00
DLF,2021-07-26 15:30:00,2021-07-27 00:00:00
DLF,2021-10-28 16:30:00,2021-10-29 00:00:00
DLF,2022-01-31 18:30:00,2022-02-01 00:00:00
DLF,2022-05-17 17:30:00,2022-05-18 00:00:00
DLF,2022-07-29 15:30:00,2022-08-01 00:00:00
DLF,2022-10-21 17:30:00,2022-10-24 00:00:00
DLF,2023-01-25 16:30:00,2023-01-26 00:00:00
DLF,2023-05-12 15:30:00,2023-05-15 00:00:00
DLF,2023-07-21 15:30:00,2023-07-24 00:00:00
DLF,2023-10-30 15:30:00,2023-10-31 00:00:00
DLF,2024-01-24 15:30:00,2024-01-25 00:00:00
DLF,2024-05-13 18:30:00,2024-05-14 00:00:00
DLF,2024-07-25 18:30:00,2024-07-26 00:00:00
DLF,2024-10-25 17:30:00,2024-10-28 00:00:00
DLF,2025-01-24 17:30:00,2025-01-27 00:00:00
DLF,2025-05-19 20:30:00,2025-05-20 00:00:00
DLF,2025-08-04 16:30:00,2025-08-05 00:00:00
DLF,2025-10-30 18:30:00,2025-10-31 00:00:00
DLF,2026-01-22 17:30:00,2026-01-23 00:00:00
DLF,2026-05-13 18:30:00,2026-05-14 00:00:00
DLF,2026-08-03 22:30:00,2026-08-04 00:00:00
DLF,2026-10-29 15:30:00,2026-10-30 00:00:00
DMART,2017-07-22 14:30:00,2017-07-24 00:00:00
DMART,2017-10-17 11:30:00,2017-10-17 00:00:00
DMART,2018-01-25 16:30:00,2018-01-26 00:00:00
DMART,2018-05-05 16:30:00,2018-05-07 00:00:00
DMART,2018-08-03 16:30:00,2018-08-06 00:00:00
DMART,2018-10-13 15:30:00,2018-10-15 00:00:00
DMART,2019-01-12 15:30:00,2019-01-14 00:00:00
DMART,2019-05-11 16:30:00,2019-05-13 00:00:00
DMART,2019-07-13 12:30:00,2019-07-15 00:00:00
DMART,2019-10-12 14:30:00,2019-10-14 00:00:00
DMART,2020-01-11 15:30:00,2020-01-13 00:00:00
DMART,2020-05-23 15:30:00,2020-05-25 00:00:00
DMART,2020-07-11 14:30:00,2020-07-13 00:00:00
DMART,2020-10-17 14:30:00,2020-10-19 00:00:00
DMART,2021-01-09 13:30:00,2021-01-11 00:00:00
DMART,2021-05-08 14:30:00,2021-05-10 00:00:00
DMART,2021-07-10 13:30:00,2021-07-12 00:00:00
DMART,2021-10-16 13:30:00,2021-10-18 00:00:00
DMART,2022-01-08 14:30:00,2022-01-10 00:00:00
DMART,2022-05-14 15:30:00,2022-05-16 00:00:00
DMART,2022-07-09 13:30:00,2022-07-11 00:00:00
DMART,2022-10-15 12:30:00,2022-10-17 00:00:00
DMART,2023-01-14 13:30:00,2023-01-16 00:00:00
DMART,2023-05-13 14:30:00,2023-05-15 00:00:00
DMART,2023-07-15 14:30:00,2023-07-17 00:00:00
DMART,2023-10-14 12:30:00,2023-10-16 00:00:00
DMART,2024-01-13 15:30:00,2024-01-15 00:00:00
DMART,2024-05-04 15:30:00,2024-05-06 00:00:00
DMART,2024-07-13 14:30:00,2024-07-15 00:00:00
DMART,2024-10-12 13:30:00,2024-10-14 00:00:00
DMART,2025-01-11 19:30:00,2025-01-13 00:00:00
DMART,2025-05-03 16:30:00,2025-05-05 00:00:00
DMART,2025-07-11 18:30:00,2025-07-14 00:00:00
DMART,2025-10-11 15:30:00,2025-10-13 00:00:00
DMART,2026-01-10 16:30:00,2026-01-12 00:00:00
DMART,2026-05-02 16:30:00,2026-05-04 00:00:00
DMART,2026-07-11 15:30:00,2026-07-13 00:00:00
DMART,2026-10-10 15:30:00,2026-10-12 00:00:00
DRREDDY,2004-10-26 16:30:00,2004-10-27 00:00:00
DRREDDY,2005-05-06 16:30:00,2005-05-09 00:00:00
DRREDDY,2005-07-26 14:30:00,2005-07-26 00:00:00
DRREDDY,2005-10-29 15:30:00,2005-10-31 00:00:00
DRREDDY,2006-01-24 14:30:00,2006-01-24 00:00:00
DRREDDY,2006-07-27 15:30:00,2006-07-28 00:00:00
DRREDDY,2006-10-27 16:30:00,2006-10-30 00:00:00
DRREDDY,2007-01-22 16:30:00,2007-01-23 00:00:00
DRREDDY,2007-05-18 14:30:00,2007-05-18 00:00:00
DRREDDY,2007-07-23 15:30:00,2007-07-24 00:00:00
DRREDDY,2007-10-24 16:30:00,2007-10-25 00:00:00
DRREDDY,2008-01-25 15:30:00,2008-01-28 00:00:00
DRREDDY,2008-05-20 13:30:00,2008-05-20 00:00:00
DRREDDY,2008-07-21 13:30:00,2008-07-21 00:00:00
DRREDDY,2008-10-23 13:30:00,2008-10-23 00:00:00
DRREDDY,2009-01-20 15:30:00,2009-01-21 00:00:00
DRREDDY,2009-05-18 16:30:00,2009-05-19 00:00:00
DRREDDY,2009-07-21 15:30:00,2009-07-22 00:00:00
DRREDDY,2009-10-23 13:30:00,2009-10-23 00:00:00
DRREDDY,2010-01-20 13:30:00,2010-01-20 00:00:00
DRREDDY,2010-05-06 15:30:00,2010-05-07 00:00:00
DRREDDY,2010-10-23 14:30:00,2010-10-25 00:00:00
DRREDDY,2011-01-25 15:30:00,2011-01-26 00:00:00
DRREDDY,2011-05-13 14:30:00,2011-05-13 00:00:00
DRREDDY,2011-07-20 18:30:00,2011-07-21 00:00:00
DRREDDY,2011-10-25 15:30:00,2011-10-26 00:00:00
DRREDDY,2012-02-03 15:30:00,2012-02-06 00:00:00
DRREDDY,2012-05-11 15:30:00,2012-05-14 00:00:00
DRREDDY,2012-07-19 16:30:00,2012-07-20 00:00:00
DRREDDY,2012-10-30 14:30:00,2012-10-30 00:00:00
DRREDDY,2013-02-14 14:30:00,2013-02-14 00:00:00
DRREDDY,2013-05-14 14:30:00,2013-05-14 00:00:00
DRREDDY,2013-07-30 16:30:00,2013-07-31 00:00:00
DRREDDY,2013-10-31 14:30:00,2013-10-31 00:00:00
DRREDDY,2014-02-11 09:30:00,2014-02-11 00:00:00
DRREDDY,2014-05-13 16:30:00,2014-05-14 00:00:00
DRREDDY,2014-07-30 17:30:00,2014-07-31 00:00:00
DRREDDY,2014-10-29 15:30:00,2014-10-30 00:00:00
DRREDDY,2015-01-29 15:30:00,2015-01-30 00:00:00
DRREDDY,2015-05-12 16:30:00,2015-05-13 00:00:00
DRREDDY,2015-07-30 15:30:00,2015-07-31 00:00:00
DRREDDY,2015-10-29 17:30:00,2015-10-30 00:00:00
DRREDDY,2016-02-09 14:30:00,2016-02-09 00:00:00
DRREDDY,2016-05-12 18:30:00,2016-05-13 00:00:00
DRREDDY,2016-07-26 19:30:00,2016-07-27 00:00:00
DRREDDY,2016-10-25 16:30:00,2016-10-26 00:00:00
DRREDDY,2017-02-04 13:30:00,2017-02-06 00:00:00
DRREDDY,2017-05-12 18:30:00,2017-05-15 00:00:00
DRREDDY,2017-07-27 14:30:00,2017-07-27 00:00:00
DRREDDY,2017-10-31 11:30:00,2017-10-31 00:00:00
DRREDDY,2018-01-25 11:30:00,2018-01-25 00:00:00
DRREDDY,2018-05-22 12:30:00,2018-05-22 00:00:00
DRREDDY,2018-07-26 17:30:00,2018-07-27 00:00:00
DRREDDY,2018-10-26 18:30:00,2018-10-29 00:00:00
DRREDDY,2019-02-01 17:30:00,2019-02-04 00:00:00
DRREDDY,2019-05-17 14:30:00,2019-05-17 00:00:00
DRREDDY,2019-07-29 15:30:00,2019-07-30 00:00:00
DRREDDY,2019-11-01 10:30:00,2019-11-01 00:00:00
DRREDDY,2020-01-27 11:30:00,2020-01-27 00:00:00
DRREDDY,2020-06-09 19:30:00,2020-06-10 00:00:00
DRREDDY,2020-07-29 12:30:00,2020-07-29 00:00:00
DRREDDY,2020-10-28 12:30:00,2020-10-28 00:00:00
DRREDDY,2021-01-29 11:30:00,2021-01-29 00:00:00
DRREDDY,2021-05-14 11:30:00,2021-05-14 00:00:00
DRREDDY,2021-07-27 10:30:00,2021-07-27 00:00:00
DRREDDY,2021-10-29 13:30:00,2021-10-29 00:00:00
DRREDDY,2022-01-28 20:30:00,2022-01-31 00:00:00
DRREDDY,2022-05-19 12:30:00,2022-05-19 00:00:00
DRREDDY,2022-07-28 23:30:00,2022-07-29 00:00:00
DRREDDY,2022-10-28 23:30:00,2022-10-31 00:00:00
DRREDDY,2023-01-25 16:30:00,2023-01-26 00:00:00
DRREDDY,2023-05-10 17:30:00,2023-05-11 00:00:00
DRREDDY,2023-07-26 21:30:00,2023-07-27 00:00:00
DRREDDY,2023-10-27 14:30:00,2023-10-27 00:00:00
DRREDDY,2024-01-30 15:30:00,2024-01-31 00:00:00
DRREDDY,2024-05-07 15:30:00,2024-05-08 00:00:00
DRREDDY,2024-07-27 15:30:00,2024-07-29 00:00:00
DRREDDY,2024-11-05 15:30:00,2024-11-06 00:00:00
DRREDDY,2025-01-23 16:30:00,2025-01-24 00:00:00
DRREDDY,2025-05-09 17:30:00,2025-05-12 00:00:00
DRREDDY,2025-07-23 16:30:00,2025-07-24 00:00:00
DRREDDY,2025-10-24 16:30:00,2025-10-27 00:00:00
DRREDDY,2026-01-21 16:30:00,2026-01-22 00:00:00
DRREDDY,2026-05-12 16:30:00,2026-05-13 00:00:00
DRREDDY,2026-07-22 15:30:00,2026-07-23 00:00:00
DRREDDY,2026-10-23 15:30:00,2026-10-26 00:00:00
EICHERMOT,2008-01-29 13:30:00,2008-01-29 00:00:00
EICHERMOT,2008-04-28 14:30:00,2008-04-28 00:00:00
EICHERMOT,2008-07-27 07:30:00,2008-07-28 00:00:00
EICHERMOT,2010-07-29 12:30:00,2010-07-29 00:00:00
EICHERMOT,2011-08-01 18:30:00,2011-08-02 00:00:00
EICHERMOT,2011-11-09 15:30:00,2011-11-10 00:00:00
EICHERMOT,2012-02-12 04:30:00,2012-02-13 00:00:00
EICHERMOT,2012-05-15 00:30:00,2012-05-15 00:00:00
EICHERMOT,2012-08-09 16:30:00,2012-08-10 00:00:00
EICHERMOT,2012-11-09 17:30:00,2012-11-12 00:00:00
EICHERMOT,2013-02-12 22:30:00,2013-02-13 00:00:00
EICHERMOT,2013-05-13 14:30:00,2013-05-13 00:00:00
EICHERMOT,2013-08-07 22:30:00,2013-08-08 00:00:00
EICHERMOT,2013-11-07 18:30:00,2013-11-08 00:00:00
EICHERMOT,2014-02-12 22:30:00,2014-02-13 00:00:00
EICHERMOT,2014-05-09 14:30:00,2014-05-09 00:00:00
EICHERMOT,2014-08-12 00:30:00,2014-08-12 00:00:00
EICHERMOT,2014-11-13 00:30:00,2014-11-13 00:00:00
EICHERMOT,2015-02-14 16:30:00,2015-02-16 00:00:00
EICHERMOT,2015-05-08 14:30:00,2015-05-08 00:00:00
EICHERMOT,2015-07-22 00:30:00,2015-07-22 00:00:00
EICHERMOT,2015-11-06 18:30:00,2015-11-09 00:00:00
EICHERMOT,2016-02-05 17:30:00,2016-02-08 00:00:00
EICHERMOT,2016-05-05 13:30:00,2016-05-05 00:00:00
EICHERMOT,2016-07-28 21:30:00,2016-07-29 00:00:00
EICHERMOT,2016-10-28 19:30:00,2016-10-31 00:00:00
EICHERMOT,2017-02-02 04:30:00,2017-02-02 00:00:00
EICHERMOT,2017-05-05 20:30:00,2017-05-08 00:00:00
EICHERMOT,2017-08-09 17:30:00,2017-08-10 00:00:00
EICHERMOT,2017-11-14 13:30:00,2017-11-14 00:00:00
EICHERMOT,2018-02-07 14:30:00,2018-02-07 00:00:00
EICHERMOT,2018-05-09 15:30:00,2018-05-10 00:00:00
EICHERMOT,2018-08-09 15:30:00,2018-08-10 00:00:00
EICHERMOT,2018-11-12 19:30:00,2018-11-13 00:00:00
EICHERMOT,2019-02-11 14:30:00,2019-02-11 00:00:00
EICHERMOT,2019-05-10 20:30:00,2019-05-13 00:00:00
EICHERMOT,2019-07-31 18:30:00,2019-08-01 00:00:00
EICHERMOT,2019-11-08 14:30:00,2019-11-08 00:00:00
EICHERMOT,2020-02-06 14:30:00,2020-02-06 00:00:00
EICHERMOT,2020-06-12 18:30:00,2020-06-15 00:00:00
EICHERMOT,2020-08-13 16:30:00,2020-08-14 00:00:00
EICHERMOT,2020-11-12 16:30:00,2020-11-13 00:00:00
EICHERMOT,2021-02-10 14:30:00,2021-02-10 00:00:00
EICHERMOT,2021-05-27 19:30:00,2021-05-28 00:00:00
EICHERMOT,2021-08-12 16:30:00,2021-08-13 00:00:00
EICHERMOT,2021-11-03 17:30:00,2021-11-04 00:00:00
EICHERMOT,2022-02-14 17:30:00,2022-02-15 00:00:00
EICHERMOT,2022-05-13 17:30:00,2022-05-16 00:00:00
EICHERMOT,2022-08-10 15:30:00,2022-08-11 00:00:00
EICHERMOT,2022-11-10 15:30:00,2022-11-11 00:00:00
EICHERMOT,2023-02-14 12:30:00,2023-02-14 00:00:00
EICHERMOT,2023-05-11 16:30:00,2023-05-12 00:00:00
EICHERMOT,2023-08-03 16:30:00,2023-08-04 00:00:00
EICHERMOT,2023-11-10 17:30:00,2023-11-13 00:00:00
EICHERMOT,2024-02-13 14:30:00,2024-02-13 00:00:00
EICHERMOT,2024-05-10 22:30:00,2024-05-13 00:00:00
EICHERMOT,2024-08-08 17:30:00,2024-08-09 00:00:00
EICHERMOT,2024-11-13 15:30:00,2024-11-14 00:00:00
EICHERMOT,2025-02-10 16:30:00,2025-02-11 00:00:00
EICHERMOT,2025-05-14 15:30:00,2025-05-15 00:00:00
EICHERMOT,2025-07-31 16:30:00,2025-08-01 00:00:00
EICHERMOT,2025-11-13 14:30:00,2025-11-13 00:00:00
EICHERMOT,2026-02-10 16:30:00,2026-02-11 00:00:00
EICHERMOT,2026-05-22 16:30:00,2026-05-25 00:00:00
EICHERMOT,2026-07-29 18:30:00,2026-07-30 00:00:00
EICHERMOT,2026-11-12 15:30:00,2026-11-13 00:00:00
ENDURANCE,2017-05-10 17:30:00,2017-05-11 00:00:00
ENDURANCE,2017-08-08 16:30:00,2017-08-09 00:00:00
ENDURANCE,2017-11-09 17:30:00,2017-11-10 00:00:00
ENDURANCE,2018-02-14 15:30:00,2018-02-15 00:00:00
ENDURANCE,2018-05-15 16:30:00,2018-05-16 00:00:00
ENDURANCE,2018-08-10 15:30:00,2018-08-13 00:00:00
ENDURANCE,2018-11-03 13:30:00,2018-11-05 00:00:00
ENDURANCE,2019-02-07 17:30:00,2019-02-08 00:00:00
ENDURANCE,2019-05-14 15:30:00,2019-05-15 00:00:00
ENDURANCE,2019-08-08 13:30:00,2019-08-08 00:00:00
ENDURANCE,2019-11-14 16:30:00,2019-11-15 00:00:00
ENDURANCE,2020-02-06 17:30:00,2020-02-07 00:00:00
ENDURANCE,2020-06-25 16:30:00,2020-06-26 00:00:00
ENDURANCE,2020-08-13 17:30:00,2020-08-14 00:00:00
ENDURANCE,2020-11-10 17:30:00,2020-11-11 00:00:00
ENDURANCE,2021-02-09 17:30:00,2021-02-10 00:00:00
ENDURANCE,2021-05-19 16:30:00,2021-05-20 00:00:00
ENDURANCE,2021-08-11 16:30:00,2021-08-12 00:00:00
ENDURANCE,2021-11-11 20:30:00,2021-11-12 00:00:00
ENDURANCE,2022-02-08 18:30:00,2022-02-09 00:00:00
ENDURANCE,2022-05-19 19:30:00,2022-05-20 00:00:00
ENDURANCE,2022-08-10 18:30:00,2022-08-11 00:00:00
ENDURANCE,2022-11-07 19:30:00,2022-11-08 00:00:00
ENDURANCE,2023-02-08 18:30:00,2023-02-09 00:00:00
ENDURANCE,2023-05-17 17:30:00,2023-05-18 00:00:00
ENDURANCE,2023-08-10 19:30:00,2023-08-11 00:00:00
ENDURANCE,2023-11-08 17:30:00,2023-11-09 00:00:00
ENDURANCE,2024-02-06 18:30:00,2024-02-07 00:00:00
ENDURANCE,2024-05-16 19:30:00,2024-05-17 00:00:00
ENDURANCE,2024-08-13 17:30:00,2024-08-14 00:00:00
ENDURANCE,2024-11-06 19:30:00,2024-11-07 00:00:00
ENDURANCE,2025-02-12 19:30:00,2025-02-13 00:00:00
ENDURANCE,2025-05-15 20:30:00,2025-05-16 00:00:00
ENDURANCE,2025-08-13 05:30:00,2025-08-13 00:00:00
ENDURANCE,2025-11-12 19:30:00,2025-11-13 00:00:00
ENDURANCE,2026-02-12 19:30:00,2026-02-13 00:00:00
ENDURANCE,2026-05-14 19:30:00,2026-05-15 00:00:00
ENDURANCE,2026-08-13 17:30:00,2026-08-14 00:00:00
ENRIN,2025-11-24 19:30:00,2025-11-25 00:00:00
ENRIN,2026-02-13 13:30:00,2026-02-13 00:00:00
ENRIN,2026-05-14 17:30:00,2026-05-15 00:00:00
ENRIN,2026-08-06 20:30:00,2026-08-07 00:00:00
ESCORTS,2011-08-05 14:30:00,2011-08-05 00:00:00
ESCORTS,2013-08-13 18:30:00,2013-08-14 00:00:00
ESCORTS,2014-05-28 14:30:00,2014-05-28 00:00:00
ESCORTS,2014-07-30 13:30:00,2014-07-30 00:00:00
ESCORTS,2014-11-05 20:30:00,2014-11-06 00:00:00
ESCORTS,2015-02-11 20:30:00,2015-02-12 00:00:00
ESCORTS,2017-02-09 18:30:00,2017-02-10 00:00:00
ESCORTS,2017-07-28 11:30:00,2017-07-28 00:00:00
ESCORTS,2017-10-31 13:30:00,2017-10-31 00:00:00
ESCORTS,2018-01-31 13:30:00,2018-01-31 00:00:00
ESCORTS,2018-05-17 13:30:00,2018-05-17 00:00:00
ESCORTS,2018-07-30 14:30:00,2018-07-30 00:00:00
ESCORTS,2018-10-31 13:30:00,2018-10-31 00:00:00
ESCORTS,2019-01-28 13:30:00,2019-01-28 00:00:00
ESCORTS,2019-05-07 15:30:00,2019-05-08 00:00:00
ESCORTS,2019-07-27 15:30:00,2019-07-29 00:00:00
ESCORTS,2019-11-02 13:30:00,2019-11-04 00:00:00
ESCORTS,2020-01-29 05:30:00,2020-01-29 00:00:00
ESCORTS,2020-05-14 14:30:00,2020-05-14 00:00:00
ESCORTS,2020-07-27 14:30:00,2020-07-27 00:00:00
ESCORTS,2020-11-02 14:30:00,2020-11-02 00:00:00
ESCORTS,2021-02-02 13:30:00,2021-02-02 00:00:00
ESCORTS,2021-05-14 14:30:00,2021-05-14 00:00:00
ESCORTS,2021-08-05 13:30:00,2021-08-05 00:00:00
ESCORTS,2021-10-29 13:30:00,2021-10-29 00:00:00
ESCORTS,2022-02-08 14:30:00,2022-02-08 00:00:00
ESCORTS,2022-05-13 13:30:00,2022-05-13 00:00:00
ESCORTS,2022-08-01 15:30:00,2022-08-02 00:00:00
ESCORTS,2022-11-04 14:30:00,2022-11-04 00:00:00
ESCORTS,2023-02-08 14:30:00,2023-02-08 00:00:00
ESCORTS,2023-05-10 14:30:00,2023-05-10 00:00:00
ESCORTS,2023-08-01 14:30:00,2023-08-01 00:00:00
ESCORTS,2023-11-03 14:30:00,2023-11-03 00:00:00
ESCORTS,2024-02-08 14:30:00,2024-02-08 00:00:00
ESCORTS,2024-05-09 14:30:00,2024-05-09 00:00:00
ESCORTS,2024-08-01 14:30:00,2024-08-01 00:00:00
ESCORTS,2024-11-07 14:30:00,2024-11-07 00:00:00
ESCORTS,2025-02-10 15:30:00,2025-02-11 00:00:00
ESCORTS,2025-05-08 14:30:00,2025-05-08 00:00:00
ESCORTS,2025-08-04 13:30:00,2025-08-04 00:00:00
ESCORTS,2025-11-04 13:30:00,2025-11-04 00:00:00
ESCORTS,2026-02-10 14:30:00,2026-02-10 00:00:00
ESCORTS,2026-05-07 13:30:00,2026-05-07 00:00:00
ESCORTS,2026-08-03 13:30:00,2026-08-03 00:00:00
ESCORTS,2026-11-03 15:30:00,2026-11-04 00:00:00
ETERNAL,2021-08-10 19:30:00,2021-08-11 00:00:00
ETERNAL,2021-11-10 19:30:00,2021-11-11 00:00:00
ETERNAL,2022-02-10 16:30:00,2022-02-11 00:00:00
ETERNAL,2022-05-23 17:30:00,2022-05-24 00:00:00
ETERNAL,2022-08-01 17:30:00,2022-08-02 00:00:00
ETERNAL,2022-11-10 17:30:00,2022-11-11 00:00:00
ETERNAL,2023-02-09 18:30:00,2023-02-10 00:00:00
ETERNAL,2023-05-19 16:30:00,2023-05-22 00:00:00
ETERNAL,2023-08-03 14:30:00,2023-08-03 00:00:00
ETERNAL,2023-11-03 14:30:00,2023-11-03 00:00:00
ETERNAL,2024-02-08 14:30:00,2024-02-08 00:00:00
ETERNAL,2024-05-13 14:30:00,2024-05-13 00:00:00
ETERNAL,2024-08-01 14:30:00,2024-08-01 00:00:00
ETERNAL,2024-10-22 15:30:00,2024-10-23 00:00:00
ETERNAL,2025-01-20 14:30:00,2025-01-20 00:00:00
ETERNAL,2025-05-01 15:30:00,2025-05-02 00:00:00
ETERNAL,2025-07-21 14:30:00,2025-07-21 00:00:00
ETERNAL,2025-10-16 14:30:00,2025-10-16 00:00:00
ETERNAL,2026-01-21 15:30:00,2026-01-22 00:00:00
ETERNAL,2026-04-28 14:30:00,2026-04-28 00:00:00
ETERNAL,2026-07-22 14:30:00,2026-07-22 00:00:00
ETERNAL,2026-10-15 15:30:00,2026-10-16 00:00:00
EXIDEIND,2008-04-22 17:30:00,2008-04-23 00:00:00
EXIDEIND,2008-07-25 08:30:00,2008-07-25 00:00:00
EXIDEIND,2008-10-23 11:30:00,2008-10-23 00:00:00
EXIDEIND,2009-04-27 11:30:00,2009-04-27 00:00:00
EXIDEIND,2009-07-16 19:30:00,2009-07-17 00:00:00
EXIDEIND,2011-01-18 13:30:00,2011-01-18 00:00:00
EXIDEIND,2011-04-27 14:30:00,2011-04-27 00:00:00
EXIDEIND,2011-07-21 19:30:00,2011-07-22 00:00:00
EXIDEIND,2011-10-20 18:30:00,2011-10-21 00:00:00
EXIDEIND,2012-01-20 16:30:00,2012-01-23 00:00:00
EXIDEIND,2012-04-30 15:30:00,2012-05-01 00:00:00
EXIDEIND,2012-07-16 17:30:00,2012-07-17 00:00:00
EXIDEIND,2012-10-19 14:30:00,2012-10-19 00:00:00
EXIDEIND,2013-01-17 18:30:00,2013-01-18 00:00:00
EXIDEIND,2013-04-29 14:30:00,2013-04-29 00:00:00
EXIDEIND,2013-07-15 19:30:00,2013-07-16 00:00:00
EXIDEIND,2013-10-23 14:30:00,2013-10-23 00:00:00
EXIDEIND,2014-01-13 14:30:00,2014-01-13 00:00:00
EXIDEIND,2014-04-25 15:30:00,2014-04-28 00:00:00
EXIDEIND,2014-07-21 20:30:00,2014-07-22 00:00:00
EXIDEIND,2014-10-20 20:30:00,2014-10-21 00:00:00
EXIDEIND,2015-01-31 19:30:00,2015-02-02 00:00:00
EXIDEIND,2015-04-30 14:30:00,2015-04-30 00:00:00
EXIDEIND,2015-07-31 19:30:00,2015-08-03 00:00:00
EXIDEIND,2015-10-28 18:30:00,2015-10-29 00:00:00
EXIDEIND,2016-01-21 19:30:00,2016-01-22 00:00:00
EXIDEIND,2016-04-27 19:30:00,2016-04-28 00:00:00
EXIDEIND,2016-07-18 22:30:00,2016-07-19 00:00:00
EXIDEIND,2016-10-26 21:30:00,2016-10-27 00:00:00
EXIDEIND,2017-01-25 20:30:00,2017-01-26 00:00:00
EXIDEIND,2017-05-04 19:30:00,2017-05-05 00:00:00
EXIDEIND,2017-07-27 10:30:00,2017-07-27 00:00:00
EXIDEIND,2017-10-25 15:30:00,2017-10-26 00:00:00
EXIDEIND,2018-01-31 14:30:00,2018-01-31 00:00:00
EXIDEIND,2018-05-07 14:30:00,2018-05-07 00:00:00
EXIDEIND,2018-08-01 13:30:00,2018-08-01 00:00:00
EXIDEIND,2018-11-05 14:30:00,2018-11-05 00:00:00
EXIDEIND,2019-02-04 14:30:00,2019-02-04 00:00:00
EXIDEIND,2019-04-30 13:30:00,2019-04-30 00:00:00
EXIDEIND,2019-08-02 13:30:00,2019-08-02 00:00:00
EXIDEIND,2019-11-06 14:30:00,2019-11-06 00:00:00
EXIDEIND,2020-02-04 13:30:00,2020-02-04 00:00:00
EXIDEIND,2020-06-05 15:30:00,2020-06-08 00:00:00
EXIDEIND,2020-08-03 16:30:00,2020-08-04 00:00:00
EXIDEIND,2020-11-10 13:30:00,2020-11-10 00:00:00
EXIDEIND,2021-01-29 13:30:00,2021-01-29 00:00:00
EXIDEIND,2021-04-29 15:30:00,2021-04-30 00:00:00
EXIDEIND,2021-07-30 14:30:00,2021-07-30 00:00:00
EXIDEIND,2021-10-29 15:30:00,2021-11-01 00:00:00
EXIDEIND,2022-01-31 13:30:00,2022-01-31 00:00:00
EXIDEIND,2022-05-05 13:30:00,2022-05-05 00:00:00
EXIDEIND,2022-07-29 14:30:00,2022-07-29 00:00:00
EXIDEIND,2022-11-11 13:30:00,2022-11-11 00:00:00
EXIDEIND,2023-01-30 16:30:00,2023-01-31 00:00:00
EXIDEIND,2023-05-08 12:30:00,2023-05-08 00:00:00
EXIDEIND,2023-07-28 13:30:00,2023-07-28 00:00:00
EXIDEIND,2023-11-06 12:30:00,2023-11-06 00:00:00
EXIDEIND,2024-01-24 12:30:00,2024-01-24 00:00:00
EXIDEIND,2024-04-30 13:30:00,2024-04-30 00:00:00
EXIDEIND,2024-07-30 13:30:00,2024-07-30 00:00:00
EXIDEIND,2024-11-04 12:30:00,2024-11-04 00:00:00
EXIDEIND,2025-01-28 17:30:00,2025-01-29 00:00:00
EXIDEIND,2025-04-30 13:30:00,2025-04-30 00:00:00
EXIDEIND,2025-08-05 13:30:00,2025-08-05 00:00:00
EXIDEIND,2025-11-14 17:30:00,2025-11-17 00:00:00
EXIDEIND,2026-01-30 13:30:00,2026-01-30 00:00:00
EXIDEIND,2026-05-04 13:30:00,2026-05-04 00:00:00
EXIDEIND,2026-07-30 14:30:00,2026-07-30 00:00:00
EXIDEIND,2026-11-12 15:30:00,2026-11-13 00:00:00
FEDERALBNK,2007-10-26 20:30:00,2007-10-29 00:00:00
FEDERALBNK,2008-01-25 15:30:00,2008-01-28 00:00:00
FEDERALBNK,2008-05-23 13:30:00,2008-05-23 00:00:00
FEDERALBNK,2008-07-31 12:30:00,2008-07-31 00:00:00
FEDERALBNK,2011-05-07 14:30:00,2011-05-09 00:00:00
FEDERALBNK,2011-07-29 12:30:00,2011-07-29 00:00:00
FEDERALBNK,2011-10-21 18:30:00,2011-10-24 00:00:00
FEDERALBNK,2012-01-23 16:30:00,2012-01-24 00:00:00
FEDERALBNK,2012-05-11 12:30:00,2012-05-11 00:00:00
FEDERALBNK,2012-08-02 16:30:00,2012-08-03 00:00:00
FEDERALBNK,2012-10-21 04:30:00,2012-10-22 00:00:00
FEDERALBNK,2013-01-17 18:30:00,2013-01-18 00:00:00
FEDERALBNK,2013-04-27 18:30:00,2013-04-29 00:00:00
FEDERALBNK,2013-07-19 22:30:00,2013-07-22 00:00:00
FEDERALBNK,2013-10-21 10:30:00,2013-10-21 00:00:00
FEDERALBNK,2014-01-17 23:30:00,2014-01-20 00:00:00
FEDERALBNK,2014-04-29 14:30:00,2014-04-29 00:00:00
FEDERALBNK,2014-07-16 19:30:00,2014-07-17 00:00:00
FEDERALBNK,2014-10-16 19:30:00,2014-10-17 00:00:00
FEDERALBNK,2015-01-15 18:30:00,2015-01-16 00:00:00
FEDERALBNK,2015-04-29 22:30:00,2015-04-30 00:00:00
FEDERALBNK,2015-07-20 22:30:00,2015-07-21 00:00:00
FEDERALBNK,2015-10-20 21:30:00,2015-10-21 00:00:00
FEDERALBNK,2016-01-12 19:30:00,2016-01-13 00:00:00
FEDERALBNK,2016-05-01 01:30:00,2016-05-02 00:00:00
FEDERALBNK,2016-07-22 19:30:00,2016-07-25 00:00:00
FEDERALBNK,2016-10-25 18:30:00,2016-10-26 00:00:00
FEDERALBNK,2017-01-19 18:30:00,2017-01-20 00:00:00
FEDERALBNK,2017-04-28 18:30:00,2017-05-01 00:00:00
FEDERALBNK,2017-07-26 12:30:00,2017-07-26 00:00:00
FEDERALBNK,2017-10-16 12:30:00,2017-10-16 00:00:00
FEDERALBNK,2018-01-15 16:30:00,2018-01-16 00:00:00
FEDERALBNK,2018-05-09 16:30:00,2018-05-10 00:00:00
FEDERALBNK,2018-07-17 12:30:00,2018-07-17 00:00:00
FEDERALBNK,2018-10-16 13:30:00,2018-10-16 00:00:00
FEDERALBNK,2019-01-17 19:30:00,2019-01-18 00:00:00
FEDERALBNK,2019-05-04 12:30:00,2019-05-06 00:00:00
FEDERALBNK,2019-07-16 13:30:00,2019-07-16 00:00:00
FEDERALBNK,2019-10-16 12:30:00,2019-10-16 00:00:00
FEDERALBNK,2020-01-20 13:30:00,2020-01-20 00:00:00
FEDERALBNK,2020-05-28 14:30:00,2020-05-28 00:00:00
FEDERALBNK,2020-07-15 14:30:00,2020-07-15 00:00:00
FEDERALBNK,2020-10-16 12:30:00,2020-10-16 00:00:00
FEDERALBNK,2021-01-20 12:30:00,2021-01-20 00:00:00
FEDERALBNK,2021-05-17 12:30:00,2021-05-17 00:00:00
FEDERALBNK,2021-07-23 13:30:00,2021-07-23 00:00:00
FEDERALBNK,2021-10-22 12:30:00,2021-10-22 00:00:00
FEDERALBNK,2022-01-25 12:30:00,2022-01-25 00:00:00
FEDERALBNK,2022-05-06 13:30:00,2022-05-06 00:00:00
FEDERALBNK,2022-07-15 11:30:00,2022-07-15 00:00:00
FEDERALBNK,2022-10-14 11:30:00,2022-10-14 00:00:00
FEDERALBNK,2023-01-16 11:30:00,2023-01-16 00:00:00
FEDERALBNK,2023-05-05 12:30:00,2023-05-05 00:00:00
FEDERALBNK,2023-07-13 12:30:00,2023-07-13 00:00:00
FEDERALBNK,2023-10-16 12:30:00,2023-10-16 00:00:00
FEDERALBNK,2024-01-16 12:30:00,2024-01-16 00:00:00
FEDERALBNK,2024-05-02 12:30:00,2024-05-02 00:00:00
FEDERALBNK,2024-07-24 17:30:00,2024-07-25 00:00:00
FEDERALBNK,2024-10-28 18:30:00,2024-10-29 00:00:00
FEDERALBNK,2025-01-27 20:30:00,2025-01-28 00:00:00
FEDERALBNK,2025-04-30 16:30:00,2025-05-01 00:00:00
FEDERALBNK,2025-08-02 15:30:00,2025-08-04 00:00:00
FEDERALBNK,2025-10-18 11:30:00,2025-10-20 00:00:00
FEDERALBNK,2026-01-16 11:30:00,2026-01-16 00:00:00
FEDERALBNK,2026-04-29 13:30:00,2026-04-29 00:00:00
FEDERALBNK,2026-07-17 13:30:00,2026-07-17 00:00:00
FEDERALBNK,2026-10-15 15:30:00,2026-10-16 00:00:00
FLUOROCHEM,2020-07-30 15:30:00,2020-07-31 00:00:00
FLUOROCHEM,2020-11-12 13:30:00,2020-11-12 00:00:00
FLUOROCHEM,2021-02-09 13:30:00,2021-02-09 00:00:00
FLUOROCHEM,2021-08-13 11:30:00,2021-08-13 00:00:00
FLUOROCHEM,2022-01-28 16:30:00,2022-01-31 00:00:00
FLUOROCHEM,2022-07-27 12:30:00,2022-07-27 00:00:00
FLUOROCHEM,2022-10-18 17:30:00,2022-10-19 00:00:00
FLUOROCHEM,2023-02-07 13:30:00,2023-02-07 00:00:00
FLUOROCHEM,2023-08-05 13:30:00,2023-08-07 00:00:00
FLUOROCHEM,2023-11-03 16:30:00,2023-11-06 00:00:00
FLUOROCHEM,2024-02-07 12:30:00,2024-02-07 00:00:00
FLUOROCHEM,2024-05-06 15:30:00,2024-05-07 00:00:00
FLUOROCHEM,2024-08-13 12:30:00,2024-08-13 00:00:00
FLUOROCHEM,2024-10-29 13:30:00,2024-10-29 00:00:00
FLUOROCHEM,2025-01-29 12:30:00,2025-01-29 00:00:00
FLUOROCHEM,2025-05-27 13:30:00,2025-05-27 00:00:00
FLUOROCHEM,2025-08-05 13:30:00,2025-08-05 00:00:00
FLUOROCHEM,2025-11-11 15:30:00,2025-11-12 00:00:00
FLUOROCHEM,2026-02-12 12:30:00,2026-02-12 00:00:00
FLUOROCHEM,2026-05-26 15:30:00,2026-05-27 00:00:00
FLUOROCHEM,2026-08-12 13:30:00,2026-08-12 00:00:00
FLUOROCHEM,2026-11-13 15:30:00,2026-11-16 00:00:00
FORTIS,2011-02-08 09:30:00,2011-02-08 00:00:00
FORTIS,2011-05-27 16:30:00,2011-05-30 00:00:00
FORTIS,2014-02-11 18:30:00,2014-02-12 00:00:00
FORTIS,2014-05-29 14:30:00,2014-05-29 00:00:00
FORTIS,2014-08-07 20:30:00,2014-08-08 00:00:00
FORTIS,2014-11-13 18:30:00,2014-11-14 00:00:00
FORTIS,2015-02-13 14:30:00,2015-02-13 00:00:00
FORTIS,2015-11-04 20:30:00,2015-11-05 00:00:00
FORTIS,2016-02-04 19:30:00,2016-02-05 00:00:00
FORTIS,2016-08-04 16:30:00,2016-08-05 00:00:00
FORTIS,2016-11-10 18:30:00,2016-11-11 00:00:00
FORTIS,2017-02-14 19:30:00,2017-02-15 00:00:00
FORTIS,2017-05-30 05:30:00,2017-05-30 00:00:00
FORTIS,2017-08-04 15:30:00,2017-08-07 00:00:00
FORTIS,2018-03-01 00:30:00,2018-03-01 00:00:00
FORTIS,2018-06-27 04:30:00,2018-06-27 00:00:00
FORTIS,2018-08-14 19:30:00,2018-08-15 00:00:00
FORTIS,2018-11-05 19:30:00,2018-11-06 00:00:00
FORTIS,2019-02-13 20:30:00,2019-02-14 00:00:00
FORTIS,2019-05-25 11:30:00,2019-05-27 00:00:00
FORTIS,2019-08-06 17:30:00,2019-08-07 00:00:00
FORTIS,2019-11-06 17:30:00,2019-11-07 00:00:00
FORTIS,2020-02-14 20:30:00,2020-02-17 00:00:00
FORTIS,2020-06-17 19:30:00,2020-06-18 00:00:00
FORTIS,2020-08-14 17:30:00,2020-08-17 00:00:00
FORTIS,2020-11-12 19:30:00,2020-11-13 00:00:00
FORTIS,2021-02-05 19:30:00,2021-02-08 00:00:00
FORTIS,2021-05-29 18:30:00,2021-05-31 00:00:00
FORTIS,2021-08-13 17:30:00,2021-08-16 00:00:00
FORTIS,2021-11-12 18:30:00,2021-11-15 00:00:00
FORTIS,2022-02-11 19:30:00,2022-02-14 00:00:00
FORTIS,2022-05-25 19:30:00,2022-05-26 00:00:00
FORTIS,2022-08-05 20:30:00,2022-08-08 00:00:00
FORTIS,2022-11-11 17:30:00,2022-11-14 00:00:00
FORTIS,2023-02-10 19:30:00,2023-02-13 00:00:00
FORTIS,2023-05-23 20:30:00,2023-05-24 00:00:00
FORTIS,2023-08-04 19:30:00,2023-08-07 00:00:00
FORTIS,2023-11-10 18:30:00,2023-11-13 00:00:00
FORTIS,2024-02-07 19:30:00,2024-02-08 00:00:00
FORTIS,2024-05-23 18:30:00,2024-05-24 00:00:00
FORTIS,2024-08-06 19:30:00,2024-08-07 00:00:00
FORTIS,2024-11-08 17:30:00,2024-11-11 00:00:00
FORTIS,2025-02-07 17:30:00,2025-02-10 00:00:00
FORTIS,2025-05-20 18:30:00,2025-05-21 00:00:00
FORTIS,2025-08-06 05:30:00,2025-08-06 00:00:00
FORTIS,2025-11-11 19:30:00,2025-11-12 00:00:00
FORTIS,2026-02-13 18:30:00,2026-02-16 00:00:00
FORTIS,2026-05-22 19:30:00,2026-05-25 00:00:00
FORTIS,2026-08-06 18:30:00,2026-08-07 00:00:00
FORTIS,2026-11-13 15:30:00,2026-11-16 00:00:00
GAIL,2007-01-31 19:30:00,2007-02-01 00:00:00
GAIL,2007-05-08 18:30:00,2007-05-09 00:00:00
GAIL,2007-10-17 16:30:00,2007-10-18 00:00:00
GAIL,2008-01-31 19:30:00,2008-02-01 00:00:00
GAIL,2008-05-13 14:30:00,2008-05-13 00:00:00
GAIL,2008-07-29 14:30:00,2008-07-29 00:00:00
GAIL,2008-10-23 16:30:00,2008-10-24 00:00:00
GAIL,2009-01-28 15:30:00,2009-01-29 00:00:00
GAIL,2009-06-15 08:30:00,2009-06-15 00:00:00
GAIL,2009-07-25 18:30:00,2009-07-27 00:00:00
GAIL,2009-10-28 14:30:00,2009-10-28 00:00:00
GAIL,2010-01-18 14:30:00,2010-01-18 00:00:00
GAIL,2010-05-18 09:30:00,2010-05-18 00:00:00
GAIL,2010-08-02 15:30:00,2010-08-03 00:00:00
GAIL,2010-11-03 13:30:00,2010-11-03 00:00:00
GAIL,2011-01-18 13:30:00,2011-01-18 00:00:00
GAIL,2011-05-23 14:30:00,2011-05-23 00:00:00
GAIL,2011-07-27 12:30:00,2011-07-27 00:00:00
GAIL,2011-10-24 14:30:00,2011-10-24 00:00:00
GAIL,2012-01-23 16:30:00,2012-01-24 00:00:00
GAIL,2012-07-30 16:30:00,2012-07-31 00:00:00
GAIL,2012-08-09 12:30:00,2012-08-09 00:00:00
GAIL,2012-10-28 15:30:00,2012-10-29 00:00:00
GAIL,2013-02-14 19:30:00,2013-02-15 00:00:00
GAIL,2013-05-28 14:30:00,2013-05-28 00:00:00
GAIL,2013-07-25 18:30:00,2013-07-26 00:00:00
GAIL,2013-10-25 18:30:00,2013-10-28 00:00:00
GAIL,2014-01-29 13:30:00,2014-01-29 00:00:00
GAIL,2014-05-26 14:30:00,2014-05-26 00:00:00
GAIL,2014-08-11 19:30:00,2014-08-12 00:00:00
GAIL,2014-10-31 19:30:00,2014-11-03 00:00:00
GAIL,2015-02-06 21:30:00,2015-02-09 00:00:00
GAIL,2015-05-27 17:30:00,2015-05-28 00:00:00
GAIL,2015-07-23 20:30:00,2015-07-24 00:00:00
GAIL,2015-11-03 20:30:00,2015-11-04 00:00:00
GAIL,2016-02-09 18:30:00,2016-02-10 00:00:00
GAIL,2016-05-25 18:30:00,2016-05-26 00:00:00
GAIL,2016-09-07 17:30:00,2016-09-08 00:00:00
GAIL,2016-11-15 20:30:00,2016-11-16 00:00:00
GAIL,2017-02-10 16:30:00,2017-02-13 00:00:00
GAIL,2017-05-22 16:30:00,2017-05-23 00:00:00
GAIL,2017-08-10 17:30:00,2017-08-11 00:00:00
GAIL,2017-11-14 15:30:00,2017-11-15 00:00:00
GAIL,2018-02-12 17:30:00,2018-02-13 00:00:00
GAIL,2018-05-24 16:30:00,2018-05-25 00:00:00
GAIL,2018-08-10 14:30:00,2018-08-10 00:00:00
GAIL,2018-11-05 14:30:00,2018-11-05 00:00:00
GAIL,2019-02-05 18:30:00,2019-02-06 00:00:00
GAIL,2019-05-27 14:30:00,2019-05-27 00:00:00
GAIL,2019-08-09 14:30:00,2019-08-09 00:00:00
GAIL,2019-11-08 14:30:00,2019-11-08 00:00:00
GAIL,2020-02-10 14:30:00,2020-02-10 00:00:00
GAIL,2020-06-24 13:30:00,2020-06-24 00:00:00
GAIL,2020-08-13 13:30:00,2020-08-13 00:00:00
GAIL,2020-11-10 14:30:00,2020-11-10 00:00:00
GAIL,2021-02-10 13:30:00,2021-02-10 00:00:00
GAIL,2021-06-09 13:30:00,2021-06-09 00:00:00
GAIL,2021-08-05 14:30:00,2021-08-05 00:00:00
GAIL,2021-10-29 13:30:00,2021-10-29 00:00:00
GAIL,2022-02-03 13:30:00,2022-02-03 00:00:00
GAIL,2022-05-27 13:30:00,2022-05-27 00:00:00
GAIL,2022-08-04 12:30:00,2022-08-04 00:00:00
GAIL,2022-11-04 13:30:00,2022-11-04 00:00:00
GAIL,2023-01-30 16:30:00,2023-01-31 00:00:00
GAIL,2023-05-18 13:30:00,2023-05-18 00:00:00
GAIL,2023-07-31 14:30:00,2023-07-31 00:00:00
GAIL,2023-10-31 13:30:00,2023-10-31 00:00:00
GAIL,2024-01-29 14:30:00,2024-01-29 00:00:00
GAIL,2024-05-16 14:30:00,2024-05-16 00:00:00
GAIL,2024-07-30 17:30:00,2024-07-31 00:00:00
GAIL,2024-11-05 17:30:00,2024-11-06 00:00:00
GAIL,2025-01-30 13:30:00,2025-01-30 00:00:00
GAIL,2025-05-13 13:30:00,2025-05-13 00:00:00
GAIL,2025-07-28 17:30:00,2025-07-29 00:00:00
GAIL,2025-10-31 14:30:00,2025-10-31 00:00:00
GAIL,2026-01-31 17:30:00,2026-02-02 00:00:00
GAIL,2026-05-21 17:30:00,2026-05-22 00:00:00
GAIL,2026-07-31 13:30:00,2026-07-31 00:00:00
GAIL,2026-10-29 15:30:00,2026-10-30 00:00:00
GLAXO,2007-07-26 13:30:00,2007-07-26 00:00:00
GLAXO,2007-10-25 16:30:00,2007-10-26 00:00:00
GLAXO,2008-02-22 12:30:00,2008-02-22 00:00:00
GLAXO,2008-04-21 13:30:00,2008-04-21 00:00:00
GLAXO,2008-07-28 11:30:00,2008-07-28 00:00:00
GLAXO,2008-10-24 15:30:00,2008-10-27 00:00:00
GLAXO,2009-03-02 04:30:00,2009-03-02 00:00:00
GLAXO,2009-04-28 10:30:00,2009-04-28 00:00:00
GLAXO,2009-07-27 16:30:00,2009-07-28 00:00:00
GLAXO,2009-10-30 12:30:00,2009-10-30 00:00:00
GLAXO,2010-07-26 13:30:00,2010-07-26 00:00:00
GLAXO,2010-10-28 17:30:00,2010-10-29 00:00:00
GLAXO,2012-11-09 14:30:00,2012-11-09 00:00:00
GLAXO,2013-02-19 14:30:00,2013-02-19 00:00:00
GLAXO,2013-05-07 14:30:00,2013-05-07 00:00:00
GLAXO,2013-08-07 22:30:00,2013-08-08 00:00:00
GLAXO,2013-11-11 14:30:00,2013-11-11 00:00:00
GLAXO,2014-02-18 14:30:00,2014-02-18 00:00:00
GLAXO,2014-04-17 18:30:00,2014-04-18 00:00:00
GLAXO,2014-08-12 18:30:00,2014-08-13 00:00:00
GLAXO,2014-11-07 13:30:00,2014-11-07 00:00:00
GLAXO,2015-02-12 13:30:00,2015-02-12 00:00:00
GLAXO,2015-08-03 16:30:00,2015-08-04 00:00:00
GLAXO,2015-11-02 16:30:00,2015-11-03 00:00:00
GLAXO,2016-02-11 00:30:00,2016-02-11 00:00:00
GLAXO,2016-05-25 19:30:00,2016-05-26 00:00:00
GLAXO,2016-07-28 18:30:00,2016-07-29 00:00:00
GLAXO,2016-10-27 19:30:00,2016-10-28 00:00:00
GLAXO,2017-02-11 19:30:00,2017-02-13 00:00:00
GLAXO,2017-05-19 14:30:00,2017-05-19 00:00:00
GLAXO,2017-07-25 14:30:00,2017-07-25 00:00:00
GLAXO,2017-10-25 14:30:00,2017-10-25 00:00:00
GLAXO,2018-02-02 16:30:00,2018-02-05 00:00:00
GLAXO,2018-05-24 18:30:00,2018-05-25 00:00:00
GLAXO,2018-07-24 21:30:00,2018-07-25 00:00:00
GLAXO,2018-10-24 19:30:00,2018-10-25 00:00:00
GLAXO,2019-02-04 14:30:00,2019-02-04 00:00:00
GLAXO,2019-05-20 14:30:00,2019-05-20 00:00:00
GLAXO,2019-07-22 14:30:00,2019-07-22 00:00:00
GLAXO,2019-10-22 14:30:00,2019-10-22 00:00:00
GLAXO,2020-02-03 05:30:00,2020-02-03 00:00:00
GLAXO,2020-05-18 18:30:00,2020-05-19 00:00:00
GLAXO,2020-07-30 11:30:00,2020-07-30 00:00:00
GLAXO,2020-10-28 17:30:00,2020-10-29 00:00:00
GLAXO,2021-02-05 18:30:00,2021-02-08 00:00:00
GLAXO,2021-05-18 18:30:00,2021-05-19 00:00:00
GLAXO,2021-07-26 20:30:00,2021-07-27 00:00:00
GLAXO,2021-10-29 16:30:00,2021-11-01 00:00:00
GLAXO,2022-02-07 15:30:00,2022-02-08 00:00:00
GLAXO,2022-05-16 16:30:00,2022-05-17 00:00:00
GLAXO,2022-07-25 17:30:00,2022-07-26 00:00:00
GLAXO,2022-11-11 15:30:00,2022-11-14 00:00:00
GLAXO,2023-02-07 15:30:00,2023-02-08 00:00:00
GLAXO,2023-05-17 16:30:00,2023-05-18 00:00:00
GLAXO,2026-08-03 15:30:00,2026-08-04 00:00:00
GLENMARK,2006-10-31 12:30:00,2006-10-31 00:00:00
GLENMARK,2007-04-25 16:30:00,2007-04-26 00:00:00
GLENMARK,2007-07-30 11:30:00,2007-07-30 00:00:00
GLENMARK,2007-10-31 11:30:00,2007-10-31 00:00:00
GLENMARK,2008-01-21 12:30:00,2008-01-21 00:00:00
GLENMARK,2008-04-28 11:30:00,2008-04-28 00:00:00
GLENMARK,2008-07-28 12:30:00,2008-07-28 00:00:00
GLENMARK,2008-10-27 12:30:00,2008-10-27 00:00:00
GLENMARK,2009-01-27 14:30:00,2009-01-27 00:00:00
GLENMARK,2009-06-26 18:30:00,2009-06-29 00:00:00
GLENMARK,2009-07-29 04:30:00,2009-07-29 00:00:00
GLENMARK,2009-10-29 12:30:00,2009-10-29 00:00:00
GLENMARK,2010-01-29 18:30:00,2010-02-01 00:00:00
GLENMARK,2010-05-28 15:30:00,2010-05-31 00:00:00
GLENMARK,2010-07-28 00:30:00,2010-07-28 00:00:00
GLENMARK,2010-10-27 17:30:00,2010-10-28 00:00:00
GLENMARK,2011-02-01 13:30:00,2011-02-01 00:00:00
GLENMARK,2011-05-10 14:30:00,2011-05-10 00:00:00
GLENMARK,2011-07-26 18:30:00,2011-07-27 00:00:00
GLENMARK,2011-11-09 13:30:00,2011-11-09 00:00:00
GLENMARK,2012-01-31 13:30:00,2012-01-31 00:00:00
GLENMARK,2012-05-08 15:30:00,2012-05-09 00:00:00
GLENMARK,2012-08-02 16:30:00,2012-08-03 00:00:00
GLENMARK,2012-10-30 19:30:00,2012-10-31 00:00:00
GLENMARK,2013-01-29 18:30:00,2013-01-30 00:00:00
GLENMARK,2013-05-07 22:30:00,2013-05-08 00:00:00
GLENMARK,2013-08-01 22:30:00,2013-08-02 00:00:00
GLENMARK,2013-10-31 18:30:00,2013-11-01 00:00:00
GLENMARK,2014-01-24 18:30:00,2014-01-27 00:00:00
GLENMARK,2014-05-08 12:30:00,2014-05-08 00:00:00
GLENMARK,2014-07-24 21:30:00,2014-07-25 00:00:00
GLENMARK,2014-10-30 21:30:00,2014-10-31 00:00:00
GLENMARK,2015-02-12 22:30:00,2015-02-13 00:00:00
GLENMARK,2015-05-30 01:30:00,2015-06-01 00:00:00
GLENMARK,2015-07-30 21:30:00,2015-07-31 00:00:00
GLENMARK,2015-10-29 21:30:00,2015-10-30 00:00:00
GLENMARK,2016-01-28 21:30:00,2016-01-29 00:00:00
GLENMARK,2016-05-12 22:30:00,2016-05-13 00:00:00
GLENMARK,2016-08-12 10:30:00,2016-08-12 00:00:00
GLENMARK,2016-10-27 20:30:00,2016-10-28 00:00:00
GLENMARK,2017-02-02 20:30:00,2017-02-03 00:00:00
GLENMARK,2017-05-11 18:30:00,2017-05-12 00:00:00
GLENMARK,2017-07-27 16:30:00,2017-07-28 00:00:00
GLENMARK,2017-11-02 18:30:00,2017-11-03 00:00:00
GLENMARK,2018-02-08 15:30:00,2018-02-09 00:00:00
GLENMARK,2018-05-29 19:30:00,2018-05-30 00:00:00
GLENMARK,2018-08-10 18:30:00,2018-08-13 00:00:00
GLENMARK,2018-11-13 19:30:00,2018-11-14 00:00:00
GLENMARK,2019-02-14 17:30:00,2019-02-15 00:00:00
GLENMARK,2019-05-29 21:30:00,2019-05-30 00:00:00
GLENMARK,2019-08-13 18:30:00,2019-08-14 00:00:00
GLENMARK,2019-11-14 18:30:00,2019-11-15 00:00:00
GLENMARK,2020-02-14 19:30:00,2020-02-17 00:00:00
GLENMARK,2020-06-26 21:30:00,2020-06-29 00:00:00
GLENMARK,2020-08-14 22:30:00,2020-08-17 00:00:00
GLENMARK,2020-11-06 20:30:00,2020-11-09 00:00:00
GLENMARK,2021-02-12 21:30:00,2021-02-15 00:00:00
GLENMARK,2021-05-28 22:30:00,2021-05-31 00:00:00
GLENMARK,2021-08-13 21:30:00,2021-08-16 00:00:00
GLENMARK,2021-11-12 21:30:00,2021-11-15 00:00:00
GLENMARK,2022-02-11 22:30:00,2022-02-14 00:00:00
GLENMARK,2022-05-27 22:30:00,2022-05-30 00:00:00
GLENMARK,2022-08-10 18:30:00,2022-08-11 00:00:00
GLENMARK,2022-11-11 18:30:00,2022-11-14 00:00:00
GLENMARK,2023-02-10 19:30:00,2023-02-13 00:00:00
GLENMARK,2023-05-19 18:30:00,2023-05-22 00:00:00
GLENMARK,2023-08-11 17:30:00,2023-08-14 00:00:00
GLENMARK,2024-05-24 19:30:00,2024-05-27 00:00:00
GLENMARK,2024-08-14 17:30:00,2024-08-15 00:00:00
GLENMARK,2024-11-14 18:30:00,2024-11-15 00:00:00
GLENMARK,2025-02-14 17:30:00,2025-02-17 00:00:00
GLENMARK,2025-05-23 19:30:00,2025-05-26 00:00:00
GLENMARK,2025-08-14 16:30:00,2025-08-15 00:00:00
GLENMARK,2026-01-30 19:30:00,2026-02-02 00:00:00
GLENMARK,2026-05-29 19:30:00,2026-06-01 00:00:00
GLENMARK,2026-07-31 18:30:00,2026-08-03 00:00:00
GLENMARK,2026-10-30 15:30:00,2026-11-02 00:00:00
GMRAIRPORT,2007-06-30 20:30:00,2007-07-02 00:00:00
GMRAIRPORT,2008-05-21 12:30:00,2008-05-21 00:00:00
GMRAIRPORT,2008-07-30 08:30:00,2008-07-30 00:00:00
GMRAIRPORT,2009-01-30 09:30:00,2009-01-30 00:00:00
GMRAIRPORT,2009-08-01 23:30:00,2009-08-03 00:00:00
GMRAIRPORT,2009-10-27 08:30:00,2009-10-27 00:00:00
GMRAIRPORT,2010-01-29 07:30:00,2010-01-29 00:00:00
GMRAIRPORT,2010-05-25 08:30:00,2010-05-25 00:00:00
GMRAIRPORT,2010-08-10 02:30:00,2010-08-10 00:00:00
GMRAIRPORT,2010-11-10 18:30:00,2010-11-11 00:00:00
GMRAIRPORT,2011-02-10 14:30:00,2011-02-10 00:00:00
GMRAIRPORT,2011-05-31 20:30:00,2011-06-01 00:00:00
GMRAIRPORT,2011-08-10 18:30:00,2011-08-11 00:00:00
GMRAIRPORT,2011-11-10 15:30:00,2011-11-11 00:00:00
GMRAIRPORT,2012-02-08 04:30:00,2012-02-08 00:00:00
GMRAIRPORT,2012-05-30 04:30:00,2012-05-30 00:00:00
GMRAIRPORT,2012-11-13 18:30:00,2012-11-14 00:00:00
GMRAIRPORT,2013-02-09 10:30:00,2013-02-11 00:00:00
GMRAIRPORT,2013-05-31 10:30:00,2013-05-31 00:00:00
GMRAIRPORT,2013-08-14 10:30:00,2013-08-14 00:00:00
GMRAIRPORT,2014-02-12 07:30:00,2014-02-12 00:00:00
GMRAIRPORT,2020-08-27 15:30:00,2020-08-28 00:00:00
GMRAIRPORT,2020-11-10 21:30:00,2020-11-11 00:00:00
GMRAIRPORT,2021-02-12 16:30:00,2021-02-15 00:00:00
GMRAIRPORT,2021-06-18 19:30:00,2021-06-21 00:00:00
GMRAIRPORT,2021-08-13 19:30:00,2021-08-16 00:00:00
GMRAIRPORT,2021-11-12 18:30:00,2021-11-15 00:00:00
GMRAIRPORT,2022-05-17 20:30:00,2022-05-18 00:00:00
GMRAIRPORT,2022-07-29 17:30:00,2022-08-01 00:00:00
GMRAIRPORT,2022-11-14 17:30:00,2022-11-15 00:00:00
GMRAIRPORT,2023-02-15 10:30:00,2023-02-15 00:00:00
GMRAIRPORT,2023-05-27 14:30:00,2023-05-29 00:00:00
GMRAIRPORT,2023-08-14 16:30:00,2023-08-15 00:00:00
GMRAIRPORT,2023-10-30 17:30:00,2023-10-31 00:00:00
GMRAIRPORT,2024-02-01 14:30:00,2024-02-01 00:00:00
GMRAIRPORT,2024-05-29 19:30:00,2024-05-30 00:00:00
GMRAIRPORT,2024-08-13 21:30:00,2024-08-14 00:00:00
GMRAIRPORT,2024-10-24 20:30:00,2024-10-25 00:00:00
GMRAIRPORT,2025-01-28 20:30:00,2025-01-29 00:00:00
GMRAIRPORT,2025-05-22 22:30:00,2025-05-23 00:00:00
GMRAIRPORT,2025-07-29 20:30:00,2025-07-30 00:00:00
GMRAIRPORT,2025-11-13 19:30:00,2025-11-14 00:00:00
GMRAIRPORT,2026-02-13 19:30:00,2026-02-16 00:00:00
GMRAIRPORT,2026-05-27 21:30:00,2026-05-28 00:00:00
GMRAIRPORT,2026-08-12 19:30:00,2026-08-13 00:00:00
GMRAIRPORT,2026-11-12 15:30:00,2026-11-13 00:00:00
GODFRYPHLP,2011-11-04 14:30:00,2011-11-04 00:00:00
GODFRYPHLP,2012-05-30 04:30:00,2012-05-30 00:00:00
GODFRYPHLP,2013-02-01 14:30:00,2013-02-01 00:00:00
GODFRYPHLP,2013-05-29 18:30:00,2013-05-30 00:00:00
GODFRYPHLP,2013-07-29 10:30:00,2013-07-29 00:00:00
GODFRYPHLP,2013-11-09 18:30:00,2013-11-11 00:00:00
GODFRYPHLP,2014-02-04 22:30:00,2014-02-05 00:00:00
GODFRYPHLP,2014-05-28 10:30:00,2014-05-28 00:00:00
GODFRYPHLP,2019-11-14 13:30:00,2019-11-14 00:00:00
GODFRYPHLP,2020-02-07 15:30:00,2020-02-10 00:00:00
GODFRYPHLP,2020-06-30 16:30:00,2020-07-01 00:00:00
GODFRYPHLP,2023-01-27 17:30:00,2023-01-30 00:00:00
GODFRYPHLP,2023-05-27 14:30:00,2023-05-29 00:00:00
GODFRYPHLP,2025-02-13 17:30:00,2025-02-14 00:00:00
GODREJCP,2006-04-26 12:30:00,2006-04-26 00:00:00
GODREJCP,2006-07-20 12:30:00,2006-07-20 00:00:00
GODREJCP,2006-10-30 11:30:00,2006-10-30 00:00:00
GODREJCP,2007-04-25 17:30:00,2007-04-26 00:00:00
GODREJCP,2007-07-31 11:30:00,2007-07-31 00:00:00
GODREJCP,2007-10-22 23:30:00,2007-10-23 00:00:00
GODREJCP,2008-01-17 11:30:00,2008-01-17 00:00:00
GODREJCP,2008-04-28 12:30:00,2008-04-28 00:00:00
GODREJCP,2008-07-25 12:30:00,2008-07-25 00:00:00
GODREJCP,2008-10-24 15:30:00,2008-10-27 00:00:00
GODREJCP,2009-01-24 13:30:00,2009-01-26 00:00:00
GODREJCP,2009-06-30 05:30:00,2009-06-30 00:00:00
GODREJCP,2009-07-25 18:30:00,2009-07-27 00:00:00
GODREJCP,2009-10-30 10:30:00,2009-10-30 00:00:00
GODREJCP,2010-01-23 15:30:00,2010-01-25 00:00:00
GODREJCP,2010-11-01 18:30:00,2010-11-02 00:00:00
GODREJCP,2011-01-22 22:30:00,2011-01-24 00:00:00
GODREJCP,2011-05-02 14:30:00,2011-05-02 00:00:00
GODREJCP,2011-07-23 18:30:00,2011-07-25 00:00:00
GODREJCP,2011-10-21 18:30:00,2011-10-24 00:00:00
GODREJCP,2012-01-21 16:30:00,2012-01-23 00:00:00
GODREJCP,2012-04-30 17:30:00,2012-05-01 00:00:00
GODREJCP,2012-08-04 12:30:00,2012-08-06 00:00:00
GODREJCP,2012-11-03 18:30:00,2012-11-05 00:00:00
GODREJCP,2013-01-31 09:30:00,2013-01-31 00:00:00
GODREJCP,2013-04-30 14:30:00,2013-04-30 00:00:00
GODREJCP,2013-08-03 14:30:00,2013-08-05 00:00:00
GODREJCP,2013-11-11 14:30:00,2013-11-11 00:00:00
GODREJCP,2014-02-01 11:30:00,2014-02-03 00:00:00
GODREJCP,2014-04-30 22:30:00,2014-05-01 00:00:00
GODREJCP,2014-07-28 16:30:00,2014-07-29 00:00:00
GODREJCP,2014-11-03 07:30:00,2014-11-03 00:00:00
GODREJCP,2015-02-05 17:30:00,2015-02-06 00:00:00
GODREJCP,2015-04-28 17:30:00,2015-04-29 00:00:00
GODREJCP,2015-07-29 17:30:00,2015-07-30 00:00:00
GODREJCP,2015-10-24 16:30:00,2015-10-26 00:00:00
GODREJCP,2016-01-27 12:30:00,2016-01-27 00:00:00
GODREJCP,2016-05-03 17:30:00,2016-05-04 00:00:00
GODREJCP,2016-07-29 06:30:00,2016-07-29 00:00:00
GODREJCP,2016-11-07 16:30:00,2016-11-08 00:00:00
GODREJCP,2017-01-30 11:30:00,2017-01-30 00:00:00
GODREJCP,2017-05-09 12:30:00,2017-05-09 00:00:00
GODREJCP,2017-07-31 10:30:00,2017-07-31 00:00:00
GODREJCP,2017-11-01 12:30:00,2017-11-01 00:00:00
GODREJCP,2018-01-30 16:30:00,2018-01-31 00:00:00
GODREJCP,2018-05-08 12:30:00,2018-05-08 00:00:00
GODREJCP,2018-07-30 12:30:00,2018-07-30 00:00:00
GODREJCP,2018-11-02 13:30:00,2018-11-02 00:00:00
GODREJCP,2019-01-29 15:30:00,2019-01-30 00:00:00
GODREJCP,2019-05-03 13:30:00,2019-05-03 00:00:00
GODREJCP,2019-08-01 11:30:00,2019-08-01 00:00:00
GODREJCP,2019-11-06 12:30:00,2019-11-06 00:00:00
GODREJCP,2020-01-29 15:30:00,2020-01-30 00:00:00
GODREJCP,2020-05-13 15:30:00,2020-05-14 00:00:00
GODREJCP,2020-08-04 15:30:00,2020-08-05 00:00:00
GODREJCP,2020-11-05 15:30:00,2020-11-06 00:00:00
GODREJCP,2021-02-08 14:30:00,2021-02-08 00:00:00
GODREJCP,2021-05-11 15:30:00,2021-05-12 00:00:00
GODREJCP,2021-08-04 14:30:00,2021-08-04 00:00:00
GODREJCP,2021-11-11 14:30:00,2021-11-11 00:00:00
GODREJCP,2022-02-08 12:30:00,2022-02-08 00:00:00
GODREJCP,2022-05-19 15:30:00,2022-05-20 00:00:00
GODREJCP,2022-08-03 12:30:00,2022-08-03 00:00:00
GODREJCP,2022-11-08 14:30:00,2022-11-08 00:00:00
GODREJCP,2023-01-31 12:30:00,2023-01-31 00:00:00
GODREJCP,2023-05-10 15:30:00,2023-05-11 00:00:00
GODREJCP,2023-08-07 16:30:00,2023-08-08 00:00:00
GODREJCP,2023-11-01 16:30:00,2023-11-02 00:00:00
GODREJCP,2024-01-31 15:30:00,2024-02-01 00:00:00
GODREJCP,2024-05-06 22:30:00,2024-05-07 00:00:00
GODREJCP,2024-08-07 15:30:00,2024-08-08 00:00:00
GODREJCP,2024-10-24 15:30:00,2024-10-25 00:00:00
GODREJCP,2025-01-24 15:30:00,2025-01-27 00:00:00
GODREJCP,2025-05-06 06:30:00,2025-05-06 00:00:00
GODREJCP,2025-08-07 15:30:00,2025-08-08 00:00:00
GODREJCP,2025-10-31 16:30:00,2025-11-03 00:00:00
GODREJCP,2026-01-23 15:30:00,2026-01-26 00:00:00
GODREJCP,2026-05-06 15:30:00,2026-05-07 00:00:00
GODREJCP,2026-08-07 11:30:00,2026-08-07 00:00:00
GODREJCP,2026-10-29 15:30:00,2026-10-30 00:00:00
GODREJIND,2014-08-09 17:30:00,2014-08-11 00:00:00
GODREJIND,2014-11-10 20:30:00,2014-11-11 00:00:00
GODREJIND,2015-02-11 16:30:00,2015-02-12 00:00:00
GODREJIND,2019-02-13 16:30:00,2019-02-14 00:00:00
GODREJIND,2019-05-13 15:30:00,2019-05-14 00:00:00
GODREJIND,2026-11-13 15:30:00,2026-11-16 00:00:00
GODREJPROP,2011-05-07 18:30:00,2011-05-09 00:00:00
GODREJPROP,2012-05-05 13:30:00,2012-05-07 00:00:00
GODREJPROP,2012-07-29 16:30:00,2012-07-30 00:00:00
GODREJPROP,2012-11-01 14:30:00,2012-11-01 00:00:00
GODREJPROP,2013-01-30 09:30:00,2013-01-30 00:00:00
GODREJPROP,2013-05-09 14:30:00,2013-05-09 00:00:00
GODREJPROP,2013-07-27 14:30:00,2013-07-29 00:00:00
GODREJPROP,2013-10-30 18:30:00,2013-10-31 00:00:00
GODREJPROP,2014-01-29 09:30:00,2014-01-29 00:00:00
GODREJPROP,2014-05-02 10:30:00,2014-05-02 00:00:00
GODREJPROP,2014-08-02 17:30:00,2014-08-04 00:00:00
GODREJPROP,2014-11-06 17:30:00,2014-11-07 00:00:00
GODREJPROP,2015-01-27 17:30:00,2015-01-28 00:00:00
GODREJPROP,2015-04-30 18:30:00,2015-05-01 00:00:00
GODREJPROP,2015-08-04 17:30:00,2015-08-05 00:00:00
GODREJPROP,2015-11-04 15:30:00,2015-11-05 00:00:00
GODREJPROP,2016-02-02 17:30:00,2016-02-03 00:00:00
GODREJPROP,2016-05-05 18:30:00,2016-05-06 00:00:00
GODREJPROP,2016-08-09 17:30:00,2016-08-10 00:00:00
GODREJPROP,2016-11-09 11:30:00,2016-11-09 00:00:00
GODREJPROP,2017-02-02 17:30:00,2017-02-03 00:00:00
GODREJPROP,2017-05-04 18:30:00,2017-05-05 00:00:00
GODREJPROP,2017-08-02 12:30:00,2017-08-02 00:00:00
GODREJPROP,2017-11-03 12:30:00,2017-11-03 00:00:00
GODREJPROP,2018-02-02 23:30:00,2018-02-05 00:00:00
GODREJPROP,2018-05-04 11:30:00,2018-05-04 00:00:00
GODREJPROP,2018-08-02 12:30:00,2018-08-02 00:00:00
GODREJPROP,2018-11-01 12:30:00,2018-11-01 00:00:00
GODREJPROP,2019-01-28 12:30:00,2019-01-28 00:00:00
GODREJPROP,2019-04-30 11:30:00,2019-04-30 00:00:00
GODREJPROP,2019-08-08 13:30:00,2019-08-08 00:00:00
GODREJPROP,2019-11-05 12:30:00,2019-11-05 00:00:00
GODREJPROP,2020-02-03 11:30:00,2020-02-03 00:00:00
GODREJPROP,2020-05-11 10:30:00,2020-05-11 00:00:00
GODREJPROP,2020-08-05 11:30:00,2020-08-05 00:00:00
GODREJPROP,2020-11-03 11:30:00,2020-11-03 00:00:00
GODREJPROP,2021-02-04 10:30:00,2021-02-04 00:00:00
GODREJPROP,2021-05-03 09:30:00,2021-05-03 00:00:00
GODREJPROP,2021-08-03 13:30:00,2021-08-03 00:00:00
GODREJPROP,2021-11-02 10:30:00,2021-11-02 00:00:00
GODREJPROP,2022-02-03 11:30:00,2022-02-03 00:00:00
GODREJPROP,2022-05-03 11:30:00,2022-05-03 00:00:00
GODREJPROP,2022-08-02 12:30:00,2022-08-02 00:00:00
GODREJPROP,2022-11-09 11:30:00,2022-11-09 00:00:00
GODREJPROP,2023-02-02 12:30:00,2023-02-02 00:00:00
GODREJPROP,2023-05-03 12:30:00,2023-05-03 00:00:00
GODREJPROP,2023-08-02 11:30:00,2023-08-02 00:00:00
GODREJPROP,2023-11-02 12:30:00,2023-11-02 00:00:00
GODREJPROP,2024-02-06 12:30:00,2024-02-06 00:00:00
GODREJPROP,2024-05-03 12:30:00,2024-05-03 00:00:00
GODREJPROP,2024-07-31 10:30:00,2024-07-31 00:00:00
GODREJPROP,2024-10-23 11:30:00,2024-10-23 00:00:00
GODREJPROP,2025-02-04 12:30:00,2025-02-04 00:00:00
GODREJPROP,2025-05-02 12:30:00,2025-05-02 00:00:00
GODREJPROP,2025-08-01 12:30:00,2025-08-01 00:00:00
GODREJPROP,2025-11-06 11:30:00,2025-11-06 00:00:00
GODREJPROP,2026-02-05 12:30:00,2026-02-05 00:00:00
GODREJPROP,2026-05-04 12:30:00,2026-05-04 00:00:00
GODREJPROP,2026-08-04 10:30:00,2026-08-04 00:00:00
GODREJPROP,2026-11-05 15:30:00,2026-11-06 00:00:00
GRASIM,2004-10-28 12:30:00,2004-10-28 00:00:00
GRASIM,2005-01-28 13:30:00,2005-01-28 00:00:00
GRASIM,2005-04-29 13:30:00,2005-04-29 00:00:00
GRASIM,2005-07-27 12:30:00,2005-07-27 00:00:00
GRASIM,2006-04-27 12:30:00,2006-04-27 00:00:00
GRASIM,2006-07-30 12:30:00,2006-07-31 00:00:00
GRASIM,2006-10-18 15:30:00,2006-10-19 00:00:00
GRASIM,2007-01-23 12:30:00,2007-01-23 00:00:00
GRASIM,2007-04-25 15:30:00,2007-04-26 00:00:00
GRASIM,2007-07-28 13:30:00,2007-07-30 00:00:00
GRASIM,2007-10-27 19:30:00,2007-10-29 00:00:00
GRASIM,2008-01-22 13:30:00,2008-01-22 00:00:00
GRASIM,2008-04-29 13:30:00,2008-04-29 00:00:00
GRASIM,2008-07-25 13:30:00,2008-07-25 00:00:00
GRASIM,2008-10-23 13:30:00,2008-10-23 00:00:00
GRASIM,2009-01-31 13:30:00,2009-02-02 00:00:00
GRASIM,2009-05-19 17:30:00,2009-05-20 00:00:00
GRASIM,2009-07-28 13:30:00,2009-07-28 00:00:00
GRASIM,2009-10-29 16:30:00,2009-10-30 00:00:00
GRASIM,2010-01-22 16:30:00,2010-01-25 00:00:00
GRASIM,2010-05-21 04:30:00,2010-05-21 00:00:00
GRASIM,2010-08-01 02:30:00,2010-08-02 00:00:00
GRASIM,2010-10-29 04:30:00,2010-10-29 00:00:00
GRASIM,2011-01-25 18:30:00,2011-01-26 00:00:00
GRASIM,2011-05-11 14:30:00,2011-05-11 00:00:00
GRASIM,2011-07-30 14:30:00,2011-08-01 00:00:00
GRASIM,2011-10-22 18:30:00,2011-10-24 00:00:00
GRASIM,2012-01-24 20:30:00,2012-01-25 00:00:00
GRASIM,2012-05-05 13:30:00,2012-05-07 00:00:00
GRASIM,2013-01-31 14:30:00,2013-01-31 00:00:00
GRASIM,2013-08-03 10:30:00,2013-08-05 00:00:00
GRASIM,2013-10-30 14:30:00,2013-10-30 00:00:00
GRASIM,2014-02-01 16:30:00,2014-02-03 00:00:00
GRASIM,2014-05-02 18:30:00,2014-05-05 00:00:00
GRASIM,2014-08-05 18:30:00,2014-08-06 00:00:00
GRASIM,2014-10-29 13:30:00,2014-10-29 00:00:00
GRASIM,2015-01-31 12:30:00,2015-02-02 00:00:00
GRASIM,2015-05-04 04:30:00,2015-05-04 00:00:00
GRASIM,2015-08-07 14:30:00,2015-08-07 00:00:00
GRASIM,2015-10-30 16:30:00,2015-11-02 00:00:00
GRASIM,2016-02-01 14:30:00,2016-02-01 00:00:00
GRASIM,2016-05-07 19:30:00,2016-05-09 00:00:00
GRASIM,2016-08-11 22:30:00,2016-08-12 00:00:00
GRASIM,2016-10-28 12:30:00,2016-10-28 00:00:00
GRASIM,2017-01-30 12:30:00,2017-01-30 00:00:00
GRASIM,2017-05-19 23:30:00,2017-05-22 00:00:00
GRASIM,2017-08-14 14:30:00,2017-08-14 00:00:00
GRASIM,2017-11-14 13:30:00,2017-11-14 00:00:00
GRASIM,2018-02-14 14:30:00,2018-02-14 00:00:00
GRASIM,2018-05-23 14:30:00,2018-05-23 00:00:00
GRASIM,2018-08-14 14:30:00,2018-08-14 00:00:00
GRASIM,2018-11-14 19:30:00,2018-11-15 00:00:00
GRASIM,2019-02-07 14:30:00,2019-02-07 00:00:00
GRASIM,2019-05-24 15:30:00,2019-05-27 00:00:00
GRASIM,2019-08-14 14:30:00,2019-08-14 00:00:00
GRASIM,2019-11-14 14:30:00,2019-11-14 00:00:00
GRASIM,2020-02-10 16:30:00,2020-02-11 00:00:00
GRASIM,2020-06-13 16:30:00,2020-06-15 00:00:00
GRASIM,2020-08-13 14:30:00,2020-08-13 00:00:00
GRASIM,2020-11-12 16:30:00,2020-11-13 00:00:00
GRASIM,2021-02-12 13:30:00,2021-02-12 00:00:00
GRASIM,2021-05-24 15:30:00,2021-05-25 00:00:00
GRASIM,2021-08-13 13:30:00,2021-08-13 00:00:00
GRASIM,2021-11-12 18:30:00,2021-11-15 00:00:00
GRASIM,2022-02-14 13:30:00,2022-02-14 00:00:00
GRASIM,2022-05-24 15:30:00,2022-05-25 00:00:00
GRASIM,2022-08-12 13:30:00,2022-08-12 00:00:00
GRASIM,2022-11-14 13:30:00,2022-11-14 00:00:00
GRASIM,2023-02-14 14:30:00,2023-02-14 00:00:00
GRASIM,2023-05-26 13:30:00,2023-05-26 00:00:00
GRASIM,2023-08-10 13:30:00,2023-08-10 00:00:00
GRASIM,2023-11-13 19:30:00,2023-11-14 00:00:00
GRASIM,2024-02-08 19:30:00,2024-02-09 00:00:00
GRASIM,2024-05-22 21:30:00,2024-05-23 00:00:00
GRASIM,2024-08-09 14:30:00,2024-08-09 00:00:00
GRASIM,2024-11-14 19:30:00,2024-11-15 00:00:00
GRASIM,2025-02-10 19:30:00,2025-02-11 00:00:00
GRASIM,2025-05-22 19:30:00,2025-05-23 00:00:00
GRASIM,2025-08-08 13:30:00,2025-08-08 00:00:00
GRASIM,2025-11-05 13:30:00,2025-11-05 00:00:00
GRASIM,2026-02-10 17:30:00,2026-02-11 00:00:00
GRASIM,2026-05-20 14:30:00,2026-05-20 00:00:00
GRASIM,2026-08-12 14:30:00,2026-08-12 00:00:00
GRASIM,2026-11-05 15:30:00,2026-11-06 00:00:00
GROWW,2026-04-20 12:30:00,2026-04-20 00:00:00
GROWW,2026-07-15 11:30:00,2026-07-15 00:00:00
HAL,2020-02-13 14:30:00,2020-02-13 00:00:00
HAL,2020-06-25 14:30:00,2020-06-25 00:00:00
HAL,2021-06-28 14:30:00,2021-06-28 00:00:00
HAL,2021-08-13 12:30:00,2021-08-13 00:00:00
HAL,2021-11-11 14:30:00,2021-11-11 00:00:00
HAL,2023-02-09 15:30:00,2023-02-10 00:00:00
HAL,2023-05-12 12:30:00,2023-05-12 00:00:00
HAL,2023-08-11 14:30:00,2023-08-11 00:00:00
HAL,2023-11-10 13:30:00,2023-11-10 00:00:00
HAL,2024-02-12 15:30:00,2024-02-13 00:00:00
HAL,2024-05-16 13:30:00,2024-05-16 00:00:00
HAL,2024-08-14 13:30:00,2024-08-14 00:00:00
HAL,2024-11-14 12:30:00,2024-11-14 00:00:00
HAL,2025-02-12 13:30:00,2025-02-12 00:00:00
HAL,2025-05-14 12:30:00,2025-05-14 00:00:00
HAL,2025-08-12 13:30:00,2025-08-12 00:00:00
HAL,2025-11-12 13:30:00,2025-11-12 00:00:00
HAL,2026-02-12 12:30:00,2026-02-12 00:00:00
HAL,2026-05-14 12:30:00,2026-05-14 00:00:00
HAL,2026-08-12 13:30:00,2026-08-12 00:00:00
HAL,2026-11-11 15:30:00,2026-11-12 00:00:00
HAVELLS,2011-01-28 18:30:00,2011-01-31 00:00:00
HAVELLS,2011-05-27 12:30:00,2011-05-27 00:00:00
HAVELLS,2011-08-01 16:30:00,2011-08-02 00:00:00
HAVELLS,2011-10-31 14:30:00,2011-10-31 00:00:00
HAVELLS,2012-01-30 18:30:00,2012-01-31 00:00:00
HAVELLS,2012-05-30 16:30:00,2012-05-31 00:00:00
HAVELLS,2012-07-30 12:30:00,2012-07-30 00:00:00
HAVELLS,2012-10-29 14:30:00,2012-10-29 00:00:00
HAVELLS,2013-01-23 09:30:00,2013-01-23 00:00:00
HAVELLS,2013-05-28 10:30:00,2013-05-28 00:00:00
HAVELLS,2013-07-30 14:30:00,2013-07-30 00:00:00
HAVELLS,2013-10-31 04:30:00,2013-10-31 00:00:00
HAVELLS,2014-01-30 04:30:00,2014-01-30 00:00:00
HAVELLS,2014-05-28 10:30:00,2014-05-28 00:00:00
HAVELLS,2014-07-28 17:30:00,2014-07-29 00:00:00
HAVELLS,2014-10-22 18:30:00,2014-10-23 00:00:00
HAVELLS,2015-01-28 20:30:00,2015-01-29 00:00:00
HAVELLS,2015-05-11 13:30:00,2015-05-11 00:00:00
HAVELLS,2015-07-25 18:30:00,2015-07-27 00:00:00
HAVELLS,2015-11-09 21:30:00,2015-11-10 00:00:00
HAVELLS,2016-01-28 04:30:00,2016-01-28 00:00:00
HAVELLS,2016-05-11 14:30:00,2016-05-11 00:00:00
HAVELLS,2016-07-23 16:30:00,2016-07-25 00:00:00
HAVELLS,2016-10-18 16:30:00,2016-10-19 00:00:00
HAVELLS,2017-01-17 13:30:00,2017-01-17 00:00:00
HAVELLS,2017-05-11 12:30:00,2017-05-11 00:00:00
HAVELLS,2017-07-20 03:30:00,2017-07-20 00:00:00
HAVELLS,2017-10-23 12:30:00,2017-10-23 00:00:00
HAVELLS,2018-01-22 13:30:00,2018-01-22 00:00:00
HAVELLS,2018-05-11 13:30:00,2018-05-11 00:00:00
HAVELLS,2018-07-20 15:30:00,2018-07-23 00:00:00
HAVELLS,2018-10-17 16:30:00,2018-10-18 00:00:00
HAVELLS,2019-01-22 13:30:00,2019-01-22 00:00:00
HAVELLS,2019-05-29 11:30:00,2019-05-29 00:00:00
HAVELLS,2019-07-27 12:30:00,2019-07-29 00:00:00
HAVELLS,2019-10-23 14:30:00,2019-10-23 00:00:00
HAVELLS,2020-01-21 17:30:00,2020-01-22 00:00:00
HAVELLS,2020-05-12 16:30:00,2020-05-13 00:00:00
HAVELLS,2020-07-27 13:30:00,2020-07-27 00:00:00
HAVELLS,2020-10-29 13:30:00,2020-10-29 00:00:00
HAVELLS,2021-01-20 16:30:00,2021-01-21 00:00:00
HAVELLS,2021-05-20 16:30:00,2021-05-21 00:00:00
HAVELLS,2021-07-21 14:30:00,2021-07-21 00:00:00
HAVELLS,2021-10-20 16:30:00,2021-10-21 00:00:00
HAVELLS,2022-01-20 17:30:00,2022-01-21 00:00:00
HAVELLS,2022-05-04 17:30:00,2022-05-05 00:00:00
HAVELLS,2022-07-20 17:30:00,2022-07-21 00:00:00
HAVELLS,2022-10-19 17:30:00,2022-10-20 00:00:00
HAVELLS,2023-01-19 13:30:00,2023-01-19 00:00:00
HAVELLS,2023-05-03 13:30:00,2023-05-03 00:00:00
HAVELLS,2023-07-20 12:30:00,2023-07-20 00:00:00
HAVELLS,2023-10-19 16:30:00,2023-10-20 00:00:00
HAVELLS,2024-01-23 18:30:00,2024-01-24 00:00:00
HAVELLS,2024-04-30 15:30:00,2024-05-01 00:00:00
HAVELLS,2024-07-18 13:30:00,2024-07-18 00:00:00
HAVELLS,2024-10-17 14:30:00,2024-10-17 00:00:00
HAVELLS,2025-01-16 17:30:00,2025-01-17 00:00:00
HAVELLS,2025-04-22 16:30:00,2025-04-23 00:00:00
HAVELLS,2025-07-21 15:30:00,2025-07-22 00:00:00
HAVELLS,2025-10-17 15:30:00,2025-10-20 00:00:00
HAVELLS,2026-01-19 16:30:00,2026-01-20 00:00:00
HAVELLS,2026-04-22 14:30:00,2026-04-22 00:00:00
HAVELLS,2026-07-17 13:30:00,2026-07-17 00:00:00
HAVELLS,2026-10-15 15:30:00,2026-10-16 00:00:00
HCLTECH,2004-10-25 17:30:00,2004-10-26 00:00:00
HCLTECH,2005-01-25 15:30:00,2005-01-26 00:00:00
HCLTECH,2005-04-25 14:30:00,2005-04-25 00:00:00
HCLTECH,2005-08-23 09:30:00,2005-08-23 00:00:00
HCLTECH,2005-10-25 09:30:00,2005-10-25 00:00:00
HCLTECH,2006-01-18 09:30:00,2006-01-18 00:00:00
HCLTECH,2006-08-19 09:30:00,2006-08-21 00:00:00
HCLTECH,2006-10-16 17:30:00,2006-10-17 00:00:00
HCLTECH,2007-01-15 16:30:00,2007-01-16 00:00:00
HCLTECH,2007-04-17 15:30:00,2007-04-18 00:00:00
HCLTECH,2007-08-13 16:30:00,2007-08-14 00:00:00
HCLTECH,2007-10-16 15:30:00,2007-10-17 00:00:00
HCLTECH,2008-01-17 15:30:00,2008-01-18 00:00:00
HCLTECH,2008-04-15 17:30:00,2008-04-16 00:00:00
HCLTECH,2008-08-01 15:30:00,2008-08-04 00:00:00
HCLTECH,2008-10-15 16:30:00,2008-10-16 00:00:00
HCLTECH,2009-01-23 15:30:00,2009-01-26 00:00:00
HCLTECH,2009-04-22 08:30:00,2009-04-22 00:00:00
HCLTECH,2009-08-25 08:30:00,2009-08-25 00:00:00
HCLTECH,2009-10-28 08:30:00,2009-10-28 00:00:00
HCLTECH,2010-01-25 07:30:00,2010-01-25 00:00:00
HCLTECH,2010-04-21 14:30:00,2010-04-21 00:00:00
HCLTECH,2010-07-30 04:30:00,2010-07-30 00:00:00
HCLTECH,2010-10-21 04:30:00,2010-10-21 00:00:00
HCLTECH,2011-01-20 04:30:00,2011-01-20 00:00:00
HCLTECH,2011-04-20 10:30:00,2011-04-20 00:00:00
HCLTECH,2011-07-27 18:30:00,2011-07-28 00:00:00
HCLTECH,2011-10-19 02:30:00,2011-10-19 00:00:00
HCLTECH,2012-01-18 12:30:00,2012-01-18 00:00:00
HCLTECH,2012-04-18 13:30:00,2012-04-18 00:00:00
HCLTECH,2012-07-25 20:30:00,2012-07-26 00:00:00
HCLTECH,2012-10-17 06:30:00,2012-10-17 00:00:00
HCLTECH,2013-01-17 05:30:00,2013-01-17 00:00:00
HCLTECH,2013-04-17 10:30:00,2013-04-17 00:00:00
HCLTECH,2013-07-31 06:30:00,2013-07-31 00:00:00
HCLTECH,2013-10-18 15:30:00,2013-10-21 00:00:00
HCLTECH,2014-01-16 10:30:00,2014-01-16 00:00:00
HCLTECH,2014-04-17 10:30:00,2014-04-17 00:00:00
HCLTECH,2014-07-31 13:30:00,2014-07-31 00:00:00
HCLTECH,2014-10-17 13:30:00,2014-10-17 00:00:00
HCLTECH,2015-01-30 15:30:00,2015-02-02 00:00:00
HCLTECH,2015-04-21 14:30:00,2015-04-21 00:00:00
HCLTECH,2015-08-03 08:30:00,2015-08-03 00:00:00
HCLTECH,2015-10-19 08:30:00,2015-10-19 00:00:00
HCLTECH,2016-01-19 08:30:00,2016-01-19 00:00:00
HCLTECH,2016-04-28 15:30:00,2016-04-29 00:00:00
HCLTECH,2016-08-03 13:30:00,2016-08-03 00:00:00
HCLTECH,2016-10-21 13:30:00,2016-10-21 00:00:00
HCLTECH,2017-01-24 07:30:00,2017-01-24 00:00:00
HCLTECH,2017-05-11 08:30:00,2017-05-11 00:00:00
HCLTECH,2017-07-27 08:30:00,2017-07-27 00:00:00
HCLTECH,2017-10-25 08:30:00,2017-10-25 00:00:00
HCLTECH,2018-01-19 08:30:00,2018-01-19 00:00:00
HCLTECH,2018-05-02 07:30:00,2018-05-02 00:00:00
HCLTECH,2018-07-27 16:30:00,2018-07-30 00:00:00
HCLTECH,2018-10-23 16:30:00,2018-10-24 00:00:00
HCLTECH,2019-01-29 16:30:00,2019-01-30 00:00:00
HCLTECH,2019-05-09 15:30:00,2019-05-10 00:00:00
HCLTECH,2019-08-07 18:30:00,2019-08-08 00:00:00
HCLTECH,2019-10-23 16:30:00,2019-10-24 00:00:00
HCLTECH,2020-01-17 16:30:00,2020-01-20 00:00:00
HCLTECH,2020-05-07 10:30:00,2020-05-07 00:00:00
HCLTECH,2020-07-17 09:30:00,2020-07-17 00:00:00
HCLTECH,2020-10-16 09:30:00,2020-10-16 00:00:00
HCLTECH,2021-01-15 08:30:00,2021-01-15 00:00:00
HCLTECH,2021-04-23 17:30:00,2021-04-26 00:00:00
HCLTECH,2021-07-19 18:30:00,2021-07-20 00:00:00
HCLTECH,2021-10-14 18:30:00,2021-10-15 00:00:00
HCLTECH,2022-01-15 07:30:00,2022-01-17 00:00:00
HCLTECH,2022-04-21 05:30:00,2022-04-21 00:00:00
HCLTECH,2022-07-12 17:30:00,2022-07-13 00:00:00
HCLTECH,2022-10-12 15:30:00,2022-10-13 00:00:00
HCLTECH,2023-01-12 05:30:00,2023-01-12 00:00:00
HCLTECH,2023-04-20 16:30:00,2023-04-21 00:00:00
HCLTECH,2023-07-13 04:30:00,2023-07-13 00:00:00
HCLTECH,2023-10-13 02:30:00,2023-10-13 00:00:00
HCLTECH,2024-01-12 17:30:00,2024-01-15 00:00:00
HCLTECH,2024-04-26 17:30:00,2024-04-29 00:00:00
HCLTECH,2024-07-12 17:30:00,2024-07-15 00:00:00
HCLTECH,2024-10-14 16:30:00,2024-10-15 00:00:00
HCLTECH,2025-01-13 17:30:00,2025-01-14 00:00:00
HCLTECH,2025-04-22 17:30:00,2025-04-23 00:00:00
HCLTECH,2025-07-14 17:30:00,2025-07-15 00:00:00
HCLTECH,2025-10-13 17:30:00,2025-10-14 00:00:00
HCLTECH,2026-01-12 16:30:00,2026-01-13 00:00:00
HCLTECH,2026-04-21 17:30:00,2026-04-22 00:00:00
HCLTECH,2026-07-13 17:30:00,2026-07-14 00:00:00
HCLTECH,2026-10-12 15:30:00,2026-10-13 00:00:00
HDBFS,2025-10-15 16:30:00,2025-10-16 00:00:00
HDBFS,2026-01-15 04:30:00,2026-01-15 00:00:00
HDBFS,2026-04-15 22:30:00,2026-04-16 00:00:00
HDBFS,2026-07-15 17:30:00,2026-07-16 00:00:00
HDFCAMC,2018-10-29 17:30:00,2018-10-30 00:00:00
HDFCAMC,2019-01-21 18:30:00,2019-01-22 00:00:00
HDFCAMC,2019-04-26 16:30:00,2019-04-29 00:00:00
HDFCAMC,2019-07-16 14:30:00,2019-07-16 00:00:00
HDFCAMC,2019-10-25 17:30:00,2019-10-28 00:00:00
HDFCAMC,2020-01-21 17:30:00,2020-01-22 00:00:00
HDFCAMC,2020-05-09 18:30:00,2020-05-11 00:00:00
HDFCAMC,2020-07-23 13:30:00,2020-07-23 00:00:00
HDFCAMC,2020-10-22 16:30:00,2020-10-23 00:00:00
HDFCAMC,2021-01-20 15:30:00,2021-01-21 00:00:00
HDFCAMC,2021-04-27 15:30:00,2021-04-28 00:00:00
HDFCAMC,2021-07-16 13:30:00,2021-07-16 00:00:00
HDFCAMC,2021-10-25 15:30:00,2021-10-26 00:00:00
HDFCAMC,2022-01-24 15:30:00,2022-01-25 00:00:00
HDFCAMC,2022-04-27 16:30:00,2022-04-28 00:00:00
HDFCAMC,2022-07-22 13:30:00,2022-07-22 00:00:00
HDFCAMC,2022-10-19 13:30:00,2022-10-19 00:00:00
HDFCAMC,2023-01-24 14:30:00,2023-01-24 00:00:00
HDFCAMC,2023-04-25 14:30:00,2023-04-25 00:00:00
HDFCAMC,2023-07-24 13:30:00,2023-07-24 00:00:00
HDFCAMC,2023-10-12 13:30:00,2023-10-12 00:00:00
HDFCAMC,2024-01-11 13:30:00,2024-01-11 00:00:00
HDFCAMC,2024-04-19 15:30:00,2024-04-22 00:00:00
HDFCAMC,2024-07-15 14:30:00,2024-07-15 00:00:00
HDFCAMC,2024-10-15 14:30:00,2024-10-15 00:00:00
HDFCAMC,2025-01-14 14:30:00,2025-01-14 00:00:00
HDFCAMC,2025-04-17 14:30:00,2025-04-17 00:00:00
HDFCAMC,2025-07-17 13:30:00,2025-07-17 00:00:00
HDFCAMC,2025-10-15 14:30:00,2025-10-15 00:00:00
HDFCAMC,2026-01-14 14:30:00,2026-01-14 00:00:00
HDFCAMC,2026-04-16 12:30:00,2026-04-16 00:00:00
HDFCAMC,2026-07-15 14:30:00,2026-07-15 00:00:00
HDFCAMC,2026-10-15 15:30:00,2026-10-16 00:00:00
HDFCBANK,2004-10-21 13:30:00,2004-10-21 00:00:00
HDFCBANK,2005-01-08 14:30:00,2005-01-10 00:00:00
HDFCBANK,2005-04-13 12:30:00,2005-04-13 00:00:00
HDFCBANK,2006-04-17 13:30:00,2006-04-17 00:00:00
HDFCBANK,2006-07-14 11:30:00,2006-07-14 00:00:00
HDFCBANK,2006-10-17 11:30:00,2006-10-17 00:00:00
HDFCBANK,2007-01-11 13:30:00,2007-01-11 00:00:00
HDFCBANK,2007-04-24 15:30:00,2007-04-25 00:00:00
HDFCBANK,2007-07-10 13:30:00,2007-07-10 00:00:00
HDFCBANK,2007-10-12 12:30:00,2007-10-12 00:00:00
HDFCBANK,2008-01-21 16:30:00,2008-01-22 00:00:00
HDFCBANK,2008-04-24 13:30:00,2008-04-24 00:00:00
HDFCBANK,2008-07-28 13:30:00,2008-07-28 00:00:00
HDFCBANK,2008-10-16 15:30:00,2008-10-17 00:00:00
HDFCBANK,2009-01-14 12:30:00,2009-01-14 00:00:00
HDFCBANK,2009-04-23 17:30:00,2009-04-24 00:00:00
HDFCBANK,2009-07-14 11:30:00,2009-07-14 00:00:00
HDFCBANK,2009-10-14 12:30:00,2009-10-14 00:00:00
HDFCBANK,2010-01-15 13:30:00,2010-01-15 00:00:00
HDFCBANK,2010-04-24 15:30:00,2010-04-26 00:00:00
HDFCBANK,2010-07-21 11:30:00,2010-07-21 00:00:00
HDFCBANK,2010-10-19 20:30:00,2010-10-20 00:00:00
HDFCBANK,2011-01-27 13:30:00,2011-01-27 00:00:00
HDFCBANK,2011-04-18 18:30:00,2011-04-19 00:00:00
HDFCBANK,2011-07-19 16:30:00,2011-07-20 00:00:00
HDFCBANK,2011-10-20 11:30:00,2011-10-20 00:00:00
HDFCBANK,2012-01-19 11:30:00,2012-01-19 00:00:00
HDFCBANK,2012-04-18 12:30:00,2012-04-18 00:00:00
HDFCBANK,2012-07-13 16:30:00,2012-07-16 00:00:00
HDFCBANK,2012-10-12 14:30:00,2012-10-12 00:00:00
HDFCBANK,2013-01-18 14:30:00,2013-01-18 00:00:00
HDFCBANK,2013-04-23 14:30:00,2013-04-23 00:00:00
HDFCBANK,2013-07-17 14:30:00,2013-07-17 00:00:00
HDFCBANK,2013-10-15 14:30:00,2013-10-15 00:00:00
HDFCBANK,2014-01-17 09:30:00,2014-01-17 00:00:00
HDFCBANK,2014-04-22 14:30:00,2014-04-22 00:00:00
HDFCBANK,2014-07-21 10:30:00,2014-07-21 00:00:00
HDFCBANK,2014-10-21 13:30:00,2014-10-21 00:00:00
HDFCBANK,2015-02-14 11:30:00,2015-02-16 00:00:00
HDFCBANK,2015-04-23 14:30:00,2015-04-23 00:00:00
HDFCBANK,2015-07-21 11:30:00,2015-07-21 00:00:00
HDFCBANK,2015-10-21 12:30:00,2015-10-21 00:00:00
HDFCBANK,2016-01-25 13:30:00,2016-01-25 00:00:00
HDFCBANK,2016-04-22 12:30:00,2016-04-22 00:00:00
HDFCBANK,2016-07-21 11:30:00,2016-07-21 00:00:00
HDFCBANK,2016-10-25 12:30:00,2016-10-25 00:00:00
HDFCBANK,2017-01-24 12:30:00,2017-01-24 00:00:00
HDFCBANK,2017-04-21 12:30:00,2017-04-21 00:00:00
HDFCBANK,2017-07-24 11:30:00,2017-07-24 00:00:00
HDFCBANK,2017-10-24 12:30:00,2017-10-24 00:00:00
HDFCBANK,2018-01-19 11:30:00,2018-01-19 00:00:00
HDFCBANK,2018-04-21 17:30:00,2018-04-23 00:00:00
HDFCBANK,2018-07-21 14:30:00,2018-07-23 00:00:00
HDFCBANK,2018-10-20 15:30:00,2018-10-22 00:00:00
HDFCBANK,2019-01-19 16:30:00,2019-01-21 00:00:00
HDFCBANK,2019-04-20 17:30:00,2019-04-22 00:00:00
HDFCBANK,2019-07-20 15:30:00,2019-07-22 00:00:00
HDFCBANK,2019-10-19 21:30:00,2019-10-21 00:00:00
HDFCBANK,2020-01-18 15:30:00,2020-01-20 00:00:00
HDFCBANK,2020-04-18 14:30:00,2020-04-20 00:00:00
HDFCBANK,2020-07-18 12:30:00,2020-07-20 00:00:00
HDFCBANK,2020-10-17 16:30:00,2020-10-19 00:00:00
HDFCBANK,2021-01-16 16:30:00,2021-01-18 00:00:00
HDFCBANK,2021-04-17 14:30:00,2021-04-19 00:00:00
HDFCBANK,2021-07-17 12:30:00,2021-07-19 00:00:00
HDFCBANK,2021-10-16 14:30:00,2021-10-18 00:00:00
HDFCBANK,2022-01-15 13:30:00,2022-01-17 00:00:00
HDFCBANK,2022-04-16 13:30:00,2022-04-18 00:00:00
HDFCBANK,2022-07-16 13:30:00,2022-07-18 00:00:00
HDFCBANK,2022-10-15 13:30:00,2022-10-17 00:00:00
HDFCBANK,2023-01-14 12:30:00,2023-01-16 00:00:00
HDFCBANK,2023-04-15 13:30:00,2023-04-17 00:00:00
HDFCBANK,2023-07-17 12:30:00,2023-07-17 00:00:00
HDFCBANK,2023-10-16 15:30:00,2023-10-17 00:00:00
HDFCBANK,2024-01-16 15:30:00,2024-01-17 00:00:00
HDFCBANK,2024-04-20 14:30:00,2024-04-22 00:00:00
HDFCBANK,2024-07-20 13:30:00,2024-07-22 00:00:00
HDFCBANK,2024-10-19 13:30:00,2024-10-21 00:00:00
HDFCBANK,2025-01-22 13:30:00,2025-01-22 00:00:00
HDFCBANK,2025-04-19 14:30:00,2025-04-21 00:00:00
HDFCBANK,2025-07-19 15:30:00,2025-07-21 00:00:00
HDFCBANK,2025-10-18 13:30:00,2025-10-20 00:00:00
HDFCBANK,2026-01-17 19:30:00,2026-01-19 00:00:00
HDFCBANK,2026-04-18 14:30:00,2026-04-20 00:00:00
HDFCBANK,2026-07-18 13:30:00,2026-07-20 00:00:00
HDFCBANK,2026-10-17 15:30:00,2026-10-19 00:00:00
HDFCLIFE,2018-04-18 17:30:00,2018-04-19 00:00:00
HDFCLIFE,2018-08-13 20:30:00,2018-08-14 00:00:00
HDFCLIFE,2018-10-23 16:30:00,2018-10-24 00:00:00
HDFCLIFE,2019-01-22 16:30:00,2019-01-23 00:00:00
HDFCLIFE,2019-04-26 13:30:00,2019-04-26 00:00:00
HDFCLIFE,2019-07-23 12:30:00,2019-07-23 00:00:00
HDFCLIFE,2019-10-23 13:30:00,2019-10-23 00:00:00
HDFCLIFE,2020-01-23 15:30:00,2020-01-24 00:00:00
HDFCLIFE,2020-04-27 15:30:00,2020-04-28 00:00:00
HDFCLIFE,2020-07-21 14:30:00,2020-07-21 00:00:00
HDFCLIFE,2020-10-19 15:30:00,2020-10-20 00:00:00
HDFCLIFE,2021-01-22 15:30:00,2021-01-25 00:00:00
HDFCLIFE,2021-04-26 14:30:00,2021-04-26 00:00:00
HDFCLIFE,2021-07-19 13:30:00,2021-07-19 00:00:00
HDFCLIFE,2021-10-22 13:30:00,2021-10-22 00:00:00
HDFCLIFE,2022-01-21 13:30:00,2022-01-21 00:00:00
HDFCLIFE,2022-04-26 14:30:00,2022-04-26 00:00:00
HDFCLIFE,2022-07-19 13:30:00,2022-07-19 00:00:00
HDFCLIFE,2022-10-21 13:30:00,2022-10-21 00:00:00
HDFCLIFE,2023-01-20 13:30:00,2023-01-20 00:00:00
HDFCLIFE,2023-04-26 15:30:00,2023-04-27 00:00:00
HDFCLIFE,2023-07-21 13:30:00,2023-07-21 00:00:00
HDFCLIFE,2023-10-13 06:30:00,2023-10-13 00:00:00
HDFCLIFE,2024-01-12 14:30:00,2024-01-12 00:00:00
HDFCLIFE,2024-04-18 13:30:00,2024-04-18 00:00:00
HDFCLIFE,2024-07-15 13:30:00,2024-07-15 00:00:00
HDFCLIFE,2024-10-15 13:30:00,2024-10-15 00:00:00
HDFCLIFE,2025-01-15 15:30:00,2025-01-16 00:00:00
HDFCLIFE,2025-04-17 15:30:00,2025-04-18 00:00:00
HDFCLIFE,2025-07-15 15:30:00,2025-07-16 00:00:00
HDFCLIFE,2025-10-15 20:30:00,2025-10-16 00:00:00
HDFCLIFE,2026-01-15 16:30:00,2026-01-16 00:00:00
HDFCLIFE,2026-04-16 15:30:00,2026-04-17 00:00:00
HDFCLIFE,2026-07-15 15:30:00,2026-07-16 00:00:00
HDFCLIFE,2026-10-15 15:30:00,2026-10-16 00:00:00
HEROMOTOCO,2005-01-13 15:30:00,2005-01-14 00:00:00
HEROMOTOCO,2005-04-12 16:30:00,2005-04-13 00:00:00
HEROMOTOCO,2005-07-18 14:30:00,2005-07-18 00:00:00
HEROMOTOCO,2005-10-15 05:30:00,2005-10-17 00:00:00
HEROMOTOCO,2006-01-30 13:30:00,2006-01-30 00:00:00
HEROMOTOCO,2006-05-30 14:30:00,2006-05-30 00:00:00
HEROMOTOCO,2007-01-31 11:30:00,2007-01-31 00:00:00
HEROMOTOCO,2007-05-11 15:30:00,2007-05-14 00:00:00
HEROMOTOCO,2007-07-24 12:30:00,2007-07-24 00:00:00
HEROMOTOCO,2007-10-18 15:30:00,2007-10-19 00:00:00
HEROMOTOCO,2008-02-01 10:30:00,2008-02-01 00:00:00
HEROMOTOCO,2008-04-24 16:30:00,2008-04-25 00:00:00
HEROMOTOCO,2008-07-29 17:30:00,2008-07-30 00:00:00
HEROMOTOCO,2008-10-21 14:30:00,2008-10-21 00:00:00
HEROMOTOCO,2009-01-20 15:30:00,2009-01-21 00:00:00
HEROMOTOCO,2009-04-21 15:30:00,2009-04-22 00:00:00
HEROMOTOCO,2009-07-15 05:30:00,2009-07-15 00:00:00
HEROMOTOCO,2009-10-21 17:30:00,2009-10-22 00:00:00
HEROMOTOCO,2010-01-25 16:30:00,2010-01-26 00:00:00
HEROMOTOCO,2010-04-20 04:30:00,2010-04-20 00:00:00
HEROMOTOCO,2010-07-30 06:30:00,2010-07-30 00:00:00
HEROMOTOCO,2010-10-30 16:30:00,2010-11-01 00:00:00
HEROMOTOCO,2011-02-02 13:30:00,2011-02-02 00:00:00
HEROMOTOCO,2011-05-04 14:30:00,2011-05-04 00:00:00
HEROMOTOCO,2011-07-21 12:30:00,2011-07-21 00:00:00
HEROMOTOCO,2011-10-18 18:30:00,2011-10-19 00:00:00
HEROMOTOCO,2012-01-19 16:30:00,2012-01-20 00:00:00
HEROMOTOCO,2012-05-02 12:30:00,2012-05-02 00:00:00
HEROMOTOCO,2012-07-19 12:30:00,2012-07-19 00:00:00
HEROMOTOCO,2012-10-23 18:30:00,2012-10-24 00:00:00
HEROMOTOCO,2013-01-17 18:30:00,2013-01-18 00:00:00
HEROMOTOCO,2013-04-26 18:30:00,2013-04-29 00:00:00
HEROMOTOCO,2013-08-24 02:30:00,2013-08-26 00:00:00
HEROMOTOCO,2013-10-23 18:30:00,2013-10-24 00:00:00
HEROMOTOCO,2014-01-30 18:30:00,2014-01-31 00:00:00
HEROMOTOCO,2014-05-28 18:30:00,2014-05-29 00:00:00
HEROMOTOCO,2014-08-06 10:30:00,2014-08-06 00:00:00
HEROMOTOCO,2014-10-17 00:30:00,2014-10-17 00:00:00
HEROMOTOCO,2015-02-04 01:30:00,2015-02-04 00:00:00
HEROMOTOCO,2015-05-07 16:30:00,2015-05-08 00:00:00
HEROMOTOCO,2015-08-04 17:30:00,2015-08-05 00:00:00
HEROMOTOCO,2015-10-20 22:30:00,2015-10-21 00:00:00
HEROMOTOCO,2016-02-11 15:30:00,2016-02-12 00:00:00
HEROMOTOCO,2016-05-05 18:30:00,2016-05-06 00:00:00
HEROMOTOCO,2016-08-08 17:30:00,2016-08-09 00:00:00
HEROMOTOCO,2016-10-26 22:30:00,2016-10-27 00:00:00
HEROMOTOCO,2017-02-09 15:30:00,2017-02-10 00:00:00
HEROMOTOCO,2017-05-10 17:30:00,2017-05-11 00:00:00
HEROMOTOCO,2017-07-25 17:30:00,2017-07-26 00:00:00
HEROMOTOCO,2017-11-01 17:30:00,2017-11-02 00:00:00
HEROMOTOCO,2018-02-06 16:30:00,2018-02-07 00:00:00
HEROMOTOCO,2018-05-02 13:30:00,2018-05-02 00:00:00
HEROMOTOCO,2018-07-25 17:30:00,2018-07-26 00:00:00
HEROMOTOCO,2018-10-16 17:30:00,2018-10-17 00:00:00
HEROMOTOCO,2019-01-31 17:30:00,2019-02-01 00:00:00
HEROMOTOCO,2019-04-26 17:30:00,2019-04-29 00:00:00
HEROMOTOCO,2019-07-30 16:30:00,2019-07-31 00:00:00
HEROMOTOCO,2019-10-23 16:30:00,2019-10-24 00:00:00
HEROMOTOCO,2020-02-06 17:30:00,2020-02-07 00:00:00
HEROMOTOCO,2020-06-09 20:30:00,2020-06-10 00:00:00
HEROMOTOCO,2020-08-13 21:30:00,2020-08-14 00:00:00
HEROMOTOCO,2020-10-28 20:30:00,2020-10-29 00:00:00
HEROMOTOCO,2021-02-04 21:30:00,2021-02-05 00:00:00
HEROMOTOCO,2021-05-06 20:30:00,2021-05-07 00:00:00
HEROMOTOCO,2021-08-12 17:30:00,2021-08-13 00:00:00
HEROMOTOCO,2021-11-12 20:30:00,2021-11-15 00:00:00
HEROMOTOCO,2022-02-10 21:30:00,2022-02-11 00:00:00
HEROMOTOCO,2022-05-03 20:30:00,2022-05-04 00:00:00
HEROMOTOCO,2022-08-12 17:30:00,2022-08-15 00:00:00
HEROMOTOCO,2022-11-03 17:30:00,2022-11-04 00:00:00
HEROMOTOCO,2023-02-07 17:30:00,2023-02-08 00:00:00
HEROMOTOCO,2023-05-04 16:30:00,2023-05-05 00:00:00
HEROMOTOCO,2023-08-10 17:30:00,2023-08-11 00:00:00
HEROMOTOCO,2023-11-01 16:30:00,2023-11-02 00:00:00
HEROMOTOCO,2024-02-09 17:30:00,2024-02-12 00:00:00
HEROMOTOCO,2024-05-08 14:30:00,2024-05-08 00:00:00
HEROMOTOCO,2024-08-13 18:30:00,2024-08-14 00:00:00
HEROMOTOCO,2024-11-14 18:30:00,2024-11-15 00:00:00
HEROMOTOCO,2025-02-06 18:30:00,2025-02-07 00:00:00
HEROMOTOCO,2025-05-13 14:30:00,2025-05-13 00:00:00
HEROMOTOCO,2025-08-06 17:30:00,2025-08-07 00:00:00
HEROMOTOCO,2025-11-13 18:30:00,2025-11-14 00:00:00
HEROMOTOCO,2026-02-05 20:30:00,2026-02-06 00:00:00
HEROMOTOCO,2026-05-05 18:30:00,2026-05-06 00:00:00
HEROMOTOCO,2026-08-06 22:30:00,2026-08-07 00:00:00
HEROMOTOCO,2026-11-12 15:30:00,2026-11-13 00:00:00
HEXT,2025-07-24 21:30:00,2025-07-25 00:00:00
HEXT,2025-11-06 22:30:00,2025-11-07 00:00:00
HEXT,2026-02-04 20:30:00,2026-02-05 00:00:00
HEXT,2026-05-06 20:30:00,2026-05-07 00:00:00
HEXT,2026-07-29 20:30:00,2026-07-30 00:00:00
HINDALCO,2004-10-29 12:30:00,2004-10-29 00:00:00
HINDALCO,2005-01-29 12:30:00,2005-01-31 00:00:00
HINDALCO,2005-04-30 14:30:00,2005-05-02 00:00:00
HINDALCO,2005-10-31 07:30:00,2005-10-31 00:00:00
HINDALCO,2006-01-30 13:30:00,2006-01-30 00:00:00
HINDALCO,2006-04-29 17:30:00,2006-05-01 00:00:00
HINDALCO,2006-07-28 12:30:00,2006-07-28 00:00:00
HINDALCO,2006-10-18 13:30:00,2006-10-18 00:00:00
HINDALCO,2007-01-25 16:30:00,2007-01-26 00:00:00
HINDALCO,2007-05-04 13:30:00,2007-05-04 00:00:00
HINDALCO,2007-07-31 14:30:00,2007-07-31 00:00:00
HINDALCO,2007-10-31 13:30:00,2007-10-31 00:00:00
HINDALCO,2008-01-30 18:30:00,2008-01-31 00:00:00
HINDALCO,2008-04-30 16:30:00,2008-05-01 00:00:00
HINDALCO,2008-07-28 13:30:00,2008-07-28 00:00:00
HINDALCO,2008-10-31 13:30:00,2008-10-31 00:00:00
HINDALCO,2009-01-30 14:30:00,2009-01-30 00:00:00
HINDALCO,2009-06-30 14:30:00,2009-06-30 00:00:00
HINDALCO,2009-07-31 14:30:00,2009-07-31 00:00:00
HINDALCO,2009-10-31 13:30:00,2009-11-02 00:00:00
HINDALCO,2010-01-25 18:30:00,2010-01-26 00:00:00
HINDALCO,2010-05-12 04:30:00,2010-05-12 00:00:00
HINDALCO,2010-11-09 13:30:00,2010-11-09 00:00:00
HINDALCO,2011-02-22 14:30:00,2011-02-22 00:00:00
HINDALCO,2011-05-09 16:30:00,2011-05-10 00:00:00
HINDALCO,2011-08-12 21:30:00,2011-08-15 00:00:00
HINDALCO,2011-11-10 12:30:00,2011-11-10 00:00:00
HINDALCO,2012-02-09 13:30:00,2012-02-09 00:00:00
HINDALCO,2012-06-20 21:30:00,2012-06-21 00:00:00
HINDALCO,2012-11-06 16:30:00,2012-11-07 00:00:00
HINDALCO,2013-02-08 14:30:00,2013-02-08 00:00:00
HINDALCO,2013-05-28 14:30:00,2013-05-28 00:00:00
HINDALCO,2013-08-13 14:30:00,2013-08-13 00:00:00
HINDALCO,2013-11-12 14:30:00,2013-11-12 00:00:00
HINDALCO,2014-02-13 13:30:00,2014-02-13 00:00:00
HINDALCO,2014-05-29 10:30:00,2014-05-29 00:00:00
HINDALCO,2014-08-14 13:30:00,2014-08-14 00:00:00
HINDALCO,2014-11-13 13:30:00,2014-11-13 00:00:00
HINDALCO,2015-02-12 18:30:00,2015-02-13 00:00:00
HINDALCO,2015-05-28 19:30:00,2015-05-29 00:00:00
HINDALCO,2015-08-15 02:30:00,2015-08-17 00:00:00
HINDALCO,2016-02-09 19:30:00,2016-02-10 00:00:00
HINDALCO,2016-05-28 19:30:00,2016-05-30 00:00:00
HINDALCO,2016-08-12 18:30:00,2016-08-15 00:00:00
HINDALCO,2016-11-12 18:30:00,2016-11-14 00:00:00
HINDALCO,2017-02-13 18:30:00,2017-02-14 00:00:00
HINDALCO,2017-05-30 16:30:00,2017-05-31 00:00:00
HINDALCO,2017-08-11 13:30:00,2017-08-11 00:00:00
HINDALCO,2017-11-03 07:30:00,2017-11-03 00:00:00
HINDALCO,2018-02-02 13:30:00,2018-02-02 00:00:00
HINDALCO,2018-05-16 13:30:00,2018-05-16 00:00:00
HINDALCO,2018-08-10 14:30:00,2018-08-10 00:00:00
HINDALCO,2018-11-02 13:30:00,2018-11-02 00:00:00
HINDALCO,2019-02-12 16:30:00,2019-02-13 00:00:00
HINDALCO,2019-05-16 12:30:00,2019-05-16 00:00:00
HINDALCO,2019-08-09 12:30:00,2019-08-09 00:00:00
HINDALCO,2019-11-11 15:30:00,2019-11-12 00:00:00
HINDALCO,2020-02-12 14:30:00,2020-02-12 00:00:00
HINDALCO,2020-06-12 14:30:00,2020-06-12 00:00:00
HINDALCO,2020-11-10 05:30:00,2020-11-10 00:00:00
HINDALCO,2021-05-21 14:30:00,2021-05-21 00:00:00
HINDALCO,2021-08-06 13:30:00,2021-08-06 00:00:00
HINDALCO,2021-11-12 13:30:00,2021-11-12 00:00:00
HINDALCO,2022-02-10 13:30:00,2022-02-10 00:00:00
HINDALCO,2022-05-26 16:30:00,2022-05-27 00:00:00
HINDALCO,2022-08-10 12:30:00,2022-08-10 00:00:00
HINDALCO,2022-11-11 13:30:00,2022-11-11 00:00:00
HINDALCO,2023-02-09 13:30:00,2023-02-09 00:00:00
HINDALCO,2023-05-24 13:30:00,2023-05-24 00:00:00
HINDALCO,2023-08-08 12:30:00,2023-08-08 00:00:00
HINDALCO,2023-11-10 13:30:00,2023-11-10 00:00:00
HINDALCO,2024-02-13 13:30:00,2024-02-13 00:00:00
HINDALCO,2024-05-24 13:30:00,2024-05-24 00:00:00
HINDALCO,2024-08-13 13:30:00,2024-08-13 00:00:00
HINDALCO,2024-11-11 18:30:00,2024-11-12 00:00:00
HINDALCO,2025-02-13 18:30:00,2025-02-14 00:00:00
HINDALCO,2025-05-20 13:30:00,2025-05-20 00:00:00
HINDALCO,2025-08-12 13:30:00,2025-08-12 00:00:00
HINDALCO,2025-11-07 13:30:00,2025-11-07 00:00:00
HINDALCO,2026-02-12 16:30:00,2026-02-13 00:00:00
HINDALCO,2026-05-22 16:30:00,2026-05-25 00:00:00
HINDALCO,2026-08-07 14:30:00,2026-08-07 00:00:00
HINDALCO,2026-11-05 15:30:00,2026-11-06 00:00:00
HINDPETRO,2006-10-27 17:30:00,2006-10-30 00:00:00
HINDPETRO,2007-01-31 14:30:00,2007-01-31 00:00:00
HINDPETRO,2007-07-30 18:30:00,2007-07-31 00:00:00
HINDPETRO,2007-10-29 12:30:00,2007-10-29 00:00:00
HINDPETRO,2008-01-28 16:30:00,2008-01-29 00:00:00
HINDPETRO,2008-05-29 12:30:00,2008-05-29 00:00:00
HINDPETRO,2008-10-31 15:30:00,2008-11-03 00:00:00
HINDPETRO,2009-01-29 01:30:00,2009-01-29 00:00:00
HINDPETRO,2009-06-02 14:30:00,2009-06-02 00:00:00
HINDPETRO,2009-07-29 14:30:00,2009-07-29 00:00:00
HINDPETRO,2009-10-28 13:30:00,2009-10-28 00:00:00
HINDPETRO,2010-01-28 01:30:00,2010-01-28 00:00:00
HINDPETRO,2010-05-27 07:30:00,2010-05-27 00:00:00
HINDPETRO,2010-07-24 05:30:00,2010-07-26 00:00:00
HINDPETRO,2010-11-12 16:30:00,2010-11-15 00:00:00
HINDPETRO,2011-02-11 13:30:00,2011-02-11 00:00:00
HINDPETRO,2011-05-26 23:30:00,2011-05-27 00:00:00
HINDPETRO,2011-08-13 14:30:00,2011-08-15 00:00:00
HINDPETRO,2012-02-09 13:30:00,2012-02-09 00:00:00
HINDPETRO,2012-05-29 16:30:00,2012-05-30 00:00:00
HINDPETRO,2012-11-09 18:30:00,2012-11-12 00:00:00
HINDPETRO,2013-02-12 13:30:00,2013-02-12 00:00:00
HINDPETRO,2013-05-28 18:30:00,2013-05-29 00:00:00
HINDPETRO,2013-08-12 22:30:00,2013-08-13 00:00:00
HINDPETRO,2013-11-12 09:30:00,2013-11-12 00:00:00
HINDPETRO,2014-02-11 18:30:00,2014-02-12 00:00:00
HINDPETRO,2014-05-28 14:30:00,2014-05-28 00:00:00
HINDPETRO,2014-08-11 21:30:00,2014-08-12 00:00:00
HINDPETRO,2014-11-13 21:30:00,2014-11-14 00:00:00
HINDPETRO,2015-02-13 22:30:00,2015-02-16 00:00:00
HINDPETRO,2015-05-28 22:30:00,2015-05-29 00:00:00
HINDPETRO,2015-08-12 00:30:00,2015-08-12 00:00:00
HINDPETRO,2015-11-09 21:30:00,2015-11-10 00:00:00
HINDPETRO,2016-02-12 16:30:00,2016-02-15 00:00:00
HINDPETRO,2016-05-27 18:30:00,2016-05-30 00:00:00
HINDPETRO,2016-08-22 21:30:00,2016-08-23 00:00:00
HINDPETRO,2016-11-15 17:30:00,2016-11-16 00:00:00
HINDPETRO,2017-02-13 23:30:00,2017-02-14 00:00:00
HINDPETRO,2017-05-26 14:30:00,2017-05-26 00:00:00
HINDPETRO,2017-08-04 14:30:00,2017-08-04 00:00:00
HINDPETRO,2017-11-09 14:30:00,2017-11-09 00:00:00
HINDPETRO,2018-02-09 14:30:00,2018-02-09 00:00:00
HINDPETRO,2018-05-22 17:30:00,2018-05-23 00:00:00
HINDPETRO,2018-08-08 16:30:00,2018-08-09 00:00:00
HINDPETRO,2018-11-02 08:30:00,2018-11-02 00:00:00
HINDPETRO,2019-02-05 16:30:00,2019-02-06 00:00:00
HINDPETRO,2019-05-20 18:30:00,2019-05-21 00:00:00
HINDPETRO,2019-08-07 17:30:00,2019-08-08 00:00:00
HINDPETRO,2019-11-07 13:30:00,2019-11-07 00:00:00
HINDPETRO,2020-02-05 18:30:00,2020-02-06 00:00:00
HINDPETRO,2020-06-16 18:30:00,2020-06-17 00:00:00
HINDPETRO,2020-08-06 16:30:00,2020-08-07 00:00:00
HINDPETRO,2020-11-04 16:30:00,2020-11-05 00:00:00
HINDPETRO,2021-02-04 12:30:00,2021-02-04 00:00:00
HINDPETRO,2021-05-20 17:30:00,2021-05-21 00:00:00
HINDPETRO,2021-08-04 16:30:00,2021-08-05 00:00:00
HINDPETRO,2021-11-02 12:30:00,2021-11-02 00:00:00
HINDPETRO,2022-01-31 17:30:00,2022-02-01 00:00:00
HINDPETRO,2022-05-19 17:30:00,2022-05-20 00:00:00
HINDPETRO,2022-08-06 14:30:00,2022-08-08 00:00:00
HINDPETRO,2022-11-03 13:30:00,2022-11-03 00:00:00
HINDPETRO,2023-02-09 17:30:00,2023-02-10 00:00:00
HINDPETRO,2023-05-12 18:30:00,2023-05-15 00:00:00
HINDPETRO,2023-08-02 18:30:00,2023-08-03 00:00:00
HINDPETRO,2023-11-06 19:30:00,2023-11-07 00:00:00
HINDPETRO,2024-01-25 12:30:00,2024-01-25 00:00:00
HINDPETRO,2024-05-09 14:30:00,2024-05-09 00:00:00
HINDPETRO,2024-07-29 18:30:00,2024-07-30 00:00:00
HINDPETRO,2024-10-25 13:30:00,2024-10-25 00:00:00
HINDPETRO,2025-01-23 17:30:00,2025-01-24 00:00:00
HINDPETRO,2025-05-06 20:30:00,2025-05-07 00:00:00
HINDPETRO,2025-08-07 16:30:00,2025-08-08 00:00:00
HINDPETRO,2025-10-29 18:30:00,2025-10-30 00:00:00
HINDPETRO,2026-01-21 16:30:00,2026-01-22 00:00:00
HINDPETRO,2026-05-13 11:30:00,2026-05-13 00:00:00
HINDPETRO,2026-07-22 19:30:00,2026-07-23 00:00:00
HINDPETRO,2026-10-22 15:30:00,2026-10-23 00:00:00
HINDUNILVR,2004-10-28 12:30:00,2004-10-28 00:00:00
HINDUNILVR,2005-02-11 14:30:00,2005-02-11 00:00:00
HINDUNILVR,2005-07-30 11:30:00,2005-08-01 00:00:00
HINDUNILVR,2005-10-31 12:30:00,2005-10-31 00:00:00
HINDUNILVR,2006-02-14 13:30:00,2006-02-14 00:00:00
HINDUNILVR,2006-04-28 11:30:00,2006-04-28 00:00:00
HINDUNILVR,2006-07-30 16:30:00,2006-07-31 00:00:00
HINDUNILVR,2006-10-31 12:30:00,2006-10-31 00:00:00
HINDUNILVR,2007-02-20 14:30:00,2007-02-20 00:00:00
HINDUNILVR,2007-04-30 11:30:00,2007-04-30 00:00:00
HINDUNILVR,2007-07-29 17:30:00,2007-07-30 00:00:00
HINDUNILVR,2007-10-31 12:30:00,2007-10-31 00:00:00
HINDUNILVR,2008-02-13 12:30:00,2008-02-13 00:00:00
HINDUNILVR,2008-04-28 16:30:00,2008-04-29 00:00:00
HINDUNILVR,2008-07-25 15:30:00,2008-07-28 00:00:00
HINDUNILVR,2008-10-24 12:30:00,2008-10-24 00:00:00
HINDUNILVR,2009-01-25 15:30:00,2009-01-26 00:00:00
HINDUNILVR,2009-05-12 01:30:00,2009-05-12 00:00:00
HINDUNILVR,2009-07-29 00:30:00,2009-07-29 00:00:00
HINDUNILVR,2009-10-31 14:30:00,2009-11-02 00:00:00
HINDUNILVR,2010-01-26 18:30:00,2010-01-27 00:00:00
HINDUNILVR,2010-05-25 15:30:00,2010-05-26 00:00:00
HINDUNILVR,2010-07-28 04:30:00,2010-07-28 00:00:00
HINDUNILVR,2010-10-25 13:30:00,2010-10-25 00:00:00
HINDUNILVR,2011-01-25 13:30:00,2011-01-25 00:00:00
HINDUNILVR,2011-05-09 14:30:00,2011-05-09 00:00:00
HINDUNILVR,2011-07-28 12:30:00,2011-07-28 00:00:00
HINDUNILVR,2011-10-31 14:30:00,2011-10-31 00:00:00
HINDUNILVR,2012-02-06 11:30:00,2012-02-06 00:00:00
HINDUNILVR,2012-05-01 12:30:00,2012-05-01 00:00:00
HINDUNILVR,2012-10-27 04:30:00,2012-10-29 00:00:00
HINDUNILVR,2013-01-22 18:30:00,2013-01-23 00:00:00
HINDUNILVR,2013-04-29 14:30:00,2013-04-29 00:00:00
HINDUNILVR,2013-07-26 14:30:00,2013-07-26 00:00:00
HINDUNILVR,2013-10-26 18:30:00,2013-10-28 00:00:00
HINDUNILVR,2014-01-27 18:30:00,2014-01-28 00:00:00
HINDUNILVR,2014-04-28 20:30:00,2014-04-29 00:00:00
HINDUNILVR,2014-07-28 19:30:00,2014-07-29 00:00:00
HINDUNILVR,2014-10-27 13:30:00,2014-10-27 00:00:00
HINDUNILVR,2015-01-19 14:30:00,2015-01-19 00:00:00
HINDUNILVR,2015-05-08 13:30:00,2015-05-08 00:00:00
HINDUNILVR,2015-07-21 13:30:00,2015-07-21 00:00:00
HINDUNILVR,2015-10-14 14:30:00,2015-10-14 00:00:00
HINDUNILVR,2016-01-15 14:30:00,2016-01-15 00:00:00
HINDUNILVR,2016-05-09 14:30:00,2016-05-09 00:00:00
HINDUNILVR,2016-07-18 14:30:00,2016-07-18 00:00:00
HINDUNILVR,2016-10-26 15:30:00,2016-10-27 00:00:00
HINDUNILVR,2017-01-23 15:30:00,2017-01-24 00:00:00
HINDUNILVR,2017-05-17 15:30:00,2017-05-18 00:00:00
HINDUNILVR,2017-07-18 15:30:00,2017-07-19 00:00:00
HINDUNILVR,2017-10-25 15:30:00,2017-10-26 00:00:00
HINDUNILVR,2018-01-17 15:30:00,2018-01-18 00:00:00
HINDUNILVR,2018-05-14 15:30:00,2018-05-15 00:00:00
HINDUNILVR,2018-07-16 15:30:00,2018-07-17 00:00:00
HINDUNILVR,2018-10-12 15:30:00,2018-10-15 00:00:00
HINDUNILVR,2019-01-17 15:30:00,2019-01-18 00:00:00
HINDUNILVR,2019-05-03 15:30:00,2019-05-06 00:00:00
HINDUNILVR,2019-07-23 15:30:00,2019-07-24 00:00:00
HINDUNILVR,2019-10-14 15:30:00,2019-10-15 00:00:00
HINDUNILVR,2020-01-31 15:30:00,2020-02-03 00:00:00
HINDUNILVR,2020-04-30 16:30:00,2020-05-01 00:00:00
HINDUNILVR,2020-07-21 16:30:00,2020-07-22 00:00:00
HINDUNILVR,2020-10-20 13:30:00,2020-10-20 00:00:00
HINDUNILVR,2021-01-27 15:30:00,2021-01-28 00:00:00
HINDUNILVR,2021-04-29 12:30:00,2021-04-29 00:00:00
HINDUNILVR,2021-07-22 12:30:00,2021-07-22 00:00:00
HINDUNILVR,2021-10-19 13:30:00,2021-10-19 00:00:00
HINDUNILVR,2022-01-20 15:30:00,2022-01-21 00:00:00
HINDUNILVR,2022-04-27 16:30:00,2022-04-28 00:00:00
HINDUNILVR,2022-07-19 16:30:00,2022-07-20 00:00:00
HINDUNILVR,2022-10-21 16:30:00,2022-10-24 00:00:00
HINDUNILVR,2023-01-19 18:30:00,2023-01-20 00:00:00
HINDUNILVR,2023-04-27 11:30:00,2023-04-27 00:00:00
HINDUNILVR,2023-07-20 15:30:00,2023-07-21 00:00:00
HINDUNILVR,2023-10-19 15:30:00,2023-10-20 00:00:00
HINDUNILVR,2024-01-19 15:30:00,2024-01-22 00:00:00
HINDUNILVR,2024-04-24 15:30:00,2024-04-25 00:00:00
HINDUNILVR,2024-07-23 15:30:00,2024-07-24 00:00:00
HINDUNILVR,2024-10-23 16:30:00,2024-10-24 00:00:00
HINDUNILVR,2025-01-22 15:30:00,2025-01-23 00:00:00
HINDUNILVR,2025-04-24 09:30:00,2025-04-24 00:00:00
HINDUNILVR,2025-07-31 09:30:00,2025-07-31 00:00:00
HINDUNILVR,2025-10-23 10:30:00,2025-10-23 00:00:00
HINDUNILVR,2026-02-12 09:30:00,2026-02-12 00:00:00
HINDUNILVR,2026-04-30 10:30:00,2026-04-30 00:00:00
HINDUNILVR,2026-07-28 09:30:00,2026-07-28 00:00:00
HINDUNILVR,2026-10-29 15:30:00,2026-10-30 00:00:00
HINDZINC,2007-04-26 14:30:00,2007-04-26 00:00:00
HINDZINC,2007-07-24 14:30:00,2007-07-24 00:00:00
HINDZINC,2007-10-22 14:30:00,2007-10-22 00:00:00
HINDZINC,2008-01-23 15:30:00,2008-01-24 00:00:00
HINDZINC,2008-04-24 15:30:00,2008-04-25 00:00:00
HINDZINC,2008-07-24 14:30:00,2008-07-24 00:00:00
HINDZINC,2008-10-21 14:30:00,2008-10-21 00:00:00
HINDZINC,2009-01-21 15:30:00,2009-01-22 00:00:00
HINDZINC,2009-04-22 14:30:00,2009-04-22 00:00:00
HINDZINC,2009-07-15 05:30:00,2009-07-15 00:00:00
HINDZINC,2009-10-22 14:30:00,2009-10-22 00:00:00
HINDZINC,2010-01-22 14:30:00,2010-01-22 00:00:00
HINDZINC,2010-04-21 17:30:00,2010-04-22 00:00:00
HINDZINC,2010-07-26 20:30:00,2010-07-27 00:00:00
HINDZINC,2010-10-22 18:30:00,2010-10-25 00:00:00
HINDZINC,2011-01-19 14:30:00,2011-01-19 00:00:00
HINDZINC,2011-04-21 14:30:00,2011-04-21 00:00:00
HINDZINC,2011-07-21 12:30:00,2011-07-21 00:00:00
HINDZINC,2011-10-19 16:30:00,2011-10-20 00:00:00
HINDZINC,2012-01-20 16:30:00,2012-01-23 00:00:00
HINDZINC,2012-04-19 16:30:00,2012-04-20 00:00:00
HINDZINC,2012-07-20 12:30:00,2012-07-20 00:00:00
HINDZINC,2012-10-18 18:30:00,2012-10-19 00:00:00
HINDZINC,2013-01-18 13:30:00,2013-01-18 00:00:00
HINDZINC,2013-04-25 18:30:00,2013-04-26 00:00:00
HINDZINC,2013-07-19 14:30:00,2013-07-19 00:00:00
HINDZINC,2013-10-23 18:30:00,2013-10-24 00:00:00
HINDZINC,2014-01-17 18:30:00,2014-01-20 00:00:00
HINDZINC,2014-04-21 18:30:00,2014-04-22 00:00:00
HINDZINC,2014-07-21 19:30:00,2014-07-22 00:00:00
HINDZINC,2014-10-20 16:30:00,2014-10-21 00:00:00
HINDZINC,2015-01-19 17:30:00,2015-01-20 00:00:00
HINDZINC,2015-04-20 18:30:00,2015-04-21 00:00:00
HINDZINC,2015-07-20 16:30:00,2015-07-21 00:00:00
HINDZINC,2015-10-19 22:30:00,2015-10-20 00:00:00
HINDZINC,2016-01-21 19:30:00,2016-01-22 00:00:00
HINDZINC,2016-04-21 19:30:00,2016-04-22 00:00:00
HINDZINC,2016-07-20 19:30:00,2016-07-21 00:00:00
HINDZINC,2016-10-19 18:30:00,2016-10-20 00:00:00
HINDZINC,2017-02-10 19:30:00,2017-02-13 00:00:00
HINDZINC,2017-04-20 14:30:00,2017-04-20 00:00:00
HINDZINC,2017-07-20 14:30:00,2017-07-20 00:00:00
HINDZINC,2017-10-23 14:30:00,2017-10-23 00:00:00
HINDZINC,2018-01-18 19:30:00,2018-01-19 00:00:00
HINDZINC,2018-04-30 16:30:00,2018-05-01 00:00:00
HINDZINC,2018-07-23 18:30:00,2018-07-24 00:00:00
HINDZINC,2018-10-22 15:30:00,2018-10-23 00:00:00
HINDZINC,2019-01-21 14:30:00,2019-01-21 00:00:00
HINDZINC,2019-05-02 14:30:00,2019-05-02 00:00:00
HINDZINC,2019-07-19 17:30:00,2019-07-22 00:00:00
HINDZINC,2019-10-29 16:30:00,2019-10-30 00:00:00
HINDZINC,2020-01-20 15:30:00,2020-01-21 00:00:00
HINDZINC,2020-05-21 14:30:00,2020-05-21 00:00:00
HINDZINC,2020-07-21 14:30:00,2020-07-21 00:00:00
HINDZINC,2020-10-20 15:30:00,2020-10-21 00:00:00
HINDZINC,2021-04-27 14:30:00,2021-04-27 00:00:00
HINDZINC,2021-07-22 13:30:00,2021-07-22 00:00:00
HINDZINC,2021-10-22 14:30:00,2021-10-22 00:00:00
HINDZINC,2022-01-21 13:30:00,2022-01-21 00:00:00
HINDZINC,2022-04-22 14:30:00,2022-04-22 00:00:00
HINDZINC,2022-07-21 13:30:00,2022-07-21 00:00:00
HINDZINC,2022-10-21 17:30:00,2022-10-24 00:00:00
HINDZINC,2023-01-19 17:30:00,2023-01-20 00:00:00
HINDZINC,2023-04-21 14:30:00,2023-04-21 00:00:00
HINDZINC,2023-07-21 13:30:00,2023-07-21 00:00:00
HINDZINC,2023-10-20 13:30:00,2023-10-20 00:00:00
HINDZINC,2024-01-19 13:30:00,2024-01-19 00:00:00
HINDZINC,2024-04-19 15:30:00,2024-04-22 00:00:00
HINDZINC,2024-08-02 14:30:00,2024-08-02 00:00:00
HINDZINC,2024-10-18 13:30:00,2024-10-18 00:00:00
HINDZINC,2025-01-28 13:30:00,2025-01-28 00:00:00
HINDZINC,2025-04-25 13:30:00,2025-04-25 00:00:00
HINDZINC,2025-07-18 13:30:00,2025-07-18 00:00:00
HINDZINC,2025-10-17 19:30:00,2025-10-20 00:00:00
HINDZINC,2026-01-19 14:30:00,2026-01-19 00:00:00
HINDZINC,2026-04-24 13:30:00,2026-04-24 00:00:00
HINDZINC,2026-07-24 13:30:00,2026-07-24 00:00:00
HINDZINC,2026-10-23 15:30:00,2026-10-26 00:00:00
HONAUT,2020-05-22 16:30:00,2020-05-25 00:00:00
HONAUT,2021-05-31 19:30:00,2021-06-01 00:00:00
HONAUT,2021-08-05 18:30:00,2021-08-06 00:00:00
HONAUT,2021-11-13 19:30:00,2021-11-15 00:00:00
HONAUT,2022-08-13 13:30:00,2022-08-15 00:00:00
HONAUT,2022-11-08 14:30:00,2022-11-08 00:00:00
HONAUT,2023-02-08 17:30:00,2023-02-09 00:00:00
HONAUT,2023-05-17 18:30:00,2023-05-18 00:00:00
HONAUT,2023-08-10 15:30:00,2023-08-11 00:00:00
HONAUT,2024-02-08 16:30:00,2024-02-09 00:00:00
HONAUT,2024-05-15 16:30:00,2024-05-16 00:00:00
HONAUT,2024-08-05 14:30:00,2024-08-05 00:00:00
HONAUT,2024-10-29 16:30:00,2024-10-30 00:00:00
HONAUT,2025-02-07 15:30:00,2025-02-10 00:00:00
HONAUT,2025-05-13 17:30:00,2025-05-14 00:00:00
HONAUT,2025-08-01 16:30:00,2025-08-04 00:00:00
HONAUT,2025-11-05 16:30:00,2025-11-06 00:00:00
HONAUT,2026-02-02 17:30:00,2026-02-03 00:00:00
HONAUT,2026-05-20 16:30:00,2026-05-21 00:00:00
HONAUT,2026-07-29 13:30:00,2026-07-29 00:00:00
HONAUT,2026-10-29 15:30:00,2026-10-30 00:00:00
HUDCO,2019-01-22 11:30:00,2019-01-22 00:00:00
HUDCO,2019-11-13 18:30:00,2019-11-14 00:00:00
HUDCO,2020-02-04 04:30:00,2020-02-04 00:00:00
HUDCO,2020-06-26 17:30:00,2020-06-29 00:00:00
HUDCO,2020-09-14 15:30:00,2020-09-15 00:00:00
HYUNDAI,2025-01-28 14:30:00,2025-01-28 00:00:00
HYUNDAI,2025-05-16 14:30:00,2025-05-16 00:00:00
HYUNDAI,2025-07-30 14:30:00,2025-07-30 00:00:00
HYUNDAI,2025-10-30 14:30:00,2025-10-30 00:00:00
HYUNDAI,2026-02-02 14:30:00,2026-02-02 00:00:00
HYUNDAI,2026-05-08 14:30:00,2026-05-08 00:00:00
HYUNDAI,2026-07-30 14:30:00,2026-07-30 00:00:00
ICICIAMC,2026-04-13 17:30:00,2026-04-14 00:00:00
ICICIAMC,2026-07-13 16:30:00,2026-07-14 00:00:00
ICICIBANK,2005-01-17 09:30:00,2005-01-17 00:00:00
ICICIBANK,2005-10-13 17:30:00,2005-10-14 00:00:00
ICICIBANK,2006-01-20 13:30:00,2006-01-20 00:00:00
ICICIBANK,2006-04-29 20:30:00,2006-05-01 00:00:00
ICICIBANK,2006-07-22 11:30:00,2006-07-24 00:00:00
ICICIBANK,2006-10-24 14:30:00,2006-10-24 00:00:00
ICICIBANK,2007-01-20 13:30:00,2007-01-22 00:00:00
ICICIBANK,2007-04-28 15:30:00,2007-04-30 00:00:00
ICICIBANK,2007-07-21 11:30:00,2007-07-23 00:00:00
ICICIBANK,2007-10-19 15:30:00,2007-10-22 00:00:00
ICICIBANK,2008-01-19 14:30:00,2008-01-21 00:00:00
ICICIBANK,2008-04-26 14:30:00,2008-04-28 00:00:00
ICICIBANK,2008-07-26 15:30:00,2008-07-28 00:00:00
ICICIBANK,2008-10-27 12:30:00,2008-10-27 00:00:00
ICICIBANK,2009-01-24 20:30:00,2009-01-26 00:00:00
ICICIBANK,2009-04-25 17:30:00,2009-04-27 00:00:00
ICICIBANK,2009-07-25 18:30:00,2009-07-27 00:00:00
ICICIBANK,2009-10-30 21:30:00,2009-11-02 00:00:00
ICICIBANK,2010-01-21 14:30:00,2010-01-21 00:00:00
ICICIBANK,2010-04-25 08:30:00,2010-04-26 00:00:00
ICICIBANK,2010-08-01 00:30:00,2010-08-02 00:00:00
ICICIBANK,2010-10-29 21:30:00,2010-11-01 00:00:00
ICICIBANK,2011-01-24 22:30:00,2011-01-25 00:00:00
ICICIBANK,2011-04-28 15:30:00,2011-04-29 00:00:00
ICICIBANK,2011-07-29 12:30:00,2011-07-29 00:00:00
ICICIBANK,2011-10-31 14:30:00,2011-10-31 00:00:00
ICICIBANK,2012-01-31 13:30:00,2012-01-31 00:00:00
ICICIBANK,2012-04-27 19:30:00,2012-04-30 00:00:00
ICICIBANK,2012-07-27 17:30:00,2012-07-30 00:00:00
ICICIBANK,2012-10-26 18:30:00,2012-10-29 00:00:00
ICICIBANK,2013-01-31 09:30:00,2013-01-31 00:00:00
ICICIBANK,2013-04-26 14:30:00,2013-04-26 00:00:00
ICICIBANK,2013-07-31 14:30:00,2013-07-31 00:00:00
ICICIBANK,2013-10-25 14:30:00,2013-10-25 00:00:00
ICICIBANK,2014-01-29 22:30:00,2014-01-30 00:00:00
ICICIBANK,2014-04-25 15:30:00,2014-04-28 00:00:00
ICICIBANK,2014-07-31 14:30:00,2014-07-31 00:00:00
ICICIBANK,2014-10-30 12:30:00,2014-10-30 00:00:00
ICICIBANK,2015-01-30 13:30:00,2015-01-30 00:00:00
ICICIBANK,2015-04-27 13:30:00,2015-04-27 00:00:00
ICICIBANK,2015-08-01 04:30:00,2015-08-03 00:00:00
ICICIBANK,2015-10-30 12:30:00,2015-10-30 00:00:00
ICICIBANK,2016-01-28 15:30:00,2016-01-29 00:00:00
ICICIBANK,2016-04-29 11:30:00,2016-04-29 00:00:00
ICICIBANK,2016-07-29 16:30:00,2016-08-01 00:00:00
ICICIBANK,2016-11-07 15:30:00,2016-11-08 00:00:00
ICICIBANK,2017-01-31 15:30:00,2017-02-01 00:00:00
ICICIBANK,2017-05-03 18:30:00,2017-05-04 00:00:00
ICICIBANK,2017-07-27 16:30:00,2017-07-28 00:00:00
ICICIBANK,2017-10-27 16:30:00,2017-10-30 00:00:00
ICICIBANK,2018-01-31 16:30:00,2018-02-01 00:00:00
ICICIBANK,2018-05-07 17:30:00,2018-05-08 00:00:00
ICICIBANK,2018-07-27 17:30:00,2018-07-30 00:00:00
ICICIBANK,2018-10-26 16:30:00,2018-10-29 00:00:00
ICICIBANK,2019-01-30 17:30:00,2019-01-31 00:00:00
ICICIBANK,2019-05-06 15:30:00,2019-05-07 00:00:00
ICICIBANK,2019-07-27 14:30:00,2019-07-29 00:00:00
ICICIBANK,2019-10-26 14:30:00,2019-10-28 00:00:00
ICICIBANK,2020-01-25 14:30:00,2020-01-27 00:00:00
ICICIBANK,2020-05-09 15:30:00,2020-05-11 00:00:00
ICICIBANK,2020-07-25 14:30:00,2020-07-27 00:00:00
ICICIBANK,2020-10-31 15:30:00,2020-11-02 00:00:00
ICICIBANK,2021-01-30 14:30:00,2021-02-01 00:00:00
ICICIBANK,2021-04-24 17:30:00,2021-04-26 00:00:00
ICICIBANK,2021-07-24 15:30:00,2021-07-26 00:00:00
ICICIBANK,2021-10-23 15:30:00,2021-10-25 00:00:00
ICICIBANK,2022-01-22 15:30:00,2022-01-24 00:00:00
ICICIBANK,2022-04-23 16:30:00,2022-04-25 00:00:00
ICICIBANK,2022-07-23 15:30:00,2022-07-25 00:00:00
ICICIBANK,2022-10-22 15:30:00,2022-10-24 00:00:00
ICICIBANK,2023-01-21 15:30:00,2023-01-23 00:00:00
ICICIBANK,2023-04-22 15:30:00,2023-04-24 00:00:00
ICICIBANK,2023-07-22 14:30:00,2023-07-24 00:00:00
ICICIBANK,2023-10-21 15:30:00,2023-10-23 00:00:00
ICICIBANK,2024-01-20 15:30:00,2024-01-22 00:00:00
ICICIBANK,2024-04-27 15:30:00,2024-04-29 00:00:00
ICICIBANK,2024-07-27 14:30:00,2024-07-29 00:00:00
ICICIBANK,2024-10-26 13:30:00,2024-10-28 00:00:00
ICICIBANK,2025-01-25 05:30:00,2025-01-27 00:00:00
ICICIBANK,2025-04-19 15:30:00,2025-04-21 00:00:00
ICICIBANK,2025-07-19 15:30:00,2025-07-21 00:00:00
ICICIBANK,2025-10-18 14:30:00,2025-10-20 00:00:00
ICICIBANK,2026-01-17 14:30:00,2026-01-19 00:00:00
ICICIBANK,2026-04-18 14:30:00,2026-04-20 00:00:00
ICICIBANK,2026-07-18 13:30:00,2026-07-20 00:00:00
ICICIBANK,2026-10-17 15:30:00,2026-10-19 00:00:00
ICICIGI,2021-04-17 16:30:00,2021-04-19 00:00:00
ICICIGI,2021-07-22 18:30:00,2021-07-23 00:00:00
ICICIGI,2021-10-21 18:30:00,2021-10-22 00:00:00
ICICIGI,2022-01-19 15:30:00,2022-01-20 00:00:00
ICICIGI,2022-04-21 16:30:00,2022-04-22 00:00:00
ICICIGI,2022-07-19 17:30:00,2022-07-20 00:00:00
ICICIGI,2022-10-18 18:30:00,2022-10-19 00:00:00
ICICIGI,2023-01-17 17:30:00,2023-01-18 00:00:00
ICICIGI,2023-04-18 17:30:00,2023-04-19 00:00:00
ICICIGI,2023-07-18 17:30:00,2023-07-19 00:00:00
ICICIGI,2023-10-18 05:30:00,2023-10-18 00:00:00
ICICIGI,2024-01-16 18:30:00,2024-01-17 00:00:00
ICICIGI,2024-04-17 17:30:00,2024-04-18 00:00:00
ICICIGI,2024-07-19 16:30:00,2024-07-22 00:00:00
ICICIGI,2024-10-18 16:30:00,2024-10-21 00:00:00
ICICIGI,2025-01-17 16:30:00,2025-01-20 00:00:00
ICICIGI,2025-04-15 18:30:00,2025-04-16 00:00:00
ICICIGI,2025-07-15 17:30:00,2025-07-16 00:00:00
ICICIGI,2025-10-14 17:30:00,2025-10-15 00:00:00
ICICIGI,2026-01-13 17:30:00,2026-01-14 00:00:00
ICICIGI,2026-04-15 18:30:00,2026-04-16 00:00:00
ICICIGI,2026-07-15 18:30:00,2026-07-16 00:00:00
ICICIGI,2026-10-13 15:30:00,2026-10-14 00:00:00
ICICIPRULI,2017-03-07 04:30:00,2017-03-07 00:00:00
ICICIPRULI,2017-04-25 23:30:00,2017-04-26 00:00:00
ICICIPRULI,2017-07-29 03:30:00,2017-07-31 00:00:00
ICICIPRULI,2017-10-27 05:30:00,2017-10-27 00:00:00
ICICIPRULI,2018-01-19 13:30:00,2018-01-19 00:00:00
ICICIPRULI,2018-04-24 14:30:00,2018-04-24 00:00:00
ICICIPRULI,2018-07-24 19:30:00,2018-07-25 00:00:00
ICICIPRULI,2018-10-23 17:30:00,2018-10-24 00:00:00
ICICIPRULI,2019-01-22 19:30:00,2019-01-23 00:00:00
ICICIPRULI,2019-04-24 18:30:00,2019-04-25 00:00:00
ICICIPRULI,2019-07-24 17:30:00,2019-07-25 00:00:00
ICICIPRULI,2019-10-22 19:30:00,2019-10-23 00:00:00
ICICIPRULI,2020-01-21 13:30:00,2020-01-21 00:00:00
ICICIPRULI,2020-04-25 14:30:00,2020-04-27 00:00:00
ICICIPRULI,2020-07-21 13:30:00,2020-07-21 00:00:00
ICICIPRULI,2020-10-27 17:30:00,2020-10-28 00:00:00
ICICIPRULI,2021-01-27 17:30:00,2021-01-28 00:00:00
ICICIPRULI,2021-04-19 18:30:00,2021-04-20 00:00:00
ICICIPRULI,2021-07-20 17:30:00,2021-07-21 00:00:00
ICICIPRULI,2021-10-19 17:30:00,2021-10-20 00:00:00
ICICIPRULI,2022-01-18 17:30:00,2022-01-19 00:00:00
ICICIPRULI,2022-04-16 16:30:00,2022-04-18 00:00:00
ICICIPRULI,2022-07-16 17:30:00,2022-07-18 00:00:00
ICICIPRULI,2022-10-15 16:30:00,2022-10-17 00:00:00
ICICIPRULI,2023-01-17 19:30:00,2023-01-18 00:00:00
ICICIPRULI,2023-04-20 18:30:00,2023-04-21 00:00:00
ICICIPRULI,2023-07-18 13:30:00,2023-07-18 00:00:00
ICICIPRULI,2023-10-17 18:30:00,2023-10-18 00:00:00
ICICIPRULI,2024-01-17 19:30:00,2024-01-18 00:00:00
ICICIPRULI,2024-04-23 17:30:00,2024-04-24 00:00:00
ICICIPRULI,2024-07-23 17:30:00,2024-07-24 00:00:00
ICICIPRULI,2024-10-22 17:30:00,2024-10-23 00:00:00
ICICIPRULI,2025-01-21 17:30:00,2025-01-22 00:00:00
ICICIPRULI,2025-04-15 16:30:00,2025-04-16 00:00:00
ICICIPRULI,2025-07-15 05:30:00,2025-07-15 00:00:00
ICICIPRULI,2025-10-14 13:30:00,2025-10-14 00:00:00
ICICIPRULI,2026-01-13 13:30:00,2026-01-13 00:00:00
ICICIPRULI,2026-04-14 14:30:00,2026-04-14 00:00:00
ICICIPRULI,2026-07-17 05:30:00,2026-07-17 00:00:00
ICICIPRULI,2026-10-13 15:30:00,2026-10-14 00:00:00
IDEA,2007-04-25 19:30:00,2007-04-26 00:00:00
IDEA,2007-07-24 13:30:00,2007-07-24 00:00:00
IDEA,2007-10-25 16:30:00,2007-10-26 00:00:00
IDEA,2008-01-19 15:30:00,2008-01-21 00:00:00
IDEA,2008-04-24 14:30:00,2008-04-24 00:00:00
IDEA,2008-07-24 16:30:00,2008-07-25 00:00:00
IDEA,2008-10-20 15:30:00,2008-10-21 00:00:00
IDEA,2009-01-22 15:30:00,2009-01-23 00:00:00
IDEA,2009-04-23 15:30:00,2009-04-24 00:00:00
IDEA,2009-07-23 15:30:00,2009-07-24 00:00:00
IDEA,2009-10-26 13:30:00,2009-10-26 00:00:00
IDEA,2010-01-21 15:30:00,2010-01-22 00:00:00
IDEA,2010-05-03 22:30:00,2010-05-04 00:00:00
IDEA,2010-07-22 16:30:00,2010-07-23 00:00:00
IDEA,2010-10-25 17:30:00,2010-10-26 00:00:00
IDEA,2011-01-24 18:30:00,2011-01-25 00:00:00
IDEA,2011-06-14 04:30:00,2011-06-14 00:00:00
IDEA,2011-07-29 14:30:00,2011-07-29 00:00:00
IDEA,2011-10-21 18:30:00,2011-10-24 00:00:00
IDEA,2012-01-23 18:30:00,2012-01-24 00:00:00
IDEA,2012-04-26 17:30:00,2012-04-27 00:00:00
IDEA,2012-10-22 18:30:00,2012-10-23 00:00:00
IDEA,2013-01-29 18:30:00,2013-01-30 00:00:00
IDEA,2013-04-25 18:30:00,2013-04-26 00:00:00
IDEA,2013-08-01 22:30:00,2013-08-02 00:00:00
IDEA,2013-10-24 18:30:00,2013-10-25 00:00:00
IDEA,2014-01-27 18:30:00,2014-01-28 00:00:00
IDEA,2014-04-28 21:30:00,2014-04-29 00:00:00
IDEA,2014-07-21 21:30:00,2014-07-22 00:00:00
IDEA,2014-10-20 21:30:00,2014-10-21 00:00:00
IDEA,2015-01-27 21:30:00,2015-01-28 00:00:00
IDEA,2015-04-28 16:30:00,2015-04-29 00:00:00
IDEA,2015-07-21 22:30:00,2015-07-22 00:00:00
IDEA,2015-10-21 16:30:00,2015-10-22 00:00:00
IDEA,2016-01-21 17:30:00,2016-01-22 00:00:00
IDEA,2016-04-28 23:30:00,2016-04-29 00:00:00
IDEA,2016-08-08 16:30:00,2016-08-09 00:00:00
IDEA,2016-10-24 18:30:00,2016-10-25 00:00:00
IDEA,2017-02-11 21:30:00,2017-02-13 00:00:00
IDEA,2017-05-13 14:30:00,2017-05-15 00:00:00
IDEA,2017-07-27 16:30:00,2017-07-28 00:00:00
IDEA,2017-11-13 05:30:00,2017-11-13 00:00:00
IDEA,2018-01-24 12:30:00,2018-01-24 00:00:00
IDEA,2018-04-28 14:30:00,2018-04-30 00:00:00
IDEA,2018-07-30 15:30:00,2018-07-31 00:00:00
IDEA,2018-11-14 18:30:00,2018-11-15 00:00:00
IDEA,2019-02-06 17:30:00,2019-02-07 00:00:00
IDEA,2019-05-13 18:30:00,2019-05-14 00:00:00
IDEA,2019-07-26 16:30:00,2019-07-29 00:00:00
IDEA,2019-11-14 19:30:00,2019-11-15 00:00:00
IDEA,2020-02-13 18:30:00,2020-02-14 00:00:00
IDEA,2020-06-30 23:30:00,2020-07-01 00:00:00
IDEA,2020-08-06 15:30:00,2020-08-07 00:00:00
IDEA,2020-10-29 17:30:00,2020-10-30 00:00:00
IDEA,2021-02-13 15:30:00,2021-02-15 00:00:00
IDEA,2021-06-30 19:30:00,2021-07-01 00:00:00
IDEA,2021-08-14 19:30:00,2021-08-16 00:00:00
IDEA,2021-11-12 14:30:00,2021-11-12 00:00:00
IDEA,2022-01-21 22:30:00,2022-01-24 00:00:00
IDEA,2022-05-10 17:30:00,2022-05-11 00:00:00
IDEA,2022-08-03 17:30:00,2022-08-04 00:00:00
IDEA,2022-11-03 18:30:00,2022-11-04 00:00:00
IDEA,2023-02-14 20:30:00,2023-02-15 00:00:00
IDEA,2023-05-25 20:30:00,2023-05-26 00:00:00
IDEA,2023-08-14 19:30:00,2023-08-15 00:00:00
IDEA,2023-10-26 18:30:00,2023-10-27 00:00:00
IDEA,2024-01-29 18:30:00,2024-01-30 00:00:00
IDEA,2024-05-16 18:30:00,2024-05-17 00:00:00
IDEA,2024-08-12 18:30:00,2024-08-13 00:00:00
IDEA,2024-11-13 17:30:00,2024-11-14 00:00:00
IDEA,2025-02-11 18:30:00,2025-02-12 00:00:00
IDEA,2025-05-30 22:30:00,2025-06-02 00:00:00
IDEA,2025-08-14 17:30:00,2025-08-15 00:00:00
IDEA,2025-11-10 17:30:00,2025-11-11 00:00:00
IDEA,2026-01-27 19:30:00,2026-01-28 00:00:00
IDEA,2026-05-16 17:30:00,2026-05-18 00:00:00
IDEA,2026-08-10 18:30:00,2026-08-11 00:00:00
IDEA,2026-11-13 15:30:00,2026-11-16 00:00:00
IDFCFIRSTB,2016-01-27 17:30:00,2016-01-28 00:00:00
IDFCFIRSTB,2016-04-26 17:30:00,2016-04-27 00:00:00
IDFCFIRSTB,2016-07-26 19:30:00,2016-07-27 00:00:00
IDFCFIRSTB,2016-10-25 16:30:00,2016-10-26 00:00:00
IDFCFIRSTB,2017-04-26 19:30:00,2017-04-27 00:00:00
IDFCFIRSTB,2017-10-25 14:30:00,2017-10-25 00:00:00
IDFCFIRSTB,2018-01-19 14:30:00,2018-01-19 00:00:00
IDFCFIRSTB,2018-04-24 18:30:00,2018-04-25 00:00:00
IDFCFIRSTB,2018-07-30 17:30:00,2018-07-31 00:00:00
IDFCFIRSTB,2018-10-25 14:30:00,2018-10-25 00:00:00
IDFCFIRSTB,2019-02-06 19:30:00,2019-02-07 00:00:00
IDFCFIRSTB,2019-05-10 20:30:00,2019-05-13 00:00:00
IDFCFIRSTB,2019-07-24 20:30:00,2019-07-25 00:00:00
IDFCFIRSTB,2019-10-24 19:30:00,2019-10-25 00:00:00
IDFCFIRSTB,2020-01-29 21:30:00,2020-01-30 00:00:00
IDFCFIRSTB,2020-05-22 17:30:00,2020-05-25 00:00:00
IDFCFIRSTB,2020-07-28 20:30:00,2020-07-29 00:00:00
IDFCFIRSTB,2020-10-31 19:30:00,2020-11-02 00:00:00
IDFCFIRSTB,2021-01-30 19:30:00,2021-02-01 00:00:00
IDFCFIRSTB,2021-05-08 21:30:00,2021-05-10 00:00:00
IDFCFIRSTB,2021-07-31 16:30:00,2021-08-02 00:00:00
IDFCFIRSTB,2021-10-30 15:30:00,2021-11-01 00:00:00
IDFCFIRSTB,2022-01-29 17:30:00,2022-01-31 00:00:00
IDFCFIRSTB,2022-04-30 15:30:00,2022-05-02 00:00:00
IDFCFIRSTB,2022-07-30 15:30:00,2022-08-01 00:00:00
IDFCFIRSTB,2022-10-22 15:30:00,2022-10-24 00:00:00
IDFCFIRSTB,2023-01-21 15:30:00,2023-01-23 00:00:00
IDFCFIRSTB,2023-04-29 16:30:00,2023-05-01 00:00:00
IDFCFIRSTB,2023-07-29 16:30:00,2023-07-31 00:00:00
IDFCFIRSTB,2023-10-28 15:30:00,2023-10-30 00:00:00
IDFCFIRSTB,2024-01-20 16:30:00,2024-01-22 00:00:00
IDFCFIRSTB,2024-04-27 16:30:00,2024-04-29 00:00:00
IDFCFIRSTB,2024-07-27 15:30:00,2024-07-29 00:00:00
IDFCFIRSTB,2024-10-26 16:30:00,2024-10-28 00:00:00
IDFCFIRSTB,2025-01-25 16:30:00,2025-01-27 00:00:00
IDFCFIRSTB,2025-04-26 16:30:00,2025-04-28 00:00:00
IDFCFIRSTB,2025-07-26 14:30:00,2025-07-28 00:00:00
IDFCFIRSTB,2025-10-18 16:30:00,2025-10-20 00:00:00
IDFCFIRSTB,2026-01-31 15:30:00,2026-02-02 00:00:00
IDFCFIRSTB,2026-04-25 15:30:00,2026-04-27 00:00:00
IDFCFIRSTB,2026-07-25 15:30:00,2026-07-27 00:00:00
IDFCFIRSTB,2026-10-17 15:30:00,2026-10-19 00:00:00
INDHOTEL,2007-10-26 17:30:00,2007-10-29 00:00:00
INDHOTEL,2008-10-20 13:30:00,2008-10-20 00:00:00
INDHOTEL,2009-01-29 13:30:00,2009-01-29 00:00:00
INDHOTEL,2009-06-12 20:30:00,2009-06-15 00:00:00
INDHOTEL,2013-05-30 18:30:00,2013-05-31 00:00:00
INDHOTEL,2014-02-11 18:30:00,2014-02-12 00:00:00
INDHOTEL,2014-05-30 20:30:00,2014-06-02 00:00:00
INDHOTEL,2014-08-11 20:30:00,2014-08-12 00:00:00
INDHOTEL,2014-11-14 19:30:00,2014-11-17 00:00:00
INDHOTEL,2015-02-04 19:30:00,2015-02-05 00:00:00
INDHOTEL,2015-05-29 18:30:00,2015-06-01 00:00:00
INDHOTEL,2015-08-12 20:30:00,2015-08-13 00:00:00
INDHOTEL,2015-11-10 00:30:00,2015-11-10 00:00:00
INDHOTEL,2016-01-18 17:30:00,2016-01-19 00:00:00
INDHOTEL,2016-05-18 17:30:00,2016-05-19 00:00:00
INDHOTEL,2016-08-10 23:30:00,2016-08-11 00:00:00
INDHOTEL,2016-11-04 22:30:00,2016-11-07 00:00:00
INDHOTEL,2017-02-03 21:30:00,2017-02-06 00:00:00
INDHOTEL,2017-08-04 18:30:00,2017-08-07 00:00:00
INDHOTEL,2017-11-13 16:30:00,2017-11-14 00:00:00
INDHOTEL,2018-02-12 23:30:00,2018-02-13 00:00:00
INDHOTEL,2018-05-25 16:30:00,2018-05-28 00:00:00
INDHOTEL,2018-08-10 17:30:00,2018-08-13 00:00:00
INDHOTEL,2018-11-14 17:30:00,2018-11-15 00:00:00
INDHOTEL,2019-02-12 16:30:00,2019-02-13 00:00:00
INDHOTEL,2019-04-30 17:30:00,2019-05-01 00:00:00
INDHOTEL,2019-08-05 16:30:00,2019-08-06 00:00:00
INDHOTEL,2019-11-11 17:30:00,2019-11-12 00:00:00
INDHOTEL,2020-01-31 15:30:00,2020-02-03 00:00:00
INDHOTEL,2020-06-10 18:30:00,2020-06-11 00:00:00
INDHOTEL,2020-11-04 17:30:00,2020-11-05 00:00:00
INDHOTEL,2021-02-03 16:30:00,2021-02-04 00:00:00
INDHOTEL,2021-04-30 19:30:00,2021-05-03 00:00:00
INDHOTEL,2021-08-09 16:30:00,2021-08-10 00:00:00
INDHOTEL,2021-10-21 15:30:00,2021-10-22 00:00:00
INDHOTEL,2022-02-01 20:30:00,2022-02-02 00:00:00
INDHOTEL,2022-04-27 18:30:00,2022-04-28 00:00:00
INDHOTEL,2022-08-08 15:30:00,2022-08-09 00:00:00
INDHOTEL,2022-11-10 17:30:00,2022-11-11 00:00:00
INDHOTEL,2023-01-31 16:30:00,2023-02-01 00:00:00
INDHOTEL,2023-04-27 18:30:00,2023-04-28 00:00:00
INDHOTEL,2023-07-27 16:30:00,2023-07-28 00:00:00
INDHOTEL,2023-10-27 14:30:00,2023-10-27 00:00:00
INDHOTEL,2024-02-01 16:30:00,2024-02-02 00:00:00
INDHOTEL,2024-04-24 17:30:00,2024-04-25 00:00:00
INDHOTEL,2024-07-19 16:30:00,2024-07-22 00:00:00
INDHOTEL,2024-11-07 16:30:00,2024-11-08 00:00:00
INDHOTEL,2025-01-17 15:30:00,2025-01-20 00:00:00
INDHOTEL,2025-05-05 17:30:00,2025-05-06 00:00:00
INDHOTEL,2025-07-17 16:30:00,2025-07-18 00:00:00
INDHOTEL,2025-11-04 16:30:00,2025-11-05 00:00:00
INDHOTEL,2026-02-12 16:30:00,2026-02-13 00:00:00
INDHOTEL,2026-05-11 17:30:00,2026-05-12 00:00:00
INDHOTEL,2026-07-21 17:30:00,2026-07-22 00:00:00
INDHOTEL,2026-11-04 15:30:00,2026-11-05 00:00:00
INDIANB,2008-04-23 13:30:00,2008-04-23 00:00:00
INDIANB,2008-07-19 12:30:00,2008-07-21 00:00:00
INDIANB,2008-10-18 15:30:00,2008-10-20 00:00:00
INDIANB,2009-01-21 10:30:00,2009-01-21 00:00:00
INDIANB,2009-04-27 11:30:00,2009-04-27 00:00:00
INDIANB,2009-07-23 11:30:00,2009-07-23 00:00:00
INDIANB,2009-10-23 10:30:00,2009-10-23 00:00:00
INDIANB,2012-05-11 12:30:00,2012-05-11 00:00:00
INDIANB,2012-10-20 18:30:00,2012-10-22 00:00:00
INDIANB,2013-02-02 11:30:00,2013-02-04 00:00:00
INDIANB,2013-05-09 14:30:00,2013-05-09 00:00:00
INDIANB,2013-07-29 14:30:00,2013-07-29 00:00:00
INDIANB,2013-11-08 13:30:00,2013-11-08 00:00:00
INDIANB,2014-01-23 14:30:00,2014-01-23 00:00:00
INDIANB,2014-05-12 14:30:00,2014-05-12 00:00:00
INDIANB,2014-07-25 18:30:00,2014-07-28 00:00:00
INDIANB,2019-05-14 14:30:00,2019-05-14 00:00:00
INDIANB,2019-08-05 14:30:00,2019-08-05 00:00:00
INDIANB,2019-10-23 14:30:00,2019-10-23 00:00:00
INDIANB,2020-06-23 14:30:00,2020-06-23 00:00:00
INDIANB,2020-10-22 13:30:00,2020-10-22 00:00:00
INDIANB,2021-01-22 13:30:00,2021-01-22 00:00:00
INDIANB,2021-05-28 15:30:00,2021-05-31 00:00:00
INDIANB,2021-07-19 13:30:00,2021-07-19 00:00:00
INDIANB,2021-10-28 13:30:00,2021-10-28 00:00:00
INDIANB,2022-02-07 14:30:00,2022-02-07 00:00:00
INDIANB,2022-05-11 17:30:00,2022-05-12 00:00:00
INDIANB,2022-07-30 16:30:00,2022-08-01 00:00:00
INDIANB,2022-11-03 12:30:00,2022-11-03 00:00:00
INDIANB,2023-01-25 13:30:00,2023-01-25 00:00:00
INDIANB,2023-05-08 13:30:00,2023-05-08 00:00:00
INDIANB,2023-07-27 13:30:00,2023-07-27 00:00:00
INDIANB,2023-10-26 13:30:00,2023-10-26 00:00:00
INDIANB,2024-01-24 13:30:00,2024-01-24 00:00:00
INDIANB,2024-05-06 13:30:00,2024-05-06 00:00:00
INDIANB,2024-07-29 13:30:00,2024-07-29 00:00:00
INDIANB,2024-10-28 12:30:00,2024-10-28 00:00:00
INDIANB,2025-01-29 13:30:00,2025-01-29 00:00:00
INDIANB,2025-05-03 15:30:00,2025-05-05 00:00:00
INDIANB,2025-07-24 12:30:00,2025-07-24 00:00:00
INDIANB,2025-10-16 12:30:00,2025-10-16 00:00:00
INDIANB,2026-01-22 13:30:00,2026-01-22 00:00:00
INDIANB,2026-04-29 13:30:00,2026-04-29 00:00:00
INDIANB,2026-07-10 12:30:00,2026-07-10 00:00:00
INDIANB,2026-10-08 15:30:00,2026-10-09 00:00:00
INDIGO,2016-04-29 23:30:00,2016-05-02 00:00:00
INDIGO,2016-08-01 21:30:00,2016-08-02 00:00:00
INDIGO,2016-11-08 20:30:00,2016-11-09 00:00:00
INDIGO,2017-01-31 20:30:00,2017-02-01 00:00:00
INDIGO,2017-05-29 10:30:00,2017-05-29 00:00:00
INDIGO,2017-11-01 06:30:00,2017-11-01 00:00:00
INDIGO,2018-01-24 15:30:00,2018-01-25 00:00:00
INDIGO,2018-05-02 22:30:00,2018-05-03 00:00:00
INDIGO,2018-07-30 16:30:00,2018-07-31 00:00:00
INDIGO,2018-10-24 15:30:00,2018-10-25 00:00:00
INDIGO,2019-01-23 15:30:00,2019-01-24 00:00:00
INDIGO,2019-05-27 17:30:00,2019-05-28 00:00:00
INDIGO,2019-07-19 15:30:00,2019-07-22 00:00:00
INDIGO,2019-10-24 15:30:00,2019-10-25 00:00:00
INDIGO,2020-01-27 15:30:00,2020-01-28 00:00:00
INDIGO,2020-06-02 15:30:00,2020-06-03 00:00:00
INDIGO,2020-07-29 15:30:00,2020-07-30 00:00:00
INDIGO,2020-10-29 15:30:00,2020-10-30 00:00:00
INDIGO,2021-01-28 15:30:00,2021-01-29 00:00:00
INDIGO,2021-06-05 19:30:00,2021-06-07 00:00:00
INDIGO,2021-07-27 15:30:00,2021-07-28 00:00:00
INDIGO,2021-10-28 16:30:00,2021-10-29 00:00:00
INDIGO,2022-02-04 17:30:00,2022-02-07 00:00:00
INDIGO,2022-05-25 15:30:00,2022-05-26 00:00:00
INDIGO,2022-08-03 15:30:00,2022-08-04 00:00:00
INDIGO,2022-11-04 15:30:00,2022-11-07 00:00:00
INDIGO,2023-02-03 16:30:00,2023-02-06 00:00:00
INDIGO,2023-05-18 17:30:00,2023-05-19 00:00:00
INDIGO,2023-08-02 15:30:00,2023-08-03 00:00:00
INDIGO,2023-11-03 15:30:00,2023-11-06 00:00:00
INDIGO,2024-02-02 15:30:00,2024-02-05 00:00:00
INDIGO,2024-05-23 15:30:00,2024-05-24 00:00:00
INDIGO,2024-07-26 15:30:00,2024-07-29 00:00:00
INDIGO,2024-10-25 15:30:00,2024-10-28 00:00:00
INDIGO,2025-01-24 15:30:00,2025-01-27 00:00:00
INDIGO,2025-05-21 15:30:00,2025-05-22 00:00:00
INDIGO,2025-07-30 05:30:00,2025-07-30 00:00:00
INDIGO,2025-11-04 17:30:00,2025-11-05 00:00:00
INDIGO,2026-01-22 15:30:00,2026-01-23 00:00:00
INDIGO,2026-05-29 15:30:00,2026-06-01 00:00:00
INDIGO,2026-07-23 15:30:00,2026-07-24 00:00:00
INDIGO,2026-11-03 15:30:00,2026-11-04 00:00:00
INDUSINDBK,2007-07-25 14:30:00,2007-07-25 00:00:00
INDUSINDBK,2007-10-27 16:30:00,2007-10-29 00:00:00
INDUSINDBK,2008-01-30 14:30:00,2008-01-30 00:00:00
INDUSINDBK,2008-06-24 15:30:00,2008-06-25 00:00:00
INDUSINDBK,2008-07-25 14:30:00,2008-07-25 00:00:00
INDUSINDBK,2008-10-16 12:30:00,2008-10-16 00:00:00
INDUSINDBK,2009-01-15 13:30:00,2009-01-15 00:00:00
INDUSINDBK,2009-05-05 13:30:00,2009-05-05 00:00:00
INDUSINDBK,2009-10-14 13:30:00,2009-10-14 00:00:00
INDUSINDBK,2010-01-15 13:30:00,2010-01-15 00:00:00
INDUSINDBK,2010-04-16 13:30:00,2010-04-16 00:00:00
INDUSINDBK,2010-07-10 05:30:00,2010-07-12 00:00:00
INDUSINDBK,2010-10-11 20:30:00,2010-10-12 00:00:00
INDUSINDBK,2011-01-17 13:30:00,2011-01-17 00:00:00
INDUSINDBK,2011-04-18 18:30:00,2011-04-19 00:00:00
INDUSINDBK,2011-07-08 18:30:00,2011-07-11 00:00:00
INDUSINDBK,2011-10-18 16:30:00,2011-10-19 00:00:00
INDUSINDBK,2012-01-10 18:30:00,2012-01-11 00:00:00
INDUSINDBK,2012-04-19 16:30:00,2012-04-20 00:00:00
INDUSINDBK,2012-07-10 12:30:00,2012-07-10 00:00:00
INDUSINDBK,2012-10-10 10:30:00,2012-10-10 00:00:00
INDUSINDBK,2013-01-09 14:30:00,2013-01-09 00:00:00
INDUSINDBK,2013-04-18 18:30:00,2013-04-19 00:00:00
INDUSINDBK,2013-07-10 14:30:00,2013-07-10 00:00:00
INDUSINDBK,2013-10-14 14:30:00,2013-10-14 00:00:00
INDUSINDBK,2014-01-10 14:30:00,2014-01-10 00:00:00
INDUSINDBK,2014-04-16 14:30:00,2014-04-16 00:00:00
INDUSINDBK,2014-07-09 14:30:00,2014-07-09 00:00:00
INDUSINDBK,2014-10-13 17:30:00,2014-10-14 00:00:00
INDUSINDBK,2015-01-13 18:30:00,2015-01-14 00:00:00
INDUSINDBK,2015-04-16 18:30:00,2015-04-17 00:00:00
INDUSINDBK,2015-07-13 18:30:00,2015-07-14 00:00:00
INDUSINDBK,2015-10-09 18:30:00,2015-10-12 00:00:00
INDUSINDBK,2016-01-12 19:30:00,2016-01-13 00:00:00
INDUSINDBK,2016-04-21 17:30:00,2016-04-22 00:00:00
INDUSINDBK,2016-07-11 19:30:00,2016-07-12 00:00:00
INDUSINDBK,2016-10-12 19:30:00,2016-10-13 00:00:00
INDUSINDBK,2017-01-10 20:30:00,2017-01-11 00:00:00
INDUSINDBK,2017-04-19 21:30:00,2017-04-20 00:00:00
INDUSINDBK,2017-07-12 03:30:00,2017-07-12 00:00:00
INDUSINDBK,2017-10-12 13:30:00,2017-10-12 00:00:00
INDUSINDBK,2018-01-11 20:30:00,2018-01-12 00:00:00
INDUSINDBK,2018-04-19 13:30:00,2018-04-19 00:00:00
INDUSINDBK,2018-07-10 13:30:00,2018-07-10 00:00:00
INDUSINDBK,2018-10-15 13:30:00,2018-10-15 00:00:00
INDUSINDBK,2019-01-09 13:30:00,2019-01-09 00:00:00
INDUSINDBK,2019-05-22 13:30:00,2019-05-22 00:00:00
INDUSINDBK,2019-07-12 13:30:00,2019-07-12 00:00:00
INDUSINDBK,2019-10-10 13:30:00,2019-10-10 00:00:00
INDUSINDBK,2020-01-14 13:30:00,2020-01-14 00:00:00
INDUSINDBK,2020-04-27 15:30:00,2020-04-28 00:00:00
INDUSINDBK,2020-07-28 16:30:00,2020-07-29 00:00:00
INDUSINDBK,2020-10-30 16:30:00,2020-11-02 00:00:00
INDUSINDBK,2021-01-29 15:30:00,2021-02-01 00:00:00
INDUSINDBK,2021-04-30 18:30:00,2021-05-03 00:00:00
INDUSINDBK,2021-07-27 16:30:00,2021-07-28 00:00:00
INDUSINDBK,2021-10-27 16:30:00,2021-10-28 00:00:00
INDUSINDBK,2022-01-29 14:30:00,2022-01-31 00:00:00
INDUSINDBK,2022-04-29 17:30:00,2022-05-02 00:00:00
INDUSINDBK,2022-07-20 15:30:00,2022-07-21 00:00:00
INDUSINDBK,2022-10-19 16:30:00,2022-10-20 00:00:00
INDUSINDBK,2023-01-18 15:30:00,2023-01-19 00:00:00
INDUSINDBK,2023-04-24 13:30:00,2023-04-24 00:00:00
INDUSINDBK,2023-07-18 15:30:00,2023-07-19 00:00:00
INDUSINDBK,2023-10-18 15:30:00,2023-10-19 00:00:00
INDUSINDBK,2024-01-18 15:30:00,2024-01-19 00:00:00
INDUSINDBK,2024-04-25 15:30:00,2024-04-26 00:00:00
INDUSINDBK,2024-07-26 15:30:00,2024-07-29 00:00:00
INDUSINDBK,2024-10-24 15:30:00,2024-10-25 00:00:00
INDUSINDBK,2025-01-31 15:30:00,2025-02-03 00:00:00
INDUSINDBK,2025-05-21 18:30:00,2025-05-22 00:00:00
INDUSINDBK,2025-07-28 16:30:00,2025-07-29 00:00:00
INDUSINDBK,2025-10-18 14:30:00,2025-10-20 00:00:00
INDUSINDBK,2026-01-23 15:30:00,2026-01-26 00:00:00
INDUSINDBK,2026-04-24 16:30:00,2026-04-27 00:00:00
INDUSINDBK,2026-07-22 15:30:00,2026-07-23 00:00:00
INDUSINDBK,2026-10-15 15:30:00,2026-10-16 00:00:00
INDUSTOWER,2013-10-28 14:30:00,2013-10-28 00:00:00
INDUSTOWER,2014-04-24 12:30:00,2014-04-24 00:00:00
INDUSTOWER,2014-07-24 22:30:00,2014-07-25 00:00:00
INDUSTOWER,2014-10-27 23:30:00,2014-10-28 00:00:00
INDUSTOWER,2015-02-03 21:30:00,2015-02-04 00:00:00
INDUSTOWER,2015-04-27 15:30:00,2015-04-28 00:00:00
INDUSTOWER,2015-07-22 22:30:00,2015-07-23 00:00:00
INDUSTOWER,2015-10-23 15:30:00,2015-10-26 00:00:00
INDUSTOWER,2016-01-27 18:30:00,2016-01-28 00:00:00
INDUSTOWER,2016-04-26 23:30:00,2016-04-27 00:00:00
INDUSTOWER,2016-07-26 17:30:00,2016-07-27 00:00:00
INDUSTOWER,2016-10-24 22:30:00,2016-10-25 00:00:00
INDUSTOWER,2017-01-23 22:30:00,2017-01-24 00:00:00
INDUSTOWER,2017-05-08 18:30:00,2017-05-09 00:00:00
INDUSTOWER,2017-07-24 17:30:00,2017-07-25 00:00:00
INDUSTOWER,2017-10-30 16:30:00,2017-10-31 00:00:00
INDUSTOWER,2018-01-17 17:30:00,2018-01-18 00:00:00
INDUSTOWER,2018-04-23 17:30:00,2018-04-24 00:00:00
INDUSTOWER,2018-07-25 18:30:00,2018-07-26 00:00:00
INDUSTOWER,2018-10-24 18:30:00,2018-10-25 00:00:00
INDUSTOWER,2019-01-23 17:30:00,2019-01-24 00:00:00
INDUSTOWER,2019-04-24 18:30:00,2019-04-25 00:00:00
INDUSTOWER,2019-07-24 18:30:00,2019-07-25 00:00:00
INDUSTOWER,2019-10-21 18:30:00,2019-10-22 00:00:00
INDUSTOWER,2020-01-30 19:30:00,2020-01-31 00:00:00
INDUSTOWER,2020-04-23 17:30:00,2020-04-24 00:00:00
INDUSTOWER,2020-07-27 17:30:00,2020-07-28 00:00:00
INDUSTOWER,2020-10-22 15:30:00,2020-10-23 00:00:00
INDUSTOWER,2021-01-28 19:30:00,2021-01-29 00:00:00
INDUSTOWER,2021-04-22 17:30:00,2021-04-23 00:00:00
INDUSTOWER,2021-07-29 17:30:00,2021-07-30 00:00:00
INDUSTOWER,2021-10-25 17:30:00,2021-10-26 00:00:00
INDUSTOWER,2022-01-27 18:30:00,2022-01-28 00:00:00
INDUSTOWER,2022-05-05 20:30:00,2022-05-06 00:00:00
INDUSTOWER,2022-08-02 21:30:00,2022-08-03 00:00:00
INDUSTOWER,2022-10-27 20:30:00,2022-10-28 00:00:00
INDUSTOWER,2023-01-24 19:30:00,2023-01-25 00:00:00
INDUSTOWER,2023-04-26 19:30:00,2023-04-27 00:00:00
INDUSTOWER,2023-07-27 16:30:00,2023-07-28 00:00:00
INDUSTOWER,2023-10-25 20:30:00,2023-10-26 00:00:00
INDUSTOWER,2024-01-23 20:30:00,2024-01-24 00:00:00
INDUSTOWER,2024-04-30 20:30:00,2024-05-01 00:00:00
INDUSTOWER,2024-07-30 20:30:00,2024-07-31 00:00:00
INDUSTOWER,2024-10-22 18:30:00,2024-10-23 00:00:00
INDUSTOWER,2025-01-23 19:30:00,2025-01-24 00:00:00
INDUSTOWER,2025-04-30 21:30:00,2025-05-01 00:00:00
INDUSTOWER,2025-07-30 21:30:00,2025-07-31 00:00:00
INDUSTOWER,2025-10-27 19:30:00,2025-10-28 00:00:00
INDUSTOWER,2026-02-02 18:30:00,2026-02-03 00:00:00
INDUSTOWER,2026-04-30 21:30:00,2026-05-01 00:00:00
INDUSTOWER,2026-07-27 18:30:00,2026-07-28 00:00:00
INDUSTOWER,2026-10-27 15:30:00,2026-10-28 00:00:00
INFY,2004-10-12 09:30:00,2004-10-12 00:00:00
INFY,2005-01-12 08:30:00,2005-01-12 00:00:00
INFY,2005-04-14 09:30:00,2005-04-14 00:00:00
INFY,2005-07-12 08:30:00,2005-07-12 00:00:00
INFY,2005-10-11 08:30:00,2005-10-11 00:00:00
INFY,2006-01-11 08:30:00,2006-01-11 00:00:00
INFY,2006-04-14 09:30:00,2006-04-14 00:00:00
INFY,2006-07-12 08:30:00,2006-07-12 00:00:00
INFY,2006-10-11 08:30:00,2006-10-11 00:00:00
INFY,2007-01-11 08:30:00,2007-01-11 00:00:00
INFY,2007-04-13 09:30:00,2007-04-13 00:00:00
INFY,2007-07-11 08:30:00,2007-07-11 00:00:00
INFY,2007-10-11 08:30:00,2007-10-11 00:00:00
INFY,2008-01-11 08:30:00,2008-01-11 00:00:00
INFY,2008-04-15 09:30:00,2008-04-15 00:00:00
INFY,2008-07-11 08:30:00,2008-07-11 00:00:00
INFY,2009-01-04 04:30:00,2009-01-05 00:00:00
INFY,2009-01-13 23:30:00,2009-01-14 00:00:00
INFY,2009-04-15 08:30:00,2009-04-15 00:00:00
INFY,2009-07-10 08:30:00,2009-07-10 00:00:00
INFY,2009-10-10 08:30:00,2009-10-12 00:00:00
INFY,2010-01-12 08:30:00,2010-01-12 00:00:00
INFY,2010-04-13 09:30:00,2010-04-13 00:00:00
INFY,2010-07-13 11:30:00,2010-07-13 00:00:00
INFY,2010-10-15 07:30:00,2010-10-15 00:00:00
INFY,2011-01-13 09:30:00,2011-01-13 00:00:00
INFY,2011-04-15 09:30:00,2011-04-15 00:00:00
INFY,2011-07-12 08:30:00,2011-07-12 00:00:00
INFY,2011-10-12 08:30:00,2011-10-12 00:00:00
INFY,2012-01-12 09:30:00,2012-01-12 00:00:00
INFY,2012-04-13 10:30:00,2012-04-13 00:00:00
INFY,2012-07-12 08:30:00,2012-07-12 00:00:00
INFY,2012-10-12 09:30:00,2012-10-12 00:00:00
INFY,2013-01-11 09:30:00,2013-01-11 00:00:00
INFY,2013-04-12 10:30:00,2013-04-12 00:00:00
INFY,2013-07-12 08:30:00,2013-07-12 00:00:00
INFY,2013-10-11 09:30:00,2013-10-11 00:00:00
INFY,2014-01-10 09:30:00,2014-01-10 00:00:00
INFY,2014-04-15 09:30:00,2014-04-15 00:00:00
INFY,2014-07-11 08:30:00,2014-07-11 00:00:00
INFY,2014-10-10 08:30:00,2014-10-10 00:00:00
INFY,2015-01-09 12:30:00,2015-01-09 00:00:00
INFY,2015-04-24 13:30:00,2015-04-24 00:00:00
INFY,2015-07-21 10:30:00,2015-07-21 00:00:00
INFY,2015-10-12 08:30:00,2015-10-12 00:00:00
INFY,2016-01-14 09:30:00,2016-01-14 00:00:00
INFY,2016-04-15 09:30:00,2016-04-15 00:00:00
INFY,2016-07-15 09:30:00,2016-07-15 00:00:00
INFY,2016-10-14 09:30:00,2016-10-14 00:00:00
INFY,2017-01-13 08:30:00,2017-01-13 00:00:00
INFY,2017-04-13 08:30:00,2017-04-13 00:00:00
INFY,2017-07-14 08:30:00,2017-07-14 00:00:00
INFY,2017-10-24 15:30:00,2017-10-25 00:00:00
INFY,2018-01-12 15:30:00,2018-01-15 00:00:00
INFY,2018-04-13 16:30:00,2018-04-16 00:00:00
INFY,2018-07-13 15:30:00,2018-07-16 00:00:00
INFY,2018-10-16 15:30:00,2018-10-17 00:00:00
INFY,2019-01-11 15:30:00,2019-01-14 00:00:00
INFY,2019-04-12 15:30:00,2019-04-15 00:00:00
INFY,2019-07-12 15:30:00,2019-07-15 00:00:00
INFY,2019-10-11 15:30:00,2019-10-14 00:00:00
INFY,2020-01-10 16:30:00,2020-01-13 00:00:00
INFY,2020-04-20 17:30:00,2020-04-21 00:00:00
INFY,2020-07-15 16:30:00,2020-07-16 00:00:00
INFY,2020-10-14 15:30:00,2020-10-15 00:00:00
INFY,2021-01-13 15:30:00,2021-01-14 00:00:00
INFY,2021-04-14 15:30:00,2021-04-15 00:00:00
INFY,2021-07-14 15:30:00,2021-07-15 00:00:00
INFY,2021-10-13 15:30:00,2021-10-14 00:00:00
INFY,2022-01-12 15:30:00,2022-01-13 00:00:00
INFY,2022-04-13 15:30:00,2022-04-14 00:00:00
INFY,2022-07-24 17:30:00,2022-07-25 00:00:00
INFY,2022-10-13 15:30:00,2022-10-14 00:00:00
INFY,2023-01-12 15:30:00,2023-01-13 00:00:00
INFY,2023-04-13 15:30:00,2023-04-14 00:00:00
INFY,2023-07-20 15:30:00,2023-07-21 00:00:00
INFY,2023-10-12 15:30:00,2023-10-13 00:00:00
INFY,2024-01-11 15:30:00,2024-01-12 00:00:00
INFY,2024-04-18 16:30:00,2024-04-19 00:00:00
INFY,2024-07-18 15:30:00,2024-07-19 00:00:00
INFY,2024-10-17 15:30:00,2024-10-18 00:00:00
INFY,2025-01-16 15:30:00,2025-01-17 00:00:00
INFY,2025-04-17 15:30:00,2025-04-18 00:00:00
INFY,2025-07-23 15:30:00,2025-07-24 00:00:00
INFY,2025-10-16 15:30:00,2025-10-17 00:00:00
INFY,2026-01-14 15:30:00,2026-01-15 00:00:00
INFY,2026-04-23 17:30:00,2026-04-24 00:00:00
INFY,2026-07-23 15:30:00,2026-07-24 00:00:00
INFY,2026-10-23 15:30:00,2026-10-26 00:00:00
IOC,2007-07-30 11:30:00,2007-07-30 00:00:00
IOC,2007-10-30 11:30:00,2007-10-30 00:00:00
IOC,2008-05-28 12:30:00,2008-05-28 00:00:00
IOC,2009-01-30 11:30:00,2009-01-30 00:00:00
IOC,2009-05-29 13:30:00,2009-05-29 00:00:00
IOC,2009-07-30 11:30:00,2009-07-30 00:00:00
IOC,2009-10-30 11:30:00,2009-10-30 00:00:00
IOC,2010-05-29 02:30:00,2010-05-31 00:00:00
IOC,2010-07-25 04:30:00,2010-07-26 00:00:00
IOC,2010-11-13 14:30:00,2010-11-15 00:00:00
IOC,2011-02-10 18:30:00,2011-02-11 00:00:00
IOC,2011-05-31 15:30:00,2011-06-01 00:00:00
IOC,2011-08-10 12:30:00,2011-08-10 00:00:00
IOC,2011-11-09 11:30:00,2011-11-09 00:00:00
IOC,2012-02-20 19:30:00,2012-02-21 00:00:00
IOC,2012-05-28 17:30:00,2012-05-29 00:00:00
IOC,2012-08-09 12:30:00,2012-08-09 00:00:00
IOC,2012-11-09 20:30:00,2012-11-12 00:00:00
IOC,2013-02-13 09:30:00,2013-02-13 00:00:00
IOC,2013-07-24 04:30:00,2013-07-24 00:00:00
IOC,2013-08-13 18:30:00,2013-08-14 00:00:00
IOC,2013-11-08 13:30:00,2013-11-08 00:00:00
IOC,2014-02-13 18:30:00,2014-02-14 00:00:00
IOC,2014-05-29 09:30:00,2014-05-29 00:00:00
IOC,2014-11-13 19:30:00,2014-11-14 00:00:00
IOC,2015-02-13 19:30:00,2015-02-16 00:00:00
IOC,2015-05-29 18:30:00,2015-06-01 00:00:00
IOC,2015-08-13 22:30:00,2015-08-14 00:00:00
IOC,2015-11-03 18:30:00,2015-11-04 00:00:00
IOC,2016-02-12 15:30:00,2016-02-15 00:00:00
IOC,2016-05-27 20:30:00,2016-05-30 00:00:00
IOC,2016-08-29 13:30:00,2016-08-29 00:00:00
IOC,2016-10-27 14:30:00,2016-10-27 00:00:00
IOC,2017-01-31 13:30:00,2017-01-31 00:00:00
IOC,2017-05-25 14:30:00,2017-05-25 00:00:00
IOC,2017-08-03 15:30:00,2017-08-04 00:00:00
IOC,2017-10-27 13:30:00,2017-10-27 00:00:00
IOC,2018-01-30 13:30:00,2018-01-30 00:00:00
IOC,2018-05-22 14:30:00,2018-05-22 00:00:00
IOC,2018-08-11 18:30:00,2018-08-13 00:00:00
IOC,2018-11-02 12:30:00,2018-11-02 00:00:00
IOC,2019-01-30 13:30:00,2019-01-30 00:00:00
IOC,2019-05-17 13:30:00,2019-05-17 00:00:00
IOC,2019-07-31 13:30:00,2019-07-31 00:00:00
IOC,2019-10-31 14:30:00,2019-10-31 00:00:00
IOC,2020-01-30 14:30:00,2020-01-30 00:00:00
IOC,2020-06-24 14:30:00,2020-06-24 00:00:00
IOC,2020-07-31 05:30:00,2020-07-31 00:00:00
IOC,2020-10-30 13:30:00,2020-10-30 00:00:00
IOC,2021-01-29 12:30:00,2021-01-29 00:00:00
IOC,2021-05-19 14:30:00,2021-05-19 00:00:00
IOC,2021-07-30 12:30:00,2021-07-30 00:00:00
IOC,2021-10-30 13:30:00,2021-11-01 00:00:00
IOC,2022-01-31 17:30:00,2022-02-01 00:00:00
IOC,2022-05-17 15:30:00,2022-05-18 00:00:00
IOC,2022-07-29 14:30:00,2022-07-29 00:00:00
IOC,2022-10-29 16:30:00,2022-10-31 00:00:00
IOC,2023-01-31 11:30:00,2023-01-31 00:00:00
IOC,2023-05-16 12:30:00,2023-05-16 00:00:00
IOC,2023-07-28 13:30:00,2023-07-28 00:00:00
IOC,2023-10-31 13:30:00,2023-10-31 00:00:00
IOC,2024-01-24 14:30:00,2024-01-24 00:00:00
IOC,2024-04-30 14:30:00,2024-04-30 00:00:00
IOC,2024-07-30 14:30:00,2024-07-30 00:00:00
IOC,2024-10-28 14:30:00,2024-10-28 00:00:00
IOC,2025-01-27 14:30:00,2025-01-27 00:00:00
IOC,2025-04-30 14:30:00,2025-04-30 00:00:00
IOC,2025-08-14 13:30:00,2025-08-14 00:00:00
IOC,2025-10-27 15:30:00,2025-10-28 00:00:00
IOC,2026-02-05 13:30:00,2026-02-05 00:00:00
IOC,2026-05-18 21:30:00,2026-05-19 00:00:00
IOC,2026-07-31 17:30:00,2026-08-03 00:00:00
IOC,2026-10-26 15:30:00,2026-10-27 00:00:00
IPCALAB,2007-10-29 12:30:00,2007-10-29 00:00:00
IPCALAB,2008-01-19 16:30:00,2008-01-21 00:00:00
IPCALAB,2008-05-29 14:30:00,2008-05-29 00:00:00
IPCALAB,2008-07-25 12:30:00,2008-07-25 00:00:00
IPCALAB,2008-10-31 13:30:00,2008-10-31 00:00:00
IPCALAB,2009-01-22 12:30:00,2009-01-22 00:00:00
IPCALAB,2009-05-28 14:30:00,2009-05-28 00:00:00
IPCALAB,2009-07-30 10:30:00,2009-07-30 00:00:00
IPCALAB,2009-10-27 11:30:00,2009-10-27 00:00:00
IPCALAB,2010-01-21 12:30:00,2010-01-21 00:00:00
IPCALAB,2012-01-31 13:30:00,2012-01-31 00:00:00
IPCALAB,2012-06-11 18:30:00,2012-06-12 00:00:00
IPCALAB,2012-10-25 10:30:00,2012-10-25 00:00:00
IPCALAB,2013-01-30 09:30:00,2013-01-30 00:00:00
IPCALAB,2013-05-30 10:30:00,2013-05-30 00:00:00
IPCALAB,2013-07-30 14:30:00,2013-07-30 00:00:00
IPCALAB,2013-10-24 14:30:00,2013-10-24 00:00:00
IPCALAB,2014-01-28 14:30:00,2014-01-28 00:00:00
IPCALAB,2014-05-29 09:30:00,2014-05-29 00:00:00
IPCALAB,2014-07-31 18:30:00,2014-08-01 00:00:00
IPCALAB,2014-11-10 18:30:00,2014-11-11 00:00:00
IPCALAB,2015-02-09 22:30:00,2015-02-10 00:00:00
IPCALAB,2015-05-30 17:30:00,2015-06-01 00:00:00
IPCALAB,2015-07-30 18:30:00,2015-07-31 00:00:00
IPCALAB,2015-11-02 22:30:00,2015-11-03 00:00:00
IPCALAB,2016-02-08 17:30:00,2016-02-09 00:00:00
IPCALAB,2016-05-30 18:30:00,2016-05-31 00:00:00
IPCALAB,2016-08-11 17:30:00,2016-08-12 00:00:00
IPCALAB,2016-11-15 14:30:00,2016-11-15 00:00:00
IPCALAB,2017-02-17 21:30:00,2017-02-20 00:00:00
IPCALAB,2017-05-28 13:30:00,2017-05-29 00:00:00
IPCALAB,2017-08-21 17:30:00,2017-08-22 00:00:00
IPCALAB,2017-11-14 13:30:00,2017-11-14 00:00:00
IPCALAB,2018-02-07 12:30:00,2018-02-07 00:00:00
IPCALAB,2018-05-29 12:30:00,2018-05-29 00:00:00
IPCALAB,2018-08-09 13:30:00,2018-08-09 00:00:00
IPCALAB,2018-11-14 13:30:00,2018-11-14 00:00:00
IPCALAB,2019-02-12 13:30:00,2019-02-12 00:00:00
IPCALAB,2019-05-29 13:30:00,2019-05-29 00:00:00
IPCALAB,2019-08-13 12:30:00,2019-08-13 00:00:00
IPCALAB,2019-11-07 13:30:00,2019-11-07 00:00:00
IPCALAB,2020-02-12 13:30:00,2020-02-12 00:00:00
IPCALAB,2020-06-16 13:30:00,2020-06-16 00:00:00
IPCALAB,2020-08-10 13:30:00,2020-08-10 00:00:00
IPCALAB,2020-11-07 11:30:00,2020-11-09 00:00:00
IPCALAB,2021-02-04 12:30:00,2021-02-04 00:00:00
IPCALAB,2021-05-28 13:30:00,2021-05-28 00:00:00
IPCALAB,2021-08-05 12:30:00,2021-08-05 00:00:00
IPCALAB,2021-11-13 12:30:00,2021-11-15 00:00:00
IPCALAB,2022-02-14 12:30:00,2022-02-14 00:00:00
IPCALAB,2022-05-24 12:30:00,2022-05-24 00:00:00
IPCALAB,2022-08-10 12:30:00,2022-08-10 00:00:00
IPCALAB,2022-11-11 12:30:00,2022-11-11 00:00:00
IPCALAB,2023-02-14 15:30:00,2023-02-15 00:00:00
IPCALAB,2023-05-29 13:30:00,2023-05-29 00:00:00
IPCALAB,2023-08-10 12:30:00,2023-08-10 00:00:00
IPCALAB,2023-11-10 13:30:00,2023-11-10 00:00:00
IPCALAB,2024-02-14 13:30:00,2024-02-14 00:00:00
IPCALAB,2024-05-29 13:30:00,2024-05-29 00:00:00
IPCALAB,2024-08-13 12:30:00,2024-08-13 00:00:00
IPCALAB,2024-11-14 12:30:00,2024-11-14 00:00:00
IPCALAB,2025-02-13 12:30:00,2025-02-13 00:00:00
IPCALAB,2025-05-29 13:30:00,2025-05-29 00:00:00
IPCALAB,2025-08-11 13:30:00,2025-08-11 00:00:00
IPCALAB,2025-11-13 13:30:00,2025-11-13 00:00:00
IPCALAB,2026-02-13 13:30:00,2026-02-13 00:00:00
IPCALAB,2026-05-29 13:30:00,2026-05-29 00:00:00
IPCALAB,2026-08-13 13:30:00,2026-08-13 00:00:00
IPCALAB,2026-11-12 15:30:00,2026-11-13 00:00:00
IRCTC,2020-11-12 15:30:00,2020-11-13 00:00:00
IRCTC,2021-01-28 17:30:00,2021-01-29 00:00:00
IRCTC,2021-06-29 15:30:00,2021-06-30 00:00:00
IRCTC,2021-08-12 13:30:00,2021-08-12 00:00:00
IRCTC,2021-11-01 12:30:00,2021-11-01 00:00:00
IRCTC,2022-02-08 15:30:00,2022-02-09 00:00:00
IRCTC,2022-05-30 17:30:00,2022-05-31 00:00:00
IRCTC,2022-08-10 15:30:00,2022-08-11 00:00:00
IRCTC,2022-11-14 16:30:00,2022-11-15 00:00:00
IRCTC,2023-02-09 13:30:00,2023-02-09 00:00:00
IRCTC,2023-05-29 20:30:00,2023-05-30 00:00:00
IRCTC,2023-08-09 15:30:00,2023-08-10 00:00:00
IRCTC,2023-11-07 15:30:00,2023-11-08 00:00:00
IRCTC,2024-02-13 19:30:00,2024-02-14 00:00:00
IRCTC,2024-05-28 18:30:00,2024-05-29 00:00:00
IRCTC,2024-08-13 14:30:00,2024-08-13 00:00:00
IRCTC,2024-11-04 17:30:00,2024-11-05 00:00:00
IRCTC,2025-02-11 15:30:00,2025-02-12 00:00:00
IRCTC,2025-05-28 18:30:00,2025-05-29 00:00:00
IRCTC,2025-08-13 16:30:00,2025-08-14 00:00:00
IRCTC,2025-11-12 19:30:00,2025-11-13 00:00:00
IRCTC,2026-02-12 17:30:00,2026-02-13 00:00:00
IRCTC,2026-05-26 20:30:00,2026-05-27 00:00:00
IRCTC,2026-08-12 19:30:00,2026-08-13 00:00:00
IRCTC,2026-11-12 15:30:00,2026-11-13 00:00:00
IREDA,2024-01-20 13:30:00,2024-01-22 00:00:00
IREDA,2024-04-19 16:30:00,2024-04-22 00:00:00
IREDA,2024-10-10 16:30:00,2024-10-11 00:00:00
IREDA,2025-01-09 20:30:00,2025-01-10 00:00:00
IREDA,2025-04-15 19:30:00,2025-04-16 00:00:00
IREDA,2025-07-10 05:30:00,2025-07-10 00:00:00
IREDA,2025-10-14 11:30:00,2025-10-14 00:00:00
IREDA,2026-01-10 02:30:00,2026-01-12 00:00:00
IREDA,2026-05-29 21:30:00,2026-06-01 00:00:00
IREDA,2026-08-04 03:30:00,2026-08-04 00:00:00
IRFC,2026-10-14 15:30:00,2026-10-15 00:00:00
ITC,2005-01-21 13:30:00,2005-01-21 00:00:00
ITC,2005-05-27 13:30:00,2005-05-27 00:00:00
ITC,2006-01-20 15:30:00,2006-01-23 00:00:00
ITC,2006-05-26 13:30:00,2006-05-26 00:00:00
ITC,2006-10-30 11:30:00,2006-10-30 00:00:00
ITC,2007-01-31 11:30:00,2007-01-31 00:00:00
ITC,2007-05-25 13:30:00,2007-05-25 00:00:00
ITC,2007-07-27 09:30:00,2007-07-27 00:00:00
ITC,2007-10-26 11:30:00,2007-10-26 00:00:00
ITC,2008-01-18 11:30:00,2008-01-18 00:00:00
ITC,2008-05-23 13:30:00,2008-05-23 00:00:00
ITC,2008-07-30 16:30:00,2008-07-31 00:00:00
ITC,2008-10-24 11:30:00,2008-10-24 00:00:00
ITC,2009-01-19 13:30:00,2009-01-19 00:00:00
ITC,2009-05-22 14:30:00,2009-05-22 00:00:00
ITC,2009-07-23 13:30:00,2009-07-23 00:00:00
ITC,2009-10-23 11:30:00,2009-10-23 00:00:00
ITC,2010-01-22 12:30:00,2010-01-22 00:00:00
ITC,2010-05-22 06:30:00,2010-05-24 00:00:00
ITC,2010-07-22 16:30:00,2010-07-23 00:00:00
ITC,2010-10-29 13:30:00,2010-10-29 00:00:00
ITC,2011-01-21 13:30:00,2011-01-21 00:00:00
ITC,2011-05-20 14:30:00,2011-05-20 00:00:00
ITC,2011-07-28 12:30:00,2011-07-28 00:00:00
ITC,2011-10-24 16:30:00,2011-10-25 00:00:00
ITC,2012-01-20 16:30:00,2012-01-23 00:00:00
ITC,2012-05-25 15:30:00,2012-05-28 00:00:00
ITC,2012-10-19 10:30:00,2012-10-19 00:00:00
ITC,2013-01-18 14:30:00,2013-01-18 00:00:00
ITC,2013-05-17 10:30:00,2013-05-17 00:00:00
ITC,2013-07-25 14:30:00,2013-07-25 00:00:00
ITC,2013-10-25 18:30:00,2013-10-28 00:00:00
ITC,2014-01-17 09:30:00,2014-01-17 00:00:00
ITC,2014-05-23 10:30:00,2014-05-23 00:00:00
ITC,2014-07-29 12:30:00,2014-07-29 00:00:00
ITC,2014-10-31 12:30:00,2014-10-31 00:00:00
ITC,2015-01-21 00:30:00,2015-01-21 00:00:00
ITC,2015-05-22 15:30:00,2015-05-25 00:00:00
ITC,2015-07-30 11:30:00,2015-07-30 00:00:00
ITC,2015-10-30 12:30:00,2015-10-30 00:00:00
ITC,2016-01-22 15:30:00,2016-01-25 00:00:00
ITC,2016-05-20 14:30:00,2016-05-20 00:00:00
ITC,2016-07-21 17:30:00,2016-07-22 00:00:00
ITC,2016-10-26 13:30:00,2016-10-26 00:00:00
ITC,2017-01-27 12:30:00,2017-01-27 00:00:00
ITC,2017-05-26 14:30:00,2017-05-26 00:00:00
ITC,2017-07-27 18:30:00,2017-07-28 00:00:00
ITC,2017-10-27 14:30:00,2017-10-27 00:00:00
ITC,2018-01-19 12:30:00,2018-01-19 00:00:00
ITC,2018-05-16 13:30:00,2018-05-16 00:00:00
ITC,2018-07-26 16:30:00,2018-07-27 00:00:00
ITC,2018-10-26 13:30:00,2018-10-26 00:00:00
ITC,2019-01-23 13:30:00,2019-01-23 00:00:00
ITC,2019-05-13 14:30:00,2019-05-13 00:00:00
ITC,2019-08-02 18:30:00,2019-08-05 00:00:00
ITC,2019-10-24 16:30:00,2019-10-25 00:00:00
ITC,2020-01-31 19:30:00,2020-02-03 00:00:00
ITC,2020-06-26 18:30:00,2020-06-29 00:00:00
ITC,2020-07-24 18:30:00,2020-07-27 00:00:00
ITC,2020-11-06 20:30:00,2020-11-09 00:00:00
ITC,2021-02-11 19:30:00,2021-02-12 00:00:00
ITC,2021-06-01 18:30:00,2021-06-02 00:00:00
ITC,2021-07-24 19:30:00,2021-07-26 00:00:00
ITC,2021-10-27 19:30:00,2021-10-28 00:00:00
ITC,2022-02-03 19:30:00,2022-02-04 00:00:00
ITC,2022-05-18 17:30:00,2022-05-19 00:00:00
ITC,2022-08-01 16:30:00,2022-08-02 00:00:00
ITC,2022-10-20 19:30:00,2022-10-21 00:00:00
ITC,2023-02-03 16:30:00,2023-02-06 00:00:00
ITC,2023-05-18 14:30:00,2023-05-18 00:00:00
ITC,2023-08-14 16:30:00,2023-08-15 00:00:00
ITC,2023-10-19 19:30:00,2023-10-20 00:00:00
ITC,2024-01-29 18:30:00,2024-01-30 00:00:00
ITC,2024-05-23 13:30:00,2024-05-23 00:00:00
ITC,2024-08-01 15:30:00,2024-08-02 00:00:00
ITC,2024-10-24 18:30:00,2024-10-25 00:00:00
ITC,2025-02-06 18:30:00,2025-02-07 00:00:00
ITC,2025-05-22 16:30:00,2025-05-23 00:00:00
ITC,2025-08-01 16:30:00,2025-08-04 00:00:00
ITC,2025-10-30 16:30:00,2025-10-31 00:00:00
ITC,2026-01-29 18:30:00,2026-01-30 00:00:00
ITC,2026-05-21 14:30:00,2026-05-21 00:00:00
ITC,2026-07-31 16:30:00,2026-08-03 00:00:00
ITC,2026-10-29 15:30:00,2026-10-30 00:00:00
ITCHOTELS,2025-05-15 13:30:00,2025-05-15 00:00:00
ITCHOTELS,2025-07-16 13:30:00,2025-07-16 00:00:00
ITCHOTELS,2025-10-24 13:30:00,2025-10-24 00:00:00
ITCHOTELS,2026-01-20 13:30:00,2026-01-20 00:00:00
ITCHOTELS,2026-05-15 14:30:00,2026-05-15 00:00:00
ITCHOTELS,2026-07-16 13:30:00,2026-07-16 00:00:00
JINDALSTEL,2008-05-27 14:30:00,2008-05-27 00:00:00
JINDALSTEL,2008-10-30 14:30:00,2008-10-30 00:00:00
JINDALSTEL,2009-01-29 15:30:00,2009-01-30 00:00:00
JINDALSTEL,2009-05-27 17:30:00,2009-05-28 00:00:00
JINDALSTEL,2009-07-30 04:30:00,2009-07-30 00:00:00
JINDALSTEL,2010-01-15 05:30:00,2010-01-15 00:00:00
JINDALSTEL,2010-10-27 04:30:00,2010-10-27 00:00:00
JINDALSTEL,2011-01-24 20:30:00,2011-01-25 00:00:00
JINDALSTEL,2011-10-18 14:30:00,2011-10-18 00:00:00
JINDALSTEL,2012-01-18 18:30:00,2012-01-19 00:00:00
JINDALSTEL,2012-04-28 04:30:00,2012-04-30 00:00:00
JINDALSTEL,2013-02-12 09:30:00,2013-02-12 00:00:00
JINDALSTEL,2013-04-25 18:30:00,2013-04-26 00:00:00
JINDALSTEL,2013-07-30 18:30:00,2013-07-31 00:00:00
JINDALSTEL,2013-10-30 18:30:00,2013-10-31 00:00:00
JINDALSTEL,2014-01-28 18:30:00,2014-01-29 00:00:00
JINDALSTEL,2014-04-29 14:30:00,2014-04-29 00:00:00
JINDALSTEL,2014-08-06 20:30:00,2014-08-07 00:00:00
JINDALSTEL,2014-11-04 21:30:00,2014-11-05 00:00:00
JINDALSTEL,2015-02-04 13:30:00,2015-02-04 00:00:00
JINDALSTEL,2015-05-27 23:30:00,2015-05-28 00:00:00
JINDALSTEL,2015-08-12 21:30:00,2015-08-13 00:00:00
JINDALSTEL,2015-11-14 23:30:00,2015-11-16 00:00:00
JINDALSTEL,2016-05-04 22:30:00,2016-05-05 00:00:00
JINDALSTEL,2016-09-08 22:30:00,2016-09-09 00:00:00
JINDALSTEL,2016-12-09 00:30:00,2016-12-09 00:00:00
JINDALSTEL,2017-02-14 21:30:00,2017-02-15 00:00:00
JINDALSTEL,2017-05-23 13:30:00,2017-05-23 00:00:00
JINDALSTEL,2017-08-08 17:30:00,2017-08-09 00:00:00
JINDALSTEL,2017-11-09 17:30:00,2017-11-10 00:00:00
JINDALSTEL,2018-01-25 16:30:00,2018-01-26 00:00:00
JINDALSTEL,2018-05-09 16:30:00,2018-05-10 00:00:00
JINDALSTEL,2018-08-09 16:30:00,2018-08-10 00:00:00
JINDALSTEL,2018-11-13 16:30:00,2018-11-14 00:00:00
JINDALSTEL,2019-02-02 17:30:00,2019-02-04 00:00:00
JINDALSTEL,2019-05-21 19:30:00,2019-05-22 00:00:00
JINDALSTEL,2019-08-14 13:30:00,2019-08-14 00:00:00
JINDALSTEL,2019-11-05 18:30:00,2019-11-06 00:00:00
JINDALSTEL,2020-01-18 14:30:00,2020-01-20 00:00:00
JINDALSTEL,2020-05-25 18:30:00,2020-05-26 00:00:00
JINDALSTEL,2020-07-22 14:30:00,2020-07-22 00:00:00
JINDALSTEL,2020-10-30 12:30:00,2020-10-30 00:00:00
JINDALSTEL,2021-01-21 14:30:00,2021-01-21 00:00:00
JINDALSTEL,2021-05-12 15:30:00,2021-05-13 00:00:00
JINDALSTEL,2021-08-10 13:30:00,2021-08-10 00:00:00
JINDALSTEL,2021-11-02 13:30:00,2021-11-02 00:00:00
JINDALSTEL,2022-02-08 15:30:00,2022-02-09 00:00:00
JINDALSTEL,2022-05-30 19:30:00,2022-05-31 00:00:00
JINDALSTEL,2022-07-15 17:30:00,2022-07-18 00:00:00
JINDALSTEL,2022-11-10 16:30:00,2022-11-11 00:00:00
JINDALSTEL,2023-02-01 15:30:00,2023-02-02 00:00:00
JINDALSTEL,2023-05-16 17:30:00,2023-05-17 00:00:00
JINDALSTEL,2023-08-11 05:30:00,2023-08-11 00:00:00
JINDALSTEL,2023-10-31 16:30:00,2023-11-01 00:00:00
JINDALSTEL,2024-01-31 16:30:00,2024-02-01 00:00:00
JINDALSTEL,2024-05-13 17:30:00,2024-05-14 00:00:00
JINDALSTEL,2024-07-24 17:30:00,2024-07-25 00:00:00
JINDALSTEL,2024-11-06 16:30:00,2024-11-07 00:00:00
JINDALSTEL,2025-01-30 16:30:00,2025-01-31 00:00:00
JINDALSTEL,2025-04-30 20:30:00,2025-05-01 00:00:00
JINDALSTEL,2025-08-12 18:30:00,2025-08-13 00:00:00
JINDALSTEL,2025-10-28 17:30:00,2025-10-29 00:00:00
JINDALSTEL,2026-01-30 16:30:00,2026-02-02 00:00:00
JINDALSTEL,2026-05-01 19:30:00,2026-05-04 00:00:00
JINDALSTEL,2026-07-24 17:30:00,2026-07-27 00:00:00
JINDALSTEL,2026-10-28 15:30:00,2026-10-29 00:00:00
JKCEMENT,2007-10-26 14:30:00,2007-10-26 00:00:00
JKCEMENT,2008-01-29 14:30:00,2008-01-29 00:00:00
JKCEMENT,2008-05-23 03:30:00,2008-05-23 00:00:00
JKCEMENT,2008-07-26 17:30:00,2008-07-28 00:00:00
JKCEMENT,2008-10-27 14:30:00,2008-10-27 00:00:00
JKCEMENT,2009-01-31 17:30:00,2009-02-02 00:00:00
JKCEMENT,2013-02-04 09:30:00,2013-02-04 00:00:00
JKCEMENT,2013-05-11 14:30:00,2013-05-13 00:00:00
JKCEMENT,2014-05-19 06:30:00,2014-05-19 00:00:00
JKCEMENT,2014-08-01 23:30:00,2014-08-04 00:00:00
JKCEMENT,2014-11-03 13:30:00,2014-11-03 00:00:00
JKCEMENT,2015-02-15 01:30:00,2015-02-16 00:00:00
JKCEMENT,2015-05-23 21:30:00,2015-05-25 00:00:00
JKCEMENT,2015-08-03 16:30:00,2015-08-04 00:00:00
JKCEMENT,2015-10-31 15:30:00,2015-11-02 00:00:00
JKCEMENT,2016-02-06 20:30:00,2016-02-08 00:00:00
JKCEMENT,2016-05-28 21:30:00,2016-05-30 00:00:00
JKCEMENT,2016-08-06 21:30:00,2016-08-08 00:00:00
JKCEMENT,2016-10-29 18:30:00,2016-10-31 00:00:00
JKCEMENT,2017-02-04 20:30:00,2017-02-06 00:00:00
JKCEMENT,2017-05-13 14:30:00,2017-05-15 00:00:00
JKCEMENT,2017-08-12 13:30:00,2017-08-14 00:00:00
JKCEMENT,2017-11-11 14:30:00,2017-11-13 00:00:00
JKCEMENT,2018-02-03 14:30:00,2018-02-05 00:00:00
JKCEMENT,2018-05-12 15:30:00,2018-05-14 00:00:00
JKCEMENT,2018-07-28 15:30:00,2018-07-30 00:00:00
JKCEMENT,2018-11-03 13:30:00,2018-11-05 00:00:00
JKCEMENT,2019-02-02 17:30:00,2019-02-04 00:00:00
JKCEMENT,2019-05-18 15:30:00,2019-05-20 00:00:00
JKCEMENT,2019-08-03 16:30:00,2019-08-05 00:00:00
JKCEMENT,2019-11-09 16:30:00,2019-11-11 00:00:00
JKCEMENT,2020-02-08 15:30:00,2020-02-10 00:00:00
JKCEMENT,2020-06-17 18:30:00,2020-06-18 00:00:00
JKCEMENT,2020-08-31 18:30:00,2020-09-01 00:00:00
JKCEMENT,2020-11-09 18:30:00,2020-11-10 00:00:00
JKCEMENT,2021-02-06 15:30:00,2021-02-08 00:00:00
JKCEMENT,2021-06-12 15:30:00,2021-06-14 00:00:00
JKCEMENT,2021-08-14 15:30:00,2021-08-16 00:00:00
JKCEMENT,2021-11-13 14:30:00,2021-11-15 00:00:00
JKCEMENT,2022-02-05 14:30:00,2022-02-07 00:00:00
JKCEMENT,2022-05-21 16:30:00,2022-05-23 00:00:00
JKCEMENT,2022-08-13 16:30:00,2022-08-15 00:00:00
JKCEMENT,2022-11-12 14:30:00,2022-11-14 00:00:00
JKCEMENT,2023-02-05 17:30:00,2023-02-06 00:00:00
JKCEMENT,2023-05-27 15:30:00,2023-05-29 00:00:00
JKCEMENT,2023-08-12 15:30:00,2023-08-14 00:00:00
JKCEMENT,2023-11-04 14:30:00,2023-11-06 00:00:00
JKCEMENT,2024-01-20 13:30:00,2024-01-22 00:00:00
JKCEMENT,2024-05-12 14:30:00,2024-05-13 00:00:00
JKCEMENT,2024-07-20 13:30:00,2024-07-22 00:00:00
JKCEMENT,2024-10-26 16:30:00,2024-10-28 00:00:00
JKCEMENT,2025-01-25 15:30:00,2025-01-27 00:00:00
JKCEMENT,2025-05-24 14:30:00,2025-05-26 00:00:00
JKCEMENT,2025-07-19 13:30:00,2025-07-21 00:00:00
JKCEMENT,2025-11-01 13:30:00,2025-11-03 00:00:00
JKCEMENT,2026-01-17 14:30:00,2026-01-19 00:00:00
JKCEMENT,2026-05-23 16:30:00,2026-05-25 00:00:00
JKCEMENT,2026-07-18 15:30:00,2026-07-20 00:00:00
JKCEMENT,2026-10-31 15:30:00,2026-11-02 00:00:00
JSL,2017-11-14 15:30:00,2017-11-15 00:00:00
JSL,2018-02-14 15:30:00,2018-02-15 00:00:00
JSL,2018-04-25 17:30:00,2018-04-26 00:00:00
JSL,2018-07-17 18:30:00,2018-07-18 00:00:00
JSL,2018-10-26 16:30:00,2018-10-29 00:00:00
JSL,2019-02-12 15:30:00,2019-02-13 00:00:00
JSL,2019-05-20 17:30:00,2019-05-21 00:00:00
JSL,2019-08-05 18:30:00,2019-08-06 00:00:00
JSL,2019-11-11 16:30:00,2019-11-12 00:00:00
JSL,2020-06-06 16:30:00,2020-06-08 00:00:00
JSL,2020-09-08 13:30:00,2020-09-08 00:00:00
JSL,2020-10-30 16:30:00,2020-11-02 00:00:00
JSL,2021-02-04 15:30:00,2021-02-05 00:00:00
JSL,2021-05-14 13:30:00,2021-05-14 00:00:00
JSL,2021-10-26 13:30:00,2021-10-26 00:00:00
JSL,2022-02-07 15:30:00,2022-02-08 00:00:00
JSL,2022-05-02 15:30:00,2022-05-03 00:00:00
JSL,2022-07-25 16:30:00,2022-07-26 00:00:00
JSL,2022-11-02 16:30:00,2022-11-03 00:00:00
JSL,2023-01-23 14:30:00,2023-01-23 00:00:00
JSL,2023-05-17 15:30:00,2023-05-18 00:00:00
JSL,2023-07-26 15:30:00,2023-07-27 00:00:00
JSL,2023-10-19 15:30:00,2023-10-20 00:00:00
JSL,2024-01-18 14:30:00,2024-01-18 00:00:00
JSL,2024-05-15 17:30:00,2024-05-16 00:00:00
JSL,2024-07-30 16:30:00,2024-07-31 00:00:00
JSL,2024-10-17 14:30:00,2024-10-17 00:00:00
JSL,2025-01-29 15:30:00,2025-01-30 00:00:00
JSL,2025-05-08 16:30:00,2025-05-09 00:00:00
JSL,2025-11-10 15:30:00,2025-11-11 00:00:00
JSL,2026-01-21 05:30:00,2026-01-21 00:00:00
JSL,2026-05-04 15:30:00,2026-05-05 00:00:00
JSL,2026-08-03 14:30:00,2026-08-03 00:00:00
JSL,2026-11-13 15:30:00,2026-11-16 00:00:00
JSWENERGY,2012-07-21 04:30:00,2012-07-23 00:00:00
JSWENERGY,2012-11-01 10:30:00,2012-11-01 00:00:00
JSWENERGY,2013-10-26 18:30:00,2013-10-28 00:00:00
JSWENERGY,2014-04-30 14:30:00,2014-04-30 00:00:00
JSWENERGY,2014-07-23 19:30:00,2014-07-24 00:00:00
JSWENERGY,2014-10-31 20:30:00,2014-11-03 00:00:00
JSWENERGY,2015-02-02 19:30:00,2015-02-03 00:00:00
JSWENERGY,2015-04-27 13:30:00,2015-04-27 00:00:00
JSWENERGY,2015-07-22 18:30:00,2015-07-23 00:00:00
JSWENERGY,2015-10-28 19:30:00,2015-10-29 00:00:00
JSWENERGY,2016-01-20 19:30:00,2016-01-21 00:00:00
JSWENERGY,2016-04-28 17:30:00,2016-04-29 00:00:00
JSWENERGY,2016-07-21 18:30:00,2016-07-22 00:00:00
JSWENERGY,2016-10-26 13:30:00,2016-10-26 00:00:00
JSWENERGY,2017-01-23 19:30:00,2017-01-24 00:00:00
JSWENERGY,2017-04-29 19:30:00,2017-05-01 00:00:00
JSWENERGY,2017-08-11 14:30:00,2017-08-11 00:00:00
JSWENERGY,2017-11-01 15:30:00,2017-11-02 00:00:00
JSWENERGY,2018-02-06 14:30:00,2018-02-06 00:00:00
JSWENERGY,2018-05-03 15:30:00,2018-05-04 00:00:00
JSWENERGY,2018-07-27 15:30:00,2018-07-30 00:00:00
JSWENERGY,2018-11-02 21:30:00,2018-11-05 00:00:00
JSWENERGY,2019-01-30 14:30:00,2019-01-30 00:00:00
JSWENERGY,2019-05-16 14:30:00,2019-05-16 00:00:00
JSWENERGY,2019-08-06 14:30:00,2019-08-06 00:00:00
JSWENERGY,2019-11-01 14:30:00,2019-11-01 00:00:00
JSWENERGY,2020-02-04 14:30:00,2020-02-04 00:00:00
JSWENERGY,2020-05-20 14:30:00,2020-05-20 00:00:00
JSWENERGY,2020-07-31 13:30:00,2020-07-31 00:00:00
JSWENERGY,2020-11-03 14:30:00,2020-11-03 00:00:00
JSWENERGY,2021-01-29 13:30:00,2021-01-29 00:00:00
JSWENERGY,2021-06-25 15:30:00,2021-06-28 00:00:00
JSWENERGY,2021-07-30 13:30:00,2021-07-30 00:00:00
JSWENERGY,2021-10-29 16:30:00,2021-11-01 00:00:00
JSWENERGY,2022-05-03 16:30:00,2022-05-04 00:00:00
JSWENERGY,2022-07-21 17:30:00,2022-07-22 00:00:00
JSWENERGY,2022-10-28 18:30:00,2022-10-31 00:00:00
JSWENERGY,2023-01-20 17:30:00,2023-01-23 00:00:00
JSWENERGY,2023-05-23 18:30:00,2023-05-24 00:00:00
JSWENERGY,2023-07-14 18:30:00,2023-07-17 00:00:00
JSWENERGY,2023-10-20 18:30:00,2023-10-23 00:00:00
JSWENERGY,2024-01-23 17:30:00,2024-01-24 00:00:00
JSWENERGY,2024-05-07 17:30:00,2024-05-08 00:00:00
JSWENERGY,2024-07-19 18:30:00,2024-07-22 00:00:00
JSWENERGY,2024-10-24 18:30:00,2024-10-25 00:00:00
JSWENERGY,2025-01-28 19:30:00,2025-01-29 00:00:00
JSWENERGY,2025-05-15 17:30:00,2025-05-16 00:00:00
JSWENERGY,2025-07-31 05:30:00,2025-07-31 00:00:00
JSWENERGY,2025-10-17 17:30:00,2025-10-20 00:00:00
JSWENERGY,2026-01-23 18:30:00,2026-01-26 00:00:00
JSWENERGY,2026-05-11 15:30:00,2026-05-12 00:00:00
JSWENERGY,2026-07-22 14:30:00,2026-07-22 00:00:00
JSWENERGY,2026-10-15 15:30:00,2026-10-16 00:00:00
JSWINFRA,2024-07-18 16:30:00,2024-07-19 00:00:00
JSWINFRA,2024-10-28 16:30:00,2024-10-29 00:00:00
JSWINFRA,2025-01-28 14:30:00,2025-01-28 00:00:00
JSWINFRA,2025-04-30 16:30:00,2025-05-01 00:00:00
JSWINFRA,2025-07-22 16:30:00,2025-07-23 00:00:00
JSWINFRA,2025-10-16 15:30:00,2025-10-17 00:00:00
JSWINFRA,2026-01-16 17:30:00,2026-01-19 00:00:00
JSWINFRA,2026-05-08 15:30:00,2026-05-11 00:00:00
JSWINFRA,2026-07-21 15:30:00,2026-07-22 00:00:00
JSWSTEEL,2007-07-24 14:30:00,2007-07-24 00:00:00
JSWSTEEL,2007-10-25 14:30:00,2007-10-25 00:00:00
JSWSTEEL,2008-01-28 15:30:00,2008-01-29 00:00:00
JSWSTEEL,2008-05-05 15:30:00,2008-05-06 00:00:00
JSWSTEEL,2008-07-31 14:30:00,2008-07-31 00:00:00
JSWSTEEL,2008-10-24 13:30:00,2008-10-24 00:00:00
JSWSTEEL,2009-01-28 13:30:00,2009-01-28 00:00:00
JSWSTEEL,2009-05-08 04:30:00,2009-05-08 00:00:00
JSWSTEEL,2009-07-20 11:30:00,2009-07-20 00:00:00
JSWSTEEL,2009-10-23 05:30:00,2009-10-23 00:00:00
JSWSTEEL,2010-01-20 14:30:00,2010-01-20 00:00:00
JSWSTEEL,2010-05-03 20:30:00,2010-05-04 00:00:00
JSWSTEEL,2010-07-27 11:30:00,2010-07-27 00:00:00
JSWSTEEL,2010-10-27 04:30:00,2010-10-27 00:00:00
JSWSTEEL,2011-01-27 11:30:00,2011-01-27 00:00:00
JSWSTEEL,2011-05-16 16:30:00,2011-05-17 00:00:00
JSWSTEEL,2011-07-26 18:30:00,2011-07-27 00:00:00
JSWSTEEL,2011-11-14 21:30:00,2011-11-15 00:00:00
JSWSTEEL,2012-02-13 13:30:00,2012-02-13 00:00:00
JSWSTEEL,2012-05-14 19:30:00,2012-05-15 00:00:00
JSWSTEEL,2012-07-27 04:30:00,2012-07-27 00:00:00
JSWSTEEL,2012-10-29 10:30:00,2012-10-29 00:00:00
JSWSTEEL,2013-02-13 18:30:00,2013-02-14 00:00:00
JSWSTEEL,2013-05-23 14:30:00,2013-05-23 00:00:00
JSWSTEEL,2013-07-31 14:30:00,2013-07-31 00:00:00
JSWSTEEL,2013-10-29 14:30:00,2013-10-29 00:00:00
JSWSTEEL,2014-01-28 14:30:00,2014-01-28 00:00:00
JSWSTEEL,2014-05-27 18:30:00,2014-05-28 00:00:00
JSWSTEEL,2014-08-01 19:30:00,2014-08-04 00:00:00
JSWSTEEL,2014-10-21 20:30:00,2014-10-22 00:00:00
JSWSTEEL,2015-01-30 20:30:00,2015-02-02 00:00:00
JSWSTEEL,2015-05-15 20:30:00,2015-05-18 00:00:00
JSWSTEEL,2015-07-29 20:30:00,2015-07-30 00:00:00
JSWSTEEL,2015-10-21 20:30:00,2015-10-22 00:00:00
JSWSTEEL,2016-01-29 20:30:00,2016-02-01 00:00:00
JSWSTEEL,2016-05-18 21:30:00,2016-05-19 00:00:00
JSWSTEEL,2016-07-27 23:30:00,2016-07-28 00:00:00
JSWSTEEL,2016-10-27 23:30:00,2016-10-28 00:00:00
JSWSTEEL,2017-01-31 23:30:00,2017-02-01 00:00:00
JSWSTEEL,2017-05-17 15:30:00,2017-05-18 00:00:00
JSWSTEEL,2017-08-01 15:30:00,2017-08-02 00:00:00
JSWSTEEL,2017-10-31 15:30:00,2017-11-01 00:00:00
JSWSTEEL,2018-01-31 15:30:00,2018-02-01 00:00:00
JSWSTEEL,2018-05-16 16:30:00,2018-05-17 00:00:00
JSWSTEEL,2018-07-25 15:30:00,2018-07-26 00:00:00
JSWSTEEL,2018-10-25 15:30:00,2018-10-26 00:00:00
JSWSTEEL,2019-02-06 15:30:00,2019-02-07 00:00:00
JSWSTEEL,2019-05-24 15:30:00,2019-05-27 00:00:00
JSWSTEEL,2019-07-26 14:30:00,2019-07-26 00:00:00
JSWSTEEL,2019-10-23 15:30:00,2019-10-24 00:00:00
JSWSTEEL,2020-01-24 17:30:00,2020-01-27 00:00:00
JSWSTEEL,2020-05-22 16:30:00,2020-05-25 00:00:00
JSWSTEEL,2020-07-24 15:30:00,2020-07-27 00:00:00
JSWSTEEL,2020-10-23 15:30:00,2020-10-26 00:00:00
JSWSTEEL,2021-01-22 15:30:00,2021-01-25 00:00:00
JSWSTEEL,2021-05-21 15:30:00,2021-05-24 00:00:00
JSWSTEEL,2021-07-23 15:30:00,2021-07-26 00:00:00
JSWSTEEL,2021-10-21 15:30:00,2021-10-22 00:00:00
JSWSTEEL,2022-01-21 15:30:00,2022-01-24 00:00:00
JSWSTEEL,2022-05-27 16:30:00,2022-05-30 00:00:00
JSWSTEEL,2022-07-22 15:30:00,2022-07-25 00:00:00
JSWSTEEL,2022-10-21 15:30:00,2022-10-24 00:00:00
JSWSTEEL,2023-01-20 15:30:00,2023-01-23 00:00:00
JSWSTEEL,2023-05-19 15:30:00,2023-05-22 00:00:00
JSWSTEEL,2023-07-21 11:30:00,2023-07-21 00:00:00
JSWSTEEL,2023-10-20 14:30:00,2023-10-20 00:00:00
JSWSTEEL,2024-01-25 14:30:00,2024-01-25 00:00:00
JSWSTEEL,2024-05-17 15:30:00,2024-05-20 00:00:00
JSWSTEEL,2024-07-19 17:30:00,2024-07-22 00:00:00
JSWSTEEL,2024-10-25 13:30:00,2024-10-25 00:00:00
JSWSTEEL,2025-01-24 15:30:00,2025-01-27 00:00:00
JSWSTEEL,2025-05-23 15:30:00,2025-05-26 00:00:00
JSWSTEEL,2025-07-18 14:30:00,2025-07-18 00:00:00
JSWSTEEL,2025-10-17 14:30:00,2025-10-17 00:00:00
JSWSTEEL,2026-01-23 14:30:00,2026-01-23 00:00:00
JSWSTEEL,2026-05-14 14:30:00,2026-05-14 00:00:00
JSWSTEEL,2026-07-17 14:30:00,2026-07-17 00:00:00
JSWSTEEL,2026-10-16 15:30:00,2026-10-19 00:00:00
JUBLFOOD,2011-08-12 14:30:00,2011-08-12 00:00:00
JUBLFOOD,2011-11-03 12:30:00,2011-11-03 00:00:00
JUBLFOOD,2012-02-08 11:30:00,2012-02-08 00:00:00
JUBLFOOD,2012-05-10 15:30:00,2012-05-11 00:00:00
JUBLFOOD,2012-07-25 12:30:00,2012-07-25 00:00:00
JUBLFOOD,2012-11-07 14:30:00,2012-11-07 00:00:00
JUBLFOOD,2013-02-04 09:30:00,2013-02-04 00:00:00
JUBLFOOD,2013-05-09 18:30:00,2013-05-10 00:00:00
JUBLFOOD,2013-08-02 14:30:00,2013-08-02 00:00:00
JUBLFOOD,2013-10-31 18:30:00,2013-11-01 00:00:00
JUBLFOOD,2014-02-04 14:30:00,2014-02-04 00:00:00
JUBLFOOD,2014-05-19 10:30:00,2014-05-19 00:00:00
JUBLFOOD,2014-08-07 19:30:00,2014-08-08 00:00:00
JUBLFOOD,2014-10-30 18:30:00,2014-10-31 00:00:00
JUBLFOOD,2015-02-05 20:30:00,2015-02-06 00:00:00
JUBLFOOD,2015-05-14 20:30:00,2015-05-15 00:00:00
JUBLFOOD,2015-08-14 00:30:00,2015-08-14 00:00:00
JUBLFOOD,2015-11-05 22:30:00,2015-11-06 00:00:00
JUBLFOOD,2016-02-13 22:30:00,2016-02-15 00:00:00
JUBLFOOD,2016-05-30 15:30:00,2016-05-31 00:00:00
JUBLFOOD,2016-09-03 19:30:00,2016-09-05 00:00:00
JUBLFOOD,2016-10-26 18:30:00,2016-10-27 00:00:00
JUBLFOOD,2017-02-07 19:30:00,2017-02-08 00:00:00
JUBLFOOD,2017-05-29 15:30:00,2017-05-30 00:00:00
JUBLFOOD,2017-07-17 16:30:00,2017-07-18 00:00:00
JUBLFOOD,2017-10-26 13:30:00,2017-10-26 00:00:00
JUBLFOOD,2018-01-19 13:30:00,2018-01-19 00:00:00
JUBLFOOD,2018-05-08 13:30:00,2018-05-08 00:00:00
JUBLFOOD,2018-07-25 13:30:00,2018-07-25 00:00:00
JUBLFOOD,2018-10-24 13:30:00,2018-10-24 00:00:00
JUBLFOOD,2019-01-30 13:30:00,2019-01-30 00:00:00
JUBLFOOD,2019-05-15 13:30:00,2019-05-15 00:00:00
JUBLFOOD,2019-07-24 14:30:00,2019-07-24 00:00:00
JUBLFOOD,2019-10-22 13:30:00,2019-10-22 00:00:00
JUBLFOOD,2020-01-29 14:30:00,2020-01-29 00:00:00
JUBLFOOD,2020-05-20 15:30:00,2020-05-21 00:00:00
JUBLFOOD,2020-09-02 13:30:00,2020-09-02 00:00:00
JUBLFOOD,2020-11-12 15:30:00,2020-11-13 00:00:00
JUBLFOOD,2021-02-03 14:30:00,2021-02-03 00:00:00
JUBLFOOD,2021-06-15 14:30:00,2021-06-15 00:00:00
JUBLFOOD,2021-07-21 13:30:00,2021-07-21 00:00:00
JUBLFOOD,2021-10-20 12:30:00,2021-10-20 00:00:00
JUBLFOOD,2022-02-02 13:30:00,2022-02-02 00:00:00
JUBLFOOD,2022-05-30 13:30:00,2022-05-30 00:00:00
JUBLFOOD,2022-07-28 11:30:00,2022-07-28 00:00:00
JUBLFOOD,2022-11-08 12:30:00,2022-11-08 00:00:00
JUBLFOOD,2023-02-01 13:30:00,2023-02-01 00:00:00
JUBLFOOD,2023-05-17 12:30:00,2023-05-17 00:00:00
JUBLFOOD,2023-07-25 13:30:00,2023-07-25 00:00:00
JUBLFOOD,2023-10-25 15:30:00,2023-10-26 00:00:00
JUBLFOOD,2024-01-31 14:30:00,2024-01-31 00:00:00
JUBLFOOD,2024-05-22 15:30:00,2024-05-23 00:00:00
JUBLFOOD,2024-08-09 15:30:00,2024-08-12 00:00:00
JUBLFOOD,2024-11-11 15:30:00,2024-11-12 00:00:00
JUBLFOOD,2025-02-12 14:30:00,2025-02-12 00:00:00
JUBLFOOD,2025-05-14 15:30:00,2025-05-15 00:00:00
JUBLFOOD,2025-08-13 15:30:00,2025-08-14 00:00:00
JUBLFOOD,2025-11-13 15:30:00,2025-11-14 00:00:00
JUBLFOOD,2026-02-10 16:30:00,2026-02-11 00:00:00
JUBLFOOD,2026-05-20 15:30:00,2026-05-21 00:00:00
JUBLFOOD,2026-08-13 13:30:00,2026-08-13 00:00:00
JUBLFOOD,2026-11-19 15:30:00,2026-11-20 00:00:00
KALYANKJIL,2022-11-10 12:30:00,2022-11-10 00:00:00
KALYANKJIL,2025-01-30 17:30:00,2025-01-31 00:00:00
KALYANKJIL,2025-05-08 05:30:00,2025-05-08 00:00:00
KALYANKJIL,2025-08-07 15:30:00,2025-08-08 00:00:00
KALYANKJIL,2025-11-07 15:30:00,2025-11-10 00:00:00
KALYANKJIL,2026-02-06 15:30:00,2026-02-09 00:00:00
KALYANKJIL,2026-05-08 14:30:00,2026-05-08 00:00:00
KEI,2007-07-31 22:30:00,2007-08-01 00:00:00
KEI,2008-06-18 18:30:00,2008-06-19 00:00:00
KEI,2012-02-06 18:30:00,2012-02-07 00:00:00
KEI,2013-02-14 18:30:00,2013-02-15 00:00:00
KEI,2013-05-22 18:30:00,2013-05-23 00:00:00
KEI,2014-05-15 14:30:00,2014-05-15 00:00:00
KEI,2014-08-08 21:30:00,2014-08-11 00:00:00
KEI,2014-11-07 14:30:00,2014-11-07 00:00:00
KEI,2015-02-10 22:30:00,2015-02-11 00:00:00
KEI,2015-05-28 22:30:00,2015-05-29 00:00:00
KEI,2015-08-06 23:30:00,2015-08-07 00:00:00
KEI,2015-11-06 22:30:00,2015-11-09 00:00:00
KEI,2016-01-23 22:30:00,2016-01-25 00:00:00
KEI,2016-07-20 22:30:00,2016-07-21 00:00:00
KEI,2016-11-07 11:30:00,2016-11-07 00:00:00
KEI,2017-02-03 21:30:00,2017-02-06 00:00:00
KEI,2017-05-10 17:30:00,2017-05-11 00:00:00
KEI,2017-09-01 21:30:00,2017-09-04 00:00:00
KEI,2017-11-13 18:30:00,2017-11-14 00:00:00
KEI,2018-01-29 14:30:00,2018-01-29 00:00:00
KEI,2018-05-17 18:30:00,2018-05-18 00:00:00
KEI,2018-08-09 18:30:00,2018-08-10 00:00:00
KEI,2018-10-31 19:30:00,2018-11-01 00:00:00
KEI,2019-02-04 17:30:00,2019-02-05 00:00:00
KEI,2019-05-21 19:30:00,2019-05-22 00:00:00
KEI,2019-08-05 17:30:00,2019-08-06 00:00:00
KEI,2019-11-12 17:30:00,2019-11-13 00:00:00
KEI,2020-01-20 17:30:00,2020-01-21 00:00:00
KEI,2020-05-30 15:30:00,2020-06-01 00:00:00
KEI,2020-08-06 18:30:00,2020-08-07 00:00:00
KEI,2020-11-02 16:30:00,2020-11-03 00:00:00
KEI,2021-01-28 16:30:00,2021-01-29 00:00:00
KEI,2021-05-29 19:30:00,2021-05-31 00:00:00
KEI,2021-07-31 16:30:00,2021-08-02 00:00:00
KEI,2021-10-27 17:30:00,2021-10-28 00:00:00
KEI,2022-01-27 18:30:00,2022-01-28 00:00:00
KEI,2022-05-09 18:30:00,2022-05-10 00:00:00
KEI,2022-07-26 17:30:00,2022-07-27 00:00:00
KEI,2022-10-20 17:30:00,2022-10-21 00:00:00
KEI,2023-01-23 17:30:00,2023-01-24 00:00:00
KEI,2023-05-02 18:30:00,2023-05-03 00:00:00
KEI,2023-07-31 17:30:00,2023-08-01 00:00:00
KEI,2023-10-31 17:30:00,2023-11-01 00:00:00
KEI,2024-01-23 18:30:00,2024-01-24 00:00:00
KEI,2024-05-02 17:30:00,2024-05-03 00:00:00
KEI,2024-07-29 16:30:00,2024-07-30 00:00:00
KEI,2024-10-15 17:30:00,2024-10-16 00:00:00
KEI,2025-01-21 16:30:00,2025-01-22 00:00:00
KEI,2025-05-06 11:30:00,2025-05-06 00:00:00
KEI,2025-07-22 05:30:00,2025-07-22 00:00:00
KEI,2025-10-16 14:30:00,2025-10-16 00:00:00
KEI,2026-01-21 17:30:00,2026-01-22 00:00:00
KEI,2026-05-04 17:30:00,2026-05-05 00:00:00
KEI,2026-08-03 19:30:00,2026-08-04 00:00:00
KEI,2026-10-14 15:30:00,2026-10-15 00:00:00
KOTAKBANK,2007-10-26 05:30:00,2007-10-26 00:00:00
KOTAKBANK,2009-01-22 05:30:00,2009-01-22 00:00:00
KOTAKBANK,2009-05-12 05:30:00,2009-05-12 00:00:00
KOTAKBANK,2009-07-29 00:30:00,2009-07-29 00:00:00
KOTAKBANK,2009-10-30 08:30:00,2009-10-30 00:00:00
KOTAKBANK,2010-01-21 23:30:00,2010-01-22 00:00:00
KOTAKBANK,2012-05-08 18:30:00,2012-05-09 00:00:00
KOTAKBANK,2012-10-25 10:30:00,2012-10-25 00:00:00
KOTAKBANK,2013-01-22 14:30:00,2013-01-22 00:00:00
KOTAKBANK,2013-05-02 14:30:00,2013-05-02 00:00:00
KOTAKBANK,2013-07-18 11:30:00,2013-07-18 00:00:00
KOTAKBANK,2013-10-24 14:30:00,2013-10-24 00:00:00
KOTAKBANK,2014-01-21 14:30:00,2014-01-21 00:00:00
KOTAKBANK,2014-04-30 14:30:00,2014-04-30 00:00:00
KOTAKBANK,2014-07-16 16:30:00,2014-07-17 00:00:00
KOTAKBANK,2014-10-22 17:30:00,2014-10-23 00:00:00
KOTAKBANK,2015-01-20 16:30:00,2015-01-21 00:00:00
KOTAKBANK,2015-05-05 13:30:00,2015-05-05 00:00:00
KOTAKBANK,2015-07-30 20:30:00,2015-07-31 00:00:00
KOTAKBANK,2015-10-30 17:30:00,2015-11-02 00:00:00
KOTAKBANK,2016-01-18 12:30:00,2016-01-18 00:00:00
KOTAKBANK,2016-05-11 14:30:00,2016-05-11 00:00:00
KOTAKBANK,2016-07-21 13:30:00,2016-07-21 00:00:00
KOTAKBANK,2016-10-25 12:30:00,2016-10-25 00:00:00
KOTAKBANK,2017-01-25 12:30:00,2017-01-25 00:00:00
KOTAKBANK,2017-04-27 13:30:00,2017-04-27 00:00:00
KOTAKBANK,2017-07-20 10:30:00,2017-07-20 00:00:00
KOTAKBANK,2017-10-25 12:30:00,2017-10-25 00:00:00
KOTAKBANK,2018-01-19 12:30:00,2018-01-19 00:00:00
KOTAKBANK,2018-04-30 13:30:00,2018-04-30 00:00:00
KOTAKBANK,2018-07-19 12:30:00,2018-07-19 00:00:00
KOTAKBANK,2018-10-24 12:30:00,2018-10-24 00:00:00
KOTAKBANK,2019-01-21 12:30:00,2019-01-21 00:00:00
KOTAKBANK,2019-04-30 13:30:00,2019-04-30 00:00:00
KOTAKBANK,2019-07-22 16:30:00,2019-07-23 00:00:00
KOTAKBANK,2019-10-22 13:30:00,2019-10-22 00:00:00
KOTAKBANK,2020-01-20 13:30:00,2020-01-20 00:00:00
KOTAKBANK,2020-05-13 11:30:00,2020-05-13 00:00:00
KOTAKBANK,2020-07-27 13:30:00,2020-07-27 00:00:00
KOTAKBANK,2020-10-26 13:30:00,2020-10-26 00:00:00
KOTAKBANK,2021-01-25 13:30:00,2021-01-25 00:00:00
KOTAKBANK,2021-05-03 12:30:00,2021-05-03 00:00:00
KOTAKBANK,2021-07-26 13:30:00,2021-07-26 00:00:00
KOTAKBANK,2021-10-26 12:30:00,2021-10-26 00:00:00
KOTAKBANK,2022-01-28 14:30:00,2022-01-28 00:00:00
KOTAKBANK,2022-05-04 12:30:00,2022-05-04 00:00:00
KOTAKBANK,2022-07-23 11:30:00,2022-07-25 00:00:00
KOTAKBANK,2022-10-22 12:30:00,2022-10-24 00:00:00
KOTAKBANK,2023-01-21 12:30:00,2023-01-23 00:00:00
KOTAKBANK,2023-04-29 13:30:00,2023-05-01 00:00:00
KOTAKBANK,2023-07-22 12:30:00,2023-07-24 00:00:00
KOTAKBANK,2023-10-21 11:30:00,2023-10-23 00:00:00
KOTAKBANK,2024-01-20 12:30:00,2024-01-22 00:00:00
KOTAKBANK,2024-05-04 11:30:00,2024-05-06 00:00:00
KOTAKBANK,2024-07-20 13:30:00,2024-07-22 00:00:00
KOTAKBANK,2024-10-19 11:30:00,2024-10-21 00:00:00
KOTAKBANK,2025-01-18 12:30:00,2025-01-20 00:00:00
KOTAKBANK,2025-05-03 13:30:00,2025-05-05 00:00:00
KOTAKBANK,2025-07-26 12:30:00,2025-07-28 00:00:00
KOTAKBANK,2025-10-25 11:30:00,2025-10-27 00:00:00
KOTAKBANK,2026-01-24 13:30:00,2026-01-26 00:00:00
KOTAKBANK,2026-05-02 14:30:00,2026-05-04 00:00:00
KOTAKBANK,2026-07-18 12:30:00,2026-07-20 00:00:00
KOTAKBANK,2026-10-17 15:30:00,2026-10-19 00:00:00
KPITTECH,2019-05-15 19:30:00,2019-05-16 00:00:00
KPITTECH,2019-07-26 17:30:00,2019-07-29 00:00:00
KPITTECH,2019-10-23 15:30:00,2019-10-24 00:00:00
KPITTECH,2020-01-29 15:30:00,2020-01-30 00:00:00
KPITTECH,2020-05-27 14:30:00,2020-05-27 00:00:00
KPITTECH,2020-08-03 15:30:00,2020-08-04 00:00:00
KPITTECH,2020-10-21 16:30:00,2020-10-22 00:00:00
KPITTECH,2021-01-28 15:30:00,2021-01-29 00:00:00
KPITTECH,2021-04-28 16:30:00,2021-04-29 00:00:00
KPITTECH,2021-07-26 15:30:00,2021-07-27 00:00:00
KPITTECH,2021-11-01 15:30:00,2021-11-02 00:00:00
KPITTECH,2022-02-01 11:30:00,2022-02-01 00:00:00
KPITTECH,2022-04-27 11:30:00,2022-04-27 00:00:00
KPITTECH,2022-07-26 13:30:00,2022-07-26 00:00:00
KPITTECH,2022-10-19 11:30:00,2022-10-19 00:00:00
KPITTECH,2023-01-31 18:30:00,2023-02-01 00:00:00
KPITTECH,2023-04-26 17:30:00,2023-04-27 00:00:00
KPITTECH,2023-07-25 11:30:00,2023-07-25 00:00:00
KPITTECH,2023-10-30 11:30:00,2023-10-30 00:00:00
KPITTECH,2024-01-30 11:30:00,2024-01-30 00:00:00
KPITTECH,2024-04-29 12:30:00,2024-04-29 00:00:00
KPITTECH,2024-07-24 12:30:00,2024-07-24 00:00:00
KPITTECH,2024-10-23 12:30:00,2024-10-23 00:00:00
KPITTECH,2025-01-29 16:30:00,2025-01-30 00:00:00
KPITTECH,2025-04-28 12:30:00,2025-04-28 00:00:00
KPITTECH,2025-07-30 13:30:00,2025-07-30 00:00:00
KPITTECH,2025-11-10 05:30:00,2025-11-10 00:00:00
KPITTECH,2026-01-29 12:30:00,2026-01-29 00:00:00
KPITTECH,2026-05-06 12:30:00,2026-05-06 00:00:00
KPITTECH,2026-07-29 12:30:00,2026-07-29 00:00:00
KPITTECH,2026-11-09 15:30:00,2026-11-10 00:00:00
KPRMILL,2014-08-04 23:30:00,2014-08-05 00:00:00
KPRMILL,2014-11-07 14:30:00,2014-11-07 00:00:00
KPRMILL,2015-02-05 23:30:00,2015-02-06 00:00:00
KPRMILL,2015-05-05 18:30:00,2015-05-06 00:00:00
KPRMILL,2015-07-28 13:30:00,2015-07-28 00:00:00
KPRMILL,2016-01-28 00:30:00,2016-01-28 00:00:00
KPRMILL,2016-04-28 18:30:00,2016-04-29 00:00:00
KPRMILL,2016-07-25 18:30:00,2016-07-26 00:00:00
KPRMILL,2016-10-24 19:30:00,2016-10-25 00:00:00
KPRMILL,2017-01-25 13:30:00,2017-01-25 00:00:00
KPRMILL,2017-05-03 14:30:00,2017-05-03 00:00:00
KPRMILL,2017-10-30 13:30:00,2017-10-30 00:00:00
KPRMILL,2018-02-06 13:30:00,2018-02-06 00:00:00
KPRMILL,2018-04-30 22:30:00,2018-05-01 00:00:00
KPRMILL,2018-10-29 14:30:00,2018-10-29 00:00:00
KPRMILL,2019-01-28 12:30:00,2019-01-28 00:00:00
KPRMILL,2019-04-30 16:30:00,2019-05-01 00:00:00
KPRMILL,2019-07-29 14:30:00,2019-07-29 00:00:00
KPRMILL,2019-10-24 12:30:00,2019-10-24 00:00:00
KPRMILL,2020-02-05 10:30:00,2020-02-05 00:00:00
KPRMILL,2020-06-27 15:30:00,2020-06-29 00:00:00
KPRMILL,2020-08-12 14:30:00,2020-08-12 00:00:00
KPRMILL,2020-10-27 16:30:00,2020-10-28 00:00:00
KPRMILL,2021-02-03 14:30:00,2021-02-03 00:00:00
KPRMILL,2021-04-28 14:30:00,2021-04-28 00:00:00
KPRMILL,2021-07-27 14:30:00,2021-07-27 00:00:00
KPRMILL,2021-10-27 14:30:00,2021-10-27 00:00:00
KPRMILL,2022-04-27 14:30:00,2022-04-27 00:00:00
KPRMILL,2022-07-28 12:30:00,2022-07-28 00:00:00
KPRMILL,2023-02-06 15:30:00,2023-02-07 00:00:00
KPRMILL,2023-05-04 12:30:00,2023-05-04 00:00:00
KPRMILL,2023-08-01 12:30:00,2023-08-01 00:00:00
KPRMILL,2023-11-06 13:30:00,2023-11-06 00:00:00
KPRMILL,2024-02-05 12:30:00,2024-02-05 00:00:00
KPRMILL,2024-05-02 13:30:00,2024-05-02 00:00:00
KPRMILL,2024-07-31 13:30:00,2024-07-31 00:00:00
KPRMILL,2024-11-05 12:30:00,2024-11-05 00:00:00
KPRMILL,2025-02-03 13:30:00,2025-02-03 00:00:00
KPRMILL,2025-05-09 14:30:00,2025-05-09 00:00:00
KPRMILL,2025-08-06 14:30:00,2025-08-06 00:00:00
KPRMILL,2025-11-04 15:30:00,2025-11-05 00:00:00
KPRMILL,2026-02-09 12:30:00,2026-02-09 00:00:00
KPRMILL,2026-05-12 13:30:00,2026-05-12 00:00:00
KPRMILL,2026-08-10 12:30:00,2026-08-10 00:00:00
KPRMILL,2026-11-04 15:30:00,2026-11-05 00:00:00
LAURUSLABS,2017-08-10 18:30:00,2017-08-11 00:00:00
LAURUSLABS,2017-11-09 17:30:00,2017-11-10 00:00:00
LAURUSLABS,2018-01-29 16:30:00,2018-01-30 00:00:00
LAURUSLABS,2018-05-10 17:30:00,2018-05-11 00:00:00
LAURUSLABS,2018-08-03 17:30:00,2018-08-06 00:00:00
LAURUSLABS,2018-11-01 16:30:00,2018-11-02 00:00:00
LAURUSLABS,2019-01-31 17:30:00,2019-02-01 00:00:00
LAURUSLABS,2019-05-02 17:30:00,2019-05-03 00:00:00
LAURUSLABS,2019-08-02 17:30:00,2019-08-05 00:00:00
LAURUSLABS,2019-10-31 17:30:00,2019-11-01 00:00:00
LAURUSLABS,2020-01-30 17:30:00,2020-01-31 00:00:00
LAURUSLABS,2020-04-30 14:30:00,2020-04-30 00:00:00
LAURUSLABS,2020-07-30 14:30:00,2020-07-30 00:00:00
LAURUSLABS,2020-10-29 14:30:00,2020-10-29 00:00:00
LAURUSLABS,2021-01-28 14:30:00,2021-01-28 00:00:00
LAURUSLABS,2021-04-29 14:30:00,2021-04-29 00:00:00
LAURUSLABS,2021-07-29 14:30:00,2021-07-29 00:00:00
LAURUSLABS,2021-10-28 14:30:00,2021-10-28 00:00:00
LAURUSLABS,2022-01-27 15:30:00,2022-01-28 00:00:00
LAURUSLABS,2022-04-28 14:30:00,2022-04-28 00:00:00
LAURUSLABS,2022-07-27 14:30:00,2022-07-27 00:00:00
LAURUSLABS,2022-10-21 14:30:00,2022-10-21 00:00:00
LAURUSLABS,2023-01-30 13:30:00,2023-01-30 00:00:00
LAURUSLABS,2023-04-27 14:30:00,2023-04-27 00:00:00
LAURUSLABS,2023-07-27 15:30:00,2023-07-28 00:00:00
LAURUSLABS,2023-10-20 14:30:00,2023-10-20 00:00:00
LAURUSLABS,2024-01-24 14:30:00,2024-01-24 00:00:00
LAURUSLABS,2024-04-25 14:30:00,2024-04-25 00:00:00
LAURUSLABS,2024-07-25 14:30:00,2024-07-25 00:00:00
LAURUSLABS,2024-10-24 14:30:00,2024-10-24 00:00:00
LAURUSLABS,2025-01-24 14:30:00,2025-01-24 00:00:00
LAURUSLABS,2025-04-24 14:30:00,2025-04-24 00:00:00
LAURUSLABS,2025-07-25 14:30:00,2025-07-25 00:00:00
LAURUSLABS,2025-10-23 14:30:00,2025-10-23 00:00:00
LAURUSLABS,2026-01-23 14:30:00,2026-01-23 00:00:00
LAURUSLABS,2026-04-30 14:30:00,2026-04-30 00:00:00
LAURUSLABS,2026-07-24 14:30:00,2026-07-24 00:00:00
LAURUSLABS,2026-10-22 15:30:00,2026-10-23 00:00:00
LENSKART,2026-02-11 15:30:00,2026-02-12 00:00:00
LENSKART,2026-05-20 15:30:00,2026-05-21 00:00:00
LENSKART,2026-08-12 15:30:00,2026-08-13 00:00:00
LGEINDIA,2026-02-11 18:30:00,2026-02-12 00:00:00
LGEINDIA,2026-05-21 18:30:00,2026-05-22 00:00:00
LGEINDIA,2026-08-13 16:30:00,2026-08-14 00:00:00
LICHSGFIN,2007-10-22 11:30:00,2007-10-22 00:00:00
LICHSGFIN,2008-04-25 17:30:00,2008-04-28 00:00:00
LICHSGFIN,2009-10-29 12:30:00,2009-10-29 00:00:00
LICHSGFIN,2010-10-14 20:30:00,2010-10-15 00:00:00
LICHSGFIN,2011-01-19 21:30:00,2011-01-20 00:00:00
LICHSGFIN,2011-04-28 15:30:00,2011-04-29 00:00:00
LICHSGFIN,2011-07-20 16:30:00,2011-07-21 00:00:00
LICHSGFIN,2011-11-14 13:30:00,2011-11-14 00:00:00
LICHSGFIN,2012-01-31 13:30:00,2012-01-31 00:00:00
LICHSGFIN,2012-04-25 12:30:00,2012-04-25 00:00:00
LICHSGFIN,2012-07-24 20:30:00,2012-07-25 00:00:00
LICHSGFIN,2012-11-01 04:30:00,2012-11-01 00:00:00
LICHSGFIN,2013-02-14 14:30:00,2013-02-14 00:00:00
LICHSGFIN,2013-04-26 14:30:00,2013-04-26 00:00:00
LICHSGFIN,2013-08-14 14:30:00,2013-08-14 00:00:00
LICHSGFIN,2013-10-30 14:30:00,2013-10-30 00:00:00
LICHSGFIN,2014-01-16 09:30:00,2014-01-16 00:00:00
LICHSGFIN,2014-04-21 14:30:00,2014-04-21 00:00:00
LICHSGFIN,2014-07-25 17:30:00,2014-07-28 00:00:00
LICHSGFIN,2014-10-20 14:30:00,2014-10-20 00:00:00
LICHSGFIN,2015-01-14 17:30:00,2015-01-15 00:00:00
LICHSGFIN,2015-04-20 19:30:00,2015-04-21 00:00:00
LICHSGFIN,2015-07-21 19:30:00,2015-07-22 00:00:00
LICHSGFIN,2015-10-15 18:30:00,2015-10-16 00:00:00
LICHSGFIN,2016-01-16 19:30:00,2016-01-18 00:00:00
LICHSGFIN,2016-04-18 18:30:00,2016-04-19 00:00:00
LICHSGFIN,2016-07-15 18:30:00,2016-07-18 00:00:00
LICHSGFIN,2016-10-20 19:30:00,2016-10-21 00:00:00
LICHSGFIN,2017-01-17 14:30:00,2017-01-17 00:00:00
LICHSGFIN,2017-04-25 15:30:00,2017-04-26 00:00:00
LICHSGFIN,2017-07-28 14:30:00,2017-07-28 00:00:00
LICHSGFIN,2017-10-30 18:30:00,2017-10-31 00:00:00
LICHSGFIN,2018-01-25 17:30:00,2018-01-26 00:00:00
LICHSGFIN,2018-04-23 18:30:00,2018-04-24 00:00:00
LICHSGFIN,2018-08-24 21:30:00,2018-08-27 00:00:00
LICHSGFIN,2018-10-29 17:30:00,2018-10-30 00:00:00
LICHSGFIN,2019-01-30 16:30:00,2019-01-31 00:00:00
LICHSGFIN,2019-05-04 14:30:00,2019-05-06 00:00:00
LICHSGFIN,2019-08-03 14:30:00,2019-08-05 00:00:00
LICHSGFIN,2019-10-19 15:30:00,2019-10-21 00:00:00
LICHSGFIN,2020-01-30 14:30:00,2020-01-30 00:00:00
LICHSGFIN,2020-06-19 16:30:00,2020-06-22 00:00:00
LICHSGFIN,2020-08-24 17:30:00,2020-08-25 00:00:00
LICHSGFIN,2020-11-11 15:30:00,2020-11-12 00:00:00
LICHSGFIN,2021-01-29 13:30:00,2021-01-29 00:00:00
LICHSGFIN,2021-06-15 15:30:00,2021-06-16 00:00:00
LICHSGFIN,2021-07-29 13:30:00,2021-07-29 00:00:00
LICHSGFIN,2021-10-21 18:30:00,2021-10-22 00:00:00
LICHSGFIN,2022-01-27 18:30:00,2022-01-28 00:00:00
LICHSGFIN,2022-05-18 16:30:00,2022-05-19 00:00:00
LICHSGFIN,2022-08-04 15:30:00,2022-08-05 00:00:00
LICHSGFIN,2022-11-01 15:30:00,2022-11-02 00:00:00
LICHSGFIN,2023-02-06 16:30:00,2023-02-07 00:00:00
LICHSGFIN,2023-05-16 19:30:00,2023-05-17 00:00:00
LICHSGFIN,2023-08-03 18:30:00,2023-08-04 00:00:00
LICHSGFIN,2023-11-01 18:30:00,2023-11-02 00:00:00
LICHSGFIN,2024-02-02 20:30:00,2024-02-05 00:00:00
LICHSGFIN,2024-05-15 19:30:00,2024-05-16 00:00:00
LICHSGFIN,2024-08-02 18:30:00,2024-08-05 00:00:00
LICHSGFIN,2024-10-28 14:30:00,2024-10-28 00:00:00
LICHSGFIN,2025-01-31 18:30:00,2025-02-03 00:00:00
LICHSGFIN,2025-05-15 18:30:00,2025-05-16 00:00:00
LICHSGFIN,2025-08-01 19:30:00,2025-08-04 00:00:00
LICHSGFIN,2025-10-29 19:30:00,2025-10-30 00:00:00
LICHSGFIN,2026-01-30 21:30:00,2026-02-02 00:00:00
LICHSGFIN,2026-05-13 21:30:00,2026-05-14 00:00:00
LICHSGFIN,2026-07-30 20:30:00,2026-07-31 00:00:00
LICHSGFIN,2026-10-28 15:30:00,2026-10-29 00:00:00
LICI,2022-08-12 17:30:00,2022-08-15 00:00:00
LICI,2022-11-11 18:30:00,2022-11-14 00:00:00
LICI,2023-02-09 18:30:00,2023-02-10 00:00:00
LICI,2023-05-24 19:30:00,2023-05-25 00:00:00
LICI,2023-08-10 17:30:00,2023-08-11 00:00:00
LICI,2023-11-10 16:30:00,2023-11-13 00:00:00
LICI,2024-05-27 18:30:00,2024-05-28 00:00:00
LICI,2024-08-08 17:30:00,2024-08-09 00:00:00
LICI,2024-11-08 15:30:00,2024-11-11 00:00:00
LICI,2025-02-07 16:30:00,2025-02-10 00:00:00
LICI,2025-05-27 17:30:00,2025-05-28 00:00:00
LICI,2025-08-07 16:30:00,2025-08-08 00:00:00
LICI,2025-11-06 16:30:00,2025-11-07 00:00:00
LICI,2026-02-05 15:30:00,2026-02-06 00:00:00
LICI,2026-05-21 17:30:00,2026-05-22 00:00:00
LICI,2026-08-06 16:30:00,2026-08-07 00:00:00
LICI,2026-11-05 15:30:00,2026-11-06 00:00:00
LINDEINDIA,2026-11-05 15:30:00,2026-11-06 00:00:00
LLOYDSME,2024-01-22 14:30:00,2024-01-22 00:00:00
LLOYDSME,2024-05-02 13:30:00,2024-05-02 00:00:00
LLOYDSME,2024-07-30 12:30:00,2024-07-30 00:00:00
LLOYDSME,2024-10-23 14:30:00,2024-10-23 00:00:00
LLOYDSME,2025-01-28 14:30:00,2025-01-28 00:00:00
LLOYDSME,2025-04-25 17:30:00,2025-04-28 00:00:00
LLOYDSME,2025-11-12 17:30:00,2025-11-13 00:00:00
LLOYDSME,2026-02-04 07:30:00,2026-02-04 00:00:00
LLOYDSME,2026-05-05 20:30:00,2026-05-06 00:00:00
LLOYDSME,2026-08-10 18:30:00,2026-08-11 00:00:00
LODHA,2021-10-21 17:30:00,2021-10-22 00:00:00
LODHA,2022-01-25 18:30:00,2022-01-26 00:00:00
LODHA,2022-04-26 19:30:00,2022-04-27 00:00:00
LODHA,2022-07-25 16:30:00,2022-07-26 00:00:00
LODHA,2022-11-01 20:30:00,2022-11-02 00:00:00
LODHA,2023-01-24 18:30:00,2023-01-25 00:00:00
LODHA,2023-04-22 17:30:00,2023-04-24 00:00:00
LODHA,2023-07-27 21:30:00,2023-07-28 00:00:00
LODHA,2023-10-28 17:30:00,2023-10-30 00:00:00
LODHA,2024-01-27 17:30:00,2024-01-29 00:00:00
LODHA,2024-04-24 17:30:00,2024-04-25 00:00:00
LODHA,2024-07-30 17:30:00,2024-07-31 00:00:00
LODHA,2024-10-25 18:30:00,2024-10-28 00:00:00
LODHA,2025-01-25 15:30:00,2025-01-27 00:00:00
LODHA,2025-04-24 20:30:00,2025-04-25 00:00:00
LODHA,2025-07-26 19:30:00,2025-07-28 00:00:00
LODHA,2025-10-30 18:30:00,2025-10-31 00:00:00
LODHA,2026-01-28 18:30:00,2026-01-29 00:00:00
LODHA,2026-04-24 19:30:00,2026-04-27 00:00:00
LODHA,2026-07-24 18:30:00,2026-07-27 00:00:00
LODHA,2026-10-29 15:30:00,2026-10-30 00:00:00
LT,2005-01-24 10:30:00,2005-01-24 00:00:00
LT,2005-05-27 12:30:00,2005-05-27 00:00:00
LT,2005-07-29 07:30:00,2005-07-29 00:00:00
LT,2005-10-28 11:30:00,2005-10-28 00:00:00
LT,2006-01-19 12:30:00,2006-01-19 00:00:00
LT,2006-05-25 12:30:00,2006-05-25 00:00:00
LT,2006-10-19 11:30:00,2006-10-19 00:00:00
LT,2007-01-29 14:30:00,2007-01-29 00:00:00
LT,2007-05-29 12:30:00,2007-05-29 00:00:00
LT,2007-07-19 11:30:00,2007-07-19 00:00:00
LT,2007-10-26 11:30:00,2007-10-26 00:00:00
LT,2008-01-28 11:30:00,2008-01-28 00:00:00
LT,2008-05-29 12:30:00,2008-05-29 00:00:00
LT,2008-07-28 13:30:00,2008-07-28 00:00:00
LT,2008-10-15 11:30:00,2008-10-15 00:00:00
LT,2009-01-30 12:30:00,2009-01-30 00:00:00
LT,2009-05-28 12:30:00,2009-05-28 00:00:00
LT,2009-07-16 10:30:00,2009-07-16 00:00:00
LT,2009-10-22 11:30:00,2009-10-22 00:00:00
LT,2010-01-21 12:30:00,2010-01-21 00:00:00
LT,2010-07-27 14:30:00,2010-07-27 00:00:00
LT,2010-10-18 16:30:00,2010-10-19 00:00:00
LT,2011-01-17 13:30:00,2011-01-17 00:00:00
LT,2011-05-20 14:30:00,2011-05-20 00:00:00
LT,2011-08-08 16:30:00,2011-08-09 00:00:00
LT,2011-10-21 12:30:00,2011-10-21 00:00:00
LT,2012-01-23 18:30:00,2012-01-24 00:00:00
LT,2012-05-14 18:30:00,2012-05-15 00:00:00
LT,2012-10-22 14:30:00,2012-10-22 00:00:00
LT,2013-01-24 14:30:00,2013-01-24 00:00:00
LT,2013-05-22 10:30:00,2013-05-22 00:00:00
LT,2013-07-22 14:30:00,2013-07-22 00:00:00
LT,2013-10-18 18:30:00,2013-10-21 00:00:00
LT,2014-01-22 18:30:00,2014-01-23 00:00:00
LT,2014-05-30 11:30:00,2014-05-30 00:00:00
LT,2014-07-28 20:30:00,2014-07-29 00:00:00
LT,2014-11-07 15:30:00,2014-11-10 00:00:00
LT,2015-02-09 19:30:00,2015-02-10 00:00:00
LT,2015-05-30 14:30:00,2015-06-01 00:00:00
LT,2015-07-31 15:30:00,2015-08-03 00:00:00
LT,2015-10-30 13:30:00,2015-10-30 00:00:00
LT,2016-01-29 16:30:00,2016-02-01 00:00:00
LT,2016-05-25 15:30:00,2016-05-26 00:00:00
LT,2016-07-29 15:30:00,2016-08-01 00:00:00
LT,2016-11-22 15:30:00,2016-11-23 00:00:00
LT,2017-01-28 13:30:00,2017-01-30 00:00:00
LT,2017-05-29 16:30:00,2017-05-30 00:00:00
LT,2017-07-28 16:30:00,2017-07-31 00:00:00
LT,2017-11-11 15:30:00,2017-11-13 00:00:00
LT,2018-01-31 16:30:00,2018-02-01 00:00:00
LT,2018-05-28 15:30:00,2018-05-29 00:00:00
LT,2018-07-25 15:30:00,2018-07-26 00:00:00
LT,2018-10-31 16:30:00,2018-11-01 00:00:00
LT,2019-01-25 16:30:00,2019-01-28 00:00:00
LT,2019-05-10 16:30:00,2019-05-13 00:00:00
LT,2019-07-23 15:30:00,2019-07-24 00:00:00
LT,2019-10-23 16:30:00,2019-10-24 00:00:00
LT,2020-01-22 16:30:00,2020-01-23 00:00:00
LT,2020-06-05 18:30:00,2020-06-08 00:00:00
LT,2020-07-22 16:30:00,2020-07-23 00:00:00
LT,2020-10-28 18:30:00,2020-10-29 00:00:00
LT,2021-01-25 16:30:00,2021-01-26 00:00:00
LT,2021-05-14 17:30:00,2021-05-17 00:00:00
LT,2021-07-26 16:30:00,2021-07-27 00:00:00
LT,2021-10-27 16:30:00,2021-10-28 00:00:00
LT,2022-01-28 15:30:00,2022-01-31 00:00:00
LT,2022-05-12 16:30:00,2022-05-13 00:00:00
LT,2022-07-26 16:30:00,2022-07-27 00:00:00
LT,2022-10-31 16:30:00,2022-11-01 00:00:00
LT,2023-01-30 15:30:00,2023-01-31 00:00:00
LT,2023-05-10 16:30:00,2023-05-11 00:00:00
LT,2023-07-25 16:30:00,2023-07-26 00:00:00
LT,2023-10-31 18:30:00,2023-11-01 00:00:00
LT,2024-01-30 17:30:00,2024-01-31 00:00:00
LT,2024-05-08 16:30:00,2024-05-09 00:00:00
LT,2024-07-24 16:30:00,2024-07-25 00:00:00
LT,2024-10-30 17:30:00,2024-10-31 00:00:00
LT,2025-01-30 16:30:00,2025-01-31 00:00:00
LT,2025-05-08 18:30:00,2025-05-09 00:00:00
LT,2025-07-29 16:30:00,2025-07-30 00:00:00
LT,2025-10-29 16:30:00,2025-10-30 00:00:00
LT,2026-01-28 17:30:00,2026-01-29 00:00:00
LT,2026-05-05 16:30:00,2026-05-06 00:00:00
LT,2026-07-28 16:30:00,2026-07-29 00:00:00
LT,2026-10-28 15:30:00,2026-10-29 00:00:00
LTF,2012-04-27 04:30:00,2012-04-27 00:00:00
LTF,2013-07-23 14:30:00,2013-07-23 00:00:00
LTF,2013-10-23 14:30:00,2013-10-23 00:00:00
LTF,2014-07-23 21:30:00,2014-07-24 00:00:00
LTF,2015-01-21 21:30:00,2015-01-22 00:00:00
LTF,2015-04-23 18:30:00,2015-04-24 00:00:00
LTF,2015-07-24 13:30:00,2015-07-24 00:00:00
LTF,2015-10-24 18:30:00,2015-10-26 00:00:00
LTF,2016-01-22 17:30:00,2016-01-25 00:00:00
LTF,2016-05-24 16:30:00,2016-05-25 00:00:00
LTF,2016-07-22 19:30:00,2016-07-25 00:00:00
LTF,2016-10-25 20:30:00,2016-10-26 00:00:00
LTF,2017-01-24 19:30:00,2017-01-25 00:00:00
LTF,2017-05-04 22:30:00,2017-05-05 00:00:00
LTF,2017-10-26 13:30:00,2017-10-26 00:00:00
LTF,2018-01-25 12:30:00,2018-01-25 00:00:00
LTF,2018-05-03 15:30:00,2018-05-04 00:00:00
LTF,2018-07-20 16:30:00,2018-07-23 00:00:00
LTF,2018-10-24 18:30:00,2018-10-25 00:00:00
LTF,2019-01-21 17:30:00,2019-01-22 00:00:00
LTF,2019-04-28 16:30:00,2019-04-29 00:00:00
LTF,2019-07-19 15:30:00,2019-07-22 00:00:00
LTF,2019-10-18 18:30:00,2019-10-21 00:00:00
LTF,2020-01-17 18:30:00,2020-01-20 00:00:00
LTF,2020-05-15 17:30:00,2020-05-18 00:00:00
LTF,2020-07-16 17:30:00,2020-07-17 00:00:00
LTF,2020-10-22 17:30:00,2020-10-23 00:00:00
LTF,2021-01-15 19:30:00,2021-01-18 00:00:00
LTF,2021-04-29 17:30:00,2021-04-30 00:00:00
LTF,2021-07-16 17:30:00,2021-07-19 00:00:00
LTF,2021-10-20 17:30:00,2021-10-21 00:00:00
LTF,2022-01-21 17:30:00,2022-01-24 00:00:00
LTF,2022-04-29 17:30:00,2022-05-02 00:00:00
LTF,2022-07-19 17:30:00,2022-07-20 00:00:00
LTF,2022-10-20 18:30:00,2022-10-21 00:00:00
LTF,2023-01-13 18:30:00,2023-01-16 00:00:00
LTF,2023-04-28 16:30:00,2023-05-01 00:00:00
LTF,2023-07-19 17:30:00,2023-07-20 00:00:00
LTF,2023-10-20 17:30:00,2023-10-23 00:00:00
LTF,2024-01-23 18:30:00,2024-01-24 00:00:00
LTF,2024-04-27 18:30:00,2024-04-29 00:00:00
LTF,2024-07-16 18:30:00,2024-07-17 00:00:00
LTF,2024-10-18 05:30:00,2024-10-18 00:00:00
LTF,2025-01-20 18:30:00,2025-01-21 00:00:00
LTF,2025-04-25 18:30:00,2025-04-28 00:00:00
LTF,2025-07-20 00:30:00,2025-07-21 00:00:00
LTF,2025-10-15 19:30:00,2025-10-16 00:00:00
LTF,2026-01-16 18:30:00,2026-01-19 00:00:00
LTF,2026-04-24 18:30:00,2026-04-27 00:00:00
LTF,2026-07-11 08:30:00,2026-07-13 00:00:00
LTF,2026-10-14 15:30:00,2026-10-15 00:00:00
LTM,2016-11-09 21:30:00,2016-11-10 00:00:00
LTM,2017-01-23 23:30:00,2017-01-24 00:00:00
LTM,2017-05-15 16:30:00,2017-05-16 00:00:00
LTM,2017-07-24 16:30:00,2017-07-25 00:00:00
LTM,2017-11-06 16:30:00,2017-11-07 00:00:00
LTM,2018-01-24 16:30:00,2018-01-25 00:00:00
LTM,2018-05-23 16:30:00,2018-05-24 00:00:00
LTM,2018-07-23 17:30:00,2018-07-24 00:00:00
LTM,2018-10-24 16:30:00,2018-10-25 00:00:00
LTM,2019-01-18 13:30:00,2019-01-18 00:00:00
LTM,2019-05-02 17:30:00,2019-05-03 00:00:00
LTM,2019-07-18 17:30:00,2019-07-19 00:00:00
LTM,2019-10-17 17:30:00,2019-10-18 00:00:00
LTM,2020-01-15 11:30:00,2020-01-15 00:00:00
LTM,2020-05-19 19:30:00,2020-05-20 00:00:00
LTM,2020-07-15 19:30:00,2020-07-16 00:00:00
LTM,2020-10-20 19:30:00,2020-10-21 00:00:00
LTM,2021-01-19 19:30:00,2021-01-20 00:00:00
LTM,2021-05-04 18:30:00,2021-05-05 00:00:00
LTM,2021-07-15 17:30:00,2021-07-16 00:00:00
LTM,2021-10-18 19:30:00,2021-10-19 00:00:00
LTM,2022-01-19 19:30:00,2022-01-20 00:00:00
LTM,2022-04-19 16:30:00,2022-04-20 00:00:00
LTM,2022-07-14 14:30:00,2022-07-14 00:00:00
LTM,2022-10-15 15:30:00,2022-10-17 00:00:00
LTM,2023-01-20 16:30:00,2023-01-23 00:00:00
LTM,2023-04-27 16:30:00,2023-04-28 00:00:00
LTM,2023-07-17 15:30:00,2023-07-18 00:00:00
LTM,2023-10-18 16:30:00,2023-10-19 00:00:00
LTM,2024-01-17 16:30:00,2024-01-18 00:00:00
LTM,2024-04-24 15:30:00,2024-04-25 00:00:00
LTM,2024-07-17 16:30:00,2024-07-18 00:00:00
LTM,2024-10-17 15:30:00,2024-10-18 00:00:00
LTM,2025-01-16 16:30:00,2025-01-17 00:00:00
LTM,2025-04-23 15:30:00,2025-04-24 00:00:00
LTM,2025-07-17 16:30:00,2025-07-18 00:00:00
LTM,2025-10-16 16:30:00,2025-10-17 00:00:00
LTM,2026-01-19 16:30:00,2026-01-20 00:00:00
LTM,2026-04-23 16:30:00,2026-04-24 00:00:00
LTM,2026-07-11 18:30:00,2026-07-13 00:00:00
LTM,2026-10-12 15:30:00,2026-10-13 00:00:00
LTTS,2017-05-03 16:30:00,2017-05-04 00:00:00
LTTS,2017-11-07 16:30:00,2017-11-08 00:00:00
LTTS,2018-01-23 16:30:00,2018-01-24 00:00:00
LTTS,2018-05-23 04:30:00,2018-05-23 00:00:00
LTTS,2018-07-23 16:30:00,2018-07-24 00:00:00
LTTS,2018-10-25 16:30:00,2018-10-26 00:00:00
LTTS,2019-01-17 17:30:00,2019-01-18 00:00:00
LTTS,2019-05-03 16:30:00,2019-05-06 00:00:00
LTTS,2019-07-19 16:30:00,2019-07-22 00:00:00
LTTS,2019-10-18 17:30:00,2019-10-21 00:00:00
LTTS,2020-01-17 16:30:00,2020-01-20 00:00:00
LTTS,2020-05-15 19:30:00,2020-05-18 00:00:00
LTTS,2020-07-16 18:30:00,2020-07-17 00:00:00
LTTS,2020-10-19 19:30:00,2020-10-20 00:00:00
LTTS,2021-01-20 18:30:00,2021-01-21 00:00:00
LTTS,2021-05-03 18:30:00,2021-05-04 00:00:00
LTTS,2021-07-14 17:30:00,2021-07-15 00:00:00
LTTS,2021-10-19 17:30:00,2021-10-20 00:00:00
LTTS,2022-01-18 13:30:00,2022-01-18 00:00:00
LTTS,2022-04-21 16:30:00,2022-04-22 00:00:00
LTTS,2022-07-15 15:30:00,2022-07-18 00:00:00
LTTS,2022-10-18 15:30:00,2022-10-19 00:00:00
LTTS,2023-01-19 13:30:00,2023-01-19 00:00:00
LTTS,2023-04-26 15:30:00,2023-04-27 00:00:00
LTTS,2023-07-18 15:30:00,2023-07-19 00:00:00
LTTS,2023-10-17 15:30:00,2023-10-18 00:00:00
LTTS,2024-01-16 15:30:00,2024-01-17 00:00:00
LTTS,2024-04-25 15:30:00,2024-04-26 00:00:00
LTTS,2024-07-18 15:30:00,2024-07-19 00:00:00
LTTS,2024-10-16 15:30:00,2024-10-17 00:00:00
LTTS,2025-01-15 15:30:00,2025-01-16 00:00:00
LTTS,2025-04-24 16:30:00,2025-04-25 00:00:00
LTTS,2025-07-17 01:30:00,2025-07-17 00:00:00
LTTS,2025-10-17 16:30:00,2025-10-20 00:00:00
LTTS,2026-01-15 15:30:00,2026-01-16 00:00:00
LTTS,2026-04-22 18:30:00,2026-04-23 00:00:00
LTTS,2026-07-14 18:30:00,2026-07-15 00:00:00
LTTS,2026-10-19 15:30:00,2026-10-20 00:00:00
LUPIN,2007-05-09 13:30:00,2007-05-09 00:00:00
LUPIN,2007-07-19 13:30:00,2007-07-19 00:00:00
LUPIN,2007-10-24 12:30:00,2007-10-24 00:00:00
LUPIN,2008-01-22 11:30:00,2008-01-22 00:00:00
LUPIN,2008-05-14 13:30:00,2008-05-14 00:00:00
LUPIN,2008-07-22 12:30:00,2008-07-22 00:00:00
LUPIN,2009-01-29 13:30:00,2009-01-29 00:00:00
LUPIN,2009-05-14 05:30:00,2009-05-14 00:00:00
LUPIN,2009-07-31 04:30:00,2009-07-31 00:00:00
LUPIN,2009-10-15 05:30:00,2009-10-15 00:00:00
LUPIN,2010-07-29 04:30:00,2010-07-29 00:00:00
LUPIN,2010-11-01 13:30:00,2010-11-01 00:00:00
LUPIN,2011-01-28 18:30:00,2011-01-31 00:00:00
LUPIN,2011-05-12 21:30:00,2011-05-13 00:00:00
LUPIN,2011-11-09 16:30:00,2011-11-10 00:00:00
LUPIN,2012-01-24 13:30:00,2012-01-24 00:00:00
LUPIN,2012-05-10 20:30:00,2012-05-11 00:00:00
LUPIN,2012-07-25 04:30:00,2012-07-25 00:00:00
LUPIN,2012-10-23 14:30:00,2012-10-23 00:00:00
LUPIN,2013-01-31 14:30:00,2013-01-31 00:00:00
LUPIN,2013-05-08 14:30:00,2013-05-08 00:00:00
LUPIN,2013-08-07 14:30:00,2013-08-07 00:00:00
LUPIN,2013-10-30 14:30:00,2013-10-30 00:00:00
LUPIN,2014-02-03 14:30:00,2014-02-03 00:00:00
LUPIN,2014-05-07 21:30:00,2014-05-08 00:00:00
LUPIN,2014-07-30 13:30:00,2014-07-30 00:00:00
LUPIN,2014-10-28 18:30:00,2014-10-29 00:00:00
LUPIN,2015-02-03 19:30:00,2015-02-04 00:00:00
LUPIN,2015-05-13 19:30:00,2015-05-14 00:00:00
LUPIN,2015-07-23 19:30:00,2015-07-24 00:00:00
LUPIN,2015-10-27 18:30:00,2015-10-28 00:00:00
LUPIN,2016-02-05 18:30:00,2016-02-08 00:00:00
LUPIN,2016-05-19 13:30:00,2016-05-19 00:00:00
LUPIN,2016-08-09 18:30:00,2016-08-10 00:00:00
LUPIN,2016-11-09 19:30:00,2016-11-10 00:00:00
LUPIN,2017-02-09 18:30:00,2017-02-10 00:00:00
LUPIN,2017-05-24 14:30:00,2017-05-24 00:00:00
LUPIN,2017-08-02 13:30:00,2017-08-02 00:00:00
LUPIN,2017-10-30 14:30:00,2017-10-30 00:00:00
LUPIN,2018-02-06 14:30:00,2018-02-06 00:00:00
LUPIN,2018-05-15 14:30:00,2018-05-15 00:00:00
LUPIN,2018-08-08 13:30:00,2018-08-08 00:00:00
LUPIN,2018-10-31 14:30:00,2018-10-31 00:00:00
LUPIN,2019-02-06 14:30:00,2019-02-06 00:00:00
LUPIN,2019-05-15 14:30:00,2019-05-15 00:00:00
LUPIN,2019-08-07 13:30:00,2019-08-07 00:00:00
LUPIN,2019-11-06 14:30:00,2019-11-06 00:00:00
LUPIN,2020-02-06 22:30:00,2020-02-07 00:00:00
LUPIN,2020-05-28 23:30:00,2020-05-29 00:00:00
LUPIN,2020-08-06 22:30:00,2020-08-07 00:00:00
LUPIN,2020-11-04 22:30:00,2020-11-05 00:00:00
LUPIN,2021-01-28 21:30:00,2021-01-29 00:00:00
LUPIN,2021-05-12 23:30:00,2021-05-13 00:00:00
LUPIN,2021-08-10 22:30:00,2021-08-11 00:00:00
LUPIN,2021-10-27 22:30:00,2021-10-28 00:00:00
LUPIN,2022-02-03 22:30:00,2022-02-04 00:00:00
LUPIN,2022-05-18 20:30:00,2022-05-19 00:00:00
LUPIN,2022-08-03 22:30:00,2022-08-04 00:00:00
LUPIN,2022-11-09 19:30:00,2022-11-10 00:00:00
LUPIN,2023-02-09 21:30:00,2023-02-10 00:00:00
LUPIN,2023-05-09 22:30:00,2023-05-10 00:00:00
LUPIN,2023-08-03 21:30:00,2023-08-04 00:00:00
LUPIN,2023-11-08 22:30:00,2023-11-09 00:00:00
LUPIN,2024-02-07 19:30:00,2024-02-08 00:00:00
LUPIN,2024-05-06 20:30:00,2024-05-07 00:00:00
LUPIN,2024-08-06 20:30:00,2024-08-07 00:00:00
LUPIN,2024-11-07 18:30:00,2024-11-08 00:00:00
LUPIN,2025-02-12 00:30:00,2025-02-12 00:00:00
LUPIN,2025-05-14 21:30:00,2025-05-15 00:00:00
LUPIN,2025-08-05 20:30:00,2025-08-06 00:00:00
LUPIN,2025-11-06 22:30:00,2025-11-07 00:00:00
LUPIN,2026-02-12 20:30:00,2026-02-13 00:00:00
LUPIN,2026-05-07 20:30:00,2026-05-08 00:00:00
LUPIN,2026-08-06 21:30:00,2026-08-07 00:00:00
LUPIN,2026-11-05 15:30:00,2026-11-06 00:00:00
M&M,2002-02-26 18:30:00,2002-02-27 00:00:00
M&M,2002-05-15 17:30:00,2002-05-16 00:00:00
M&M,2002-08-14 17:30:00,2002-08-15 00:00:00
M&M,2002-11-13 18:30:00,2002-11-14 00:00:00
M&M,2003-02-25 18:30:00,2003-02-26 00:00:00
M&M,2003-05-14 17:30:00,2003-05-15 00:00:00
M&M,2003-08-13 17:30:00,2003-08-14 00:00:00
M&M,2003-11-12 18:30:00,2003-11-13 00:00:00
M&M,2004-02-24 18:30:00,2004-02-25 00:00:00
M&M,2004-05-12 17:30:00,2004-05-13 00:00:00
M&M,2004-08-11 17:30:00,2004-08-12 00:00:00
M&M,2004-11-10 18:30:00,2004-11-11 00:00:00
M&M,2005-02-22 18:30:00,2005-02-23 00:00:00
M&M,2005-05-11 17:30:00,2005-05-12 00:00:00
M&M,2005-08-10 17:30:00,2005-08-11 00:00:00
M&M,2005-11-09 18:30:00,2005-11-10 00:00:00
M&M,2006-02-21 18:30:00,2006-02-22 00:00:00
M&M,2006-05-10 17:30:00,2006-05-11 00:00:00
M&M,2006-08-09 17:30:00,2006-08-10 00:00:00
M&M,2006-11-08 18:30:00,2006-11-09 00:00:00
M&M,2007-02-27 18:30:00,2007-02-28 00:00:00
M&M,2007-05-16 17:30:00,2007-05-17 00:00:00
M&M,2007-08-15 17:30:00,2007-08-16 00:00:00
M&M,2007-11-14 18:30:00,2007-11-15 00:00:00
M&M,2008-02-26 18:30:00,2008-02-27 00:00:00
M&M,2008-05-14 17:30:00,2008-05-15 00:00:00
M&M,2008-08-13 17:30:00,2008-08-14 00:00:00
M&M,2008-11-12 18:30:00,2008-11-13 00:00:00
M&M,2009-02-24 18:30:00,2009-02-25 00:00:00
M&M,2009-05-13 17:30:00,2009-05-14 00:00:00
M&M,2009-08-12 17:30:00,2009-08-13 00:00:00
M&M,2009-11-11 18:30:00,2009-11-12 00:00:00
M&M,2010-02-23 18:30:00,2010-02-24 00:00:00
M&M,2010-05-12 17:30:00,2010-05-13 00:00:00
M&M,2010-08-11 17:30:00,2010-08-12 00:00:00
M&M,2010-11-10 18:30:00,2010-11-11 00:00:00
M&M,2011-02-22 18:30:00,2011-02-23 00:00:00
M&M,2011-05-11 17:30:00,2011-05-12 00:00:00
M&M,2011-08-10 17:30:00,2011-08-11 00:00:00
M&M,2011-11-09 18:30:00,2011-11-10 00:00:00
M&M,2012-02-21 18:30:00,2012-02-22 00:00:00
M&M,2012-05-09 17:30:00,2012-05-10 00:00:00
M&M,2012-08-08 17:30:00,2012-08-09 00:00:00
M&M,2012-11-07 18:30:00,2012-11-08 00:00:00
M&M,2013-02-26 18:30:00,2013-02-27 00:00:00
M&M,2013-05-15 17:30:00,2013-05-16 00:00:00
M&M,2013-08-14 17:30:00,2013-08-15 00:00:00
M&M,2013-11-13 18:30:00,2013-11-14 00:00:00
M&M,2014-02-25 18:30:00,2014-02-26 00:00:00
M&M,2014-05-14 17:30:00,2014-05-15 00:00:00
M&M,2014-08-13 17:30:00,2014-08-14 00:00:00
M&M,2014-11-12 18:30:00,2014-11-13 00:00:00
M&M,2015-02-24 18:30:00,2015-02-25 00:00:00
M&M,2015-05-13 17:30:00,2015-05-14 00:00:00
M&M,2015-08-12 17:30:00,2015-08-13 00:00:00
M&M,2015-11-11 18:30:00,2015-11-12 00:00:00
M&M,2016-02-23 18:30:00,2016-02-24 00:00:00
M&M,2016-05-11 17:30:00,2016-05-12 00:00:00
M&M,2016-08-11 16:30:00,2016-08-12 00:00:00
M&M,2016-11-10 18:30:00,2016-11-11 00:00:00
M&M,2017-02-21 18:30:00,2017-02-22 00:00:00
M&M,2017-05-11 17:30:00,2017-05-12 00:00:00
M&M,2017-08-10 17:30:00,2017-08-11 00:00:00
M&M,2017-11-09 18:30:00,2017-11-10 00:00:00
M&M,2018-02-27 18:30:00,2018-02-28 00:00:00
M&M,2018-05-16 17:30:00,2018-05-17 00:00:00
M&M,2018-08-15 17:30:00,2018-08-16 00:00:00
M&M,2018-11-14 18:30:00,2018-11-15 00:00:00
M&M,2019-02-26 18:30:00,2019-02-27 00:00:00
M&M,2019-05-15 17:30:00,2019-05-16 00:00:00
M&M,2019-08-14 17:30:00,2019-08-15 00:00:00
M&M,2019-11-21 16:30:00,2019-11-22 00:00:00
M&M,2020-02-25 16:30:00,2020-02-26 00:00:00
M&M,2020-07-01 15:30:00,2020-07-02 00:00:00
M&M,2020-09-02 05:30:00,2020-09-02 00:00:00
M&M,2020-11-19 16:30:00,2020-11-20 00:00:00
M&M,2021-02-23 16:30:00,2021-02-24 00:00:00
M&M,2021-05-18 15:30:00,2021-05-19 00:00:00
M&M,2021-08-19 15:30:00,2021-08-20 00:00:00
M&M,2021-11-18 16:30:00,2021-11-19 00:00:00
M&M,2022-02-22 16:30:00,2022-02-23 00:00:00
M&M,2022-05-26 15:30:00,2022-05-27 00:00:00
M&M,2022-08-23 15:30:00,2022-08-24 00:00:00
M&M,2022-11-17 16:30:00,2022-11-18 00:00:00
M&M,2023-03-02 16:30:00,2023-03-03 00:00:00
M&M,2023-06-01 15:30:00,2023-06-02 00:00:00
M&M,2023-08-22 16:30:00,2023-08-23 00:00:00
M&M,2023-11-16 16:30:00,2023-11-17 00:00:00
M&M,2024-02-27 16:30:00,2024-02-28 00:00:00
M&M,2024-05-21 15:30:00,2024-05-22 00:00:00
M&M,2024-08-21 15:30:00,2024-08-22 00:00:00
M&M,2024-12-11 16:30:00,2024-12-12 00:00:00
M&M,2025-03-06 16:30:00,2025-03-07 00:00:00
M&M,2025-05-28 15:30:00,2025-05-29 00:00:00
M&M,2025-09-03 15:30:00,2025-09-04 00:00:00
M&M,2025-12-03 16:30:00,2025-12-04 00:00:00
M&M,2026-03-18 15:30:00,2026-03-19 00:00:00
M&M,2026-06-03 15:30:00,2026-06-04 00:00:00
M&M,2026-09-10 15:30:00,2026-09-11 00:00:00
M&M,2026-12-02 17:30:00,2026-12-03 00:00:00
M&MFIN,2002-02-26 18:30:00,2002-02-27 00:00:00
M&MFIN,2002-05-15 17:30:00,2002-05-16 00:00:00
M&MFIN,2002-08-14 17:30:00,2002-08-15 00:00:00
M&MFIN,2002-11-13 18:30:00,2002-11-14 00:00:00
M&MFIN,2003-02-25 18:30:00,2003-02-26 00:00:00
M&MFIN,2003-05-14 17:30:00,2003-05-15 00:00:00
M&MFIN,2003-08-13 17:30:00,2003-08-14 00:00:00
M&MFIN,2003-11-12 18:30:00,2003-11-13 00:00:00
M&MFIN,2004-02-24 18:30:00,2004-02-25 00:00:00
M&MFIN,2004-05-12 17:30:00,2004-05-13 00:00:00
M&MFIN,2004-08-11 17:30:00,2004-08-12 00:00:00
M&MFIN,2004-11-10 18:30:00,2004-11-11 00:00:00
M&MFIN,2005-02-22 18:30:00,2005-02-23 00:00:00
M&MFIN,2005-05-11 17:30:00,2005-05-12 00:00:00
M&MFIN,2005-08-10 17:30:00,2005-08-11 00:00:00
M&MFIN,2005-11-09 18:30:00,2005-11-10 00:00:00
M&MFIN,2006-02-21 18:30:00,2006-02-22 00:00:00
M&MFIN,2006-05-10 17:30:00,2006-05-11 00:00:00
M&MFIN,2006-08-09 17:30:00,2006-08-10 00:00:00
M&MFIN,2006-11-08 18:30:00,2006-11-09 00:00:00
M&MFIN,2007-02-27 18:30:00,2007-02-28 00:00:00
M&MFIN,2007-05-16 17:30:00,2007-05-17 00:00:00
M&MFIN,2007-08-15 17:30:00,2007-08-16 00:00:00
M&MFIN,2007-11-14 18:30:00,2007-11-15 00:00:00
M&MFIN,2008-02-26 18:30:00,2008-02-27 00:00:00
M&MFIN,2008-05-14 17:30:00,2008-05-15 00:00:00
M&MFIN,2008-08-13 17:30:00,2008-08-14 00:00:00
M&MFIN,2008-11-12 18:30:00,2008-11-13 00:00:00
M&MFIN,2009-02-24 18:30:00,2009-02-25 00:00:00
M&MFIN,2009-05-13 17:30:00,2009-05-14 00:00:00
M&MFIN,2009-08-12 17:30:00,2009-08-13 00:00:00
M&MFIN,2009-11-11 18:30:00,2009-11-12 00:00:00
M&MFIN,2010-02-23 18:30:00,2010-02-24 00:00:00
M&MFIN,2010-05-12 17:30:00,2010-05-13 00:00:00
M&MFIN,2010-08-11 17:30:00,2010-08-12 00:00:00
M&MFIN,2010-11-10 18:30:00,2010-11-11 00:00:00
M&MFIN,2011-02-22 18:30:00,2011-02-23 00:00:00
M&MFIN,2011-05-11 17:30:00,2011-05-12 00:00:00
M&MFIN,2011-08-10 17:30:00,2011-08-11 00:00:00
M&MFIN,2011-11-09 18:30:00,2011-11-10 00:00:00
M&MFIN,2012-02-21 18:30:00,2012-02-22 00:00:00
M&MFIN,2012-05-09 17:30:00,2012-05-10 00:00:00
M&MFIN,2012-08-08 17:30:00,2012-08-09 00:00:00
M&MFIN,2012-11-07 18:30:00,2012-11-08 00:00:00
M&MFIN,2013-02-26 18:30:00,2013-02-27 00:00:00
M&MFIN,2013-05-15 17:30:00,2013-05-16 00:00:00
M&MFIN,2013-08-14 17:30:00,2013-08-15 00:00:00
M&MFIN,2013-11-13 18:30:00,2013-11-14 00:00:00
M&MFIN,2014-02-25 18:30:00,2014-02-26 00:00:00
M&MFIN,2014-05-14 17:30:00,2014-05-15 00:00:00
M&MFIN,2014-08-13 17:30:00,2014-08-14 00:00:00
M&MFIN,2014-11-12 18:30:00,2014-11-13 00:00:00
M&MFIN,2015-02-24 18:30:00,2015-02-25 00:00:00
M&MFIN,2015-05-13 17:30:00,2015-05-14 00:00:00
M&MFIN,2015-08-12 17:30:00,2015-08-13 00:00:00
M&MFIN,2015-11-11 18:30:00,2015-11-12 00:00:00
M&MFIN,2016-02-23 18:30:00,2016-02-24 00:00:00
M&MFIN,2016-05-11 17:30:00,2016-05-12 00:00:00
M&MFIN,2016-08-11 16:30:00,2016-08-12 00:00:00
M&MFIN,2016-11-10 18:30:00,2016-11-11 00:00:00
M&MFIN,2017-02-21 18:30:00,2017-02-22 00:00:00
M&MFIN,2017-05-11 17:30:00,2017-05-12 00:00:00
M&MFIN,2017-08-10 17:30:00,2017-08-11 00:00:00
M&MFIN,2017-11-09 18:30:00,2017-11-10 00:00:00
M&MFIN,2018-02-27 18:30:00,2018-02-28 00:00:00
M&MFIN,2018-05-16 17:30:00,2018-05-17 00:00:00
M&MFIN,2018-08-15 17:30:00,2018-08-16 00:00:00
M&MFIN,2018-11-14 18:30:00,2018-11-15 00:00:00
M&MFIN,2019-02-26 18:30:00,2019-02-27 00:00:00
M&MFIN,2019-05-15 17:30:00,2019-05-16 00:00:00
M&MFIN,2019-08-14 17:30:00,2019-08-15 00:00:00
M&MFIN,2019-11-21 16:30:00,2019-11-22 00:00:00
M&MFIN,2020-02-25 16:30:00,2020-02-26 00:00:00
M&MFIN,2020-07-01 15:30:00,2020-07-02 00:00:00
M&MFIN,2020-09-02 05:30:00,2020-09-02 00:00:00
M&MFIN,2020-11-19 16:30:00,2020-11-20 00:00:00
M&MFIN,2021-02-23 16:30:00,2021-02-24 00:00:00
M&MFIN,2021-05-18 15:30:00,2021-05-19 00:00:00
M&MFIN,2021-08-19 15:30:00,2021-08-20 00:00:00
M&MFIN,2021-11-18 16:30:00,2021-11-19 00:00:00
M&MFIN,2022-02-22 16:30:00,2022-02-23 00:00:00
M&MFIN,2022-05-26 15:30:00,2022-05-27 00:00:00
M&MFIN,2022-08-23 15:30:00,2022-08-24 00:00:00
M&MFIN,2022-11-17 16:30:00,2022-11-18 00:00:00
M&MFIN,2023-03-02 16:30:00,2023-03-03 00:00:00
M&MFIN,2023-06-01 15:30:00,2023-06-02 00:00:00
M&MFIN,2023-08-22 16:30:00,2023-08-23 00:00:00
M&MFIN,2023-11-16 16:30:00,2023-11-17 00:00:00
M&MFIN,2024-02-27 16:30:00,2024-02-28 00:00:00
M&MFIN,2024-05-21 15:30:00,2024-05-22 00:00:00
M&MFIN,2024-08-21 15:30:00,2024-08-22 00:00:00
M&MFIN,2024-12-11 16:30:00,2024-12-12 00:00:00
M&MFIN,2025-03-06 16:30:00,2025-03-07 00:00:00
M&MFIN,2025-05-28 15:30:00,2025-05-29 00:00:00
M&MFIN,2025-09-03 15:30:00,2025-09-04 00:00:00
M&MFIN,2025-12-03 16:30:00,2025-12-04 00:00:00
M&MFIN,2026-03-18 15:30:00,2026-03-19 00:00:00
M&MFIN,2026-06-03 15:30:00,2026-06-04 00:00:00
M&MFIN,2026-09-10 15:30:00,2026-09-11 00:00:00
M&MFIN,2026-12-02 17:30:00,2026-12-03 00:00:00
MAHABANK,2013-04-29 14:30:00,2013-04-29 00:00:00
MAHABANK,2013-08-02 14:30:00,2013-08-02 00:00:00
MAHABANK,2013-10-29 14:30:00,2013-10-29 00:00:00
MANKIND,2023-08-02 17:30:00,2023-08-03 00:00:00
MANKIND,2023-10-31 17:30:00,2023-11-01 00:00:00
MANKIND,2024-01-31 17:30:00,2024-02-01 00:00:00
MANKIND,2024-05-15 17:30:00,2024-05-16 00:00:00
MANKIND,2024-07-31 14:30:00,2024-07-31 00:00:00
MANKIND,2024-11-05 15:30:00,2024-11-06 00:00:00
MANKIND,2025-01-23 18:30:00,2025-01-24 00:00:00
MANKIND,2025-05-21 17:30:00,2025-05-22 00:00:00
MANKIND,2025-07-31 16:30:00,2025-08-01 00:00:00
MANKIND,2025-11-06 16:30:00,2025-11-07 00:00:00
MANKIND,2026-02-03 15:30:00,2026-02-04 00:00:00
MANKIND,2026-05-19 18:30:00,2026-05-20 00:00:00
MANKIND,2026-07-30 14:30:00,2026-07-30 00:00:00
MANKIND,2026-10-29 15:30:00,2026-10-30 00:00:00
MARICO,2006-07-25 13:30:00,2006-07-25 00:00:00
MARICO,2006-10-18 13:30:00,2006-10-18 00:00:00
MARICO,2007-04-26 17:30:00,2007-04-27 00:00:00
MARICO,2007-07-25 13:30:00,2007-07-25 00:00:00
MARICO,2007-10-24 12:30:00,2007-10-24 00:00:00
MARICO,2008-01-24 10:30:00,2008-01-24 00:00:00
MARICO,2008-04-24 12:30:00,2008-04-24 00:00:00
MARICO,2008-07-24 13:30:00,2008-07-24 00:00:00
MARICO,2008-10-21 12:30:00,2008-10-21 00:00:00
MARICO,2009-01-22 12:30:00,2009-01-22 00:00:00
MARICO,2009-04-22 12:30:00,2009-04-22 00:00:00
MARICO,2009-07-23 12:30:00,2009-07-23 00:00:00
MARICO,2009-10-28 12:30:00,2009-10-28 00:00:00
MARICO,2010-01-28 12:30:00,2010-01-28 00:00:00
MARICO,2010-04-28 13:30:00,2010-04-28 00:00:00
MARICO,2010-07-29 04:30:00,2010-07-29 00:00:00
MARICO,2010-10-26 18:30:00,2010-10-27 00:00:00
MARICO,2011-01-27 16:30:00,2011-01-28 00:00:00
MARICO,2011-05-02 14:30:00,2011-05-02 00:00:00
MARICO,2011-07-27 18:30:00,2011-07-28 00:00:00
MARICO,2011-11-04 14:30:00,2011-11-04 00:00:00
MARICO,2012-02-03 04:30:00,2012-02-03 00:00:00
MARICO,2012-05-03 15:30:00,2012-05-04 00:00:00
MARICO,2012-08-03 16:30:00,2012-08-06 00:00:00
MARICO,2012-11-02 10:30:00,2012-11-02 00:00:00
MARICO,2013-02-01 14:30:00,2013-02-01 00:00:00
MARICO,2013-04-30 18:30:00,2013-05-01 00:00:00
MARICO,2013-08-12 18:30:00,2013-08-13 00:00:00
MARICO,2013-10-29 14:30:00,2013-10-29 00:00:00
MARICO,2014-01-31 09:30:00,2014-01-31 00:00:00
MARICO,2014-04-30 10:30:00,2014-04-30 00:00:00
MARICO,2014-08-04 18:30:00,2014-08-05 00:00:00
MARICO,2014-11-07 18:30:00,2014-11-10 00:00:00
MARICO,2015-02-03 19:30:00,2015-02-04 00:00:00
MARICO,2015-04-30 13:30:00,2015-04-30 00:00:00
MARICO,2015-08-05 19:30:00,2015-08-06 00:00:00
MARICO,2015-11-04 19:30:00,2015-11-05 00:00:00
MARICO,2016-01-30 18:30:00,2016-02-01 00:00:00
MARICO,2016-04-29 18:30:00,2016-05-02 00:00:00
MARICO,2016-08-05 14:30:00,2016-08-05 00:00:00
MARICO,2016-10-28 20:30:00,2016-10-31 00:00:00
MARICO,2017-02-02 19:30:00,2017-02-03 00:00:00
MARICO,2017-05-02 17:30:00,2017-05-03 00:00:00
MARICO,2017-08-01 13:30:00,2017-08-01 00:00:00
MARICO,2017-10-30 15:30:00,2017-10-31 00:00:00
MARICO,2018-02-09 15:30:00,2018-02-12 00:00:00
MARICO,2018-05-02 14:30:00,2018-05-02 00:00:00
MARICO,2018-08-02 14:30:00,2018-08-02 00:00:00
MARICO,2018-11-01 14:30:00,2018-11-01 00:00:00
MARICO,2019-02-05 16:30:00,2019-02-06 00:00:00
MARICO,2019-05-06 15:30:00,2019-05-07 00:00:00
MARICO,2019-08-01 14:30:00,2019-08-01 00:00:00
MARICO,2019-10-25 15:30:00,2019-10-28 00:00:00
MARICO,2020-01-30 15:30:00,2020-01-31 00:00:00
MARICO,2020-05-04 16:30:00,2020-05-05 00:00:00
MARICO,2020-07-27 14:30:00,2020-07-27 00:00:00
MARICO,2020-10-28 13:30:00,2020-10-28 00:00:00
MARICO,2021-01-27 13:30:00,2021-01-27 00:00:00
MARICO,2021-04-30 13:30:00,2021-04-30 00:00:00
MARICO,2021-07-30 14:30:00,2021-07-30 00:00:00
MARICO,2021-10-28 13:30:00,2021-10-28 00:00:00
MARICO,2022-01-28 18:30:00,2022-01-31 00:00:00
MARICO,2022-05-05 15:30:00,2022-05-06 00:00:00
MARICO,2022-08-06 13:30:00,2022-08-08 00:00:00
MARICO,2022-11-04 15:30:00,2022-11-07 00:00:00
MARICO,2023-02-03 15:30:00,2023-02-06 00:00:00
MARICO,2023-05-05 15:30:00,2023-05-08 00:00:00
MARICO,2023-07-28 15:30:00,2023-07-31 00:00:00
MARICO,2023-10-30 15:30:00,2023-10-31 00:00:00
MARICO,2024-01-29 15:30:00,2024-01-30 00:00:00
MARICO,2024-05-06 14:30:00,2024-05-06 00:00:00
MARICO,2024-08-05 13:30:00,2024-08-05 00:00:00
MARICO,2024-10-29 15:30:00,2024-10-30 00:00:00
MARICO,2025-01-31 13:30:00,2025-01-31 00:00:00
MARICO,2025-05-02 15:30:00,2025-05-05 00:00:00
MARICO,2025-08-04 13:30:00,2025-08-04 00:00:00
MARICO,2025-11-14 12:30:00,2025-11-14 00:00:00
MARICO,2026-01-27 15:30:00,2026-01-28 00:00:00
MARICO,2026-05-05 13:30:00,2026-05-05 00:00:00
MARICO,2026-08-04 15:30:00,2026-08-05 00:00:00
MARICO,2026-11-12 15:30:00,2026-11-13 00:00:00
MARUTI,2005-01-24 12:30:00,2005-01-24 00:00:00
MARUTI,2005-05-06 13:30:00,2005-05-06 00:00:00
MARUTI,2006-01-20 13:30:00,2006-01-20 00:00:00
MARUTI,2006-04-26 13:30:00,2006-04-26 00:00:00
MARUTI,2006-10-26 12:30:00,2006-10-26 00:00:00
MARUTI,2007-01-22 12:30:00,2007-01-22 00:00:00
MARUTI,2007-04-24 12:30:00,2007-04-24 00:00:00
MARUTI,2007-07-26 12:30:00,2007-07-26 00:00:00
MARUTI,2007-10-29 12:30:00,2007-10-29 00:00:00
MARUTI,2008-01-29 12:30:00,2008-01-29 00:00:00
MARUTI,2008-04-24 11:30:00,2008-04-24 00:00:00
MARUTI,2008-07-21 16:30:00,2008-07-22 00:00:00
MARUTI,2008-10-24 12:30:00,2008-10-24 00:00:00
MARUTI,2009-01-29 12:30:00,2009-01-29 00:00:00
MARUTI,2009-04-24 14:30:00,2009-04-24 00:00:00
MARUTI,2009-07-23 12:30:00,2009-07-23 00:00:00
MARUTI,2009-10-24 13:30:00,2009-10-26 00:00:00
MARUTI,2010-01-23 13:30:00,2010-01-25 00:00:00
MARUTI,2010-04-26 13:30:00,2010-04-26 00:00:00
MARUTI,2010-10-30 19:30:00,2010-11-01 00:00:00
MARUTI,2011-04-25 16:30:00,2011-04-26 00:00:00
MARUTI,2011-07-26 12:30:00,2011-07-26 00:00:00
MARUTI,2012-07-28 16:30:00,2012-07-30 00:00:00
MARUTI,2012-10-30 15:30:00,2012-10-31 00:00:00
MARUTI,2013-01-25 14:30:00,2013-01-25 00:00:00
MARUTI,2013-05-08 02:30:00,2013-05-08 00:00:00
MARUTI,2013-07-25 18:30:00,2013-07-26 00:00:00
MARUTI,2013-10-28 18:30:00,2013-10-29 00:00:00
MARUTI,2014-01-28 14:30:00,2014-01-28 00:00:00
MARUTI,2014-04-25 15:30:00,2014-04-28 00:00:00
MARUTI,2014-07-31 18:30:00,2014-08-01 00:00:00
MARUTI,2014-10-30 18:30:00,2014-10-31 00:00:00
MARUTI,2015-01-27 18:30:00,2015-01-28 00:00:00
MARUTI,2015-04-27 18:30:00,2015-04-28 00:00:00
MARUTI,2015-07-28 17:30:00,2015-07-29 00:00:00
MARUTI,2015-10-27 14:30:00,2015-10-27 00:00:00
MARUTI,2016-01-28 18:30:00,2016-01-29 00:00:00
MARUTI,2016-04-26 12:30:00,2016-04-26 00:00:00
MARUTI,2016-07-26 13:30:00,2016-07-26 00:00:00
MARUTI,2016-10-27 12:30:00,2016-10-27 00:00:00
MARUTI,2017-01-25 12:30:00,2017-01-25 00:00:00
MARUTI,2017-04-27 13:30:00,2017-04-27 00:00:00
MARUTI,2017-07-27 13:30:00,2017-07-27 00:00:00
MARUTI,2017-10-27 13:30:00,2017-10-27 00:00:00
MARUTI,2018-01-25 17:30:00,2018-01-26 00:00:00
MARUTI,2018-04-27 13:30:00,2018-04-27 00:00:00
MARUTI,2018-07-26 12:30:00,2018-07-26 00:00:00
MARUTI,2018-10-25 13:30:00,2018-10-25 00:00:00
MARUTI,2019-01-25 14:30:00,2019-01-25 00:00:00
MARUTI,2019-04-25 13:30:00,2019-04-25 00:00:00
MARUTI,2019-07-26 13:30:00,2019-07-26 00:00:00
MARUTI,2019-10-24 12:30:00,2019-10-24 00:00:00
MARUTI,2020-01-28 13:30:00,2020-01-28 00:00:00
MARUTI,2020-05-13 14:30:00,2020-05-13 00:00:00
MARUTI,2020-07-29 13:30:00,2020-07-29 00:00:00
MARUTI,2020-10-29 13:30:00,2020-10-29 00:00:00
MARUTI,2021-01-28 13:30:00,2021-01-28 00:00:00
MARUTI,2021-04-27 13:30:00,2021-04-27 00:00:00
MARUTI,2021-07-28 14:30:00,2021-07-28 00:00:00
MARUTI,2021-10-27 13:30:00,2021-10-27 00:00:00
MARUTI,2022-01-25 13:30:00,2022-01-25 00:00:00
MARUTI,2022-04-30 10:30:00,2022-05-02 00:00:00
MARUTI,2022-07-27 14:30:00,2022-07-27 00:00:00
MARUTI,2022-10-28 13:30:00,2022-10-28 00:00:00
MARUTI,2023-01-24 12:30:00,2023-01-24 00:00:00
MARUTI,2023-04-26 14:30:00,2023-04-26 00:00:00
MARUTI,2023-07-31 15:30:00,2023-08-01 00:00:00
MARUTI,2023-10-27 13:30:00,2023-10-27 00:00:00
MARUTI,2024-01-31 13:30:00,2024-01-31 00:00:00
MARUTI,2024-04-26 15:30:00,2024-04-29 00:00:00
MARUTI,2024-07-31 14:30:00,2024-07-31 00:00:00
MARUTI,2024-10-29 12:30:00,2024-10-29 00:00:00
MARUTI,2025-01-29 13:30:00,2025-01-29 00:00:00
MARUTI,2025-04-25 13:30:00,2025-04-25 00:00:00
MARUTI,2025-07-31 14:30:00,2025-07-31 00:00:00
MARUTI,2025-10-31 13:30:00,2025-10-31 00:00:00
MARUTI,2026-01-28 13:30:00,2026-01-28 00:00:00
MARUTI,2026-04-28 14:30:00,2026-04-28 00:00:00
MARUTI,2026-07-31 16:30:00,2026-08-03 00:00:00
MARUTI,2026-10-29 15:30:00,2026-10-30 00:00:00
MAXHEALTH,2021-02-06 14:30:00,2021-02-08 00:00:00
MAXHEALTH,2021-05-28 15:30:00,2021-05-31 00:00:00
MAXHEALTH,2021-08-10 12:30:00,2021-08-10 00:00:00
MAXHEALTH,2021-11-12 12:30:00,2021-11-12 00:00:00
MAXHEALTH,2022-02-12 13:30:00,2022-02-14 00:00:00
MAXHEALTH,2022-05-25 14:30:00,2022-05-25 00:00:00
MAXHEALTH,2022-08-10 12:30:00,2022-08-10 00:00:00
MAXHEALTH,2022-11-01 13:30:00,2022-11-01 00:00:00
MAXHEALTH,2023-02-02 13:30:00,2023-02-02 00:00:00
MAXHEALTH,2023-05-16 13:30:00,2023-05-16 00:00:00
MAXHEALTH,2023-08-07 15:30:00,2023-08-08 00:00:00
MAXHEALTH,2023-11-06 14:30:00,2023-11-06 00:00:00
MAXHEALTH,2024-01-31 12:30:00,2024-01-31 00:00:00
MAXHEALTH,2024-05-22 14:30:00,2024-05-22 00:00:00
MAXHEALTH,2024-08-01 13:30:00,2024-08-01 00:00:00
MAXHEALTH,2024-11-05 20:30:00,2024-11-06 00:00:00
MAXHEALTH,2025-01-30 13:30:00,2025-01-30 00:00:00
MAXHEALTH,2025-05-20 14:30:00,2025-05-20 00:00:00
MAXHEALTH,2025-08-13 11:30:00,2025-08-13 00:00:00
MAXHEALTH,2025-11-14 20:30:00,2025-11-17 00:00:00
MAXHEALTH,2026-02-05 13:30:00,2026-02-05 00:00:00
MAXHEALTH,2026-05-21 15:30:00,2026-05-22 00:00:00
MAXHEALTH,2026-08-13 13:30:00,2026-08-13 00:00:00
MAXHEALTH,2026-11-20 15:30:00,2026-11-23 00:00:00
MAZDOCK,2021-08-12 13:30:00,2021-08-12 00:00:00
MAZDOCK,2021-11-10 13:30:00,2021-11-10 00:00:00
MAZDOCK,2023-01-30 17:30:00,2023-01-31 00:00:00
MAZDOCK,2023-05-30 14:30:00,2023-05-30 00:00:00
MAZDOCK,2026-02-05 05:30:00,2026-02-05 00:00:00
MAZDOCK,2026-04-30 05:30:00,2026-04-30 00:00:00
MAZDOCK,2026-07-30 17:30:00,2026-07-31 00:00:00
MCX,2013-02-01 20:30:00,2013-02-04 00:00:00
MCX,2013-05-29 22:30:00,2013-05-30 00:00:00
MCX,2013-07-29 22:30:00,2013-07-30 00:00:00
MCX,2013-11-11 23:30:00,2013-11-12 00:00:00
MCX,2014-05-30 18:30:00,2014-06-02 00:00:00
MCX,2014-08-14 00:30:00,2014-08-14 00:00:00
MCX,2014-11-04 05:30:00,2014-11-04 00:00:00
MCX,2015-02-04 05:30:00,2015-02-04 00:00:00
MCX,2015-05-15 13:30:00,2015-05-15 00:00:00
MCX,2015-08-08 23:30:00,2015-08-10 00:00:00
MCX,2015-10-28 23:30:00,2015-10-29 00:00:00
MCX,2016-02-04 18:30:00,2016-02-05 00:00:00
MCX,2016-05-06 12:30:00,2016-05-06 00:00:00
MCX,2016-09-01 16:30:00,2016-09-02 00:00:00
MCX,2016-10-26 00:30:00,2016-10-26 00:00:00
MCX,2017-01-13 23:30:00,2017-01-16 00:00:00
MCX,2017-05-04 23:30:00,2017-05-05 00:00:00
MCX,2017-07-13 18:30:00,2017-07-14 00:00:00
MCX,2017-10-14 00:30:00,2017-10-16 00:00:00
MCX,2018-01-16 14:30:00,2018-01-16 00:00:00
MCX,2018-04-28 16:30:00,2018-04-30 00:00:00
MCX,2018-07-20 16:30:00,2018-07-23 00:00:00
MCX,2018-10-23 16:30:00,2018-10-24 00:00:00
MCX,2019-01-15 15:30:00,2019-01-16 00:00:00
MCX,2019-04-25 17:30:00,2019-04-26 00:00:00
MCX,2019-07-16 20:30:00,2019-07-17 00:00:00
MCX,2019-10-15 16:30:00,2019-10-16 00:00:00
MCX,2020-01-30 18:30:00,2020-01-31 00:00:00
MCX,2020-05-30 20:30:00,2020-06-01 00:00:00
MCX,2020-07-25 20:30:00,2020-07-27 00:00:00
MCX,2020-10-28 19:30:00,2020-10-29 00:00:00
MCX,2021-01-21 18:30:00,2021-01-22 00:00:00
MCX,2021-05-22 18:30:00,2021-05-24 00:00:00
MCX,2021-07-24 19:30:00,2021-07-26 00:00:00
MCX,2021-10-23 17:30:00,2021-10-25 00:00:00
MCX,2022-01-29 17:30:00,2022-01-31 00:00:00
MCX,2022-05-16 21:30:00,2022-05-17 00:00:00
MCX,2022-07-30 19:30:00,2022-08-01 00:00:00
MCX,2022-10-22 17:30:00,2022-10-24 00:00:00
MCX,2023-02-04 17:30:00,2023-02-06 00:00:00
MCX,2023-05-20 18:30:00,2023-05-22 00:00:00
MCX,2023-07-29 18:30:00,2023-07-31 00:00:00
MCX,2023-11-08 21:30:00,2023-11-09 00:00:00
MCX,2024-02-10 15:30:00,2024-02-12 00:00:00
MCX,2024-04-23 21:30:00,2024-04-24 00:00:00
MCX,2024-07-27 17:30:00,2024-07-29 00:00:00
MCX,2024-10-19 17:30:00,2024-10-21 00:00:00
MCX,2025-01-20 19:30:00,2025-01-21 00:00:00
MCX,2025-05-08 19:30:00,2025-05-09 00:00:00
MCX,2025-08-01 18:30:00,2025-08-04 00:00:00
MCX,2025-11-06 21:30:00,2025-11-07 00:00:00
MCX,2026-01-23 19:30:00,2026-01-26 00:00:00
MCX,2026-05-08 20:30:00,2026-05-11 00:00:00
MCX,2026-08-04 19:30:00,2026-08-05 00:00:00
MCX,2026-11-05 15:30:00,2026-11-06 00:00:00
MEDANTA,2023-08-10 15:30:00,2023-08-11 00:00:00
MEDANTA,2023-11-09 11:30:00,2023-11-09 00:00:00
MEDANTA,2024-02-08 15:30:00,2024-02-09 00:00:00
MEDANTA,2024-05-17 15:30:00,2024-05-20 00:00:00
MEDANTA,2024-08-08 16:30:00,2024-08-09 00:00:00
MEDANTA,2024-11-14 13:30:00,2024-11-14 00:00:00
MEDANTA,2025-02-04 15:30:00,2025-02-05 00:00:00
MEDANTA,2025-05-15 15:30:00,2025-05-16 00:00:00
MEDANTA,2025-08-07 16:30:00,2025-08-08 00:00:00
MEDANTA,2025-11-07 16:30:00,2025-11-10 00:00:00
MEDANTA,2026-02-04 15:30:00,2026-02-05 00:00:00
MEDANTA,2026-05-14 16:30:00,2026-05-15 00:00:00
MEDANTA,2026-07-30 15:30:00,2026-07-31 00:00:00
MFSL,2009-07-31 01:30:00,2009-07-31 00:00:00
MFSL,2014-05-28 14:30:00,2014-05-28 00:00:00
MFSL,2014-08-13 18:30:00,2014-08-14 00:00:00
MFSL,2019-05-28 18:30:00,2019-05-29 00:00:00
MFSL,2019-11-06 15:30:00,2019-11-07 00:00:00
MFSL,2020-02-05 05:30:00,2020-02-05 00:00:00
MFSL,2020-02-05 15:30:00,2020-02-06 00:00:00
MFSL,2020-05-26 15:30:00,2020-05-27 00:00:00
MFSL,2020-10-30 15:30:00,2020-11-02 00:00:00
MFSL,2021-02-09 12:30:00,2021-02-09 00:00:00
MFSL,2021-06-08 15:30:00,2021-06-09 00:00:00
MFSL,2021-08-10 13:30:00,2021-08-10 00:00:00
MFSL,2021-11-09 17:30:00,2021-11-10 00:00:00
MFSL,2022-01-28 18:30:00,2022-01-31 00:00:00
MFSL,2022-05-10 17:30:00,2022-05-11 00:00:00
MFSL,2022-08-01 16:30:00,2022-08-02 00:00:00
MFSL,2022-10-19 17:30:00,2022-10-20 00:00:00
MFSL,2023-01-31 17:30:00,2023-02-01 00:00:00
MFSL,2023-05-12 18:30:00,2023-05-15 00:00:00
MFSL,2023-08-09 17:30:00,2023-08-10 00:00:00
MFSL,2023-10-31 17:30:00,2023-11-01 00:00:00
MFSL,2024-02-06 17:30:00,2024-02-07 00:00:00
MFSL,2024-05-07 18:30:00,2024-05-08 00:00:00
MFSL,2024-08-13 17:30:00,2024-08-14 00:00:00
MFSL,2024-10-22 18:30:00,2024-10-23 00:00:00
MFSL,2025-02-04 19:30:00,2025-02-05 00:00:00
MFSL,2025-05-13 19:30:00,2025-05-14 00:00:00
MFSL,2025-08-07 18:30:00,2025-08-08 00:00:00
MFSL,2025-11-11 18:30:00,2025-11-12 00:00:00
MFSL,2026-02-11 17:30:00,2026-02-12 00:00:00
MFSL,2026-08-13 17:30:00,2026-08-14 00:00:00
MFSL,2026-10-27 15:30:00,2026-10-28 00:00:00
MOTHERSON,2007-05-28 09:30:00,2007-05-28 00:00:00
MOTHERSON,2007-07-30 12:30:00,2007-07-30 00:00:00
MOTHERSON,2008-01-28 13:30:00,2008-01-28 00:00:00
MOTHERSON,2008-06-02 15:30:00,2008-06-03 00:00:00
MOTHERSON,2008-10-21 15:30:00,2008-10-22 00:00:00
MOTHERSON,2009-01-27 13:30:00,2009-01-27 00:00:00
MOTHERSON,2009-06-29 05:30:00,2009-06-29 00:00:00
MOTHERSON,2009-07-15 05:30:00,2009-07-15 00:00:00
MOTHERSON,2009-10-15 05:30:00,2009-10-15 00:00:00
MOTHERSON,2011-02-03 11:30:00,2011-02-03 00:00:00
MOTHERSON,2011-05-26 15:30:00,2011-05-27 00:00:00
MOTHERSON,2011-08-01 15:30:00,2011-08-02 00:00:00
MOTHERSON,2011-11-05 20:30:00,2011-11-07 00:00:00
MOTHERSON,2012-06-18 18:30:00,2012-06-19 00:00:00
MOTHERSON,2012-11-06 14:30:00,2012-11-06 00:00:00
MOTHERSON,2013-02-12 09:30:00,2013-02-12 00:00:00
MOTHERSON,2013-05-17 10:30:00,2013-05-17 00:00:00
MOTHERSON,2013-07-31 10:30:00,2013-07-31 00:00:00
MOTHERSON,2013-11-01 14:30:00,2013-11-01 00:00:00
MOTHERSON,2014-01-31 14:30:00,2014-01-31 00:00:00
MOTHERSON,2014-05-22 10:30:00,2014-05-22 00:00:00
MOTHERSON,2014-08-12 17:30:00,2014-08-13 00:00:00
MOTHERSON,2014-11-10 17:30:00,2014-11-11 00:00:00
MOTHERSON,2015-02-10 16:30:00,2015-02-11 00:00:00
MOTHERSON,2015-05-12 16:30:00,2015-05-13 00:00:00
MOTHERSON,2015-08-06 17:30:00,2015-08-07 00:00:00
MOTHERSON,2015-11-06 17:30:00,2015-11-09 00:00:00
MOTHERSON,2016-02-09 16:30:00,2016-02-10 00:00:00
MOTHERSON,2016-05-17 16:30:00,2016-05-18 00:00:00
MOTHERSON,2016-08-10 15:30:00,2016-08-11 00:00:00
MOTHERSON,2016-11-10 15:30:00,2016-11-11 00:00:00
MOTHERSON,2017-02-13 17:30:00,2017-02-14 00:00:00
MOTHERSON,2017-05-19 12:30:00,2017-05-19 00:00:00
MOTHERSON,2017-08-10 11:30:00,2017-08-10 00:00:00
MOTHERSON,2017-11-10 11:30:00,2017-11-10 00:00:00
MOTHERSON,2018-02-13 11:30:00,2018-02-13 00:00:00
MOTHERSON,2018-05-23 12:30:00,2018-05-23 00:00:00
MOTHERSON,2018-08-07 12:30:00,2018-08-07 00:00:00
MOTHERSON,2018-11-14 11:30:00,2018-11-14 00:00:00
MOTHERSON,2019-02-11 12:30:00,2019-02-11 00:00:00
MOTHERSON,2019-05-27 12:30:00,2019-05-27 00:00:00
MOTHERSON,2019-08-12 15:30:00,2019-08-13 00:00:00
MOTHERSON,2019-11-11 10:30:00,2019-11-11 00:00:00
MOTHERSON,2020-02-10 11:30:00,2020-02-10 00:00:00
MOTHERSON,2020-06-02 12:30:00,2020-06-02 00:00:00
MOTHERSON,2020-08-11 12:30:00,2020-08-11 00:00:00
MOTHERSON,2020-11-10 12:30:00,2020-11-10 00:00:00
MOTHERSON,2021-02-12 11:30:00,2021-02-12 00:00:00
MOTHERSON,2021-06-02 12:30:00,2021-06-02 00:00:00
MOTHERSON,2021-08-10 12:30:00,2021-08-10 00:00:00
MOTHERSON,2021-11-12 11:30:00,2021-11-12 00:00:00
MOTHERSON,2022-02-11 11:30:00,2022-02-11 00:00:00
MOTHERSON,2022-05-26 17:30:00,2022-05-27 00:00:00
MOTHERSON,2022-08-08 17:30:00,2022-08-09 00:00:00
MOTHERSON,2022-11-10 14:30:00,2022-11-10 00:00:00
MOTHERSON,2023-02-08 18:30:00,2023-02-09 00:00:00
MOTHERSON,2023-05-26 12:30:00,2023-05-26 00:00:00
MOTHERSON,2023-08-10 13:30:00,2023-08-10 00:00:00
MOTHERSON,2023-11-09 13:30:00,2023-11-09 00:00:00
MOTHERSON,2024-02-12 14:30:00,2024-02-12 00:00:00
MOTHERSON,2024-05-29 14:30:00,2024-05-29 00:00:00
MOTHERSON,2024-08-13 14:30:00,2024-08-13 00:00:00
MOTHERSON,2024-11-12 14:30:00,2024-11-12 00:00:00
MOTHERSON,2025-02-14 14:30:00,2025-02-14 00:00:00
MOTHERSON,2025-05-29 13:30:00,2025-05-29 00:00:00
MOTHERSON,2025-08-13 12:30:00,2025-08-13 00:00:00
MOTHERSON,2025-11-13 14:30:00,2025-11-13 00:00:00
MOTHERSON,2026-02-10 13:30:00,2026-02-10 00:00:00
MOTHERSON,2026-05-20 13:30:00,2026-05-20 00:00:00
MOTHERSON,2026-08-06 11:30:00,2026-08-06 00:00:00
MOTHERSON,2026-11-12 15:30:00,2026-11-13 00:00:00
MOTILALOFS,2012-10-18 14:30:00,2012-10-18 00:00:00
MOTILALOFS,2013-04-27 18:30:00,2013-04-29 00:00:00
MOTILALOFS,2014-04-26 14:30:00,2014-04-28 00:00:00
MOTILALOFS,2015-01-31 01:30:00,2015-02-02 00:00:00
MOTILALOFS,2015-04-30 18:30:00,2015-05-01 00:00:00
MOTILALOFS,2016-02-04 01:30:00,2016-02-04 00:00:00
MOTILALOFS,2016-04-30 20:30:00,2016-05-02 00:00:00
MOTILALOFS,2016-07-21 20:30:00,2016-07-22 00:00:00
MOTILALOFS,2017-01-31 00:30:00,2017-01-31 00:00:00
MOTILALOFS,2017-04-28 00:30:00,2017-04-28 00:00:00
MOTILALOFS,2017-11-04 16:30:00,2017-11-06 00:00:00
MOTILALOFS,2018-01-24 14:30:00,2018-01-24 00:00:00
MOTILALOFS,2018-05-21 19:30:00,2018-05-22 00:00:00
MOTILALOFS,2018-09-04 19:30:00,2018-09-05 00:00:00
MOTILALOFS,2019-10-24 15:30:00,2019-10-25 00:00:00
MOTILALOFS,2020-01-22 05:30:00,2020-01-22 00:00:00
MOTILALOFS,2020-10-30 18:30:00,2020-11-02 00:00:00
MOTILALOFS,2026-07-23 15:30:00,2026-07-24 00:00:00
MPHASIS,2004-10-11 10:30:00,2004-10-11 00:00:00
MPHASIS,2005-04-12 07:30:00,2005-04-12 00:00:00
MPHASIS,2005-07-12 07:30:00,2005-07-12 00:00:00
MPHASIS,2005-10-11 18:30:00,2005-10-12 00:00:00
MPHASIS,2006-01-10 20:30:00,2006-01-11 00:00:00
MPHASIS,2006-04-12 07:30:00,2006-04-12 00:00:00
MPHASIS,2006-08-01 07:30:00,2006-08-01 00:00:00
MPHASIS,2006-10-30 16:30:00,2006-10-31 00:00:00
MPHASIS,2007-01-31 19:30:00,2007-02-01 00:00:00
MPHASIS,2007-05-01 10:30:00,2007-05-01 00:00:00
MPHASIS,2007-06-30 05:30:00,2007-07-02 00:00:00
MPHASIS,2007-10-29 19:30:00,2007-10-30 00:00:00
MPHASIS,2008-01-30 19:30:00,2008-01-31 00:00:00
MPHASIS,2009-02-27 11:30:00,2009-02-27 00:00:00
MPHASIS,2009-05-21 08:30:00,2009-05-21 00:00:00
MPHASIS,2009-08-20 09:30:00,2009-08-20 00:00:00
MPHASIS,2009-11-24 18:30:00,2009-11-25 00:00:00
MPHASIS,2010-02-24 15:30:00,2010-02-25 00:00:00
MPHASIS,2010-05-27 04:30:00,2010-05-27 00:00:00
MPHASIS,2010-08-26 02:30:00,2010-08-26 00:00:00
MPHASIS,2010-11-22 23:30:00,2010-11-23 00:00:00
MPHASIS,2011-02-25 04:30:00,2011-02-25 00:00:00
MPHASIS,2011-05-27 04:30:00,2011-05-27 00:00:00
MPHASIS,2011-08-25 04:30:00,2011-08-25 00:00:00
MPHASIS,2011-12-01 04:30:00,2011-12-01 00:00:00
MPHASIS,2012-03-05 18:30:00,2012-03-06 00:00:00
MPHASIS,2012-06-02 04:30:00,2012-06-04 00:00:00
MPHASIS,2012-08-29 13:30:00,2012-08-29 00:00:00
MPHASIS,2012-12-05 22:30:00,2012-12-06 00:00:00
MPHASIS,2013-02-28 18:30:00,2013-03-01 00:00:00
MPHASIS,2013-05-29 23:30:00,2013-05-30 00:00:00
MPHASIS,2013-08-29 18:30:00,2013-08-30 00:00:00
MPHASIS,2013-12-05 18:30:00,2013-12-06 00:00:00
MPHASIS,2014-05-15 06:30:00,2014-05-15 00:00:00
MPHASIS,2014-07-31 00:30:00,2014-07-31 00:00:00
MPHASIS,2014-10-30 13:30:00,2014-10-30 00:00:00
MPHASIS,2015-02-13 18:30:00,2015-02-16 00:00:00
MPHASIS,2015-05-23 10:30:00,2015-05-25 00:00:00
MPHASIS,2015-07-29 23:30:00,2015-07-30 00:00:00
MPHASIS,2015-10-21 14:30:00,2015-10-21 00:00:00
MPHASIS,2016-02-04 22:30:00,2016-02-05 00:00:00
MPHASIS,2016-05-26 18:30:00,2016-05-27 00:00:00
MPHASIS,2016-07-25 04:30:00,2016-07-25 00:00:00
MPHASIS,2016-11-04 00:30:00,2016-11-04 00:00:00
MPHASIS,2017-02-01 04:30:00,2017-02-01 00:00:00
MPHASIS,2017-05-26 16:30:00,2017-05-29 00:00:00
MPHASIS,2017-07-26 18:30:00,2017-07-27 00:00:00
MPHASIS,2017-10-26 15:30:00,2017-10-27 00:00:00
MPHASIS,2018-01-24 18:30:00,2018-01-25 00:00:00
MPHASIS,2018-05-10 17:30:00,2018-05-11 00:00:00
MPHASIS,2018-08-07 05:30:00,2018-08-07 00:00:00
MPHASIS,2018-10-19 02:30:00,2018-10-19 00:00:00
MPHASIS,2019-01-24 17:30:00,2019-01-25 00:00:00
MPHASIS,2019-05-27 22:30:00,2019-05-28 00:00:00
MPHASIS,2019-07-25 18:30:00,2019-07-26 00:00:00
MPHASIS,2019-11-15 04:30:00,2019-11-15 00:00:00
MPHASIS,2020-02-06 19:30:00,2020-02-07 00:00:00
MPHASIS,2020-05-14 15:30:00,2020-05-15 00:00:00
MPHASIS,2020-07-23 21:30:00,2020-07-24 00:00:00
MPHASIS,2020-10-22 21:30:00,2020-10-23 00:00:00
MPHASIS,2021-01-21 21:30:00,2021-01-22 00:00:00
MPHASIS,2021-05-13 22:30:00,2021-05-14 00:00:00
MPHASIS,2021-07-22 20:30:00,2021-07-23 00:00:00
MPHASIS,2021-10-21 21:30:00,2021-10-22 00:00:00
MPHASIS,2022-01-20 21:30:00,2022-01-21 00:00:00
MPHASIS,2022-04-28 21:30:00,2022-04-29 00:00:00
MPHASIS,2022-07-21 21:30:00,2022-07-22 00:00:00
MPHASIS,2022-10-21 02:30:00,2022-10-21 00:00:00
MPHASIS,2023-01-19 22:30:00,2023-01-20 00:00:00
MPHASIS,2023-04-27 22:30:00,2023-04-28 00:00:00
MPHASIS,2023-07-20 21:30:00,2023-07-21 00:00:00
MPHASIS,2023-10-20 02:30:00,2023-10-20 00:00:00
MPHASIS,2024-02-01 16:30:00,2024-02-02 00:00:00
MPHASIS,2024-04-25 22:30:00,2024-04-26 00:00:00
MPHASIS,2024-07-25 21:30:00,2024-07-26 00:00:00
MPHASIS,2024-10-15 05:30:00,2024-10-15 00:00:00
MPHASIS,2025-01-23 19:30:00,2025-01-24 00:00:00
MPHASIS,2025-04-24 22:30:00,2025-04-25 00:00:00
MPHASIS,2025-07-24 05:30:00,2025-07-24 00:00:00
MPHASIS,2025-10-30 23:30:00,2025-10-31 00:00:00
MPHASIS,2026-01-22 15:30:00,2026-01-23 00:00:00
MPHASIS,2026-04-29 23:30:00,2026-04-30 00:00:00
MPHASIS,2026-07-23 23:30:00,2026-07-24 00:00:00
MPHASIS,2026-11-05 15:30:00,2026-11-06 00:00:00
MRF,2013-02-07 18:30:00,2013-02-08 00:00:00
MRF,2013-04-18 14:30:00,2013-04-18 00:00:00
MRF,2013-07-25 14:30:00,2013-07-25 00:00:00
MRF,2013-11-28 18:30:00,2013-11-29 00:00:00
MRF,2014-04-22 18:30:00,2014-04-23 00:00:00
MRF,2014-07-23 19:30:00,2014-07-24 00:00:00
MRF,2014-11-26 22:30:00,2014-11-27 00:00:00
MRF,2016-08-11 20:30:00,2016-08-12 00:00:00
MRF,2017-08-04 14:30:00,2017-08-04 00:00:00
MRF,2018-02-01 13:30:00,2018-02-01 00:00:00
MRF,2018-05-03 13:30:00,2018-05-03 00:00:00
MRF,2018-08-09 15:30:00,2018-08-10 00:00:00
MRF,2018-11-08 13:30:00,2018-11-08 00:00:00
MRF,2019-02-07 13:30:00,2019-02-07 00:00:00
MRF,2019-05-02 13:30:00,2019-05-02 00:00:00
MRF,2019-08-09 14:30:00,2019-08-09 00:00:00
MRF,2019-11-08 12:30:00,2019-11-08 00:00:00
MRF,2020-02-10 13:30:00,2020-02-10 00:00:00
MRF,2020-06-29 12:30:00,2020-06-29 00:00:00
MRF,2020-08-14 12:30:00,2020-08-14 00:00:00
MRF,2020-11-06 12:30:00,2020-11-06 00:00:00
MRF,2021-02-11 12:30:00,2021-02-11 00:00:00
MRF,2021-06-07 12:30:00,2021-06-07 00:00:00
MRF,2021-08-09 11:30:00,2021-08-09 00:00:00
MRF,2021-11-09 11:30:00,2021-11-09 00:00:00
MRF,2022-02-10 11:30:00,2022-02-10 00:00:00
MRF,2022-05-10 12:30:00,2022-05-10 00:00:00
MRF,2022-08-09 11:30:00,2022-08-09 00:00:00
MRF,2022-11-08 11:30:00,2022-11-08 00:00:00
MRF,2023-02-09 12:30:00,2023-02-09 00:00:00
MRF,2023-05-03 12:30:00,2023-05-03 00:00:00
MRF,2023-08-03 12:30:00,2023-08-03 00:00:00
MRF,2023-11-03 12:30:00,2023-11-03 00:00:00
MRF,2024-02-09 11:30:00,2024-02-09 00:00:00
MRF,2024-05-03 12:30:00,2024-05-03 00:00:00
MRF,2024-08-08 12:30:00,2024-08-08 00:00:00
MRF,2024-11-08 11:30:00,2024-11-08 00:00:00
MRF,2025-02-06 12:30:00,2025-02-06 00:00:00
MRF,2025-05-07 05:30:00,2025-05-07 00:00:00
MRF,2025-08-12 11:30:00,2025-08-12 00:00:00
MRF,2025-11-14 11:30:00,2025-11-14 00:00:00
MRF,2026-02-06 12:30:00,2026-02-06 00:00:00
MRF,2026-05-07 12:30:00,2026-05-07 00:00:00
MRF,2026-08-11 11:30:00,2026-08-11 00:00:00
MRF,2026-11-12 15:30:00,2026-11-13 00:00:00
MUTHOOTFIN,2012-01-31 12:30:00,2012-01-31 00:00:00
MUTHOOTFIN,2012-06-20 22:30:00,2012-06-21 00:00:00
MUTHOOTFIN,2013-01-14 09:30:00,2013-01-14 00:00:00
MUTHOOTFIN,2013-05-14 14:30:00,2013-05-14 00:00:00
MUTHOOTFIN,2015-01-22 17:30:00,2015-01-23 00:00:00
MUTHOOTFIN,2015-05-05 17:30:00,2015-05-06 00:00:00
MUTHOOTFIN,2015-07-25 16:30:00,2015-07-27 00:00:00
MUTHOOTFIN,2015-11-02 17:30:00,2015-11-03 00:00:00
MUTHOOTFIN,2016-01-28 21:30:00,2016-01-29 00:00:00
MUTHOOTFIN,2016-05-27 21:30:00,2016-05-30 00:00:00
MUTHOOTFIN,2016-07-28 21:30:00,2016-07-29 00:00:00
MUTHOOTFIN,2016-11-11 18:30:00,2016-11-14 00:00:00
MUTHOOTFIN,2017-02-13 21:30:00,2017-02-14 00:00:00
MUTHOOTFIN,2017-05-18 16:30:00,2017-05-19 00:00:00
MUTHOOTFIN,2017-08-21 10:30:00,2017-08-21 00:00:00
MUTHOOTFIN,2017-11-08 16:30:00,2017-11-09 00:00:00
MUTHOOTFIN,2018-02-08 15:30:00,2018-02-09 00:00:00
MUTHOOTFIN,2018-05-16 15:30:00,2018-05-17 00:00:00
MUTHOOTFIN,2018-09-05 17:30:00,2018-09-06 00:00:00
MUTHOOTFIN,2018-12-07 04:30:00,2018-12-07 00:00:00
MUTHOOTFIN,2019-02-06 13:30:00,2019-02-06 00:00:00
MUTHOOTFIN,2019-05-13 16:30:00,2019-05-14 00:00:00
MUTHOOTFIN,2019-08-12 18:30:00,2019-08-13 00:00:00
MUTHOOTFIN,2019-11-13 16:30:00,2019-11-14 00:00:00
MUTHOOTFIN,2020-02-14 16:30:00,2020-02-17 00:00:00
MUTHOOTFIN,2020-06-17 15:30:00,2020-06-18 00:00:00
MUTHOOTFIN,2020-08-19 14:30:00,2020-08-19 00:00:00
MUTHOOTFIN,2020-11-03 12:30:00,2020-11-03 00:00:00
MUTHOOTFIN,2021-02-09 13:30:00,2021-02-09 00:00:00
MUTHOOTFIN,2021-06-02 13:30:00,2021-06-02 00:00:00
MUTHOOTFIN,2021-08-06 13:30:00,2021-08-06 00:00:00
MUTHOOTFIN,2021-11-04 13:30:00,2021-11-04 00:00:00
MUTHOOTFIN,2022-02-12 13:30:00,2022-02-14 00:00:00
MUTHOOTFIN,2022-05-26 15:30:00,2022-05-27 00:00:00
MUTHOOTFIN,2022-08-12 15:30:00,2022-08-15 00:00:00
MUTHOOTFIN,2022-11-10 16:30:00,2022-11-11 00:00:00
MUTHOOTFIN,2023-02-06 17:30:00,2023-02-07 00:00:00
MUTHOOTFIN,2023-05-19 16:30:00,2023-05-22 00:00:00
MUTHOOTFIN,2023-08-11 16:30:00,2023-08-14 00:00:00
MUTHOOTFIN,2023-11-09 18:30:00,2023-11-10 00:00:00
MUTHOOTFIN,2024-02-14 15:30:00,2024-02-15 00:00:00
MUTHOOTFIN,2024-05-30 15:30:00,2024-05-31 00:00:00
MUTHOOTFIN,2024-08-13 15:30:00,2024-08-14 00:00:00
MUTHOOTFIN,2024-11-14 15:30:00,2024-11-15 00:00:00
MUTHOOTFIN,2025-02-12 15:30:00,2025-02-13 00:00:00
MUTHOOTFIN,2025-05-14 16:30:00,2025-05-15 00:00:00
MUTHOOTFIN,2025-08-13 15:30:00,2025-08-14 00:00:00
MUTHOOTFIN,2025-11-13 16:30:00,2025-11-14 00:00:00
MUTHOOTFIN,2026-02-12 15:30:00,2026-02-13 00:00:00
MUTHOOTFIN,2026-05-14 16:30:00,2026-05-15 00:00:00
MUTHOOTFIN,2026-08-01 14:30:00,2026-08-03 00:00:00
MUTHOOTFIN,2026-10-30 15:30:00,2026-11-02 00:00:00
NAM-INDIA,2021-04-27 15:30:00,2021-04-28 00:00:00
NAM-INDIA,2023-01-30 16:30:00,2023-01-31 00:00:00
NAM-INDIA,2023-04-25 18:30:00,2023-04-26 00:00:00
NAM-INDIA,2023-07-27 15:30:00,2023-07-28 00:00:00
NAM-INDIA,2023-10-30 12:30:00,2023-10-30 00:00:00
NAM-INDIA,2024-01-29 17:30:00,2024-01-30 00:00:00
NAM-INDIA,2024-04-24 13:30:00,2024-04-24 00:00:00
NAM-INDIA,2024-07-19 17:30:00,2024-07-22 00:00:00
NAM-INDIA,2024-10-24 17:30:00,2024-10-25 00:00:00
NAM-INDIA,2025-01-23 17:30:00,2025-01-24 00:00:00
NAM-INDIA,2025-04-28 16:30:00,2025-04-29 00:00:00
NAM-INDIA,2025-07-28 14:30:00,2025-07-28 00:00:00
NAM-INDIA,2025-10-30 15:30:00,2025-10-31 00:00:00
NAM-INDIA,2026-01-29 16:30:00,2026-01-30 00:00:00
NAM-INDIA,2026-04-27 14:30:00,2026-04-27 00:00:00
NAM-INDIA,2026-07-22 17:30:00,2026-07-23 00:00:00
NATIONALUM,2004-10-28 09:30:00,2004-10-28 00:00:00
NATIONALUM,2005-01-21 13:30:00,2005-01-21 00:00:00
NATIONALUM,2005-04-21 10:30:00,2005-04-21 00:00:00
NATIONALUM,2005-07-22 14:30:00,2005-07-22 00:00:00
NATIONALUM,2005-10-28 14:30:00,2005-10-28 00:00:00
NATIONALUM,2006-01-27 11:30:00,2006-01-27 00:00:00
NATIONALUM,2006-04-29 11:30:00,2006-05-01 00:00:00
NATIONALUM,2006-07-27 14:30:00,2006-07-27 00:00:00
NATIONALUM,2006-10-30 13:30:00,2006-10-30 00:00:00
NATIONALUM,2007-01-22 18:30:00,2007-01-23 00:00:00
NATIONALUM,2007-04-25 17:30:00,2007-04-26 00:00:00
NATIONALUM,2007-07-30 14:30:00,2007-07-30 00:00:00
NATIONALUM,2007-10-24 08:30:00,2007-10-24 00:00:00
NATIONALUM,2008-01-29 13:30:00,2008-01-29 00:00:00
NATIONALUM,2008-04-29 18:30:00,2008-04-30 00:00:00
NATIONALUM,2008-07-31 18:30:00,2008-08-01 00:00:00
NATIONALUM,2008-10-31 08:30:00,2008-10-31 00:00:00
NATIONALUM,2009-01-28 12:30:00,2009-01-28 00:00:00
NATIONALUM,2009-06-03 15:30:00,2009-06-04 00:00:00
NATIONALUM,2009-07-31 12:30:00,2009-07-31 00:00:00
NATIONALUM,2009-10-30 14:30:00,2009-10-30 00:00:00
NATIONALUM,2010-01-27 18:30:00,2010-01-28 00:00:00
NATIONALUM,2010-05-15 14:30:00,2010-05-17 00:00:00
NATIONALUM,2010-08-15 03:30:00,2010-08-16 00:00:00
NATIONALUM,2010-11-01 13:30:00,2010-11-01 00:00:00
NATIONALUM,2011-02-01 13:30:00,2011-02-01 00:00:00
NATIONALUM,2011-05-30 22:30:00,2011-05-31 00:00:00
NATIONALUM,2011-08-13 16:30:00,2011-08-15 00:00:00
NATIONALUM,2011-11-14 21:30:00,2011-11-15 00:00:00
NATIONALUM,2012-02-06 16:30:00,2012-02-07 00:00:00
NATIONALUM,2012-05-21 15:30:00,2012-05-22 00:00:00
NATIONALUM,2012-10-25 22:30:00,2012-10-26 00:00:00
NATIONALUM,2013-01-30 09:30:00,2013-01-30 00:00:00
NATIONALUM,2013-08-14 18:30:00,2013-08-15 00:00:00
NATIONALUM,2013-11-12 10:30:00,2013-11-12 00:00:00
NATIONALUM,2014-01-29 13:30:00,2014-01-29 00:00:00
NATIONALUM,2014-05-28 14:30:00,2014-05-28 00:00:00
NATIONALUM,2014-08-13 21:30:00,2014-08-14 00:00:00
NATIONALUM,2014-11-12 23:30:00,2014-11-13 00:00:00
NATIONALUM,2015-02-10 23:30:00,2015-02-11 00:00:00
NATIONALUM,2015-05-31 00:30:00,2015-06-01 00:00:00
NATIONALUM,2015-08-12 22:30:00,2015-08-13 00:00:00
NATIONALUM,2016-02-11 22:30:00,2016-02-12 00:00:00
NATIONALUM,2016-05-29 13:30:00,2016-05-30 00:00:00
NATIONALUM,2016-09-12 16:30:00,2016-09-13 00:00:00
NATIONALUM,2016-12-14 17:30:00,2016-12-15 00:00:00
NATIONALUM,2017-02-13 16:30:00,2017-02-14 00:00:00
NATIONALUM,2017-05-27 16:30:00,2017-05-29 00:00:00
NATIONALUM,2017-08-09 18:30:00,2017-08-10 00:00:00
NATIONALUM,2017-11-11 19:30:00,2017-11-13 00:00:00
NATIONALUM,2018-02-09 19:30:00,2018-02-12 00:00:00
NATIONALUM,2018-05-26 17:30:00,2018-05-28 00:00:00
NATIONALUM,2018-08-08 16:30:00,2018-08-09 00:00:00
NATIONALUM,2018-11-12 19:30:00,2018-11-13 00:00:00
NATIONALUM,2019-02-08 19:30:00,2019-02-11 00:00:00
NATIONALUM,2019-05-30 19:30:00,2019-05-31 00:00:00
NATIONALUM,2019-08-13 16:30:00,2019-08-14 00:00:00
NATIONALUM,2019-11-13 19:30:00,2019-11-14 00:00:00
NATIONALUM,2020-02-10 15:30:00,2020-02-11 00:00:00
NATIONALUM,2020-06-26 15:30:00,2020-06-29 00:00:00
NATIONALUM,2020-09-04 16:30:00,2020-09-07 00:00:00
NATIONALUM,2020-11-11 15:30:00,2020-11-12 00:00:00
NATIONALUM,2021-02-12 14:30:00,2021-02-12 00:00:00
NATIONALUM,2021-06-28 15:30:00,2021-06-29 00:00:00
NATIONALUM,2021-08-06 15:30:00,2021-08-09 00:00:00
NATIONALUM,2021-11-12 19:30:00,2021-11-15 00:00:00
NATIONALUM,2022-02-07 17:30:00,2022-02-08 00:00:00
NATIONALUM,2022-05-25 16:30:00,2022-05-26 00:00:00
NATIONALUM,2022-08-08 18:30:00,2022-08-09 00:00:00
NATIONALUM,2022-11-09 12:30:00,2022-11-09 00:00:00
NATIONALUM,2023-02-10 18:30:00,2023-02-13 00:00:00
NATIONALUM,2023-05-24 20:30:00,2023-05-25 00:00:00
NATIONALUM,2023-08-11 18:30:00,2023-08-14 00:00:00
NATIONALUM,2023-11-09 13:30:00,2023-11-09 00:00:00
NATIONALUM,2024-02-13 19:30:00,2024-02-14 00:00:00
NATIONALUM,2024-05-27 18:30:00,2024-05-28 00:00:00
NATIONALUM,2024-08-12 13:30:00,2024-08-12 00:00:00
NATIONALUM,2024-11-13 16:30:00,2024-11-14 00:00:00
NATIONALUM,2025-02-10 18:30:00,2025-02-11 00:00:00
NATIONALUM,2025-05-21 18:30:00,2025-05-22 00:00:00
NATIONALUM,2025-08-07 14:30:00,2025-08-07 00:00:00
NATIONALUM,2025-11-07 20:30:00,2025-11-10 00:00:00
NATIONALUM,2026-01-30 10:30:00,2026-01-30 00:00:00
NATIONALUM,2026-04-30 11:30:00,2026-04-30 00:00:00
NATIONALUM,2026-07-31 20:30:00,2026-08-03 00:00:00
NATIONALUM,2026-11-05 15:30:00,2026-11-06 00:00:00
NAUKRI,2007-10-29 14:30:00,2007-10-29 00:00:00
NAUKRI,2008-01-22 13:30:00,2008-01-22 00:00:00
NAUKRI,2008-04-30 12:30:00,2008-04-30 00:00:00
NAUKRI,2008-07-24 13:30:00,2008-07-24 00:00:00
NAUKRI,2009-01-04 05:30:00,2009-01-05 00:00:00
NAUKRI,2009-01-23 01:30:00,2009-01-23 00:00:00
NAUKRI,2009-04-30 16:30:00,2009-05-01 00:00:00
NAUKRI,2009-07-23 12:30:00,2009-07-23 00:00:00
NAUKRI,2009-10-22 13:30:00,2009-10-22 00:00:00
NAUKRI,2010-01-29 13:30:00,2010-01-29 00:00:00
NAUKRI,2010-05-01 09:30:00,2010-05-03 00:00:00
NAUKRI,2010-07-23 15:30:00,2010-07-26 00:00:00
NAUKRI,2010-10-22 18:30:00,2010-10-25 00:00:00
NAUKRI,2011-01-20 18:30:00,2011-01-21 00:00:00
NAUKRI,2011-04-28 14:30:00,2011-04-28 00:00:00
NAUKRI,2011-07-21 16:30:00,2011-07-22 00:00:00
NAUKRI,2011-10-20 18:30:00,2011-10-21 00:00:00
NAUKRI,2012-01-19 18:30:00,2012-01-20 00:00:00
NAUKRI,2012-05-03 13:30:00,2012-05-03 00:00:00
NAUKRI,2012-07-25 20:30:00,2012-07-26 00:00:00
NAUKRI,2012-10-19 14:30:00,2012-10-19 00:00:00
NAUKRI,2013-01-21 14:30:00,2013-01-21 00:00:00
NAUKRI,2013-05-03 14:30:00,2013-05-03 00:00:00
NAUKRI,2013-07-18 14:30:00,2013-07-18 00:00:00
NAUKRI,2013-10-18 14:30:00,2013-10-18 00:00:00
NAUKRI,2014-01-21 14:30:00,2014-01-21 00:00:00
NAUKRI,2014-05-14 10:30:00,2014-05-14 00:00:00
NAUKRI,2014-07-18 18:30:00,2014-07-21 00:00:00
NAUKRI,2014-10-16 18:30:00,2014-10-17 00:00:00
NAUKRI,2015-01-19 18:30:00,2015-01-20 00:00:00
NAUKRI,2015-05-29 18:30:00,2015-06-01 00:00:00
NAUKRI,2015-07-27 18:30:00,2015-07-28 00:00:00
NAUKRI,2015-11-07 22:30:00,2015-11-09 00:00:00
NAUKRI,2016-01-28 18:30:00,2016-01-29 00:00:00
NAUKRI,2016-05-25 19:30:00,2016-05-26 00:00:00
NAUKRI,2016-07-25 18:30:00,2016-07-26 00:00:00
NAUKRI,2016-10-27 18:30:00,2016-10-28 00:00:00
NAUKRI,2017-01-31 22:30:00,2017-02-01 00:00:00
NAUKRI,2017-05-29 14:30:00,2017-05-29 00:00:00
NAUKRI,2017-07-24 12:30:00,2017-07-24 00:00:00
NAUKRI,2017-10-31 12:30:00,2017-10-31 00:00:00
NAUKRI,2018-02-02 12:30:00,2018-02-02 00:00:00
NAUKRI,2018-05-30 13:30:00,2018-05-30 00:00:00
NAUKRI,2018-07-24 12:30:00,2018-07-24 00:00:00
NAUKRI,2018-10-30 12:30:00,2018-10-30 00:00:00
NAUKRI,2019-01-29 12:30:00,2019-01-29 00:00:00
NAUKRI,2019-05-28 12:30:00,2019-05-28 00:00:00
NAUKRI,2019-08-13 13:30:00,2019-08-13 00:00:00
NAUKRI,2019-11-12 12:30:00,2019-11-12 00:00:00
NAUKRI,2020-02-12 12:30:00,2020-02-12 00:00:00
NAUKRI,2020-06-22 20:30:00,2020-06-23 00:00:00
NAUKRI,2020-09-07 20:30:00,2020-09-08 00:00:00
NAUKRI,2020-11-10 20:30:00,2020-11-11 00:00:00
NAUKRI,2021-02-12 19:30:00,2021-02-15 00:00:00
NAUKRI,2021-06-21 09:30:00,2021-06-21 00:00:00
NAUKRI,2021-08-14 19:30:00,2021-08-16 00:00:00
NAUKRI,2021-11-14 21:30:00,2021-11-15 00:00:00
NAUKRI,2022-01-28 22:30:00,2022-01-31 00:00:00
NAUKRI,2022-05-27 21:30:00,2022-05-30 00:00:00
NAUKRI,2022-08-12 12:30:00,2022-08-12 00:00:00
NAUKRI,2022-11-11 16:30:00,2022-11-14 00:00:00
NAUKRI,2023-02-10 19:30:00,2023-02-13 00:00:00
NAUKRI,2023-05-26 13:30:00,2023-05-26 00:00:00
NAUKRI,2023-08-11 09:30:00,2023-08-11 00:00:00
NAUKRI,2023-11-07 12:30:00,2023-11-07 00:00:00
NAUKRI,2024-02-13 13:30:00,2024-02-13 00:00:00
NAUKRI,2024-05-16 16:30:00,2024-05-17 00:00:00
NAUKRI,2024-08-09 12:30:00,2024-08-09 00:00:00
NAUKRI,2024-11-08 12:30:00,2024-11-08 00:00:00
NAUKRI,2025-02-05 13:30:00,2025-02-05 00:00:00
NAUKRI,2025-05-27 12:30:00,2025-05-27 00:00:00
NAUKRI,2025-08-08 13:30:00,2025-08-08 00:00:00
NAUKRI,2025-11-12 13:30:00,2025-11-12 00:00:00
NAUKRI,2026-02-13 12:30:00,2026-02-13 00:00:00
NAUKRI,2026-05-22 12:30:00,2026-05-22 00:00:00
NAUKRI,2026-08-10 12:30:00,2026-08-10 00:00:00
NAUKRI,2026-11-11 15:30:00,2026-11-12 00:00:00
NESTLEIND,2005-03-14 14:30:00,2005-03-14 00:00:00
NESTLEIND,2005-10-28 13:30:00,2005-10-28 00:00:00
NESTLEIND,2006-03-07 07:30:00,2006-03-07 00:00:00
NESTLEIND,2006-04-27 17:30:00,2006-04-28 00:00:00
NESTLEIND,2006-07-30 12:30:00,2006-07-31 00:00:00
NESTLEIND,2006-10-30 07:30:00,2006-10-30 00:00:00
NESTLEIND,2007-03-20 16:30:00,2007-03-21 00:00:00
NESTLEIND,2007-04-30 16:30:00,2007-05-01 00:00:00
NESTLEIND,2007-07-31 18:30:00,2007-08-01 00:00:00
NESTLEIND,2007-10-30 15:30:00,2007-10-31 00:00:00
NESTLEIND,2008-03-04 13:30:00,2008-03-04 00:00:00
NESTLEIND,2008-08-01 08:30:00,2008-08-01 00:00:00
NESTLEIND,2008-10-31 15:30:00,2008-11-03 00:00:00
NESTLEIND,2009-03-06 18:30:00,2009-03-09 00:00:00
NESTLEIND,2009-05-01 11:30:00,2009-05-01 00:00:00
NESTLEIND,2009-07-30 15:30:00,2009-07-31 00:00:00
NESTLEIND,2009-10-30 18:30:00,2009-11-02 00:00:00
NESTLEIND,2010-02-19 19:30:00,2010-02-22 00:00:00
NESTLEIND,2010-04-23 04:30:00,2010-04-23 00:00:00
NESTLEIND,2010-08-03 02:30:00,2010-08-03 00:00:00
NESTLEIND,2010-10-29 23:30:00,2010-11-01 00:00:00
NESTLEIND,2011-02-19 00:30:00,2011-02-21 00:00:00
NESTLEIND,2011-04-21 23:30:00,2011-04-22 00:00:00
NESTLEIND,2011-07-30 22:30:00,2011-08-01 00:00:00
NESTLEIND,2011-11-04 16:30:00,2011-11-07 00:00:00
NESTLEIND,2012-02-15 04:30:00,2012-02-15 00:00:00
NESTLEIND,2012-04-25 16:30:00,2012-04-26 00:00:00
NESTLEIND,2012-07-27 16:30:00,2012-07-30 00:00:00
NESTLEIND,2012-11-12 10:30:00,2012-11-12 00:00:00
NESTLEIND,2013-02-20 18:30:00,2013-02-21 00:00:00
NESTLEIND,2013-05-13 14:30:00,2013-05-13 00:00:00
NESTLEIND,2013-07-26 18:30:00,2013-07-29 00:00:00
NESTLEIND,2013-10-30 18:30:00,2013-10-31 00:00:00
NESTLEIND,2014-02-14 22:30:00,2014-02-17 00:00:00
NESTLEIND,2014-05-13 18:30:00,2014-05-14 00:00:00
NESTLEIND,2014-08-07 23:30:00,2014-08-08 00:00:00
NESTLEIND,2014-10-28 22:30:00,2014-10-29 00:00:00
NESTLEIND,2015-02-13 21:30:00,2015-02-16 00:00:00
NESTLEIND,2015-05-15 22:30:00,2015-05-18 00:00:00
NESTLEIND,2015-07-29 22:30:00,2015-07-30 00:00:00
NESTLEIND,2015-10-29 20:30:00,2015-10-30 00:00:00
NESTLEIND,2016-02-12 16:30:00,2016-02-15 00:00:00
NESTLEIND,2016-05-12 21:30:00,2016-05-13 00:00:00
NESTLEIND,2016-07-29 21:30:00,2016-08-01 00:00:00
NESTLEIND,2016-10-28 23:30:00,2016-10-31 00:00:00
NESTLEIND,2017-02-15 22:30:00,2017-02-16 00:00:00
NESTLEIND,2017-05-12 17:30:00,2017-05-15 00:00:00
NESTLEIND,2017-07-26 18:30:00,2017-07-27 00:00:00
NESTLEIND,2017-11-10 17:30:00,2017-11-13 00:00:00
NESTLEIND,2018-02-14 17:30:00,2018-02-15 00:00:00
NESTLEIND,2018-05-10 16:30:00,2018-05-11 00:00:00
NESTLEIND,2018-08-03 22:30:00,2018-08-06 00:00:00
NESTLEIND,2018-10-26 17:30:00,2018-10-29 00:00:00
NESTLEIND,2019-02-14 19:30:00,2019-02-15 00:00:00
NESTLEIND,2019-05-14 22:30:00,2019-05-15 00:00:00
NESTLEIND,2019-08-03 22:30:00,2019-08-05 00:00:00
NESTLEIND,2019-11-08 17:30:00,2019-11-11 00:00:00
NESTLEIND,2020-02-13 18:30:00,2020-02-14 00:00:00
NESTLEIND,2020-05-12 15:30:00,2020-05-13 00:00:00
NESTLEIND,2020-07-28 16:30:00,2020-07-29 00:00:00
NESTLEIND,2020-10-23 17:30:00,2020-10-26 00:00:00
NESTLEIND,2021-02-16 17:30:00,2021-02-17 00:00:00
NESTLEIND,2021-04-20 15:30:00,2021-04-21 00:00:00
NESTLEIND,2021-07-28 15:30:00,2021-07-29 00:00:00
NESTLEIND,2021-10-19 16:30:00,2021-10-20 00:00:00
NESTLEIND,2022-02-17 11:30:00,2022-02-17 00:00:00
NESTLEIND,2022-04-21 09:30:00,2022-04-21 00:00:00
NESTLEIND,2022-07-28 10:30:00,2022-07-28 00:00:00
NESTLEIND,2022-10-19 10:30:00,2022-10-19 00:00:00
NESTLEIND,2023-02-16 11:30:00,2023-02-16 00:00:00
NESTLEIND,2023-04-25 10:30:00,2023-04-25 00:00:00
NESTLEIND,2023-07-27 10:30:00,2023-07-27 00:00:00
NESTLEIND,2024-02-07 12:30:00,2024-02-07 00:00:00
NESTLEIND,2024-04-25 12:30:00,2024-04-25 00:00:00
NESTLEIND,2024-07-25 11:30:00,2024-07-25 00:00:00
NESTLEIND,2024-10-17 11:30:00,2024-10-17 00:00:00
NESTLEIND,2025-01-31 11:30:00,2025-01-31 00:00:00
NESTLEIND,2025-04-24 11:30:00,2025-04-24 00:00:00
NESTLEIND,2025-07-24 11:30:00,2025-07-24 00:00:00
NESTLEIND,2025-10-16 11:30:00,2025-10-16 00:00:00
NESTLEIND,2026-01-30 13:30:00,2026-01-30 00:00:00
NESTLEIND,2026-04-21 13:30:00,2026-04-21 00:00:00
NESTLEIND,2026-07-22 10:30:00,2026-07-22 00:00:00
NESTLEIND,2026-10-15 15:30:00,2026-10-16 00:00:00
NHPC,2011-01-27 13:30:00,2011-01-27 00:00:00
NHPC,2011-05-27 20:30:00,2011-05-30 00:00:00
NHPC,2011-08-10 18:30:00,2011-08-11 00:00:00
NHPC,2011-10-28 14:30:00,2011-10-28 00:00:00
NHPC,2012-05-25 16:30:00,2012-05-28 00:00:00
NHPC,2012-10-31 14:30:00,2012-10-31 00:00:00
NHPC,2013-02-05 17:30:00,2013-02-06 00:00:00
NHPC,2013-05-28 22:30:00,2013-05-29 00:00:00
NHPC,2013-07-31 22:30:00,2013-08-01 00:00:00
NHPC,2013-11-11 18:30:00,2013-11-12 00:00:00
NHPC,2014-01-31 18:30:00,2014-02-03 00:00:00
NHPC,2014-05-30 18:30:00,2014-06-02 00:00:00
NHPC,2014-08-05 21:30:00,2014-08-06 00:00:00
NHPC,2014-10-30 22:30:00,2014-10-31 00:00:00
NHPC,2015-02-03 18:30:00,2015-02-04 00:00:00
NHPC,2015-05-30 00:30:00,2015-06-01 00:00:00
NHPC,2015-07-30 20:30:00,2015-07-31 00:00:00
NHPC,2015-11-13 17:30:00,2015-11-16 00:00:00
NHPC,2016-05-29 13:30:00,2016-05-30 00:00:00
NHPC,2016-08-12 15:30:00,2016-08-15 00:00:00
NHPC,2016-11-18 14:30:00,2016-11-18 00:00:00
NHPC,2017-02-07 17:30:00,2017-02-08 00:00:00
NHPC,2017-05-30 18:30:00,2017-05-31 00:00:00
NHPC,2017-08-09 13:30:00,2017-08-09 00:00:00
NHPC,2017-11-09 13:30:00,2017-11-09 00:00:00
NHPC,2018-02-12 17:30:00,2018-02-13 00:00:00
NHPC,2018-05-28 18:30:00,2018-05-29 00:00:00
NHPC,2018-08-10 18:30:00,2018-08-13 00:00:00
NHPC,2018-11-14 12:30:00,2018-11-14 00:00:00
NHPC,2019-02-08 17:30:00,2019-02-11 00:00:00
NHPC,2019-05-27 17:30:00,2019-05-28 00:00:00
NHPC,2019-08-09 17:30:00,2019-08-12 00:00:00
NHPC,2019-11-11 19:30:00,2019-11-12 00:00:00
NHPC,2020-02-07 17:30:00,2020-02-10 00:00:00
NHPC,2020-06-27 16:30:00,2020-06-29 00:00:00
NHPC,2020-08-31 14:30:00,2020-08-31 00:00:00
NHPC,2020-11-11 15:30:00,2020-11-12 00:00:00
NHPC,2021-02-11 22:30:00,2021-02-12 00:00:00
NHPC,2021-06-10 18:30:00,2021-06-11 00:00:00
NHPC,2021-08-13 15:30:00,2021-08-16 00:00:00
NHPC,2021-11-11 16:30:00,2021-11-12 00:00:00
NHPC,2022-02-11 19:30:00,2022-02-14 00:00:00
NHPC,2022-05-25 14:30:00,2022-05-25 00:00:00
NHPC,2022-08-10 13:30:00,2022-08-10 00:00:00
NHPC,2022-11-10 14:30:00,2022-11-10 00:00:00
NHPC,2023-02-07 21:30:00,2023-02-08 00:00:00
NHPC,2023-05-29 21:30:00,2023-05-30 00:00:00
NHPC,2023-08-11 20:30:00,2023-08-14 00:00:00
NHPC,2023-11-06 20:30:00,2023-11-07 00:00:00
NHPC,2024-02-12 14:30:00,2024-02-12 00:00:00
NHPC,2024-05-17 19:30:00,2024-05-20 00:00:00
NHPC,2024-08-07 19:30:00,2024-08-08 00:00:00
NHPC,2024-11-07 18:30:00,2024-11-08 00:00:00
NHPC,2025-02-07 19:30:00,2025-02-10 00:00:00
NHPC,2025-05-20 21:30:00,2025-05-21 00:00:00
NHPC,2025-08-12 20:30:00,2025-08-13 00:00:00
NHPC,2025-11-06 16:30:00,2025-11-07 00:00:00
NHPC,2026-02-04 16:30:00,2026-02-05 00:00:00
NHPC,2026-05-15 20:30:00,2026-05-18 00:00:00
NHPC,2026-08-04 19:30:00,2026-08-05 00:00:00
NHPC,2026-11-05 15:30:00,2026-11-06 00:00:00
NIACL,2018-05-11 18:30:00,2018-05-14 00:00:00
NIACL,2026-11-12 15:30:00,2026-11-13 00:00:00
NLCINDIA,2009-07-28 15:30:00,2009-07-29 00:00:00
NLCINDIA,2010-01-22 13:30:00,2010-01-22 00:00:00
NLCINDIA,2012-04-16 04:30:00,2012-04-16 00:00:00
NLCINDIA,2012-11-09 18:30:00,2012-11-12 00:00:00
NLCINDIA,2013-05-28 14:30:00,2013-05-28 00:00:00
NLCINDIA,2013-08-10 23:30:00,2013-08-12 00:00:00
NLCINDIA,2013-10-26 18:30:00,2013-10-28 00:00:00
NLCINDIA,2014-05-23 14:30:00,2014-05-23 00:00:00
NLCINDIA,2014-08-12 23:30:00,2014-08-13 00:00:00
NLCINDIA,2014-11-07 22:30:00,2014-11-10 00:00:00
NLCINDIA,2015-02-17 14:30:00,2015-02-17 00:00:00
NLCINDIA,2015-08-29 00:30:00,2015-08-31 00:00:00
NLCINDIA,2017-08-12 19:30:00,2017-08-14 00:00:00
NMDC,2010-08-02 18:30:00,2010-08-03 00:00:00
NMDC,2010-10-28 17:30:00,2010-10-29 00:00:00
NMDC,2011-02-01 13:30:00,2011-02-01 00:00:00
NMDC,2011-05-27 16:30:00,2011-05-30 00:00:00
NMDC,2011-07-28 22:30:00,2011-07-29 00:00:00
NMDC,2011-10-31 14:30:00,2011-10-31 00:00:00
NMDC,2012-01-31 17:30:00,2012-02-01 00:00:00
NMDC,2012-05-28 22:30:00,2012-05-29 00:00:00
NMDC,2012-08-13 19:30:00,2012-08-14 00:00:00
NMDC,2012-11-07 18:30:00,2012-11-08 00:00:00
NMDC,2013-02-13 14:30:00,2013-02-13 00:00:00
NMDC,2013-05-29 22:30:00,2013-05-30 00:00:00
NMDC,2013-08-07 14:30:00,2013-08-07 00:00:00
NMDC,2013-10-24 18:30:00,2013-10-25 00:00:00
NMDC,2014-02-10 22:30:00,2014-02-11 00:00:00
NMDC,2014-05-30 14:30:00,2014-05-30 00:00:00
NMDC,2014-08-12 21:30:00,2014-08-13 00:00:00
NMDC,2014-10-31 21:30:00,2014-11-03 00:00:00
NMDC,2015-02-06 20:30:00,2015-02-09 00:00:00
NMDC,2015-05-28 20:30:00,2015-05-29 00:00:00
NMDC,2015-08-11 21:30:00,2015-08-12 00:00:00
NMDC,2015-11-14 00:30:00,2015-11-16 00:00:00
NMDC,2016-02-12 17:30:00,2016-02-15 00:00:00
NMDC,2016-05-27 17:30:00,2016-05-30 00:00:00
NMDC,2016-08-12 16:30:00,2016-08-15 00:00:00
NMDC,2016-12-09 16:30:00,2016-12-12 00:00:00
NMDC,2017-02-13 17:30:00,2017-02-14 00:00:00
NMDC,2017-05-25 20:30:00,2017-05-26 00:00:00
NMDC,2017-08-09 17:30:00,2017-08-10 00:00:00
NMDC,2017-11-13 19:30:00,2017-11-14 00:00:00
NMDC,2018-02-13 19:30:00,2018-02-14 00:00:00
NMDC,2018-05-28 05:30:00,2018-05-28 00:00:00
NMDC,2018-08-09 17:30:00,2018-08-10 00:00:00
NMDC,2018-11-13 15:30:00,2018-11-14 00:00:00
NMDC,2019-01-31 17:30:00,2019-02-01 00:00:00
NMDC,2019-05-28 18:30:00,2019-05-29 00:00:00
NMDC,2019-08-13 17:30:00,2019-08-14 00:00:00
NMDC,2019-11-11 17:30:00,2019-11-12 00:00:00
NMDC,2020-02-07 10:30:00,2020-02-07 00:00:00
NMDC,2020-06-16 18:30:00,2020-06-17 00:00:00
NMDC,2020-08-27 16:30:00,2020-08-28 00:00:00
NMDC,2020-11-10 17:30:00,2020-11-11 00:00:00
NMDC,2021-02-08 17:30:00,2021-02-09 00:00:00
NMDC,2021-06-22 19:30:00,2021-06-23 00:00:00
NMDC,2021-08-12 14:30:00,2021-08-12 00:00:00
NMDC,2021-11-11 18:30:00,2021-11-12 00:00:00
NMDC,2022-02-08 17:30:00,2022-02-09 00:00:00
NMDC,2022-05-26 19:30:00,2022-05-27 00:00:00
NMDC,2022-08-05 15:30:00,2022-08-08 00:00:00
NMDC,2022-11-14 18:30:00,2022-11-15 00:00:00
NMDC,2023-02-14 18:30:00,2023-02-15 00:00:00
NMDC,2023-05-23 19:30:00,2023-05-24 00:00:00
NMDC,2023-08-11 16:30:00,2023-08-14 00:00:00
NMDC,2023-11-14 18:30:00,2023-11-15 00:00:00
NMDC,2024-02-14 16:30:00,2024-02-15 00:00:00
NMDC,2024-05-27 21:30:00,2024-05-28 00:00:00
NMDC,2024-08-12 19:30:00,2024-08-13 00:00:00
NMDC,2024-11-11 17:30:00,2024-11-12 00:00:00
NMDC,2025-02-06 12:30:00,2025-02-06 00:00:00
NMDC,2025-05-28 00:30:00,2025-05-28 00:00:00
NMDC,2025-08-12 19:30:00,2025-08-13 00:00:00
NMDC,2025-10-29 13:30:00,2025-10-29 00:00:00
NMDC,2026-02-03 13:30:00,2026-02-03 00:00:00
NMDC,2026-05-29 19:30:00,2026-06-01 00:00:00
NMDC,2026-08-14 17:30:00,2026-08-17 00:00:00
NMDC,2026-10-29 15:30:00,2026-10-30 00:00:00
NTPC,2005-06-13 16:30:00,2005-06-14 00:00:00
NTPC,2005-07-28 16:30:00,2005-07-29 00:00:00
NTPC,2005-10-27 19:30:00,2005-10-28 00:00:00
NTPC,2006-01-31 04:30:00,2006-01-31 00:00:00
NTPC,2006-04-20 11:30:00,2006-04-20 00:00:00
NTPC,2007-01-31 14:30:00,2007-01-31 00:00:00
NTPC,2007-04-05 11:30:00,2007-04-05 00:00:00
NTPC,2007-07-30 15:30:00,2007-07-31 00:00:00
NTPC,2007-10-27 15:30:00,2007-10-29 00:00:00
NTPC,2008-01-30 14:30:00,2008-01-30 00:00:00
NTPC,2008-04-10 11:30:00,2008-04-10 00:00:00
NTPC,2008-10-24 14:30:00,2008-10-24 00:00:00
NTPC,2009-01-24 16:30:00,2009-01-26 00:00:00
NTPC,2009-04-08 12:30:00,2009-04-08 00:00:00
NTPC,2009-07-27 15:30:00,2009-07-28 00:00:00
NTPC,2009-10-23 13:30:00,2009-10-23 00:00:00
NTPC,2010-01-29 13:30:00,2010-01-29 00:00:00
NTPC,2010-05-18 04:30:00,2010-05-18 00:00:00
NTPC,2010-07-27 03:30:00,2010-07-27 00:00:00
NTPC,2010-10-26 17:30:00,2010-10-27 00:00:00
NTPC,2011-01-31 13:30:00,2011-01-31 00:00:00
NTPC,2011-05-10 14:30:00,2011-05-10 00:00:00
NTPC,2011-07-25 16:30:00,2011-07-26 00:00:00
NTPC,2011-10-25 16:30:00,2011-10-26 00:00:00
NTPC,2012-01-27 16:30:00,2012-01-30 00:00:00
NTPC,2012-05-10 12:30:00,2012-05-10 00:00:00
NTPC,2012-07-27 17:30:00,2012-07-30 00:00:00
NTPC,2012-10-26 10:30:00,2012-10-26 00:00:00
NTPC,2013-01-21 14:30:00,2013-01-21 00:00:00
NTPC,2013-05-10 10:30:00,2013-05-10 00:00:00
NTPC,2013-07-30 14:30:00,2013-07-30 00:00:00
NTPC,2013-10-29 18:30:00,2013-10-30 00:00:00
NTPC,2014-01-28 22:30:00,2014-01-29 00:00:00
NTPC,2014-05-16 22:30:00,2014-05-19 00:00:00
NTPC,2014-07-31 19:30:00,2014-08-01 00:00:00
NTPC,2014-10-31 18:30:00,2014-11-03 00:00:00
NTPC,2015-01-30 19:30:00,2015-02-02 00:00:00
NTPC,2015-05-29 17:30:00,2015-06-01 00:00:00
NTPC,2015-07-30 23:30:00,2015-07-31 00:00:00
NTPC,2015-10-29 19:30:00,2015-10-30 00:00:00
NTPC,2016-01-30 20:30:00,2016-02-01 00:00:00
NTPC,2016-05-30 20:30:00,2016-05-31 00:00:00
NTPC,2016-08-22 14:30:00,2016-08-22 00:00:00
NTPC,2016-10-28 13:30:00,2016-10-28 00:00:00
NTPC,2017-02-09 08:30:00,2017-02-09 00:00:00
NTPC,2017-05-29 14:30:00,2017-05-29 00:00:00
NTPC,2017-07-29 14:30:00,2017-07-31 00:00:00
NTPC,2017-11-13 14:30:00,2017-11-13 00:00:00
NTPC,2018-01-31 16:30:00,2018-02-01 00:00:00
NTPC,2018-05-28 05:30:00,2018-05-28 00:00:00
NTPC,2018-07-28 14:30:00,2018-07-30 00:00:00
NTPC,2018-11-02 14:30:00,2018-11-02 00:00:00
NTPC,2019-01-30 15:30:00,2019-01-31 00:00:00
NTPC,2019-05-25 14:30:00,2019-05-27 00:00:00
NTPC,2019-08-10 15:30:00,2019-08-12 00:00:00
NTPC,2019-11-09 15:30:00,2019-11-11 00:00:00
NTPC,2020-02-07 15:30:00,2020-02-10 00:00:00
NTPC,2020-06-27 16:30:00,2020-06-29 00:00:00
NTPC,2020-08-14 14:30:00,2020-08-14 00:00:00
NTPC,2020-11-02 15:30:00,2020-11-03 00:00:00
NTPC,2021-02-04 13:30:00,2021-02-04 00:00:00
NTPC,2021-06-19 16:30:00,2021-06-21 00:00:00
NTPC,2021-07-31 14:30:00,2021-08-02 00:00:00
NTPC,2021-10-28 17:30:00,2021-10-29 00:00:00
NTPC,2022-01-29 16:30:00,2022-01-31 00:00:00
NTPC,2022-05-20 15:30:00,2022-05-23 00:00:00
NTPC,2022-07-29 14:30:00,2022-07-29 00:00:00
NTPC,2022-10-29 14:30:00,2022-10-31 00:00:00
NTPC,2023-01-28 14:30:00,2023-01-30 00:00:00
NTPC,2023-05-19 18:30:00,2023-05-22 00:00:00
NTPC,2023-07-29 17:30:00,2023-07-31 00:00:00
NTPC,2023-10-28 16:30:00,2023-10-30 00:00:00
NTPC,2024-01-29 20:30:00,2024-01-30 00:00:00
NTPC,2024-05-24 19:30:00,2024-05-27 00:00:00
NTPC,2024-07-27 15:30:00,2024-07-29 00:00:00
NTPC,2024-10-24 20:30:00,2024-10-25 00:00:00
NTPC,2025-01-25 17:30:00,2025-01-27 00:00:00
NTPC,2025-05-24 16:30:00,2025-05-26 00:00:00
NTPC,2025-07-29 19:30:00,2025-07-30 00:00:00
NTPC,2025-10-30 18:30:00,2025-10-31 00:00:00
NTPC,2026-05-23 14:30:00,2026-05-25 00:00:00
NTPC,2026-07-24 19:30:00,2026-07-27 00:00:00
NTPC,2026-10-29 15:30:00,2026-10-30 00:00:00
NYKAA,2021-12-01 15:30:00,2021-12-02 00:00:00
NYKAA,2022-02-09 17:30:00,2022-02-10 00:00:00
NYKAA,2022-05-27 16:30:00,2022-05-30 00:00:00
NYKAA,2022-08-05 17:30:00,2022-08-08 00:00:00
NYKAA,2022-11-01 12:30:00,2022-11-01 00:00:00
NYKAA,2023-02-13 15:30:00,2023-02-14 00:00:00
NYKAA,2023-05-24 15:30:00,2023-05-25 00:00:00
NYKAA,2023-08-11 15:30:00,2023-08-14 00:00:00
NYKAA,2023-11-06 15:30:00,2023-11-07 00:00:00
NYKAA,2024-02-06 15:30:00,2024-02-07 00:00:00
NYKAA,2024-05-22 15:30:00,2024-05-23 00:00:00
NYKAA,2024-08-13 15:30:00,2024-08-14 00:00:00
NYKAA,2024-11-12 15:30:00,2024-11-13 00:00:00
NYKAA,2025-02-10 15:30:00,2025-02-11 00:00:00
NYKAA,2025-05-30 16:30:00,2025-06-02 00:00:00
NYKAA,2025-08-12 15:30:00,2025-08-13 00:00:00
NYKAA,2025-11-07 15:30:00,2025-11-10 00:00:00
NYKAA,2026-02-05 15:30:00,2026-02-06 00:00:00
NYKAA,2026-05-21 15:30:00,2026-05-22 00:00:00
NYKAA,2026-08-04 15:30:00,2026-08-05 00:00:00
NYKAA,2026-11-05 15:30:00,2026-11-06 00:00:00
OBEROIRLTY,2012-04-26 04:30:00,2012-04-26 00:00:00
OBEROIRLTY,2012-07-22 04:30:00,2012-07-23 00:00:00
OBEROIRLTY,2012-10-20 18:30:00,2012-10-22 00:00:00
OBEROIRLTY,2013-01-19 14:30:00,2013-01-21 00:00:00
OBEROIRLTY,2013-04-19 22:30:00,2013-04-22 00:00:00
OBEROIRLTY,2013-07-15 18:30:00,2013-07-16 00:00:00
OBEROIRLTY,2013-10-30 18:30:00,2013-10-31 00:00:00
OBEROIRLTY,2014-02-01 15:30:00,2014-02-03 00:00:00
OBEROIRLTY,2014-05-12 06:30:00,2014-05-12 00:00:00
OBEROIRLTY,2014-07-19 23:30:00,2014-07-21 00:00:00
OBEROIRLTY,2014-10-18 20:30:00,2014-10-20 00:00:00
OBEROIRLTY,2015-01-17 00:30:00,2015-01-19 00:00:00
OBEROIRLTY,2015-04-30 19:30:00,2015-05-01 00:00:00
OBEROIRLTY,2015-07-18 21:30:00,2015-07-20 00:00:00
OBEROIRLTY,2015-11-02 22:30:00,2015-11-03 00:00:00
OBEROIRLTY,2016-01-15 22:30:00,2016-01-18 00:00:00
OBEROIRLTY,2016-04-29 21:30:00,2016-05-02 00:00:00
OBEROIRLTY,2016-08-20 00:30:00,2016-08-22 00:00:00
OBEROIRLTY,2016-10-21 22:30:00,2016-10-24 00:00:00
OBEROIRLTY,2017-01-25 22:30:00,2017-01-26 00:00:00
OBEROIRLTY,2017-05-05 00:30:00,2017-05-05 00:00:00
OBEROIRLTY,2017-07-28 17:30:00,2017-07-31 00:00:00
OBEROIRLTY,2017-10-16 18:30:00,2017-10-17 00:00:00
OBEROIRLTY,2018-01-30 18:30:00,2018-01-31 00:00:00
OBEROIRLTY,2018-04-24 19:30:00,2018-04-25 00:00:00
OBEROIRLTY,2018-07-30 16:30:00,2018-07-31 00:00:00
OBEROIRLTY,2018-10-22 17:30:00,2018-10-23 00:00:00
OBEROIRLTY,2019-01-22 18:30:00,2019-01-23 00:00:00
OBEROIRLTY,2019-05-10 20:30:00,2019-05-13 00:00:00
OBEROIRLTY,2019-07-24 19:30:00,2019-07-25 00:00:00
OBEROIRLTY,2019-10-20 16:30:00,2019-10-21 00:00:00
OBEROIRLTY,2020-02-07 17:30:00,2020-02-10 00:00:00
OBEROIRLTY,2020-07-14 05:30:00,2020-07-14 00:00:00
OBEROIRLTY,2020-07-14 19:30:00,2020-07-15 00:00:00
OBEROIRLTY,2020-10-17 17:30:00,2020-10-19 00:00:00
OBEROIRLTY,2021-01-22 16:30:00,2021-01-25 00:00:00
OBEROIRLTY,2021-05-14 19:30:00,2021-05-17 00:00:00
OBEROIRLTY,2021-07-29 18:30:00,2021-07-30 00:00:00
OBEROIRLTY,2021-10-29 18:30:00,2021-11-01 00:00:00
OBEROIRLTY,2022-01-28 19:30:00,2022-01-31 00:00:00
OBEROIRLTY,2022-05-26 19:30:00,2022-05-27 00:00:00
OBEROIRLTY,2022-07-15 17:30:00,2022-07-18 00:00:00
OBEROIRLTY,2022-10-14 18:30:00,2022-10-17 00:00:00
OBEROIRLTY,2023-02-08 17:30:00,2023-02-09 00:00:00
OBEROIRLTY,2023-05-16 19:30:00,2023-05-17 00:00:00
OBEROIRLTY,2023-07-31 18:30:00,2023-08-01 00:00:00
OBEROIRLTY,2023-10-27 19:30:00,2023-10-30 00:00:00
OBEROIRLTY,2024-01-22 16:30:00,2024-01-23 00:00:00
OBEROIRLTY,2024-05-14 18:30:00,2024-05-15 00:00:00
OBEROIRLTY,2024-07-19 18:30:00,2024-07-22 00:00:00
OBEROIRLTY,2024-10-18 15:30:00,2024-10-21 00:00:00
OBEROIRLTY,2025-01-20 16:30:00,2025-01-21 00:00:00
OBEROIRLTY,2025-04-28 19:30:00,2025-04-29 00:00:00
OBEROIRLTY,2025-07-21 17:30:00,2025-07-22 00:00:00
OBEROIRLTY,2025-10-15 17:30:00,2025-10-16 00:00:00
OBEROIRLTY,2026-01-19 17:30:00,2026-01-20 00:00:00
OBEROIRLTY,2026-05-08 17:30:00,2026-05-11 00:00:00
OBEROIRLTY,2026-07-17 15:30:00,2026-07-20 00:00:00
OBEROIRLTY,2026-10-14 15:30:00,2026-10-15 00:00:00
OFSS,2004-10-28 23:30:00,2004-10-29 00:00:00
OFSS,2005-04-29 09:30:00,2005-04-29 00:00:00
OFSS,2005-07-29 16:30:00,2005-08-01 00:00:00
OFSS,2005-10-28 09:30:00,2005-10-28 00:00:00
OFSS,2006-01-30 09:30:00,2006-01-30 00:00:00
OFSS,2006-05-07 10:30:00,2006-05-08 00:00:00
OFSS,2006-07-28 10:30:00,2006-07-28 00:00:00
OFSS,2006-10-20 09:30:00,2006-10-20 00:00:00
OFSS,2007-01-19 10:30:00,2007-01-19 00:00:00
OFSS,2007-05-01 13:30:00,2007-05-01 00:00:00
OFSS,2007-07-30 09:30:00,2007-07-30 00:00:00
OFSS,2007-10-26 09:30:00,2007-10-26 00:00:00
OFSS,2008-01-23 10:30:00,2008-01-23 00:00:00
OFSS,2008-05-06 09:30:00,2008-05-06 00:00:00
OFSS,2008-10-24 10:30:00,2008-10-24 00:00:00
OFSS,2010-08-06 10:30:00,2010-08-06 00:00:00
OFSS,2010-11-04 01:30:00,2010-11-04 00:00:00
OFSS,2011-02-04 05:30:00,2011-02-04 00:00:00
OFSS,2011-05-11 14:30:00,2011-05-11 00:00:00
OFSS,2011-08-04 05:30:00,2011-08-04 00:00:00
OFSS,2012-08-03 16:30:00,2012-08-06 00:00:00
OFSS,2012-10-31 22:30:00,2012-11-01 00:00:00
OFSS,2013-01-29 22:30:00,2013-01-30 00:00:00
OFSS,2013-05-07 22:30:00,2013-05-08 00:00:00
OFSS,2013-11-12 22:30:00,2013-11-13 00:00:00
OFSS,2014-08-07 10:30:00,2014-08-07 00:00:00
OFSS,2014-08-08 01:30:00,2014-08-08 00:00:00
OFSS,2014-11-13 13:30:00,2014-11-13 00:00:00
OFSS,2015-02-13 18:30:00,2015-02-16 00:00:00
OFSS,2015-05-15 22:30:00,2015-05-18 00:00:00
OFSS,2015-08-07 21:30:00,2015-08-10 00:00:00
OFSS,2015-11-06 15:30:00,2015-11-09 00:00:00
OFSS,2016-02-11 01:30:00,2016-02-11 00:00:00
OFSS,2016-05-12 02:30:00,2016-05-12 00:00:00
OFSS,2016-08-13 02:30:00,2016-08-15 00:00:00
OFSS,2016-11-10 01:30:00,2016-11-10 00:00:00
OFSS,2017-02-09 07:30:00,2017-02-09 00:00:00
OFSS,2017-05-16 20:30:00,2017-05-17 00:00:00
OFSS,2017-08-11 20:30:00,2017-08-14 00:00:00
OFSS,2017-11-10 10:30:00,2017-11-10 00:00:00
OFSS,2018-05-11 20:30:00,2018-05-14 00:00:00
OFSS,2018-08-13 19:30:00,2018-08-14 00:00:00
OFSS,2018-11-02 19:30:00,2018-11-05 00:00:00
OFSS,2019-02-13 19:30:00,2019-02-14 00:00:00
OFSS,2019-05-09 19:30:00,2019-05-10 00:00:00
OFSS,2019-08-08 18:30:00,2019-08-09 00:00:00
OFSS,2019-11-13 20:30:00,2019-11-14 00:00:00
OFSS,2020-02-04 19:30:00,2020-02-05 00:00:00
OFSS,2020-05-14 20:30:00,2020-05-15 00:00:00
OFSS,2020-08-11 19:30:00,2020-08-12 00:00:00
OFSS,2020-11-02 19:30:00,2020-11-03 00:00:00
OFSS,2021-01-28 21:30:00,2021-01-29 00:00:00
OFSS,2021-05-06 10:30:00,2021-05-06 00:00:00
OFSS,2021-07-28 19:30:00,2021-07-29 00:00:00
OFSS,2022-01-19 20:30:00,2022-01-20 00:00:00
OFSS,2022-05-04 20:30:00,2022-05-05 00:00:00
OFSS,2022-07-20 20:30:00,2022-07-21 00:00:00
OFSS,2022-10-19 19:30:00,2022-10-20 00:00:00
OFSS,2023-01-18 18:30:00,2023-01-19 00:00:00
OFSS,2023-04-26 19:30:00,2023-04-27 00:00:00
OFSS,2023-07-26 19:30:00,2023-07-27 00:00:00
OFSS,2023-10-18 18:30:00,2023-10-19 00:00:00
OFSS,2024-04-24 19:30:00,2024-04-25 00:00:00
OFSS,2024-07-24 17:30:00,2024-07-25 00:00:00
OFSS,2024-10-24 19:30:00,2024-10-25 00:00:00
OFSS,2025-01-15 19:30:00,2025-01-16 00:00:00
OFSS,2025-04-25 19:30:00,2025-04-28 00:00:00
OFSS,2025-07-23 19:30:00,2025-07-24 00:00:00
OFSS,2025-10-17 20:30:00,2025-10-20 00:00:00
OFSS,2026-01-21 20:30:00,2026-01-22 00:00:00
OFSS,2026-04-22 20:30:00,2026-04-23 00:00:00
OFSS,2026-07-22 18:30:00,2026-07-23 00:00:00
OFSS,2026-10-16 15:30:00,2026-10-19 00:00:00
OIL,2010-11-12 23:30:00,2010-11-15 00:00:00
OIL,2011-02-07 17:30:00,2011-02-08 00:00:00
OIL,2011-07-27 12:30:00,2011-07-27 00:00:00
OIL,2011-10-05 04:30:00,2011-10-05 00:00:00
OIL,2012-02-11 16:30:00,2012-02-13 00:00:00
OIL,2012-05-28 22:30:00,2012-05-29 00:00:00
OIL,2012-11-06 18:30:00,2012-11-07 00:00:00
OIL,2013-02-12 14:30:00,2013-02-12 00:00:00
OIL,2013-05-25 18:30:00,2013-05-27 00:00:00
OIL,2013-08-13 14:30:00,2013-08-13 00:00:00
OIL,2013-11-12 14:30:00,2013-11-12 00:00:00
OIL,2014-02-12 13:30:00,2014-02-12 00:00:00
OIL,2014-05-27 18:30:00,2014-05-28 00:00:00
OIL,2014-08-12 18:30:00,2014-08-13 00:00:00
OIL,2014-11-12 19:30:00,2014-11-13 00:00:00
OIL,2015-05-30 00:30:00,2015-06-01 00:00:00
OIL,2015-08-12 20:30:00,2015-08-13 00:00:00
OIL,2015-11-09 22:30:00,2015-11-10 00:00:00
OIL,2016-02-12 20:30:00,2016-02-15 00:00:00
OIL,2016-08-26 03:30:00,2016-08-26 00:00:00
OIL,2016-09-06 16:30:00,2016-09-07 00:00:00
OIL,2016-11-28 15:30:00,2016-11-29 00:00:00
OIL,2017-01-31 13:30:00,2017-01-31 00:00:00
OIL,2017-05-29 16:30:00,2017-05-30 00:00:00
OIL,2017-08-11 15:30:00,2017-08-14 00:00:00
OIL,2017-11-10 17:30:00,2017-11-13 00:00:00
OIL,2018-02-09 18:30:00,2018-02-12 00:00:00
OIL,2018-05-28 17:30:00,2018-05-29 00:00:00
OIL,2018-08-13 17:30:00,2018-08-14 00:00:00
OIL,2018-11-12 17:30:00,2018-11-13 00:00:00
OIL,2019-02-12 16:30:00,2019-02-13 00:00:00
OIL,2019-05-27 18:30:00,2019-05-28 00:00:00
OIL,2019-08-09 18:30:00,2019-08-12 00:00:00
OIL,2019-11-09 17:30:00,2019-11-11 00:00:00
OIL,2020-02-11 15:30:00,2020-02-12 00:00:00
OIL,2020-06-26 18:30:00,2020-06-29 00:00:00
OIL,2020-08-21 18:30:00,2020-08-24 00:00:00
OIL,2020-11-09 18:30:00,2020-11-10 00:00:00
OIL,2021-02-11 16:30:00,2021-02-12 00:00:00
OIL,2021-06-21 15:30:00,2021-06-22 00:00:00
OIL,2021-08-12 14:30:00,2021-08-12 00:00:00
OIL,2021-11-10 15:30:00,2021-11-11 00:00:00
OIL,2022-02-11 14:30:00,2022-02-11 00:00:00
OIL,2022-05-27 15:30:00,2022-05-30 00:00:00
OIL,2022-08-10 15:30:00,2022-08-11 00:00:00
OIL,2022-11-10 14:30:00,2022-11-10 00:00:00
OIL,2023-02-11 12:30:00,2023-02-13 00:00:00
OIL,2023-05-24 17:30:00,2023-05-25 00:00:00
OIL,2023-08-08 15:30:00,2023-08-09 00:00:00
OIL,2023-11-08 15:30:00,2023-11-09 00:00:00
OIL,2024-02-13 15:30:00,2024-02-14 00:00:00
OIL,2024-05-20 16:30:00,2024-05-21 00:00:00
OIL,2024-08-08 17:30:00,2024-08-09 00:00:00
OIL,2024-11-05 17:30:00,2024-11-06 00:00:00
OIL,2025-02-07 17:30:00,2025-02-10 00:00:00
OIL,2025-05-21 19:30:00,2025-05-22 00:00:00
OIL,2025-08-12 19:30:00,2025-08-13 00:00:00
OIL,2025-11-14 17:30:00,2025-11-17 00:00:00
OIL,2026-02-10 16:30:00,2026-02-11 00:00:00
OIL,2026-05-13 17:30:00,2026-05-14 00:00:00
OIL,2026-08-07 18:30:00,2026-08-10 00:00:00
OIL,2026-11-12 15:30:00,2026-11-13 00:00:00
ONGC,2006-07-26 13:30:00,2006-07-26 00:00:00
ONGC,2007-07-25 12:30:00,2007-07-25 00:00:00
ONGC,2007-10-30 16:30:00,2007-10-31 00:00:00
ONGC,2008-01-21 13:30:00,2008-01-21 00:00:00
ONGC,2008-06-25 14:30:00,2008-06-25 00:00:00
ONGC,2008-07-28 15:30:00,2008-07-29 00:00:00
ONGC,2008-10-30 16:30:00,2008-10-31 00:00:00
ONGC,2009-01-28 16:30:00,2009-01-29 00:00:00
ONGC,2009-06-24 17:30:00,2009-06-25 00:00:00
ONGC,2009-07-23 21:30:00,2009-07-24 00:00:00
ONGC,2009-10-29 15:30:00,2009-10-30 00:00:00
ONGC,2010-01-21 21:30:00,2010-01-22 00:00:00
ONGC,2010-05-29 06:30:00,2010-05-31 00:00:00
ONGC,2011-01-28 16:30:00,2011-01-31 00:00:00
ONGC,2011-05-31 04:30:00,2011-05-31 00:00:00
ONGC,2011-07-28 14:30:00,2011-07-28 00:00:00
ONGC,2011-11-04 14:30:00,2011-11-04 00:00:00
ONGC,2012-02-08 11:30:00,2012-02-08 00:00:00
ONGC,2012-05-29 17:30:00,2012-05-30 00:00:00
ONGC,2012-08-11 12:30:00,2012-08-13 00:00:00
ONGC,2012-11-08 16:30:00,2012-11-09 00:00:00
ONGC,2013-02-11 18:30:00,2013-02-12 00:00:00
ONGC,2013-05-29 18:30:00,2013-05-30 00:00:00
ONGC,2013-08-12 17:30:00,2013-08-13 00:00:00
ONGC,2013-11-13 16:30:00,2013-11-14 00:00:00
ONGC,2014-02-13 16:30:00,2014-02-14 00:00:00
ONGC,2014-05-29 17:30:00,2014-05-30 00:00:00
ONGC,2014-08-13 17:30:00,2014-08-14 00:00:00
ONGC,2014-11-14 17:30:00,2014-11-17 00:00:00
ONGC,2015-02-14 19:30:00,2015-02-16 00:00:00
ONGC,2015-05-28 15:30:00,2015-05-29 00:00:00
ONGC,2015-08-13 14:30:00,2015-08-13 00:00:00
ONGC,2015-11-06 15:30:00,2015-11-09 00:00:00
ONGC,2016-02-11 17:30:00,2016-02-12 00:00:00
ONGC,2016-05-26 14:30:00,2016-05-26 00:00:00
ONGC,2016-09-07 16:30:00,2016-09-08 00:00:00
ONGC,2016-10-27 13:30:00,2016-10-27 00:00:00
ONGC,2017-01-31 16:30:00,2017-02-01 00:00:00
ONGC,2017-05-26 16:30:00,2017-05-29 00:00:00
ONGC,2017-07-27 16:30:00,2017-07-28 00:00:00
ONGC,2017-10-28 15:30:00,2017-10-30 00:00:00
ONGC,2018-02-09 17:30:00,2018-02-12 00:00:00
ONGC,2018-05-30 19:30:00,2018-05-31 00:00:00
ONGC,2018-08-02 16:30:00,2018-08-03 00:00:00
ONGC,2018-11-03 17:30:00,2018-11-05 00:00:00
ONGC,2019-02-14 17:30:00,2019-02-15 00:00:00
ONGC,2019-05-30 20:30:00,2019-05-31 00:00:00
ONGC,2019-08-13 16:30:00,2019-08-14 00:00:00
ONGC,2019-11-14 18:30:00,2019-11-15 00:00:00
ONGC,2020-02-14 17:30:00,2020-02-17 00:00:00
ONGC,2020-06-30 18:30:00,2020-07-01 00:00:00
ONGC,2020-09-01 18:30:00,2020-09-02 00:00:00
ONGC,2020-11-13 20:30:00,2020-11-16 00:00:00
ONGC,2021-02-13 15:30:00,2021-02-15 00:00:00
ONGC,2021-06-24 22:30:00,2021-06-25 00:00:00
ONGC,2021-08-13 20:30:00,2021-08-16 00:00:00
ONGC,2021-11-12 17:30:00,2021-11-15 00:00:00
ONGC,2022-02-11 21:30:00,2022-02-14 00:00:00
ONGC,2022-05-28 05:30:00,2022-05-30 00:00:00
ONGC,2022-08-12 18:30:00,2022-08-15 00:00:00
ONGC,2022-11-14 22:30:00,2022-11-15 00:00:00
ONGC,2023-02-14 19:30:00,2023-02-15 00:00:00
ONGC,2023-05-26 20:30:00,2023-05-29 00:00:00
ONGC,2023-08-11 20:30:00,2023-08-14 00:00:00
ONGC,2023-11-10 18:30:00,2023-11-13 00:00:00
ONGC,2024-02-10 22:30:00,2024-02-12 00:00:00
ONGC,2024-05-20 22:30:00,2024-05-21 00:00:00
ONGC,2024-08-05 19:30:00,2024-08-06 00:00:00
ONGC,2024-11-11 17:30:00,2024-11-12 00:00:00
ONGC,2025-01-31 19:30:00,2025-02-03 00:00:00
ONGC,2025-05-21 21:30:00,2025-05-22 00:00:00
ONGC,2025-08-12 21:30:00,2025-08-13 00:00:00
ONGC,2025-11-10 21:30:00,2025-11-11 00:00:00
ONGC,2026-02-12 20:30:00,2026-02-13 00:00:00
ONGC,2026-05-26 20:30:00,2026-05-27 00:00:00
ONGC,2026-08-04 19:30:00,2026-08-05 00:00:00
ONGC,2026-11-06 15:30:00,2026-11-09 00:00:00
PAGEIND,2007-10-24 17:30:00,2007-10-25 00:00:00
PAGEIND,2008-01-30 19:30:00,2008-01-31 00:00:00
PAGEIND,2008-06-02 13:30:00,2008-06-02 00:00:00
PAGEIND,2008-07-27 13:30:00,2008-07-28 00:00:00
PAGEIND,2008-10-25 17:30:00,2008-10-27 00:00:00
PAGEIND,2012-11-08 17:30:00,2012-11-09 00:00:00
PAGEIND,2013-02-14 09:30:00,2013-02-14 00:00:00
PAGEIND,2013-05-30 10:30:00,2013-05-30 00:00:00
PAGEIND,2013-08-08 14:30:00,2013-08-08 00:00:00
PAGEIND,2013-11-14 14:30:00,2013-11-14 00:00:00
PAGEIND,2014-02-12 14:30:00,2014-02-12 00:00:00
PAGEIND,2014-05-29 10:30:00,2014-05-29 00:00:00
PAGEIND,2014-08-14 19:30:00,2014-08-15 00:00:00
PAGEIND,2014-11-10 18:30:00,2014-11-11 00:00:00
PAGEIND,2015-02-12 18:30:00,2015-02-13 00:00:00
PAGEIND,2015-05-28 20:30:00,2015-05-29 00:00:00
PAGEIND,2015-08-13 16:30:00,2015-08-14 00:00:00
PAGEIND,2015-11-09 18:30:00,2015-11-10 00:00:00
PAGEIND,2016-02-11 12:30:00,2016-02-11 00:00:00
PAGEIND,2016-05-24 14:30:00,2016-05-24 00:00:00
PAGEIND,2016-08-11 11:30:00,2016-08-11 00:00:00
PAGEIND,2016-11-10 12:30:00,2016-11-10 00:00:00
PAGEIND,2017-02-09 13:30:00,2017-02-09 00:00:00
PAGEIND,2017-05-25 13:30:00,2017-05-25 00:00:00
PAGEIND,2017-08-10 11:30:00,2017-08-10 00:00:00
PAGEIND,2017-11-09 12:30:00,2017-11-09 00:00:00
PAGEIND,2018-02-08 14:30:00,2018-02-08 00:00:00
PAGEIND,2018-05-25 14:30:00,2018-05-25 00:00:00
PAGEIND,2018-08-09 13:30:00,2018-08-09 00:00:00
PAGEIND,2018-11-14 13:30:00,2018-11-14 00:00:00
PAGEIND,2019-02-14 14:30:00,2019-02-14 00:00:00
PAGEIND,2019-05-24 15:30:00,2019-05-27 00:00:00
PAGEIND,2019-08-08 15:30:00,2019-08-09 00:00:00
PAGEIND,2019-11-14 18:30:00,2019-11-15 00:00:00
PAGEIND,2020-02-13 15:30:00,2020-02-14 00:00:00
PAGEIND,2020-06-23 14:30:00,2020-06-23 00:00:00
PAGEIND,2020-09-03 12:30:00,2020-09-03 00:00:00
PAGEIND,2020-11-12 13:30:00,2020-11-12 00:00:00
PAGEIND,2021-02-10 13:30:00,2021-02-10 00:00:00
PAGEIND,2021-05-27 12:30:00,2021-05-27 00:00:00
PAGEIND,2021-08-12 14:30:00,2021-08-12 00:00:00
PAGEIND,2021-11-11 13:30:00,2021-11-11 00:00:00
PAGEIND,2022-02-10 13:30:00,2022-02-10 00:00:00
PAGEIND,2022-05-26 14:30:00,2022-05-26 00:00:00
PAGEIND,2022-08-11 15:30:00,2022-08-12 00:00:00
PAGEIND,2022-11-10 14:30:00,2022-11-10 00:00:00
PAGEIND,2023-02-09 14:30:00,2023-02-09 00:00:00
PAGEIND,2023-05-25 15:30:00,2023-05-26 00:00:00
PAGEIND,2023-08-10 13:30:00,2023-08-10 00:00:00
PAGEIND,2023-11-09 12:30:00,2023-11-09 00:00:00
PAGEIND,2024-02-08 14:30:00,2024-02-08 00:00:00
PAGEIND,2024-05-23 13:30:00,2024-05-23 00:00:00
PAGEIND,2024-08-08 14:30:00,2024-08-08 00:00:00
PAGEIND,2024-11-07 14:30:00,2024-11-07 00:00:00
PAGEIND,2025-02-05 13:30:00,2025-02-05 00:00:00
PAGEIND,2025-05-15 14:30:00,2025-05-15 00:00:00
PAGEIND,2025-08-07 14:30:00,2025-08-07 00:00:00
PAGEIND,2025-11-13 13:30:00,2025-11-13 00:00:00
PAGEIND,2026-02-05 14:30:00,2026-02-05 00:00:00
PAGEIND,2026-05-21 13:30:00,2026-05-21 00:00:00
PAGEIND,2026-08-13 14:30:00,2026-08-13 00:00:00
PAGEIND,2026-11-12 15:30:00,2026-11-13 00:00:00
PATANJALI,2024-10-24 18:30:00,2024-10-25 00:00:00
PATANJALI,2025-02-10 19:30:00,2025-02-11 00:00:00
PATANJALI,2025-05-15 19:30:00,2025-05-16 00:00:00
PATANJALI,2025-08-14 17:30:00,2025-08-15 00:00:00
PATANJALI,2026-05-30 18:30:00,2026-06-01 00:00:00
PATANJALI,2026-08-14 19:30:00,2026-08-17 00:00:00
PATANJALI,2026-10-29 15:30:00,2026-10-30 00:00:00
PAYTM,2022-02-04 22:30:00,2022-02-07 00:00:00
PAYTM,2022-05-20 21:30:00,2022-05-23 00:00:00
PAYTM,2022-08-05 20:30:00,2022-08-08 00:00:00
PAYTM,2022-11-07 20:30:00,2022-11-08 00:00:00
PAYTM,2023-02-03 21:30:00,2023-02-06 00:00:00
PAYTM,2023-05-05 20:30:00,2023-05-08 00:00:00
PAYTM,2023-07-21 21:30:00,2023-07-24 00:00:00
PAYTM,2023-10-20 17:30:00,2023-10-23 00:00:00
PAYTM,2024-01-19 16:30:00,2024-01-22 00:00:00
PAYTM,2024-05-22 08:30:00,2024-05-22 00:00:00
PAYTM,2024-07-19 10:30:00,2024-07-19 00:00:00
PAYTM,2024-10-22 10:30:00,2024-10-22 00:00:00
PAYTM,2025-01-20 10:30:00,2025-01-20 00:00:00
PAYTM,2025-05-06 05:30:00,2025-05-06 00:00:00
PAYTM,2025-07-22 15:30:00,2025-07-23 00:00:00
PAYTM,2025-11-04 21:30:00,2025-11-05 00:00:00
PAYTM,2026-01-29 18:30:00,2026-01-30 00:00:00
PAYTM,2026-05-06 19:30:00,2026-05-07 00:00:00
PAYTM,2026-07-20 21:30:00,2026-07-21 00:00:00
PAYTM,2026-11-03 15:30:00,2026-11-04 00:00:00
PERSISTENT,2010-07-22 04:30:00,2010-07-22 00:00:00
PERSISTENT,2010-10-21 15:30:00,2010-10-22 00:00:00
PERSISTENT,2011-01-20 11:30:00,2011-01-20 00:00:00
PERSISTENT,2011-04-18 18:30:00,2011-04-19 00:00:00
PERSISTENT,2011-07-18 20:30:00,2011-07-19 00:00:00
PERSISTENT,2011-10-17 18:30:00,2011-10-18 00:00:00
PERSISTENT,2012-01-23 08:30:00,2012-01-23 00:00:00
PERSISTENT,2012-04-23 08:30:00,2012-04-23 00:00:00
PERSISTENT,2012-07-20 18:30:00,2012-07-23 00:00:00
PERSISTENT,2012-10-18 14:30:00,2012-10-18 00:00:00
PERSISTENT,2013-01-28 06:30:00,2013-01-28 00:00:00
PERSISTENT,2013-04-22 18:30:00,2013-04-23 00:00:00
PERSISTENT,2013-07-29 18:30:00,2013-07-30 00:00:00
PERSISTENT,2013-10-21 10:30:00,2013-10-21 00:00:00
PERSISTENT,2014-01-25 18:30:00,2014-01-27 00:00:00
PERSISTENT,2014-04-21 10:30:00,2014-04-21 00:00:00
PERSISTENT,2014-07-28 13:30:00,2014-07-28 00:00:00
PERSISTENT,2014-10-18 20:30:00,2014-10-20 00:00:00
PERSISTENT,2015-01-24 21:30:00,2015-01-26 00:00:00
PERSISTENT,2015-04-21 18:30:00,2015-04-22 00:00:00
PERSISTENT,2015-07-25 21:30:00,2015-07-27 00:00:00
PERSISTENT,2015-10-25 20:30:00,2015-10-26 00:00:00
PERSISTENT,2016-01-23 21:30:00,2016-01-25 00:00:00
PERSISTENT,2016-04-24 23:30:00,2016-04-25 00:00:00
PERSISTENT,2016-07-24 00:30:00,2016-07-25 00:00:00
PERSISTENT,2016-10-22 22:30:00,2016-10-24 00:00:00
PERSISTENT,2017-01-21 20:30:00,2017-01-23 00:00:00
PERSISTENT,2017-04-25 21:30:00,2017-04-26 00:00:00
PERSISTENT,2017-07-21 17:30:00,2017-07-24 00:00:00
PERSISTENT,2017-10-16 15:30:00,2017-10-17 00:00:00
PERSISTENT,2018-01-27 16:30:00,2018-01-29 00:00:00
PERSISTENT,2018-04-24 16:30:00,2018-04-25 00:00:00
PERSISTENT,2018-07-28 16:30:00,2018-07-30 00:00:00
PERSISTENT,2018-10-21 15:30:00,2018-10-22 00:00:00
PERSISTENT,2019-01-28 17:30:00,2019-01-29 00:00:00
PERSISTENT,2019-04-27 16:30:00,2019-04-29 00:00:00
PERSISTENT,2019-07-25 18:30:00,2019-07-26 00:00:00
PERSISTENT,2019-11-04 15:30:00,2019-11-05 00:00:00
PERSISTENT,2020-01-30 21:30:00,2020-01-31 00:00:00
PERSISTENT,2020-05-05 22:30:00,2020-05-06 00:00:00
PERSISTENT,2020-07-25 22:30:00,2020-07-27 00:00:00
PERSISTENT,2020-10-24 00:30:00,2020-10-26 00:00:00
PERSISTENT,2021-01-28 22:30:00,2021-01-29 00:00:00
PERSISTENT,2021-04-29 18:30:00,2021-04-30 00:00:00
PERSISTENT,2021-07-22 19:30:00,2021-07-23 00:00:00
PERSISTENT,2021-10-26 18:30:00,2021-10-27 00:00:00
PERSISTENT,2022-01-20 19:30:00,2022-01-21 00:00:00
PERSISTENT,2022-04-27 16:30:00,2022-04-28 00:00:00
PERSISTENT,2022-07-21 23:30:00,2022-07-22 00:00:00
PERSISTENT,2022-10-19 15:30:00,2022-10-20 00:00:00
PERSISTENT,2023-01-18 18:30:00,2023-01-19 00:00:00
PERSISTENT,2023-04-25 22:30:00,2023-04-26 00:00:00
PERSISTENT,2023-07-20 15:30:00,2023-07-21 00:00:00
PERSISTENT,2023-10-18 18:30:00,2023-10-19 00:00:00
PERSISTENT,2024-01-20 15:30:00,2024-01-22 00:00:00
PERSISTENT,2024-04-21 19:30:00,2024-04-22 00:00:00
PERSISTENT,2024-07-18 17:30:00,2024-07-19 00:00:00
PERSISTENT,2024-10-22 15:30:00,2024-10-23 00:00:00
PERSISTENT,2025-01-22 20:30:00,2025-01-23 00:00:00
PERSISTENT,2025-04-24 04:30:00,2025-04-24 00:00:00
PERSISTENT,2025-07-23 15:30:00,2025-07-24 00:00:00
PERSISTENT,2025-10-14 05:30:00,2025-10-14 00:00:00
PERSISTENT,2026-01-20 15:30:00,2026-01-21 00:00:00
PERSISTENT,2026-04-21 15:30:00,2026-04-22 00:00:00
PERSISTENT,2026-08-02 14:30:00,2026-08-03 00:00:00
PERSISTENT,2026-10-15 15:30:00,2026-10-16 00:00:00
PETRONET,2006-09-30 05:30:00,2006-10-02 00:00:00
PETRONET,2007-04-16 17:30:00,2007-04-17 00:00:00
PETRONET,2007-07-16 05:30:00,2007-07-16 00:00:00
PETRONET,2007-10-18 05:30:00,2007-10-18 00:00:00
PETRONET,2008-01-16 13:30:00,2008-01-16 00:00:00
PETRONET,2008-04-16 12:30:00,2008-04-16 00:00:00
PETRONET,2008-07-21 10:30:00,2008-07-21 00:00:00
PETRONET,2008-10-20 12:30:00,2008-10-20 00:00:00
PETRONET,2009-01-20 04:30:00,2009-01-20 00:00:00
PETRONET,2009-07-10 14:30:00,2009-07-10 00:00:00
PETRONET,2009-07-20 08:30:00,2009-07-20 00:00:00
PETRONET,2009-10-24 12:30:00,2009-10-26 00:00:00
PETRONET,2010-01-21 15:30:00,2010-01-22 00:00:00
PETRONET,2011-01-18 13:30:00,2011-01-18 00:00:00
PETRONET,2011-07-20 20:30:00,2011-07-21 00:00:00
PETRONET,2011-10-15 05:30:00,2011-10-17 00:00:00
PETRONET,2012-01-27 16:30:00,2012-01-30 00:00:00
PETRONET,2012-04-24 23:30:00,2012-04-25 00:00:00
PETRONET,2012-07-31 12:30:00,2012-07-31 00:00:00
PETRONET,2012-10-19 10:30:00,2012-10-19 00:00:00
PETRONET,2013-01-14 10:30:00,2013-01-14 00:00:00
PETRONET,2013-04-30 19:30:00,2013-05-01 00:00:00
PETRONET,2013-07-30 18:30:00,2013-07-31 00:00:00
PETRONET,2013-10-18 22:30:00,2013-10-21 00:00:00
PETRONET,2014-01-31 18:30:00,2014-02-03 00:00:00
PETRONET,2014-04-30 14:30:00,2014-04-30 00:00:00
PETRONET,2014-08-04 18:30:00,2014-08-05 00:00:00
PETRONET,2014-11-07 18:30:00,2014-11-10 00:00:00
PETRONET,2015-02-05 19:30:00,2015-02-06 00:00:00
PETRONET,2015-04-25 14:30:00,2015-04-27 00:00:00
PETRONET,2015-07-30 19:30:00,2015-07-31 00:00:00
PETRONET,2015-10-19 19:30:00,2015-10-20 00:00:00
PETRONET,2016-02-10 18:30:00,2016-02-11 00:00:00
PETRONET,2016-05-17 03:30:00,2016-05-17 00:00:00
PETRONET,2016-09-05 19:30:00,2016-09-06 00:00:00
PETRONET,2016-11-17 18:30:00,2016-11-18 00:00:00
PETRONET,2017-02-13 18:30:00,2017-02-14 00:00:00
PETRONET,2017-05-09 22:30:00,2017-05-10 00:00:00
PETRONET,2017-08-21 16:30:00,2017-08-22 00:00:00
PETRONET,2017-11-08 19:30:00,2017-11-09 00:00:00
PETRONET,2018-02-08 17:30:00,2018-02-09 00:00:00
PETRONET,2018-05-21 15:30:00,2018-05-22 00:00:00
PETRONET,2018-07-26 18:30:00,2018-07-27 00:00:00
PETRONET,2018-11-02 14:30:00,2018-11-02 00:00:00
PETRONET,2019-01-31 16:30:00,2019-02-01 00:00:00
PETRONET,2019-05-15 18:30:00,2019-05-16 00:00:00
PETRONET,2019-08-07 16:30:00,2019-08-08 00:00:00
PETRONET,2019-10-29 16:30:00,2019-10-30 00:00:00
PETRONET,2020-02-10 20:30:00,2020-02-11 00:00:00
PETRONET,2020-06-29 22:30:00,2020-06-30 00:00:00
PETRONET,2020-08-17 19:30:00,2020-08-18 00:00:00
PETRONET,2020-11-11 21:30:00,2020-11-12 00:00:00
PETRONET,2021-02-11 19:30:00,2021-02-12 00:00:00
PETRONET,2021-06-08 20:30:00,2021-06-09 00:00:00
PETRONET,2021-08-13 20:30:00,2021-08-16 00:00:00
PETRONET,2021-11-09 17:30:00,2021-11-10 00:00:00
PETRONET,2022-02-09 17:30:00,2022-02-10 00:00:00
PETRONET,2022-05-11 18:30:00,2022-05-12 00:00:00
PETRONET,2022-08-05 15:30:00,2022-08-08 00:00:00
PETRONET,2022-11-09 18:30:00,2022-11-10 00:00:00
PETRONET,2023-01-20 17:30:00,2023-01-23 00:00:00
PETRONET,2023-05-03 16:30:00,2023-05-04 00:00:00
PETRONET,2023-07-31 16:30:00,2023-08-01 00:00:00
PETRONET,2023-10-30 13:30:00,2023-10-30 00:00:00
PETRONET,2024-01-29 16:30:00,2024-01-30 00:00:00
PETRONET,2024-05-22 16:30:00,2024-05-23 00:00:00
PETRONET,2024-07-24 13:30:00,2024-07-24 00:00:00
PETRONET,2024-10-24 15:30:00,2024-10-25 00:00:00
PETRONET,2025-01-27 16:30:00,2025-01-28 00:00:00
PETRONET,2025-05-19 17:30:00,2025-05-20 00:00:00
PETRONET,2025-07-25 18:30:00,2025-07-28 00:00:00
PETRONET,2025-11-07 15:30:00,2025-11-10 00:00:00
PETRONET,2026-02-12 17:30:00,2026-02-13 00:00:00
PETRONET,2026-05-04 15:30:00,2026-05-05 00:00:00
PETRONET,2026-08-12 19:30:00,2026-08-13 00:00:00
PETRONET,2026-11-05 15:30:00,2026-11-06 00:00:00
PFC,2008-04-16 12:30:00,2008-04-16 00:00:00
PFC,2010-11-10 18:30:00,2010-11-11 00:00:00
PFC,2011-01-17 13:30:00,2011-01-17 00:00:00
PFC,2011-04-20 04:30:00,2011-04-20 00:00:00
PFC,2011-07-29 18:30:00,2011-08-01 00:00:00
PFC,2011-11-09 11:30:00,2011-11-09 00:00:00
PFC,2012-02-03 16:30:00,2012-02-06 00:00:00
PFC,2012-05-25 09:30:00,2012-05-25 00:00:00
PFC,2012-11-09 14:30:00,2012-11-09 00:00:00
PFC,2013-01-30 18:30:00,2013-01-31 00:00:00
PFC,2013-05-30 18:30:00,2013-05-31 00:00:00
PFC,2013-08-02 18:30:00,2013-08-05 00:00:00
PFC,2013-11-08 13:30:00,2013-11-08 00:00:00
PFC,2014-02-04 18:30:00,2014-02-05 00:00:00
PFC,2014-05-27 14:30:00,2014-05-27 00:00:00
PFC,2014-08-14 20:30:00,2014-08-15 00:00:00
PFC,2014-10-31 14:30:00,2014-10-31 00:00:00
PFC,2015-02-11 19:30:00,2015-02-12 00:00:00
PFC,2015-05-28 19:30:00,2015-05-29 00:00:00
PFC,2015-08-14 20:30:00,2015-08-17 00:00:00
PFC,2015-11-03 20:30:00,2015-11-04 00:00:00
PFC,2016-02-09 18:30:00,2016-02-10 00:00:00
PFC,2016-05-25 14:30:00,2016-05-25 00:00:00
PFC,2016-08-09 20:30:00,2016-08-10 00:00:00
PFC,2016-11-09 16:30:00,2016-11-10 00:00:00
PFC,2017-02-13 13:30:00,2017-02-13 00:00:00
PFC,2017-05-29 16:30:00,2017-05-30 00:00:00
PFC,2017-08-10 18:30:00,2017-08-11 00:00:00
PFC,2017-11-03 14:30:00,2017-11-03 00:00:00
PFC,2018-02-12 17:30:00,2018-02-13 00:00:00
PFC,2018-05-25 13:30:00,2018-05-25 00:00:00
PFC,2019-02-11 14:30:00,2019-02-11 00:00:00
PFC,2019-05-29 11:30:00,2019-05-29 00:00:00
PFC,2019-08-13 15:30:00,2019-08-14 00:00:00
PFC,2019-11-14 14:30:00,2019-11-14 00:00:00
PFC,2020-02-12 14:30:00,2020-02-12 00:00:00
PFC,2020-06-24 14:30:00,2020-06-24 00:00:00
PFC,2022-11-10 13:30:00,2022-11-10 00:00:00
PFC,2023-02-13 15:30:00,2023-02-14 00:00:00
PFC,2023-05-27 17:30:00,2023-05-29 00:00:00
PFC,2023-08-11 15:30:00,2023-08-14 00:00:00
PFC,2023-11-08 19:30:00,2023-11-09 00:00:00
PFC,2024-02-08 15:30:00,2024-02-09 00:00:00
PFC,2024-05-15 11:30:00,2024-05-15 00:00:00
PFC,2024-08-06 14:30:00,2024-08-06 00:00:00
PFC,2024-11-08 14:30:00,2024-11-08 00:00:00
PFC,2025-02-12 16:30:00,2025-02-13 00:00:00
PFC,2025-05-21 18:30:00,2025-05-22 00:00:00
PFC,2025-08-06 12:30:00,2025-08-06 00:00:00
PFC,2025-11-08 09:30:00,2025-11-10 00:00:00
PFC,2026-02-05 09:30:00,2026-02-05 00:00:00
PFC,2026-05-13 13:30:00,2026-05-13 00:00:00
PFC,2026-08-07 18:30:00,2026-08-10 00:00:00
PFC,2026-11-06 15:30:00,2026-11-09 00:00:00
PHOENIXLTD,2009-01-29 18:30:00,2009-01-30 00:00:00
PHOENIXLTD,2009-11-05 10:30:00,2009-11-05 00:00:00
PHOENIXLTD,2012-10-22 18:30:00,2012-10-23 00:00:00
PHOENIXLTD,2013-01-28 22:30:00,2013-01-29 00:00:00
PHOENIXLTD,2013-06-16 02:30:00,2013-06-17 00:00:00
PHOENIXLTD,2013-07-30 22:30:00,2013-07-31 00:00:00
PHOENIXLTD,2013-10-29 18:30:00,2013-10-30 00:00:00
PHOENIXLTD,2014-01-30 18:30:00,2014-01-31 00:00:00
PHOENIXLTD,2014-05-29 09:30:00,2014-05-29 00:00:00
PHOENIXLTD,2014-08-14 00:30:00,2014-08-14 00:00:00
PHOENIXLTD,2014-11-14 13:30:00,2014-11-14 00:00:00
PHOENIXLTD,2015-02-13 23:30:00,2015-02-16 00:00:00
PHOENIXLTD,2015-05-29 00:30:00,2015-05-29 00:00:00
PHOENIXLTD,2015-08-13 23:30:00,2015-08-14 00:00:00
PHOENIXLTD,2015-11-06 00:30:00,2015-11-06 00:00:00
PHOENIXLTD,2016-02-10 22:30:00,2016-02-11 00:00:00
PHOENIXLTD,2016-05-13 17:30:00,2016-05-16 00:00:00
PHOENIXLTD,2016-08-12 00:30:00,2016-08-12 00:00:00
PHOENIXLTD,2016-11-14 23:30:00,2016-11-15 00:00:00
PHOENIXLTD,2017-02-15 00:30:00,2017-02-15 00:00:00
PHOENIXLTD,2017-05-10 19:30:00,2017-05-11 00:00:00
PHOENIXLTD,2017-08-10 18:30:00,2017-08-11 00:00:00
PHOENIXLTD,2017-11-13 18:30:00,2017-11-14 00:00:00
PHOENIXLTD,2018-02-14 18:30:00,2018-02-15 00:00:00
PHOENIXLTD,2018-05-08 18:30:00,2018-05-09 00:00:00
PHOENIXLTD,2018-08-08 19:30:00,2018-08-09 00:00:00
PHOENIXLTD,2018-11-05 16:30:00,2018-11-06 00:00:00
PHOENIXLTD,2019-02-07 18:30:00,2019-02-08 00:00:00
PHOENIXLTD,2019-05-15 18:30:00,2019-05-16 00:00:00
PHOENIXLTD,2019-08-07 19:30:00,2019-08-08 00:00:00
PHOENIXLTD,2019-11-11 19:30:00,2019-11-12 00:00:00
PHOENIXLTD,2020-02-10 19:30:00,2020-02-11 00:00:00
PHOENIXLTD,2020-06-29 22:30:00,2020-06-30 00:00:00
PHOENIXLTD,2020-11-12 18:30:00,2020-11-13 00:00:00
PHOENIXLTD,2021-02-12 19:30:00,2021-02-15 00:00:00
PHOENIXLTD,2021-05-27 22:30:00,2021-05-28 00:00:00
PHOENIXLTD,2021-08-06 18:30:00,2021-08-09 00:00:00
PHOENIXLTD,2021-11-01 20:30:00,2021-11-02 00:00:00
PHOENIXLTD,2022-02-07 18:30:00,2022-02-08 00:00:00
PHOENIXLTD,2022-05-24 20:30:00,2022-05-25 00:00:00
PHOENIXLTD,2022-08-11 18:30:00,2022-08-12 00:00:00
PHOENIXLTD,2022-11-08 17:30:00,2022-11-09 00:00:00
PHOENIXLTD,2023-02-07 17:30:00,2023-02-08 00:00:00
PHOENIXLTD,2023-05-24 22:30:00,2023-05-25 00:00:00
PHOENIXLTD,2023-08-08 19:30:00,2023-08-09 00:00:00
PHOENIXLTD,2023-11-08 19:30:00,2023-11-09 00:00:00
PHOENIXLTD,2024-02-12 19:30:00,2024-02-13 00:00:00
PHOENIXLTD,2024-05-17 19:30:00,2024-05-20 00:00:00
PHOENIXLTD,2024-07-31 19:30:00,2024-08-01 00:00:00
PHOENIXLTD,2024-10-25 18:30:00,2024-10-28 00:00:00
PHOENIXLTD,2025-01-30 18:30:00,2025-01-31 00:00:00
PHOENIXLTD,2025-04-30 18:30:00,2025-05-01 00:00:00
PHOENIXLTD,2025-07-24 16:30:00,2025-07-25 00:00:00
PHOENIXLTD,2025-11-01 02:30:00,2025-11-03 00:00:00
PHOENIXLTD,2026-01-28 17:30:00,2026-01-29 00:00:00
PHOENIXLTD,2026-04-27 05:30:00,2026-04-27 00:00:00
PHOENIXLTD,2026-07-28 17:30:00,2026-07-29 00:00:00
PHOENIXLTD,2026-10-29 15:30:00,2026-10-30 00:00:00
PIDILITIND,2011-07-26 20:30:00,2011-07-27 00:00:00
PIDILITIND,2012-10-30 19:30:00,2012-10-31 00:00:00
PIDILITIND,2013-01-29 15:30:00,2013-01-30 00:00:00
PIDILITIND,2013-05-28 22:30:00,2013-05-29 00:00:00
PIDILITIND,2013-08-13 18:30:00,2013-08-14 00:00:00
PIDILITIND,2013-10-29 22:30:00,2013-10-30 00:00:00
PIDILITIND,2014-01-28 22:30:00,2014-01-29 00:00:00
PIDILITIND,2014-05-28 14:30:00,2014-05-28 00:00:00
PIDILITIND,2014-07-30 22:30:00,2014-07-31 00:00:00
PIDILITIND,2014-11-05 04:30:00,2014-11-05 00:00:00
PIDILITIND,2015-01-29 15:30:00,2015-01-30 00:00:00
PIDILITIND,2015-05-20 15:30:00,2015-05-21 00:00:00
PIDILITIND,2015-07-28 23:30:00,2015-07-29 00:00:00
PIDILITIND,2015-10-28 21:30:00,2015-10-29 00:00:00
PIDILITIND,2016-01-29 22:30:00,2016-02-01 00:00:00
PIDILITIND,2016-05-19 21:30:00,2016-05-20 00:00:00
PIDILITIND,2016-07-29 19:30:00,2016-08-01 00:00:00
PIDILITIND,2016-11-09 23:30:00,2016-11-10 00:00:00
PIDILITIND,2017-02-01 23:30:00,2017-02-02 00:00:00
PIDILITIND,2017-05-18 20:30:00,2017-05-19 00:00:00
PIDILITIND,2017-07-25 18:30:00,2017-07-26 00:00:00
PIDILITIND,2017-11-08 18:30:00,2017-11-09 00:00:00
PIDILITIND,2018-01-24 17:30:00,2018-01-25 00:00:00
PIDILITIND,2018-05-24 19:30:00,2018-05-25 00:00:00
PIDILITIND,2018-08-01 18:30:00,2018-08-02 00:00:00
PIDILITIND,2018-10-30 18:30:00,2018-10-31 00:00:00
PIDILITIND,2019-01-23 18:30:00,2019-01-24 00:00:00
PIDILITIND,2019-05-14 17:30:00,2019-05-15 00:00:00
PIDILITIND,2019-08-06 13:30:00,2019-08-06 00:00:00
PIDILITIND,2019-11-13 18:30:00,2019-11-14 00:00:00
PIDILITIND,2020-01-29 05:30:00,2020-01-29 00:00:00
PIDILITIND,2020-06-17 19:30:00,2020-06-18 00:00:00
PIDILITIND,2020-08-06 17:30:00,2020-08-07 00:00:00
PIDILITIND,2020-11-04 17:30:00,2020-11-05 00:00:00
PIDILITIND,2021-01-28 18:30:00,2021-01-29 00:00:00
PIDILITIND,2021-05-12 19:30:00,2021-05-13 00:00:00
PIDILITIND,2021-08-11 13:30:00,2021-08-11 00:00:00
PIDILITIND,2021-11-10 18:30:00,2021-11-11 00:00:00
PIDILITIND,2022-01-25 14:30:00,2022-01-25 00:00:00
PIDILITIND,2022-05-18 19:30:00,2022-05-19 00:00:00
PIDILITIND,2022-08-10 12:30:00,2022-08-10 00:00:00
PIDILITIND,2022-11-09 18:30:00,2022-11-10 00:00:00
PIDILITIND,2023-01-24 16:30:00,2023-01-25 00:00:00
PIDILITIND,2023-05-08 18:30:00,2023-05-09 00:00:00
PIDILITIND,2023-08-10 13:30:00,2023-08-10 00:00:00
PIDILITIND,2023-11-08 17:30:00,2023-11-09 00:00:00
PIDILITIND,2024-01-23 17:30:00,2024-01-24 00:00:00
PIDILITIND,2024-05-07 19:30:00,2024-05-08 00:00:00
PIDILITIND,2024-08-07 13:30:00,2024-08-07 00:00:00
PIDILITIND,2024-10-23 18:30:00,2024-10-24 00:00:00
PIDILITIND,2025-01-22 18:30:00,2025-01-23 00:00:00
PIDILITIND,2025-05-08 05:30:00,2025-05-08 00:00:00
PIDILITIND,2025-08-06 14:30:00,2025-08-06 00:00:00
PIDILITIND,2025-10-30 18:30:00,2025-10-31 00:00:00
PIDILITIND,2026-02-03 17:30:00,2026-02-04 00:00:00
PIDILITIND,2026-05-07 19:30:00,2026-05-08 00:00:00
PIDILITIND,2026-08-04 13:30:00,2026-08-04 00:00:00
PIDILITIND,2026-10-29 15:30:00,2026-10-30 00:00:00
PIIND,2013-05-20 06:30:00,2013-05-20 00:00:00
PIIND,2013-10-23 18:30:00,2013-10-24 00:00:00
PIIND,2014-05-22 22:30:00,2014-05-23 00:00:00
PIIND,2014-07-24 21:30:00,2014-07-25 00:00:00
PIIND,2014-10-29 22:30:00,2014-10-30 00:00:00
PIIND,2015-02-11 20:30:00,2015-02-12 00:00:00
PIIND,2015-05-25 12:30:00,2015-05-25 00:00:00
PIIND,2015-07-29 19:30:00,2015-07-30 00:00:00
PIIND,2015-10-28 16:30:00,2015-10-29 00:00:00
PIIND,2016-02-12 16:30:00,2016-02-15 00:00:00
PIIND,2016-05-25 00:30:00,2016-05-25 00:00:00
PIIND,2016-07-26 23:30:00,2016-07-27 00:00:00
PIIND,2016-10-25 21:30:00,2016-10-26 00:00:00
PIIND,2017-02-14 23:30:00,2017-02-15 00:00:00
PIIND,2017-05-16 19:30:00,2017-05-17 00:00:00
PIIND,2017-08-12 16:30:00,2017-08-14 00:00:00
PIIND,2017-10-27 09:30:00,2017-10-27 00:00:00
PIIND,2018-02-03 18:30:00,2018-02-05 00:00:00
PIIND,2018-05-15 20:30:00,2018-05-16 00:00:00
PIIND,2018-08-05 20:30:00,2018-08-06 00:00:00
PIIND,2018-10-26 17:30:00,2018-10-29 00:00:00
PIIND,2019-02-11 17:30:00,2019-02-12 00:00:00
PIIND,2019-05-17 19:30:00,2019-05-20 00:00:00
PIIND,2019-07-24 18:30:00,2019-07-25 00:00:00
PIIND,2019-10-23 17:30:00,2019-10-24 00:00:00
PIIND,2020-02-12 20:30:00,2020-02-13 00:00:00
PIIND,2020-06-04 21:30:00,2020-06-05 00:00:00
PIIND,2020-08-04 17:30:00,2020-08-05 00:00:00
PIIND,2020-10-28 18:30:00,2020-10-29 00:00:00
PIIND,2021-02-02 22:30:00,2021-02-03 00:00:00
PIIND,2021-05-18 21:30:00,2021-05-19 00:00:00
PIIND,2021-07-30 21:30:00,2021-08-02 00:00:00
PIIND,2021-11-12 19:30:00,2021-11-15 00:00:00
PIIND,2022-02-03 17:30:00,2022-02-04 00:00:00
PIIND,2022-05-17 19:30:00,2022-05-18 00:00:00
PIIND,2022-08-03 20:30:00,2022-08-04 00:00:00
PIIND,2022-11-08 18:30:00,2022-11-09 00:00:00
PIIND,2023-02-14 18:30:00,2023-02-15 00:00:00
PIIND,2023-05-18 20:30:00,2023-05-19 00:00:00
PIIND,2023-08-09 19:30:00,2023-08-10 00:00:00
PIIND,2023-11-08 20:30:00,2023-11-09 00:00:00
PIIND,2024-02-09 15:30:00,2024-02-12 00:00:00
PIIND,2024-05-21 21:30:00,2024-05-22 00:00:00
PIIND,2024-08-06 18:30:00,2024-08-07 00:00:00
PIIND,2024-11-13 16:30:00,2024-11-14 00:00:00
PIIND,2025-02-06 17:30:00,2025-02-07 00:00:00
PIIND,2025-05-19 19:30:00,2025-05-20 00:00:00
PIIND,2025-08-12 18:30:00,2025-08-13 00:00:00
PIIND,2025-11-11 15:30:00,2025-11-12 00:00:00
PIIND,2026-02-12 18:30:00,2026-02-13 00:00:00
PIIND,2026-05-19 20:30:00,2026-05-20 00:00:00
PIIND,2026-08-11 18:30:00,2026-08-12 00:00:00
PIIND,2026-11-17 15:30:00,2026-11-18 00:00:00
PNB,2005-01-28 10:30:00,2005-01-28 00:00:00
PNB,2005-04-29 12:30:00,2005-04-29 00:00:00
PNB,2006-05-18 14:30:00,2006-05-18 00:00:00
PNB,2006-07-31 10:30:00,2006-07-31 00:00:00
PNB,2006-10-30 12:30:00,2006-10-30 00:00:00
PNB,2007-01-31 14:30:00,2007-01-31 00:00:00
PNB,2007-05-23 13:30:00,2007-05-23 00:00:00
PNB,2007-07-25 14:30:00,2007-07-25 00:00:00
PNB,2007-10-29 14:30:00,2007-10-29 00:00:00
PNB,2008-01-24 19:30:00,2008-01-25 00:00:00
PNB,2008-05-15 13:30:00,2008-05-15 00:00:00
PNB,2008-07-30 13:30:00,2008-07-30 00:00:00
PNB,2008-10-31 14:30:00,2008-10-31 00:00:00
PNB,2009-01-30 14:30:00,2009-01-30 00:00:00
PNB,2009-05-20 16:30:00,2009-05-21 00:00:00
PNB,2009-07-29 11:30:00,2009-07-29 00:00:00
PNB,2009-10-29 12:30:00,2009-10-29 00:00:00
PNB,2010-01-27 13:30:00,2010-01-27 00:00:00
PNB,2010-05-07 04:30:00,2010-05-07 00:00:00
PNB,2010-10-28 17:30:00,2010-10-29 00:00:00
PNB,2011-01-21 13:30:00,2011-01-21 00:00:00
PNB,2011-05-04 16:30:00,2011-05-05 00:00:00
PNB,2011-07-28 12:30:00,2011-07-28 00:00:00
PNB,2011-11-01 12:30:00,2011-11-01 00:00:00
PNB,2012-01-31 18:30:00,2012-02-01 00:00:00
PNB,2012-05-09 14:30:00,2012-05-09 00:00:00
PNB,2012-07-27 13:30:00,2012-07-27 00:00:00
PNB,2012-10-27 04:30:00,2012-10-29 00:00:00
PNB,2013-01-31 09:30:00,2013-01-31 00:00:00
PNB,2013-05-09 14:30:00,2013-05-09 00:00:00
PNB,2013-07-26 14:30:00,2013-07-26 00:00:00
PNB,2013-11-08 14:30:00,2013-11-08 00:00:00
PNB,2014-01-31 14:30:00,2014-01-31 00:00:00
PNB,2014-05-23 04:30:00,2014-05-23 00:00:00
PNB,2014-07-25 11:30:00,2014-07-25 00:00:00
PNB,2014-10-21 17:30:00,2014-10-22 00:00:00
PNB,2015-02-03 16:30:00,2015-02-04 00:00:00
PNB,2015-05-08 11:30:00,2015-05-08 00:00:00
PNB,2015-07-28 16:30:00,2015-07-29 00:00:00
PNB,2015-11-06 17:30:00,2015-11-09 00:00:00
PNB,2016-02-10 11:30:00,2016-02-10 00:00:00
PNB,2016-05-18 17:30:00,2016-05-19 00:00:00
PNB,2016-07-28 12:30:00,2016-07-28 00:00:00
PNB,2016-11-05 11:30:00,2016-11-07 00:00:00
PNB,2017-02-07 11:30:00,2017-02-07 00:00:00
PNB,2017-05-16 13:30:00,2017-05-16 00:00:00
PNB,2017-08-02 10:30:00,2017-08-02 00:00:00
PNB,2017-11-03 13:30:00,2017-11-03 00:00:00
PNB,2018-02-06 12:30:00,2018-02-06 00:00:00
PNB,2018-05-15 14:30:00,2018-05-15 00:00:00
PNB,2018-08-07 12:30:00,2018-08-07 00:00:00
PNB,2018-11-02 12:30:00,2018-11-02 00:00:00
PNB,2019-02-05 12:30:00,2019-02-05 00:00:00
PNB,2019-05-28 12:30:00,2019-05-28 00:00:00
PNB,2019-07-26 12:30:00,2019-07-26 00:00:00
PNB,2019-11-05 13:30:00,2019-11-05 00:00:00
PNB,2020-02-04 13:30:00,2020-02-04 00:00:00
PNB,2020-06-19 22:30:00,2020-06-22 00:00:00
PNB,2020-08-21 21:30:00,2020-08-24 00:00:00
PNB,2020-11-02 17:30:00,2020-11-03 00:00:00
PNB,2021-02-05 18:30:00,2021-02-08 00:00:00
PNB,2021-06-04 19:30:00,2021-06-07 00:00:00
PNB,2021-08-02 16:30:00,2021-08-03 00:00:00
PNB,2021-10-27 19:30:00,2021-10-28 00:00:00
PNB,2022-01-28 17:30:00,2022-01-31 00:00:00
PNB,2022-05-11 19:30:00,2022-05-12 00:00:00
PNB,2022-07-28 19:30:00,2022-07-29 00:00:00
PNB,2022-11-01 13:30:00,2022-11-01 00:00:00
PNB,2023-01-30 14:30:00,2023-01-30 00:00:00
PNB,2023-05-19 14:30:00,2023-05-19 00:00:00
PNB,2023-07-26 13:30:00,2023-07-26 00:00:00
PNB,2023-10-26 13:30:00,2023-10-26 00:00:00
PNB,2024-01-25 13:30:00,2024-01-25 00:00:00
PNB,2024-05-09 13:30:00,2024-05-09 00:00:00
PNB,2024-07-27 15:30:00,2024-07-29 00:00:00
PNB,2024-10-28 13:30:00,2024-10-28 00:00:00
PNB,2025-01-31 12:30:00,2025-01-31 00:00:00
PNB,2025-05-07 05:30:00,2025-05-07 00:00:00
PNB,2025-07-30 13:30:00,2025-07-30 00:00:00
PNB,2025-10-18 13:30:00,2025-10-20 00:00:00
PNB,2026-01-19 13:30:00,2026-01-19 00:00:00
PNB,2026-05-05 12:30:00,2026-05-05 00:00:00
PNB,2026-07-18 12:30:00,2026-07-20 00:00:00
PNB,2026-10-15 15:30:00,2026-10-16 00:00:00
POLICYBZR,2022-02-07 22:30:00,2022-02-08 00:00:00
POLICYBZR,2022-05-27 21:30:00,2022-05-30 00:00:00
POLICYBZR,2022-08-10 05:30:00,2022-08-10 00:00:00
POLICYBZR,2022-08-10 16:30:00,2022-08-11 00:00:00
POLICYBZR,2022-11-07 05:30:00,2022-11-07 00:00:00
POLICYBZR,2022-11-07 16:30:00,2022-11-08 00:00:00
POLICYBZR,2023-02-10 16:30:00,2023-02-13 00:00:00
POLICYBZR,2023-05-22 17:30:00,2023-05-23 00:00:00
POLICYBZR,2023-08-07 18:30:00,2023-08-08 00:00:00
POLICYBZR,2023-11-04 18:30:00,2023-11-06 00:00:00
POLICYBZR,2024-01-30 16:30:00,2024-01-31 00:00:00
POLICYBZR,2024-05-07 17:30:00,2024-05-08 00:00:00
POLICYBZR,2024-08-06 18:30:00,2024-08-07 00:00:00
POLICYBZR,2024-11-05 19:30:00,2024-11-06 00:00:00
POLICYBZR,2025-01-30 17:30:00,2025-01-31 00:00:00
POLICYBZR,2025-05-15 20:30:00,2025-05-16 00:00:00
POLICYBZR,2025-07-31 20:30:00,2025-08-01 00:00:00
POLICYBZR,2025-10-29 16:30:00,2025-10-30 00:00:00
POLICYBZR,2026-02-02 17:30:00,2026-02-03 00:00:00
POLICYBZR,2026-05-06 16:30:00,2026-05-07 00:00:00
POLICYBZR,2026-08-05 17:30:00,2026-08-06 00:00:00
POLICYBZR,2026-10-29 15:30:00,2026-10-30 00:00:00
POLYCAB,2020-01-21 16:30:00,2020-01-22 00:00:00
POLYCAB,2020-05-30 16:30:00,2020-06-01 00:00:00
POLYCAB,2020-07-21 16:30:00,2020-07-22 00:00:00
POLYCAB,2020-10-24 11:30:00,2020-10-26 00:00:00
POLYCAB,2021-01-23 15:30:00,2021-01-25 00:00:00
POLYCAB,2021-05-13 18:30:00,2021-05-14 00:00:00
POLYCAB,2021-07-21 13:30:00,2021-07-21 00:00:00
POLYCAB,2021-10-22 13:30:00,2021-10-22 00:00:00
POLYCAB,2022-01-21 12:30:00,2022-01-21 00:00:00
POLYCAB,2022-05-11 12:30:00,2022-05-11 00:00:00
POLYCAB,2022-07-19 12:30:00,2022-07-19 00:00:00
POLYCAB,2022-10-18 13:30:00,2022-10-18 00:00:00
POLYCAB,2023-01-19 14:30:00,2023-01-19 00:00:00
POLYCAB,2023-05-12 13:30:00,2023-05-12 00:00:00
POLYCAB,2023-07-18 12:30:00,2023-07-18 00:00:00
POLYCAB,2023-10-18 13:30:00,2023-10-18 00:00:00
POLYCAB,2024-01-18 14:30:00,2024-01-18 00:00:00
POLYCAB,2024-05-10 11:30:00,2024-05-10 00:00:00
POLYCAB,2024-07-18 13:30:00,2024-07-18 00:00:00
POLYCAB,2024-10-17 16:30:00,2024-10-18 00:00:00
POLYCAB,2025-01-22 13:30:00,2025-01-22 00:00:00
POLYCAB,2025-05-06 05:30:00,2025-05-06 00:00:00
POLYCAB,2025-07-17 14:30:00,2025-07-17 00:00:00
POLYCAB,2025-10-17 13:30:00,2025-10-17 00:00:00
POLYCAB,2026-01-16 14:30:00,2026-01-16 00:00:00
POLYCAB,2026-05-06 14:30:00,2026-05-06 00:00:00
POLYCAB,2026-07-16 13:30:00,2026-07-16 00:00:00
POLYCAB,2026-10-15 15:30:00,2026-10-16 00:00:00
POWERGRID,2007-10-31 16:30:00,2007-11-01 00:00:00
POWERGRID,2008-01-30 17:30:00,2008-01-31 00:00:00
POWERGRID,2009-06-17 04:30:00,2009-06-17 00:00:00
POWERGRID,2009-07-29 18:30:00,2009-07-30 00:00:00
POWERGRID,2009-10-28 19:30:00,2009-10-29 00:00:00
POWERGRID,2010-01-25 18:30:00,2010-01-26 00:00:00
POWERGRID,2010-08-07 02:30:00,2010-08-09 00:00:00
POWERGRID,2010-10-22 18:30:00,2010-10-25 00:00:00
POWERGRID,2011-02-08 11:30:00,2011-02-08 00:00:00
POWERGRID,2011-05-24 15:30:00,2011-05-25 00:00:00
POWERGRID,2011-07-26 05:30:00,2011-07-26 00:00:00
POWERGRID,2011-08-02 14:30:00,2011-08-02 00:00:00
POWERGRID,2011-10-22 16:30:00,2011-10-24 00:00:00
POWERGRID,2012-02-09 13:30:00,2012-02-09 00:00:00
POWERGRID,2012-05-29 17:30:00,2012-05-30 00:00:00
POWERGRID,2012-11-01 10:30:00,2012-11-01 00:00:00
POWERGRID,2013-02-12 09:30:00,2013-02-12 00:00:00
POWERGRID,2013-05-29 14:30:00,2013-05-29 00:00:00
POWERGRID,2013-08-01 18:30:00,2013-08-02 00:00:00
POWERGRID,2013-10-23 18:30:00,2013-10-24 00:00:00
POWERGRID,2014-02-05 22:30:00,2014-02-06 00:00:00
POWERGRID,2014-05-29 18:30:00,2014-05-30 00:00:00
POWERGRID,2014-08-05 01:30:00,2014-08-05 00:00:00
POWERGRID,2015-05-31 14:30:00,2015-06-01 00:00:00
POWERGRID,2015-08-11 00:30:00,2015-08-11 00:00:00
POWERGRID,2015-11-04 16:30:00,2015-11-05 00:00:00
POWERGRID,2016-01-28 00:30:00,2016-01-28 00:00:00
POWERGRID,2016-05-26 21:30:00,2016-05-27 00:00:00
POWERGRID,2016-08-16 18:30:00,2016-08-17 00:00:00
POWERGRID,2016-11-09 18:30:00,2016-11-10 00:00:00
POWERGRID,2017-02-09 22:30:00,2017-02-10 00:00:00
POWERGRID,2017-05-29 18:30:00,2017-05-30 00:00:00
POWERGRID,2017-08-01 17:30:00,2017-08-02 00:00:00
POWERGRID,2017-11-08 22:30:00,2017-11-09 00:00:00
POWERGRID,2018-02-01 18:30:00,2018-02-02 00:00:00
POWERGRID,2018-05-29 16:30:00,2018-05-30 00:00:00
POWERGRID,2018-07-31 19:30:00,2018-08-01 00:00:00
POWERGRID,2018-11-05 17:30:00,2018-11-06 00:00:00
POWERGRID,2019-01-31 15:30:00,2019-02-01 00:00:00
POWERGRID,2019-05-29 17:30:00,2019-05-30 00:00:00
POWERGRID,2019-08-02 11:30:00,2019-08-02 00:00:00
POWERGRID,2019-11-07 15:30:00,2019-11-08 00:00:00
POWERGRID,2020-01-31 16:30:00,2020-02-03 00:00:00
POWERGRID,2020-06-20 19:30:00,2020-06-22 00:00:00
POWERGRID,2020-08-10 19:30:00,2020-08-11 00:00:00
POWERGRID,2020-11-11 18:30:00,2020-11-12 00:00:00
POWERGRID,2021-02-11 17:30:00,2021-02-12 00:00:00
POWERGRID,2021-06-17 18:30:00,2021-06-18 00:00:00
POWERGRID,2021-08-10 17:30:00,2021-08-11 00:00:00
POWERGRID,2021-11-09 17:30:00,2021-11-10 00:00:00
POWERGRID,2022-02-09 17:30:00,2022-02-10 00:00:00
POWERGRID,2022-05-21 17:30:00,2022-05-23 00:00:00
POWERGRID,2022-08-08 16:30:00,2022-08-09 00:00:00
POWERGRID,2022-11-05 09:30:00,2022-11-07 00:00:00
POWERGRID,2023-01-31 19:30:00,2023-02-01 00:00:00
POWERGRID,2023-05-19 17:30:00,2023-05-22 00:00:00
POWERGRID,2023-07-31 19:30:00,2023-08-01 00:00:00
POWERGRID,2023-11-07 17:30:00,2023-11-08 00:00:00
POWERGRID,2024-02-07 15:30:00,2024-02-08 00:00:00
POWERGRID,2024-05-22 18:30:00,2024-05-23 00:00:00
POWERGRID,2024-07-26 21:30:00,2024-07-29 00:00:00
POWERGRID,2024-11-06 16:30:00,2024-11-07 00:00:00
POWERGRID,2025-02-03 19:30:00,2025-02-04 00:00:00
POWERGRID,2025-05-19 19:30:00,2025-05-20 00:00:00
POWERGRID,2025-07-30 14:30:00,2025-07-30 00:00:00
POWERGRID,2025-11-03 17:30:00,2025-11-04 00:00:00
POWERGRID,2026-01-30 21:30:00,2026-02-02 00:00:00
POWERGRID,2026-05-15 19:30:00,2026-05-18 00:00:00
POWERGRID,2026-08-05 21:30:00,2026-08-06 00:00:00
POWERGRID,2026-11-10 15:30:00,2026-11-11 00:00:00
POWERINDIA,2021-05-05 14:30:00,2021-05-05 00:00:00
POWERINDIA,2021-07-23 15:30:00,2021-07-26 00:00:00
POWERINDIA,2023-05-24 14:30:00,2023-05-24 00:00:00
POWERINDIA,2024-01-23 20:30:00,2024-01-24 00:00:00
POWERINDIA,2024-05-21 17:30:00,2024-05-22 00:00:00
POWERINDIA,2024-07-24 16:30:00,2024-07-25 00:00:00
POWERINDIA,2024-10-29 15:30:00,2024-10-30 00:00:00
POWERINDIA,2025-01-29 16:30:00,2025-01-30 00:00:00
POWERINDIA,2025-05-14 17:30:00,2025-05-15 00:00:00
POWERINDIA,2025-07-30 15:30:00,2025-07-31 00:00:00
POWERINDIA,2025-11-03 16:30:00,2025-11-04 00:00:00
POWERINDIA,2026-02-05 16:30:00,2026-02-06 00:00:00
POWERINDIA,2026-05-25 19:30:00,2026-05-26 00:00:00
POWERINDIA,2026-08-07 16:30:00,2026-08-10 00:00:00
PREMIERENE,2025-05-17 20:30:00,2025-05-19 00:00:00
PREMIERENE,2025-07-26 18:30:00,2025-07-28 00:00:00
PREMIERENE,2025-10-28 19:30:00,2025-10-29 00:00:00
PREMIERENE,2026-01-22 19:30:00,2026-01-23 00:00:00
PREMIERENE,2026-05-15 16:30:00,2026-05-18 00:00:00
PREMIERENE,2026-08-06 17:30:00,2026-08-07 00:00:00
PRESTIGE,2012-05-28 23:30:00,2012-05-29 00:00:00
PRESTIGE,2012-07-30 20:30:00,2012-07-31 00:00:00
PRESTIGE,2012-10-30 14:30:00,2012-10-30 00:00:00
PRESTIGE,2013-05-22 10:30:00,2013-05-22 00:00:00
PRESTIGE,2013-07-29 18:30:00,2013-07-30 00:00:00
PRESTIGE,2013-11-07 18:30:00,2013-11-08 00:00:00
PRESTIGE,2014-02-04 18:30:00,2014-02-05 00:00:00
PRESTIGE,2014-05-27 06:30:00,2014-05-27 00:00:00
PRESTIGE,2014-08-01 19:30:00,2014-08-04 00:00:00
PRESTIGE,2014-11-11 23:30:00,2014-11-12 00:00:00
PRESTIGE,2015-01-22 18:30:00,2015-01-23 00:00:00
PRESTIGE,2015-05-30 23:30:00,2015-06-01 00:00:00
PRESTIGE,2015-08-11 22:30:00,2015-08-12 00:00:00
PRESTIGE,2015-11-14 01:30:00,2015-11-16 00:00:00
PRESTIGE,2016-02-09 23:30:00,2016-02-10 00:00:00
PRESTIGE,2016-05-31 02:30:00,2016-05-31 00:00:00
PRESTIGE,2016-09-15 02:30:00,2016-09-15 00:00:00
PRESTIGE,2016-12-08 01:30:00,2016-12-08 00:00:00
PRESTIGE,2017-02-13 23:30:00,2017-02-14 00:00:00
PRESTIGE,2017-05-30 23:30:00,2017-05-31 00:00:00
PRESTIGE,2017-08-14 19:30:00,2017-08-15 00:00:00
PRESTIGE,2017-11-07 20:30:00,2017-11-08 00:00:00
PRESTIGE,2018-02-07 18:30:00,2018-02-08 00:00:00
PRESTIGE,2018-05-28 23:30:00,2018-05-29 00:00:00
PRESTIGE,2018-07-27 18:30:00,2018-07-30 00:00:00
PRESTIGE,2018-10-30 20:30:00,2018-10-31 00:00:00
PRESTIGE,2019-02-12 18:30:00,2019-02-13 00:00:00
PRESTIGE,2019-05-28 11:30:00,2019-05-28 00:00:00
PRESTIGE,2019-08-01 19:30:00,2019-08-02 00:00:00
PRESTIGE,2019-11-12 19:30:00,2019-11-13 00:00:00
PRESTIGE,2020-01-24 18:30:00,2020-01-27 00:00:00
PRESTIGE,2020-06-24 18:30:00,2020-06-25 00:00:00
PRESTIGE,2020-08-13 15:30:00,2020-08-14 00:00:00
PRESTIGE,2020-11-11 17:30:00,2020-11-12 00:00:00
PRESTIGE,2021-02-11 17:30:00,2021-02-12 00:00:00
PRESTIGE,2021-06-08 21:30:00,2021-06-09 00:00:00
PRESTIGE,2021-08-10 17:30:00,2021-08-11 00:00:00
PRESTIGE,2021-11-11 22:30:00,2021-11-12 00:00:00
PRESTIGE,2022-02-09 18:30:00,2022-02-10 00:00:00
PRESTIGE,2022-05-26 23:30:00,2022-05-27 00:00:00
PRESTIGE,2022-08-09 15:30:00,2022-08-10 00:00:00
PRESTIGE,2022-11-09 21:30:00,2022-11-10 00:00:00
PRESTIGE,2023-02-14 17:30:00,2023-02-15 00:00:00
PRESTIGE,2023-05-30 20:30:00,2023-05-31 00:00:00
PRESTIGE,2023-08-08 18:30:00,2023-08-09 00:00:00
PRESTIGE,2023-11-07 19:30:00,2023-11-08 00:00:00
PRESTIGE,2024-02-13 18:30:00,2024-02-14 00:00:00
PRESTIGE,2024-05-28 22:30:00,2024-05-29 00:00:00
PRESTIGE,2024-07-31 18:30:00,2024-08-01 00:00:00
PRESTIGE,2024-10-29 19:30:00,2024-10-30 00:00:00
PRESTIGE,2025-01-30 19:30:00,2025-01-31 00:00:00
PRESTIGE,2025-05-29 23:30:00,2025-05-30 00:00:00
PRESTIGE,2025-08-05 19:30:00,2025-08-06 00:00:00
PRESTIGE,2025-11-12 19:30:00,2025-11-13 00:00:00
PRESTIGE,2026-01-29 20:30:00,2026-01-30 00:00:00
PRESTIGE,2026-05-21 21:30:00,2026-05-22 00:00:00
PRESTIGE,2026-07-29 19:30:00,2026-07-30 00:00:00
PRESTIGE,2026-11-11 15:30:00,2026-11-12 00:00:00
RADICO,2013-02-08 18:30:00,2013-02-11 00:00:00
RADICO,2014-11-11 21:30:00,2014-11-12 00:00:00
RADICO,2016-11-04 22:30:00,2016-11-07 00:00:00
RADICO,2017-05-23 16:30:00,2017-05-24 00:00:00
RADICO,2017-07-26 16:30:00,2017-07-27 00:00:00
RADICO,2017-10-24 16:30:00,2017-10-25 00:00:00
RADICO,2018-01-24 13:30:00,2018-01-24 00:00:00
RADICO,2018-05-03 13:30:00,2018-05-03 00:00:00
RADICO,2018-07-24 12:30:00,2018-07-24 00:00:00
RADICO,2018-10-25 16:30:00,2018-10-26 00:00:00
RADICO,2019-01-23 13:30:00,2019-01-23 00:00:00
RADICO,2019-05-02 14:30:00,2019-05-02 00:00:00
RADICO,2019-08-08 13:30:00,2019-08-08 00:00:00
RADICO,2019-11-06 13:30:00,2019-11-06 00:00:00
RADICO,2020-01-23 13:30:00,2020-01-23 00:00:00
RADICO,2020-05-28 13:30:00,2020-05-28 00:00:00
RADICO,2020-07-23 13:30:00,2020-07-23 00:00:00
RADICO,2020-10-28 12:30:00,2020-10-28 00:00:00
RADICO,2021-01-28 13:30:00,2021-01-28 00:00:00
RADICO,2021-06-01 13:30:00,2021-06-01 00:00:00
RADICO,2021-07-28 12:30:00,2021-07-28 00:00:00
RADICO,2021-11-02 13:30:00,2021-11-02 00:00:00
RADICO,2022-02-03 13:30:00,2022-02-03 00:00:00
RADICO,2022-05-30 15:30:00,2022-05-31 00:00:00
RADICO,2022-08-10 15:30:00,2022-08-11 00:00:00
RADICO,2022-11-14 16:30:00,2022-11-15 00:00:00
RADICO,2023-02-14 15:30:00,2023-02-15 00:00:00
RADICO,2023-05-25 15:30:00,2023-05-26 00:00:00
RADICO,2024-02-06 17:30:00,2024-02-07 00:00:00
RADICO,2024-05-14 15:30:00,2024-05-15 00:00:00
RADICO,2024-08-07 17:30:00,2024-08-08 00:00:00
RADICO,2024-10-24 15:30:00,2024-10-25 00:00:00
RADICO,2025-01-29 13:30:00,2025-01-29 00:00:00
RADICO,2025-05-06 05:30:00,2025-05-06 00:00:00
RADICO,2025-07-31 13:30:00,2025-07-31 00:00:00
RADICO,2025-10-29 14:30:00,2025-10-29 00:00:00
RADICO,2026-01-22 14:30:00,2026-01-22 00:00:00
RADICO,2026-05-06 14:30:00,2026-05-06 00:00:00
RADICO,2026-07-28 13:30:00,2026-07-28 00:00:00
RADICO,2026-10-28 15:30:00,2026-10-29 00:00:00
RECLTD,2010-10-25 17:30:00,2010-10-26 00:00:00
RECLTD,2011-02-09 13:30:00,2011-02-09 00:00:00
RECLTD,2011-05-25 15:30:00,2011-05-26 00:00:00
RECLTD,2011-08-10 16:30:00,2011-08-11 00:00:00
RECLTD,2011-11-10 15:30:00,2011-11-11 00:00:00
RECLTD,2012-01-25 16:30:00,2012-01-26 00:00:00
RECLTD,2012-05-24 04:30:00,2012-05-24 00:00:00
RECLTD,2012-11-02 18:30:00,2012-11-05 00:00:00
RECLTD,2013-02-04 13:30:00,2013-02-04 00:00:00
RECLTD,2013-05-28 18:30:00,2013-05-29 00:00:00
RECLTD,2013-08-08 23:30:00,2013-08-09 00:00:00
RECLTD,2013-11-13 18:30:00,2013-11-14 00:00:00
RECLTD,2014-02-14 18:30:00,2014-02-17 00:00:00
RECLTD,2014-05-26 14:30:00,2014-05-26 00:00:00
RECLTD,2014-08-12 21:30:00,2014-08-13 00:00:00
RECLTD,2014-11-10 19:30:00,2014-11-11 00:00:00
RECLTD,2015-02-13 23:30:00,2015-02-16 00:00:00
RECLTD,2015-05-29 00:30:00,2015-05-29 00:00:00
RECLTD,2015-08-08 22:30:00,2015-08-10 00:00:00
RECLTD,2015-11-09 19:30:00,2015-11-10 00:00:00
RECLTD,2016-02-10 14:30:00,2016-02-10 00:00:00
RECLTD,2016-05-27 22:30:00,2016-05-30 00:00:00
RECLTD,2016-08-11 14:30:00,2016-08-11 00:00:00
RECLTD,2016-11-09 14:30:00,2016-11-09 00:00:00
RECLTD,2017-02-14 12:30:00,2017-02-14 00:00:00
RECLTD,2017-05-30 13:30:00,2017-05-30 00:00:00
RECLTD,2017-08-11 16:30:00,2017-08-14 00:00:00
RECLTD,2017-11-06 14:30:00,2017-11-06 00:00:00
RECLTD,2018-02-06 17:30:00,2018-02-07 00:00:00
RECLTD,2018-05-28 17:30:00,2018-05-29 00:00:00
RECLTD,2019-02-08 16:30:00,2019-02-11 00:00:00
RECLTD,2019-05-24 17:30:00,2019-05-27 00:00:00
RECLTD,2019-08-06 14:30:00,2019-08-06 00:00:00
RECLTD,2019-11-05 15:30:00,2019-11-06 00:00:00
RECLTD,2020-02-04 19:30:00,2020-02-05 00:00:00
RECLTD,2020-06-17 16:30:00,2020-06-18 00:00:00
RECLTD,2022-10-27 11:30:00,2022-10-27 00:00:00
RECLTD,2023-01-30 18:30:00,2023-01-31 00:00:00
RECLTD,2023-05-17 16:30:00,2023-05-18 00:00:00
RECLTD,2023-07-26 17:30:00,2023-07-27 00:00:00
RECLTD,2023-11-01 06:30:00,2023-11-01 00:00:00
RECLTD,2024-01-23 13:30:00,2024-01-23 00:00:00
RECLTD,2024-04-30 14:30:00,2024-04-30 00:00:00
RECLTD,2024-07-27 14:30:00,2024-07-29 00:00:00
RECLTD,2024-10-26 15:30:00,2024-10-28 00:00:00
RECLTD,2025-02-06 14:30:00,2025-02-06 00:00:00
RECLTD,2025-05-08 19:30:00,2025-05-09 00:00:00
RECLTD,2025-07-24 15:30:00,2025-07-25 00:00:00
RECLTD,2025-10-17 18:30:00,2025-10-20 00:00:00
RECLTD,2026-01-29 16:30:00,2026-01-30 00:00:00
RECLTD,2026-04-28 14:30:00,2026-04-28 00:00:00
RECLTD,2026-07-24 17:30:00,2026-07-27 00:00:00
RECLTD,2026-10-16 15:30:00,2026-10-19 00:00:00
RELIANCE,2007-04-26 15:30:00,2007-04-27 00:00:00
RELIANCE,2007-07-28 05:30:00,2007-07-30 00:00:00
RELIANCE,2007-10-18 17:30:00,2007-10-19 00:00:00
RELIANCE,2008-01-17 11:30:00,2008-01-17 00:00:00
RELIANCE,2008-04-21 16:30:00,2008-04-22 00:00:00
RELIANCE,2008-07-24 16:30:00,2008-07-25 00:00:00
RELIANCE,2008-10-23 16:30:00,2008-10-24 00:00:00
RELIANCE,2009-01-22 15:30:00,2009-01-23 00:00:00
RELIANCE,2009-05-31 04:30:00,2009-06-01 00:00:00
RELIANCE,2009-07-24 16:30:00,2009-07-27 00:00:00
RELIANCE,2009-10-29 16:30:00,2009-10-30 00:00:00
RELIANCE,2010-01-22 11:30:00,2010-01-22 00:00:00
RELIANCE,2010-04-23 17:30:00,2010-04-26 00:00:00
RELIANCE,2010-07-28 04:30:00,2010-07-28 00:00:00
RELIANCE,2010-10-30 18:30:00,2010-11-01 00:00:00
RELIANCE,2011-01-21 17:30:00,2011-01-24 00:00:00
RELIANCE,2011-04-21 18:30:00,2011-04-22 00:00:00
RELIANCE,2011-07-25 18:30:00,2011-07-26 00:00:00
RELIANCE,2011-10-15 18:30:00,2011-10-17 00:00:00
RELIANCE,2012-01-20 13:30:00,2012-01-20 00:00:00
RELIANCE,2012-04-20 17:30:00,2012-04-23 00:00:00
RELIANCE,2012-07-20 18:30:00,2012-07-23 00:00:00
RELIANCE,2012-10-15 17:30:00,2012-10-16 00:00:00
RELIANCE,2013-01-18 17:30:00,2013-01-21 00:00:00
RELIANCE,2013-04-16 17:30:00,2013-04-17 00:00:00
RELIANCE,2013-07-19 17:30:00,2013-07-22 00:00:00
RELIANCE,2013-10-14 17:30:00,2013-10-15 00:00:00
RELIANCE,2014-01-17 17:30:00,2014-01-20 00:00:00
RELIANCE,2014-04-18 17:30:00,2014-04-21 00:00:00
RELIANCE,2014-07-19 16:30:00,2014-07-21 00:00:00
RELIANCE,2014-10-13 17:30:00,2014-10-14 00:00:00
RELIANCE,2015-01-16 17:30:00,2015-01-19 00:00:00
RELIANCE,2015-04-17 15:30:00,2015-04-20 00:00:00
RELIANCE,2015-07-24 21:30:00,2015-07-27 00:00:00
RELIANCE,2015-10-16 15:30:00,2015-10-19 00:00:00
RELIANCE,2016-01-19 16:30:00,2016-01-20 00:00:00
RELIANCE,2016-04-22 17:30:00,2016-04-25 00:00:00
RELIANCE,2016-07-15 16:30:00,2016-07-18 00:00:00
RELIANCE,2016-10-20 22:30:00,2016-10-21 00:00:00
RELIANCE,2017-01-16 17:30:00,2017-01-17 00:00:00
RELIANCE,2017-04-24 16:30:00,2017-04-25 00:00:00
RELIANCE,2017-07-20 17:30:00,2017-07-21 00:00:00
RELIANCE,2017-10-13 16:30:00,2017-10-16 00:00:00
RELIANCE,2018-01-19 17:30:00,2018-01-22 00:00:00
RELIANCE,2018-04-27 18:30:00,2018-04-30 00:00:00
RELIANCE,2018-07-27 17:30:00,2018-07-30 00:00:00
RELIANCE,2018-10-17 18:30:00,2018-10-18 00:00:00
RELIANCE,2019-01-17 17:30:00,2019-01-18 00:00:00
RELIANCE,2019-04-18 17:30:00,2019-04-19 00:00:00
RELIANCE,2019-07-19 17:30:00,2019-07-22 00:00:00
RELIANCE,2019-10-18 18:30:00,2019-10-21 00:00:00
RELIANCE,2020-01-17 18:30:00,2020-01-20 00:00:00
RELIANCE,2020-04-30 18:30:00,2020-05-01 00:00:00
RELIANCE,2020-07-30 18:30:00,2020-07-31 00:00:00
RELIANCE,2020-10-30 19:30:00,2020-11-02 00:00:00
RELIANCE,2021-01-22 19:30:00,2021-01-25 00:00:00
RELIANCE,2021-04-30 19:30:00,2021-05-03 00:00:00
RELIANCE,2021-07-23 19:30:00,2021-07-26 00:00:00
RELIANCE,2021-10-22 19:30:00,2021-10-25 00:00:00
RELIANCE,2022-01-21 19:30:00,2022-01-24 00:00:00
RELIANCE,2022-05-06 19:30:00,2022-05-09 00:00:00
RELIANCE,2022-07-22 19:30:00,2022-07-25 00:00:00
RELIANCE,2022-10-21 19:30:00,2022-10-24 00:00:00
RELIANCE,2023-01-20 18:30:00,2023-01-23 00:00:00
RELIANCE,2023-04-21 18:30:00,2023-04-24 00:00:00
RELIANCE,2023-07-21 19:30:00,2023-07-24 00:00:00
RELIANCE,2023-10-27 18:30:00,2023-10-30 00:00:00
RELIANCE,2024-01-19 17:30:00,2024-01-22 00:00:00
RELIANCE,2024-04-22 18:30:00,2024-04-23 00:00:00
RELIANCE,2024-07-19 18:30:00,2024-07-22 00:00:00
RELIANCE,2024-10-14 18:30:00,2024-10-15 00:00:00
RELIANCE,2025-01-16 18:30:00,2025-01-17 00:00:00
RELIANCE,2025-04-25 19:30:00,2025-04-28 00:00:00
RELIANCE,2025-07-18 19:30:00,2025-07-21 00:00:00
RELIANCE,2025-10-17 18:30:00,2025-10-20 00:00:00
RELIANCE,2026-01-16 18:30:00,2026-01-19 00:00:00
RELIANCE,2026-04-24 18:30:00,2026-04-27 00:00:00
RELIANCE,2026-07-17 18:30:00,2026-07-20 00:00:00
RELIANCE,2026-10-16 15:30:00,2026-10-19 00:00:00
SAIL,2006-01-27 13:30:00,2006-01-27 00:00:00
SAIL,2006-05-25 12:30:00,2006-05-25 00:00:00
SAIL,2006-07-28 13:30:00,2006-07-28 00:00:00
SAIL,2006-10-30 14:30:00,2006-10-30 00:00:00
SAIL,2007-01-29 13:30:00,2007-01-29 00:00:00
SAIL,2007-05-21 13:30:00,2007-05-21 00:00:00
SAIL,2007-07-25 13:30:00,2007-07-25 00:00:00
SAIL,2007-10-30 13:30:00,2007-10-30 00:00:00
SAIL,2008-01-29 13:30:00,2008-01-29 00:00:00
SAIL,2008-05-16 13:30:00,2008-05-16 00:00:00
SAIL,2008-07-21 14:30:00,2008-07-21 00:00:00
SAIL,2008-10-21 14:30:00,2008-10-21 00:00:00
SAIL,2009-01-27 14:30:00,2009-01-27 00:00:00
SAIL,2009-05-28 13:30:00,2009-05-28 00:00:00
SAIL,2009-07-31 01:30:00,2009-07-31 00:00:00
SAIL,2009-10-30 13:30:00,2009-10-30 00:00:00
SAIL,2010-01-27 13:30:00,2010-01-27 00:00:00
SAIL,2010-06-01 23:30:00,2010-06-02 00:00:00
SAIL,2010-10-22 18:30:00,2010-10-25 00:00:00
SAIL,2010-10-28 17:30:00,2010-10-29 00:00:00
SAIL,2011-01-14 04:30:00,2011-01-14 00:00:00
SAIL,2011-04-30 18:30:00,2011-05-02 00:00:00
SAIL,2011-07-29 12:30:00,2011-07-29 00:00:00
SAIL,2011-11-03 12:30:00,2011-11-03 00:00:00
SAIL,2012-02-14 13:30:00,2012-02-14 00:00:00
SAIL,2012-05-30 04:30:00,2012-05-30 00:00:00
SAIL,2012-08-06 12:30:00,2012-08-06 00:00:00
SAIL,2012-11-08 14:30:00,2012-11-08 00:00:00
SAIL,2013-02-12 09:30:00,2013-02-12 00:00:00
SAIL,2013-05-30 18:30:00,2013-05-31 00:00:00
SAIL,2013-08-14 14:30:00,2013-08-14 00:00:00
SAIL,2013-11-11 19:30:00,2013-11-12 00:00:00
SAIL,2014-02-14 23:30:00,2014-02-17 00:00:00
SAIL,2014-05-28 19:30:00,2014-05-29 00:00:00
SAIL,2014-08-11 19:30:00,2014-08-12 00:00:00
SAIL,2014-11-14 00:30:00,2014-11-14 00:00:00
SAIL,2015-02-13 19:30:00,2015-02-16 00:00:00
SAIL,2015-05-29 20:30:00,2015-06-01 00:00:00
SAIL,2015-08-14 19:30:00,2015-08-17 00:00:00
SAIL,2015-11-06 20:30:00,2015-11-09 00:00:00
SAIL,2016-02-09 16:30:00,2016-02-10 00:00:00
SAIL,2016-05-31 03:30:00,2016-05-31 00:00:00
SAIL,2016-09-09 00:30:00,2016-09-09 00:00:00
SAIL,2016-12-09 01:30:00,2016-12-09 00:00:00
SAIL,2017-02-10 21:30:00,2017-02-13 00:00:00
SAIL,2017-05-30 21:30:00,2017-05-31 00:00:00
SAIL,2017-08-11 15:30:00,2017-08-14 00:00:00
SAIL,2017-11-09 17:30:00,2017-11-10 00:00:00
SAIL,2018-02-08 18:30:00,2018-02-09 00:00:00
SAIL,2018-05-30 22:30:00,2018-05-31 00:00:00
SAIL,2018-08-04 11:30:00,2018-08-06 00:00:00
SAIL,2018-11-02 18:30:00,2018-11-05 00:00:00
SAIL,2019-02-07 19:30:00,2019-02-08 00:00:00
SAIL,2019-05-30 20:30:00,2019-05-31 00:00:00
SAIL,2019-08-09 20:30:00,2019-08-12 00:00:00
SAIL,2019-11-14 20:30:00,2019-11-15 00:00:00
SAIL,2020-07-10 19:30:00,2020-07-13 00:00:00
SAIL,2020-09-14 20:30:00,2020-09-15 00:00:00
SAIL,2020-11-06 19:30:00,2020-11-09 00:00:00
SAIL,2021-01-29 21:30:00,2021-02-01 00:00:00
SAIL,2021-06-11 01:30:00,2021-06-11 00:00:00
SAIL,2021-08-06 18:30:00,2021-08-09 00:00:00
SAIL,2021-10-29 18:30:00,2021-11-01 00:00:00
SAIL,2022-02-09 19:30:00,2022-02-10 00:00:00
SAIL,2022-05-23 22:30:00,2022-05-24 00:00:00
SAIL,2022-08-10 19:30:00,2022-08-11 00:00:00
SAIL,2022-11-10 18:30:00,2022-11-11 00:00:00
SAIL,2023-02-13 19:30:00,2023-02-14 00:00:00
SAIL,2023-05-25 22:30:00,2023-05-26 00:00:00
SAIL,2023-08-10 18:30:00,2023-08-11 00:00:00
SAIL,2023-11-10 15:30:00,2023-11-13 00:00:00
SAIL,2024-02-12 18:30:00,2024-02-13 00:00:00
SAIL,2024-05-20 19:30:00,2024-05-21 00:00:00
SAIL,2024-08-08 18:30:00,2024-08-09 00:00:00
SAIL,2024-11-07 18:30:00,2024-11-08 00:00:00
SAIL,2025-02-11 20:30:00,2025-02-12 00:00:00
SAIL,2025-05-28 19:30:00,2025-05-29 00:00:00
SAIL,2025-07-25 19:30:00,2025-07-28 00:00:00
SAIL,2025-10-29 18:30:00,2025-10-30 00:00:00
SAIL,2026-01-30 19:30:00,2026-02-02 00:00:00
SAIL,2026-05-15 19:30:00,2026-05-18 00:00:00
SAIL,2026-07-24 18:30:00,2026-07-27 00:00:00
SAIL,2026-10-29 15:30:00,2026-10-30 00:00:00
SBICARD,2021-01-21 17:30:00,2021-01-22 00:00:00
SBICARD,2021-04-26 15:30:00,2021-04-27 00:00:00
SBICARD,2021-07-23 15:30:00,2021-07-26 00:00:00
SBICARD,2021-10-28 14:30:00,2021-10-28 00:00:00
SBICARD,2022-01-24 16:30:00,2022-01-25 00:00:00
SBICARD,2022-04-29 15:30:00,2022-05-02 00:00:00
SBICARD,2022-07-28 13:30:00,2022-07-28 00:00:00
SBICARD,2022-10-27 18:30:00,2022-10-28 00:00:00
SBICARD,2023-01-24 13:30:00,2023-01-24 00:00:00
SBICARD,2023-04-28 17:30:00,2023-05-01 00:00:00
SBICARD,2023-07-28 15:30:00,2023-07-31 00:00:00
SBICARD,2023-10-27 17:30:00,2023-10-30 00:00:00
SBICARD,2024-01-25 17:30:00,2024-01-26 00:00:00
SBICARD,2024-04-26 17:30:00,2024-04-29 00:00:00
SBICARD,2024-07-26 18:30:00,2024-07-29 00:00:00
SBICARD,2024-10-29 14:30:00,2024-10-29 00:00:00
SBICARD,2025-01-28 17:30:00,2025-01-29 00:00:00
SBICARD,2025-04-24 18:30:00,2025-04-25 00:00:00
SBICARD,2025-07-25 16:30:00,2025-07-28 00:00:00
SBICARD,2025-10-24 17:30:00,2025-10-27 00:00:00
SBICARD,2026-01-28 18:30:00,2026-01-29 00:00:00
SBICARD,2026-04-27 20:30:00,2026-04-28 00:00:00
SBICARD,2026-07-24 15:30:00,2026-07-27 00:00:00
SBICARD,2026-10-22 15:30:00,2026-10-23 00:00:00
SBILIFE,2018-04-26 15:30:00,2018-04-27 00:00:00
SBILIFE,2018-07-26 14:30:00,2018-07-26 00:00:00
SBILIFE,2018-10-19 19:30:00,2018-10-22 00:00:00
SBILIFE,2019-01-18 18:30:00,2019-01-21 00:00:00
SBILIFE,2019-04-25 19:30:00,2019-04-26 00:00:00
SBILIFE,2019-07-23 18:30:00,2019-07-24 00:00:00
SBILIFE,2019-10-15 19:30:00,2019-10-16 00:00:00
SBILIFE,2020-01-22 14:30:00,2020-01-22 00:00:00
SBILIFE,2020-05-05 14:30:00,2020-05-05 00:00:00
SBILIFE,2020-07-21 14:30:00,2020-07-21 00:00:00
SBILIFE,2020-10-26 14:30:00,2020-10-26 00:00:00
SBILIFE,2021-01-22 13:30:00,2021-01-22 00:00:00
SBILIFE,2021-05-03 14:30:00,2021-05-03 00:00:00
SBILIFE,2021-07-26 14:30:00,2021-07-26 00:00:00
SBILIFE,2021-10-27 15:30:00,2021-10-28 00:00:00
SBILIFE,2022-01-21 14:30:00,2022-01-21 00:00:00
SBILIFE,2022-04-28 14:30:00,2022-04-28 00:00:00
SBILIFE,2022-07-28 17:30:00,2022-07-29 00:00:00
SBILIFE,2022-10-21 16:30:00,2022-10-24 00:00:00
SBILIFE,2023-01-21 17:30:00,2023-01-23 00:00:00
SBILIFE,2023-04-26 18:30:00,2023-04-27 00:00:00
SBILIFE,2023-07-25 18:30:00,2023-07-26 00:00:00
SBILIFE,2023-10-27 14:30:00,2023-10-27 00:00:00
SBILIFE,2024-01-25 13:30:00,2024-01-25 00:00:00
SBILIFE,2024-04-26 15:30:00,2024-04-29 00:00:00
SBILIFE,2024-07-24 15:30:00,2024-07-25 00:00:00
SBILIFE,2024-10-23 14:30:00,2024-10-23 00:00:00
SBILIFE,2025-01-17 14:30:00,2025-01-17 00:00:00
SBILIFE,2025-04-24 14:30:00,2025-04-24 00:00:00
SBILIFE,2025-07-24 14:30:00,2025-07-24 00:00:00
SBILIFE,2025-10-24 15:30:00,2025-10-27 00:00:00
SBILIFE,2026-01-28 14:30:00,2026-01-28 00:00:00
SBILIFE,2026-04-22 15:30:00,2026-04-23 00:00:00
SBILIFE,2026-07-24 14:30:00,2026-07-24 00:00:00
SBILIFE,2026-10-23 15:30:00,2026-10-26 00:00:00
SBIN,2004-07-27 12:30:00,2004-07-27 00:00:00
SBIN,2004-10-30 13:30:00,2004-11-01 00:00:00
SBIN,2005-01-28 09:30:00,2005-01-28 00:00:00
SBIN,2005-05-20 12:30:00,2005-05-20 00:00:00
SBIN,2006-01-30 07:30:00,2006-01-30 00:00:00
SBIN,2006-05-19 12:30:00,2006-05-19 00:00:00
SBIN,2006-07-27 12:30:00,2006-07-27 00:00:00
SBIN,2006-10-28 12:30:00,2006-10-30 00:00:00
SBIN,2007-01-23 11:30:00,2007-01-23 00:00:00
SBIN,2007-05-12 14:30:00,2007-05-14 00:00:00
SBIN,2007-07-28 11:30:00,2007-07-30 00:00:00
SBIN,2007-10-27 16:30:00,2007-10-29 00:00:00
SBIN,2008-01-24 19:30:00,2008-01-25 00:00:00
SBIN,2008-05-02 14:30:00,2008-05-02 00:00:00
SBIN,2008-07-27 11:30:00,2008-07-28 00:00:00
SBIN,2008-10-27 09:30:00,2008-10-27 00:00:00
SBIN,2009-01-24 12:30:00,2009-01-26 00:00:00
SBIN,2009-05-09 14:30:00,2009-05-11 00:00:00
SBIN,2009-07-30 12:30:00,2009-07-30 00:00:00
SBIN,2009-10-31 12:30:00,2009-11-02 00:00:00
SBIN,2010-01-25 16:30:00,2010-01-26 00:00:00
SBIN,2010-05-15 04:30:00,2010-05-17 00:00:00
SBIN,2010-08-13 02:30:00,2010-08-13 00:00:00
SBIN,2010-11-08 23:30:00,2010-11-09 00:00:00
SBIN,2011-01-22 18:30:00,2011-01-24 00:00:00
SBIN,2011-05-18 16:30:00,2011-05-19 00:00:00
SBIN,2011-08-16 04:30:00,2011-08-16 00:00:00
SBIN,2011-11-09 13:30:00,2011-11-09 00:00:00
SBIN,2012-02-13 13:30:00,2012-02-13 00:00:00
SBIN,2012-05-18 14:30:00,2012-05-18 00:00:00
SBIN,2012-08-10 12:30:00,2012-08-10 00:00:00
SBIN,2012-11-09 14:30:00,2012-11-09 00:00:00
SBIN,2013-02-14 09:30:00,2013-02-14 00:00:00
SBIN,2013-05-23 10:30:00,2013-05-23 00:00:00
SBIN,2013-08-12 14:30:00,2013-08-12 00:00:00
SBIN,2013-11-13 14:30:00,2013-11-13 00:00:00
SBIN,2014-02-14 13:30:00,2014-02-14 00:00:00
SBIN,2014-05-23 10:30:00,2014-05-23 00:00:00
SBIN,2014-08-08 12:30:00,2014-08-08 00:00:00
SBIN,2014-11-14 12:30:00,2014-11-14 00:00:00
SBIN,2015-02-13 11:30:00,2015-02-13 00:00:00
SBIN,2015-05-22 12:30:00,2015-05-22 00:00:00
SBIN,2015-08-11 12:30:00,2015-08-11 00:00:00
SBIN,2015-11-06 11:30:00,2015-11-06 00:00:00
SBIN,2016-02-11 12:30:00,2016-02-11 00:00:00
SBIN,2016-05-27 18:30:00,2016-05-30 00:00:00
SBIN,2016-08-12 12:30:00,2016-08-12 00:00:00
SBIN,2016-11-11 12:30:00,2016-11-11 00:00:00
SBIN,2017-02-10 12:30:00,2017-02-10 00:00:00
SBIN,2017-05-19 11:30:00,2017-05-19 00:00:00
SBIN,2017-08-11 12:30:00,2017-08-11 00:00:00
SBIN,2017-11-10 12:30:00,2017-11-10 00:00:00
SBIN,2018-02-09 17:30:00,2018-02-12 00:00:00
SBIN,2018-05-22 13:30:00,2018-05-22 00:00:00
SBIN,2018-08-10 13:30:00,2018-08-10 00:00:00
SBIN,2018-11-05 14:30:00,2018-11-05 00:00:00
SBIN,2019-02-01 13:30:00,2019-02-01 00:00:00
SBIN,2019-05-10 13:30:00,2019-05-10 00:00:00
SBIN,2019-08-02 13:30:00,2019-08-02 00:00:00
SBIN,2019-10-25 13:30:00,2019-10-25 00:00:00
SBIN,2020-01-31 13:30:00,2020-01-31 00:00:00
SBIN,2020-06-05 14:30:00,2020-06-05 00:00:00
SBIN,2020-07-31 13:30:00,2020-07-31 00:00:00
SBIN,2020-11-04 13:30:00,2020-11-04 00:00:00
SBIN,2021-02-04 13:30:00,2021-02-04 00:00:00
SBIN,2021-05-21 13:30:00,2021-05-21 00:00:00
SBIN,2021-08-04 13:30:00,2021-08-04 00:00:00
SBIN,2021-11-03 13:30:00,2021-11-03 00:00:00
SBIN,2022-02-05 13:30:00,2022-02-07 00:00:00
SBIN,2022-05-13 12:30:00,2022-05-13 00:00:00
SBIN,2022-08-06 12:30:00,2022-08-08 00:00:00
SBIN,2022-11-05 13:30:00,2022-11-07 00:00:00
SBIN,2023-02-03 15:30:00,2023-02-06 00:00:00
SBIN,2023-05-18 13:30:00,2023-05-18 00:00:00
SBIN,2023-08-04 12:30:00,2023-08-04 00:00:00
SBIN,2023-11-04 13:30:00,2023-11-06 00:00:00
SBIN,2024-02-03 13:30:00,2024-02-05 00:00:00
SBIN,2024-05-09 13:30:00,2024-05-09 00:00:00
SBIN,2024-08-03 13:30:00,2024-08-05 00:00:00
SBIN,2024-11-08 13:30:00,2024-11-08 00:00:00
SBIN,2025-02-06 13:30:00,2025-02-06 00:00:00
SBIN,2025-05-03 13:30:00,2025-05-05 00:00:00
SBIN,2025-08-08 12:30:00,2025-08-08 00:00:00
SBIN,2025-11-04 12:30:00,2025-11-04 00:00:00
SBIN,2026-02-07 13:30:00,2026-02-09 00:00:00
SBIN,2026-05-08 13:30:00,2026-05-08 00:00:00
SBIN,2026-08-07 13:30:00,2026-08-07 00:00:00
SBIN,2026-11-04 15:30:00,2026-11-05 00:00:00
SCHAEFFLER,2007-04-26 13:30:00,2007-04-26 00:00:00
SCHAEFFLER,2007-07-26 15:30:00,2007-07-27 00:00:00
SCHAEFFLER,2008-04-18 12:30:00,2008-04-18 00:00:00
SCHAEFFLER,2008-10-17 15:30:00,2008-10-20 00:00:00
SCHAEFFLER,2009-02-12 13:30:00,2009-02-12 00:00:00
SCHAEFFLER,2009-04-24 13:30:00,2009-04-24 00:00:00
SCHAEFFLER,2009-07-24 04:30:00,2009-07-24 00:00:00
SCHAEFFLER,2009-10-22 14:30:00,2009-10-22 00:00:00
SCHAEFFLER,2013-02-14 19:30:00,2013-02-15 00:00:00
SCHAEFFLER,2013-10-31 18:30:00,2013-11-01 00:00:00
SCHAEFFLER,2014-02-11 18:30:00,2014-02-12 00:00:00
SCHAEFFLER,2014-11-06 19:30:00,2014-11-07 00:00:00
SCHAEFFLER,2015-11-05 23:30:00,2015-11-06 00:00:00
SCHAEFFLER,2016-04-27 13:30:00,2016-04-27 00:00:00
SCHAEFFLER,2016-07-28 18:30:00,2016-07-29 00:00:00
SCHAEFFLER,2017-02-14 21:30:00,2017-02-15 00:00:00
SCHAEFFLER,2017-04-21 17:30:00,2017-04-24 00:00:00
SCHAEFFLER,2017-07-25 14:30:00,2017-07-25 00:00:00
SCHAEFFLER,2017-11-09 13:30:00,2017-11-09 00:00:00
SCHAEFFLER,2018-02-07 14:30:00,2018-02-07 00:00:00
SCHAEFFLER,2018-04-17 13:30:00,2018-04-17 00:00:00
SCHAEFFLER,2018-07-26 15:30:00,2018-07-27 00:00:00
SCHAEFFLER,2019-02-13 17:30:00,2019-02-14 00:00:00
SCHAEFFLER,2019-04-30 13:30:00,2019-04-30 00:00:00
SCHAEFFLER,2019-07-23 17:30:00,2019-07-24 00:00:00
SCHAEFFLER,2019-10-21 16:30:00,2019-10-22 00:00:00
SCHAEFFLER,2020-02-12 17:30:00,2020-02-13 00:00:00
SCHAEFFLER,2020-05-13 16:30:00,2020-05-14 00:00:00
SCHAEFFLER,2020-07-24 17:30:00,2020-07-27 00:00:00
SCHAEFFLER,2020-10-28 15:30:00,2020-10-29 00:00:00
SCHAEFFLER,2021-02-16 19:30:00,2021-02-17 00:00:00
SCHAEFFLER,2021-04-26 16:30:00,2021-04-27 00:00:00
SCHAEFFLER,2021-07-21 17:30:00,2021-07-22 00:00:00
SCHAEFFLER,2021-10-28 18:30:00,2021-10-29 00:00:00
SCHAEFFLER,2022-02-16 20:30:00,2022-02-17 00:00:00
SCHAEFFLER,2022-04-26 18:30:00,2022-04-27 00:00:00
SCHAEFFLER,2022-07-27 17:30:00,2022-07-28 00:00:00
SCHAEFFLER,2022-10-18 19:30:00,2022-10-19 00:00:00
SCHAEFFLER,2023-02-16 19:30:00,2023-02-17 00:00:00
SCHAEFFLER,2023-04-18 12:30:00,2023-04-18 00:00:00
SCHAEFFLER,2023-07-26 17:30:00,2023-07-27 00:00:00
SCHAEFFLER,2023-10-27 15:30:00,2023-10-30 00:00:00
SCHAEFFLER,2024-02-16 17:30:00,2024-02-19 00:00:00
SCHAEFFLER,2024-04-25 17:30:00,2024-04-26 00:00:00
SCHAEFFLER,2024-07-23 18:30:00,2024-07-24 00:00:00
SCHAEFFLER,2024-10-23 15:30:00,2024-10-24 00:00:00
SCHAEFFLER,2025-02-27 16:30:00,2025-02-28 00:00:00
SCHAEFFLER,2025-04-29 16:30:00,2025-04-30 00:00:00
SCHAEFFLER,2025-07-25 17:30:00,2025-07-28 00:00:00
SCHAEFFLER,2025-10-31 16:30:00,2025-11-03 00:00:00
SCHAEFFLER,2026-02-24 16:30:00,2026-02-25 00:00:00
SCHAEFFLER,2026-04-29 15:30:00,2026-04-30 00:00:00
SCHAEFFLER,2026-07-22 20:30:00,2026-07-23 00:00:00
SCHAEFFLER,2026-10-29 15:30:00,2026-10-30 00:00:00
SHREECEM,2007-05-14 13:30:00,2007-05-14 00:00:00
SHREECEM,2007-07-15 05:30:00,2007-07-16 00:00:00
SHREECEM,2007-10-23 15:30:00,2007-10-24 00:00:00
SHREECEM,2008-05-07 18:30:00,2008-05-08 00:00:00
SHREECEM,2008-07-18 17:30:00,2008-07-21 00:00:00
SHREECEM,2008-10-20 12:30:00,2008-10-20 00:00:00
SHREECEM,2009-01-28 13:30:00,2009-01-28 00:00:00
SHREECEM,2009-04-28 20:30:00,2009-04-29 00:00:00
SHREECEM,2009-07-24 16:30:00,2009-07-27 00:00:00
SHREECEM,2009-10-30 05:30:00,2009-10-30 00:00:00
SHREECEM,2010-01-21 11:30:00,2010-01-21 00:00:00
SHREECEM,2011-05-27 20:30:00,2011-05-30 00:00:00
SHREECEM,2011-08-01 12:30:00,2011-08-01 00:00:00
SHREECEM,2011-11-10 12:30:00,2011-11-10 00:00:00
SHREECEM,2012-10-16 18:30:00,2012-10-17 00:00:00
SHREECEM,2013-01-21 18:30:00,2013-01-22 00:00:00
SHREECEM,2013-04-29 14:30:00,2013-04-29 00:00:00
SHREECEM,2013-07-30 18:30:00,2013-07-31 00:00:00
SHREECEM,2013-10-25 14:30:00,2013-10-25 00:00:00
SHREECEM,2014-01-27 14:30:00,2014-01-27 00:00:00
SHREECEM,2014-04-28 18:30:00,2014-04-29 00:00:00
SHREECEM,2014-08-25 20:30:00,2014-08-26 00:00:00
SHREECEM,2014-11-10 18:30:00,2014-11-11 00:00:00
SHREECEM,2015-02-03 18:30:00,2015-02-04 00:00:00
SHREECEM,2015-04-29 13:30:00,2015-04-29 00:00:00
SHREECEM,2015-08-05 18:30:00,2015-08-06 00:00:00
SHREECEM,2015-11-14 13:30:00,2015-11-16 00:00:00
SHREECEM,2016-02-02 17:30:00,2016-02-03 00:00:00
SHREECEM,2016-05-26 16:30:00,2016-05-27 00:00:00
SHREECEM,2016-08-12 19:30:00,2016-08-15 00:00:00
SHREECEM,2016-11-07 19:30:00,2016-11-08 00:00:00
SHREECEM,2017-01-30 20:30:00,2017-01-31 00:00:00
SHREECEM,2017-05-16 15:30:00,2017-05-17 00:00:00
SHREECEM,2017-07-31 13:30:00,2017-07-31 00:00:00
SHREECEM,2017-11-08 15:30:00,2017-11-09 00:00:00
SHREECEM,2018-01-11 15:30:00,2018-01-12 00:00:00
SHREECEM,2018-04-28 12:30:00,2018-04-30 00:00:00
SHREECEM,2018-07-30 13:30:00,2018-07-30 00:00:00
SHREECEM,2018-11-12 15:30:00,2018-11-13 00:00:00
SHREECEM,2019-01-22 13:30:00,2019-01-22 00:00:00
SHREECEM,2019-05-18 13:30:00,2019-05-20 00:00:00
SHREECEM,2019-08-09 13:30:00,2019-08-09 00:00:00
SHREECEM,2019-10-19 12:30:00,2019-10-21 00:00:00
SHREECEM,2020-02-14 13:30:00,2020-02-14 00:00:00
SHREECEM,2020-05-08 16:30:00,2020-05-11 00:00:00
SHREECEM,2020-08-10 19:30:00,2020-08-11 00:00:00
SHREECEM,2020-11-11 18:30:00,2020-11-12 00:00:00
SHREECEM,2021-01-30 12:30:00,2021-02-01 00:00:00
SHREECEM,2021-05-21 16:30:00,2021-05-24 00:00:00
SHREECEM,2021-08-09 16:30:00,2021-08-10 00:00:00
SHREECEM,2021-10-29 19:30:00,2021-11-01 00:00:00
SHREECEM,2022-02-04 15:30:00,2022-02-07 00:00:00
SHREECEM,2022-05-21 13:30:00,2022-05-23 00:00:00
SHREECEM,2022-07-28 12:30:00,2022-07-28 00:00:00
SHREECEM,2022-10-14 15:30:00,2022-10-17 00:00:00
SHREECEM,2023-02-08 12:30:00,2023-02-08 00:00:00
SHREECEM,2023-05-22 16:30:00,2023-05-23 00:00:00
SHREECEM,2023-07-26 10:30:00,2023-07-26 00:00:00
SHREECEM,2023-11-07 15:30:00,2023-11-08 00:00:00
SHREECEM,2024-01-31 15:30:00,2024-02-01 00:00:00
SHREECEM,2024-05-14 16:30:00,2024-05-15 00:00:00
SHREECEM,2024-08-06 12:30:00,2024-08-06 00:00:00
SHREECEM,2024-11-11 15:30:00,2024-11-12 00:00:00
SHREECEM,2025-01-30 16:30:00,2025-01-31 00:00:00
SHREECEM,2025-05-14 14:30:00,2025-05-14 00:00:00
SHREECEM,2025-08-04 13:30:00,2025-08-04 00:00:00
SHREECEM,2025-10-28 15:30:00,2025-10-29 00:00:00
SHREECEM,2026-02-06 15:30:00,2026-02-09 00:00:00
SHREECEM,2026-05-06 16:30:00,2026-05-07 00:00:00
SHREECEM,2026-07-31 13:30:00,2026-07-31 00:00:00
SHREECEM,2026-10-28 15:30:00,2026-10-29 00:00:00
SHRIRAMFIN,2007-10-25 12:30:00,2007-10-25 00:00:00
SHRIRAMFIN,2010-10-22 18:30:00,2010-10-25 00:00:00
SHRIRAMFIN,2010-10-27 17:30:00,2010-10-28 00:00:00
SHRIRAMFIN,2011-01-31 13:30:00,2011-01-31 00:00:00
SHRIRAMFIN,2011-04-29 14:30:00,2011-04-29 00:00:00
SHRIRAMFIN,2011-07-26 12:30:00,2011-07-26 00:00:00
SHRIRAMFIN,2011-11-09 13:30:00,2011-11-09 00:00:00
SHRIRAMFIN,2012-02-10 11:30:00,2012-02-10 00:00:00
SHRIRAMFIN,2012-05-09 04:30:00,2012-05-09 00:00:00
SHRIRAMFIN,2012-07-24 16:30:00,2012-07-25 00:00:00
SHRIRAMFIN,2012-10-30 18:30:00,2012-10-31 00:00:00
SHRIRAMFIN,2013-01-25 14:30:00,2013-01-25 00:00:00
SHRIRAMFIN,2013-05-07 18:30:00,2013-05-08 00:00:00
SHRIRAMFIN,2013-07-23 14:30:00,2013-07-23 00:00:00
SHRIRAMFIN,2013-10-29 18:30:00,2013-10-30 00:00:00
SHRIRAMFIN,2014-01-29 09:30:00,2014-01-29 00:00:00
SHRIRAMFIN,2014-04-29 14:30:00,2014-04-29 00:00:00
SHRIRAMFIN,2014-07-25 18:30:00,2014-07-28 00:00:00
SHRIRAMFIN,2014-10-21 13:30:00,2014-10-21 00:00:00
SHRIRAMFIN,2015-01-27 07:30:00,2015-01-27 00:00:00
SHRIRAMFIN,2015-04-30 21:30:00,2015-05-01 00:00:00
SHRIRAMFIN,2015-08-04 00:30:00,2015-08-04 00:00:00
SHRIRAMFIN,2015-10-29 18:30:00,2015-10-30 00:00:00
SHRIRAMFIN,2016-01-30 22:30:00,2016-02-01 00:00:00
SHRIRAMFIN,2016-04-29 15:30:00,2016-05-02 00:00:00
SHRIRAMFIN,2016-07-27 14:30:00,2016-07-27 00:00:00
SHRIRAMFIN,2016-10-25 13:30:00,2016-10-25 00:00:00
SHRIRAMFIN,2017-02-03 20:30:00,2017-02-06 00:00:00
SHRIRAMFIN,2017-04-27 18:30:00,2017-04-28 00:00:00
SHRIRAMFIN,2017-08-05 13:30:00,2017-08-07 00:00:00
SHRIRAMFIN,2017-11-01 14:30:00,2017-11-01 00:00:00
SHRIRAMFIN,2018-01-27 13:30:00,2018-01-29 00:00:00
SHRIRAMFIN,2018-04-27 14:30:00,2018-04-27 00:00:00
SHRIRAMFIN,2018-07-26 10:30:00,2018-07-26 00:00:00
SHRIRAMFIN,2018-10-25 20:30:00,2018-10-26 00:00:00
SHRIRAMFIN,2019-01-28 13:30:00,2019-01-28 00:00:00
SHRIRAMFIN,2019-05-08 17:30:00,2019-05-09 00:00:00
SHRIRAMFIN,2019-07-24 18:30:00,2019-07-25 00:00:00
SHRIRAMFIN,2019-10-24 19:30:00,2019-10-25 00:00:00
SHRIRAMFIN,2020-02-03 18:30:00,2020-02-04 00:00:00
SHRIRAMFIN,2020-06-10 17:30:00,2020-06-11 00:00:00
SHRIRAMFIN,2020-08-13 18:30:00,2020-08-14 00:00:00
SHRIRAMFIN,2020-10-29 18:30:00,2020-10-30 00:00:00
SHRIRAMFIN,2021-01-28 17:30:00,2021-01-29 00:00:00
SHRIRAMFIN,2021-04-29 17:30:00,2021-04-30 00:00:00
SHRIRAMFIN,2021-07-30 17:30:00,2021-08-02 00:00:00
SHRIRAMFIN,2021-10-29 17:30:00,2021-11-01 00:00:00
SHRIRAMFIN,2022-01-24 17:30:00,2022-01-25 00:00:00
SHRIRAMFIN,2022-04-28 16:30:00,2022-04-29 00:00:00
SHRIRAMFIN,2022-07-28 15:30:00,2022-07-29 00:00:00
SHRIRAMFIN,2022-10-20 15:30:00,2022-10-21 00:00:00
SHRIRAMFIN,2023-01-31 16:30:00,2023-02-01 00:00:00
SHRIRAMFIN,2023-04-27 17:30:00,2023-04-28 00:00:00
SHRIRAMFIN,2023-07-27 13:30:00,2023-07-27 00:00:00
SHRIRAMFIN,2023-10-26 14:30:00,2023-10-26 00:00:00
SHRIRAMFIN,2024-01-25 16:30:00,2024-01-26 00:00:00
SHRIRAMFIN,2024-04-26 14:30:00,2024-04-26 00:00:00
SHRIRAMFIN,2024-07-26 12:30:00,2024-07-26 00:00:00
SHRIRAMFIN,2024-10-25 15:30:00,2024-10-28 00:00:00
SHRIRAMFIN,2025-01-24 14:30:00,2025-01-24 00:00:00
SHRIRAMFIN,2025-04-25 14:30:00,2025-04-25 00:00:00
SHRIRAMFIN,2025-07-25 13:30:00,2025-07-25 00:00:00
SHRIRAMFIN,2025-10-31 14:30:00,2025-10-31 00:00:00
SHRIRAMFIN,2026-01-23 13:30:00,2026-01-23 00:00:00
SHRIRAMFIN,2026-04-24 14:30:00,2026-04-24 00:00:00
SHRIRAMFIN,2026-07-24 13:30:00,2026-07-24 00:00:00
SHRIRAMFIN,2026-10-30 15:30:00,2026-11-02 00:00:00
SIEMENS,2011-11-22 20:30:00,2011-11-23 00:00:00
SIEMENS,2012-01-31 18:30:00,2012-02-01 00:00:00
SIEMENS,2012-04-27 15:30:00,2012-04-30 00:00:00
SIEMENS,2012-08-10 16:30:00,2012-08-13 00:00:00
SIEMENS,2013-04-26 18:30:00,2013-04-29 00:00:00
SIEMENS,2014-11-25 21:30:00,2014-11-26 00:00:00
SIEMENS,2015-01-30 19:30:00,2015-02-02 00:00:00
SIEMENS,2015-08-05 20:30:00,2015-08-06 00:00:00
SIEMENS,2015-11-27 20:30:00,2015-11-30 00:00:00
SIEMENS,2016-05-06 17:30:00,2016-05-09 00:00:00
SIEMENS,2016-08-05 13:30:00,2016-08-05 00:00:00
SIEMENS,2016-11-23 19:30:00,2016-11-24 00:00:00
SIEMENS,2017-02-08 18:30:00,2017-02-09 00:00:00
SIEMENS,2017-05-10 15:30:00,2017-05-11 00:00:00
SIEMENS,2017-07-31 17:30:00,2017-08-01 00:00:00
SIEMENS,2017-11-24 10:30:00,2017-11-24 00:00:00
SIEMENS,2018-02-06 13:30:00,2018-02-06 00:00:00
SIEMENS,2018-05-03 10:30:00,2018-05-03 00:00:00
SIEMENS,2018-08-08 16:30:00,2018-08-09 00:00:00
SIEMENS,2018-11-18 10:30:00,2018-11-19 00:00:00
SIEMENS,2019-02-06 14:30:00,2019-02-06 00:00:00
SIEMENS,2019-05-14 22:30:00,2019-05-15 00:00:00
SIEMENS,2019-08-07 16:30:00,2019-08-08 00:00:00
SIEMENS,2019-11-19 17:30:00,2019-11-20 00:00:00
SIEMENS,2020-02-11 18:30:00,2020-02-12 00:00:00
SIEMENS,2020-05-13 17:30:00,2020-05-14 00:00:00
SIEMENS,2020-08-07 18:30:00,2020-08-10 00:00:00
SIEMENS,2020-11-25 18:30:00,2020-11-26 00:00:00
SIEMENS,2021-02-12 15:30:00,2021-02-15 00:00:00
SIEMENS,2021-05-11 15:30:00,2021-05-12 00:00:00
SIEMENS,2021-08-10 21:30:00,2021-08-11 00:00:00
SIEMENS,2021-11-24 17:30:00,2021-11-25 00:00:00
SIEMENS,2022-02-04 15:30:00,2022-02-07 00:00:00
SIEMENS,2022-05-12 18:30:00,2022-05-13 00:00:00
SIEMENS,2022-08-02 21:30:00,2022-08-03 00:00:00
SIEMENS,2022-11-22 19:30:00,2022-11-23 00:00:00
SIEMENS,2023-02-14 17:30:00,2023-02-15 00:00:00
SIEMENS,2023-05-11 15:30:00,2023-05-12 00:00:00
SIEMENS,2023-08-08 19:30:00,2023-08-09 00:00:00
SIEMENS,2023-11-28 17:30:00,2023-11-29 00:00:00
SIEMENS,2024-02-13 13:30:00,2024-02-13 00:00:00
SIEMENS,2024-05-14 15:30:00,2024-05-15 00:00:00
SIEMENS,2024-08-09 20:30:00,2024-08-12 00:00:00
SIEMENS,2024-11-26 17:30:00,2024-11-27 00:00:00
SIEMENS,2025-02-12 13:30:00,2025-02-12 00:00:00
SIEMENS,2025-05-13 05:30:00,2025-05-13 00:00:00
SIEMENS,2025-08-08 20:30:00,2025-08-11 00:00:00
SIEMENS,2025-11-14 15:30:00,2025-11-17 00:00:00
SIEMENS,2026-02-06 13:30:00,2026-02-06 00:00:00
SIEMENS,2026-05-26 16:30:00,2026-05-27 00:00:00
SIEMENS,2026-08-11 13:30:00,2026-08-11 00:00:00
SIEMENS,2026-11-04 15:30:00,2026-11-05 00:00:00
SJVN,2014-11-12 19:30:00,2014-11-13 00:00:00
SJVN,2015-02-05 19:30:00,2015-02-06 00:00:00
SJVN,2015-05-27 22:30:00,2015-05-28 00:00:00
SJVN,2015-07-31 20:30:00,2015-08-03 00:00:00
SJVN,2015-11-05 15:30:00,2015-11-06 00:00:00
SJVN,2017-08-21 17:30:00,2017-08-22 00:00:00
SJVN,2020-02-13 13:30:00,2020-02-13 00:00:00
SJVN,2020-06-29 16:30:00,2020-06-30 00:00:00
SJVN,2023-08-09 14:30:00,2023-08-09 00:00:00
SJVN,2023-11-09 14:30:00,2023-11-09 00:00:00
SJVN,2024-02-09 15:30:00,2024-02-12 00:00:00
SJVN,2024-05-29 15:30:00,2024-05-30 00:00:00
SJVN,2024-08-13 17:30:00,2024-08-14 00:00:00
SJVN,2024-11-05 14:30:00,2024-11-05 00:00:00
SJVN,2025-02-13 18:30:00,2025-02-14 00:00:00
SJVN,2025-05-29 19:30:00,2025-05-30 00:00:00
SJVN,2025-11-10 13:30:00,2025-11-10 00:00:00
SJVN,2026-05-15 13:30:00,2026-05-15 00:00:00
SJVN,2026-07-31 13:30:00,2026-07-31 00:00:00
SOLARINDS,2011-07-27 19:30:00,2011-07-28 00:00:00
SOLARINDS,2013-02-06 18:30:00,2013-02-07 00:00:00
SOLARINDS,2013-05-28 04:30:00,2013-05-28 00:00:00
SOLARINDS,2013-08-05 18:30:00,2013-08-06 00:00:00
SOLARINDS,2013-10-28 18:30:00,2013-10-29 00:00:00
SOLARINDS,2014-02-10 17:30:00,2014-02-11 00:00:00
SOLARINDS,2014-05-28 22:30:00,2014-05-29 00:00:00
SOLARINDS,2014-08-04 21:30:00,2014-08-05 00:00:00
SOLARINDS,2014-11-10 23:30:00,2014-11-11 00:00:00
SOLARINDS,2015-01-22 19:30:00,2015-01-23 00:00:00
SOLARINDS,2015-08-10 20:30:00,2015-08-11 00:00:00
SOLARINDS,2015-10-29 21:30:00,2015-10-30 00:00:00
SOLARINDS,2016-02-04 19:30:00,2016-02-05 00:00:00
SOLARINDS,2016-05-16 20:30:00,2016-05-17 00:00:00
SOLARINDS,2017-08-02 15:30:00,2017-08-03 00:00:00
SOLARINDS,2017-11-14 16:30:00,2017-11-15 00:00:00
SOLARINDS,2018-02-07 15:30:00,2018-02-08 00:00:00
SOLARINDS,2018-05-11 15:30:00,2018-05-14 00:00:00
SOLARINDS,2018-07-30 14:30:00,2018-07-30 00:00:00
SOLARINDS,2019-01-31 15:30:00,2019-02-01 00:00:00
SOLARINDS,2019-05-09 14:30:00,2019-05-09 00:00:00
SOLARINDS,2019-07-30 22:30:00,2019-07-31 00:00:00
SOLARINDS,2019-11-07 14:30:00,2019-11-07 00:00:00
SOLARINDS,2020-02-11 15:30:00,2020-02-12 00:00:00
SOLARINDS,2020-07-31 16:30:00,2020-08-03 00:00:00
SOLARINDS,2023-01-25 13:30:00,2023-01-25 00:00:00
SOLARINDS,2023-05-03 14:30:00,2023-05-03 00:00:00
SOLARINDS,2023-08-03 14:30:00,2023-08-03 00:00:00
SOLARINDS,2023-11-02 14:30:00,2023-11-02 00:00:00
SOLARINDS,2024-02-07 13:30:00,2024-02-07 00:00:00
SOLARINDS,2025-05-20 14:30:00,2025-05-20 00:00:00
SOLARINDS,2025-08-07 14:30:00,2025-08-07 00:00:00
SOLARINDS,2025-11-10 14:30:00,2025-11-10 00:00:00
SOLARINDS,2026-02-03 14:30:00,2026-02-03 00:00:00
SOLARINDS,2026-05-15 14:30:00,2026-05-15 00:00:00
SOLARINDS,2026-08-13 14:30:00,2026-08-13 00:00:00
SOLARINDS,2026-11-20 15:30:00,2026-11-23 00:00:00
SRF,2015-02-10 22:30:00,2015-02-11 00:00:00
SRF,2015-05-11 23:30:00,2015-05-12 00:00:00
SRF,2015-08-06 22:30:00,2015-08-07 00:00:00
SRF,2015-11-06 17:30:00,2015-11-09 00:00:00
SRF,2016-02-08 21:30:00,2016-02-09 00:00:00
SRF,2016-05-10 23:30:00,2016-05-11 00:00:00
SRF,2016-08-08 22:30:00,2016-08-09 00:00:00
SRF,2016-11-11 20:30:00,2016-11-14 00:00:00
SRF,2017-02-10 20:30:00,2017-02-13 00:00:00
SRF,2017-05-22 17:30:00,2017-05-23 00:00:00
SRF,2017-08-08 18:30:00,2017-08-09 00:00:00
SRF,2017-11-09 16:30:00,2017-11-10 00:00:00
SRF,2018-02-07 16:30:00,2018-02-08 00:00:00
SRF,2018-05-17 17:30:00,2018-05-18 00:00:00
SRF,2018-08-07 17:30:00,2018-08-08 00:00:00
SRF,2018-11-01 18:30:00,2018-11-02 00:00:00
SRF,2019-02-04 17:30:00,2019-02-05 00:00:00
SRF,2019-05-13 18:30:00,2019-05-14 00:00:00
SRF,2019-08-05 16:30:00,2019-08-06 00:00:00
SRF,2019-11-04 16:30:00,2019-11-05 00:00:00
SRF,2020-02-03 17:30:00,2020-02-04 00:00:00
SRF,2020-06-04 16:30:00,2020-06-05 00:00:00
SRF,2020-07-30 14:30:00,2020-07-30 00:00:00
SRF,2020-11-04 16:30:00,2020-11-05 00:00:00
SRF,2021-01-21 14:30:00,2021-01-21 00:00:00
SRF,2021-05-05 13:30:00,2021-05-05 00:00:00
SRF,2021-07-28 13:30:00,2021-07-28 00:00:00
SRF,2021-10-25 13:30:00,2021-10-25 00:00:00
SRF,2022-01-25 14:30:00,2022-01-25 00:00:00
SRF,2022-05-09 15:30:00,2022-05-10 00:00:00
SRF,2022-07-21 15:30:00,2022-07-22 00:00:00
SRF,2022-11-03 14:30:00,2022-11-03 00:00:00
SRF,2023-01-30 14:30:00,2023-01-30 00:00:00
SRF,2023-05-09 14:30:00,2023-05-09 00:00:00
SRF,2023-07-24 14:30:00,2023-07-24 00:00:00
SRF,2023-10-27 14:30:00,2023-10-27 00:00:00
SRF,2024-01-30 15:30:00,2024-01-31 00:00:00
SRF,2024-05-07 14:30:00,2024-05-07 00:00:00
SRF,2024-07-23 13:30:00,2024-07-23 00:00:00
SRF,2024-10-22 14:30:00,2024-10-22 00:00:00
SRF,2025-01-29 15:30:00,2025-01-30 00:00:00
SRF,2025-05-12 14:30:00,2025-05-12 00:00:00
SRF,2025-07-23 14:30:00,2025-07-23 00:00:00
SRF,2025-10-27 14:30:00,2025-10-27 00:00:00
SRF,2026-01-20 14:30:00,2026-01-20 00:00:00
SRF,2026-05-05 15:30:00,2026-05-06 00:00:00
SRF,2026-07-22 14:30:00,2026-07-22 00:00:00
SRF,2026-10-26 15:30:00,2026-10-27 00:00:00
SUNDARMFIN,2013-05-29 18:30:00,2013-05-30 00:00:00
SUNDARMFIN,2013-07-29 18:30:00,2013-07-30 00:00:00
SUNDARMFIN,2013-11-06 02:30:00,2013-11-06 00:00:00
SUNDARMFIN,2014-01-27 18:30:00,2014-01-28 00:00:00
SUNDARMFIN,2014-05-26 14:30:00,2014-05-26 00:00:00
SUNDARMFIN,2014-10-31 19:30:00,2014-11-03 00:00:00
SUNDARMFIN,2015-02-18 18:30:00,2015-02-19 00:00:00
SUNDARMFIN,2015-05-29 20:30:00,2015-06-01 00:00:00
SUNDARMFIN,2015-07-31 19:30:00,2015-08-03 00:00:00
SUNDARMFIN,2015-10-30 19:30:00,2015-11-02 00:00:00
SUNDARMFIN,2016-07-29 23:30:00,2016-08-01 00:00:00
SUNDARMFIN,2016-11-01 12:30:00,2016-11-01 00:00:00
SUNDARMFIN,2017-01-27 20:30:00,2017-01-30 00:00:00
SUNDARMFIN,2017-05-29 19:30:00,2017-05-30 00:00:00
SUNDARMFIN,2017-07-19 19:30:00,2017-07-20 00:00:00
SUNDARMFIN,2017-10-28 08:30:00,2017-10-30 00:00:00
SUNDARMFIN,2018-01-29 19:30:00,2018-01-30 00:00:00
SUNDARMFIN,2018-05-25 17:30:00,2018-05-28 00:00:00
SUNDARMFIN,2018-08-25 00:30:00,2018-08-27 00:00:00
SUNDARMFIN,2018-11-01 15:30:00,2018-11-02 00:00:00
SUNDARMFIN,2019-02-01 10:30:00,2019-02-01 00:00:00
SUNDARMFIN,2019-05-30 15:30:00,2019-05-31 00:00:00
SUNDARMFIN,2019-08-06 17:30:00,2019-08-07 00:00:00
SUNDARMFIN,2019-11-11 18:30:00,2019-11-12 00:00:00
SUNDARMFIN,2020-02-10 18:30:00,2020-02-11 00:00:00
SUNDARMFIN,2020-05-29 19:30:00,2020-06-01 00:00:00
SUNDARMFIN,2020-08-10 15:30:00,2020-08-11 00:00:00
SUNDARMFIN,2020-11-06 15:30:00,2020-11-09 00:00:00
SUNDARMFIN,2021-02-05 13:30:00,2021-02-05 00:00:00
SUNDARMFIN,2021-05-28 17:30:00,2021-05-31 00:00:00
SUNDARMFIN,2021-08-09 16:30:00,2021-08-10 00:00:00
SUNDARMFIN,2021-11-08 14:30:00,2021-11-08 00:00:00
SUNDARMFIN,2022-02-07 13:30:00,2022-02-07 00:00:00
SUNDARMFIN,2022-05-25 17:30:00,2022-05-26 00:00:00
SUNDARMFIN,2022-08-08 14:30:00,2022-08-08 00:00:00
SUNDARMFIN,2022-11-07 14:30:00,2022-11-07 00:00:00
SUNDARMFIN,2023-02-06 17:30:00,2023-02-07 00:00:00
SUNDARMFIN,2023-11-06 13:30:00,2023-11-06 00:00:00
SUNDARMFIN,2024-02-05 18:30:00,2024-02-06 00:00:00
SUNDARMFIN,2024-05-24 13:30:00,2024-05-24 00:00:00
SUNDARMFIN,2024-08-05 13:30:00,2024-08-05 00:00:00
SUNDARMFIN,2024-11-04 16:30:00,2024-11-05 00:00:00
SUNDARMFIN,2025-02-03 13:30:00,2025-02-03 00:00:00
SUNDARMFIN,2025-05-26 16:30:00,2025-05-27 00:00:00
SUNDARMFIN,2025-08-04 05:30:00,2025-08-04 00:00:00
SUNDARMFIN,2025-11-03 18:30:00,2025-11-04 00:00:00
SUNDARMFIN,2026-02-02 17:30:00,2026-02-03 00:00:00
SUNDARMFIN,2026-05-25 18:30:00,2026-05-26 00:00:00
SUNDARMFIN,2026-08-03 17:30:00,2026-08-04 00:00:00
SUNDARMFIN,2026-11-02 15:30:00,2026-11-03 00:00:00
SUNPHARMA,2005-01-21 13:30:00,2005-01-21 00:00:00
SUNPHARMA,2005-04-27 21:30:00,2005-04-28 00:00:00
SUNPHARMA,2005-07-29 09:30:00,2005-07-29 00:00:00
SUNPHARMA,2005-10-28 10:30:00,2005-10-28 00:00:00
SUNPHARMA,2006-01-30 23:30:00,2006-01-31 00:00:00
SUNPHARMA,2006-06-07 08:30:00,2006-06-07 00:00:00
SUNPHARMA,2006-07-26 17:30:00,2006-07-27 00:00:00
SUNPHARMA,2006-10-20 08:30:00,2006-10-20 00:00:00
SUNPHARMA,2007-01-29 13:30:00,2007-01-29 00:00:00
SUNPHARMA,2007-05-18 13:30:00,2007-05-18 00:00:00
SUNPHARMA,2007-07-23 12:30:00,2007-07-23 00:00:00
SUNPHARMA,2007-10-25 18:30:00,2007-10-26 00:00:00
SUNPHARMA,2008-01-30 12:30:00,2008-01-30 00:00:00
SUNPHARMA,2008-05-30 16:30:00,2008-06-02 00:00:00
SUNPHARMA,2008-07-28 18:30:00,2008-07-29 00:00:00
SUNPHARMA,2008-10-25 18:30:00,2008-10-27 00:00:00
SUNPHARMA,2009-01-30 22:30:00,2009-02-02 00:00:00
SUNPHARMA,2009-05-30 15:30:00,2009-06-01 00:00:00
SUNPHARMA,2009-07-29 05:30:00,2009-07-29 00:00:00
SUNPHARMA,2009-10-28 13:30:00,2009-10-28 00:00:00
SUNPHARMA,2010-01-29 18:30:00,2010-02-01 00:00:00
SUNPHARMA,2010-05-24 20:30:00,2010-05-25 00:00:00
SUNPHARMA,2010-10-30 21:30:00,2010-11-01 00:00:00
SUNPHARMA,2011-01-31 13:30:00,2011-01-31 00:00:00
SUNPHARMA,2011-05-31 16:30:00,2011-06-01 00:00:00
SUNPHARMA,2011-07-28 20:30:00,2011-07-29 00:00:00
SUNPHARMA,2011-11-14 21:30:00,2011-11-15 00:00:00
SUNPHARMA,2012-02-13 13:30:00,2012-02-13 00:00:00
SUNPHARMA,2012-05-29 17:30:00,2012-05-30 00:00:00
SUNPHARMA,2012-08-10 12:30:00,2012-08-10 00:00:00
SUNPHARMA,2012-11-09 04:30:00,2012-11-09 00:00:00
SUNPHARMA,2013-02-08 09:30:00,2013-02-08 00:00:00
SUNPHARMA,2013-05-28 18:30:00,2013-05-29 00:00:00
SUNPHARMA,2013-08-09 23:30:00,2013-08-12 00:00:00
SUNPHARMA,2013-11-13 22:30:00,2013-11-14 00:00:00
SUNPHARMA,2014-02-13 15:30:00,2014-02-14 00:00:00
SUNPHARMA,2014-05-29 14:30:00,2014-05-29 00:00:00
SUNPHARMA,2014-08-13 13:30:00,2014-08-13 00:00:00
SUNPHARMA,2014-11-13 15:30:00,2014-11-14 00:00:00
SUNPHARMA,2015-02-14 14:30:00,2015-02-16 00:00:00
SUNPHARMA,2015-05-29 16:30:00,2015-06-01 00:00:00
SUNPHARMA,2015-08-11 16:30:00,2015-08-12 00:00:00
SUNPHARMA,2015-11-07 19:30:00,2015-11-09 00:00:00
SUNPHARMA,2016-02-12 14:30:00,2016-02-12 00:00:00
SUNPHARMA,2016-05-30 22:30:00,2016-05-31 00:00:00
SUNPHARMA,2016-08-12 13:30:00,2016-08-12 00:00:00
SUNPHARMA,2016-11-10 15:30:00,2016-11-11 00:00:00
SUNPHARMA,2017-02-14 14:30:00,2017-02-14 00:00:00
SUNPHARMA,2017-05-26 16:30:00,2017-05-29 00:00:00
SUNPHARMA,2017-08-11 16:30:00,2017-08-14 00:00:00
SUNPHARMA,2017-11-14 15:30:00,2017-11-15 00:00:00
SUNPHARMA,2018-02-14 15:30:00,2018-02-15 00:00:00
SUNPHARMA,2018-05-25 16:30:00,2018-05-28 00:00:00
SUNPHARMA,2018-08-14 14:30:00,2018-08-14 00:00:00
SUNPHARMA,2018-11-13 12:30:00,2018-11-13 00:00:00
SUNPHARMA,2019-02-12 16:30:00,2019-02-13 00:00:00
SUNPHARMA,2019-05-28 17:30:00,2019-05-29 00:00:00
SUNPHARMA,2019-08-13 15:30:00,2019-08-14 00:00:00
SUNPHARMA,2019-11-07 14:30:00,2019-11-07 00:00:00
SUNPHARMA,2020-02-06 12:30:00,2020-02-06 00:00:00
SUNPHARMA,2020-05-27 14:30:00,2020-05-27 00:00:00
SUNPHARMA,2020-07-31 14:30:00,2020-07-31 00:00:00
SUNPHARMA,2020-11-03 14:30:00,2020-11-03 00:00:00
SUNPHARMA,2021-01-29 13:30:00,2021-01-29 00:00:00
SUNPHARMA,2021-05-27 15:30:00,2021-05-28 00:00:00
SUNPHARMA,2021-07-30 13:30:00,2021-07-30 00:00:00
SUNPHARMA,2021-11-02 12:30:00,2021-11-02 00:00:00
SUNPHARMA,2022-01-31 13:30:00,2022-01-31 00:00:00
SUNPHARMA,2022-05-30 15:30:00,2022-05-31 00:00:00
SUNPHARMA,2022-07-29 13:30:00,2022-07-29 00:00:00
SUNPHARMA,2022-11-01 13:30:00,2022-11-01 00:00:00
SUNPHARMA,2023-01-31 12:30:00,2023-01-31 00:00:00
SUNPHARMA,2023-05-26 14:30:00,2023-05-26 00:00:00
SUNPHARMA,2023-08-03 13:30:00,2023-08-03 00:00:00
SUNPHARMA,2023-11-01 12:30:00,2023-11-01 00:00:00
SUNPHARMA,2024-01-31 13:30:00,2024-01-31 00:00:00
SUNPHARMA,2024-05-22 14:30:00,2024-05-22 00:00:00
SUNPHARMA,2024-08-01 13:30:00,2024-08-01 00:00:00
SUNPHARMA,2024-10-28 14:30:00,2024-10-28 00:00:00
SUNPHARMA,2025-01-31 14:30:00,2025-01-31 00:00:00
SUNPHARMA,2025-05-22 16:30:00,2025-05-23 00:00:00
SUNPHARMA,2025-07-31 14:30:00,2025-07-31 00:00:00
SUNPHARMA,2025-11-05 15:30:00,2025-11-06 00:00:00
SUNPHARMA,2026-01-31 13:30:00,2026-02-02 00:00:00
SUNPHARMA,2026-05-22 14:30:00,2026-05-22 00:00:00
SUNPHARMA,2026-07-31 13:30:00,2026-07-31 00:00:00
SUNPHARMA,2026-11-05 15:30:00,2026-11-06 00:00:00
SUPREMEIND,2012-10-29 10:30:00,2012-10-29 00:00:00
SUPREMEIND,2013-01-23 14:30:00,2013-01-23 00:00:00
SUPREMEIND,2013-04-25 10:30:00,2013-04-25 00:00:00
SUPREMEIND,2013-07-18 10:30:00,2013-07-18 00:00:00
SUPREMEIND,2013-10-29 14:30:00,2013-10-29 00:00:00
SUPREMEIND,2014-01-22 14:30:00,2014-01-22 00:00:00
SUPREMEIND,2014-07-21 17:30:00,2014-07-22 00:00:00
SUPREMEIND,2015-01-22 17:30:00,2015-01-23 00:00:00
SUPREMEIND,2015-07-24 18:30:00,2015-07-27 00:00:00
SUPREMEIND,2016-01-25 18:30:00,2016-01-26 00:00:00
SUPREMEIND,2016-04-21 18:30:00,2016-04-22 00:00:00
SUPREMEIND,2016-07-28 12:30:00,2016-07-28 00:00:00
SUPREMEIND,2016-10-27 12:30:00,2016-10-27 00:00:00
SUPREMEIND,2017-01-25 17:30:00,2017-01-26 00:00:00
SUPREMEIND,2017-04-28 18:30:00,2017-05-01 00:00:00
SUPREMEIND,2017-07-27 12:30:00,2017-07-27 00:00:00
SUPREMEIND,2017-10-30 12:30:00,2017-10-30 00:00:00
SUPREMEIND,2018-01-30 13:30:00,2018-01-30 00:00:00
SUPREMEIND,2018-04-26 13:30:00,2018-04-26 00:00:00
SUPREMEIND,2018-07-31 13:30:00,2018-07-31 00:00:00
SUPREMEIND,2018-10-29 15:30:00,2018-10-30 00:00:00
SUPREMEIND,2019-01-24 13:30:00,2019-01-24 00:00:00
SUPREMEIND,2019-05-07 13:30:00,2019-05-07 00:00:00
SUPREMEIND,2019-07-29 12:30:00,2019-07-29 00:00:00
SUPREMEIND,2019-10-25 12:30:00,2019-10-25 00:00:00
SUPREMEIND,2020-01-24 12:30:00,2020-01-24 00:00:00
SUPREMEIND,2020-05-22 12:30:00,2020-05-22 00:00:00
SUPREMEIND,2020-07-25 12:30:00,2020-07-27 00:00:00
SUPREMEIND,2020-10-28 12:30:00,2020-10-28 00:00:00
SUPREMEIND,2021-01-23 12:30:00,2021-01-25 00:00:00
SUPREMEIND,2021-05-03 13:30:00,2021-05-03 00:00:00
SUPREMEIND,2021-07-21 12:30:00,2021-07-21 00:00:00
SUPREMEIND,2021-10-22 12:30:00,2021-10-22 00:00:00
SUPREMEIND,2022-01-24 16:30:00,2022-01-25 00:00:00
SUPREMEIND,2022-04-29 13:30:00,2022-04-29 00:00:00
SUPREMEIND,2022-07-25 12:30:00,2022-07-25 00:00:00
SUPREMEIND,2022-10-31 12:30:00,2022-10-31 00:00:00
SUPREMEIND,2023-01-24 12:30:00,2023-01-24 00:00:00
SUPREMEIND,2023-04-28 12:30:00,2023-04-28 00:00:00
SUPREMEIND,2023-07-28 12:30:00,2023-07-28 00:00:00
SUPREMEIND,2023-10-30 12:30:00,2023-10-30 00:00:00
SUPREMEIND,2024-01-19 12:30:00,2024-01-19 00:00:00
SUPREMEIND,2024-04-26 12:30:00,2024-04-26 00:00:00
SUPREMEIND,2024-07-22 12:30:00,2024-07-22 00:00:00
SUPREMEIND,2024-10-22 13:30:00,2024-10-22 00:00:00
SUPREMEIND,2025-01-20 12:30:00,2025-01-20 00:00:00
SUPREMEIND,2025-04-24 13:30:00,2025-04-24 00:00:00
SUPREMEIND,2025-07-24 12:30:00,2025-07-24 00:00:00
SUPREMEIND,2025-10-27 12:30:00,2025-10-27 00:00:00
SUPREMEIND,2026-01-21 12:30:00,2026-01-21 00:00:00
SUPREMEIND,2026-04-27 12:30:00,2026-04-27 00:00:00
SUPREMEIND,2026-07-28 12:30:00,2026-07-28 00:00:00
SUPREMEIND,2026-10-26 15:30:00,2026-10-27 00:00:00
SUZLON,2007-07-25 19:30:00,2007-07-26 00:00:00
SUZLON,2007-10-23 10:30:00,2007-10-23 00:00:00
SUZLON,2008-01-29 09:30:00,2008-01-29 00:00:00
SUZLON,2008-05-20 10:30:00,2008-05-20 00:00:00
SUZLON,2011-02-06 01:30:00,2011-02-07 00:00:00
SUZLON,2011-05-14 16:30:00,2011-05-16 00:00:00
SUZLON,2012-02-13 13:30:00,2012-02-13 00:00:00
SUZLON,2012-05-26 04:30:00,2012-05-28 00:00:00
SUZLON,2012-08-13 20:30:00,2012-08-14 00:00:00
SUZLON,2015-10-30 23:30:00,2015-11-02 00:00:00
SUZLON,2016-01-29 23:30:00,2016-02-01 00:00:00
SUZLON,2016-09-13 23:30:00,2016-09-14 00:00:00
SUZLON,2016-11-11 23:30:00,2016-11-14 00:00:00
SUZLON,2017-02-10 17:30:00,2017-02-13 00:00:00
SUZLON,2017-05-19 16:30:00,2017-05-22 00:00:00
SUZLON,2017-08-11 17:30:00,2017-08-14 00:00:00
SUZLON,2017-11-10 17:30:00,2017-11-13 00:00:00
SUZLON,2023-11-02 14:30:00,2023-11-02 00:00:00
SUZLON,2024-05-24 14:30:00,2024-05-24 00:00:00
SUZLON,2024-07-22 20:30:00,2024-07-23 00:00:00
SUZLON,2024-10-28 16:30:00,2024-10-29 00:00:00
SUZLON,2025-01-28 16:30:00,2025-01-29 00:00:00
SUZLON,2025-05-29 15:30:00,2025-05-30 00:00:00
SUZLON,2025-08-13 10:30:00,2025-08-13 00:00:00
SUZLON,2025-11-04 05:30:00,2025-11-04 00:00:00
SUZLON,2026-01-28 05:30:00,2026-01-28 00:00:00
SUZLON,2026-05-25 14:30:00,2026-05-25 00:00:00
SUZLON,2026-07-28 13:30:00,2026-07-28 00:00:00
SUZLON,2026-10-27 15:30:00,2026-10-28 00:00:00
SWIGGY,2024-12-03 14:30:00,2024-12-03 00:00:00
SWIGGY,2025-02-05 15:30:00,2025-02-06 00:00:00
SWIGGY,2025-05-09 15:30:00,2025-05-12 00:00:00
SWIGGY,2025-07-31 15:30:00,2025-08-01 00:00:00
SWIGGY,2025-10-30 15:30:00,2025-10-31 00:00:00
SWIGGY,2026-01-29 15:30:00,2026-01-30 00:00:00
SWIGGY,2026-05-08 15:30:00,2026-05-11 00:00:00
SWIGGY,2026-07-30 15:30:00,2026-07-31 00:00:00
TATACAP,2026-01-19 16:30:00,2026-01-20 00:00:00
TATACAP,2026-07-28 15:30:00,2026-07-29 00:00:00
TATACOMM,2004-10-26 16:30:00,2004-10-27 00:00:00
TATACOMM,2005-01-17 17:30:00,2005-01-18 00:00:00
TATACOMM,2005-06-09 15:30:00,2005-06-10 00:00:00
TATACOMM,2005-10-25 01:30:00,2005-10-25 00:00:00
TATACOMM,2006-02-01 00:30:00,2006-02-01 00:00:00
TATACOMM,2006-06-26 19:30:00,2006-06-27 00:00:00
TATACOMM,2006-07-30 12:30:00,2006-07-31 00:00:00
TATACOMM,2006-10-31 15:30:00,2006-11-01 00:00:00
TATACOMM,2007-07-31 16:30:00,2007-08-01 00:00:00
TATACOMM,2007-10-31 14:30:00,2007-10-31 00:00:00
TATACOMM,2008-01-28 09:30:00,2008-01-28 00:00:00
TATACOMM,2008-07-30 10:30:00,2008-07-30 00:00:00
TATACOMM,2009-01-04 07:30:00,2009-01-05 00:00:00
TATACOMM,2009-01-29 16:30:00,2009-01-30 00:00:00
TATACOMM,2014-05-13 14:30:00,2014-05-13 00:00:00
TATACOMM,2014-08-04 22:30:00,2014-08-05 00:00:00
TATACOMM,2014-11-02 00:30:00,2014-11-03 00:00:00
TATACOMM,2015-02-12 22:30:00,2015-02-13 00:00:00
TATACOMM,2015-07-28 23:30:00,2015-07-29 00:00:00
TATACOMM,2015-10-27 23:30:00,2015-10-28 00:00:00
TATACOMM,2016-02-03 00:30:00,2016-02-03 00:00:00
TATACOMM,2016-05-28 21:30:00,2016-05-30 00:00:00
TATACOMM,2016-08-02 12:30:00,2016-08-02 00:00:00
TATACOMM,2016-11-08 17:30:00,2016-11-09 00:00:00
TATACOMM,2017-01-24 01:30:00,2017-01-24 00:00:00
TATACOMM,2017-05-04 18:30:00,2017-05-05 00:00:00
TATACOMM,2017-07-24 18:30:00,2017-07-25 00:00:00
TATACOMM,2017-10-25 17:30:00,2017-10-26 00:00:00
TATACOMM,2018-02-08 18:30:00,2018-02-09 00:00:00
TATACOMM,2018-05-10 21:30:00,2018-05-11 00:00:00
TATACOMM,2018-08-09 19:30:00,2018-08-10 00:00:00
TATACOMM,2018-11-01 18:30:00,2018-11-02 00:00:00
TATACOMM,2019-01-30 18:30:00,2019-01-31 00:00:00
TATACOMM,2019-05-08 17:30:00,2019-05-09 00:00:00
TATACOMM,2019-08-02 20:30:00,2019-08-05 00:00:00
TATACOMM,2020-01-22 15:30:00,2020-01-23 00:00:00
TATACOMM,2020-06-14 03:30:00,2020-06-15 00:00:00
TATACOMM,2020-07-30 19:30:00,2020-07-31 00:00:00
TATACOMM,2020-10-16 17:30:00,2020-10-19 00:00:00
TATACOMM,2021-01-19 16:30:00,2021-01-20 00:00:00
TATACOMM,2021-04-28 18:30:00,2021-04-29 00:00:00
TATACOMM,2021-08-04 17:30:00,2021-08-05 00:00:00
TATACOMM,2021-10-20 17:30:00,2021-10-21 00:00:00
TATACOMM,2022-01-19 16:30:00,2022-01-20 00:00:00
TATACOMM,2022-04-21 18:30:00,2022-04-22 00:00:00
TATACOMM,2022-07-20 15:30:00,2022-07-21 00:00:00
TATACOMM,2022-10-18 13:30:00,2022-10-18 00:00:00
TATACOMM,2023-04-19 18:30:00,2023-04-20 00:00:00
TATACOMM,2023-07-19 16:30:00,2023-07-20 00:00:00
TATACOMM,2023-10-19 17:30:00,2023-10-20 00:00:00
TATACOMM,2024-01-18 14:30:00,2024-01-18 00:00:00
TATACOMM,2024-04-17 16:30:00,2024-04-18 00:00:00
TATACOMM,2024-07-18 14:30:00,2024-07-18 00:00:00
TATACOMM,2024-10-17 14:30:00,2024-10-17 00:00:00
TATACOMM,2025-01-22 13:30:00,2025-01-22 00:00:00
TATACOMM,2025-04-22 16:30:00,2025-04-23 00:00:00
TATACOMM,2025-07-17 18:30:00,2025-07-18 00:00:00
TATACOMM,2025-10-15 13:30:00,2025-10-15 00:00:00
TATACOMM,2026-01-21 13:30:00,2026-01-21 00:00:00
TATACOMM,2026-04-22 15:30:00,2026-04-23 00:00:00
TATACOMM,2026-07-22 12:30:00,2026-07-22 00:00:00
TATACOMM,2026-10-14 15:30:00,2026-10-15 00:00:00
TATACONSUM,2007-10-29 18:30:00,2007-10-30 00:00:00
TATACONSUM,2008-05-30 17:30:00,2008-06-02 00:00:00
TATACONSUM,2008-07-28 12:30:00,2008-07-28 00:00:00
TATACONSUM,2009-01-30 11:30:00,2009-01-30 00:00:00
TATACONSUM,2009-06-10 17:30:00,2009-06-11 00:00:00
TATACONSUM,2009-07-28 18:30:00,2009-07-29 00:00:00
TATACONSUM,2009-10-28 05:30:00,2009-10-28 00:00:00
TATACONSUM,2010-01-29 05:30:00,2010-01-29 00:00:00
TATACONSUM,2012-05-23 19:30:00,2012-05-24 00:00:00
TATACONSUM,2012-10-31 19:30:00,2012-11-01 00:00:00
TATACONSUM,2013-01-31 18:30:00,2013-02-01 00:00:00
TATACONSUM,2013-05-28 10:30:00,2013-05-28 00:00:00
TATACONSUM,2013-08-01 14:30:00,2013-08-01 00:00:00
TATACONSUM,2013-11-12 22:30:00,2013-11-13 00:00:00
TATACONSUM,2014-01-30 10:30:00,2014-01-30 00:00:00
TATACONSUM,2014-05-28 18:30:00,2014-05-29 00:00:00
TATACONSUM,2014-07-28 23:30:00,2014-07-29 00:00:00
TATACONSUM,2014-11-06 00:30:00,2014-11-06 00:00:00
TATACONSUM,2015-01-30 19:30:00,2015-02-02 00:00:00
TATACONSUM,2015-05-28 19:30:00,2015-05-29 00:00:00
TATACONSUM,2015-08-06 19:30:00,2015-08-07 00:00:00
TATACONSUM,2015-11-05 23:30:00,2015-11-06 00:00:00
TATACONSUM,2016-02-10 23:30:00,2016-02-11 00:00:00
TATACONSUM,2016-05-24 23:30:00,2016-05-25 00:00:00
TATACONSUM,2016-08-09 19:30:00,2016-08-10 00:00:00
TATACONSUM,2016-11-15 22:30:00,2016-11-16 00:00:00
TATACONSUM,2017-02-02 00:30:00,2017-02-02 00:00:00
TATACONSUM,2017-05-30 22:30:00,2017-05-31 00:00:00
TATACONSUM,2017-08-11 13:30:00,2017-08-11 00:00:00
TATACONSUM,2017-11-14 13:30:00,2017-11-14 00:00:00
TATACONSUM,2018-02-02 16:30:00,2018-02-05 00:00:00
TATACONSUM,2018-05-11 17:30:00,2018-05-14 00:00:00
TATACONSUM,2018-08-01 12:30:00,2018-08-01 00:00:00
TATACONSUM,2018-10-30 15:30:00,2018-10-31 00:00:00
TATACONSUM,2019-02-05 13:30:00,2019-02-05 00:00:00
TATACONSUM,2019-04-23 15:30:00,2019-04-24 00:00:00
TATACONSUM,2019-07-31 15:30:00,2019-08-01 00:00:00
TATACONSUM,2019-10-30 17:30:00,2019-10-31 00:00:00
TATACONSUM,2020-02-04 16:30:00,2020-02-05 00:00:00
TATACONSUM,2020-05-14 17:30:00,2020-05-15 00:00:00
TATACONSUM,2020-08-04 17:30:00,2020-08-05 00:00:00
TATACONSUM,2020-11-06 16:30:00,2020-11-09 00:00:00
TATACONSUM,2021-02-02 16:30:00,2021-02-03 00:00:00
TATACONSUM,2021-05-06 15:30:00,2021-05-07 00:00:00
TATACONSUM,2021-08-03 17:30:00,2021-08-04 00:00:00
TATACONSUM,2021-10-22 17:30:00,2021-10-25 00:00:00
TATACONSUM,2022-02-02 15:30:00,2022-02-03 00:00:00
TATACONSUM,2022-05-04 17:30:00,2022-05-05 00:00:00
TATACONSUM,2022-08-10 16:30:00,2022-08-11 00:00:00
TATACONSUM,2022-10-20 15:30:00,2022-10-21 00:00:00
TATACONSUM,2023-02-02 16:30:00,2023-02-03 00:00:00
TATACONSUM,2023-04-25 15:30:00,2023-04-26 00:00:00
TATACONSUM,2023-07-26 15:30:00,2023-07-27 00:00:00
TATACONSUM,2023-10-31 17:30:00,2023-11-01 00:00:00
TATACONSUM,2024-02-07 15:30:00,2024-02-08 00:00:00
TATACONSUM,2024-04-23 15:30:00,2024-04-24 00:00:00
TATACONSUM,2024-07-30 16:30:00,2024-07-31 00:00:00
TATACONSUM,2024-10-18 16:30:00,2024-10-21 00:00:00
TATACONSUM,2025-01-30 16:30:00,2025-01-31 00:00:00
TATACONSUM,2025-04-23 15:30:00,2025-04-24 00:00:00
TATACONSUM,2025-07-23 16:30:00,2025-07-24 00:00:00
TATACONSUM,2025-11-03 12:30:00,2025-11-03 00:00:00
TATACONSUM,2026-01-27 12:30:00,2026-01-27 00:00:00
TATACONSUM,2026-05-08 16:30:00,2026-05-11 00:00:00
TATACONSUM,2026-07-24 15:30:00,2026-07-27 00:00:00
TATACONSUM,2026-11-03 15:30:00,2026-11-04 00:00:00
TATAELXSI,2007-07-23 04:30:00,2007-07-23 00:00:00
TATAELXSI,2008-10-17 16:30:00,2008-10-20 00:00:00
TATAELXSI,2013-07-23 14:30:00,2013-07-23 00:00:00
TATAELXSI,2013-10-28 14:30:00,2013-10-28 00:00:00
TATAELXSI,2014-01-27 14:30:00,2014-01-27 00:00:00
TATAELXSI,2014-04-22 18:30:00,2014-04-23 00:00:00
TATAELXSI,2014-10-29 13:30:00,2014-10-29 00:00:00
TATAELXSI,2015-01-22 17:30:00,2015-01-23 00:00:00
TATAELXSI,2015-04-28 23:30:00,2015-04-29 00:00:00
TATAELXSI,2015-07-24 17:30:00,2015-07-27 00:00:00
TATAELXSI,2015-10-28 18:30:00,2015-10-29 00:00:00
TATAELXSI,2016-01-20 18:30:00,2016-01-21 00:00:00
TATAELXSI,2016-04-28 19:30:00,2016-04-29 00:00:00
TATAELXSI,2016-07-26 16:30:00,2016-07-27 00:00:00
TATAELXSI,2017-01-25 17:30:00,2017-01-26 00:00:00
TATAELXSI,2017-04-27 19:30:00,2017-04-28 00:00:00
TATAELXSI,2017-10-25 13:30:00,2017-10-25 00:00:00
TATAELXSI,2018-01-20 08:30:00,2018-01-22 00:00:00
TATAELXSI,2018-04-26 13:30:00,2018-04-26 00:00:00
TATAELXSI,2018-07-25 12:30:00,2018-07-25 00:00:00
TATAELXSI,2018-10-08 14:30:00,2018-10-08 00:00:00
TATAELXSI,2019-01-08 12:30:00,2019-01-08 00:00:00
TATAELXSI,2019-04-24 13:30:00,2019-04-24 00:00:00
TATAELXSI,2019-07-17 11:30:00,2019-07-17 00:00:00
TATAELXSI,2019-10-21 16:30:00,2019-10-22 00:00:00
TATAELXSI,2020-01-13 17:30:00,2020-01-14 00:00:00
TATAELXSI,2020-04-20 17:30:00,2020-04-21 00:00:00
TATAELXSI,2020-07-21 12:30:00,2020-07-21 00:00:00
TATAELXSI,2020-10-14 17:30:00,2020-10-15 00:00:00
TATAELXSI,2021-04-22 17:30:00,2021-04-23 00:00:00
TATAELXSI,2021-07-15 17:30:00,2021-07-16 00:00:00
TATAELXSI,2021-10-22 16:30:00,2021-10-25 00:00:00
TATAELXSI,2022-01-18 05:30:00,2022-01-18 00:00:00
TATAELXSI,2022-04-20 17:30:00,2022-04-21 00:00:00
TATAELXSI,2022-07-14 17:30:00,2022-07-15 00:00:00
TATAELXSI,2022-10-14 16:30:00,2022-10-17 00:00:00
TATAELXSI,2023-01-25 18:30:00,2023-01-26 00:00:00
TATAELXSI,2023-05-18 17:30:00,2023-05-19 00:00:00
TATAELXSI,2023-07-17 15:30:00,2023-07-18 00:00:00
TATAELXSI,2023-10-17 18:30:00,2023-10-18 00:00:00
TATAELXSI,2024-01-23 15:30:00,2024-01-24 00:00:00
TATAELXSI,2024-04-23 17:30:00,2024-04-24 00:00:00
TATAELXSI,2024-07-10 17:30:00,2024-07-11 00:00:00
TATAELXSI,2024-10-10 17:30:00,2024-10-11 00:00:00
TATAELXSI,2025-01-09 15:30:00,2025-01-10 00:00:00
TATAELXSI,2025-04-17 18:30:00,2025-04-18 00:00:00
TATAELXSI,2025-07-10 16:30:00,2025-07-11 00:00:00
TATAELXSI,2025-10-09 16:30:00,2025-10-10 00:00:00
TATAELXSI,2026-01-13 17:30:00,2026-01-14 00:00:00
TATAELXSI,2026-04-21 17:30:00,2026-04-22 00:00:00
TATAELXSI,2026-07-14 17:30:00,2026-07-15 00:00:00
TATAELXSI,2026-10-08 15:30:00,2026-10-09 00:00:00
TATAPOWER,2007-01-29 20:30:00,2007-01-30 00:00:00
TATAPOWER,2007-05-30 20:30:00,2007-05-31 00:00:00
TATAPOWER,2007-10-30 17:30:00,2007-10-31 00:00:00
TATAPOWER,2008-01-29 18:30:00,2008-01-30 00:00:00
TATAPOWER,2008-06-23 15:30:00,2008-06-24 00:00:00
TATAPOWER,2008-07-25 14:30:00,2008-07-25 00:00:00
TATAPOWER,2008-10-27 18:30:00,2008-10-28 00:00:00
TATAPOWER,2009-01-29 18:30:00,2009-01-30 00:00:00
TATAPOWER,2009-05-28 20:30:00,2009-05-29 00:00:00
TATAPOWER,2009-08-29 04:30:00,2009-08-31 00:00:00
TATAPOWER,2009-10-29 18:30:00,2009-10-30 00:00:00
TATAPOWER,2010-01-19 14:30:00,2010-01-19 00:00:00
TATAPOWER,2010-05-25 04:30:00,2010-05-25 00:00:00
TATAPOWER,2010-08-12 19:30:00,2010-08-13 00:00:00
TATAPOWER,2010-11-13 13:30:00,2010-11-15 00:00:00
TATAPOWER,2011-02-14 11:30:00,2011-02-14 00:00:00
TATAPOWER,2011-08-10 16:30:00,2011-08-11 00:00:00
TATAPOWER,2011-11-15 15:30:00,2011-11-16 00:00:00
TATAPOWER,2012-02-11 04:30:00,2012-02-13 00:00:00
TATAPOWER,2012-05-22 17:30:00,2012-05-23 00:00:00
TATAPOWER,2012-11-06 18:30:00,2012-11-07 00:00:00
TATAPOWER,2013-02-11 09:30:00,2013-02-11 00:00:00
TATAPOWER,2013-05-30 14:30:00,2013-05-30 00:00:00
TATAPOWER,2013-08-06 14:30:00,2013-08-06 00:00:00
TATAPOWER,2013-11-14 14:30:00,2013-11-14 00:00:00
TATAPOWER,2014-02-07 09:30:00,2014-02-07 00:00:00
TATAPOWER,2014-05-29 18:30:00,2014-05-30 00:00:00
TATAPOWER,2014-08-12 20:30:00,2014-08-13 00:00:00
TATAPOWER,2014-11-13 20:30:00,2014-11-14 00:00:00
TATAPOWER,2015-02-04 19:30:00,2015-02-05 00:00:00
TATAPOWER,2015-05-20 00:30:00,2015-05-20 00:00:00
TATAPOWER,2015-08-13 21:30:00,2015-08-14 00:00:00
TATAPOWER,2015-11-09 12:30:00,2015-11-09 00:00:00
TATAPOWER,2016-02-05 20:30:00,2016-02-08 00:00:00
TATAPOWER,2016-05-24 00:30:00,2016-05-24 00:00:00
TATAPOWER,2016-08-23 18:30:00,2016-08-24 00:00:00
TATAPOWER,2016-11-29 23:30:00,2016-11-30 00:00:00
TATAPOWER,2017-02-10 19:30:00,2017-02-13 00:00:00
TATAPOWER,2017-05-19 14:30:00,2017-05-19 00:00:00
TATAPOWER,2017-08-14 13:30:00,2017-08-14 00:00:00
TATAPOWER,2017-11-03 13:30:00,2017-11-03 00:00:00
TATAPOWER,2018-02-14 14:30:00,2018-02-14 00:00:00
TATAPOWER,2018-05-02 16:30:00,2018-05-03 00:00:00
TATAPOWER,2018-07-26 14:30:00,2018-07-26 00:00:00
TATAPOWER,2018-10-29 13:30:00,2018-10-29 00:00:00
TATAPOWER,2019-01-28 15:30:00,2019-01-29 00:00:00
TATAPOWER,2019-05-02 17:30:00,2019-05-03 00:00:00
TATAPOWER,2019-08-01 17:30:00,2019-08-02 00:00:00
TATAPOWER,2019-11-08 16:30:00,2019-11-11 00:00:00
TATAPOWER,2020-01-29 17:30:00,2020-01-30 00:00:00
TATAPOWER,2020-05-19 17:30:00,2020-05-20 00:00:00
TATAPOWER,2020-08-12 15:30:00,2020-08-13 00:00:00
TATAPOWER,2020-11-10 16:30:00,2020-11-11 00:00:00
TATAPOWER,2021-02-04 15:30:00,2021-02-05 00:00:00
TATAPOWER,2021-05-12 16:30:00,2021-05-13 00:00:00
TATAPOWER,2021-08-06 15:30:00,2021-08-09 00:00:00
TATAPOWER,2021-10-28 15:30:00,2021-10-29 00:00:00
TATAPOWER,2022-02-09 15:30:00,2022-02-10 00:00:00
TATAPOWER,2022-05-06 16:30:00,2022-05-09 00:00:00
TATAPOWER,2022-07-26 15:30:00,2022-07-27 00:00:00
TATAPOWER,2022-10-28 15:30:00,2022-10-31 00:00:00
TATAPOWER,2023-02-03 15:30:00,2023-02-06 00:00:00
TATAPOWER,2023-05-04 16:30:00,2023-05-05 00:00:00
TATAPOWER,2023-08-09 17:30:00,2023-08-10 00:00:00
TATAPOWER,2023-11-08 19:30:00,2023-11-09 00:00:00
TATAPOWER,2024-02-09 16:30:00,2024-02-12 00:00:00
TATAPOWER,2024-05-08 15:30:00,2024-05-09 00:00:00
TATAPOWER,2024-08-06 17:30:00,2024-08-07 00:00:00
TATAPOWER,2024-10-30 17:30:00,2024-10-31 00:00:00
TATAPOWER,2025-02-04 16:30:00,2025-02-05 00:00:00
TATAPOWER,2025-05-14 16:30:00,2025-05-15 00:00:00
TATAPOWER,2025-08-01 15:30:00,2025-08-04 00:00:00
TATAPOWER,2025-11-11 16:30:00,2025-11-12 00:00:00
TATAPOWER,2026-02-04 16:30:00,2026-02-05 00:00:00
TATAPOWER,2026-05-12 16:30:00,2026-05-13 00:00:00
TATAPOWER,2026-07-27 16:30:00,2026-07-28 00:00:00
TATAPOWER,2026-11-13 15:30:00,2026-11-16 00:00:00
TATASTEEL,2006-01-23 14:30:00,2006-01-23 00:00:00
TATASTEEL,2006-05-18 14:30:00,2006-05-18 00:00:00
TATASTEEL,2006-07-21 13:30:00,2006-07-21 00:00:00
TATASTEEL,2006-10-30 18:30:00,2006-10-31 00:00:00
TATASTEEL,2007-01-30 13:30:00,2007-01-30 00:00:00
TATASTEEL,2007-05-17 05:30:00,2007-05-17 00:00:00
TATASTEEL,2007-10-26 14:30:00,2007-10-26 00:00:00
TATASTEEL,2007-11-07 05:30:00,2007-11-07 00:00:00
TATASTEEL,2008-01-31 13:30:00,2008-01-31 00:00:00
TATASTEEL,2008-06-27 13:30:00,2008-06-27 00:00:00
TATASTEEL,2008-07-31 18:30:00,2008-08-01 00:00:00
TATASTEEL,2008-10-24 14:30:00,2008-10-24 00:00:00
TATASTEEL,2009-01-28 14:30:00,2009-01-28 00:00:00
TATASTEEL,2009-06-25 18:30:00,2009-06-26 00:00:00
TATASTEEL,2009-07-29 14:30:00,2009-07-29 00:00:00
TATASTEEL,2009-11-26 14:30:00,2009-11-26 00:00:00
TATASTEEL,2010-02-17 00:30:00,2010-02-17 00:00:00
TATASTEEL,2010-05-27 04:30:00,2010-05-27 00:00:00
TATASTEEL,2010-08-13 03:30:00,2010-08-13 00:00:00
TATASTEEL,2010-11-12 23:30:00,2010-11-15 00:00:00
TATASTEEL,2011-02-15 23:30:00,2011-02-16 00:00:00
TATASTEEL,2011-05-26 01:30:00,2011-05-26 00:00:00
TATASTEEL,2011-08-12 14:30:00,2011-08-12 00:00:00
TATASTEEL,2011-11-11 14:30:00,2011-11-11 00:00:00
TATASTEEL,2012-02-09 23:30:00,2012-02-10 00:00:00
TATASTEEL,2012-05-18 16:30:00,2012-05-21 00:00:00
TATASTEEL,2012-08-13 23:30:00,2012-08-14 00:00:00
TATASTEEL,2012-11-09 18:30:00,2012-11-12 00:00:00
TATASTEEL,2013-02-13 18:30:00,2013-02-14 00:00:00
TATASTEEL,2013-05-23 14:30:00,2013-05-23 00:00:00
TATASTEEL,2013-08-13 14:30:00,2013-08-13 00:00:00
TATASTEEL,2013-11-13 18:30:00,2013-11-14 00:00:00
TATASTEEL,2014-02-11 17:30:00,2014-02-12 00:00:00
TATASTEEL,2014-05-14 14:30:00,2014-05-14 00:00:00
TATASTEEL,2014-08-13 17:30:00,2014-08-14 00:00:00
TATASTEEL,2014-11-12 16:30:00,2014-11-13 00:00:00
TATASTEEL,2015-02-06 19:30:00,2015-02-09 00:00:00
TATASTEEL,2015-05-20 22:30:00,2015-05-21 00:00:00
TATASTEEL,2015-08-11 23:30:00,2015-08-12 00:00:00
TATASTEEL,2015-11-05 21:30:00,2015-11-06 00:00:00
TATASTEEL,2016-02-04 18:30:00,2016-02-05 00:00:00
TATASTEEL,2016-05-25 21:30:00,2016-05-26 00:00:00
TATASTEEL,2016-09-12 20:30:00,2016-09-13 00:00:00
TATASTEEL,2016-11-11 23:30:00,2016-11-14 00:00:00
TATASTEEL,2017-02-07 22:30:00,2017-02-08 00:00:00
TATASTEEL,2017-05-16 18:30:00,2017-05-17 00:00:00
TATASTEEL,2017-08-07 17:30:00,2017-08-08 00:00:00
TATASTEEL,2017-10-30 18:30:00,2017-10-31 00:00:00
TATASTEEL,2018-02-09 16:30:00,2018-02-12 00:00:00
TATASTEEL,2018-05-16 18:30:00,2018-05-17 00:00:00
TATASTEEL,2018-08-13 19:30:00,2018-08-14 00:00:00
TATASTEEL,2018-11-13 18:30:00,2018-11-14 00:00:00
TATASTEEL,2019-02-08 16:30:00,2019-02-11 00:00:00
TATASTEEL,2019-04-25 18:30:00,2019-04-26 00:00:00
TATASTEEL,2019-08-07 18:30:00,2019-08-08 00:00:00
TATASTEEL,2019-11-06 17:30:00,2019-11-07 00:00:00
TATASTEEL,2020-02-07 18:30:00,2020-02-10 00:00:00
TATASTEEL,2020-06-29 17:30:00,2020-06-30 00:00:00
TATASTEEL,2020-08-13 19:30:00,2020-08-14 00:00:00
TATASTEEL,2020-11-13 19:30:00,2020-11-16 00:00:00
TATASTEEL,2021-02-09 18:30:00,2021-02-10 00:00:00
TATASTEEL,2021-05-05 19:30:00,2021-05-06 00:00:00
TATASTEEL,2021-08-12 17:30:00,2021-08-13 00:00:00
TATASTEEL,2021-11-11 18:30:00,2021-11-12 00:00:00
TATASTEEL,2022-02-04 18:30:00,2022-02-07 00:00:00
TATASTEEL,2022-05-03 18:30:00,2022-05-04 00:00:00
TATASTEEL,2022-07-25 17:30:00,2022-07-26 00:00:00
TATASTEEL,2022-10-31 16:30:00,2022-11-01 00:00:00
TATASTEEL,2023-02-06 17:30:00,2023-02-07 00:00:00
TATASTEEL,2023-05-02 18:30:00,2023-05-03 00:00:00
TATASTEEL,2023-07-24 17:30:00,2023-07-25 00:00:00
TATASTEEL,2023-11-01 19:30:00,2023-11-02 00:00:00
TATASTEEL,2024-01-24 18:30:00,2024-01-25 00:00:00
TATASTEEL,2024-05-29 18:30:00,2024-05-30 00:00:00
TATASTEEL,2024-07-31 17:30:00,2024-08-01 00:00:00
TATASTEEL,2024-11-06 17:30:00,2024-11-07 00:00:00
TATASTEEL,2025-01-27 18:30:00,2025-01-28 00:00:00
TATASTEEL,2025-05-12 18:30:00,2025-05-13 00:00:00
TATASTEEL,2025-07-30 17:30:00,2025-07-31 00:00:00
TATASTEEL,2025-11-12 17:30:00,2025-11-13 00:00:00
TATASTEEL,2026-02-06 16:30:00,2026-02-09 00:00:00
TATASTEEL,2026-05-15 17:30:00,2026-05-18 00:00:00
TATASTEEL,2026-07-30 18:30:00,2026-07-31 00:00:00
TATASTEEL,2026-11-11 15:30:00,2026-11-12 00:00:00
TCS,2005-01-13 14:30:00,2005-01-13 00:00:00
TCS,2005-04-19 14:30:00,2005-04-19 00:00:00
TCS,2005-07-15 05:30:00,2005-07-15 00:00:00
TCS,2005-10-19 05:30:00,2005-10-19 00:00:00
TCS,2006-01-12 13:30:00,2006-01-12 00:00:00
TCS,2006-04-17 16:30:00,2006-04-18 00:00:00
TCS,2006-07-18 18:30:00,2006-07-19 00:00:00
TCS,2006-10-16 16:30:00,2006-10-17 00:00:00
TCS,2007-01-15 17:30:00,2007-01-16 00:00:00
TCS,2007-04-16 19:30:00,2007-04-17 00:00:00
TCS,2007-07-16 16:30:00,2007-07-17 00:00:00
TCS,2007-10-15 16:30:00,2007-10-16 00:00:00
TCS,2008-01-16 17:30:00,2008-01-17 00:00:00
TCS,2008-04-21 17:30:00,2008-04-22 00:00:00
TCS,2008-07-16 17:30:00,2008-07-17 00:00:00
TCS,2008-10-22 17:30:00,2008-10-23 00:00:00
TCS,2009-01-15 17:30:00,2009-01-16 00:00:00
TCS,2009-04-20 18:30:00,2009-04-21 00:00:00
TCS,2009-07-17 17:30:00,2009-07-20 00:00:00
TCS,2009-10-16 17:30:00,2009-10-19 00:00:00
TCS,2010-01-15 16:30:00,2010-01-18 00:00:00
TCS,2010-04-19 20:30:00,2010-04-20 00:00:00
TCS,2010-07-16 04:30:00,2010-07-16 00:00:00
TCS,2010-10-21 18:30:00,2010-10-22 00:00:00
TCS,2011-01-17 18:30:00,2011-01-18 00:00:00
TCS,2011-04-21 14:30:00,2011-04-21 00:00:00
TCS,2011-07-14 17:30:00,2011-07-15 00:00:00
TCS,2011-10-17 14:30:00,2011-10-17 00:00:00
TCS,2012-01-18 14:30:00,2012-01-18 00:00:00
TCS,2012-04-23 17:30:00,2012-04-24 00:00:00
TCS,2012-07-12 20:30:00,2012-07-13 00:00:00
TCS,2012-10-19 18:30:00,2012-10-22 00:00:00
TCS,2013-01-14 18:30:00,2013-01-15 00:00:00
TCS,2013-04-17 18:30:00,2013-04-18 00:00:00
TCS,2013-07-18 18:30:00,2013-07-19 00:00:00
TCS,2013-10-15 16:30:00,2013-10-16 00:00:00
TCS,2014-01-16 18:30:00,2014-01-17 00:00:00
TCS,2014-04-16 18:30:00,2014-04-17 00:00:00
TCS,2014-07-17 16:30:00,2014-07-18 00:00:00
TCS,2014-10-16 16:30:00,2014-10-17 00:00:00
TCS,2015-01-15 16:30:00,2015-01-16 00:00:00
TCS,2015-04-16 16:30:00,2015-04-17 00:00:00
TCS,2015-07-09 16:30:00,2015-07-10 00:00:00
TCS,2015-10-13 16:30:00,2015-10-14 00:00:00
TCS,2016-01-12 17:30:00,2016-01-13 00:00:00
TCS,2016-04-18 16:30:00,2016-04-19 00:00:00
TCS,2016-07-14 15:30:00,2016-07-15 00:00:00
TCS,2016-10-13 16:30:00,2016-10-14 00:00:00
TCS,2017-01-12 15:30:00,2017-01-13 00:00:00
TCS,2017-04-18 16:30:00,2017-04-19 00:00:00
TCS,2017-07-13 16:30:00,2017-07-14 00:00:00
TCS,2017-10-12 16:30:00,2017-10-13 00:00:00
TCS,2018-01-11 16:30:00,2018-01-12 00:00:00
TCS,2018-04-19 17:30:00,2018-04-20 00:00:00
TCS,2018-07-10 16:30:00,2018-07-11 00:00:00
TCS,2018-10-11 16:30:00,2018-10-12 00:00:00
TCS,2019-01-10 18:30:00,2019-01-11 00:00:00
TCS,2019-04-12 16:30:00,2019-04-15 00:00:00
TCS,2019-07-09 16:30:00,2019-07-10 00:00:00
TCS,2019-10-10 16:30:00,2019-10-11 00:00:00
TCS,2020-01-17 15:30:00,2020-01-20 00:00:00
TCS,2020-04-16 19:30:00,2020-04-17 00:00:00
TCS,2020-07-09 17:30:00,2020-07-10 00:00:00
TCS,2020-10-07 18:30:00,2020-10-08 00:00:00
TCS,2021-01-08 18:30:00,2021-01-11 00:00:00
TCS,2021-04-13 00:30:00,2021-04-13 00:00:00
TCS,2021-07-08 18:30:00,2021-07-09 00:00:00
TCS,2021-10-08 18:30:00,2021-10-11 00:00:00
TCS,2022-01-12 17:30:00,2022-01-13 00:00:00
TCS,2022-04-11 17:30:00,2022-04-12 00:00:00
TCS,2022-07-08 16:30:00,2022-07-11 00:00:00
TCS,2022-10-10 16:30:00,2022-10-11 00:00:00
TCS,2023-01-09 16:30:00,2023-01-10 00:00:00
TCS,2023-04-12 16:30:00,2023-04-13 00:00:00
TCS,2023-07-12 15:30:00,2023-07-13 00:00:00
TCS,2023-10-11 16:30:00,2023-10-12 00:00:00
TCS,2024-01-11 15:30:00,2024-01-12 00:00:00
TCS,2024-04-12 15:30:00,2024-04-15 00:00:00
TCS,2024-07-11 15:30:00,2024-07-12 00:00:00
TCS,2024-10-10 15:30:00,2024-10-11 00:00:00
TCS,2025-01-09 15:30:00,2025-01-10 00:00:00
TCS,2025-04-10 15:30:00,2025-04-11 00:00:00
TCS,2025-07-10 15:30:00,2025-07-11 00:00:00
TCS,2025-10-09 15:30:00,2025-10-10 00:00:00
TCS,2026-01-12 15:30:00,2026-01-13 00:00:00
TCS,2026-04-09 15:30:00,2026-04-10 00:00:00
TCS,2026-07-09 05:30:00,2026-07-09 00:00:00
TCS,2026-10-08 15:30:00,2026-10-09 00:00:00
TECHM,2006-10-18 15:30:00,2006-10-19 00:00:00
TECHM,2007-01-18 17:30:00,2007-01-19 00:00:00
TECHM,2007-05-07 17:30:00,2007-05-08 00:00:00
TECHM,2007-07-19 15:30:00,2007-07-20 00:00:00
TECHM,2007-10-19 15:30:00,2007-10-22 00:00:00
TECHM,2008-01-22 16:30:00,2008-01-23 00:00:00
TECHM,2008-05-19 17:30:00,2008-05-20 00:00:00
TECHM,2008-07-21 15:30:00,2008-07-22 00:00:00
TECHM,2008-10-21 16:30:00,2008-10-22 00:00:00
TECHM,2009-01-23 15:30:00,2009-01-26 00:00:00
TECHM,2009-04-27 15:30:00,2009-04-28 00:00:00
TECHM,2009-07-22 15:30:00,2009-07-23 00:00:00
TECHM,2009-10-20 16:30:00,2009-10-21 00:00:00
TECHM,2010-01-22 15:30:00,2010-01-25 00:00:00
TECHM,2010-04-30 21:30:00,2010-05-03 00:00:00
TECHM,2010-07-27 04:30:00,2010-07-27 00:00:00
TECHM,2010-10-27 04:30:00,2010-10-27 00:00:00
TECHM,2011-01-21 11:30:00,2011-01-21 00:00:00
TECHM,2011-05-26 20:30:00,2011-05-27 00:00:00
TECHM,2011-08-12 12:30:00,2011-08-12 00:00:00
TECHM,2011-11-15 15:30:00,2011-11-16 00:00:00
TECHM,2012-02-08 15:30:00,2012-02-09 00:00:00
TECHM,2012-06-05 14:30:00,2012-06-05 00:00:00
TECHM,2012-08-09 16:30:00,2012-08-10 00:00:00
TECHM,2012-11-05 18:30:00,2012-11-06 00:00:00
TECHM,2013-02-06 13:30:00,2013-02-06 00:00:00
TECHM,2013-05-21 14:30:00,2013-05-21 00:00:00
TECHM,2013-08-12 14:30:00,2013-08-12 00:00:00
TECHM,2013-11-07 18:30:00,2013-11-08 00:00:00
TECHM,2014-02-04 18:30:00,2014-02-05 00:00:00
TECHM,2014-05-14 14:30:00,2014-05-14 00:00:00
TECHM,2014-07-31 15:30:00,2014-08-01 00:00:00
TECHM,2014-10-29 21:30:00,2014-10-30 00:00:00
TECHM,2015-01-30 20:30:00,2015-02-02 00:00:00
TECHM,2015-05-26 20:30:00,2015-05-27 00:00:00
TECHM,2015-07-27 20:30:00,2015-07-28 00:00:00
TECHM,2015-11-03 20:30:00,2015-11-04 00:00:00
TECHM,2016-02-01 21:30:00,2016-02-02 00:00:00
TECHM,2016-05-24 18:30:00,2016-05-25 00:00:00
TECHM,2016-08-01 15:30:00,2016-08-02 00:00:00
TECHM,2016-10-27 20:30:00,2016-10-28 00:00:00
TECHM,2017-01-30 20:30:00,2017-01-31 00:00:00
TECHM,2017-05-26 16:30:00,2017-05-29 00:00:00
TECHM,2017-07-31 15:30:00,2017-08-01 00:00:00
TECHM,2017-11-01 15:30:00,2017-11-02 00:00:00
TECHM,2018-01-29 15:30:00,2018-01-30 00:00:00
TECHM,2018-05-25 15:30:00,2018-05-28 00:00:00
TECHM,2018-07-30 15:30:00,2018-07-31 00:00:00
TECHM,2018-10-30 15:30:00,2018-10-31 00:00:00
TECHM,2019-02-05 15:30:00,2019-02-06 00:00:00
TECHM,2019-05-21 15:30:00,2019-05-22 00:00:00
TECHM,2019-07-30 15:30:00,2019-07-31 00:00:00
TECHM,2019-11-05 15:30:00,2019-11-06 00:00:00
TECHM,2020-01-31 05:30:00,2020-01-31 00:00:00
TECHM,2020-04-30 16:30:00,2020-05-01 00:00:00
TECHM,2020-07-27 16:30:00,2020-07-28 00:00:00
TECHM,2020-10-23 15:30:00,2020-10-26 00:00:00
TECHM,2021-01-29 17:30:00,2021-02-01 00:00:00
TECHM,2021-04-26 15:30:00,2021-04-27 00:00:00
TECHM,2021-07-29 15:30:00,2021-07-30 00:00:00
TECHM,2021-10-25 15:30:00,2021-10-26 00:00:00
TECHM,2022-02-01 15:30:00,2022-02-02 00:00:00
TECHM,2022-05-13 15:30:00,2022-05-16 00:00:00
TECHM,2022-07-25 15:30:00,2022-07-26 00:00:00
TECHM,2022-11-01 15:30:00,2022-11-02 00:00:00
TECHM,2023-01-30 18:30:00,2023-01-31 00:00:00
TECHM,2023-04-27 15:30:00,2023-04-28 00:00:00
TECHM,2023-07-26 15:30:00,2023-07-27 00:00:00
TECHM,2023-10-25 15:30:00,2023-10-26 00:00:00
TECHM,2024-01-24 15:30:00,2024-01-25 00:00:00
TECHM,2024-04-25 15:30:00,2024-04-26 00:00:00
TECHM,2024-07-25 15:30:00,2024-07-26 00:00:00
TECHM,2024-10-19 04:30:00,2024-10-21 00:00:00
TECHM,2025-01-17 15:30:00,2025-01-20 00:00:00
TECHM,2025-04-24 16:30:00,2025-04-25 00:00:00
TECHM,2025-07-16 15:30:00,2025-07-17 00:00:00
TECHM,2025-10-14 17:30:00,2025-10-15 00:00:00
TECHM,2026-01-16 15:30:00,2026-01-19 00:00:00
TECHM,2026-04-22 13:30:00,2026-04-22 00:00:00
TECHM,2026-07-16 15:30:00,2026-07-17 00:00:00
TECHM,2026-10-14 15:30:00,2026-10-15 00:00:00
THERMAX,2006-05-24 16:30:00,2006-05-25 00:00:00
THERMAX,2007-01-31 18:30:00,2007-02-01 00:00:00
THERMAX,2007-05-29 17:30:00,2007-05-30 00:00:00
THERMAX,2007-10-27 17:30:00,2007-10-29 00:00:00
THERMAX,2008-01-29 14:30:00,2008-01-29 00:00:00
THERMAX,2008-05-21 16:30:00,2008-05-22 00:00:00
THERMAX,2008-07-22 10:30:00,2008-07-22 00:00:00
THERMAX,2008-10-25 19:30:00,2008-10-27 00:00:00
THERMAX,2009-01-28 18:30:00,2009-01-29 00:00:00
THERMAX,2009-05-19 16:30:00,2009-05-20 00:00:00
THERMAX,2009-10-31 10:30:00,2009-11-02 00:00:00
THERMAX,2010-01-30 05:30:00,2010-02-01 00:00:00
THERMAX,2010-07-21 16:30:00,2010-07-22 00:00:00
THERMAX,2010-10-27 17:30:00,2010-10-28 00:00:00
THERMAX,2011-01-27 18:30:00,2011-01-28 00:00:00
THERMAX,2011-05-03 18:30:00,2011-05-04 00:00:00
THERMAX,2011-07-22 14:30:00,2011-07-22 00:00:00
THERMAX,2011-10-21 08:30:00,2011-10-21 00:00:00
THERMAX,2012-02-03 04:30:00,2012-02-03 00:00:00
THERMAX,2012-05-11 18:30:00,2012-05-14 00:00:00
THERMAX,2012-07-27 04:30:00,2012-07-27 00:00:00
THERMAX,2012-10-30 16:30:00,2012-10-31 00:00:00
THERMAX,2013-01-31 17:30:00,2013-02-01 00:00:00
THERMAX,2013-07-25 10:30:00,2013-07-25 00:00:00
THERMAX,2013-11-06 18:30:00,2013-11-07 00:00:00
THERMAX,2014-01-21 18:30:00,2014-01-22 00:00:00
THERMAX,2014-05-27 14:30:00,2014-05-27 00:00:00
THERMAX,2014-07-22 17:30:00,2014-07-23 00:00:00
THERMAX,2014-11-18 21:30:00,2014-11-19 00:00:00
THERMAX,2015-01-30 22:30:00,2015-02-02 00:00:00
THERMAX,2015-05-27 00:30:00,2015-05-27 00:00:00
THERMAX,2015-07-28 17:30:00,2015-07-29 00:00:00
THERMAX,2015-10-27 22:30:00,2015-10-28 00:00:00
THERMAX,2016-01-30 16:30:00,2016-02-01 00:00:00
THERMAX,2016-05-25 18:30:00,2016-05-26 00:00:00
THERMAX,2016-08-10 17:30:00,2016-08-11 00:00:00
THERMAX,2016-11-10 20:30:00,2016-11-11 00:00:00
THERMAX,2017-02-08 21:30:00,2017-02-09 00:00:00
THERMAX,2017-05-30 17:30:00,2017-05-31 00:00:00
THERMAX,2017-08-08 14:30:00,2017-08-08 00:00:00
THERMAX,2017-11-08 17:30:00,2017-11-09 00:00:00
THERMAX,2018-02-06 16:30:00,2018-02-07 00:00:00
THERMAX,2018-05-18 17:30:00,2018-05-21 00:00:00
THERMAX,2018-08-08 15:30:00,2018-08-09 00:00:00
THERMAX,2018-11-14 15:30:00,2018-11-15 00:00:00
THERMAX,2019-02-08 16:30:00,2019-02-11 00:00:00
THERMAX,2019-05-22 16:30:00,2019-05-23 00:00:00
THERMAX,2019-08-08 14:30:00,2019-08-08 00:00:00
THERMAX,2019-11-13 16:30:00,2019-11-14 00:00:00
THERMAX,2020-02-04 17:30:00,2020-02-05 00:00:00
THERMAX,2020-06-18 17:30:00,2020-06-19 00:00:00
THERMAX,2020-08-12 15:30:00,2020-08-13 00:00:00
THERMAX,2020-11-04 18:30:00,2020-11-05 00:00:00
THERMAX,2021-02-03 16:30:00,2021-02-04 00:00:00
THERMAX,2021-05-25 19:30:00,2021-05-26 00:00:00
THERMAX,2021-08-05 17:30:00,2021-08-06 00:00:00
THERMAX,2021-11-10 16:30:00,2021-11-11 00:00:00
THERMAX,2022-02-04 16:30:00,2022-02-07 00:00:00
THERMAX,2022-05-20 15:30:00,2022-05-23 00:00:00
THERMAX,2022-08-02 15:30:00,2022-08-03 00:00:00
THERMAX,2022-11-11 15:30:00,2022-11-14 00:00:00
THERMAX,2023-02-07 19:30:00,2023-02-08 00:00:00
THERMAX,2023-05-17 16:30:00,2023-05-18 00:00:00
THERMAX,2023-08-01 15:30:00,2023-08-02 00:00:00
THERMAX,2023-11-03 16:30:00,2023-11-06 00:00:00
THERMAX,2024-02-08 13:30:00,2024-02-08 00:00:00
THERMAX,2024-05-10 17:30:00,2024-05-13 00:00:00
THERMAX,2024-08-01 14:30:00,2024-08-01 00:00:00
THERMAX,2024-11-13 15:30:00,2024-11-14 00:00:00
THERMAX,2025-02-04 14:30:00,2025-02-04 00:00:00
THERMAX,2025-05-09 17:30:00,2025-05-12 00:00:00
THERMAX,2025-07-31 15:30:00,2025-08-01 00:00:00
THERMAX,2025-11-11 17:30:00,2025-11-12 00:00:00
THERMAX,2026-02-02 19:30:00,2026-02-03 00:00:00
THERMAX,2026-05-07 17:30:00,2026-05-08 00:00:00
THERMAX,2026-07-30 15:30:00,2026-07-31 00:00:00
THERMAX,2026-11-11 15:30:00,2026-11-12 00:00:00
TIINDIA,2019-02-05 14:30:00,2019-02-05 00:00:00
TIINDIA,2019-04-30 16:30:00,2019-05-01 00:00:00
TIINDIA,2019-07-24 14:30:00,2019-07-24 00:00:00
TIINDIA,2020-01-28 16:30:00,2020-01-29 00:00:00
TIINDIA,2020-10-22 13:30:00,2020-10-22 00:00:00
TIINDIA,2021-02-11 14:30:00,2021-02-11 00:00:00
TIINDIA,2021-06-17 17:30:00,2021-06-18 00:00:00
TIINDIA,2021-08-13 13:30:00,2021-08-13 00:00:00
TIINDIA,2021-10-27 16:30:00,2021-10-28 00:00:00
TIINDIA,2022-05-12 18:30:00,2022-05-13 00:00:00
TIINDIA,2022-08-02 12:30:00,2022-08-02 00:00:00
TIINDIA,2022-11-04 13:30:00,2022-11-04 00:00:00
TIINDIA,2023-02-03 17:30:00,2023-02-06 00:00:00
TIINDIA,2023-10-30 13:30:00,2023-10-30 00:00:00
TIINDIA,2024-02-01 12:30:00,2024-02-01 00:00:00
TIINDIA,2024-05-13 13:30:00,2024-05-13 00:00:00
TIINDIA,2024-08-01 13:30:00,2024-08-01 00:00:00
TIINDIA,2024-11-04 13:30:00,2024-11-04 00:00:00
TIINDIA,2025-02-03 13:30:00,2025-02-03 00:00:00
TIINDIA,2025-05-15 13:30:00,2025-05-15 00:00:00
TIINDIA,2025-08-01 13:30:00,2025-08-01 00:00:00
TIINDIA,2025-11-05 13:30:00,2025-11-05 00:00:00
TIINDIA,2026-02-04 13:30:00,2026-02-04 00:00:00
TIINDIA,2026-05-13 13:30:00,2026-05-13 00:00:00
TIINDIA,2026-08-14 13:30:00,2026-08-14 00:00:00
TIINDIA,2026-11-05 15:30:00,2026-11-06 00:00:00
TITAN,2007-01-25 20:30:00,2007-01-26 00:00:00
TITAN,2007-04-21 17:30:00,2007-04-23 00:00:00
TITAN,2007-07-27 13:30:00,2007-07-27 00:00:00
TITAN,2007-10-29 16:30:00,2007-10-30 00:00:00
TITAN,2008-01-21 16:30:00,2008-01-22 00:00:00
TITAN,2008-04-25 14:30:00,2008-04-25 00:00:00
TITAN,2008-07-31 13:30:00,2008-07-31 00:00:00
TITAN,2008-10-20 16:30:00,2008-10-21 00:00:00
TITAN,2009-01-30 05:30:00,2009-01-30 00:00:00
TITAN,2009-04-29 18:30:00,2009-04-30 00:00:00
TITAN,2009-07-29 00:30:00,2009-07-29 00:00:00
TITAN,2009-10-23 18:30:00,2009-10-26 00:00:00
TITAN,2010-01-29 17:30:00,2010-02-01 00:00:00
TITAN,2010-05-01 06:30:00,2010-05-03 00:00:00
TITAN,2010-10-22 19:30:00,2010-10-25 00:00:00
TITAN,2010-10-25 18:30:00,2010-10-26 00:00:00
TITAN,2011-01-28 18:30:00,2011-01-31 00:00:00
TITAN,2011-04-29 16:30:00,2011-05-02 00:00:00
TITAN,2011-07-28 12:30:00,2011-07-28 00:00:00
TITAN,2011-10-24 20:30:00,2011-10-25 00:00:00
TITAN,2012-01-31 13:30:00,2012-01-31 00:00:00
TITAN,2012-05-01 00:30:00,2012-05-01 00:00:00
TITAN,2012-07-31 12:30:00,2012-07-31 00:00:00
TITAN,2012-10-31 19:30:00,2012-11-01 00:00:00
TITAN,2013-01-30 18:30:00,2013-01-31 00:00:00
TITAN,2013-05-03 18:30:00,2013-05-06 00:00:00
TITAN,2013-08-01 14:30:00,2013-08-01 00:00:00
TITAN,2013-10-31 18:30:00,2013-11-01 00:00:00
TITAN,2014-01-29 13:30:00,2014-01-29 00:00:00
TITAN,2014-05-06 14:30:00,2014-05-06 00:00:00
TITAN,2014-08-01 20:30:00,2014-08-04 00:00:00
TITAN,2014-10-30 22:30:00,2014-10-31 00:00:00
TITAN,2015-01-27 22:30:00,2015-01-28 00:00:00
TITAN,2015-05-07 17:30:00,2015-05-08 00:00:00
TITAN,2015-07-31 19:30:00,2015-08-03 00:00:00
TITAN,2015-10-30 22:30:00,2015-11-02 00:00:00
TITAN,2016-01-28 19:30:00,2016-01-29 00:00:00
TITAN,2016-05-06 20:30:00,2016-05-09 00:00:00
TITAN,2016-08-03 19:30:00,2016-08-04 00:00:00
TITAN,2016-11-04 18:30:00,2016-11-07 00:00:00
TITAN,2017-02-07 20:30:00,2017-02-08 00:00:00
TITAN,2017-05-13 03:30:00,2017-05-15 00:00:00
TITAN,2017-08-03 14:30:00,2017-08-03 00:00:00
TITAN,2017-11-03 15:30:00,2017-11-06 00:00:00
TITAN,2018-02-01 15:30:00,2018-02-02 00:00:00
TITAN,2018-05-10 16:30:00,2018-05-11 00:00:00
TITAN,2018-08-03 14:30:00,2018-08-03 00:00:00
TITAN,2018-11-09 16:30:00,2018-11-12 00:00:00
TITAN,2019-02-01 15:30:00,2019-02-04 00:00:00
TITAN,2019-05-08 14:30:00,2019-05-08 00:00:00
TITAN,2019-08-06 14:30:00,2019-08-06 00:00:00
TITAN,2019-11-05 15:30:00,2019-11-06 00:00:00
TITAN,2020-02-04 13:30:00,2020-02-04 00:00:00
TITAN,2020-06-08 19:30:00,2020-06-09 00:00:00
TITAN,2020-08-10 16:30:00,2020-08-11 00:00:00
TITAN,2020-10-28 13:30:00,2020-10-28 00:00:00
TITAN,2021-02-10 15:30:00,2021-02-11 00:00:00
TITAN,2021-04-29 17:30:00,2021-04-30 00:00:00
TITAN,2021-08-04 16:30:00,2021-08-05 00:00:00
TITAN,2021-10-27 16:30:00,2021-10-28 00:00:00
TITAN,2022-02-03 13:30:00,2022-02-03 00:00:00
TITAN,2022-05-03 13:30:00,2022-05-03 00:00:00
TITAN,2022-08-05 13:30:00,2022-08-05 00:00:00
TITAN,2022-11-04 21:30:00,2022-11-07 00:00:00
TITAN,2023-02-02 14:30:00,2023-02-02 00:00:00
TITAN,2023-05-03 15:30:00,2023-05-04 00:00:00
TITAN,2023-08-02 15:30:00,2023-08-03 00:00:00
TITAN,2023-11-03 14:30:00,2023-11-03 00:00:00
TITAN,2024-02-01 14:30:00,2024-02-01 00:00:00
TITAN,2024-05-03 15:30:00,2024-05-06 00:00:00
TITAN,2024-08-02 16:30:00,2024-08-05 00:00:00
TITAN,2024-11-05 15:30:00,2024-11-06 00:00:00
TITAN,2025-02-04 16:30:00,2025-02-05 00:00:00
TITAN,2025-05-08 18:30:00,2025-05-09 00:00:00
TITAN,2025-08-07 05:30:00,2025-08-07 00:00:00
TITAN,2025-11-03 17:30:00,2025-11-04 00:00:00
TITAN,2026-02-10 16:30:00,2026-02-11 00:00:00
TITAN,2026-05-08 13:30:00,2026-05-08 00:00:00
TITAN,2026-08-07 15:30:00,2026-08-10 00:00:00
TITAN,2026-11-03 15:30:00,2026-11-04 00:00:00
TMCV,2026-01-29 16:30:00,2026-01-30 00:00:00
TMCV,2026-05-13 15:30:00,2026-05-14 00:00:00
TMCV,2026-08-12 05:30:00,2026-08-12 00:00:00
TMPV,2005-01-31 14:30:00,2005-01-31 00:00:00
TMPV,2005-05-17 14:30:00,2005-05-17 00:00:00
TMPV,2005-10-17 12:30:00,2005-10-17 00:00:00
TMPV,2006-02-09 14:30:00,2006-02-09 00:00:00
TMPV,2006-05-19 17:30:00,2006-05-22 00:00:00
TMPV,2006-07-25 17:30:00,2006-07-26 00:00:00
TMPV,2006-10-30 14:30:00,2006-10-30 00:00:00
TMPV,2007-01-23 16:30:00,2007-01-24 00:00:00
TMPV,2007-05-18 14:30:00,2007-05-18 00:00:00
TMPV,2007-07-31 15:30:00,2007-08-01 00:00:00
TMPV,2007-10-31 13:30:00,2007-10-31 00:00:00
TMPV,2008-01-31 18:30:00,2008-02-01 00:00:00
TMPV,2008-05-28 14:30:00,2008-05-28 00:00:00
TMPV,2008-07-30 14:30:00,2008-07-30 00:00:00
TMPV,2008-10-31 14:30:00,2008-10-31 00:00:00
TMPV,2009-01-30 17:30:00,2009-02-02 00:00:00
TMPV,2009-05-29 13:30:00,2009-05-29 00:00:00
TMPV,2009-07-27 14:30:00,2009-07-27 00:00:00
TMPV,2009-10-26 18:30:00,2009-10-27 00:00:00
TMPV,2010-01-29 18:30:00,2010-02-01 00:00:00
TMPV,2010-07-16 05:30:00,2010-07-16 00:00:00
TMPV,2010-11-10 16:30:00,2010-11-11 00:00:00
TMPV,2011-02-14 11:30:00,2011-02-14 00:00:00
TMPV,2011-05-26 20:30:00,2011-05-27 00:00:00
TMPV,2011-08-11 14:30:00,2011-08-11 00:00:00
TMPV,2011-11-14 21:30:00,2011-11-15 00:00:00
TMPV,2012-02-14 20:30:00,2012-02-15 00:00:00
TMPV,2012-05-29 23:30:00,2012-05-30 00:00:00
TMPV,2012-08-09 21:30:00,2012-08-10 00:00:00
TMPV,2012-11-07 21:30:00,2012-11-08 00:00:00
TMPV,2013-02-14 18:30:00,2013-02-15 00:00:00
TMPV,2013-05-29 14:30:00,2013-05-29 00:00:00
TMPV,2013-08-07 18:30:00,2013-08-08 00:00:00
TMPV,2013-11-08 18:30:00,2013-11-11 00:00:00
TMPV,2014-02-10 20:30:00,2014-02-11 00:00:00
TMPV,2014-05-29 14:30:00,2014-05-29 00:00:00
TMPV,2014-08-11 20:30:00,2014-08-12 00:00:00
TMPV,2014-11-14 15:30:00,2014-11-17 00:00:00
TMPV,2015-02-05 21:30:00,2015-02-06 00:00:00
TMPV,2015-05-26 15:30:00,2015-05-27 00:00:00
TMPV,2015-08-07 15:30:00,2015-08-10 00:00:00
TMPV,2015-11-06 20:30:00,2015-11-09 00:00:00
TMPV,2016-02-11 14:30:00,2016-02-11 00:00:00
TMPV,2016-05-30 17:30:00,2016-05-31 00:00:00
TMPV,2016-08-26 14:30:00,2016-08-26 00:00:00
TMPV,2016-11-14 19:30:00,2016-11-15 00:00:00
TMPV,2017-02-14 14:30:00,2017-02-14 00:00:00
TMPV,2017-05-23 16:30:00,2017-05-24 00:00:00
TMPV,2017-08-09 15:30:00,2017-08-10 00:00:00
TMPV,2017-11-09 13:30:00,2017-11-09 00:00:00
TMPV,2018-02-05 15:30:00,2018-02-06 00:00:00
TMPV,2018-05-23 17:30:00,2018-05-24 00:00:00
TMPV,2018-07-31 16:30:00,2018-08-01 00:00:00
TMPV,2018-10-31 15:30:00,2018-11-01 00:00:00
TMPV,2019-02-07 16:30:00,2019-02-08 00:00:00
TMPV,2019-05-20 16:30:00,2019-05-21 00:00:00
TMPV,2019-07-25 15:30:00,2019-07-26 00:00:00
TMPV,2019-10-25 16:30:00,2019-10-28 00:00:00
TMPV,2020-01-30 15:30:00,2020-01-31 00:00:00
TMPV,2020-06-15 17:30:00,2020-06-16 00:00:00
TMPV,2020-08-01 01:30:00,2020-08-03 00:00:00
TMPV,2020-10-27 15:30:00,2020-10-28 00:00:00
TMPV,2021-01-29 15:30:00,2021-02-01 00:00:00
TMPV,2021-05-18 16:30:00,2021-05-19 00:00:00
TMPV,2021-07-26 15:30:00,2021-07-27 00:00:00
TMPV,2021-11-01 15:30:00,2021-11-02 00:00:00
TMPV,2022-01-31 15:30:00,2022-02-01 00:00:00
TMPV,2022-05-12 15:30:00,2022-05-13 00:00:00
TMPV,2022-07-27 15:30:00,2022-07-28 00:00:00
TMPV,2022-11-09 15:30:00,2022-11-10 00:00:00
TMPV,2023-01-25 15:30:00,2023-01-26 00:00:00
TMPV,2023-05-12 16:30:00,2023-05-15 00:00:00
TMPV,2023-07-25 15:30:00,2023-07-26 00:00:00
TMPV,2023-11-02 15:30:00,2023-11-03 00:00:00
TMPV,2024-02-02 15:30:00,2024-02-05 00:00:00
TMPV,2024-05-10 15:30:00,2024-05-13 00:00:00
TMPV,2024-08-01 15:30:00,2024-08-02 00:00:00
TMPV,2024-11-08 15:30:00,2024-11-11 00:00:00
TMPV,2025-01-29 15:30:00,2025-01-30 00:00:00
TMPV,2025-05-13 15:30:00,2025-05-14 00:00:00
TMPV,2025-08-08 15:30:00,2025-08-11 00:00:00
TMPV,2025-11-14 19:30:00,2025-11-17 00:00:00
TMPV,2026-02-05 15:30:00,2026-02-06 00:00:00
TMPV,2026-05-14 16:30:00,2026-05-15 00:00:00
TMPV,2026-08-13 15:30:00,2026-08-14 00:00:00
TMPV,2026-11-19 15:30:00,2026-11-20 00:00:00
TORNTPHARM,2008-01-31 14:30:00,2008-01-31 00:00:00
TORNTPHARM,2012-05-19 04:30:00,2012-05-21 00:00:00
TORNTPHARM,2012-10-26 22:30:00,2012-10-29 00:00:00
TORNTPHARM,2013-01-29 18:30:00,2013-01-30 00:00:00
TORNTPHARM,2013-05-31 18:30:00,2013-06-03 00:00:00
TORNTPHARM,2013-07-26 18:30:00,2013-07-29 00:00:00
TORNTPHARM,2013-10-30 18:30:00,2013-10-31 00:00:00
TORNTPHARM,2014-01-21 18:30:00,2014-01-22 00:00:00
TORNTPHARM,2014-05-09 18:30:00,2014-05-12 00:00:00
TORNTPHARM,2014-07-31 13:30:00,2014-07-31 00:00:00
TORNTPHARM,2014-11-06 00:30:00,2014-11-06 00:00:00
TORNTPHARM,2015-01-29 00:30:00,2015-01-29 00:00:00
TORNTPHARM,2015-05-15 23:30:00,2015-05-18 00:00:00
TORNTPHARM,2015-07-27 23:30:00,2015-07-28 00:00:00
TORNTPHARM,2015-10-30 18:30:00,2015-11-02 00:00:00
TORNTPHARM,2016-02-04 20:30:00,2016-02-05 00:00:00
TORNTPHARM,2016-05-23 20:30:00,2016-05-24 00:00:00
TORNTPHARM,2016-07-27 23:30:00,2016-07-28 00:00:00
TORNTPHARM,2016-10-26 22:30:00,2016-10-27 00:00:00
TORNTPHARM,2017-02-03 19:30:00,2017-02-06 00:00:00
TORNTPHARM,2017-05-26 19:30:00,2017-05-29 00:00:00
TORNTPHARM,2017-07-31 14:30:00,2017-07-31 00:00:00
TORNTPHARM,2017-11-03 16:30:00,2017-11-06 00:00:00
TORNTPHARM,2018-02-08 18:30:00,2018-02-09 00:00:00
TORNTPHARM,2018-05-30 17:30:00,2018-05-31 00:00:00
TORNTPHARM,2018-08-02 17:30:00,2018-08-03 00:00:00
TORNTPHARM,2018-11-03 16:30:00,2018-11-05 00:00:00
TORNTPHARM,2019-01-30 16:30:00,2019-01-31 00:00:00
TORNTPHARM,2019-05-20 17:30:00,2019-05-21 00:00:00
TORNTPHARM,2019-07-23 17:30:00,2019-07-24 00:00:00
TORNTPHARM,2019-10-23 16:30:00,2019-10-24 00:00:00
TORNTPHARM,2020-01-27 16:30:00,2020-01-28 00:00:00
TORNTPHARM,2020-05-26 16:30:00,2020-05-27 00:00:00
TORNTPHARM,2020-07-30 16:30:00,2020-07-31 00:00:00
TORNTPHARM,2020-10-26 16:30:00,2020-10-27 00:00:00
TORNTPHARM,2021-02-08 15:30:00,2021-02-09 00:00:00
TORNTPHARM,2021-05-18 15:30:00,2021-05-19 00:00:00
TORNTPHARM,2021-07-27 16:30:00,2021-07-28 00:00:00
TORNTPHARM,2021-10-26 17:30:00,2021-10-27 00:00:00
TORNTPHARM,2022-01-25 17:30:00,2022-01-26 00:00:00
TORNTPHARM,2022-05-25 17:30:00,2022-05-26 00:00:00
TORNTPHARM,2022-07-29 17:30:00,2022-08-01 00:00:00
TORNTPHARM,2022-10-21 17:30:00,2022-10-24 00:00:00
TORNTPHARM,2023-01-25 17:30:00,2023-01-26 00:00:00
TORNTPHARM,2023-05-30 16:30:00,2023-05-31 00:00:00
TORNTPHARM,2023-08-07 16:30:00,2023-08-08 00:00:00
TORNTPHARM,2023-10-23 17:30:00,2023-10-24 00:00:00
TORNTPHARM,2024-02-02 13:30:00,2024-02-02 00:00:00
TORNTPHARM,2024-05-24 17:30:00,2024-05-27 00:00:00
TORNTPHARM,2024-07-23 16:30:00,2024-07-24 00:00:00
TORNTPHARM,2024-10-25 16:30:00,2024-10-28 00:00:00
TORNTPHARM,2025-01-24 17:30:00,2025-01-27 00:00:00
TORNTPHARM,2025-05-20 16:30:00,2025-05-21 00:00:00
TORNTPHARM,2025-07-28 15:30:00,2025-07-29 00:00:00
TORNTPHARM,2025-11-07 17:30:00,2025-11-10 00:00:00
TORNTPHARM,2026-02-13 16:30:00,2026-02-16 00:00:00
TORNTPHARM,2026-05-22 16:30:00,2026-05-25 00:00:00
TORNTPHARM,2026-07-30 16:30:00,2026-07-31 00:00:00
TORNTPHARM,2026-11-06 15:30:00,2026-11-09 00:00:00
TORNTPOWER,2011-01-25 04:30:00,2011-01-25 00:00:00
TORNTPOWER,2011-05-04 16:30:00,2011-05-05 00:00:00
TORNTPOWER,2011-07-29 18:30:00,2011-08-01 00:00:00
TORNTPOWER,2011-10-19 18:30:00,2011-10-20 00:00:00
TORNTPOWER,2012-10-28 04:30:00,2012-10-29 00:00:00
TORNTPOWER,2013-01-28 18:30:00,2013-01-29 00:00:00
TORNTPOWER,2013-05-29 22:30:00,2013-05-30 00:00:00
TORNTPOWER,2013-07-25 22:30:00,2013-07-26 00:00:00
TORNTPOWER,2013-10-29 18:30:00,2013-10-30 00:00:00
TORNTPOWER,2014-01-27 10:30:00,2014-01-27 00:00:00
TORNTPOWER,2014-05-12 18:30:00,2014-05-13 00:00:00
TORNTPOWER,2014-07-29 00:30:00,2014-07-29 00:00:00
TORNTPOWER,2014-11-04 23:30:00,2014-11-05 00:00:00
TORNTPOWER,2015-01-31 16:30:00,2015-02-02 00:00:00
TORNTPOWER,2015-05-13 01:30:00,2015-05-13 00:00:00
TORNTPOWER,2015-08-05 00:30:00,2015-08-05 00:00:00
TORNTPOWER,2015-10-29 00:30:00,2015-10-29 00:00:00
TORNTPOWER,2016-05-19 01:30:00,2016-05-19 00:00:00
TORNTPOWER,2016-10-27 23:30:00,2016-10-28 00:00:00
TORNTPOWER,2017-05-23 21:30:00,2017-05-24 00:00:00
TORNTPOWER,2017-11-06 16:30:00,2017-11-07 00:00:00
TORNTPOWER,2018-02-07 16:30:00,2018-02-08 00:00:00
TORNTPOWER,2018-05-30 04:30:00,2018-05-30 00:00:00
TORNTPOWER,2018-08-01 16:30:00,2018-08-02 00:00:00
TORNTPOWER,2018-10-30 16:30:00,2018-10-31 00:00:00
TORNTPOWER,2019-02-05 17:30:00,2019-02-06 00:00:00
TORNTPOWER,2019-05-15 16:30:00,2019-05-16 00:00:00
TORNTPOWER,2019-11-05 17:30:00,2019-11-06 00:00:00
TORNTPOWER,2020-02-12 16:30:00,2020-02-13 00:00:00
TORNTPOWER,2020-05-18 16:30:00,2020-05-19 00:00:00
TORNTPOWER,2022-02-03 17:30:00,2022-02-04 00:00:00
TORNTPOWER,2023-05-29 16:30:00,2023-05-30 00:00:00
TORNTPOWER,2023-08-10 16:30:00,2023-08-11 00:00:00
TORNTPOWER,2023-11-09 16:30:00,2023-11-10 00:00:00
TORNTPOWER,2024-02-08 17:30:00,2024-02-09 00:00:00
TORNTPOWER,2024-05-22 16:30:00,2024-05-23 00:00:00
TORNTPOWER,2024-07-30 17:30:00,2024-07-31 00:00:00
TORNTPOWER,2024-11-13 16:30:00,2024-11-14 00:00:00
TORNTPOWER,2025-02-04 17:30:00,2025-02-05 00:00:00
TORNTPOWER,2025-05-14 17:30:00,2025-05-15 00:00:00
TORNTPOWER,2025-08-05 16:30:00,2025-08-06 00:00:00
TORNTPOWER,2025-11-11 16:30:00,2025-11-12 00:00:00
TORNTPOWER,2026-02-10 16:30:00,2026-02-11 00:00:00
TORNTPOWER,2026-08-03 16:30:00,2026-08-04 00:00:00
TORNTPOWER,2026-11-13 15:30:00,2026-11-16 00:00:00
TRENT,2013-05-29 10:30:00,2013-05-29 00:00:00
TRENT,2013-07-30 18:30:00,2013-07-31 00:00:00
TRENT,2013-10-30 18:30:00,2013-10-31 00:00:00
TRENT,2014-05-28 10:30:00,2014-05-28 00:00:00
TRENT,2014-11-04 23:30:00,2014-11-05 00:00:00
TRENT,2015-01-29 23:30:00,2015-01-30 00:00:00
TRENT,2016-02-10 00:30:00,2016-02-10 00:00:00
TRENT,2016-05-26 21:30:00,2016-05-27 00:00:00
TRENT,2016-08-11 23:30:00,2016-08-12 00:00:00
TRENT,2017-01-23 15:30:00,2017-01-24 00:00:00
TRENT,2017-07-31 19:30:00,2017-08-01 00:00:00
TRENT,2017-11-09 18:30:00,2017-11-10 00:00:00
TRENT,2018-02-08 18:30:00,2018-02-09 00:00:00
TRENT,2018-05-03 16:30:00,2018-05-04 00:00:00
TRENT,2018-08-24 14:30:00,2018-08-24 00:00:00
TRENT,2018-11-01 17:30:00,2018-11-02 00:00:00
TRENT,2019-02-05 12:30:00,2019-02-05 00:00:00
TRENT,2019-04-29 16:30:00,2019-04-30 00:00:00
TRENT,2019-07-31 15:30:00,2019-08-01 00:00:00
TRENT,2019-11-07 16:30:00,2019-11-08 00:00:00
TRENT,2020-02-06 18:30:00,2020-02-07 00:00:00
TRENT,2020-05-22 21:30:00,2020-05-25 00:00:00
TRENT,2020-08-13 17:30:00,2020-08-14 00:00:00
TRENT,2020-11-05 21:30:00,2020-11-06 00:00:00
TRENT,2021-02-04 19:30:00,2021-02-05 00:00:00
TRENT,2021-04-30 18:30:00,2021-05-03 00:00:00
TRENT,2021-08-10 18:30:00,2021-08-11 00:00:00
TRENT,2021-11-02 17:30:00,2021-11-03 00:00:00
TRENT,2022-02-10 20:30:00,2022-02-11 00:00:00
TRENT,2022-04-27 16:30:00,2022-04-28 00:00:00
TRENT,2022-08-11 13:30:00,2022-08-11 00:00:00
TRENT,2022-11-10 16:30:00,2022-11-11 00:00:00
TRENT,2023-02-08 18:30:00,2023-02-09 00:00:00
TRENT,2023-04-27 17:30:00,2023-04-28 00:00:00
TRENT,2023-08-09 13:30:00,2023-08-09 00:00:00
TRENT,2023-11-07 13:30:00,2023-11-07 00:00:00
TRENT,2024-02-07 12:30:00,2024-02-07 00:00:00
TRENT,2024-04-29 14:30:00,2024-04-29 00:00:00
TRENT,2024-08-09 12:30:00,2024-08-09 00:00:00
TRENT,2024-11-08 10:30:00,2024-11-08 00:00:00
TRENT,2025-02-06 12:30:00,2025-02-06 00:00:00
TRENT,2025-04-29 14:30:00,2025-04-29 00:00:00
TRENT,2025-08-06 05:30:00,2025-08-06 00:00:00
TRENT,2025-11-07 05:30:00,2025-11-07 00:00:00
TRENT,2026-02-04 05:30:00,2026-02-04 00:00:00
TRENT,2026-04-22 15:30:00,2026-04-23 00:00:00
TRENT,2026-08-06 13:30:00,2026-08-06 00:00:00
TRENT,2026-11-05 15:30:00,2026-11-06 00:00:00
TVSMOTOR,2006-06-26 16:30:00,2006-06-27 00:00:00
TVSMOTOR,2006-10-25 15:30:00,2006-10-26 00:00:00
TVSMOTOR,2007-01-25 15:30:00,2007-01-26 00:00:00
TVSMOTOR,2007-07-27 14:30:00,2007-07-27 00:00:00
TVSMOTOR,2007-10-24 17:30:00,2007-10-25 00:00:00
TVSMOTOR,2008-01-25 15:30:00,2008-01-28 00:00:00
TVSMOTOR,2008-06-30 17:30:00,2008-07-01 00:00:00
TVSMOTOR,2008-07-28 16:30:00,2008-07-29 00:00:00
TVSMOTOR,2008-10-30 14:30:00,2008-10-30 00:00:00
TVSMOTOR,2009-01-22 16:30:00,2009-01-23 00:00:00
TVSMOTOR,2009-07-31 13:30:00,2009-07-31 00:00:00
TVSMOTOR,2009-10-24 01:30:00,2009-10-26 00:00:00
TVSMOTOR,2010-01-20 14:30:00,2010-01-20 00:00:00
TVSMOTOR,2011-01-20 18:30:00,2011-01-21 00:00:00
TVSMOTOR,2011-04-29 14:30:00,2011-04-29 00:00:00
TVSMOTOR,2011-07-29 14:30:00,2011-07-29 00:00:00
TVSMOTOR,2011-11-03 14:30:00,2011-11-03 00:00:00
TVSMOTOR,2012-01-31 18:30:00,2012-02-01 00:00:00
TVSMOTOR,2012-05-24 16:30:00,2012-05-25 00:00:00
TVSMOTOR,2012-07-27 16:30:00,2012-07-30 00:00:00
TVSMOTOR,2012-10-31 14:30:00,2012-10-31 00:00:00
TVSMOTOR,2013-02-01 14:30:00,2013-02-01 00:00:00
TVSMOTOR,2013-04-30 18:30:00,2013-05-01 00:00:00
TVSMOTOR,2013-08-09 14:30:00,2013-08-09 00:00:00
TVSMOTOR,2013-10-25 14:30:00,2013-10-25 00:00:00
TVSMOTOR,2014-01-29 09:30:00,2014-01-29 00:00:00
TVSMOTOR,2014-04-30 16:30:00,2014-05-01 00:00:00
TVSMOTOR,2014-07-24 19:30:00,2014-07-25 00:00:00
TVSMOTOR,2014-11-14 18:30:00,2014-11-17 00:00:00
TVSMOTOR,2015-02-03 15:30:00,2015-02-04 00:00:00
TVSMOTOR,2015-04-29 20:30:00,2015-04-30 00:00:00
TVSMOTOR,2015-07-24 19:30:00,2015-07-27 00:00:00
TVSMOTOR,2015-10-27 19:30:00,2015-10-28 00:00:00
TVSMOTOR,2016-01-29 15:30:00,2016-02-01 00:00:00
TVSMOTOR,2016-05-03 14:30:00,2016-05-03 00:00:00
TVSMOTOR,2016-07-26 14:30:00,2016-07-26 00:00:00
TVSMOTOR,2016-10-27 13:30:00,2016-10-27 00:00:00
TVSMOTOR,2017-01-24 14:30:00,2017-01-24 00:00:00
TVSMOTOR,2017-04-27 19:30:00,2017-04-28 00:00:00
TVSMOTOR,2017-08-21 18:30:00,2017-08-22 00:00:00
TVSMOTOR,2017-11-01 13:30:00,2017-11-01 00:00:00
TVSMOTOR,2018-01-30 12:30:00,2018-01-30 00:00:00
TVSMOTOR,2018-05-16 14:30:00,2018-05-16 00:00:00
TVSMOTOR,2018-08-07 14:30:00,2018-08-07 00:00:00
TVSMOTOR,2018-10-23 13:30:00,2018-10-23 00:00:00
TVSMOTOR,2019-01-22 13:30:00,2019-01-22 00:00:00
TVSMOTOR,2019-04-30 15:30:00,2019-05-01 00:00:00
TVSMOTOR,2019-07-22 16:30:00,2019-07-23 00:00:00
TVSMOTOR,2019-10-17 14:30:00,2019-10-17 00:00:00
TVSMOTOR,2020-02-04 17:30:00,2020-02-05 00:00:00
TVSMOTOR,2020-05-28 15:30:00,2020-05-29 00:00:00
TVSMOTOR,2020-07-29 16:30:00,2020-07-30 00:00:00
TVSMOTOR,2020-10-29 17:30:00,2020-10-30 00:00:00
TVSMOTOR,2021-01-28 16:30:00,2021-01-29 00:00:00
TVSMOTOR,2021-04-27 18:30:00,2021-04-28 00:00:00
TVSMOTOR,2021-07-29 16:30:00,2021-07-30 00:00:00
TVSMOTOR,2021-10-21 16:30:00,2021-10-22 00:00:00
TVSMOTOR,2022-02-07 16:30:00,2022-02-08 00:00:00
TVSMOTOR,2022-05-05 15:30:00,2022-05-06 00:00:00
TVSMOTOR,2022-07-28 15:30:00,2022-07-29 00:00:00
TVSMOTOR,2022-11-04 16:30:00,2022-11-07 00:00:00
TVSMOTOR,2023-01-24 16:30:00,2023-01-25 00:00:00
TVSMOTOR,2023-05-04 17:30:00,2023-05-05 00:00:00
TVSMOTOR,2023-07-24 14:30:00,2023-07-24 00:00:00
TVSMOTOR,2023-10-30 16:30:00,2023-10-31 00:00:00
TVSMOTOR,2024-01-24 16:30:00,2024-01-25 00:00:00
TVSMOTOR,2024-05-08 16:30:00,2024-05-09 00:00:00
TVSMOTOR,2024-08-06 13:30:00,2024-08-06 00:00:00
TVSMOTOR,2024-10-23 14:30:00,2024-10-23 00:00:00
TVSMOTOR,2025-01-28 12:30:00,2025-01-28 00:00:00
TVSMOTOR,2025-04-28 14:30:00,2025-04-28 00:00:00
TVSMOTOR,2025-07-31 13:30:00,2025-07-31 00:00:00
TVSMOTOR,2025-10-28 14:30:00,2025-10-28 00:00:00
TVSMOTOR,2026-01-28 12:30:00,2026-01-28 00:00:00
TVSMOTOR,2026-05-13 12:30:00,2026-05-13 00:00:00
TVSMOTOR,2026-07-21 13:30:00,2026-07-21 00:00:00
TVSMOTOR,2026-10-21 15:30:00,2026-10-22 00:00:00
UBL,2010-05-06 07:30:00,2010-05-06 00:00:00
UBL,2011-08-09 18:30:00,2011-08-10 00:00:00
UBL,2012-02-07 17:30:00,2012-02-08 00:00:00
UBL,2012-06-13 18:30:00,2012-06-14 00:00:00
UBL,2012-11-09 14:30:00,2012-11-09 00:00:00
UBL,2013-02-06 20:30:00,2013-02-07 00:00:00
UBL,2013-05-30 18:30:00,2013-05-31 00:00:00
UBL,2013-11-07 22:30:00,2013-11-08 00:00:00
UBL,2014-02-12 22:30:00,2014-02-13 00:00:00
UBL,2014-05-28 06:30:00,2014-05-28 00:00:00
UBL,2014-08-14 01:30:00,2014-08-14 00:00:00
UBL,2014-11-22 23:30:00,2014-11-24 00:00:00
UBL,2015-02-13 22:30:00,2015-02-16 00:00:00
UBL,2015-05-29 00:30:00,2015-05-29 00:00:00
UBL,2015-07-23 13:30:00,2015-07-23 00:00:00
UBL,2015-11-04 20:30:00,2015-11-05 00:00:00
UBL,2016-02-02 22:30:00,2016-02-03 00:00:00
UBL,2016-05-14 13:30:00,2016-05-16 00:00:00
UBL,2016-08-13 13:30:00,2016-08-15 00:00:00
UBL,2016-11-05 01:30:00,2016-11-07 00:00:00
UBL,2017-02-10 22:30:00,2017-02-13 00:00:00
UBL,2017-05-17 20:30:00,2017-05-18 00:00:00
UBL,2017-08-10 20:30:00,2017-08-11 00:00:00
UBL,2017-11-08 14:30:00,2017-11-08 00:00:00
UBL,2018-02-02 16:30:00,2018-02-05 00:00:00
UBL,2018-05-24 21:30:00,2018-05-25 00:00:00
UBL,2018-08-10 14:30:00,2018-08-10 00:00:00
UBL,2018-11-14 19:30:00,2018-11-15 00:00:00
UBL,2019-02-14 15:30:00,2019-02-15 00:00:00
UBL,2019-05-21 00:30:00,2019-05-21 00:00:00
UBL,2019-08-13 18:30:00,2019-08-14 00:00:00
UBL,2019-11-07 16:30:00,2019-11-08 00:00:00
UBL,2020-02-06 19:30:00,2020-02-07 00:00:00
UBL,2020-06-24 20:30:00,2020-06-25 00:00:00
UBL,2020-08-14 20:30:00,2020-08-17 00:00:00
UBL,2020-11-06 18:30:00,2020-11-09 00:00:00
UBL,2021-01-28 18:30:00,2021-01-29 00:00:00
UBL,2021-04-27 18:30:00,2021-04-28 00:00:00
UBL,2021-07-28 16:30:00,2021-07-29 00:00:00
UBL,2021-10-27 17:30:00,2021-10-28 00:00:00
UBL,2022-01-28 16:30:00,2022-01-31 00:00:00
UBL,2022-04-26 19:30:00,2022-04-27 00:00:00
UBL,2022-07-27 19:30:00,2022-07-28 00:00:00
UBL,2022-10-20 20:30:00,2022-10-21 00:00:00
UBL,2023-02-09 17:30:00,2023-02-10 00:00:00
UBL,2023-05-04 19:30:00,2023-05-05 00:00:00
UBL,2023-07-28 18:30:00,2023-07-31 00:00:00
UBL,2023-10-19 19:30:00,2023-10-20 00:00:00
UBL,2024-02-08 17:30:00,2024-02-09 00:00:00
UBL,2024-05-07 19:30:00,2024-05-08 00:00:00
UBL,2024-07-25 17:30:00,2024-07-26 00:00:00
UBL,2024-10-24 17:30:00,2024-10-25 00:00:00
UBL,2025-02-13 20:30:00,2025-02-14 00:00:00
UBL,2025-05-07 18:30:00,2025-05-08 00:00:00
UBL,2025-07-22 19:30:00,2025-07-23 00:00:00
UBL,2025-10-29 19:30:00,2025-10-30 00:00:00
UBL,2026-02-10 20:30:00,2026-02-11 00:00:00
UBL,2026-05-05 19:30:00,2026-05-06 00:00:00
UBL,2026-08-04 20:30:00,2026-08-05 00:00:00
UBL,2026-10-29 15:30:00,2026-10-30 00:00:00
ULTRACEMCO,2006-04-24 14:30:00,2006-04-24 00:00:00
ULTRACEMCO,2006-07-25 13:30:00,2006-07-25 00:00:00
ULTRACEMCO,2006-10-16 13:30:00,2006-10-16 00:00:00
ULTRACEMCO,2007-01-18 13:30:00,2007-01-18 00:00:00
ULTRACEMCO,2007-04-21 15:30:00,2007-04-23 00:00:00
ULTRACEMCO,2007-07-20 13:30:00,2007-07-20 00:00:00
ULTRACEMCO,2007-10-22 08:30:00,2007-10-22 00:00:00
ULTRACEMCO,2008-01-19 16:30:00,2008-01-21 00:00:00
ULTRACEMCO,2008-04-22 13:30:00,2008-04-22 00:00:00
ULTRACEMCO,2008-07-18 13:30:00,2008-07-18 00:00:00
ULTRACEMCO,2008-10-18 15:30:00,2008-10-20 00:00:00
ULTRACEMCO,2009-01-19 13:30:00,2009-01-19 00:00:00
ULTRACEMCO,2009-04-21 16:30:00,2009-04-22 00:00:00
ULTRACEMCO,2009-07-21 13:30:00,2009-07-21 00:00:00
ULTRACEMCO,2009-10-16 12:30:00,2009-10-16 00:00:00
ULTRACEMCO,2010-01-18 08:30:00,2010-01-18 00:00:00
ULTRACEMCO,2010-04-30 04:30:00,2010-04-30 00:00:00
ULTRACEMCO,2010-07-29 14:30:00,2010-07-29 00:00:00
ULTRACEMCO,2010-10-26 18:30:00,2010-10-27 00:00:00
ULTRACEMCO,2011-01-25 13:30:00,2011-01-25 00:00:00
ULTRACEMCO,2011-04-26 16:30:00,2011-04-27 00:00:00
ULTRACEMCO,2011-07-27 18:30:00,2011-07-28 00:00:00
ULTRACEMCO,2011-10-20 14:30:00,2011-10-20 00:00:00
ULTRACEMCO,2012-01-21 12:30:00,2012-01-23 00:00:00
ULTRACEMCO,2012-04-24 04:30:00,2012-04-24 00:00:00
ULTRACEMCO,2012-07-20 16:30:00,2012-07-23 00:00:00
ULTRACEMCO,2012-10-20 14:30:00,2012-10-22 00:00:00
ULTRACEMCO,2013-01-19 18:30:00,2013-01-21 00:00:00
ULTRACEMCO,2013-04-22 18:30:00,2013-04-23 00:00:00
ULTRACEMCO,2013-07-29 14:30:00,2013-07-29 00:00:00
ULTRACEMCO,2013-10-19 23:30:00,2013-10-21 00:00:00
ULTRACEMCO,2014-01-20 14:30:00,2014-01-20 00:00:00
ULTRACEMCO,2014-04-23 18:30:00,2014-04-24 00:00:00
ULTRACEMCO,2014-07-19 18:30:00,2014-07-21 00:00:00
ULTRACEMCO,2014-10-20 14:30:00,2014-10-20 00:00:00
ULTRACEMCO,2015-01-23 21:30:00,2015-01-26 00:00:00
ULTRACEMCO,2015-04-25 19:30:00,2015-04-27 00:00:00
ULTRACEMCO,2015-07-20 19:30:00,2015-07-21 00:00:00
ULTRACEMCO,2015-10-19 19:30:00,2015-10-20 00:00:00
ULTRACEMCO,2016-01-20 18:30:00,2016-01-21 00:00:00
ULTRACEMCO,2016-04-25 14:30:00,2016-04-25 00:00:00
ULTRACEMCO,2016-07-19 18:30:00,2016-07-20 00:00:00
ULTRACEMCO,2016-10-17 18:30:00,2016-10-18 00:00:00
ULTRACEMCO,2017-01-21 13:30:00,2017-01-23 00:00:00
ULTRACEMCO,2017-04-24 18:30:00,2017-04-25 00:00:00
ULTRACEMCO,2017-07-18 13:30:00,2017-07-18 00:00:00
ULTRACEMCO,2017-10-18 13:30:00,2017-10-18 00:00:00
ULTRACEMCO,2018-01-18 13:30:00,2018-01-18 00:00:00
ULTRACEMCO,2018-04-25 15:30:00,2018-04-26 00:00:00
ULTRACEMCO,2018-07-18 14:30:00,2018-07-18 00:00:00
ULTRACEMCO,2018-10-19 13:30:00,2018-10-19 00:00:00
ULTRACEMCO,2019-01-24 13:30:00,2019-01-24 00:00:00
ULTRACEMCO,2019-04-24 14:30:00,2019-04-24 00:00:00
ULTRACEMCO,2019-08-08 13:30:00,2019-08-08 00:00:00
ULTRACEMCO,2019-10-21 13:30:00,2019-10-21 00:00:00
ULTRACEMCO,2020-01-24 14:30:00,2020-01-24 00:00:00
ULTRACEMCO,2020-05-20 14:30:00,2020-05-20 00:00:00
ULTRACEMCO,2020-07-28 13:30:00,2020-07-28 00:00:00
ULTRACEMCO,2020-10-21 13:30:00,2020-10-21 00:00:00
ULTRACEMCO,2021-01-23 12:30:00,2021-01-25 00:00:00
ULTRACEMCO,2021-05-07 19:30:00,2021-05-10 00:00:00
ULTRACEMCO,2021-07-22 13:30:00,2021-07-22 00:00:00
ULTRACEMCO,2021-10-18 13:30:00,2021-10-18 00:00:00
ULTRACEMCO,2022-01-17 13:30:00,2022-01-17 00:00:00
ULTRACEMCO,2022-04-29 13:30:00,2022-04-29 00:00:00
ULTRACEMCO,2022-07-22 13:30:00,2022-07-22 00:00:00
ULTRACEMCO,2022-10-19 13:30:00,2022-10-19 00:00:00
ULTRACEMCO,2023-01-21 12:30:00,2023-01-23 00:00:00
ULTRACEMCO,2023-04-28 15:30:00,2023-05-01 00:00:00
ULTRACEMCO,2023-07-21 13:30:00,2023-07-21 00:00:00
ULTRACEMCO,2023-10-19 13:30:00,2023-10-19 00:00:00
ULTRACEMCO,2024-01-19 12:30:00,2024-01-19 00:00:00
ULTRACEMCO,2024-04-29 14:30:00,2024-04-29 00:00:00
ULTRACEMCO,2024-07-19 15:30:00,2024-07-22 00:00:00
ULTRACEMCO,2024-10-21 13:30:00,2024-10-21 00:00:00
ULTRACEMCO,2025-01-23 13:30:00,2025-01-23 00:00:00
ULTRACEMCO,2025-04-28 14:30:00,2025-04-28 00:00:00
ULTRACEMCO,2025-07-21 13:30:00,2025-07-21 00:00:00
ULTRACEMCO,2025-10-18 13:30:00,2025-10-20 00:00:00
ULTRACEMCO,2026-01-24 12:30:00,2026-01-26 00:00:00
ULTRACEMCO,2026-04-27 14:30:00,2026-04-27 00:00:00
ULTRACEMCO,2026-07-20 13:30:00,2026-07-20 00:00:00
ULTRACEMCO,2026-10-19 15:30:00,2026-10-20 00:00:00
UNIONBANK,2007-05-07 14:30:00,2007-05-07 00:00:00
UNIONBANK,2007-07-23 11:30:00,2007-07-23 00:00:00
UNIONBANK,2007-10-24 11:30:00,2007-10-24 00:00:00
UNIONBANK,2008-01-23 00:30:00,2008-01-23 00:00:00
UNIONBANK,2008-05-07 10:30:00,2008-05-07 00:00:00
UNIONBANK,2008-07-25 12:30:00,2008-07-25 00:00:00
UNIONBANK,2008-10-25 15:30:00,2008-10-27 00:00:00
UNIONBANK,2009-01-23 10:30:00,2009-01-23 00:00:00
UNIONBANK,2009-07-23 11:30:00,2009-07-23 00:00:00
UNIONBANK,2009-10-26 10:30:00,2009-10-26 00:00:00
UNIONBANK,2010-01-27 13:30:00,2010-01-27 00:00:00
UNIONBANK,2010-05-07 06:30:00,2010-05-07 00:00:00
UNIONBANK,2010-05-18 05:30:00,2010-05-18 00:00:00
UNIONBANK,2010-07-26 13:30:00,2010-07-26 00:00:00
UNIONBANK,2010-10-27 13:30:00,2010-10-27 00:00:00
UNIONBANK,2011-01-24 11:30:00,2011-01-24 00:00:00
UNIONBANK,2011-05-06 14:30:00,2011-05-06 00:00:00
UNIONBANK,2011-07-22 14:30:00,2011-07-22 00:00:00
UNIONBANK,2011-10-24 16:30:00,2011-10-25 00:00:00
UNIONBANK,2012-01-25 16:30:00,2012-01-26 00:00:00
UNIONBANK,2012-05-10 02:30:00,2012-05-10 00:00:00
UNIONBANK,2012-07-27 17:30:00,2012-07-30 00:00:00
UNIONBANK,2012-11-02 14:30:00,2012-11-02 00:00:00
UNIONBANK,2013-01-31 14:30:00,2013-01-31 00:00:00
UNIONBANK,2013-05-09 14:30:00,2013-05-09 00:00:00
UNIONBANK,2013-08-01 12:30:00,2013-08-01 00:00:00
UNIONBANK,2013-10-31 14:30:00,2013-10-31 00:00:00
UNIONBANK,2014-01-31 12:30:00,2014-01-31 00:00:00
UNIONBANK,2014-05-09 14:30:00,2014-05-09 00:00:00
UNIONBANK,2014-08-01 16:30:00,2014-08-04 00:00:00
UNIONBANK,2014-11-05 21:30:00,2014-11-06 00:00:00
UNIONBANK,2015-01-29 00:30:00,2015-01-29 00:00:00
UNIONBANK,2015-05-12 17:30:00,2015-05-13 00:00:00
UNIONBANK,2015-07-28 17:30:00,2015-07-29 00:00:00
UNIONBANK,2015-11-06 20:30:00,2015-11-09 00:00:00
UNIONBANK,2016-02-11 12:30:00,2016-02-11 00:00:00
UNIONBANK,2016-05-13 17:30:00,2016-05-16 00:00:00
UNIONBANK,2016-08-06 12:30:00,2016-08-08 00:00:00
UNIONBANK,2016-11-05 10:30:00,2016-11-07 00:00:00
UNIONBANK,2017-02-10 15:30:00,2017-02-13 00:00:00
UNIONBANK,2017-05-08 18:30:00,2017-05-09 00:00:00
UNIONBANK,2017-08-10 16:30:00,2017-08-11 00:00:00
UNIONBANK,2017-11-03 17:30:00,2017-11-06 00:00:00
UNIONBANK,2018-02-03 14:30:00,2018-02-05 00:00:00
UNIONBANK,2018-05-10 16:30:00,2018-05-11 00:00:00
UNIONBANK,2018-08-10 15:30:00,2018-08-13 00:00:00
UNIONBANK,2018-10-29 15:30:00,2018-10-30 00:00:00
UNIONBANK,2019-01-21 14:30:00,2019-01-21 00:00:00
UNIONBANK,2019-05-14 17:30:00,2019-05-15 00:00:00
UNIONBANK,2019-08-02 17:30:00,2019-08-05 00:00:00
UNIONBANK,2019-11-14 16:30:00,2019-11-15 00:00:00
UNIONBANK,2020-02-10 15:30:00,2020-02-11 00:00:00
UNIONBANK,2020-06-23 19:30:00,2020-06-24 00:00:00
UNIONBANK,2020-08-21 17:30:00,2020-08-24 00:00:00
UNIONBANK,2020-11-06 17:30:00,2020-11-09 00:00:00
UNIONBANK,2021-01-29 14:30:00,2021-01-29 00:00:00
UNIONBANK,2021-07-29 14:30:00,2021-07-29 00:00:00
UNIONBANK,2021-11-02 13:30:00,2021-11-02 00:00:00
UNIONBANK,2022-02-07 13:30:00,2022-02-07 00:00:00
UNIONBANK,2022-05-13 12:30:00,2022-05-13 00:00:00
UNIONBANK,2022-07-26 12:30:00,2022-07-26 00:00:00
UNIONBANK,2022-10-20 13:30:00,2022-10-20 00:00:00
UNIONBANK,2023-01-20 12:30:00,2023-01-20 00:00:00
UNIONBANK,2023-05-06 13:30:00,2023-05-08 00:00:00
UNIONBANK,2023-07-20 19:30:00,2023-07-21 00:00:00
UNIONBANK,2023-10-27 18:30:00,2023-10-30 00:00:00
UNIONBANK,2024-01-20 13:30:00,2024-01-22 00:00:00
UNIONBANK,2024-05-10 19:30:00,2024-05-13 00:00:00
UNIONBANK,2024-07-19 19:30:00,2024-07-22 00:00:00
UNIONBANK,2024-10-21 19:30:00,2024-10-22 00:00:00
UNIONBANK,2025-01-27 19:30:00,2025-01-28 00:00:00
UNIONBANK,2025-05-08 20:30:00,2025-05-09 00:00:00
UNIONBANK,2025-07-19 13:30:00,2025-07-21 00:00:00
UNIONBANK,2025-10-30 12:30:00,2025-10-30 00:00:00
UNIONBANK,2026-01-14 12:30:00,2026-01-14 00:00:00
UNIONBANK,2026-04-23 12:30:00,2026-04-23 00:00:00
UNIONBANK,2026-07-15 11:30:00,2026-07-15 00:00:00
UNIONBANK,2026-10-29 15:30:00,2026-10-30 00:00:00
UNITDSPR,2008-07-22 09:30:00,2008-07-22 00:00:00
UNITDSPR,2009-01-21 16:30:00,2009-01-22 00:00:00
UNITDSPR,2009-04-28 08:30:00,2009-04-28 00:00:00
UNITDSPR,2009-07-29 19:30:00,2009-07-30 00:00:00
UNITDSPR,2009-10-27 08:30:00,2009-10-27 00:00:00
UNITDSPR,2010-01-21 18:30:00,2010-01-22 00:00:00
UNITDSPR,2010-07-20 17:30:00,2010-07-21 00:00:00
UNITDSPR,2010-08-18 05:30:00,2010-08-18 00:00:00
UNITDSPR,2010-10-28 13:30:00,2010-10-28 00:00:00
UNITDSPR,2011-04-30 14:30:00,2011-05-02 00:00:00
UNITDSPR,2011-08-03 19:30:00,2011-08-04 00:00:00
UNITDSPR,2012-01-21 07:30:00,2012-01-23 00:00:00
UNITDSPR,2012-04-16 04:30:00,2012-04-16 00:00:00
UNITDSPR,2012-07-29 07:30:00,2012-07-30 00:00:00
UNITDSPR,2012-11-09 09:30:00,2012-11-09 00:00:00
UNITDSPR,2013-02-04 20:30:00,2013-02-05 00:00:00
UNITDSPR,2013-05-16 06:30:00,2013-05-16 00:00:00
UNITDSPR,2013-08-01 10:30:00,2013-08-01 00:00:00
UNITDSPR,2013-11-23 03:30:00,2013-11-25 00:00:00
UNITDSPR,2014-02-14 04:30:00,2014-02-14 00:00:00
UNITDSPR,2014-09-08 22:30:00,2014-09-09 00:00:00
UNITDSPR,2014-10-20 18:30:00,2014-10-21 00:00:00
UNITDSPR,2014-11-14 13:30:00,2014-11-14 00:00:00
UNITDSPR,2015-01-27 13:30:00,2015-01-27 00:00:00
UNITDSPR,2015-05-27 15:30:00,2015-05-28 00:00:00
UNITDSPR,2015-07-23 23:30:00,2015-07-24 00:00:00
UNITDSPR,2015-11-03 08:30:00,2015-11-03 00:00:00
UNITDSPR,2016-01-28 13:30:00,2016-01-28 00:00:00
UNITDSPR,2016-05-27 01:30:00,2016-05-27 00:00:00
UNITDSPR,2016-07-26 18:30:00,2016-07-27 00:00:00
UNITDSPR,2016-10-27 22:30:00,2016-10-28 00:00:00
UNITDSPR,2017-01-21 17:30:00,2017-01-23 00:00:00
UNITDSPR,2017-05-30 18:30:00,2017-05-31 00:00:00
UNITDSPR,2017-07-23 18:30:00,2017-07-24 00:00:00
UNITDSPR,2017-10-26 16:30:00,2017-10-27 00:00:00
UNITDSPR,2018-01-23 19:30:00,2018-01-24 00:00:00
UNITDSPR,2018-05-24 19:30:00,2018-05-25 00:00:00
UNITDSPR,2018-07-25 05:30:00,2018-07-25 00:00:00
UNITDSPR,2018-10-31 18:30:00,2018-11-01 00:00:00
UNITDSPR,2019-01-23 19:30:00,2019-01-24 00:00:00
UNITDSPR,2019-05-29 18:30:00,2019-05-30 00:00:00
UNITDSPR,2019-07-22 17:30:00,2019-07-23 00:00:00
UNITDSPR,2019-10-24 16:30:00,2019-10-25 00:00:00
UNITDSPR,2020-01-27 18:30:00,2020-01-28 00:00:00
UNITDSPR,2020-05-27 17:30:00,2020-05-28 00:00:00
UNITDSPR,2020-07-27 17:30:00,2020-07-28 00:00:00
UNITDSPR,2020-11-04 15:30:00,2020-11-05 00:00:00
UNITDSPR,2021-01-27 18:30:00,2021-01-28 00:00:00
UNITDSPR,2021-05-21 16:30:00,2021-05-24 00:00:00
UNITDSPR,2021-07-23 17:30:00,2021-07-26 00:00:00
UNITDSPR,2021-10-27 14:30:00,2021-10-27 00:00:00
UNITDSPR,2022-01-25 16:30:00,2022-01-26 00:00:00
UNITDSPR,2022-05-27 17:30:00,2022-05-30 00:00:00
UNITDSPR,2022-07-26 18:30:00,2022-07-27 00:00:00
UNITDSPR,2022-10-21 17:30:00,2022-10-24 00:00:00
UNITDSPR,2023-01-24 18:30:00,2023-01-25 00:00:00
UNITDSPR,2023-05-18 17:30:00,2023-05-19 00:00:00
UNITDSPR,2023-07-20 15:30:00,2023-07-21 00:00:00
UNITDSPR,2023-11-08 17:30:00,2023-11-09 00:00:00
UNITDSPR,2024-01-23 16:30:00,2024-01-24 00:00:00
UNITDSPR,2024-05-24 17:30:00,2024-05-27 00:00:00
UNITDSPR,2024-07-23 19:30:00,2024-07-24 00:00:00
UNITDSPR,2024-10-23 17:30:00,2024-10-24 00:00:00
UNITDSPR,2025-01-23 19:30:00,2025-01-24 00:00:00
UNITDSPR,2025-05-20 18:30:00,2025-05-21 00:00:00
UNITDSPR,2025-08-13 18:30:00,2025-08-14 00:00:00
UNITDSPR,2025-10-30 17:30:00,2025-10-31 00:00:00
UNITDSPR,2026-01-20 18:30:00,2026-01-21 00:00:00
UNITDSPR,2026-05-14 17:30:00,2026-05-15 00:00:00
UNITDSPR,2026-07-22 20:30:00,2026-07-23 00:00:00
UNITDSPR,2026-08-13 15:30:00,2026-08-14 00:00:00
UNITDSPR,2026-10-22 15:30:00,2026-10-23 00:00:00
UNOMINDA,2017-02-07 18:30:00,2017-02-08 00:00:00
UNOMINDA,2017-05-16 14:30:00,2017-05-16 00:00:00
UNOMINDA,2017-08-29 13:30:00,2017-08-29 00:00:00
UNOMINDA,2017-11-11 12:30:00,2017-11-13 00:00:00
UNOMINDA,2018-02-13 13:30:00,2018-02-13 00:00:00
UNOMINDA,2018-05-22 16:30:00,2018-05-23 00:00:00
UNOMINDA,2018-08-08 12:30:00,2018-08-08 00:00:00
UNOMINDA,2018-11-05 12:30:00,2018-11-05 00:00:00
UNOMINDA,2019-02-06 14:30:00,2019-02-06 00:00:00
UNOMINDA,2019-05-16 14:30:00,2019-05-16 00:00:00
UNOMINDA,2019-08-06 12:30:00,2019-08-06 00:00:00
UNOMINDA,2019-11-14 13:30:00,2019-11-14 00:00:00
UNOMINDA,2020-02-06 14:30:00,2020-02-06 00:00:00
UNOMINDA,2020-06-29 16:30:00,2020-06-30 00:00:00
UNOMINDA,2020-08-22 13:30:00,2020-08-24 00:00:00
UNOMINDA,2020-11-10 14:30:00,2020-11-10 00:00:00
UNOMINDA,2021-02-04 14:30:00,2021-02-04 00:00:00
UNOMINDA,2021-06-13 18:30:00,2021-06-14 00:00:00
UNOMINDA,2021-08-14 12:30:00,2021-08-16 00:00:00
UNOMINDA,2021-11-11 14:30:00,2021-11-11 00:00:00
UNOMINDA,2022-02-07 11:30:00,2022-02-07 00:00:00
UNOMINDA,2022-05-24 15:30:00,2022-05-25 00:00:00
UNOMINDA,2022-08-08 11:30:00,2022-08-08 00:00:00
UNOMINDA,2022-11-10 12:30:00,2022-11-10 00:00:00
UNOMINDA,2023-02-08 12:30:00,2023-02-08 00:00:00
UNOMINDA,2023-05-18 18:30:00,2023-05-19 00:00:00
UNOMINDA,2023-08-09 11:30:00,2023-08-09 00:00:00
UNOMINDA,2023-11-07 12:30:00,2023-11-07 00:00:00
UNOMINDA,2024-02-07 12:30:00,2024-02-07 00:00:00
UNOMINDA,2024-05-23 14:30:00,2024-05-23 00:00:00
UNOMINDA,2024-08-07 12:30:00,2024-08-07 00:00:00
UNOMINDA,2024-11-12 11:30:00,2024-11-12 00:00:00
UNOMINDA,2025-02-06 11:30:00,2025-02-06 00:00:00
UNOMINDA,2025-05-21 14:30:00,2025-05-21 00:00:00
UNOMINDA,2025-08-06 12:30:00,2025-08-06 00:00:00
UNOMINDA,2025-11-07 21:30:00,2025-11-10 00:00:00
UNOMINDA,2026-02-05 12:30:00,2026-02-05 00:00:00
UNOMINDA,2026-05-16 17:30:00,2026-05-18 00:00:00
UNOMINDA,2026-08-04 10:30:00,2026-08-04 00:00:00
UNOMINDA,2026-11-05 15:30:00,2026-11-06 00:00:00
UPL,2009-04-25 14:30:00,2009-04-27 00:00:00
UPL,2009-07-23 15:30:00,2009-07-24 00:00:00
UPL,2009-10-26 11:30:00,2009-10-26 00:00:00
UPL,2010-01-28 12:30:00,2010-01-28 00:00:00
UPL,2010-04-30 09:30:00,2010-04-30 00:00:00
UPL,2010-07-27 04:30:00,2010-07-27 00:00:00
UPL,2010-10-28 02:30:00,2010-10-28 00:00:00
UPL,2011-01-25 11:30:00,2011-01-25 00:00:00
UPL,2011-10-21 18:30:00,2011-10-24 00:00:00
UPL,2012-10-23 14:30:00,2012-10-23 00:00:00
UPL,2013-01-29 14:30:00,2013-01-29 00:00:00
UPL,2013-04-25 10:30:00,2013-04-25 00:00:00
UPL,2013-07-24 14:30:00,2013-07-24 00:00:00
UPL,2013-10-24 14:30:00,2013-10-24 00:00:00
UPL,2014-01-24 14:30:00,2014-01-24 00:00:00
UPL,2014-04-25 15:30:00,2014-04-28 00:00:00
UPL,2014-07-28 18:30:00,2014-07-29 00:00:00
UPL,2014-10-21 17:30:00,2014-10-22 00:00:00
UPL,2015-02-02 09:30:00,2015-02-02 00:00:00
UPL,2015-04-27 17:30:00,2015-04-28 00:00:00
UPL,2015-07-29 18:30:00,2015-07-30 00:00:00
UPL,2015-10-26 18:30:00,2015-10-27 00:00:00
UPL,2016-01-29 17:30:00,2016-02-01 00:00:00
UPL,2016-04-29 17:30:00,2016-05-02 00:00:00
UPL,2016-07-29 12:30:00,2016-07-29 00:00:00
UPL,2016-10-28 17:30:00,2016-10-31 00:00:00
UPL,2017-01-25 12:30:00,2017-01-25 00:00:00
UPL,2017-04-29 03:30:00,2017-05-01 00:00:00
UPL,2017-07-31 14:30:00,2017-07-31 00:00:00
UPL,2017-10-30 13:30:00,2017-10-30 00:00:00
UPL,2018-01-25 17:30:00,2018-01-26 00:00:00
UPL,2018-04-27 15:30:00,2018-04-30 00:00:00
UPL,2018-07-31 13:30:00,2018-07-31 00:00:00
UPL,2018-10-26 13:30:00,2018-10-26 00:00:00
UPL,2019-01-31 19:30:00,2019-02-01 00:00:00
UPL,2019-05-17 14:30:00,2019-05-17 00:00:00
UPL,2019-07-31 16:30:00,2019-08-01 00:00:00
UPL,2019-11-07 14:30:00,2019-11-07 00:00:00
UPL,2020-02-07 16:30:00,2020-02-10 00:00:00
UPL,2020-05-22 16:30:00,2020-05-25 00:00:00
UPL,2020-07-31 05:30:00,2020-07-31 00:00:00
UPL,2020-10-30 15:30:00,2020-11-02 00:00:00
UPL,2021-01-29 15:30:00,2021-02-01 00:00:00
UPL,2021-05-12 15:30:00,2021-05-13 00:00:00
UPL,2021-07-30 15:30:00,2021-08-02 00:00:00
UPL,2021-10-29 15:30:00,2021-11-01 00:00:00
UPL,2022-01-31 10:30:00,2022-01-31 00:00:00
UPL,2022-05-09 11:30:00,2022-05-09 00:00:00
UPL,2022-08-01 14:30:00,2022-08-01 00:00:00
UPL,2022-11-01 14:30:00,2022-11-01 00:00:00
UPL,2023-01-31 14:30:00,2023-01-31 00:00:00
UPL,2023-05-08 13:30:00,2023-05-08 00:00:00
UPL,2023-07-31 14:30:00,2023-07-31 00:00:00
UPL,2023-10-30 14:30:00,2023-10-30 00:00:00
UPL,2024-02-02 16:30:00,2024-02-05 00:00:00
UPL,2024-05-13 13:30:00,2024-05-13 00:00:00
UPL,2024-08-02 14:30:00,2024-08-02 00:00:00
UPL,2024-11-11 14:30:00,2024-11-11 00:00:00
UPL,2025-01-31 14:30:00,2025-01-31 00:00:00
UPL,2025-05-12 12:30:00,2025-05-12 00:00:00
UPL,2025-08-01 14:30:00,2025-08-01 00:00:00
UPL,2025-11-06 13:30:00,2025-11-06 00:00:00
UPL,2026-02-02 14:30:00,2026-02-02 00:00:00
UPL,2026-05-11 12:30:00,2026-05-11 00:00:00
UPL,2026-08-03 14:30:00,2026-08-03 00:00:00
UPL,2026-11-05 15:30:00,2026-11-06 00:00:00
VBL,2017-08-09 15:30:00,2017-08-10 00:00:00
VBL,2017-11-06 12:30:00,2017-11-06 00:00:00
VBL,2018-02-16 12:30:00,2018-02-16 00:00:00
VBL,2018-05-03 11:30:00,2018-05-03 00:00:00
VBL,2018-08-09 11:30:00,2018-08-09 00:00:00
VBL,2018-10-25 11:30:00,2018-10-25 00:00:00
VBL,2019-02-20 12:30:00,2019-02-20 00:00:00
VBL,2019-05-09 11:30:00,2019-05-09 00:00:00
VBL,2019-08-01 12:30:00,2019-08-01 00:00:00
VBL,2019-11-04 11:30:00,2019-11-04 00:00:00
VBL,2020-02-07 11:30:00,2020-02-07 00:00:00
VBL,2020-05-05 11:30:00,2020-05-05 00:00:00
VBL,2020-08-04 11:30:00,2020-08-04 00:00:00
VBL,2020-11-03 11:30:00,2020-11-03 00:00:00
VBL,2021-02-16 11:30:00,2021-02-16 00:00:00
VBL,2021-05-03 11:30:00,2021-05-03 00:00:00
VBL,2021-08-02 11:30:00,2021-08-02 00:00:00
VBL,2021-10-29 11:30:00,2021-10-29 00:00:00
VBL,2022-02-03 11:30:00,2022-02-03 00:00:00
VBL,2022-04-28 11:30:00,2022-04-28 00:00:00
VBL,2022-08-01 11:30:00,2022-08-01 00:00:00
VBL,2022-11-01 11:30:00,2022-11-01 00:00:00
VBL,2023-02-06 11:30:00,2023-02-06 00:00:00
VBL,2023-05-02 11:30:00,2023-05-02 00:00:00
VBL,2023-08-03 11:30:00,2023-08-03 00:00:00
VBL,2023-11-06 11:30:00,2023-11-06 00:00:00
VBL,2024-02-05 11:30:00,2024-02-05 00:00:00
VBL,2024-05-13 11:30:00,2024-05-13 00:00:00
VBL,2024-07-30 11:30:00,2024-07-30 00:00:00
VBL,2024-10-22 11:30:00,2024-10-22 00:00:00
VBL,2025-02-10 11:30:00,2025-02-10 00:00:00
VBL,2025-04-30 11:30:00,2025-04-30 00:00:00
VBL,2025-07-29 11:30:00,2025-07-29 00:00:00
VBL,2025-10-29 11:30:00,2025-10-29 00:00:00
VBL,2026-02-03 11:30:00,2026-02-03 00:00:00
VBL,2026-04-27 11:30:00,2026-04-27 00:00:00
VBL,2026-07-28 13:30:00,2026-07-28 00:00:00
VBL,2026-10-28 15:30:00,2026-10-29 00:00:00
VEDL,2008-04-28 10:30:00,2008-04-28 00:00:00
VEDL,2008-10-22 19:30:00,2008-10-23 00:00:00
VEDL,2009-01-27 13:30:00,2009-01-27 00:00:00
VEDL,2009-04-20 16:30:00,2009-04-21 00:00:00
VEDL,2009-07-29 16:30:00,2009-07-30 00:00:00
VEDL,2009-10-20 19:30:00,2009-10-21 00:00:00
VEDL,2010-01-18 05:30:00,2010-01-18 00:00:00
VEDL,2010-04-20 17:30:00,2010-04-21 00:00:00
VEDL,2010-07-20 04:30:00,2010-07-20 00:00:00
VEDL,2010-10-19 04:30:00,2010-10-19 00:00:00
VEDL,2011-01-24 18:30:00,2011-01-25 00:00:00
VEDL,2011-04-25 16:30:00,2011-04-26 00:00:00
VEDL,2011-07-22 14:30:00,2011-07-22 00:00:00
VEDL,2011-10-25 19:30:00,2011-10-26 00:00:00
VEDL,2012-01-25 17:30:00,2012-01-26 00:00:00
VEDL,2012-04-25 00:30:00,2012-04-25 00:00:00
VEDL,2012-07-24 16:30:00,2012-07-25 00:00:00
VEDL,2012-10-26 18:30:00,2012-10-29 00:00:00
VEDL,2013-01-24 22:30:00,2013-01-25 00:00:00
VEDL,2013-04-29 14:30:00,2013-04-29 00:00:00
VEDL,2013-07-29 18:30:00,2013-07-30 00:00:00
VEDL,2013-10-31 18:30:00,2013-11-01 00:00:00
VEDL,2014-01-28 17:30:00,2014-01-29 00:00:00
VEDL,2014-04-29 16:30:00,2014-04-30 00:00:00
VEDL,2014-07-29 17:30:00,2014-07-30 00:00:00
VEDL,2014-10-29 16:30:00,2014-10-30 00:00:00
VEDL,2015-01-29 17:30:00,2015-01-30 00:00:00
VEDL,2015-04-29 17:30:00,2015-04-30 00:00:00
VEDL,2015-07-29 16:30:00,2015-07-30 00:00:00
VEDL,2015-10-27 18:30:00,2015-10-28 00:00:00
VEDL,2016-01-28 16:30:00,2016-01-29 00:00:00
VEDL,2016-04-28 19:30:00,2016-04-29 00:00:00
VEDL,2016-07-29 16:30:00,2016-08-01 00:00:00
VEDL,2016-10-28 19:30:00,2016-10-31 00:00:00
VEDL,2017-02-14 19:30:00,2017-02-15 00:00:00
VEDL,2017-05-15 15:30:00,2017-05-16 00:00:00
VEDL,2017-07-25 15:30:00,2017-07-26 00:00:00
VEDL,2017-11-02 15:30:00,2017-11-03 00:00:00
VEDL,2018-01-31 15:30:00,2018-02-01 00:00:00
VEDL,2018-05-03 18:30:00,2018-05-04 00:00:00
VEDL,2018-07-31 16:30:00,2018-08-01 00:00:00
VEDL,2018-10-31 16:30:00,2018-11-01 00:00:00
VEDL,2019-01-31 17:30:00,2019-02-01 00:00:00
VEDL,2019-05-07 17:30:00,2019-05-08 00:00:00
VEDL,2019-07-26 17:30:00,2019-07-29 00:00:00
VEDL,2019-11-14 13:30:00,2019-11-14 00:00:00
VEDL,2020-01-31 16:30:00,2020-02-03 00:00:00
VEDL,2020-06-06 14:30:00,2020-06-08 00:00:00
VEDL,2020-10-03 21:30:00,2020-10-05 00:00:00
VEDL,2020-11-06 16:30:00,2020-11-09 00:00:00
VEDL,2021-01-29 15:30:00,2021-02-01 00:00:00
VEDL,2021-05-13 15:30:00,2021-05-14 00:00:00
VEDL,2021-07-26 14:30:00,2021-07-26 00:00:00
VEDL,2021-10-29 15:30:00,2021-11-01 00:00:00
VEDL,2022-01-28 20:30:00,2022-01-31 00:00:00
VEDL,2022-04-28 15:30:00,2022-04-29 00:00:00
VEDL,2022-07-28 15:30:00,2022-07-29 00:00:00
VEDL,2022-10-28 15:30:00,2022-10-31 00:00:00
VEDL,2023-01-27 17:30:00,2023-01-30 00:00:00
VEDL,2023-05-12 14:30:00,2023-05-12 00:00:00
VEDL,2023-07-21 18:30:00,2023-07-24 00:00:00
VEDL,2023-11-04 05:30:00,2023-11-06 00:00:00
VEDL,2024-01-25 15:30:00,2024-01-26 00:00:00
VEDL,2024-04-25 14:30:00,2024-04-25 00:00:00
VEDL,2024-08-06 13:30:00,2024-08-06 00:00:00
VEDL,2024-11-08 13:30:00,2024-11-08 00:00:00
VEDL,2025-01-31 14:30:00,2025-01-31 00:00:00
VEDL,2025-04-30 14:30:00,2025-04-30 00:00:00
VEDL,2025-07-31 14:30:00,2025-07-31 00:00:00
VEDL,2025-11-01 03:30:00,2025-11-03 00:00:00
VEDL,2026-01-29 15:30:00,2026-01-30 00:00:00
VEDL,2026-04-29 14:30:00,2026-04-29 00:00:00
VEDL,2026-07-30 14:30:00,2026-07-30 00:00:00
VEDL,2026-10-29 15:30:00,2026-10-30 00:00:00
VMM,2025-01-31 18:30:00,2025-02-03 00:00:00
VMM,2025-04-29 18:30:00,2025-04-30 00:00:00
VMM,2025-08-13 15:30:00,2025-08-14 00:00:00
VMM,2025-11-13 15:30:00,2025-11-14 00:00:00
VMM,2026-01-27 19:30:00,2026-01-28 00:00:00
VMM,2026-05-14 12:30:00,2026-05-14 00:00:00
VMM,2026-07-23 12:30:00,2026-07-23 00:00:00
VOLTAS,2007-10-25 15:30:00,2007-10-26 00:00:00
VOLTAS,2008-01-25 14:30:00,2008-01-25 00:00:00
VOLTAS,2008-05-15 15:30:00,2008-05-16 00:00:00
VOLTAS,2008-07-21 15:30:00,2008-07-22 00:00:00
VOLTAS,2008-10-24 03:30:00,2008-10-24 00:00:00
VOLTAS,2009-07-30 14:30:00,2009-07-30 00:00:00
VOLTAS,2010-05-28 17:30:00,2010-05-31 00:00:00
VOLTAS,2010-10-26 16:30:00,2010-10-27 00:00:00
VOLTAS,2011-02-03 04:30:00,2011-02-03 00:00:00
VOLTAS,2011-07-30 04:30:00,2011-08-01 00:00:00
VOLTAS,2011-08-13 20:30:00,2011-08-15 00:00:00
VOLTAS,2011-11-09 16:30:00,2011-11-10 00:00:00
VOLTAS,2012-01-16 04:30:00,2012-01-16 00:00:00
VOLTAS,2012-05-24 16:30:00,2012-05-25 00:00:00
VOLTAS,2012-11-06 04:30:00,2012-11-06 00:00:00
VOLTAS,2013-02-11 13:30:00,2013-02-11 00:00:00
VOLTAS,2013-05-21 06:30:00,2013-05-21 00:00:00
VOLTAS,2013-08-13 18:30:00,2013-08-14 00:00:00
VOLTAS,2013-11-06 18:30:00,2013-11-07 00:00:00
VOLTAS,2014-01-30 14:30:00,2014-01-30 00:00:00
VOLTAS,2014-05-29 18:30:00,2014-05-30 00:00:00
VOLTAS,2014-08-14 00:30:00,2014-08-14 00:00:00
VOLTAS,2014-11-13 23:30:00,2014-11-14 00:00:00
VOLTAS,2015-02-11 20:30:00,2015-02-12 00:00:00
VOLTAS,2015-05-21 22:30:00,2015-05-22 00:00:00
VOLTAS,2015-08-12 19:30:00,2015-08-13 00:00:00
VOLTAS,2015-11-06 19:30:00,2015-11-09 00:00:00
VOLTAS,2016-02-11 13:30:00,2016-02-11 00:00:00
VOLTAS,2016-05-17 20:30:00,2016-05-18 00:00:00
VOLTAS,2016-08-02 18:30:00,2016-08-03 00:00:00
VOLTAS,2016-11-16 22:30:00,2016-11-17 00:00:00
VOLTAS,2017-02-14 23:30:00,2017-02-15 00:00:00
VOLTAS,2017-05-23 19:30:00,2017-05-24 00:00:00
VOLTAS,2017-08-02 13:30:00,2017-08-02 00:00:00
VOLTAS,2017-11-08 17:30:00,2017-11-09 00:00:00
VOLTAS,2018-02-07 13:30:00,2018-02-07 00:00:00
VOLTAS,2018-05-17 16:30:00,2018-05-18 00:00:00
VOLTAS,2018-08-10 13:30:00,2018-08-10 00:00:00
VOLTAS,2018-11-06 14:30:00,2018-11-06 00:00:00
VOLTAS,2019-02-14 22:30:00,2019-02-15 00:00:00
VOLTAS,2019-05-09 15:30:00,2019-05-10 00:00:00
VOLTAS,2019-08-07 13:30:00,2019-08-07 00:00:00
VOLTAS,2019-11-06 17:30:00,2019-11-07 00:00:00
VOLTAS,2020-02-07 13:30:00,2020-02-07 00:00:00
VOLTAS,2020-05-29 18:30:00,2020-06-01 00:00:00
VOLTAS,2020-08-14 13:30:00,2020-08-14 00:00:00
VOLTAS,2020-11-06 12:30:00,2020-11-06 00:00:00
VOLTAS,2021-02-12 11:30:00,2021-02-12 00:00:00
VOLTAS,2021-05-12 13:30:00,2021-05-12 00:00:00
VOLTAS,2021-08-06 11:30:00,2021-08-06 00:00:00
VOLTAS,2021-10-29 12:30:00,2021-10-29 00:00:00
VOLTAS,2022-02-11 17:30:00,2022-02-14 00:00:00
VOLTAS,2022-05-05 19:30:00,2022-05-06 00:00:00
VOLTAS,2022-08-02 17:30:00,2022-08-03 00:00:00
VOLTAS,2022-11-01 15:30:00,2022-11-02 00:00:00
VOLTAS,2023-02-09 15:30:00,2023-02-10 00:00:00
VOLTAS,2023-04-26 18:30:00,2023-04-27 00:00:00
VOLTAS,2023-08-11 17:30:00,2023-08-14 00:00:00
VOLTAS,2023-10-19 18:30:00,2023-10-20 00:00:00
VOLTAS,2024-01-30 18:30:00,2024-01-31 00:00:00
VOLTAS,2024-05-07 17:30:00,2024-05-08 00:00:00
VOLTAS,2024-08-12 07:30:00,2024-08-12 00:00:00
VOLTAS,2024-10-29 15:30:00,2024-10-30 00:00:00
VOLTAS,2025-01-29 16:30:00,2025-01-30 00:00:00
VOLTAS,2025-05-07 05:30:00,2025-05-07 00:00:00
VOLTAS,2025-08-08 15:30:00,2025-08-11 00:00:00
VOLTAS,2025-11-13 14:30:00,2025-11-13 00:00:00
VOLTAS,2026-01-29 16:30:00,2026-01-30 00:00:00
VOLTAS,2026-05-14 17:30:00,2026-05-15 00:00:00
VOLTAS,2026-08-14 17:30:00,2026-08-17 00:00:00
VOLTAS,2026-11-19 15:30:00,2026-11-20 00:00:00
WAAREEENER,2025-04-22 20:30:00,2025-04-23 00:00:00
WAAREEENER,2025-07-28 17:30:00,2025-07-29 00:00:00
WAAREEENER,2025-10-16 20:30:00,2025-10-17 00:00:00
WAAREEENER,2026-01-21 19:30:00,2026-01-22 00:00:00
WAAREEENER,2026-04-29 22:30:00,2026-04-30 00:00:00
WAAREEENER,2026-07-29 17:30:00,2026-07-30 00:00:00
WIPRO,2004-10-15 08:30:00,2004-10-15 00:00:00
WIPRO,2005-01-21 08:30:00,2005-01-21 00:00:00
WIPRO,2005-04-22 08:30:00,2005-04-22 00:00:00
WIPRO,2005-07-22 08:30:00,2005-07-22 00:00:00
WIPRO,2005-10-19 08:30:00,2005-10-19 00:00:00
WIPRO,2006-01-18 08:30:00,2006-01-18 00:00:00
WIPRO,2006-04-19 08:30:00,2006-04-19 00:00:00
WIPRO,2006-07-19 08:30:00,2006-07-19 00:00:00
WIPRO,2006-10-18 08:30:00,2006-10-18 00:00:00
WIPRO,2007-01-17 08:30:00,2007-01-17 00:00:00
WIPRO,2007-04-20 08:30:00,2007-04-20 00:00:00
WIPRO,2007-07-19 08:30:00,2007-07-19 00:00:00
WIPRO,2007-10-19 08:30:00,2007-10-19 00:00:00
WIPRO,2008-01-18 08:30:00,2008-01-18 00:00:00
WIPRO,2008-04-18 08:30:00,2008-04-18 00:00:00
WIPRO,2008-07-18 08:30:00,2008-07-18 00:00:00
WIPRO,2008-10-22 07:30:00,2008-10-22 00:00:00
WIPRO,2009-01-21 08:30:00,2009-01-21 00:00:00
WIPRO,2009-04-22 08:30:00,2009-04-22 00:00:00
WIPRO,2009-07-22 08:30:00,2009-07-22 00:00:00
WIPRO,2009-10-27 08:30:00,2009-10-27 00:00:00
WIPRO,2010-01-20 07:30:00,2010-01-20 00:00:00
WIPRO,2010-04-23 08:30:00,2010-04-23 00:00:00
WIPRO,2010-07-23 08:30:00,2010-07-23 00:00:00
WIPRO,2010-10-22 10:30:00,2010-10-22 00:00:00
WIPRO,2011-01-21 07:30:00,2011-01-21 00:00:00
WIPRO,2011-04-27 11:30:00,2011-04-27 00:00:00
WIPRO,2011-07-20 08:30:00,2011-07-20 00:00:00
WIPRO,2011-10-31 09:30:00,2011-10-31 00:00:00
WIPRO,2012-01-20 08:30:00,2012-01-20 00:00:00
WIPRO,2012-04-25 09:30:00,2012-04-25 00:00:00
WIPRO,2012-07-24 04:30:00,2012-07-24 00:00:00
WIPRO,2012-11-02 09:30:00,2012-11-02 00:00:00
WIPRO,2013-01-18 08:30:00,2013-01-18 00:00:00
WIPRO,2013-04-19 10:30:00,2013-04-19 00:00:00
WIPRO,2013-07-26 16:30:00,2013-07-29 00:00:00
WIPRO,2013-10-22 16:30:00,2013-10-23 00:00:00
WIPRO,2014-01-17 16:30:00,2014-01-20 00:00:00
WIPRO,2014-04-17 16:30:00,2014-04-18 00:00:00
WIPRO,2014-07-24 04:30:00,2014-07-24 00:00:00
WIPRO,2014-10-22 15:30:00,2014-10-23 00:00:00
WIPRO,2015-01-16 16:30:00,2015-01-19 00:00:00
WIPRO,2015-04-21 15:30:00,2015-04-22 00:00:00
WIPRO,2015-07-23 16:30:00,2015-07-24 00:00:00
WIPRO,2015-10-21 16:30:00,2015-10-22 00:00:00
WIPRO,2016-01-18 08:30:00,2016-01-18 00:00:00
WIPRO,2016-04-20 16:30:00,2016-04-21 00:00:00
WIPRO,2016-07-19 15:30:00,2016-07-20 00:00:00
WIPRO,2016-10-21 16:30:00,2016-10-24 00:00:00
WIPRO,2017-01-25 15:30:00,2017-01-26 00:00:00
WIPRO,2017-04-25 15:30:00,2017-04-26 00:00:00
WIPRO,2017-07-20 16:30:00,2017-07-21 00:00:00
WIPRO,2017-10-17 14:30:00,2017-10-17 00:00:00
WIPRO,2018-01-19 15:30:00,2018-01-22 00:00:00
WIPRO,2018-04-25 16:30:00,2018-04-26 00:00:00
WIPRO,2018-07-20 15:30:00,2018-07-23 00:00:00
WIPRO,2018-10-24 19:30:00,2018-10-25 00:00:00
WIPRO,2019-01-18 16:30:00,2019-01-21 00:00:00
WIPRO,2019-04-16 15:30:00,2019-04-17 00:00:00
WIPRO,2019-07-17 15:30:00,2019-07-18 00:00:00
WIPRO,2019-10-15 15:30:00,2019-10-16 00:00:00
WIPRO,2020-01-14 19:30:00,2020-01-15 00:00:00
WIPRO,2020-04-15 15:30:00,2020-04-16 00:00:00
WIPRO,2020-07-14 15:30:00,2020-07-15 00:00:00
WIPRO,2020-10-13 15:30:00,2020-10-14 00:00:00
WIPRO,2021-01-13 15:30:00,2021-01-14 00:00:00
WIPRO,2021-04-15 15:30:00,2021-04-16 00:00:00
WIPRO,2021-07-15 15:30:00,2021-07-16 00:00:00
WIPRO,2021-10-13 15:30:00,2021-10-14 00:00:00
WIPRO,2022-01-12 18:30:00,2022-01-13 00:00:00
WIPRO,2022-04-29 18:30:00,2022-05-02 00:00:00
WIPRO,2022-07-20 15:30:00,2022-07-21 00:00:00
WIPRO,2022-10-12 15:30:00,2022-10-13 00:00:00
WIPRO,2023-01-13 16:30:00,2023-01-16 00:00:00
WIPRO,2023-04-27 15:30:00,2023-04-28 00:00:00
WIPRO,2023-07-13 15:30:00,2023-07-14 00:00:00
WIPRO,2023-10-18 18:30:00,2023-10-19 00:00:00
WIPRO,2024-01-12 15:30:00,2024-01-15 00:00:00
WIPRO,2024-04-19 15:30:00,2024-04-22 00:00:00
WIPRO,2024-07-19 15:30:00,2024-07-22 00:00:00
WIPRO,2024-10-17 15:30:00,2024-10-18 00:00:00
WIPRO,2025-01-17 15:30:00,2025-01-20 00:00:00
WIPRO,2025-04-16 15:30:00,2025-04-17 00:00:00
WIPRO,2025-07-17 15:30:00,2025-07-18 00:00:00
WIPRO,2025-10-16 18:30:00,2025-10-17 00:00:00
WIPRO,2026-01-16 14:30:00,2026-01-16 00:00:00
WIPRO,2026-04-16 15:30:00,2026-04-17 00:00:00
WIPRO,2026-07-16 13:30:00,2026-07-16 00:00:00
WIPRO,2026-10-15 15:30:00,2026-10-16 00:00:00
YESBANK,2006-07-25 13:30:00,2006-07-25 00:00:00
YESBANK,2006-10-30 13:30:00,2006-10-30 00:00:00
YESBANK,2007-04-24 14:30:00,2007-04-24 00:00:00
YESBANK,2007-10-17 11:30:00,2007-10-17 00:00:00
YESBANK,2008-01-29 12:30:00,2008-01-29 00:00:00
YESBANK,2008-04-09 13:30:00,2008-04-09 00:00:00
YESBANK,2008-07-31 13:30:00,2008-07-31 00:00:00
YESBANK,2008-10-22 11:30:00,2008-10-22 00:00:00
YESBANK,2009-01-21 12:30:00,2009-01-21 00:00:00
YESBANK,2009-04-22 16:30:00,2009-04-23 00:00:00
YESBANK,2009-07-21 18:30:00,2009-07-22 00:00:00
YESBANK,2009-10-21 11:30:00,2009-10-21 00:00:00
YESBANK,2012-10-23 14:30:00,2012-10-23 00:00:00
YESBANK,2013-01-16 09:30:00,2013-01-16 00:00:00
YESBANK,2013-05-09 12:30:00,2013-05-09 00:00:00
YESBANK,2013-07-24 11:30:00,2013-07-24 00:00:00
YESBANK,2013-10-22 14:30:00,2013-10-22 00:00:00
YESBANK,2014-01-15 14:30:00,2014-01-15 00:00:00
YESBANK,2014-04-23 14:30:00,2014-04-23 00:00:00
YESBANK,2014-07-26 21:30:00,2014-07-28 00:00:00
YESBANK,2014-10-31 05:30:00,2014-10-31 00:00:00
YESBANK,2015-01-14 16:30:00,2015-01-15 00:00:00
YESBANK,2015-04-22 17:30:00,2015-04-23 00:00:00
YESBANK,2015-07-29 18:30:00,2015-07-30 00:00:00
YESBANK,2015-10-29 11:30:00,2015-10-29 00:00:00
YESBANK,2016-02-02 00:30:00,2016-02-02 00:00:00
YESBANK,2016-04-27 15:30:00,2016-04-28 00:00:00
YESBANK,2016-07-27 16:30:00,2016-07-28 00:00:00
YESBANK,2016-10-20 17:30:00,2016-10-21 00:00:00
YESBANK,2017-01-19 19:30:00,2017-01-20 00:00:00
YESBANK,2017-04-19 21:30:00,2017-04-20 00:00:00
YESBANK,2017-07-26 14:30:00,2017-07-26 00:00:00
YESBANK,2017-10-26 16:30:00,2017-10-27 00:00:00
YESBANK,2018-01-18 14:30:00,2018-01-18 00:00:00
YESBANK,2018-04-26 14:30:00,2018-04-26 00:00:00
YESBANK,2018-07-26 17:30:00,2018-07-27 00:00:00
YESBANK,2018-10-25 18:30:00,2018-10-26 00:00:00
YESBANK,2019-01-24 15:30:00,2019-01-25 00:00:00
YESBANK,2019-04-26 18:30:00,2019-04-29 00:00:00
YESBANK,2019-07-17 15:30:00,2019-07-18 00:00:00
YESBANK,2019-11-01 16:30:00,2019-11-04 00:00:00
YESBANK,2020-03-14 23:30:00,2020-03-16 00:00:00
YESBANK,2020-05-06 22:30:00,2020-05-07 00:00:00
YESBANK,2020-07-28 16:30:00,2020-07-29 00:00:00
YESBANK,2020-10-23 16:30:00,2020-10-26 00:00:00
YESBANK,2021-01-22 15:30:00,2021-01-25 00:00:00
YESBANK,2021-04-30 16:30:00,2021-05-03 00:00:00
YESBANK,2021-07-23 15:30:00,2021-07-26 00:00:00
YESBANK,2021-10-22 12:30:00,2021-10-22 00:00:00
YESBANK,2022-01-22 12:30:00,2022-01-24 00:00:00
YESBANK,2022-04-30 13:30:00,2022-05-02 00:00:00
YESBANK,2022-07-23 12:30:00,2022-07-25 00:00:00
YESBANK,2022-10-22 13:30:00,2022-10-24 00:00:00
YESBANK,2023-01-21 13:30:00,2023-01-23 00:00:00
YESBANK,2023-04-22 13:30:00,2023-04-24 00:00:00
YESBANK,2023-07-22 12:30:00,2023-07-24 00:00:00
YESBANK,2023-10-21 12:30:00,2023-10-23 00:00:00
YESBANK,2024-01-27 12:30:00,2024-01-29 00:00:00
YESBANK,2024-04-27 12:30:00,2024-04-29 00:00:00
YESBANK,2024-07-20 12:30:00,2024-07-22 00:00:00
YESBANK,2024-10-26 12:30:00,2024-10-28 00:00:00
YESBANK,2025-01-25 12:30:00,2025-01-27 00:00:00
YESBANK,2025-04-19 12:30:00,2025-04-21 00:00:00
YESBANK,2025-07-20 09:30:00,2025-07-21 00:00:00
YESBANK,2025-10-18 12:30:00,2025-10-20 00:00:00
YESBANK,2026-01-17 12:30:00,2026-01-19 00:00:00
YESBANK,2026-04-18 13:30:00,2026-04-20 00:00:00
YESBANK,2026-07-18 05:30:00,2026-07-20 00:00:00
YESBANK,2026-10-17 15:30:00,2026-10-19 00:00:00
ZYDUSLIFE,2007-10-26 14:30:00,2007-10-26 00:00:00
ZYDUSLIFE,2008-01-31 14:30:00,2008-01-31 00:00:00
ZYDUSLIFE,2008-04-29 15:30:00,2008-04-30 00:00:00
ZYDUSLIFE,2008-07-29 14:30:00,2008-07-29 00:00:00
ZYDUSLIFE,2008-10-22 13:30:00,2008-10-22 00:00:00
ZYDUSLIFE,2009-01-27 13:30:00,2009-01-27 00:00:00
ZYDUSLIFE,2009-05-31 04:30:00,2009-06-01 00:00:00
ZYDUSLIFE,2009-07-29 00:30:00,2009-07-29 00:00:00
ZYDUSLIFE,2009-10-28 04:30:00,2009-10-28 00:00:00
ZYDUSLIFE,2010-01-25 05:30:00,2010-01-25 00:00:00
ZYDUSLIFE,2011-07-19 18:30:00,2011-07-20 00:00:00
ZYDUSLIFE,2011-11-11 04:30:00,2011-11-11 00:00:00
ZYDUSLIFE,2012-02-07 13:30:00,2012-02-07 00:00:00
ZYDUSLIFE,2012-05-10 14:30:00,2012-05-10 00:00:00
ZYDUSLIFE,2012-08-06 12:30:00,2012-08-06 00:00:00
ZYDUSLIFE,2012-11-07 14:30:00,2012-11-07 00:00:00
ZYDUSLIFE,2013-02-08 09:30:00,2013-02-08 00:00:00
ZYDUSLIFE,2013-05-30 10:30:00,2013-05-30 00:00:00
ZYDUSLIFE,2013-08-07 18:30:00,2013-08-08 00:00:00
ZYDUSLIFE,2013-10-31 14:30:00,2013-10-31 00:00:00
ZYDUSLIFE,2014-02-07 14:30:00,2014-02-07 00:00:00
ZYDUSLIFE,2014-05-16 10:30:00,2014-05-16 00:00:00
ZYDUSLIFE,2014-07-30 19:30:00,2014-07-31 00:00:00
ZYDUSLIFE,2014-11-06 16:30:00,2014-11-07 00:00:00
ZYDUSLIFE,2015-02-10 18:30:00,2015-02-11 00:00:00
ZYDUSLIFE,2015-05-15 18:30:00,2015-05-18 00:00:00
ZYDUSLIFE,2015-08-12 19:30:00,2015-08-13 00:00:00
ZYDUSLIFE,2015-10-22 16:30:00,2015-10-23 00:00:00
ZYDUSLIFE,2016-02-05 16:30:00,2016-02-08 00:00:00
ZYDUSLIFE,2016-05-13 16:30:00,2016-05-16 00:00:00
ZYDUSLIFE,2016-08-03 15:30:00,2016-08-04 00:00:00
ZYDUSLIFE,2016-10-26 12:30:00,2016-10-26 00:00:00
ZYDUSLIFE,2017-01-31 17:30:00,2017-02-01 00:00:00
ZYDUSLIFE,2017-05-27 17:30:00,2017-05-29 00:00:00
ZYDUSLIFE,2017-08-11 11:30:00,2017-08-11 00:00:00
ZYDUSLIFE,2017-11-14 12:30:00,2017-11-14 00:00:00
ZYDUSLIFE,2018-02-08 14:30:00,2018-02-08 00:00:00
ZYDUSLIFE,2018-05-25 14:30:00,2018-05-25 00:00:00
ZYDUSLIFE,2018-08-13 14:30:00,2018-08-13 00:00:00
ZYDUSLIFE,2018-11-03 17:30:00,2018-11-05 00:00:00
ZYDUSLIFE,2019-02-07 15:30:00,2019-02-08 00:00:00
ZYDUSLIFE,2019-05-29 13:30:00,2019-05-29 00:00:00
ZYDUSLIFE,2019-08-09 15:30:00,2019-08-12 00:00:00
ZYDUSLIFE,2019-11-13 16:30:00,2019-11-14 00:00:00
ZYDUSLIFE,2020-02-05 16:30:00,2020-02-06 00:00:00
ZYDUSLIFE,2020-06-19 13:30:00,2020-06-19 00:00:00
ZYDUSLIFE,2020-08-05 11:30:00,2020-08-05 00:00:00
ZYDUSLIFE,2020-11-02 16:30:00,2020-11-03 00:00:00
ZYDUSLIFE,2021-02-05 12:30:00,2021-02-05 00:00:00
ZYDUSLIFE,2021-05-27 12:30:00,2021-05-27 00:00:00
ZYDUSLIFE,2021-08-11 12:30:00,2021-08-11 00:00:00
ZYDUSLIFE,2021-10-29 11:30:00,2021-10-29 00:00:00
ZYDUSLIFE,2022-02-03 11:30:00,2022-02-03 00:00:00
ZYDUSLIFE,2022-05-20 12:30:00,2022-05-20 00:00:00
ZYDUSLIFE,2022-08-10 12:30:00,2022-08-10 00:00:00
ZYDUSLIFE,2022-11-11 11:30:00,2022-11-11 00:00:00
ZYDUSLIFE,2023-02-03 12:30:00,2023-02-03 00:00:00
ZYDUSLIFE,2023-05-18 12:30:00,2023-05-18 00:00:00
ZYDUSLIFE,2023-08-11 14:30:00,2023-08-11 00:00:00
ZYDUSLIFE,2023-11-07 11:30:00,2023-11-07 00:00:00
ZYDUSLIFE,2024-02-09 12:30:00,2024-02-09 00:00:00
ZYDUSLIFE,2024-05-17 15:30:00,2024-05-20 00:00:00
ZYDUSLIFE,2024-08-09 12:30:00,2024-08-09 00:00:00
ZYDUSLIFE,2024-11-12 12:30:00,2024-11-12 00:00:00
ZYDUSLIFE,2025-02-05 11:30:00,2025-02-05 00:00:00
ZYDUSLIFE,2025-05-20 12:30:00,2025-05-20 00:00:00
ZYDUSLIFE,2025-08-12 12:30:00,2025-08-12 00:00:00
ZYDUSLIFE,2025-11-06 12:30:00,2025-11-06 00:00:00
ZYDUSLIFE,2026-02-09 12:30:00,2026-02-09 00:00:00
ZYDUSLIFE,2026-05-19 13:30:00,2026-05-19 00:00:00
ZYDUSLIFE,2026-08-11 12:30:00,2026-08-11 00:00:00
ZYDUSLIFE,2026-11-05 15:30:00,2026-11-06 00:00:00
