symbol,published,source,title,url,sentiment
ASIANPAINT,2026-03-02T08:00:00Z,HDFC Sky,"Asian Paints Share Price Fall 3.62% To ₹2,290.20, As Oil Price Surge Weighs On Paint Stocks",https://news.google.com/rss/articles/CBMiiAFBVV95cUxOSnNOamw1OEhUZHhyUzZzeWJSWldTWF8wMW1lYWtKbDRXYXNEQk5Ya0hJcGNxUDg1U2xxYTEwakVoSFZtNWY4NnZrS2NiQ1V1bjBvUkpmc2N3YVVsNGtYMnc4R3VBU213VllFMTF0U3BpalZ2WHhXQUUyZV96c1V4VnY0c00yMUJV?oc=5,-0.9557
GAIL,2026-03-02T08:00:00Z,equitypandit.com,"GAIL Approves Rs 1,736 Cr Wind Project; Shares Fell 2.75%",https://news.google.com/rss/articles/CBMijAFBVV95cUxOOGFfVVFudjRkNFYxZWpUdTRzZnM3d28wMUhuNUNEZXBEdHhiaUV2bzg1Sm5oOVdYVjZObkdkNU8xQ21maEpKMjd6cmFrVU8weEFGSFRudHpFc1YzUV9HLUdpVEsyY0tfYVpicEZwMG1fMncycWZsSmV0UXVPSnpDdkVRdmM4SkwwbGlTcQ?oc=5,-0.9624
IOC,2026-03-02T08:00:00Z,Samco,"Indian Oil, BPCL, HPCL Fall As Crude Oil Jumps; ONGC, OIL India Rally | Stock Market Today",https://news.google.com/rss/articles/CBMigwJBVV95cUxPU2cyeWg0NUdmeS0tYzZZMElrZC15eDk5SFN2YXJoc3liM0ZYcmRmVGhMdnlRd0J4b2EzUUM4OGlLc0FScUFpSGs1b1FuQVRQbGU0NURaYXU0Ynp0eThfazdYcjZYSHdZRllLUU9GTlpRUVJtUXdEQktraXlIeTdUSmljTjNOMmZuT0s1RF9uSktFR2pmOXRndzhMb3pCV1NJWEdNeElobzZpZm94cGRmLXVxSld0TUxVTllsNmxjNW81R3VpcnkzbFNqVlUwZmxxMGh1Ml9PdHRmVUJjWjdZSUZaMG5ZcUdMTk93ejFDNWl2bHNBNVJ0RDN1TWtUb2NzZTFv?oc=5,-0.9402
LT,2026-03-02T08:00:00Z,The Economic Times,L&T shares crash over 7% as US–Israel strike on Iran raises Mideast exposure risks. Company responds,https://news.google.com/rss/articles/CBMi-AFBVV95cUxPOHFzNjRIY2xYOFVLcS11NGxRMGh4emFfLUJ2SE4wd1QtRVUtT1JxWVRLU3F5SXN5c1h4dDVGNjJMU3NVUkxsVk1PMlNoNEQxdkJTcUloREhwWUNsWDkzVHpaWTBhbE5qaWdnQ2FFSFN5N0tkN1I4Q18yQUVaR1ltcmJBUjZKRE5DUkcyVFYzTVN1eGY2dmYxYkFMYk9uLVJGM2w3RFE5WVk4STNxRXlhZXhQVGVsWHdtM3hTcDRTajJQOVUtODJ0OVhNSkxHM0ZvUVk1aGlBbktUYk1oajhwRHBlNEJ2ZHpBWWZENFBNeHNHaGVKaGw5WtIB_gFBVV95cUxOSFZGV2FFbmxCNHpvMlRaM3ZBeFFHUFRDTFczSTlQNUNjNzJVT25QbDd2ZmRrNHFXRG9SOHFxclZaZzdnT1NXYms0OVRLSVNOQlhtN2hHNENIaHZob3ItM2xBMGNIQjlfVnlHWlI2elVDRkdpaDRvWFA1UHozMnZlRHp0NnJnQmlscGlRTVNBUlhjZVBUSlkwbUlPN2loUks2TmpTZFY3X3dNSTF6bTNHcU1DMHlxNTFpa21fdWdFaEJTVVo2b19GcFA1MnZoZDVNY2w4aDVDT3A5aGExQ0swR3lpTHhCSHNKTE1sckdLRE1KVm5PN0xHY1JqVGlOZw?oc=5,-0.9364
LT,2026-03-02T08:00:00Z,cnbctv18.com,L&T shares fall 6% after Iran war raises worries on Middle East exposure,https://news.google.com/rss/articles/CBMi5AFBVV95cUxPaGhvSEV3b1U4U2Fjb0VVeU5jeFRIMVAwT2hKZGtjOTNHMjltQV84aHFfdTV2WHBhbUNqVHh1Z3N2RF9YcFl2NFhOOHd3S1U2VlZhSzlaNWRBemYxb0doSFZaN1dDdGZpWFJEWTE3MTVObEFlamUzZnNzNTlMQ2dqZWdlZ2U2QzluTGZDR1VtTUJPTGJCX2FEZjk5YThMamRTVVg0ZWZXSmFTN01paW9wMGdSQ2E4dU5xTnBfbHBmM0w0NnFFRHcxTUdZWEtacEVnRUx6b1BkRm9KeWx5aXFQVllDNkPSAeoBQVVfeXFMTkYydTVMemljZVlJUUtBeTRqeHZXVG56WjQ0LWRoRzBGZXp0UEJoLTF5cHd1NHlOdWd6QnpRbXpTRGpHSjRBUFZQMDVlLUtIdFhlLUJmSlV6Z2h1UFNEdFRKWFRJNF83U21kckxKU3JHUlNVTldxaGkyNE9HWDR1blNNUDI2M29MTzNRanYxbXJiTXRqajlOeGtSTk5EOFlEbjczQlhISkNUVUNub2FHMVRMS3BJLWFZSmVtaEFWamlUSjRKQ2RoNlktOGpvVG5ZeEctRkVQODNZR0FhdGpTU01CcVBUdndOOWZ3?oc=5,-0.9428
LT,2026-03-02T08:00:00Z,Business Standard,Larsen & Toubro tanks 7%; stock records sharpest intra-day fall in 11 mths,https://news.google.com/rss/articles/CBMi1gFBVV95cUxOZVRiaFowMU93VzZub0E1UDJqeVpGbTFLNFJkT1k4WXJDMHFocnZ6ZEpzOTJCM05ma0tQQVU0UnB2VGx6ai1XZ0RTazNlRXA1YlpnM05TUV9FSmttdlpMN1hvUjlRVElleEJBd2NhYjdyRkRvRjFlQXlGdkZJSnhKVjRlUjBIWTRwOTZwQmUxT2ZjOHhDMFZ0Um9DRTNTYW1UTmdqdTlrSjlrVlJuRmFvTGFOVURoU2pCNHdhcVpkZm1vVWFuaXc1LXV3NnlOU2E5RWpWY19R0gHbAUFVX3lxTE0zRFRYdHZxaVBiUWREcUJRd0xXdU9KQW5CRWFVMmdGaWdfekpoU2Jva2VNRHU3dC0xNGZ3eWJsbUhUSGcxaGRYQWtZbk52b0p6YUQyQ19rRVROMEl4dmp6dkFFVDNfVmg0SUZCdE1DT2tJaWdjNGl1Y2l4bGVTTjVwbTc0LW9faHZCb2ZRV1A4S05rcTVSSnBXdmFpYUZONnVJY0ZjQ0k3UkNVNE1aM1l2M2RCX2h5ZzNmSW1ieHkta0VheHlmNlNBRGZyRHVwTnluVkExV3pkMkdCaw?oc=5,-0.9590
LT,2026-03-02T08:00:00Z,Univest,Larsen and Toubro Share Price Falling: Key Reasons & Share Price Target,https://news.google.com/rss/articles/CBMieEFVX3lxTE9sYV9peEFDdTJ1dTY5Y1c5OThic3RpM1lMcXl5VURyQkpTei1fYWxEeUt2Z3QwTHlDdzdvWV9VMl9QWnhRbkVCbF9EMXhMYlY3dUtDQ08zTFYtUFE3VW40V182VWNKeXJjYzRmOTUxamhmU3JncjZiVg?oc=5,-0.5941
LT,2026-03-02T08:00:00Z,equitypandit.com,Larsen and Toubro Slumped 6% Amid US-Israel-Iran War,https://news.google.com/rss/articles/CBMiiAFBVV95cUxNaDdOZlJ5SXF4VnZuX09SOFJmVW9HeV85ZGlyZEY4UmdTWGZHM3hQSVg1Zl92bmlWZHEya1k4MDFDdGxhdGhfQnRXQU5lX0FUZzZMVkJIVmtjcG9GWldlWkRmTF9FcmQ0WkVfLU1TVEhEd0hFSzRJWDVTMXFMdFRWaFhqcUx2azVz?oc=5,-0.9633
M&M,2026-03-02T08:00:00Z,Upstox,Mahindra & Mahindra to exit non-viable Japanese agri-machinery business; check how the stock fared on March 2,https://news.google.com/rss/articles/CBMi_gFBVV95cUxQcG9vQ1dXTDFCNzFPOWt2WEdSbEgycDBUUjdTLW15N09OXzEyRm5jU3FUMU5HS1NVSkVUX2U0R0xVeHV2N3JfOWxBNmFNcl9JNDZlUGdzc1NYTW5UZXhCMHN2dzhfLTlwRThQNlJSal9oLWJoSnNWYldETllDVENCYUJmS2sweDlEbEFBVllFZlJKTHhMaXpXLWhCX1V2ZDhLNDB0UlppU1FEOXJ1eXVDSHdDYl9LZ3J5a3ZENGlESEFLOHZqSU5LOWN1ZzBxQTlsUFB0d2NCVzM2OTZlTm4ybmU2TklEbzd1QWRUU3JnTVgzbVlwRjZOSHZ2ZEhlZw?oc=5,0.0502
M&M,2026-03-02T08:00:00Z,Equitypandit,Mahindra and Mahindra Shares Slump 3% on Exiting Japan Agri-Machinery Business,https://news.google.com/rss/articles/CBMiqwFBVV95cUxQNm1NOXBCQ1B3UnE4S04xMUFmRHJuM2NpREJUM0k2bHpVSzdJN2k2SWkzZE9kbWNrTFpqdlRINWhmbmdWT0MzWmd2TjdwVWdadWVuSzBVMEZMQzFuQ19YVGZfV044NFo4V191ZUlPWGpHV3dqbDNhUnBKQUt6ZE5NTHNjX0pjRFRPMFZTV05rZEVqSG9BNGNDY2tJSnJ1RHlKOE5uWExnTUczTjQ?oc=5,-0.9288
ONGC,2026-03-02T08:00:00Z,Nature,Evolution and proximity analysis of oil and natural gas trade networks among the Belt and Road Initiative countries,https://news.google.com/rss/articles/CBMiX0FVX3lxTE9Sdk1KLVRwSXYyTDRXTFM2R3N3QnRkOFh1a1p0QnlqeEpoOEE4SVFrUW9YN21xR1lnUndiZ1c5Zld4VUhJV3lqeE0xSkEzN1dta2IxS1hCR19ham02N1Nn?oc=5,0.0568
PIDILITIND,2026-03-02T08:00:00Z,Business Standard,"Stocks to buy today: Atul, Pidilite Industries; check target, stop-loss",https://news.google.com/rss/articles/CBMizwFBVV95cUxOOGJJNWRqV0NpN1ZEVy16T3M4MHk1enZzaC1sb3BKQ0pVd1RGZkFnU1VDdDRhN3luZzJLMUdBenhPQWhnb3l1Z3dMOGxNQ3RIbXpYRWNzellKN1ZlWVJxOWVMVW5vamFEcXhKRlNCU2oyQ3FSRDluVXdkUDlsYmcxX1RGbUNrTHk5Nl9JaTBBNHNpaG8yOF9wdHd0SHpYYWR5UFNSMEJZQmw2WWNVd2xpc3M4V0c0dUNER050NGNfcEtvaERJeHVZdWx3VXliZGfSAdQBQVVfeXFMUEoyVWZ6WDFfbUtRNVZ2RjJyc0hkZUZ2MjgwY3VlMjItS1BqTHdkSi00WFA2QVFOcDFNTERGTzZDcVlvRFV5UkdvYzhoVmlWWnQ1LVN6UlRfaGJSQWR6THRaY3A5bjhfWDJGTXJCTU9kVW55RUR1YUZlTmxXVmxmclRUajBUUnJWQUJjMFFERVFDMjZRdDRxOEFxbGN0eUhjcU80Um0wclF2SVJYdVhnRk9NcHA0SU4yRVp6dGdTUHV4bzdLenBFWjNEZ3VtMWU4UURkWjM?oc=5,0.0235
UNITDSPR,2026-03-02T08:00:00Z,cnbctv18.com,"United Spirits wins CESTAT case, ₹141 crore excise duty and penalty dropped",https://news.google.com/rss/articles/CBMi3gFBVV95cUxQcnpSc082UjN1aVA5dzdSaDYyRlNfaUh4QnJqRVdyemZSR1VJZ05URVlqNzlYS0ZmaUdtZF9SRXV5RTliWEQ4UW5kT204OFBRNXhTN191ak54TEtEYWExWXJzWkFhSXp2SHJZTjFqTEtzSTI5MGhxZW1QTzd5Ukl0SWJNMldYb0lXbUFnVjFpZ1JZR1l5NjF1NjdnVUpiUzdtdklJTUtuMWY1T1dOaDRTWEZZNXdyLVRXd1RHeHlVQ1h1c2tUNFFEV2VSaGpyQnNHeWhJRkFIM2lrZE5iRkHSAeMBQVVfeXFMUHlKY0JHZ2l2bGd5Z012cFFpelZjVnBpZUZUVjNsWmdVR0R3TG93Yi1GTTRYTWtGWFBRLWdMQTdQMWFJbFphTVNnTUxyWmtGUnhjVlZyYUhOTzJldzBLNl9Vd2tWM0ZuUjNWZXFsak5tWFdNeGNqc3N4WVV6cFI0ZFByanZlLVc2eTNUeWZKcWxma1JKcm1pQW56Yzl2NmxNRzUtY1FiMDJiWmFMaGZ1STNkbVJHSVBhUUdPaTFyc0pWNVA4RjFZU1dXU1FVcXJDRnMtekhFcXVydF9iQWdJYXAzNVU?oc=5,-0.8890
ASIANPAINT,2026-03-03T08:00:00Z,Univest,"Why is Asian Paints Share Price Falling? Key Reasons, Outlook & Target",https://news.google.com/rss/articles/CBMickFVX3lxTE1RZUc3UmY2S0ZxY0NiLVBoMjRRcXlHRFpnczQtaEhnT3hMdlU1eEsxbWpldGpTY1E3VUlQenE3V2d5Y1p1UGhhYzZ0ZnFsUUo4MXFLSzBaMmpuc1l2bzZvdlZTQm9OLXdaZ3BITE5rdmoyZw?oc=5,-0.8025
BPCL,2026-03-04T08:00:00Z,Business Standard,"BPCL, HPCL, IOC crack up to 5% as oil prices soar on West Asia flare-up",https://news.google.com/rss/articles/CBMi0AFBVV95cUxNUEhuaFVfMW83NE91bUhrRktuWk9PVzN6bmlyOWZ3Rk9RUnJsRHR0VzVEd1FWZlMyRlNoS1FQNG1fMDMwT1FYNE1KV094VDRPYVc4QlVpZ3BmWEZOY01Tdjhsd1FxLWlHR1hMeFU1MzlFeGQxTlJRak5hbUllWFJkWlBvTmVjbFEtMnU4SHVVS2Y4MlpIX2V2eC1EU1BvMTEwaU9uWGM4SHR1TEhxdG56UDVMRHIyck1FNGtQYTczcHhxMzdLTmthemFVdmRVUUVM0gHWAUFVX3lxTFBlakM3UEdOaDBVY2JpcnFjOUlYVnVscDRJcHRON1lDdElaTmpKbmR0Ui11MUJiOVZzdGRsOE82QzZVMWFtRUxtb2ZxVVV2NHkwd1dhaWpOSnI4T1ZOVWwxNU9TUHA2R2dzQ1ZLQ2NyTDN6Y1JBTUNPNWZoQmJuQ3hzMHlPa3JxQ0lGTlZiYnExamhFdWpIQy00YWZnNWpMNEFQeG9NMG5xVUl3MkFyN2hTT0hXb0NzSHgzODNvLVdNOWJ3VXRWaVFpd2xxNzQwWmp1bDI0d0E?oc=5,0.8763
DLF,2026-03-04T08:00:00Z,Business Standard,"BSE Realty index hits 52-week low; DLF, Lodha, Sobha dip up to 4%",https://news.google.com/rss/articles/CBMixwFBVV95cUxNaUlQc29fODlIOC1pbGNhRm1GN2RnbnV1TEtuS1c5d05NWFRCaEJWLXFyb2g2TmRRVEx1ZHp6aVNBdkVHWHUxaEVBRFgzTWNaMEZUQVF0bFBzbTdDLV9rNjFzTExPTnVjRnZBU05FOUxSNk1MblBjYk1PeTJXb1ZLeTY5cU1FOW5fb3Z4TVM3ZllvZDRQVXRRSng1cmVlWUROZDJjU0tLVm9yT1MteUJnaUdGZFJiWFdkMUgtN2dPUlVtLUdaRjZZ0gHMAUFVX3lxTE5rU3hkazh1d2VDNGRRYy04YUN1cTFlcjg3SkgyRUxvaFIzcXRWVzJmNlNfekZ0Umx0N0ZVTi02MHN2UmVtMTQ1RmhyMlpfa2ktenp6VjNsd1lFZUFHcURLSzBiby05OXA5NndmOXQtamlLSmdmVTFkamQ2dUpmOW5nSjdEU2NpTEJaNDlndDVFM09WRGRPYWU0czBNSS1RMnIyLTlOeERuaTB1LXV1a1M1NFFXU3pWSUZLOWp1WWRIMUdyRy1XYkNPNVVVbA?oc=5,-0.9393
DLF,2026-03-04T08:00:00Z,Moneycontrol.com,"DLF, Lodha Developers fall up to 5% as real estate stocks slide; Nifty Realty down 3% amid US-Iran tension",https://news.google.com/rss/articles/CBMi-gFBVV95cUxPYURaWmJfOEZ0OFFQQlZfbUptcDlzN2Rfcl9ERmdkSkx0dFozZUZFLWlKaV92WnU0UDZHS3VGUjlDZDZLRWVQeG90a0k2TmlHOUhzSndXSEVLRDJzTHMwODBrQ0ZjeUYzWWJqUHZtUFROeGVvalhaV3pNaDUwTUhFQ3VFQlFwV1Q4V2dmRlRXVTZCWWhoUlBreUw4YUVyZHVWbkd0azdpa3VHTU5tN2tDWmljQUtyYWRNVTB1RGFzdXdITlBzRFlJT3hOeDlUQk8yUEluUGd3SzNYeW5jYVNncFhmNVhOWk9ubTdlWFBqYVBTZXZ3T3pNTVp30gH_AUFVX3lxTE5rcENESm9uWjNzbGdhU1pDZHJUblhkZW8zOVlSQkVmVnQwOEhXdFNwWWZVOHE4ZnNSbFNJOUI2VjFZT2hnZ3BOLXJ4RVlkbTA3c2dzZG5Lb0lGX3VLcHpzQXU3aUpPM1FDb0h5c1NhLXBmRy1tUl9nMkdqUU9fX0JQMndOQjhjamN3OUxuTjhlNUJINjNEcXcwNXlBVFpkVDA3VkR3Qjg1LTI2YjFTYjVnX2t5cTRWZF9RNWZ6ekxLVXJkQXc4U1NWNnVBNlU4OWtYUi13OTdoMzlyRF91MkhQZFdkRTJMa25Cajhhc3JJYVdLdUJrZ0FQTmczeW15UQ?oc=5,-0.9558
GAIL,2026-03-04T08:00:00Z,The Economic Times,Stock Radar: GAIL stock climbs above descending trendline; time to buy after 16% fall from highs?,https://news.google.com/rss/articles/CBMi-wFBVV95cUxPX2l6aUlZcjVkbF9qUEpVRkpCX0piOHpPVEpLcVRmZ3NGMzVTcXZtblh3cHdfUzdzSzN3aHpLNUlfNm1IMzZ6ek5sUkpCMHh3elBDSDlZRG1obnJHem16Smg5TkUtU3dpVk5NVUlCZFlVUXpSdDRNS3lpeC0zY20wWmJNNTJMd3BiTmtqUV92YnFUaUYwdFNjMFF5U2RCekJFeHZxZGVwRE14azZRUzRmZ1RyN2xlMjlDbnBYYjdkWnVaalpoSWttSkVOTHc5alBvd2NETi1RSWVTVEtzc0J0MUVvOW5wWnA5NnoyVC02M3ZscFNLTzRwSVYyQdIBgAJBVV95cUxQUXhheV9CbEpXbW1KZXgwSW83YTlJc1RyOHJtMGFMNjRXVWZpWFJQSEhyWTBqVGZmTlhnWmMtaHFlRjdfTU5OUVBTTF9rb090Ml9Ob011UlNnbFhyTVROOEhtMXB4WWhJVlF1Tm5DbEZ4WUxBRUZKNDBYR0JHa2c0X1R4MUE0TUhUNXRZTUNlal9DUW42WkJCdlB5MFZWWTZEcEVwUF9VWFFwRDdWSU9QUlRpMkNQbUMxZzhaLUozdjU1dWZFSDdKLVZmQ3E2YTVoVFZ5MnBmLVMtRHZ3OWlHMXNndndxU2M5UXpuWEtJTFdRWmxqRFJpZDlZMlNkdjRk?oc=5,0.2235
HAL,2026-03-04T08:00:00Z,The Economic Times,"HAL shares fall 2% despite Rs 2,901 crore Defence Ministry order",https://news.google.com/rss/articles/CBMi0gFBVV95cUxPLTdzNkswWjJyM1dYU3hTNzhzOFNXNEJLRHVsOTRMcC1VUkdJVzdnYTN2ajZwSDV1R3JYSDlMWDVQSnVVVzFDbExlTHRZYml2MXZHUFFrNEhXaTloYkF5NUJ5RGF2dE1oZURpVUd4a2ZQYVA4alpRVVBzZTBXcEFIY2xadTRMakRvc3d5dXZOeEFicDZUX1NHR01XNU1VX3dwc1l6SGRwc3N5a0t6LUFZaGE2cnJuS2ltay1Id1NEUW9FczQ0dmI0ZVhGcGI1M0xPY3fSAdcBQVVfeXFMTllwZHRXY1RBRDQ1NGNSVXEtOGZiWkh3NnRHU0l5bWFCekFhT29IVUVXcE9Ea0RUaHdOdVZHem1rb0QxRUVqQ3ZMekFpSmhsQktBS2dJNHIzT2VjS3pQMktHTnFBck1qYWRYb2U0UFp1UVBfZVVvRS0wNi1taWV6dlEyUDAyaVVGTkdkMGVHeEdjZVp2YjdlNGtYYW5MTjR5WkJHazY3cU5nVVUydFluQkhPT0VrU0pKQUh1LVVTZ2dSY1lSak1aSy1NN1F5eUVxdC05M0pIMWM?oc=5,-0.9620
HAL,2026-03-04T08:00:00Z,cnbctv18.com,"Hindustan Aeronautics shares in focus after ₹2,901 crore order win from Defence Ministry",https://news.google.com/rss/articles/CBMi1AFBVV95cUxOMjExeWZza3FjZXp3UkVDN1JOX3FSYWZSR3ZaejY0LVluX2pOVUFFcTkxcnd4ZHZubFFBTGVPLTFQNUJuOXk3NkoyeXVTS0EzV212UHI4YmlUUEJNMWZkZ1Q4elh2VmZyRU5FeUs4dTZFRS1uQ3BFY2hLU1NWN0dVdXJCckh1VE0yYlFwdjdjZlo5Y3p2ODB3ajdtNTR0RE5lTTY0LXJRNDFZSm1IMEJMczZNT214bGFZMmJ4MUdtc29GeFZaejZMcUk3QUMza2NKWndySNIB2gFBVV95cUxNbnRFLTNzcGRiQ1l6U0ZYM0tUbjFtR0NoYnhUeEllUkRGWkVOcDVfdUo0STFHYmNYamlwXy1fRXVUTlRiUjNqX3hSQS1VVWRnVHZ0aVIzZkw1WXVxNUhTR1EyMEdVZ1dtUjF3eXFKVEl5bVNhUmVaeDA2OFpaUnQtWDd0cEo4QXhmNURJemNSLWktTHdjaWxDNFVmcHVUZ1FVX3phVVRKMDIya3lDLUtWVEM4ZERPZFBUN3BZY2hyY0dKS3FPLWt2RXJoNjZsRXRraC1VRlAyNTdRdw?oc=5,0.4356
IRFC,2026-03-04T08:00:00Z,HDFC Sky,IRFC Share Price Fall 2.29% In Early Trade as OFS Overhang Persists,https://news.google.com/rss/articles/CBMia0FVX3lxTE91VklQelhXUW9nU1AxYVlQc2NiRFRzcTNwU3dWWjlPeWh3eEhGRHUyWkEzYkw1Nk9JT3hVTlB3LVBvRHRWaF9oOGNnRExEeERFcWI4czJNdnVxZlZEZEF0OTFuTURKdDQxV2lj?oc=5,-0.9631
IRFC,2026-03-04T08:00:00Z,The Economic Times,"Indian Railway Finance Corporation - IRFC, REC and 3 other PSU stocks hit 52-week lows, slip up to 17% in a month",https://news.google.com/rss/articles/CBMijAJBVV95cUxPR3ZsWXRMVGlMMHlQcmZweTZVcm96WGxvUkdLMmpjZERBbUtSRjB3Y0IxWjNGY2c0cEJRMEtSWXJGVjlGNHd3RURUX1owWVRxVXJVRnNaX1BaUkpGR2FiUUtUUEw3MUZ4V3Q4TE9aNnZOc0VzTExxaHI2dnppLTRqMmtBVEk4N2I0ZTVYOUpOcVRXamJqaFhGNmt1RjhOc0c5Z0kzcVd3VDF5UWhPTFB5Q3ZxUnVvZzJGTkMyNjF2d1FWZV9FSzRjRWJLS0RnZjFXVWRfbEVjY2pIdXZuUmxDVmUyelhseDc1aXFBMGNrcGxfUmJtbkpwNDRkWHNoX2wyNHBJNC1SeGJ3WkRy?oc=5,-0.9579
LODHA,2026-03-04T08:00:00Z,Business Standard,"BSE Realty index hits 52-week low; DLF, Lodha, Sobha dip up to 4%",https://news.google.com/rss/articles/CBMixwFBVV95cUxNaUlQc29fODlIOC1pbGNhRm1GN2RnbnV1TEtuS1c5d05NWFRCaEJWLXFyb2g2TmRRVEx1ZHp6aVNBdkVHWHUxaEVBRFgzTWNaMEZUQVF0bFBzbTdDLV9rNjFzTExPTnVjRnZBU05FOUxSNk1MblBjYk1PeTJXb1ZLeTY5cU1FOW5fb3Z4TVM3ZllvZDRQVXRRSng1cmVlWUROZDJjU0tLVm9yT1MteUJnaUdGZFJiWFdkMUgtN2dPUlVtLUdaRjZZ0gHMAUFVX3lxTE5rU3hkazh1d2VDNGRRYy04YUN1cTFlcjg3SkgyRUxvaFIzcXRWVzJmNlNfekZ0Umx0N0ZVTi02MHN2UmVtMTQ1RmhyMlpfa2ktenp6VjNsd1lFZUFHcURLSzBiby05OXA5NndmOXQtamlLSmdmVTFkamQ2dUpmOW5nSjdEU2NpTEJaNDlndDVFM09WRGRPYWU0czBNSS1RMnIyLTlOeERuaTB1LXV1a1M1NFFXU3pWSUZLOWp1WWRIMUdyRy1XYkNPNVVVbA?oc=5,-0.9393
LODHA,2026-03-04T08:00:00Z,Moneycontrol.com,"DLF, Lodha Developers fall up to 5% as real estate stocks slide; Nifty Realty down 3% amid US-Iran tension",https://news.google.com/rss/articles/CBMi-gFBVV95cUxPYURaWmJfOEZ0OFFQQlZfbUptcDlzN2Rfcl9ERmdkSkx0dFozZUZFLWlKaV92WnU0UDZHS3VGUjlDZDZLRWVQeG90a0k2TmlHOUhzSndXSEVLRDJzTHMwODBrQ0ZjeUYzWWJqUHZtUFROeGVvalhaV3pNaDUwTUhFQ3VFQlFwV1Q4V2dmRlRXVTZCWWhoUlBreUw4YUVyZHVWbkd0azdpa3VHTU5tN2tDWmljQUtyYWRNVTB1RGFzdXdITlBzRFlJT3hOeDlUQk8yUEluUGd3SzNYeW5jYVNncFhmNVhOWk9ubTdlWFBqYVBTZXZ3T3pNTVp3?oc=5,-0.9558
LT,2026-03-04T08:00:00Z,India Today,L&T shares tumble over 7%: Why is the stock down today?,https://news.google.com/rss/articles/CBMi4gFBVV95cUxQWVBERUlCY1I1U0ExTE5GWHphUmtKUjNodVdWbFEyNzlSd2YwNWFScUxEeUtETmZneTFKa1JHSlNlSVJXNzFqaG8zdDVKSEp6Ui1TSDh1a0g0NWpWeG1WaFB6elhOeFloTTczdW5oSDNldEREQlZza0RLdTRYV0FtaUgwY3BCMkhZdEZpbVpjU2RTcXRIWVRQYW5GOWtjM0RZcXdnTW5SUGlEOFBTRjFUM3BIbnk1LW95OThOU2VObU5pWUg2TVlQUmlsN3d0VTBrem5ac0ZCZS05Vi1QYnZtaXRn0gHnAUFVX3lxTE1IN3hWZmRmX2lXSHVTWExVMk1kUlFnUkJNRnVMWk0zRGk5bW1lelNTbHNHYXIzVnp4alY4Ym5nRUlMSUhXTmJKYkdMc1MzUlZoeng3azdDTzFpTGE5YU1oeW9ldTY1dE12U0hrRmk3QVAtM0VCNFdIVnJycG9LOWdldXNES2FLU3lvWk5MNTlxMlUwYXloeF9EV1oxZ3NaVUNpTUdqQ0NxbWp0aUtuandmZmtzYzh3TEM4bzg4ZzA3eTU1QUZHa1NYMC1SR1UxOHlHV1JSNk9VVXRKbTRMMXhlbW8tUXRHZw?oc=5,-0.9284
BEL,2026-03-05T08:00:00Z,Business Standard,Bharat Electronics rallies 4%; why defence stock hit new high?,https://news.google.com/rss/articles/CBMixAFBVV95cUxOTHE2ZUQ2Y0FRWHRIX1VrNVRBRnR6a0I5NUlXdDl3bDhwbU1BSU5BY1EtaWNESmdrRERvY1pDRnY0b1RxTlJiV1YyNmx1MWpmR0Y3ZVdFcTB6ODhPWFF1Qk53eU1TTnBWemtGSWF4YVFqOWZiS1p1OUpFRmtnT2swTW9DTzZXaVhPYnFmdjVuYzVvT1hnM0JGX3NiZ18wNGJnMmZwMWRKdDFnel9kMkVLMThqalI0UW0yamlLZk40dl8xLUVW0gHKAUFVX3lxTE1HbmlENVFCdjlhQkV1ZGJHRU1uY3pGSW1IWjFISWNHUVAyTW9zV3lLaXRIdTV0dy1WenhiWkZOS1lWWVFDMjd0a2RfZ2dyVlI3X3NFajJ6NUd2eFNkRkFUYi1JY3laV2hRemdLUHFMSXhfWHFLQm0zZnNnLVdiQ1JhZE44MVBIQmNqMVVkbGpab0xCSWhWZkZnX3daRWduc2h0bXRCbWtNWFB5RUdOcjMtV3RkTURBSzNqaHp6ZEtYZDZGMEwzdHppUUE?oc=5,0.8770
GAIL,2026-03-05T08:00:00Z,Livemint,Maharatna PSU stock GAIL India in focus after this update on LNG supply from Qatar Energy,https://news.google.com/rss/articles/CBMi8AFBVV95cUxOOTFmQzREcldCbWxKamc2ajkzRVB6Y3RoZVdxTV9Qb3l1NlZMQU5lWERhVDBUeWo2N20tekNsMUlTNlJtMkxSQ3BBUkM3ZXdYSkVpcmNxbGdTMV9yMUYzRzlBT2g5VHBhUTlxRHpYTXdTbkNSNVRpNFZyT1RQR1J2Q25jTnFlazRsV2UzM0JWeTVPRTNLbkVBTkV5MmdTSDlyeDltcjVlcWY5X241UGs3YTNyTGlIM184aWEybHpleGx5TzhmSXlXNzB1VVRxMUxHQTV1MFJlS0E1dElGejdHUWRFR2U1eXU3U0NSWVAwSjHSAfYBQVVfeXFMTzd4Tkl0R0poY2JRMVctNzRYRVBxWXRWbkxsejNWb1JuZ3o1ME5QU3B0WHNRSEF5X1pWN2pJTlBOTlIzdldnRmlIajVad2VGMlZISTA5RTl5ajljMm5FdWFJNjVBN0pjV3EzSEQwbGEtSWRBWDlBNlNTRWV1WldDdmlaa2plYWNMM1UzSUxkLVpRa09GNTZCZGdiRDlDRGF5UDR2bDZmdVgza0NCNlFsck9ncWhjR3U0alk1OFRfbjJWV1doTXRPb3ZLcmd6RktzVmplUVhaNnZ6b2xaLVRsNFpGcU1OTEFPSHlkOG1ESDlSR1ExY1J3?oc=5,0.0659
GAIL,2026-03-05T08:00:00Z,Business Today,"Petronet LNG, ONCG, GAIL, HPCL, BPCL, IOC, Oil India shares: Target prices",https://news.google.com/rss/articles/CBMi0AFBVV95cUxNZGRNbW9mcFI5WEw3ZERaWXBlb1VmSGtKM3hPcjhyTDY5dWg1bEVzZ2pTVWJyanBzblRNS0FvWk0wcjhycWt4UnJOTXpMQzBrcV9OZHBLaVVVLW9rV2NpSlVzQ3VqVUJrYWFQVFBYRTJBY1FhRG5GZXBqOXREU1Y3YUNuYU1SNjMxTUgtemgtWEc4TEhxUk1TQUN5bEVGT2w0X1FlQldFSUtLZWNFdnp5R0dEemN6LUtUR1dDbTlLVGFWdnVJR3JNd25PUlRVQ0Fr0gHWAUFVX3lxTFBwSzAwN3Z3TmVqNGZNRDNOQW4ydXhad0h6RXFVY2RxSkZKSkhzbFJGbkJPQUlPZUx0WWRZNU80Q2RpcDBGVFpNWDAwRVVudXBVeHVUdkZXRWRvMUZiM21VS0ZuZEsta1VYVE01azlRNXRSSGNQdVlpLWl0NlJSSFg2RVhLS3NBNjJ1SnFSVFVBQnBob3VXM01iUWFfc0VCQjhhUmY4d243dy1QWnZlQzRBSVNOMVM5bXJpd1FCTTg4ZFNQbU1zVGE4ODZjUW43RzVqWndhY2c?oc=5,0.0047
HINDALCO,2026-03-05T08:00:00Z,The Economic Times,"Hindalco, NALCO, Vedanta, and other metal stocks rise up to 7%. Here's why",https://news.google.com/rss/articles/CBMi2gFBVV95cUxOcE5qLTh1b1lZdS15VEtPVGg5bjJ5ekJWRXJqaEkyanhuOXVhSWw0WGtnbXpHdkJVTkZ0WjJ6SUpRY0pzMlFHQ0FMaDBLcVlVSy1rWk9zQkd1Qm0xd0h4MlhxeVA3ZklMbmFEbDRwVG0tVlBTYnlMTkFtTW42N0VnQXhHZ0doWEZqRmVEYmEwQ0RPb1V3TmlWdDRaSGdMLXJGdXpXYXNtWDVvOU9XSDNlTllORjY0UGtubnU2UWhmeDZLbV90RVhsU2NRNkpTWkp6VFpQRnJvdnNEQdIB3wFBVV95cUxOdXFpSHVSV0g2MXY4d3Y4UWlCa1dzdmU1RnFVcHZqeTRUSVJubkNsZnFRQURvNy1xVlhFWnVWZEtCVDlKb2E3WHlDY3hkcVRycGNSSkxDNTdISHB1d29oNERxbHBseFdWajJXakpOZExmMU52bkxVZmRqUzhxd1d6bUhyalBSbmVJV3JTbkYyZm9fa0RpZjlDSFN6aEFYQ0l4dmt3UVp3QWdyNVo2MS1vQ0Z1SmZZcnRnYWpBdUQ5YkwwaXA2eFIxbTAxNDY0UVFMa2lRTnlwX1BqR195N1Rv?oc=5,0.7530
JINDALSTEL,2026-03-05T08:00:00Z,The Economic Times,Stock Radar: Jindal Steel stock stays above the neckline of 20-month breakout; hits fresh record high,https://news.google.com/rss/articles/CBMigwJBVV95cUxQdnBNWjRHOEtqZWJ4OWg3NWFwd3BncFhLSVhSSXV2NkVvVnZQbW91eHhkWUtZZnYyWHREZTJFZkhGNDNMZ0tmSmZXR09JaC1kR0tOMXFUY204WlZFa1kwdXdHRzI5QVNmMHJEdzJOUlFiSEN4UFpZSjdsUlc1WXYtLWJDWmRTZkx0Qy1ZSkNzMkttcExOeW5JYm5aY3FSTnVnOGVkOC1hTDk5b2RVaGFJOEMxZ3BSUGF0Qmd0cV9XSi1wX0V5T2k2b1RvcVhNbWZzNWRXV0IxbUl2VjN3aHhWbWJNemdmUy1PNjNHcHhqcC1pVVFqbUhqS25MSndmM3RxM2Vr0gGIAkFVX3lxTFBkclhtU3Vad0UzN2RsaGczSi1KRmRqWU5jSmlUSGhYT3FnTk82a0JWOWphUXVkRnZJWmVTSEp0SXByZ0dkWTBiVkJlQUI2Y2JYV2hHdUk2TmJoTURPcEtqR3hrTkpqb1pnT3hLb2dPMDUyWU9SMnlxSWRiaERrQjl3dkN0bFU0Z0RQVXNITFV3VERaRkMtM3ZyVEFWQkNSN3VkeGp3M3JUeGFUZ3RaUUktcUc4UFZVTVkzcVRvdURDWnhWTENqN20yaUxhUG83N0JYb19fX1J5OUdWUXNtWXZnNW9LYXdYLW5RaUwyOTJNYTFUUTByQzRxZkpEVW5uNjAzZERWdEJJcw?oc=5,0.8912
LT,2026-03-05T08:00:00Z,Moneycontrol.com,Buy Larsen and Toubro; target of Rs 4400: Motilal Oswal,https://news.google.com/rss/articles/CBMiuAFBVV95cUxPS2JkdTFhYnEtMm9DUWtfNjZHdG0zd0xhWDJEUnJrUlN1T0JCdnJvNXcyaTRpLXNWOXJjTzU4YlhkSDlFMDlRcDZSdUk1NFVoSHUxSkhoVExIZHVBQ3FRZGFyWE1EdTFGU0t5ak5YTG5uaUtrYnpXZjE2NWpwZ0NyazJ2aTRlaENoWHBra3RQa0oySDI0SDd4WUpJUFdOYzVVX2c1blRJcENsVDBBZWNVNE10ZGFXRkdm0gG-AUFVX3lxTE4zWEd4T3QyOEgyT25BR0tDV05VUkJjZVJYbGREajgwcmFfekJEeTF6VDU1UHJPcEtGeDl2YzhDQjVIbWdNT2RmNjJNY3VvRFVfS2RjQkVHazBac3oyUzUzb01DdlJYWmZVWEJGQ08tUFA4WS1Nelh2aVVPb1h4aWRJbzEzaG1LWE1JdEVTWlMydTBqTFhfVGMzZkExQ0Fnb3FpVU4xemJxWU5jR1BmMFhxNDVxaHljbmd6WXIxemc?oc=5,0.0549
LT,2026-03-05T08:00:00Z,cnbctv18.com,L&T shares are down nearly 10% in two sessions – Here's what worries the street,https://news.google.com/rss/articles/CBMi0wFBVV95cUxPbWpiVFdKcnoxc092cS1QOHJpTkpfVzRHbGlKOHhQVFJhMXZHSnE0MzVYaXdnV3o3VHU4S0ttd0hTUEhNWHJwZmQ0Vk1FbDM4Vm90bHA2SjVwYUwzZk9RTDhlZjRVWlkyM0FTdHYtUFR3WHpNQ2luVjl6TkU5QWJ2Nm95bXR4SXQ4REhyS2RSOFo2QzhHaW4zdXlGYlNCWlEyaHNGay1qd1lxaF9rSUljUVZLNzRad2JxQlAzOFlZYzd0Yi04Q0MzdDZ4TXo1OXEtc1Zr0gHYAUFVX3lxTE5vZGhMZHhYRzdzeFBrQnVqenNHTWlBSjVxaVVwamhweU9TU21wQVk1V3FiVzV2T0JYMTlHejkzdFMwX2hYWk5GeGQ5UkhRMUd1Wk0yUTMtVnFsamh2bVNUQy1EYzVMUmhnbV82TTRzb3czcGNjZWl4UFRLNk5WSnNYY2ZYcnpqTWNtU05Bd2d6M1hGakUxOEdvUGowZWlaNmtKMXJHRmtrd2VSaWZIb0p1NlA0R09MN1dzcDhsY19haUNLdi1GOTJ4YXU0cVEyLVkwMmlSZ1c3Tw?oc=5,-0.9436
LT,2026-03-05T08:00:00Z,The Economic Times,L&T shares rise 2% after falling for 4 days: Here's why Motilal Oswal still remains cautious,https://news.google.com/rss/articles/CBMi9AFBVV95cUxPTm0yMUdMRTNEdHBNSHFxb1ctQVhpQVRRcUYtZHBzWkZOUXFwMzdOZWltWkFtT0lvMUEzR0Z2WC1oUElzdGhLaG9CcU1KREpSM3djMnF6a0I3QkJkc0NDUVlaWnFnMU41bU55VjZiWDJmaGFmTGR3M3ZNVmdkWmVxVzV2RW9UTDBkYWtxRlEteURzeHdhY3RlTGctUkJDWFdNMXVPZDgwWlZwamk3UGxDeTU3ZGVOYjlwenhtcjVhQWJwTWljZ3ozNXJWR3BVUEY3YlBWeXMzc29OeVBiOVZaejhiNEtRMHNPNjFZVG94d0M3dVox0gH6AUFVX3lxTFBRTmU5QUlRczh1bllCUlg0TE1SMFBNX1NBUFZPd0ozeTFHVmZfSGJyUjZnNlhIZzlyRURNeFVOOFE5dGM0Y05NNXFDRHdFM0JHMC1GSGRjcXRBLV9Eb19USVdaT1EzV1FDSlAySzVFNWIyYi15UFRoMHJrSG9YWG5feWcyaWpEdmdRT3RWdWZHY2h5NlhMYnB5TFNuY1hJUlViNkJfd0xhWTdNVDREdTFwVElWMkw2eU52a3Ficy01ZDEwWUIyVjVBbFBRdWdUQ05vMWRqNUxUMWExNnRiQVhEUFJYWnFwM2ZPbG1NZVRONzJSNlV2YnJZUEE?oc=5,-0.6443
LT,2026-03-05T08:00:00Z,cnbctv18.com,L&T shares snap four-day losing streak but analysts cut targets on West Asia concerns,https://news.google.com/rss/articles/CBMi6gFBVV95cUxPcHAwQW13OThBRTdVOHVhbTN2eWV0TWFWWnQ0T0U0UkVWanRVazNnTHdLdG5WX0JVaFlFc1RTdkpta24wcnpIaS1sRHl5WnNCaExQNEo1ME91b1ZLblJwWlYwbWdleVVRNHUxbUEtRFpPaHRnY20yUURrZElKbFI2QnBYUUdfYmZYdHNsVENfMmx3dm93ek94Q0Naa1BHdzV0ck93WVp6VU9hcjlfQzRsSGlzQU5fRFFBVkl3YlRCWXQtWjg4eDVIVEVlS1Jod2FxTkNGeW5ac1pzNHBCRkxtUGFRNHhJZHZITGfSAe8BQVVfeXFMTWhXQkRheFNCYWMwYTZvSVJ4WWFhbS11QWdObUFva0ctVFhOTC1XQVRlWF9Hc0FieWYtcmxuMFp0VERKYk1rdkxXVlRZVVMwd0ZUelNrTXNXanJ0U2RuYzF3T0FuSkZWMzFHd1IybDA0c2MtMk1Mdl96ZnVNaExVQWplQXNwYm1KZU9tazIzUG55MWhZX1BzR2Vpdm4xZXItaTQwTWZERnFYLW9LaTl1UlptWDlXZlEtOWpCUEpMR2ZUM0lvdWRqSk5zemRtaGRpVmZQYTctcXkxMXowR2pHRkV4TE1PX3BDRUN0ZWVLeVk?oc=5,-0.9311
PFC,2026-03-05T08:00:00Z,Business Outreach Magazine,PFC Share Price Today Hits New High in FY26,https://news.google.com/rss/articles/CBMihgFBVV95cUxNaktpWTFHd3FscXpNaVctZUhGUDNqRVhtWWgtbjlDNVRzMGFYdnhGNGFYX3ZkbWVlbGE3VFRycERINFlpbWNyT042b01faEdUeVFvVW5saUIxWHdkVzc0eVdLZnJUcEI5V3FsSzBEX01SbmI0b2M5UkNyWDBpLVk4dlppdUlsUQ?oc=5,0.9180
SBILIFE,2026-03-05T08:00:00Z,CNBC TV18,"SBI Life FY22 tax demand slashed from ₹5,317 crore to ₹471 crore by Income Tax Dept",https://news.google.com/rss/articles/CBMi6wFBVV95cUxObjk0QkZiLUwtcWFaQmVVbUh6ZmhTVTlHWUhTOHNTaFFRRjhLWWRxY0NyRENJSko0MmtTMlhlejRTVUlCUmZHSGhWdldaMnBMdWxuQ2tYaTk1NkpEU2tHUFJiWTZYZkQwR0lpUkRndHR1WkFxWWltSnFZM1BBbmNCNzFxWDV5djZHOVBLNnlZY0xwUW1Ra1JVZExOcFhNSTZNdTd5T29abmxldkYzUHdXNVhiLXJkY1BtbkhUczA5blhKVXNFT29aek5qWWpQbE9tc1c3WXNEbFFZeU16Mm42TjBZZXdZekR1M3BF0gHwAUFVX3lxTE9pT21ERjY1bGdLNUgza1YwT05PcHUtRDBDVFJGMDFaV2F0SFlFSzJhVG9aSndEZVQ2ekxJQ2c5RElvclVKM2pKb2h6ajFqaGFpeWJkOEFZaDF3Q0Q0ZGxldlV4bnB3S0U4V1VhOTBscV9DUEk2NjR1cU5qSDktVllHRlNPZGVkcHM1ckdGbkIyLURjU3FmMDZTZUNkdzR3eVdIZEVYMm5HYTJXOF9ELXFuSE9HV3BfRmlaaWJwa2xvMWozZ0FBRmJKYktLOG1FMkd1NEYzZUlzOFBVTDVxOW9URnloeFhxQ3RKVFBMWFdiYg?oc=5,-0.9334
IRFC,2026-03-06T04:22:34Z,MarketsMojo,Indian Railway Finance Corporation Ltd Hits Intraday High with 3.19% Surge,https://news.google.com/rss/articles/CBMiygFBVV95cUxNanlyQzYyeGZ4V3NRSDQ1MktWMVVVanpIeW9vQkxBS2k1R0Y2S0hOcnBNUGxueGxzeTRKQ0RVZFhpd25lcThGRHUzV21WMGZyRHZEMHJBbGloVHRYWTZOSGhkX05YUlVGMlg3ZFo2YjBnbFVWUTYtdmNxSWVOdk1GYjR0WEZCcnhlWFpzSzFTQTZZTWpQOUNqTjh3SHYyOFJ1T1ltUVpudDRteTNFYThEdlpub2Z5SVNoNWtkSGFSTEFPMXBXZElxbHBB?oc=5,0.8826
ABB,2026-03-06T08:00:00Z,Moneycontrol.com,"ABB India Consolidated December 2025 Net Sales at Rs 3,557.01 crore, up 5.71% Y-o-Y",https://news.google.com/rss/articles/CBMi3wFBVV95cUxQUDFpOEh3d0tlbHJncG82UC05ZmJIckNJbndxU3VNVERqS25MVEx0WVBZdUJMaGtsMFNhYVBsUEZpNTdZRWtfY1l3SF92TXNGNXE5NGZWM0Q5REIxanFacU5lY3BldHctMkhsVzNtYUstUzZNZVlTWkR5SWJ4TFJFbTZETjFhVks3UzhZak9ITUQxLVNnekJxeFY1WEtPNHdmWUpkZUUtQ3lweV9ZNWp3cnBaT2t4TERTQ191bU9EYW9mR2otdUxyby10X1hzS2tnTGllSzhpNUVrdGtSejQ00gHkAUFVX3lxTE5hekExeUx6VlpVSkM2aXVkdjV2ai1PbWd5U2JpaTAzNUNXcmcyT0RsMUQxSkpmekhyV2M3M2pBc29CMm1GMnZROWxmVE9MRkI0akxwZVA3QVRYVmFYa3VVMmJ4WnRKejF4d1RyOHNrc0g4NzRWN0xHNF92cml0TVpHZkZBWG41YWU5dGRGMG4tdktWMTlHaFVVQjVlWkVBWEx1SG1wNFd4S2pEMjBoQjVkbDVKNHB3R05SYmxiLU1QRnkwWnV1NmpjaGZJSGw4Y0FuckpwLVFTVnppZHUtMnZEbkQzZA?oc=5,0.9296
GRASIM,2026-03-06T08:00:00Z,BusinessLine,"Stock to buy today: Grasim Industries (₹2,724.10)",https://news.google.com/rss/articles/CBMiyAFBVV95cUxNa0pFcVJ0UjRoTmhXS1NUQ1p2NUZEV1RjbmRYbndVN1NHTjdXY3dHNW9fQlNrXzhOUnVvRWVwdHpIWk93cDhfM2pQWW96cGxOdDhmdWx2aXVJYVJYMGRxRVBzZXVySTlXeGk1QTEydURoeVVtN1VzYXEzaF92SW9UWmlzQThKU2dLam1ZSkh4eUZZY1B4RVNtM3F4MEF1bm1xOS1QdjRjNEoyOWJCd1QzRk4yVHdab2FWR3doZFhzOHNZQjBKQ3ZIa9IBzwFBVV95cUxQbVlrUTRnNjRMN1ZoVFZGaERjcXk1QllnZFFHbi0teldNakVXWXpqdTdJUV9NVThOMjRKc2lfUEZtemZhMkNXa2d5UTBmU2ltalhYQ1UzRkJEUk9BWU1XMWR6MmNOWnRfSGsxeVRXdmFuckxLdXU5WFhRbXFkZVZIUWwtTndONTZ3czR6SjVUMmoyVHdzX3RsdW5Fb3Rhd1c4U1NudmRpOFZCYWFKVGxfUGg5MVFVbGJRSnNkWjJjT2J4MDM1ZTNrMk5VUjlHWVU?oc=5,0.0088
IOC,2026-03-06T08:00:00Z,Business Standard,Indian Oil Corp to consider second interim dividend on 6 Mar'26,https://news.google.com/rss/articles/CBMi3gFBVV95cUxQRDJ1Z09ZX3NxVXhuQ2JNczZhMXBYQWRYclVLMW9ORXZKbmxyM0hWQkRVY25mcGo5QjZqMWQxdy1KdFdWclBPTUIwOENUWUljRlhyczgwNlpKSHJOSHdsVVBPUk9wWGJ2eVlMUlBVZTBVYnhJT0JScWp2YWJMeXU2MTRBeTJaUzdBTFREWkttYjJDaDRZV3o5OWlGRGd4aHV6MUFXR0VkT0FEYmkwbGc2aVRxeWNZbkt5Q2RnTm5teFhVNFpHaWdYSnJQWFVDWFNxRldmTS1XUG1vUDNVQmfSAeMBQVVfeXFMUHBjU3dwS24yUV96cmlpR0R2LTVaWkRJbDE2TVdnZlhnX1RpVU84dXRLUWVfdlJHb3A4djF3VDVGbHFUTXM3WXU0RTkwb1k5M3hPTTdxOFZUb05SaF9PajQ4OVROS1BUdDk0d2IzdXZZcVFrc2xDX3dRRHRTY3ZTbGRROXBPelRBWDZXc1hnUUJySzZMSHZpc3k0bFJXVlZnU2RiYlZWM3hBRE5PalNwUjA5WS1xQjNXWlVXU2RmeUFEUXByb1kxWG9wY1dua20xQ3M2WWZLeWxXU2wyeDRWLUowSFU?oc=5,0.0161
UNITDSPR,2026-03-06T08:00:00Z,cnbctv18.com,Here's why shares of United Breweries and United Spirits surged up to 5% on Friday,https://news.google.com/rss/articles/CBMi1wFBVV95cUxPVUdNVzZxd3hpNHpPS1pEUGdUSmZOY0g1SUNBYVFZcWlZVWRhYzdJY0xPRmdXcHdBaTRiTHNlVmUyNGNOLUxFbzVkME4wSEwzSUwtMEEzSjFtYklOOVUtUlhaUjNTc25EQUZjTkFCUTBqOXBsVFRmb3ZwT2ZhdkN1dHhYRDZKaTdTdmxSazVDay1KM1lrSzZhV2hEVFNpeV9tb0xsQnBYTU9fdlJPUWtXOXAyYUV0dTZLQ0lOVW1RRmx3dHJyVTBLeTd1UkVhNmh3QUlmV3JiUdIB3AFBVV95cUxNd2tfSlFVbk5BTVJ4VEtBbHhqTk5wazh1SDN4QWJQQWtxQVlGam5iQ1lJZ3BDNWRIRnNEd1RjUm91SS1xRWdpLWo4RS1aUW14eDRoR0FMNFZQa2NxZV9WOVY4YUxVLUJGMm1FNklfSEhCT0lkcWZJRmx1TWROck43UHlpc25iczVvWE9VNEdXV0R2Z1lSdXVsaE42bHktdlVobmlKVjE5V3l5SklNRU5uSGdRSXBhQ2k3QnVUNy16N1NCWkdhd00tdkIwVHEza3U4d3JkamhyOVNza256?oc=5,0.9076
UNITDSPR,2026-03-06T08:00:00Z,Business Standard,"Liquor stocks: Radico Khaitan, Globus, United Spirits, UBL soar up to 8%",https://news.google.com/rss/articles/CBMizwFBVV95cUxPbnFoc0N5WUtUQ0Ntdzl5eVkwcWZQa2JYdmNOdlo2SG15eGx2dVJ6a2pMNXY0bU55TWR2dEVxUkhRakJOOGJDaHVsazFqR3Q3SGlyY05nZXRYYmt1VGowQ3lKQkt6bF9GY21zZXhNTmhNcWlzbU9ibVBSTVhiYkd2azZNY2hlN1hiNGRRUFlTaG15NzFrWmV2SU00TWFtS1dGNHdZdkpMZWRwQktQdEY2Z0dNZTRINWpLd1NIUVE2Rk5GUnhBOFNjT29mZXByblXSAdQBQVVfeXFMTUFJS2dqWExlWUhfbTBwR09DYjRROEtvQS1sc0xhZ1JJcHNydW9RZFczWS1qMmh1Z1J0NTQwQl9rNGRBcmhVZjBkNWxtTHpNNDdPZl9FRWdjblpmYnAwUE9zbGozQ2RqOGNHR2otSGtWV2hReEdjWFhsbzRHQnpaQkRVMG1PUlUtZ3p3Z0I4ekdBT2tGRDdKMF94UkxKVnpqYzVHcVdIdkljY25ibndFUXVNU1Jtam1wUlFzdmFtRW5kdkZKV2ZYN1M5ekYxS1c1RWdtNTk?oc=5,0.8475
UNITDSPR,2026-03-06T08:00:00Z,Moneycontrol.com,"United Spirits, United Breweries shares rise up to 6.5% as Karnataka govt revamps liquor policy",https://news.google.com/rss/articles/CBMi7wFBVV95cUxQcTJxd0VDVU1vRWgtb0FCeVI4UzdUc3JIUXBiU3lxOTM3MjBRS2lxVWZZLXNNcGdPeWc1M2ZuNWtadXBTWDlpaHp4aVFwbndycDVTR0dacEdnbVl1bHN2akhOQ2dBZGlPY1JjR0JTRVNiQVB6Nlotd0NBWnlDVEZqRHQ3MmJIeWJ3WDRVdWl1eldzVUtobEtzYW5kTTBQY0xDNUJJODZobW54UVlZODV2LW9paUVFZTJlTHBDQVBiQlF0R3NGT3RUSDhGSnFsZmJ0SFNKVldKa0ZtdzR4eVJsQ1RBbnJaQ3J3ZW9FZUhIRdIB9AFBVV95cUxQMjU2eWRYTHdtaTdZX2RtRjVCd01JdkFYMXc2clJXNVEzZVIxV1pLbUxxUEVtaV9OYWVhLXpaZTRPT21PdjBTYmFzT254V3B5MnZGRXFuMmpFaHpLUkItVmpHUVZyc1o5YTktSjJxXzhEZkRGSHN2bVlXLW9zYlJYcFc5dm9NTEtfLXFpazVXNnQxcHdCdkU1RE1kVnE1TlpEbkY1TW5YNERxaExNQXFMcXlvOFo4blprRHNDeUlZSXRXZjZTeEdmVkxfSzNBalpiMTJLT1NxUkxNQ2xXS3JiYXc2WGRBTzVESU81QlVlZi1WNTIt?oc=5,0.9225
CIPLA,2026-03-08T08:00:00Z,Upstox,Cipla share price in focus: Drug major's arm recalls over 400 cartons of cancer drug in the US; check details,https://news.google.com/rss/articles/CBMi-gFBVV95cUxQeEpCbkZQa1hvRGF1VHN4Y2VVeWJKWDRyZ1ZHYk9IcTNDWVR1enkxRXVJWU1vaUZpMlZBc2hldkZVX1hWVFd3S1RPNjEycW5IbFVPbzY5cFVuRmxZSElGQU9tcGJBQ29wMkdNTlhUUEhXdnhRRGJBU3ZtQ0FhUTRETktVOERDeURNN0h4aHpsLTdIRXJUdTE2andKazFHdGVnakFlNUQ4aFBEMTBJWGdZZVMzTlpXS1h3Wk9hZmFEcG1qZGdwbnNLY2pJdGNqS05kR0RNOFZSaF95dXdRcnBJNjdIZi1ZR1N2d2xNZlZ2ZEo0RUdUWC1FNVdB?oc=5,-0.0078
GAIL,2026-03-09T07:00:00Z,Livemint,"Maharatna PSU stock GAIL India to foray in telecom business, inks MoU with Navratna stock RailTel",https://news.google.com/rss/articles/CBMi-gFBVV95cUxNTGRndHh2c3NhMk1ONmRaZWZuMFFTMEpJM29Ld3ZQYU1RZlplTm1TOHRuQjNNVWFHQk41S2hQWllteGRmQmd2RTdWbFRRcjJUdlRrLS14UjdWd2w0R3hqZXQ4N1RqbmxNSmNWaktWMGVESUNqNDMyNEhKbURDVDF1Y3N4Zk5yQVVlSW5rOEpzak9HbnA0R1pTaThPUnBTWWFkdnJIbkVIRGNzQXhMU1ZQaEkydGdxQjRSSnBEb3pwa2NtdDdMSVI2YzJDbTVrVGdpVlZGdTRtcmRnOWc3aGxmcjZYdENzUzdhM29iellGN2N3dk91QVpzc19n0gH_AUFVX3lxTE9oUDF2cTVtb3doWEVIaC1rVDVVZzUtdFhfUml1bkdfMHA3dUJVQzRoRFdtNUdCSk5scmc3Tmo4a2JoZkVSNmlEaTBJOXNIY0NpRmh0M2V4a3JseG5oNGNXS0JGcWlxU1ZtVTdqbmdsQnNyTmYtS3lscDhZY2lBdjROX3FNZ0U4ZEdtNWo0MnZsMGtrTHRDMWJJZmRFdXhtRm5Da0lOSVJObUhsREdPNVNWLVNIOW52SEZWajJ2QzR2RkNYb1dKTW5NaVJ6Z3V5dl9GenR1MkxhbjkxLWZKNUdaRmNTZTVCSWNmM1RmZ1Zub3VRcFFmXzNqS20xQWhpRQ?oc=5,0.6088
IOC,2026-03-09T07:00:00Z,ThePrint,Indian oil stocks fall as Brent Crude surges to near four-year high on Iran war fears,https://news.google.com/rss/articles/CBMivAFBVV95cUxOODVWcHhiV1ZDSDVnMEppX3N3SUJvaFVyRlJNX3JKM3FxRC1FYzhEQlpNTkYtVWVaelhFcDMwcTVwWWl4VnIwOHpsaDhWSExYb1Jsd1ZTT01GRndMZE9PVjA4SEJhWUwyMGxvNTQxZHg0WHJjQ2xzRTVzbUVHdjZ6V1paa2UtaWRBMzl3R1VyZ2ZiUU9CLTgyZmU5UnZLb2FuX0FxZWtqMmlWX29FZnZXVnpQLVhqbDRpaUtJbNIBwgFBVV95cUxPQl9nbUtYV3ZJc3pTbGs3YTNfUkJqaUNDMnZ0S0FNZDkyWkFWMy1ULThyRTBOYzJBd1BRaV9GZklybG9PYVBIWkpVYmtaM1JrTm9Wb1JNRXFSQ2FidnVzU3VyRkhkOHZxWVNzYkVUTlUzZ3JUTTZHRFItYXVqZ0ZTTldudGFYMjlPRGNGWmRYaEpDZFhwNUFOUUV4c2lvdVRHYUQ0QjhraWhOOTVxZmkwWERTSXVtMkRxVEdjRHJXQzM5Zw?oc=5,-0.9518
IRFC,2026-03-09T07:00:00Z,Business Standard,Board of Indian Railway Finance Corp. recommends Second Interim dividend,https://news.google.com/rss/articles/CBMi6AFBVV95cUxPWlZveEpGekxPTFdvNHRFdjZJUjRiQVN1SS1iRG44TmttaVVUaFFTVndfejFjQjJlVUFkRHBTd0s0MTRLSldfTEhzQkVYLTJLOXU0MVE5SWxYUjJjNmg3aWJUaURLMWZRZFBEZzZVMDJJNUp4VkpiR3pXUHlqYlJScFBLY2NhOUxrV1h2cFMwd1dBSmg4UXZIRTAwYVI0eFFpcU5lSnBVZ2dIQlMyYXFBR21JdUEyQUY0NTdkbHUtYmdwcmNLM3c4WHE2eWh1R0ZqWjVuR1R0VjFuVGRYZFJwMW1Wb05nQ0J40gHuAUFVX3lxTE83bFVSM3JXQ0FJV1R5bmNWR0VWUjR5Q3FFa0xYNmhLeDFySGc2c0tkd1Q2QThKZkk4UGtVQWVxMEhFMGY2VUFrYXZZMW1PNFRldVhPTDVlRVNCamZyLXAyS3Y1UFlQRVI0WTREd0Z0SFdaanRWaTV1WUZKdTJIb1RQeXhDYTJ6dm5PM2puWk95UXpYZVByVEZmNGplaGUxZll3UWVKRTZhZEhFQXRwRF95NkFUOGFlSnhiUkd0R013T2s0YllDaXB1T0hfYUVPVVJjWUQ1QkxTOEtzbldBNzIybW9GN2JpbkQtbjNob2c?oc=5,-0.0108
SBIN,2026-03-09T07:00:00Z,The Economic Times,"SBI shareholders lose Rs 62,350 crore as stock falls nearly 6% in market sell-off",https://news.google.com/rss/articles/CBMi6AFBVV95cUxNdjBsaTNoSUNwTEJNb1h3NjByMHRBUTI4TzcxeElwcEl4cjZxTVpGUFN1ZjMxNVpmMGNqaF9qSTVlUmpraUVvTFJUb2NXcHlXSTVOZVVsQVgwbnd6MEtfbTRQUXdldlNGNGhSaGYwTDIyYkEyUEhtOGJfMFhYVjNOVDR1WVVweUhRaV9tbWdXUURiN3NaTVNFYndJQ3pmTXp5bFJ5X3FqdHVKd1M5YUFnZkU3b3pBTHQ5enRHT3hKWXhtZDgyaTNCRlRuZmZCS0pSSmJoSmZqMU5LbjhRWXFMcXl5aV9HTmlt0gHuAUFVX3lxTE9HOW8xSnBiaFhWZlZzQlhSQXUwQ19yR3Rqc1U4NDVUTi1KUldPb0pNSUdIUGJ3VTgyZ3N6VHdKdkkySUNpZGMzbU9lWWxNXzN6ZUp2YTFsbGZuaktBNUE4Yl9nTXY5OVo4eUJ4dy1BSDVobndtQW9TWFljT1NpaXFta0NkSUd4eThsNGR4cktuVHF0czRpMVJZNHpEUkUyblV6eGtJZi1fN2N6SUpBemFMUmI3SjV0Mm5FOEFuVi13WHB5bEtlVnJaN2dDSG9maUdQdkUxZ01WNTBYOEl6bi1vbTVZSjhKY0RORFZUdlE?oc=5,-0.9602
SHREECEM,2026-03-09T07:00:00Z,Business Standard,"UltraTech, Ramco, JK, India Cements crack up to 7%; what's worrying them?",https://news.google.com/rss/articles/CBMizwFBVV95cUxPVTBYei1vcnRkcm1QdU1GbWhRWlJDREtFR21CRVNFcXkwSXV0X19iWVBGdjB6YjVUaVlSdHVYdEY3cGF5TnB1anVnbk9UUXV1eUl0RC1Hd2hHU1RUUjdTRUYzUy16WUplUElLd2JTRnhLU3dNblQtcDVydkFKSlJTZ1o3RVZCQkk3eXNIaldkbzQ4TEY5MDJiSDVYZFVwZG1kN0pGa2l0S1o5cXlYMDVTOWRhTUU1SWc0UzdLT0h1QjJheFpnS3BVV0RyTnNJUUnSAdQBQVVfeXFMTl9NRnoxelNZN0JhUFB2bjBSVzVGR29SWFF4UWQzaUNrak0zb0dleTVFOWlkRVIzN3A1c3pnMmVtaGhvQ3F3NDUxcUdScmo5RHpyZWJpRXFSVV9uNjVzUFl0MGVpVWtfeGw3bml3RjN1ZXRHN2g0dmlqbWIwZ1BPZDRfekhrQ3pKX1QyaENqRGxwMHFxTmlpQUlvaGVvVkZuVjY5OExKd3pZTVdNRE5tY2J3Q3o2TTd6clJQazlDLUFucFRRdTd1ZVJ1LTF1a2lXREMzdWc?oc=5,-0.6354
TATACAP,2026-03-09T07:00:00Z,marketscreener.com,Tata Capital Housing Finance Limited announced that it has received INR 6.50020473 billion in funding from Tata Capital Limited,https://news.google.com/rss/articles/CBMi6AFBVV95cUxNX0E3UHk0YzNoUUNfTE1kUXNUMzBwWlFkNnVBZVUxRVpDT2l5bDBMbm9NOXNMV29XY0M4dXBpM1VILURvWlZ0VFFSTUdJZEpFcTREdmtqLTVmaUNzQmMyYV93YnljWWoxbmEwLUFHTHhqX3lLZ1JNc0xHMktUdWZVcVZZTG1Vd2VCX3A0RmZKZU80OUUwY3VsZ2ltQVJhQW5QMnBab3pOTk10T043Mzk3T3ZEOU50TVFhd1laQ1ZzZkVMSy14a1dOc3hnbzJCZHVPdjdnRFNJMy1yQkRNelpESHBVLXhaYmFW?oc=5,0.6723
TORNTPHARM,2026-03-09T07:00:00Z,The Economic Times,"Buy, Sell or Hold: Citi keeps a buy on Torrent Pharmaceuticals; Morgan Stanley maintains overweight on Rel",https://news.google.com/rss/articles/CBMingJBVV95cUxPcGJVZmJRNHBwLWRMVVJSX1BTSC15RUsyMXBEQjlneDBINk9acWdrNE5fQ2dLRjNvWnN3M1ZIaXNtZ0RUVUdvZEdLdERWdGtqa0pDX0o3N05QbVNBOWdiemdqSTN4aEREdmlkY1hYQkdDczZOUHk1UTA3Smk2Rk1ZYkU5OWRpVk5KOTI1dTlueFdoMlpDd0pObG1Zem5LcjBCMGpUNlgzOVlVSWNCX09EZEI1UWJJUld3UWJZQXZXczdYano4ODJ4bi1RZ3FHN1lDVjRNa3pzYmRyajBuRXllX3UtRzhjV1Y4eE1wdHhmZVMwVFJvUW5odEdQYmFZQUk1RkhyaEpZbV9RTkptQjVobTVPRmFMUk1fdEFwbmZn0gGjAkFVX3lxTE9qS0NuallGN3l2X3pJUUpBOVkzYVBpMjJUaGtqWUY5VnViWjBMdEpPNG4yek9jNWFvMTZMRldRNUNKRDJsY0lMMU90d3JXTzNZUTk3Sk1rZ0VfbTZfWU0yc1lfU05ZQVZhb0FnZjE4WUtFUnY4ZmZiUTA5YWRzQU5JbVoxNzRUanloNGRjcVVoT0gyTm0tcmpXem81TGpkWDItNk1QUVp5U1pQdTRueEkxa2RTMS1aZ3ViWVoxVlFwUnAtYS04VzUteGl1UjNEMlBmSkhvR1VhMHZmWWQyTm9wejdpMzZrcUxHZW5jVjJwM1htLXVIR3A0Q3FLUjF0X2tkckRzbG9uOWR2U0stTnJ0T2hRaVZCX0F1ZjFWQTFjRnE4aw?oc=5,0.0798
UNITDSPR,2026-03-09T07:00:00Z,Business Standard,"United Spirits, UBL top picks after Karnataka alcohol policy: Analysts",https://news.google.com/rss/articles/CBMi3AFBVV95cUxQbTB0ZGJnOXctcGF5SDJmYUtjSlprdXZhOHpGWmk4TW1BUzhXX2FOaDhjb1hEQTZnZExIaXIwY2lBWlgzMC12RGdSRTBrRlNidTg5V1J0Uk00V2lkNkZVeFg3ak9lRVA4alZCVnU0NC1nXzNkTm10TWlWelk1LUZ0cVUxZ1ZJV0hfaHd4V0RibWdkYW9KSjdkUUZwOVdpNHZvbTd0R1dxbDlEMjl2NXdQZ2VxZFFNbzYxYy0wZVB1ejNxbWRGTmU1ZnBNODJGS0Ita3BiNmwtZFF1VE9L0gHiAUFVX3lxTE5DSE91SGFRb2lVUVRhWV9Ib1lVUy1lVTRQLXRLU0NOWWcxTU5QUWRHSzd1bkFrMjRCQVdQSHRKdVptdDBvcjY3ZjRrS0lFVXpUWE56d0JVbXAtVk5YNTE4WGRYaXZ4OXBERHFSN3VoMkxFWi1UbDZWcWlxVUlzQkpYTDlsSzB3aGtMSTQ2RmdkMXVDemJKYWh1bHNKa0pnazhzUEkzN3YzUTVwN2xOQ1I3X2FWUEQyS2JiNE5MOHRtZ0I5a3BLN3ZMemV0LVl5dDl3WEN4VlVwWE1ueXZqRXF6RkE?oc=5,0.0881
ABB,2026-03-10T07:00:00Z,HDFC Sky,ABB India Share Price Rise Over 3% After Company Announces ~$75 Million Investment,https://news.google.com/rss/articles/CBMidEFVX3lxTFByT1lodzZtZ1hTUnNPSWEtRVdnR2M0cDRsZzlGRWk4NzFhaEM1ZnVLUHotT0xGMjZSZEY5eDlBNGxFb01WTmpaeFNnQmNlTFlQTG9HMmFQcGx1V2lSejNmRzRmNjlVREpsdDFmZWI5bEIxT3J6?oc=5,0.9003
ABB,2026-03-10T07:00:00Z,Business Standard,ABB India gains 4% on ₹620 cr investment plan; stock up 19% so far in CY26,https://news.google.com/rss/articles/CBMi0wFBVV95cUxPT25QSXc0ZXdiclJaNzRiTk9RdXp4NnVxN1F2QmVzTDBKd0hkbmtDYzJETUhkcDJQODlLM292bW5CRl9GUmJYMm1GQW41WDROSVUtd0ZrQklpd1ZWZkJMQUwxRFJieUNyck11c2taVnd3M3ZCYl84ZllvendNYVFPNkNINGJNV0ozR0hMZ3RVMFRIQlpPazkxMGFpM3Y2VUJ2Q3g3VjZSRFdCZmk2MmlyU0hJWmk2Z0s2NFNpLW90Y212WnNZTmlWY3QteUtfcm1rREs00gHYAUFVX3lxTE8yQUNEUmRXVzZpbTBrT0ZmYm1kMmZaNzBTcWFmbHVfS2lqbk1SLXFpbG00VUM5bzRRQWNhblpSdGJhX1htYi1naTQ1LWU4UGcwU011S3FRQTlSWFZQWGtNODlwSnVnVTdNbzBaUTlXcGFUVjZhTDNPRC1tWk0xSUp4RC0zWkhuamdqdkxaeHlna2w4VER1WEdreEVFNVdwOXR4V0RzREl4SlFaUXEwemE5UTZRZEFCZkN1VGVnUGloS1ZlT2NLTG5HblItLXZscjd6RUhwdk9ZUg?oc=5,0.9284
ABB,2026-03-10T07:00:00Z,The Economic Times,ABB India shares rise 3% on $75 million investment to scale India operations,https://news.google.com/rss/articles/CBMi4gFBVV95cUxPRl9TQ1doaE9MM0pRcTdHNVh2YzNHdk9TMGJibFRwUi1TUUxQSnJIbTdpZzFjMVk1eDJWQnVQd1d2WEJZYnFBWHlDbDhQWmYtMHNqTXhtM3Z6TVdELWdLcXRyX3ZmVDd3Ykx0Mi1KQkdCUUdkbGZRNFQ3VTg1WjdpQWtQZHlSU3RvS3BNSXJNaDBTSTQyXzFmZ2FJNXhjd1FVNlNBdnFScTQ5VzhYMENNcmxsSmZPbjdlU1V1QTROQzFLWVp6QTZBc0hTWXdhem9rRTZZNFFHbHJQUjROdm4zWUtR0gHnAUFVX3lxTE4xSlZqUE9Gc09qcGVzeXE4TlFqUWlpVEQ0SlJOWWR0MnlMRDhqRldNQ195cGZQc2JZdDlZOHhPN2hnWlg0YWg5a3BkVDl2X3pUWUdVajg5U1RmbkR2RW05Sk5sdDZEV3NPUEdrdXZUeGEzVFFsMF9aZXVKbVdjcnd6Y0NvYXNzSTNLbzZNanZoY0pmenphVnRWVGVXenA2MV9vSzllczBDTHhnZVNBSFBNZUlCRWtnZ3VudzMyLWljeFdxbzRqbDE2S281RVRxcXVmczFPcEV5VTNXZ2VoT19LZmtFRWFmNA?oc=5,0.9070
AMBUJACEM,2026-03-10T07:00:00Z,Business Standard,Ambuja Cements shares gain 3% on positive outlook; Centrum sees 44% upside,https://news.google.com/rss/articles/CBMi1AFBVV95cUxQaU9OaHdhcVkxazc1bnF6V1pfSnl5eURGZHQxWkhOZVZXekNueXQ3VEtpU3p1ZmxGOGxXZmhDRXB0NE1kWXlSTjhNVndGR0xkTWhrS3NlV25nbHNwMU9lU0VoV0V2MnZRc3l4SU90NXN4aExkaHI1NG9FdFhYSU5LM3puV3NHOWVmVnY1SHAtbnhUekVmUFhFbk4zTUtGRVdWbldZSVhnejViWmNXb2RzbFRjai05VFNEMDJWOUY5VHhvbWYzVUU1Z19UMHFZcGVyMmNzaNIB2gFBVV95cUxNSWlqUS1CNDRaNUQ3Tm0zbkl5NloybF9pTzR5TDFKeTQyTFBEYklKTWFCeGk2ZVZDVXd6NnpqWkh3ZHU2THREVEZLYnZQTjNtTGwtOTJqam5Ibno1WC0wQ3R5R1NoaHI5WFgxdHp2YkZ3cE50c3hUTm1LS2p0czNFdTl0dGt3cHhLWUtTbU84VjZpTk5RZjFRdUJlNTIyaXZ3ZW1ZYzdETmR3WUFlellSZWhFaXR6TVlhdjEzekp2NHhMbjhoT0dNX05SZkZaSTgzZDZYc0lCZTQwZw?oc=5,0.9288
AMBUJACEM,2026-03-10T07:00:00Z,The Times of India,"Reliance, Ambuja Cements & more: Top stocks to watch on March 10",https://news.google.com/rss/articles/CBMiuwJBVV95cUxQcDRuRWJwcW9sd2RWbmtlWkpyVzZ1c2JBODE0bjA3TU56aDlfMDhhTER4MFpxYTRBLXFTWHVZaFF6WnFYZ0RwSnU5eks2WXZMTHZWZXRwWnFJYnExcWxWS2dXc1VsQ3R2ZDk4RDU4dWowVHJzZXlrNlByaU9xNXdjTkdrMGpRNEJvSW1uTDVJeFdVVlNKSWdyaGFiUkFTb2lkalF5Y0NPV0hKc2g0WXJoWnNUY25SS3Y5MDF6bmJsM1Q2cE45TFI1NS1PcTB4engzSGs3U1VzTU9XenRHaEdtaEk2aEJfbTNUWTVoN2FuNW5zODNzc2dMeEYzZWNXYk9aRUltNnZLbFpoaEQ3YjBKTlBMX0t6MGZveEx0NjB2aURiMllsNzBWUzYxQzQtVmpyYUE3UVhCUHJyYU3SAcACQVVfeXFMTXdRYlZiSE1kYzhablZUeW8yOHdoR1YyVXYtdjVRekJaS080ZVNrNWtWSDZZdG5Qd01zRDlSRkNCYnZfWFl4ZmJZUnYzVXVPa2VmRjBBSHAtVUw3a1U2bGxaN0k2RmlOa19DQjJnaGs1a2plLVZtc21MUnRHaU1JQnJrNC0tanFfRVV1ZTdRajhGalExWWZ2SHNjdERkS2FnUnJxNzAtZVFZUnI0NWt6U0NqcG9WX3pVXy12czBiVzRYaFVNZzRjSXF1cTJjNGNkVXVtRzJVZmxPczNWWGdPY2JjUUl5dHdOOFozQVFzbUtLZXJxNU81c2lwMi1kYXBDNGtELVFTeVUyZktLUUx4MUFFZWRMWVhWWnQybUR2R0FLeUVneTdDUk13SXpZTS1HNXV4TktrZlpOZnlIYkUwVFM?oc=5,0.0228
BOSCHLTD,2026-03-10T07:00:00Z,Upstox,Bosch Home Comfort share price in focus amid gas supply disruption; check what the company said,https://news.google.com/rss/articles/CBMi6AFBVV95cUxPdWVPSGw0c2RTQmNPNmlEU1lzVElCek1XS045aTNlaGJZck5nMV9Fbllhdi1vSjRDNEJhV2NPcHZoc2hvTktXcHhSbWNweUZwQzM2SjZnNDJXakM1bUV5NXIwVGlDUnpDTHNnYmJLaFR6YTV0OFN3ekFJQjRYOFVXV3ZDd2JwS19tZ01wU09JYnptdHJzMmc3UFR6ejdLMXh5MmNTV2VEWUxrbUF6RVVqcE01UUJCX0NNMnVVUEVvZHU3VVF0bzJpN0dOclpaWFprWjJ2UmdRUEZNM1JlN2JPcTUxaTZNbENN?oc=5,0.0029
BPCL,2026-03-10T07:00:00Z,The Economic Times,Bharat Petroleum Corporation - Top 10 high growth large-cap stocks: Profit surges over 50% YoY in Q3FY26,https://news.google.com/rss/articles/CBMiggJBVV95cUxNNTRuZ0lldHh5ZV80ZVMtR1FvY2RBZWVLdTBUS25RdFkwel9EUmNZOXBtZ1dZc0hiN1hHTW9pYS1OalZDNjNnV014SFR0bzlucDBDWkRuWGo0TnY5Rkp5NnN4dUoxS2VYNE1ZYllDSnA5WUQ3bW5fQnpuc181Ry1HdmxIcFFWSS05VkttVXVVZFMxdmJucWwxLWRqYndQU3BiOXF6X05BSGo4LW9PLVpyWVh4amxza2Q0TlZZSTl3czQ4QU1BM1RyNHZUbXJSMnRhTU4wX094cTFWV1VYbXZyR3pONjdMdGFXQWIwMGFzRHl2U1lTM1htYTVpenExaDVSaUE?oc=5,0.9192
DMART,2026-03-10T07:00:00Z,BusinessLine,"Stock to buy today: Avenue Supermarts (₹3,965.70) – BUY",https://news.google.com/rss/articles/CBMizgFBVV95cUxQLXlZX3paNDY0UE5hNThITTZWSDRUODZSaVFmUE1DQXJ1ME1MZXBvakhYc1hYVG44YnZfTU9BQzEzNWdSNGw2UHJLbV8yanZhcEhaQm9NbURva2FRRTZMX3ZtVjRqYVV3Y0NicC1jWi10MXNRajJGVEdGV1lJekdGeml4NXJndkR5WHpjVUhVZUxUenB5MzJ0NnpKSUMxUnB1N2NvbjNQZmt6T1RUajRhLUZKYlBqb3Q4aEVWeUJIZFVLUkt2U3VDR3BacURSQdIB1AFBVV95cUxNU3Faelp2aVdRWEFVYWl5emppeHpoV2pFaDlqV2xtRVhZdE5yNEppSVpmdEJ0UE5QdnZzNk1lZ2pYSlZRallEbjJnZ0IwRjBCT0lDcVdFRlpvbXpjUGYwa216VVJWY1M0V3cwZlI4NDh2NHdocFJCYXc1TmFWNDd5U1VsUHIwWUVwLWNSQjloeXBtVE9XR1NRR1JxU2ZfM2FUeW0tSVJMTGw1SjE5anktekpSNWxnbnlnZEM0NllCM3ktRzg5aDVBVHNhZzE0WHZmT1oxQw?oc=5,0.0286
SHRIRAMFIN,2026-03-10T07:00:00Z,Business Outreach Magazine,Shriram Finance Share Price Today: Stock Analysis & Target,https://news.google.com/rss/articles/CBMidEFVX3lxTE0zeFJOLTllYjN3WFZvbkJxQWIzbVdXRUt4Z0JTY2ZCRkNVV3VMa3FILTYydEUzb2tQLVZDUDZHeDJhcUd4R0ZGamZibnF1dVJsVF85T0xTc3dHRTM1QkVMOTZGNG1lR0xoX1pOV2gzU3JXU3Az?oc=5,-0.0063
SHRIRAMFIN,2026-03-10T07:00:00Z,Livemint,Shriram Finance share price surges 8%; Is it the right time to buy the NBFC stock?,https://news.google.com/rss/articles/CBMi4wFBVV95cUxOR1BneEN0aEl0cGhPU2lxLWJnX0YzRENEOVdZcEZEM043dExhOFVVUF91bzNteU9nVDNneXdiMXlaaU04WkNRSGFwa05QZEJwa1ZDRnp2andHN1QzZUNpMkFZSEZFWjBDUmJwTmRXTUtWT0dteFJtMWI1N25BRUZOV2J1cDZ4RllQYTk0a0F6YktmNEgzdjRoVUlneDF6OVFtal9NU1VlbGR2T3J0YnZhYzFXVWNtVnlKY2EwTG1wY0RKOWlZS0hJLVkxZHJmTm5xNFQxcUtyakJvY2VoSU1Xa1Bhc9IB6AFBVV95cUxPaGdza1FmLVVsVXRWRndyeG1KNC1Ua3gyRS1WTW42RzVmdjVubk1RRDYxNGRkd0RQdDJUWmd5WXJSMzJrM1YzOEl5RGNmZWZzRGxuVC0tdC1UX2VtNERfT00zeV9NWHN3X0Znb19pTENJV1BfRlZpQkYzbHd1VmxrRFRiM1UyUFhSbW5MOFcyd2M4VTJOUEVydjRNVkJUeUVYVjhabl9hci1sZDRVSktRQk55NUtJLTM5WGRUSjdtNV9xQXAycUhqYWYzOFNhclAwVGlTcnlGemxSYkV5WEUwUXJ0WllUS0FG?oc=5,0.3271
GRASIM,2026-03-10T09:30:16Z,grasim.com,Proud Moment for Grasim Industries at the 30-Year Milestone of the Nifty50,https://news.google.com/rss/articles/CBMitAFBVV95cUxOeXZseDl6dGNaYWd6NVYtSmhyeWVoMU56aFBvanp6U0F5cEk5ai1wMUxXaEx4TVVTMXc2aFlpV3paVHM3WTVET1pJa2JiM3FvaWhYallzdlVBaU5vQXVuamt4V2dScTB3MHFtVm1POHRPYzFDRkJSNGttLURfZno4RXhpX2UzSGEwOW1XUURTdVdfQ3E0RHBSU0RST3REa3B5QWNyUWxHQzhQTzBveWhmZGs5N08?oc=5,0.7812
ETERNAL,2026-03-11T07:00:00Z,Upstox,"Eternal, Swiggy share prices plummet 5% as eateries face LPG crisis; what you need to know",https://news.google.com/rss/articles/CBMi3wFBVV95cUxNQU9HdDVxTWdJSUZIMUZQNWNuQTlZMG9CU1M3Zk1ycTh3bkxVMWdWd1ZUdUJOemlLS3ctR1BOSVdBWHZEcGdKdTVfMUZnZnR5Q1dZRUlTeG93VFFrdHVuS1cyZlB6VFBydjdYcURkM0dma3FrM1E4UkM4Qm9lRkFDWWx3SXBNTnZ4ekEwRU94RVF3X2pzQ3VVd24yUXBUdnkzU0ZUR3dDYmxwYlV4OFRLSTdMM0RLd0lSZnlQVnlYX3RhcVJ1SUNKTHc0LS1NcG44LUxQb3MwMEU0MjRDMEVF?oc=5,-0.3473
GAIL,2026-03-11T07:00:00Z,Samco,"Adani Total Gas To Gujarat Gas, GAIL Share Price Rally Up To 15% Amid Supply Concerns | Stock Market Today",https://news.google.com/rss/articles/CBMi-wFBVV95cUxPWFB6cUhiVE9feEJRVkpUemFsR1ZHZkUxU3loSDFPV2pia0JLYXVzNDNhSXkwVlcwZnVCX1dHNF8wRndiMHdtY09CdWlNTE10bVFtT0tCQmpVY1FBTjZMa3FCNWRjVjIyUGJiVjlVVE5lQ0cyUWgzZG5COTVwdW5oemg1RUphRlJEbVYydkFnNjJ4U1lyWFlmOWVWNm4wMnNfakxoUmpOdkQ0M2pDU1hWcjFGWXBPQUw1UXd3VFBlZ2RtSXBsMjJPYTk1YjJ6WHhpMkUyT1NmNWV3Wkk3X0pTTHhISDVieXhraDFtell5UFpkQVRYN2JYYml0Yw?oc=5,0.8952
INDIGO,2026-03-11T07:00:00Z,Moneycontrol.com,"IndiGo stock jumps 3% as brokerages retain ‘buy’ calls after CEO exit; HSBC, Jefferies see stable...",https://news.google.com/rss/articles/CBMi-AFBVV95cUxPcEtuNEZrN0JhTXV2ZkNCeWJlR21vVkpqYWMtdHh4LTBKMTRNVkZaSExjX0tyWG1xdjhYTjJUUGduZmEtMDhMNnlldTJiRF9zaHF1TEpMMDlKd0JtNkdMVWxBaWVnY0pUR1ZkdThxdzBDRk5fNURjNGltU0lOTnRyU2JNU3V2U0w4Q3lNUGs1VkVTQWNzQkpxeUV1UmdScHlrMTFDbEhtSGFEVmxleEEtUnJXcWMtQ21wNUxWSm9XYmhtck15WG16SGstWklTMmRybFdpWURNUjhlZ0puSUg5Zlp2LTRlUVNvcVUtcm00cEtkR3o0RkJ6ddIB_gFBVV95cUxPN2tveVlrSVRtZElJS0U4cWZKa2JDSk5Sc1VsSHpMaVNfNmZkeW5wR0ZzT3JpSnRzNWpBdUQ1aE5Sb2tBcVFidW1DMHRyZ3Z0MGoweUxtOE05TFVHREx3Nl9GMmtwRWMySG1tYURTZ3ZGb2VlMlFCeGdjdGlfMV9xQVNQU241ZW1XbkRUMjBTY25idUxCb2gwcFNiTE9UN1VaMFUxQ01HY1NaNnJOMzdFaGQ2aFlsWFU0RnZiV1Ixd0phYTIxWTV3ZktyS3RWUDdaX1p5T1ZYd3lsQnBlZDM0YXJMYzBkX0ZSVW9rRE9WYWJNUTRsOW5oSFF0WVNLQQ?oc=5,0.3593
INDIGO,2026-03-11T07:00:00Z,Livemint,Why is IndiGo share price rising 3% despite CEO Pieter Elbers' resignation? Explained,https://news.google.com/rss/articles/CBMi5wFBVV95cUxOeXJqbjR4cTAzT296QkNuZlhoSzlrenFhY09nU1o5TzQ4U1hRQ2lrLThsY21ZTFZadXhidVdHd0NUeHNReXdpdTIzU2tnWVFVSEdWcVdzRVROM2FvVjlDS2prbXZMOFVnQTJUQVJ6VWRRS1RGWGswWUtOQk85WTBiSXdaUlNkQVh2dXcxWG9VYTRzaW5GS21MTHlyVlpYWnBPQzJCZW9jVFBrM25fQmpqd2dqckpNaEZVUXFHWVByX283dDFSYloxNWdDQXBGZzFkTVRoa2h5VUMzdE9IakVaV3NWNWNUamfSAewBQVVfeXFMUE4xX0k0WGxsclIzcjlHWGF6YWd4N1lKVWlvS1NnVTRhLWZsSmtybUJMbkJsZmowbGRtS09RaW1UOVZuYjJzalJxTDI2R0pJQnZYMDBtYmNQLTdhR2ozNWNKOU5EczZyeF85emNPTWlmUXdxZ2hVSWZiYUVUX1VlRGhmOS1VSmM4eDVrNnNJUng0Zm0xZkRpcG9Bc0JrVHJ6SmlfcTNoRXg3MnB4V3l0OE5XdkFrMGZJM2ZpNXdTTlJra1Z5UDM2dURlLVlyOFE2eG9HV29mS2FNVDNRNV90bVZlUDVablRIY2h5a3A?oc=5,-0.0321
IOC,2026-03-11T07:00:00Z,Business Standard,"Dividend, rights issue: Indian Oil, 4 other stocks to remain in focus today",https://news.google.com/rss/articles/CBMi1gFBVV95cUxQQ2lHMkcxeGhUV0NUaWRBaEdLRHg5RG5EV0sxQlFqcGZfMnRCTEx5TjZObXRpRkNhMnlvMTRNUWx4Q3VYSmdxdFVKMGVmMEhmWWpFRkFPSGZHNTRWRXJmNUY4OGdMRm1FMjVvbVdfeHkwS0xsX2lHWjh3bDc4dHFzbzVjaG0zakhVa0lxZlhWQkdRSmRmTzN2b2V1S3dMenBNdUFSeVYyRzh6eENsRzdRNXVTdkhuMm5ucklheHFodmtrRzFqRG9qb1RrQmc1SW1JMzh0UXN30gHbAUFVX3lxTE5RZHRwR1RqVDM1OXg1WE9wTWN1Ui05V3RsdGpSbGdSNE9fOUVkZE5aQ2c5UDUxYmVyRjlDQzhOTUNZSGQ3VDBIcmdCeERRSGZ0LXlYYWdQSDZCS0tlVWFBcHNvMUZxRUhZNGNhbTBCNm1RVXZGei1QV21fekhTaEY0ZTN6NGtENXNBcUNzMnp2eFZ3bWFxNURNVG5BbXlWQm9HU0ctakRsLW85R0FQNEI2LWg1TkJUU245RFpKeHM2MmJ2QXFfSEo2T1Q5LTJ6MkZYUkM2aWJaelhnbw?oc=5,0.0433
JIOFIN,2026-03-11T07:00:00Z,TradingView,"Jio Financial Services stock rated ‘buy’, Motilal Oswal sees 48% profit CAGR; check target price, upside",https://news.google.com/rss/articles/CBMi8wFBVV95cUxOM1VoanFkWmhwWkZsZ3F3b3ZNY2dPSm1MeWVleVFucU5yQlZNVDRrcElmdzRueTdreWdmd3pFcVlQeHdERkVYaE9LLWQ2bjkySXZiQW9JUUZDMHFzYXJWamJZVFNWbDFOVkhMYjQydllZamlvYThfOXhsUlpYYzFrYmxIbUx5TGZ1d1Q2Xy1PSzJSZTZuTmtsS3BmajVhbldkeEZOTkUzVDM0djExX09JVHZ4MDFoZmVJVDM5WFdMN1M0LUVhdTcycXpSWnZFSENMYnNxeDI1UnViQ1NwN1lLWHFxWEVwYzRMWGt3N2w1R281clE?oc=5,0.3884
ONGC,2026-03-11T07:00:00Z,BusinessLine,ONGC shares slips on board reshuffle as crude oil headwinds & global tensions,https://news.google.com/rss/articles/CBMi7gFBVV95cUxOQ3ZsTVp1aVlUaXEyNUR5VUl5VHpsUnY2MTV2cVhFbFJGNXM0NUEtOHViZVVkdWhfS09kUWJuNHRYLUY3YVA3RUlUSFJ2NmdZMXBsNUZKOURBMlVPbWl4S2laeml6alNiclpMNG1HcmdKdWY2Nm9GeDVPNnhKZWRCYlNRZWpnMzA3Y1ozZ2NUeTJ6Q2Q1a2x3WHdueFV0VGJfeThEUnJDZmVCYzhkdjdRVlBqZ0lzLUF5V2ZzdS1sd3lIOWR6UHhidTFZRkgyY3g4VnN4TWQ4c0NZTjAzWDQyUHlPQURFV2l4alBjSjln0gH0AUFVX3lxTE5RME83Tng2R2ZqTVFSOEFoQ3FWX01Ga2pmTWhGYXotc1h0UzZiM2R6V19GM1pMX3V4MWtLbW9zazdIdnlvTS1vdjlZdWtMV1cyOFo2ODNUdDZ3SjNxLWZyYkJzVk9sY2NaRU5CeGdHMFJCREFQZjlNM1lZTUZzRTJRNzFZN2JqcDh0WVFzZEpQUmFsRlNfdVoycUxtMEZSZlpueDNGb2U3Zl9WWm9ZRDV5THV2bnA3Q2xXWi1NQm9NRXg2UlNqbjBoOU1ZLTVqUGxiNXFlX2duNGhpSjF4Zk96ZXVNMWs5VGR5UzJzNnpBQldGR0s?oc=5,-0.9353
PFC,2026-03-11T07:00:00Z,The Economic Times,Power Finance Corporation - Positive Breakout: These 12 stocks cross above their 200 DMAs,https://news.google.com/rss/articles/CBMi7wFBVV95cUxQVlNPNXVkcER4LU9zcWtLUGlSVm9JdWUzTXd1QWdoYVZONXVWeEgwNmFXVTJTaXhVY2E1eHdSWXV6V2hJRzZoZGFJMTNuUkVBc3JRUU1rUURUU3h6ZDNhRGFHWWxubjhYYnVCVTVrTnVQcDJTUnJ1Rm13dFFORzJXSXo3NFBkNHVYSlRYSlltSHlpalIyYXpQd0MtTUVjVUVfTHJfQWtEc3FnN0tad3lFSkFtcUFVYnpSazI4NWlMaGRoRkRsX3lzTWZyUmZjcWFTSU95Qm9OZnRNazBDcm9aLXNyeHg0WE8zNGw0VGRYRQ?oc=5,0.8816
SUNPHARMA,2026-03-11T07:00:00Z,Business Standard,"Sun Pharma up 5% in 1 week, nears 52-week high; what's driving this stock?",https://news.google.com/rss/articles/CBMi0wFBVV95cUxPN1VUcHVGZjRLSm45dFU2VUtaelBVTkdqOFhmOHk1a08wQ1hRakFXWmxPZ21LUUpSVXNUSnE1ZWRNVFlJczhPLUxIUmdvYmFGci13QVpnR3BZaWJ2T3VSVGJzR1ZTQ0RGLVZVZnp5aFZuNHNaMWhrN1lfeExwdjFBTEl1N3luaGpuVzJpc3hZRjF4Ul9OcW5KNGx2SHFnRjI1Nk9STHlORUVCLTgzcm1nczY0TU5DYzBwUy1WRHNsZG5xLXpXTXlhV1JOcG1qRURMR19v0gHYAUFVX3lxTE5iYWRsMl84ZHdlZWV2RzJnYjRSSWJidGx1YkVPbFZoZXl5OHhCMkFNRTFEWDR2ZU8wODNEbDhVS3g0WktjQ3JycEFQUUx3VUVMSDhvNllWQXdXdjBpTThfZ3FTT2pJZS15S1I0clFWUHFmSG4zV0w5RmRUYzMyS1BTSW1TbVAxb1gyRm5fWlBmZHZxRUVZMV9PdWN4b1ZuUUY1ZzRxWEZINC1pZXY2WG45VGxwSjZQZ1hwMm9UeUZqSV84ZlRSZmhlc25TS1pGeVBFRkhScFdvcw?oc=5,0.5078
ABB,2026-03-12T07:00:00Z,Business Standard,"ABB India Ltd soars 1.19%, Gains for third straight session",https://news.google.com/rss/articles/CBMi1gFBVV95cUxPUUVnejNadEZ6Q2VONGlyeExTMVZick4xNTRNNU9ycWhmZ2ZmWkk5M1ZHQW1TSkkzcnE4amJhVEU1N2xrLURQYjFBRk1ycUNIZTQ1bWtvWko2MkFzTjNkME1PQWVBdU41TkpockVITlNiandTcWh2aHB1eGRFc3NyN05TaHhoUUd5WF9HeVVyeXJ2SndiZmNJNGphd2djbnhUOGNncGFCVW1lRy0yU2xwMUtRZUV0OFVMX1hCeXlPWm9lNVExREVDOXFjOEZaNklaN2NjcHpn0gHbAUFVX3lxTE1wT19MLXAxa1dLOVVYTVByOHR2cWZUOGNQYlAwRUJVdVlFa0FsdE9XbnpPSEtPTXZZMURxLVhVdXpxb1Z2SlhHSXl1MEFRYmd0bU1sVUlNRVBVTkZ3OU1jVGw0dnFpNmY4OFl1NG9XR1lYU1J6M2JweTk0OVllbHAtOEt5SnJ4RFNnazR2YVNSLTFDYWJHNkJvT3BMMzhORmFJYnFsU3psbm5CZ1FMT1NvdVB5VjhxQ1EydDI3eUl4bjhIZlZmazZvYlhld29lT3BjYndWaUdvMDZvTQ?oc=5,0.9022
BRITANNIA,2026-03-12T07:00:00Z,cnbctv18.com,"Britannia shares can surge to ₹7,000, Antique says with a 'buy' rating",https://news.google.com/rss/articles/CBMi1wFBVV95cUxOZlBvOC1PZ05DSWptNk9PdEFrZDFYN2VmWjNRNlBqQUpqY0F6cVdseF9MQUhrVnhxZTY5dVcyblVGMnM4Tkxub2xiaWY0NHpDNDk5MFRGUXNkUGtIV1lwaTFJanJiS08yb1JpbzZWeE9WNVVvUkdNLWlTV0k0WThmOEFnZnZPYUdsS200dmd1bnlVbTE4LU9lMzRpRk1KOVVNTU5wTDhCdzFUdVFSd3FKVmxZaWNMdFVBUTBFYkduUVhDRzNIM1oyMlZGakhveDFNME53MzZyONIB3AFBVV95cUxOMG5VeWk5bmNxTzFTY3RBamxON0Z0NjJST1BSckNTMFhqRkdsTElvdENrWnhHdkx3YzJlbFdld21ieEtPbDF3ODZMNlFHSXpRNDB3ejBwYjBKeDdIV3hnRjVzNUwxQzdreGYydDluRDBSZk5YVjJJTFVzbEg0Z2dXLU1PaG50dE5pMDJGTmRMR0FMMHAtS2ZJdGF2SXEtVXNoeWItSTFkTi1fcXIwRmgxTmVjMXdxTm9weFBUdEdYZlFweGxvNE54RndVZUhzSWh4WEtuMllpdGdMMTAw?oc=5,0.7961
CUMMINSIND,2026-03-12T07:00:00Z,The Economic Times,Stock Radar: Cummins India stock slips after February 2026 record high; buy the dip or book profits?,https://news.google.com/rss/articles/CBMigAJBVV95cUxNSTFfeWNRc0pSRzBHTEZFcTdmMWFCSjF4eHpJbXlXOGthQmxIQngxNkw4RVVVakZpUWhYMjQ3M0hreE0tbEpON21uekpkODhBdlBiZlFqV0EtbGp6OWNvaE90ODZRemtXOHRMc0ZFZVZxQURKUHpuMjl4YXUxT1RRUklTU0VuaHFEMVBDaVEwdzFrN0pnbmxKcU0tOVVsRURRTFNmWXRZLTVYWnlaSVMzWk9CZGRYOFVCMGZ6UkhXWGM4Z0JvUFRBSnVWVVQ3dFFUeFA3clRtVUNRdkN0SjY1VU94V3M0QmlXV2Q4cEJ1dVo5bGdBZ092TEhqZF9UUDVP0gGGAkFVX3lxTE1DS3A0Z3UwdEpuNlZZTHZtTFJtQmcwcXcxZjBPMlFpeDdLbHpqdURiTHJDcHliLUpjTTVuR28xZ3dtWWVqYmZ0SndqYUlidEtHZXVaRjF1QnpDck52THlLY1o1Q1A2WUJXSG9oZUNDczN2WjVVQk1yZHBMV0dNaGU4WDNUR1RGOXNqQXpCbEo1Sk9NU3VMYl9aU05FLTkzbDRaTTZfOW0tRkVHSjRrY0lxSHozLUl6T3FldUJYX0duSHMwMTJfbWFQOEhETFYxR2tic1dad1ZMRGZhYVd5VHJiYU02ZVJVdG5VYVR6TmtoeHVWcTJ2WGxucUlKMW5PWnFjalo3WWc?oc=5,-0.9285
DMART,2026-03-12T07:00:00Z,Upstox,Avenue Supermarts shares rally over 3% in 5 sessions; what is behind the stock rally?,https://news.google.com/rss/articles/CBMi6wFBVV95cUxQajgwbEw5WWFKQmk5eGZQLVBLU2xtdU1aSWhuZWxGYmdQVy1hVllSdGtOV0haRDkzbHJ6cmZ2eHdlR1BBNUxYMHV2YURZWkhtM0tNYTFIS3c2QkR2bU5UQ3h3Zndsb1hoZ3A3VjBxemJPMFhJZ0pwczVrZXpMZHlFTUxNUmN2Nkt4MmthQ25KS19lSk45WVNIOFd2Z3NWbG1HeEVPV2ZRVUs0MGhOVm1VYTNiVEJBSFdWdWlYZlljRHlfbEpBYlZPOWJuenF1UjFuOWhWZ1VYbFp5RFFLY2M5Vk80UGVQNkd5amhB?oc=5,-0.0195
DRREDDY,2026-03-12T07:00:00Z,scanx.trade,"Dr. Reddy's Laboratories Allots 10,275 Equity Shares Under Employee Stock Options Scheme",https://news.google.com/rss/articles/CBMi5wFBVV95cUxQLWFXVDg4VU16a3FNN000ejZpckh6ek1NaEVXdndGblJ0TF82M2VISXBnMlBWbUgzTWhoamJVanF5bmtJTzhpVlNNcGF6SUUtOTVobG01VDIzTmZlNGJuRXFScW81MlZEVlViN2lVbU5DN1RRVFVCUXl2YTBrVk1UaktWN0RRdk5CalQ3Vk1PUVN3Ukc4cm9TeUFobFdxTlFwNEhXd3lINVAwN2k0aVg3bGdUM1RQUHJnVHpmUkFKM0NrRmhOSm1OcEQ0bnlxelA2Y0pKeVQxNWFzWG9sWVpyd2lvaTJ6cFE?oc=5,0.0053
HINDALCO,2026-03-12T07:00:00Z,HDFC Sky,Novelis $225 Million Municipal Bond Form 8-K Filing; Hindalco Industries Shares Rise 0.93%,https://news.google.com/rss/articles/CBMiigFBVV95cUxNcEQzbEFSeWFLMDZhbkJIb2NUdkJZMGI4QnJtME80SEw0WWNhaWZueUx6Y1ZPQW9qZG9EZ1l6blEtNzEtcmUyLVNpLU45MVVGeDdac0NQMGJsc1VMYV8ydmZmdnB6R3h0ZXdLQlp5aGY1djBIMmZ6OUxaY3I1REVqeGhSdDdUc0t6ZXc?oc=5,0.8936
IOC,2026-03-12T07:00:00Z,HDFC Sky,Indian Oil 2nd Interim Dividend 20% For FY26; Shares Rise 0.17%,https://news.google.com/rss/articles/CBMiggFBVV95cUxNSmRlRHlFWWY1b0l1QlFHNWJwdnE5YWYzalVqUVFFWHNIakpiZ3B6UGhMREktRkx4dzhBa1FBTkRyTlVjNnpXckEzZUpLMWZwc1pSWUZjeVJIRnFMTG9BMHozX0EydFNvekxZNHp4WGZnT2dNajdtdTVqZnI3cFFwYlpn?oc=5,0.8866
MARUTI,2026-03-12T07:00:00Z,Business Standard,Motilal Oswal expects Maruti Suzuki to outpace sector growth; retains 'Buy',https://news.google.com/rss/articles/CBMi1gFBVV95cUxOUVhmUkdlcEFIcktGOWZOOVlqT0tWd1FBUUFwTUJCbW52WnBjQ25aV21qcDczWUIzSXFFLWNOeHhnTUhCVENYYkFFX2ZRUFpnNDhZdE45ZDJ2VXh4dFAyTlA5M3NWZXFuX1FiQnFXamVPb2gzckNFUE5KTDVGUWVZd2dpUXdGSTdIZUNiUV9odzhiT1YyV0hWZ0Y3QUhkc0dweTlHMmRPMGthVnFKWFBBSTdoWnp1TFR0SjRKVnBqZjExaVpEUEdmVk52NDEtb2Y2ekxET3B30gHbAUFVX3lxTE8zalhzQ0JHdk11OEhUX2lGSlE5M2pUVXNsYlh0dmNoZ3pXcFp2SDlrYmhudWlNVzhxb2h1aVl3ejAwUk1IOEtneUl6bE1LLVlTejdlaEJRWWFfaUZkU2NqY1ZFV3VIQlE1Z252ZWlfMU44UVBKS09IUDJSZk5fVVN3cVd2ZHdxQ1ZZMGd0Y1cyYkhXbjN6N3RoQzVHLWF2X2RMMXk5aVB5U3RRREswWDZFaHB2RGFrMk9ydmt2Sm5xSWhBOEFtMU5WR1F1QVpleUhEWDNoanhNWEV1MA?oc=5,0.8290
ABB,2026-03-13T07:00:00Z,HDFC Sky,ABB India Shares Up Nearly 10% Since $75 Million Manufacturing And R&D Expansion Investment Announcement,https://news.google.com/rss/articles/CBMib0FVX3lxTE1KQ3JTdkJoNlZfQUUzWWxwTzlRYlJaOXlWc3BiVGZad0ROTnhRaUR2T3lKTjZiQXNjd3Z5TU1IbGU5UDJoejBoLUFYUktLakx6dFh3QUJmTWhhY2lvclcwYUxZRElZZlVTY3h1aXhmNA?oc=5,0.9338
BAJAJHLDNG,2026-03-13T07:00:00Z,Univest,"Bajaj Holdings and Investment Q4 FY26 Results Preview, Revenue & PAT Expectations",https://news.google.com/rss/articles/CBMiiwFBVV95cUxOczJZbHhhcHJOdXVCOTU1VnN1QTZQeVJNdzhfOHFJZ1JjWkdWRk03TnlXdEVjbmlnMGl2eFh6U3diMjl2R29RVTdldlk4SDBIN3V4emgtMTlxaWZUUElRY0pDVWZpRnA4Q0xpZnctanhVNktrMEx3WHZHd2ZFY1JSS20tdjNnTjFSaTFB?oc=5,-0.0033
BRITANNIA,2026-03-13T07:00:00Z,cnbctv18.com,Britannia says operations unaffected by industrial gas supply concerns,https://news.google.com/rss/articles/CBMi8gFBVV95cUxPQTZtSTNGbi0yUlN6elB2bVMwRlJ4OEY1RS0yZmQtMDFWNXZWT1BZSHBRUHdkNFpSWnJQT1kzejdqdlRCMEtSVmdpQ1g1cHhLTDZZSWVMYWlaTkxCdGhIQVdNd3F4OEtYM1JkU3pteks1NXJNS29SOTd3Ukg0bmtwVmU1S01LbHJJSkdkb3lZMWg1MmhuLXdmZGlVZTdqZTQzUVhoRzcxUHozaGlFZ0t4NWh0c0w5Qm5na29pU3ZKY0hIVWw1dnRoTmkydTZvQXFmWXh3bFFfamRCSUtyc09vU0l6YTZOMThVaWxmc1RqUEFWZ9IB9wFBVV95cUxQVlNORjR5TkE5bHNHZGNTb1lHb1NUOEpkSzBBRF9teHNIU0p2b05LbTRkOGI5MzZlZFVoM2trSVpMdnBIa2NQOXh5WVJsTlg5Rm9lN1hKZF91YlA3bXoxbEYtRXVtb0VDeE1Wdlc3OTBZOTgwUE1TOWdlcHhWdlpOQkE5R2NDNTR3UG9nc25oOU1CR3dHNmFxR09XbURlU2hHZGw5R05UTUNUNU9BcjF3Q2VKS2ZZVXl2OS1Dc2lfdEYwMlJaRXZwVXljVnlILXVQeXNhNS1xbTZpbXZ6XzNuc2hrWXFtRWdRQzdEeml5UkJ3UUpSNVdR?oc=5,-0.3750
DMART,2026-03-13T07:00:00Z,HDFC Sky,Avenue Supermarts (Dmart) Share Price Falls Over 2.7% Despite New Store Openings,https://news.google.com/rss/articles/CBMigwFBVV95cUxPdEFTMi04MGQxcGZacTRUaVhOY08teFpDOS1uWUJtM0Q4VldXWFNTOVFLanRzNXV3V2tzc0o4RDk4bG81eWF0X1d6TGkwWDNNY0pERUw5bDFOOW1ZYlZ3eUgtSWN4cEE2SEhsWEtIeG9xd25iUFVaSl8xd0g0LUt2Y3E3NA?oc=5,-0.9473
ETERNAL,2026-03-13T07:00:00Z,Business Standard,Eternal tanks 25% in 1 month; food delivery stock price nears 52-week low,https://news.google.com/rss/articles/CBMi1AFBVV95cUxPcUl6S3RGcHg2RVlJb0NDZkpCVHotcU80QkwyeEMyZ3dybGl0ZTFEeHluYWkxMmRyUkVJcmxUTm1HNXJnZmswQllHZGpwbldPb3h5dk1sNHhOdXNpcl9PMzFZelg3SWZqMEx5c3pINDhzWElGdFhSa3hPeC1UYWJxcnF1WjhUZnBuaDZlLW1FZDIyWjI0Q3A4NDc4SUp0X242UnpGSlpfcUFzdWVQY2d1Y0QyTng5Q2VLNVpabFFfSnc1YVBhRUNxbFBQdDFjTmNBV0N0dNIB2gFBVV95cUxPR1doSGxGSDMyVmV0NzJGZ2FPemZRWDB5Z1VIbTIxRHRrcGRvUjE4TDdFYWVJVlJJZTFaeHVJd2JiaXJFVEQwMUp3STdMZWV5S0FmTDBWWjRFTURGQUJFYkFob1gzTV9Fcm9hYTR3bWFZODdOVWp2OU96TUpSN1UxSVBXVnJMeExQVm9JbFR1Z09ObmxvNE5jLXgzendlRDh2Y0ZLcjhFc2l1NTBBdXNmS2V1NDh3ejFXTUZCVzI5YnQyZVMwVGhid3RZR2hMa3JIWmZ6ZVlIaEJ5QQ?oc=5,0.6378
HYUNDAI,2026-03-13T07:00:00Z,The Economic Times,"Jefferies adds Wipro, Hyundai Motor India, Cipla to latest underperform list. Here’s why",https://news.google.com/rss/articles/CBMi7wFBVV95cUxORGVlYlVvVnlrY1J6b1hzbl9LOUlmRWlKajRPT3padXl3cXlfUFpELXFjNmhWR3JpRnUwM2pzRVcyV19JVjJuNndDQXVvNTdLSWlkT3Y0R2d4Tnc5c21DMmJUQjNDakNNbU1TNW4ydDhwMFBLVnVFYVc1bmRfSzdvQnlRdFRkX1VpcW1oRUFBd3hBa0pveW9sZWZVUU9VdzAxNExzU0M3dUdQUXhaMWdCZEZiTWNqU2xEdmVXRGFXM2haeUR4T1d2MlpCY0ExQWtHODBWdS12Q3BLNGlOdW5peThtQzRSNjgxS0FDMzJsZ9IB9AFBVV95cUxQNWFXU05Da1EwYnlMTGlkZkJ1dm1TX0h6RFNHa1AtU0E0eF9EWWVtWnZLeER3V2Q2N2NoTmU4TExxa25TSDk2bTFLcnBkSjdibXdwOXdxcTRTTW9EeVVSM2ZPQ21rQVpxaGNnUFgwaXdWMGY4b1Y1LTYtckRyaFNpZFJ6MHZQNm5IOUVVS0lvMmhWemJPTXFtS21CRDFVRTFZRHhDbmpxWWJYblFWOUFwQ2ZLRWRkUXh2ZUlraEQ0aUpfXzJwZ05vSlVoSmhraDJuenlmYXpkdlNQeXFHSFp3NWNWUzRYRXZWYVBpMEtzaE0yLUlI?oc=5,-0.1059
PIDILITIND,2026-03-13T07:00:00Z,scanx.trade,Pidilite Industries Shareholders Approve Dr. Naushad Forbes as Independent Director,https://news.google.com/rss/articles/CBMi1gFBVV95cUxQX3MxWmxjak05VXd2b3ZOYjgzN3daTS1fcExLSU16ZG52NzZkVnpKU1VneGdkN21qQVpKQVJIa2Z0RVFScDFwSFVtektMbmhzU2o2V1E4a1ZnZWZFRGdvNjFNbXJtc1kxdExyRzZqREgxbk9Gbk1hTkMxV0xuSXIzTWstUDRFRmt2TnRpYXBaWldONjUweG96Z1BYR0Q1Sk1MX1BZV2p6T1cxaC00dWpaU0hITlRHZHZ0SU4tYURabWkxOFVZWkR1YTFteDFvblpmWmFJWkJ3?oc=5,0.0995
SBIN,2026-03-13T07:00:00Z,Livemint,SBI share price hits four-week low as selling intensifies; m-cap slips below ₹10 lakh crore,https://news.google.com/rss/articles/CBMi9AFBVV95cUxQS2p6Tk9Fc0FpZnh4YUg1dGNFaWFLdlFjS1NLQ2wwUzNnbWtZMy0ydDRsbE1GWTgzWV9hRHlBbW9LOHBTRy0xaFNpWEg2ak13R3MzTXdnMUx5X2dfM1hVUlpKcXh3YW9EZTFEem9vTFFJdzVIYjNOWjU4WFFUc0FsV0l6LXp2SVdWdnBzSlpQU1dNMU1KSTVncC1xNHBaUFBQWjVaUk56NzZyQUlWMkdvVzNjdnV0dDNCeWxUTWthd09EQVYyQVFDaXdDMnJqek9LcTFGcGpWZHhFM180V3g2MFBzZHREMi1PWHV3alJONnJyRlJp0gH6AUFVX3lxTE1iRnl0MEVTMThoYzQzc09LOFhFQlVDeHpmUzNwVmpfanZucVdXVDVqcFVpazdYWGhwbks5MkRONjdoZWZBX0FscjE1SWloMlBqbnU2cDlmVGNYS1FNQ2FJcGdaN2xPV09RWDljSnpTb0pKOGdDclM2amtKSDBLSERndFpfbXBob3hsbUdGTTRvX0VGMEZUZUdVenpqV01pZnVoSmlRYVpwVTVXRWRkLUt3Ylo5RVNib3pmVC1aOFZlb1BBamlBUXd4UXI1U2k5TGhKQ3F2N2NxbEI4UkFqWUZzVHAtZVA0cFh2Y1dJRTVTMC1oQUNPTnhLVUE?oc=5,-0.9537
AMBUJACEM,2026-03-14T07:00:00Z,BusinessLine,Ambuja Cements: What Should You Do?,https://news.google.com/rss/articles/CBMi8gFBVV95cUxPdUE1eEU0WFVua0VoV3N4OTdkelljRE96OWlYcHIwVFR3WTFYRzllbjVuQ0MtdjNmZEsxSkFOa0FvZUloWllYMzdSUFpEb3BBQWdSSG51UzRTN0VVZVhkSnBwaEdOY3M0V0tsLXY1SWZVN01XbEVtcVB2YzkwWEk4VnJZNGd5NzlRRC1EYkI0Q0JIUmtXeXBGaksyWkNRdVl2aVpzVkd3Tzk0NkFFZC1YQ0xaVnl6UUNiSng3ZFJHWkZnSHlTclV2cGExQmFseThOdDUxRUh5NGZwOWxxTFBqb3FFTkdDTUY3SGlXQ0RQdXhRUdIB-AFBVV95cUxNaVd5UWkwdlBNOHF0cjlXWDNXNHdXT2hWT2h6aVRjYmYydUVVRklFWnA0R2lONTZRSUFkaHNycjFHU2FuYmpJeGd6eG5fRWU2N1VXalFObVJPMUwtaXcyY2paNGRSdFduVTBFd2hUbEhWMjQxbGxtbzhncUhoWHZ1T3c0YkVDajIzaHJFenhsX2NIdEkyOTJyN2R4NWZEU0RfRklKaVQyT3V4WFhrbi13RmxIb2syWTF4S2x0cVQxaE8yOFNDUXlrV1I2VDcwUkJWQ040YTdZMUxzX0ZTTXF0MlliUG5GQXVmREZROGFfRVRZS0dlYlRXLQ?oc=5,-0.0295
INDHOTEL,2026-03-14T07:00:00Z,BusinessLine,IHCL stock: Accumulate on dips after correction,https://news.google.com/rss/articles/CBMiggJBVV95cUxNcFhBcHdlUWVkR3ltYWtadkh0ZktHQTZld1VETjVMX0xZRFNWVjFkR25pUGhSSWRHelYzZ0ROcWFQS080MDlHTDNoZWNRYkM2RWJBSHVFUjZPVXpSdDRFT1VjYzZ0RFRQb2tqTFhHSTBqOW5LUWtEeHJNVlE4OTMwMlpmS0FsMEZrVVV2c0JUVHhKallWTTlWVjlMalkwUzJrOThqQkZORjZjWWQ3eFktei16bFFNS1NlZkxwY0phSXNMSW9yb25MRktTNWpSSXlfbnBzYjg3bWJGNUYzY2txT2E0THk2ZVNOS0FFV1BucUpoWE9XZWJraG5TcE5LaEV0WUHSAYgCQVVfeXFMUDRXOHc3ZlhCMGZQZ2ttMHUxQjkzamlXUVpzYi01UVBFOUhLc2NBeUJvZTByOVNaNnhsbGJqM1FpdTdUa2ZleEVRdnZUSWowMTduUUJ1NmxydTJSeFR2Tjk5YnVRTUZQcGVxcDFXUEE5czFUdmxmUXVQenNxRTIyUk95Z2E2MTJmNXk4ZUpJdzBvZXZTcWs1aG8yRHZVTWhNWmMxbmIzcFpLd3lFRWZfT1ZSaVNCRVFYNEZjODJkOFlwbEF6dmZCRzhBVDlpU3NwaS1KTTEwNDVncy01bXhobThVQUM5emVqbU9GSnpjRGdXaGxRZDJpUlNHVzNIQkN0MFY4T2l0STF6?oc=5,-0.8744
POWERGRID,2026-03-14T07:00:00Z,GMA Network,Cables to link Samal to Davao City power grid laid down,https://news.google.com/rss/articles/CBMisgFBVV95cUxQUmV5X1gtQnFEZ1VQRXc4SEdtcFA1QllKaVl5X2JVa0Q4X2xYMl9JZnJaZHpORkVCVC0xUXBsRml6NU1qVmxDZXNHM2lsRW9DdWpuQjdjRncxUlpNeldQTHNlQXVpel9yMnFia3hfTDhNMmM3dTgtQTM0NHRxLXdFRTYzckRWSVE0N25fUExidTdId2xDOXp4NGJTamNlay1xeENuaEsxbDVscDQwamZTQjh3?oc=5,0.4641
HINDALCO,2026-03-15T07:00:00Z,Upstox,Hindalco Industries' shares jump 2% post update on aluminium extrusions business; here is what the company said,https://news.google.com/rss/articles/CBMi8wFBVV95cUxPMmpGMXJrUGVidTRjOE1MaFRzNHFId0owX01DQmxZX0ZOcl9ZTUU3SVo1RTBobHc5a2xzLXpMVi1BNFpxOHN2ZGxmRU00V09zd2N2NUV6YlR0anlJVVIzMGFaN2RQeTJYTGJQMHdKMkhOTnktSG1aTkJOUFNLWWR5dHU5MFotXzcyNFhMVC1ZTHBaaUZyLTRPYW43by1LZlRjNEtnSmpJd1F5U2RvN0FQaW85Smh3MUFWR3d0ZHFCbUtQVVBFLVJTYk1nNjM5UEg0YXAzWTdwd1E4YXNHMWxuY054N3psMnZYSV9kVkFabzJpYzQ?oc=5,0.1073
VBL,2026-03-16T04:00:19Z,scanx.trade,"BofA Maintains Buy on Varun Beverages with ₹550 Target, Eyes Portfolio Expansion",https://news.google.com/rss/articles/CBMi2AFBVV95cUxPM2plQ19tR1dnUC02cldyRWdBNlVIbFZJLVJEOExScUtPcXNEQXRPUG5rTmwwUFphTmlBVllTRlZQZDBDZXlZUEpSUkVReThFSGxKbjB2Y1VJMHJWdjVxNElFcE9CSGNweFFxWlNDNnh6Tm9pTXVYTzVaQlA1c0tCdG50YTNyeXlod01kRmh0SXhabEZxcC1zRGljYTA4YkdUa2RUQXpsVU9mU2xnM3dEUTBEbUdWWWhIdkdySE5nSVpfSWJOaXZzMUw3WUJyLS1oOTcwLUFMM3I?oc=5,0.0888
ABB,2026-03-16T07:00:00Z,new.abb.com,ABB reports participation in Dividend Access Facility 2026,https://news.google.com/rss/articles/CBMie0FVX3lxTFBMbmxBcldNMUk3UTlPbHRzdzNWYUs1QUVtYVFmVXRrQm1UTTNWcnlGYjBnUjc4VUNiMXNPNG9JS2xKTXJNWjJEMFRPQmRMeTVKb3RKUlR3UGY3RWg3TDlOLVJ6RlNkQWRvWHlkUkw5UDB2NUdqeEtGOWw2RQ?oc=5,0.2415
BAJAJFINSV,2026-03-16T07:00:00Z,Microsoft,Bajaj Finserv unifies its data estate on Microsoft Fabric and gains 40% productivity,https://news.google.com/rss/articles/CBMiiAFBVV95cUxPUjRydzVKc2RETUdEbWJ3dHY4RWhxOVBRaklVWE04YXA3d2lfWUhaa3hVenpxT1Yxc3Y3NExwczRncnlCeUloQjVYSGZwbHRrT2p5dEtwSHRCc29ENWlTMmtKUXpKdmxLTTdHUHg3b0hvZXNpSUx0aGFxV01SdjJMZi00d3BGLU5a?oc=5,0.9336
BPCL,2026-03-16T07:00:00Z,Univest,"Bharat Petroleum Corporation Q4 FY26 Results Preview: Revenue, PAT, EBITDA Margin & Earnings Outlook",https://news.google.com/rss/articles/CBMiigFBVV95cUxPVnQzd0JNR2lsa2otYXhicHo2eFFfXzZSZW1wdVk1SWRtX2NtUC1lSVYwTEVpUmFTTC1USnBVRVh1SE5VbnpWbUR4YkV1UTVmSnNWVzBseUtKeDFJSGRoXzgzZ21iTHg0ZjNYQm9Ta0VDUXYtSUpWQk9DOWRsN1RTTF9qQlhSMy1SMXc?oc=5,0.0075
BPCL,2026-03-16T07:00:00Z,CNBC TV18,"HPCL, BPCL, IOC shares fall up to 4% after HSBC downgrades, cuts targets",https://news.google.com/rss/articles/CBMi5gFBVV95cUxPaEZRem16Qlp3YTgwQlE4QTRMUDlkeTduc0Uxc1JWMUE0WFFVOXhNU3VoczIyTHRYdEROb2xibmRCVlJLTnhreVBVZl9XYV80NDhBQk50MVRxeFVpeGdaeXJMb2JLY19qM1lUeUl6VG5OdjBnQml1VjhBajQ1bXlVYjdqV1dCOW9Zd000c19xN3hhMDRjR3JOQ0Rpcmw3QXo2U2MwOWw3OWhvSHhzZTY4U2dBSkprRmswaFBTNDNjYUNYNmtqX1VBWFdSN2JUdzlHZWpQR3hvNnNabzRqMU9kMHZPVTY1Z9IB6wFBVV95cUxOWU1VdGxDcWRlTXdwZi1MZENGUHZsd0ZrcDUzN2hXWFVIWXAxdE9JYUd0TzlJbmZTOHlnUEpzRVBjcjA0TURXcVdTWXJvNl93SG5raEZFNUVKX0d1MzZpaENCSUM3ODFUR0VWVEhNN3FvQWxvOW5jZk80bW96UGJYQmlKMkNfSGNLUExvcDZURnVqUzRuMWNGbmptZmtSUTFESUdjSnU3S1hSU1ZIemRSODFKWEV4cDNNbi1fVmlZczNpWlkta3BpejczV1BuV19nOVJwbWRDUjRtUlVuUGZNakZjdUlFZkN1RUFV?oc=5,-0.9571
DLF,2026-03-16T07:00:00Z,Business Standard,"Nifty Realty index tanks 18% in 1 month; DLF, Oberoi, Lodha at 52-week lows",https://news.google.com/rss/articles/CBMi1AFBVV95cUxNZWpJZ1pUemtFc2t2VXZKb1dpb1ZFcnNzYWhhZGFTYlFITE1WdHRUMW9uSXhUcjdaMkFJQkhzbFNqc0JEQVlHWkNtZEpXTl94ZUJMQ0tNd0RqSUEzd0tIcndMQUswTVdHVEZDTkxfN1pCeFFGbnRtU3ZUUUMtYjlaUGtXMEZOZGZGWk90cGYzQjZZVXc5UTBsVWd5c1dwMzhaRE95Yk83Y1NmQ0F1a3UtTktXMWgtbVFTU3FnZ1h1NTZfdnpOTGJWUjljZXFNSFZtc2picdIB2gFBVV95cUxOR0pvc3c4RGdyZExxTk5vV3VzQjFtcm1JWVJPWjBWbkhDblRjMU0zOXdhdmc5SkhuTXBvdHAzY0xnbHpzem9qaWV2ZXhlUEg1SUJfcUktQ3U0ejI1TldDcUtWMmlydmZVMFFZdk1LZThKU0pRcmdpbkEyT2d1TkRJUXpFelA3QlpRa0hkSFJmMHhqX2NQM2Vjd1dNaFF5WklJald5TVNTZVZtY3pRU3N3TVJYUGZpVHlnRF9fR19pemlNMTRveHJOSk1yU2RMLUh2Ym41NmhmdnBRdw?oc=5,-0.9469
INDIGO,2026-03-16T07:00:00Z,HDFC Sky,InterGlobe Aviation Share Price Rises 1.3% After IndiGo Middle East Update,https://news.google.com/rss/articles/CBMigAFBVV95cUxPRWtCZTFqWE85Mjl5NUNNMmJaTEpBUVlST2s2cDRRaXVibU4zaEpkbWRVNGJVZkZmZk40bWFLaVhLamdYS0JJMzB0YjM4R2lyeFk0NzVjbldTak1rSE5YTnZROHlkdlVZVEcwZzVxbTFYbDd1M0dveURVdEY4dTY5bQ?oc=5,0.7738
IOC,2026-03-16T07:00:00Z,The Economic Times,"HPCL, BPCL, IOC shares fall 2% as oil holds above $100; what lies ahead?",https://news.google.com/rss/articles/CBMi2gFBVV95cUxNeEhQemZHRHRwNDRiMzNfX2VwMmt4NUdoTlNVMFhwa3hTZ1FNdTdSOVBzMS1IbUl1SFo4V0JGc3BWczJ6S0dqek1PY0VUdldGamx4THFRYzhJMnhfcUJCVXROdFlwU1NpeW9FUC1jZkhKRmFUTDhBeUlkUFRyalB2TUZrOTNqOV9mVmRPR2twZGJfN3ZDTzJBbFNIRDdhQ3hvSWl2VFpPRS1iNVhHWE9KNXUzX19qSlNuZmUxQVJRNzZFcDFhZWZPbFFBYlZzRmo4NHFIcmREakJIUdIB3wFBVV95cUxPd0tTYkNkWEZySTllLW9ZeVc1RVZWMHhoRVplTk53RmJSTlEzNkVOZ3JDeUZ5OXZVaWphcGp3QTFCSWNRNEtMa0tkM2hXVFY3ZW1xOWo1d0VRYVB4azhYdExlX3lucElrak15NHctQnZuMjV6X0V3SDBKNGNVVDYxOU5pOWIwUkZDZXVUczFzbVUzT1dZWFZ0N1k4UWZPMENjTUxBamZlVk1WZXNmQ3puX0wwNjJER0xvR293cGNmUjB3YVFWc0plaXo0Y3J1LXRzWmJ3bDM0bHV5eVh3QTJB?oc=5,-0.9277
IOC,2026-03-16T07:00:00Z,Livemint,OMCs fall up to 5.5% as crude oil price remain above $100 US-Iran war: Which stock should you buy?,https://news.google.com/rss/articles/CBMi-AFBVV95cUxOUzV6THFtWTVST3NoM2VhbVlxcUM2d2Qyem9MRVBsOWNnOGtsaXVVNGpRR0J0bXBzekhGbHRfYU5sMkxJR0pYQlFPdWllQ2MyZElwQjBDT1gzWURvX3hqZG44ZlBtZ0RZOEthcDRqY1pNX1BFUGRzdVhhOEpxVVN5RDM0OVdqVjlfZ3BsRUtnNDJyeHVXV1Y5djl0dDE1Yld4eExMTmg4eUdvU3ZZOTIwcEhlXzZkcTdBclVlNW5KamUtYXVTLTd1Q3p0V25uSmRIdXVQS29RdFdIWHpPWW90blVVRC16Tl9XaU1vaTQyczRzT0VSMGw0btIB_gFBVV95cUxPRlVDLVo4NDZMTUtUc2J5VFYxQmlSV3pIUkU5b1oyX0FQNEQ1c2lIMEkzMnJkcXdacGlqSWNVNHc0NjZkTHBHSHdaRmtvRmh2S1Fia2Z4WllkX245TnZtVHExLUMwRmVVeWpwY3VVcmVwalBoMWFlcWwzWWdMQXp0c2o1YW5ZWFdHd2lONFdPa0JUVWR0NXBHTlpzSGd2ckJDSGxYd0xPcS1jaERwRC1TZHBDUy1IQ0VWc3NYSjVXckpxaU1aX3plQzY5a0ZpbWxfVmd6TktYRENVd3EweE5nOW1HZTV6UlNUd3VhM3RLcFNwaDlud2NDbXB5TUVBQQ?oc=5,-0.9065
LODHA,2026-03-16T07:00:00Z,Business Standard,"Nifty Realty index tanks 18% in 1 month; DLF, Oberoi, Lodha at 52-week lows",https://news.google.com/rss/articles/CBMi1AFBVV95cUxNZWpJZ1pUemtFc2t2VXZKb1dpb1ZFcnNzYWhhZGFTYlFITE1WdHRUMW9uSXhUcjdaMkFJQkhzbFNqc0JEQVlHWkNtZEpXTl94ZUJMQ0tNd0RqSUEzd0tIcndMQUswTVdHVEZDTkxfN1pCeFFGbnRtU3ZUUUMtYjlaUGtXMEZOZGZGWk90cGYzQjZZVXc5UTBsVWd5c1dwMzhaRE95Yk83Y1NmQ0F1a3UtTktXMWgtbVFTU3FnZ1h1NTZfdnpOTGJWUjljZXFNSFZtc2picdIB2gFBVV95cUxOR0pvc3c4RGdyZExxTk5vV3VzQjFtcm1JWVJPWjBWbkhDblRjMU0zOXdhdmc5SkhuTXBvdHAzY0xnbHpzem9qaWV2ZXhlUEg1SUJfcUktQ3U0ejI1TldDcUtWMmlydmZVMFFZdk1LZThKU0pRcmdpbkEyT2d1TkRJUXpFelA3QlpRa0hkSFJmMHhqX2NQM2Vjd1dNaFF5WklJald5TVNTZVZtY3pRU3N3TVJYUGZpVHlnRF9fR19pemlNMTRveHJOSk1yU2RMLUh2Ym41NmhmdnBRdw?oc=5,-0.9469
RECLTD,2026-03-16T07:00:00Z,PSU Watch,REC board okays interim dividend of Rs 3.20/share for FY 2025-26,https://news.google.com/rss/articles/CBMimwFBVV95cUxQaklfV0tRbV9UMkdnZVg5YTBkYzVkek5ENVc2dGZCTl9WMXdTeWtwV194QXFnZ1BaY2pjZlk0R0JMRWZRRHBweFI3aHQyeWVzbVFfUzFucXJWdW5FaTlQaEY4Y1cwV1VrSGtMMFROLXVuLUhPaUxubjBRVFFSUnBUS09qZXZCSHBPYldkczl1eVlLaktvT0JGbkR2NNIBqAFBVV95cUxNMmhaVU1HQklwRXI0NFpkaWhYT2U3aEY1QjJCMHJsX0F0Y1JSTGtfNEo5QkJ2MUtkS3Bxdk9ic3dkaDBnN2pFcWpENWw0VklHLUFHT1o4eDBQRUhlVWFLVE1JaE5LQlBqb0xzYk5VTU1qRmJCODNSMDBvZVZnOUZwblI2QkJpb2I4QWpvbk9GMjdKbXlFNUl0MDdvZnVGT2dHTFRjdU5Bbmc?oc=5,0.2400
RECLTD,2026-03-16T07:00:00Z,The Economic Times,"REC declares Rs 3.20/share dividend. Check record date, dividend yield",https://news.google.com/rss/articles/CBMi2gFBVV95cUxQRldwVjFhdU1iMGwxdE5JVXN3V0JvNXE3dHI4N3pKZkNIcnVHUXkyMUlaazEtRld5N1ctT3h1dFltUjI4MDczUnhiN0E0cC1aYmp6SnJ0U2lIZEdzUWRMVEpjX3JjNGx6OHdaelU0OVd2dVQ4aHIzZDVjV0MwZ1RLeGVaUUJwM21IOGQxaWtlSi1xSzRER25qLTFWdkpiZENkcjJNVHhiUi13OXhWd2lUdS1FR0taRkFUOFRkeXRkVV83VUM3LUx2enRranlEN1lXRzdPR3J5THl3d9IB3wFBVV95cUxQUVY2QnJNaW9Danl5S3l4WURYUEtDQVY2akdubFdRZEpFdjA5NmhqYU5VR3Z1VUdCSmo3WXoyVW5fRFUxLTVfUFhVemdGaEFzMUlhQ2w2MFR5WnZYWGlhanU3dktkdk1OMVVDSi12V0ZpbW1uVVZQX21aRTlZSFUxNENhWUNnRm81VmFKcU1FWjJGbkROVXU2YnRRRVNxbmNySUZDSTBJdVhoTDNEYUlXN1pLMFNUNTZjMWFua3A1WlBvNlQtV3NnT0dEbUhpd2tMSWs1bWotVjV4aGF0ZkZN?oc=5,-0.0349
ETERNAL,2026-03-17T07:00:00Z,The Economic Times,Aggressively buy Eternal shares now after 40% crash! Why JM Financial feels gas crisis impact on Zomato is,https://news.google.com/rss/articles/CBMimAJBVV95cUxNTGVqZjY5RFBBY3g1aXJwb2d2cnMtTlkwSnRZRmxJb0FPUHk1RzNKTk43aEdpRzhhYUZ6dnotTFVGM2xkcWJHREtPa2lNeDBsczlqbFdORVNON2RUVFFiN2ZzOTZOOVowSVRrWHlvTGZJcDY1QlQ1VDNiMXZqS2JzVGh6WF92VEF3Tk42LUNjalBhTm9xdUNNZDZsY1NOQjV1N0R2OEUzX2ZQNE41eFBJNTFvOWJjOFVPb3JqMHlmOWNLTms5SU0zVnROTFhGb1htV0ozWDNPcDkxOUNXa1pORW5fNUlQaEVzSVA2N2lKdG9uSWpMVHVJWUFUcFU1MW10MkhGYUNBSE93UTJPbkJCWktOSWlRRDhy0gGeAkFVX3lxTE92SE42RGNqOGZuTXhTQ3dkWkNFRGJMUmJDeVpfV2xobkpEck1TV2RYNEpxX3J5UU14MTNPcGQ4cVYwblBfSWZVWXZndEprNXlqRjhUUTRNdVNnVENsZDFvZEhhR1BiTFJCM1pSTmEzTlpfR01IXzRxb2FINGVUaXBqZzNkYkZWOTRTUjlGclE1cGV1eUU5cm9TSjBqdWdQRkhZWGFpR24wNjYyVkJ2UkV5empvRmRGS0dDbHphekV2VEtVdXpJRzdCaU9jNFRhcnEySGtCQmRncDJMb2N6UjZLTkUzajJ1T3AxSENMSGYySGFGeV9fN0xVWV8teTVCTlRTWFBXUEZob2RUZm93S0FQZnFObG1SeFJjdTkxWlE?oc=5,-0.0778
ETERNAL,2026-03-17T07:00:00Z,Samco,Eternal Share Price Surges 4.4% After 40% Fall | Stock Market Today Update,https://news.google.com/rss/articles/CBMixgFBVV95cUxPSTJKcDgtM21DLUtSZDgxS3VicHhxa2VWLWFxTU53eU42NnZHQlFmMWxOR2FJb2FTdlgxNndoamtsdW1MREtrV1FwMTlnUVAwXzhpZTdDempiRkVsalVOUVNtQWl3aUx6MWR3ZVVKcEtfc2hDUkx0RUJjaVZLNFdJRk5wcXpDS1I0LUwzVmFJWlFNckNzSUN6MERKWGZmZXFkQ2cwTnZFMlZ0aVNqckcweFcxczNzX0l2dldzNVdvU2c1R3V1VUE?oc=5,-0.3715
ETERNAL,2026-03-17T07:00:00Z,Moneycontrol.com,Eternal shares rise over 4% to emerge as top Sensex gainer on value buying; JM Financial sees up to 80%...,https://news.google.com/rss/articles/CBMigAJBVV95cUxOd2FKRlh6VTg5QVE3dDhxa3FCd25LTWNHSkpyQ0tqa3YxdmN1RTVmQzFPdlRYOVFza3h3RGx4U3cxOHE4blNiYjd3Qk9FQU5UTExsUnFsZ1RpRlNlMjVHYTlwODhmTTdlNnRGM0VHSHJ1dXUxS0g5YUo1N3pCTHhYdmkyRDNmdDRHamw2bmY4RDZVazE2MS1OU3NncXA0ZXNZM2tqZlZqNE9Hd0JVTTc3TkR2QXNHd3dqQWhZUUMtdk4zMXJJOVp2MjZFYWxNUF9fMEE0QlUtMnY2TkN2XzBNR1V2NEZ1dVBoR0NxeU5UTmxlcjRqSjFMb0V2WmdhVmdv0gGGAkFVX3lxTE5uWUxubVBreTAySEM4WVExbC1ISl85UWtIUHFDWTBpTld0V2xFWkRGT2ozanlyMjU4UWkwM2UtM0cxOG9pUlFVYTJoMzFDNU5xR3lGRGJtanVpNmV5SGoxZTBpZjR3dnd1ellGM0ZxSkx4VFB4TWMxTVV2eHA0REFlaGJ0a1JUUGNwc1c0UXM3THZiMzk4Wnc2ZnQ0S1JRNEN6alY4eGV1c010dmx0NjJfMzNOZThZbkJISXJpY0JTU2xkYlFNa3FzZktjcDBQX0MxRUVFYjFxQ1IyRV9aa3RmczhoMmxQaVpldEJKWkxDN0pzY3ZxVzB5YzZSTV9wZ1lmb1hqZHc?oc=5,0.9298
HINDALCO,2026-03-17T07:00:00Z,Business Today,"Hindalco Industries share price target: Buy, hold or sell?",https://news.google.com/rss/articles/CBMiwAFBVV95cUxPSHdldzVoOS1kTDctcnNMS3JBYW9YZXpENy03cldYd0V4WlpyTzg1YmhIdEV2bi04Sjl3V1R1WTF5TVFiams0RmtXMlRiSHphWVI4UWstejJOUW1YRmU1VXJsalZHZ050c2owTTFWVm9YUEJqWC1VbWpTdzI2eFJaMDZZZ29UNTFCdHZNMzE4MnVZT0pmZ25mOHpaVU4wQmo3WndVTWtKZG1sUGcydlA1eHhXQ2x6c2tzUXFlRTNzenbSAcYBQVVfeXFMTjVvVnVaTm9vVm9ucTFMeUR2WGtaMUdwekpvd3Z0WmRuZEdjOFV1bUJZQWFXazVHRHRlcUtPbFRQR3Z4R0t2ZHV3V3JaQ3Nyak1JWDJWaHdURXVCalRBdGFFenJWN3REejRkMVJOSVVOVDlIRGloQkJjMUJYYjNTNDhxWlZlQkpFeURTNjB6SDJGYTczTFBZcHl2bURNalZ4MTQwa21oclh3RmhTRzd6SEFCTW5hbjR0RVhuNWhrLWFoLUZfUHVB?oc=5,-0.0126
JINDALSTEL,2026-03-17T07:00:00Z,Business Standard,"Steel stocks in focus: SAIL, Tata Steel, JSW, Jindal Steel rally up to 4%",https://news.google.com/rss/articles/CBMi0AFBVV95cUxQR0QwSlM5Nl9WdEo0aVFPaFYyUURCRzdOSmV1SUVMbFREQ05YT1poclRSVVlUYjRaMnNUcVRtVzJyYnZUWWpNMUJrRGZndXcxdWhwTUNsY0otU2kyUW1lVU1Bcjd2Q1Jhb3pucTJMZnZKRkNaOTFYTVp3VXk0ZWdoQVBabkx1eWtvZ2Mtc0hGUmNLenRkQThZdkxXVG1DQ3YyQUx4VjMzSE1vellDUi1nUnZQQ2hpbkF1OUVPdWhXWXJjX2V6eFBVVF9CVkE3c3M20gHWAUFVX3lxTE5WX29lY0toVzhuaTF1NEFCeU9GOTRBbDZlMmpLQ18yZ2xOd3d1aVlUd1RoOWdjemFrd0xhWGRPeGgtTHlTVHVwQkExZWNnNnZjV2d2a1VxbmZoMkN6OGFZM1JJdnd4X1N6b21vbUxXWjE3S05JX0tfbXpTdHA5Y1JnbEZyNVN2a3pDN29EMlFKOTJlXzRaUVpyb2tsMHpCeEZUUkhYOWJIczJSRXRYZ05wTlBvaEhSbEZPOWRMRGFtYUZxZDBpdHUtVEk1R2ktbXdwSnBZY3c?oc=5,0.8913
MOTHERSON,2026-03-17T07:00:00Z,Samco,Samvardhana Motherson Share Price Jumps 2.5% After Acquisition Update | Stock Market Today,https://news.google.com/rss/articles/CBMixwFBVV95cUxObWVWWGYxNjRpTzA4OGx6XzhtMTNPeC1kQTV6N2ZwSVA3S3FtTkRMVVBSSmpyZGJtbG1nSlo2Q2wyYjJBRUNZYU40LS1XV0FIMUdlQWZlb1NEVHVyVkhXaW5KVXZ3U3V0RUlHTERuYjM2R1pldXdjVUpGdkxIVXdaNGJma1p0UFNTdGhHb2RWWGxtRzhYN0FIcjloN3pBMWMxT2tBUWt5Q1ZIck1XbU9ncm9NWDhWUnBYV0xHYjJjUUVXbnhUUUZF?oc=5,0.2023
MOTHERSON,2026-03-17T07:00:00Z,Livemint,Samvardhana Motherson share price jumps after this acquisition update,https://news.google.com/rss/articles/CBMi1gFBVV95cUxPNldvSEZFRzdvRk9fNjdTQ253RXpCTnlzd2xJSTJZQ2FZOEVnWDdTdUd4aDU2Rk9jSkY0MjU2U0xkM1htZnlORHRfbWxNZmlDRzI0RDBwTFBCSWlzeThWdE4yZmZPaVphLUNLTmdUQlFiWFFTUFhkNWFPcUt4empIb0VSQXhYQmlKalFCZW43SzFiUDFqTGJLM05LUnhacmlpZWRwNGplclJ1TFZTRXRDRmNTTzNjbFdiVWtDdnhSLWhGRjJnbEdBQXNBS2dDWXRSdTVNNnFn0gHbAUFVX3lxTE9Ea29DbDhteDY1ZjQ4ek9vaDREUTBrX1J0OGhLN00ybzJQVVFSUE9CV3BkTVkxdXBfZENZYXlZWjdmMlpGMGRsdTh2NTBHekJ2Rmp3M29ZRTQ3cDVZdFVMcnhGSnNablR3SXJTWFVUd0hTdC1fSlB6VkFtOGtLSVI4V3o1eFljdW15d1lPTmZrUlVZel9uYmdVUkxwc2IybFBkdkZVWHNENHlXUjg5aGlpR3JKVTUyRlpBUWVNVFVIT0xXV0k5cVBOM2NkaVgxY1Z5ckhKTVl2RExNUQ?oc=5,-0.5809
RECLTD,2026-03-17T07:00:00Z,Livemint,"Maharatna PSU stock REC announces fourth interim dividend of ₹3.2 per share; check record date, new taxation rules",https://news.google.com/rss/articles/CBMilgJBVV95cUxQSlcyNTk3aVRJMjd6RG1pWGxKVFdxZ3pHNUZTamFxS1JVR0xCOWNSOVRyZmZEVG5QRmJiaEFOUGUxX1c2TkUxRWpOUkhVS2FrUDZpMHVkUFZZYnVrajVxOUVjem9fclA1dGtMVWF5Wl94SE91UGRzTWx4UTAxOXBnelFYeDNhVmw0NDZ3S1FZWTNfaTZNZ3ZBcEZvQ2t4Q0tsa052M3FuZm04d2xPMlNuNElEeGU1TGZNaEpQbHZ4M0ZGSkFvSjRIUGJ3Vl9yNWxFbGNkcFRpNXIyVThGN2czS0U5WllvQmJORXhDaEU4Ymx1UmFGdWdZM1hBOERpVmxKR1NwWkV6Ny16WXptb3FHSnctX3ZYd9IBmwJBVV95cUxQWlNMX0p3VTI1X2NGOEFYSHQ3VkxMeVB1VWZDNEpfUjEyR0pwcUYzOHdTSlJnaEpQMzVLQjF5Y24xbzhjWmdpSXBaaVhpeHkwbmVUSzFZbUJfTGRiNHNwdEtUQjBVUTQ3eW5lVHIwYkc2bV95ZU1xb2NIU09kUlRLYlVLYWU4TnN5aEp5LW11VzI4UGdFcHVQeDdoNURDazhoWFV5S0d3Y05PbXFBYTFyVUZkcllTa0JHeTRjYTJicVdwMEZkcWJXWjk4WWkzWW5pODhUdW1TdzFrelZDTm1ublRyUGxpV3pnZXJrSUd2c1pSb0RIclhJeW1jTEpiZk1ielZwM3ZCM2VhTmM1a3NVWmYzcVFidldvVFlr?oc=5,0.0538
SHREECEM,2026-03-17T07:00:00Z,cnbctv18.com,Shree Cement named preferred bidder for 373-hectare Andhra Pradesh limestone block,https://news.google.com/rss/articles/CBMi6gFBVV95cUxPWlBGTXRWaE8xX2ZjOHRPUVh6VkRZaDlHaHFrVTJsSWkySlg0Ti01eGJ6MnlPeUhyaF9rWWRud1lvcFVxSndwV1FnTVc3T2VCWHhMdDZGOUVWeldqVWRwVEF6VXQwR3dfWmZ3SWZ3SHUwWFRyRGl0TV9HLTE3WG9xN2tjRjBIMldra3VENFFpLWVtUWgwU3ZPRjZUeXVITkhRTGxrOTl1b3QzczlQNkRNV21ra0hkUXktdGJDUlBNdWh6NlpoX3hwWVpTbjh5X1doRC1uOUZ5Mk4zUEdfa3o5bDNFWGFFSThUUVHSAe8BQVVfeXFMUFZLYVh2NHhrVGE1NEl6clptTUF2R0hfbGJwOXZReHNMeU9jTWdEMHFPelQ0ZzhZYVN3ZkIzLWdNUXVpUms3X0V1b0tEUEd6amN1ZTFjQWlyMGpnaDQzOTB6eW8xUFlMS2FaRVlRN1NmbnhwdU0xNC15VXgxa0RVVWpuNlBDMU43eWVyT0REUFptc1BEVmoyeUYtWENwY2xaOWlEcGlnUEo2ZWhkeU5nS3o3ODE3VjUxRWdGUkRsMWRnai1CeDZwMGR6Y1F4dFRCelpLVlhHR2dZQ08yLTZqc3kxeFpibTdSQ1FDS2tDZU0?oc=5,0.2127
TATACONSUM,2026-03-17T07:00:00Z,The Economic Times,Stock Radar: Tata Consumer Products takes support above the lower band of symmetrical triangle formation;,https://news.google.com/rss/articles/CBMimAJBVV95cUxPaUQ4dVIxQ2ZkVVNfSUJRZExLYm90SlFtNHdXV05hMnJyaVY4amx1MjBEY0ljVi0teUJxRmoyM3Zhb19uQnFvQjhRTTdxcndwc1VCRWhKa2xKTHRvMHZhRlVRRHAtT3RfejdIX0JCMXh4SFYwdG1YS1hzcFZoZ3VqTkZmRlJ3cjBqdnF3Z2FGaml2XzJqTmRWeUY0LWU0enQxNzFzZ1FHQkRGdURoN0l4c3pZZ05zTVd2MlJySUt4RDlmRXV3Z0Ryc1Fmb01wamRES2IwUGlYZnZVY2RwY2F3TFdrYXdKVHlkRXlnOVhLX0RNMTBzRGI4eFI0WnNuejBLYU9TdnlpMkthUDlPUlI3aTVrUlRIQXNV0gGeAkFVX3lxTE5UUFlIbkowZ0ltQ0dSMTVPc29HYWFOX3VpenczWDg4eXBFLXN5b1R4NkFvbEx1b05WNnF3Umg1TXdJel9fcWhCcXFVSUR6Y1kyY2VVMUpQX2pnNWpBVF8wMmtEV0hoa1VJSTJGSm96eGw5TGJGLXp0MUdNckFuN0pXWENSMVdwZVlIeUswTVRzRXBlb2NUdUt6YS13TmR3MkpJeUNHMmt3LTZfVl9jNnI2RTVYOFRmTVJ5WjB5bXA2RjUtTUxhbnJuRDlIXzBwaENTb00tamZhMU1jV0NfcXl4TEM2dXNEMVVOSldzRHNZcGJ4NG01UW1wdnF6VGdtY3h3RjJtR1lNRFVyN051MC1lNG9GZzI0YlYwUEx0VFE?oc=5,0.2048
BOSCHLTD,2026-03-18T07:00:00Z,HDFC Sky,Bosch Share Price Rise 1.16% On Tata Autocomp EV JV Deal,https://news.google.com/rss/articles/CBMiaEFVX3lxTE1Dd0NHT0hxdlJGbWZpWW9MZlJfS1oxQWk4NzdvSmtjRXlWZF9OWV9VSGs3b0FIQ043WHdYUjVHQmhfUV8tdmZzbUFMMU94RldET21zbW5PcWYtZzJxemwxZkVTMkhOZlBi?oc=5,0.7963
BOSCHLTD,2026-03-18T07:00:00Z,ackodrive.com,"Bosch, Tata Autocomp Forge 50:50 EV Drivetrain JV to Power India's Green Mobility Shift",https://news.google.com/rss/articles/CBMitAFBVV95cUxNR2MteWp5V3FoS0M1SWpLMmRBVk9ZQ0NkaXNqUzBHUG5YdE9Hb2JDY0E2WnNRa3kzTVI5ellsQzhUQU5wRzJGSG9meWZBYnNDeFBDMGdWdkFzZzJaVFlvS1J1WHZ1Z0xzU2VFQldoQXc1U3RWbXhsS3Q3N2Y0THV5SGl2S01kVGpmWmRQcUF4Y0ljZVVSQWNncEc2MFd0VmZlMjJwSzM3a2NTR2FDS05wcmFfbG0?oc=5,0.3826
DIVISLAB,2026-03-18T07:00:00Z,Univest,Divis Laboratories Q4 FY26 Results Earnings Preview Expectations Outlook,https://news.google.com/rss/articles/CBMifEFVX3lxTE8yc3c3cEswWFZKNURyNl9xVklqSUlWQ3UwMml4R3VtMXdHSjlyemRad2NaWkVGWnl1M2k0ZEw4LVhmQWhXb2MxMDJHd0YzM2NzQ1VJWGF3Wjd0NHpHcHV0T3AyT2pJUjlaa0JPZXMxZ2pIY2lMX2ZKekhlSm0?oc=5,-0.1333
MARUTI,2026-03-18T07:00:00Z,HDFC Sky,Maruti Suzuki Shares Edge Up on Draft Tax Order,https://news.google.com/rss/articles/CBMif0FVX3lxTE1wTG10clRqZVB0Ry1nSnNjMFVfblM5bXZNeGpmNGJMZ1NhZlFDeFpwc3pjRWRucDRqODNqOFppOTdHTi1vbDdjcWJtYnI4dWtnWkplRGxZR0UyUGlnRHphNjFSeGdNeFRESlgxdjJDRFNtbG9JVGpLa1lUNV9oaDQ?oc=5,0.7706
PFC,2026-03-18T07:00:00Z,Business Standard,Power Finance Corporation stock soars 4%; Motilal Oswal sees more upside,https://news.google.com/rss/articles/CBMi0wFBVV95cUxPMUFyMHBORWRqRWlYQmV6YkRhYk5LcHcwUElqM3o4eF95NmNab2dGY2UzblRIOGFOUnRiWTFmMFRJUG9KQ21kTXdRbVU3cmJTUGY3ZkxhNWppeHp0M0VfNTlmenpSTTZrQ1lPMmJ1MkR6WC1pUkhNUGRfbEZVQl9jTzZkZk5iZjNsNlhFTVZyUFZxaG9VMGh5VU1OblM3SW1jeXoxLTJadzNWSDQ0S2taSW5mektFQm02Q3I4cWxLNVNvTzBYUWRQZTF5Rk1vRWNPdWRN0gHYAUFVX3lxTE93MFA5WFd4RFZybnczYUNaLVNuTkg3QThjcG1FenJYdHB2cmJYVzU5blZlNm4ydFF4Vm1zb1MtT25Za0c0cG15X0VRcGN0WVdMV2d0WloxWjRMOUY3UUZldWhNN0xSUHFta3ZGSDBsVDRDbDJCVDY5eWJVR2g5VzRVSTVtYTc3VmpGbU1xcS1XaGpkaVIyeWQ0UWg0dFNDS1FiWWRGOFkxcEIxSG81RDBJczhiNzhKZjJJdGVNeVRFNERqRUpoOU1RelFwMnJDdUJCRnFiUW5KeQ?oc=5,0.6872
SBILIFE,2026-03-18T07:00:00Z,cnbctv18.com,"'Consistent Compounder' insurance stock can rise another 24%, Motilal Oswal says",https://news.google.com/rss/articles/CBMi9gFBVV95cUxQeXBEdUpzdVdqbnYzd19NVlFTa0lNSnowR0djSzZsNFhvRnVwZW1JTVFjdTU5di16amRVbnJ2d3JDNG9ocm5RcXp1TEJmend1RkU4WEpCNTlyYlZURnN1RXdtYUprSFdCQmRLaG40bGlZSTBEM0ZkZTNmVG9XTTQtbkVSMnVMREtRVE40aUxNRnFaaElKck5EbjVhc0laQlVpX25Va1J3cG41UW9WRU12eEl0SF9YeGZyWTQwNHJZWUd5elFpelZ2UW9qRzNIaWN0V0ctSUZ0Y0FIc1EtNjROMEJmenFBYWpnT3J5Ql9tZW5DZVdpRVHSAfsBQVVfeXFMTmVNaWxCbEZtLUZQUlh5d2NxcHBja2dDQnctWndOUFVTR0lPd3lFUTU5WWZUUDgzNWJyTnppOHlZUUxwaGVnVVpOS2dwcjFtOVpLX1FMOW91dEJ1MHdfRVpNdmZZSVVNSHNZSmc3NDE1SUxjaXdZM00wYzNYX1c5Wko5dDZKNG1NelAtVjhkZmloNlFLUl9VczBfZDF5UFo2WkRjczJmSW9iZTVFVGJ3SFVfdTRCQ3VqQVFKZWNkTFJGRGtuTUtacWlxY1pEenRzRTllcEZIeFNCSkh3VjAzaGtWaS05RlZsbmVTUnlTczFOSW8ydzZYamNQaHM?oc=5,0.9277
SBILIFE,2026-03-18T07:00:00Z,Moneycontrol.com,Buy SBI Life Insurance; target of Rs 2400: Motilal Oswal,https://news.google.com/rss/articles/CBMiugFBVV95cUxNaTZ4TzhqSmtjSC1WR0ZlRWNkQnBLXzBiY1RqRUtuV1BhMldPNVJpclhGeW1abmV4VXRpalFfWVlJeXhoalNIeWFycWk2MGdWU1NTcU9DWUxTRzVsRXRoSHQybGVFVmw1ZmExNjlpbTl6OXJDak9TRl9XTHNKY1l1Z2ZqTHByZ0d3cXVTYm45VXhaWXNIMWRMYWtKS1RvSXZZWEJSbDRLckJzYlkzQjgxU25Pa1FqbVIwSlHSAb8BQVVfeXFMTmVEVGtWYUUyd25GWGhyUkxNU21pM0pYMzNHQl9sY285emdUMWlJM3pfenc4RHNqbkZWZE1KQ09YaXo2V252dGNaeHVSQ0dXakpqQzR5OGdxX1RuZFZiNVBqeWp4aDhFMy1Jd01XZV9oQ2ZicWxsRFBtUVdaSmRHYmRnR010QktEeHI2UEM2akczZlB6QjZIdXFNWURQSHA3SzlEaGRqeGhGUTh4bEJXQkxuUUFxQUI5UUhmeU1LeUE?oc=5,0.0557
SBIN,2026-03-18T07:00:00Z,Samco,"State Bank Of India Share Price Today: SBI Raises ₹6,051 Crore, Stock Closes At ₹1,063",https://news.google.com/rss/articles/CBMi4gFBVV95cUxQTXRUd2MwQ2pCOEJXVFRLaGo3OVlMVFNtckswc2RGS2w3MDdDRmlTejgyUjdPNnBQay1hU2VZQXVJd1RGUEczQVQzaUxONl9uUjQtMnp2ZlRwSTdZdE9KcHhKQldMajNESElPdUMwWjl2WHMydWVfbFRndjZZMS1KWDNTSWp6aWhKZFp3NV8xd3gycHctWjBTMllGbnlNMERoc3QxOXFOUURPcWt5eU5Dck5GY2d1ODF1OF9DT2FuT28tS1VHZFIxOWhaVk1NYi1sOC1WV29pQjN3TGtVTl9SVGtR?oc=5,0.8143
SHREECEM,2026-03-18T07:00:00Z,BusinessLine,"17 stocks to watch: Tata Steel, SBI, Varun Beverages, Shree Cement, Wipro, Ceigall, NHPC, Paisalo",https://news.google.com/rss/articles/CBMirAJBVV95cUxPMXpZZDlvZ250SmhuUVhrbEZGLVZLWE5SOWFwSDJfaElpNUUySkpNU1R3dXB4bG5nZWlUQWZ6ZnBTV3JReTR6V3dpbjF5cUJBU1BMaldLLTNaWDZockZZYTgzcGg4V1lQZmdjMHVJSk16RGVDUDFSazNDazBhYm05bjh4TEFSLVVIZjhnMHk3QURJTkIzMTBkT3RnWVpSTUpYOUx5VkRiTlJRSTRyVUtYX1lOVThiVDhzeDJKdldiRHRSclptVGExRlNiM1pDbUpxVlVfd0Fjcjd5MWl2X1dfSjRqaTQ2RWFSOEJzXzJCU3M3bVFGVjd5dkExY0ZFZGJ0YWZPMTFINmlqdURrSXFnTzU2ZFZTVUtHN3BFb2dmWThVNmVjZlVNQ25YaE_SAbMCQVVfeXFMUHlQVVk5N2pmNFlJU0FtVzdQdDdoVFhnbzV0NHlScHBDWDhJeEtvS1BHb0FGMEgwRTYwUXdHNHJLOUtXaFVGUVFtcEpjdVJfNlI1SkhEcVM4TG9idDZwYllNMlV1OVcwMWpmWGs4ak84VWRyWXlOUzM4Mm1nLW1SazdnX19KWkthbGRCRlJpV3dqeGRtS1JKSFB2NmV3M2FNVWR2MzNQNmpsQlgwa0hNWUZNdDZSTDVGWHdlSGQteDYyMUFaQU81MXVrQ090Uk40WUVUbnd3VGNNVVEyTzcxX0pTN3hPTUU4TjN3T3JsNHFReU9BV3BGN0trVm1XamNiU1pqY2hHSFpoaGFycmxkYlZERGFING0xRjFBbE9ySlg1aVNXZDd5c1NGUVdHUXg4MU8zdw?oc=5,-0.0104
SHREECEM,2026-03-18T07:00:00Z,scanx.trade,Shree Cement Incorporates Wholly Owned Subsidiary in Mauritius,https://news.google.com/rss/articles/CBMizAFBVV95cUxQeFBWdERNN0xMaFNYWDVlRmRwQlZ2MHlaOHBweWxHa3VMNnY3MHBXV05nNFNPQlFjdzB2enVXbGQwOHAtcW9OMzE2WjQtT3FDT1FWcl91Z0Z5RVBnbzRPV0VCdWJKeU05SFZtUWx5aFNsYnN6Tkd4LXVRNGlmazJkVlNUdjZGcXRQa3ZvcHV3OWtOazIzcnBiQkMtSzRqdkVmQ2s5VDJFLXRDcXdsM2J0ZzlZZk9wU0lIbk1FVXo4di1QczZYV0I5aENKZ1c?oc=5,0.0285
SHREECEM,2026-03-18T07:00:00Z,Moneycontrol.com,"Stocks to Watch Today: Shree Cement, Varun Beverages, Swan Defence, Strides Pharma, Tech Mahindra, Wipro,...",https://news.google.com/rss/articles/CBMiswJBVV95cUxOcml0YjZKMTZIMjhQTEl3Unc2U3Y4NVgxcGI4Y3pacHFGbEYzc3lweXA1OXpJZ09ncktyM0M5eFg1SHUyMk1yMkp3Y01FMEhaYXplUjdMWmlvd3hyQ1d1TkhFN3RhTjFmLWRHYnJidW5ZWHZ5aC05bm1ocEtFWU1RbjRWUmJrUDZoTjBQV2xua0h2X1BteUhvUlAxcWdPM3JienNiVTY1Q2hSR0hlUzlSTjA0d1dGRjdrVlhIeWhMZUFvbmtyTi1tWjBST0dHSzl6cl9raWhhWFdJUlZ4Uk8wQU9MUmhCRzZHZ0E3M3pNaWJuemdqaFNWTHVKcHBFOURUUTJvemlrc3VhSmJhZnY2VFUtQVBKS1BDcmlJV1U5ZW1SZGY1NkhSYkpLX1g0cUFkUUI00gG4AkFVX3lxTE40RHNGZG1oUjVPWFNhNGNZZjVTbm5BLUlCeW5VUW9lSEJ3cnR3WFVqTlN0MG5ISkRLeDBMcTNKX1VUWVdiY2FnanY3V3hWOFNqbFBaQjNCSV9zZ0pUdWhVbGpORWJoeGtBVm9OOEVRZGFxN3lnWHUyOGtzR0JVLUpLc1FpQTZEUXlIM0t3MFlnZHRTcEEtVkRqVGhRSVdzQVQ3aWhTZTNTVHlDRWRYbURwbzhadnJ3ZW1ZdDh4TnlOcHcwd0gzd0Faa0lBX1lGSDYwNVVRZXNQMkJtdUNJUDA3eDVZR3FnMGdUamxHY25VRE9ZdFdiVXpibnZvNEhqLWNKZjZkek1nR21qNmlfYzZQV1RuTVJva1JnUm0wdGdiQXYwVzE1SW9wdUpkQVhGaW9VX0d3ZWl2MQ?oc=5,0.0354
TATASTEEL,2026-03-18T07:00:00Z,HDFC Sky,Tata Steel Share Price Falls 0.31% After Key Board Decisions,https://news.google.com/rss/articles/CBMic0FVX3lxTE4xR0MxTWIxNEhSMEFJY2VnYmNDUGg2TC1qN2djQXlUSG5YTU1oSnhhQ1JUZ25lVUR6V2l0TmxablVjcl9SSzFaeHY5Z2d2X3NrNnJxdmowY0t6Tk95V2c4YXdFQ3o0UUt3SGFyR1E4YXVEcW8?oc=5,-0.8839
ONGC,2026-03-19T06:18:33Z,Upstox,"Adani Total Gas, ONGC, and others gain up to 12%: Why are natural gas stocks rising despite stock market crash?",https://news.google.com/rss/articles/CBMiggJBVV95cUxNNThteHoxd0RrSHpWcnJYMElUQ3FDS1RTMUpWaUc1Q3NMYi1BaUxoYjRwV2tMRTh5QjlzeklraEdYTmNfc3NKLWRVNW91MGUzSzBnUWkwTWJWNVIxVjNSVXU2cVJPcDdXWHY4WV9nZU9idDVQQ0RNWVdBNks1ajIxbkFiY21XYlI5QjBUZ2g3c0VPVGpPcG96SWNRa0RKaEV6OUM1ejd4NUl6MzFMZDZlSkR2SW5MSW05X0RZZ2l0WVNmRzZWMEdsQkJoSm5DUnBNVzVUZ09RT1Q2eTc5X0RtZURxb1IxeEVHVmxMc2RDcC1tbXZZQjFIZ0hkbTZhaUZVMFE?oc=5,0.9001
ABB,2026-03-19T07:00:00Z,new.abb.com,ABB shareholders approve all proposals at Annual General Meeting 2026,https://news.google.com/rss/articles/CBMirAFBVV95cUxOemtzTHprMEhNOTZhMTRjWjNLMXhsRlQ4emVvRWxlVUxfOXMtbF9FV1NYMDNxeXgwbGxsQjh2LXVOcnk1M3FUM1F0QmRZcnNhdVNkcjhXMThoSjh6ZzhzaTZZTTdkRnhTNE5lUDFOck5DdE54SGktb2FyZWJ1Q1pPZ0dNSmhfMmhMTFIzUkhlUlVDREM2UTg1amI3Z0hZU0habXFBS2ZRbENNUmF5?oc=5,0.1135
BPCL,2026-03-19T07:00:00Z,Upstox,"Reliance Industries, Indian Oil, Bharat Petroleum, HPCL shares: Oil refiners gain as crude oil slides",https://news.google.com/rss/articles/CBMi7AFBVV95cUxPUExmNmpQc1dJcTduQXVyREhLb3BNMHNoc0RXMElBWFJTSDBMOS1JbGJNckdINTlXZEh0ZWw0ZkxtaURTRmZJNnVZcGZ5eEhQSXpnWDVzQTNwWkFVMWg1STRrMjVXRFJwT0lpemF5MjF0aEMzQnZJOENrUzlETUJLWGc5cFdfOVRGT1IxMFJ5N2Z1VDZRS1h0Q3hWYkJJRnJpSVNIVEUzWEM4NjBwSlI1VnJ4SnE3T1d3ZnpjYTQwa1RQUENnVngteXFpWE1PLVNzY2FXTFowQmNXTER3endHeTJoUGwzSmc5WjhzZg?oc=5,0.9004
GAIL,2026-03-19T07:00:00Z,HDFC Sky,GAIL Share Price Fall 2.25% After Bioenergy Stake Acquisition,https://news.google.com/rss/articles/CBMibEFVX3lxTE40MnBySDZkYjlLcHhqUlcxUmFuVXN1QVFsTDhHR3J2aVBFUkd5NnppNHBrRUVZMzFfZVlaaWpYSEJpZ2NpdlFyd2tXVldScWZuSXlmSzNMYWVUcGlGcktoUHYyejZxcUJ4SWx6QQ?oc=5,-0.9279
GAIL,2026-03-19T07:00:00Z,Samco,"Petronet LNG, GAIL Share Price Fall Amid LNG Supply Fears | Stock Market Today",https://news.google.com/rss/articles/CBMizgFBVV95cUxQeWY3U24yTHYxMGhKcmtzVlFBdWpxeTVnc04yMHRwWV9FSFhhRWNXZWtud0NrM2ZBLVRIMUhHLVdNQjIxb2E4NC1udEx4OVBKWk9JWC15eV8ybVZDTHNWM3hkTW9ob096elF0cjhXUW53SVJXU29JcHEzNGNEbk9aLS1OWmpGbzBoOWxVeXQ1S1pCSXNaa2lLOGxLN2FNLXZHNkJNOUh0eFkyMV9qR1RBMGx2OTlrUTRyWkxZY3RSYXNHSW56UVlJcTAyN1d2UQ?oc=5,-0.9517
INDIGO,2026-03-19T07:00:00Z,Business Today,InterGlobe Aviation: 3 reasons why IndiGo shares are in focus today,https://news.google.com/rss/articles/CBMizwFBVV95cUxOcmU0YlJqV1NpLWRZNzJLeHpuMTRlLWh5VWxHd0Q1TnExTU5xTVBTZENHVUUwOXFjc2VZUnBxY0NEbU10czlXQ0JvcG12TnUyREtlazFQSjhxaS1oMHZlWnBfX19ubEFZelllQkc4c19MUndyMS15V2hTZ005TWtVZ0lza3pDZ0g4RlVYMTg1S1NwT1JMT19hR29nTl9qSWNQU0RZMF9KTDJ3U09xS3RmX0cxZlR3alFTSEkxN3BPSWtoTDRJd0JtcFZzSjFRZlHSAdQBQVVfeXFMUFBJMm1yTWVza0RJZnVkTHQ1MmJ0LVQ2dTFleFY4ZFROTS1ZZGpmc0g0aUgtejNFell0OU83dEpDbTVVLWY1LUY1ZmpxZzFHWExlS0tQNGlZcDh6UGFvWUNpd2stVzRSdHFva2M4OXpqTHc2WURZMnBwLUVKQTU1VU5odWFNZ0pvVi1iLVJ0ZFhxaV9fcnNYaXJJeUpYd0UwdkJyQmdFaFN1ZkMzNWsyb1VjVnFHQWoyWHNVeDRiSnlTYzViUmIxdVRlbWkyWTVMMmxvSmI?oc=5,0.0238
MOTHERSON,2026-03-19T07:00:00Z,Upstox,Samvardhana Motherson shares soar over 3% as board approves JV; interim dividend declared,https://news.google.com/rss/articles/CBMi3wFBVV95cUxNZjNycjl2aUdYeFRpUDFSVWY2MzJfZzRsV0lWT0RpTXRxc1hrSEFkbzNwTWtBQ0lOQWlvWFRNTm00bjlacWoyRV9LR0ZUc2kxMnduZmpYUVZtWmJISHJFYmZNUTFMQWtXQ2tac0RyNVZaNzZ5cDl4MEhoQ0E5SEpyZmRmMk9vZkh4b0FLRW1qdXVsa2JaOXd4NHJwT2RWeWhsQ1N6b0xQX1ZBUXZ3TVYtbVNLWFo0S21BMVNHSDdVV3VIdFFJQi1jSDFnWjBObDdPd0t4WnltMmNOQUxDZVE0?oc=5,0.7948
PIDILITIND,2026-03-19T07:00:00Z,HDFC Sky,"Pidilite, Infosys Lead Fall; Stocks Hit 52-Week Lows",https://news.google.com/rss/articles/CBMilgFBVV95cUxOMlBKZjVlM1RjQ3RhbmpPd1IwSzUxWlIxOXRHbjV3dUVXRVJGMEp3UXJmRzdfTmE4ejBXU21hQk5pSWt1YnRubFdQV3pVQ0dtSl90N3AxLXN3dUxrVFlPNEo2VVNYVk5UdTF3ZGNGVlBBNzZqbGRFVUp6UW1qcHdpbGE2M3lGbS1oUFBGczZhbElOYXNCZ0E?oc=5,-0.9547
SHRIRAMFIN,2026-03-19T07:00:00Z,Motilal Oswal,"Shriram Finance shares plummet 7%, Nifty 50 takes hit",https://news.google.com/rss/articles/CBMiW0FVX3lxTFBGUldNLVVjOERtazhOUnVWMjR4VkNSbUVHTnFkNHE1ZkVUYUVkeGczQ2pxc1ZObGs2Q1pwZTEtTmZpSlByLVI4WWxRalh1Q3dHajBBaWZMV25rZlE?oc=5,-0.9540
SHRIRAMFIN,2026-03-19T07:00:00Z,Univest,Why is Shriram Finance Share Price Falling: Key Reasons and Share Price Target,https://news.google.com/rss/articles/CBMidkFVX3lxTE5YV0ZLRS1sLUkyekh4SEdMY0laS1d2bV9maWdSZml2T1FPOENlZ0FVdEZqb2o2QkNwSVVobUF5LUFhdFNJOXZuWlFnMmhHVFRCeGVxTzY4S3hzMlItNFlBbW5JU0RENlE2Y1FQRnJueENnSmpDaFE?oc=5,-0.5799
ZYDUSLIFE,2026-03-19T07:00:00Z,HDFC Sky,Zydus Share Price Fall 1.6% Despite Aerolife Mini Launch News,https://news.google.com/rss/articles/CBMifEFVX3lxTE5vUndRUEFYOE5NTWNYdFZyd0Q3VFFSN1g0blFiVXF6T1EzRzRHUVhHR2NmRDFXWFV1LVFEX29xRGRuRUZsSG8wZWhOVGhDLWJ4aXZ2em1rdkZKWVFMeFdWZzAyb3ZjQnQtMlJCa2VweTNheEFqMGxzejNpdU0?oc=5,-0.9547
NTPC,2026-03-19T17:03:51Z,Upstox,"NTPC shares rally 2.4%: Firm signs MoU with Octopus Energy Group, UK, for co-operation in power sector",https://news.google.com/rss/articles/CBMi7gFBVV95cUxPQk9ab1JSQ3NZNzc1Q2diM29Id3RrQUZzOW9lSzRuZ090NkRhRXlvam84Mnd4NFBpeFBvWmlfQ2Y1T2VwSjFPMXFqaFZNcE1id05jY2tGRjZkR1BKNmJ2eXFuWmdrOWZIZWhHbk9FdmFSa3ZMdEdLLXVQQzY1VGpxSTI1VV9NNWx0ZEJXUmJRVE9Hd0xQRWtENWhJYnRSOHBvVlFYeGlJNVRaSDh6QURDazNQdnRUMHYzRUhMaG91SktSbmJQcFFwRDlBZjN1YXZzdW9LZmptdWhzTmN3NTk1TVlZODVyMnQ4N0drOUJB?oc=5,0.9235
BPCL,2026-03-20T07:00:00Z,The Economic Times,"Double bonanza: HPCL, BPCL, IOCL shares rebound up to 6%. Here's why",https://news.google.com/rss/articles/CBMi6gFBVV95cUxNVTZuaXUxUWJWZDNGajRHdkc3UXRGaE5tZTROeEE2enc1cDBGMWR2Mk40WFVSUmJmRGpybHVJMXV6STZFbFdzSjBpbUpEU19sZWRZc1pvZkkzZl9sRE80eEFjZXlsaFI3aTlSeld5MUxMN3dHcGhwYmQxUkFBNGxBQVdzWktaWFJiMGVhMmp6MnZnZHp1eUpvMHZyZ0hPVm1mUjZYaWMySF9qeVFKT2xSdkZJdHZvbUFyOU9hWnRvaFEtbHY3UXpKSmZPQW9fdTNUcWh3eUhZWDVEUUlMTzBFc1lqa01QR1ZGMUHSAe8BQVVfeXFMUHQzbXV3Umc4ajhMTTNFbldnR19sWEtRenZiTUdBVkNaeWtLS0VkZHAyNFdGWDFteXRIbTM3TEFaeFl3S0lBdmdqX3JkZk45QlctaDlMeEx4SHBhSjFXOS1OYWQwOFFpVzZ2dWNBS0hEMHRCaW5Vb3k5NTZVZkpQaGc5OF9CUXFFc2tzdmEtRkMtRmNxRDk3a0tjaXdJSEVQZXRES3U2enU4Ml9uazhnbEZDbkg3R2pnUGZzb19ZZ085eVctRXQ3XzkxWEJpNHo5eVV2TVdhZEJHQml5TmlvWlBHUEtXWmhfcFBOTGlBY0E?oc=5,0.8609
CANBK,2026-03-20T07:00:00Z,Samco,"SBI, Canara Bank, BoB To PNB Share Price Jump Today | PSU Bank Stocks Rally | Stock Market Today",https://news.google.com/rss/articles/CBMi9gFBVV95cUxPM2xiQU16dnZCUkhqT0doUVcxaE9zN2k1N3VvdUZKM0lDeUFUNEtzUFJnTjU2Q1haVEFnOGYtZHZDbDRicy1zcFB5QTBzbEJ6Zk1rOGNrb3lRVlZoem5sTGZRNWV1Ml9BRjFMbW9LZ0xMUXhfbW9hbWo0X0xSdERfUXJhWXhlMHhFVWZqUExBZndBdWNfLWs5NWpEMHRXWldweHQ3S1BxSlRsR20yREV3MHh2alo0cjQxRzVZRzFpcHhLU1M5bnFwZzJNSjBGYm9Sd1BULUw0V0dHUE80ZU53RFNnQnFFTFhiMWZIMmRNZmJnemFPN3c?oc=5,0.0561
DLF,2026-03-20T07:00:00Z,The Economic Times,"Goldman Sachs, ICICI Pru MF buy DLF shares worth Rs 231 crore via block deals",https://news.google.com/rss/articles/CBMi5AFBVV95cUxQNWxsYllpZWEtc21KeGgwYjFMN3hjMk10MWhfbnFmY3RCZEp0a0JFRW1Ha01ER2ZiVWllMV9fZ1VZbi1qaGVnS1B3Q2g4MmJnTUhSVk9GM0ZlM3RnY1hzSE1lNXZZUG5sVDRlRzViUzBia1V3cjRWdmZ6TmhjbmpNQUFQVG1aaFpLY3NCZzZ6MnE1eGdKYmtFYmptMG96emU1cHNSTjA3dG1ERUNZU193eFhkQkJXRVlWN2FwUTlUa0xvcEhtdzNvakVlWk9XN29GcWowbDI5QUVvR2RiSGFsdTdmaGfSAeoBQVVfeXFMTVJyc29ZWmowVDdnbkRWakVBQ1lsWWFpeDF3b041TlRBVlRjT1lhdnFhd256SjFqcUFxQWg5dVY5VUdoVF9VTjhUNUszd2dabTBQVHRKc3lRRWUydXgxTTlaN0U0TE9aWDVJaFpUaHFVd3ZIbGViMFY0ckdkQWd5T3BQc0F6UFdTQ0xUTURXZmYzQmNCTTRLUHRxdmxGX216NjZhaWJnaERySzhnMU5oNEZVLVRISEZ1bkFZdHZncEdCa0NYWEgtb3ZMTFdOazB0UXlZNk02U1JBR1M2WTdTd0ZDYmNpaF9wejJ3?oc=5,0.1215
ENRIN,2026-03-20T07:00:00Z,univest.in,Siemens Energy Q4 FY26 Results Earnings Preview Expectations,https://news.google.com/rss/articles/CBMid0FVX3lxTE9tMDRYaTdaM2tOSTBQU0RNYTV6YzIxekthU0NiOHJGZENWZE1oRDAtaXhrZ2c5MllwbS1Cd3ZSa0hGVmZmeU1hX2dfUXBGTmhJSi1iQlBHSV94M3F0Sy1MTndPTzVNRFZKU2swQUFISjZaaXVWYlVv?oc=5,-0.0896
MARUTI,2026-03-20T07:00:00Z,ET Auto,"Maruti Suzuki slumps 25% amid market share, margin concerns",https://news.google.com/rss/articles/CBMiwAFBVV95cUxQd2pGWi1ST2VqX1JQb1hINTFubmJqREhyX25EVWxIY19mQktXd09sRS14bGhUQUVTYlYycjlRbkt1ZFZvWlktckxZYUYtZFlCY3pibHRhRlRYYzF5NHp6Y19IaVBQUzduck04N0I1OV9CN3duWDhKZlNQM3NpaEZDSE1acTJTS3pkRE1aMHROZWlDblFtd2s4Z2VyNGx3WjZDS0swR2pFTmFDbVhQWXdzYVAycXgzT2xyZGZyTlRXdFnSAcYBQVVfeXFMTlZQWFNhSnZhLXpybFFiY2RXdEdraXl5RVluX3Frb0t6dDJBUjd1QWYzWkZRZ3VPS3E1QlpVeTlUQ1E5bXFWNTNMczR6Yjk3NTB0Q3J2RWNYbHV5Mnh2aEs5dVZtdFViODdDcmhURE12X3JQNnJsYTJ3NFlJcWRSQzdsd2EwRXNxZHlHTE9LOWk2ajBoMGlUa1NRcUlacjUyYU9kYmNPWnR4dEFUU0I4cUJodjQ3RWtIczBuT21kQWZqZm5Lb09B?oc=5,-0.9617
MARUTI,2026-03-20T07:00:00Z,The Economic Times,"Rs 1.32 lakh crore shock! Maruti Suzuki shares tumble 25% YTD, worst among peers! Overdone or more pain?",https://news.google.com/rss/articles/CBMi_gFBVV95cUxNSE8xbktTdDl2MGIwUXZyMU9hUURTWHR3eVFIVDBTbUJiTThnSXJqMEhmWUF2c0tMZ0RQbE5CUTRlWG5ORHNHLXM0cWthSWY0M05QT01yX1hrSzJTRjk4YThoREs3MVBlN3Q0cjd6UVRHR19maTVrNldJLUJXZjhmN0xsVzV5NzR1Q2VZVXZwb202ekF2aW1hc21BQXU3NFNIQW5JTjA3Vnp1aXptTkFPaWF4ZnBzbS1vS19VMjRSam5Xa1haX3lzbFF2T25ZcXFQRUFTUkdYVm4wVno0b2NneUpxWWt3c1lISDVMT2s0OG11VkdEXzZmcEpvWG5Nd9IBgwJBVV95cUxPLThGb0Rkd2lFR3RpV1Z1ZHJXTFQyR1RSRGRSbmhhcWJObXJkR1dvU251Q0Q0MjIwd0NtR1NiMFdoQ1ZfUm9adnRVWlB3b0c3YjZwOTNRU1BYTWNvNVRQeENzeVBQekJjRFhhYlU3bGZUTGRIOHJtbGstT0hoQmFOYWRocm9hbC1PUWpXLWR6ZW94dFE5eHItbHNnVHJwdmQyVnhwUXk0M0ZIaktHeWNuRVZfS240VVdOT0VwNXhsUU5LMXpZdUdfalU5VTdCeW9qT1NhU3AzaUhnclVpRUdydkdJcnJ4LXlwcGdhaERYNGJDbGpzazVLMVhicEhqTTN0Vzg0?oc=5,-0.9292
MOTHERSON,2026-03-20T07:00:00Z,Business Standard,"Samvardhana Motherson shares rise 3% on dividend announcement, JV update",https://news.google.com/rss/articles/CBMi0wFBVV95cUxNZ1IwcUg3V2I3dC12ankzY0UzNm5DNXVjSWo1SjliLWFqdFZ4ZVJXcEtPX0ltZlVvbUlfWUs3Tkk5UHZhV2Jod2VEc2ExcjBxcGktT0U3WWk2UU9Tc0lLWHc2dFpNWnZDakx6RXJvbWUxVXVBLWx2SWZrbVhmZElHQjZZcDFUNFloQ1BPdHZwVkR0anlfLWJmNG93SVA4VDJvM012TWY1SjNvMVhpNThrNXN1dldRbmIzcEE2UjhSRmhIRXlmUk5fbndTQVR5WnVzN3VB0gHYAUFVX3lxTE5PLXg3c3ZIS2RwaHo0ckxmdDJTcmpWbXFiSVJRbk9HbENhem01NS1nekkwVDVScExFb2NUdWN1c3BIZjJLcy0wdTVEUU1YWUVvU2VDdTRCMlRDYnNoSXhVVXhsei01VVRWbVc5YktMaVhudm1acnBTOUl0Q0U2UF9lMEdyajZpY3ppVUlMSllfT3JlREZCRlNkOWQyWTlCRGlBUVBEUEJMa0ZGU2NnN29XeDFQYUpadGFwTEdUUEl3bS1sb3E4ZHFmaUZCTzhUMGR0STFwaUVSVA?oc=5,0.8779
MOTHERSON,2026-03-20T07:00:00Z,Moneycontrol.com,Samvardhana Motherson shares up 2% on JV with Hellmann Worldwide Logistics,https://news.google.com/rss/articles/CBMi2AFBVV95cUxQQWhiVkhWQU04Zm1lR3k5VVZETHAtS0sxMlBtZWdBVXFEVmlNTHU3NGhia0ZHX2FrOFJVUGNyaUJPd3kyV3dIQWI2ZW5fd3NYWVU3bVV6dThHckVkbEViaUJMNzNvTG03UzNUQW1HaWFQQ1UtQ1Z1MUpWdm1mYTVSTGJVa2tOc3lHeE0tZVB1ZVFWQ1JrZkZnSWlRd1FXT2FtU2lIRkxwQ2pTdW1QX0E1Szc0ZnRwd0FyRmZoMUc4TDBZLXIyWWUta2hsZWJwMDJSbEpfcEtvMFDSAd4BQVVfeXFMUGdHMnlXU25kd2VSamJYQlZWcVZYRDFZV0l2cGR6aXB5R1hrZFpPbEhLanpBZ0w1R1ZreDVEc2xsQUJud2VnZWRpc0dvSVd0UmZ1MFd4MmlTVHBfamwtajdkcHBIcVBaMF9KdVhvdDY5SVhXMDNoYlNsSktCZzMwSjZPV3VNSVpwdnJqWFJCYUp1LWFKNTRZV051UW9SRVdxQ3BVRkFzNlQwMkRzdjVab3BGLTRHR0d6NHhWa3lScWNjcXBIbF9uRjdLRi1VWnQ4X1kza09pazU4djB4TXFB?oc=5,0.8260
RECLTD,2026-03-20T07:00:00Z,HDFC Sky,REC Share Price Falls 0.42% After ₹3.20 Interim Dividend Announcement,https://news.google.com/rss/articles/CBMia0FVX3lxTE9fUG5OcXN0ZFhDTmNDMGZ4MHhOLXliczRsdWxOaldTeElHZTVzUVFwcVBKNDRHRDVzdjI5cE4yRXlqMWpUaE5QRFFOalJqd1FXUUxDalVmd3Q5bk83VWtYLXpMRVJkRDBkbldN?oc=5,-0.9380
SBIN,2026-03-20T07:00:00Z,HDFC Sky,SBI Share Price Jumps 3.4% After SBI Funds IPO Filing,https://news.google.com/rss/articles/CBMiowFBVV95cUxNYUFrRUlRVDhyOTR2T1BDUUVLVy1IYzN3djEzRXhsRkFnbnBibWtlOGxkQUZaUjZTSGwwSzhnSkFiTjNkOGxhNU1tb1ozRldYWmVWQ01qWE1KbzRzTEUxME9yaVBjNmFDdFFKWXVLOE1mZzdNdzJEaHMyYXVqTjZyb2dzR09vZTNkMGpSQUFuSmZqNVJLRy1mR2ZWUmN6YmNQaXJr?oc=5,0.4338
BPCL,2026-03-21T07:00:00Z,The Economic Times,"IDBI, SpiceJet among 10 stocks that saw sharpest fall, down up to 21% this week. Do you own any?",https://news.google.com/rss/articles/CBMiowJBVV95cUxNdkdnMWN2c1JXUDR6LTV2VnpjOHpSNUVfOFAzREtrTTlNMWJZYlJIV25URWZWTmttZEhpOW1uUmkxNkFGeWEzSVVXZzFyN25HUGxrVWlrOFVhR0dqREhhcWoySlNINnh3X2E5WFF2VmFEZVRuRUJoMldUbWhPZGwyeDhwOUEwX3BzRXhIMzA0bVNJSUV4b0hPUjJLZ000SGZCdGVYU1pFUjRlYlVrRm9aRXFXT0M5Uzc2a0hJNmRYOV9vR0UyckExSUhhSGZiMWc4S3lHcTJBek9OV1d5M3B5aEZZRURUcmNjVkRvVWNWeE9BNVJZRVZjelZWR2ZPSTBqMUx5eEF2VGhCWG9NNU5lRlc1SXJMcFJ0N0pZZkdUaHpSQ3c?oc=5,-0.9540
DIVISLAB,2026-03-21T07:00:00Z,cnbctv18.com,Divi’s Laboratories gets draft tax order proposing ₹571 crore additions for FY23,https://news.google.com/rss/articles/CBMi5AFBVV95cUxOUjl6ZkwtQmdHT3R6TFR3MlFTWENBVmxCbEFiYVF0QWlLeHE4SzVfdGwzNW1uX1dVYUQ2dlc0UDJlUnFBblJEbXkwY2hESHB1UUQ5X0U4aXlLVi1iVmlYcFhMa3VraXVKWExVLU1MOTkyZ3ZQSHVPTENPUFRIYm85MVBxckNZam10S3ppck1WLS0wYnl2ZzJzRlRxQ0R3ZG5Zc2NyRGJLSWNwckNzaEMxNGVfQmhqQXJaMVZKUGF6TU5GQWJsYlByQkNSMzhvcGNXbzI2c2d6YnFPV3hqTU54NUdNTFbSAeoBQVVfeXFMTjBPVTkzbUM1OG5oUFBRV05ldGJHU2lxeEJhcVdEaXJEQ0E3MUl4TEpnaGVEV3lCUWpoTkRncU02cVppTGJXeDQwdlJrOE9YOEZHSVFmbERiRjUydTBrcUpZOWVVb2cwN1IwVXpfTWxaRWQzbTZPMDBoUzZqUHlHSW00UFVXSzR0V19LNFlwN2Y4M3RDLXlSRGo4NGZYaXl6VnRobVVyQjNiY20xVmtjSHZ3NHFicGhJUlpyZTJnTWplSFNOYnpCUkNob05YOWFrUmMtS2NqSzM0TVZ1TDVObzBMbFNfci1xS1l3?oc=5,0.5714
TATACAP,2026-03-21T07:00:00Z,cnbctv18.com,"Tata Capital faces ₹413 crore income tax reassessment for FY 2017-18, plans appeal",https://news.google.com/rss/articles/CBMi5wFBVV95cUxNOHItVkFQVGlnRDVyU2YtQWxhVThKQ1RiU3BGRzM0WVREQ2lCS3VjOW85dFVKWmN1T043WndfbG81cU9BeEZ6eFd4SFpFZW5JLVFxM2pnVFJDWWxvZ051STZuNHF3UEtnNEZRTTg4V0lsVGs5b2pLTGRRS1BLWUZqY0tBbWVwRmRyM09jelNyZ0tUT2dmb09jdUdwWjI1cktCaEQ1T1VlNVRlZjU5NDNfSkhIZVdzOHYxaks2dURvVFVGWjNoNGVqSlF2ZVRmeHktU0wxYVNSYjUxamxkMVRkMi1iVVNyOXfSAewBQVVfeXFMT29BVUNCNGxiUWQ4NEczMjJaMTRBUnlGNm00QlBUb1drQWFyWjg0cmFoWndBdEdYa3hObHU5NVdpaFNWYzNvNC00djl4Sk1BLW5GbmpzNWYtcVgwWnduQTNpRzBuVE1pVVZzeE8zSm44bF9qek1abFlielczUWUyZXNzR2FJaTBkeUtabmtUZjE3YUFtcDl3Ujk5aEJlRXZwU2Fnem9zdUpzZDJxUFpxQWVKcy11aTRkRFlyVHJmNUdlcDVXQzN3Y29JSWRvQkNPYkw1aTFNdXZUZGNCdW1kM2JNRklCYzY1T3BSdmI?oc=5,-0.1369
LT,2026-03-22T07:00:00Z,Upstox,Larsen & Toubro share price in focus: Infra major sees limited impact from West Asian tensions; 95% projects on track,https://news.google.com/rss/articles/CBMihgJBVV95cUxORXF3cG10ZzdpVU9ueC1jMkQyazVkRWlTdVVnMktzWDVySTQ0WmJma2xhMXg1Tno4Zko3Z0ZzLW9ZUGhJMmVnSjNlcFR4cHZiT0xlUVZFUVlyRnJjc1ZaX3l3OThscEgxcXE2NGpvNV91bjBtYUVxR3JNZWJfS09wWVRpaXNod25wTFVtenJzR0IxTHdVRG1wcjhmMkoySGtTNW1LVUp6Q0tXT3ZJb3U2SUJDdVo1ZHQ2STZWZEVWZzVCUnR3Y0tXb2JxTW02VDVKLVVvdTFmZm43WjBWQVlvaERkNWd3NFVFUkZRVFJtWHl0aG93WGIxUVlCc01sYkw2ZXVEdVVn?oc=5,0.8446
ASIANPAINT,2026-03-23T07:00:00Z,Upstox,"Asian Paints shares bounce from 52-week low, surge most in over four months; here is why",https://news.google.com/rss/articles/CBMi3gFBVV95cUxNSW1Kd0ZMTkNFWWg5QUR4ZnJhRFE3bnhBaFZPSmotR0JmWU5rd2VfTTZvQzdfMVpETzZCN3NjX3pjZW5yRExHTEtwc015MTNGb3E1SFhiTnU5UEdla1V2OFRmMnFZTUpXOU1WR1ZyLVkzT29WMGZHSko3cVBiY0ZqNEhCS1QzSzRYQWVwVjc0aXBqWjY5N01VQ3liRERtVjdmb0hZUUktNUZEVE1LRWc3Tm44UlMyNFM0ZDFnMWRld0tqMEJHdko0dlY4NFUtdWYtZmEwNWVSUWVhVy1GTVE?oc=5,-0.8304
BOSCHLTD,2026-03-23T07:00:00Z,HDFC Sky,Bosch Share Price Falls 2.73% After JV With Tata AutoComp,https://news.google.com/rss/articles/CBMic0FVX3lxTE1raWJEY0dhSEQybjV5bF9fSEtWMUNocXUtOTA5YVBwQmJldUZBNVFmYWQwLWZtLVVXUjVWN2dfMDlqeHhwVGtfQnBCSDd4ZjN4ek8xd3dqYXBocE9SVE0wR2tZUXppYzUxcVpHenZhN0FUaFE?oc=5,-0.8949
BOSCHLTD,2026-03-23T07:00:00Z,BusinessLine,"Bosch, Tata AutoComp form equal-share JV to make eAxle systems in India",https://news.google.com/rss/articles/CBMi4wFBVV95cUxOZHJtM1pUalp5bVhXeUxSWkxvUWY2cmhGX18wYWhJT3gxSmxUcXljdjVRRXVwVDN3UDg4c1p0Snc0azQ0Q05haGhYOXVGeVhtUjhEUUlZQ08xTmU1TmlpMDZHRVRZb1hEWWxBeE41akM5YjVYM3NIM3BlMHRHRWJLVTU0cl9Mbk5NRGtmcl9zbDBrbG45TF9IUEpPUFdET2d3dEZ1ZmktZFk5M1FXV2RIUXBCSGZtaUdwTVZGc3ZObmtOVG1fcjBsQml4RkpramxaLWE0dDdURjFrZU9BMENSUjR3TdIB6gFBVV95cUxNTkktV1BfZGw0NnBudjFKVlJfc0NOVVJXbFN6RjhsX1FtV1dCMVJSbDJsN3lnMVJ2OE1IM04wRzhVUEl2ajdsSU1PQ05WZXBIY1I1VEtXcEZzVFZDa3pNWlM4SVBfQ2xSZzVqMnVja2F0blUxUW5XNnFfeHNseHM0Q1NBNlA2UzlSSklZQmNUZVhobDBoU2R5dnF5dmFMRk5IdUJ3VVJKejNERnEzemFJWEptQkpoZFJzeFhMaC1ob2tBRDBlYldXSmZIRDBTTFZnVlg1cTNnNXdSOHI1R0RaTUtha0dGa3BoakE?oc=5,0.1105
BRITANNIA,2026-03-23T07:00:00Z,Livemint,Stocks to buy or sell: From Hindustan Copper to Britannia— Anand Rathi's Jigar Patel picks 3 shares,https://news.google.com/rss/articles/CBMiigJBVV95cUxOZTZPbEo5dnNOeEkwd2JlcDNaQ2E1Y0Jfb1pqT2lnT2tiVUl5aU85ZGJ5S0FUdGZ6TDlNOEp1X1FvUFNBYVBpdER5QWZrZi02RXJBbWlKLTdabGswaVppbWN5b2tvc0ZoQ3QtbWdrZEZDbVJ0S3hNb0hrbUQ5Rk14X2lHVHR1X2RHRXNtay10VGVYTHJ2emxJOTBYWmwzTDhkWkpyVVN0SjA2S0FuNVVTQ0FacE5xb0l1RnlJY1VERGdsSkxST3RhOF9ONXRsRmxVd21xcnE5UXQ1OXVIOVhoY2x3VjR5dDJKNHJCU05Wa3FaalZ2MzM5S0gxYUJkSFQwc2hESE5WRG01QdIBjwJBVV95cUxQMl9yZ3RtUVFXQk91U3haUHBTdU5VUFZBUHF1bE95WDRvMEhkTVQtbWtuckFDbUk0a2IwbDhwZjBaMUFnS0M3TjB6VkhkMjBCeUxIOWpGV052WXFkZUtHTkpOY055dlEzbHU3UzZsd3dRYmJUbTVKcTIyTC1YY0Q5UnJTbmx6aDM1cXVHMkhEVFhDODRyVERMZmhJaEJnZHVDMVh2MjZtdGR3dzJsM216QzRJRDB2UTEzSy10NXVnQ2p5UFc3dFpITXYzNFgtVWdLR0FycVRMSkdpUFpncW9fUG5CQWhiWWtoZG9ISzZGYUZ2b0FzeTVub0paZloyZVhENlZiUXpVcWViWG9BaDAw?oc=5,0.0384
HINDZINC,2026-03-23T07:00:00Z,The Economic Times,"Hindustan Zinc shares plunge 6%, down 30% from 52-week high. What’s triggering the fall today?",https://news.google.com/rss/articles/CBMi9AFBVV95cUxQRVhFT19MOFcxMmlMWkZRekV0c00yZ1RTdW96SFRLb3hMZHp6ZTVwQ2MxZVliZVFWVjZaUU80YXBZV1ljZEdZZ0ZiRmlkTlQ0ZkpjdmFIN1U1bG5jRkpHQ2ZJWk1IQU9zYk9pQVZpRjB2TVR2NDd4eUpVU0Vubzl1b1ZWXzFWaGJRR2dRV2dzLVJzUTRkck1TUHdDZkZZVXFpazBxaG5MaFRWVmRPM09CLTlVbFd3R0h5RU10T1g5QUVFU1Zua1hyVllNdmQ2NUhnclZ6ekFpQmFkTjdrcC1oM1hTZ2lqVVNjam5Va2FJZjNLYjNm0gH6AUFVX3lxTE41RUdwcGlySnViRUVpeTdwQURHU1VYLUhnTGVucFpQVmlRUEpuZEtuRGJhRk9CZEcwaTR1S0xxajRGdEpaOGRVWEE5aGxCQW1PTkRNOHRVTXJJZUFHOGNzQmw3U00tWkNKMDJ6S3B3UV9uYUxKa1ZjYzVPaDV6NmxLLWU5S2FRam5RdmRsT1ZGZE5fdkR1Z3JKWDRHUUZhb2tiekFVYU5rREFXWE16Ry1mdGpJa1hONTdLSGJMV0I3N05OTUMzRWYwaWpIUlBEbHB1T2NaWGwzSEh2Q25ENHRVYTZwZ3FSSjRQeXJBQnZDSE5ReWhRSUtFZWc?oc=5,-0.9571
INDHOTEL,2026-03-23T07:00:00Z,Trade Brains,Adani Enterprises and 14 Other Stocks Trading Near 52-Week Lows to Keep on Your Radar,https://news.google.com/rss/articles/CBMirgFBVV95cUxNa2l2ZGNzMnBSNkpwMDhBMFE0a0dNY0I2Q3VBMWxNM3ZGZVZMdDY2Q3hfWEpnYkRtUnVQdDJoTlFuQU95dDR4Y1NoWHg0SkNtc2lLMXBpSWlJVXMwVm91dzAxZzFDZERtZFRuTUJyNV9lMUYzQy05VlV6VGlBbWZ5enMzT0Y3aE5MdW1GOEJXWlkybzhTT0lLNnA2bG1sVHhwbGdhR3pZTXp3cjlHRGc?oc=5,-0.8291
IRFC,2026-03-23T07:00:00Z,Upstox,"IRFC shares gain 4% post signing ₹12,842 crore refinancing pact with Hindustan Urvarak and Rasayan Ltd; what you need to know",https://news.google.com/rss/articles/CBMi_AFBVV95cUxNamRNb1NTcmZZUUNUVjRIR3J5a05LTHo1RGxIdkRxNlhaS0MtWnlrYmNlMW5YaXVUMGw0UmwtMFlkR2cxZkk1R2VndnRZWDVGa0ZVZHlSVHFEeFVVZmVPbHhLeWZ2MUJ0aDFRdE9KTldWNjFLaTV3VzZtbjdTUU8yWDBEeTVFY2t2OVJBWXpmdjNsMW1aRUVYdHlYdFNxUzROenhQM0xjYzNRMThLa1hJWm4tOXh2NHpNYzVraHJnbzZ2cDMwX29SU3pWVE54aDd0ZEE2SlNFYnlDejBmZElCTUNpMlZ4UFRWbHVxcWV1d0ZvYjZtMVk1WGZVT2o?oc=5,0.4130
LT,2026-03-23T07:00:00Z,cnbctv18.com,L&T shares fall despite assurance of limited West Asia impact; Macquarie sees 'significant value',https://news.google.com/rss/articles/CBMi2wFBVV95cUxQX0ljSXdVRDAzaUtkdjlSRVJSRDlwRXJWZk9xcXoxbWRSNE5lVm8yaEd1TG1WWmNTQ1Y3TW82blM4SnZseWlCVmNnUGF6VFMySjJxdnFBYmtaaE9yVGFLV0FYSm5qTVpTVkVmLVVOdzN1eVFIeWpCcjJlVk9DWHpIZUFoTTVncWhIUGVzcDZTWmNPU0JfRXk2TjB1b1l4NndUWGV1Wm15QXFiOWZkWWFBM21CMDgtYkZ3UkpHcDRPc2hJaGxaeHhvZ21scnJJRktoYmdqT1ZVdXBnV2PSAeABQVVfeXFMUHoyaU9BcDFod1VTVEtYTG1Td2g3cHVCSmVheEs5akpZOFByVTZaaXhFV1RVYVlIRXV1dGhMYklpX0F3aHdmSUV4bHU3M3RMMDRWVWktV0ZmbFJXalkyZlRVR2s4NGx1bktFRU1ZdWQwRXBGelJEc3h6cHNEdlRYVUo0azdZdzFJUnFsNFJIMUhfWHpRbW8zeTF5NGVYc05UWnJka1d6cEtBV1JmSHNLTmZSYkI2UWIwQXZpYjFfUGgyTGpWYi1pbC1HeUVMbEIyclJsMTNfMGNxMDg5UXlYX2I?oc=5,-0.8424
LT,2026-03-23T07:00:00Z,Business Standard,Larsen & Toubro falls 22% since West Asia war; here's what analyst suggests,https://news.google.com/rss/articles/CBMi0wFBVV95cUxPYjF3SUFqd0cyMThFSnk4d2ZEYnBQdk90VGVsOGhPQWpoQ0RpX3EwQUxGUS0yVGUybTFqM0U1UTYtdS1weHh0Z1RBUnYzVlZwM3gyQUJQajlnVWxQWWs0OHEwWnlkU1ByRVVGSU05SjFNSW1TclFxYktYeWUydmg4c2ttUTlCT3JrZWlheGlUOHZzcDJwNVNaYlhhWXFKN3NkbWo3WXNKZmlNN1FtZFNtNWtZek93dGxkclhTem9DVWRDYTBGOUQ5Zmk3Qk5tUV9GbC1B0gHYAUFVX3lxTE5ONkg4NzZPVWVINFIwZ2U0TkZJdGtmWUduRTM3OEpuRUdDdzRZaUFfWlFuMGdmQk5mMDZzSmwtUWVYdFBPNGF5VkYxNkNjUEZhTGRXVFhvZTFmTFZweFRTbG42a2pZQUFHUDBoLVhhLVVJdUVsN045eERIYktiWVdzWHExU3JHQUZCRVprY09LMnB2T2xvZU1PdDdYbUNNNlhINlpBR2EzaU84eG4yeE9PXzBMdkNKc0NiUjRKZXVQcDA3ODJrZXNJckhiRnNtcFdRbXVtcHFjUw?oc=5,-0.8310
M&M,2026-03-23T07:00:00Z,Upstox,"Mahindra & Mahindra, Maruti, Eicher Motors: Auto stocks rally, NIFTY AUTO index surges 2%; top reasons to know",https://news.google.com/rss/articles/CBMi-AFBVV95cUxPWnIwLS1BdEdkektqTnhNR0g4alZmLVZHZW1JMkRTazJoS09yb096cW5TZjQ2TDFhN2V3ZmdZSkNUVUc4ckF3TE9NZFNBRzNrQURMWENVYXFKWmhUZHhKMVM4YUllYkphRmw2WUlodHpac2FWZGNBNi1GRkRjZWJnb3BNU1dvRVV1N2JqQXIxQ254MVU5LTd4a0RYbEQ2RDMzVUVzeHBCbEoyVzhDNDEtb2Z5b3NJelA0eUJmX2tFLWI4NXdCRlVBWVVoYjFUU00wRXdmaENscHIwUHVtVEJJNjZUdmZhTWY3ODdRcTc3QzlNZUNEVE9BbQ?oc=5,0.8493
PFC,2026-03-23T07:00:00Z,HDFC Sky,PFC Share Price Falls 5.24% As Stock Turns Ex-Dividend,https://news.google.com/rss/articles/CBMiiAFBVV95cUxNWVZYUkd1Q3lQSUx3cm5VZ3AweTJWTFpLMUxRSXVDZkZFajhLdUJpbm9KWENoM0dOX2l5aEpLQks3eU5sWVVxQjNibmVORVpuamVsMjVTTEx2dWc4SFBkR3dDVG9tUk1GdWltWVpvaDMxcVBuZF9CTlZHOUV4QlVBZ0RpYk9Qd1h3?oc=5,-0.9408
TATASTEEL,2026-03-23T07:00:00Z,HDFC Sky,Hindustan Zinc Share Price Falls 4.7% Despite Tata Steel Pact,https://news.google.com/rss/articles/CBMifkFVX3lxTE9QbGlYMngweDhkYk4wTDhXLW5mcGVqTngycVY5WnlybDhobUYxQ0VxQUJrTjdJNFhpRWI5d1p3Wjh1Zl8tS1BtRkZBUGFoelRjd2o3V3JVeUVoN0lLci1vUjkzQ3JSdy1nUmJiRV9oa3JEV0pYY2pmUDhEalE4dw?oc=5,-0.9532
APOLLOHOSP,2026-03-24T07:00:00Z,Univest,"Apollo Hospitals Enterprise Q4 Results 2026 Preview, Earnings & Healthcare Growth Outlook",https://news.google.com/rss/articles/CBMiggFBVV95cUxQTXlUN3NBMFVFcDZCeDVwQXVhNkViVmEwcDdwNVFGYzNSV0hnZUxVV3BuMWZCU0dnMDRnSjlPaEVueHZGcGk4Y0ZtSG80OW9XejFFZVhxSXQ3Ukwza2JKc19DaUx6c2NuVHJUN09RamM3SjJiakFRM0ZrcUJYM0YwWERn?oc=5,0.0663
APOLLOHOSP,2026-03-24T07:00:00Z,NiftyTrader,Apollo Hospitals Jumps After Citi Boost — Why This Healthcare Stock Is Back in Focus,https://news.google.com/rss/articles/CBMid0FVX3lxTE84MWRsOVdoZ0hmTzBRa0pLbHhJU2RtWUR4eFdJaWl5VWthQ2tLeXVTVkd6amVuUzNjR2NSVDhGalIzaE9ZZXQ2dmg3dXdTdTFPdFNzNkF4VjZoLTFRNmNVaE5VdHJSOTFsaEl5eGwtRmNPZUQ2MzA0?oc=5,0.2983
APOLLOHOSP,2026-03-24T07:00:00Z,cnbctv18.com,Apollo Hospitals shares now part of Citi's 'Pan-Asia Focus List'; Stock surges,https://news.google.com/rss/articles/CBMi3wFBVV95cUxOcWREcTBLbzdXOE1LZXpTQ0lQdmgwek9WN0o5RDgtWlpmQmFybDRCZTlHWHF1a2ZWMGJWUHFGZnBTZ2o2T3RzWW1CT0RoNmdFa1hrQ2FmTEhCNmlzWGJveV93a1d2allaa3JSdEwtXzVSU1h2Z194RlBKVkxSSEZYV0hIRkZIdTdYZ2U5NS15Znc2Vjd1LUl4RTRKMTQ5Q2Z0WFo3cmt0OVMyMkg2eWd0Uld3LUU5TUFZbkg5Y0llZlZOeFhJbmNNQ2dadnBLQ2s4b0E5dnViQVU3ekZfUTdj0gHkAUFVX3lxTFBkUTdPVWdRS1dCQlVLemhIWmRmOElzT0NMNHp0eTNod3NsWlljQXFMbWwzQWlLZkpJbXlSWXVPM1VGdVZSbmVpSVZaalBNU0JpaHltemFrYXgtbWpnLWQ3b1plQWhwT2V6TlBVX25Hd2dtMFFTNXNhZlRPVnQtVTliSFpxM01EUmszeENrRlZPSDYwU2pua3pjRzUwVGRxWUV5RVB3SF80OGJpYW52VXRvRjZHY293MTF4NHQzNUZGVHJBY29Pb1JfTFNxZjktd2xfbU9iS1JvZjZCM243eWZ6TWI1MA?oc=5,-0.3289
BPCL,2026-03-24T07:00:00Z,Upstox,BPCL share price tumbles 26% in 1 month; company's latest update that shareholders need to know,https://news.google.com/rss/articles/CBMi9AFBVV95cUxQWlZvNmxJdndLTmFRQl9yb21UVy1SU1c2aENQWWN0WC1pbjlwQmdGSHdURFlKZVR3b0pMYkIzYmJLeXJUaGZfejg2OUF1VS1HM3pHU1JHSDBkNEgtQURTaF8xeXdFSEpWLUNTVGotTWJ4bzJ5ck5ReGJSdmswRGpEX1NyRFlCNlI0dWZicXlTTWVva0c3MGVsdGpZaFlPUkxrdXlZNUl2bGpoV0ZrSUdUX0VYdnRIWjZKXzM2QmN1c19FT2p0bVBCQmp1MUJrMEVJeDFoYS1lamwtVnlCY29uclp4V2ZQY19UcllmdlBLUHBEZm5v?oc=5,-0.9126
BPCL,2026-03-24T07:00:00Z,The Economic Times,Bharat Petroleum Corporation - 9 large-cap stocks trading below their industry average PE,https://news.google.com/rss/articles/CBMi8AFBVV95cUxOcW9SdGRfTjJTSU5WOXlzb0VKSXg0bzl0NElEdjYzWHVDd014UFlNeXRhZUJjd1ZBUl9YUDVDSl9QVldRel90SVdTUm5CQmtCdjBxMzRUNS11d2pEemVzOE1oaGdYSGlLZVU2bFZsa3QwWkE5TkhMUHlud0ZDdWdxWGUxd3J2M2dOMmFkZ1JDN3ItMmJCMC1FVFU0LXFWRy00Y2tiN3JmczF5WUZVR0F2Wk10TVB0UWZodHVWMU9zY2ptNEJZci1YVzFtVWowb0pGZXZ4QWpZcHNUTmVjVmQwRVBraTZkQ1VHNnZHdjhnUmI?oc=5,-0.9514
BPCL,2026-03-24T07:00:00Z,The Economic Times,"HPCL, BPCL, IOC shares rise 4% as oil eases from recent highs after Trump delays Iran strikes",https://news.google.com/rss/articles/CBMihgJBVV95cUxQcDZyVnFRbU5pZEdZX0VpeEZhNElZcTNUQmx4UENqdlc1ay1Jb1BqZFhMa1hTeHM0OWs0VlA2cHlGNDhmOWdHSHJsU25GTEpESDRNbTZVVTN2LXRrZTE4WkZuTnRoZ3I5ajhvd1hidmVsakJTc1J3WlRIVHpPbVhDN3QxSVZLV0prb0RGUGZ1QUhhTjVPbndvQWpCbDU5eDE4V3c1TWRZU2dYT3B5VlJhUFlzdVB0ZVBNREFKQ3NKV09qUWd1UDVhVU0wdmtXM3B2NGlYaE5YZkg5ekRiaUNUdHQ5UVR3SEhMZUEtRXdFMHNnM01lN2VUb0FrVGZ0Sk9TcGpvN1Rn0gGLAkFVX3lxTE1GNzBnNVl6UnR1d2lpQklqUjI4UzdXV3FYSGVLeDNPUTVoTXBnNU44ZUNtbVdUc2dEOEZ6TnFHMjUtRDdGTWg5bTg1U1JSY3hHMUtDdWZrdkEyZjAtU3gzZzJfUzlYQUl3NTBuZ3g1SDM2Y0RXaTRMUXY0WWpFaS1EOG5QdV91bmNLUE00aFJnS2EwWEo2QXpqYURZTTF3cXc5Tmc2T0I0REpheUJYVTdWcVVqTHcwQXZvNnNwdy1uZ1FvUHkxTmNRSVZrZDAxSnhJYUt1amtjQlpWVUlkT2VfRklkY0ZLZ2paUFB3bm9Ucmx2RHkwSFV4YWNiN092VzFoWDh4ek9nOGdFMA?oc=5,0.8398
CHOLAFIN,2026-03-24T07:00:00Z,cnbctv18.com,Murugappa group stock gets multiple analyst upgrades for up to 25% upside potential; Details here,https://news.google.com/rss/articles/CBMihAJBVV95cUxPMm1FTGNIaDVwWVhHZkJOSDRCMk0yT3BxbTJoRFNuSXh6U2FUQ3gtSFpoOEZkdUEtMmVDV3JQcFl5ZDZBYzJKOVR1dmFrSUVXdGROTTl5d2h4ZXRrRHUya1FxNmM5czB2NVFuZElVSDVFYW93YU9VakJwT216QVRSS0QwYjN0al9YN3J1OExHWjNZSUVWTHl0N0JiOWtLamNNelJHOFNwUG5obUJDeU5wNTY3cmRtM3Jlc3hYaE00U3R2TV9jb2YtbXJMZ0s3N3U0Z2hQX2JQa2kxSEd6WFFqbnNmTFpzaHVHeG9GNjBFM1ZlU19Yb1JNMm9LVk1UMEpxdXotMNIBigJBVV95cUxQcEhnNHJra2JFejF3S2lPLS1XSGdfNGNUZTVWWDV2aFJrcGhkX2FiWGdQa0NFZEZ3al9neTMta3V4a3RhQnNFTzBDTFZWc3MtZzBNMmwxZDVFVGhLYTNpNlZtdm45SjNxNXBUR2c5dEV3aC1tZVVSamdYOHZIX2xBc2loU214eDVFZ25pQ29xWlNKNTBFYTRhenZ5UGlfanhuRFpTSnRqck4xZERrdlNPb2cxMEtSem8yVkQzWFptclFsMEVGMG9wMU02YllGekFwR3VaVjN6YnFFN09CWWhJeklrRzIyNnFjTnJzUkVHeDMyZ1pWUWxwc2s3bnIyblZ0N3pKVGxHbGNIdw?oc=5,0.8219
ETERNAL,2026-03-24T07:00:00Z,Business Standard,"Eternal shares up 6%; Elara says fee hike boosts outlook, sees 82% upside",https://news.google.com/rss/articles/CBMi0gFBVV95cUxPZzJjZW9BMnpoQlM4SUtLdVlFcWx1S1NCMjg1OW9SVUptb0tfdlRXZ1VFRUgtZjBuNkJGOVh2LVpxcEpnNHAzM205blNQUk5za2thNUF3SkxCT2w4S1RiUzVmMm95djJpS3ZxcmdMamJXbktCSTAzRkVObTdtdThXeEhKOU9ERjF0cW5EVW1zZVlvbjZ5NDZQQmIxNUJ1a2ZSUS1zbjVnUXBIMTFXLXdGM2VnZ0NpQTNBZ0JnRFktcERlcUxmT3NXY3o2U0pldUhJT0HSAdcBQVVfeXFMTzRmUk56RGxMWVVsdGExWDlyenFpN1M2S0ZUM3FtTXprcWNqNng4aVZLS1pOdHNhTVlmYkN3VFhpSDkwSlRyUWY2eDRpNkdwOGd2bDZTRmQzMGtYYS1LVllfQ3h0Q2JpTWEyVC03VUFMVjhIeXppN3F6Q2Itb3JuTmpsNGNndmU3cjFob05LbWpSZFJ4RVJMVWZUdlo1VFBMcFBNWmp6S2hJZGZxS0xEYkhOX19EdVJZSDdhZFFSdjd4dy02WDRPMHQyb2Iwdk1uTDlvSl9HMUU?oc=5,0.9330
GAIL,2026-03-24T07:00:00Z,NDTV Profit,Suzlon Bags Repeat Order From GAIL; Shares Surge — Key Details Here,https://news.google.com/rss/articles/CBMirgFBVV95cUxOYUdXRy1GeFZWcTRHM1lQYWRBbTRUaFdua29PV3NDQTR1MFZlZk52dUhNQ2x3b1Z5QUFTZ1F6aFgzN3lIZUFnWjBwWnphWmJkU1Ezb0FDY3RmT1Nsa2pCbUNOT29DVy1IOUxCck9vRlNvT0FrTGpRcHA4eVVQdTktdE9HOUNiaGpKVlJIQm9zZTVRRGJEcFcyazRzbmdxUTV4U2hEdGF6NEc1bGh4cXfSAbYBQVVfeXFMTnJwNE12Q1dYWEdCaXFKSDFJN296bWRRNmdxT0RqYkJiQ25nY2dvQ2c5ekRLZlRzSlVocnhLZFhfV3JvZk11TVdMQjhPdFZCWWtraW9pVDRQcU5jMF9nb00xQ09fVlMxMEc0ZnhqaC1FaC12dHhwOWsxTDYtbHFzYkxuNUVwWUNrWDJ0Y1hOb3doVEFHYWVIdEtpU25GUUlpSUJ6WGdrUWE1NUdSeE9SajBIT0ZCc2c?oc=5,0.0072
IOC,2026-03-24T07:00:00Z,The Economic Times,"HPCL, BPCL, IOC shares rise 4% as oil eases from recent highs after Trump delays Iran strikes",https://news.google.com/rss/articles/CBMihgJBVV95cUxQcDZyVnFRbU5pZEdZX0VpeEZhNElZcTNUQmx4UENqdlc1ay1Jb1BqZFhMa1hTeHM0OWs0VlA2cHlGNDhmOWdHSHJsU25GTEpESDRNbTZVVTN2LXRrZTE4WkZuTnRoZ3I5ajhvd1hidmVsakJTc1J3WlRIVHpPbVhDN3QxSVZLV0prb0RGUGZ1QUhhTjVPbndvQWpCbDU5eDE4V3c1TWRZU2dYT3B5VlJhUFlzdVB0ZVBNREFKQ3NKV09qUWd1UDVhVU0wdmtXM3B2NGlYaE5YZkg5ekRiaUNUdHQ5UVR3SEhMZUEtRXdFMHNnM01lN2VUb0FrVGZ0Sk9TcGpvN1Rn0gGLAkFVX3lxTE1GNzBnNVl6UnR1d2lpQklqUjI4UzdXV3FYSGVLeDNPUTVoTXBnNU44ZUNtbVdUc2dEOEZ6TnFHMjUtRDdGTWg5bTg1U1JSY3hHMUtDdWZrdkEyZjAtU3gzZzJfUzlYQUl3NTBuZ3g1SDM2Y0RXaTRMUXY0WWpFaS1EOG5QdV91bmNLUE00aFJnS2EwWEo2QXpqYURZTTF3cXc5Tmc2T0I0REpheUJYVTdWcVVqTHcwQXZvNnNwdy1uZ1FvUHkxTmNRSVZrZDAxSnhJYUt1amtjQlpWVUlkT2VfRklkY0ZLZ2paUFB3bm9Ucmx2RHkwSFV4YWNiN092VzFoWDh4ek9nOGdFMA?oc=5,0.8398
KOTAKBANK,2026-03-24T07:00:00Z,India Today,Kotak Mahindra Bank shares rise: Why is the stock gaining today?,https://news.google.com/rss/articles/CBMi0wFBVV95cUxPakxSUmk0Z1BtdFlpeEVwRWlRMHVPUlpOMlZnX2NSSjVwelFCQ3lfek5SNjJrVnpaMXNGLU9wWXdZVU8yUl91UGRhWncxWEFEQUNMekowRlRTQ0l1Wk84Q0N2NnNpS2xwYnBQY2Q0WEtpZUd6UVRhTXUtcnBIazhsVlg3em5vaUpncGdoYnhEcWM1Z2RlQmVFTGFIaG1ZVUpRZ3dYeFIzUlFCMmIwZlNrMnZ2QXBLblVYZm5QcDljQm1mYUlDYnVka3FETGkzXzdKZTFz0gHYAUFVX3lxTE5xSXgtVG5QSVhqVXFzSEtJQ1BYUkd1X2JwU2pHUTlsVjVPeUhqOUhQX2kxREprRmlycUEtSXkyWE5yY1l2T2VSM2Zjc04zclNNR2Z1Z2UwdGhIYjFUQjE5ZUtqamtySEtTNVRXVzhqanRMSUYwZWcxTl83ZU9Fd2I4Qi1kNk43SFBDNmRKMXFOdHdoWTRBWnJJYWVESGRJc0FWcU5SUmxmLWEzWWVQZ0xkMnRYcmpxc2hyaWhoWUxpeTE3Q29WUnkteHJVUmxrNmtwdGlXVmFKOA?oc=5,0.5036
SHREECEM,2026-03-24T07:00:00Z,scanx.trade,Shree Cement Board Meeting Set for May 6 to Approve Q4FY26 Results and Dividend,https://news.google.com/rss/articles/CBMiuAFBVV95cUxPUFpfVXk1VHVZbGxXckdXWEo5VEpod0xwR0hYN1FnT1hUS3dTRFFxcDlNTnE4TWFmUkFyMmF4UXc2U3k2cWFDVlJOWm1Sb0hwRVprb25femdiNGFfTi1KTWFSZFI0ZGZHVTB2aFpsYkJFOWI1dW1uYkhoVlNSb2hubk1makJsQmJ3VGl5WEVvWTZxWEppTFdkV0NWYWdpaHJJMnJrZVQwY2RnNHRod0tqMHJsWHpKUHVh?oc=5,0.0330
TVSMOTOR,2026-03-24T07:00:00Z,upstox.com,TVS Motor Company declares ₹12 per share interim dividend; check record date,https://news.google.com/rss/articles/CBMizgFBVV95cUxNYmhMOHl4SXBFMlRaRUpiRzdkQTFaYlFjS3QybTkwWDU5a2hBd2IyaGRrekVLTW9DVW5jR2h6aENNQng5S1hSSktwejV6NG1ZRnhqRWU5RkpEdGhuUFRXUnJ2cFJLTlcxeWZEY1Q2VzRhSGJTVHpkLVAxNkxOcHJRMWVxSnJlbnE2QjZYX3hicVZHRmlOSDlCT2NJWE9ZVzA5RHR6NW13d1U1Rzd3VHZVSFFfUnR5ODBPeWhFZGFZUExIZG9xbklTeEotWEtsZw?oc=5,-0.7065
UNITDSPR,2026-03-24T07:00:00Z,Upstox,"United Spirits share price in focus: Firm announces sale of IPL franchise RCB in ₹16,660 crore deal to consortium",https://news.google.com/rss/articles/CBMi_wFBVV95cUxOd1BIeWFDSzVSVzh5UHREQzI2MV9kbEpDM05VeFhyUmJVNHpzYkR4VXNEWktaQ0JOQzdxaUtRV3Z0TElLTTNPcTV0UzBXc0thSHdEZm42ZzhTM1ZhdF9DZGpmVjZKRmo2T1lyLXJoRnlaMDlsOUc1cTBRSS1VX0FsUkU5dV9mWTN5ZllKb1VJTnhMc0FXRXJvT2hDczhWblJEWC1RUWJORGZCUEh6VE9Ca2JvTkdmdmt4MnBXek9yYm9xbHVqb1Rmb0FxTUVjd243UWE1MmJNcFNrV3pXZUJDSjQ3U3VkLTBMbHpQTFhvSVdTMlRUNE9aazBpTkxrUXc?oc=5,0.1342
BAJAJFINSV,2026-03-25T07:00:00Z,NDTV Profit,Bajaj Finserv Stock Rises Over 2% After Motilal Oswal Initiates Coverage,https://news.google.com/rss/articles/CBMitgFBVV95cUxNVHZNVlFEblB0bm5IejhOLVR1d28zVXhrWGlsS1BpZWRWSFRjOVhOYjFjVUliNlJJcmotdmxYekY1N2hzNTFzNlR5b2ZfTGRDeVhiV0c4ejhBSmxGNTZ0Q014WWEwX19NNHdlUHZseGVHc3JtaDZYQnVzYnpmWkMtSlBybFRDYjRUSnUxdWszVzlTamZ3TGloVllRcGdYdGFWSXpZUmdFXzNNVnhMNG5GUVBvWUZPUdIBvgFBVV95cUxNS0ZTYjNHdWJTdDNHUmtDZ2phLXRuMkhnNWpRTHBfUmk2azNGX3JkMTdOdGZUVjdZU1VTNHVhZ0lLdUNIM0RvXzR0S2kybjEwc0xlVkFOXzgtbFhPWS05SGpPbFNPRWVXR3AtcExtNTFGQWFGcHdfR1NjREFKbG1LLTZ3VmFWVmFzcUhqNHBDZVlkVXpSdTZheXI4UFE3QkI1YVBBV0c5M3FzQ2VlYk8ySUZMRmNQRHowcTJPTmV3?oc=5,0.6700
BAJAJFINSV,2026-03-25T07:00:00Z,Business Standard,"Bajaj Finserv gains 2%; Motilal Oswal initiates coverage, see 11% upside",https://news.google.com/rss/articles/CBMi8gFBVV95cUxOS2p5aS0xdzVZNkd3WVlCbFZ1Z2VtZ0RDR0pOMlNSOGhqbDJPTlRhY0lXLXJpX3VZWU1kVDVFVWtoNm54bzh6WUNVSGdCaDZnUVNGUDRZbWJVT012Qk4tWk5uak9ZaU1WR3ZacmpKRnRzd3hleC1kVUF0V3Q4QWpyWVM2YVJ6eDNCLUowV0N2TTUxWURhSE16c1QtNHMzNjhrMDRVUEVoS21uRjlGc1VaZFlNWGE2d1dlNVpqVVhLT0FFcEZLWmlJUTVGYXc5RUl6N3BBODVSZkdBZGFGZmdKSmU1M0JNbUFmQnhCTWhGYThWUdIB9wFBVV95cUxPU2NxRzVmX3VhSGVpZU9TazRTN3lWR2dIcDlWRlI0YlFzbEp3Q3N4YU45MFJ6c0FxSDJ1SUJQM3BUQjZ0c2E0TFhWLUdYaDNpeUNOVzEwVkJiV3NlQmVqVVhIUFVVTHM5Sm9MSkVlY3RSekhhY3U1WlFHZENaUlFzZlgwZ29xV3JEa01GQkFWQVpVaE5JbnBkaS1iODJiYXNYVDQzWUUxc1ZkSEdnV1JfemlaVVRKQnhSQ1hqYWlVZUstcWNfN2ktVXNGTDdYeWMxd3R6d3gtZ1NuYnQzb1JuazM0Z2syQ25iV3lEemIxeWI1WklqTHVB?oc=5,0.9177
BAJAJFINSV,2026-03-25T07:00:00Z,Business Today,"Bajaj Finserv rises 2%; MOFSL initiates coverage, shares target price",https://news.google.com/rss/articles/CBMizwFBVV95cUxNSWhjamNDSXhvXzF2Nm9LQ1lMcW91TWpNZEpwVHQybnlIVGRKNHMtMmpSV1hCTTZUZFdBQWxEcy1KNTlDVmhGQTJlUGZCZWhOOWFJTkNJRzUtcEVhdm91OU5mNUNmMGV2TEZON2dCTWFoeVVkTjRqT2gzWThOeTM4TXpKenJzckRkSWpsRTBZT2o3Vk1RemFCdnB3Q2ZjUGhRR2t5djkydW1CbVV6WEdrZ3BicXZGOGxUMnIzUjNRRHgzZG05bjdJa3FyVzhPYWfSAdQBQVVfeXFMTml4YVlqMXh3ekNDQXV4bGpzZlhDTU9JaXlXcEI1emgyckU4RS1UQmVJeWhENGN1bk91b0xPclZ0OHpHblJfd3FwdmplNWdBb19vXy1DelBvYjBCVVBPZWs1YXVnU212RnVXRWFtSlVFNlVXSlg1bzVqZXpkRlEzRGFTaThTRlo0Q2JDWll1MFVoeWJ0djBYQzBxSFRJa0hieTVfRG16eEw1RnRXT0Z1LVRKQUpSTlBoUzBTemRYVmFJSVdoY0toOVlvajJYRmNfS3E4SVc?oc=5,0.9253
GAIL,2026-03-25T07:00:00Z,Analytics Insight,Suzlon Share Price Climbs 4% to Rs. 42.68 After PSU Order from GAIL,https://news.google.com/rss/articles/CBMipwFBVV95cUxQcHNJdXpNMkpJZ1c2NTNxZTBoaWFBY0xiam1lNGJmMGlsUmVqblk1ZzVydXNRMWVpaG8ySzJDWW1SZ1hHZnk4dXZkRXF5MHdaMl9ZNEF1ZG12RE9mZFJJcWs1MUtvckUzRnhUQ1JsTXUyQmtqWGZIVUVfUENUaEZZZ2hBcFhYb3VRMmdyZ091V0ZoaWx0dW9BdzBpN3JpbnZ1R2NyYVF6b9IBtAFBVV95cUxOUHFhb182N0VhZzF2NDJtWUJ6czNXMlZVZDVjRUhCczRkWHc0TjFWRXFSbmZsS2MwV09OQzE0SF9SaGVLRTAwSldqTTBDYkhjSldxYkR3NERhV3J6a0lPdS1ZT21iSnBSUG5FZDhPUV9BM2d3UWxDWFZBdHQwbHdBYUxnOFVfMjcwc29ESlI2NUlDa0RwbkIxdnN2V3ptdklrcGlMVk5MRlN3amx6WFJCRjgzYnk?oc=5,0.9075
LT,2026-03-25T07:00:00Z,The Economic Times,"L&T shares jump 4%, up nearly 10% in two days. What’s triggering this uptick?",https://news.google.com/rss/articles/CBMi3AFBVV95cUxQemtzUmdLYjVhWFV6MlpOQV9sSmNLOVlVUzVjaG12M1pxSmdEOFZDWHRtNWVvemZhSkYyQ2ZienhmSkZMWVdBaDF2b3V5YnBaTmNUVDh6OEVRcUl5ZG4xOXJLTlhXQ1h5V1dwUmdwR29HVVlOV19BVzd5TVhWbE51NnNMX0FjOW5CcTlxWFdfZ3V2bWdDRFJob3oyTXpsUTlsM1pSNm1nQmx4dHlyZkNLUG5tNmttdERqRW8wckN5Mm44bEhhMGV4M2F1Nm5ZSDFCSmkwQWFnRVB4TXhf0gHiAUFVX3lxTE95YVh5OUxkLXpQSzVUS3hzX01zRWxZVTFfajItV2UxN0EtSVNmMy1iY1I4cThvTVB2ZjFvZXhibzlDRzlSb3BJbC12TzU3bVU0V21ZUXpSRGJNQ1d5T0ZJTWZGX29SZXdCZWg3LWZoSm1QdWdfVjNBellSUGVSOEp0MlRqTy1LQW55bU1EYlV0YlZEdXZYSkt5ZHNGamdZNmpOeFhBVFlwTXNZOXpIN0xITmdhWG1lX1NQS3FIeGxZa0pzNkE1R0pwc3FPNkRSTkNSSjRXeEJfTmlMT0JGeDl5dXc?oc=5,0.4210
MOTHERSON,2026-03-25T07:00:00Z,The Economic Times,Samvardhana Motherson International - Positive Breakout: These 12 stocks cross above their 200 DMAs,https://news.google.com/rss/articles/CBMi_AFBVV95cUxQQ2JmTDFMSmk5cGpacFZ2UE9nLW9ITFdHZl81ZDRoZGdJX2NaRVhobUhiVnlXUVlVU2VEVTJ5M3hsNmVvRzVnVTRvc3hDV080NWlNNGJpQTg3VUtNdHpoZWM3Vm5WbThKT2pSVmVhSTkwU3NRNU1kTTVxR1lJZUtrVG1GZXowSTJnY0JBNDRiMDl6VWNCeHZJZ1NKVmI5aVhCOHVLcTFrelJvdm8xN2F3VmdQRlNwRXV0S0d0Um52QnF3cXdjaUswTXhFeFpmUmVrOEl5djVGeGVaTWpGUXNpRDF2ZndlTmczSlMwYUdtOW1KYXI5Ny1NZmRwWS0?oc=5,0.8617
RECLTD,2026-03-25T07:00:00Z,HDFC Sky,REC ₹1.6 Lakh Cr Borrowing Plan; Shares Rise 2.03%,https://news.google.com/rss/articles/CBMiekFVX3lxTE1LOTM4RnlEak53cVRuei0xODVFTW4ycWh3OVNYTFo4emtvZHBhLUpFaFFxZVZkTFhDMzVZc3NZc1ZteFJtVzhhVVZfaHZOMTBmZF9PeElISEFhOGs0Qm9GMlpucFBfdlJocDgzUjZVT2FkTWM5SVBRSDJn?oc=5,0.9143
SBILIFE,2026-03-25T07:00:00Z,Livemint,"Why SBI Life is winning the valuation game vs HDFC, ICICI Prudential",https://news.google.com/rss/articles/CBMigAJBVV95cUxPQldtdkR1bUpqTF9GWkFyUUFmLUlWbnktZW45SHZsTnRzRHN1MXEzZEZEYjFsTHZCd2pteF93bGlJdjc2WHdWdk5rbzloZWVWRGJuUm04XzA2TVV2dmRKVHR0VG5vYVQwazNxX2xuV040clFDMWpNaWxCUkl2WlBJMlpNN0JmSkZBeFhXN3NxOC1INU4zTlZiZHdocm1zcUVfRlZSNGwzdERSV0dYcG5INWlKclZzZUVOdGdZSHRjTWZkN1FHOVBDaHh5WFlmVmxYRkhqcXFhZkFLWVBYaWpBR25TTjVnWjVGUF9nNUdfUUtKQ3puTHhnUEdjV0tHNEJl0gGGAkFVX3lxTE5xMVc0WHZNREZlLXhRczU1Z1M2RkUxcDVLMGh4eHZjTE9sX3Zsc1BfdXVxYWFzYnpMNlVWOFRVY3FHR3lGc1JpV3F6QnZfUFVMWGl0ek5DUHZUMjZVRk1aZUJ5SmtNeEItbFB3RzM3dUlhaWt0c1FIVXN3ZUNtcUtKeFB6ZGUzMjY2ZFdxT3ViUFlYbWVwdk1zeWRTYlRtR3JLQVZ0TlNoSl9NbktyZjFiaHhKaFFsLUREVFM2cm1sZUlCbEtoeGdTSW5YMWgwa21jS3N5TEZpeDBYWnN6T3c4TTNlUHFqWnhCR1lBdi03S3gxdTVpY09ma1FRT0Jka2Iwa0J3V1E?oc=5,0.1817
SHREECEM,2026-03-25T07:00:00Z,Business Standard,"Cement shares: UltraTech, Shree Cement, JK Lakshmi, Nuvoco gain up to 5%",https://news.google.com/rss/articles/CBMizwFBVV95cUxPbEdIV09lbzlJNlQ5Z3lfbkExRnZ0T1pSQkZnOWt6dU00NW9IX0Q2TkkxUWRyZDVRVGJQV21zSGcyMURXcWU5VWJsSndUa2ZCYjRROF9ucjZyRS1IRmY2RHVLTFZLeHVkUFZoMUt5MzVsaWltbkRKMU1hU1NaZ1BXY0k4MjNRXzV3OTdHT3lhNW9mZzd4Tm5KRGtIVzhVN3l1bS1zS0JkMHdvVDJfYjdobmh6aE5UbE40a0R4ZFlDSmFJSXZ3X2JpU09DZ1JERWfSAdQBQVVfeXFMTVROWFZTUWNnYkJBSmxLRXpqY3ozVFlNX2R5d3hiY2p6RDZxX2dVaUp4ckFRcC02QmxKLUxIbnRYT2oyek54bUhxV1Q4cmZMY3RJb2hrNlFJdVc0WnRRdXFqalVnYTd2Y0NySUhPSHV6dFVLeXJCTC1Xenk2NzVJUGhNWnpJeE16X0ZCcGdiTXRUdnktX0I1dVh6MWtJbmdyZjBqME9LYzR6cV8xTHlLNFJQb2FuWEZ2T01OTGZ1QTZuZW4wc0UxZXhZZklZZUtaTWpvLTU?oc=5,0.9184
TATAPOWER,2026-03-25T07:00:00Z,ndtvprofit.com,"Power Stocks In Focus: Tata Power, Adani Power, JSW Energy Get Bullish Target Prices From Bernstein",https://news.google.com/rss/articles/CBMi1wFBVV95cUxPZkVQalpQRzk3TmI3UFNEcFVNUk1KYy1TVVkzanZnOC02VllwN3BBaEUwZGt0S1l6czVvODBTWkQyZFFsM3A5WE90a2VaN3ZOR0c4elNVZ2F4VWNUcTBmYWJ0aTdjSGt5M2FmZ3JMOURjdEt2dU1aVi1VN3RKaHNQeEdzcW5JUG9PU1k0U0pvUUNEeThOeEtvc1dyZGpEZnlJU2JiRFdBbS1HZEZDZUhtazVKdlhGSy1hZ1JNYWJ4NXZOVmZSaXUwSkQ4ajdRLTJ2Tkk2NWwxWdIB3wFBVV95cUxON2x4QzcxT0F0VUlMLTBHWHhZNnBxWVV6TjhzRmJrcm9UQWgwaTd4b0NQLWc5aE1yeVNoQzFBSmRjNy1FODM3N2dNUU5Wa2hsLVgxTGNKeEhqdnRESUJzaTRCWVBwUGZjTzVLNTl5SVZZUFZpUGMtRkdfUWNTaWJhcnZKOVRfaktKdF83ZHZjd3dFRC1CTjBocU5uX0tYd0lXYnp2WHhJZUVkY2NVSnAzQkdnR1hVQ3VfbnlsLVB5OUplVVptUTZkVEpvT1RpdU14UzBTWDhxcWJHU1JqbThN?oc=5,0.1368
UNITDSPR,2026-03-25T07:00:00Z,The Economic Times,"Rs 16,600 crore in the bag! United Spirits shares in focus as firm finalises sale of IPL giant RCB",https://news.google.com/rss/articles/CBMi_wFBVV95cUxPdXlOYkI4NnhQbTEybEpMQ0FWTnpvQ1RUMjhZREVtdk4ydWh4N1hKeElWbXJieHlTQ19tRFFNYzk0c1hoQVFGa3o1S19kSlI0RmN5NXlvQkNSd0NCTURPWllqVEU4QUNiNUtOSjd0c2dsZUVjME1jSnR4d0lQNEdscGY1TTJBTTV5ZHc4R2VEbmNlWlQyUGNEZnhwSUlJT1l3c3JFeE5hME82d3Qya0ZwVmpRczhrSS1RUHlUN3BJaHhLWDBwazRqYjdGdklqM19obDRjc28xa2dVcFhYeUtpSER2REpHLTZ6U0dfYWpoNW9weThLOVctZ2E1Z0pEUVnSAYQCQVVfeXFMT3QxaDVPNEo3S3RITDQyY1h2VjQ3WERHWDlxZFhySVZYU1RUN1dPNG5waVF5V19IcTZicmtINVZudVE2cmJEallBbi1jUnBMbkJMbmF2dW1MT3p1OVAyaFZ4NXBwUG1sM0RMOXdCMWtJT0pWcldUNGlQVnZ5Vk5TdUV1UjAyNW9NRHJkeFpUTjVSbkVrV0MtX2Y1U0p1bW9wQk5EcVpYN2RhaFRnUHJ4YnZXYU1jRDdheDRicjdwQ3RkUl93S0gya0kxbkl0VXJFeGxVS0hKeWd6MnJIUlNJSnh0V3Y5bmZXUzVzZldrWUFPSFdiNWx3Yy16MzVnUEFtc2hmSWE?oc=5,0.1940
RECLTD,2026-03-26T07:00:00Z,Livemint,"Vedanta, to REC, Coal India: 5 best dividend stocks to buy amid US-Iran war-led stock market volatility",https://news.google.com/rss/articles/CBMikwJBVV95cUxNMG1aanNIR2RFNUFyeDlMVTZrZHdpS3BRTWUxd05rbFF6THRIRE5HQ1JoNWRCYUpqY251WWZ3YThlQjdMWE54Ty1GU213RDNPVHhidTdxTXYxanZSWnZEMk9ubUR2RVl6a1c3RmMySldKU1huak1rNk9mWmFYQ2Y2SjBSRDd0bXpVR2FFX1U2YkE5UzRGNWE4eUQ0WFFkRTJ2dDliUUVLWl9kMF9YQktOWGd0Ui1hZHk4c0JCcWg5aVZ0Tmh0UGY0VDlOMGQwX19NTkVaMVNfNkFoQTJrWjREamlUVUZsUUJJeXlMdTNJdGt4TFAtc2Exdkg5T1JRR21qNm9qd1Jmd05DWGVSc0NtQU9iONIBmAJBVV95cUxNWkVqNXIwNFVEN21jeGxJTy1sYTFVYms2SjVONkNzd3pHa0NOYlo1VGE2NmtBaGRwSnZrUFFKZExqX3pad2ZrZVJRdDlHYlk0RTRIc014NUF3TWV6c0VtUmU1V1FvQkE2TlMwUFItNDNDMkdyYkhtZnY3V1dHQW5iWWZmdjF6cXlkQ0t6MHEwU1cwZzM3NURCOGl3X0JiNC15OUVtOTh0Zk5GYmxRc0tJVWhlbFJORklHcGhQWjVLSTdSZ2FNZko0RnllaGdpamtVdmxnNDdycUdoazliYTI4dmhHWHAxYjZsLTR6NDdLT0dfZDRFSElPb1NUQU9nOXBUaGZGQklwQW1nZ0ZWeGVoSWtuZFhIa1Ex?oc=5,0.2302
BAJAJFINSV,2026-03-27T07:00:00Z,The Times of India,"Cipla, Bajaj Finserv & more: Top stocks to watch on March 27, 2026",https://news.google.com/rss/articles/CBMi4AFBVV95cUxPRFU0bXp2aDNoZnN2UTdSYzBraWpRUm5Cc00wUm40WGpsSmtmdjZQeFdhWWgtYVB1TFV1UWs2TFYxUW9aQ3dJMFhZNGctb2xyeE1PZ0hJV19Idzk0S29XOEhEbWk0RWRfWlZjRGpvVE5qOWJiblFvUnBjUVdaN0VIamdQcTV4Zkx5d3BHMmpDSUdUdEpsUTFRZU1Ua0pRQUdEcVRZS2xaVnQxQjRja0pGRUQxRUMxd0U5UDRJQlRBaUlBZ3BUVU9Xd1Z4b0dvWFdTVnBuSGVpdXU3ejFDSEpxeNIB5gFBVV95cUxOZ0M2Tlh1UDAxcnlnNExCWDB5Vy1VcjFKdXYtczlWdWF1ZGh4czRrRXRGbUlHeUxZVEcyenh1eVZlR00yUjQzREF4Y1RGTW5zZGVnaUlsZnNWTVJLRnlDVHRLLXdXRnpnLWhNeURrZDRDcElRNWlNQ0dyUzNBZGdXTUo4aDJWZy1MVHJDSi1iTUIxX2lMVWJRWUpYLXR4TXdEMm9telYtQ1czUHFxY3hiRTB5RHhFVm11aTFUNjBJRnJTSFg1Yk50c3VCcE96SENVWDVaLVB2OVY5Nm1uQ012Vi1zQWpWdw?oc=5,0.0152
CANBK,2026-03-27T07:00:00Z,Business Standard,Canara Bank may jump back to ₹158; stock may gain up to 21%: Choice Broking,https://news.google.com/rss/articles/CBMi1AFBVV95cUxOeE1za2ZaWnE5blpLSklsWVpJYlpmZlR5MFBiTzkwRF85U1dxZ1dEQkhRNi1uUl8weFhud29yNl8tN093enIySzdqNW0teDcwRFNHelpfU0ZySmpuVFducXZEb25xMlFVVEtrSnkxaFR4U3RlVEJEUUZwcTlxc0EzMzVqR3ZoOThUeVZjZTY0SVpka3NMeDZYUFptaWZYVWlXdjdMZFRmRTY4ckZodjNPSFZieFVWZGFtZ18tSkZ0YkVtcDFaQTRXaDJ6T1NqTTREUjZjQ9IB2gFBVV95cUxQWVQ5MWN5Uk52MlI0WHQtNG5jRFNPWk9Cd01BXzM2RnNZbHpFNldXZ1dFSFo5aGJHbEIxakRvNHhGZ0pkYnE2ZmlNRGVSNGlDMlJ6bTBYQVQ2alNvZ01qdzhiS1I2RVdLR1Q4OVVJMXFsMEY4b3h6Z2dISEp4VHpHbWZnZWdESnZfUGxSa0F0ZGVKVnoyZFdJV3Q3MnJMdGJiRDBwcnA5dTNMYXpnZG1BVWFjd0htb0xiZGV4WW9DbjZvYS0wazBmUF9zcVgzR0RQMWNZTTNQTlFBdw?oc=5,0.8078
ENRIN,2026-03-27T07:00:00Z,scanx.trade,Siemens Energy India Board Approves Senior Management Changes Under Regulation 30,https://news.google.com/rss/articles/CBMi5wFBVV95cUxOVC1ydEdqcGVYekdWeElTYnNZNlNQNzhFVzJlRVVKd3FTMkRIdkFWYUFLYjFUMU9SQ0NGbElibU5zNGRjZjZZdGxQakdrTkhtZE5mYlZ3bVBZaUZqeHdaOWhkd0hSc3JsUU44djJKVE9mVGNlY1o3OGd3Um12YkUxLS1YZEtBUlBKdVdOSzhaVTY3d2VmNGlTOF9GQW5qdjRMWUh4a19uWmFrclJGZGd4WkxncmxZXy1aOXJyM2JBbkRHNTZsOGJRdk0zQy05NUJHTmhobGxoYU9zdk94UWJLd2EwUklQdWs?oc=5,-0.0679
GAIL,2026-03-27T07:00:00Z,financialexpress.com,GAIL share price: Nomura slashes target to Rs 185 —What’s the big worry?,https://news.google.com/rss/articles/CBMiuAFBVV95cUxPY0lXOUdSbXpCYXg3S05LU0JZZGpyRmpvRVZ6a05UVmhXZUF2bFViMXpuVjVydFZIUGZGRmRXTURtZGRIejJKb2JGOFc2UGxuUWxrWkJ6OXRhY2c5SEswNlpFa0xWX05WckI4a045M3F0WWVSTng3aVpsQ2ZINnhsRmlIUG0yNGJoZnpoVC0zdS1MR0gwZnJUbjc1QVhBeGdpcEZ2ZUdvOERUVTRLRUlVVEpDaW1UNFpo0gG_AUFVX3lxTE8ycUI3SWxPZkxwQV9fdzRvdlotTmNYc3B4NnpjRXF0UFJZblB1QTRKMDVDM3JrQndSajNsRXpOS25BWnFHLWJ6VzV4aEZqOEY1bDhrbnZQejFVUURLVmc0bU9lUllNWnBDSDg4VzlNcFBYYzZjaG9HQ0wtVkpoRkl1eGduaFVWM2JzUE5CWFZSRm5mWW9BaXo5S1o3TVlIWXlSejZNVXNJVUI1TjE3TThwdnlrNWNYTVNpYUltMjBn?oc=5,-0.7938
HAL,2026-03-27T07:00:00Z,Business Standard,Hindustan Aeronautics hits 52-week low; defence stock slips 10% in 6 days,https://news.google.com/rss/articles/CBMi1AFBVV95cUxPLUItZmZtdzNjbDdUYjZUUklfb3FxOXVOWS1QdlZ1bTFSLXY1VndIalBDNV8wWlBoYlVRRE1mTXYxY3VHVU9sa0RHTV8yMndrek5NZEJzZDN0ZUNCTTctTmJoUDF6N2tObVVTb3J0UTRoWEdYR1I0SGl3N1VjUlpRVzBXdmhYNFFPX3ZBTzRuUWdfdHJNQ0hIbmlRWEx5c2RVQ1NWRmkxYjJBWWcyTGRoWnBXQXNicWJEdDg2QmtYUkZBUlU1YjRXOGZFemRSM2lrdkluYdIB2gFBVV95cUxNemtROHZSODItaHpwNkNsV0hDOEF0U0p6ajZhZHlNVUhfeXNDdUFvTXI3YVZ2UXd0VnF5NzVZR1laVDQxVUtkaWtabDlmXzR2WFljRmE4QzdKdlIzOHE1S1VybXBwdXUtVE9hVXU0N0Q3UE0tQTRIUzNseXYyZ3p3RF9ZSDJJYmRtaDNQVXNzaTVWR1piRkk0M2RqNXpKUmhrQ21xODRzMlRpaFVLc1lRUEJJNl8tUF9UeWxoZG1MSzV1SGNJdWw3LVA3dGNabzFKck1CeUxvNXY2dw?oc=5,-0.9554
HINDUNILVR,2026-03-27T07:00:00Z,The Economic Times,Hindustan Unilever - Stocks to buy: Goldman Sachs lists top 7 quality stocks that look attractively priced,https://news.google.com/rss/articles/CBMihgJBVV95cUxNWkVnRmFqeHplY1gxU051bFI0bk1rVFVncDRPd2dqSmN3cktreTJXVGVJUTFnUVlGRUhXamlfTWpTU1lpRGM2MUN0YlJCZzRVR0ZaQWJtY09wQUdYS01WaHFWdE81ZEk0RFFoYzFvUXZvSXVXQUt5ZDdRNDZYemJoQ19PQzV2LV9kcnlhS0RXcThPS0NDd3FZcFhXbmloUTVUX09wTlBlMHN4MXVHb0hmNkpJQmwyMkhCVEVjb2RvbEN5TGxFVWhnT1d4SUdSR1hiNTJsZnI3cTBpSnhUX1hxdHRoQldGTWNtTUFxVTlnQkFRUnU2TnlvVWRicDIyM3ZsNTE4cm5n?oc=5,0.1557
INDIGO,2026-03-27T07:00:00Z,Business Standard,IndiGo shares slip 2% in trade; Motilal Oswal cuts target price on stock,https://news.google.com/rss/articles/CBMi3gFBVV95cUxNVlgyWXYzMTdvNERhTjNrd21HOFNyazFvNTZaS2M2OEVJWDNUS2tyQVUwZmVyVW5DWFgxMzhBN25VWXJUalFPZ215dVBaQi1nSjlTV0E2bnRjdktxOFQ3ZWJYeWRTLWNIUm55UHJoUksxZTZveXlTcDVxQ2xkd1dRR0RvdmRKekxVYWhzcTlEMGtXY1h3eHpZYmNjZkl3cnBQbjFFVzU2WmVxazNZODY4bEZsRmRRMXJ6aFJNWlpCWndWZkVvX2M1cm9uSmUxX1c0X1hENk9vQ1d6RlRvNWfSAeMBQVVfeXFMT1VqRVVURUZ6RUNtWkthdEZPTmtMNVByQWwyQVBuSWFUQ0tZcHRPMVhLbEV4V0pTTjAxOUd3b0RfSTZBYmJFamp2M1FPS21ZS0xxZUxjWXU4bjkwbjhqeGY1Y1JEazNNNmRQODBsN0gyZUNWZGt2QnJMWmNwOTRMVzhTd3o4NG44Q0FicEx6LU5INkJ2b25CNl9fQnRLYU5OVGwzVGRGVDF5SFE2SW45djB4NV9GZFpxVDVGTHBIbHV0cHFKZUI1enZHS1pFaldXOHRJT2E0TkhjSS1LeHpiQ3FMOUE?oc=5,-0.9295
LT,2026-03-27T07:00:00Z,HDFC Sky,L&T Bags EPC Orders; Shares Slip 2.33%,https://news.google.com/rss/articles/CBMiekFVX3lxTE1KcUpEb3hma0M3Ql9MNEUzWDMtR0dGSUhEZHJkN0t1TUtxMDVzbWx1NWx2Sm5fOU5zYzF1dXNFbTlwajdaS1hOS3JDREY5ckw2cE1nSWJlVlhxMkNtS0hWLTNDZzREeHJ5eTZKcXdrT2RLOGdQN2Z5WThR?oc=5,-0.9595
LT,2026-03-27T07:00:00Z,Upstox,"L&T bags multiple orders worth ₹1,000-2,500 crore in Gujarat, Andhra Pradesh; check stock performance",https://news.google.com/rss/articles/CBMi8wFBVV95cUxNTGtHZkJJWm03QnlDZ2ZaVGh0ajJNTXBGYzhyS2s4d3JJNUpoemJnTmN1RXA5MUJIaDFtQ3BZQ1dnZ3pmeFFmYzVlNzZYNDcxd0w0T0JWaW9hMWxOdGdBN0lwbnRHZlhqT0VCdGxMalZINGczNGJ1d1pUbzUxdlhDVjN0RlRjSU84Mlh2S2JZZFAzWXE4TWR6WFpsQ0VwSGVJWktXeE1obU85OG84dk1YY19fZDh1ZDdaRGplTXRvcE1aTGdrRlozaHZNZEQ1cm0yRXJWTklaT3NMdmJHVkpUMFpNaTBOc0k5eHczTjBWQWJhQzg?oc=5,0.3823
LT,2026-03-27T07:00:00Z,cnbctv18.com,"L&T bags order worth up to ₹2,500 crore but stock falls on West Asia worries",https://news.google.com/rss/articles/CBMi-AFBVV95cUxOQjJfS3h1V3lZUXlSTjI5NWpNai1taDE1VFdGODlhS054VUVKVEp2TnliaFh1eXVtRHk0OXdvOV9fODJTSVg3MC1MMUx6ZlFaTFpqVVhuNm16bVlYek9ZZFhzTnJnQTdUTEtMZXNJcFdHaUlXTWs2NmdQcWMzYWFWb1c2X0ZHOFMwRjExQnBTQmY4NjZnNmVkamdwd1VxVFhFVU4wSkVpclhIUFNEWkt5VVd6akV0SUVidURhclJPaGdlQ05SeGJmNXdUd21CZnJSUDlGd1k0dnA3aDkycUN3c3FmWXZYWGY5VThjUV9qbGVTa3U3MmZhc9IB_gFBVV95cUxOQ0Y5U2NoajVtdHZCNU5la0xNZ2t2M0ZQaFJrZEt3bWIyeDlLOVdBdVlaTUxubHhEMEZIM1ZvLWNjLXZJanZhUXhSSG4waHdnVFFWUkVNdlZ4TWJLMVdKMWNRSkRUeDJYNzBiZk9yUXVoZ1RocnNpZDJEcmVxQ0hhcWtocTlOWjFyTlRDRUxFWjg1d3JvdEdKWldrNFhGTlNJT0VWLVdOVTdHVy15amtZR1pGdzZwWnBHa2I2dlJEZ1pSV0NibHpFcXhtS2lWS1RPazhRTFNQb1h3Qjc5QllhNnE1NEFxTDhQUjNwajluZ2dleVVFVVdBVGJ6SGNnQQ?oc=5,-0.9393
LT,2026-03-27T07:00:00Z,equitypandit.com,"Larsen and Toubro Shares React Negatively Despite Rs 2,500 Crore Orders",https://news.google.com/rss/articles/CBMiogFBVV95cUxQYkhtcGlaWm8ybDk0clh2akpMdjBRcFQ0N3EtSjdkdkFBcHp1Q2tQNlppRVYySDZjMkxxWVM1bk9JSFViMWRhYUsxTTgzWi1GUlZuSFl6UGxZZ0JjWEt1d3NKOXFYSjcwSzFNNkM5SFRPQ0JqNDQwLV8zWDBDWFg3Rnl0X0l2QlFZcmw0WTQ3WU1ETnNaLTdBMjNDZEdBUVZvaXc?oc=5,-0.9552
ONGC,2026-03-27T07:00:00Z,Business Standard,ONGC gains 3% in weak market; outperforms thus far in CY2026,https://news.google.com/rss/articles/CBMizAFBVV95cUxPS2psRmRIT095RjRQNHQzcFAwcGZHVzRSQmppUEY4Q1BzMnpjZzA3bldMMlp3bHI5Um1WYjZDeVYxaTktZWpyRXpsZGRjbmFscFdySVozYm5pSzdqS2k1WndyTTJmZktKdXBsaUJ6OWhkNGtScnV1bzlScENaY010U1NpNGxkRlM3cURlN2ZJVUQzNXRmcUZYVkJINDRRRndTQjNiUFFmdUViY1RDWnVxdU1ZV21xcHM3X3o3Ry1wZnZIdnk5NU10RTlZUHnSAdIBQVVfeXFMT2pfM2FicnNITzNaTTMwOGxMYzdaeXE4VHlPdFpXbWlIY0xsb0cycE94dnlVM1Jjc2tUeWZGLXgtNHZTZXZBek1xYVBWemE5X0ZjNl9YSUV3dU44X2wyTk0tTUVsNl9ob1BvSkhUeHFpMDZVTGZIWjlCMEVRRWJwT0swbzdLWEo3WWM5bXk3VjJXaTlCc2I2VXlqbV9KY1FPMTJCZWk3ejkxcUx5V3pncHBDdDFDakxvdTJSWldCM2kyV0lsNFVLRmEzYnhvaVp3RGlB?oc=5,0.6962
CGPOWER,2026-03-28T07:00:00Z,BusinessLine,"Tech Query: Eternal, Hindustan Zinc, Brigade Enterprises, CG Power And Industrial Solutions - What Is The Outlook? Where Are These Stocks Headed?",https://news.google.com/rss/articles/CBMixgJBVV95cUxOcE9TdjlpMm1ZMGJuX2VjVDRuNDZGN2tWZlJhT3p2em9tYTFkUWU2M25VTlpHTkJ5MThUVHlveUdTeEFVdmtNVXJNRjdIa18ycUtjWGt0Nk5Hb1REQUJQRFByYTNUSTdUYVcxUXlBVDNKZnY5X0JzVzk2UnV2eHRNbUJqR1N1THdVdDJnWk5JNnNLdi1qUXN2blc0bFpYeHpyTWpkUnpMUTI4Yl9tYWhqWmlPRC1EYkxVWnhHd2locG5kYldGUVJGdmlRU0t5eUZDQkZBem1iUnJDY1FsNVZsSjIzSDFUNllmT0U0Y2J6Mkt2OF9BaEVLeUFxRk5lWEotVXFHbW9tSjZ2YkpqbGpfT2FhQVdsaEV3amh2T2E4UEZBeXpEOWgxX0gzaFIyUG5HN0FTWWktTmdic2VlRzYxeTVVMko2d9IBzAJBVV95cUxNMTlTRnk2bVFpOW9PTVNtRElGYWg0SDBVRndmVjdMSXdXb1VnY2ZRNU5Rb1FfZTU3bWJpR3dwNUNvVDZCWUFRVUVaSzNfb0NIem02SENSQndXNVM5NFdpbmtJdmdVSF92dVNoU1RHc0FQbDhyd3QwcUlpenY3SWMxUFJCZnV3dWZOMmVVQXBsV2Q4Z3JYcTh2RUlES0RQNkQ4eFgzdEp3MkVPeWw2Szd6VFF2MDIxam9McXhEV3dpS3FNMjRZZ2hSbklmalRLT2E3bEVieHh4ck00SG5MTlZDVmpYVkdsTm5rU0hOaHhZUlZUb2UwdHZkOGRwNGpLVUFhaVlfMWNnelFXbVVvc3RrYWRGRHNES3Rqb0FYdkpzT2NVV3pFVndxdm53S2JkbnBzRVNqZmVKZ0Jlb1ctUnQ1Z0sxT3pIQTNQVVp3Wg?oc=5,-0.0330
HYUNDAI,2026-03-30T06:32:39Z,Upstox,"Hyundai Motor shares trade below IPO price for second straight session, here is why the stock is falling",https://news.google.com/rss/articles/CBMi9AFBVV95cUxOUll1d0lYRE1IdWQwNFdFSVI0Z1V6WmJmaXpfOXcySnJpMnpVRzBpczVQaGtySmtya0c3OHdYeXFfa2UtN18yQktoalg1RVdYemo3c0VSOWdqd2lkelNTVkFtaDk0MkNUaVlFTFlFNGxOUXVsNVFHWUNmWmJ5UE1OSTR3ZG9aTmsxTl9UcHNZcGVLaHVRNnNGVjg1RW9sdE9Yc1JxaGtMN3F1a0t6b3diM2U5cjVyd1B6R2hFcWJmQUNBQmNFZzJZZDhPSk5sUjU1amFoTEVhaGd1WGk5bGV6UEFEdFd0Q1FvRHBFMXlPN3lxcHRS?oc=5,-0.3896
ABB,2026-03-30T07:00:00Z,ABB,Noida International Airport deploys ABB’s advanced energy-efficient power distribution and water management solutions,https://news.google.com/rss/articles/CBMi7wFBVV95cUxQN0ZWaGQwNXdncE95RzhOVm9pby0tZ1FudXJwNEo4VEdadzZfejczOEpnanFxWWliajV0YnYxQTU0Mkw3UDgtSTJlSXRBZFVodDl5aHNVNjNhNE5CUl9DOU5LUTVteUVVQXAyakpic2FLR1VGVHZWY1RhcU84U1BWb25TaUNZeUFtYk1kQlYyN2c1Z3lDV25MU3FhWHNCVm9fUkg3ZkE4VU1aZ1pPNzJSV1NYMFdsQVpqMl9BVl9aazFJaTNFWHExSFRHQ2wwUWRtRFFIME94b21CSVlramZoUXJQaE1ad0R3TGpQcWJPWQ?oc=5,0.8581
DMART,2026-03-30T07:00:00Z,cnbctv18.com,"DMart-parent shares could rise 60% led by store additions, says CLSA's 'high conviction'",https://news.google.com/rss/articles/CBMi-AFBVV95cUxOQWJsa3BSWXhKN3FTMTdsR3FPaUtpYUVIczYxaTVBVWx1OU5sUnJlWUlYTE9FeXdsdUV0VHBMWTZpemJPenVZb0l5b3hySW9Ocnh3NnpaVTdIRjUxRmZDNnVicGh6aHpLRFduOW02b01GMzhhRmlZb1phX3JaRE9uWTNhOWVCVTIwN29oMnpfQ3lTeFpPRUh1N3VSZW5kVXBXNjNiYmlkb2hSamp0eDNtWERuckpPS2o0MldfMHdTZjJmYVNzY1pnWVphcE1tRmtoUUV1MmZCNng4NndtbG96eHpBQVVNSVQwU0lsTkMxZUFFbThUbkZDS9IB_gFBVV95cUxPbkRzVm1HaTJjbGk3TkJ0VW1QbUg5RUoyX2VMZnM2Mlh4QjJ3cXJmX0pTaVUybGhob0gteDl1c2htcjloTTE0aGdRd1FBd0g3VWRUVDV6TF9EU2NPVFdkX2hnTEFYcmNLWmpUNTVIbEVSc0tfbm85cXc2ZHFqd1diQ1FBNngtVkY1S29xRFZUdnpwbU40Rll0cW82VE5NZFd4TFJIMHZDUmJ6VjFWRHJwbU44ZmpfUG5vMjd0b2VMWVNHdl84SlFnV1Ftcy1KWjYxTWRwMEhZSGkyMWRCa2FYejFZQ0dJeTFpTEFFT24xeWZ1dUk0Q0hFbGQ1enYtUQ?oc=5,0.9329
IRFC,2026-03-30T07:00:00Z,SCC Online,"Cyril Amarchand Mangaldas advised on the offer for sale of 26,40,40,829 equity shares of Indian Railway Finance Corporation Limited",https://news.google.com/rss/articles/CBMipAFBVV95cUxPeDBnQ3JQZUgwckhYUGdtMHRmNjFDeF94NUlMeWQ5MHRjWjdKMl8tQklrVGo4TDZ5eE5mNHFDMFJSWl96MW9SSnJhazl3ek5oVTEwM3huZy0xVTBGTC1hd1UxNFFKWDdBdmNkOXB6YUpjQVpSQXlITHk2d1o0c2tsa1BLYVdZTmZuSU5IZjdIT1pYMlAtWWNvTzB2UDdDZW5MRTBiZA?oc=5,0.0393
JIOFIN,2026-03-30T07:00:00Z,The Economic Times,"Jio Financial Services shares in focus as firm likely to venture into life, general insurance business in",https://news.google.com/rss/articles/CBMikAJBVV95cUxOVkY0ek9KTG5qUkIxaURVRWpLQ2M0QW9xZDJjMUFhZGoxOVNEbXo2eXFyUVp2bW92bGVicmlPeDUwaG05MlFBWmFuRlJjNC1OdkpVT2k0ZVRwTGVTRHdPZlp0S01ydVRvazA3X3V6R1N1Qld5Ym9TQXNXZGJBNXlxeF9Fbm9OOEJESDZtbGtWMU9jYldVYUw3d3k4YkxOTS1NM0NmZFVHUFBXV0ZaNEpQZ0hKWWdZdTBwN0dJNDE4QkVORVZkZ2Z1bVFoUGdVMmVwU2FWU0dveWpRel8xRm84aDI0WlpGVmpyNWYzQ0toVWFyWEQ1SDR6b0xpR2RyN09xM0dzSnQxZmtoM2NKN0FIQdIBlgJBVV95cUxNM2dvdHV1bHlfaWp1ZlBBZDJBTVNzWGt3OE0wTG1ZYVE2cUJRRmg0czFjeWtRcl92SV9nTkxvNTVkTFdqSF9vUldULW5TUF91ZWxmV3hRTG9OWlN0TlB6TDg0TW5jb0VqT3VLckxDWnVuUVFrQkFfOVMwOUlmaUhnNDE4X0kwcWE4eXJmYVhqM3ZJWU5GV01zbEtUQ25kOVA3cGkzTFJPdlVNU0FKQUdTTnhEMTV4d2hnUklfWmxqVHBVNE1XMEdzcm94VlNBSnVXSkNkWGtXU2ZfMEdvMXp2WGhacUtIdzNOZVUwbWhacURpdjdkYVpYX1J3SG5zbndwY3M3d2pyMTNIZUg5UXpsc29BVzVsZw?oc=5,0.5425
JSWSTEEL,2026-03-30T07:00:00Z,HDFC Sky,JSW Steel JV Update; Shares Largely Unchanged,https://news.google.com/rss/articles/CBMijAFBVV95cUxNbnB3aUhtc01mdUFTMi1WQnRVeGNrbUlITVR1eVVFZlc1eGNFeUtNZGpaRVhHRTIxby1ackxZdDFjaHNvZjV1aEtXVjdzYWl6TkhNd1FqZ29CNG9KY0NxV3VYVDF4dGZNSHRuTWNYM3liSmQxTHBxeHg5MTJrQ3ZRWjY2Z2xnYlpfM0RFNw?oc=5,0.4391
LODHA,2026-03-30T07:00:00Z,HDFC Sky,Lodha Developers Raises ₹500 Cr via NCDs; Shares Fall 3%,https://news.google.com/rss/articles/CBMiekFVX3lxTE5lRzhzT2x2SEo3ZzVxYzZRcE0ydVlEdzk5SFpTakx4QW02MXp4dUVELW55NEN4ZlJLa0ljQUdBaTZmaDBLXzVCN3NGRklCUEhuMlkyMWpVcTRoTlRPaW5YRnQ3TzZqX194U1hzZFctS1p0XzVTMUpvOFlR?oc=5,-0.9552
ONGC,2026-03-30T07:00:00Z,ET EnergyWorld,"Renewable share rises; oil, gas import dependence increases: Report",https://news.google.com/rss/articles/CBMizgFBVV95cUxPSDFYcG9rS2JoRmRhRXlKV2V0QVM5cGdoaGxUM2VXLXZuSnBENklxQWJXQ0tLeXFhRVZBYUppZWNNbnB3VWlzaE4zZ1lHQzFRaTZBYUExMFp2WkdfUTlxRTFVb3NEMGFPQ1JpdTBGXzdoZTMzYmVwQ3FrZnpRTW9BbWNOakVzeXM1bWZxTHF1cDB2ME9mVy1GMldhZjZab2l1b3VQeWJUeGMwY3dRSUxmTnYwM0xvdGFiZXNwY2h3WmVmWmZjWWF1d0FURTc2QdIB0wFBVV95cUxNWGxYdmNLTWVaSUZ3SVpKLVNmY3JwYkVPazhFQW9Mam41UkNudld0VkRiS2pvOUxCZTNBOG0yZnFWLVZFVV9rbGJ3Y1JUR1FKSkZoSVRTcW9sS3lCSUVjbTZuNWZlQ2RXSFpYVHJQdUtzanM5SlA1cktWaEtoUlNMUF9xOVZrOHJJWHYwN0tFNmI5WDhOOVhVZktaTl84VzBqMjgtY3AwR1RaS2pRbVczcE82ZHk3RFdnWE5xcWdwNGhOSC1IbHlrSzZyeGVqZEtod09z?oc=5,0.8929
APOLLOHOSP,2026-03-31T07:00:00Z,scanx.trade,Apollo Hospitals Subsidiary Acquires Consumer Products Company for INR 9.00 Lakhs,https://news.google.com/rss/articles/CBMi1AFBVV95cUxOZVV6WUc1cmtLd3l0U284WTlvYW5VOHVUT0VaZl9zTG04X1RwZ3pCNGhHd25JUDFLUGhaNmJRZmpjZUdneFQ2dUxxamNqMHVldUdhM0pXNGJFR25ONWtnVUV3bnY5N0kxU3lENUdGRTRyNTBZd0ZSTXBYLVBpMGRxNm9WS1pHX1NxdjBWN21WSGtGaHFRanFVR1FRQ3JSMWY1NndjNTdoQzdGRWNxWWxSTC1vYlk0LVJJSmd6ajVtWGdVckdFaTdLQ25MejBMcnhNTWlYcA?oc=5,0.0760
