symbol,published,source,title,url,sentiment
ENDURANCE,2026-01-01T07:04:10Z,scanx.trade,Endurance Technologies Reports Insider Share Purchase by Designated Person,https://news.google.com/rss/articles/CBMixwFBVV95cUxOOVdwTW1RX0hYTUpfX1VzZE1qRnB1Vk5Jc0FUSmVQLTVJYUxUT0xFaXh5V18zYzNTbkM4ZlNHOFR5TENfanVKZEVDVGFvT01xRnBJSkNoWWdVeW9yTXZEMUY0eUFIcTFKa1hPZFlEeUhNVUM3MWtGZDBVazdjYzlXa0FydGtEMFE5SW9kNHM3My0xelVzQjB3NzlnZzBXWUljTmIyblZlZllfWUZyaXBYY2hJeS03a0c2N21Gd0Y2YnZ1dFVMTVdn?oc=5,-0.1017
BLUESTARCO,2026-01-01T08:00:00Z,simplywall.st,"Owning 35% shares,institutional owners seem interested in Blue Star Limited (NSE:BLUESTARCO),",https://news.google.com/rss/articles/CBMi2wFBVV95cUxOeU1QYnVjeU5yR1I1ampMSm1BaFhXR3M4bWZhOC0tdXBwMkIzNzhTX2lBcVhTaFpfLWdvaloyRnJibldpLXlyaUZGa2hNYkNhWm9zNVJPOXpxLWE4cnBtNnFOWWxxWFVaVmVFUGZXdmxUYXF3U2NQRy0zTHdra3Q5cjdyTHhsN19xbzNYTzVWX2RoWmFBcHp1cnp3b2FkN2Q1eVhSVUk3Z2VxNFRRZndtbm1VaVBvSTk4ZDNDdUVnTE9KdkNQelE4blpxUUtUbVo3Y1R2Y1hnMXZyeU3SAeABQVVfeXFMTnUxRmg1NjJpNXhGVzh6QXNDOFNnMWh5Wndhd0wtTk5VbGJIcDhZQ2g1WHowN2VMQ2JZS3BVWjZpNkhIcTl6R3hnaEhvU2xDY203RjVkUjlOR3BGZmFTWDQ2WlpsU0M3X2wxLWpTdmQ2ZGxBSHhkYXViQ2tLUXVseHZUTnFZcDR2cVE5V0VPa2N0WTlvTHIxUXp0bUdta1k5ZDE3Q1RoajBUNllNZHhIeTdTc0ltVmZZZy1Fc19NSXg0WmhJYWltZGNLTzd0YzF1VnJHZzhhV2ZvZ3RTOVN3bU4?oc=5,0.1299
PIDILITIND,2026-01-01T08:00:00Z,simplywall.st,Is Pidilite Industries (NSE:PIDILITIND) Using Too Much Debt?,https://news.google.com/rss/articles/CBMi3gFBVV95cUxPOFBlT0dEZW1saWVFd1d2VjFIRnBycnZSSGY0cVh2aUkyeFFkVnlMekdJNHJ2bjJ0MHJ6aFRoRXhhdm9TQmZlaTZNZTZFYXlCcmhfaE9tcU52eEhJeGx6cGtZN1huMldwblZ6cVNXbU8yWVRZVFN4aUU1bjhDck4xREczOXFFNGFReDlDalUwTWU4SlZiZVF4Ti1iMWNNQmZ6UzAtcnY3ZTUzVlJsZGxXRnZ0OEZEeU96OEJ1SVdxaW9TblpBSW5PenVjemkzSUxfSTFDRi1lNmFlNnJpSVHSAeMBQVVfeXFMUHk2ai0yTHljS2liS0VLdF96V0RmbVZjM3F5OUJwSUdFbE5PUG9EcmRqWHRFU0JNRmpNUlExYmZ5NlBhZjBoUkg0dDd3NkMyclJVSFNIb01OUURMc2FqM1AxZjMzSFg4d1M0Rll5bTF5VzZpVER2Znp1NVYtQ1dZWlU2ZXhDUmNya3ZSbF9WUUV4cl9UUkVlbVdLalc1SkUzSG54bDdpMTh4LW1ydFlMUWxzZ3hNNUExODZaZWhnQXMwSkJsZG80dWwzcjVaNWowT05pYnRzSnotRVJzNHJaQk5ybzQ?oc=5,-0.7725
LLOYDSME,2026-01-01T10:33:09Z,scanx.trade,Lloyds Metals Reports Strong 9MFY26 Performance with 50% Iron Ore Growth,https://news.google.com/rss/articles/CBMi4wFBVV95cUxPX01PSFdzNUV0bzB6MHNpZWpvdllJYzVvNUFVQnd4a0VFUnl0MHhZSi1WTHRpM296WlFrangzUGpUQXNnamtPQldLZ1RNaWxyVkM5NWlDMDhBZWFqbC1oWGVHSUdfX0h2TnFlV25hOXJHak9OZElKWHBFRzctZ3phdlV5NnRFZVRpNzAtd2Y3WHpucEVyUHNJNGwxTWFyY281MmM3SFltLVlzSWRwMjFUUUJjQ3pheTkweGlsVENyWHhQbGlveS1KMTlMUmZUN25mU0tSeFIwZHlLcG56UnBQYUtpWQ?oc=5,0.9381
BOSCHLTD,2026-01-02T08:00:00Z,Business Standard,"Bosch, JBM Auto, Igarashi rally up to 12%; why are OEM shares in demand?",https://news.google.com/rss/articles/CBMizwFBVV95cUxPWlhjN1hKN2RuazI4eFI4RGVXemRMcnBjX2lsQTN1UEgyLWNBcF9RcURHN25SY3lWRWxwTFBHYUpJSVRMQVVYMWgzUUdobzl3eW1YOXRRRlppZ3RWbGtZd0NoOGxJWFJRcHU5dUFEbW9sSGVRX1RJd0NpemFFNS1RTFowSzFrU2hsLXdRRkpXUTk5UUFoWnRISHNuaEZJUTZfWjZLdi1TQ09ZU0ZhZVdyOUpjV3hLOGVFMXpIUDNLcXM5VHFtYjIxREhnWHhtdkXSAdQBQVVfeXFMT2VJNmVoREVlLTh6NTkyNkZGQm9SSDVIQUxjY0JweUd5R1dwT2J4MzJkdmZqaFdSU3ZlMmVtWmh2NExuQzhybzdZcndpR1AxNFp2RGdRWTZnbmNvRG9PVVZ5MFhyQjhtX0oxWmpFU0E4NTY0YjZrbEFKMVFXSDJJa0NJVUlYNnJGMnBKb3FoYmItcjBYc3RDYXRCWkI4ZVlVTGlGbUdMT2J3S2djWXhBWjk2RkxWR3Z0NGp6RDJ5bF9tQU9ObEpwZTN4NzYtRFdzaHFiNVc?oc=5,0.7271
CUMMINSIND,2026-01-02T08:00:00Z,simplywall.st,Investors in Cummins India (NSE:CUMMINSIND) have seen enviable returns of 650% over the past five years,https://news.google.com/rss/articles/CBMi3wFBVV95cUxNbko0T195cm5jYzdjWkYwcGx6UzVkY2NVeEFFVTdfR2JraE1DdVJ6V3pqXzhOQ28tWjFpZE1DOXdkbVZfNUY3WHRJWVZOS1dsRW1kTzE5TFZrTGRpTWlJTkREUkVtSjYyVUhENFg5dnY4elhILVkxeW5uSFhpNlN0X2xHSXVkYzJHbFRkVFNjRUZDMFhMLXNLdDBvQndnMGY0Q0ZvR1hUYlJDVUxZQzlqSFlqRGJQeE5VTnpicVAzWWJwWXprQV85OXo1S2JjYmFBTmNjc01hU0xVc3d0THRR0gHkAUFVX3lxTE12MWppYlFvVjNOLTZRQTJTZmtYNUlXZFlVSi05eWxrc3dmd2hyNC1KN240YmttODN1Tm1OaXZra21hLWJOdlVLM1lZalZwcXlKS3l3ZzZDdGc3SzB5NVo5VExFZjhUS2tFWklwSWpRVHVDTnVZZVVjSU91TWx0RDFHbVgzNmR0UEpwT2RiZGJLTTc3Z1hNdXdpOXFVSFlFaUdpYkRISTFwRTNyRDF6V21SOEk2THFEQU1NUGJ0VV9KMlNPYVlDbUs1bDdJOGFyVng2cWxwcmJMNFhBUU1GNWI0QS1FaQ?oc=5,0.9224
DALBHARAT,2026-01-02T08:00:00Z,simplywall.st,Earnings Not Telling The Story For Dalmia Bharat Limited (NSE:DALBHARAT),https://news.google.com/rss/articles/CBMi2gFBVV95cUxQT1FzWWhaT0lWLTlFVVBfQ3ZvUDI2QVVXbUQyTGxYVXJuZU9oWGVTaWhIMV9HRHFqZ3g4alVaN3FKbG5FOFdmc2lyR2tEczRmeEJ3TjBVZFlWd19pNXp5YlVzRVFTbUpKR3hLN19TbDF1cUVGUnFMdDFDcXo3OUd6YXkzVFZuY09aSFJ5VFVLWVpCaDFmUHk0b0lpdWViMzJpNTh2bnVPOG4tWTlhLTdaRTBLNmM3cVZINjdiTW9pd0tVdE83MG5hdWdTaUFwQUlnQ3Z1YWZsLUFhd9IB3wFBVV95cUxOWUZ3eWN4cDJsWTNCUG5Fb3RXSEVGM2F6N1ZZc1B1LTllaHl6U0VWRTVFVmRPeXRnb0JKUHR1RTBMcFZjVk50MkZMdm1MRVBUaDhJX09kX1NJXzBpQUlXZ2VwYXoxdjlxeFlseFluNTFuVU9BNENva3lqd2FpWHMyd0xaRWdGYXlrUlI1anVSNFN0RVlnQWtIaGdaem45VHp5Y3VCSmVWeV9EN19jM1NkVnJ1MmFnNEpRa1hkLVhDT0EtVV8yMHV3c0QxWVVlX3lxYXRITHZiYnRMZXpzZXVz?oc=5,-0.0492
HYUNDAI,2026-01-02T08:00:00Z,Business Standard,Hyundai Motor share price hits over one-month low; here's why,https://news.google.com/rss/articles/CBMixgFBVV95cUxNR3ByckRDQUxiUUpfaFVyWnVORG91NEF6dG1nOHpJSFlmV2RYeVpCYjRDdVRYczNhWURwRjM0cVJFbmRhTVpvZVFWbTM0ZGJUSHczenVQMlVCSk5peGtseVpweFdwWk9CWUctYkFUN1oxSDNDMFVac2JJS1FLSjRtdGFYbDJ3Y2FTOVpIR2ZEazdNODR2VFRyMXBHZ1Z3N1JMNlhmYUM1OWpLeTVfN2dPdWxMMWNGaE9UN1UzdGwxZFhVS1l2bGfSAcsBQVVfeXFMTTFHcHBISzJralBwYm9BdEZ1SlJCUW1VRHZJVldiTFNBQVlvc216NEJzem4wV1BBLXJudFlIUzI0ajlYT3lFM3R4c3REYnEwdzBFS0R1TlhYUWZZWmlLcDV3aXd6OXdLNmNnYmd1UkNjZnBWWTF3WGFmNzNRNHdSQU5NNzVPa09RWnJjZ1YzMmF2N2QxS0Y4akFGNEZ0YWR2Zy1QTFBUQUw1QTVOZkdOUEU2RGFDZWk0eHZJdXpMS1huYkJQWWQzX0RmU3M?oc=5,-0.7658
KPITTECH,2026-01-02T08:00:00Z,simplywall.st,KPIT Technologies Limited's (NSE:KPITTECH) Stock Has Been Sliding But Fundamentals Look Strong: Is The Market Wrong?,https://news.google.com/rss/articles/CBMi3AFBVV95cUxNLWtocFV5a3gzOUpYSmJtb1UxbWFmYjVoZ19yQXFqajdQWVJrTldvN0NGVkJLeVJZOGItd2dWazJ0MVNOVHdVUWpEWFpBSVAya0ZTZWVZbmUweTdUWWZ3NGxSS1lxTkVFaV9OX2JQbm9HQ3VUclk2N01HYndEd2U4RlVrMkppQmhid3BBcEVzVDlWcXBjUmVBT0J1clo4Rjh1bDQ3cDh2YTQyYWFybDdYVU9yamNFdGFBODFGY1F3c1NfYzhwRlZjd0NXVUUwMjdZYU54T2w1MlFLM1d10gHiAUFVX3lxTFBXZ2tEenUxM1R6eHNEZFV5V0ZXb0lPUWZ2MnN4bzd0RzYxekNJRlZRQTlFRGxNcVh6UmRMaWoyZkMxY1dxc0F3SXNEZXNvSzE0emlJcEV6ZldpLUpKR2Q0S0RDeDdURERGMExWLUFoV256aTdUQzkzaktsYUhfaHlQN1d1TWQ3TFVnYUQtS1pyZkJTRkN6ejE4UDhTbmlrZTMtSFhwTGw2ajR2RVhoWlNqczVzdnkwSnk3WkdmWjNJYWQ5dDR3MFQzQkhCZFA3dU1GNDFnUzE4bzh3MXhVOHZoc1E?oc=5,-0.9399
LICI,2026-01-02T08:00:00Z,The Economic Times,"LIC's losses mount to Rs 10,445 crore in ITC in 2 days as stock plummets 13% after tax hike",https://news.google.com/rss/articles/CBMi9AFBVV95cUxONWU0UTNYOHNOSXhmUWxRQXNraHZ2cV92WEg1c0lPcndXVFVMMlRhZGdENmg0d0ZtaDNXX2E0cEtHaExPRXZrWXFRMl9ieFpVTE9YaVFwcmh6dW9ZX3NvWnBKOHdaYkhoS3I1cDNuSGhfLVBEOGZJZ1dYakpxNlc0UG5PTjJKVDRtOExqalEzcWVqOGpremxUNXdjSXkxQ1QyUUtneERjdHRtOVpqeXZERWpGN0RlM2J4eEs3OFRaNWJ5Zi0xWk5Gb3RPQjBuU0F2WGxhb2k5N2RrVXRiQzJ0T1dWRXplVmtjczhjUE8yYWVrenNM0gH6AUFVX3lxTE8tNTN2VkNTQmlQN0VtdUcyUTI2b200aG84MFowc1U3RXpTYjluT2tKbnE2SVZKUm5nQi1zcTJUSUstb29ZcTN1X0F4Q1BtQ1J2VDNhMkJUZG9faWplY1RBWUZfMmZxY3diTEJCa2s2bFlNU0lnVTViY3VDcG1ETGlHRUJXQlJxV2lKU0ljdkU5QXVVdWxXRERQSXYxMEVudUhJYkx6WkttOG5ZVzhmOUQ1MHVtYkItTk1lTjV0cjdLVnUxa2Fxb0FjSEs4VEtBM19FSHYxbFpXNzlhb09GNXZQSnVmNVpIdXpqc1FzZ25Fa0lSdWUtU0h4a2c?oc=5,-0.9636
PFC,2026-01-02T08:00:00Z,The Economic Times,"Power Finance Corporation - PSU dividend stars: MSTC, Coal India among top 10 stocks in yield chart. Check more",https://news.google.com/rss/articles/CBMiigJBVV95cUxQem54eGNZSThnT0ZzRkhGOFNxdVNBdkkzMmhUZGUzWlpWT0xKS0hnWHBQQlpRMDNnWFI1UW43bWFMZjZtaTgxWC1RWjZoTDNrYVVoVVpiOHhKNkw0OXlxTTcxc1hIbVo5UmxmaDg0Z3ZZZVEweXRuaGhtTEI4TExzcl96V0ExcGZZakhtdm9TeUhkTU9sbHhXelRRb3RlekFnczEwbEcyWVpLay1ERG9rellIMHdyOWxFTm5fa2dIQ3pScmhhUDZHN3hXS1B2NndIay1TUFg4VUJpNlhUdlg4cGhVd3hjSlVoaUk5c1dFTXFta2U0Q3A1X2pOVWtkUFFTQ214WlN6Y3Nudw?oc=5,0.1146
INDHOTEL,2026-01-03T08:00:00Z,simplywall.st,"With 66% ownership of the shares, The Indian Hotels Company Limited (NSE:INDHOTEL) is heavily dominated by institutional owners",https://news.google.com/rss/articles/CBMi4wFBVV95cUxQbjJtbnFBNEFpUjM3b3RteG1pMzhydTBUX0QyY09mWGp1ODJpTU9ZdEU2WHJiZ1RfWEVHUWozYWplelNVUDE4aE9fSU9DLXFoVjY5VUxma21hUTdTMWZ6djNGYmZOWWpYcV8ycS1UN25fejdUUWhUYlNoUHpoc2FRNU5jX1JzcXlrcjBWS0dLRVBST05yNlcxZzBNT1dOUDRGdEtTWmVyWnpMS0F3ejlFWkNmQzNRbV9yR3pZdkEydjU2VktWdzNhblIwbndLaG9mNjBuWF9uV0NveXBiUm1NWVBZUdIB6AFBVV95cUxQck1ZT2VJRjVaRVMycU8wdjYxaWZCeDNQd0huanFBbE1PaWxNTWVWQzZFQkloQlE4ZUo4Z0ZlRnlwdldlc05qaHBwVHBjaFFaOHczWFFwUGg0ay1SQmxveHpOdUNEUkNsbW9JR2UzbTRQb3J5dm90c2F3VFZicmVtaFhUUE9VMU14Q2VGNVJ4S1BYd3ZZb2huTXZmbkRzMDJpVkNzVWZPZDRKSDg5VFhTbnVqMEtPZzNrX0FWdFR4SEthaFVRWVhXTEpRV194c2Nvc0xsa3RNNGktdTNfWV9la2NOSnNtSzd6?oc=5,0.0389
JSL,2026-01-03T08:00:00Z,simplywall.st,"Jindal Stainless (NSE:JSL) delivers shareholders massive 58% CAGR over 5 years, surging 8.0% in the last week alone",https://news.google.com/rss/articles/CBMi1gFBVV95cUxQOEo4TlIwREdDeWs5UW13ZE5MX2ZOZ2x3NXJhUmFiWV8zZTdGQVAzdVhXRGl6MjhscjhwQnRKTWZEWjNtbXBNZEo3dHhLd0ZOdVNraE1Bd29nY25JakdLUll4NHZIUzk2QkhJSnRMYm5SMWFOZGJmeG44YThoUWM1SzdhcXJWdzBPbDBWSF95VTNoeG9EZVBsRHU4MU95WUJYWlBWeWJ2WFBMU0dXZ1FmSFV6V0czXzBOTWxPUHlzc0VmZDJqc0g0dnNGZzhGTy1MSUpYTlpR0gHbAUFVX3lxTE55Vnd0NjNNZU11dFVFZnF5V19NNTlCa1V4YlRqT1kxMGVvUDYycmNWNnp3NnNnQklzUU5yWXl1V0trWEJtelhmRWtId19TTklWZmtBN0owUUVWZC1kSmtWQVA2WjVyYmIyNFh5aXhUV3JSdnJVck16U0x6YV9udzd3cUNjV1dtZFFaMUQwYkw3SlZQbmFJNmdDUHJJdGFnWFlkVmEwTEVKMWRDMTR5ejJiM0haaGVpRkZ6b19wVjRBNmFwWXQtbUVlamhtbWRoQjViNXFRZjc4OUJ1NA?oc=5,0.9192
LAURUSLABS,2026-01-03T08:00:00Z,simplywall.st,Laurus Labs Limited's (NSE:LAURUSLABS) Financials Are Too Obscure To Link With Current Share Price Momentum: What's In Store For the Stock?,https://news.google.com/rss/articles/CBMi7gFBVV95cUxNVDVvZXdDR0pkOEhfdzY5dWc4X1BOekRGME5IWEhJTDZia05vbkQ2WWhia2pUOXA0NGlnTTlsczE1YV9pZ05Ya3ZYU0V0a2xoUFBOenJRQjV4UV8zb0lRMlgtZUF5UjB1TmVTdFg4RkR3UGxXMVZuZkdTc2tRRXpVdTdpRTNWeWNYTVZZTEpXMGdjY1NiRlRvZTNHa3g0Y2pSUnJfcThWRGsyRGVmN3plNDJmREtXUXM3X2tha21LLXhhaXpiNGhNZ2JyemJEcGZaQmhoNm1WeHBfYW1sbXRRYXYtVVdhQTNTTkZ5U19B0gHzAUFVX3lxTE5fdmtnRlZZRnZ4a25pWU5WTnIzZ2ZBZlBhVElxVVl2cUlyWDJhZGF0OE44NHJjQTFfTUs2bzJFSHU0eE85M0ZEYi1fcUZvcW5oejZWZUlsbDVhT3F3bkNPb1BjendwZmNNU2NlQ1d0Vlk0WnFLVWVrNDQ2LVdOZUpxZDE1S085SkZiTXFPRkFDQU9RTDJYTXA5WHQ0c3R4ZUlSU1ViYmJ6SHo1Sy1NemFLeWFDU2tBQ2FhdzJId2s0VkV2UDB6Mi1sV3lnVFo3WlppdW5QanQwN3MzV2Q3Y3dJTHQ2Qm5JOXJRNTMzNmlRTTFBRQ?oc=5,-0.1145
PFC,2026-01-03T08:00:00Z,Equitymaster,Where Will PFC Share Price be in the Next 3 Years?,https://news.google.com/rss/articles/CBMiuwFBVV95cUxQMVBXenBEQ3hheFE5Nm1RN2RQeHoxckRQTVJXcDdDb29QYzRSR3RzbllsX0JlU1V1aExacVpwdlZ2X1FQY2FqVTVNcWpQSGl5cDlDakJ0V0hPNnFwWHc1c3k0dXRkdENCUW0tRDI3dU9xT01WUHU0WURsdEd6QXhmNHFKdXNpVzk1WHgtQUNkbGVtSHU3bjV4NldMaGlkeXJfMlA2SVc0QTF4dFdkbkt4YTFtckJXZFF1ZmZZ?oc=5,-0.0215
UBL,2026-01-03T08:00:00Z,simplywall.st,Getting In Cheap On United Breweries Limited (NSE:UBL) Is Unlikely,https://news.google.com/rss/articles/CBMi6AFBVV95cUxOTEpjamVuR3hVV0lQLW5nak1iNW1Hbi1WZnp3eXRIZGpfa0FOUW52VG9wYTlQa1pKaGtkU1BRajhsRndqY2dkTDU0YWtBVVZQYjRGS3NFRmVFVTRzVkRiWXU4M3N4Qlk5YTk2SExhNDRwOWNsX1FxLWRzRGpYaGZZaGdMRnlKWjJQTFdGN3lPQkpjcjZXNUJSUWh3WGlsR0xrVjBDRjVNaS12Ql80U2lHamFGbHNaN0t2SlBiWGRhb0xGM0t1bC10eWhPVGRMemIwN0NxYTE0anZ1NEhUbWhtQW9tT0NYaHRu0gHuAUFVX3lxTE4xNkFkQklZblc5S3c5em5idmpFNjl1UTVtTHpKaEJFTDlzdzFPa0dRcFhtcmVLN1o0LWlnb0hHaGJQSkxUZ09ZbUtRSjVSSVVudWc3RDZhaHlqVDJST0M3bFhxTmhSNkU0X3J3V3p6TW1xZ0p1UjVwNUFaNnUzRFdjUEdxYnJVN19UNEFWWXI4bDY3RWdkUUtBUlN6N3BEa2I5WHpDbE5WWmpsVFB5OEtXakJMaXJyQlFYVU5DZC0wcFZFWXdzbFdRLTg3NXdyR0pha2dra2FaU1Q2Y3ZDZHlGRm1Vd0steGF6dkZ0U0E?oc=5,0.4867
CRISIL,2026-01-04T08:00:00Z,scanx.trade,"Piramal Finance Receives CRISIL AA+/Stable Rating for ₹24,000 Crore Facilities",https://news.google.com/rss/articles/CBMi3AFBVV95cUxNdG5qYkk4Q3lydGJsak5nQkF6Y0lqZmNGRXQxejRDcDR2c3FRekN0OTNXY3ljdmhVdjU0TEk5WTNPTmRTZnRPcjlmaFNvTXVjODZncUlabTFtNjNqM0gzZXQwU3RSOGtnT3l0Z1RpLVJIUGZBc25jQjhVUW96UlBHQ2tTRGR5Q2hPdFhPeWFIdnQ0MU5wTmxZNHFyQ0pDRXNXNjJ5U1Q4MG9VTjdsTTdiR3hCYkJSMGRBaWgzVDVZRk43VDFFME5pZG9QRUZwOXgzWFdZUDExVkxRa19C?oc=5,0.7431
IRCTC,2026-01-04T08:00:00Z,infra.economictimes.indiatimes.com,IRCTC scam case: Lalu Prasad Yadav approaches Delhi HC against framing of charges,https://news.google.com/rss/articles/CBMi1wFBVV95cUxOMGtiNG9kTGFHZ3Y2dFF0N3ptQV90amV2OWREVjVHTEdYS1BFcEJRRGpMektvdDUtYXNCZ1FFYkZSX0R5Zl9jX2lVZjJWQ1Z3Ym8wdndxbE5wVWJzdGMxSGVaRUZ1UHFSN3NyVjJWRWVPTHF0RmtaNGZMcUQwVFowMDh6X011S2RXZzZhWWIzQnNNckVMNVBGNjJvV0cxSS1hd1Nkc240TzY1c0dEQktUaURRWGtIT1NQelJ0bDlqN2xDVTl1N3pXRzhpRWY3ZTRBZ3A1b3Roc9IB3AFBVV95cUxQS3I5Qm8zYmJUSmVDTlhxZkxWd01wRUk3dmtfYmUtdEFfTXl6eHlKekFjMmR4TEVRLXBDckNPaEhrMUtQQ01JdXBqMnQ2Nk1vYXBiTnQzV2h2M2ZTU2ZCc3R5Z3lpRzVQZzNoR3lXTi1JYmxpWGR0Ujc4UTJsaEdfWlNIZ2ZWRmJJYlNhMG9Wb05IOHpVYTB6YXZDQ1RmMHY0eEVoWHFGTnN4c2JwR1NtZ25zMVpVQm9rVDA2dFlPaWtjTnJKU0c5TEJ3c0VUeEVMeW9xMjU5TGxfYkg4?oc=5,-0.6481
MAXHEALTH,2026-01-04T08:00:00Z,simplywall.st,Is Weakness In Max Healthcare Institute Limited (NSE:MAXHEALTH) Stock A Sign That The Market Could be Wrong Given Its Strong Financial Prospects?,https://news.google.com/rss/articles/CBMi6gFBVV95cUxQMWM4M21yb21jcUVvNnhNaHM0V1dqQThGRnNnZmpwWWpoYTU0YkZEZ2JveTI4enQ1LUFsNzVkVlBQa3l1N2VpMEUyWW42Tlp4dFZybl9PTlNSWTg1M0NpSUlKaDFJSkt4OFVyeGFXV2l6NFc2NkxBcE84X1RmUElMOTIwSW42YmozRlQ1MlZfNFdzX2VSVkJtNU92dGhqLUYxMDJlbDRpOWtwYjBRcG1tTFlMZGNQNEpxQUdqS0tYcFFZSmMwdUJXS3p6R2Q1WUZFZUMtbENUMlNmZG04anFrZVNPcHBtdkI0TkHSAe8BQVVfeXFMTVFidFhjd2ZleXlEdmRmWGp6RVE2MjJLSVhEZC04aThHcjd1ODQybWFuTVBxTWJLMk10ckY4d3ZqbVB5Z056c2ZKMk9tYmVTd0J0aGVlb0c4TjM5VERlbjROQ2JodW1pODJ6eTEzRkxMeV9kUVJfbjE0R1VsNDU0X1A4Q0Q4dUlHMVNYTHNiZmVfMlZucFlpWmh1OFg0bkE5OVZqYUxNTERyUjM4Z19aU0hyQzcxUTJyVFlqNTg3bEl5cEMycVRQcGF6RWdPQm5VREFrVWJOYjRnMmJlSWNyUGkzNnVxYWVpMkxUZms5WG8?oc=5,-0.9357
PNB,2026-01-04T08:00:00Z,Upstox,"Punjab National Bank shares at one-year high as deposits, advances rise in Dec quarter; check all Q3 FY26 updates",https://news.google.com/rss/articles/CBMigAJBVV95cUxOMm12d3BBYzl4WjNHT3dkbUlPbm5nc3JSSjdxQkEzaU5uWGlHNWl1VjF3VGh6TEpZdkZqbTVLNXUzbjBoa2dYb1JqZ1VrVGhrYkZMRWhPd01lRm9QN2lDdThZQllLRy1MUzExeTc2Ynk2bHZEbC1paVJIRFVKQ0trSGdVaVk0QkcxR0pUY3Z1LWo3cmp4RUdxbE9hT3dVV2U4VjM3cnFQYmg4TXJTMUJFVW5ORERfZWpBV2JaNU1Od2xuTWZpN09oUExpdmlrNmVGVTFORDdCb2RNX0JKZHFKWkllUEZfb2p0aFNLWDEtcTBMNFM3VWxxd1FhS0hzVkFO?oc=5,0.8111
SJVN,2026-01-04T08:00:00Z,simplywall.st,"State or government in SJVN Limited (NSE:SJVN) are its biggest bettors, and their bets paid off as stock gained 12% last week",https://news.google.com/rss/articles/CBMixgFBVV95cUxPOEVtLUc4eGd5LW5OMElZNzhXMTJqVXdoNElKMnY1bk9MZnN4aHVDUDlxdUFWbzVOWkREQWJVbkxrcU13dlZxa2JMckFKM0hiZ3FGUGN2SmVoNlhVQVJ0S2pxV3BuSXZETkRsMjdBdlh2UVdTaGhrV2lhVjE3T0ZIZnBzenFFT1lqREtGemxIRDA3T0VST0NEbnlWYTBqQUU0NjkwMzlHdnpaSTNIV1RqN3FxOXdNMmJZc3VLQ0VFZEFFTERQeGfSAcsBQVVfeXFMT3RRV191VVM0LU5OYlpMTEw0dEF6YnhxZklkbWlqTWRVaF9XRjlhZlo3UW5md1FmTXZ4WDBkMF9ZY2R0OUVqMDVTRnh5OFRqUG1xYVRlYlNVTHVhVndXTGdBalhjQlRsRGdhbDlPOE9fT21uX3lRUmJmdEkxc3hpYnBWOGNiRmxOdzZGeks4Qmo2NlNma25NQVdrbGJGQjFBX3Rtb0pXREFlWVI5Z01ETHMyY1FYZ2dGSllYZl8xbk5hR1ByXzhkNG81alk?oc=5,0.9173
ZYDUSLIFE,2026-01-04T08:00:00Z,simplywall.st,Owning 75% in Zydus Lifesciences Limited (NSE:ZYDUSLIFE) means that insiders are heavily invested in the company's future,https://news.google.com/rss/articles/CBMi8wFBVV95cUxQdFVBLUk4bEN1T0JDZ1BDVTd2dWFFN01JQ0gyb0JUMHNVbnVsQVFUdVRlUVRFeTI0VFMtb1VEdV9ERmJxOFJ0WS1JcVdmLVFzeG0wSVdzUnc5ZkZ0N3VOd3lFSDFBMjNjYWV1UGtoeEsxM1NvTzNDdUczaDhxNzJaRnBpZTBhbXRUcGJDLTZ4bWdmYmJhLXlaOW1rbTd3eXVQQWlqZG9IcWY2RHdoblJXLTNpeE9EWFJUOUR0enlsVG90WXNaZ05UeEVURzlZOEV3M01BVW1PdnM5NDE5TWFtb19DMFM1anlqX2JXVUcxWjJBYjTSAfgBQVVfeXFMT0pxekRnbXlDRTBBc2V0ZUdXQVJJTUR4elZraV80SzN0bFc2d1pyNEsyajZkaGt5aHlXWE45ZkpNRUNRbTh1Vy1QSjIyTm5YYm5mUUd0YkktSG5qc3MxU2xabjV2YjM2LWF6Y08tT2hWTE5CNkhjeE1yWkVNWkF2WXZkTU1IdmkyYWcxaVZxeVN5SGthcXphdk9McG1LODZlanlGUzhiRXgwYWpOcV9mZGZpazN5dlNIWFZqaGNNazR0TXBmdUt2MkhCZG9QWVlieGI2MmYzakdDTzNfQkFzR0YzWlZaVmJ5UmdXb0FPc3BxUVMwVkxzMV8?oc=5,0.0668
BAJAJHFL,2026-01-05T08:00:00Z,EBC Financial Group,Bajaj Housing Finance Share Price: Q3 FY26 Update and Outlook,https://news.google.com/rss/articles/CBMijwFBVV95cUxOQ1Y4QlhsOVNjSjV3UFZVUWRJMFN3OWRKRXNScE1sd3hyUzlZSTBWVFVHeDdzclNDOThJUlBmbDZXbGNxU3VjTFd0T1N0TmFXbVgzaUJNRkdyZlltU0k0c2EzR0ZHeXhBeXN6S280X3d3N3A5TmdkXzZwUU5JVFpIS1UwVTRxSms4NzR6NldWOA?oc=5,0.0060
BHARTIHEXA,2026-01-05T08:00:00Z,business-standard.com,"JM Financial expects steady ARPU growth for telcos in Q3; Jio, Airtel lead",https://news.google.com/rss/articles/CBMi1gFBVV95cUxPYzhqcjk2T0hxeG1PWGVnbFVlT21DWnl5MDV4alI3VllCWHBvZEhvVzMxZ3FjSGNWaG45dGx0aXNhS0VJNllPRHRjdGxWT2sxQzhaWVJlbEoyeENfRDZ1WlVTZ3lqUXl4RWpaUEVPd2NMZUJzQWpJZkNLRm9mNlpUQXZrVTJHRXA2UGNFcVNuX3BHWjZReXo5OVRNNEhuMGZMRVRwZGNfa0FCZW02Um82UU43bXhnLWpMMnB5QkR5dXRRQW1CSV9TaXFEcnJLYVQ4QjdRcFVB0gHbAUFVX3lxTE1xVGZMS281emV5Ulp3WTNsYTA4UkVvWU1ON2N3UFk3Z1ptX0ZXak91WWNsTkh4dWpnWTJvNFIzbkpvVU51MlhWZmlGelF5YTVXRG9SRnZYRzBqb21OYnpZNm5HN1VqZVBJc2lvTkVrWThzTHQ4a1FSVzNTWmlzWVBJd3REZEpYU3dxVW5kMW9DUGJUWEhwYXljQ2RacVlZRGdfdXcxWkxoVUxNTlJMSVZhaXhYY1plYjRJTDNhWHp6aFJSQVUwV2h2NllRQXROaXZTUTgxeDc5aXQ0MA?oc=5,0.9326
COLPAL,2026-01-05T08:00:00Z,scanx.trade,"Colgate Palmolive India Sees ₹61.25 Crore NSE Block Trade at ₹2,091.20 Per Share",https://news.google.com/rss/articles/CBMi1AFBVV95cUxQN0k0MjRxcXRDRmkyWm92bWZWUnptdHozTko1cndrYjVKdmdTNmdJa2xRVXJrT0dlbDBlZ1hxM0VjOElRWVNvbExKaTdvLUFJbUt6RTNkendGTnpVOUoxRXBqU0FZX2MxWmUydzdFNkNLRXZVVllqT3RQeDJDbzRwamtwd3RYWTVIX0xCNkZUbWVIR05vTVN2b0VIRFFGRlppZHU2UThrdElVWEVzc1hEdko1MThjME85VnY0TGlYdmkxdjVmZnVqd09QNkQ4WF8tam0yTw?oc=5,0.0033
ESCORTS,2026-01-05T08:00:00Z,simplywall.st,Unpleasant Surprises Could Be In Store For Escorts Kubota Limited's (NSE:ESCORTS) Shares,https://news.google.com/rss/articles/CBMi3gFBVV95cUxPVGY5aGM2RGhuRUc1YzlrTEhxSHhNMUFnYjRyNEUzVU1XbzJyZnd1MlpzUnRqTF8xR1F5cjl3SlgzR1UyYzJveXYzNklZRWxwTFZCVFNSRE14ZTE3SDhTUmVzSC1VR0RRaHJ2eWtwWkZZdEE2SkVxdkIwSkQ4WVptWEdYTjUxUmtqdHN3cV94YXRvYmdXd3oweThKdFo4Z2pndU9SejZZLUxUenY3RDgtVnlSV0FFUlQwSFU2M19hUll3ZFdlU2tsNVNIWENLQllQcDRYcUY3NHpLOHZ3UEHSAeMBQVVfeXFMT3F6SVVSMkpRUGRxd1NHMkxEbWd5WU1QbGd2Rkt5bEtHbjFqQzdvNUktcGFtLTYzMlY4SmMwZUhYRklzSmxKZG4yamlhQTlyOGhCSmQtVUtzMFlmRFRnNVRueGpYZDZESElvWkFzT3ozMklIZHc3T2JfdGlacFpOdV9kTlYtQm56aG5SNVAwQ1kxa2hkX3RQcF9QSGN3SzVvT0lvZlMxSHYtQXhfbEZFZzc1aWdBRUh4amNyUVpoS2xpdjVqaTFNRGxQMFc4aDdFWnZ0bjNsS0x4aGQ5eDZGOHptOE0?oc=5,-0.5977
ICICIAMC,2026-01-05T08:00:00Z,TradingView,ICICIAMC Stock Price and Chart — NSE:ICICIAMC,https://news.google.com/rss/articles/CBMiXkFVX3lxTE4tS0t0SnJQcXY2djA1RkhCQ0JRZXpDbGxpc3kzZVI3NlB3S0t0RDMyVElMUllTeWFtTDltNFpMaUx6ejFQUFFmUmNETzd1ZkZ5M1B3MkQyU3JJX19ZUnc?oc=5,-0.0192
PAGEIND,2026-01-05T08:00:00Z,scanx.trade,Page Industries Faces Sales Growth Cut as Jockey Brand Struggles in Weak Market,https://news.google.com/rss/articles/CBMiywFBVV95cUxOeFdVMjZLbHFMUnFGdTluLXFCclZTaW9sUUF4cnB0aHB5VUJfbG9CSEQySy05Z3NiaTNPVVExUW14bUo0MWxRdnFYX1Z5OWU4S1hsZDVHekRsZk8wWGVTUjJQcUJPSi1RQ1RDWnNhelByMlJMTXBTQTBibnBMT2xkNWtBLVIwV2UteTJZcVFYMllGVnJScnVwdFpOSFNETWpKdmtlemtmTEI1QjNfVHdTMGdGOEdwVUJkakJCa2pKdi1ZbXNFbkN4V2RYaw?oc=5,-0.9466
PAYTM,2026-01-05T08:00:00Z,Fortune India,Paytm parent One 97 Communications grants ESOPs worth ₹16.6 crore; here’s how stock reacts,https://news.google.com/rss/articles/CBMiygFBVV95cUxNellpNnlDZURKMTJzNkpDSnF4Ri1JRzdnOGNjWnVJSUxrMUY4T0Zpa1JWNjd4NXRyX0tNMjY0anVGaWdwQ1JqTXl4T2JoX0g5bFoyUUdHdjNIdHNkZC1ILWkwTEoxSDdEUmVlV3lVU0g3UkpDaFlnc3BEbUFxYldzcHo3OG5ya1B5MExPa3ZEOEhKQ2RBTGprUWQ4UGVYS2hsR3BoV25lYlBmMDJnN2tsNVMzNW55S0lCYURoY1I1VUZ4c19QbGFDeWNB0gHXAUFVX3lxTE1rb0tzYzh5eFZjU0JpbTNNWldONjNSZHdUQXdKdS1mMzEzeUZaeXFkNFVNVkxoNGFZcmVvWkNWbzBsc2xWVlBHMUlHS3BOUllYcEtIdDhiRjI4SVJkQ3hUUjRlUlFwYzhFdG42cGt6UEhSeGpjMFp6a1BOR3pVZHVVdUZscEo3MlduYVJuVXQxOFZRdnpXd3RlZ0g3TTdOajlZcjdGblNfUVhfT3BpQWZwckxqSmZ6ZDhGcVh0dHVTVzdYMGluTkVFOU9yWVlNdjdva05PODNB?oc=5,0.0531
SJVN,2026-01-05T08:00:00Z,The Economic Times,"Bosch, SJVN among 6 stocks showing bullish RSI upswing",https://news.google.com/rss/articles/CBMi0wFBVV95cUxPY2hwV3IxTkRtdHNESjIyckxHeE5TS0FWamFvMUd5a0p2RFN3elA5cHF0Mmh6WEJ2bFNmZWxQOWJYVTlDUnIycXc5aU12Y1hiSVgwOUNTZ0VjS1M0NjRySkxyYmVrbDNZOW4xNEpQQlhlN3NuWklkTlc0NElDdktKSXNaTHFNOEY5NHJRaHdVYUZoa1owQzFJWEpZTXVGeUkzaEF0T0hsdG56dTZDNEk0S0VILVo2d05oVDFNa0ppRGp4TWd4RHROX3JmOGJ4VWdoT3Zr?oc=5,0.8439
SJVN,2026-01-05T08:00:00Z,Equitymaster,Why SJVN Share Price is Rising,https://news.google.com/rss/articles/CBMiogFBVV95cUxOTnBwaUNHOTVRaUZZajR1N0V6WmYwUUt6bTNNTzBaR05JelV5MFBiNXp5Z0JiWFU5eUE1bGM5Ni1kd1BsZ1NfbGxlNURzck40WlVhRk4xTXFFSFpVdzdlSzZLSXV4U2cxN1lVR0FpNHY0RnlaWjc4WGkzQlNqZW9RVFNBdUE4ZlA4U19HeUYtRXg3b3I1WGpWdjl3TXBrT0labkE?oc=5,-0.1950
AWL,2026-01-06T08:00:00Z,simplywall.st,Investor Optimism Abounds AWL Agri Business Limited (NSE:AWL) But Growth Is Lacking,https://news.google.com/rss/articles/CBMi5wFBVV95cUxPa1A4SV9QeU9ZdDdDME9nQ2xCYWZoSmM5aDdoVWNDM3I3Z084QWREbkJNYXl0RTJ0eV9YMVJzYWdZdndOdmYwNnQwMzJkeTFoUUIwNmtYWHFLX0dkVG96UGJtZTBBOVlVQk5TV19QWkxLMlMtWGVobHQxeG1YMF9RWGVwdUtmTjJRMnUxM2ZvYWw3ZUNWRll5bk53bVlnbElEUUlhQUozTVItMFZmdWZlazJiaDlkbmFWLWNjNFR4YmdlNUpaZExEYnFxd3VBb01jdDBOQ01uYk9DM2g2QW41QWxRNHYzQnPSAewBQVVfeXFMTXltdDNTZm5rR3g4YjY3S2FuQ29ReXJuM0ppNlpzbzhacnBUWUprLXJ5UjRLTFZEQ2FpNFlVLVVJTWszWFh0ekJ6cmhUckdTOGNlTUpJOUV6NHdKa1VZMFhuNTd3dy1PLThGVnRBNFdhQ1Jmd0dHbURUY0IyRmNIZXh2cE1RMWIxMXF1a1l1T2V4MU9GZkFVcUJnR3plRjlXZTlrbWJPTkhtbjNrYU9mVG9MdnNCUE0yUFVRQTlIZnBldXhvQW9QYy1WNUNoTW5DcDVhLUZ0WXhwem9ybWpWeDVTMXZGbGlIMFdHQ1E?oc=5,0.9214
BAJAJFINSV,2026-01-06T08:00:00Z,simplywall.st,Investor Optimism Abounds Bajaj Finserv Ltd. (NSE:BAJAJFINSV) But Growth Is Lacking,https://news.google.com/rss/articles/CBMi7AFBVV95cUxOV3RGZEhDRGNHbi1xWG9PbHJPcDFCT200ZkZMbTNsRUtiRDQxOXJJelYxcW1iX2lUbkstRTRTMWljVHhFTGc1X3h2X29wc0ZvWTU1VTRNcGhfdHYybl9MWTl5SjAzNUxGWF9jMVFGY0g0b09ZT0IwT01MbHZLRkFxdlhScWlheTlZNFZiN3EwVC1NcTVtcWtzRWwzM01vc3ZILUZ2SmJyX2p1dDlRR0pPakg0Qzcza2N6V0JJUG1mVTV4b1liRXpkV0lObm9aU3QtOTlMeDZROHkzUHVyNkVIcFNHSDlWRFhoVDNobdIB8gFBVV95cUxNM1hNa0tETWNnN2tnaEN5LS1JV2E3Y2pGdlVhc01Zd21PWnBmZjJrOHJJRFJaaDRpN3FtYkhGMUZFdVlaU3ZENVA1UjYwbEZ0MVRwR1ZYUGsxbTl3NXQ2NGI4UnBzVmdtTk9VMDhNM2JQZF94VzNDUzQ3M0xRWTFmT0tiQkxEdmpYdzhwZFBXQlEtYWlKTThlRVZFc0tobnRCZzQ4RXptRjB4ekphUXRVT1NrWkxFa0Z1cFpwTGR4TW1wX1pyLVREb25GR3hNeFVXU2oxVTg4RGNueUg5VU5vZmV5ZG0xbVhDaWs4dEhhekduUQ?oc=5,0.9192
DIVISLAB,2026-01-06T08:00:00Z,cnbctv18.com,2026 an 'inflection year' for Divi's Laboratories; Citi sees 43% upside,https://news.google.com/rss/articles/CBMi1wFBVV95cUxQMnRFSWxJQUhpdWlBRHBldkc0Vm5tVUxTOVE5QU9BMzNGV3FpS2owQ3dZMzVnZUpfSlluWFBMQ2d1dER3WTNMcUttRGJmb2VSWVBHckJ5enRrSW02alExWHM2R0VpbzV6SnFaeG0zb1N6SHd5T05BY2U4eUI3SXNqamo0aGFWdmxsUl9jLVBPakU2eVpEWGplSnVSZ3BJeWxQemRla3NXdGNQNy1MMXFDaUpaQ3JEbXJUU21iQVIwWmJSSHJnOW9XUDdfOUpobHdFS1lkRWJVc9IB3AFBVV95cUxPcnpJelpVa0Fsb1hqTVZJRHBJcWRfdTBCX1VmVWh6RE5xOHlvYVVWRG5SdFUtRmJnRkpiOVlkOVpTNHBrYk4yNWNMSmM4MFkxY1pZVUZSR0NfYXBsYUhnakJpT2x2c2h5X2VMMnJaTGQ0VVFpQi02cl9iQ240SEgwYUVHS1plQjN3OTRJTVFTOFpyV2M1d3BYNmFrRmhCbk9aTUdBQlAwSXJRQnVRR0RxeWNvT0wya0w3V05vYjZQRzcyLWtWN3FYUEx4cDJGSnd1NXcyTHlxUi1wWEF5?oc=5,0.8919
EXIDEIND,2026-01-06T08:00:00Z,simplywall.st,Exide Industries Limited (NSE:EXIDEIND) Not Lagging Market On Growth Or Pricing,https://news.google.com/rss/articles/CBMi3wFBVV95cUxOR1RkaDdBNFBjSmtiTjBpc2ItOXRHZU9QUEZhZEZCZ3RONndLeUQtQ1ZPY3RmMlN1TlNFMU40S3FZZUpPUkxyeGVqdngzZGFXVFFEYl9ERjloZ2VyMHNtdEVtdFpfRHcwYXg5Q2R1SDk5QXdxVGpRbDFzU0FDRkxrTGVsNWhJY2p5MG5ONDYzRGU4QWdTSzhHV195WF9mekVybUVVV19XVV9sSE1xTVFLR2xybzM2M0E1Q3hmYXdZakNNd2NxT2tPYnJtcDJkczRyZk1NTktWZFVpNUxuXzcw0gHkAUFVX3lxTFBmUS01Y2pvc0NhTG5VSms3bzlLVkQtMTl5ZVVMNlk1NTdreDJIcHBEdmZRNzB4UzVnc0hkS0dBbFY2Yng2VVhGalF6TTNqTnlFNDdfRExUSVdzMnp6eEhLQlpRdXJfU19laE4tMGVuTTNzWmR4MnFmcjdhaDJnXzIzWU5RUzJpWEE5Tkl2dFhueGxRVVRSaFBMdnVQMnpWQ0EtZ2ZXZGhlTi1Ga2pJVncwTFFDSlQwWDc5dHZZWWV6eHgyRWxtQ1haaUlreWwxTjkzSFAwWlRPZWdQc0NMOXFkdHpGSg?oc=5,0.6546
LODHA,2026-01-06T08:00:00Z,Upstox,"Lodha Developers Q3 update: Pre-sales advance 25% YoY to ₹5,620 crore; collections down 17%",https://news.google.com/rss/articles/CBMi6AFBVV95cUxPVUJPNXJzeWNZMkhhY1lYd2ZsT0tfZURfRC1sSGJqYlRzUW05R0pKUkRDTEFVN2hRWGF6X3M0YzREeG41cU0zenVZM1J5dDVfLWFfTnJuRTZtM05fV0ZjQU9lZ0w1eldFQWNuOGxWQnlEdGlmZTJSZHdIdGtqY2NUa1k2MS13RDdDWU9oMGtsSk42R1hpUDVwT01Ya3pQT1hJdV9oajYxTi1FM2hPbWFLVWFuTTdRMTdWTldhTnA3SnQ2LTZaVFN2WW03cGFGWkRCcklkdXpjWndaVW44Rm1IQXdyUGJ6d1pv?oc=5,-0.9566
TIINDIA,2026-01-06T08:00:00Z,simplywall.st,Returns At Tube Investments of India (NSE:TIINDIA) Appear To Be Weighed Down,https://news.google.com/rss/articles/CBMi6gFBVV95cUxOQzZYemR2SS1zaXBEUHBoOFpOYm1nTmVTWFJqNUwxb1pDbmYxLVZZbFRmODJnd3dUdUY0cnJOMXYyQ295clo0VzQ0cHVOUWhfZ2Z0TGFRVXhWdGxKdkoycExKMUxrTTZ3aXNON2ppTlR2RmVOdm1fWHpHYjVJSE1Rakh5VkFlUzJlUWFIQ2N3dENqWTJsWlBIbk5POUtfMTgyY0xnX1BGLUpKR0dVMm9iM09aYnI2QkFhTnhTOWxENWJ3NmphT2YxbnhtV0kyLUNGbjE4dERHVGJmRUdjMWNrSmNGcjVWakNabGfSAe8BQVVfeXFMUDduVXFQOWFNOWFzMXFJaDhBeVpjZlhUQnM4SHJNYVp2NGNQZWd4dk5KdEtKRzM0V0tGcHplVWhqSTVzbDUzZVVwTVIxV1pHbF9icUV0eDg1MUZRanVZWGVlVk1yaEI4QmZtSDdHLVM0N1Fwc0lpNlhoMFJzVTZ4d2JfU21pZVlxTnhHd0hVWlFrVEVYeHUtdUVOMzV4RGNlTHBjNFJ0MGpLWlg0NEFqZHo5R0VzaTdWaEZ3ajV0ZFo0UmNhOExENW5pUFRoTmNUUkJaeVVZRHIxT01xMkctdE5nTWMzWExDV1c3QUZHeUE?oc=5,-0.9412
UNOMINDA,2026-01-06T08:00:00Z,The Economic Times,Stock Radar: UNO Minda stock breaks out from symmetrical triangle formation; likely to hit fresh record hi,https://news.google.com/rss/articles/CBMijgJBVV95cUxOeFZXcDUwb20wRVpvWV9JQk5Db0JlU0wycVJIRDdVMEliWFJ0RVY2bjcwYmhZQkNld09zLVZUaV9McEdEQjdqYXA1ZEZ6WE1PZlJUTlEwX09KaGpHNVdOSDlDWHQ3OXh0dlM3OFRYR3FKZ0o1dzFtMkxCc1dnYzFGZVJKNWp3c3RrN3ZqeUZSbjV6YjZPTWxyWWliYUt5d3J5VHczcUhVQWx5dlYxRnpkcEw1Q2RYZEVzdVNObVJaSVltYUF0VWNoUlp0ai1HcFcwTWxHcmY1emNzUGxpM0ZqWThaN0hDWmR5ZW9iUzRLakJER0lfT2g3dGI5NlBLM1VHWWFUa3hkeWFreDVxQVHSAZMCQVVfeXFMT0hZOWJCWXNESVRoY2F2eVI4MGFLQW00YVdCQ25qOTlmaW1QeUlIODJ2bGtjWU1jNEJTTzN2S29IWHpCVmRKdklzMnpFbDhyNFlONmFTSG4tRFVoOE15UmNJZmpaalh6NnJPcEVQZkh4aHhCVGJQV2M0SU5qUER3eHpvejJFaHYtZ0tuR20yX25xT0ZqeWVUYXNYRHRqRGRScDVzOFVKMFVaLXYxYXlxdXZZUDhIN21idnVWWFBVNTRseFBELU9GMUhMV2dCZHlPVmFISHZMYTZFelJHMTFNM2tOVHBDZUVtb2syOFZKeDI4NVJLRHRpWk41NGY5N0E2UGJxNWlILXVwTUx0bEpkbzd3eXc?oc=5,0.8876
HONAUT,2026-01-07T02:21:43Z,scanx.trade,"Honeywell Automation India Limited Schedules Board Meeting for February 2, 2026 to Review Q3FY26 Financial Results",https://news.google.com/rss/articles/CBMi_gFBVV95cUxOR0lBWDhjejgyLXpMeXB4dFFOSVhzNWNmMWVOOFJ4MEJnN1M5eFhMMzg5U21VVG1WZUhSRkRCQ00xbTBtZ1VPVUF6SXlkaTJ3dG5VaUUzNTJoTzgwMzE0RFFZenZKd1VDdm1ENkM3QmZMWnNiX1JCWFR0QmNRTGxZYnExdUc3M29kaUpMOTZuMEF2VThwbmh2dm1xT2p5YTliOU5oaUJFU0g2ODduc2toQVF3WlA4QWxOMXRSMFpXSlVBaUxmbWdSeWIwNnV6VzB5UjBxN1ZUcTA1VVVuYklHZHdPdGVaaDBNLTV6cHFMbW9YT3JsTk5TaWZ2ckIydw?oc=5,-0.0894
APOLLOHOSP,2026-01-07T08:00:00Z,scanx.trade,"Apollo Hospitals Enterprise Executes ₹236.09 Crore NSE Block Trade at ₹7,388.00 Per Share",https://news.google.com/rss/articles/CBMi3wFBVV95cUxOQmF3OXlkX2NUNjU5RVppWVRrZFpPM0RCcEVmdUtSY1ZCYlRfLXozQTJEd2V5bUMyRjJfNEdSSWRnOXM1c04teE5qRTBWdmo3OTdnZHh4MHA0WGQ4VlduWm0yNzFmNFZsaW9PRUZYZGw1bC1TT045SF9CcVBScURxeG4tM2s1Z3lUcDhIMU54Z1EyR2lpZmtKT3ozMC16VGhsUGloRnJBLVBJbXJ6SFhrSUtKZC1JM3RPMF80RlpJZGRPSUNwWF9xMElnU1lTUEY2dmJjd3NRY2ZQYThUd0Fz?oc=5,0.0376
CRISIL,2026-01-07T08:00:00Z,Upstox,MSME loans’ share doubles aided by public sector banks’ lending: Crisil Intelligence,https://news.google.com/rss/articles/CBMi5AFBVV95cUxOZWo0TTl4aThDWUxuVEgzMWgyMDlmWG10RUlkNGhCamRGSUs4UlRrb1dkdkc4RlEtNWpKUXNIZERVTzkxM3ZaWno0QlREcnEyN1QyWGxrdlJzeWFVSVRTNmg1UF85SUZKUlpJZHFkNkh0VHZ2VUpEU09HMFkzNnhraU80VVd6aElZaTBZOWFYRTVvNWNFaUpIS1V0SFdMRzJITGkzNUJZS081Vi04bjVFdW1MaGxnRzlERjhrNG43a0x3M2d6YmhCWXBMd1NTU2pXcXRpTmY4NDRHbFFpWWJBeWFZLWg?oc=5,0.1587
HEXT,2026-01-07T08:00:00Z,simplywall.st,Is Hexaware Technologies Limited's (NSE:HEXT) Recent Performance Tethered To Its Attractive Financial Prospects?,https://news.google.com/rss/articles/CBMi3AFBVV95cUxPcjJiRUFUd09vQ0ZUQUpjV2oxZm4tV191MU1pcXhmaHlXOHRUeHBmM1I1c1ZmM2VTSUxpSG94VWhBZTRqLXZoUC1tSXVxWHpNTXpXbGZlTlludDlweTk1Tm92UXdpN1hsQ0UzN2VvQl9sQmk3RFU3TVFSQzBmZXlpa2FiM1BrRk1ISGU2VTZaZmVtVEFnSjNBVkt3Q0Q2d1kyTFRhbjYxc2pUQUJEcDhpOTdaN01DdXdWNWcyQ3dEQ0VxZ1pVeU5kUmFnTzlTWFV6RFd0bnl3N0xnQmZq0gHiAUFVX3lxTFBpQnVpdVhveE9pR21DSHFHUUxsU0NLT3R6WDlvaFFMVEpSeFlJTE1QN0h4amFiQjRnZkROQk1nc0NiMWxQRElaTjVpdVo2ekxZVGNvSGJUOUJUMnBJcTA3cEROZUVvN3M1UUhlSTR6ZkxMVjNENkdaYzhNd051bnNmdzZvSUFnRUtKaUoxSVYzSjR4Mndrc0QybHV6bnpSYllhbGVrOUI5NW90d2xxaTZMNGVxRXcxbUpndHVZRXZ0ZjRNN19QS1lxNUxobGlJNTJlcGdqeml2Y2hCbm9odzdSc3c?oc=5,0.2818
ICICIGI,2026-01-07T08:00:00Z,scanx.trade,ICICI Lombard Reports 16% Year-Over-Year Growth in December Insurance Premiums,https://news.google.com/rss/articles/CBMizgFBVV95cUxOeFJKc19NUXExc05fSTlsM1FTVzA4OWUxcFFCaGZoc2xybUpMX1NUNTVYUDVvSTVRMVdXeENabnd2WEc1SnMwUDhXenJ0NEZJcFIwRDU1bWtUcFlSUk5LaGxETVduR21zbk9objNTdWxENjRLRGlmVEFjSGlfajNrMkduMnhUQW51Wmd4enY0VUxYNW8zczJPQ19GLW9MNzdqSHoxOVl4ODQ2dWZsRV9lNlBjaUswTkExbHE3VFhLLUpKUU5lellQQkMwYVJDdw?oc=5,0.9378
JSWINFRA,2026-01-07T08:00:00Z,simplywall.st,Pinning Down JSW Infrastructure Limited's (NSE:JSWINFRA) P/E Is Difficult Right Now,https://news.google.com/rss/articles/CBMi5gFBVV95cUxNbzdEM20zdGFPdlFkSjY2amhPeHJEVjBTWnNnMFB0ZENwQWRRSEh1YjdrUDd3WTMyR013Z3NzT2d0VDZSTTFMZWd3MU5sSWozVFhueU9sUWJ2OXhUZkNDQXRFQmw0allUY21KWGRTcy1WWmJIRGp1bXZMM3ByQ3M4b05mUkxqa09PSmw4VHR0RzlmWnFvaEI5emxRMFlnbURWMEdWTk9ocnQ5MWNIUGtLNDFJRkRqYTRNYUp3Y2owWFZ3anBxQnB5Y2wzdmtSZGhmeks4ajNPLU02cWRrLXo0QlZnTUN2UdIB6wFBVV95cUxNV2xMQ3VpckN5V0hDQ3VRdlhhTW5jYWIyY3Z5cWpJUU1fWnR1c0d3M0J6WG5VN3NYTExEcVFpZS1Bd29Iby0xd0NON2FFU1hKdWtqS1h4T0NPODZYZ3RqTzljTUxkQUZmUG5uUndrSlR4WDZuXzZTVkl1aUxfLW1kX1llbHI1VWgtRVllMGl4bnFmY2MxUDZKVnBodi0tbm1QRGs2cklZOFlvSnRkeXVLNFJDWlBra21FMFdjVjJXRi1KZGEwWHRaaFgzRGFtbXh3eHVTdmVYb2MwWVZyMDVPS2JHN1RONHpaZG1n?oc=5,-0.6367
LODHA,2026-01-07T08:00:00Z,The Economic Times,Lodha Developers shares rise 2% after strong Q3FY26 operating performance,https://news.google.com/rss/articles/CBMi7wFBVV95cUxOdEU1Q3dzZVdXNjJ2Q0hZU2ZBaENCdVk1MUtnVkY2NHNoRGlaZW82Z083RS1YOUNhbjJ1RWtfUkQ0WHZOZmtDd2p0aU1aWXRsSGdIVUlBdjE0anB4SWFIRzlfZFRTVEl4bFd2Z0VlakxtTGI1UTl1dl9ta09pcm1nZFVOUUZVdVVkVDNvQ3REQm1YQkx4QmdJWGd0X1QyYWQ4WGZKUmNfZW5jTWRpWV85X3RabTBYaWFESDJIcUY5OG1DMUFfUks0X1dKcmJxVFVfX2ZLMlN4VDMtZ1lKbmg3dWZJN2RXMjVtTlpvUXJETdIB9AFBVV95cUxOUF91ZnFIaVdnSTVVR1RJeUJVN1dqNVdYWVBJUjJmNm1wWDBEX2NVZGdmajFXTU9IYUVPazhlSERYeTNxdnlFbWZJb1o4bDEwVGtZZXZlbUJVajVWcjlDYVJfc3BFaHVUbm41Q1ljMU5IMl94YmRlUlV5WVp5SGpEZi1mekZFWmZVNmpLX2l4Mi1ZYUNIbjVjbjFMLWd4OW9udUVOR01Jc3h4emhhTmZEOGoxdzVzenJSaFJzWThVQXRwakFreEJJNTFrSlBVT0ZWdjdlZmM5S2lYeWVaR1RZSUtqaVhidDdhYW1ZcVVKS2VHZV9G?oc=5,0.9279
LODHA,2026-01-07T08:00:00Z,Business Standard,Strong Q3FY26 presales drive bullish call for Lodha Developers from Nomura,https://news.google.com/rss/articles/CBMi2AFBVV95cUxOSUJ6UFlHRzBFR3gwbXh5UUxKR1VPa1BhNEV6UFlfVHI5cVh0MFJiNGw2cUVwckpubV9Yd3ZrQURmQlNuaV9DWjMtNy0wUGt2UndWRjktdWF5ZHlrZGNxeGZUdzNpRDZEUnhrbHNuSVBIaU03TmZuMFVkb2d4RXIwLVVWdWh3azJkSDJ2ZzllMXpjbGJRaGlxd3lPSXYzLVNDZTdLUmR2UHRtQWlPUlNzWHVVMVB6RGYyQTI0b2E4MlVOOTREdG1ic1IwVkFmblZkSkc3SlU2eVPSAd4BQVVfeXFMTklMZEZYaE5JTm5hVEd1MTIwQ2RjWkdvTF9MZXYzUThTZU1GMDZKbnhUdkdVSGNLZmpMQWt4cmsxd0ZXenRnV2IwLXZ0dHdWMFBORUphQmhGQXk5bXlScXFPdjE3U0ZwcTdzZVAwUnBsdVV6NGFaZU90N1JSUWR3dUJFcVhGdDdXOFBYWlg4ZDhyazVwMzh4N1J5b3RmYVlwTWNFdFRyNEZMYXpCVFRiVzN0TGx1cEFCZ1doT2dLZXlMd1hHaUxxUEVLLTZfX3hpMXMtdXYtU1ptRExyQWN3?oc=5,0.9270
MAXHEALTH,2026-01-07T08:00:00Z,The Indian Express,Max Healthcare’s 800% rally hits a wall: Is a 74x P/E ratio sustainable in 2026?,https://news.google.com/rss/articles/CBMisAFBVV95cUxNUGQzU2QyVHcyN2lmazdzWTNzN1BudDc5cE9uVlF5VUtvaXdEN045RUUtVHBTQkVTMjNyUEcwYkU3Z2sycTVpY2owZWEzdUROcmdoV2IzUm9ERF85WUUxMm5NOFphXzI1U0gxd2pVUVVsZ2hCa0pmUzFjcFljUWRTOVhjYTE5anNIRHVER2czeW5GbFBhcm9BTC1XeWwxTF9MOGpDcTV2MGdWdmtOU0FFdtIBtwFBVV95cUxOZFktWlVaeEpMTmVaUnAzNk9jVU1oLXBzQkxOTUNER2JFcjJ4aU0xb2ZrS21BenhoX3FXOGhMb1JHVGRyQW05aXo2ME1fZXAzOExIVjFNV2xEY2Ixa0ttRENsN1RnZXN4UnNVeWRBdFc2YUZucjRKYlFOclpTdmhtcFFYU2FlbHlFMzNBTUpLQ0JNc2JjM2xESFk2amdSbnhFSGkwZHpZY3h3eVlpWEFqM2dxcWNjMkE?oc=5,0.1701
MEDANTA,2026-01-07T08:00:00Z,Think Global Health,Transforming the Global Health Ecosystem for a Healthier World in 2026,https://news.google.com/rss/articles/CBMisgFBVV95cUxQSGxiWnhVaThaVVJxLU9GR3B6VjN5ZUVnbG1fUDdwMW8zdFRpaDd4YUZBd3RjUGNQRm9XMjdZZTl6dElBdWdRY3U0aDFIMEhKcnNXUmhhS3NNTzl1UW9oaUgyWC1MdWIwc0hlMGhvTjhSQ040cEY2ZU0wNzN0TW02X3Fwai1vTms4bEZjWENITjJaa3FDOTZKR0hVT1NGY2pWeXdHXzJ1Z0I1dnpVcUtmUTNR?oc=5,0.2927
NAUKRI,2026-01-07T08:00:00Z,Upstox,Info Edge India shares rally 4% after Q3 business updates; standalone billings grows 12% YoY,https://news.google.com/rss/articles/CBMi4wFBVV95cUxPNDl2YWpfMGxXUmJQaXZ2VDhuS3BvN2lkbGxPT2dRa2s2STJ3MVBidjdibGQ5UnVJbk1fXzJqUzhHa3paLU0wR1BISWxDbFpCdFN1bXdZcTRRZ1p5TmNVSFBIeWFDenBLcHZFaFhkQTJTZWxFcnlmbkJWQ19xRzJ1NE16YlI2bzJUWjdEeFZ6bWExRkJyS1RjcTh2NUhuSzZlb1ItRzFiWkJWSDhXOWZyMjZoSjliZlpHWVBMOGNaN2FURTQ4cHdBaHRZOGJ4OGdSQ3Q5NElUby1RR0FwbTZmOEZHTQ?oc=5,0.9232
SBILIFE,2026-01-07T08:00:00Z,Business Standard,Volumes jump at SBI Life Insurance Company Ltd counter,https://news.google.com/rss/articles/CBMi0gFBVV95cUxOYmZ3YXlWTXhnXzNfeEw3OUpMZ1hTQjUyeU9yUm53cWNjQVhYNU96TG5qVnpudkl3NVY5LUM0ajRTdWZMS0V3MTBFMUdPTndEVTZLRzVScUoxSnZaeGZ3dHUyd21yVnpzRUszbl9MdTFIalpYZFR6bWEtVzJ1Y1NucXJHZVozMVdZNVpaRlBKSmVYRzlwZDF5dzZyTGZCR3U0dHhWLXR6X0ZNS1o1Z2ZnVHY1dV9GQ0pQNkRRUmRGZFZZM05rTnUwb1UyZEtfVjViX3fSAdcBQVVfeXFMUG5OcmZXc2ZBN3hwQzFsQW1hLVozYm0xZjZpY2xRZzFiZDlwNUlDeVkyeHdkN05ZTlNWeTZyeFZxLUdfNUhHNnR0dmFoa2RicUlaUUJzb1czWUt0ZmEwd2lTSTFmRmt0SVpOdmZRcHE2Q3NrbXRwa00ybkNSXzN5U0ZSVXNPSUtRUnBjWV8wNXRCck51VkpUN2FTRE1wUFRZTU11cFNZelZobWdsNWM4RXRfb0syUElCTFVQOTYwc3lkMER0UmdFYlVFWDhoMmtuUXdsT0x5RFU?oc=5,-0.7173
UPL,2026-01-07T08:00:00Z,simplywall.st,UPL Limited's (NSE:UPL) Financials Are Too Obscure To Link With Current Share Price Momentum: What's In Store For the Stock?,https://news.google.com/rss/articles/CBMiwwFBVV95cUxNcklzWEN0eks0a210dWZhaHVremZNQ0MzajAwV2JDcDNpcjhxblFFWUh4RXMxcVdONXQtcXlHUThYaUpwQ3RFeTNrR2VlU2pyRkJkWllrVDNqMHlyX1RaaEpqYmFpWVdBWkRKYlQ4V2t3THRoLU5tdjVnY2czZzlJb3ZVMkdkTFFWSVZBdFJMdVpJNzR5QlprOWJsWHdaRko4OVlOekVqNGMyallKSHZCWlhmS1pxVUtqRFVUZjQxMVNYenfSAcgBQVVfeXFMTTFVYmxPVjl2M0dsZnpNbUotZ0NEM05STHd6djc2OTczZmZlYkVocnJWYlZDS0FkLTFja1FNR3BheE1BS2lXSU9jX2w1clg5MzhlSm9rMDNSOUNfdnE0TkFuQkNKQ2lNS0J2UkxOX0xEUkNFQkhvOXE5QzhmdzF5cFFnM2lBVW1Nd0xZd09RbkxpbGVGeEhIWXVnY3Z1R29taWVfLTZkSDhpMmtVQUN1dE9iZVpTVERwTkdNU3pwTXI0WmdvcUxkWUU?oc=5,-0.1411
BAJAJHLDNG,2026-01-08T08:00:00Z,Livemint,Bajaj Group completes acquisition of 23% stake in insurance businesses from Allianz — What you need to know,https://news.google.com/rss/articles/CBMi9wFBVV95cUxQT0JwdkVZa3FlVktRRV9iQTZjdDdqVjlLVHBINWZFeEtaYXlDRl91dkJGZmg2NkxGd3lmUGlPeTRYaTBERzhxWUVrWkhDbkI3RkJmbWwxRUJ5MTVmRzZzV3pIQ1RsUzlxMVJQZ1g4UmtnUjNWMDJNa0tONWt3QThpQ19Dd0ZFRHRnYzZ4TDRlNzVhY0xKR25jRzRyNUlMNnFKdTl2bDhLY050eVZ1MmxoRUdTYnRwWHAxbjVoTjFXdEpIbzhnZXhxSzIzY3QwaENWTE1sd1pSSHhhM2JOYlFsMkxGSG9pLWpEbV9pbldMU3VIaGlESTJN0gH8AUFVX3lxTE16Zml0RF9XcXdlUVp5QnUxZlNFWXZHQmVBaDc2YkFPcjUzOUdyWmJjUUliWDZXUmdld1ZncTR3Yk1PQmxxdWRWenNSS0t0MGFFdGJqMGc5bXVQT2c0U1dxSm9aXzhBYnMycDl2RV8xWnN0elkzNUdtcVUzQWpaNFNEVUdxakpjdHhDOHN4RVhhLU04NmNzdXhock56RzhWdWZMcEI3NlltWDcxZkxLVHNRRU1sR3lpWkQtOEo4MHRNY25JX3Rhb0J2Mkk4NlBnOHIxRlo5ZUZhamRyOEhxRzJCckhqNWt5T3hMeXNuRVp3OVFscUxhTmVReGRTdg?oc=5,0.0562
BHARTIHEXA,2026-01-08T08:00:00Z,simplywall.st,Why Investors Shouldn't Be Surprised By Bharti Hexacom Limited's (NSE:BHARTIHEXA) P/E,https://news.google.com/rss/articles/CBMi2gFBVV95cUxNQzZJdnJJWjdvYmZhVXZ2U1VESzAzRjA4R05xY2xmU2hBRnZpM0ZoYUhuTklqMGFPRkNWd1pNSkljTHFqWEgyYWlzck92V2QzYmlWczZuOUdoR2hMT2lBYllZcXRKbGdlbm9CZFRRYU1TekNEcTRVanhlb0RWX0d0WFVaY1FSZ1FSS1FfMUlVSDFfeXd6RXBrNVVUaEpQWTRNV25NUkFIdFhUUUxhaWhRNWYzZHREdlpEVjlmR2VIZEFlUzJQdmg4YXItM19ReVRldm1HaU84LTVnUdIB3wFBVV95cUxPNTJmNUFoWW1FS0tSd2gzRHFmRFkwYmwyb2trck1FWEpkYjBiTlBhNER6ZWEzNzBEQzFPZFl3eWtrX19CZTlHMENrSWIxZzV0ODVKS2ZiSG1PYXoyVGw5U0dQMTREaE1RTm1Lb2Y4MHJRMmRMdnIyUUNTUXZxamY4Y1VrOHl4a0lldm5EaHJaOHFWbnpPQ1VMRGMtYm9mOWRYUHFGLS1LWW90MF8yTWhvSWlteDd2Tnp5amRLLW84ZTkwWWdUQm1KSmhFenByV0tNY1F0ODlyUGM0RDJOZ2Jj?oc=5,0.0460
HUDCO,2026-01-08T08:00:00Z,business-standard.com,HUDCO signs MoU with Chhattisgarh government,https://news.google.com/rss/articles/CBMixAFBVV95cUxQdU1QX0ZzbXhFeGJIV1gzeGE5STB0Wm1USXAtWGNEZ0tUVTBNcGQ1dGlVaWxOUTJlLWNocmVJdXJUQXRIdi05WjRGMklOZzkwM0pURkpQUGJsVEhHS1pjN0pndW9KLWxFM1V6Nk9GUGd5NFBxdThDbXFoNlFYME1KRVZqR0VuTUpZZktJQ1lEdXQyX1kxSTdGZ21qeGtIMFRXVmFnWEZjYklCZTdDblQ0VF9pY2dYYzhwWm96Vjh1cDlndm1x0gHKAUFVX3lxTE9kc2QxMUZudG4yZmFCN0hYanhsQllROFJWOVFTdW9qdW9WU1ZhUk4xVU5hLWc3aVFWOWJUWmo5d3AxSE4yYVlYWGR4aXV5YUM3S3FrN2RDSV9DZW5kbk55c2ROZjhmeEExdW1rVVllaVpzM1dYSzRpWU5PZ2lnUTJsVDFKV2lmZjB0Ukc1OFlIMmJ4TjZjNUFVZGQ2c1FESmRRbkFoZEVOQ2Y1WGNQVEdzY0MyMU80TlExOWZLSWVYSk1rR0dmT0VVdnc?oc=5,0.3838
IPCALAB,2026-01-08T08:00:00Z,CNBC TV18,"Experts share short-term stock calls—Buy IPCA Laboratories, Lupin, Eternal and more",https://news.google.com/rss/articles/CBMinwFBVV95cUxOU1ppTGFSNkR6dFM5SjRBelllYnBYcWJDeGRqUmk2Z0l6YldHRWFwalBWaWlhNy1KRU00MTQycG9laDlvUW5ZbXRCLWRBdVdMSzZqNktDajI1QXIxOFlOamZNMkJMTVJiQ3VoRXRuWGwwWWM1MDljVTB5UFUwRVBISGZ1d29BM2hCcmQ1d1dYV1E2N3hZZTlNLUdZbi1oMGPSAaQBQVVfeXFMTTdMZVZyd2FzY3B1b3JNeHZMNGJ5dGdDY0swYlRsLTBaZHo0LVJqUUtYclFQb0xRSUJzMG5QQzRFZGFNTm9OaF9MOTZLRDJzN2xYRVB3VndqQ1V1eVUwQ3EyYTBjd1piOGp0NU56djNUcHZQUnBvV3o2ZjJuNW5wQzRrWktxcWJkLVlyZ3BVVWtLUk1wYUpJeEp4eXY1YjgyTzA1WWs?oc=5,0.0785
JKCEMENT,2026-01-08T08:00:00Z,business-standard.com,"JK Cement, Birla Corp downgraded at JM Financial; cement Q3 preview",https://news.google.com/rss/articles/CBMizAFBVV95cUxQUXFWOVB1eTZ6eFN2X3Q2NThvUGNxQWJENEVlQkJlenl1RVB0WHMwdE1kdGhKaE5EZ2U2S3BTTlRyMTZqYmpsSHZmbWZHcFJYZEtjUTloWkNrWXY0MktYUjNMVHRQV1BVa0d2OWZsZVZRbllfYWpRcDBPU29HYXhLRWEwRk8yTVEzQkZGQ0ctU2xSeXhMaDlnTmZiT0hkc21pSEQzNTJrZU9wSWlDMFZNTWprM1ZkalBQMlJORHYxMVFESE85azlkOU5OcEPSAdIBQVVfeXFMUGF5RUl5VTZwUWpQM1phS01ZVjhkMkROdng4MlhreTJyRlhYVUJyN1QtOEZhbUc1X0tpZXk2S195ZHBJMW1wd2YxN0NGVkhNUGU4anJhZ05rM3hab3pCNl8wLW1jdzJZTXBNNVFlUDdIREs1bVk5M2RKdnc0cEd1eDJGam1HOGVwY25aNDJ2MDU1V1gxU3I3WlpfZEVrNUZRWEtPbkJoTDVja0UwOXZSNEpZVU9YV192bTlOdXZBckNUV2cyeU5meWlwNkFDZ2pPRHRn?oc=5,-0.6327
LGEINDIA,2026-01-08T08:00:00Z,The Economic Times,"LG Electronics' shares fall over 4% as three-month IPO anchor lock-in ends today, 1.5 cr additional shares",https://news.google.com/rss/articles/CBMihAJBVV95cUxNdFlaY1I1TEZjRWxNck5aRHE5UXdxQ3JRejBXSnFZcGR6TzFRM1FaVnNJdlVHNi1QelF5bDAwenRPMmtTdURhXzlFT2NyeThHRGJHZUFhN3JnVE9QdkduSjBoa0ZBN1hnRjYzTUk2U2VRemxHQWlUTlluNjVkR0ZZeTlxZ3ZhVUFKakZyZ2pHbzJscEtjWjhzd1NLd0l4X1VybUd5WkE1Wk1kcXJfWWMxTEotanUzdGZoTGdDM1BEQ0tXakZDUzFlclJNSGJzWERwV3JoU3BWY1A5NW5UNUJ1c2JhdDBEVzRnNnk2bU5rekxjYmJvZVFVQXZPelBCMGpQVHdyVNIBigJBVV95cUxNX1dZZDBWaE14WFVnNHRfS2hwY3kyOVh2bGt3QnN4MGVSeDlROUlCQkZOanJKLXhfVFg4ZHNsVnMzU0EzYzd1QVhSTm50VkNqckJ0eU1JbUZGeGNrQTJEVDduZktBeUUxMENDcWpnM095bnlkWGExVExZTC1PNkM4ODhYbTI5R09TbmlYU1E1SnJiZHI5MzVMWE1aRnVFYTFFMmdhTmNZM3RDckI1NWRyLVJoblNZdHpib2tmR1VCQlQzZkYwUHdUX1JoZWdZMEZMcUtueWtsSUg3OWc1NGsweEZocnBLclBaeGFMTWt0SHRWTzJra21rbGtKR2JSWTZESzFPZnZpTXFsZw?oc=5,-0.9637
MOTILALOFS,2026-01-08T08:00:00Z,simplywall.st,"With 74% ownership, Motilal Oswal Financial Services Limited (NSE:MOTILALOFS) insiders have a lot riding on the company's future",https://news.google.com/rss/articles/CBMiiAJBVV95cUxQTUdEX3R0YnYyQWxfb29OSzRVX0RCdURtRFVSeVFzMzZXTnF3dW53TzNtWkJhOWdtVmxKREdla0FMM1BVUDFWOUhJb2xlNHVwN1NuekEwMmFhVGlVNmtfNjN3eVBuRmpNX0ZZSVBJaXpqMkpNXzVaRWlGOF9FNklXbS0yVHdXc1ZISk9MVlZiQV9aRTBHcEJzcDh2SmkwbllfWVExelZVdlIwcHhrSFVESlFlYTRGVXRad3NzNXFWZlA3dXBPWENBeC03ZzlQWFRrZHVGTWhlTUdCdVN2d2k2N084aGtrQnNBRmxmaElFelotQmQxYU9sQlJBRmdmYzVLbjl1bHE3Z1_SAY4CQVVfeXFMUHgyQjctai1BcFNaTEtBUlk1S1A1anBDbkdGQnBsQmF1TFI5d3BWbHlmUFdsMFl5ME4yeVRVTzNDTHlrLW5WdDFmZ295QkI3ZnRZMDZYWDkteHFHWU13LW0zYnkxakljWE1BeXJMWlJlbl9XdzRCblNpRVJlTE03MGtwc3RWUGRKZWJPemJPSTBsTDRzR3VJWFBHSnp5UV9vN19kbmtUcTUzM1hNLXFnWE5pWEdxSUlZbUlXaDFKVnhZajBYa1ppbk9Tb3BGT2VaWHBoNnhOTzZFMWttam1TQWdqRERWWElTRFhxWklmdndZcm5tMDhmOHc0TzJ2aF8ybUU3STRNX0xxYkQ2T0N3?oc=5,-0.4394
ONGC,2026-01-08T08:00:00Z,simplywall.st,Is Oil and Natural Gas (NSE:ONGC) A Risky Investment?,https://news.google.com/rss/articles/CBMiywFBVV95cUxPRE9LQzRRM0N1eDRwYnNfR3FIZ1lpXzRSSGVCZDVzSTBwclNVSktKLVJxbnhwejJsMzJfMEVxdlpqVWtRWURRbXdqQVZkUzVrVVF1WTNuMmlGcjFVbDBvZ1BJVEYxWkRXY3ZCY2RjUTFhWHQ0ejRNRDVMRUhKTm5yNTdGRnJFRnpfT3dFTm5EMm9iTG1aUWtLUGhDMnUtSXRsOU5zNnRzRnF1dWQ1NkI5R0JEcU8zWWZFcnlUTVoxU0NMOGJJWHFWTmtrc9IB0AFBVV95cUxQNF9qaE9CQ2RycEZTRHpwV2tsS3dHNEpWc1JHUUhGRVlrSFpDRS14TG54bnFNcmhCN2xGV3AtV2VBdEVBd1lnWTMxSU1OMWFUcGJLU0xZbXNhZDNNYnQyZHh3UThJVjZHNkx3NlBlRkpkYUczV3U0OGZxYmlHRVhfWG92V2VReUNxV0RLTXNuZXBRRUFKZ3VPbnlLQ1dNOUYtejFiR2dQSmc3elg5VDhoblNZTjY1blpxTU11OHQxY3ppQjh6MGFKRHlqZDRTQkRp?oc=5,-0.1663
PRESTIGE,2026-01-08T08:00:00Z,CNBC TV18,Prestige Estates signs agreement to buy 16.38-acre land parcel in Chennai,https://news.google.com/rss/articles/CBMi3wFBVV95cUxOSWM0RHhXMEN6RFM1MjNkelZCRDdpdXJfNTdoS29wVlN6QklmSk1UU01FeW9MVG1YeUdIZGdfbU9fVWVqWERZVGJXYUxwLXI2cTQxemVRbXNURDUtc0M4RWxDVnRFcmktTXNlMGJScjJpY1ZJSTZLaUpvZGdteVhEdTlmbkV6dHZRUkNudWdxNHZmb3RUczJkNWFaTGppVHQwa3pTalBJTTZOc3hTSVItUW43bzlUUzhtZ1pEUWMtdGZ4anIwVC12bDR3bnBXdjZxSHYteHJQRnN0eXJDNUNz0gHkAUFVX3lxTE1CbExFUkNuTjZnNFljYTdFRDI3cW9OcVc5UF84NzJQUHkwWlB5X3daQjJCeHQxVjJhYlJWaG1WamhZeTdHeDBYalFyVmNwbnhweVFVMUdxMV8yRFFZbURQbzg0MVZKcktJMURLV2llV1QwLWQ1TXRfb2o5UnhzV05LUi1xR1RzM0hFX2dfM3dMRnl6SEFxMDlqcHF4Ylh2VFNyTDF2dzRFaW4wZGF4SFRhLVRpcUJXRmdfdHBCUC13TG9TQklCZmpNTU1uVDVtSTR1QmxFUVVBXzhIV1RkVUlpbElBbw?oc=5,0.4980
TATAELXSI,2026-01-08T08:00:00Z,simplywall.st,Unpleasant Surprises Could Be In Store For Tata Elxsi Limited's (NSE:TATAELXSI) Shares,https://news.google.com/rss/articles/CBMi1wFBVV95cUxQVWhWQWtiUU16Y0RyUVA1Ty0xOVlEUE9kcksyZXMwV3Rwei1zRUJFWWdpSTJUN0tiVV8zdzVsVmxwVndoWS16ZTQyWWJzbWZkWFpsTng1ZlpqMWdseE5PcEVEbHM4ODVpRmczNS0xUm1kRXJUc01fZUo1LUhKVzlmQVVsLTVQc28xM1M1ampfLWFuei1hWTM0WGV2Ujhwc0Y0NmR6VXhKaW16ZW9nTHFiOFRZSzlRbjRZb29RNVFYSHc1LTk4UVZ6a29aVUxQcXRILXc5SUJtUdIB3AFBVV95cUxOejdZc0tlQmRoc1AzM0dsLV9kVnNOR0hqVV80RXZmOHZRYTZMUVlhZGMwYm84VlFoNDZHeWZia2x5U0lNS3VMbkp6NmNpNFZDdDJfUUlpOEk3Q0twdEJPWW80ZWdMaE4xLTN0VTBlaVVQbjhjWTh1aFJlRUZoSmxPWjlDUXpqeHh5VllpNDk5TThSU1M1dXpGS1VFOWdJdkY5X3Mxb2lRVml4enhRWXFaUFEzeTJ4TU82NVFiWFU5QjEzVWh1SWFORWcyZm1QV2RTOGE2MTQ0SGZ4MnFH?oc=5,-0.7574
UPL,2026-01-08T08:00:00Z,CNBC TV18,"UPL shares can create value for shareholders, HSBC says projecting another 15% upside",https://news.google.com/rss/articles/CBMizgFBVV95cUxQeUhwSjNMd3lKUkZRR3djQ0pvazdid0lxRFhHVDY4T3RvVlRKSW1TVHNWWk83SUY5WUM3OTFNcFQyQjdVVG5HYmFKdTFCRTdKbHQ4Nzh6R0hDS2Itakh0RzRzU2pNbFZNcDhTemVLeGlkVGxuNjV0U3pycURoSmxwLVNfVmdPbFJTbkZqcmpCZExFanNFS0YwN1NvVHBQc0dfQWFQM2xHZm1ROTdJMTlodEl6cWV3bURwbWpKQWlLVDZiYk5ycHlhMVdjSmV0Z9IB0wFBVV95cUxQQjd3Z0xGRGlnN1ZIbjN4ejk5TjktNmhqU004LXFRNnhla3NfUXIzOVBLdHN2enNvV2c5M2dWa3RFUUMtd2NMLVBRMXRpOUVIYWVjazczQ3JqMkVHTWc5SDJWSi1uVHJ3M0JzSGtqaDRDd2FrckwtNkFYQ0hKUldWeUFnbEdWQndiRGw5QTJvbzF5MTQ3NG0xT3IwbUdNOTdNRk1IaU5XOUd4b1U3bzFJXzVQOWNWWGlxOGllR2VtUUdSS25FcVczVi1WcUtXUHZhcG1V?oc=5,0.9266
IREDA,2026-01-08T08:34:00Z,Upstox,"IREDA Q3 Results: Check date, time, past performance, share price trend and more",https://news.google.com/rss/articles/CBMi0wFBVV95cUxOYlJKbmg3aTRXN0tJcDRxdWxIUUhQeE9KY252ZjdPVDkxYkJLYjlPTlFITnAzSzd5enNPdVlHLW8xRVJ1VkNZX2p1emVKaWJuQUlRWUlIQXZnRUhpZTNLcld4d2ItREtZeU5DWHEwUUJ0ekk5QUphallERXpJYmhSdi1faGFaMHF5bFFoUVZrZFRCSVVfQ3J0TTlfaTZ1dlNZaXNFU1VSejdtY3pvSTRTUDZsbVBad3dKVGxWSHRuT0VVemdCNFVsWjVPd2FoQ2p3ZWMw?oc=5,-0.0388
IREDA,2026-01-09T07:21:17Z,Upstox,"NIFTY50 below 25,700, SENSEX tanks 600 pts in noon deals; Vi, IREDA, BHEL among buzzing stocks",https://news.google.com/rss/articles/CBMi5AFBVV95cUxNd1J4ODV6SV9uQlJucmJTb2t5Ym9xNHNVcW1JT202TFkzMlJGcUFEMVZtcGxpMENVY1ROTGZNd2RRSTYwbFBIaTBXaV8zLXBWQi1SSUZHVTVPYmpZZjlxb0xpdlNlV2hkX1hTbHFOeGpDUWdMcHFUcFdXTmdvcFRsWUVQOFVQV2x0TEV5a2JVa0hieFJ2NGc3S29yaEsyTERzMHNaREI4U3o4Qk03ZnJyWlZuQ0s5TzlGQ3IxQ1ZwdW5YMTVRSVZJb2JpYU9YRHNnVVFGZmctcTU1bFlMSGV2UG04ZzE?oc=5,-0.0738
ANTHEM,2026-01-09T08:00:00Z,business-standard.com,Indian CRDMO market to outpace APAC; HDFC Sec starts coverage on top firms,https://news.google.com/rss/articles/CBMi1wFBVV95cUxPQ19vX1NoeVFsVDRiZXBVbEVHQktQT0pLVVg0NUs3UElLS2RKSTl1aWJrUllZZnpWNVM3d2k0aEpUYjhKeXRKRXlJQzFFTlJRSVFUSXhuRGZ3dVRjbG4tM0R3ZzZ4UThMUnJfblhuVldFNEJLSVhaZnBkSVdmQVRWc1JXZVRienQxaDV4Q2dzQlF0UnFnN0t1N3Nib0FGTTNoaUVibWZyZkZhbTRGYS1ZRkdZazZ5bE90MzBfcmdiSlVLaFpUTHZIWmRzR0h3Qlk5b3lEdmdkb9IB3AFBVV95cUxPNGJFdkpIYkZBcW1COHdlMW93eTlsRmgwX01MNHVKaHFmd0pQTlU0N3JpVHoxQmNZdlBZQVdtdS0yTmc0Z0dJdHhTbi1xS2ZsQzFKOEFNdFlVX09WbjR5NzNOd3h1T1czUU52Y3R4cXI2S1lsUWxyRGxtTHFHNjVnUVZXQ21BNVJVd3hZVzBaX1RTM0JoRlFvdUlwbW8yWDhSVnJ0N3ZEYVNEcXdpV25wZ3B5UWNTYTdpdmxoZXZ3dW5pbFZVVHpqT3dsbDVuejhLYlNiZXU4eHQ5LXU4?oc=5,0.9224
APLAPOLLO,2026-01-09T08:00:00Z,business-standard.com,"APL Apollo Tubes at 'inflection point', says Motilal Oswal; maintains 'Buy'",https://news.google.com/rss/articles/CBMi0gFBVV95cUxOYkVMbEduQ2tJZTMwYUt6Uk5oYnRidnpBV0tzcjRENTBDT21zNzhsRDFjVnRpc1NpTkFRSkNGZzk2c3kwS3BBT0QwNWI4b1h0YnZmenc4azYtMllIakxXVzlXYWZ5aTcxZzVWcWFBUzc4NGpTR19oN2l2c0JHMUdfbWV5bkVjaWtSV3ZKV2paNUV3aXJBRVc5QmZKazh6b3JtTmI1b2l5bDlVS3AtWVd1WXNJS1psc2xacmNCcjY3WmM5STRueWphVnJTdExiamxzbHfSAdcBQVVfeXFMTTl0WERrRlFrVHNlTkdWTl9yZndlY01GNmVXV29fWTczQW10LU5WM05NYUxxM3VseUdMRlFTSVVZTVVLaWtYYVhuZGlGT0dzcWNwc0VKYmRuOHJYWnZhRlB6RFNmTWZLZmsySFRFbGp1TndCdFFKSEpFWldXVTJUWW9GVVlDdEVvRHFyVTBMRVZzNDgyRnYxTGozUnpxY1ZYZU1lRUt4eUhrUEc3Ui1qQ2d5NUFwZEFSb0pRU2FSUlpIbkFuMkZ2cFZlSEl6V0J5MzZDTDJRaTQ?oc=5,0.7914
COLPAL,2026-01-09T08:00:00Z,simplywall.st,Colgate-Palmolive (India) Limited's (NSE:COLPAL) Shareholders Might Be Looking For Exit,https://news.google.com/rss/articles/CBMi4wFBVV95cUxPZU9iQW5zbnZpU3drVzFsVWZRcTVMaWI0YlpvNkJoM1FOc0EzR1NzcU93Z2FkZkNSTUtYQ3ExUmUyemRZZTl2LUMtRzIwTk5RbkZLM3RvRXlPSWhKWk5Hblp4azhYdFBSdFZsQy16OHRVS1R1S0k5SWFXWlhxYUdSTVRyaVNsN2NEZDk3U05MZFZEN0tYUElFbGtJa2pGbFhKWWVqeDJzcEVyQUxQRG9iV0Q0SkMzY3RHcnFldjJGVHlJVTJaVDE4NEM4NEt1bV9QNDJYTUM5NG9OQjNBWVM4T2FFUdIB6AFBVV95cUxNTHRxQmw1U3owa2xFSDZqWURidHNXZEtSdldXQVYzal9yOUIySWdFTXl5SmFzMExGMU5xR1lPaGtNRi1aTXZYbWVnNjUweWd0SFNqdWtHdXdlQ3ZZWDBHbkpvRUgtR2IzNTJTa2JUVE5IR3pWNUh5YmEwN2dzQ0IyMWE3WkFJdXRqTDk0al83MzJBZDJKYllxaUVOVlZIUXVCR0dpNlZUeXdtbU1NLXJCa0lIdXRGaGgzSkVQWk5MaDA2bmpOeWF1N1lMaUMzeTZ2V0hFbVJXSFFIRXVMZXBSQllRWlJqN1l1?oc=5,0.0091
COROMANDEL,2026-01-09T08:00:00Z,scanx.trade,"Coromandel International Targets ₹10,000 Crore Crop Protection Revenue in Strategic Diversification",https://news.google.com/rss/articles/CBMi5wFBVV95cUxOOFRZc3dDUTRNX0VGREVDNlYxeTdid2VhNVdXY2RsRzhsOUNIR3oyb0dSZUo5UUN1dkpaUzlUMEJkaVFNNndfSGlGQ3JxSHFHcG10aVF0M0s2Qkg5RXo4MVdIOVhSX3lCWWZnZHIzeHFJWWI4alk1bG00VVBJTVMxbWN0cGJvZ1VLX0JCbXRyLW9zRER1RThTVnVMdF9rdVJicUMxaFIySkltLThyNmRfeVNUYkxBd2lhdzcxOFgzOGJVZUlnd0E0M2ZnUHZHUUNtTnJHZVVxUkpZejhValZCaUQ0ZGhCZzQ?oc=5,0.5684
HINDUNILVR,2026-01-09T08:00:00Z,indiainfoline.com,"Hindustan Unilever secures income-tax order for ₹1,560-Crore",https://news.google.com/rss/articles/CBMipgFBVV95cUxQaXA3TElKdEZuTHBWem9tdzRoUFUzQnd6SGlvT0ozbUxwYTNNX1VoeXFpeTQyTUhoWWxGOTFrZXBJUW14ZjVTOFJ4bjRzYVNPTWo2dlNjNER1RHN5QjFfU3VjRUVLT01aZW5ZRHEwWDJ6UVliNEJIcVBlNjFVdGFDZG96RTEzV1lNd05wMUprc21kdG5VWG4yZHAzbkdPTjJzTkkxOEF3?oc=5,0.8709
INDUSTOWER,2026-01-09T08:00:00Z,business-standard.com,"Indus Towers rallies 6%, hits 16-month high; what's driving telecom stock?",https://news.google.com/rss/articles/CBMi0wFBVV95cUxOVjNXOEdGaHFiUHhVS1JPYlduY1JmNDdLVUZPcFFuVlgwRThXVzNmRTI1X1J0UF9SUjNOZUpGZFlxT2tLZFNNaDA1UjJrSzJzS3hBQ19TcXppaTdFcENkRklhdURPb3RKOXZwem5vUEJVVGRvdTlLcV9IdmxBYkRHdmFMYi1rYkMxdnBMZms1djN6V3JJSERLSWZDdGItbG13czFhUXNQWGZ1V2lqZlJlRkdId051VXEwcnJZOGFoSDIzenNuVW9rcW5lQ3JnNWptWV9F0gHYAUFVX3lxTFA1ZUJBdGxJWWRIZlFtMnA5ZWtCSVh2YVhOTWFRdDg2V1Q5c3dSdENMVXFfc21fY1ZrMUkzTHkwOFBPWHg4cG9IOVA4U2kwcGRTNF8yeVk3TDJPX2NfMXNGYXVTYXg3REZFRF9tTFVTS2dEeXFmbkllbkhHUm15UjBPS2lhdmNaNjRDYzJSVVVyWllPU3Z2d3JkQmREbTM1OVlkb3g3SjdUQ1gzanhROXhpSjI4LUNJODBLdFRiOWZrdVVjc01CN0IyUXlpX213eDRpTnhzSnpueg?oc=5,0.1252
PHOENIXLTD,2026-01-09T08:00:00Z,CNBC TV18,"Phoenix Mills Q3 Update: Retail consumption up 20%, office occupancy at 77%",https://news.google.com/rss/articles/CBMi0AFBVV95cUxOS0J3UG96cHc2QUxlc2NQY0pqTG1nZXQwdDZsY1pPdzBiRUZqanRiQTB3azY3LVVGZnJ1ajI3Q3VyMVZLZlc4bEZ6TEVkZk81UE1SUUpWd1ZXb0VjUW1aRUNvQVVXcEtkYVBDcnNNWDBONDRYcURhSVdCQTBiTXgyYmNndXdIbGlXdVo4amdzamY5M3V4NHNWeWJHZ0JZS1YwV3ZaTXAtYVN0Qnc0dExxbGNTcUtCTlVtUGZIYks0YzlBYnRzeUJfWmdROHVyNFpr0gHWAUFVX3lxTE1SelNBT3ctSDY4SEh3TjNuWXBLT2FBM0pKdERzSjk1NUNiRHUyaEVQeVVrRGYteXFhVFlJVjg5dUI5aW5mYnpWTF95QWhwS3pkVnlIVzJON01BVFN3M3o3R1NfczhNOV9sNzdRVHhnTzlTcnRPYXVpdTQ3Q0lkMGZsanYyN0RlOG15THRjVEVrNzFRYkFmYWdsVmpoVE5vN2JOTi14MGNOQmU2dUxJQktnZ2l3NHVhaHZIUGRIRzdYQzVwdkQ4Nk5zSU1jbEFvU2dQUVFGd0E?oc=5,0.9303
SJVN,2026-01-09T08:00:00Z,The Economic Times,SJVN - 10 mid-cap stocks with EBITDA margins over 50%. Do you own any?,https://news.google.com/rss/articles/CBMi0wFBVV95cUxOUFVYd0IybFdKUGszbHRxWHJ6SDdMR0tyOGJJZ1ZHalNxLW05czNZWUkzNUFvV2RqS1NwUTg1V2pCOC0xdHRrc1VaWEptODdHR2U3bTRnRm5wcWNVdkhNUUVIVnZkNjd0ZHA1YjdCT0RFc2NkaGdqcm16OHJ0RjdWdjlVTmJrSF9UdVY5WFBNRVVxT0R2RmVUX0JKa2FXNG93Y19yQmRTaVlKVzNGUW9GZWdtOXRBaktNSjNpU2ZQelFwRnRYRDJCRUtWQmZYdy1LZHhF?oc=5,0.0611
ICICIGI,2026-01-10T08:00:00Z,Moneycontrol.com,ICICI Lombard employee accidentally shares draft Q3 financial results on WhatsApp,https://news.google.com/rss/articles/CBMi1gFBVV95cUxOMTk2bmhUb0dCMXhOZ3FwMXRTZFVrYXVHd1ZMZVlhbmlOR1VVUUk2UHBwNnFTUGl2bTJFdTZva2RCdUcyZVNsaXZrblVWYTdSRjdkZ2hoVzNDV19lZEZmNU5FVmg2S0I4TUhaVzg2dVM3S0tFZnJYN1o0NC1aSUlvOXQyR05mM2E5MEtMdVFBUTg2bmc0eFRMd0JvOEU0YnF5V1BOcGxRd0hMeDZQR09RaUhhS3NoX2FsQmlQOTlWT0VycVBKakZzWFg0blRXWkI3M1ktNlFR0gHbAUFVX3lxTE1Ua3ZWZENobEpCNm15NW9GRkpQTWtpbHo3N2dlSTZpa3o0Q0ZRZ2xud3NlOFYxRDBpaFlUUVktR014OFBDREY2SkFnLWRESVYtVU9yRkY3YlBzbU5QYjhYVU9yS0I0SmxJLUYzQ2w2YmRPQ3pkNGVUeDMzLUJGN200eWlCYmpzclZUQU9UNi0xZGI2a0JuLUVieHB2a0gweXNraDdNNGZhcndzci1BZl9rVDZuZ21ROHh3bkZYY3M3WWlMVGZ2NW5rRFVsZHFiaGlVZERPNDYwYmRGOA?oc=5,0.0051
ICICIGI,2026-01-10T08:00:00Z,Livemint,"ICICI Lombard official accidentally shares draft Q3 results on WhatsApp, days before Board meeting",https://news.google.com/rss/articles/CBMi-wFBVV95cUxPX3NqaGtBajBwMjZFZHpIeUYwTF9HaVdNZ08zWVZadC1ucXprelFsaWdraGVzWjA1cm5ta3BmRzQ5SWhjQy1hSVZ5RFNDWnN0MWY3bUIxbF9yak9PSlo5ZXk5ZTBMSFFDa3gyaUFobXlHU0lJdkZ4anh5UXloTjlWNXNkSlFkcDlHM1U5eDFPSzlQa0thODZfRkVJUGRkSXVCSEtWRjdwMU9jUjBWWWVvLTlyZXFLbW9BLTF3Wk5UOGVZZmRTMGNfR1IzMlBsMXZyNnNnemRUTHJGdXhGWDNGN3ZXS2ozM24zM3djOC0ybGZXejZyWW9JR0g4UdIBgAJBVV95cUxPem5aRWlCQThrV0ZZeUFjcXlZbzVGUTZsTkdlSDA0ZGZ0NUktYTctaDZsQVN4Tkp5VzRxQWtVTFJ0VWhpLWVrVnlsYlluTW1PVG9YQTdkeUpZMjFWMm1mbTVIYklUa2VUMzY2aFF1akZwM1cxZ3l6cjNBTkVzclJlSUJVUDZsX0ZJRzl0M0tHd2dSanZacFZKMFU1NHRtZUE2Z2NadnhZRmJ3blpoZ2NlSE00dGExcFB6cTBsYVR5WHBTM1hjT01kT1BPS1VQYmMwdUFoNTZlUFVJemFDRTdTY0tkSnhBMTBaZXU4WmNQT1JYc0NnMkhTZU9iU2xJck8t?oc=5,-0.0250
IREDA,2026-01-10T08:00:00Z,The Economic Times,"IREDA Q3 Results: PAT jumps 15% YoY to Rs 1,381 crore, revenue up 28%",https://news.google.com/rss/articles/CBMi2gFBVV95cUxOUEFocmZ0cVpKV3hWa3hlcWhPRzNHUXJ5TkRhVDF5WEQ2cE9TNEl2bG1vUnJ4NzhST1RoUldQOHNCOWFTYy1qdWNLYTNnT3VoLUFOQ29JckxBUWFpSm5CSjV5b3UyTmFBbE4xeHpjNFYzUE5XbDdVSVlVNzYyYlNzcDVvdzFreEc1ZHFQclJyc2FKdjNZZWM5U00wQzFacnFkV1FtcU9qem9RU2N1cVI0R291UHc2eXhBUDVQc05UUTJlRXRKQU9Vb01ESTNfTklFbjV6dnZvbk1nZ9IB3wFBVV95cUxQV2VfZkM2YUtjNW5vbmNNbHVKa2xzUi1FUFdUTWRFaWZfZFU0RklXNkk5RVNzSXlqVGUzY3FDdk9pZ0FuaWtWcl91bTZPNU9fZ0xFSHFIX3dMa25mVnh4VTBqdVFuQWQtWmhhYng0SWF4QklENi1Wbi1ETURPcHRMeWNhdmN6Nkt0QWhMTE1Db1gyRGh6TXA5MVVOX0gxWms2cWh3MXZKRU1iQlJDek1vVkpSUkNudld6SXRORW9ISnhYaGFDRTdEVjcxdlNfSUhMUExrWFBzSUw1YTJZbDgw?oc=5,0.9239
IREDA,2026-01-10T08:00:00Z,CNBC TV18,"IREDA Q3 net profit jumps 38% to ₹585 crore, NII surges 35% at ₹898 crore",https://news.google.com/rss/articles/CBMiywFBVV95cUxOYmRGUHNaSGdtRHVjdGk2dnhsY0ZmME05b3RnLXk1TjBqWEp6VHdMNXktWHV3NnV4OG1OTVFqcVkxdWZyMWpKQUlHYk5ESWxWTE5ZNDNlTXRsU3B0S1R4VnpuTWM1U21ybm45TDFiOVdqbEo0QlhNTUNER2FjcDBjaHdIeDJ0ZVBZT3lKcGZDdW5MR2N0VkZSRDFBMXVIUFRJM25EUmNWWENmSDN6QTV4ZHFqdTBKcHc4MUhoVGQ0Z002aUVVUXRFa3Zib9IB0AFBVV95cUxONDFqR3F0cTdSTno4cDVYOXZNOXUwNm9PdWkzOVR0aWJWVkFzWHgwek1PVlFTREhKQ1dnMXZWXzRaTTduQm9SWHdfb0stTUxpRGVfNjFVSmk3NFZEM2hRaDB2ZFRNQk5zb3dKa3pqT3RkTzBsYU0tN0RnR1pPT2tJX3QzeTF2elR5UWlLWXBDMW9FZGl3LVIxQ0hIb1lkNHlnVlBBNlBBUlNTOHNJQjBtSEt5aXV5Zk9qSVVENlBlWHozMEVpMGwzNFhLX19WS0JF?oc=5,0.7909
MPHASIS,2026-01-10T08:00:00Z,simplywall.st,"With 53% ownership of the shares, Mphasis Limited (NSE:MPHASIS) is heavily dominated by institutional owners",https://news.google.com/rss/articles/CBMizgFBVV95cUxQM1dPTi1yRUlEaVBpSmRmV3ZUdm41aS1NMXd4N0dFNXhKcmRDSUppYlRJcmpUdGpBb3JpSFV4T2FkSDB5OV9OY2lXeWZkWGllRFJsWmk3czBkTHdIWF9SZU9PS1I4TWZlOUdnMS1mQUo1U3ZZa0ljckg0REJrWFpNMjgwSDdveVBRN1plOEtBMHRGR1FxTmFEczZYUU12MGhtSXY4ODNBM3ZWMERKMDBzSkNyZ0JQS3BmMW1kYTd0a01uYTlXY0JMa3dEOFRnd9IB0wFBVV95cUxNRXF6Q3EzcDRwTFlidW1ybmE0WTRiYmpwVm9sc0VNOEFhUy1DdXhlWmV2NkRILXVmR3R2b2dNdzdKdDNTbkxPdW8yMzZGT2J5NmpyV2VfVjY5X1FtMUJFbHhob1FSLXY3TmdRemYyMkpwODhmX205eFVKWW9CVXAxSDZSbHl1T01rLXdnamhNRFBJenliWjZEVGw3M01WczBESGJ1WUVHQ1NJanNtTE03cnFkcllXT2xqWmVSVEtwWE5tZDl0UGJIb0g4SWlBYWZKbmtN?oc=5,0.0369
DLF,2026-01-11T08:00:00Z,simplywall.st,Could The Market Be Wrong About DLF Limited (NSE:DLF) Given Its Attractive Financial Prospects?,https://news.google.com/rss/articles/CBMi6wFBVV95cUxOcjVTWHZVUnRnOGNvNTlJbGp0M1FyUlhJaHBicVpYZEttZXZ0R0h4ZlptSEdWek1ONmtLTTJXdDY0VFF1cE13QWRfLVFvVE1hNG13VEsxVTVkYWt6ZU1sby12bVFoaTFQZmI1V0pDajEzV2VZcnU3bEhxRGtiV1pxaGVRNExFWEJHeVhzNG1HTXRVUmh3d2FEUmhrS1JILXlGaGg4V3pXYVRtWTJZUks5SVUxMTEtSEpPOWxyd1pMMkVGWkZlVGowa1FtUTltUGx0Q2l4el9WbEVsMlh6MDByVnp2aklpTVdTWFpr0gHwAUFVX3lxTE1aWGlQR1JVaUVlbTlmLU9MQTVOeHQxWjZhdk1QQ01aRkdkSzQzYm13NE1oWTgyaHFJRzNhd24wdmtWYUw5eDBBYVJpamdrd0RxZ2NmdHhGcFFLOTFDZzh4SmJROVEtWlFHMlVjUEh3TGQ5bGRyeDEwZWJha2xjMnQwR3NCc1h1aHIyYlc2ajZiSDJkVUk2Qmt4Mm5RVmJmMW85dGNNaEw4bmtyMFljamhRb2tHRnhydXduZzRPLXljZi00blp6N05pM21Fc2FBbVNSRjNHbEk0cHJLbzBockdQTzMzX0dQS2JudzhTZmI2cA?oc=5,-0.1192
GMRAIRPORT,2026-01-11T08:00:00Z,simplywall.st,GMR Airports Limited (NSE:GMRAIRPORT) Shares Could Be 50% Below Their Intrinsic Value Estimate,https://news.google.com/rss/articles/CBMi3wFBVV95cUxQVXpVUW1GY3lhc003VUc5ZGhaMXpad08yU1lieGJCcVlsdmUzWDFvTzVNVDhDNGpZU1pPZWNvMWtKSGJseVpHNXJzNFMtZDl6RjZGV05xenp6bXIwT05aVkFVQ1hzNV8yZTRuVTQ2SHRXUjJTS295R0E4RU96YXlTWnlHOGtqdXNsbjE3LXBwSGxabjJRRFZzTzZBakJ4QllDRFFaaDVnZEwwUVVMLUpOc042UDU1Y25lRGhkbk55QmRac1p5R0pIdlpqY1M2Ylo0SHVIc0dkYTRvaXNmSkdR0gHkAUFVX3lxTE56WWF1NGJZZkxwUFZLOWNuWUxUWWlPSGdVcDl6YzlNejhlM1M3OHQ4SmlocmJ4aHBEWGdHUG9CS1d4R1c3RC1wbzBJd1RrdVEzVHpHY0ItWW1xVFk5UlNwM1oxdkEzWF9mYVdOdC1nc2tsUHdFUjgya2hUUDQyU2FlVDBDZUR5NDJyaFN6NGh1TzFVS1N0WFJsMmxCWkVhUklrcFV4N25DQlMyaVJBYUJxOFdpbk5leDdfeVpfaUFLZ25jUjA0UFNrQTEtSkt4SmFqaktEWGE2RzE2WXBKdXdWcERXRg?oc=5,-0.9380
ICICIGI,2026-01-11T08:00:00Z,The Economic Times,ICICI Lombard alerts exchanges after employee shares draft Q3 results on WhatsApp,https://news.google.com/rss/articles/CBMi6wFBVV95cUxOMm1oQ2JCaGNKdzZzaXUxcjc0bndUR1hoUXA5Y2E2R05GbnZ4WDFPUHNCckJyaWt0WkltOTJ4V2VVTENNWTdKVkk4UzllbVJjM0duWnJkSlQ5RUJwYnhzLXpkLTVYVmdPS1ZIcHZ1akVJRWUzTFdZSlBGb3FRdC1XdEdIa2RESTFydEYzYmwtNUVIc3Q5LWRqWGkwYld3UDFlc1V1elVOLVM5Uy1LX3pVWlJKT1ptYkxiV0U0T3VLV25wQmMtRFlpZFRzVzlWZVVKRHZNa3k4eW5tUzZaanlKNHMtNC12VzBfbW9N0gHwAUFVX3lxTFBCUHpEa0cyMGlpSkdWQ1lJWWFUSjRaLUlZek1vajlseS1jYmdmbFNSek5UOGJydVU2ejZZTnhoY1RBUTFFai12bk5mWWp5RDhPb1JuSTNwRHkyOWZUN2ZzOFIyT3I0RmRoRVliYldBQnROdEFFSjFOOTM5N1oxemVhdHpuMmZiRXVIZEVuT1Z1Z2RzTnV0ZkVPVGZHMFZkNHJVTGFWTFJEdVR3T1ZGMmU4MVJTS1V3ZWx3a29nRVRUREtGVG5OZUVsSkFHMVUwZnNSU2dDZ2pqSmRZVHdUMVN6bWpKNnNxMnQzM05QSE94OQ?oc=5,-0.0468
IREDA,2026-01-11T08:00:00Z,scanx.trade,IREDA Shares Jump 4% as Net Profit Surges 37.5% YoY in Q3 Results,https://news.google.com/rss/articles/CBMiuwFBVV95cUxOVWVsR2JFVjM3SFZNVVFNWjk2WFAxUTVzcTNjakIxOHd5VmFzaTY5QWhMWmhvcFNoVVllaG0tVmhCYnVqb0NhVy1DYWRjT191SVIyTU00NzNFWV95WHZtTmxUdm5IckJHU0dtdGRiOEpSR05kY3VIQzE4WkEyUlZzR05hUjI4TVlyODBfTGhrZl8ySi1SZ2xKRUowamxfUjI1SUhNTzlKNFJTRDR2ZmRkckVDSGxyS0NmeWhF?oc=5,0.9019
KPRMILL,2026-01-11T08:00:00Z,simplywall.st,"After the recent decline, K.P.R. Mill Limited (NSE:KPRMILL) CEO P. Nataraj's holdings have lost 8.9% of their value",https://news.google.com/rss/articles/CBMi2wFBVV95cUxQbndmdGRoQ1hfb0ptbjItWmhtR2lheDZadjdmZ2hOcmlLQXZaX0NZb2NJWE5rTjl4RUlNLTh1V3RHR0NVYnhXamJHYjZCUVBYdFNlVHRvOVpqNWEtUktJSXZNVVJMb2N0aURwUmlwMUpCVFdCbGpCNnBaTzNNWm9SOGdYZ0xzS0VkR1Q3V0ctN3pfUnVycTdPSDQ2c1lxMGZEUTdiYzR3a21jWHZkQVhXZUxEcjF4eEtrMEVsQXBFc0U0QndVZFdsSl9hSzE0bVowZDNPMWNDRDZjNzjSAeABQVVfeXFMT181ZUZ4UWE1TVZreEs0ZDFFcVNqMktvSVRNcWJmVlBEaEJiX0pueU9BdGhTSVY5TFBmY0llc1pEemRGREkwWFdFeVNKVndDN1F5NDc5UkVTSkg0Ny1aTEU3M191S0t4NGVPcW1lVXR4blhfWk40SkwzVkoyeTI3WmVlaGo0TUlNdUhhME94dGRDQml6dl80WlZqa01PTnluWG5IcmVfNk9vblV5bWJ5b1dnVU5SWHdBTnQzdmdhMXQ5VGFkaEdsNnB0dnk3VzlZZGF5UW9NLTFGOC1ZVXRhSjU?oc=5,-0.9645
MARUTI,2026-01-11T08:00:00Z,simplywall.st,Is Now The Time To Put Maruti Suzuki India (NSE:MARUTI) On Your Watchlist?,https://news.google.com/rss/articles/CBMi4wFBVV95cUxONndlVi1YRk8tZVhKZ2ZsVGhLUGtqS2FVT2xoNWY1UjBBWWpsQVdObl83d3RIenRpNmVZbGItYUFzT2tFUG5ObEZVZzRqMW96UkRvZWlycHppSEpQTno3VjZ3RXVHWEFiTVVzMTJPMjRERGQzQ0gzUzg3cjlQRnllV0dScFA3Yi15RDRodHEtSkFvb3Ayc0xDZEtGTmZmemFhekMzQ2xEZzJjek1pOUdOQUJfMUtGck52YlR3QzI3MnRybEhpQ3V6dTZQWWExdjczZlVvTzl5cEVSV25hTG9YeFBhUdIB6AFBVV95cUxNZExsTVZudU1FR2ZnajNlMktuTlM3TjdtTnlYVWI0c3BHSzJVa0xIMVRqb3NtcDNTM1lyU2FOMnFILXRqZWVRMFJ0T2NqQ1ZUU21yNlJGNXVkbW5YNDJlb0kzWFMwaGVvRlRIemFLbWZhcmNKN0JRMHF0YXNCVDBiSTJqM2RmZThVdFVNQ2dFNVhvZm5XelNJSlpXejlHaTF4OGdtM0MtazBfVXZTeXNqSTViQ0N2SWgzRXVJOGlwMVpvMHZORzZKQTdvQ1R3VzE4d0wySXAtWEo2WWltNERFd1ZJU0tJZWVC?oc=5,0.0010
PAGEIND,2026-01-11T08:00:00Z,simplywall.st,"Insiders are the top stockholders in Page Industries Limited (NSE:PAGEIND), and the recent 4.2% drop might have disappointed them",https://news.google.com/rss/articles/CBMi5AFBVV95cUxNa3MwYzJJbGh2QjV4Si1lWWlGV1M0OFpLZHFsc3dqYjRNMU9VMU5sTVFzaTNwcVVCSjVKN2IyaTM1OG1kWTF1R3E5aWFVdXdOaWhIOFFBeVdxcWdVNnVTbFFBb2xvVVd3THA1bXFnOHI5eGFOdHhKc0xHYUsyQWtHRHBoY2w5SlBqMWZMVUIwZUpIdUtydW1CUFlDMkQ3Q0p1TmNoRnppWkdnSmFMbG9mZWVtVWZIV3QxWUNVVExlSGZnNWdCejNkaEs2Z0VxQktDaTd2d2h6djE3RjV2U25oM3MyMGbSAeoBQVVfeXFMTnRrX3FtUnhvelJLTkNxNHRPNWl6a3hnV1RrZmdObnJLZkp5SUhrVHFGZFE0YjU3VW9fRm5VYmExTlJ0dlJIcEpCZjZXMFROamlWWmNRVUdaVmRrbHdoR2tRNkM5bzBVOVoxZUZpSERQeHpDb01WQkJfVFlvMFhhTzc0NGF3T1lfYloweDVsbnpZd2hOOHFBMzdmX19GYV8ta3JjeDFFT2ZDS0VILVVXcU9wUHA5N2xIR2VDREhmdGpTNGJvVjNOYXBqY2laXzk3U2djTzl2YnRDdktNZjRWRGNvbWhtajgzNlV3?oc=5,-0.9554
PATANJALI,2026-01-11T08:00:00Z,simplywall.st,Patanjali Foods Limited's (NSE:PATANJALI) Shares May Have Run Too Fast Too Soon,https://news.google.com/rss/articles/CBMi7wFBVV95cUxNbkZrTXhJNHh4OWFIb3VNcVFrODhtdUI5aVNpYzJyVHh1bGtEMEstd053c01KUFRjUnh4S1JCN1JyR2VvVk5zNHROUzZMUjNRWGZyRDMyUFFlMUkwOHNwYVk1bU5LTXpLRDB0aW1XTDNRdjVfRmxrZUtWRkNjalhCVHpqRWNBblh4bDNYc190WDRaZVd6OXBNZmt5cVlvNllCNUxVSVRlU1ZiZlcyaTgwYjZJcE1UbU1QdnZSNTVrcDBwYW1mSXk5YUMwYlNESnpPWGFzS2hwemU1UWkxSS0zTFAtSFVEZ3JaUkhuTzBWWdIB9AFBVV95cUxOVXB6VWY4eXlRYzM4cmFjVDROZ2ZwQUpBVHBEbmYwVmZ1czVRNUFHZWlVOHJWLVMwTk03TjZqRkZkT0ctcWpwd0pUQTFwdmxCX1hNS2JvdHNuaS1xakFfb1RKRURLLURBa2RyVnBEWk00bzJCMDQxY3NWTzJUYTVmcWJsX3FxNkFaVEV2dHZ5S1BFSVl5R253VmxRYmZkVElwX2J3NGNIVWN1ODE3V2czRkg4c2cxdDV0S3BqeTdRQTkzTnBKTThORWo5aHdaWlJvXzJGT2U1S2FkQXNQRVBUejRDSWVYVGN6OXhjZ2xQSWlKUHF6?oc=5,-0.9141
SRF,2026-01-11T08:00:00Z,simplywall.st,Has SRF Limited (NSE:SRF) Stock's Recent Performance Got Anything to Do With Its Financial Health?,https://news.google.com/rss/articles/CBMixAFBVV95cUxQY2JTWDRqdzZkMDBQYzhiWDhnaVVmcHNXekM0b2dwVC1STm01QlRTRkNTQkR0UDcxN3BzSXNnUTNGVTJzUVVpQmNhTURtWTlQYjZqekhSTGVSUTAtMU1waGhqTUFfVWZFa01TbGxWS2R2UlY4RHQ2YlhJYkU3VmtPLWRqUjZSTnZRMGJWbHVXQXJ3WWtiVHZNNGc2MjhOcV8zYlBhWFhTVUJ2UW15Q1lUQWVtV2xrVlE4TnRuQ1dQZmhGTC1O0gHKAUFVX3lxTE1mblVwSXdvLTFId3J4ZjFvS0RYd1JVY3RfcHB6WnpGR3ZMSkRDWHl4ZzdaRzJnV0FKYzdYQjc2REdXXy1VSTVkU3RWYi1JUzN0a2tvcUtOdmhvbUV3QlRaWVNtLWRZcXl0U25INmJuYmV0dVB6al8zZDk4T25IcF9WSGdmN0JneGdRNHdLMUVSaVQzeU5FbTFETlhHMkJRTVdIWWlLNGJYWmhKSlpYRFR2cGgxVHhBUTc3MHhYS01RVWlweXAzOHNRekE?oc=5,-0.6607
3MINDIA,2026-01-12T08:00:00Z,IPO Central,Top 10 Most Expensive Shares In India 2026 - Highest Share Price Leading To Consistent Returns,https://news.google.com/rss/articles/CBMiYkFVX3lxTE5ndVMzLVBkVUhyQTBYV3YyTmJna0xrS3UweDJvazdTcTNIbVlXcEhWNjFXaTJkNVkxenJyV2JyWW1FU1Z5X2RUbDZUakxhSDBCazVsYXdWa3V5cHhuX0VjWkJB?oc=5,0.9274
ABBOTINDIA,2026-01-12T08:00:00Z,IPO Central,Top 10 Most Expensive Shares In India 2026 - Highest Share Price Leading To Consistent Returns,https://news.google.com/rss/articles/CBMiYkFVX3lxTE5ndVMzLVBkVUhyQTBYV3YyTmJna0xrS3UweDJvazdTcTNIbVlXcEhWNjFXaTJkNVkxenJyV2JyWW1FU1Z5X2RUbDZUakxhSDBCazVsYXdWa3V5cHhuX0VjWkJB?oc=5,0.9274
AMBUJACEM,2026-01-12T08:00:00Z,Law.asia,Cyril Amarchand steers two merger deals for Ambuja Cements,https://news.google.com/rss/articles/CBMiWEFVX3lxTE4zOWtiNlBZQ0wzRzhaNm1zT2lqdXVuTGFweTFPRGN4OVh6X0s4X0FGbW1NLS1RaVl3SXo2dnlWMHFDQUhtUG5fNGVIMmowa0JaV3llTElqTG4?oc=5,0.2271
HYUNDAI,2026-01-12T08:00:00Z,The Economic Times,Hyundai Motor India shares plunge 20% from all-time peak. Will Q3 help turn the tide?,https://news.google.com/rss/articles/CBMi7AFBVV95cUxQcC1DRFBsTk83NGhMdFAzUUJ4cGlCOEdPUkVfM0QxdmxLLTJ0OXBwWHFqWWZnZmEwcXBRTkVjaTdxZEpKcElhbDZpMVBIaTljSlRRWjZUMW0xc0lFY2lERW5aNlI5WXBqVzBTZ1BkM2Z4UXVBdV9uckE5RksyT0VvQVgwVlRYV2xiaVlEM1NCb2FYSzloZmR2N1dkbXhEMEpjOU1LYjNSczhQNHFmbG5UMmhIQ1lVOG9BT2RhR0dJR1FxajROYW9KZERXS3lyXy1ZUFY5SmpoWkQ4aldSVGtlYTlLVWFnZk93YWxMX9IB8gFBVV95cUxPR1hnY3JEMnJFdnRBWHFEZ1FVQ2t0OVh4bWZaV05CMnZDWmYzaTJrUWVTQ3RfVkN4alQ3WDBwYnppbXc4aWR1c0ZsMkgyTUEwTjlTNkNuOXJPTnBKNmdCaFpOU3ZPTVRJYml6cHFzTzVxMmpTRnlwM2o0cjFmT1BGYkhCNDVSdzBkeEVxTmh4ZGtJM2JLQ3MxbkwwTFg0WkZiWGlhMGNFc0ZtSXBBRlEwcmIzLXlUSGtfSlkxdzNTVWdQOWp3QnNkeXNOMUU5X2xHOVVYZzJFaVkyM2hVMmpnc2ltSFM2a2tLN25xSmpSeE9vUQ?oc=5,-0.7280
IPCALAB,2026-01-12T08:00:00Z,scanx.trade,"IPCA Laboratories Divests US Subsidiary Bayshore Pharmaceuticals for $400,000",https://news.google.com/rss/articles/CBMi0gFBVV95cUxNQXJHUm1TaWp4MkNBQl9iZGlSN2M0WUVNV3Izc1hESXRjNFg3azlJbGwzNlNKU2l1a1NkdURUVHBJTW9Zd3FnYy1SUEdEY2YzSUZ5Mi1La3o0NVB4MVpJc0tRZ0U0SGtPeW8yQ1pMdU1WRTlsc0NMdDFQa0dYX0lRQldNOWpHZlQwS25ybXBYckk3c0xIS2xrZ2lyeEVJdi1faGxNdmd2d1Vwd2N0WUtDdXprdTZxdXhuM3NZRHNJQUVQbUxWVTJ3WnZoallJanBqTWc?oc=5,-0.1104
IPCALAB,2026-01-12T08:00:00Z,scanx.trade,"Ipca Laboratories Sells US Subsidiary Bayshore Pharmaceuticals for $400,000",https://news.google.com/rss/articles/CBMizwFBVV95cUxOMUJBRjF0YXE3ajl0OUFKdjVYMTJ3Z0RYNkJqeWlxaU4yNWFIR3JYdXhUUTRVVUs4RmJ5b1RDRFduNnRCUFgwOEt6UXJLbXo3MnAwOHJqZnptUmtoR2h2ZnptcnFicUFBRG5BRTA3S2R6dUJXMWlzSC1jYkZHQTA3X2daaXdXQ1BxSDhBZ1dSZE1EZXlXVkVvcjMxRWt3QmUyODdHSGcxdGdMOEdXdmZ2ODQ4YkhwdWhuaEt3VERfNndlQWhjaFB1SHFVYkEzZEE?oc=5,0.0238
IREDA,2026-01-12T08:00:00Z,Livemint,IREDA shares jump 4% as Q3 PAT rises 38% YoY: Is this PSU stock a good buy after results?,https://news.google.com/rss/articles/CBMi8gFBVV95cUxQOXVNMTZ5Y1JJeHpiR2dZMXNNRHR5N2Z6YmJybnpmYW5ObjNIMlkxRGYyeVducTM0RDBmbndwWVZHRzAza0lDV2NfUC1qckVSTHpST1k2VnVqeHJ3RzBEa2lFRFdhMGYzUHNzRldickxLRVpuVV9FWjVpTFRObzA3ZjdUM05nX0M3MVJzQVo5MjdJbzFzTGNNNTRPU0hSenlNeUJ1bGhFR1dpSG9BLUR0dUVWbjJVR3FrZkQtRlRCT2g1d2lvSTZVcmtxdEN1UWVieWVsdWYyTlJpdndMdTZNM3BkTzA0dVRSXzdrTGY3STdHZ9IB9wFBVV95cUxNckNoajJFdXJtdHNsNWxwOW9xeFIwYWpnRmdsOGYwRFVNOWhZWFk2aXF6LVBhemwxN2VtSzdJTlhTTm11LVByX1NXYzRydUFTMldTRXVhR2lwWktiT2RDd2x3bkdYOHJmYzFTMndOYmwyRWpLNEhUSFduN25NX21mM3psT1NOSlptZDJiMEZ0RENheEpSNm5WNTNmWkpUTTVWcks3YnB5UWpLWDZlN05IbDRBamdvOGNpLXR6V05iUUFQV3c3WEUyWGMxdzZvX1BnakV6Z0xkbjhFcTJ1RnctTE9KRnZ3dXpsYS1SejFnLWhCdU1oZHBJ?oc=5,0.7574
IREDA,2026-01-12T08:00:00Z,Upstox,IREDA shares rise over 4% as Q3 net profit soars 38% YoY to ₹585 crore; asset quality improves sequentially,https://news.google.com/rss/articles/CBMi5AFBVV95cUxNNF9hWlNyRV9kOHlRUmJFclp1TTNtOGotNjVBcHNNclhwbHpCRk5SeVA5QW1sM3lHdktOa3JZSzZWamVtR0xkZDZoVVNVd0Ewc0sxRHZPWnVFZE9OS0FTLXc2eWZRdEp5SXhtY01tYllQOTN0OGtUclVVQkc2RFFVbnpqaXJxT3JsUkRnbmY4QmtFa3RCM1Y1NHNjMTdWU09kRUdlTDZXQUYzXzB2QVprTWc4MFlpaUZJcjl2ZW1LeHA3bzF1ZVB2ajUxVzhEc0w2ejUtYWFZZDdjTTVVTzZiY2NacU8?oc=5,0.9290
IREDA,2026-01-12T08:00:00Z,Business Today,IREDA shares rise over 4% on Q3 earnings,https://news.google.com/rss/articles/CBMiqAFBVV95cUxQenE4dUp2YlBLaXo4RVZtWU9UazJXM2lKamV4YUk3d1JrM1h1VVpVTHZabVBUeXliNnRzR0FCdFdKQnNxVk16YUNZcVBtLXN2dGdIRXVkc1VSemdXcEZpVVZkZ1ZVbkw1a01BWDVMazhZa3VpeEVxQ1M3cmJCM3A4QWZ5aDlJNDk3Vk5RWGZmNFhFOHc3dmtCNVFmbENlbHFpVkdfb2FlLUPSAa4BQVVfeXFMT2ZsOGZ2LUNMbnFINVRRMmdBMGVwTnctTXBOODJ5enBsck9uU2FlaTBHM2E1VkYyUlpHSzFfa0pKYmd4OHo3UlZRXzd2cFMyTnhNcUVWSTd3M3AyeXl5ZEpKRGRoWTNpRjBkb3NlOUE5Y1ZDRmRJblJJemMtcGZyWEFoRUR2TERGZGJsVWhTVkk2U0J2bUNsVVhIMVF3UDlySUFHT1RPS1FSU3Y1RjJB?oc=5,0.9260
IREDA,2026-01-12T08:00:00Z,business-standard.com,"Ireda shares gain 4% on posting Q3 results; PAT up 38%, revenue 27%",https://news.google.com/rss/articles/CBMi0gFBVV95cUxPdW1uTUN5dmE2amJWQTFUNDhrVlZmYkE1VFZyYm94RHFqWkxkeDBLZ1JDb05RTnpkeHFlNEZrSFpoYnk2SC1kXzdxTWU0NVp4R1FsZjBXMjVycDAyTUtfX3NVN1hHY25UZElpWV93aWxrWE5ycnRrMElBZkVvbnA1SWlha2pTMHJuZ0dlUkh4a3dLS1ZuOUdmejlnX2c2RnBrQ3UzLWZZVFVncEJkMUJLVjU0NGFFdFJpV25WSXEwaXZMLXZSRUNIR3FjWDF6bWFTVnfSAdcBQVVfeXFMTkFWYWpzdFRjS2tIUWJyRXVfODNkeGxjUk5YT2otaGxUMEpJRFQzWTFZaFdjQnd2NnVUVmNLQWxFQWNRcWFJMzNUbHUyYWlpNlJhM3B4ODNWZ2dhcGtQSHNCRjY1UFF5eXBrNmg2ckctQ1ptamNaUFJUYWNyekZTLWVwRUlnSW5mM0dIMnZfWWNSLXJBdXgxSFJhTkFfREJ6bUQtZWVabkhUNnhCOElrRUtlV3cxdnA1WVItSkJfa2Q3U1h0SDY2R3I2aGFSNFFacVM0ZE5NVXc?oc=5,0.9303
IREDA,2026-01-12T08:00:00Z,Moneycontrol.com,Q3 Results impact: IREDA shares jump 4% on strong profit growth; Tejas Networks down 13% as firm posts...,https://news.google.com/rss/articles/CBMi_AFBVV95cUxOSGVKXzJEckdUc3JkcWxreklNb3pKMXZWWmVJQmxWS0k0aVJ0SkRoX0ZTRTlOQ3lhbG1ncDFrcElBTXNLTEx5dkszV3h1OXRtRGxvRGZ3cmZ4VWhjck51M1NNQjQ3U0NSQ21Zd1VVSmkzeDl6LWRQbm4zUXk2b2RMcUh2SWlGd04wRjJpSWhTYjRxUzdaLXFtak1tZjl0MGluc2gtN0VYT0F4NEZLdFlyY0ItREV6enhGbWR1NnV1WXMxQnZYeTBUZDJhM2JDUnUxLWxaclpaRlVkZDBMeEtWRU1kU1dUM01JSDBfWGdnZmpPelQ3eFVLd2Z4VXHSAYICQVVfeXFMT3BycElxLXVJazR2RXFvYmJBbDEwcFM0ZXMzSzNnb0M2bi1pUS1WX3ZoSDZBbFR4bHNUTmNwYWUzclFqY0tULUlKT1FRdENLZno1cGh5Z0tORzhaRDYzX3VqWjRrMk5EQkRkcElXRnVxNklQWTN4bWtoM2F3MkpTVHNRUXhzSFRyMy1WcmtEZGc5NkQ5ZzZXYW9YV0p0V1pJSmZmTnZhcmVSRXZRQ2VJUUg5ZTdOS1NpZmUzTkVldThFUFVkM1NIM1VvNURoZE9RSmN2WHRjLVgxejMxZ1BZN1pfTlBGVlZBNnpseTkxSUFsNm9WRFJ1YWFUdFdUanVpQTBR?oc=5,-0.9363
LICHSGFIN,2026-01-12T08:00:00Z,simplywall.st,Lacklustre Performance Is Driving LIC Housing Finance Limited's (NSE:LICHSGFIN) Low P/E,https://news.google.com/rss/articles/CBMi8wFBVV95cUxQNHNlNDNON0t2TU9BQ21jN2FrUTRFOGo3VW55Q0t5ZXc2ZUoyN1FkemFrOUZlQktCTmFoOTJVclEtU2g2NUk0SnBpRjlyUmNISmJVa0FaNHRLZmpKd0cwSzRYWHoybjBJWDc5YUhGV20zYm9VVEFvTV9tdlQ5Zk5EUXRuRHlobjJBbkFBeHdXNGtTNVdrbnUwMWVVRk00amxrdDVVMG52NVZEUmJveHpycVJwSE9RRTFYeWhFUXJmeHRoNVFyYXp0ZkVCOEZXV1JtWGNzNTB5b3dxYkZweDRVbV9CQmt6T3kyOWhDZzc2c2R0VlHSAfgBQVVfeXFMTWo5dDZFQkNlZTMwSVdHODFSN0xuOS15bkxCTHRlWGpEb2lJV3N0UTBKWVJkZWFUcUp4SG1QQmlvUUdJV2V3Ym9zQjRaNHRBNTRBeXhRbC1yUTZSTTNQT3R1T1NCY2t5Z0JtVjQzay1FTGNVU2xvWUtvbU5UX2UzeHZrZTE4Mk5DXzVpZ0NrOU1ibzB1S0padzZDNjhzQnd6LTBkZ2JHbjNmYXlwSEdfTlBFRUxtNXBNVDJlUjRjVGdzT1hGYTlhTUpRRTQwWmFpQzl4c0dMNlQ1aXdCU3F2NHNBcWwyNnBFeUVPbkptX1VfSFp4VVZlLWw?oc=5,-0.9556
MRF,2026-01-12T08:00:00Z,IPO Central,Top 10 Most Expensive Shares In India 2026 - Highest Share Price Leading To Consistent Returns,https://news.google.com/rss/articles/CBMiYkFVX3lxTE5ndVMzLVBkVUhyQTBYV3YyTmJna0xrS3UweDJvazdTcTNIbVlXcEhWNjFXaTJkNVkxenJyV2JyWW1FU1Z5X2RUbDZUakxhSDBCazVsYXdWa3V5cHhuX0VjWkJB?oc=5,0.9274
PFC,2026-01-12T08:00:00Z,Business Standard,Here's why Power Finance Corporation shares were ruling higher on Jan 12,https://news.google.com/rss/articles/CBMi1gFBVV95cUxQWUFIWGNDNENFVUpSY3FGTW9qTXNqNjZIMHRBNGRQdEI0dVpoM1R0TWdHX3FvVm91NmZYOWY1eUpZdzVsV0FNQlJFLTJRYUFRNDNQbGhSNTY1VzJrMlg2Qk1SQm94RVI5RWFmdGttM2dRaGtBOGlWdEVPQ1ZkX1BKLS1SVW1aQmw2MXVKNzNMYUFoSmJMVFFFTGQzWEIyeFdObk9YMzBkYzZZNWk3Um5PUFczdU5zSmsyVXJkejBmMUoyaEpGUEJkM25WZXBBU2M5VFVvYmpn0gHbAUFVX3lxTFB3S0lqWjZhZlVpbVB1bmJsU3NhajJmTkt1cTVZQjJOb19YblBOWUN6aldPQ2R0c2M3TnZvakVTZi1KRWxaQVZMX3o1OWFxdC03N0hSSUM0TmQyWVFBbGVNTGw4b3FYdm5XYThnS2E3aDZMSENmUk9KSm9IYVdxSEt3aWVDaUF1MDk4aDdBaUVEWDhMV3d5V1p6aHZfV2FoU184dFRyQl9VZkp4c2MxS29KT2JIeEVwTk1VZ2pmcUNrbG4ycXlVSHRHS1hTZGF3cmc0NFZtbXZMOEJsNA?oc=5,0.2555
APOLLOHOSP,2026-01-13T08:00:00Z,simplywall.st,"With 42% ownership, Apollo Hospitals Enterprise Limited (NSE:APOLLOHOSP) boasts of strong institutional backing",https://news.google.com/rss/articles/CBMi7wFBVV95cUxNZWtKTTZldGVfXzhCLXpQdG1HZGd3TE5NZUV6Z2lsbFR4VHFkYS1oWmF3VmFSV0VWbERibkVKTjA5VWtwcGg2V0J5d3dxWk1IY3dZV2lNWXZocXp5NDZlVXpJODQtU3hvakNqTWN3NzZMSG5KSG9NTkFkbnFCQ0htRUdFcXVRdkk5ZUxxYnZYdzlmWU9GZHJoREJoM3pHSEF2dE1tOHI0Rk9jRDdKdHVTTVdOOGFKR0toeU00VUt5RHQ0SlI1a3VaY01TRE9MR0RsRDZEVEdHd2dfTTRXdnNxbW4yRnpaWTJ6V3QtbkZpVdIB9AFBVV95cUxOSnJEVE9jNW1ZcWVFLVBoN0hvWGJYSkhvbnJZYXY3RUNGaEt5NG5wTHB1MzVVZDY0aVpsSm5xTE1zeTEtcGRodjBfTDhzVnFDVXhFTU9vQzdwZmRaMzY0S21wMFQ0ekEzdVY3Vm9HT293ejhXb1dSTms4VDhsOVY1ZkdJQ2t4NUhnMnFyaFJLWFliRG1VR0o0ZXhQWThSZFB0NkFZNnlTZ0ZVX2NETDgyUjRfTFA2V2N4Ui1CUjU5TkVQSlBtdXBMZWNkV2lta1ZtMEw3cFRhR1dsZC1CaWltdldCN05TSzZnNm5ZVlRlbllQZ1p3?oc=5,0.8803
BPCL,2026-01-13T08:00:00Z,BusinessLine,"VA Tech Wabag secures large order from Bharat Petroleum Corporation, shares up 2%",https://news.google.com/rss/articles/CBMi3gFBVV95cUxObmRra3l6ZU4tckJCc1RoRVhFWU5STHhpZHZTckladGZJa3FLZlNuME5wY0Zab0Y0bzFTLXdlaHJwMjh6SmExREZ5cGMzTnhSSmprSWl4al9EWFNHa2VOVngtc0FJNmU1eXBIYVRRSkJxRGJzVnU2UWxPWmppeVhKbTB3QmJuYS1EYVpka0pEYlVEZVR2aTdwakplR24xR2JlbEs0ZVR2aFJVVWl6WmFBNUxGZVpuZmN4amFENXIwQ1Z3emU1TU1UUDROQzNhQjMyaWVEdmkzUG0xMmJMdUHSAeQBQVVfeXFMT1ozMzNnU1UxNldjVFUtUWVYeExXc2Z6WUtrTnlvSm1SMnk1ZmxzNGVpbzRaRUF2MW5kbmgxVmtNMEc1VE03US1uWUltRDJDOFJ2MVRqWU9KcHRwUWMxMUFkSjZrU3U1MDBZMkt5eUlILWlDV2xmcHhIMEw5VDhtYVljVDVUSG11bVktVmF0VW10QjYyUm1TOWxQVXlXeTY5Zl8xOWk5N21ZanRoU3ZEN3JfRGNCUFJxcWRDVFhwQ2R2aGxPRlFKQ1VGQllTWGFWcXg5S1ZyQTRKOXBVSU1lVWQ3V0Fu?oc=5,0.9078
BRITANNIA,2026-01-13T08:00:00Z,simplywall.st,Britannia Industries (NSE:BRITANNIA) shareholders have earned a 12% CAGR over the last five years,https://news.google.com/rss/articles/CBMi9gFBVV95cUxQVGljTTVRTHdTTVNUWkJNVExUOXF3V2FsaXZoclVtU0ljbWJsS2FYWW02LUtOcTFQNm1sY0hCakxXVlh6Szhzenc3TkNSNEJoWjREeGdtbjFERExvNlpLajFEb3Z3cGFaX2V1QzlwQWkyRXpXT1ZrY3laTnlsSG9PUFh0cW9FejlrZkJEYTlibDB4X0luTWpSVHNYQzNwQXQtNEVKeE9mRk1pYlNHQXU5UGRPMjRIZURubF93SW0wS3h5NmpnRXF2empsU3JiYzFGaDhiUngtY2E3QW9tN19EOTRjRUJuZzJoNU5nTjAyQzZGVVF4eFHSAfsBQVVfeXFMT3AzZmRsUDctMEdKMWtIX2I0NVBXaUxDM0tMWFJITDNXdTFncnNXNVg0MWRwWUg4SXFaU0NLOE5XWDI1TU56QVJjSkRpTzZuMFNEWmhVM3JwbVVLYWh0OW1fUWhaZ2hRUHl4bGs2OGMxVHBST1ZkczlqVjlkSE1GRHYxN0hpZE83UV9uaUJtNkhWd2Z1cmtCMG5jQkdOcXJ3R1J3ZUdfNUNZUGZxSVZHN0NwSF9HczBhdWhEUnEtVzVKM256TjRvR21zYkdhSkdNc1VoOHUwbzlQcG82cVJqbWhlRTlnUFRTUjBCZUllaXF4Qzd3LTNPa1dHbGs?oc=5,0.6913
ENDURANCE,2026-01-13T08:00:00Z,scanx.trade,Endurance Technologies Receives Enhanced Industrial Promotion Subsidy of ₹858.29 Crore,https://news.google.com/rss/articles/CBMi1gFBVV95cUxQbzNReEUwSktlSVI5YnlzYU1ROHY4ZzRvc1Z1SGpjSmRNa01YNUZleHBkMmFhZXdLd1NtTGdib0E0V0xBdGNYdGVidzQ5dWJTRERDX0JMYlFqY2M2dTJrSlBETHBMUkdGZDliUVRvZVZOWkxENzI2VnhGRkZxWXBIcENCQ2hXeTUtOTA2Z3R6Mzl4a2RHNVFKRjZyUmIzZzRYSVpEb0pSSmp0SU1LY3M2WFFQRHk0RnRCSHlWeVBpbFM1Q0pVbzJyd1k3RUNwWGtKaWJTSkV3?oc=5,0.8971
HDBFS,2026-01-13T08:00:00Z,Univest,HDB Financial Services Q3 Results FY26 Preview: PAT to rise 25.59%,https://news.google.com/rss/articles/CBMie0FVX3lxTE1abFZsS08tU3NHVlh4MmptZDBwX0hMel9BRW5vT282SVEyNmZmZENHS1NYTE95Tm9vTktTLVhZb1YwQ3FqV2QwTkE5Rk9nUEFFWVh4Z256eEZ1YVdDR3lXdm9Lazh6cXFNZ2dkZ0hrOTA2dE5nUWp1c1djcw?oc=5,0.9305
ICICIGI,2026-01-13T08:00:00Z,Upstox,"ICICI Lombard GIC Q3 earnings: Net profit falls 9%, net premium earned grows to ₹5,685 crore YoY",https://news.google.com/rss/articles/CBMi6gFBVV95cUxNMG1FMmI1Mkt6REI0NWhGN3dCdG5OcEpoZnNXMmdkbXppOVRaU3NUWWU4b1NUS2NVN1RQQUFGcHN5WVpLTm5malktcE1BOTFzanp0Qkd5UDdzLXctZDU3dDVQZFlOLVpndVE5NzRWeXltdVp1RGpfUnBPcm4zMVdxOEFCVEQ4dWtVUlN4MlBDek41QkxLcl9JNVoxTmZEQldzZnZmbExILWFEeDN5M1FEMkRLRl9mVENKcmg5ak1ROTNkel9MSnpYYThQcW9BSHBOWVYyaF9rZ2JoZUdNeHROdnYwdEFCMGc4bUE?oc=5,-0.9204
ICICIGI,2026-01-13T08:00:00Z,CNBC TV18,ICICI Lombard Q3 Results | Net profit falls 9% as combined ratio worsens to 105%,https://news.google.com/rss/articles/CBMi3wFBVV95cUxORHMyNXVlcmY5NGlMNFNBUXZ3WHdNQ0pXWF9vaFdWZnBSZlp2ZTMwVGJhM2pld3pPbl9zYnpRaDFzaGszcy1PdUFlUUkweTgwZnFuOVB1X1R2QmQ0WTBUb0RtWkExaHM1MENScG5UbmIwVGtQeGRGTUNDNFZsT0Fwb3NWWFBLYjZrS1ZRV2RPN211aVlKLWlDTlEwdHRnRHlmbEd6SFhiaVpHdHhYU3FiNFB6eWxyQWFucGJQQzF2UkhYWjhHTWtmQ0V5N1FReExPa2hyMF9SR3U0bmV2WHdJ0gHkAUFVX3lxTFBLREtIWVF1SlNFcFR3aUlfNjZ6aFFmXzZsZVU3bm5melVVbm5LbWRraVlOTUZqNGxBOFhkY0dveDVKbUJYeW9DcUNGcEJLdXBUbzRwRWRBaEVER1FSLWkwU09YUTZNSU5mekhob2RHTEtIWl9yeGZUMmwzRVNrR1ZjeV9PcWR1anBhaE96X2JRWDBWLUJrNmw2dnppMkVwcDd0OUlYZnFIRFQtTTBxS1ZpLU1Db1ZScE1COHFQSjNLeV9iWExySkVuQmJ2dmVCeG9tRVlWc3ZfaHBpOThnRmFmZjk5RA?oc=5,-0.9644
ICICIGI,2026-01-13T08:00:00Z,The Economic Times,"ICICI Lombard posts lower quarterly profit as commissions, employee costs rise",https://news.google.com/rss/articles/CBMi6wFBVV95cUxOTkwzVkNlZnlmZkRGVkJUbjVid1hCZEFvQmhaSnpLd0pIQ0F0aEpndnY1eW12dlhfdmtmdGZiVUZIWkdQMXp5aHdoNWFlT0w4NmtORmJGM0hKMklGMGwtNHdSX1lhbm9oMi1mYmJfNXZJbHA0X2dOemNWRGFEbXM2TDM4ZkU5UjRueHZWR0t5b2Z0T01aTFdLLUstY0JNYnVzWUdGY2FaVUtydmR1Z1JCSGxRdVlvdzdGV0VoT2dSZVNnQmFzcVc0ZDdZNHZXSzVyRjA0bTVRT3ZCOTl3M1VXUVU1RUFLbDNyQ0tr0gHwAUFVX3lxTE10R3VwRFJKaS1vd2I4RG5KNW0tYUxDMkg5MmJhazlPU21oMlFsaDQwV2NPaVRFY3FBREt2eEdzX2Z2SFl5R3pLRmFwYmpHM2NBMm1WcldHS3RlN0xpM0ZwWER3SDVPT3B6SkFycDFGbEpKcEhqeEtqWmlEWDhycDBFOUxkMXd4M3VrVXZkVjA0OWxOaGFGcVVGdEdYOC1kMDVOVE1kN0t0aGUtaGU5VmRsa2V2ZWhGRHJPSHFLcGJ0TVJFeTN4M2FPM01qT3lQZUh2RDZqRTdrTHVJdVF3TEprQ015aDNjbEpUSll0a1JqYQ?oc=5,-0.9579
ICICIPRULI,2026-01-13T08:00:00Z,Moneycontrol.com,ICICI Prudential Life Insurance Q3 net profit rises 20%; stock jumps over 2% as VNB margin improves,https://news.google.com/rss/articles/CBMi_AFBVV95cUxOU0xsNXdFVjF3TWIzcVRvMGRNZmlDcHUyWEF3ZGc5TGlSUU9GVm9xMnVyQTRwWVpYelVKQjN3ZDJCWVJNaXlVc2cybkpzeGhoQmdxZ014N0JWcDZ4ZFJkY3NlS2ZKRDhfUmFBOV9DMldQWDdmWmFhbkhEaWJ4SFRqUU9OOWhEbUhsbDJXaFgtVFBDeDQwWkdIcGE0b2Y3bWtZSm44TmtzWEJqWmtWNm9XNjNra05TUDdPZVdNZVRXSE9jd0J6dm5zNmRTamhpemd5eUJMWDlxVmxZYUhrMmttXzZaNkh2aHhwREZtamZjSl95ZkM1T0pkZlQySV_SAYICQVVfeXFMTTdrMjJnUmV4bmQ4OG45aE1uZVhsejlrUFR4OEVMWjVCdm0yT1pVa1RNN3RwT3pEcjlsWTFUU09wNlRYQ0NmX0ZZaEhGWklkNEdHeVhUc3JPOTFmXzhyQkQ3RF8wUHVxQ1h6emRHZnpvallZSDlKZ0RiN2tTN2Yxa0pqaWVIRUVNZDVyTk5FYXpFaHdxX3BnNWlUWVlwZWpXY21VQ1UwUFZuZ1paYUxtU2xYdnNzVXdBaURrZjhIMUdqclhlX2xjRW02cW1sbTIyWkcwNVhDMFhDdWk1eDIxT1NPRHo4a0NOWEN2dXBlV1FvcWlkSVVNWFZSMUUyTDF4NEJn?oc=5,0.9104
SJVN,2026-01-13T08:00:00Z,Moneycontrol.com,"Trade Spotlight: How should you trade JSW Energy, SJVN, Alkem Labs, BSE, State Bank of India, and others...",https://news.google.com/rss/articles/CBMiiAJBVV95cUxPTDhLbG9zekFqTGwwcXZmLVZ4Z1ZYTmlKUXBNV29xZXFlRk5tdVM0MWs5bFBBVDQ1UFNiaHJaWGE5RU5pRURLQ21kU3A2cDNtdC1YeEcxb3A0Nm5veTJUaEJYUWJyZG1EY2hWOTd4cV9ka3BfR1Rad2laWjZ1Vl9OUGlrdFVqTlQzWk5hZ2FQQzQ1Sm1oa2xfZGhaTWMxc05IaGNxQlJxY1VwLXo5djM2NmkxelZMQWEyU1hJTktWcVExcGwxV1daMjNleU5hV2hSQmVsMGJ1amR0UUxmTVBpNWVtdndobm80Qk05blN5Mjc5bktvQzNaZ19DUGJoeDZvRXlCUHhTc2LSAY4CQVVfeXFMUE1hbUZMZktoUXNzM2FCSGZoVlVzWG1hR05rRlZjdFIwM3Q1MWFJU19Ca3pubEU5UHUwVWVkUDliZzZ4OFpRNmhzSU1RcS1xMjJCa2N4NkpSazU1MmdhNVpNUEFnSnBFXzZ1aFNVUUEwTTBKVVd3dWNBQko1Q3hMWVo3bGpIU19tRGRoNWpRTTQ3Z2ZPaUppVEtFa3FCODBmWmFtcHNTYTVnZjRPMmQxcG80Z3gzOFg0SURnbVJrdEo1Qng5QkEwSk00Wkd0cklPVkVIb1k0d3A4RUJWY2RWM21pZkNtbjl3NjZSTXBEVnZVcUU1Y2Q4M2MwWERrcm5EbWQxaS1FbkVhMTdQSjJR?oc=5,0.0440
VMM,2026-01-13T08:00:00Z,simplywall.st,"With EPS Growth And More, Vishal Mega Mart (NSE:VMM) Makes An Interesting Case",https://news.google.com/rss/articles/CBMi0gFBVV95cUxOMFZzZDAwNlBCeGU0VWZyTmdMandmOUxvLUdISU44TmlqaGdiNUdQWTZLV2ozSVRKS3ltZWFnTUlnTTMxQWQxZVNMQW9ReG12R29PV0g2cFdkZU1uVkliT3VvSjlmVFBNZkFsaS04enA0YmVROG9OOWwxUEptdnJtLWg4MnpqRkpLMjBmc1pHaFlXYjdIUTFMZ2FPX3BOUjBJS05PeTFtSXhuQ0lrM0I0Rk1PZFlKYWxKN25PcVdzVzN4MFlLZVpLZ21oRWl0bjNnVWfSAdcBQVVfeXFMTUpfY2Zud2Y0R3VDeEFPancwWEdJZFJjQWVWZG91cEFfTElGMWFlVkVUSmRFQVFZZG51ZGxiMzZlSjgxai1iOXc4QkRWMnRqNzhZRkpha3lvNUdHeGUtRlhfdm9FeURQcEdoNWZva1ZMZVZLMG9JRHpWZ2FmdE9oeDB6ZEQzR1FwYzhJajRNaVdFRl9JWHRYNzRUb25VUUU0am9tbUdoYndMS1VhMGFzSXI2aVdfcFh2SmhnakpBeWtUMGdPVndXd1djT3dXT1F4T3k3X2t4TkE?oc=5,0.6152
ANTHEM,2026-01-14T08:00:00Z,The Economic Times,Quant Mid Cap Fund makes complete exit from IRCTC and increases stake in Anthem Biosciences and 4 other,https://news.google.com/rss/articles/CBMi_gFBVV95cUxNV2diSzdseFJqWWdwOEFHUHRIbzZ0eWxrV2dmVWhJWGpGYmdqMm9HM0hQdEd1Z0Nua1BHME9ucjhiUmdBMkR2cy1XT2VQaUlnQU13VURza2xMWlRwZk9Qd2IwdW5oX2FpU1FpSTdIXzNDell5T1FtMmZfMmFXcFNHcXZXT1JqT2JGNy0yTmtuUjdxY1M3MlJwYzI3WGsyMU9NZjh3Z1RzY0tmMHRuWHUxWWZQY0l4dHg3VVFNdV9zU2tHaEJ3WVFpZzVKb3NXMS1QZEZPNHJGd1VnMDNrVUlHYUliOGVVcGtBZ3NLMzZTVjUtZ0dWY1FjRXlrWmRFZ9IBgwJBVV95cUxONlh5d3VRRms0NUJKYTVrTDQ5SHoyTDdDWUdJOTZGVGQwbzRNemt2Q2dUMG5XZVJzUHVKZEs4clNWWmpoQVBmYnlmazN5U3N0RVJxMXdWeG1UdUhrMkpLbzE3MVFWY2ZieUdpY3M4aHZXNVdwOUQ1aE4ybUtvbkgyN2ZDVDRGTnQtVS1HUWRVN3NBWFFSZGo0emNSZDdTb2wySHJXTHFTUGVnUHpvUGRTRzJheHM4LTkyRTNBcExNWXN5eXN4NHhqWXFQX0Rjb2hmMnJqNmF2UEd5NW9NS2xHTVp2eWVtNGdUbFdPZXMzeUlOWGNVdWFCaVc3bEUzbk5ULVRj?oc=5,0.0260
GAIL,2026-01-14T08:00:00Z,simplywall.st,Declining Stock and Decent Financials: Is The Market Wrong About GAIL (India) Limited (NSE:GAIL)?,https://news.google.com/rss/articles/CBMi1gFBVV95cUxNc21WOERyV2ppWWt4UE9fcEJXeUlFaFk4b1pZVUpHRjlaNTAxR3BVR0pxdzJRNDRQbHZOZlgtVkt6SmpzRmJWbjQ4MF9CNVpPMHc2dXJadWtZQ2lFODFFU0pKNHBxZWJXZTFfTl9LblJ5aXQtZ3djR3ZEd3RfUWt0aGR1VmZHWS1MQ21rd2J0T09GMko2bk9hWWFiTV81U2ZnT1F6MXlJc3hHV1hCQnVOeTROLXh2Q2RwejhodEZ0STRoMTJtV1VvS3JpazFtYkJsQlFkOEVB0gHbAUFVX3lxTE94M3hmUWlPbGpaRUdHeDF6R1ZEUDB3RUxNN3hRRTA4dDkzZjczR3hmVW44ZW9CYWJKejMwWnh2N3NQZzNBMUFuLVU1R1hjSjd3dE1uUW10NHltbjkyUFZocVlfNGI1eGF0ZEJOQjdyT2dVYVRXeDVtb0tLNEtnZHJ4N2RFWHctQVVYSkUtX3ZCNmhWd215QVNYak93SjF5NElBanNpNEhScFlvT3ZtUzVVN3ZJM0dzcXU0aTR5ZE90TG5PX1JMMDE5eHV1OWUyZWdUODlVVGlnelg0WQ?oc=5,-0.9320
GODFRYPHLP,2026-01-14T08:00:00Z,simplywall.st,"While private companies own 31% of Godfrey Phillips India Limited (NSE:GODFRYPHLP), public companies are its largest shareholders with 38% ownership",https://news.google.com/rss/articles/CBMi9wFBVV95cUxQNnZzQWplekxKbVk2Z1YteHdMZVNrd0o4YkIyRmd3WmxPWlc3MXZab0RUZ0hQQk1GMW9yb19IWjRLVzRoWnRsZGM0TnduMDJ2ME5xSGFoR2pybTBMNGVUc2dUV2NfZkJrOUNzMVpTMlg0aE9KdnRMU0RCbGd4b1M2Y00zS0Z5NHpOa1pmX1JaY2lseHhZWGxOSGhhWmtTaFZlTUkwSFI3b1lMZHF6ckg2YlVnWWVobURCNWVXdmF1RC02eDkzQWxIZnJFOGNFaEZtZTRZbXdjUHYwdV9kenRPVFY2Mkp4MlNMd1hWcU93M0RwS0ljM1hv0gH8AUFVX3lxTE1lTkNGbDl4YVJ6eFVPdGo4NDFBXzAzOENIMkk3U0VfRjV6WWRKcWFpdjNuZWRsOEx6WTU0QkxEaW9KWHZjZjY0VDV1V3VWSk9UZFNxaDh2MUl2eFN3M3dQdGt1SjAwUWl6b09TMjhHM1JBTmh2Z3gwMHZ5bUlBaG5Tc1hrUldVcnNZRUp1dWJHQTZMVW5zaVZqcWpmYVN2OWhsdTl3b2tqb0JFMXdJQW9YcHlNMzdZN2RfS0RZRDRUcFpVYU13Q1R3d3ljbnJJWVdnWXEyMGQtWU80VUJrejROYkhjam9rNUdrLWdoaWg2eDFyLUVSRUNFbkNNOA?oc=5,0.0185
HDBFS,2026-01-14T08:00:00Z,The Economic Times,HDB Financial Services Q3 Results: PAT rises 36% YoY to Rs 644 crore; NII up 22%,https://news.google.com/rss/articles/CBMi6gFBVV95cUxQT0xrTDBLM3hkN1l2aV9vNDBYX0FKbkluYnNVUXVTQ0ZXWHB1SF9yeXFPQXZCbk1WMUg1MzBkTGwzblFVcEFaT3c3eTQ1ZkxOYUplQ2RpNHBzanNSRkdxd1FNeXcteDFlREstNnVYcU0wYlJfQkw3Nk1Xc0VXUWExUHRJeW1YbjN4TDMyV1BHNUVrcWxfd0t5b0V2N1FaVk5DS1I4UWhaTHV6bUpsaHM0M3htSU4xNGxSQ3p6NDZuUXVWREpTbjVUSUU2bm9rU0gydW9pTTBEa2hOVnRVSzZ4OGlha2lEdUJ3c3fSAe8BQVVfeXFMT2w1OGJpTEJpZTM1RUo0X1pyZXVhNUNYRG9LQWhGSXYxcDNabWtlZ2N2NEtGei0zS3Juam5zcVVDM2pOMFdMb3JnMHJ4Y1JBVHFTcGRLUXpmNzV6aDliRDY4UEhQQ3BfUXgxdGxRWWNGbWlwbDlxSGoteTZMNjRaWV9yX2ZoRERsSFI3cHBrMmxucGpCMDlHUHNtcVF0a2Rla21oVnJ0ZWdpZWtEUHZKcldRUVJNOFE3OG9ZeXVjY1pDT0tObkVqUm51cGl1NFZDMjliSWlSbkdMS2dGMEVJaUJMdXg3VkRDOEhfNW1FNmc?oc=5,0.9094
HDFCAMC,2026-01-14T08:00:00Z,Livemint,HDFC AMC Q3 Results: Profit jumps 20% YoY to ₹769 crore as revenue rises 15%,https://news.google.com/rss/articles/CBMi3gFBVV95cUxQaFctdmhSVWZtcDMzcFpKOHhzZndnZ3FiWC1KbFA2ZTR4MUVFLWx0TE04QWpnT210aTlpUVNGd0t3Q1JMRHowbmFZdHByekljVkR3b3BodGIwUDFyVlFORGEtbTctaS1xOWpPMFlISDVZOVVoSngyekFBZ01QZThNdmNXeVUxeWx3S1JFM1BPMXpNc2gwYzRWYUttZTNKazRZVEFNNXFKaWM2UmxIUVZkd3FBUUlvZ3NIbjctdS1ZSjl1NXQxS1JSSENudHZpTXI2WE1tTlo1aGlBcy1QUlHSAeMBQVVfeXFMTUhlc0JOOEpDczB6TjV3ZEVZdzV0OFBNZllRYXFRYVQ0QmgxVXE5T0FFdmJzTmNoZVRURXBJWldsa2hxWVlqOU8yMWhhUFBScnBRRWVlZUZqamRfbE4tRHhNWFh2enVYQk40T1hOdXp2QlZBM1dONXNkaGJkUTFPdTVWY2hEcFFXZGtOREYxS21XeW9rci1PUFpoUEZSMTAtMmZZNGRjRnhEMW1Cam1zbGIwUHlDaVN4NFk0SnZjVmduV1pSWnUweUZPbGlMMVBQUEtjbUNaQThMamVSOHkwRmhvRzg?oc=5,0.9186
HDFCAMC,2026-01-14T08:00:00Z,The Economic Times,HDFC AMC Q3 Results: Standalone profit jumps 20% YoY to Rs 770 crore; revenue up 15%,https://news.google.com/rss/articles/CBMi7wFBVV95cUxPNGhJRzEtY0FwOE9meUc5QmcwRFJMc1VNd1FfZGxmWDNpNzFWU1hJS0lHa1VMRGY1dW1DNnZtV3dQLWVJdGZXaVF0Sl9yZ29FUG5kSVR0RzhCMC1DT2ttZmlSdGstckJncVJkakk2NlcyQi0xRmRFSDdjUjNHakhNbllMSUp0R1lzVWJweF9DZjUzMHB5VjdfcVVIQjBCSjMtOUtKaDBjRXNsS0lON3FsWFVXeWVOOWM0d2J4Qkk1TndVTHpTMWxPOHdJNS1fSjZWWE5BVDJfZExpZnVVb0V1WkNzTk9YTUxlTVgtM0ZYWdIB9AFBVV95cUxPNDRjcHR3cDhXNnlzM3A0U3k5NHVzX1EybVVXaU5MdmpJb2FEbDhOSnlkcTZFd0hXZGM5X1JncjNSN1oxMmlKQW9UTHM0aEZQRGRyd3lKbWVfa19DNXBXRFN3RDNTQnY1SDZFbGp0ekVzaTVid0JLcWxwNk9fYUJ0XzI2cE05TFNDNW9EaVF3WHJudExTdTZCWGNISERFeldnMHdWSmVUVENFRVBGMERNb3hWbUNlRFgyaU82bFRwWHB5Tjg3RnUzLWJ2MzhEdlRvNXNMY3dneGNIVndNcXpNOGd5aVhvODQ5UHNUV2hfUWVwM2Jj?oc=5,0.9252
HDFCAMC,2026-01-14T08:00:00Z,Business Standard,"HDFC Asset Management Company grants 58,700 stock options",https://news.google.com/rss/articles/CBMi1gFBVV95cUxPNGVLTDRINmJncGJicVJVUUdiTFFNaGZzSElVRF9YVFNSMGZuVE9uYzlkQjREdGg2V3k4bXZWOTJ6R0pBSkh5S3FuZFJYa0dmcnhNQVRwZG1INXB4N0lLNThoYkJnWlB5X3k5NkFNeWFFaE5wQVJ6VlFJRkNGNlk0ZHlnUUJsT0Z2MWo1bXl4WFY3VDR4SXphbE8wX2c5LWwyN25Fd0xWdkprRzZEbGtUSFBOa1hFXzlxUjc2LTlRXzlveHRNOUt3ejVEU2VRRHZvV25sRWNn0gHbAUFVX3lxTE5MOEpfQjI2emVqQVp0cUhkclJOU1MxNG9XOXpRQkdYNDhDWUx3c1F3TF9zcjViY3poUUUxTWNnYnA5Q083RXdZOXktZlRLYjBDZGkyc1l5enFScDFBa21PeGZiRUxDQlZseXlGRGNFQWw3UUJPVEE4TjJZc24zQ0JQNm9rSHBEVlRlbzJwU3hmNzV6bEFDcWs4QWhkY1ZkM05iZXVZSTMybTlPS0VoSjdhdmFoaGgxOEpmdTRfWnVVZ0JVaU42MklLX3hFWWFsT1B4MEVNMHg2OUd4UQ?oc=5,0.0588
ICICIGI,2026-01-14T08:00:00Z,Univest,ICICI Lombard General Insurance Company Q3 Results 2026: Net Profit Falls 9.06% YoY,https://news.google.com/rss/articles/CBMihwFBVV95cUxQMUJnYUI2dm5GWmVVTzVnbkFZTDU1SUl5aGpHaDlFMXpFT0tMaDlFUEgxeF9jVVMyWl9KbjBGOTI5Ql81Z0JjNkM2Z1VYTG5lX3NVQ2ZJWlRNVVFVb0Z4VDhfZWlyYWt2dWdxZDVRNVFpUHZMRHZDaVR2RUJqbktETEVzdTJ6MGM?oc=5,-0.9527
ICICIGI,2026-01-14T08:00:00Z,The Economic Times,ICICI Lombard General Insurance Q3 PAT slips 9%,https://news.google.com/rss/articles/CBMiwgFBVV95cUxNdjZsSFUxUTdWNmV5c0VvSlpBdXRlczcxQ0RELTRoNW5IWVA2d2EzYTdkeEhBRmJSYjAzYlR6Nk10cDFocE9RM0F3OUxkMzhJeVhpSzdDc1AxMFRyV1owZlYzTnUxR1lUT2o5S1A2MDFZQ0dwVHhNdXhkTFJTeGRwQVJjb3VCZDI1X2RmQzYzUGxOLTlCRlBib2hCcXlBM013SVp3Njd4QTZNRGVUVTFkcDJyQ0FEN0RVT3dnRXhQTVJud9IBxwFBVV95cUxNTTRaSFl5dDlSWWlIRXQyVGFrYWJjUmZkUmdvZFdkOWtUMGtkNUt3YU5ieTY2YnJuTXpoZmZEeGY0am1jd0t3b3RXOFd6U0hucEhoN0RYY2ZKN3ZPRDZjMkt6T3BDb1drUjNzQWpjZFdxVThhVXVqNzNlMUpheml3UllXbEIycW5wM0E0RUVZd1JVV1ZuQzd6NHRkMGdxSlFjTFI0YnZ2WDB3TXRYbThTWUhIN2hHekNVZWstMklUZFZsX0s3T05v?oc=5,-0.4550
ICICIGI,2026-01-14T08:00:00Z,business-standard.com,ICICI Lombard Q3 review: PAT slips YoY; analysts stay bullish on franchise,https://news.google.com/rss/articles/CBMizgFBVV95cUxQSHpFZ3I3cjRrem4xOGY5YWhqa25xem1zZkJvUEkyUTVHSnpyZ0V6bXZWOWNQRy1rejQ3Ykg2UzhNRkF3bGhoOXMySG8yVnV1a0o5N2hfSndId0ZnbnYycW1fUVJyaVRhMk8tLU0wTXFKVmc4YWdMbzdGTF9vWHNoUTFueHA1T1J5MXhfRFIxSll1cE5oR19sVlNuaXdNQlFXck95RVJhT3NOaW1KYnlvU3BGTm14M0ViRzBKRlE3MDFuRnNiSFMwT1lwTC1LZ9IB0wFBVV95cUxNei1wcGZlaEJ3M0ZPTzRfeXhNUDZNVUw3NmYyMzM0WU1qazYxa2F0eVVXQjlCbXp0cDY3Z3NNbkU3UUphUmh5NG0ybFpQYUhCLTJPbTlqZFdxNkU1M1Vwa0JLbTEtV19SRnhORmo4aEhyWHdjSXBCWU54VWE1TXV4ZUR0ZVhOWmVzRkpoYjFRTTlaLWFicEZjR1FtY0J4RWN3TVdxaVdsNTBYcDJHaDNuMXEyMmE2bDZhSDBoUTJiRDY0ZE9ZRW5rLWxhS0NQVkp2dUEw?oc=5,-0.7192
INDHOTEL,2026-01-14T08:00:00Z,Business Standard,"Nomura initiates Buy on Indian Hotels; cites ADR growth, asset-light model",https://news.google.com/rss/articles/CBMi1gFBVV95cUxQb25CaUNLTXpSSGNLWVMwSlkzYlN0UjUzUVlsOWRwX2ZsaVhIcUhScVFFbVhBcmdlMzlIeXlsYTBoZGlDZFVpSlVmeURXVEtaLXY0LVR4eVdVcnZzdzFJMk1qX0lwdC15WHRQdlJCUVBPWm5HQU1rUG0wd1hmdUxnVlFwbDdSSGpPdm9acEVpS25QalFxZ25BaVVVVjZjdnV2UXBTdDN1WExiTll2amhnTjV6dTAxdnZhVzVHUllKVnl1ZkpwRnlFbXRvR0N0OEVjQXZyem1n0gHbAUFVX3lxTFBPYkhIZlRTZnZIUGtuYmwxSFlfaE1vamxVTTM2anljQV9EWktHM3ZncFZ3U1Mwd21SU2dTODJOQ2hNM0c4S1YtaEx3YXpHNGVBcmp1Qm1uVTBmNHl4X1dnN1otbDk0djJPZE9xZjlSVDVFSGpCaHlOdUI2ZXIyTndtZl9pVzdOdVpGTEt3aDhHRHVWYmZoLTZ0QTlLV1Z3ZEFDREQyQXBYQ25iclBpcVN5MVdmTHN5clR5RjJjb2xfemVmbk5YcG0xVmsyb3R2UFZ5QnBJaDRwR0hFNA?oc=5,0.6780
MRF,2026-01-14T08:00:00Z,simplywall.st,"While private companies own 28% of MRF Limited (NSE:MRF), individual investors are its largest shareholders with 30% ownership",https://news.google.com/rss/articles/CBMixwFBVV95cUxNTTlaNEFMTmpZUTVXZ19ySTlaMC1KeHhORUd5S2UtU2V0aUFDcjJqNTlnUzVUSU9oQS1iTjZZb3dtQlVkekRnTlZUME9FYVYtdmtVQU9rQ21fLXpoSFRid3hXeGc0N1czNGZ5ZmVFemJRelJLM2dPQkxaLThibi1DVUZpckdEWEt2enVuNktjUWZKa3dCaGk0Y0pGVVcyMUc5c1EwdlBScF84WmNsS1JUOW4yVjZNVHVZMWprOEFWZ2dWVXBHV2hJ0gHMAUFVX3lxTE9iV1FiRUVTa3o4aU5vOEJQT0taeUh3NHZQS1ppekZRaTItQmlCbVRzcnk2cTVUUEZvQ09Ma2dmOFY5bXBFZ1hxME9GUjFiaEFlUEdYSlZyQlVLYkFvYjlKUzJ3U1IwN1hRZ1FfX3NLQXN6dUt4YnJUS0M4bmpmOW5tdkxJb05UTWZQZXVRcWFSMWVsZXFhOUpTak53LTVmQWoydnQxOXBjM29uVkcxeWYzU0JyckxoeS1iZFV5aTdDVXJBTUk0VXQ0eEI3cg?oc=5,0.0112
PRESTIGE,2026-01-14T08:00:00Z,scanx.trade,Prestige Estates Q3 FY26 Pre-Sales Jump 39% To ₹41.8B On Strong Housing Demand,https://news.google.com/rss/articles/CBMi1AFBVV95cUxOYzBDOEVrbkgzdVR6VW4wdktDZTBIVlNvS3lpbkdLMUlmazVpRDZEaW9lZU5Sa0kzbmFtOEt5dk41LU5Zdm1uWkxXcG9WTHVaUHR1bVVNSnRwVUliYUtfdS1TRGtzOFU4VmRjSm1YaFhPcWpNSm9tejRZNVBUeXU4dUFVeGhNaktacTZhcmFwT3lwYWY3ZG11VGJSQTZzMjJtelY5VEplMzdGb2xkLVFaX2RXWThaNjFZTEliMW44dW1aNm0zSXlSenV5aGp0MklieFY2YQ?oc=5,0.9064
TATAELXSI,2026-01-14T08:00:00Z,Equitymaster,Why Tata Elxsi Share Price is Falling,https://news.google.com/rss/articles/CBMiqwFBVV95cUxNWGk3dk9kZXNiZ0JWeDBxSFc2ZnJ0aTUyMk1LdDdzTXN0NHpvSmM1dFdxRElPeDVoRTIzcnVvSUxKc1kxdlB2SUNYTlh4dFlXVEpjTnp2V0h5M1BnZ2Z5WHo5VzI2bTAzSzlVX051aWU4dEJEaDVGcWNLOVRaczY2bHJ5bjg3Z1lQblJKd2hjUkVpaFpDcFl1YmExWk9xcjZQWWtHSlVhQ1dxd3c?oc=5,-0.0666
UNIONBANK,2026-01-14T08:00:00Z,Dalal Street Investment Journal,Union Bank announces stellar Q3FY26 and 9MFY26 results,https://news.google.com/rss/articles/CBMiuwFBVV95cUxQc1U2RXFVN1NOeUFNS1lINDZXaExFd3pQcjhob01BSFRsanZ4SVZfczBQdUtiQkl4RUhGU2NTYV9SSG0zLTU2MGlOZkhrOXItU3FER09kcWRLc1FWbTJsc0UwSmREME5ZNkVlYTBLQjdzQ3BwWHNnNFoyUEZyeVg1SmZHZDlsRHNRZ3FYaEZoNk5TaFRyMi1feXRHM3o2TzBZZ19Sb3REVzUtTXZJWGZMNlQyVGl6NzhWWUlR?oc=5,-0.0288
UNIONBANK,2026-01-14T08:00:00Z,The Economic Times,Union Bank of India shares surge 8% after Q3 results show easing bad loans and steadier profits,https://news.google.com/rss/articles/CBMi_AFBVV95cUxNYlBKcnBqaWY0ajl6QVNmbFd3VjJmN3R5LUwyVTg4dUx6WTdsdmpiMGJ2elkzVXFYNC1FdlRkWVRzNUVRSjBKQWNzZHZBSm9UM1BLSm5DVUdIeGpnZzNnbGRiWDhpanFVbVNTSUczWnlMeHBqcmZ5SUhOeWxGV2R6UWZ1a0pfMldHaGpJRm82UkcxRk9vZ284YzQxNUhzU2JzZTA0MUh5dUpnQV9IXzFISklINEZfOF9HcUt0SmJsTExqbm9EbDhwTjYwU2dFT0RlTUhwWktuR0RhZTNkZjVEQ0JCa2h3M0FiMHdzUzRvWnkxbkFFQXl0WWszQ1TSAYICQVVfeXFMTWc2cFFXSVdudHJyc1FVWmc1d0RjYlVXRWpUZ1VCQW9JbWdvd19NTldkTUpfdno0T0tsejV0VWhwVVpSa3JUR096WTNVM2tyV1NUeE5CN2NCaWxBbjUwYUNqYTlvS3lPbk9MYUFOaUlyYnJQdGV0OVJTQjJ3N184WWhGTE9IMUViaVpTYk5HU2VUMzRyaTNRcEl0SVlhM01aYkE5UXJBSVdocUgzY01kVEhBTjNkZXkzWVd2Nl9kZ2tYZnNFMmZTcFF0aWdpdmpaNjc0Z1dwNV9qOXRPbTRHelpINjQ1YUp1Zl9TS0hsWlkyaXlEX1ktVUFQWEdRTWJVa3FR?oc=5,0.6471
UNIONBANK,2026-01-14T08:00:00Z,Upstox,Union Bank of India's share price jumps 7% on 18% QoQ rise in Q3 net profit,https://news.google.com/rss/articles/CBMi3gFBVV95cUxObG9zTGxCNVBleElGb2VLY0ZFVTc5MlNWZkFNd196MUNFZUNDNExlSzNtQnNUVzVrdjhKVnR4YWJmaEJFV1NwWWt5RmxIVXNjUlBjT1hJY19iMVVIZ24ydnlnYkNoSmE5alU1UW5DQl81Um1ZVG5Qd0ZLclA3aXo2d3BJRW4zcUlsbEFLem96YmNDWHNEXzZVSlJVZFkzVUluTUpmN3ZKbHdNcjBqU1VDNVl1VFpwQkNwM0JkR2JZRDhLemtXV05MWGt5MUd6d1FzUUNLQ0piRTlCYXVHVXc?oc=5,0.9000
AIAENG,2026-01-15T03:27:14Z,Equitypandit,AIA Engineering Ltd,https://news.google.com/rss/articles/CBMiYEFVX3lxTFBFY2pNSl9HNXdrdmI4bGs4VTBhWTBuc2pyYi1tYXZ3NjFyckd5OXA4ckZXZklCOXNBbHl2dUhZb1VGZVkybFJNTUkySFpNV0g2Mm9maWpoWHVhLVdnYTJ3Ug?oc=5,0.0103
360ONE,2026-01-15T08:00:00Z,CNBC TV18,360 ONE WAM Q3 | Wealth management firm sees 20% profit rise on growth in ARR AUM,https://news.google.com/rss/articles/CBMiyAFBVV95cUxNTUZ5M19WMGpfVGZUeEc2dkNOeFNJNE5Ob2ZyNmNJbFVLR3VUV3JaMG1STzdDVmVjRElTYjdGN1c2RFhZT2RQcWxabXBJbGVtOTRmMFVScmJmTzh4SnVqSHY3Z1lZMWVHM1FsbWJaOTZGRUV3V0NDYXBWczJFcHlwa2RwWWdVSTk2SFpYRGdiUVVXZmZKQ09KOU1kQTN6Z0FMY0M3NVhadkY5YXFSWXR2anRKQVF5dnFIQTNXMkFxc3NFTm1XSnFsRtIBzgFBVV95cUxNcTRGekdGRUtTTDUyZjdsTXFTM0pnYjltNUIxSFlfQlBLbFJGeFVLdE00UXpiVzJMRUJvV21SN3drMGFreU1IRGlpVS1kN0I4SXJpRWc1VjN6ODBRTG5iX0NUNF8wOVl6cGxkc0h3M2xyZ1lhemY0ZHNUdndHSTE4b1cweVpXSWd1VG5EZE5fUV9IZk00TlF5eXZKdmZfdEd6VV9aSEN3OTZ6TUg4X1llbGQwQXhQT19XRndwUnprdmk5VWlBNENqUzF0S1RFdw?oc=5,0.9195
ANTHEM,2026-01-15T08:00:00Z,Investment Reports,Ganesh Sambasivam,https://news.google.com/rss/articles/CBMic0FVX3lxTFBPRE5ncFBXMU4wT3JFUDZzd0RLRlpCSms2em1IRGFlMjRnYk10SVNLMDlBLVV2c3RMcGhPR0s3ZmhBeGkwVWpOejIyUXp4blNRd2J3MERZYkJZS0JHbG1sTlpNSVpIdnJMUGF2NmRKUW55c0k?oc=5,0.0223
FLUOROCHEM,2026-01-15T08:00:00Z,simplywall.st,With Gujarat Fluorochemicals Limited (NSE:FLUOROCHEM) It Looks Like You'll Get What You Pay For,https://news.google.com/rss/articles/CBMi5wFBVV95cUxNUG02TjRQTF94ai0wdGdjbWtUbjZYZ0xFZUR0U3g1STlpdUEzMUhMZnl2SFhhbmM4ZFVvMGZNYnFSQXJIcmUyeTFPWl95TGZQTW1Wc0s0MUhibzlLOUszb2RNUGJzNk05QmU4RGx6ZjYwUFVBdktjaVg5SnF2WXd1em5rblFXRVY5VVlxUEQzbVREZ1Q1bE9lWGNMRFRrRWhPT3hVR3lyOE9QS0FwN25lSVBVb1lnR19OYjlqWDc5Qmg5bHJjZnBnX21JX3NuZDhlbVRTamFCMVlHQWRsSnBUcUNQVkZ0SFHSAewBQVVfeXFMTktJdUZLZGllbWFnRXBZVDd5WUJfTHB3Q1F2dzRQZUNWSjQ5LXRJMDFvVmFYclBHMmx4MEFEMzFleGNXeFljNkNYc3c2NWRhVFBmd3dvSllrMFhxSzNXVFFReEF3Ui1JbXJweFV1TUFTTlRnMXJwWEdoRUVXV3YtUkNKMWprcFg3eU9NR2ZxQlprZ05SUFh2MUtQaWdGbkVHME1OeDBDSlpFbkVfWms4alJRb1pYSnZDaGZwcFZDMDFURlJ2aFRJWDFkaWZnT1NYOFhXejVBZ3hla1ljWWM1ZGRPdHRwbEJiOS1WQW4?oc=5,0.6786
HDFCAMC,2026-01-15T08:00:00Z,Univest,HDFC Asset Management Company Q3 Results 2026: Net Profit Surged 19.97% YoY,https://news.google.com/rss/articles/CBMiekFVX3lxTE1DbzhrRmswSUtUNjR6T0trMFBxMzRsUlJvUHdiQVBjM3psbEtqQnYwUERnd3VWZjNEbW5fSDA0R2xtcXpyb0Z4VXJQeUtoazRWSnJvM3N3VHpBYXpncWJrT1JKV3JURVQ4c1NqM2FwVU1vRS1NR3cxcVdB?oc=5,0.9321
MARICO,2026-01-15T08:00:00Z,Upstox,"Marico Q3 FY26 results: Here’s when the FMCG firm will declare December quarter earnings; check date, other details",https://news.google.com/rss/articles/CBMi_gFBVV95cUxPOHMzcG5ON20yNUNjYVFUUzJEYlh0THVHZVZ4MkNZSTFydnQyUDc2eVpwV3Rkd1V2aldtV2oxVUphMzVDNll5QmEyMUlSY2xqcWVXRU0wUWZYZ3c2Y2hpNUF4TGo1b1lId1lwc3dNVXNhd1MtTGlGZ2dWeXJXVHIwMWwyWnM0VUxFUHdwU2FqZ1RsbDhhcU41aWRuUXktbHh4d09rekN1TkF3NU1OWXRUQ1dkcjRwNkN3WmI2N3hHNmpRVGNFTGlFaFBlT3dyNUFHVWFnVUFXYXZGR2QzWTJDYUk1SGx4TXRrSm9NSTNxSHRqY1VEeE1sN1dfdGtxUQ?oc=5,-0.0278
MOTHERSON,2026-01-15T08:00:00Z,simplywall.st,The total return for Samvardhana Motherson International (NSE:MOTHERSON) investors has risen faster than earnings growth over the last three years,https://news.google.com/rss/articles/CBMi-gFBVV95cUxQTXdXX0FRVVN1a18zRVRrZ1p5Rk1ESHppaE5QeHlueFF5NTlTWi1rM01sOTBMUjdQS3RqVmRwVjFKQlJ4UjQxRG8tSXFTSGx2SnVBcTFtT2hsZzE2eDEyREs4RHlXNVNzd3RpMUVmNFdteWxLZ3M0MmN2UEJjLUFRNjMtbzdhVTRHbjVIdG12akpoQmNtNk1QakRuXzNHQlRvUDdzRVJGb3ZvRlNiVk52M3ZrWVFsQTZrTlM2NUh4Zk1ISWJ2REFYc2dnRUxreHJkM3ctenlKNVdZTkdRY0JmWTdNaUFJMUJPZDlHMHhmcnlmZDBscHVSSDFn0gH_AUFVX3lxTE16bU9Rd0FUbFBvWHR2dG1TS2NTU1VZZXk3ZjVwaF9ZWmlXY0VKTHRva0ZvbjE2cU8yaURXUWhkdWMyVE9NUHFuOUd3c1FfZUNTYndLdC1DT0w3Y2pUM19xMUxnU0lRYmFfcTdyZnhBVzF4UUdQYklDbFVzS1VObFB5N1lSak82S245amdleDgwZk16Q3ZpUE5UQWo3TnR4bkhYSUkxTGQ4cGlDdzg1ZlltREk1VzM5a0hBMWZUWkdQV2lwLWV6OFBNanBrOVhEMjhQd3dBdlU0c2hlQ19ZSGR0QjdHc2J3aWxsbXlSRWRIVnpRY0JfUnp6NGdvdWxXSQ?oc=5,0.9351
OBEROIRLTY,2026-01-15T08:00:00Z,simplywall.st,Oberoi Realty's (NSE:OBEROIRLTY) earnings growth rate lags the 24% CAGR delivered to shareholders,https://news.google.com/rss/articles/CBMiggJBVV95cUxNemtFN2lhelB0V2JXWDVfMENGaVM4c2N4WC1KTFNMMnpSVU91Snp3VjhEUk1Zd3g3NUlheDVmR3l5dEpWWlUtWHMxVjVNdzY3T0JfLWYzdkc5TElxemlpRTJjckhGT2hIQVNrNmpPa3laSkxNM2REN2MtQlptcWJNN1NDb19jbUdpaWFxRTJ4eHBTeUtrdmZCaUtuWnFOUjhXSFpFTlZ3ZFlBMnZQS29jdEJhVHRWcnk5bVlwVmtvZnFqZlN0LVg4YjJfcTllempYaXFLbmVJSTNfc3ZSSnpYajM0WWVtd0pibm4tUU05Uk5INW9Qd3d0VlV0Y2s3cTNMdWfSAYcCQVVfeXFMTjdYdGIwWl96YjFKR1RDdkd5OEhkMlJRdno5cVBVcDJvZkw1dlV2aTZrNkZGLWtCYy0xYmo4b18wM0F2WDhpVm1DUHNwdW5LT3VpOXFMckhNOTd1RkxxRENrSlZaYW51MmJqSUdtRTRMS3JubE1hVzNfc1V3bWNFZldfRzBLT251SzlqNGFSamRmbzhCcUpiZ0VwdTNpYmpsYXRwUUxmU3lDQnhiMzZFSGJoLXhCZzRjLUU5eFNKMGpSQlMtc2pvanlVdGZaUzN0SndHT2t4alhwbk9XRnhXdjZ6SWJWeTNSS1FTNURYckJxdzBiMnpJNWlPVGtsM0FXS1RSN1FnNVk?oc=5,0.7368
PRESTIGE,2026-01-15T08:00:00Z,scanx.trade,Prestige Estates Projects Records Highest-Ever Sales of ₹223 Billion in 9M FY26,https://news.google.com/rss/articles/CBMizwFBVV95cUxNbTJlbjJOTDVfMzh0WktDb21MVVFUUTB3YldpV3l4Ykw5UUtoMnpNX3F4ZlZodlFWZnF5UnZrYVlKaVdmQzNsMGJyNU4wREZxTmVRVnRsZlFtMFBISDg3QVhmOV9MQzNEeDVqTXBPaE9adU4xT25HTlBlQ0pRU3JMQkFHcVQ3M1lrY0oyV2xhNENZb3VnSW43bGc3Wi04amZkS2VlTzVQNXY3aTBSTVFpLWZ0YncwRFBnR1c5emJIQmVvSWczR0JfS1NxcUtid0E?oc=5,0.5269
RADICO,2026-01-15T08:00:00Z,simplywall.st,Radico Khaitan (NSE:RADICO) Seems To Use Debt Quite Sensibly,https://news.google.com/rss/articles/CBMi5gFBVV95cUxPMFNUYXZQbkhkcFBpczIwS1RQQnppTXBWUXRHY2V0V2dhVWFMeWtIRW44ZEJoandtQ25rNVhCODBiaVI5cGNzN0N6S0tJSWE4SnpyRi04VmxSOHZQaDdZWDJjelNEUUV2TXBLckF0YS1fV1Npa3dKNkM5eThwUU9TX21TYlZMOTI3Y3B2ZFBhNFNKbWM4RGNhS05oZzR0bUoxNXdCZ05kSFpLWXF6dTVMSkZIN2N4ZXlkZUR2OUZvcHB4RVlGWTdQQjdIeEU3Mm83QUN0cXRfV25JdURqdGhYRmV4Ym13UdIB6wFBVV95cUxNTVhLdXNTbWhlRGhYNHJjTlpvNFJmTF9kTUZ1M1JOcGNDZ0ozSDVPbFozbHRJM283bkxONk1jcVdRTzJNS2hjVTBzZ0NRT2V6VjZVY29QcHRrVTREaFlYQXRTODh4dWdCRHExS2ZOeXFMUzJiS3ZqSm8wOFdjYkxkSXBNT0ZDVUljNHR6S1laTHgzZjZqUXNHeldYS2FyYzcwbzduNmRWQWM4Y29vcnRISVBKX0tsNlRCWlNFTDRnTnNHUHZ4WFRtMnVGdE83ZlllNG1ETnhrMFZwNUdHYmVfbksydlZNRWEzRGxV?oc=5,0.1599
UNOMINDA,2026-01-15T08:00:00Z,simplywall.st,The recent pullback must have dismayed Uno Minda Limited (NSE:UNOMINDA) insiders who own 38% of the company,https://news.google.com/rss/articles/CBMi1gFBVV95cUxQd3g2c0ZUdFNCWFBQdC1udnk5d3BxRWNGSkttQnVCSjJQc3lUSVA3dmYtMGJudUtFYzFtdmttdnpHZkpCQXkybG9OUF90Y0Z5SU5VUld6a3FkZ2txa2lRTU1iRWEtM3ZDVHpybmc4dWJ5ZkpKSjAtdDhVdFlYeW5sNXdDRlZwdWd6cEFEUWhuVFNGT0JZd2RrR19DSWxfVmNUWnR6SkhfMUJ5eGVnYVdPT0dTcG53WjFMVVZJUEJIX0FTY2lSSm5JTkxLaWZpRkRDWFFlYzhB0gHbAUFVX3lxTE9Vc1FOWmp0YXRLbVFxdVNHcW1uZHJqM2NMQmtfcU44N283cWZPVk5DMGJpZXNCU3VWeDBFZUdoaS01NlZHcjB5RlFGVThERGZxQkV6NHRiUm9fMkJKNjRVTlhaOElxbG1QQWQyRzBfazhnSkR3UFVQLXZtZ0RnSG5tdElpQS1SbXhkaWZXbzdiQVZJVlQwNFVpRkJTZURZcWljUWtGMjJFMHNrWHlxWmxodmtTeFdzMWE1Q0xDaVZmMzRla21TS04ySHctSGZ3dXQ4UDZkdE9iNHVINA?oc=5,-0.9460
360ONE,2026-01-16T08:00:00Z,business-standard.com,360 One WAM rises 7% on Q3 results; is it still a smart buy for investors?,https://news.google.com/rss/articles/CBMi5AFBVV95cUxOUVplWXpnenMwVDQ3VXBoOFJOT1ZxNXNRckVMajRoUURDZlFMU2h3N05CVVQtaTRmRjItRFZMRnhHWTJaM1h6bk9PbW5ZRlZYR3hCNzRaU0s4RnlHay1mdV9wekdlenRyalpOSjlNYkdGcjIxQWVqMEtxSUQ2Vld3WHpYTHc2LXFlNnRfUUVRSzNNZVduaWpDWVBJeEcxU3pWLTdTMExxeGUzZTBWaV85a2tqemxxX3l5aTN4RDRhZEV2V0tSVEpiSmE0a1h5SHh3WURZd3pJWndKQUpIZW52akNkQXnSAeoBQVVfeXFMTXhSZ3Y0bDViWFZKRXBqM2thTHFuazRtSzlxQWZYTXpGd0N1T1RaTU0yRXVWN2lMQVdJdXVBd1V4cEpSS3NvNW9zek1qbzNmNnpxOFE5UTR1SmpZSjh0d2JuVm0zOEF3WTVIT2hrMmcyRmVSRllITEQtR1hITDZCNjRDd2k3YVpzcjdJN0hKcW8zYzZ4bUwyNTZrTXdNN284MnV0TGRtRDRBVGJxS0ZoSkQ5dFNrSkRiVExITVNOdld6X0dheXhnZ3d5V2F3WGpGd3dFZmJzX1JlaGt4Z2JCMzhTanRSVnBYX09B?oc=5,0.8846
BOSCHLTD,2026-01-16T08:00:00Z,simplywall.st,Investor Optimism Abounds Bosch Limited (NSE:BOSCHLTD) But Growth Is Lacking,https://news.google.com/rss/articles/CBMi0wFBVV95cUxNUWtVWGFHWE9TUWowWDhJSTQzNkxtM2tZZWZuYWxKSEtMNkpHZjEzSTJQYm5mVjREOTFXeXRvOUpZUTFqMllNZ1ZXS0xTR3hENnlUVkpZcVNzeHpPUEtxVVN5THNSSW5vNjlVX3FqRkVVUGt0YUlTZW1DUkM0T2lpa2NOeG1VdE5iY1RZU0FRZ2NEaFZ1VDVIc3JCd3Vka01QMFVLT2xid2dVVEZkRUlCRkpVenJac2lJZ1lJNl9wMVpVd2lvWkNTbi1SdWFwOG1KTng40gHYAUFVX3lxTFA2Q21Ta283NUJIWi1FWFVjNkhQVjJWNGQxeWlzNUtRMDRMRm9mX3lfNWRROVgteVNoejZZc0RpN1hBSVJZQzFmSEdKMzVTMUROb3RGU2VZNHlsVGZVQXByM0loV3l3SWRNa3VUUUxKRjd0bnVfTE5oeGxhWlE5S3hIWnc0dEJoaklmWmhwU1NtbDBHOHd3SWdYalJGeE5ObVYyaDJYNndYRlk1OEZNLUVNYVdDd0MzLXQzci1tWmRYWC14bHNYOWxsVXoxR2ZqZ1J2ZlhzRmZhRA?oc=5,0.9183
FORTIS,2026-01-16T08:00:00Z,simplywall.st,Should Weakness in Fortis Healthcare Limited's (NSE:FORTIS) Stock Be Seen As A Sign That Market Will Correct The Share Price Given Decent Financials?,https://news.google.com/rss/articles/CBMi3wFBVV95cUxPVzRaOTJDNmZodll1MGlDU3BOWElnblZtME5fY25hMDRLbndSLTZrTXJaamVVYVByZzhVMVUxTnp3STQ5QWpCTHBaWWZ6R0xzUjVyYjJpbkRhTi1VVzdwWlE2SWNiNmw1OTFxSjl0dHByS3R1dDFEOXdYV29hRWJKMjVLNzZ1RkpoanEyTElEN1BjVVpjclpfQ2czWlBWQ0ZvMjVtVER3T1hXZHJuaVZZTFUxY3FNcm5rYXk5ZXl3VG1zR3c2QmtPVXhvOFd6TTlybDN6RUFBNU80T1dPRGtB0gHkAUFVX3lxTE90WjVvSUlnaTczb2wxcU9IZUFxR29uYWNtZDROTjdoYXA4Q2dmX2IzUmZXWFlYc3daV0lnZEZfaFZFeExTS0RiNFB2elJ3YmlDMU5EX1VYTjBiTklSYk81dF9sNzhtRDdKSFJOMk5aRmgxN1RSdWgxaHlyaWZqT0RGWkdtbmw4eGg5UDZhVlRBV2pNaDk0anNpMWI3RGxNN21IYlF2OUFGYkxBaFBhRl9nX01Cd0NVWjU5WXZFaHhacm51NHZKUEZMbUpfeG0tb3BmbEtpcEhjZjM5NmpXOHlMVUQ0UA?oc=5,-0.5380
HDBFS,2026-01-16T08:00:00Z,business-standard.com,Brokerages split on HDB Financial as margins improve but growth lags,https://news.google.com/rss/articles/CBMi0AFBVV95cUxObnREdWpiUVVQcUwzQThaRjhleTROZTRVN2VKSkF2RU9oMDRRYUh1ZG1SWWg0eGVZSGtsNVBjb2U2RExpTjBCQ0dWT0JkdEtscVZqRUFCcFd3WVMtaG1GdEVSMXZKVzZzVTRSeHN0MDM5MDROWWZISzVLZDBOZnJGbmlnS2hRWDZ1WlIyMmJZMmRETERLZXVxb09VOU1MNVBSNkl3SlBRTXVndlFvbS0yUFl6ZjhlT2w5dW9NVHh0dVZRVmN5VHFVbEg5MEExZlh60gHWAUFVX3lxTE1aZ2c4VV9wWlR1SG5iRTBHSVY4dTJGeG55Z0ZOWTZSbndqZXdSVG4tVHY3TC02TGhwVmtYSV94T0pxN3g4QUhHZ0FlSnhPYWFGTGU5ZmJHcEExOF9DaTYxckVMRHZDU3JoMElWOTM0OXJyWmF1ZktFaVBUQ1JYSXVySHNBNGNRMmtSdkZYSzZNS3g4REFqSWRSNVkzZ0xjdGpjWHdrSlRRWDJDdk5Zaml5NjlFcnlkdUs3dnkwNFFoYUFkZ05SSkVzV1VnLUxJanE0RE9sTGc?oc=5,0.1412
HDBFS,2026-01-16T08:00:00Z,simplywall.st,HDB Financial Services Limited's (NSE:HDBFS) Business Is Trailing The Market But Its Shares Aren't,https://news.google.com/rss/articles/CBMi8gFBVV95cUxQbTVoeTFxSmZMekFDdXZlUGtUV2txUGM5ekpiTVJJSUw1eWdCc24xWmRGRXBwNXNLUEoya1ZfSU9CRHhfVUo3QUhRR1Y4VF9aMExVcDFkcjgyYWhPNWZ3SGp2VEg5bnBOVVlPVDNXczB3Sy1oUWF1OHZ5bGN5TkhSX0J0RS04a251YWhucV9fRXpIdjk1Xy1oNXVzWVNybkxDTFl0THR1UC1KVHN0NGI1TjlhQkNVY0FKeFdkN3hpbUxWM1MxZHl2U1VKaFhEQ3hLbWxzNy15ajRnWnhQcVdrcTk4TVB3Z0IwdWgzN3NiU01YUdIB9wFBVV95cUxOOWN2dk41cjhId0h5V1hVZWUwa3NWeHZGa2JqMzd2QzE5dlJBRUdDeEdWa21yQ3JSMy1vdnpaaGtaOE8tT0pDRnFwUUNnU0oyLURqMXpMUGZQclBYVllOTUZjRWdEV1FVV3Zab2FsaThDMVE1V1pTZVk5b0VxUGpua3RiUUFPOExFSy1jNVgtU1Vqd0w5SmNSQ3RiSjNtN2dVbFlqelh0cTdTcnc0U0ltQ0JaRkRPR2M2aDVPamtxNzJlUWtWT2liMDBHZ212QUpydE9GdHQ3NWdwYi0tQzNxd2lUZmsyOWhnYzEwYmZ5dmx3YWhQZHFr?oc=5,0.0195
ICICIGI,2026-01-16T08:00:00Z,simplywall.st,ICICI Lombard General Insurance Company Limited Just Missed EPS By 18%: Here's What Analysts Think Will Happen Next,https://news.google.com/rss/articles/CBMi7gFBVV95cUxOTTBvalh4c0g0LXo2b2NKYW5tTkx6OEdEVFlRUUJjclUyUFotZ2o4R2ZkZm5jcDkzbUxoZW9hUGdFckRId1NwM2RqV1hiS2NLdnNycF9QZkVNeG55VUV0YlpyVF83Qm9vVzBXRmM3NkIzX1JLZjV1THU4czJ6VFQ5RzRSZTI2dGNRal8xeHVTdDdGaktTOHhjdGxsY194TkUybDliVm5fb0Z0YUNFWWVLSGt6YWZjMnpPY216djhtbVAwNGZ5WkROYXR3XzlxczJyN2NuVWdJNmlVWnFNcXhPcHB5MW1WdTdXeHN1VjBn0gHzAUFVX3lxTFBTNV9xek1JdUJkUzJhMzhOVUFYZXl6MEtRNWhTaHNvamxGV3NINGxKT2ltbl9hUmNNZ19lVnFwRG9IeWZxaFJidWVndHVMbThLTno0ajl2NVlVSkExU2dydFhIYlRjbUhnX3BfNEdVS1NjVkhZaGtmY3daNFJsLS04eEs5aVNXbDBoODBtQm9LMFRqdEJGdktzSmFlY3k0NVBaYTVIYnZoOTdaelJZWGNZT2liM2NjOHZFY2d4aFluWWktSzhpUDBZTmpCelI3eVhpbUdUdmtwV29Tc2xYTEFDV2RDam5DMjJzM05ndWx1ZFhRWQ?oc=5,-0.0500
JKCEMENT,2026-01-16T08:00:00Z,Univest,JK Cement Limited Q3 Results FY26 Preview: PAT to rise 50.70%,https://news.google.com/rss/articles/CBMic0FVX3lxTE9KOU16YVY3dkpOU1VpQkh2RGcxSGt3ZUVSR1pobmRhWDVCU2R4OEJHVExzM2hkNEN1RFhyN0pfVEFOZnVpbWhtbmZZbzZ4aEdKWjJpTjF5RlNDSjBSU210NEZZaThlZG1PTFR6SS1TZG4zcWs?oc=5,0.9313
LT,2026-01-16T08:00:00Z,equitypandit.com,Larsen and Toubro Shares Gain 1% on Securing Order from Petronet LNG,https://news.google.com/rss/articles/CBMingFBVV95cUxNVVN2MlBtQzJWdV95elBNX0NKbV9vWE1SUk5hTzBMRWVUY2pLQ3Z5ZXNIMEUtM1FVQ0JTMDRaeWF2OVRqVExwc29teGw3d3QzU2RxWUdrMDFtNUFROU0zNTFpaEV6aWRFWUFtSmZscVNRLUI3V3lJYXJueU9qeEE1eXVmaVpyenUxWXJHanJucXpJa1ozWHRyLVNFSTA1QQ?oc=5,0.9289
PAYTM,2026-01-16T08:00:00Z,scanx.trade,"One 97 Communications schedules Q3FY26 earnings call for January 30, 2026",https://news.google.com/rss/articles/CBMixwFBVV95cUxQT2QxMzZ4ekZzdmdmcjhpZmJTYzZwemU0S09Pd2ZwNWFKcHVDOG9hTXlJUHNqaW8tUlZIOVJsSmt6bnJNek15NUozSERiVG41andLa29yZ1ZuQlZtX002ZGJSNUFkOEhnVTVnVkFwUkFVem1vZ241bzc4MjF2M1BKT256RkRLSkppanJpZ3lxekhickR0VzN0R0UxVUhMMFpEM1BESkw1LTM3YjV2WWRqeTNuWV9LM1M0dHgwSGt6cjBJTGtvZVo0?oc=5,-0.0343
PNB,2026-01-16T08:00:00Z,simplywall.st,"With EPS Growth And More, Punjab National Bank (NSE:PNB) Makes An Interesting Case",https://news.google.com/rss/articles/CBMi1gFBVV95cUxNZmJ4cHNESHhKOXh3SVFyaFpFMTNMTVFVeGprT1pxZ1g2WHZ1NXNlZ2xlb3VQcjZPUTQtTkNJbkt6Z09QOHQzbUhjZEwzOXFfSVFPREVHSFo5MHFJY2ZfbkFBdGZ3SXAzejAycHFUd214bmxFdlpndXBkblJDVzNjLTRYVzVLMDNDSERlTWVrSEZmdEJ2QVR4UUlsN201bzE1N3hnWk1RcXczNGNyTV9aNVhXeW9ZUjZMdW5tTEdEZ3JscWlkYkZ1SXQ3ZEVTanFpdEhGNFJ30gHbAUFVX3lxTE9RbTZKLTZaaVMzM1BXQ3FiU3V1d25EelF5YjBqdW9sS3laY2xfNHhsOE0xM1VDX2dTSTl1YnFwNW11dExrS2tjNnZyZG5aUGoyN3hZQUN5Q09yRzBybWZIdGQxcndMZVpzRVF3bWlIV3Fvc3VqNjlFU1dpYWpnTXpRNXFtN3BuUG1oZjlZU3NwS2FpOGZnUUZ3ZUNwRGxVazRDRE5qbXQxdFdvMGZnZkdraVZibk11OUVzUmdPLXRZUjVNUUQ3QkwtWDlYMy0zVk0yaUJsZVg0NmNzRQ?oc=5,0.5827
ANTHEM,2026-01-17T08:00:00Z,simplywall.st,Anthem Biosciences Limited's (NSE:ANTHEM) Fundamentals Look Pretty Strong: Could The Market Be Wrong About The Stock?,https://news.google.com/rss/articles/CBMi7wFBVV95cUxQTjEtWERYU2IwNEZCWThIdEZLMEVVR0dlNWRpWE4wejFpaGdoYzFKbzVHUGtZeV82VXF0M3Q3TzlRa21LeGpnR0FoRUkwYTI1X0JHc2U0TzJsd2N0MWxQSFlEYkRzNndiX29ibTg3MGZRVjloXzhZc245bFdtNVZMaklaQXFRLUt1Rzc1WU13Tll5dmJvU19jZTlNM2gyMklDR05JeHhZZ2VQR2FoSEt1T0NwcUpGRHEwNmxvOHZRZlV6WDlGZW9NckxNclZKVTIyZFRvSEh5RHRoUEFxWlZhVG9MMEdKX0VSRXF5Mjg2NNIB9AFBVV95cUxNbXRKSXNfbDB2SjNBNjNac1ZXSUJYTVFZU2hZdlFMMzZKV1VfanVVemNSeVRlNjlzd3Z2b3dSVF85RWJlamRMRk5jUkxTSU14VDhYMWF0OWFEQy1QTHpLbzc4UWlzckg4UDZ5MUtjSE8tb0YtUW9DNUpWcnRQQ1RjbnNyUXBlVEJ3S1JQZ2lOMWFMS2NkYzBhZ3Zja3d1ZENFN0diTXEtODRmSDlRb3V5ZUV6OUxjVjRTVy1hbVpIU0tQZlpMOUR0RWlrSU83YjRLS1FCdkNQOTh3eGcycUdYTkFNQU81MV9teWUtUElWd1JFZXIw?oc=5,0.1398
BPCL,2026-01-17T08:00:00Z,simplywall.st,Bharat Petroleum Corporation Limited's (NSE:BPCL) Low P/E No Reason For Excitement,https://news.google.com/rss/articles/CBMi0wFBVV95cUxPZXZ1VHpRSy1TcjNDRXNHTmNsNTRrclFCTFNFZXBaekpaQnVHTVQwNDNJNXV5TzBWT0ZlVDNvMFVXSEtGVmVrWWozYWlBMkV2LW9lRHJ5YlFBRVBES0Q3cy1nRFdYWGljQllBZ1lZeDg5X0swSWhpMWUxM0FqVDVJWDQyUVpNWFQ4cVg5NkgyTjJ1Nmw4V29LLURMQ3JoYVJlZ0QwQTUxSFZJVDVYckNUZktnMXdKT2FYZjAtdGJQRElMcHI3bjdqX2lzVkdNMGM2YUVv0gHYAUFVX3lxTE1nc2VEQkI2ZVR4RGEtckJfVVI3aE5uVzZWX0hLbUR1Y2lJTDNpU0JYcmhSdUIydnFlQnh4enBqVExEb1NMWjVEMHJaa2NjVHp3dzlicFExeUtCTkNmYm9BNDllWGJmM1BOMEJSZnNJUVFSQjlqYkM0bTZjbUxSQUxqdjdTT09hZEpreU1QTUkwYTM3VE5iMWN4VnpOQ3BWQ0ZHTGVjQVI3V3VVN0lJNEtoUWtVcl9yQTlTU3BucmdMTG44ZFBueG9OMVV5dEZXYkdsVi0yX2plcw?oc=5,0.0204
BPCL,2026-01-17T08:00:00Z,Livemint,"Maharatna PSU BPCL sets board meeting date to declare Q3 results 2026, second interim dividend in FY26",https://news.google.com/rss/articles/CBMi_wFBVV95cUxQVWFzT1VaMXZ5MlRFNzBTSXJkTi1wUVYyS0JSM2d6SjFRVFhKYTgyY3Awbmhzb0lvWU9YUklScEhDMmtEWFlMWW9WS1YwTVZIR1VfbzBuVnNBVHhUbEdZUnBaVjN2VXAtNHdFTDc5ZG5Kc0xuTUtEWlRBbWE0WEZZTGs3SExXcGEzbVJhaGt0WElFZEV3M01YclRYaXV1d09MYndxLVZMYXk0b002S2RpSDNZUDNIdEFMQldCanY1bFJmNGJuWHdOOUY0Yy1lWjFXM2VJM2JaQzhoMzAtY2xMNkhOTElRaGZ0a1JXem02ZjEtY01MOG5ETUJwR0FYa2_SAYQCQVVfeXFMTzFFNHgzNVp2WUhLR1dIbEo2M0FKUEpRdGQydG9Yd0NqcHhrc0JtYjNLbFFRVWZUamM3WGJPbkhuUW05X0t3cFB3RmtSaXA0cGd5N0dHYTB4RWE2R196ZlRkWllhU2JWS1BmbWRDTjZJdEdTTGl1YzdFRGc5TE5MRW0wTmdQeTBQY05nNGhOblV3WWc3UTEzU1lFSlNYQTdOQjNrNDlLYldqUWRpNlpBcnNISk9KbmxRajB2SVVnTW5JckNSek45OVc4ZlVMVTNsZUtCR1ZlVXZ5WVFmV3lRZmt1Tmx6dEJKc09wVTRqZG1WdHJZMGxmb0w3c0djdW10Ylo1Sjg?oc=5,-0.0517
PIDILITIND,2026-01-17T08:00:00Z,simplywall.st,Here's Why We Think Pidilite Industries (NSE:PIDILITIND) Might Deserve Your Attention Today,https://news.google.com/rss/articles/CBMi4wFBVV95cUxPd3lkSnd3aWR3c3Z3ZVpPeU1wZGFtNFozWFBtSkh1bzdaWUFmakdkQkZsbENBUmwyd1NWRW9udU5NR2dYaUZ3SXFyU25PVmtBRFFNd1Juc1Q2SHl0MUE2UGhDQWNFeDdUUUNQOElNcEg2WFJrc0ZFQVA4eFFHQW9oSER0ZnE1TEw3UGFaSTQzQkNWaEYtY190TFBpTzVrSm03dTNlSFpMXzZfSVRTX28ySzhUdzZXWWV5Skt6b0M4NEQtUDUwQWR5STVMT2JaNGtIMTZZbjJJY19YYkVIWHhNVFVrQdIB6AFBVV95cUxOWXJVSE1idlJMdGxITGJjMU80ZHpLRUZ5ZDdvRVp0clRTV3ExNHBjT3NueVRDTGVSdGx4MXdpbEdKQWlmaUVnNWZZOXhMbHV5SXY3VS16TDF2a0VFdHlqbHdUdlRDcmpGVmJRdFBlazZreFF3SWhVRHp5bndsdkQwa0dlTjdFVjBXRjI2b2RtdnZ5WjlDYjZQSVlqS2hJM1Z4VHZLR2dBNllmdVdUNHdieEVwTmVkYlVJdmRhV0FxT1dJM2ZCZEltWkNyVEJ3dXFfMV9LLS0wdzZIekNCVHJlakVGT2s4QXdt?oc=5,0.1985
TATACONSUM,2026-01-17T08:00:00Z,simplywall.st,Tata Consumer Products (NSE:TATACONSUM) Has A Pretty Healthy Balance Sheet,https://news.google.com/rss/articles/CBMi9wFBVV95cUxPM25tNGcxSlN0ejdVSlZhQjBhV3ZLSXJXY1Bma2xjcWctdm9NRTNyUEZuVnhpVFVteG9CaWpjdmpqdDFsUHNubXg2OTREcnRvSXFLT3JOR2N1Y0RidGZ4SDE5U2F1Y0tyM2hLS1dMNGhabjNHZmRQQnVheUVYOTN3bEg5TGJmNE4xU3FrYk1nUG5oZVFSZ05BbnpjS1luQ3dYNnUxTEY0YUdyeksteV9fZUY4N3pEVU03S2VOZXRkcDZrLV9ITUx5Y1hGanRRUkRra0kzQ3B4UTZISWFJZUMtaERqMWpHVDR6SnF2Smg5X2cyVUFFUTYw0gH8AUFVX3lxTE9yYVZsMkpWTVd0WnhBOHlzOWo5bHhVcS1ZNnZuOUZVazZ3U2VsUE1OelRiNHUwY2t1bnF6ODZUSzhyR2pGODFycXl1eWRLN01XQkV6VFowMURnd0VuNE00eFROeVNSWU9QMFI4Q3pXa0h2TGNza1gzVWFJanV5YWJRUno0VWZNNmpWVGdHQWpMeENydEdKZFRJT2pKQ2Q5V3NCWHZFR0hXa2VsTTZvWjZOQXdHODU0eWxkaUVjWHZuNFlGcUNiS1BfOVMxdHhBSWliSEFTNzhpQjFfazJRWHlmSTh6UW1fSGZ1V1QzNm50QlFoVEJhdW9uaHNVSg?oc=5,0.8644
CGPOWER,2026-01-18T08:00:00Z,TradingView,CG Power shares up 7% on winning Rs 900 crore US data centre order,https://news.google.com/rss/articles/CBMixwFBVV95cUxPdHZXN0NlY3AtSUFYZElIS1p4aURMV0lsV0I3Z0l4bFE3NHZqbk8wT3BQMHZMTkptSHNOVnBsVFd5V2FSbWR3dXNzRTNsekVsS082T0lVUC02STU2cmhhYmhtYVZwNENzYXlzLUQ1alBuZlNoeEpnTWthM0JCc1NJcHNjZUVIS1VIRGNOa3VCZ1R6cndoQWctWE01ZnM4ZFQ3TlVkWDdVb1JnZFFoaG5mYkJ4ZUt3OTV4NlhPUjZUNEo5TURlalg0?oc=5,0.9103
LAURUSLABS,2026-01-18T08:00:00Z,Value Research,Why market is betting big on Laurus Labs even at 85x P/E,https://news.google.com/rss/articles/CBMihAFBVV95cUxNbDlnMnFwQzdtSVdfU3hRdVJveVpCNkc4N095OHBHSzlSR2xVbnlqMlRQZ1Nwdl9vSFpHTnBCTjNvYUQtZS1KT3F1dmlOSjY1MjRHdEk3bG5wZVZRLVh0U0lyV2w2MGQ5eW9ubEpiMTRrUDRmN19xc21qN2NmdkN1SHlZMFQ?oc=5,0.1302
PFC,2026-01-18T08:00:00Z,simplywall.st,Investors Don't See Light At End Of Power Finance Corporation Limited's (NSE:PFC) Tunnel,https://news.google.com/rss/articles/CBMi4wFBVV95cUxQTFVMZDZwYzFSSkdUSEFPTk5JdE1jTkdYcktUbFJGbGFnZUJkV2JYb0F0eTM1TGU5Z3E0TFpWR0RscTQ3aFktS1JIemhlcVZHdDJ5eXNQZ0NvU1pFZXpDUHRVcEx2LV9EWXNJbk1SdzJSeDY0NlFjdEVhYUdDMW01ZFBfNkZlamVRZWliZlRTTnpORURybFN6cm1YRFlXclFDcUE1c05HaVhwdThyUFdyMVoyOFFvSHB0amhOWTF4QWlRYzV3RHdKLWp5emk3NWFRSTBuMXlsd09wbDZNRnhfUzNKa9IB6AFBVV95cUxPMi1tRHVKX21keXBMQjhOLVkyMjZwVHQwOEdydDMySXFxbXozXzdwZS1ZRmFRWjhOd3h4RF91cUt3RXVzZENzRFV1QWxvdnBfb0lEZ05VUzRMblJuZ1ZEbGUxUkVxNXlCcFVrcFczVHRHS0ZVQmdJNGdUVm9XWU0tWnJXcDZmc2luSDIyV25iUDhVdU5zVW1QOFpHa1BEUmxsTk1LcV9CRGI0RG9NOHdoX1d5bmV0OW4tZWFSY1ZhNk50RndqYWFtRWpZdkNwN3ZDeklEcXUtcFluc05Kb1ZCNUZ5Vzd5OVoy?oc=5,-0.0480
PIIND,2026-01-18T08:00:00Z,simplywall.st,These 4 Measures Indicate That PI Industries (NSE:PIIND) Is Using Debt Reasonably Well,https://news.google.com/rss/articles/CBMi1AFBVV95cUxNUWhaOXdGS0ZHLUJ0RjJ4QzNISUEyTDlzWVpjYWZjUlJ1VzhFcFR0QmJlZUp5QUFtVkJNeE5PdlNVcUE1RndrQjBieE10cC0yNklocURBSm13bTVIb1NscDQzREZyd2tJWFNaSHp6MnNzaU03YWFMcTg2Uk5ULS1uUkk3dkJYWVlkajBnUnhLRnB5b2UzXy01VlAya0xmVDlWTFZLYmpQaEF2SE1MVU0ySXZHbWpPNEh4YlRDX0RFRWgzOEFNMzBxUXEyNWZldDZyTU5WUtIB2gFBVV95cUxQeXBsc3REdFFyakNsUThDTDdFdGZnb0RvS1pJazVnQU1YWlRBNF80WnVnandiMDB3Wk1Gdmo5U2Z2RVNrMjEzN0F4SWQwU2RQdlFPOXFLaDJZU2owTk00c3pVQ3ZpcGQ3S0p3SzZlUXlNMkxoTHJuc2FqLVBvcHV4VGZNX2t2MGFPZURCSGlyX2dOelRaY2hGNktHVGxKVk1xajZjY19reEpJRE1XbXBvRUEtMmpVYnU5MW1MTnUybWJyZjlWREpnM2k3UmVvQzJYbGxjUEdyWWpIdw?oc=5,0.5900
ABBOTINDIA,2026-01-19T08:00:00Z,simplywall.st,Getting In Cheap On Abbott India Limited (NSE:ABBOTINDIA) Is Unlikely,https://news.google.com/rss/articles/CBMi7AFBVV95cUxNYVpYSDZjS2dPR3hzVGUtNEJfaTVqNGkzYWNpNmNSYUxWZHczSmpLenpHanZOVkpMQWpYT0xmWUFFY0ZTbENYZWFFRWRicnYxZ0NhbjFRSjBaN3g1THphZ3dMVGg2NlUyd2FQbHRwQWNfci1PZE1jVWxsbFhVWG42TFYxUjdsT2NKWE1OSEFkc3ZQVV9ZTFpHamRPZE11eTU5aTVZTHMyMGltNktFWDFHRW5QMnZ2X1Q3M29sU3ZOMnVXdm5Lb2wyWkRFdzdzTHJLZU1zbGI5OU9mTU5OZTczc09yZmtBVnFma2ZqatIB8gFBVV95cUxObVhkSXdTVnNidzlDaEQwdmlCY0lNU1BSQ0FzQzJkQ3lhck43T19iT2hpb2JnLUVya2JPRW54WGk4YzFqbkpvbkVHYmJwQS0yZzdTUHE5dWNiRU9IR1Qya3BRaGpsOER0SG1aNkpWdk9Da2laYlZHaWJFUTBvand3WC1GUGZ4YU5HUTZRaXE5VTgyTFRHOWVuaVlsMmpnOFZwSGp0T1htOXoxOXcySXlDdTZfbWNTckt5d1BQeXdkVTZZc0ktSGNic1VmWnB1cExZOG94Y2llTzZNazNKTi1ZWFh2SlM1M21PbmF4b0JxaTFIdw?oc=5,0.3147
CGPOWER,2026-01-19T08:00:00Z,equitypandit.com,CG Power Shares Soar 8% on Power Transformers Order,https://news.google.com/rss/articles/CBMihwFBVV95cUxNbktFbkJQWEowbHh6NTBuRnhHdUd5QWNEYnR3SlI5eFAzR09wV3VxellONVIzczV1ZlJ3X2llLVV5TzgxR0tPMnJiNUpZUWV5RURWVC15Tk9YNFBHeFljR3lvUUl5b1ZlZmVYbEZJUFR0NnVRdVE0c05HNV9zM1hvVnc0VnBaclk?oc=5,0.7907
CRISIL,2026-01-19T08:00:00Z,ET EnergyWorld,Thermal power’s share to fall below 70% in FY27: Crisil Ratings,https://news.google.com/rss/articles/CBMi0AFBVV95cUxQbk5WSXVmYUUtQlZ6S3lJUk1jd0dSRDlGYzE2S1liQlltOGx3LUQzWERIeGtFMVZVR1VNRllRUXhpNWQ2X1ZBcVQ2QjVKLUl3c0N2N2Y1bDZubWEyaC1PdXlOMnBrT09CdXRPMVMwcXFFSURNVW1Sc2IyZjQ5NDBlZnZ5ODJTakZma3o1YW8xRXpmVnhZYlVTdFdxZmNNRThzTS1ZR0diSDJub3JJbW8ySXNjNV9vR2t1RHpRN2tqelBLOG85RGpYRVBVNTZFOWtW0gHWAUFVX3lxTFBiMHhacDZvb1NDSjNDeFlyWXhmU3dHQXZydVR1WWdnVWthUU81bVIxYWZjdVcwWERvTmRHVV9QQ3NHSHNRaHZ1aHZDeFZSVVlZMGpySVA4UmpFVi02WWxKMTVWUjEtUGQ4OWkycjlUbkFYYmFUVTgtRkJqRDE5ajlOcWxoTGhoUzM2TUliMzRVUlg2MW5sNjVyb1k2QlBCTHd0NV9fMDJ5MUhlX3loREhqVEdLcGk5UFF4ZnZ5YXpYdmhtRXNTMjJtU0pYbmV6dEJNZ0JkWXc?oc=5,-0.9228
CRISIL,2026-01-19T08:00:00Z,Moneycontrol.com,Thermal share in India’s power generation to fall below 70% in FY27: Crisil Ratings,https://news.google.com/rss/articles/CBMi1AFBVV95cUxNa2V3eDh2X2hmNzRxRnJvOTdjRnV0TmduX2JOdlEzNE5pdHlmQTRlNlhZXy1WdG1rUUNCeWxWcWFROG0yZko0TG5uYkh2djQzNWtTdnRZWjZNakFncVc2ZVBvajN3d0E5ZWI2UWp5dEt2NE0tZGJSSUFBdUVZTENCRkN4NnVBdTU4THJ0SXJiaXltZHA0UEV1UjdGbmkxRVZVa3VvUXQ1T0hnTC1uaXlWUmduZmNVc0o4OW5GU05tM050NDQxNjZ0eVd3NlZYdG5MSEdGUdIB2gFBVV95cUxQVEpIeG1sbldERlRpUUs1NkdOT001QTdEZ1hONzdiQlllT3lMMUdleHRwU3o2dU1Odk5oUlEzUVJmYkhRQzU4VkNjbGVMeVB3MHBBODlHZ05hUHFrMF9TLU91bkJxMHBJWi1IbWI4OE9lSk5RYl9BWDdEa1ppSGlkVjhRODBnTXRRMHBuelRZWkpDcWVTVUV5aFJDZTJYSmZ5Q2w5S2R4QzZIMnR0QzlNb1NIYmk5Qkw4RHVRbHJxd3BOS3FXenFGYUhlaHVUaVVmRjloendHTkRhZw?oc=5,-0.9137
DIVISLAB,2026-01-19T08:00:00Z,The Economic Times,Divi's Laboratories - Negative Breakout: These 11 stocks cross below their 200 DMAs,https://news.google.com/rss/articles/CBMi5gFBVV95cUxPcmVNaXBlXzhhNXV3ZVROalJXRE1YUFVGZGdVdEZzS21QRnlNYTJ3dzNsUkJ2clRaREx3OU9rMjRxbjBWQ0xlZUtOVS1pNE9sYmd2Ym4yclVrdUhBX0dodThNX2c2eFpOOWdHTUp5elNFdmUzTmpKWlJkdl9nMEFoOXNSc1Y3WHBKUDR3a3c1RjN0WjRzQ2xCZ0t2ZUhxaUEySjlnanhoRXA2VDhyeC1hS2xEM1NaNlRQUnFDbnp0Z2xLRC0wWVI0ZThYR05iY1ZUQS1XWDB6NnVFQk5zS3VZUWZCMXJ0dw?oc=5,-0.9249
HAVELLS,2026-01-19T08:00:00Z,The Economic Times,Havells India Q3 Results: Net profit rises 8% to Rs 300 crore,https://news.google.com/rss/articles/CBMivAFBVV95cUxOdDNLckt1N2p0UW5zY01jM3J4Wl8wYlc5OG8zSmpaazQwVjlKNDROeUJROTlsSkJUMkw2VWxvakxJRUphTU9Hd0hJMlh2R2hmUHBtWk55bE9sNmZ6ajdTTHV0TmhxQXc3UGhSLTladGphaFdoRGkwOWpGZkVFbkxYVURQS3J1SUlTSW5LcGZydWY0U0FISWR0eFJvdlFHVnlFcHlTSDMza3pnd1VfLWhVSGFudUpRaEdITm9aLdIBwgFBVV95cUxNaloyU1hNc0stdjY4VHlCY1pCQmJQZjMyNzhwVzliS2Y4ZFFUWTVKNEZUcGE4RThzNkVGQXVucWdxZm5XM2ZVNHJ4YTlDemFhUUx0cGNRem00R1FUaFFnTExjQWQtUDhJZHhVVVNyOFVnMjdNOWhkRHZtQ2QtM09EbW5tNElWcmVndDRJRWctQWNnaXFTVGo5SGpkbjZUV21jOXNDQ1lJVWhLMk1lYnhvMUYwZTV2eGZzTER3VFVCS09Mdw?oc=5,0.9203
HAVELLS,2026-01-19T08:00:00Z,scanx.trade,Havells India Stock Declines 4.5% Following Q3 Results Release,https://news.google.com/rss/articles/CBMiuAFBVV95cUxOWlNWM3dHbEE1MXFvMHl4TWhoN08wZG1ZUHpIQktpVDMxTUk0SXBKTkZaTVk5X0N0VXdyNlEweGxhZDI5R1pfOWY0Y081X1F5YWllNVNvejN6ZE5GWl94dENjdkIwTjZFM3FhMG51b09JMDBQdU1QZUZCUmpkX0xZRzdzV1pLOEduQk9oYV9LSlVWMkxMandZOEh1cXREZlJQeWM3Y1dPQW9kQkZ2THJlZ0FpSGdINUhz?oc=5,-0.9601
IREDA,2026-01-19T08:00:00Z,Equitypandit,Indian Renewable Energy Development Agency Ltd (IREDA) Archives,https://news.google.com/rss/articles/CBMijwFBVV95cUxOUmpkMjJpQWNlQS1zSGhPOGxzSVRBSmFWcVdDczRRRGtDUHVQSmhVMUt6NWlqSnVRMWtKVUtPWTBtOVJnTnpBUW03S2czLWNYYUwwdEZiaXBsQm9QQTNIV3F1WmJlV1dxTHVzZ2FRdU5vM0djcTFSR1RXYUVVLTgwZWZKWm1NVmhaOVk2bDhObw?oc=5,0.0455
MANKIND,2026-01-19T08:00:00Z,simplywall.st,Mankind Pharma Limited's (NSE:MANKIND) Stock Has Shown Weakness Lately But Financial Prospects Look Decent: Is The Market Wrong?,https://news.google.com/rss/articles/CBMi6gFBVV95cUxNcWsxRXlWZmxVbDN4ZXFZXzQ1QXZSVG9RYzZoUUh5ekZqengyYm9OV0pzSHlIN0lPSV82M1ByYTU4bDM4ZHVyMHdUdFNWU1U3SEtveXF6Vjh5bjVJaC1WMlJQai1ibkQ2bC1VMGdmTkJZQnNVOGYzQmxqN2wtTHZIeHF0aXFtZThEV3B2NkdwYm1SSmNiQlVqaW9Ta19rSmFMZ3Bib2RCSVptcHlEeld3WUdjQ1ZUbl9xRnN0Ul9lbWZSNFlVMHpwLVhXWms0Rl9GMXdmNVpRSk5tOTk0N0RoUG1FelZaMVlZOWfSAe8BQVVfeXFMTWo1ZVFiZGE4M19yRkJGUjdBZHc1X1lIUnNHbE9pdHYwYURiVUdpUm9keGE3WVRVT25mOHRrT01LTGJmOXNRbHpEWUk4bEZOM2drMll5M0hSSmxKQWlVd01HQkVRckRNVUN3TG90SHNuU3RYaXhsNllvbDJkbng0UFlKMGVKZ212M21RUm0yZ2x6NXJTR0hyMmN4T0pyT0xHdmhPM00tWmF1eTJxWUJXRGN2WG9NTkhwczJPSy11LVNJVXVsYThFb2xSSnYxMWV5eDlKRnFDQ2pENkN3TDgxckkxVmZIYTNzdzlramhUYXM?oc=5,-0.8937
MAXHEALTH,2026-01-19T08:00:00Z,simplywall.st,Is Max Healthcare Institute (NSE:MAXHEALTH) A Risky Investment?,https://news.google.com/rss/articles/CBMi6wFBVV95cUxNSXBKelJUV0dmbEVvS0o1anVrdTVOV0FMQ3FTOXJFOC05OHZyUHJBTmpjWTJxM2l6WDE5ekZMMG5TTWVMZmk4dEwyZWZYTkNOQkFOUjBONnY2bm1WYmNjQUFwM3ZzajRPaHlhUDFtNnNTXzZ3bk9iMkxEUWIySDdYS210cTd4Q1A3UGNzcS04cm1wVHRjaUllRURfSUdjQU40aHVncmhETzM5RU1Qd1dITlRjaWVkVV93Y3lrcDdDNlh3VzNXOG02WXZnc1EyUWJQRVdqaWFBa1ViSjVIYmgzSS1EMGRMZGxRS2Vv0gHwAUFVX3lxTE5Md0tJZDExeWZNVW93UHNLQnJmbDZncUNFQWhWODdFb2ZsXzVGLUdLektoYzhQZFVPTFZES2M3M3BkQkQxYWtJeVZ6SHM5cTN2Q3hFTzYzaWNnMlpTTkEyOU9Ia0o5YkF0S3JMR1p3RkpsZWpTejhuWXZvNlpWRHFjbzFoeVZkZ29PWjloUnYzOXBJRXluTm9Ud2xoSHloOFNpejdFa3huNE5zWDdXdUQzZjY1dnNQOTB2MXRLU0dub1VaQ01wc3BwZ3c2Y282SW1ZUVNtc3FnZWd6WE1jWXp1ZHBVcWx0SG1uaklSZU44UQ?oc=5,-0.2514
MRF,2026-01-19T08:00:00Z,The Economic Times,Negative Breakout: These 11 stocks cross below their 200 DMAs,https://news.google.com/rss/articles/CBMi4AFBVV95cUxObzNRQnJmVm9veThzNkZ5Q1FFeGxKeE5TZEJXTWRDMHlGMWxrTFRabzhETWNKUVZEOFBEc21ETUV3cV9CaldYME5ER0pzNnJpdkxFa1k5WEpXMlhvUEY4eTBzRzIyYm1VZW1zNjhhWGI0aGo4dnBUdTlLa295blJxSThYRkQ3NG9HRkJ6c3NGUE5VNkZhamNmaE1zZlNkOEl0Y01NWW8xelN6Mm15cUlKU003Y080b19HVzNNTlc0ZXhoMmhsb2gxaVZGeUVmMVJjbHBRV25nY0VQdlllUkVZNA?oc=5,-0.9466
OBEROIRLTY,2026-01-19T08:00:00Z,Livemint,Oberoi Realty Q3 results: Net profit rises to ₹622 crore; announces third interim dividend of ₹2/share — Details,https://news.google.com/rss/articles/CBMijwJBVV95cUxQX1BhT2F6eE5memlZMElDckxBU1Q4Zm45ZGdUcWJob1EzalpyVm5VWDVFUGRVNE5kcFNmNnhnRzlLMWpBMGtTdVc4NWpDVHhFY2hpQWVOeThIUlVWejU0aUszbjJTS1dQUWxOVFdaaFc5SThmaUZndE5WVjR2Q3RJQmNNSm9qendzbnk3VmVSd2JaQjNrck4wYUI3NTRmX0ljUzdodzVoM0c1bXh6MzVMUTdIVEJnNjFDZnVKZUhzdDlFR0t0cjF0dGxySVJMRTVTTzBES3ZlMWIyVG1ULUV6WUdQZ2RHb3poWDlZUW1vTEhfaGEyY05nNjlDWHNxNGVzRU5LSlRCa1pVc0ttVkdv0gGUAkFVX3lxTE5qa0VpYnNkX2VYUmRBTldyNlVPRHVBTFdRdzdqa0dZNUpaUGRjb1lkMzQ1Wm1YeXR3cXRYM3dka1hiTm50dk9vS0ZnclNmOGk0OEpLVkw0UzREYVJqTzVuWEpodzM2dTYtQ0t6VHVZMUZpeTFpSGwtdEpnMXFxRFlZLTdSRmh1a1d3ZXl3eWtlMDQ4NlEtV2o2RDRtZDZnMEJGRXpVWWdpTVlnQ3ZrRFZyN3ZvZzdxNVB0dEtLLUFTSjdUVF9HcDdPNlhUcFhJQUJxb1BXbXd6M3d5WGNMQmZpVFVWWkJ0a3FGSFNSSkkzZUJXRkktZTlZOVprNFN2SUVxcWZ4ZGxzSzRJbzRoejl2T3J6eg?oc=5,0.8802
OBEROIRLTY,2026-01-19T08:00:00Z,Upstox,Oberoi Realty shares slump 7% as Q3 net profit rises marginally YoY to ₹623 crore; dividend declared,https://news.google.com/rss/articles/CBMi7gFBVV95cUxQQUNKekEzQWFjOGI3VTFBSkhsRjJSMkxyc1ZmSWt5cFR4blhhV2N5dFJzSWRnTml4ZjdNeXJwaWhXVENTT0FMeXozcl9mWEp4ZG9SbjZUb2Z3enVnSmxpUzA4SU9DZGFxSzg3cmF3akp1bEFuTGRjUGlOZmxHZnk5UGdrTHYyZV91bk93eVJDYXFaTVZZRVNiTTNoeE5ubTJvdG1XcW9DUTFxd2hQNkxIM0NzbGd0ZmJobFZteHRlWm41ajFhZjRrTC1FMUw4YVpITXB2T1BiY2FQUlQzQnd2Z2NNcjZUaEJBdFY0aUtn?oc=5,-0.0541
PAGEIND,2026-01-19T08:00:00Z,simplywall.st,Page Industries (NSE:PAGEIND) Is Due To Pay A Dividend Of ₹150.00,https://news.google.com/rss/articles/CBMi5AFBVV95cUxQZFNBTTZpa2IwQzl1cmtwNWxFRUpqc3BTWnRYdGdQcDBzMTlFUjlaNGRNYnlZeV9Xa1JSaFRFT0piTkpjclNYLURoQUZGM04zX09JX2NWUGo1NkF1MHdxbFJmMjhudnZjVXJ0aXhsUWhYVE1kQ050azdWNHcyM21BRWtuZDhIQVdNTUk4NHQwNUNlT0hWU19PdEFMZEJaOEZtLXhLakN3cG1EUV9pSkozNVFIcXBhRkZZcVU2RWplVmJDelRHY1NwNlNiU05Fd1ZENktzbnNYREd5bFBic25KemlLQVLSAeoBQVVfeXFMTW91MkF6cXVUcm1qaFR2Qkw5YncwUFk5NGdSdU8zWWViclU5MlAyUFhydFFhWkZpZ3VfZGc0TzRPZWdoTDNqZk5iMDYzVnVWVGE0b2FaWnVtV0dNRm9qWHA5ZlhQU3J3NkpmWC1heWdacDRCT3NYTXNuMjNoLVl2UFdybUxjVXh3cHB2T0hQRl9IZDhlOUpXcmh0RnNZRGJ5MXUyX1ZwMTJSUE4yRDU4MmdmQ3ZNNklJZU1mdXJubVJMZWdya1NRMDUyX0l5ZU9qb1cxb0paUXQ0T1dSbzNFUWJmcXNGaE13bnZ3?oc=5,0.0249
PNB,2026-01-19T08:00:00Z,Business Standard,PNB share price slips over 5% from 52-week high post Q3 results; here's why,https://news.google.com/rss/articles/CBMi1wFBVV95cUxOa2hxLUVfc1FGcHA4UmlPUTNuUnpOc2h4emhPQ05xeFhBS2VRaXBmc1hsdEpKX2thOGZCMFM1OUhneHZNNmpJT2t2VThUQXRzY3FyakZQVXdiazhGb2VLYXdGb0RqcEVGZ09yQUxaR1FwUGtibXZoRkNwMFg0Q01OSndIbkJ0d0tBcUlOd3pFTkZwZmhkTVdkVkhHb2xfQWhxVXBqRlFnODdSSlJxU0wzRWM3aVNfYW4ySWhOTVdjVUVUdWxmMGhiMF91blJKeDdLRENIV3prc9IB3AFBVV95cUxObGdZcmRkcUdkcEVlS3pRV2dWWjFYb080SjZLRUFERjlpUGNUSE5nYXpSb0s2cDl2MVRJTlh2My1jT1dSRVFSYUJyMU5LMTVEbk13aTJFLVljTXZMZ0Utc1hHNWt3QnpKUmRndGF4ZFBDa2VpdkdXR2tTaUhLRzZ3NUR0dXBaWHMxbHRqSmdBdG95NmVFdUQ3Q0JrUUVremJsS3VxMThTajNLdkUyamoxZnAtUXBid1dYVF96TzVaWEJjcXl6R0tibGoyQjRTMllGcWtpZEE0RDlQcnNs?oc=5,-0.9450
RECLTD,2026-01-19T08:00:00Z,simplywall.st,Individual investors own 24% of REC Limited (NSE:RECLTD) shares but public companies control 53% of the company,https://news.google.com/rss/articles/CBMi2wFBVV95cUxQeUhrUlBVd2I3M05USnBpX0J1WjJVSHdJOTVyNE94Y0F6b2tkUGFGX0dVS0s2eTB6czRIVnJXTWVWc2paWGFudTB1cTE4MUdDbldyMjhjbGxEUGJKOUh6MHB5SWhRQ1p5MHhqX24wUmtVVXE4TC1pYnJQZzU3WkZHRWlrR3pfdWJzTHdsZXRIdmE5WF9TTzlMckVHNUJxVG5hQ25QSnZkLTNqcEhwR0RXcERRd2lodFlpdGVybDFuYXZFU1Y2RXpHdEFfUFVZY2dHNUpPNlhJbmFHbTjSAeABQVVfeXFMTy12b2l4Q092LVpCdWxUejlRUGVWbVdXSDBIY3ZXZTZaYTVBaXpoYldzTGFpRWhaZzlLLWwxMWdTcGV1bVhqbTBzcUpHQVN2Q3ZzY1l5TkgzV0FNamNYM185aTl5MkkzZlhwR2hsRVEweXV3UTh3N0tmS3NsdC1vb0JoeTVFZGxpd1RmZFVmQkdxU1hvcFJZaHVqRXpnNnJNcEJIRF9sMlJxeE1Db1Q3bDNtQjJtQU5NQ3ljcVVzYy15andtZS1OOU9IYV9GVkdZdFJ3eklMYllFTGFMM1NDZ3M?oc=5,-0.0028
RVNL,2026-01-19T08:00:00Z,Equitypandit,Rail Vikas Nigam Secures Order from South Eastern Railway; Shares Slump,https://news.google.com/rss/articles/CBMiogFBVV95cUxNOEYyMlZDLWVZLU82SkxaSnZQLWQxclVUdFdNY1ZCWXA1U1JiNWJBSnU1bEZBSURtWDU0aGVRdll1dzV0RXczS09feG9QRWlfZU1mUF9UNkZwX0pEZHVXU0RmMVhUU2NmNGE5OXVZeERmZFcyWjA1aGs0OEhjMnhDcjVja29xdVZMbm5Zcldydl8xV0xNXzhvanJhcnljbDZyRmc?oc=5,0.5526
SBIN,2026-01-19T08:00:00Z,simplywall.st,"State Bank of India (NSE:SBIN) jumps 4.2% this week, though earnings growth is still tracking behind five-year shareholder returns",https://news.google.com/rss/articles/CBMi1gFBVV95cUxQejBkUnM0Sl9WdVdLWFV3dElHQTczSVY0OVFMRTZoUVlHWVFWTnEtTzlzRFYydC1IdFhWOXN4SjIwRmdkZDVXX3hOcnppTU9MYkMwU1dZMlM1b25QRngyanRLTXFTRDR3TWV2VDMwb2tGMGMya3ZySVhVVU1kYXRrRnQ2UnBzdS1yY1hMalJLeFJFUVBGRG9lRnJWZTNvaU9HbFBZd2NHUU1kZ3k4SEs4a0ROZVVpNEtzb3dyMVdmZWFEbmNXLUVzN0VGMWRYMFdOYUI5MHJ30gHbAUFVX3lxTE5rcjFDNmFLSk5jTVFXZlBIUFV3SzhBR2N5MDV1bUtNRHY1dmplY2FxRjJndEhBa3JIX19yOWpCY1YzQ01ueGlZcUxIVHlsYlQtdjJURGZqVmtOemxNVndCQnI2MXpUOE5NbkV3bkV5b1hiQW5PSC1XNTBHSjl5d0hHWjUtUWxlUTdnUWNvVVpSTUh5NlFYVFdXaVJXMmdOcW51eVg0TDVkUEtQUUkwOWhLNjljTkJxVnNkaUZoRXAwaElGOGRoZGExME15MjhDM2p0WmhSdFlLaVhJVQ?oc=5,0.7613
CGPOWER,2026-01-20T08:00:00Z,simplywall.st,"CG Power and Industrial Solutions Limited's (NSE:CGPOWER) top owners are public companies with 56% stake, while 24% is held by individual investors",https://news.google.com/rss/articles/CBMi-gFBVV95cUxPb01lNEV3WVp5TkVZRDhIX0dRZ3NBRFdma2IyYVBIMDduR1JaaGtDMjdQT2RITXVOUGNZVkV2LTZLUG1ieUFfNS1zMW10X25lTnBXYmZaVU1QNlpoZDROeHJfQ0M4NlFyNzM4ZkU4WEwzNWdzT2ExYVo4ejNNT2VLOVdKOHJ2VXFCSlp4SXdRbzBkZkJXMTVJSWdSd1VYdDlLaFppYlNYQ3FiZ2ZzY1FiWnpuNjN4bk54NmRwbG5GUFZ6enVrTEhpS2tMN1Boc0ViSDdoQVNlQjd2YVZ2VVBjdUhTQ0ZPQmVZMVBIT0dBZTBUTXNLbkJXdG5n0gH_AUFVX3lxTE5QYnV1UDd1OXVheU56dlBhTk5WQ1dUQlRKRE4xY1hCLWZ2QUkyNlVFSmVyS3RHdjM2a1RlRVU2VUtiYUlNdlhqWHJKOEI5ZzhJanlLOF94bUdzRjFndEZDNUNpVGhJem1Lb2FGSzdySEZ4RU9oU2F1R09hdU9pOFNleWdBc0NDZ1lHam12WGNsWnU1RVV1MDB1TlhCZ2lMc25kekVQVmFkdGJmbS1kdHk5NEFOeGd3SVJOYnFLQ2ZxQ2l6VTEwcTY2Q3VpdHBrdG9tclVkZXJpNW9tVnd3MzRGVU5fWE4xQWJHWHJLckxOX0c2d3J6bDZoaUd5a1RBaw?oc=5,0.0165
COLPAL,2026-01-20T08:00:00Z,scanx.trade,"Colgate-Palmolive India Schedules Board Meeting for January 29, 2026 to Approve Q3FY26 Financial Results",https://news.google.com/rss/articles/CBMi8AFBVV95cUxOVkVfV1A4dGNvWEFueHlHNGJ0YW1mWm9FQXJTdnBLbFZaUXFpSHpDVFdCZjlEdl9EU1loMUZCQlVXSkE2SWNQVkhGMWw4elQ5N2h2NW5PVmZKRHhsWEU5Ynp2T0lrV2l6QzJCTEJ2SHZFQUZYcTdmb1ZQS2dKOUJkZmJDTXk0S3pEVnctZGtka1JNa1RHUURtUEU4cEJhNmUzdFlndDg3SWo2ZnkzUkFKamNpQWV6dTYtS1lDSi1UNkFrZWFsM2hkdUY1WTdrUGRhM3psaGhyYS1ocENEVGtwaHA5Zmh2OGJ4cTdLcnBtay0?oc=5,-0.0030
CRISIL,2026-01-20T08:00:00Z,The Times of India,"Thermal power share to dip amid slower demand growth, rising renewables: Crisil",https://news.google.com/rss/articles/CBMi3gFBVV95cUxOcHRUVVFEVW1LS2I4b0NtUFUwbzdDUm9tTVZrV3RlU2NTTmJvbWJ1Y2UtZkdFWDJZeVA2eFhJV1BHaUVnSnhrZGtLam9LU2pSMFEyZkZRdTlaTURUMmkwM3JKcE92ZEw5U3NIWWVKZWNrNmFqWXo2WkZxX2FkaTNVV1RtQjl4MWdtVkQ3Sm5OLW4wOXVPQUJUT2RFWS1yTE9FVzl5dHpvcFZPQlRvemhVX202aWp1TWhXcEk0WWFrbkw4b1hOX0djVkE2VWpaVS1wYTdxYk82c05MLUdfWUHSAeMBQVVfeXFMTng1TmtveFNZMnJhVkhXbnVtc1lUYWhzcnZyTEVVQkVkNGJSUkFfZjVzSk54NDhCS0xVbGNLaGFLZE40YlZzVlUyQXNxLVI2U094dHU3WWlTN0dEckZUOTlOZlBFSF9rT2wwSmJVM2o1Q2VWNWY5eG9mbWU4dU1xUkFPYklhUFAzdExmTlU2c2FnQW92UmdVZjZpandXTXVRSWlZTGFGcGNQTkx1U1BWeGI1dGxIdmNNNUF6cm9HN2FHVnZieWNwdmlGb01oRnBYTzBnTzdBYm1FRVhqWkFsUUlyVFk?oc=5,-0.9392
CUMMINSIND,2026-01-20T08:00:00Z,simplywall.st,Is Weakness In Cummins India Limited (NSE:CUMMINSIND) Stock A Sign That The Market Could be Wrong Given Its Strong Financial Prospects?,https://news.google.com/rss/articles/CBMi4AFBVV95cUxOdDh0OS1kVmVvRlB2dUFKVjFqb2t0bjk2N21aejRTdlJfdEdCUWtCTHR1b245d2R2T3dWeEp6Vmg4RnpuUC1vNmlmMnBiYnZHNnhNR3d5eVcxclJqd2hzVEFCQkZRZlNSZkhxUTh3TGVtbVJQZ2pHZnFVN1BGeVFndmpMa29TQ2s2SWptVERRN1BzM2dtVGgzVVJ1bFZUbEViVno0UzdXeEZRTld0WTEyNGoyX3JXbW94amhRTHd5R1Z4b0MxdnRDUlE1N2dzVV9aQTBaNHEzeVNuNGFZWFN6b9IB5gFBVV95cUxNT2tkRW9tRmw5bWl6LWNOVTJZd3ZVRlI0THdkT0lxT3FabVBwRm8yVHhKYlJGZno0YkFtWVhlQ3BodWVjQTZNSHVwMXU5eGk1R2YwcWNJNER6LWV2eGlNdU1qOGZhV0xPZmNPemFmTko3ZHVtS2FpNkRZYjFwMVhiZnFfbFBMSk9oY3BsWGdaUFpqRWNCdGhRY2NITFVkcVB4Mk9hRTNVMjFqZlo1d1M3R0piLUxibVBfeGR3QWI5dTZMZEZvSFVSVjZFZ2hiaFJLdmF4U05hRXIwT0g1bXMwYVVTUjhIdw?oc=5,-0.9341
DALBHARAT,2026-01-20T08:00:00Z,simplywall.st,Can Mixed Fundamentals Have A Negative Impact on Dalmia Bharat Limited (NSE:DALBHARAT) Current Share Price Momentum?,https://news.google.com/rss/articles/CBMi2gFBVV95cUxNRzVKWm5VZ0Juc1dJd0RZNnIyN1JjcmFqOUwxZHlFMUVfakZzRFJia3lRZnA5MGFINVFKRVNxSVVJRUJRNEJjWFlZdWwtVHdaTDRWLVpJU0t4MTJIc0c4SnBDT3ZkX1lQS2JrNS1PVkhUSnNlMTF3TkJCMUo3STU5eFJnNGpBcmxPUFJ5UWh0NW9zODVNNk4xQ3E1UXFNQ3piY3ZzVWZFY1ZvZnRQTlNOVWV2SmVSSElZZ05vMGdxbzNGemwwWHlVS2FQb0hnWFE5X3FpZTJlV2Q0Z9IB3wFBVV95cUxQNS13UHIxby1KRnF6elBnY1VVc0RXeTFOaDJmODNPbmxOSUdYRkdjblZQbFVsSFg0WlBHT1RMMTNEM3Fnenl0T1NFYW53eXNJOGlsX3RDMElhNmhZNXVrZnVhVHpqLUtYbjZpWW1pbG5xbjJ1ZHZ3RWtDNHdQQkZLYXNYZnlzTkNiUS1wQVNDdE5uN0FlNFcxZmxUMlBVWnh0TlEwR1ZsNkNzN3otdk96SGFSNGxyV1NzQ29POFpkZ2UyZ2xzT3RGSlUxRDUzTFlVdGM1SnpKLWFUX210d1Zv?oc=5,-0.7919
DIVISLAB,2026-01-20T08:00:00Z,simplywall.st,Should Weakness in Divi's Laboratories Limited's (NSE:DIVISLAB) Stock Be Seen As A Sign That Market Will Correct The Share Price Given Decent Financials?,https://news.google.com/rss/articles/CBMi8gFBVV95cUxQQ1FpVUg2SWFrQmZwaXRwLUVSemNKWGNpc2tYYjhJVnB5cy1raTRieGtKSDAwMjNJY1o2dE1WYm8xOVRkY2c3aGJ1RmIwRFlSWWJFSklvRnFGalJOTDEwVERpbFQ5MEoyVGM5OHlwNkVaY3J6ZjhYbFRqQzFEY25rZjdPQTVFWXhCeTYwWXRNemlGWkU1akpiN2RvRExYR2RMaVkzY1oxWklDRDJzcFIwQXlXWjBlVTFoQllRRUtpWk01MU9lNG4yWWpDRkRVM2xzcU93SUN5NlI0bDRkZWtjQ05oa2h3dm9DcTV3YnV3NTQ3UdIB9wFBVV95cUxOYjVmYmZZS2tPWWxVVmtKdzVnSlFteGlqekxiQ1F3dnRvajNYRnhQMEsyV1NVMnBmZjRiZ2pNdjJxMlJvTnVCRG5vbzlXQUhnbVRJVlB4aGtpcGR3ZXBJVWlKTkd2NUhNclVodF9FZUJWWkJVazJ5VjFKa3RGOVN4WHV1MEx1OURaUHhVMkVjVmJyUTFHTEI2Y2YxRzhwNFBXdGV4MC0tZk9lYkhkS3F6Q0lHQjRMNTdUZmtlbTNwOWRmLWkwOWtRU3hPT1FyYjZGTnVBUmxWcW0xcTd4cXh2TE5vcURKLW01V0FtcThPWjBWTmFMWEhz?oc=5,-0.5491
FLUOROCHEM,2026-01-20T08:00:00Z,scanx.trade,Gujarat Fluorochemicals Establishes Step-Down Subsidiary in Oman for Chemical Manufacturing,https://news.google.com/rss/articles/CBMi5gFBVV95cUxQVWVwckUwLXExam5UMk5kTWlLSFloZmlZdUlwMlhZR0RxVnJMblV2cjNLam5RQ0lOcGRYa2hmM3FTQS1QcHBuTUFBamoyeXloRjBkLUlvajBwMk53WHFmVWdtV1Fwb29ONldyWE40dTJESmFlY2psVUU4bW1raVFSY2NkNHo3SmR5VXY2LVVkMjVnVFVoNFRCNlItYzNYZnhyRXdNZjRuemFFUDJpaS1lMGl0dFlCb2hCaW1ubjRwQWNyZ0owX3BsaEdJY2JQRng5NjA1ZTRCeWo2ZVhkZUV4ejM4U1BPdw?oc=5,-0.5381
GLAXO,2026-01-20T08:00:00Z,simplywall.st,Earnings Not Telling The Story For GlaxoSmithKline Pharmaceuticals Limited (NSE:GLAXO),https://news.google.com/rss/articles/CBMiggJBVV95cUxNcEZjTVhyaEZrMGZfZmZQWHY2V1ZsbUNHUTd3WE5EbTdkS2FKQWRFUnRRdGl0US1RakdTbU9VWDRjNjVON1ZoZXpndmYtanRhNDVfd09IT3I5d2NsM0hhOVc1eXpTZThUX2RXQS1QNDNQd2dtTHljbmRDTDY2b1M0LWVEWnVlSWFpZDEtQWtoUGVDN3lZQXVTTFB3OU50aHI2TTM3VkVLMnkwd1ZHZTZIRHptOWZnUGpoNklOeEdwYkNJNVVfcFllRkNEMklDZWdYWHA0U1BXdllrd05Dd1Z1MC1hWEZleTFha1B4ZDdEalBxM3NueGtoajg3aUZBc1FiMlHSAYcCQVVfeXFMTWJBN0Y3czBRTDJSVjROUWUxdndNZVlHdEdtVjZ1MXlRTUFENmcwbG8xaWJac0RnelJ2VGxJYkdZa2R0MHpoWWtPbHRWcTBBdGJieW5Oak9uTU1sSnF3ZF9SUm1WZXF5VE5HbG03R3hoZm1tRWxYaHJHa3RyV1gwM1I1YnVZTnJ4aXJRSmZhMl9QckxhcGk5SmdlZGhIc21GbUprNEF2ZENuS283STQ3MTk4UzVBd1BDd3ZYLTYyeW40OE1WUTd5bnhCVk95cjQtcmxsYlZRTE9sX3hkMFM3V3JncjVZZ2hVakdmdUhnZV95S2NmVURKSDkwYU5yQjZzTW9XZ2UyQkE?oc=5,-0.0410
HAVELLS,2026-01-20T08:00:00Z,business-standard.com,Havells India slips 3% after Q3 profit miss estimates; brokerages divided,https://news.google.com/rss/articles/CBMi3wFBVV95cUxQbkZuNElMOTJSVE5rX0FCYlNoQjNoN0o1a05YdVFlZzJ4TzdXb0g3UmhTZ2otVjhPOXMzeEM1bUdTcGFfSmhNZGktdkR2UzRCWHdibHItX1JubTdNX0lZcXhoR0FiX1VRQWZiSEJHbWw5OG5hQk1RR1JVcGdibEZlT1NLOWpYUFVhTms4a3pZWkJVUEhCZ2VDaTZKbjR2eElBdFltcmdvTnpzNWFHV1pXSzRWN01VUjBlakRkYV9NQTg5SURfMHByZGY0ZFRSTzNza3RhMFloRFZTWWkwX3Br0gHkAUFVX3lxTE9tZ2lBMl9vbTJFUHotTTE2UXVvX3V0WmFMWWlfNTRtaHRILXd5Z0VpaEluVmJaODFTbWtBbklUQ0Zqb2JNdzhkcTNpN3lKaWFBbzB3M3V2eFJWNkJZdU5uejUxeFRxck1FcGxUUlVEMkk3dkN0VUVBNUlDc2F6T2ttcTc3MHN4RGxDZkVYV1JpMktHSl9fME5oZjUtb0ltNENsQWxmZGNfMDR1NDlwQlJCSF9tU3BNa0N4aHBZU1gzd2FSSFJsOURSbzJ1bjVaUjRxTHoxekxTY1hKQ3dxOGROdFFRQQ?oc=5,-0.9534
HAVELLS,2026-01-20T08:00:00Z,NDTV Profit,Havells Shares Hit 23-Month Low — Here's Why The Stock Is Under Pressure,https://news.google.com/rss/articles/CBMiswFBVV95cUxPUUlMakVseU14VllDa2Fka2M1ZXpyZVZWbG45TFM4MDBtVkViWjljRkcxZDN4ZFlpWVBUQUUtYTY0bHRLRzZGV1lCWTBLMzVDVnpteno1b092MVl5SmpEdVBBcWl4Z1lacGlYeGExOWR5UEZEWjFJZXREdFBsVmcxUTJRdGQ2UjUzQzc3YlVVSUdvMUNYOU43ME9VYlV5OTQ2QjVNaTRIaFdFUVRqN0pRZ3E5SdIBuwFBVV95cUxQYUxkQWNVVjFFdzFOajNPdUtib3RwNTZDekxnaVhTYXRGdFc2ZTloUGhwWU94WW1OWDEwZUhOTFU2YlFrajFsVjd1ZHp5dXVSNUVHUUZaRHBNUHo2QkhPRkM3U3JaT190TWJkbWg4OVdxSHQ1dnh3bV9aNFJTUVp6M09IOFhSQ0J1WEp6UjNPX3N5My1TRGw5VVRDWUZWOWw2RDJTR2E4YXQwUmJESF92UmZmN2xReldhRXZB?oc=5,-0.5571
HUDCO,2026-01-20T08:00:00Z,simplywall.st,"Housing and Urban Development Corporation Limited (NSE:HUDCO) most popular amongst state or government who own 75% of the shares, institutions hold 14%",https://news.google.com/rss/articles/CBMi-wFBVV95cUxQUWNiM0NtNk4wcmhzUlFWSXNXTDFFS1Y4VjlEeXNNMl91TS1xVkxYREdaZWR5c0VHNmxtRUk4dzQwVTQxYTdmZDAtX2ltUWd5RTFUUl9Bd3dEeTdOdGgwSS0yNEZmY1AybkNaeHduLXdWRWUyMFJNNUR3QzVzbzRWd1d5ck1QZ3VjV1lXVFFrOXlMVkNsU0xxbDlOODY3bkpGOUZuUXI3SDh2bEM2SkRJWFgtNXVoM1pSUVZkSzhCRUgzNUJGelF2SlZrUFdYYUoyLVVfb1J3NXJ4Y2FCeVNEd3dJbWFaOWFvTnV0dkpvOVNFVXlqMERCcXVIY9IBgAJBVV95cUxNQXJaQVo5akVGYzVXZU52VDlReE41WTBGZFBxRDdNNmxEd2RMZ1F1YnlFMzEwNnExV2xnUDRXbWJNc2ViRldkRXk4dUx5TnctUGdfR0xiZHZsQzdHdFdVV0ZfYmhOakhVUlFMQ0x4UDgyeXpRQmJIbm9xY1pQTWNUSm9FWU8waVoyUm9kMXQ0RmY3LWZoVTBuSjVhNWtZdXU4aXhFSURXSzJjQVVBbVRFdjdFTXc1Z1pPNl9PWkZKSVZNSkUxTW4xMTV2cGw2bTM1MV9jOVN3WnFFNWNrb0JUNTY5eGVXOE9Eekh5SFZmdldDcG93YTlzLUNtTnhWNEps?oc=5,0.0505
IOC,2026-01-20T08:00:00Z,simplywall.st,Is Indian Oil (NSE:IOC) A Risky Investment?,https://news.google.com/rss/articles/CBMisAFBVV95cUxPRDJlRTdvNmU4T2pjOGY2Z1JZNlA4NU5JWmFtV2FWMkItVE9GTE5aQ2M1U0xxcnIyanpQbmtXbGU1NGc0cHlBc1Y5MHFudUM3QmN0OS0wVklmSGszTnRqeGw4QzZoQXVVRnBoWEVIeFBzMkxPRDYwZkJ3Z3ZyYUhXM3Z4aDdtbGl1a3lKalltWXdEc0hnOGdOM1JoVENSME1ZeUx4SWdlWDdIM3BubDJlZNIBtgFBVV95cUxOR3BXSjJHRFRYUVo1eXRseklmaTlqaE9nbjJVdGFwUEM0anpVREdPQk80UHFWSDFwVUEwSk1pclNDLUV3VDdVWW16Z2xBc0o1Rk4tNkRuRHlzTVhUWG1YY3F1VW9Tdi1HYlhRWUhGMlVxbllBV1RLR0hNWWJmSXJIbWQ2a0NxREY3M0RBUmxHREV0allDYzZPLTRFcEEzTDg5OFhJcjlXX0prU1lJbWo2TmdFSGJjQQ?oc=5,-0.1799
IREDA,2026-01-20T08:00:00Z,Solarbytes,IREDA reports higher revenue and profit in Q3 FY25–26,https://news.google.com/rss/articles/CBMiowFBVV95cUxPblFvRXZVQW85UEdaaHZkbW1xbTZTNEZCMmlUREhxN2c5X2lyMHdCdU1fWkVIczVLRUU0TzNzVGJ6OUJZZDVzV09iMDdQVVFIcTJSd2c2Q1dFMlBpZUY4MW1CUFFVTUZMamQ0c0llVXZacm9nTFdfYlJaUUNWM0NFcl9VN2dFZkRERWpUT3FuN0M5UVNTUWJJSUlNUGVFUko4c04w?oc=5,0.9057
JKCEMENT,2026-01-20T08:00:00Z,business-standard.com,"JK Cement surges 5% on strong volume growth, upbeat brokerage views",https://news.google.com/rss/articles/CBMizAFBVV95cUxNUVMxRjIxdnBRaHFxWm9TQUR5TzMyQVlaYURKTzBRclFwd004X2J6eV9raERpOC00cDJCTFhKX1ZGSjFUWlBkbUdRVHZSX2J3Y3l3bk5TTUNPNm02ZnMyY3JDVmxHeXRIeVFOa0dOUnpZSW05cDNvTHI1eXVaLUxBWk5QcmU0cEhYcHk3OVNJNGt0ckx4SVVQVkNQaVBlNUxSdXNRQllnS1VLdTZFNmV3ZVQ2TkhNZllKZUxUaU9pR0JFcDl2TG1mQUlBM0jSAdIBQVVfeXFMUDNaaGVxLUlHRlF1Y0JITWk5Z0ZyVHRnNDdTVVFoNUVId2ZBdzJ1Z0ZfU1pib3lxWm9zM1JHc0ZuNTlFWWRxT3ZaNmtHYzI4ajhERW9zQnljNU81azBmSmlpZzVrbXJ3S19ocHE5U3hCdk0xYXk5NUZwNVFTNC1tZ2UydXJBeTl6YTZEVk54bVRQY1dhSUxBSHFIcFVFSkg0eHgwUUlWYWlNU2I3TUdzRy1MUlJ0elgtWGtFd2lKX25ia2szY1lBZW1LSl90eVJzVVZn?oc=5,0.9203
OBEROIRLTY,2026-01-20T08:00:00Z,Samco,Oberoi Realty Share Price Falls 8% On Q3 Weakness | Stock Market Today,https://news.google.com/rss/articles/CBMiwgFBVV95cUxOZ003cjVaT0F2OWwyNmVSTVJqZm9TcVR5V2pFd3ZxQmlGZ1ltTmphekVybVBlMGVMWmJWazdZR1NqMndyNkkxMUhSX1otZlM1WUFhcWRCNWd2RVI2Q0dneC1tYmJEckROTXBDaGJBUDUzQmtkeXZxRUs3S01sR2piZEdsMTFDbGJwQy0zMWdiSEVSTThpNzhLY3UxOWRSbDRxajc1TWt4Vmh4c1ZHV21KZk9DZXVZdWFPOG5JZTRmMFNXdw?oc=5,-0.9615
OBEROIRLTY,2026-01-20T08:00:00Z,NDTV Profit,Oberoi Realty Shares Drop Despite Marginal Rise In Q3 Profit,https://news.google.com/rss/articles/CBMivAFBVV95cUxNa0trVnBUQnVidkc0d0lrNUZ3LXdjZWhpQ3hRNS1McktJN0xVTWxhSnc4SGlaYV9QYmJWMFBfaDZMUGV5TmJHZUdaZkZ0VW1MSDZHeFk4cTVJaXVoMzBzNFdRbl9uT0FVeW1XOU9KRnRlTV9Lci1kdzVHdE1wTmNoRGI0TGlpTWpPQU1EelpzY01HaGVIZHJrT2dRUnlWVHg2SWVoc0JhcWlrV1RBWU1GM252OHp3eGExR2VFc9IBxAFBVV95cUxQNjAwSV9QWlJsN0gtcGg0bWtiN09BQWZNQURPaHdIRG5IZWN3UkZSb0c3ZEpRMHh3M3FlOEk1bUNVYnkzUldLb3p5eHc2OHVUZTVGNWZHZXl0Umdwd29mTnh4TVJ5eXJUcGdkaUdJNE1OQTNDRkNYRTBQNkhObnkyOWl0RkxqUVVKSGJxSGw1VmhlQTd0T2Q1cVpwV2Y2Z2dmREF4R2RUdEZ6TUZmRTNxZ1JLOVdnX0VfZHJzQXJ4UHpfWTZu?oc=5,-0.9615
OBEROIRLTY,2026-01-20T08:00:00Z,business-standard.com,Oberoi Realty drops 8% to over 9-month low as traders assess Q3 results,https://news.google.com/rss/articles/CBMi0wFBVV95cUxPSnJZUWpPM0dLS2c5UmNmQWR1MU1ZcUdwWnM4RTRnaXM1cUFsdmstekFMWUlHYmpsZ0JjUlZGM1JfcWVWTzRRWXdjWmktb0xTTUV2d0hFWFQtQVZRV3U0eXBvRW80XzdESEQ2TFRPTnJnZzhTMzN2Y1AxUlRLbDFFVEdnSWNGaWpJS21mRnlQbERsYjFZVTFzWE92eXFELVNfNEVWeFZnTkRicHFDSHk5Vi1YbElEaEtQeFZTeWlQTHNwZ3JkX3pJVjVpVi1LSWc3R1Vv0gHYAUFVX3lxTE5DeEs0YmM5MmRYTjh2VVN0eF8taE9wTmd1RFd5M281YzRVLWV3dkhud2Vyb0huQ1l6cHVKcFIyLVpLSDdIMGJaOTVlbXRrSm9POUhzMjhKUW5YOXZMUUx0ZVlpQkN6RzliQmJnb2hsWXl3blZVMDJaRUkxeVE2MWh5dk9BOGVjTnI1dXBOdWlac1NPQ0JnTzNaVGRJZ3ZoUkRhNmt1SzN0cERwNFdfTzMyX2xIYlVVbW9EajREMGdSUExDQmtZdzdnMDB2U0J5QzFKN2ZjRXhVeg?oc=5,-0.9634
OBEROIRLTY,2026-01-20T08:00:00Z,Moneycontrol.com,Real estate stocks see worst day in six months; Oberoi Realty falls 9% over weak Q3 results: What lies...,https://news.google.com/rss/articles/CBMigAJBVV95cUxNQklHa3k2N2RRQUx1dnRucEtSWG9FbloteHp3LUZIX0IzVnRfZkhQZXR3TmhRNWNKOTV4aV95Zm9EUmtQdmdsWU5WRW92RmxrMi03QjU4RmZ3RVl2WVVUdkZqeERGS2VkR3FDV05qS2xNa1NIcjFoSUJTaFlUS2NGWlQ2S2JtYlhmTklVY3R4Sk83Q2dqQy1BQy02S0VFbnlxMzF6MTJQSnkzeFcwTURHQmhoaE1oeXlKdl9WWDdueTdRaTNtbHZ1ai0wZGdEWV9BYmJMWTRLU0IwMDk1NUNVR0NaeW5lYjZKZVRnYU04VEx4TlZTUmdwWXdfaGxlMXhU0gGGAkFVX3lxTFBwaUNsMXpOWEttbkxPVVBmMzVna2VsSlN4VDNlQXVJWW1Hcm5vRmd1MzFfSDFFSVVXOG0xYjFqYzM5V2k3ZzRHcXA2aWhhbW81ZEtRSjNDVVUtbWg5ZzVfQ1JXZ0c5ejNJTVQwcVFGdWtQQjhLRDhHZy1UWWtYTEdXcm1aejZWQVE3bnd5YXRvREdfWjc1ZjZzZFFEYzItNGZoRWI2SWRyYWlORWQwemNMSzJHTlZXSEhOVTJka2M1OW9RT2JLeHhTYmxldl9sZXh1YTFkbDM2VVZtZlBqTzd6RlJadzgxc1lOWVdGc2JMd0xLd2ttNGdMcFhvaVczWDJCR0NrWFE?oc=5,-0.9464
SUPREMEIND,2026-01-20T08:00:00Z,Univest,Supreme Industries Q3 Results FY26 Preview: PAT to fall 8%,https://news.google.com/rss/articles/CBMidkFVX3lxTE1ROV9DRUUwSmhUY25VckFGT3VaSzFyT2ZzTS15N1ZCWmpRUVhVLXg1N3J0QjN1S2pYTUdrNDZIVVRrU3JXOVhBTzRoeVM1UWUwOUtON1dkNVpSZFgwQkN2Uk5Lbmg5NHg3MWNaUUI2Zm40UnlHLWc?oc=5,-0.9577
ACC,2026-01-21T08:00:00Z,thecore.in,Adani’s Long-Awaited Cement Merger Arrives As An Afterthought For The Market,https://news.google.com/rss/articles/CBMiiwFBVV95cUxOb0pUQlRwY2N0YlczbjVVblBkaktLdC1DWVJsckZyVzFGb1NJNk81UERZQjNvVjZlNjd2SFNsNEMyRWs2UmFrSkp4My1jR0NIT1hiOTg3d3FOU3NaWm1yS2lTNmdtT1VWQnhmU2N3bGJjSG9Qd0NIbERJbVNJemJYTmNoOHBMWkdYR1dZ?oc=5,0.8393
APLAPOLLO,2026-01-21T08:00:00Z,Univest,APL Apollo Tubes Q3 Results FY26 Preview: PAT to rise 303.22%,https://news.google.com/rss/articles/CBMic0FVX3lxTE9KenN0NUhoUzNWbWRtZEk5aU9JbFFyd1o1U1lOR1NESjV4ZVhtU2F5RUtCZjZzZzY5NUNKc1hjeDJVaC15endkNFpOd3JPcnloZGV0MUZGZG1MZ3lsQXFpUW1reGp4R3V3T20zMndNVEVVUHc?oc=5,0.9247
ASTRAL,2026-01-21T08:00:00Z,simplywall.st,Some Confidence Is Lacking In Astral Limited's (NSE:ASTRAL) P/E,https://news.google.com/rss/articles/CBMizwFBVV95cUxOSFFiQ0tZb2c5YmRLajI5NnUwczR6czU3dnJ4bXd5WEhyME9zWDVMdkg1UmVTdFozRnQ2M2hxdTZFQVh0MEVoRUJPbWk1SDExdTJfS2MxaUVqTG8xQ2RwUlRsQkg0TXpuY3F6VnZ4Y0dIbWYyejJaUUNoWXJ2Rnd5VXFJTzJWNzFmbkE0YWRQa0hsQW4xbVJQam1xR0lfOHJkQjRJUjlQOVI4dExBUDA0RkxZNmlSUndycFl4aFdYVFVFVUF2ZlQ5VkR1NnVZWm_SAdQBQVVfeXFMTk5wMUwtakg0MUdSdkROLUw0d0NRbUtZWjZlYWVib0R2TEtBMGZROXR3dThSUFgydzhkQm55SU40UDdtVzRLcEJhck9wbkZWdnE5XzJMbTRmM1hSaUp4MTJaYXZlTW9sekxLNVBaamZaUnpiNnJCcnkzaUtnVk5TbzdfNHN3UWI4T1d6Smt4ekwxTVZyeHNaZ2dPTWdRazZIbnpLd2RzMnI3Si1NclFoczBZd0hwOUZXSS1rTnFVeUhYY0RPc0xSbFgyNndRdjRaTk1tc3g?oc=5,-0.8641
BHEL,2026-01-21T08:00:00Z,simplywall.st,Does Bharat Heavy Electricals (NSE:BHEL) Deserve A Spot On Your Watchlist?,https://news.google.com/rss/articles/CBMi5wFBVV95cUxQcFdpVXdSTllUOXNxRWtYZklrRUc3X0ZYU0pOWXhJX3paU3JxTmgzSHEzN3JhM3VqQ0tSRVAzQnBaUXdwcl9OTUVISWZmYzVKRldOWmdobUZ6X21WS0JpeGRfQ1hZTGpodTlSTnlITVR3Wk5VSmJUT2J4Z3ppN0VVM1VqNFhJU3A5ZDNaWmJIcVJBZFA2ZU9WSmFSeDVEVlBoeTlZbm53djZXQmtkNTBMUzM4ZG0yVFZSblVhOHIxakYyQk10RWZGd2FHQlg4N3FVbXlJOGszUVBwRjgyOHJGZnotVVpfQ0XSAewBQVVfeXFMTVRVaUFkSzliR0p3b1dmdTFqTmxSMFYxTGxDYUlONHdyMkNWa1Y5cTdiRXRXRkRGdzhENjVYMFpidHhkR2dyWnVaNG1FMWZ3dHAxNDFkMlR2dUpQd0FWaGRNVFJRSEx5ZFVTaTdaVGdrWXgwLXhiZzBhazdVcmdvdUJzWE9UdS1UaGRkeHZLMENpNVg1UWZNUERYNXFGOXRVVTVVMmh0TTd5T1Rldktra3BJaTE4dmdiWkVxMWdER1hzanl6UTJoXzE4UWdnRWRmSk4tcXJJaklvWUlNcFZyZTQ1RFFlLXRRd1Z1RGE?oc=5,0.1604
HAVELLS,2026-01-21T08:00:00Z,simplywall.st,"Havells India (NSE:HAVELLS) sheds 6.0% this week, as yearly returns fall more in line with earnings growth",https://news.google.com/rss/articles/CBMi3AFBVV95cUxQMTFZQ2VYbFA2aGNYY2RIbUVabmhfSkhsOWNTVW4zbjd0enlONndTZ0lBRDg3cTRmbTRlSXhxMlFZWjByOFBsU3B0Mko1RDI3Q0RSMXhHWWVfZ1ZMeGZVWk5laWtsb29rUGpYUzFTMEV5UG8wUWQ5VUZGN2lpbDBYbWFGZktmb1ktQUpmTmo1dzJlTzVUYTNycWR0dktmVHJVb3BKdTYwZEMwajFYOHJBZy1JLXZWZ1FtdmVpd1huYWpSc1RyNnBfX3ZsUzVJQXVLZEs5RWpwbkZ0Mk5R0gHiAUFVX3lxTE5nRUlPMGFCV1hfREgtM1VCZnZtaEQtd3Y2Z0g1bUlMRjN2QVpUOGhidXBlamtNNTc1ZktEOGt2amc1eGdBYnF1VDQzX3FNbTdzWWZndXpMZ05JejRCVVpaZmpoZ0tjTzRfYUVkeHVMUUlmZkduQWF5dnZVYWdRb2UxWVB5c2ZkbHRPOHUwckVsU1ZKbUlrQ3pSWXV2UmZzb2V5M1BRSnE3eVFUY3BpZE5kLUE2eGZFR25UdFd6aEVrRkZzdnR3bFJRQ3kzN3M0dk1CVUVCNlZVcldpcld6b212NFE?oc=5,-0.9662
HEXT,2026-01-21T08:00:00Z,business-standard.com,Hexaware Tech shares slip 3% after senior management personnel resigns,https://news.google.com/rss/articles/CBMi3AFBVV95cUxPRVEzc2tneHBKZFp4eHhNcFlaNE1UejBTQTZSQVpyeFVNWVA5Nl9jNm82Sm1iZzRXeUw2WnktdmJKbXF0X2w0dnF2M01tSFFaakVJLU40TE5YTE1MN1NLNzE1N0EtQTFhSElMb2p2TFRvUGdnM3ExdElDaDZOOGpydDdvRG1IeE56aVZvQnpzZkpFNElJb3JoZTZaRDZaNlFXVTVVaXo3dGxXbFVCM3hDZk5lT2piV0Z0YkhZSkw0NDFLWTFQMFZTa2planp1NElheDdoUnM0SFdMUXZq0gHiAUFVX3lxTE9RNkhSVTBqN0k3dGFkN3o3aVZXS21YUWZlQkFzMTFfMHd3Q1RSUkNsRFY5ZVg5MlBsSWNnQkk0UnNabkdQRzQ4ZFVjcVBBMmhKWVdjLWZEMnpDYl9DU3N5c04td0ZyU0V3QjVzcTFsUW5OX3JIZHRDYm43aURLbDEtVHlTVzdQbTI3SkV4Zm95MDdhYzNVZUZvUEdMZWhqcjZEMms5cTVGZGk3NG0weDNkUEltNnl0bTAwSUpxNXdrSVU5dHZmU2w1R3FTSmV5bWY4eE85OHdIdzY4dVJVVEJ2UkE?oc=5,-0.9524
HINDPETRO,2026-01-21T08:00:00Z,Livemint,"HPCL Q3 Results: Maharatna PSU's net profit jumps 58% to ₹4,011 crore; revenue rises 4.6% YoY — Details here",https://news.google.com/rss/articles/CBMigwJBVV95cUxON3lVRE5EcFAtczVnLXJmNXF2OWZHbzF1NFd4MGdMbGUzOW13NlBrT2F6bzZCV081Q1kyRFRPeEdZbllQcE40bXQ4eHR0YzRvem56SWdYVkhmTFYwOURDME1ETzg4WWtKVnZ6U3FHeFlCMW9VX0ZLZ0RhTE5DQjFQN0lyTXJOQnlIdHZ4UW05MGwwZzFYbkRaZDhyaWk0TFlrajZCbk1jYjZ6eFVjQnNvZGZack42VGhibEp0Qm9EQTVIM1B4dkx3S0NpZERXMkNaM193R1lreElBNzc3NnptN3JxUkstaFZoZ2dkMEJhY3ZaM1hpNDJNNXlkbElIb1djMHd30gGIAkFVX3lxTE01cWNGQV92UFhuN0VnRGlBVjlfbnBlblFQT19vMGNUa2Zkbk1maUlDSHhmV1EyNFNaRjhCTmVpQ0dMQ0w0SHBEalNlZzJSckFPaFU1LWZXT3BQZkhJU2dNSUtwZjV6RXFiNUxPaGtJRWpzNFB1VFctcjRmYlk5SVhsaTRHTG8ybVRRcjMyT1ZSZUsxUXRDOTZxWGhjTmRBVVRINFRzWnZmbDZyVXhlaGNVVGdHR2k1LWdaY0Z4WElnMm5aOU1JamcwRFFGejVVZW9TZnF0SUpIOWlMVHVfMEFjMGs2eTVaSUdacFhvTnhmcENtaFFIb3JUcmZJTmZ4U2ZwQXhxMjdLTg?oc=5,0.8779
HINDPETRO,2026-01-21T08:00:00Z,CNBC TV18,HPCL Q3 Results: Net profit up by 6%; misses Street estimates,https://news.google.com/rss/articles/CBMiwwFBVV95cUxPbUJIRkV3bXRKcURVdDZUdGt2bGloSkg0U25mY2JpZ3JaTlc4N3JNNGtfZFZ6UUc0NGR1Z2RXRmp0YzBZd0xYY3hPY2tGYkRlbF94ZGxpN1JzNlU1ZDgyOGpnTUhRdWIzRVduMl9xUlFPZDVpa3dua3FsNWMyRXZ1SnFVNUxLdGNJN1JzOU9MTE5KQlJ5YjgzNmxuOEx4ekpxbVU3YWFxZUNNTHprZ0V0b2ZoRDBuUGFxU2pHWHlNaTl4S03SAcgBQVVfeXFMTzh0bXZBMm1CT0dOMmd4V0pRMTVoZ1QyTy1aTllqb1JLRjJHUTk3Q1lYemRsZkhpZnItejg1Y1RTWk12NEpSblZZYzQ0OFhlTnJoQUtnUm9EYTAtNUpSd0RpV1dhV2J3czlGT2dqVDVOTkJMV0pIaVR5STBIQnBSSUVTTDEyR3Q0NFdaUzBqc0VEWHVMeWFyaHo5NUc1ZVZUTGZGQ3JJYzkxaElScFhhdFNRZ0RTQ1k1OTRPWmdmVUU0Wkpmdmw4SFU?oc=5,0.9321
HYUNDAI,2026-01-21T08:00:00Z,hyundai.com,Hyundai Motor Reports 2025 Global Retail Sales Results,https://news.google.com/rss/articles/CBMicEFVX3lxTE5MbGRrU0o1bVNrQktsNDJjclZCd2ZsSENkOFRRQmdaWVRETU5NUkQyNGhFUmgwMWxlbTlmaF9vVWZ6UjhlX2Z4WFNJNzdVNmJPS29tZGN6YmZEelByQ2tiUEVxNUd2cm1lWFNtak9EeFQ?oc=5,0.1075
INDUSTOWER,2026-01-21T08:00:00Z,simplywall.st,Indus Towers' (NSE:INDUSTOWER) earnings growth rate lags the 34% CAGR delivered to shareholders,https://news.google.com/rss/articles/CBMi1gFBVV95cUxOZXppblA4ZkhRa01XbElHUWhOVVE0Z0QwdlhELVhFcFFSUGdxTG1aaXlEU0w2OERWUzdRaTVPRmNQeldLdmJOSW9sNkgxVTZYaW1EV0IzSU15UlV1dzFhYnpvMHZXS1FBMlRpWVFTWldZLVNIVEtySVVvWG9DanNNVUJrU1BMdlBIZTlzRHIzblZMeHA1M2x2dXFVYjZ4R0x0bExOcVgzMUZKTlBhb2l2NGRXd3RRRmtWdmVLRnBERWVzNkpBYi1aTmMtUEpnRmV0eEE3X2lB0gHbAUFVX3lxTE9tV1ZPaUF3OWR4WGgxQk9lTDdPMzdwWk1FT2tYNDNKRFI3eVE2SVZ3RVp1Ym1adVNFUUNQMVZsajYzRFB4OHhwZGM2S3ZJd2ZvdUJDWU56V2xMcTEzdjFJNC1ZYW9tUm93SGM3S2lqbFU0a2tVd01QNllpU2liMEtJbWdfdS1Ic2c2dzdiTEt0bVlrODFDRmdkbUhyTDZpUlU5dVhSTlhtVjJMUWpQcTVWams3M0ZRa0NKdmNDRzFrWDhPZ2hXU21CLTQ0d21jZ2FvdWxQamxkSXVTQQ?oc=5,0.2694
JSL,2026-01-21T08:00:00Z,reuters.com,India's Jindal Stainless posts higher quarterly profit driven by strong volumes,https://news.google.com/rss/articles/CBMixAFBVV95cUxPdkQzemlVdkd0anBrVW56NnQ5bmxlbUhiSXQ3TVlqaDdzZGw2R1hrdVdBSzRyU2hPcEo1U1lKeER4REotSDFDQ3h4NnpoY0tJcmVWRllGQVpzT0dpZ0IxMWxJY016WlZtUVlhYTMyczhzQ0xzT05sMkhwZExIblZVd3h2UjJLendaSndRWmxSLThZeHNJdjRCWlh4NFFpdUJXdFpUTFp3NjFncDRHSTJCM0UzZkdVb0RuNnAxaWF1VmRnSkt3?oc=5,0.9242
JSL,2026-01-21T08:00:00Z,business-standard.com,Jindal Stainless Q3 profit jumps 26.6% as domestic demand offsets exports,https://news.google.com/rss/articles/CBMi3AFBVV95cUxOdGVZd2JwN1NCZnRmNU42c3dWQ3JYNW01MEZEalpBb2ZZeHVMVTZlaHRLMUU3Q0wyR0RycHVEWXNoV2NqV2taQlgtWXpqWDdkQTJicmlpNWN2MUVkQXRyQmw0allHdUJBWW1POEFMcUtjeDJVczhuUjJpUURBaHpLbHk2RW92VTVLYlVqVC1FOUZJeFQteXRVZ0UzV2pOT00yQmRZNDY4MXF6NHFPdVg1YnpmU2NkTTRMWnk5eEtYbjRXd3Rwc3UyMWRFRTBtb0tVdkRzWjlPYmp4dTZf0gHiAUFVX3lxTFBPSVBRcVRSN2NuaDhGN2h6dkJHdVBDTkY5QWZoYU56UlNPQ21sSVNEOGxWTjMtamgxRVBpUmJWdk1hQi1pZURvUkRSb2FfMXZ2ckRJd2lGSURaNmlqOUVKdnEybUZxSWFGYlVTLXpKeUJBUGkwN0dIZmpnUWQ1MHJpSXFZQ2tZY3ZfWDJJNlhiWGRLRjd4dkZpc2R0LTJGNFBUTkJkZGZiZ0JtTnFkT2pBMU9JZTZsb0N6WGIxMDdoTjgxZzJIeTZXMENOX1dLX2ViWnAzSm1zSUU1RlR3NXh3d3c?oc=5,0.8915
LINDEINDIA,2026-01-21T08:00:00Z,simplywall.st,The Price Is Right For Linde India Limited (NSE:LINDEINDIA),https://news.google.com/rss/articles/CBMi0wFBVV95cUxQQ1VnVUNIUVhjVlpoSFhEU1BEU3hNMGZadEI1V3hFcEVJZml6YjRHYzRoeW1aSlNHR0pNeHJpVE5Hejlld2VJZXhhLVpCU2VDZEpMQXFDNU1BdWlfNVVWVG1QZHEtU2pDYnVWT3hINDR4SVZBNkFqak9tQk85ODVVVUQ2TGtYSkxhWHdxaE1NckpSdEs1bkVVQUZnbWNtM0RRMkZ1NWdwWW1RUEFGa24xTFkzTXBqQzRVR1pFVWNNR3FHUDNfQld1MFY2eDVrSDVZcWlr0gHYAUFVX3lxTFA2YXFwVkxVTFVxanpmbE5KcVJrdXA0TTZPYmRmVEV5bl94WGZYZmxxTmV4SDEtSmpMRnU0cTI1ZXRHWFJhTXo5b0hnWE1qV1hSa0lwYjczYU1EZWJ0OUpjMFR2NkljY1ZZYV9TM3AyNU9hUlBMYkFkV29xYjhPVFVNY3dfSi1OV1RiREFuWklzQ3NraXRFeEEtd29mSGYwMjVfUmc4NzFvVEdfQjhzdTVJM2JoNnVrdXVHeXRPcmdlUm13dmYtRWMxTjQ1NkZ2XzBUdWxKRG92Zw?oc=5,0.1076
SAIL,2026-01-21T08:00:00Z,simplywall.st,Steel Authority of India (NSE:SAIL) shareholders have earned a 24% CAGR over the last five years,https://news.google.com/rss/articles/CBMi4wFBVV95cUxPMGh1TmlkVU9VNnFBUzlfUEZ5bWt0dHRmNnBQalRTTHowSEF6RDV3ai1JUktCYkU4Uk9fTkxsV2tUY0xDOUpwakNKY2ZaS0VLTXFHeWVpYkZJUTBUTUZONG5iNHljRm5wX194QjNSUGJBa2ZUSDZZSzZiODlKX3BUdjZvdU0zUkNzenRLSlF4STZoMXJpbVpDYWxuZXppVWJuQmpvazJBYzMzQUFGTFpEdVg3NzgwS1pZaWwzTUlCWW4wb1VweWJIVjVFMGFONEJhakpyTnNfcW5zQm9SZ1lCNEZTd9IB6AFBVV95cUxORTY1enZIM011YlZCbDJvRnNaUC1JN0ZuNExqWnluaXlhUjI1TVpkVk4tS0lOYk81VFA5cWpwUm1ndk05UWk4ZExxVVZPQUhTVXA2Z3dreDNZU3RCb2ZSMFRScG55cXp5V0JCVzRBYlROZ3Fpa2ZhMmwtY2I3OEhSa2ZSZFFDbEdCT0FsY2NrT0RkLXNETnd1SUFTdnhzUXlXZHV6ZjBYNHJYeFpMSC13dERLeW5VOVhldXV3N2xMRXg5RnRxUTdBSnM3eTY3ZlFIay0tc2xmWm9JdzBHLU5mZUxkMjNyaWdY?oc=5,0.7359
SUPREMEIND,2026-01-21T08:00:00Z,CNBC TV18,Supreme Industries Q3 Results: Management cuts margin guidance for FY26; stock volatile,https://news.google.com/rss/articles/CBMizAFBVV95cUxPemlMNE9HUlNNUV9UYy1YQ3JoQlZGaXd4Tm5EbC0yamVJT19rRWcwSEJ1bXFTTFV2OFFhZDdRZExQTjBJUW1TU1lmWk5KRFJJSzJKbmpDRm9Kb3oyVHNRZFNYUDZqaEJSRXRlMXlDNnJINWd6eVFCaFhGR20ybWFfWWF6d0gzanRYbDNWYWVMTFMyOFJ0b21SZkhwWDdjY1ZEamRwYkZXSzFhZWRCZlRiYmZJakI4VGRkNkYwRVBjZUdERUFDMC1uT0k2bkTSAdIBQVVfeXFMTWRvTzZZemlfSkpkal9YM3ExWEg2dlNVVTNFYlhLUnRnRFAyTXhXQnFJaVhQb2JGQXVTVXFsR0lwUHhwRGp4cVhaZWdHU09Ub00yRHFIUjhmY1p0M05BdjFPREZlcDJWdXlHYWl5YUdBX2E5a0FzcHFPYUp0Y3RBX2dTR0VqVXhyTEl1bWJjdGtVVjVTOTlDMmZKQlNHdEpGVDVMZS1LYjJ1WDVPMjBITmYtc0xQZU5ZVGI4VDdSX1JXbVpzaTJpQ184UXNIa05HVmZB?oc=5,-0.9493
TATACOMM,2026-01-21T08:00:00Z,The Economic Times,"Tata Communications Q3 Results: Cons PAT jumps 55% YoY to Rs 365 crore, revenue up 7%",https://news.google.com/rss/articles/CBMi8AFBVV95cUxPRWg1YjVzX1FfRWJGRHBTdzBwTE0ycVdpcFJLLWgtZzBjTmUxVzMyR2VsQTNOUVh1QjFJa1FiUUEyWDRpSElLb21DSUtGRkQ2UWRJNXVlS05pWHBnUXo1RWN5LUEtOXZwbUE2bkxOQ0FiUUZneVdHWldJV2V1OTgtd1NvRnMteklCUkJGdnI2RG91NEplcms3RDVUTXFyQTlDQUk1dWNJZV9kaU1TaS1JSlZhVC1rN1d6VElFd0dzQVNWZEo0Vzg5a1pUMkVOOC1XdE9yZWg2N3o2OXZiTzFtN3IzNXEyZ0N2MlJmT2oyT3fSAfYBQVVfeXFMUGJUZmViMml3dlIzVFA0NEtXS0VLQlc5bW9DTHl5QnJlWXVsYm1nQnRNOXFMaHhtdTA5NVRoSGx5WEVhZWpDQXAzQlVwN0N1bjM0VFhDeEdGY1d2TDI0elBGZnlWSktnQ3d6OHlIWUlBYlVnWXpPeWV1M1dKcHA5VTI0N3Y0SlhseGdPRnZVNEk3Z2JxSFViZWlBUV9wcWtvNmlPSUdvRERVLW1jQXhrLU0wZWtPdHBVMEtoclVDSUJsQk1xa3VkTmFRWU5JdjRIcVJhQkNKdGtaTkdDQWJYdERfVlVuOEVFWGsycnpHWTdQcnM2a0hn?oc=5,0.9242
TATACOMM,2026-01-21T08:00:00Z,Livemint,"Tata Communications Q3 Results: Net profit jumps 55% YoY to ₹364 crore, revenue rises 7%",https://news.google.com/rss/articles/CBMi7AFBVV95cUxOZFNjdFpMS2dTdkJtUGZTRVkzYUpHNHdOV1NDTVlqdlFpMV9udmJMZ2pFa1FNQWhtajh2QjdUX2ppMV9fYllBOUxKOUdab2N3RkxDNTBwZ25WOEZ1ZnBrYm10WjQ1OWE2ZnprVWpvM09zemtWc2VmY3laX3cwY2UxNlo5VEVoUU5JSnNlRTZvMHJJQ0xuR1VORXlhRVNqcXJCRUhiM3daeVZQQVhhZkF0cDd0R1NRUTdSOENJLXNUdXQtamdzMnp4bThQanBkV0JOSlZaSzN3czJQU0JEUzc5aEN0UjlUTlpJdG9YWdIB8gFBVV95cUxOX2xKM29EbUxGZnBEZEdXVWlZRng2LVhKLXUtakY0R0Z2d0wxSk1pMTA5UjdPVENHdm1DTFZmeHV1WnJrUGlWQzNwV3ZDRnBsLWYzemdQbTZzcWZEWlJIMFREY2hfSHlsRWRkSF9SOW1fNDFqcWt1aVZ0ekF5WjVXZklTQlBGbzBzbzFYOFJUaUdQMkVUcVYyR3o4VWhfZWIxUEhCeGo5TnU5NUt2TkkzdW9vODJ5dm1hSmpIdGxQTHFlQVRsMi1kcjA5Tzl6V3dJNXRQaG5VQ09uUGZ0NlNuZW5SRnRTdTVSNlVlV3I3Z2trQQ?oc=5,0.9193
TATACOMM,2026-01-21T08:00:00Z,business-standard.com,"Tata Communications Q3 result: Profit jumps 55% to ₹365 cr, revenue up 6.7%",https://news.google.com/rss/articles/CBMi6AFBVV95cUxOa0lDTHhhOTNKU3hheEVlbGlnQVRmNVlGNGpyaWxYX2VycXh0RVRzQS1TeVNXcHRkZGY1Y0NVVE9kVDVfSk1SSS1pM1otN0J2ODdsbDJabFdiMDlxSEsxcmwtVTNEd1VKa2pZQlppWU5EUEFSQ2tDa1ZyU05OYVUwZnZVdUxDRXM0VmZneTdBLXpsei00dm14ZnZaYU9EYTU2WmVqeFNtaURwdHpELUZRaU1iQ0JfV2g0TU9wcWhhc19hYlJOOEItUkF5VWhMQkZXQW85dHpmTVktcmhxMC11dVI0Wm9iRFJf0gHuAUFVX3lxTE5jMC1HZ0phSmVOSGk3UmtzT0ZqZlVwX0dyR3M0S2wtY2JRRUJuYlhQVDF6ZjZ6a2xjbVkxYmg5dlh2Qlhjam5obk56Sm5HaTVod04wdlBMTjZvVGx3aGQ5Q0Z1NWZ2TnRjLW5OT0g5bE9vTVNMTWMwdmkzcmtKeTNuWENOdGxIYlYtdWxBNkk5WWRoT18tWGxsdmtmREtMTWNadnZrUFE2djh0S0JselllaU15V0p4NUNPRnRUbW8yc1VOQXhDeG5zQVFCTTVsOGttZVZ0eXpjUzZBbVlIOHF5SjFtcnVBWGpRQlZ2Q2c?oc=5,0.9241
UNITDSPR,2026-01-21T08:00:00Z,business-standard.com,ICICI Securities retains 'Add' on United Spirits despite Q3 volume pressure,https://news.google.com/rss/articles/CBMi1wFBVV95cUxOWlU2MmpXcVN3YXpWcUtKeGI1aDVwOHdhZS1RazVLeVc5WVJGYkRkRFFMbTVSNGt3VGx3eEduM3ZFbzBzX2V0ckpyZlBYZWJ3bHlwR3FWMFlwcnN0TnNJUHdoRnBvZEdfc0Y4ODYzUVJBZ2tvTmxSYTM0dlJwV0l2VzdhSXdBdFlxYm5EWkVnNmhpOXdmUmtpdnVnRktIY2NCWVJYRjlyYnMzelVobWhBdWItUEs5dkpXVGs1elpnMm5senRxYmNvNHlZeVBObzVQNXBuY0dma9IB3AFBVV95cUxNTG1jQ1Q2SXVEeDE1Q1ZzTzZUZEpjaUU3eXc3bjF1QmpELWtEUFBZQzZpeURaZzEwZ3E0SF9EbVFRTmlKOGRYWDhfV05JaFQ2Y09jRmx0Y2hYS192T2JVQVowTjFrVTdXY3JUSG5fMWVocWFUMkg3SkVfN2ZNMkZOMDB2dThxUVUxbVB5cnh0Qzh6Vi1Ca2Z4b0xDUHNRY1ViRE9pUHdhTzYwS3VIUElSWUNudzdTanpWbFgydEhGOUZRRHQ2SlZBSE1VR3FJZGc5MzRqbDZHOWFHai1C?oc=5,0.6923
UNITDSPR,2026-01-21T08:00:00Z,The Economic Times,United Spirits shares fall over 3% after Q3 earnings fail to cheer investors,https://news.google.com/rss/articles/CBMi4wFBVV95cUxOZUVDbDhXdzg2MXdrOHE3cXV3NDY4S0Y2STZ1YlhUUGxheWVUTXNOZmlmRVR4TGNxMksyM0V0YklmTEZLWTBNOVoxSlBBcmRvTXpDQVR3RVNkYWtJV3g4bm1sclVkWEZGSFc3N29hNXlPVzY3Mk1MOURJNTRCQVBzbzlDR29UaGNwUjd1NERfaXRsUmdiWEdiYXZ4aHdEMDFyV2VSYWtFbGxIZkV1MFIzdjBZQ1JVTzlhVXN6aUIzMUU1WkxubU5VZjlfbUNWM0RHN3VMUmsxZld5MVp0MXA0aW5zb9IB6AFBVV95cUxQcUpXZkkyUnlfd1F2cjhPT2JKeFlsRnAzWTBMd1ZzTWo5TTZyMmRYZVk4ZjlMd2FNX1k3TWJhQUY1WFBHNWdhcE5RZ2JESjJBLTZ4eUlfUjJ1WUxfM1VwM3N6UTRCSl9rWldHd25iUVFmSWQ2N2hqRHl5TXMzS05GbTJiTUdDVjhieDNReXlNNUdjVVZvcDZCRkxXZGJyblhQeW1jWXU1Nm5lV3dLLThFNTZaVVRicDNOdjZGZ0hYdUhQUGpfcWxtTkw1WUVWSF9jWWszUUJ2QW1oQmd6V2dHRXBPUkFXNXMx?oc=5,-0.9572
APLAPOLLO,2026-01-22T08:00:00Z,business-standard.com,APL Apollo shares advance 4% as Q3 profit jumps; results breakdown here,https://news.google.com/rss/articles/CBMi0gFBVV95cUxQVGlfcy1TWmxOLUp4SHVmVUVMSVZHRFNRbGxuZnFCc2c1VC1IbzVnTFRXdjI4cEFlUnhIUElnRXI5dzVvWkdkRVZFVnBwYkpOcmlaODZ3RzR1dVRUTDJYbjBMdk5fWGUtZjBJVWxOZHg3bHZPQi1qUHZnQndVei1VZkFaWXYwTFJFMUdlSzhQclludkRmWlpDQk9xMHJndkU3MHcyQmVQSEd3NV9nZF9fRy1uakdIWVdHRmlUMFVPRU95WmV0WlFPQnh5RGliWjVWQWfSAdcBQVVfeXFMT2tRMTlFWHFNb3NBbGdRV3Nqc3lFTUFnMENHR1BTYzBKLTlDQUJlSlRZbXYyRU05bVNTMEVJazNoTlkxdVl5RmwwRGdCTEZpYnB3M1FNZERrMmp3Umt3LWFNWHpsckRGalFsMktWS0xrY2pCLUpPTHZzbjBVV2lhMXA3YTkyVEhxd2xqaUNpMkVrbVR1OUZNMmRsSGRoYzZWc0RXbVB2REJhVGRpalRIWHJlM1hsTENsdEFZazVjWHRSaWZ2YV9tQXZ4XzBNeHZOYU03cG5Tb2M?oc=5,0.4400
BHARTIHEXA,2026-01-22T08:00:00Z,business-standard.com,"GRSE, Swiggy, Jio Fin, 2 other stocks form 'Death Cross', show tech charts",https://news.google.com/rss/articles/CBMi3wFBVV95cUxNOTFUNUpQZllTX2ozYUNTaFRJTDN1TUhpdThiTkJZMW1HZU41X2dlbHQwbDlSMmM5eHFtbDkyeE9MVEN5Q2pXMVBaSTljcm9CWnpjcEc1YWVFSGlTYjd3cTd1bzZ3b1pWeXhDY3E0TGVxU0RZYUdtSEZ4d3FyNVhSOUpiemZRcVNiZml2MUdUNGlhWDg3R0pNalBTVXB3bWI1WGlkczFScTVKeXBSYnV4dl80aV9aMWVRSkt5aW5QQW9SLWhKeDA1bURQbXNIT2lrRF9DZndRSmctLW5DUk1F0gHkAUFVX3lxTFBoa2FCMlFSYkYxb2pIa09xMEEya3FYQ0ljSGNXdnhRY0VHS3BsR05xTWdyOEZ1OEhrTHMyRlE1S0FNb2hjU1F5WmR3M2Z5eUJEV01ZZ2JWSWhLbUwtYzdNNVo5MVh3MVdVWm82Ty00U2FmbHVQX0lCdkVDZFJWSkIxMUJ0VV9rYzJ2SVU3U3RvaDRQNmtTUHMwdFhad1Y2d3pHeHNUMndPUzZweTJrQ1BJcUNIVDBOTXRHdE9YYW9FX1VyczNnSGtiWWNmaGJvZnhTckVVZFE4SU8wZzZBeE5CSXJjcQ?oc=5,-0.0094
CRISIL,2026-01-22T08:00:00Z,business-standard.com,AUM of gold-loan NBFCs to cross ₹4 trillion by end-FY27: Crisil Ratings,https://news.google.com/rss/articles/CBMi0gFBVV95cUxNOUNvajFmQWxyQVJhbDFpamIyU3doRGNqMjdHektGa3g3dGV6ZXMyRUNvZ0VrSmtJSGRLQVJJU1BUNFFKbVZTTS1WTmU0YUlMdEdySWZQY2RPNHdsOHkyU3daMFM0NVlkcTVoX29BX3Z0YnBYWTJnYThFZWdGb3pSdXRlQWNCVkM1cjJuVmpqSzFab2xiODhEZTdiZS10R1Rvem9mRk13ZGhrQWExY0dfNDdPYUQ2SGdETzQ4TmlpY2E2Qm4zTDBpdEdqTkN5U2h1Z3fSAdcBQVVfeXFMUHBrUEx6N0tCQ0UwX1JMN0pub1pfUER6WVJiMmZ5Z2dScG4zQkdkTGVVM19nSW5uTjEyRzh2M0xrYXh5M3ktV2JWTlZ1ejdBNjVVSGxRbTBmLTZsZ3VIUGdFNkwycUFwdnZmTVg1VjREQzdsMWRsMkxwRkdXM0x0NHg1MWpnQmRtVUdQLW42ZzZnNzIteU9mdktLWUFqUXdDUW9qSXpicVdEMFNEZHdUcTk1YmxCMUVoMGE4Um53NUt2TTFVSU9Bb3VRQnZsbm5EeDRJbURPdGM?oc=5,0.2416
DALBHARAT,2026-01-22T08:00:00Z,business-standard.com,Dalmia Bharat earnings estimates cut after Q3 results; shares trade lower,https://news.google.com/rss/articles/CBMi1gFBVV95cUxQem5heDFYblA1aGZ4dEZyeTRnZHlXZUxIQVhQZTA3a3didFN6OFJpTDlQSEpFLUlaNnB6VUxUVGxfY0N3R2VZdUdRdEhEQ0xWVzg4bjh6cU1kN0JCYzN2S01OUDN0YzlCZWJpbGZiTk91cHM3NUZZMkVabld0RGQxUkJaZ0syZjBvbmVsOGt6SElPRWwtSTlSa2t6bFloclc1QmkxVGhoNmNPWFN0dDgzRnFic2Q4YWkxRmdhdWhzVlRnOXVxeEtwNHItWDFPakJqQWJpNjRR0gHbAUFVX3lxTE1GN3ZXQzhMd2VoTFRmMjRlTFNtTk80RmZkRGRtdTVZdjU3UWotRng4Q29CVVVOam5DeE9rLUdaMUh5YmVyaHF5bHBXUTN0NWlhQlMtcy1jUjJNaC1WQW1TVjcybzNPRnMxZ2ttQlV3eGpVYjF6V183a2tpWWVMWkdZdzZlUnZWVE1IRTFlel9walVOaTI2Ny1HVlpUaFdDUEtNQTVZd1VEOVh4YzNLUnp1YUR3aG8tS3loenpacXh2RmdOUkowVXlOTDdWNVI5clRNZ0lLNE1wWlh1Zw?oc=5,-0.9409
DALBHARAT,2026-01-22T08:00:00Z,Moneycontrol.com,Dalmia Bharat: Volume outperformance powers Q3 earnings,https://news.google.com/rss/articles/CBMizgFBVV95cUxON3RSTkpmTUMtR3FwNjRsbnNQM3VSeWlqZktWcnpEeDNwVG9HTjNNbXFuc0RqSTN5bU42V1d1ZjBMbnF3Z3VHTkVUVTZnbUxQMWlJX09DTW94YU5RZHl4OHQ0Mjg3N2ZlUG1aZDBJZlMwQTBpQzNYNlNQeVl5b1RZelNjZkt5WVVORlpxMzdxbnJOamxyeC1aanNYU2JMOVJjamprQzZLbVRyaFhzUjVZNGNQUUJKZlJ5Sk1jb1p3ZmJQNGhoelFoejR1RDcxd9IB0wFBVV95cUxNcnp1Y05CR2NVTE1KRXRlenlIZXJGRHQ2QklDbGpoSmR5WmtVWmU0RUNiQUh1WWhWcVUzTE94cDU1bTI2Y1hCVHhuQVExWnpocHQ4VzdEQkd6Y0NwZVBjRmNoNUJQZl9rTEhBMDlvVVc2MF9CSmtGM19OMjV1QkRQVkY0MDZ3dXhzeUVMY3ExUWM5R0RqLV9zWW8tU3U2LU0tc291MER5RzRMR2E1WTg4UkhRV0JDQkhIZkoyS2xJb0o1R0dyYnJkbEJHNHBablc1LXcw?oc=5,-0.8592
DRREDDY,2026-01-22T08:00:00Z,equitymaster.com,Why Dr Reddys Laboratories Share Price is Rising,https://news.google.com/rss/articles/CBMiugFBVV95cUxQdTBvT0VUVGxhY0E5OXhNUjJkWmhXSjIyRjBnRWhxYk56eWtRZ083dlJ1Mm15c2R4dmNCMVZoQXhZZFZEZmNTSmI2Z05ocXVDa2hYRVc0cVJYYVRZTXAwZnlhNE94TXE3SkZ5eWZ3RC1SZS1QWm5qeHRFLVZfNEdPY3NiRG5CdjBfcGFValctTmtRYjhndjBRdFRmU2VLWUVGbzh4MDY3RkhOSVFZaUFHSUpNUjAtN1FJaVE?oc=5,-0.0661
HAVELLS,2026-01-22T08:00:00Z,simplywall.st,Havells India (NSE:HAVELLS) Is Paying Out A Dividend Of ₹4.00,https://news.google.com/rss/articles/CBMi1wFBVV95cUxNLXIyZlF3SWZtQW1HQzVFdkxqYS1naERFNDdkdTFXNDFLdTFwZzcwcjY2cXRhVnFXc01zWV9QZTlCVlpqc1ktOFZ0U2IzX3hfQW5MbkQxUXJiQmJ6eWNhTS04Ty1iMTJzX0tYdWxNcUdSNGJYU2VFcm5TcFFwU01XY3lMMHN2dWRaVW1BOXBNWWFKbHY3SkhDSkxnLWlhZ3ZVdXlBcXdiQTFXV01mTzVtVWVJdnlHZ01pV3J6NnowOUxVaG1JNjJJT3JLVzZSTXhUMjBhQXdOb9IB3AFBVV95cUxOUHh1YWtRMjNKZ254ek5uWkViZ29sQ1dIT0FibGVuaU9vTTdqZ1NqUDJzVE9mdVd1NjNTbENYWnU2YllUMnl3Rmc5b0c4OHMzcXpHWVh3NVJ5N2U4TGJBYlVURXhFT25lNll4N1FvTTFKRE94Q2dybmxIUnI0MVhPZUUtV2MyNnVZenFhYU9OdnV0VUVwUlluUkNGQkdBT0s5X0puLTBPemJVYlVSRVJ2NFdaUG5BbGZCMDQwMzE3aXhVRDZCNVF4WHF2X0ZHa210aDVSVEROVk5ENWJL?oc=5,0.0269
HINDPETRO,2026-01-22T08:00:00Z,CNBC TV18,"HPCL shares are a buy, hold or sell? Analysts share views on each point",https://news.google.com/rss/articles/CBMivwFBVV95cUxNYXR1WEl4V2xIdzhWMUhoM3poN3dCelZMYS1oZzdRcU13b3JVaUp0SWxvV2ZaWjlCMWd1Q25MNVZvVml6QzFOUDZjVUpJakJEbGVUSEVWaGo1MHRaSGpjcFBXd3JQdHBWMzdLY3BYM1UwOGphX01VdnpHTFFIMGtqMFM1b2ZaR25XbW5kS2ZWeVFoeGI4TFRzOV8xaWlXR0RRWnVhNVRhWWFpRDFva1ZfR0RoVjFtaWY5OUMzT1ltb9IBxAFBVV95cUxOSklRai1xam9RcnhmTkN3TURCaUFEYkpPNG5VdXlMTnBXM3FEaEZkdUZvdDUyZnpXdVEwZFpsM2ZHS1c4SWNzU2V6YnNjTnRmdndfQlY1RjcybTFXQW4wckZuMDVqWWhuTDNVWnJZemxtTXY4X2NwOUdGWEJmdHB3Smo0SEhPak1NVFNlZ3BUVlRGYV8talpsUnpZWUFpeXp0a1NlNG1NVVRjMkxEMVV2dHlFVjBRRVp1bTZyaWRZZS1USkVU?oc=5,0.0120
JSL,2026-01-22T08:00:00Z,business-standard.com,"Jindal Stainless rises 5% on posting healthy Q3; PAT up 27%, rev 6%",https://news.google.com/rss/articles/CBMi7gFBVV95cUxNRWprWmxoZjJjNHVCNmViMWZiMURTM0NtbUU0d3hUSVRYamt1R1BaYzFuV05qcWlJelZkbV9Pbkg0ZU41emVHZkR2TU02NTlZLTlMVWd2RGIzSmRPSXJJY3NFWGt1WjRKVWxWY1JkcGZKNkFNTDVxQmwtVXVBLUhaSFNFbG5QTW9BSklHaUxvczBrak91MTZwU3V0dlB4SWtuTXl5c200eVphM1hWb3UtX0hVWmRQVjlBa2JGOTVwODBvY2p4YlE4bTVOOEVJZUZYWVd1ZkhqczNOMmplTGlkTmx0Qk44WWFYNkpSX3d30gHzAUFVX3lxTE9TMlhvVTllaXF4ZW9lY1dRWktKSFB5dTRreDhPU0l5ak51QmZ6TVVtRDFObGlLQkxSVXpUeldKaV9ac0pXQXd1QmY2OVJQSzF3VGNSekQwdzAyNVMwWG9TaWdTbjZEZzE1QUZBMzM1NDRxTWt3TXJGOFN5cVJtdWVQZEprRjF3VWNrNXIzdllPRjJNNTBzSWwtdTl6MzV3YUNkT3FfOVZhX2pSMTNhaktSWDFOWWtBSFRvMkNBUnRneEEwNEZHOHA1QmEtLWlXbmhzWmhCZEh1MGdBVXVMUktFMFRjMTBRTHFoSTliajJKYmxuNA?oc=5,0.9069
SJVN,2026-01-22T08:00:00Z,The Economic Times,SJVN - FIIs on a buying spree: 12 midcap stocks with continuous 4-quarter stake increase,https://news.google.com/rss/articles/CBMi7gFBVV95cUxNd0hBVnpRYmtzazRIY3lheVpBZmw5WVBsUGpTUUE1SHVCS0FHREoyQ0ZpaU1FUHBldHFtMHJSbjltUHBkeGdYaC1kWWt2OGJaN20wV0JQQ2JRSzNJNkExVHJnM25QQTB3MDZveDV5WG5BYjFvLVBQTXA0SUZaRk04LXM5dmFXUi1IOGM2TkhmbXFVU3BiTWhyT09VLWtPOXVYOG1Kc0JjVWNTRUk0SHJqc0oyNnF3TU9ETk03U28yMUFQeVc2N3hVMzNZWnVtbEJOUkQ3ZGJsaWhDektrZ3dUVGJPdjdKMF9scF9aMkdn?oc=5,0.0950
SUPREMEIND,2026-01-22T08:00:00Z,Moneycontrol.com,"Supreme Ind Consolidated December 2025 Net Sales at Rs 2,686.94 crore, up 7.05% Y-o-Y",https://news.google.com/rss/articles/CBMi4gFBVV95cUxQLW1fdEl2aTF4RUdJUzFkVjRSN25WRllzTVFVVzg4WHBhRE5MTi1PdFQwVzVLbmpaeU1uVXh5OUd4WUJuZ1d4UXRGNGdRNTZKbExyOGtRc0hjdHU0VXFRVV9ZeXozZFN4UnNhTUUyVFRac3VrTWtQWG9Mc0pKUEJ5ajBEVHhjZmxZUWg2cExzQmRyR0dlQlRWbmNoSmpfNGV4TmpsYU5VQ1NWT0U0M2Zxd20yNVpNcGtWR0R6M1phZ1RUOHpNa1ZzRmpJcXFlTGJJcURwbzBhcWtXVVprMG9uaTd30gHnAUFVX3lxTE85aE1zanVmRE1vX0UzQkZINmhYcnpKMEJoTHRiX3U4NWR3Wi1zMjlhS29OZG1jNjBBeUNxS05rYjhuN3NFN0U2Yl9TMVNjeFI4QXRaQWVuSlhLZmpXSTlSSGQ1VDlsMTR3RHZmM1lzMzl0MTAzRXJWU0YtZjBjNGJpTFhFV3B6VTVWOHZUSk01Q3A3UmVzVm1fZ3c0Xzc3eVlVRkFCMmtpSXpuQ3ZGSVVtQ0J1Sk8xWDFkV2JwSTdZaVYxM09LRkplVHhoVlpObjUySEJDYm85emdYR05KUlMxOGhJYno0NA?oc=5,0.9278
SUPREMEIND,2026-01-22T08:00:00Z,business-standard.com,Supreme Industries shares rise 4% post Q3; what should investors do?,https://news.google.com/rss/articles/CBMi1AFBVV95cUxQUVpRTTExZ2RCc0h5TW9BbklDLUI2U1I0XzFXR3NDZ1ppMHFXbml5Y1JMX2tOSUFoSGg1V0psTXE4ZVJwVUh1LXBkQWhWOW9PVTB0ZlhxWHFKNFNQa2xBeEpVdWt2LXdsc0xkaU9YTEpURjk1VlJsazNjbGE3NEh2ZUE0d2dsQzVTazNFU1JONjk1dGhBSmVhc0hQdVEzaVVSbXFIU2plNVdDN0ZySUxnWkxiRVJ1ZFVPLXpieFlxZ3VrVzNUNkF3cnNzRGVrbml1N2NrVdIB2gFBVV95cUxNZmpDZjYtNldkWEJjTklXWEVNcUZUV2hiVG01Z011Ry15X0JIdktWcWwyWlVya2E5ZFFKVnhiTFA5aVlOazFuVjhTZ3Awa21qRGRtWVJTaWNfT3YzaXF3YVQyY2p5NlFoZ1cyMUpaX0NLUWkxN01UZU03b2k0Z3FLSTNZdzNtUThwMmdHeXZyYldVd1VBV2V4enNaMG13ZWhuSk5rQVhOQjVySE1lTG5kQzFKVlBVWUdsVUVNdG9zazlsZ2JmbWhCSzBLQ0wtd3h4WEZoRU1wX1pCQQ?oc=5,0.2031
SUPREMEIND,2026-01-22T08:00:00Z,Livemint,Why Supreme Industries needs recovery in PVC prices to sustain,https://news.google.com/rss/articles/CBMi1AFBVV95cUxPeHFLWWdBZGFmeXcyWGpGQW5nY05xYTdzOTh6Ykc2TDVjLUM1M2J0WHZWVExvZVdCRkpRb0R1M1hRXzVRaHZOelpVRmJINHctT3lTckJSSzVQY013QURxSDk4bDdYb2JhY2hGeDRMMzdBS1MtV2MwOF9mbzFIc0dWRkRNbTNHRFJ2eTRwX3ZQWU16N245WG05M3dMZ3N1LUItU3BfMEFoVWdXYjlDUUR3MUwwb1YwejNLM1FKTXFudlRYZ2hfMVdhSWNfRl9sM1NlTkdfM9IB2gFBVV95cUxQMl9PQzRxaXFDX0xtR1FGdkcteElaenlsMkhkUnF3TUlXQk1LOFlfNHRpMkVja2dlZVhQX0QteDlaTGFDZERWY0ZKZTNkOTNJQkktY3BIeEtLV1IxaU9MWXh6c3FUb1pxeEtydUtNRjZsMnRRdTVSdFpOa3NBd0diNlZlNG5HcHFQUmtPOVJ5ZDFidXFKMDVRdFpmWjQ2dFgwbWFTZTB6REtGV1Bjd2dtQXhUcVdoQkVmNWF4aTZ4akNlOW9BZFp3NzkyWnZmYzFrSmotTGF4UXpYZw?oc=5,0.4599
TATACOMM,2026-01-22T08:00:00Z,business-standard.com,"Tata Comm Q3: Data strength lifts margins, but analysts split on re-rating",https://news.google.com/rss/articles/CBMi1gFBVV95cUxOWDFJZ205ODRsUVZxMzNvazBkdEp0aGhLZjRPSFdaSnN3ZTFDdkdKVFNrQkpSd0hOaXpPc0NUTVVKUFZYMno4cGJ1TU1aMVItYUdRQmhWZHRfczBTa1hyODVLZFFlQlV1WDZ5aHRrcm9fVXRkWnh5cUxmUkZ1TTZOTURoU2lZTS1zcUhWNXFNaDg0bEFBOEhteGR1SW0xX2tvTUQyak96czlCVVZLc1lXUFQ3cG1YMEE0bVltZlBrR1FDY3pRVHA2SnNaVGlUVjJqR2thMDRR0gHbAUFVX3lxTE1SUzVlREZvT3JkMm5PZVBKQW51N3UwZW9YcmZMd3JFakstYTF5NkM3bkREQXZkQWVkN09mNlNuRHNoUHJnaHFVTk9pM3RxbmtRX29xbXdVQWRMQmVPOHFhdkhBc1NvejU0eGhHaWVUbTVjck1iSEh3aGpEZVFTSDB0RVZMTGxMQmkzdnJ4TGc1RVhVOW9lMV9UNHpqM1NRVUdreFhLaXJ4ODRCN3o0dWs5bXo4S20tek9uWktkd0RsbnlYeFdLd3JPMXFCd2JpT2RFQVB2UXdMZC1DOA?oc=5,0.9026
TATACOMM,2026-01-22T08:00:00Z,Business Today,"Tata Communications shares in see-saw trade post Q3 earnings, here's what brokerages say",https://news.google.com/rss/articles/CBMi5wFBVV95cUxOU2kzWklqUXR4dG9aNUpKalUzSGp0MVI3R0pYOUttZGtGNGJ6NHBhYjlnNVNDQkVWdjEteTZad3IwTGpYb000em1IZGhmaEt5WXJfdlRBbFZrY1ZLUHFpTzVKbDBTMTljNks1bGdjUExpZHh3dlNIdk1xb1puZ0R0NWxRNS12VzZTSnR1Qzg4TmkyUzJ5R2FSemp6aTlOWUtsRFZhMDhGUmNRZlJ0ZjFoMmZIam15TWpvaWpPREVtMzZ4OGk3WHYyRmFsMXRqQktjby02QTNXVVpybUg2QUJqMmJwLWtSRUXSAewBQVVfeXFMTkZHNzMxaUNOUlJLOHdUZVh3QndoSExnb0lNM25oWWVuQVlBLWlKTTFZVnVOQjBlWVp6NkZiYXVKTFR0Y21uZDBsZHV1QmxMa1pxVDMwbkRnV2hTMml6Y3ppUnhlWUpBSzJzYWwzWXJKem1MWEV0V2x3bnpJUUhrdGF1ZThzcmFNdjE3YkdLcWZwUWM5Vm9iUDJpUVdtTW9pOUplNDV5VnBfSHRZRzVlSXMyYTM2SUNxYkJlSmZ6MlNjSE1NNVlBcFZHMF9FYk5aVHNGd0hzREtSLVhZQ1NVRTdwSW1yOXZkRXZLclU?oc=5,-0.0030
ALKEM,2026-01-23T08:00:00Z,simplywall.st,Does Alkem Laboratories (NSE:ALKEM) Deserve A Spot On Your Watchlist?,https://news.google.com/rss/articles/CBMi7gFBVV95cUxQWkxJSUpqZGxUclNmcV9rZUlFV0RudmpIOG5MbjRFcjdWLXFWc3p2NGdDWlZzQkxqaWhiUnZFd2dqXzB3LUVLT0pwZ2d4TDN5bFJCWUdhR2kxNXZFNVVxczh6VEEtYTdzaVFzRVROOUZiSzlfUW4ySHowV05FYXpQNldrakhVeG9UandYb3Y5eXVESEE0WHBZdDdzUnM2RkRNT21kRU04RkJVQVVpWEJzOVNhcXItcVp1d203dnRIZ2N3UzdMbTllM3BOQmk0VS1RYjd1cXcxelVZeHVDaVFGT3RLU1cxcUQ2eDg3M3R30gHzAUFVX3lxTFBKQjlnbWRNd21zRmkxSTJ1OHpwd1RRb0M3eWw4bnBkdHV2TlZhNndoX1V2dThWOWZHMmU0MFNieXJKRm4ySVdCejBfd1lQMjdGdUZqREIyRDhnbUd3X2FuSDZFYkV2aVozSkVYWGV6MDdFRVhNaEJDa0Z5UGtsbW9VVFBjOUVtajhLRGVQdU03Ri1oSG5QNVRQNTMtMTJ5NXBoYUZ3T1QwOFczM0lLM1dmRVdTMWZlTkMyLWJJd1BOV1BRSDZPWHFEV1RuWUhWc2I5SVNXYjRDZFhaLWc3Q2c2OWlJWkx6M1RndDNtbEhZRVd3aw?oc=5,0.1134
AMBUJACEM,2026-01-23T08:00:00Z,Moneycontrol.com,Ambuja Cements shares drop 5.6% amid volume surge,https://news.google.com/rss/articles/CBMixAFBVV95cUxObGxWYVJsaEs1OFNybTNpMlpPZmVwUDBKMks5UkVuQUw5T201ek52Um5INXBrMHVXdlhvOFhSUVRGYjVHa0JwTC02c2JaX1FfMzdWdnRFX0VZci1lWVN4TkxoLUNsYlhna3hmLTRkV2NHU2UwcjFvenZycFEtZEI2SXpqdl9qV29vY002bDF1elV5cjBUdDFPdk5CWlVZTlItUjlDVXhHalNHTldfUzNIMnVtSmhQa05BOWUtXy1sVEVpVEdh0gHKAUFVX3lxTE53c0diWmtKZ284TzhMbDM3cUU1VXF3Y3dPN1U3czROSWxoaHhTTXpfZVVEaV96am5seHFaWWZ2LW02MmdPZzJ3cTZtTjBLT3gycVBrSXNNbmpMbVMxbll1d3lnTW9fVDctS1V0THJCenVjanZqTHVhaW1JMFBrZU1Md3Q1UkxmMVNnOVB1WGFJOS1KYmlRZUNBQnVDcDkyLUFBbmZZVkY0QlotcjhWTjJrVjM4dVczRzBUVTcxU3l2OEpLY1ZwYU5YdEE?oc=5,-0.9648
APLAPOLLO,2026-01-23T08:00:00Z,CNBC TV18,APL Apollo Tubes shares are having their best start to a year since 2018 — Here's what the street likes,https://news.google.com/rss/articles/CBMizwFBVV95cUxQRlh4SkRYenZ6QXpVUkdPSmxiMjFYdXBMYUxocFpVS0VNZThNcVhmNzJ3anFReGxnM0tvcnVlZlduV2RRVndJb1dGN29rVGVuUzhEXzZOTUJZOGg2eUUzVHd5ZkdBWkdURk5NUmtwNExzTmRTbmNlNDJsOWRhQXdmR045a0UwMldBcF9wM1k3Rkt0VjV2SU1LcHpKWWFIM1UwT1UxeVRkM3dTYTdfdmFEbGNiQ003QW1qZDYtb1ZNRERXZWQtOW1uRVhrcHNxeVnSAdQBQVVfeXFMTllLckNITGxqNlBkODg3enRDT0Z3YmEtdVU0UzlsS2xFc3haY09RcFJZU0pSSE1QMVhlVmZNUDFXa1Ntck0wYXVkTTNMdXFoVW8yOFdNMGNNc3RPNTV6aFB3YzQ3NEdjRTJzMWpsT2ZhMldQZno3VHExTHZMd1ZnV1ZKQzBpdlRYbjEydTB6WGRLLVBHYVJxa01wMXVHNVZRckp1LXk0S1NmTGVScmRPNVdDZU1kN0pYQWdlc3BZZmk5OTFIYXFYU0VtaEpnUjYwblBxUnA?oc=5,0.0991
APLAPOLLO,2026-01-23T08:00:00Z,business-standard.com,APL Apollo hits all-time high post Q3; brokerages upbeat on growth outlook,https://news.google.com/rss/articles/CBMi9wFBVV95cUxQSGFDT3BDemJjT0tyNDEyeFZldEVQdXRma2Z6M0V4V2dFSHljTVl6UE5XSHp2QS14XzBLRFN4Tm92U2pzV2pSNWpmcTNfUGZVSXZMUEZoQV85Wlpnb21FYlMtQXVtMmMwa2lsZnhVdUtFR0JEN1hqU1BxZm5sZHowWGQtQXA3amxWQndCaHdHcFdFWTRjWDZfNzRqbHp0eU1qUmpCdlRZT1M3TEJteDdhUkg4UGdtTXhXT3V6RXFmVlhNVVp3NUlzd3Mwdk82NWVDeENCVWtxMFNKMlMycm0tVXdmb2YyZ3J4ODY3d1ZleFJwSlZjUUVJ0gH8AUFVX3lxTE1kekdzLWZ0aHR4RGFKZDVxTVIwZEY4OXFPSllLWmlJd3hYQ1JxcVVNTVRpQXRmS2xYN29DNVNTU3hrdWZMaDRaTTdrb3RnbzVzek9wSkcwd0hUU2tFa2VxNGVRdXcyWThWcnRDMFY0cUtPM2xHZDNZYVYxZGZ3Nnp6SS10S0I3MTZzTkZTcjdGV2E2aWsyeUd0NFkyLWt1ZVNhamNFM0hVV29JN0VhaGhaNmRpMlE2czYwSnZFRDhmSFVHWUEzUVZVQTYtRzFEQl9hckhTYUZ5VEVMV1NOaHBnanRCa1YwZ3ZaeTMyM1ZoS19KTV81SFNDZVRRZg?oc=5,0.8975
APOLLOTYRE,2026-01-23T08:00:00Z,scanx.trade,"Apollo Tyres Board Meeting Scheduled for February 4, 2026 to Consider Q3FY26 Results and Interim Dividend",https://news.google.com/rss/articles/CBMi8gFBVV95cUxNQ25yRjRyc0xQRmtPWDJHd0I4emhiUlI5RllqLUNPSXdJTU53ZDI4WnNBQVRndVVRVWo0VHZkNmZDR2tEdUNXVHRnZHZ0Y0ZhWmFwcWlWRjZqX05EcDRnVGFWS1F1VWI5MUZRSHdOYndocEJ1d2dqT3IyUzBKaDFRNnQ3YklCZmt3ZExPSjZIZk9Qb2JLaDJORk5oVW96T3ZQRkZ5dVV2d1RpNDUyYmlkLWM2cnFnanMzU1BCNzJ5R0dELWlFSkVlTmRZVkVVczg5VVlUZzZNNDU5bDRYWmRrYmh5SjA0OGtsakVWR1NBS2pJdw?oc=5,-0.0153
APOLLOTYRE,2026-01-23T08:00:00Z,simplywall.st,Apollo Tyres' (NSE:APOLLOTYRE) earnings growth rate lags the 22% CAGR delivered to shareholders,https://news.google.com/rss/articles/CBMi2wFBVV95cUxQVGRsbFJxZm11ODdFYTdrMTQyMk1CRFFDRlFwUzA1SFU3NXRwcXRrVUk1cmRna3ctYXhxSUQtUGJscmlSNzE0ckkybHdOdEZ3dy1MbEFNVEktcGlIWEd3RXNnYmhIQ2swTE9Db19wY2xyZ2d5T0ZpbVlKMjhIUkxINU03cldGLW5KOGdFbk9RcW9YSUJzb2M0QjdUbk9TcGE5aWttTWhleGZaVVZSWFVFX3BCRVU0ek9iYmdxTE1PRHNWVDBid3hCaXRLaE5oZmhCNjRDSDRKdGllY2_SAeABQVVfeXFMTVU4anctUzgyU0wzWmlORmxQQkVzdlk5UlBZS3pVSFB6UlBtVEx3Tmc1MDZqSXNoLXd1aXNoMGphVjMteS1oblE4MEU3dnVodFVuUGpoNW4taEVBMVhUamVKVGJFRXVQTDZiMUloVXhFT3RHRGNsMlFWUmx0RU1iblU2Q1FURVBoYXFaQXBzSk01aEN0Z3RiNWVRUXZMWnh3M1ozekZjQ0JNYVpNS0lrd2JMWkZfb1lYLUZNdk8xWlRlRHlqVFhLaHVOTVMtV18wWUpuelNNZVAtakF1cW5VVGg?oc=5,0.4692
CIPLA,2026-01-23T08:00:00Z,The Economic Times,Cipla shares slide 5% after drug major's Q3 net profit drops 57% YoY,https://news.google.com/rss/articles/CBMi1AFBVV95cUxOdHV0Z3otR3k1dnBRTlh6LXFFdGFQd1J2WmxCd0RMa3ZUYmw2Sm0zaTc3VmM3MzhqSlJ5MmtVOTdaN0NmYmpyOHNGTC1BYkpEMGg4VmxJZVA3UVdScEY3MUltSGstN21PcS15QUFKNlhrQWszMlZUNTNRUUdhb0ZYcC1YZHUtaEFjV0hnT2hIMmgxWVFQYWpyYkU2Q2NwUWZWcWRoQWQ2S2VSa1NOemx4MzdKVXVBaUN5a0x2X2hCWklwbGtrWG5ONU9QZkN6SXQwNUNaMNIB2gFBVV95cUxPOW5lUC05YllmNXVKYkp4a294UDZuUzI1bERxdGROcHI1ZndSZGRxWDZjN0dnSDdZTzd3YThySUVEbV9TMlJVMzVhR1A1Y29OemJMQ0hrRkJqMTFkZDdHeTZuTGZ2VmlYU0FPOWRKWUVxbUdKNE01ZXNyNVpfcFhVaWhaeFR4X3JHdk5QOEhpTFFydk5nSVpTMzI5aXA4Znd0dTF0dVBqUnc4TE1ZOUJQdjRQd3pOaUhpNVJ3WTIwc0w0djFDN1RaV2lDaDh4bEVwcEJPOEZUR1d4QQ?oc=5,-0.9619
DLF,2026-01-23T08:00:00Z,The Economic Times,"DLF shares gain over 1% after turning gross debt-free, Q3 net profit rises 14% YoY",https://news.google.com/rss/articles/CBMi5AFBVV95cUxPY015elE3eFExa05EVDJVLU9LTlF4WV84dWRMT3M4Z2VQVDhDQWZIc2lCMzczcUdsLTFITHlxc2ptQXUzeFlrV21EWTVFSUpGVERzMEYwZng1YVg0Q295Z3I5eWV1amZ1SzE2a3huRVhZY09IWkZfSE5CcG1EQjRxUVZDMW5UMHptbHJvM2ROdjI0cmZwclRiZmszUEQxSEx6MC03RVYtQnVkZURzWGd1ejBwWTkwajBNTnlIMnJuYXVQSDhPVlBCX0d5ZXdDUWh4U2t3b1dxb3lvV1NnXy1sejdKWmnSAeoBQVVfeXFMTjFtb3FPN3JEblNYQUk0NFZUNFhKakpUc1FjaTR1WnJ3U2NINHNFaGRGSmhHclhROGFuRTRjZjNyNHV6MW9JbEM5WC1WYkdJUzBCZEVyc2ViYjB6Z1NaVEZtMnZMSGxpVlplenZUTkRXV1dOVTNpcmc0VnRJZXUtZk1nejJJMmxzRlVKb0NPS3V2ZHJOSWF4RWFxM1FDalZ5UnZHX0F3eWhDQmE3RngyVTJuWmJsVUxlQzRpdWJjbGFlRFY1YnZsZUxEN3h5a1hsLXBpejdIbjZVNEdFM25CUUZ0MzljX1hYUUZB?oc=5,0.9283
DLF,2026-01-23T08:00:00Z,Moneycontrol.com,DLF shares rise as realty major turns gross debt positive for first time since IPO,https://news.google.com/rss/articles/CBMi8wFBVV95cUxNQVBsQnl5SWVXYUZjWEstcEdmM3U3SWltek0tWUtnZzBIbVlaQUhZbUZUY3Y1U3g5MnAtX05UQ2tpZWNXMEFqbzVUMlBsWnFuZUx6cTRSTzgyYTlEeDIzZkFaR1RJNTNfYWFEZmw5ZjBwQzZkUmxtSEtzRWs0WGFya04zSTdkQjN2Mkd6X3NPWmowdFdMRVkyVjlNN3huOXI4LUJQWUJmWmpSQjZDSTBvby11NHFVX1pqcmNETkpMeHJaRWhIOHA0M3BHbGRuTUVvejRPRTB6TE81UjE5anNnaUVtcTlkLUUzT0FNMlJwVzRBRmvSAfgBQVVfeXFMTjV4Tm5DXzcwbGgxdTVvWXRyNzBaUkQxcnd4WnJRcUk4VWNTOEItNE1SeW9vc000bWxuSFBYX0l1b1p3aURBMDhYQTJuRnV6UjVZUDRIUWRLOWpPUThVSEpvNmtnWnM1QU9FX2tXcFhVX3hIZWI1OW9sQjByNFRvV2c5X1hkZ01FZ0dndWpHbE50M1I1TFVKWXBfbG92aXFhamxUQnFJQV9oTmhpc1o5UDRXZGxxLVBXVUhldWlvdDdOLXVBM3ZIbTBicmpmVHF4QkdNbzByOWVad0NIa0ZEbDFyYmR5S3ZOUFFnbWItLWtKREcxUFB5UWc?oc=5,0.8722
GODFRYPHLP,2026-01-23T08:00:00Z,simplywall.st,Market Cool On Godfrey Phillips India Limited's (NSE:GODFRYPHLP) Earnings Pushing Shares 28% Lower,https://news.google.com/rss/articles/CBMi9wFBVV95cUxOQ0p1THJ5YnItcVZlbUUzcF9vaWpKTjlzeVBrWFVTUG13RF9Ibm82eXZxZXBObHY3cm5kSmZ3Y1FQYXJ0c0sxUXFfSnRsNlFmd2I3QjJ6bU15VjRGdzJGYlVQamJ3N2VYTFVWbGRiai1KSlQ1cEtQdWtmWjBVa01pWUFOSkowQmNQaTNyczlGT1daOE1qOEpYVVlfRFFOUXB5UC0xbDlleHVjMU9ESHlvaGdsMEhLNTc2aHVBUDdRUVJacjVyd25fNnFWTDNINGFwV2UtSF8zcXkzMVlvUFR6R01SaXpOQldVTmdSNnZBSktHeFV6Rlgw0gH8AUFVX3lxTE5FaU91U1psU2ZWQjgwMUt4Vmhzd2VERmNkZU9URWxYMkRQSmlua19nNF9ZalloQ3F1SHctNXpWRUdSRGw3cGhQTWlCeG9WajItbHBFVjQwSmplN0ZPbUdtLTdsZktzVFdHQVBFenAwSUxtdF93LVdPNzZ6QVVRMUV4c2pqRjNVeWR4N0diVXRJV0x5MF84Qkpsby1QVzIzYzQydWJyUjRpbXpkdnZobzlaQ0RLUUhsNVR1djBMOUdrbkI0TEZtWjRwQ0lwd0tmLVBJXzdmaWUxNHZoaVBDdThSc3lGR3VEb1FfcktKQUJ6NDN2RlVxU2lKZWRKMA?oc=5,0.6416
HDFCAMC,2026-01-23T08:00:00Z,Moneycontrol.com,HDFC Asset Management Company shares fall 2.03%,https://news.google.com/rss/articles/CBMiwgFBVV95cUxOQ2NUNkNZNDBoeEhkbzR3UjRFWF9fbFlIaXJGSFBEaDROT1g2YkIxNEItR1k5RUtHUGxlOERlbWI2Q01ROWFIcTQ4S1V5ejNFUUxISFVPVUgxUDMzTnJRaWhtUkpPekdvQXpfT2NTVk12LWFnWGJZMVdzSjJENnNjWHJDX3gyT0RqTUx0dUxNclplUnhnWThUSXFiQ2dDTTR5UkhvR3JoQ2pkcVVodVcxWnBZblBBOHlkSjBtUHhSQnVNd9IBxwFBVV95cUxPcnlFOHBzY2d2YWVjM3E5OHcyNUgzYWllWFE0MjVGaXR5Zkg0YjhneGllcHk3aXZkTFpnLTZDU2lGTGZWU0E4SmVNYkZCQnBjVlJlY3NJTG4ybVFYWW5wcDl4UWFVcHJtWjJKLWZDbmdvalNGU002aVAyMDZ1Y3BqWWFjRmV0b2MxWWp2NXM5M3FYLURuc3lUeC03TkpuVHVHR0FCeXg0VU1maE4tRlg3SFZCVW9WU2ZURUVGamhoajVEQmd3cW0w?oc=5,-0.9571
HONAUT,2026-01-23T08:00:00Z,simplywall.st,Honeywell Automation India Limited's (NSE:HONAUT) Share Price Could Signal Some Risk,https://news.google.com/rss/articles/CBMi4wFBVV95cUxNYWlWaFZtcURUWXI5NUpSbVZOdUhxSWtGR0ZRRU9xZ2plWXdwRU90Z1lmRFRIZFk3RXlDSlRRUTlzVGtWRXJjMUhMdlNQYXRLUFNIakhyM056RnNtRUVTTXFZUzhXa21UbzdxYnJ3LXNqdGN2WmJLUlJ1SlB5UGJLLTFjTV9iRF9EMTl1eWJWdWZWdjB6TG81TlgzbE13VFZGZ2hvb0w1VDVVc3Z3VzRPczFjXy1NMnQ1UFU3LTMwYUo4M0MyX3R2REh5MGtxTjcwOTMwMGFUcjlSLTA0M244S0c2Y9IB6AFBVV95cUxQY3ZiQ3BGSmZxU1Q5TF8zbkNKQ204MnJDR3h6RmI4ekc3QjFXVzUxOG5aUTN4X2dlTjlyZHNNZG5qUFJYNElMZzFoSGo1dTJTaDR4ZFFVV2h5U1hlUlhqM2FwZ2FZbmFMSXN3M0VWTDFPSk9SQ3Q2MVhwVldQX0JQbk95eUt6MTNVYjMzWTFJVUZ3cU9kSkZkU2Q0cGxzaHVVbVkxRW9QbWtqS3AwQmthMzZlVlRCRExZMk9RSDdzWUo1NUNqT2IteEpubUlqd3lZM09LbWJvZE5DLVRMaGFJckQyckRZNm0x?oc=5,-0.4760
ICICIGI,2026-01-23T08:00:00Z,scanx.trade,"ICICI Lombard General Insurance Secures Temporary Stay on ₹17,289 Crore GST Demand from Bombay High Court",https://news.google.com/rss/articles/CBMi7wFBVV95cUxOelpFRDFDLVlhTDB0Tjh6TngwMjZRaklVRGNRZnpBeDkzZ1MwSk1hU0E5SEd5dl85QmpMMUp6T2E0cW9rZ2JOZjNra1RHVmNSZUFiNWNIZkZlcFpEZ3M5UlVONERyZTJtYjZGWENUZnBTdVZJNWNYQl83MVNld0xYNmM4eFNnZEh0OFdHZWlYMnNiQ1JXR2NzWnYyUTZVb2s3cnk3eDd2Z01RN19lUGpnbXhTSHpIRFlBUmdIa2NYRDk4WHVlV2JCR20xYmlpRHVLbTkxV2g4R2hNeGZVTTFraXZpcHl1MGFsT3VPY2tSTQ?oc=5,0.7088
IPCALAB,2026-01-23T08:00:00Z,Moneycontrol.com,"Trade Spotlight: How should you trade Ipca Laboratories, SAIL, Gland Pharma, Indian Bank, Bharat...",https://news.google.com/rss/articles/CBMingJBVV95cUxOaFhObFRveVNSOG1Rd2w0aFRfeU9JS0lBbXMwWVdWUTVFOG1nNzVva3lFbk5XR0tzVy1UMHdlWjIxcFRiVVJzYzh6Ukc0WF9rRnRINzlkYjRUUG5KZXpQMmhNeHpNT2JUMU15LUhYV3E0amMyQnhFdERJNnh1dUpRd0FPN2N2dS13bTVvZ0Ewemc3SWRNMkJMR08wNUlLbGJOUnF2T0RjcXdlMHBoME1JWG52UGN3RnRwTTNKZWs3M21ITjFxU3RXbFBuNHhpMTJrTlBVRHlEMm0xb1U0emk5MEpPajBzVjFxaU5Zc2wtSzlqeVV0dVI3RGxWY0pHLXdIM3VXWFlWYXJFczBLa0lKZmpjdjYxal8tV2o1Ykln0gGjAkFVX3lxTE16ZXlzNEhFTEtfNy1uWVh4WFdia1Rqb3o0akxJajRPLVN5MmRMbDJpSVJ1aURMWDdFeTlSeDBPbEVaZ2pGN3l0b090azY2QUUwZmVDSHlIc3ZVZHRPSXpxeXlhMEJOWXExWVJwMVRIaFdLUDNtSUF5ZnNxT0ZiM1ZMZEgxMDBNbEZqUXh1NmJhSDlOVTRMNTdSWEN6YU9BY25yVklfTFYxT2xsUEVuU3pmak9HdUExVE1hRW45OGUyRzFtLWFHUDJfelZfd1U0b1J1c002RU9BZGQxV3dIZEV0NXlMYnBsVjZEemFHUmtvNDBsM1JBVGZoajRnMmVEc3h2UFh0dDNiWXBDaF9yREJMdnVIdWlEdXZ6SmpGbnVEWUN3cw?oc=5,0.0404
SJVN,2026-01-23T08:00:00Z,scanx.trade,SJVN Limited Appoints MAS Services as New Registrar and Share Transfer Agent,https://news.google.com/rss/articles/CBMiygFBVV95cUxPLVJUM254aWNnaE50QTdvN2RsUEd2eThLWUpUT0tCWWx6QVU5T3Y1dU1mZURJT19uZl9zdmlCSFJnSjZ4S0VkX1hWLXlHRFRSWHlOaUxqa3VsZWtqX2FkRXNYRkRjZGVtb1JzSGVNaWhmdlNRYkVReG52dkRVS0M2amExTWZZOG4xcWZnSWhvOTl0dmZRazhHMFRoVUNsT2huY2xSRWRRMV9obTI0MUVPWEJ3bGFsa1Q1RFRYMzZHNEI0dGZyb0N3UDJn?oc=5,0.0820
TORNTPHARM,2026-01-23T08:00:00Z,Medical Dialogues,"Torrent Pharma Completes JB Chemicals Acquisition, Becomes Promoter with 46.39% Stake",https://news.google.com/rss/articles/CBMi5AFBVV95cUxQS0N1blo4TXNXVUhVYjFndEpyU211N1l6bVFFUzhFRkJ2RzVDakZha3RBSUc0T2ViU1pnSEVLVGdTdDliV1FvU2NuMmdDY2d4YTFyRWF3NU1CZ1ZjTTlKR3ZHZVhWWVpwRFNGRlZsaXJKZ3hjNFFIZTZwMzNTWERMNEVuRnBZMU04ajB6bnREWlVhTWE0RUE0V0hmR29KMjg2ZUdUOEVSOGpwQmRZVG5FTmdrS0hzdW51MEJWSV9kdlFBS2tjeVFkcm9relM5Y2V3MjNoUnR4M3NKSlpaRTYtdUwxbTfSAeoBQVVfeXFMTkFxTlg2dFNpR2lHbktkNXFOeVVjcHJhT1FVMGM4YU1semh4dHBvY1RMTERkdF93eHdrcnB0cHpSNG12a05yeWtCTkFlRUluRjFZd3NWcUZQUkVhVUZpRDBuNHBMejN6UWs2dFZRc29TUHVvaUttVWt4aEVUVW1IRDkyYTcyR19oSnBPLThMVm9wX1FCa1FCTUhnWk43ZHpPa2h2SGNpN28yeWp3NEREaUp5NDdsT1djV3c3ODFadHVTRG1Oc3JIMHVJUmdXR2xZWlRoZlc0ZUNBMGlKTUpEblp6WU95bUlYdzJR?oc=5,0.0911
UNITDSPR,2026-01-23T08:00:00Z,simplywall.st,Analysts Have Made A Financial Statement On United Spirits Limited's (NSE:UNITDSPR) Third-Quarter Report,https://news.google.com/rss/articles/CBMi6gFBVV95cUxPbjNvZC1fMmZFc3loUlROWHRWVXl4U3FKYzZMdVQ4WnI2UDZfMGRLSk9renY1N1BibU1nQjI1QklicV9FUWZfVXZ6SWtEdUJuVGgyci1YaDBQYlE4TUJlUXBmZXg3cldPbkQwVGQ4X2N3dE9zS2ZMdW5UT2xFSElBZlNNZ3NzMTBneXZsdmY4M1BKZm1FX2g5MUhfem1zb01yLUxnQkZEX1VHcUJqeVhlNHhsNlBUTWV0SmVEMVJuSjJlVk9VcjR4SEE5M0lMUUoxaEZBV05TZnFqaHV4Ml9scF93eTRRbFBaSlHSAe8BQVVfeXFMTzM3cVdLamNwYy0wZUFENUFkV0xFMEJodzh4cUlpWWt1Wml3eDBCeVYwQ0RWVjlqaFJZWDZUYUZfcXRCbGk3Ul8yZ3ExbUhxVWNrOUw0c0pjQktZd1ZFUzNkMDBiMlZDTThYSVpzdkN0aHE0VS1TLXhicGg4VWpXVlZCVjhsNEdVTWNRaXNkNEJJYmF6Skg4R0d3aEFoOGU4UVRZdkl5MnVpd1VnMWdmYXNKU1lCQV8wOHVxbmVuZEh5YzFPSzRBNUFWQ2lOaTV5V0U3dnpBYm40RW55Sy1aaWJIMVJ5NDM2OW1YNHZpV0U?oc=5,-0.0296
AMBUJACEM,2026-01-24T08:00:00Z,simplywall.st,The total return for Ambuja Cements (NSE:AMBUJACEM) investors has risen faster than earnings growth over the last five years,https://news.google.com/rss/articles/CBMi2wFBVV95cUxPcUxNLXM4ckFUSWI3OGFTTll6WmhjUjBMXzVRZ2IxLWJBaUJhTmItcGw1eVh2YkdxMUxaaTlrbTdkYkx0NkZ2aDgyenM4c0d5eGdjVEh0YzE0dUR0VGdSRDhXMlBMVFR3b0VhLU1ZQVNxSHplZ2xILUF2Y2tOem1lMk5KTlRGYUwxcVNpXzFNQjY3bWNGdW9RMUNlWTJnejVBd2FRd3RKODl0ZTZJMFZnNXN1ZGpRLWxabm1oRGZvVUM2Vnd4ZjNxcENxTzR6R0FucGVILVpfSVNzdWvSAeABQVVfeXFMUElxM1Zhb1Z6bVVYeTlMZFRMd2EycWFxaG5VU2hHVV9LTXpfWExoNmpKWjlHRUlLS2V3anBnaURXNnNUWTFLNF8xLUlyc2tqVmZtTS01S3lzeEpvU1RtcEVxUEczallHNkFZM2FpM1pucWoxakNDTnFzVkVFVTZuSHBrSktIMFRVS2xJNG81NWQ5RTd0MzBPUlkzYS1ITVQwLWFCVTlpYVUyc0tuaXZ5SERsU3pKV2RucFM0cFNwRS1mMGxPdTRfVGpqanN5c1NmdVl5UnA0dEVfM2pCdzRCclI?oc=5,0.9349
DALBHARAT,2026-01-24T08:00:00Z,simplywall.st,Dalmia Bharat Limited Earnings Missed Analyst Estimates: Here's What Analysts Are Forecasting Now,https://news.google.com/rss/articles/CBMi3AFBVV95cUxOR2tYNHRERVo4Mzl4emx6aFpyeDlsVXkwNlppVU9NazY4eXZveFk3MUd4dUlpbndLTzVoYXBVdGw1YmlRWExHY0lOZGFMRmZnTW13R09LdXFNM1lMSWhYVTRCaXJaWDVDTGx3Uzk1UE1mUGlENG1tNk1qZVA3QXRBTXBNZGhHLXpyTTdJa05qMHhkLXFvRnd4RFhONXlyRjRyaTdaRnZTYVBWdUN3S1djRUVITnVrTWM4MDVmc2g5alpaQ2NndTJIWVJxWklaaVB1cnpxd09nYzNfQXJp0gHiAUFVX3lxTE1USUNLQjRPakdKYl8wLVYxWjFDUTlEVkFsdmdWTk5WOUc3Nk1FZ2NKVnlXVWhMSVhsczBMb3BjUW52SXlWNzFDVFU1TUZ6U2Vla0plQTB2OWZWci11TnJjdy1GWXB1ajZFUEM4SEpKcThydjZVUkNPM0xyTWQ1UzRxaGU0YkpvcV9naTdSNG1pZ3R6V2Jja2JlanFjcWVTRTJHV21pc0pVSnFhNTZzYVY2Qm5hc3ZPV1VlUm5UZk93N3ZnaDVDYXhJeW5MWVpjV3FnWU9vaUJCWkdKQ2hjdTAxa2c?oc=5,-0.2463
IRFC,2026-01-24T08:00:00Z,simplywall.st,What You Can Learn From Indian Railway Finance Corporation Limited's (NSE:IRFC) P/E,https://news.google.com/rss/articles/CBMi8AFBVV95cUxQR1F3U3lReHkxNmVjcHE5YmxTM2tQU2hVeElqU3YzS0hfNHdoeDZNd1J6RE1wOVRfdGhnb0ZLblVEZTdpZll2QUh1ZmFwWjR6SC1DZi1hVWFKTV9QeEtpdzlLNnpzN1NzWVZKVG9NNDR1RTRHQVlUNjVaVEVlb2ttNTRsMGVtVGI5NXhwTnhzYWVTN3luNWNKOENSUnowQjZJMTNPUVpJTUU2d3NXRzdXTk9zajJHcFA5UGpCcGl5ak9sMmZfeVlIeXNiNEp1UExVcVk5NUJ4a250TTZMdGUxZ01uRVhIQ1J1Wmt1cWxTeVrSAfYBQVVfeXFMT0laem5xeXNzd1Y1UTlTeGtEV1pLdG9aRmsycXlPdnlqbHc1VzdKWjVIVlRjREdVcnVOXzlha1VqampUam40a0tTM0tPM2p5ekVVSTh2YVQzNlpqTlpLWmpGVVFxVk1oY3U4WWw1cVFUMkM4TTdwZk9nYkFGUGs3ZVhwdVVGRnBlU2lINk1EQUlkVWk1UHFscDVUaFBiNVhBMDlLRGV6b0lXVnFaOFdpU01jN09RcG9uVzVxb2tQWGs4LVNCVDhlNTI4RG85UGVGSGJSWjBIdXEwZE1Ub2pFQWRjY18yNzJCQ19xRlI3Q1doTmhYUnFR?oc=5,0.0339
LLOYDSME,2026-01-24T08:00:00Z,simplywall.st,Lloyds Metals and Energy (NSE:LLOYDSME) Shareholders Will Want The ROCE Trajectory To Continue,https://news.google.com/rss/articles/CBMi5gFBVV95cUxOYTdKeW9Fbm5XajhzYUY2Z3FBcnczRUJjRWZHYk5FOWJESnVkSFU1T3BweTZSMEZXV0lqVUczV2Y3NHpTR2dISGVXZ0paNHcwNjBaWjJfeGVOQndKQmxZUlJYT2ZodUczLUh6QndMZEZmR3RWYnRnQjk5M2h2V1JQMmFLT0hidGlub3RCbzh0WlBRYVFPWmFsVWJ0YmVlVkxqMWt0LVFxVVFPVXhRQ3lDeHBXLUFIVzJVUTg3ZWZfTEM4R2FUOWY0WDFKUU9DZHV3eXpfLW9URzktZGk1aHRfZlpRLUZHUdIB6wFBVV95cUxPSlBOMXlaU2phelFDV0VtLTJNSGZuTE4zOUlHV0dUN2x1X2R0WkRJemMzYURVUDRtdmkwUEE0Q2lWXzloV3otMWFBbzZNLW5zWGhLODZfUng4bGNZb2pIWXlmUGJKc08xMHhNVjJGSUZQc0RMOFFBVm94NDc0VjJCYjhQNTJhM2tzcThMMVZLZVpqeWpJWFNua3ZmUzFwT2NKWGptWVUycDRSeHcwZ3hxbmVVUTd4M2lBbnZIQ092eGdMXzMzOUZsckZuTngzMmd4V1BqVHozYk5GX3pIRDJ3UVRfTlJmZjZHcU1n?oc=5,0.1396
MAHABANK,2026-01-24T08:00:00Z,BusinessLine,Should You Consider Buying Bank of Maharashtra’s Stock?,https://news.google.com/rss/articles/CBMi6AFBVV95cUxOV05ReVpZT1FqU1ZkTFNGMEZiZUJkSmViYmd6elUzWjZ0enhCWE41SmRlUEtCRmhkaUM3bmpIaGd4Z0IzZ0gyVUhWQUE4Mk5BZUN1MGQ1SGxvV0xMaC1VTWRsYmtYOW1ua05ZbFhoV2VsbmlSZ2xYcnNJb3N6WVMxR0Q0YmZhUU1IVXctcDVsN2lpZ1gtWTBBMGRBTVNONlpzZkx4MjE0WjVvcU5tMlp3RE5hZjZxd29sTU9RNGhpQTFaZk5FX2tNWWdaYS1oSloya09EbnFHZ2FxTDIyNTQ0MU1Dd1pxV3E10gHvAUFVX3lxTE83V2lsYzE1MlItREI0ZVVhclJaVWZnNTh3M1BDSkdjN3RoRFNQM19KMlcxdnN4YnhzbkxPZDFFdnRFT2hKcU1ZaWZ1V2xzTm11NzIxUDVkV0VSZ2V2WUk4ZkNvZVVNRDNtT1ZwN1h2VnA4akFhc2FlRkpyRXFyRHpSRGt5Ymx6dDVBalJuWXNHWFhMY0lVZUh2SVhJekNhcmdzWWRuMWR1aF9DUW9QR0JNekNEaU82U3c4MUVFeFpfOVNiVGhXb092ZnExRGhIY0JsU1NQYXRUSkVTcTZEYU9rR2VVeXRGdndKMEJsbFkw?oc=5,0.0322
UBL,2026-01-24T08:00:00Z,simplywall.st,United Breweries (NSE:UBL) stock falls 5.2% in past week as one-year earnings and shareholder returns continue downward trend,https://news.google.com/rss/articles/CBMi5gFBVV95cUxQeUdQWDQwel96alAzOGJMeDhEOFFiMjhYNFRlWE9lV0hiS2QzOUdvNUViclptejdBMkhQWXkxRVB0dUpBMXBUNlhBQzZUYUF3SWRTWi0xVGhNWWVTNTB5dkx0UGFCb2JQcVZpeW03OUZCUmJiNDAwbEJjOEtRQ0ZCRDlMVlIxYWRjeEZ5djFzbTlBZTVUM2RJUnlzdkkycjZId2p6WGplMG9HZGhIU3lsU0VqUUx6SjhzTFNoY0s1eGxXLUFlUW5Iclp5bWVpMDg3NHpGekxydVRWUlhGdWZGWmMwMkV6Z9IB6wFBVV95cUxNTDE0Mzg4RkJTY1haZDJHN0ZzNC1xbzJrbmdLeEdQRmlua29Yc1hrNkMzemg0Q1pVZUtYb0J2NlYtMFRVbGxRLVotQkZ1Ym9wY3BoellvNVI3azFpQnFad1g2Y29sZlVfMlZVY1VObzI4UkpSb3dFcHZzSUVCUEx1Z3ZuWnNuWTVlOU9FN2RBODNpZWFkSzUxWHc5bERxZXQ2aDdPSWM0cG5fNnB1ZlpScEdUT0ZaNHJaUlJ0TkdhVnNnRm9aQ1l1NUxJaEZCY2pqVmxmdnoxVFhfMW1XeE9NVVVlZFptc0JxSHhz?oc=5,-0.9672
LAURUSLABS,2026-01-25T08:00:00Z,simplywall.st,Laurus Labs Limited's (NSE:LAURUSLABS) Popularity With Investors Is Under Threat From Overpricing,https://news.google.com/rss/articles/CBMi6wFBVV95cUxPbV9QS0wtN09NYURtOVlBMVRuZG5GbmpfVkNJQlZsV1RBSDFfTkp0MGZtYUFERERuZjNzaEd4V3pEenN1RkotUUlGOF9QY0l6YjlVSVlsNkpPQUJKaGJlTmloczM1VkxGOG9QcFFVQkV0UTRnUThWZWl0am1oMmpySFV2Q0JfeG4wXzIwWGZDcFZvaVVCeW1UMnM3Vk5XcktBdFRRZTBnbWFTQjBZS3NyNW1lQnFhQUJSZlVzXzNiZG1XVkxRdi1iUnpGZjBXbTFvajhvZmhVRk1FVVBGT0xXbnZXaDgtSEtTUUtn0gHwAUFVX3lxTE9NdmppUWFad0JoOHpyQmJ5MlNhVUkwRjVFRW1Pb2hVOE1HNFpaRktlclRRQ3I0bUJ4V2xZQi1yenRIRm5XUlhqVlFhVzVYVjdJY3JCQ01pNDBSNWZUdEl5bHNjLXJLTEEtc1RXRE5aUTNMaG5kdzV4ZnRfMkJkNTRNNkhrd0ZoODdGTDFrUERteDBnY1pSTG11UGNRX1kwV2xiUW9WTEVZTjRobVR2c3l6ZTBMU3NjYWJzV3Btb2k3QzhmYVkzNzBFTFZXSUNLOWpRWXkyMHV0anNlZTh1anFNakNmMzNVdThaY2R6TDNNbQ?oc=5,-0.9523
LODHA,2026-01-25T08:00:00Z,simplywall.st,Is Now The Time To Put Lodha Developers (NSE:LODHA) On Your Watchlist?,https://news.google.com/rss/articles/CBMi_wFBVV95cUxQZUNURU9KUEVBQ1RMWmJKTW9CaGEzLVlVTmNXRnZwOTdsd1BYM2hWRi01MGZvQjJZR2V4VzlDdVc4NXZHT0Y0U0V3WjQ1cDhqSTdpaEtOZjVoX3VWYTZsdTRaVFJRRE9ZLUlHR2QxWXVMNC12M3FBb3kxSVBUd2o3dWR1cTFlRFNGeHpodGduZWZfN2swY2VpNDZPci0yUUNfM2lZS2ZGY2VyWGQ5X3ZoZjMwVWxCT3QxZjN1em1TU3hJeVF4d3ZlVzctdi01NnlMS2hWSWpuclJvYTFxbkl4anloVHluVkd2RzRFOHpfTW8tcmNTbHBWZnZta2lJc3fSAYQCQVVfeXFMUGoxQTBnVUJqOVQ1V1habmxkeGRRX1RKeWRfQ3RoMmI1VHFwdmxGVF80aFpkVHpJWTZlbGVtNXRsRWRUMGExRXJsZnpLTDg2VkxYRTItbmJsWExjaHNVS21BYVBScXM0NVFzeFM4NFNyT2g5eEtBUEJUTXZnVUlKR3hYb0FTMlhzX19FSVBwRm4xSlMwd19JS3Rrdk5oVXFvODBidDJUS0pZYnhqYnIyclhZVlgtUWE1TkRXN2VJbFpiVElTaW5qcWNoSVJoZU9IZ1o0ZUowdlJkaFF1eTRaUElWNWx5eTNDVnBtWHloUVpKVi1aSWoxak5TTjlRTUR4ZlVqazI?oc=5,0.0095
APOLLOHOSP,2026-01-26T08:00:00Z,The Economic Times,Apollo Hospitals Enterprise - Big Promoter Move: 10 stocks see promoter pledges cut in Q3FY26,https://news.google.com/rss/articles/CBMi9AFBVV95cUxOSDZ0RVozUjMtUHkxUXRTMkFkWUtUNWVXXzh6ZjJTekp2Z0pxTkJaUW51SHZJeHQ4R1ZSMThJVUxiQVFBekRqbG9OZ280VGtIa2ppMzBuTEhXTzFkNEkzeExFWjFxdDcya0NKamZmcG1iWExBMEE4OGFnNG4xRjhnZGJMVmlSMzh3eG5QSmNXOHNQUC1ybXhacG9TYXdFNHJLNmFsNnc1UzNvYjNILUl3LVlCNlMtMExkX2t0NkQzWmNJNTYtM3F4NHdRVkxJa1lGbGZ1eTRYd1JLcjVZT25fODdDY3ROTXVJZE4xVDVkTnlMWDA4?oc=5,-0.9072
AUBANK,2026-01-26T08:00:00Z,simplywall.st,Institutional investors may overlook AU Small Finance Bank Limited's (NSE:AUBANK) recent ₹44b market cap drop as long-term gains remain positive,https://news.google.com/rss/articles/CBMi2wFBVV95cUxOajdzeFZFSjI3djRURWdaVXN1U3Y3YTF1LWl6M050N3RHN1RGejRRUzdINTk1NDJCa0pXbC1SS1ljbWtHaWJ3Ql9vMHBQTEtNVW83MWktRW1qUFAwYUJkM3B5aWRBUnFiYVV4SjFDc01oc2dBZkU5TnpOaS1uRHhOR2NmZk5SdG0xQ0JoVVEwWUxCNUhhNFprRmNPMFhhY0M0M01PMTlocHJqT2hnVERYRWhEb3Y1YzhwWkxlN0x0bWg0V3FLQm02UmZNMDJQLXNoeVhGLV9oTENsYlXSAeABQVVfeXFMTVhzSTYtOUI4aUYzVVFSM3hhQnJjZ2Q1RUJ5elBuR0ZtUzBmWGJtdWpTMzloTm04V2RlTEN1X1B4SVFjMUNPV2l5Z0JlQ1lMbUE0ZVYxanVqMUREY0VGTlNCWDV3d3lWSEFoTm9LdUp0bmFHME5SU3VibnVwRlMwa2NySDFjRjYtMkNhbkVWbVllbVV4YU9aVW9zMjVhbHlwVmJWQUgzajZjMWJVeFRpZFNleEMtb19oOGh2ZFhwM2dfSkI5S1lyX2VXRzBtZGVoa0xHUU94OGRsNXpUcUFFdUw?oc=5,-0.9162
DMART,2026-01-26T08:00:00Z,simplywall.st,Avenue Supermarts (NSE:DMART) Is Experiencing Growth In Returns On Capital,https://news.google.com/rss/articles/CBMi5gFBVV95cUxPSW5QM1RMckx1UF9UcXdmNEdUWUhyOEhTMlpXTUhRbzdVSzVUbDB6S093b0tCYVdTdHVVQzVzY00yYUJLdDhRVmRjSXoyVTNzUGNOcUlRbzRTWV9VQkVaTmNtbWNBRXVnV3lXX3BYU1dNTEtwbE5fcDU0ekFrR3hta3N0OUlSU1ZkS200YnFLcktCbWhhbUdnczhnOUVESUphNVBGc2p5ZUhuMG9LWXcxb2Z4ZUVob21PelNfQ0FDWm9xdXdiczhxS0NPajZuX0swMElCUnI4Y0p0SFFHYjBjS2Q3UXhyd9IB6wFBVV95cUxPRGpBWTdOZXZORlZzZVAtRmh5SnZFWjkxVTJJaUxsT0gwQkExUGpPNzZ2VHViR0RmVXNtbFhxcGtsYUc1dXZ6LUdmM0xYbk55ejRJUVpOTUNZQ2dVakhkdjExOFdldlBQdUlINlFKNzlGN3kyaWVQS01IMkl3OTNiWFVlTTZEd3VfR29tUGppN2pSR1h1VEx2aDl1RUtTWkpWNll5Nmh1aHdDUlpGQ25rNjNwR2NXS0QxZmM5a3FCSzNlM2FRMzVVVHFfazVSSExTdEl4WTVOaDV6cUZoc2UtYjljMUViUnBXcUFZ?oc=5,0.9383
ESCORTS,2026-01-26T08:00:00Z,simplywall.st,Are Escorts Kubota Limited's (NSE:ESCORTS) Fundamentals Good Enough to Warrant Buying Given The Stock's Recent Weakness?,https://news.google.com/rss/articles/CBMi3gFBVV95cUxOUDBQaU5uTFNJRFB0NnpsYm9IeURiUmVMTm5Ba2tmaGtCTlJGTzdhNmdsdTJCTXlmTFhNQkNiclRxaGxCU1BvTmkxd0wydHQ4RkMyMUp4Ul9DZ2NETWduR1ktem5ocWp6WHVTUXFZU2ozOVZqc09kNVZhdzNhcU5XQXBLTEJWU3FYcHNOWEYyd2NIWmx5NHotR2RPU3hqdUtlZlRudElMWDJkWFZRblNady11WU93R05NT3BXLVV5OXdBNkV5cWtGX3I0MmdMaFdBRXlLM2h0TEo4OG5wX3fSAeMBQVVfeXFMTUFGcExBZVJpZ1FiMjRqVHFoNUxZaUY5VDNRM0ZHZWtib3FXaFNpSl90R1VTNFhGNE1Fem9oQXU5STR2TWRONTVMMUhaQ3Izc2tXaXFaZDFHeGRxWUJuM2dUNl9NX09ZQmRLQk1aZVdvT2FGV1drRUNIa3ZJNDRTS29abXQtQkVhQlQzRnJzZDNOZUxjV3JHN3MwTGplTS1NQ1ZaYmZxZ1N0TXBJMjZYckdJdFVBLVBjU0FXSENEVWVkRTVqeFAwUzYwZ0tTRDA4Um9aSTNyLVhDaGY5a3VBbHlNR3M?oc=5,0.4995
HINDPETRO,2026-01-26T08:00:00Z,simplywall.st,Calculating The Intrinsic Value Of Hindustan Petroleum Corporation Limited (NSE:HINDPETRO),https://news.google.com/rss/articles/CBMi4AFBVV95cUxQSmhBM3kwd1EtdzdUdFI3aEV5N1BnZEsxalBCMTVDYmcwUWRGbmNxM2kzR1VEZkYyR0w3N1llMUJseFhQaE90d0dlTWUwNF9PaERGQjl6T3lyS0phWUhEbXlPaHNGSUdud3BfQkFqc2tkUGhZem1VZjhQYlhpRW9VOGNrXzI1YkdWRno4ejJQZ0tzdFpvR2NGZWxpaEVzRFFYZzd1VjRGWEloaDFIdUpQM1dZYmEzV1c5UXhiZ1FpZzNjeGhpMFhUOVVpS0xfVXlYa1d5TlNONlRVYmNPUTk1eNIB5gFBVV95cUxNa3haNzhIbEJMYXAtc0k1el9kY2FZN0MxdlNuVGxrcjlHU3hRY0RMNzdpb2N3SGJrM3c3YkJkeUlRQTFzdEpzM0lrUWN5TGpHQjZXVHFTX0tCZ19VRTlHcjV3bWFGSlBQZk43Q1RKX3dSbEY2SW5EOVZ6RDFMamhUVUIzcFNHTFJWUTRPanN4ZFEtQ2hVbEZrTlJzRXNxZ1J6Wk9OR0cydlRfdlE2dF9uMHY5Mno3MTR0SXJrTktMNi0xOW1vMWJxSWZmRXBtbldnYmRTMkZmWk9PLUJicHF4T1d2WkQxdw?oc=5,0.0434
INDHOTEL,2026-01-26T08:00:00Z,The Indian Hotels Company Limited (IHCL),IMD Spotlights IHCL’s Esg+ Framework ‘Paathya’; A Case Study On Structured Sustainability,https://news.google.com/rss/articles/CBMivAFBVV95cUxNbndGZXNRQVVmVjJ1bEZ1bHN6Nl9TTnY4TURNSEc2TDIwWVhrb3piUjFiWDlQSWRRNjgyWUdObWh2T05nVFFLSTlLOEJwYmx0a3Q3T0FEU2l5ZWJIX194OUhJd1pjXzJ3VkVQTkRPU0xtdVNvWGJkWno3WG5CZ0Jyc3JFaHdvZHdLcVFqT0JtQTRwMEZraVU4OFNOVnpmRlNYaVh6SFFfWmNLNnZvT1lvMGU2Ri1ZWFdwX3k1RA?oc=5,0.4628
MFSL,2026-01-26T08:00:00Z,simplywall.st,Institutional investors in Max Financial Services Limited (NSE:MFSL) lost 3.2% last week but have reaped the benefits of longer-term growth,https://news.google.com/rss/articles/CBMi3wFBVV95cUxQUUVJVEx2VlVudEg3azVkNkt6TzdlM1JseFBId1A2cDRWTDByTmZwZ1dzdENidnljZzdJWEFoNDZCU0pVVTNpdFVrWGJMU1hxbEI2Y0s2UkhLbUNueklzNWhYSE5tVWw2T2RpZVJXNmExckx6elNuMTVEdUtYSjBScWRRcUtaOWlLd1BuRmxRMVRTMFhoNUVYcFZvSFVWTTlmREE0ZVA3c1dqdHZBX0REa2xoR3RUZUg1aVZ3NURuT2pLUG43bnh4STVmZ1lnSUdyLV9uX1ZQdWN6YzREMEtN0gHkAUFVX3lxTE14VGdfcDd3WVgtQVN4UThEaVN6Rlk1QXFTdF9sMzdzclByNXBKQzMxeUNBWlUya0ZJQVJJR3l4cDBtb09oQXlRVjZkclQyNjZwcWUtRy1zMmd1TW40OWZmakplSVBEZl9DVzRkUTRwYWZXcURPeGhMX2FRd0tyUFA2YTluWjlwcHZKOUxxT0UtNWVub1lVTDc1a1FpdUZfakxaSENLVXZTYkVkaWc5NWpQaEd6NmRzRVVjQ29nVWNteEZyUXBQeUJfU3Npd3NoNHBaa2RPQU5oNGYyRWtrOW5ndl96eg?oc=5,-0.6532
SJVN,2026-01-26T08:00:00Z,simplywall.st,"The five-year decline in earnings for SJVN NSE:SJVN) isn't encouraging, but shareholders are still up 251% over that period",https://news.google.com/rss/articles/CBMiygFBVV95cUxQUUdMMnhZcjZvcV84UWlXbHJVN2p5cDh6cjdZang4ZkdyMXhlVnZ4eHJjMFo5REo4SWFOLXVGWHhvMUwtLU9NcnhkdWhodXF3bzdCMk9SXzhXZ1lkX0hzcVlwd0U1blNpWnRrSS0teUo1LWNtUzNRNDhpaTVnZDVBdTAyRmpMVGZ3MFQzVjBGZ2ZJUHpUU0lEWUJVSnJWMUZ5WGRiSEdyMENlUFF2SG9MVkZsQ2l6NWZ0V3p4QVZMXzgzRURlWUVRbnl30gHPAUFVX3lxTE1jMGdQZm5sRmNEbkcwU09fV0ZvODVLZFBvd25SRFJyb0hYMEdHYW1OdHZDZ1VwbHJ1MWRXakFuanc5c0E4MlNtMnF2ZGJ4eFE4TlI3NmpxUW1pVUFYRFpIM2IyMkRWcGN5TVlpLUpLcV9aTnZqQ0dEdEIzUGVzUEhhV2plaUk0NUNJNUVvV0stLXdKR1BOSTgzM3hYcHRfR0p1SGgwZ25ydlZBV01tbTBWMHBjU0FiaTRqX01yLU0tSW5seWpWUmJxNENPZW9wcw?oc=5,0.7300
TIINDIA,2026-01-26T08:00:00Z,simplywall.st,Declining Stock and Decent Financials: Is The Market Wrong About Tube Investments of India Limited (NSE:TIINDIA)?,https://news.google.com/rss/articles/CBMi8AFBVV95cUxNQnd2YUVzaTFMOVlUNGNvQjV1TVowZ3M1TUJGMUkya2p2YXBVcUZvNC1mc1RNN3NCam5iN3c2SlVqSGxoZDJlY1U5NjN5UHE0cUV5QlFEMEhGaHRFMlo5VWtZV2NkZDVHUTAxbHlKekloMWFBc1FQb3RMcko2NUtoR0dkNDlnNHlRNC1faUpTUnpsR0dwZkRSLWhsN2RmRUpLZ0ZfTzdVUmdaX2hhOUVtOFBkbGVQMGNxc21kLXozTUVZai12ZUVBTGR3VUJpeEZjY2VUM3JUcndIaE82WkV4WkdURVNoYW9PYXpib2lqLUXSAfYBQVVfeXFMT2FtcWFfRWp2RjlBOVc2dmlOYVAxMldEaV9NTXktUFNEOEdDejJOREI0WV9CMG9NSzZWS0QtM2FISnh0NUdTXzB4QVZOU2N5NFZYdEZ3cEl1VUg1Nk1FMmZkbGVxWmhtSEhDY1AxUnBsY01Md2dFM2VXcTA1NU8tMkVmcDhfeUNUQ3Ywa2laUS1Ob0toM3I2V29oZWRYdzQ5S05zQlZNenRkSjl2Nno3ZXJHVFRqaTBINUVabUdKYmdfSnhpVTR0UjA2eFRseUdFSlpzTGV3UTdwbktsakxyaGRGby1XZFZ4eEQ5NDR0UEF2cEFQWjdR?oc=5,-0.9379
ACC,2026-01-27T08:00:00Z,Univest,ACC Q3 Results FY26 Preview: PAT to rise 446.79%,https://news.google.com/rss/articles/CBMiYkFVX3lxTE9nQ1R3STMyY2FvYV9qbG41TDY5RWdndWwweEMwclFkY21IWEFRR2ptemdIM0RXbnFiUFF1cHd3dkRrWlBsMTUxQnlNYk5iWmU2bUE1YzBPWWlRYlFUeExfZFdn?oc=5,0.9195
BALKRISIND,2026-01-27T08:00:00Z,Univest,Balkrishna Industries Q3 Results FY26 Preview: PAT to rise 29.56%,https://news.google.com/rss/articles/CBMiekFVX3lxTFBtUnhsRkFEdm9oMnpTM29VRW5VOUFKYWhGY3dnR2NPUGNwdG1RbFA0VWNBeUcxaFh6QUNSZHJjRzFwYjEyYkZpSUJKeUNocHhldVVfYXhYM185M3lxaG9pRkhfdVF3T3RBUmxQUmZNRnZiMmxwTVlGMDVB?oc=5,0.9246
BPCL,2026-01-27T08:00:00Z,The Economic Times,"BPCL shares rise 3% as Q3 net profit jumps 89%. Buy, sell or hold?",https://news.google.com/rss/articles/CBMi0AFBVV95cUxNYmhsNzgwLUJEUmM5NVdmaWxWVGVqazBTVzRmekwxekJLcERHWGMwOUtlcWRHNVRuWC1TWEJYVFVSVUpzNGRmUkxxd1QwMWlhaHFwbjRKSXdQdkw2NjJkTjUyYTh1Qkc5RENfZV9BY2xqZjhUazhHalBsaEFidmJqSEJhMEJud19ZN1ByZEtSbDVnd0swdFo1aGMxeW5nMExHeU52WXZEbTBfZHJ3OFR3VjR6NDdrcEpseXVscWt2Q1ptM0Jab29DaEJndW1tTy1Q0gHWAUFVX3lxTE1Ia182VTg4T0hwMjVtMkU5NTVRUEdwVWtUMnpKTHc5LWpaeGNPbU9SYmtBN2JuTGxLTmZfeWEwdEs1WUtlUTdKemljaE9wTl9LMXVMU1RFRFMyQnJoRmRxQlQtNFZqZ3FMWmMyR09PazJfdDlRMmIxWWdHSDd3dHhSSU1QaVJtMmJVUG1rNGtoMkgtR3VNeXZXRWNiZUNwOHc4U2pmSTZLZUpqRWoxNE1NOVJ4RkN6Z1llTGl2OFUxeEpiQ3oyMHdoUHRIQ3VXMGRxank2bWc?oc=5,0.0134
BPCL,2026-01-27T08:00:00Z,Moneycontrol.com,Bharat Petroleum Corporation shares rise 1.56% amid volume surge,https://news.google.com/rss/articles/CBMi2AFBVV95cUxPTUpFUUJtVkhYWGhSMTZtcFBhOEVXYjVFa3cxMVlKbjBkSW5RRk9Mc1lqakxINnl2aXBEV0RmZ2VkQ3lDZHJDZWw4NEdPdXdYMnhLTzh3OEVOakJyanFoMjIxOGduMWdPTjRNODhjNWp4aXZOX0pjX2dHdUc1dU5lYkVsLTAwLTdDREpOYXVONFNUREI1cGp6cnQtZEJOckdPOXl2aUZQdUNDUEphcHpPQkJwZkswdmFxOEZxcWFta3MwTzBQek51WHdpNVA4NWNobzU5b0FrcFfSAd4BQVVfeXFMTVk3Zkptd0lqTXlIVU05UVJNSC02TDBuZV83RnBTUzBSSTgySFZqTXlvMWp4czUyT2tWVkVEVEZUMlVDNHFMajlSbVBfVGRJNEtVUWZES2pzRlhIaV84X3ZXclN4VDVtR3otWW1Mb2lnSnJKUnJ0V0w1OGd5Z2w5SWxHY0JMa29YYUtraDVUYmRmQVRMeVRyV3ZtU0FZQm03TlFWUWlndEV5VmdxOFRpdG5pQXFWQ3UxcWNPUmRHYXVQYVdHV1hZYzRvYUstZ29VX0k0RmFoZ2VqTDVpLURB?oc=5,0.9015
CGPOWER,2026-01-27T08:00:00Z,Moneycontrol.com,CG Power and Industrial Solutions shares fall 1.88% amid volume surge,https://news.google.com/rss/articles/CBMi3wFBVV95cUxQVzEtLWhMWWVBNUNyT0psX0Z5QkFfVGhlU3ZBYjY0SlRncXRqbl9EVHgyeEptV1kzNWE2elVkQlJWOGdBYlpQLW1RZmNnWkI4YW9paUJfQ2tLQXhKOWJYS29iZ3p1dTBZR2xoaXRLQzhBVUVlbGFYVGdJNjMweG03Rzg5UEsxTFU0VmY3c29ENksxRkdPVkVGNnVxc1IwNU9ObExfdkNUcTh4NGRnSFJxMGNFM1hub1ZNSHhsMzkwTVZfRGhCakVNTXVTbV9sRGJHNGpoNng3RlJid19McHBB0gHkAUFVX3lxTFBoLW42eVJXMU05SlktbGJiMlVyRG5uSUhZYW1nR2wyNEJVakhhWldBdV9mU0h2QThnZzE4Y09YcnhmSndqTmdBX0NvSnJ5VFV1M3p2U2ZweG9MNXFOYXlINmthQ1F5S29iTXJfaFc4WUI2UjQyT3gwOGh0eFBib3Qyakg0QjhoN0NwNnllYmlpUmM1SWY1Z0g2cW9DUEZ4c09KNXFyWUcxdW5uM1k1NUR1aXJMT2VrVjA1UGJOZ3I2SUJCenZ4WDZuTUNQc0Vwcnl4TFNVNnJreHRKU3NKc0YwdE50MA?oc=5,-0.9619
GODREJCP,2026-01-27T08:00:00Z,Business Standard,Brokerages stay positive on Godrej Consumer Products post Q3; here's why,https://news.google.com/rss/articles/CBMi3gFBVV95cUxNLUQwMllseTZnb3NDbDRSWVRvd0hZb0JNOHB2TkY4X2JMY05TMU9kTllTWVRPbm9MVVk0NEpQZ0RJQ2Q5SHl0dDBuWUNlTWlSaktBS2V6NEhsS0ZfMkhzZmZ1dGtaaEp6Sk5SbUY5V21McW1UMHJXWU9RTjVuUjlwdXNEZk1LVkd3d09BYzFzZGFUbU02Q2NLSkZBa3luN3dZVGswdkd2d2VCc1M3VVBzTzY1QUpIaDFYc3JmOG8zVGp6STllTnZBdHpVcWxDRjhBUkdybm1Tc3llSzJVa1HSAeMBQVVfeXFMT2Z2LW5WeHRNTmNqMTlTaVB2MUdSdmcxYkFDRmdHdTlBdGFZWjRQS0tqWG5WODNFdGFxVW1pZmJmNW84NUQwTTRFaE10aE1IdnYwU0lxUHRkMTlyRmdkUjNhcDFrTVFTUzQxd1NEUTF5d3d0VHRkNU9KVHA3Z09xbG1zLW9sdVdId1BDZ3liUjJxbDdacjRLZ2RjWHI1WURRVHRtQmJQUVZzdkZTSW16Zmc5Z0RzS0VEbnhoMkIwczJWYnJaVVZXX3BrWkRqZF9GX29kNXUyQ1YwbmlkMG1VNVBmRzg?oc=5,0.5824
GODREJCP,2026-01-27T08:00:00Z,Moneycontrol.com,"Q3 Results impact: JSW Energy, Godrej Consumer Products shares plunge 10%, India Cements up 5%",https://news.google.com/rss/articles/CBMi6gFBVV95cUxOOElQTzB0SW5xRFQzdkI4dEdkVDAwSlE5MVpMTWFOVldMMmxTa2psc0ZBdlE5OWtCR2N6OGUwVncxeG9TYllkSl9uV0NOU242U2tQY0t3TV91aEFhdlY5Q2tlZk9YQWU3NUVIaUFUYzJPZlIxWTl1RDRWNXlPTXNmbHd4bzh5dUFfbE10TkNjOGtReUQ5cFljT3kxOE9zMV8tN1FjejR3VDFUZmF6cFNCNUgyMFJzclFRRk5ObWFWQmNORXBRWnpVVmdpXzE4dFZtbXk0RG1TSVdNNmlGbUNXdVFEYnZ3VWRwSkHSAe8BQVVfeXFMT3RxenlIUmJ1SHpveWp4SGNUNDE4Sy1yV0xaWGc5RFRWc1pVbHI0YUxIekZXSy1wem5jWlRwdHlYeUFweVotTVdqb3N2ZUNZWmdTcHdGcjlRelZfVmtKclRHS2R2U2xTcU56S3laQ202TzdoU09QWEFVbXNTWGVnazFoajlVLWZxQktIYVBXT1o1UEpvYnhEbDhuQ2dQejFmUnhXbTBmSWNET0p2cjlycGpjX2N5aFR2Y2loeTB6eWNVbHZtdUkxRmRiNjI5OXVOcVhSR3BMZm5IX0dyck1wTF9NelVzbDBUSUk0WWg4NVk?oc=5,-0.5559
ICICIAMC,2026-01-27T08:00:00Z,CNBC TV18,"ICICI Prudential AMC shares can rise another 26%, Morgan Stanley says with a 'buy' rating",https://news.google.com/rss/articles/CBMi5gFBVV95cUxQeFZXU2V5eE5tdHJyX1M1VnFZaXdPdGpZV3RfVmRnYXNGVnoxbFpyOE9NRHZPclZrOTFOc1NOSGJrZERyNlVPNktSZGZ1VG94am5rZFdySzZuc01rN3FSYk5xSTQ4Vjk5N3JPQUNUa2FCYVJhWjV5T1JzY2JKSWtoQUlEZDBKazFXajZnUjJGTF9oZDY2c283Y1Y3QU9RSnVTV1E2SG1XYkd3em5UVFpSWkJ0SWVhbGp1eXFhN0FBNEdWNURjSzk0VWFFR1E0UTR5LUJpVU5xQlNYVVliQnFRN2FTRDUzUdIB6wFBVV95cUxQVjdKYWNPLTFzNUZlbG5oamE0ZW85U0VWOUpwclM3MWJqdjF0Z3h6aUdZd01nQUNhNkM1UkM1X25QbS1maEZjUzZIazVIbXRmUV9RejZKdW8yUjRocVJUV2U2ODhWMzZKTWxVM3hwMzhRQk9fa0kwY1ZkZ2Y2S3R1YXZ2LUE3aDkzYm5xMFlfY1M1dmtEZ05YTjdsS2xxSmpWZWxWMDRmSlBEdEJkMm9ocWhfS2ZZcjVfZVhzQllxMVV1WHpsQ2hGcm9LZnJxcEowYXVoTHlCZVBES095ZThqaDBnLVF0UUw4ZHI4?oc=5,0.9275
ITCHOTELS,2026-01-27T08:00:00Z,simplywall.st,Is ITC Hotels (NSE:ITCHOTELS) A Risky Investment?,https://news.google.com/rss/articles/CBMizAFBVV95cUxPaU0wZXAzVlF2d2tiWl8zMUh6ZXBwVXZlTGFDMmJ6MGY3QUg2OXhSQW9kWlNoUlJyYi1XQjNpRGZZamRaYUI3d285MmZ6bTFRdTJnc3RSYlBUQnRRbG40ZE04X3Z0dndXbXNaZ3dBZlliZy1mcGZNVDMxeEpfbkNOSUtYNjdJSWV5OFpEMFBsQm1QLS1Dd2xPTHZvdlpzTHZ1SVVVSTExSjBFc0I2SHJqY0R1X0dyS2dfZmNESzBadVpKcXZsQTdGdTJKM3XSAdIBQVVfeXFMTTBuSkMwbFZTZDNMbWEwLTh6YnNTVm1CcTVRQTduVkdMX1NpdEl3WjFfZWYwVzJqYnVJUlpQR0tFTjZpaExhbjFMYWppV01DcnZJaTFOSVdpRC1ZcFQxZVl4bmdWejFuNnh3Y21rSGo2bnZfd1BnWFM1X1JObHcxOURGVUk3WjBKNlR2VGQtUFh1OXBMNXgxc1h0QWFfNWUxMDIzZE9ENVVHQXF6RTBXWlVLeV9ReUhVOVlvN3NIODczbEN0aEtuR3NBNWdQeU4wWE5B?oc=5,-0.3024
M&M,2026-01-27T08:00:00Z,cnbctv18.com,Explained — What led to a 6% drop in Mahindra & Mahindra shares on Tuesday,https://news.google.com/rss/articles/CBMi0AFBVV95cUxNT19ZWXVYdTFXMWt3UDVGUzRiT2JScHkyeUN4aElCNUpaVUd0blNfSndSU2lYR2VKVW91TUN4OFFNNnRzT1paTFBfT2xFVlRlclpjX0JkRXlzdU5hQUt0ekNsZHRkVGxFSVcyU09IUl9HSmdDQmkxUWJKWE1QaUdFanYxN0t5MmRnUGhZZG1mWkhUcE00bFREUWwxZVpVOWV5VmNodXBST3VlNGVTemhwbGQxMEl5aTd3VjFRcHNicnhYaFFibnFKcS1ucUpwZDlE0gHWAUFVX3lxTFBiMk9oV3VSWnlGZkRZRExzTGtsSkU1Y1JpZkdkQ1pUcm9GS2xaTkttVG5mRGFiekNFYXVteW1GMXBwbHQ4Vnp6V2g3U1FRcnc5ai1MTWNwT2JNcFBmekVOZnJjZG02UjhiQ3RYMGdkRWxyajNId1BPRnhhY0Iwa3NKd3NqcTZXLVdDOF9uOWdyRWRQRllqMm5xY0FPd0t6aWFISV9JcnNnaWJuQzI5SnZxT2VfTVJ1QUFBcS10anNrOW1VbnBwc1Z4b2hpdVB4d21oRWVtaUE?oc=5,-0.9609
MEDANTA,2026-01-27T08:00:00Z,Health Policy Watch,Pandemic Agreement on Hold: Can Countries Bridge the Divide on Pathogen Access and Benefit Sharing?,https://news.google.com/rss/articles/CBMiygFBVV95cUxNX25CYnU0MjkzLUdxQ2ZDUWFHZ0VRQ3Nncllqc2VraUZ6ODZvOFZ2LUNyVU5wMWx2dXZXaDNOQkw1SDNHRE9KUjlCZmZNRjBMc3IzWktLYTlEMG1BazVPLUtoSXRNeXRJajA1VEo0SlUyUEpnQXFMaWJLTVlPMEp1dXRmT2liMHMtM3Q5OTE3ZFhvRks3UUdhSUg1UVR3YnpsemxnZ3BsN3NZLU5HcFp0TW11ZEgteW5zbUxaYXBnSDZDSHZReUkya29B?oc=5,0.3187
MOTILALOFS,2026-01-27T08:00:00Z,Upstox,Motilal Oswal Financial shares jump over 10% post Q3 earnings; check numbers,https://news.google.com/rss/articles/CBMi2gFBVV95cUxNZ0hpZVpHaEZWMkZpZkl3aDlWZVdkalUxWElYOFcxeFM5QjJ2RDBCcm5mNmQxVDdEeEp2bWVrcHhTRkhIOF96M2dpT0Z1U0pZakxsVDZYN0tNZjdyN0xyZGhhcTBxSjlrNk1IZmVNVGxCX25MQW1leFo4VGZnTUZ4RDVlNmEyN2d6eG9FOFQ3cmZuSE84WVI5U3hVdnlic3VaZkJwMk0wbEZrSUt3RlFSWHk1eTJRamVpUGJnOVcxaGh3bl9wOTA5SWJWc1gzN0JYbmhRLXcwZHhYUQ?oc=5,0.6556
PHOENIXLTD,2026-01-27T08:00:00Z,Univest,The Phoenix Mills Q3 Results FY26 Preview: PAT to rise 21.40%,https://news.google.com/rss/articles/CBMidEFVX3lxTE1iVGJxYW9TRzI5c0VpcWNnaG1BajlHNHRSbXdEVDU3Yld0VWVOcWs2bnRhNWFpQWh2eVpUTmlRd0ZPYlFOVXVpRGdZTEgzSnNEVVRzTWtEMFlWRXhwa2JNS3IzSEJaM29oMFVod1FVTV9iUE5U?oc=5,0.9261
RECLTD,2026-01-27T08:00:00Z,Samco,"REC Q3 Results in Focus: Share Price, Result Date, Dividend Update and Market View",https://news.google.com/rss/articles/CBMixgFBVV95cUxOQllnOG1XWU5NUVJKUWZfMXFXWWJnalA2eTBzVUtOWkEwZzBPWjRzc0hxU0ZGRjZrVVdNdHhOeFV2SE45ajhva29hZnRjNUYtc3QzTjBqRnlUelExR21DZ0x3R2VrSmdOZFNJNVcya1pXWmZFT0RnRjZBaTNOSXIzRGt1SW0weFNMeVYxZlhRYXBVYm1vQkJ2U0ZRajNoSFF6b1BncjJBMnZsbnBiM3RJS2pOaXFxZ0JrVjZTQXNHWkFhaGFmOFE?oc=5,-0.0049
SBICARD,2026-01-27T08:00:00Z,Univest,SBI Cards and Payment Services Q3 Results FY26 Preview: PAT to fall 5.24%,https://news.google.com/rss/articles/CBMihgFBVV95cUxOeVd3N2E5U0JZT0pER2VTODhsYlo3NEZSTmZFMnd3VnFOTEo1aVdIR1A1a3N6T2d0R1dDMVVwUDh2enNld1gzREw2bDFFNlJScDhyOXhEZlBxSDNZUUprQm9NREtCSFJnSThqQnk2SThBRkhmQXg1QXVOSmtiWW54akxIQkR3dw?oc=5,-0.9630
SBILIFE,2026-01-27T08:00:00Z,Univest,SBI Life Insurance Company Q3 Results FY26 Preview: PAT to rise 4.04%,https://news.google.com/rss/articles/CBMigAFBVV95cUxPT3NUcVJKc0haSWtNYktwNUd0S01IbXFtc0ZJRlhXbTZId3hPVDVYY2MyVmRwdmU1VFYwR19qNGdzYnFvUGllLXBzc252ZklsUzlHbV9Cbk5Bek9YalFLWGRDZFM1RTdXSmJ1MGdIbXJpd2NISkxoV2VzYTZWRkhEVg?oc=5,0.9306
TATACONSUM,2026-01-27T08:00:00Z,Upstox,Tata Consumer Products shares fall over 5% despite Q3 profit rising 38% to ₹385 crore; here’s what analysts said,https://news.google.com/rss/articles/CBMi-wFBVV95cUxOS1pKa2RZeWJ3TmtBbHRtQzlfTGxmaF9keVNxUkUwaEhjSzlnMzZqVVFyM21Sd09ybk9ENHN2dF93aW9KcXNEOHFNVENxYmFDUTJFRnlmSmRZc1JDOG1zSEVhVVIwMGljQWdTZ0FEamJhQ3Y1bHhFU3RCU0o0a0hJcTRRSXNjR3huZHhYSTlYR05kckpkNFpSd3U3dFI1STB2cHg1N25uU0FkaUg4bXpUYzYzbXFTVWlBX3JOWHFESk5YWmthZ3l4SUJLb1ViU2MzUkx6Z2lGYUtTamNMNWVObVhPTmZWa3piRFpJNk1SbW5rU3lKcjJ3WnlaRQ?oc=5,-0.7734
TORNTPHARM,2026-01-27T08:00:00Z,Moneycontrol.com,"Torrent Pharma shares gain on JB Chemicals stake increase, zero USFDA observation",https://news.google.com/rss/articles/CBMi4gFBVV95cUxNNXd5QjNDX1U2NnZmeFBndnNpSGlLQXJsZFhnSF9nWlJ1bkc3WlRZS0UwQ19lam9yVGZMMW1fSjJLZTc1Qk8zdXBsYVRHd3pQOEQ4dGEzeGJnWWlFY2NPVmRRMUdJREIxX0hXcWsycUVQOWZnLWRJR3pORTM0cTlwVFlGMnNraS15bjFTOC1MdjlJdjJORm44TGczTmdLNU8tTG85bW9hOWdNSUs5MURzd1RwVTd2UWNUNU11YUZieHNsM1JCdVN1WDJzZ1NXM2tOejNXNUdEYXdQQ3hhU3ZtZlhB0gHnAUFVX3lxTE5VMS1WVWQ1UDBTZzVQM0FlUVNTcXNXMmEwN2h4ZmxTeWw4X2xYQ1VvcjVZMnFxUWtiX21zRXhJS3RjUHZ2eGNnMVRMVXpGSHFXdWp1Z0FTM0pFOE9HaHpUNnFra3NTVm0zbkw4S1UxdnhPcXlPNkF6Nkx1MGpKT3BsX2hMeXVxWmdmSUYyVko1X0gzZHZyQllKTlU5N2RNVVk5UGVlWGdrbXU2cnJJUkZZOXpjR0x1Ni1VZXByTEdUWEVvRjRlZFBHVHI1VGVKTDhoVHBweHVZOTRXMm9fZzZqT2xSb211Zw?oc=5,0.9068
UNITDSPR,2026-01-27T08:00:00Z,HDFC Sky,"United Spirits Declares ₹6 Interim Dividend; Record Date Fixed Today, 27 January 2026",https://news.google.com/rss/articles/CBMiekFVX3lxTE9jdVdNSHdldWJkV3ZTLUtyY3k0bDcwazJEMU5qX0IxSFZFdEVISnpCeHpLbEcycFlTdFJLQ3hYQmF0bWNvYUxJTC13NWU3YU5qSk5IQWpZakRSOFEtTDJNel9USWZndWN3bXFBVS02eVR5S2tsWUFpTkJR?oc=5,0.0069
ZYDUSLIFE,2026-01-27T08:00:00Z,Moneycontrol.com,Zydus Lifesciences gets 3 observations from USFDA; share price trade higher,https://news.google.com/rss/articles/CBMiywFBVV95cUxQZnp1REQ5cG5faDlSa2pBc1g0RERpTDVOQldOeVRjLXFGZjhBRFAxY01EYUVpQ0lXU0EtTW5RLW56cG50T3BXMTFIOWRWc2Q5SUMxUktudEVfTnRfZTE3Y2VWY2Nqai1sbW9zVzJnRHlmbW40eG96NWUtbXgwNVAtdkVITXBjT01CNHllZXBXbV82UWxfNGYwSTQtaUJ3cGdTNFhhNWN2S0ZGcGNWSDdoNHpfMVlBZUNoZU5GNzI3NTByZ3RxaTRrS1AzQdIB0AFBVV95cUxPcXlPeVN2YUJMcXRVNFRZNUdCQ0xrREhJSUFTU2s2NFVycmo0QWlSWVBwbnlJVjZGMC1zejFpcHVMOE4xZGFzVm9iaHdieGNqZFNyUXBBSEttNmsyeWZQUUFER2ktdzE5dC1EOUJhQWd0cGh4ZXJUdGlEVkc5aENkOWJQeGY0WlNIaTY0R2NaQmRfZy1WTUNGRHNVRWEyMU9Va2tPR3RTemZZdmk1QVdWYnA4eVNkNDQyS0MtUS1Qb0VTVng5Y2hmWFJVMEhJOXNV?oc=5,0.9135
ACC,2026-01-28T08:00:00Z,CNBC TV18,ACC Q3 Results: 22% revenue growth contributes to margin expansion,https://news.google.com/rss/articles/CBMiyAFBVV95cUxPancxUWlPOXFuX0tycTZpYnc1cnE4dnlsaF91SEZjWUJaOUpKZVAxMVU2cGRlZFlYenFNYkp1eVQ5V1N2MEtpeFUxNnJPM2NoR0JCZjZzb2hfaEdGbks3akk4SkpzMmpFdE81NjJZNThCWmRjcEEtZGI0bk10YWF1QTdnVjB3VTBscFVzMk5UY19vSUp0TGxoSFoxTHlJUXBfVEhyNDZLNHMycEk4OFc1QjdfaFJ6MVZhbHVTSFpkd2ZvRWI1Mjdma9IBzgFBVV95cUxNb2VLQnZKbXVaVVMta00xRmswYWVsZlFfOUdlMVlrYlA2aXNXVjdPNlVxNDltUGNreW54YWd2ZWtoRTUzSEdlMHlKQjlqbDY4dVZ1bV9PcUlYS1duby13VEJ5Ulg1Q2l4YVZfWVBrc1lhbl9iVmJoSXdMTkNkR0tlSEVOZUlKSzVUMTdVTWh2NmZIVzZ0ZE5wU05XUVIyUnVvd0RTRXpJN0xCdTlXZGdnaklfN2s2bU5udW1NR3hpLTJKX1lUSUFheko1eUdadw?oc=5,0.9216
ACC,2026-01-28T08:00:00Z,The Economic Times,"ACC Q3 Results: Cons profit plunges 63% YoY to Rs 404 crore, but revenue rises 22%",https://news.google.com/rss/articles/CBMi5AFBVV95cUxOU3NYQzA2b0x1cVVuQ2swc204WnlicjZhTWl4aFpaLUpVeHRyU09tT3ROTmNTbkMxbnI4ckJnQ3pzckJHUndZUkt1Z3psNmVqUG96ZkhxY3pDOGpVSzBlMXhlSlItaVVGMnVqbzFGTTJreU94TXB4bzhHcjdvRmp1MENVLTVzdE1aQXlvTFlQVU5ZaHBJcFo1RUg2S3ZCRHhJM0FmX3FuNktLaEZvU2NGRnhZWnhXX29FbXdiZ3FvZnd0Q1RSLTE0akRDYkVHdnhxdE9qVkxsUlFkMDF1c0JUSmJUWEvSAeoBQVVfeXFMT0paQmpaNnFsYjd6ZlNVQ2xYelB6dzcxdkIxV29WRUp1VVk1c0dRRUNzcExZZzRzRTJkbmE5YlNGamdEeHNmZ0FpcjRFT3BNRmc5VVBRUlJOaGh0YkhCZy1LNU1zMm9OOWp5Y0FDeFNaa2VocXRaMUN5R05WSDc4bDY1NTlGTTBna0FreWpnRWd0S1FpOVhfN2ppRnpKUTc3SHR0RW9vVlp2QWx4T3VVb2ZEcXROclYzNFdJUDJlM2tGNzk5dnc1R1RhTC1Ic084cDFqZFN5dmp1dEx3ekxWUHI5M29PUkJKVlBn?oc=5,-0.5646
ACC,2026-01-28T08:00:00Z,business-standard.com,"ACC Q3FY26 results: Net profit plunges 63% to ₹404 cr, revenue up 8.56%",https://news.google.com/rss/articles/CBMi4gFBVV95cUxNRTNkVjA1UUhMRHJVdEI4WXRfS3JGVFlWUjJjaWE5bkUyS1ZlMzhyM2UtWmY0NEhHRWQxLU9aWlYtUFNTOE14WFVIcmZiTl9vUk5ZTlkxbGJRd25CRndtX1l2cmpncXJTY3lEUjJfanFUNlI3U21BSVdRMm9lUkt6ZFdZTHlmRDRRcjVBam9TUmlGVFRRVThKV3BoZkl3alFXQ19WSUg1aW4zMmdDeGRuMktncy1lUjZrU05rQU5vdklUM1FEaXZ0UnJMN2VUemp0S3F0dk03bXRIbzJPaHF1YWdn0gHnAUFVX3lxTE5PODVRdmRkWEhlOHRLZWYtTGp2SHFvZkpRMnpPYnI2SHN0Rm5ueUYxYnZVczZZRm1uN0ptYngzcWwtZHE1WG8wdWx0c18xSGdFZDhBSnA1M1pHenNNazJsYnVvRFJOOVJ4alJjdEVPZFRCUmJjUG4tcHBhUnBTSEJKb0VBUGdHNjNqTFRFYlRhazVfR0g2TWt5MXd3aTJPUllxNVRUUGlwNTZqdGFkRTl1ZGZ4Y1lNdkdIbl9QTDVvbk5CTjBETmdyNDBYWG1jdmNJSXAtdEVWc3c4SEdwNTJtYzBUbUsyMA?oc=5,-0.9442
ACC,2026-01-28T08:00:00Z,business-standard.com,ACC Q3FY26 results: Net profit slumps 63% to ₹404.25 cr; revenue jumps 22%,https://news.google.com/rss/articles/CBMi5AFBVV95cUxNdzFHSDQtVUNrcElUZkFBRkg2UXNiS2c3ck9Qc0U3Um1hQmZmamhNSVdEZkR1R0hidmYzX2RGTXJKT3hqUUduTlc3T1B0NTdlV09oeV9kSWVxWno2dG5BNndTS2hUQzN0d0VHMmZ6ZzRxMUZDXy1USjZzamVRVFNZakZfMmZzT3Y4blJ5VEZHakM4dnM4dzFGMTdPQS00TERNTl9mQkd5S043a3VtSHhKX190aUxReHBZb0R0eFJ3dkJ2Rk5jOVYxVkpFR0xMQ25QNk5MYXpSR2pVRmQ5MU5VMTlld3fSAeoBQVVfeXFMT0NRaEF4akFNNnVCQmozQ3NJTkwya2kyT2h0NTlhWjV4SlFNd1JNVk92Mng2UXB0cVF5aDdvQ0pLQnFUTXVIem1xX1U4RTV0R1kxc0tSelZNUjRXSmJ0c0lBQUJlZU5UNWpua1JqRndqcVJLelpsX3hFQURkTGhuOHc2SVp1TFV1NHROd0Q5X2x6VzU4aGljN0kzZlNoY0REZ1dpUUJpdFFtVW5kYlY5dDR1MFFCOHJQREtyXzdsM1RXNWpUM1JMeUtnU29MTVgtSVA5eFFFVDJwVS1aWjA1eXVaeTFGVDNyLWhn?oc=5,-0.9576
APARINDS,2026-01-28T08:00:00Z,simplywall.st,Some Confidence Is Lacking In APAR Industries Limited's (NSE:APARINDS) P/E,https://news.google.com/rss/articles/CBMi4AFBVV95cUxQc2hQejc5eFhtbVZ3N2ZYRTkyQlQ1RWZDU0ZlektGdzIzUEpqbDl5cW1YMTZzQU0tZFdYeF9WZEh5U2V0UEFTTU9XZ3hTRTI5OG1udXBsVWVvZzMxcEFBdDJEMzNOUTJpZzI1eGl4MXM1bUE3TGxOVnRNRkV1UnVUeUI4VVJhMkR1b3BMWHphTVdROU5VS1VqSDB3bHFHOUlNRW1wTDc0cFRWM3JTSF9oem9zWWdvYlNoUndMMEtYQUNoZHU4TGxsM2JjQzh3cFNPMUk4Y1RTdWFlWjZsT1k4WtIB5gFBVV95cUxOT19Cb3FWXzlmbndmNElUYk1oVzI3RktqMUllbVRySFExTTZwa3lvQ2c1TldZbDkzcDAxbG1nZUlHRTJDTEx5cTAyNDF0Vko3Y0RNR09WRC1LTlFDVExleHJ0TnQxc015bjViQnlnNnJNb3lkZGdtT0RGWV8zVGs5Nlp4cUZtQzhudlEzYzFEeDZLaDBkWWR0NWs3T0hwVVA3ckMxN2RRdjdia2drZC1wTFpxZC10ck1UVWVDY3cwNWZfczNCVE5CckJRUTEySFRsZlprNG1IYjJreF9kdEpvT2xvRlEydw?oc=5,-0.8713
APOLLOHOSP,2026-01-28T08:00:00Z,simplywall.st,Apollo Hospitals Enterprise's (NSE:APOLLOHOSP) investors will be pleased with their strong 154% return over the last five years,https://news.google.com/rss/articles/CBMi8gFBVV95cUxNSmtIR09aR05Wel9sV0R1aEd3X3U2QTRpblc3VWUtN3B6MlAteXJiX1F4Ym9CSUJZMkFIdkppYzdpalJJV3psRU9EbDk4SWZGb3owbXFjMlNYVmN2Um8xUzI3U3lGNzlIVUJkLXZfQUhHNi1NRDZZb1RLQl92TDA1XzVVN2dQRDdGeEtFRjQybkRvR1A4QndTbUFaYlNwUG42MnpHbmVTNnl3Mkp5UVhiZl9RUl9Vd08xRnZWOURZUVBxT2ExTE1vd2lFR3lSeXJjZ2V1Mjg4Ql9QZVh4OGo2Q1BHWE4tbjktRENVSWpWdVZ5Z9IB9wFBVV95cUxQUFVpQWJ6ejlmbVRKYUJJRGRsbTl2aXNyMFJ1eXhWMG15Y1NQWkdUTmN1dE1SaS1LaVdRZXdrb01NVmZwSVJLeTBsczlzeHY3RWNzR3J3a2EzNlh2d01UaEFtRVRrS0NubjdySU11SVpxaGZjR1VNaHJobXU5MGFxWGZSRm8tREg1ekpORUF2VXZpRld4UEdzUnZLLTRWMy1STHpNTEZwNjExM1cxY3lzYUxheV9DME5RTE5rSk5GT3QxUDdZcmhGU2JmMjVYYnBiRkgwdzRxX1VLM1dtczh3ejRMTm9xNU40d3pZdXQteWljRzVzVmdR?oc=5,0.9263
BALKRISIND,2026-01-28T08:00:00Z,CNBC TV18,Balkrishna Industries Q3 profit slips 15% despite revenue growth; interim dividend declared,https://news.google.com/rss/articles/CBMi4gFBVV95cUxOVTVNczZ4cGJfalFJYkZYMzRBb0gweUVhTnkwS2xpZHdSRVd3OVhxTXZpcnEtYmlRdkdBSnRSZ0ZMbC1oTEpiSnRJS2E5UWlGTlNEa2c3NUJJMHpTaTNwTVZUMTNjMHNXS3A5OG82LUZYZXBma1VLVmtlYXYtTlZxajg2RVROZEticnRmcWRFcUJUT3hKMjRzWW9VQnBlVERmZnVoZzJaOUF2Y3RLSHpLYjdCYTZPSzFmaTVWWVRGT29qZjFxMDVQN0tqNlhMVlRjZC1VM3E2NnltLTJRQVdTRDln0gHnAUFVX3lxTFBuUUNmdWQ4a1lkcy1FZTBMQmhYMGhQQWt4Rlp2ZmxzWXdmTTFtN18xdWptbXU3WC1NaTVING9HdWdfNXFoT2ZCd2ZIUTFHalRYbWpUeW1EaktqUlpWYUlPS1I5OHMtcm1UNC1uN2VkWnQxN19Kbm1OdXhsM3RDNk5LMWJJQXlDeEQ3bjAwYll0S2k5a001SmxNRjA4NkEtRVBEdENVbUV0RVg1LXo2ODg1U29oUHc1STZJLVl6SkFwZDFHd2lOTmROeDY2UUt2X2Zfcmp5cEZGSXc4YkFUdEoxWVBKM3NMbw?oc=5,-0.9620
BLUESTARCO,2026-01-28T08:00:00Z,Univest,Blue Star Q3 Results FY26 Preview: PAT to fall 37.82%,https://news.google.com/rss/articles/CBMiakFVX3lxTE1VM1M0aDhKNFBLMHdkYlhZcVV2c2dMWTZCQzJSb1FxeHNGZkVsMWY5eEt1VUxacDBmd2Z3OGduekt2Ml9VY1ZOTi1wdUtndmk4MVpiMVM3dGhEM1FXbnByWXI2Y2FVbEdRWVE?oc=5,-0.9608
COLPAL,2026-01-28T08:00:00Z,Univest,Colgate Palmolive (India) Q3 Results FY26 Preview: PAT to fall 18.29%,https://news.google.com/rss/articles/CBMifEFVX3lxTE4zY2NFNXI2cGMzbEdmU1FHeF9BS0ozdmZhOHpHYnd3YWI1RkwwcE1rc094NjhnaXBTTWhaNUNJN2VmcjhNWkMzdGRHbXRSNzlDT3EwR3N2aXBhU3NZVmdxVFE5Y2l5eTdDM1ZNR3QyWmtLREVYZW1VeHI1UVI?oc=5,-0.9612
COROMANDEL,2026-01-28T08:00:00Z,business-standard.com,Tech analysts expect up to 15% upside in these 4 agriculture-related shares,https://news.google.com/rss/articles/CBMiiwJBVV95cUxPWVBxSjhlYTdsUFJGMkNFNFA1QW1ZZXJnQ2h0bUlzN1VEWjZtT2t1SkppVW1hRThfUWd1WWtQVWJkd0I1ckI1SzRwbVNJUk1jVXVDRzQ5Z3J4emRxTHYxMVc3MGtfa181ZUY1cUdVVmw0dkxKQmtmT0VCOWkxZElQYkZmLVFUdjBfNU5ZOUU4ZldNVk1DSDJOU1dMaUloT212RkNuNHNLUU5jVDJQcWNJeEM5RzZ2LUNfTU14RWFXc2VJc0cxUXQxTl9OeGYtSEhsbjU5TktTX29pa2JTV3h5OHBxcjcxVmtKRG5CQlpxTjRhZHlVZ1dXUDM4TTVKb21TRVJ4NmFJck9fYjjSAZACQVVfeXFMTk1UcGFRSE1YSW9lUDYzVEdzQkoxenF2VExUdnlrSTUyVXhIcDF6VTNNalgxQ3d2cEo0M0NUd1BZVUhhZmZ1b2Y2RnNRcVQtOEVCYkhESVpLemlXUlJUX2U2eWxrcVZDcEh1UzhkRERpNkZ1bFdQZWRpTWNzTGdMVndsTWJWeGR6T3pvT2dnRFNSNi1EYUEtUm8zQm56U1RrMFB3QzNleVRzazFZLXFVV2V0THItNzFJTms5bi1lckNnYmc4RGdNazczTUdyMGxsenhjajlyc05EcHRrdWJTTTdGZ2wxT1NaU0N0cEh2Nkxqcy1PQ3JxS2JETVBvdTJLeUJab0doTUxET19BX2tjQ2E?oc=5,0.8980
CRISIL,2026-01-28T08:00:00Z,scanx.trade,CRISIL Assigns 'A/Stable' Rating to Anand Rathi Share and Stock Brokers' INR 1400 Crore Bank Facilities,https://news.google.com/rss/articles/CBMi6gFBVV95cUxPZWJhQkp1S1ZsMUlCU29TeDF6bkJtVzg3TzRuR0tJNlBFT0t6NVJuWWN0ODVNUUwyT05wVU5fNVA4UzFJNWh5dXlZVnlXN3RHOUVyMWs0d0xaZTRpVXFEX0J2T2RSY3B0OXQyZksyUkVXaEItc3BZSThWa2NseVM1R21iWkw0aDFycDQ5OGhDel91b2YtWXN1TXpuNEVvXy1JdE82cEs1WE5aX0Y5cWYteVlTWWJ6VTQxTXlQZkRaeGgyTENwbmRXclZzeEsyRGhaYVlKVmhOcnJSaWZRUEhnM0NJZFlZbWdkX2c?oc=5,0.1366
GAIL,2026-01-28T08:00:00Z,Trade Brains,Deep Industries shares jumps 5% after receiving order from GAIL for compression services,https://news.google.com/rss/articles/CBMisAFBVV95cUxQWkd3OVJ2WGpBeUlzZ3dqa1VkTGhxTElsT2xIcFdod1NOeWFEM0JQSkRXdlhveTlpZWdmN3hOMUJfM2Z1N0RUQkJhWl95MW1VYWEwZlE4UGZzSm1NV2NpMG5PVFkxMzc5eXZTRW4xOXNHSlBIb19wbmNGbU9sNUJyd2dKMnV0R0lueUxmZy02ZjgzVm1wY2lKQTg5bV8wVlVUN0E0NkVoSWtZYUFsWFE3bA?oc=5,0.9044
GODREJCP,2026-01-28T08:00:00Z,simplywall.st,Earnings Miss: Godrej Consumer Products Limited Missed EPS By 16% And Analysts Are Revising Their Forecasts,https://news.google.com/rss/articles/CBMi5wFBVV95cUxQVDBYX2o5YnN6WHNCVHFDUHFQd3FBNDV2NmF0bXlrZkRKV09lYjZrbTNjaHA3UGVZWUFmOWhrT0JzMEs1Z3NzOWZLVXpWZmNOVXhHSHlla0hIeFN4OEFHQ1JtdXdNTGc5Mk9oOFQ4RFF4MkhHSXNvRUJJYzdIRUNRVTgta19LaWpINkEzUjhoTk00SVZqamFQZkdHaTN4WlBjVmRodEhXTFFrRVpDaUV5cmYxZmV4VEpfZkwwUzk3S2loejdPT1VMSkxtcjEyWDNoallaWWEzak9KbFVLTEhZdGdKYkkzeHPSAewBQVVfeXFMTVpJRWdfU2pfMEhpTUw2WWx2T0NRQVVhWlRsajFya0VuN0JlSG85VDBXYzRpMVdrNHZzYVdlaDhZdGJ6bVFUSFdEUkR0NGMzR1ljSTc2ZEh2MmV0cFdPY3NCaG52VzJMbmtjYmVHU3dER3ZqQ3FoMUhiWmpITTVVd2tiNEtzTU5rc0hfNEpDVDNRTUVZS3d0dUlwQ05UdlR0X0hrbXZtX2FfcWlmcVBsOVRxNTU2cEx1eHBzcXZKbTRHNF9QamhhOWZfcHhSajFjeEhKTmRCV2lwWXpvQlJiZm1VTG14R0dIbVYwbmk?oc=5,-0.9009
JINDALSTEL,2026-01-28T08:00:00Z,Business Standard,Jindal Steel sees 'Cup and Handle' pattern breakout; trading strategy here,https://news.google.com/rss/articles/CBMi3AFBVV95cUxOQ2lCdy1PNUFzTGNmWEJzbGZWNDhOMjY4WmVEdWJ6WTdUenlaS0QwV2xHeTM2c0JvR0ZmMEplbERRQWZkVFFTWE90c093Q0ExV0F2VFBtb1YzZ0VZUmpGRmJrby03aDM4YjI3MXNqSWJtbUhrS2hhaWhqazBkb2trRVY1d1pZNlRjRW1RR19tcXZmdjhBX3V1ck1lSjB3UDAxNkpPSFVuUUlHTVRLMTRwSlRtczlTamtCblRMVWVGTV82eHRCd09MNlJ6Qmg1Y25obWJJeGpRck5jU3Za0gHiAUFVX3lxTE9mVXU2Rm1iR2JnVjJtek04U25fNWxIY1FKMlJPZHlKdlZUZkxpWTFmLXZmaERGUjBpaGlBejVNcHNEb1dQYnY4MlNKQXhPS3ZOQ1pGOGEzU2pPUDNMV2l0MTJfbFp1eVBJdVdBb3AySDVsUjdELS1DamJBUV9LN3U0RGVINXJ2MGVfTWU4QWd0LWNWTUFPVW1BczZnam5ZT1BQNDJLSk9zM0pFOXdMWkJ5OUt5SnVfeHlMTGRSSTVpdUtGek5iYnlSTXN0NUtfTFViUkdwZGVMUHA3TlExV0ZTSmc?oc=5,0.1821
LODHA,2026-01-28T08:00:00Z,The Economic Times,"Lodha Developers Q3 net profit at Rs 960 crore, revenue at Rs 4,670 crore",https://news.google.com/rss/articles/CBMi4wFBVV95cUxPOHBZMDZWZUVIY1BQWElzYlRseVlkcXIyYnhaNUgxUVRHRTZBZElwZUEyV1dCNTMtQ2R5QnNOWk9MSFRad0dfNUhVaHBOSDdvQlhQaXZvMUE2SzVvcFVJS1VHMllXMUY0ZG9vcWJMbS1OWE9WWHF3UUFKczl4eUprXzNPNTJhUW1fU1JnR3B4US1MTXVzcXJQMzlVUTM3ZWtCaV8tYVFNeWtQSlEzVUI4RlFlb09PSm5YYmhtSnRidTdyUEpZTVB0SjVJRVFjOTNNSG51T3hEX2FCUERwd1JONk1CUdIB6AFBVV95cUxPVzUwREpZVlFIdDF2d0FYUWk0ZGRxSFhwTHRqSHZjeG9UREQ1TFdoU2JqVFlzX3NtdEl1WnJCNjBDWUNkT3FKb0RRZVEycHJRa2hXWFItblk1SkhmQXZWYmtOSWVCRHlwT19nSHA4clNKY1poUVB3ZUVxWXRNeG5lMDl3aVBnV3hsRGxFS1M3MnNScHVIN0pkcDRSTkZELV9tbk5DeUl6UkhmNVlKOWFrYW5WTlJSSnJPdkJIOVZxM1VvNW9qazV4a2ZTX1hpM2xXMHRBYmE4WnZOTUpTZUtqbXhfS3d1SUZk?oc=5,0.0329
LT,2026-01-28T08:00:00Z,Upstox,Larsen & Toubro share price surges over 3.5% post Q3 earnings; details you need to know,https://news.google.com/rss/articles/CBMi3wFBVV95cUxOSjQtWGhib3I1U3pwT1kwaG96cGFCR19hUVA0UlNiM3NxN1g3cFFxT0o3LXhjbjZ1N2dPdUUtRmJMdnc5SF95a0N0RWNXVXBrckxwcnRtQmFod3pLcTN6WEhRQzRNckhsXzJteEVWYzlVT0wtN0doZ3gxSjk0X01uMDFYcTg1S0Q3Um1KeEJ5QlY2cjg3d1dDLXJDazJYQzNPTFc0T0E3LWo3YUsxSnBLNWktR3hpR2dOT0hXSDQtMnYzejJtMXgtT3hvMEN0U2hHWTc4MzdTWC02RXhjdXV3?oc=5,0.0793
M&MFIN,2026-01-28T08:00:00Z,CNBC TV18,"M&M Financial Q3 Results: Profit beats estimates, asset quality improves",https://news.google.com/rss/articles/CBMixwFBVV95cUxNdFdLY3JScEM0b0hqZDBsVVZtMkVhV1dmYTlyelZJNFdaa2JhM0JRbVdNbUt4MHJFRU5SdXg5dTNseFVTb3duUFNLWi1wRDZHQUdsY2FYWVJKZE9JckV4T2pXNl81WWVZUE12Uk1WdldNZWphYWtHcElSR01BY1RzN0JnVFVQaEI1djNpVXNWeVUtaXJDWGNQMmtuQ1VpOVNBZGFXYWgtWkZ5c01MZUx1TnBSZ3JOcDE3N1hnN1NvVjZaSk5VWXZJ0gHMAUFVX3lxTFB4cW1VMW5iNEZkYjBIZXB3UmpJT3Z5WVRHXy1fMVlMZWh1WE8xWWwzbWxnWUViZ1Uxak5HRktNX2dhYlUtbmdrcXIwbFQyZlB6Rjh4bDlxbnhKQWkydzdOVUJSVWtjdDhCUUpBekxuVkF4Q19zQ0hkYml0cUhBZmxJQ2l0djhfaTR4U0NQdFdJRndZT1cyR2cwRVdtVVRjY3VwSWxjU29rbVVRYWN1aXZGdlphVC01OUpTb0JuUlhVSmlJbkdYMi1PeHg5Wg?oc=5,0.5607
M&MFIN,2026-01-28T08:00:00Z,business-standard.com,Mahindra Finance Q3FY26 results: Net profit falls 10% to ₹826 crore,https://news.google.com/rss/articles/CBMi1AFBVV95cUxONzBFUkdweTFxZnNBZzB4VDlHUVR2ck93WlZWc3VMRU1iSk8zRTFJVzNrcHMydElIU2JzNDVKdkp6dHRWY1ZzX0k5bFVZakdjQy1GTWp4cGNtVlppaHo0Ym1xTVlpRzZiTFc4MFVweE5hRnNIV3dZT0NEMV9wdkl0SzZnLTI5amVLR19jWnlTV0JTSWJ1NFQzR0Ntd3VjSDVTUkREU1hHVzJrMk1idTcxQkZqN0NjWHNvV0tibjFTckxod1JqbzBVenIweF8xaXF4TE9CadIB2gFBVV95cUxPOG55WHhMVTZpcFRZY1g3ZnAzMzNXMnlFN05oR2dlUm9PTXU2Wkx4RXdtMFBLeHktb1drNW03QkFDZ2RjaXVUUUdxVzJXcWRidDE5MXlDdXg5Z294YkpoX09hUk9sMWJQcDh1YnhpN3lQTFRHcjJIdy04WUZZQmhQS1lfSU9uWnVtWHlnU2JaLU9EWVBaazhLUElhV3VDRUV3MW5WR1VERzJjM1pBS05pOXFYc1J4THZUQUgxb3I2R0NzVUhUVE5YM3ZqNmdvTFA1bGkwS2ZjS0Q3UQ?oc=5,-0.9548
MFSL,2026-01-28T08:00:00Z,business-standard.com,"Axis Max Life, Max Financial boards give in-principle nod to amalgamation",https://news.google.com/rss/articles/CBMi2AFBVV95cUxQVlZ1RHl4OWVLUmVuR0w0Ym5OenVLVWc0bWJ3M0Q5Sm9Cc3I5NjU4QW5BZDlSQ2VLQi13TTY0d1IzTVVPcUQyXzFKak9JUnFOV01yamd1a2RzUU5fTVhPRzZFS3c4ZE1ma2xaQTBwYmk3d3VmdFliZ2FMdFBZRjVUSjZDTktmWi1CNDROblBWZUppSU9WX0QxbjdpeXRueDZ4bFlhaFdSLUxQcHhPT2gta21PY3BFcVNFQUdpVWZpcGhRaFBuVXZMTERRQ19saVg2R3dIOG96WjDSAd4BQVVfeXFMTlBuUXhqV3U2QmRfZXRLUWVLNk9NTUlGYTZxVFNvSUdZYm1xT0FrNktkbjhuZWw5ZGJFeV9mTkQtRHFIcUNNLUlhbWtFcjlqbjhVVUpzaHZUWUZQSDFTOEx5ZzBGX21CYmRVcGRzY2h6TndKQWtNRzB3M3RxUnZLenVIcGRBZnM4WU5yaV9HN3NETjlrenRDVlpyM3o0amduZVgxU2tueG9ja2psTG5GcXJER3RSajhjOEFEZkJYS3U4dnRFWHYwVUFmTjZzbVlHZmhMX0dINVFiWVNNTkRn?oc=5,0.0783
ONGC,2026-01-28T08:00:00Z,fortuneindia.com,ONGC shares jump 8% after announcing resource-sharing agreement with RIL; exchanges seek clarification,https://news.google.com/rss/articles/CBMi3AFBVV95cUxObEJBdldaV3RaWkJJSVlVN1pFUDczY2M0RDdmekUtUVlncG9FUGJKTExORk1OS0dXSEM0NS1KbFYwZUphQjlyLXpyYUk0X2UzdkZKQ2tZOU0yWmdkV1lHQ012Njhqa085dEhTR1BZS1dLTE9HNW1BYUhLbE1KLWp3ZGRmb3pzUGVBS0NHUmlhSXNYb2xXLW5scmdCUzVoajhLOXhrYzRRSjVNMWpINlFaVk1STXZWS2t2YlAyeHljanAyS0ZFOGRURDFEU092Z0JGLXBGVzdaRDF5ck5M0gHqAUFVX3lxTE1NNURpcjA3b3JZczg3OTk2THhsMmpZMmVCSDJXRFJhaDNtZXdLNU5xam5EYWVDT3BIUWxrLTBnbWJoLWdZeU54M053bkF0QzVMRlJ3NVdnaUlTel9mSl8weTl2LU9mN3FCUmZ3OXVMMzczdHV3OHB5aWMyUHIyUlJ3bTZGTThSSU0xYllvOGZ2bExRbTNld3F3QlVkRUoyZW13ZXJvYzVzaFJDX1NheWFMTmhVN0RQdjRFamlidm41R19ZRW9fOEE0T0tRaUJFV2ZjajBaZklSSGtmYjFaOXA4Vm93Rm5LWVRCQQ?oc=5,0.5295
PAYTM,2026-01-28T08:00:00Z,The Economic Times,"One 97 Communications Q3 Preview: Paytm parent may post up to 22% YoY revenue growth. Check PAT, margin ex",https://news.google.com/rss/articles/CBMimgJBVV95cUxQT0NyYkh1VXVNOGRfUkVNNTItV0hxV3JqTkFjcHk4WTJHQmk3VkJZeFlQcnUwMzhkWi1CZ1YtdjRBVGVLdjB2TlE1emFvWGxjOENzbDVnMXA2eXJWcjhyZzBKdU01WVhGMXdVY2hPbDhEc1BKTHFQMjNDUFRCVHpPYzRxeDk1QmRHdTlOUXhFTzlvMkdsbEJRbDF1bVdvZXcyNG51U1NKaUxRUlBGS2dkT21wNE95Zk9nakFRVlVhVml1TzYwMThJbjNiTEZZbHE0cjRkbEVZb3h4SDBRX041azRHTHppU2hCcEE5SzRTV0hrTThYQk56Y2R4bFNkcFRmbWgxdWlvLXRxSFN5d3Y5WWdVWGNkNFlfT3fSAZ8CQVVfeXFMTkhaRFhFRndVY29meXBZcF9JTDlVNHpRVUc0S01VZDZlSndOX1hqdm5hbTF2REZiN29xRjVoN01EQUJGNGVFc3dMcjljd2R2b2JJM3hIdUswVWxtOEFSblE0b3BHMGpPbWtLelZFaks5c2dpcXV4NlM4TTg2a2FDZHhmdnV6ZkliX0IyRVNGbUZrajRUWUhhQ3NGbmU2VHZveUJtT01ZWmRCZjFKWkoySXlkZlVTRDU5eWZ6cHVuaG4xWm01T05jSUZ4Rm9xMEE3MFRGendxQ1U3eFZkaHhjUmctd1RiamFJbkFDOWVNQ29lMHJnT3JBX1NzNW5LUXh4REdtS1VkeFlndG81WFhKSnNBOVl0N1lfM3g1ZG9CX28?oc=5,0.5500
PHOENIXLTD,2026-01-28T08:00:00Z,CNBC TV18,"Phoenix Mills Q3 net profit, revenue rise YoY",https://news.google.com/rss/articles/CBMipgFBVV95cUxOVzRLX1M5dE1ROU5DWUxHVFlrcFlyU29zekE3WjhyWjZVeHhVbmh5MDhhMF9KcXh0SjRlVGx4U3MtTG15a3o3ZFR0MDVVTWJOa2txak1FOHZwM0Z0YXZUXzFaRnNHUHJ4TDFMN0hvdWNoaWxHMzVWNUhMUlFyRlEtVk56aXhBalZVbmxkX2Y2R21zczlISnF0MHRJNzk2UHNMRjg5cnh30gGrAUFVX3lxTE1HYzQzVl9xajNPUkpuSXpvMy1Lam1TZU5DQlU0ckIxTzNuSlUzaWJiZGVHTklRWkxMSWR0SjN1bkt3X2VVSzM1TFB1M2ZxMndYZkVfRG5MWXN5ZFRuMEttT0xXNmJlV3JCWkc4SDd6aW1aRWhWc24xd01XMWRZbnA5MjFibU8talRwY3NMQ2VsVGtxN2oydU9oUkY3OFJ4RmdwbjVuU1EwXzZlSQ?oc=5,0.8592
PRESTIGE,2026-01-28T08:00:00Z,scanx.trade,Prestige Estates Projects Receives NSE Cautionary Email Over Secretarial Compliance Issues,https://news.google.com/rss/articles/CBMi3AFBVV95cUxOdEFhVlNKT2ZEbG42WDdJaW1pUzFtUlNKa2d3WDZBMnVLNEN1VUp1TzFHTkZvRFhvbE5jOVR5T2pGQ2tESlk5azliUHRYaDRPWURDdnBOOVFnRWFjZmpub3hNQkZaYXRTOWZyeGNQekxubkRlREsxdWRPdGJSWGdpLThoRTVsSThfRVJoYnphbXk2dENLRmhSbVhlSzNPUXZPbmRlajdrQ0oyQWRHMDNBclN3eDc0ZUU1SU9Hd1UyZ2FBa3ZXZ2Z2TUpiMVNYSktBODU5Q0ZzX0xBWFlo?oc=5,-0.9281
RVNL,2026-01-28T08:00:00Z,Moneycontrol.com,RVNL shares rise 4% after winning Rs 242-crore order from South Central Railway,https://news.google.com/rss/articles/CBMi3AFBVV95cUxNOW9LcFgzUDJsNVZwNEJWbnJJRS04ZmJaME5LUjJPYmM3Mm1ZbTB2QjEwMllOWWlKUnRRNGIycU9oNTFUc01WSUxtR0I2X1RCY1VMeURWTWd2WlNCeWdsRGR5WUhlZmhmZHh4MXA1TVBnd1lkY0hpb1FXRmdjaFlzOEw4SnRLcGVKdHVrQmdBUW1iYVEwS3hLZUpwMUc0M2w3czJuUnJ0YmtHaUdaT21YX3hCbWZVeHhiMEpmZS1uazZYb0htN1BOSUxSQ1E4eGhpc1RvWUtHMkFPaXhR0gHiAUFVX3lxTE1yenhqT3NpRU9rWF9lUUdnMnNSOE82Q1Fyc2dNUUM5dllKWHNmc0pIX2JDNXM1WXMwMDQzTE94Y3RIdlpHV1FsZGNPNkZLYmdvSlNSYTZ6elI4NDNObHdaaTRmdnFibC1ZNXA3LXN3QzIxcWxRYVlucVEwRG1aY3Nua2N4TXBYclZVRm1DcDJ6VnBlLWZjbXc0VUZEcFp6dFRnYUxPZkNSUC1jMzI0UDgzV1VscVY2cms0ZWZxVjZzVWh3aWl3UGFNZ0pJeWtoNnAwb0M3aDk0bFZLZ2RQUnl6UHc?oc=5,0.9261
SBICARD,2026-01-28T08:00:00Z,business-standard.com,"SBI Card Q3FY26 results: Profit jumps 45% to ₹557 crore, revenue up 11%",https://news.google.com/rss/articles/CBMi5gFBVV95cUxOcmtIR056bUlpakxiM2NsTTNrTWZDN0tvU2NGQV82eDY2WkV4TzA1YmJ6clBvZUxpT090MWhYNUMxdjdyY0ppVWx4VEZBZHZDVnc1dDNTYW1oUTJFMFVmTkpCeUE4c1E5NEgxTTdJWXFzamlhMklYczBSbFNnZzREVGNaSEQ3dWRETkdGZTBSdkJjQUpHVTdwU1FvTHJDaGppdDFhMmZBMzVCVUJfTmljN0dySjZpS3I3T2JzNUNGcnhWdmxlREpPcWg3LXV3QnlwUkp2b211dm15UERWUU50VGZiTGt6d9IB6wFBVV95cUxOMVBFZ3ZtYjd1M0RIdEJBTmlQQ3IyOWZDR2tBR01ISTZjcFlObW5ZMHJLTUlOUG1LZ0YyTE9xYWE0UGVqVE9lcXI4UEl3ckN5TTUtWmZWeVpQdzhPYzVDWjBJSk9Na3ZxeE5lNmlNa01xa013Qm1sTnVIR2FDaFF0YS1kMUt4Mi14UFBRb1ktLTlMLW9jSUgzQTVqWWIxenRrVVlNRmJGZEZfbXdHZlNsOWJWRlpkdUQzRG04NVFGekhSM1pwSUV4bGRtS2F0TThDT0h0N0xUaE1lcFBza0syUnNXRFh2b1JFdndR?oc=5,0.9235
SBILIFE,2026-01-28T08:00:00Z,Livemint,"SBI Life Q3 results: Net profit rises 5% to ₹577 crore, AUM up 16%",https://news.google.com/rss/articles/CBMizwFBVV95cUxQN2ozZGpqb2s1SWY4ZDRUakU2cnpOc216SXlXTGFtd1dvZXNsTWQzQ0toTjEtanlVNFMzQmZCQWVlNWNBbjNxTmlSY1NhNm95VXQ2anAweDEzU2VxYlRxQXVsSmc1MWZsR2dEek41SVI3TUNGS2ZSUjlfY2pMb2lNNWtmRVotMTBoUVdEemo5OTk0dmxraGVZb2dwMXQxYTA4eW93YlljRVdQeldfdDQ3S0dNU25QdlZfZmJBTmJ3RlB2bnZycVB4ZFVKNDVWS1HSAdQBQVVfeXFMTXNOWWRNMmtfWWNRMkRPaFBGalRENUlPVDNaNGtoSVJBOFg3endVQjJoOVFXY09FeHJPV2hqTEdUd1FVN1FTSjhiUF9LLV9ZWmJ3SVhuRVZCekNQZkI1aU1zMGtMemRxWWxOWmR5QWVDSFFnT0lZRjM0RXVIRENFODNPZnVjczhHWmEwdEQ2UHhMTWszSl94QVJMNWFVMXhtYVczZjZYeGpPcEp0ZGhEdlhKa1E4WTkzVXdfSXI1VjJ6ZnJyYjVCTjFBNHNHaGR4ZC0xOEg?oc=5,0.9211
TATACONSUM,2026-01-28T08:00:00Z,The Economic Times,Tata Consumer Products shares tumble 5% after Q3. What should investors do?,https://news.google.com/rss/articles/CBMi3wFBVV95cUxPN2RkLXlQV0VIdXBpemptcUctQ0Z6TWU5SUowNkIxaTc1aXUwOGVDLTB0YTVVbjJvbk96SENLRW92WHRmd0JHd3N6MlRyTFlVUFFkM01NYmtiRHpfY1dLcWoweUdORmRNMmQtYnhOOHplYWV5T1dhUk5UazNVU1Z6eV80MzdsMkdDNjRUWkdUZlRsbUV3TGFySmk5aFRpaFZSQ29NaW90bG9FUHFXNF9lWk5INmxyaUNFWU4zQkY5QXhnQ2ZTbnB3MTZ2SlFpNk1zN3FUTDNPWUFnbXUzMWhR0gHkAUFVX3lxTE1sc2FibW9IcDd1dVd1UTVMT01UNzBHM24tdWFvWHpSUWZmVndWVXFsSmZaZ250SmQ5Nmt1alJ0TUFkbzNfejV4N2psTjFfVFRYa0Zacy12TmUzQ2d4ZEs3cC1GTk5ISHNCdXhwbHpfQmNxZkhXeTFvSXdIM0Rrd2VJNldyblVUdW5MSnAwQy1HYkpYS0Y5VXp0YzBESkhRRl9xQ0x6aXk5UDd4ZjBoN05uTVV1TzdiSUVRUTFsMWhMMkpwZ0psZS1BOEdsR2ZVNEVDMlozZDd4MU9hZEhQUHpRT3VHYw?oc=5,-0.6595
THERMAX,2026-01-28T08:00:00Z,business-standard.com,JM Financial initiates coverage on Thermax with 'Reduce' rating; check TP,https://news.google.com/rss/articles/CBMi0wFBVV95cUxPd2p0T1I3WEJfbUZyMGI2d2tWZUtHWjJOWjJPQlJqSzFKajJLWElWV0t6c1NLTHJEVVRsSjZZaVltOEw3NWxXaTFfbXNQMWZyZDZQd1g0b1BzOWhfMlFVUmo3amhoNlNLank0Z0VFM05Dei1VcFVKSWhjMHdhcDE4S2RwNFgwcUFCZE16T3FSdzlmUnMxdWJVb0xRMS1SeXRNMEFyWWdIXzJvOU9oUWVHWFRabi05dTUzY0xSay0tRmltbVk4ZkVxd0t0aVVMYkplcDNr0gHYAUFVX3lxTFBIMjA5LTBkMnBaYlM4NElSVFI4SUN0eG42Sk1UUWFjcjVOcVJkckFOTFdTdHBINHdZejZ2VG8wQmVkZHBKVFEyMkhVam1lN19BdWhrWTJyVHZFY2NSRWNMX2NaY1V1czJoOTR4MzVDcWtqTUtkQ1ZvSmx4eUpTVWdVNnRaekhHQVlDZXlJeHE3VWdOWkNiNmZKNlloa1B1ME9lS0VrakZ3cDZuTEVkSjNTSm9tZDNaRjdjU3lMNjFYenNxaUlKVmZlcXAtWDh6dDc4SzdrLWRwVQ?oc=5,0.7649
VMM,2026-01-28T08:00:00Z,India Infoline,Vishal Mega Mart Q3 Update: Net profit jumps 19% y-o-y,https://news.google.com/rss/articles/CBMingFBVV95cUxPWnROengyNHpteWw5c1hRUDRFMFBvOTN3WVNQRloxQ0ZIcXVZd3QyWEsxT09KUGkzWWpzYWUtU2U5enlkUFVkeV9pdDZwcVFiLUp1WTZsdmlOUzA1cFN4akRNRTlJNmtBS1VfQXJYX05Pc0oxd1NoNDBHVl80NkN6X0RDX0lIZGR1cHE4WmRtTW9iTm41VDhfeGdGLXJTQQ?oc=5,0.8919
ABB,2026-01-29T08:00:00Z,new.abb.com,ABB completes 2025 share buyback program,https://news.google.com/rss/articles/CBMihgFBVV95cUxQUXQyNGtHSWVUSXluUmJwM2VYU3ZJd0ZxWHlObUpvNEJDcVVjcVR0cjMxT2M1ODRFS1ZSTU85YzdPeFphTGh5dUxaaFpqOUxWT2NHLVZOZklnbWNUSkY1cXk4cWtWVS13NlRoWEdKX0RPUmoxb3Nmd2p4a1p6WmZiNmYwYWdqdw?oc=5,0.0754
ABB,2026-01-29T08:00:00Z,cnbctv18.com,Explained — What triggered a 10% surge in ABB India shares on Thursday,https://news.google.com/rss/articles/CBMirAFBVV95cUxNVzE5TGhkd0VfeXZMb0VvcTh4eHBSeHVPRU1Kd2RlTUt3MFVnSWc2RXF2Y09CVHd6OXp2MDdhSVZpZEVUcnVsOVc0ek0tbXJzMW81d1lza0F4Ul9CZFBjTzAzdFhsSHhaZ0VDSUlhc2xCS0lrU1czaTY5R0RuNW12bnhpbEg4REFRakJmc1VucFJtRWl3ZDF0c2M5Z0FEdkNtX2hndW5KY3l0WTVB0gGyAUFVX3lxTFBIb1FsWWdkbnN0dGxOODBLUVNvSU1sTFBVUUh0c2NqNUNGWUhnWjRPUnJsbzI5WnIzVTJfSEh5NEZCNmNHZDIzazBsQU96emFDRXFWMFZvYzBXYXl1SFkzQnVleWRNRFhEbjc1VVBqV2M2bldFLTdRZGxWS2JJZEpaWHNJRjc1TGkzbkw2ZUlGWE5kOXktb1FLODYxeDJqUUJsb2dIa3lCUXVybjg2aVJHVnc?oc=5,0.0906
AIAENG,2026-01-29T08:00:00Z,simplywall.st,AIA Engineering Limited's (NSE:AIAENG) Stock Is Going Strong: Is the Market Following Fundamentals?,https://news.google.com/rss/articles/CBMi3AFBVV95cUxNQ2NCQkR5aEVPYmhIQk44RTJ4RjZJYWlvdWRRcDNiVEtQcHZVVmlwVDYzdzVKSDRwd0xnV1g2NTA5am1aQUV5bmxCUFV4Y1A3TnpuazN1bTJrTE95eWZmUlI2emhwOXdmLVVCMFgtaTVQazdWNGZoTXBOUDg3UmdoTkFEMTJwRFBWRUlNWkZJckktdWktWERPczExLWZvdUNqS2dMQlVXa2ltMW9oMERZNGtHc0Z3NlZDNjFPbWNlMlpRT0xaeGh3Y1VTa1FIRmNSa3VRemx0UFYzLWlT0gHiAUFVX3lxTFAycE5RY0Q4OEpLVnBRZVhCdDBKeEpBdmE1SENVdjFQNFdnN01xd2NPRVFKUlA3SGlZMmcxdlJRdjRKbVZSN2wxclNTQ19pNElaV0Y5Z0lzSDF3Um9EaVIwSWJ0Q3FubnRDeXFkU1d4S2dxRWM3MzJUcWdyOEtiS3hBbzg2eEt0Y3VNMGl5STc3QW9PcElPMXpIa0dIRjJmZEluclJsdkhnYmQ0cExlWDZIS0MzaVVTVkJhZ1NmWWRENklucnZTejVTd1BteHpRN2tmTEUyaUlFbFdFYjBZalRENXc?oc=5,0.4702
AMBUJACEM,2026-01-29T08:00:00Z,Univest,Ambuja Cements Q3 Results FY26 Preview: PAT to rise 7.58%,https://news.google.com/rss/articles/CBMicEFVX3lxTFBNbzQxUXlZa19UaHFQWE1YTmNMMDhoQUpSalJIUWRneTM2cXF6R2dhYjNrbXVhNHJVcE05bnpDTFJ5MW1ycGpXMnEtaDVEVDU4cjFfVHNpay1EUVZQaWpjSDlwazJqWFE0Mk1LNENRWlI?oc=5,0.9294
BHARTIHEXA,2026-01-29T08:00:00Z,simplywall.st,Bharti Hexacom Limited's (NSE:BHARTIHEXA) Stock Has Been Sliding But Fundamentals Look Strong: Is The Market Wrong?,https://news.google.com/rss/articles/CBMi2gFBVV95cUxNRVFsYW5kUmtmc2lXcjZuMkRkRUNlRkNKalJjcW9IZHZuOWk4OUVqRG94QkhWUmRUUUlxNEdJbDVhc09NZ1VlT2xwOWM5TDN4VmZoVG5pTmZkQ3RGNWhzZXZ5UGNLMHkzb1MtTXJpODljbU5kLVVuWXdBM2JKTWctcm83UVdzUk55dnBHeFJ2OUtrdlNHdXJmWWdEVFRYMnJqTFUxeWJhMGRUTVhCc3RBZGFPR0ZoRlVBUFI0TWtDWHJTclFnZXdPM1NlbXdfQ1c4TjF1RndqUEg2Z9IB3wFBVV95cUxOcXRFU0tpdHN4SS1rNEJOci1BbGQ0VmxWNWZ4bVVweHM2MXhRTUh1TFRtYi1mYkQ3cVE5dWpCbk5PaWI1bVhBUGlHMmEzMjNCdWc4SDgwSjNvSnBLT0o2eUo5UTlWdWV5WEJCN1BCRFhsVDFON0dzSW90ejlQVzJOdGVtUjFIRWNIMHJKdXhGVEhRSTk3Rm8weVp4bGsyWFV5azFkUUdyNHhWcndycnlISWFRZnpjZkpodmVQV1p0NUhXZThwNlV3amVyWVpzdlc2SWxxOGg2Uy1CSjFjbVJB?oc=5,-0.9370
BPCL,2026-01-29T08:00:00Z,simplywall.st,Why You Might Be Interested In Bharat Petroleum Corporation Limited (NSE:BPCL) For Its Upcoming Dividend,https://news.google.com/rss/articles/CBMi0gFBVV95cUxORFQ0TFRFQ2cxa1VxU1Rab3dlVGRJSXdOcDNYeHVkWFdNdjJveng3akN5eEhvbFVyNXNhNXZ5UzgyRlZVcC1QbTRuMHVpSHlWbHJkckFqQXRaSC1BOTRMeWdnc2pJMTRJNDZUcG9GNXhLUDUtcGEwTHRicTNhWTk4YzdJMUJsa3UydEg5SHNkUVdZWGtfMnU2Y3F5eUI4bWh2Wm40cUNFMURtclFSU0lsdE1tRHd0TE9EQk8xZnp1T2JPMTliTmhUeC1KQnVaczRWYUE?oc=5,0.0674
CANBK,2026-01-29T08:00:00Z,NiftyTrader,Why Did Canara Bank Shares Slide Despite Profit Jump?,https://news.google.com/rss/articles/CBMiggFBVV95cUxQYjJxaEk1OWxTbHVwX0tXSF9wZnUyRlpjcTEyMzJRRDI2LTNPQVY1VV8zSEVzUUgyMFlLbTVRRzZORGE5Nnk3U19yNU5MZThORE8yb3ZDaUg4akZiY3JJTU9UTUhEeWRWOS1JeUYycFkzcWNJOTRISkd5VU9kbktnX0hR?oc=5,-0.8943
CHOLAFIN,2026-01-29T08:00:00Z,Univest,Cholamandalam Investment and Finance Q3 Results FY26 Preview: PAT to rises 12.44%,https://news.google.com/rss/articles/CBMijgFBVV95cUxOVV9LRnBRVmxKVDZfbDdhd2xOYlgxbEVuT1RqaEpXU0V4U3hoY19UaldMU3RmUlczdDRiTjAtcmhKNWYwekJnZkhWLU5LaS1PaGNQN1ZIX2g2dlJpVVhtQnVrTjBIRkRBckxjZThWTDZHUkFMSzFVQmJ1QUNqVXUxZFVBbkVmZzNaWXNuRElB?oc=5,0.8693
COLPAL,2026-01-29T08:00:00Z,BusinessLine,"Colgate-Palmolive India Q3 net profit rises 2.3%, sales up 1.4%",https://news.google.com/rss/articles/CBMi0wFBVV95cUxNWWJBWG9YT05SOVhzMVpDTEtjQ1RPWjc3RlB1R1M0MHFGcXQ3Qkl2MTlhWkdEdDNEem5rcXlQbGlHVjJ6VDRtT05tQjZmZE9STUt0SlhqNnRYT3ZSc3poYkpvN1NCWkt2TF9xUzNvUkZnYnhPT0w4WmxvUGp3NjdiZGotazY1azNqUHYwTjVxVy0tTzZIakxRa0xKbzZObGhOYzlVY0JXSE1tWFpNNE4xY0k3WlA3NzhySVZMWnFQZFlqaHFhUnBhYUgwOElVdjl3MDdN0gHaAUFVX3lxTE9FQ1BpbjRZQTh6dUh1UlNLYl9mOHBLNUJUN21zRmRleVJWZ2N3aDNnTnJtR0xBVnV3SFp2V3VYQ2xCZWI1YnByMUUwdWQ4OEo4dHNPTmhqSm0tQVNPYXNZdVZobU9lWlJhZXQybDVrRnhfUzNhWWJudXZOZFFUZ0dPUjBJV1FCOHdQSjc5MkRaajd4V0JGZklpSFdKZHFKbUhFQV9vTUhNUWdMbC1ocjdiRVI3emU1cVY5SjNDaFRLX1JrVGVaQ01rRHBsOVR1cTZZN2MxX2hVYUJn?oc=5,0.9278
COLPAL,2026-01-29T08:00:00Z,CNBC TV18,Colgate-Palmolive Q3 profit beats estimates; margin dips amid regulatory impact,https://news.google.com/rss/articles/CBMixwFBVV95cUxQSUR3cTMwUGNfRDkzdWR6VEs5Mmcyd25YTHlXQ2xNR3ZqSWdWaUMzNVpUb1Q5WFVEMFYySUVoSHNNd1dVYjdlRWlPMDZ6WnhlTEF3U3FZU3BWZV9tb1B6WGRvMnNJTjJ4R0gza1lBUEd6Ni1RTFk0VTYwZktfcmZOa1lnNVoyT01yZGIwaVJubFhOVGZ4QVE1MFZLckJ2cVhqdGFYM3VOVGdmbmFXdkl2Z2ZlWVc5WGVqUUFEYUV2aEJlVDEyZHlj0gHMAUFVX3lxTE51VzJKTzQtaHV5ck9LelgzM3VmQWNGRnVheFVDdjF4NTJXd2JxVXZ6U0xCVnlLN3p4VXlxem55ME85endpSmNHNF9JN2ZxeHNLUFJTcmVVX2ZiSDMtYzd4ZmZNQ1RtSE5QUTF2RmFJQjNFdUdoUVloVW1YbEdCZFNUWFlJcWZ5MWRuazdoN05ESnhIMlFVRVFBZU5ldWxmOG81SlNlWFA3dEtDRXFvNnZ4bWgtR0VRdjliOUlrbEZURk9aTkg0cG5HVkQwVA?oc=5,-0.9546
EXIDEIND,2026-01-29T08:00:00Z,Moneycontrol.com,Exide Industries shares fall 1.29% amid volume surge on Nifty Midcap 150,https://news.google.com/rss/articles/CBMi4wFBVV95cUxQRXRZbUNVWGZzYW9hTkVyWHAyM0ZuVDdDVFBFX3RITmJsZ0ZiVkltUXp5MmVVejlkN1k2M2xid0I2bEtYQUZtb1dZdnZTVi1LYmcyNjFGcGRhX0ZCeFVnVTJJdTM2NmVtSll0MFJpeEFoVDlGNHVVck9PeklKTmZTekdZc0Y1QW1RV2dlQm1VRTJIY3R0U2VyYTg1RzFnVXhFYkxnZ2dDb3dMUU52WTlMTWQ0R2RDdGhKeHM2bFhIUEdPbkVDZTlkODFNOVV0NGhLNUM0bVUwcjVvakFHdVdGaEJJc9IB6AFBVV95cUxNYzNXUXlFN0EzUHpzQW1YVjU5U0Z4YzVmdk03eWdrbnBETG82N0l2X191XzRkcXFNUzh2dDBvY2NYYTVGSkplMEw4cEtjeEFqeHI0MG9vOU9GR2lXZ3FJWDYzdnZ2SjBXenUwNzZaZ2NFaTc4ME9LdUlER1BJQldqRWJOajN0YkNZekpUekpDTWFlV1JBUFdnMVlDSEx6REs1NEhLWEx3cDBPdHJlSlpkZ2MwdXFSQVlPRUdNS3V5THQzYkFOaS1veGFBQmFFQUdJNG1RWGREUTRQZGd0WGVrTF9IU1JaWkNa?oc=5,-0.9448
GAIL,2026-01-29T08:00:00Z,simplywall.st,"While institutions invested in GAIL (India) Limited (NSE:GAIL) benefited from last week's 3.4% gain, state or government stood to gain the most",https://news.google.com/rss/articles/CBMizwFBVV95cUxNSEhZcXNRaGRRSkc0dHlPYjg5RWxsMFFtbzJRQ2tZM1JIQ0hZZFBPWkxMV0Y2RW5kWnE0MWRMMG14WDh5OW9lc3QtejR1ZHNJcFpCZ1U0MVpBd0JHSmpFSUdpRkRESkhNLVZCSzBMVjNyQU5oU29IejN1QW1MdXljNlBGSXRya3d4RVdMQmY3NkVweTFuWlRVblVUUGVyWlNab21hTUQwVDlUYlZGOUJ4c2J0emZtV0dtUTlFV28yWUsyaDdMQnhmT1JnTjlPQ2fSAdQBQVVfeXFMT1NjaTVvaHFYTUVFRnl3V3huVGIxVU54SlA0ZXBobVJZTGRQdDJ5Tm5hbmFUbW9lUEw1d2NWQ2R4Mm54cWRlN2lSVjYwQjhPdFNwU0NkNHZqdkd4a1BnNEphWVdjTFVlanlrbVFqX2tpei0wNDQ4TERzYVR1Q1d4Tjc5V2JQWDdfLVZ2RnV5cUZDSVFwMEVydnpBcWNIRWNLbVVnZ1h3a2xrZEJtQTltYjRvQW9ZZVRJUXVSdGpnTnZkMFdjSUpnb1lWSURkNDJjM1RHVjM?oc=5,0.9320
GLENMARK,2026-01-29T08:00:00Z,Univest,Glenmark Pharmaceuticals Q3 Results FY26 Preview: PAT to fall 1.77%,https://news.google.com/rss/articles/CBMifkFVX3lxTE1CYnBsM0tUVUJYMHBDTVVjeGxzd1Q2VWs3VE1tbmx0NDg1YWRGM081c19OY1Y3WVJwdzZYbDZuM3JBWnBmWlVQSDJXZDhCUTVhRTZnOWRCMmlLdmRCVDhqLW55dE1nSjlHYmZ1TjYxOUZIZnMwbTV1R1JoQXU3dw?oc=5,-0.9612
HDFCAMC,2026-01-29T08:00:00Z,Moneycontrol.com,HDFC Asset Management Company shares rise 2.22% in today's trading session,https://news.google.com/rss/articles/CBMi5gFBVV95cUxQUzRzSXk3c0x5eWZVQzNLNnZkYm5CdnRFeUcyX3FEVmhaX0RFVkw5RWt3NlY1TllZMUtuZVdSMng5TFFMeEdsMjl2dE5mYUg4ajgxWmhyQ0RDUnl6QWpPUjdTdndZWGN2UC1nZW1FVnBZN2czMnNUM2FsRUNCekdFZlhldHdSUk9jWnBfMnhuaWxOQ19uU2VRU0l2RnRXUF9iWXZOTlNnZjBHUlR3VU1NVkdKVGs3YkoxTmtPSUdCeDFBVkN5WFNHSUxiTzl4bUU4bHNUX0p0RnlMcF9iZHd5QVRhVlgzQdIB6wFBVV95cUxPRFhyeHJhaXk5Z2dEU1lSOHppcGVqdU9IX0hFUG11X1hqdXhJTW1nVUQ4ZjR5ajBBU0F4S3Y2ZFVrYVZoTTZraEpETXVZT3NORWdoRThSYXFsTnNVQ0ZuWlFZOW5rWUpvZzQxQUloQUNNQ0plOUF3MkVBaHlCTm15eWlaRWM3VTBlcXVrTmtadW4yNFEwTXZiS0VLbjF1eE1YTkc1QWFvVmQ1MmJkUV9UUHRVcHNSU1hlTkxWQVc1TDJGdlpEYTg5SGNhS1JaekktdTRnR01iM2lYT3g3R19JTEJDVFd2Mk9oWkpV?oc=5,0.8735
HUDCO,2026-01-29T08:00:00Z,CNBC TV18,"HUDCO Q3 Results: Net profit down 3%, NII rises; interim dividend declared",https://news.google.com/rss/articles/CBMi4wFBVV95cUxOR2t4RVdnRUpELTFCb08yeEVVT2JYOEY1b2xEd2xjdVNfM3M1NFFrNjJlSjhRREQ4ZzIzZUpUbm1uN1V4YVp4dHdocF9BeXZzZmxMRW1WZDQ0M05vdkJCaHd3UTMtSFoxZktENjNtUkEzeV9wamR3YmZkenFkaUtMMGphRXpRV2FmcUFWY2hjR1BqNTEtWmNsTFlvMmduZWw5RHlyLUlneUo2ZmR1VElJc2hMaTFNRGlKZVR3dkZHNUJ0dHF5YkVWVk5yYnltZmFJSEt6Wlp4YU1GRlNhem1ZMXQ5Z9IB6AFBVV95cUxNbWI5bWRrQl9yR3EySTZ5NTY0TEFreU1yaHJ0eElRVzdUSkI3Y3doMm5KSlp0YXU1WVlqVkMyQlZfV0M1NEVPT1VsU3I2b0U1WVcyQmVUUGRGMXBGeVk5N215WUxtWUNuV2pSSzMwMTZ0TnhxLXQ1LUdGYXNVcjR2NlhScXhNTmhYZ0xHQUxUUG5kUS13MlM1cks3bE9pYWpWcUNlSDF6RXZxaW5Tak5IV0M2R1Y1cXVvS3RweGZfdFI2QjZXcTNGYVlDVG9iVlBfS04wVDJNSjV6QWludUgwSHg4Qmx4UXlE?oc=5,-0.9410
HYUNDAI,2026-01-29T08:00:00Z,hyundai.com,Hyundai Motor Announces 2025 Annual and Q4 Business Results,https://news.google.com/rss/articles/CBMicEFVX3lxTE55NERmLWFpUVVrX05od1BnMWFoSEtLc2Z4YWJCMGFEb3ZTWjJUWGUzN2MxSVpUNk5scnFlM3NHR3NUR1hhUXNQS1BJOVZyazBuWHA2VXRJX29jY0N6TkF3U2VxWmlPQXo3czlVeE9lbHo?oc=5,-0.0469
JINDALSTEL,2026-01-29T08:00:00Z,Moneycontrol.com,Jindal Steel shares surge 3.84% amid high volume in today's session,https://news.google.com/rss/articles/CBMi3AFBVV95cUxNRXp3MWUzbzNSU0pMdGl3QjRTeEppZEhtMXhvemh2cW9YRW9PV3JNQ1FVQ0FTOHBsbDAtZmtBQmwzbUJNZ3lGTTU1Mzh6cUE2cHNVOGpoaXZYemJaT2x5QS15WXJlNkQ5UVNROURKUm8td2hiUDNsQlhhZjJpeFpvMl9aa3Rvdk1reUhPcnRBeTNXVEIwWnpfbDhrN2xXd1hNRE9DMFdGdEtkcGZLWEN0OGwxNkh3ZGJlV2k0QWQ2MExjeTZCS3dYMWd1UW5KSXRWak45ckFHcm53RUQy0gHiAUFVX3lxTE5BdllOUW01TjBVN1h6UDlyMUpXR3JYNWh2YjlGcFdLQzRNN2U2Uk9JME93SHNJaDRyQnozQk5xSVB6Yld4S01xUE5zU0FDLVNIQVNLVGJpU0xDZS1aakYtak5qSzdwTmZpNlV2clozcW16aHdqVEY1NTVFMWx6bDBiazJVWlMyYnM4Z3JiMk04Ty1ySWlONi1acDF5ZWRHc2J4VXRlSzB5Z20tS2Y4cm1fckVlVW5nT1JucGpTZmRfY2NYcmNvSENVTU4yd2R5bVFkOEFYU1c2NThTMnc0U3ZTUkE?oc=5,0.9160
JSL,2026-01-29T08:00:00Z,HDFC Sky,Jindal Stainless Declares ₹1 Interim Dividend for FY26,https://news.google.com/rss/articles/CBMilwFBVV95cUxOR3BTb0tfQlYwTnFzaElsTHZheldMbnFHdE8tUHNQZ1d6eGo4ZXJEbTdSN2ZCWGpVTFRYUFF3QndFSUM0am5Ed0hPbDhUZUdqSm83QkNjSjBhVlM4QmlSZVNnNElRc2U5R1dOSzgwUXRULUNMcEJZcDdHZU50YmdGVmNzb3lBUWd6cVRIUXd3b21XUDlhV1RJ?oc=5,-0.1668
KPITTECH,2026-01-29T08:00:00Z,India Infoline,KPIT Technologies Shares Fall 3% After Q3 Profit Drops 21%,https://news.google.com/rss/articles/CBMiowFBVV95cUxQXzYwb0tES2JpLXJvQ3lYdkZxZjJaZlBZaTExcVl3NWtxTVVKb09BMWJ6YlBGY2h4aUs4c3lxeVJaMzhKZTFlZHBCRC12dHE2ZDdmczZpR0ppbC1ZYjRPNzJDT0poYVpvWDBQSy10eUZ5d1l1NEVNZktmcmdmbFhiOWRoem5XYnZyM0RhMktHUm54SlpwLWk1Yjlzd0Y5cmlnQnJJ?oc=5,-0.9639
LODHA,2026-01-29T08:00:00Z,Business Standard,Lodha Developers shares rise as Q3 profit comes in line with estimates,https://news.google.com/rss/articles/CBMi0wFBVV95cUxQZzJ3QVQzMVNjb2NKUktUZnk2WlNSOXMxM0xxd3hveUd6R0hFeFN6R00tR2JFMDg4MC02a0s5YU5XTC1kMVV1SkVpd1hicXR0aTl3RmFxeVdFNk9kYzhJeHRwVUZCSHlFZ3lRTTVRbFNpaUVMSTlBU1A0bmZfWDMyZ2VjUms4Y0JBR2k5b1h1eUZ1Uml3QkV2X09rcjdzQ1lvcWFEQkxnQ1BQQW4wZWN3LUNrN2pUcU52VnNNazJiRWdQMXlqV0tmRUR5Vm1IRk1wcy1v0gHYAUFVX3lxTE9mdllFbFVRblg2WHRyZDVjUnZha0FRNEdqeDV5bGVBNVBhbGxMNmRSMTE3UVZYR0duTHJNTnFJSXBrWGw5eU53aDI1bmxXZFNHMkV0eFZYWkxQTkRIZVQtTDMxZ1cxelVya2VibmdYbUN0N3IwUHhGbE5KSWdUSjdfa0U0eldqZFFJT2JKdWlRTEJtTWk2eDlCWDRwbXhiVml6Qi1KMkg3YmotZW8yUjl5ZEN4cWhUMjZfcHlDNlM0T1RiTXpicFlRQTRRQ3p6b1ctYUZTRmpRRg?oc=5,0.9270
MARUTI,2026-01-29T08:00:00Z,Moneycontrol.com,"Maruti Suzuki shares decline up to 3% on missing Q3 profit estimates, drag auto index up to 2%",https://news.google.com/rss/articles/CBMi7AFBVV95cUxQNURhTTBvaDRYY1dwaHp0T0lXU0ZaLVY4RnFPNi1Wd3pHT2hib29qQWZYdGk3Vl8xSl9uczU0QzY3TWdOZWVSM0V6cmZuTU5ueU9PUmxJTUpGcEpPU3JGQ3RobjJqNE8zNnNHWG45ZXAyNEh5Wmp3R3laaDJQMEpONEFEU2FfeDRWZlcyc1kzbDQ4UGZtbDFQWTNnVjctdHZ6Umh1QU1COF8wNDBkRE9yMTM2aWVGMS1MZWdIX08zOV9lOXlWSzVRbTJHWmFpaTdiR1B2ZnhJbWc1OWN6Mmdlb0MtcTd4Y0JVX1N5OdIB8gFBVV95cUxQR0lsaGZ4ZVVwMm1SMnJjTjhBcHN5WmVfbThMYTd1N2ZreG92a0pJaVZ3aWdRVDR0WXBYcl8yRkNvOEljMUdEZWpjMFhIZ0RtVEM4Qk9sYlFlVFRmcDhKdjBObldRQzdvYmdVTDgwTXBBYmZQUmhDbDZtdERXNUl5SzJ1bEk2TFpBUHlPUFk5dHJicVJKZ3JiR1pxUzhKaUJIbFBmR3BTVzMtOVltUlRZd1NfdnAxWkxWLVU2SXVsOExUdzVJWWJnYVNTQi1tNTQ4Vl82LXNIUFZ1VzVPMmVVdWtCSG5rLXJSdFZKQXo4VmVjdw?oc=5,-0.9607
MAXHEALTH,2026-01-29T08:00:00Z,Moneycontrol.com,Max Healthcare Institute shares fall 1% amid high volume in today's session,https://news.google.com/rss/articles/CBMi5wFBVV95cUxPbDVxQWVUYk1ZYmFtNUlWdUJVcG1mN0JYUXJNMXExNXh1MXR5c3ZZVWFMYW1LazBiRlIzcTlBSm9aaEcyMWF5MWwtRkJLVDJYSS04Z3pJSkpvVFltQjNGa1ItNE5oUkZQZWlWUkRIMHM1eFg3bDNsMXBuQ2pJN1liNUFrcVJJUkxRUUFwQm82WDRKVmVHNnlsejdzbkZnN0tfUWpzMUtIenlQVndWamtwbmN6cHVyajZMWUJ4NnRWcjFSeHctZkNQLTFMdkt0RDBRZ2xXS1NLaWFSTFZ1andUSURzN08xX2PSAewBQVVfeXFMTmNndVNKZkE2d0RyVlhwbUlOSkFYSTdRbjJCSUNWZGNxUjZtNkVDNGFvQjhGTUF2bk9kc0dVR216YVZtMElBZkNvUjYwWTl2ZDlDVk8yZDdaa1lwTTVCd3I4aE01bkV1bG1DUE1UQ3VBMEwzQzhYandwX0hVSFVFWTJJRmU5MGpCWE4tSUhKSTNfbkFJaFp6aFhaSHQ3WlphMG8xckxjWG5JUkIzNFB2dEdxMHpRcE9TY2NCV1JTUDVjaFU4czBEUnJaa3VRTTVxLU1JLTRLNEs0ekwtSlltNXRZREJCT0htMGliajE?oc=5,-0.9598
MFSL,2026-01-29T08:00:00Z,Investing.com India,Insurance stock jumps after board approves amalgamation with Axis Max Life Insurance By Trade Brains,https://news.google.com/rss/articles/CBMi1gFBVV95cUxNVWtaczhQb19DaWFKVXpQT3RtekpTbDJoNm92UkdBQkg5cTJVZkNuU1VXc21fbUlBam1IZktlSHZ5alREYlVMbDlHX3ZYN3dycEE1am1uR29tOEhvdlVrTlBvTDJOaWhhcVFBVF9DcU5qSG9EdDdwMjhIWmJXNGpaVFdDOGRSZ2FvSTJYUTI1YXBLTjMwMld1SGZQQ3JDZTFUNHlMLUwyb3pjNm1teUJPdzVBdDZzZFEwUzlQb2hJekcyUGplVGhobWtLNE9keFFIRjZESWF3?oc=5,-0.2672
NAM-INDIA,2026-01-29T08:00:00Z,CNBC TV18,"NAM India Q3 profit soars 37%, AUM hits ₹8.16 trillion; Digital transactions dominate 77% of new flows",https://news.google.com/rss/articles/CBMitgFBVV95cUxQa1VXZWhWbEdOYWlyVGlSRGM1OWNvSnVhLWJ4eGRrT2dJZFVsLURlOENUWjhBTXlCZEZYeE0zUnFmV1VTOEp3V3JkVGxmVTRNV0JlbEx5d1ZhcXBmekpkQk5YcmNvNmx6NXd2cTlaRmNWd0FzT1RzR2Z2ejd6YWp3Y1JQN3Qza0NzdVo2Y1c0M2hvQkVRM2Z0X0tlODJfa0J6UnQ2RlpmOUlIek5IOVhySW1XS1dUd9IBuwFBVV95cUxQS2c2MUhuSEU1WVBrYU1Ub0YtX1JfN1BWV0hsUzAxbmxWeG5aSThSbEFCcGZsVVhqWmFYLVlhS0tOMkliUXRVZ0hWS01ydUhBc1JGRE4zS3pvTWV0TkhiTk1Qa0FzMG9COUZqZU5JVDJZY0hLV3Q3a1V6VGxlajBlZ05hVUxDWW4tYUZHbUl0dWdXcWtUQmNKamx1VmR5Qkg2cm83aWkzT0c4Qk9TVlI5YWtqcHdQNVlEdjRJ?oc=5,0.5218
PHOENIXLTD,2026-01-29T08:00:00Z,Upstox,"Trent, Avenue Supermarts, Phoenix Mills: What to expect from Budget 2026-27 for retail sector",https://news.google.com/rss/articles/CBMi7gFBVV95cUxPNlc3TGZhakJRR090RzcyOGpZa3VKa0MzTXZmaFRhM2hIajlYUENLOTNHMnl3bWdqaWNydXVlcGJpb0tXSzVEMU1JbV90MjZmV1k4TW0yYnVDb25HWlNuWWRfSGRqS1k3SWtaN3M0b3h6dGRSNHJTOWtENWVIUXNjbHlPYWpmQ2ZQRDlmbGJBVUhMM3NnXzFGV2hGWjhmdjFVekFSeDdIMnJDMVZ0cUxyUmVEMVhfME5OaEVZN001M1VHRXRmMGdJSDlpTEw1cmc1aDhtc3NxUHhPUE5YaDRYemFRWk0weldaejNQdDhR?oc=5,0.0218
PRESTIGE,2026-01-29T08:00:00Z,CNBC TV18,"Prestige Estates Q3 profit jumps seven-fold to ₹2,447 crore as revenue more than doubles",https://news.google.com/rss/articles/CBMi0wFBVV95cUxPdldGbWJ0RzhraFozU3dBVlVfRTN1ZHEzREdjTjhMenNsejJmV1NrVTBCTXpaSkx5UVU4Ump0QzBjNUhuS3UyblNQWW1kcDVZUjNVenZEVmlzN2Zkb0VMMlpnb0RTLUozMm5zYndVb0E0UXNENnA3MVFUTklNSEZJdGpJZVFHTFl3cXdIU3J6enBySGNvdUdybDNYZ25Mbk1GNVNFTDNMZ0Q5UzYwYW1pYUotTDdZeExReklyVWIwQVA2RWk4bkVyTFNoQzctM1FQSFRB0gHYAUFVX3lxTE51VmFmbGI5a2pidEJfdkx5c3ZxX3pNb1hMV2NsVEZ6QVRSOVFHWXhIaVVMZDJsYWYtbHVDRGV2aS01NXgxbDBkUm8xSldKZWJFUXQwVzdPWEZnM3NrRUxVVm1HUTgySnNEcHhBQjF2Wi1Iem1FOXVxYU5WaVlmU0staXd0bW1kTjVMSnBTUHFaNW9KLU9pUWtJeVhBSkVGMTgxbVBwMWlYRzJqdmk2Q0VFQ3k3VHpLdXQ3R2ZhbUhpa1Eya0plWmE3Wnpab3k5UUdRb0lLR3RVbA?oc=5,0.8940
SBICARD,2026-01-29T08:00:00Z,business-standard.com,SBI Card Q3: Spends hold up as credit costs ease; analysts' views divided,https://news.google.com/rss/articles/CBMilwJBVV95cUxQRU1IUWJ3TUVTbjh3anlpQURfYUlkVFQ3cXI0Rzh4MDVKeTRLZFUtYTV2cHhWTlFLYm9aem5vb2xHdjBDMlJScEt2RlRLOHg0UHFsN3d3ZHIzT2M5ckZyM2RWRXVlcEVRbTk0YU9BTmE3X1NxbTR1SmxCREtyMDYzYTNMTmVFS0VaR3I4OTBGbW91MlN3bU5odGgtR3dkdXkzS3BjNndDWDJUUTlGSURHMTZRdkNCMlJLR2xjOXQtYklodW5PUFBYeC1SakcxeTJqdmVlVFVDZmJGSTRpUjZkakRSLVVTR1RENWpCX0ZkRjZZSjVTVkpVSDQ0dndZUXVQelIwYUlIRC11bDhjZVJIVVFxTEVfY1XSAZwCQVVfeXFMT0YzS1ZFdWhkZy1wWTNldS1GQ1pPQ3lEc0V3Y043LXF1NDFDSVF0SkFJSFFPV1ZNNDJYbnY0UzludGlGcnRnNWRweER2VElTZlZVMWQ1ci1xbVR5ZURHMVdBeGZaMXFLdEI5dlhvVjVfV0s0YWZYWmV2WVFuaEdJOU1USktFeGlDMGNad18walZ2NXBOTmswZWpNT3ZhNkRTYUFMY1h0UEc0ckNwRndMRDd3cVdubEtmZHFtZ05VNkZuaE00ZWNqc2tYZDVRUUo0aV9wTjFiQ0R4aHgzUUR3U2U2LUIwSTkwaXNlN3RzVU9PcVRHckItNFlyS05PWWduelg3ZTZVbTYtakppWWZzYzJpSkdHaEJQU2gwcnQ?oc=5,-0.7106
SBICARD,2026-01-29T08:00:00Z,Dalal Street Investment Journal,"SBI Cards & Payment Services Ltd Results: PAT at Rs 557 Crore, Up 45 Per Cent YoY",https://news.google.com/rss/articles/CBMizAFBVV95cUxNcGY4VGowT2Q5WjM4S0E3SkU5cFJTc3VrSlNiMnMtWmowM1RyN0pCQW5UNnFhYnpOeVZTdEcwWXpodzJHcktJS1dEdXlDeVZ6YTAxTzU3R0Q3TEdQOWFsR3JJNG51ZUhKMVNZa01tVFB0MU9YZEdubzRvcFRvTkdFVEZGUjZuazZ2OXNNUk9Fd3NVaFd5aWRvUGZULWxZT3ZjRmpRWXlkZ2lCY2R1N2t1eVZrbjd3NWRmTFJmS0wwMXppR2pjWklsQmNfWjg?oc=5,0.9263
SBILIFE,2026-01-29T08:00:00Z,cnbctv18.com,SBI Life shares slide despite positive analyst commentary; Check latest targets,https://news.google.com/rss/articles/CBMiyAFBVV95cUxOSW9NOTY2MkdaUFAtdWhCRDhCYkdDLWJTMy16ajBiRUc4dWtTa0VlSEJlYUR1Q1dpVDM4dEh0Y3JDMWhjNDhQTVF6eUx5QnR1Q3A0d01yamxwQk5VUklUeU9PNUQxa0twcGZVVGNBeTkxRlBnMVMtdTRNb2RGSGYzQjlCcWo3dHZxcDJ5WkNLQTU3ZkFfNjBHc3ZudHByZ2J0MURvMGV5cXlTbFJNM1FJZFh3WmlXNGdmSGFTdnROWmdJd1FrTnJoVdIBzgFBVV95cUxQT05INnZqMm5lT3V2NkVpUjFhVG96Q3VJbG9ZN243R3k1bUNnaEFVd3hmcWxqQXlfNDhIMmRJVDZOcUtBTWh6endSRWtvTkpTVHRLN1BrSXBTM0pSczZ2bDRxSTRIWVZBTDVVNGR1RzJJVUVaR1RzOFNfb0lkZUxkYnl0WGhLQWtkZHZvRU9SQU5wTVk2S2Y0eExSakg2WTFtZHp5ak9IZEwwQUtTMF9qSzdCMFBFLTROeEQwSk51RnNyZ3dDcGJlVDJoaVpfQQ?oc=5,-0.9457
SBILIFE,2026-01-29T08:00:00Z,Business Standard,"SBI Life slips 3% post Q3; Street flags GST impact, sees margin recovery",https://news.google.com/rss/articles/CBMi1AFBVV95cUxNWENIMVZ4VGJvcUV1NHUwNWdfT3RFZXNQTDBTeGFMekhNU3F6b0RLa3JjUW5BTlo3Y2FEM0ZQNDJHZEFSMUU5YTRiTUNHYUJfUlJSTmZJSzVYMUZMR0VCX3FhRlZiOWNMMDlEMTlWWUE1QXcyVnA2Vmp5cTU3UHBaYkZPcGk2UHZfWnRYbmhuVVdGNlZ4eF9wOGQ4eVVCaDNNXzBpcldQSHJJT3E5M1M3N1VMck1rWUhTYWZ6aUdBQU5YNnlyZGxSU3VPOEEtRFEzdTBRVtIB2gFBVV95cUxPeldFRXN4Z0FqMjJYMnVZVHlNcHZtLUdLeGp1ZjZ0Tnp6S0lpdUNsUnQwaXpad3hJamUxenhNRmMtWXJwNmpYY05STmQ3ajZYR2VIMEM4Rm5GQzZQUUlQZVhvOWNIckc5bmJ0YmR4YTdMbkJibjA2ejRWeWZFLTdGM2hUVlNTQnJuaElOQlRhOWJBZ240MFJjS0FSRE1lMXhQY0lqcXp1MDByREd0LVQzNUd4YmtDSHoyRmJlN1ZoRWxVN1JQMnpacXVacnZfOENDb0lPLVNqLUR0dw?oc=5,-0.7919
TIINDIA,2026-01-29T08:00:00Z,Moneycontrol.com,Tube Investments of India shares rise 1.04% amid volume surge,https://news.google.com/rss/articles/CBMi1AFBVV95cUxOeUkwZ1RFblpLd3FMc0ZtY29nOHZnUUpzSnQ3M0xvTUFvMXEwY1ktSjJRZE5oQzRYZVJWQlRfZUJ5am5GMlRUcUYzdnl5S211dmlNem4xV3JSN0xwZEdoYnhOd3ZpRlBHUklJck40TTRKS1hMZ1lWaVVwZ3hFcGJ2a1J5a2pLTXVKRnV4Xy1UWUdoZW82RjVNaTZBRWVoTGZvM0pBVUxRd1JIdWNGSHNNNi0wd2J0dlhYeTJUUGdRX0J2WWo0OHRYUmczbl9QaDR2dGMtNdIB2gFBVV95cUxNU0t3TmM5QV9qak5xZ3hhTi1DRGx1VmZEdWktalNRcUV1c0FsdzFuYV9rOVdQTWxhU00yMUVFWlZ2bHczZ2xxSnVZNnZGeHpzMHh6T2VXUDUzeVRwQkthaXpmVWJMeVBMQ1NxcFlieHF5UHpMX0dhU255ZFNocFQ2Y2RPVHVNSl9iRlZaejROOHdyR0ZXNVBnNl9XaXZGUVhWaWZscHQ1LV9zSWtlU25ycEJFM0dxMDNnVXNTYlNwVkN6bFh2Y05mQVVWeUxra1NPQWpsdGRqMDVFdw?oc=5,0.8708
ABCAPITAL,2026-01-30T08:00:00Z,simplywall.st,Investing in Aditya Birla Capital (NSE:ABCAPITAL) five years ago would have delivered you a 281% gain,https://news.google.com/rss/articles/CBMi9wFBVV95cUxQdXNITVJYdXVZZFliNEROZzZZZDdpUm92MVdST011ekFmVnA0cEVtSTJYLWxKTGtJYkVEOHBsaVVnLWZhekQ3c0Y0UlFjcnAyR0xFM3RSQ0FjdV9yNERaX1FuYzZlZEo0TjIxdk1sQkt2NjhtcU5SQmZJNnprdElJRkl3UllwOEpsSzc4Y0pBQkE3MGxvWVpfX3pkNUdyT0RqY2ZtQ3lfbG95UFFCSkVQWjB6SThoeS0ySDFvbkVoaGVSbTUtWk5EN1RNc0pJZGhiN0N0OGtycjJrLUtYUGJrRHJWdUhHOXZwVXRBQk5XZGhQN0hBS3ow0gH8AUFVX3lxTE1uLThJS2pLUUJ2UUNwZ1lRdjZlLVM3QTZRNm5fTzJrVnBGbHhCcU02QklIRDlqbjhkekd0cGhZdWxZY0FLTDd0Y05MWXVVanFndGJYQ3dKaXpEVWdoblNGYkRsdHQ3OV9RdDEwdXFLT25QOFB2UndfLUhLVlNxa2Q1S2U2ME1fN3JUYjhlNld0MkN4MGg5d0JaYzljeHd4OXczZVQxWXJwV08xSkZTSi1jN1IyN2ZtTnpNcHF0M2VuS2NWWDJUdzdsTFJrUkJ6dVhZa0VSTVhaalJDYU52NlRHQldRTVFvclA5SlNob3dkR1lpczlOWWZkMWl5TA?oc=5,0.8852
AIAENG,2026-01-30T08:00:00Z,CNBC TV18,"AIA Engineering Q3 Results: Profit rises 14%, margin improves; revenue stays flat",https://news.google.com/rss/articles/CBMiygFBVV95cUxNdzlBaHdSMmhTbTI4azF3YlpBWFliQlYyVEt0dXk3S2w1TVdWcmVTb2F3OUszaHZZMDVnWFM5QkVGRmJXTnlFTDNrSHlTQ2xWVk5TU2FQQkhBVlBZY2xscHhWSVFfcjVMZ1E3MnJ2NEJlUV8xazBSLUtzbTJmb0RfRjY0T0Rqd0MtOXZIazRMZE1HQjB0cThtMVM4VmMxc0k0YndpUDlPcnBnVmw3bjVwN1hKTUdwR1dhbmFGdXA3dUg2OHZwdmFsTkN30gHPAUFVX3lxTFB3YnpIT0d6WW1wTHVPRl9jYXFLNjFNMTg2UWJpLUhDdkZQR3BTM2U0UU9qOHhDNjNhTnBYeWpyTGRZQzNpZF8tNFJEYW5uNnhnZjg1Zk5yMG1jSFFUQkFiV3g4WTJSWkJYR25aUVk2MllEVVYwcWsxV0JHd0dRX1Z4MWNfNlZLSkFvYi1DdVdPaWtDNG9HZTl2RHNoN2VKVGhEb0N3anMxdGVINEZxcEJmemdWRTEwdnRXc0JkNmdfcDNZLThQVWotRmgwUkhLRQ?oc=5,0.9235
AMBUJACEM,2026-01-30T08:00:00Z,cnbctv18.com,Ambuja Cements Q3 Results: Stock falls over 4% after weak operating performance,https://news.google.com/rss/articles/CBMixwFBVV95cUxPV2dEblNyQ3RMZVJHdDZqdE9qR3hWbnJLZ05jMGx3VW5NNzBVSjRBcGVESnZoWlY0aGRkOEx5UjhzWWt4TElTNG9BVzZ0NU5DRHMyQXktOW1iZ1AzOGN6al9heXFFSlIzYVdRZmlUSmpqandXQ0J4bDJ1QVIxb2xwLXA0WmlmckFjWDAwd0RNWkMwWWFTNnVuVEtTLXpyWTRqSGJWOXM5c2cwaE12RVh2NFJ5WkhONWRaTnk4b0U2VlpvR0xtcGc00gHMAUFVX3lxTE9TYWF5eG5rakpmcTRaYWZ1LWpxMTlZamtKSjFCYnh4WThQbjhXbDhwY3RlWDEycHhpTERBXzE3UzFRTFF4RlpzRjVsTlc1LUNUUVZRWVhaaEtWNUVGM0dpSDZfTk5tVFBCbU9OY21pZGU5bm9RWExsOE1Fb0NVZWlPSmROZU1TQmJRaWxVVGJES1NMMGNRT1huS3pOWWRDYWpFSC1xYml6Qm12QXJ6dDl4bVB6ckdXcDBUeGY0dXVYSEVmUExKOVlQUzZmRA?oc=5,-0.9661
AMBUJACEM,2026-01-30T08:00:00Z,The Economic Times,Ambuja Cements Q3: Profit slumps 91% YoY to Rs 204 crore; revenue jumps 20%,https://news.google.com/rss/articles/CBMi3gFBVV95cUxON3JTYmpqZGh3c0Yxa3A0SWRBb3k2bjhVVVcwNVl2bjJGUTIxbDdudkF6ZlVFaHdvZWFhMUtWME9sM2tHZW1zNGhpTGdUZzJsNDNIYTJmZkNuM3BteWdaZ05PN21ZVGRmSDBPa3lZUF9vUk9SWWZ0cmJFd3FuN2ExZ191ZUxxTHdYeXpoU21xd0xZRVpvMnpkbWE1dWlOeW15QnV3TmJWdHItZUljeldfYXcwc3pjaG16cG5hUnM2ZTVkOUk2VkZDUGR6Q3VfMGREbjNmRnc1OUhPZXFRX3fSAeMBQVVfeXFMTVpZQ3dYbTZ6X3ZFZzJsZEtWV19qQmdPM3llb2FXb01KZ19XMEk2ZXNHd0hnX0xvRlNfblhWR1p1SUt1TE96OW93c29qeFNaRTFnSDVoUmhiSXMtdFlOcHpKblYwQmJPeWFCUGV2ekxVQ2dQRTJkeVg5QXp2UUtyR2F4VGwtVkRLQ0lrUGh5enRDODZYbU1mRUo3UlNSSHpEY3UtLUZNNXhsSkVpQjNfOUg5RnFuN29pYkVqUkp2Tk16NnR2Q2dTNTRSeE9CUzd6cGdtQjZZTGtkNnM4dUpQeHU2Q0U?oc=5,-0.8245
BLUESTARCO,2026-01-30T08:00:00Z,CNBC TV18,Blue Star shares fall after core UCP business miss in Q3,https://news.google.com/rss/articles/CBMiwwFBVV95cUxOUlE3dW4yZ3J6N1VHWHNjNlNlQWdxOWluZktnVW9ZYjlZU0VyTEMzalZYckpZRTVHc0lyQ3lJVGJjUThaWDFPMHU5TGhOWlBOMGV3SXl6TEVsYktSZTlWRXlOblF1UUVjdGlZSXdiejhYZ2paX0kyTzNTaW04LXAwNG8tRTF1U0RsV281ZHY2bWswaVhGVjRXa0JpQ3NNZlJCU19sQUkxM3pCMVNaWFlUaTBadVZEZzlSVldMSlRMSGZpRkHSAcgBQVVfeXFMTzZWemlLZW5VMEw4U1ZON3ZCNXNiNzdaNlljbE5uaHdDVjFQN3NJb1lUdFlhWkxYbXJmdEV0N2dObGFBd3BHNkRpczN6NHRUazVITkNtQkpuNURMdm5BRDN1MGNiOGZ0NzI5bDR3OWxNTFlCZXFES1MwcS1udFQ5dDVfWW5qVHlNY1FSbGNlOVl6ZnVkbC0zMHE1NU9FZDB6S3A1RW5YNWVWbGRkSGVadnkteTFFTXdQVWlxVmhDMVA1TE5kWGNUZ0o?oc=5,-0.9619
CHOLAFIN,2026-01-30T08:00:00Z,scanx.trade,Cholamandalam Investment Reports Strong Q3 FY26 Results with Consolidated Growth,https://news.google.com/rss/articles/CBMiygFBVV95cUxQb3VBc1VCa19SVFliREZFRmNKS0N3M0pDeC1aTUpBQjdjNC10UWxBWHMyT0tBb0E3ZktTem1PVUJlaExtWkFRMEh2MzBQOXpNTjdtUVB3ZWdGTUtIX1dZcjNoUjRIaTJqR2xuaHdtWWo0c3M4ajd5WjljeUxJMlh4d2FqSUlydS1vamxHVzlhUzZSZmpFWlZLaTdXVXZRRkZoYWhTOHVvcTBRUzJPUEpTMHdDY245MzVReHhYUmxqcFFtNnR5czI2elFR?oc=5,0.9249
CHOLAFIN,2026-01-30T08:00:00Z,BusinessLine,"Cholamandalam Investment reports 19% YoY rise in net profit at ₹1,288 crore in Q3FY26",https://news.google.com/rss/articles/CBMi7gFBVV95cUxNSUlsWDNNYUI2Z0g0LVBmTFJqX2VDR0ktN3RjQ2NEV21jN0NUUEdyQnVfNy1qLTI0cXd6OVFHQzZhekUwc0F6ZklDaXh1ZjNsWXQ2alV4RHp3MWtiYzdBbDZzcXI0YWtFWlNfWUdNVk1sNEN2cWVuclhJM3JLLWxKU3Z2aEVCUzVqaU1SZjh5NlFUcmVOSEpPbWJQRllYM0tvRkFnQUdNWEpZdDNTRWluYVYwckgxN1A2N2pJVGFvbHl6Um1KRjZMY3BuQXl3bEhXS0dKMENnYlJyZTAxam9vZUdPa0pYekFzWldyQlRB0gH0AUFVX3lxTE83MjU4WFp4OHpaZEVfVkFtc05LelJ6ZzBhVlRUa0MxRHhvTHFodnJQdnZJbF96Y2dMRmRwRWhwMVlpS2R6NlNudFcybUVLeW91elBxSm96RWdHTzRkWXNHZHBGTUJncVUyNFhOOFNQNV9FcXpfN1ZfeEQ1Z3pNM1h3aEdBRjFqQ1VQUUV4UHF5STBuSjJxMEt3QXpGVHJNZUxvVDFpeVBqWEc3TTB0WXpSMzJJUWZFdERkOUk2Y2NzemtDWi14ZnF4elpEQVJnSVFsX3pzUE9EOGVlSTM2eTNySm1EbGxBQkNzel9fY1JRVE9ldTI?oc=5,0.9204
COLPAL,2026-01-30T08:00:00Z,business-standard.com,Muted Q3 show leads analysts to retain 'Sell' on Colgate-Palmolive India,https://news.google.com/rss/articles/CBMi0wFBVV95cUxOY2MyS0Nfd2txQUdRZW9KZHZwT0hZc1Q5UXZESXJsTWx4VXYtd2lnZjNUT3BQV3VxSzMtY0tXc2VBaGRxNjAwdTF4LWpSSmtWel9sUnl5MkxBVEItbmgtZ0JYd0kzNzVQUGxIMzlGdXRDVERMWmJNaldNSGFpekhRVExkLTVjTE5DQ0JGbW1xZWlxSkhjdnBFOHloZEZVVS1SczZYV0RaVjJwdkZEa1F1MUpYT05ZOVZ1cHJvMWFrcEwySnhubnh0eFNoNERRN2stX3lz0gHYAUFVX3lxTFBDby1CRDVIdGxfMXM1RUpvT2ZHZFkzRTZrVm56QUpZcnh3eEZnOGozcW81MWZzLTJMUXdzWFhSbzl3RVhINWJYVlFUVXQ1blpGZlhoWlRvaDN4MlQ5YmpGZmlpZnVNZ29nUjJLR1ljaFRMV3ExNVZNYmFYYVlmNmc0Vi0wVWNLTnpkRWEtUnd3QUxTdDAwV3hFcjN3ZU4tRGlvYkc3TW92LVRaOEpzSzktRlNuYWJkVlh1aWFINDdVQzBsRXdCeTRlaDN5SzdYa2t3ZUVGdlJ0ZQ?oc=5,-0.4251
GLENMARK,2026-01-30T08:00:00Z,CNBC TV18,"Glenmark Pharma Q3: Profit, revenue up over 15% as India, North America drive growth",https://news.google.com/rss/articles/CBMixwFBVV95cUxOcDhUVVZWbURMNWdfOHRGcXNPUlBZeUY0M0Ric3RYVG8zM293VVhZY0hkQzNCODI1QVlpRjQ1UGlIcFhWdE4zMUNuQmwzTzdqcWdMQzVmeGxERm5WVkszanhhRGNnMV9KR1lzMGdEMUl2OFpDTUNkT01PdlZsNjgzbmtUTjNEVzJ6SHllSkQzRUN2VDk5UHByNWNoRnAxb082a3BRS0lqaWFjNUp6U3dUTXB2T3ZtdWVpZjVnY0dkUGU5WW5RZlBN0gHMAUFVX3lxTE5aZ2dFaWJkaTNHS192N0gyZGNZdklaY2FNeVkwODZFb1gxQUNKeVY4TzhNM1BaMy1RZEhGVUpLVFdyS2pMUmptbnh4UEljTGNjaEdrd2h0MFdoaXJyYUdSWEY0UHNhcmRMZFIybUc2Qi1DN0RRVHBreDV5UFdPSVlIbFV5ZUIzMm1qY2Exa0NBdVFhS2pYNUtVY3JFekw4TmhjYVh1UUl1TmNoSWF5V241RzdnamtoanZ6anV0bWdRbmh5bGZGV0pZVzdNXw?oc=5,0.9359
INDIANB,2026-01-30T08:00:00Z,The Economic Times,South Indian Bank shares fall by 19% post CEO not seeking reappointment,https://news.google.com/rss/articles/CBMi3AFBVV95cUxNbnpEdGtBWk5takxlb0E2SkQ3QXJuSHVjUFZyUEpWbk52YVJ0dy0tQWtKamZUd3FySjF5cDZmM0NWZVJrZDJtMnhYMzZNZFI1LXc2VlFCV2JwTTBSLUNDT3F2WHNRdEh4REZ4eUVQekY3Yk1nT1hWMWVFN2ZIN21UNDFHV0ttUkhpRGdYSzE2WG1JNVZVOGhJMk5JajV2RFhxdUNhcHJyTFFkUWlvWlZPODdValVGWDNkRlFZTFZLZ2hYVnBwZ2xwcmJlOG54WTU2ZGNpLTBrRGdjUUJN0gHiAUFVX3lxTFA4M1lPeUgtOFpmSlpnd1JsRzQ4OFJobV9hWTdUQVhRd1dPRnF1cl9lWEVCbUI5YU1IaURYckNrQjdWSmdrN0JPR1lvOWhOUXIwYmRxY3FsOTJPaVc1X2Z3YWktR1NXZzlPVDUxZlhzWjZQNTl4VHExUmpNOW14Tnd4cTMyaW9KUVZhNmRBQi0zUWFzbHFVbGJsYTZ3MThvX0xqdmp0bGhLZDFEWlNPSHc3M0drbkVXRVpwZ2JGTzg5VkJ2b1NhX1NJREE0aU1ISU9HQ0cxSHI0bWdjRVlYUXd5MGc?oc=5,-0.9616
MOTILALOFS,2026-01-30T08:00:00Z,simplywall.st,Motilal Oswal Financial Services (NSE:MOTILALOFS) Is Paying Out A Larger Dividend Than Last Year,https://news.google.com/rss/articles/CBMihgJBVV95cUxNeklPcDJIOFBnU1RUQmxhWWZQR3NZbUVLNlJmN1dRRnZsbEN4cnNRLUxVWEFEWUFhb0ZWQ20yOG1aaXR3VG1FUkxuaHZDdUg5Wjh0bEVVSE9ZeVdQR2xscnk2TEVYaXVwQ2RRY1pRaXV4TkNob1h5bTNVVWhXWU4wamswZWxIT2IwUWt0eDA3RWlzdndhUlhpSUZubFBIS1Q2dWRfUGpEMVZmRHdTRjNQdlBoVFdvZVB3RWI0eUE4WlNaeXBEZ2hzUVRVcXQyUF9Vc0FqOGc5bVJoU2gyNXd1RmxnNThSQ0hsQmtHS3BSamdVSFM5VVYzbURTRmx1WFRETlRFYm930gGLAkFVX3lxTE9GWFQ1NmFpX1FUWmZPVlB3aThfTjh4WHE3SXdvbm9PbUNscndjZTQ5S3hmTldVVk5zaml4bTNOTkFYLW1GZjJfUVcyQVprSWtzSUpZOHZKcmJ2clJXelo2SmY0eUpVcmJ0QURwS0tTS0I0bjZhNzV4OE9OeVJmOGZObnkydWdEVjQ0aE9DUTBTTGVnbTNkc2tKYUJ1eXRCZ1hCaTdGa3BXaDlvR3FZUkZmWFE4Z2YzZXBDZF9QSEF5eEIwMjlZTW9FdU1Ud3pJTkRHcEg3bjFDNHVCbXpNTVZNXzNNYXR4SHY0TXFKamNUemZCMEtRZXlObG1tRWowR3A4VU9WLUxrN2tjRQ?oc=5,0.8897
NAM-INDIA,2026-01-30T08:00:00Z,business-standard.com,Nippon Life shares advance 4% in weak market as Q3 profit jumps,https://news.google.com/rss/articles/CBMiyAFBVV95cUxPeTZxNEhkeURPT0hlbWNvVWFXaWhoak4wbV9PTDFCMWZCZ25GVzJEV3paaVB6OERyckxRYXNIZmltdG1yeXF6cVJFbjJTUXY3bERNcUVWRE1sdjVzNnZLd0pndDBqQnlKN3VNOC1QOXQyNDg4MWhFVU9yNE5RUFY2QnB3MzZ1N0I4NFM2UkhfdXhWUTQxMzFRSFpjYmowekRub3o5UEdqT1prWV9TSDh3Zm5BaUx0czhNYXlSOWVialB1UC1DU2tyOdIBzgFBVV95cUxPZFhwWkhnZ2FvZ2lDZ1RuLXZaOWZqNkNzOGZHX29HOTlCUGtZQnFVS25EaUFmUFJNSFlicGc4SXNpUEp2R0d5aFlKdHZuWGxYOTJ0VGtrZDE0aGFleGlYczRvOXFlSTRlM0NFczB5dGZWem9oLW11OWFrS3N6RVktU1FuQlI0aE52RVJQQVNFMWZvUV9hQ2JYUml2ZjdYOUlnQ1FSQ1VtTkpOaGZIMzNMSDgtcUNwMDlJeTVESk1PU19FZ2VoTzdIYTBoLVFzUQ?oc=5,-0.7472
PAYTM,2026-01-30T08:00:00Z,business-standard.com,One 97 Communications reports turnaround Q3 numbers,https://news.google.com/rss/articles/CBMizgFBVV95cUxQLThzSlAyMkR5VDdlQmF5OUdxY19mZ3dhekR1MHJMLVNScmx2UFJhdTRIOXN5dWM4ejFJbHREeG53VExDUVNhWEtDRzFwUVJhR08tN0FEa2w5MmtNRGhCazQ2RnBfTE9yczBOdm8xdkh2MUQ2ZnNnckpiVmtTbzAyWllQeUFNR0xiemJfNEtiWDFoN18yRFZqMV9TVzIwcm1EdEdoRHp6VS1qNmdCQzNpeW9IVEVYN280U1R5NGJYbjlYNVdQbURUZFVpUHhnQdIB0wFBVV95cUxQUm1OVzc0TUNuTVBIbGtXMVVXYjdTSnZ5b2hSZkJaSFZlb3VOTmtMek0wZmh2ckxtMUIybXoySzlyUkIyZFFpWVJRYnlpSko0UHhBa29TZFA0MF9jMlAzX3lzUGQ0TlNfMzMyLXN6bmVseGNKZHh2ODcyckZtMWVab3BrY3ZMOXZGZ0pDUHlLalA3SVBOX0xhbG1ha1NyYkU2NDBJVWlJVjA0Rnl1OWhMZVhqNEE4blk4cmFEYXoxTjRLekZUZXlOOUZFb0Q0cGtxMnMw?oc=5,-0.0379
PAYTM,2026-01-30T08:00:00Z,business-standard.com,Paytm shares slip 5% after posting Q3 results; here's what analysts suggest,https://news.google.com/rss/articles/CBMi6AFBVV95cUxONS0tdGcwVWRRQ2pwd2plSjZhLV9WaHhrYXA5Zi1Ec2ZENExCN3B6c1lQVnpIOVVYNHNMWlZJTTIzM0VrU0RBRTRPcU9ZNUNpWVFhZTZvbXhfSWdWZDYtNmwzMW1zSjhKWUd4S3Z3NmZGck91d2hEOFJiRC1rVHcyZHpNN25XV29xaERsSkVXcUVPd1VvckF2Q3FfbVk1bWVMdTFjU1NmOTJOTUlBYXd6WUFuc2lyb1d1cktiTVVNZFFWMV80WEtYV2Y0UUJfZ2NBZFBBNzZ6TGZpc0hfN2xJQWR1TnNVUWpD0gHuAUFVX3lxTE9TVWZJcTI1czQxMWRLVkVuN0VPM3hIYjd0ZTlNM3c0LThIZ3VJb0V6RWFIel9FZnBiNHVoVVRiN19nQmFUTmV4RTdtS0ZoSklDRmhET2Q0bTlpU29FanBKV1NVYXdCd0dHclR3d2dlem5hX1NORkt1aU5qNkhKQ2t0WnBsTkUzMUFhU0phUjVKYlJGQXJBT1FtaS0yMkYyeHBISWtualNuenlpN1hSSXBMYzNCZGVUSVZtd1RORW5DTWw0SGdYUDFzRTItN1JoamVBTVJyVHBuODRHelpNNjJiRV9DV1lnVHdSdGZHT1E?oc=5,-0.9543
RVNL,2026-01-30T08:00:00Z,simplywall.st,State or government are Rail Vikas Nigam Limited's (NSE:RVNL) biggest owners and were rewarded after market cap rose by ₹26b last week,https://news.google.com/rss/articles/CBMi3AFBVV95cUxNaENoXzc3RV9sM1A4VHpqMEEyUEItdjlLcnhJYVZNbWVoSlFfWDZxamY5YjVxc0lSMmlnQlBPVkw5SnAwaVpGeU5zWHZNVEp3TTc2UXZ3eEFUM3otb29UNE5IMXJnX3lxR2Z2LVFFR2lBM0xOYWIzLUlUTzJWQmFxNEtEYU5rVTZTdVB1MWJHblBKdThiR0RLS00xenc3V08yWVVtQ25vNlZvMmxETGNyaEpGbWdvS2pFS18zcFpJSEs3MWtITXFYX3ZyTG9fQmRXME00ZnlaMVZ2U3Vm0gHiAUFVX3lxTE9EWFhYUWxRMm1PMjlkUjhPN3ludUFXYzktMkFjZUVvWHhSQjB6djIwdVhjOWhWdzEwMktUNFBKbDdTNkd2MWRkNnJJbk4zWnpra3M0SzJwazRiYXNnenNxWDVuOHRqeXY3azBsR1NLQTRXSUJBY0J6R091Qkh0b2tJcmR6NGFBb3dhRDFISVR6dzJURC0wTjBJQ0wwdnRJQTI5cE9lVFZmb2RSY2t5azdabE11NzI2Q191eHZJUldJWlMxOC1UdXJqVFNJN3FwaTVhczFEZ0lOU2VBbDl2NGVGTFE?oc=5,0.9286
TATAPOWER,2026-01-30T08:00:00Z,scanx.trade,Tata Power Commissions 765 KV Mainpuri-Bara and Mainpuri-Unnao Transmission Lines Spanning 574 Circuit Kilometers,https://news.google.com/rss/articles/CBMi-wFBVV95cUxOS1pFTllsNTNDbmRFcTJRbVZEemhvWU5NQ0pYVDVqVjVzdC04aExvZmRQTXNETTdPclNHeDZsc0c5aGtCZ091dlZUS3VOeWdWS3E2TC0ydVItSlEzeXlnRWRBSzJsVlZxYWRzMlUteVEtSmZpVENYYkV1cGpsVW11c0RxUUdpU0VlT25RNGlLUWEzcjhtX19uWkYzUmdvcXNndjNPc3FkQlZHXzltTjJWcVJ0WEJEOXBsMW83M2E3TnVWVm53TDN1NHB5SEMwYi1iYk5lVURrODc0cW9SOXpKUnRRX2x5WWFZYzAzYU5sZnRsby1iTkxpcXE5UQ?oc=5,0.0611
UNOMINDA,2026-01-30T08:00:00Z,simplywall.st,Uno Minda Limited's (NSE:UNOMINDA) P/E Still Appears To Be Reasonable,https://news.google.com/rss/articles/CBMi1gFBVV95cUxQYTVNYW1ZNldoMjBwT29Vcy1fN2tHd29vLXBfUWNXYThXOGhQWGMwcUVIQ19Pc3Z2QVdDVDNQVGRGa1pLNDRPZWZ1WHZ0NnBkVERRZGVyTk02REVSUElTZDhuRlZFeUYtLU9ydWJ1dmxNbVVBYXFLY1ZuZlhxa3BwV0cxRE5nYldVTEQ0TVdlZzZlLUJidlU3Q3NHOGl5NXZkdC1kak1NZmRmLVZ2U0FIUjU0MkE1QTFjcjlaWjIyOVVXZHhvSEt1UTk1ZmxkOTRVcnBJVTJR0gHbAUFVX3lxTFBIVkN2NDZ4UW9FT3dzbFoyQldzOEw2eGNGdnI4SUFQb1J2MFYzckxsd09pdklJZ29VYkliNVNuQnlVSTI2YXFCTDcwN0YyYWJzVWNuNTQxSVQ2ZmhVVmtzZUlqbEpZOGVRd01SRzlZelFKWk1RN0xzYWhoUk8ya3BnV1l6Qm9kbVlVN1BRbENZTmVjNlBkR0R4R1VCMVVZaTVlOFliVGdJd1M4SG9KT1NTTW4wOFo3Z0xRMFU1a2hiMzItTDNfV21kaGZwdFpBY2d3NXd0SjhOc2pBMA?oc=5,0.5450
VOLTAS,2026-01-30T08:00:00Z,business-standard.com,"Voltas Q3 margins surprise, but brokerages flag cost, demand risks",https://news.google.com/rss/articles/CBMiiAJBVV95cUxOYy10elFkdzhiVEdkSW0wQlYxUUpXRnlLaFQwTVVPbmhEak5CeHgwWktLVWl4OHFKRVZ3VTBNZ2VYRGFWQVdiRlFKMjlLTExpYXhoejVoenI5RVFsQkZnNXVCeWZtRDdnMlBTZ0s0OWVGOFpsSURZTzhicDlnLS13ZWRHU3d5cm9WUU9XMEkxbHNwZDE3S01ON1owRDloR3U0QTJROGh1bWtyVUVHdGtLV184UGtDWFNkTkxGLU5Ua1JYbkxMTndyMmxCWVVNMmhTSUJFSU5lY0dkeV94dzhuNVRrVWh6em03dnhCNjdkZ0lQcm5TOVdzWnJSUDR3Q2pDdmZaZDZmWTDSAY4CQVVfeXFMTzdtNXFFRm93Rk9PS2FXbWFyWjRta2hrb0ljQWN4STBsY0hZQmZBSVg2bUNnXzdkYkxuNUNxeE9vMS1lNHpJMDBwcDNkMG0yaURVY3dQcEtwWFo2ck9xbFo2S2xnNk9hckFGZWh4Z1Vzbm1VZkpIZnc3bkQ1YUFvSnI5cmdORkN5MDB0Z3p2SzJiT1U0anFZSDBKZGp6S2NTYlhhTmY5WWhrTi1OLUJXMmZFOV8tRjYwNzNsM2dyVU8tRmg4aTRwUWdmTWhkZlhESFVzdGVNeTZlOWFjV2pvd3lUTXQ4X1E3Q18yMHFkQjNkNXkyVnA5UHVwTWdWaFdSWmtrUGJEUUdnLWlWMGNR?oc=5,-0.2698
AWL,2026-01-31T08:00:00Z,simplywall.st,Is AWL Agri Business (NSE:AWL) A Risky Investment?,https://news.google.com/rss/articles/CBMi1AFBVV95cUxQMktqT1JRSmVycFZGaFRYWXZDcUw1cFdGRHA3ajBVc1hONEp3RU5qN1poaFRCM3d2cWF4UjdRdWJLSGZjaElpSU5kN2tndEZzdVNEcEhxTkdyaHFqeDBOcHJfS0ZwdVgzQXVMZS1sYWxUdTJIYldabHIxLWxyWXI2Q1ljUG1JNUZjMlVyemVXZ2d6UWlza1U5Y0FCOXpsNnVpMWdiODBtYzExNWFMcTVIVEVhOExROUlteGkzNmhpRDNWMkYtTWtXVF95NENwb1VSb0hrOdIB2gFBVV95cUxNaDNlaWNLd2pacDZPMS1PaWlzWVNENWhIMzFiYjV6UnA4TVVHQkJYWGZSTFk4THgySlZvWmJLWDlSdTF0cFk1aDRncVAxbHZtN1pmc19JeFRPaGlYRV9OZk9Ca2lRR3VTYWtkZktLdldJR1VjbEtpbVhQeGRkT0NKb2JXdW1RYUJKX1I5d181SFFLa2U4Q1RwZWYzMERUSUl3Vlp2REowOV9rbUFoLXp0M0ZvZ0ZqQUJKRUJPaDBRUEk5LUtUZmZSWDlDNlFiZEVYN0NZazBkNmpGZw?oc=5,-0.2323
BALKRISIND,2026-01-31T08:00:00Z,simplywall.st,Balkrishna Industries (NSE:BALKRISIND) Has Announced A Dividend Of ₹4.00,https://news.google.com/rss/articles/CBMi6AFBVV95cUxQSFd1ajJfZ2JsSnNKUlgtU2xZdnFnWG15akJBMDZmRVJWaG10SWNteG1BU0dNNEdlWUMtT0JUNFZJd3VfN2xOR3YwZWVEcjd3TjVTNjdJSC12SU0yX0VlM2x1VXFyLTR2b2pCR01zTkpLODJQamRMbE1MVHNhV3F0UUJPSFNCd0RuS0hNMjRubVpjc0pEd1FRbkd4YkJROXBObndqTm9vSzBzbzZQbXZ4N1lWTUE0d1Z2ZWZ2dzlVbEVQVF9EMkc5VDhhSC1ncnIwdm1BN2JDdnp3b1U3LU1SNEVQcWNuelpR0gHuAUFVX3lxTFBTajFkTF90bkVydl84NDVZR2N4XzlEM1Jtb2l5cXNxTUJDSDBPNFJrZTVVUXgzUW1iTDZKaFo4cjJsZnhOOEdqWFUxdjByNmY5Njg1RVY5YUtqa25mbkl3dXFJQWxqemNHNlBoOVpuOElRdXRxYVlqMkRDQ1RlS3g4SExkbl85ZmQwV2Z1WkFDY3NtUy16SHRQZFNKZmJlcHJvNkQyUTkxbnEtWExQblBLSkFNbWtqLVZ6d3dJc3NVY1dDNUZNVzVtRjNvYmxLZkZqbkhrSEI0LUdfODBnVFlyRDQtMDBaY1g4YU1XWUE?oc=5,0.3946
CHOLAFIN,2026-01-31T08:00:00Z,Passionate In Marketing,Cholamandalam Investment Q3 FY26 Profit Grows 18%,https://news.google.com/rss/articles/CBMijwJBVV95cUxQX1ZwZ1VaY0x5UGRCdFRBd0lSVEUyMk1yMFdMbVV0ZENnVTgtdXBsM1hXVEhrR2pocWRTcjhGWnFlVW9vbWt3VjRpMURLd3NhMDBDeFduSEtad0djanp6a1RMdEJZNXB4V1U5QkpFQmNzQmVJYVNfdmc2X3FtSC1wLWx4NHlwb08xdVg1YkVCdmdXVmkxcFhCV2hDeDQwdEhfNmV2V3NHcDRLNVJrcG43Q2lJV2owc1NUb2htcFI4NjhCTTRnQ1ExRm52X3hZMTRLOUdUcGtSXzcyZ09mZEE3T0x0NFVIOGdrQjRIdDJPVmc3MndISkMtTzdxWUhpSTN5dFJaOGpHV2xzUnRqd0tZ?oc=5,0.8825
GAIL,2026-01-31T08:00:00Z,ET Now,"GAIL dividend 2026: Rs 5 per share cash reward in Q3 results FY26; PAT tanks 57% YoY Rs 1729 cr, revenue slips 4% to Rs 35302",https://news.google.com/rss/articles/CBMiggJBVV95cUxNempHRy1qZFpTRnRHTVRHNm9lOHF2b2JRakFQRzNDaFlWVnBaTWRXeTdLM1pRRnRvTERBVURoNWVXZzdMZ0V2RjczdUxVbG1LTXUzdy0zbTNIdk1Ya29oZEI0ZE4zbE05cjh1UjlBMVY5U1FETGpOYVllQllGdmx6Q2NYOUZPN2s5eUR6OWFabjNPSG9vTk8zOEw1NmJMTWhISnVBR1h2OU1haWphNnJBa0dGQ0ZRV1EtQ3JTN1dKTm1NcGFTUExlNk5yenhnOTlNamkwRGwwWTQtSUFEZW41NXNlaV9GQ3ZURDNxZUZMTlJwUDB2MDV1bzRHRi1kUk0tRmfSAYcCQVVfeXFMUHVZaHF2THYzbzBydnZZdFFxOUFvTnVUSFJoOC01ZjdKVTYxLWhFU1ZCRXNpalpxejVDYXFVTlNCbkJoSXp2OVRIR1MwTllrVWRGWnBvYWdqZ3lFaUZSLWQ1TmN4Vjl3UVhPRHVGUzh1WjA4SEhNWkJneFVJX29LeU1hUS1HaFM3RUFXSTJnQWdNZXRiSkRMZXhXMVlPTmpIT0xteS0tTHJTU0xBV0J0bHlFeGs4amNNbDJ5NGNubFdsWDY5VlZ0ZjVVYjdmaUk0Z0xzMXRQQTQwYnpXMFVQdE8tMEoxN25mLUQyNElqQlpSZXdpUzZzVEpGNU9KOVNBQU0taDlWMjA?oc=5,-0.9622
GODFRYPHLP,2026-01-31T08:00:00Z,India Infoline,Godfrey Phillips India Q3 FY26 Profit Rises 9% to ₹343.3 Crore,https://news.google.com/rss/articles/CBMiqAFBVV95cUxPRU5sQXItREdqcEZHa21wSWVJS3gxM0ZiRzBmRjY2c3JqV0EtY2FlbVptZFNGTjgyRjdPVVJDR0dtRE85T2lkMDBKYThvOGJqNUd5MjRkWHNYekhQcDAtUTJpSXVYVmYxbkVZbzRHWDRqTEdJbkxKTS1UaThwbmlQaS1QUXl5MmdxSFktYUU1U1RIMHE0R2VmYTV4WFVfVWFPWEpEOGJ1eHA?oc=5,0.9099
HUDCO,2026-01-31T08:00:00Z,Garhwal Post,HUDCO to partner U’khand in Housing & Urban Development projects,https://news.google.com/rss/articles/CBMijgFBVV95cUxQX1ZacThUQzF3cW5odXltNi14eWJOYkt0QXdRM2JMRk5UNWtMS09McmNnZ3Z6Ny1vMGF1dENleGdfSVoyWDdjSVFGUkhXYWc1YmIzWlhFcE8xbmo3ZnEzc1hQbWd1TVJlUVhONWJFNzlqdy0xZEkwc0l0SmJyZ0dEZzNVUFl2ZjVlaF9kM0hB?oc=5,0.3414
KPRMILL,2026-01-31T08:00:00Z,simplywall.st,Investing in K.P.R. Mill (NSE:KPRMILL) five years ago would have delivered you a 382% gain,https://news.google.com/rss/articles/CBMi2wFBVV95cUxPemdoaWk5YjlqdDJmNzlnQi1ReDlrT3lBa2xMQWlYY0NmYjBtNkdkTElWdllIbUNOcXBZUlpoM2txdHdFNkVhd1M5MWZLVlFBOW9nZXRhaV95dlUyYnJtZ1UxaGxFMTAta2tsT3VjWmJHbjk5cDNJTTlNanczcDBUbjlnRFhBQ1RkQUhqdkdCZXJRV3RDT1JKQ2VJUHVIcGxfV29nWHhzSXp2S0VnUldUMVBSMm9haVBKUFFVbnQ5UHZRcldvRU1ydnlsNHZsdlF4NjEzUENOajZOZTDSAeABQVVfeXFMT0NpdjJsVURYTGwyeXhWNGh2OHZOVF9fUzVXN2d0YWNTSjVldEMxWU5ndllBeHR2bl8yTUU0SlZQSG05cHNIZ0RtSGE1MTAtQnpfaW9MbmNsTUJLak0ybkw4S3Utb0tzZlRJR2JqT0Y3UlZFcWxFRmVJd1RtWV9aZFpMUmduS3dlaGtFbmZsMVBBRVF0MU1rV3piSXRyNDY4YklHN0d5eGNranFLQmVKbmVYYjNDTnhSQl8wMlJ2LWQxbTRJejVWTTZOX29TSkhWQ3JZaDNUM3NNUXRwNzIxcTE?oc=5,0.7254
MOTHERSON,2026-01-31T08:00:00Z,simplywall.st,Samvardhana Motherson International Limited (NSE:MOTHERSON) Not Flying Under The Radar,https://news.google.com/rss/articles/CBMi-gFBVV95cUxQSG9qTlQ5VVh5OUxLYzZBZWlZOTR4andRSW9ZRmNyXzlvbG9KMjY1WG1UZ3dtZnpwSkc2VTFrYkNxcFp1Z0NoX3JnZG05NVM4b2Vndzk1cnJsZnpYSC1UR3hZN2I1a2E0MjE2Wl9xWE9BX1ZtZjg3VHJWRG9PZnBhekFZMkhjNEJxdF9fa3Y4SlJSSFItVnhaR0c0TUhZeHJMTGFLck1oVERtUG9Yc3R3NHY0SGdldkVGTnlFeTh3T0R3U2dFYnJOMk1ZMWxUNXB4b1NIMkxEXzVFTmk3OTVHOGFOUGxLXzU1NWlyTzJKQTdvQ0Z6bXNhT2x30gH_AUFVX3lxTE5iVDJGRXh5ZmM0T2FoWExQcS1ZS2tWSlptbzVOSUpfbEtENE5uZE9iQ3hQS1RpNFcwLW1HcEJUNHZLbjAwbjY5RUJ0b0N2Y1lSTW5DYk9vQlZ2aXhEQko0Nld0YVluTWs5ZVdQN0Z0Zy1xa0FVN2FOM3ZldW12elN3R0pQZDFwcjJqT2lOcDR5QXdBZnNFUVhIbEphWTVEVmk1d3loeHZOZUliSkE1eEhuTGJIN0VMUU14LWF1UHduc1FoYmRHbnFBT3UwQWRaNmF4b2lsZkJlS09hNDNBWmlvdU81dU9TdTY2OFdkU0FQYTdPeU5xUVhaS0pVaElzZw?oc=5,-0.0230
NAM-INDIA,2026-01-31T08:00:00Z,simplywall.st,"Nippon Life India Asset Management (NSE:NAM-INDIA) jumps 6.6% this week, though earnings growth is still tracking behind three-year shareholder returns",https://news.google.com/rss/articles/CBMihwJBVV95cUxOeTlkbUpxR2EyTEhtcS1hY2hVcW1FWVM2VWxOUWY3cHhTNFVHOTlzRVV1LTY2QWcyTDhWQWMwdnp6bWYtUEpjTFBoOEtiVFRSM3ZPZmk1bWo5Y0FiQnV6LW9yTlhPS19FZXluZ0NmN01rd3Yta0VtUVZrRldJaW9nY3B6STNZeHZhY05IZmc3R2d4REFvLXNjRXhkZWM5dzlDcjhHRXdXUFhiOFl6Z0VMaTNDN0xmdnNmUHlyR0pBeng0ZFlkb0pWN1F1Vkdhc1o1Z2JWbnVHY3ZVRlJzbFBNd3BhWmlvS0FvMmd0aHp5OFBWTUFOdlNTU0V0cHViOGpYQWNtOWtjWdIBjAJBVV95cUxPUEJ1T2FfcVVfLXAxVExkcF9JV0Y2MG9sRW9KQXpydlBCQUpiQlpFTWxPMzVCTlRrcGQ1V0ZrVVlqUU9ZRXdRUU1sU2laRU1MZXQ1XzctVW1zclZPUFRhMHVLWThpaHRUcGVYX0dXeHN1ZEt5M0JXUGRHU3lrYnNJRFFJZ3k4SG9ZdXF5OVlOaF9nYWxlaDh4WjBvRmwwT0RadUNDblFPdTd6ek1SNGh2Z2JwVEllTjE2ZW5kdnItOTNscnB5eGNCcTk5YTJJbXZIRmRBOWFpTUt4aUdkQ2psT3I2M3VfckExMzJObTlpWmt6OHJYal8tSWxzV0VKQWVfQnJQdTBtSklLcjlt?oc=5,0.7857
NMDC,2026-01-31T08:00:00Z,simplywall.st,NMDC Limited's (NSE:NMDC) Business And Shares Still Trailing The Market,https://news.google.com/rss/articles/CBMixwFBVV95cUxPZl80SWRJVVRJZkpSblhSS1hLWkhsUWk0b0w5Q1VCbU9mN09ySERIOEZzMG5DMG9EZWR0a2E0eHVrUmdULW9MUFRyNUFsbUIxa0NudkpmUUNsbXRDNWpnY2pqNnJ2MjBiY2EwVzRUOEh4TlEweHVsZnNoRGNCdkswd1VhU3RjWXJ3V0JOa1JjM3NpakdpREpVSnFXbXp0UjFPX0dReWE2VFZSd1FqQkF5aVU2UnhMaUNEWE1OUU95My1rRHE0SWNF0gHMAUFVX3lxTE5jUGI3cVgza0kzMWRaUFVTY0VQbTVjcjNBakJFTUItMjZBRlQ3U1oxMmwxRGJEakZEd3FJZTRiRFVOUWFuN0h3M1MtUEFLT2Rta09RNzF3bmZGSGxGZ3Q1Um56b3ZLLXhwUzZrcE5lcVFaVkJvUTNSMzlld1NyaUFVWkZaQ1hKYXUtSTFsdXh0OWFoTUMxV2xBZThaSGxIZVM5cUM0VnBoYlpoeU0yaWFENTh1YnZfelE1VzRWZDZXYmNhQ2picHJHa3U1MA?oc=5,-0.5354
