tree
version=v4
num_class=1
num_tree_per_iteration=1
label_index=0
max_feature_idx=406
objective=huber
feature_names=name_match symbol_in_title n_other_companies sentiment abs_sentiment price_move title_words w_abb w_above w_acc w_acquire w_acquires w_acquisition w_adani w_aditya w_agm w_ahead w_airtel w_alert w_ambuja w_amc w_among w_analysis w_analyst w_analysts w_announces w_apollo w_appoints w_approval w_approve w_approves w_asset w_aug w_august w_aurobindo w_auto w_axis w_bajaj w_balance w_bank w_baroda w_beat w_below w_bharat w_bharti w_billion w_biocon w_birla w_block w_board w_breakout w_britannia w_brokerages w_bse w_bullish w_business w_buy w_buy' w_buyback w_call w_canara w_cap w_capacity w_capital w_case w_cash w_cement w_cements w_ceo w_check w_climbs w_coal w_cochin w_coforge w_communications w_compare w_comparison w_cons w_consolidated w_consumer w_copper w_corporation w_crisil w_crore w_cross w_cummins w_dabur w_data w_date w_day w_deal w_declared w_declares w_decline w_declines w_demand w_despite w_details w_diis w_director w_dividend w_dmas w_down w_drop w_drops w_earnings w_ebitda w_edge w_electronics w_energies w_energy w_engineering w_enterprises w_equity w_escorts w_estimates w_expansion w_expert w_eyes w_fall w_falling w_falls w_fiis w_final w_finance w_financial w_financials w_fintech w_firm w_first w_five w_flow w_focus w_forecast w_fortis w_full w_fund w_gail w_gain w_gains w_gas w_gets w_global w_godrej w_govt w_green w_group w_growth w_hdfc w_health w_healthcare w_here w_here's w_hero w_high w_higher w_highlights w_hindustan w_hit w_hits w_hold w_holdings w_holds w_host w_hotels w_housing w_hyundai w_icici w_idfc w_income w_india's w_indusind w_industries w_infosys w_insurance w_interest w_interim w_international w_investment w_investments w_investor w_investors w_ipo w_issue w_itc w_jefferies w_jindal w_jio w_jsw w_july w_jump w_jumps w_june w_key w_know w_kotak w_kubota w_l&t w_laboratories w_labs w_lakh w_last w_launches w_lic w_life w_likely w_limited's w_list w_loan w_loss w_low w_lower w_lupin w_maharashtra w_mahindra w_management w_march w_margin w_margins w_market w_maruti w_max w_meet w_meeting w_merger w_million w_month w_morgan w_motilal w_motocorp w_motor w_motors w_mrf w_national w_nearly w_nestle w_net w_news w_next w_nod w_nomura w_nse w_ntpc w_ofs w_oil w_one w_ongc w_open w_opens w_order w_oswal w_other w_others w_outlook w_overseas w_own w_paints w_pat w_pattern w_peer w_per w_performance w_persistent w_pharma w_pidilite w_plan w_plans w_plant w_positive w_post w_posts w_power w_prediction w_premium w_pressure w_preview w_price w_prices w_products w_profit w_profitability w_project w_promoter w_promoters w_pros w_prudential w_psu w_qip w_quality w_quarter w_raise w_raises w_rally w_rating w_ratios w_rbi w_rec w_receives w_record w_reliance w_renewable w_report w_reports w_result w_results w_retail w_revenue w_review w_rise w_rises w_rising w_sale w_sales w_sbi w_schedules w_sector w_see w_sees w_sell w_sells w_sep w_september w_services w_set w_sets w_shareholders w_shareholding w_sheet w_shipyard w_should w_shree w_shriram w_siemens w_signals w_signs w_slides w_slips w_small w_soars w_solar w_solutions w_spotlight w_srf w_stake w_standalone w_state w_steel w_strong w_subsidiary w_sun w_supreme w_surge w_surges w_suzlon w_suzuki w_swiggy w_systems w_target w_targets w_tata w_tcs w_tech w_technologies w_term w_their w_these w_three w_time w_titan w_today w_top w_torrent w_total w_trade w_trading w_transcript w_trent w_tube w_tvs w_two w_ultratech w_under w_union w_unit w_united w_update w_upl w_upside w_valuation w_value w_vedanta w_via w_volume w_volumes w_waaree w_watch w_weak w_week w_which w_wipro w_worth w_year w_years w_yes w_yoy w_zinc w_zydus
feature_infos=[0:1] [0:1] [0:10] [-0.96809999999999996:0.94630000000000003] [0:0.96809999999999996] [0:1] [1:39] [0:1] [0:1] [0:1] [0:1] [0:1] [0:1] [0:1] [0:1] [0:1] [0:1] [0:1] [0:1] [0:1] [0:1] [0:1] [0:1] [0:1] [0:1] [0:1] [0:1] [0:1] [0:1] [0:1] [0:1] [0:1] [0:1] [0:1] [0:1] [0:1] [0:1] [0:1] [0:1] [0:1] [0:1] [0:1] [0:1] [0:1] [0:1] [0:1] [0:1] [0:1] [0:1] [0:1] [0:1] [0:1] [0:1] [0:1] [0:1] [0:1] [0:1] [0:1] [0:1] [0:1] [0:1] [0:1] [0:1] [0:1] [0:1] [0:1] [0:1] [0:1] [0:1] [0:1] [0:1] [0:1] [0:1] [0:1] [0:1] [0:1] [0:1] [0:1] [0:1] [0:1] [0:1] [0:1] [0:1] [0:1] [0:1] [0:1] [0:1] [0:1] [0:1] [0:1] [0:1] [0:1] [0:1] [0:1] [0:1] [0:1] [0:1] [0:1] [0:1] [0:1] [0:1] [0:1] [0:1] [0:1] [0:1] [0:1] [0:1] [0:1] [0:1] [0:1] [0:1] [0:1] [0:1] [0:1] [0:1] [0:1] [0:1] [0:1] [0:1] [0:1] [0:1] [0:1] [0:1] [0:1] [0:1] [0:1] [0:1] [0:1] [0:1] [0:1] [0:1] [0:1] [0:1] [0:1] [0:1] [0:1] [0:1] [0:1] [0:1] [0:1] [0:1] [0:1] [0:1] [0:1] [0:1] [0:1] [0:1] [0:1] [0:1] [0:1] [0:1] [0:1] [0:1] [0:1] [0:1] [0:1] [0:1] [0:1] [0:1] [0:1] [0:1] [0:1] [0:1] [0:1] [0:1] [0:1] [0:1] [0:1] [0:1] [0:1] [0:1] [0:1] [0:1] [0:1] [0:1] [0:1] [0:1] [0:1] [0:1] [0:1] [0:1] [0:1] [0:1] [0:1] [0:1] [0:1] [0:1] [0:1] [0:1] [0:1] [0:1] [0:1] [0:1] [0:1] [0:1] [0:1] [0:1] [0:1] [0:1] [0:1] [0:1] [0:1] [0:1] [0:1] [0:1] [0:1] [0:1] [0:1] [0:1] [0:1] [0:1] [0:1] [0:1] [0:1] [0:1] [0:1] [0:1] [0:1] [0:1] [0:1] [0:1] [0:1] [0:1] [0:1] [0:1] [0:1] [0:1] [0:1] [0:1] [0:1] [0:1] [0:1] [0:1] [0:1] [0:1] [0:1] [0:1] [0:1] [0:1] [0:1] [0:1] [0:1] [0:1] [0:1] [0:1] [0:1] [0:1] [0:1] [0:1] [0:1] [0:1] [0:1] [0:1] [0:1] [0:1] [0:1] [0:1] [0:1] [0:1] [0:1] [0:1] [0:1] [0:1] [0:1] [0:1] [0:1] [0:1] [0:1] [0:1] [0:1] [0:1] [0:1] [0:1] [0:1] [0:1] [0:1] [0:1] [0:1] [0:1] [0:1] [0:1] [0:1] [0:1] [0:1] [0:1] [0:1] [0:1] [0:1] [0:1] [0:1] [0:1] [0:1] [0:1] [0:1] [0:1] [0:1] [0:1] [0:1] [0:1] [0:1] [0:1] [0:1] [0:1] [0:1] [0:1] [0:1] [0:1] [0:1] [0:1] [0:1] [0:1] [0:1] [0:1] [0:1] [0:1] [0:1] [0:1] [0:1] [0:1] [0:1] [0:1] [0:1] [0:1] [0:1] [0:1] [0:1] [0:1] [0:1] [0:1] [0:1] [0:1] [0:1] [0:1] [0:1] [0:1] [0:1] [0:1] [0:1] [0:1] [0:1] [0:1] [0:1] [0:1] [0:1] [0:1] [0:1] [0:1] [0:1] [0:1] [0:1] [0:1] [0:1] [0:1] [0:1] [0:1] [0:1] [0:1] [0:1] [0:1] [0:1] [0:1] [0:1] [0:1] [0:1] [0:1] [0:1] [0:1] [0:1] [0:1] [0:1] [0:1] [0:1] [0:1] [0:1] [0:1] [0:1] [0:1] [0:1] [0:1] [0:1] [0:1] [0:1] [0:1] [0:1] [0:1] [0:1] [0:1] [0:1] [0:1] [0:1] [0:1] [0:1] [0:1] [0:1] [0:1] [0:1] [0:1] [0:1] [0:1] [0:1] [0:1] [0:1] [0:1] [0:1] [0:1] [0:1] [0:1]
tree_sizes=1445 1541 1533 1531 1539 1544 1549 1536 1530 1539 1530 1569 1537 1540 1530 1540 1547 1540 1537 1565 1545 1539 1521 1527 1545 1550 1537 1569 1554 1548 1573 1567 1562 1544 1542 1533 1564 1532 1555 1564 1556 1557 1552 1560 1549 1554 1561 1558 1554 1540 1532 1545 1548 1548 1548 1557 1575 1541 1589 1539 1552 1565 1540 1569 1575 1561 1573 1582 1533 1542 1581 1568 1570 1567 1567 1578 1549 1543 1522 1571 1570 1562 1580 1554 1560 1535 1547 1568 1574 1554 1546 1572 1545 1543 1544 1578 1546 1559 1548 1571 1543 1573 1531 1543 1573 1529 1535 1532 1530 1544 1558 1541 1547 1537 1557 1558 1564 1523 1564 1537 1558 1531 1550 1538 1562 1557 1565 1563 1535 1579 1545 1579 1517 1537 1552 1536 1548 1556 1569 1556 1566 1541 1538 1551 1539 1527 1564 1531 1546 1540 1536 1582 1573 1548 1546 1550 1507 1540 1525 1534 1568 1534 1559 1553 1551 1536 1555 1558 1563 1529 1537 1543 1545 1545 1572 1522 1540 1537 1535 1541 1550 1531 1537 1557 1558 1531 1561 1542 1531 1549 1566 1550 1557 1541 1541 1534 1549 1516 1557 1533 1528 1529 1563 1527 1532 1554 1556 1551 1539 1538 1558 1545 1508 1549 1545 1545 1530 1538 1546 1559 1529 1557 1575 1529 1530 1548 1550 1536 1534 1522 1526 1532 1529 1539 1545 1532 1547 1545 1529 1540 1557 1543 1534 1530 1562 1538 1535 1574 1525 1512 1552 1521 1539 1555 1530 1527 1522 1557 1518 1533 1542 1548 1546 1532 1556 1528 1524 1573 1523 1535 1506 1533 1536 1521 1537 1535 1534 1565 1537 1547 1536 1550 1521 1573 1563 1528 1547 1537 1529 1536 1542 1536 1545 1525 1556 1538 1538 1515 1540 1551

Tree=0
num_leaves=15
num_cat=0
split_feature=4 4 310 159 243 52 276 191 52 397 364 364 4 83
split_gain=493.958 107.832 77.4919 50.5182 46.7201 36.9591 36.4106 33.2015 24.5139 24.4574 22.8706 21.7724 20.1922 18.9356
threshold=0.77465000000000017 0.93985000000000007 1.0000000180025095e-35 1.0000000180025095e-35 1.0000000180025095e-35 1.0000000180025095e-35 1.0000000180025095e-35 1.0000000180025095e-35 1.0000000180025095e-35 1.0000000180025095e-35 1.0000000180025095e-35 1.0000000180025095e-35 0.17190000000000003 1.0000000180025095e-35
decision_type=2 2 2 2 2 2 2 2 2 2 2 2 2 2
left_child=2 3 6 4 5 7 8 9 12 11 -3 13 -1 -2
right_child=1 10 -4 -5 -6 -7 -8 -9 -10 -11 -12 -13 -14 -15
leaf_value=1.545273280363159 1.5610091497496834 1.5781693911678192 1.5991456420835828 1.5923122112729156 1.6073198468774261 1.595172015970874 1.5584412097568232 1.5730537981535975 1.5805548730544934 1.5882076329361539 1.5429389325918728 1.5387153822839696 1.5503682916191246 1.5530191925720482
leaf_weight=6397 3642 1506 70 131 50 73 770 473 51 67 43 127 2943 932
leaf_count=6397 3642 1506 70 131 50 73 770 473 51 67 43 127 2943 932
internal_value=1.5553 1.56549 1.54828 1.5622 1.56144 1.56097 1.54792 1.56047 1.54706 1.55922 1.57712 1.55878 1.54687 1.55937
internal_weight=17275 7044 10231 5495 5364 5314 10161 5241 9391 4768 1549 4701 9340 4574
internal_count=17275 7044 10231 5495 5364 5314 10161 5241 9391 4768 1549 4701 9340 4574
is_linear=0
shrinkage=1


Tree=1
num_leaves=15
num_cat=0
split_feature=5 4 190 310 191 190 159 4 191 364 3 351 2 308
split_gain=526.133 217.76 63.0102 53.9213 46.6056 46.1848 38.6871 26.1897 23.4851 23.0459 16.7419 16.3389 14.6859 14.5768
threshold=1.0000000180025095e-35 0.80985000000000007 1.0000000180025095e-35 1.0000000180025095e-35 1.0000000180025095e-35 1.0000000180025095e-35 1.0000000180025095e-35 0.71445000000000014 1.0000000180025095e-35 1.0000000180025095e-35 -0.57504999999999995 1.0000000180025095e-35 1.0000000180025095e-35 1.0000000180025095e-35
decision_type=2 2 2 2 2 2 2 2 2 2 2 2 2 2
left_child=1 2 3 8 5 6 9 -2 10 11 -1 12 -3 -12
right_child=7 4 -4 -5 -6 -7 -8 -9 -10 -11 13 -13 -14 -15
leaf_value=-0.0072932214781947363 0.0018382113353748409 -0.0061878242147717366 0.020639855983179241 0.024017077287659051 0.0092327623373330055 0.017630534224240314 0.022311927181062771 0.018781816726703416 0.007923208301266034 -0.02631079752696678 -0.019577068107322352 0.006253168841502294 -0.012138436545473179 0.00071308000429355081
leaf_weight=303 275 2550 100 70 473 177 98 1365 79 175 9521 189 1770 89
leaf_count=303 275 2550 100 70 473 177 98 1365 79 175 9521 189 1770 89
internal_value=-0.0109489 -0.0137826 -0.0181013 -0.0184964 -0.005694 -0.00712562 -0.00805939 0.0159549 -0.0188061 -0.00871795 -0.019023 -0.00800676 -0.00863714 -0.0193889
internal_weight=17234 15594 10162 10062 5432 4959 4782 1640 9992 4684 9913 4509 4320 9610
internal_count=17234 15594 10162 10062 5432 4959 4782 1640 9992 4684 9913 4509 4320 9610
is_linear=0
shrinkage=0.05


Tree=2
num_leaves=15
num_cat=0
split_feature=5 4 310 190 190 4 243 276 351 39 52 154 279 276
split_gain=496.471 184.797 55.9572 38.7687 37.7226 36.539 28.1856 21.3199 19.3179 18.3119 17.2346 17.588 16.8916 13.9689
threshold=1.0000000180025095e-35 0.71445000000000014 1.0000000180025095e-35 1.0000000180025095e-35 1.0000000180025095e-35 0.035550000000000005 1.0000000180025095e-35 1.0000000180025095e-35 1.0000000180025095e-35 1.0000000180025095e-35 1.0000000180025095e-35 1.0000000180025095e-35 1.0000000180025095e-35 1.0000000180025095e-35
decision_type=2 2 2 2 2 2 2 2 2 2 2 2 2 2
left_child=1 2 3 13 6 -2 7 8 9 10 11 -3 -11 -1
right_child=5 4 -4 -5 -6 -7 -8 -9 -10 12 -12 -13 -14 -15
leaf_value=-0.018781758089478764 -0.022429081292883044 -0.010270473320101342 0.027462395629508127 0.017889991652612625 0.014671739367037721 0.016948201047860493 0.030236663058400157 0.0056801971474308398 0.007266132149943959 -0.0060112117872427196 0.021078792958945523 0.009878705059444267 0.015965047244825503 -0.01080035686961184
leaf_weight=8690 57 4884 64 71 199 1595 45 287 191 237 41 107 132 610
leaf_count=8690 57 4884 64 71 199 1595 45 287 191 237 41 107 132 610
internal_value=-0.0105016 -0.0132694 -0.0176584 -0.017981 -0.00649741 0.015526 -0.00722031 -0.00753247 -0.00821505 -0.00876874 -0.00955654 -0.00982905 0.00195855 -0.0182643
internal_weight=17210 15558 9435 9371 6123 1652 5924 5879 5592 5401 5032 4991 369 9300
internal_count=17210 15558 9435 9371 6123 1652 5924 5879 5592 5401 5032 4991 369 9300
is_linear=0
shrinkage=0.05


Tree=3
num_leaves=15
num_cat=0
split_feature=5 4 310 190 191 159 190 351 4 191 243 308 364 6
split_gain=440.537 192.154 66.9269 48.8829 46.478 48.655 45.2693 21.7736 20.8 18.9338 18.0027 15.8365 15.1413 14.1995
threshold=1.0000000180025095e-35 0.70410000000000006 1.0000000180025095e-35 1.0000000180025095e-35 1.0000000180025095e-35 1.0000000180025095e-35 1.0000000180025095e-35 1.0000000180025095e-35 0.83345000000000014 1.0000000180025095e-35 1.0000000180025095e-35 1.0000000180025095e-35 1.0000000180025095e-35 14.500000000000002
decision_type=2 2 2 2 2 2 2 2 2 2 2 2 2 2
left_child=1 2 6 4 5 7 9 12 -2 10 11 -1 13 -3
right_child=8 3 -4 -5 -6 -7 -8 -9 -10 -11 -12 -13 -14 -15
leaf_value=-0.018135965275312367 0.003864591038092675 -0.0079612075310558708 0.031007547315516294 0.017515361329188218 0.0082652196537570232 0.024088062368080781 0.019980291781447283 0.0079239165116421345 0.017709140897119561 0.012153165340423586 0.0051598446189679882 0.0060480174444563373 -0.023681808808083418 -0.021659860928921994
leaf_weight=9060 347 4810 68 217 492 113 77 193 1295 50 83 66 167 194
leaf_count=9060 347 4810 68 217 492 113 77 193 1295 50 83 66 167 194
internal_value=-0.00979728 -0.0123923 -0.0168933 -0.00554179 -0.00639398 -0.00771716 -0.0172586 -0.00840899 0.014804 -0.0175789 -0.0177468 -0.0179578 -0.00902566 -0.00851338
internal_weight=17232 15590 9404 6186 5969 5477 9336 5364 1642 9259 9209 9126 5171 5004
internal_count=17232 15590 9404 6186 5969 5477 9336 5364 1642 9259 9209 9126 5171 5004
is_linear=0
shrinkage=0.05


Tree=4
num_leaves=15
num_cat=0
split_feature=5 4 310 190 190 191 191 243 4 154 308 243 269 292
split_gain=443.93 167.144 55.7633 49.5477 38.3992 41.3196 30.4606 26.8353 26.7328 23.9496 21.8459 18.3297 16.2253 16.1764
threshold=1.0000000180025095e-35 0.80985000000000007 1.0000000180025095e-35 1.0000000180025095e-35 1.0000000180025095e-35 1.0000000180025095e-35 1.0000000180025095e-35 1.0000000180025095e-35 0.035550000000000005 1.0000000180025095e-35 1.0000000180025095e-35 1.0000000180025095e-35 1.0000000180025095e-35 1.0000000180025095e-35
decision_type=2 2 2 2 2 2 2 2 2 2 2 2 2 2
left_child=1 2 3 6 5 7 10 9 -2 12 11 13 -3 -1
right_child=8 4 -4 -5 -6 -7 -8 -9 -10 -11 -12 -13 -14 -15
leaf_value=-0.017200908806860614 -0.018663182959221959 -0.0081721957522320372 0.027496162292857968 0.01655929723722685 0.017427106632137711 0.0086079695115749474 0.013217358442489058 0.031533938580089148 0.016485832865299185 0.016004483570793159 0.0074559923402072563 0.0053893548171771201 0.02029426973678318 0.0050948322953327622
leaf_weight=9740 52 4578 70 112 183 463 83 40 1598 103 91 90 46 80
leaf_count=9740 52 4578 70 112 183 463 83 40 1598 103 91 90 46 80
internal_value=-0.0093113 -0.011908 -0.0156557 -0.0159652 -0.00479251 -0.00558589 -0.0163345 -0.00697206 0.0153251 -0.00733087 -0.0165863 -0.0168107 -0.00786739 -0.0170168
internal_weight=17329 15679 10266 10196 5413 5230 10084 4767 1650 4727 10001 9910 4624 9820
internal_count=17329 15679 10266 10196 5413 5230 10084 4767 1650 4727 10001 9910 4624 9820
is_linear=0
shrinkage=0.05


Tree=5
num_leaves=15
num_cat=0
split_feature=4 4 154 190 276 243 190 191 393 310 269 364 292 243
split_gain=314.912 72.5599 62.2532 62.1847 41.5922 35.7938 35.5227 30.6264 25.6298 20.5873 20.5126 18.502 17.6358 17.7483
threshold=0.80985000000000007 0.94395000000000007 1.0000000180025095e-35 1.0000000180025095e-35 1.0000000180025095e-35 1.0000000180025095e-35 1.0000000180025095e-35 1.0000000180025095e-35 1.0000000180025095e-35 1.0000000180025095e-35 1.0000000180025095e-35 1.0000000180025095e-35 1.0000000180025095e-35 1.0000000180025095e-35
decision_type=2 2 2 2 2 2 2 2 2 2 2 2 2 2
left_child=3 2 5 4 8 6 7 11 10 -6 12 -2 13 -1
right_child=1 -3 -4 -5 9 -7 -8 -9 -10 -11 -12 -13 -14 -15
leaf_value=-0.01648152813850276 -0.0062489807896803883 0.0094904465391944665 0.024302261388705424 0.021380012147205554 -0.0057776659510396667 0.037017997354269028 0.016186862577902802 0.0066679410114804443 0.018660125548697334 0.028339659727792794 0.011808785856427516 -0.025373847961589299 0.0073434425245334466 0.0073733088134983445
leaf_weight=9311 4263 1423 193 116 760 47 191 461 50 42 63 126 77 76
leaf_count=9311 4263 1423 193 116 760 47 191 461 50 42 63 126 77 76
internal_value=-0.00897697 -0.000510597 -0.00321187 -0.0143823 -0.0147921 -0.00427838 -0.00469971 -0.00553808 -0.0157079 -0.00382646 -0.015898 -0.00682627 -0.0160886 -0.0162846
internal_weight=17199 6704 5281 10495 10379 5088 5041 4850 9577 802 9527 4389 9464 9387
internal_count=17199 6704 5281 10495 10379 5088 5041 4850 9577 802 9527 4389 9464 9387
is_linear=0
shrinkage=0.05


Tree=6
num_leaves=15
num_cat=0
split_feature=5 4 310 159 191 364 308 4 23 304 276 275 144 41
split_gain=364.355 127.777 60.8784 29.3678 31.1322 22.6044 20.8469 20.1738 18.3853 19.8178 16.1115 15.1829 13.7693 13.1312
threshold=1.0000000180025095e-35 0.80985000000000007 1.0000000180025095e-35 1.0000000180025095e-35 1.0000000180025095e-35 1.0000000180025095e-35 1.0000000180025095e-35 0.035550000000000005 1.0000000180025095e-35 1.0000000180025095e-35 1.0000000180025095e-35 1.0000000180025095e-35 1.0000000180025095e-35 1.0000000180025095e-35
decision_type=2 2 2 2 2 2 2 2 2 2 2 2 2 2
left_child=1 2 6 4 5 11 8 -2 9 10 12 13 -1 -3
right_child=7 3 -4 -5 -6 -7 -8 -9 -10 -11 -12 -13 -14 -15
leaf_value=-0.015696024258567885 -0.015712653792330198 -0.0057131696117883757 0.029673648569025574 0.020325160215244345 0.0075364207653731852 -0.02399509943365543 0.0079677926864510831 0.015131955186647762 -0.025898912841045896 -0.0066152586698067038 -0.0063436798907207746 -0.032896751746097033 0.0087596560828387734 0.017320766594512243
leaf_weight=8337 51 4598 74 110 434 171 99 1550 360 777 516 46 55 58
leaf_count=8337 51 4598 74 110 434 171 99 1550 360 777 516 46 55 58
internal_value=-0.00858305 -0.0109099 -0.0142002 -0.00469596 -0.00523323 -0.00637708 -0.0145348 0.0141035 -0.0147604 -0.0143332 -0.0150023 -0.00571155 -0.0155306 -0.00540796
internal_weight=17236 15635 10218 5417 5307 4873 10144 1601 10045 9685 8908 4702 8392 4656
internal_count=17236 15635 10218 5417 5307 4873 10144 1601 10045 9685 8908 4702 8392 4656
is_linear=0
shrinkage=0.05


Tree=7
num_leaves=15
num_cat=0
split_feature=5 4 310 190 190 276 269 4 6 168 191 269 191 364
split_gain=344.609 129.349 40.9317 40.0061 36.7709 27.8673 18.7837 18.7649 19.7452 18.5048 16.2149 15.924 16.1889 12.8247
threshold=1.0000000180025095e-35 0.80985000000000007 1.0000000180025095e-35 1.0000000180025095e-35 1.0000000180025095e-35 1.0000000180025095e-35 1.0000000180025095e-35 0.035550000000000005 14.500000000000002 1.0000000180025095e-35 1.0000000180025095e-35 1.0000000180025095e-35 1.0000000180025095e-35 1.0000000180025095e-35
decision_type=2 2 2 2 2 2 2 2 2 2 2 2 2 2
left_child=1 2 3 9 5 6 10 -2 -9 11 13 12 -1 -3
right_child=7 4 -4 -5 -6 -7 -8 8 -10 -11 -12 -13 -14 -15
leaf_value=-0.01513336029723971 -0.013958987605864885 -0.0067354813510155619 0.023698296822193599 0.016258021194714114 0.017214610472952249 0.011161065263379562 0.0236051627698372 0.016320317722607596 -0.0036369748560966353 0.013613771097892422 0.0028876911559761621 0.009130983966940516 0.0077596620866097511 -0.020956683430416758
leaf_weight=9865 56 4300 67 102 184 242 48 1414 134 54 428 66 75 161
leaf_count=9865 56 4300 67 102 184 242 48 1414 134 54 428 66 75 161
internal_value=-0.00848845 -0.0107592 -0.0140559 -0.0143164 -0.0044641 -0.00525016 -0.00606508 0.0135497 0.0145866 -0.0146343 -0.0063802 -0.0147934 -0.0149568 -0.00727162
internal_weight=17196 15592 10229 10162 5363 5179 4937 1604 1548 10060 4889 10006 9940 4461
internal_count=17196 15592 10229 10162 5363 5179 4937 1604 1548 10060 4889 10006 9940 4461
is_linear=0
shrinkage=0.05


Tree=8
num_leaves=15
num_cat=0
split_feature=5 4 310 190 190 191 191 37 4 6 243 351 269 210
split_gain=377.827 124.913 43.1848 36.0384 30.7412 30.2865 24.3269 19.9943 16.6741 17.3706 13.3963 12.8528 16.5482 14.9175
threshold=1.0000000180025095e-35 0.80985000000000007 1.0000000180025095e-35 1.0000000180025095e-35 1.0000000180025095e-35 1.0000000180025095e-35 1.0000000180025095e-35 1.0000000180025095e-35 0.033550000000000003 14.500000000000002 1.0000000180025095e-35 1.0000000180025095e-35 1.0000000180025095e-35 1.0000000180025095e-35
decision_type=2 2 2 2 2 2 2 2 2 2 2 2 2 2
left_child=1 2 3 6 5 11 10 8 -2 -10 -1 12 13 -3
right_child=7 4 -4 -5 -6 -7 -8 -9 9 -11 -12 -13 -14 -15
leaf_value=-0.014237911735111056 -0.013071116588332439 -0.0069073230956878577 0.026909478557810413 0.01482530416521643 0.015924505441890734 0.0077745461105983085 0.013171315930473307 0.04783438505367079 0.016850346584115786 -0.0028577084600925444 0.0049047904304767914 0.0073311846703290945 0.023662836606735769 0.016100199069155174
leaf_weight=9824 50 4459 62 107 185 450 79 42 1403 120 90 177 41 67
leaf_count=9824 50 4459 62 107 185 450 79 42 1403 120 90 177 41 67
internal_value=-0.00761614 -0.0100089 -0.0132693 -0.0135291 -0.00384273 -0.00456143 -0.01384 0.0153688 0.0143531 0.0152932 -0.0140617 -0.00573854 -0.00625253 -0.00654934
internal_weight=17156 15541 10162 10100 5379 5194 9993 1615 1573 1523 9914 4744 4567 4526
internal_count=17156 15541 10162 10100 5379 5194 9993 1615 1573 1523 9914 4744 4567 4526
is_linear=0
shrinkage=0.05


Tree=9
num_leaves=15
num_cat=0
split_feature=5 4 190 159 190 191 191 4 292 369 37 276 364 393
split_gain=343.981 114.313 39.7803 30.1215 24.4117 23.8584 23.2205 20.4507 18.7283 18.4487 17.0754 15.8115 15.0519 14.2311
threshold=1.0000000180025095e-35 0.8025500000000001 1.0000000180025095e-35 1.0000000180025095e-35 1.0000000180025095e-35 1.0000000180025095e-35 1.0000000180025095e-35 0.033550000000000003 1.0000000180025095e-35 1.0000000180025095e-35 1.0000000180025095e-35 1.0000000180025095e-35 1.0000000180025095e-35 1.0000000180025095e-35
decision_type=2 2 2 2 2 2 2 2 2 2 2 2 2 2
left_child=1 2 5 4 6 8 12 -2 9 11 -9 13 -3 -1
right_child=7 3 -4 -5 -6 -7 -8 10 -10 -11 -12 -13 -14 -15
leaf_value=-0.014572261077164174 -0.01677267193221129 -0.0054417164901281213 0.016557608142738111 0.021729250306642689 0.013752972305402284 0.013919276103559065 0.0059889207389711395 0.014432611480771899 0.010971954879933037 0.00031595165494470917 0.044825375049698107 -0.0062076730461522065 -0.020255967280593333 0.012565666399896145
leaf_weight=8913 47 4587 110 108 175 77 437 1542 75 234 44 637 174 45
leaf_count=8913 47 4587 110 108 175 77 437 1542 75 234 44 637 174 45
internal_value=-0.0073619 -0.00965204 -0.0128084 -0.00383451 -0.00436808 -0.0131402 -0.00499079 0.0144393 -0.0133575 -0.0135486 0.015414 -0.0138867 -0.00600381 -0.014429
internal_weight=17205 15572 10091 5481 5373 9981 5198 1633 9904 9829 1586 9595 4761 8958
internal_count=17205 15572 10091 5481 5373 9981 5198 1633 9904 9829 1586 9595 4761 8958
is_linear=0
shrinkage=0.05


Tree=10
num_leaves=15
num_cat=0
split_feature=5 4 190 191 159 190 310 243 4 37 4 308 351 52
split_gain=294.159 97.2386 32.3337 32.6424 29.0629 25.8261 23.9711 22.1255 20.4153 18.1194 16.11 15.1475 14.0905 14.5441
threshold=1.0000000180025095e-35 0.69335000000000013 1.0000000180025095e-35 1.0000000180025095e-35 1.0000000180025095e-35 1.0000000180025095e-35 1.0000000180025095e-35 1.0000000180025095e-35 0.041850000000000005 1.0000000180025095e-35 0.94395000000000007 1.0000000180025095e-35 1.0000000180025095e-35 1.0000000180025095e-35
decision_type=2 2 2 2 2 2 2 2 2 2 2 2 2 2
left_child=1 5 3 4 7 6 11 10 -2 -10 12 -1 13 -3
right_child=8 2 -4 -5 -6 -7 -8 -9 9 -11 -12 -13 -14 -15
leaf_value=-0.012724480919897745 -0.013923559171050343 -0.0084034799302439862 0.014950161753863165 0.007645131862308416 0.018193428738853865 0.015852122628186121 0.016807696233752747 0.026522106312069239 0.013501499096442505 0.045054357832608125 0.0013118121024011879 0.0097761129331472643 0.0060487423621057336 0.019389900753352174
leaf_weight=9053 62 4523 213 490 119 78 66 46 1538 43 569 72 179 43
leaf_count=9053 62 4523 213 490 119 78 66 46 1538 43 569 72 179 43
internal_value=-0.00669841 -0.00883791 -0.00397644 -0.00466377 -0.00577055 -0.0120764 -0.0123219 -0.00631904 0.0133875 0.014499 -0.00662799 -0.0125417 -0.00758048 -0.00812081
internal_weight=17094 15451 6182 5969 5479 9269 9191 5360 1643 1581 5314 9125 4745 4566
internal_count=17094 15451 6182 5969 5479 9269 9191 5360 1643 1581 5314 9125 4745 4566
is_linear=0
shrinkage=0.05


Tree=11
num_leaves=15
num_cat=0
split_feature=5 191 279 351 159 276 304 310 308 304 121 352 276 292
split_gain=267.331 50.0717 33.804 38.0211 35.4613 25.9075 25.8646 24.0685 21.8656 18.8417 19.2672 17.7272 16.002 15.7452
threshold=1.0000000180025095e-35 1.0000000180025095e-35 1.0000000180025095e-35 1.0000000180025095e-35 1.0000000180025095e-35 1.0000000180025095e-35 1.0000000180025095e-35 1.0000000180025095e-35 1.0000000180025095e-35 1.0000000180025095e-35 1.0000000180025095e-35 1.0000000180025095e-35 1.0000000180025095e-35 1.0000000180025095e-35
decision_type=2 2 2 2 2 2 2 2 2 2 2 2 2 2
left_child=1 2 3 4 5 8 -4 -7 9 10 11 13 -3 -1
right_child=-2 12 6 -5 -6 7 -8 -9 -10 -11 -12 -13 -14 -15
leaf_value=-0.012597928084351048 0.012518888908765272 0.0034286344289392529 0.0017524185927009338 0.012127315573646533 0.015830611388466153 -0.0042336104400157223 -0.013213662265866977 0.031833638250827793 0.0016597140570625446 -0.0046983527420657216 0.014072922029545611 0.015315855572284279 0.033420261986819765 0.0051438894281669182
leaf_weight=10905 1635 502 1116 187 124 827 384 44 322 943 66 54 44 124
leaf_count=10905 1635 502 1116 187 124 827 384 44 322 943 66 54 44 124
internal_value=-0.00669188 -0.00870327 -0.0092415 -0.0100272 -0.0103406 -0.0105907 -0.00211007 -0.00224031 -0.0111755 -0.0115178 -0.0120923 -0.0122543 0.00612688 -0.0123962
internal_weight=17277 15642 15096 13596 13409 13285 1500 871 12414 12092 11149 11083 546 11029
internal_count=17277 15642 15096 13596 13409 13285 1500 871 12414 12092 11149 11083 546 11029
is_linear=0
shrinkage=0.05


Tree=12
num_leaves=15
num_cat=0
split_feature=5 4 310 190 159 191 23 37 279 364 304 279 3 3
split_gain=259.221 91.6313 29.1624 20.0558 19.2447 19.0238 16.8363 14.7826 14.6196 14.273 13.0527 15.7927 12.7748 18.2925
threshold=1.0000000180025095e-35 0.71445000000000014 1.0000000180025095e-35 1.0000000180025095e-35 1.0000000180025095e-35 1.0000000180025095e-35 1.0000000180025095e-35 1.0000000180025095e-35 1.0000000180025095e-35 1.0000000180025095e-35 1.0000000180025095e-35 1.0000000180025095e-35 0.78785000000000005 -0.017749999999999998
decision_type=2 2 2 2 2 2 2 2 2 2 2 2 2 2
left_child=1 2 6 4 5 9 8 10 -1 -3 11 12 13 -2
right_child=7 3 -4 -5 -6 -7 -8 -9 -10 -11 -12 -13 -14 -15
leaf_value=-0.011438521871496597 0.0080446331426320666 -0.0046961944672800383 0.019169204258006306 0.011942982733483621 0.01499712847483655 0.0051779200921959851 -0.022306011578400755 0.040461183587710066 -0.00082738515900572865 -0.019046961044142437 0.022420466542791798 0.023805234137162901 0.023604391858629559 -0.014789626237302634
leaf_weight=8712 949 5140 74 202 127 479 345 43 338 175 250 174 110 92
leaf_count=8712 949 5140 74 202 127 479 345 43 338 175 250 174 110 92
internal_value=-0.00615995 -0.00813737 -0.0112187 -0.00336691 -0.00389886 -0.00432562 -0.0114681 0.012862 -0.0110429 -0.00518616 0.0119828 0.00993656 0.0077461 0.00596557
internal_weight=17210 15592 9469 6123 5921 5794 9395 1618 9050 5315 1575 1325 1151 1041
internal_count=17210 15592 9469 6123 5921 5794 9395 1618 9050 5315 1575 1325 1151 1041
is_linear=0
shrinkage=0.05


Tree=13
num_leaves=15
num_cat=0
split_feature=5 4 310 190 159 364 190 191 4 308 333 351 279 4
split_gain=209.64 81.6789 38.1656 32.8198 29.2887 20.0369 16.5057 16.2136 15.6646 14.9252 14.0862 13.9726 13.0237 12.9824
threshold=1.0000000180025095e-35 0.70410000000000006 1.0000000180025095e-35 1.0000000180025095e-35 1.0000000180025095e-35 1.0000000180025095e-35 1.0000000180025095e-35 1.0000000180025095e-35 0.57525000000000015 1.0000000180025095e-35 1.0000000180025095e-35 1.0000000180025095e-35 1.0000000180025095e-35 0.95025000000000015
decision_type=2 2 2 2 2 2 2 2 2 2 2 2 2 2
left_child=1 2 6 4 5 7 9 10 -2 -1 11 13 -9 -3
right_child=8 3 -4 -5 -6 -7 -8 12 -10 -11 -12 -13 -14 -15
leaf_value=-0.011183685857210583 -0.0013700346137747307 -0.0057290535308873146 0.02557821896701433 0.016086640619785986 0.018937687065614307 -0.021054824886843564 0.011677482477730004 0.015884446338151524 0.013144446109298713 0.012014824893115693 -0.030114419930787003 0.0088180899788948847 -0.001164663398244514 0.0030351093503085372
leaf_weight=9243 213 4518 68 209 133 170 77 168 1409 66 49 188 316 463
leaf_count=9243 213 4518 68 209 133 170 77 168 1409 66 49 188 316 463
internal_value=-0.00584748 -0.00761946 -0.0105454 -0.00316303 -0.00384582 -0.00437754 -0.0108206 -0.00386231 0.0112401 -0.0110128 -0.00467478 -0.00440475 0.00485512 -0.00491217
internal_weight=17290 15668 9454 6214 6005 5872 9386 5702 1622 9309 5218 5169 484 4981
internal_count=17290 15668 9454 6214 6005 5872 9386 5702 1622 9309 5218 5169 484 4981
is_linear=0
shrinkage=0.05


Tree=14
num_leaves=15
num_cat=0
split_feature=5 190 4 159 191 310 243 4 6 144 308 308 244 4
split_gain=217.416 77.0091 58.8795 27.3933 23.6659 23.164 20.4509 14.6975 16.7964 13.9341 12.7582 12.3077 13.7148 12.3062
threshold=1.0000000180025095e-35 1.0000000180025095e-35 0.64665000000000006 1.0000000180025095e-35 1.0000000180025095e-35 1.0000000180025095e-35 1.0000000180025095e-35 0.64665000000000006 7.5000000000000009 1.0000000180025095e-35 1.0000000180025095e-35 1.0000000180025095e-35 1.0000000180025095e-35 0.95025000000000015
decision_type=2 2 2 2 2 2 2 2 2 2 2 2 2 2
left_child=1 2 5 4 6 9 11 8 -2 10 -1 12 13 -4
right_child=7 -3 3 -5 -6 -7 -8 -9 -10 -11 -12 -13 -14 -15
leaf_value=-0.01122732584614969 0.023639868117742619 0.018089345698464678 -0.0070974520473055594 0.017840579083627638 0.0056900440271330848 0.017506979966587198 0.025796817111618381 0.013462966387756356 -0.0067541306919531169 0.012539581936289325 0.01156870721588059 0.0030346928742127841 -0.026071844837731784 0.0013524528106370849
leaf_weight=8883 54 281 4672 131 485 68 46 1393 193 59 58 346 85 473
leaf_count=8883 54 281 4672 131 485 68 46 1393 193 59 58 346 85 473
internal_value=-0.0058163 -0.00763886 -0.00811695 -0.00437282 -0.00486352 -0.0106888 -0.00577821 0.0114764 0.000227914 -0.0109114 -0.0110731 -0.00606157 -0.00666567 -0.00632006
internal_weight=17227 15587 15306 6238 6107 9068 5622 1640 247 9000 8941 5576 5230 5145
internal_count=17227 15587 15306 6238 6107 9068 5622 1640 247 9000 8941 5576 5230 5145
is_linear=0
shrinkage=0.05


Tree=15
num_leaves=15
num_cat=0
split_feature=5 4 310 269 190 243 159 190 191 124 4 279 335 351
split_gain=178.127 61.8281 26.3633 22.9675 22.8788 18.3358 17.3774 18.3083 15.4284 12.9155 12.8466 11.5714 11.3842 11.602
threshold=1.0000000180025095e-35 0.77465000000000017 1.0000000180025095e-35 1.0000000180025095e-35 1.0000000180025095e-35 1.0000000180025095e-35 1.0000000180025095e-35 1.0000000180025095e-35 1.0000000180025095e-35 1.0000000180025095e-35 0.033550000000000003 1.0000000180025095e-35 1.0000000180025095e-35 1.0000000180025095e-35
decision_type=2 2 2 2 2 2 2 2 2 2 2 2 2 2
left_child=1 2 4 5 -1 6 7 8 12 10 -2 -10 13 -3
right_child=9 3 -4 -5 -6 -7 -8 -9 11 -11 -12 -13 -14 -15
leaf_value=-0.0098729695484606542 -0.014943101355489694 -0.0060408369773864825 0.019840214391807456 0.026258942459835045 0.014144841104395468 0.02727336532303265 0.015295152529335219 0.011560429465426233 0.015140080503188075 0.034987180694364586 0.010263729802432496 -0.0013271167844061051 0.014960050680742099 0.0066661121903304407
leaf_weight=9671 48 4574 72 62 96 44 116 181 155 47 1546 318 64 183
leaf_count=9671 48 4574 72 62 96 44 116 181 155 47 1546 318 64 183
internal_value=-0.00534939 -0.00700467 -0.00940416 -0.00285603 -0.00962978 -0.00319936 -0.00346333 -0.00387437 -0.00441249 0.0102955 0.00946033 0.00417103 -0.00525809 -0.00554552
internal_weight=17177 15536 9839 5697 9767 5635 5591 5475 5294 1641 1594 473 4821 4757
internal_count=17177 15536 9839 5697 9767 5635 5591 5475 5294 1641 1594 473 4821 4757
is_linear=0
shrinkage=0.05


Tree=16
num_leaves=15
num_cat=0
split_feature=5 190 4 159 310 37 279 304 52 279 4 188 23 369
split_gain=201.342 62.3986 51.5438 21.8307 19.6791 19.363 16.6062 19.7203 15.7107 13.5048 12.8518 12.275 11.8901 10.8796
threshold=1.0000000180025095e-35 1.0000000180025095e-35 0.80985000000000007 1.0000000180025095e-35 1.0000000180025095e-35 1.0000000180025095e-35 1.0000000180025095e-35 1.0000000180025095e-35 1.0000000180025095e-35 1.0000000180025095e-35 0.039650000000000012 1.0000000180025095e-35 1.0000000180025095e-35 1.0000000180025095e-35
decision_type=2 2 2 2 2 2 2 2 2 2 2 2 2 2
left_child=1 2 4 8 9 6 7 10 11 12 -2 -4 13 -1
right_child=5 -3 3 -5 -6 -7 -8 -9 -10 -11 -12 -13 -14 -15
leaf_value=-0.0099659139087775062 -0.018710782045785052 0.016181457997788189 -0.0038727117078636618 0.01772286079823971 0.016314295654159948 0.0430951587221724 0.023227765529476311 0.021731597266321921 0.022744422554969789 -0.00070753200670165548 0.0067680473159884283 -0.026469905977519078 -0.019097267016912341 0.0015915782444556861
leaf_weight=9046 47 281 4998 115 69 42 213 225 50 403 1140 56 351 207
leaf_count=9046 47 281 4998 115 69 42 213 225 50 403 1140 56 351 207
internal_value=-0.00521014 -0.00697827 -0.00740891 -0.00337139 -0.00949748 0.0112822 0.0103303 0.00830961 -0.00386355 -0.00968352 0.00568494 -0.00414901 -0.0100596 -0.00970664
internal_weight=17243 15576 15295 5219 10076 1667 1625 1412 5104 10007 1187 5054 9604 9253
internal_count=17243 15576 15295 5219 10076 1667 1625 1412 5104 10007 1187 5054 9604 9253
is_linear=0
shrinkage=0.05


Tree=17
num_leaves=15
num_cat=0
split_feature=3 3 154 385 310 115 120 276 190 190 306 241 396 144
split_gain=127.821 57.3267 51.4265 31.4027 24.9396 19.1107 19.1102 16.7283 17.9636 16.078 14.9835 13.8838 15.2761 12.9734
threshold=-0.69779999999999986 0.77855000000000008 1.0000000180025095e-35 1.0000000180025095e-35 1.0000000180025095e-35 1.0000000180025095e-35 1.0000000180025095e-35 1.0000000180025095e-35 1.0000000180025095e-35 1.0000000180025095e-35 1.0000000180025095e-35 1.0000000180025095e-35 1.0000000180025095e-35 1.0000000180025095e-35
decision_type=2 2 2 2 2 2 2 2 2 2 2 2 2 2
left_child=3 4 7 5 6 10 9 8 -3 -2 11 12 13 -1
right_child=1 2 -4 -5 -6 -7 -8 -9 -10 -11 -12 -13 -14 -15
leaf_value=0.0044397635653819758 -0.009425730764158341 -0.0045988545146163949 0.023146862996539459 0.041435457499287398 0.019209151017727168 0.032885591874445057 0.022865452781874449 0.010664095163147376 0.011390565491139728 0.011138567416660923 -0.009179786732876857 -0.012992227898494711 0.028512486956444469 0.031632561418745257
leaf_weight=2044 9852 4020 188 54 74 53 42 202 179 92 199 98 67 40
leaf_count=2044 9852 4020 188 54 74 53 42 202 179 92 199 98 67 40
internal_value=-0.00495449 -0.00675423 -0.00212009 0.00535727 -0.00886605 0.00449718 -0.00908361 -0.00322448 -0.0039045 -0.00922997 0.00381678 0.00498458 0.00583184 0.00503616
internal_weight=17204 14649 4589 2555 10060 2501 9986 4401 4199 9944 2448 2249 2151 2084
internal_count=17204 14649 4589 2555 10060 2501 9986 4401 4199 9944 2448 2249 2151 2084
is_linear=0
shrinkage=0.05


Tree=18
num_leaves=15
num_cat=0
split_feature=5 190 4 52 276 276 188 115 241 6 4 385 124 393
split_gain=163.797 53.5137 35.0799 22.7029 21.8446 16.8831 16.277 16.0684 15.6412 12.6638 12.57 10.8586 10.7884 10.7675
threshold=1.0000000180025095e-35 1.0000000180025095e-35 0.64665000000000006 1.0000000180025095e-35 1.0000000180025095e-35 1.0000000180025095e-35 1.0000000180025095e-35 1.0000000180025095e-35 1.0000000180025095e-35 10.500000000000002 0.035550000000000005 1.0000000180025095e-35 1.0000000180025095e-35 1.0000000180025095e-35
decision_type=2 2 2 2 2 2 2 2 2 2 2 2 2 2
left_child=1 2 5 4 6 9 8 10 13 -1 -2 12 -12 -4
right_child=7 -3 3 -5 -6 -7 -8 -9 -10 -11 11 -13 -14 -15
leaf_value=-0.010754551365533455 -0.01430648441680453 0.014762398786316792 -0.0043003023497140223 0.026029541828329603 0.0083585293421129993 -0.00085788288207368181 -0.028344073311476776 0.03986747133235137 -0.017616193904488757 -0.0066480604388427407 0.0085852513393363528 0.033786652598064397 0.032166333014474198 0.013978381722983791
leaf_weight=5429 50 291 5574 58 326 635 68 40 216 2924 1470 43 46 77
leaf_count=5429 50 291 5574 58 326 635 68 40 216 2924 1470 43 46 77
internal_value=-0.00472757 -0.00631242 -0.00671776 -0.00385846 -0.00415589 -0.00872472 -0.00484974 0.0102374 -0.00455353 -0.0093219 0.00937957 0.0101825 0.00940416 -0.0040391
internal_weight=17247 15598 15307 6319 6261 8988 5935 1649 5867 8353 1609 1559 1516 5651
internal_count=17247 15598 15307 6319 6261 8988 5935 1649 5867 8353 1609 1559 1516 5651
is_linear=0
shrinkage=0.05


Tree=19
num_leaves=15
num_cat=0
split_feature=3 154 243 385 168 191 279 3 304 276 68 310 393 88
split_gain=85.6031 34.2611 29.6832 29.2538 28.3607 25.8247 24.8691 24.28 22.2309 17.8139 17.3337 17.487 17.5302 15.448
threshold=-0.93924999999999992 1.0000000180025095e-35 1.0000000180025095e-35 1.0000000180025095e-35 1.0000000180025095e-35 1.0000000180025095e-35 1.0000000180025095e-35 0.90275000000000005 1.0000000180025095e-35 1.0000000180025095e-35 1.0000000180025095e-35 1.0000000180025095e-35 1.0000000180025095e-35 1.0000000180025095e-35
decision_type=2 2 2 2 2 2 2 2 2 2 2 2 2 2
left_child=-1 2 3 4 5 6 8 -3 10 -7 11 12 -2 -10
right_child=1 7 -4 -5 -6 9 -8 -9 13 -11 -12 -13 -14 -15
leaf_value=0.0067710528660645799 -0.0086348747161220738 0.0011071980223374593 0.016754393626389832 0.014590804411111297 0.023882725207547015 0.0016338456491006759 -0.00026622331903120093 0.031062584634705945 0.0013488325878217181 0.034524328369233345 0.009105242402707419 0.013751588775776327 0.012474786173552275 -0.015441564769083281
leaf_weight=1569 11664 202 140 166 73 491 1330 97 1026 40 141 85 95 153
leaf_count=1569 11664 202 140 166 73 491 1330 97 1026 40 141 85 95 153
internal_value=-0.00434936 -0.00546228 -0.00578877 -0.00600095 -0.00623211 -0.00638632 -0.00678325 0.0111762 -0.00744134 0.00441041 -0.00808556 -0.00829397 -0.0084591 -0.000886082
internal_weight=17272 15703 15404 15264 15098 15025 14494 299 13164 531 11985 11844 11759 1179
internal_count=17272 15703 15404 15264 15098 15025 14494 299 13164 531 11985 11844 11759 1179
is_linear=0
shrinkage=0.05


Tree=20
num_leaves=15
num_cat=0
split_feature=5 4 243 310 292 52 37 279 190 191 159 279 190 394
split_gain=117.881 42.7151 23.0458 21.5557 19.9361 20.1879 16.7767 16.0974 14.7733 16.7898 15.5124 14.0312 13.8853 11.7143
threshold=1.0000000180025095e-35 0.64665000000000006 1.0000000180025095e-35 1.0000000180025095e-35 1.0000000180025095e-35 1.0000000180025095e-35 1.0000000180025095e-35 1.0000000180025095e-35 1.0000000180025095e-35 1.0000000180025095e-35 1.0000000180025095e-35 1.0000000180025095e-35 1.0000000180025095e-35 1.0000000180025095e-35
decision_type=2 2 2 2 2 2 2 2 2 2 2 2 2 2
left_child=1 3 4 12 5 8 7 -2 9 10 -3 -11 13 -1
right_child=6 2 -4 -5 -6 -7 -8 -9 -10 11 -12 -13 -14 -15
leaf_value=-0.0077669080806107536 0.0058097919813849385 -0.0047714418402086088 0.031941703630953416 0.019401844050986945 0.018624615506692366 0.024057207231585317 0.03675851801840159 0.020740733249447172 0.009413045294071852 0.017485001212917267 0.013500008769646413 -0.00071594311293120554 0.013901617006096687 -0.027458428212308456
leaf_weight=8881 1396 5434 44 69 105 64 47 204 221 155 114 312 69 72
leaf_count=8881 1396 5434 44 69 105 64 47 204 221 155 114 312 69 72
internal_value=-0.00399339 -0.00534192 -0.00222708 -0.0075491 -0.00248654 -0.00285288 0.0087081 0.00777217 -0.00314811 -0.00361706 -0.00438418 0.00544628 -0.00776585 -0.00794051
internal_weight=17187 15540 6449 9091 6405 6300 1647 1600 6236 6015 5548 467 9022 8953
internal_count=17187 15540 6449 9091 6405 6300 1647 1600 6236 6015 5548 467 9022 8953
is_linear=0
shrinkage=0.05


Tree=21
num_leaves=15
num_cat=0
split_feature=5 3 3 310 279 154 191 346 378 308 304 80 279 3
split_gain=124.675 33.4275 20.7466 16.8521 15.0338 14.7437 13.2355 13.11 12.443 12.3035 11.556 10.9531 10.4392 11.0174
threshold=1.0000000180025095e-35 0.84115000000000006 -0.41179999999999994 1.0000000180025095e-35 1.0000000180025095e-35 1.0000000180025095e-35 1.0000000180025095e-35 1.0000000180025095e-35 1.0000000180025095e-35 1.0000000180025095e-35 1.0000000180025095e-35 1.0000000180025095e-35 1.0000000180025095e-35 0.82865000000000011
decision_type=2 2 2 2 2 2 2 2 2 2 2 2 2 2
left_child=1 2 -1 4 6 7 9 8 -3 11 12 -4 13 -2
right_child=10 5 3 -5 -6 -7 -8 -9 -10 -11 -12 -13 -14 -15
leaf_value=-0.0013703375383804361 0.0042050915733499684 -0.0016172611535341258 -0.008392357651317019 0.016181452562542342 0.001932662392948098 0.016115457394625995 0.014493691283419277 -0.023779301643265749 0.024275565192975263 0.009285439656563468 0.019108625206536809 0.014544141177076492 0.018442663697258353 0.020431935462241608
leaf_weight=1699 1128 3701 9294 71 401 115 61 61 42 97 248 48 183 111
leaf_count=1699 1128 3701 9294 71 401 115 61 61 42 97 248 48 183 111
internal_value=-0.0037497 -0.00514106 -0.00648224 -0.00735206 -0.00752891 -0.00114378 -0.00792909 -0.00168602 -0.00129472 -0.00808159 0.00921563 -0.00826679 0.00742936 0.00573511
internal_weight=17260 15590 11671 9972 9901 3919 9500 3804 3743 9439 1670 9342 1422 1239
internal_count=17260 15590 11671 9972 9901 3919 9500 3804 3743 9439 1670 9342 1422 1239
is_linear=0
shrinkage=0.05


Tree=22
num_leaves=15
num_cat=0
split_feature=5 190 4 159 276 4 37 386 279 385 3 3 304 141
split_gain=142.152 49.8621 34.4702 23.485 18.3673 16.6582 16.0473 14.6331 14.11 16.0937 13.6631 11.7014 11.3595 10.8372
threshold=1.0000000180025095e-35 1.0000000180025095e-35 0.80985000000000007 1.0000000180025095e-35 1.0000000180025095e-35 0.035550000000000005 1.0000000180025095e-35 1.0000000180025095e-35 1.0000000180025095e-35 1.0000000180025095e-35 0.82865000000000011 0.91415000000000013 1.0000000180025095e-35 1.0000000180025095e-35
decision_type=2 2 2 2 2 2 2 2 2 2 2 2 2 2
left_child=1 2 4 -4 7 -2 8 13 9 10 12 -12 -7 -1
right_child=5 -3 3 -5 -6 6 -8 -9 -10 -11 11 -13 -14 -15
leaf_value=-0.0080346716684237957 -0.016650067255913951 0.015161840131923813 -0.0029658418766229499 0.019987493240388864 0.00032765829984617251 0.0031897435364785184 0.038518072005647885 0.019304842676739306 0.02230001973322801 0.036354921363788296 0.034238483891240325 0.001691282637572537 0.016626935916916562 -0.025203954290717524
leaf_weight=9211 52 285 5073 109 699 988 47 44 201 44 75 43 183 89
leaf_count=9211 52 285 5073 109 699 988 47 44 201 44 75 43 183 89
internal_value=-0.00391197 -0.00538995 -0.00577952 -0.00246423 -0.00748807 0.0100993 0.0110288 -0.0080726 0.0100642 0.0081427 0.00704292 0.0229289 0.00535143 -0.00821243
internal_weight=17143 15510 15225 5182 10043 1633 1581 9344 1534 1333 1289 118 1171 9300
internal_count=17143 15510 15225 5182 10043 1633 1581 9344 1534 1333 1289 118 1171 9300
is_linear=0
shrinkage=0.05


Tree=23
num_leaves=15
num_cat=0
split_feature=5 4 310 159 190 269 199 6 4 393 394 124 385 25
split_gain=127.491 38.6313 25.2202 19.7284 16.9646 16.1331 16.2623 13.1066 15.6539 12.2656 11.8573 11.2255 11.7187 11.0579
threshold=1.0000000180025095e-35 0.62320000000000009 1.0000000180025095e-35 1.0000000180025095e-35 1.0000000180025095e-35 1.0000000180025095e-35 1.0000000180025095e-35 14.500000000000002 0.039650000000000012 1.0000000180025095e-35 1.0000000180025095e-35 1.0000000180025095e-35 1.0000000180025095e-35 1.0000000180025095e-35
decision_type=2 2 2 2 2 2 2 2 2 2 2 2 2 2
left_child=1 2 4 5 10 6 9 8 -2 13 -1 12 -10 -3
right_child=7 3 -4 -5 -6 -7 -8 -9 11 -11 -12 -13 -14 -15
leaf_value=-0.0074952739921054778 -0.015920805633585486 -0.0035666352439297842 0.022082959207680639 0.016369626298546793 0.017856228414563125 0.020939427316706213 0.027096373455391995 -0.0049837114435120101 0.0099634458238017452 0.014859718557922764 -0.027299224541752373 0.035720545472577213 0.035339860393044847 0.017029450289114859
leaf_weight=8803 49 6167 68 135 61 67 40 142 1391 89 72 43 43 61
leaf_count=8803 49 6167 68 135 61 67 40 142 1391 89 72 43 43 61
internal_value=-0.00371757 -0.00512613 -0.00725162 -0.00220503 -0.00748707 -0.0026078 -0.00287224 0.0094008 0.0107512 -0.00308328 -0.00767122 0.0116868 0.0108445 -0.00335141
internal_weight=17231 15563 9004 6559 8936 6424 6357 1668 1526 6317 8875 1477 1434 6228
internal_count=17231 15563 9004 6559 8936 6424 6357 1668 1526 6317 8875 1477 1434 6228
is_linear=0
shrinkage=0.05


Tree=24
num_leaves=15
num_cat=0
split_feature=4 190 191 243 52 4 154 3 394 386 308 342 310 6
split_gain=75.8665 41.8704 31.154 29.7321 19.2518 18.4422 18.1914 30.4915 14.5929 13.5544 12.8842 13.0115 12.8598 15.9646
threshold=0.93835000000000013 1.0000000180025095e-35 1.0000000180025095e-35 1.0000000180025095e-35 1.0000000180025095e-35 0.076750000000000013 1.0000000180025095e-35 0.89415000000000011 1.0000000180025095e-35 1.0000000180025095e-35 1.0000000180025095e-35 1.0000000180025095e-35 1.0000000180025095e-35 7.5000000000000009
decision_type=2 2 2 2 2 2 2 2 2 2 2 2 2 2
left_child=1 2 3 4 6 -5 8 -8 9 10 11 12 -1 -14
right_child=-2 -3 -4 5 -6 -7 7 -9 -10 -11 -12 -13 13 -15
leaf_value=-0.0063924121153413659 0.0068299889827250632 0.013585754287111687 0.0066650072715231795 -0.0081005052484285373 0.015836290663795636 0.029100470930928053 -0.0067137578253850076 0.027186361904854756 -0.024815080342266493 0.015185350316951608 0.0031332649278497911 0.014676843970082702 0.031239603846973066 -0.0095183255006633521
leaf_weight=13528 1628 309 560 47 100 96 159 107 97 72 381 70 46 42
leaf_count=13528 1628 309 560 47 100 96 159 107 97 72 381 70 46 42
internal_value=-0.00342696 -0.00449825 -0.00486767 -0.00530778 -0.00553212 0.017013 -0.00568488 0.00717275 -0.00592756 -0.00578925 -0.00590196 -0.00615455 -0.00626699 0.0123211
internal_weight=17242 15614 15305 14745 14602 143 14502 266 14236 14139 14067 13686 13616 88
internal_count=17242 15614 15305 14745 14602 143 14502 266 14236 14139 14067 13686 13616 88
is_linear=0
shrinkage=0.05


Tree=25
num_leaves=15
num_cat=0
split_feature=5 190 191 168 269 243 4 4 310 352 306 279 351 3
split_gain=109.674 43.4876 24.9354 20.0302 19.4286 16.9842 23.4188 16.1488 15.592 15.3889 14.6918 13.6127 12.84 12.7094
threshold=1.0000000180025095e-35 1.0000000180025095e-35 1.0000000180025095e-35 1.0000000180025095e-35 1.0000000180025095e-35 1.0000000180025095e-35 0.085000000000000006 0.8942500000000001 1.0000000180025095e-35 1.0000000180025095e-35 1.0000000180025095e-35 1.0000000180025095e-35 1.0000000180025095e-35 0.80505000000000015
decision_type=2 2 2 2 2 2 2 2 2 2 2 2 2 2
left_child=1 2 3 4 5 7 -7 8 9 12 -4 13 -1 -2
right_child=11 -3 10 -5 -6 6 -8 -9 -10 -11 -12 -13 -14 -15
leaf_value=-0.0072131936476591291 0.0056022032447832302 0.014482533061438249 0.010373220229885551 0.020447042064741253 0.015867369983977867 -0.013747135343685471 0.029028664915649979 -0.0027805218505944601 0.015459029949447024 0.017434973464562343 -0.0081124764189225481 0.020626303552745851 0.01002285771325908 0.021874735199083062
leaf_weight=10739 1329 288 401 70 101 49 76 3374 74 60 142 211 105 128
leaf_count=10739 1329 288 401 70 101 49 76 3374 74 60 142 211 105 128
internal_value=-0.00329478 -0.00460799 -0.00497456 -0.00536494 -0.00549585 -0.00565032 0.0123767 -0.00581158 -0.00674146 -0.00689914 0.00550911 0.00886907 -0.00704176 0.0071017
internal_weight=17147 15479 15191 14648 14578 14477 125 14352 10978 10904 543 1668 10844 1457
internal_count=17147 15479 15191 14648 14578 14477 125 14352 10978 10904 543 1668 10844 1457
is_linear=0
shrinkage=0.05


Tree=26
num_leaves=15
num_cat=0
split_feature=5 4 310 241 243 4 37 6 306 191 279 304 39 159
split_gain=100.139 31.9305 20.2511 17.9073 19.5109 16.3184 14.5874 13.9939 13.9648 18.4862 14.0864 25.5076 13.5333 13.42
threshold=1.0000000180025095e-35 0.61220000000000008 1.0000000180025095e-35 1.0000000180025095e-35 1.0000000180025095e-35 0.039650000000000012 1.0000000180025095e-35 14.500000000000002 1.0000000180025095e-35 1.0000000180025095e-35 1.0000000180025095e-35 1.0000000180025095e-35 1.0000000180025095e-35 1.0000000180025095e-35
decision_type=2 2 2 2 2 2 2 2 2 2 2 2 2 2
left_child=1 2 -1 4 8 -2 7 -7 9 10 11 13 -12 -3
right_child=5 3 -4 -5 -6 6 -8 -9 -10 -11 12 -13 -14 -15
leaf_value=-0.0066187350164266627 -0.017494578192294656 -0.0041869042274585008 0.019877517175835191 -0.01514772114766752 0.028585689556267526 0.010003532466439787 0.03697884368135574 -0.0065941368055477054 -0.0080650788061342842 0.010065750697918544 0.0017979121094889893 0.010619365450467414 0.01991596589757114 0.013938686287119277
leaf_weight=8896 54 4021 68 239 49 1421 42 136 734 364 780 330 114 100
leaf_count=8896 54 4021 68 239 49 1421 42 136 734 364 780 330 114 100
internal_value=-0.00321982 -0.00445316 -0.00640677 -0.00184862 -0.00134774 0.00846869 0.0093973 0.0085373 -0.00159738 -0.000759504 -0.00150543 -0.00265607 0.00420619 -0.00373071
internal_weight=17348 15695 8964 6731 6492 1653 1599 1557 6443 5709 5345 4451 894 4121
internal_count=17348 15695 8964 6731 6492 1653 1599 1557 6443 5709 5345 4451 894 4121
is_linear=0
shrinkage=0.05


Tree=27
num_leaves=15
num_cat=0
split_feature=5 190 168 386 308 309 52 243 2 292 406 339 276 3
split_gain=95.9534 30.4756 27.9492 24.8222 21.157 20.8137 19.6438 17.8662 24.4783 15.4913 14.1777 14.1544 15.1736 13.1612
threshold=1.0000000180025095e-35 1.0000000180025095e-35 1.0000000180025095e-35 1.0000000180025095e-35 1.0000000180025095e-35 1.0000000180025095e-35 1.0000000180025095e-35 1.0000000180025095e-35 1.0000000180025095e-35 1.0000000180025095e-35 1.0000000180025095e-35 1.0000000180025095e-35 1.0000000180025095e-35 -0.95114999999999983
decision_type=2 2 2 2 2 2 2 2 2 2 2 2 2 2
left_child=1 2 3 4 5 6 7 9 -9 10 11 12 13 -1
right_child=-2 -3 -4 -5 -6 -7 -8 8 -10 -11 -12 -13 -14 -15
leaf_value=0.0017554175479362083 0.0085906760289045855 0.01216078566183979 0.025119783107729745 0.024187666123112045 0.0066447284816030993 0.0029766084730062305 0.020489905154562161 0.025048375566704917 -0.019001121109392009 0.010227442718117147 0.016591839222237469 0.010190063869969837 0.00033893182038470179 -0.0069253094593773479
leaf_weight=451 1648 279 75 70 398 776 68 99 41 146 65 129 836 12173
leaf_count=451 1648 279 75 70 398 776 68 99 41 146 65 129 836 12173
internal_value=-0.00286648 -0.00407873 -0.00437821 -0.00453145 -0.00467178 -0.00497858 -0.00542018 -0.00555387 0.0119378 -0.00573558 -0.00590995 -0.00602365 -0.00618276 -0.00661461
internal_weight=17254 15606 15327 15252 15182 14784 14008 13940 140 13800 13654 13589 13460 12624
internal_count=17254 15606 15327 15252 15182 14784 14008 13940 140 13800 13654 13589 13460 12624
is_linear=0
shrinkage=0.05


Tree=28
num_leaves=15
num_cat=0
split_feature=5 292 276 190 351 243 386 4 191 310 39 154 191 3
split_gain=75.891 26.6514 24.5607 24.0807 19.9243 19.0654 18.2691 14.0643 12.8632 13.9145 11.6877 9.71984 9.40039 9.11735
threshold=1.0000000180025095e-35 1.0000000180025095e-35 1.0000000180025095e-35 1.0000000180025095e-35 1.0000000180025095e-35 1.0000000180025095e-35 1.0000000180025095e-35 0.87555000000000016 1.0000000180025095e-35 1.0000000180025095e-35 1.0000000180025095e-35 1.0000000180025095e-35 1.0000000180025095e-35 0.82865000000000011
decision_type=2 2 2 2 2 2 2 2 2 2 2 2 2 2
left_child=1 2 3 4 5 6 7 12 9 -4 11 -9 -1 -2
right_child=13 -3 8 -5 -6 -7 -8 10 -10 -11 -12 -13 -14 -15
leaf_value=-0.006780777837028816 0.0061222711265193457 0.015159791920271665 0.00050958345445948077 0.010089608255179544 0.0095952009355169468 0.015012811785158904 0.019192109942436222 -0.0041262980014816208 0.027665592121103633 0.026232451420011266 0.0073134535860484842 0.01445490486609439 0.0066151195789562233 0.019715744147405907
leaf_weight=9699 1507 174 863 263 224 110 70 3588 47 51 250 67 129 131
leaf_count=9699 1507 174 863 263 224 110 70 3588 47 51 250 67 129 131
internal_value=-0.00295526 -0.00403498 -0.00425727 -0.00477384 -0.00505382 -0.00529304 -0.00546024 -0.00559283 0.00346785 0.0020798 -0.00304862 -0.0037664 -0.00660167 0.00726611
internal_weight=17173 15535 15361 14400 14137 13913 13803 13733 961 914 3905 3655 9828 1638
internal_count=17173 15535 15361 14400 14137 13913 13803 13733 961 914 3905 3655 9828 1638
is_linear=0
shrinkage=0.05


Tree=29
num_leaves=15
num_cat=0
split_feature=5 386 276 4 41 292 144 249 188 59 241 369 158 4
split_gain=75.3294 21.8347 19.5196 19.5519 16.7779 13.5429 18.0934 13.8065 13.7548 12.873 12.5974 14.516 12.6795 11.5583
threshold=1.0000000180025095e-35 1.0000000180025095e-35 1.0000000180025095e-35 0.18190000000000003 1.0000000180025095e-35 1.0000000180025095e-35 1.0000000180025095e-35 1.0000000180025095e-35 1.0000000180025095e-35 1.0000000180025095e-35 1.0000000180025095e-35 1.0000000180025095e-35 1.0000000180025095e-35 0.64665000000000006
decision_type=2 2 2 2 2 2 2 2 2 2 2 2 2 2
left_child=1 2 3 -1 5 6 7 8 9 10 11 12 -5 -2
right_child=13 -3 -4 4 -6 -7 -8 -9 -10 -11 -12 -13 -14 -15
leaf_value=-0.0063851888059860279 -0.0025088186077773574 0.022334116871934387 0.0029603685727513677 -0.003174947558692276 0.017259939913996138 0.012302999105955755 0.025631609778523586 -0.017882903904404727 -0.01958430393561721 0.010603310233845954 -0.013036643985148158 0.020986295545299072 0.016265821438727845 0.0092111518677530507
leaf_weight=6456 245 75 977 7038 99 138 49 157 120 169 305 59 80 1407
leaf_count=6456 245 75 977 7038 99 138 49 157 120 169 305 59 80 1407
internal_value=-0.00267106 -0.00373875 -0.00387082 -0.00432662 -0.00270573 -0.00295978 -0.00323137 -0.0034258 -0.00312241 -0.0028516 -0.00316239 -0.00273398 -0.00294519 0.0074707
internal_weight=17374 15722 15647 14670 8214 8115 7977 7928 7771 7651 7482 7177 7118 1652
internal_count=17374 15722 15647 14670 8214 8115 7977 7928 7771 7651 7482 7177 7118 1652
is_linear=0
shrinkage=0.05


Tree=30
num_leaves=15
num_cat=0
split_feature=5 190 308 168 386 243 352 406 292 159 351 392 257 3
split_gain=84.7047 24.9258 19.9282 18.925 17.6707 15.3117 13.493 13.5404 13.2127 13.9643 12.5908 12.6103 12.0415 10.0435
threshold=1.0000000180025095e-35 1.0000000180025095e-35 1.0000000180025095e-35 1.0000000180025095e-35 1.0000000180025095e-35 1.0000000180025095e-35 1.0000000180025095e-35 1.0000000180025095e-35 1.0000000180025095e-35 1.0000000180025095e-35 1.0000000180025095e-35 1.0000000180025095e-35 1.0000000180025095e-35 0.91085000000000016
decision_type=2 2 2 2 2 2 2 2 2 2 2 2 2 2
left_child=1 2 3 4 5 6 7 8 9 10 11 12 -1 -8
right_child=-2 -3 -4 -5 -6 -7 13 -9 -10 -11 -12 -13 -14 -15
leaf_value=-0.0058469531535582939 0.0082715978103182868 0.010787175797972165 0.006718308175338761 0.020162022120283941 0.019064086838625371 0.012199083115795956 0.017787673173809488 0.015701490649953485 0.0095865036997823949 0.0099857966979279341 0.0063510049308609711 0.011670879292232202 0.0032727116299295089 -0.0057674100757331443
leaf_weight=13397 1629 287 420 74 75 131 111 75 150 147 225 102 369 71
leaf_count=13397 1629 287 420 74 75 131 111 75 150 147 225 102 369 71
internal_value=-0.00256223 -0.00369335 -0.00396757 -0.00427039 -0.00439886 -0.00452434 -0.00467803 -0.00484917 -0.0049617 -0.00511825 -0.00527928 -0.0054702 -0.0056014 0.00869009
internal_weight=17263 15634 15347 14927 14853 14778 14647 14465 14390 14240 14093 13868 13766 182
internal_count=17263 15634 15347 14927 14853 14778 14647 14465 14390 14240 14093 13868 13766 182
is_linear=0
shrinkage=0.05


Tree=31
num_leaves=15
num_cat=0
split_feature=5 191 190 335 269 351 289 317 305 394 37 304 279 308
split_gain=73.2938 20.6202 20.3 17.3192 16.2987 14.0249 14.0868 13.3479 12.8925 11.8926 11.3856 11.5528 11.4921 10.9176
threshold=1.0000000180025095e-35 1.0000000180025095e-35 1.0000000180025095e-35 1.0000000180025095e-35 1.0000000180025095e-35 1.0000000180025095e-35 1.0000000180025095e-35 1.0000000180025095e-35 1.0000000180025095e-35 1.0000000180025095e-35 1.0000000180025095e-35 1.0000000180025095e-35 1.0000000180025095e-35 1.0000000180025095e-35
decision_type=2 2 2 2 2 2 2 2 2 2 2 2 2 2
left_child=1 2 3 4 5 6 8 -7 9 13 11 12 -2 -1
right_child=10 -3 -4 -5 -6 7 -8 -9 -10 -11 -12 -13 -14 -15
leaf_value=-0.0050351110189976837 0.0030724172532297549 0.0058635909361814597 0.0094911130825258636 0.018505590570358828 0.014165609517768652 0.014787608901748345 0.0076198193810655393 -0.016035381220281125 0.016780138543496529 -0.022496981410464894 0.031792804008970658 0.016551328207084274 0.016778573073352572 0.0035647981557836196
leaf_weight=13578 1115 556 273 79 114 163 227 40 64 91 43 256 173 376
leaf_count=13578 1115 556 273 79 114 163 227 40 64 91 43 256 173 376
internal_value=-0.00251054 -0.00355499 -0.00390582 -0.00415722 -0.00428567 -0.00443517 -0.00462086 0.00847464 -0.00482043 -0.0049248 0.00770958 0.00693841 0.00497115 -0.00480219
internal_weight=17148 15561 15005 14732 14653 14539 14336 203 14109 14045 1587 1544 1288 13954
internal_count=17148 15561 15005 14732 14653 14539 14336 203 14109 14045 1587 1544 1288 13954
is_linear=0
shrinkage=0.05


Tree=32
num_leaves=15
num_cat=0
split_feature=5 190 191 386 406 335 144 37 68 351 269 168 279 3
split_gain=75.4878 24.7054 23.4207 17.5186 17.6727 17.6892 17.4613 17.1614 16.734 13.5105 14.5178 14.2755 13.4887 12.563
threshold=1.0000000180025095e-35 1.0000000180025095e-35 1.0000000180025095e-35 1.0000000180025095e-35 1.0000000180025095e-35 1.0000000180025095e-35 1.0000000180025095e-35 1.0000000180025095e-35 1.0000000180025095e-35 1.0000000180025095e-35 1.0000000180025095e-35 1.0000000180025095e-35 1.0000000180025095e-35 0.82865000000000011
decision_type=2 2 2 2 2 2 2 2 2 2 2 2 2 2
left_child=1 2 3 4 5 6 8 12 9 10 11 -1 13 -2
right_child=7 -3 -4 -5 -6 -7 -8 -9 -10 -11 -12 -13 -14 -15
leaf_value=-0.0047949586121659856 0.0040838256523014578 0.011334055315355881 0.0068956345272201021 0.021142567421349002 0.019832632675342549 0.018219983332479994 0.015831157643009318 0.036643657296036296 0.01322711215211745 0.0078522724141034169 0.014008775718864941 0.017111201693614325 0.019232514552053406 0.021520010737982473
leaf_weight=13921 1271 290 541 66 74 85 105 47 132 219 100 70 203 108
leaf_count=13921 1271 290 541 66 74 85 105 47 132 219 100 70 203 108
internal_value=-0.00193439 -0.00300433 -0.00327949 -0.00365434 -0.00377278 -0.00389889 -0.00403435 0.00829165 -0.00418421 -0.00434938 -0.00454174 -0.00467928 0.00733654 0.0055222
internal_weight=17232 15603 15313 14772 14706 14632 14547 1629 14442 14310 14091 13991 1582 1379
internal_count=17232 15603 15313 14772 14706 14632 14547 1629 14442 14310 14091 13991 1582 1379
is_linear=0
shrinkage=0.05


Tree=33
num_leaves=15
num_cat=0
split_feature=5 4 243 41 310 269 308 159 309 351 110 335 369 396
split_gain=64.8951 22.9754 16.1224 13.4049 12.9894 12.5271 10.7334 10.2082 11.216 12.2553 13.5749 10.4598 10.4034 9.51511
threshold=1.0000000180025095e-35 0.62320000000000009 1.0000000180025095e-35 1.0000000180025095e-35 1.0000000180025095e-35 1.0000000180025095e-35 1.0000000180025095e-35 1.0000000180025095e-35 1.0000000180025095e-35 1.0000000180025095e-35 1.0000000180025095e-35 1.0000000180025095e-35 1.0000000180025095e-35 1.0000000180025095e-35
decision_type=2 2 2 2 2 2 2 2 2 2 2 2 2 2
left_child=1 4 3 5 6 7 -1 8 9 10 11 12 -3 -2
right_child=13 2 -4 -5 -6 -7 -8 -9 -10 -11 -12 -13 -14 -15
leaf_value=-0.0051641654917421471 0.0064821844864197528 -0.0031758737818308501 0.02550036232722433 0.017747321419174907 0.016793256539149561 0.018846134270230932 0.016104809492826461 0.012273645773530007 0.0036610248108453636 0.009512574460989397 -0.015510747376915622 0.017087539051179636 0.020477343112864393 0.029422561982844736
leaf_weight=8862 1628 5034 52 87 64 70 55 123 766 191 211 61 42 42
leaf_count=8862 1628 5034 52 87 64 70 55 123 766 191 211 61 42 42
internal_value=-0.00220915 -0.00321136 -0.000979443 -0.00120774 -0.0048593 -0.00147497 -0.00502403 -0.00171074 -0.00199306 -0.00277757 -0.00322498 -0.00270576 -0.0029602 0.00714523
internal_weight=17288 15618 6637 6585 8981 6498 8917 6428 6305 5539 5348 5137 5076 1670
internal_count=17288 15618 6637 6585 8981 6498 8917 6428 6305 5539 5348 5137 5076 1670
is_linear=0
shrinkage=0.05


Tree=34
num_leaves=15
num_cat=0
split_feature=5 190 308 80 385 6 406 124 276 279 385 158 304 6
split_gain=53.5101 26.5795 21.6041 17.9764 16.7194 16.4945 16.1833 12.6316 12.1422 10.9147 10.8852 11.5055 10.5418 14.4217
threshold=1.0000000180025095e-35 1.0000000180025095e-35 1.0000000180025095e-35 1.0000000180025095e-35 1.0000000180025095e-35 8.5000000000000018 1.0000000180025095e-35 1.0000000180025095e-35 1.0000000180025095e-35 1.0000000180025095e-35 1.0000000180025095e-35 1.0000000180025095e-35 1.0000000180025095e-35 6.5000000000000009
decision_type=2 2 2 2 2 2 2 2 2 2 2 2 2 2
left_child=1 2 3 4 6 -4 8 9 -1 10 11 12 13 -2
right_child=7 -3 5 -5 -6 -7 -8 -9 -10 -11 -12 -13 -14 -15
leaf_value=-0.0043692512562830375 0.022433528984370441 0.011567145370777739 -0.0053969227135061259 0.020067573189735413 0.01247833052331794 0.01503350642935219 0.018704737805101217 0.030741919634433897 0.0017161773463815839 0.016368748179461431 0.025876586679369214 0.025161036553286151 0.012621606964186381 -0.0011583222682393008
leaf_weight=13774 64 303 150 75 153 273 74 47 869 202 50 52 200 1054
leaf_count=13774 64 303 150 75 153 273 74 47 869 202 50 52 200 1054
internal_value=-0.002075 -0.00298187 -0.00327239 -0.00358858 -0.0037146 0.00781026 -0.00388713 0.00642353 -0.00400764 0.00562655 0.00404637 0.00315844 0.00219855 0.000286064
internal_weight=17340 15671 15368 14945 14870 423 14717 1669 14643 1622 1420 1370 1318 1118
internal_count=17340 15671 15368 14945 14870 423 14717 1669 14643 1622 1420 1370 1318 1118
is_linear=0
shrinkage=0.05


Tree=35
num_leaves=15
num_cat=0
split_feature=5 168 37 4 310 385 249 306 159 385 304 6 4 6
split_gain=44.0605 18.1335 16.9997 16.681 14.6672 12.8005 11.8545 12.5525 16.3117 11.4823 10.6115 14.0147 10.8752 15.4655
threshold=1.0000000180025095e-35 1.0000000180025095e-35 1.0000000180025095e-35 0.80985000000000007 1.0000000180025095e-35 1.0000000180025095e-35 1.0000000180025095e-35 1.0000000180025095e-35 1.0000000180025095e-35 1.0000000180025095e-35 1.0000000180025095e-35 6.5000000000000009 0.076750000000000013 14.500000000000002
decision_type=2 2 2 2 2 2 2 2 2 2 2 2 2 2
left_child=1 3 5 4 -1 10 7 8 9 -5 11 -2 -13 -14
right_child=2 -3 -4 6 -6 -7 -8 -9 -10 -11 -12 12 13 -15
leaf_value=-0.0041840400212210284 0.024570253363518577 0.020597240396113284 0.034321695325129173 -3.877897484501225e-05 0.019854601676706808 0.02962354175089037 -0.016968006496662618 -0.0067483154718474079 0.02026848051016434 0.023594755977123547 0.01345563773305484 -0.017784174925570065 0.0040534290005815789 -0.015553596704623555
leaf_weight=10072 62 78 46 4409 59 46 103 642 99 47 250 67 1073 106
leaf_count=10072 62 78 46 4409 59 46 103 642 99 47 250 67 1073 106
internal_value=-0.00189443 -0.00272124 0.00586181 -0.00284574 -0.00403432 0.00494151 -0.000572107 -0.000231157 0.000693789 0.000236664 0.00412033 0.00229162 0.00108928 0.00223239
internal_weight=17159 15509 1650 15431 10131 1604 5300 5197 4555 4456 1558 1308 1246 1179
internal_count=17159 15509 1650 15431 10131 1604 5300 5197 4555 4456 1558 1308 1246 1179
is_linear=0
shrinkage=0.05


Tree=36
num_leaves=15
num_cat=0
split_feature=3 96 276 144 269 292 68 310 3 244 338 52 77 308
split_gain=31.964 21.2063 22.1633 16.3011 16.4567 14.8509 12.3787 11.6905 12.1127 11.0407 10.4318 10.0041 9.2778 8.77084
threshold=-0.93924999999999992 1.0000000180025095e-35 1.0000000180025095e-35 1.0000000180025095e-35 1.0000000180025095e-35 1.0000000180025095e-35 1.0000000180025095e-35 1.0000000180025095e-35 0.84675000000000011 1.0000000180025095e-35 1.0000000180025095e-35 1.0000000180025095e-35 1.0000000180025095e-35 1.0000000180025095e-35
decision_type=2 2 2 2 2 2 2 2 2 2 2 2 2 2
left_child=-1 2 3 4 5 6 9 8 -4 10 11 12 13 -2
right_child=1 -3 7 -5 -6 -7 -8 -9 -10 -11 -12 -13 -14 -15
leaf_value=0.004912869068067198 -0.004086233483482307 0.013542289620923315 0.00033803252716307994 0.017001584100023826 0.013979075637076106 0.01089243451427754 0.010783724812143999 0.026915761603499361 0.014235114349531992 -0.015417014142775982 0.012569183507722985 0.013530177280034235 -0.016078248952480056 0.0037040530202096336
leaf_weight=1552 12921 196 877 93 129 169 139 48 186 203 92 77 153 368
leaf_count=1552 12921 196 877 93 129 169 139 48 186 203 92 77 153 368
internal_value=-0.0019208 -0.00259979 -0.00280882 -0.00333598 -0.00347462 -0.00363894 -0.00381879 0.00398171 0.00282495 -0.00396957 -0.00379324 -0.00390919 -0.00401409 -0.00386919
internal_weight=17203 15651 15455 14344 14251 14122 13953 1111 1063 13814 13611 13519 13442 13289
internal_count=17203 15651 15455 14344 14251 14122 13953 1111 1063 13814 13611 13519 13442 13289
is_linear=0
shrinkage=0.05


Tree=37
num_leaves=15
num_cat=0
split_feature=4 3 364 83 304 279 279 243 159 385 310 68 276 4
split_gain=33.5172 21.8318 18.1027 19.094 17.084 25.7419 20.6817 20.6242 16.2497 18.2437 11.6302 11.1757 11.0585 10.8409
threshold=0.80985000000000007 0.92455000000000009 1.0000000180025095e-35 1.0000000180025095e-35 1.0000000180025095e-35 1.0000000180025095e-35 1.0000000180025095e-35 1.0000000180025095e-35 1.0000000180025095e-35 1.0000000180025095e-35 1.0000000180025095e-35 1.0000000180025095e-35 1.0000000180025095e-35 0.9194500000000001
decision_type=2 2 2 2 2 2 2 2 2 2 2 2 2 2
left_child=10 2 3 4 6 13 7 8 9 11 -1 -2 -8 -6
right_child=1 -3 -4 -5 5 -7 12 -9 -10 -11 -12 -13 -14 -15
leaf_value=-0.0035347685542738505 -0.0009761263959781523 -0.0052799331931509281 -0.013724707648538318 -0.0034411047320749965 0.025678688289266768 -0.0069523825779230931 0.0090305152600882836 0.030628894964012051 0.020120910186143148 0.024135990126372936 0.016376708183638952 0.020148799207527192 0.034138223393044127 0.0098489017760537388
leaf_weight=10489 2878 1105 164 971 223 132 661 54 100 72 69 59 43 225
leaf_count=10489 2878 1105 164 971 223 132 661 54 100 72 69 59 43 225
internal_value=-0.00164328 0.00112603 0.00239773 0.00289795 0.00428439 0.0122522 0.00307505 0.00134268 0.000785651 0.000110757 -0.00339695 -0.000518236 0.010794 0.0179249
internal_weight=17245 6687 5582 5418 4447 580 3867 3163 3109 3009 10558 2937 704 448
internal_count=17245 6687 5582 5418 4447 580 3867 3163 3109 3009 10558 2937 704 448
is_linear=0
shrinkage=0.05


Tree=38
num_leaves=15
num_cat=0
split_feature=5 168 386 52 144 292 392 4 406 385 186 159 124 158
split_gain=40.4691 18.2471 15.0626 13.2026 13.0348 14.4715 12.5259 11.8365 11.4733 10.6686 10.3985 10.2716 10.0789 9.46546
threshold=1.0000000180025095e-35 1.0000000180025095e-35 1.0000000180025095e-35 1.0000000180025095e-35 1.0000000180025095e-35 1.0000000180025095e-35 1.0000000180025095e-35 0.16515000000000005 1.0000000180025095e-35 1.0000000180025095e-35 1.0000000180025095e-35 1.0000000180025095e-35 1.0000000180025095e-35 1.0000000180025095e-35
decision_type=2 2 2 2 2 2 2 2 2 2 2 2 2 2
left_child=1 2 3 4 5 6 8 -6 10 12 11 -1 13 -2
right_child=9 -3 -4 -5 7 -7 -8 -9 -10 -11 -12 -13 -14 -15
leaf_value=-0.0032005719723176736 0.0036241903746956575 0.021358842064661009 0.019345007143631767 0.015566603116807529 -0.0074076772977908455 0.012363313235124598 0.012336041934480121 0.025294198756082322 0.015356194817771516 0.029451595641117781 -0.017120738760253093 0.0095488515314355038 0.026903169446338256 0.022737008596167847
leaf_weight=14601 1495 76 74 95 40 151 128 73 79 42 128 155 47 63
leaf_count=14601 1495 76 74 95 40 151 128 73 79 42 128 155 47 63
internal_value=-0.00153126 -0.00231867 -0.00244143 -0.00255201 -0.00266913 -0.00279645 -0.00295218 0.0138949 -0.00308704 0.00591138 -0.00319006 -0.00306346 0.00520582 0.00446731
internal_weight=17247 15600 15524 15450 15355 15242 15091 113 14963 1647 14884 14756 1605 1558
internal_count=17247 15600 15524 15450 15355 15242 15091 113 14963 1647 14884 14756 1605 1558
is_linear=0
shrinkage=0.05


Tree=39
num_leaves=15
num_cat=0
split_feature=5 190 276 191 115 168 406 269 310 23 386 188 77 394
split_gain=38.7132 23.2873 16.5323 19.7374 16.3289 12.1079 12.1588 11.6857 11.4004 10.0467 10.6735 10.4443 9.67259 9.28993
threshold=1.0000000180025095e-35 1.0000000180025095e-35 1.0000000180025095e-35 1.0000000180025095e-35 1.0000000180025095e-35 1.0000000180025095e-35 1.0000000180025095e-35 1.0000000180025095e-35 1.0000000180025095e-35 1.0000000180025095e-35 1.0000000180025095e-35 1.0000000180025095e-35 1.0000000180025095e-35 1.0000000180025095e-35
decision_type=2 2 2 2 2 2 2 2 2 2 2 2 2 2
left_child=1 2 5 8 -2 6 7 9 -4 10 11 12 13 -1
right_child=4 -3 3 -5 -6 -7 -8 -9 -10 -11 -12 -13 -14 -15
leaf_value=-0.0028424762048283037 0.0048182517473197711 0.011545118554337423 0.00068138206409087249 0.035334701231740255 0.035413353664593569 0.015880693858932881 0.016282609980553388 0.013354307598478738 0.024371249780610758 -0.011420402917905345 0.016747913588839237 -0.014194054999259404 -0.015570779617379916 -0.018548730952959312
leaf_weight=13253 1612 290 859 42 40 79 75 100 49 376 62 211 149 90
leaf_count=13253 1612 290 859 42 40 79 75 100 49 376 62 211 149 90
internal_value=-0.00160454 -0.00237407 -0.0026408 0.0037335 0.00566368 -0.00306262 -0.00317267 -0.00328081 0.00208627 -0.00340312 -0.00318006 -0.0032763 -0.00310036 -0.00295533
internal_weight=17287 15635 15345 950 1652 14395 14316 14241 908 14141 13765 13703 13492 13343
internal_count=17287 15635 15345 950 1652 14395 14316 14241 908 14141 13765 13703 13492 13343
is_linear=0
shrinkage=0.05


Tree=40
num_leaves=15
num_cat=0
split_feature=3 191 393 309 249 385 243 154 396 190 52 339 3 342
split_gain=30.9411 26.5533 24.9769 23.6619 17.6601 14.1329 13.3847 13.3309 12.5417 12.133 13.0535 12.3549 12.0038 11.6758
threshold=-0.41179999999999994 1.0000000180025095e-35 1.0000000180025095e-35 1.0000000180025095e-35 1.0000000180025095e-35 1.0000000180025095e-35 1.0000000180025095e-35 1.0000000180025095e-35 1.0000000180025095e-35 1.0000000180025095e-35 1.0000000180025095e-35 1.0000000180025095e-35 0.90275000000000005 1.0000000180025095e-35
decision_type=2 2 2 2 2 2 2 2 2 2 2 2 2 2
left_child=4 2 3 7 5 6 8 9 -1 10 11 13 -9 -2
right_child=1 -3 -4 -5 -6 -7 -8 12 -10 -11 -12 -13 -14 -15
leaf_value=0.0020691339337303434 -0.0042773185536856663 0.0084031382414877145 0.021083711296183253 0.0059510069285038632 -0.027492422902065779 0.028421418157226427 0.024403023944325645 -0.00021488393267120014 0.020467729468752319 0.0074329089646589415 0.019810283954801233 0.010796994139174267 0.022168779277032424 0.015946767093878912
leaf_weight=2719 12182 549 104 703 41 52 68 168 91 237 53 135 88 67
leaf_count=2719 12182 549 104 703 41 52 68 168 91 237 53 135 88 67
internal_value=-0.00136664 -0.00233216 -0.0027641 -0.00295368 0.00327218 0.00374878 0.00325447 -0.00343994 0.00270026 -0.00366907 -0.00388353 -0.00399289 0.00775679 -0.00416023
internal_weight=17257 14286 13737 13633 2971 2930 2878 12930 2810 12674 12437 12384 256 12249
internal_count=17257 14286 13737 13633 2971 2930 2878 12930 2810 12674 12437 12384 256 12249
is_linear=0
shrinkage=0.05


Tree=41
num_leaves=15
num_cat=0
split_feature=5 276 37 190 406 310 339 369 191 241 243 396 24 147
split_gain=35.1798 16.878 16.07 15.9491 15.0513 12.7825 12.572 12.6017 11.8357 10.3727 16.1221 13.8357 10.1969 8.52787
threshold=1.0000000180025095e-35 1.0000000180025095e-35 1.0000000180025095e-35 1.0000000180025095e-35 1.0000000180025095e-35 1.0000000180025095e-35 1.0000000180025095e-35 1.0000000180025095e-35 1.0000000180025095e-35 1.0000000180025095e-35 1.0000000180025095e-35 1.0000000180025095e-35 1.0000000180025095e-35 1.0000000180025095e-35
decision_type=2 2 2 2 2 2 2 2 2 2 2 2 2 2
left_child=1 3 13 4 6 8 7 9 -3 10 11 12 -1 -2
right_child=2 5 -4 -5 -6 -7 -8 -9 -10 -11 -12 -13 -14 -15
leaf_value=-0.0034323514468330551 0.0036228345513859826 0.0014109266757269775 0.033987926657816088 0.0092174145291679579 0.018513934645892644 0.027855025204243485 0.012104074581505827 0.008982053711485416 0.02644314964534715 -0.0093803155930968218 0.017756333698829018 0.021238187273185508 0.0076348553018486314 0.018523882416944987
leaf_weight=12851 1521 865 43 274 77 49 132 207 45 666 88 53 207 98
leaf_count=12851 1521 865 43 274 77 49 132 207 45 666 88 53 207 98
internal_value=-0.00146353 -0.00220457 0.00543961 -0.00262819 -0.00285861 0.00420522 -0.00298095 -0.0031267 0.00278652 -0.00331065 -0.00300095 -0.00314699 -0.00325406 0.00457907
internal_weight=17176 15514 1662 14555 14281 959 14204 14072 910 13865 13199 13111 13058 1619
internal_count=17176 15514 1662 14555 14281 959 14204 14072 910 13865 13199 13111 13058 1619
is_linear=0
shrinkage=0.05


Tree=42
num_leaves=15
num_cat=0
split_feature=243 1 190 3 191 393 52 279 352 279 342 279 304 343
split_gain=23.7621 29.4524 23.8068 22.5566 22.778 17.4682 14.1985 13.5707 11.4077 10.5129 9.98468 9.85532 16.4236 9.41322
threshold=1.0000000180025095e-35 1.0000000180025095e-35 1.0000000180025095e-35 -0.93924999999999992 1.0000000180025095e-35 1.0000000180025095e-35 1.0000000180025095e-35 1.0000000180025095e-35 1.0000000180025095e-35 1.0000000180025095e-35 1.0000000180025095e-35 1.0000000180025095e-35 1.0000000180025095e-35 1.0000000180025095e-35
decision_type=2 2 2 2 2 2 2 2 2 2 2 2 2 2
left_child=2 13 3 -1 5 6 8 -6 10 -4 11 -5 -13 -2
right_child=1 -3 9 4 7 -7 -8 -9 -10 -11 -12 12 -14 -15
leaf_value=0.0039913240481725355 0.010135826843354522 0.038709290698170667 0.005503822994256561 -0.0037755178574719753 0.016711138263475794 0.01682662328177165 0.015507245016311413 0.00088570283187001182 0.0091806686801275111 0.024927921519045115 0.014684745535714092 0.0045047853463040027 -0.0092456685266746521 -0.018124016263383499
leaf_weight=1472 74 77 228 13149 226 107 98 329 181 98 72 860 285 42
leaf_count=1472 74 77 228 13149 226 107 98 329 181 98 72 860 285 42
internal_value=-0.00145081 0.015773 -0.0016497 -0.00191113 -0.00247985 -0.00285475 -0.00300425 0.0074216 -0.00313424 0.0116313 -0.00329254 -0.00338819 0.00105687 -0.000422301
internal_weight=17298 193 17105 16779 15307 14752 14645 555 14547 326 14366 14294 1145 116
internal_count=17298 193 17105 16779 15307 14752 14645 555 14547 326 14366 14294 1145 116
is_linear=0
shrinkage=0.05


Tree=43
num_leaves=15
num_cat=0
split_feature=5 191 4 6 269 144 335 394 127 347 3 309 339 237
split_gain=43.5591 18.7635 12.4447 14.425 11.8647 11.212 10.1917 9.43373 9.2749 9.38266 12.0548 10.2562 8.39657 9.29786
threshold=1.0000000180025095e-35 1.0000000180025095e-35 0.033550000000000003 14.500000000000002 1.0000000180025095e-35 1.0000000180025095e-35 1.0000000180025095e-35 1.0000000180025095e-35 1.0000000180025095e-35 1.0000000180025095e-35 0.92605000000000015 1.0000000180025095e-35 1.0000000180025095e-35 1.0000000180025095e-35
decision_type=2 2 2 2 2 2 2 2 2 2 2 2 2 2
left_child=1 4 -2 -4 5 6 7 8 9 11 -11 12 13 -1
right_child=2 -3 3 -5 -6 -7 -8 -9 -10 10 -12 -13 -14 -15
leaf_value=-0.0034243453784702192 -0.015175081937923097 0.0070652345576938339 0.0088206534642211419 -0.0079232082580885221 0.01320624390117279 0.013166805388729858 0.013996882745194981 -0.017633388717793144 0.015280704412047994 0.010533426002716529 -0.007963784310413757 0.0028845434320095222 0.0097815159134566794 0.0069761602410914536
leaf_weight=13018 59 554 1479 137 118 110 88 99 68 281 123 744 120 214
leaf_count=13018 59 554 1479 137 118 110 88 99 68 281 123 744 120 214
internal_value=-0.00110508 -0.00193152 0.00654378 0.00738109 -0.00226643 -0.00239365 -0.00251407 -0.00261787 -0.00250982 -0.00259849 0.00487334 -0.00281429 -0.0031328 -0.00325357
internal_weight=17212 15537 1675 1616 14983 14865 14755 14667 14568 14500 404 14096 13352 13232
internal_count=17212 15537 1675 1616 14983 14865 14755 14667 14568 14500 404 14096 13352 13232
is_linear=0
shrinkage=0.05


Tree=44
num_leaves=15
num_cat=0
split_feature=5 190 37 304 191 279 305 335 386 369 156 2 2 394
split_gain=28.478 22.0944 15.7306 14.6974 14.1316 15.5832 13.0893 11.965 12.0459 9.31133 9.21135 8.93467 9.97725 8.21091
threshold=1.0000000180025095e-35 1.0000000180025095e-35 1.0000000180025095e-35 1.0000000180025095e-35 1.0000000180025095e-35 1.0000000180025095e-35 1.0000000180025095e-35 1.0000000180025095e-35 1.0000000180025095e-35 1.0000000180025095e-35 1.0000000180025095e-35 1.0000000180025095e-35 1.5000000000000002 1.0000000180025095e-35
decision_type=2 2 2 2 2 2 2 2 2 2 2 2 2 2
left_child=1 4 3 11 6 -6 7 8 9 10 13 -2 -13 -1
right_child=2 -3 -4 -5 5 -7 -8 -9 -10 -11 -12 12 -14 -15
leaf_value=-0.00259791079007154 0.0054780077998553408 0.012057718730309169 0.032397299896603303 0.015516981657683141 0.016853687175674936 -0.00062190904881537494 0.019776081638958526 0.01649437421179541 0.017153731365747091 0.0070445771251494696 0.014330998457735406 -0.0080783389607202421 0.0061901641789919295 -0.017678730250182715
leaf_weight=14102 860 287 47 247 203 329 63 80 74 250 75 326 190 86
leaf_count=14102 860 287 47 247 203 329 63 80 74 250 75 326 190 86
internal_value=-0.0009015 -0.00156834 0.00529347 0.00441149 -0.00182844 0.00614125 -0.00211827 -0.00221902 -0.00232727 -0.00243247 -0.002601 0.00236903 -0.00281545 -0.00269552
internal_weight=17219 15549 1670 1623 15262 532 14730 14667 14587 14513 14263 1376 516 14188
internal_count=17219 15549 1670 1623 15262 532 14730 14667 14587 14513 14263 1376 516 14188
is_linear=0
shrinkage=0.05


Tree=45
num_leaves=15
num_cat=0
split_feature=5 190 393 308 244 37 6 378 276 191 310 289 192 147
split_gain=33.7605 22.5914 15.698 13.6311 11.5149 11.362 11.3856 11.3585 11.3907 11.059 12.1293 9.3372 10.8321 9.19821
threshold=1.0000000180025095e-35 1.0000000180025095e-35 1.0000000180025095e-35 1.0000000180025095e-35 1.0000000180025095e-35 1.0000000180025095e-35 15.500000000000002 1.0000000180025095e-35 1.0000000180025095e-35 1.0000000180025095e-35 1.0000000180025095e-35 1.0000000180025095e-35 1.0000000180025095e-35 1.0000000180025095e-35
decision_type=2 2 2 2 2 2 2 2 2 2 2 2 2 2
left_child=1 2 3 4 7 6 13 8 11 10 -10 12 -1 -2
right_child=5 -3 -4 -5 -6 -7 -8 -9 9 -11 -12 -13 -14 -15
leaf_value=-0.0025693607413287056 0.005003299271509486 0.012172686096834487 0.015347588939044823 0.0069581175120348657 -0.013644882239486006 0.030199083735413374 -0.015218873036968889 0.015034620065125638 0.00031940310777052276 0.027278602905571461 0.023585812281817199 0.0072925549125338485 -0.013001608513992312 0.02082096343352036
leaf_weight=13124 1436 286 126 405 215 42 61 91 846 40 55 230 249 94
leaf_count=13124 1436 286 126 405 215 42 61 91 846 40 55 230 249 94
internal_value=-0.000917324 -0.00163095 -0.00189149 -0.00203886 -0.00228649 0.00591327 0.00517956 -0.00211503 -0.00222746 0.00308086 0.00186199 -0.00259566 -0.00276839 0.00603976
internal_weight=17300 15667 15381 15255 14850 1633 1591 14635 14544 941 901 13603 13373 1530
internal_count=17300 15667 15381 15255 14850 1633 1591 14635 14544 941 901 13603 13373 1530
is_linear=0
shrinkage=0.05


Tree=46
num_leaves=15
num_cat=0
split_feature=5 115 269 144 190 77 339 335 386 186 406 393 4 37
split_gain=30.9166 16.391 15.6923 14.2324 11.43 10.888 11.0256 10.7271 10.7003 10.2635 9.82973 9.84251 9.42947 10.8562
threshold=1.0000000180025095e-35 1.0000000180025095e-35 1.0000000180025095e-35 1.0000000180025095e-35 1.0000000180025095e-35 1.0000000180025095e-35 1.0000000180025095e-35 1.0000000180025095e-35 1.0000000180025095e-35 1.0000000180025095e-35 1.0000000180025095e-35 1.0000000180025095e-35 0.041850000000000005 1.0000000180025095e-35
decision_type=2 2 2 2 2 2 2 2 2 2 2 2 2 2
left_child=2 12 3 4 5 6 7 8 9 10 11 -1 -2 -14
right_child=1 -3 -4 -5 -6 -7 -8 -9 -10 -11 -12 -13 13 -15
leaf_value=-0.0023490885596187897 -0.014857097286731007 0.034356085897888987 0.015954813127598121 0.016498350602012338 0.0080340952623080015 -0.014408555298670073 0.011991605084845203 0.015060471301222898 0.015965601856199406 -0.015601163015577136 0.014828554446644644 0.012281533177331862 0.004641054279242645 0.029100835382779862
leaf_weight=14338 55 43 121 101 280 172 136 86 76 138 80 111 1532 42
leaf_count=14338 55 43 121 101 280 172 136 86 76 138 80 111 1532 42
internal_value=-0.00093134 0.00552099 -0.00162272 -0.00176487 -0.00188983 -0.00207599 -0.00192948 -0.00206115 -0.0021661 -0.00226546 -0.00213347 -0.00223248 0.00465705 0.00538381
internal_weight=17311 1672 15639 15518 15417 15137 14965 14829 14743 14667 14529 14449 1629 1574
internal_count=17311 1672 15639 15518 15417 15137 14965 14829 14743 14667 14529 14449 1629 1574
is_linear=0
shrinkage=0.05


Tree=47
num_leaves=15
num_cat=0
split_feature=5 77 191 37 114 385 269 80 335 279 68 6 279 304
split_gain=24.4324 16.5851 16.1464 13.3715 12.774 12.598 12.2826 11.3829 10.3756 10.1331 10.0369 9.23782 8.6579 15.3472
threshold=1.0000000180025095e-35 1.0000000180025095e-35 1.0000000180025095e-35 1.0000000180025095e-35 1.0000000180025095e-35 1.0000000180025095e-35 1.0000000180025095e-35 1.0000000180025095e-35 1.0000000180025095e-35 1.0000000180025095e-35 1.0000000180025095e-35 14.500000000000002 1.0000000180025095e-35 1.0000000180025095e-35
decision_type=2 2 2 2 2 2 2 2 2 2 2 2 2 2
left_child=1 2 4 5 6 11 7 8 10 -4 12 -2 -1 -14
right_child=3 -3 9 -5 -6 -7 -8 -9 -10 -11 -12 -13 13 -15
leaf_value=-0.0025829292327238774 0.0042603773662766176 -0.017704583287995772 0.015445153855405331 0.031338718598303589 -0.019915264952188531 0.027706838302590232 0.013904795341938734 0.017342111307261331 0.014716301591045434 0.0013748540587300447 0.01138335983471378 -0.0097272122192174904 0.0043683033852424799 -0.0073813270162035888
leaf_weight=13001 1419 155 209 41 92 49 120 72 88 321 133 124 1113 365
leaf_count=13001 1419 155 209 41 92 49 120 72 88 321 133 124 1113 365
internal_value=-0.00107987 -0.00168681 -0.00152112 0.00473121 -0.00182532 0.00394999 -0.00170692 -0.0018384 -0.00193821 0.00701582 -0.00204351 0.00310851 -0.00217073 0.00145157
internal_weight=17302 15669 15514 1633 14984 1592 14892 14772 14700 530 14612 1543 14479 1478
internal_count=17302 15669 15514 1633 14984 1592 14892 14772 14700 530 14612 1543 14479 1478
is_linear=0
shrinkage=0.05


Tree=48
num_leaves=15
num_cat=0
split_feature=5 4 37 337 6 385 406 231 308 351 378 276 4 199
split_gain=22.7992 14.2567 12.7712 11.228 11.1387 10.3904 10.5461 9.72897 10.4714 8.73277 9.73771 8.0945 11.4587 8.73951
threshold=1.0000000180025095e-35 0.041850000000000005 1.0000000180025095e-35 1.0000000180025095e-35 14.500000000000002 1.0000000180025095e-35 1.0000000180025095e-35 1.0000000180025095e-35 1.0000000180025095e-35 1.0000000180025095e-35 1.0000000180025095e-35 1.0000000180025095e-35 0.018850000000000002 1.0000000180025095e-35
decision_type=2 2 2 2 2 2 2 2 2 2 2 2 2 2
left_child=3 -2 4 5 -3 6 7 8 9 10 11 13 -13 -1
right_child=1 2 -4 -5 -6 -7 -8 -9 -10 -11 -12 12 -14 -15
leaf_value=-0.0025056626227410138 -0.019030703598114311 0.0061147493614209991 0.03108477059286088 0.016774078016169369 -0.0091046853121511187 0.010962481710423785 0.015377266665713655 -0.01125642808877134 0.0063288769716507848 0.0075594657014503523 0.013552073516882958 -0.0076290953118694441 0.0060580337767109551 0.013978850589145298
leaf_weight=13305 56 1408 43 79 127 159 85 262 398 238 95 198 618 76
leaf_count=13305 56 1408 43 79 127 159 85 262 398 238 95 198 618 76
internal_value=-0.000868416 0.0047404 0.00564143 -0.00146053 0.00483008 -0.00155927 -0.00169316 -0.00179371 -0.00162392 -0.00184386 -0.00200304 -0.00211186 0.00271066 -0.00240685
internal_weight=17147 1634 1578 15513 1535 15434 15275 15190 14928 14530 14292 14197 816 13381
internal_count=17147 1634 1578 15513 1535 15434 15275 15190 14928 14530 14292 14197 816 13381
is_linear=0
shrinkage=0.05


Tree=49
num_leaves=15
num_cat=0
split_feature=52 4 188 154 243 249 4 190 369 120 1 236 96 279
split_gain=31.562 19.3974 16.8364 16.1566 16.1486 15.3208 13.3643 12.8961 11.7035 12.6208 11.188 11.358 9.44268 8.23397
threshold=1.0000000180025095e-35 0.74385000000000012 1.0000000180025095e-35 1.0000000180025095e-35 1.0000000180025095e-35 1.0000000180025095e-35 0.94395000000000007 1.0000000180025095e-35 1.0000000180025095e-35 1.0000000180025095e-35 1.0000000180025095e-35 1.0000000180025095e-35 1.0000000180025095e-35 1.0000000180025095e-35
decision_type=2 2 2 2 2 2 2 2 2 2 2 2 2 2
left_child=1 8 3 4 5 6 7 12 9 -1 -8 -12 -3 -9
right_child=-2 2 -4 -5 -6 -7 10 13 -10 -11 11 -13 -14 -15
leaf_value=-0.0028254767204025423 0.021542684067111868 -0.001030024663589742 -0.020726627770768988 0.014681123206904585 0.021891865159074469 -0.016042193382129293 0.0088354084965882509 0.0048340286509855127 0.0081846185467316177 0.022128063710132505 0.0022546906386896109 -0.020372341245820283 0.012994304886920667 0.026828835319126183
leaf_weight=9557 152 4978 83 213 85 131 845 128 249 46 411 59 118 61
leaf_count=9557 152 4978 83 213 85 131 845 128 249 46 411 59 118 61
internal_value=-0.00077326 -0.000979503 0.00101006 0.00128128 0.000852084 0.000570338 0.000911966 -0.00021185 -0.00241552 -0.00269449 0.00541229 -0.000770271 -0.000692867 0.0124414
internal_weight=17116 16964 7112 7029 6816 6731 6600 5285 9852 9603 1315 470 5096 189
internal_count=17116 16964 7112 7029 6816 6731 6600 5285 9852 9603 1315 470 5096 189
is_linear=0
shrinkage=0.05


Tree=50
num_leaves=15
num_cat=0
split_feature=5 3 3 190 392 191 393 2 304 2 3 77 80 276
split_gain=22.3982 13.3607 14.6827 13.198 12.7413 11.6894 11.9145 11.2064 24.0595 12.7236 11.8456 10.9844 10.6906 10.1195
threshold=1.0000000180025095e-35 0.80505000000000015 -0.056799999999999996 1.0000000180025095e-35 1.0000000180025095e-35 1.0000000180025095e-35 1.0000000180025095e-35 1.0000000180025095e-35 1.0000000180025095e-35 1.5000000000000002 -0.94414999999999993 1.0000000180025095e-35 1.0000000180025095e-35 1.0000000180025095e-35
decision_type=2 2 2 2 2 2 2 2 2 2 2 2 2 2
left_child=3 2 7 4 5 6 11 -2 9 -9 -11 12 -1 -7
right_child=1 -3 -4 -5 -6 13 -8 8 -10 10 -12 -13 -14 -15
leaf_value=-0.0021116872907744363 0.0084692993637288713 0.018732840085232801 -0.010663748120878046 0.0090697412735459455 0.013285637767264017 0.0030627609806774996 0.014078068562064387 -0.01338711582519282 0.022710927339027298 0.014528778735377374 -0.012106856254532058 -0.015188422487699428 0.016000083067295393 0.025373933686499012
leaf_weight=14401 842 149 164 289 137 490 109 239 83 104 63 155 77 52
leaf_count=14401 842 149 164 289 137 490 109 239 83 104 63 155 77 52
internal_value=-0.000845101 0.004699 0.00324253 -0.00142658 -0.00162617 -0.00176413 -0.00202985 0.0049895 -0.00102738 -0.00609753 0.00442076 -0.0021546 -0.00200987 0.00541569
internal_weight=17354 1644 1495 15710 15421 15284 14742 1331 489 406 167 14633 14478 542
internal_count=17354 1644 1495 15710 15421 15284 14742 1331 489 406 167 14633 14478 542
is_linear=0
shrinkage=0.05


Tree=51
num_leaves=15
num_cat=0
split_feature=269 2 243 3 1 168 304 5 276 393 90 83 68 68
split_gain=19.2107 16.834 24.8769 16.2652 12.6929 10.3123 10.2704 19.2138 11.1042 11.1084 10.6045 10.2008 10.0994 10.0259
threshold=1.0000000180025095e-35 1.0000000180025095e-35 1.0000000180025095e-35 -0.93924999999999992 1.0000000180025095e-35 1.0000000180025095e-35 1.0000000180025095e-35 1.0000000180025095e-35 1.0000000180025095e-35 1.0000000180025095e-35 1.0000000180025095e-35 1.0000000180025095e-35 1.0000000180025095e-35 1.0000000180025095e-35
decision_type=2 2 2 2 2 2 2 2 2 2 2 2 2 2
left_child=1 2 3 4 -1 13 8 11 9 10 12 -8 -3 -5
right_child=-2 6 -4 5 -6 -7 7 -9 -10 -11 -12 -13 -14 -15
leaf_value=0.011729814907780339 0.014804288203916958 -0.0043497782550138584 0.021687379599535379 -0.00072390581212736596 -2.5118215637932341e-05 0.020071264142628577 0.0029751993044657057 0.024200076449622392 0.0046926105517811857 0.017611768787543551 0.011289282308956773 -0.012029473702192095 0.012639932726311049 0.018556016586337456
leaf_weight=517 194 6315 133 8099 410 56 571 88 420 56 109 136 84 63
leaf_count=517 194 6315 133 8099 410 56 571 88 420 56 109 136 84 63
internal_value=-0.000641559 -0.000821522 0.000616721 0.000298597 0.00655852 -0.000411088 -0.00253621 0.00283521 -0.00314923 -0.00365419 -0.00385056 2.46615e-05 -0.00411706 -0.000563821
internal_weight=17251 17057 9278 9145 927 8218 7779 795 6984 6564 6508 707 6399 8162
internal_count=17251 17057 9278 9145 927 8218 7779 795 6984 6564 6508 707 6399 8162
is_linear=0
shrinkage=0.05


Tree=52
num_leaves=15
num_cat=0
split_feature=5 37 168 352 3 406 154 3 133 2 304 80 309 351
split_gain=19.7234 15.0291 13.0955 11.5492 14.2696 10.5329 9.94397 16.6173 10.3718 9.74199 9.51421 9.37169 9.48602 8.36023
threshold=1.0000000180025095e-35 1.0000000180025095e-35 1.0000000180025095e-35 1.0000000180025095e-35 0.91085000000000016 1.0000000180025095e-35 1.0000000180025095e-35 0.88785000000000014 1.0000000180025095e-35 1.0000000180025095e-35 1.0000000180025095e-35 1.0000000180025095e-35 1.0000000180025095e-35 1.0000000180025095e-35
decision_type=2 2 2 2 2 2 2 2 2 2 2 2 2 2
left_child=2 9 3 5 -5 6 8 -8 11 -2 -11 12 13 -1
right_child=1 -3 -4 4 -6 -7 7 -9 -10 10 -12 -13 -14 -15
leaf_value=-0.0022744266638067634 0.006554268485306847 0.031988377698386715 0.019107307534282789 0.019569038115977815 -0.0075678312838518697 0.015658856847916135 -0.0016173005990802924 0.027046518377028407 -0.016251555654383583 -0.0040698943719097462 0.01321401108016676 0.015136588568140458 0.0034962415226527238 0.0075553563033992598
leaf_weight=13761 1012 43 73 134 71 83 136 75 119 517 89 77 790 215
leaf_count=13761 1012 43 73 134 71 83 136 75 119 517 89 77 790 215
internal_value=-0.000777577 0.00439302 -0.00133169 -0.00143434 0.010214 -0.00159415 -0.00169366 0.00896149 -0.00184687 0.00356335 -0.00144414 -0.00172595 -0.00181897 -0.00212056
internal_weight=17195 1661 15534 15461 205 15256 15173 211 14962 1618 606 14843 14766 13976
internal_count=17195 1661 15534 15461 205 15256 15173 211 14962 1618 606 14843 14766 13976
is_linear=0
shrinkage=0.05


Tree=53
num_leaves=15
num_cat=0
split_feature=154 385 144 2 279 304 39 352 191 269 1 335 249 6
split_gain=17.1925 21.6607 14.9179 14.2175 13.5508 26.2517 20.9942 14.7815 14.2207 14.4386 12.3204 11.126 11.5801 9.62899
threshold=1.0000000180025095e-35 1.0000000180025095e-35 1.0000000180025095e-35 1.0000000180025095e-35 1.0000000180025095e-35 1.0000000180025095e-35 1.0000000180025095e-35 1.0000000180025095e-35 1.0000000180025095e-35 1.0000000180025095e-35 1.0000000180025095e-35 1.0000000180025095e-35 1.0000000180025095e-35 10.500000000000002
decision_type=2 2 2 2 2 2 2 2 2 2 2 2 2 2
left_child=1 2 4 -4 5 7 -6 11 9 10 13 12 -1 -7
right_child=-2 -3 3 -5 6 8 -8 -9 -10 -11 -12 -13 -14 -15
leaf_value=-0.0024401251145593009 0.010484922123127932 0.01546207279550718 0.027649378116060604 -0.0049814785291489808 0.00094423442031638756 0.0017804067268371384 0.017898189564283681 0.020510914756783419 0.026262497335946672 0.025856429430237717 -0.0047618041504489412 0.018781503264364771 -0.01412119150217795 0.012742570256620955
leaf_weight=12831 336 196 82 52 1824 562 198 65 68 64 409 56 211 308
leaf_count=12831 336 196 82 52 1824 562 198 65 68 64 409 56 211 308
internal_value=-0.000631104 -0.000854801 -0.00105052 0.015263 -0.0011868 -0.00171908 0.00264447 -0.0024142 0.00475126 0.00356871 0.00235711 -0.00253575 -0.00263445 0.0057119
internal_weight=17262 16926 16730 134 16596 14574 2022 13163 1411 1343 1279 13098 13042 870
internal_count=17262 16926 16730 134 16596 14574 2022 13163 1411 1343 1279 13098 13042 870
is_linear=0
shrinkage=0.05


Tree=54
num_leaves=15
num_cat=0
split_feature=5 369 309 196 308 83 102 4 386 392 342 4 52 156
split_gain=19.2393 9.86558 10.1247 10.9458 10.0737 9.2947 8.41259 9.65259 8.4086 8.23438 7.83979 7.82496 7.65005 7.40495
threshold=1.0000000180025095e-35 1.0000000180025095e-35 1.0000000180025095e-35 1.0000000180025095e-35 1.0000000180025095e-35 1.0000000180025095e-35 1.0000000180025095e-35 0.9557500000000001 1.0000000180025095e-35 1.0000000180025095e-35 1.0000000180025095e-35 0.56330000000000013 1.0000000180025095e-35 1.0000000180025095e-35
decision_type=2 2 2 2 2 2 2 2 2 2 2 2 2 2
left_child=1 2 3 4 8 -4 7 12 9 10 13 -3 -2 -1
right_child=6 11 5 -5 -6 -7 -8 -9 -10 -11 -12 -13 -14 -15
leaf_value=-0.0021393719819039715 0.0019194833076899014 0.0032576449321268866 0.0085717795158012054 -0.019867361025748459 0.0061179029105378575 -0.0023334166464359465 -0.011047371106042741 0.011482137110403988 0.015048010128776771 0.011358352128464061 0.014163424952266119 0.02277005403370097 0.022550559899908434 0.013418172319214067
leaf_weight=13797 1066 210 472 77 412 328 78 448 69 112 70 64 42 72
leaf_count=13797 1066 210 472 77 412 328 78 448 69 112 70 64 42 72
internal_value=-0.000639896 -0.00117825 -0.00134656 -0.00164689 -0.00154354 0.00411393 0.00451502 0.00532803 -0.00176918 -0.00185709 -0.00196731 0.00814168 0.00279932 -0.0020538
internal_weight=17317 15683 15409 14609 14532 800 1634 1556 14120 14051 13939 274 1108 13869
internal_count=17317 15683 15409 14609 14532 800 1634 1556 14120 14051 13939 274 1108 13869
is_linear=0
shrinkage=0.05


Tree=55
num_leaves=15
num_cat=0
split_feature=144 352 3 16 190 168 292 249 241 396 3 195 309 304
split_gain=17.127 17.0029 15.4547 19.672 15.224 12.4847 11.0235 10.9951 11.2476 14.295 10.2632 10.0241 9.60333 10.0734
threshold=1.0000000180025095e-35 1.0000000180025095e-35 -0.04034999999999999 1.0000000180025095e-35 1.0000000180025095e-35 1.0000000180025095e-35 1.0000000180025095e-35 1.0000000180025095e-35 1.0000000180025095e-35 1.0000000180025095e-35 0.91085000000000016 1.0000000180025095e-35 1.0000000180025095e-35 1.0000000180025095e-35
decision_type=2 2 2 2 2 2 2 2 2 2 2 2 2 2
left_child=1 2 3 7 5 6 12 8 9 11 -3 -1 13 -4
right_child=-2 10 4 -5 -6 -7 -8 -9 -10 -11 -12 -13 -14 -15
leaf_value=0.0025813564154547482 0.017062687857927448 0.021159819128533985 -0.0029207632868182669 -0.025733904102965006 0.0099716746661579238 0.018005487096460559 0.011587321255731102 -0.019380198249168562 -0.0092561041578895827 0.024008889996060514 -0.0021736408903027925 0.026347517362899253 0.0034239583281687816 0.0019953068064515254
leaf_weight=3572 134 138 10693 58 275 74 144 52 181 77 69 40 737 1151
leaf_count=3572 134 138 10693 58 275 74 144 52 181 77 69 40 737 1151
internal_value=-0.000418454 -0.000559065 -0.000733796 0.00199256 -0.0015642 -0.00181586 -0.00193815 0.00243483 0.00275258 0.00335351 0.0135142 0.00288061 -0.0020975 -0.00244238
internal_weight=17395 17261 17054 3980 13074 12799 12725 3922 3870 3689 207 3612 12581 11844
internal_count=17395 17261 17054 3980 13074 12799 12725 3922 3870 3689 207 3612 12581 11844
is_linear=0
shrinkage=0.05


Tree=56
num_leaves=15
num_cat=0
split_feature=243 2 244 52 190 392 351 129 396 269 352 279 186 77
split_gain=17.3632 34.4905 15.4417 14.8439 12.1999 12.1263 12.4484 13.0265 12.4951 11.9003 11.9827 15.855 9.12731 9.53044
threshold=1.0000000180025095e-35 1.0000000180025095e-35 1.0000000180025095e-35 1.0000000180025095e-35 1.0000000180025095e-35 1.0000000180025095e-35 1.0000000180025095e-35 1.0000000180025095e-35 1.0000000180025095e-35 1.0000000180025095e-35 1.0000000180025095e-35 1.0000000180025095e-35 1.0000000180025095e-35 1.0000000180025095e-35
decision_type=2 2 2 2 2 2 2 2 2 2 2 2 2 2
left_child=2 -2 3 4 5 6 7 8 9 10 12 -12 13 -1
right_child=1 -3 -4 -5 -6 -7 -8 -9 -10 -11 11 -13 -14 -15
leaf_value=-0.0016680060588847778 0.026521571551716625 -0.022370618990413389 -0.013260782967381418 0.014161517185226354 0.008978897119792403 0.012521509333667948 0.0099552287501452671 0.011800155076461155 0.015850543152106909 0.012839832776127028 0.02730596359398943 -0.0015648215057917387 -0.014809988991028684 -0.014214213002355942
leaf_weight=15123 138 44 244 161 304 158 242 181 98 136 77 112 131 148
leaf_count=15123 138 44 244 161 304 158 242 181 98 136 77 112 131 148
internal_value=-0.000734536 0.0144194 -0.000899846 -0.000717198 -0.000864747 -0.00104983 -0.00118561 -0.00135711 -0.00151128 -0.00162447 -0.00175471 0.010598 -0.00190969 -0.00179421
internal_weight=17297 182 17115 16871 16710 16406 16248 16006 15825 15727 15591 189 15402 15271
internal_count=17297 182 17115 16871 16710 16406 16248 16006 15825 15727 15591 189 15402 15271
is_linear=0
shrinkage=0.05


Tree=57
num_leaves=15
num_cat=0
split_feature=5 121 3 124 23 41 168 292 144 244 3 279 3 385
split_gain=18.5266 11.7279 12.6484 11.5269 10.4279 12.0584 10.718 10.1549 12.432 9.43388 9.42492 11.5381 11.2301 9.94573
threshold=1.0000000180025095e-35 1.0000000180025095e-35 -0.96004999999999985 1.0000000180025095e-35 1.0000000180025095e-35 1.0000000180025095e-35 1.0000000180025095e-35 1.0000000180025095e-35 1.0000000180025095e-35 1.0000000180025095e-35 0.72380000000000011 1.0000000180025095e-35 0.91415000000000013 1.0000000180025095e-35
decision_type=2 2 2 2 2 2 2 2 2 2 2 2 2 2
left_child=1 4 -3 10 5 6 7 8 9 -1 11 13 -12 -2
right_child=3 2 -4 -5 -6 -7 -8 -9 -10 -11 12 -13 -14 -15
leaf_value=-0.0012778697008122132 -0.0001104946087663735 -0.012007267484053348 0.017548446196318845 0.028982304036617279 -0.009293963185318008 0.015612145640178149 0.017408502319206796 0.01083378869098151 0.016254313510842621 -0.011553150223501925 0.024163369429171893 0.013803763537511685 -0.0041963778436183933 0.022425711753905991
leaf_weight=14395 1221 43 154 42 380 104 73 169 95 222 106 192 49 46
leaf_count=14395 1221 43 154 42 380 104 73 169 95 222 106 192 49 46
internal_value=-0.000478309 -0.00101139 0.0109597 0.00454262 -0.00116765 -0.000959556 -0.00107999 -0.0011765 -0.0013181 -0.00143783 0.0038191 0.00254617 0.0153471 0.000792645
internal_weight=17291 15635 197 1656 15438 15058 14954 14881 14712 14617 1614 1459 155 1267
internal_count=17291 15635 197 1656 15438 15058 14954 14881 14712 14617 1614 1459 155 1267
is_linear=0
shrinkage=0.05


Tree=58
num_leaves=15
num_cat=0
split_feature=190 369 158 85 77 52 241 243 386 290 202 141 3 88
split_gain=17.1521 15.0898 15.524 13.3542 12.6902 11.9901 11.1722 15.2293 12.2698 11.5016 9.96497 9.94105 9.40207 9.27092
threshold=1.0000000180025095e-35 1.0000000180025095e-35 1.0000000180025095e-35 1.0000000180025095e-35 1.0000000180025095e-35 1.0000000180025095e-35 1.0000000180025095e-35 1.0000000180025095e-35 1.0000000180025095e-35 1.0000000180025095e-35 1.0000000180025095e-35 1.0000000180025095e-35 0.77855000000000008 1.0000000180025095e-35
decision_type=2 2 2 2 2 2 2 2 2 2 2 2 2 2
left_child=1 2 3 4 5 6 7 8 9 10 11 13 -7 -1
right_child=-2 -3 -4 -5 -6 12 -8 -9 -10 -11 -12 -13 -14 -15
leaf_value=-0.0003682123826364286 0.010778135470380742 0.0091692981932777924 0.014525850612553768 -0.018180068879082047 -0.014887344268110635 0.0045710572040472885 -0.0070861781520026798 0.014988596139938321 0.019444839388912394 -0.016132057598611759 -0.015312907221145984 -0.014490123664100582 0.032131857568722055 -0.0073777076021050575
leaf_weight=14173 324 370 155 109 158 101 714 148 69 119 113 125 41 483
leaf_count=14173 324 370 155 109 158 101 714 148 69 119 113 125 41 483
internal_value=-0.000529004 -0.000749191 -0.000974206 -0.00112552 -0.00100552 -0.000864585 -0.000995338 -0.00070756 -0.000866503 -0.000966297 -0.000839753 -0.000723965 0.013351 -0.000601653
internal_weight=17202 16878 16508 16353 16244 16086 15944 15230 15082 15013 14894 14781 142 14656
internal_count=17202 16878 16508 16353 16244 16086 15944 15230 15082 15013 14894 14781 142 14656
is_linear=0
shrinkage=0.05


Tree=59
num_leaves=15
num_cat=0
split_feature=5 115 37 190 308 279 386 6 6 304 4 406 339 172
split_gain=25.3105 12.4172 12.8484 11.1972 11.2417 10.8787 9.7953 8.25862 7.93877 11.4321 11.4176 7.82857 8.00223 13.3283
threshold=1.0000000180025095e-35 1.0000000180025095e-35 1.0000000180025095e-35 1.0000000180025095e-35 1.0000000180025095e-35 1.0000000180025095e-35 1.0000000180025095e-35 8.5000000000000018 6.5000000000000009 1.0000000180025095e-35 0.085000000000000006 1.0000000180025095e-35 1.0000000180025095e-35 1.0000000180025095e-35
decision_type=2 2 2 2 2 2 2 2 2 2 2 2 2 2
left_child=3 2 5 4 6 8 11 -6 -2 10 -10 12 -1 -14
right_child=1 -3 -4 -5 7 -7 -8 -9 9 -11 -12 -13 13 -15
leaf_value=-0.0016671913493576523 0.020497659866794429 0.031493027557929362 0.030879999405663945 0.0087265067039305547 -0.0026435257822262827 0.014626148773324011 0.016083304185885935 0.011974069468058405 -0.019270514316856863 0.012342799619056259 0.00092507119669908992 0.013583465595188183 -0.0045906401448883123 0.025062813061113295
leaf_weight=14609 53 40 41 288 146 205 75 272 70 203 1042 81 75 69
leaf_count=14609 53 40 41 288 146 205 75 272 70 203 1042 81 75 69
internal_value=-0.000333391 0.00553863 0.00480012 -0.000956952 -0.00114169 0.00402466 -0.00136932 0.00689751 0.00238851 0.00158376 -0.000426803 -0.00146295 -0.00155014 0.00998253
internal_weight=17269 1654 1614 15615 15327 1573 14909 418 1368 1315 1112 14834 14753 144
internal_count=17269 1654 1614 15615 15327 1573 14909 418 1368 1315 1112 14834 14753 144
is_linear=0
shrinkage=0.05


Tree=60
num_leaves=15
num_cat=0
split_feature=5 37 159 138 281 77 2 243 172 279 392 3 291 339
split_gain=21.1144 14.4522 10.316 11.0741 10.3849 9.99343 9.42047 22.6964 13.0701 11.081 10.6704 10.6639 9.45967 8.65296
threshold=1.0000000180025095e-35 1.0000000180025095e-35 1.0000000180025095e-35 1.0000000180025095e-35 1.0000000180025095e-35 1.0000000180025095e-35 1.0000000180025095e-35 1.0000000180025095e-35 1.0000000180025095e-35 1.0000000180025095e-35 1.0000000180025095e-35 0.064750000000000016 1.0000000180025095e-35 1.0000000180025095e-35
decision_type=2 2 2 2 2 2 2 2 2 2 2 2 2 2
left_child=2 -2 3 4 5 6 7 8 9 10 12 -9 -1 -8
right_child=1 -3 -4 -5 -6 -7 13 11 -10 -11 -12 -13 -14 -15
leaf_value=-0.0010424899191673518 0.0041630369374915229 0.032054007286205888 0.01154994614410894 0.010506772433448896 -0.018784482197259509 -0.013583747813536322 -0.002590069183313639 0.005329494189699086 0.023921964396556309 0.0045131595046416263 0.018668725536040525 0.039334227144718174 -0.019019940357051186 0.011554768527434631
leaf_weight=6751 1599 43 158 198 79 155 6842 44 51 1027 63 48 69 105
leaf_count=6751 1599 43 158 198 79 155 6842 44 51 1027 63 48 69 105
internal_value=-0.00039571 0.00498853 -0.000964216 -0.00109604 -0.00125024 -0.00115268 -0.00101974 0.000144205 -0.000148613 -0.000318823 -0.00104255 0.0241841 -0.00123817 -0.00236812
internal_weight=17232 1642 15590 15432 15234 15155 15000 8053 7961 7910 6883 92 6820 6947
internal_count=17232 1642 15590 15432 15234 15155 15000 8053 7961 7910 6883 92 6820 6947
is_linear=0
shrinkage=0.05


Tree=61
num_leaves=15
num_cat=0
split_feature=249 396 269 1 168 127 243 1 292 339 386 190 227 342
split_gain=17.9262 16.9078 13.0914 12.13 11.9542 11.0425 11.137 32.5655 11.1458 10.7667 10.2725 9.20156 10.288 9.61948
threshold=1.0000000180025095e-35 1.0000000180025095e-35 1.0000000180025095e-35 1.0000000180025095e-35 1.0000000180025095e-35 1.0000000180025095e-35 1.0000000180025095e-35 1.0000000180025095e-35 1.0000000180025095e-35 1.0000000180025095e-35 1.0000000180025095e-35 1.0000000180025095e-35 1.0000000180025095e-35 1.0000000180025095e-35
decision_type=2 2 2 2 2 2 2 2 2 2 2 2 2 2
left_child=1 2 4 -3 5 6 8 -8 9 10 11 12 13 -1
right_child=-2 3 -4 -5 -6 -7 7 -9 -10 -11 -12 -13 -14 -15
leaf_value=-0.001527568477804454 -0.014291344394329856 0.031928625905088014 0.012375712472945452 -0.00011943142328943527 0.018101571849005859 0.015423336008859574 -0.0053235453778435879 0.036976443926493324 0.011795461205213811 0.012238678795108999 0.01614763349792812 0.0074654283311174855 0.01643000826538529 0.015751626662174126
leaf_weight=15564 224 65 195 51 81 102 113 70 168 148 81 297 76 76
leaf_count=15564 224 65 195 51 81 102 113 70 168 148 81 297 76 76
internal_value=-0.000394825 -0.000208523 -0.00034121 0.0184158 -0.000492672 -0.000588279 -0.000691322 0.0114099 -0.000829705 -0.000963884 -0.00108906 -0.00118126 -0.00134699 -0.0014386
internal_weight=17311 17087 16971 116 16776 16695 16593 183 16410 16242 16094 16013 15716 15640
internal_count=17311 17087 16971 116 16776 16695 16593 183 16410 16242 16094 16013 15716 15640
is_linear=0
shrinkage=0.05


Tree=62
num_leaves=15
num_cat=0
split_feature=168 5 281 292 144 244 3 196 386 352 3 338 3 52
split_gain=17.8282 16.286 12.0262 9.3951 9.10606 10.5289 9.66234 8.9815 8.16752 8.18409 14.0049 7.71989 7.63747 7.62312
threshold=1.0000000180025095e-35 1.0000000180025095e-35 1.0000000180025095e-35 1.0000000180025095e-35 1.0000000180025095e-35 1.0000000180025095e-35 0.10175000000000002 1.0000000180025095e-35 1.0000000180025095e-35 1.0000000180025095e-35 0.91085000000000016 1.0000000180025095e-35 0.12835000000000002 1.0000000180025095e-35
decision_type=2 2 2 2 2 2 2 2 2 2 2 2 2 2
left_child=1 2 3 4 5 7 -6 8 9 11 -11 -1 -2 -3
right_child=12 13 -4 -5 6 -7 -8 -9 -10 10 -12 -13 -14 -15
leaf_value=-0.0012044739195878141 0.006294432303939875 0.0034294665216284465 -0.019793918733570642 0.010688672598646304 -0.0017492778301239015 -0.011775581009139349 0.030483043960672109 -0.017108377686506786 0.015033277804905083 0.019507349322633288 -0.0077342697197589315 0.014775084375746941 0.035631523087145171 0.019780380047857763
leaf_weight=14624 47 1579 80 167 45 225 42 81 75 118 73 71 42 70
leaf_count=14624 47 1579 80 167 45 225 42 81 75 118 73 71 42 70
internal_value=-0.000418545 -0.000536728 -0.00103659 -0.000933567 -0.00106342 -0.00115756 0.0146222 -0.000994874 -0.000901948 -0.000987255 0.00916393 -0.00112227 0.0212978 0.00418126
internal_weight=17339 17250 15601 15521 15354 15267 87 15042 14961 14886 191 14695 89 1649
internal_count=17339 17250 15601 15521 15354 15267 87 15042 14961 14886 191 14695 89 1649
is_linear=0
shrinkage=0.05


Tree=63
num_leaves=15
num_cat=0
split_feature=243 1 249 158 141 37 3 231 190 393 227 4 385 337
split_gain=12.3718 30.7752 11.7214 10.9797 10.7714 10.1388 17.1128 9.32935 10.9665 9.70774 9.24308 8.8784 9.33108 9.1713
threshold=1.0000000180025095e-35 1.0000000180025095e-35 1.0000000180025095e-35 1.0000000180025095e-35 1.0000000180025095e-35 1.0000000180025095e-35 -0.04034999999999999 1.0000000180025095e-35 1.0000000180025095e-35 1.0000000180025095e-35 1.0000000180025095e-35 0.9557500000000001 1.0000000180025095e-35 1.0000000180025095e-35
decision_type=2 2 2 2 2 2 2 2 2 2 2 2 2 2
left_child=2 -2 3 4 5 7 -7 8 9 10 11 12 13 -1
right_child=1 -3 -4 -5 -6 6 -8 -9 -10 -11 -12 -13 -14 -15
leaf_value=-0.001421316594189026 -0.0030919556233395891 0.038827089447042218 -0.012131615325417285 0.012630423617879331 -0.014524282336882924 0.032556471302463065 0.0030381574914483968 -0.009622856735605553 0.0093353989742534903 0.013406232796794128 0.015829646827355701 0.0041734927703966571 0.010324427397686175 0.01535145921814369
leaf_weight=14276 118 64 214 153 133 53 329 282 272 116 78 811 169 77
leaf_count=14276 118 64 214 153 133 53 329 282 272 116 78 811 169 77
internal_value=-0.000497995 0.0122928 -0.000638812 -0.000488394 -0.000613105 -0.000496345 0.00750134 -0.0006886 -0.000526137 -0.000701839 -0.000812346 -0.000902137 -0.00118693 -0.00132602
internal_weight=17145 182 16963 16749 16596 16463 382 16081 15799 15527 15411 15333 14522 14353
internal_count=17145 182 16963 16749 16596 16463 382 16081 15799 15527 15411 15333 14522 14353
is_linear=0
shrinkage=0.05


Tree=64
num_leaves=15
num_cat=0
split_feature=332 241 243 1 396 386 369 41 4 178 23 342 68 188
split_gain=12.9074 12.357 16.1783 20.9842 16.4447 14.5705 11.6894 11.7383 10.2847 9.9263 9.68563 9.4475 8.84978 8.03019
threshold=1.0000000180025095e-35 1.0000000180025095e-35 1.0000000180025095e-35 1.0000000180025095e-35 1.0000000180025095e-35 1.0000000180025095e-35 1.0000000180025095e-35 1.0000000180025095e-35 0.86695000000000011 1.0000000180025095e-35 1.0000000180025095e-35 1.0000000180025095e-35 1.0000000180025095e-35 1.0000000180025095e-35
decision_type=2 2 2 2 2 2 2 2 2 2 2 2 2 2
left_child=1 2 4 -4 5 6 7 9 -9 10 11 12 13 -1
right_child=-2 -3 3 -5 -6 -7 -8 8 -10 -11 -12 -13 -14 -15
leaf_value=-0.00011005241438251595 -0.012155807991278227 -0.0062810908192071791 0.00061639866282073958 0.03569524807704462 0.019274800478680326 0.021606419296063578 0.0096056060602354564 -0.0028993507525460292 0.025675220961142105 -0.011822172904257628 -0.0082237644217368795 0.017434199320986967 0.010988756286054009 -0.0094470157420350268
leaf_weight=14492 214 730 101 69 107 73 302 50 76 182 365 72 172 229
leaf_count=14492 214 730 101 69 107 73 302 50 76 182 365 72 172 229
internal_value=-9.46016e-05 6.05748e-05 0.000346602 0.0154674 0.000182394 4.88402e-05 -5.66308e-05 -0.000246238 0.0146582 -0.000371987 -0.000232239 -3.46418e-05 -0.000124918 -0.000258457
internal_weight=17234 17020 16290 170 16120 16013 15940 15638 126 15512 15330 14965 14893 14721
internal_count=17234 17020 16290 170 16120 16013 15940 15638 126 15512 15330 14965 14893 14721
is_linear=0
shrinkage=0.05


Tree=65
num_leaves=15
num_cat=0
split_feature=52 190 352 3 392 168 144 292 236 6 2 244 351 385
split_gain=22.4891 13.8293 14.5109 12.4184 10.6644 10.3268 9.66509 11.2264 9.17748 9.11226 9.02521 8.8038 9.55963 9.01641
threshold=1.0000000180025095e-35 1.0000000180025095e-35 1.0000000180025095e-35 0.91085000000000016 1.0000000180025095e-35 1.0000000180025095e-35 1.0000000180025095e-35 1.0000000180025095e-35 1.0000000180025095e-35 13.500000000000002 1.0000000180025095e-35 1.0000000180025095e-35 1.0000000180025095e-35 1.0000000180025095e-35
decision_type=2 2 2 2 2 2 2 2 2 2 2 2 2 2
left_child=1 2 4 -4 5 6 7 8 11 -9 -8 12 13 -1
right_child=-2 -3 3 -5 -6 -7 10 9 -10 -11 -12 -13 -14 -15
leaf_value=-0.0014437945036332436 0.018661958423035686 0.010259739699018285 0.021010602708297989 -0.004062801909794171 0.012480200451010696 0.016728793233633042 0.022967304097397664 0.020361093220668376 0.0035743567498022879 -0.0066313214924024512 -0.0035157783805126589 -0.011045313036281682 0.0091329413307454834 0.0093276934906235207
leaf_weight=14444 155 307 139 73 151 80 77 104 1030 41 51 223 218 192
leaf_count=14444 155 307 139 73 151 80 77 104 1030 41 51 223 218 192
internal_value=3.42021e-06 -0.000170807 -0.000364144 0.0124822 -0.000531803 -0.000654926 -0.000744907 -0.000854508 -0.000981012 0.0127621 0.01268 -0.0012933 -0.00114323 -0.00129935
internal_weight=17285 17130 16823 212 16611 16460 16380 16252 16107 145 128 15077 14854 14636
internal_count=17285 17130 16823 212 16611 16460 16380 16252 16107 145 128 15077 14854 14636
is_linear=0
shrinkage=0.05


Tree=66
num_leaves=15
num_cat=0
split_feature=210 190 337 352 52 279 177 3 144 279 394 121 3 191
split_gain=14.1296 14.8883 11.6345 10.9604 10.1129 9.97251 9.23658 9.85673 10.1648 8.37267 8.127 7.90336 8.46658 7.36268
threshold=1.0000000180025095e-35 1.0000000180025095e-35 1.0000000180025095e-35 1.0000000180025095e-35 1.0000000180025095e-35 1.0000000180025095e-35 1.0000000180025095e-35 -0.93924999999999992 1.0000000180025095e-35 1.0000000180025095e-35 1.0000000180025095e-35 1.0000000180025095e-35 -0.88714999999999988 1.0000000180025095e-35
decision_type=2 2 2 2 2 2 2 2 2 2 2 2 2 2
left_child=1 2 3 4 6 -5 7 -1 10 -3 11 12 -9 -14
right_child=-2 9 -4 5 -6 -7 -8 8 -10 -11 -12 -13 13 -15
leaf_value=0.003269761118103605 0.014470278520532179 0.0048957045082433292 0.017897943617623074 0.022221164571121336 0.012645895563145269 0.00064619748645331247 -0.014566858487938769 -0.0082451645749994067 0.014060335464098237 0.022083117180234552 -0.016013931571860273 0.010165402397223107 -0.0012386980360851486 0.0048368985103665763
leaf_weight=1421 160 246 81 95 136 116 116 412 105 97 87 149 13446 513
leaf_count=1421 160 246 81 95 136 116 116 412 105 97 87 149 13446 513
internal_value=-9.10116e-05 -0.000232108 -0.000445566 -0.000540459 -0.000687764 0.0106496 -0.00080322 -0.000699773 -0.00108416 0.0100037 -0.0011978 -0.00110354 -0.00122388 -0.00101376
internal_weight=17180 17020 16677 16596 16385 211 16249 16133 14712 343 14607 14520 14371 13959
internal_count=17180 17020 16677 16596 16385 211 16249 16133 14712 343 14607 14520 14371 13959
is_linear=0
shrinkage=0.05


Tree=67
num_leaves=15
num_cat=0
split_feature=5 196 190 279 308 393 289 192 77 332 133 80 4 365
split_gain=12.951 9.80155 8.71324 8.69278 7.90693 8.58164 8.66032 7.47199 7.47005 7.40419 7.45629 7.1623 7.06757 6.94122
threshold=1.0000000180025095e-35 1.0000000180025095e-35 1.0000000180025095e-35 1.0000000180025095e-35 1.0000000180025095e-35 1.0000000180025095e-35 1.0000000180025095e-35 1.0000000180025095e-35 1.0000000180025095e-35 1.0000000180025095e-35 1.0000000180025095e-35 1.0000000180025095e-35 0.92685000000000006 1.0000000180025095e-35
decision_type=2 2 2 2 2 2 2 2 2 2 2 2 2 2
left_child=1 2 4 -4 5 6 7 8 9 10 11 13 -6 -1
right_child=-2 -3 3 -5 12 -7 -8 -9 -10 -11 -12 -13 -14 -15
leaf_value=-0.0007371300463243723 0.0038995023157429132 -0.018355598376144335 0.0025660634083949307 0.022176847879130109 0.0089420617329901402 0.012376323613038255 0.0082583397751053184 -0.0097873982576857088 -0.011944612061440853 -0.010981445691070041 -0.013702805652241924 0.014503607491267185 -0.0070616496255856828 -0.0092305693131092253
leaf_weight=13413 1623 74 211 73 344 113 235 251 154 180 108 71 82 240
leaf_count=13413 1623 74 211 73 344 113 235 251 154 180 108 71 82 240
internal_value=-0.000343692 -0.000787706 -0.000697797 0.00790334 -0.000861145 -0.00105568 -0.00116346 -0.00131984 -0.00116641 -0.00104373 -0.00091049 -0.000804868 0.00581535 -0.000889757
internal_weight=17172 15549 15475 284 15191 14765 14652 14417 14166 14012 13832 13724 426 13653
internal_count=17172 15549 15475 284 15191 14765 14652 14417 14166 14012 13832 13724 426 13653
is_linear=0
shrinkage=0.05


Tree=68
num_leaves=15
num_cat=0
split_feature=190 3 52 243 1 191 39 279 231 210 338 1 304 6
split_gain=13.7117 11.9629 13.1685 11.2194 11.631 8.79163 13.3724 9.59407 8.79397 8.64193 8.05091 7.69989 7.41218 7.88735
threshold=1.0000000180025095e-35 -0.93924999999999992 1.0000000180025095e-35 1.0000000180025095e-35 1.0000000180025095e-35 1.0000000180025095e-35 1.0000000180025095e-35 1.0000000180025095e-35 1.0000000180025095e-35 1.0000000180025095e-35 1.0000000180025095e-35 1.0000000180025095e-35 1.0000000180025095e-35 9.5000000000000018
decision_type=2 2 2 2 2 2 2 2 2 2 2 2 2 2
left_child=1 9 3 5 -5 8 7 12 10 -1 -3 -2 13 -7
right_child=11 2 -4 4 -6 6 -8 -9 -10 -11 -12 -13 -14 -15
leaf_value=0.0032547133945373045 0.0038754759199666577 -0.0010148412921893071 0.016409482049088167 0.0014097860971814954 0.029195085333453288 -0.0094236775103843581 0.027842425712842053 -0.0035039151464107648 -0.010172488633010054 0.022645057371507089 0.015094318919970344 0.019587335652456836 0.02375031603421544 0.013220111729316815
leaf_weight=1484 203 14294 108 95 58 61 54 278 257 55 73 125 66 88
leaf_count=1484 203 14294 108 95 58 61 54 278 257 55 73 125 66 88
internal_value=1.95209e-05 -0.000177584 -0.000597243 -0.000722415 0.0125333 -0.000860186 0.00533492 0.0026148 -0.00109365 0.00401876 -0.000927766 0.0100674 0.0104263 0.00394486
internal_weight=17299 16971 15432 15324 153 15171 547 493 14624 1539 14367 328 215 149
internal_count=17299 16971 15432 15324 153 15171 547 493 14624 1539 14367 328 215 149
is_linear=0
shrinkage=0.05


Tree=69
num_leaves=15
num_cat=0
split_feature=191 5 369 231 37 304 279 6 4 210 39 279 4 85
split_gain=14.2428 14.0194 10.8103 9.29712 7.95489 8.33208 13.3316 14.4125 8.24029 7.90982 7.90319 6.88774 6.51417 6.36979
threshold=1.0000000180025095e-35 1.0000000180025095e-35 1.0000000180025095e-35 1.0000000180025095e-35 1.0000000180025095e-35 1.0000000180025095e-35 1.0000000180025095e-35 6.5000000000000009 0.072350000000000012 1.0000000180025095e-35 1.0000000180025095e-35 1.0000000180025095e-35 0.25420000000000004 1.0000000180025095e-35
decision_type=2 2 2 2 2 2 2 2 2 2 2 2 2 2
left_child=1 2 3 9 5 6 7 -3 -9 13 11 -2 -4 -1
right_child=10 4 12 -5 -6 -7 -8 8 -10 -11 -12 -13 -14 -15
leaf_value=-0.00064956524056305576 0.012139037768059219 0.023974232831969859 0.0045733969775308371 -0.010327145741561369 0.024601328882705817 0.01220610531678131 0.01482642879552637 -0.018460102218848012 -0.00010273623049650467 0.013591653812849491 0.024363630215520973 0.00074066789964455707 0.022432341176484315 -0.013709149404894561
leaf_weight=14284 228 55 203 247 42 237 173 60 1028 92 59 309 65 89
leaf_count=14284 228 55 203 247 42 237 173 60 1028 92 59 309 65 89
internal_value=0.000126286 -0.000147838 -0.000622811 -0.000805487 0.00430104 0.00367484 0.00209805 0.000115349 -0.00119491 -0.000639385 0.00768758 0.00564754 0.00923638 -0.000735172
internal_weight=17171 16575 14980 14712 1595 1553 1316 1143 1088 14465 596 537 268 14373
internal_count=17171 16575 14980 14712 1595 1553 1316 1143 1088 14465 596 537 268 14373
is_linear=0
shrinkage=0.05


Tree=70
num_leaves=15
num_cat=0
split_feature=392 292 190 35 269 227 68 144 244 239 273 63 6 186
split_gain=13.991 15.4627 13.0577 12.3243 10.0088 11.1491 9.18893 9.14918 8.51916 7.56062 7.34313 6.98177 6.89964 6.84143
threshold=1.0000000180025095e-35 1.0000000180025095e-35 1.0000000180025095e-35 1.0000000180025095e-35 1.0000000180025095e-35 1.0000000180025095e-35 1.0000000180025095e-35 1.0000000180025095e-35 1.0000000180025095e-35 1.0000000180025095e-35 1.0000000180025095e-35 1.0000000180025095e-35 7.5000000000000009 1.0000000180025095e-35
decision_type=2 2 2 2 2 2 2 2 2 2 2 2 2 2
left_child=1 2 3 4 5 6 7 8 9 10 11 13 -4 -1
right_child=-2 -3 12 -5 -6 -7 -8 -9 -10 -11 -12 -13 -14 -15
leaf_value=-0.00061337354985774631 0.014003262032042847 0.013788516180392969 -0.0079105073472066807 0.014735546281220965 0.011421703518412653 0.017216544787344686 0.010799999084380089 0.01246976939991357 -0.010720542475743139 -0.015726282558639417 -0.015347499254064381 -0.0085743581615234793 0.012768485625608957 -0.011757834830569278
leaf_weight=15090 169 189 44 125 163 80 160 119 225 82 83 283 263 134
leaf_count=15090 169 189 44 125 163 80 160 119 225 82 83 283 263 134
internal_value=-0.00010312 -0.000247092 -0.000408558 -0.000599492 -0.00072069 -0.000845917 -0.000940539 -0.00106116 -0.00116634 -0.0010258 -0.000943457 -0.000861438 0.00972545 -0.000715294
internal_weight=17209 17040 16851 16544 16419 16256 16176 16016 15897 15672 15590 15507 307 15224
internal_count=17209 17040 16851 16544 16419 16256 16176 16016 15897 15672 15590 15507 307 15224
is_linear=0
shrinkage=0.05


Tree=71
num_leaves=15
num_cat=0
split_feature=292 241 243 2 202 249 396 339 386 352 279 156 356 338
split_gain=15.2205 12.6277 13.7439 30.4361 12.083 11.2103 11.4335 10.9573 10.0482 10.1079 10.9039 10.145 9.75214 8.79505
threshold=1.0000000180025095e-35 1.0000000180025095e-35 1.0000000180025095e-35 1.0000000180025095e-35 1.0000000180025095e-35 1.0000000180025095e-35 1.0000000180025095e-35 1.0000000180025095e-35 1.0000000180025095e-35 1.0000000180025095e-35 1.0000000180025095e-35 1.0000000180025095e-35 1.0000000180025095e-35 1.0000000180025095e-35
decision_type=2 2 2 2 2 2 2 2 2 2 2 2 2 2
left_child=1 2 4 -4 5 6 7 8 9 11 -11 12 13 -1
right_child=-2 -3 3 -5 -6 -7 -8 -9 -10 10 -12 -13 -14 -15
leaf_value=-0.00046306107096553999 0.014247660450286843 -0.0063150354624483002 0.025892375203504882 -0.020398008101144616 -0.015349208484733784 -0.011260088943294798 0.01786268374113285 0.013913925894464935 0.017304620711850779 0.024569547586386679 0.0010287362954209843 0.01841366922814552 0.015871580301593708 0.015043712839099539
leaf_weight=15089 181 783 130 44 122 208 87 139 79 81 116 68 88 87
leaf_count=15089 181 783 130 44 122 208 87 139 79 81 116 68 88 87
internal_value=2.16611e-05 -0.000132849 0.000165274 0.013944 1.26849e-05 0.000134259 0.000287446 0.000184706 5.80208e-05 -3.52587e-05 0.0110765 -0.000181598 -0.000270441 -0.000369239
internal_weight=17302 17121 16338 174 16164 16042 15834 15747 15608 15529 197 15332 15264 15176
internal_count=17302 17121 16338 174 16164 16042 15834 15747 15608 15529 197 15332 15264 15176
is_linear=0
shrinkage=0.05


Tree=72
num_leaves=15
num_cat=0
split_feature=5 309 3 306 121 385 338 263 394 37 352 304 243 23
split_gain=13.0303 11.5434 11.7267 10.8695 11.0614 9.54832 9.45187 8.86722 9.57202 8.59767 8.22722 7.99741 7.52541 7.42129
threshold=1.0000000180025095e-35 1.0000000180025095e-35 0.062650000000000025 1.0000000180025095e-35 1.0000000180025095e-35 1.0000000180025095e-35 1.0000000180025095e-35 1.0000000180025095e-35 1.0000000180025095e-35 1.0000000180025095e-35 1.0000000180025095e-35 1.0000000180025095e-35 1.0000000180025095e-35 1.0000000180025095e-35
decision_type=2 2 2 2 2 2 2 2 2 2 2 2 2 2
left_child=1 3 -3 4 6 9 7 8 10 12 13 -4 -2 -1
right_child=5 2 11 -5 -6 -7 -8 -9 -10 -11 -12 -13 -14 -15
leaf_value=-0.00080524558340241872 0.0021856390495019937 -0.016307227471369808 0.010140573167539996 -0.0069174965819512411 0.012741128634661437 0.025900939567850868 0.017771398205903993 0.007811493827758649 -0.017218996489213573 0.024784321269101423 0.011073768703540515 -0.0011152284219861032 0.021730118214983642 -0.0087210113720556492
leaf_weight=13142 1526 54 539 697 150 44 64 289 85 41 138 221 46 298
leaf_count=13142 1526 54 539 697 150 44 64 289 85 41 138 221 46 298
internal_value=-8.00285e-05 -0.000526163 0.00525312 -0.000844336 -0.000543188 0.00412977 -0.00068985 -0.000780871 -0.000965408 0.00345768 -0.000857357 0.00688161 0.00282464 -0.000983937
internal_weight=17334 15677 814 14863 14166 1657 14016 13952 13663 1613 13578 760 1572 13440
internal_count=17334 15677 814 14863 14166 1657 14016 13952 13663 1613 13578 760 1572 13440
is_linear=0
shrinkage=0.05


Tree=73
num_leaves=15
num_cat=0
split_feature=154 4 168 190 386 4 396 290 351 124 80 385 18 308
split_gain=11.7223 13.6641 12.7034 11.6667 11.8243 11.5664 9.6721 8.53049 9.1286 8.65406 9.95838 9.01045 7.80978 7.23709
threshold=1.0000000180025095e-35 0.86695000000000011 1.0000000180025095e-35 1.0000000180025095e-35 1.0000000180025095e-35 0.42545000000000005 1.0000000180025095e-35 1.0000000180025095e-35 1.0000000180025095e-35 1.0000000180025095e-35 1.0000000180025095e-35 1.0000000180025095e-35 1.0000000180025095e-35 1.0000000180025095e-35
decision_type=2 2 2 2 2 2 2 2 2 2 2 2 2 2
left_child=2 -2 3 4 6 -6 7 8 9 10 11 12 13 -1
right_child=1 -3 -4 -5 5 -7 -8 -9 -10 -11 -12 -13 -14 -15
leaf_value=-0.0016114012819648353 -0.0025071686375886205 0.017683441673333827 0.018607160661221398 0.0090928666659312995 -0.00079358977770122388 0.035379828322264884 0.014059339201247151 -0.013152088771621101 0.0090301253861366504 0.004486391712017891 0.016165884352479894 0.0099514244320703538 0.012665660651118467 0.0051425438519229422
leaf_weight=14525 145 190 83 310 43 40 105 134 232 719 78 174 94 403
leaf_count=14525 145 190 83 310 43 40 105 134 232 719 78 174 94 403
internal_value=-0.00015648 0.00903587 -0.000340878 -0.000439663 -0.000620943 0.0176591 -0.000718432 -0.00081755 -0.00071166 -0.000855756 -0.00110862 -0.00120257 -0.00133504 -0.00142741
internal_weight=17275 335 16940 16857 16547 83 16464 16359 16225 15993 15274 15196 15022 14928
internal_count=17275 335 16940 16857 16547 83 16464 16359 16225 15993 15274 15196 15022 14928
is_linear=0
shrinkage=0.05


Tree=74
num_leaves=15
num_cat=0
split_feature=269 281 190 352 279 35 209 4 96 188 339 172 210 3
split_gain=12.4225 11.2905 11.2117 11.4495 13.5245 10.9777 8.59086 12.6674 10.6794 8.48523 7.80079 8.3334 7.68845 7.98692
threshold=1.0000000180025095e-35 1.0000000180025095e-35 1.0000000180025095e-35 1.0000000180025095e-35 1.0000000180025095e-35 1.0000000180025095e-35 1.0000000180025095e-35 0.14045000000000005 1.0000000180025095e-35 1.0000000180025095e-35 1.0000000180025095e-35 1.0000000180025095e-35 1.0000000180025095e-35 -0.95344999999999991
decision_type=2 2 2 2 2 2 2 2 2 2 2 2 2 2
left_child=1 2 3 5 -5 6 8 -8 9 10 12 -12 13 -1
right_child=-2 -3 -4 4 -6 -7 7 -9 -10 -11 11 -13 -14 -15
leaf_value=0.0041740047186052042 0.012502090355882487 -0.017135791596716521 0.0091979769171697118 0.025745127159778194 0.00062787450166721477 0.014285235760795817 0.0039770599059713412 -0.023020991354738132 0.0089617561303685887 -0.0097060190048068769 -0.0023062891018934602 0.021541072743529656 0.01134399559643284 -0.00086886505092549225
leaf_weight=825 192 92 318 87 129 122 74 96 297 243 64 78 131 14556
leaf_count=825 192 92 318 87 129 122 74 96 297 243 64 78 131 14556
internal_value=1.79942e-05 -0.000125691 -2.87388e-05 -0.000207112 0.0110981 -0.000358554 -0.000472059 -0.011491 -0.000352874 -0.00052966 -0.00038416 0.0110801 -0.000492643 -0.000597109
internal_weight=17304 17112 17020 16702 216 16486 16364 170 16194 15897 15654 142 15512 15381
internal_count=17304 17112 17020 16702 216 16486 16364 170 16194 15897 15654 142 15512 15381
is_linear=0
shrinkage=0.05


Tree=75
num_leaves=15
num_cat=0
split_feature=269 241 396 386 196 23 342 227 144 279 191 352 39 404
split_gain=13.5833 10.2218 13.4098 11.466 10.0991 9.87829 11.3977 9.24407 9.23588 9.31779 21.623 16.863 16.7729 11.8781
threshold=1.0000000180025095e-35 1.0000000180025095e-35 1.0000000180025095e-35 1.0000000180025095e-35 1.0000000180025095e-35 1.0000000180025095e-35 1.0000000180025095e-35 1.0000000180025095e-35 1.0000000180025095e-35 1.0000000180025095e-35 1.0000000180025095e-35 1.0000000180025095e-35 1.0000000180025095e-35 1.0000000180025095e-35
decision_type=2 2 2 2 2 2 2 2 2 2 2 2 2 2
left_child=1 2 3 4 5 6 7 8 9 10 11 -1 -11 -12
right_child=-2 -3 -4 -5 -6 -7 -8 -9 -10 12 13 -13 -14 -15
leaf_value=-0.0010987155356245444 0.013557218553938178 -0.0059420380900386694 0.017996500732684599 0.018781019145390019 -0.016991417585961063 -0.008199840900029497 0.019031338991827181 0.015794408472214382 0.013118815466491435 0.0014819233123975282 0.019749651488925241 0.020988014640237057 0.017077611611073556 -0.0070183029262857015
leaf_weight=13162 175 749 98 75 84 363 74 87 126 1785 188 82 186 50
leaf_count=13162 175 749 98 75 84 363 74 87 126 1785 188 82 186 50
internal_value=-0.000106381 -0.000250059 1.2269e-05 -0.000101608 -0.00019487 -0.000102005 8.72937e-05 -8.23414e-06 -0.000101522 -0.000213526 -0.000683262 -0.000954097 0.00299315 0.0140974
internal_weight=17284 17109 16360 16262 16187 16103 15740 15666 15579 15453 13482 13244 1971 238
internal_count=17284 17109 16360 16262 16187 16103 15740 15666 15579 15453 13482 13244 1971 238
is_linear=0
shrinkage=0.05


Tree=76
num_leaves=15
num_cat=0
split_feature=269 168 35 209 190 342 290 305 6 4 279 137 4 227
split_gain=10.6082 10.6462 9.77674 9.43922 9.15568 8.43223 8.14415 9.26271 7.66081 7.60697 7.57895 7.43382 10.7731 6.8934
threshold=1.0000000180025095e-35 1.0000000180025095e-35 1.0000000180025095e-35 1.0000000180025095e-35 1.0000000180025095e-35 1.0000000180025095e-35 1.0000000180025095e-35 1.0000000180025095e-35 12.500000000000002 0.12825000000000003 1.0000000180025095e-35 1.0000000180025095e-35 0.86030000000000018 1.0000000180025095e-35
decision_type=2 2 2 2 2 2 2 2 2 2 2 2 2 2
left_child=1 2 3 4 5 6 7 11 -2 -5 -6 13 -13 -1
right_child=8 -3 -4 9 10 -7 -8 -9 -10 -11 -12 12 -14 -15
leaf_value=-0.00067740828425038517 0.019398970516328114 0.016748478001935168 0.012852529755660466 0.00097366572774358487 0.0027473138613875511 0.015541780855586163 -0.012497454525982129 0.017466225198263099 -0.0018157481588423252 -0.019917157798300725 0.019567218353971839 -0.00052498892740639918 0.030567701073720102 0.013049294748950913
leaf_weight=15922 114 87 135 71 209 77 136 67 65 106 95 68 42 87
leaf_count=15922 114 87 135 71 209 77 136 67 65 106 95 68 42 87
internal_value=-8.62493e-05 -0.000214665 -0.000306295 -0.000415309 -0.000291818 -0.000452349 -0.000532539 -0.000428177 0.0118553 -0.0117407 0.0082351 -0.00050795 0.0121596 -0.00059876
internal_weight=17281 17102 17015 16880 16703 16399 16322 16186 179 177 304 16119 110 16009
internal_count=17281 17102 17015 16880 16703 16399 16322 16186 179 177 304 16119 110 16009
is_linear=0
shrinkage=0.05


Tree=77
num_leaves=15
num_cat=0
split_feature=52 309 396 339 172 1 351 6 3 168 216 83 4 334
split_gain=14.1347 14.7949 10.442 9.95104 13.2508 9.30962 9.04411 13.1777 9.54391 9.19545 8.8645 9.83812 8.13934 7.74927
threshold=1.0000000180025095e-35 1.0000000180025095e-35 1.0000000180025095e-35 1.0000000180025095e-35 1.0000000180025095e-35 1.0000000180025095e-35 1.0000000180025095e-35 11.500000000000002 0.88785000000000014 1.0000000180025095e-35 1.0000000180025095e-35 1.0000000180025095e-35 0.40955000000000003 1.0000000180025095e-35
decision_type=2 2 2 2 2 2 2 2 2 2 2 2 2 2
left_child=1 2 3 6 -5 -3 9 -8 -9 10 11 13 -11 -1
right_child=-2 5 -4 4 -6 -7 7 8 -10 12 -12 -13 -14 -15
leaf_value=-0.0006150830001952364 0.014438916497014559 0.0094677358459853631 0.014724704744462093 -0.0028014408145099878 0.026465008715884045 -0.0022346010572519624 0.017276627713872585 0.0087029388075909372 -0.022513702769387276 -0.00098017672805682482 0.010263525985917727 -0.0047212831699615021 0.029387846882355975 -0.01642094736871047
leaf_weight=13646 161 607 106 75 73 233 155 47 42 41 167 1711 42 73
leaf_count=13646 161 607 106 75 73 233 155 47 42 41 167 1711 42 73
internal_value=-8.06006e-05 -0.000222164 -0.000558878 -0.000664226 0.0120272 0.00622772 -0.00078592 0.00866935 -0.00644246 -0.000935772 -0.00102639 -0.00115187 0.0151834 -0.000705139
internal_weight=17179 17018 16178 16072 148 840 15924 244 89 15680 15597 15430 83 13719
internal_count=17179 17018 16178 16072 148 840 15924 244 89 15680 15597 15430 83 13719
is_linear=0
shrinkage=0.05


Tree=78
num_leaves=15
num_cat=0
split_feature=386 243 2 4 41 4 1 4 338 5 3 347 393 6
split_gain=12.1296 12.0111 22.5876 9.43173 9.2873 8.92101 11.1574 8.79909 7.91881 6.86243 6.79294 12.1002 10.6913 10.0733
threshold=1.0000000180025095e-35 1.0000000180025095e-35 1.0000000180025095e-35 0.44470000000000004 1.0000000180025095e-35 0.95365000000000011 1.0000000180025095e-35 0.75960000000000016 1.0000000180025095e-35 1.0000000180025095e-35 0.92675000000000007 1.0000000180025095e-35 1.0000000180025095e-35 9.5000000000000018
decision_type=2 2 2 2 2 2 2 2 2 2 2 2 2 2
left_child=1 4 3 -3 5 8 -7 -6 10 -8 11 12 -1 -14
right_child=-2 2 -4 -5 7 6 9 -9 -10 -11 -12 -13 13 -15
leaf_value=-0.00078846932999352597 0.01910659425880715 0.0063928740564733744 -0.016334840524135731 0.033076912332874013 -0.0055486248788208922 0.0080882793172255499 -0.011508303852161577 0.019878786766504938 0.013434747875668108 0.0029625043292076159 -0.0049340400827566902 0.008086353872261547 -0.00096302447748965918 0.028209448598265172
leaf_weight=14374 78 59 47 80 47 650 137 103 95 190 881 401 56 57
leaf_count=14374 78 59 47 80 47 650 137 103 95 190 881 401 56 57
internal_value=3.85079e-05 -5.36144e-05 0.012415 0.0223658 -0.00019372 -0.000305761 0.00431908 0.0119896 -0.000591857 -0.0031822 -0.000680592 -0.000427322 -0.000665689 0.0143241
internal_weight=17255 17177 186 139 16991 16841 977 150 15864 327 15769 14888 14487 113
internal_count=17255 17177 186 139 16991 16841 977 150 15864 327 15769 14888 14487 113
is_linear=0
shrinkage=0.05


Tree=79
num_leaves=15
num_cat=0
split_feature=396 68 144 244 231 393 190 3 276 279 2 310 405 332
split_gain=15.2845 11.2502 9.65305 9.93159 9.60174 10.1555 10.2086 9.59401 8.70682 9.22398 8.55253 8.52092 8.22156 8.32925
threshold=1.0000000180025095e-35 1.0000000180025095e-35 1.0000000180025095e-35 1.0000000180025095e-35 1.0000000180025095e-35 1.0000000180025095e-35 1.0000000180025095e-35 0.20210000000000003 1.0000000180025095e-35 1.0000000180025095e-35 1.0000000180025095e-35 1.0000000180025095e-35 1.0000000180025095e-35 1.0000000180025095e-35
decision_type=2 2 2 2 2 2 2 2 2 2 2 2 2 2
left_child=1 2 3 4 5 6 8 -7 12 11 -4 -10 13 -1
right_child=-2 -3 10 -5 -6 7 -8 -9 9 -11 -12 -13 -14 -15
leaf_value=-0.00037295141147597759 0.018478199332353794 0.012210598962532508 0.022356545298614288 -0.010286940334207968 -0.0090706548308160089 -0.0046237495914101603 0.0092320911380334627 0.023260904605803864 0.0019481975318175471 0.023853920220651411 -0.0035536720874315164 0.023488757914553085 -0.016105582345934476 -0.010938149077630549
leaf_weight=14444 107 180 83 240 291 45 283 84 1098 50 48 43 80 184
leaf_count=14444 107 180 83 240 291 45 283 84 1098 50 48 43 80 184
internal_value=6.73872e-05 -5.28103e-05 -0.000186422 -0.000293471 -0.000145951 1.60029e-05 -9.74813e-05 0.0137241 -0.000266397 0.00383636 0.0130811 0.00285892 -0.000599814 -0.000509539
internal_weight=17260 17153 16973 16842 16602 16311 16182 129 15899 1191 131 1141 14708 14628
internal_count=17260 17153 16973 16842 16602 16311 16182 129 15899 1191 131 1141 14708 14628
is_linear=0
shrinkage=0.05


Tree=80
num_leaves=15
num_cat=0
split_feature=52 249 80 339 342 369 190 386 290 4 172 18 4 196
split_gain=10.0093 9.08348 10.4457 9.0493 9.90985 8.94923 9.25696 8.68809 8.94156 8.42342 7.89051 7.50727 7.70038 8.54318
threshold=1.0000000180025095e-35 1.0000000180025095e-35 1.0000000180025095e-35 1.0000000180025095e-35 1.0000000180025095e-35 1.0000000180025095e-35 1.0000000180025095e-35 1.0000000180025095e-35 1.0000000180025095e-35 0.42545000000000005 1.0000000180025095e-35 1.0000000180025095e-35 0.040750000000000008 1.0000000180025095e-35
decision_type=2 2 2 2 2 2 2 2 2 2 2 2 2 2
left_child=1 2 3 4 5 6 7 8 11 -9 -5 12 -1 -14
right_child=-2 -3 -4 10 -6 -7 -8 9 -10 -11 -12 -13 13 -15
leaf_value=-0.0026761175919981419 0.011992482271933454 -0.010109634918057256 0.017384724063408932 0.00048752256179562743 0.017143751687807508 0.007538230522072681 0.0081457235358946677 -0.00053686424139506969 -0.01338000709589139 0.030169695632325279 0.023613650598252815 0.012729464311684882 3.6952505930585323e-05 -0.017867949345051797
leaf_weight=3698 167 220 81 73 77 353 302 44 133 40 70 100 11796 62
leaf_count=3698 167 220 81 73 77 353 302 44 133 40 70 100 11796 62
internal_value=-8.81886e-06 -0.000129857 3.56964e-06 -8.5656e-05 -0.000195307 -0.000281246 -0.000454173 -0.000620308 -0.000707901 0.0149588 0.0122233 -0.000596012 -0.000685736 -6.41554e-05
internal_weight=17216 17049 16829 16748 16605 16528 16175 15873 15789 84 143 15656 15556 11858
internal_count=17216 17049 16829 16748 16605 16528 16175 15873 15789 84 143 15656 15556 11858
is_linear=0
shrinkage=0.05


Tree=81
num_leaves=15
num_cat=0
split_feature=369 190 227 392 1 241 277 80 186 386 347 4 210 4
split_gain=11.3595 11.1589 9.01374 8.38572 10.274 8.36948 8.99045 10.092 8.26272 7.35373 7.24614 8.8667 6.76485 6.58542
threshold=1.0000000180025095e-35 1.0000000180025095e-35 1.0000000180025095e-35 1.0000000180025095e-35 1.0000000180025095e-35 1.0000000180025095e-35 1.0000000180025095e-35 1.0000000180025095e-35 1.0000000180025095e-35 1.0000000180025095e-35 1.0000000180025095e-35 0.91755000000000009 1.0000000180025095e-35 0.25420000000000004
decision_type=2 2 2 2 2 2 2 2 2 2 2 2 2 2
left_child=1 2 3 5 -5 6 7 8 9 10 12 -12 -1 -2
right_child=13 -3 -4 4 -6 -7 -8 -9 -10 -11 11 -13 -14 -15
leaf_value=-0.00037115470793881559 0.003129344583070333 0.0093303595026161777 0.014678200840146519 0.0027635959531989549 0.030518989742267879 -0.0055571539390659548 -0.015943828235076889 0.018669194595551948 -0.012455798381133311 0.014947460437329805 0.012787037642629001 -0.00035836765632016717 0.01095655257833327 0.016769997025164025
leaf_weight=14634 213 312 97 113 43 730 84 67 129 77 235 275 128 150
leaf_count=14634 213 312 97 113 43 730 84 67 129 77 235 275 128 150
internal_value=0.000226532 3.75473e-05 -0.000139742 -0.00023119 0.0111243 -0.000342843 -9.75931e-05 -6.8662e-06 -9.37126e-05 1.42064e-05 -6.59531e-05 0.00576417 -0.000269257 0.00891725
internal_weight=17287 16924 16612 16515 156 16359 15629 15545 15478 15349 15272 510 14762 363
internal_count=17287 16924 16612 16515 156 16359 15629 15545 15478 15349 15272 510 14762 363
is_linear=0
shrinkage=0.05


Tree=82
num_leaves=15
num_cat=0
split_feature=168 309 103 292 156 158 276 121 6 279 351 120 369 227
split_gain=10.9427 9.09151 8.24917 7.81273 7.58657 7.51496 7.41842 11.9388 11.6986 8.88771 8.2398 7.82501 10.2865 7.63314
threshold=1.0000000180025095e-35 1.0000000180025095e-35 1.0000000180025095e-35 1.0000000180025095e-35 1.0000000180025095e-35 1.0000000180025095e-35 1.0000000180025095e-35 1.0000000180025095e-35 6.5000000000000009 1.0000000180025095e-35 1.0000000180025095e-35 1.0000000180025095e-35 1.0000000180025095e-35 1.0000000180025095e-35
decision_type=2 2 2 2 2 2 2 2 2 2 2 2 2 2
left_child=1 2 3 4 5 6 7 10 -8 -9 11 12 13 -1
right_child=-2 -3 -4 -5 -6 -7 8 9 -10 -11 -12 -13 -14 -15
leaf_value=-0.0016387795734915365 0.018168263265681339 0.0049166085590613938 0.013772895669235903 0.0095887613541593697 0.014560126868735363 0.010304616200131012 0.018313845194282787 0.017126826607291739 0.0013907757109650524 -0.00087969357580474522 0.0088572799011847458 -0.021814014707156954 0.009163583115865518 0.013055749087897915
leaf_weight=13821 77 840 97 185 77 149 108 150 1073 122 192 42 223 84
leaf_count=13821 77 840 97 185 77 149 108 150 1073 122 192 42 223 84
internal_value=-5.35431e-05 -0.000140561 -0.000402234 -0.000491191 -0.000610394 -0.000688103 -0.000794894 -0.0011028 0.00300904 0.00918028 -0.00130068 -0.00144139 -0.00137313 -0.00154535
internal_weight=17240 17163 16323 16226 16041 15964 15815 14634 1181 272 14362 14170 14128 13905
internal_count=17240 17163 16323 16226 16041 15964 15815 14634 1181 272 14362 14170 14128 13905
is_linear=0
shrinkage=0.05


Tree=83
num_leaves=15
num_cat=0
split_feature=209 292 249 339 4 121 3 3 369 4 391 243 141 3
split_gain=10.244 9.76523 10.2245 11.1768 10.208 8.81662 9.81598 9.15703 8.32284 8.29719 7.86952 12.8103 7.3669 7.16067
threshold=1.0000000180025095e-35 1.0000000180025095e-35 1.0000000180025095e-35 1.0000000180025095e-35 0.93705000000000016 1.0000000180025095e-35 -0.73364999999999991 -0.92884999999999984 1.0000000180025095e-35 0.12825000000000003 1.0000000180025095e-35 1.0000000180025095e-35 1.0000000180025095e-35 0.069900000000000018
decision_type=2 2 2 2 2 2 2 2 2 2 2 2 2 2
left_child=1 2 3 4 5 7 -7 -1 10 -2 11 12 -9 -13
right_child=9 -3 -4 -5 -6 6 -8 8 -10 -11 -12 13 -14 -15
leaf_value=-0.012683218789018997 0.0023778387613288348 0.01158323453081599 -0.010610659829762881 0.014457295286462557 0.0040982012137846004 0.020898409644499995 -0.0025885975149310667 -0.00015940049847225685 0.0081857473422108414 -0.019391232510728731 -0.011475808243717878 0.0039902993621161349 -0.012027396186727636 0.032082868265384375
leaf_weight=141 68 189 207 136 1608 99 76 13928 292 113 150 47 127 42
leaf_count=141 68 189 207 136 1608 99 76 13928 292 113 150 47 127 42
internal_value=0.000302023 0.000429274 0.000300788 0.000439622 0.000319811 -8.91345e-05 0.0109098 -0.000223492 -9.87414e-05 -0.0113687 -0.000270781 -0.000147936 -0.000270878 0.0182488
internal_weight=17223 17042 16853 16646 16510 14902 175 14727 14586 181 14294 14144 14055 89
internal_count=17223 17042 16853 16646 16510 14902 175 14727 14586 181 14294 14144 14055 89
is_linear=0
shrinkage=0.05


Tree=84
num_leaves=15
num_cat=0
split_feature=385 196 115 3 277 80 290 84 249 4 168 401 35 3
split_gain=12.1262 9.64113 9.03192 9.51343 7.56679 8.54063 7.48013 7.54408 7.40384 8.19886 11.4389 7.47654 7.7843 8.54255
threshold=1.0000000180025095e-35 1.0000000180025095e-35 1.0000000180025095e-35 -0.41179999999999994 1.0000000180025095e-35 1.0000000180025095e-35 1.0000000180025095e-35 1.0000000180025095e-35 1.0000000180025095e-35 0.041850000000000005 1.0000000180025095e-35 1.0000000180025095e-35 1.0000000180025095e-35 0.088850000000000026
decision_type=2 2 2 2 2 2 2 2 2 2 2 2 2 2
left_child=1 2 4 -4 5 6 7 8 9 -1 11 12 -11 -14
right_child=-2 -3 3 -5 -6 -7 -8 -9 -10 10 -12 -13 13 -15
leaf_value=-0.0017658675498206525 0.011582563302182981 -0.016397676722715714 0.028491938666186552 0.0034018227919395874 -0.014255800351817558 0.015873218246789684 -0.011702578170208153 -0.010920298117462096 -0.0090170740941539398 0.0007860339136100793 0.023615688671442595 -0.0097791916094664266 0.030312059978221326 0.001389605924487114
leaf_weight=3923 221 85 50 126 89 79 133 152 215 11751 50 161 42 57
leaf_count=3923 221 85 50 126 89 79 133 152 215 11751 50 161 42 57
internal_value=7.73264e-05 -7.63898e-05 1.08969e-05 0.0111199 -0.00010982 -2.95281e-05 -0.000110533 -1.26936e-05 9.29937e-05 0.000218314 0.00086416 0.000759661 0.000906912 0.0145271
internal_weight=17134 16913 16828 176 16652 16563 16484 16351 16199 15984 12061 12011 11850 99
internal_count=17134 16913 16828 176 16652 16563 16484 16351 16199 15984 12061 12011 11850 99
is_linear=0
shrinkage=0.05


Tree=85
num_leaves=15
num_cat=0
split_feature=191 4 159 209 16 3 306 115 227 393 218 80 49 90
split_gain=12.1147 10.7424 12.2616 10.5411 10.239 11.4097 10.0562 9.34501 8.55713 8.01667 7.71073 6.73565 6.73377 6.16678
threshold=1.0000000180025095e-35 0.8942500000000001 1.0000000180025095e-35 1.0000000180025095e-35 1.0000000180025095e-35 0.90765000000000007 1.0000000180025095e-35 1.0000000180025095e-35 1.0000000180025095e-35 1.0000000180025095e-35 1.0000000180025095e-35 1.0000000180025095e-35 1.0000000180025095e-35 1.0000000180025095e-35
decision_type=2 2 2 2 2 2 2 2 2 2 2 2 2 2
left_child=1 8 3 4 5 7 -2 10 9 11 12 -1 13 -3
right_child=6 2 -4 -5 -6 -7 -8 -9 -10 -11 -12 -13 -14 -15
leaf_value=-0.0011073356029715692 0.011251972463622495 0.0033490625106336099 0.019917653411864602 -0.021405244043705113 -0.020154657128911752 -0.00054483290490699805 -0.0039068393399876436 0.024183247637761349 0.015116091471697604 0.013644878969507966 0.02087402858138155 0.014794050188867182 -0.015475367436833358 0.016807528578393748
leaf_weight=11639 424 2189 89 44 47 2086 144 54 79 89 61 62 41 84
leaf_count=11639 424 2189 89 44 47 2086 144 54 79 89 61 62 41 84
internal_value=0.000260675 1.34115e-05 0.00203669 0.00166996 0.00191571 0.0021675 0.00740834 0.00449316 -0.000787455 -0.000900381 0.0039956 -0.0010168 0.00350662 0.00388223
internal_weight=17132 16564 4695 4606 4562 4515 568 2429 11869 11790 2375 11701 2314 2273
internal_count=17132 16564 4695 4606 4562 4515 568 2429 11869 11790 2375 11701 2314 2273
is_linear=0
shrinkage=0.05


Tree=86
num_leaves=15
num_cat=0
split_feature=243 1 275 4 231 158 393 3 52 386 4 308 90 385
split_gain=11.1693 28.6992 10.1605 11.1633 8.5939 8.29571 8.18615 9.808 8.24211 8.18586 7.61869 7.43749 8.51087 7.95485
threshold=1.0000000180025095e-35 1.0000000180025095e-35 1.0000000180025095e-35 0.079950000000000007 1.0000000180025095e-35 1.0000000180025095e-35 1.0000000180025095e-35 0.20210000000000003 1.0000000180025095e-35 1.0000000180025095e-35 0.89585000000000015 1.0000000180025095e-35 1.0000000180025095e-35 1.0000000180025095e-35
decision_type=2 2 2 2 2 2 2 2 2 2 2 2 2 2
left_child=2 -2 4 -4 5 6 8 -8 9 11 -7 12 13 -1
right_child=1 -3 3 -5 -6 10 7 -9 -10 -11 -12 -13 -14 -15
leaf_value=-0.0007106397874043622 -0.0042935880304624634 0.037089157839056468 0.0041323082181266872 -0.026640524720848616 -0.0082527409224504873 0.00012439502943591431 -0.0054718469557437036 0.021481819247004597 0.011360797749025523 0.014722005605859602 0.021382639929652215 0.0063003545666535229 0.0073227778333373079 0.0095840764481966434
leaf_weight=15258 100 66 47 69 303 81 50 89 152 87 83 419 343 185
leaf_count=15258 100 66 47 69 303 81 50 89 152 87 83 419 343 185
internal_value=4.77059e-05 0.0127632 -7.8937e-05 -0.0145167 2.35175e-05 0.000175677 6.33329e-05 0.0119329 -4.05966e-05 -0.000150421 0.0111975 -0.000234784 -0.000410183 -0.000584252
internal_weight=17332 166 17166 116 17050 16747 16583 139 16444 16292 164 16205 15786 15443
internal_count=17332 166 17166 116 17050 16747 16583 139 16444 16292 164 16205 15786 15443
is_linear=0
shrinkage=0.05


Tree=87
num_leaves=15
num_cat=0
split_feature=396 191 342 279 210 269 144 249 339 190 351 335 6 172
split_gain=11.1345 11.226 12.0327 11.7044 9.08047 9.11288 8.83919 7.84706 12.0501 10.2463 7.74835 9.08683 8.97717 7.62563
threshold=1.0000000180025095e-35 1.0000000180025095e-35 1.0000000180025095e-35 1.0000000180025095e-35 1.0000000180025095e-35 1.0000000180025095e-35 1.0000000180025095e-35 1.0000000180025095e-35 1.0000000180025095e-35 1.0000000180025095e-35 1.0000000180025095e-35 1.0000000180025095e-35 11.500000000000002 1.0000000180025095e-35
decision_type=2 2 2 2 2 2 2 2 2 2 2 2 2 2
left_child=1 2 4 -3 5 6 7 8 9 10 11 -1 -12 -10
right_child=-2 3 -4 -5 -6 -7 -8 -9 13 -11 12 -13 -14 -15
leaf_value=-0.00076918353539309281 0.0157852464220208 0.015762129898797324 0.019413805103686173 0.0011871942579968807 0.012476120564396197 0.011485062923260079 0.01268019124524284 -0.0097824047223735305 0.0019549134200517559 0.0087910867925966151 0.015213480657863182 0.016451890026400615 -0.0047221390080502204 0.025567752758538582
leaf_weight=15057 112 230 75 335 139 162 126 213 66 295 156 72 84 68
leaf_count=15057 112 230 75 335 139 162 126 213 66 295 156 72 84 68
internal_value=0.000413135 0.000307732 6.95748e-05 0.00720657 -2.45617e-05 -0.000134963 -0.000255138 -0.00036086 -0.000230777 -0.000360726 -0.000539193 -0.000681819 0.00828204 0.0144262
internal_weight=17190 17078 16513 565 16438 16299 16137 16011 15798 15664 15369 15129 240 134
internal_count=17190 17078 16513 565 16438 16299 16137 16011 15798 15664 15369 15129 240 134
is_linear=0
shrinkage=0.05


Tree=88
num_leaves=15
num_cat=0
split_feature=231 41 163 281 190 158 227 3 274 141 102 156 332 369
split_gain=11.0032 8.6207 7.49759 7.21624 7.37008 7.11444 8.03989 7.16358 6.64454 6.50345 6.45165 6.43783 6.29999 7.11131
threshold=1.0000000180025095e-35 1.0000000180025095e-35 1.0000000180025095e-35 1.0000000180025095e-35 1.0000000180025095e-35 1.0000000180025095e-35 1.0000000180025095e-35 -0.35509999999999992 1.0000000180025095e-35 1.0000000180025095e-35 1.0000000180025095e-35 1.0000000180025095e-35 1.0000000180025095e-35 1.0000000180025095e-35
decision_type=2 2 2 2 2 2 2 2 2 2 2 2 2 2
left_child=1 2 3 4 5 6 8 -7 9 10 11 12 13 -1
right_child=-2 -3 -4 -5 -6 7 -8 -9 -10 -11 -12 -13 -14 -15
leaf_value=-1.2758485650926548e-05 -0.0092890644199488791 0.012291844326033686 -0.014221367109566927 -0.013566313814768133 0.0080533604039241969 0.025867060592116894 0.015244536437415357 0.0026236854147972523 0.011581077591735657 -0.010852805889637057 -0.0095658674984688656 0.013524569303132176 -0.0089390650869303739 0.0071660827650100248
leaf_weight=15164 301 143 85 89 298 48 82 92 118 134 169 84 188 348
leaf_count=15164 301 143 85 89 298 48 82 92 118 134 169 84 188 348
internal_value=0.00010834 0.000276996 0.00017172 0.000248687 0.000326235 0.00018365 8.54583e-05 0.01121 4.07233e-06 -8.44184e-05 9.40468e-06 0.000114924 3.88955e-05 0.000150551
internal_weight=17343 17042 16899 16814 16725 16427 16287 140 16205 16087 15953 15784 15700 15512
internal_count=17343 17042 16899 16814 16725 16427 16287 140 16205 16087 15953 15784 15700 15512
is_linear=0
shrinkage=0.05


Tree=89
num_leaves=15
num_cat=0
split_feature=385 68 269 168 243 2 4 88 304 279 83 37 3 2
split_gain=13.2832 10.637 10.2522 9.54171 9.57143 32.4159 10.1662 8.56589 8.74162 14.9362 12.4083 10.117 18.1941 8.94333
threshold=1.0000000180025095e-35 1.0000000180025095e-35 1.0000000180025095e-35 1.0000000180025095e-35 1.0000000180025095e-35 1.0000000180025095e-35 0.22165000000000004 1.0000000180025095e-35 1.0000000180025095e-35 1.0000000180025095e-35 1.0000000180025095e-35 1.0000000180025095e-35 -0.04034999999999999 1.0000000180025095e-35
decision_type=2 2 2 2 2 2 2 2 2 2 2 2 2 2
left_child=1 2 3 4 7 6 -6 8 9 11 -10 -1 -13 -11
right_child=-2 -3 -4 -5 5 -7 -8 -9 10 13 -12 12 -14 -15
leaf_value=-0.0014373312478992608 0.012082395910636172 0.01180721908492386 0.011883652118293951 0.016871905351850996 0.0018061835794372762 -0.024589249630439649 0.031302305909408495 -0.0068054612029741701 0.005303423070494551 0.007524318643005074 -0.0046983963503954328 0.031768900067323733 0.0014213969564002198 -0.00035432852148005624
leaf_weight=12388 226 184 171 76 42 44 96 510 1372 826 396 58 231 635
leaf_count=12388 226 184 171 76 42 44 96 510 1372 826 396 58 231 635
internal_value=0.000173014 1.14588e-05 -0.000120853 -0.000247491 -0.000330936 0.0109174 0.0227023 -0.000458929 -0.000253363 -0.000668176 0.00305626 -0.00122031 0.00794861 0.00411046
internal_weight=17255 17029 16845 16674 16598 182 138 16416 15906 14138 1768 12677 289 1461
internal_count=17255 17029 16845 16674 16598 182 138 16416 15906 14138 1768 12677 289 1461
is_linear=0
shrinkage=0.05


Tree=90
num_leaves=15
num_cat=0
split_feature=386 209 2 172 385 369 144 224 312 304 5 115 237 159
split_gain=11.5132 10.9312 10.0743 19.4095 17.7568 11.599 11.5457 12.42 10.5894 9.26506 12.7308 9.24003 8.62464 8.84421
threshold=1.0000000180025095e-35 1.0000000180025095e-35 1.0000000180025095e-35 1.0000000180025095e-35 1.0000000180025095e-35 1.0000000180025095e-35 1.0000000180025095e-35 1.0000000180025095e-35 1.0000000180025095e-35 1.0000000180025095e-35 1.0000000180025095e-35 1.0000000180025095e-35 1.0000000180025095e-35 1.0000000180025095e-35
decision_type=2 2 2 2 2 2 2 2 2 2 2 2 2 2
left_child=1 2 3 4 5 6 7 11 9 12 -11 -1 13 -4
right_child=-2 -3 8 -5 -6 -7 -8 -9 -10 10 -12 -13 -14 -15
leaf_value=0.00062073794304833214 0.018980265039030511 -0.012119740480557084 -0.001704534979266774 0.030649497712913316 0.019178522640056369 0.01374144996071674 0.01837327001936814 -0.02240042594614728 -0.013500338313855414 0.0021186746376348231 0.021525787247810513 0.014535998218608175 0.010838938314018066 0.014081215571948431
leaf_weight=8560 78 170 6513 52 133 173 88 53 158 719 91 116 140 85
leaf_count=8560 78 170 6513 52 133 173 88 53 158 719 91 116 140 85
internal_value=0.000403154 0.000312634 0.000441386 0.00156041 0.00137791 0.00110405 0.000848443 0.000661352 -0.000891112 -0.000618404 0.00441766 0.000815053 -0.00122664 -0.00149066
internal_weight=17129 17051 16881 9175 9123 8990 8817 8729 7706 7548 810 8676 6738 6598
internal_count=17129 17051 16881 9175 9123 8990 8817 8729 7706 7548 810 8676 6738 6598
is_linear=0
shrinkage=0.05


Tree=91
num_leaves=15
num_cat=0
split_feature=35 127 191 385 306 196 338 279 304 352 243 4 209 218
split_gain=10.3297 8.82511 7.93634 8.56418 8.03368 7.69377 7.80015 7.77141 17.9273 13.75 8.42818 11.5119 8.14035 8.19219
threshold=1.0000000180025095e-35 1.0000000180025095e-35 1.0000000180025095e-35 1.0000000180025095e-35 1.0000000180025095e-35 1.0000000180025095e-35 1.0000000180025095e-35 1.0000000180025095e-35 1.0000000180025095e-35 1.0000000180025095e-35 1.0000000180025095e-35 0.22165000000000004 1.0000000180025095e-35 1.0000000180025095e-35
decision_type=2 2 2 2 2 2 2 2 2 2 2 2 2 2
left_child=1 2 3 5 -4 6 7 9 -9 10 12 -12 13 -1
right_child=-2 -3 4 -5 -6 -7 -8 8 -10 -11 11 -13 -14 -15
leaf_value=-0.0012200107101800167 0.013788576820281459 0.014588780568377807 0.0089580792824039777 0.010036195870585393 -0.0046293898623398673 -0.015388361485367215 0.013882945603248292 0.0056324574218239998 -0.0066062327182430979 0.01834019837172135 -0.0073604755377506513 0.018471689399225805 -0.017846129222275461 0.011249535126765645
leaf_weight=14073 129 96 426 188 142 82 89 1243 389 87 63 118 68 128
leaf_count=14073 129 96 426 188 142 82 89 1243 389 87 63 118 68 128
internal_value=-3.99337e-05 -0.000147675 -0.000234666 -0.000435096 0.00555046 -0.000558607 -0.000479102 -0.000562423 0.002704 -0.000929933 -0.00105226 0.00952422 -0.00118971 -0.0011037
internal_weight=17321 17192 17096 16528 568 16340 16258 16169 1632 14537 14450 181 14269 14201
internal_count=17321 17192 17096 16528 568 16340 16258 16169 1632 14537 14450 181 14269 14201
is_linear=0
shrinkage=0.05


Tree=92
num_leaves=15
num_cat=0
split_feature=267 306 115 352 304 279 90 6 1 404 1 39 3 88
split_gain=8.83247 8.2449 12.2291 12.4144 10.4864 16.1281 10.72 10.1703 10.844 12.6881 9.44528 9.29259 8.84211 8.58307
threshold=1.0000000180025095e-35 1.0000000180025095e-35 1.0000000180025095e-35 1.0000000180025095e-35 1.0000000180025095e-35 1.0000000180025095e-35 1.0000000180025095e-35 7.5000000000000009 1.0000000180025095e-35 1.0000000180025095e-35 1.0000000180025095e-35 1.0000000180025095e-35 0.90405000000000013 1.0000000180025095e-35
decision_type=2 2 2 2 2 2 2 2 2 2 2 2 2 2
left_child=1 2 3 4 5 6 -1 -6 9 13 -3 -7 -5 -9
right_child=-2 10 -4 12 7 11 -8 8 -10 -11 -12 -13 -14 -15
leaf_value=-0.00091146421909252305 -0.015908123873831597 -0.00025481291256590721 0.014362768520773506 0.02246884111211532 -0.003510560154039135 0.0037551237281692393 0.0077097780461982584 0.013315017652844069 -0.0010172090418610416 -0.0072142902971701886 -0.010250085986321921 0.017217360735977873 -0.0010232016358606736 -0.0064291836258264321
leaf_weight=12863 80 603 153 103 330 1001 366 672 348 97 384 143 63 57
leaf_count=12863 80 603 153 103 330 1001 366 672 348 97 384 143 63 57
internal_value=0.000169915 0.000249376 0.000520245 0.000383797 0.000239398 -0.000176838 -0.000670122 0.00420456 0.0063789 0.00948231 -0.00417561 0.0055055 0.013784 0.011738
internal_weight=17263 17183 16196 16043 15877 14373 13229 1504 1174 826 987 1144 166 729
internal_count=17263 17183 16196 16043 15877 14373 13229 1504 1174 826 987 1144 166 729
is_linear=0
shrinkage=0.05


Tree=93
num_leaves=15
num_cat=0
split_feature=17 137 4 35 385 267 48 338 243 2 351 3 3 188
split_gain=10.5984 9.3958 10.9391 8.12492 8.169 7.52719 7.3623 7.37481 7.05521 21.1383 6.58209 7.10146 6.43263 6.38071
threshold=1.0000000180025095e-35 1.0000000180025095e-35 0.86030000000000018 1.0000000180025095e-35 1.0000000180025095e-35 1.0000000180025095e-35 1.0000000180025095e-35 1.0000000180025095e-35 1.0000000180025095e-35 1.0000000180025095e-35 1.0000000180025095e-35 0.54485000000000017 -0.62319999999999987 1.0000000180025095e-35
decision_type=2 2 2 2 2 2 2 2 2 2 2 2 2 2
left_child=1 3 -3 4 5 6 7 8 10 -10 13 -12 -6 -1
right_child=-2 2 -4 -5 12 -7 -8 -9 9 -11 11 -13 -14 -15
leaf_value=-0.00032258415773497569 -0.016011968428398124 0.0010508348923648082 0.030566379604014482 0.012213808896384487 0.023525647415978013 -0.014676091568385761 0.0094261098824990411 0.013474436112293842 0.020168335047774308 -0.018871525647894793 0.024058699872917855 0.0033746607975010667 0.0040992280647445187 -0.0082353265542522598
leaf_weight=15670 96 74 50 133 56 83 199 94 124 43 47 217 151 254
leaf_count=15670 96 74 50 133 56 83 199 94 124 43 47 217 151 254
internal_value=0.00013755 0.000232341 0.0136757 0.000130716 3.22609e-05 -9.12971e-05 -1.41987e-05 -0.000131237 -0.00021353 0.00985978 -0.000320461 0.00743579 0.00978559 -0.000451344
internal_weight=17291 17195 124 17071 16938 16731 16648 16449 16355 167 16188 264 207 15924
internal_count=17291 17195 124 17071 16938 16731 16648 16449 16355 167 16188 264 207 15924
is_linear=0
shrinkage=0.05


Tree=94
num_leaves=15
num_cat=0
split_feature=37 3 80 210 387 191 386 279 339 172 309 21 404 4
split_gain=8.40479 9.60136 7.60578 7.57884 8.47049 7.95096 7.22006 7.1361 7.0277 13.1571 6.70086 6.47779 6.3739 9.18377
threshold=1.0000000180025095e-35 -0.036649999999999995 1.0000000180025095e-35 1.0000000180025095e-35 1.0000000180025095e-35 1.0000000180025095e-35 1.0000000180025095e-35 1.0000000180025095e-35 1.0000000180025095e-35 1.0000000180025095e-35 1.0000000180025095e-35 1.0000000180025095e-35 1.0000000180025095e-35 0.81625000000000014
decision_type=2 2 2 2 2 2 2 2 2 2 2 2 2 2
left_child=2 -2 3 4 5 6 8 12 11 -10 -9 -1 13 -7
right_child=1 -3 -4 -5 -6 7 -8 10 9 -11 -12 -13 -14 -15
leaf_value=-0.00097964953579601495 0.025161871479617227 0.003776624601040827 0.014433632039705688 0.010782734105483659 0.0099807577640253133 0.00087066930381284242 0.013788748996164432 -0.0020938286813753132 -0.0041663857209641719 0.025628901809506433 0.017340518802834246 0.0067092915927644122 -0.0044799287898504006 0.024360607775921111
leaf_weight=15242 58 331 84 150 192 64 81 297 75 66 47 274 44 116
leaf_count=15242 58 331 84 150 192 64 81 297 75 66 47 274 44 116
internal_value=2.5761e-05 0.00724402 -0.000144169 -0.000222035 -0.000325327 -0.000449702 -0.000660144 0.00533606 -0.000739272 0.0101804 0.000771836 -0.000841751 0.0121755 0.0162579
internal_weight=17121 389 16732 16648 16498 16306 15738 568 15657 141 344 15516 224 180
internal_count=17121 389 16732 16648 16498 16306 15738 568 15657 141 344 15516 224 180
is_linear=0
shrinkage=0.05


Tree=95
num_leaves=15
num_cat=0
split_feature=18 386 330 352 279 144 2 292 244 159 73 175 275 281
split_gain=10.6084 10.5137 8.40507 8.34479 9.35701 7.99613 10.0789 8.85274 8.83276 7.71546 6.89889 6.68522 6.67318 6.49736
threshold=1.0000000180025095e-35 1.0000000180025095e-35 1.0000000180025095e-35 1.0000000180025095e-35 1.0000000180025095e-35 1.0000000180025095e-35 1.0000000180025095e-35 1.0000000180025095e-35 1.0000000180025095e-35 1.0000000180025095e-35 1.0000000180025095e-35 1.0000000180025095e-35 1.0000000180025095e-35 1.0000000180025095e-35
decision_type=2 2 2 2 2 2 2 2 2 2 2 2 2 2
left_child=1 2 3 5 -5 7 -7 8 9 10 11 12 13 -1
right_child=-2 -3 -4 4 -6 6 -8 -9 -10 -11 -12 -13 -14 -15
leaf_value=-0.00029303085302846953 0.0163835178357454 0.017123927713625812 -0.015794877634318763 0.021162407278784157 0.00037790805533290952 0.021819468074886317 -0.0057604995065114722 0.010295288811963767 -0.0097838272924527566 0.0098489489639177925 0.012030483900823376 -0.014048523364772837 -0.012510538225372634 -0.013995383876836163
leaf_weight=15601 93 83 81 92 123 84 50 188 246 179 105 86 109 82
leaf_count=15601 93 83 81 92 123 84 50 188 246 179 105 86 109 82
internal_value=-2.02292e-05 -0.000114156 -0.000203193 -0.000124024 0.00955057 -0.000251171 0.0116914 -0.00035109 -0.000476174 -0.000331521 -0.00044858 -0.000534865 -0.000456849 -0.000369113
internal_weight=17202 17109 17026 16945 215 16730 134 16596 16408 16162 15983 15878 15792 15683
internal_count=17202 17109 17026 16945 215 16730 134 16596 16408 16162 15983 15878 15792 15683
is_linear=0
shrinkage=0.05


Tree=96
num_leaves=15
num_cat=0
split_feature=292 103 386 4 168 158 4 188 356 107 335 37 3 163
split_gain=10.2515 9.95644 8.23855 10.3093 8.11946 7.10741 8.41224 6.92316 7.34363 6.9221 5.81562 5.93373 7.60688 5.74713
threshold=1.0000000180025095e-35 1.0000000180025095e-35 1.0000000180025095e-35 0.34405000000000002 1.0000000180025095e-35 1.0000000180025095e-35 0.90165000000000006 1.0000000180025095e-35 1.0000000180025095e-35 1.0000000180025095e-35 1.0000000180025095e-35 1.0000000180025095e-35 -0.04034999999999999 1.0000000180025095e-35
decision_type=2 2 2 2 2 2 2 2 2 2 2 2 2 2
left_child=1 2 4 -4 5 7 -7 8 9 10 11 13 -13 -1
right_child=-2 -3 3 -5 -6 6 -8 -9 -10 -11 -12 12 -14 -15
leaf_value=-0.00047696889831244801 0.011249185890602713 0.016028419152363062 -0.0018482745848596095 0.031619183848733488 0.015483054087822697 -0.0012874243322077619 0.021221038025049939 -0.008691542305885468 0.013072031512498285 0.013809471819335704 0.01234317704414328 0.022483317644921424 0.0027214485516545376 -0.013079338605965968
leaf_weight=15701 202 92 45 41 78 81 79 237 99 82 85 53 316 86
leaf_count=15701 202 92 45 41 78 81 79 237 99 82 85 53 316 86
internal_value=0.000189036 5.49379e-05 -3.62854e-05 0.0149678 -0.000117056 -0.000193984 0.0101324 -0.000296173 -0.000172404 -0.00025671 -0.000331958 -0.000402443 0.00582251 -0.00054974
internal_weight=17277 17075 16983 86 16897 16819 160 16659 16422 16323 16241 16156 369 15787
internal_count=17277 17075 16983 86 16897 16819 160 16659 16422 16323 16241 16156 369 15787
is_linear=0
shrinkage=0.05


Tree=97
num_leaves=15
num_cat=0
split_feature=144 352 338 292 184 4 11 41 68 4 396 196 3 332
split_gain=10.8847 10.4408 8.69234 8.65417 7.90916 10.9557 8.27434 7.1805 7.20957 6.85737 6.56191 6.4462 6.34188 5.93935
threshold=1.0000000180025095e-35 1.0000000180025095e-35 1.0000000180025095e-35 1.0000000180025095e-35 1.0000000180025095e-35 0.053050000000000007 1.0000000180025095e-35 1.0000000180025095e-35 1.0000000180025095e-35 0.53345000000000009 1.0000000180025095e-35 1.0000000180025095e-35 0.91825000000000012 1.0000000180025095e-35
decision_type=2 2 2 2 2 2 2 2 2 2 2 2 2 2
left_child=1 2 3 4 6 -6 7 8 10 -5 11 13 -3 -1
right_child=-2 12 -4 9 5 -7 -8 -9 -10 -11 -12 -13 -14 -15
leaf_value=-0.00074206481818225455 0.014265071826521309 0.015253086245657336 0.015185329420596697 -0.005150435834833122 -0.0064379568793810904 0.020053989120892117 -0.016650343442013788 0.010297741690313056 0.0089539740768898486 0.01654447752173788 0.011440523361994161 -0.014272161395185523 -0.0043609174593911395 -0.0094793644086055961
leaf_weight=15635 125 164 84 48 59 100 76 144 185 124 103 85 52 192
leaf_count=15635 125 164 84 48 59 100 76 144 185 124 103 85 52 192
internal_value=-0.000148143 -0.000257957 -0.000399579 -0.000482239 -0.000599473 0.0103271 -0.00070839 -0.00062919 -0.000729466 0.0105156 -0.000844085 -0.000927174 0.0105394 -0.000851019
internal_weight=17176 17051 16835 16751 16579 159 16420 16344 16200 172 16015 15912 216 15827
internal_count=17176 17051 16835 16751 16579 159 16420 16344 16200 172 16015 15912 216 15827
is_linear=0
shrinkage=0.05


Tree=98
num_leaves=15
num_cat=0
split_feature=342 168 4 241 396 309 304 356 304 88 306 6 158 3
split_gain=11.3944 10.3412 8.60159 8.24781 8.40966 8.09553 7.70607 7.34717 7.21718 11.76 9.15851 8.08227 7.1621 9.79803
threshold=1.0000000180025095e-35 1.0000000180025095e-35 0.32460000000000006 1.0000000180025095e-35 1.0000000180025095e-35 1.0000000180025095e-35 1.0000000180025095e-35 1.0000000180025095e-35 1.0000000180025095e-35 1.0000000180025095e-35 1.0000000180025095e-35 8.5000000000000018 1.0000000180025095e-35 -0.35509999999999992
decision_type=2 2 2 2 2 2 2 2 2 2 2 2 2 2
left_child=1 3 -3 4 5 7 -7 8 12 10 11 -10 -1 -14
right_child=-2 2 -4 -5 -6 6 -8 -9 9 -11 -12 -13 13 -15
leaf_value=-0.00065756863522501796 0.017698583692832982 0.00029408669747088269 0.031515013356693093 -0.0050410837529884112 0.014335388886601717 0.0078383961385724982 -0.0025167073531985637 0.013585045850094485 0.0006568074867263744 -0.0094651265002936996 -0.0047770324551189942 0.0087747535467418616 0.028738755348841755 0.00095154303320062672
leaf_weight=13353 88 41 43 752 101 622 249 93 480 169 235 848 44 91
leaf_count=13353 88 41 43 752 101 622 249 93 480 169 235 848 44 91
internal_value=0.000244462 0.000149609 0.0171489 6.07885e-05 0.000297855 0.00020585 0.00488063 -6.15566e-05 -0.000149377 0.00288428 0.00424549 0.00585403 -0.000539854 0.0107111
internal_weight=17209 17121 84 17037 16285 16184 871 15313 15220 1732 1563 1328 13488 135
internal_count=17209 17121 84 17037 16285 16184 871 15313 15220 1732 1563 1328 13488 135
is_linear=0
shrinkage=0.05


Tree=99
num_leaves=15
num_cat=0
split_feature=396 249 77 339 231 83 234 304 124 338 309 1 88 2
split_gain=9.66788 8.96714 8.72534 7.69995 7.91042 9.09304 8.89113 8.71247 8.52799 8.03719 7.97576 8.00992 5.97378 5.95104
threshold=1.0000000180025095e-35 1.0000000180025095e-35 1.0000000180025095e-35 1.0000000180025095e-35 1.0000000180025095e-35 1.0000000180025095e-35 1.0000000180025095e-35 1.0000000180025095e-35 1.0000000180025095e-35 1.0000000180025095e-35 1.0000000180025095e-35 1.0000000180025095e-35 1.0000000180025095e-35 1.0000000180025095e-35
decision_type=2 2 2 2 2 2 2 2 2 2 2 2 2 2
left_child=1 2 3 4 5 6 7 9 12 10 -1 -12 -9 -8
right_child=-2 -3 -4 -5 -6 -7 13 8 -10 -11 11 -13 -14 -15
leaf_value=4.6479804984710847e-05 0.015127146162024332 -0.009532154181824886 -0.011261248954727968 0.011946927040763614 -0.0078511087516130052 -0.0026307270880256365 0.020518993209892266 0.0045371783968389144 0.019637674805816525 0.020567824562051695 0.01144115037452555 -0.0041988286465082479 -0.0054134668689765778 0.00031434373740921732
leaf_weight=12107 104 229 156 139 285 2049 91 1317 81 44 292 110 166 59
leaf_count=12107 104 229 156 139 285 2049 91 1317 81 44 292 110 166 59
internal_value=0.000283304 0.000188769 0.000323302 0.000434589 0.000334628 0.000479974 0.000927492 0.000796433 0.0043093 0.000357218 0.000277938 0.00716255 0.0034089 0.0128383
internal_weight=17229 17125 16896 16740 16601 16316 14267 14117 1564 12553 12509 402 1483 150
internal_count=17229 17125 16896 16740 16601 16316 14267 14117 1564 12553 12509 402 1483 150
is_linear=0
shrinkage=0.05


Tree=100
num_leaves=15
num_cat=0
split_feature=243 1 2 396 351 1 4 186 273 335 92 191 37 276
split_gain=10.8445 24.2783 12.5788 8.64924 7.71945 7.40562 6.59101 6.29142 6.63924 6.48808 6.18057 6.08363 6.31093 6.08551
threshold=1.0000000180025095e-35 1.0000000180025095e-35 1.0000000180025095e-35 1.0000000180025095e-35 1.0000000180025095e-35 1.0000000180025095e-35 0.87275000000000014 1.0000000180025095e-35 1.0000000180025095e-35 1.0000000180025095e-35 1.0000000180025095e-35 1.0000000180025095e-35 1.0000000180025095e-35 1.0000000180025095e-35
decision_type=2 2 2 2 2 2 2 2 2 2 2 2 2 2
left_child=3 2 -2 4 7 -5 -6 8 9 10 11 12 -1 -13
right_child=1 -3 -4 5 6 -7 -8 -9 -10 -11 -12 13 -14 -15
leaf_value=-0.00016738479574994364 0.010514977391886837 0.035299459802852554 -0.022934732467143074 0.023034201155563719 0.019784979564031926 -0.0024830841953505062 0.0028889516104460178 -0.010364327582926172 -0.013482582792639733 0.014250856830543022 -0.0088298222759420082 0.0033416612640354763 0.0065577496859441963 0.01955664698034525
leaf_weight=15265 70 66 40 71 83 44 174 141 85 76 188 501 352 61
leaf_count=15265 70 66 40 71 83 44 174 141 85 76 188 501 352 61
internal_value=0.000327503 0.0125018 -0.00211687 0.000198137 0.000103273 0.0135744 0.00861909 -3.0568e-05 6.06969e-05 0.000134784 6.49044e-05 0.000170957 -1.3753e-05 0.00525859
internal_weight=17217 176 110 17041 16926 115 257 16669 16528 16443 16367 16179 15617 562
internal_count=17217 176 110 17041 16926 115 257 16669 16528 16443 16367 16179 15617 562
is_linear=0
shrinkage=0.05


Tree=101
num_leaves=15
num_cat=0
split_feature=275 392 257 308 385 17 273 3 4 156 3 351 354 241
split_gain=10.1427 7.93718 7.56479 8.44631 7.80284 7.13894 6.25546 6.20228 6.03314 5.63701 7.11681 8.04562 7.40769 5.45928
threshold=1.0000000180025095e-35 1.0000000180025095e-35 1.0000000180025095e-35 1.0000000180025095e-35 1.0000000180025095e-35 1.0000000180025095e-35 1.0000000180025095e-35 -0.62319999999999987 0.12825000000000003 1.0000000180025095e-35 0.91825000000000012 1.0000000180025095e-35 1.0000000180025095e-35 1.0000000180025095e-35
decision_type=2 2 2 2 2 2 2 2 2 2 2 2 2 2
left_child=1 2 3 4 5 6 9 -6 -2 10 11 12 13 -1
right_child=8 -3 -4 -5 7 -7 -8 -9 -10 -11 -12 -13 -14 -15
leaf_value=2.7405915367586545e-05 -0.0012489011200765769 0.011279491695064691 0.0066821618143136328 0.0067408878809712709 0.02313689585686822 -0.014522056197645246 -0.013621806494063802 0.0036607340370353905 -0.024396366780788145 0.012674066640164067 -0.0039508982335502664 0.009689774787644061 -0.014832132275419675 -0.0045050509939688352
leaf_weight=13408 49 150 398 416 53 86 85 147 63 77 1338 200 82 694
leaf_count=13408 49 150 398 416 53 86 85 147 63 77 1338 200 82 694
internal_value=-8.39693e-05 1.62109e-05 -8.6555e-05 -0.000250943 -0.000432847 -0.0005571 -0.000476945 0.00926035 -0.0147555 -0.000401937 -0.000469987 -0.000144932 -0.000286971 -0.000197167
internal_weight=17246 17134 16984 16586 16170 15970 15884 200 112 15799 15722 14384 14184 14102
internal_count=17246 17134 16984 16586 16170 15970 15884 200 112 15799 15722 14384 14184 14102
is_linear=0
shrinkage=0.05


Tree=102
num_leaves=15
num_cat=0
split_feature=386 352 236 190 159 342 4 4 163 4 3 115 4 52
split_gain=7.58371 7.6406 9.36079 8.38953 7.66385 7.78045 7.37963 6.33816 5.97416 5.82224 6.61368 5.80698 8.54284 5.46341
threshold=1.0000000180025095e-35 1.0000000180025095e-35 1.0000000180025095e-35 1.0000000180025095e-35 1.0000000180025095e-35 1.0000000180025095e-35 0.72235000000000016 0.34405000000000002 1.0000000180025095e-35 0.87795000000000012 0.90875000000000006 1.0000000180025095e-35 0.92095000000000016 1.0000000180025095e-35
decision_type=2 2 2 2 2 2 2 2 2 2 2 2 2 2
left_child=1 3 9 4 5 8 -6 -2 11 -3 -11 13 -13 -1
right_child=7 2 -4 -5 6 -7 -8 -9 -10 10 -12 12 -14 -15
leaf_value=-0.00068919858219309768 0.00034123775445752677 0.00098510878160595894 -0.0063071161893236902 0.0076944828289702951 -0.0090747921458548975 0.015357399335155239 0.014056768470609483 0.027738708878556891 -0.013718416887811972 0.032494487487352813 0.0057843743968341091 -0.00020272087674604451 0.02241157886079129 0.0092319459601172393
leaf_weight=15967 40 45 64 323 40 72 158 40 81 60 40 108 63 135
leaf_count=15967 40 45 64 323 40 72 158 40 81 60 40 108 63 135
internal_value=-3.21799e-05 -0.000105962 0.00928272 -0.000224452 -0.000380582 -0.000499762 0.00927531 0.0148659 -0.000574247 0.0161446 0.0225947 -0.000504628 0.00852886 -0.000603179
internal_weight=17236 17156 209 16947 16624 16426 198 80 16354 145 100 16273 171 16102
internal_count=17236 17156 209 16947 16624 16426 198 80 16354 145 100 16273 171 16102
is_linear=0
shrinkage=0.05


Tree=103
num_leaves=15
num_cat=0
split_feature=68 2 144 10 172 183 337 16 292 186 312 393 308 200
split_gain=11.6118 9.59257 15.3602 12.365 11.9323 8.91667 8.16875 8.71517 7.54876 7.43805 7.51824 8.16287 7.64283 6.8736
threshold=1.0000000180025095e-35 1.0000000180025095e-35 1.0000000180025095e-35 1.0000000180025095e-35 1.0000000180025095e-35 1.0000000180025095e-35 1.0000000180025095e-35 1.0000000180025095e-35 1.0000000180025095e-35 1.0000000180025095e-35 1.0000000180025095e-35 1.0000000180025095e-35 1.0000000180025095e-35 1.0000000180025095e-35
decision_type=2 2 2 2 2 2 2 2 2 2 2 2 2 2
left_child=1 2 4 6 5 8 7 9 13 10 11 12 -3 -1
right_child=-2 3 -4 -5 -6 -7 -8 -9 -10 -11 -12 -13 -14 -15
leaf_value=0.001074434164799621 0.013062870195188092 -0.0012335496381093048 0.021940636055104518 0.025015116251177263 0.024724847384078322 -0.017670331139470363 0.013222481108277862 -0.01955119767508498 0.014587209503709651 -0.012885532784960508 -0.011506764419905885 0.015686886948753601 0.010823236595589057 -0.010378215928505966
leaf_weight=8904 172 6975 84 40 48 59 91 61 97 131 164 69 129 128
leaf_count=8904 172 6975 84 40 48 59 91 61 97 131 164 69 129 128
internal_value=0.000322471 0.000189609 0.0012667 -0.00112087 0.0010669 0.000929928 -0.00127438 -0.00145825 0.00105975 -0.00129749 -0.00108195 -0.000835753 -0.00100715 0.000906477
internal_weight=17152 16980 9320 7660 9236 9188 7620 7529 9129 7468 7337 7173 7104 9032
internal_count=17152 16980 9320 7660 9236 9188 7620 7529 9129 7468 7337 7173 7104 9032
is_linear=0
shrinkage=0.05


Tree=104
num_leaves=15
num_cat=0
split_feature=306 338 158 369 279 304 191 39 68 18 96 2 209 304
split_gain=9.07941 8.44305 8.84454 7.8913 7.58502 13.9593 15.0374 10.8166 9.22436 7.57133 7.22238 7.21849 7.08628 6.8725
threshold=1.0000000180025095e-35 1.0000000180025095e-35 1.0000000180025095e-35 1.0000000180025095e-35 1.0000000180025095e-35 1.0000000180025095e-35 1.0000000180025095e-35 1.0000000180025095e-35 1.0000000180025095e-35 1.0000000180025095e-35 1.0000000180025095e-35 1.0000000180025095e-35 1.0000000180025095e-35 1.0000000180025095e-35
decision_type=2 2 2 2 2 2 2 2 2 2 2 2 2 2
left_child=1 2 3 4 5 8 -7 10 9 12 11 13 -1 -6
right_child=-2 -3 -4 -5 7 6 -8 -9 -10 -11 -12 -13 -14 -15
leaf_value=-0.00091242953214024482 -0.0043943163428278803 0.017201487901310125 0.012351331441644945 0.0076446312082223064 0.0069351293420880497 0.0036731950397194003 0.030041892689309624 0.014619720390948811 0.01074688253988851 0.012433067944673998 0.01571015005333307 -0.0033228135069309885 -0.019775131925940517 -0.0048252870412083503
leaf_weight=12739 1017 70 148 350 540 1117 52 185 168 101 83 560 45 157
leaf_count=12739 1017 70 148 350 540 1117 52 185 168 101 83 560 45 157
internal_value=0.000177516 0.000463761 0.000386367 0.000272557 0.000106327 -0.000253457 0.00496909 0.0034515 -0.000722901 -0.00087656 0.00186101 0.000887923 -0.000986532 0.00427058
internal_weight=17332 16315 16245 16097 15747 14222 1169 1525 13053 12885 1340 1257 12784 697
internal_count=17332 16315 16245 16097 15747 14222 1169 1525 13053 12885 1340 1257 12784 697
is_linear=0
shrinkage=0.05


Tree=105
num_leaves=15
num_cat=0
split_feature=4 243 4 96 269 4 3 115 109 3 6 124 309 3
split_gain=10.293 11.5712 13.5572 7.78043 7.79627 7.84016 7.48338 7.36792 7.3139 7.09043 9.05395 6.85688 6.3095 6.53452
threshold=0.93835000000000013 1.0000000180025095e-35 0.085000000000000006 1.0000000180025095e-35 1.0000000180025095e-35 0.53345000000000009 -0.8738999999999999 1.0000000180025095e-35 1.0000000180025095e-35 -0.032349999999999997 10.500000000000002 1.0000000180025095e-35 1.0000000180025095e-35 0.92455000000000009
decision_type=2 2 2 2 2 2 2 2 2 2 2 2 2 2
left_child=1 3 -3 4 6 -6 -1 11 12 10 -5 -2 13 -8
right_child=7 2 -4 9 5 -7 8 -9 -10 -11 -12 -13 -14 -15
leaf_value=-0.0063891604254109786 0.0029242874881366572 -0.0071178962097123823 0.024391012227162723 0.0010775333425650994 -0.0064008953774140941 0.019260542970342735 -8.6646544102806766e-05 0.02386149501670962 -0.011453168434026238 0.00024079590062187477 0.031267742297301691 0.022148667287547143 0.0041679798590246982 -0.0044117861618700347
leaf_weight=507 1536 49 95 43 40 92 12845 41 139 105 55 43 802 932
leaf_count=507 1536 49 95 43 40 92 12845 41 139 105 55 43 802 932
internal_value=0.000314625 -7.73415e-05 0.0137902 -0.000210067 -0.000340058 0.0115345 -0.000446763 0.00410283 -0.000239961 0.00939555 0.0187164 0.00351608 -0.000129162 -0.000380732
internal_weight=17324 15704 144 15560 15357 132 15225 1620 14718 203 98 1579 14579 13777
internal_count=17324 15704 144 15560 15357 132 15225 1620 14718 203 98 1579 14579 13777
is_linear=0
shrinkage=0.05


Tree=106
num_leaves=15
num_cat=0
split_feature=127 63 137 4 84 337 4 10 277 338 279 189 4 399
split_gain=7.80763 7.62619 6.30323 7.04452 6.34198 6.09684 6.46431 6.1594 5.85503 6.20995 8.4584 5.73125 6.56945 5.41895
threshold=1.0000000180025095e-35 1.0000000180025095e-35 1.0000000180025095e-35 0.86375000000000013 1.0000000180025095e-35 1.0000000180025095e-35 0.59995000000000009 1.0000000180025095e-35 1.0000000180025095e-35 1.0000000180025095e-35 1.0000000180025095e-35 1.0000000180025095e-35 0.076750000000000013 1.0000000180025095e-35
decision_type=2 2 2 2 2 2 2 2 2 2 2 2 2 2
left_child=1 2 4 -4 5 7 -7 8 9 11 -11 13 -13 -1
right_child=-2 -3 3 -5 -6 6 -8 -9 -10 10 -12 12 -14 -15
leaf_value=0.00026337465439986451 0.013961137916582326 -0.0079812261188635606 0.00043150999329306862 0.025515317848811933 -0.0099223053338186405 -3.1998583718257792e-05 0.026618787752878337 0.013140032749500249 -0.01221623754875812 0.027924388559891822 -0.0026644351357158198 0.00096071070472988267 -0.017640126732264446 -0.012545551049680146
leaf_weight=16033 97 283 61 47 150 46 40 86 91 42 42 92 92 78
leaf_count=16033 97 283 61 47 150 46 40 86 91 42 42 92 92 78
internal_value=0.000168585 8.66861e-05 0.000224108 0.0119936 0.000144864 0.000238556 0.0131452 0.000167564 9.5859e-05 0.000167971 0.0133395 9.60011e-05 -0.00856034 0.000197488
internal_weight=17280 17183 16900 108 16792 16642 86 16556 16470 16379 84 16295 184 16111
internal_count=17280 17183 16900 108 16792 16642 86 16556 16470 16379 84 16295 184 16111
is_linear=0
shrinkage=0.05


Tree=107
num_leaves=15
num_cat=0
split_feature=396 234 1 267 338 279 231 335 96 6 3 279 3 68
split_gain=10.7665 9.87423 7.24094 6.56459 6.4761 11.2402 6.04814 7.26144 6.69533 10.0313 7.32521 5.82855 5.54675 5.35744
threshold=1.0000000180025095e-35 1.0000000180025095e-35 1.0000000180025095e-35 1.0000000180025095e-35 1.0000000180025095e-35 1.0000000180025095e-35 1.0000000180025095e-35 1.0000000180025095e-35 1.0000000180025095e-35 9.5000000000000018 -0.89634999999999987 1.0000000180025095e-35 -0.29159999999999997 1.0000000180025095e-35
decision_type=2 2 2 2 2 2 2 2 2 2 2 2 2 2
left_child=1 3 -2 4 6 -6 7 8 13 10 -10 -11 -9 -1
right_child=2 -3 -4 -5 5 -7 -8 12 9 11 -12 -13 -14 -15
leaf_value=-0.0004218565483184376 0.023822189117722874 0.011026005523733153 -0.00018637366592884065 -0.014175930511694225 0.030867358901434473 -0.0044352557160891593 -0.0074431995498553784 0.026472390507244405 -0.014912243118243559 0.0075033033049828907 0.010366637693071853 0.026419493030899993 0.0014724942445755007 0.0081590741842418255
leaf_weight=15974 74 192 52 79 40 43 281 40 65 126 44 60 45 179
leaf_count=15974 74 192 52 79 40 43 281 40 65 126 44 60 45 179
internal_value=5.18368e-06 -0.000103748 0.014285 -0.000232836 -0.000163472 0.0133652 -0.000234208 -0.000109468 -0.000186912 0.00721436 -0.00470081 0.0141372 0.0140542 -0.000324271
internal_weight=17294 17168 126 16976 16897 83 16814 16533 16448 295 109 186 85 16153
internal_count=17294 17168 126 16976 16897 83 16814 16533 16448 295 109 186 85 16153
is_linear=0
shrinkage=0.05


Tree=108
num_leaves=15
num_cat=0
split_feature=5 124 6 4 2 304 0 107 406 354 362 4 153 2
split_gain=8.46051 11.4536 9.64444 10.2917 7.87247 10.6039 8.85774 7.69506 7.02288 6.07972 6.12107 9.77127 6.69616 5.66446
threshold=1.0000000180025095e-35 1.0000000180025095e-35 6.5000000000000009 0.076750000000000013 1.0000000180025095e-35 1.0000000180025095e-35 0.87500000000000011 1.0000000180025095e-35 1.0000000180025095e-35 1.0000000180025095e-35 1.0000000180025095e-35 0.18985000000000005 1.0000000180025095e-35 1.5000000000000002
decision_type=2 2 2 2 2 2 2 2 2 2 2 2 2 2
left_child=7 2 -2 -4 6 13 -5 8 9 10 12 -12 -1 -6
right_child=1 -3 3 4 5 -7 -8 -9 -10 -11 11 -13 -14 -15
leaf_value=-0.00036149073776333221 0.020246283187494649 0.028042804449796677 -0.015858341259636768 -0.0023277246858099824 -0.0089511447482627932 0.013993424003322919 0.0087741551502500629 0.015207237450451386 0.013777049677446486 -0.013188285624297958 -0.0022218279792374737 0.018764919503976449 0.012369437879757382 0.0024688444913889486
leaf_weight=15110 72 42 71 242 290 85 673 77 85 85 111 104 99 169
leaf_count=15110 72 42 71 242 290 85 673 77 85 85 111 104 99 169
internal_value=0.000288925 0.00369562 0.00297203 0.00209583 0.00302072 -0.00173333 0.00584123 -6.95257e-05 -0.000149809 -0.000230554 -0.000154894 0.00812566 -0.000274583 -0.00476511
internal_weight=17315 1644 1602 1530 1459 544 915 15671 15594 15509 15424 215 15209 459
internal_count=17315 1644 1602 1530 1459 544 915 15671 15594 15509 15424 215 15209 459
is_linear=0
shrinkage=0.05


Tree=109
num_leaves=15
num_cat=0
split_feature=45 338 85 4 23 20 309 3 115 26 241 149 16 127
split_gain=8.90003 8.86965 8.05113 7.32556 7.08202 7.83209 6.57264 9.82604 11.6967 9.6349 8.34673 7.87138 6.33693 6.21848
threshold=1.0000000180025095e-35 1.0000000180025095e-35 1.0000000180025095e-35 0.87020000000000008 1.0000000180025095e-35 1.0000000180025095e-35 1.0000000180025095e-35 0.017150000000000002 1.0000000180025095e-35 1.0000000180025095e-35 1.0000000180025095e-35 1.0000000180025095e-35 1.0000000180025095e-35 1.0000000180025095e-35
decision_type=2 2 2 2 2 2 2 2 2 2 2 2 2 2
left_child=1 2 4 -2 5 6 7 8 9 10 11 12 -1 -9
right_child=3 -3 -4 -5 -6 -7 -8 13 -10 -11 -12 -13 -14 -15
leaf_value=0.002324270673102534 0.0041989846490323541 0.015882712728397429 -0.012921257585012278 0.028445537838463982 -0.0067608333945503533 -0.01186841954684092 0.0045900463707112824 -0.001116765971584138 0.020195102913821317 -0.018818216170657869 -0.0056660077419419686 -0.018637288185646354 -0.013156739411069386 0.016061215903961434
leaf_weight=5528 95 82 117 43 377 130 814 9362 78 54 377 41 62 48
leaf_count=5528 95 82 117 43 377 130 814 9362 78 54 377 41 62 48
internal_value=6.26523e-05 -4.13968e-05 -0.000122912 0.0124845 -3.03539e-05 0.000125486 0.000224364 -5.569e-06 0.0015497 0.00129334 0.0014896 0.00197327 0.00214096 -0.00102066
internal_weight=17208 17070 16988 138 16871 16494 16364 15550 6140 6062 6008 5631 5590 9410
internal_count=17208 17070 16988 138 16871 16494 16364 15550 6140 6062 6008 5631 5590 9410
is_linear=0
shrinkage=0.05


Tree=110
num_leaves=15
num_cat=0
split_feature=231 0 52 244 332 110 241 243 1 396 405 4 63 352
split_gain=9.30881 9.85533 9.05776 8.71426 7.25914 7.09659 6.78718 10.1141 20.9547 7.89045 6.37339 6.05361 5.98515 6.53085
threshold=1.0000000180025095e-35 0.87500000000000011 1.0000000180025095e-35 1.0000000180025095e-35 1.0000000180025095e-35 1.0000000180025095e-35 1.0000000180025095e-35 1.0000000180025095e-35 1.0000000180025095e-35 1.0000000180025095e-35 1.0000000180025095e-35 0.87795000000000012 1.0000000180025095e-35 1.0000000180025095e-35
decision_type=2 2 2 2 2 2 2 2 2 2 2 2 2 2
left_child=2 -2 3 4 6 -6 7 9 -9 10 12 -5 13 -1
right_child=1 -3 -4 11 5 -7 -8 8 -10 -11 -12 -13 -14 -15
leaf_value=0.00044083899932715579 0.0068200963525435867 -0.01398518133653754 0.012276001186291506 -0.0037610061052772733 0.0022095916897393346 -0.016375808836892249 -0.0042996605819297885 -0.0015299284690112437 0.034461993868671249 0.014733001250230396 -0.013381984569631251 -0.020802604297820767 -0.0069633818842378906 0.0096056783817670688
leaf_weight=14739 73 218 149 166 84 123 743 101 62 91 79 73 264 192
leaf_count=14739 73 218 149 166 84 123 743 101 62 91 79 73 264 192
internal_value=5.11832e-05 -0.00873895 0.00020539 9.41652e-05 0.000232989 -0.00895967 0.000352655 0.000576576 0.0127785 0.000443018 0.000353087 -0.0092858 0.000428875 0.000561867
internal_weight=17157 291 16866 16717 16478 207 16271 15528 163 15365 15274 239 15195 14931
internal_count=17157 291 16866 16717 16478 207 16271 15528 163 15365 15274 239 15195 14931
is_linear=0
shrinkage=0.05


Tree=111
num_leaves=15
num_cat=0
split_feature=3 152 115 243 37 394 385 68 172 154 3 391 302 6
split_gain=7.99494 14.9096 8.01973 8.02029 8.03837 7.17128 7.14208 7.09852 7.21608 6.78002 13.2694 5.91288 5.75076 7.74801
threshold=-0.41179999999999994 1.0000000180025095e-35 1.0000000180025095e-35 1.0000000180025095e-35 1.0000000180025095e-35 1.0000000180025095e-35 1.0000000180025095e-35 1.0000000180025095e-35 1.0000000180025095e-35 1.0000000180025095e-35 0.89415000000000011 1.0000000180025095e-35 1.0000000180025095e-35 11.500000000000002
decision_type=2 2 2 2 2 2 2 2 2 2 2 2 2 2
left_child=1 2 3 4 6 9 7 8 -1 11 -11 12 -2 -14
right_child=5 -3 -4 -5 -6 -7 -8 -9 -10 10 -12 -13 13 -15
leaf_value=-0.00053417035469716535 -0.00039112026381967965 0.025338272167386357 0.019350593720491117 0.01709335202374208 0.021632985009792004 -0.014079967911969474 0.018613012043589897 0.017714243643949256 0.012064255604974363 -0.0018139250399490372 0.019805919038694036 -0.010029995426013592 0.0024347839130819519 0.026024595965096292
leaf_weight=2528 13499 65 60 76 42 89 50 53 114 166 118 152 139 42
leaf_count=2528 13499 65 60 76 42 89 50 53 114 166 118 152 139 42
internal_value=0.000179458 0.00252807 0.00197843 0.00158126 0.0011284 -0.000315285 0.000775904 0.000411118 3.12025e-05 -0.000223545 0.00735622 -0.000381776 -0.000270948 0.0084611
internal_weight=17193 2988 2923 2863 2787 14205 2745 2695 2642 14116 284 13832 13680 181
internal_count=17193 2988 2923 2863 2787 14205 2745 2695 2642 14116 284 13832 13680 181
is_linear=0
shrinkage=0.05


Tree=112
num_leaves=15
num_cat=0
split_feature=3 6 144 18 37 154 3 335 89 68 147 281 129 309
split_gain=7.39448 10.4009 9.88303 8.52243 8.24619 8.15278 15.2243 7.78248 7.05273 7.63151 7.25652 7.01367 5.80263 5.76035
threshold=0.0035500000000000006 14.500000000000002 1.0000000180025095e-35 1.0000000180025095e-35 1.0000000180025095e-35 1.0000000180025095e-35 0.90275000000000005 1.0000000180025095e-35 1.0000000180025095e-35 1.0000000180025095e-35 1.0000000180025095e-35 1.0000000180025095e-35 1.0000000180025095e-35 1.0000000180025095e-35
decision_type=2 2 2 2 2 2 2 2 2 2 2 2 2 2
left_child=1 2 4 5 7 11 -7 8 9 10 -1 12 13 -2
right_child=3 -3 -4 -5 -6 6 -8 -9 -10 -11 -12 -13 -14 -15
leaf_value=0.0010416106190260586 -0.0012943119581979117 -0.0072402048126679816 0.023994923134644828 0.015136675482836729 0.015748394018571293 -0.0012879095752748961 0.022613669123570875 0.022072030150372051 -0.017286271529970691 0.018232014860190892 0.0123920443082421 -0.015816066593308992 0.010262983455924832 0.0032307403997047534
leaf_weight=4960 10133 312 46 80 100 178 101 41 45 63 140 74 111 751
leaf_count=4960 10133 312 46 80 100 178 101 41 45 63 140 74 111 751
internal_value=9.63313e-05 0.00156537 0.00208084 -0.000637652 0.00187015 -0.000755474 0.00761043 0.00159102 0.00140877 0.00158828 0.00136502 -0.000969682 -0.000862617 -0.000980742
internal_weight=17135 5707 5395 11428 5349 11348 279 5249 5208 5163 5100 11069 10995 10884
internal_count=17135 5707 5395 11428 5349 11348 279 5249 5208 5163 5100 11069 10995 10884
is_linear=0
shrinkage=0.05


Tree=113
num_leaves=15
num_cat=0
split_feature=168 77 386 4 274 342 189 4 308 4 4 244 4 3
split_gain=11.1777 6.78092 7.10759 9.2113 5.62176 5.96948 5.4466 7.00319 6.14735 9.58465 7.80915 5.83405 6.54984 5.60113
threshold=1.0000000180025095e-35 1.0000000180025095e-35 1.0000000180025095e-35 0.42545000000000005 1.0000000180025095e-35 1.0000000180025095e-35 1.0000000180025095e-35 0.37895000000000006 1.0000000180025095e-35 0.92505000000000015 0.88045000000000007 1.0000000180025095e-35 0.87020000000000008 -1.0000000180025095e-35
decision_type=2 2 2 2 2 2 2 2 2 2 2 2 2 2
left_child=1 2 4 -4 5 6 8 -8 11 10 -10 13 -13 -1
right_child=-2 -3 3 -5 -6 -7 7 -9 9 -11 -12 12 -14 -15
leaf_value=0.0015067348726352831 0.018613294518765918 -0.0097165214445661102 -0.0022251679845478223 0.03028606911500295 0.010188623271380546 0.013077814259116402 -0.0013363090724768964 -0.021472344639231311 0.0020025386274683961 -0.0071398275562587687 0.017003775014967214 -0.0017045881814335155 -0.019423575742985123 -0.00050329443740946623
leaf_weight=5110 78 165 41 40 136 84 127 61 167 104 179 153 75 10745
leaf_count=5110 78 165 41 40 136 84 127 61 167 104 179 153 75 10745
internal_value=0.000308557 0.000220095 0.000319239 0.0146572 0.000246381 0.000162913 9.41436e-05 -0.00825683 0.000191572 0.00592284 0.00989496 2.94209e-05 -0.00782494 0.0001448
internal_weight=17265 17187 17022 81 16941 16805 16721 188 16533 450 346 16083 228 15855
internal_count=17265 17187 17022 81 16941 16805 16721 188 16533 450 346 16083 228 15855
is_linear=0
shrinkage=0.05


Tree=114
num_leaves=15
num_cat=0
split_feature=338 279 191 335 209 4 23 333 330 4 85 216 312 5
split_gain=7.67007 9.48636 8.83245 6.21071 5.86296 9.55745 6.25547 6.26146 5.92375 5.76755 5.50486 5.85718 6.40584 9.61337
threshold=1.0000000180025095e-35 1.0000000180025095e-35 1.0000000180025095e-35 1.0000000180025095e-35 1.0000000180025095e-35 0.12825000000000003 1.0000000180025095e-35 1.0000000180025095e-35 1.0000000180025095e-35 0.6835500000000001 1.0000000180025095e-35 1.0000000180025095e-35 1.0000000180025095e-35 1.0000000180025095e-35
decision_type=2 2 2 2 2 2 2 2 2 2 2 2 2 2
left_child=2 -2 3 4 6 -6 7 8 10 -9 11 12 -1 -14
right_child=1 -3 -4 -5 5 -7 -8 9 -10 -11 -12 -13 13 -15
leaf_value=0.00048544927171199768 0.029513595711439852 -0.00029976026665779853 0.0063697221515110237 0.012794433783819068 0.0045960816028645804 -0.01843116191138915 -0.0062829211906172871 -0.0032520557507411682 -0.013047493613992696 -0.022009823085707533 -0.011407157633397164 0.0093879944609943783 -0.0084617287716576579 0.015859921497252325
leaf_weight=14862 45 57 554 89 74 104 381 154 78 52 94 175 365 41
leaf_count=14862 45 57 554 89 74 104 381 154 78 52 94 175 365 41
internal_value=0.00027269 0.0136177 0.000188753 -2.10389e-05 -9.45542e-05 -0.00899402 5.96256e-06 0.000159348 0.000274871 -0.00839638 0.000345929 0.000421137 0.000315321 -0.00584254
internal_weight=17125 102 17023 16469 16380 178 16202 15821 15615 206 15537 15443 15268 406
internal_count=17125 102 17023 16469 16380 178 16202 15821 15615 206 15537 15443 15268 406
is_linear=0
shrinkage=0.05


Tree=115
num_leaves=15
num_cat=0
split_feature=289 37 277 68 3 3 192 186 4 141 250 137 252 189
split_gain=7.26857 6.69498 6.38966 6.40937 6.45581 6.19313 6.0915 5.98033 6.16734 5.81323 5.83819 6.0179 6.16795 6.64178
threshold=1.0000000180025095e-35 1.0000000180025095e-35 1.0000000180025095e-35 1.0000000180025095e-35 0.23340000000000002 -0.04034999999999999 1.0000000180025095e-35 1.0000000180025095e-35 0.73385000000000011 1.0000000180025095e-35 1.0000000180025095e-35 1.0000000180025095e-35 1.0000000180025095e-35 1.0000000180025095e-35
decision_type=2 2 2 2 2 2 2 2 2 2 2 2 2 2
left_child=1 2 3 7 -5 -3 -2 9 -9 10 11 12 13 -1
right_child=6 5 -4 4 -6 -7 -8 8 -10 -11 -12 -13 -14 -15
leaf_value=-0.00037660603932938727 0.0005486492641336684 0.02145475215952972 -0.013424215203599245 0.015532377445619675 -0.0041577427662335912 0.0035901970686665766 0.015996479886962334 -0.0018010885115055477 -0.023560374363192492 -0.01026422388980101 0.011117559137745901 0.010552884359462701 0.008263005621505299 -0.010064077221361828
leaf_weight=15397 128 53 88 119 60 317 123 80 51 140 108 122 199 174
leaf_count=15397 128 53 88 119 60 317 123 80 51 140 108 122 199 174
internal_value=-7.87893e-05 -0.000205337 -0.000355031 -0.000281059 0.0089987 0.00640112 0.00828328 -0.00038588 -0.010827 -0.000297808 -0.000207423 -0.000287859 -0.000375043 -0.000488056
internal_weight=17159 16908 16538 16450 179 370 251 16271 131 16140 16000 15892 15770 15571
internal_count=17159 16908 16538 16450 179 370 251 16271 131 16140 16000 15892 15770 15571
is_linear=0
shrinkage=0.05


Tree=116
num_leaves=15
num_cat=0
split_feature=337 274 107 35 275 249 141 256 4 77 352 4 342 189
split_gain=7.82815 7.75887 7.06899 7.01278 6.43235 6.05108 6.52536 6.20411 5.98626 5.54569 6.00579 5.79303 5.75649 6.15447
threshold=1.0000000180025095e-35 1.0000000180025095e-35 1.0000000180025095e-35 1.0000000180025095e-35 1.0000000180025095e-35 1.0000000180025095e-35 1.0000000180025095e-35 1.0000000180025095e-35 0.12825000000000003 1.0000000180025095e-35 1.0000000180025095e-35 0.91885000000000006 1.0000000180025095e-35 1.0000000180025095e-35
decision_type=2 2 2 2 2 2 2 2 2 2 2 2 2 2
left_child=1 2 3 4 5 6 7 9 -6 10 12 -12 13 -1
right_child=-2 -3 -4 -5 8 -7 -8 -9 -10 -11 11 -13 -14 -15
leaf_value=0.00035380506991727586 0.014467115921794064 0.012391982263383958 0.014029101181933965 0.011281813623930288 0.0006659184124503956 -0.0083858246021416213 -0.010960000812410171 -0.010017703207407453 -0.021351893803512212 -0.0086752328360398152 0.013797973075340834 -0.0047388969763414932 0.01292849499732256 -0.0088442179241531495
leaf_weight=15673 92 125 86 133 56 205 126 141 63 164 150 55 85 179
leaf_count=15673 92 125 86 133 56 205 126 141 63 164 150 55 85 179
internal_value=0.00030272 0.000222964 0.0001305 5.62158e-05 -3.54546e-05 4.83855e-05 0.00015521 0.000243669 -0.0113815 0.000335444 0.000429649 0.00883025 0.000318855 0.000247185
internal_weight=17333 17241 17116 17030 16897 16778 16573 16447 119 16306 16142 205 15937 15852
internal_count=17333 17241 17116 17030 16897 16778 16573 16447 119 16306 16142 205 15937 15852
is_linear=0
shrinkage=0.05


Tree=117
num_leaves=15
num_cat=0
split_feature=243 4 52 6 3 218 304 378 234 114 4 16 4 88
split_gain=8.57323 18.1472 6.85783 7.048 9.31437 10.1582 8.00245 7.31763 6.87514 6.61948 5.99148 5.91667 5.89427 5.80915
threshold=1.0000000180025095e-35 0.085000000000000006 1.0000000180025095e-35 11.500000000000002 -0.017749999999999998 1.0000000180025095e-35 1.0000000180025095e-35 1.0000000180025095e-35 1.0000000180025095e-35 1.0000000180025095e-35 0.90515000000000012 1.0000000180025095e-35 0.88485000000000014 1.0000000180025095e-35
decision_type=2 2 2 2 2 2 2 2 2 2 2 2 2 2
left_child=2 -2 3 4 5 6 -1 9 11 -6 -4 13 -3 -5
right_child=1 12 10 8 7 -7 -8 -9 -10 -11 -12 -13 -14 -15
leaf_value=0.0034444328232318532 -0.013003058997648104 0.031541126643252725 0.00075513419436497829 -0.001520983022926784 -0.00034913946915076174 0.023006578933325458 -0.0036352583987915772 0.015886969074768865 0.013319994514323261 -0.01701061596473058 0.019805211372627522 -0.016485472462094114 0.0085746741197148309 -0.010914102584924984
leaf_weight=2668 51 63 85 3937 9315 56 465 64 68 55 76 66 56 167
leaf_count=2668 51 63 85 3937 9315 56 465 64 68 55 76 66 56 167
internal_value=7.35127e-05 0.0110839 -3.96713e-05 -0.000139195 0.00045323 0.00278704 0.00238955 -0.000336732 -0.0019022 -0.000455959 0.0100734 -0.00216609 0.0215149 -0.00191602
internal_weight=17192 170 17022 16861 12623 3189 3133 9434 4238 9370 161 4170 119 4104
internal_count=17192 170 17022 16861 12623 3189 3133 9434 4238 9370 161 4170 119 4104
is_linear=0
shrinkage=0.05


Tree=118
num_leaves=15
num_cat=0
split_feature=306 279 191 352 190 209 1 133 393 121 6 90 3 342
split_gain=8.82219 8.8426 12.979 10.8248 9.06406 8.25679 7.49074 6.32846 5.63367 6.1549 11.2335 5.6095 5.48289 5.4486
threshold=1.0000000180025095e-35 1.0000000180025095e-35 1.0000000180025095e-35 1.0000000180025095e-35 1.0000000180025095e-35 1.0000000180025095e-35 1.0000000180025095e-35 1.0000000180025095e-35 1.0000000180025095e-35 1.0000000180025095e-35 8.5000000000000018 1.0000000180025095e-35 0.66275000000000006 1.0000000180025095e-35
decision_type=2 2 2 2 2 2 2 2 2 2 2 2 2 2
left_child=1 2 3 5 -3 7 -2 8 9 11 -11 13 -10 -1
right_child=6 4 -4 -5 -6 -7 -8 -9 12 10 -12 -13 -14 -15
leaf_value=-0.00058207487253336763 -0.00097513795845092285 0.0029856442346468275 0.012222252275455292 0.017103957765632206 0.019345851781674559 -0.018497933609591379 -0.0097531801495201569 -0.012158253686079248 -0.0002948199334586489 -0.0089568781336614237 0.014773933680096111 0.0058348374439314973 0.022114310250617567 0.012844124225605475
leaf_weight=13409 625 1508 209 85 85 57 394 105 53 67 163 353 51 71
leaf_count=13409 625 1508 209 85 85 57 394 105 53 67 163 353 51 71
internal_value=0.000100852 0.000384967 -9.47583e-07 -0.000182358 0.0039164 -0.000290832 -0.00440025 -0.000211663 -0.000118861 -0.000206554 0.00781756 -0.000342747 0.0112046 -0.000506622
internal_weight=17235 16216 14623 14414 1593 14329 1019 14272 14167 14063 230 13833 104 13480
internal_count=17235 16216 14623 14414 1593 14329 1019 14272 14167 14063 230 13833 104 13480
is_linear=0
shrinkage=0.05


Tree=119
num_leaves=15
num_cat=0
split_feature=337 4 196 3 16 3 249 339 107 63 137 385 3 386
split_gain=7.74979 7.2316 6.97339 9.68705 6.96301 11.7142 6.6667 7.92005 7.64177 6.58254 6.27203 6.15326 10.2064 6.5742
threshold=1.0000000180025095e-35 0.77465000000000017 1.0000000180025095e-35 0.34465000000000007 1.0000000180025095e-35 -0.028849999999999997 1.0000000180025095e-35 1.0000000180025095e-35 1.0000000180025095e-35 1.0000000180025095e-35 1.0000000180025095e-35 1.0000000180025095e-35 -0.62319999999999987 1.0000000180025095e-35
decision_type=2 2 2 2 2 2 2 2 2 2 2 2 2 2
left_child=2 -2 4 -4 6 -6 7 8 9 10 11 13 -13 -1
right_child=1 -3 3 -5 5 -7 -8 -9 -10 -11 -12 12 -14 -15
leaf_value=-5.7878432400368282e-05 0.00085423946872634703 0.028846168640173142 0.0013262561369629111 -0.030378114269632436 -0.027341299028616518 0.00051455508438077308 -0.0085216124336071498 0.011893967178505686 0.014936707740456896 -0.0075636912195897917 0.011550785540622345 0.026940146075295553 0.0018097797810446984 0.014587574091727857
leaf_weight=15781 48 40 51 40 57 96 214 140 82 272 116 51 148 72
leaf_count=15781 48 40 51 40 57 96 214 140 82 272 116 51 148 72
internal_value=5.01321e-05 0.0144446 -2.80542e-05 -0.0134661 4.7688e-05 -0.0103999 0.00014546 0.000259299 0.000157144 7.89067e-05 0.000209779 0.000124252 0.00875267 1.32157e-05
internal_weight=17208 88 17120 91 17029 153 16876 16662 16522 16440 16168 16052 199 15853
internal_count=17208 88 17120 91 17029 153 16876 16662 16522 16440 16168 16052 199 15853
is_linear=0
shrinkage=0.05


Tree=120
num_leaves=15
num_cat=0
split_feature=210 274 243 1 202 4 1 96 119 168 4 4 394 365
split_gain=9.93508 6.83342 6.34336 16.9456 7.75379 6.42406 8.15801 7.64869 6.45281 6.44802 6.90947 5.66669 5.48141 5.54035
threshold=1.0000000180025095e-35 1.0000000180025095e-35 1.0000000180025095e-35 1.0000000180025095e-35 1.0000000180025095e-35 0.95365000000000011 1.0000000180025095e-35 1.0000000180025095e-35 1.0000000180025095e-35 1.0000000180025095e-35 0.94885000000000008 0.32460000000000006 1.0000000180025095e-35 1.0000000180025095e-35
decision_type=2 2 2 2 2 2 2 2 2 2 2 2 2 2
left_child=1 2 4 -4 5 7 8 9 -7 10 12 -11 13 -1
right_child=-2 -3 3 -5 -6 6 -8 -9 -10 11 -12 -13 -14 -15
leaf_value=-1.0235272675963609e-05 0.013145117237543066 0.012936830104639134 -0.0027636042803967911 0.027908321268655157 -0.012467774846146217 0.010466970456009791 -0.0022773195838732816 0.0088653255459871429 -0.0013367393702457223 -0.0011794110801484851 -0.009697953149791539 0.023609241266857903 -0.011928849354047668 -0.0080757063407940304
leaf_weight=14937 145 100 113 69 118 458 321 229 153 40 189 48 94 211
leaf_count=14937 145 100 113 69 118 458 321 229 153 40 189 48 94 211
internal_value=0.000333219 0.000220638 0.000141962 0.00930006 3.99997e-05 0.000132194 0.00415432 -0.000107087 0.00752435 -0.000242298 -0.000321304 0.012884 -0.000201892 -0.000125209
internal_weight=17225 17080 16980 182 16798 16680 932 15748 611 15519 15431 88 15242 15148
internal_count=17225 17080 16980 182 16798 16680 932 15748 611 15519 15431 88 15242 15148
is_linear=0
shrinkage=0.05


Tree=121
num_leaves=15
num_cat=0
split_feature=127 88 177 386 189 277 304 279 3 4 1 6 310 6
split_gain=8.12996 7.4458 8.69689 8.28089 7.8565 7.44674 6.99865 11.8104 9.64708 11.445 10.5014 11.9165 8.58462 11.6421
threshold=1.0000000180025095e-35 1.0000000180025095e-35 1.0000000180025095e-35 1.0000000180025095e-35 1.0000000180025095e-35 1.0000000180025095e-35 1.0000000180025095e-35 1.0000000180025095e-35 0.76950000000000007 0.91245000000000009 1.0000000180025095e-35 9.5000000000000018 1.0000000180025095e-35 7.5000000000000009
decision_type=2 2 2 2 2 2 2 2 2 2 2 2 2 2
left_child=1 2 3 4 5 6 12 8 10 -10 11 -8 -1 -14
right_child=-2 -3 -4 -5 -6 -7 7 -9 9 -11 -12 -13 13 -15
leaf_value=0.0001949203960465026 0.014787809560843504 -0.0057161971580445966 -0.013311092841327641 0.016495111099455829 -0.010100440711757148 -0.013925672231231478 0.00020612416573058704 -0.0024755219215325812 0.02205122201933761 0.0036749648820703102 -0.0042663823657449812 0.014130360158040546 0.031190552261586374 -0.0037996988302032328
leaf_weight=14361 92 499 109 76 169 83 304 550 177 163 288 306 47 42
leaf_count=14361 92 499 109 76 169 83 304 550 177 163 288 306 47 42
internal_value=0.00035306 0.000271452 0.000452293 0.000546841 0.00046836 0.000580857 0.000659271 0.00360568 0.00630644 0.0134224 0.00355281 0.00724916 0.00029357 0.0153545
internal_weight=17266 17174 16675 16566 16490 16321 16238 1788 1238 340 898 610 14450 89
internal_count=17266 17174 16675 16566 16490 16321 16238 1788 1238 340 898 610 14450 89
is_linear=0
shrinkage=0.05


Tree=122
num_leaves=15
num_cat=0
split_feature=386 363 342 85 256 90 378 337 188 121 6 3 4 279
split_gain=9.18261 7.7526 6.55819 6.12024 5.38073 5.50143 5.576 5.69042 4.91253 5.00254 10.757 8.32726 17.105 5.79569
threshold=1.0000000180025095e-35 1.0000000180025095e-35 1.0000000180025095e-35 1.0000000180025095e-35 1.0000000180025095e-35 1.0000000180025095e-35 1.0000000180025095e-35 1.0000000180025095e-35 1.0000000180025095e-35 1.0000000180025095e-35 8.5000000000000018 -0.95114999999999983 0.73385000000000011 1.0000000180025095e-35
decision_type=2 2 2 2 2 2 2 2 2 2 2 2 2 2
left_child=1 2 3 4 5 6 7 8 9 -1 -11 13 -13 -12
right_child=-2 -3 -4 -5 -6 -7 -8 -9 -10 10 11 12 -14 -15
leaf_value=-0.00035859624562867434 0.016824739028550226 0.014505736138876325 0.0135661737062037 -0.011593076267426946 -0.010097605196599252 0.0059416643689396455 0.010748669318152304 0.012147709780433419 -0.0073059739022996398 -0.0064004712469576709 0.009803375601768494 -0.005831220082888779 0.028371025546270814 -0.011819210699336096
leaf_weight=15599 76 86 82 112 129 371 111 87 243 132 66 51 112 50
leaf_count=15599 76 86 82 112 129 371 111 87 243 132 66 51 112 50
internal_value=2.92674e-05 -4.96708e-05 -0.000126889 -0.000196649 -0.000117953 -3.84463e-05 -0.000175073 -0.000252545 -0.000322637 -0.000214396 0.00519707 0.0107002 0.0178147 0.000380025
internal_weight=17307 17231 17145 17063 16951 16822 16451 16340 16253 16010 411 279 163 116
internal_count=17307 17231 17145 17063 16951 16822 16451 16340 16253 16010 411 279 163 116
is_linear=0
shrinkage=0.05


Tree=123
num_leaves=15
num_cat=0
split_feature=2 172 243 292 224 360 243 10 393 1 291 1 369 279
split_gain=7.46583 17.6756 13.7928 13.3104 12.7486 12.0758 10.853 10.0695 10.0978 9.76403 9.66376 9.08343 7.18019 7.19461
threshold=1.0000000180025095e-35 1.0000000180025095e-35 1.0000000180025095e-35 1.0000000180025095e-35 1.0000000180025095e-35 1.0000000180025095e-35 1.0000000180025095e-35 1.0000000180025095e-35 1.0000000180025095e-35 1.0000000180025095e-35 1.0000000180025095e-35 1.0000000180025095e-35 1.0000000180025095e-35 1.0000000180025095e-35
decision_type=2 2 2 2 2 2 2 2 2 2 2 2 2 2
left_child=1 2 3 4 5 10 7 8 -2 -4 11 12 13 -1
right_child=6 -3 9 -5 -6 -7 -8 -9 -10 -11 -12 -13 -14 -15
leaf_value=0.0015702375949326539 -0.00082286094411154753 0.026657176509067633 0.0041213016811903419 0.019943761783803856 -0.020903510094356183 -0.024850851266334455 -0.024107894333250515 0.022823593736140301 0.017145759799765261 0.031298334291204814 -0.016186338556581175 -0.00068922397733996252 0.015716714746154405 0.0069207151865603393
leaf_weight=4553 7658 64 72 87 62 40 44 41 74 59 75 3554 97 725
leaf_count=4553 7658 64 72 87 62 40 44 41 74 59 75 3554 97 725
internal_value=0.000491448 0.00144153 0.00125426 0.00101984 0.000828196 0.000988643 -0.000649766 -0.000501566 -0.000639921 0.017062 0.00111716 0.00127148 0.00256736 0.00231105
internal_weight=17205 9388 9324 9193 9106 9044 7817 7773 7732 131 9004 8929 5375 5278
internal_count=17205 9388 9324 9193 9106 9044 7817 7773 7732 131 9004 8929 5375 5278
is_linear=0
shrinkage=0.05


Tree=124
num_leaves=15
num_cat=0
split_feature=84 296 275 308 279 244 281 339 172 300 342 385 2 158
split_gain=6.20392 5.9179 5.96755 5.82027 7.49011 6.02475 5.97718 5.8744 7.48153 6.90508 7.29036 5.79868 6.76873 6.5254
threshold=1.0000000180025095e-35 1.0000000180025095e-35 1.0000000180025095e-35 1.0000000180025095e-35 1.0000000180025095e-35 1.0000000180025095e-35 1.0000000180025095e-35 1.0000000180025095e-35 1.0000000180025095e-35 1.0000000180025095e-35 1.0000000180025095e-35 1.0000000180025095e-35 1.0000000180025095e-35 1.0000000180025095e-35
decision_type=2 2 2 2 2 2 2 2 2 2 2 2 2 2
left_child=1 2 3 5 -5 6 7 9 -9 10 11 13 -13 -1
right_child=-2 -3 -4 4 -6 -7 -8 8 -10 -11 -12 12 -14 -15
leaf_value=0.00016261423584392428 -0.0097322158673658777 -0.011905094492014009 -0.010850095803360061 0.0027122475595672542 0.018809129261290251 -0.0075169487068139501 -0.012748175144715365 -0.0020657230809708869 0.02072266507893801 -0.01507153968818279 0.015139375347644091 0.015520241112233355 -0.0041731241926112597 0.010607295711401432
leaf_weight=15493 151 94 113 348 87 239 81 64 75 67 79 125 63 146
leaf_count=15493 151 94 113 348 87 239 81 64 75 67 79 125 63 146
internal_value=0.000193722 0.000284329 0.000355294 0.000433557 0.00610878 0.000281506 0.000398892 0.00046892 0.0105228 0.000378165 0.000447958 0.000369868 0.00898372 0.000263481
internal_weight=17225 17074 16980 16867 435 16432 16193 16112 139 15973 15906 15827 188 15639
internal_count=17225 17074 16980 16867 435 16432 16193 16112 139 15973 15906 15827 188 15639
is_linear=0
shrinkage=0.05


Tree=125
num_leaves=15
num_cat=0
split_feature=103 88 3 290 231 256 306 262 24 152 4 152 289 1
split_gain=10.1547 6.70503 6.15762 6.14736 6.08205 6.26727 5.69478 8.09523 6.59303 10.4045 15.7262 9.2324 7.7096 6.57641
threshold=1.0000000180025095e-35 1.0000000180025095e-35 -0.95114999999999983 1.0000000180025095e-35 1.0000000180025095e-35 1.0000000180025095e-35 1.0000000180025095e-35 1.0000000180025095e-35 1.0000000180025095e-35 1.0000000180025095e-35 0.23045000000000002 1.0000000180025095e-35 1.0000000180025095e-35 1.0000000180025095e-35
decision_type=2 2 2 2 2 2 2 2 2 2 2 2 2 2
left_child=1 3 -2 4 5 6 7 8 9 12 -11 -10 -1 -8
right_child=2 -3 -4 -5 -6 -7 13 -9 11 10 -12 -13 -14 -15
leaf_value=0.00044733779868416168 0.026796367340560619 -0.0053928494731774867 0.0016269223240669818 -0.009889816113102896 -0.0066180274797978562 -0.010078377847482139 0.00038078690368280061 0.016735005556939193 0.012060584095693213 -0.0041742017011562119 0.025232314937526274 -0.011237580092543234 0.0099861240543176015 -0.0083355894525154652
leaf_weight=14446 53 504 43 138 288 130 537 76 248 78 100 47 210 357
leaf_count=14446 53 504 43 138 288 130 537 76 248 78 100 47 210 357
internal_value=0.000353375 0.000260253 0.0161612 0.000432889 0.000522103 0.000650811 0.000740552 0.000968898 0.000884195 0.000735523 0.0125843 0.00822325 0.000587374 -0.00312692
internal_weight=17255 17159 96 16655 16517 16229 16099 15205 15129 14834 178 295 14656 894
internal_count=17255 17159 96 16655 16517 16229 16099 15205 15129 14834 178 295 14656 894
is_linear=0
shrinkage=0.05


Tree=126
num_leaves=15
num_cat=0
split_feature=234 2 396 168 3 102 274 156 306 279 5 209 304 3
split_gain=7.80628 7.12291 5.95541 5.86292 6.04666 5.60403 5.50133 5.79303 5.82826 7.62017 8.54363 8.39662 8.26051 10.0943
threshold=1.0000000180025095e-35 1.0000000180025095e-35 1.0000000180025095e-35 1.0000000180025095e-35 0.28575000000000006 1.0000000180025095e-35 1.0000000180025095e-35 1.0000000180025095e-35 1.0000000180025095e-35 1.0000000180025095e-35 1.0000000180025095e-35 1.0000000180025095e-35 1.0000000180025095e-35 0.87020000000000008
decision_type=2 2 2 2 2 2 2 2 2 2 2 2 2 2
left_child=2 -2 3 5 -5 6 7 8 9 11 -11 12 -1 -14
right_child=1 -3 -4 4 -6 -7 -8 -9 -10 10 -12 -13 13 -15
leaf_value=-0.00056500928599308891 0.017588615910080839 -0.001906146900728345 0.011694398643705277 -0.00036411404609680174 0.025374901084148367 -0.0088492871388196129 0.010574922480689149 0.013175206679123931 -0.0039686134832356461 0.0021486713601402323 0.014294198937314146 -0.017803594111875796 0.0015561054294234741 0.013259240521717045
leaf_weight=12792 116 75 104 45 41 176 117 77 936 1325 158 63 988 222
leaf_count=12792 116 75 104 45 41 176 117 77 936 1325 158 63 988 222
internal_value=0.000158669 0.0100803 4.45615e-05 -3.03901e-05 0.0126268 -9.8701e-05 -3.73305e-06 -8.16382e-05 -0.00014754 8.36931e-05 0.00348635 -0.000276191 -0.000191002 0.00374902
internal_weight=17235 191 17044 16940 86 16854 16678 16561 16484 15548 1483 14065 14002 1210
internal_count=17235 191 17044 16940 86 16854 16678 16561 16484 15548 1483 14065 14002 1210
is_linear=0
shrinkage=0.05


Tree=127
num_leaves=15
num_cat=0
split_feature=88 189 3 392 1 333 351 277 39 105 191 23 195 321
split_gain=6.06804 8.83909 9.64629 6.92842 8.47847 6.15402 7.4279 6.31491 6.17707 18.1474 8.98908 6.957 7.05762 6.31663
threshold=1.0000000180025095e-35 1.0000000180025095e-35 0.30330000000000007 1.0000000180025095e-35 1.0000000180025095e-35 1.0000000180025095e-35 1.0000000180025095e-35 1.0000000180025095e-35 1.0000000180025095e-35 1.0000000180025095e-35 1.0000000180025095e-35 1.0000000180025095e-35 1.0000000180025095e-35 1.0000000180025095e-35
decision_type=2 2 2 2 2 2 2 2 2 2 2 2 2 2
left_child=1 3 -3 5 -5 6 7 8 11 10 -10 12 13 -1
right_child=-2 2 -4 4 -6 -7 -8 -9 9 -11 -12 -13 -14 -15
leaf_value=0.00040422512334568759 -0.0050424150203695834 -0.0031781449849517204 -0.030195796888004597 0.0033419308319675373 0.029202152642866842 -0.0078484369650983279 0.0096289821920941057 -0.012762421589499088 0.0016272805051115145 0.028956154666786249 0.022459428362479366 -0.0072886721473967228 -0.018696875467624826 0.011232595126699274
leaf_weight=13976 500 116 42 107 41 211 222 84 1299 63 49 292 43 131
leaf_count=13976 500 116 42 107 41 211 222 84 1299 63 49 292 43 131
internal_value=0.000357534 0.000520905 -0.011066 0.000635053 0.0112261 0.000535901 0.000647776 0.000519688 0.000594067 0.00374562 0.00246473 0.000284967 0.000443776 0.000508723
internal_weight=17176 16676 158 16518 148 16370 16159 15937 15853 1411 1348 14442 14150 14107
internal_count=17176 16676 158 16518 148 16370 16159 15937 15853 1411 1348 14442 14150 14107
is_linear=0
shrinkage=0.05


Tree=128
num_leaves=15
num_cat=0
split_feature=275 4 7 333 63 338 337 4 274 376 4 306 1 3
split_gain=6.0987 6.80508 5.64572 5.58167 5.6127 6.163 6.02488 5.78015 5.55981 5.4055 6.44097 6.06904 8.54307 8.52029
threshold=1.0000000180025095e-35 0.12825000000000003 1.0000000180025095e-35 1.0000000180025095e-35 1.0000000180025095e-35 1.0000000180025095e-35 1.0000000180025095e-35 0.6724500000000001 1.0000000180025095e-35 1.0000000180025095e-35 0.69335000000000013 1.0000000180025095e-35 1.0000000180025095e-35 -0.90909999999999991
decision_type=2 2 2 2 2 2 2 2 2 2 2 2 2 2
left_child=2 -2 3 4 5 6 8 -8 9 11 -11 -1 -13 -14
right_child=1 -3 -4 -5 -6 -7 7 -9 -10 10 -12 12 13 -15
leaf_value=-9.2748530572370703e-06 0.0023627717903053221 -0.021647064852109855 0.011189996830441737 -0.0082363604902364503 -0.0072226869743058676 0.012482821836719534 0.00042092105566273233 0.025537937670532203 0.010117907726177664 -0.0019999483173402648 0.024301827607714401 -0.0004231864393731913 -0.027272836551772525 -0.0065831206362200207
leaf_weight=15119 50 64 105 207 265 94 47 40 127 43 44 599 56 304
leaf_count=15119 50 64 105 207 265 94 47 40 127 43 44 599 56 304
internal_value=-0.000179712 -0.0114596 -0.000100955 -0.0001742 -7.20647e-05 4.51235e-05 -3.00448e-05 0.0127293 -0.000102065 -0.000185462 0.0118999 -0.000254536 -0.00410107 -0.010131
internal_weight=17164 114 17050 16945 16738 16473 16379 87 16292 16165 87 16078 959 360
internal_count=17164 114 17050 16945 16738 16473 16379 87 16292 16165 87 16078 959 360
is_linear=0
shrinkage=0.05


Tree=129
num_leaves=15
num_cat=0
split_feature=234 196 332 272 141 168 396 249 3 339 300 269 353 37
split_gain=8.4335 7.66464 6.90654 6.89287 6.54769 6.77514 6.42603 5.34288 6.99922 5.59729 5.4376 5.21475 5.8903 5.18313
threshold=1.0000000180025095e-35 1.0000000180025095e-35 1.0000000180025095e-35 1.0000000180025095e-35 1.0000000180025095e-35 1.0000000180025095e-35 1.0000000180025095e-35 1.0000000180025095e-35 -0.51969999999999994 1.0000000180025095e-35 1.0000000180025095e-35 1.0000000180025095e-35 1.0000000180025095e-35 1.0000000180025095e-35
decision_type=2 2 2 2 2 2 2 2 2 2 2 2 2 2
left_child=1 2 3 4 5 6 7 9 -9 10 11 12 13 -1
right_child=-2 -3 -4 -5 -6 -7 -8 8 -10 -11 -12 -13 -14 -15
leaf_value=-0.00015338752670512678 0.010266166425312154 -0.01471766999612252 -0.0089712129335600393 -0.01110140452856549 -0.01021047236220176 0.014822222002416473 0.012133938566097771 -0.025044714052068151 -0.0029988620222114321 0.0099139457039873133 -0.013090144872116164 0.0087025719827083358 0.015952295891876366 0.0058200472165950605
leaf_weight=15256 191 85 211 133 147 74 106 41 174 141 73 171 53 367
leaf_count=15256 191 85 211 133 147 74 106 41 174 141 73 171 53 367
internal_value=-4.63036e-05 -0.000164929 -8.76178e-05 2.70286e-05 0.000119489 0.000214839 0.000144353 6.25667e-05 -0.00767661 0.000168524 7.9125e-05 0.0001439 4.77931e-05 -1.12484e-05
internal_weight=17223 17032 16947 16736 16603 16456 16382 16276 215 16061 15920 15847 15676 15623
internal_count=17223 17032 16947 16736 16603 16456 16382 16276 215 16061 15920 15847 15676 15623
is_linear=0
shrinkage=0.05


Tree=130
num_leaves=15
num_cat=0
split_feature=386 356 107 162 337 35 3 2 172 224 353 137 1 243
split_gain=7.46248 6.67564 6.71801 6.11242 6.03694 5.92694 6.14093 5.40344 14.9479 10.9805 8.45499 8.44487 9.02223 15.9466
threshold=1.0000000180025095e-35 1.0000000180025095e-35 1.0000000180025095e-35 1.0000000180025095e-35 1.0000000180025095e-35 1.0000000180025095e-35 0.033250000000000009 1.0000000180025095e-35 1.0000000180025095e-35 1.0000000180025095e-35 1.0000000180025095e-35 1.0000000180025095e-35 1.0000000180025095e-35 1.0000000180025095e-35
decision_type=2 2 2 2 2 2 2 2 2 2 2 2 2 2
left_child=1 2 3 4 5 7 -7 8 9 10 11 12 -1 -14
right_child=-2 -3 -4 -5 -6 6 -8 -9 -10 -11 -12 -13 13 -15
leaf_value=0.0017835865525171462 0.014937189872225011 0.012862429982593772 0.013354053052240298 -0.01359751822267909 0.01272254508543522 0.021997157616480703 0.0010220925973425078 -0.0010562418628637235 0.025218877233865278 -0.019144044839610744 0.022356406644814544 0.020718724558201548 -0.0019497649855969854 0.023054437522704786
leaf_weight=5412 81 98 90 77 89 57 81 7579 57 65 40 47 3400 60
leaf_count=5412 81 98 90 77 89 57 81 7579 57 65 40 47 3400 60
internal_value=0.000245292 0.000171577 9.49012e-05 2.06426e-05 8.67441e-05 1.60306e-05 0.0101519 -7.09488e-05 0.000751505 0.000583077 0.000736802 0.00062737 0.000509325 -0.00148352
internal_weight=17233 17152 17054 16964 16887 16798 138 16660 9081 9024 8959 8919 8872 3460
internal_count=17233 17152 17054 16964 16887 16798 138 16660 9081 9024 8959 8919 8872 3460
is_linear=0
shrinkage=0.05


Tree=131
num_leaves=15
num_cat=0
split_feature=274 339 107 342 267 401 137 252 199 336 3 299 292 178
split_gain=7.35903 6.79906 6.00034 5.76811 5.6111 5.61332 5.5929 5.73387 6.57956 6.01322 5.9125 5.58415 5.32888 6.26472
threshold=1.0000000180025095e-35 1.0000000180025095e-35 1.0000000180025095e-35 1.0000000180025095e-35 1.0000000180025095e-35 1.0000000180025095e-35 1.0000000180025095e-35 1.0000000180025095e-35 1.0000000180025095e-35 1.0000000180025095e-35 0.046450000000000005 1.0000000180025095e-35 1.0000000180025095e-35 1.0000000180025095e-35
decision_type=2 2 2 2 2 2 2 2 2 2 2 2 2 2
left_child=1 2 3 4 5 6 7 8 9 11 -10 12 13 -1
right_child=-2 -3 -4 -5 -6 -7 -8 -9 10 -11 -12 -13 -14 -15
leaf_value=-2.6087533518994069e-06 0.011468230396316483 0.010415237012784928 0.013310956951121198 0.013221850264363172 -0.012810431725107308 -0.0083323988881893463 0.010895216744784423 0.0082452253477523132 -0.0013712706773177437 -0.010755417032580459 0.023459788160315451 -0.013094133332019626 0.0083555394366873984 -0.009160879926470222
leaf_weight=15549 140 155 80 77 81 195 114 204 41 128 51 77 183 184
leaf_count=15549 140 155 80 77 81 195 114 204 41 128 51 77 183 184
internal_value=0.0002515 0.000156447 5.96716e-05 -7.03792e-06 -7.15593e-05 -6.0581e-06 9.46494e-05 1.63556e-05 -8.96942e-05 -0.000167762 0.0128935 -7.96887e-05 -1.26337e-05 -0.000112593
internal_weight=17259 17119 16964 16884 16807 16726 16531 16417 16213 16121 92 15993 15916 15733
internal_count=17259 17119 16964 16884 16807 16726 16531 16417 16213 16121 92 15993 15916 15733
is_linear=0
shrinkage=0.05


Tree=132
num_leaves=15
num_cat=0
split_feature=26 144 2 4 352 4 4 186 209 4 4 386 188 109
split_gain=7.0258 7.15878 14.4296 6.56084 6.52716 8.69285 8.86823 6.04944 5.46458 7.59652 5.39245 5.06948 6.8753 5.11728
threshold=1.0000000180025095e-35 1.0000000180025095e-35 1.0000000180025095e-35 0.73385000000000011 1.0000000180025095e-35 0.91055000000000008 0.87795000000000012 1.0000000180025095e-35 1.0000000180025095e-35 0.14045000000000005 0.87795000000000012 1.0000000180025095e-35 1.0000000180025095e-35 1.0000000180025095e-35
decision_type=2 2 2 2 2 2 2 2 2 2 2 2 2 2
left_child=1 4 3 -3 7 6 -6 8 11 -10 -9 12 13 -1
right_child=-2 2 -4 -5 5 -7 -8 10 9 -11 -12 -13 -14 -15
leaf_value=0.00050563627721403705 -0.0086952296941523888 0.0085531083510277123 -0.010067653119564056 0.037389665335002875 0.0015102860923375816 -0.0044363961487277588 0.027596042804324473 -0.0027175589276838205 0.0030542025127215312 -0.018056799042050875 -0.023597775376877007 0.012191924790644813 -0.0079359658572822813 -0.0088665326045141834
leaf_weight=15930 211 42 45 40 57 74 73 88 75 90 44 85 245 142
leaf_count=15930 211 42 45 40 57 74 73 88 75 90 44 85 245 142
internal_value=0.000265903 0.00037945 0.0119784 0.0239601 0.000288786 0.00907011 0.016638 0.000178827 0.000265276 -0.00865329 -0.0102848 0.000357604 0.00029224 0.000420099
internal_weight=17241 17030 127 82 16903 204 130 16699 16567 165 132 16402 16317 16072
internal_count=17241 17030 127 82 16903 204 130 16699 16567 165 132 16402 16317 16072
is_linear=0
shrinkage=0.05


Tree=133
num_leaves=15
num_cat=0
split_feature=267 109 339 11 177 293 3 168 3 332 4 396 1 190
split_gain=6.17044 6.6196 8.92551 6.91027 5.98118 7.02628 9.23491 6.39291 8.26821 6.07545 5.59853 5.57308 8.92437 4.8856
threshold=1.0000000180025095e-35 1.0000000180025095e-35 1.0000000180025095e-35 1.0000000180025095e-35 1.0000000180025095e-35 1.0000000180025095e-35 0.30330000000000007 1.0000000180025095e-35 0.10175000000000002 1.0000000180025095e-35 0.42545000000000005 1.0000000180025095e-35 1.0000000180025095e-35 1.0000000180025095e-35
decision_type=2 2 2 2 2 2 2 2 2 2 2 2 2 2
left_child=1 2 3 4 5 7 -7 9 -9 11 -11 13 -13 -1
right_child=-2 -3 -4 -5 -6 6 -8 8 -10 10 -12 12 -14 -15
leaf_value=0.0002781451868258342 -0.013208288448818384 -0.010152634566593162 0.013888265103162304 -0.013935589523143358 -0.010682171337927381 0.028962121002376079 -0.00078803031089699879 -0.0017904145603484297 0.028856211503346763 0.0015253375207616405 -0.015079238281146554 0.023929235491428585 -0.0051188047008812049 0.0064896561410105087
leaf_weight=15938 79 143 118 79 115 45 54 42 40 86 116 58 43 318
leaf_count=15938 79 143 118 79 115 45 54 42 40 86 116 58 43 318
internal_value=0.000310573 0.000376505 0.000467754 0.000370165 0.00044133 0.000520912 0.013477 0.000439809 0.0139584 0.000368672 -0.00814387 0.000476254 0.0119041 0.000401613
internal_weight=17274 17195 17052 16934 16855 16740 99 16641 82 16559 202 16357 101 16256
internal_count=17274 17195 17052 16934 16855 16740 99 16641 82 16559 202 16357 101 16256
is_linear=0
shrinkage=0.05


Tree=134
num_leaves=15
num_cat=0
split_feature=3 37 214 79 147 56 174 16 4 146 18 249 292 127
split_gain=7.2766 14.2836 13.5598 9.91953 8.33931 7.65562 7.54186 6.58666 6.1019 5.59117 5.62191 5.51421 5.44461 5.62449
threshold=-0.036649999999999995 1.0000000180025095e-35 1.0000000180025095e-35 1.0000000180025095e-35 1.0000000180025095e-35 1.0000000180025095e-35 1.0000000180025095e-35 1.0000000180025095e-35 0.0055500000000000002 1.0000000180025095e-35 1.0000000180025095e-35 1.0000000180025095e-35 1.0000000180025095e-35 1.0000000180025095e-35
decision_type=2 2 2 2 2 2 2 2 2 2 2 2 2 2
left_child=1 2 3 4 5 6 7 11 -2 10 12 -1 13 -10
right_child=8 -3 -4 -5 -6 -7 -8 -9 9 -11 -12 -13 -14 -15
leaf_value=0.00061486452204398455 0.0042159633025557874 0.024789987926316613 0.027296443604955485 0.024689898118376734 0.012680727978832332 0.019862545898878106 0.020479663062597749 -0.016186148163740387 -0.0010139486621176092 0.0086789970227982849 0.012241174903956343 -0.015631271666794452 0.0082612126071486009 0.014732144302034981
leaf_weight=3605 687 63 46 40 144 46 41 56 11976 155 78 48 158 52
leaf_count=3605 687 63 46 40 144 46 41 56 11976 155 78 48 158 52
internal_value=0.000220785 0.00206087 0.00167489 0.00134489 0.00107689 0.000620601 0.000358432 0.000108737 -0.000353879 -0.00060827 -0.000729138 0.000380318 -0.000817145 -0.000939781
internal_weight=17195 4089 4026 3980 3940 3796 3750 3709 13106 12419 12264 3653 12186 12028
internal_count=17195 4089 4026 3980 3940 3796 3750 3709 13106 12419 12264 3653 12186 12028
is_linear=0
shrinkage=0.05


Tree=135
num_leaves=15
num_cat=0
split_feature=141 199 290 292 2 144 4 276 120 120 191 6 0 333
split_gain=6.61553 6.17043 5.76105 5.82366 5.86395 5.46213 7.57062 5.3069 18.1075 10.0938 5.98329 6.6431 5.03262 4.92844
threshold=1.0000000180025095e-35 1.0000000180025095e-35 1.0000000180025095e-35 1.0000000180025095e-35 1.0000000180025095e-35 1.0000000180025095e-35 0.22165000000000004 1.0000000180025095e-35 1.0000000180025095e-35 1.0000000180025095e-35 1.0000000180025095e-35 10.500000000000002 0.87500000000000011 1.0000000180025095e-35
decision_type=2 2 2 2 2 2 2 2 2 2 2 2 2 2
left_child=1 2 3 5 -5 7 -7 9 10 13 11 -9 -3 -1
right_child=-2 12 -4 4 -6 6 -8 8 -10 -11 -12 -13 -14 -15
leaf_value=0.00014147808989915364 -0.010021315665587529 0.024876085595916149 -0.0098986649370827063 0.017515786130432833 -0.000314045548541369 -0.006310450836188264 0.019589818559768726 0.0043070014348912909 0.033476995296465854 -0.023170508515644582 0.017022722444380634 -0.0034985263757974015 0.0026411062783490008 -0.0076263826358714711
leaf_weight=15068 149 41 132 94 86 40 77 702 43 42 59 439 60 202
leaf_count=15068 149 41 132 94 86 40 77 702 43 42 59 439 60 202
internal_value=0.000295686 0.000388567 0.000313417 0.00039632 0.00921884 0.000298331 0.0108393 0.000220584 0.00335581 -3.494e-05 0.00214204 0.00130166 0.0124148 3.62578e-05
internal_weight=17234 17085 16984 16852 180 16672 117 16555 1243 15312 1200 1141 101 15270
internal_count=17234 17085 16984 16852 180 16672 117 16555 1243 15312 1200 1141 101 15270
is_linear=0
shrinkage=0.05


Tree=136
num_leaves=15
num_cat=0
split_feature=127 18 80 406 41 85 376 252 210 0 338 362 4 4
split_gain=6.9345 6.89687 6.56037 6.13147 6.39229 7.04292 6.92219 5.72282 5.81349 10.314 6.84295 4.71318 5.57579 4.70325
threshold=1.0000000180025095e-35 1.0000000180025095e-35 1.0000000180025095e-35 1.0000000180025095e-35 1.0000000180025095e-35 1.0000000180025095e-35 1.0000000180025095e-35 1.0000000180025095e-35 1.0000000180025095e-35 0.58333333333333337 1.0000000180025095e-35 1.0000000180025095e-35 0.038550000000000008 0.69335000000000013
decision_type=2 2 2 2 2 2 2 2 2 2 2 2 2 2
left_child=1 2 3 4 5 6 7 8 10 -10 11 -1 -13 -8
right_child=-2 -3 -4 -5 -6 -7 13 -9 9 -11 -12 12 -14 -15
leaf_value=-0.0005206347648410237 0.013171594380853175 0.012582188328572861 0.013394205199564685 0.012289107627797835 0.010174392174855369 -0.012886504341710221 0.0011051617976691988 0.0084767532130200912 -0.01069943276333048 0.017439817343256437 0.013181637161441388 -0.0058900968433590606 0.011699440194762411 0.024464615628433727
leaf_weight=15930 98 106 87 96 146 103 40 185 42 107 88 59 156 43
leaf_count=15930 98 106 87 96 146 103 40 185 42 107 88 59 156 43
internal_value=0.000236688 0.000159129 7.83801e-05 6.29498e-06 -6.70957e-05 -0.000159358 -7.67803e-05 -0.000151026 -0.000251016 0.00941809 -0.000342639 -0.000420413 0.00684838 0.0139095
internal_weight=17286 17188 17082 16995 16899 16753 16650 16567 16382 149 16233 16145 215 83
internal_count=17286 17188 17082 16995 16899 16753 16650 16567 16382 149 16233 16145 215 83
is_linear=0
shrinkage=0.05


Tree=137
num_leaves=15
num_cat=0
split_feature=396 1 63 31 3 404 308 3 4 352 4 292 77 124
split_gain=9.13928 5.71072 4.99392 5.27797 4.87461 9.20689 8.18766 11.8879 11.2245 8.03269 7.46528 5.80825 5.49391 4.64831
threshold=1.0000000180025095e-35 1.0000000180025095e-35 1.0000000180025095e-35 1.0000000180025095e-35 0.91825000000000012 1.0000000180025095e-35 1.0000000180025095e-35 0.91985000000000017 0.92505000000000015 1.0000000180025095e-35 0.87795000000000012 1.0000000180025095e-35 1.0000000180025095e-35 1.0000000180025095e-35
decision_type=2 2 2 2 2 2 2 2 2 2 2 2 2 2
left_child=2 -2 3 4 9 6 7 -6 -8 11 -11 12 13 -1
right_child=1 -3 -4 -5 5 -7 8 -9 -10 10 -12 -13 -14 -15
leaf_value=-0.00018605664124314624 0.022102572459324794 -0.0010382445741687781 -0.0070439630569276088 -0.0094405901146593033 -0.021129969190870828 0.0083598261061567994 0.022993683692766356 -0.0037856185262843214 -0.0051584191505371791 -0.0029453132767230275 0.019621941594406965 0.0089235600615331905 -0.0096082327924668798 0.0040777130427495784
leaf_weight=13907 69 41 268 149 103 163 59 1219 76 56 95 176 145 665
leaf_count=13907 69 41 268 149 103 163 59 1219 76 56 95 176 145 665
internal_value=-0.000241122 0.0138072 -0.000335606 -0.000226612 -0.000141419 -0.00274303 -0.00400949 -0.00521148 0.00752688 0.000139551 0.0114265 2.13168e-05 -8.81393e-05 9.85441e-06
internal_weight=17191 110 17081 16813 16664 1620 1457 1322 135 15044 151 14893 14717 14572
internal_count=17191 110 17081 16813 16664 1620 1457 1322 135 15044 151 14893 14717 14572
is_linear=0
shrinkage=0.05


Tree=138
num_leaves=15
num_cat=0
split_feature=335 338 279 144 47 275 386 369 292 244 345 2 263 52
split_gain=6.28213 6.03813 6.90436 6.00202 5.26952 5.16792 4.9344 4.77111 4.74002 4.8805 4.60703 4.41213 4.37784 4.49133
threshold=1.0000000180025095e-35 1.0000000180025095e-35 1.0000000180025095e-35 1.0000000180025095e-35 1.0000000180025095e-35 1.0000000180025095e-35 1.0000000180025095e-35 1.0000000180025095e-35 1.0000000180025095e-35 1.0000000180025095e-35 1.0000000180025095e-35 1.0000000180025095e-35 1.0000000180025095e-35 1.0000000180025095e-35
decision_type=2 2 2 2 2 2 2 2 2 2 2 2 2 2
left_child=1 3 -3 4 5 6 7 8 9 10 12 -5 13 -1
right_child=-2 2 -4 11 -6 -7 -8 -9 -10 -11 -12 -13 -14 -15
leaf_value=-0.00017350242789235725 0.013483176530035361 0.02665054715521958 5.2664995912397115e-05 0.016830895776334016 -0.01100186831533426 -0.010578689525167632 0.011336746305103737 0.0056446139310395212 0.0078479120428574852 -0.0072293489675936745 -0.01106669082767033 -0.0014835415103218773 0.0056140399587389393 0.0085789139308601724
leaf_weight=15221 84 41 52 87 103 108 93 372 183 234 89 50 339 143
leaf_count=15221 84 41 52 87 103 108 93 372 183 234 89 50 339 143
internal_value=0.000233532 0.000164585 0.0125401 9.33083e-05 7.218e-06 7.80434e-05 0.000150219 8.40772e-05 -4.52396e-05 -0.000137791 -3.04556e-05 0.0103299 3.55972e-05 -8.92751e-05
internal_weight=17199 17115 93 17022 16885 16782 16674 16581 16209 16026 15792 137 15703 15364
internal_count=17199 17115 93 17022 16885 16782 16674 16581 16209 16026 15792 137 15703 15364
is_linear=0
shrinkage=0.05


Tree=139
num_leaves=15
num_cat=0
split_feature=186 269 6 304 406 216 2 35 80 312 335 339 172 190
split_gain=6.73117 6.03149 8.54017 6.07595 5.83306 5.83386 7.51451 5.9523 5.80562 5.48191 5.5981 5.30434 8.56586 4.97412
threshold=1.0000000180025095e-35 1.0000000180025095e-35 12.500000000000002 1.0000000180025095e-35 1.0000000180025095e-35 1.0000000180025095e-35 1.0000000180025095e-35 1.0000000180025095e-35 1.0000000180025095e-35 1.0000000180025095e-35 1.0000000180025095e-35 1.0000000180025095e-35 1.0000000180025095e-35 1.0000000180025095e-35
decision_type=2 2 2 2 2 2 2 2 2 2 2 2 2 2
left_child=1 4 3 -3 5 7 -7 8 9 10 11 13 -13 -1
right_child=-2 2 -4 -5 -6 6 -8 -9 -10 -11 -12 12 -14 -15
leaf_value=-0.00040907373665498504 -0.010754895865122651 0.0075363605822387492 -0.0046692478100526826 0.031626503826017775 0.012665025419438869 0.016996290238557366 -0.0037845350550235928 0.01065862838043208 0.012983319497420397 -0.0061936718732647665 0.012515775542492155 -0.0027929623587391317 0.021099067922681569 0.0062681491171914933
leaf_weight=15587 138 71 68 41 86 106 69 122 78 377 82 73 70 279
leaf_count=15587 138 71 68 41 86 106 69 122 78 377 82 73 70 279
internal_value=4.80196e-05 0.000138272 0.00911745 0.0173298 4.01356e-05 -2.80663e-05 0.00892518 -0.000124716 -0.000207422 -0.000273821 -0.000133243 -0.00020192 0.00922013 -0.000289719
internal_weight=17247 17109 180 112 16929 16843 175 16668 16546 16468 16091 16009 143 15866
internal_count=17247 17109 180 112 16929 16843 175 16668 16546 16468 16091 16009 143 15866
is_linear=0
shrinkage=0.05


Tree=140
num_leaves=15
num_cat=0
split_feature=352 85 281 386 262 73 275 4 332 389 220 60 396 196
split_gain=6.46328 6.29372 5.81836 5.75561 5.31643 5.6829 5.00571 6.92725 4.89254 4.81836 5.07358 4.91125 4.62849 4.539
threshold=1.0000000180025095e-35 1.0000000180025095e-35 1.0000000180025095e-35 1.0000000180025095e-35 1.0000000180025095e-35 1.0000000180025095e-35 1.0000000180025095e-35 0.12825000000000003 1.0000000180025095e-35 1.0000000180025095e-35 1.0000000180025095e-35 1.0000000180025095e-35 1.0000000180025095e-35 1.0000000180025095e-35
decision_type=2 2 2 2 2 2 2 2 2 2 2 2 2 2
left_child=1 2 3 4 5 6 8 -8 9 10 11 12 13 -1
right_child=-2 -3 -4 -5 -6 -7 7 -9 -10 -11 -12 -13 -14 -15
leaf_value=0.000479117919779641 0.0087824893046424476 -0.011656579845086007 -0.011912637314169992 0.013856754049611016 0.012500155436547093 0.011829411583200384 0.0040175952219956177 -0.020075834205400357 -0.0078194355577348718 -0.011076750542207432 -0.010618477220691386 -0.0096273326707526675 0.010998501550280848 -0.010781979041381015
leaf_weight=15769 215 107 93 73 83 99 49 66 184 88 100 116 99 85
leaf_count=15769 215 107 93 73 83 99 49 66 184 88 100 116 99 85
internal_value=0.000267254 0.000157082 0.000235285 0.000306011 0.000242791 0.000177973 0.000104751 -0.0100703 0.000178962 0.000271866 0.000337036 0.000408496 0.000484464 0.000415362
internal_weight=17226 17011 16904 16811 16738 16655 16556 115 16441 16257 16169 16069 15953 15854
internal_count=17226 17011 16904 16811 16738 16655 16556 115 16441 16257 16169 16069 15953 15854
is_linear=0
shrinkage=0.05


Tree=141
num_leaves=15
num_cat=0
split_feature=223 227 154 3 124 18 3 6 406 152 3 3 24 41
split_gain=5.10449 5.07579 5.27261 11.7541 5.37566 5.46641 5.18534 6.94841 5.09272 5.67148 7.51427 9.35386 6.08668 6.1841
threshold=1.0000000180025095e-35 1.0000000180025095e-35 1.0000000180025095e-35 0.88985000000000014 1.0000000180025095e-35 1.0000000180025095e-35 -0.028849999999999997 11.500000000000002 1.0000000180025095e-35 1.0000000180025095e-35 -0.41179999999999994 0.23340000000000002 1.0000000180025095e-35 1.0000000180025095e-35
decision_type=2 2 2 2 2 2 2 2 2 2 2 2 2 2
left_child=1 2 4 -4 5 8 7 -6 9 12 -11 -12 13 -1
right_child=-2 -3 3 -5 6 -7 -8 -9 -10 10 11 -13 -14 -15
leaf_value=-0.00090643161144812019 -0.010503937310925922 0.011336406033735761 -0.0013248764230895825 0.017704540930660161 0.022053692576009781 0.010868597310036421 0.0020045570679751603 -0.0022733354289084674 0.011611583899858214 0.021363865674487247 -0.0065368731898304668 0.020178223719172505 0.0070091107170954948 0.011447126617399501
leaf_weight=15366 113 92 209 127 75 101 612 45 81 62 109 41 247 97
leaf_count=15366 113 92 209 127 75 101 612 45 81 62 109 41 247 97
internal_value=-0.000139957 -6.90989e-05 -0.000133487 0.00602192 -0.000258083 -0.000449054 0.00391783 0.013205 -0.000523856 -0.000589219 0.00743951 0.00118061 -0.000699895 -0.000825262
internal_weight=17377 17264 17172 336 16836 16104 732 120 16003 15922 212 150 15710 15463
internal_count=17377 17264 17172 336 16836 16104 732 120 16003 15922 212 150 15710 15463
is_linear=0
shrinkage=0.05


Tree=142
num_leaves=15
num_cat=0
split_feature=17 4 209 52 47 330 267 129 4 6 152 4 24 125
split_gain=5.99878 6.56529 5.46423 5.75977 5.09928 4.93444 4.37012 4.53627 8.78049 5.7785 9.97365 8.95292 7.73339 7.65209
threshold=1.0000000180025095e-35 0.12365000000000002 1.0000000180025095e-35 1.0000000180025095e-35 1.0000000180025095e-35 1.0000000180025095e-35 1.0000000180025095e-35 1.0000000180025095e-35 0.025150000000000002 13.500000000000002 1.0000000180025095e-35 0.25420000000000004 1.0000000180025095e-35 1.0000000180025095e-35
decision_type=2 2 2 2 2 2 2 2 2 2 2 2 2 2
left_child=2 -2 3 4 5 6 7 9 -9 10 12 -12 -1 -11
right_child=1 -3 -4 -5 -6 -7 -8 8 -10 13 11 -13 -14 -15
leaf_value=0.00048389928289344823 0.0019183264359493146 -0.02234532635231487 -0.008358120694158172 0.010145840185404514 -0.010345177329774644 -0.011609240577501409 -0.010773459923735192 -0.011483418393052287 0.013907017865243225 -0.0030683899965020904 -0.0014328155765366375 0.02305324825636567 0.01050924464296072 0.013952951626329131
leaf_weight=14299 50 56 174 146 106 80 81 40 144 1582 61 89 190 64
leaf_count=14299 50 56 174 146 106 80 81 40 144 1582 61 89 190 64
internal_value=0.000256818 -0.0113293 0.000332123 0.00042414 0.000336326 0.000407499 0.000469075 0.000527622 0.00822959 0.0004381 0.000754127 0.0133706 0.000618946 -0.00236631
internal_weight=17162 106 17056 16882 16736 16630 16550 16469 184 16285 14639 150 14489 1646
internal_count=17162 106 17056 16882 16736 16630 16550 16469 184 16285 14639 150 14489 1646
is_linear=0
shrinkage=0.05


Tree=143
num_leaves=15
num_cat=0
split_feature=351 3 231 359 168 80 154 3 385 3 84 356 273 159
split_gain=6.55294 7.49911 6.42259 7.2228 6.04188 6.07431 5.61203 14.2199 5.97852 6.10343 5.11173 4.74264 4.61781 4.48126
threshold=1.0000000180025095e-35 0.87355000000000016 1.0000000180025095e-35 1.0000000180025095e-35 1.0000000180025095e-35 1.0000000180025095e-35 1.0000000180025095e-35 0.80505000000000015 1.0000000180025095e-35 -0.8587499999999999 1.0000000180025095e-35 1.0000000180025095e-35 1.0000000180025095e-35 1.0000000180025095e-35
decision_type=2 2 2 2 2 2 2 2 2 2 2 2 2 2
left_child=2 -2 4 -4 5 6 8 -8 10 -10 11 12 -1 -9
right_child=1 -3 3 -5 -6 -7 7 13 9 -11 -12 -13 -14 -15
leaf_value=-0.0003759701838956493 0.017216794067544155 0.00070553739914404497 0.0047850102351350322 -0.012590090264926175 0.013618631793651732 0.01325612142460332 -0.0055223604638336438 0.0094009895606206803 0.022762622538391713 0.0029326038968980695 -0.0094116460019133142 0.010321488126533704 -0.011433618586314353 0.02671154977813844
leaf_weight=15597 111 170 81 202 75 79 139 119 48 152 153 98 90 57
leaf_count=15597 111 170 81 202 75 79 139 119 48 152 153 98 90 57
internal_value=-9.04498e-05 0.00741475 -0.000217472 -0.00762027 -8.90649e-05 -0.000155351 -0.000223754 0.00633318 -0.000353662 0.00813092 -0.000462649 -0.000372955 -0.000443033 0.0155903
internal_weight=17171 281 16890 283 16607 16532 16453 315 16138 200 15938 15785 15687 176
internal_count=17171 281 16890 283 16607 16532 16453 315 16138 200 15938 15785 15687 176
is_linear=0
shrinkage=0.05


Tree=144
num_leaves=15
num_cat=0
split_feature=209 290 269 4 4 137 77 6 80 4 68 4 88 18
split_gain=7.39235 6.71052 6.1771 6.39974 5.89772 5.84689 5.35037 5.53761 5.56449 5.50304 5.42027 5.5302 5.12787 5.7712
threshold=1.0000000180025095e-35 1.0000000180025095e-35 1.0000000180025095e-35 0.54905000000000015 0.12825000000000003 1.0000000180025095e-35 1.0000000180025095e-35 14.500000000000002 1.0000000180025095e-35 0.28445000000000004 1.0000000180025095e-35 0.57525000000000015 1.0000000180025095e-35 1.0000000180025095e-35
decision_type=2 2 2 2 2 2 2 2 2 2 2 2 2 2
left_child=1 2 5 -4 -2 6 7 8 10 -9 12 -12 13 -1
right_child=4 -3 3 -5 -6 -7 -8 9 -10 -11 11 -13 -14 -15
leaf_value=0.00065431880171818455 0.0018581722095306662 -0.010516723516026689 -0.0059741175715245457 0.015005377310195141 -0.016509230882688627 0.011983288528228348 -0.0087697569387638653 0.00038749740163597935 0.013884386690333487 -0.0072564673071643443 0.0012056752761944812 0.019709001094258081 -0.0047927091549505264 0.015255340490051929
leaf_weight=14793 69 132 46 135 110 105 152 499 75 440 89 70 429 63
leaf_count=14793 69 132 46 135 110 105 152 499 75 440 89 70 429 63
internal_value=0.000397624 0.000505193 0.000594388 0.00965631 -0.00957096 0.000493402 0.000417184 0.000504669 0.000730623 -0.0032138 0.000662272 0.00970432 0.000565071 0.000721349
internal_weight=17207 17028 16896 181 179 16715 16610 16458 15519 939 15444 159 15285 14856
internal_count=17207 17028 16896 181 179 16715 16610 16458 15519 939 15444 159 15285 14856
is_linear=0
shrinkage=0.05


Tree=145
num_leaves=15
num_cat=0
split_feature=201 168 352 156 3 127 4 249 3 339 172 300 35 3
split_gain=7.42397 5.56081 5.19452 5.84692 5.0249 4.68048 4.5066 4.45429 4.59957 4.43626 5.39095 4.59576 4.33523 6.6888
threshold=1.0000000180025095e-35 1.0000000180025095e-35 1.0000000180025095e-35 1.0000000180025095e-35 0.91585000000000016 1.0000000180025095e-35 0.87795000000000012 1.0000000180025095e-35 -0.51969999999999994 1.0000000180025095e-35 1.0000000180025095e-35 1.0000000180025095e-35 1.0000000180025095e-35 0.10175000000000002
decision_type=2 2 2 2 2 2 2 2 2 2 2 2 2 2
left_child=1 2 3 5 6 7 -4 9 -9 11 -11 12 -1 -14
right_child=-2 -3 4 -5 -6 -7 -8 8 -10 10 -12 -13 13 -15
leaf_value=-8.2795526831215842e-05 -0.0132571651948417 0.013196239418282017 0.00069638184375233128 0.012687905267863484 -0.0038328628944089786 0.010259605342077769 0.019405309292778838 -0.021259201464810126 -0.0033299966691077553 -0.0016539249582294847 0.01764760005932588 -0.012337711163012214 0.021033022864187352 -0.0027890334464609626
leaf_weight=16145 98 77 49 86 60 105 91 41 173 66 73 71 56 55
leaf_count=16145 98 77 49 86 60 105 91 41 173 66 73 71 56 55
internal_value=0.000126394 0.000206722 0.000144285 4.81415e-05 0.0080555 -2.0379e-05 0.013107 -8.81462e-05 -0.00717198 6.0678e-06 0.00874364 -7.09736e-05 -1.362e-05 0.00961787
internal_weight=17246 17148 17071 16871 200 16785 140 16680 214 16466 139 16327 16256 111
internal_count=17246 17148 17071 16871 200 16785 140 16680 214 16466 139 16327 16256 111
is_linear=0
shrinkage=0.05


Tree=146
num_leaves=15
num_cat=0
split_feature=92 6 119 152 17 203 0 56 120 339 310 24 21 73
split_gain=4.73773 4.92561 7.00086 6.83549 6.0798 5.8871 5.81334 6.88525 5.49101 5.00363 6.18568 5.65541 5.24664 4.82594
threshold=1.0000000180025095e-35 12.500000000000002 1.0000000180025095e-35 1.0000000180025095e-35 1.0000000180025095e-35 1.0000000180025095e-35 0.58333333333333337 1.0000000180025095e-35 1.0000000180025095e-35 1.0000000180025095e-35 1.0000000180025095e-35 1.0000000180025095e-35 1.0000000180025095e-35 1.0000000180025095e-35
decision_type=2 2 2 2 2 2 2 2 2 2 2 2 2 2
left_child=1 3 6 4 5 8 7 -3 9 10 11 12 13 -1
right_child=-2 2 -4 -5 -6 -7 -8 -9 -10 -11 -12 -13 -14 -15
leaf_value=-0.00028296496536605275 -0.0078576129806251869 0.0051632477433858105 -0.012610747629198536 0.012146961514658647 -0.013937740315993628 0.01254839287424574 -0.0024708273314438061 -0.013218251615762712 0.014638273468749088 0.010221863258630039 0.013538798531962505 0.0086679970465039693 0.0093167817889878608 0.012696908759082566
leaf_weight=13305 190 489 140 117 70 93 2208 52 61 118 80 181 141 67
leaf_count=13305 190 489 140 117 70 93 2208 52 61 118 80 181 141 67
internal_value=-0.000108019 -1.97542e-05 -0.00190024 0.000362478 0.000260537 0.00033623 -0.00133287 0.00329158 0.000250367 0.000181946 9.2257e-05 8.78979e-06 -0.000110359 -0.000213208
internal_weight=17312 17122 2889 14233 14116 14046 2749 541 13953 13892 13774 13694 13513 13372
internal_count=17312 17122 2889 14233 14116 14046 2749 541 13953 13892 13774 13694 13513 13372
is_linear=0
shrinkage=0.05


Tree=147
num_leaves=15
num_cat=0
split_feature=220 85 7 4 337 339 172 11 163 385 308 6 6 1
split_gain=6.21173 6.19078 5.46497 6.7652 5.34577 4.87132 5.86129 4.998 4.56108 4.35222 4.33169 7.6563 5.49339 4.72022
threshold=1.0000000180025095e-35 1.0000000180025095e-35 1.0000000180025095e-35 0.61220000000000008 1.0000000180025095e-35 1.0000000180025095e-35 1.0000000180025095e-35 1.0000000180025095e-35 1.0000000180025095e-35 1.0000000180025095e-35 1.0000000180025095e-35 9.5000000000000018 11.500000000000002 1.0000000180025095e-35
decision_type=2 2 2 2 2 2 2 2 2 2 2 2 2 2
left_child=1 2 4 -4 5 7 -7 8 9 10 -1 13 -13 -12
right_child=-2 -3 3 -5 -6 6 -8 -9 -10 -11 11 12 -14 -15
leaf_value=0.00018638017524107365 -0.011816026060618103 -0.011437581678523486 -3.5064488713657347e-05 0.024051519845697016 0.012876782739578291 -0.00075923480172024435 0.018283529873623187 -0.012251934697969428 -0.011064278364352797 0.0076726286480312839 0.0030130539723831123 0.019132029754912544 0.0037410378104119793 -0.013003761061968711
leaf_weight=15876 99 104 62 50 81 78 78 74 82 199 153 111 122 60
leaf_count=15876 99 104 62 50 81 78 78 74 82 199 153 111 122 60
internal_value=0.000367106 0.000440944 0.000516838 0.0112862 0.000442212 0.000378571 0.00903426 0.000294921 0.000354514 0.00041452 0.000323706 0.00515575 0.0113211 -0.0016935
internal_weight=17229 17130 17026 112 16914 16833 156 16677 16603 16521 16322 446 233 213
internal_count=17229 17130 17026 112 16914 16833 156 16677 16603 16521 16322 446 233 213
is_linear=0
shrinkage=0.05


Tree=148
num_leaves=15
num_cat=0
split_feature=243 2 4 332 292 4 287 52 3 18 77 151 1 309
split_gain=6.22836 20.2347 12.6203 5.92191 5.66709 6.2125 6.00161 5.80417 8.52943 5.65988 5.07948 4.81494 6.13855 4.92902
threshold=1.0000000180025095e-35 1.0000000180025095e-35 0.11485000000000002 1.0000000180025095e-35 1.0000000180025095e-35 0.64665000000000006 1.0000000180025095e-35 1.0000000180025095e-35 0.77855000000000008 1.0000000180025095e-35 1.0000000180025095e-35 1.0000000180025095e-35 1.0000000180025095e-35 1.0000000180025095e-35
decision_type=2 2 2 2 2 2 2 2 2 2 2 2 2 2
left_child=3 2 -2 4 6 -6 7 9 -9 10 11 13 -13 -1
right_child=1 -3 -4 -5 5 -7 -8 8 -10 -11 -12 12 -14 -15
leaf_value=-0.00043062080774989783 -0.0054386941012409002 -0.018659886467617518 0.0268042252527191 -0.008607200029933558 -0.0026466770781369154 0.015706960355433133 -0.013628466256962317 0.0017978239089383613 0.027637756146166637 0.011761148288996534 -0.0091805171067262919 0.015989880339132952 -0.0032827453571371737 0.0036196013683411944
leaf_weight=15288 40 46 104 199 74 112 77 107 41 94 152 97 67 785
leaf_count=15288 40 46 104 199 74 112 77 107 41 94 152 97 67 785
internal_value=-3.78988e-05 0.00884751 0.0179659 -0.000139224 -3.69602e-05 0.00852684 -0.000134818 -6.82666e-05 0.00962544 -0.000158198 -0.000230129 -0.000143541 0.00825213 -0.000231745
internal_weight=17283 190 144 17093 16894 186 16708 16631 148 16483 16389 16237 164 16073
internal_count=17283 190 144 17093 16894 186 16708 16631 148 16483 16389 16237 164 16073
is_linear=0
shrinkage=0.05


Tree=149
num_leaves=15
num_cat=0
split_feature=227 80 6 156 231 0 244 4 269 158 4 124 5 351
split_gain=6.35696 6.23033 6.179 5.83566 5.63562 6.87861 5.46696 8.69088 7.28874 5.83223 6.71644 5.40542 11.5013 5.42129
threshold=1.0000000180025095e-35 1.0000000180025095e-35 11.500000000000002 1.0000000180025095e-35 1.0000000180025095e-35 0.41666666666666669 1.0000000180025095e-35 0.87795000000000012 1.0000000180025095e-35 1.0000000180025095e-35 0.83915000000000006 1.0000000180025095e-35 1.0000000180025095e-35 1.0000000180025095e-35
decision_type=2 2 2 2 2 2 2 2 2 2 2 2 2 2
left_child=1 3 -2 4 6 -6 8 -8 9 11 -11 13 -13 -1
right_child=2 -3 -4 -5 5 -7 7 -9 -10 10 -12 12 -14 -15
leaf_value=-0.00047919837326599159 -0.0023762740893289447 0.013452895154409551 0.022378002563791893 0.013107658359390427 0.0074889279831040767 -0.011243935738796694 -0.00091271161072654656 -0.020740990524134806 0.0099994270183442809 -0.0063529421885808309 0.015603137622829997 0.002419194411466053 0.028548647496435375 0.0070493157568805439
leaf_weight=15034 41 80 57 78 59 218 171 77 177 46 114 682 40 238
leaf_count=15034 41 80 57 78 59 218 171 77 177 46 114 682 40 238
internal_value=2.48711e-05 -5.00857e-05 0.012409 -0.000117829 -0.000182898 -0.00719187 -6.36598e-05 -0.00735731 4.93183e-05 -6.27657e-05 0.00928954 -0.000159198 0.0040532 -0.000359605
internal_weight=17112 17014 98 16934 16856 277 16579 248 16331 16154 160 15994 722 15272
internal_count=17112 17014 98 16934 16856 277 16579 248 16331 16154 160 15994 722 15272
is_linear=0
shrinkage=0.05


Tree=150
num_leaves=15
num_cat=0
split_feature=392 168 3 299 53 356 149 3 3 218 221 195 6 144
split_gain=6.30608 5.70008 8.46369 5.13951 4.74907 4.85331 4.31221 4.97054 4.70907 7.62877 7.66737 6.63287 7.26957 5.52087
threshold=1.0000000180025095e-35 1.0000000180025095e-35 0.10175000000000002 1.0000000180025095e-35 1.0000000180025095e-35 1.0000000180025095e-35 1.0000000180025095e-35 0.022150000000000006 0.0025500000000000006 1.0000000180025095e-35 1.0000000180025095e-35 1.0000000180025095e-35 15.500000000000002 1.0000000180025095e-35
decision_type=2 2 2 2 2 2 2 2 2 2 2 2 2 2
left_child=1 3 -3 4 5 6 8 -8 9 10 11 12 13 -1
right_child=-2 2 -4 -5 -6 -7 7 -9 -10 -11 -12 -13 -14 -15
leaf_value=0.00086065397308712646 0.0098210256510488283 -0.0031790192219171122 0.027528694272041323 -0.012258244845691289 -0.0072365478585457573 0.0109655706651906 -0.021925331838428975 0.0005471911552277479 -0.00050084900349651703 0.016524281459113149 0.018688720376917819 0.019170407350270119 -0.0094858730532338519 0.017560177057981491
leaf_weight=5061 160 42 41 81 219 97 43 50 11159 76 56 44 165 45
leaf_count=5061 160 42 41 81 219 97 43 50 11159 76 56 44 165 45
internal_value=9.28379e-05 -5.987e-07 0.0126921 -6.59139e-05 -4.28819e-06 9.21375e-05 2.57132e-05 -0.0104318 8.7402e-05 0.00129188 0.00106117 0.000858051 0.000687165 0.00102486
internal_weight=17339 17179 83 17096 17015 16796 16699 93 16606 5447 5371 5315 5271 5106
internal_count=17339 17179 83 17096 17015 16796 16699 93 16606 5447 5371 5315 5271 5106
is_linear=0
shrinkage=0.05


Tree=151
num_leaves=15
num_cat=0
split_feature=392 137 339 172 77 290 250 90 334 20 199 309 1 3
split_gain=7.21745 5.55574 6.60307 9.50397 4.88735 4.72375 4.24728 4.26781 4.88808 4.74493 4.37298 4.77155 6.49569 5.7495
threshold=1.0000000180025095e-35 1.0000000180025095e-35 1.0000000180025095e-35 1.0000000180025095e-35 1.0000000180025095e-35 1.0000000180025095e-35 1.0000000180025095e-35 1.0000000180025095e-35 1.0000000180025095e-35 1.0000000180025095e-35 1.0000000180025095e-35 1.0000000180025095e-35 1.0000000180025095e-35 0.020150000000000005
decision_type=2 2 2 2 2 2 2 2 2 2 2 2 2 2
left_child=1 2 4 -4 5 6 7 8 9 10 11 13 -13 -1
right_child=-2 -3 3 -5 -6 -7 -8 -9 -10 -11 -12 12 -14 -15
leaf_value=0.00089930519805982666 0.010731776212399929 0.010353032526567238 -0.0019234228033529616 0.022042263492305831 -0.0087778199239255637 -0.0090140365381052509 0.0093001457455102361 0.0053652868154561049 -0.012930734515995593 -0.0092481625608081455 0.010559539282837009 0.0067446734625451676 -0.0035297405800385471 -0.0010773677621913444
leaf_weight=6434 156 126 82 77 155 139 119 359 69 134 93 538 211 8577
leaf_count=6434 156 126 82 77 155 139 119 359 69 134 93 538 211 8577
internal_value=0.000194799 9.56386e-05 1.65309e-05 0.0100008 -8.07482e-05 2.71117e-06 8.12164e-05 1.15725e-05 -0.000109766 -5.04046e-05 3.02324e-05 -3.52306e-05 0.00384607 -0.000230111
internal_weight=17269 17113 16987 159 16828 16673 16534 16415 16056 15987 15853 15760 749 15011
internal_count=17269 17113 16987 159 16828 16673 16534 16415 16056 15987 15853 15760 749 15011
is_linear=0
shrinkage=0.05


Tree=152
num_leaves=15
num_cat=0
split_feature=290 330 291 168 4 292 144 127 138 281 3 216 244 385
split_gain=5.77926 6.31941 5.2803 6.12285 5.82804 4.63086 5.2366 4.92071 4.83654 4.69912 4.57928 6.05237 5.02122 4.71962
threshold=1.0000000180025095e-35 1.0000000180025095e-35 1.0000000180025095e-35 1.0000000180025095e-35 0.32460000000000006 1.0000000180025095e-35 1.0000000180025095e-35 1.0000000180025095e-35 1.0000000180025095e-35 1.0000000180025095e-35 0.92455000000000009 1.0000000180025095e-35 1.0000000180025095e-35 1.0000000180025095e-35
decision_type=2 2 2 2 2 2 2 2 2 2 2 2 2 2
left_child=1 2 3 5 -5 6 7 8 9 10 12 -12 13 -1
right_child=-2 -3 -4 4 -6 -7 -8 -9 -10 -11 11 -13 -14 -15
leaf_value=0.00021822274396143034 -0.010031279001518019 -0.013851147531531752 -0.0099227521861408388 -0.00030244681984186177 0.025756067069976227 0.0085781287610756634 0.010984235594200122 0.010877557602112314 0.0078672441215099555 -0.011531938239932061 -0.0043040387634785968 0.0094087143915451386 -0.0073939925434489996 0.008108420632682585
leaf_weight=14759 135 75 122 40 41 160 106 100 189 84 973 83 209 187
leaf_count=14759 135 75 122 40 41 160 106 100 189 84 973 83 209 187
internal_value=8.62958e-05 0.000168945 0.000234648 0.000310747 0.0136182 0.000242756 0.000160303 8.78297e-05 1.90953e-05 -7.4318e-05 -1.1411e-05 -0.00318698 0.000210841 0.000319621
internal_weight=17263 17128 17053 16931 81 16850 16690 16584 16484 16295 16211 1056 15155 14946
internal_count=17263 17128 17053 16931 81 16850 16690 16584 16484 16295 16211 1056 15155 14946
is_linear=0
shrinkage=0.05


Tree=153
num_leaves=15
num_cat=0
split_feature=103 68 169 3 306 115 4 279 39 352 6 233 191 1
split_gain=5.75318 5.60148 5.29973 4.99411 4.97682 7.73645 7.50187 6.43757 10.4245 6.51016 6.10501 5.91203 5.97798 9.31237
threshold=1.0000000180025095e-35 1.0000000180025095e-35 1.0000000180025095e-35 -0.95114999999999983 1.0000000180025095e-35 1.0000000180025095e-35 0.88485000000000014 1.0000000180025095e-35 1.0000000180025095e-35 1.0000000180025095e-35 5.5000000000000009 1.0000000180025095e-35 1.0000000180025095e-35 1.0000000180025095e-35
decision_type=2 2 2 2 2 2 2 2 2 2 2 2 2 2
left_child=1 2 4 -2 5 7 -7 9 -9 11 -6 12 -1 -14
right_child=3 -3 -4 -5 10 6 -8 8 -10 -11 -12 -13 13 -15
leaf_value=-0.00037281183274531625 0.020156798810895646 0.0085660710313330314 -0.012693134831062642 -0.0018534421191915224 0.012134591627360906 -0.00098362956146880154 0.021530855021787337 0.0015843513661803893 0.01406051675460924 0.013467564539399086 -0.0044922160465492951 -0.013400907825332049 0.016279873355876568 -0.0065401781184066619
leaf_weight=13874 61 184 78 41 54 66 78 1278 188 81 911 81 124 65
leaf_count=13874 61 184 78 41 54 66 78 1278 188 81 911 81 124 65
internal_value=7.85726e-05 6.08908e-06 -8.97391e-05 0.0116364 -2.74641e-05 0.000185442 0.011525 7.77377e-05 0.00322665 -0.000247803 -0.00350405 -0.000331079 -0.000251064 0.00846542
internal_weight=17164 17062 16878 102 16800 15835 144 15691 1466 14225 965 14144 14063 189
internal_count=17164 17062 16878 102 16800 15835 144 15691 1466 14225 965 14144 14063 189
is_linear=0
shrinkage=0.05


Tree=154
num_leaves=15
num_cat=0
split_feature=369 73 186 184 172 2 339 309 3 80 96 3 6 392
split_gain=7.49352 7.08467 6.47909 5.73764 5.67806 16.5938 7.84067 7.13081 6.70359 6.20239 5.49766 6.30788 6.71232 6.18542
threshold=1.0000000180025095e-35 1.0000000180025095e-35 1.0000000180025095e-35 1.0000000180025095e-35 1.0000000180025095e-35 1.0000000180025095e-35 1.0000000180025095e-35 1.0000000180025095e-35 -0.29159999999999997 1.0000000180025095e-35 1.0000000180025095e-35 -0.95234999999999992 9.5000000000000018 1.0000000180025095e-35
decision_type=2 2 2 2 2 2 2 2 2 2 2 2 2 2
left_child=1 2 3 4 7 -6 -7 9 -9 10 13 12 -12 -1
right_child=-2 -3 -4 -5 5 6 -8 8 -10 -11 11 -13 -14 -15
leaf_value=-0.00068448288736388792 0.0074580570646665166 0.012758164320703229 -0.010704871137336276 0.0093398858864720043 0.028395154860157236 0.00030515936407499259 0.017149532649230647 -0.011317697222224407 0.0058677802747180083 0.013174631902559972 -0.018039236154678898 0.010768398333879171 0.0080968146486317411 0.010668239066394601
leaf_weight=14422 355 106 133 164 60 674 72 57 716 79 43 213 46 116
leaf_count=14422 355 106 133 164 60 674 72 57 716 79 43 213 46 116
internal_value=0.000319892 0.000167796 8.45595e-05 0.000173869 7.9951e-05 0.00415956 0.00203424 -0.000130851 0.00453595 -0.000374092 -0.000450631 0.00617122 -0.00481857 -0.000590262
internal_weight=17256 16901 16795 16662 16498 806 746 15692 773 14919 14840 302 89 14538
internal_count=17256 16901 16795 16662 16498 806 746 15692 773 14919 14840 302 89 14538
is_linear=0
shrinkage=0.05


Tree=155
num_leaves=15
num_cat=0
split_feature=335 352 279 332 168 68 269 3 187 137 6 304 406 103
split_gain=6.92337 6.19675 7.13228 6.22656 5.72332 5.44928 5.62416 5.38415 4.9957 4.91162 4.79578 8.30437 4.67726 4.64321
threshold=1.0000000180025095e-35 1.0000000180025095e-35 1.0000000180025095e-35 1.0000000180025095e-35 1.0000000180025095e-35 1.0000000180025095e-35 1.0000000180025095e-35 0.71065000000000011 1.0000000180025095e-35 1.0000000180025095e-35 12.500000000000002 1.0000000180025095e-35 1.0000000180025095e-35 1.0000000180025095e-35
decision_type=2 2 2 2 2 2 2 2 2 2 2 2 2 2
left_child=1 3 -3 4 5 6 8 -5 9 12 11 -8 13 -1
right_child=-2 2 -4 7 -6 -7 10 -9 -10 -11 -12 -13 -14 -15
leaf_value=-0.00020077579254294665 0.013459158003461933 0.018680186896133669 0.00015239844110627205 -0.0020253344099651015 0.013295281693025166 0.0088095376482649652 0.0034876144776741663 -0.018821605889692526 -0.011430843699296627 0.0099623755650307122 -0.002443715027318551 0.030780990002676846 0.010767130128277298 0.010828706726897508
leaf_weight=15864 94 92 112 124 78 174 70 74 91 118 60 43 94 91
leaf_count=15864 94 92 112 124 78 174 70 74 91 118 60 43 94 91
internal_value=0.000274798 0.000198342 0.00875507 9.23759e-05 0.000198228 0.000132723 3.81856e-05 -0.0086117 -5.85746e-05 8.95145e-06 0.00887762 0.0147378 -6.73109e-05 -0.000134496
internal_weight=17179 17085 204 16881 16683 16605 16431 198 16258 16167 173 113 16049 15955
internal_count=17179 17085 204 16881 16683 16605 16431 198 16258 16167 173 113 16049 15955
is_linear=0
shrinkage=0.05


Tree=156
num_leaves=15
num_cat=0
split_feature=154 385 4 4 337 4 4 4 243 2 4 4 310 152
split_gain=5.57148 6.87026 6.10873 9.20897 5.14231 8.37502 4.51008 4.96302 4.3572 15.8699 9.20351 4.22578 15.9079 10.0827
threshold=1.0000000180025095e-35 1.0000000180025095e-35 0.88265000000000016 0.92295000000000016 1.0000000180025095e-35 0.56330000000000013 0.085000000000000006 0.91605000000000014 1.0000000180025095e-35 1.0000000180025095e-35 0.22165000000000004 0.31050000000000005 1.0000000180025095e-35 1.0000000180025095e-35
decision_type=2 2 2 2 2 2 2 2 2 2 2 2 2 2
left_child=1 4 -2 -4 8 -6 -3 -8 11 10 -10 12 -1 -13
right_child=2 6 3 -5 5 -7 7 -9 9 -11 -12 13 -14 -15
leaf_value=0.00020873205324826842 -0.00053458512265082696 -0.0008387576373344338 0.02001531114280224 -0.0054586174243013378 -0.0038095250012392698 0.026842093931304087 0.025188226411577131 0.0043909611267736182 -0.0027290512168524315 -0.016825594022296941 0.024065214696556633 -0.0013766318261337334 0.025639941092700732 0.014139388964889255
leaf_weight=7522 166 69 120 47 42 40 56 59 46 47 94 8745 57 101
leaf_count=7522 166 69 120 47 42 40 56 59 46 47 94 8745 57 101
internal_value=-6.42817e-05 -0.000191514 0.00629187 0.0128957 -0.000298746 0.0118258 0.00928802 0.0151459 -0.000362136 0.00712679 0.0154709 -0.000449541 0.000416772 -0.00119159
internal_weight=17211 16878 333 167 16694 82 184 115 16612 187 140 16425 7579 8846
internal_count=17211 16878 333 167 16694 82 184 115 16612 187 140 16425 7579 8846
is_linear=0
shrinkage=0.05


Tree=157
num_leaves=15
num_cat=0
split_feature=2 172 10 243 234 1 16 224 385 243 287 392 256 1
split_gain=5.11326 15.5376 12.27 10.7183 9.61669 9.45597 8.88865 8.33847 7.84902 7.71796 6.89486 6.19756 6.42695 7.21386
threshold=1.0000000180025095e-35 1.0000000180025095e-35 1.0000000180025095e-35 1.0000000180025095e-35 1.0000000180025095e-35 1.0000000180025095e-35 1.0000000180025095e-35 1.0000000180025095e-35 1.0000000180025095e-35 1.0000000180025095e-35 1.0000000180025095e-35 1.0000000180025095e-35 1.0000000180025095e-35 1.0000000180025095e-35
decision_type=2 2 2 2 2 2 2 2 2 2 2 2 2 2
left_child=1 3 6 4 7 -5 9 8 10 -2 11 12 13 -1
right_child=2 -3 -4 5 -6 -7 -8 -9 -10 -11 -12 -13 -14 -15
leaf_value=0.0016372776535522413 -0.000617648791919521 0.025923366730491962 0.024450040872519216 0.0027373585539559528 0.014487983969350658 0.028903166665917353 -0.018646654989570379 -0.017861861956395931 0.012159303191827833 -0.020134401653765465 -0.018548211835635205 0.013581663556920177 -0.01344420935825578 -0.0012851658142198101
leaf_weight=5203 7660 57 43 79 118 58 65 57 138 46 43 84 79 3547
leaf_count=5203 7660 57 43 79 118 58 65 57 138 46 43 84 79 3547
internal_value=0.000192676 0.000974084 -0.000753651 0.0008092 0.000600015 0.0144425 -0.000908745 0.000413119 0.000537417 -0.000747132 0.000351654 0.000453183 0.000320661 0.000452545
internal_weight=17277 9463 7814 9406 9269 137 7771 9151 9094 7706 8956 8913 8829 8750
internal_count=17277 9463 7814 9406 9269 137 7771 9151 9094 7706 8956 8913 8829 8750
is_linear=0
shrinkage=0.05


Tree=158
num_leaves=15
num_cat=0
split_feature=376 4 312 190 216 5 295 4 4 3 257 347 4 227
split_gain=6.12829 5.7157 5.45708 6.76253 5.62321 6.24918 5.54904 4.5233 6.45135 4.46411 4.34087 4.55081 9.80307 4.51485
threshold=1.0000000180025095e-35 0.69335000000000013 1.0000000180025095e-35 1.0000000180025095e-35 1.0000000180025095e-35 1.0000000180025095e-35 1.0000000180025095e-35 0.92025000000000012 0.89745000000000008 0.87355000000000016 1.0000000180025095e-35 1.0000000180025095e-35 0.92635000000000012 1.0000000180025095e-35
decision_type=2 2 2 2 2 2 2 2 2 2 2 2 2 2
left_child=2 -2 3 6 5 -4 10 8 9 -5 11 13 -13 -1
right_child=1 -3 4 7 -6 -7 -8 -9 -10 -11 -12 12 -14 -15
leaf_value=-0.00029658682831162171 -0.0001805595870988042 0.02410670461169645 -0.0097851434409853104 0.0089645158853724691 0.005203317337295163 0.010130433378120265 -0.012456524246136837 -0.006796816181467504 0.023277682520668298 -0.0089307970201803581 0.0049957857397626357 0.0095808804243978848 -0.0045879726495816923 0.010813345152722753
leaf_weight=15216 46 46 366 158 102 40 84 44 63 40 429 334 187 87
leaf_count=15216 46 46 366 158 102 40 84 44 63 40 429 334 187 87
internal_value=4.74741e-05 0.0125797 -2.34012e-05 0.00013313 -0.00510266 -0.00772365 -5.68794e-06 0.00744893 0.00993313 0.00521838 6.24725e-05 -7.28089e-05 0.00450005 -0.000229914
internal_weight=17242 92 17150 16642 508 406 16337 305 261 198 16253 15824 521 15303
internal_count=17242 92 17150 16642 508 406 16337 305 261 198 16253 15824 521 15303
is_linear=0
shrinkage=0.05


Tree=159
num_leaves=15
num_cat=0
split_feature=191 39 279 3 3 37 147 16 303 279 31 18 249 43
split_gain=6.64532 11.9239 6.21556 8.47268 6.06436 8.03299 7.76891 7.2504 5.90677 5.51941 5.39919 5.38803 4.8608 5.19
threshold=1.0000000180025095e-35 1.0000000180025095e-35 1.0000000180025095e-35 0.90975000000000017 1.0000000180025095e-35 1.0000000180025095e-35 1.0000000180025095e-35 1.0000000180025095e-35 1.0000000180025095e-35 1.0000000180025095e-35 1.0000000180025095e-35 1.0000000180025095e-35 1.0000000180025095e-35 1.0000000180025095e-35
decision_type=2 2 2 2 2 2 2 2 2 2 2 2 2 2
left_child=4 2 -2 -4 5 6 7 10 11 -8 12 -6 13 -1
right_child=1 -3 3 -5 8 -7 9 -9 -10 -11 -12 -13 -14 -15
leaf_value=0.00091618974042996688 0.0089850995594160203 0.027442625360986728 -0.009441632662710182 0.0070543021174970608 -0.00098044048322301278 0.015051342112925446 0.017426090506181689 -0.015980261284499787 0.017074553291667658 -0.0024524754932466544 -0.015530677057802679 0.011304974666693146 -0.013543040599477918 0.01242282408475876
leaf_weight=5012 234 50 162 141 11033 98 113 60 41 48 45 85 52 95
leaf_count=5012 234 50 162 141 11033 98 113 60 41 48 45 85 52 95
internal_value=4.74078e-05 0.00525331 0.00295316 -0.0017754 -0.000137295 0.00121711 0.000953573 0.000617119 -0.000807885 0.0116042 0.000823636 -0.000881476 0.000981188 0.00114218
internal_weight=17269 587 537 303 16682 5523 5425 5264 11159 161 5204 11118 5159 5107
internal_count=17269 587 537 303 16682 5523 5425 5264 11159 161 5204 11118 5159 5107
is_linear=0
shrinkage=0.05


Tree=160
num_leaves=15
num_cat=0
split_feature=138 273 339 342 386 188 4 124 5 158 183 385 137 4
split_gain=6.01884 5.63891 4.83364 5.08563 4.56458 5.5422 4.76974 4.52288 10.0809 6.34109 5.44687 5.16938 4.18951 4.16124
threshold=1.0000000180025095e-35 1.0000000180025095e-35 1.0000000180025095e-35 1.0000000180025095e-35 1.0000000180025095e-35 1.0000000180025095e-35 0.57525000000000015 1.0000000180025095e-35 1.0000000180025095e-35 1.0000000180025095e-35 1.0000000180025095e-35 1.0000000180025095e-35 1.0000000180025095e-35 0.86030000000000018
decision_type=2 2 2 2 2 2 2 2 2 2 2 2 2 2
left_child=1 2 3 4 5 7 -7 9 -9 10 11 12 -1 -14
right_child=-2 -3 -4 -5 -6 6 -8 8 -10 -11 -12 -13 13 -15
leaf_value=-0.00028573557640650577 0.0084250653211061094 -0.012027565658974806 0.0089773261607173967 0.012164227693373789 0.011669957779702686 -0.0015686916754557155 -0.015503714345395565 0.0022499304442129072 0.024673551272738865 0.010249146626514643 -0.011534157786961824 0.0080456479241547644 0.00091079145918289818 0.019551313190527685
leaf_weight=15007 216 90 150 82 79 151 100 722 49 142 100 187 70 48
leaf_count=15007 216 90 150 82 79 151 100 722 49 142 100 187 70 48
internal_value=0.000226782 0.000120025 0.000188307 0.000106881 4.38842e-05 -1.50272e-05 -0.00731487 9.94146e-05 0.00382483 -8.64214e-05 -0.000184942 -0.000107082 -0.000210505 0.00897991
internal_weight=17193 16977 16887 16737 16655 16576 251 16325 771 15554 15412 15312 15125 118
internal_count=17193 16977 16887 16737 16655 16576 251 16325 771 15554 15412 15312 15125 118
is_linear=0
shrinkage=0.05


Tree=161
num_leaves=15
num_cat=0
split_feature=177 88 386 190 304 393 6 276 120 120 310 3 12 4
split_gain=6.1542 6.02283 6.31627 5.48575 6.33509 5.31078 7.45835 5.13908 9.3286 7.13287 6.68338 6.1545 5.86454 17.4442
threshold=1.0000000180025095e-35 1.0000000180025095e-35 1.0000000180025095e-35 1.0000000180025095e-35 1.0000000180025095e-35 1.0000000180025095e-35 8.5000000000000018 1.0000000180025095e-35 1.0000000180025095e-35 1.0000000180025095e-35 1.0000000180025095e-35 0.8519500000000001 1.0000000180025095e-35 0.70410000000000006
decision_type=2 2 2 2 2 2 2 2 2 2 2 2 2 2
left_child=1 2 3 5 -5 7 -7 9 10 12 11 -9 -1 -14
right_child=-2 -3 -4 4 -6 6 -8 8 -10 -11 -12 -13 13 -15
leaf_value=-0.00010859679387239827 -0.011325764975146108 -0.0051385463567228101 0.014370485259518949 0.003576549355522297 0.022336042191494598 -0.0064884857099968942 0.018096928016072319 -1.8160863947981087e-05 0.024687892658521934 -0.018944082270376385 0.019245144166052344 0.010529666428129407 -0.0065064049886255446 0.035153955953816575
leaf_weight=14768 110 493 76 264 50 43 88 945 44 45 51 157 54 40
leaf_count=14768 110 493 76 264 50 43 88 945 44 45 51 157 54 40
internal_value=0.000202357 0.000279722 0.000441893 0.000373606 0.006867 0.000245942 0.0100851 0.000162799 0.00330781 -9.07628e-05 0.00238884 0.00152534 -2.73256e-05 0.0121015
internal_weight=17228 17118 16625 16549 314 16235 131 16104 1197 14907 1153 1102 14862 94
internal_count=17228 17118 16625 16549 314 16235 131 16104 1197 14907 1153 1102 14862 94
is_linear=0
shrinkage=0.05


Tree=162
num_leaves=15
num_cat=0
split_feature=365 168 299 90 35 404 83 385 237 304 1 3 3 279
split_gain=6.25057 7.2274 6.06539 6.13719 5.19402 5.09934 7.05039 4.06691 4.4547 4.31326 9.11528 10.3898 9.05208 8.97437
threshold=1.0000000180025095e-35 1.0000000180025095e-35 1.0000000180025095e-35 1.0000000180025095e-35 1.0000000180025095e-35 1.0000000180025095e-35 1.0000000180025095e-35 1.0000000180025095e-35 1.0000000180025095e-35 1.0000000180025095e-35 1.0000000180025095e-35 0.91305000000000014 0.7369500000000001 1.0000000180025095e-35
decision_type=2 2 2 2 2 2 2 2 2 2 2 2 2 2
left_child=1 2 3 4 5 7 -7 8 9 -1 11 12 -11 -14
right_child=-2 -3 -4 -5 -6 6 -8 -9 -10 10 -12 -13 13 -15
leaf_value=-0.00039573707598187895 -0.0076064567070037005 0.015221688408314824 -0.013391909307411201 0.0067356768733664576 0.010116402227086603 0.010517969381149741 -0.00053854035283907654 0.0071130867428876761 0.0066548048815269385 0.0047810731962354943 -0.0030870786383618704 -0.005257991832441581 0.025158690025925575 -0.0014251775263498228
leaf_weight=13623 236 78 74 380 130 278 293 199 243 787 535 207 111 43
leaf_count=13623 236 78 74 380 130 278 293 199 243 787 535 207 111 43
internal_value=0.000389652 0.000502987 0.000430585 0.000495325 0.000349159 0.000268277 0.00488906 9.9235e-05 7.21226e-06 -0.000100465 0.0022837 0.00478917 0.00701544 0.0179245
internal_weight=17217 16981 16903 16829 16449 16319 571 15748 15549 15306 1683 1148 941 154
internal_count=17217 16981 16903 16829 16449 16319 571 15748 15549 15306 1683 1148 941 154
is_linear=0
shrinkage=0.05


Tree=163
num_leaves=15
num_cat=0
split_feature=114 401 292 386 339 172 144 3 369 231 0 359 277 152
split_gain=4.92475 5.18044 5.8343 5.29242 4.47129 5.30338 4.25823 4.57462 4.52349 4.03915 4.12034 4.11911 3.75133 3.99138
threshold=1.0000000180025095e-35 1.0000000180025095e-35 1.0000000180025095e-35 1.0000000180025095e-35 1.0000000180025095e-35 1.0000000180025095e-35 1.0000000180025095e-35 0.10175000000000002 1.0000000180025095e-35 1.0000000180025095e-35 0.41666666666666669 1.0000000180025095e-35 1.0000000180025095e-35 1.0000000180025095e-35
decision_type=2 2 2 2 2 2 2 2 2 2 2 2 2 2
left_child=1 2 3 4 6 -6 8 -8 9 12 -11 -12 13 -1
right_child=-2 -3 -4 -5 5 -7 7 -9 -10 10 11 -13 -14 -15
leaf_value=5.4565523208218009e-06 -0.01151846282634089 -0.0075120860178871044 0.0090837036245992701 0.012866277869297081 -0.00067423590808175511 0.017963189559129924 0.001739571357611567 0.02189735352345135 0.0056344446008030867 0.0053922974711491005 0.0002054997262894176 -0.01426623741191038 -0.010560485936072936 0.007045492588704471
leaf_weight=15395 84 206 185 78 75 72 75 41 351 58 75 137 78 199
leaf_count=15395 84 206 185 78 75 72 75 41 351 58 75 137 78 199
internal_value=0.000212708 0.000273953 0.000371522 0.000271926 0.000208724 0.00874491 0.000129612 0.00947474 6.01916e-05 -6.42666e-05 -0.00607146 -0.00925975 4.11297e-05 9.75262e-05
internal_weight=17109 17025 16819 16634 16556 147 16409 116 16293 15942 270 212 15672 15594
internal_count=17109 17025 16819 16634 16556 147 16409 116 16293 15942 270 212 15672 15594
is_linear=0
shrinkage=0.05


Tree=164
num_leaves=15
num_cat=0
split_feature=26 241 2 2 144 187 338 369 0 189 4 392 85 343
split_gain=5.85006 5.70619 5.66093 5.47671 7.67658 7.32882 6.58358 6.58446 7.06457 5.3954 8.47533 5.77979 5.14204 5.17333
threshold=1.0000000180025095e-35 1.0000000180025095e-35 1.5000000000000002 2.5000000000000004 1.0000000180025095e-35 1.0000000180025095e-35 1.0000000180025095e-35 1.0000000180025095e-35 0.41666666666666669 1.0000000180025095e-35 0.37895000000000006 1.0000000180025095e-35 1.0000000180025095e-35 1.0000000180025095e-35
decision_type=2 2 2 2 2 2 2 2 2 2 2 2 2 2
left_child=1 3 -2 4 5 6 7 9 -9 11 -11 12 13 -1
right_child=2 -3 -4 -5 -6 -7 -8 8 -10 10 -12 -13 -14 -15
leaf_value=0.00075074658475711821 -0.015203270611042777 -0.003903346085730155 0.00099161944863404724 -0.0033125498853694407 0.012979178335224315 -0.013592486499498289 0.013442443522375705 -0.0068778024527889033 0.0118858482854973 -0.0012794008046361825 -0.025114029719351005 0.010424062139920991 -0.01155806713716381 -0.0042598462346767159
leaf_weight=13924 115 759 97 878 122 85 96 60 233 134 47 143 83 530
leaf_count=13924 115 759 97 878 122 85 96 60 233 134 47 143 83 530
internal_value=0.000216864 0.000320333 -0.00794123 0.000517719 0.00073629 0.000634691 0.000718419 0.000633405 0.00799253 0.000485673 -0.00797724 0.000592699 0.000492437 0.000565608
internal_weight=17306 17094 212 16335 15457 15335 15250 15154 293 14861 181 14680 14537 14454
internal_count=17306 17094 212 16335 15457 15335 15250 15154 293 14861 181 14680 14537 14454
is_linear=0
shrinkage=0.05


Tree=165
num_leaves=15
num_cat=0
split_feature=6 4 376 256 4 146 88 4 249 16 100 304 4 393
split_gain=9.25634 9.02361 8.46898 7.85986 7.80787 6.22524 5.9943 6.34687 5.94937 5.45414 5.73154 6.12257 7.09216 6.30916
threshold=11.500000000000002 0.31050000000000005 1.0000000180025095e-35 1.0000000180025095e-35 0.37895000000000006 1.0000000180025095e-35 1.0000000180025095e-35 0.0031500000000000005 1.0000000180025095e-35 1.0000000180025095e-35 1.0000000180025095e-35 1.0000000180025095e-35 0.87275000000000014 1.0000000180025095e-35
decision_type=2 2 2 2 2 2 2 2 2 2 2 2 2 2
left_child=2 5 3 8 -5 6 7 -2 -1 10 11 13 -13 -3
right_child=1 9 -4 4 -6 -7 -8 -9 -10 -11 -12 12 -14 -15
leaf_value=0.0011273667382699205 0.015718182661149601 -0.0040675786169034637 0.020375475101172925 0.0013280639805579707 -0.023987737870109934 0.018685528950300068 -0.0089746186738052687 0.00065390339246587507 -0.0087942074007336425 -0.020534916489603039 -0.013931429840447304 -0.0071822635128453221 0.0097108665353765611 0.014693914815459563
leaf_weight=12472 68 2067 51 58 58 43 150 1673 148 42 116 88 185 41
leaf_count=12472 68 2067 51 58 58 43 150 1673 148 42 116 88 185 41
internal_value=0.000287216 -0.00166934 0.000972022 0.000886358 -0.011798 0.000902794 0.000450217 0.00128561 0.00100758 -0.00362651 -0.00330164 -0.00275565 0.00423422 -0.00366877
internal_weight=17260 4473 12787 12736 116 1934 1891 1741 12620 2539 2497 2381 273 2108
internal_count=17260 4473 12787 12736 116 1934 1891 1741 12620 2539 2497 2381 273 2108
is_linear=0
shrinkage=0.05


Tree=166
num_leaves=15
num_cat=0
split_feature=35 3 154 3 85 256 73 115 3 350 139 386 249 353
split_gain=5.70213 6.31674 5.06793 12.0593 5.04884 5.02088 5.20759 4.01648 5.93735 4.08763 4.25715 4.6372 4.50024 5.86067
threshold=1.0000000180025095e-35 0.0013500000000000003 1.0000000180025095e-35 0.80505000000000015 1.0000000180025095e-35 1.0000000180025095e-35 1.0000000180025095e-35 1.0000000180025095e-35 -0.29159999999999997 1.0000000180025095e-35 1.0000000180025095e-35 1.0000000180025095e-35 1.0000000180025095e-35 1.0000000180025095e-35
decision_type=2 2 2 2 2 2 2 2 2 2 2 2 2 2
left_child=2 -2 4 -4 5 6 7 9 -9 10 11 12 13 -1
right_child=1 -3 3 -5 -6 -7 -8 8 -10 -11 -12 -13 -14 -15
leaf_value=-8.5828051036896083e-06 0.025520450816206311 0.0027728165173903107 -0.0044605565380036278 0.014623500272217725 -0.01055356917005066 -0.0096425344769019081 0.011322040477146706 0.02059924758781316 0.0010946162548832229 -0.010801827446232704 0.0064131409760986302 0.012107215218151673 -0.0072728293841344497 0.013475663044754369
leaf_weight=15586 41 95 144 184 106 125 100 54 117 81 260 74 207 76
leaf_count=15586 41 95 144 184 106 125 100 54 117 81 260 74 207 76
internal_value=0.000278531 0.0102924 0.000195971 0.00630396 7.47786e-05 0.000145463 0.000222257 0.000151383 0.0076642 7.0162e-05 0.000127827 2.33474e-05 -3.67976e-05 6.11294e-05
internal_weight=17250 136 17114 328 16786 16680 16555 16455 171 16284 16203 15943 15869 15662
internal_count=17250 136 17114 328 16786 16680 16555 16455 171 16284 16203 15943 15869 15662
is_linear=0
shrinkage=0.05


Tree=167
num_leaves=15
num_cat=0
split_feature=308 256 190 279 4 252 90 342 63 12 4 352 3 137
split_gain=5.98531 5.24386 5.38647 5.89394 4.91269 4.9099 4.85791 5.6428 5.16667 5.49071 8.28199 4.88262 5.26487 4.83133
threshold=1.0000000180025095e-35 1.0000000180025095e-35 1.0000000180025095e-35 1.0000000180025095e-35 0.92685000000000006 1.0000000180025095e-35 1.0000000180025095e-35 1.0000000180025095e-35 1.0000000180025095e-35 1.0000000180025095e-35 0.5857500000000001 1.0000000180025095e-35 0.91085000000000016 1.0000000180025095e-35
decision_type=2 2 2 2 2 2 2 2 2 2 2 2 2 2
left_child=1 2 5 -4 -2 6 7 8 9 11 -11 13 -13 -1
right_child=4 -3 3 -5 -6 -7 -8 -9 -10 10 -12 12 -14 -15
leaf_value=-0.00074092160785867167 0.0080266446242662701 -0.0096748294738805574 0.0016908563149627299 0.016541807853242326 -0.005259893363577196 0.0074130214725390518 0.0054662703876792243 0.012233279586964569 -0.0073784622237454455 -0.0033586957841180267 0.02698324005636904 0.012851796012233805 -0.0042074528110346626 0.0094169124013791655
leaf_weight=15014 365 142 219 92 82 198 339 81 272 43 40 130 65 113
leaf_count=15014 365 142 219 92 82 198 339 81 272 43 40 130 65 113
internal_value=-0.000119557 -0.000272705 -0.000189419 0.00627629 0.00555807 -0.000314708 -0.000412035 -0.000540188 -0.000610065 -0.000488203 0.0119662 -0.000559551 0.00720235 -0.000661955
internal_weight=17195 16748 16606 311 447 16295 16097 15758 15677 15405 83 15322 195 15127
internal_count=17195 16748 16606 311 447 16295 16097 15758 15677 15405 83 15322 195 15127
is_linear=0
shrinkage=0.05


Tree=168
num_leaves=15
num_cat=0
split_feature=163 362 3 3 389 250 321 364 406 137 260 111 338 279
split_gain=5.97438 5.49778 6.01789 5.61029 5.02226 4.70276 4.36371 4.99191 4.59524 4.16723 4.6963 4.08137 4.15112 4.46443
threshold=1.0000000180025095e-35 1.0000000180025095e-35 0.14435000000000003 -0.021949999999999994 1.0000000180025095e-35 1.0000000180025095e-35 1.0000000180025095e-35 1.0000000180025095e-35 1.0000000180025095e-35 1.0000000180025095e-35 1.0000000180025095e-35 1.0000000180025095e-35 1.0000000180025095e-35 1.0000000180025095e-35
decision_type=2 2 2 2 2 2 2 2 2 2 2 2 2 2
left_child=1 4 3 -3 5 6 7 8 9 10 11 12 -1 -14
right_child=-2 2 -4 -5 -6 -7 -8 -9 -10 -11 -12 -13 13 -15
leaf_value=-8.2580964895064888e-05 -0.012586920690196363 0.014068638938479126 0.018282627249353155 -0.0049492732401598587 -0.011322957056108862 0.0097693157894167288 0.0078823826659870696 -0.0076517122029657898 0.01093880583960611 0.0091919640821170028 -0.0083624117004330312 0.01084128473805071 0.020092278494025177 -0.00087107200316100756
leaf_weight=15785 87 55 81 105 91 121 172 206 92 118 163 82 48 48
leaf_count=15785 87 55 81 105 91 121 172 206 92 118 163 82 48 48
internal_value=0.000120712 0.000188758 0.00760977 0.00181635 8.08785e-05 0.000145864 7.32953e-05 -1.02592e-05 8.84128e-05 2.36131e-05 -4.63036e-05 4.12051e-05 -1.79548e-05 0.0100864
internal_weight=17254 17167 241 160 16926 16835 16714 16542 16336 16244 16126 15963 15881 96
internal_count=17254 17167 241 160 16926 16835 16714 16542 16336 16244 16126 15963 15881 96
is_linear=0
shrinkage=0.05


Tree=169
num_leaves=15
num_cat=0
split_feature=274 369 4 2 26 3 399 52 3 358 4 6 392 316
split_gain=5.19359 4.7364 5.34139 7.33357 4.99306 4.87146 4.72753 4.64255 6.54394 4.75814 4.1281 4.95816 4.01017 4.15968
threshold=1.0000000180025095e-35 1.0000000180025095e-35 0.25420000000000004 1.0000000180025095e-35 1.0000000180025095e-35 0.025150000000000002 1.0000000180025095e-35 1.0000000180025095e-35 0.7369500000000001 1.0000000180025095e-35 0.022350000000000005 12.500000000000002 1.0000000180025095e-35 1.0000000180025095e-35
decision_type=2 2 2 2 2 2 2 2 2 2 2 2 2 2
left_child=1 4 10 -4 6 -6 7 9 -9 12 -3 -12 13 -1
right_child=-2 2 3 -5 5 -7 -8 8 -10 -11 11 -13 -14 -15
leaf_value=-0.00028595008745644658 0.0096852401854376578 0.0089906282675787756 0.021887926209924951 0.00088237964110561172 -0.018216777994769486 -0.0022468174445895934 -0.012246974333649196 0.0016483757726693281 0.024774889134698445 0.0083067064750052631 -0.012205869875053007 0.0072102677569074449 0.0081848131468311158 0.010434574581641745
leaf_weight=15998 134 78 85 78 68 143 74 98 40 163 84 48 138 86
leaf_count=15998 134 78 85 78 68 143 74 98 40 163 84 48 138 86
internal_value=5.9219e-05 -1.86533e-05 0.00551639 0.0121616 -0.00014309 -0.00769608 -4.47787e-05 1.35585e-05 0.00898359 -6.47076e-05 0.000195553 -0.00513999 -0.000151358 -0.000225403
internal_weight=17315 17181 373 163 16808 211 16597 16523 138 16385 210 132 16222 16084
internal_count=17315 17181 373 163 16808 211 16597 16523 138 16385 210 132 16222 16084
is_linear=0
shrinkage=0.05


Tree=170
num_leaves=15
num_cat=0
split_feature=396 1 23 342 210 41 3 24 4 345 130 3 216 105
split_gain=8.26948 6.91019 5.35458 5.76649 5.60315 4.36248 7.22614 4.10993 5.29426 4.46425 6.01286 4.38332 6.69647 5.01575
threshold=1.0000000180025095e-35 1.0000000180025095e-35 1.0000000180025095e-35 1.0000000180025095e-35 1.0000000180025095e-35 1.0000000180025095e-35 0.86575000000000013 1.0000000180025095e-35 0.11125 1.0000000180025095e-35 1.0000000180025095e-35 0.92455000000000009 1.0000000180025095e-35 1.0000000180025095e-35
decision_type=2 2 2 2 2 2 2 2 2 2 2 2 2 2
left_child=2 -2 3 4 5 7 -7 9 -9 10 11 -1 13 -13
right_child=1 -3 -4 -5 -6 6 -8 8 -10 -11 -12 12 -14 -15
leaf_value=-0.00013849026739554276 0.022764650379799103 -0.0024848047871776722 -0.0057962289176753286 0.012819650514106851 0.0095659774428486655 -0.0018422719259488297 0.020350409570314431 -0.004428072321867006 0.010429346981746052 -0.011336885165909062 0.013469596003488744 -0.0057563633452162762 0.010373644666447315 0.0065010332462367834
leaf_weight=14870 67 42 406 82 144 78 63 84 186 87 74 881 76 88
leaf_count=14870 67 42 406 82 144 78 63 84 186 87 74 881 76 88
internal_value=-6.87477e-05 0.0133532 -0.000158082 -1.94251e-05 -8.65628e-05 -0.000173744 0.00843095 -0.000250523 0.00581057 -0.000354096 -0.00029081 -0.000359002 -0.00348122 -0.00461555
internal_weight=17228 109 17119 16713 16631 16487 141 16346 270 16076 15989 15915 1045 969
internal_count=17228 109 17119 16713 16631 16487 141 16346 270 16076 15989 15915 1045 969
is_linear=0
shrinkage=0.05


Tree=171
num_leaves=15
num_cat=0
split_feature=151 1 290 289 192 26 2 1 333 6 351 4 337 190
split_gain=5.99744 5.04262 4.77478 4.23947 5.6385 4.76271 6.00393 4.31621 4.20839 6.61899 4.87076 6.10955 4.50594 4.62272
threshold=1.0000000180025095e-35 1.0000000180025095e-35 1.0000000180025095e-35 1.0000000180025095e-35 1.0000000180025095e-35 1.0000000180025095e-35 1.5000000000000002 1.0000000180025095e-35 1.0000000180025095e-35 9.5000000000000018 1.0000000180025095e-35 0.87555000000000016 1.0000000180025095e-35 1.0000000180025095e-35
decision_type=2 2 2 2 2 2 2 2 2 2 2 2 2 2
left_child=2 -2 3 4 5 8 -7 -5 10 -10 12 -12 13 -1
right_child=1 -3 -4 7 -6 6 -8 -9 9 -11 11 -13 -14 -15
leaf_value=0.00027136529231418862 0.015571176966305 -0.0011446589458878938 -0.0088567730865742964 0.011783277334750824 -0.0067949599250950801 -0.014605430002576844 0.0020464833025612586 -0.0018288682126685195 -0.00065851235114088328 -0.020134713230211113 0.018224338605988571 0.0014925151779134941 0.011429134282654012 0.0065587642247907363
leaf_weight=15454 113 72 137 154 274 113 98 90 143 58 82 149 88 293
leaf_count=15454 113 72 137 154 274 113 98 90 143 58 82 149 88 293
internal_value=0.000372039 0.00920663 0.000273986 0.000350169 0.00025383 0.000373065 -0.00700302 0.0068265 0.000470863 -0.00663081 0.000561746 0.00769222 0.000455332 0.000390398
internal_weight=17318 185 17133 16996 16752 16478 211 244 16267 201 16066 231 15835 15747
internal_count=17318 185 17133 16996 16752 16478 211 244 16267 201 16066 231 15835 15747
is_linear=0
shrinkage=0.05


Tree=172
num_leaves=15
num_cat=0
split_feature=6 119 120 351 392 396 351 215 93 16 6 33 17 4
split_gain=4.80592 9.52831 8.1706 7.30697 6.61085 6.46109 6.36612 5.84968 5.63432 5.50689 5.39326 5.34332 5.18076 5.16608
threshold=11.500000000000002 1.0000000180025095e-35 1.0000000180025095e-35 1.0000000180025095e-35 1.0000000180025095e-35 1.0000000180025095e-35 1.0000000180025095e-35 1.0000000180025095e-35 1.0000000180025095e-35 1.0000000180025095e-35 10.500000000000002 1.0000000180025095e-35 1.0000000180025095e-35 0.0020500000000000002
decision_type=2 2 2 2 2 2 2 2 2 2 2 2 2 2
left_child=2 6 3 4 5 8 7 9 11 13 -5 12 -1 -2
right_child=1 -3 -4 10 -6 -7 -8 -9 -10 -11 -12 -13 -14 -15
leaf_value=0.00031349498207010578 0.014676048878138349 -0.01199191736993427 0.018461882872361456 0.0046711838154199848 0.01321890694461763 0.01535230116315291 -0.013633801748460912 -0.016822165797499043 0.014371685880635466 -0.013961842867300019 0.024360566414319551 -0.010875579772021519 -0.014795693203708844 -0.00022909055097636267
leaf_weight=12262 54 193 59 115 95 66 89 49 65 67 47 104 52 3955
leaf_count=12262 54 193 59 115 95 66 89 49 65 67 47 104 52 3955
internal_value=0.000152381 -0.00127174 0.00064053 0.00055125 0.000413849 0.000311684 -0.000767134 -0.000473356 0.000226046 -0.000256448 0.0109419 0.000146249 0.000243712 -1.02919e-05
internal_weight=17272 4407 12865 12806 12644 12549 4214 4125 12483 4076 162 12418 12314 4009
internal_count=17272 4407 12865 12806 12644 12549 4214 4125 12483 4076 162 12418 12314 4009
is_linear=0
shrinkage=0.05


Tree=173
num_leaves=15
num_cat=0
split_feature=156 386 257 45 4 308 6 393 281 392 151 4 292 6
split_gain=5.0455 4.81453 4.5052 5.00808 5.39671 4.6995 6.43144 5.90499 5.09477 4.41371 4.36709 4.18569 3.83873 4.51578
threshold=1.0000000180025095e-35 1.0000000180025095e-35 1.0000000180025095e-35 1.0000000180025095e-35 0.87020000000000008 1.0000000180025095e-35 8.5000000000000018 1.0000000180025095e-35 1.0000000180025095e-35 1.0000000180025095e-35 1.0000000180025095e-35 0.34405000000000002 1.0000000180025095e-35 13.500000000000002
decision_type=2 2 2 2 2 2 2 2 2 2 2 2 2 2
left_child=1 2 3 5 -5 7 -7 8 9 10 12 -3 -1 -14
right_child=-2 11 -4 4 -6 6 -8 -9 -10 -11 -12 -13 13 -15
leaf_value=-0.00037611216377788167 0.012449573679708031 0.00013558453155888451 0.0051626926969063971 0.0025188013891844704 0.023851297481192482 -0.0042362837822089881 0.0091498816885336887 0.010680225386934741 -0.012253242050265444 0.0080397805369390955 0.0078130014506314193 0.022158295962404699 0.012087999775320088 -0.0051351965538093021
leaf_weight=15400 81 40 449 91 40 124 298 121 82 159 163 42 122 51
leaf_count=15400 81 40 449 91 40 124 298 121 82 159 163 42 122 51
internal_value=0.000368745 0.000308188 0.000248424 0.000114399 0.00966995 3.57226e-05 0.00521296 -0.000101572 -0.000186543 -0.000120459 -0.000205439 0.0120407 -0.000291848 0.00700902
internal_weight=17263 17182 17100 16651 131 16520 422 16098 15977 15895 15736 82 15573 173
internal_count=17263 17182 17100 16651 131 16520 422 16098 15977 15895 15736 82 15573 173
is_linear=0
shrinkage=0.05


Tree=174
num_leaves=15
num_cat=0
split_feature=156 189 306 332 352 338 133 279 386 110 266 3 4 3
split_gain=6.62894 6.35873 5.25881 5.97786 6.7708 6.17399 6.07554 5.86757 5.72034 5.70832 4.98932 5.36819 7.45869 6.00415
threshold=1.0000000180025095e-35 1.0000000180025095e-35 1.0000000180025095e-35 1.0000000180025095e-35 1.0000000180025095e-35 1.0000000180025095e-35 1.0000000180025095e-35 1.0000000180025095e-35 1.0000000180025095e-35 1.0000000180025095e-35 1.0000000180025095e-35 -0.95344999999999991 0.94735000000000014 -0.9363499999999999
decision_type=2 2 2 2 2 2 2 2 2 2 2 2 2 2
left_child=1 2 3 4 5 6 8 -4 10 -5 11 -1 13 -13
right_child=-2 -3 7 9 -6 -7 -8 -9 -10 -11 -12 12 -14 -15
leaf_value=0.0041721186371203433 0.014200228823808931 -0.0089186826548289643 0.00020726478531092889 0.0016424716118423419 0.010600772775435375 0.014480797140919544 -0.010691790034994484 -0.0075646338716819223 0.013467209463018971 -0.015563924898181045 -0.008290399195944256 0.0073395638256318193 -0.0077573659327729279 0.00017780859211280874
leaf_weight=883 78 191 519 82 158 72 120 451 78 109 162 294 286 13804
leaf_count=883 78 191 519 82 158 72 120 451 78 109 162 294 286 13804
internal_value=0.000103828 3.58296e-05 0.00013892 0.000355429 0.000462558 0.000357181 0.000287496 -0.00342653 0.000375878 -0.00832343 0.000305354 0.000399249 0.000166272 0.000329709
internal_weight=17287 17209 17018 16048 15857 15699 15627 970 15507 191 15429 15267 14384 14098
internal_count=17287 17209 17018 16048 15857 15699 15627 970 15507 191 15429 15267 14384 14098
is_linear=0
shrinkage=0.05


Tree=175
num_leaves=15
num_cat=0
split_feature=332 4 24 4 6 152 4 41 376 3 219 306 289 1
split_gain=5.55001 9.29769 5.12211 6.66406 6.39888 6.23051 9.12319 6.03143 5.50027 7.0895 5.14117 4.80012 6.60488 5.36542
threshold=1.0000000180025095e-35 0.22165000000000004 1.0000000180025095e-35 0.11125 9.5000000000000018 1.0000000180025095e-35 0.23045000000000002 1.0000000180025095e-35 1.0000000180025095e-35 0.027850000000000003 1.0000000180025095e-35 1.0000000180025095e-35 1.0000000180025095e-35 1.0000000180025095e-35
decision_type=2 2 2 2 2 2 2 2 2 2 2 2 2 2
left_child=2 -2 5 -4 -5 7 -7 8 10 -10 11 12 -1 -13
right_child=1 -3 3 4 -6 6 -8 -9 9 -11 -12 13 -14 -15
leaf_value=-2.0637401631871538e-05 0.004476081982233324 -0.017335094765632646 -0.0056053210374747602 0.024922449899216492 0.0056944483764848472 -0.0033850673968462567 0.017439732916634549 0.01226031923552557 0.026145972390141756 -0.0023366684498994247 -0.0060260418432199975 -0.00067343621284673028 0.0087263640727567159 -0.0084554820986919698
leaf_weight=14850 81 112 81 55 172 90 117 93 40 41 371 600 214 347
leaf_count=14850 81 112 81 55 172 90 117 93 40 41 371 600 214 347
internal_value=2.37164e-05 -0.00829931 0.000120217 0.00645753 0.0107899 1.88538e-06 0.00851918 -0.000107146 -0.000180712 0.0124312 -0.000246845 -0.000111092 0.000106477 -0.00355437
internal_weight=17264 193 17071 308 227 16763 207 16556 16463 81 16382 16011 15064 947
internal_count=17264 193 17071 308 227 16763 207 16556 16463 81 16382 16011 15064 947
is_linear=0
shrinkage=0.05


Tree=176
num_leaves=15
num_cat=0
split_feature=227 223 73 389 243 1 275 4 405 156 257 6 26 2
split_gain=6.02053 5.02583 4.82507 4.67677 4.27396 22.1392 4.62565 4.97155 4.54911 4.7298 4.18622 4.67064 4.15793 5.3838
threshold=1.0000000180025095e-35 1.0000000180025095e-35 1.0000000180025095e-35 1.0000000180025095e-35 1.0000000180025095e-35 1.0000000180025095e-35 1.0000000180025095e-35 0.83915000000000006 1.0000000180025095e-35 1.0000000180025095e-35 1.0000000180025095e-35 9.5000000000000018 1.0000000180025095e-35 1.5000000000000002
decision_type=2 2 2 2 2 2 2 2 2 2 2 2 2 2
left_child=1 2 3 4 6 -6 8 -8 9 10 12 -12 -1 -14
right_child=-2 -3 -4 -5 5 -7 7 -9 -10 -11 11 -13 13 -15
leaf_value=0.00017641413486105641 0.012463737524289172 -0.0099947375389708853 0.010717768895379995 -0.010840647617199769 -0.006012277204656833 0.028622585123306829 -0.0011205382421254539 -0.021668300367891788 -0.011681173101096648 0.012634199015892945 0.001825585654546328 0.013761860069859286 -0.014734066094959451 0.001589950237122148
leaf_weight=15847 95 116 104 91 114 71 73 45 75 72 292 110 102 94
leaf_count=15847 95 116 104 91 114 71 73 45 75 72 292 110 102 94
internal_value=0.000230794 0.00015965 0.000231477 0.000164138 0.000226602 0.00768345 0.000141772 -0.00951884 0.000213323 0.000270852 0.000212899 0.00522067 8.58286e-05 -0.0070604
internal_weight=17301 17206 17090 16986 16895 185 16710 118 16592 16517 16445 402 16043 196
internal_count=17301 17206 17090 16986 16895 185 16710 118 16592 16517 16445 402 16043 196
is_linear=0
shrinkage=0.05


Tree=177
num_leaves=15
num_cat=0
split_feature=306 191 3 16 37 214 79 144 391 3 6 1 2 404
split_gain=5.59891 7.68541 6.5869 12.4263 11.1662 10.0961 9.27232 6.64937 6.45193 5.92568 5.22804 5.13128 7.97709 4.84267
threshold=1.0000000180025095e-35 1.0000000180025095e-35 -0.036649999999999995 1.0000000180025095e-35 1.0000000180025095e-35 1.0000000180025095e-35 1.0000000180025095e-35 1.0000000180025095e-35 1.0000000180025095e-35 -0.028849999999999997 11.500000000000002 1.0000000180025095e-35 1.5000000000000002 1.0000000180025095e-35
decision_type=2 2 2 2 2 2 2 2 2 2 2 2 2 2
left_child=1 2 3 4 5 6 7 10 9 -4 -1 12 -2 -13
right_child=11 -3 8 -5 -6 -7 -8 -9 -10 -11 -12 13 -14 -15
leaf_value=0.0025357104592969304 0.0013933267108210059 0.0071134498612867763 -0.01018751238536989 -0.020851565141166595 0.023704784998639688 0.024912845087237658 0.023890614715662409 0.020422423242226893 -0.011174384916701648 -1.7724642156191427e-05 -0.0016465891878799039 -0.010247448730611735 -0.01661633964142074 0.0056336960549554635
leaf_weight=2488 560 421 140 53 56 43 42 41 129 11780 1063 321 64 53
leaf_count=2488 560 421 140 53 56 43 42 41 129 11780 1063 321 64 53
internal_value=0.00026255 0.000486106 0.000307717 0.00212548 0.00247915 0.00212414 0.00182063 0.00152972 -0.000264098 -0.00014139 0.00128317 -0.00336312 -0.000571221 -0.00795228
internal_weight=17254 16256 15835 3786 3733 3677 3634 3592 12049 11920 3551 998 624 374
internal_count=17254 16256 15835 3786 3733 3677 3634 3592 12049 11920 3551 998 624 374
is_linear=0
shrinkage=0.05


Tree=178
num_leaves=15
num_cat=0
split_feature=64 220 308 4 6 378 3 90 200 2 243 172 292 1
split_gain=5.91414 4.80468 5.08885 7.76419 5.48167 5.0091 4.97913 4.72081 5.16594 5.203 12.4204 8.51579 8.45095 8.42432
threshold=1.0000000180025095e-35 1.0000000180025095e-35 1.0000000180025095e-35 0.92685000000000006 8.5000000000000018 1.0000000180025095e-35 0.87695000000000012 1.0000000180025095e-35 1.0000000180025095e-35 1.0000000180025095e-35 1.0000000180025095e-35 1.0000000180025095e-35 1.0000000180025095e-35 1.0000000180025095e-35
decision_type=2 2 2 2 2 2 2 2 2 2 2 2 2 2
left_child=1 2 5 4 -4 7 -7 8 9 10 11 12 -1 -12
right_child=-2 -3 3 -5 -6 6 -8 -9 -10 -11 13 -13 -14 -15
leaf_value=0.00038291063166756844 -0.013105891956891642 -0.010095857054011913 -0.0006620175959383194 -0.0078060552022523357 0.012488492836561822 0.0019952861981287805 0.023600420173671512 0.0057788981303573952 -0.0083096963932385321 -0.00088902886340856571 0.0035135658336924269 0.019774256116742717 0.01562053763267139 0.028336341109345943
leaf_weight=8368 78 106 112 85 262 68 40 356 180 7296 72 53 87 63
leaf_count=8368 78 106 112 85 262 68 40 356 180 7296 72 53 87 63
internal_value=0.000208884 0.000273251 0.000340688 0.00550523 0.00859359 0.000196123 0.0106874 0.000124127 -2.51617e-06 9.38737e-05 0.000923627 0.000680149 0.000548842 0.0156958
internal_weight=17226 17148 17042 459 374 16583 108 16475 16119 15939 8643 8508 8455 135
internal_count=17226 17148 17042 459 374 16583 108 16475 16119 15939 8643 8508 8455 135
is_linear=0
shrinkage=0.05


Tree=179
num_leaves=15
num_cat=0
split_feature=16 154 3 2 267 116 85 4 141 3 3 289 250 216
split_gain=6.19552 5.52124 11.8682 5.35168 4.33321 4.5302 4.22786 5.84733 3.98922 4.07172 3.93744 3.82935 4.78665 4.79409
threshold=1.0000000180025095e-35 1.0000000180025095e-35 0.80505000000000015 1.0000000180025095e-35 1.0000000180025095e-35 1.0000000180025095e-35 1.0000000180025095e-35 0.6583500000000001 1.0000000180025095e-35 0.76950000000000007 0.044750000000000005 1.0000000180025095e-35 1.0000000180025095e-35 1.0000000180025095e-35
decision_type=2 2 2 2 2 2 2 2 2 2 2 2 2 2
left_child=1 4 -3 10 5 6 8 -8 11 -10 -2 12 13 -1
right_child=3 2 -4 -5 -6 -7 7 -9 9 -11 -12 -13 -14 -15
leaf_value=-9.3863956451486404e-05 -0.011875317658743133 -0.0043008455194885262 0.01456426915487025 -0.019843791237670102 -0.011434312834597489 0.0096874610990377481 -2.1547328313471569e-05 -0.023099532047722568 -0.014740472680164707 0.0022536074223576999 0.0083076159944575206 0.006360698650752632 0.0099695510835163606 0.0092324986504457845
leaf_weight=15841 41 143 189 67 77 117 66 42 85 56 46 240 116 134
leaf_count=15841 41 143 189 67 77 117 66 42 85 56 46 240 116 134
internal_value=6.75428e-05 0.000158813 0.00649538 -0.00975679 3.14984e-05 8.77815e-05 1.71393e-05 -0.00962131 8.3235e-05 -0.00814502 -0.00133235 0.000156748 6.22679e-05 -1.27691e-05
internal_weight=17260 17106 332 154 16774 16697 16580 108 16472 141 87 16331 16091 15975
internal_count=17260 17106 332 154 16774 16697 16580 108 16472 141 87 16331 16091 15975
is_linear=0
shrinkage=0.05


Tree=180
num_leaves=15
num_cat=0
split_feature=396 1 169 243 1 168 4 127 96 6 335 252 21 53
split_gain=6.21626 6.96476 5.73866 5.50492 14.8107 5.43284 9.78217 4.44351 4.63802 8.18453 4.86108 4.78053 5.9641 4.5192
threshold=1.0000000180025095e-35 1.0000000180025095e-35 1.0000000180025095e-35 1.0000000180025095e-35 1.0000000180025095e-35 1.0000000180025095e-35 0.28445000000000004 1.0000000180025095e-35 1.0000000180025095e-35 8.5000000000000018 1.0000000180025095e-35 1.0000000180025095e-35 1.0000000180025095e-35 1.0000000180025095e-35
decision_type=2 2 2 2 2 2 2 2 2 2 2 2 2 2
left_child=2 -2 3 5 -5 7 -7 8 10 -10 11 12 13 -1
right_child=1 -3 -4 4 -6 6 -8 -9 9 -11 -12 -13 -14 -15
leaf_value=-0.00067780296780285752 0.02057037685190638 -0.0037863058385019209 -0.012881957297998198 -0.0027910071790443157 0.026341038134316326 -0.0059076288618477224 0.026515054509189784 0.010197396536357701 -0.0095926416650886706 0.0096651277675846373 0.011805163812823594 0.0070750101254404216 0.0064598715505241574 -0.0080282594892470919
leaf_weight=15636 70 46 84 111 66 40 46 95 66 251 75 198 285 207
leaf_count=15636 70 46 84 111 66 40 46 95 66 251 75 198 285 207
internal_value=-0.00013891 0.0111544 -0.000218478 -0.000152432 0.00849702 -0.000245513 0.0119387 -0.000311367 -0.000374114 0.00556893 -0.000490644 -0.000550727 -0.00064651 -0.000776344
internal_weight=17276 116 17160 17076 177 16899 86 16813 16718 317 16401 16326 16128 15843
internal_count=17276 116 17160 17076 177 16899 86 16813 16718 317 16401 16326 16128 15843
is_linear=0
shrinkage=0.05


Tree=181
num_leaves=15
num_cat=0
split_feature=3 195 379 221 378 6 79 361 124 3 0 210 271 279
split_gain=5.60167 9.79136 8.24799 7.83008 7.68857 7.30022 6.39142 6.39363 6.13364 5.89638 7.51194 7.6358 7.11781 6.31764
threshold=0.0025500000000000006 1.0000000180025095e-35 1.0000000180025095e-35 1.0000000180025095e-35 1.0000000180025095e-35 14.500000000000002 1.0000000180025095e-35 1.0000000180025095e-35 1.0000000180025095e-35 -0.83409999999999995 0.70833333333333337 1.0000000180025095e-35 1.0000000180025095e-35 1.0000000180025095e-35
decision_type=2 2 2 2 2 2 2 2 2 2 2 2 2 2
left_child=1 2 3 5 -2 6 7 8 9 10 13 12 -12 -1
right_child=4 -3 -4 -5 -6 -7 -8 -9 -10 -11 11 -13 -14 -15
leaf_value=-0.01008569379582217 -0.00066106767186721919 0.022762322218930528 0.022027342037317602 0.018519526320908749 0.01417536502386528 -0.0067439885158244971 0.01818429633975029 0.018324979448269281 0.009320027044594505 0.0019492284004719849 -0.001326035790651164 0.016167569149817741 0.018236716553413621 0.0061810954486670559
leaf_weight=356 11455 48 42 58 83 299 50 48 201 2918 1487 65 43 68
leaf_count=356 11455 48 42 58 83 299 50 48 201 2918 1487 65 43 68
internal_value=8.46194e-05 0.00136886 0.00116661 0.00099042 -0.000548246 0.000790188 0.00122645 0.00104559 0.000866508 0.000513259 -0.00156179 1.79043e-05 -0.000718621 -0.00743523
internal_weight=17221 5683 5635 5593 11538 5535 5236 5186 5138 4937 2019 1595 1530 424
internal_count=17221 5683 5635 5593 11538 5535 5236 5186 5138 4937 2019 1595 1530 424
is_linear=0
shrinkage=0.05


Tree=182
num_leaves=15
num_cat=0
split_feature=210 0 308 6 41 4 199 0 306 352 5 263 34 360
split_gain=5.02208 7.84032 4.7254 6.47753 5.78067 9.40792 4.19628 7.76518 4.04581 5.85135 4.63786 4.56778 4.90239 4.69005
threshold=1.0000000180025095e-35 0.58333333333333337 1.0000000180025095e-35 8.5000000000000018 1.0000000180025095e-35 0.86695000000000011 1.0000000180025095e-35 0.87500000000000011 1.0000000180025095e-35 1.0000000180025095e-35 1.0000000180025095e-35 1.0000000180025095e-35 1.0000000180025095e-35 1.0000000180025095e-35
decision_type=2 2 2 2 2 2 2 2 2 2 2 2 2 2
left_child=2 -2 4 -4 6 -6 8 -8 9 11 -10 13 -13 -1
right_child=1 -3 3 -5 5 -7 7 -9 10 -11 -12 12 -14 -15
leaf_value=-0.00015879716914788137 -0.0081899643739840652 0.016244630460933624 -0.0036366565893685456 0.0090336226945784397 -0.0068102557415311987 0.019652039544390782 0.025438025320569674 -0.0028143631560461867 -0.0042731328791271754 0.0097901181934635772 0.0092069781641813293 0.0089247011059765211 -0.0058488818523410252 -0.011362902251904474
leaf_weight=14764 43 106 144 315 50 86 40 51 900 146 64 253 68 89
leaf_count=14764 43 106 144 315 50 86 40 51 900 146 64 253 68 89
internal_value=0.000167509 0.00915608 8.59144e-05 0.00506228 -5.39175e-05 0.0100267 -0.000140676 0.0102824 -0.000202061 -3.88097e-06 -0.0033353 -0.00010131 0.00575339 -0.000229734
internal_weight=17119 149 16970 459 16511 136 16375 91 16284 15320 964 15174 321 14853
internal_count=17119 149 16970 459 16511 136 16375 91 16284 15320 964 15174 321 14853
is_linear=0
shrinkage=0.05


Tree=183
num_leaves=15
num_cat=0
split_feature=137 4 385 60 5 203 68 174 185 107 356 4 119 6
split_gain=5.41902 8.39537 5.47395 5.23902 5.14381 4.81092 4.69038 4.73643 4.52237 4.30231 4.22966 4.19673 4.07086 6.16654
threshold=1.0000000180025095e-35 0.86030000000000018 1.0000000180025095e-35 1.0000000180025095e-35 1.0000000180025095e-35 1.0000000180025095e-35 1.0000000180025095e-35 1.0000000180025095e-35 1.0000000180025095e-35 1.0000000180025095e-35 1.0000000180025095e-35 0.63590000000000013 1.0000000180025095e-35 12.500000000000002
decision_type=2 2 2 2 2 2 2 2 2 2 2 2 2 2
left_child=2 -2 3 5 -4 6 7 8 9 10 12 -7 -1 -14
right_child=1 -3 4 -5 -6 11 -8 -9 -10 -11 -12 -13 13 -15
leaf_value=-0.00048041420959080464 -0.00072634467168858179 0.025667334813624623 0.0034446700171857875 -0.011009587378690153 0.021845906149595976 0.0017334838618046128 0.007708404909594126 0.0076153249993372047 0.0082922831949356294 0.010732268861988012 0.0091369010059029945 0.0208971604378894 -0.0017862761219097217 -0.015255219748661179
leaf_weight=15617 71 47 169 107 45 69 179 181 143 80 107 45 324 111
leaf_count=15617 71 47 169 107 45 69 179 181 143 80 107 45 324 111
internal_value=-5.51134e-05 0.0104024 -0.000129959 -0.000231296 0.00772451 -0.000159632 -0.000230769 -0.00031887 -0.000408829 -0.00048798 -0.000546832 0.00985828 -0.000614207 -0.00535748
internal_weight=17295 118 17177 16963 214 16856 16742 16563 16382 16239 16159 114 16052 435
internal_count=17295 118 17177 16963 214 16856 16742 16563 16382 16239 16159 114 16052 435
is_linear=0
shrinkage=0.05


Tree=184
num_leaves=15
num_cat=0
split_feature=243 1 386 162 52 3 188 202 3 105 1 304 124 83
split_gain=5.13965 9.81331 4.48172 4.08997 4.0243 6.8614 4.03679 4.02858 3.85803 6.99524 5.30375 7.18446 8.53523 6.90368
threshold=1.0000000180025095e-35 1.0000000180025095e-35 1.0000000180025095e-35 1.0000000180025095e-35 1.0000000180025095e-35 0.77855000000000008 1.0000000180025095e-35 1.0000000180025095e-35 0.91415000000000013 1.0000000180025095e-35 1.0000000180025095e-35 1.0000000180025095e-35 1.0000000180025095e-35 1.0000000180025095e-35
decision_type=2 2 2 2 2 2 2 2 2 2 2 2 2 2
left_child=2 -2 3 4 6 -6 7 8 10 -10 11 -1 13 -13
right_child=1 -3 -4 -5 5 -7 -8 -9 9 -11 -12 12 -14 -15
leaf_value=0.00078000113062272856 -0.00096666497281856019 0.023149248487217694 0.012015004809945821 -0.010537888058932143 0.0014813363707313935 0.024402061424663533 -0.0063185162232432786 -0.0087152653716504585 -0.0027209558436647541 0.0077871819824280077 -0.00081324047149727635 0.0054617110194094065 0.021046624759424339 -0.0076452107314506305
leaf_weight=8703 103 66 75 84 115 41 234 120 1777 169 4627 818 74 110
leaf_count=8703 103 66 75 84 115 41 234 120 1777 169 4627 818 74 110
internal_value=0.000296318 0.00884596 0.000208475 0.000152448 0.00020906 0.00807612 0.000132866 0.000226825 0.000295401 -0.00179076 0.000579186 0.00124312 0.00524178 0.00387544
internal_weight=17116 169 16947 16872 16788 156 16632 16398 16278 1946 14332 9705 1002 928
internal_count=17116 169 16947 16872 16788 156 16632 16398 16278 1946 14332 9705 1002 928
is_linear=0
shrinkage=0.05


Tree=185
num_leaves=15
num_cat=0
split_feature=175 396 243 2 4 227 6 4 73 92 152 4 68 4
split_gain=4.56263 4.95402 4.90162 13.9724 10.0445 4.95965 4.37624 8.78057 6.83009 5.60212 5.43282 6.82254 4.7713 4.88917
threshold=1.0000000180025095e-35 1.0000000180025095e-35 1.0000000180025095e-35 1.0000000180025095e-35 0.18985000000000005 1.0000000180025095e-35 13.500000000000002 0.34405000000000002 1.0000000180025095e-35 1.0000000180025095e-35 1.0000000180025095e-35 0.10735000000000001 1.0000000180025095e-35 0.74385000000000012
decision_type=2 2 2 2 2 2 2 2 2 2 2 2 2 2
left_child=1 2 5 4 -4 6 8 -8 9 10 12 -12 -1 -14
right_child=-2 -3 3 -5 -6 -7 7 -9 -10 -11 11 -13 13 -15
leaf_value=6.6051794166852514e-05 -0.011367476590757453 0.010431561803715862 -0.0042293287021048526 -0.014706251055330917 0.024378015016041258 0.011594757449853679 0.0012210686797268985 -0.0059076975397801814 0.013960561903400554 -0.0081461178259321712 -0.0051787881746089889 0.016598413632406543 0.00098624373336364947 0.019360959365820656
leaf_weight=14433 81 112 42 46 97 87 841 880 85 196 51 103 83 60
leaf_count=14433 81 112 42 46 97 87 841 880 85 196 51 103 83 60
internal_value=0.000120491 0.000178161 0.000107578 0.00809348 0.0158874 1.73582e-05 -4.62857e-05 -0.00243064 0.000227797 0.000144944 0.000257993 0.00945042 0.000157665 0.00908954
internal_weight=17197 17116 17004 185 139 16819 16732 1721 15011 14926 14730 154 14576 143
internal_count=17197 17116 17004 185 139 16819 16732 1721 15011 14926 14730 154 14576 143
is_linear=0
shrinkage=0.05


Tree=186
num_leaves=15
num_cat=0
split_feature=12 4 174 3 249 309 1 351 102 83 338 335 139 83
split_gain=4.89112 12.7124 5.01124 4.87148 7.04625 6.95226 6.77165 6.08432 6.19731 5.84066 5.84007 5.62607 4.80591 4.73075
threshold=1.0000000180025095e-35 0.61220000000000008 1.0000000180025095e-35 0.91415000000000013 1.0000000180025095e-35 1.0000000180025095e-35 1.0000000180025095e-35 1.0000000180025095e-35 1.0000000180025095e-35 1.0000000180025095e-35 1.0000000180025095e-35 1.0000000180025095e-35 1.0000000180025095e-35 1.0000000180025095e-35
decision_type=2 2 2 2 2 2 2 2 2 2 2 2 2 2
left_child=2 -2 3 4 5 7 9 8 10 -7 11 -1 -5 -10
right_child=1 -3 -4 12 -6 6 -8 -9 13 -11 -12 -13 -14 -15
leaf_value=-0.00025493779097699121 -0.0058809275497440942 0.030437251503527579 0.0077675960185923116 -0.0031432542646347493 -0.0098036728584422524 0.01395149788949028 -0.0030371163834211415 0.0087360427666377909 -0.01463638280947057 -0.00042653258782453262 0.013712527384785445 0.014378131954281621 0.0093816223735302632 0.0043120128043154455
leaf_weight=13845 49 40 188 1923 177 239 144 187 121 99 71 61 75 42
leaf_count=13845 49 40 188 1923 177 239 144 187 121 99 71 61 75 42
internal_value=-0.000181825 0.0111926 -0.000244018 -0.00033496 -2.54134e-05 9.47277e-05 0.00596977 -0.000104939 -0.000224906 0.00979535 -0.000110126 -0.000185604 -0.00265086 -0.00977095
internal_weight=17261 89 17172 16984 14986 14809 482 14327 14140 338 13977 13906 1998 163
internal_count=17261 89 17172 16984 14986 14809 482 14327 14140 338 13977 13906 1998 163
is_linear=0
shrinkage=0.05


Tree=187
num_leaves=15
num_cat=0
split_feature=243 2 3 353 48 202 200 220 63 394 138 3 3 293
split_gain=5.96828 18.8164 6.4623 4.96833 5.00621 4.6429 4.43378 4.54251 4.36318 4.44226 4.39179 4.22683 4.18294 4.13502
threshold=1.0000000180025095e-35 1.0000000180025095e-35 -0.46194999999999992 1.0000000180025095e-35 1.0000000180025095e-35 1.0000000180025095e-35 1.0000000180025095e-35 1.0000000180025095e-35 1.0000000180025095e-35 1.0000000180025095e-35 1.0000000180025095e-35 0.039750000000000008 0.085000000000000006 1.0000000180025095e-35
decision_type=2 2 2 2 2 2 2 2 2 2 2 2 2 2
left_child=3 2 -2 4 5 6 7 8 9 10 13 -11 -4 -1
right_child=1 -3 12 -5 -6 -7 -8 -9 -10 11 -12 -13 -14 -15
leaf_value=0.00026471769147288604 0.031048843365604595 -0.018124425737187266 -0.0027314251855663635 0.011641678693605231 0.0077870427885430964 -0.0095814025618135932 -0.0069767114357623065 -0.010334296139441066 -0.0059606280159406203 0.00049152775296803434 0.0077678389722175556 -0.019831978285439172 0.019057730005847085 0.01036478314073939
leaf_weight=15720 54 43 41 89 205 120 214 97 273 49 196 48 40 97
leaf_count=15720 54 43 41 89 205 120 214 97 273 49 196 48 40 97
internal_value=0.000274328 0.00925607 0.0183131 0.000178201 0.000114851 1.90231e-05 9.08811e-05 0.000184745 0.00025016 0.000357225 0.000423351 -0.0100446 0.00851107 0.000329914
internal_weight=17286 178 135 17108 17019 16814 16694 16480 16383 16110 16013 97 81 15817
internal_count=17286 178 135 17108 17019 16814 16694 16480 16383 16110 16013 97 81 15817
is_linear=0
shrinkage=0.05


Tree=188
num_leaves=15
num_cat=0
split_feature=395 18 3 220 4 200 351 1 3 216 4 80 318 4
split_gain=4.67048 4.53951 4.52683 4.00196 4.20463 3.96664 4.22811 5.31209 7.63091 4.28859 9.26633 4.09711 4.74655 13.9419
threshold=1.0000000180025095e-35 1.0000000180025095e-35 0.014050000000000002 1.0000000180025095e-35 0.77465000000000017 1.0000000180025095e-35 1.0000000180025095e-35 1.0000000180025095e-35 0.87355000000000016 1.0000000180025095e-35 0.92575000000000007 1.0000000180025095e-35 1.0000000180025095e-35 0.082450000000000009
decision_type=2 2 2 2 2 2 2 2 2 2 2 2 2 2
left_child=1 3 -2 5 -5 6 9 8 -8 11 -11 12 -1 -14
right_child=2 -3 -4 4 -6 -7 7 -9 -10 10 -12 -13 13 -15
leaf_value=-0.00024331538893086388 -0.015517635336145759 0.010115359645538233 -0.0010659306831797934 -0.018904947032416731 0.001752647865028616 -0.0066395747996020049 0.012590677713091109 0.016156573473363297 -0.0075073731537149456 -0.0058537238510325551 0.016435210252909557 0.010747747300942054 -0.0020558357883791634 0.021963038184789032
leaf_weight=15708 90 106 128 52 42 215 79 86 103 75 110 82 167 89
leaf_count=15708 90 106 128 52 42 215 79 86 103 75 110 82 167 89
internal_value=-5.76222e-05 3.71459e-05 -0.00724639 -2.94018e-05 -0.0100526 2.99584e-05 0.000118855 0.00628963 0.0013199 1.50599e-05 0.0074829 -7.33436e-05 -0.000132275 0.00655526
internal_weight=17132 16914 218 16808 94 16714 16499 268 182 16231 185 16046 15964 256
internal_count=17132 16914 218 16808 94 16714 16499 268 182 16231 185 16046 15964 256
is_linear=0
shrinkage=0.05


Tree=189
num_leaves=15
num_cat=0
split_feature=144 201 2 399 209 1 97 234 231 20 6 23 177 4
split_gain=5.39681 5.24639 5.1177 5.01754 4.51542 10.852 3.86083 5.79028 4.06322 3.73138 3.88018 3.73831 4.24573 5.04145
threshold=1.0000000180025095e-35 1.0000000180025095e-35 1.0000000180025095e-35 1.0000000180025095e-35 1.0000000180025095e-35 1.0000000180025095e-35 1.0000000180025095e-35 1.0000000180025095e-35 1.0000000180025095e-35 1.0000000180025095e-35 9.5000000000000018 1.0000000180025095e-35 1.0000000180025095e-35 0.64665000000000006
decision_type=2 2 2 2 2 2 2 2 2 2 2 2 2 2
left_child=1 3 -2 4 6 -6 7 8 9 11 -11 12 -1 -14
right_child=2 -3 -4 -5 5 -7 -8 -9 -10 10 -12 -13 13 -15
leaf_value=0.00057239806666353863 0.016754517202144086 -0.011715557576221489 -0.0033560370989874303 -0.0115147502164066 0.00069093615055268963 -0.026246276761997828 -0.0060301263779439958 0.0093006368239783813 -0.0057960980111188415 0.002817943630119165 -0.014140919526892433 -0.0045366359688403376 5.4751605014590664e-05 -0.021449817880056801
leaf_weight=15436 87 90 46 88 116 50 239 172 272 52 84 372 63 43
leaf_count=15436 87 90 46 88 116 50 239 172 272 52 84 372 63 43
internal_value=8.13307e-05 1.74749e-06 0.0099294 6.72569e-05 0.000130957 -0.00795288 0.000213505 0.000305776 0.000208169 0.000311697 -0.00778666 0.000383329 0.00050251 -0.00924206
internal_weight=17210 17077 133 16987 16899 166 16733 16494 16322 16050 136 15914 15542 106
internal_count=17210 17077 133 16987 16899 166 16733 16494 16322 16050 136 15914 15542 106
is_linear=0
shrinkage=0.05


Tree=190
num_leaves=15
num_cat=0
split_feature=162 293 241 149 186 119 6 68 401 405 5 147 39 102
split_gain=6.14948 4.73795 3.80813 4.28642 4.14621 3.92533 6.39527 3.89255 4.8354 5.2873 4.50409 6.38137 6.20244 6.09687
threshold=1.0000000180025095e-35 1.0000000180025095e-35 1.0000000180025095e-35 1.0000000180025095e-35 1.0000000180025095e-35 1.0000000180025095e-35 12.500000000000002 1.0000000180025095e-35 1.0000000180025095e-35 1.0000000180025095e-35 1.0000000180025095e-35 1.0000000180025095e-35 1.0000000180025095e-35 1.0000000180025095e-35
decision_type=2 2 2 2 2 2 2 2 2 2 2 2 2 2
left_child=1 2 3 4 5 7 -7 8 9 10 -1 12 13 -12
right_child=-2 -3 -4 -5 -6 6 -8 -9 -10 -11 11 -13 -14 -15
leaf_value=0.00050864678497045666 -0.012874127349690692 0.010791693975121898 -0.0031573532420437465 -0.010301796365929868 -0.0081347930650461277 -0.00017619592276240683 -0.012866476985315482 0.0082462801237679316 -0.0078951327015185768 -0.012217173453595761 0.0027030923940862222 0.019032751518086748 0.014840825729794345 -0.012830488096155666
leaf_weight=13971 84 102 783 88 134 336 136 163 161 74 895 60 93 63
leaf_count=13971 84 102 783 88 134 336 136 163 161 74 895 60 93 63
internal_value=0.000234906 0.00030321 0.000236957 0.000402204 0.000463944 0.000538701 -0.00392926 0.000676158 0.000592934 0.000685676 0.000753012 0.00380989 0.00285484 0.00162026
internal_weight=17143 17059 16957 16174 16086 15952 472 15480 15317 15156 15082 1111 1051 958
internal_count=17143 17059 16957 16174 16086 15952 472 15480 15317 15156 15082 1111 1051 958
is_linear=0
shrinkage=0.05


Tree=191
num_leaves=15
num_cat=0
split_feature=227 41 4 103 158 3 277 342 80 209 1 321 4 4
split_gain=4.69239 4.90361 10.54 4.4054 4.752 12.1299 4.23995 4.16468 4.14093 3.79106 3.76467 3.48251 4.53415 3.31008
threshold=1.0000000180025095e-35 1.0000000180025095e-35 0.86695000000000011 1.0000000180025095e-35 1.0000000180025095e-35 -0.73364999999999991 1.0000000180025095e-35 1.0000000180025095e-35 1.0000000180025095e-35 1.0000000180025095e-35 1.0000000180025095e-35 1.0000000180025095e-35 0.014450000000000003 0.91885000000000006
decision_type=2 2 2 2 2 2 2 2 2 2 2 2 2 2
left_child=1 3 -3 4 6 -6 7 8 9 11 -11 13 -13 -1
right_child=-2 2 -4 -5 5 -7 -8 -9 -10 10 -12 12 -14 -15
leaf_value=-0.00017355669661135275 0.01078030775425975 -0.0086808280375870791 0.01925052312704233 0.009788593378300979 0.028621653221547607 -0.00053042661788505179 -0.011548587215284623 0.010893162062828556 0.010345485040240666 -0.0027807773416059032 -0.019243865909699637 -0.0069873595762313633 0.010838760487469179 -0.0019637694488857525
leaf_weight=12894 92 50 86 102 45 124 81 76 83 111 47 44 135 3224
leaf_count=12894 92 50 86 102 45 124 81 76 83 111 47 44 135 3224
internal_value=-0.000185957 -0.000248084 0.00903796 -0.000325162 -0.000389217 0.00783137 -0.000474752 -0.000417304 -0.000472558 -0.000530251 -0.00811811 -0.000454219 0.00638612 -0.000532142
internal_weight=17194 17102 136 16966 16864 169 16695 16614 16538 16455 158 16297 179 16118
internal_count=17194 17102 136 16966 16864 169 16695 16614 16538 16455 158 16297 179 16118
is_linear=0
shrinkage=0.05


Tree=192
num_leaves=15
num_cat=0
split_feature=177 237 21 111 4 53 168 231 187 174 393 6 4 339
split_gain=4.21814 3.97795 4.06074 4.84185 8.67938 4.40474 3.80575 3.70662 3.63456 3.93447 3.74732 6.08197 3.50969 3.32928
threshold=1.0000000180025095e-35 1.0000000180025095e-35 1.0000000180025095e-35 1.0000000180025095e-35 0.14655000000000004 1.0000000180025095e-35 1.0000000180025095e-35 1.0000000180025095e-35 1.0000000180025095e-35 1.0000000180025095e-35 1.0000000180025095e-35 8.5000000000000018 0.17190000000000003 1.0000000180025095e-35
decision_type=2 2 2 2 2 2 2 2 2 2 2 2 2 2
left_child=1 2 3 5 -5 6 7 8 9 10 13 -12 -2 -1
right_child=12 -3 -4 4 -6 -7 -8 -9 -10 -11 11 -13 -14 -15
leaf_value=-0.00013301692858171574 0.00173485204577446 0.0063799706154241582 0.0057711650572754378 -0.0046417640134071318 0.025539586953818801 -0.0074806627301732091 0.011222104503773154 -0.0058332367879202606 -0.009718992301924646 0.0075458135237651217 -0.0061804058951662579 0.016645300093038783 -0.015872733945647876 0.0074019656403342612
leaf_weight=15467 44 248 301 43 45 195 70 269 90 170 42 77 70 143
leaf_count=15467 44 248 301 43 45 195 70 269 90 170 42 77 70 143
internal_value=9.17389e-05 0.000156749 6.36325e-05 -4.14965e-05 0.0113352 -0.000105499 -1.51563e-05 -6.69744e-05 3.18308e-05 9.00658e-05 7.11126e-06 0.0086648 -0.00928947 -6.16425e-05
internal_weight=17274 17160 16912 16611 88 16523 16328 16258 15989 15899 15729 119 114 15610
internal_count=17274 17160 16912 16611 88 16523 16328 16258 15989 15899 15729 119 114 15610
is_linear=0
shrinkage=0.05


Tree=193
num_leaves=15
num_cat=0
split_feature=243 1 52 210 337 4 386 347 4 4 12 346 310 316
split_gain=4.33703 13.4055 4.14209 3.9385 3.94294 5.68842 3.88732 3.70915 6.89078 4.55136 9.30248 7.74979 7.17127 6.88858
threshold=1.0000000180025095e-35 1.0000000180025095e-35 1.0000000180025095e-35 1.0000000180025095e-35 1.0000000180025095e-35 0.6724500000000001 1.0000000180025095e-35 1.0000000180025095e-35 0.91755000000000009 0.49015000000000003 1.0000000180025095e-35 1.0000000180025095e-35 1.0000000180025095e-35 1.0000000180025095e-35
decision_type=2 2 2 2 2 2 2 2 2 2 2 2 2 2
left_child=2 -2 3 4 6 -6 7 9 -9 12 11 13 -1 -11
right_child=1 -3 -4 -5 5 -7 -8 8 -10 10 -12 -13 -14 -15
leaf_value=0.00034530430215287021 -0.0031441053604347666 0.024419827529624717 0.008022841110963512 0.0081380860756474493 -0.0028404587229791407 0.021670579746365548 0.010654675157134792 0.0096997980692356614 -0.0014192499548981721 -0.0012695457905153541 0.02121543818679841 -0.013306699018606819 0.016649795827620172 0.014957812990090162
leaf_weight=8258 109 68 157 142 43 45 78 258 294 7486 41 128 63 61
leaf_count=8258 109 68 157 142 43 45 78 258 294 7486 41 128 63 61
internal_value=0.000147774 0.00782538 6.58197e-05 -1.04652e-05 -8.1932e-05 0.0101848 -0.000139178 -0.000193124 0.00381812 -0.00033234 -0.00120669 -0.0013402 0.000478674 -0.00112857
internal_weight=17231 177 17054 16897 16755 88 16667 16589 552 16037 7716 7675 8321 7547
internal_count=17231 177 17054 16897 16755 88 16667 16589 552 16037 7716 7675 8321 7547
is_linear=0
shrinkage=0.05


Tree=194
num_leaves=15
num_cat=0
split_feature=243 2 4 338 304 279 4 1 257 279 39 159 298 4
split_gain=5.61522 20.3177 11.5219 5.20483 5.68455 9.42849 8.06287 8.24782 7.01426 4.7457 11.0304 8.62197 7.49032 4.9556
threshold=1.0000000180025095e-35 1.0000000180025095e-35 0.15275000000000002 1.0000000180025095e-35 1.0000000180025095e-35 1.0000000180025095e-35 0.64665000000000006 1.0000000180025095e-35 1.0000000180025095e-35 1.0000000180025095e-35 1.0000000180025095e-35 1.0000000180025095e-35 1.0000000180025095e-35 0.79465000000000008
decision_type=2 2 2 2 2 2 2 2 2 2 2 2 2 2
left_child=3 2 -2 4 9 6 7 -6 -8 11 12 13 -11 -1
right_child=1 -3 -4 -5 5 -7 8 -9 -10 10 -12 -13 -14 -15
leaf_value=-0.00022743391878083942 -0.004359896332025528 -0.019818189491828286 0.026772942266526441 0.011783131883155717 0.00467010724277633 -0.0030716498974606866 0.010921864005396385 -0.0060463963164440254 -0.0038383717082210427 0.0015444637502738871 0.014912593988032123 0.01073380644022493 -0.016381921612306453 -0.0022641198199631002
leaf_weight=8956 40 43 98 87 548 569 535 261 92 1302 148 156 56 4477
leaf_count=8956 40 43 98 87 548 569 535 261 92 1302 148 156 56 4477
internal_value=1.57742e-05 0.00865669 0.017912 -7.77164e-05 -0.000141488 0.00235651 0.00451056 0.00119684 0.00874286 -0.000473956 0.00218461 -0.000769286 0.000747848 -0.000906818
internal_weight=17368 181 138 17187 17100 2005 1436 809 627 15095 1506 13589 1358 13433
internal_count=17368 181 138 17187 17100 2005 1436 809 627 15095 1506 13589 1358 13433
is_linear=0
shrinkage=0.05


Tree=195
num_leaves=15
num_cat=0
split_feature=402 243 1 202 6 152 4 269 185 4 120 367 119 6
split_gain=5.41483 5.47098 18.629 5.07525 4.93743 11.2741 6.59462 5.63299 5.49685 5.45788 5.12526 4.75952 5.05685 6.04554
threshold=1.0000000180025095e-35 1.0000000180025095e-35 1.0000000180025095e-35 1.0000000180025095e-35 12.500000000000002 1.0000000180025095e-35 0.23045000000000002 1.0000000180025095e-35 1.0000000180025095e-35 0.23045000000000002 1.0000000180025095e-35 1.0000000180025095e-35 1.0000000180025095e-35 13.500000000000002
decision_type=2 2 2 2 2 2 2 2 2 2 2 2 2 2
left_child=1 3 -3 4 5 7 -7 8 10 -10 -1 12 -6 -14
right_child=-2 2 -4 -5 11 6 -8 -9 9 -11 -12 -13 13 -15
leaf_value=0.00034770760457344463 0.010092325926396167 -0.0044467161525972186 0.027511192285097564 -0.0094672459791260398 -0.00073662218098988392 -0.00078776276670396335 0.023830686393474423 0.012180701571588334 -0.00051245528738945727 0.023613165056004245 0.014009738309929768 -0.013685820216336584 -0.024484692692756653 -0.0023160346106372099
leaf_weight=13619 139 107 73 128 2576 40 78 99 43 46 64 74 45 83
leaf_count=13619 139 107 73 128 2576 40 78 99 43 46 64 74 45 83
internal_value=0.000436979 0.000355448 0.00890725 0.000261729 0.0003388 0.000721224 0.0157927 0.000587367 0.000499638 0.0125497 0.000416704 -0.00158478 -0.00122897 -0.0107372
internal_weight=17214 17075 180 16895 16767 13989 118 13871 13772 89 13683 2778 2704 128
internal_count=17214 17075 180 16895 16767 13989 118 13871 13772 89 13683 2778 2704 128
is_linear=0
shrinkage=0.05


Tree=196
num_leaves=15
num_cat=0
split_feature=137 4 189 4 63 20 6 257 306 404 279 39 191 127
split_gain=5.54047 7.18069 4.45517 8.9807 4.63291 4.66618 5.92774 4.42 5.42033 6.61802 5.25206 8.30256 6.26914 7.5987
threshold=1.0000000180025095e-35 0.86030000000000018 1.0000000180025095e-35 0.076750000000000013 1.0000000180025095e-35 1.0000000180025095e-35 9.5000000000000018 1.0000000180025095e-35 1.0000000180025095e-35 1.0000000180025095e-35 1.0000000180025095e-35 1.0000000180025095e-35 1.0000000180025095e-35 1.0000000180025095e-35
decision_type=2 2 2 2 2 2 2 2 2 2 2 2 2 2
left_child=2 -2 4 -4 5 7 -7 8 10 -10 12 -12 13 -1
right_child=1 -3 3 -5 -6 6 -8 -9 9 -11 11 -13 -14 -15
leaf_value=-0.00020982543438781049 2.2557894034045087e-05 0.025227767765522005 0.0024423013219313922 -0.019122846263150375 -0.0062747018201060227 0.005383913796775195 -0.016519260517218047 0.0051685461702661454 -0.0058359268255026645 0.0064198872818837342 0.0016898387926630677 0.012794769919414674 0.0097833723580050807 0.014287735104233354
leaf_weight=13344 65 45 102 85 279 44 85 438 679 127 1335 188 157 86
leaf_count=13344 65 45 102 85 279 44 85 438 679 127 1335 188 157 86
internal_value=4.46274e-05 0.0109823 -2.95768e-05 -0.00760276 5.71531e-05 0.0001662 -0.00912628 0.000242266 0.000105116 -0.00387713 0.00031875 0.00309802 6.18971e-06 -0.000111706
internal_weight=17059 110 16949 187 16762 16483 129 16354 15916 806 15110 1523 13587 13430
internal_count=17059 110 16949 187 16762 16483 129 16354 15916 806 15110 1523 13587 13430
is_linear=0
shrinkage=0.05


Tree=197
num_leaves=15
num_cat=0
split_feature=32 257 275 336 3 3 3 6 137 2 306 1 2 279
split_gain=4.06869 3.83569 6.6488 4.34425 4.32594 6.74045 5.25617 9.17182 3.73182 4.6868 3.84618 5.47624 6.05711 4.77798
threshold=1.0000000180025095e-35 1.0000000180025095e-35 1.0000000180025095e-35 1.0000000180025095e-35 0.90765000000000007 0.92295000000000016 0.0060500000000000007 7.5000000000000009 1.0000000180025095e-35 1.0000000180025095e-35 1.0000000180025095e-35 1.0000000180025095e-35 1.5000000000000002 1.0000000180025095e-35
decision_type=2 2 2 2 2 2 2 2 2 2 2 2 2 2
left_child=1 3 4 8 6 -6 -3 -8 10 -10 13 12 -12 -1
right_child=-2 2 -4 -5 5 -7 7 -9 9 -11 11 -13 -14 -15
leaf_value=0.00025713058406744068 -0.0090718860663140995 0.0032313651351544726 -0.01328043674222297 -0.0087022178003009956 -0.0098090905949356974 0.013894314020096013 0.003530854184180498 0.028749912151266845 0.020146764607893098 6.7397615160135673e-05 0.00233518849121715 -0.0081250745512816257 -0.014597796232750019 0.0031555074148934444
leaf_weight=14144 107 138 40 126 75 43 70 73 49 63 436 311 55 1576
leaf_count=14144 107 138 40 126 75 43 70 73 49 63 436 311 55 1576
internal_value=0.000427697 0.000489416 0.00507651 0.000367787 0.0070584 -0.000957725 0.0103825 0.0169413 0.000439085 0.00933768 0.000375956 -0.0029908 0.000310384 0.000548617
internal_weight=17306 17199 439 16760 399 118 281 143 16634 112 16522 802 491 15720
internal_count=17306 17199 439 16760 399 118 281 143 16634 112 16522 802 491 15720
is_linear=0
shrinkage=0.05


Tree=198
num_leaves=15
num_cat=0
split_feature=337 141 293 3 249 3 353 46 277 127 291 266 200 36
split_gain=6.01055 4.2803 4.23577 6.09252 4.29097 5.3117 4.68568 4.21588 4.01397 4.31057 4.16236 4.00996 4.71327 4.29086
threshold=1.0000000180025095e-35 1.0000000180025095e-35 1.0000000180025095e-35 0.56440000000000012 1.0000000180025095e-35 0.8851500000000001 1.0000000180025095e-35 1.0000000180025095e-35 1.0000000180025095e-35 1.0000000180025095e-35 1.0000000180025095e-35 1.0000000180025095e-35 1.0000000180025095e-35 1.0000000180025095e-35
decision_type=2 2 2 2 2 2 2 2 2 2 2 2 2 2
left_child=1 2 4 -4 6 -6 7 8 9 10 11 12 13 -1
right_child=-2 -3 3 -5 5 -7 -8 -9 -10 -11 -12 -13 -14 -15
leaf_value=0.00041150989925468282 0.012940738145559233 -0.0084761175976918769 0.021968712937086823 -0.0028123680038890822 -0.012215333326861987 0.004802334228314567 0.012511055452065378 0.011614028203993945 -0.01058927313260296 0.010759576386772097 -0.0084372343531177538 -0.0076631051125542193 -0.0068930119377046354 0.008825997382423725
leaf_weight=15688 89 134 49 44 139 64 74 77 80 93 132 151 214 148
leaf_count=15688 89 134 49 44 139 64 74 77 80 93 132 151 214 148
internal_value=0.000331847 0.000262406 0.000333956 0.010699 0.000273627 -0.00686369 0.000362643 0.000304677 0.000248418 0.000304408 0.000241602 0.000314895 0.000392316 0.000492911
internal_weight=17176 17087 16953 93 16860 203 16657 16583 16506 16426 16333 16201 16050 15836
internal_count=17176 17087 16953 93 16860 203 16657 16583 16506 16426 16333 16201 16050 15836
is_linear=0
shrinkage=0.05


Tree=199
num_leaves=15
num_cat=0
split_feature=88 4 103 334 321 2 312 308 216 257 4 3 20 3
split_gain=5.20504 5.20101 5.02923 4.74307 4.53293 5.94416 4.58605 6.2889 5.12185 4.22989 9.67171 5.15018 4.13702 4.22539
threshold=1.0000000180025095e-35 0.77465000000000017 1.0000000180025095e-35 1.0000000180025095e-35 1.0000000180025095e-35 1.0000000180025095e-35 1.0000000180025095e-35 1.0000000180025095e-35 1.0000000180025095e-35 1.0000000180025095e-35 0.80985000000000007 0.92295000000000016 1.0000000180025095e-35 0.052150000000000009
decision_type=2 2 2 2 2 2 2 2 2 2 2 2 2 2
left_child=2 -2 3 4 6 -6 7 9 -8 12 -11 -12 -1 -14
right_child=1 -3 -4 -5 5 -7 8 -9 -10 10 11 -13 13 -15
leaf_value=0.00021650261614893185 -0.0031103778396609494 -0.020631547099811604 0.011331499693019746 -0.010555159421637655 0.016100108014076082 -0.0023368571507685547 -0.0070931032426778525 0.0064154383725123004 0.0050314030777951456 0.020053168094653469 -0.0026006470618874962 0.015538940244975189 0.001554070039301069 -0.01681587662961748
leaf_weight=15052 464 42 99 95 98 74 388 422 108 83 207 43 54 67
leaf_count=15052 464 42 99 95 98 74 388 422 108 83 207 43 54 67
internal_value=0.000218981 -0.00475235 0.000370173 0.000301783 0.000367092 0.00832599 0.000281234 0.000429262 -0.00442922 0.000264331 0.00579648 0.00076287 0.000141048 -0.00888137
internal_weight=17296 506 16790 16691 16596 172 16424 15928 496 15506 333 250 15173 121
internal_count=17296 506 16790 16691 16596 172 16424 15928 496 15506 333 250 15173 121
is_linear=0
shrinkage=0.05


Tree=200
num_leaves=15
num_cat=0
split_feature=358 77 231 210 0 4 114 4 23 7 4 333 395 4
split_gain=6.51044 4.89372 4.98181 4.98459 9.83747 4.94284 4.79114 4.65574 4.46251 5.17065 6.16643 4.39833 6.76094 4.95689
threshold=1.0000000180025095e-35 1.0000000180025095e-35 1.0000000180025095e-35 1.0000000180025095e-35 0.58333333333333337 0.93495000000000006 1.0000000180025095e-35 0.62320000000000009 1.0000000180025095e-35 1.0000000180025095e-35 0.61220000000000008 1.0000000180025095e-35 1.0000000180025095e-35 0.37895000000000006
decision_type=2 2 2 2 2 2 2 2 2 2 2 2 2 2
left_child=1 2 3 6 -5 -6 8 -8 9 11 -11 12 -1 -13
right_child=-2 -3 -4 4 5 -7 7 -9 -10 10 -12 13 -14 -15
leaf_value=0.00044160297703648831 0.0096296205065686605 -0.008577939487230948 -0.0064754863324313298 -0.01105650727533632 0.0064589881874395141 0.028052272549215353 0.00054979604650654045 -0.021329470285597972 -0.0051580757211411466 0.00011902427372451012 0.023653411236591638 -0.0013808435098375798 -0.013781594505001391 -0.017541258895976675
leaf_weight=15750 174 158 276 40 61 48 46 46 372 60 47 142 79 67
leaf_count=15750 174 158 276 40 61 48 46 46 372 60 47 142 79 67
internal_value=0.000143262 4.44791e-05 0.000126951 0.00023759 0.00919169 0.0167813 0.00015452 -0.0109254 0.000219523 0.000344988 0.011051 0.000270139 0.000366288 -0.00685026
internal_weight=17366 17192 17034 16758 149 109 16609 92 16517 16145 107 16038 15829 209
internal_count=17366 17192 17034 16758 149 109 16609 92 16517 16145 107 16038 15829 209
is_linear=0
shrinkage=0.05


Tree=201
num_leaves=15
num_cat=0
split_feature=146 3 324 389 231 308 6 2 3 124 3 203 385 3
split_gain=4.85501 4.68104 4.0933 3.76948 3.45998 3.59341 6.47869 6.89833 4.50953 3.63369 6.53409 5.91706 4.74045 7.45507
threshold=1.0000000180025095e-35 -0.019949999999999999 1.0000000180025095e-35 1.0000000180025095e-35 1.0000000180025095e-35 1.0000000180025095e-35 8.5000000000000018 1.0000000180025095e-35 0.87020000000000008 1.0000000180025095e-35 -0.46194999999999992 1.0000000180025095e-35 1.0000000180025095e-35 -0.62319999999999987
decision_type=2 2 2 2 2 2 2 2 2 2 2 2 2 2
left_child=2 -2 3 4 5 9 -7 8 -8 12 -11 -12 -1 -14
right_child=1 -3 -4 -5 -6 6 7 -9 -10 10 11 -13 13 -15
leaf_value=-6.5678538816629379e-05 -0.0055349279338350668 0.011966702192313399 -0.0097247892418610218 -0.010085042622568234 -0.0054037254851019541 -0.0043108596533836269 -0.0064297647493686983 0.0179799021416359 0.0087567177729024632 0.01649766083105585 0.00027484953526518241 0.015749084981887238 0.022257876603818331 0.0012416102072064759
leaf_weight=15182 47 154 100 84 263 135 77 117 117 82 592 64 56 139
leaf_count=15182 47 154 100 84 263 135 77 117 117 82 592 64 56 139
internal_value=0.000209379 0.00783927 0.000116932 0.000177997 0.000232221 0.000323327 0.00472529 0.00865388 0.00271899 0.00020007 0.00361517 0.00189224 3.5045e-05 0.00768261
internal_weight=17209 201 17008 16908 16824 16561 446 311 194 16115 738 656 15377 195
internal_count=17209 201 17008 16908 16824 16561 446 311 194 16115 738 656 15377 195
is_linear=0
shrinkage=0.05


Tree=202
num_leaves=15
num_cat=0
split_feature=274 332 110 345 223 227 3 115 120 74 3 9 2 147
split_gain=8.21805 4.09005 5.30814 3.98498 3.45392 3.44944 3.38872 9.17587 6.48285 6.13472 6.09497 5.14549 4.41955 4.35412
threshold=1.0000000180025095e-35 1.0000000180025095e-35 1.0000000180025095e-35 1.0000000180025095e-35 1.0000000180025095e-35 1.0000000180025095e-35 -0.83409999999999995 1.0000000180025095e-35 1.0000000180025095e-35 1.0000000180025095e-35 -0.57504999999999995 1.0000000180025095e-35 1.5000000000000002 1.0000000180025095e-35
decision_type=2 2 2 2 2 2 2 2 2 2 2 2 2 2
left_child=1 3 -3 4 5 6 7 13 9 10 12 -12 -8 -1
right_child=-2 2 -4 -5 -6 -7 8 -9 -10 -11 11 -13 -14 -15
leaf_value=-0.0028813325712966661 0.012238059210832472 0.0028273608491701241 -0.013440284415810312 -0.010327068676656866 -0.0089161313035421904 0.0094557321534405672 0.0081805444422280039 0.01853267233128901 0.018250871250173075 0.013769398541021419 -0.00011782040908671538 0.013570354434499599 -0.0046875239471445241 0.0070513174646239509
leaf_weight=2021 130 80 123 89 103 92 364 49 45 78 13751 64 78 112
leaf_count=2021 130 80 123 89 103 92 364 49 45 78 13751 64 78 112
internal_value=-4.9791e-05 -0.000147047 -0.00711553 -6.09884e-05 -3.39879e-06 5.43833e-05 -6.78118e-07 -0.00183439 0.000278108 0.000215344 0.000136389 -4.95212e-05 0.00588268 -0.00234452
internal_weight=17179 17049 203 16846 16757 16654 16562 2182 14380 14335 14257 13815 442 2133
internal_count=17179 17049 203 16846 16757 16654 16562 2182 14380 14335 14257 13815 442 2133
is_linear=0
shrinkage=0.05


Tree=203
num_leaves=15
num_cat=0
split_feature=144 244 257 275 3 3 6 227 190 3 392 3 162 389
split_gain=4.46688 3.60094 3.77353 9.4558 4.37025 5.74208 9.07494 3.49645 4.35303 5.0375 3.51282 3.42405 3.39457 3.26399
threshold=1.0000000180025095e-35 1.0000000180025095e-35 1.0000000180025095e-35 1.0000000180025095e-35 0.90765000000000007 0.0095500000000000012 7.5000000000000009 1.0000000180025095e-35 1.0000000180025095e-35 0.28575000000000006 1.0000000180025095e-35 0.74800000000000011 1.0000000180025095e-35 1.0000000180025095e-35
decision_type=2 2 2 2 2 2 2 2 2 2 2 2 2 2
left_child=1 2 7 4 5 -4 -7 8 10 -10 12 -11 13 -1
right_child=-2 -3 3 -5 -6 6 -8 -9 9 11 -12 -13 -14 -15
leaf_value=0.00036331875840169632 0.0096300517879974318 -0.0054869971860542288 0.0040043141121383413 -0.016169648632367559 -0.00051676356386332241 0.0043213931762653849 0.030592825067267567 0.009961543892769471 0.017523185050997297 -0.009423190130231282 0.007943316067568958 0.00553611834863356 -0.0096516263844488668 -0.009185981704956955
leaf_weight=15762 131 240 149 42 117 64 67 92 71 43 145 187 81 85
leaf_count=15762 131 240 149 42 117 64 67 92 71 43 145 187 81 85
internal_value=0.000603651 0.000531896 0.000618943 0.0051678 0.00759821 0.0109387 0.0183887 0.000496134 0.000439926 0.00634766 0.000327352 0.00259839 0.000255549 0.000309217
internal_weight=17276 17145 16905 439 397 280 131 16466 16374 301 16073 230 15928 15847
internal_count=17276 17145 16905 439 397 280 131 16466 16374 301 16073 230 15928 15847
is_linear=0
shrinkage=0.05


Tree=204
num_leaves=15
num_cat=0
split_feature=256 4 199 4 338 4 196 299 184 4 2 172 200 360
split_gain=5.8026 5.65214 5.26915 5.44479 4.8347 4.24066 4.11494 4.13461 4.03891 9.51521 4.28608 11.6609 7.71995 7.72162
threshold=1.0000000180025095e-35 0.50335000000000008 1.0000000180025095e-35 0.73385000000000011 1.0000000180025095e-35 0.059250000000000004 1.0000000180025095e-35 1.0000000180025095e-35 1.0000000180025095e-35 0.053050000000000007 1.0000000180025095e-35 1.0000000180025095e-35 1.0000000180025095e-35 1.0000000180025095e-35
decision_type=2 2 2 2 2 2 2 2 2 2 2 2 2 2
left_child=2 5 4 -4 6 -2 7 8 10 -10 11 12 13 -1
right_child=1 -3 3 -5 -6 -7 -8 -9 9 -11 -12 -13 -14 -15
leaf_value=0.00083204704268247066 -0.012087656474775738 -0.021081438976398206 -0.0020319859051833983 0.021632064601177711 0.011248783790751508 0.0093936070978165951 -0.010608091675069022 -0.011204662581085137 -0.0078977163981359729 0.0162554568560862 -0.00092040233488182492 0.022308337177720766 -0.011363625630680751 -0.019933560097383132
leaf_weight=8880 40 59 41 52 90 42 87 77 60 108 7426 57 129 40
leaf_count=8880 40 59 41 52 90 42 87 77 60 108 7426 57 129 40
internal_value=-1.73366e-05 -0.00994286 6.76512e-05 0.0116281 8.27398e-07 -0.00117753 -6.25172e-05 -4.68706e-06 5.02918e-05 0.00765038 -2.92309e-05 0.000697631 0.00054926 0.000727813
internal_weight=17188 141 17047 93 16954 82 16864 16777 16700 168 16532 9106 9049 8920
internal_count=17188 141 17047 93 16954 82 16864 16777 16700 168 16532 9106 9049 8920
is_linear=0
shrinkage=0.05


Tree=205
num_leaves=15
num_cat=0
split_feature=199 121 6 279 10 343 36 299 351 6 138 90 2 127
split_gain=5.48861 4.55231 8.9517 5.07265 3.59896 6.40512 3.38952 3.43449 3.33868 7.34407 3.41356 3.05444 4.7234 3.35308
threshold=1.0000000180025095e-35 1.0000000180025095e-35 8.5000000000000018 1.0000000180025095e-35 1.0000000180025095e-35 1.0000000180025095e-35 1.0000000180025095e-35 1.0000000180025095e-35 1.0000000180025095e-35 11.500000000000002 1.0000000180025095e-35 1.0000000180025095e-35 1.0000000180025095e-35 1.0000000180025095e-35
decision_type=2 2 2 2 2 2 2 2 2 2 2 2 2 2
left_child=1 4 -3 -4 6 -6 7 8 10 -10 11 13 -13 -1
right_child=-2 2 3 -5 5 -7 -8 -9 9 -11 -12 12 -14 -15
leaf_value=-0.00073401976386357605 0.011433559858671609 -0.0052698512185262898 0.015027919109235264 0.0011678227621384643 0.020954562394159302 -0.0048788538040674253 0.0068818308650252392 -0.010420232336578329 0.010990557563491167 -0.0059500732109881941 0.0060143471992663558 -7.511967863699302e-05 0.012298180905556115 0.0088409631664905213
leaf_weight=15552 97 141 177 105 48 41 154 81 176 95 194 230 111 87
leaf_count=15552 97 141 177 105 48 41 154 81 176 95 194 230 111 87
internal_value=-0.000130745 -0.000199298 0.00489286 0.0099775 -0.000329168 0.00942728 -0.000384035 -0.000453805 -0.000401562 0.00505175 -0.000494467 -0.000575342 0.00407207 -0.000677945
internal_weight=17289 17192 423 282 16769 89 16680 16526 16445 271 16174 15980 341 15639
internal_count=17289 17192 423 282 16769 89 16680 16526 16445 271 16174 15980 341 15639
is_linear=0
shrinkage=0.05


Tree=206
num_leaves=15
num_cat=0
split_feature=223 364 395 187 320 281 342 3 376 389 63 0 156 3
split_gain=6.20289 5.09142 5.06066 4.80157 4.21481 4.06309 3.99156 3.9883 3.84278 3.55725 3.5349 7.92352 3.80022 3.60878
threshold=1.0000000180025095e-35 1.0000000180025095e-35 1.0000000180025095e-35 1.0000000180025095e-35 1.0000000180025095e-35 1.0000000180025095e-35 1.0000000180025095e-35 0.018050000000000004 1.0000000180025095e-35 1.0000000180025095e-35 1.0000000180025095e-35 0.58333333333333337 1.0000000180025095e-35 0.0084500000000000009
decision_type=2 2 2 2 2 2 2 2 2 2 2 2 2 2
left_child=1 2 3 4 5 6 8 -4 9 10 12 -12 -1 -13
right_child=-2 -3 7 -5 -6 -7 -8 -9 -10 -11 11 13 -14 -15
leaf_value=0.0009693334130526348 -0.010703262862974594 -0.0070170791558026666 -0.013749223400046615 -0.010229236895232746 -0.010437732203522834 -0.0096103982529142408 0.012200650852505129 -0.00021137899943980679 0.011068605849899913 -0.0092709279705791969 0.014523322410557583 0.0040391461156746916 0.011763972718916016 -0.011168712046331703
leaf_weight=15840 117 211 102 93 77 86 74 111 88 81 41 46 77 190
leaf_count=15840 117 211 102 93 77 86 74 111 88 81 41 46 77 190
internal_value=0.000531687 0.000611585 0.000708843 0.000807458 0.000872351 0.0009282 0.000986245 -0.00686095 0.000931817 0.000873624 0.000927212 -0.00462351 0.00102523 -0.00818217
internal_weight=17234 17117 16906 16693 16600 16523 16437 213 16363 16275 16194 277 15917 236
internal_count=17234 17117 16906 16693 16600 16523 16437 213 16363 16275 16194 277 15917 236
is_linear=0
shrinkage=0.05


Tree=207
num_leaves=15
num_cat=0
split_feature=2 144 339 210 361 68 138 336 96 1 184 396 3 3
split_gain=4.97964 6.37612 5.8132 5.04898 5.2259 4.20317 4.39049 4.47586 4.92994 4.79136 4.43042 4.74717 5.89442 4.33158
threshold=2.5000000000000004 1.0000000180025095e-35 1.0000000180025095e-35 1.0000000180025095e-35 1.0000000180025095e-35 1.0000000180025095e-35 1.0000000180025095e-35 1.0000000180025095e-35 1.0000000180025095e-35 1.0000000180025095e-35 1.0000000180025095e-35 1.0000000180025095e-35 -0.95584999999999987 0.88985000000000014
decision_type=2 2 2 2 2 2 2 2 2 2 2 2 2 2
left_child=1 2 3 4 5 6 7 8 10 -9 11 -1 -13 -8
right_child=-2 -3 -4 -5 -6 -7 13 9 -10 -11 -12 12 -14 -15
leaf_value=0.00017103310575919712 -0.0028853846589641718 0.012326612194214971 0.011295104671077704 0.0099424693454690533 0.010284900814026809 0.0086607694211769618 -0.00010900986063378779 -0.0018627608825843179 0.0066527470584460506 -0.022041489577127829 0.0096580881625413905 0.024504900756680097 -0.00062090055138435015 0.0154816160541183
leaf_weight=14711 918 116 126 142 134 153 83 88 309 40 121 40 48 91
leaf_count=14711 918 116 126 142 134 153 83 88 309 40 121 40 48 91
internal_value=0.000687397 0.000890657 0.000804385 0.000718052 0.000632128 0.000546406 0.000463707 0.000372836 0.00045245 -0.00876018 0.000321853 0.000242282 0.0115034 0.0082494
internal_weight=17120 16202 16086 15960 15818 15684 15531 15357 15229 128 14920 14799 88 174
internal_count=17120 16202 16086 15960 15818 15684 15531 15357 15229 128 14920 14799 88 174
is_linear=0
shrinkage=0.05


Tree=208
num_leaves=15
num_cat=0
split_feature=234 207 69 249 353 190 4 279 35 3 177 175 3 4
split_gain=5.69417 4.33103 8.61556 3.5363 4.13118 4.08249 5.97547 5.90669 3.95567 4.94244 3.94992 3.72692 3.63643 3.62528
threshold=1.0000000180025095e-35 1.0000000180025095e-35 1.0000000180025095e-35 1.0000000180025095e-35 1.0000000180025095e-35 1.0000000180025095e-35 0.91815000000000013 1.0000000180025095e-35 1.0000000180025095e-35 -0.0020499999999999993 1.0000000180025095e-35 1.0000000180025095e-35 0.8962500000000001 0.75960000000000016
decision_type=2 2 2 2 2 2 2 2 2 2 2 2 2 2
left_child=1 3 -3 4 5 8 7 12 10 -10 11 -1 -7 -5
right_child=-2 2 -4 13 -6 6 -8 -9 9 -11 -12 -13 -14 -15
leaf_value=-0.00023879502970055013 0.0083694756826638572 -0.0033513353970379407 0.020915759908704378 0.0014000108690707239 0.01106722346257146 -0.00058647930222962587 -0.010381011508405209 0.020900912756021597 0.021769903981023367 0.0013897544062255246 -0.0096344024800744509 -0.010736474569832141 0.014745647963826304 -0.011699217540926224
leaf_weight=16039 194 73 66 86 77 135 45 66 40 90 109 80 49 128
leaf_count=16039 194 73 66 86 77 135 45 66 40 90 109 80 49 128
internal_value=-3.9541e-05 -0.000137457 0.00849732 -0.000210779 -0.000128108 -0.00018318 0.00559691 0.00862009 -0.000289096 0.00823461 -0.000359893 -0.000294209 0.00377861 -0.00652326
internal_weight=17277 17083 139 16944 16730 16653 295 250 16358 130 16228 16119 184 214
internal_count=17277 17083 139 16944 16730 16653 295 250 16358 130 16228 16119 184 214
is_linear=0
shrinkage=0.05


Tree=209
num_leaves=15
num_cat=0
split_feature=356 209 4 187 3 353 330 191 276 39 21 72 243 4
split_gain=4.9334 3.90351 5.70263 3.99779 3.77001 3.48787 3.43994 3.50674 6.8213 5.61106 3.97266 5.16653 5.14638 14.5553
threshold=1.0000000180025095e-35 1.0000000180025095e-35 0.14045000000000005 1.0000000180025095e-35 0.062650000000000025 1.0000000180025095e-35 1.0000000180025095e-35 1.0000000180025095e-35 1.0000000180025095e-35 1.0000000180025095e-35 1.0000000180025095e-35 1.0000000180025095e-35 1.0000000180025095e-35 0.46015000000000006
decision_type=2 2 2 2 2 2 2 2 2 2 2 2 2 2
left_child=1 3 -3 5 -2 6 7 10 9 -9 11 12 -1 -14
right_child=4 2 -4 -5 -6 -7 -8 8 -10 -11 -12 -13 13 -15
leaf_value=9.3268940825936067e-05 0.019139770248935359 0.0029941948863866164 -0.014593025295608589 -0.010094420651180174 -5.5824201173928318e-05 0.010520398018083403 -0.0091319607895760171 0.00068590066840706941 0.020431299847229547 0.017966647100491593 0.0060205340175889435 -0.011635311257021542 -0.0087191184253796288 0.021620914889989715
leaf_weight=15632 56 79 101 87 44 79 91 491 53 47 285 88 64 90
leaf_count=15632 56 79 101 87 44 79 91 491 53 47 285 88 64 90
internal_value=0.000288109 0.000222033 -0.00700188 0.000300525 0.0110932 0.000356941 0.000306156 0.000360142 0.00412666 0.00234709 0.000221151 0.000115167 0.000184334 0.00913439
internal_weight=17287 17187 180 17007 100 16920 16841 16750 591 538 16159 15874 15786 154
internal_count=17287 17187 180 17007 100 16920 16841 16750 591 538 16159 15874 15786 154
is_linear=0
shrinkage=0.05


Tree=210
num_leaves=15
num_cat=0
split_feature=156 162 274 263 168 4 6 405 277 80 275 4 257 167
split_gain=6.01193 3.61783 3.39898 3.42379 4.33797 3.4095 5.51444 3.16519 3.44304 4.5273 3.13127 7.32761 3.37597 3.21971
threshold=1.0000000180025095e-35 1.0000000180025095e-35 1.0000000180025095e-35 1.0000000180025095e-35 1.0000000180025095e-35 0.87795000000000012 12.500000000000002 1.0000000180025095e-35 1.0000000180025095e-35 1.0000000180025095e-35 1.0000000180025095e-35 0.12825000000000003 1.0000000180025095e-35 1.0000000180025095e-35
decision_type=2 2 2 2 2 2 2 2 2 2 2 2 2 2
left_child=1 2 3 4 7 6 -5 8 9 10 12 -12 13 -1
right_child=-2 -3 -4 5 -6 -7 -8 -9 -10 -11 11 -13 -14 -15
leaf_value=-0.00045148290066764632 0.012792089928148521 -0.0099995217556434306 0.0079431983133634709 0.012482533056945464 0.011263223130393912 -0.002415308038583927 -0.0031544924591712302 -0.010017629088335006 -0.010039767287671567 0.01155863521149221 0.004874466063834175 -0.021089671954120461 0.0043482807643084346 0.0046078198520296959
leaf_weight=15504 85 88 125 178 76 119 79 79 85 76 49 52 387 316
leaf_count=15504 85 88 125 178 76 119 79 79 85 76 49 52 387 316
internal_value=-9.70939e-05 -0.000164439 -0.000110995 -0.000172535 -0.00027986 0.00451398 0.00770735 -0.00033626 -0.000286793 -0.000233147 -0.000291626 -0.00885745 -0.00023553 -0.000349001
internal_weight=17298 17213 17125 17000 16624 376 257 16548 16469 16384 16308 101 16207 15820
internal_count=17298 17213 17125 17000 16624 376 257 16548 16469 16384 16308 101 16207 15820
is_linear=0
shrinkage=0.05


Tree=211
num_leaves=15
num_cat=0
split_feature=185 3 162 405 290 6 343 10 282 1 337 109 196 3
split_gain=5.35214 5.9283 4.55223 4.24059 3.71109 5.44084 4.04239 6.94586 6.42268 5.63851 5.1296 4.40608 4.46511 4.35844
threshold=1.0000000180025095e-35 -0.0077499999999999991 1.0000000180025095e-35 1.0000000180025095e-35 1.0000000180025095e-35 9.5000000000000018 1.0000000180025095e-35 1.0000000180025095e-35 1.0000000180025095e-35 1.0000000180025095e-35 1.0000000180025095e-35 1.0000000180025095e-35 1.0000000180025095e-35 0.34465000000000007
decision_type=2 2 2 2 2 2 2 2 2 2 2 2 2 2
left_child=2 -2 3 4 6 -6 7 10 9 -8 11 12 -1 -14
right_child=1 -3 -4 -5 5 -7 8 -9 -10 -11 -12 -13 13 -15
leaf_value=0.00020509933665613172 0.022961826862480779 0.0020987219536224397 -0.011762672970958409 -0.011300771934024637 0.0036876524859642394 -0.016110524456290638 -0.0089002489452748787 0.019174999964889139 0.013606733278067287 0.0012071071620009942 0.012677560236167024 -0.0087052374717477756 -0.00017464214291136999 -0.021964180829624338
leaf_weight=15847 47 102 79 79 56 80 378 43 44 214 76 137 47 40
leaf_count=15847 47 102 79 79 56 80 378 43 44 214 76 137 47 40
internal_value=-6.80794e-05 0.00921155 -0.000151508 -9.4246e-05 -3.87371e-05 -0.00811665 2.89463e-05 0.000183075 -0.00386538 -0.00526707 0.000126579 6.33007e-05 0.000141399 -0.0108421
internal_weight=17269 149 17120 17041 16962 136 16826 16190 636 592 16147 16071 15934 87
internal_count=17269 149 17120 17041 16962 136 16826 16190 636 592 16147 16071 15934 87
is_linear=0
shrinkage=0.05


Tree=212
num_leaves=15
num_cat=0
split_feature=203 4 2 335 304 39 83 4 3 291 144 3 105 3
split_gain=4.4745 5.62122 4.51122 9.08738 8.14024 9.81818 9.05972 7.50844 9.72162 7.2787 8.12378 6.09628 5.98091 6.257
threshold=1.0000000180025095e-35 0.69335000000000013 1.0000000180025095e-35 1.0000000180025095e-35 1.0000000180025095e-35 1.0000000180025095e-35 1.0000000180025095e-35 0.87275000000000014 0.92525000000000013 1.0000000180025095e-35 1.0000000180025095e-35 0.44075000000000003 1.0000000180025095e-35 -0.88714999999999988
decision_type=2 2 2 2 2 2 2 2 2 2 2 2 2 2
left_child=2 -2 3 9 12 6 7 11 -9 10 -1 -6 13 -4
right_child=1 -3 4 -5 5 -7 -8 8 -10 -11 -12 -13 -14 -15
leaf_value=0.00086631335752327451 0.00096987085088210952 0.021912534164989162 -0.0062070767698998268 0.020246278622462491 0.003482145350275247 0.021345577009022235 -0.009861688142803712 0.015862845448150652 -0.01008604829096132 -0.013950604563806117 0.015963716939117554 -0.012166648663771458 0.005966680021906849 -0.00098236121240516589
leaf_weight=9171 80 49 629 56 303 70 122 205 40 77 85 73 276 5998
leaf_count=9171 80 49 629 56 303 70 122 205 40 77 85 73 276 5998
internal_value=0.000344357 0.00944564 0.000272978 0.00100885 -0.000622517 0.00409451 0.00233742 0.00479365 0.0115093 0.000882638 0.0010135 0.000324153 -0.00118063 -0.00148257
internal_weight=17234 129 17105 9389 7716 813 743 621 245 9333 9256 376 6903 6627
internal_count=17234 129 17105 9389 7716 813 743 621 245 9333 9256 376 6903 6627
is_linear=0
shrinkage=0.05


Tree=213
num_leaves=15
num_cat=0
split_feature=6 152 21 24 111 4 304 120 11 17 230 393 205 281
split_gain=5.38873 8.84642 6.76982 7.21672 6.48158 6.47775 5.93216 5.50161 5.41612 5.41936 5.065 6.40171 4.99207 4.79823
threshold=11.500000000000002 1.0000000180025095e-35 1.0000000180025095e-35 1.0000000180025095e-35 1.0000000180025095e-35 0.77465000000000017 1.0000000180025095e-35 1.0000000180025095e-35 1.0000000180025095e-35 1.0000000180025095e-35 1.0000000180025095e-35 1.0000000180025095e-35 1.0000000180025095e-35 1.0000000180025095e-35
decision_type=2 2 2 2 2 2 2 2 2 2 2 2 2 2
left_child=1 2 3 4 7 -4 10 8 9 13 11 12 -2 -1
right_child=6 -3 5 -5 -6 -7 -8 -9 -10 -11 -12 -13 -14 -15
leaf_value=0.00011378430103805627 -0.002511920669246913 0.015754863289335081 0.0016738083886888785 0.011371260884047395 0.016032295543996114 0.024927167409030653 0.0031706050842736674 0.014810977812721244 -0.013170535282432278 -0.014325521912453979 -0.017390944632616909 0.016462754282047569 0.013901491467147432 -0.013404312724191132
leaf_weight=12138 3790 88 69 137 58 49 560 57 74 61 50 41 42 61
leaf_count=12138 3790 88 69 137 58 49 560 57 74 61 50 41 42 61
internal_value=-0.000132985 0.000389873 0.000277284 0.000163138 3.52784e-05 0.0119506 -0.00162371 -4.60373e-05 -0.000120671 -3.65664e-05 -0.00231125 -0.0020944 -0.00231414 4.07242e-05
internal_weight=17275 12792 12704 12586 12449 118 4483 12391 12334 12260 3923 3873 3832 12199
internal_count=17275 12792 12704 12586 12449 118 4483 12391 12334 12260 3923 3873 3832 12199
is_linear=0
shrinkage=0.05


Tree=214
num_leaves=15
num_cat=0
split_feature=124 5 309 0 61 103 80 351 3 1 45 392 316 323
split_gain=4.88507 11.7237 6.43222 5.45316 5.00406 4.63249 4.93731 4.58814 4.64728 5.8909 4.3429 4.1609 5.03354 3.45417
threshold=1.0000000180025095e-35 1.0000000180025095e-35 1.0000000180025095e-35 0.87500000000000011 1.0000000180025095e-35 1.0000000180025095e-35 1.0000000180025095e-35 1.0000000180025095e-35 0.87020000000000008 1.0000000180025095e-35 1.0000000180025095e-35 1.0000000180025095e-35 1.0000000180025095e-35 1.0000000180025095e-35
decision_type=2 2 2 2 2 2 2 2 2 2 2 2 2 2
left_child=4 2 3 -2 5 6 7 10 -9 -10 11 12 13 -1
right_child=1 -3 -4 -5 -6 -7 -8 8 9 -11 -12 -13 -14 -15
leaf_value=-0.00062736699330679865 0.017132774497173271 0.027993504796177151 0.019192865262475781 -0.00019545059119968099 0.010398566224326364 0.010456880375525906 0.011768253510384713 0.014751418037247836 -0.0057008247077465065 0.014724838366517083 0.0091665531829500397 0.0080395977964245607 0.010797924563592794 0.0090384899578507868
leaf_weight=15490 44 43 48 617 109 98 81 96 105 47 114 139 93 88
leaf_count=15490 44 43 48 617 109 98 81 96 105 47 114 139 93 88
internal_value=0.000139871 0.00406717 0.00243019 0.00107798 -4.07345e-05 -0.000113483 -0.000180415 -0.000243881 0.00643674 0.000882808 -0.000349912 -0.000421408 -0.000498997 -0.000569882
internal_weight=17212 752 709 661 16460 16351 16253 16172 248 152 15924 15810 15671 15578
internal_count=17212 752 709 661 16460 16351 16253 16172 248 152 15924 15810 15671 15578
is_linear=0
shrinkage=0.05


Tree=215
num_leaves=15
num_cat=0
split_feature=154 3 368 396 144 2 209 4 96 6 363 215 3 1
split_gain=5.06974 8.70522 4.53784 4.56203 4.49704 4.33215 3.88278 5.62058 4.06035 6.76407 5.29657 5.05863 5.7177 6.59468
threshold=1.0000000180025095e-35 0.80505000000000015 1.0000000180025095e-35 1.0000000180025095e-35 1.0000000180025095e-35 1.0000000180025095e-35 1.0000000180025095e-35 0.10395000000000001 1.0000000180025095e-35 8.5000000000000018 1.0000000180025095e-35 1.0000000180025095e-35 -0.95344999999999991 1.0000000180025095e-35
decision_type=2 2 2 2 2 2 2 2 2 2 2 2 2 2
left_child=2 -2 3 4 6 -6 8 -8 10 -10 11 12 13 -1
right_child=1 -3 -4 -5 5 -7 7 -9 9 -11 -12 -13 -14 -15
leaf_value=0.0071167089257909355 -0.0026517329473249819 0.013856880414157603 0.011345226972709212 0.010414354695628087 0.015250593954292331 -0.0030085437368812425 0.0070008395873010169 -0.01296278615564006 -0.0086662337395616556 0.0094685264625452431 0.012229233197488844 -0.0091148758055111748 -0.00034778596149365447 -0.0022499266308538307
leaf_weight=543 143 172 84 100 87 48 45 123 61 238 81 153 14951 283
leaf_count=543 143 172 84 100 87 48 45 123 61 238 81 153 14951 283
internal_value=0.00020382 0.00643816 8.50241e-05 2.50538e-05 -4.0598e-05 0.00888287 -0.000116378 -0.0075676 -3.73316e-05 0.00568711 -0.000145976 -0.000212718 -0.000123527 0.00391333
internal_weight=17112 315 16797 16713 16613 135 16478 168 16310 299 16011 15930 15777 826
internal_count=17112 315 16797 16713 16613 135 16478 168 16310 299 16011 15930 15777 826
is_linear=0
shrinkage=0.05


Tree=216
num_leaves=15
num_cat=0
split_feature=352 376 4 401 190 3 24 1 3 4 175 292 4 246
split_gain=6.72281 6.33029 9.10075 5.26962 5.42544 6.86827 4.70484 4.33859 4.26985 6.81355 3.95682 3.54438 6.82541 4.20011
threshold=1.0000000180025095e-35 1.0000000180025095e-35 0.69335000000000013 1.0000000180025095e-35 1.0000000180025095e-35 0.91085000000000016 1.0000000180025095e-35 1.0000000180025095e-35 0.9013500000000001 0.87020000000000008 1.0000000180025095e-35 1.0000000180025095e-35 0.56330000000000013 1.0000000180025095e-35
decision_type=2 2 2 2 2 2 2 2 2 2 2 2 2 2
left_child=1 3 -3 4 6 -6 10 -8 9 -2 11 13 -13 -1
right_child=8 2 -4 -5 5 -7 7 -9 -10 -11 -12 12 -14 -15
leaf_value=-0.00017404595710368586 0.0021576777659356597 -0.0029492647149691395 0.02757907783985138 -0.0076965593421066715 0.010295405196056012 -0.0081911496119573719 0.011180826087615321 -0.0011199305132031441 0.0017261759136869973 0.027578969685168105 -0.010848068545476118 -0.0066393428301859299 0.014117168889201262 -0.011451275575294509
leaf_weight=15827 50 46 45 219 243 59 170 120 107 53 82 57 109 78
leaf_count=15827 50 46 45 219 243 59 170 120 107 53 82 57 109 78
internal_value=0.000104792 -5.96853e-06 0.0127973 -7.83997e-05 2.35024e-05 0.00660921 -9.94262e-05 0.00615815 0.00889109 0.0159097 -0.000213641 -0.000156023 0.0070042 -0.000232932
internal_weight=17265 17055 91 16964 16745 302 16443 290 210 103 16153 16071 166 15905
internal_count=17265 17055 91 16964 16745 302 16443 290 210 103 16153 16071 166 15905
is_linear=0
shrinkage=0.05


Tree=217
num_leaves=15
num_cat=0
split_feature=330 209 4 337 281 405 4 80 401 103 292 4 61 2
split_gain=4.97499 4.48721 6.33185 4.32937 3.63561 3.44803 4.27989 4.18112 3.63908 4.84384 4.62227 4.3966 4.02295 3.36826
threshold=1.0000000180025095e-35 1.0000000180025095e-35 0.59995000000000009 1.0000000180025095e-35 1.0000000180025095e-35 1.0000000180025095e-35 0.6835500000000001 1.0000000180025095e-35 1.0000000180025095e-35 1.0000000180025095e-35 1.0000000180025095e-35 0.95025000000000015 1.0000000180025095e-35 1.0000000180025095e-35
decision_type=2 2 2 2 2 2 2 2 2 2 2 2 2 2
left_child=1 3 -3 4 5 7 -7 8 9 10 12 -11 -1 -12
right_child=-2 2 -4 -5 -6 6 -8 -9 -10 11 13 -13 -14 -15
leaf_value=5.4135504679559844e-05 -0.011541366717226441 0.00018080333586443554 -0.018832257689287268 0.011016987276304027 -0.0097715814010766542 0.001370373985923405 -0.019399296171963218 0.011874227905525017 -0.006630068785786012 -0.0010576488367385335 0.013639736030335454 0.020520372266348983 0.0097813644507360256 0.00032352359149228325
leaf_weight=16110 87 105 70 87 87 48 45 72 188 40 105 51 102 84
leaf_count=16110 87 105 70 87 87 48 45 72 188 40 105 51 102 84
internal_value=5.48032e-05 0.000116817 -0.00773628 0.000199816 0.000140999 0.000195079 -0.00915648 0.000249712 0.000195991 0.00027579 0.000210177 0.0114744 0.000118333 0.00788229
internal_weight=17281 17194 175 17019 16932 16845 93 16752 16680 16492 16401 91 16212 189
internal_count=17281 17194 175 17019 16932 16845 93 16752 16680 16492 16401 91 16212 189
is_linear=0
shrinkage=0.05


Tree=218
num_leaves=15
num_cat=0
split_feature=168 4 220 389 203 4 308 6 40 299 332 110 215 216
split_gain=4.7947 7.52496 4.03258 4.14614 3.78769 4.56537 4.14806 4.68925 3.90827 4.22407 3.35391 4.52383 3.51984 4.23363
threshold=1.0000000180025095e-35 0.32460000000000006 1.0000000180025095e-35 1.0000000180025095e-35 1.0000000180025095e-35 0.73385000000000011 1.0000000180025095e-35 9.5000000000000018 1.0000000180025095e-35 1.0000000180025095e-35 1.0000000180025095e-35 1.0000000180025095e-35 1.0000000180025095e-35 1.0000000180025095e-35
decision_type=2 2 2 2 2 2 2 2 2 2 2 2 2 2
left_child=2 -2 3 4 6 -6 8 -8 9 10 12 -12 13 -1
right_child=1 -3 -4 -5 5 -7 7 -9 -10 -11 11 -13 -14 -15
leaf_value=0.00016591535254055246 -0.0038086209073662763 0.025142743081475301 -0.010100240083219312 -0.010131546432076366 0.0013522660922627527 0.020320277250207523 -0.00038447339543262905 0.0096750579891284189 -0.0097256350873526441 -0.011563016109628222 0.002720230804490192 -0.012594195157911046 -0.0071300718667659845 0.0077339575237489952
leaf_weight=15695 40 43 92 93 86 46 225 233 98 73 79 113 158 182
leaf_count=15695 40 43 92 93 86 46 225 233 98 73 79 113 158 182
internal_value=0.000125376 0.0117666 6.57037e-05 0.000123398 0.000182503 0.0084627 0.00011517 0.00478236 -1.66038e-05 4.4734e-05 0.000100499 -0.00638384 0.000180107 0.000255076
internal_weight=17256 83 17173 17081 16988 132 16856 458 16398 16300 16227 192 16035 15877
internal_count=17256 83 17173 17081 16988 132 16856 458 16398 16300 16227 192 16035 15877
is_linear=0
shrinkage=0.05


Tree=219
num_leaves=15
num_cat=0
split_feature=116 169 15 45 151 3 396 6 102 147 3 306 6 20
split_gain=5.50225 4.60692 4.48846 4.39889 4.12967 4.54794 4.54126 10.3376 4.04909 3.70428 8.32828 4.96892 5.43764 4.35165
threshold=1.0000000180025095e-35 1.0000000180025095e-35 1.0000000180025095e-35 1.0000000180025095e-35 1.0000000180025095e-35 0.085000000000000006 1.0000000180025095e-35 10.500000000000002 1.0000000180025095e-35 1.0000000180025095e-35 0.44075000000000003 1.0000000180025095e-35 5.5000000000000009 1.0000000180025095e-35
decision_type=2 2 2 2 2 2 2 2 2 2 2 2 2 2
left_child=1 2 3 4 6 -6 8 -8 9 11 -11 13 -13 -1
right_child=-2 -3 -4 -5 5 -7 7 -9 -10 10 -12 12 -14 -15
leaf_value=3.6868060446030458e-05 0.010203059080042627 -0.011429371918143517 -0.0077911471553227824 0.009222558319138794 0.0026352550071152979 0.020953246998660108 0.024554291462241595 -0.0044942164705417146 -0.0077484120291004752 0.011517499271695588 0.00013075948139885441 0.010767789698880294 -0.0051628928615766777 -0.0093321306440047932
leaf_weight=14595 126 84 179 125 128 42 54 61 169 215 595 53 755 120
leaf_count=14595 126 84 179 125 128 42 54 61 169 215 595 53 755 120
internal_value=-5.2758e-06 -8.31143e-05 -2.40226e-05 6.04647e-05 -1.04842e-05 0.00763024 -9.09242e-05 0.00960071 -0.000161351 -8.04997e-05 0.00320528 -0.000252931 -0.00405814 -4.26795e-05
internal_weight=17301 17175 17091 16912 16787 170 16617 115 16502 16333 810 15523 808 14715
internal_count=17301 17175 17091 16912 16787 170 16617 115 16502 16333 810 15523 808 14715
is_linear=0
shrinkage=0.05


Tree=220
num_leaves=15
num_cat=0
split_feature=386 137 4 275 4 18 72 243 4 4 80 202 3 1
split_gain=5.12919 4.37284 12.3541 4.03903 5.78286 3.54932 3.79649 8.2964 14.3517 6.84909 5.37251 4.85131 4.00956 6.09475
threshold=1.0000000180025095e-35 1.0000000180025095e-35 0.86030000000000018 1.0000000180025095e-35 0.5857500000000001 1.0000000180025095e-35 1.0000000180025095e-35 1.0000000180025095e-35 0.076750000000000013 0.42545000000000005 1.0000000180025095e-35 1.0000000180025095e-35 -0.95474999999999988 1.0000000180025095e-35
decision_type=2 2 2 2 2 2 2 2 2 2 2 2 2 2
left_child=1 3 -3 5 -5 6 7 10 -9 -8 11 12 13 -1
right_child=-2 2 -4 4 -6 -7 9 8 -10 -11 -12 -13 -14 -15
leaf_value=0.0065819223172094293 0.01267992456310562 -0.0040464413854734678 0.027122108585068156 0.0020273760228226292 -0.020237445420633746 0.0093240273047100614 0.0026069329345020757 -0.013482805180052918 0.019628917501540857 -0.023393586327500167 -0.016026985316592104 -0.0092488707251735594 0.00011969196102272681 -0.0023121456341990798
leaf_weight=572 79 71 51 57 53 103 53 40 123 42 46 129 15572 286
leaf_count=572 79 71 51 57 53 103 53 40 123 42 46 129 15572 286
internal_value=0.000354442 0.000294156 0.00953786 0.000225341 -0.00911369 0.000288558 0.000230622 0.000288465 0.0113439 -0.00948296 0.000176559 0.000226396 0.000303582 0.00362101
internal_weight=17277 17198 122 17076 110 16966 16863 16768 163 95 16605 16559 16430 858
internal_count=17277 17198 122 17076 110 16966 16863 16768 163 95 16605 16559 16430 858
is_linear=0
shrinkage=0.05


Tree=221
num_leaves=15
num_cat=0
split_feature=320 141 352 279 249 190 4 237 127 210 0 1 80 308
split_gain=4.58406 3.94593 3.74947 4.51257 4.07765 3.92193 5.46463 3.86934 4.12997 3.79383 5.33007 3.71211 3.56442 3.42326
threshold=1.0000000180025095e-35 1.0000000180025095e-35 1.0000000180025095e-35 1.0000000180025095e-35 1.0000000180025095e-35 1.0000000180025095e-35 0.91815000000000013 1.0000000180025095e-35 1.0000000180025095e-35 1.0000000180025095e-35 0.87500000000000011 1.0000000180025095e-35 1.0000000180025095e-35 1.0000000180025095e-35
decision_type=2 2 2 2 2 2 2 2 2 2 2 2 2 2
left_child=1 2 4 -4 5 7 11 8 9 12 -11 -7 13 -1
right_child=-2 -3 3 -5 -6 6 -8 -9 -10 10 -12 -13 -14 -15
leaf_value=-0.00022815918615156695 -0.011228575134141879 -0.0082084129902321602 0.015304849048114414 0.00038552289362996816 -0.0066594601361838245 0.0035651573588307197 -0.009836062762354103 0.0062175331620313943 0.01052992514909265 -0.0061840389896598126 0.015045259577492554 0.015496025543223629 0.010610082690627912 0.0043003804935576586
leaf_weight=15319 83 133 86 115 209 168 44 256 89 40 88 106 73 424
leaf_count=15319 83 133 86 115 209 168 44 256 89 40 88 106 73 424
internal_value=0.000154167 0.000212512 0.000280719 0.00698546 0.000198525 0.000286812 0.00574261 0.000178572 8.02393e-05 1.8626e-05 0.00842803 0.00837574 -5.20739e-05 -0.000104867
internal_weight=17233 17150 17017 201 16816 16607 318 16289 16033 15944 128 274 15816 15743
internal_count=17233 17150 17017 201 16816 16607 318 16289 16033 15944 128 274 15816 15743
is_linear=0
shrinkage=0.05


Tree=222
num_leaves=15
num_cat=0
split_feature=90 336 1 334 391 20 63 23 188 319 243 4 202 249
split_gain=4.43365 4.95164 5.09946 4.69012 4.28705 3.93465 3.86826 3.72809 3.73535 4.43834 4.48927 6.13552 4.99608 4.44101
threshold=1.0000000180025095e-35 1.0000000180025095e-35 1.0000000180025095e-35 1.0000000180025095e-35 1.0000000180025095e-35 1.0000000180025095e-35 1.0000000180025095e-35 1.0000000180025095e-35 1.0000000180025095e-35 1.0000000180025095e-35 1.0000000180025095e-35 0.88485000000000014 1.0000000180025095e-35 1.0000000180025095e-35
decision_type=2 2 2 2 2 2 2 2 2 2 2 2 2 2
left_child=1 3 -3 4 5 6 7 8 9 10 12 -12 13 -1
right_child=-2 2 -4 -5 -6 -7 -8 -9 -10 -11 11 -13 -14 -15
leaf_value=0.00090391445131328147 0.0056045929971687176 -0.0020636711091501637 -0.021789767085483261 -0.01200917588475232 -0.008023767287021975 -0.0081440161078892379 -0.0054861645554945644 -0.0044624518340038739 -0.0055097223067878459 -0.010153385888664955 0.016300135439115706 -0.0055329710397185108 -0.0094861715507670117 -0.0062054264040730667
leaf_weight=14976 375 95 46 73 149 130 267 361 238 88 97 44 114 218
leaf_count=14976 375 95 46 73 149 130 267 361 238 88 97 44 114 218
internal_value=0.000263489 0.000143322 -0.00902497 0.000223147 0.000280257 0.000357499 0.000427338 0.000526857 0.000642411 0.000738393 0.0008037 0.00953081 0.00072023 0.000799903
internal_weight=17271 16896 141 16755 16682 16533 16403 16136 15775 15537 15449 141 15308 15194
internal_count=17271 16896 141 16755 16682 16533 16403 16136 15775 15537 15449 141 15308 15194
is_linear=0
shrinkage=0.05


Tree=223
num_leaves=15
num_cat=0
split_feature=185 3 26 0 252 18 68 132 4 144 4 138 3 36
split_gain=3.88689 10.7032 3.70309 4.06892 3.88882 3.83912 3.61671 4.1587 6.76537 3.69281 6.3146 4.02094 5.51378 4.02763
threshold=1.0000000180025095e-35 1.0000000180025095e-35 1.0000000180025095e-35 0.87500000000000011 1.0000000180025095e-35 1.0000000180025095e-35 1.0000000180025095e-35 1.0000000180025095e-35 0.5172500000000001 1.0000000180025095e-35 0.91355000000000008 1.0000000180025095e-35 0.91755000000000009 1.0000000180025095e-35
decision_type=2 2 2 2 2 2 2 2 2 2 2 2 2 2
left_child=2 -2 4 -4 5 6 7 9 -9 11 -11 13 -13 -1
right_child=1 -3 3 -5 -6 -7 -8 8 -10 10 -12 12 -14 -15
leaf_value=-0.00033868130764796414 0.027009361855685712 -0.0017012402455293342 0.0033322900906205179 -0.011102856255161601 0.0072056282366885207 0.010055267340794672 0.0071363659048095177 0.021222541734961603 -0.0046664590729360881 -1.0259360582991081e-05 0.022925587042056501 0.001642767358571291 0.020180807345812873 0.0086363977471750879
leaf_weight=15828 45 91 70 143 189 91 172 53 42 83 42 145 51 121
leaf_count=15828 45 91 70 143 189 91 172 53 42 83 42 145 51 121
internal_value=0.000152044 0.0084195 8.35693e-05 -0.00639129 0.000167454 8.5313e-05 2.74275e-05 -4.9446e-05 0.0101158 -0.00011189 0.00828154 -0.000179419 0.00684846 -0.000267905
internal_weight=17166 136 17030 213 16817 16628 16537 16365 95 16270 125 16145 196 15949
internal_count=17166 136 17030 213 16817 16628 16537 16365 95 16270 125 16145 196 15949
is_linear=0
shrinkage=0.05


Tree=224
num_leaves=15
num_cat=0
split_feature=130 115 3 3 72 144 2 3 84 393 6 283 343 10
split_gain=5.61689 4.93383 7.19416 5.19921 4.53021 8.15451 11.5099 6.96151 3.78596 3.6964 4.11189 3.76043 4.44456 8.69275
threshold=1.0000000180025095e-35 1.0000000180025095e-35 -0.41179999999999994 0.87020000000000008 1.0000000180025095e-35 1.0000000180025095e-35 1.0000000180025095e-35 0.0084500000000000009 1.0000000180025095e-35 1.0000000180025095e-35 8.5000000000000018 1.0000000180025095e-35 1.0000000180025095e-35 1.0000000180025095e-35
decision_type=2 2 2 2 2 2 2 2 2 2 2 2 2 2
left_child=1 4 -3 -4 5 8 -7 -6 9 11 -11 12 13 -1
right_child=-2 2 3 -5 7 6 -8 -9 -10 10 -12 -13 -14 -15
leaf_value=-1.9732345472949419e-05 0.012969278853715344 0.022637081777645372 -0.008653327330918701 0.01127532512522661 -0.024117773738380865 0.024604871518050249 -0.0061758413875045689 0.001658113906159997 -0.0077868599616265737 -0.0031642108423901461 0.01420564402211854 0.0070572737453590342 -0.0043832884760719474 0.020457333032614912
leaf_weight=15638 80 54 61 60 44 73 47 55 151 51 89 180 582 47
leaf_count=15638 80 54 61 60 44 73 47 55 151 51 89 180 582 47
internal_value=0.000147912 8.42746e-05 0.00831869 0.00128394 -3.13346e-06 6.10291e-05 0.0127843 -0.0104066 -3.39785e-05 3.89253e-05 0.00798714 -3.11382e-05 -0.000111718 4.81267e-05
internal_weight=17212 17132 175 121 16957 16858 120 99 16738 16587 140 16447 16267 15685
internal_count=17212 17132 175 121 16957 16858 120 99 16738 16587 140 16447 16267 15685
is_linear=0
shrinkage=0.05


Tree=225
num_leaves=15
num_cat=0
split_feature=77 63 200 188 275 4 223 4 402 338 3 394 3 10
split_gain=4.21907 3.88988 5.12353 4.2016 4.18099 4.13661 3.9897 3.89682 3.40851 3.31008 4.606 3.39578 4.50303 3.41772
threshold=1.0000000180025095e-35 1.0000000180025095e-35 1.0000000180025095e-35 1.0000000180025095e-35 1.0000000180025095e-35 0.90955000000000008 1.0000000180025095e-35 0.83345000000000014 1.0000000180025095e-35 1.0000000180025095e-35 0.84675000000000011 1.0000000180025095e-35 0.039750000000000008 1.0000000180025095e-35
decision_type=2 2 2 2 2 2 2 2 2 2 2 2 2 2
left_child=1 2 3 4 6 -5 8 -6 9 11 -11 13 -13 -1
right_child=-2 -3 -4 5 7 -7 -8 -9 -10 10 -12 12 -14 -15
leaf_value=0.00048697046144688275 -0.0080071493716758185 -0.0055762365362107442 -0.0073949608873835823 -0.002626002759555724 -0.0014029100588231814 -0.018296604427612492 -0.0087416898482985308 -0.020541435604294143 0.0087648075746783009 0.020551828568687244 -0.00093041284856471148 0.0019903548115897656 -0.018551910877943525 0.010259187679427366
leaf_weight=15727 154 284 210 202 67 49 110 40 122 44 50 51 49 85
leaf_count=15727 154 284 210 202 67 49 110 40 122 44 50 51 49 85
internal_value=0.000100072 0.000175448 0.000274274 0.000373516 0.000472925 -0.00598281 0.000539168 -0.00915513 0.000605157 0.000540245 0.00965522 0.000483383 -0.00847946 0.000542729
internal_weight=17244 17090 16806 16596 16345 251 16238 107 16128 16006 94 15912 100 15812
internal_count=17244 17090 16806 16596 16345 251 16238 107 16128 16006 94 15912 100 15812
is_linear=0
shrinkage=0.05


Tree=226
num_leaves=15
num_cat=0
split_feature=363 299 273 362 1 37 3 83 158 397 406 209 6 6
split_gain=4.32238 3.97332 3.83366 3.71424 3.48831 3.29102 7.44213 4.91069 3.55677 4.58177 4.17436 3.52411 3.59357 3.43825
threshold=1.0000000180025095e-35 1.0000000180025095e-35 1.0000000180025095e-35 1.0000000180025095e-35 1.0000000180025095e-35 1.0000000180025095e-35 -0.04034999999999999 1.0000000180025095e-35 1.0000000180025095e-35 1.0000000180025095e-35 1.0000000180025095e-35 1.0000000180025095e-35 10.500000000000002 11.500000000000002
decision_type=2 2 2 2 2 2 2 2 2 2 2 2 2 2
left_child=1 2 3 5 -5 8 -7 -8 10 -10 11 13 -13 -1
right_child=-2 -3 -4 4 -6 6 7 -9 9 -11 -12 12 -14 -15
leaf_value=-0.00016712237046424965 0.010366237742616045 -0.011101177660213121 -0.010857723321733547 0.011623809351027012 -0.000477812350017287 0.019540351010285895 0.003666468087989227 -0.012390544690322459 0.012749828577015994 -0.0047178761228540188 0.0098463203169797606 -0.015184475337099729 -0.00056738198838300179 -0.0018589643397655968
leaf_weight=12008 88 82 82 120 113 60 285 52 104 54 90 79 85 4000
leaf_count=12008 88 82 82 120 113 60 285 52 104 54 90 79 85 4000
internal_value=-0.000384539 -0.000442492 -0.000388252 -0.000334731 0.00586804 -0.00042239 0.00404761 0.0010439 -0.000531664 0.00681826 -0.000605149 -0.000666338 -0.00784947 -0.00059032
internal_weight=17302 17214 17132 17050 233 16817 397 337 16420 158 16262 16172 164 16008
internal_count=17302 17214 17132 17050 233 16817 397 337 16420 158 16262 16172 164 16008
is_linear=0
shrinkage=0.05


Tree=227
num_leaves=15
num_cat=0
split_feature=189 3 97 144 2 202 378 3 396 1 0 6 169 404
split_gain=4.19039 6.6782 4.39291 3.72567 7.10695 5.04689 4.54144 4.04908 5.89193 4.29025 7.27566 3.85423 3.65205 4.15815
threshold=1.0000000180025095e-35 0.41635000000000005 1.0000000180025095e-35 1.0000000180025095e-35 1.0000000180025095e-35 1.0000000180025095e-35 1.0000000180025095e-35 -0.95474999999999988 1.0000000180025095e-35 1.0000000180025095e-35 1.0000000180025095e-35 11.500000000000002 1.0000000180025095e-35 1.0000000180025095e-35
decision_type=2 2 2 2 2 2 2 2 2 2 2 2 2 2
left_child=2 -2 3 5 -5 6 7 8 9 10 -1 -8 13 -9
right_child=1 -3 -4 4 -6 -7 11 12 -10 -11 -12 -13 -14 -15
leaf_value=-0.01271045188296516 -0.0016860509754675693 -0.023162757852399837 -0.0064952074201329313 0.017238070093755893 -0.006413059355691076 -0.0096145795297253034 0.017286061768471781 -4.2786277606203873e-05 0.019828524354558726 -0.0022619794569133473 0.0068017232020862852 -0.001596939080256097 -0.010536037329124448 0.0045572106417669095
leaf_weight=48 142 44 236 81 47 124 67 14920 47 307 516 42 76 503
leaf_count=48 142 44 236 81 47 124 67 14920 47 307 516 42 76 503
internal_value=0.000124878 -0.00723992 0.000207495 0.000303682 0.00863906 0.000237028 0.000313834 0.000244699 0.00346196 0.00247067 0.00504401 0.0102591 5.30869e-05 0.000108665
internal_weight=17200 186 17014 16778 128 16650 16526 16417 918 871 564 109 15499 15423
internal_count=17200 186 17014 16778 128 16650 16526 16417 918 871 564 109 15499 15423
is_linear=0
shrinkage=0.05


Tree=228
num_leaves=15
num_cat=0
split_feature=335 31 3 88 4 233 35 3 351 199 4 272 385 3
split_gain=3.92958 3.59654 4.19099 4.01105 4.69182 3.96859 3.70876 5.64768 3.93277 4.83539 6.45703 3.55128 3.46289 6.40939
threshold=1.0000000180025095e-35 1.0000000180025095e-35 -0.012599999999999998 1.0000000180025095e-35 0.77465000000000017 1.0000000180025095e-35 1.0000000180025095e-35 0.020150000000000005 1.0000000180025095e-35 1.0000000180025095e-35 0.73385000000000011 1.0000000180025095e-35 1.0000000180025095e-35 0.72380000000000011
decision_type=2 2 2 2 2 2 2 2 2 2 2 2 2 2
left_child=1 3 -3 5 -5 6 8 -8 9 11 -11 12 -1 -14
right_child=-2 2 -4 4 -6 -7 7 -9 -10 10 -12 -13 13 -15
leaf_value=0.00027903792216704346 0.010519421086745695 -0.019872064888477328 -0.0020971485163633848 -0.0023595845663841228 -0.018013592354987781 -0.010302705011494898 0.023280982524156571 0.0011146899838634051 0.0064365793569391514 -0.0013836835912014876 0.02402346917241812 -0.0077517972130889956 0.011901404091698771 -0.0087145009899840652
leaf_weight=15591 89 41 124 444 49 80 40 81 266 49 45 131 148 46
leaf_count=15591 89 41 124 444 49 80 40 81 266 49 45 131 148 46
internal_value=0.000324142 0.000268134 -0.00696851 0.000340528 -0.0040807 0.000474011 0.000529715 0.00907546 0.000463416 0.000362195 0.0113783 0.000293581 0.000362783 0.00691696
internal_weight=17224 17135 165 16970 493 16477 16397 121 16276 16010 94 15916 15785 194
internal_count=17224 17135 165 16970 493 16477 16397 121 16276 16010 94 15916 15785 194
is_linear=0
shrinkage=0.05


Tree=229
num_leaves=15
num_cat=0
split_feature=358 342 289 192 191 4 4 6 192 2 275 4 396 4
split_gain=4.65199 4.51148 4.38669 4.86861 4.18915 5.22423 6.69502 6.46731 4.07882 5.1811 3.95177 5.76389 4.74652 3.90928
threshold=1.0000000180025095e-35 1.0000000180025095e-35 1.0000000180025095e-35 1.0000000180025095e-35 1.0000000180025095e-35 0.92575000000000007 0.92165000000000008 7.5000000000000009 1.0000000180025095e-35 1.0000000180025095e-35 1.0000000180025095e-35 0.14045000000000005 1.0000000180025095e-35 0.88715000000000011
decision_type=2 2 2 2 2 2 2 2 2 2 2 2 2 2
left_child=1 2 3 4 10 6 7 -6 9 -4 12 -12 -1 -2
right_child=13 -3 8 -5 5 -7 -8 -9 -10 -11 11 -13 -14 -15
leaf_value=-0.00028148801383308348 0.0035774659257560206 0.011484897764499433 0.0092192545584920387 -0.0068162336117129074 -0.007300167538757835 -0.010316120646893979 0.02402814529836178 0.0066844384674503658 0.012577848774425757 -0.010253098486707761 0.0032859017222563128 -0.02062957155469217 0.010334607315214598 0.020853727799322871
leaf_weight=15753 131 79 67 271 100 53 40 392 125 60 43 52 101 40
leaf_count=15753 131 79 67 271 100 53 40 392 125 60 43 52 101 40
internal_value=8.81546e-06 -7.42279e-05 -0.000131114 -0.000230192 -0.000120216 0.00401718 0.00552788 0.00379719 0.00635197 -2.019e-05 -0.000273184 -0.0101816 -0.00021062 0.00809632
internal_weight=17307 17136 17057 16805 16534 585 532 492 252 127 15949 95 15854 171
internal_count=17307 17136 17057 16805 16534 585 532 492 252 127 15949 95 15854 171
is_linear=0
shrinkage=0.05


Tree=230
num_leaves=15
num_cat=0
split_feature=144 4 163 227 267 378 4 352 3 209 4 109 339 2
split_gain=6.67134 8.60283 4.36629 4.37432 4.2345 3.90686 5.72435 3.87863 7.59385 3.66543 5.93309 3.98269 7.36332 5.18356
threshold=1.0000000180025095e-35 0.19895000000000004 1.0000000180025095e-35 1.0000000180025095e-35 1.0000000180025095e-35 1.0000000180025095e-35 0.90295000000000014 1.0000000180025095e-35 0.91085000000000016 1.0000000180025095e-35 0.12825000000000003 1.0000000180025095e-35 1.0000000180025095e-35 1.5000000000000002
decision_type=2 2 2 2 2 2 2 2 2 2 2 2 2 2
left_child=2 -2 3 4 5 7 -7 9 -9 11 -11 12 -1 -14
right_child=1 -3 -4 -5 -6 6 -8 8 -10 10 -12 -13 13 -15
leaf_value=5.5886578713455731e-05 -0.0076039552729990747 0.019168942310842593 -0.011077489799166892 0.011085418300641763 -0.010973140509490487 0.00051197405950522714 0.022745562719300075 0.013863645728159858 -0.0054873900374443063 0.004112440090299257 -0.014349855675192719 -0.0084133680444210771 0.023251902581802732 0.0021754677111113616
leaf_weight=16057 40 93 82 86 81 76 42 132 77 69 105 132 53 61
leaf_count=16057 40 93 82 86 81 76 42 132 77 69 105 132 53 61
internal_value=0.000183854 0.0111332 9.52194e-05 0.00015245 9.35004e-05 0.000150093 0.00902855 8.46205e-05 0.00677268 -2.24205e-06 -0.00711823 7.58652e-05 0.00014774 0.0125394
internal_weight=17186 133 17053 16971 16885 16804 118 16686 209 16477 174 16303 16171 114
internal_count=17186 133 17053 16971 16885 16804 118 16686 209 16477 174 16303 16171 114
is_linear=0
shrinkage=0.05


Tree=231
num_leaves=15
num_cat=0
split_feature=352 279 292 2 281 24 4 2 345 41 6 4 275 115
split_gain=5.60902 6.02974 4.23873 13.5269 3.89613 4.045 4.26984 6.38602 4.0288 3.82798 3.82506 3.69279 3.45905 3.8027
threshold=1.0000000180025095e-35 1.0000000180025095e-35 1.0000000180025095e-35 1.0000000180025095e-35 1.0000000180025095e-35 1.0000000180025095e-35 0.69335000000000013 1.0000000180025095e-35 1.0000000180025095e-35 1.0000000180025095e-35 10.500000000000002 0.89745000000000008 1.0000000180025095e-35 1.0000000180025095e-35
decision_type=2 2 2 2 2 2 2 2 2 2 2 2 2 2
left_child=2 -2 4 -4 5 8 -7 10 9 12 -8 -11 13 -1
right_child=1 -3 3 -5 -6 6 7 -9 -10 11 -12 -13 -14 -15
leaf_value=-0.00019803658525794347 0.01721845247203066 0.00056981634261319412 0.020279634853994307 -0.0058274117049456828 -0.01028780753952154 -6.6337765690809244e-05 0.013112627650958067 0.025031581773821799 -0.0099968337910608038 -0.0017296595855596218 -0.0061264399026151536 0.017347210617430633 -0.0087515151279413308 0.0077480901192757308
leaf_weight=15946 93 123 94 96 89 162 46 51 99 42 48 56 112 147
leaf_count=15946 93 123 94 96 89 162 46 51 99 42 48 56 112 147
internal_value=5.10927e-05 0.00796536 -5.18502e-05 0.00727751 -0.000136893 -7.97625e-05 0.00556004 0.0116387 -0.000186986 -0.000124369 0.00347518 0.00948433 -0.000185386 -0.000123069
internal_weight=17204 216 16988 190 16798 16709 307 145 16402 16303 94 98 16205 16093
internal_count=17204 216 16988 190 16798 16709 307 145 16402 16303 94 98 16205 16093
is_linear=0
shrinkage=0.05


Tree=232
num_leaves=15
num_cat=0
split_feature=102 45 4 199 3 306 5 3 4 352 3 279 92 191
split_gain=5.08212 4.72246 5.14109 4.62473 4.40742 4.29394 7.38655 5.61597 7.4397 4.54675 8.27994 4.85931 7.02841 5.8131
threshold=1.0000000180025095e-35 1.0000000180025095e-35 0.87020000000000008 1.0000000180025095e-35 0.092550000000000007 1.0000000180025095e-35 1.0000000180025095e-35 0.89805000000000013 0.6583500000000001 1.0000000180025095e-35 0.90875000000000006 1.0000000180025095e-35 1.0000000180025095e-35 1.0000000180025095e-35
decision_type=2 2 2 2 2 2 2 2 2 2 2 2 2 2
left_child=1 3 -3 5 -5 9 7 8 -7 11 -11 13 -13 -1
right_child=-2 2 -4 4 -6 6 -8 -9 -10 10 -12 12 -14 -15
leaf_value=-4.5524878054720885e-05 -0.0080870003436234201 0.002308695866604862 0.022847465891391042 -0.00067249635758344091 0.020706192086692211 -0.00088011119234859239 0.012939207600977491 -0.00017075962541901617 -0.013720147324602295 0.016509418115831502 -0.0082963545285165315 0.0038146639970936314 -0.012778462830291533 0.0084970222042048231
leaf_weight=14096 174 87 43 43 49 203 63 446 251 104 45 1419 62 197
leaf_count=14096 174 87 43 43 49 203 63 446 251 104 45 1419 62 197
internal_value=0.000294434 0.000382017 0.00969688 0.000307859 0.0111944 0.00024525 -0.00298819 -0.00416843 -0.00805103 0.00044168 0.00899162 0.000358095 0.00307936 7.5147e-05
internal_weight=17282 17108 130 16978 92 16886 963 900 454 15923 149 15774 1481 14293
internal_count=17282 17108 130 16978 92 16886 963 900 454 15923 149 15774 1481 14293
is_linear=0
shrinkage=0.05


Tree=233
num_leaves=15
num_cat=0
split_feature=199 3 290 209 38 3 96 172 147 96 5 169 3 276
split_gain=3.90953 4.08537 3.96253 3.08395 3.27683 3.08366 5.53732 6.05482 5.62876 4.03063 6.21523 5.32376 3.91918 3.20533
threshold=1.0000000180025095e-35 0.060250000000000005 1.0000000180025095e-35 1.0000000180025095e-35 1.0000000180025095e-35 -0.95344999999999991 1.0000000180025095e-35 1.0000000180025095e-35 1.0000000180025095e-35 1.0000000180025095e-35 1.0000000180025095e-35 1.0000000180025095e-35 -0.94794999999999985 1.0000000180025095e-35
decision_type=2 2 2 2 2 2 2 2 2 2 2 2 2 2
left_child=2 -2 3 5 -5 6 7 8 -1 11 -11 12 -7 -14
right_child=1 -3 -4 4 -6 9 -8 -9 -10 10 -12 -13 13 -15
leaf_value=0.0019200780921847346 -0.00116030840887403 0.019240002909295815 -0.0086564225578353617 -0.013407617398462763 0.00049408606264269217 -0.0062018929008445418 -0.008950082208592813 0.021314407337922604 0.017940762841095359 0.00014527133660194297 0.016425783721918358 -0.01360069505961242 -0.00016976285679640564 0.0025760491449515876
leaf_weight=807 44 49 126 82 82 251 86 43 54 156 89 68 14170 1144
leaf_count=807 44 49 126 82 82 251 86 43 54 156 89 68 14170 1144
internal_value=6.32388e-05 0.0100215 6.3592e-06 7.29667e-05 -0.00664779 0.00014026 0.00284044 0.00400517 0.00302264 -2.89386e-05 0.00626965 -0.000129623 -6.64221e-05 3.61311e-05
internal_weight=17251 93 17158 17032 164 16868 990 904 861 15878 245 15633 15565 15314
internal_count=17251 93 17158 17032 164 16868 990 904 861 15878 245 15633 15565 15314
is_linear=0
shrinkage=0.05


Tree=234
num_leaves=15
num_cat=0
split_feature=234 3 108 25 24 135 396 20 356 362 255 18 6 256
split_gain=6.05356 4.34008 8.04365 7.75339 7.16791 6.26896 5.83676 5.0104 4.82873 4.67991 4.44195 5.54451 4.38002 6.7359
threshold=1.0000000180025095e-35 0.39430000000000004 1.0000000180025095e-35 1.0000000180025095e-35 1.0000000180025095e-35 1.0000000180025095e-35 1.0000000180025095e-35 1.0000000180025095e-35 1.0000000180025095e-35 1.0000000180025095e-35 1.0000000180025095e-35 1.0000000180025095e-35 11.500000000000002 1.0000000180025095e-35
decision_type=2 2 2 2 2 2 2 2 2 2 2 2 2 2
left_child=1 6 3 4 5 7 8 9 10 12 11 -1 13 -3
right_child=-2 2 -4 -5 -6 -7 -8 -9 -10 -11 -12 -13 -14 -15
leaf_value=0.00031017156959146463 0.0087369237340948914 -0.00056709382039082251 -0.021544550079367279 0.0164600070122452 0.013418630330615779 0.017010848965171889 0.013054771350858653 -0.016027891629580723 0.0128034135637184 0.011573897010606269 -0.010563026278490021 0.01313141571905683 -0.0040830070279264221 -0.019025675553828478
leaf_weight=10654 192 4354 43 58 78 41 87 54 73 64 88 80 1294 45
leaf_count=10654 192 4354 43 58 78 41 87 54 73 64 88 80 1294 45
internal_value=2.24158e-05 -7.84698e-05 -0.00115557 -0.000991305 -0.00117572 -0.00138153 0.000513301 -0.00152581 0.00040721 -0.00137599 0.000317718 0.000411797 -0.0015316 -0.000777304
internal_weight=17205 17013 6031 5988 5930 5852 10982 5811 10895 5757 10822 10734 5693 4399
internal_count=17205 17013 6031 5988 5930 5852 10982 5811 10895 5757 10822 10734 5693 4399
is_linear=0
shrinkage=0.05


Tree=235
num_leaves=15
num_cat=0
split_feature=330 23 191 276 4 39 100 4 4 120 207 51 310 189
split_gain=3.6521 3.90803 3.33245 4.96567 5.19876 6.90407 3.57421 3.94583 3.2641 11.1226 8.42324 7.07273 6.7099 6.42161
threshold=1.0000000180025095e-35 1.0000000180025095e-35 1.0000000180025095e-35 1.0000000180025095e-35 0.92635000000000012 1.0000000180025095e-35 1.0000000180025095e-35 0.91675000000000006 0.37895000000000006 1.0000000180025095e-35 1.0000000180025095e-35 1.0000000180025095e-35 1.0000000180025095e-35 1.0000000180025095e-35
decision_type=2 2 2 2 2 2 2 2 2 2 2 2 2 2
left_child=1 2 8 4 5 6 7 -4 12 10 11 13 -1 -10
right_child=-2 -3 3 -5 -6 -7 -8 -9 9 -11 -12 -13 -14 -15
leaf_value=0.00059711313591610728 -0.010451581242488742 -0.0048660973890305549 -0.0028399548765485859 0.016997342392278372 -0.013348795793836519 0.021159407540279278 0.013552425298839807 0.0093268665712500035 -0.00065951745762324939 -0.022701921946320095 0.020131706849348788 0.01737933040217117 0.016856160486349837 -0.017355893616532458
leaf_weight=7590 79 398 291 59 44 46 50 81 8342 52 44 49 59 53
leaf_count=7590 79 398 291 59 44 46 50 81 8342 52 44 49 59 53
internal_value=-5.13903e-05 -4.74209e-07 0.000116487 0.00385371 0.00218937 0.00377589 0.00165543 -0.000102165 -1.64776e-05 -0.000688204 -0.000540056 -0.000659622 0.000733456 -0.000775195
internal_weight=17237 17158 16760 571 512 468 422 372 16189 8540 8488 8444 7649 8395
internal_count=17237 17158 16760 571 512 468 422 372 16189 8540 8488 8444 7649 8395
is_linear=0
shrinkage=0.05


Tree=236
num_leaves=15
num_cat=0
split_feature=386 4 116 18 6 3 183 17 376 400 48 111 56 110
split_gain=4.83937 6.73284 4.52675 4.01249 3.70055 6.75602 5.02667 4.84458 4.18299 3.98789 4.99688 3.53634 3.45226 3.60785
threshold=1.0000000180025095e-35 0.50335000000000008 1.0000000180025095e-35 1.0000000180025095e-35 14.500000000000002 -0.11329999999999998 1.0000000180025095e-35 1.0000000180025095e-35 1.0000000180025095e-35 1.0000000180025095e-35 1.0000000180025095e-35 1.0000000180025095e-35 1.0000000180025095e-35 1.0000000180025095e-35
decision_type=2 2 2 2 2 2 2 2 2 2 2 2 2 2
left_child=2 -2 3 4 6 -6 7 8 9 10 11 -1 13 -7
right_child=1 -3 -4 -5 5 12 -8 -9 -10 -11 -12 -13 -14 -15
leaf_value=0.00018448934400568787 -0.002337394504153982 0.025098451777644783 0.0093044193431777063 0.0096509353180105496 -0.010765634106318339 0.0015515586456972532 -0.01016058622676338 -0.011806883544840637 0.011930286791175604 -0.0073464414667833754 0.009234887862963859 0.010471842482331253 -0.010261874443248791 -0.011285818851708124
leaf_weight=15289 42 41 128 103 213 619 112 78 72 166 151 79 80 55
leaf_count=15289 42 41 128 103 213 619 112 78 72 166 151 79 80 55
internal_value=0.00017593 0.0118713 0.000115868 4.40398e-05 -1.72975e-05 -0.00301249 0.000165214 0.000241432 0.000304799 0.000247649 0.00033122 0.000240761 -0.000765792 0.000428606
internal_weight=17228 83 17145 17017 16914 967 15947 15835 15757 15685 15519 15368 754 674
internal_count=17228 83 17145 17017 16914 967 15947 15835 15757 15685 15519 15368 754 674
is_linear=0
shrinkage=0.05


Tree=237
num_leaves=15
num_cat=0
split_feature=3 351 352 90 2 155 1 83 3 338 210 249 80 301
split_gain=5.37406 5.38699 5.47778 5.37657 5.13658 4.64375 4.53872 4.4104 4.15021 3.8379 4.07985 4.00849 4.15711 3.89928
threshold=0.91825000000000012 1.0000000180025095e-35 1.0000000180025095e-35 1.0000000180025095e-35 1.0000000180025095e-35 1.0000000180025095e-35 1.0000000180025095e-35 1.0000000180025095e-35 0.87355000000000016 1.0000000180025095e-35 1.0000000180025095e-35 1.0000000180025095e-35 1.0000000180025095e-35 1.0000000180025095e-35
decision_type=2 2 2 2 2 2 2 2 2 2 2 2 2 2
left_child=1 2 3 9 -5 -2 8 -4 -3 10 11 12 13 -1
right_child=5 6 7 4 -6 -7 -8 -9 -10 -11 -12 -13 -14 -15
leaf_value=0.00022012239330618233 -0.0018837085978308816 0.01122238945076847 0.014668291933372804 0.0024512646442983212 0.015530746988097735 -0.016809351031702977 0.018291796199781329 -0.0032567537006209881 -0.0051770848986239012 0.011054442294237273 0.0087332568687500719 -0.0071276056976456214 0.010993554501721028 -0.010051203498076047
leaf_weight=14342 1597 72 114 249 104 49 71 46 73 77 134 183 84 88
leaf_count=14342 1597 72 114 249 104 49 71 46 73 77 134 183 84 88
internal_value=0.000335617 0.000621887 0.000510635 0.000412527 0.0064678 -0.00237759 0.00837325 0.00957232 0.00306874 0.000267026 0.000207313 0.000126634 0.000220522 0.000154024
internal_weight=17283 15637 15421 15261 353 1646 216 160 145 14908 14831 14697 14514 14430
internal_count=17283 15637 15421 15261 353 1646 216 160 145 14908 14831 14697 14514 14430
is_linear=0
shrinkage=0.05


Tree=238
num_leaves=15
num_cat=0
split_feature=309 13 4 396 1 144 4 3 299 128 17 4 356 3
split_gain=4.53493 4.81925 6.97207 5.64654 6.05168 4.91678 5.02123 4.76095 3.61947 3.99311 3.72104 6.22629 3.52302 3.26782
threshold=1.0000000180025095e-35 1.0000000180025095e-35 0.090850000000000014 1.0000000180025095e-35 1.0000000180025095e-35 1.0000000180025095e-35 0.78245000000000009 0.062650000000000025 1.0000000180025095e-35 1.0000000180025095e-35 1.0000000180025095e-35 0.14045000000000005 1.0000000180025095e-35 0.59845000000000015
decision_type=2 2 2 2 2 2 2 2 2 2 2 2 2 2
left_child=1 3 -3 5 -5 8 -7 -2 9 10 12 -12 -1 -4
right_child=7 2 13 4 -6 6 -8 -9 -10 -11 11 -13 -14 -15
leaf_value=-0.00011757836264002172 -0.0084503814838826664 0.0027344324898610755 -0.016634950181078009 0.020102109035975497 -0.0034808939798398222 0.00092699754765474961 0.020957745041232559 0.004770942507529425 -0.010788000813579258 0.010685760428219341 0.004031315775912093 -0.021610742592019963 0.0094410027847769348 -0.0050343073570025222
leaf_weight=15532 70 159 114 66 42 72 51 781 74 81 41 47 92 137
leaf_count=15532 70 159 114 66 42 72 51 781 74 81 41 47 92 137
internal_value=9.19273e-05 -9.2046e-05 -0.00541201 4.50865e-05 0.0111827 -3.36118e-05 0.00972666 0.0036404 -0.000112313 -5.88923e-05 -0.000117666 -0.0100894 -5.82915e-05 -0.0105251
internal_weight=17359 16508 410 16098 108 15990 123 851 15867 15793 15712 88 15624 251
internal_count=17359 16508 410 16098 108 15990 123 851 15867 15793 15712 88 15624 251
is_linear=0
shrinkage=0.05


Tree=239
num_leaves=15
num_cat=0
split_feature=272 135 69 175 309 1 404 304 6 116 200 342 45 4
split_gain=4.30049 6.07042 9.43443 3.692 3.36762 4.3451 4.20682 6.23701 3.63169 3.57984 4.236 4.19809 4.22289 7.83845
threshold=1.0000000180025095e-35 1.0000000180025095e-35 1.0000000180025095e-35 1.0000000180025095e-35 1.0000000180025095e-35 1.0000000180025095e-35 1.0000000180025095e-35 1.0000000180025095e-35 10.500000000000002 1.0000000180025095e-35 1.0000000180025095e-35 1.0000000180025095e-35 1.0000000180025095e-35 0.84370000000000012
decision_type=2 2 2 2 2 2 2 2 2 2 2 2 2 2
left_child=1 3 -3 4 9 6 8 -8 -6 10 11 12 -1 -14
right_child=-2 2 -4 -5 5 -7 7 -9 -10 -11 -12 -13 13 -15
leaf_value=-0.00012426163043870319 -0.008618592962946944 0.0020950976830835526 0.028076502128162102 -0.009796834389302643 0.0095007277303995122 -0.0025915983149579196 0.0092926385392274827 -0.011667942859930919 -0.0014789712799635406 0.0084033019084483376 -0.0069970968275088561 0.011886285474473561 -0.0005063749539355437 0.025792061587174737
leaf_weight=15401 135 125 44 89 400 234 59 75 91 120 214 69 76 40
leaf_count=15401 135 125 44 89 400 234 59 75 91 120 214 69 76 40
internal_value=0.000108937 0.000180601 0.0094719 8.47329e-05 0.00014005 0.00318023 0.00534461 -0.00243674 0.0074714 -2.49366e-05 -9.15867e-05 5.4414e-06 -5.12014e-05 0.00925311
internal_weight=17172 17037 169 16868 16779 859 625 134 491 15920 15800 15586 15517 116
internal_count=17172 17037 169 16868 16779 859 625 134 491 15920 15800 15586 15517 116
is_linear=0
shrinkage=0.05


Tree=240
num_leaves=15
num_cat=0
split_feature=199 0 405 97 365 268 395 369 69 6 3 7 346 105
split_gain=4.02196 4.54171 3.9259 3.54672 3.87356 4.39905 4.12721 4.44954 3.68842 4.7208 3.99462 6.32985 5.75635 5.4094
threshold=1.0000000180025095e-35 0.87500000000000011 1.0000000180025095e-35 1.0000000180025095e-35 1.0000000180025095e-35 1.0000000180025095e-35 1.0000000180025095e-35 1.0000000180025095e-35 1.0000000180025095e-35 10.500000000000002 0.48350000000000004 1.0000000180025095e-35 1.0000000180025095e-35 1.0000000180025095e-35
decision_type=2 2 2 2 2 2 2 2 2 2 2 2 2 2
left_child=2 -2 3 4 5 6 7 8 10 -10 -1 12 13 -12
right_child=1 -3 -4 -5 -6 -7 -8 -9 9 -11 11 -13 -14 -15
leaf_value=0.00072322575519207291 0.020617307463259089 0.00014956118538975716 -0.011022528931144861 -0.0058987440726482095 -0.0061529672927517669 0.013839723856654019 -0.0066063300544818397 0.0064413676436398991 -0.0048664537131715615 0.009473383442258539 -0.0012940071440596347 0.016935448994746014 -0.013005171838216485 0.0055269137370734687
leaf_weight=10377 46 58 74 234 229 55 210 291 74 216 4920 44 95 304
leaf_count=10377 46 58 74 234 229 55 210 291 74 216 4920 44 95 304
internal_value=0.000158951 0.00973307 9.79765e-05 0.000149462 0.000235358 0.000325388 0.000276254 0.000366807 0.000254559 0.00579379 0.000150694 -0.000956753 -0.00112053 -0.000892172
internal_weight=17227 104 17123 17049 16815 16586 16531 16321 16030 290 15740 5363 5319 5224
internal_count=17227 104 17123 17049 16815 16586 16531 16321 16030 290 15740 5363 5319 5224
is_linear=0
shrinkage=0.05


Tree=241
num_leaves=15
num_cat=0
split_feature=11 7 356 337 4 31 21 37 83 228 4 135 4 165
split_gain=5.73471 5.19716 4.02163 4.002 4.86105 4.10302 4.33558 4.31021 4.97205 4.27289 4.50665 4.27172 8.20339 4.00359
threshold=1.0000000180025095e-35 1.0000000180025095e-35 1.0000000180025095e-35 1.0000000180025095e-35 0.6724500000000001 1.0000000180025095e-35 1.0000000180025095e-35 1.0000000180025095e-35 1.0000000180025095e-35 1.0000000180025095e-35 0.54905000000000015 1.0000000180025095e-35 0.32460000000000006 1.0000000180025095e-35
decision_type=2 2 2 2 2 2 2 2 2 2 2 2 2 2
left_child=1 2 3 5 -5 6 7 9 13 11 -11 -1 -13 -9
right_child=-2 -3 -4 4 -6 -7 -8 8 -10 10 -12 12 -14 -15
leaf_value=-0.00050873860717592164 -0.012937179658437409 0.010289747103071603 0.0098808245714938295 -0.0012095281142084039 0.021530441185360419 -0.0082025954355426801 0.0057033283815586151 0.0099456476868085928 -0.0079268314230830587 -0.0001328667172709027 0.018431869167233668 0.0011058684918286933 0.025422807924611414 -0.0040449058164197665
leaf_weight=15724 81 117 96 46 42 153 310 268 59 69 57 143 41 60
leaf_count=15724 81 117 96 46 42 153 310 268 59 69 57 143 41 60
internal_value=-5.78695e-05 6.58134e-06 -6.69019e-05 -0.000126063 0.0102177 -0.000182984 -0.000107219 -0.000218615 0.00496155 -0.000345152 0.00864843 -0.000419081 0.00705353 0.00736409
internal_weight=17266 17185 17068 16972 88 16884 16731 16421 387 16034 126 15908 184 328
internal_count=17266 17185 17068 16972 88 16884 16731 16421 387 16034 126 15908 184 328
is_linear=0
shrinkage=0.05


Tree=242
num_leaves=15
num_cat=0
split_feature=302 3 144 4 46 4 252 164 3 1 105 4 145 156
split_gain=4.86068 11.9736 4.75971 10.4681 4.18085 3.80775 3.51252 3.74882 12.5068 4.13237 8.35838 7.65954 6.6315 5.37091
threshold=1.0000000180025095e-35 -0.62319999999999987 1.0000000180025095e-35 0.78245000000000009 1.0000000180025095e-35 0.92505000000000015 1.0000000180025095e-35 1.0000000180025095e-35 0.024050000000000005 1.0000000180025095e-35 1.0000000180025095e-35 0.028750000000000001 1.0000000180025095e-35 1.0000000180025095e-35
decision_type=2 2 2 2 2 2 2 2 2 2 2 2 2 2
left_child=2 -2 4 -4 6 -3 7 9 -9 13 12 -12 -11 -1
right_child=1 5 3 -5 -6 -7 -8 8 -10 10 11 -13 -14 -15
leaf_value=0.00034285112938051002 -0.016145545517669082 0.015103895991173913 -0.0036201530270964693 0.024046009650919589 0.010996941003181479 -0.0015107481482815235 0.0065173647161407711 0.011265240379182971 -0.01730957354801441 -0.00052433893834408338 0.0081218003212744673 -0.011168874335753004 -0.0190112154474672 0.015100708012018474
leaf_weight=11086 42 168 71 59 80 42 192 54 107 4913 57 332 44 57
leaf_count=11086 42 168 71 59 80 42 192 54 107 4913 57 332 44 57
internal_value=0.000113223 0.00693824 1.03564e-05 0.00936158 -6.42266e-05 0.0118231 -0.000120016 -0.000198488 -0.00767484 -0.000123184 -0.0012653 -0.00827502 -0.000707426 0.000425081
internal_weight=17304 252 17052 130 16922 210 16842 16650 161 16489 5346 389 4957 11143
internal_count=17304 252 17052 130 16922 210 16842 16650 161 16489 5346 389 4957 11143
is_linear=0
shrinkage=0.05


Tree=243
num_leaves=15
num_cat=0
split_feature=39 195 3 2 337 60 279 0 3 233 231 90 359 83
split_gain=3.82122 6.55062 8.35221 6.65959 7.90525 5.39444 5.46723 5.16235 4.67867 4.17232 4.05015 4.35451 5.38134 4.61038
threshold=1.0000000180025095e-35 1.0000000180025095e-35 0.015150000000000002 1.0000000180025095e-35 1.0000000180025095e-35 1.0000000180025095e-35 1.0000000180025095e-35 1.0000000180025095e-35 0.84675000000000011 1.0000000180025095e-35 1.0000000180025095e-35 1.0000000180025095e-35 1.0000000180025095e-35 1.0000000180025095e-35
decision_type=2 2 2 2 2 2 2 2 2 2 2 2 2 2
left_child=10 3 -3 5 7 6 9 -5 -8 -2 11 12 13 -1
right_child=1 2 -4 4 -6 -7 8 -9 -10 -11 -12 -13 -14 -15
leaf_value=0.0001404237423781235 0.0052061629475541613 0.030958010889589788 0.0029424771286183588 0.011246783705428243 0.014024580666201486 -0.010897793675608496 0.003227864170446992 -0.005295869314890028 0.024420955859343799 -0.010684394128103224 -0.0058041730283468103 0.0055469550477428541 0.0045687905646930151 -0.0025028799070615682
leaf_weight=12736 551 40 68 47 64 46 45 535 63 40 289 356 611 1890
leaf_count=12736 551 40 68 47 64 46 45 535 63 40 289 356 611 1890
internal_value=0.000237968 0.00264676 0.0142293 0.00169973 -0.00200805 0.00490675 0.00601683 -0.00387553 0.0161241 0.00405005 9.85588e-06 0.000119439 -9.14864e-06 -0.000201888
internal_weight=17381 1499 108 1391 646 745 699 582 108 591 15882 15593 15237 14626
internal_count=17381 1499 108 1391 646 745 699 582 108 591 15882 15593 15237 14626
is_linear=0
shrinkage=0.05


Tree=244
num_leaves=15
num_cat=0
split_feature=291 234 45 396 378 3 300 151 6 240 73 184 11 386
split_gain=4.94959 4.76787 4.62613 4.66994 4.38935 6.58823 3.87079 3.73242 3.72174 2.94493 2.96833 2.87848 3.25466 3.15885
threshold=1.0000000180025095e-35 1.0000000180025095e-35 1.0000000180025095e-35 1.0000000180025095e-35 1.0000000180025095e-35 0.88265000000000016 1.0000000180025095e-35 1.0000000180025095e-35 10.500000000000002 1.0000000180025095e-35 1.0000000180025095e-35 1.0000000180025095e-35 1.0000000180025095e-35 1.0000000180025095e-35
decision_type=2 2 2 2 2 2 2 2 2 2 2 2 2 2
left_child=1 2 3 4 6 -6 7 9 -5 10 11 12 13 -1
right_child=-2 -3 -4 8 5 -7 -8 -9 -10 -11 -12 -13 -14 -15
leaf_value=-0.00011315066354653586 -0.0094403690470801303 0.0079516675718833956 0.0098821508407592774 0.019861208406035547 0.00047889690671581775 0.024546347760959812 -0.010489691584371031 0.0075160771044080754 0.0014092909472603952 0.0085383905024797313 0.0080205488480303601 0.0065699610950573821 -0.0104995896431307 0.0091287855459477318
leaf_weight=15857 124 201 120 49 75 41 81 165 57 97 110 158 70 88
leaf_count=15857 124 201 120 49 75 41 81 165 57 97 110 158 70 88
internal_value=0.00031734 0.000390541 0.000298657 0.000227487 0.000159668 0.0096483 9.05847e-05 0.000145536 0.0104494 6.90201e-05 1.59614e-05 -4.09435e-05 -0.000108195 -5.9299e-05
internal_weight=17293 17169 16968 16848 16742 116 16626 16545 106 16380 16283 16173 16015 15945
internal_count=17293 17169 16968 16848 16742 116 16626 16545 106 16380 16283 16173 16015 15945
is_linear=0
shrinkage=0.05


Tree=245
num_leaves=15
num_cat=0
split_feature=77 115 3 304 73 262 3 3 218 359 306 279 276 121
split_gain=6.21933 3.38866 3.86629 4.28683 3.19601 3.48956 3.61993 5.30233 4.35552 4.44591 5.57433 4.1138 6.25756 4.79927
threshold=1.0000000180025095e-35 1.0000000180025095e-35 -0.41179999999999994 1.0000000180025095e-35 1.0000000180025095e-35 1.0000000180025095e-35 -0.94594999999999985 -0.94414999999999993 1.0000000180025095e-35 1.0000000180025095e-35 1.0000000180025095e-35 1.0000000180025095e-35 1.0000000180025095e-35 1.0000000180025095e-35
decision_type=2 2 2 2 2 2 2 2 2 2 2 2 2 2
left_child=1 4 -3 -4 5 6 8 -8 9 10 11 12 13 -1
right_child=-2 2 3 -5 -6 -7 7 -9 -10 -11 -12 -13 -14 -15
leaf_value=-0.0035758070490872693 -0.0099594113914094669 0.017224559482307205 0.0086210159309716393 -0.0095021527726203217 0.0089145223328949141 0.010824859408395631 0.014405507633962962 0.00030871877844782371 0.012285708225503261 0.010513186773632542 -0.014591764208106768 0.003499645854268844 -0.015902457948811729 0.011750628135421061
leaf_weight=739 143 57 83 47 101 72 62 15392 44 54 100 223 94 50
leaf_count=739 143 57 83 47 101 72 62 15392 44 54 100 223 94 50
internal_value=0.00024644 0.000334581 0.0069399 0.00195954 0.000259599 0.000205027 0.000156184 0.000369915 -0.00236852 -0.0029268 -0.00356951 -0.00251174 -0.00404106 -0.00253667
internal_weight=17261 17118 187 130 16931 16830 16758 15454 1304 1260 1206 1106 883 789
internal_count=17261 17118 187 130 16931 16830 16758 15454 1304 1260 1206 1106 883 789
is_linear=0
shrinkage=0.05


Tree=246
num_leaves=15
num_cat=0
split_feature=386 4 102 60 3 249 80 105 0 375 4 141 26 3
split_gain=3.80264 5.92755 4.01433 3.94596 3.29405 5.44504 5.78878 4.46258 5.62056 4.67065 4.16593 3.90738 4.36619 5.81417
threshold=1.0000000180025095e-35 0.42545000000000005 1.0000000180025095e-35 1.0000000180025095e-35 0.88985000000000014 1.0000000180025095e-35 1.0000000180025095e-35 1.0000000180025095e-35 0.70833333333333337 1.0000000180025095e-35 0.80985000000000007 1.0000000180025095e-35 1.0000000180025095e-35 -0.012599999999999998
decision_type=2 2 2 2 2 2 2 2 2 2 2 2 2 2
left_child=2 -2 3 4 5 6 11 -6 -9 -10 -7 12 -1 -14
right_child=1 -3 -4 -5 7 10 -8 8 9 -11 -12 -13 13 -15
leaf_value=0.00017234409327943802 -0.002277955838612148 0.023297263483206432 -0.00739277634791757 -0.0093312929158107707 0.001206585864065377 -0.0027046149907012781 0.01365236533471407 -0.0079396280338582797 0.016500198679237531 8.6273497083421919e-06 -0.020031804483331708 -0.0091058454764847696 -0.023337752550012539 -0.0022018544434562444
leaf_weight=13260 44 40 169 102 2921 91 73 41 140 61 53 112 40 122
leaf_count=13260 44 40 169 102 2921 91 73 41 140 61 53 112 40 122
internal_value=0.000216779 0.0105254 0.000163344 0.000240539 0.000301003 -3.38527e-05 7.02182e-05 0.00175453 0.00821002 0.011617 -0.00954019 -8.05627e-06 7.12229e-05 -0.00796308
internal_weight=17269 84 17185 17016 16914 13751 13607 3163 242 201 144 13534 13422 162
internal_count=17269 84 17185 17016 16914 13751 13607 3163 242 201 144 13534 13422 162
is_linear=0
shrinkage=0.05


Tree=247
num_leaves=15
num_cat=0
split_feature=18 199 129 103 227 321 6 243 21 203 16 17 215 406
split_gain=5.20365 3.86127 3.85794 3.58172 3.44311 3.58459 3.52165 7.07885 5.86064 5.12519 4.50411 3.76811 3.66814 3.61166
threshold=1.0000000180025095e-35 1.0000000180025095e-35 1.0000000180025095e-35 1.0000000180025095e-35 1.0000000180025095e-35 1.0000000180025095e-35 11.500000000000002 1.0000000180025095e-35 1.0000000180025095e-35 1.0000000180025095e-35 1.0000000180025095e-35 1.0000000180025095e-35 1.0000000180025095e-35 1.0000000180025095e-35
decision_type=2 2 2 2 2 2 2 2 2 2 2 2 2 2
left_child=1 2 3 4 5 6 8 10 9 11 12 13 -8 -1
right_child=-2 -3 -4 -5 -6 -7 7 -9 -10 -11 -12 -13 -14 -15
leaf_value=-0.00021953507682758949 0.011192909720429111 0.0096622843856457637 0.0069313592869451549 0.0090244035209411568 0.0092659332952211779 0.0067992974657478727 -0.0015879862093900348 0.013718778941116921 0.010961797316849698 0.01288860131551822 -0.014313367446956278 -0.012418796459124202 -0.014601432250981981 0.012078301738947632
leaf_weight=12050 97 95 183 98 88 167 3934 68 115 70 68 58 50 55
leaf_count=12050 97 95 183 98 88 167 3934 68 115 70 68 58 50 55
internal_value=-6.69703e-05 -0.000134099 -0.000191655 -0.000271185 -0.00032834 -0.000381863 -0.000456728 -0.00172159 -3.41715e-05 -0.000141979 -0.0019973 -0.000222237 -0.0017694 -0.000158695
internal_weight=17196 17099 17004 16821 16723 16635 16468 4120 12348 12233 4052 12163 3984 12105
internal_count=17196 17099 17004 16821 16723 16635 16468 4120 12348 12233 4052 12163 3984 12105
is_linear=0
shrinkage=0.05


Tree=248
num_leaves=15
num_cat=0
split_feature=41 4 156 292 6 178 4 296 3 293 3 116 215 6
split_gain=4.24223 4.32302 3.4658 3.43019 3.75912 3.30251 5.53908 3.32591 2.97617 2.87881 8.34579 3.20522 3.02821 3.41934
threshold=1.0000000180025095e-35 0.89745000000000008 1.0000000180025095e-35 1.0000000180025095e-35 13.500000000000002 1.0000000180025095e-35 0.10395000000000001 1.0000000180025095e-35 0.9013500000000001 1.0000000180025095e-35 0.30330000000000007 1.0000000180025095e-35 1.0000000180025095e-35 11.500000000000002
decision_type=2 2 2 2 2 2 2 2 2 2 2 2 2 2
left_child=2 -2 3 5 8 7 -7 9 -5 11 -11 12 -1 -14
right_child=1 -3 -4 4 -6 6 -8 -9 -10 10 -12 -13 13 -15
leaf_value=-0.00010814123942414091 -0.0010865285319204515 0.016834545563906431 0.0097172954315384343 0.016099358916843453 -0.0037618989998009058 0.0040498755115550011 -0.0128215145611641 -0.0089474837427501973 5.6491316633021579e-05 0.023526576017805688 -0.004770996579032202 0.0076459061629562224 -0.0019419733318068598 -0.017538974629244947
leaf_weight=16196 60 70 85 88 59 75 124 101 42 43 54 127 113 47
leaf_count=16196 60 70 85 88 59 75 124 101 42 43 54 127 113 47
internal_value=6.42558e-07 0.00882938 -6.88185e-05 -0.000120383 0.00649038 -0.000196301 -0.00651954 -0.000118936 0.0111103 -6.24739e-05 0.00831164 -0.00011426 -0.000176834 -0.00691624
internal_weight=17284 130 17154 17069 189 16880 199 16681 130 16580 97 16483 16356 160
internal_count=17284 130 17154 17069 189 16880 199 16681 130 16580 97 16483 16356 160
is_linear=0
shrinkage=0.05


Tree=249
num_leaves=15
num_cat=0
split_feature=376 4 236 3 3 0 39 311 4 396 3 6 83 192
split_gain=5.17605 5.81714 4.26764 6.42158 4.98024 4.6357 5.42818 3.99195 6.51572 4.04292 3.95212 4.53111 4.25481 4.07739
threshold=1.0000000180025095e-35 0.69335000000000013 1.0000000180025095e-35 -0.96494999999999986 -0.96494999999999986 0.29166666666666669 1.0000000180025095e-35 1.0000000180025095e-35 0.76785000000000003 1.0000000180025095e-35 0.92215000000000014 8.5000000000000018 1.0000000180025095e-35 1.0000000180025095e-35
decision_type=2 2 2 2 2 2 2 2 2 2 2 2 2 2
left_child=2 -2 4 -4 -1 -5 10 9 -9 -6 11 12 -7 -12
right_child=1 -3 3 5 7 6 -8 8 -10 -11 13 -13 -14 -15
leaf_value=-0.013127723096955667 -0.0012950817776962798 0.024296316488281542 0.016949547381761174 0.011288353906053565 -0.00043823420673664079 -0.0020993761410680388 0.012652735328734961 0.00066860943345479606 0.023515157936059912 0.0093140645470539823 0.0075043002595113406 0.0003151281676030506 -0.016853398926752177 -0.0036466646779445
leaf_weight=71 42 41 70 110 15788 104 81 98 41 102 227 337 90 123
leaf_count=71 42 41 70 110 15788 104 81 98 41 102 227 337 90 123
internal_value=-8.68554e-05 0.0120087 -0.000148546 0.00279826 -0.000358371 0.0017998 0.000662077 -0.000297734 0.00799003 -0.000372723 -0.000505538 -0.00321293 -0.0091955 0.00358937
internal_weight=17325 83 17242 1142 16100 1072 962 16029 139 15890 881 531 194 350
internal_count=17325 83 17242 1142 16100 1072 962 16029 139 15890 881 531 194 350
is_linear=0
shrinkage=0.05


Tree=250
num_leaves=15
num_cat=0
split_feature=296 135 3 406 3 4 122 350 4 362 342 21 53 3
split_gain=4.60583 4.26782 10.174 3.86062 3.87687 3.15296 4.31285 3.98859 3.55413 3.31309 3.20942 3.16679 3.94163 3.86084
threshold=1.0000000180025095e-35 1.0000000180025095e-35 0.072450000000000014 1.0000000180025095e-35 0.072450000000000014 0.006150000000000001 1.0000000180025095e-35 1.0000000180025095e-35 0.03765000000000001 1.0000000180025095e-35 1.0000000180025095e-35 1.0000000180025095e-35 1.0000000180025095e-35 0.19115000000000001
decision_type=2 2 2 2 2 2 2 2 2 2 2 2 2 2
left_child=1 3 -3 5 -5 -1 7 9 -8 10 11 12 -7 -13
right_child=-2 2 -4 4 -6 6 8 -9 -10 -11 -12 13 -14 -15
leaf_value=0.0029616137039725756 -0.011088174812376818 8.2440800861986879e-05 0.023715649293444586 -0.00083467022777767858 0.019547812390141191 -0.0002994827756262651 -0.0030380597296116745 -0.011213775919239242 -0.020799464848306443 0.005949556129498431 0.0097460571542615088 0.012128134546966284 -0.0077631296519731184 -0.0002115476076434923
leaf_weight=778 89 158 59 43 45 15130 81 77 40 214 75 108 174 144
leaf_count=778 89 158 59 43 45 15130 81 77 40 214 75 108 174 144
internal_value=-5.06524e-05 9.92672e-06 0.00689747 -8.04768e-05 0.0100788 -0.000136605 -0.000287728 -0.000214743 -0.00950198 -0.000157771 -0.000243261 -0.000294538 -0.000386849 0.00520996
internal_weight=17215 17126 217 16909 88 16821 16043 15922 121 15845 15631 15556 15304 252
internal_count=17215 17126 217 16909 88 16821 16043 15922 121 15845 15631 15556 15304 252
is_linear=0
shrinkage=0.05


Tree=251
num_leaves=15
num_cat=0
split_feature=35 3 267 243 1 3 238 4 256 41 3 4 227 6
split_gain=5.14786 4.80781 3.77763 3.40717 16.1584 3.97944 3.27488 4.59397 3.16372 3.83704 3.82207 3.40093 3.3014 3.92639
threshold=1.0000000180025095e-35 0.033250000000000009 1.0000000180025095e-35 1.0000000180025095e-35 1.0000000180025095e-35 0.056150000000000005 1.0000000180025095e-35 0.043250000000000004 1.0000000180025095e-35 1.0000000180025095e-35 0.75875000000000015 0.24235000000000004 1.0000000180025095e-35 11.500000000000002
decision_type=2 2 2 2 2 2 2 2 2 2 2 2 2 2
left_child=2 -2 3 6 5 -5 8 -8 9 12 -11 -10 13 -1
right_child=1 -3 -4 4 -6 -7 7 -9 11 10 -12 -13 -14 -15
leaf_value=0.00041964543728071984 0.021178270917047156 0.0017976274087448561 -0.010235696188691591 -0.011066542831914765 0.02703351694653975 0.0076015252781950916 0.003124278880087501 -0.015552858166585241 0.00043710505900283655 -0.0021615382060408595 0.016149916146460868 -0.014350453055687721 0.0094207833801466297 -0.0013640536025147157
leaf_weight=12333 50 79 85 72 59 41 54 74 76 45 68 74 88 4109
leaf_count=12333 50 79 85 72 59 41 54 74 76 45 68 74 88 4109
internal_value=5.73319e-05 0.00981944 -1.88137e-05 3.49711e-05 0.00693611 -0.00425808 -3.72064e-05 -0.00785221 2.46808e-05 9.08739e-05 0.00907514 -0.00708568 2.67313e-05 -2.63958e-05
internal_weight=17307 129 17178 17093 172 113 16921 128 16793 16643 113 150 16530 16442
internal_count=17307 129 17178 17093 172 113 16921 128 16793 16643 113 150 16530 16442
is_linear=0
shrinkage=0.05


Tree=252
num_leaves=15
num_cat=0
split_feature=330 386 4 153 352 236 6 199 4 302 100 24 2 216
split_gain=3.8186 3.5011 3.32518 3.21357 3.67867 3.56791 2.98854 2.89144 2.94499 8.4239 6.51646 5.12907 4.85779 7.04068
threshold=1.0000000180025095e-35 1.0000000180025095e-35 0.25420000000000004 1.0000000180025095e-35 1.0000000180025095e-35 1.0000000180025095e-35 10.500000000000002 1.0000000180025095e-35 0.92505000000000015 1.0000000180025095e-35 1.0000000180025095e-35 1.0000000180025095e-35 1.0000000180025095e-35 1.0000000180025095e-35
decision_type=2 2 2 2 2 2 2 2 2 2 2 2 2 2
left_child=1 3 -2 4 7 -6 -5 8 -1 10 11 12 13 -10
right_child=2 -3 -4 6 5 -7 -8 -9 9 -11 -12 -13 -14 -15
leaf_value=1.0034220187317681e-05 -0.00058597952456158756 0.010195943390030458 -0.019561821658243526 0.00023498912031451864 0.010133234939227503 -0.003729468311614065 0.01681570532662725 0.0085551872058340951 -0.00020258245045902932 -0.017867053222335592 -0.01395738887866693 0.013051907623616549 -0.0038667666118775163 0.01493797142656497
leaf_weight=13991 46 78 42 55 157 62 49 88 1473 74 93 60 1007 76
leaf_count=13991 46 78 42 55 157 62 49 88 1473 74 93 60 1007 76
internal_value=-0.000102942 -4.84923e-05 -0.0102074 -9.79423e-05 -0.000152509 0.00621299 0.00846007 -0.000237 -0.000285662 -0.00176957 -0.00129774 -0.000821913 -0.00117244 0.000585945
internal_weight=17351 17263 88 17185 17081 219 104 16862 16774 2783 2709 2616 2556 1549
internal_count=17351 17263 88 17185 17081 219 104 16862 16774 2783 2709 2616 2556 1549
is_linear=0
shrinkage=0.05


Tree=253
num_leaves=15
num_cat=0
split_feature=35 243 1 88 189 149 1 224 145 311 304 279 0 6
split_gain=5.11926 4.51544 15.1367 4.22328 6.72755 3.77092 3.57165 12.3067 8.78186 6.10308 6.05406 10.7597 6.25771 7.03409
threshold=1.0000000180025095e-35 1.0000000180025095e-35 1.0000000180025095e-35 1.0000000180025095e-35 1.0000000180025095e-35 1.0000000180025095e-35 1.0000000180025095e-35 1.0000000180025095e-35 1.0000000180025095e-35 1.0000000180025095e-35 1.0000000180025095e-35 1.0000000180025095e-35 0.41666666666666669 9.5000000000000018
decision_type=2 2 2 2 2 2 2 2 2 2 2 2 2 2
left_child=1 3 -3 4 5 6 10 8 9 -8 -1 12 -12 -14
right_child=-2 2 -4 -5 -6 -7 7 -9 -10 -11 11 -13 13 -15
leaf_value=0.00028336113832423215 0.0099609622778731952 -0.0039682730175225082 0.025235756008407557 -0.0046386277205700361 -0.010090756183061635 -0.0096110203091732474 -0.0010785351488448907 0.022444683885467904 -0.021769598137368174 0.017021986428014141 0.021012768835613604 -0.0028941332481895129 0.0011521553681562962 0.010866967461883583
leaf_weight=9645 124 108 69 497 158 94 5245 51 46 42 71 378 389 355
leaf_count=9645 124 108 69 497 158 94 5245 51 46 42 71 378 389 355
internal_value=3.77673e-05 -3.68716e-05 0.00779687 -0.000120846 1.68155e-05 0.000117756 0.000177074 -0.000875046 -0.00111887 -0.000918797 0.000699899 0.00405223 0.00727199 0.00582918
internal_weight=17272 17148 177 16971 16474 16316 16222 5384 5333 5287 10838 1193 815 744
internal_count=17272 17148 177 16971 16474 16316 16222 5384 5333 5287 10838 1193 815 744
is_linear=0
shrinkage=0.05


Tree=254
num_leaves=15
num_cat=0
split_feature=318 4 111 80 88 3 399 338 46 92 4 6 4 4
split_gain=3.69768 13.3485 3.99535 4.03479 4.00797 4.91176 3.8736 3.57863 3.95524 3.52803 4.30971 6.17613 3.26855 3.60704
threshold=1.0000000180025095e-35 0.087750000000000009 1.0000000180025095e-35 1.0000000180025095e-35 1.0000000180025095e-35 0.56440000000000012 1.0000000180025095e-35 1.0000000180025095e-35 1.0000000180025095e-35 1.0000000180025095e-35 0.90755000000000008 8.5000000000000018 0.96395000000000008 0.96645000000000014
decision_type=2 2 2 2 2 2 2 2 2 2 2 2 2 2
left_child=2 -2 3 4 6 -6 7 8 9 12 11 -11 -1 -14
right_child=1 -3 -4 -5 5 -7 -8 -9 -10 10 -12 -13 13 -15
leaf_value=-0.0001642803589192417 -0.0024436158816158577 0.020174492335296237 0.010098465295184565 0.01162993963275637 -0.0031592195546274247 -0.020185373879552999 -0.011102430928759732 0.0091285975704736566 0.010894112958855739 0.00896213585067363 -0.019205230184727248 -0.013980194137177685 -0.010082515560134198 0.0053614016120121181
leaf_weight=15698 185 95 87 65 467 42 77 97 74 58 49 50 155 46
leaf_count=15698 185 95 87 65 467 42 77 97 74 58 49 50 155 46
internal_value=-0.000198437 0.00544969 -0.000293235 -0.000349776 -0.000399534 -0.00474682 -0.000262401 -0.000207559 -0.000266514 -0.000321328 -0.00766283 -0.00180793 -0.000246445 -0.00650374
internal_weight=17245 280 16965 16878 16813 509 16304 16227 16130 16056 157 108 15899 201
internal_count=17245 280 16965 16878 16813 509 16304 16227 16130 16056 157 108 15899 201
is_linear=0
shrinkage=0.05


Tree=255
num_leaves=15
num_cat=0
split_feature=337 4 308 312 353 4 190 4 260 208 3 237 274 3
split_gain=3.82393 4.81293 3.95579 9.37964 4.00251 9.91976 3.90132 4.9431 4.79076 3.79153 3.71116 3.38964 3.23432 2.95197
threshold=1.0000000180025095e-35 0.6724500000000001 1.0000000180025095e-35 1.0000000180025095e-35 1.0000000180025095e-35 0.22165000000000004 1.0000000180025095e-35 0.92025000000000012 1.0000000180025095e-35 1.0000000180025095e-35 0.90655000000000008 1.0000000180025095e-35 1.0000000180025095e-35 0.021050000000000003
decision_type=2 2 2 2 2 2 2 2 2 2 2 2 2 2
left_child=2 -2 4 -4 6 -6 8 10 9 11 13 12 -1 -8
right_child=1 -3 3 -5 5 -7 7 -9 -10 -11 -12 -13 -14 -15
leaf_value=-0.00044590801055975046 -0.0010015019146656548 0.021177654472800594 0.0067344639469758931 -0.016607058967929335 -0.0071303037967946799 0.025886323155524832 0.015174331981688738 -0.009121711082899801 -0.0084158745380787398 0.010980549902965625 0.0210031623310513 0.0053970739032437876 0.0074737171026376574 0.0019913663466771445
leaf_weight=15651 49 43 429 43 40 43 51 47 176 70 40 253 125 184
leaf_count=15651 49 43 429 43 40 43 51 47 176 70 40 253 125 184
internal_value=2.26013e-05 0.00992213 -3.3374e-05 0.00445622 -0.000161715 0.0104736 -0.00021804 0.00518943 -0.000326587 -0.000235567 0.00775455 -0.000287957 -0.000380809 0.00510888
internal_weight=17244 92 17152 472 16680 83 16597 322 16275 16099 275 16029 15776 235
internal_count=17244 92 17152 472 16680 83 16597 322 16275 16099 275 16029 15776 235
is_linear=0
shrinkage=0.05


Tree=256
num_leaves=15
num_cat=0
split_feature=203 4 234 83 2 405 369 4 4 227 3 4 243 353
split_gain=3.89768 5.38211 3.61178 4.81748 6.68477 3.94315 4.60625 3.35016 8.65211 2.96101 3.47666 3.18371 7.54395 5.95392
threshold=1.0000000180025095e-35 0.73385000000000011 1.0000000180025095e-35 1.0000000180025095e-35 1.0000000180025095e-35 1.0000000180025095e-35 1.0000000180025095e-35 0.062250000000000007 0.022350000000000005 1.0000000180025095e-35 0.033250000000000009 0.34405000000000002 1.0000000180025095e-35 1.0000000180025095e-35
decision_type=2 2 2 2 2 2 2 2 2 2 2 2 2 2
left_child=2 -2 5 4 -4 6 9 8 -8 11 -11 -1 13 -13
right_child=1 -3 3 -5 -6 -7 7 -9 -10 10 -12 12 -14 -15
leaf_value=0.0005432313734996491 0.00088708648842940525 0.021748618811977153 0.018468096250631283 -0.0077741426118510832 -0.0023224389081764403 -0.011166268928063801 0.012161775936960783 0.0099748460604448114 -0.01125601414227631 0.01831755181774497 -0.00048694566191573232 -0.0011007057271338731 0.013087736039112011 0.016938175898774162
leaf_weight=7553 85 44 96 42 61 75 71 191 77 42 51 8710 91 41
leaf_count=7553 85 44 96 42 61 75 71 191 77 42 51 8710 91 41
internal_value=5.43968e-05 0.00854866 -1.21589e-05 0.00660104 0.0105679 -9.19502e-05 -3.92883e-05 0.00568713 8.50857e-06 -0.000158714 0.00850669 -0.000210447 -0.000854196 -0.00100657
internal_weight=17230 129 17101 199 157 16902 16827 339 148 16488 93 16395 8842 8751
internal_count=17230 129 17101 199 157 16902 16827 339 148 16488 93 16395 8842 8751
is_linear=0
shrinkage=0.05


Tree=257
num_leaves=15
num_cat=0
split_feature=72 243 4 4 103 202 343 301 80 10 61 84 337 203
split_gain=3.52393 8.71394 7.73828 4.86859 4.70696 3.76039 3.43046 4.47254 4.40096 3.5751 3.59339 3.43682 3.85041 3.44266
threshold=1.0000000180025095e-35 1.0000000180025095e-35 0.46015000000000006 0.69335000000000013 1.0000000180025095e-35 1.0000000180025095e-35 1.0000000180025095e-35 1.0000000180025095e-35 1.0000000180025095e-35 1.0000000180025095e-35 1.0000000180025095e-35 1.0000000180025095e-35 1.0000000180025095e-35 1.0000000180025095e-35
decision_type=2 2 2 2 2 2 2 2 2 2 2 2 2 2
left_child=1 4 -3 -2 5 6 7 8 9 10 11 12 13 -1
right_child=3 2 -4 -5 -6 -7 -8 -9 -10 -11 -12 -13 -14 -15
leaf_value=0.00013053652929519375 0.00018853375293088683 -0.00075221088820997672 0.02066649487722166 -0.021475877616968422 0.010535221192370749 -0.0089668025445734344 -0.0036619665470362462 -0.010537588788369268 -0.015212378910054331 0.013240240350857658 0.0098268526260616232 -0.007333670903478336 0.011327338069214677 0.0093464474380929394
leaf_weight=15577 61 74 92 40 101 112 602 92 41 48 92 146 73 97
leaf_count=15577 61 74 92 40 101 112 602 92 41 48 92 146 73 97
internal_value=8.88301e-05 0.000144972 0.0113756 -0.00899973 3.18693e-05 -3.40777e-05 2.82427e-05 0.000166751 0.000231275 0.000275498 0.00023244 0.000173827 0.00024574 0.000190532
internal_weight=17248 17147 166 101 16981 16880 16768 16166 16074 16033 15985 15893 15747 15674
internal_count=17248 17147 166 101 16981 16880 16768 16166 16074 16033 15985 15893 15747 15674
is_linear=0
shrinkage=0.05


Tree=258
num_leaves=15
num_cat=0
split_feature=190 279 369 4 4 6 351 147 3 39 3 1 276 120
split_gain=3.93315 6.59144 3.52504 5.56543 4.95339 3.52842 3.49414 4.49246 8.08327 5.7462 4.27809 5.40864 4.22254 15.1731
threshold=1.0000000180025095e-35 1.0000000180025095e-35 1.0000000180025095e-35 0.25420000000000004 0.022350000000000005 12.500000000000002 1.0000000180025095e-35 1.0000000180025095e-35 0.37040000000000001 1.0000000180025095e-35 0.87355000000000016 1.0000000180025095e-35 1.0000000180025095e-35 1.0000000180025095e-35
decision_type=2 2 2 2 2 2 2 2 2 2 2 2 2 2
left_child=2 -2 6 4 -4 -6 7 12 -9 -10 -8 -12 -1 -14
right_child=1 -3 3 -5 5 -7 10 8 9 -11 11 -13 13 -15
leaf_value=-0.0004715787154182006 0.0010108804338155909 0.016465674841193236 0.0090479720790667111 0.011936921289012435 -0.012259172755081885 0.0039617498322123924 0.013053884056474395 0.011228953382820046 -0.0010940504181696494 0.016607643524184822 -0.0061682558874813246 0.013182701805123577 0.001407891991440877 0.028807023110610591
leaf_weight=14329 230 94 82 157 83 51 109 237 547 45 104 49 1101 48
leaf_count=14329 230 94 82 157 83 51 109 237 547 45 104 49 1101 48
internal_value=0.000262144 0.00567677 0.00015695 0.00493123 -0.000315727 -0.0061651 4.8017e-05 -4.48649e-05 0.00352982 0.000379341 0.00572161 0.000250165 -0.000237403 0.00267236
internal_weight=17266 324 16942 373 216 134 16569 16307 829 592 262 153 15478 1149
internal_count=17266 324 16942 373 216 134 16569 16307 829 592 262 153 15478 1149
is_linear=0
shrinkage=0.05


Tree=259
num_leaves=15
num_cat=0
split_feature=184 3 234 73 41 4 105 39 3 3 270 147 2 4
split_gain=3.77795 7.75675 3.45621 3.1146 2.79686 7.14423 3.03308 10.6223 7.69258 9.15281 4.64523 5.00193 4.26346 3.40147
threshold=1.0000000180025095e-35 0.056150000000000005 1.0000000180025095e-35 1.0000000180025095e-35 1.0000000180025095e-35 0.86695000000000011 1.0000000180025095e-35 1.0000000180025095e-35 -0.021949999999999994 -0.95584999999999987 1.0000000180025095e-35 1.0000000180025095e-35 1.0000000180025095e-35 0.91355000000000008
decision_type=2 2 2 2 2 2 2 2 2 2 2 2 2 2
left_child=2 -2 3 4 6 -6 13 8 9 -8 11 12 -10 -1
right_child=1 -3 -4 -5 5 -7 7 -9 10 -11 -12 -13 -14 -15
leaf_value=-9.7665439218822914e-05 -0.0016805529632434554 0.020552359251722472 0.006546546672032025 0.0082866505693609468 -0.0072880383678957036 0.015627102296927882 0.0096743298165330848 0.021955077958364901 -0.00064421808481431356 -0.0088212034778184147 -0.0091977455223409034 0.018592633138217247 0.010057181608182385 -0.0018570165005014506
leaf_weight=12283 93 62 186 102 52 82 83 60 203 279 47 69 166 3534
leaf_count=12283 93 62 186 102 52 82 83 60 203 279 47 69 166 3534
internal_value=-7.06129e-05 0.00757696 -0.000141936 -0.000217196 -0.000271091 0.00679237 -0.000329699 0.00247429 0.000973559 -0.00450649 0.00506807 0.00668541 0.00424006 -0.000491221
internal_weight=17301 155 17146 16960 16858 134 16724 907 847 362 485 438 369 15817
internal_count=17301 155 17146 16960 16858 134 16724 907 847 362 485 438 369 15817
is_linear=0
shrinkage=0.05


Tree=260
num_leaves=15
num_cat=0
split_feature=257 275 6 365 268 17 153 151 33 190 393 6 207 6
split_gain=4.10538 6.05332 3.05083 2.98128 3.9371 3.29909 3.284 3.30014 3.67345 3.24709 4.19352 9.37423 3.6649 2.98214
threshold=1.0000000180025095e-35 1.0000000180025095e-35 11.500000000000002 1.0000000180025095e-35 1.0000000180025095e-35 1.0000000180025095e-35 1.0000000180025095e-35 1.0000000180025095e-35 1.0000000180025095e-35 1.0000000180025095e-35 1.0000000180025095e-35 8.5000000000000018 1.0000000180025095e-35 13.500000000000002
decision_type=2 2 2 2 2 2 2 2 2 2 2 2 2 2
left_child=3 2 -2 4 5 6 7 8 9 10 12 -12 -1 -14
right_child=1 -3 -4 -5 -6 -7 -8 -9 -10 -11 11 -13 13 -15
leaf_value=0.00024701876068079233 0.0055470164626112055 -0.01131126846652478 0.019462283558981577 -0.0052428466883485056 0.013084735314277779 -0.0086964982980862263 0.0091036514195837782 0.007165603219552643 -0.0074550767732465542 0.0056254402685663842 -0.0093138028826150639 0.019412442510027762 -0.017830447856263788 -0.00015370891825295985
leaf_weight=15569 350 45 41 232 56 95 103 171 147 282 40 76 46 45
leaf_count=15569 350 45 41 232 56 95 103 171 147 282 40 76 46 45
internal_value=0.000450433 0.00521291 0.00723347 0.000325781 0.00040502 0.000358245 0.000413067 0.000355643 0.000281595 0.000354717 0.000258749 0.0095313 0.000187043 -0.00955248
internal_weight=17298 436 391 16862 16630 16574 16479 16376 16205 16058 15776 116 15660 91
internal_count=17298 436 391 16862 16630 16574 16479 16376 16205 16058 15776 116 15660 91
is_linear=0
shrinkage=0.05


Tree=261
num_leaves=15
num_cat=0
split_feature=116 376 3 356 45 156 62 358 200 2 318 3 1 2
split_gain=3.79067 4.2143 8.63787 3.05336 3.24423 2.75624 2.6421 3.01603 3.23846 5.07164 2.99341 6.91833 7.69476 2.62897
threshold=1.0000000180025095e-35 1.0000000180025095e-35 0.017150000000000002 1.0000000180025095e-35 1.0000000180025095e-35 1.0000000180025095e-35 1.0000000180025095e-35 1.0000000180025095e-35 1.0000000180025095e-35 1.0000000180025095e-35 1.0000000180025095e-35 0.078650000000000012 1.0000000180025095e-35 1.0000000180025095e-35
decision_type=2 2 2 2 2 2 2 2 2 2 2 2 2 2
left_child=1 3 -3 4 5 6 7 8 10 -10 -1 12 -12 -6
right_child=-2 2 -4 -5 13 -7 -8 -9 9 -11 11 -13 -14 -15
leaf_value=-0.00039885228501750948 0.0082874059781376554 0.026090248674154284 -0.0049488804501263382 0.0084565341730814172 0.014724591299891471 0.0086052522918772575 -0.0090602332557519465 0.0065083512244746098 -0.012280724740897616 0.0032558626580940584 -0.0060145248239859943 0.020703769410875712 0.012480512580109968 0.00030752530238076827
leaf_weight=15948 129 40 42 96 60 81 82 155 133 82 145 50 85 62
leaf_count=15948 129 40 42 96 60 81 82 155 133 82 145 50 85 62
internal_value=-8.94248e-05 -0.000155172 0.0108214 -0.000211354 -0.00026313 -0.00032336 -0.000369284 -0.000323632 -0.000389992 -0.00641582 -0.000308206 0.00477114 0.000940712 0.00769845
internal_weight=17190 17061 82 16979 16883 16761 16680 16598 16443 215 16228 280 230 122
internal_count=17190 17061 82 16979 16883 16761 16680 16598 16443 215 16228 280 230 122
is_linear=0
shrinkage=0.05


Tree=262
num_leaves=15
num_cat=0
split_feature=163 102 333 4 395 72 4 4 3 10 351 273 330 309
split_gain=3.72188 3.37848 3.38006 6.39455 4.56396 4.0571 4.28914 3.90767 3.2744 2.98159 2.82299 2.94006 2.80056 2.56993
threshold=1.0000000180025095e-35 1.0000000180025095e-35 1.0000000180025095e-35 0.37895000000000006 1.0000000180025095e-35 1.0000000180025095e-35 0.42545000000000005 0.018150000000000003 -0.94174999999999986 1.0000000180025095e-35 1.0000000180025095e-35 1.0000000180025095e-35 1.0000000180025095e-35 1.0000000180025095e-35
decision_type=2 2 2 2 2 2 2 2 2 2 2 2 2 2
left_child=1 2 4 7 5 9 -7 -4 -3 10 11 12 13 -1
right_child=-2 8 3 -5 -6 6 -8 -9 -10 -11 -12 -13 -14 -15
leaf_value=0.00031403269471849969 -0.010204793474918535 -0.0017296046163432126 -0.0096813470667197581 -0.017834839002053078 -0.011537085943855345 0.00041305259640874538 -0.019963927660137416 0.0065356008948660215 -0.016001836422708679 0.0096756554917771034 0.005666890006658494 -0.0085980908424532106 -0.0090985212128839223 0.0031995505104372673
leaf_weight=15211 81 122 56 69 75 53 45 90 56 83 250 86 72 808
leaf_count=15211 81 122 56 69 75 53 45 90 56 83 250 86 72 808
internal_value=0.000170901 0.000223091 0.000296184 -0.00586117 0.000377268 0.000434528 -0.00945863 0.000200794 -0.00653427 0.000496098 0.000446787 0.000364389 0.000414946 0.000460531
internal_weight=17157 17076 16898 215 16683 16608 98 146 178 16510 16427 16177 16091 16019
internal_count=17157 17076 16898 215 16683 16608 98 146 178 16510 16427 16177 16091 16019
is_linear=0
shrinkage=0.05


Tree=263
num_leaves=15
num_cat=0
split_feature=353 52 3 1 47 358 2 172 19 237 39 279 243 1
split_gain=4.0414 3.66926 3.33508 3.30241 2.986 3.5086 3.2476 11.6684 6.07258 5.78244 5.57439 7.05292 5.63245 7.9162
threshold=1.0000000180025095e-35 1.0000000180025095e-35 0.044750000000000005 1.0000000180025095e-35 1.0000000180025095e-35 1.0000000180025095e-35 1.0000000180025095e-35 1.0000000180025095e-35 1.0000000180025095e-35 1.0000000180025095e-35 1.0000000180025095e-35 1.0000000180025095e-35 1.0000000180025095e-35 1.0000000180025095e-35
decision_type=2 2 2 2 2 2 2 2 2 2 2 2 2 2
left_child=1 4 -2 -3 5 6 7 8 10 -8 12 -12 -1 -14
right_child=2 3 -4 -5 -6 -7 9 -9 -10 -11 11 -13 13 -15
leaf_value=0.00018101192783899782 0.019842807638148469 0.013598099716667398 0.00048994188137510986 -0.0013290409202454613 -0.0083841068918962848 0.0074968818666561986 -0.00083462300341296126 0.022924169692826474 -0.016423755225080713 0.0092824711601780224 0.0026421349515308879 0.015734572334215043 -0.00078697021057208376 0.023799417045761329
leaf_weight=8177 43 91 42 59 97 158 7403 54 47 139 599 120 70 56
leaf_count=8177 43 91 42 59 97 158 7403 54 47 139 599 120 70 56
internal_value=0.00027106 0.00021528 0.0108387 0.00787328 0.000145084 0.000196739 0.000125299 0.000759744 0.00061521 -0.000642137 0.000713022 0.00492082 0.000345905 0.0106316
internal_weight=17155 17070 85 150 16920 16823 16665 9123 9069 7542 9022 719 8303 126
internal_count=17155 17070 85 150 16920 16823 16665 9123 9069 7542 9022 719 8303 126
is_linear=0
shrinkage=0.05


Tree=264
num_leaves=15
num_cat=0
split_feature=88 92 7 304 235 1 0 279 6 257 237 376 293 1
split_gain=4.06223 5.14228 5.98842 4.43424 5.47039 4.52346 9.27361 8.51157 6.10128 6.90556 4.05648 4.34183 4.16763 6.40797
threshold=1.0000000180025095e-35 1.0000000180025095e-35 1.0000000180025095e-35 1.0000000180025095e-35 1.0000000180025095e-35 1.0000000180025095e-35 0.29166666666666669 1.0000000180025095e-35 8.5000000000000018 1.0000000180025095e-35 1.0000000180025095e-35 1.0000000180025095e-35 1.0000000180025095e-35 1.0000000180025095e-35
decision_type=2 2 2 2 2 2 2 2 2 2 2 2 2 2
left_child=1 2 3 4 10 6 -5 8 -8 -10 11 12 -1 -14
right_child=-2 -3 -4 5 -6 -7 7 -9 9 -11 -12 -13 13 -15
leaf_value=-0.00042025868780435266 -0.0044753509200214777 -0.0089979124213688273 0.011968847200327185 0.019351567564856099 -0.014186224458473071 -0.0013358047663961463 0.00024857387893475888 -0.0038315114488038631 0.01084163772317742 -0.0097200405257551574 0.006178191910132102 0.012228154930947484 -0.00091842844258939883 0.023327071764605477
leaf_weight=14166 509 151 101 87 65 561 326 336 452 41 242 64 64 42
leaf_count=14166 509 151 101 87 65 561 326 336 452 41 242 64 64 42
internal_value=-9.72318e-05 3.75248e-05 0.000122671 4.63044e-05 -0.000242065 0.00238248 0.00406061 0.00283038 0.00557013 0.00905122 -0.000175048 -0.000284411 -0.000344784 0.00930631
internal_weight=17207 16698 16547 16446 14643 1803 1242 1155 819 493 14578 14336 14272 106
internal_count=17207 16698 16547 16446 14643 1803 1242 1155 819 493 14578 14336 14272 106
is_linear=0
shrinkage=0.05


Tree=265
num_leaves=15
num_cat=0
split_feature=353 2 362 4 227 386 4 4 236 316 21 72 144 4
split_gain=3.57879 5.66302 3.52057 5.12656 3.33237 3.29469 5.79945 3.42235 5.87554 3.35561 3.31029 4.24215 7.15621 6.55296
threshold=1.0000000180025095e-35 1.0000000180025095e-35 1.0000000180025095e-35 0.86375000000000013 1.0000000180025095e-35 1.0000000180025095e-35 0.42545000000000005 0.96395000000000008 1.0000000180025095e-35 1.0000000180025095e-35 1.0000000180025095e-35 1.0000000180025095e-35 1.0000000180025095e-35 0.75140000000000018
decision_type=2 2 2 2 2 2 2 2 2 2 2 2 2 2
left_child=2 -2 4 -4 5 7 -7 9 -9 10 11 12 -1 -14
right_child=1 -3 3 -5 -6 6 -8 8 -10 -11 -12 -13 13 -15
leaf_value=-6.3397518205907062e-05 0.022197622151926479 -0.0029164883834512339 0.00086469494618322178 0.016389310255464983 0.0093317855001018597 -0.0036562279694610173 0.021985921490451563 -0.013827370250083763 0.0030068038737226747 0.0093872593734989473 0.0053835714016862556 -0.010568285543275508 0.0005505743478216342 0.023678510037601973
leaf_weight=16097 42 41 153 77 93 40 41 111 91 92 282 90 62 56
leaf_count=16097 42 41 153 77 93 40 41 111 91 92 282 90 62 56
internal_value=0.000273286 0.010331 0.000222017 0.00630019 0.000138226 8.50836e-05 0.00984677 3.53424e-05 -0.00635421 0.000114608 6.03633e-05 -3.33253e-05 2.83878e-05 0.0120429
internal_weight=17368 83 17285 230 17055 16962 81 16881 202 16679 16587 16305 16215 118
internal_count=17368 83 17285 230 17055 16962 81 16881 202 16679 16587 16305 16215 118
is_linear=0
shrinkage=0.05


Tree=266
num_leaves=15
num_cat=0
split_feature=20 23 3 274 121 6 4 4 3 3 7 259 199 341
split_gain=4.28902 3.65236 3.38849 3.37639 3.2752 7.30942 6.14817 7.17652 3.92661 3.55656 3.28137 3.14554 2.8305 3.16276
threshold=1.0000000180025095e-35 1.0000000180025095e-35 0.14435000000000003 1.0000000180025095e-35 1.0000000180025095e-35 8.5000000000000018 0.96205000000000007 0.73385000000000011 -0.93364999999999987 -0.94594999999999985 1.0000000180025095e-35 1.0000000180025095e-35 1.0000000180025095e-35 1.0000000180025095e-35
decision_type=2 2 2 2 2 2 2 2 2 2 2 2 2 2
left_child=1 3 -2 4 10 8 7 -7 -6 -9 11 12 13 -1
right_child=2 -3 -4 -5 5 6 -8 9 -10 -11 -12 -13 -14 -15
leaf_value=-2.8269613347612672e-05 -0.00070138663433911945 -0.0045378212545090068 -0.016660733000539683 0.0080562383780066939 -0.010124221533193317 -0.0046619413742287593 -0.008215336578533702 0.008487105910380436 0.0072868071729317307 0.022434779675677419 0.0089399619690644066 0.0079305342260748146 0.0085274721044697795 -0.0090385381754829863
leaf_weight=15745 66 400 63 133 98 50 41 96 43 103 99 120 91 93
leaf_count=15745 66 400 63 133 98 50 41 96 43 103 99 120 91 93
internal_value=8.42349e-05 0.000153966 -0.00882633 0.000267588 0.000202695 0.00447893 0.00896895 0.0119045 -0.00474677 0.0160792 8.7209e-05 2.98325e-05 -3.21568e-05 -8.40133e-05
internal_weight=17241 17112 129 16712 16579 431 290 249 141 199 16148 16049 15929 15838
internal_count=17241 17112 129 16712 16579 431 290 249 141 199 16148 16049 15929 15838
is_linear=0
shrinkage=0.05


Tree=267
num_leaves=15
num_cat=0
split_feature=144 2 12 2 174 204 285 391 400 1 333 23 151 137
split_gain=7.53459 7.08741 5.22061 5.35413 4.17039 3.57554 3.62573 3.40404 4.32185 5.69117 3.26104 3.03709 3.39878 3.39946
threshold=1.0000000180025095e-35 1.0000000180025095e-35 1.0000000180025095e-35 1.0000000180025095e-35 1.0000000180025095e-35 1.0000000180025095e-35 1.0000000180025095e-35 1.0000000180025095e-35 1.0000000180025095e-35 1.0000000180025095e-35 1.0000000180025095e-35 1.0000000180025095e-35 1.0000000180025095e-35 1.0000000180025095e-35
decision_type=2 2 2 2 2 2 2 2 2 2 2 2 2 2
left_child=2 -2 4 -4 5 6 7 8 10 -10 11 12 13 -1
right_child=1 -3 3 -5 -6 -7 -8 -9 9 -11 -12 -13 -14 -15
leaf_value=0.00019017819084475108 0.020681752864870111 -0.0040562262718981884 0.021637775431320602 -0.0017818985942830432 0.0075492154220851626 -0.0065211088676917607 -0.010241337665309862 -0.0077427180893454989 -0.00072748576509053112 -0.019645829711225818 -0.0060029333061647951 -0.0041680532259609519 0.0073853956469329164 0.0086740002380449235
leaf_weight=15299 79 42 51 42 173 212 82 136 106 59 208 379 164 114
leaf_count=15299 79 42 51 42 173 212 82 136 106 59 208 379 164 114
internal_value=9.2947e-05 0.0122748 2.78978e-06 0.0115099 -6.37927e-05 -0.000144608 -6.09676e-05 -7.17302e-06 5.96047e-05 -0.00787108 0.000142969 0.000224942 0.00033313 0.00025572
internal_weight=17146 121 17025 93 16932 16759 16547 16465 16329 165 16164 15956 15577 15413
internal_count=17146 121 17025 93 16932 16759 16547 16465 16329 165 16164 15956 15577 15413
is_linear=0
shrinkage=0.05


Tree=268
num_leaves=15
num_cat=0
split_feature=275 4 351 1 3 396 1 45 4 335 216 2 289 4
split_gain=4.04845 6.05281 3.89167 5.47866 5.35065 4.89651 8.32751 3.67445 7.71904 3.62723 3.45343 7.94121 3.23657 4.2593
threshold=1.0000000180025095e-35 0.12825000000000003 1.0000000180025095e-35 1.0000000180025095e-35 0.87355000000000016 1.0000000180025095e-35 1.0000000180025095e-35 1.0000000180025095e-35 0.87020000000000008 1.0000000180025095e-35 1.0000000180025095e-35 1.0000000180025095e-35 1.0000000180025095e-35 0.96395000000000008
decision_type=2 2 2 2 2 2 2 2 2 2 2 2 2 2
left_child=2 -2 5 4 -4 7 -7 9 -9 10 12 -12 13 -1
right_child=1 -3 3 -5 -6 6 -8 8 -10 -11 11 -13 -14 -15
leaf_value=-0.00012797847869566259 0.0028951552805180354 -0.019493617391344743 0.010895496034728629 0.016595936645645386 -0.0057099942012649521 0.021172067059835951 -0.0063837371219167523 -0.0001651136949658394 0.02518824752834108 0.010299838310628034 0.014774347162749777 -0.005853995414380031 0.0063718617538965879 -0.008301352808304038
leaf_weight=16020 55 59 79 81 110 65 42 90 40 80 112 74 184 156
leaf_count=16020 55 59 79 81 110 65 42 90 40 80 112 74 184 156
internal_value=0.000166373 -0.00902422 0.00023014 0.00613027 0.00133285 0.000133882 0.0105537 6.42154e-05 0.00827989 -2.49365e-06 -5.5402e-05 0.00662897 -0.0001334 -0.000209343
internal_weight=17247 114 17133 270 189 16863 107 16756 130 16626 16546 186 16360 16176
internal_count=17247 114 17133 270 189 16863 107 16756 130 16626 16546 186 16360 16176
is_linear=0
shrinkage=0.05


Tree=269
num_leaves=15
num_cat=0
split_feature=244 3 339 172 137 4 385 3 2 4 364 405 238 85
split_gain=3.88788 3.68382 3.10246 5.53979 3.09817 6.24502 3.15772 4.82574 4.054 3.65037 3.04618 3.21904 3.07423 3.03842
threshold=1.0000000180025095e-35 0.032050000000000002 1.0000000180025095e-35 1.0000000180025095e-35 1.0000000180025095e-35 0.86030000000000018 1.0000000180025095e-35 0.72380000000000011 1.0000000180025095e-35 0.32460000000000006 1.0000000180025095e-35 1.0000000180025095e-35 1.0000000180025095e-35 1.0000000180025095e-35
decision_type=2 2 2 2 2 2 2 2 2 2 2 2 2 2
left_child=2 -2 4 -4 6 -6 10 8 9 -8 11 12 13 -1
right_child=1 -3 3 -5 5 -7 7 -9 -10 -11 -12 -13 -14 -15
leaf_value=0.0001745981215234985 -0.01252146712230409 -0.00028936546641626025 -0.0028466837770946616 0.015885657981215492 -0.0014826765921162931 0.021356745356438209 0.0061026263214124929 -0.0064103653847143579 -0.00099700452421199208 0.025543122023414327 -0.0061872344922774764 -0.0098761653584405421 -0.0075734555168532353 -0.0080171550305462198
leaf_weight=16084 114 128 72 79 71 46 52 53 50 48 196 77 126 109
leaf_count=16084 114 128 72 79 71 46 52 53 50 48 196 77 126 109
internal_value=3.97297e-05 -0.00618842 0.000129849 0.00714872 6.5086e-05 0.00800419 7.41368e-06 0.0061298 0.0106245 0.016206 -6.93167e-05 5.68168e-06 5.53192e-05 0.000116999
internal_weight=17305 242 17063 151 16912 117 16795 203 150 100 16592 16396 16319 16193
internal_count=17305 242 17063 151 16912 117 16795 203 150 100 16592 16396 16319 16193
is_linear=0
shrinkage=0.05


Tree=270
num_leaves=15
num_cat=0
split_feature=27 394 3 396 1 124 6 3 6 310 6 3 31 3
split_gain=4.34303 4.19577 6.70132 3.69929 3.89286 3.53211 6.71516 5.08887 7.32638 3.19966 17.1254 3.02871 2.85068 3.7991
threshold=1.0000000180025095e-35 1.0000000180025095e-35 0.026550000000000001 1.0000000180025095e-35 1.0000000180025095e-35 1.0000000180025095e-35 8.5000000000000018 0.28575000000000006 12.500000000000002 1.0000000180025095e-35 8.5000000000000018 0.096850000000000006 1.0000000180025095e-35 0.0047500000000000007
decision_type=2 2 2 2 2 2 2 2 2 2 2 2 2 2
left_child=1 3 -3 5 -5 9 -7 11 -9 12 -11 -8 -1 -14
right_child=-2 2 -4 4 -6 6 7 8 -10 10 -12 -13 13 -15
leaf_value=-0.00010250513796767191 0.0091131256045983693 0.00501658752451631 -0.020278299265977233 0.015919352118932719 -0.002844927697739703 -0.0035721301164365464 0.0081277672858102185 0.005109286873202239 -0.017125500068613429 0.026925576393280116 -0.014019502363504566 0.021947363139130177 -0.017307082718304761 -0.0011473151983122703
leaf_weight=15944 128 42 58 69 42 239 275 170 42 52 42 45 51 106
leaf_count=15944 128 42 58 69 42 239 275 170 42 52 42 45 51 106
internal_value=0.000112641 4.29389e-05 -0.00992146 0.000104176 0.00900276 4.33214e-05 0.00333862 0.00644762 0.000411183 -0.000114541 0.00884688 0.0103789 -0.000169589 -0.00676882
internal_weight=17305 17177 100 17077 111 16966 771 532 212 16195 94 320 16101 157
internal_count=17305 17177 100 17077 111 16966 771 532 212 16195 94 320 16101 157
is_linear=0
shrinkage=0.05


Tree=271
num_leaves=15
num_cat=0
split_feature=3 385 4 52 346 105 1 218 182 2 0 200 26 108
split_gain=3.94541 6.11639 7.23829 5.58627 4.70983 4.33572 4.98653 4.69525 3.75938 3.68039 4.49407 3.29117 3.37912 3.24764
threshold=0.7369500000000001 1.0000000180025095e-35 0.32460000000000006 1.0000000180025095e-35 1.0000000180025095e-35 1.0000000180025095e-35 1.0000000180025095e-35 1.0000000180025095e-35 1.0000000180025095e-35 1.5000000000000002 0.87500000000000011 1.0000000180025095e-35 1.0000000180025095e-35 1.0000000180025095e-35
decision_type=2 2 2 2 2 2 2 2 2 2 2 2 2 2
left_child=1 13 -3 4 5 7 -7 8 9 11 -11 12 -2 -1
right_child=3 2 -4 -5 -6 6 -8 -9 -10 10 -12 -13 -14 -15
leaf_value=0.00036220887298570579 -0.00046854201729679286 0.0011359667981561926 0.022806808751583821 0.015861493157960163 -0.012193328263622124 0.0099417943080362375 -0.0037391672676829533 -0.01178922705770096 0.012594696187547275 0.0042850962599989065 -0.0078231914742828215 -0.012068042412283831 -0.014253244375189145 0.0098959583825328282
leaf_weight=12117 3759 92 62 43 92 176 102 102 44 92 384 59 40 85
leaf_count=12117 3759 92 62 43 92 176 102 102 44 92 384 59 40 85
internal_value=8.39419e-05 0.000559791 0.0103034 -0.00111704 -0.00128375 -0.00106022 0.00494478 -0.00143795 -0.00118361 -0.00133785 -0.00546272 -0.000822507 -0.000632226 0.000432648
internal_weight=17249 12356 154 4893 4850 4758 278 4480 4378 4334 476 3858 3799 12202
internal_count=17249 12356 154 4893 4850 4758 278 4480 4378 4334 476 3858 3799 12202
is_linear=0
shrinkage=0.05


Tree=272
num_leaves=15
num_cat=0
split_feature=356 68 39 3 114 401 323 250 4 109 3 289 192 2
split_gain=3.75018 3.22916 4.12653 6.81266 3.15129 3.07958 3.56707 3.44859 3.0981 2.91846 3.42739 3.14602 5.9579 3.69121
threshold=1.0000000180025095e-35 1.0000000180025095e-35 1.0000000180025095e-35 -0.056799999999999996 1.0000000180025095e-35 1.0000000180025095e-35 1.0000000180025095e-35 1.0000000180025095e-35 0.19895000000000004 1.0000000180025095e-35 0.039750000000000008 1.0000000180025095e-35 1.0000000180025095e-35 1.0000000180025095e-35
decision_type=2 2 2 2 2 2 2 2 2 2 2 2 2 2
left_child=1 4 3 -3 5 6 7 9 -9 11 -11 -1 13 -13
right_child=-2 2 -4 -5 -6 -7 -8 8 -10 10 -12 12 -14 -15
leaf_value=-9.9513466530983869e-05 0.0098000303229165021 0.027478074154092209 -0.0034055441057822414 0.0026052152396097215 -0.009740504007051988 -0.0061996148322941737 0.0094568573643919081 -0.00043366566300392147 0.014820185633426583 0.0016763504928011181 -0.013310922875874834 0.0047274580461283524 0.013348429836711384 -0.012837224463000894
leaf_weight=16100 93 40 64 74 79 195 95 60 69 65 84 70 118 45
leaf_count=16100 93 40 64 74 79 195 95 60 69 65 84 70 118 45
internal_value=4.6846e-05 -8.85791e-06 0.0065975 0.0121204 -8.00336e-05 -3.20105e-05 4.1814e-05 -1.48611e-05 0.00797392 -7.97863e-05 -0.0069307 -1.5186e-05 0.00569141 -0.00239418
internal_weight=17251 17158 178 114 16980 16901 16706 16611 129 16482 149 16333 233 115
internal_count=17251 17158 178 114 16980 16901 16706 16611 129 16482 149 16333 233 115
is_linear=0
shrinkage=0.05


Tree=273
num_leaves=15
num_cat=0
split_feature=3 37 214 16 6 105 119 4 181 210 105 1 270 4
split_gain=4.03824 17.9057 12.1666 7.28654 5.31814 5.59374 5.02055 9.80528 7.089 4.29855 4.04656 8.55503 5.3394 4.66475
threshold=-0.036649999999999995 1.0000000180025095e-35 1.0000000180025095e-35 1.0000000180025095e-35 15.500000000000002 1.0000000180025095e-35 1.0000000180025095e-35 0.96275000000000011 1.0000000180025095e-35 1.0000000180025095e-35 1.0000000180025095e-35 1.0000000180025095e-35 1.0000000180025095e-35 0.6583500000000001
decision_type=2 2 2 2 2 2 2 2 2 2 2 2 2 2
left_child=1 2 3 4 5 6 8 -8 9 -1 -2 12 13 -12
right_child=10 -3 -4 -5 -6 -7 7 -9 -10 -11 11 -13 -14 -15
leaf_value=0.0019359222874793898 -0.00047537867765984657 0.028637969158589838 0.025628379786387087 -0.016788289540222493 -0.0090020027491960718 -0.0050165436521638187 -0.0071265489866397707 0.01275138638236306 0.018507056227088838 0.012593564929022472 0.0045277120458737299 -0.0032750298463856313 -0.0066164147538634449 0.016804933496864467
leaf_weight=2936 12486 55 45 53 122 307 318 72 64 93 156 258 47 159
leaf_count=2936 12486 55 45 53 122 307 318 72 64 93 156 258 47 159
internal_value=0.000148106 0.00152389 0.0011168 0.000806687 0.00106619 0.00140172 0.00197382 -0.00334182 0.00264839 0.00228336 -0.000279031 0.00364733 0.00855836 0.0108905
internal_weight=17171 4065 4010 3965 3912 3790 3483 390 3093 3029 13106 620 362 315
internal_count=17171 4065 4010 3965 3912 3790 3483 390 3093 3029 13106 620 362 315
is_linear=0
shrinkage=0.05


Tree=274
num_leaves=15
num_cat=0
split_feature=311 4 350 172 2 2 3 304 381 6 3 334 216 312
split_gain=5.12374 4.7513 3.41255 3.75895 11.4679 6.14446 6.39775 6.61606 4.65189 3.66761 3.98226 3.48321 3.33276 3.70851
threshold=1.0000000180025095e-35 0.0066500000000000005 1.0000000180025095e-35 1.0000000180025095e-35 1.5000000000000002 1.0000000180025095e-35 0.029250000000000002 1.0000000180025095e-35 1.0000000180025095e-35 7.5000000000000009 0.90515000000000012 1.0000000180025095e-35 1.0000000180025095e-35 1.0000000180025095e-35
decision_type=2 2 2 2 2 2 2 2 2 2 2 2 2 2
left_child=1 -1 3 8 5 -5 -7 9 11 -8 -11 12 13 -3
right_child=-2 2 -4 4 -6 6 7 -9 -10 10 -12 -13 -14 -15
leaf_value=0.0036176541532607354 0.0093515874285327455 -0.00033419275870556411 -0.010679171225115754 0.022565116938979678 -0.0058944508093508319 -0.0023027515130365174 0.0026948155572926497 -0.0079275403128754671 0.0089119359530306971 0.011670618581840193 0.029475431646763656 -0.01042175119764161 0.0065328884052199337 -0.0051337199209422184
leaf_weight=832 141 14518 73 55 230 168 66 41 129 134 43 82 167 409
leaf_count=832 141 14518 73 55 230 168 66 41 129 134 43 82 167 409
internal_value=2.4963e-05 -5.53704e-05 -0.000246068 -0.000195279 0.00328037 0.00745944 0.00539459 0.009909 -0.000363663 0.0130176 0.016687 -0.000445417 -0.000387786 -0.000467375
internal_weight=17088 16947 16115 16042 737 507 452 284 15305 243 177 15176 15094 14927
internal_count=17088 16947 16115 16042 737 507 452 284 15305 243 177 15176 15094 14927
is_linear=0
shrinkage=0.05


Tree=275
num_leaves=15
num_cat=0
split_feature=401 405 358 393 2 184 3 3 164 3 178 191 3 279
split_gain=3.50283 3.38596 3.25211 3.66851 3.12244 2.97725 9.86379 8.5889 3.9287 5.55189 3.01871 3.45081 5.33021 5.21635
threshold=1.0000000180025095e-35 1.0000000180025095e-35 1.0000000180025095e-35 1.0000000180025095e-35 1.0000000180025095e-35 1.0000000180025095e-35 0.056150000000000005 0.0060500000000000007 1.0000000180025095e-35 0.067350000000000007 1.0000000180025095e-35 1.0000000180025095e-35 0.6946500000000001 1.0000000180025095e-35
decision_type=2 2 2 2 2 2 2 2 2 2 2 2 2 2
left_child=1 2 3 5 -5 8 7 -7 10 -10 11 -1 -13 -14
right_child=-2 -3 -4 4 -6 6 -8 -9 9 -11 -12 12 13 -15
leaf_value=0.00030370743303600501 -0.006005269455979359 -0.0096130962264780184 0.0071592065015075998 -0.00037141461143619381 0.014605723029845172 0.0097212405539438378 0.022957083711125814 -0.019096185093124707 0.0022678101614404182 -0.021569120906749551 -0.0057111573547913262 -0.0076397911238018429 0.013239466410729733 0.0022535105565130108
leaf_weight=15666 207 78 177 59 79 56 56 40 47 44 197 75 169 292
leaf_count=15666 207 78 177 59 79 56 56 40 47 44 197 75 169 292
internal_value=0.000382541 0.000461902 0.000511066 0.000438828 0.00841336 0.000370193 0.00722324 -0.00263696 0.000304854 -0.00978084 0.000363785 0.000439389 0.00436558 0.00637974
internal_weight=17242 17035 16957 16780 138 16642 152 96 16490 91 16399 16202 536 461
internal_count=17242 17035 16957 16780 138 16642 152 96 16490 91 16399 16202 536 461
is_linear=0
shrinkage=0.05


Tree=276
num_leaves=15
num_cat=0
split_feature=90 4 3 102 5 111 4 177 4 274 171 169 209 1
split_gain=3.63247 3.65142 4.3985 3.6037 3.35093 3.34861 3.70532 3.14177 3.97107 3.14528 2.98879 2.73605 2.65618 5.05566
threshold=1.0000000180025095e-35 0.77465000000000017 0.038450000000000005 1.0000000180025095e-35 1.0000000180025095e-35 1.0000000180025095e-35 0.14655000000000004 1.0000000180025095e-35 0.17190000000000003 1.0000000180025095e-35 1.0000000180025095e-35 1.0000000180025095e-35 1.0000000180025095e-35 1.0000000180025095e-35
decision_type=2 2 2 2 2 2 2 2 2 2 2 2 2 2
left_child=3 2 -2 5 -3 7 -7 9 -9 10 11 12 -1 -14
right_child=1 4 -4 -5 -6 6 -8 8 -10 -11 -12 -13 13 -15
leaf_value=0.00011928921589606776 -0.00070232447452735214 -0.0056384354368322065 0.015362653095647695 -0.0070210748528684464 0.0078846305775909856 -0.0011876067265551142 0.018824592682998631 0.003846320424539348 -0.015453452462228803 0.0081466070453305381 0.009352481474309381 -0.0088364278017837635 -8.986461818833851e-05 -0.018466411632003396
leaf_weight=16153 64 106 120 174 73 42 45 40 66 116 81 82 113 51
leaf_count=16153 64 106 120 174 73 42 45 40 66 116 81 82 113 51
internal_value=0.000142494 0.00505708 0.00990408 3.58654e-05 -5.90497e-05 0.000111072 0.00962404 5.86536e-05 -0.00832532 0.000114694 5.5705e-05 6.94848e-06 5.40836e-05 -0.00618179
internal_weight=17326 363 184 16963 179 16789 87 16702 106 16596 16480 16399 16317 164
internal_count=17326 363 184 16963 179 16789 87 16702 106 16596 16480 16399 16317 164
is_linear=0
shrinkage=0.05


Tree=277
num_leaves=15
num_cat=0
split_feature=352 279 20 21 350 316 36 53 173 2 360 256 309 1
split_gain=5.73326 5.16647 4.33188 4.23181 5.36661 3.92009 3.7591 3.71855 3.48969 5.08131 3.41047 3.13299 3.49449 5.04225
threshold=1.0000000180025095e-35 1.0000000180025095e-35 1.0000000180025095e-35 1.0000000180025095e-35 1.0000000180025095e-35 1.0000000180025095e-35 1.0000000180025095e-35 1.0000000180025095e-35 1.0000000180025095e-35 2.5000000000000004 1.0000000180025095e-35 1.0000000180025095e-35 1.0000000180025095e-35 1.0000000180025095e-35
decision_type=2 2 2 2 2 2 2 2 2 2 2 2 2 2
left_child=2 -2 3 4 5 6 7 8 10 -10 11 12 -1 -14
right_child=1 -3 -4 -5 -6 -7 -8 -9 9 -11 -12 -13 13 -15
leaf_value=9.8326169305280902e-05 0.016707674306676242 0.0013041766607784667 -0.0085203130449776326 0.0061556594994091364 -0.013000801094294263 0.010326882230831272 0.0082155544581618296 -0.0065312369102089908 -0.020644033487354007 0.0025114735331842487 -0.010697473975596949 -0.0074911880611712185 0.0058992159237309834 -0.0027664175154483422
leaf_weight=14899 94 123 139 287 73 89 136 209 44 44 67 126 586 231
leaf_count=14899 94 123 139 287 73 89 136 209 44 44 67 126 586 231
internal_value=0.000219674 0.00820268 0.000114961 0.000188961 8.33684e-05 0.000145436 8.68456e-05 1.61169e-05 0.000103672 -0.00955371 0.000160076 0.000209356 0.000273457 0.00344716
internal_weight=17147 217 16930 16791 16504 16431 16342 16206 15997 88 15909 15842 15716 817
internal_count=17147 217 16930 16791 16504 16431 16342 16206 15997 88 15909 15842 15716 817
is_linear=0
shrinkage=0.05


Tree=278
num_leaves=15
num_cat=0
split_feature=335 63 85 191 279 304 309 91 1 352 3 4 338 279
split_gain=4.49911 3.90634 3.55174 3.68887 6.59723 9.6404 3.87686 3.7971 3.73956 3.13983 11.061 6.728 4.09808 3.61486
threshold=1.0000000180025095e-35 1.0000000180025095e-35 1.0000000180025095e-35 1.0000000180025095e-35 1.0000000180025095e-35 1.0000000180025095e-35 1.0000000180025095e-35 1.0000000180025095e-35 1.0000000180025095e-35 1.0000000180025095e-35 0.91085000000000016 0.87795000000000012 1.0000000180025095e-35 1.0000000180025095e-35
decision_type=2 2 2 2 2 2 2 2 2 2 2 2 2 2
left_child=1 2 3 7 5 8 -6 9 -5 12 11 -11 13 -1
right_child=-2 -3 -4 4 6 -7 -8 -9 -10 10 -12 -13 -14 -15
leaf_value=-0.00016093361479906982 0.011166266215244129 -0.005565118214739013 -0.0085963135453320186 0.0092798067652414325 -0.0027858618990200968 0.026422572492594845 0.011335029446725119 -0.011217390351660856 -0.0061455750563105607 0.0010856813787683552 -0.0086927134883464201 0.025755425327470605 0.011719462826792886 0.0024291316758063191
leaf_weight=14411 88 290 108 108 271 64 54 68 56 46 69 66 71 1481
leaf_count=14411 88 290 108 108 271 64 54 68 56 46 69 66 71 1481
internal_value=0.000198445 0.000138973 0.00023863 0.000298091 0.00429528 0.0107163 -0.000303428 0.000160463 0.00398662 0.000211846 0.00667067 0.0161026 0.000136545 8.11267e-05
internal_weight=17251 17163 16873 16765 553 228 325 16212 164 16144 181 112 15963 15892
internal_count=17251 17163 16873 16765 553 228 325 16212 164 16144 181 112 15963 15892
is_linear=0
shrinkage=0.05


Tree=279
num_leaves=15
num_cat=0
split_feature=259 152 4 339 172 240 330 48 336 4 4 187 391 4
split_gain=3.83256 3.5431 11.7353 4.05763 3.22108 3.11582 3.01861 3.22468 2.962 4.54992 2.80405 2.79765 2.80101 3.05008
threshold=1.0000000180025095e-35 1.0000000180025095e-35 0.23045000000000002 1.0000000180025095e-35 1.0000000180025095e-35 1.0000000180025095e-35 1.0000000180025095e-35 1.0000000180025095e-35 1.0000000180025095e-35 0.93985000000000007 0.25420000000000004 1.0000000180025095e-35 1.0000000180025095e-35 0.25420000000000004
decision_type=2 2 2 2 2 2 2 2 2 2 2 2 2 2
left_child=1 3 -3 5 -5 6 7 8 11 -10 -8 12 -1 -14
right_child=-2 2 -4 4 -6 -7 10 -9 9 -11 -12 -13 13 -15
leaf_value=-9.4848037603062249e-05 0.0090899122710307624 -0.0049254273185293188 0.016297910040073839 0.00077802532170785643 0.015389966636896133 0.0088361951316657823 -0.00066339877487805034 0.0061319146062254479 0.0028912367703455722 -0.014760438193632073 -0.018199316396688422 -0.0090980058133771479 -0.013894045879979703 0.00054353120409556346
leaf_weight=15864 111 126 126 77 70 90 47 194 61 81 40 83 72 69
leaf_count=15864 111 126 126 77 70 90 47 194 61 81 40 83 72 69
internal_value=3.23983e-05 -2.93972e-05 0.00579687 -0.000118766 0.00801346 -0.000193168 -0.000245046 -0.000194395 -0.00027188 -0.00733725 -0.0092768 -0.000207257 -0.000158324 -0.00705219
internal_weight=17111 17000 252 16748 147 16601 16511 16424 16230 142 87 16088 16005 141
internal_count=17111 17000 252 16748 147 16601 16511 16424 16230 142 87 16088 16005 141
is_linear=0
shrinkage=0.05


Tree=280
num_leaves=15
num_cat=0
split_feature=332 110 45 306 1 6 4 3 177 4 296 404 396 351
split_gain=3.48886 6.66804 3.80841 3.47689 6.30976 3.67211 8.42336 4.18359 3.53606 7.87396 3.28985 3.113 3.06273 3.50108
threshold=1.0000000180025095e-35 1.0000000180025095e-35 1.0000000180025095e-35 1.0000000180025095e-35 1.0000000180025095e-35 9.5000000000000018 0.93095000000000006 0.9285500000000001 1.0000000180025095e-35 0.17190000000000003 1.0000000180025095e-35 1.0000000180025095e-35 1.0000000180025095e-35 1.0000000180025095e-35
decision_type=2 2 2 2 2 2 2 2 2 2 2 2 2 2
left_child=2 -2 3 8 5 6 -5 -7 10 -10 12 -6 13 -1
right_child=1 -3 -4 4 11 7 -8 -9 9 -11 -12 -13 -14 -15
leaf_value=0.00016777177184612937 0.0045457852595463038 -0.014136075093927626 0.0093148102195144775 0.0078408478178021348 -0.0098246561059866667 -0.0062577877719868129 -0.011898520851836486 0.010194576730060837 0.0063456775817773026 -0.021038783438724735 -0.0085594634516608144 0.0024017865092565236 0.0087512528985112074 0.0061444425238221592
leaf_weight=15411 77 113 106 263 318 247 63 41 44 54 100 60 102 244
leaf_count=15411 77 113 106 263 318 247 63 41 44 54 100 60 102 244
internal_value=7.49395e-06 -0.00664258 8.35126e-05 2.30424e-05 -0.00284154 0.000297635 0.00390407 -0.00378161 0.000201982 -0.00903252 0.000261882 -0.00787793 0.000320563 0.000262857
internal_weight=17243 190 17053 16947 992 614 326 288 15955 98 15857 378 15757 15655
internal_count=17243 190 17053 16947 992 614 326 288 15955 98 15857 378 15757 15655
is_linear=0
shrinkage=0.05


Tree=281
num_leaves=15
num_cat=0
split_feature=162 250 146 35 309 124 3 0 3 289 192 308 2 235
split_gain=3.07694 2.92876 2.86022 2.90088 2.97494 4.34397 3.92935 3.15457 3.20176 3.0287 4.98476 3.23455 4.88617 4.80651
threshold=1.0000000180025095e-35 1.0000000180025095e-35 1.0000000180025095e-35 1.0000000180025095e-35 1.0000000180025095e-35 1.0000000180025095e-35 0.085000000000000006 0.87500000000000011 0.89195000000000013 1.0000000180025095e-35 1.0000000180025095e-35 1.0000000180025095e-35 1.0000000180025095e-35 1.0000000180025095e-35
decision_type=2 2 2 2 2 2 2 2 2 2 2 2 2 2
left_child=1 2 3 4 9 6 -6 -8 -9 11 -11 13 -13 -1
right_child=-2 -3 -4 -5 5 -7 7 8 -10 10 -12 12 -14 -15
leaf_value=-0.00028599069226426552 -0.0090342802921780842 0.0074389558083013362 0.0059959059046217943 0.0075526639135091505 -0.008803884712253492 0.01663818281247384 -0.0037647557678232206 0.011358145495161308 0.0025814972733987206 -0.0011372712212392971 0.015497818083306889 2.0482699209693032e-05 0.011003088962752372 -0.012574167743150611
leaf_weight=15239 86 133 200 123 72 49 132 133 440 100 76 279 154 75
leaf_count=15239 86 133 200 123 72 49 132 133 440 100 76 279 154 75
internal_value=0.000135695 0.000184143 0.000125463 5.41189e-05 -3.18586e-06 0.00291334 0.00194696 0.00309918 0.00469929 -0.000155346 0.00627574 -0.000229194 0.00400755 -0.000350256
internal_weight=17291 17205 17072 16872 16749 826 777 705 573 15923 176 15747 433 15314
internal_count=17291 17205 17072 16872 16749 826 777 705 573 15923 176 15747 433 15314
is_linear=0
shrinkage=0.05


Tree=282
num_leaves=15
num_cat=0
split_feature=401 151 3 120 6 256 369 4 4 4 6 304 3 88
split_gain=2.93475 2.73115 3.45852 2.97444 23.1769 2.90997 2.95067 5.40836 8.28342 3.94621 2.72743 6.36854 8.26344 6.9432
threshold=1.0000000180025095e-35 1.0000000180025095e-35 0.085000000000000006 1.0000000180025095e-35 9.5000000000000018 1.0000000180025095e-35 1.0000000180025095e-35 0.25420000000000004 0.022350000000000005 0.83915000000000006 11.500000000000002 1.0000000180025095e-35 -0.95234999999999992 1.0000000180025095e-35
decision_type=2 2 2 2 2 2 2 2 2 2 2 2 2 2
left_child=1 3 -3 5 -5 6 10 8 -8 -9 -1 12 -12 -13
right_child=-2 2 -4 4 -6 -7 7 9 -10 -11 11 13 -14 -15
leaf_value=0.00034443920583767149 -0.0058799319163652013 0.0016623282373716781 0.017001988179981709 0.032983702293131502 -0.017136992394096322 -0.0070659192939476478 0.011949865074711852 0.023284775009736993 -0.0086874436070736982 0.0053495678729895092 -0.01175082781043222 0.0069512416422534279 -0.0012630734905387899 -0.011666832568027594
leaf_weight=12415 201 124 48 43 40 139 75 47 119 85 194 378 3387 53
leaf_count=12415 201 124 48 43 40 139 75 47 119 85 194 378 3387 53
internal_value=5.24797e-05 0.000123714 0.00630252 5.92698e-05 0.00922788 1.15019e-05 7.23141e-05 0.00474627 -0.000609316 0.0123523 -2.18583e-05 -0.00115437 -0.00184684 0.00455424
internal_weight=17348 17147 172 16975 83 16892 16753 326 194 132 16427 4012 3581 431
internal_count=17348 17147 172 16975 83 16892 16753 326 194 132 16427 4012 3581 431
is_linear=0
shrinkage=0.05


Tree=283
num_leaves=15
num_cat=0
split_feature=339 27 187 18 152 406 338 257 100 115 5 41 275 146
split_gain=4.28499 3.55159 3.31361 3.24389 3.21853 3.22598 2.7522 2.68121 6.35928 3.40574 5.83196 3.77492 3.22628 2.88585
threshold=1.0000000180025095e-35 1.0000000180025095e-35 1.0000000180025095e-35 1.0000000180025095e-35 1.0000000180025095e-35 1.0000000180025095e-35 1.0000000180025095e-35 1.0000000180025095e-35 1.0000000180025095e-35 1.0000000180025095e-35 1.0000000180025095e-35 1.0000000180025095e-35 1.0000000180025095e-35 1.0000000180025095e-35
decision_type=2 2 2 2 2 2 2 2 2 2 2 2 2 2
left_child=1 2 3 4 5 6 7 9 12 11 -11 13 -9 -1
right_child=-2 -3 -4 -5 -6 -7 -8 8 -10 10 -12 -13 -14 -15
leaf_value=-0.00052339873221981452 0.0082721186077105817 0.0082210390018052273 -0.0092272398186866774 0.0088438910338132139 0.0056166667850688105 0.0091369279548823047 0.0085190738929988279 0.0031879511922089407 0.021055263986295841 0.0012873082577217637 0.02212564345035288 0.0094492239493531062 -0.010778896291641162 0.0054631277953768745
leaf_weight=15418 155 127 92 99 245 89 86 343 42 135 40 92 42 199
leaf_count=15418 155 127 92 99 245 89 86 343 42 135 40 92 42 199
internal_value=0.000127762 5.13147e-05 -1.24095e-05 4.06882e-05 -1.40284e-05 -9.93842e-05 -0.000152287 -0.000200604 0.0036861 -0.000306215 0.00653265 -0.000384455 0.00154564 -0.000445391
internal_weight=17204 17049 16922 16830 16731 16486 16397 16311 427 15884 175 15709 385 15617
internal_count=17204 17049 16922 16830 16731 16486 16397 16311 427 15884 175 15709 385 15617
is_linear=0
shrinkage=0.05


Tree=284
num_leaves=15
num_cat=0
split_feature=141 237 187 4 243 227 232 122 168 390 4 322 111 125
split_gain=3.42833 3.31655 4.06634 4.01676 6.83949 6.0284 5.5545 5.58391 4.77612 4.50916 4.38273 4.31969 4.76658 4.54161
threshold=1.0000000180025095e-35 1.0000000180025095e-35 1.0000000180025095e-35 0.048550000000000003 1.0000000180025095e-35 1.0000000180025095e-35 1.0000000180025095e-35 1.0000000180025095e-35 1.0000000180025095e-35 1.0000000180025095e-35 0.006150000000000001 1.0000000180025095e-35 1.0000000180025095e-35 1.0000000180025095e-35
decision_type=2 2 2 2 2 2 2 2 2 2 2 2 2 2
left_child=1 2 3 9 5 6 7 8 11 10 -1 12 -5 -13
right_child=-2 -3 -4 4 -6 -7 -8 -9 -10 -11 -12 13 -14 -15
leaf_value=0.002360189185788624 -0.0072079853010934393 0.006053101346829892 -0.010267032992995376 0.00044477003551119477 0.011019195720368292 0.015952748325071299 -0.015741730262883582 -0.016211405865924091 0.014659419704656132 0.013776602997791536 -0.0019251599624650661 -0.003947316440181774 0.014573682302919527 0.013184591701296581
leaf_weight=717 146 247 86 11955 156 59 47 44 56 46 3444 52 55 127
leaf_count=717 146 247 86 11955 156 59 47 44 56 46 3444 52 55 127
internal_value=0.000293183 0.000359351 0.000274087 0.000331229 0.000779357 0.00064609 0.000566448 0.000635196 0.000702324 -0.00100504 -0.00118479 0.000632216 0.000515511 0.0082357
internal_weight=17237 17091 16844 16758 12551 12395 12336 12289 12245 4207 4161 12189 12010 179
internal_count=17237 17091 16844 16758 12551 12395 12336 12289 12245 4207 4161 12189 12010 179
is_linear=0
shrinkage=0.05


Tree=285
num_leaves=15
num_cat=0
split_feature=396 1 73 52 4 3 296 119 4 312 4 4 216 378
split_gain=4.73222 4.72044 3.46308 2.89633 3.15679 2.84002 2.8323 2.81404 8.57894 3.81478 6.85998 9.90632 5.16874 4.25715
threshold=1.0000000180025095e-35 1.0000000180025095e-35 1.0000000180025095e-35 1.0000000180025095e-35 0.90515000000000012 -0.050449999999999995 1.0000000180025095e-35 1.0000000180025095e-35 0.96275000000000011 1.0000000180025095e-35 0.92435000000000012 0.83915000000000006 1.0000000180025095e-35 1.0000000180025095e-35
decision_type=2 2 2 2 2 2 2 2 2 2 2 2 2 2
left_child=2 -2 3 6 -5 -4 7 9 -9 13 11 -11 -12 -1
right_child=1 -3 5 4 -6 -7 -8 8 -10 10 12 -13 -14 -15
leaf_value=1.2938262521521093e-05 0.017906161214664786 -0.0028842801584842356 -0.00010888293458550586 -0.00029693908135717119 0.013480151847096873 0.01664645774622581 -0.0084067008325031823 -0.0072612870177988682 0.010454741302168086 0.0029248815508825438 -0.0039481499427150325 -0.021493253596127034 0.0095921081661873939 0.010685232489250919
leaf_weight=15751 67 42 46 85 76 51 100 369 79 65 246 105 93 89
leaf_count=15751 67 42 46 85 76 51 100 369 79 65 246 105 93 89
internal_value=-3.34088e-05 0.01012 -0.000100852 -0.000155733 0.00641667 0.00908479 -0.000220236 -0.000169011 -0.00405634 -6.12821e-05 -0.00430054 -0.0123401 -0.000148137 7.62554e-05
internal_weight=17264 109 17155 17058 161 97 16897 16797 448 16349 509 170 339 15840
internal_count=17264 109 17155 17058 161 97 16897 16797 448 16349 509 170 339 15840
is_linear=0
shrinkage=0.05


Tree=286
num_leaves=15
num_cat=0
split_feature=90 243 1 3 41 3 151 1 390 153 3 3 1 137
split_gain=5.73843 4.60239 11.8179 4.93631 3.03776 7.31991 2.89312 4.776 3.08713 3.01932 3.25341 4.79441 4.03483 3.58532
threshold=1.0000000180025095e-35 1.0000000180025095e-35 1.0000000180025095e-35 0.058050000000000011 1.0000000180025095e-35 0.89805000000000013 1.0000000180025095e-35 1.0000000180025095e-35 1.0000000180025095e-35 1.0000000180025095e-35 -0.96384999999999987 -0.96224999999999994 1.0000000180025095e-35 1.0000000180025095e-35
decision_type=2 2 2 2 2 2 2 2 2 2 2 2 2 2
left_child=1 4 3 -3 6 -6 8 -8 9 10 12 -12 -1 -13
right_child=-2 2 -4 -5 5 -7 7 -9 -10 -11 11 13 -14 -15
leaf_value=-0.00098984626258586685 0.006321654944713373 -0.0097050486033161479 0.024539173487573864 0.010974866972166174 -0.0020805087750372683 0.020297295572386395 0.012642442257016559 -0.0049530622619967605 -0.0072900454014805816 0.0079917161157314915 0.0090322956366285893 -0.00013584241479010472 -0.015256599707003589 0.0086125164213827106
leaf_weight=138 379 70 63 42 87 57 105 56 142 112 141 15625 73 113
leaf_count=138 379 70 63 42 87 57 105 56 142 112 141 15625 73 113
internal_value=0.000277969 0.000139983 0.00809224 -0.00181248 5.39909e-05 0.00716125 -1.01673e-05 0.00655742 -7.68483e-05 -1.13998e-05 -6.95736e-05 1.33326e-05 -0.00616464 -7.03132e-05
internal_weight=17203 16824 175 112 16649 144 16505 161 16344 16202 16090 15879 211 15738
internal_count=17203 16824 175 112 16649 144 16505 161 16344 16202 16090 15879 211 15738
is_linear=0
shrinkage=0.05


Tree=287
num_leaves=15
num_cat=0
split_feature=3 149 74 379 26 43 4 53 234 7 195 216 378 72
split_gain=3.64519 6.68552 6.07432 5.8178 5.32828 4.98314 7.31703 4.44459 4.35801 3.76867 3.62175 3.49687 3.21612 3.14665
threshold=0.017150000000000002 1.0000000180025095e-35 1.0000000180025095e-35 1.0000000180025095e-35 1.0000000180025095e-35 1.0000000180025095e-35 0.47395000000000004 1.0000000180025095e-35 1.0000000180025095e-35 1.0000000180025095e-35 1.0000000180025095e-35 1.0000000180025095e-35 1.0000000180025095e-35 1.0000000180025095e-35
decision_type=2 2 2 2 2 2 2 2 2 2 2 2 2 2
left_child=1 4 3 9 5 7 -7 8 10 12 11 13 -2 -1
right_child=2 -3 -4 -5 -6 6 -8 -9 -10 -11 -12 -13 -14 -15
leaf_value=0.00091990809610516223 -0.00070119495579822847 -0.01708353075938409 0.014939047687313712 -0.014238997066441257 -0.012940456652353561 0.00091121373801595631 0.023772875647991895 -0.0081637230615109902 0.012461829320527614 0.0093302280108522005 0.01262350608942224 0.013971923594819566 0.00924150134300495 -0.012209854177806689
leaf_weight=6030 10292 46 58 73 62 85 55 124 80 91 62 46 77 41
leaf_count=6030 10292 46 58 73 62 85 55 124 80 91 62 46 77 41
internal_value=3.41557e-05 0.000953071 -0.000541353 -0.000633644 0.00109193 0.00123512 0.0104026 0.00102606 0.00121449 -0.000531935 0.00105892 0.000931486 -0.000622942 0.000821263
internal_weight=17222 6631 10591 10533 6585 6523 140 6383 6259 10460 6179 6117 10369 6071
internal_count=17222 6631 10591 10533 6585 6523 140 6383 6259 10460 6179 6117 10369 6071
is_linear=0
shrinkage=0.05


Tree=288
num_leaves=15
num_cat=0
split_feature=171 274 244 154 4 4 6 406 4 4 135 152 369 6
split_gain=3.04051 2.79339 2.44912 2.99038 8.42153 5.88992 4.02584 2.7631 5.16977 2.93585 7.21098 7.26167 7.02815 6.17209
threshold=1.0000000180025095e-35 1.0000000180025095e-35 1.0000000180025095e-35 1.0000000180025095e-35 0.86695000000000011 0.92295000000000016 12.500000000000002 1.0000000180025095e-35 0.14045000000000005 0.28445000000000004 1.0000000180025095e-35 1.0000000180025095e-35 1.0000000180025095e-35 13.500000000000002
decision_type=2 2 2 2 2 2 2 2 2 2 2 2 2 2
left_child=1 2 3 7 6 -6 -5 9 -9 -1 11 12 13 -11
right_child=-2 -3 -4 4 5 -7 -8 8 -10 10 -12 -13 -14 -15
leaf_value=0.00041286848783458441 0.0090667117041734503 0.007188897834372098 -0.0052800450645480697 0.0016510857761955087 0.017482028133416361 -0.0032106892503798012 -0.015598813411505784 -0.0039165577747755581 0.020380860089531376 -0.00096381183848397829 0.016954815148242885 0.012491713981239164 0.0094641243456862877 -0.0056504772179003038
leaf_weight=7413 84 122 234 98 124 45 46 40 40 7852 51 93 147 767
leaf_count=7413 84 122 234 98 124 45 46 40 40 7852 51 93 147 767
internal_value=-0.000151035 -0.000199031 -0.000254311 -0.0001824 0.00462003 0.0120382 -0.00419784 -0.000275419 0.0087164 -0.000322144 -0.000933554 -0.00104604 -0.0011967 -0.00138391
internal_weight=17156 17072 16950 16716 313 169 144 16403 80 16323 8910 8859 8766 8619
internal_count=17156 17072 16950 16716 313 169 144 16403 80 16323 8910 8859 8766 8619
is_linear=0
shrinkage=0.05


Tree=289
num_leaves=15
num_cat=0
split_feature=281 235 3 51 323 386 4 102 175 4 1 77 277 347
split_gain=3.9909 3.3127 13.8187 4.93661 3.24273 2.98729 7.67401 3.49459 3.00345 2.94268 2.62605 2.4267 2.35077 2.54826
threshold=1.0000000180025095e-35 1.0000000180025095e-35 0.043050000000000005 1.0000000180025095e-35 1.0000000180025095e-35 1.0000000180025095e-35 0.50335000000000008 1.0000000180025095e-35 1.0000000180025095e-35 0.18190000000000003 1.0000000180025095e-35 1.0000000180025095e-35 1.0000000180025095e-35 1.0000000180025095e-35
decision_type=2 2 2 2 2 2 2 2 2 2 2 2 2 2
left_child=1 3 -3 4 5 7 -7 8 11 -6 -9 12 13 -1
right_child=-2 2 -4 -5 9 6 -8 10 -10 -11 -12 -13 -14 -15
leaf_value=0.00018703478543990082 -0.010202183533379788 -0.026459791228318444 0.011605809755209419 0.012626135381869972 0.018662561608685388 -0.0053649959775308766 0.02351467746269444 -0.0018068948567941273 -0.0090611319576220772 0.0010141269736258047 -0.014063969399855547 -0.0060466549389972205 -0.0076251499201270183 0.0036284689769241624
leaf_weight=15718 88 47 40 75 40 43 41 111 83 51 69 149 89 552
leaf_count=15718 88 47 40 75 40 43 41 111 83 51 69 149 89 552
internal_value=0.000127582 0.000183682 -0.00927878 0.000234758 0.000176208 0.00012398 0.00926017 7.54735e-05 0.000151632 0.00933965 -0.00675856 0.000200682 0.000259413 0.000304873
internal_weight=17196 17108 87 17021 16946 16855 84 16771 16591 91 180 16508 16359 16270
internal_count=17196 17108 87 17021 16946 16855 84 16771 16591 91 180 16508 16359 16270
is_linear=0
shrinkage=0.05


Tree=290
num_leaves=15
num_cat=0
split_feature=401 137 4 362 4 144 4 156 339 4 334 4 346 195
split_gain=4.00619 4.10518 4.24542 3.3682 9.17352 3.23325 7.06126 3.10829 3.07821 5.13841 3.75668 2.55727 9.26141 7.63777
threshold=1.0000000180025095e-35 1.0000000180025095e-35 0.86030000000000018 1.0000000180025095e-35 0.18985000000000005 1.0000000180025095e-35 0.78245000000000009 1.0000000180025095e-35 1.0000000180025095e-35 0.56330000000000013 1.0000000180025095e-35 0.85205000000000009 1.0000000180025095e-35 1.0000000180025095e-35
decision_type=2 2 2 2 2 2 2 2 2 2 2 2 2 2
left_child=1 3 -3 5 -5 7 -7 8 10 -10 11 -1 13 -13
right_child=-2 2 -4 4 -6 6 -8 -9 9 -11 -12 12 -14 -15
leaf_value=0.00030098545133208708 -0.0069815918639541995 0.00087712487922264994 0.020904277098209911 -0.004294621358365492 0.015894108072950924 -0.0037530932258274677 0.019312618695425266 0.0094336726828752205 -0.0013220469676627873 0.01702064265820967 -0.011165144781802949 -0.00092363517734104247 -0.016169228320094674 0.017633975832723081
leaf_weight=10476 197 60 43 106 111 64 61 80 84 64 73 5672 94 51
leaf_count=10476 197 60 43 106 111 64 61 80 84 64 73 5672 94 51
internal_value=1.84713e-05 0.000101428 0.00981869 3.94502e-05 0.00615772 -4.17775e-05 0.00781284 -0.000103281 -0.000152323 0.00690694 -0.000218251 -0.000165793 -0.00100596 -0.000743012
internal_weight=17236 17039 103 16936 217 16719 125 16594 16514 148 16366 16293 5817 5723
internal_count=17236 17039 103 16936 217 16719 125 16594 16514 148 16366 16293 5817 5723
is_linear=0
shrinkage=0.05


Tree=291
num_leaves=15
num_cat=0
split_feature=293 3 17 4 306 302 6 31 2 281 11 386 58 35
split_gain=3.95001 10.5657 3.71325 3.70692 3.46005 3.502 5.12349 3.13091 4.72639 3.02375 3.08366 3.45472 3.00895 5.77654
threshold=1.0000000180025095e-35 0.30330000000000007 1.0000000180025095e-35 0.31050000000000005 1.0000000180025095e-35 1.0000000180025095e-35 5.5000000000000009 1.0000000180025095e-35 1.0000000180025095e-35 1.0000000180025095e-35 1.0000000180025095e-35 1.0000000180025095e-35 1.0000000180025095e-35 1.0000000180025095e-35
decision_type=2 2 2 2 2 2 2 2 2 2 2 2 2 2
left_child=2 -2 4 -4 7 6 -6 9 -9 10 11 12 13 -1
right_child=1 -3 3 -5 5 -7 -8 8 -10 -11 -12 -13 -14 -15
leaf_value=0.00032537384988996071 0.027698628416122952 -0.0040918762941608237 -0.00016752517678671414 -0.019839417855156232 0.010997589276140106 0.0097689985807211891 -0.0043655027079893376 0.0025406979329234579 -0.014782579857856035 -0.0089949859664828959 -0.0088258202377051783 0.010970544902148186 -0.0080830055159250552 0.011384165180972268
leaf_weight=15458 41 58 49 42 53 48 904 71 80 82 86 72 100 114
leaf_count=15458 41 58 49 42 53 48 904 71 80 82 86 72 100 114
internal_value=5.7642e-05 0.00977258 -1.23955e-06 -0.00980728 5.38993e-05 -0.00278478 -0.00346194 0.000232316 -0.00681683 0.00030133 0.000352311 0.000405231 0.000353209 0.000409962
internal_weight=17258 99 17159 91 17068 1005 957 16063 151 15912 15830 15744 15672 15572
internal_count=17258 99 17159 91 17068 1005 957 16063 151 15912 15830 15744 15672 15572
is_linear=0
shrinkage=0.05


Tree=292
num_leaves=15
num_cat=0
split_feature=273 292 2 178 3 295 6 171 10 220 293 3 168 61
split_gain=4.16858 3.25442 7.65949 4.35277 4.29335 3.66614 9.7917 5.22308 4.23334 3.28191 2.83937 4.96966 3.26302 2.55667
threshold=1.0000000180025095e-35 1.0000000180025095e-35 1.0000000180025095e-35 1.0000000180025095e-35 0.10175000000000002 1.0000000180025095e-35 11.500000000000002 1.0000000180025095e-35 1.0000000180025095e-35 1.0000000180025095e-35 1.0000000180025095e-35 0.30330000000000007 1.0000000180025095e-35 1.0000000180025095e-35
decision_type=2 2 2 2 2 2 2 2 2 2 2 2 2 2
left_child=1 3 -3 5 -5 7 -7 8 9 10 12 -12 13 -1
right_child=-2 2 -4 4 -6 6 -8 -9 -10 -11 11 -13 -14 -15
leaf_value=-0.00024302924826470531 -0.011004246217833663 0.015042660209265622 -0.004849888902919537 0.00082497565663958855 -0.013630609210359596 0.0066424587959463301 -0.025955472656704011 0.012564026422389761 0.011109996844260466 -0.0095604816871776212 0.020410318815898474 -0.0016365231091126067 0.010262934415601194 0.0072713039757218217
leaf_weight=16124 83 105 83 90 113 42 42 77 79 87 41 56 70 109
leaf_count=16124 83 105 83 90 113 42 42 77 79 87 41 56 70 109
internal_value=-0.00014974 -9.39115e-05 0.00636219 -0.000167461 -0.00735596 -7.80486e-05 -0.010199 -2.39186e-05 -8.62017e-05 -0.000143202 -9.03458e-05 0.00822595 -0.000142333 -0.000190349
internal_weight=17201 17118 188 16930 203 16727 84 16643 16566 16487 16400 97 16303 16233
internal_count=17201 17118 188 16930 203 16727 84 16643 16566 16487 16400 97 16303 16233
is_linear=0
shrinkage=0.05


Tree=293
num_leaves=15
num_cat=0
split_feature=241 3 214 37 43 16 313 396 79 2 6 157 4 4
split_gain=4.19104 3.72371 13.0847 9.20254 7.85722 6.64173 6.49002 5.94367 5.70538 7.48363 8.05114 7.87547 7.27759 7.47975
threshold=1.0000000180025095e-35 -0.036649999999999995 1.0000000180025095e-35 1.0000000180025095e-35 1.0000000180025095e-35 1.0000000180025095e-35 1.0000000180025095e-35 1.0000000180025095e-35 1.0000000180025095e-35 1.5000000000000002 14.500000000000002 1.0000000180025095e-35 0.82800000000000007 0.90855000000000008
decision_type=2 2 2 2 2 2 2 2 2 2 2 2 2 2
left_child=1 2 3 4 5 6 7 8 9 10 11 12 -1 -14
right_child=-2 -3 -4 -5 -6 -7 -8 -9 -10 -11 -12 -13 13 -15
leaf_value=0.0041934274865379258 -0.0033003290573705166 5.6027065148391501e-05 0.025823636525975809 0.020427274238318208 0.016758246096794174 -0.016428994533013216 0.016268643963596095 0.015107981240193189 0.017988442213517492 -0.0062932593747672631 -0.01178880620859245 0.0208757354548792 -0.0088326166084187439 0.00050377592914492011
leaf_weight=1215 766 12679 51 58 74 50 64 66 41 382 112 47 246 1473
leaf_count=1215 766 12679 51 58 74 50 64 66 41 382 112 47 246 1473
internal_value=0.000303332 0.00047099 0.00182553 0.00147254 0.00115425 0.000819619 0.00107834 0.00078463 0.000494689 0.000262739 0.00108129 0.00158376 0.00123973 -0.000854064
internal_weight=17324 16558 3879 3828 3770 3696 3646 3582 3516 3475 3093 2981 2934 1719
internal_count=17324 16558 3879 3828 3770 3696 3646 3582 3516 3475 3093 2981 2934 1719
is_linear=0
shrinkage=0.05


Tree=294
num_leaves=15
num_cat=0
split_feature=18 6 2 119 215 120 269 93 152 351 392 6 317 241
split_gain=4.43258 3.79449 7.78382 5.67003 6.06851 5.40997 4.76416 5.52624 5.19772 4.20579 4.49961 3.93892 3.80324 3.9589
threshold=1.0000000180025095e-35 11.500000000000002 2.5000000000000004 1.0000000180025095e-35 1.0000000180025095e-35 1.0000000180025095e-35 1.0000000180025095e-35 1.0000000180025095e-35 1.0000000180025095e-35 1.0000000180025095e-35 1.0000000180025095e-35 12.500000000000002 1.0000000180025095e-35 1.0000000180025095e-35
decision_type=2 2 2 2 2 2 2 2 2 2 2 2 2 2
left_child=1 2 5 4 12 6 7 8 9 10 -1 -5 13 -3
right_child=-2 3 -4 11 -6 -7 -8 -9 -10 -11 -12 -13 -14 -15
leaf_value=0.00017964721124101454 0.010483371351565261 0.00023185820948030497 -0.0070382428311683946 0.00042647130888056115 -0.017441375767467199 0.01448314656228037 0.011402084696672712 0.014266638299577859 0.01309161230714785 0.0081003734054801262 0.010726684025790105 -0.014192323997297264 -0.0086705099380508591 -0.0050394804367524448
leaf_weight=11814 98 3621 327 69 49 66 97 68 76 169 97 132 135 390
leaf_count=11814 98 3621 327 69 49 66 97 68 76 169 97 132 135 390
internal_value=0.00014203 7.97528e-05 0.000517599 -0.00118572 -0.000787043 0.000719822 0.000640251 0.000550227 0.000467664 0.000382858 0.000270004 -0.00928539 -0.000569441 -0.000286324
internal_weight=17208 17110 12714 4396 4195 12387 12321 12224 12156 12080 11911 201 4146 4011
internal_count=17208 17110 12714 4396 4195 12387 12321 12224 12156 12080 11911 201 4146 4011
is_linear=0
shrinkage=0.05


Tree=295
num_leaves=15
num_cat=0
split_feature=243 1 3 202 330 395 283 122 3 2 149 3 248 386
split_gain=8.75939 17.1552 5.39614 3.74538 3.33292 2.85519 3.23817 6.1241 3.18432 4.07513 3.0306 6.14304 2.79226 2.98835
threshold=1.0000000180025095e-35 1.0000000180025095e-35 0.037050000000000007 1.0000000180025095e-35 1.0000000180025095e-35 1.0000000180025095e-35 1.0000000180025095e-35 1.0000000180025095e-35 0.0013500000000000003 1.0000000180025095e-35 1.0000000180025095e-35 0.015150000000000002 1.0000000180025095e-35 1.0000000180025095e-35
decision_type=2 2 2 2 2 2 2 2 2 2 2 2 2 2
left_child=3 2 -2 4 5 6 7 10 -7 -10 12 -12 13 -1
right_child=1 -3 -4 -5 -6 8 -8 -9 9 -11 11 -13 -14 -15
leaf_value=0.0002201971565857915 -0.010070899455571797 0.031846900694654325 0.012320144689745374 -0.0085766784381121394 -0.0099799516295628037 -0.013983988329591985 0.0067249562659429662 -0.017708178989899657 0.0048202345654884786 -0.012002213630226575 -0.022237088657501673 0.0022970792933201959 -0.010914528626017272 0.0095656767834064581
leaf_weight=16130 62 59 40 121 77 69 183 43 96 51 40 57 51 81
leaf_count=16130 62 59 40 121 77 69 183 43 96 51 40 57 51 81
internal_value=0.000123455 0.0115534 -0.00112471 1.18356e-05 7.59292e-05 0.000124971 0.000200143 0.000125317 -0.00552079 -0.00121895 0.000177589 -0.00841422 0.000231408 0.000269828
internal_weight=17160 161 102 16999 16878 16801 16585 16402 216 147 16359 97 16262 16211
internal_count=17160 161 102 16999 16878 16801 16585 16402 216 147 16359 97 16262 16211
is_linear=0
shrinkage=0.05


Tree=296
num_leaves=15
num_cat=0
split_feature=90 267 3 43 189 2 43 0 347 3 41 147 6 347
split_gain=2.82593 2.7029 2.64155 8.72473 8.04697 5.15279 4.11501 4.0842 6.48036 8.08278 6.36526 5.72645 4.70562 4.65745
threshold=1.0000000180025095e-35 1.0000000180025095e-35 0.39430000000000004 1.0000000180025095e-35 1.0000000180025095e-35 1.5000000000000002 1.0000000180025095e-35 0.70833333333333337 1.0000000180025095e-35 0.92675000000000007 1.0000000180025095e-35 1.0000000180025095e-35 4.5000000000000009 1.0000000180025095e-35
decision_type=2 2 2 2 2 2 2 2 2 2 2 2 2 2
left_child=1 2 6 4 5 7 -1 13 10 11 12 -10 -9 -4
right_child=-2 -3 3 -5 -6 -7 -8 8 9 -11 -12 -13 -14 -15
leaf_value=0.00040063730145562903 0.0043648877926653375 -0.0084623716215813365 -0.0013857501425141873 -0.015715568112015414 -0.021580150648951531 -0.0040933239791335818 0.0070079662796511816 0.015224064578868303 0.018314015255936494 -0.0040694287502948115 0.017599711633937542 -0.00052934361590167226 -7.2453542368184834e-05 -0.012346318045941492
leaf_weight=10671 381 88 965 91 40 790 236 46 151 93 48 54 3545 103
leaf_count=10671 381 88 965 91 40 790 236 46 151 93 48 54 3545 103
internal_value=0.000134706 3.81958e-05 8.5135e-05 -0.000764225 -0.000517796 -0.000353934 0.000546749 0.000239795 0.000984006 0.00800974 0.000398464 0.013456 0.000144387 -0.00249541
internal_weight=17302 16921 16833 5926 5835 5795 10907 5005 3937 298 3639 205 3591 1068
internal_count=17302 16921 16833 5926 5835 5795 10907 5005 3937 298 3639 205 3591 1068
is_linear=0
shrinkage=0.05


Tree=297
num_leaves=15
num_cat=0
split_feature=144 2 309 0 237 1 304 83 2 119 6 3 4 2
split_gain=5.55605 9.21645 4.77121 4.91941 4.09593 3.17429 4.24108 4.79408 3.775 2.98075 4.21529 4.81905 10.4703 2.9594
threshold=1.0000000180025095e-35 1.0000000180025095e-35 1.0000000180025095e-35 0.87500000000000011 1.0000000180025095e-35 1.0000000180025095e-35 1.0000000180025095e-35 1.0000000180025095e-35 1.0000000180025095e-35 1.0000000180025095e-35 12.500000000000002 -0.96074999999999988 0.94885000000000008 1.0000000180025095e-35
decision_type=2 2 2 2 2 2 2 2 2 2 2 2 2 2
left_child=2 -2 4 -4 9 6 -5 -8 -7 -1 11 -11 -13 -6
right_child=1 -3 3 5 13 8 7 -9 -10 10 -12 12 -14 -15
leaf_value=-6.0646674905110302e-05 0.021149444007137908 -0.0061168235146774434 -0.0041065089128096586 0.010589720722868019 -0.00021774771071418568 0.0047854729153821987 0.012616932286205246 -0.00635298230360301 -0.01053965971252676 0.0071497069303916782 -0.011298339784761864 0.007117198300010368 -0.014656703168293463 0.010824466029936005
leaf_weight=15666 74 48 155 353 103 121 46 91 54 114 137 93 123 142
leaf_count=15666 74 48 155 353 103 121 46 91 54 114 137 93 123 142
internal_value=0.000183582 0.0106033 0.000106606 0.00381671 -8.02561e-05 0.00568034 0.00772666 0.000236459 -0.000104835 -0.000178617 -0.00409348 -0.00097838 -0.00533291 0.00627072
internal_weight=17320 122 17198 820 16378 665 490 137 175 16133 467 330 216 245
internal_count=17320 122 17198 820 16378 665 490 137 175 16133 467 330 216 245
is_linear=0
shrinkage=0.05


Tree=298
num_leaves=15
num_cat=0
split_feature=342 119 197 149 3 40 144 4 172 2 3 304 3 184
split_gain=4.53658 3.1171 3.04037 2.8375 4.09247 2.85224 3.01235 4.73197 3.06615 10.7695 9.267 8.25427 4.7474 3.92674
threshold=1.0000000180025095e-35 1.0000000180025095e-35 1.0000000180025095e-35 1.0000000180025095e-35 0.022150000000000006 1.0000000180025095e-35 1.0000000180025095e-35 0.78245000000000009 1.0000000180025095e-35 1.0000000180025095e-35 0.41635000000000005 1.0000000180025095e-35 0.069900000000000018 1.0000000180025095e-35
decision_type=2 2 2 2 2 2 2 2 2 2 2 2 2 2
left_child=1 2 3 5 -5 6 8 -8 13 -10 12 -12 -11 -1
right_child=-2 -3 -4 4 -6 -7 7 -9 9 10 11 -13 -14 -15
leaf_value=-0.00035518179534593976 0.010993816196039487 -0.0042548487241331218 -0.009932780794333667 -0.017766099800779062 0.0019272136743421907 -0.0087486735417654643 -0.00057973288081435343 0.019579957425594333 0.023269677883945405 -0.00016032019618225613 0.012800496944213566 -0.01071584559167209 -0.011930388577959755 0.0075186198426672492
leaf_weight=15356 84 485 75 50 49 90 69 45 55 388 214 41 105 155
leaf_count=15356 84 485 75 50 49 90 69 45 55 388 214 41 105 155
internal_value=-0.000265892 -0.000324138 -0.000208688 -0.000161825 -0.00839486 -0.000109955 -5.99804e-05 0.00786637 -0.000117762 0.00288516 0.00124174 0.00888608 -0.00276174 -0.000274102
internal_weight=17261 17177 16692 16617 99 16518 16428 114 16314 803 748 255 493 15511
internal_count=17261 17177 16692 16617 99 16518 16428 114 16314 803 748 255 493 15511
is_linear=0
shrinkage=0.05


Tree=299
num_leaves=15
num_cat=0
split_feature=32 3 43 204 182 107 293 61 43 3 28 2 105 6
split_gain=4.72703 4.3312 8.90986 6.66565 6.0014 5.94226 4.95356 4.89587 4.30903 9.25635 3.96552 3.82378 6.75119 5.16374
threshold=1.0000000180025095e-35 0.48350000000000004 1.0000000180025095e-35 1.0000000180025095e-35 1.0000000180025095e-35 1.0000000180025095e-35 1.0000000180025095e-35 1.0000000180025095e-35 1.0000000180025095e-35 -0.51969999999999994 1.0000000180025095e-35 1.0000000180025095e-35 1.0000000180025095e-35 12.500000000000002
decision_type=2 2 2 2 2 2 2 2 2 2 2 2 2 2
left_child=1 6 3 4 5 11 7 8 10 -10 -1 -3 13 -13
right_child=-2 2 -4 -5 -6 -7 -8 -9 9 -11 -12 12 -14 -15
leaf_value=0.00043870701724348419 -0.010199965255061559 0.00046846368363876589 -0.015735575247725304 -0.012909342715068273 0.015230282805249341 0.017558253564768367 0.015267352987143955 0.012624894538461124 0.025968036972223604 0.0020115930845754013 0.014552924760617317 -0.0017206409335922845 0.008248337103079444 -0.0079181638529334328
leaf_weight=10893 104 3119 94 103 56 40 54 81 47 184 45 1851 141 407
leaf_count=10893 104 3119 94 103 56 40 54 81 47 184 45 1851 141 407
internal_value=0.000179575 0.000245608 -0.000863294 -0.000605225 -0.000368195 -0.000538906 0.000815786 0.000739666 0.000647861 0.00733275 0.000503397 -0.000685869 -0.0021845 -0.00285276
internal_weight=17219 17115 5811 5717 5614 5558 11304 11250 11169 231 10938 5518 2399 2258
internal_count=17219 17115 5811 5717 5614 5558 11304 11250 11169 231 10938 5518 2399 2258
is_linear=0
shrinkage=0.05


end of trees

feature_importances:
abs_sentiment=378
sentiment=307
title_words=131
symbol_in_title=99
n_other_companies=98
w_profit=91
w_jump=83
w_ofs=75
price_move=67
w_jumps=65
w_results=56
w_upl=54
w_govt=48
w_weak=43
w_surge=42
w_update=42
w_idfc=41
w_surges=41
w_rally=40
w_rise=40
w_rising=40
w_bajaj=38
w_brokerages=36
w_price=36
w_solar=36
w_post=34
w_copper=29
w_order=29
w_soars=29
w_today=29
w_hits=28
w_industries=28
w_rises=28
w_volumes=28
name_match=27
w_ceo=27
w_srf=27
w_revenue=26
w_bank=24
w_slides=24
w_morgan=23
w_high=22
w_loss=22
w_volume=22
w_zydus=22
w_beat=21
w_gail=21
w_small=21
w_cons=20
w_estimates=20
w_finance=20
w_preview=20
w_alert=19
w_crore=19
w_date=19
w_low=19
w_motors=19
w_nse=19
w_oil=19
w_analyst=18
w_auto=18
w_highlights=18
w_deal=17
w_ahead=16
w_falling=16
w_here's=16
w_hit=16
w_project=16
w_siemens=16
w_fintech=15
w_jsw=15
w_labs=15
w_march=15
w_gets=14
w_pat=14
w_pressure=14
w_their=14
w_waaree=14
w_capital=13
w_cummins=13
w_despite=13
w_july=13
w_kubota=13
w_nearly=13
w_raise=13
w_systems=13
w_analysts=12
w_earnings=12
w_growth=12
w_jindal=12
w_paints=12
w_quarter=12
w_tvs=12
w_acquire=11
w_airtel=11
w_among=11
w_coforge=11
w_down=11
w_drop=11
w_fall=11
w_falls=11
w_launches=11
w_prices=11
w_shree=11
w_suzlon=11
w_trent=11
w_zinc=11
w_amc=10
w_apollo=10
w_billion=10
w_lakh=10
w_news=10
w_plant=10
w_year=10
w_yoy=10
w_here=9
w_international=9
w_june=9
w_rating=9
w_sales=9
w_signals=9
w_abb=8
w_edge=8
w_itc=8
w_jio=8
w_lic=8
w_premium=8
w_reliance=8
w_strong=8
w_technologies=8
w_acquires=7
w_bharat=7
w_cochin=7
w_energy=7
w_engineering=7
w_gain=7
w_health=7
w_holds=7
w_host=7
w_kotak=7
w_maruti=7
w_others=7
w_value=7
w_asset=6
w_bse=6
w_cross=6
w_declares=6
w_energies=6
w_expansion=6
w_income=6
w_interest=6
w_management=6
w_margins=6
w_net=6
w_oswal=6
w_raises=6
w_signs=6
w_stake=6
w_targets=6
w_via=6
w_watch=6
w_acquisition=5
w_cap=5
w_escorts=5
w_full=5
w_group=5
w_insurance=5
w_investment=5
w_meeting=5
w_merger=5
w_rec=5
w_see=5
w_september=5
w_slips=5
w_steel=5
w_these=5
w_axis=4
w_block=4
w_canara=4
w_consumer=4
w_dividend=4
w_first=4
w_forecast=4
w_hero=4
w_jefferies=4
w_mahindra=4
w_pharma=4
w_renewable=4
w_reports=4
w_state=4
w_supreme=4
w_tata=4
w_tcs=4
w_wipro=4
w_biocon=3
w_birla=3
w_buy=3
w_check=3
w_details=3
w_fiis=3
w_indusind=3
w_issue=3
w_list=3
w_national=3
w_nestle=3
w_persistent=3
w_prediction=3
w_retail=3
w_sale=3
w_sell=3
w_set=3
w_term=3
w_announces=2
w_appoints=2
w_aug=2
w_august=2
w_baroda=2
w_britannia=2
w_communications=2
w_decline=2
w_electronics=2
w_financial=2
w_five=2
w_gains=2
w_green=2
w_hotels=2
w_ipo=2
w_last=2
w_life=2
w_max=2
w_next=2
w_nomura=2
w_peer=2
w_per=2
w_plans=2
w_positive=2
w_posts=2
w_promoters=2
w_qip=2
w_rbi=2
w_report=2
w_sees=2
w_sep=2
w_suzuki=2
w_tech=2
w_two=2
w_vedanta=2
w_week=2
w_worth=2
w_years=2
w_acc=1
w_adani=1
w_agm=1
w_ambuja=1
w_approval=1
w_aurobindo=1
w_balance=1
w_board=1
w_buyback=1
w_call=1
w_capacity=1
w_case=1
w_day=1
w_declared=1
w_firm=1
w_focus=1
w_higher=1
w_hindustan=1
w_housing=1
w_icici=1
w_infosys=1
w_investors=1
w_l&t=1
w_likely=1
w_loan=1
w_market=1
w_motilal=1
w_motor=1
w_mrf=1
w_nod=1
w_ongc=1
w_opens=1
w_own=1
w_power=1
w_promoter=1
w_prudential=1
w_record=1
w_result=1
w_sbi=1
w_sells=1
w_services=1
w_sets=1
w_spotlight=1
w_time=1
w_titan=1
w_transcript=1
w_under=1
w_upside=1

parameters:
[boosting: gbdt]
[objective: huber]
[metric: huber]
[tree_learner: serial]
[device_type: cpu]
[data_sample_strategy: bagging]
[data: ]
[valid: ]
[num_iterations: 300]
[learning_rate: 0.05]
[num_leaves: 15]
[num_threads: 0]
[seed: 7]
[deterministic: 0]
[force_col_wise: 0]
[force_row_wise: 0]
[histogram_pool_size: -1]
[max_depth: -1]
[min_data_in_leaf: 40]
[min_sum_hessian_in_leaf: 0.001]
[bagging_fraction: 0.8]
[pos_bagging_fraction: 1]
[neg_bagging_fraction: 1]
[bagging_freq: 1]
[bagging_seed: 17422]
[bagging_by_query: 0]
[feature_fraction: 0.8]
[feature_fraction_bynode: 1]
[feature_fraction_seed: 7040]
[extra_trees: 0]
[extra_seed: 6516]
[early_stopping_round: 0]
[early_stopping_min_delta: 0]
[first_metric_only: 0]
[max_delta_step: 0]
[lambda_l1: 0]
[lambda_l2: 5]
[linear_lambda: 0]
[min_gain_to_split: 0]
[drop_rate: 0.1]
[max_drop: 50]
[skip_drop: 0.5]
[xgboost_dart_mode: 0]
[uniform_drop: 0]
[drop_seed: 15215]
[top_rate: 0.2]
[other_rate: 0.1]
[min_data_per_group: 100]
[max_cat_threshold: 32]
[cat_l2: 10]
[cat_smooth: 10]
[max_cat_to_onehot: 4]
[top_k: 20]
[monotone_constraints: ]
[monotone_constraints_method: basic]
[monotone_penalty: 0]
[feature_contri: ]
[forcedsplits_filename: ]
[refit_decay_rate: 0.9]
[cegb_tradeoff: 1]
[cegb_penalty_split: 0]
[cegb_penalty_feature_lazy: ]
[cegb_penalty_feature_coupled: ]
[path_smooth: 0]
[interaction_constraints: ]
[verbosity: -1]
[saved_feature_importance_type: 0]
[use_quantized_grad: 0]
[num_grad_quant_bins: 4]
[quant_train_renew_leaf: 0]
[stochastic_rounding: 1]
[linear_tree: 0]
[max_bin: 255]
[max_bin_by_feature: ]
[min_data_in_bin: 3]
[bin_construct_sample_cnt: 200000]
[data_random_seed: 61]
[is_enable_sparse: 1]
[enable_bundle: 1]
[use_missing: 1]
[zero_as_missing: 0]
[feature_pre_filter: 1]
[pre_partition: 0]
[two_round: 0]
[header: 0]
[label_column: ]
[weight_column: ]
[group_column: ]
[ignore_column: ]
[categorical_feature: ]
[forcedbins_filename: ]
[precise_float_parser: 0]
[parser_config_file: ]
[objective_seed: 15521]
[num_class: 1]
[is_unbalance: 0]
[scale_pos_weight: 1]
[sigmoid: 1]
[boost_from_average: 1]
[reg_sqrt: 0]
[alpha: 1.5]
[fair_c: 1]
[poisson_max_delta_step: 0.7]
[tweedie_variance_power: 1.5]
[lambdarank_truncation_level: 30]
[lambdarank_norm: 1]
[label_gain: ]
[lambdarank_position_bias_regularization: 0]
[eval_at: ]
[multi_error_top_k: 1]
[auc_mu_weights: ]
[num_machines: 1]
[local_listen_port: 12400]
[time_out: 120]
[machine_list_filename: ]
[machines: ]
[gpu_platform_id: -1]
[gpu_device_id: -1]
[gpu_device_id_list: ]
[gpu_use_dp: 0]
[num_gpu: 1]

end of parameters

pandas_categorical:[]
