tree
version=v4
num_class=1
num_tree_per_iteration=1
label_index=0
max_feature_idx=81
objective=regression
feature_names=Column_0 Column_1 Column_2 Column_3 Column_4 Column_5 Column_6 Column_7 Column_8 Column_9 Column_10 Column_11 Column_12 Column_13 Column_14 Column_15 Column_16 Column_17 Column_18 Column_19 Column_20 Column_21 Column_22 Column_23 Column_24 Column_25 Column_26 Column_27 Column_28 Column_29 Column_30 Column_31 Column_32 Column_33 Column_34 Column_35 Column_36 Column_37 Column_38 Column_39 Column_40 Column_41 Column_42 Column_43 Column_44 Column_45 Column_46 Column_47 Column_48 Column_49 Column_50 Column_51 Column_52 Column_53 Column_54 Column_55 Column_56 Column_57 Column_58 Column_59 Column_60 Column_61 Column_62 Column_63 Column_64 Column_65 Column_66 Column_67 Column_68 Column_69 Column_70 Column_71 Column_72 Column_73 Column_74 Column_75 Column_76 Column_77 Column_78 Column_79 Column_80 Column_81
feature_infos=[-0.062088999897241592:0.11504700034856796] [-0.11149699985980988:0.12835800647735596] [-1:1] [-0.081061996519565582:0.051552001386880875] [1.546720027923584:28.3704833984375] [0:0.83333301544189453] [-0.028457000851631165:0.027414999902248383] [0:1] [-0.042164001613855362:0.043588001281023026] [0.0057172086089849472:0.47293302416801453] [-0.36001697182655334:0.46201157569885254] [-1:1] [0:1] [0:1] [-0.50599998235702515:1.2970000505447388] [-0.79670000076293945:2.1860001087188721] [-0.81319999694824219:24.639999389648438] [3.9030001163482666:99.989997863769531] [-0.73680001497268677:1.6310000419616699] [-0.77389997243881226:7.0240001678466797] [-0.91420000791549683:0] [0.00081489997683092952:4.0180001258850098] [-0.53280001878738403:1.5440000295639038] [0.0022179998923093081:5.8680000305175781] [-0.26850000023841858:2.9319999217987061] [-0.3799000084400177:0.36430001258850098] [0.050769999623298645:0.87889999151229858] [9.1499996185302734:83.610000610351562] [0.0039679999463260174:1] [-4:4] [0.05534999817609787:0.90539997816085815] [0.32490000128746033:2.5850000381469727] [-0.26179999113082886:0.52819997072219849] [-0.11980000138282776:0.095150001347064972] [-0.12319999933242798:0.12160000205039978] [-0.35749998688697815:1.156000018119812] [-0.12399999797344208:0.1023000031709671] [-0.13220000267028809:0.090819999575614929] [-0.026590000838041306:0.043880000710487366] [-0.55330002307891846:0.99029999971389771] [-0.039098739624023438:0.023975903168320656] [-0.94942587614059448:0.69109630584716797] [5.407468051998876e-05:0.44297224283218384] [-0.90016281604766846:9.473414421081543] [-0.17408907413482666:0.2277580052614212] [-0.89964240789413452:9.4935169219970703] [0:19.30915641784668] [-59.313907623291016:404.22930908203125] [-5.952430248260498:7.989593505859375] [-0.14687499403953552:1] [-0.080550946295261383:0.073985621333122253] [8.9203458628617227e-05:96.041580200195312] [0.00031769918859936297:1254.5347900390625] [-0.029737390577793121:0.025568626821041107] [-0.084868215024471283:0.037972953170537949] [0.018604651093482971:0.96108949184417725] [-0.1676144003868103:0.20218938589096069] [-0.90268170833587646:9.4715280532836914] [0.0061233546584844589:0.054694462567567825] [0.10559580475091934:27.941278457641602] [0.0038759689778089523:1] [0.0038759689778089523:1] [0.0038759689778089523:1] [0.0038759689778089523:1] [0.0038759689778089523:1] [0.0038759689778089523:1] [0.0039215688593685627:1] [-0.068778954446315765:0.059377908706665039] [-0.6641506552696228:0.52342545986175537] [0:1] [-0.17135186493396759:0.20153720676898956] [-0.90302252769470215:9.472050666809082] [-0.070965729653835297:0.060694672167301178] [0:6] [0:1] [0:1] [0:24] [0:1] [0:0.22986266016960144] [0:3372] [0:10] [0:1]
tree_sizes=1516 1625 1643 1642 1642 1643 1621 1617 1636 1646 1644 1640 1643 1635 1641 1644 1631 1645 1642 1624 1649 1649 1647 1644 1642 1632 1642 1642 1643 1651 1630 1647 1638 1639 1624 1648 1639 1641 1638 1647 1638 1637 1626 1631 1649 1648 1642 1648 1621 1649 1648 1649 1633 1653 1621 1639 1635 1640 1642 1655 1636 1635 1640 1636 1612 1639 1643 1650 1647 1637 1631 1640 1633 1635 1630 1643 1634 1634 1645 1618 1646 1640 1634 1646 1640 1646 1634 1626 1635 1635 1625 1625 1618 1647 1614 1594 1641 1628 1633 1627 1624 1638 1642 1620 1620 1631 1639 1634 1634 1629 1624 1612 1601 1615 1646 1645 1600 1615 1644 1619 1611 1634 1606 1620 1624 1623 1645 1611 1599 1634 1611 1590 1605 1632 1590 1601 1623 1642 1622 1634 1631 1591 1628 1595 1637 1619 1605 1588 1622 1629 1594

Tree=0
num_leaves=15
num_cat=0
split_feature=45 32 30 21 24 80 18 13 68 30 18 54 52 21
split_gain=68.394 31.264 30.337 15.3546 9.20068 8.72261 8.50769 7.80341 6.31293 6.0273 4.13852 3.92269 3.87621 3.631
threshold=-1.0000000180025095e-35 0.11219999939203264 0.53224998712539684 0.32995000481605535 1.016499996185303 inf 0.09571500122547151 0.33689104020595556 0.0011424621334299447 0.63464999198913585 0.10565000027418138 0.0033019462134689097 2.5356197357177739 0.48385000228881841
decision_type=2 8 10 10 8 8 10 8 2 10 10 2 10 10
left_child=2 3 4 8 10 -3 11 -7 -2 -4 -1 -5 -10 -12
right_child=1 5 9 6 -6 7 -8 -9 12 -11 13 -13 -14 -15
leaf_value=0.50279447017371526 0.5019872093533535 0.50214752037798793 0.50306672932493612 0.50167796135257348 0.50219311320435767 0.50090095107545729 0.50114848170950421 0.50173220543026753 0.50251379162559107 0.50377217267162133 0.50248810728795623 0.50221597365981496 0.5017364146559814 0.50124148419416259
leaf_weight=53320 38012 9353 43708 25519 72328 34305 16570 14455 75955 14534 7583 23360 6243 2904
leaf_count=53320 38012 9353 43708 25519 72328 34305 16570 14455 75955 14534 7583 23360 6243 2904
internal_value=0.50225 0.501915 0.50267 0.502106 0.502425 0.501308 0.501736 0.501147 0.502307 0.503243 0.502687 0.501935 0.502455 0.502143
internal_weight=438149 243772 194377 185659 136135 58113 65449 48760 120210 58242 63807 48879 82198 10487
internal_count=438149 243772 194377 185659 136135 58113 65449 48760 120210 58242 63807 48879 82198 10487
is_linear=0
shrinkage=1


Tree=1
num_leaves=15
num_cat=0
split_feature=45 9 18 51 9 32 9 32 19 58 54 20 13 3
split_gain=63.8225 33.3344 13.8298 12.5939 9.03327 8.84012 8.14699 7.51614 6.162 6.14447 5.69814 5.60935 5.2237 5.00537
threshold=-1.0000000180025095e-35 0.030717999674379829 0.070284999907016768 0.10196938365697862 0.04992284998297692 inf 0.035002777352929122 0.11219999939203264 0.29954999685287481 0.011564563959836962 0.0032801366178318862 -0.30014999210834498 0.34236942231655126 -0.0038144999416545029
decision_type=2 10 8 8 10 8 10 8 8 2 2 10 8 10
left_child=3 5 7 6 -4 -2 11 10 -5 12 -3 -1 -9 -13
right_child=1 2 4 8 -6 -7 -8 9 -10 -11 -12 13 -14 -15
leaf_value=8.8313139064637172e-05 0.00012918962327691834 -0.00055061046508954434 -0.00087841425610040704 0.00024852666432627964 -0.0019206460494587759 -0.00054174055122093584 0.00023249984309066361 -0.0017374015654404314 -0.00047103863101678479 -0.00030196202859331019 6.3544411118028848e-05 0.0010712227306359718 -0.00034947309055245827 0.00048012087669266243
leaf_weight=8572 105776 28331 32279 77294 9748 21215 31709 8886 12429 8380 26136 46032 3368 17926
leaf_count=8572 105776 28331 32279 77294 9748 21215 31709 8886 12429 8380 26136 46032 3368 17926
internal_value=3.17335e-06 -0.00031959 -0.000684604 0.000409399 -0.00112036 1.70877e-05 0.000633666 -0.000440696 0.000148827 -0.000928241 -0.000255929 0.000809022 -0.00135623 0.000905601
internal_weight=438081 244119 117128 193962 42027 126991 104239 75101 89723 20634 54467 72530 12254 63958
internal_count=438081 244119 117128 193962 42027 126991 104239 75101 89723 20634 54467 72530 12254 63958
is_linear=0
shrinkage=0.03


Tree=2
num_leaves=15
num_cat=0
split_feature=45 79 30 9 24 15 13 19 79 12 9 24 54 9
split_gain=60.0589 39.6637 29.9543 17.165 8.82651 8.03944 6.93927 6.74457 5.54686 4.71131 4.61005 4.22164 4.15403 4.00666
threshold=-1.0000000180025095e-35 93.500000000000014 0.50084999203681957 0.030717999674379829 0.97214999794960033 0.093405000865459456 0.35321648418903356 0.37385000288486486 115.50000000000001 0.29671931266784674 0.0224347272887826 1.4745000004768374 0.0050373491831123838 0.045027889311313636
decision_type=2 8 10 10 10 8 8 10 8 10 10 8 2 10
left_child=2 3 7 10 -4 12 -3 8 11 -10 -2 -1 -5 -7
right_child=1 6 4 5 -6 13 -8 -9 9 -11 -12 -13 -14 -15
leaf_value=0.00035058745036266797 0.00034733159853059833 -0.0014243230245892912 0.0010631518750965575 -0.00042362779349951722 0.00032960376707145392 -0.00063683736641151074 -0.00053270640325330583 -0.00063700055621164194 0.0001129070154299766 -0.00089139213596567759 -4.8744434623557365e-05 -0.00018591459688290556 0.00010856735353825811 -0.0014275512044749116
leaf_weight=76280 42480 29005 54163 47116 20302 17578 10785 10299 9501 7534 70062 15959 18334 8592
leaf_count=76280 42480 29005 54163 47116 20302 17578 10785 10299 9501 7534 70062 15959 18334 8592
internal_value=-3.01212e-06 -0.000316316 0.000390883 -0.000147428 0.000863194 -0.000452288 -0.00118275 9.6724e-05 0.000165903 -0.000331392 0.000100767 0.000257758 -0.000274551 -0.000896664
internal_weight=437990 243952 194038 204162 74465 91620 39790 119573 109274 17035 112542 92239 65450 26170
internal_count=437990 243952 194038 204162 74465 91620 39790 119573 109274 17035 112542 92239 65450 26170
is_linear=0
shrinkage=0.03


Tree=3
num_leaves=15
num_cat=0
split_feature=79 18 56 30 13 9 43 43 9 65 51 61 48 9
split_gain=42.3862 24.2743 17.8412 16.0994 12.3136 7.74413 7.41641 6.34504 5.77829 5.66593 5.62798 5.42551 5.22617 4.86236
threshold=89.500000000000014 0.11765000224113466 0.0040301610715687284 0.54624998569488536 0.3449684232473374 0.035141693428158767 0.0079402159899473208 -1.0000000180025095e-35 0.030302379280328754 0.32318821549415594 0.33298915624618536 0.32264490425586706 -0.12740554660558698 0.024943460710346702
decision_type=8 8 2 10 8 10 2 2 10 10 10 2 10 10
left_child=1 2 3 10 7 -3 11 9 -9 -2 -1 -5 -6 -4
right_child=4 5 13 6 12 -7 -8 8 -10 -11 -12 -13 -14 -15
leaf_value=0.00024442305979332319 0.00058848399824244215 -7.3016205322095392e-05 0.00019255525210750302 0.0012463635891589101 0.00061636462524825876 -0.00089812453713023442 -4.8376686936166789e-05 -0.0006053840277047938 -0.0014189418977263051 -0.00077184000364463568 -0.00056600423411343984 0.00064487108453994632 -0.00040501715506225294 -0.00026008543379575909
leaf_weight=155052 3851 17717 31054 22833 6874 24248 8754 11787 23631 9657 8111 33057 13080 68390
leaf_count=155052 3851 17717 31054 22833 6874 24248 8754 11787 23631 9657 8111 33057 13080 68390
internal_value=1.95911e-06 0.000129416 0.000216526 0.000362875 -0.000681205 -0.000549826 0.00076353 -0.000937343 -0.00114832 -0.000383951 0.00020412 0.000890691 -5.30927e-05 -0.000118734
internal_weight=438096 369216 327251 227807 68880 41965 64644 48926 35418 13508 163163 55890 19954 99444
internal_count=438096 369216 327251 227807 68880 41965 64644 48926 35418 13508 163163 55890 19954 99444
is_linear=0
shrinkage=0.03


Tree=4
num_leaves=15
num_cat=0
split_feature=45 9 24 18 79 79 9 15 54 9 13 51 64 54
split_gain=55.2608 32.5056 22.1861 13.5839 12.0608 9.19194 6.02965 5.9133 5.40264 4.92532 4.17002 4.16286 4.1287 3.81231
threshold=-1.0000000180025095e-35 0.035141693428158767 0.95985001325607311 0.070284999907016768 77.500000000000014 124.50000000000001 0.021209612488746647 0.20185000449419024 0.0022229132009670143 0.048429565504193313 0.2500003874301911 0.33298915624618536 0.86927253007888805 0.0050057945773005494
decision_type=2 10 8 8 8 8 10 10 2 10 8 10 10 2
left_child=2 4 7 5 6 13 -2 10 -8 -5 -1 -4 -6 -3
right_child=1 3 11 9 12 -7 8 -9 -10 -11 -12 -13 -14 -15
leaf_value=0.00052522751188293206 0.00039393828849206063 -0.00047812551455007294 9.0582027244770223e-05 -0.0010059307606572968 -0.00056529666977931834 -0.0012795735523094798 -0.00030739364255165781 -0.00047557368479687044 0.00011817046315518352 -0.0017888908577430374 0.00092065821435834529 -0.0007652386650399386 -0.0017819191615996161 0.00015380215121031763
leaf_weight=46579 32877 26497 88519 21065 17761 10316 48044 3809 60845 11035 49579 5424 2921 12711
leaf_count=46579 32877 26497 88519 21065 17761 10316 48044 3809 60845 11035 49579 5424 2921 12711
internal_value=-5.89426e-06 -0.000306252 0.00037216 -0.000794648 -6.08346e-05 -0.00048299 3.79076e-05 0.000683224 -6.96024e-05 -0.00127533 0.000729149 4.11313e-05 -0.000737514 -0.000273265
internal_weight=437982 244072 193910 81624 162448 49524 141766 99967 108889 32100 96158 93943 20682 39208
internal_count=437982 244072 193910 81624 162448 49524 141766 99967 108889 32100 96158 93943 20682 39208
is_linear=0
shrinkage=0.03


Tree=5
num_leaves=15
num_cat=0
split_feature=45 79 30 9 15 3 19 9 58 20 9 20 79 46
split_gain=51.0457 30.4869 23.51 16.4077 8.54459 5.54372 5.31414 5.12104 5.1996 4.43756 4.28318 4.15662 4.26478 4.10367
threshold=-1.0000000180025095e-35 76.500000000000014 0.52684998512268078 0.027979902923107151 0.087464999407529845 -0.0064215001184493295 0.37385000288486486 0.026117227971553806 0.010608419310301544 -0.022175000049173828 0.036173895001411445 -0.27594999969005579 1.5000000000000002 0.68426716327667247
decision_type=2 8 10 10 8 10 10 10 2 10 10 8 8 10
left_child=2 3 6 -2 -5 -4 11 -3 9 -9 -6 -1 -13 -12
right_child=1 7 5 4 10 -7 -8 8 -10 -11 13 12 -14 -15
leaf_value=-0.00010899808364832702 0.00016785016544367079 -0.00037021791400228119 0.0010373000413854397 -0.00021311526616006707 -0.00038874252735956712 0.00041368193524578593 -0.00049634647909383941 -0.0016494926104183164 -0.00081134481067776426 0.00084506015824466771 -0.00089173616804772793 -0.00085858944090103637 0.0003318318410167533 -0.002093390635506859
leaf_weight=30441 89291 8799 42601 80189 13382 18371 10904 16418 17065 665 15056 2789 88897 3082
leaf_count=30441 89291 8799 42601 80189 13382 18371 10904 16418 17065 665 15056 2789 88897 3082
internal_value=-1.52091e-06 -0.00029035 0.000361663 -0.000135315 -0.000377638 0.000849452 0.000138071 -0.00101584 -0.00118212 -0.00155217 -0.000796093 0.000194732 0.000295576 -0.00109644
internal_weight=437950 243947 194003 201000 111709 60972 133031 42947 34148 17083 31520 122127 91686 18138
internal_count=437950 243947 194003 201000 111709 60972 133031 42947 34148 17083 31520 122127 91686 18138
is_linear=0
shrinkage=0.03


Tree=6
num_leaves=15
num_cat=0
split_feature=45 9 24 16 9 9 32 14 16 13 54 13 16 28
split_gain=50.5548 26.7158 21.0546 9.9462 8.22423 7.26931 6.32949 5.68489 5.39829 4.26034 4.02551 3.88079 3.8151 3.75683
threshold=-1.0000000180025095e-35 0.035141693428158767 0.9556500017642976 -0.10164999961853026 0.023654738441109661 0.04992284998297692 inf -0.074064999818801866 0.25695000588893896 0.55912363529205333 0.0035355814034119253 0.23961189389228824 0.53794997930526745 0.31845000386238104
decision_type=2 10 8 8 10 10 8 8 10 8 2 10 10 10
left_child=2 4 8 -3 -2 13 10 -7 9 -1 -6 -8 -4 -5
right_child=1 3 12 5 6 7 11 -9 -10 -11 -12 -13 -14 -15
leaf_value=0.00066619389949286272 0.00021719478840872839 -0.00012503637886613467 6.8883348311504758e-05 -0.0011339408433366659 -0.0002743290720199232 0.0002360363035934096 -0.0010945841363273698 -0.00169932445466834 4.9499842858916899e-05 0.0013078005845484296 0.00015475300558204108 -0.00026523917781591245 -0.0011685401002749407 -0.00055979183209627884
leaf_weight=77138 58315 18666 92675 14794 52134 1523 10724 13148 11389 10597 31603 9649 2293 33501
leaf_count=77138 58315 18666 92675 14794 52134 1523 10724 13148 11389 10597 31603 9649 2293 33501
internal_value=-3.17651e-06 -0.00029055 0.000358173 -0.000733279 -6.80258e-05 -0.000913565 -0.000227789 -0.0014984 0.000663998 0.00074376 -0.000112391 -0.000701954 3.89458e-05 -0.000735768
internal_weight=438149 244057 194092 81632 162425 62966 104110 14671 99124 87735 83737 20373 94968 48295
internal_count=438149 244057 194092 81632 162425 62966 104110 14671 99124 87735 83737 20373 94968 48295
is_linear=0
shrinkage=0.03


Tree=7
num_leaves=15
num_cat=0
split_feature=45 9 30 32 49 24 9 17 19 58 46 27 21 9
split_gain=49.1581 26.7016 24.2128 10.5913 7.15059 7.10905 6.76144 6.18994 5.08468 4.91763 4.70989 4.49372 5.15324 4.49329
threshold=-1.0000000180025095e-35 0.031792566180229194 0.55465000867843639 inf 0.74177810549736034 0.97214999794960033 0.0224347272887826 52.104999542236335 0.16565000265836718 0.011366534978151323 0.7494792938232423 22.335000038146976 0.57844999432563793 0.045027889311313636
decision_type=2 10 10 8 8 8 10 10 10 2 10 10 10 10
left_child=2 6 5 7 11 8 -2 -3 -1 -6 13 12 -5 -9
right_child=1 3 -4 4 9 -7 -8 10 -10 -11 -12 -13 -14 -15
leaf_value=0.00057630473200583141 0.00028631717929762781 -0.00016041296490877804 0.00095448282627895616 -0.0013877056226732957 -0.0010597653965946328 -1.8524066306681772e-05 -0.00015813903117033038 -0.00036982003138370833 5.8660207734574741e-06 0.00019030515900926909 -0.0015737971889910466 -0.00048705768532775851 -0.00279314619565578 -0.0011598838442924806
leaf_weight=45554 47044 36578 46323 14796 6068 81754 89220 24554 20343 5305 4906 3914 2795 8800
leaf_count=45554 47044 36578 46323 14796 6068 81754 89220 24554 20343 5305 4906 3914 2795 8800
internal_value=-3.33284e-07 -0.00028373 0.000356121 -0.000636709 -0.0010855 0.000168369 -4.68939e-06 -0.000439487 0.000400219 -0.000476836 -0.000706236 -0.00140721 -0.00161174 -0.00057841
internal_weight=437954 243980 193974 107716 32878 147651 136264 74838 65897 11373 38260 21505 17591 33354
internal_count=437954 243980 193974 107716 32878 147651 136264 74838 65897 11373 38260 21505 17591 33354
is_linear=0
shrinkage=0.03


Tree=8
num_leaves=15
num_cat=0
split_feature=45 79 24 9 18 68 18 46 64 13 13 60 9 48
split_gain=42.135 28.0991 17.8277 14.9176 8.02527 7.22956 6.31781 5.4805 4.45032 4.33204 4.27651 3.65035 3.53652 3.4222
threshold=-1.0000000180025095e-35 719.50000000000011 0.97615000605583202 0.036173895001411445 -0.042364999651908868 0.0016560437506996097 0.097194999456405654 0.58405086398124706 0.91946139931678783 0.52942556142807018 0.25266790390014654 0.3604127317667008 0.038824765011668212 0.60174873471260082
decision_type=2 8 8 10 8 2 10 10 10 8 8 2 10 8
left_child=2 3 6 5 -5 -2 9 -6 -7 11 13 -1 -8 -3
right_child=1 10 -4 4 7 8 12 -9 -10 -11 -12 -13 -14 -15
leaf_value=0.00085358623422585305 -0.00024926865141296407 -0.0016216855287316991 3.0019127803790854e-05 1.2213218427558016e-05 -0.00056583518634342658 0.00023588892268999265 0.00043818238655547119 -0.0013495918589626645 -0.00048349795886856728 0.0012175127808931767 -0.00072725674769050371 0.00043173876893302178 -0.00048692795913860806 -2.2101656921814076e-05
leaf_weight=32996 58694 14359 91094 17039 33327 88219 8661 10581 8479 12663 11600 41953 6510 1314
leaf_count=32996 58694 14359 91094 17039 33327 88219 8661 10581 8479 12663 11600 41953 6510 1314
internal_value=5.58308e-06 -0.000257062 0.000335602 -0.000142651 -0.000540409 1.33674e-05 0.000606418 -0.000754838 0.000172787 0.000704287 -0.00116441 0.0006175 4.11803e-05 -0.00148763
internal_weight=437489 243612 193877 216339 60947 155392 102783 43908 96698 87612 27273 74949 15171 15673
internal_count=437489 243612 193877 216339 60947 155392 102783 43908 96698 87612 27273 74949 15171 15673
is_linear=0
shrinkage=0.03


Tree=9
num_leaves=15
num_cat=0
split_feature=45 79 9 51 18 21 64 19 0 9 68 52 9 53
split_gain=44.2739 26.4393 15.7406 10.6219 8.66761 7.90791 6.88535 5.62565 5.21712 5.081 4.6426 4.61246 3.78474 4.03378
threshold=-1.0000000180025095e-35 719.50000000000011 0.036173895001411445 0.10196938365697862 0.054445000365376479 0.31794999539852148 0.92688494920730602 0.28945000469684606 -0.014847999904304741 0.021209612488746647 0.00061635897145606588 3.3056346178054814 0.025136461481451992 0.0036685916129499678
decision_type=2 8 10 10 8 8 10 8 10 10 2 10 10 2
left_child=3 2 6 5 -4 8 9 -5 -1 -2 -11 -6 -3 -14
right_child=1 12 4 7 11 -7 -8 -9 -10 10 -12 -13 13 -15
leaf_value=0.0009175064595424616 0.00038301271790210491 -0.00037386715367075229 -0.00026663645043874332 0.00018443335142336528 -0.00087900966526262953 0.00021438561687086723 -0.00068066086860664888 -0.00049590629064163766 0.0003085052177792806 -0.0003855755386316467 6.5011182821505105e-05 -0.0024433488272962937 -0.0014613228181136221 -0.0002030902189501888
leaf_weight=45019 32094 4601 34945 76489 24465 42062 12606 12759 17622 27259 83943 1820 20122 2590
leaf_count=45019 32094 4601 34945 76489 24465 42062 12606 12759 17622 27259 83943 1820 20122 2590
internal_value=-1.08305e-05 -0.000279373 -0.000168703 0.000327624 -0.000576262 0.00053259 -8.6222e-06 8.71489e-05 0.000746222 5.05199e-05 -4.54537e-05 -0.00098777 -0.00115898 -0.00131791
internal_weight=438396 244445 217132 193951 61230 104703 155902 89248 62641 143296 111202 26285 27313 22712
internal_count=438396 244445 217132 193951 61230 104703 155902 89248 62641 143296 111202 26285 27313 22712
is_linear=0
shrinkage=0.03


Tree=10
num_leaves=15
num_cat=0
split_feature=45 30 79 18 9 54 79 30 24 12 9 30 53 24
split_gain=37.9002 21.7357 20.8713 12.2889 7.4357 7.32929 6.30272 5.86019 4.86211 4.52818 4.09524 3.91054 3.81007 3.71997
threshold=0.00076083382009528588 0.50084999203681957 89.500000000000014 0.069205000996589675 0.044697599485516555 0.0015919189318083229 682.50000000000011 0.62954998016357433 1.4835000038146975 0.26331649720668798 0.037285197526216514 0.55594998598098766 0.0037573361769318585 0.75454998016357433
decision_type=2 10 8 8 10 2 8 10 8 10 10 10 2 10
left_child=1 6 3 5 -5 11 8 -3 -1 -4 -11 -2 -12 -8
right_child=2 7 9 4 -6 -7 13 -9 -10 10 12 -13 -14 -15
leaf_value=0.00021616459817540824 -0.00046546259175877358 0.0005406159034579837 -0.00057113764065454622 -0.00037646201185072785 -0.0013332395958765805 0.00015379121173276066 0.0001019015686651308 0.0011597512971781296 -0.00032015202327091398 -0.00084295657864388277 -0.0019543758602796708 0.00014152683584854261 -4.8176534677058495e-05 -0.00082866251920609693
leaf_weight=93605 35207 63487 18033 39654 8960 94043 6033 17570 18161 10907 7585 13106 1078 10755
leaf_count=93605 35207 63487 18033 39654 8960 94043 6033 17570 18161 10907 7585 13106 1078 10755
internal_value=-1.17299e-06 0.000290176 -0.000268353 -0.000141134 -0.000552924 -4.95603e-07 4.75903e-05 0.000674884 0.000129007 -0.000914338 -0.00123036 -0.000300805 -0.00171734 -0.000494321
internal_weight=438184 209611 228573 190970 48614 142356 128554 81057 111766 37603 19570 48313 8663 16788
internal_count=438184 209611 228573 190970 48614 142356 128554 81057 111766 37603 19570 48313 8663 16788
is_linear=0
shrinkage=0.03


Tree=11
num_leaves=15
num_cat=0
split_feature=79 64 70 21 57 24 12 64 3 47 9 49 63 14
split_gain=27.2742 17.569 13.0923 9.04089 8.58723 6.87923 4.99543 4.68973 4.5889 4.41052 4.29776 4.2672 4.06097 3.97491
threshold=707.50000000000011 0.73766434192657482 0.003690026700496674 0.28505000472068792 0.0035272758686915044 0.74685001373291027 0.52703115344047557 0.93086332082748424 -0.0014695000136271117 0.0093581448309123533 0.036471838131546981 0.24411582201719287 0.66225144267082225 -0.092149998992681489
decision_type=8 10 2 8 2 10 10 10 10 10 10 10 2 10
left_child=1 2 3 8 -3 9 13 -6 -1 11 -4 -2 -9 -7
right_child=5 4 10 -5 7 6 -8 12 -10 -11 -12 -13 -14 -15
leaf_value=0.00062538549724705972 0.0015565301732103441 -5.260138560577096e-05 1.2524658895694965e-05 0.00013255308876018959 -0.0003703971664826024 0.0010242198002484684 -0.0018278493538721029 -0.0015940421808056269 0.00016047613030717374 -0.00060398443423684094 -0.00049758447846156954 -8.0247230458559157e-05 -0.00048338524935000426 -0.00086760159855190223
leaf_weight=85480 1898 69665 51235 105215 21366 1043 5001 6804 24614 11480 20935 5809 5256 22028
leaf_count=85480 1898 69665 51235 105215 21366 1043 5001 6804 24614 11480 20935 5809 5256 22028
internal_value=1.13515e-05 9.37182e-05 0.000214208 0.000331419 -0.000242273 -0.000669303 -0.000968504 -0.000637513 0.000521457 -0.000231411 -0.000135471 0.000323589 -0.0011104 -0.000781872
internal_weight=437829 390570 287479 215309 103091 47259 28072 33426 110094 19187 72170 7707 12060 23071
internal_count=437829 390570 287479 215309 103091 47259 28072 33426 110094 19187 72170 7707 12060 23071
is_linear=0
shrinkage=0.03


Tree=12
num_leaves=15
num_cat=0
split_feature=79 18 70 13 24 57 51 43 60 65 70 21 58 21
split_gain=27.8442 18.193 13.2411 10.8266 9.49082 6.41681 6.13926 5.7713 4.72832 5.61339 3.94894 3.92221 3.59078 4.64925
threshold=83.500000000000014 0.094185002148151412 0.0058213365264236936 0.35616819560527807 0.9394499957561494 0.0033945011673495178 0.33298915624618536 5.6127801144612029e-05 0.3234668374061585 0.15113694965839389 -0.0045357577037066213 0.56975001096725475 0.011564563959836962 0.5263500213623048
decision_type=8 8 2 8 10 2 10 2 2 10 2 10 2 10
left_child=1 2 4 8 7 -3 -6 10 9 -2 -1 -5 13 -10
right_child=3 5 -4 11 6 -7 -8 -9 12 -11 -12 -13 -14 -15
leaf_value=0.0012214417578058248 0.0011837641703744987 -0.00018533714647456118 -0.00018730891606681433 0.00021974013340487258 0.0001593991053530797 -0.00088857211889841782 -0.00082433543856162694 0.00032924982980319826 -0.00098095555038255002 -0.00054714245672004755 0.00058622897756945035 -0.0010775717487456866 -0.00051731679544843301 -0.0021078680513692888
leaf_weight=11976 1942 45297 62960 16976 113517 15731 6007 78768 21126 12595 33356 2388 11546 3906
leaf_count=11976 1942 45297 62960 16976 113517 15731 6007 78768 21126 12595 33356 2388 11546 3906
internal_value=1.61987e-06 0.000106345 0.000200505 -0.000544583 0.000300731 -0.000366666 0.000109926 0.000484487 -0.000773419 -0.000315583 0.000754158 5.95167e-05 -0.000955306 -0.00115719
internal_weight=438091 367612 306584 70479 243624 61028 119524 124100 51115 14537 45332 19364 36578 25032
internal_count=438091 367612 306584 70479 243624 61028 119524 124100 51115 14537 45332 19364 36578 25032
is_linear=0
shrinkage=0.03


Tree=13
num_leaves=15
num_cat=0
split_feature=45 79 24 18 54 52 51 21 9 18 45 18 70 24
split_gain=35.2271 20.5754 15.9041 13.3097 5.92819 5.92303 5.43992 4.3964 4.31199 4.30278 4.22614 3.33015 3.29662 3.15163
threshold=-1.0000000180025095e-35 178.50000000000003 0.9556500017642976 0.070284999907016768 0.0022920132614672188 2.5356197357177739 0.10701298341155054 0.57844999432563793 0.050975680351257331 0.22354999929666522 -0.0033693531295284625 0.073614999651908888 -0.0037748841568827625 1.4835000038146975
decision_type=2 8 8 8 2 10 10 10 10 10 2 10 2 10
left_child=2 3 6 4 -2 8 10 -3 -5 13 12 -8 -1 -4
right_child=1 7 9 5 -6 -7 11 -9 -10 -11 -12 -13 -14 -15
leaf_value=0.0011974871915937744 -0.0001825051785618854 -0.00076712342652300548 0.00015661172518971703 -0.0003253263199110482 0.000189460190578905 -0.0014777206238009042 0.00044776734704405128 -0.0017691772351555481 -0.0012777139634790413 -0.0012818086154776202 0.00040988832109423704 -0.0002231857101580349 0.0006565859033123931 -0.00027015242607825174
leaf_weight=20467 69682 31358 72846 41996 86333 5329 28089 4507 4760 2179 21615 8722 20148 19804
leaf_count=20467 69682 31358 72846 41996 86333 5329 28089 4507 4760 2179 21615 8722 20148 19804
internal_value=1.01914e-05 -0.000229688 0.000312052 -0.000115303 2.33263e-05 -0.000530514 0.000577921 -0.000893276 -0.000422411 3.4359e-05 0.000748918 0.000288783 0.000929275 6.53809e-05
internal_weight=437835 243965 193870 208100 156015 52085 99041 35865 46756 94829 62230 36811 40615 92650
internal_count=437835 243965 193870 208100 156015 52085 99041 35865 46756 94829 62230 36811 40615 92650
is_linear=0
shrinkage=0.03


Tree=14
num_leaves=15
num_cat=0
split_feature=45 79 24 9 17 13 68 46 51 51 19 55 45 24
split_gain=31.8782 20.1165 13.7528 11.3318 6.36966 5.97305 5.35902 4.64768 4.58469 4.56172 3.75392 3.53209 3.01362 3.14561
threshold=-1.0000000180025095e-35 89.500000000000014 0.9556500017642976 0.03632068075239659 51.715000152587898 0.2500003874301911 0.0016560437506996097 0.6752307415008546 0.33298915624618536 0.10196938365697862 0.16324999928474429 0.39678226411342626 -0.003592345397919416 0.62555000185966503
decision_type=2 8 8 10 8 8 2 10 10 10 10 2 2 10
left_child=2 3 9 6 -5 -3 -2 -6 -4 12 -11 -8 13 -1
right_child=1 5 8 4 7 -7 11 -9 -10 10 -12 -13 -14 -15
leaf_value=0.0011858198602585097 -0.0002098753739853313 -0.0011678771992960828 7.2253919440507848e-05 -0.00014121365818584551 -0.00061900607624565081 -0.00043117727001448168 -0.00018777720091882989 -0.0016354268780468947 -0.00082467331492830441 0.00046189162887482008 -0.00018306736915951641 0.00025931528904800648 0.00041409670082919191 0.00062703903034213681
leaf_weight=15313 56417 22814 89460 25652 23920 17518 20384 4873 5436 28124 11416 72288 22249 22284
leaf_count=15313 56417 22814 89460 25652 23920 17518 20384 4873 5436 28124 11416 72288 22249 22284
internal_value=-7.54212e-06 -0.000235941 0.000279147 -0.000114641 -0.00048504 -0.000847988 2.06346e-05 -0.000791282 2.08338e-05 0.000525777 0.000275679 0.000160969 0.000690979 0.000854754
internal_weight=438148 243866 194282 203534 54445 40332 149089 28793 94896 99386 39540 92672 59846 37597
internal_count=438148 243866 194282 203534 54445 40332 149089 28793 94896 99386 39540 92672 59846 37597
is_linear=0
shrinkage=0.03


Tree=15
num_leaves=15
num_cat=0
split_feature=45 9 30 79 14 24 54 18 79 18 64 20 58 22
split_gain=31.0347 18.52 17.967 13.1834 9.01262 6.97971 6.03725 4.20798 4.10622 4.01892 3.89379 3.53681 3.73449 3.44634
threshold=0.00046247744467109447 0.025136461481451992 0.55465000867843639 178.50000000000003 0.10105000063776971 0.83875000476837169 0.0034541763598099355 0.065044999122619643 605.50000000000011 0.09271500259637834 0.92323201894760143 -0.023164999671280381 0.010754392948001625 0.16104999929666522
decision_type=2 8 10 8 8 8 2 10 8 10 10 10 2 8
left_child=2 13 5 4 6 9 10 -8 -7 -1 -3 12 -5 -2
right_child=1 3 -4 11 -6 8 7 -9 -10 -11 -12 -13 -14 -15
leaf_value=0.00055144197022197184 -0.00031769038031698833 -0.00032779113563401673 0.00077528909891612504 -0.0013799568620048231 -0.0012685976627314795 5.5644734617041743e-05 0.00017774730318770993 -0.00038716017653336898 -0.000492316409842917 -0.00013873078129252999 -0.0010583994083232275 0.00064130669310733586 -0.00067186849388299835 0.00027544469112897042
leaf_weight=38980 10387 64730 49416 14849 7809 92324 40238 16826 14196 9428 7303 1143 12249 58168
leaf_count=38980 10387 64730 49416 14849 7809 92324 40238 16826 14196 9428 7303 1143 12249 58168
internal_value=7.18641e-06 -0.000228932 0.000277227 -0.000400995 -0.000279235 0.000118345 -0.000219342 1.11583e-05 -1.74021e-05 0.000417023 -0.000401932 -0.000991104 -0.00106007 0.00018556
internal_weight=438046 233702 204344 165147 136906 154928 129097 57064 106520 48408 72033 28241 27098 68555
internal_count=438046 233702 204344 165147 136906 154928 129097 57064 106520 48408 72033 28241 27098 68555
is_linear=0
shrinkage=0.03


Tree=16
num_leaves=15
num_cat=0
split_feature=45 79 24 9 18 51 54 18 51 57 68 9 50 9
split_gain=27.9815 19.4004 13.3577 11.9593 7.58164 5.71296 5.06274 4.79919 4.42015 4.22604 3.20891 3.20313 3.1642 3.57556
threshold=-1.0000000180025095e-35 625.50000000000011 0.9556500017642976 0.02788180019706488 0.066054999828338637 0.39874336123466497 0.0032206589821726088 0.18714999407529834 0.33298915624618536 0.0020081768743693833 0.0011424621334299447 0.04940054006874562 -0.011572268791496752 0.053681600838899619
decision_type=2 8 8 10 8 10 2 10 10 2 2 10 2 10
left_child=2 3 7 10 6 11 -5 9 12 -1 -2 -6 -4 -14
right_child=1 -3 8 4 5 -7 -8 -9 -10 -11 -12 -13 13 -15
leaf_value=0.0006658756392790543 -0.00011237294049283926 -0.0009504148533480654 0.001117023881774549 -0.0003698551873962785 -0.00039853662256960325 -0.0017078046793217504 0.00010442807013056578 -0.00059452732854521585 -0.00081367215882886194 0.00020369496821037408 0.00026436045216356971 -0.0011393556108506169 8.7031943760335033e-05 -0.00068282587621911199
leaf_weight=72405 30168 28342 2499 41970 31191 4059 39144 3397 5455 23619 62496 6315 80740 5816
leaf_count=72405 30168 28342 2499 41970 31191 4059 39144 3397 5455 23619 62496 6315 80740 5816
internal_value=1.35494e-06 -0.000212646 0.000270257 -0.000115526 -0.000309824 -0.000639259 -0.000140983 0.000513 1.4887e-05 0.00055221 0.00014171 -0.000523406 6.56826e-05 3.52661e-05
internal_weight=437616 243685 193931 215343 122679 41565 81114 99421 94510 96024 92664 37506 89055 86556
internal_count=437616 243685 193931 215343 122679 41565 81114 99421 94510 96024 92664 37506 89055 86556
is_linear=0
shrinkage=0.03


Tree=17
num_leaves=15
num_cat=0
split_feature=45 9 30 17 79 9 68 30 26 60 10 79 18 20
split_gain=30.7004 19.1816 17.0271 9.1778 6.15886 5.92941 5.26189 4.15916 4.15813 3.53027 3.36234 3.20703 3.15034 3.04676
threshold=-1.0000000180025095e-35 0.032965738326311118 0.49664999544620519 43.385000228881843 70.500000000000014 0.04992284998297692 0.0016560437506996097 0.62954998016357433 0.20015000551939013 0.91116303205490123 -0.040222574025392525 76.500000000000014 0.20255000144243243 -0.082094997167587266
decision_type=2 10 10 8 8 10 2 10 10 2 8 8 10 8
left_child=2 4 9 11 6 8 -2 -4 -5 10 -1 -3 -12 -6
right_child=1 3 7 5 13 -7 -8 -9 -10 -11 12 -13 -14 -15
leaf_value=0.0009551977671852207 -0.00016720529914421859 0.00017542129519782551 0.00052139484064864445 -0.00068030583035630604 -0.00072745363155382451 -0.0012163620460400267 0.00023019003250131874 0.001065338631280485 -2.6417927469013934e-05 -0.00068842732596980207 9.660611563662269e-05 -0.00068994463508675939 -0.00076083534573312081 0.00010747184874763869
leaf_weight=3952 48830 17750 60948 49068 14121 15856 77695 15971 10653 5404 104013 4918 4000 5450
leaf_count=3952 48830 17750 60948 49068 14121 15856 77695 15971 10653 5404 104013 4918 4000 5450
internal_value=6.03623e-06 -0.000217767 0.000287494 -0.000541892 2.09059e-07 -0.000700682 7.68221e-05 0.000634398 -0.000563678 6.01295e-05 9.62878e-05 -1.24374e-05 6.48191e-05 -0.000494981
internal_weight=438629 244341 194288 98245 146096 75577 126525 76919 59721 117369 111965 22668 108013 19571
internal_count=438629 244341 194288 98245 146096 75577 126525 76919 59721 117369 111965 22668 108013 19571
is_linear=0
shrinkage=0.03


Tree=18
num_leaves=15
num_cat=0
split_feature=79 30 64 65 21 48 18 61 57 12 11 64 51 57
split_gain=21.4306 15.3346 9.65896 6.81613 6.50552 5.90811 5.68835 5.55474 4.66535 4.42715 8.30624 3.95101 3.9335 3.53259
threshold=168.50000000000003 0.55465000867843639 0.63597410917282116 0.015523958485573532 0.56975001096725475 -0.1591367572546005 0.070284999907016768 0.58079707622528087 0.0028714564396068458 0.25925962626934057 -0.41661293804645533 0.91182947158813488 0.33298915624618536 0.0018541902536526325
decision_type=8 10 10 10 10 10 8 2 2 8 10 10 10 2
left_child=1 2 7 -2 9 8 -4 -1 -3 10 -5 -12 -8 -7
right_child=3 5 6 4 -6 13 12 -9 -10 -11 11 -13 -14 -15
leaf_value=0.00025201680426335788 0.0014138717646035729 0.0010248191559985528 -0.00010255441249814649 -0.00066741489571958831 -0.0013599144368914707 0.00038370393696845497 -0.00038822531697687071 -0.000100224874190003 0.00025110824042893132 -0.00071177632256117038 0.00067254608203801657 -0.00082941386386923839 -0.0011615497185944032 -0.00015116480987342526
leaf_weight=106396 1595 20437 81850 13402 8121 43757 25429 64847 10684 27250 9714 1877 7715 14893
leaf_count=106396 1595 20437 81850 13402 8121 43757 25429 64847 10684 27250 9714 1877 7715 14893
internal_value=-2.0737e-06 8.31147e-05 -2.41782e-05 -0.000519018 -0.000570204 0.000425203 -0.000236836 0.000118629 0.000759283 -0.000447328 -0.000158913 0.000429072 -0.000568382 0.000247883
internal_weight=437967 376008 286237 61959 60364 89771 114994 171243 31121 52243 24993 11591 33144 58650
internal_count=437967 376008 286237 61959 60364 89771 114994 171243 31121 52243 24993 11591 33144 58650
is_linear=0
shrinkage=0.03


Tree=19
num_leaves=15
num_cat=0
split_feature=45 9 24 32 58 51 14 64 18 61 3 51 22 9
split_gain=24.5196 16.193 11.4069 9.09975 5.52463 4.92301 5.0106 4.90224 4.01232 3.57095 3.53078 3.78813 3.12661 3.11257
threshold=-0.0015368394088000057 0.02484267391264439 0.9150499999523164 inf 0.010240307077765467 0.33298915624618536 -0.051784999668598168 0.88505318760871898 0.13784999400377276 0.77644667029380809 -0.00108750001527369 0.078799750655889525 0.17445000261068347 0.030824662186205391
decision_type=2 10 8 8 2 10 8 10 10 2 10 10 8 10
left_child=2 12 8 7 -5 13 -7 9 10 -3 11 -1 -2 -4
right_child=1 3 5 4 -6 6 -8 -9 -10 -11 -12 -13 -14 -15
leaf_value=0.0009610243611689205 -0.00024142623119110591 -2.1717314609964127e-05 0.00030455213490897248 -0.0010712937776049861 -0.00041722201166895359 0.0010127562964285478 -0.0012428988741922684 -0.00065462295139437549 -0.00019086926903974641 -0.00037196148365730813 0.00013448131603056276 0.00048834611670242709 0.00026885394725212222 -5.8382030501007405e-05
leaf_weight=27858 12896 83045 40602 19373 29068 1098 4523 18648 6076 38269 11748 33783 66595 44650
leaf_count=27858 12896 83045 40602 19373 29068 1098 4523 18648 6076 38269 11748 33783 66595 44650
internal_value=5.92628e-06 -0.00017301 0.000287339 -0.000324509 -0.000678888 5.77601e-05 -0.000801773 -0.000201839 0.000549857 -0.000132214 0.000611192 0.000702029 0.00018606 0.000114476
internal_weight=438232 267894 170338 188403 48441 90873 5621 139962 79465 121314 73389 61641 79491 85252
internal_count=438232 267894 170338 188403 48441 90873 5621 139962 79465 121314 73389 61641 79491 85252
is_linear=0
shrinkage=0.03


Tree=20
num_leaves=15
num_cat=0
split_feature=45 30 79 64 15 13 63 5 13 24 54 19 11 30
split_gain=22.6546 15.9368 15.3776 8.34681 6.15232 5.0377 4.96068 4.61403 4.64609 4.47782 4.44055 3.94588 3.47742 3.22817
threshold=0.00076083382009528588 0.51725000143051159 76.500000000000014 0.92688494920730602 0.12564999610185626 0.35321648418903356 0.15766700357198718 0.32738099992275244 0.3449684232473374 1.4745000004768374 0.0026980614056810741 0.29954999685287481 0.52285581827163707 0.56874999403953563
decision_type=2 10 8 10 8 8 2 10 8 10 2 10 10 10
left_child=1 9 3 4 10 12 -5 8 -3 11 13 -1 -4 -2
right_child=2 7 5 6 -6 -7 -8 -9 -10 -11 -12 -13 -14 -15
leaf_value=0.00016529532763282206 -0.0002506571525583139 0.00050662483634450733 -0.0011245464128453086 -0.0018898278640604917 -0.00051195964318210109 -0.0002001414851470196 -0.00050817509807013744 0.00018928696798024199 0.0010919408309803245 -0.00037825031990790968 0.00018630415170625439 -0.00036019447206893916 -0.00031781614952227657 0.00022522189445431726
leaf_weight=102147 55433 32582 23014 2793 21651 10918 14297 19928 19529 20831 77726 14708 6085 16688
leaf_count=102147 55433 32582 23014 2793 21651 10918 14297 19928 19529 20831 77726 14708 6085 16688
internal_value=-9.09814e-06 0.000216073 -0.000215673 -0.000102323 -3.93095e-05 -0.000749777 -0.000734464 0.000577597 0.00072606 2.69043e-05 2.89973e-05 9.91418e-05 -0.000955932 -0.000140536
internal_weight=438330 209725 228605 188588 171498 40017 17090 72039 52111 137686 149847 116855 29099 72121
internal_count=438330 209725 228605 188588 171498 40017 17090 72039 52111 137686 149847 116855 29099 72121
is_linear=0
shrinkage=0.03


Tree=21
num_leaves=15
num_cat=0
split_feature=9 64 79 61 53 48 60 12 43 53 9 43 43 30
split_gain=21.2216 9.31413 7.82241 7.44802 5.37542 5.32475 4.98934 4.95009 4.20142 4.13015 4.08008 3.95238 3.67926 3.61079
threshold=0.036019319668412215 0.83488404750823986 707.50000000000011 0.3976902067661286 0.0037573361769318585 -0.19919814914464948 0.84240189194679271 0.31513157486915594 0.0030669466359540824 0.0037573361769318585 0.023252974264323715 0.0085394056513905543 -0.0028035818831995125 0.58744999766349804
decision_type=10 10 8 2 2 10 2 10 2 2 10 2 2 10
left_child=1 3 5 8 7 11 -3 12 13 -7 -5 -2 -4 -1
right_child=2 6 4 10 -6 9 -8 -9 -10 -11 -12 -13 -14 -15
leaf_value=0.00046620715048749107 0.00037264011606494079 -6.1398930934339379e-05 0.00046379124716318734 0.00028392574832536714 0.00056655206388536575 -0.00042411102359199497 -0.00074571371387768478 -0.0014865411369556878 0.00019543667014725711 0.00017764130746089344 -3.6783952746521037e-05 -0.00043248361795795965 -0.00082846148030363373 0.0010915584039892267
leaf_weight=43929 19699 34080 2484 54717 2288 69677 13339 9232 46315 12036 102711 7601 9771 10250
leaf_count=43929 19699 34080 2484 54717 2288 69677 13339 9232 46315 12036 102711 7601 9771 10250
internal_value=-5.235e-06 0.000132453 -0.000321837 0.000203498 -0.000814833 -0.000214285 -0.000253956 -0.000962025 0.000405267 -0.00033547 7.46901e-05 0.000148435 -0.000566449 0.000584606
internal_weight=438129 305341 132788 257922 23775 109013 47419 21487 100494 81713 157428 27300 12255 54179
internal_count=438129 305341 132788 257922 23775 109013 47419 21487 100494 81713 157428 27300 12255 54179
is_linear=0
shrinkage=0.03


Tree=22
num_leaves=15
num_cat=0
split_feature=45 30 79 18 13 52 54 3 20 60 74 58 50 20
split_gain=22.2403 14.5042 13.5873 8.62816 5.09485 4.74025 4.68464 4.53766 4.40002 3.8492 3.71657 3.70919 3.5138 3.42866
threshold=0.00076083382009528588 0.50084999203681957 87.500000000000014 0.070284999907016768 0.35321648418903356 3.3056346178054814 0.0014546829625032844 -0.0064215001184493295 -0.31845000386238093 0.91116303205490123 1.0000000180025095e-35 0.011618357151746752 -0.017546268180012699 -0.023164999671280381
decision_type=2 10 8 8 8 10 2 10 10 2 2 2 2 8
left_child=1 9 3 6 11 10 -2 8 -3 12 -5 13 -1 -4
right_child=2 7 4 5 -6 -7 -8 -9 -10 -11 -12 -13 -14 -15
leaf_value=0.0019885031658117727 -0.00023554654165149465 -0.00021842486168657864 -0.0013228922396115773 -0.00042888567264803823 -0.00015726167760688492 -0.0015387640089095701 0.00013183015153451412 0.00020061895278844307 0.00076433586374086127 -0.00071643663771832962 0.00089160230325341632 -0.00038993119134419422 4.6086305012028674e-05 -0.00020292116751880054
leaf_weight=839 46092 4453 16778 42678 10353 3351 96913 25123 51457 6033 2004 7935 121560 2885
leaf_count=839 46092 4453 16778 42678 10353 3351 96913 25123 51457 6033 2004 7935 121560 2885
internal_value=-2.09182e-06 0.000221304 -0.000206441 -0.000103434 -0.000724879 -0.000451288 1.34167e-05 0.000535572 0.000686051 2.30069e-05 -0.000369568 -0.000937746 5.94815e-05 -0.00115866
internal_weight=438454 209465 228989 191038 37951 48033 143005 81033 55910 128432 44682 27598 122399 19663
internal_count=438454 209465 228989 191038 37951 48033 143005 81033 55910 128432 44682 27598 122399 19663
is_linear=0
shrinkage=0.03


Tree=23
num_leaves=15
num_cat=0
split_feature=9 51 17 30 12 70 71 20 61 51 63 26 26 79
split_gain=17.2775 9.77304 9.11608 7.38159 6.10802 5.04462 5.04146 4.30341 3.96955 3.52675 4.41627 3.94724 3.45256 3.43592
threshold=0.03632068075239659 0.23177342116832736 37.604999542236335 0.58254998922348034 0.49999947845935827 0.0035098956432193522 -0.0012697583297267554 -0.27594999969005579 0.73374596238136303 0.55140370130538952 0.7223356068134309 0.1284499987959862 0.15335000306367877 75.500000000000014
decision_type=10 10 8 10 10 2 2 8 2 10 2 10 8 8
left_child=1 3 -2 7 6 -5 -4 -1 -9 11 -11 -8 -6 -3
right_child=2 13 4 5 12 -7 9 8 -10 10 -12 -13 -14 -15
leaf_value=-0.00018630638071205928 0.00036045453247249932 -0.00020038808574200008 2.4161724113045097e-05 0.00068375191245773623 -0.0012162338954734022 2.7521535318670281e-05 -0.00066734394925700539 0.00025339465488896689 -8.4129607223363084e-05 -0.0025291352016492108 -0.00014012175737958276 -0.00016518508477592596 -0.00042291392636248062 -0.0010429478621358167
leaf_weight=35063 17240 35345 32364 39761 10892 14347 25441 138707 40518 1574 1247 31573 9042 4964
leaf_count=35063 17240 35345 32364 39761 10892 14347 25441 138707 40518 1574 1247 31573 9042 4964
internal_value=9.30779e-06 0.000131273 -0.000281715 0.000196688 -0.000380457 0.000509768 -0.000277475 0.000117625 0.000177089 -0.000440615 -0.00147521 -0.000389299 -0.000856583 -0.000304265
internal_weight=438078 308705 129373 268396 112133 54108 92199 214288 179225 59835 2821 57014 19934 40309
internal_count=438078 308705 129373 268396 112133 54108 92199 214288 179225 59835 2821 57014 19934 40309
is_linear=0
shrinkage=0.03


Tree=24
num_leaves=15
num_cat=0
split_feature=45 9 30 18 9 60 32 24 9 7 16 51 13 27
split_gain=18.0514 13.4258 12.9406 6.76615 5.68874 4.3266 3.74631 3.49015 3.41214 3.17012 3.11918 3.28333 2.98937 2.89662
threshold=-1.0000000180025095e-35 0.03632068075239659 0.53224998712539684 -0.058904999867081635 0.021673553623259071 0.572839915752411 -0.055749999359250062 0.77095001935958873 0.050975680351257331 0.35416649281978613 0.53794997930526745 0.32374548912048345 0.41666693985462194 21.420000076293949
decision_type=2 10 10 8 10 2 10 10 10 10 10 10 8 10
left_child=2 4 5 -3 -2 7 -6 -1 13 12 11 -7 -4 -5
right_child=1 3 9 8 6 10 -8 -9 -10 -11 -12 -13 -14 -15
leaf_value=0.00048745423629928083 0.00028670819267253005 1.8097922370159461e-05 0.00055070870116582767 -0.00065178987029383109 -0.00040894819518456964 -6.9750462471561387e-05 -3.0812930547800364e-05 6.5108044307667277e-05 -0.0010835896942483067 0.00013698125511750681 -0.0015354145062715333 -0.001145196618881648 0.0010846306864131558 -1.6858988397197902e-05
leaf_weight=23924 40372 16903 33764 35522 30963 41182 98851 66688 13423 11136 1478 2719 13110 7906
leaf_count=23924 40372 16903 33764 35522 30963 41182 98851 66688 13423 11136 1478 2719 13110 7906
internal_value=9.52698e-07 -0.000170809 0.000216927 -0.000508873 -2.429e-05 5.68928e-05 -0.000121017 0.00017664 -0.00066554 0.000592052 -0.000182208 -0.000136481 0.000700139 -0.000536217
internal_weight=437941 243940 194001 73754 170186 135991 129814 90612 56851 58010 45379 43901 46874 43428
internal_count=437941 243940 194001 73754 170186 135991 129814 90612 56851 58010 45379 43901 46874 43428
is_linear=0
shrinkage=0.03


Tree=25
num_leaves=15
num_cat=0
split_feature=45 30 79 18 54 23 24 63 53 10 68 21 74 19
split_gain=18.4841 14.5811 13.5781 9.35508 4.91102 4.13924 4.10119 3.96382 3.4779 3.64613 3.72295 3.37729 3.28435 3.2203
threshold=-1.0000000180025095e-35 0.54624998569488536 864.50000000000011 0.069205000996589675 0.0030274596065282826 2.4214999675750737 1.0314999818801882 0.18939703702926639 0.0053096816409379253 -0.0062675278168171636 0.012011846061795952 0.16025000065565112 1.0000000180025095e-35 0.5035499930381776
decision_type=2 10 8 8 2 10 10 2 2 8 2 10 2 10
left_child=1 5 3 4 -2 6 -1 -5 9 10 -4 -11 -9 -7
right_child=2 -3 8 7 -6 13 -8 12 -10 11 -12 -13 -14 -15
leaf_value=0.00022761485331365089 -0.00014156690477370618 0.00064571100549784273 -0.0015631384578844118 -0.0011384259572723269 0.00018980559838887681 -0.00068370458175475064 -9.6433944731877895e-05 -0.00040177875581183796 0.00064872625374643833 0.00020179646590301288 0.0012473679724448092 -0.00087448095886673814 0.00077239887024287775 -0.0036382526336925566
leaf_weight=74360 88234 50924 8110 6462 74009 1712 66654 47420 1342 3327 444 12384 2241 408
leaf_count=74360 88234 50924 8110 6462 74009 1712 66654 47420 1342 3327 444 12384 2241 408
internal_value=-8.74458e-06 0.000209763 -0.000182548 -0.000105899 9.59364e-06 5.46453e-05 7.44466e-05 -0.00043974 -0.000836035 -0.000918268 -0.00141661 -0.000646574 -0.00034872 -0.00125954
internal_weight=438031 194058 243973 218366 162243 143134 141014 56123 25607 24265 8554 15711 49661 2120
internal_count=438031 194058 243973 218366 162243 143134 141014 56123 25607 24265 8554 15711 49661 2120
is_linear=0
shrinkage=0.03


Tree=26
num_leaves=15
num_cat=0
split_feature=45 30 9 18 79 18 26 12 56 68 55 23 64 55
split_gain=17.2982 12.9574 11.2698 5.72427 5.62702 4.95203 4.67689 4.20518 4.13164 4.3164 3.65783 3.58006 3.45588 3.23897
threshold=0.0021605730289593343 0.55185002088546764 0.03632068075239659 -0.058904999867081635 72.500000000000014 0.20255000144243243 0.18534999340772632 0.45025524497032171 -0.0093985595740377886 0.0016560437506996097 0.31058230996131903 1.29449999332428 0.86927253007888805 0.68692570924758922
decision_type=2 10 10 8 8 10 10 10 2 2 2 10 10 2
left_child=1 5 4 -4 8 7 13 -1 -2 -10 -8 -7 -6 -5
right_child=2 -3 3 6 12 11 10 -9 9 -11 -12 -13 -14 -15
leaf_value=0.00015521010447375625 -0.001327588316352964 0.00056129098074639142 -1.4119392521188473e-05 -0.00093568146547842485 -0.00034266632172370761 0.00021951687276584487 -0.0018628258981546976 -0.00021074311891601511 -0.00018887775993349352 0.00019028477794509071 -4.8203600013331283e-05 -0.0013731369847591957 -0.0014227238423660811 0.00011651330001066254
leaf_weight=134044 1977 59513 15182 33844 15802 1933 1084 35805 42239 74985 12203 3693 3204 2854
leaf_count=134044 1977 59513 15182 33844 15802 1933 1084 35805 42239 74985 12203 3693 3204 2854
internal_value=3.46836e-06 0.000178786 -0.000199102 -0.000524309 -4.57473e-05 4.90461e-05 -0.000679253 7.80614e-05 3.06966e-05 5.366e-05 -0.000196892 -0.000826219 -0.000525067 -0.000853848
internal_weight=438362 234988 203374 65167 138207 175475 49985 169849 119201 117224 13287 5626 19006 36698
internal_count=438362 234988 203374 65167 138207 175475 49985 169849 119201 117224 13287 5626 19006 36698
is_linear=0
shrinkage=0.03


Tree=27
num_leaves=15
num_cat=0
split_feature=45 30 79 18 54 52 5 51 11 20 64 13 65 11
split_gain=16.2905 11.1407 10.0634 7.11447 4.70859 4.54028 4.15108 3.95358 3.90745 3.50876 3.82643 3.24557 3.18594 2.84421
threshold=-1.0000000180025095e-35 0.50084999203681957 93.500000000000014 0.070284999907016768 0.0032206589821726088 2.5356197357177739 0.32738099992275244 0.32374548912048345 -0.046075679361820214 -0.022175000049173828 0.88100481033325206 0.40360656380653387 0.71600133180618297 0.1955107003450394
decision_type=2 10 8 8 2 10 10 10 8 8 10 10 8 8
left_child=1 7 3 4 -2 -5 11 -1 -4 10 -10 13 -12 -3
right_child=2 6 8 5 -6 -7 -8 -9 9 -11 12 -13 -14 -15
leaf_value=6.0153183788560425e-05 -0.0001309705564607138 0.00025642545306173376 -0.00088565631133348066 -0.00029995508695344588 0.00020495482922241196 -0.0012334912269084579 0.00012790323227266319 -0.00064324475990015903 -0.00022761034946524371 0.00062148101519427608 -0.002242317033756647 0.00098736969814552543 -0.0003725741311370689 0.00078590419635446711
leaf_weight=111817 87300 22347 21399 45695 65894 5221 21305 7681 11948 3150 1777 15595 1524 15443
leaf_count=111817 87300 22347 21399 45695 65894 5221 21305 7681 11948 3150 1777 15595 1524 15443
internal_value=-1.04561e-05 0.000194566 -0.000173686 -8.85885e-05 1.35245e-05 -0.000395793 0.000481971 1.49157e-05 -0.000610052 -0.000289357 -0.000477652 0.000623248 -0.00138097 0.000472874
internal_weight=438096 194188 243908 204110 153194 50916 74690 119498 39798 18399 15249 53385 3301 37790
internal_count=438096 194188 243908 204110 153194 50916 74690 119498 39798 18399 15249 53385 3301 37790
is_linear=0
shrinkage=0.03


Tree=28
num_leaves=15
num_cat=0
split_feature=45 30 9 58 60 53 66 12 9 60 53 9 56 61
split_gain=17.3521 11.487 10.8872 6.55373 4.5142 4.19252 4.14173 3.5363 3.41687 3.05722 2.80971 3.0004 2.75573 2.71993
threshold=0.00076083382009528588 0.53224998712539684 0.035427151247859008 0.010848696809262039 0.91116303205490123 -0.0024763711262494321 0.88382789492607128 0.53133252263069164 0.023252974264323715 0.74892240762710582 0.0037573361769318585 0.06405911967158319 -0.016187898814678189 0.29867191612720495
decision_type=2 10 10 2 2 2 8 10 10 2 2 10 2 2
left_child=1 4 5 10 7 -2 -5 -1 -7 13 11 -4 -10 -3
right_child=2 9 3 6 -6 8 -8 -9 12 -11 -12 -13 -14 -15
leaf_value=0.00014227203490772714 -0.00038916782407667116 0.00089204366204031029 -0.00079235284613957872 -7.524472377213283e-05 -0.00070640073716706777 0.00025366577930543781 -0.0008400964822343278 -0.00030172297838436304 -0.0025108621365946913 9.0194456457368021e-05 0.0001666313132883358 -0.0021195978250317139 -6.6086459978631807e-05 0.00044852600027471204
leaf_weight=120242 25747 20962 30625 33053 6842 41570 7889 18644 412 11629 2596 1611 84849 30672
leaf_count=120242 25747 20962 30625 33053 6842 41570 7889 18644 412 11629 2596 1611 84849 30672
internal_value=-5.38417e-06 0.00019214 -0.000186161 -0.000480091 4.55918e-05 -4.01776e-05 -0.000222706 8.26616e-05 3.06808e-05 0.000529687 -0.000782548 -0.000859001 -7.80467e-05 0.000628651
internal_weight=437343 208991 228352 75774 145728 152578 40942 138886 126831 63263 34832 32236 85261 51634
internal_count=437343 208991 228352 75774 145728 152578 40942 138886 126831 63263 34832 32236 85261 51634
is_linear=0
shrinkage=0.03


Tree=29
num_leaves=15
num_cat=0
split_feature=79 30 51 70 70 57 18 11 10 71 18 20 49 59
split_gain=13.9272 9.60967 7.09098 6.03516 4.3401 4.40881 4.64666 4.22159 4.07651 3.92756 3.84086 3.72727 3.19867 3.15615
threshold=719.50000000000011 0.55465000867843639 0.33298915624618536 0.003967616707086564 0.0058213365264236936 -0.00052998081082478155 0.11545000225305559 0.29584012925624853 0.0084889242425560969 0.0046685105189681062 0.09571500122547151 -0.023164999671280381 0.12215182557702066 2.8440955877304082
decision_type=8 10 10 2 2 2 8 8 10 2 10 8 10 10
left_child=1 2 4 9 5 -1 -7 10 -4 -3 12 -9 -2 -5
right_child=7 3 8 13 -6 6 -8 11 -10 -11 -12 -13 -14 -15
leaf_value=0.00023932267881965176 0.00023363436953790517 0.00057477436622786564 -0.00013916693033089606 4.8146721187971283e-05 -0.00021964906833436707 3.7639399866556604e-05 -0.00049154453405226065 -0.00029827609661321004 -0.00093776158989486913 -3.3954005766395493e-05 -0.0014025207971379604 0.0009298462692904026 -0.00064960465001812832 -0.0010193752552894028
leaf_weight=91323 4319 56947 11837 22248 54272 111676 17234 9327 11191 11458 5229 2915 25254 2802
leaf_count=91323 4319 56947 11837 22248 54272 111676 17234 9327 11191 11458 5229 2915 25254 2802
internal_value=2.88952e-06 6.15689e-05 -2.17866e-05 0.000326935 2.06362e-05 7.98533e-05 -3.31236e-05 -0.000484756 -0.000527382 0.000472816 -0.000653286 -5.58189e-06 -0.000520594 -7.14419e-05
internal_weight=438032 390988 297533 93455 274505 220233 128910 47044 23028 68405 34802 12242 29573 25050
internal_count=438032 390988 297533 93455 274505 220233 128910 47044 23028 68405 34802 12242 29573 25050
is_linear=0
shrinkage=0.03


Tree=30
num_leaves=15
num_cat=0
split_feature=45 9 30 32 58 19 24 30 10 32 63 49 60 64
split_gain=15.17 11.3265 10.1998 5.99843 4.87158 4.56665 3.79568 3.79101 3.14733 3.35758 3.04436 2.71894 2.85954 2.70641
threshold=-0.0015368394088000057 0.024943460710346702 0.52555000782012951 inf 0.010240307077765467 0.17535000294446948 0.77095001935958873 0.62954998016357433 -0.038374720141291611 0.11219999939203264 0.16933350265026095 0.74603483080863964 0.89159595966339122 0.88100481033325206
decision_type=2 10 10 8 2 10 10 10 10 8 2 8 2 10
left_child=2 -2 6 5 -5 13 -1 -4 -8 -10 -7 12 -6 -3
right_child=1 3 7 4 11 10 8 -9 9 -11 -12 -13 -14 -15
leaf_value=0.00036192791618407826 0.00016682980544621166 1.6420817863469534e-05 0.00042894276677409699 -0.00091435688462982519 -0.00030447257433069858 -0.0011441200730854416 0.00080937928244129696 0.0010120218244758564 3.4048639427863946e-05 -0.00043340545362449158 -0.00032841067374558976 0.00010201664739346637 -0.0011680514463204344 -0.00046156375709063976
leaf_weight=30748 80615 84287 39371 19378 14523 4614 3871 13472 65056 17557 38057 9948 4524 12200
leaf_count=30748 80615 84287 39371 19378 14523 4614 3871 13472 65056 17557 38057 9948 4524 12200
internal_value=1.00295e-05 -0.000130543 0.000231658 -0.000258377 -0.000546139 -0.000158332 7.56698e-05 0.000577677 -2.61198e-05 -6.53154e-05 -0.000416737 -0.000299935 -0.000509841 -4.40372e-05
internal_weight=438221 268146 170075 187531 48373 139158 117232 52843 86484 82613 42671 28995 19047 96487
internal_count=438221 268146 170075 187531 48373 139158 117232 52843 86484 82613 42671 28995 19047 96487
is_linear=0
shrinkage=0.03


Tree=31
num_leaves=15
num_cat=0
split_feature=9 64 18 65 49 79 20 47 20 30 67 14 27 9
split_gain=13.0938 7.73648 7.61508 6.7149 5.27425 5.01282 3.82129 3.71553 4.17542 3.66977 3.15715 2.90878 2.90638 2.8896
threshold=0.03632068075239659 0.63597410917282116 0.11545000225305559 0.32318821549415594 0.091242559254169478 113.50000000000001 -0.27594999969005579 -0.027778309769928452 -0.027145000174641606 0.39204999804496771 -0.0058046237099915734 -0.092149998992681489 15.47499990463257 0.054463889449834831
decision_type=10 10 8 10 10 8 8 10 10 10 2 10 8 10
left_child=1 3 4 -1 -2 -6 -5 -4 13 12 -8 -7 -3 -9
right_child=2 9 7 6 5 11 10 8 -10 -11 -12 -13 -14 -15
leaf_value=0.00045584119438145859 0.00054857573522892899 -0.0005839328149308961 -4.779048291624487e-05 -0.00030794495207442314 -7.5336072922841144e-05 0.00065732895896177391 -0.00027511753966214929 -0.00075317394820534941 -3.0183670863388278e-05 2.4828629511839544e-05 0.00021169903090392984 -0.0007539582227505617 -5.7757358292719166e-05 -0.0014994949210168731
leaf_weight=67246 9572 20413 7544 18836 67185 1425 13618 15524 5151 70989 100030 16411 17587 6689
leaf_count=67246 9572 20413 7544 18836 67185 1425 13618 15524 5151 70989 100030 16411 17587 6689
internal_value=-5.44954e-06 0.00010076 -0.000258638 0.000211696 -0.000118873 -0.000194045 8.77612e-05 -0.0006373 -0.000799784 -0.000102539 0.000153356 -0.000641051 -0.00034045 -0.0009782
internal_weight=438220 308719 129501 199730 94593 85021 132484 34908 27364 108989 113648 17836 38000 22213
internal_count=438220 308719 129501 199730 94593 85021 132484 34908 27364 108989 113648 17836 38000 22213
is_linear=0
shrinkage=0.03


Tree=32
num_leaves=15
num_cat=0
split_feature=45 24 9 53 44 54 24 54 12 24 12 30 53 69
split_gain=14.1591 10.8982 9.03514 4.81556 4.52006 4.43611 4.43387 4.32687 3.84053 3.57405 3.50413 3.49753 3.9154 3.3997
threshold=0.00076083382009528588 0.6635500192642213 0.037620330229401595 0.0037573361769318585 -0.012229239568114279 0.014661797322332861 1.3385000228881838 0.0039525250904262075 0.4953379780054093 0.88885000348091137 0.34198012948036199 0.52134999632835399 0.00074270641198381792 0.63733074069023143
decision_type=2 8 10 2 2 2 10 2 10 8 10 10 2 2
left_child=1 -1 4 5 -2 8 10 11 -4 -5 -3 12 -6 -7
right_child=2 6 3 9 7 13 -8 -9 -10 -11 -12 -13 -14 -15
leaf_value=0.00057399429956373187 -0.001537403337665494 0.00025842828641854025 -0.000512970619044808 -0.00061904272707844279 -0.00044152944204286278 0.00017987639811934832 -0.00023022352327750671 0.00019966513537493616 -0.0011770124777783599 0.00058390246463900486 -7.8435981222214947e-05 8.5778814247996059e-05 8.9146694328667583e-06 0.0032342799578007541
leaf_weight=48133 1808 82548 41205 3483 43099 1825 36691 50553 9682 6124 41893 41423 29087 395
leaf_count=48133 1808 82548 41205 3483 43099 1825 36691 50553 9682 6124 41893 41423 29087 395
internal_value=-4.10542e-07 0.000177906 -0.000163585 -0.000470333 -4.76658e-05 -0.000582135 5.95731e-05 -3.12123e-05 -0.000639418 0.000147682 0.000145025 -0.000133951 -0.000260037 0.000729387
internal_weight=437949 209265 228684 62714 165970 53107 161132 164162 50887 9607 124441 113609 72186 2220
internal_count=437949 209265 228684 62714 165970 53107 161132 164162 50887 9607 124441 113609 72186 2220
is_linear=0
shrinkage=0.03


Tree=33
num_leaves=15
num_cat=0
split_feature=45 9 30 13 79 58 64 60 23 24 22 51 45 53
split_gain=13.2594 9.82089 7.76339 6.10377 5.81156 3.8365 3.83204 3.49397 3.18338 2.7311 2.72795 2.57065 3.07062 4.18265
threshold=-1.0000000180025095e-35 0.04992284998297692 0.54624998569488536 0.25266790390014654 91.500000000000014 0.010754392948001625 0.89640536904335033 0.30306382477283483 2.2214999198913579 0.83875000476837169 0.9824500083923341 0.099843621253967299 -0.011548357550054787 -0.0050529201980680219
decision_type=2 10 10 8 8 2 8 2 10 10 10 10 2 2
left_child=2 3 7 4 -2 -3 -5 9 -9 -1 -7 12 -4 -14
right_child=1 5 11 6 -6 10 -8 8 -10 -11 -12 -13 13 -15
leaf_value=0.00054682996723648728 -0.00014636925260918867 -0.0013018523256952475 0.0013539953250561849 0.00013964916940928759 -0.00072309607516943004 -0.00034885594107784637 -0.00044213111279308576 -2.0810336262993991e-05 -0.0012914141856856908 0.00010338113436622951 -0.0019914836244014559 0.000201838677443066 -0.00037402687657430724 0.00067974094325630929
leaf_weight=19168 98488 7610 4829 93691 18709 12970 11428 86081 1807 35920 974 17040 3919 24978
leaf_count=19168 98488 7610 4829 93691 18709 12970 11428 86081 1807 35920 974 17040 3919 24978
internal_value=-1.69486e-06 -0.000148881 0.000183573 -8.95942e-05 -0.000238463 -0.000760224 7.6383e-05 7.04067e-05 -4.70063e-05 0.000257716 -0.000464268 0.000502252 0.000653983 0.000536789
internal_weight=437612 243870 193742 222316 117197 21554 105119 142976 87888 55088 13944 50766 33726 28897
internal_count=437612 243870 193742 222316 117197 21554 105119 142976 87888 55088 13944 50766 33726 28897
is_linear=0
shrinkage=0.03


Tree=34
num_leaves=15
num_cat=0
split_feature=9 64 17 13 5 79 48 63 51 26 21 30 63 46
split_gain=13.1279 7.44743 7.23023 5.0991 5.67029 5.33994 4.67017 4.58027 4.4124 4.35976 4.31949 3.707 3.26676 3.36962
threshold=0.036624031141400344 0.81198289990425121 46.625000000000007 0.25476212799549108 0.3585715144872666 72.500000000000014 -0.52675381302833546 0.46187390387058264 0.32374548912048345 0.18534999340772632 0.5977500081062318 0.5587500035762788 0.66225144267082225 0.31452739238739019
decision_type=10 10 8 8 10 8 10 2 10 10 10 10 2 10
left_child=1 3 6 5 11 -1 -2 -3 9 10 -4 -5 13 -10
right_child=2 7 8 4 -6 -7 -8 -9 12 -11 -12 -13 -14 -15
leaf_value=0.00012202950940184812 0.0013939379391327141 -0.00051629136401047659 -0.00037307759473321426 0.00030439557006157005 -6.9125682801470556e-05 -0.00043252812760219753 -2.9196021705182724e-06 3.3450560772157937e-05 0.0025999518519217546 3.6896226644545105e-05 -0.0011587397490160785 0.00071455486440485331 -0.00042737087303080671 -0.0017350849424704322
leaf_weight=110331 2278 24209 48780 72678 27637 18201 38159 31234 163 20483 7229 27278 4126 4564
leaf_count=110331 2278 24209 48780 72678 27637 18201 38159 31234 163 20483 7229 27278 4126 4564
internal_value=4.18335e-06 0.000108616 -0.000254496 0.000176857 0.000311202 4.34866e-05 7.59343e-05 -0.000206617 -0.000411052 -0.000337621 -0.000474576 0.000416358 -0.00104496 -0.00158301
internal_weight=437350 311568 125782 256125 127593 128532 40437 55443 85345 76492 56009 99956 8853 4727
internal_count=437350 311568 125782 256125 127593 128532 40437 55443 85345 76492 56009 99956 8853 4727
is_linear=0
shrinkage=0.03


Tree=35
num_leaves=15
num_cat=0
split_feature=79 64 48 15 9 24 20 14 16 30 60 30 20 47
split_gain=13.0268 9.62622 5.95756 5.36392 4.72794 3.99902 3.60412 3.35383 3.50906 3.25869 3.18456 3.00557 2.96042 2.72978
threshold=732.50000000000011 0.65931636095047008 -0.33703473210334772 0.087464999407529845 0.024244922213256363 0.63934999704360973 -0.021195000037550923 -0.092149998992681489 0.21704999357461932 0.37864999473094946 0.12842251360416415 0.54054999351501476 -0.22635000199079511 0.030223499983549122
decision_type=8 10 10 8 10 10 10 10 10 10 2 10 8 10
left_child=1 2 -1 9 12 13 7 -7 11 -3 -6 -9 -4 -2
right_child=5 3 4 -5 10 6 -8 8 -10 -11 -12 -13 -14 -15
leaf_value=0.00053635966378349782 0.00039242933208818813 -0.00026823375843051505 -0.00012614034588952119 -0.00048997544053829434 0.00036614737674091471 0.00080145520789800054 0.0013836219797391861 -0.00075162221537825838 -0.0013915118517805795 8.3888943302798781e-05 -3.1078791342793773e-05 0.00015974816671181918 0.00041886199848502754 -0.00043021518892987621
leaf_weight=33645 6578 37081 10797 31744 20896 1268 755 19924 6453 65302 138716 3891 52952 8089
leaf_count=33645 6578 37081 10797 31744 20896 1268 755 19924 6453 65302 138716 3891 52952 8089
internal_value=3.12364e-08 5.67159e-05 0.000164231 -0.000149296 0.000108166 -0.000472075 -0.000658635 -0.00070774 -0.000771086 -4.36495e-05 2.09349e-05 -0.000602716 0.000326554 -6.12595e-05
internal_weight=438091 391133 257006 134127 223361 46958 32291 31536 30268 102383 159612 23815 63749 14667
internal_count=438091 391133 257006 134127 223361 46958 32291 31536 30268 102383 159612 23815 63749 14667
is_linear=0
shrinkage=0.03


Tree=36
num_leaves=15
num_cat=0
split_feature=45 79 30 66 24 68 57 20 58 64 9 45 11 53
split_gain=12.0776 9.10097 7.98049 5.8733 4.53972 4.34319 3.46928 3.3449 3.78953 3.16511 3.04154 2.96383 2.85745 2.78955
threshold=-1.0000000180025095e-35 719.50000000000011 0.61594998836517345 0.71888476610183727 0.66844999790191661 0.0016560437506996097 -2.5109819944191255e-05 -0.086484998464584337 0.01123754493892193 0.94613337516784679 0.04992284998297692 -0.056034659966826432 -0.4224539846181869 0.0050957617349922666
decision_type=2 8 10 8 8 2 2 8 2 10 10 2 8 2
left_child=2 3 4 5 -1 -2 11 8 -3 -8 -5 12 -6 -4
right_child=1 7 13 10 6 -7 9 -9 -10 -11 -12 -13 -14 -15
leaf_value=0.00041718555520794585 -0.00019374253570429118 -0.0011863428901593657 0.00080569817303622899 -0.00025634094901451089 0.00056443044654259531 0.00013708867507829144 -0.00010317450778212957 -0.00014460976213866918 -0.00030566478367151774 -0.0012823189743229383 -0.00095604759746235586 0.00017866387354178144 -0.0025156356648815678 -0.0010705682084879646
leaf_weight=34385 55385 12410 19541 54550 433 100534 55092 8012 6816 2123 6226 81031 713 736
leaf_count=34385 55385 12410 19541 54550 433 100534 55092 8012 6816 2123 6226 81031 713 736
internal_value=-2.40977e-06 -0.000142918 0.000174214 -7.79439e-05 0.000108486 1.95695e-05 3.23236e-05 -0.000659719 -0.000874286 -0.000147036 -0.000328093 0.000157202 -0.00135448 0.000737348
internal_weight=437987 243933 194054 216695 173777 155919 139392 27238 19226 57215 60776 82177 1146 20277
internal_count=437987 243933 194054 216695 173777 155919 139392 27238 19226 57215 60776 82177 1146 20277
is_linear=0
shrinkage=0.03


Tree=37
num_leaves=15
num_cat=0
split_feature=45 9 30 32 51 53 30 9 26 9 14 14 32 20
split_gain=13.0567 11.3383 8.15758 5.19753 4.1432 3.48499 3.4795 3.38392 3.34947 3.25527 3.20835 3.09005 2.81984 2.6781
threshold=-0.0033693531295284625 0.027979902923107151 0.49244999885559088 0.11219999939203264 0.046880688518285758 0.002135042799636722 0.64574998617172252 0.017038288526237014 0.18870000541210177 0.039197530597448356 -0.10514999926090239 0.096824999898672118 -0.11840000003576277 -0.023164999671280381
decision_type=2 10 10 8 10 2 10 10 10 10 8 10 10 10
left_child=2 7 4 11 -1 8 -4 -2 9 -5 -11 -3 -6 -12
right_child=1 3 6 5 12 -7 -8 -9 -10 10 13 -13 -14 -15
leaf_value=0.00070982734515348154 0.00054407879076335684 -0.00012395312707323144 0.00043680187401664005 -0.0005182930726134185 -0.00031577328043248934 -6.9030880900278443e-05 0.0011223358980454461 5.3954170132575744e-05 -5.86863525870654e-05 0.0014106447240733676 -0.0013266282461773323 -0.00080111498575055737 0.00010196204664919693 0.00054133479855065256
leaf_weight=8135 14248 113678 46683 16415 19320 11342 7772 114741 6611 425 12667 6402 58772 728
leaf_count=8135 14248 113678 46683 16415 19320 11342 7772 114741 6611 425 12667 6402 58772 728
internal_value=9.18518e-06 -0.000103504 0.00024729 -0.000265721 6.57378e-05 -0.000528907 0.000534738 0.000108112 -0.000670438 -0.000804168 -0.00114341 -0.000160087 -1.39948e-06 -0.00122494
internal_weight=437939 297257 140682 168268 86227 48188 54455 128989 36846 30235 13820 120080 78092 13395
internal_count=437939 297257 140682 168268 86227 48188 54455 128989 36846 30235 13820 120080 78092 13395
is_linear=0
shrinkage=0.03


Tree=38
num_leaves=15
num_cat=0
split_feature=60 70 30 51 65 15 0 13 24 13 9 53 24 32
split_gain=11.341 8.27114 9.08265 4.84935 4.98667 3.86312 3.30423 3.22724 3.12696 3.09707 3.03558 2.76083 3.64508 2.74361
threshold=0.85401818156242382 0.0036016814410686497 0.52415001392364513 0.36804534494876867 0.80681511759758007 0.13305000215768817 -0.013793000020086764 0.55912363529205333 1.2824999690055849 0.36436872184276586 0.025136461481451992 0.0032575494842603807 0.83495000004768383 -0.059010000899434083
decision_type=2 2 10 10 8 10 10 8 10 8 10 2 8 10
left_child=1 2 8 5 -5 -2 7 -4 9 13 -3 -12 -13 -1
right_child=3 10 6 4 -6 -7 -8 -9 -10 -11 11 12 -14 -15
leaf_value=-0.00024627184852183775 -0.00014888849021841411 9.7926737805537189e-05 0.00045700001682131398 -0.0013241377967800477 8.9402365500213139e-05 -0.00090011937815382835 0.00011023181366235576 0.0011379270323057936 -0.00016560538670870985 0.00034224896715581054 -0.00031083321968213609 -0.0005799595710664977 0.00060017743463078278 0.00012248925592890821
leaf_weight=25192 46213 32295 50772 8144 3100 7104 22147 7145 49436 38035 72556 3526 7072 64998
leaf_count=25192 46213 32295 50772 8144 3100 7104 22147 7145 49436 38035 72556 3526 7072 64998
internal_value=-1.4012e-06 6.21142e-05 0.000156642 -0.000368508 -0.000934555 -0.000249058 0.000421925 0.000541094 3.70826e-05 0.000115231 -0.000148905 -0.000244769 0.000207452 1.94784e-05
internal_weight=437735 373174 257725 64561 11244 53317 80064 57917 177661 128225 115449 83154 10598 90190
internal_count=437735 373174 257725 64561 11244 53317 80064 57917 177661 128225 115449 83154 10598 90190
is_linear=0
shrinkage=0.03


Tree=39
num_leaves=15
num_cat=0
split_feature=79 45 9 30 13 11 24 64 63 9 68 24 45 51
split_gain=12.1874 8.37229 8.03498 6.64834 5.21155 4.40816 4.27366 4.05612 3.66696 3.46346 4.17184 3.41517 3.27415 3.23938
threshold=732.50000000000011 -0.0033693531295284625 0.022854473441839222 0.6488499939441682 0.34783203899860388 0.26852571964263922 1.3195000290870669 0.91946139931678783 0.65062871575355541 0.050975680351257331 0.0050367515068501243 0.98414999246597301 -0.017561368644237515 0.099118176847696318
decision_type=8 2 10 10 8 10 8 10 2 10 2 10 2 10
left_child=1 3 -3 6 5 12 13 9 -9 10 -4 -6 -2 -1
right_child=4 2 7 -5 11 -7 -8 8 -10 -11 -12 -13 -14 -15
leaf_value=0.00047065604467214404 0.00023372602543850072 0.00024583937736065778 -0.00014804630719987438 0.0011606994797344499 0.00045241701314891136 -0.00016246998379098487 -0.00015246508114294613 -0.0010452116793551894 -0.0001883168294558657 -0.00054958925652167832 0.00019581701557479808 -0.00053618827470060726 -0.0010122656069926255 0.0001176882582210027
leaf_weight=45189 2086 62853 127755 6773 7597 10732 25157 8095 10104 14239 42252 5359 20876 48538
leaf_count=45189 2086 62853 127755 6773 7597 10732 25157 8095 10104 14239 42252 5359 20876 48538
internal_value=-9.59771e-06 4.50932e-05 -5.04519e-05 0.00024681 -0.000467896 -0.000664496 0.000194698 -0.000142445 -0.00056965 -0.000100233 -6.25824e-05 4.34504e-05 -0.000899046 0.000287882
internal_weight=437605 390955 265298 125657 46650 33694 118884 202445 18199 184246 170007 12956 22962 93727
internal_count=437605 390955 265298 125657 46650 33694 118884 202445 18199 184246 170007 12956 22962 93727
is_linear=0
shrinkage=0.03


Tree=40
num_leaves=15
num_cat=0
split_feature=45 9 51 44 17 13 30 26 4 9 70 44 45 62
split_gain=11.8007 8.9265 6.1919 4.98991 4.95756 4.77432 4.02303 3.24822 2.78335 2.65589 2.58117 2.558 2.3996 2.79118
threshold=-0.0030301789520308371 0.03557343780994416 0.047579340636730201 -0.013258767314255236 43.23500061035157 0.25266790390014654 0.42155000567436224 0.15474999696016314 6.2411129474639901 0.057168016210198409 -0.0037748841568827625 0.006004379829391838 0.043274216353893287 0.97972625494003307
decision_type=2 10 10 2 8 10 10 10 8 10 2 2 2 2
left_child=2 3 -1 -2 -3 -5 11 12 -7 -9 -8 -4 13 -6
right_child=1 4 6 5 7 8 10 9 -10 -11 -12 -13 -14 -15
leaf_value=0.00069686329895898977 -0.0015166076321395476 5.8630261254596528e-05 -8.5266146428900994e-05 -0.00012258462254377433 -0.00062904161302240779 -0.00015199530700032071 0.00047435847278619922 -8.3257341524962722e-05 0.00024950816623835095 -0.00087104115591964126 0.00010236861574331158 0.00086037423164993221 0.00055630301258336498 -0.0018018431227482901
leaf_weight=21379 1917 20123 54552 103605 38563 19386 36074 22278 78249 4652 31404 2697 1449 1914
leaf_count=21379 1917 20123 54552 103605 38563 19386 36074 22278 78249 4652 31404 2697 1449 1914
internal_value=5.07641e-06 -0.000105016 0.0002252 4.73395e-06 -0.000355584 1.92635e-05 0.00014433 -0.000476633 0.000169784 -0.000219479 0.000301256 -4.06458e-05 -0.000641763 -0.000684715
internal_weight=438242 292136 146106 203157 88979 201240 124727 68856 97635 26930 67478 57249 41926 40477
internal_count=438242 292136 146106 203157 88979 201240 124727 68856 97635 26930 67478 57249 41926 40477
is_linear=0
shrinkage=0.03


Tree=41
num_leaves=15
num_cat=0
split_feature=79 64 45 9 13 30 60 21 14 68 30 49 66 21
split_gain=10.3896 7.2576 6.15565 5.60404 5.56391 5.54093 4.58356 3.49308 3.36708 3.16242 3.08415 2.86129 3.10937 2.8242
threshold=719.50000000000011 0.91946139931678783 -0.0034811596851795907 0.0224347272887826 0.32799351215362554 0.63214999437332164 0.71076405048370372 0.77625000476837169 -0.092149998992681489 0.002014935365878046 0.34364999830722814 0.74603483080863964 0.70284366607666027 0.5263500213623048
decision_type=8 10 2 10 8 10 2 10 10 2 8 8 8 10
left_child=1 2 5 -4 8 10 -3 -6 -2 -5 -1 12 -11 -10
right_child=4 6 3 9 7 -7 -8 -9 13 11 -12 -13 -14 -15
leaf_value=-0.00010024530509671392 1.0692354432836072e-06 -2.497257345246942e-05 0.00027423824243523101 -0.00021598601682718189 0.00016468724104240425 0.00099533442874751737 -0.00075006309970043652 -0.0022191430885628921 -0.00062939081035512194 6.2837248459689978e-05 0.00029737854238381467 0.0002841423887239123 -0.00034138346098191373 -0.0014143443276899265
leaf_weight=22200 6082 15920 55142 77931 13988 8850 15467 571 21273 56799 83888 29901 24515 5120
leaf_count=22200 6082 15920 55142 77931 13988 8850 15467 571 21273 56799 83888 29901 24515 5120
internal_value=4.36806e-06 5.50912e-05 9.33168e-05 8.13194e-06 -0.000416844 0.00027436 -0.000382348 7.04643e-05 -0.000635289 -6.94516e-05 0.000214171 3.32337e-05 -5.9043e-05 -0.000781904
internal_weight=437647 390613 359226 244288 47034 114938 31387 14559 32475 189146 106088 111215 81314 26393
internal_count=437647 390613 359226 244288 47034 114938 31387 14559 32475 189146 106088 111215 81314 26393
is_linear=0
shrinkage=0.03


Tree=42
num_leaves=15
num_cat=0
split_feature=9 45 13 32 12 4 19 15 51 24 18 24 53 10
split_gain=9.16537 10.0207 6.52343 4.9551 4.11371 4.10664 3.32053 3.07746 3.25419 2.8479 2.63316 2.48437 2.48291 2.31836
threshold=0.026316921226680282 -0.0033693531295284625 0.25266790390014654 inf 0.26756046712398535 2.3064135313034062 0.29954999685287481 -0.0074744999874383202 0.079418465495109572 0.77095001935958873 0.064024999737739577 1.016499996185303 0.0037573361769318585 -0.0599715057760477
decision_type=10 2 8 8 10 10 10 8 8 10 8 8 2 10
left_child=5 4 3 -3 9 7 11 -1 -9 -2 -4 -6 -5 -11
right_child=1 2 10 12 6 -7 -8 8 -10 13 -12 -13 -14 -15
leaf_value=7.4001393877271278e-05 0.00064931111439699661 -0.00026691363370120422 7.4707141335592889e-05 -0.00084094220529198232 0.00028638356006631377 -6.9083478620747774e-05 -0.00068939792197015366 0.00067245364506912609 0.00024612501806492708 0.0016358985051025021 -0.00027241399210092176 -0.0002139507665829033 4.9636475722235507e-05 0.00013491389170620929
leaf_weight=41708 16479 72777 58058 24493 18143 42306 6657 25175 44782 946 29738 17583 3183 35507
leaf_count=41708 16479 72777 58058 24493 18143 42306 6657 25175 44782 946 29738 17583 3183 35507
internal_value=-3.71016e-06 -0.000104887 -0.000231784 -0.000396879 0.000145736 0.000182622 -7.45127e-05 0.000277983 0.000399582 0.000322082 -4.28775e-05 4.01423e-05 -0.000738527 0.000174085
internal_weight=437535 283564 188249 100453 95315 153971 42383 111665 69957 52932 87796 35726 27676 36453
internal_count=437535 283564 188249 100453 95315 153971 42383 111665 69957 52932 87796 35726 27676 36453
is_linear=0
shrinkage=0.03


Tree=43
num_leaves=15
num_cat=0
split_feature=64 12 79 50 30 11 63 79 17 30 20 46 11 8
split_gain=9.69075 8.00493 6.84235 5.40278 5.47836 4.74268 4.19835 3.44335 3.42168 3.45073 3.15795 3.12788 3.1236 2.93859
threshold=0.92688494920730602 0.45025524497032171 168.50000000000003 -0.010104260407388209 0.53224998712539684 -0.31367191672325129 0.65842604637146007 732.50000000000011 47.725000381469734 0.33005000650882726 -0.31845000386238093 0.55621570348739635 -0.10900063812732695 -0.0014974999940022824
decision_type=10 10 8 2 10 8 2 8 8 8 10 10 8 10
left_child=1 3 -3 -1 7 10 8 -5 -2 -10 -6 -11 -9 -7
right_child=6 2 -4 4 5 13 -8 12 9 11 -12 -13 -14 -15
leaf_value=0.0010022758918830296 -0.00021361757885366559 -9.841018055005169e-05 -0.00081193794693690019 5.0658682135572266e-05 -0.00082108505280276264 0.00060451966504824562 -0.0001291795849694531 -0.00059639553432245466 -0.0021639591097582212 0.00023421722072390806 0.00012197856197766051 -0.0011208076974149606 0.00010356658036882538 8.5071344576030726e-05
leaf_weight=5956 5821 73568 14471 194116 3493 38883 15008 14975 2231 1904 36975 7835 9298 13107
leaf_count=5956 5821 73568 14471 194116 3493 38883 15008 14975 2231 1904 36975 7835 9298 13107
internal_value=-2.86966e-06 3.73144e-05 -0.000215732 0.000107638 9.04804e-05 0.000284034 -0.000498797 8.53223e-06 -0.000810472 -0.00110051 4.04865e-05 -0.000855913 -0.000328302 0.000473584
internal_weight=437641 404842 88039 316803 310847 92458 32799 218389 17791 11970 40468 9739 24273 51990
internal_count=437641 404842 88039 316803 310847 92458 32799 218389 17791 11970 40468 9739 24273 51990
is_linear=0
shrinkage=0.03


Tree=44
num_leaves=15
num_cat=0
split_feature=30 9 64 70 43 27 53 70 59 13 53 53 70 32
split_gain=8.11053 5.68595 5.34168 4.76096 4.57583 4.52057 3.9222 3.73543 3.57449 3.39285 3.23394 3.66604 2.82976 2.51939
threshold=0.55465000867843639 0.054463889449834831 0.63597410917282116 0.003690026700496674 0.0079402159899473208 14.335000038146974 0.004552999511361123 -0.015418166294693945 2.2647573947906499 0.34783203899860388 -0.0066291599068790666 0.0037573361769318585 -0.0013723445590585468 -0.11840000003576277
decision_type=10 10 10 2 2 10 2 2 10 8 2 2 2 10
left_child=1 2 9 4 6 -4 7 -2 -5 13 -3 -12 -11 -1
right_child=3 10 5 8 -6 -7 -8 -9 -10 12 11 -13 -14 -15
leaf_value=-0.00027085698537056784 0.0017197151885158613 0.00033028218314143452 -0.00038605440348974215 8.2140784019363831e-05 -0.00019007600045519151 -2.2412740079273355e-05 -0.00055606380794343663 0.00047663546323645879 -0.00074358273483793324 0.0004828057146913611 -0.00086357962585736382 0.00022140988292771924 7.6940527386862566e-05 4.6971018034534954e-05
leaf_weight=29168 2260 3380 56834 22430 11219 67077 3181 55715 5970 26005 16081 3392 38125 97351
leaf_count=29168 2260 3380 56834 22430 11219 67077 3181 55715 5970 26005 16081 3392 38125 97351
internal_value=1.46749e-06 -6.9069e-05 -3.58709e-05 0.000237628 0.00036679 -0.000189212 0.000468953 0.000525238 -9.15359e-05 6.37947e-05 -0.000525917 -0.000674577 0.000241545 -2.63096e-05
internal_weight=438188 337413 314560 100775 72375 123911 61156 57975 28400 190649 22853 19473 64130 126519
internal_count=438188 337413 314560 100775 72375 123911 61156 57975 28400 190649 22853 19473 64130 126519
is_linear=0
shrinkage=0.03


Tree=45
num_leaves=15
num_cat=0
split_feature=45 79 24 18 57 51 53 58 30 54 58 45 49 10
split_gain=9.82805 6.48454 5.97565 5.25709 3.30524 3.16612 3.15159 2.99502 2.96263 2.73155 2.52669 3.55073 2.5195 3.22284
threshold=0.00076083382009528588 168.50000000000003 0.66844999790191661 0.070284999907016768 0.0023892046883702282 0.36804534494876867 -0.0023781628115102644 0.010660112835466863 0.62704998254776012 0.0032801366178318862 0.0096203833818435686 -0.01893129292875528 0.72501137852668773 0.00019264929142082113
decision_type=2 8 8 8 2 10 2 2 10 2 2 2 8 8
left_child=2 3 10 6 8 -5 -2 -3 -4 -8 -1 -12 -9 -14
right_child=1 7 4 5 -6 -7 9 12 -10 -11 11 -13 13 -15
leaf_value=0.00077887983522641115 -0.00026873966758317303 -0.00077731467055272682 9.4375487293016624e-05 -0.00025313189969257172 -0.00020864903964833408 -0.0010189177744217553 -3.7995177650646348e-05 -0.00051909574642621881 0.00074335101909650167 0.00025314665219206564 0.0011670670273546437 0.00019689068598567548 -0.00042466362409562033 0.00097124705656427687
leaf_weight=13947 27522 18493 120868 43772 32952 5462 67187 9207 6676 51026 3802 31420 2975 2970
leaf_count=13947 27522 18493 120868 43772 32952 5462 67187 9207 6676 51026 3802 31420 2975 2970
internal_value=-5.16011e-07 -0.000136562 0.000147826 -7.01838e-05 5.9173e-05 -0.000338183 2.03634e-05 -0.000521151 0.000128372 8.768e-05 0.000437167 0.000301766 -0.000208349 0.000272935
internal_weight=438279 228614 209665 194969 160496 49234 145735 33645 127544 118213 49169 35222 15152 5945
internal_count=438279 228614 209665 194969 160496 49234 145735 33645 127544 118213 49169 35222 15152 5945
is_linear=0
shrinkage=0.03


Tree=46
num_leaves=15
num_cat=0
split_feature=60 70 13 19 64 32 65 1 26 71 54 15 66 45
split_gain=9.88352 8.41742 5.74323 4.24548 3.58714 3.44135 3.28341 3.2525 2.85069 2.6521 3.73959 2.58004 2.5082 2.5045
threshold=0.89934787154197704 0.003690026700496674 0.40000030398368841 0.29954999685287481 0.96499025821685802 -0.059010000899434083 0.81045520305633556 -0.0055210001301020375 0.094609998166561141 -0.005259517114609479 -0.0012190447305329142 0.13045000284910205 0.12348138540983201 -0.0029175278032198544
decision_type=2 2 8 10 10 10 8 10 8 2 2 10 10 2
left_child=1 2 3 5 11 -1 -6 -4 12 -3 -11 -2 -5 -7
right_child=4 9 7 8 6 13 -8 -9 -10 10 -12 -13 -14 -15
leaf_value=-0.00012460034321219829 -0.0002082595705391874 0.00010295886473201412 0.00045888615050881557 -0.002797908989182126 -0.0014908462308781116 0.00032065755718109452 5.8838087958671772e-06 -0.00010217295893008047 -0.00014053698534861205 -0.00076832663456135502 -0.0001717038593818186 -0.00089116279542970857 -0.00071228232614278862 6.3610731653432199e-05
leaf_weight=44976 32568 25851 59314 577 4713 61247 1831 11026 15889 10689 81671 5874 4873 77007
leaf_count=44976 32568 25851 59314 577 4713 61247 1831 11026 15889 10689 81671 5874 4873 77007
internal_value=-2.12776e-06 4.60759e-05 0.000137105 5.66957e-05 -0.000423325 0.000103338 -0.00107238 0.000370937 -0.000343731 -0.000165616 -0.00024079 -0.000312711 -0.000935453 0.000177491
internal_weight=438106 393120 274909 204569 44986 183230 6544 70340 21339 118211 92360 38442 5450 138254
internal_count=438106 393120 274909 204569 44986 183230 6544 70340 21339 118211 92360 38442 5450 138254
is_linear=0
shrinkage=0.03


Tree=47
num_leaves=15
num_cat=0
split_feature=60 70 30 51 63 9 15 55 26 71 68 20 3 9
split_gain=7.78594 7.53398 5.33456 5.13883 3.66542 3.41684 3.2486 3.15703 3.15693 3.11233 2.68319 2.61797 2.60748 2.74959
threshold=0.78072521090507518 0.00038698250136803841 0.49944999814033514 0.36804534494876867 0.65842604637146007 0.024244922213256363 0.13045000284910205 0.62391272187232982 0.13264999538660052 -0.0053832614794373504 0.0041667169425636539 -0.49365000426769251 -0.0012514999834820626 0.043825792148709304
decision_type=2 2 10 10 2 10 8 2 8 2 2 10 10 10
left_child=1 2 8 6 -5 -3 -2 -4 11 -7 -11 -1 13 -13
right_child=3 5 7 4 -6 9 -8 -9 -10 10 -12 12 -14 -15
leaf_value=-0.0014253605104084792 -7.4684774801036499e-05 0.00013360913630358271 0.00049855482574778689 -0.0012377793490739098 -0.00022743080125462272 0.00012047764751197314 -0.00058054932855391202 -9.4047614701678708e-05 0.00025372074299435758 -0.00034458429597003434 2.1425296912842473e-05 0.00011894867784802805 -0.00049805278788242837 -0.0005998090593765103
leaf_weight=1255 70409 47136 56084 7370 5757 26282 13634 9453 47589 69047 24394 45049 9547 5355
leaf_count=1255 70409 47136 56084 7370 5757 26282 13634 9453 47589 69047 24394 45049 9547 5355
internal_value=-6.11761e-06 6.13556e-05 0.000199271 -0.000243026 -0.000794934 -8.27381e-05 -0.000156779 0.000413078 7.04629e-05 -0.000167918 -0.000249037 -7.20331e-05 -4.35863e-05 4.25348e-05
internal_weight=438361 341191 174332 97170 13127 166859 84043 65537 108795 119723 93441 61206 59951 50404
internal_count=438361 341191 174332 97170 13127 166859 84043 65537 108795 119723 93441 61206 59951 50404
is_linear=0
shrinkage=0.03


Tree=48
num_leaves=15
num_cat=0
split_feature=60 30 50 70 52 79 20 54 65 64 55 13 58 58
split_gain=7.12824 6.76604 4.51402 4.37582 3.83971 3.45921 3.62035 3.35876 3.19575 2.90421 2.89685 2.77239 2.74227 2.72022
threshold=0.85401818156242382 0.54624998569488536 -0.01430981047451496 0.004064342239871622 2.8378837108612065 605.50000000000011 -0.062385000288486474 0.011335697490721943 0.78728219866752636 0.64017713069915783 0.69283267855644237 0.47343371808528906 0.011340877506881954 0.026476074941456321
decision_type=2 10 2 2 10 8 8 2 8 10 2 10 2 2
left_child=1 2 -1 10 -2 9 7 11 -6 -4 -3 12 -7 -5
right_child=4 3 5 13 8 6 -8 -9 -10 -11 -12 -13 -14 -15
leaf_value=0.0014814199520328361 -0.00018546370068537213 0.00045921015551616238 9.1570277977779757e-05 -1.4994322210953796e-05 -0.0011862648760242621 -0.00094125578158446631 0.00021777769365137204 0.0020308545158469887 1.757687725244901e-05 -0.00012225710533296242 -0.00035783787467083718 0.00026866344759093528 -0.00019118454683719264 -0.002982427916366083
leaf_weight=1798 55151 62993 156401 26267 6803 13231 8321 454 2801 90093 4160 3124 6566 276
leaf_count=1798 55151 62993 156401 26267 6803 13231 8321 454 2801 90093 4160 3124 6566 276
internal_value=8.6671e-06 5.9023e-05 -1.48243e-05 0.000279687 -0.000281906 -2.45212e-05 -0.000319508 -0.000510775 -0.000835339 1.3416e-05 0.000408573 -0.00056155 -0.000692593 -4.64062e-05
internal_weight=438439 373684 279988 93696 64755 278190 31696 23375 9604 246494 67153 22921 19797 26543
internal_count=438439 373684 279988 93696 64755 278190 31696 23375 9604 246494 67153 22921 19797 26543
is_linear=0
shrinkage=0.03


Tree=49
num_leaves=15
num_cat=0
split_feature=12 45 51 21 79 68 67 64 19 21 13 8 63 27
split_gain=8.0438 7.95939 6.13653 5.46865 4.22886 3.46421 3.31045 3.0288 2.99847 2.87178 2.84303 3.08354 2.54762 2.30254
threshold=0.53133252263069164 -0.0038162788841873403 0.050180340185761459 0.32995000481605535 115.50000000000001 -1.0000000180025095e-35 -0.0041263443417847148 0.10020080581307413 0.29954999685287481 0.18935000151395801 0.33689104020595556 -0.0009995000436902044 0.15349856764078143 16.224999427795414
decision_type=10 2 10 8 8 2 2 8 10 10 8 10 2 8
left_child=1 2 -1 5 13 -3 -7 -6 -4 -8 11 12 -5 -2
right_child=4 3 8 10 7 6 9 -9 -10 -11 -12 -13 -14 -15
leaf_value=0.00075821771044475245 -0.00036587895322750695 -0.00026472948767382478 0.00022037973909764307 -0.00094988666112796915 0.00042969579924212486 -0.00023566170297546321 0.00045993496986382744 -0.0010439230305850427 -0.00029896160747129884 0.00010399017842169648 1.6466856818645054e-06 0.00015708623826051111 -0.00034343462071086421 5.5067321651387457e-05
leaf_weight=18357 30508 24385 87369 7165 1440 19771 26310 9654 11295 90776 34502 9720 47907 18961
leaf_count=18357 30508 24385 87369 7165 1440 19771 26310 9654 11295 90776 34502 9720 47907 18961
internal_value=-2.36675e-06 4.91179e-05 0.000254641 -4.31967e-05 -0.000323306 6.46606e-05 0.000123358 -0.00085254 0.000160914 0.00018399 -0.000218339 -0.000335473 -0.000422415 -0.000204545
internal_weight=438120 377557 117021 260536 60563 161242 136857 11094 98664 117086 99294 64792 55072 49469
internal_count=438120 377557 117021 260536 60563 161242 136857 11094 98664 117086 99294 64792 55072 49469
is_linear=0
shrinkage=0.03


Tree=50
num_leaves=15
num_cat=0
split_feature=12 45 24 79 10 64 79 50 30 19 54 64 51 70
split_gain=7.14766 6.26897 6.21219 5.63718 4.28419 5.06763 4.83328 3.76082 3.14045 3.13495 2.84667 2.70455 2.5687 2.28655
threshold=0.44395834207534796 -0.0038162788841873403 0.82394999265670787 168.50000000000003 -0.0069587752223014823 0.66731771826744091 93.500000000000014 -0.00054010690655559291 0.57795000076293956 0.28945000469684606 0.011335697490721943 0.067332603037357344 0.10474624857306482 -0.0037748841568827625
decision_type=10 2 10 8 8 10 8 2 10 8 2 8 10 2
left_child=1 2 12 9 6 -6 -3 -7 -9 -2 -8 -5 13 -1
right_child=3 4 -4 11 5 7 10 8 -10 -11 -12 -13 -14 -15
leaf_value=0.0010084739342533359 -6.5043066295041689e-05 -0.00010542383001273062 5.9792209600809114e-05 0.00048131077568493944 0.00019521154041551592 -0.00050002419601992843 -0.00080527515122026541 -9.0076107475599583e-05 0.00075253856961129864 -0.00062129563918271468 0.0015292649049541843 -0.00087680034472822422 0.00025326605851703457 0.00042325041819359983
leaf_weight=12638 69985 70501 64902 1448 94801 19585 13165 31529 4551 10480 483 14562 17588 11474
leaf_count=12638 69985 70501 64902 1448 94801 19585 13165 31529 4551 10480 483 14562 17588 11474
internal_value=-1.18501e-05 5.26136e-05 0.000243373 -0.000239839 -3.40651e-05 6.1805e-05 -0.000205483 -0.000165392 1.62978e-05 -0.000137525 -0.000722126 -0.000753856 0.000529057 0.000730133
internal_weight=437692 341217 106602 96475 234615 150466 84149 55665 36080 80465 13648 16010 41700 24112
internal_count=437692 341217 106602 96475 234615 150466 84149 55665 36080 80465 13648 16010 41700 24112
is_linear=0
shrinkage=0.03


Tree=51
num_leaves=15
num_cat=0
split_feature=9 17 45 26 30 53 30 64 22 64 67 50 55 12
split_gain=8.12376 7.01246 4.21729 4.07095 4.06759 4.73603 3.66875 3.51012 3.52417 3.2932 3.03264 2.97468 2.87119 2.78802
threshold=0.036173895001411445 37.604999542236335 -0.0045117407571524373 0.15474999696016314 0.61594998836517345 0.0037573361769318585 0.46394999325275427 0.83488404750823986 0.64384999871253978 0.87723284959793102 0.013815076090395452 -0.00016968695854302493 0.68692570924758922 0.54056432843208324
decision_type=10 8 2 10 10 2 10 10 8 10 2 2 2 8
left_child=4 -2 6 12 7 -6 10 8 13 -5 -3 -9 -4 -1
right_child=1 2 3 9 5 -7 -8 11 -10 -11 -12 -13 -14 -15
leaf_value=4.0466484203927674e-05 0.00035844532416648731 -0.00024679827208789898 -0.00065550317880550175 -2.3556457850826072e-05 0.0004686458222351116 -0.00094795746085384969 0.00046498924466296005 -0.00046439392921614615 0.00022848146316686675 -0.00089046291241032716 0.0027976809295322887 2.9737813540405835e-05 0.00027484556862581225 -0.00036838773104882837
leaf_weight=117411 17318 25011 43274 27016 33544 2263 10108 21015 92803 4613 293 22920 3204 17206
leaf_count=117411 17318 25011 43274 27016 33544 2263 10108 21015 92803 4613 293 22920 3204 17206
internal_value=-5.83516e-06 -0.000203793 -0.000289577 -0.000412692 7.84876e-05 0.000378997 -1.80072e-05 3.88273e-05 8.62526e-05 -0.000150113 -0.000211 -0.000206641 -0.000591346 -1.18027e-05
internal_weight=437999 130837 113519 78107 307162 35807 35412 271355 227420 31629 25304 43935 46478 134617
internal_count=437999 130837 113519 78107 307162 35807 35412 271355 227420 31629 25304 43935 46478 134617
is_linear=0
shrinkage=0.03


Tree=52
num_leaves=15
num_cat=0
split_feature=18 70 24 20 54 32 60 70 9 60 55 80 52 22
split_gain=6.57984 5.79787 5.43815 4.60585 4.03123 3.50025 3.14574 2.79095 2.78792 2.65134 2.81561 2.54506 2.48954 2.6765
threshold=0.11765000224113466 0.0058213365264236936 0.97214999794960033 -0.029114999808371064 0.0056602235417813071 0.11219999939203264 0.73012360930442821 -0.0037748841568827625 0.0224347272887826 0.073223296552896514 0.37473404407501226 5.5000000000000009 6.1304104328155526 1.2254999876022341
decision_type=8 2 10 8 2 8 2 2 10 2 2 8 8 10
left_child=1 2 6 12 5 -4 7 -1 -9 -3 -11 -7 -2 -14
right_child=3 9 4 -5 -6 11 -8 8 -10 10 -12 -13 13 -15
leaf_value=0.00052504492844746963 -0.00051138278161596835 0.0002618354854263503 -1.2792151235443909e-05 -2.2501403287014213e-05 0.00047042063152720633 0.00041512004443014955 7.6754059414970005e-06 0.00045452779685162557 8.1773364951868237e-05 -0.00054280214890698375 -0.00012665146123971513 -0.0005388198994676005 -0.0011380541990431176 -0.0053873852061990064
leaf_weight=35270 30354 10343 101013 28500 12772 2868 45337 27032 54387 21011 48187 20377 461 185
leaf_count=35270 30354 10343 101013 28500 12772 2868 45337 27032 54387 21011 48187 20377 461 185
internal_value=-4.5365e-06 4.15554e-05 0.000102102 -0.000297797 -3.7007e-05 -8.91804e-05 0.000219747 0.000302139 0.000205552 -0.000186077 -0.00025304 -0.000421058 -0.000550847 -0.002387
internal_weight=438097 378597 299056 59500 137030 124258 162026 116689 81419 79541 69198 23245 31000 646
internal_count=438097 378597 299056 59500 137030 124258 162026 116689 81419 79541 69198 23245 31000 646
is_linear=0
shrinkage=0.03


Tree=53
num_leaves=15
num_cat=0
split_feature=18 70 64 20 20 60 60 54 61 21 43 13 60 27
split_gain=6.10917 6.71465 5.90298 4.37166 4.06357 3.31801 3.13612 2.99446 2.78344 2.76124 2.74619 2.72093 2.54308 2.52682
threshold=0.12215000018477441 0.00038698250136803841 0.57638695836067211 -0.22434999793767926 -0.029114999808371064 0.073223296552896514 0.9568796455860139 -0.00022297516989056018 0.18290310353040698 0.26794999837875372 0.0040256453212350616 0.49895231425762182 0.59578901529312145 14.335000038146974
decision_type=10 2 8 10 10 2 2 2 2 10 2 8 2 10
left_child=1 2 3 11 10 -3 13 12 -5 -10 -2 -1 -7 -4
right_child=4 5 6 8 -6 7 -8 -9 9 -11 -12 -13 -14 -15
leaf_value=-8.8734162761950478e-05 -0.00027560714633337568 0.00028972961360741544 -0.00017936651238821221 0.00067972545090930355 4.7661001941996866e-05 -0.00021615582271773519 -0.00065849572597644155 -8.4752530188298962e-05 0.00046845929467083229 8.2595778918188132e-05 -0.0008636061564768915 0.00057367631302524056 -0.00080997086934718888 0.00016731914757869162
leaf_weight=34847 15333 17547 35629 22364 15911 18637 7004 133253 36791 30552 13399 6640 9959 40337
leaf_count=34847 15333 17547 35629 22364 15911 18637 7004 133253 36791 30552 13399 6640 9959 40337
internal_value=-4.3919e-06 3.33361e-05 0.000146747 0.000271996 -0.000336957 -0.000102055 -5.13041e-05 -0.000144538 0.000389759 0.000293421 -0.00054992 1.73411e-05 -0.000423067 4.71815e-06
internal_weight=438203 393560 214164 131194 44643 179396 82970 161849 89707 67343 28732 41487 28596 75966
internal_count=438203 393560 214164 131194 44643 179396 82970 161849 89707 67343 28732 41487 28596 75966
is_linear=0
shrinkage=0.03


Tree=54
num_leaves=15
num_cat=0
split_feature=60 61 30 60 47 52 45 15 51 54 30 50 65 46
split_gain=7.55757 5.21217 5.13088 3.33347 4.08547 3.10622 2.78249 4.57452 3.47402 2.64205 2.56851 2.54768 2.51286 2.41225
threshold=0.85054484009742748 0.68265050649642955 0.50365000963211071 0.077244497835636153 0.16084525734186175 6.1304104328155526 0.02618336491286755 0.30545000731945043 0.36804534494876867 0.014661797322332861 0.35205000638961798 -0.01430981047451496 0.74032077193260204 0.3228724747896195
decision_type=2 2 10 2 10 10 2 10 10 2 8 2 8 10
left_child=1 2 11 -3 -5 6 7 8 -2 -4 -10 -1 -7 -8
right_child=5 3 9 4 -6 12 13 -9 10 -11 -12 -13 -14 -15
leaf_value=0.0012186815049978358 -0.00020116891423751422 0.00028542886033359587 0.00032780663927313799 -0.00025698796349984043 0.00022832185821935674 -0.0017742966416469028 0.0022068457119609848 -0.0021307634392031048 -0.0022546654610526842 -0.0011990143991868027 -0.00065073807879566735 1.4702241685609611e-05 -0.00010000380878237884 0.00015800544253528534
leaf_weight=1593 50445 16706 89399 87426 19001 2219 560 1218 1176 1027 3789 156001 1267 6125
leaf_count=1593 50445 16706 89399 87426 19001 2219 560 1218 1176 1027 3789 156001 1267 6125
internal_value=-1.81034e-06 5.10605e-05 0.000130273 -0.000108492 -0.000170336 -0.000295556 -0.000247499 -0.000315833 -0.000275749 0.000310401 -0.00103253 2.69106e-05 -0.00116678 0.000331157
internal_weight=437952 371153 248020 123133 106427 66799 63313 56628 55410 90426 4965 157594 3486 6685
internal_count=437952 371153 248020 123133 106427 66799 63313 56628 55410 90426 4965 157594 3486 6685
is_linear=0
shrinkage=0.03


Tree=55
num_leaves=15
num_cat=0
split_feature=45 9 24 53 55 12 23 39 45 9 12 10 45 47
split_gain=6.70191 6.27361 4.99062 3.99792 3.88324 3.53825 3.41011 3.22335 2.80458 2.79008 2.67269 2.52954 2.58605 2.32479
threshold=-0.0023899748921394344 0.040842965245246894 0.97214999794960033 0.0037573361769318585 0.37473404407501226 0.44693219661712652 0.45964999496936804 0.03529500029981137 0.030501510016620163 0.022748508490622047 0.53133252263069164 -0.040222574025392525 -0.056034659966826432 0.2343057915568352
decision_type=2 10 8 2 2 10 8 10 2 8 10 8 2 10
left_child=2 4 10 5 -2 8 -6 11 -3 -8 -1 -4 -13 -10
right_child=1 3 7 -5 6 -7 9 -9 13 -11 -12 12 -14 -15
leaf_value=0.00038158907852646435 -0.00027405273550448273 -0.00044120872304269154 0.0007781678402641436 0.00021863599534351094 -0.00064233637916160909 -0.00096684270176924329 0.00025990295216079049 0.00035169226486756188 -0.00048405449238216064 -9.6430396920131623e-06 -0.00014339404322570947 -0.0020357979061505532 -0.00014542540647022147 0.0010288458365524237
leaf_weight=70656 44797 30760 2661 8368 6403 10869 47104 16260 1522 129759 9955 654 56073 2275
leaf_count=70656 44797 30760 2661 8368 6403 10869 47104 16260 1522 129759 9955 654 56073 2275
internal_value=-5.06334e-06 -9.24273e-05 0.00015252 -0.000383836 -2.36848e-05 -0.00049483 3.75202e-05 -2.2496e-05 -0.000346252 6.21506e-05 0.000316752 -0.000124967 -0.000167397 0.000422572
internal_weight=438116 281857 156259 53794 228063 45426 183266 75648 34557 176863 80611 59388 56727 3797
internal_count=438116 281857 156259 53794 228063 45426 183266 75648 34557 176863 80611 59388 56727 3797
is_linear=0
shrinkage=0.03


Tree=56
num_leaves=15
num_cat=0
split_feature=60 70 13 64 18 79 11 79 20 20 76 48 26 50
split_gain=6.54697 6.06771 3.34941 3.34919 2.99638 2.97261 3.58022 2.78676 3.40313 2.78055 2.65316 2.50791 2.29425 2.21718
threshold=0.85401818156242382 0.00026970445469487464 0.39024545252323156 0.9533788561820985 0.11545000225305559 115.50000000000001 0.29584012925624853 83.500000000000014 -0.027145000174641606 -0.30595000088214869 1.5000000000000002 -0.42489075660705561 0.15335000306367877 -0.011572268791496752
decision_type=2 2 8 10 8 8 10 8 10 10 2 10 8 2
left_child=1 2 4 7 9 -3 -7 -2 -9 10 -1 -5 13 -12
right_child=3 5 -4 11 -6 6 -8 8 -10 -11 12 -13 -14 -15
leaf_value=-0.0012098235082095123 -7.1635303990330373e-05 -2.1362468658544759e-05 0.00037651546464018528 -0.0018756458011894295 -0.00025555971630416348 -0.00057315751265429415 0.00024818322838597421 -0.00068645534194664167 0.0016967075922880816 0.00021525928521016864 0.0018978227284342911 -0.00057396605958610859 0.00035607376523204509 -0.00040462166577996775
leaf_weight=1981 43238 155773 52155 1620 18982 19296 6344 11985 560 100012 385 7446 7346 10883
leaf_count=1981 43238 155773 52155 1620 18982 19296 6344 11985 560 100012 385 7446 7346 10883
internal_value=5.38094e-06 5.37331e-05 0.0001714 -0.000272832 9.47512e-05 -7.06358e-05 -0.000369928 -0.000185877 -0.000579439 0.000149894 -0.000167504 -0.000807468 -5.62797e-05 -0.000325146
internal_weight=438006 373157 191744 64849 139589 181413 25640 55783 12545 120607 20595 9066 18614 11268
internal_count=438006 373157 191744 64849 139589 181413 25640 55783 12545 120607 20595 9066 18614 11268
is_linear=0
shrinkage=0.03


Tree=57
num_leaves=15
num_cat=0
split_feature=13 32 49 80 19 55 12 26 21 45 68 14 44 55
split_gain=6.13726 6.88938 4.35242 3.998 3.28761 3.19536 2.683 3.38885 3.99339 2.66001 2.47442 2.29377 2.22208 2.21346
threshold=0.38117119669914251 -0.087060000747442232 0.014222825877368452 6.5000000000000009 0.2751500010490418 0.38562898337841039 0.26548850536346441 0.23085000365972522 0.32324999570846563 -0.003592345397919416 -0.001563830650411546 0.12635000050067904 0.011005777399986984 0.17095620930194858
decision_type=8 10 10 8 10 2 10 8 10 2 2 10 2 2
left_child=1 3 -2 -1 9 12 -5 8 -8 13 -11 -10 -4 -3
right_child=2 4 5 6 -6 -7 7 -9 11 10 -12 -13 -14 -15
leaf_value=0.00028739251965564293 0.0013004636116159475 -0.00028667053394049554 -2.6925617473362484e-05 -0.00018805542349142334 -0.00027549968857405342 0.00025711986287663846 -0.00035651096648504931 -6.3258989292486337e-07 -0.00097286728981856691 -0.00044260060585034268 2.1732914558036942e-05 -0.0025941187869772731 -0.0010428260077084031 0.00027609732549326412
leaf_weight=8872 3080 7040 31223 31603 30504 84373 14061 7525 13589 11190 133514 831 2061 58758
leaf_count=8872 3080 7040 31223 31603 30504 84373 14061 7525 13589 11190 133514 831 2061 58758
internal_value=6.05175e-06 -6.31821e-05 0.000188103 -0.000311249 1.55443e-05 0.000158929 -0.000389821 -0.000566863 -0.000716441 5.77252e-05 -1.41882e-05 -0.00106716 -8.9979e-05 0.000215867
internal_weight=438224 317487 120737 76481 241006 117657 67609 36006 28481 210502 144704 14420 33284 65798
internal_count=438224 317487 120737 76481 241006 117657 67609 36006 28481 210502 144704 14420 33284 65798
is_linear=0
shrinkage=0.03


Tree=58
num_leaves=15
num_cat=0
split_feature=79 20 51 63 18 63 24 20 58 21 16 61 6 10
split_gain=6.61086 4.91997 4.80812 4.13017 3.84107 3.54474 3.20337 3.02391 2.94435 2.68617 2.61115 2.88883 2.17288 2.17265
threshold=636.50000000000011 -0.075774997472763048 0.33298915624618536 0.14503885805606845 0.10045000165700914 0.96888023614883434 1.4835000038146975 -0.12744999676942823 0.011340877506881954 0.18075000494718554 0.087334997951984419 0.17108781635761264 0.0032589999027550225 -0.0036591432290151711
decision_type=8 8 10 2 10 2 8 8 2 10 10 2 8 10
left_child=2 4 5 -4 8 6 9 -5 -2 -1 11 -11 -7 -3
right_child=1 13 3 7 -6 12 -8 -9 -10 10 -12 -13 -14 -15
leaf_value=0.00034953527402048528 -0.00060679894690553085 -0.00034100318643925297 -0.00097545362885150617 0.00023352616172861118 -0.0013313650833908545 0.00058047323241808692 -0.00017390929555201657 -0.00048350716210129082 7.075396081208878e-06 0.00044676983403588231 -2.9096969185398952e-05 0.00010587545088464898 -0.0007594477276079999 0.00045922357604536818
leaf_weight=39754 20090 4798 6833 10514 4483 1292 37603 10651 10817 26581 108242 141223 6827 8380
leaf_count=39754 20090 4798 6833 10514 4483 1292 37603 10651 10817 26581 108242 141223 6827 8380
internal_value=3.09626e-06 -0.00032692 4.42486e-05 -0.000334462 -0.000511152 7.35819e-05 8.78235e-05 -0.00012734 -0.000391985 0.000118991 8.57839e-05 0.000159887 -0.000545996 0.000167849
internal_weight=438088 48568 389520 27998 35390 361522 353403 21165 30907 315800 276046 167804 8119 13178
internal_count=438088 48568 389520 27998 35390 361522 353403 21165 30907 315800 276046 167804 8119 13178
is_linear=0
shrinkage=0.03


Tree=59
num_leaves=15
num_cat=0
split_feature=9 17 26 64 22 20 50 7 12 45 64 64 51 30
split_gain=6.05758 5.1686 4.71264 4.18381 4.14369 3.7971 3.51124 3.46188 3.42894 3.16575 2.85849 2.65648 2.65282 2.61395
threshold=0.03632068075239659 37.604999542236335 0.15165000408887866 0.63597410917282116 0.35564999282360082 -0.21845000237226483 -0.00040416058618575329 0.35416649281978613 0.4953379780054093 -0.0050047966651618472 0.96499025821685802 0.74896258115768444 0.038965146988630302 0.61594998836517345
decision_type=10 8 10 10 8 10 2 10 10 2 10 10 10 10
left_child=3 -2 8 4 5 -1 10 13 9 12 -5 -4 -3 -6
right_child=1 2 11 6 7 -7 -8 -9 -10 -11 -12 -13 -14 -15
leaf_value=-0.0003414559169655694 0.00031001435231037402 0.0010749664850830153 0.00011841249300928328 -0.0001885247115771981 0.00026071970288089625 0.0001303982104537572 8.2605754118199811e-05 -8.0462756354313182e-05 -0.00087471353543882788 -0.00046589097419496125 -0.00097137731437516007 -0.00039163310295175873 -0.00010467507791473176 0.00068211466015072005
leaf_weight=24122 17199 1939 34184 46905 93877 42183 57361 23595 11860 36734 4606 12564 14607 15424
leaf_count=24122 17199 1939 34184 46905 93877 42183 57361 23595 11860 36734 4606 12564 14607 15424
internal_value=-1.58721e-06 -0.000174102 -0.000248529 7.07006e-05 0.000152431 -4.12768e-05 -7.88408e-05 0.000249075 -0.000413456 -0.000310709 -0.000258613 -1.86947e-05 3.38483e-05 0.000320213
internal_weight=437160 129087 111888 308073 199201 66305 108872 132896 65140 53280 51511 46748 16546 109301
internal_count=437160 129087 111888 308073 199201 66305 108872 132896 65140 53280 51511 46748 16546 109301
is_linear=0
shrinkage=0.03


Tree=60
num_leaves=15
num_cat=0
split_feature=12 45 9 30 9 13 26 20 9 54 27 46 50 20
split_gain=6.07868 4.69197 4.24266 4.06986 3.48236 3.08063 3.00379 2.73891 2.59122 2.72512 2.31779 2.18195 2.15257 2.11208
threshold=0.53133252263069164 -0.0033693531295284625 0.0224347272887826 0.41994999349117285 0.040842965245246894 0.51030933856964122 0.15894999355077746 -0.2165500000119209 0.050975680351257331 0.0041527082212269315 16.875000000000004 0.40515859425067907 -0.0019083035294897852 -0.27844999730587
decision_type=10 2 10 8 8 8 8 8 10 2 8 10 2 8
left_child=1 3 13 -1 7 -5 11 10 9 -4 -2 -6 -10 -3
right_child=4 2 8 5 6 -7 -8 -9 12 -11 -12 -13 -14 -15
leaf_value=-4.1288062166772376e-05 -0.0008199740000945639 -0.00037541720846690082 -0.00012596222914433089 0.00024098456835233679 -0.0016962804128429286 0.00072359995608703106 -0.00023015788828956109 -1.5005160698527157e-05 -0.00094332575927626042 0.00012690977038439281 6.9688873048947141e-06 -0.00060192821653569937 -0.00022031770935291244 0.00027589401225579994
leaf_weight=40648 8466 4931 128310 67971 3339 14429 5997 34706 5167 54704 4767 3234 13092 48672
leaf_count=40648 8466 4931 128310 67971 3339 14429 5997 34706 5167 54704 4767 3234 13092 48672
internal_value=7.53273e-06 5.22311e-05 -2.12157e-05 0.00020436 -0.000271623 0.000325534 -0.000715977 -0.000155047 -8.43814e-05 -5.03758e-05 -0.000522189 -0.00115871 -0.000425119 0.00021595
internal_weight=438433 377924 254876 123048 60509 82400 12570 47939 201273 183014 13233 6573 18259 53603
internal_count=438433 377924 254876 123048 60509 82400 12570 47939 201273 183014 13233 6573 18259 53603
is_linear=0
shrinkage=0.03


Tree=61
num_leaves=15
num_cat=0
split_feature=45 9 24 55 50 10 51 67 25 19 9 48 71 16
split_gain=5.265 5.12162 4.34399 3.55895 3.26653 2.85298 3.13983 3.09509 2.72623 3.41209 2.6424 3.02482 2.61442 2.56599
threshold=-0.0033693531295284625 0.040842965245246894 0.83875000476837169 0.38408838212490087 -0.001190112088806927 -0.045468214899301522 0.33298915624618536 -0.023659475147724148 0.041699999943375594 0.16324999928474429 0.021558101288974289 -0.50209122896194447 0.015849248506128791 -0.035155000165104859
decision_type=2 10 8 2 2 8 10 2 10 10 10 10 2 8
left_child=2 3 8 -2 13 -4 -7 -8 -1 -10 -5 -12 -9 -3
right_child=1 4 5 10 -6 6 7 12 9 -11 11 -13 -14 -15
leaf_value=0.00016015784323050424 -0.00023971046470819889 -0.00015133244027749156 0.00096647110374520155 0.00025294616149970406 -0.00018160710575298417 2.7103062153856482e-05 -0.0047683199924332172 -0.0004611246505219605 0.00088325897110117673 0.00015302943238968463 -0.0016704478806193431 -9.1181948504405935e-06 -0.004020416491008677 -0.00091653814509610511
leaf_weight=29470 53005 5797 2716 40583 37371 79423 160 5028 14382 9607 988 147263 188 12349
leaf_count=29470 53005 5797 2716 40583 37371 79423 160 5028 14382 9607 988 147263 188 12349
internal_value=-1.0569e-05 -8.21585e-05 0.000140432 -2.25023e-05 -0.000342003 1.02714e-05 -2.04096e-05 -0.000721716 0.000353491 0.000590913 3.8472e-05 -2.02459e-05 -0.000593139 -0.000672191
internal_weight=438330 297356 140974 241839 55517 87515 84799 5376 53459 23989 188834 148251 5216 18146
internal_count=438330 297356 140974 241839 55517 87515 84799 5376 53459 23989 188834 148251 5216 18146
is_linear=0
shrinkage=0.03


Tree=62
num_leaves=15
num_cat=0
split_feature=60 12 51 65 24 45 53 56 45 9 54 35 24 53
split_gain=5.3762 3.78114 3.37167 3.52124 3.30751 4.32735 4.02192 3.43134 3.27016 2.97082 2.84096 2.47754 2.36985 2.24543
threshold=0.76857700943946849 0.56936147809028637 0.36804534494876867 0.80681511759758007 0.97214999794960033 0.0010502295335754754 0.0037573361769318585 0.026490708813071254 -0.034187013283371918 0.054463889449834831 0.0034541763598099355 -0.080669999122619615 0.70995000004768383 -0.013867478352040051
decision_type=2 10 10 8 10 2 2 2 2 10 2 10 10 2
left_child=1 4 8 -4 5 -1 10 -7 -2 -10 11 -6 -9 -13
right_child=2 -3 3 -5 6 7 -8 12 9 -11 -12 13 -14 -15
leaf_value=0.00032462205301468791 0.002421660429157525 -0.00023508165458579599 -0.00094161203146314381 0.00013653600107421161 -0.00081750916543509272 5.3457362193694212e-05 0.00052649839974167046 -0.0019502399571258984 -8.4287339957642767e-05 -0.00071462161120624743 0.00017146988613602211 -0.0015391308368671271 -7.8939525949568685e-05 -9.9929275500739895e-05
leaf_weight=89020 447 35441 9564 3811 4784 73961 11209 1316 81046 7334 33033 982 1131 85151
leaf_count=89020 447 35441 9564 3811 4784 73961 11209 1316 81046 7334 33033 982 1131 85151
internal_value=2.15143e-08 5.79713e-05 -0.000190504 -0.000634474 9.25274e-05 0.000182476 -1.75681e-05 1.68569e-05 -0.000123622 -0.000136632 -6.67882e-05 -0.000153359 -0.00108725 -0.000116426
internal_weight=438230 336028 102202 13375 300587 165428 135159 76408 88827 88380 123950 90917 2447 86133
internal_count=438230 336028 102202 13375 300587 165428 135159 76408 88827 88380 123950 90917 2447 86133
is_linear=0
shrinkage=0.03


Tree=63
num_leaves=15
num_cat=0
split_feature=12 30 45 53 51 50 49 53 79 59 79 79 30 51
split_gain=5.00026 5.12025 3.73273 3.41293 3.22877 3.61595 3.12896 3.20447 3.00368 2.9278 2.53758 2.51632 2.43355 2.56113
threshold=0.52703115344047557 0.49944999814033514 -0.0032516849460080262 -0.0052123144268989554 0.33298915624618536 0.0043100903276354083 0.10850751772522928 0.0018943820032291116 184.50000000000003 7.995434284210206 906.50000000000011 1356.5000000000002 0.38054999709129339 0.97631946206092846
decision_type=10 10 2 2 10 2 10 2 8 10 8 10 8 10
left_child=1 4 -3 -4 6 9 -1 10 -2 11 -8 12 13 -6
right_child=8 2 3 -5 5 -7 7 -9 -10 -11 -12 -13 -14 -15
leaf_value=0.00030456478157682714 -0.00015494385444501222 0.00040349299389523524 -0.00057302103456481537 0.00012557848455464556 -0.00089699916258697231 0.00020222293487037637 -7.4114956931590895e-05 0.00017642548597550717 -0.00070981908089686688 0.0029323429780414522 -0.00046791504654616081 -0.003009606063406041 -0.00031205154630316176 -0.0029356834213994445
leaf_weight=25071 51384 46622 6775 87772 5040 6192 129747 42745 10586 196 16608 413 8109 620
leaf_count=25071 51384 46622 6775 87772 5040 6192 129747 42745 10586 196 16608 413 8109 620
internal_value=-1.06842e-07 4.10553e-05 0.000183826 7.54909e-05 -4.48066e-05 -0.000403771 -1.03213e-05 -5.20761e-05 -0.00024978 -0.000664727 -0.000118817 -0.000715455 -0.000645575 -0.00112271
internal_weight=437880 375910 141169 94547 234741 20570 214171 189100 61970 14378 146355 14182 13769 5660
internal_count=437880 375910 141169 94547 234741 20570 214171 189100 61970 14378 146355 14182 13769 5660
is_linear=0
shrinkage=0.03


Tree=64
num_leaves=15
num_cat=0
split_feature=79 19 11 12 45 49 52 30 24 26 65 45 56 25
split_gain=5.12963 4.01763 3.70887 4.25247 3.63518 3.23029 2.92863 2.87909 2.85902 2.99699 2.70034 2.57628 2.42421 2.38916
threshold=745.50000000000011 0.2751500010490418 -0.21620760113000867 0.51403379440307628 -0.017561368644237515 0.024362723343074325 6.1304104328155526 0.61594998836517345 0.96395000815391552 0.078585002571344389 0.018989542499184612 -0.010498161427676676 0.031713781878352172 0.083184998482465758
decision_type=8 8 8 10 2 10 10 10 10 10 8 2 2 8
left_child=1 5 4 8 10 -1 -3 -7 -4 -10 -2 -9 -13 -8
right_child=2 6 3 -5 -6 7 13 11 9 -11 -12 12 -14 -15
leaf_value=0.00059574395147511683 0.0051836702255280438 -0.00017590364857208272 0.00053196853444576061 -0.00065536203128891898 -0.00071544316686885496 2.6110104828213685e-05 -0.0035245428697725885 0.0010783108531862819 -0.0018828466731209445 -2.3447054477149779e-05 0.00036525995485939023 0.00024890900385743077 -0.0027901724179885778 -0.00028670492503245855
leaf_weight=10350 106 53915 10075 7434 19274 289919 425 3542 874 6939 1860 32198 233 394
leaf_count=10350 106 53915 10075 7434 19274 289919 425 3542 874 6939 1860 32198 233 394
internal_value=-1.52534e-07 3.52972e-05 -0.000297792 -5.25461e-05 -0.000590089 7.40979e-05 -0.000203049 5.75221e-05 0.000198089 -0.00023252 0.000637543 0.000310643 0.000226648 -0.00197809
internal_weight=437538 390976 46562 25322 21240 336242 54734 325892 17888 7813 1966 35973 32431 819
internal_count=437538 390976 46562 25322 21240 336242 54734 325892 17888 7813 1966 35973 32431 819
is_linear=0
shrinkage=0.03


Tree=65
num_leaves=15
num_cat=0
split_feature=45 13 51 79 67 20 13 67 50 46 21 50 52 34
split_gain=5.41796 5.39786 5.03348 4.32488 3.19467 2.83797 2.55806 2.49824 2.82826 2.38524 2.99163 2.33508 2.35971 2.44068
threshold=-0.0033693531295284625 0.25266790390014654 0.046880688518285758 76.500000000000014 -0.0030143351759761568 -0.023164999671280381 1.0000000180025095e-35 -0.0040543016511946908 -0.0095767271704971773 0.84452182054519664 0.28505000472068792 -0.017546268180012699 7.3912992477417001 0.0065254999790340671
decision_type=2 8 10 8 2 10 10 2 2 8 8 2 8 10
left_child=2 3 4 7 -1 6 -5 -2 -9 10 -3 12 13 -4
right_child=1 9 11 5 -6 -7 -8 8 -10 -11 -12 -13 -14 -15
leaf_value=0.00020249506177510304 -0.00042841781981233998 0.00024845530556886618 0.0026547844959364528 0.00025646454368779534 0.0009638871146296161 0.0010284779938725009 -0.000686810106296597 -0.0021941739104184882 -5.0890537150324331e-05 -0.00032655327605287922 -4.0835613237676999e-05 6.7637676453778114e-05 -0.0022546042181901486 -0.0002570818397456087
leaf_weight=9580 19817 63349 832 2892 10286 1011 24383 552 107265 12881 65364 119631 144 374
leaf_count=9580 19817 63349 832 2892 10286 1011 24383 552 107265 12881 65364 119631 144 374
internal_value=1.06956e-06 -7.1498e-05 0.000154353 -0.000193268 0.000596864 -0.000528861 -0.000586765 -0.000118877 -6.19649e-05 6.25943e-05 0.00010155 8.16672e-05 0.00132006 0.00175443
internal_weight=438361 297514 140847 155920 19866 28286 27275 127634 107817 141594 128713 120981 1350 1206
internal_count=438361 297514 140847 155920 19866 28286 27275 127634 107817 141594 128713 120981 1350 1206
is_linear=0
shrinkage=0.03


Tree=66
num_leaves=15
num_cat=0
split_feature=13 21 51 11 20 76 24 70 72 58 22 70 26 51
split_gain=5.35817 4.1043 3.11171 3.15044 3.73831 3.50564 3.11015 2.99601 2.89675 2.74785 3.28045 2.64128 2.63964 2.61953
threshold=0.42024992406368261 0.60914999246597301 0.43628221750259405 0.33099882304668432 -0.27594999969005579 1.5000000000000002 1.2154999971389773 0.0052274938207119712 0.0081842537038028258 0.010789634194225075 0.80404999852180492 0.011827358044683935 0.13194999843835833 0.031276233494281776
decision_type=8 10 10 10 10 2 10 2 2 2 10 2 10 10
left_child=1 2 3 4 5 -1 7 -2 -4 -3 -11 -6 -7 -5
right_child=6 9 8 13 11 12 -8 -9 -10 10 -12 -13 -14 -15
leaf_value=-0.0010921649673899616 0.00039721671489618667 -0.0010366332718532024 -0.00057213083958188775 0.00074264217756526399 3.1588609722057236e-05 -0.00041445176135919176 -9.6654325681741002e-05 -5.2295402587107036e-05 0.00091164180716503276 5.517009603858901e-05 -0.0012010577648977427 -0.00043614562217167668 6.2565491427209562e-05 9.4740711449706891e-05
leaf_weight=4593 58332 5806 13895 5976 148901 25720 24146 17301 1290 8337 2407 11716 17570 92148
leaf_count=4593 58332 5806 13895 5976 148901 25720 24146 17301 1290 8337 2407 11716 17570 92148
internal_value=6.57448e-06 -5.0397e-05 -2.66985e-05 -5.9352e-06 -7.19037e-05 -0.000304543 0.000199763 0.000294394 -0.000445822 -0.00051106 -0.000226693 -2.54218e-06 -0.000220861 0.000134235
internal_weight=438138 338359 321809 306624 208500 47883 99779 75633 15185 16550 10744 160617 43290 98124
internal_count=438138 338359 321809 306624 208500 47883 99779 75633 15185 16550 10744 160617 43290 98124
is_linear=0
shrinkage=0.03


Tree=67
num_leaves=15
num_cat=0
split_feature=12 9 15 64 11 79 3 21 6 43 17 19 50 64
split_gain=5.61157 3.88384 3.55605 3.05879 3.07086 5.44756 3.20252 2.65334 2.60186 2.45132 2.20205 2.14096 2.23438 2.11709
threshold=0.49999947845935827 0.050424449145793922 0.12564999610185626 0.92688494920730602 -0.41051456332206721 77.500000000000014 -0.0003295000060461461 0.18515000492334369 -0.00096949998987838615 0.0039694823790341624 42.104999542236335 0.41304999589920049 -0.0075256517156958571 0.8198625147342683
decision_type=10 8 10 10 8 8 10 10 8 2 8 8 2 10
left_child=2 -2 3 4 5 11 7 -6 -7 -4 -5 12 -1 -9
right_child=1 -3 9 10 6 8 -8 13 -10 -11 -12 -13 -14 -15
leaf_value=0.00083368839245895126 -0.00016916526987875176 -0.00093360501391621508 -9.2605075057991545e-06 0.0002431156613553416 0.00054329789904830183 0.00099468287486753214 -5.9040612871370384e-05 0.0002413093642372223 -0.00055400186314192809 -0.00046259673672001097 -0.00041769923335554214 -0.00068031556698553211 7.8365985415087365e-05 -0.00013811025866463113
leaf_weight=3668 66742 6566 25060 6142 23374 1027 37922 107176 18258 18775 17349 3198 87419 15097
leaf_count=3668 66742 6566 25060 6142 23374 1027 37922 107176 18258 18775 17349 3198 87419 15097
internal_value=1.78973e-06 -0.000237693 4.99616e-05 8.46108e-05 0.000110665 -1.19487e-05 0.000186522 0.000250459 -0.000471292 -0.00020346 -0.000244906 8.20252e-05 0.000108826 0.000194459
internal_weight=437773 73308 364465 320630 297139 113570 183569 145647 19285 43835 23491 94285 91087 122273
internal_count=437773 73308 364465 320630 297139 113570 183569 145647 19285 43835 23491 94285 91087 122273
is_linear=0
shrinkage=0.03


Tree=68
num_leaves=15
num_cat=0
split_feature=12 30 9 64 72 61 53 69 17 43 53 60 9 49
split_gain=4.55773 3.50648 3.20453 3.13968 2.69978 2.6853 2.53717 2.46041 2.44976 2.44091 2.12551 1.9504 1.94163 1.93448
threshold=0.44693219661712652 0.50505000352859508 0.039789237082004554 0.92688494920730602 -0.0081170173361897451 0.65161153674125682 0.0036685916129499678 0.19337607175111773 42.104999542236335 0.037499351426959045 0.0037573361769318585 0.46731320023536688 0.025334374979138378 0.10850751772522928
decision_type=10 10 8 10 2 2 2 2 8 2 2 2 10 10
left_child=1 3 -2 6 -3 11 9 -7 -5 12 -4 -6 -1 -14
right_child=2 4 10 8 5 7 -8 -9 -10 -11 -12 -13 13 -15
leaf_value=0.00015668328799014179 -8.3827489900408091e-05 -0.00070547056612439978 -0.00060818649986204784 0.00027817755197074879 0.00047597498757371518 -0.00075170974095837661 0.00035269333361195355 8.0585354865442995e-05 -0.00055160223940964922 0.0015877206280733652 0.00032613489107490994 0.00017666153862883882 0.00021956420088962053 -0.00011887615582123603
leaf_weight=42029 73566 2989 18988 4039 35001 3487 18710 37791 15401 847 2474 44525 17388 120562
leaf_count=42029 73566 2989 18988 4039 35001 3487 18710 37791 15401 847 2474 44525 17388 120562
internal_value=5.89314e-06 5.68599e-05 -0.000177939 -1.52857e-05 0.000184473 0.000206521 2.01751e-05 1.01939e-05 -0.000379174 -1.42393e-05 -0.000500433 0.000308417 -2.18221e-05 -7.62108e-05
internal_weight=437797 342769 95028 218976 123793 120804 199536 41278 19440 180826 21462 79526 179979 137950
internal_count=437797 342769 95028 218976 123793 120804 199536 41278 19440 180826 21462 79526 179979 137950
is_linear=0
shrinkage=0.03


Tree=69
num_leaves=15
num_cat=0
split_feature=45 9 24 79 25 20 44 54 61 18 18 55 68 18
split_gain=4.28598 4.16277 3.91065 3.12665 2.92472 2.91811 2.79052 2.7261 2.60697 2.53135 2.41752 2.31207 2.23762 2.13822
threshold=-0.0033693531295284625 0.021673553623259071 0.76274999976158153 1866.5000000000002 0.041699999943375594 -0.021195000037550923 -0.014532888773828743 0.0041527082212269315 0.34236682951450353 0.2572499960660935 0.10384999960660936 0.44741961359977728 0.011252517811954023 0.18055000156164172
decision_type=2 10 10 8 10 10 2 2 2 10 10 2 2 10
left_child=2 -2 4 6 -1 10 -3 -8 -9 -4 11 12 -5 -6
right_child=1 3 9 5 13 -7 7 8 -10 -11 -12 -13 -14 -15
leaf_value=0.00015754392167088472 0.00017270889920591978 -0.00094611563866865472 4.4701119793896541e-05 -0.00098870025638010195 0.00072350656546961249 0.0017075519586927431 -0.00014363940176153781 -0.00025527833889556889 0.00018839856774387274 -0.0011293198209832407 -0.001345630770410055 -0.00012273348875090713 0.0014918213235066734 -0.00054896600242097479
leaf_weight=26876 53727 3346 92387 5948 18191 530 153201 15502 51514 1678 2848 10288 342 1268
leaf_count=26876 53727 3346 92387 5948 18191 530 153201 15502 51514 1678 2848 10288 342 1268
internal_value=-1.77277e-06 -6.6295e-05 0.000134827 -0.000119028 0.000360402 -0.000478779 -8.69058e-05 -7.38297e-05 8.57568e-05 2.36992e-05 -0.000538853 -0.000399889 -0.000852751 0.000640469
internal_weight=437646 297246 140400 243519 46335 19956 223563 220217 67016 94065 19426 16578 6290 19459
internal_count=437646 297246 140400 243519 46335 19956 223563 220217 67016 94065 19426 16578 6290 19459
is_linear=0
shrinkage=0.03


Tree=70
num_leaves=15
num_cat=0
split_feature=9 18 60 64 62 71 13 53 48 51 20 62 53 16
split_gain=4.70342 3.8235 3.74623 4.55996 3.3012 3.73475 3.29323 2.71496 2.66635 2.65514 2.45564 2.43122 2.31485 2.31273
threshold=0.050424449145793922 0.098755002021789565 0.45951695740222936 0.91946139931678783 0.57659474015235912 -0.010412078350782393 0.25476212799549108 0.0041900747455656537 -0.54020723700523365 0.04825240001082421 -0.021195000037550923 0.98329848051071178 0.0053096816409379253 -0.26244999468326563
decision_type=10 8 2 10 2 2 8 2 10 10 10 2 2 10
left_child=2 8 4 6 9 -6 -4 10 13 12 -3 -7 -1 -2
right_child=1 7 3 -5 5 11 -8 -9 -10 -11 -12 -13 -14 -15
leaf_value=0.00066124836109803897 -0.00077599320424947464 -0.00095713563229876675 -0.00012371560475554614 -0.00047734609412873597 0.00058302501832374794 -3.3104990691840846e-05 0.00012343652991109321 0.00069201233790327642 -0.00014792577418501157 0.00018000339901519377 0.00053752772147870728 -0.001040936705746503 -0.0014846649495163739 0.0025666092683462758
leaf_weight=15994 266 11997 106568 20899 9005 82494 89073 1137 21289 75187 1075 2207 461 602
leaf_count=15994 266 11997 106568 20899 9005 82494 89073 1137 21289 75187 1075 2207 461 602
internal_value=-1.01558e-06 -0.000327707 2.85497e-05 -5.61902e-05 0.000127549 2.34097e-06 -1.11899e-05 -0.000711744 -8.13236e-05 0.000255571 -0.000834061 -5.94253e-05 0.000600696 0.00154369
internal_weight=438254 36366 401888 216540 185348 93706 195641 14209 22157 91642 13072 84701 16455 868
internal_count=438254 36366 401888 216540 185348 93706 195641 14209 22157 91642 13072 84701 16455 868
is_linear=0
shrinkage=0.03


Tree=71
num_leaves=15
num_cat=0
split_feature=64 70 50 63 51 50 18 50 22 30 44 58 13 20
split_gain=4.37434 4.87807 4.52073 3.20763 3.08471 3.80574 3.02154 2.8534 2.60729 2.31923 3.01672 2.54853 2.24563 3.31677
threshold=0.63597410917282116 1.0000000180025095e-35 -0.00054010690655559291 0.94588962197303783 0.55140370130538952 -0.011572268791496752 0.15104999393224719 -0.0095767271704971773 0.33865000307559973 0.58254998922348034 0.023747899569571022 0.011128032114356758 0.31801795959472662 -0.47945000231266016
decision_type=10 2 2 2 10 2 10 2 8 10 2 2 8 8
left_child=1 6 4 8 5 -2 7 -1 -3 11 -11 -4 13 -9
right_child=2 3 9 -5 -6 -7 -8 12 -10 10 -12 -13 -14 -15
leaf_value=0.0011169300634004302 0.00070263903351540282 -0.00023203475169135783 -0.00016946867427148859 -0.00069032546428629245 -0.00094234642443105144 -0.00029108768381194445 -0.0003649315789583295 -0.0010425406247644834 6.6805428230152871e-05 0.00063148297894767558 -0.0012675221928924491 0.00018711346408615558 0.0003479610612712797 0.00013278359275928432
leaf_weight=3117 3659 38623 46584 6972 6091 65118 8416 2215 82164 8647 820 29432 55351 81272
leaf_count=3117 3659 38623 46584 6972 6091 65118 8416 2215 82164 8647 820 29432 55351 81272
internal_value=-5.30467e-07 7.14164e-05 -0.000125321 -6.48861e-05 -0.000295521 -0.000238173 0.000187221 0.000219968 -2.87577e-05 2.37527e-05 0.000466415 -3.14034e-05 0.000199791 0.00010154
internal_weight=438481 278130 160351 127759 74868 68777 150371 141955 120787 85483 9467 76016 138838 83487
internal_count=438481 278130 160351 127759 74868 68777 150371 141955 120787 85483 9467 76016 138838 83487
is_linear=0
shrinkage=0.03


Tree=72
num_leaves=15
num_cat=0
split_feature=12 9 45 51 9 50 9 58 61 67 53 50 54 51
split_gain=4.09706 3.72613 2.85903 3.8519 3.23266 2.72213 2.56253 2.53863 2.35 2.2872 2.2774 2.88378 2.38296 2.12089
threshold=0.46068701148033148 0.039789237082004554 -0.0057763468939810983 0.043388700112700469 0.050975680351257331 -0.011572268791496752 0.015738375484943393 0.010708218440413477 0.1305235102772713 0.0024444670416414742 -0.0023781628115102644 0.0045111617073416719 -1.0000000180025095e-35 0.55140370130538952
decision_type=10 8 2 10 10 2 10 2 2 2 2 2 2 10
left_child=2 -2 3 -1 6 13 -4 -6 -9 -3 11 12 -8 -5
right_child=1 9 4 5 7 -7 10 8 -10 -11 -12 -13 -14 -15
leaf_value=0.00078765055794264834 -7.7812196787131274e-05 -0.00073820737022363501 0.00057809669164412636 0.001147235012171989 -0.00088953443168154282 8.4780422996692711e-05 -0.0006783913208316118 -0.0015980946558383819 -1.3585454282663736e-05 -2.081100789234115e-05 5.6353469109837205e-05 -0.00088344533369983324 -1.9494189459626888e-05 -0.00076246783471661502
leaf_weight=8848 68853 14611 7294 3590 6104 73575 5609 908 10896 5507 185461 4626 41147 609
leaf_count=8848 68853 14611 7294 3590 6104 73575 5609 908 10896 5507 185461 4626 41147 609
internal_value=-1.06722e-06 -0.000182772 4.53013e-05 0.000194713 -4.09117e-06 0.00012721 2.44498e-05 -0.000393084 -0.000136096 -0.000541885 7.38745e-06 -0.000169341 -9.86017e-05 0.000869685
internal_weight=437638 88971 348667 86622 262045 77774 244137 17908 11804 20118 236843 51382 46756 4199
internal_count=437638 88971 348667 86622 262045 77774 244137 17908 11804 20118 236843 51382 46756 4199
is_linear=0
shrinkage=0.03


Tree=73
num_leaves=15
num_cat=0
split_feature=12 30 44 22 53 67 64 50 51 50 23 55 63 43
split_gain=3.28637 2.66155 3.2364 2.81747 2.77835 2.75739 2.62187 2.61813 2.72989 3.09732 2.58858 2.5704 2.4978 2.27793
threshold=0.53133252263069164 0.55325001478195202 0.025214280001819137 -0.062094999477267258 0.0037573361769318585 -0.0051858520600944749 0.63597410917282116 -0.00043733279744628811 0.8265763819217683 -0.017546268180012699 2.2214999198913579 0.42353436350822454 0.91572606563568126 0.024960048496723179
decision_type=10 10 2 8 2 2 10 2 10 2 10 2 2 2
left_child=1 3 4 -1 5 -3 12 8 9 -8 -2 13 -5 -9
right_child=10 2 -4 6 -6 -7 7 11 -10 -11 -12 -13 -14 -15
leaf_value=0.00058245500023311502 -0.00016880184385308168 -0.00010698455802318695 -0.0012411942439867038 8.121690547081797e-05 -0.00040800920811109067 0.00033746337533477555 0.0017151694533656401 -0.00037039140309748668 -0.0013624550795805577 -0.00026918161377127183 -0.001463701582119181 0.00013142253743228936 -0.00044402097143555829 0.0015638968036014206
leaf_weight=7154 59079 15537 1409 160356 6166 65587 713 16416 2028 50856 1418 42015 8580 562
leaf_count=7154 59079 15537 1409 160356 6166 65587 713 16416 2028 50856 1418 42015 8580 562
internal_value=5.98911e-06 3.88963e-05 0.000182622 -5.26671e-06 0.000205674 0.000252341 -2.02117e-05 -0.000132353 -0.000284117 -0.000241582 -0.000199272 5.54099e-06 5.45285e-05 -0.000305922
internal_weight=437876 377379 88699 288680 87290 81124 281526 112590 53597 51569 60497 58993 168936 16978
internal_count=437876 377379 88699 288680 87290 81124 281526 112590 53597 51569 60497 58993 168936 16978
is_linear=0
shrinkage=0.03


Tree=74
num_leaves=15
num_cat=0
split_feature=12 45 24 9 10 10 54 62 27 9 16 53 12 18
split_gain=3.79892 3.35134 5.07828 3.43133 3.19294 2.62171 2.58848 3.01433 2.54482 2.52003 2.50852 2.13925 2.13337 2.00375
threshold=0.56936147809028637 -0.0038162788841873403 0.66844999790191661 0.017826698720455173 0.092030655592679991 -0.045468214899301522 0.0029022030066698794 0.12230558320879938 16.564999580383304 0.037285197526216514 -0.17294999957084653 -0.0014698968152515588 0.017340989783406261 0.18055000156164172
decision_type=10 2 10 10 10 10 2 2 10 8 8 2 10 8
left_child=1 2 -1 -3 6 -4 11 13 9 -2 -9 -5 -6 -8
right_child=8 3 5 4 12 -7 7 10 -10 -11 -12 -13 -14 -15
leaf_value=0.0005029098148237309 -0.00026876856105263383 0.00037556392589899244 0.0009543783693492288 -0.00031375769996838692 0.0014522519421007018 2.254898511944061e-05 -0.00040798704574125503 0.00058585194871675292 4.985686352800746e-05 -0.00092071885542488647 5.0784748847312061e-05 -5.7633717118315673e-05 -0.0023398130065310687 -0.0021829447861615062
leaf_weight=29752 24330 17757 2799 42406 155 88003 5325 8564 16395 6833 98919 95310 842 637
leaf_count=29752 24330 17757 2799 42406 155 88003 5325 8564 16395 6833 98919 95310 842 637
internal_value=4.47669e-07 3.1282e-05 0.000162789 -2.74558e-05 -5.58433e-05 5.13239e-05 -4.90996e-05 5.70117e-05 -0.00025269 -0.000411844 9.3443e-05 -0.000136509 -0.00174597 -0.0005993
internal_weight=438027 390469 120554 269915 252158 90802 251161 113445 47558 31163 107483 137716 997 5962
internal_count=438027 390469 120554 269915 252158 90802 251161 113445 47558 31163 107483 137716 997 5962
is_linear=0
shrinkage=0.03


Tree=75
num_leaves=15
num_cat=0
split_feature=9 20 45 30 67 79 20 54 53 46 54 24 20 39
split_gain=3.93536 5.14784 3.99775 5.15336 3.81311 4.75739 3.06064 2.84567 2.82467 2.82315 2.80241 2.74986 2.70006 2.40863
threshold=0.025334374979138378 -0.27594999969005579 -0.0085993269458413107 0.32035000622272497 0.0049182353541255006 732.50000000000011 -0.024194999597966668 0.011335697490721943 0.0092142652720212954 0.81050416827201854 0.0013379242154769602 0.77095001935958873 -0.19655000418424604 0.056254999712109573
decision_type=10 8 2 8 2 8 10 2 2 10 2 10 10 10
left_child=1 -1 3 8 5 9 7 -7 10 -4 13 -5 -6 -2
right_child=2 -3 4 11 12 6 -8 -9 -10 -11 -12 -13 -14 -15
leaf_value=-0.00037635350774899422 -0.00097670011383252657 0.00020695879558741353 -7.0516948797546091e-05 0.00061494326131211383 0.00042657960659913232 -0.00064817283310980025 0.0012347239480271757 0.0013311154329910225 0.0039438464456939826 -0.00054091025438478832 0.00016392287386051641 0.00013849578426532248 -6.9471911423040812e-05 0.00076161594257197597
leaf_weight=15335 6675 121211 164134 16874 18522 24691 845 667 129 12342 4397 30802 21146 800
leaf_count=15335 6675 121211 164134 16874 18522 24691 845 667 129 12342 4397 30802 21146 800
internal_value=7.78867e-06 0.000141438 -5.26358e-05 0.000167305 -0.000106798 -0.000159443 -0.000536601 -0.000595859 -0.000388239 -0.000103429 -0.000436951 0.000307172 0.000162172 -0.000790275
internal_weight=438570 136546 302024 59677 242347 202679 26203 25358 12001 176476 11872 47676 39668 7475
internal_count=438570 136546 302024 59677 242347 202679 26203 25358 12001 176476 11872 47676 39668 7475
is_linear=0
shrinkage=0.03


Tree=76
num_leaves=15
num_cat=0
split_feature=49 9 20 64 58 58 61 9 55 34 53 14 63 71
split_gain=4.126 4.73047 3.19036 3.08839 3.00839 2.96364 2.77175 2.83579 3.03104 3.03425 2.97068 2.6216 2.41399 2.19988
threshold=0.024362723343074325 0.050424449145793922 -0.49365000426769251 0.91946139931678783 0.0098871672526001948 0.010140803176909687 0.05817029811441899 0.021673553623259071 0.17095620930194858 0.0037810000358149414 0.004895630758255721 0.15165000408887866 0.16186524927616122 -0.010412078350782393
decision_type=10 10 8 10 2 2 2 10 2 10 2 10 2 2
left_child=-1 2 4 6 -2 -3 -4 8 9 -8 -10 -7 -5 -9
right_child=1 5 3 12 -6 11 7 13 10 -11 -12 -13 -14 -15
leaf_value=0.00049417664114607604 -0.0017514349183599745 -0.00087172555221856542 0.00046133608283786218 -0.00074593949873061945 -0.00025821930976293933 -0.00012808025687718877 -0.0014965883766736088 0.00043412941016706178 0.00027350543251646709 0.00082380206413597149 -0.00088837350382030722 -0.0012603898309324038 -0.0001248484790881293 -3.7628176265631614e-05
leaf_weight=14077 1702 7950 13377 7456 4215 24789 1766 9202 62067 707 2041 1983 22987 263533
leaf_count=14077 1702 7950 13377 7456 4215 24789 1766 9202 62067 707 2041 1983 22987 263533
internal_value=-1.10139e-05 -2.7801e-05 2.14447e-06 1.28248e-05 -0.000688853 -0.000363287 3.78502e-05 2.11484e-05 0.000196671 -0.000832894 0.000236448 -0.00021217 -0.000277062 -2.17035e-05
internal_weight=437852 423775 389053 383136 5917 34722 352693 339316 66581 2473 64108 26772 30443 272735
internal_count=437852 423775 389053 383136 5917 34722 352693 339316 66581 2473 64108 26772 30443 272735
is_linear=0
shrinkage=0.03


Tree=77
num_leaves=15
num_cat=0
split_feature=60 70 67 15 53 80 15 65 6 24 47 10 51 26
split_gain=4.13526 3.22556 2.60295 2.47961 2.56868 2.4479 2.38662 2.54748 1.80005 2.09092 2.44134 2.24107 2.19481 1.84552
threshold=0.88090172410011303 -0.0017392251756973562 -0.012391817755997179 0.1949499994516373 -0.0059888863470405332 1.5000000000000002 0.13305000215768817 0.95770922303199779 -0.00070350000169128169 1.3594999909400942 0.0077405981719493875 -0.040222574025392525 0.19368812441825869 0.15255000442266467
decision_type=2 2 2 10 2 10 10 8 10 8 10 8 8 10
left_child=1 3 -3 8 -5 -4 -2 -8 9 10 -1 -11 13 -13
right_child=6 2 5 4 -6 -7 7 -9 -10 11 -12 12 -14 -15
leaf_value=0.00048136709516719586 -0.00016560518953696827 -0.00055580739126674975 -5.0906825191337865e-05 0.001301572627270708 -0.00060115542464392368 0.00024424386558257773 -0.00087272421286505497 0.0011771226874724623 -9.6613192878080916e-05 0.0013376020181026286 0.00016241802999525487 -0.0001294269115394868 -0.00080146655969840169 0.00070002022391136057
leaf_weight=34769 45165 8295 210135 707 6207 28745 7525 584 18564 987 57029 12841 3519 2968
leaf_count=34769 45165 8295 210135 707 6207 28745 7525 584 18564 987 57029 12841 3519 2968
internal_value=-3.02619e-06 3.12733e-05 -3.35333e-05 0.000147692 -0.00040579 -1.53863e-05 -0.000250731 -0.000724462 0.000176991 0.000222297 0.000283241 -5.30967e-05 -0.000124441 2.64665e-05
internal_weight=438040 384766 247175 137591 6914 238880 53274 8109 130677 112113 91798 20315 19328 15809
internal_count=438040 384766 247175 137591 6914 238880 53274 8109 130677 112113 91798 20315 19328 15809
is_linear=0
shrinkage=0.03


Tree=78
num_leaves=15
num_cat=0
split_feature=12 13 51 32 55 70 27 20 9 30 57 48 10 54
split_gain=4.11716 3.12493 3.87279 3.17197 2.31944 2.18894 2.09968 2.68319 2.52644 2.09851 2.09287 2.17598 2.00427 1.96574
threshold=0.52703115344047557 0.33333352208137518 0.077040635049343123 -0.015619999729096888 0.38562898337841039 -0.014873448759317396 14.805000305175783 -0.21075000613927838 0.06405911967158319 0.44505000114440924 0.0028714564396068458 -0.1889589577913284 -0.0025843202602118249 0.029834714718163017
decision_type=10 8 10 10 2 2 8 10 10 8 2 10 8 2
left_child=1 3 5 10 9 -3 7 8 -2 13 11 -1 -13 -4
right_child=6 2 4 -5 -6 -7 -8 -9 -10 -11 -12 12 -14 -15
leaf_value=0.00019640998397992224 -0.00080864797895086884 0.0014330155883559373 -0.00058881513184257984 7.2893458033312106e-05 0.00011944824884719881 0.00030897778673677593 -6.0487526947699883e-05 -0.00024003915780460602 -0.0046208059531927569 1.5471418100024211e-05 -0.00035037726412772281 -0.00032582712588602729 2.9067740700421799e-05 0.0030295576230983117
leaf_weight=21078 7671 1601 10518 123289 61043 54104 32089 21927 155 14078 32548 30621 26901 132
leaf_count=21078 7671 1601 10518 123289 61043 54104 32089 21927 155 14078 32548 30621 26901 132
internal_value=-2.00522e-06 3.53123e-05 0.000146654 -3.18811e-05 2.01561e-05 0.000341409 -0.000228828 -0.000410345 -0.000887053 -0.000224929 -0.000148099 -6.43187e-05 -0.000159867 -0.000542567
internal_weight=437755 375913 141476 234437 85771 55705 61842 29753 7826 24728 111148 78600 57522 10650
internal_count=437755 375913 141476 234437 85771 55705 61842 29753 7826 24728 111148 78600 57522 10650
is_linear=0
shrinkage=0.03


Tree=79
num_leaves=15
num_cat=0
split_feature=18 13 79 11 23 45 20 76 79 79 1 61 20 68
split_gain=3.74584 3.2088 3.44443 4.46195 3.13921 2.92202 2.65387 3.79408 3.75907 2.64437 2.52345 2.77004 2.16691 2.1036
threshold=0.09271500259637834 0.42331582307815557 75.500000000000014 0.29584012925624853 1.91949999332428 -0.03879128769040107 -0.022175000049173828 1.0000000180025095e-35 906.50000000000011 2.5000000000000004 -0.0057045000139623872 0.96844476461410534 -0.49365000426769251 0.011252517811954023
decision_type=10 8 8 10 8 2 10 2 8 10 10 2 10 2
left_child=1 2 12 5 -5 -4 8 -8 13 -9 11 -3 -1 -2
right_child=6 10 3 4 -6 -7 7 9 -10 -11 -12 -13 -14 -15
leaf_value=-0.00042903166374820084 -0.00017817379826138386 0.00031060376844894955 0.0015784235632375632 6.1221698818380586e-06 0.0012092763390768001 -0.00046515532969376543 0.0021616212725382145 0.0012759436980157952 -0.0009650461910318557 -8.696756632499441e-05 -0.00014671572172993198 -0.00088006248003463024 5.2920117108178367e-05 -0.0014220031645757534
leaf_weight=8714 45103 65926 637 10973 2369 33503 769 1382 6842 16798 15385 1802 226700 1253
leaf_count=8714 45103 65926 637 10973 2369 33503 769 1382 6842 16798 15385 1802 226700 1253
internal_value=-2.7397e-06 3.62054e-05 -1.19424e-05 -0.000245015 0.000220127 -0.0004268 -0.000200301 0.000104543 -0.000308885 1.696e-05 0.000200079 0.000278862 3.50716e-05 -0.000211944
internal_weight=438156 366009 282896 47482 13342 34140 72147 18949 53198 18180 83113 67728 235414 46356
internal_count=438156 366009 282896 47482 13342 34140 72147 18949 53198 18180 83113 67728 235414 46356
is_linear=0
shrinkage=0.03


Tree=80
num_leaves=15
num_cat=0
split_feature=49 9 53 72 30 53 64 54 63 14 59 55 16 23
split_gain=4.04192 3.81314 3.25288 3.02189 2.89427 4.48416 2.48636 2.50778 2.29114 2.50911 2.27426 2.44341 2.20529 2.17772
threshold=0.024362723343074325 0.046401252970099456 0.0037573361769318585 -0.0097288317047059519 0.61594998836517345 0.0037573361769318585 0.92688494920730602 0.0018883415614254775 0.69463577866554271 -0.0011055000359192488 2.8440955877304082 0.61757469177246105 -0.17294999957084653 0.61014997959136974
decision_type=10 10 2 2 10 2 10 2 2 8 10 2 8 8
left_child=-1 3 -3 -2 6 10 7 13 9 -8 -6 -12 -9 -5
right_child=1 2 -4 4 5 -7 8 12 -10 -11 11 -13 -14 -15
leaf_value=0.00049220734034425737 -0.00074653397447100157 -0.00036857452967660269 0.00032613583287803821 -0.00038331918582844976 0.00042377329855105178 -0.00093483748807066873 -3.4050070341610948e-05 0.0005892661862282807 1.7831641948709372e-05 -0.0008862835605317732 -0.00060047547049288548 0.0040376069382676537 7.2697417455735519e-05 -3.1311363930420385e-05
leaf_weight=14131 4695 42749 7065 17913 32999 2610 4970 7833 11026 8301 2902 101 145789 134944
leaf_count=14131 4695 42749 7065 17913 32999 2610 4970 7833 11026 8301 2902 101 145789 134944
internal_value=-6.82485e-06 -2.34662e-05 -0.000270023 9.3692e-06 1.89869e-05 0.000264754 -9.70553e-06 1.34551e-05 -0.000301793 -0.000567254 0.000351838 -0.000438031 9.9055e-05 -7.25736e-05
internal_weight=438028 423897 49814 374083 369388 38612 330776 306479 24297 13271 36002 3003 153622 152857
internal_count=438028 423897 49814 374083 369388 38612 330776 306479 24297 13271 36002 3003 153622 152857
is_linear=0
shrinkage=0.03


Tree=81
num_leaves=15
num_cat=0
split_feature=57 61 24 49 64 50 23 26 54 50 55 30 47 19
split_gain=3.29621 2.96725 3.35061 2.81935 2.74501 2.90779 2.69645 2.54271 3.1936 2.81846 2.43833 2.35158 2.08529 2.0769
threshold=0.0028082131175324325 0.57659474015235912 1.3525000214576723 0.024362723343074325 0.93483316898345958 0.00076839968096464883 0.56134998798370372 0.15255000442266467 -0.0073525372426956883 -0.01430981047451496 0.32668702304363256 0.63214999437332164 0.27196291089057928 0.32874999940395361
decision_type=2 2 10 10 10 2 10 8 2 2 2 10 8 10
left_child=1 2 11 -2 6 -6 -5 9 -9 -4 -3 13 -12 -1
right_child=3 10 7 4 5 -7 -8 8 -10 -11 12 -13 -14 -15
leaf_value=0.00019554534119685279 0.00061904946296599702 -0.00028306750358883883 0.0027511614751121369 -0.00056069704511397893 -0.00094132909987932624 -8.670967752237883e-05 -5.1082120802788742e-05 -0.0020876596612483902 0.00057338905761408158 -0.00033811237587694866 -4.7221401836640618e-06 0.00059591941440013116 0.00075933419050322015 -0.00024090643686976035
leaf_weight=120539 4317 30802 264 10448 7785 6637 88121 432 5719 22621 114135 12168 3303 10678
leaf_count=120539 4317 30802 264 10448 7785 6637 88121 432 5719 22621 114135 12168 3303 10678
internal_value=3.12461e-06 5.29039e-05 0.00013752 -0.000132943 -0.0001617 -0.0005482 -0.000105125 -0.000156341 0.000384953 -0.000301882 -4.55163e-05 0.000197031 1.67987e-05 0.000160021
internal_weight=437969 320661 172421 117308 112991 14422 98569 29036 6151 22885 148240 143385 117438 131217
internal_count=437969 320661 172421 117308 112991 14422 98569 29036 6151 22885 148240 143385 117438 131217
is_linear=0
shrinkage=0.03


Tree=82
num_leaves=15
num_cat=0
split_feature=12 71 23 49 79 20 19 20 34 76 66 68 27 18
split_gain=2.93884 2.83967 2.35387 2.26308 1.97732 2.37477 2.24509 2.24682 2.29374 2.297 2.03686 2.96565 1.91558 1.85894
threshold=0.45677627623081213 -0.0010565011180005965 2.5824999809265141 0.17778975516557696 791.50000000000011 -0.019205000251531597 0.18865000456571582 -0.043095000088214867 -0.014500000048428772 1.0000000180025095e-35 0.71888476610183727 0.00609658774919808 11.84500026702881 0.10755000263452531
decision_type=10 2 10 10 8 10 8 10 10 2 10 2 10 10
left_child=1 3 -2 -1 6 13 10 -8 -9 -10 -3 -12 -11 -6
right_child=2 4 -4 -5 5 -7 7 8 9 12 11 -13 -14 -15
leaf_value=0.00041976985466631896 -0.00013464501483257334 0.00012446870746494267 -0.0015514764425232272 9.321866131170604e-05 -0.00023360710063742595 0.0014854257798872751 -0.000353728438979468 -0.0010568871116189015 0.001713890506210122 -0.00051181327783736289 -3.8244050345984477e-05 -0.00090563189438011679 0.00024581796249637644 -0.0010325610839328058
leaf_weight=23322 89371 113599 1063 105442 18751 652 27040 1514 809 3812 31683 3990 14089 3043
leaf_count=23322 89371 113599 1063 105442 18751 652 27040 1514 809 3812 31683 3990 14089 3043
internal_value=9.63238e-07 4.05839e-05 -0.000151384 0.000152378 -2.51545e-05 -0.000291874 5.31361e-06 -0.00017487 6.42969e-05 0.00015528 6.23691e-05 -0.000135374 8.43833e-05 -0.000345373
internal_weight=438180 347746 90434 128764 218982 22446 196536 47264 20224 18710 149272 35673 17901 21794
internal_count=438180 347746 90434 128764 218982 22446 196536 47264 20224 18710 149272 35673 17901 21794
is_linear=0
shrinkage=0.03


Tree=83
num_leaves=15
num_cat=0
split_feature=60 13 19 20 53 45 65 26 24 54 6 19 62 1
split_gain=3.34869 3.10619 2.78501 2.99358 4.08029 2.73361 2.4523 2.21564 2.11332 2.02961 2.00503 1.99082 2.17061 2.25904
threshold=0.13617848604917529 0.2730910331010819 0.27044999599456793 -0.33175000548362726 0.0037573361769318585 -0.0040460457094013682 0.018989542499184612 0.094349998980760588 1.2584999799728396 0.021074175834655765 -0.00090849999105557788 0.17535000294446948 0.73374596238136303 0.0048505000304430732
decision_type=2 8 8 10 2 2 10 8 10 2 10 10 2 8
left_child=6 2 3 4 -2 10 -1 -4 11 -10 -5 12 13 -3
right_child=1 8 7 5 -6 -7 -8 -9 9 -11 -12 -13 -14 -15
leaf_value=0.0016824764407498351 -0.0004774118033582378 -3.5507154015165927e-05 -0.00078602059814890358 0.00031847388929786663 0.00058192509271619611 -7.2755883126893355e-05 0.00019557179603333413 -0.00021432920784848059 -0.00014340167224234814 0.0026019227216268325 -0.0002245516035583368 -7.7242868809324292e-05 -6.5280394920960014e-05 0.00036214822800846011
leaf_weight=1011 24185 16427 7789 32502 3780 111375 57575 28124 36361 239 7535 30686 21600 59149
leaf_count=1011 24185 16427 7789 32502 3780 111375 57575 28124 36361 239 7535 30686 21600 59149
internal_value=1.02733e-05 -2.22964e-05 -9.72858e-05 -4.90018e-05 -0.000334144 3.67172e-06 0.000221372 -0.000338413 7.5869e-05 -0.000125122 0.000216261 0.000133404 0.000199923 0.000275718
internal_weight=438338 379752 215290 179377 27965 151412 58586 35913 164462 36600 40037 127862 97176 75576
internal_count=438338 379752 215290 179377 27965 151412 58586 35913 164462 36600 40037 127862 97176 75576
is_linear=0
shrinkage=0.03


Tree=84
num_leaves=15
num_cat=0
split_feature=49 9 58 55 65 21 26 64 50 39 18 9 67 11
split_gain=3.46181 3.98369 3.08605 2.79178 3.21965 2.44349 2.38898 2.92236 2.37441 2.30193 2.94543 2.22589 2.26222 2.22006
threshold=0.024362723343074325 0.04534143581986428 0.01072571659460664 0.32668702304363256 0.36325658857822424 0.18075000494718554 0.099284999072551741 0.80855220556259166 -0.00037269708991516376 0.032564999535679824 0.11134999990463258 0.050975680351257331 0.012843343894928696 0.40041226148605352
decision_type=10 10 2 2 10 10 8 10 2 10 10 10 2 10
left_child=-1 3 13 4 -2 -5 7 -7 -9 10 -4 -12 -13 -3
right_child=1 2 9 5 -6 6 -8 8 -10 -11 11 12 -14 -15
leaf_value=0.00045139623373617198 0.0001350187210656266 -0.00074804456550731601 -6.1980173674820523e-05 0.00025997601240367204 -0.00029282042573545894 -2.9630148411459336e-05 7.7756297121680116e-05 -0.00091598845162714189 -0.00017417693307177526 0.00029444632856775018 -1.1235055921216288e-05 -0.0013518498546771893 0.0020465662082959266 3.2200836345676383e-06
leaf_weight=14154 23238 14766 19215 42987 49639 63685 173692 6655 9322 9766 2107 4044 180 4656
leaf_count=14154 23238 14766 19215 42987 49639 63685 173692 6655 9322 9766 2107 4044 180 4656
internal_value=-1.00518e-05 -2.54628e-05 -0.000264297 9.94578e-06 -0.000156397 5.08552e-05 1.53689e-05 -0.000120654 -0.000483358 -9.72047e-05 -0.000246958 -0.000807884 -0.00120478 -0.000567991
internal_weight=438106 423952 54734 369218 72877 296341 253354 79662 15977 35312 25546 6331 4224 19422
internal_count=438106 423952 54734 369218 72877 296341 253354 79662 15977 35312 25546 6331 4224 19422
is_linear=0
shrinkage=0.03


Tree=85
num_leaves=15
num_cat=0
split_feature=71 18 30 55 27 53 26 73 20 76 12 64 26 53
split_gain=3.34879 2.85614 2.61475 3.19908 2.8709 2.45033 2.61251 2.37279 2.27895 2.36225 2.22933 2.20144 2.09557 2.1516
threshold=0.0024165614740923051 0.09271500259637834 0.49944999814033514 0.61390742659568798 15.320000171661379 -0.0069933049380779258 0.24279999732971194 1.0000000180025095e-35 -0.076825000345706926 1.5000000000000002 0.29411785304546362 0.93086332082748424 0.077814999967813506 0.0025504505028948192
decision_type=2 8 10 2 8 2 10 2 10 2 10 8 10 2
left_child=2 11 4 5 8 6 -4 -7 12 -10 -3 -2 -1 -14
right_child=1 10 3 -5 -6 7 -8 -9 9 -11 -12 -13 13 -15
leaf_value=-0.00067149161859511748 5.1385431833384444e-06 -0.00015245604472212989 -6.3156211707471042e-05 -0.00020514317873209827 0.00010722818139025343 -3.7377651937029607e-05 -0.0016951715095091292 0.00034834988061386332 0.00096028080078907946 1.2266858195295279e-05 -0.000714257769326787 -0.0004591656115665205 -0.00022101093898709489 0.00036459858196555923
leaf_weight=8123 82296 14198 6825 17290 101596 17585 1009 78065 2573 28712 11511 10341 51789 6333
leaf_count=8123 82296 14198 6825 17290 101596 17585 1009 78065 2573 28712 11511 10341 51789 6333
internal_value=1.19792e-05 -0.000124362 6.24193e-05 0.000172546 -4.37771e-06 0.000235657 -0.000274303 0.000277437 -0.000120636 9.03762e-05 -0.000404088 -4.67134e-05 -0.000220288 -0.000157177
internal_weight=438246 118346 319900 120774 199126 103484 7834 95650 97530 31285 25709 92637 66245 58122
internal_count=438246 118346 319900 120774 199126 103484 7834 95650 97530 31285 25709 92637 66245 58122
is_linear=0
shrinkage=0.03


Tree=86
num_leaves=15
num_cat=0
split_feature=64 63 63 11 20 54 9 61 11 14 44 30 1 64
split_gain=2.95095 3.40546 3.21553 3.1758 3.26025 2.96758 2.72826 2.64979 2.52882 2.44701 2.99893 2.44259 2.43317 2.41941
threshold=0.63597410917282116 0.96110031008720409 0.48950670659542089 0.33099882304668432 -0.2165500000119209 0.0049836100079119214 0.039990577846765525 0.39372377097606664 -0.49999967217445368 -0.046405000612139695 -0.031471971422433846 0.58254998922348034 0.008621999993920328 0.96881079673767101
decision_type=10 2 2 8 10 2 10 2 10 8 2 10 10 10
left_child=1 3 9 4 5 12 7 -6 -7 10 -2 -4 -1 -11
right_child=2 -3 11 -5 6 8 -8 -9 -10 13 -12 -13 -14 -15
leaf_value=-0.00026904579299918399 0.0018641249330380247 -0.00070992561123113431 -2.9116995299160418e-05 0.0002628868492401979 0.00034225020020797861 -0.00035333670586114286 -0.00020416555168736346 4.9930022468747164e-05 0.00059485691629678221 -0.00025379138066078643 3.0615697408068982e-05 0.00048383951674680617 0.0010560835459070973 -0.00090572295582125252
leaf_weight=55364 871 5038 75130 63376 44638 3738 21990 74458 7820 59422 9619 9395 1271 5603
leaf_count=55364 871 5038 75130 63376 44638 3738 21990 74458 7820 59422 9619 9395 1271 5603
internal_value=3.42192e-06 6.25545e-05 -9.91805e-05 7.68408e-05 2.04955e-05 -0.000149814 0.000102816 0.000159503 0.000288179 -0.000241442 0.00018367 2.79236e-05 -0.000239217 -0.000310032
internal_weight=437733 277693 160040 272655 209279 68193 141086 119096 11558 75515 10490 84525 56635 65025
internal_count=437733 277693 160040 272655 209279 68193 141086 119096 11558 75515 10490 84525 56635 65025
is_linear=0
shrinkage=0.03


Tree=87
num_leaves=15
num_cat=0
split_feature=49 60 18 70 24 25 60 23 19 72 45 23 58 16
split_gain=3.42488 3.72167 3.11991 2.65393 2.74834 2.2353 2.11116 2.09851 2.09702 1.9649 1.9041 1.84431 1.80446 2.0673
threshold=0.024362723343074325 0.77251717448234569 0.09271500259637834 0.0057009821757674226 0.70045000314712536 0.041699999943375594 0.073223296552896514 0.52275002002716076 0.026405000127851967 0.011757950764149429 -0.03879128769040107 2.4214999675750737 0.026476074941456321 -0.2498499974608421
decision_type=10 2 8 2 10 10 2 10 10 2 2 10 2 10
left_child=10 3 7 4 5 8 -5 -3 -2 -7 -1 -6 -8 -14
right_child=1 2 -4 6 11 9 12 -9 -10 -11 -12 -13 13 -15
leaf_value=0.0018729282742940721 0.00027781276826680109 -0.00064260702337298249 -0.00049135940721655857 0.00023680939421758779 2.7839627405646126e-05 0.00039463353456119108 -0.00017132123493762366 -4.1004879162146352e-05 -0.00018176719821097614 0.0024413053627521946 0.00037264049066107946 -0.00095728306519629331 0.00035616347199494958 -0.0030452352393283899
leaf_weight=803 20709 5641 22247 12568 177875 32170 65560 68911 15710 423 13323 1722 261 410
leaf_count=803 20709 5641 22247 12568 177875 32170 65560 68911 15710 423 13323 1722 261 410
internal_value=-8.96495e-07 -1.62014e-05 -0.000179618 3.21152e-05 8.02016e-05 0.000241105 -0.000119592 -8.65653e-05 7.95668e-05 0.000421566 0.000458558 1.83678e-05 -0.000187235 -0.00172934
internal_weight=438333 424207 96799 327408 248609 69012 78799 74552 36419 32593 14126 179597 66231 671
internal_count=438333 424207 96799 327408 248609 69012 78799 74552 36419 32593 14126 179597 66231 671
is_linear=0
shrinkage=0.03


Tree=88
num_leaves=15
num_cat=0
split_feature=45 30 66 54 56 60 79 11 44 22 45 51 69 25
split_gain=3.07758 3.43473 3.32698 2.7737 2.47394 2.30611 2.22934 2.89107 2.46578 2.26245 2.13397 2.34115 2.10389 1.99815
threshold=-0.0016387985670007763 0.65184998512268078 0.70284366607666027 0.0048033446073532113 -0.013387711253017185 0.4633587002754212 75.500000000000014 0.16666693240404132 -0.019126352854073044 0.85124999284744274 -0.03879128769040107 0.32374548912048345 0.94337606430053722 0.058624999597668655
decision_type=2 10 10 2 2 2 8 8 2 8 2 8 2 10
left_child=1 5 3 6 -4 -1 8 12 -2 -9 -7 -12 -8 -6
right_child=2 -3 4 -5 13 10 7 9 -10 -11 11 -13 -14 -15
leaf_value=0.00016560207441495512 -0.0026642803899249784 0.00067668967203365297 -0.0015024065955752603 0.00020474523814047665 -0.00033109141244725977 0.0012839787825713966 -0.00057071951705484352 -0.00011556434491814552 -2.3860520445539308e-06 0.0011193732475250405 -4.4544056337599969e-05 -0.00084739288317262139 0.0010408212112011633 -8.8570511301742947e-06
leaf_weight=90823 309 8749 1355 45679 46514 1035 18226 5009 122169 1815 64318 3439 755 27592
leaf_count=90823 309 8749 1355 45679 46514 1035 18226 5009 122169 1815 64318 3439 755 27592
internal_value=-2.52048e-06 9.80986e-05 -6.53986e-05 3.58516e-07 -0.000234407 6.6364e-05 -6.26082e-05 -0.000315999 -9.21024e-06 0.000213475 -6.46582e-05 -8.53521e-05 -0.000506361 -0.000211122
internal_weight=437787 168364 269423 193962 75461 159615 148283 25805 122478 6824 68792 67757 18981 74106
internal_count=437787 168364 269423 193962 75461 159615 148283 25805 122478 6824 68792 67757 18981 74106
is_linear=0
shrinkage=0.03


Tree=89
num_leaves=15
num_cat=0
split_feature=45 51 9 66 27 25 30 53 10 24 53 45 23 45
split_gain=3.08458 3.56796 3.11563 2.84626 3.45697 2.98077 2.94453 2.81664 2.76814 2.91356 3.25147 2.50985 2.37391 2.25174
threshold=-0.0038162788841873403 0.046186026185750968 0.017826698720455173 0.70284366607666027 15.085000038146974 0.062874998897314086 0.39024999737739569 0.00019205988792236897 -0.040222574025392525 1.2524999976158144 -0.013867478352040051 -0.03879128769040107 0.57524999976158153 -0.03879128769040107
decision_type=2 8 10 8 8 10 10 2 8 8 2 2 10 2
left_child=1 -1 -2 4 6 -5 7 -4 13 -10 11 -11 -8 -3
right_child=2 8 3 5 -6 -7 12 -9 9 10 -12 -13 -14 -15
leaf_value=0.00051708180746963713 0.00030938974245453462 0.0021074783407171484 -0.00064688719812042909 -0.0003393156781779793 0.00011284259162518255 3.4031598194422362e-05 -0.00059359463639517595 -6.2316020503546348e-05 0.00012511655182051841 -0.0050289993906200564 -0.00016890472939275352 -0.0010704325037659145 2.2058717510899004e-05 0.00044717547695208683
leaf_weight=17543 19789 913 16725 60587 95767 28204 6180 13330 79670 200 31083 499 63596 3714
leaf_count=17543 19789 913 16725 60587 95767 28204 6180 13330 79670 200 31083 499 63596 3714
internal_value=-1.76257e-06 0.00011838 -5.4541e-05 -7.98698e-05 -1.59234e-05 -0.000220729 -0.000139447 -0.000387672 5.81046e-05 2.82379e-05 -0.000214596 -0.00223074 -3.25078e-05 0.000776708
internal_weight=437800 133622 304178 284389 195598 88791 99831 30055 116079 111452 31782 699 69776 4627
internal_count=437800 133622 304178 284389 195598 88791 99831 30055 116079 111452 31782 699 69776 4627
is_linear=0
shrinkage=0.03


Tree=90
num_leaves=15
num_cat=0
split_feature=13 79 13 12 30 44 14 30 60 18 43 14 37 30
split_gain=3.61503 3.17871 3.98035 2.63509 2.47695 2.86553 2.22041 2.19843 2.12548 2.04416 2.02469 2.02462 1.89473 1.87167
threshold=0.2730910331010819 89.500000000000014 1.0000000180025095e-35 0.25714360177516943 0.54054999351501476 0.022450524382293228 -0.092149998992681489 0.15055000036954883 0.47113248705863958 0.11995000019669534 0.037499351426959045 -0.051784999668598168 -0.0047414998989552251 0.17294999957084659
decision_type=8 8 10 10 8 2 8 8 2 8 2 10 8 10
left_child=1 8 11 6 10 -6 -4 -5 13 -10 -2 -3 -11 -1
right_child=4 2 3 7 5 -7 -8 -9 9 12 -12 -13 -14 -15
leaf_value=-0.00038372140468022342 1.5317942217076247e-06 0.0016987787009007703 0.0014851554856771447 0.0024773057952406814 0.0002642756749386827 -0.00092500616338477405 -0.00021743668348020678 -0.00068559079422092506 -6.993502200602603e-05 -0.0010047683481024981 0.0015518494274132785 0.00017790855255432275 -0.00023328400003000277 0.00011616337990999508
leaf_weight=7318 119446 1027 715 195 70490 1867 16221 19746 98310 4049 758 3335 9785 84852
leaf_count=7318 119446 1027 715 195 70490 1867 16221 19746 98310 4049 758 3335 9785 84852
internal_value=-2.45852e-06 -7.87702e-05 -0.000319007 -0.00042038 9.48534e-05 0.000233527 -0.00014514 -0.000654048 -3.0274e-05 -0.000117993 1.13722e-05 0.000537521 -0.000459367 7.64555e-05
internal_weight=438114 245553 41239 36877 192561 72357 16936 19941 204314 112144 120204 4362 13834 92170
internal_count=438114 245553 41239 36877 192561 72357 16936 19941 204314 112144 120204 4362 13834 92170
is_linear=0
shrinkage=0.03


Tree=91
num_leaves=15
num_cat=0
split_feature=65 79 20 13 27 19 76 24 45 70 0 30 20 69
split_gain=2.42563 2.40448 3.94636 3.26488 3.42815 2.76167 3.3959 2.40639 3.93676 2.57624 2.9825 2.20319 2.15919 2.33804
threshold=1.0000000180025095e-35 89.500000000000014 -0.023164999671280381 0.26272784173488622 15.805000305175783 0.17044999450445178 1.0000000180025095e-35 1.4835000038146975 0.0077557065524160871 0.0050085058901458987 -0.013793000020086764 0.2743500024080277 -0.18795000016689298 0.084523811936378493
decision_type=10 8 10 10 8 8 2 10 2 2 10 8 10 2
left_child=-1 5 3 4 -3 7 12 9 -9 10 -2 -6 -7 -14
right_child=1 2 -4 -5 11 6 -8 8 -10 -11 -12 -13 13 -15
leaf_value=0.002151729567529524 0.0002295249122007479 -0.00067020688499675244 0.0010092253567530289 4.1334153871296876e-05 0.0010742349075099241 -0.0014792106001911467 -0.00014759478654423995 -0.00041388051116032792 0.000404021851737703 -6.8943402324357213e-05 -4.6908328429417843e-05 -0.00019083267010783691 -0.0019836635426036084 0.0010700882438623926
leaf_weight=467 142729 19168 2485 27624 1326 372 91571 19458 7272 56749 46592 17925 235 3891
leaf_count=467 142729 19168 2485 27624 1326 372 91571 19458 7272 56749 46592 17925 235 3891
internal_value=2.27285e-06 -4.66551e-08 -0.000163231 -0.00020742 -0.000386261 3.02713e-05 -0.00010805 7.89836e-05 -0.000191333 0.000108351 0.000161495 -0.000103439 0.000696274 0.000893969
internal_weight=437864 437397 68528 66043 38419 368869 96069 272800 26730 246070 189321 19251 4498 4126
internal_count=437864 437397 68528 66043 38419 368869 96069 272800 26730 246070 189321 19251 4498 4126
is_linear=0
shrinkage=0.03


Tree=92
num_leaves=15
num_cat=0
split_feature=49 9 14 16 20 71 70 71 24 20 46 76 10 64
split_gain=3.13122 3.19504 2.71865 2.81647 2.59962 2.53517 2.46994 2.73775 2.47605 2.40014 2.58572 2.1021 2.04278 2.02576
threshold=0.024362723343074325 0.050975680351257331 -0.074064999818801866 -0.17294999957084653 -0.52985000610351551 0.0024165614740923051 0.0036016814410686497 -0.01094201998785138 0.71445000171661388 -0.3791500031948089 0.7494792938232423 11.500000000000002 -0.074374321848154054 0.99508598446846019
decision_type=10 10 8 8 8 2 2 2 10 10 10 2 10 10
left_child=-1 4 9 -4 11 6 8 -8 -6 -3 -11 -2 -12 -10
right_child=1 2 3 -5 5 -7 7 -9 13 10 12 -13 -14 -15
leaf_value=0.00043248962245763262 -0.0013707688762758239 -0.00037127977456081904 0.00014316833725386787 -0.00058736166608582463 0.0002836370074678203 -0.00012055084580056314 0.00049712151918159463 -0.00011701625799594804 5.389772419356406e-05 0.00043424892809282653 0.0056395591700486103 2.539623058114066e-05 0.001596246504272322 -0.0020427772065998466
leaf_weight=14101 2227 2560 6092 21525 56454 99524 7058 87045 136511 2378 148 1717 451 411
leaf_count=14101 2227 2560 6092 21525 56454 99524 7058 87045 136511 2378 148 1717 451 411
internal_value=-7.22566e-06 -2.18507e-05 -0.000304586 -0.000426218 2.13004e-06 9.94441e-06 5.51226e-05 -7.09302e-05 0.000116464 0.000301917 0.000880468 -0.000763693 0.00263368 4.75298e-05
internal_weight=438202 424101 33154 27617 390947 387003 287479 94103 193376 5537 2977 3944 599 136922
internal_count=438202 424101 33154 27617 390947 387003 287479 94103 193376 5537 2977 3944 599 136922
is_linear=0
shrinkage=0.03


Tree=93
num_leaves=15
num_cat=0
split_feature=9 20 53 18 0 45 30 67 26 46 67 48 24 36
split_gain=2.75818 3.92496 3.89853 3.3294 2.88395 2.59326 2.60753 2.58684 2.83334 2.6586 2.27058 2.18311 2.14258 2.13921
threshold=0.026316921226680282 -0.25445000827312464 0.0037573361769318585 -0.055254999548196786 0.014663499779999258 -0.003592345397919416 0.38054999709129339 -0.00050226232269778837 0.10135000199079515 0.81050416827201854 0.0022134179016575222 0.17430228739976886 0.84254997968673717 0.0073140000458806762
decision_type=10 8 2 8 8 2 8 2 8 10 2 10 10 10
left_child=1 -1 4 10 -3 6 11 9 -9 -7 -2 13 -8 -5
right_child=3 2 -4 5 -6 7 12 8 -10 -11 -12 -13 -14 -15
leaf_value=-0.00025728544134649933 2.8487298779281677e-05 -3.7484496806503267e-05 -0.00051376561931415878 -0.00045319676438032483 0.00029334737742923051 -0.00026549174165205381 0.0003613770457786398 -0.0003525972953702433 2.8155294986358071e-05 -0.0010052602284734613 0.00043926340432511848 0.0012408859455050527 -3.2462581765613651e-05 0.0002484392668991756
leaf_weight=22804 40355 31927 7112 16273 92177 58117 25038 23784 67494 4724 17299 874 24686 5144
leaf_count=22804 40355 31927 7112 16273 92177 58117 25038 23784 67494 4724 17299 874 24686 5144
internal_value=3.74415e-06 0.000105954 0.000169088 -5.17288e-05 0.000208239 -0.000103613 4.50048e-05 -0.000173057 -7.107e-05 -0.000321179 0.000151767 -0.000224578 0.000165868 -0.000284657
internal_weight=437808 154020 131216 283788 124104 226134 72015 154119 91278 62841 57654 22291 49724 21417
internal_count=437808 154020 131216 283788 124104 226134 72015 154119 91278 62841 57654 22291 49724 21417
is_linear=0
shrinkage=0.03


Tree=94
num_leaves=15
num_cat=0
split_feature=52 21 12 9 20 27 69 63 59 63 1 13 30 70
split_gain=2.72034 2.58735 2.49987 2.4011 1.99226 2.88055 2.20448 1.87862 1.87637 2.73272 1.85001 2.15832 2.7321 2.74995
threshold=6.1304104328155526 0.56975001096725475 0.44395834207534796 0.053681600838899619 -0.2165500000119209 16.715000152587894 0.37377451360225683 0.038544075563550002 3.2498303651809697 0.90436515212059032 0.0055754999630153188 0.3449684232473374 0.41824999451637274 0.014019130729138853
decision_type=10 10 10 8 8 8 2 2 8 2 8 8 8 2
left_child=2 7 10 4 5 -4 -7 -2 -6 -10 -1 -12 -13 -14
right_child=1 -3 3 -5 8 6 -8 -9 9 -11 11 12 13 -15
leaf_value=-9.2444009945657265e-05 -0.0015887467143883983 -0.0027201799538520656 -0.00056259110599711092 -0.00067342868727611471 5.901296174352405e-05 -0.00047755769023393005 0.00041896365921167896 -0.00019377702008560016 -0.00034371433997997398 -0.0029166519465086381 2.7073772078913064e-05 -1.3620385068091413e-05 0.00036802519074639601 -0.00038902449953952608
leaf_weight=60324 1037 471 15174 6476 59097 3942 6585 5241 3891 406 174272 34812 61403 4641
leaf_count=60324 1037 471 15174 6476 59097 3942 6585 5241 3891 406 174272 34812 61403 4641
internal_value=1.00837e-05 -0.000587331 1.94448e-05 -0.000115909 -7.53489e-05 -0.000298122 8.31799e-05 -0.000425279 1.49833e-05 -0.000589924 5.80085e-05 9.09974e-05 0.000201446 0.000314801
internal_weight=437772 6749 431023 95571 89095 25701 10527 6278 63394 4297 335452 275128 100856 66044
internal_count=437772 6749 431023 95571 89095 25701 10527 6278 63394 4297 335452 275128 100856 66044
is_linear=0
shrinkage=0.03


Tree=95
num_leaves=15
num_cat=0
split_feature=50 65 32 80 21 45 45 58 55 59 64 51 58 36
split_gain=2.99578 2.78808 2.83596 3.03872 2.54926 2.15885 2.09219 2.53732 2.79443 2.03608 1.79735 1.74618 1.72722 1.63338
threshold=-0.017546268180012699 0.015523958485573532 -0.04709500074386596 6.5000000000000009 0.56975001096725475 -0.03879128769040107 -0.0095899007283151132 0.014935606159269811 0.36992105841636663 1.5887222886085512 0.046710789203643806 0.55140370130538952 0.010157418437302114 0.026945000514388088
decision_type=2 10 10 8 10 2 2 2 2 8 10 10 2 8
left_child=6 5 3 -3 10 -2 7 8 -1 -4 -5 -10 -6 -14
right_child=1 2 9 4 12 -7 -8 -9 11 -11 -12 -13 13 -15
leaf_value=0.0042684846964883474 0.0028306531653624397 0.00029128331062273655 0.00011287054826587638 0.00038601466416154879 -0.0011433616929715854 0.0005047209210822072 -0.00075358493308815347 0.00022053069104624432 0.002568373440991382 -4.2429199266030071e-05 -0.00016204332875753509 -0.0018487325225797174 -0.00043686968553818248 0.0018395384355437494
leaf_weight=490 381 13809 165841 5713 3590 5243 366 552 180 140214 92682 138 8178 289
leaf_count=490 381 13809 165841 5713 3590 5243 366 552 180 140214 92682 138 8178 289
internal_value=6.2726e-06 1.32677e-06 -7.35034e-06 -0.000128215 -0.000180673 0.000664666 0.00125184 0.00179232 0.00285816 4.1723e-05 -0.000130204 0.000652571 -0.000592312 -0.00035813
internal_weight=437666 435940 430316 124261 110452 5624 1726 1360 808 306055 98395 318 12057 8467
internal_count=437666 435940 430316 124261 110452 5624 1726 1360 808 306055 98395 318 12057 8467
is_linear=0
shrinkage=0.03


Tree=96
num_leaves=15
num_cat=0
split_feature=12 45 24 63 15 68 80 50 51 34 48 46 19 8
split_gain=2.48413 2.16591 2.95231 2.33135 3.53012 2.49372 2.16676 1.99528 2.10881 1.96734 1.98388 1.88382 1.77575 1.93172
threshold=0.53133252263069164 -0.0028067090315744276 0.59834998846054088 0.16186524927616122 0.093405000865459456 0.0011424621334299447 6.5000000000000009 -0.011572268791496752 0.06361237540841104 0.0055879999417811641 -0.51482477784156788 0.81050416827201854 0.16565000265836718 -0.0017554999794811008
decision_type=10 2 8 2 10 2 8 2 8 10 10 10 10 10
left_child=1 2 12 4 11 -5 -7 9 -9 -4 -11 -3 13 -1
right_child=-2 3 7 5 -6 6 -8 8 -10 10 -12 -13 -14 -15
leaf_value=0.00073581083284760635 -0.00018094468362656919 4.4414975837728588e-05 0.0011360207398351232 -0.00013973632355380471 -0.00098659359128344996 0.00046111480870699529 3.9308703792646222e-05 0.00028194802956292271 -3.8310388002298474e-05 -0.0011621464326309389 0.0011540244333070409 -0.00081580311193659696 -9.8693747408035905e-06 -0.00023366640647023453
leaf_weight=13865 60412 13463 2914 74312 5411 11891 139386 24024 80484 829 549 2756 5705 2132
leaf_count=13865 60412 13463 2914 74312 5411 11891 139386 24024 80484 829 549 2756 5705 2132
internal_value=-2.33341e-06 2.62354e-05 0.000125108 -2.59592e-05 -0.000323441 2.57062e-06 7.24786e-05 6.13713e-05 3.53197e-05 0.000694937 -0.00023854 -0.000101963 0.000444557 0.000606571
internal_weight=438133 377721 130502 247219 21630 225589 151277 108800 104508 4292 1378 16219 21702 15997
internal_count=438133 377721 130502 247219 21630 225589 151277 108800 104508 4292 1378 16219 21702 15997
is_linear=0
shrinkage=0.03


Tree=97
num_leaves=15
num_cat=0
split_feature=60 50 13 60 51 0 35 20 48 18 24 45 51 52
split_gain=2.95643 2.49192 2.26944 2.2888 2.28656 2.16952 2.13787 2.13781 2.89377 1.99043 2.00084 1.97436 2.68138 2.31546
threshold=0.89934787154197704 -0.011572268791496752 0.3449684232473374 0.336188554763794 0.077040635049343123 -0.0069965000730007878 0.47249999642372137 -0.49365000426769251 0.51388633251190197 0.12215000018477441 0.42665000259876257 0.02618336491286755 0.51463913917541515 6.1304104328155526
decision_type=2 2 10 2 10 10 10 8 10 10 10 2 10 10
left_child=1 -1 3 -3 5 -4 11 8 -5 -9 -11 12 -2 -13
right_child=6 2 4 7 -6 -7 -8 9 -10 10 -12 13 -14 -15
leaf_value=0.00069035505081959476 -0.0002321162655438607 8.7594448156452109e-05 0.00037209973960468238 -0.00094984531859788272 1.5978130981053316e-05 -0.00010481398567004744 -0.0039853616795067753 -4.7104654042643783e-05 0.0030748046200564463 -0.0019879645165062818 -0.00032736243384347968 0.00054511920952812374 -0.0011716337906928259 -0.00065879613683341289
leaf_weight=5025 34614 92166 41663 3845 75429 10810 131 147877 163 677 15520 5471 2964 1945
leaf_count=5025 34614 92166 41663 3845 75429 10810 131 147877 163 677 15520 5471 2964 1945
internal_value=5.07347e-07 2.69042e-05 1.83063e-05 -3.25479e-05 0.000121779 0.00027385 -0.000229466 -9.84274e-05 -0.000782541 -8.16925e-05 -0.000397364 -0.000218089 -0.000306368 0.000229136
internal_weight=438300 393175 388150 260248 127902 52473 45125 168082 4008 164074 16197 44994 37578 7416
internal_count=438300 393175 388150 260248 127902 52473 45125 168082 4008 164074 16197 44994 37578 7416
is_linear=0
shrinkage=0.03


Tree=98
num_leaves=15
num_cat=0
split_feature=13 79 13 20 49 67 14 58 20 66 21 67 45 54
split_gain=2.56349 3.43954 4.36751 2.93399 2.68847 2.58902 2.35574 2.28848 2.5649 2.19185 2.16373 1.90226 2.14507 1.95743
threshold=0.42024992406368261 78.500000000000014 1.0000000180025095e-35 -0.041154999285936349 0.014222825877368452 0.0096887736581265944 0.21155000478029254 0.011340877506881954 -0.45595000684261316 0.034804238006472595 0.60914999246597301 -0.012391817755997179 -0.0056412785779684773 0.00011679582530632616
decision_type=8 8 10 8 10 2 10 2 10 8 10 2 2 2
left_child=1 6 9 7 -2 -5 11 8 -4 -3 -10 -1 -13 -14
right_child=4 2 3 5 -6 -7 -8 -9 10 -11 -12 12 13 -15
leaf_value=-0.00039512359347685288 0.0010701396184562403 0.003239188006514833 -0.0017340697732963889 7.2445837574878745e-05 0.0001057172592208928 0.0030388117175303648 -0.0017734463539372867 -0.00014845782365624681 -0.00043225200277133378 0.00047060212074803151 -0.0013494485280747617 0.00017744328523739179 -0.00020042771574696599 2.3608566946306266e-05
leaf_weight=10234 2668 269 1671 8834 97297 268 666 16335 23476 4305 2565 61315 44670 163740
leaf_count=10234 2668 269 1671 8834 97297 268 666 16335 23476 4305 2565 61315 44670 163740
internal_value=-1.9627e-06 -4.13984e-05 -0.000252289 -0.000328855 0.000131509 0.000161408 1.98427e-06 -0.000430171 -0.000596172 0.000636784 -0.000522836 6.23947e-06 2.14752e-05 -2.44144e-05
internal_weight=438313 338348 57723 53149 99965 9102 280625 44047 27712 4574 26041 279959 269725 208410
internal_count=438313 338348 57723 53149 99965 9102 280625 44047 27712 4574 26041 279959 269725 208410
is_linear=0
shrinkage=0.03


Tree=99
num_leaves=15
num_cat=0
split_feature=12 64 50 10 20 0 66 51 48 66 31 50 34 59
split_gain=3.09848 2.42883 2.55435 2.70704 2.81708 2.84875 2.22761 2.19787 2.93764 2.197 2.13776 1.94945 1.8646 2.03289
threshold=0.44395834207534796 0.92688494920730602 -0.011572268791496752 -0.0079996259883046133 -0.35555000603199 0.0059689998161047706 0.71888476610183727 0.05950435437262059 -0.36760990321636194 0.95010372996330272 0.7738499939441682 -0.0021578407613560553 0.0049984999932348737 1.4493626952171328
decision_type=10 10 2 10 10 10 10 10 10 10 10 2 8 10
left_child=1 2 12 4 5 -4 -6 8 -5 -2 -11 -9 -1 -14
right_child=9 -3 3 7 6 -7 -8 11 -10 10 -12 -13 13 -15
leaf_value=0.0013833042219930742 -0.00011422229082408258 -0.00022720909992617817 -0.00051053306191697586 0.0010226929237098547 7.1349980849191118e-05 0.0013936637376305724 -0.00031994655309661217 -9.8552383542444428e-05 0.00022399149730668017 -0.0021781435368144236 -0.00048406126747996915 0.00013764131707633438 0.0016817694193082087 -0.00074477198857725833
leaf_weight=2281 92377 26897 15565 4543 75843 736 15821 44740 46796 814 3723 105844 445 999
leaf_count=2281 92377 26897 15565 4543 75843 736 15821 44740 46796 814 3723 105844 445 999
internal_value=3.75838e-06 4.6355e-05 6.98205e-05 6.04263e-05 -6.08319e-05 -0.000424156 3.79931e-06 0.000125261 0.000294761 -0.000145901 -0.000790066 6.74649e-05 0.000850209 6.24235e-06
internal_weight=437424 340510 313613 309888 107965 16301 91664 201923 51339 96914 4537 150584 3725 1444
internal_count=437424 340510 313613 309888 107965 16301 91664 201923 51339 96914 4537 150584 3725 1444
is_linear=0
shrinkage=0.03


Tree=100
num_leaves=15
num_cat=0
split_feature=13 49 79 11 20 10 51 65 30 64 54 1 61 51
split_gain=2.65045 2.56298 2.37425 3.70795 3.37122 3.34177 2.48265 2.59909 2.20843 1.88534 1.85542 1.79519 2.59735 1.75713
threshold=0.42331582307815557 0.014222825877368452 89.500000000000014 0.33099882304668432 -0.024194999597966668 -0.045468214899301522 0.081885110586881651 0.71600133180618297 0.41824999451637274 0.034804238006472595 0.0012762236874550583 -0.012348500080406664 0.97972625494003307 0.41693711280822759
decision_type=8 10 8 10 8 8 10 8 8 8 2 10 2 10
left_child=2 -2 13 5 6 -4 -5 -8 10 -7 -3 12 -10 -1
right_child=1 8 3 4 -6 9 7 -9 11 -11 -12 -13 -14 -15
leaf_value=9.0717372330127612e-06 0.001058799941642875 -0.00040944941760849313 0.00083301633541749652 0.00053195190691175686 0.0010216668692368785 0.0005326520853987935 -0.00069697232967063695 0.00046340378678233338 0.0003286298151533638 -0.0004887885851009721 7.969333379937918e-05 -5.9992761920242296e-05 -0.001222364715512002 -0.00033335678396336003
leaf_weight=270643 2620 11277 1941 4247 3268 1700 5937 2451 48029 35682 18297 17062 987 14189
leaf_count=270643 2620 11277 1941 4247 3268 1700 5937 2451 48029 35682 18297 17062 987 14189
internal_value=-3.24113e-06 0.000133983 -4.28983e-05 -0.000222913 0.000163596 -0.000379225 -5.86575e-05 -0.000357833 0.000108597 -0.000442272 -0.000106862 0.000205029 0.000297277 -7.992e-06
internal_weight=438330 98272 340058 55226 15903 39323 12635 8388 95652 37382 29574 66078 49016 284832
internal_count=438330 98272 340058 55226 15903 39323 12635 8388 95652 37382 29574 66078 49016 284832
is_linear=0
shrinkage=0.03


Tree=101
num_leaves=15
num_cat=0
split_feature=49 67 13 52 27 9 32 4 49 4 76 17 81 51
split_gain=2.21038 2.27953 2.35714 2.26148 2.20202 2.35228 2.26204 2.02183 1.91364 1.66477 1.64005 1.48827 1.45845 1.42847
threshold=0.019612651318311695 -0.0034916215809062119 0.26272784173488622 6.1304104328155526 11.97499990463257 0.030094984918832782 -0.037440000101923936 3.2296274900436406 0.19232442975044253 3.6127389669418339 2.5000000000000004 61.614999771118171 1.0000000180025095e-35 0.081885110586881651
decision_type=10 2 10 8 10 10 10 10 10 8 2 10 2 10
left_child=-1 8 3 4 5 -3 -6 11 12 -4 -10 -5 -2 -11
right_child=1 2 9 7 6 -7 -8 -9 10 13 -12 -13 -14 -15
leaf_value=0.00039065997560264594 5.6243848241345453e-05 -7.8734166765857914e-05 -0.00022114504524012218 -0.00051543596254906873 -0.00016009277882095475 -0.00063015587988083201 0.00010870661840598682 0.0013235940679506455 -0.00056661308200850534 0.0002637001509014283 -0.0001612018380319833 -0.0018515637915415477 -0.0014037742340248078 6.3425575887010751e-05
leaf_weight=12500 41695 21822 11933 1898 41361 10221 88364 357 10430 55924 64506 1242 620 75091
leaf_count=12500 41695 21822 11933 1898 41361 10221 88364 357 10430 55924 64506 1242 620 75091
internal_value=-2.45786e-06 -1.4012e-05 2.8818e-05 -4.83405e-05 -3.20116e-05 -0.000254696 2.30008e-05 -0.00080258 -0.000126594 0.000118021 -0.000217663 -0.00104603 3.46883e-05 0.00014892
internal_weight=437964 425464 308213 165265 161768 32043 129725 3497 117251 142948 74936 3140 42315 131015
internal_count=437964 425464 308213 165265 161768 32043 129725 3497 117251 142948 74936 3140 42315 131015
is_linear=0
shrinkage=0.03


Tree=102
num_leaves=15
num_cat=0
split_feature=16 74 70 24 20 55 22 21 25 45 45 70 30 44
split_gain=2.24877 3.12159 2.89583 3.20592 2.61677 2.36386 2.33713 2.31384 2.29057 2.33704 2.25924 2.84631 2.64991 2.39763
threshold=0.16835000365972522 1.0000000180025095e-35 0.0036016814410686497 1.2824999690055849 -0.086484998464584337 0.53463268280029308 -0.047225000336766236 0.18075000494718554 0.011589999776333572 -0.056034659966826432 -0.011548357550054787 -0.0061719061341136685 0.53084999322891246 -0.017914796248078343
decision_type=8 2 2 10 10 2 10 8 8 2 2 2 8 2
left_child=2 7 3 10 -3 6 -5 -2 -9 -10 11 12 -1 -12
right_child=1 4 -4 5 -6 -7 -8 8 9 -11 13 -13 -14 -15
leaf_value=0.00033786120512472272 0.00053586623623464922 -0.00013170019766933706 -9.3794220631689571e-05 0.0010139618500998682 0.0012148801146324318 0.00020296225802697836 -0.00029478547584215988 -0.00053406052070563133 -0.0029001225474053422 -0.0001097667522899569 -0.00079725409673558564 2.0707649038084762e-05 0.0011191279702596835 0.00013289305687871192
leaf_weight=9282 4280 2377 94919 1270 2856 15077 33473 13853 266 86028 2530 9927 6751 155070
leaf_count=9282 4280 2377 94919 1270 2856 15077 33473 13853 266 86028 2530 9927 6751 155070
internal_value=6.62391e-06 -0.000110995 4.59126e-05 0.000102734 0.000603677 -0.000110686 -0.000246806 -0.000146835 -0.000176037 -0.000118536 0.00016066 0.000419958 0.000667075 0.000117936
internal_weight=437959 109660 328299 233380 5233 49820 34743 104427 100147 86294 183560 25960 16033 157600
internal_count=437959 109660 328299 233380 5233 49820 34743 104427 100147 86294 183560 25960 16033 157600
is_linear=0
shrinkage=0.03


Tree=103
num_leaves=15
num_cat=0
split_feature=9 55 49 12 55 26 28 58 1 20 28 31 27 11
split_gain=2.37246 2.83115 2.43721 2.36683 2.35165 2.4114 2.62333 2.02953 1.91617 1.93303 3.29981 1.89249 1.93751 1.80799
threshold=0.021673553623259071 0.76772451400756847 0.091242559254169478 0.56936147809028637 0.18278816342353824 0.11914999783039094 0.68950000405311596 0.015960069373250011 0.0084414999000728148 -0.49365000426769251 0.30460000038146978 0.76534998416900646 15.734999656677248 -0.62962353229522694
decision_type=10 2 10 10 2 10 10 2 10 10 8 10 8 10
left_child=1 4 -2 8 5 7 -7 -1 9 10 -4 -5 -13 -12
right_child=2 -3 3 11 -6 6 -8 -9 -10 -11 13 12 -14 -15
leaf_value=-0.0013281426638138171 0.0001915438121904474 -0.0013378832754952943 -0.0016533647607361414 -0.00078306950558979915 0.00020655686781891923 0.0019104373936034266 -0.0014090086195580715 0.0022148752189968942 0.0003655338877023607 -3.275891409820908e-05 -0.00087858963411708245 -0.00042281416973410577 6.1019862577588546e-05 -5.1526400960474791e-05
leaf_weight=2271 36885 1134 1623 5968 69929 582 333 151 10247 264413 3016 16037 13904 11194
leaf_count=2271 36885 1134 1623 5968 69929 582 333 151 10247 264413 3016 16037 13904 11194
internal_value=-7.98157e-06 0.000146352 -3.95902e-05 -6.5712e-05 0.000169415 -0.000608064 0.000701285 -0.00110314 -3.73067e-05 -5.20426e-05 -0.00037397 -0.000295465 -0.000198159 -0.000227314
internal_weight=437687 74400 363287 326402 73266 3337 915 2422 290493 280246 15833 35909 29941 14210
internal_count=437687 74400 363287 326402 73266 3337 915 2422 290493 280246 15833 35909 29941 14210
is_linear=0
shrinkage=0.03


Tree=104
num_leaves=15
num_cat=0
split_feature=12 10 50 45 79 72 10 64 79 45 50 0 79 50
split_gain=2.89009 2.84639 2.50382 3.04329 1.94814 1.87705 1.88196 3.35503 3.19795 2.94021 2.61777 2.41556 2.35941 2.4544
threshold=0.56936147809028637 0.092030655592679991 -0.017546268180012699 0.00724132382310927 3.5000000000000004 -0.012058732099831103 -0.0025843202602118249 0.509049952030182 93.500000000000014 -0.03879128769040107 -0.0017862195963971315 0.00056650000624358665 2.5000000000000004 0.0039503150619566449
decision_type=10 8 2 2 8 2 10 10 8 2 2 8 8 2
left_child=1 2 3 -1 -3 -4 8 -8 -7 -10 -9 -11 13 -12
right_child=-2 4 5 -5 -6 6 7 10 9 11 12 -13 -14 -15
leaf_value=0.001755018762103011 -0.0002086769466853746 0.0015486771786199999 -0.00071795559701044991 -0.0028502474290629225 -0.0015458935932584534 2.7645440080107715e-05 0.00022758868259318798 -0.00021524733793084857 0.0017101284861713647 0.00047078161834343362 0.00023283297513966493 -0.00046692258784285023 5.4606843169452449e-05 0.0018257946600381445
leaf_weight=1285 47896 204 2921 139 1520 145744 102864 37273 620 2749 2320 24255 67057 1390
leaf_count=1285 47896 204 2921 139 1520 145744 102864 37273 620 2749 2320 24255 67057 1390
internal_value=1.1246e-05 3.82335e-05 4.36365e-05 0.00129709 -0.0011763 3.90099e-05 4.47732e-05 0.000104966 -2.84524e-05 -0.000324376 -1.17879e-05 -0.000371395 9.53819e-05 0.000831311
internal_weight=438237 390341 388617 1424 1724 387193 384272 210904 173368 27624 108040 27004 70767 3710
internal_count=438237 390341 388617 1424 1724 387193 384272 210904 173368 27624 108040 27004 70767 3710
is_linear=0
shrinkage=0.03


Tree=105
num_leaves=15
num_cat=0
split_feature=12 79 26 18 64 72 22 61 51 53 14 27 63 66
split_gain=2.27228 4.64219 2.1205 1.90909 1.85352 1.79637 2.29404 1.95768 3.52806 1.95809 2.40869 1.74715 1.94943 1.97065
threshold=0.28567451238632208 153.50000000000003 0.12775000184774402 0.31825000047683721 0.038814026862382896 -0.0081170173361897451 0.84395000338554393 0.3976902067661286 0.082470186054706587 -0.0066291599068790666 -0.065114997327327714 15.204999923706056 0.91182947158813488 0.70284366607666027
decision_type=10 8 10 10 8 2 8 2 10 2 10 8 2 10
left_child=5 2 -2 -4 -3 6 -1 8 -7 10 -10 -6 13 -13
right_child=1 4 3 -5 11 7 -8 -9 9 -11 -12 12 -14 -15
leaf_value=-0.00014358350081134679 -0.00010605970373535747 0.00059977142130356574 0.00012810194756912835 -0.0020045588866617579 -0.00073549472649961974 0.00041160879462110291 -0.0014985302856817641 2.5368232049793843e-06 0.0018592628575929463 -2.2449431679967713e-05 0.00026604502333434473 4.6795868199014914e-05 -0.0012753205898932004 -0.00078876727942930175
leaf_weight=5594 96045 1510 64765 375 12901 35954 1403 146055 1052 52784 4460 10690 1538 3327
leaf_count=5594 96045 1510 64765 375 12901 35954 1403 146055 1052 52784 4460 10690 1538 3327
internal_value=-2.52018e-06 -8.02002e-05 -1.64502e-05 0.000115672 -0.000423047 5.75227e-05 -0.000416146 7.13229e-05 0.000177912 3.37567e-05 0.00057153 -0.000477418 -0.000263208 -0.000151739
internal_weight=438453 191151 161185 65140 29966 247302 6997 240305 94250 58296 5512 28456 15555 14017
internal_count=438453 191151 161185 65140 29966 247302 6997 240305 94250 58296 5512 28456 15555 14017
is_linear=0
shrinkage=0.03


Tree=106
num_leaves=15
num_cat=0
split_feature=18 20 79 79 74 80 30 53 11 48 10 70 53 20
split_gain=2.43701 2.95678 2.71234 2.67311 2.23789 2.05338 2.27813 3.90387 2.43926 2.02116 1.90855 1.86814 1.83019 2.45331
threshold=0.09271500259637834 -0.029114999808371064 947.50000000000011 2.5000000000000004 1.0000000180025095e-35 6.5000000000000009 0.61594998836517345 0.0037573361769318585 -0.0097606452181935293 -0.83105063438415516 -0.074374321848154054 0.043892791494727142 0.0018316910136491062 -0.32164999842643732
decision_type=10 10 8 10 2 8 10 2 10 10 10 2 2 8
left_child=5 2 10 -3 9 -1 12 8 -8 -5 -2 -12 13 -7
right_child=1 3 -4 4 -6 6 7 -9 -10 -11 11 -13 -14 -15
leaf_value=0.00026119322874782781 0.0037282583225857124 0.0011814673470962155 -0.00087973222401452529 -0.0025464345002466338 0.0014611956727394479 -0.00029341651205979952 8.1812529991200065e-05 -0.00085299533080864377 0.00059046849547947236 -2.0522329355886403e-05 -0.00021331169018747159 -0.0028409610606958059 0.00011661206188560564 -2.546890561324937e-05
leaf_weight=29198 105 1888 6447 284 909 36293 19038 2813 15305 21169 41107 240 62010 201342
leaf_count=29198 105 1888 6447 284 909 36293 19038 2813 15305 21169 41107 240 62010 201342
internal_value=-1.15369e-05 -0.000170885 -0.000307524 9.90143e-05 7.38022e-06 1.98771e-05 -1.0467e-06 0.000220508 0.000308549 -5.45465e-05 -0.000218433 -0.000228906 -2.85227e-05 -6.63967e-05
internal_weight=438148 72149 47899 24250 22362 365999 336801 37156 34343 21453 41452 41347 299645 237635
internal_count=438148 72149 47899 24250 22362 365999 336801 37156 34343 21453 41452 41347 299645 237635
is_linear=0
shrinkage=0.03


Tree=107
num_leaves=15
num_cat=0
split_feature=60 45 18 65 61 50 68 64 79 63 63 24 65 49
split_gain=2.5339 2.87414 2.21097 2.52387 2.22722 4.04311 3.11559 2.45551 2.04643 2.18624 1.97747 1.91056 1.90859 1.8853
threshold=0.13617848604917529 0.028854767791926864 0.20255000144243243 0.96544259786605846 0.57659474015235912 -0.002242463175207376 -7.6605581853073077e-05 0.63597410917282116 2.5000000000000004 0.96888023614883434 0.030445816926658157 0.66844999790191661 0.018989542499184612 0.75522243976593029
decision_type=2 2 10 8 2 2 2 10 8 2 2 10 10 8
left_child=1 11 4 -4 7 -6 -7 10 -8 13 -2 12 -1 -10
right_child=2 -3 3 -5 5 6 8 -9 9 -11 -12 -13 -14 -15
leaf_value=0.002520218326682875 0.00088947658764217943 -0.0018946711555985476 -0.00055107858867076099 0.0014917041486534088 -0.00054402967498825877 -0.0003328543914399918 0.0007363083661720241 -9.9827298203425825e-05 -7.9223581214029809e-05 -0.00048641205725305129 0.00010243613234882345 9.8779848292320513e-05 0.00042569947397816648 0.00019156025565800032
leaf_weight=396 2924 584 10285 570 16346 26695 3564 67297 50418 7524 150988 40627 17083 42764
leaf_count=396 2924 584 10285 570 16346 26695 3564 67297 50418 7524 150988 40627 17083 42764
internal_value=7.08743e-06 0.000190521 -2.12922e-05 -0.000443174 -8.85955e-06 -9.92343e-05 -4.36999e-05 5.13251e-05 3.03413e-05 5.3217e-06 0.000117417 0.000211639 0.00047386 4.50508e-05
internal_weight=438065 58690 379375 10855 368520 147311 130965 221209 104270 100706 153912 58106 17479 93182
internal_count=438065 58690 379375 10855 368520 147311 130965 221209 104270 100706 153912 58106 17479 93182
is_linear=0
shrinkage=0.03


Tree=108
num_leaves=15
num_cat=0
split_feature=9 58 22 67 45 14 30 28 9 54 16 53 30 30
split_gain=2.37447 2.52395 2.45667 2.4123 2.23685 2.65061 2.4213 2.35903 2.27911 2.536 3.32417 2.30864 2.39525 2.20818
threshold=0.06405911967158319 0.010157418437302114 0.90915000438690197 -0.012391817755997179 -0.0066273182164877644 -0.13024999946355817 0.33705000579357153 0.34620000422000891 0.021673553623259071 0.0041118301451206216 -0.097364999353885637 0.0018055430846288802 0.34155000746250158 0.38455000519752508
decision_type=10 2 10 2 2 8 8 10 10 2 8 2 10 10
left_child=3 -2 -3 -1 5 -5 7 -7 -6 11 -11 13 -13 -10
right_child=1 2 -4 4 8 6 -8 -9 9 10 -12 12 -14 -15
leaf_value=-0.00036989597578918239 -0.0013592840887069254 -6.4907974000595029e-05 -0.0017072847179722733 0.0022817590031236814 0.00015615102989179018 -0.00073855856301248564 0.00023122560093274261 7.659679711477311e-05 -0.00031214887678522422 0.0005184610919023809 7.5984222019088328e-06 0.00039734827896565906 -6.7832255894989887e-05 -7.1015314705846557e-05
leaf_weight=14174 2087 9087 896 526 62761 4827 66506 9430 54570 14028 62607 14784 30519 91467
leaf_count=14174 2087 9087 896 526 62761 4827 66506 9430 54570 14028 62607 14784 30519 91467
internal_value=3.09071e-06 -0.000411762 -0.000213096 1.48441e-05 2.80838e-05 0.000169073 0.000155173 -0.000199553 -6.57092e-06 -4.46834e-05 0.000101139 -0.000103089 8.4e-05 -0.000161128
internal_weight=438269 12070 9983 426199 412025 81289 80763 14257 330736 267975 76635 191340 45303 146037
internal_count=438269 12070 9983 426199 412025 81289 80763 14257 330736 267975 76635 191340 45303 146037
is_linear=0
shrinkage=0.03


Tree=109
num_leaves=15
num_cat=0
split_feature=30 53 54 80 11 12 23 26 9 14 9 20 16 73
split_gain=2.27248 3.11584 2.82596 2.23918 2.1796 2.08185 1.94157 2.06836 2.06557 1.93611 2.37159 2.54828 2.02084 1.89033
threshold=0.61594998836517345 0.004895630758255721 0.017100393772125248 6.5000000000000009 -0.28168284893035883 0.53133252263069164 2.5824999809265141 0.079344999045133605 0.030203567817807201 -0.071525000035762773 0.050975680351257331 -0.51004999876022328 -0.17294999957084653 3.5000000000000004
decision_type=10 2 2 8 8 10 10 8 8 8 10 8 8 2
left_child=3 2 4 -1 -2 9 7 8 -7 13 11 -11 -12 -5
right_child=1 -3 -4 5 -6 6 -8 -9 -10 10 12 -13 -14 -15
leaf_value=0.00023319642253974069 1.5302854158854625e-05 -0.00090914056068689146 -0.0024891336578569795 0.00047528590755976805 0.00046315456648631794 -0.00040141685373084078 -0.0018429964956592608 -0.00012810458078504211 -0.0018172651152985773 -0.00080976221106898673 0.00023618157363271329 1.3206082515813091e-05 -0.00047099703247820498 -0.00036990066995855878
leaf_weight=30969 15714 2106 326 12914 25897 3361 643 45170 1278 3424 4606 271846 17231 2916
leaf_count=30969 15714 2106 326 12914 25897 3361 643 45170 1278 3424 4606 271846 17231 2916
internal_value=1.11702e-05 0.000215539 0.00027212 -1.16568e-05 0.00029405 -3.25268e-05 -0.00021135 -0.000190104 -0.000793006 -3.69372e-06 -2.09203e-05 2.95491e-06 -0.000321814 0.000319529
internal_weight=438401 44043 41937 394358 41611 363389 50452 49809 4639 312937 297107 275270 21837 15830
internal_count=438401 44043 41937 394358 41611 363389 50452 49809 4639 312937 297107 275270 21837 15830
is_linear=0
shrinkage=0.03


Tree=110
num_leaves=15
num_cat=0
split_feature=65 20 80 67 60 32 13 14 65 45 28 70 51 38
split_gain=2.10412 2.46965 2.02872 1.93277 2.03114 1.9862 2.22294 1.81279 2.07493 1.77352 1.76275 1.7388 1.93542 1.70671
threshold=0.015523958485573532 -0.70410001277923573 6.5000000000000009 -0.012391817755997179 0.12842251360416415 -0.037440000101923936 0.33689104020595556 0.11824999749660493 0.95047277212142955 -0.03879128769040107 0.23510000109672549 -0.0016677947132848201 0.72631299495697033 0.0014070000033825638
decision_type=10 8 8 2 2 10 10 10 10 2 10 2 10 10
left_child=9 10 -3 11 -5 6 7 -6 -9 -1 -2 12 13 -4
right_child=1 2 3 4 5 -7 -8 8 -10 -11 -12 -13 -14 -15
leaf_value=0.0024303309317975029 -0.0027903732660611589 0.00021788720683189075 0.00064711525089051309 0.00017017825097729333 -0.00021192393232871443 1.1413783423804544e-05 6.2056854917188383e-05 -0.0013193253737589052 0.0023975157951614976 0.00041948886617392532 -0.00053709523147155928 -0.00064456716760382792 -0.0028197272802766376 -0.00041114500621132466
leaf_weight=422 450 33850 2869 48446 69811 230626 31870 2086 140 5293 1008 8365 201 2619
leaf_count=422 450 33850 2869 48446 69811 230626 31870 2086 140 5293 1008 8365 201 2619
internal_value=-1.65013e-06 -9.21267e-06 -5.03464e-06 -2.40429e-05 -1.13608e-05 -3.76529e-05 -0.000146554 -0.000238843 -0.00108071 0.000569966 -0.00123971 -0.000369509 3.51424e-05 0.000142175
internal_weight=438056 432341 430883 397033 382979 334533 103907 72037 2226 5715 1458 14054 5689 5488
internal_count=438056 432341 430883 397033 382979 334533 103907 72037 2226 5715 1458 14054 5689 5488
is_linear=0
shrinkage=0.03


Tree=111
num_leaves=15
num_cat=0
split_feature=18 9 17 23 54 44 20 14 23 20 27 65 21 35
split_gain=2.10133 2.52872 2.26709 2.29823 2.78942 1.79379 2.11653 1.76306 1.75029 2.16832 1.95549 1.68461 1.7344 1.68345
threshold=0.070284999907016768 0.025534240528941158 54.875000000000007 0.59325000643730175 0.0064898063428699979 -0.028628847561776635 -0.38404999673366541 -0.065114997327327714 0.3911499977111817 -0.028144999407231804 43.534999847412116 0.030161583796143535 0.44054999947547918 0.057795001193881042
decision_type=8 10 10 10 2 2 10 10 8 10 10 10 10 8
left_child=2 -2 3 4 11 6 -5 -8 9 -3 -10 12 -1 -7
right_child=1 8 -4 5 -6 13 7 -9 10 -11 -12 -13 -14 -15
leaf_value=0.00033462273197826638 0.0001765916004430749 0.00054984892682471075 0.00016663923274011752 -0.00046982348612560181 0.00074479887097909166 4.4020289439464131e-05 0.0024642073407560756 0.00065817548621791933 -0.00019602598383068452 0.0051051129285732038 -0.0035578695261994234 -0.00038289824189698292 0.0037857582499090511 -0.00017819488116605962
leaf_weight=923 20562 525 77652 963 2305 174666 692 1630 92500 110 151 28066 148 37216
leaf_count=923 20562 525 77652 963 2305 174666 692 1630 92500 110 151 28066 148 37216
internal_value=-1.36494e-05 -0.000124529 2.52816e-05 -1.92314e-05 -0.000258788 1.57797e-05 0.000710906 0.00120055 -0.000190907 0.00137267 -0.000201697 -0.000338295 0.000826906 4.98604e-06
internal_weight=438109 113848 324261 246609 31442 215167 3285 2322 93286 635 92651 29137 1071 211882
internal_count=438109 113848 324261 246609 31442 215167 3285 2322 93286 635 92651 29137 1071 211882
is_linear=0
shrinkage=0.03


Tree=112
num_leaves=15
num_cat=0
split_feature=13 24 72 25 28 73 51 10 56 65 53 79 11 45
split_gain=1.98373 2.39694 1.99215 2.71276 2.9003 2.50931 2.3135 2.53372 2.30514 2.13296 1.9901 1.95227 3.16007 2.22884
threshold=0.42024992406368261 1.2214999794960024 0.01084061060100794 0.035649999976158149 0.7430500090122224 1.5000000000000002 0.43628221750259405 0.064000681042671217 -0.038239020854234688 0.27146090567111975 -0.0029000869253650303 115.50000000000001 0.50770550966262828 0.018658834509551529
decision_type=8 10 2 8 8 2 8 8 2 8 2 8 10 2
left_child=2 -2 6 -4 5 -5 8 9 -1 -8 -7 -10 -13 -14
right_child=1 -3 3 4 -6 10 7 -9 11 -11 -12 12 13 -15
leaf_value=0.0017461680790507106 0.00019913124291256464 -0.00014568589916327565 -5.2314359324034361e-05 0.001912878034174141 0.0031472715657765299 -0.0024399748052220181 -0.00093038722166651486 -0.0014420401065863395 1.8063667962440419e-07 -5.8628882804894123e-05 0.00045703388747762158 -0.00031810249408129488 0.00016657946345124025 0.0018180221207031735
leaf_weight=653 75998 23829 3606 913 545 263 3284 1843 267268 10892 1043 39597 7154 815
leaf_count=653 75998 23829 3606 913 545 263 3284 1843 267268 10892 1043 39597 7154 815
internal_value=-6.74565e-07 0.000116819 -3.53898e-05 0.000489909 0.00119613 0.000710917 -4.54909e-05 -0.000397143 -2.76296e-05 -0.000260837 -0.000133441 -3.13363e-05 -0.000208408 0.000336509
internal_weight=437703 99827 337876 6370 2764 2219 331506 16019 315487 14176 1306 314834 47566 7969
internal_count=437703 99827 337876 6370 2764 2219 331506 16019 315487 14176 1306 314834 47566 7969
is_linear=0
shrinkage=0.03


Tree=113
num_leaves=15
num_cat=0
split_feature=12 46 21 24 10 39 55 21 10 67 33 57 54 44
split_gain=2.28158 2.40073 1.7536 1.64445 3.1474 3.11739 2.45697 2.19299 1.66457 2.1956 1.9528 1.58222 1.45618 1.73279
threshold=0.41264209151268011 1.0000000180025095e-35 0.60914999246597301 1.7055000066757204 -0.028570198453962799 -0.031579999253153794 0.61390742659568798 0.62174999713897716 0.092030655592679991 -0.0004543607792584225 0.0044185000006109485 0.00075453321915119897 0.0051459781825542459 -0.0067906575277447692
decision_type=10 10 10 10 10 10 2 10 10 2 8 2 2 2
left_child=1 -1 12 8 5 7 -6 -5 -3 -10 -11 -4 -2 -14
right_child=2 3 11 4 6 -7 -8 -9 9 10 -12 -13 13 -15
leaf_value=0.0017048275365874417 -0.00013601210361443029 5.2173879150473907e-05 -0.00010112940591563611 -0.0023032692353311466 -0.0006466939989675653 0.0014701287846957053 0.00057408298647555864 0.0024998035018586298 0.00028465719941764435 -0.0032210673030571416 -9.0464320162246967e-05 -0.0011187562196573707 -0.00043780078964292105 0.00036482721371038112
leaf_weight=770 92755 309542 2594 387 10243 1538 1731 105 669 480 285 2924 3090 11114
leaf_count=770 92755 309542 2594 387 10243 1538 1731 105 669 480 285 2924 3090 11114
internal_value=-3.12603e-06 3.70975e-05 -0.000119616 3.31199e-05 -0.000284832 0.000806145 -0.000470049 -0.00126339 4.74424e-05 -0.00097053 -0.00206293 -0.000640897 -9.26944e-05 0.000190127
internal_weight=438227 325750 112477 324980 14004 2030 11974 492 310976 1434 765 5518 106959 14204
internal_count=438227 325750 112477 324980 14004 2030 11974 492 310976 1434 765 5518 106959 14204
is_linear=0
shrinkage=0.03


Tree=114
num_leaves=15
num_cat=0
split_feature=14 72 73 9 20 59 45 54 46 38 24 33 44 0
split_gain=2.14029 2.81855 2.64908 2.4746 3.24107 2.94793 2.55001 2.89556 2.35566 2.79163 2.28641 2.25824 2.0715 2.0006
threshold=-0.076655000448226915 -0.0097288317047059519 3.5000000000000004 0.025136461481451992 -0.24294999986886975 2.8440955877304082 -0.0045117407571524373 0.0050373491831123838 0.8941628932952882 -0.0014845000114291904 0.57385000586509716 0.0067155000288039455 -0.019126352854073044 0.014663499779999258
decision_type=8 2 2 10 8 10 2 2 10 8 10 10 2 8
left_child=2 -2 8 4 -3 13 10 12 9 -1 -5 -7 -8 -6
right_child=1 3 -4 6 5 11 7 -9 -10 -11 -12 -13 -14 -15
leaf_value=-0.00047772276686891481 -0.0006463768407894546 -0.00023721014714805084 -0.00045280062882496893 0.00044206760426698132 -7.6231152068402213e-06 -0.00052480337049945307 -0.0017152141048104896 0.00011238537226858849 0.0014346582776271818 0.0006049172575706386 1.6518478900868204e-05 0.00082806587473964628 -0.00016138180767524376 0.00029550949614219271
leaf_weight=2822 6232 21083 3158 13644 26579 8107 771 41455 2097 8870 67851 1282 159369 74560
leaf_count=2822 6232 21083 3158 13644 26579 8107 771 41455 2097 8870 67851 1282 159369 74560
internal_value=-6.52315e-08 -1.33752e-05 0.000330437 -3.85496e-06 0.000103621 0.000168642 -5.38226e-05 -0.000111069 0.000509915 0.000343517 8.77872e-05 -0.000339736 -0.000168916 0.000215851
internal_weight=437880 420933 16947 414701 131611 110528 283090 201595 13789 11692 81495 9389 160140 101139
internal_count=437880 420933 16947 414701 131611 110528 283090 201595 13789 11692 81495 9389 160140 101139
is_linear=0
shrinkage=0.03


Tree=115
num_leaves=15
num_cat=0
split_feature=70 51 50 46 68 57 47 72 20 45 27 11 9 47
split_gain=1.99303 2.49292 2.5119 2.48538 2.41729 2.71296 2.00712 2.03962 1.97212 2.72326 2.29492 2.18981 2.18758 1.96892
threshold=0.003690026700496674 0.51463913917541515 -0.011572268791496752 0.31872321665287023 -0.002317238948307931 -0.0038100680103525515 -0.24860998243093488 -0.012058732099831103 -0.31845000386238093 0.016065384261310104 16.260000228881839 0.61850181221961986 0.050975680351257331 0.21202842891216281
decision_type=2 10 2 10 2 2 10 2 8 2 10 10 10 10
left_child=1 2 -1 -3 5 -2 -6 -8 9 10 11 -4 -10 -9
right_child=4 3 8 -5 6 -7 7 13 12 -11 -12 -13 -14 -15
leaf_value=0.00070696687285885589 -5.3771297271561388e-05 0.0029272456707769524 -0.00055785645301683197 -0.00059612414404190206 0.00040362053060890684 -0.00083642605251793339 -0.0014614927451244877 -0.00013553778157316052 9.4820757467016509e-05 0.00079925135004067511 1.3378127560807797e-05 0.00061268368457759995 -0.00030730164126788667 0.00019583295254756682
leaf_weight=5235 8005 180 16680 7074 8176 7936 954 83585 244457 2532 19101 1570 12809 19994
leaf_count=5235 8005 180 16680 7074 8176 7936 954 83585 244457 2532 19101 1570 12809 19994
internal_value=1.42229e-06 4.26583e-05 5.58461e-05 -0.00050674 -9.78233e-05 -0.000443545 -4.89087e-05 -8.43206e-05 4.43634e-05 -0.000151914 -0.000216491 -0.000457018 7.47939e-05 -7.15665e-05
internal_weight=438288 309638 302384 7254 128650 15941 112709 104533 297149 39883 37351 18250 257266 103579
internal_count=438288 309638 302384 7254 128650 15941 112709 104533 297149 39883 37351 18250 257266 103579
is_linear=0
shrinkage=0.03


Tree=116
num_leaves=15
num_cat=0
split_feature=49 9 55 46 14 39 72 23 17 12 25 14 23 38
split_gain=2.33143 2.16014 2.29799 2.47242 2.50797 2.4391 2.21154 1.86874 2.50455 1.85713 1.79426 1.86261 1.68902 1.61646
threshold=0.019612651318311695 0.050975680351257331 0.65199992060661327 0.95678764581680309 -0.046405000612139695 0.032564999535679824 -0.0097288317047059519 0.62994998693466198 46.48500061035157 0.39362759888172155 0.00073559998418204497 -0.076655000448226915 2.4214999675750737 0.00018360000103712085
decision_type=10 10 2 10 10 8 2 8 10 8 8 8 8 8
left_child=-1 6 3 12 9 -6 13 8 -8 -5 -4 -12 -3 -2
right_child=1 2 10 4 5 -7 7 -9 -10 -11 11 -13 -14 -15
leaf_value=0.00039333754023866636 -2.3214042510332191e-06 -0.00032415359685813571 -8.228922593001562e-05 0.0029920808633323755 -0.0011852611353846557 0.00211077631699434 -0.0004042042591142984 2.984387508033401e-05 2.446033267357109e-05 -0.00078287766662006283 0.0037382480652833525 0.00076627334814577213 -0.00099236826650582737 -0.0010653430856517178
leaf_weight=12436 2237 23017 2798 529 678 282 22193 337998 27418 148 215 1419 3993 3028
leaf_count=12436 2237 23017 2798 529 678 282 22193 337998 27418 148 215 1419 3993 3028
internal_value=-1.14743e-05 -2.32976e-05 -0.000256105 -0.000354457 0.000776036 -0.00021113 -3.69279e-06 4.60656e-06 -0.00016732 0.00216714 0.000379295 0.00116753 -0.000423104 -0.000614116
internal_weight=438389 425953 33079 28647 1637 960 392874 387609 49611 677 4432 1634 27010 5265
internal_count=438389 425953 33079 28647 1637 960 392874 387609 49611 677 4432 1634 27010 5265
is_linear=0
shrinkage=0.03


Tree=117
num_leaves=15
num_cat=0
split_feature=72 14 45 50 52 9 54 22 66 53 24 73 66 45
split_gain=2.07542 2.11625 1.92508 2.48059 3.28095 2.47353 2.69571 2.57863 2.48891 2.46567 3.67863 3.0409 2.14476 2.12486
threshold=-0.0097288317047059519 -0.071525000035762773 -0.0048729588743299237 -0.01430981047451496 9.5187420845031756 0.035141693428158767 0.0093457233160734194 0.32555000483989721 0.72643625736236583 0.0036685916129499678 0.85834997892379772 2.5000000000000004 0.88040879368782055 0.02618336491286755
decision_type=2 8 2 2 10 8 2 8 10 2 10 2 10 2
left_child=1 -1 3 4 -2 7 9 8 -4 -7 -11 -12 13 -8
right_child=2 -3 5 -5 -6 6 12 -9 -10 10 11 -13 -14 -15
leaf_value=0.0009413160442049511 0.0013380672688526705 -0.00071136967052539204 -0.00010331244820370268 8.4141109135750207e-05 -0.0037610226952820083 -0.00026831291022436576 0.00023054056909600971 8.3762379950167359e-05 -0.0010468947129965984 -0.00049365777446872916 0.0011341493357640733 -8.0081769237493644e-05 -0.00094720235359181085 0.0014439094270161604
leaf_weight=782 2194 6153 62800 111543 115 79409 4176 153695 2616 4407 4194 3326 914 1882
leaf_count=782 2194 6153 62800 111543 115 79409 4176 153695 2616 4407 4194 3326 914 1882
internal_value=-9.79738e-06 -0.000524467 -1.51532e-06 0.000104314 0.00107653 -3.94752e-05 -0.000164497 1.66206e-05 -0.000141124 -0.000207905 0.000194228 0.000597414 0.000403908 0.00060837
internal_weight=438206 6935 431271 113852 2309 317419 98308 219111 65416 91336 11927 7520 6972 6058
internal_count=438206 6935 431271 113852 2309 317419 98308 219111 65416 91336 11927 7520 6972 6058
is_linear=0
shrinkage=0.03


Tree=118
num_leaves=15
num_cat=0
split_feature=66 54 71 68 20 19 11 0 20 53 26 37 72 35
split_gain=1.74689 2.61462 2.2201 2.21157 2.09123 2.96113 2.75787 2.36693 2.0309 1.98936 2.21671 2.0293 1.92787 1.96909
threshold=0.70284366607666027 0.0060684531927108773 -0.01094201998785138 0.0098203653469681757 -0.27594999969005579 0.17294999957084659 0.50000023841857921 -0.016960999928414818 -0.042124999687075608 -0.0001050057544489391 0.10590000078082086 -0.0079589998349547369 0.00010430318070575596 0.09375499933958055
decision_type=10 2 2 2 10 10 8 8 10 2 8 10 2 10
left_child=1 2 -1 -2 6 -6 7 -4 -7 10 11 -9 13 -3
right_child=3 12 4 -5 5 8 -8 9 -10 -11 -12 -13 -14 -15
leaf_value=0.0004597768334788575 -6.7094116286862631e-05 1.5322759344071349e-05 0.0018979431332539773 -0.00069041042130109365 0.0001088954581515505 -0.00027127048763320611 0.00038626443698142597 -1.8528817281698622e-05 0.00012945383806657113 -4.3285822914924324e-05 -0.00024672309708896899 -0.0010762783355518764 0.00055336329209432721 0.0020556912254079637
leaf_weight=9540 122361 15145 464 5342 151901 37578 7514 2183 16324 25241 23138 6469 14496 433
leaf_count=9540 122361 15145 464 5342 151901 37578 7514 2183 16324 25241 23138 6469 14496 433
internal_value=2.00192e-07 3.86217e-05 1.01033e-05 -9.31943e-05 -5.74576e-06 4.1109e-05 -0.000154069 -0.000224712 -0.000149912 -0.000242147 -0.000400009 -0.000809561 0.000304427 7.26774e-05
internal_weight=438129 310426 280352 127703 270812 205803 65009 57495 53902 57031 31790 8652 30074 15578
internal_count=438129 310426 280352 127703 270812 205803 65009 57495 53902 57031 31790 8652 30074 15578
is_linear=0
shrinkage=0.03


Tree=119
num_leaves=15
num_cat=0
split_feature=80 60 62 47 60 26 48 55 35 26 24 55 9 70
split_gain=2.05778 1.83384 2.29029 3.14721 2.07166 1.89637 1.87247 1.86968 2.00172 1.77098 1.67987 1.64549 1.59924 1.58663
threshold=5.5000000000000009 0.13232433050870898 0.58079707622528087 0.27196291089057928 0.90702819824218761 0.064160000532865538 -0.90036550164222706 0.35076327621936804 0.23699999600648883 0.1308499947190285 1.3874999880790713 0.35746736824512487 0.058240648359060294 -0.0058151583652943364
decision_type=8 2 2 8 2 8 8 2 10 8 10 2 8 2
left_child=9 6 4 7 -3 -6 -2 13 -9 -1 -11 -5 -7 -4
right_child=1 2 3 11 5 12 -8 8 -10 10 -12 -13 -14 -15
leaf_value=7.1104397174173611e-05 -0.001275999454884609 5.6466037478374589e-05 0.0017020541707036426 -0.00027085167194634049 -0.0025506440419345521 -0.00012546348151237679 0.00016955779522159051 -0.00010342256899865769 -0.0011794528830057394 0.00042554039268652346 0.00163791323074417 0.00039770938258819279 -0.00094699344413627532 -0.000415671097939654
leaf_weight=18421 814 187865 317 4369 307 24199 52920 91294 1578 9098 1156 13668 2334 29963
leaf_count=18421 814 187865 317 4369 307 24199 52920 91294 1578 9098 1156 13668 2334 29963
internal_value=1.39166e-06 -1.58081e-05 -4.0473e-05 -0.000134319 2.12414e-05 -0.000225276 0.000147543 -0.000188525 -0.000121768 0.000247053 0.000562951 0.000235737 -0.000197895 -0.000393223
internal_weight=438303 409628 355894 141189 214705 26840 53734 123152 92872 28675 10254 18037 26533 30280
internal_count=438303 409628 355894 141189 214705 26840 53734 123152 92872 28675 10254 18037 26533 30280
is_linear=0
shrinkage=0.03


Tree=120
num_leaves=15
num_cat=0
split_feature=45 51 56 47 50 52 46 55 56 19 50 60 46 65
split_gain=2.19441 2.91654 2.85504 2.32406 2.20721 2.74985 2.14254 2.0825 2.11214 1.86224 1.81163 1.79299 1.94197 1.80253
threshold=-0.0038162788841873403 0.038965146988630302 -0.0093985595740377886 0.75359851121902477 -0.01430981047451496 9.5187420845031756 1.092318117618561 0.32668702304363256 0.015672361478209499 0.29954999685287481 0.0078459181822836416 0.347629263997078 0.7218686342239381 0.7362169921398164
decision_type=2 10 2 8 2 8 8 2 2 8 2 2 10 10
left_child=1 -1 6 7 5 -3 -2 8 10 -6 -4 -5 -13 -14
right_child=2 4 3 11 9 -7 -8 -9 -10 -11 -12 12 13 -15
leaf_value=0.00053269765869426368 -0.00037332549279793455 0.0011143967038110666 -0.00017081250130172195 -0.0024386511471540732 8.6233175952869014e-05 -0.0032339851301335528 -0.0018499347845736336 -2.8515643229390817e-07 -0.00079511259143588621 -0.0002644160235147841 0.0020398515243888471 0.0014445204743365339 -0.00061004007482920821 0.0011119880031747566
leaf_weight=12956 11312 2617 33595 157 102538 133 955 248270 5253 15716 332 2042 1218 985
leaf_count=12956 11312 2617 33595 157 102538 133 955 248270 5253 15716 332 2042 1218 985
internal_value=3.83056e-06 0.000104995 -4.0732e-05 -2.1883e-05 5.91806e-05 0.000898606 -0.000488988 -3.23646e-05 -0.000235615 3.96226e-05 -0.000148882 0.000661825 0.000779229 0.000160683
internal_weight=438079 133960 304119 291852 121004 2750 12267 287450 39180 118254 33927 4402 4245 2203
internal_count=438079 133960 304119 291852 121004 2750 12267 287450 39180 118254 33927 4402 4245 2203
is_linear=0
shrinkage=0.03


Tree=121
num_leaves=15
num_cat=0
split_feature=12 66 25 68 27 15 9 11 79 26 28 68 35 46
split_gain=2.2271 1.9451 2.92512 2.14831 1.82027 2.22977 1.95465 1.80536 2.01125 1.65907 2.29133 1.87595 2.08403 1.8031
threshold=0.56936147809028637 0.70284366607666027 0.058624999597668655 0.010662546381354334 16.610000610351566 -0.00083129998529329885 0.040842965245246894 0.74926540255546581 5.5000000000000009 0.11105000227689744 0.89980000257492077 0.0018124699126929047 0.14079999923706057 1.582548260688782
decision_type=10 10 10 2 8 10 10 8 10 10 10 2 10 10
left_child=1 7 9 -4 5 -2 -7 8 -1 -3 11 -11 -13 -12
right_child=4 2 3 -5 -6 6 -8 -9 -10 10 13 12 -14 -15
leaf_value=-0.00014403636724990261 -0.00063723186014802164 -0.00036983947584050177 0.00016238439719778769 -0.0012818019882922067 5.2138412261126686e-05 2.7840771523939883e-05 -0.00083657631986298301 0.0004562513103982959 9.1705638104600562e-05 0.00023889695110643783 -0.00044963218517217755 -0.00014683867719100582 -0.0026203105166104461 -0.0037149763985747293
leaf_weight=38023 12430 27795 40113 944 17916 14624 2801 10645 226998 18748 8794 17716 307 150
leaf_count=38023 12430 27795 40113 944 17916 14624 2801 10645 226998 18748 8794 17716 307 150
internal_value=6.4249e-06 3.00943e-05 -7.37981e-05 0.000129027 -0.000186909 -0.000330346 -0.000111311 7.32725e-05 5.78813e-05 -0.000187082 -7.59354e-05 2.88332e-05 -0.000189686 -0.00050644
internal_weight=438004 390233 114567 41057 47771 29855 17425 275666 265021 73510 45715 36771 18023 8944
internal_count=438004 390233 114567 41057 47771 29855 17425 275666 265021 73510 45715 36771 18023 8944
is_linear=0
shrinkage=0.03


Tree=122
num_leaves=15
num_cat=0
split_feature=16 14 31 14 65 68 45 9 24 69 44 63 45 25
split_gain=1.72862 2.49748 2.15737 1.70758 1.8645 1.69929 2.37423 2.47382 2.02656 1.83863 1.70625 1.63896 1.58646 2.58853
threshold=0.20024999976158145 -0.13024999946355817 0.75575000047683727 0.17255000025033954 0.57336390018463146 -0.010221567936241625 -0.018229465000331398 0.025041693821549419 0.64875000715255748 0.2149859964847565 -0.024858724325895306 0.98687082529068004 -0.056034659966826432 0.0022624999983236198
decision_type=10 10 8 10 8 2 2 8 8 2 2 2 2 8
left_child=3 -2 11 5 -5 -1 7 -7 -9 -8 -11 -3 13 -10
right_child=1 2 -4 4 -6 6 9 8 12 10 -12 -13 -14 -15
leaf_value=-0.00036314923397092402 0.0026792400066760623 -0.00086232441895290896 -0.00010918100025748457 -0.0020148113682365828 0.00032021136710787734 -0.0005210466293960399 -0.00014918291322350868 0.0014344455128326348 0.00087250663098999333 -0.0011989080236627094 4.8757188020345394e-05 0.0022471202164593656 0.00047313331282000486 -0.0035149897893395729
leaf_weight=10153 277 4695 74584 762 512 2246 52490 1997 243 985 278223 153 10472 233
leaf_count=10153 277 4695 74584 762 512 2246 52490 1997 243 985 278223 153 10472 233
internal_value=-1.27198e-05 -0.000139073 -0.000149069 1.53895e-05 -0.00107882 1.93089e-05 3.0508e-05 0.000397191 0.000556648 1.37091e-05 4.43342e-05 -0.000761978 0.000395949 -0.00128937
internal_weight=438025 79709 79432 358316 1274 357042 346889 15191 12945 331698 279208 4848 10948 476
internal_count=438025 79709 79432 358316 1274 357042 346889 15191 12945 331698 279208 4848 10948 476
is_linear=0
shrinkage=0.03


Tree=123
num_leaves=15
num_cat=0
split_feature=60 72 45 37 14 19 74 50 55 51 15 68 69 14
split_gain=2.35691 2.17375 2.04773 2.03865 2.24766 1.86248 3.15946 2.061 1.95109 1.86676 1.78948 1.76726 2.31142 1.75511
threshold=0.13617848604917529 -0.0097288317047059519 0.013006694614887239 -0.0052969998214393845 -0.054205000400543206 0.17535000294446948 1.0000000180025095e-35 -0.010104260407388209 0.38408838212490087 0.59443736076354992 -0.0033720000647008415 0.0026579631958156828 0.9574275314807893 0.21155000478029254
decision_type=2 2 2 10 10 10 2 2 2 10 10 2 2 10
left_child=2 3 -1 -2 -5 7 10 9 -9 -3 11 12 -7 -10
right_child=1 5 -4 4 -6 6 -8 8 13 -11 -12 -13 -14 -15
leaf_value=0.0002286373207562738 -0.001321486025184816 0.00084066581191643707 -0.00050802953265793394 0.0015426453397525714 -0.00048616002522523956 -0.00083988649603889244 0.00066604761055925486 -0.0001064984534096368 7.0695710479834348e-05 -0.000896484243993836 -0.00010410222437239764 -0.0001371358911630111 0.00279369773745236 -0.0024296542101359298
leaf_weight=54968 2177 4455 3615 580 3070 7896 4285 83042 192656 632 72298 7945 156 248
leaf_count=54968 2177 4455 3615 580 3070 7896 4285 83042 192656 632 72298 7945 156 248
internal_value=6.04396e-06 -2.13006e-05 0.00018314 -0.000596018 -0.000162105 -1.23292e-05 -0.000129027 2.61158e-05 1.50796e-05 0.000624177 -0.000167648 -0.000454717 -0.000767799 6.74183e-05
internal_weight=438023 379440 58583 5827 3650 373613 92580 281033 275946 5087 88295 15997 8052 192904
internal_count=438023 379440 58583 5827 3650 373613 92580 281033 275946 5087 88295 15997 8052 192904
is_linear=0
shrinkage=0.03


Tree=124
num_leaves=15
num_cat=0
split_feature=31 19 60 65 70 55 54 24 1 64 63 61 59 46
split_gain=1.82918 1.71878 1.67038 2.56662 1.87964 1.90724 1.68023 1.68976 1.64794 1.56067 2.79936 2.03752 1.68743 2.01743
threshold=0.75575000047683727 0.36484999954700476 0.4633587002754212 0.99071919918060314 0.00026970445469487464 0.35076327621936804 0.021074175834655765 0.70995000004768383 0.008621999993920328 0.92688494920730602 0.66225144267082225 0.013544087298214437 1.4093176126480105 0.37453323602676397
decision_type=8 10 2 10 2 2 2 8 8 10 2 2 10 10
left_child=1 -1 3 4 -2 -6 9 -8 -7 11 12 -4 -11 -14
right_child=2 -3 6 -5 5 8 7 -9 -10 10 -12 -13 13 -15
leaf_value=-0.00018490350757383075 0.00018834705401493896 -0.0010750249877693842 0.00092635798114509425 -0.00090888701176676068 -0.00022282983241698071 -0.00027020691899001478 -0.001592033253635894 0.0014935529680826006 0.00012780649432202635 -0.0010151527869575665 8.5456579082890651e-05 -3.5127768396390486e-05 0.0023523878667362596 -0.00039224081745213433
leaf_weight=9966 88568 2424 1998 2355 25875 10833 183 1083 68771 5149 9428 205008 246 6098
leaf_count=9966 88568 2424 1998 2355 25875 10833 183 1083 68771 5149 9428 205008 246 6098
internal_value=-1.65735e-07 -0.000359412 1.02968e-05 7.44992e-05 8.6457e-05 8.97584e-07 -4.47205e-05 0.00104302 7.36288e-05 -5.0785e-05 -0.000297686 -2.58255e-05 -0.000611888 -0.000284044
internal_weight=437985 12390 425595 196402 194047 105479 229193 1266 79604 227927 20921 207006 11493 6344
internal_count=437985 12390 425595 196402 194047 105479 229193 1266 79604 227927 20921 207006 11493 6344
is_linear=0
shrinkage=0.03


Tree=125
num_leaves=15
num_cat=0
split_feature=9 49 72 73 68 0 37 55 68 30 30 53 55 27
split_gain=1.9776 2.09182 2.05285 1.85543 1.79481 2.67987 1.82967 1.67676 1.65801 2.80433 2.19758 3.36101 2.60917 2.51453
threshold=0.050975680351257331 0.014222825877368452 -0.0097288317047059519 1.0000000180025095e-35 -0.010221567936241625 0.0075569998007267722 -0.0022924999939277764 0.73522695899009716 0.00593296135775745 0.34995000064373022 0.50365000963211071 0.0036685916129499678 0.52643224596977245 12.574999809265138
decision_type=10 10 2 2 2 8 10 2 2 10 10 2 2 8
left_child=2 -2 3 -1 5 -5 7 -6 10 -10 12 13 -4 -12
right_child=1 -3 8 4 6 -7 -8 -9 9 -11 11 -13 -14 -15
leaf_value=0.00035228936147472167 0.00096425686660984295 -0.0002698656228990012 -0.0001359124558647568 -0.0069970386762704161 -0.0017130429646304908 -0.00094078790009652661 -0.000125641969916127 0.0018311928894338802 0.00051763311721745675 2.7468686839298854e-05 -4.8656985805767261e-05 -0.00044932761516269516 8.586874110632713e-05 0.0002322540573340279
leaf_weight=1477 1279 33240 142913 100 1574 181 2122 126 15515 32510 44178 9571 71685 81732
leaf_count=1477 1279 33240 142913 100 1574 181 2122 126 15515 32510 44178 9571 71685 81732
internal_value=-6.07891e-06 -0.000224006 1.25586e-05 -0.000558609 -0.000886544 -0.00318068 -0.00071394 -0.00144575 2.05712e-05 0.000185859 -2.10586e-06 9.24906e-05 -6.18277e-05 0.000133693
internal_weight=438203 34519 403684 5580 4103 281 3822 1700 398104 48025 350079 135481 214598 125910
internal_count=438203 34519 403684 5580 4103 281 3822 1700 398104 48025 350079 135481 214598 125910
is_linear=0
shrinkage=0.03


Tree=126
num_leaves=15
num_cat=0
split_feature=64 50 22 48 67 22 16 13 5 64 50 13 19 50
split_gain=1.89989 3.68665 2.43075 2.38102 2.50003 2.31178 2.21032 2.0463 2.86769 2.04314 2.20192 1.76758 1.82791 1.75431
threshold=0.65197157859802257 -0.00040416058618575329 -0.062094999477267258 -0.5549231469631194 -0.0044867009855806819 0.77625000476837169 0.39274999499320989 0.34236942231655126 0.32071450352668768 0.96499025821685802 -0.017546268180012699 0.067803848534822478 0.092794999480247511 0.0046106127556413421
decision_type=10 2 8 10 2 10 10 8 10 10 2 10 8 2
left_child=3 2 -2 -1 5 -5 -7 -6 13 10 -4 -12 -13 -9
right_child=1 -3 9 4 7 6 -8 8 -10 -11 11 12 -14 -15
leaf_value=0.00049512034035570005 0.00061505332283060584 5.6489169140765962e-05 0.0014076245526430775 -0.00024411128248700659 7.859873026994781e-06 0.00035693920596531015 -0.0010410021554539475 0.00034133417934263758 -0.00015699879850348801 -0.00076067402583154733 0.0001512661292310157 -0.00014828136246565889 -0.00050008995154288008 -0.00024967034493932169
leaf_weight=10253 2884 79881 735 45438 140406 10797 1119 56213 16025 6960 8973 30154 23773 4912
leaf_count=10253 2884 79881 735 45438 140406 10797 1119 56213 16025 6960 8973 30154 23773 4912
internal_value=5.6513e-07 -8.45823e-05 -0.000237938 4.63579e-05 2.96122e-05 -0.000146578 0.000225281 7.60633e-05 0.000200179 -0.000272826 -0.000219413 -0.000238536 -0.000303403 0.000293825
internal_weight=438523 153360 73479 285163 274910 57354 11916 217556 77150 70595 63635 62900 53927 61125
internal_count=438523 153360 73479 285163 274910 57354 11916 217556 77150 70595 63635 62900 53927 61125
is_linear=0
shrinkage=0.03


Tree=127
num_leaves=15
num_cat=0
split_feature=65 60 50 58 59 69 62 45 9 26 46 24 54 24
split_gain=2.05103 2.16375 1.87684 1.83827 1.72132 1.70019 1.50954 1.95819 1.84973 2.66323 3.90636 2.5482 2.24313 1.95733
threshold=0.015523958485573532 0.85401818156242382 -0.017546268180012699 0.014560916461050512 1.8145657777786257 0.73956522345542919 0.97593259811401378 0.019199612550437454 0.040842965245246894 0.15335000306367877 0.4594439566135407 1.7055000066757204 0.021074175834655765 1.3525000214576723
decision_type=10 2 2 2 8 2 2 2 10 10 10 10 2 10
left_child=-1 2 3 4 -2 -3 7 8 11 10 -10 12 -4 -11
right_child=1 5 6 -5 -6 -7 -8 -9 9 13 -12 -13 -14 -15
leaf_value=0.00057430317746778566 0.00049099340148127542 -0.00021929581715155938 7.4831666835443691e-05 4.9481967371965453e-05 0.004091012898003398 0.00023436553978671486 -0.0003610226484914255 0.00040798203873421954 -0.00057397009047401937 -4.5808662785622418e-05 0.00012752311539472125 -0.00044104130641340304 -0.0021218636622574619 0.00057988427804050969
leaf_weight=5747 204 54827 279190 503 289 8597 8741 12416 19727 20756 11197 9005 414 5740
leaf_count=5747 204 54827 279190 503 289 8597 8741 12416 19727 20756 11197 9005 414 5740
internal_value=1.15435e-05 4.04359e-06 3.19231e-05 0.00132918 0.00262124 -0.000157789 2.83862e-05 3.78872e-05 2.4602e-05 -0.000130895 -0.000319993 5.55406e-05 7.15412e-05 8.98231e-05
internal_weight=437353 431606 368182 996 493 63424 367186 358445 346029 57420 30924 288609 279604 26496
internal_count=437353 431606 368182 996 493 63424 367186 358445 346029 57420 30924 288609 279604 26496
is_linear=0
shrinkage=0.03


Tree=128
num_leaves=15
num_cat=0
split_feature=67 37 39 33 19 66 39 44 33 35 61 24 79 9
split_gain=1.92826 2.07824 2.04436 1.98874 2.10783 1.73796 3.06421 1.67007 1.67119 2.06883 1.64247 2.66003 2.20967 1.99006
threshold=-0.012391817755997179 -0.0030045000603422518 0.034664999693632133 0.0074879999738186606 0.28454999625682836 0.29978904128074652 -0.010435000061988829 -0.020588958635926243 0.0012494999682530763 -0.012085000053048132 0.92323201894760143 1.1715000271797182 1.5000000000000002 0.06405911967158319
decision_type=2 10 10 10 10 10 10 2 10 10 2 8 8 10
left_child=1 7 3 5 -5 6 -3 8 -1 -10 13 -12 -13 -2
right_child=10 2 -4 4 -6 -7 -8 -9 9 -11 11 12 -14 -15
leaf_value=0.00034889241773473071 4.3513410309223231e-05 0.0025395467933104318 -0.00089127035146880338 -0.00029476052263262081 -0.0038723954986815117 0.00015671068515394292 -0.00010292171927859316 -0.0010033556456716852 -0.00047167614761403658 -0.0044232604728199768 -0.00037542610032649439 0.0020744992873373592 9.340686111436122e-05 -0.00040996582864521937
leaf_weight=2051 379750 884 1732 1165 165 3237 710 4953 535 149 22386 526 11093 8909
leaf_count=2051 379750 884 1732 1165 165 3237 710 4953 535 149 22386 526 11093 8909
internal_value=3.53595e-06 -0.000324162 1.78286e-05 0.000273913 -0.000751443 0.000556684 0.0013659 -0.000675055 -7.9768e-05 -0.00135833 1.56198e-05 -0.000184298 0.000183946 3.31134e-05
internal_weight=438245 15581 7893 6161 1330 4831 1594 7688 2735 684 422664 34005 11619 388659
internal_count=438245 15581 7893 6161 1330 4831 1594 7688 2735 684 422664 34005 11619 388659
is_linear=0
shrinkage=0.03


Tree=129
num_leaves=15
num_cat=0
split_feature=45 24 44 68 80 49 46 47 50 20 76 68 70 19
split_gain=1.70997 2.41233 2.13814 2.04644 2.71013 2.14087 2.44513 2.04571 2.28367 1.96187 2.03422 2.79924 2.00328 1.9554
threshold=-0.0033693531295284625 0.62555000185966503 0.0069652420934289703 -1.0000000180025095e-35 5.5000000000000009 0.75522243976593029 0.85391977429389965 -0.41135707497596735 -0.01430981047451496 -0.27844999730587 1.5000000000000002 0.0027586112264543776 -0.036536853760480874 0.45084999501705175
decision_type=2 8 2 2 8 8 8 8 2 8 2 2 2 10
left_child=1 -1 7 -2 -5 6 -6 -3 -9 10 11 -10 -12 -7
right_child=3 2 -4 4 5 13 -8 8 9 -11 12 -13 -14 -15
leaf_value=0.00034372295583287138 -0.00023070402465348656 -0.00043988484012607161 0.00068960920735806246 0.00036092293885095749 -6.4545450593174317e-05 7.1372125374832647e-05 -0.00055621988055127517 0.00100185961574048 -0.0016889474516503739 8.7076505008735355e-05 0.0029597290142649602 0.00091316051468311339 -0.00016856687112871857 0.00083129384132698755
leaf_weight=26224 44332 8771 4190 16583 159846 63976 9648 2158 1668 77779 181 475 19503 3195
leaf_count=26224 44332 8771 4190 16583 159846 63976 9648 2158 1668 77779 181 475 19503 3195
internal_value=-1.91318e-06 8.41621e-05 2.48189e-05 -4.26835e-05 -9.76595e-06 -3.5747e-05 -9.25483e-05 -4.11011e-07 3.74868e-05 1.65441e-05 -0.000234756 -0.0011114 -0.000139057 0.000107577
internal_weight=438529 140949 114725 297580 253248 236665 169494 110535 101764 99606 21827 2143 19684 67171
internal_count=438529 140949 114725 297580 253248 236665 169494 110535 101764 99606 21827 2143 19684 67171
is_linear=0
shrinkage=0.03


Tree=130
num_leaves=15
num_cat=0
split_feature=9 58 23 24 25 25 71 18 16 10 21 14 56 20
split_gain=1.52144 2.62382 2.19693 2.09273 2.55364 2.09336 2.08102 1.63056 1.60659 4.18356 2.08652 1.92256 1.72737 2.22896
threshold=0.040842965245246894 0.010082555003464224 0.49355000257492071 2.1865000724792485 0.048465000465512283 0.019764999859035019 0.019909786060452465 -0.015614999923855065 0.018614999949932102 -0.074374321848154054 1.0834999680519106 -0.058335000649094575 -0.019097465090453621 -0.049074999988079064
decision_type=10 2 8 10 10 10 2 10 10 10 10 10 2 10
left_child=2 6 7 8 5 -5 -2 -1 -3 -10 11 -11 -13 -14
right_child=1 3 -4 4 -6 -7 -8 -9 9 10 -12 12 13 -15
leaf_value=-0.00058754656853706453 -0.00044524188294687813 0.00011370458145478427 3.69160406921316e-05 0.00093081564523345151 -0.0012214054005990663 0.0042136080142463408 0.0013458171205624238 7.1098741254701765e-06 0.0031348090598398394 0.00043464298159811063 -0.0024997431838438746 0.00054477424657033179 -0.00050771507893958149 0.00014957207515963657
leaf_weight=9064 22028 30273 335497 443 255 288 595 7651 332 3783 354 2081 19704 6072
leaf_count=9064 22028 30273 335497 443 255 288 595 7651 332 3783 354 2081 19704 6072
internal_value=-7.45881e-06 -0.000120417 2.01903e-05 -2.16855e-05 0.00134614 0.00224401 -0.000397849 -0.000315432 -4.33361e-05 -0.000190398 -0.000225388 -0.000199551 -0.000285737 -0.00035288
internal_weight=438420 86208 352212 63585 986 731 22623 16715 62599 32326 31994 31640 27857 25776
internal_count=438420 86208 352212 63585 986 731 22623 16715 62599 32326 31994 31640 27857 25776
is_linear=0
shrinkage=0.03


Tree=131
num_leaves=15
num_cat=0
split_feature=70 50 64 45 39 9 58 22 15 17 19 50 38 51
split_gain=1.87944 2.77783 2.80595 2.03395 2.35107 2.33516 2.77712 2.50662 2.299 3.06469 2.2542 2.24332 2.17193 2.0177
threshold=0.029830108396708969 0.0081834397278726118 0.92688494920730602 0.028854767791926864 -0.0066750000696629277 0.06405911967158319 0.010157418437302114 0.86245000362396251 -0.059279998764395707 53.284999847412116 -0.13845000416040418 -0.010104260407388209 0.0063810001593083152 1.2083668112754824
decision_type=2 2 8 2 10 10 2 10 8 8 10 2 8 10
left_child=3 -2 -3 5 -5 13 8 -8 12 -10 -6 -12 -7 -1
right_child=1 2 -4 4 10 6 7 -9 9 -11 11 -13 -14 -15
leaf_value=1.0923941677314464e-05 -0.0014503368868171082 -0.0011931438209658027 0.00072998199934202297 -0.0001220413668864355 0.0019023138997593782 -0.0043544516949502411 -1.7749417243340456e-05 -0.0016352421643024747 0.0017105711973507264 -0.0016017442138934591 -0.0032591009896127975 0.00061174000581048593 0.00052479203260683135 -0.0010408911632140249
leaf_weight=411081 1981 1090 1809 4139 1316 368 7179 975 317 1149 134 4490 104 1643
leaf_count=411081 1981 1090 1809 4139 1316 368 7179 975 317 1149 134 4490 104 1643
internal_value=-8.63621e-07 -0.000586013 6.09327e-06 5.73943e-06 0.000426812 -4.30294e-06 -0.000455053 -0.000212042 -0.00147433 -0.000882127 0.000809035 0.000496167 -0.00328513 6.72424e-06
internal_weight=437775 4880 2899 432895 10079 422816 10092 8154 1938 1466 5940 4624 472 412724
internal_count=437775 4880 2899 432895 10079 422816 10092 8154 1938 1466 5940 4624 472 412724
is_linear=0
shrinkage=0.03


Tree=132
num_leaves=15
num_cat=0
split_feature=64 63 46 17 51 60 26 63 45 56 7 33 56 18
split_gain=1.78304 2.84226 2.5206 2.23904 2.24176 1.80829 1.65621 1.58559 2.26786 2.18904 1.90271 1.87206 1.66386 1.93464
threshold=0.91946139931678783 0.69086515903472911 0.27116726338863378 50.795000076293952 0.72631299495697033 0.073223296552896514 0.2559999972581864 0.96888023614883434 0.02618336491286755 0.026490708813071254 0.47222200036048895 -0.0046794998925179234 -0.027037694118916985 0.11134999990463258
decision_type=10 2 10 8 10 2 10 2 2 2 10 8 2 10
left_child=5 2 -2 -4 -5 -1 -6 8 9 12 -9 -12 13 -7
right_child=1 -3 3 4 6 7 -8 10 -10 -11 11 -13 -14 -15
leaf_value=0.00026046531842304307 0.0024603538600246554 9.9741778534259215e-05 -8.504408889834712e-05 -0.00050613503727943779 -0.0013260071602784829 0.0011880286576366856 -0.0051621058588476303 -0.00064576895145857861 0.00058026067698537117 -0.0019127528847347394 0.0024175183804741054 -3.0607129715493602e-05 -1.4441427443793296e-06 -0.00076649364124463143
leaf_weight=26002 262 15858 7998 9255 2718 2049 101 6468 6187 532 351 1336 358485 582
leaf_count=26002 262 15858 7998 9255 2718 2049 101 6468 6187 532 351 1336 358485 582
internal_value=3.78022e-07 -0.000201293 -0.00043603 -0.000474439 -0.000732239 1.85371e-05 -0.00147234 1.80301e-06 1.09787e-05 1.23162e-06 -0.000411822 0.000484393 4.07777e-06 0.000755038
internal_weight=438184 36192 20334 20072 12074 401992 2819 375990 367835 361648 8155 1687 361116 2631
internal_count=438184 36192 20334 20072 12074 401992 2819 375990 367835 361648 8155 1687 361116 2631
is_linear=0
shrinkage=0.03


Tree=133
num_leaves=15
num_cat=0
split_feature=20 58 72 18 45 68 63 52 72 37 50 27 30 27
split_gain=1.74568 2.686 2.67501 2.17045 2.28678 2.3978 3.08609 2.26747 2.02378 1.98094 1.9639 1.91763 3.29662 2.09206
threshold=-0.3791500031948089 0.012615301646292211 -0.0026991070481017228 -0.082094997167587266 0.0028121726354584102 0.0016560437506996097 0.26636533439159399 1.3529390692710879 -0.0097288317047059519 -0.0030045000603422518 0.0031931565608829264 26.454999923706058 0.27734999358654028 15.734999656677248
decision_type=8 2 2 8 2 2 2 8 2 10 2 10 8 10
left_child=1 9 -3 7 8 -6 -7 -2 -5 11 -10 13 -13 -1
right_child=3 2 -4 4 5 6 -8 -9 10 -11 -12 12 -14 -15
leaf_value=-0.0010974432853015068 0.00011751001876514962 -0.00052774108287023691 0.00048881034911284215 -0.00059158010631989155 -0.00025929788771567725 -0.00041380656992512485 4.965489493161276e-05 0.00076667678600605537 4.2361327897233952e-05 -0.00017393635519318137 0.00041718411255941743 -0.0056997065914643772 -0.00090657192669835792 -0.00016902477527313409
leaf_weight=4202 21586 3353 7605 4287 54100 15010 93149 6239 195139 15000 13443 180 436 4548
leaf_count=4202 21586 3353 7605 4287 54100 15010 93149 6239 195139 15000 13443 180 436 4548
internal_value=-1.01715e-05 -0.000212375 0.000177661 7.55665e-06 -1.14074e-05 -9.62448e-05 -1.46791e-05 0.00026318 5.32606e-05 -0.000387784 6.65279e-05 -0.000729992 -0.00234178 -0.00061525
internal_weight=438277 35324 10958 402953 375128 162259 108159 27825 212869 24366 208582 9366 616 8750
internal_count=438277 35324 10958 402953 375128 162259 108159 27825 212869 24366 208582 9366 616 8750
is_linear=0
shrinkage=0.03


Tree=134
num_leaves=15
num_cat=0
split_feature=13 11 79 51 23 10 16 1 30 72 55 16 45 39
split_gain=1.78968 1.9677 3.66642 2.93973 2.81404 2.08663 1.95353 1.88275 1.79968 1.75031 1.88383 1.98268 1.69099 2.27007
threshold=0.3449684232473374 0.33099882304668432 76.500000000000014 0.36804534494876867 0.50365000963211071 -0.036649130284786217 -0.17764999717473981 -0.0019605000270530577 0.7283499836921693 0.0090127312578260916 0.31058230996131903 0.3059500008821488 -0.01973239146173 0.0337899997830391
decision_type=8 10 8 10 10 8 10 8 10 2 2 10 2 10
left_child=1 2 4 6 -1 12 7 -3 -8 -5 -11 -12 -4 -14
right_child=-2 3 5 9 -6 -7 8 -9 -10 10 11 -13 13 -15
leaf_value=-0.000599725536089648 8.4965947631879919e-05 -0.00066527299054927277 0.0015514906953670868 -0.00052218718862229001 -9.5658320441045516e-06 -0.00044492279780679675 6.0575396999055343e-05 0.00075260631549747413 0.0014456123772143043 -0.0027553176533628831 0.00079271676902401814 0.0051263330942424743 -0.00055976611534046164 0.001536916297791704
leaf_weight=7637 142356 960 792 9744 150051 32889 83273 6706 848 102 563 110 1860 614
leaf_count=7637 142356 960 792 9744 150051 32889 83273 6706 848 102 563 110 1860 614
internal_value=-2.44787e-06 -4.44676e-05 -0.000100645 6.19741e-05 -3.8166e-05 -0.000373102 0.00011642 0.00057473 7.46227e-05 -0.000412945 0.000955093 0.00153362 0.000349717 -3.73589e-05
internal_weight=438505 296149 193843 102306 157688 36155 91787 7666 84121 10519 775 673 3266 2474
internal_count=438505 296149 193843 102306 157688 36155 91787 7666 84121 10519 775 673 3266 2474
is_linear=0
shrinkage=0.03


Tree=135
num_leaves=15
num_cat=0
split_feature=65 30 20 50 36 27 36 67 9 67 53 61 1 45
split_gain=2.03683 2.17591 2.1298 2.22154 2.0299 1.54178 1.58326 1.52696 1.59274 1.6582 2.02293 1.77651 1.7022 1.56759
threshold=0.015523958485573532 0.70695000886917125 -0.70410001277923573 -0.017546268180012699 -0.0030845000874251123 14.875000000000002 -0.001973000005818903 -0.012391817755997179 0.06405911967158319 0.0020422157831490044 -0.0045318545307964078 0.99806201457977306 -0.0060904999263584605 0.00046247744467109447
decision_type=10 8 8 2 8 10 8 2 10 2 2 2 8 2
left_child=1 -1 5 4 -4 6 -2 -5 13 10 -10 -11 -12 -9
right_child=2 -3 3 7 -6 -7 -8 8 9 11 12 -13 -14 -15
leaf_value=0.00026162017568048156 -0.00028517536214578334 0.0017014449956077806 -0.00030143141323864448 -0.00030803058557869815 0.001951056289718179 -0.00038081223803488478 -0.0035406736207059127 7.8230570738328968e-05 0.00029196210685421931 -3.6940689418207489e-06 -0.0047950747289827889 0.003799609091672066 -0.00092224902023712273 -4.0463062433377474e-05
leaf_weight=4507 214 1191 565 14642 982 961 361 181270 1403 3633 100 109 4272 223747
leaf_count=4507 214 1191 565 14642 982 961 361 181270 1403 3633 100 109 4272 223747
internal_value=5.51918e-07 0.000563801 -6.87922e-06 -2.89611e-06 0.00113008 -0.00112018 -0.00234197 -6.99311e-06 3.6436e-06 -0.000379872 -0.000698419 0.000112014 -0.00101621 1.26599e-05
internal_weight=437957 5698 432259 430723 1547 1536 575 429176 414534 9517 5775 3742 4372 405017
internal_count=437957 5698 432259 430723 1547 1536 575 429176 414534 9517 5775 3742 4372 405017
is_linear=0
shrinkage=0.03


Tree=136
num_leaves=15
num_cat=0
split_feature=12 9 45 24 17 12 9 11 23 6 18 76 68 24
split_gain=2.14884 1.83221 1.37766 2.84652 1.96561 1.79548 1.75637 1.50479 3.21206 2.18105 2.0269 2.78108 2.10427 2.09664
threshold=0.45677627623081213 0.060752844437956817 -0.02152770850807428 0.9150499999523164 69.395000457763686 0.04878234118223191 0.050975680351257331 -0.41051456332206721 0.52275002002716076 -7.2500002715969445e-05 -0.07816500216722487 1.0000000180025095e-35 0.01018729340285063 0.95985001325607311
decision_type=10 8 2 10 10 8 10 8 10 8 10 2 2 10
left_child=2 -2 3 -1 5 6 -5 8 9 -4 11 -9 13 -12
right_child=1 -3 7 4 -6 -7 -8 10 -10 -11 12 -13 -14 -15
leaf_value=0.0008007792047330383 -9.5086299496385636e-05 -0.00078817054821041449 0.00064480839611588019 0.00040286455005003195 -0.0017703317737940425 -0.00012511381265310648 0.0026954696852686429 -0.0011660857149415342 -6.4769646698709757e-06 -0.00069821776630970449 0.00015870901591832237 0.00043103657414182695 -0.00050213218396474792 -4.7236985178136071e-05
leaf_weight=6422 86973 3569 1223 1153 542 6777 403 1026 114243 9624 97906 20437 6080 81538
leaf_count=6422 86973 3569 1223 1153 542 6777 403 1026 114243 9624 97906 20437 6080 81538
internal_value=7.71465e-06 -0.000122448 4.16425e-05 0.000319957 -2.82235e-05 8.60814e-05 0.00100338 2.88175e-05 -5.33298e-05 -0.000546564 7.84622e-05 0.000354435 4.65266e-05 6.513e-05
internal_weight=437916 90542 347374 15297 8875 8333 1556 332077 125090 10847 206987 21463 185524 179444
internal_count=437916 90542 347374 15297 8875 8333 1556 332077 125090 10847 206987 21463 185524 179444
is_linear=0
shrinkage=0.03


Tree=137
num_leaves=15
num_cat=0
split_feature=13 52 11 30 59 69 20 45 18 45 72 79 24 11
split_gain=1.87897 2.20011 2.3078 1.88292 2.42746 1.80882 2.40546 2.27193 2.22121 1.89689 1.80043 1.79516 1.78288 1.76937
threshold=0.26272784173488622 6.1304104328155526 0.75804659724235546 0.52555000782012951 7.995434284210206 0.75708812475204479 -0.24745000153779981 0.02618336491286755 -0.090965002775192247 0.0018863917212001982 -0.0010157434153370557 3.5000000000000004 0.68674999475479137 -0.75611895322799672
decision_type=8 10 10 8 10 2 10 2 10 2 2 10 10 10
left_child=1 2 5 -2 10 6 7 -1 13 -10 -5 -4 -11 -8
right_child=3 -3 11 4 -6 -7 8 -9 9 12 -12 -13 -14 -15
leaf_value=-0.00032205462688808246 -2.0548219394030633e-05 -0.00075103222177203346 0.0010599344871604617 -4.9446434024949228e-06 -0.0018464381539720239 0.00016738986207483412 0.0018697616342845829 0.00074902109436505147 3.5500219026350492e-05 -0.00044864239718801096 0.00028566371067682237 0.00015001401612271212 -8.7837157016567438e-05 0.00029823321306692707
leaf_weight=51999 117492 4164 2173 30302 531 22749 880 1841 72704 17362 52301 18781 42476 2385
leaf_count=51999 117492 4164 2173 30302 531 22749 880 1841 72704 17362 52301 18781 42476 2385
internal_value=-1.08349e-05 -6.79326e-05 -5.57272e-05 5.6761e-05 0.000166016 -8.53618e-05 -0.000115684 -0.000285364 -4.84072e-05 -6.74613e-05 0.000179063 0.000244606 -0.000192554 0.000724011
internal_weight=438140 237514 233350 200626 83134 212396 189647 53840 135807 132542 82603 20954 59838 3265
internal_count=438140 237514 233350 200626 83134 212396 189647 53840 135807 132542 82603 20954 59838 3265
is_linear=0
shrinkage=0.03


Tree=138
num_leaves=15
num_cat=0
split_feature=12 79 59 27 15 25 24 68 78 71 72 70 79 24
split_gain=1.83718 1.96939 2.08724 1.98663 1.95819 1.34298 1.34266 1.49434 1.32505 1.46729 1.64887 1.49664 2.07675 2.00073
threshold=0.44395834207534796 115.50000000000001 2.8925273418426518 16.715000152587894 0.38345000147819525 0.11874999850988389 1.1604999899864199 0.0041667169425636539 0.0066859980579465636 -0.01094201998785138 -0.0015255131875164805 0.0044656421523541221 2.5000000000000004 1.3264999985694887
decision_type=10 8 8 10 10 8 10 2 2 2 2 2 8 10
left_child=8 2 3 -2 -5 -3 -4 -8 9 10 -1 13 -13 -11
right_child=1 5 6 4 -6 -7 7 -9 -10 11 -12 12 -14 -15
leaf_value=-0.00012773737605682514 -0.00011476935130799523 -0.00055190269037833225 -0.00076051297182458464 0.00024999068313004592 -0.0026005721996755224 0.00010055487499185118 -0.00038314204316983473 0.0014224855995083653 -0.001181716808269395 9.7043353316380045e-05 0.00058847180186016239 0.00062486002658215095 -0.00012320319443110488 -0.00012408033491112709
leaf_weight=4377 49068 13338 5702 22817 214 3605 1406 578 807 200236 8519 3483 78770 45121
leaf_count=4377 49068 13338 5702 22817 214 3605 1406 578 807 200236 8519 3483 78770 45121
internal_value=-3.98378e-06 -0.000119389 -5.69979e-05 -6.88331e-06 0.000222945 -0.000413089 -0.000526791 0.000145146 2.87234e-05 3.16095e-05 0.00034543 1.92512e-05 -9.14904e-05 5.63771e-05
internal_weight=438041 96728 79785 72099 23031 16943 7686 1984 341313 340506 12896 327610 82253 245357
internal_count=438041 96728 79785 72099 23031 16943 7686 1984 341313 340506 12896 327610 82253 245357
is_linear=0
shrinkage=0.03


Tree=139
num_leaves=15
num_cat=0
split_feature=12 27 20 56 10 26 45 15 20 25 0 60 17 51
split_gain=1.86388 1.56754 2.19102 1.55326 2.00726 2.38712 1.61378 1.94211 1.73665 2.30124 1.83762 1.78363 1.77324 1.60554
threshold=0.44395834207534796 16.715000152587894 -0.22055000066757199 0.013637135270982982 0.016822010278701786 0.28090000152587896 0.038564875721931464 0.26305000483989721 -0.49365000426769251 -0.062559999525547014 0.004800500115379692 0.76857700943946849 32.014999389648445 0.55140370130538952
decision_type=10 8 10 2 10 10 2 10 8 8 8 2 10 8
left_child=3 2 -2 6 -5 -6 7 8 9 -1 12 -12 -10 -13
right_child=1 -3 -4 4 5 -7 -8 -9 10 -11 11 13 -14 -15
leaf_value=0.00035333582562820071 -0.00050815614611711825 4.6159045833353459e-05 -9.9452026839555476e-05 -0.00032232304115271867 0.00039724762115067461 -0.0013988501336400132 0.0010482634906228225 -0.00048566762009002025 0.0004377162125708034 -0.00078653579381282623 0.00015275155024560785 -9.0968213305601742e-06 -0.0001312298567986996 -0.00080177898912542139
leaf_weight=2403 15892 35214 45877 21622 7288 728 1461 5957 5430 4716 185829 49805 53093 2406
leaf_count=2403 15892 35214 45877 21622 7288 728 1461 5957 5430 4716 185829 49805 53093 2406
internal_value=2.45661e-06 -0.000113576 -0.000204637 3.54838e-05 -0.000172017 0.000233359 5.52546e-05 5.05523e-05 6.10786e-05 -0.000401797 7.21965e-05 0.000109224 -7.84079e-05 -4.56987e-05
internal_weight=437721 96983 61769 340738 29638 8016 311100 309639 303682 7119 296563 238040 58523 52211
internal_count=437721 96983 61769 340738 29638 8016 311100 309639 303682 7119 296563 238040 58523 52211
is_linear=0
shrinkage=0.03


Tree=140
num_leaves=15
num_cat=0
split_feature=45 24 56 47 57 67 67 34 45 52 13 45 58 67
split_gain=1.82954 2.14337 2.07532 2.47822 2.27428 2.03132 1.96574 1.80474 1.80168 1.6033 1.71621 1.57038 1.63139 1.69245
threshold=-0.0033693531295284625 0.62555000185966503 -0.0095800231210887415 0.21202842891216281 0.0061731773894280204 -0.0018664204399101434 -0.0013766507036052642 0.022795000113546852 0.027432356961071495 5.3433916568756112 0.065362032502889647 -0.012750076595693825 0.0096203833818435686 -0.0054432211909443131
decision_type=2 10 2 8 2 2 2 10 2 10 8 2 2 2
left_child=1 11 -2 4 -4 -5 7 8 -7 -8 -11 -1 -13 -14
right_child=2 -3 3 5 -6 6 9 -9 -10 10 -12 12 13 -15
leaf_value=0.00065716157106202912 -0.00043736072700583186 3.7828989187391209e-05 -5.263259289546995e-05 -8.6584177080774031e-05 -0.00067544941301837639 0.00051200145047588911 0.00023996280239907636 0.0033637646247900027 0.0031439452511496644 -0.002242479612438925 -0.0001670933343513289 0.00058513245053655189 -0.00049886302662508874 0.00021259617114220906
leaf_weight=8926 10970 110542 208212 24658 5409 2474 42609 259 254 444 1786 6326 4208 10527
leaf_count=8926 10970 110542 208212 24658 5409 2474 42609 259 254 444 1786 6326 4208 10527
internal_value=9.67229e-06 9.88573e-05 -3.2517e-05 -1.69868e-05 -6.84181e-05 0.000134583 0.000248609 0.000993171 0.000762361 0.000198904 -0.000584402 0.000323784 0.000182371 9.31838e-06
internal_weight=437604 140529 297075 286105 213621 72484 47826 2987 2728 44839 2230 29987 21061 14735
internal_count=437604 140529 297075 286105 213621 72484 47826 2987 2728 44839 2230 29987 21061 14735
is_linear=0
shrinkage=0.03


Tree=141
num_leaves=15
num_cat=0
split_feature=31 19 58 49 20 28 36 55 72 52 72 10 45 51
split_gain=1.7164 1.54984 1.54356 1.45713 1.40505 3.61828 1.7481 1.68408 2.47293 1.66841 1.5539 2.33867 1.71355 2.54319
threshold=0.75575000047683727 0.09951499849557878 0.0098083293996751326 inf -0.49365000426769251 0.29860000312328344 0.021905000321567062 0.6580072045326234 0.00079400493996217858 2.9725921154022221 -0.0097288317047059519 -0.074374321848154054 -0.0033693531295284625 0.034963818266987808
decision_type=8 10 2 8 8 8 10 2 2 8 2 10 2 10
left_child=1 2 -1 4 5 9 7 -7 -9 -2 11 -6 13 -12
right_child=3 -3 -4 -5 10 6 -8 8 -10 -11 12 -13 -14 -15
leaf_value=-0.00077184778677775838 -0.0016504547624161933 -0.00070212731879971252 0.00025631226709279343 0.0016876786056461263 0.0037371757459211145 -0.00035366941195808568 0.0014900935473450198 0.0021848019700888011 -0.00053538938679403565 0.0017951717534742783 0.00056129628366600418 -0.00052737150631251731 -1.4542795619676684e-05 7.7618115963337919e-05
leaf_weight=1814 1995 5811 4730 462 113 6838 608 614 582 131 10670 6179 280020 117234
leaf_count=1814 1995 5811 4730 462 113 6838 608 614 582 131 10670 6179 280020 117234
internal_value=2.71336e-06 -0.000345787 -2.90659e-05 1.28378e-05 1.09972e-05 -0.000327242 -5.41938e-05 -0.000171917 0.000864379 -0.00143443 1.9794e-05 -0.000447877 2.70129e-05 0.000117988
internal_weight=437801 12355 6544 425446 424984 10768 8642 8034 1196 2126 414216 6292 407924 127904
internal_count=437801 12355 6544 425446 424984 10768 8642 8034 1196 2126 414216 6292 407924 127904
is_linear=0
shrinkage=0.03


Tree=142
num_leaves=15
num_cat=0
split_feature=66 31 36 30 27 30 55 39 15 68 28 33 68 20
split_gain=1.53151 2.55835 2.47263 2.27709 2.21641 4.34444 2.52893 2.51932 2.6429 2.92668 2.32716 2.17376 1.93515 1.93384
threshold=0.71888476610183727 1.0935000181198122 0.002590499934740365 0.23754999786615374 15.204999923706056 0.44505000114440924 0.49118925631046301 0.12995000183582309 0.0034075001021847133 0.0045144648756831893 0.65180000662803661 -0.0030219999607652421 0.0048106967005878696 -0.3791500031948089
decision_type=10 10 10 8 10 10 2 10 8 2 10 10 2 10
left_child=4 2 -2 11 5 6 7 8 9 -1 -8 -4 -11 -7
right_child=1 -3 3 -5 -6 13 10 -9 -10 12 -12 -13 -14 -15
leaf_value=-0.00077292710441658927 -0.00027238704967597825 0.00022473442911629372 -0.00072765159128329007 -3.122132296329887e-05 0.00012882362746471503 -0.00065518492124771912 0.0001050014036696457 0.003076201455988511 -0.00015588175968296719 0.0022607446660099931 -0.0006415818338621459 0.0012705300625331579 -4.1304737112985012e-05 0.00012342558382996382
leaf_weight=16738 58848 19976 621 39217 140791 2954 27750 188 25231 372 4341 2269 2561 96554
leaf_count=16738 58848 19976 621 39217 140791 2954 27750 188 25231 372 4341 2269 2561 96554
internal_value=5.42137e-06 -8.54275e-05 -0.000146807 2.87118e-05 4.00273e-05 -3.07298e-05 -0.000199634 -0.000344493 -0.000359156 -0.000619781 3.9257e-06 0.000840648 0.000254021 0.00010028
internal_weight=438411 120931 100955 42107 317480 176689 77181 45090 44902 19671 32091 2890 2933 99508
internal_count=438411 120931 100955 42107 317480 176689 77181 45090 44902 19671 32091 2890 2933 99508
is_linear=0
shrinkage=0.03


Tree=143
num_leaves=15
num_cat=0
split_feature=60 45 70 53 45 54 24 30 8 26 20 28 71 19
split_gain=1.39893 2.05314 2.46909 1.92809 1.80877 1.71283 2.12191 1.68881 1.5733 1.64086 1.49645 2.12407 1.98231 1.64572
threshold=0.13617848604917529 -0.031004097312688824 -0.0092044137418270094 0.0051979389972984799 0.017287827096879486 -0.031532555818557732 0.72294998168945324 0.28695000708103185 -0.0024285000981763001 0.079585000872612013 -0.51004999876022328 0.30460000038146978 0.019909786060452465 0.17535000294446948
decision_type=2 2 2 2 2 2 8 8 10 10 8 8 2 8
left_child=4 2 7 -4 -1 6 -3 -2 9 -9 11 12 -7 -12
right_child=1 5 3 -5 -6 10 -8 8 -10 -11 13 -13 -14 -15
leaf_value=0.0001725784680092753 -0.00056629854305403828 -0.0041872827361957143 -0.00086874862397938685 0.0022338844386021661 -0.00073260275393463451 -0.0017456199476719426 -0.00032622877036203894 -0.00090937021638938162 -0.0014782820544205605 0.0018495335429813769 2.6808868828940726e-05 -0.00018034013079334211 0.0018019031997050948 -0.00011501077501955846
leaf_weight=56759 454 192 1203 207 2054 1452 369 210 155 2176 264790 6231 153 102008
leaf_count=56759 454 192 1203 207 2054 1452 369 210 155 2176 264790 6231 153 102008
internal_value=4.76691e-06 -1.63273e-05 0.00062721 -0.000406972 0.000140906 -2.3891e-05 -0.00167298 0.00111395 0.00141469 0.00160532 -2.13993e-05 -0.000431484 -0.0014029 -1.26328e-05
internal_weight=438413 379600 4405 1410 58813 375195 561 2995 2541 2386 374634 7836 1605 366798
internal_count=438413 379600 4405 1410 58813 375195 561 2995 2541 2386 374634 7836 1605 366798
is_linear=0
shrinkage=0.03


Tree=144
num_leaves=15
num_cat=0
split_feature=18 22 25 76 20 65 79 30 66 25 45 9 68 71
split_gain=1.79302 2.78924 2.57066 2.17367 2.16303 1.93945 2.12918 1.98101 1.86549 1.81767 1.7656 1.94831 1.7535 1.73488
threshold=0.070284999907016768 0.63985002040863048 0.062874998897314086 1.0000000180025095e-35 -0.025214999914169308 0.15113694965839389 76.500000000000014 0.21425000578165057 0.56143945455551159 0.14050000160932544 -0.03879128769040107 0.028865749016404155 0.0042457745876163253 0.0016208431334234776
decision_type=10 8 10 2 10 10 8 8 10 8 2 10 2 2
left_child=1 5 13 4 -2 10 8 -8 12 -5 11 -1 -7 -3
right_child=3 2 -4 9 -6 6 7 -9 -10 -11 -12 -13 -14 -15
leaf_value=-0.0014348295020998546 0.00016462966569644733 0.00017763618660492442 0.00042282175141860554 -0.00018097690378740769 0.0016735655023209658 -1.5494639773479017e-05 0.00095220724436636628 -0.00032964691586203482 -0.00018051854944181096 0.00020870775543972088 0.00015404116943776389 0.0019422735408507667 0.0002441554819831818 -0.00013623702392833576
leaf_weight=181 3509 51861 27099 85576 1126 95197 1122 29324 42955 12320 33046 910 31036 22819
leaf_count=181 3509 51861 27099 85576 1126 95197 1122 29324 42955 12320 33046 910 31036 22819
internal_value=7.93106e-06 4.14806e-05 0.000172561 -0.000101862 0.00053261 -1.55915e-05 -5.13249e-05 -0.000282259 -9.76026e-06 -0.000131928 0.000193355 0.00137801 4.83508e-05 8.17273e-05
internal_weight=438081 335550 101779 102531 4635 233771 199634 30446 169188 97896 34137 1091 126233 74680
internal_count=438081 335550 101779 102531 4635 233771 199634 30446 169188 97896 34137 1091 126233 74680
is_linear=0
shrinkage=0.03


Tree=145
num_leaves=15
num_cat=0
split_feature=16 14 20 23 67 24 55 38 27 69 54 35 28 28
split_gain=1.63123 2.99008 1.88598 2.19407 1.94523 1.79778 3.38732 3.00572 2.51146 2.49654 2.85959 2.39203 2.99865 2.14329
threshold=0.090894997119903578 -0.10514999926090239 -0.027145000174641606 0.51315000653266918 -0.016291726380586621 1.4474999904632571 0.53463268280029308 -0.0044160000979900351 19.304999351501468 0.33060109615325933 0.011335697490721943 -0.041704999282956116 0.28669999539852148 0.17759999632835391
decision_type=10 10 10 10 2 10 2 10 8 2 2 10 10 10
left_child=5 -2 -3 -4 -5 -1 8 -8 9 11 -11 12 -7 -13
right_child=1 2 3 4 -6 6 7 -9 -10 10 -12 13 -14 -15
leaf_value=7.6922758094404166e-05 0.0014893095787801782 -0.00013684800971873405 0.0021260741862479072 -0.0021622453783720231 0.00010850234880970596 0.0010505441637673493 0.0013721735899077654 4.9751956885806145e-05 0.00054972739470993148 -0.00082894906575791208 0.0040796122460677806 -0.00090738148921836197 -0.0015184203524007348 0.00044375467804179961
leaf_weight=244820 1092 124110 476 338 33613 525 1858 9118 2389 10921 103 1309 1798 5392
leaf_count=244820 1092 124110 476 338 33613 525 1858 9118 2389 10921 103 1309 1798 5392
internal_value=4.89106e-06 -7.15543e-05 -8.23521e-05 0.000114098 8.55808e-05 4.87501e-05 -0.000157654 0.000274132 -0.000368895 -0.000478471 -0.000781258 -0.000108349 -0.000936823 0.000179339
internal_weight=437862 159629 158537 34427 33951 278233 33413 10976 22437 20048 11024 9024 2323 6701
internal_count=437862 159629 158537 34427 33951 278233 33413 10976 22437 20048 11024 9024 2323 6701
is_linear=0
shrinkage=0.03


Tree=146
num_leaves=15
num_cat=0
split_feature=30 53 11 25 59 14 18 20 53 26 60 69 33 8
split_gain=1.65711 2.90214 2.13167 1.51616 2.26581 1.67037 1.65254 1.46513 1.39456 1.38304 1.7065 2.30273 1.7945 1.60152
threshold=0.61594998836517345 0.0050957617349922666 -0.29433266818523401 0.048465000465512283 3.2498303651809697 -0.028584999963641163 0.055405000224709518 -0.22635000199079511 0.0037573361769318585 0.090289998799562468 0.58872711658477794 0.90692642331123363 0.0079195001162588614 0.0010745000327005985
decision_type=10 2 8 8 10 10 10 10 2 8 2 2 10 8
left_child=9 2 7 4 6 -6 -4 -2 -5 10 -1 -12 13 -13
right_child=1 -3 3 8 5 -7 -8 -9 -10 -11 11 12 -14 -15
leaf_value=-5.1299659096279012e-06 -0.00057326360053936072 -0.00095234857004936567 0.00045236534141954133 0.00070991401141089563 0.00050528126998219665 -0.0019615497512040494 -0.00040068195393910914 0.00011646862372240841 -0.001522988179606537 1.7642647213580359e-05 -0.00032933527636579623 0.0051123150136193323 -0.0019146798708156417 0.0012283696456555488
leaf_weight=45901 3609 1931 11726 11152 374 713 2471 11889 253 315396 31818 111 129 577
leaf_count=45901 3609 1931 11726 11152 374 713 2471 11889 253 315396 31818 111 129 577
internal_value=9.11987e-06 0.000183466 0.000235561 0.000398041 0.000202611 -0.00111437 0.000303803 -4.42815e-05 0.000659735 -1.04079e-05 -0.000123051 -0.000288881 0.00127904 0.00188736
internal_weight=438050 44118 42187 26689 15284 1087 14197 15498 11405 393932 78536 32635 817 688
internal_count=438050 44118 42187 26689 15284 1087 14197 15498 11405 393932 78536 32635 817 688
is_linear=0
shrinkage=0.03


Tree=147
num_leaves=15
num_cat=0
split_feature=72 25 73 53 68 55 59 32 54 65 30 68 19 14
split_gain=1.72105 2.27854 2.47199 2.40464 1.72354 1.65073 2.72584 1.53231 1.49317 1.46706 2.22564 1.61724 1.57285 3.1451
threshold=0.01084061060100794 0.042804999276995666 1.5000000000000002 -0.0025995242176577445 -0.00019311909272801128 0.18278816342353824 3.6815474033355717 0.0045559999998658904 0.001409806893207133 0.015523958485573532 0.70695000886917125 -0.010221567936241625 0.17044999450445178 -0.15924999862909314
decision_type=2 8 2 2 2 2 10 8 2 10 8 2 10 10
left_child=9 5 4 -4 -3 6 -2 -7 -6 10 -1 -11 -13 -14
right_child=1 2 3 -5 8 7 -8 -9 -10 11 -12 12 13 -15
leaf_value=0.00016785258311713866 0.0027896370797010897 -2.2540011120239093e-05 -0.001841041652182609 0.00084825655638555908 0.0044447912366149629 -0.00072348808977689804 -0.0026190021362321051 0.00038451881542005654 0.001881885758602757 -0.00037271489976705048 0.0016239193269109041 3.3711419406402982e-05 0.0049699462266130879 -0.00010545918086467153
leaf_weight=4477 393 305 366 1544 272 2192 102 2294 853 10788 1193 306979 105 106135
leaf_count=4477 393 305 366 1544 272 2192 102 2294 853 10788 1193 306979 105 106135
internal_value=4.50118e-06 0.000431702 0.00103731 0.000329464 0.00197831 2.49795e-05 0.00166008 -0.000157091 0.00251846 -3.77679e-06 0.000475378 -1.01898e-05 -7.20861e-07 -0.000100209
internal_weight=437998 8321 3340 1910 1430 4981 495 4486 1125 429677 5670 424007 413219 106240
internal_count=437998 8321 3340 1910 1430 4981 495 4486 1125 429677 5670 424007 413219 106240
is_linear=0
shrinkage=0.03


Tree=148
num_leaves=15
num_cat=0
split_feature=80 30 54 53 73 11 59 53 27 24 20 28 28 28
split_gain=1.69979 1.49961 2.65888 2.40215 2.2009 2.18949 2.07194 1.83667 1.69588 2.32576 3.06929 2.56115 3.81325 2.05201
threshold=6.5000000000000009 0.61594998836517345 0.017100393772125248 0.004895630758255721 1.0000000180025095e-35 -0.13548212498426435 1.2439844012260439 -0.0050529201980680219 14.72499990463257 1.3264999985694887 -0.070594999939203248 0.86210000514984142 0.83430001139640819 0.78270000219345104
decision_type=8 10 2 2 2 8 8 2 8 10 10 10 10 10
left_child=-1 8 3 4 6 7 -3 -6 9 -2 11 12 13 -11
right_child=1 2 -4 -5 5 -7 -8 -9 -10 10 -12 -13 -14 -15
leaf_value=0.0002039854103933136 -4.0951831675657495e-05 -0.00096900740291752045 -0.0023469294087188905 -0.00086211558460375505 -0.00082842413618817925 0.00058624199964054725 0.00010251746965334755 0.00020440671968075568 2.6631167007782013e-05 -0.00042025612415137211 0.00018507714750783694 -0.0051131013043756992 0.0026177589086095708 -0.0021648843467415358
leaf_weight=34336 130858 2317 373 1888 1764 16184 5401 12490 190118 31568 9232 100 363 614
leaf_count=34336 130858 2317 373 1888 1764 16184 5401 12490 190118 31568 9232 100 363 614
internal_value=1.37266e-06 -1.58809e-05 0.000157446 0.000181064 0.000232788 0.00034751 -0.000219581 7.63433e-05 -3.51892e-05 -0.00010323 -0.000297808 -0.000434375 -0.000419216 -0.000453873
internal_weight=437606 403270 40417 40044 38156 30438 7718 14254 362853 172735 41877 32645 32545 32182
internal_count=437606 403270 40417 40044 38156 30438 7718 14254 362853 172735 41877 32645 32545 32182
is_linear=0
shrinkage=0.03


Tree=149
num_leaves=15
num_cat=0
split_feature=50 51 67 20 10 31 13 27 56 4 65 67 71 60
split_gain=1.47576 2.51211 1.78495 1.81809 1.67353 1.63797 1.62866 2.16474 2.13746 2.06887 1.62177 1.61631 1.47147 1.67797
threshold=-0.011572268791496752 0.55140370130538952 -0.003432913101278245 -0.27844999730587 -0.01909244246780872 0.79524999856948864 0.26066020131111151 24.480000495910648 0.020070444792509082 13.017648220062258 0.81045520305633556 -0.017690881155431267 -0.036783218383789056 0.033553134649991996
decision_type=2 10 2 10 10 8 8 8 2 8 8 2 2 2
left_child=1 -1 3 12 -5 10 -7 9 -9 -8 -4 -6 -2 -14
right_child=2 -3 5 4 11 6 7 8 -10 -11 -12 -13 13 -15
leaf_value=0.00069894149595106636 -0.0027152215494654804 -0.00080774566647480819 -0.0004481975376399696 0.00029291109036624067 -0.00093810900719910439 -1.6843597129703029e-05 -0.00013517618047850848 0.00068251726215148064 -0.0009421979833727826 0.00015510331569608586 0.00033512699126174965 -6.5833842236165161e-05 0.001086241338494258 -0.00033441941504958424
leaf_weight=5727 223 1201 11130 11977 1954 156808 28299 9080 788 100778 3021 79554 765 26755
leaf_count=5727 223 1201 11130 11977 1954 156808 28299 9080 788 100778 3021 79554 765 26755
internal_value=3.14125e-06 0.000437356 -3.84129e-06 -0.000101437 -3.81407e-05 3.43371e-05 4.94254e-05 0.000124212 0.000552366 9.14593e-05 -0.000280912 -8.68012e-05 -0.00031468 -0.000294738
internal_weight=438060 6928 431132 121228 93485 309904 295753 138945 9868 129077 14151 81508 27743 27520
internal_count=438060 6928 431132 121228 93485 309904 295753 138945 9868 129077 14151 81508 27743 27520
is_linear=0
shrinkage=0.03


Tree=150
num_leaves=15
num_cat=0
split_feature=71 72 65 28 26 57 44 24 72 72 20 43 44 21
split_gain=1.68429 1.7225 1.69732 1.68902 1.59944 1.53388 1.50263 2.47223 1.95487 1.91125 1.77727 2.03427 1.69372 1.49397
threshold=-0.0043157364707440129 -0.0097288317047059519 0.015523958485573532 0.99500000476837169 0.13524999469518664 -0.0032516645733267065 0.047496117651462562 0.80155000090599071 0.0001334603221039288 0.0031134019372984771 -0.49365000426769251 0.024960048496723179 0.010762844234704973 0.63644999265670787
decision_type=2 2 10 10 10 2 2 8 2 2 8 2 2 10
left_child=2 3 -1 5 6 -2 10 -8 -9 -10 11 12 -3 -6
right_child=1 4 -4 -5 13 -7 7 8 9 -11 -12 -13 -14 -15
leaf_value=0.0014076976846769027 -0.001967286564205529 -0.001193137155927417 0.00012258110592001611 0.0013883809563691449 9.9552756620027683e-05 -0.00048107112977035539 -0.0020131269534014993 0.0061976385357315244 -0.0012396132974359004 0.0035138190626762371 -5.3175241598736004e-05 0.0019399027489416768 0.00077479789336516996 -0.00032819764755128735
leaf_weight=933 727 2851 66818 371 117044 4322 130 101 133 167 236476 235 453 7836
leaf_count=933 727 2851 66818 371 117044 4322 130 101 133 167 236476 235 453 7836
internal_value=2.84445e-06 -2.22841e-05 0.000140381 -0.000552925 -1.44062e-05 -0.000696804 -5.96282e-05 0.00152703 0.00268537 0.00142069 -6.31702e-05 -0.000730013 -0.000922557 7.27001e-05
internal_weight=438597 370846 67751 5420 365426 5049 240546 531 401 300 240015 3539 3304 124880
internal_count=438597 370846 67751 5420 365426 5049 240546 531 401 300 240015 3539 3304 124880
is_linear=0
shrinkage=0.03


end of trees

feature_importances:
Column_9=126
Column_45=111
Column_30=93
Column_20=85
Column_24=81
Column_79=78
Column_51=68
Column_18=60
Column_64=60
Column_53=58
Column_13=57
Column_54=51
Column_50=49
Column_60=48
Column_12=47
Column_70=40
Column_55=37
Column_68=37
Column_26=36
Column_19=35
Column_14=34
Column_58=34
Column_11=32
Column_65=32
Column_21=31
Column_27=30
Column_63=30
Column_10=29
Column_67=29
Column_49=28
Column_72=25
Column_46=24
Column_32=22
Column_61=22
Column_16=21
Column_23=21
Column_15=20
Column_25=19
Column_44=19
Column_52=19
Column_17=18
Column_22=18
Column_66=18
Column_71=18
Column_48=17
Column_28=16
Column_56=15
Column_59=15
Column_57=14
Column_43=13
Column_47=13
Column_80=12
Column_0=11
Column_69=11
Column_76=11
Column_1=10
Column_39=10
Column_35=8
Column_73=8
Column_3=7
Column_31=7
Column_33=7
Column_62=7
Column_34=6
Column_36=6
Column_37=6
Column_4=5
Column_6=5
Column_8=5
Column_38=5
Column_74=5
Column_5=4
Column_7=3
Column_78=1
Column_81=1

parameters:
[boosting: gbdt]
[objective: regression]
[metric: l2]
[tree_learner: serial]
[device_type: cpu]
[data_sample_strategy: bagging]
[data: ]
[valid: ]
[num_iterations: 151]
[learning_rate: 0.03]
[num_leaves: 15]
[num_threads: 4]
[seed: 9]
[deterministic: 1]
[force_col_wise: 1]
[force_row_wise: 0]
[histogram_pool_size: -1]
[max_depth: -1]
[min_data_in_leaf: 100]
[min_sum_hessian_in_leaf: 0.001]
[bagging_fraction: 0.8]
[pos_bagging_fraction: 1]
[neg_bagging_fraction: 1]
[bagging_freq: 1]
[bagging_seed: 6151]
[bagging_by_query: 0]
[feature_fraction: 0.7]
[feature_fraction_bynode: 1]
[feature_fraction_seed: 22398]
[extra_trees: 0]
[extra_seed: 14369]
[early_stopping_round: 0]
[early_stopping_min_delta: 0]
[first_metric_only: 0]
[max_delta_step: 0]
[lambda_l1: 0]
[lambda_l2: 5]
[linear_lambda: 0]
[min_gain_to_split: 0]
[drop_rate: 0.1]
[max_drop: 50]
[skip_drop: 0.5]
[xgboost_dart_mode: 0]
[uniform_drop: 0]
[drop_seed: 18175]
[top_rate: 0.2]
[other_rate: 0.1]
[min_data_per_group: 100]
[max_cat_threshold: 32]
[cat_l2: 10]
[cat_smooth: 10]
[max_cat_to_onehot: 4]
[top_k: 20]
[monotone_constraints: ]
[monotone_constraints_method: basic]
[monotone_penalty: 0]
[feature_contri: ]
[forcedsplits_filename: ]
[refit_decay_rate: 0.9]
[cegb_tradeoff: 1]
[cegb_penalty_split: 0]
[cegb_penalty_feature_lazy: ]
[cegb_penalty_feature_coupled: ]
[path_smooth: 0]
[interaction_constraints: ]
[verbosity: -1]
[saved_feature_importance_type: 0]
[use_quantized_grad: 0]
[num_grad_quant_bins: 4]
[quant_train_renew_leaf: 0]
[stochastic_rounding: 1]
[linear_tree: 0]
[max_bin: 255]
[max_bin_by_feature: ]
[min_data_in_bin: 3]
[bin_construct_sample_cnt: 200000]
[data_random_seed: 68]
[is_enable_sparse: 1]
[enable_bundle: 1]
[use_missing: 1]
[zero_as_missing: 0]
[feature_pre_filter: 1]
[pre_partition: 0]
[two_round: 0]
[header: 0]
[label_column: ]
[weight_column: ]
[group_column: ]
[ignore_column: ]
[categorical_feature: ]
[forcedbins_filename: ]
[precise_float_parser: 0]
[parser_config_file: ]
[objective_seed: 3382]
[num_class: 1]
[is_unbalance: 0]
[scale_pos_weight: 1]
[sigmoid: 1]
[boost_from_average: 1]
[reg_sqrt: 0]
[alpha: 0.9]
[fair_c: 1]
[poisson_max_delta_step: 0.7]
[tweedie_variance_power: 1.5]
[lambdarank_truncation_level: 30]
[lambdarank_norm: 1]
[label_gain: ]
[lambdarank_position_bias_regularization: 0]
[eval_at: ]
[multi_error_top_k: 1]
[auc_mu_weights: ]
[num_machines: 1]
[local_listen_port: 12400]
[time_out: 120]
[machine_list_filename: ]
[machines: ]
[gpu_platform_id: -1]
[gpu_device_id: -1]
[gpu_device_id_list: ]
[gpu_use_dp: 0]
[num_gpu: 1]

end of parameters

pandas_categorical:null
