tree
version=v4
num_class=1
num_tree_per_iteration=1
label_index=0
max_feature_idx=81
objective=regression
feature_names=Column_0 Column_1 Column_2 Column_3 Column_4 Column_5 Column_6 Column_7 Column_8 Column_9 Column_10 Column_11 Column_12 Column_13 Column_14 Column_15 Column_16 Column_17 Column_18 Column_19 Column_20 Column_21 Column_22 Column_23 Column_24 Column_25 Column_26 Column_27 Column_28 Column_29 Column_30 Column_31 Column_32 Column_33 Column_34 Column_35 Column_36 Column_37 Column_38 Column_39 Column_40 Column_41 Column_42 Column_43 Column_44 Column_45 Column_46 Column_47 Column_48 Column_49 Column_50 Column_51 Column_52 Column_53 Column_54 Column_55 Column_56 Column_57 Column_58 Column_59 Column_60 Column_61 Column_62 Column_63 Column_64 Column_65 Column_66 Column_67 Column_68 Column_69 Column_70 Column_71 Column_72 Column_73 Column_74 Column_75 Column_76 Column_77 Column_78 Column_79 Column_80 Column_81
feature_infos=[-0.062088999897241592:0.11504700034856796] [-0.11149699985980988:0.12835800647735596] [-1:1] [-0.081061996519565582:0.051552001386880875] [1.546720027923584:28.3704833984375] [0:0.83333301544189453] [-0.028457000851631165:0.027414999902248383] [0:1] [-0.042164001613855362:0.043588001281023026] [0.0057172086089849472:0.47293302416801453] [-0.36001697182655334:0.46201157569885254] [-1:1] [0:1] [0:1] [-0.50599998235702515:1.2970000505447388] [-0.79670000076293945:2.1860001087188721] [-0.81319999694824219:24.639999389648438] [3.9030001163482666:99.989997863769531] [-0.73680001497268677:1.6310000419616699] [-0.77389997243881226:7.0240001678466797] [-0.91420000791549683:0] [0.00081489997683092952:4.0180001258850098] [-0.53280001878738403:1.5440000295639038] [0.0022179998923093081:5.8680000305175781] [-0.26850000023841858:2.9319999217987061] [-0.3799000084400177:0.36430001258850098] [0.050769999623298645:0.87889999151229858] [9.1499996185302734:83.610000610351562] [0.0039679999463260174:1] [-4:4] [0.05534999817609787:0.90539997816085815] [0.32490000128746033:2.5850000381469727] [-0.26179999113082886:0.52819997072219849] [-0.11980000138282776:0.095150001347064972] [-0.12319999933242798:0.12160000205039978] [-0.35749998688697815:1.156000018119812] [-0.12399999797344208:0.1023000031709671] [-0.13220000267028809:0.090819999575614929] [-0.026590000838041306:0.043880000710487366] [-0.55330002307891846:0.99029999971389771] [-0.039098739624023438:0.08527132123708725] [-0.94942587614059448:0.92923778295516968] [4.9275102355750278e-05:0.44297224283218384] [-0.90016281604766846:9.473414421081543] [-0.17408907413482666:0.2277580052614212] [-0.89964240789413452:9.4935169219970703] [0:19.30915641784668] [-59.313907623291016:404.22930908203125] [-5.952430248260498:7.989593505859375] [-0.14687499403953552:1] [-0.080550946295261383:0.073985621333122253] [8.9203458628617227e-05:96.041580200195312] [0.00031769918859936297:1254.5347900390625] [-0.029737390577793121:0.025568626821041107] [-0.084868215024471283:0.037972953170537949] [0.018604651093482971:0.96108949184417725] [-0.1676144003868103:0.20218938589096069] [-0.90268170833587646:9.4715280532836914] [0.0061233546584844589:0.054694462567567825] [0.10559580475091934:27.941278457641602] [0.0038759689778089523:1] [0.0038759689778089523:1] [0.0038759689778089523:1] [0.0038759689778089523:1] [0.0038759689778089523:1] [0.0038759689778089523:1] [0.0039215688593685627:1] [-0.068778954446315765:0.059377908706665039] [-0.6641506552696228:0.52342545986175537] [0:1] [-0.17135186493396759:0.20153720676898956] [-0.90302252769470215:9.472050666809082] [-0.070965729653835297:0.060694672167301178] [0:6] [0:1] [0:1] [0:24] [0:1] [0:0.22986266016960144] [0:3378] [0:10] [0:1]
tree_sizes=1551 1675 1645 1657 1649 1655 1654 1658 1659 1661 1668 1656 1646 1668 1666 1639 1642 1661 1642 1657 1654 1666 1650 1662 1642 1656 1665 1652 1671 1641 1642 1658 1650 1665 1654 1662 1653 1648 1663 1655 1647 1650 1656 1655 1637 1657 1662 1660 1653 1650 1650 1663 1646 1657 1659 1655 1663 1652 1632 1650 1659 1662 1647 1665 1623 1648 1656 1630 1668 1657 1660 1658 1649 1619 1635 1629 1624 1643 1633 1642 1644 1643 1635 1655 1614 1673 1644 1643 1648 1663 1635 1635 1657 1638 1639 1642 1641 1665 1638 1644 1631 1651 1634 1651 1644 1647 1621 1642 1628 1622 1633 1643 1651 1647 1613 1588 1645 1628 1656 1645 1632 1619 1638 1647 1640 1647 1626 1646 1628 1599 1634 1590 1621 1640 1663 1642 1636 1643 1613 1615 1652 1637 1590 1644 1616 1642 1613 1607 1588 1615 1629 1657 1574 1615 1648 1628 1595 1616 1614 1590 1607 1642 1642 1594 1573 1641 1640 1591 1628 1622 1627

Tree=0
num_leaves=15
num_cat=0
split_feature=45 79 30 21 17 19 30 13 68 32 51 51 58 21
split_gain=66.1199 40.7614 30.4819 16.9138 9.43127 6.85916 6.47568 6.35649 5.85853 4.64989 4.18408 4.17132 3.86308 4.7798
threshold=-1.0000000180025095e-35 89.500000000000014 0.50124999880790722 0.32995000481605535 56.305000305175788 0.37385000288486486 0.63464999198913585 0.36155977845191961 0.0011738312314264478 -0.063340000808238969 0.39855942130088812 0.34328952431678778 0.011625010054558517 0.29334999620914465
decision_type=2 8 10 8 8 10 10 8 2 10 10 10 2 10
left_child=2 3 5 8 -5 9 -4 12 -2 -1 -6 -10 13 -3
right_child=1 7 6 4 10 -7 -8 -9 11 -11 -12 -13 -14 -15
leaf_value=0.50211534611736808 0.50200047897900624 0.50109377637134933 0.50299364168865257 0.50200590612241136 0.50144105398875727 0.50161985753406946 0.50369784957270536 0.50167722475218279 0.50249476670053594 0.50255091199082291 0.50029120644267411 0.50172827633037786 0.501363771820864 0.50019125660221875
leaf_weight=30602.5 41130 9777 60381 44688.5 27001 10304 14599.5 10543 80947 78982 3183 6933 8440 11552
leaf_count=30600 41129 9773 60371 44688 27001 10304 14599 10542 80947 78981 3183 6933 8440 11548
internal_value=0.502244 0.501915 0.502656 0.502088 0.501729 0.50236 0.503131 0.501044 0.502296 0.502429 0.501319 0.502434 0.50082 0.500605
internal_weight=439064 244194 194869 203882 74872.5 119888 74980.5 40312 129010 109584 30184 87880 29769 21329
internal_count=439039 244184 194855 203881 74872 119885 74970 40303 129009 109581 30184 87880 29761 21321
is_linear=0
shrinkage=1


Tree=1
num_leaves=15
num_cat=0
split_feature=79 30 13 70 51 61 43 43 15 61 15 57 48 54
split_gain=42.3277 25.5089 15.2583 13.5775 12.8576 9.91837 8.80505 8.29071 7.97043 6.37254 6.117 6.03959 5.76238 4.86655
threshold=89.500000000000014 0.52584999799728405 0.36155977845191961 0.0036027516471222047 0.21164927631616595 0.58830371499061596 0.00072257893043570231 0.0080391415394842642 0.086054999381303801 0.57279273867607128 0.20195000618696216 0.00070828272146172832 -0.33710972964763636 0.0030588511144742374
decision_type=8 10 8 2 10 2 2 2 8 2 8 2 10 2
left_child=1 4 6 7 5 10 9 12 -6 -2 -1 -5 -3 -7
right_child=2 3 -4 11 8 13 -8 -9 -10 -11 -12 -13 -14 -15
leaf_value=0.00028561484619646756 0.00010233719435469814 0.0013290874530423086 5.7623697993068888e-05 0.00025068590789420237 -0.00023540898974769609 -0.00036731521954835075 -0.0012630438099651363 -5.1112843997202043e-05 -0.0011046826578123199 -0.00098076227655739812 -0.00058785282608778404 -0.0006310844256174732 0.00068022618880360136 0.00011959574854161503
leaf_weight=118407.5 9611.5 15698 18690.5 23458.5 32675 51831.5 30717.5 11368 13378 9943.5 7679.5 9953 57310.5 28701
leaf_count=118406 9611 15694 18688 23458 32674 51831 30711 11368 13378 9941 7679 9953 57306 28701
internal_value=8.17789e-06 0.000135217 -0.000674219 0.000499813 -3.47532e-05 6.62835e-05 -0.000946285 0.000702486 -0.000488018 -0.000448517 0.000232394 -1.20411e-05 0.000819823 -0.000193788
internal_weight=439424 370460 68963 117788 252672 206620 50272.5 84376.5 46053 19555 126087 33411.5 73008.5 80532.5
internal_count=439399 370448 68951 117779 252669 206617 50263 84368 46052 19552 126085 33411 73000 80532
is_linear=0
shrinkage=0.03


Tree=2
num_leaves=15
num_cat=0
split_feature=45 79 24 9 18 18 13 9 19 24 52 9 58 54
split_gain=62.3624 37.4482 22.8018 19.0635 12.7129 7.27286 6.60684 5.82201 4.63766 4.40386 4.37319 4.3411 5.56369 4.31984
threshold=-1.0000000180025095e-35 76.500000000000014 0.9556500017642976 0.036153299733996398 0.070244997739791884 0.11765000224113466 0.35321648418903356 0.022434646263718609 0.40234999358654028 1.3435000181198122 2.1762959957122807 0.025332295335829261 0.011577300261706116 0.0032365517690777783
decision_type=2 8 8 10 8 10 8 10 10 10 10 10 2 2
left_child=2 3 5 7 13 -1 11 -2 9 -4 -6 -3 -13 -5
right_child=1 6 8 4 10 -7 -8 -9 -10 -11 -12 12 -14 -15
leaf_value=0.0008060433845875313 0.0003288432838759194 -0.00059226958272273452 0.00027628424425948413 -0.00062185591420360988 -0.0010530474824842447 -3.7388329600163401e-05 -0.00051158271876732399 -8.8313235900019401e-05 -0.00076760185001243622 -0.00016479993310861634 -0.0023597970437958383 -0.0018197354955700738 -0.00087946029436923687 5.2455873382867017e-05
leaf_weight=89354 42248 5639.5 58344 16631 17341 10257 11709 104772 5595 31296 2659 17319.5 8438 17591
leaf_count=89342 42248 5639 58341 16631 17341 10257 11708 104771 5595 31295 2659 17314 8438 17591
internal_value=1.56428e-06 -0.000317657 0.000401884 -0.000145758 -0.00062653 0.000719197 -0.00112006 3.15689e-05 6.99699e-05 0.000122288 -0.00122733 -0.00134687 -0.00151194 -0.000275285
internal_weight=439194 244348 194846 201242 54222 99611 43106 147020 95235 89640 20000 31397 25757.5 34222
internal_count=439170 244340 194830 201241 54222 99599 43099 147019 95231 89636 20000 31391 25752 34222
is_linear=0
shrinkage=0.03


Tree=3
num_leaves=15
num_cat=0
split_feature=79 9 18 30 61 13 60 47 51 61 43 3 21 21
split_gain=41.452 24.9808 16.9686 12.3089 10.7719 7.89741 7.83503 6.38884 6.36727 6.33118 5.74351 4.93635 4.56711 4.43616
threshold=625.50000000000011 0.030707309022545818 0.087104998528957381 0.52994999289512645 0.58426213264465343 0.33962287008762365 0.83108067512512218 -1.0000000180025095e-35 0.23167001456022265 0.41309450566768652 0.0078328400850296038 -0.00054649999947287131 0.77625000476837169 0.51445001363754284
decision_type=8 10 8 10 2 8 2 10 10 2 2 10 10 10
left_child=1 3 4 8 -3 7 -4 -2 11 10 -5 -1 -7 -9
right_child=5 2 6 9 -6 12 -8 13 -10 -11 -12 -13 -14 -15
leaf_value=0.00032154686512215011 -0.00041715078240256643 0.00025879452282813172 -0.00043052661566628155 0.0010808563227968663 -0.00030197791536102286 -0.0001151423787765062 -0.0013398289472913319 -0.0011247311500958456 -0.00037430844996882203 0.0003926836434750391 -4.7774930492166194e-05 -0.00018529764848357287 -0.00291846702389782 -0.0021432461153311996
leaf_weight=90651.5 9847.5 73124.5 37460.5 28987 53292.5 13593 11041 20131 18610 50873 4718 21367.5 539 4766
leaf_count=90651 9846 73122 37460 28982 53292 13591 11041 20126 18610 50871 4718 21366 539 4766
internal_value=2.45246e-06 0.000105639 -0.000160635 0.000322063 2.2392e-05 -0.000821095 -0.000637639 -0.00106427 0.000139491 0.000604016 0.000922888 0.000224863 -0.000223057 -0.0013201
internal_weight=439002 390126 174918 215207 126417 48876.5 48501.5 34744.5 130629 84578 33705 112019 14132 24897
internal_count=438981 390113 174915 215198 126414 48868 48501 34738 130627 84571 33700 112017 14130 24892
is_linear=0
shrinkage=0.03


Tree=4
num_leaves=15
num_cat=0
split_feature=45 9 30 18 79 79 24 68 9 79 60 58 10 18
split_gain=58.7135 33.6625 23.4058 12.159 10.5029 9.22027 8.46022 7.5955 5.71088 5.50796 4.77376 4.53503 4.49664 4.31336
threshold=-1.0000000180025095e-35 0.035118546336889274 0.55494999885559093 0.070244997739791884 76.500000000000014 113.50000000000001 0.97615000605583202 0.0016560437506996097 0.050959581509232528 1.5000000000000002 0.35667294263839727 0.010751057881861927 -0.036655569449067109 0.11335000023245813
decision_type=2 10 10 8 8 8 10 2 10 10 2 2 10 8
left_child=2 4 6 5 7 -3 10 -2 -5 -8 -1 -7 -11 -12
right_child=1 3 -4 8 -6 11 9 -9 -10 12 13 -13 -14 -15
leaf_value=0.00071695847562387195 -0.00024458490589752887 -0.0002995137082922719 0.00097647363316309688 -0.0010086968405014424 -0.00068665550014113824 -0.0019460546933284066 -0.00088152233140638729 0.00020721618922675208 -0.0019012147181319396 0.0011722106620761445 0.00037643337186641973 -0.00070126116895223285 9.6889966910362164e-06 -0.00040941518472131067
leaf_weight=31494 54129 39439 46698.5 23017 20812.5 5054 6049.5 87809 8979 3129 32247 5514 67290 7803.5
leaf_count=31490 54128 39439 46690 23017 20806 5053 6049 87809 8979 3129 32246 5514 67289 7803
internal_value=2.16202e-06 -0.000307121 0.00039093 -0.000802752 -5.73764e-05 -0.000510465 0.000206163 3.49163e-05 -0.00125942 -1.32261e-05 0.000440636 -0.00129721 6.14241e-05 0.000223285
internal_weight=439465 244754 194712 82003 162750 50007 148013 141938 31996 76468.5 71544.5 10568 70419 40050.5
internal_count=439441 244745 194696 82002 162743 50006 148006 141937 31996 76467 71539 10567 70418 40049
is_linear=0
shrinkage=0.03


Tree=5
num_leaves=15
num_cat=0
split_feature=45 79 30 18 54 13 30 18 51 57 30 58 79 23
split_gain=56.3358 28.9272 23.1964 19.1451 6.62289 6.46853 6.19784 5.55686 4.21561 4.16281 3.9365 3.9048 3.6686 3.57151
threshold=-1.0000000180025095e-35 83.500000000000014 0.50124999880790722 0.09271500259637834 0.0022536036558449273 0.3449684232473374 0.62954998016357433 0.20255000144243243 0.32365222275257116 0.0036685545928776269 0.53135001659393322 0.010771177709102632 646.50000000000011 1.29449999332428
decision_type=2 8 10 8 2 8 10 10 10 2 10 2 8 10
left_child=2 3 7 4 10 11 -4 8 12 -5 -2 -3 -1 -9
right_child=1 5 6 9 -6 -7 -8 13 -10 -11 -12 -13 -14 -15
leaf_value=0.00027079785091135627 -0.00039750738017422436 -0.0015639173197141872 0.00064709168585409761 -0.00057529118339474548 0.00014038867259262363 -0.00043393376064789174 0.0013129567580415476 0.00029760240550102664 -0.00055104960556532354 -0.0012764850075108131 6.344912198267088e-05 -0.00086469486553762643 -0.00025645521545605252 -0.0014595584810908838
leaf_weight=94289 48627.5 17098.5 58994.5 24428 93497 11623 15997 1539 7080 11082 25371 12443 13584.5 3203
leaf_count=94288 48626 17094 58985 24428 93497 11621 15996 1539 7080 11082 25371 12443 13582 3203
internal_value=-5.12902e-06 -0.000308637 0.000375519 -0.000161585 -2.74332e-05 -0.00103373 0.00078921 0.000116312 0.000157842 -0.000794269 -0.000239471 -0.0012696 0.000204392 -0.000889565
internal_weight=438857 244170 194687 203006 167496 41164.5 74991.5 119696 114954 35510 73998.5 29541.5 107874 4742
internal_count=438835 244162 194673 203004 167494 41158 74981 119692 114950 35510 73997 29537 107870 4742
is_linear=0
shrinkage=0.03


Tree=6
num_leaves=15
num_cat=0
split_feature=9 64 18 48 20 48 71 43 9 58 9 24 43 43
split_gain=35.2596 15.8037 13.2534 11.7776 7.57082 7.5643 6.08764 5.65497 5.47682 5.11306 5.0817 4.82137 3.96007 3.95443
threshold=0.036768091842532165 0.71039488911628734 0.098755002021789565 -0.064580470323562608 -0.27875000238418574 -0.20278227329254148 0.0027105006156489257 0.0038494275650009517 0.050959581509232528 0.010751057881861927 0.023547135293483738 1.016499996185303 -0.0028010695241391654 0.009403902571648361
decision_type=10 10 8 10 8 10 2 2 10 2 10 8 2 2
left_child=1 3 5 4 -1 13 -3 11 -4 -7 -5 -6 -10 -2
right_child=2 6 8 10 7 9 -8 -9 12 -11 -12 -13 -14 -15
leaf_value=-8.4449939380373012e-05 0.0005327576467452572 3.458245692580536e-06 -0.00061528117456307631 0.00038153349220680784 0.0010298208706404272 -0.00068747994112710437 -0.0005388578336490593 0.00033350618838855217 -0.00032167045177657267 -0.00014477884207598167 -3.1847777581148371e-05 0.00046375370993593807 -0.0016141923022525827 -0.00041108727009222655
leaf_weight=14994.5 15472 61063 25497.5 40373 36812 26540 26802 33766.5 2655 37987 79377 21442 10914 5381
leaf_count=14993 15472 61059 25497 40371 36802 26540 26802 33765 2655 37987 79373 21442 10914 5381
internal_value=1.05e-05 0.000179576 -0.000416953 0.000311923 0.000540622 -0.00020751 -0.000161989 0.000642475 -0.000874607 -0.000368028 0.000107531 0.000821522 -0.0013615 0.000289164
internal_weight=439076 314630 124446 226765 107015 85380 87865 92020.5 39066.5 64527 119750 58254 13569 20853
internal_count=439053 314607 124446 226746 107002 85380 87861 92009 39066 64527 119744 58244 13569 20853
is_linear=0
shrinkage=0.03


Tree=7
num_leaves=15
num_cat=0
split_feature=45 79 24 21 15 19 13 54 13 3 24 51 21 58
split_gain=51.2283 28.7634 19.805 12.4676 8.01998 6.86389 5.76612 5.62846 4.58628 4.63892 4.4398 4.41254 4.36479 4.42575
threshold=-1.0000000180025095e-35 76.500000000000014 0.97615000605583202 0.32995000481605535 0.093345001339912428 0.24964999407529834 0.36155977845191961 0.0022229132009670143 0.4538544118404389 -6.0499998653540381e-05 1.4794999957084658 0.33285437524318701 0.17445000261068347 0.011625010054558517
decision_type=2 8 8 8 8 10 8 2 8 10 10 10 10 2
left_child=2 3 5 7 -5 8 12 -2 -1 -10 11 -4 -3 -14
right_child=1 6 10 4 -6 -7 -8 -9 9 -11 -12 -13 13 -15
leaf_value=0.00063599264531781876 -0.00017826982539042094 -0.00039528484466141929 0.00021094567296186837 -0.00023753003719316208 -0.00091123621305816177 6.5723375484649321e-05 -0.00040910761627536551 0.00022116151408415135 0.0013725434713121631 0.00011126090368430098 -0.00034695908054203125 -0.00082599473301128625 -0.0016110764099737677 -0.00077131571515366855
leaf_weight=68897 58247 5089 66695 50271.5 23260 15538.5 11207 69784 15802.5 3148 20602.5 3905 18509 8150
leaf_count=68889 58246 5089 66693 50271 23260 15538 11207 69784 15800 3145 20602 3905 18501 8150
internal_value=-5.22796e-07 -0.000289585 0.000362707 -0.000139368 -0.000450689 0.000646962 -0.000994368 3.94426e-05 0.000749762 0.00116311 4.04624e-05 0.000153536 -0.00120087 -0.00135454
internal_weight=439106 244518 194588 201562 73531.5 103386 42955 128031 87847.5 18950.5 91202.5 70600 31748 26659
internal_count=439080 244508 194572 201561 73531 103372 42947 128030 87834 18945 91200 70598 31740 26651
is_linear=0
shrinkage=0.03


Tree=8
num_leaves=15
num_cat=0
split_feature=79 9 18 56 44 13 9 47 52 65 60 17 60 52
split_gain=31.347 19.9133 12.5336 8.91216 7.27137 6.46773 6.22805 5.42307 4.45761 4.23444 4.18594 3.94264 3.92549 4.2276
threshold=732.50000000000011 0.036153299733996398 0.11545000225305559 0.0048600216396152982 -0.0065596345812082282 0.33333294093608862 0.02167436666786671 0.0093574593774974364 4.3736500740051278 0.18697419762611392 0.077244497835636153 37.555000305175788 0.4633587002754212 1.3069672584533694
decision_type=8 10 8 2 2 8 10 10 10 10 2 10 2 8
left_child=1 3 4 6 -3 7 -1 9 -4 -2 -5 -6 -8 -14
right_child=5 2 8 10 11 -7 12 -9 -10 -11 -12 -13 13 -15
leaf_value=0.00059218040953153356 0.00075546777139953334 0.0003369263376554021 -0.00075446913275688222 0.00056145545093976435 0.00028713760815933612 -0.00020251023297344483 0.0003923876161116167 -0.0012654714381063643 -0.0028234583935501951 -0.00072237628941198824 -0.00014967477927823811 -0.00038599022565195942 0.00018317608669595812 -0.00036418524771288151
leaf_weight=54435.5 2109 25885 25371.5 8410 9428 14251 67234 20538 969 10006.5 64939.5 46145 73410.5 15351
leaf_count=54432 2109 25885 25371 8410 9428 14249 67226 20534 969 10004 64937 46145 73409 15351
internal_value=-2.99732e-06 8.47948e-05 -0.000262308 0.000216649 -7.83406e-05 -0.000735855 0.000315905 -0.000968556 -0.000831103 -0.000464916 -6.81063e-05 -0.000271778 0.000219482 8.84966e-05
internal_weight=438484 391579 107798 283780 81458 46904.5 210431 32653.5 26340.5 12115.5 73349.5 55573 155996 88761.5
internal_count=438459 391563 107798 283765 81458 46896 210418 32647 26340 12113 73347 55573 155986 88760
is_linear=0
shrinkage=0.03


Tree=9
num_leaves=15
num_cat=0
split_feature=45 9 30 9 24 15 3 64 68 9 19 68 53 12
split_gain=45.7265 24.4651 22.1913 8.49448 7.68759 7.19826 5.79969 5.77001 4.80634 4.47446 4.25751 4.19702 4.10381 3.27413
threshold=-1.0000000180025095e-35 0.035261457785964019 0.53264999389648449 0.022434646263718609 0.8087500035762788 0.093345001339912428 -0.0064215001184493295 0.89640536904335033 0.0050315698608756074 0.050959581509232528 0.37385000288486486 0.0016280087293125691 0.0036521442234516148 0.36842137575149542
decision_type=2 10 10 8 8 8 10 10 2 10 10 2 2 10
left_child=2 3 4 -2 -1 8 13 11 12 -7 -6 -5 -3 -4
right_child=1 5 6 7 10 9 -8 -9 -10 -11 -12 -13 -14 -15
leaf_value=0.00049774605443608354 0.00027083362978456792 -0.00087119535009562942 0.0011888450520648704 -0.00038548681545885787 4.6445958866270869e-05 -0.00084134240467211322 0.00036482625383255307 -0.00077479267472586487 -0.00012452442519906399 -0.0016613809939339751 -0.00068185324432628799 1.4518500205004228e-05 1.929991341708989e-06 0.00059506610565264191
leaf_weight=36555.5 46918 27757 29298.5 36776 91802 19165 17346 14153 19266 8723 7836 65913 5869 11716.5
leaf_count=36555 46918 27757 29293 36774 91799 19165 17342 14152 19266 8723 7836 65909 5869 11716
internal_value=-7.80763e-06 -0.000280874 0.000335414 -7.01172e-05 0.000125666 -0.000708096 0.000824838 -0.000207032 -0.000502382 -0.00109809 -1.08622e-05 -0.000128747 -0.000718825 0.00101932
internal_weight=439094 244540 194554 163760 136194 80780 58361 116842 52892 27888 99638 102689 33626 41015
internal_count=439074 244533 194541 163753 136190 80780 58351 116835 52892 27888 99635 102683 33626 41009
is_linear=0
shrinkage=0.03


Tree=10
num_leaves=15
num_cat=0
split_feature=79 30 18 64 70 12 10 21 65 71 60 51 61 64
split_gain=28.6809 19.5571 11.8421 9.05813 8.29053 7.61839 7.35684 6.14084 6.06205 5.83912 5.16739 4.91553 4.83977 3.93966
threshold=89.500000000000014 0.55355000495910656 0.11545000225305559 0.60851886868476879 0.0036027516471222047 0.25925962626934057 -0.0036700578639283772 0.48385000228881841 0.32747226953506475 0.0043818610720336446 0.45560036599636083 0.064172938466072096 0.55286508798599254 0.92688494920730602
decision_type=8 10 8 10 2 10 10 10 8 2 2 10 2 10
left_child=1 2 3 8 9 6 12 -7 -1 -3 -4 -8 -2 -5
right_child=5 4 10 13 -6 7 11 -9 -10 -11 -12 -13 -14 -15
leaf_value=0.00049511312824832335 -0.00021611949783999042 0.0008005156288625842 -0.00010813702472850329 -7.2597244433991517e-05 2.7577274175587714e-05 -0.00067225204018328056 0.0010652218813995622 -0.0016541983178173843 7.4504280248974502e-05 4.5550904484516495e-05 -0.00080943740039292539 -0.0001064413737797423 -0.0012125407469497057 -0.0005655531757384288
leaf_weight=46209.5 9929 52987 16531 85663.5 25266.5 28269 4551 7190.5 92703.5 11163 22094.5 11008.5 7859 17582
leaf_count=46207 9926 52977 16531 85663 25266 28265 4550 7190 92702 11163 22094 11007 7857 17581
internal_value=-3.04863e-06 0.000101493 -2.15586e-05 5.6255e-05 0.000487875 -0.000565476 -0.000239907 -0.000871577 0.000214433 0.000669155 -0.000509347 0.000236491 -0.00065657 -0.000156568
internal_weight=439008 370200 280784 242158 89416.5 68807 33347.5 35459.5 138913 64150 38625.5 15559.5 17788 103246
internal_count=438979 370184 280778 242153 89406 68795 33340 35455 138909 64140 38625 15557 17783 103244
is_linear=0
shrinkage=0.03


Tree=11
num_leaves=15
num_cat=0
split_feature=45 79 24 9 17 21 9 13 57 68 13 54 51 54
split_gain=40.3977 24.7147 18.9647 14.2104 7.99188 5.31818 4.8498 4.71692 4.39868 4.33639 4.31501 4.23254 4.01932 3.90084
threshold=-1.0000000180025095e-35 178.50000000000003 0.9556500017642976 0.030707309022545818 51.655000686645515 0.58765000104904186 0.045006765052676208 0.45000079274177557 0.0022761767031624918 0.0011738312314264478 0.2500003874301911 0.0041670927312225112 0.33285437524318701 0.0032365517690777783
decision_type=2 8 8 10 8 10 10 8 2 2 8 2 10 2
left_child=2 3 7 9 13 10 11 8 -1 -2 -3 -6 -4 -5
right_child=1 5 12 4 6 -7 -8 -9 -10 -11 -12 -13 -14 -15
leaf_value=0.00062315123053194841 -0.00018071766893207629 -0.0011617114901564228 6.1194005642321744e-05 -0.00039935573310283538 -0.00072729051255913675 -0.0019722236631942698 -0.001188609397399598 0.00099594264646685844 9.511451334052277e-05 0.00021322948289839665 -0.00045311196736539815 -5.2581308371788178e-05 -0.00077795970527515604 0.00016560142933915082
leaf_weight=59041 37187 17840 89722 21998.5 25102 4361 12300 21759 18696 77650 13668.5 12552 5444 21990
leaf_count=59036 37186 17835 89718 21998 25102 4361 12300 21753 18696 77650 13666 12552 5444 21990
internal_value=-6.5792e-06 -0.000263192 0.000315928 -0.0001382 -0.000411836 -0.000990595 -0.000671474 0.000605512 0.000496171 8.56575e-05 -0.000854439 -0.000502412 1.31516e-05 -0.000116945
internal_weight=439311 244649 194662 208780 93942.5 35869.5 49954 99496 77737 114837 31508.5 37654 95166 43988.5
internal_count=439287 244640 194647 208778 93942 35862 49954 99485 77732 114836 31501 37654 95162 43988
is_linear=0
shrinkage=0.03


Tree=12
num_leaves=15
num_cat=0
split_feature=45 79 18 51 9 21 9 18 45 79 79 9 68 64
split_gain=41.7097 20.6736 13.3333 10.3602 7.22627 6.49474 5.72368 5.3582 5.34617 4.12081 3.93224 3.83166 3.73853 4.20572
threshold=0.0004626013978850097 178.50000000000003 0.070244997739791884 0.077018909156322493 0.045006765052676208 0.4634499996900559 0.021210201084613804 0.11765000224113466 -0.0039341815281659356 85.500000000000014 906.50000000000011 0.020855478011071685 0.0020431136945262556 0.96499025821685802
decision_type=2 8 8 10 10 10 10 8 2 8 10 10 2 10
left_child=3 2 6 5 -4 8 -2 9 -1 -5 -9 -10 -8 -14
right_child=1 -3 4 7 -6 -7 12 10 11 -11 -12 -13 13 -15
leaf_value=0.00093359286684670695 0.00037516804218343025 -0.00094985433375794715 -0.00040199290246381163 0.00029456305222716386 -0.0013296697164169014 -0.00018009389617563979 -0.00030457052510949229 -0.00025851074758935044 0.0010041168837945029 -0.00027063988061288658 -0.0026021014862219866 0.00022963347298929712 8.1803350241596849e-05 -0.0010970548769931427
leaf_weight=37057 28380 34072.5 41110 96754 9257 8747 47796 15721 7450 13188.5 667 25147 70598 2828
leaf_count=37050 28380 34066 41110 96747 9257 8747 47796 15721 7450 13188 667 25147 70598 2828
internal_value=6.72101e-06 -0.000266845 -0.000150446 0.00031945 -0.000572607 0.000590338 -8.30192e-06 0.000151319 0.000687094 0.000226753 -0.000354661 0.000406767 -9.80901e-05 3.63281e-05
internal_weight=438773 234042 199969 204732 50367 78401 149602 126330 69654 109942 16388 32597 121222 73426
internal_count=438752 234035 199969 204717 50367 78394 149602 126323 69647 109935 16388 32597 121222 73426
is_linear=0
shrinkage=0.03


Tree=13
num_leaves=15
num_cat=0
split_feature=45 9 30 17 9 24 5 9 32 26 57 68 26 24
split_gain=36.1913 21.0182 19.6573 8.06144 7.98793 5.47427 5.37197 5.13191 5.10041 4.66782 3.85047 3.43316 3.42758 3.39041
threshold=-1.0000000180025095e-35 0.035552326589822776 0.51635000109672557 43.98500061035157 0.024942187592387203 1.0314999818801882 0.32738099992275244 0.049915833398699767 0.11134999990463258 0.15405000001192096 0.0022239796817302708 0.0011738312314264478 0.15739999711513522 0.96825000643730175
decision_type=2 10 10 8 10 10 10 10 8 10 2 2 10 10
left_child=2 4 5 -3 -2 10 13 9 11 -5 -1 -6 -7 -4
right_child=1 3 6 7 8 12 -8 -9 -10 -11 -12 -13 -14 -15
leaf_value=0.00039979146954585796 0.00018235034967836587 -0.00012357370385520573 0.0010049774391206053 -0.00089584717569358399 -0.00043438836465070087 -0.00023740465506803742 0.00028106926112893244 -0.0012952380341278084 -0.00066973655640127053 -0.00025296137810745312 -0.00014491832820882929 7.1307987890967703e-06 0.00030345605464742153 0.00037256821485240696
leaf_weight=49732.5 70806.5 19448 38829 27829 22716.5 49108.5 18640 15567 19602.5 16020 15261 52413 13424 9505
leaf_count=49732 70806 19448 38823 27828 22715 49107 18634 15567 19596 16020 15261 52413 13424 9504
internal_value=-7.69861e-06 -0.000250719 0.000297672 -0.000653768 -5.86887e-05 7.90995e-05 0.00071382 -0.000827286 -0.000238851 -0.000661028 0.000271888 -0.000126389 -0.000121282 0.000880664
internal_weight=438902 244402 194500 78864 165538 127526 66974 59416 94732 43849 64993.5 75129.5 62532.5 48334
internal_count=438878 244393 194485 78863 165530 127524 66961 59415 94724 43848 64993 75128 62531 48327
is_linear=0
shrinkage=0.03


Tree=14
num_leaves=15
num_cat=0
split_feature=45 30 21 64 13 12 21 58 57 63 6 51 54 64
split_gain=35.6516 17.5815 13.9871 8.08064 6.10358 5.39215 4.71784 4.10971 3.99081 3.78289 3.26707 3.25757 3.23807 3.09337
threshold=-1.0000000180025095e-35 0.55215001106262218 0.48815000057220465 0.92323201894760143 0.25266790390014654 0.53129756450653087 0.28534999489784246 0.0104353497736156 -0.00052939195302315045 0.14503885805606845 0.0029675000114366416 0.32365222275257116 0.00295763579197228 0.74149441719055187
decision_type=2 10 8 10 8 10 10 2 2 2 8 10 2 10
left_child=1 5 3 4 12 8 -6 10 -1 -5 -4 -10 -2 -9
right_child=2 -3 7 9 6 -7 -8 13 11 -11 -12 -13 -14 -15
leaf_value=0.00036665719850039266 -0.00041142363697093662 0.00080118155177574129 -0.00015949912833684529 -0.0016905383608558913 0.00027885470950090815 -0.00032491880152224722 -0.00015190569725661332 -0.00028892642344616941 8.3332842535014135e-05 -0.00054987882594385992 -0.0014474783222655145 -0.00090081683022397586 -6.8087369261325659e-05 -0.0010694620583875962
leaf_weight=68788 53799 48221.5 2128 3120 50810 19407.5 41625.5 13777 55087.5 16161 10644.5 3198 45743 6837
leaf_count=68783 53793 48213 2128 3120 50810 19407 41624 13777 55086 16160 10644 3198 45743 6837
internal_value=1.4298e-06 0.000304353 -0.000239655 -0.000149469 -9.06593e-05 0.000140776 8.48772e-05 -0.000810217 0.00021191 -0.000734848 -0.00123304 2.9262e-05 -0.00025366 -0.000548002
internal_weight=439348 194702 244645 211258 191978 146481 92435.5 33386.5 127074 19281 12772.5 58285.5 99542 20614
internal_count=439323 194687 244636 211250 191970 146474 92434 33386 127067 19280 12772 58284 99536 20614
is_linear=0
shrinkage=0.03


Tree=15
num_leaves=15
num_cat=0
split_feature=45 9 30 17 9 9 3 24 46 26 64 63 70 45
split_gain=33.7745 19.2017 18.1085 7.50695 6.65958 4.9695 4.93046 4.69761 3.58818 3.53906 3.15814 3.09462 3.04173 3.3533
threshold=-1.0000000180025095e-35 0.031778875738382346 0.52724999189376842 51.655000686645515 0.050959581509232528 0.021210201084613804 -0.006661500083282589 0.8087500035762788 0.65081697702407848 0.079344999045133605 0.88100481033325206 0.6585855782032014 -0.014856697991490362 -0.030996825546026226
decision_type=2 10 10 8 10 8 10 8 10 8 10 2 2 2
left_child=2 5 7 9 8 -2 12 -1 -5 -3 -7 -12 13 -4
right_child=1 3 6 4 -6 10 -8 -9 -10 -11 11 -13 -14 -15
leaf_value=0.00040247125132094149 0.00030835296784009395 -0.0016114845627834839 0.0034578072800964385 -0.00047319264764908127 -0.0014366962271585943 -3.4301243068081202e-05 0.00031536475690765087 -1.9744255938545178e-06 -0.001109250019581935 -0.00020636927705979416 -0.0010430015137834422 -0.00012863146739684791 0.00081912360287927357 0.0012677877882150133
leaf_weight=35096 36380 1665 764 38195.5 10599 86227 18289 98030 10093 47625 5898 7650 38639 3546
leaf_count=35094 36380 1665 764 38195 10599 86224 18284 98028 10093 47621 5897 7650 38634 3546
internal_value=5.93892e-06 -0.000228834 0.000301067 -0.000527189 -0.00075582 8.22596e-06 0.000727993 0.000104661 -0.000606239 -0.000253992 -0.000101216 -0.000526932 0.000903645 0.00165955
internal_weight=438696 244332 194364 108178 58887.5 136155 61238 133126 48288.5 49290 99775 13548 42949 4310
internal_count=438674 244324 194350 108173 58887 136151 61228 133122 48288 49286 99771 13547 42944 4310
is_linear=0
shrinkage=0.03


Tree=16
num_leaves=15
num_cat=0
split_feature=45 79 24 9 30 17 46 54 51 20 9 53 24 13
split_gain=30.8198 20.6854 17.1621 11.6508 7.36806 7.07903 4.41538 4.40338 4.13202 3.72687 3.83126 3.88654 3.66195 3.56478
threshold=-1.0000000180025095e-35 646.50000000000011 0.96825000643730175 0.03629774414002896 0.49275000393390661 45.73500061035157 0.58132109045982372 0.0017008451977744701 0.33285437524318701 -0.021304999478161332 0.025134735740721229 0.0051957571413367995 1.1485000252723696 0.41661630570888525
decision_type=2 8 8 8 8 8 10 2 10 10 10 2 10 8
left_child=2 3 4 7 -1 -5 -7 -2 -4 10 -3 -12 -8 -6
right_child=1 9 8 5 13 6 12 -9 -10 -11 11 -13 -14 -15
leaf_value=0.00023370355276894396 -0.00019245899069589165 -0.00026785690682259132 3.9299764737192928e-05 1.9241523036472038e-05 0.00061755989298025208 -0.00051575827247949887 -0.0016173045870994766 0.00013763439451872208 -0.00082696258694386654 0.0010989100155995631 -0.0013047180824935455 0.00032985753032296162 -0.00039037562714021448 0.0011258113277401111
leaf_weight=39485 57705 4760.5 87562 18112 45141 31690 7002 98358 5248 748 21291.5 1393 3190 17149.5
leaf_count=39485 57704 4760 87560 18112 45136 31690 7002 98357 5248 748 21285 1393 3190 17143
internal_value=3.64335e-06 -0.000220755 0.000285314 -0.000121015 0.00055435 -0.000476309 -0.000690588 1.55786e-05 -9.7255e-06 -0.000984956 -0.00104194 -0.00120429 -0.00123367 0.000757568
internal_weight=438836 244250 194586 216057 101776 59994 41882 156063 92810 28193 27445 22684.5 10192 62290.5
internal_count=438813 244241 194572 216055 101764 59994 41882 156061 92808 28186 27438 22678 10192 62279
is_linear=0
shrinkage=0.03


Tree=17
num_leaves=15
num_cat=0
split_feature=45 30 18 63 64 19 22 20 20 76 51 68 31 30
split_gain=29.6252 17.9704 12.0549 5.63163 5.46907 4.63236 4.19847 3.96378 3.91135 4.14917 3.77786 3.66109 3.32466 3.28568
threshold=-1.0000000180025095e-35 0.55075001716613781 0.064015001058578505 0.082158692181110396 0.92688494920730602 0.36484999954700476 0.59305000305175792 -0.27875000238418574 -0.043294999748468392 1.0000000180025095e-35 0.1147480718791485 0.0019813758553937082 0.80134999752044689 0.63214999437332164
decision_type=2 10 8 2 10 10 10 8 10 2 10 2 8 10
left_child=1 5 4 -4 6 7 11 -1 -5 -10 -9 -2 -7 -3
right_child=2 13 3 8 -6 12 -8 10 9 -11 -12 -13 -14 -15
leaf_value=-0.00012098193403130418 -0.00033251411796658112 0.000619544485150551 -0.0016794842716810283 -0.00065332890779973686 -0.00065435410172245425 -0.0016941843433600182 0.00021112455725177631 0.00041335250560935622 0.001636693852465357 -0.0002619411155051287 4.0964241199064136e-05 1.6330902851901725e-05 -0.00024407402538541235 0.0011494572591987501
leaf_weight=31697 45370 33603 3679 41718 13431 1647 47849.5 60780 1077 24337 41097 67139 10282 15354.5
leaf_count=31695 45368 33594 3679 41718 13431 1647 47849 60777 1077 24337 41096 67134 10282 15354
internal_value=1.23213e-05 0.000288695 -0.0002074 -0.000537327 -7.29594e-05 0.000121398 -2.42452e-05 0.000171988 -0.000474613 -0.000181174 0.000263141 -0.000124352 -0.000444912 0.000785841
internal_weight=439061 194460 244600 70811 173790 145503 160358 133574 67132 25414 101877 112509 11929 48957.5
internal_count=439038 194445 244593 70811 173782 145497 160351 133568 67132 25414 101873 112502 11929 48948
is_linear=0
shrinkage=0.03


Tree=18
num_leaves=15
num_cat=0
split_feature=45 9 30 53 21 19 26 24 13 9 24 60 73 26
split_gain=28.1962 17.5363 14.5821 6.08816 6.70881 5.00003 4.76416 4.17283 4.13639 3.84313 3.7914 3.62619 3.51157 3.37319
threshold=-1.0000000180025095e-35 0.030915866605937484 0.49975000321865087 0.0037545531522482638 0.58765000104904186 0.37385000288486486 0.18534999340772632 1.016499996185303 0.30612370371818548 0.024942187592387203 0.85084998607635509 0.91142535209655773 2.5000000000000004 0.093374997377395644
decision_type=2 10 10 2 8 10 8 10 8 10 8 2 2 8
left_child=2 9 5 4 8 11 -6 -4 13 -2 -5 -1 -12 -3
right_child=1 3 7 10 6 -7 -8 -9 -10 -11 12 -13 -14 -15
leaf_value=0.00015502703956198058 0.00017010688724540594 -0.0011575507031344754 0.00071590900233331034 -0.00057971672752820367 -0.001784207089421772 -0.00057192950765255139 -0.00067937720378395574 0.00019428338754253917 -0.0001980083859524958 -0.00015913133523692735 0.00091250612884526898 -0.00069532284241650803 -0.00021219498588302476 -0.00052468834173948669
leaf_weight=104092 70895.5 9097 57517 5321 6383 10343 7827 18166 31389 58015.5 5580 4713 4518 45501
leaf_count=104088 70895 9097 57505 5321 6383 10343 7827 18166 31388 58013 5580 4713 4518 45498
internal_value=-4.14358e-06 -0.000218664 0.000265094 -0.00048692 -0.000572316 5.8236e-05 -0.00117611 0.000590726 -0.000472472 2.19351e-05 6.8012e-05 0.000118163 0.000409442 -0.000630231
internal_weight=439358 244527 194831 115616 100197 119148 14210 75683 85987 128911 15419 108805 10098 54598
internal_count=439335 244520 194815 115612 100193 119144 14210 75671 85983 128908 15419 108801 10098 54595
is_linear=0
shrinkage=0.03


Tree=19
num_leaves=15
num_cat=0
split_feature=45 79 30 15 52 24 13 53 6 51 50 14 67 11
split_gain=28.272 17.3682 13.5927 9.18023 5.02771 5.00609 4.88056 3.60315 3.36381 3.35069 3.49067 3.30632 3.78684 3.21944
threshold=-1.0000000180025095e-35 75.500000000000014 0.55215001106262218 0.12574999779462817 2.1762959957122807 0.96825000643730175 0.35321648418903356 -0.0025795127730816598 -0.00071950000710785378 0.32365222275257116 -0.012636557221412657 -0.051814999431371682 -0.023659475147724148 0.52285581827163707
decision_type=2 8 10 8 8 8 8 2 10 10 2 8 2 10
left_child=2 3 5 7 -5 -1 13 -2 -4 10 -7 -11 -13 -3
right_child=1 6 8 4 -6 9 -8 -9 -10 11 -12 12 -14 -15
leaf_value=0.00031625055567537644 -0.00031806281193087136 -0.0011175297323460856 0.00082001844508792956 -0.00047008504312860282 -0.0017117295218423137 0.0013528931497652334 -0.00024937967225288334 3.6544921848628731e-05 0.00018027214021283579 0.00073656921076256936 -1.8269993197362228e-05 -0.0060674109152878504 -0.00098958622663437856 -0.00036355571005428886
leaf_weight=64267.5 31432.5 24996.5 39077 22633 3369 1704 11863 143516 9128 1032 75122.5 132 3974 6410
leaf_count=64263 31431 24991 39072 22633 3369 1704 11863 143516 9123 1032 75120 132 3974 6410
internal_value=-7.86009e-06 -0.000222758 0.000262058 -0.000105353 -0.000631259 0.000118033 -0.00076793 -2.71737e-05 0.000698909 -3.73976e-05 1.22283e-05 -0.000778724 -0.00116001 -0.000963728
internal_weight=438657 244220 194437 200950 26002 146232 43269.5 174948 48205 81964.5 76826.5 5138 4106 31406.5
internal_count=438633 244213 194420 200949 26002 146225 43264 174947 48195 81962 76824 5138 4106 31401
is_linear=0
shrinkage=0.03


Tree=20
num_leaves=15
num_cat=0
split_feature=45 24 32 18 13 74 18 63 56 20 19 55 14 24
split_gain=22.9748 14.2575 13.0437 8.18957 5.21191 5.03198 4.36809 3.96633 3.85516 3.8166 4.37834 3.72386 3.66559 3.44149
threshold=0.00076097896089777361 0.93524998426437389 inf 0.070244997739791884 0.2500003874301911 1.0000000180025095e-35 0.18714999407529834 0.20107257366180423 0.015672802925109867 -0.27875000238418574 0.45084999501705175 0.32668702304363256 -0.076624996960163103 0.66324999928474437
decision_type=2 8 8 10 8 2 10 2 2 8 10 2 8 10
left_child=1 6 3 8 12 7 11 -5 -2 -3 -11 -1 -4 -13
right_child=2 9 4 5 -6 -7 -8 -9 -10 10 -12 13 -14 -15
leaf_value=0.00021825264975468072 7.6549174579489633e-05 -0.00034071840368960925 0.00057873638676661586 -0.0013501004945713514 -0.00029435292433719441 0.001049112556620519 -0.00060775571602629855 -0.00041739182854150778 -0.00047001416507976262 0.00013190277353458237 -0.00082394518086650176 0.00084007607294862667 -0.00097350401491831196 0.00042296387528634806
leaf_weight=29011.5 120847 25969.5 1437 4623 23140.5 1914 3275 36314 12844.5 75847.5 4568 33959.5 27787.5 37456.5
leaf_count=29005 120847 25967 1437 4623 23138 1914 3275 36314 12843 75846 4568 33955 27781 37454
internal_value=-7.09052e-06 0.000219448 -0.000215004 -9.16614e-05 -0.000630791 -0.000452545 0.000469755 -0.000522874 2.40221e-05 -2.45581e-05 7.7558e-05 0.000504922 -0.000897093 0.000621353
internal_weight=438995 210088 228908 176542 52365 42851 103702 40937 133692 106385 80415.5 100428 29224.5 71416
internal_count=438967 210070 228897 176541 52356 42851 103689 40937 133690 106381 80414 100414 29218 71409
is_linear=0
shrinkage=0.03


Tree=21
num_leaves=15
num_cat=0
split_feature=45 32 24 30 15 80 49 68 13 53 52 52 19 10
split_gain=23.0958 13.7678 12.8456 6.72851 6.06418 5.75959 3.9059 3.88938 3.24808 3.36674 3.20137 3.11886 2.99018 2.97923
threshold=0.0004626013978850097 -0.087384998798370347 1.0314999818801882 0.50405001640319835 0.11704999953508378 7.5000000000000009 0.73334375023841869 0.0011409795843064787 0.5542925000190736 0.0070922910235822209 3.1206717491149907 3.3045619726181035 0.17044999450445178 -0.035141803324222558
decision_type=2 10 10 10 10 8 8 2 8 2 10 10 10 10
left_child=2 5 3 12 7 -2 10 -3 9 -5 -7 -6 -1 -4
right_child=1 4 13 8 11 6 -8 -9 -10 -11 -12 -13 -14 -15
leaf_value=0.00033902392118122341 0.00017142408981851722 -0.00023700565989502308 0.00072241413859154633 0.00059547298729739921 -0.00042731217433533003 -0.00084629416743581005 -0.00037940504421432424 9.2320887336490198e-05 0.0012090164254577359 -0.001258908114615531 -0.0019701200197542752 -0.0018136271194219629 -0.00011595257293771897 -0.00010444411225303275
leaf_weight=45131.5 7293 46024.5 4128 51415.5 22647 28349.5 17869 108006 8110.5 892 2480 1557 18257 76749.5
leaf_count=45129 7293 46024 4128 51410 22647 28341 17868 108006 8107 892 2480 1557 18257 76747
internal_value=-9.48499e-07 -0.000204381 0.000231845 0.000423926 -7.54599e-05 -0.000614725 -0.000732462 -6.08678e-06 0.000650449 0.000563733 -0.000937002 -0.000516847 0.000207984 -6.21991e-05
internal_weight=438910 234226 204684 123806 178234 55991.5 48698.5 154030 60418 52307.5 30829.5 24204 63388.5 80877.5
internal_count=438886 234216 204670 123795 178234 55982 48689 154030 60409 52302 30821 24204 63386 80875
is_linear=0
shrinkage=0.03


Tree=22
num_leaves=15
num_cat=0
split_feature=45 79 18 51 9 21 70 60 9 20 21 53 10 13
split_gain=21.6471 16.9362 9.70642 8.42968 6.59591 4.89565 5.15491 4.23612 4.01441 3.81856 3.81079 4.50928 3.31519 3.30304
threshold=-0.0001461454157833941 719.50000000000011 0.070244997739791884 0.10195656865835191 0.035118546336889274 0.35035000741481787 -0.0037708232412114735 0.9035310447216035 0.02167436666786671 -0.021304999478161332 0.52625000476837169 0.0038353611016646032 -0.040225867182016366 0.28571453690528875
decision_type=2 8 8 10 10 8 2 2 10 10 10 2 10 8
left_child=3 2 8 5 -4 6 -1 12 -2 10 -3 -12 -5 -10
right_child=1 9 4 7 -6 -7 -8 -9 13 -11 11 -13 -14 -15
leaf_value=0.0008843128502905611 0.00030463292015411208 -0.0007862908559787662 -0.00014404220330893844 0.00090224312129834219 -0.00080321811150373395 0.00011693176800767826 0.00035810009649055142 -0.00076251847705498276 -0.00018954648293260403 0.0013245951466026445 -0.0021068887793126343 0.00075432995707792297 3.2552203830286724e-05 0.00011772367987071857
leaf_weight=27144 34167 22353 29921 4147 25141 32946 43796.5 5796 75230 679 3912 565 79042.5 54141.5
leaf_count=27141 34167 22345 29921 4147 25141 32945 43789 5796 75229 679 3912 565 79039 54141
internal_value=-2.36622e-06 -0.00018886 -0.000100568 0.000235603 -0.000445064 0.000419154 0.000559493 2.13047e-05 1.54314e-05 -0.000890332 -0.000946622 -0.00174536 7.5958e-05 -6.09555e-05
internal_weight=438982 246110 218600 192872 55062 103886 70940.5 88985.5 163538 27509 26830 4477 83189.5 129372
internal_count=438957 246100 218599 192857 55062 103875 70930 88982 163537 27501 26822 4477 83186 129370
is_linear=0
shrinkage=0.03


Tree=23
num_leaves=15
num_cat=0
split_feature=45 79 30 64 18 54 24 16 10 63 39 54 20 53
split_gain=20.2601 14.0166 11.5594 8.01553 5.19517 5.10835 5.01929 5.18584 3.8672 3.61229 3.44353 3.24182 3.16663 3.10325
threshold=-1.0000000180025095e-35 719.50000000000011 0.57954999804496776 0.91946139931678783 0.09271500259637834 0.0030162810580804948 1.3364999890327456 0.25695000588893896 -0.04546507075428962 0.15349856764078143 0.1046000011265278 0.011293898336589338 -0.086714997887611375 0.0036521442234516148
decision_type=2 8 10 10 8 2 10 10 10 2 10 2 8 2
left_child=2 3 6 4 5 -2 7 -1 -8 -5 -10 12 13 -3
right_child=1 11 -4 9 -6 -7 8 -9 10 -11 -12 -13 -14 -15
leaf_value=0.00027909275270730712 -0.00012809458160388933 -0.0012349414823624185 0.00072368812693803701 -0.0015619203575296793 -0.00038293933260409314 0.00020886967096816396 0.0015190301083529037 -0.00030008519517390705 -0.00031912628724782918 -0.0004875965066749383 0.0015795257172728817 0.00096781119684074906 -0.00037591557769316554 -3.3571090156439756e-05
leaf_weight=110720 87601.5 16468.5 34739 3354 33422 75283 1124 15909 31425.5 17518 879 878 7868 2193
leaf_count=110710 87601 16462 34733 3354 33422 75283 1124 15909 31425 17518 879 878 7868 2193
internal_value=-5.88325e-07 -0.000182387 0.000227677 -0.000101701 -4.22647e-05 2.76473e-05 0.000120003 0.000206319 -0.000206949 -0.000660566 -0.000267228 -0.000821618 -0.000881011 -0.00109381
internal_weight=439382 244586 194796 217178 196306 162884 160058 126629 33428.5 20872 32304.5 27407.5 26529.5 18661.5
internal_count=439359 244579 194780 217178 196306 162884 160047 126619 33428 20872 32304 27401 26523 18655
is_linear=0
shrinkage=0.03


Tree=24
num_leaves=15
num_cat=0
split_feature=45 21 24 18 32 51 52 54 67 54 10 45 67 51
split_gain=17.8892 12.0832 10.9501 5.18667 4.56695 3.85623 3.8007 3.68705 3.83562 3.42811 3.38969 3.38908 4.15681 3.3312
threshold=-1.0000000180025095e-35 0.32995000481605535 0.9556500017642976 0.054434999823570258 inf 0.099101044237613692 6.1299695968627939 0.0022229132009670143 -0.001826105057261884 0.005544735351577402 -0.038373600691556924 -0.0110066095367074 -0.0029637994011864062 0.33285437524318701
decision_type=2 8 8 10 8 10 8 2 2 2 8 2 2 10
left_child=2 4 5 9 7 11 -5 -2 -9 -3 -4 -1 -13 -12
right_child=1 3 10 6 -6 -7 -8 8 -10 -11 13 12 -14 -15
leaf_value=0.0010969789833448094 -0.00010183049018647113 -0.00038518578640688706 0.0008402069991266908 -0.00065298255424022509 -0.00036933353452236697 0.00021316054396820601 -0.0024312251317173978 -0.00015003025689540306 0.00036797085192451776 0.0001374399252580462 -9.6360942163167608e-06 0.00015384849944105378 0.00071951158909023692 -0.00083201860243596528
leaf_weight=9941 55267 46018.5 3998 36091 24607 41124 1111 17516 48424 14967 86648.5 19749.5 28664.5 4667
leaf_count=9939 55266 46013 3998 36091 24604 41120 1111 17516 48424 14967 86645 19746 28662 4667
internal_value=1.1537e-06 -0.000169995 0.000215537 -0.000427254 3.24627e-06 0.000435697 -0.000706408 7.88982e-05 0.00023037 -0.000256923 -1.42558e-05 0.000592491 0.000488801 -5.17101e-05
internal_weight=438794 244002 194792 98187.5 145814 99479 37202 121207 65940 60985.5 95313.5 58355 48414 91315.5
internal_count=438769 243992 194777 98182 145810 99467 37202 121206 65940 60980 95310 58347 48408 91312
is_linear=0
shrinkage=0.03


Tree=25
num_leaves=15
num_cat=0
split_feature=45 9 24 32 53 54 15 54 12 27 67 21 10 73
split_gain=17.4923 13.257 9.38591 5.85968 4.99048 4.24554 4.23592 4.21216 3.78816 3.69239 3.44206 3.28895 2.9979 3.42727
threshold=-1.0000000180025095e-35 0.031778875738382346 0.9556500017642976 -0.087384998798370347 0.0036521442234516148 0.0022536036558449273 0.18924999982118609 0.00295763579197228 0.53129756450653087 22.035000801086429 -0.0034895522985607381 0.60925000905990612 -0.035141803324222558 1.0000000180025095e-35
decision_type=2 10 8 10 2 2 10 2 10 10 2 10 8 2
left_child=2 5 6 4 9 -2 8 -5 10 11 -1 -3 13 -4
right_child=1 3 12 7 -6 -7 -8 -9 -10 -11 -12 -13 -14 -15
leaf_value=0.0003087989730672515 -0.0001463261537232145 -0.00088940710993412576 -0.00061146989174406315 -0.00050172196664875226 0.00014694159284430741 0.0001893467974323093 -0.00048450807937158719 -4.687733926335947e-05 -4.0948768218172766e-05 -0.00010198872082728588 0.00069963148467780401 -0.0018911961982702977 -3.5278076439215353e-05 0.0011979865508445235
leaf_weight=35109.5 63615 21476 1270 34647.5 4940 72614.5 4437 38890 11742 4598 48055 3421 90088 3615
leaf_count=35102 63614 21472 1270 34647 4940 72609 4437 38890 11742 4598 48050 3421 90085 3615
internal_value=4.82881e-06 -0.000164187 0.000217234 -0.000412462 -0.000735407 3.25982e-05 0.000421087 -0.000261199 0.000463448 -0.000883188 0.000534662 -0.00102741 3.98808e-06 0.000727421
internal_weight=438518 244202 194316 107972 34435 136230 99343.5 73537.5 94906.5 29495 83164.5 24897 94973 4885
internal_count=438492 244191 194301 107968 34431 136223 99331 73537 94894 29491 83152 24893 94970 4885
is_linear=0
shrinkage=0.03


Tree=26
num_leaves=15
num_cat=0
split_feature=45 79 30 18 60 55 18 52 44 20 58 20 76 21
split_gain=17.9061 12.5931 11.304 8.67244 5.33901 4.43994 4.20969 4.08469 4.04264 4.00189 4.08091 3.95018 3.87761 3.81441
threshold=0.00076097896089777361 115.50000000000001 0.61594998836517345 0.070244997739791884 0.45168364048004156 0.35746736824512487 0.11765000224113466 3.3045619726181035 0.0090172551572322863 -0.022265000268816944 0.010771177709102632 -0.27875000238418574 1.0000000180025095e-35 0.29334999620914465
decision_type=2 8 10 8 2 2 10 10 2 10 2 10 2 10
left_child=2 3 4 5 -1 8 11 12 -2 10 13 -6 -5 -3
right_child=1 9 -4 7 6 -7 -8 -9 -10 -11 -12 -13 -14 -15
leaf_value=0.00026018280864810331 -0.00017462460108407174 -0.00061399879694118192 0.00082747610429849199 0.00091038771385547443 -0.00035366647115181075 8.9089848853244857e-05 -0.00065689507096262825 -0.0014439096288674656 -0.0011954800689371859 0.00090027587682253631 -0.00039693671337310659 0.00013933995542750476 -0.00043079415472423258 -0.0014526834730377411
leaf_weight=101528.5 18622 9211 22277.5 2027 19668.5 121711 9486 3429 4292.5 1327 14629 57017 43096 10406
leaf_count=101517 18622 9208 22276 2027 19668 121711 9486 3429 4291 1327 14629 57015 43096 10402
internal_value=-1.1411e-05 -0.000195033 0.000188628 -9.95058e-05 0.000112785 1.69629e-05 -6.08867e-05 -0.000446406 -0.000366077 -0.000713702 -0.000776365 1.28775e-05 -0.000370452 -0.00105914
internal_weight=438728 228750 209978 193178 187700 144626 86171.5 48552 22914.5 35573 34246 76685.5 45123 19617
internal_count=438704 228742 209962 193176 187686 144624 86169 48552 22913 35566 34239 76683 45123 19610
is_linear=0
shrinkage=0.03


Tree=27
num_leaves=15
num_cat=0
split_feature=79 45 9 30 64 13 11 30 64 56 45 14 24 68
split_gain=18.4686 12.7345 11.7826 8.49142 7.1783 6.5604 5.50533 5.22317 3.63078 3.60644 3.5627 3.53397 3.52444 3.24987
threshold=719.50000000000011 -0.0033712225267663594 0.02464849874377251 0.63464999198913585 0.83488404750823986 0.32804831862449652 0.50000023841857921 0.36885000765323644 0.66731771826744091 -0.016186803579330441 -0.026681890711188313 0.11134999990463258 0.66824999451637279 0.0042841462418437013
decision_type=8 2 10 10 8 8 10 8 10 2 2 8 8 2
left_child=1 3 -3 7 11 6 10 -1 -8 -6 -2 13 -9 -4
right_child=5 2 4 -5 9 -7 8 12 -10 -11 -12 -13 -14 -15
leaf_value=-9.8085762084570261e-05 0.00061043431223167669 0.00024019292360217255 -0.00017859088166741779 0.0012038803373485925 -0.0025371515734678991 -3.9744490508772669e-05 0.00065831254398200569 0.00069654379432938145 -0.00072817213272244438 -0.0005386994109370111 -0.0010833923097914194 -0.0008911068987170807 0.00025177359350902166 0.00012057737863857759
leaf_weight=30123 1168 83066 94226 8889.5 829 14630 3344 21207 3447 32505.5 24472.5 4932 65746.5 50026
leaf_count=30123 1168 83065 94226 8889 829 14627 3342 21200 3447 32504 24467 4932 65743 50026
internal_value=-5.66062e-06 6.18315e-05 -5.59958e-05 0.000310249 -0.000190797 -0.00056714 -0.000805008 0.000242348 -4.54623e-05 -0.000588772 -0.00100613 -0.000101855 0.000360282 -7.484e-05
internal_weight=438612 391550 265584 125966 182518 47061.5 32431.5 117076 6791 33334.5 25640.5 149184 86953.5 144252
internal_count=438588 391537 265582 125955 182517 47051 32424 117066 6789 33333 25635 149184 86943 144252
is_linear=0
shrinkage=0.03


Tree=28
num_leaves=15
num_cat=0
split_feature=9 64 17 61 26 71 9 9 71 30 46 64 53 30
split_gain=18.318 10.1104 7.64408 6.45693 6.07652 5.6089 4.00037 3.95638 3.88776 3.78586 3.46583 3.25666 3.17701 3.11089
threshold=0.036768091842532165 0.63597410917282116 37.555000305175788 0.3976902067661286 0.15474999696016314 -0.0043143671937286845 0.022434646263718609 0.050959581509232528 4.754705696541351e-05 0.51074999570846569 0.873822182416916 0.73766434192657482 -0.0016264670994132755 0.55625000596046459
decision_type=10 10 8 2 10 2 10 10 2 10 10 10 2 8
left_child=1 3 -2 8 5 -4 -5 -7 13 12 -11 -6 -3 -1
right_child=2 9 4 6 11 7 -8 -9 -10 10 -12 -13 -14 -15
leaf_value=0.00047045501568031148 0.00028161839535621031 -0.00050702136503831259 1.0789812243942071e-05 0.00036451780803456159 2.5428707917560416e-05 -0.00058823277102361773 -8.5118326046933393e-06 -0.0012157029665593403 0.00026326206141295767 0.00032309152489317798 -0.0003429733608546464 -0.00055091061850428484 -9.7383870416275256e-05 0.0010587165201394418
leaf_weight=22130 16569 25978 11280 36790 31279 41175.5 87168.5 11595 44747.5 25389 9718.5 12286 49514.5 12763.5
leaf_count=22128 16569 25977 11280 36789 31279 41175 87161 11595 44742 25388 9718 12286 49511 12760
internal_value=-9.70632e-06 0.000112211 -0.000318161 0.000237636 -0.000410515 -0.000596422 0.000102211 -0.000726206 0.000448401 -0.00011868 0.000138688 -0.000137152 -0.00023837 0.000685753
internal_weight=438384 314200 124184 203600 107616 64050.5 123958 52770.5 79641 110600 35107.5 43565 75492.5 34893.5
internal_count=438358 314174 124184 203580 107615 64050 123950 52770 79630 110594 35106 43565 75488 34888
is_linear=0
shrinkage=0.03


Tree=29
num_leaves=15
num_cat=0
split_feature=79 45 9 51 64 13 11 24 20 18 9 45 20 51
split_gain=17.857 12.8516 10.4467 7.11123 6.33 5.04362 4.8322 4.34846 4.07174 3.81329 4.35039 3.57592 3.3196 3.97644
threshold=732.50000000000011 -0.0030314257601276036 0.024942187592387203 0.10195656865835191 0.91946139931678783 0.3449684232473374 0.41501154005527502 0.80524998903274547 -0.27635000646114344 -0.073224999010562883 0.045006765052676208 -0.028656914830207821 -0.023295000195503231 0.23929693549871447
decision_type=8 2 10 10 10 8 10 8 8 8 10 2 8 10
left_child=1 3 8 7 9 6 11 -1 -3 -4 -11 -2 13 -8
right_child=5 2 4 -5 -6 -7 12 -9 -10 10 -12 -13 -14 -15
leaf_value=0.0008326874512795281 0.00082738077046187622 -0.00039875024798694491 0.00024600760771797476 9.900372447905757e-05 -0.00073870045752592775 -4.7305500572786593e-05 1.3636970707523641e-05 0.00033417514381468101 0.00029722058843836997 -0.00011210721075045496 -0.00060495243198282144 -0.0010197097284142412 0.0009090372802255548 -0.0016338106629934783
leaf_weight=26886.5 978 8396 22091 66325.5 16398 13223 4578 38032.5 76125 119896 18619 24193 2111 1847
leaf_count=26881 978 8396 22090 66323 16397 13221 4576 38031 76124 119896 18619 24189 2111 1847
internal_value=9.16792e-06 7.52553e-05 -4.63122e-05 0.00031749 -0.000177333 -0.000543884 -0.000738651 0.000540685 0.000228066 -0.000119996 -0.000178374 -0.000947792 -0.000121742 -0.000460858
internal_weight=439700 392770 261525 131244 177004 46930 33707 64919 84521 160606 138515 25171 8536 6425
internal_count=439679 392757 261522 131235 177002 46922 33701 64912 84520 160605 138515 25167 8534 6423
is_linear=0
shrinkage=0.03


Tree=30
num_leaves=15
num_cat=0
split_feature=9 45 45 24 26 79 17 18 26 79 46 54 51 14
split_gain=15.8217 9.73479 8.12991 7.48366 5.94097 5.33554 4.57258 3.533 3.45581 3.47209 3.43943 3.37566 3.3264 3.06837
threshold=0.036153299733996398 -0.0045134713873267165 0.00076097896089777361 1.016499996185303 0.095314998179674162 71.500000000000014 37.555000305175788 0.17445000261068347 0.23085000365972522 850.50000000000011 1.4724823832511904 0.0018747874419204893 0.14650925248861316 -0.10494999960064887
decision_type=10 2 2 10 10 8 10 10 10 8 10 2 10 10
left_child=2 7 3 12 -3 11 -6 -2 9 10 -8 -4 -1 -11
right_child=1 4 5 -5 6 -7 8 -9 -10 13 -12 -13 -14 -15
leaf_value=0.00052373219569726141 0.00019363251300429216 -0.0009926889008893974 -0.00015961647622003233 -8.1080215588070019e-06 0.00025083934870984603 -0.00047993581327859602 -0.00041872764716506018 -0.00064932717150539615 1.1321729206602667e-05 0.0031914173645822149 -0.0032277786996829406 0.00014670549586693932 9.1113075798537877e-05 -0.0012028187578092123
leaf_weight=73480.5 36916.5 15664 53160 56198 9887 21664.5 43374 5087 12229 141 391 82803 20449.5 7869
leaf_count=73469 36916 15664 53159 56196 9887 21660 43374 5087 12229 141 391 82803 20448 7868
internal_value=-9.97436e-06 -0.00028533 0.000107737 0.000265729 -0.000462057 -4.27424e-05 -0.00034951 9.14774e-05 -0.000442262 -0.000549387 -0.00044419 2.69356e-05 0.000429557 -0.00112352
internal_weight=439314 131558 307756 150128 89555 157628 73891 42003.5 64004 51775 43765 135963 93930 8010
internal_count=439292 131557 307735 150113 89554 157622 73890 42003 64003 51774 43765 135962 93917 8009
is_linear=0
shrinkage=0.03


Tree=31
num_leaves=15
num_cat=0
split_feature=79 45 13 9 51 14 12 21 6 21 54 64 10 51
split_gain=16.532 9.28779 8.4286 6.40286 5.90775 5.01881 4.36462 4.19495 3.64614 3.68671 3.55463 3.52303 3.45409 4.23119
threshold=89.500000000000014 -0.0015367306186817584 0.36155977845191961 0.023357570171356205 0.10263139382004739 0.10105000063776971 0.25925962626934057 0.32324999570846563 -0.0015364999999292193 0.2669499963521958 0.0035045807017013435 0.88505318760871898 0.0035110693424940114 0.19131868332624438
decision_type=8 2 8 10 10 8 10 10 10 8 2 10 10 10
left_child=1 4 6 -3 8 10 12 -8 9 -1 11 -5 -2 -14
right_child=2 3 -4 5 -6 -7 7 -9 -10 -11 -12 -13 13 -15
leaf_value=0.00084182377092041334 -0.00058945703172276465 0.00022569347813234574 0.00011440537514768698 -0.00014716866988838219 6.2671181768819868e-05 -0.00085102354785119162 -0.0005242934220904223 -0.0012630373673823035 5.8727095531683748e-05 0.000357074223712802 6.9789146641110623e-05 -0.00068316213632040588 0.00076557863278314397 -0.00066770388558789952
leaf_weight=24224 15028 57800 18592 81700 69625 8490 14160.5 13544 16914 33878 64145 12756.5 4622 3088
leaf_count=24221 15024 57800 18590 81700 69622 8490 14160 13541 16909 33877 64145 12755 4621 3088
internal_value=-5.45524e-06 7.41571e-05 -0.000431584 -4.64607e-05 0.000261692 -0.000140608 -0.000632815 -0.000885609 0.000446394 0.000559232 -0.000102553 -0.000219588 -0.000324679 0.000191461
internal_weight=438567 369532 69034.5 224892 144641 167092 50442.5 27704.5 75016 58102 158602 94456.5 22738 7710
internal_count=438543 369519 69024 224890 144629 167090 50434 27701 75007 58098 158600 94455 22733 7709
is_linear=0
shrinkage=0.03


Tree=32
num_leaves=15
num_cat=0
split_feature=9 79 20 18 52 65 65 59 8 58 21 54 64 64
split_gain=13.995 8.87495 6.23169 5.92324 5.04628 4.33638 4.31168 4.233 3.60853 3.15534 3.04752 3.04101 2.84556 2.8271
threshold=0.026510452851653103 615.50000000000011 -0.2841500043869018 0.071335002779960646 2.1212272644042973 0.15124001353979113 0.022249725647270683 2.8696192502975468 -0.001496499986387789 0.013337330892682077 0.57835000753402721 0.0035477154888212685 0.25681996345520025 0.92323201894760143
decision_type=10 8 8 8 10 10 10 10 10 2 10 2 10 10
left_child=2 3 -1 5 -5 12 -3 8 13 -10 -8 -7 -2 -4
right_child=1 6 7 4 -6 11 10 -9 9 -11 -12 -13 -14 -15
leaf_value=-0.00032630940808874947 0.00090364905544034195 0.00105487733254786 0.00046516632002071819 -0.00020480790005687128 -0.0010019419745090768 -0.00012586270658582443 -0.00049835603669703878 -0.00025096103618060334 8.9248905099753077e-05 -0.0022903565575115329 -0.0012389648459660678 0.00017026959512179567 0.00019370049991449101 -0.00018227125677222053
leaf_weight=16869.5 7104.5 1440 92036.5 64562.5 8033 98737 31691 12177 30123 505 5937 45628 17823 6496
leaf_count=16868 7104 1440 92032 64562 8033 98733 31684 12172 30123 505 5937 45628 17821 6496
internal_value=-7.06871e-06 -0.000134151 0.000218611 -6.63838e-05 -0.000293077 3.08319e-05 -0.000553669 0.00028366 0.000334071 4.96461e-05 -0.000615359 -3.22645e-05 0.000396181 0.000422475
internal_weight=439163 280956 158207 241888 72595.5 169292 39068 141338 129160 30628 37628 144365 24927.5 98532.5
internal_count=439138 280942 158196 241881 72595 169286 39061 141328 129156 30628 37621 144361 24925 98528
is_linear=0
shrinkage=0.03


Tree=33
num_leaves=15
num_cat=0
split_feature=9 17 64 13 5 64 20 12 50 50 70 32 9 50
split_gain=11.6649 7.22867 6.83202 5.55343 5.28039 5.05038 4.30686 3.97067 4.07611 3.90588 3.53979 3.48153 3.33968 3.11765
threshold=0.035118546336889274 37.555000305175788 0.63209992647171032 0.34236942231655126 0.32738099992275244 0.96499025821685802 -0.31845000386238093 0.45671063661575323 -0.011565884575247763 0.004611736861988903 0.002146458020433784 -0.061115000396966927 0.050959581509232528 0.004611736861988903
decision_type=10 8 10 8 10 10 8 10 2 2 2 10 10 2
left_child=2 -2 3 6 13 7 -1 8 -3 -7 -8 -4 -10 -5
right_child=1 5 11 4 -6 9 10 -9 12 -11 -12 -13 -14 -15
leaf_value=-0.00047685750164237924 0.00032985236450979631 0.00098019511387044834 -0.00042255939882032695 0.00063535079303628239 -3.3756724247615886e-05 -0.0017411134872998319 0.00026869740022842785 -0.00058507212630035598 -0.00010570107113189879 -7.9181682035532719e-05 -9.4093570356250329e-05 5.0433046019052077e-06 -0.00054894329132376392 -0.00046890653760227736
leaf_weight=10713 18828 2701 21556 49405.5 16395 3735 75763.5 26222.5 70808 1930 35564.5 83516.5 19512 2410
leaf_count=10712 18828 2701 21553 49401 16389 3735 75759 26221 70808 1930 35561 83515 19512 2410
internal_value=3.58535e-06 -0.000218059 0.000111463 0.000218694 0.000435487 -0.000300658 9.75122e-05 -0.00025905 -0.000167118 -0.00117548 0.000152802 -8.26969e-05 -0.000201481 0.00058395
internal_weight=439060 143736 295324 190252 68210.5 124908 122041 119244 93021 5665 111328 105072 90320 51815.5
internal_count=439035 143735 295300 190232 68200 124907 122032 119242 93021 5665 111320 105068 90320 51811
is_linear=0
shrinkage=0.03


Tree=34
num_leaves=15
num_cat=0
split_feature=45 30 9 53 54 20 12 54 5 23 13 9 44 57
split_gain=13.2225 9.05575 8.02081 5.8926 4.42901 3.69864 3.59761 3.33594 3.29303 3.2357 2.84855 2.77138 2.63313 2.62495
threshold=0.00085431145271286379 0.49975000321865087 0.031778875738382346 0.0037545531522482638 0.0050076465122401723 -0.31845000386238093 0.49999947845935827 0.00017627525085117671 0.32738099992275244 2.4314999580383305 0.41954928636550909 0.037095496430993087 -0.012223929166793822 0.0023900080705061559
decision_type=2 10 10 2 2 10 10 2 10 10 8 10 2 2
left_child=1 9 7 4 6 -3 -4 -2 10 13 -7 -8 -9 -1
right_child=2 5 3 -5 -6 8 11 12 -10 -11 -12 -13 -14 -15
leaf_value=9.681687270200516e-05 -0.00033094108241896766 -0.00027454275920094177 -0.00047744385417575186 0.00020573595545132374 -0.0001138220490376409 0.00045868464570719659 -0.00048070280960705138 -0.0014850935195589458 0.00015615215666828623 -0.0011989409693251357 0.00094405002758889871 -0.00142390332943609 8.4615734241458353e-05 -0.00023697012274384845
leaf_weight=99919.5 22876 6558 51573.5 14208 24948 39634 4591 966 21830 1966 15010 7226 101414 26911
leaf_count=99915 22875 6558 51572 14208 24948 39630 4590 966 21824 1966 15007 7225 101409 26911
internal_value=-5.87456e-06 0.00016474 -0.000164525 -0.000361257 -0.000452457 0.000409028 -0.00058571 -3.45395e-06 0.000467662 7.24353e-06 0.000592082 -0.00105782 6.9733e-05 2.59871e-05
internal_weight=439631 211828 227802 102546 88338.5 83032 63390.5 125256 76474 128796 54644 11817 102380 126830
internal_count=439604 211811 227793 102543 88335 83019 63387 125250 76461 128792 54637 11815 102375 126826
is_linear=0
shrinkage=0.03


Tree=35
num_leaves=15
num_cat=0
split_feature=45 9 24 66 30 58 44 9 46 31 53 12 3 24
split_gain=12.4829 8.9295 8.3021 5.12025 4.63198 4.3774 4.03634 3.23527 3.05812 2.93841 2.79746 2.78896 2.98159 2.73667
threshold=-0.0001461454157833941 0.025134735740721229 0.91535001993179332 0.70284366607666027 0.50124999880790722 0.01107146590948105 -0.012223929166793822 0.05041198059916497 0.8943750560283662 1.0335000157356264 0.0019211560720577838 0.45009627938270574 -8.1499998486833633e-05 1.4794999957084658
decision_type=2 10 8 8 8 2 2 10 10 10 2 10 10 10
left_child=2 -2 4 5 -1 7 -5 8 10 -8 -3 12 -6 -4
right_child=1 3 13 6 11 -7 9 -9 -10 -11 -12 -13 -14 -15
leaf_value=0.00011986424965608354 0.00012965537035868733 -0.00031577035291247349 6.7584606201667011e-05 -0.0019576043757692043 0.00077221521013192166 6.2634350026231304e-05 -0.00057994716740103415 -0.0010876546163038642 -0.001170938503092451 -8.5008047036043839e-05 0.0001881929936397604 0.00011678934244745552 0.00011416054568380154 -0.00031937065195713512
leaf_weight=36112 73549.5 44607 80984.5 1645 36852.5 49805 41752.5 4491 3097 14562.5 12741.5 10456 7451.5 20636.5
leaf_count=36112 73549 44606 80982 1644 36848 49805 41752 4491 3097 14561 12735 10456 7447 20636
internal_value=-5.68503e-06 -0.000147163 0.000175303 -0.000265053 0.00038364 -0.000148945 -0.000494877 -0.000311214 -0.00025344 -0.00045198 -0.000203795 0.000557562 0.000661562 -1.10075e-05
internal_weight=438744 246251 192493 172702 90872 114742 57960 64936.5 60445.5 56315 57348.5 54760 44304 101621
internal_count=438721 246240 192481 172691 90863 114734 57957 64929 60438 56313 57341 54751 44295 101618
is_linear=0
shrinkage=0.03


Tree=36
num_leaves=15
num_cat=0
split_feature=45 9 51 58 9 51 30 13 26 19 32 16 49 12
split_gain=12.4006 12.4445 7.29725 6.61823 6.38895 4.74405 4.69787 3.67944 3.56444 3.18117 2.96815 2.92275 2.7632 2.62672
threshold=-0.0030314257601276036 0.040826991200447089 0.042665820568799979 0.010706745088100435 0.021559095010161403 0.33285437524318701 0.49275000393390661 0.26272976398468023 0.14134999364614489 0.29934999346733099 0.15805000066757205 -0.13004999607801435 0.68078824877738964 0.60000121593475353
decision_type=2 10 10 2 8 10 10 10 10 10 8 8 8 10
left_child=2 4 -1 8 -2 7 9 10 13 -4 -6 -5 -7 -3
right_child=1 3 6 11 5 12 -8 -9 -10 -11 -12 -13 -14 -15
leaf_value=0.00078942126237343331 0.00027035159515110743 -0.0010829285193892093 7.6441424071108872e-05 0.00020563933047006887 -0.00010565430113108963 -0.0010450378309880964 0.00037879001205560006 8.4478465884933035e-05 -0.00043972350826378939 -0.00046356388405534196 -0.00052243591933323716 -0.00043094873386868778 -0.00022324515483055824 -0.0024237680014199069
leaf_weight=17583 50820 12266 70794.5 8880 72763 7210 46528 79752 8298 11394 19496 24098 7528 1473
leaf_count=17580 50819 12265 70791 8880 72763 7210 46520 79750 8298 11394 19489 24098 7528 1473
internal_value=-9.25783e-06 -0.00012202 0.000216251 -0.000528572 -2.78631e-05 -0.000109021 0.000137926 -6.47528e-05 -0.000931039 1.55547e-06 -0.000193751 -0.000259529 -0.000625494 -0.00122751
internal_weight=438884 292584 146300 55015 237569 186749 128716 172011 22037 82188.5 92259 32978 14738 13739
internal_count=438858 292573 146285 55014 237559 186740 128705 172002 22036 82185 92252 32978 14738 13738
is_linear=0
shrinkage=0.03


Tree=37
num_leaves=15
num_cat=0
split_feature=45 79 24 18 54 51 18 8 9 20 58 10 51 13
split_gain=12.2908 10.5015 7.40638 6.07075 5.43736 4.56526 3.17357 3.0922 3.00584 2.98632 3.97939 2.93588 4.0724 2.89423
threshold=-0.0014287977828644214 732.50000000000011 0.8388500213623048 0.066014997661113753 0.0022536036558449273 0.36779321730136877 0.18714999407529834 -0.001913500018417835 0.048415897414088256 -0.086714997887611375 0.010723556391894819 -0.040225867182016366 0.33285437524318701 0.5592656433582307
decision_type=2 8 8 8 2 10 10 10 10 8 2 8 10 8
left_child=2 3 6 4 -2 8 7 13 -5 10 -3 -4 -13 -1
right_child=1 9 11 5 -6 -7 -8 -9 -10 -11 -12 12 -14 -15
leaf_value=0.00048653950555734119 -0.00015649420992203906 -0.0012263941331983345 0.00083600168629877926 -0.00014712348670155927 0.00018005287363020812 -0.0010764465054516029 -0.00065662583454203778 -1.5830682762963411e-05 -0.00080020237166190033 -0.00019753847518349127 -0.00038346850173217315 5.2353545554071189e-05 -0.00078292059316757972 0.0011559817721268947
leaf_weight=48486.5 79167 11712.5 3987 49715 95102 6380 2284 9628 7266 8591 8857 95832 5553 6603.5
leaf_count=48482 79166 11707 3987 49715 95102 6380 2284 9623 7266 8591 8857 95827 5553 6602
internal_value=-2.63809e-06 -0.000130207 0.000194804 -6.42668e-05 2.7166e-05 -0.000315727 0.000441399 0.000480198 -0.000230465 -0.000667453 -0.000863621 3.79898e-05 6.56805e-06 0.000566881
internal_weight=439164 266790 172374 237630 174269 63361 67002 64718 56981 29160.5 20569.5 105372 101385 55090
internal_count=439142 266784 172358 237629 174268 63361 66991 64707 56981 29155 20564 105367 101380 55084
is_linear=0
shrinkage=0.03


Tree=38
num_leaves=15
num_cat=0
split_feature=79 45 30 9 21 53 13 11 17 64 51 10 26 68
split_gain=13.0215 8.60652 7.09824 6.25436 4.40968 4.41191 4.15163 4.71301 4.01738 3.73425 3.2074 3.56647 3.13905 3.05834
threshold=719.50000000000011 -0.0016389462980441747 0.59095001220703136 0.027973058633506302 0.52625000476837169 0.0037545531522482638 0.2500003874301911 0.50770550966262828 36.604999542236335 0.91946139931678783 0.099101044237613692 -0.040225867182016366 0.1244499981403351 0.0011409795843064787
decision_type=8 2 10 10 10 2 8 10 8 10 10 10 10 2
left_child=1 2 10 13 6 -6 7 -2 -5 12 -1 -12 -10 -3
right_child=4 3 -4 8 5 -7 -8 -9 9 -11 11 -13 -14 -15
leaf_value=0.00030553068946053487 -0.00085251518639830996 -0.00010789790887869397 0.00071276444462432473 0.00028965657561966153 -0.0013353483644893101 0.0010015538482498008 1.0814844075379333e-05 0.00019027732412371957 -0.00037257919181151009 -0.00075368959248148367 0.00095900261249249848 -4.4929221047698195e-05 -4.6884178412479845e-05 0.00022998570072499386
leaf_weight=59579 16907.5 36624 23419.5 13885 7369 803 17143 5068 48463.5 11895 3344 64923.5 59121 70541
leaf_count=59573 16902 36624 23416 13885 7369 803 17140 5068 48463 11894 3344 64921 59121 70541
internal_value=-1.39665e-06 5.53643e-05 0.000232665 -5.61401e-05 -0.00047161 -0.00110525 -0.000339117 -0.000612037 -0.000193268 -0.000249399 0.000144693 4.31378e-06 -0.00019361 0.000114513
internal_weight=439086 391796 151266 240530 47290.5 8172 39118.5 21975.5 133364 119480 127846 68267.5 107584 107165
internal_count=439064 391782 151254 240528 47282 8172 39110 21970 133363 119478 127838 68265 107584 107165
is_linear=0
shrinkage=0.03


Tree=39
num_leaves=15
num_cat=0
split_feature=9 12 61 20 15 30 9 26 51 3 57 25 55 51
split_gain=10.377 6.54433 5.5739 5.49715 5.26103 4.19857 3.13602 3.86058 3.0179 3.05967 3.00783 2.57848 2.57977 2.54422
threshold=0.025332295335829261 0.45671063661575323 0.79642012715339672 -0.24135000258684156 0.12574999779462817 0.61594998836517345 0.040826991200447089 0.15405000001192096 0.21164927631616595 -0.0014385000104084609 0.00018757478392217311 -0.097789999097585664 0.18278816342353824 1.2069323062896731
decision_type=10 10 2 8 8 10 10 8 10 10 2 8 2 10
left_child=3 2 4 -1 5 13 -3 -8 9 11 -6 -5 -13 -2
right_child=1 6 -4 8 10 -7 7 -9 -10 -11 -12 12 -14 -15
leaf_value=-0.0002097236987916508 8.7711522955646195e-05 -0.00023289824362713869 -0.00029762350648155809 -0.0027423082635556636 1.3834835567525077e-05 0.00065863760829154452 -0.0011309664724160238 -0.00026452559160824627 -8.0189375554714715e-05 6.7628563990442737e-05 -0.00056082501350785969 -0.00038149223935337136 0.00050437034413446417 -0.0018110768808392067
leaf_weight=22669.5 140285.5 44434.5 52871.5 221 15374 12223 9251 9265 16031 23833.5 17555 3083 71421 633
leaf_count=22669 140275 44433 52869 221 15374 12223 9250 9265 16031 23832 17555 3083 71417 633
internal_value=8.16998e-07 -9.75146e-05 -2.58181e-05 0.000217087 5.14207e-05 0.000125393 -0.00036963 -0.000697607 0.000301529 0.000363618 -0.000292565 0.000458013 0.00046769 7.91183e-05
internal_weight=439152 301892 238942 137259 186070 153142 62950.5 18516 114590 98558.5 32929 74725 74504 140918
internal_count=439130 301877 238929 137253 186060 153131 62948 18515 114584 98553 32929 74721 74500 140908
is_linear=0
shrinkage=0.03


Tree=40
num_leaves=15
num_cat=0
split_feature=79 60 30 13 61 11 52 12 71 54 49 1 50 20
split_gain=10.1232 6.89016 7.02425 4.97426 4.74339 4.70382 4.45146 3.91589 3.71879 3.97163 3.59909 3.55999 3.3488 3.06385
threshold=719.50000000000011 0.8997991979122163 0.61594998836517345 0.29268296062946325 0.57659474015235912 0.50000023841857921 2.5343673229217534 0.56911876797676098 -0.010400276631116865 0.0028371773660182957 0.87557780742645275 -0.017475999891757962 0.0090732695534825342 -0.078184999525547014
decision_type=8 2 10 8 2 10 10 10 2 2 8 10 2 8
left_child=1 2 4 5 7 -2 -3 -1 -6 -10 11 -8 -11 -5
right_child=3 6 -4 13 8 -7 10 -9 9 12 -12 -13 -14 -15
leaf_value=0.00019094661128935377 -0.00085116557846700626 -0.0001724070188497589 0.00048496034682540102 -0.00026649826445446754 0.00052586472972557751 5.3032664541228594e-05 -0.0015610804161372224 -0.00026789947984582024 -0.00026021957735517491 0.00012769905623464682 0.00062843515960185831 0.00018544091004072332 -0.0011021028198866772 0.00062100439579088529
leaf_weight=161244.5 23454 28990 35727.5 12107.5 8305 6644 5533 18674 80271.5 49158 1084 1295 2072 4919
leaf_count=161235 23450 28990 35725 12105 8305 6642 5533 18674 80268 49158 1084 1295 2072 4919
internal_value=-4.36776e-06 4.55334e-05 8.60418e-05 -0.000419801 4.1458e-05 -0.000651592 -0.000344617 0.000143316 -8.96248e-05 -0.000128515 -0.000975095 -0.00122994 7.7857e-05 -9.98941e-06
internal_weight=439479 392354 355452 47124.5 319725 30098 36902 179918 139806 131502 7912 6828 51230 17026.5
internal_count=439455 392339 355437 47116 319712 30092 36902 179909 139803 131498 7912 6828 51230 17024
is_linear=0
shrinkage=0.03


Tree=41
num_leaves=15
num_cat=0
split_feature=45 9 51 9 53 26 79 12 48 68 12 9 38 14
split_gain=10.1011 9.61294 6.13649 4.7177 4.7062 3.81551 3.80337 3.55211 3.13606 3.02509 2.91567 2.93585 2.79936 2.5625
threshold=-0.0033712225267663594 0.040826991200447089 0.045472724363207824 0.021559095010161403 0.0037545531522482638 0.15165000408887866 87.500000000000014 0.53129756450653087 -0.5872254967689513 0.0011409795843064787 0.39362759888172155 0.077871173620224013 0.0014070000033825638 0.089845001697540297
decision_type=2 10 10 10 2 10 8 10 10 2 10 10 10 8
left_child=2 3 -1 -2 5 10 8 -4 -5 -10 -3 -12 -6 -11
right_child=1 4 7 6 12 -7 -8 -9 9 13 11 -13 -14 -15
leaf_value=0.00071193547806473051 0.00023172614223458996 -0.00060359115930166583 0.00019077405894927851 -0.0018579611585171722 0.00078203137038041675 -0.00026723160954834457 -0.00042142942933537099 -0.00029543061581064863 -0.00021129417292230931 9.3457620372512336e-05 -0.0011926710329759201 -0.0047841900323243956 -0.00031312795709231796 -0.00067094816780765285
leaf_weight=18757 52575 18520 106875 840 3917 20611 26679.5 15478 53105.5 105077 7856 206 4519 4096
leaf_count=18755 52575 18520 106866 840 3917 20611 26673 15478 53104 105077 7856 206 4519 4096
internal_value=-2.36021e-06 -0.000101372 0.000206733 -1.97387e-05 -0.00045701 -0.000573665 -8.94e-05 0.000129258 -3.50824e-05 -2.55897e-05 -0.00081117 -0.00128735 0.000195538 6.47489e-05
internal_weight=439112 298002 141110 242373 55629 47193 189798 122353 163118 162278 26582 8062 8436 109173
internal_count=439093 297994 141099 242365 55629 47193 189790 122344 163117 162277 26582 8062 8436 109173
is_linear=0
shrinkage=0.03


Tree=42
num_leaves=15
num_cat=0
split_feature=79 64 65 57 24 13 11 51 0 14 20 18 11 65
split_gain=9.78568 7.33108 5.61918 4.93403 4.57529 4.35692 3.48577 3.45837 3.35243 3.13469 3.13638 3.86951 3.12897 2.85175
threshold=732.50000000000011 0.63209992647171032 0.19108401238918307 0.0046291570179164418 0.65354999899864208 0.34236942231655126 -0.039191177114844315 0.4588849544525147 -0.0057324999943375579 -0.092059999704360948 -0.021304999478161332 0.10384999960660936 0.30815729498863226 0.74032077193260204
decision_type=8 10 10 2 10 10 8 10 10 10 10 10 10 8
left_child=1 2 -1 -3 6 12 -2 -5 -7 -6 11 -11 -4 -9
right_child=4 3 5 7 9 8 -8 13 -10 10 -12 -13 -14 -15
leaf_value=0.00042673618203388063 -0.00040453610746050175 -3.615224090916433e-05 -0.00013796491186835759 -0.00029230625681744648 0.0008160064068578112 0.00035652355979197815 0.00050862871191015898 -0.0014903648022296186 -0.00016827207807507336 -0.00057672238211465426 0.0012424948698147229 -0.0014717277809797465 0.00018236750430801764 -0.00024666500519124953
leaf_weight=48318.5 8359 111702.5 88183 26401 1295 56882 6833 4537 13565 24314.5 734 5294 39837.5 2618
leaf_count=48311 8359 111699 88181 26401 1295 56879 6833 4537 13565 24306 734 5294 39837 2618
internal_value=-1.1861e-05 3.71006e-05 0.000136628 -0.00013199 -0.000421715 6.59902e-05 6.21591e-06 -0.000450966 0.000255466 -0.000627171 -0.00068889 -0.000736971 -3.82804e-05 -0.00103579
internal_weight=438874 392044 246786 145258 46829.5 198468 15192 33556 70447 31637.5 30342.5 29608.5 128020 7155
internal_count=438849 392028 246773 145255 46821 198462 15192 33556 70444 31629 30334 29600 128018 7155
is_linear=0
shrinkage=0.03


Tree=43
num_leaves=15
num_cat=0
split_feature=30 79 45 64 14 45 53 21 13 20 19 53 61 60
split_gain=9.87167 8.63571 6.41414 5.70297 4.80421 3.87039 4.73665 3.36288 3.80686 3.33064 3.09529 2.94852 2.82117 2.77215
threshold=0.53264999389648449 605.50000000000011 0.010806673206388952 0.92688494920730602 -0.083135001361370073 -0.011548842303454874 -0.0050529201980680219 0.48815000057220465 0.2500003874301911 -0.31845000386238093 0.2751500010490418 0.0045439426321536311 0.30957362055778509 0.69133117794990551
decision_type=10 8 2 10 10 2 2 10 8 10 8 2 2 2
left_child=1 3 5 10 -3 12 -7 8 -6 -8 -1 -11 -2 -5
right_child=2 4 -4 13 7 6 9 -9 -10 11 -12 -13 -14 -15
leaf_value=5.4054062722503137e-05 0.0010845297953497673 0.00011006587858186893 -0.00030881303285022407 -0.00015036033446493827 -0.00083030169736428891 -0.0003790864486436931 -0.00042396021443270475 -0.001190493632036993 -4.8724157449016996e-05 0.00039990354356740664 -0.00023070390810670229 -0.00049062189533916924 0.00010189552763660287 -0.00082921554410625691
leaf_weight=210134 9034 8922 17666 10526 12862 9899 5170 8444.5 9944 77059.5 41064.5 3494 3710 11148
leaf_count=210131 9031 8922 17666 10525 12857 9899 5170 8444 9941 77051 41064 3494 3710 11148
internal_value=-2.99418e-06 -9.32518e-05 0.000221186 -3.27902e-05 -0.000503883 0.000307598 0.000242119 -0.000679155 -0.000489599 0.000313871 7.49979e-06 0.000361249 0.00079862 -0.00049964
internal_weight=439078 313045 126032 272872 40172.5 108366 95622.5 31250.5 22806 85723.5 251198 80553.5 12744 21674
internal_count=439053 313032 126021 272868 40164 108355 95614 31242 22798 85715 251195 80545 12741 21673
is_linear=0
shrinkage=0.03


Tree=44
num_leaves=15
num_cat=0
split_feature=45 9 30 79 24 20 14 20 54 53 54 50 79 33
split_gain=9.8043 9.40885 7.97266 5.74028 4.41887 4.2749 3.7287 3.62317 3.44483 3.30702 3.25435 3.1589 2.76583 2.68567
threshold=-0.0033712225267663594 0.025134735740721229 0.62954998016357433 719.50000000000011 0.6253499984741212 -0.23914999514818189 0.09311500191688539 -0.021304999478161332 0.011293898336589338 0.0036521442234516148 0.00295763579197228 -0.017539664171636101 625.50000000000011 0.0020914999768137936
decision_type=2 10 10 8 10 8 8 10 2 2 2 2 8 10
left_child=2 5 4 6 -1 -2 10 8 9 -5 -3 13 -13 -6
right_child=1 3 -4 7 11 -7 -8 -9 -10 -11 -12 12 -14 -15
leaf_value=0.00051216451542107036 -0.00029368707717321063 -0.00022823525395173339 0.0010079159160104522 -0.0008570998875052962 0.0027768036084488187 0.00025195533251188418 -0.00065948441292556787 0.0015053929586832568 0.0012271266911997932 0.00025986457882036534 3.8128325842312874e-05 0.00010254509714084126 -0.00041763082857369376 -0.00014712033251777906
leaf_weight=25081 15446 87078.5 10654.5 22029 705 78984 11545 702 827 2673 78487 93544 10198 469
leaf_count=25075 15445 87076 10654 22022 705 78984 11545 702 827 2673 78487 93538 10196 469
internal_value=1.27404e-05 -8.47616e-05 0.000219156 -0.000199679 0.000154473 0.000162693 -0.000138327 -0.000613818 -0.000672376 -0.000736205 -0.000101967 6.89442e-05 5.13933e-05 0.00161306
internal_weight=438423 297772 140652 203342 129997 94430 177110 26231 25529 24702 165566 104916 103742 1174
internal_count=438398 297761 140637 203332 129983 94429 177108 26224 25522 24695 165563 104908 103734 1174
is_linear=0
shrinkage=0.03


Tree=45
num_leaves=15
num_cat=0
split_feature=60 70 30 60 68 23 51 56 53 13 32 30 20 6
split_gain=9.16356 7.30761 7.64992 3.8889 3.90746 3.41677 3.20568 3.89821 3.11748 3.11347 3.97362 2.85239 2.74573 2.41584
threshold=0.8883824646472932 0.0036912850337103014 0.53264999389648449 0.077244497835636153 -0.0013517315383069215 2.2295000553131108 0.65274456143379223 -0.016186803579330441 0.0044127753935754308 0.38116548955440527 -0.059295000508427613 0.64574998617172252 -0.016224999912083145 -0.0006055000121705233
decision_type=2 2 10 2 2 10 10 2 2 8 10 10 10 8
left_child=1 2 5 -3 -5 9 -2 -8 11 10 12 -4 13 -1
right_child=6 3 8 4 -6 -7 7 -9 -10 -11 -12 -13 -14 -15
leaf_value=0.00048325894584502158 -0.00030139087756322707 0.00028650136519764669 0.00034050890637741209 -0.00065954705613425026 -0.00013718982102416154 -0.00088613022149572102 -0.0030205351165495812 -0.00073256521177346033 -0.00039660970808759081 0.0002524387687284739 7.6154637574059442e-05 0.00081036077841746296 0.0015084351499257233 -0.00039680091858909828
leaf_weight=3060 45199 16104 59766.5 15150.5 86195.5 3551 800 4040 4321 51162 101144 14439 747 33477
leaf_count=3060 45197 16104 59756 15149 86192 3551 800 4040 4321 51161 101143 14439 747 33473
internal_value=2.08336e-06 5.12275e-05 0.000136709 -0.000146493 -0.000215307 3.51975e-05 -0.000380042 -0.00111347 0.000386365 5.24768e-05 -2.14341e-05 0.000431982 -0.000286148 -0.000323039
internal_weight=439156 389118 271668 117450 101346 193141 50039 4840 78526.5 189590 138428 74205.5 37284 36537
internal_count=439133 389096 271651 117445 101341 193135 50037 4840 78516 189584 138423 74195 37280 36533
is_linear=0
shrinkage=0.03


Tree=46
num_leaves=15
num_cat=0
split_feature=45 79 24 20 67 51 61 9 68 21 11 12 26 44
split_gain=8.34181 8.56467 6.75623 4.98722 4.87864 4.11546 3.54252 3.48797 3.36942 2.8433 2.71127 3.0319 2.5274 2.45195
threshold=-0.0023910077288746829 91.500000000000014 0.66824999451637279 -0.022265000268816944 -0.0029198807897046204 0.058888336643576629 0.038115415722131736 0.020625392906367782 0.0011738312314264478 0.58765000104904186 -0.22236936539411542 0.31280972063541418 0.10514999926090242 0.0069653762038797149
decision_type=2 8 8 10 2 10 2 10 2 10 8 10 8 2
left_child=2 4 -1 9 6 -4 -2 -6 12 10 -3 -12 -9 -7
right_child=1 3 5 -5 7 13 -8 8 -10 -11 11 -13 -14 -15
leaf_value=0.00053782419502552189 -0.0030989532308391852 -0.00073590313140202456 0.0004237359937169888 0.0011415505706138787 0.00033918148361172031 -5.0532965222819094e-05 -0.00027439302746203525 -0.00048684553359030542 7.985257860626874e-05 -0.0012306301855513006 0.00021478329093583309 -0.00051764742255507382 -5.475606413600679e-05 0.00072269316234861551
leaf_weight=34938 398 17337.5 23212.5 1637 29317 94495.5 48533 19291 106635 4809 8358 12981.5 33057 3836
leaf_count=34931 398 17334 23210 1637 29317 94490 48533 19291 106635 4809 8358 12979 33056 3836
internal_value=-5.50904e-06 -0.000102881 0.000170185 -0.000481706 -3.08171e-05 6.44889e-05 -0.000297682 3.85356e-05 -1.69135e-05 -0.000542936 -0.000457282 -0.000230795 -0.000214019 -2.03335e-05
internal_weight=438836 282354 156482 45123 237231 121544 48931 188300 158983 43486 38677 21339.5 52348 98331.5
internal_count=438814 282347 156467 45117 237230 121536 48931 188299 158982 43480 38671 21337 52347 98326
is_linear=0
shrinkage=0.03


Tree=47
num_leaves=15
num_cat=0
split_feature=30 70 79 13 14 64 13 27 16 50 57 55 64 30
split_gain=8.61698 6.9937 5.76733 5.46674 4.66857 4.31331 3.74814 3.2595 3.84283 2.92887 2.92048 2.58896 2.56725 2.74928
threshold=0.50534999370574962 0.011825696099549534 625.50000000000011 0.41954928636550909 -0.083135001361370073 0.92688494920730602 0.2690082341432572 15.295000076293947 0.073365002870559706 0.00095613067969679843 0.0033960462315008049 0.69555336236953746 0.6202870011329652 0.3903499990701676
decision_type=10 2 8 8 10 10 8 10 10 2 2 2 10 10
left_child=2 3 5 10 -4 7 -6 12 -9 -7 11 -2 -1 -14
right_child=1 -3 4 -5 6 9 -8 8 -10 -11 -12 -13 13 -15
leaf_value=-6.8139652171287607e-06 0.00025707296399403033 -0.00049658161604530088 0.00015611584120416437 0.00055618599878685742 -0.00090639627238903457 -0.00081090908888620532 -0.00020666613189600683 0.00025690502204603902 -9.9831713282163762e-05 -8.0200746447325078e-05 -0.00014844256243728315 -0.00050579874483306817 -0.00052462296736424077 -4.9808757079476728e-05
leaf_weight=68945.5 78275 12677 8922 36396 17388 10548 11415 64870 46765 9279 25648 4215 23200.5 20826.5
leaf_count=68945 78271 12677 8922 36389 17384 10548 11413 64870 46765 9279 25648 4215 23199 20826
internal_value=9.37175e-07 0.000178921 -9.82317e-05 0.000238184 -0.000443452 -4.4944e-05 -0.000629168 -7.49723e-06 0.000107467 -0.000469045 0.000131134 0.000218064 -0.0001211 -0.000300048
internal_weight=439370 157211 282160 144534 37725 244434 28803 224608 111635 19827 108138 82490 112972 44027
internal_count=439351 157200 282151 144523 37719 244432 28797 224605 111635 19827 108134 82486 112970 44025
is_linear=0
shrinkage=0.03


Tree=48
num_leaves=15
num_cat=0
split_feature=70 60 24 18 13 64 60 50 68 23 1 52 12 39
split_gain=7.791 8.10827 6.41487 6.24711 4.79599 4.59361 3.27114 3.25271 3.62857 2.92561 2.61501 2.49492 2.42053 2.31517
threshold=0.0036912850337103014 0.76853874325752269 1.1995000243186953 0.09271500259637834 0.36710377037525183 0.93086332082748424 0.096907764673233046 -0.00043721434485632921 0.0011126568424515428 0.56125000119209301 -0.011386499740183352 3.4950553178787236 0.29411785304546362 0.052084999158978469
decision_type=2 2 10 8 8 10 2 2 2 10 10 10 10 10
left_child=1 2 4 5 -1 9 -2 -8 -9 -3 -6 12 -5 -4
right_child=6 3 13 11 10 -7 7 8 -10 -11 -12 -13 -14 -15
leaf_value=0.00016179715981771368 0.00016297779514125042 -0.00060891703323492214 -0.00015865927920928854 -0.00024259892134646446 0.00060657231767060769 -0.00086522895284354918 -0.00055595182597283099 -0.00040963884644544996 -6.4567732748140122e-06 0.00011146538527235555 6.6450623273754347e-05 -0.0020298299232207372 -0.0009896417791684653 0.00038285571897273343
leaf_weight=115645.5 19653.5 5621 53629 8410 43299.5 5517 25244 33443 50304 51689 9916 1159 7287 8186
leaf_count=115641 19653 5621 53627 8410 43294 5517 25242 33441 50303 51686 9913 1159 7287 8186
internal_value=3.05925e-06 8.4426e-05 0.000174548 -0.000176465 0.000270265 -3.88571e-05 -0.000193236 -0.000257474 -0.000167476 4.07629e-05 0.000505944 -0.000689203 -0.000589602 -8.69227e-05
internal_weight=439004 310359 230676 79683 168861 62827 128644 108991 83747 57310 53215.5 16856 15697 61815
internal_count=438980 310341 230661 79680 168848 62824 128639 108986 83744 57307 53207 16856 15697 61813
is_linear=0
shrinkage=0.03


Tree=49
num_leaves=15
num_cat=0
split_feature=9 51 50 49 58 70 24 60 13 79 5 22 18 48
split_gain=8.80258 6.66619 5.68273 4.94398 4.36033 4.22188 4.09928 4.49015 3.98869 4.05909 3.35642 3.3279 2.97083 3.59097
threshold=0.045661220327019698 0.33285437524318701 -0.00043721434485632921 0.024378357455134395 0.010751057881861927 0.0058223656378686437 1.4794999957084658 0.23579011112451556 0.34236942231655126 163.50000000000003 0.3060199916362763 0.10545000061392786 0.10944999754428865 -0.5872254967689513
decision_type=10 10 2 10 2 2 10 2 8 8 10 8 8 10
left_child=1 5 11 -2 -5 6 7 -1 9 -9 -10 -3 13 -6
right_child=3 2 -4 4 12 -7 -8 8 10 -11 -12 -13 -14 -15
leaf_value=0.0004241685680684916 0.0010396735174462472 0.00039372742115202446 -5.5703087396974422e-06 -0.00077130502766333735 0.0019264124577964667 -0.00012244531219722212 -0.00020768858862557838 8.4321865936085486e-05 0.00041495753516819798 -0.00040693519383115841 -9.7488010628381895e-05 -0.0010681451420994944 -0.00062144904589502903 -8.6206878558625055e-05
leaf_weight=53098 2212 1612 15121 18934 822 67325.5 27414 123628 53185 17244.5 14675.5 10613 10544 22645
leaf_count=53090 2212 1612 15121 18934 822 67322 27411 123624 53183 17241 14673 10612 10544 22645
internal_value=5.97752e-06 5.68931e-05 -0.000394471 -0.00034839 -0.000406475 9.1514e-05 0.000141317 0.000177862 0.000115197 2.41737e-05 0.000304137 -0.000875299 -0.00020329 -1.53137e-05
internal_weight=439074 383916 27346 55157 52945 356570 289245 261831 208733 140872 67860.5 12225 34011 23467
internal_count=439046 383889 27345 55157 52945 356544 289222 261811 208721 140865 67856 12224 34011 23467
is_linear=0
shrinkage=0.03


Tree=50
num_leaves=15
num_cat=0
split_feature=45 9 53 51 79 53 30 10 18 24 54 23 45 9
split_gain=7.93769 7.65787 6.20894 5.83486 4.09587 4.08671 3.85782 4.27517 3.49608 3.20419 2.96462 2.89295 2.75801 2.74769
threshold=-0.0033712225267663594 0.035118546336889274 0.0037545531522482638 0.050163546577095992 636.50000000000011 -0.0024854217190295454 0.42165000736713415 -0.04546507075428962 0.0046050001401454219 0.87784999608993541 0.0025446858489885931 0.45955000817775732 0.035265894606709487 0.017041129060089592
decision_type=2 10 2 8 8 2 10 8 8 8 2 8 2 10
left_child=3 5 4 -1 8 -2 7 -5 10 -4 -3 -7 -6 -13
right_child=1 2 9 6 12 11 -8 -9 -10 -11 -12 13 -14 -15
leaf_value=0.0006402970844521927 -0.00024779037260211562 -0.0004082182973222667 -0.00032328868120514771 0.0012389192731762572 -0.00097760876152333206 -0.00056792393632468035 0.0002708381000008665 -0.00012517844333175747 -0.00047122673121268506 0.0006689701637003178 0.00024655944891206917 0.00056479991415195319 0.0004284735827669461 8.1104195793243057e-05
leaf_weight=22392.5 39545 10582 4557 2147 13537 5768 63973 52841 40300 8181 15094 11380 1381 147663
leaf_count=22388 39543 10582 4557 2147 13536 5767 63965 52838 40300 8181 15094 11380 1381 147659
internal_value=1.09534e-05 -7.68721e-05 -0.000301541 0.000196095 -0.000398481 2.60715e-05 0.000112458 -7.18096e-05 -0.000296931 0.000314004 -2.33249e-05 9.17879e-05 -0.000847344 0.000115731
internal_weight=439342 297988 93632 141354 80894 204356 118961 54988 65976 12738 25676 164811 14918 159043
internal_count=439318 297980 93631 141338 80893 204349 118950 54985 65976 12738 25676 164806 14917 159039
is_linear=0
shrinkage=0.03


Tree=51
num_leaves=15
num_cat=0
split_feature=45 24 79 56 11 13 30 37 19 24 56 13 53 30
split_gain=7.46986 7.13768 6.46349 4.09805 3.73522 3.70267 3.49092 3.47014 3.02518 3.23551 2.97094 2.79012 2.68207 2.66595
threshold=-0.0033712225267663594 0.66824999451637279 89.500000000000014 -0.011053544469177721 0.26695267856121069 0.25266790390014654 0.56744998693466198 -0.021869999356567856 0.28925000131130224 1.4794999957084658 0.0089515480212867277 0.24541092664003375 0.0061222086660563954 0.65184998512268078
decision_type=2 8 8 2 8 8 10 10 10 10 2 10 2 10
left_child=1 13 3 -2 11 -5 10 -6 9 -3 -7 12 -4 -1
right_child=2 8 4 5 7 6 -8 -9 -10 -11 -12 -13 -14 -15
leaf_value=0.00047970465662163327 -0.00080634298190758696 0.00019975872321491224 -0.00092290669202916632 -0.00011313813868468861 0.0011817921628706804 0.00012645222019855897 0.0004335051670790394 -0.00017693557251781958 -0.00035552047771628825 -0.00029931787242249271 -0.00028056720095186459 -0.00030834234430042196 0.0012175232950427854 0.0013104803417415421
leaf_weight=27152 5803 83242.5 15712.5 126127 1980 72359 25224 11444.5 13129 13596.5 20768.5 17909 541 3985
leaf_count=27145 5803 83236 15708 126127 1980 72359 25223 11443 13129 13596 20768 17906 541 3985
internal_value=5.4807e-06 0.000185281 -7.96952e-05 -1.87563e-05 -0.000400165 -4.58605e-08 0.000120476 2.38306e-05 7.17343e-05 0.000129675 3.5672e-05 -0.000566757 -0.00085131 0.000586223
internal_weight=438974 141105 297868 250282 47587 244478 118352 13424.5 109968 96839 93127.5 34162.5 16253.5 31137
internal_count=438949 141091 297858 250280 47578 244477 118350 13423 109961 96832 93127 34155 16249 31130
is_linear=0
shrinkage=0.03


Tree=52
num_leaves=15
num_cat=0
split_feature=9 45 57 53 30 54 55 26 12 17 61 30 53 51
split_gain=8.33919 6.8992 4.49336 4.40233 4.01704 3.9676 4.01249 3.67949 3.7016 3.7922 3.30221 3.24108 3.59425 2.91559
threshold=0.035998759791255004 -0.0098000792786478979 0.0039688628166913995 0.0037545531522482638 0.53135001659393322 0.021074175834655765 0.69555336236953746 0.24279999732971194 0.58930405974388134 36.354999542236335 0.18989794701337817 0.33924999833107 0.0053043572697788486 0.36779321730136877
decision_type=10 2 2 2 10 2 2 10 10 8 2 8 2 10
left_child=2 11 4 7 -1 6 10 8 9 -3 -6 12 -2 -4
right_child=1 3 13 -5 5 -7 -8 -9 -10 -11 -12 -13 -14 -15
leaf_value=5.4979837658519449e-05 -0.00041453877655311434 0.00030788505357601053 -7.4767541603593094e-05 0.00020328533801263046 0.00085293262385587379 -0.0034158854423895304 -0.00058582269896932724 0.00013983669296733253 -0.0010440617755247293 -0.00044775723554834311 0.00028980003757767681 0.00043558100603176714 0.0026604300185351232 -0.00072094116570731192
leaf_weight=167751 7725 6565 43678.5 13358 10781.5 252 4207 10838 8418 66402.5 71576 19554 353 7336
leaf_count=167741 7725 6565 43675 13358 10777 252 4207 10838 8418 66402 71568 19554 353 7336
internal_value=2.86734e-06 -0.000195209 8.92172e-05 -0.000305655 0.000140715 0.000306364 0.000317396 -0.000379379 -0.000448526 -0.000379754 0.000363568 0.000226782 -0.000278603 -0.00016775
internal_weight=438796 133214 305582 105582 254568 86816.5 86564.5 92223.5 81385.5 72967.5 82357.5 27632 8078 51014.5
internal_count=438769 133213 305556 105581 254545 86804 86552 92223 81385 72967 82345 27632 8078 51011
is_linear=0
shrinkage=0.03


Tree=53
num_leaves=15
num_cat=0
split_feature=60 70 30 23 35 64 65 13 16 11 71 49 55 45
split_gain=6.96333 6.40665 6.10601 3.63044 3.05668 2.97949 6.01334 2.89884 2.66261 2.65516 2.44462 2.42207 2.41005 2.24709
threshold=0.84652313590049755 0.0059493484441190967 0.50405001640319835 2.4314999580383305 0.47249999642372137 0.90040668845176708 0.79895544052124035 0.37500014901161199 0.20034999400377276 0.19415590912103656 -0.010934040416032074 0.024378357455134395 0.35324735939502722 0.012065804563462736
decision_type=2 2 10 10 10 10 8 8 8 10 2 10 2 2
left_child=1 2 3 11 5 8 -7 9 -2 -4 13 -1 -12 -3
right_child=4 10 7 -5 -6 6 -8 -9 -10 -11 12 -13 -14 -15
leaf_value=0.00059310536480872177 -4.2258477224283509e-05 0.00051650570350632969 3.0895796983626123e-05 -0.0012004143862900632 -0.0039731102226851544 -0.00098499326950059933 0.00031517503427553353 0.00051870217739830515 -0.00053579434649247493 0.00040147422902975417 -0.00054228806710167755 -3.439180272991262e-06 -0.00014773915700080309 -0.00087073156532419579
leaf_weight=6343 39031.5 6805 42804 2225 197 11801 4390 33667.5 13149 29316.5 18691.5 174774.5 54723 1238
leaf_count=6343 39029 6805 42802 2225 197 11801 4390 33662 13149 29315 18689 174768 54721 1238
internal_value=-1.02137e-05 4.11723e-05 0.00010738 2.65622e-06 -0.00028792 -0.000277012 -0.000632479 0.00028887 -0.000166664 0.000181551 -0.000193823 1.74685e-05 -0.000248222 0.00030257
internal_weight=439156 370588 289130 183342 68568.5 68371.5 16191 105788 52180.5 72120.5 81457.5 181118 73414.5 8043
internal_count=439134 370568 289115 183336 68566 68369 16191 105779 52178 72117 81453 181111 73410 8043
is_linear=0
shrinkage=0.03


Tree=54
num_leaves=15
num_cat=0
split_feature=30 79 64 70 12 45 53 22 19 13 47 13 54 73
split_gain=6.69368 5.51209 4.58134 4.30194 4.14256 3.71068 3.74555 3.47935 2.84443 2.6109 2.52221 2.44823 2.42168 2.5945
threshold=0.55355000495910656 605.50000000000011 0.63209992647171032 0.024680443108081821 0.2570213526487351 -0.0038169696927070613 -0.0070174140855669967 -0.062105000019073479 0.17785000056028369 0.24746825546026233 -0.03336981683969497 0.5592656433582307 0.0034361907746642832 1.0000000180025095e-35
decision_type=10 8 10 2 10 2 2 8 8 8 10 10 2 2
left_child=1 2 -1 5 10 -2 -7 -4 -9 -8 -3 -6 -10 -14
right_child=3 4 7 -5 11 6 9 8 12 -11 -12 -13 13 -15
leaf_value=7.8522465556146373e-05 0.00051458053475852516 0.00050227674776817633 0.00065501975988030718 -0.0013839300923358887 -0.0007351856326829095 -0.0010394003148742955 -3.0370155306415002e-05 -9.5919365265736102e-05 -0.00060782026828832419 0.0003403132988720911 -0.00027251309368170085 0.00088238862259202092 0.00070385793876476472 -0.00032159594935411836
leaf_weight=174993.5 30118.5 5100 4505 1493 21119 2429 33615 80120 22340.5 34804 14580.5 873 2872 9728
leaf_count=174989 30112 5098 4505 1493 21115 2429 33615 80119 22340 34804 14578 873 2872 9728
internal_value=-2.74243e-07 -6.49637e-05 -1.92733e-05 0.000212004 -0.000387882 0.00023567 0.000117074 -0.000162402 -0.000194434 0.000158204 -7.16577e-05 -0.000670788 -0.000420287 -8.76711e-05
internal_weight=438691 336232 294559 102460 41672.5 100966 70848 119566 115060 68419 19680.5 21992 34940.5 12600
internal_count=438670 336217 294553 102453 41664 100960 70848 119564 115059 68419 19676 21988 34940 12600
is_linear=0
shrinkage=0.03


Tree=55
num_leaves=15
num_cat=0
split_feature=45 24 79 39 67 63 58 20 18 22 21 67 51 51
split_gain=7.37817 5.56663 5.0484 3.73803 3.72488 2.99467 2.98809 3.01199 2.78148 2.73525 2.65484 2.56173 2.48957 2.38851
threshold=-0.0028087381506338711 1.016499996185303 636.50000000000011 0.023390000686049465 -0.0040532290004193774 0.066223099827766432 0.010706745088100435 -0.086714997887611375 0.11765000224113466 -0.062105000019073479 0.17615000158548358 -0.0057140367571264497 0.23929693549871447 0.33285437524318701
decision_type=2 10 8 10 2 2 2 8 10 10 8 2 10 10
left_child=1 8 4 9 -2 -6 7 12 -1 -3 -7 -8 -4 -11
right_child=2 3 6 -5 5 10 11 -9 -10 13 -12 -13 -14 -15
leaf_value=0.00038297997603016043 -0.00032346524855191841 0.0011468703731501546 -0.00076746545861667073 0.00030322671869009428 -0.00067372037767251581 0.00032239078422317791 -0.0012457700086826022 -0.00011803548530323646 -0.00016765094988857102 -0.00018255604936356026 -1.7467069920959441e-05 4.7687095272966782e-05 -0.0019423760914508905 -0.0010985943890365994
leaf_weight=77720.5 37178 1311 11216 19110 5756 23200 1553 5821 9235 39465 190596.5 11930 1897 2735
leaf_count=77707 37178 1311 11208 19110 5756 23200 1553 5821 9235 39463 190595 11930 1897 2735
internal_value=-1.8563e-06 0.000169192 -9.03414e-05 -4.64691e-05 -4.57938e-05 1.23214e-06 -0.000443081 -0.000686087 0.000324495 -0.000200072 1.94191e-05 -0.000101703 -0.00093811 -0.000242048
internal_weight=438724 149576 289148 62621 256730 219552 32417 18934 86955.5 43511 213796 13483 13113 42200
internal_count=438699 149561 289138 62619 256729 219551 32409 18926 86942 43509 213795 13483 13105 42198
is_linear=0
shrinkage=0.03


Tree=56
num_leaves=15
num_cat=0
split_feature=9 45 64 63 53 9 63 54 65 67 50 51 72 59
split_gain=6.829 4.94322 4.68969 4.04246 4.02774 3.51119 4.22854 3.93819 3.43707 3.41403 3.31005 2.49212 2.45402 2.62594
threshold=0.03629774414002896 -0.0089768944308161718 0.63209992647171032 0.28265455365180975 0.0037545531522482638 0.054441494867205627 0.181383952498436 0.0075589367188513288 0.012220009695738556 -0.0056254409719258538 -0.00053992934408597637 0.32365222275257116 0.0067306328564882287 2.6861859560012822
decision_type=10 2 10 2 2 10 2 2 10 2 2 10 2 8
left_child=2 8 3 -1 5 7 -7 -3 -2 12 11 -4 13 -5
right_child=1 4 10 9 -6 6 -8 -9 -10 -11 -12 -13 -14 -15
leaf_value=0.00040111993923755781 0.0022259694150871287 -0.00034410581440958717 -0.00015984667229303233 -0.00011889103981014849 0.00020787233358158876 -0.0017524166556395098 -0.00051623600667241229 0.0004106103771502288 0.00010678777076953906 0.00014234709873371963 6.738923049516362e-05 -0.00069408620345707335 0.0031139802009420236 -0.00092021922329510529
leaf_weight=47502.5 701 65915.5 41061.5 16950.5 12946 3155 11792 6867 28319 129903.5 59682 9715 187 4697
leaf_count=47496 701 65914 41058 16948 12946 3155 11792 6867 28319 129898 59680 9714 187 4693
internal_value=-3.83792e-06 -0.000186593 7.2698e-05 0.000159619 -0.000286028 -0.000358919 -0.000777667 -0.000272875 0.000158353 8.40056e-05 -8.40875e-05 -0.00026212 -0.000263048 -0.000292933
internal_weight=439394 129696 309699 199240 100676 87729.5 14947 72782.5 29020 151738 110458 50776.5 21834.5 21647.5
internal_count=439368 129694 309674 199222 100674 87728 14947 72781 29020 151726 110452 50772 21828 21641
is_linear=0
shrinkage=0.03


Tree=57
num_leaves=15
num_cat=0
split_feature=64 13 50 14 64 24 65 21 45 57 50 19 56 48
split_gain=6.2689 5.0626 3.97856 4.31694 5.04905 3.81363 3.54303 3.07199 2.74397 2.89438 2.64434 2.41128 2.3424 2.18944
threshold=0.63597410917282116 0.2500003874301911 -0.00053992934408597637 -0.046424999833106988 0.95720884203910839 1.3305000066757204 0.022249725647270683 0.26815000176429754 -0.0023910077288746829 -0.00082090767682529975 -0.017539664171636101 0.14504999667406085 0.03170649707317353 -0.70254215598106373
decision_type=10 8 2 8 10 10 10 10 2 2 2 8 2 8
left_child=1 8 3 10 11 6 -3 -8 9 -1 -2 -5 13 -9
right_child=2 5 -4 4 -6 -7 7 12 -10 -11 -12 -13 -14 -15
leaf_value=0.00037771467980145587 0.0026345578119572662 0.0012712274560226842 -5.1697688875161128e-06 -0.0001524238696957473 -0.0011263837728577673 -0.00016300270476755723 0.00040535808776017579 0.0018807297061882494 -0.00014057390580139679 -8.641045746535933e-05 0.00016255140835952486 -0.00055791492496464043 -0.0029688630994897953 9.2805685653526851e-05
leaf_weight=23685 400 3150.5 85512.5 36280 7529 20522 59300 618 87765.5 24699.5 10181 20746 218 58536.5
leaf_count=23684 400 3150 85510 36279 7529 20519 59294 618 87762 24698 10180 20746 218 58532
internal_value=4.12013e-06 9.02078e-05 -0.000145117 -0.00030438 -0.00039644 0.000215299 0.000279031 0.000252637 -4.05781e-05 0.000140802 0.000257202 -0.000299977 0.000100082 0.000111642
internal_weight=439144 278495 160648 75136 64555 142345 121823 118672 136150 48384.5 10581 57026 59372.5 59154.5
internal_count=439119 278475 160644 75134 64554 142331 121812 118662 136144 48382 10580 57025 59368 59150
is_linear=0
shrinkage=0.03


Tree=58
num_leaves=15
num_cat=0
split_feature=16 45 24 13 32 21 10 25 25 45 52 20 51 4
split_gain=5.79436 5.44581 4.63433 4.56979 4.0468 3.49843 3.31942 2.99624 2.77718 2.76915 2.75032 3.35935 2.65465 2.47142
threshold=0.22794999927282336 -0.0033712225267663594 0.66824999451637279 0.26272976398468023 inf 0.52625000476837169 -0.074374321848154054 0.041699999943375594 0.14050000160932544 -0.015915820375084874 3.3045619726181035 -0.01930500008165836 0.037427676841616637 6.2470040321350107
decision_type=10 2 8 10 8 10 10 10 10 2 10 10 10 8
left_child=1 2 7 4 -3 8 -7 -1 -2 -9 11 -8 -4 -5
right_child=5 3 12 13 -6 6 10 9 -10 -11 -12 -13 -14 -15
leaf_value=0.00029245132161309249 -0.00025493659684848062 -6.121561878328171e-05 0.00068551645447266886 -0.00017608074856848867 -0.00044894822691038443 0.0032826891092554433 -0.00081161379016104237 0.0021126506158876627 0.00030712786523127798 0.0007471626839674841 -0.0026717897610076158 0.0012079588642660739 6.8930798854035635e-05 0.00017289234803791179
leaf_weight=15383.5 44477.5 104652 6768.5 22675 31520 179 10533 1554 9619 9484 649 793 87055 93819.5
leaf_count=15379 44477 104651 6768 22675 31515 179 10533 1554 9619 9484 649 793 87048 93817
internal_value=1.8216e-07 4.61138e-05 0.000212294 -3.29745e-05 -0.000150978 -0.000258342 -0.000718165 0.000563216 -0.000154976 0.000940274 -0.000779314 -0.000669741 0.000113446 0.000104962
internal_weight=439162 372912 120245 252666 136172 66250.5 12154 26421.5 54096.5 11038 11975 11326 93823.5 116494
internal_count=439141 372891 120233 252658 136166 66250 12154 26417 54096 11038 11975 11326 93816 116492
is_linear=0
shrinkage=0.03


Tree=59
num_leaves=15
num_cat=0
split_feature=12 45 51 9 9 24 20 9 16 65 27 20 70 51
split_gain=6.32335 4.65847 4.64429 4.564 3.06486 2.91911 2.81332 2.75155 2.8748 2.65598 2.83868 2.63875 2.35636 2.1728
threshold=0.53129756450653087 -0.0033712225267663594 0.050163546577095992 0.025134735740721229 0.03629774414002896 0.77095001935958873 -0.27635000646114344 0.05041198059916497 -0.12705000489950177 0.026369277387857441 15.454999923706056 -0.2149500027298927 -0.006294405320659279 0.97547194361686718
decision_type=10 2 10 10 8 8 8 10 8 10 8 8 2 10
left_child=1 2 12 6 11 -4 -3 8 -5 -6 -11 -2 -1 -7
right_child=4 3 5 7 9 13 -8 -9 -10 10 -12 -13 -14 -15
leaf_value=0.0010859222551937839 -0.00052865822529309732 -0.00034394624403446481 0.00037650247425873685 0.00027327033826555065 0.001452739327168887 3.9856376062528373e-05 0.00022443213576340702 -0.00044764844792501959 -0.00011578782002045491 -0.0011579704323399335 -0.00037692849620176908 8.9764106072563378e-06 0.00039282630251113949 -0.0014892184711804493
leaf_weight=6591.5 11238.5 8776.5 29176.5 19572 547 73578 72953 19151 134725.5 6573 11549 30513.5 13379 841
leaf_count=6590 11237 8776 29172 19567 547 73574 72953 19151 134723 6573 11549 30513 13376 841
internal_value=6.30427e-06 5.17729e-05 0.000202966 -2.14424e-05 -0.000278692 0.000122198 0.00016338 -0.000108533 -6.64301e-05 -0.000598171 -0.00066046 -0.000135786 0.000621805 2.24776e-05
internal_weight=439165 378744 123566 255178 60421 103596 81729.5 173448 154298 18669 18122 41752 19970.5 74419
internal_count=439142 378723 123553 255170 60419 103587 81729 173441 154290 18669 18122 41750 19966 74415
is_linear=0
shrinkage=0.03


Tree=60
num_leaves=15
num_cat=0
split_feature=12 57 70 24 49 13 79 51 63 47 1 60 20 68
split_gain=5.94426 4.5103 5.38874 4.74698 3.90274 3.36328 3.35088 3.10368 3.66248 2.71275 2.68438 2.3269 1.95494 1.86289
threshold=0.53129756450653087 0.0030617666197940712 0.0058223656378686437 1.0964999794960024 0.014289641287177803 0.35615061223506933 115.50000000000001 0.43596079945564276 0.7425951659679414 -0.25761339068412775 -0.012101999949663876 0.36098574101924902 -0.49334999918937678 0.0045107873156666764
decision_type=10 2 2 10 10 8 8 10 2 8 10 2 8 2
left_child=1 2 3 5 -3 11 -2 -6 -9 -4 -7 -1 -13 -5
right_child=6 4 9 13 7 10 -8 8 -10 -11 -12 12 -14 -15
leaf_value=0.00033440434939769893 -0.00017106900094307828 0.00096729947868423745 0.00029104892488531945 -8.6400343002033649e-05 -0.00011072447593877693 0.00056762214398637073 -0.00074856669357875388 -0.0011866909956120277 8.6278989412281834e-06 -0.00022337652395427326 1.9859715904308034e-05 -0.0015801898950457414 5.0039921816800274e-05 0.00030845160152622093
leaf_weight=40264.5 49359 2793 11112 62348 81939.5 43148 11067.5 5485 3979 54241.5 9899.5 666 49529.5 12990
leaf_count=40261 49359 2793 11112 62347 81936 43145 11066 5485 3979 54238 9896 666 49527 12989
internal_value=-6.04517e-07 4.35197e-05 0.000103148 0.000174535 -0.000136381 0.000275767 -0.000276895 -0.000170157 -0.000684398 -0.000135894 0.000465413 0.000164535 2.82546e-05 -1.83029e-05
internal_weight=438822 378396 284199 218846 94196.5 143508 60426.5 91403.5 9464 65353.5 53047.5 90460 50195.5 75338
internal_count=438799 378374 284181 218831 94193 143495 60425 91400 9464 65350 53041 90454 50193 75336
is_linear=0
shrinkage=0.03


Tree=61
num_leaves=15
num_cat=0
split_feature=9 64 20 53 49 30 53 18 53 54 70 63 51 19
split_gain=6.77518 5.24067 4.33521 4.41531 4.06714 4.02977 4.02596 3.38122 3.34768 2.79315 2.72787 2.67795 2.76355 2.6434
threshold=0.045322362333536155 0.92688494920730602 -0.31845000386238093 -0.0001050057544489391 0.014289641287177803 0.62465000152587902 0.0037545531522482638 0.10755000263452531 0.0036521442234516148 0.0092781968414783495 0.00038740652962587779 0.46187390387058264 0.97547194361686718 0.18325000256299975
decision_type=10 10 8 2 10 10 2 8 2 2 2 2 10 10
left_child=1 2 3 -1 -2 10 7 -6 9 -7 13 12 -3 -4
right_child=4 11 5 -5 6 8 -8 -9 -10 -11 -12 -13 -14 -15
leaf_value=-0.00050697573614066416 0.0010719499403460098 -0.00049242806606395134 0.00023801176907812862 0.00012617235534422559 -0.00025518787109001792 0.00055884728387374527 0.00029522319765601423 -0.00077973974769629897 -0.00071797389338240669 -0.001826152175191462 -1.9613598808148527e-05 -9.1246928579700234e-05 -0.0017540290487479719 -4.8730911261981085e-05
leaf_weight=21324.5 1878 9802 117748 18516.5 30029 29093.5 7595 17510 2092 444 127171.5 15395 1856 38359
leaf_count=21323 1878 9802 117736 18512 30029 29092 7595 17510 2092 444 127165 15395 1856 38359
internal_value=5.84336e-06 5.13963e-05 8.20911e-05 -0.000212735 -0.000299196 0.000119394 -0.000345994 -0.000448457 0.000440534 0.000522694 8.35301e-05 -0.000351049 -0.000693946 0.000167553
internal_weight=438814 381802 354749 39841 57012 314908 55134 47539 31629.5 29537.5 283278 27053 11658 156107
internal_count=438788 381776 354723 39835 57012 314888 55134 47539 31628 29536 283260 27053 11658 156095
is_linear=0
shrinkage=0.03


Tree=62
num_leaves=15
num_cat=0
split_feature=45 9 51 58 9 23 68 50 22 19 20 31 79 28
split_gain=5.51196 5.92191 3.89979 3.16811 3.16509 3.17869 2.5655 2.5332 2.93326 2.51929 3.10725 2.63369 2.40816 2.1973
threshold=-0.0038169696927070613 0.035998759791255004 0.048243882134556777 0.0093610864132642763 0.02167436666786671 0.52265000343322765 0.0052035674452781686 -0.00040417654963675881 0.72325000166893016 0.15185000002384189 -0.3393500000238418 0.60435000061988842 906.50000000000011 0.33429999649524694
decision_type=2 10 10 2 10 8 2 2 8 8 10 8 10 8
left_child=2 4 -1 -3 -2 -6 -5 8 -8 10 13 -11 -13 -4
right_child=1 3 9 6 5 -7 7 -9 -10 11 -12 12 -14 -15
leaf_value=0.00055953241894376679 0.00021544612195639135 -0.00065023790150482675 -0.00086083622218550016 -0.00031582177650670907 -0.00057453552527456857 -1.3939013730207887e-05 8.3727944164244312e-05 0.0003436728927560279 -0.00092303356754920845 -0.0032532840195427567 0.00028126334638837867 -4.5518537814154221e-05 -0.0014219044103144221 4.8295542394713779e-07
leaf_weight=19361 55271 16248 3445 47413 9680.5 151392 7524 13250 3978 234 65263.5 33126 1180 11725
leaf_count=19357 55270 16248 3445 47412 9677 151388 7524 13250 3978 234 65258 33126 1180 11724
internal_value=5.59819e-06 -6.49708e-05 0.00016569 -0.00027183 1.95703e-05 -4.76478e-05 -0.000186591 6.09658e-05 -0.000264713 9.93477e-05 0.000191369 -0.000114939 -9.30614e-05 -0.000195336
internal_weight=439091 304756 134334 88413 216344 161072 72165 24752 11502 114974 80433.5 34540 34306 15170
internal_count=439071 304747 134324 88412 216335 161065 72164 24752 11502 114967 80427 34540 34306 15169
is_linear=0
shrinkage=0.03


Tree=63
num_leaves=15
num_cat=0
split_feature=12 45 66 30 79 10 46 61 50 71 19 31 57 51
split_gain=5.62815 5.27639 4.00213 3.50454 3.06824 2.54357 2.66198 2.44177 2.40121 2.37488 2.68674 2.3738 2.28311 2.23271
threshold=0.52703115344047557 -0.00047710661601740861 0.70284366607666027 0.62954998016357433 168.50000000000003 -0.0080132861621677858 0.19408055394887927 0.97593259811401378 -0.0020321041811257596 -0.00049963794299401332 0.17785000056028369 0.77394998073577892 0.0088728745467960852 0.022492527030408386
decision_type=10 2 8 10 8 8 10 2 2 2 8 8 2 8
left_child=1 3 7 9 -2 -4 -7 -3 12 11 -11 -1 -8 -6
right_child=4 2 5 -5 13 6 8 -9 -10 10 -12 -13 -14 -15
leaf_value=-0.00059154221256193433 -0.00017003108041673329 5.4614398575529978e-05 -0.00061032526353460147 0.00063560723131742892 0.00090675775896924098 0.0012983545523331367 -0.00035292503706978162 -0.00059758028922592902 -8.6984595065040801e-05 0.00011635622098256932 -0.00029412955851498514 0.00028105343215197704 -0.001438717851306327 -0.00084357108069486755
leaf_weight=2914 51421 142380.5 13904.5 13389.5 698 1107 7238 5356 41628.5 54452.5 19480.5 72627 2293 9980.5
leaf_count=2914 51421 142375 13904 13389 698 1107 7237 5356 41628 54448 19480 72618 2293 9978
internal_value=-1.55214e-06 4.20644e-05 -5.58956e-05 0.000170724 -0.000266165 -0.00024978 -0.000153814 3.09505e-05 -0.000185361 0.000129061 8.18534e-06 0.000247356 -0.000614766 -0.00072879
internal_weight=438870 376771 213908 162864 62099.5 66171 52266.5 147736 51159.5 149474 73933 75541 9531 10678.5
internal_count=438846 376749 213900 162849 62097 66169 52265 147731 51158 149460 73928 75532 9530 10676
is_linear=0
shrinkage=0.03


Tree=64
num_leaves=15
num_cat=0
split_feature=51 12 63 45 30 79 10 67 26 61 59 46 67 38
split_gain=5.96472 5.44318 4.30495 3.64301 3.14198 3.00656 4.8909 2.78648 3.11335 2.71189 2.56117 2.3581 2.297 2.26496
threshold=0.33285437524318701 0.53129756450653087 0.45009960234165197 -0.0023910077288746829 0.51905000209808361 89.500000000000014 0.0019808261422440414 0.010761141311377289 0.1215999983251095 0.13834536075592044 7.8093016147613534 0.29684758186340338 -0.023659475147724148 -0.0029019999783486124
decision_type=10 10 2 2 10 8 10 2 10 2 10 8 2 8
left_child=1 3 10 4 -1 -5 -7 11 13 -6 12 -4 -2 -9
right_child=2 -3 7 5 9 6 -8 8 -10 -11 -12 -13 -14 -15
leaf_value=0.00010148436391394441 -0.004032532732392429 -0.00023626819495644623 0.002384307550294834 5.2072968252654458e-05 0.00079936837485155773 -0.00055000318453970554 0.00019742621972889079 -0.00071582930167963675 -0.00018049344118310919 0.00026755743164364669 0.0022642694167472181 -0.00025206894700245051 -0.00079105834700769902 0.0031755474830731751
leaf_weight=85590.5 195 57169 306 187799.5 11971.5 20164.5 12927.5 167 873 30916.5 239 16877 13522 656
leaf_count=85588 195 57167 306 187799 11968 20159 12927 167 873 30909 239 16877 13521 656
internal_value=3.6721e-06 3.50874e-05 -0.000385236 7.94933e-05 0.000206513 5.61106e-06 -0.000258032 -8.98362e-05 0.00106845 0.00041608 -0.000784662 -0.00020444 -0.000838592 0.00238637
internal_weight=439374 406539 32835 349370 128478 220892 33092 18879 1696 42888 13956 17183 13717 823
internal_count=439351 406517 32834 349350 128465 220885 33086 18879 1696 42877 13955 17183 13716 823
is_linear=0
shrinkage=0.03


Tree=65
num_leaves=15
num_cat=0
split_feature=9 17 20 51 45 19 26 0 45 26 67 52 30 49
split_gain=5.5863 5.40227 3.91808 4.61607 3.8713 3.79832 3.56241 3.55472 3.4715 3.02799 2.99265 2.92863 2.8837 2.9735
threshold=0.036768091842532165 37.555000305175788 -0.27635000646114344 0.21164927631616595 -0.011548842303454874 -0.015015000011771916 0.14200000464916232 -0.0040774999652057877 -0.0012187495012767611 0.079585000872612013 0.0048311850987374791 2.2347387075424199 0.34565000236034399 0.008115966338664295
decision_type=10 8 8 10 2 8 10 10 2 10 2 10 8 10
left_child=2 11 9 7 12 -5 10 8 -4 -1 -6 -2 -3 -14
right_child=1 4 3 5 6 -7 -8 -9 -10 -11 -12 -13 13 -15
leaf_value=-0.00092329255223571802 0.00020517724441170397 -0.00040865050886349196 0.00037559129293323392 0.00043601189384141319 -0.0006088242039967804 -0.00031955003275673622 -0.00012726791471499814 -8.7916306926192364e-05 0.00011332034953014516 -0.00010247044923557482 5.3903279222922265e-05 0.0015399778669986331 0.0021797783320741224 0.00028380089183891192
leaf_weight=4454 14963 5717 78169.5 7325 39598 32715 42659 40164.5 108426 43568.5 7255 1637 789 11986
leaf_count=4454 14963 5717 78158 7325 39598 32714 42659 40160 108425 43562 7254 1637 789 11986
internal_value=3.46227e-06 -0.000166557 7.07558e-05 0.000115657 -0.000244 -0.000181289 -0.000325633 0.000168093 0.000223199 -0.000178688 -0.000506209 0.000337232 0.000151133 0.000401706
internal_weight=439426 124604 314822 266800 108004 40040 89512 226760 186596 48022.5 46853 16600 18492 12775
internal_count=439401 124603 314798 266782 108003 40039 89511 226743 186583 48016 46852 16600 18492 12775
is_linear=0
shrinkage=0.03


Tree=66
num_leaves=15
num_cat=0
split_feature=12 49 21 79 22 21 71 53 30 44 59 15 25 18
split_gain=5.87774 3.16908 3.43145 3.08331 2.80913 2.74889 2.51181 2.3541 2.74912 2.93412 2.132 2.2836 1.81879 1.76998
threshold=0.44379091262817388 0.075193982571363463 0.18374999612569812 84.500000000000014 0.52184998989105236 0.19225000590085986 0.0031403260072693233 -0.0011337262694723902 0.45984999835491186 0.023744991980493072 3.183099746704102 0.38310000300407415 0.054050000384449966 0.09271500259637834
decision_type=10 10 8 8 10 10 2 2 8 2 8 10 8 8
left_child=1 -1 4 10 -3 -5 7 8 -4 -10 11 -2 -6 -8
right_child=3 2 6 5 12 -7 13 -9 9 -11 -12 -13 -14 -15
leaf_value=0.00035543444392430662 -7.2317731861873207e-05 4.4694635719395903e-05 -0.00026305066626464911 0.00016756632853744062 0.00027816800207307503 -0.00074989419342483949 -8.5920157610819446e-05 0.00012289226892233846 0.00010818350652651827 -0.0016736951268008947 -0.00066947700228287682 -0.0025295097882738907 0.00090002669742125807 -0.00045974548891212792
leaf_weight=28920.5 72865.5 17742 39770 3691 8594 14393.5 48541.5 127986.5 46050.5 842 6052 337 8349 14894
leaf_count=28920 72865 17740 39768 3691 8593 14390 48538 127979 46046 842 6052 337 8349 14894
internal_value=-3.58192e-06 5.50063e-05 2.72217e-05 -0.000209237 0.000308561 -0.000562648 -7.87415e-06 4.11413e-05 -7.95917e-05 7.60131e-05 -0.000128564 -8.38018e-05 0.000584776 -0.00017372
internal_weight=439029 341690 312770 97339 34685 18084.5 278084 214649 86662.5 46892.5 79254.5 73202.5 16943 63435.5
internal_count=439004 341669 312749 97335 34682 18081 278067 214635 86656 46888 79254 73202 16942 63432
is_linear=0
shrinkage=0.03


Tree=67
num_leaves=15
num_cat=0
split_feature=9 51 17 61 63 46 55 20 24 51 39 63 46 17
split_gain=5.371 4.64933 4.23925 3.44341 3.14442 3.08146 2.99305 2.91764 2.87543 2.75361 2.61882 2.58971 2.50746 2.77763
threshold=0.050959581509232528 0.33285437524318701 55.354999542236335 0.58426213264465343 0.6585855782032014 0.92969471216201793 0.37681430578231817 -0.017245000228285786 1.4445000290870669 0.10263139382004739 0.12135000154376031 0.2257436886429787 0.63213086128234874 48.625000000000007
decision_type=10 10 8 2 2 10 2 10 8 8 10 2 10 8
left_child=1 3 5 8 12 -2 -5 -4 9 11 -10 -1 -3 -14
right_child=2 4 7 6 -6 -7 -8 -9 10 -11 -12 -13 13 -15
leaf_value=0.00049922008676923869 -0.00016330708684078618 4.5659591337990094e-05 -0.00084173134292411171 -0.00025773498327165016 1.7538093755130979e-06 0.0014485517867256128 3.3946209623327096e-05 0.0010041918723607737 -0.00017362993842303358 3.6349675663389496e-05 0.0021791063210629441 0.00018080035713647559 -0.00018472872579386283 -0.0011572976046871797
leaf_weight=31555 18446 3831 14121 45023 13472 1128 106662 811 29732 77445.5 427 84673.5 3948 8003
leaf_count=31551 18446 3831 14121 45019 13472 1128 106659 811 29731 77440 427 84667 3948 8002
internal_value=-1.292e-06 2.93379e-05 -0.000360547 5.77178e-05 -0.000334908 -7.00735e-05 -5.2636e-05 -0.000741171 0.000132501 0.000174932 -0.000139964 0.000267266 -0.000622203 -0.000836222
internal_weight=439278 404772 34506 375518 29254 19574 151685 14932 223833 193674 30159 116228 15782 11951
internal_count=439253 404747 34506 375494 29253 19574 151678 14932 223816 193658 30158 116218 15781 11950
is_linear=0
shrinkage=0.03


Tree=68
num_leaves=15
num_cat=0
split_feature=12 45 9 51 9 56 50 10 20 27 20 51 34 66
split_gain=5.62845 3.74558 4.08294 3.99699 3.20262 2.83508 2.6986 2.28188 3.2606 2.21738 3.61083 2.10786 2.08714 2.03489
threshold=0.45671063661575323 -0.0045134713873267165 0.017829408869147304 0.05272104591131211 0.053657680749893195 -0.0092087960802018625 -0.011565884575247763 -0.0069687156938016406 -0.32164999842643732 16.610000610351566 -0.2149500027298927 0.5513194501399995 0.0048850001767277726 0.71888476610183727
decision_type=10 2 10 10 8 2 2 10 10 8 10 10 10 10
left_child=1 3 -3 -1 9 -4 11 8 -7 10 -2 12 -5 -10
right_child=4 2 5 6 -6 7 -8 -9 13 -11 -12 -13 -14 -15
leaf_value=0.00063660608692895488 -0.00068236344532761914 0.0004486872076997822 -0.00050916750923371914 0.0016547877857259032 -0.00087207192666944417 -0.00054821591176246849 8.587395243316323e-05 5.566405855952187e-05 2.2564843562875063e-05 4.6392507441889275e-05 -0.00013037066275112247 -0.00077436996301663032 0.00012296986141124708 -0.00041797371758387473
leaf_weight=16431.5 14477 16415 11073 2385 6148 14725 79626.5 140266.5 54117 29558 40484.5 600 1205 11424.5
leaf_count=16428 14475 16414 11073 2385 6148 14721 79617 140265 54116 29558 40483 600 1205 11424
internal_value=-7.15645e-07 5.40978e-05 -8.45165e-06 0.000208843 -0.000211255 -4.08602e-05 0.00012495 -1.73354e-05 -0.000144898 -0.000163138 -0.000275816 0.000866566 0.00114151 -5.42512e-05
internal_weight=438936 348269 248021 100248 90667.5 231606 83816.5 220533 80266.5 84519.5 54961.5 4190 3590 65541.5
internal_count=438912 348248 248013 100235 90664 231599 83807 220526 80261 84516 54958 4190 3590 65540
is_linear=0
shrinkage=0.03


Tree=69
num_leaves=15
num_cat=0
split_feature=9 45 30 79 16 30 55 53 22 3 10 53 20 38
split_gain=4.47491 4.20332 4.74708 3.76983 3.28223 3.12344 3.07785 3.07602 3.1214 3.09978 3.03416 2.9455 2.8013 2.66501
threshold=0.026311482302844528 -0.0087842028588056547 0.30994999408721929 719.50000000000011 -0.09983500093221663 0.61594998836517345 0.44356407225131994 0.0037545531522482638 0.32015000283718115 -0.00057450000895187248 -0.040225867182016366 0.011597011238336565 -0.020305000245571133 0.0013635000213980677
decision_type=10 2 8 8 8 10 2 2 8 10 10 2 10 8
left_child=7 2 11 4 -3 10 -5 8 -1 -10 -4 -2 -8 -9
right_child=1 3 5 6 -6 -7 12 13 9 -11 -12 -13 -14 -15
leaf_value=-5.7813395252347924e-05 -0.00047052862986627655 0.00016696264207600656 0.0011899989168895671 -0.00082499216718098453 -0.00014584359751169867 0.0011175180169306978 -0.00026282320803380408 -0.001044385699552466 0.00033513991569195892 -6.0244569641680202e-05 0.00014649570888512271 0.0044653110090346832 0.0021287192267945769 1.4336719671861384e-05
leaf_weight=43323 10395 37108.5 2676 11815 161834.5 3749 17851.5 3628 79179 23036 38864.5 105 447 5206
leaf_count=43314 10395 37107 2676 11813 161834 3749 17846 3628 79179 23034 38859 105 447 5206
internal_value=-7.48236e-06 -7.79761e-05 0.000155525 -0.00013485 -8.74937e-05 0.000288772 -0.000447643 0.00012259 0.000155588 0.000246034 0.000213852 -0.000419068 -0.000203837 -0.000420811
internal_weight=439218 284846 55789.5 229056 198943 45289.5 30113.5 154372 145538 102215 41540.5 10500 18298.5 8834
internal_count=439192 284831 55784 229047 198941 45284 30106 154361 145527 102213 41535 10500 18293 8834
is_linear=0
shrinkage=0.03


Tree=70
num_leaves=15
num_cat=0
split_feature=9 71 16 70 68 55 20 55 26 20 20 27 39 34
split_gain=4.25795 3.67441 3.49073 3.39522 3.69882 3.10325 3.08976 3.22229 2.78276 3.96221 2.59714 2.64871 2.59536 2.55432
threshold=0.022747864015400413 -0.0043143671937286845 0.39305000007152563 0.0035117439692839984 -1.8899574570241381e-05 0.72808551788330089 -0.23914999514818189 0.18278816342353824 0.10795000195503236 -0.49334999918937678 -0.029275000095367428 14.775000095367433 0.054884999990463264 0.0053675000090152034
decision_type=10 2 8 2 2 2 8 2 8 10 8 10 8 10
left_child=5 -2 3 8 -5 6 -1 13 9 -3 11 -4 -7 -8
right_child=1 2 10 4 -6 12 7 -9 -10 -11 -12 -13 -14 -15
leaf_value=-0.00019269886781276305 0.00017958275838076554 -0.0017746355707260564 -0.0011999954108197293 -0.00064101969692807704 -0.00011518691784186504 -0.00031408643447899856 -0.0010615782396349571 0.00033760211976260407 9.9578696892008538e-05 -0.00010776499687175612 -0.00010665013565492443 -0.00035312513516728728 -0.0025352753991902846 0.00081717249697274097
leaf_weight=13860.5 56797.5 1304 5597 15250 57135 2173 2621 72064.5 123841.5 65821.5 13038.5 8189 601 862
leaf_count=13860 56794 1303 5597 15248 57133 2173 2621 72061 123839 65814 13038 8189 601 862
internal_value=7.07759e-06 -4.10719e-05 -8.42639e-05 -5.10518e-05 -0.000226005 0.000188305 0.000218981 0.000294518 1.52676e-05 -0.000140276 -0.000410256 -0.000697258 -0.000799013 -0.000596105
internal_weight=439156 346974 290176 263352 72385 92182 89408 75547.5 190967 67125.5 26824.5 13786 2774 3483
internal_count=439133 346955 290161 263337 72381 92178 89404 75544 190956 67117 26824 13786 2774 3483
is_linear=0
shrinkage=0.03


Tree=71
num_leaves=15
num_cat=0
split_feature=12 45 24 50 20 27 19 18 53 3 76 69 31 13
split_gain=4.52239 3.45793 3.55176 2.82395 2.74079 3.75038 2.66556 2.54573 2.28826 2.14193 2.09905 2.13708 2.08691 2.07909
threshold=0.46066114306449896 -0.0023910077288746829 0.77095001935958873 -0.011565884575247763 -0.2149500027298927 16.715000152587894 0.17535000294446948 0.070244997739791884 -0.0025795127730816598 -0.0011249999515712259 1.5000000000000002 0.44543650746345526 0.90715000033378612 0.40983690321445471
decision_type=10 2 8 2 8 8 10 8 2 10 2 2 10 10
left_child=1 2 9 -4 5 -2 -6 8 -3 -1 11 -9 -8 -10
right_child=4 7 3 -5 6 -7 12 10 13 -11 -12 -13 -14 -15
leaf_value=0.00050098654431880165 -0.00074153875594929332 -0.00018300104417232519 0.00090822602390648957 3.9597108898057313e-05 7.5877250210027792e-05 -3.5238768479094396e-05 -0.0007462610984114911 -0.00037612352598791947 2.4962442244646874e-05 -0.00013954100006883708 -0.00024199664871172845 0.00086885984944737045 -0.00012680945728299044 0.00028562306147424701
leaf_weight=34975.5 15373 31582.5 3505 83552 39766.5 12083 7395 2018 94433.5 5425.5 52491 3208 14466 38874
leaf_count=34970 15372 31581 3505 83548 39765 12083 7395 2018 94428 5421 52491 3208 14466 38874
internal_value=9.34294e-06 5.79083e-05 0.000182512 7.46191e-05 -0.000181494 -0.000430769 -7.04115e-05 -1.34382e-05 4.65849e-05 0.000414963 -0.000184905 0.000388214 -0.000336476 0.000100982
internal_weight=439148 350065 127458 87057 89083.5 27456 61627.5 222607 164890 40401 57717 5226 21861 133308
internal_count=439125 350044 127444 87053 89081 27455 61626 222600 164883 40391 57717 5226 21861 133302
is_linear=0
shrinkage=0.03


Tree=72
num_leaves=15
num_cat=0
split_feature=79 14 18 21 70 64 8 54 19 39 24 54 49 21
split_gain=4.51888 3.78243 3.42051 3.36692 3.13479 4.08916 2.64304 2.64093 2.48527 2.41402 2.39983 2.36278 2.21512 2.16917
threshold=719.50000000000011 -0.092059999704360948 0.20255000144243243 0.52625000476837169 0.0036912850337103014 0.57623082399368297 0.00022750000061932954 0.011293898336589338 0.17785000056028369 0.036070000380277641 1.250500023365021 -2.6333489167029708e-08 0.024378357455134395 0.68994998931884777
decision_type=8 10 8 10 2 10 8 2 10 10 10 2 10 10
left_child=2 9 4 -3 5 6 -1 -5 10 -2 -7 -6 -8 -4
right_child=1 3 13 7 11 8 12 -9 -10 -11 -12 -13 -14 -15
leaf_value=-6.07762209984827e-05 0.00020284408918888727 -0.00026052366876792166 -0.00027818986897324056 -0.0010765167106524625 -0.00035633357402562068 0.00015675142783163538 0.00085778999563267035 0.0023173995792183655 -0.00030058471322824627 0.002891346969520852 -0.00020124482536420398 -6.3865197645832829e-06 0.00023709162807822369 -0.0014346334040946085
leaf_weight=27496 8255 31126 12885.5 7054 21676 55353 5382 208 23983 307 24223.5 87218.5 131818 1642
leaf_count=27491 8255 31118 12885 7054 21674 55352 5382 208 23983 307 24223 87218 131815 1642
internal_value=8.94811e-06 -0.000269158 4.22874e-05 -0.000396319 5.96892e-05 0.000114794 0.000207671 -0.00097778 -3.29151e-05 0.000300875 4.77697e-05 -7.60584e-05 0.00026147 -0.000409348
internal_weight=438628 46950 391678 38388 377150 268256 164696 7262 103560 8562 79576.5 108894 137200 14527.5
internal_count=438607 46942 391665 38380 377138 268246 164688 7262 103558 8562 79575 108892 137197 14527
is_linear=0
shrinkage=0.03


Tree=73
num_leaves=15
num_cat=0
split_feature=60 30 53 12 19 63 51 50 54 20 58 79 43 14
split_gain=4.03709 3.78234 3.02343 2.79644 2.31309 2.3778 2.72753 2.30039 2.29007 2.1867 2.33356 2.15429 2.09891 2.08358
threshold=0.85401818156242382 0.61594998836517345 0.0053043572697788486 0.56911876797676098 0.13645000010728839 0.16933350265026095 0.5513194501399995 -0.012636557221412657 0.017100393772125248 -0.50964999198913563 0.010487613268196585 85.500000000000014 -0.049975013360381119 -0.038465000689029687
decision_type=2 10 2 10 8 2 10 2 2 8 2 8 2 8
left_child=1 3 8 7 11 6 -6 12 -3 10 -9 -2 -1 -14
right_child=4 2 -4 -5 5 -7 -8 9 -10 -11 -12 -13 13 -15
leaf_value=-0.0030562384496442972 4.0834752306029852e-05 0.00040893237069147972 -0.0010568318905595244 -0.00023607861105299938 -0.0006548333489928154 -0.00025086806627757312 -0.0023141678103722647 -0.0013861207665187825 -0.0022639474988247134 4.5777642268085299e-05 -0.00012342848564934918 -0.00051767172316917682 0.0021401647824255258 0.00042818808779098106
leaf_weight=112 31785 34930 1351 36409 6312 18249 1035 1942 286 292081 4076 7721.5 1001 1767
leaf_count=112 31785 34929 1351 36409 6312 18249 1035 1942 286 292062 4076 7719 1001 1767
internal_value=5.68482e-06 4.36419e-05 0.000333429 1.22294e-05 -0.000212331 -0.000434462 -0.000890005 4.22703e-05 0.000386907 3.41106e-05 -0.00053171 -6.83764e-05 0.000885329 0.00105004
internal_weight=439058 373955 36567 337388 65102.5 25596 7347 300979 35216 298099 6018 39506.5 2880 2768
internal_count=439035 373935 36566 337369 65100 25596 7347 300960 35215 298080 6018 39504 2880 2768
is_linear=0
shrinkage=0.03


Tree=74
num_leaves=15
num_cat=0
split_feature=12 64 17 11 30 32 6 25 66 66 10 50 30 18
split_gain=4.41188 3.26195 3.2152 3.02534 3.47871 3.30868 3.09275 2.73244 2.76423 2.53297 2.35428 2.68049 3.27371 2.61405
threshold=0.44379091262817388 0.92688494920730602 51.655000686645515 -0.41052116453647608 0.49275000393390661 -0.048389999195933335 -0.0012024999596178529 0.048465000465512283 0.70644485950469982 0.90329355001449596 0.092030655592679991 0.0065179248340427884 0.37704999744892126 0.15104999393224719
decision_type=10 10 8 8 8 10 8 8 10 10 10 2 8 10
left_child=1 3 -3 5 -5 6 -1 8 -6 -2 11 12 13 -4
right_child=9 2 10 4 7 -7 -8 -9 -10 -11 -12 -13 -14 -15
leaf_value=0.00096324437443467601 -0.00013121010769707176 0.00013282993042577589 -0.0018642726187272985 2.482104772417212e-05 0.00029864104522280021 6.1010053038519093e-05 -0.00034129532115800783 0.00046684825636178397 -0.00015181391472237764 -0.00066392143172160089 -0.0019860774257029539 0.00038279554255990598 -0.0003302276307810867 8.8223539540592094e-05
leaf_weight=1712 88283 10856 2677 96496 34997 87485.5 34591.5 40576 18867 8833 942 2863 8916 801
leaf_count=1712 88281 10856 2677 96494 34988 87484 34588 40576 18865 8833 942 2863 8915 801
internal_value=-1.26371e-06 4.94386e-05 -0.000266634 7.66133e-05 0.000151505 -3.89028e-05 -0.000279652 0.000280938 0.00014086 -0.000179694 -0.0005343 -0.000444042 -0.000635118 -0.00141512
internal_weight=438896 341780 27055 314725 190936 123789 36303.5 94440 53864 97116 16199 15257 12394 3478
internal_count=438875 341761 27054 314707 190923 123784 36300 94429 53853 97114 16198 15256 12393 3478
is_linear=0
shrinkage=0.03


Tree=75
num_leaves=15
num_cat=0
split_feature=60 70 30 64 63 55 47 45 30 1 60 45 39 18
split_gain=4.43827 3.61263 3.4601 3.27692 3.88555 2.51448 3.33483 2.42402 2.14885 2.16873 2.14284 2.11096 2.7289 2.56452
threshold=0.80787101387977611 0.0026259839069098239 0.55215001106262218 0.94625878334045421 0.6585855782032014 0.40038910508155828 0.20933379977941516 -0.034174716100096696 0.36044999957084661 -0.00092949997633695592 0.092908266931772246 0.026179804466664795 -0.0049819999840110532 0.11995000019669534
decision_type=2 2 10 10 2 2 8 2 8 10 2 2 8 8
left_child=1 2 -1 7 8 10 -7 -2 9 -5 -3 13 -13 -9
right_child=3 5 -4 4 -6 6 -8 11 -10 -11 -12 12 -14 -15
leaf_value=6.1116111774270153e-05 0.0022302821721746054 0.0002164864792136517 0.00033645848128598625 -0.0024481542369985984 -2.7930905903026651e-05 -3.4083156463457193e-05 0.00064879089537685155 -9.0279424150992602e-05 -0.00084281732102805098 0.0020081307780798348 -0.0003499612807055122 -0.00042547767284687555 0.0010483900672766911 -0.00059707474732922342
leaf_weight=172885 390 7185.5 53872.5 1402 4915 76205.5 7025 58256 4878 102 36660.5 1830 2944 10621
leaf_count=172879 390 7185 53865 1402 4915 76202 7025 58252 4878 102 36655 1830 2944 10621
internal_value=7.94122e-06 5.47779e-05 0.000126537 -0.000186248 -0.000662058 -7.32707e-05 2.35898e-05 -0.00011361 -0.00115002 -0.00214028 -0.000257117 -0.000126172 0.000483564 -0.000168466
internal_weight=439172 353834 226758 85338 11297 127076 83230.5 74041 6382 1504 43846 73651 4774 68877
internal_count=439145 353811 226744 85334 11297 127067 83227 74037 6382 1504 43840 73647 4774 68873
is_linear=0
shrinkage=0.03


Tree=76
num_leaves=15
num_cat=0
split_feature=60 70 50 51 18 47 30 23 45 47 45 35 9 17
split_gain=4.42147 3.70089 3.07444 2.99667 2.94549 2.69073 2.56796 2.51284 2.48666 2.14327 2.00301 2.00238 1.98079 2.73692
threshold=0.75687175989151012 -0.0012982229818589983 -0.014308394398540257 0.36779321730136877 0.11995000019669534 -0.39094525575637812 0.49975000321865087 2.4314999580383305 0.035265894606709487 0.55914023518562328 0.043268291279673583 0.030544999986886982 0.02424431033432484 45.305000305175788
decision_type=2 2 2 10 8 10 10 10 2 10 2 8 10 8
left_child=1 2 5 4 -2 -1 7 -4 -5 -8 -6 -7 13 -3
right_child=3 12 6 8 10 11 9 -9 -10 -11 -12 -13 -14 -15
leaf_value=-0.0013908288044061649 -3.8337498022489739e-05 -0.0001857506928151295 8.102567072852409e-05 -0.00083492959676747852 -0.000562636675839494 0.001263231430252946 0.00036872557326868912 -0.0013675087104940749 6.8313043388668141e-05 -0.001949624586840757 0.0016231815113991893 0.0038296099472878483 -8.4537251145347703e-05 0.00024274435434909296
leaf_weight=238 79632 19105 72952 9899 14048.5 899 43367.5 1089 3793 357 383 394 147941.5 45022
leaf_count=238 79629 19103 72952 9899 14048 899 43362 1089 3793 357 383 394 147932 45022
internal_value=-3.26217e-06 5.1023e-05 0.000184693 -0.000170192 -0.000109817 0.00151823 0.000167292 5.96296e-05 -0.000584777 0.000349576 -0.000504085 0.00205699 -2.41739e-05 0.000115081
internal_weight=439120 331365 119296 107756 94063.5 1531 117766 74041 13692 43724.5 14431.5 1293 212068 64127
internal_count=439100 331348 119291 107752 94060 1531 117760 74041 13692 43719 14431 1293 212057 64125
is_linear=0
shrinkage=0.03


Tree=77
num_leaves=15
num_cat=0
split_feature=57 64 70 24 18 13 65 79 30 17 20 6 44 43
split_gain=3.8135 3.5245 3.27981 3.0852 2.86223 2.93146 2.8282 2.82333 2.80762 2.70244 2.35628 2.30353 2.13133 2.12975
threshold=-1.0000000180025095e-35 0.92688494920730602 0.0022240882972255353 1.3044999837875368 0.11545000225305559 0.28161390125751501 0.81800562143325817 76.500000000000014 0.35825000703334814 38.48500061035157 -0.01930500008165836 -0.0006055000121705233 -0.022382671013474461 0.0050028266850858935
decision_type=2 10 2 10 10 8 8 8 8 10 10 10 2 2
left_child=2 4 3 11 5 7 8 -2 9 -3 -6 -1 -7 -8
right_child=1 6 -4 -5 10 12 13 -9 -10 -11 -12 -13 -14 -15
leaf_value=0.00033224795959291644 -2.1380679963360562e-05 0.00065771604393889639 -3.2172424845056822e-05 -0.00010400467652601526 -0.00050516067678147358 0.0011002904907970962 -0.00077882871299190777 -0.0004234509852507985 -0.00042697754959115014 -0.0016976972574520878 0.0002354505029246257 -8.8276843561315682e-05 0.00012573763010996614 0.00047450219227543626
leaf_weight=87515.5 86655.5 505 92417 23756.5 18262 2075 1711 19196 11417 3206 4901 13534.5 69785 4219
leaf_count=87513 86655 505 92411 23756 18262 2075 1711 19191 11416 3206 4901 13528 69783 4219
internal_value=1.39384e-05 -7.35222e-05 0.000103295 0.000203603 -3.48087e-05 6.07873e-06 -0.000442719 -9.4312e-05 -0.000660332 -0.00137671 -0.00034844 0.000275922 0.000153953 0.000112524
internal_weight=439156 221932 217224 124806 200874 177712 21058 105852 15128 3711 23163 101050 71860 5930
internal_count=439132 221924 217208 124797 200867 177704 21057 105846 15127 3711 23163 101041 71858 5930
is_linear=0
shrinkage=0.03


Tree=78
num_leaves=15
num_cat=0
split_feature=9 64 63 17 46 63 51 63 22 49 28 44 23 20
split_gain=4.00243 3.47225 3.83035 3.13037 3.15779 2.56619 3.20352 2.49284 3.43526 2.35739 3.18743 2.33506 2.29915 2.45215
threshold=0.050959581509232528 0.63209992647171032 0.90792226791381847 55.354999542236335 0.92969471216201793 0.50938987731933605 0.82615041732788097 0.28265455365180975 0.34174999594688421 0.014289641287177803 0.27879999577999121 -0.028615836985409256 2.3205000162124638 -0.010954999830573795
decision_type=10 10 2 8 10 2 10 2 8 10 8 2 10 10
left_child=1 2 7 4 9 6 -3 -1 -9 -2 -11 -6 13 -5
right_child=3 5 -4 12 11 -7 -8 8 -10 10 -12 -13 -14 -15
leaf_value=0.00026726260392806927 0.0015345664880067565 -0.00019114434704079711 -0.00040536257978814641 -0.00055463024860250725 0.0031976312391796251 1.9394913866164953e-05 -0.0012463231482438778 -0.00014041884016914696 0.0001411806900372957 -0.0013389011496095749 -8.7669728112355798e-05 0.00040000205729930673 -0.0014716435087279481 0.0018840492362847707
leaf_weight=65038 700 68824.5 13803 12133 427 76136.5 2686 57563 120802.5 2071 15620 714 2529 378
leaf_count=65031 700 68821 13803 12133 427 76134 2685 57555 120797 2071 15620 714 2529 378
internal_value=-1.23189e-05 1.41405e-05 8.07054e-05 -0.000322128 -7.15847e-05 -0.000101817 -0.000230862 0.000108277 5.03001e-05 -0.00016675 -0.000234482 0.00145635 -0.000647368 -0.000480226
internal_weight=439426 404854 257206 34572 19532 147647 71510.5 243404 178366 18391 17691 1141 15040 12511
internal_count=439398 404826 257186 34572 19532 147640 71506 243383 178352 18391 17691 1141 15040 12511
is_linear=0
shrinkage=0.03


Tree=79
num_leaves=15
num_cat=0
split_feature=9 45 79 14 25 59 20 58 30 10 50 51 18 44
split_gain=3.57513 4.04713 3.55747 3.05689 2.89496 3.13531 2.81968 3.09396 2.77636 2.72108 2.54053 3.44945 2.46872 2.57144
threshold=0.02167436666786671 -0.0038169696927070613 87.500000000000014 0.21155000478029254 0.04958500154316426 2.2147263288497929 -0.021304999478161332 0.010751057881861927 0.32774999737739569 -0.074374321848154054 -0.014308394398540257 0.5513194501399995 -0.076614998281002031 -0.019116121344268319
decision_type=10 2 8 10 8 10 10 2 8 10 2 10 8 2
left_child=4 8 3 12 5 -1 7 -4 -2 -9 11 -10 -3 -14
right_child=1 2 6 -5 -6 -7 -8 9 10 -11 -12 -13 13 -15
leaf_value=0.00014748728024659418 -0.00019964718984948957 0.00023627935173665442 -0.00062719891042303431 -0.0024134036376110848 0.00039114916946389862 -0.00051137538279605061 0.00092238162679581003 0.0035506370728989826 0.0018497645939123714 -0.00014580150326721456 0.00015479219306165085 -0.0013549641505555955 -0.0016328474447536649 -8.0078049383540756e-05
leaf_weight=32680 21602 23851 23652 489 34046 8109 1499 176 1592 18396 91193.5 369 960 180609.5
leaf_count=32678 21602 23851 23645 489 34046 8108 1499 176 1592 18396 91183 369 960 180607
internal_value=-1.92248e-06 -4.07107e-05 -0.000108498 -5.63073e-05 0.000186937 1.64564e-05 -0.000354249 -0.000399675 0.000106746 -0.000109825 0.000177804 0.00124482 -5.06377e-05 -8.83326e-05
internal_weight=439224 364389 249632 205910 74835 40789 43723 42224 114756 18572 93154.5 1961 205420 181570
internal_count=439201 364369 249623 205907 74832 40786 43716 42217 114746 18572 93144 1961 205418 181567
is_linear=0
shrinkage=0.03


Tree=80
num_leaves=15
num_cat=0
split_feature=79 20 18 27 24 11 30 53 59 53 14 80 15 3
split_gain=3.46794 3.46772 3.40421 3.12692 2.73258 2.51669 2.37595 2.80739 2.33515 2.47016 2.324 2.16745 2.09399 2.83453
threshold=707.50000000000011 -0.022265000268816944 0.094174999743700041 14.954999923706056 0.75454998016357433 0.28075866401195532 0.61594998836517345 0.0037545531522482638 2.7489548921585087 -0.0031722917919978495 0.21155000478029254 6.5000000000000009 0.0067014999222010383 0.004173499997705222
decision_type=8 10 10 8 10 10 10 2 10 2 10 8 10 8
left_child=6 2 3 4 -2 12 10 8 -8 -10 11 -1 13 -5
right_child=1 -3 -4 5 -6 -7 7 -9 9 -11 -12 -13 -14 -15
leaf_value=0.00024733403218526339 0.00024064721894453002 0.0013503285384259078 -0.00087538166810605664 0.00076917419138223305 -0.000688315102808616 0.00060701455295264354 0.00039132625100002139 -0.00064954582294817094 -0.0012016551660786942 0.00035964640180099615 -0.0014802663908079442 -1.7464125109289059e-05 0.00047291949952937682 -0.00050032844095064175
leaf_weight=30463.5 3647 1191 7402 1849 12997.5 5625 33945 2930 1788 1852.5 945 320079 3985 10835
leaf_count=30463 3647 1191 7402 1849 12989 5625 33943 2930 1788 1852 945 320069 3985 10835
internal_value=-2.73186e-06 -0.000244717 -0.000285853 -0.000173689 -0.000484758 5.86093e-05 2.66123e-05 0.000244138 0.000313883 -0.00040777 1.53533e-06 5.55106e-06 -0.000126578 -0.000315038
internal_weight=439534 47531.5 46340.5 38938.5 16644.5 22294 392003 40515.5 37585.5 3640.5 351488 350542 16669 12684
internal_count=439513 47523 46332 38930 16636 22294 391990 40513 37583 3640 351477 350532 16669 12684
is_linear=0
shrinkage=0.03


Tree=81
num_leaves=15
num_cat=0
split_feature=64 63 12 79 14 64 11 24 79 79 10 79 31 44
split_gain=3.68483 3.35152 3.11446 3.01893 2.86478 2.6238 2.45985 3.94738 3.46683 2.36329 2.35974 2.25822 2.21589 1.99642
threshold=0.91946139931678783 0.6585855782032014 0.45370756089687353 168.50000000000003 -0.0039780000224709502 0.046710789203643806 -0.39926946163177485 1.0864999890327456 75.500000000000014 2.5000000000000004 -0.04546507075428962 1374.5000000000002 0.70235002040863048 -0.043330574408173554
decision_type=10 2 10 8 10 8 8 10 8 8 8 10 8 2
left_child=2 4 6 -4 -2 -5 8 12 13 -3 -10 -6 -8 -1
right_child=1 9 3 5 11 -7 7 -9 10 -11 -12 -13 -14 -15
leaf_value=0.0027033632553563076 -9.4484842987859393e-05 0.00091489658652403822 -5.3469563728554145e-05 0.0010063141368453436 -0.00077168066124850068 -0.00064107240945648891 -0.00097507349880556447 -4.8729613403118271e-05 0.00078792598191778339 -0.00011824869823855733 -0.00045089142005622074 -0.0033397810238987142 0.00025157132442173667 3.5162998689062092e-05
leaf_weight=248 7549 2311 71894.5 927 11784 13221 1335 65821.5 1477 14269 20994 312 123422.5 103461.5
leaf_count=248 7549 2311 71894 926 11783 13219 1335 65818 1477 14269 20989 312 123412 103459
internal_value=1.67176e-06 -0.000288125 2.77372e-05 -0.000132315 -0.00055317 -0.000532816 7.12141e-05 0.000139238 -3.15283e-05 2.59885e-05 -0.000369308 -0.000839274 0.000238407 4.16735e-05
internal_weight=439027 36225 402802 86042.5 19645 14148 316760 190579 126180 16580 22471 12096 124758 103710
internal_count=439001 36224 402777 86039 19644 14145 316738 190565 126173 16580 22466 12095 124747 103707
is_linear=0
shrinkage=0.03


Tree=82
num_leaves=15
num_cat=0
split_feature=12 64 50 70 66 31 67 27 30 20 27 15 30 37
split_gain=3.69665 2.84566 2.93501 2.39596 2.38539 2.83888 2.48017 2.00482 3.14443 1.97782 2.46978 1.95904 1.83318 1.86572
threshold=0.41854105889797216 0.92688494920730602 -0.010099793784320353 0.029826167970895771 0.95010372996330272 0.68154999613761913 -0.012389608193188904 14.775000095367433 0.39775000512599951 -0.50964999198913563 16.125000000000004 -0.069844998419284807 0.52034997940063488 0.023045000620186332
decision_type=10 10 2 2 10 8 2 8 10 8 10 10 8 8
left_child=1 2 -1 9 6 -6 -2 8 11 10 -4 -8 13 -7
right_child=4 -3 3 -5 5 12 7 -9 -10 -11 -12 -13 -14 -15
leaf_value=0.00074637465174302354 -0.00090330224624001572 -0.00024871719985626952 -0.0012573999985332639 -0.0011280734905533957 -0.0056629502612964384 -0.00042184894498757642 -0.0014100055867184162 3.811309067812473e-05 -6.9603718721290806e-05 8.0760547747859147e-05 2.0112902114203916e-06 -0.00044684971290859195 -0.0014340809118817373 0.0027123399770954361
leaf_weight=5770 3505 26309 2238 1506 100 3080 2226 51861.5 34188.5 289343 3735 12914.5 1833 176
leaf_count=5770 3505 26308 2238 1506 100 3080 2226 51861 34185 289323 3735 12914 1833 176
internal_value=1.88281e-07 5.05194e-05 7.65403e-05 6.35069e-05 -0.000150456 -0.000777998 -0.000119317 -9.21187e-05 -0.000229026 6.96025e-05 -0.00047053 -0.000588874 -0.000676543 -0.000248534
internal_weight=438786 328901 302592 296822 109884 5189 104696 101190 49329 295316 5973 15140.5 5089 3256
internal_count=438760 328880 302572 296802 109880 5189 104691 101186 49325 295296 5973 15140 5089 3256
is_linear=0
shrinkage=0.03


Tree=83
num_leaves=15
num_cat=0
split_feature=60 70 30 47 71 49 79 64 6 35 26 64 65 79
split_gain=3.57507 3.77274 3.1851 2.53935 3.1254 2.34505 2.2112 2.15571 2.13443 1.99357 1.93936 1.9113 3.28522 2.55218
threshold=0.84652313590049755 1.0000000180025095e-35 0.64574998617172252 0.21991630643606189 -0.004405232146382331 0.008115966338664295 1765.5000000000002 0.57623082399368297 -0.00071950000710785378 0.47249999642372137 0.098075002431869521 0.91182947158813488 0.53707745671272289 2.5000000000000004
decision_type=2 2 10 8 2 10 8 10 10 10 10 8 10 10
left_child=1 2 7 4 -3 -2 -6 8 -1 11 -9 -7 -13 -14
right_child=5 3 -4 -5 6 9 -8 10 -10 -11 -12 12 13 -15
leaf_value=0.00025122288155715898 0.0008742523226892828 0.00014024641988709819 0.0006579162563797573 0.00030222527834458662 -0.00012493528814974935 -0.00012607928011713047 -0.00062040938233780263 -0.00026845837895628531 -0.00011874652194874587 -0.0031610766290733421 8.4194346456878066e-05 -0.00098268412866035749 0.00084848971924076559 -0.00040296960527827437
leaf_weight=90012 1801 41765.5 10115 16693 120621.5 51661 8686 20320 16623.5 202 45344.5 7025 1956 5813
leaf_count=90009 1801 41763 10115 16693 120618 51658 8683 20320 16618 202 45343 7025 1956 5813
internal_value=6.66496e-06 4.34967e-05 0.000140662 -5.09012e-05 -8.53664e-05 -0.000192488 -0.000158241 0.000110278 0.000193545 -0.000221374 -2.49468e-05 -0.000212201 -0.000512795 -8.75468e-05
internal_weight=438639 370181 182415 187766 171073 68458 129308 172300 106636 66657 65664.5 66455 14794 7769
internal_count=438617 370162 182405 187757 171064 68455 129301 172290 106627 66654 65663 66452 14794 7769
is_linear=0
shrinkage=0.03


Tree=84
num_leaves=15
num_cat=0
split_feature=70 60 50 30 51 49 79 4 47 12 27 51 20 28
split_gain=3.7287 4.04907 3.27586 3.20518 3.0267 2.35132 2.73999 2.48537 2.24871 2.19773 2.7015 2.02676 1.98125 2.23134
threshold=0.0059493484441190967 0.78060147166252147 -0.014308394398540257 0.58104997873306286 0.51455464959144603 0.008115966338664295 75.500000000000014 4.6456458568573007 0.55914023518562328 0.56911876797676098 16.564999580383304 0.82615041732788097 -0.49334999918937678 0.32239998877048498
decision_type=2 2 2 10 8 10 8 8 10 10 8 8 8 10
left_child=1 2 11 9 5 -3 -7 -8 -5 12 -11 -1 13 -4
right_child=-2 4 3 8 -6 6 7 -9 -10 10 -12 -13 -14 -15
leaf_value=0.0016948399365282519 -0.00016994773330879519 0.00084298031433516945 -0.0017904855602703838 0.00034288963964532149 -0.00092055421767631076 -3.6927608689203201e-05 0.00066779792160441 -0.00062109145319793767 -0.00217754403471122 -0.00048495248561559361 0.00017845560162386458 -0.0018426204619275532 9.2073375003829175e-05 -0.00018798381349233119
leaf_weight=1625 93553.5 2307 998 43855 4258 59149 1492.5 13419.5 316 14399 8958 156 191040.5 3556
leaf_count=1625 93549 2307 998 43850 4258 59149 1489 13419 316 14399 8958 156 191030 3556
internal_value=-1.94126e-06 4.3549e-05 0.000100205 9.1512e-05 -0.000142595 -9.91615e-05 -0.000128564 -0.00049191 0.000324614 4.448e-05 -0.000230535 0.0013807 7.7326e-05 -0.000540747
internal_weight=439083 345530 264904 263122 80626 76368 74061 14912 44171 218952 23357 1781 195594 4554
internal_count=439059 345510 264888 263107 80622 76364 74057 14908 44166 218941 23357 1781 195584 4554
is_linear=0
shrinkage=0.03


Tree=85
num_leaves=15
num_cat=0
split_feature=79 13 13 72 45 56 54 67 24 16 39 24 16 56
split_gain=3.24937 2.67666 2.87822 2.54954 2.47942 2.74425 2.65106 2.37044 2.25484 2.01692 2.01634 2.42012 2.25972 2.81771
threshold=719.50000000000011 0.26272976398468023 1.0000000180025095e-35 -0.0097383195534348471 -0.0034834855468943711 -0.0094004734419286234 0.0030381075339391832 0.0047033834271132955 0.62985000014305126 0.62305000424385082 0.032564999535679824 1.250500023365021 0.36225000023841863 -0.0057723398786038152
decision_type=8 8 10 2 2 2 2 2 8 10 10 10 10 2
left_child=3 2 -2 -1 8 -6 -7 9 -5 -4 11 12 13 -10
right_child=1 -3 7 4 5 6 -8 -9 10 -11 -12 -13 -14 -15
leaf_value=-0.00057249206217754021 0.00045450433714948416 3.3545378010231845e-05 -0.00058067898501190521 0.00041274806087672196 -0.00052435076848699315 -7.857493643718147e-05 0.00011698773104418481 0.00023881213063825155 0.00039987183277707971 -0.0020109122020133736 0.00032353995006732556 -0.00026021292203808977 -0.00068904064110374467 -5.8879462840985573e-05
leaf_weight=6282 2987 19471 20815.5 23550.5 9174 148488.5 107582 3146.5 23851.5 923 24041 21524.5 2931.5 24346
leaf_count=6282 2987 19469 20810 23545 9174 148486 107582 3144 23849 923 24041 21524 2931 24344
internal_value=-1.59783e-06 -0.000236342 -0.000424854 2.67721e-05 3.65451e-05 -1.46825e-05 3.5868e-06 -0.000530476 0.000149542 -0.000641854 8.54191e-05 6.60827e-06 0.00011895 0.000168161
internal_weight=439114 47343 27872 391772 385490 265244 256070 24885 120245 21738.5 96694.5 72653.5 51129 48197.5
internal_count=439091 47333 27864 391758 385476 265242 256068 24877 120234 21733 96689 72648 51124 48193
is_linear=0
shrinkage=0.03


Tree=86
num_leaves=15
num_cat=0
split_feature=49 9 58 67 79 22 13 12 24 45 8 15 22 45
split_gain=3.37441 3.86535 2.9774 2.6119 2.50298 3.07 2.56166 2.40325 2.3993 2.26591 2.08474 2.04906 1.92061 1.87752
threshold=0.024378357455134395 0.050959581509232528 0.010789634194225075 -0.012389608193188904 89.500000000000014 0.66685000061988842 0.42883054912090307 0.25490447878837591 1.7014999985694887 -0.03876190818846225 -0.001079499954357743 0.33654999732971197 1.1905000209808352 -0.0029189565684646364
decision_type=10 10 2 2 8 8 10 10 8 2 10 10 10 2
left_child=9 3 10 -2 8 6 -6 -7 13 -1 -3 -4 -9 -5
right_child=1 2 11 4 5 7 -8 12 -10 -11 -12 -13 -14 -15
leaf_value=0.0020276125920934973 -0.0004367747004241878 -0.00084159120983130233 -3.6369625798288044e-05 0.00018115046559834833 -0.0005006006620156396 0.00043748375808413037 0.00021684904174068976 -0.00012772022089945167 -0.00032132892654853089 0.00036266893634105224 0.00076899687681868383 -0.0010670107825390561 -0.002619289810328107 2.2209903163454662e-05
leaf_weight=774 11452 10317 20023 96734.5 24395.5 10132 5483 12148 14661.5 13344 774 1896 280 216785.5
leaf_count=774 11452 10317 20023 96724 24386 10132 5481 12148 14661 13343 774 1896 280 216784
internal_value=-1.57152e-06 -1.67283e-05 -0.000328477 9.52276e-06 2.29564e-05 -0.000169492 -0.000368927 9.46639e-05 5.37089e-05 0.000454633 -0.000728898 -0.000125743 -0.000184886 7.12521e-05
internal_weight=439200 425082 33010 392072 380620 52438.5 29878.5 22560 328182 14118 11091 21919 12428 313520
internal_count=439175 425058 33010 392048 380596 52427 29867 22560 328169 14117 11091 21919 12428 313508
is_linear=0
shrinkage=0.03


Tree=87
num_leaves=15
num_cat=0
split_feature=12 18 27 30 53 15 54 45 24 54 69 64 53 19
split_gain=3.51367 3.17137 2.4221 2.74446 2.81281 2.21953 2.09061 2.06612 2.72033 2.05149 2.04866 1.88864 1.9493 1.9481
threshold=0.28542423248291021 0.21235000342130664 15.454999923706056 0.42004999518394476 0.0024219116894528274 -0.00084019999485462893 0.0026047594146803026 -0.0012187495012767611 0.6821500062942506 -0.0013708337792195378 0.80568268895149242 0.96881079673767101 -0.0041081192903220645 0.23095000535249713
decision_type=10 10 10 10 2 8 2 2 10 2 2 10 2 10
left_child=7 2 3 4 5 6 -2 8 -1 10 -9 12 -3 -14
right_child=1 11 -4 -5 -6 -7 -8 9 -10 -11 -12 -13 13 -15
leaf_value=0.00044161616037526399 -0.0010185911841347401 0.00078799785495057748 5.5974001157641979e-05 -4.1721194527812298e-05 0.00036655912270348038 -0.0002664380810390698 -0.00021969622555432253 -0.00069542635463436687 9.1317035469226819e-05 3.765067973270697e-05 0.00029871668092139471 -0.0033585191957696569 -0.0025450756559812528 -0.00067718320613368807
leaf_weight=27122 8749 675 78978 65726.5 4384 24389.5 4450 6771.5 75448 135745 2571 249 584 3478
leaf_count=27114 8748 675 78978 65722 4384 24389 4450 6771 75442 135740 2571 249 584 3478
internal_value=6.27163e-06 -9.01694e-05 -7.0214e-05 -0.000162749 -0.000352243 -0.000436116 -0.000749432 8.0908e-05 0.000183962 8.05016e-06 -0.000421831 -0.000836486 -0.000700515 -0.000948532
internal_weight=439320 191663 186677 107699 41972.5 37588.5 13199 247658 102570 145088 9342.5 4986 4737 4062
internal_count=439295 191657 186671 107693 41971 37587 13198 247638 102556 145082 9342 4986 4737 4062
is_linear=0
shrinkage=0.03


Tree=88
num_leaves=15
num_cat=0
split_feature=9 49 53 9 53 6 39 55 74 18 62 12 58 48
split_gain=2.86389 3.15728 2.77082 2.69568 2.6312 2.53056 2.34321 2.04421 1.92857 2.89717 1.89977 1.80351 2.3344 1.71668
threshold=0.022434646263718609 0.099288247525692 0.0048562819138169297 0.050959581509232528 -0.0022408431395888324 -0.0036594999255612488 0.034664999693632133 0.65351489186286937 1.0000000180025095e-35 -0.018745000474154946 0.97593259811401378 0.28078286349773413 0.0098083293996751326 -0.60525766015052784
decision_type=10 10 2 10 2 10 10 2 2 8 2 10 2 10
left_child=2 13 5 4 10 8 7 -5 -1 -10 -3 -8 -13 -2
right_child=1 3 -4 6 -6 -7 11 -9 9 -11 -12 12 -14 -15
leaf_value=0.00032783615531121124 0.00065349526869033683 -0.00016314083345991552 -0.00078403997478459163 -0.00060698147786652232 1.4220788919624962e-05 -7.4213439440755705e-05 0.00049928758974328335 0.00023434951141017613 -0.0019217399251704825 0.00013090776874863819 -0.00099011502909354134 -0.0019445901401881813 -3.1891310208043121e-05 0.00012494659340136287
leaf_weight=56786 6683 75088.5 2747 19588 205901.5 24392.5 4508 2994 855 2205 2581.5 701 3079 31976.5
leaf_count=56784 6683 75081 2747 19588 205892 24391 4508 2994 855 2205 2580 701 3079 31974
internal_value=-1.4504e-06 -3.94351e-05 0.000152735 -7.08907e-05 -4.19061e-05 0.000183327 -0.000337092 -0.000495408 0.000288295 -0.000444826 -0.000190689 9.43026e-05 -0.000388701 0.000216389
internal_weight=440086 353101 86985.5 314442 283572 84238.5 30870 22582 59846 3060 77670 8288 3780 38659.5
internal_count=440062 353080 86982 314423 283553 84235 30870 22582 59844 3060 77661 8288 3780 38657
is_linear=0
shrinkage=0.03


Tree=89
num_leaves=15
num_cat=0
split_feature=18 9 12 45 24 10 79 1 64 50 6 24 66 39
split_gain=3.43894 3.04228 2.32725 2.7473 2.52732 2.49589 4.14368 2.94758 3.0975 3.3751 2.91487 2.77656 2.33112 2.13171
threshold=0.09271500259637834 0.050959581509232528 0.53129756450653087 -0.021525471471250054 0.77095001935958873 -0.0074757784605026236 78.500000000000014 0.0084305000491440314 0.8198625147342683 -0.001783816493116319 0.00030250000418163841 1.3924999833106997 0.93086332082748424 0.016059999354183677
decision_type=10 10 10 2 8 8 8 8 10 2 8 10 8 10
left_child=2 -2 3 4 -1 6 12 11 -9 -10 -8 -7 -5 -12
right_child=1 -3 -4 5 -6 7 10 8 9 -11 13 -13 -14 -15
leaf_value=0.0012103134341668468 -0.00010644974436759635 -0.00062713423937564832 -0.00015717698950137008 3.6935368844591918e-05 0.00025025539616195611 -5.3687984205857029e-06 0.00059718860598913389 0.00022973045981570416 -0.00060988419370943509 0.00010242617733556898 -0.00089463755978249531 -0.00065460318589017112 -0.00082762891526062875 -0.00014519705177878852
leaf_weight=3243 60076 12136 50260.5 86440.5 10290 34286 1929 127561 8682.5 19254 10033.5 7163 2896 5181
leaf_count=3242 60076 12136 50259 86437 10290 34282 1925 127555 8681 19254 10032 7163 2895 5181
internal_value=-4.74674e-06 -0.000193994 3.24699e-05 6.25443e-05 0.000480682 4.38875e-05 -7.31268e-05 0.000107152 0.000167072 -0.000119025 -0.000500268 -0.000117632 8.86424e-06 -0.000639562
internal_weight=439432 72212 367220 316960 13533 303426 106480 196946 155498 27936.5 17143.5 41449 89336.5 15214.5
internal_count=439408 72212 367196 316937 13532 303405 106470 196935 155490 27935 17138 41445 89332 15213
is_linear=0
shrinkage=0.03


Tree=90
num_leaves=15
num_cat=0
split_feature=60 70 30 53 54 50 45 20 9 17 76 53 35 65
split_gain=3.07032 3.00758 2.92693 3.4798 3.43099 2.72059 2.29138 2.69644 2.79847 2.98041 2.46763 2.71277 2.09811 2.04378
threshold=0.9035310447216035 0.011277803685516121 0.61594998836517345 0.0037545531522482638 0.017100393772125248 -0.011565884575247763 0.018650395795702938 -0.37375000119209284 0.050959581509232528 32.844999313354499 1.5000000000000002 0.0027144395280629401 0.47249999642372137 0.81800562143325817
decision_type=2 2 10 2 2 2 2 8 10 8 2 2 10 8
left_child=1 2 5 4 -4 -1 7 10 -9 -10 -7 -12 13 -2
right_child=12 -3 3 -5 -6 6 -8 8 9 -11 11 -13 -14 -15
leaf_value=0.0007468596949150953 -0.00031749294384716145 -0.00022437631296951644 0.00042328746805794771 -0.00074738488222492953 -0.0032151568849630497 -0.001202562661511565 0.00054232507885162377 5.0210889114522392e-05 0.0019160669613528972 -0.00047681761704245916 -0.00035222460160814551 0.00051269089489194809 -0.0040738416342878739 0.00024226335613903164
leaf_weight=4640 36303 38550.5 32517.5 2574 230 2438 7256 271816.5 481 13081 18305 3967 123 6999
leaf_count=4640 36300 38548 32515 2574 230 2438 7256 271802 481 13081 18303 3967 123 6999
internal_value=1.08462e-06 2.73546e-05 5.45171e-05 0.000313739 0.000397246 2.60762e-05 1.55258e-05 3.19029e-06 2.92237e-05 -0.000391275 -0.000297418 -0.000198089 -0.000238365 -0.000227001
internal_weight=439282 395856 357306 35321.5 32747.5 321984 317344 310088 285378 13562 24710 22272 43425 43302
internal_count=439257 395835 357287 35319 32745 321968 317328 310072 285364 13562 24708 22270 43422 43299
is_linear=0
shrinkage=0.03


Tree=91
num_leaves=15
num_cat=0
split_feature=12 27 9 72 73 16 9 12 20 43 71 61 53 24
split_gain=2.80344 2.20491 2.18609 2.13313 2.6008 2.33236 2.08381 2.00825 1.98146 3.00837 2.07072 3.13148 2.32495 2.19119
threshold=0.56911876797676098 15.765000343322756 0.039372932165861137 -0.0097383195534348471 1.0000000180025095e-35 -0.19905000180006024 0.064040895551443114 0.059703804552555091 -0.49334999918937678 0.049116201698780067 0.0032122058328241114 0.58830371499061596 -0.00085953192319720973 0.69564998149871837
decision_type=10 8 10 2 2 8 10 8 8 2 2 2 2 10
left_child=3 2 -2 4 -1 7 8 -6 9 -5 11 13 -13 -10
right_child=1 -3 -4 6 5 -7 -8 -9 10 -11 -12 12 -14 -15
leaf_value=0.0005420937598613287 -0.00027955619359796939 1.3389765412752837e-05 -0.0010187812621460447 -0.00051380837860191006 0.0039691880692199841 -0.0011469361177692658 -0.00039425701291603496 -7.9694563933003986e-05 0.00035964585309376313 0.0038946185387592289 -8.1952481896903272e-05 -0.00015351331620271988 0.00010146965370018751 0.00011211638922429294
leaf_weight=1541 22814 20975 4272 7508 135 4027 9948 518 44626.5 137 77740 60266.5 69055 115454.5
leaf_count=1541 22813 20975 4272 7507 135 4027 9948 518 44620 137 77736 60261 69052 115449
internal_value=-1.31919e-06 -0.000217526 -0.000396313 2.52619e-05 -0.000525596 -0.000877362 3.41758e-05 0.000781164 4.55528e-05 -0.000432315 5.55092e-05 9.24352e-05 -1.7359e-05 0.00018113
internal_weight=439018 48061 27086 390956 6221 4680 384736 653 374788 7645 367142 289402 129322 160081
internal_count=438991 48060 27085 390931 6221 4680 384710 653 374762 7644 367118 289382 129313 160069
is_linear=0
shrinkage=0.03


Tree=92
num_leaves=15
num_cat=0
split_feature=12 16 14 9 25 11 24 79 53 54 33 24 64 53
split_gain=3.1678 2.53447 4.02496 3.33978 2.33936 2.29426 3.66549 3.56088 2.64664 2.98467 2.67571 2.59284 2.12539 2.03762
threshold=0.53129756450653087 0.090865001082420363 -0.083135001361370073 0.050959581509232528 0.1454500034451485 -0.32022091746330256 0.97615000605583202 5.5000000000000009 0.0018055430846288802 0.0045186528004705915 0.0089440001174807566 1.5084999799728396 0.93483316898345958 -0.0024306293344125147
decision_type=10 10 10 10 10 8 10 10 2 2 8 10 10 2
left_child=1 5 13 4 -4 7 -7 -1 9 11 -11 12 -8 -3
right_child=-2 2 3 -5 -6 6 8 -9 -10 10 -12 -13 -14 -15
leaf_value=-0.000410551614862041 -0.00019787586784433158 0.0024108845871634475 -8.5396701418944526e-05 -0.00056754735046844024 0.00035430527898981911 0.00031599955737256642 -1.6465371086696838e-05 6.5243000262169923e-05 0.00036747480849931655 0.00087604116128624644 -0.00020777773015390397 -0.00068993043304772144 -0.00096323422275335449 0.00052974499717456586
leaf_weight=16837 60597 785 110448.5 11941 12076 75047.5 28010 88784 13801 4750 3601 8194.5 2305 1518
leaf_count=16835 60595 785 110447 11941 12076 75039 28009 88778 13799 4750 3601 8193 2305 1518
internal_value=3.48521e-06 3.57591e-05 -6.74145e-05 -8.87326e-05 -4.2047e-05 9.42307e-05 0.000175832 -1.06191e-05 2.41078e-06 -0.000105133 0.000408847 -0.000216631 -8.85999e-05 0.00117478
internal_weight=438696 378098 136768 134466 122524 241330 135709 105621 60661.5 46860.5 8351 38509.5 30315 2303
internal_count=438671 378076 136767 134464 122523 241309 135696 105613 60657 46858 8351 38507 30314 2303
is_linear=0
shrinkage=0.03


Tree=93
num_leaves=15
num_cat=0
split_feature=60 13 79 45 52 45 1 9 51 53 49 80 68 25
split_gain=3.04431 3.01021 4.31881 3.8511 2.76629 2.67675 2.14238 3.39347 2.19572 2.33231 2.11534 2.09447 1.95954 1.85183
threshold=0.13232433050870898 0.26272976398468023 85.500000000000014 0.027432356961071495 6.1299695968627939 -0.045706834644079201 0.0082364999689161795 0.035552326589822776 0.099101044237613692 0.0050802184268832215 0.024378357455134395 5.5000000000000009 0.0023023063549771909 -0.048515001311898225
decision_type=2 8 8 2 10 2 8 8 10 2 10 8 2 10
left_child=-1 2 11 5 -5 -4 13 8 9 -8 -9 12 -2 -3
right_child=1 6 3 4 -6 -7 7 10 -10 -11 -12 -13 -14 -15
leaf_value=0.00020368269384823105 -2.2294001390438194e-05 0.0002491778479031663 0.0028630696728655048 0.0013857049395344251 -0.0012054897095118621 -0.0005116770664185924 0.00038988328344318992 0.0009862026892705066 6.2961605834814006e-05 -0.0007952608298123833 -0.00014068992568173891 -7.6084163431876429e-05 0.00071924598678958914 -0.0002765093974245969
leaf_weight=56864.5 6923 7867 208 1683 471 32991.5 47963 1548 44718.5 1538 43299 161138 5970 25791
leaf_count=56861 6923 7863 208 1683 471 32984 47958 1548 44717 1538 43299 161136 5970 25791
internal_value=-1.10254e-06 -3.15804e-05 -0.000108056 -0.000410325 0.000817627 -0.000490106 6.11275e-05 0.000113106 0.000215344 0.000352984 -0.000101687 -4.6642e-05 0.000321216 -0.00015362
internal_weight=438974 382109 209384 35353.5 2154 33199.5 172724 139066 94219.5 49501 44847 174031 12893 33658
internal_count=438950 382089 209375 35346 2154 33192 172714 139060 94213 49496 44847 174029 12893 33654
is_linear=0
shrinkage=0.03


Tree=94
num_leaves=15
num_cat=0
split_feature=9 12 53 67 49 31 57 14 65 70 31 64 46 14
split_gain=2.90352 3.01953 2.61077 2.71038 2.53883 2.13031 2.04447 2.0959 2.04709 1.8306 2.11367 2.03138 2.3576 2.27428
threshold=0.02167436666786671 0.56911876797676098 0.0050802184268832215 -0.007856965530663727 0.024378357455134395 0.75575000047683727 -0.00073658014298416663 0.21155000478029254 0.99071919918060314 -0.0058091622777283183 0.60435000061988842 0.27634884417057043 0.78832352161407482 -0.092059999704360948
decision_type=10 10 2 2 10 10 2 10 10 2 8 10 10 8
left_child=2 4 3 -1 -2 -3 8 -8 9 10 -6 -12 -13 -14
right_child=1 5 -4 -5 6 -7 7 -9 -10 -11 11 12 13 -15
leaf_value=-0.00048712798787070653 0.00046202159214708556 -0.00077225567429067984 -0.00087518836148385397 0.00025568687781195694 -0.003685375600732092 -0.00017747851410416523 -7.0846577441436469e-05 -0.001576428150091962 -0.0010234438587021233 4.198442348715927e-05 0.00096244410131272678 -7.4489959215380634e-06 0.0033740129125947801 0.0006276352827228346
leaf_weight=4724 10471 6457 2057 67946.5 111 33637 181582.5 831 1498 110002 4202 11392 286 4116
leaf_count=4724 10470 6457 2057 67945 111 33637 181575 831 1497 109995 4201 11390 286 4115
internal_value=7.16486e-06 -2.77527e-05 0.000177514 0.000207369 2.59683e-06 -0.00027335 -1.27298e-05 -7.77484e-05 7.73886e-05 9.01018e-05 0.000353268 0.000376603 0.000220484 0.000809694
internal_weight=439313 364586 74727.5 72670.5 324492 40094 314020 182414 131607 130109 20107 19996 15794 4402
internal_count=439291 364565 74726 72669 324471 40094 314001 182406 131595 130098 20103 19992 15791 4401
is_linear=0
shrinkage=0.03


Tree=95
num_leaves=15
num_cat=0
split_feature=66 79 54 72 30 55 54 70 15 25 51 38 45 49
split_gain=2.71883 3.26808 2.48062 2.34102 2.26079 4.3093 2.76036 2.58493 2.24801 2.22117 2.12335 3.12726 2.36172 2.15683
threshold=0.70284366607666027 5.5000000000000009 0.0060476644430309543 0.00016026753291953358 0.37704999744892126 0.61014121770858776 0.0019151215092279019 -0.013942450284957884 0.14134999364614489 -0.09071000292897223 0.12541297823190692 0.0080834999680519121 -0.0051250804681330911 0.78603282570838939
decision_type=8 10 2 2 8 2 2 2 10 8 10 10 2 8
left_child=1 -1 4 8 5 6 -3 -6 -4 -8 11 12 -2 -12
right_child=10 2 3 -5 7 -7 9 -9 -10 -11 13 -13 -14 -15
leaf_value=-0.00020621224194213481 0.000342223361070527 -0.00043225808886602438 0.00020170659085903098 0.00067137065218491861 0.00067248619461818932 0.00047627211604864419 0.0019137226591835943 9.2222428666282848e-05 -0.0013657045560277403 -2.3171408939439852e-05 -0.00032840419168281071 -0.0005423910657852758 -4.5340103893131019e-05 8.4669071111620497e-05
leaf_weight=37446 20213 25315 12622 12325 7195 9697 541 171301 876 22135 48826.5 8411 47154 14829.5
leaf_count=37441 20211 25314 12622 12325 7193 9696 541 171289 876 22135 48824 8411 47153 14829
internal_value=4.97304e-06 5.59242e-05 9.3392e-05 0.000372532 6.28651e-05 -0.000100395 -0.000216953 0.00011563 9.95159e-05 2.34504e-05 -0.000104449 2.85176e-06 7.09624e-05 -0.000232174
internal_weight=438887 299453 262007 25823 236184 57688 47991 178496 13498 22676 139434 75778 67367 63656
internal_count=438860 299432 261991 25823 236168 57686 47990 178482 13498 22676 139428 75775 67364 63653
is_linear=0
shrinkage=0.03


Tree=96
num_leaves=15
num_cat=0
split_feature=13 32 11 51 63 30 49 55 51 72 14 23 16 64
split_gain=3.24218 3.01347 3.07038 3.42247 2.76697 2.67133 2.61661 2.20693 2.18507 2.12626 2.86264 2.31252 2.40849 2.36518
threshold=0.38116548955440527 -0.063340000808238969 0.33588762581348425 0.24358729273080829 0.014051598962396385 0.38285000622272497 0.79366275668144237 0.64085054397583019 0.032215150073170669 -0.0097383195534348471 -0.067044999450445161 0.63934999704360973 0.073365002870559706 0.9908045530319215
decision_type=8 10 10 10 2 8 8 2 10 2 10 10 10 10
left_child=1 2 7 4 -4 -2 -5 -1 -6 10 -3 -11 -13 -14
right_child=5 9 3 6 8 -7 -8 -9 -10 11 -12 12 13 -15
leaf_value=-0.00039278330080904907 -0.00012004636065454829 0.0013746144383465155 0.0032713629539562936 -0.00088047639716693328 0.0011515619068758337 0.00021038417812544184 0.00054402799527095429 0.00018429518062288789 0.00011242094576780386 -0.00025447400224655416 -0.0010206197427843388 0.00014040191162062888 -5.0887081076885327e-05 -0.0015660185350456523
leaf_weight=51412.5 28923.5 515 267 4803 2035 92207.5 1526 6744 16996 25329 3310 114960.5 89390 932
leaf_count=51407 28923 515 267 4803 2034 92198 1526 6744 16993 25328 3310 114954 89390 932
internal_value=-6.04131e-07 -5.08845e-05 -0.000205306 6.82679e-05 0.000266812 0.000131483 -0.000536852 -0.000325853 0.00022381 4.30626e-06 -0.000696751 1.59491e-05 4.93209e-05 -6.6607e-05
internal_weight=439351 318220 83783.5 25627 19298 121131 6329 58156.5 19031 234436 3825 230612 205282 90322
internal_count=439324 318203 83774 25623 19294 121121 6329 58151 19027 234429 3825 230604 205276 90322
is_linear=0
shrinkage=0.03


Tree=97
num_leaves=15
num_cat=0
split_feature=49 20 27 14 72 30 53 22 54 12 71 61 71 24
split_gain=2.63512 3.46611 3.9545 3.05023 2.24379 2.23822 2.83921 2.13245 1.90273 2.26461 2.04529 2.64105 2.29059 2.11391
threshold=0.024378357455134395 -0.49334999918937678 15.625000000000002 0.21155000478029254 -0.0097383195534348471 0.61594998836517345 0.0050802184268832215 0.03407499939203263 0.0054237872827798137 0.53129756450653087 -0.014072559308260678 0.59213107824325573 0.0032122058328241114 0.70034998655319225
decision_type=10 8 10 10 2 10 2 8 2 10 2 2 2 10
left_child=-1 2 -2 4 7 8 -7 -3 9 10 -6 12 13 -12
right_child=1 3 -4 -5 5 6 -8 -9 -10 -11 11 -13 -14 -15
leaf_value=0.00039413593079779604 -0.0013797350045794512 0.0011002809494532937 -0.00015920446395631261 -0.0014377598893753106 0.00055380331904954878 0.00026815501318977182 -0.00096978649899248106 -0.00076893006921724329 0.00016021261429993692 -0.00024458578040895536 0.00034542230324104177 -0.00013505981404205076 -0.00014747172360625303 4.8721986566093126e-05
leaf_weight=14095 3502 607 7500 1335 5604 39012.5 1737 5402 46486 44173.5 28478 113565 38003.5 89597.5
leaf_count=14094 3501 607 7500 1335 5604 39011 1737 5402 46486 44172 28472 113559 38001 89594
internal_value=-9.34646e-06 -2.27322e-05 -0.000548157 -8.76271e-06 -4.12245e-06 4.38452e-06 0.000215274 -0.000579354 -1.91039e-05 -4.52023e-05 -1.32001e-05 -2.49941e-05 5.50927e-05 0.000120293
internal_weight=439098 425003 11002 414001 412666 406657 40749.5 6009 365908 319422 275248 269644 156079 118076
internal_count=439075 424981 11001 413980 412645 406636 40748 6009 365888 319402 275230 269626 156067 118066
is_linear=0
shrinkage=0.03


Tree=98
num_leaves=15
num_cat=0
split_feature=13 79 13 20 24 66 53 39 54 70 15 36 64 0
split_gain=2.96065 3.86526 4.39775 3.05325 2.54388 2.37635 2.20326 2.49624 2.19925 2.17227 2.11919 2.07325 2.02269 2.01544
threshold=0.26272976398468023 81.500000000000014 1.0000000180025095e-35 -0.010954999830573795 1.3305000066757204 0.19250081479549411 0.00029348501993808901 0.10215000063180925 0.017100393772125248 0.019482090137898925 0.30545000731945043 -0.0079014999791979772 0.038814026862382896 -0.015401999931782482
decision_type=8 8 10 10 10 10 2 8 2 2 8 8 8 10
left_child=1 10 5 12 9 -3 7 8 -6 13 -1 -12 -4 -2
right_child=4 2 3 -5 6 -7 -8 -9 -10 -11 11 -13 -14 -15
leaf_value=-4.8752678822674777e-06 0.00020283551883167668 0.0016399351805149566 0.00058705450871612125 0.0019048123173166199 -0.00042712834229673689 0.00010852409383371225 0.00015133153746084728 0.0015008410876779276 0.0024382169593004394 -0.00047386668151017851 -0.0027329559836917643 -0.00046076523161872065 -0.00052686607640281026 -6.0465762796879031e-05
leaf_weight=191919 128502 1280 1528 485 20831 3144 13395 640 239 5193 391 4188.5 34640 32850.5
leaf_count=191918 128497 1280 1528 485 20830 3144 13393 640 239 5193 391 4188 34632 32844
internal_value=-3.67437e-06 -7.54315e-05 -0.000340074 -0.000447923 8.08664e-05 0.00055296 -0.000151206 -0.000337862 -0.000394056 0.000129786 -2.01022e-05 -0.000657535 -0.000479731 0.000149229
internal_weight=439226 237576 41077 36653 201650 4424 35105 21710 21070 166546 196498 4579.5 36168 161352
internal_count=439202 237566 41069 36645 201636 4424 35102 21709 21069 166534 196497 4579 36160 161341
is_linear=0
shrinkage=0.03


Tree=99
num_leaves=15
num_cat=0
split_feature=13 9 67 48 15 10 49 26 9 15 27 45 51 38
split_gain=2.55578 2.67512 2.52005 2.26134 2.82367 2.39916 2.30886 2.06165 2.73135 2.47043 2.88209 1.94815 1.89241 1.75925
threshold=0.51035580039024364 0.05041198059916497 -0.012389608193188904 -0.38674437999725336 0.30545000731945043 -0.04546507075428962 0.78244373202323925 0.10225000232458116 0.02464849874377251 -0.0066734999418258658 12.875000000000002 -0.028656914830207821 0.063583742827177062 0.00020714999845949936
decision_type=8 10 2 10 10 10 8 8 10 10 10 2 10 10
left_child=1 2 13 4 5 -3 -5 8 9 -4 -11 -2 -13 -1
right_child=11 3 7 6 -6 -7 -8 -9 -10 10 -12 12 -14 -15
leaf_value=-9.1201313595079598e-06 0.0012924094713540535 0.0027375253420982861 -0.00018566265850756858 -0.00050983718721880596 -0.0018104670374038442 0.00041606672813634032 0.00015620069529389727 6.6516874094975164e-05 -0.00021814499663492924 4.6989238677150913e-05 0.00065251473100154465 0.00040789722018586336 4.2072257127191236e-05 -0.00077331674861485676
leaf_weight=4710 1382 501 21287.5 22780 399 1937 5894 213779 66234.5 23845 10054 18406.5 41221 6384
leaf_count=4710 1382 501 21287 22780 399 1937 5894 213769 66225 23845 10054 18406 41215 6384
internal_value=7.3245e-07 -2.83625e-05 -4.28005e-06 -0.000292977 0.000514342 0.000897744 -0.000372928 1.0446e-05 -8.82735e-05 6.76031e-05 0.00022665 0.000180892 0.000155024 -0.000449024
internal_weight=438814 377805 346294 31511 2837 2438 28674 335200 121421 55186.5 33899 61009.5 59627.5 11094
internal_count=438788 377785 346274 31511 2837 2438 28674 335180 121411 55186 33899 61003 59621 11094
is_linear=0
shrinkage=0.03


Tree=100
num_leaves=15
num_cat=0
split_feature=49 9 72 23 15 18 20 10 72 27 45 12 52 43
split_gain=2.92867 2.55792 2.61329 2.41773 3.39614 2.2738 1.98702 2.07147 1.89104 1.82346 1.81038 1.72346 1.956 1.71454
threshold=0.01964762527495623 0.05041198059916497 -0.0097383195534348471 0.62985000014305126 0.0033980000298470263 0.09271500259637834 -0.017245000228285786 -0.074374321848154054 -0.00045073665387462819 15.065000057220461 -0.030996825546026226 0.49532517790794378 2.7289130687713627 0.015143393073230984
decision_type=10 10 2 8 10 8 10 10 2 8 2 8 8 2
left_child=10 2 -2 4 9 11 7 -7 13 -4 -1 12 -3 -9
right_child=1 5 3 -5 -6 6 -8 8 -10 -11 -12 -13 -14 -15
leaf_value=0.0016927515790070352 -0.00065504248479707726 -8.8250789897121094e-06 -0.00056770451427882041 4.9461294196676074e-05 0.00014295650848691508 0.0027112953181707912 0.00087690170773050996 -0.00087670626853865691 -0.00036403330650963846 -0.00010152856627426127 0.00035032658672561604 -0.00064698414718900629 0.0013858204806389575 -0.0023522292884845973
leaf_weight=977 5216 16094 17661.5 336892.5 18811 159 820 4873 7324 13194 11490 3666 954 828
leaf_count=977 5216 16094 17658 336876 18810 159 820 4873 7324 13194 11489 3666 954 828
internal_value=3.02781e-06 -1.02232e-05 1.1649e-05 2.06533e-05 -0.000174739 -0.000257006 -0.000552208 -0.000641393 -0.000683345 -0.000368414 0.000456165 -5.7346e-05 6.96022e-05 -0.00109288
internal_weight=438960 426493 391775 386559 49666.5 34718 14004 13184 13025 30855.5 12467 20714 17048 5701
internal_count=438938 426472 391754 386538 49662 34718 14004 13184 13025 30852 12466 20714 17048 5701
is_linear=0
shrinkage=0.03


Tree=101
num_leaves=15
num_cat=0
split_feature=49 12 9 67 27 20 45 60 51 66 19 54 25 16
split_gain=3.1479 2.63333 2.97522 2.03701 1.99932 2.08041 1.78818 1.74791 1.76982 1.76822 2.74902 2.5085 2.32203 2.01802
threshold=0.024378357455134395 0.44379091262817388 0.045006765052676208 0.0026852103183045988 16.835000038146976 -0.2149500027298927 -0.03876190818846225 0.13232433050870898 0.97547194361686718 0.70284366607666027 0.61624997854232799 0.0060476644430309543 0.058624999597668655 -0.17285000532865522
decision_type=10 10 8 2 8 10 2 2 10 10 10 2 10 10
left_child=6 7 4 -4 5 -3 -1 8 -2 10 11 -9 -11 -13
right_child=1 2 3 -5 -6 -7 -8 9 -10 12 -12 13 -14 -15
leaf_value=0.0018165982525241281 0.00023169380095286547 -0.00049809613380696741 -0.00079519095994947688 4.0527014870005604e-05 0.00013652469421741837 -7.5582213553646415e-05 0.00036123673054744195 2.6083664505172009e-05 -0.0010923312217565142 -0.00023194923191388096 -0.0010423836735695361 0.00099672272223821044 9.9545344633653575e-05 0.00023274517000319487
leaf_weight=801 43763 14101.5 9617 3609 25706.5 40902.5 13400 181395 923 53520.5 2047 3851 29495 16151
leaf_count=801 43760 14100 9617 3609 25706 40901 13399 181381 923 53517 2047 3851 29495 16151
internal_value=4.64013e-06 -1.00408e-05 -0.000150231 -0.000567218 -8.1868e-05 -0.000183938 0.000443936 2.97287e-05 0.000204227 2.50498e-06 5.01167e-05 6.12465e-05 -0.000114172 0.000380047
internal_weight=439283 425082 93936.5 13226 80710.5 55004 14201 331146 44686 286460 203444 201397 83015.5 20002
internal_count=439258 425058 93933 13226 80707 55001 14200 331125 44683 286442 203430 201383 83012 20002
is_linear=0
shrinkage=0.03


Tree=102
num_leaves=15
num_cat=0
split_feature=9 22 30 59 55 80 26 71 72 32 13 72 54 10
split_gain=2.39615 2.60885 2.21784 2.62484 2.4277 2.18664 2.49372 1.85788 2.03695 2.12749 3.83647 2.07025 1.91177 1.82094
threshold=0.064040895551443114 1.0274999737739565 0.62465000152587902 2.8696192502975468 0.69555336236953746 4.5000000000000009 0.1308499947190285 -0.0043143671937286845 -0.012058732099831103 -0.0559799987822771 0.35615061223506933 0.01777423266321421 0.0086499229073524492 -0.035141803324222558
decision_type=10 10 10 10 2 8 8 2 2 10 8 2 2 8
left_child=2 -2 5 4 -4 6 -1 13 12 10 11 -10 -9 -7
right_child=1 -3 3 -5 -6 7 -8 8 9 -11 -12 -13 -14 -15
leaf_value=5.2030878680080067e-05 -0.00031655101144104178 -0.0025693901492325256 0.00038367944343315071 -0.00051624523901820391 -0.00082264723733691989 0.00086400197000523476 0.00073547542449340091 -0.0012304322892251107 -0.00031428677835033513 7.0738262277806386e-06 0.00016647075531725419 0.0031142059279570602 0.0020283651007418284 0.00010292263653129831
leaf_weight=13239 11607 477 31896 3684.5 1571 2986 7538 1972 56008 233994 21517 154 172 52388.5
leaf_count=13239 11607 477 31895 3684 1571 2986 7538 1972 56000 233986 21516 154 172 52384
internal_value=1.00029e-05 -0.000406505 2.17913e-05 0.000243257 0.000326938 6.89833e-07 0.000300105 -1.61642e-05 -4.44344e-05 -3.80872e-05 -0.000174118 -0.000304609 -0.000964888 0.000144037
internal_weight=439204 12084 427120 37151.5 33467 389968 20777 369192 313817 311673 77679 56162 2144 55374.5
internal_count=439181 12084 427097 37150 33466 389947 20777 369170 313800 311656 77670 56154 2144 55370
is_linear=0
shrinkage=0.03


Tree=103
num_leaves=15
num_cat=0
split_feature=70 51 50 63 1 68 23 64 63 71 50 21 23 18
split_gain=2.1989 3.27872 2.83446 2.7894 2.55555 2.64765 2.3572 2.34503 2.28953 2.12512 2.00903 2.0079 1.93737 1.93061
threshold=0.0036912850337103014 0.51455464959144603 -0.014308394398540257 0.13740170001983645 0.0086095002479851263 0.0040377131663262853 2.4314999580383305 0.57623082399368297 0.046621147543191917 -0.010934040416032074 -0.00053992934408597637 0.48385000228881841 0.52265000343322765 -0.07483500242233275
decision_type=2 10 2 2 10 2 10 10 2 2 2 10 8 8
left_child=1 2 -1 -3 5 9 7 8 -4 -2 -9 -8 -11 -6
right_child=4 3 6 -5 13 -7 11 10 -10 12 -12 -13 -14 -15
leaf_value=0.0010837877265412676 0.00030953301064915877 -0.0012123319354545743 0.00075146737843217039 -3.4068405347712216e-05 0.0013112614648700346 7.9325835038072248e-05 0.00027785004222395773 -0.00015514145031714468 0.00010615525845097154 -0.00087168423457817845 0.00010797808387236895 -0.0011841920697913235 -0.00023812889849356088 0.0001734562922802722
leaf_weight=2400 6015 3403 5081.5 3853 1583 34108 1270 66101.5 182259.5 4611 43169.5 2514 73979.5 8684
leaf_count=2400 6015 3403 5080 3853 1582 34108 1270 66098 182247 4610 43169 2514 73978 8684
internal_value=-4.35556e-07 4.28677e-05 5.79737e-05 -0.000587118 -0.000104529 -0.000143803 4.97601e-05 5.92573e-05 0.000123679 -0.000233755 -5.11911e-05 -0.000693777 -0.000275353 0.00034944
internal_weight=439032 310052 302796 7256 128980 118714 300396 296612 187341 84605.5 109271 3784 78590.5 10267
internal_count=439011 310034 302778 7256 128977 118711 300378 296594 187327 84603 109267 3784 78588 10266
is_linear=0
shrinkage=0.03


Tree=104
num_leaves=15
num_cat=0
split_feature=16 14 60 79 1 38 45 10 63 58 79 50 16 25
split_gain=2.6981 2.86411 2.18306 2.1347 2.515 2.17408 1.89387 1.99574 1.89864 1.89207 1.65242 1.87899 1.87179 1.72635
threshold=0.090865001082420363 -0.10494999960064887 0.88123330473899852 184.50000000000003 0.0050844999495893725 -0.0022014999995008107 -0.056034659966826432 0.027084395289421085 0.93071451783180248 0.011394216679036619 947.50000000000011 -0.014308394398540257 0.48475000262260443 -0.039115000516176217
decision_type=8 8 2 8 8 10 2 8 2 2 10 2 10 8
left_child=3 -2 6 4 -1 9 7 -3 10 -5 11 -8 -12 -13
right_child=1 2 -4 5 -6 -7 8 -9 -10 -11 12 13 -14 -15
leaf_value=-0.00010878869542529244 0.0014124775340938608 -0.00079343171404495168 -0.00037916437668500467 -0.00011478059190673818 0.00013406309264473262 -0.00033165989478686878 0.0014349716274981248 -0.005229486545938398 -0.00042907345108458118 0.0007663031110953485 -0.00042356287250800443 -0.00047039344586719711 -0.0026146261823349493 5.7827768113103637e-06
leaf_weight=48277.5 1115 355 23327 5972 187129 23102.5 798 119 11585.5 3461 3113 7250.5 391 123299.5
leaf_count=48272 1115 355 23327 5972 187121 23092 798 119 11585 3461 3113 7249 391 123299
internal_value=-6.67954e-06 -9.96486e-05 -0.000109594 5.27765e-05 8.42574e-05 -0.000174978 -6.6779e-05 -0.00195009 -6.06166e-05 0.000208727 -2.89468e-05 -1.17821e-05 -0.000671434 -2.06802e-05
internal_weight=439296 171354 170238 267942 235406 32535.5 146912 474 146438 9433 134852 131348 3504 130550
internal_count=439269 171351 170236 267918 235393 32525 146909 474 146435 9433 134850 131346 3504 130548
is_linear=0
shrinkage=0.03


Tree=105
num_leaves=15
num_cat=0
split_feature=45 51 48 68 53 50 34 80 50 64 70 55 24 39
split_gain=2.37451 2.8104 2.78353 2.67044 2.53993 2.12643 2.19515 2.10577 2.17645 2.39659 2.08218 2.0647 1.84709 3.3171
threshold=-0.0033712225267663594 0.050163546577095992 -0.7383923828601836 -0.0013517315383069215 -0.0001050057544489391 -0.011565884575247763 0.0055879999417811641 6.5000000000000009 -0.0011892953771166501 0.67517030239105236 -0.006294405320659279 0.093359272927045836 1.3435000181198122 0.12135000154376031
decision_type=2 10 8 2 2 2 10 8 2 10 2 2 8 10
left_child=1 10 -2 4 -4 6 -3 -5 9 -9 -1 -8 -7 -14
right_child=2 5 3 7 -6 12 11 8 -10 -11 -12 -13 13 -15
leaf_value=0.00083114786204122374 -0.0018150301799421816 0.0010552295817914754 -0.00074910901505256843 0.00027676717045039189 -0.00010689848421066948 8.85466199659241e-05 -0.0038865021735143201 -4.9892749468069131e-05 2.3680981598887832e-05 -0.00041464721011100648 0.0002153008234805986 4.7904425150229293e-05 -0.00025435818609807005 0.0020888992738769736
leaf_weight=7353.5 788 3612 8660.5 21445 15385 87971 125 48996.5 178210 24225 15056 1566 24653 551
leaf_count=7352 788 3612 8658 21445 15385 87963 125 48993 178208 24224 15052 1566 24652 551
internal_value=8.0123e-06 0.00010948 -4.00069e-05 -3.52657e-05 -0.000338312 5.11991e-05 0.000638052 -8.55595e-06 -3.28966e-05 -0.00017059 0.000417526 -0.00025353 2.36742e-05 -0.000202727
internal_weight=438598 140888 297710 296922 24045.5 118478 5303 272876 251432 73221.5 22409.5 1691 113175 25204
internal_count=438574 140873 297701 296913 24043 118469 5303 272870 251425 73217 22404 1691 113166 25203
is_linear=0
shrinkage=0.03


Tree=106
num_leaves=15
num_cat=0
split_feature=62 30 72 12 70 50 45 45 46 30 11 6 53 9
split_gain=2.40184 2.7785 2.2082 2.07949 2.0609 1.91162 2.25177 1.93881 2.55314 2.26674 2.91461 2.20025 2.46436 2.1962
threshold=0.97593259811401378 0.25265000760555273 0.01777423266321421 0.45671063661575323 0.043870067223906524 -0.011565884575247763 0.022369584999978546 0.030507284216582779 0.61854276061058056 0.49975000321865087 -0.39926946163177485 -0.0013724999735131858 0.0038353611016646032 0.072408132255077376
decision_type=2 8 2 10 2 2 2 2 8 10 10 10 2 10
left_child=3 4 -3 5 -2 6 -1 9 -9 -7 -11 12 -12 -10
right_child=1 2 -4 -5 -6 7 -8 8 13 10 11 -13 -14 -15
leaf_value=0.00072733535816794784 0.00050456401634225046 -0.00065084817111296721 0.0017604316059121135 -0.00011419368496732957 0.0043159798621793819 -3.1210406938551081e-05 -0.002220916621554948 0.0014893209374979594 0.00027072970547497649 -5.3041855293044805e-05 0.00038827268883736833 -3.3311429750637366e-05 -0.00040124998886030994 -0.0035577374353430212
leaf_weight=5345 906 10162.5 349 88595.5 144 202825.5 239 1900 3091 47837.5 54423 19246 3803 136
leaf_count=5345 906 10161 349 88592 144 202816 239 1900 3091 47835 54419 19240 3803 136
internal_value=3.66608e-06 -0.000422908 -0.000569991 1.52089e-05 0.00104525 4.9044e-05 0.000599274 3.98158e-05 0.000618413 3.07661e-05 0.000131078 0.000244765 0.000336675 0.000104127
internal_weight=439003 11561.5 10511.5 427442 1050 338846 5584 333262 5127 328135 125310 77472 58226 3227
internal_count=438976 11560 10510 427416 1050 338824 5584 333240 5127 328113 125297 77462 58222 3227
is_linear=0
shrinkage=0.03


Tree=107
num_leaves=15
num_cat=0
split_feature=51 50 63 59 6 31 44 60 55 61 46 17 45 20
split_gain=2.49595 3.01149 2.64041 2.52119 2.28954 2.22226 2.35973 2.18218 2.40455 2.64676 2.00846 2.78025 1.94596 2.8169
threshold=0.33285437524318701 0.00095613067969679843 0.96509087085723888 7.8093016147613534 0.0019350000075064602 0.75575000047683727 -0.031449491158127778 0.13232433050870898 0.38107025623321539 0.69837990403175365 0.62199860811233532 48.625000000000007 0.019191831350326542 -0.50964999198913563
decision_type=10 2 2 10 8 8 2 2 2 2 10 8 2 8
left_child=2 3 5 10 -4 -1 -7 -8 9 -9 -2 -12 13 -10
right_child=1 -3 4 -5 -6 6 7 8 12 -11 11 -13 -14 -15
leaf_value=-0.00038646728463095735 -8.2124073740639512e-06 5.8620097791114282e-05 0.00073968562959419711 0.0021478990369434114 -0.00059302417950914403 0.00089985222965444285 0.00022966841128656309 -2.0869254015148474e-05 -0.00077180733905036038 -0.00037752888430540486 -0.00011570582734794419 -0.0010555716550109903 0.00042933503338508602 5.8420168921177671e-05
leaf_weight=10980 4359 15234 1312 309 9775 2888 47669 73724.5 3736 25097.5 4182 8783 12482 218687
leaf_count=10980 4359 15234 1312 309 9775 2888 47665 73719 3736 25094 4182 8783 12482 218676
internal_value=1.10837e-06 -0.000250332 2.14485e-05 -0.000517191 -0.000435053 3.42585e-05 4.62847e-05 3.98096e-05 1.26874e-05 -0.000111463 -0.000565333 -0.000752569 6.49176e-05 4.44579e-05
internal_weight=439218 32867 406351 17633 11087 395264 384284 381396 333727 98822 17324 12965 234905 222423
internal_count=439194 32867 406327 17633 11087 395240 384260 381372 333707 98813 17324 12965 234894 222412
is_linear=0
shrinkage=0.03


Tree=108
num_leaves=15
num_cat=0
split_feature=45 30 62 54 80 13 30 10 37 31 45 10 62 69
split_gain=2.69394 2.79385 2.23431 2.21693 1.92375 2.04616 1.86699 1.83217 2.16809 2.10737 2.10332 2.34353 2.0254 2.0063
threshold=-0.0038169696927070613 0.65904998779296886 0.12230558320879938 8.8574164692545323e-05 6.5000000000000009 0.25266790390014654 0.34995000064373022 -0.040225867182016366 0.0086070001125335711 0.98414999246597301 -0.056034659966826432 0.038185201585292823 0.90786442160606395 0.42163743078708654
decision_type=2 10 2 2 8 8 8 8 10 10 2 8 2 2
left_child=1 7 -2 -4 -5 6 -6 8 9 -1 11 13 -12 -9
right_child=2 -3 3 4 5 -7 -8 10 -10 -11 12 -13 -14 -15
leaf_value=0.0014796191199342491 -0.00047010089765693635 0.00075443919910451497 -0.00020288272873067524 0.00029638782835886957 0.00012913901979143562 7.3830750240368707e-05 -0.00017299390731606649 -0.0014567851411894396 -0.00093206169679817036 8.4118027803423988e-05 5.5090589899908505e-05 -0.0036657330609181425 0.0011975130540322 0.0013726203137809823
leaf_weight=2417 11210 5733 59093.5 18486 23167 103577 89529.5 655 659 1630 121122 261 1408 338
leaf_count=2417 11209 5733 59090 18486 23166 103575 89525 655 659 1630 121109 261 1408 338
internal_value=-5.2361e-06 0.000106763 -5.45148e-05 -3.86531e-05 2.69006e-06 -2.24201e-05 -0.000110882 7.78363e-05 0.000658519 0.000918354 5.57343e-05 -0.00116422 6.82666e-05 -0.000491653
internal_weight=439286 134223 305063 293853 234760 216274 112696 128490 4706 4047 123784 1254 122530 993
internal_count=439261 134210 305051 293842 234752 216266 112691 128477 4706 4047 123771 1254 122517 993
is_linear=0
shrinkage=0.03


Tree=109
num_leaves=15
num_cat=0
split_feature=12 14 48 39 33 64 30 22 50 79 16 61 61 19
split_gain=2.57203 2.2204 2.1162 2.77388 2.36429 2.01349 2.83944 2.76238 2.41597 3.04304 2.20623 2.3235 2.20112 2.14433
threshold=0.53129756450653087 -0.092059999704360948 -0.45953901112079615 0.036714999005198486 0.015654999762773517 0.71039488911628734 0.37894999980926519 0.35864999890327459 0.0065179248340427884 2.5000000000000004 0.085534997284412398 0.1659662798047066 0.92688494920730602 0.40234999358654028
decision_type=10 8 10 10 10 10 10 10 2 8 10 2 2 10
left_child=1 2 -1 -4 -5 7 8 -3 13 -10 11 -9 -12 -7
right_child=-2 5 3 4 -6 6 -8 10 9 -11 12 -13 -14 -15
leaf_value=0.0017604967572571759 -0.00018340137075123259 -7.1511969726735435e-05 4.2057210644306245e-05 0.0017432760591120872 -0.0024210138714510893 -0.00028567214447968565 3.4445941026780824e-05 0.00061000090251118869 0.0024104666489599778 6.7744220567432585e-05 4.6784970611104881e-05 0.00017225895212710663 -0.00080991246567502283 -0.00099725200393240097
leaf_weight=1039 60520 91943.5 6431 1536 129 33889 64110.5 12681 545 5386 75682 78157 2794 4291
leaf_count=1039 60518 91931 6429 1536 129 33888 64109 12681 545 5386 75681 78155 2794 4291
internal_value=-1.81221e-06 2.72162e-05 0.000489126 0.000324979 0.00141435 1.57894e-05 -9.30205e-05 6.0863e-05 -0.000278262 0.000284866 0.000132747 0.000233398 1.62341e-05 -0.000365766
internal_weight=439134 378614 9135 8096 1665 369479 108222 261258 44111 5931 169314 90838 78476 38180
internal_count=439112 378594 9133 8094 1665 369461 108219 261242 44110 5931 169311 90836 78475 38179
is_linear=0
shrinkage=0.03


Tree=110
num_leaves=15
num_cat=0
split_feature=13 30 44 79 13 66 20 26 9 53 56 24 53 30
split_gain=2.39127 2.26252 2.14333 1.94437 2.71389 2.7061 2.27369 2.20222 2.05288 1.84976 1.83087 1.72812 1.67988 1.55883
threshold=0.41954928636550909 0.38285000622272497 0.0094055444933474081 76.500000000000014 1.0000000180025095e-35 0.034880183637142188 -0.015205000061541794 0.077814999967813506 0.031778875738382346 -0.0046534414868801824 0.003938141744583846 1.3435000181198122 -0.00066210923250764598 0.40995000302791601
decision_type=8 8 2 8 10 10 10 8 10 2 2 10 2 8
left_child=3 12 -3 -1 5 -5 7 8 11 -10 -7 -6 -2 -4
right_child=1 2 13 4 6 10 -8 -9 9 -11 -12 -13 -14 -15
leaf_value=9.6875557180176631e-06 -0.00039501825002658843 0.00028598119605980965 0.0010602950698243565 0.0020888897489407671 0.0001439986627512978 0.00064824888037949449 0.0011370888140935639 -0.00021457690654834137 0.0011011351811461992 -0.0021022674887317553 -0.00073973552180977772 -0.0018734049813149108 0.0001122830046699629 -0.00028713904259897101
leaf_weight=280081.5 10513.5 66133.5 836 807 1588 2538 1052 48948.5 179 1481 1284 498 13303 9526.5
leaf_count=280074 10513 66126 836 807 1588 2538 1052 48938 179 1481 1284 498 13303 9526
internal_value=1.49879e-05 0.000143629 0.000223124 -2.31405e-05 -0.000180634 0.000516003 -0.000240676 -0.000268287 -0.000968887 -0.00175457 0.000181599 -0.000340953 -0.000111695 -0.000177975
internal_weight=438770 100312 76496 338457 58375.5 4629 53746.5 52694.5 3746 1660 3822 2086 23816.5 10362.5
internal_count=438743 100304 76488 338439 58365 4629 53736 52684 3746 1660 3822 2086 23816 10362
is_linear=0
shrinkage=0.03


Tree=111
num_leaves=15
num_cat=0
split_feature=9 72 60 61 47 57 51 73 79 57 50 20 55 49
split_gain=2.20813 2.04819 2.00812 2.63381 3.65128 2.48275 2.24475 2.01137 1.97701 1.87589 2.67128 2.46695 2.12575 2.07294
threshold=0.017251007258892063 -0.012058732099831103 0.12842251360416415 0.63180866837501537 0.158857636153698 0.0030617666197940712 0.97547194361686718 1.0000000180025095e-35 8.5000000000000018 0.012352553196251394 -0.017539664171636101 -0.31845000386238093 0.50597950816154491 0.10920520871877672
decision_type=10 2 2 2 10 2 10 2 8 2 2 10 2 8
left_child=-1 8 6 9 5 -5 -3 -6 -2 10 -4 12 13 -12
right_child=1 2 3 4 7 -7 -8 -9 -10 -11 11 -13 -14 -15
leaf_value=0.00029641331430311677 0.0010455414878916482 0.00019198298414081481 0.001701267301711627 -0.00020071609815185083 0.00052695441011478029 -0.0007567119693368652 -0.0011598872723705877 -1.1576232834425606e-05 -0.0010252716590801545 -0.00034948205050428654 0.00013888341104459579 7.9657098674126704e-05 0.00010096609088234372 -0.00053383212389230303
leaf_weight=21200 477 51042 865 81909 7961 7924 1125 28838 3010 11571 5438 186978.5 13914 17014.5
leaf_count=21200 477 51038 865 81905 7960 7924 1125 28838 3010 11570 5438 186970 13912 17013
internal_value=-2.24263e-06 -1.73907e-05 -1.12964e-05 -3.6347e-05 -0.0001467 -0.000249799 0.000162721 0.000104984 -0.000740906 2.29225e-05 4.21488e-05 3.56852e-05 -0.000190376 -0.000370906
internal_weight=439267 418067 414580 362413 126632 89833 52167 36799 3487 235781 224210 223345 36366.5 22452.5
internal_count=439245 418045 414558 362395 126627 89829 52163 36798 3487 235768 224198 223333 36363 22451
is_linear=0
shrinkage=0.03


Tree=112
num_leaves=15
num_cat=0
split_feature=52 50 34 16 9 53 27 20 53 24 73 20 16 70
split_gain=2.1685 3.01269 2.38998 2.11287 2.08063 3.01685 3.48442 2.66741 2.42126 4.90465 2.35976 2.17602 2.63509 2.3088
threshold=6.1299695968627939 -0.017539664171636101 0.0065254999790340671 0.051674999296665199 0.026206854730844501 0.0037545531522482638 13.394999980926515 -0.25744999945163721 0.0036521442234516148 0.87024998664855968 2.5000000000000004 -0.027284999378025528 0.17684999853372577 -0.0086512221023440344
decision_type=10 2 10 10 10 2 8 8 2 8 2 10 8 2
left_child=1 2 -1 -2 5 6 -3 -8 11 -10 -7 12 13 -6
right_child=3 4 -4 -5 8 10 7 -9 9 -11 -12 -13 -14 -15
leaf_value=0.002175382513296238 -2.5278106983714904e-05 -2.6960140948777294e-05 -0.00043469656681393985 -0.0010786997470333586 0.00022154993280835086 -0.00092792672373099606 -0.00016250006341233302 0.00034820060789155204 -0.00026949777744658259 0.0005337068361019069 7.3859102505206633e-05 0.00022916208001409584 -0.00027286930184666357 -8.8909303289759747e-05
leaf_weight=1006 3557 70269 457 3302 25280 4515 10851 60560.5 11373 17161 3978 19171 60893 146279.5
leaf_count=1006 3556 70269 457 3302 25278 4515 10849 60552 11373 17161 3978 19171 60892 146269
internal_value=-3.78495e-06 4.62484e-06 0.00136136 -0.000532824 -3.44263e-09 9.00941e-05 0.000123021 0.000270594 -4.82994e-05 0.000213577 -0.000458937 -7.79997e-05 -0.000103337 -4.31567e-05
internal_weight=438653 431794 1463 6859 430331 150174 141680 71411.5 280158 28534 8493 251624 232452 171560
internal_count=438628 431770 1463 6858 430307 150163 141670 71401 280144 28534 8493 251610 232439 171547
is_linear=0
shrinkage=0.03


Tree=113
num_leaves=15
num_cat=0
split_feature=66 25 54 11 30 44 76 19 58 24 15 72 14 20
split_gain=1.69159 2.61981 2.61723 2.61533 2.49666 2.25646 2.13235 2.21 2.0003 2.93009 1.90591 1.86369 2.10615 1.84702
threshold=0.70284366607666027 0.054824998602271087 0.0059510245919227609 0.75804659724235546 0.53264999389648449 0.029297492466866974 14.500000000000002 -0.015015000011771916 0.0095851267687976378 1.6844999790191653 0.20195000618696216 0.0027964093023911123 -0.024234999902546402 -0.31845000386238093
decision_type=10 8 2 8 10 2 2 10 2 10 10 2 8 10
left_child=2 6 3 4 8 13 -2 -8 9 -1 -3 -4 -13 -6
right_child=1 10 11 -5 5 -7 7 -9 -10 -11 -12 12 -14 -15
leaf_value=-0.00015734594234802294 -0.00010570671978596067 0.00015215659150535964 0.00016607848811070786 0.00051521071686094636 -0.00035821500662742512 -0.0017077391741389873 6.6832435734067751e-06 -0.00063875014813601679 -7.2699749500799953e-06 -0.0009577714732750183 -0.00038199855924785087 0.00014408662771887918 0.0011869701523664984 0.00018077501229457729
leaf_weight=56722.5 56383 41511 24727 8638 6199 595 6768.5 16201.5 129494.5 4433.5 7025 3163 3881 73708
leaf_count=56720 56381 41511 24727 8637 6199 595 6768 16199 129490 4433 7025 3163 3881 73698
internal_value=-6.93176e-06 -9.87986e-05 3.07785e-05 1.47628e-06 -1.48988e-05 0.000125187 -0.000204985 -0.000448602 -7.40517e-05 -0.000215446 7.48127e-05 0.000288787 0.000719114 0.000138942
internal_weight=439450 127889 311562 279790 271152 80502 79353 22970 190650 61156 48536 31771 7044 79907
internal_count=439427 127884 311543 279772 271135 80492 79348 22967 190643 61153 48536 31771 7044 79897
is_linear=0
shrinkage=0.03


Tree=114
num_leaves=15
num_cat=0
split_feature=13 24 80 20 51 50 55 17 28 24 45 49 36 30
split_gain=1.78104 2.24236 2.01454 2.28898 2.89537 3.16733 2.64479 2.43231 2.22065 2.22909 2.20527 2.13601 2.26932 2.2619
threshold=0.42275841534137731 1.6385000348091128 6.5000000000000009 -0.37375000119209284 0.65274456143379223 -0.0060654294211417428 0.628003090620041 34.315000534057624 0.27879999577999121 2.0694999694824223 0.035265894606709487 0.97502028942108165 -0.0053299998398870221 0.27115000784397131
decision_type=8 10 8 8 10 2 2 8 10 10 2 10 8 8
left_child=2 -2 -1 6 7 -6 10 -5 -8 -10 11 12 13 -4
right_child=1 -3 3 4 5 -7 8 -9 9 -11 -12 -13 -14 -15
leaf_value=0.00022428558241555349 0.00015036575308632495 -0.00048917754407387269 -0.0020358961139510957 0.00034430689994066876 -0.0018125723497939034 -0.00028285417935377741 -0.0015245541807622849 -3.1097960468011321e-05 0.00045300547325317089 0.0048609412673702636 0.0010708816530952748 -0.0025547980620983088 -0.00025613598463917336 -0.00064310553799234299
leaf_weight=26259 93547 5204 1313 16506 1567 5424 509 262291.5 4104 101 831 441 15221 5198
leaf_count=26259 93539 5204 1313 16503 1567 5424 509 262282 4104 101 831 441 15218 5198
internal_value=4.49705e-06 0.00011664 -2.80979e-05 -4.92405e-05 -2.39929e-05 -0.000626784 -0.000309507 -8.86662e-06 0.00033758 0.000564527 -0.000442153 -0.000499087 -0.000456793 -0.000925321
internal_weight=438516 98751 339766 313506 285788 6991 27718 278798 4714 4205 23004 22173 21732 6511
internal_count=438493 98743 339750 313491 285776 6991 27715 278785 4714 4205 23001 22170 21729 6511
is_linear=0
shrinkage=0.03


Tree=115
num_leaves=15
num_cat=0
split_feature=12 21 28 50 58 55 27 52 65 72 8 19 34 68
split_gain=2.25911 1.56243 2.48074 1.52973 2.53061 3.8747 1.72769 1.70731 1.6024 1.70001 1.51876 1.76039 1.64175 1.5167
threshold=0.44680987298488622 0.56964999437332164 0.17759999632835391 -0.017539664171636101 0.014560916461050512 0.36992105841636663 15.805000305175783 3.4950553178787236 0.0083857811987400072 -0.012058732099831103 -0.0020974999060854311 0.10494999960064889 0.017780000343918804 0.0059274726081639537
decision_type=10 10 8 2 2 2 8 10 10 2 8 10 10 2
left_child=3 13 -3 4 5 -1 -6 -7 -5 10 -10 -12 -13 -2
right_child=1 2 -4 8 6 7 -8 -9 9 -11 11 12 -14 -15
leaf_value=0.0038901865579069397 -0.00014579799768668666 -0.0021148470726955878 -0.00035397073369927918 0.00095822469834456353 -0.0039540051757227454 0.0016207571946618576 0.00026335233721783879 -0.0023873444267149481 -0.0027971389162894729 3.1762393209595694e-05 0.00014758626262562644 -0.0020205625959371608 0.0019596557015396443 0.00022560738651034999
leaf_weight=462 78044.5 829 5296 1662 102 206 475 170 281 337780.5 1488 770 102 11328
leaf_count=462 78041 829 5296 1661 102 206 475 170 281 337759 1488 770 102 11328
internal_value=-1.43107e-06 -0.000130497 -0.000593831 3.44526e-05 0.00101707 0.00206514 -0.000509741 -0.000198965 3.03733e-05 2.58293e-05 -0.000731628 -0.000480299 -0.00154647 -9.87122e-05
internal_weight=438996 95497.5 6125 343498 1415 838 577 376 342084 340422 2641 2360 872 89372.5
internal_count=438970 95494 6125 343476 1415 838 577 376 342061 340400 2641 2360 872 89369
is_linear=0
shrinkage=0.03


Tree=116
num_leaves=15
num_cat=0
split_feature=65 18 20 76 67 80 0 15 27 21 45 45 45 55
split_gain=2.8332 2.09756 2.65129 2.68418 2.56416 1.95024 1.9288 1.92661 2.22945 2.44219 2.04889 1.84333 1.81905 1.90271
threshold=0.015523958485573532 0.09271500259637834 -0.043294999748468392 1.0000000180025095e-35 -0.016291726380586621 1.0000000180025095e-35 0.00044450000859797006 -0.00084019999485462893 15.085000038146974 0.60925000905990612 -0.01822779048234224 -0.03876190818846225 -0.030996825546026226 0.34338092803955084
decision_type=10 10 10 2 2 10 10 10 8 10 2 2 2 2
left_child=11 5 -3 6 -5 7 -4 8 9 10 -2 -1 -7 -14
right_child=1 2 3 4 -6 12 -8 -9 -10 -11 -12 -13 13 -15
leaf_value=0.0024814447503326937 0.00056082921858560935 -0.00032914844337043062 0.00099494309831847324 -0.0024032862072537928 1.1219230454093312e-05 0.0018285568130990987 0.0052112383867684254 7.165815761757715e-05 2.6488032312638647e-05 -0.0012740849985520947 -0.00019693431071814702 0.00049882656083340626 -0.00016729914995586756 0.00027975424319050279
leaf_weight=454 3346 38545 1317 396 30820 601 101 142582.5 89029 1824 77221.5 5324 11207.5 36342.5
leaf_count=454 3345 38545 1317 396 30820 601 101 142579 89029 1824 77207 5324 11206 36342
internal_value=-3.01653e-06 -1.18195e-05 -0.000160694 3.82923e-05 -1.97907e-05 1.74427e-05 0.00131251 -9.82019e-06 -7.75916e-05 -0.000190051 -0.000165431 0.000656619 0.000195212 0.000174378
internal_weight=439111 433333 71179 32634 31216 362154 1418 314003 171420 82391.5 80567.5 5778 48151 47550
internal_count=439090 433312 71179 32634 31216 362133 1418 313984 171405 82376 80552 5778 48149 47548
is_linear=0
shrinkage=0.03


Tree=117
num_leaves=15
num_cat=0
split_feature=12 45 24 80 0 10 55 53 67 9 27 20 13 50
split_gain=2.0794 1.91515 2.00128 1.9234 1.94169 1.83865 1.79974 1.71783 1.70843 1.66506 1.75432 1.63147 1.58346 1.65935
threshold=0.53129756450653087 -0.0038169696927070613 0.59825000166893016 inf 0.0047134999185800561 -0.074374321848154054 0.31058230996131903 0.00019205988792236897 0.0082076550461351889 0.03629774414002896 15.664999961853029 -0.19555000215768811 0.32552407681941992 -0.0019466305384412406
decision_type=10 2 10 8 10 10 2 2 2 8 8 8 8 2
left_child=1 2 -1 4 -3 7 8 -4 -5 11 -11 -2 13 -8
right_child=9 3 5 6 -6 -7 12 -9 -10 10 -12 -13 -14 -15
leaf_value=0.00038416825450559552 -0.00033320309076862072 0.00013312231656959216 0.0024039175921531683 -0.00025709957559623024 0.001045795083817078 5.8118821874418065e-05 -0.00030998671495909182 -0.0017107575994616906 -0.0023445940040332895 -0.00076758090936024153 -0.00016821053978421596 7.0209351294021587e-05 8.5722147439802572e-05 -3.1641575940004351e-05
leaf_weight=22393 13129 31870.5 515 24986.5 2241 94273 23970.5 107 353 7103 11525 28817 79581 98344.5
leaf_count=22387 13128 31870 515 24985 2241 94267 23970 107 353 7103 11525 28817 79579 98341
internal_value=2.2768e-06 2.83862e-05 0.000129099 -1.68134e-05 0.000193226 6.8891e-05 -4.8347e-05 0.00168809 -0.000286637 -0.000160916 -0.0003969 -5.60825e-05 -1.84335e-05 -8.62003e-05
internal_weight=439209 378635 117288 261347 34111.5 94895 227236 622 25339.5 60574 18628 41946 201896 122315
internal_count=439188 378615 117276 261339 34111 94889 227228 622 25338 60573 18628 41945 201890 122311
is_linear=0
shrinkage=0.03


Tree=118
num_leaves=15
num_cat=0
split_feature=13 79 13 49 67 27 30 20 66 14 56 64 36 68
split_gain=2.01088 2.33114 3.24339 2.09489 2.10424 2.46665 2.27182 2.03395 1.98828 1.93846 2.13321 1.85556 1.72746 1.72318
threshold=0.2690082341432572 80.500000000000014 1.0000000180025095e-35 0.01964762527495623 -0.0034895522985607381 21.894999504089359 0.55755001306533825 -0.023295000195503231 0.034880183637142188 -0.092059999704360948 0.016651159152388576 0.042694536969065673 -0.0084830000996589643 0.0077463216148316869
decision_type=8 8 10 10 2 8 8 10 10 8 2 10 10 2
left_child=1 -1 8 -2 -5 6 -6 9 -3 10 -4 -11 -8 -13
right_child=3 2 7 4 5 -7 12 -9 -10 11 -12 13 -14 -15
leaf_value=-1.8180527862162972e-05 0.00063398210552879084 0.0018641749670746724 0.00021693378262123566 -0.00011383571813298737 -2.3282655159302222e-05 0.00045028362745364205 -0.00017833799627005597 0.00082058256841963291 0.00020633200659354883 0.00046132985383486209 0.0035752383077188449 -0.00055281606090256167 0.0003456015642260582 0.00025082409990054766
leaf_weight=200236.5 5714 785 1033 50941.5 84079 16974 6868 1276 3712 1951 199 30594.5 32217.5 2603
leaf_count=200234 5713 785 1033 50933 84076 16974 6868 1276 3712 1951 199 30587 32214 2603
internal_value=-3.02887e-06 -6.08699e-05 -0.000263626 6.82133e-05 5.12786e-05 0.000111301 6.45674e-05 -0.000354571 0.000497475 -0.000395896 0.000771646 -0.000436923 0.000253525 -0.000489775
internal_weight=439184 242390 42153.5 196794 191080 140138 123164 37656.5 4497 36380.5 1232 35148.5 39085.5 33197.5
internal_count=439158 242380 42146 196778 191065 140132 123158 37649 4497 36373 1232 35141 39082 33190
is_linear=0
shrinkage=0.03


Tree=119
num_leaves=15
num_cat=0
split_feature=49 20 60 70 50 55 30 35 56 3 80 57 0 50
split_gain=1.87893 2.19634 1.93049 2.31339 2.11828 1.97091 1.96373 1.91111 1.83093 2.4511 1.70026 1.68969 1.87588 1.72415
threshold=0.024378357455134395 -0.70394998788833607 0.83480200171470653 -0.0035950479796156283 -0.017539664171636101 0.32668702304363256 0.59095001220703136 0.47249999642372137 0.028675957582890991 0.01118749985471368 1.0000000180025095e-35 -0.016034167259931561 -0.017793000675737854 0.0031944878865033392
decision_type=10 8 2 2 2 2 10 10 2 8 10 2 8 2
left_child=-1 -2 3 4 -3 8 11 -4 -5 -10 -7 -6 -13 -14
right_child=1 2 7 5 6 10 -8 -9 9 -11 -12 12 13 -15
leaf_value=0.00033559054597915634 -0.0011771369564820995 0.0020139040118126077 -0.00014744200573027901 -0.00016756613535801271 -0.00092069769751061822 -2.0178386144394226e-05 0.00049380693310282272 -0.0030554682543622808 0.0019104677566007193 -0.0021219934539991434 0.00023060838599191081 0.0013841316047700429 5.0866219149490625e-05 0.00072822655653173986
leaf_weight=14133 1456 540 69763.5 51685.5 1480 184246.5 12029.5 199 158 828 28027 1007 69923 3549
leaf_count=14132 1456 540 69761 51679 1480 184241 12027 199 158 828 28027 1006 69920 3549
internal_value=-4.64142e-06 -1.59622e-05 -1.19556e-05 1.65431e-05 0.000149309 -2.78214e-05 0.000137752 -0.000155931 -0.000192074 -0.00146944 1.29383e-05 8.13358e-05 0.000101308 8.36328e-05
internal_weight=439025 424892 423436 353474 88528.5 264945 87988.5 69962.5 52671.5 986 212274 75959 74479 73472
internal_count=439003 424871 423415 353455 88522 264933 87982 69960 52665 986 212268 75955 74475 73469
is_linear=0
shrinkage=0.03


Tree=120
num_leaves=15
num_cat=0
split_feature=18 23 54 20 79 74 24 55 68 58 14 72 39 0
split_gain=2.30074 2.65016 2.3384 2.20931 2.80231 2.32579 2.10195 2.84854 3.41816 2.1905 2.06098 1.93032 1.95627 1.92865
threshold=0.094174999743700041 0.62985000014305126 0.0056884167715907106 -0.01930500008165836 158.50000000000003 1.0000000180025095e-35 1.6844999790191653 0.61437177658081066 0.0050662036519497642 0.01352725923061371 -0.0036195000866428013 -0.012058732099831103 -0.0089934999123215658 -0.0001044999989971984
decision_type=10 8 2 10 8 2 10 2 2 2 10 2 10 8
left_child=1 2 10 -2 5 -5 11 8 -8 13 -1 12 -3 -10
right_child=3 6 -4 4 -6 -7 7 -9 9 -11 -12 -13 -14 -15
leaf_value=-0.0004457926203937369 -0.00025696681783925527 4.8705326253476955e-05 0.00041724329929252623 -6.0416773975780444e-05 0.001390546418783464 0.0018267947901230226 -0.0007272776084812564 0.0006985973458417061 -0.0030348821843342319 0.0032134658111885018 -4.4042869134995978e-05 7.7615275152448021e-05 -0.0016280119987834732 0.00055735506386815658
leaf_weight=23224 54296 1301 5317 14247 1465 608 9623.5 2130 142 254 22747.5 301056 1202 1582
leaf_count=23219 54296 1301 5317 14247 1465 608 9623 2130 142 254 22746 301039 1202 1582
internal_value=-8.1111e-06 2.19442e-05 -0.000178128 -0.000164975 0.000141064 1.74135e-05 5.42873e-05 -0.000308696 -0.000493853 0.000640788 -0.000247026 7.07117e-05 -0.000758135 0.000253554
internal_weight=439195 368579 51288.5 70616 16320 14855 317290 13731.5 11601.5 1978 45971.5 303559 2503 1724
internal_count=439171 368555 51282 70616 16320 14855 317273 13731 11601 1978 45965 303542 2503 1724
is_linear=0
shrinkage=0.03


Tree=121
num_leaves=15
num_cat=0
split_feature=32 13 72 39 30 6 11 30 10 68 51 65 21 22
split_gain=2.03169 2.78563 2.37963 3.48706 1.99401 2.07557 2.06168 2.98667 1.8184 1.81452 1.65154 1.98391 1.58581 1.54079
threshold=-0.063340000808238969 0.5592656433582307 -0.0097383195534348471 -0.010435000061988829 0.15055000036954883 0.00016550000145798552 0.30113101005554205 0.47865000367164617 0.058081420138478286 -0.013288291171193121 0.4588849544525147 0.70429059863090526 0.28294999897480017 1.141499996185303
decision_type=10 8 2 8 8 8 10 8 8 2 10 8 10 10
left_child=1 4 3 12 -1 -6 8 13 -7 -5 -9 -12 -2 -8
right_child=2 -3 -4 9 5 6 7 10 -10 -11 11 -13 -14 -15
leaf_value=0.0010267619160446446 -0.0010138516114769085 0.00036029078181006453 5.4554656820512015e-05 -0.0038889031645919507 0.0002279857225664304 -0.00029878847120770765 -0.00025719458069620535 0.00040856192063027074 -0.0040751274543125993 -0.0010744201574765767 -0.0016171566152542768 0.0006631029706818945 0.00074454465808187619 -0.0017071861821539205
leaf_weight=1271 629 10549.5 321778 220 10708 63640 10982.5 12895 110 2618 823 583 1694 697
leaf_count=1271 629 10549 321765 220 10706 63636 10981 12894 110 2618 823 583 1694 697
internal_value=6.49118e-06 -0.00010362 4.43004e-05 -0.000594465 -0.000151753 -0.000166717 -0.000213829 1.14286e-05 -0.000305624 -0.00129905 0.000302065 -0.000672644 0.000267268 -0.00034442
internal_weight=439198 112259 326939 5161 101710 100438 89730.5 25980.5 63750 2838 14301 1406 2323 11679.5
internal_count=439176 112250 326926 5161 101701 100430 89724 25978 63746 2838 14300 1406 2323 11678
is_linear=0
shrinkage=0.03


Tree=122
num_leaves=15
num_cat=0
split_feature=52 60 63 19 10 15 50 23 27 17 76 45 54 67
split_gain=2.13781 2.19608 2.02994 1.97991 2.56848 2.48748 2.58446 2.25592 2.42663 2.13439 2.01918 2.22727 1.91859 1.64754
threshold=6.1299695968627939 0.12842251360416415 0.046621147543191917 0.17535000294446948 -0.074374321848154054 -0.017545000649988648 -0.0021989597007632251 0.61004999279975902 15.805000305175783 47.004999160766609 1.5000000000000002 0.049387393519282348 0.0033186911605298523 -0.0057140367571264497
decision_type=10 2 2 8 8 8 2 10 8 10 2 2 2 2
left_child=1 -1 -2 7 -5 12 -7 8 9 -3 -8 -12 -6 -10
right_child=2 3 -4 4 5 6 10 -9 13 -11 11 -13 -14 -15
leaf_value=0.00018428159937168174 -0.0016113430327467655 -0.00069710830141130032 -0.0002823269983538325 0.0026028156950434838 -0.000812425269770642 -0.00031459953766291396 0.00056458953330594845 5.2410941029588259e-05 -0.00063819230829985677 -6.2257204910466359e-05 -4.9901746325789738e-05 0.0016449912070569054 -6.8125849487437671e-05 0.00027802192817363928
leaf_weight=53853 1266 11101.5 5573 303 8093 29417.5 5718 243724 2141 8351 53624 702 5069 9983
leaf_count=53850 1266 11098 5572 303 8093 29417 5718 243710 2141 8351 53623 702 5069 9983
internal_value=-3.2817e-06 5.0509e-06 -0.000529345 -2.04706e-05 -0.000132723 -0.000140926 -8.42587e-05 2.14988e-05 -0.000217068 -0.000424651 2.86095e-05 -2.7851e-05 -0.000525913 0.00011603
internal_weight=438919 432080 6839 378227 102926 102624 89461.5 275300 31576.5 19452.5 60044 54326 13162 12124
internal_count=438896 432058 6838 378208 102925 102622 89460 275283 31573 19449 60043 54325 13162 12124
is_linear=0
shrinkage=0.03


Tree=123
num_leaves=15
num_cat=0
split_feature=66 25 54 68 11 20 76 30 14 58 54 30 44 27
split_gain=1.76647 2.70216 2.51115 2.25641 2.23119 2.24201 2.73583 2.5074 2.13633 1.99003 1.98442 2.33056 1.97773 1.94061
threshold=0.70284366607666027 0.058624999597668655 0.0057713901624083528 0.0098051317036151903 0.75804659724235546 -0.27875000238418574 1.5000000000000002 0.51214998960495006 -0.15894999355077741 0.0090492889285087603 0.0020157281542196874 0.51774999499320995 0.029297492466866974 15.25500011444092
decision_type=10 10 2 2 8 8 2 10 8 2 2 10 2 8
left_child=2 -2 4 -3 5 6 -1 8 -7 -8 -11 -12 -9 -10
right_child=1 3 -4 -5 -6 7 9 12 13 10 11 -13 -14 -15
leaf_value=-0.00083441772479120953 -0.00020437573758453812 0.00012034471552426108 0.00027492081562357498 -0.0010973817559595332 0.00047880081747030606 0.0035884463129693578 -0.00051098189507641889 0.00017215916632911475 -0.00016236517942561367 -0.00019099343204069993 0.00042706375753159305 -0.0005016307622039629 -0.0016699306679947767 6.7877959499362708e-05
leaf_weight=5281 82308.5 44499 33797 1408 8522 140 9314 81215.5 70637 24617 12309 3026 523 61737.5
leaf_count=5281 82304 44499 33797 1408 8521 140 9312 81207 70635 24617 12304 3026 523 61737
internal_value=-7.82137e-06 -0.000101526 3.07962e-05 8.28807e-05 1.04047e-06 -1.4115e-05 -0.000185819 2.96027e-05 -5.10002e-05 -0.000116216 -2.41314e-05 0.000243704 0.000160271 -5.49847e-05
internal_weight=439334 128216 311119 45907 277322 268800 54547 214253 132514 49266 39952 15335 81738.5 132374
internal_count=439311 128211 311100 45907 277303 268782 54540 214242 132512 49259 39947 15330 81730 132372
is_linear=0
shrinkage=0.03


Tree=124
num_leaves=15
num_cat=0
split_feature=45 67 24 39 34 45 54 59 35 35 30 63 47 67
split_gain=2.08883 2.73664 2.54965 2.34607 2.42986 2.32126 2.30877 2.40029 2.54017 2.38814 2.29104 2.06332 2.15159 2.52976
threshold=-0.0033712225267663594 -0.0018664204399101434 0.91535001993179332 0.03529500029981137 0.012170000001788141 -0.030996825546026226 0.0071994967292994269 4.1071143150329599 0.47249999642372137 -0.0028155000181868668 0.20234999805688861 0.12559263408184054 0.21202620863914493 -0.00092102237977087487
decision_type=2 2 10 10 10 2 2 10 10 10 8 2 8 2
left_child=2 -2 5 6 -5 -1 7 -4 10 -8 -9 -3 -13 -14
right_child=1 11 3 4 -6 -7 9 8 -10 -11 -12 12 13 -15
leaf_value=0.00097927617703478316 -0.00018407523205822446 -0.00034741210132694658 -9.3304572596710741e-05 0.00040220565232302631 -0.00084581952785613742 0.00018824339604572358 0.00033595169070788859 -0.0044190740641352018 0.0012776520139111487 0.0037448972134798498 -0.0010193218451066514 -1.5884955395980962e-05 0.00079288074603712914 0.00013287043535019496
leaf_weight=3515 87010.5 13180.5 52046.5 15122 1543 64975 577 187 405 268 2654 149462.5 5966 41954
leaf_count=3515 87007 13180 52045 15122 1543 64963 577 187 405 268 2654 149458 5966 41951
internal_value=2.54539e-06 -4.25538e-05 9.7526e-05 -2.60815e-05 0.000286433 0.000228909 -0.000118872 -0.000142713 -0.000933559 0.0014328 -0.00125047 1.59298e-05 4.02007e-05 0.000215115
internal_weight=438866 297574 141292 72802.5 16665 68490 56137.5 55292.5 3246 845 2841 210563 197382 47920
internal_count=438841 297562 141279 72801 16665 68478 56136 55291 3246 845 2841 210555 197375 47917
is_linear=0
shrinkage=0.03


Tree=125
num_leaves=15
num_cat=0
split_feature=45 56 47 24 44 80 47 17 58 45 46 79 62 58
split_gain=2.0969 3.05513 2.98595 2.09284 2.09662 2.05508 1.91596 2.09672 1.91525 2.12044 1.80576 1.71008 1.98494 2.806
threshold=-0.0033712225267663594 -0.0090360320173203928 0.75319021940231334 0.62985000014305126 0.0066877200733870277 1.0000000180025095e-35 -0.3253102302551269 72.844997406005874 0.0096202353015542048 -0.021525471471250054 0.8447585701942445 2.5000000000000004 0.73374596238136303 0.026476074941456321
decision_type=2 2 8 8 2 10 8 10 2 2 8 8 2 2
left_child=3 10 5 8 6 11 7 -5 -1 -10 -2 -3 -13 -14
right_child=1 2 -4 4 -6 -7 -8 -9 9 -11 -12 12 13 -15
leaf_value=0.0007737381523179478 -0.00034436662075961052 0.00033823017149466978 0.00075616123221720931 -0.00026499843088473079 0.00068426914834613414 0.00017050748645335194 5.8223549420621108e-05 -0.0025597454192863617 0.00099574198456623352 6.9005634153350743e-05 -0.0013167537646158031 -1.6887535329832295e-05 -0.00018513935028718236 -0.0026727893743837936
leaf_weight=6657 10684.5 8904 4320 12543 4344 36890.5 97421 364 2540 17519 2045 145491 88877 405
leaf_count=6654 10683 8904 4320 12543 4344 36890 97411 364 2540 17516 2045 145487 88871 405
internal_value=-1.22453e-06 -4.64155e-05 -2.60934e-05 9.38992e-05 3.81823e-05 -3.81513e-05 1.27137e-05 -0.00033068 0.000332999 0.000186574 -0.000501037 -6.97433e-05 -8.52229e-05 -0.000196573
internal_weight=439005 297617 284888 141388 114672 280568 110328 12907 26716 20059 12729.5 243677 234773 89282
internal_count=438977 297605 284877 141372 114662 280557 110318 12907 26710 20056 12728 243667 234763 89276
is_linear=0
shrinkage=0.03


Tree=126
num_leaves=15
num_cat=0
split_feature=65 20 30 79 53 11 26 12 79 13 51 19 76 27
split_gain=1.82202 2.66697 2.0732 1.77089 2.27858 2.48644 2.56362 2.15165 2.05246 2.00842 1.79737 1.74578 2.60368 2.09615
threshold=0.015523958485573532 -0.70394998788833607 0.70695000886917125 906.50000000000011 0.0053043572697788486 0.30113101005554205 0.23085000365972522 0.25925962626934057 1603.5000000000002 0.2500003874301911 0.13116984814405444 0.17044999450445178 1.0000000180025095e-35 12.164999961853029
decision_type=10 8 8 8 2 10 8 10 10 10 10 8 2 10
left_child=2 -2 -1 11 5 9 7 8 -7 -5 -10 -3 -13 -14
right_child=1 3 -4 4 -6 6 -8 -9 10 -11 -12 12 13 -15
leaf_value=0.00024608182737687891 -0.0012606742618156168 6.0380652934843618e-05 0.0016637125746690284 -0.00060368329723960146 0.00086291772552936157 0.00068490619824107502 0.0010211010369272108 -0.00060463843357473537 0.00069807009053017414 -0.00011595665693088267 -0.0024671951507447992 0.00058975306295546153 -0.0003641242543657488 -3.9774757439749297e-05
leaf_weight=4509 1506 285090 1165 15494.5 1794 3408 2449 3780 275 14913 380 4926 23486.5 75784.5
leaf_count=4508 1506 285077 1165 15491 1794 3406 2449 3779 275 14911 380 4926 23486 75784
internal_value=4.49374e-06 -2.50353e-06 0.000538362 1.89937e-06 -0.000181979 -0.000228138 0.000174847 -8.98805e-05 0.000389178 -0.000364542 -0.00114305 2.19731e-05 -8.31103e-05 -0.000116527
internal_weight=438960 433286 5674 431780 42493.5 40699.5 10292 7843 4063 30407.5 655 389287 104197 99271
internal_count=438937 433264 5673 431758 42485 40691 10289 7840 4061 30402 655 389273 104196 99270
is_linear=0
shrinkage=0.03


Tree=127
num_leaves=15
num_cat=0
split_feature=19 74 20 28 61 23 20 20 53 54 61 22 26 76
split_gain=2.00833 3.51127 2.90131 2.21607 2.09247 2.03128 1.95868 1.75276 3.67075 2.51524 2.11859 2.02957 2.00172 2.83301
threshold=0.17294999957084659 1.0000000180025095e-35 -0.029275000095367428 0.15379999577999118 0.99806201457977306 0.75235000252723705 -0.084454998373985277 -0.32164999842643732 0.0030330816516652708 0.0016347906785085799 0.22168649733066562 0.3457500040531159 0.11410000175237657 1.5000000000000002
decision_type=10 2 10 10 2 10 10 8 2 2 2 10 8 2
left_child=7 2 3 -2 5 -4 -3 8 9 12 -9 -10 -1 -14
right_child=1 6 4 -5 -6 -7 -8 10 11 -11 -12 -13 13 -15
leaf_value=-0.00081935831332840148 -0.00054802492714219444 -0.00017170833255702764 0.00065205531774744784 -0.0001648772006994581 0.0030532036628246198 -3.3820043119854738e-05 0.0010574235802731575 0.00022759187877631362 3.906653215940617e-06 -2.4249232923946126e-05 1.9402788264380932e-05 0.00085772403314234784 -0.0015665653636166904 -0.00010244218457813627
leaf_weight=8563.5 17869 1761 4569 56667 208 25840 3446 55326.5 5372 25718.5 214667.5 4691 1306 12836
leaf_count=8562 17869 1761 4569 56666 208 25840 3446 55318 5372 25715 214658 4691 1306 12836
internal_value=-7.3857e-06 -0.000118105 -0.000155771 -0.000256762 9.00906e-05 6.93241e-05 0.000641967 2.98139e-05 -0.000119073 -0.000227419 6.20678e-05 0.000402153 -0.000457493 -0.000238158
internal_weight=438841 110360 105153 74536 30617 30409 5207 328481 58487 48424 269994 10063 22705.5 14142
internal_count=438817 110359 105152 74535 30617 30409 5207 328458 58482 48419 269976 10063 22704 14142
is_linear=0
shrinkage=0.03


Tree=128
num_leaves=15
num_cat=0
split_feature=67 49 9 1 39 59 52 27 51 22 39 17 30 45
split_gain=1.87746 1.79407 2.01518 2.17729 2.10335 2.14106 1.99743 1.89801 2.27959 2.12851 1.86402 1.77019 1.71885 2.10409
threshold=-0.012389608193188904 0.024378357455134395 0.050959581509232528 -0.0038365001091733571 0.034664999693632133 3.6017594337463383 0.82536807656288158 13.335000038146974 0.092419289052486434 0.83595001697540294 0.0085339997895061987 45.024999618530281 0.38474999368190771 0.049387393519282348
decision_type=2 10 8 10 10 10 10 8 10 10 10 8 8 2
left_child=-1 -2 7 4 10 -6 -5 8 9 -3 11 -4 13 -10
right_child=1 2 3 6 5 -7 -8 -9 12 -11 -12 -13 -14 -15
leaf_value=-0.00032560368978044272 0.00036199559854629092 -2.3677877924546348e-05 0.00014246893260032762 0.0017054416343491793 1.6334601050693069e-05 0.0025165591693905435 -0.00038280201864574257 6.3719758782015225e-05 -0.00052248560908771066 0.00046113454715612692 -0.0010017983200680445 -0.00051969644332747471 -0.00011891314809181293 0.0032276529033997041
leaf_weight=15719 12516 50872 5333 960 7767 316 717 253561 14500 9700 4409 11385 50922 131
leaf_count=15719 12515 50872 5333 960 7767 316 717 253537 14500 9700 4409 11385 50922 131
internal_value=-3.71834e-06 8.24435e-06 -2.54376e-06 -0.000235551 -0.000295944 0.000115575 0.000814131 1.6414e-05 -7.86881e-05 5.39916e-05 -0.000453378 -0.000308488 -0.000201281 -0.000487817
internal_weight=438808 423089 410573 30887 29210 8083 1677 379686 126125 60572 21127 16718 65553 14631
internal_count=438783 423064 410549 30887 29210 8083 1677 379662 126125 60572 21127 16718 65553 14631
is_linear=0
shrinkage=0.03


Tree=129
num_leaves=15
num_cat=0
split_feature=9 58 14 49 50 67 45 51 78 50 55 13 9 20
split_gain=1.93012 2.38777 2.39506 1.87108 1.70115 1.62097 2.17414 2.74166 1.77115 1.69393 1.58516 1.84051 1.57635 2.23597
threshold=0.064040895551443114 0.010871717706322672 0.062455000355839736 inf -0.0026450711302459236 -0.012389608193188904 -0.01822779048234224 0.061220236122608192 0.0090094381012022513 -0.017539664171636101 0.26594203710556036 0.11949146538972856 0.022434646263718609 -0.27635000646114344
decision_type=10 2 10 8 2 2 2 8 2 2 2 10 10 8
left_child=3 -2 4 5 10 9 7 -7 -9 -1 11 -3 13 -8
right_child=1 2 -4 -5 -6 6 12 8 -10 -11 -12 -13 -14 -15
leaf_value=0.0014903742488520423 -0.0010591588200399146 0.0036038604437265021 -0.00093462059280926396 0.0021465948204901749 0.00057042986893896669 0.0016853752482334403 -0.00034970936746692166 0.00028467072520456773 -0.0020813832288961213 -0.00036437182561302873 -0.00087370772660377307 -6.8155680537764461e-05 -2.5294158960694405e-05 0.0001722153177101443
leaf_weight=453 3308 158 2346 364 3960 1274 8182 15855 285 13810 1858 498 311126.5 75662.5
leaf_count=453 3308 158 2346 364 3960 1274 8182 15855 285 13810 1858 498 311106 75662
internal_value=6.53269e-07 -0.000372464 -0.00011446 1.12548e-05 0.000183236 9.40785e-06 2.02844e-05 0.00034829 0.000242259 -0.000304963 -0.000426586 0.000836834 5.81864e-06 0.000121265
internal_weight=439140 12128 8820 427012 6474 426648 412385 17414 16140 14263 2514 656 394971 83844.5
internal_count=439119 12128 8820 426991 6474 426627 412364 17414 16140 14263 2514 656 394950 83844
is_linear=0
shrinkage=0.03


Tree=130
num_leaves=15
num_cat=0
split_feature=60 35 18 72 64 65 27 20 70 55 67 34 68 9
split_gain=1.95138 2.78418 1.96606 2.27173 2.65029 2.84358 2.24626 2.0842 1.92632 1.7356 1.99026 2.34614 2.23033 1.82138
threshold=0.76853874325752269 0.47249999642372137 -0.064465001225471483 0.008203760255128147 0.81584453582763683 0.81800562143325817 24.015000343322757 -0.20075000077486035 -0.0029097710503265257 0.32668702304363256 0.0059728287160396585 0.0031034999992698435 0.0012432227376848461 0.022542851045727733
decision_type=2 10 8 2 10 8 8 8 2 2 2 10 2 8
left_child=8 2 -2 4 -4 -6 -5 -7 -1 10 -10 12 -12 -11
right_child=1 -3 3 6 5 7 -8 -9 9 13 11 -13 -14 -15
leaf_value=0.00013290089742051716 0.00018184462053608239 -0.0031131370932036126 -0.00010188662752769474 0.0008205109771984851 -0.00064471328747601054 0.001177867984821872 -0.0014458734359881677 -0.00019971716532775691 -0.00016493772299570311 0.00018255772946595137 -0.0014809306468749936 0.00047232919769982489 -0.0064134235439955124 -3.6517169694239864e-05
leaf_weight=94978.5 16067.5 276 58121.5 3255 19131 1306 443 4013 48591.5 44412.5 211 220 135 147827.5
leaf_count=94972 16066 276 58120 3255 19131 1306 443 4013 48586 44411 211 220 135 147822
internal_value=-1.64831e-05 -0.000130999 -0.000122804 -0.000179551 -0.000212141 -0.000474157 0.000547425 0.000139317 1.84518e-05 -2.65803e-05 -0.000185647 -0.00194656 -0.0034694 1.40983e-05
internal_weight=438989 102613 102337 86269.5 82571.5 24450 3698 5319 336376 241398 49157.5 566 346 192240
internal_count=438967 102610 102334 86268 82570 24450 3698 5319 336357 241385 49152 566 346 192233
is_linear=0
shrinkage=0.03


Tree=131
num_leaves=15
num_cat=0
split_feature=14 19 79 20 51 72 6 19 20 28 47 51 50 30
split_gain=1.66534 2.34582 2.07862 2.05291 2.05158 1.97334 1.99486 2.2177 1.93247 2.26665 3.36401 1.87651 2.0272 3.32596
threshold=-0.092059999704360948 0.099435001611709609 732.50000000000011 -0.21694999933242795 0.27309858798980718 -0.012058732099831103 0.0022214999189600353 0.25335000455379492 -0.49334999918937678 0.31845000386238104 0.59210091829299938 0.33285437524318701 0.0065179248340427884 0.323050007224083
decision_type=8 10 10 10 10 2 8 10 8 8 10 10 2 8
left_child=1 2 -1 4 -3 6 -2 -8 9 10 -7 -10 13 -13
right_child=5 3 -4 -5 -6 8 7 -9 11 -11 -12 12 -14 -15
leaf_value=3.3398811128620794e-05 -0.0021624352155661733 0.0016783168399481163 0.0022702164478326315 0.00065664145258838324 0.0056556047337362539 -0.0015735966178748195 0.00012572233809860002 -0.0019791663110924835 1.8705540038757807e-05 -0.00018667799565022229 0.0038938390929687105 -0.0011611402334073774 0.00027998016034424812 -0.00019579389473107294
leaf_weight=7697 701 460 388 1471 155 1994 1957 580 385940.5 7678 102 3804 5732 20520
leaf_count=7696 701 460 388 1471 155 1994 1957 580 385920 7677 102 3804 5732 20519
internal_value=-5.49425e-06 0.000373816 0.000142081 0.0012695 0.00271825 -1.44912e-05 -0.000751719 -0.000358436 -8.87584e-06 -0.000425731 -0.0012989 9.23344e-07 -0.000227378 -0.000346971
internal_weight=439180 10171 8085 2086 615 429008 3238 2537 425770 9774 2096 415996 30056 24324
internal_count=439156 10170 8084 2086 615 428986 3238 2537 425748 9773 2096 415975 30055 24323
is_linear=0
shrinkage=0.03


Tree=132
num_leaves=15
num_cat=0
split_feature=66 60 27 30 79 23 58 58 24 35 5 45 51 20
split_gain=2.12713 2.33537 1.83708 3.77719 2.05449 1.93553 1.83726 2.84247 1.79588 1.7789 2.37238 1.92404 1.77075 1.74698
threshold=0.71888476610183727 0.45168364048004156 15.085000038146974 0.37704999744892126 6.5000000000000009 1.0425000190734866 0.011342821642756464 0.011445314157754185 1.4894999861717226 0.069070000201463713 0.53452348709106456 0.016862492077052597 0.11078636348247529 -0.50964999198913563
decision_type=10 2 10 8 10 8 2 2 10 10 8 2 10 10
left_child=2 -2 3 6 5 -5 9 8 -8 10 11 -1 -3 -12
right_child=1 12 -4 4 -6 -7 7 -9 -10 -11 13 -13 -14 -15
leaf_value=-0.0014941780486286528 3.2902020645777674e-05 -4.4324786181931348e-05 0.00011434976557700465 -0.00050650313432206871 8.5809766711367007e-05 2.6795874272370801e-05 0.001254464967175803 -3.8295861226314668e-05 0.0060445637316750532 0.00027168656890100436 -0.002196248412825006 0.0023785449219251836 -0.00035937859682481319 -0.00037258630756395705
leaf_weight=2834 54431.5 26963 143541 11191.5 118965 13521 221 6674 101 2671 481 116 39691 17718
leaf_count=2832 54428 26962 143541 11188 118952 13521 221 6674 101 2671 481 116 39690 17717
internal_value=-5.88661e-06 -0.000112892 3.48548e-05 -3.05403e-05 3.41041e-05 -0.000214772 -0.000331897 9.54799e-05 0.0028264 -0.000457413 -0.000549536 -0.00133813 -0.000231945 -0.000421376
internal_weight=439120 121086 318034 174494 143678 24712.5 30816 6996 322 23820 21149 2950 66654 18199
internal_count=439095 121080 318015 174474 143661 24709 30813 6996 322 23817 21146 2948 66652 18198
is_linear=0
shrinkage=0.03


Tree=133
num_leaves=15
num_cat=0
split_feature=65 45 20 18 54 20 58 35 15 18 68 19 72 19
split_gain=1.62357 2.8362 1.74914 1.59642 1.93308 2.31439 1.92816 2.12529 1.91903 2.46697 2.20659 2.16573 2.14768 2.40693
threshold=0.018989542499184612 -0.03876190818846225 -0.70394998788833607 -0.091135002672672258 0.0018883415614254775 -0.27875000238418574 0.010848696809262039 -0.086254999041557298 -0.0083924997597932798 0.070244997739791884 0.0098051317036151903 0.19135000556707385 0.0075091964099556216 0.16324999928474429
decision_type=10 2 8 8 2 10 2 10 10 10 2 10 2 10
left_child=1 -1 -2 4 5 6 -4 -8 11 -10 -11 -5 -12 -14
right_child=2 -3 3 8 -6 -7 7 -9 9 10 12 -13 13 -15
leaf_value=0.0026221472261130111 -0.0010256889891375135 0.00028258938774194887 -0.00077379897142221179 -6.8007688284493014e-05 0.00042486708519644815 0.0004739838584234792 -0.0023720634816892803 0.00012019373842501595 0.00010711782699273747 -5.9931010062957384e-05 -0.0011661889478447533 -0.00045327644474621036 -0.0020984812628212866 0.002615396104333922
leaf_weight=495 1506 6963.5 4246 132224.5 16658 5696.5 316 7568 150081.5 95553 2775 14575 140 295
leaf_count=495 1506 6962 4246 132211 16656 5696 316 7568 150078 95553 2775 14575 140 295
internal_value=8.17196e-07 0.000439512 -6.76831e-06 -3.1889e-06 0.000192562 -2.45748e-05 -0.000258807 1.8861e-05 -2.02528e-05 3.04939e-05 -8.59444e-05 -0.000106273 -0.000858994 0.00109168
internal_weight=439093 7458.5 431634 430128 34484.5 17826.5 12130 7884 395644 248844 98763 146800 3210 435
internal_count=439072 7457 431615 430109 34482 17826 12130 7884 395627 248841 98763 146786 3210 435
is_linear=0
shrinkage=0.03


Tree=134
num_leaves=15
num_cat=0
split_feature=31 9 45 51 58 20 6 68 49 55 46 59 61 9
split_gain=1.58365 1.37072 1.73901 2.365 1.8923 2.00216 1.9316 1.7084 2.56305 2.23639 2.20212 1.9575 1.77882 1.68476
threshold=0.75575000047683727 0.017251007258892063 -0.0038169696927070613 0.046873139217495925 0.011860057245939972 -0.45595000684261316 -0.00092750001931563009 -1.8899574570241381e-05 0.75008240342140209 0.35076327621936804 0.8447585701942445 3.7406338453292851 0.80439612269401561 0.048415897414088256
decision_type=8 10 2 10 2 8 10 2 8 2 10 10 2 10
left_child=-1 -2 3 -3 5 -5 -7 12 10 11 13 -10 -4 -9
right_child=1 2 7 4 -6 6 -8 8 9 -11 -12 -13 -14 -15
leaf_value=-0.00032272709900432403 0.000258417861498951 0.00042846042707314895 -6.2318494999451485e-05 -0.00073564178123707328 -0.00012095996329743541 0.00025254224519498722 -0.00014370935300327199 -5.7697055659298471e-06 -0.0002541969380197471 0.00021307907875003305 -0.00049896825388520217 -0.0029728844319564488 -0.00047105355818256596 -0.00034585577012936821
leaf_weight=12328 20998 17289.5 26714.5 2257 37679 54203.5 13910 145936.5 6874 61173 9822 242 14939.5 14399
leaf_count=12328 20997 17284 26713 2257 37679 54200 13905 145930 6874 61172 9821 242 14937 14399
internal_value=1.24125e-05 2.21048e-05 9.86299e-06 0.000102741 5.06036e-05 0.000142467 0.000171616 -3.1699e-05 -7.30875e-07 0.000154521 -6.30404e-05 -0.000348676 -0.000208953 -3.63211e-05
internal_weight=438766 426438 405440 125339 108050 70370.5 68113.5 280100 238446 68289 170158 7116 41654 160336
internal_count=438738 426410 405413 125325 108041 70362 68105 280088 238438 68288 170150 7116 41650 160329
is_linear=0
shrinkage=0.03


Tree=135
num_leaves=15
num_cat=0
split_feature=18 24 54 53 45 34 36 43 39 9 33 74 20 33
split_gain=2.18825 2.02701 3.75435 3.19375 3.02463 2.84881 3.28942 3.02158 2.2412 2.19602 2.11824 2.02563 2.64222 1.9922
threshold=0.070244997739791884 0.97214999794960033 0.0034361907746642832 0.0031807329505681996 -0.023681201972067353 0.0045304999221116313 -0.032870000228285783 0.027779065072536472 0.12135000154376031 0.021559095010161403 -0.01162000000476837 1.0000000180025095e-35 -0.048264998942613595 -0.029875000007450577
decision_type=8 10 2 2 2 8 10 2 10 10 10 2 10 8
left_child=1 4 3 8 -1 6 -4 10 13 -5 -8 -2 -13 -3
right_child=11 2 5 9 -6 -7 7 -9 -10 -11 -12 12 -14 -15
leaf_value=0.00083676279060150625 -0.00014447063204885881 -0.0014325666446451135 -0.0014854545237515896 -0.00096840819718611556 8.4033785624158542e-05 -1.0568591169032105e-05 0.0022023169337005645 0.0023678218908036596 0.00086901312303433171 0.00048889523706889862 0.0004199813117027928 -7.9938326291460952e-05 0.0013063756644446068 -0.00019431228424887065
leaf_weight=4939 108722 1179 715 1023 170249 23732 621 810 1761 9853 14738 3165 2026 95658.5
leaf_count=4939 108722 1179 715 1023 170234 23732 621 810 1761 9853 14738 3165 2026 95647
internal_value=-3.6663e-06 3.59618e-05 -4.49464e-05 -0.000136337 0.000105278 0.000201369 0.000499182 0.000587375 -0.000190156 0.000351439 0.000492739 -0.000116821 0.000461864 -0.000209461
internal_weight=439192 325278 150090 109474 175188 40616 16884 16169 98598.5 10876 15359 113913 5191 96837.5
internal_count=439165 325252 150079 109463 175173 40616 16884 16169 98587 10876 15359 113913 5191 96826
is_linear=0
shrinkage=0.03


Tree=136
num_leaves=15
num_cat=0
split_feature=71 14 65 79 69 19 20 66 28 79 25 20 38 17
split_gain=1.70507 1.56688 2.63796 1.82219 1.50242 2.04321 2.33207 2.04453 1.88509 1.70679 1.57221 1.6576 1.51452 1.7218
threshold=-0.0017323682550340889 0.21155000478029254 0.83777856826782238 16.500000000000004 0.20942982286214831 0.2751500010490418 -0.039234999567270272 0.71888476610183727 0.27479998767375952 778.50000000000011 0.062115000560879714 -0.077064998447895036 -0.0023650000803172584 48.094999313354499
decision_type=2 10 8 10 2 10 10 10 8 8 10 10 8 10
left_child=-1 4 3 -3 12 7 8 -6 -7 10 -9 -12 13 -2
right_child=1 2 -4 -5 5 6 -8 9 -10 -11 11 -13 -14 -15
leaf_value=9.1619774750866453e-05 -0.00035006104812343127 -0.00026405202364973655 0.001286098750907991 -0.0031532265990694788 8.3016036523943652e-05 -0.00082675283472992747 8.3144516456670428e-05 -0.00019175816992937761 -0.00021653653024500554 -0.00069357545023527429 -9.3044775813113593e-05 0.00055245190718716905 -0.0002803761303862048 0.00035739270978917643
leaf_weight=134888.5 4934 324 290 498 165692.5 6860 13799 33902 13564 4442 8462 6200 37087.5 8294
leaf_count=134877 4934 324 290 498 165685 6860 13799 33901 13564 4441 8462 6200 37083 8294
internal_value=2.83642e-06 -3.65135e-05 -0.00115805 -0.00202291 -3.23817e-05 -2.59635e-06 -0.000218129 3.11354e-05 -0.000421648 -0.000131032 -7.95114e-05 0.000180006 -0.000182089 9.34822e-05
internal_weight=439238 304349 1112 822 303237 252922 34223 218698 20424 53006 48564 14662 50315.5 13228
internal_count=439212 304335 1112 822 303223 252912 34223 218689 20424 53004 48563 14662 50311 13228
is_linear=0
shrinkage=0.03


Tree=137
num_leaves=15
num_cat=0
split_feature=80 32 12 10 27 21 27 72 70 58 66 22 45 23
split_gain=2.0505 2.23063 2.42001 2.34495 2.02487 2.26071 1.98057 1.74839 1.71514 2.12815 1.64733 1.55306 2.01803 1.57285
threshold=5.5000000000000009 -0.032029999420046799 0.25925962626934057 0.058081420138478286 15.22499990463257 0.48385000228881841 12.194999694824221 0.0026283510960638527 0.0016215228824876251 0.026476074941456321 0.18029268831014636 0.64344999194145214 -0.023681201972067353 0.61544999480247509
decision_type=8 10 10 8 8 10 10 2 2 2 10 10 2 10
left_child=-1 2 11 4 5 7 -3 -4 -8 -10 -11 12 -2 -13
right_child=1 6 3 -5 -6 -7 8 -9 9 10 -12 13 -14 -15
leaf_value=0.00024373549551723588 0.00072011715718712144 -0.00012876805522651989 -0.00018221070885770184 -0.0019352726555721478 -7.0694316594989738e-05 -0.001024729493709997 0.00014105873415743399 -0.00079284839841243908 -1.9135630444336617e-05 0.0017853890270403822 -0.0022721458950703682 0.00085625175675348457 -0.00013574196587452705 0.00011509576455734194
leaf_weight=28719 2617 54718 22723 722 36948.5 4433.5 131050.5 5179 82344 102 599 2946 45639 20351.5
leaf_count=28719 2617 54718 22717 722 36948 4433 131043 5179 82340 102 599 2946 45632 20351
internal_value=-1.3051e-06 -1.84565e-05 -0.000114838 -0.000240234 -0.000222432 -0.000395778 3.22999e-05 -0.000295675 7.34673e-05 -3.31985e-05 -0.00167329 7.85493e-06 -8.92576e-05 0.00020898
internal_weight=439092 410373 141560 70006 69284 32335.5 268814 27902 214096 83045 701 71553.5 48256 23297.5
internal_count=439066 410347 141545 69999 69277 32329 268802 27896 214084 83041 701 71546 48249 23297
is_linear=0
shrinkage=0.03


Tree=138
num_leaves=15
num_cat=0
split_feature=54 70 55 30 48 10 9 34 14 23 18 64 11 52
split_gain=1.56252 2.48083 1.54325 1.68492 1.52406 1.68558 1.90129 1.70299 1.51129 1.49878 1.75686 1.80498 1.66206 1.63858
threshold=-0.00093342363834381093 -0.0075120422989130011 0.072607882320880904 0.35205000638961798 -1.1889416575431822 0.033166034147143371 0.031445404514670379 0.0059785000048577794 0.21155000478029254 0.82385000586509716 -0.049705000594258301 0.88100481033325206 0.72269824147224437 4.0177409648895273
decision_type=2 2 2 8 8 10 10 10 10 8 8 8 8 10
left_child=1 2 -1 -4 5 6 -2 -8 -6 12 13 -12 -3 -11
right_child=4 9 3 -5 8 -7 7 -9 -10 10 11 -13 -14 -15
leaf_value=0.0036326536594460477 -0.0012764608237463141 -0.00053587728343737831 -0.00053114959804509421 0.00040667752743201178 2.9126230988725782e-05 -0.0037505013978130419 0.0029254426591850198 -0.0016538881609291845 -0.00094127130828956383 0.00020185371888832763 -0.00015581919810363768 -0.0009849733933669589 0.00085113825809424604 0.0034081852188404035
leaf_weight=116 903 15582 2132 8927.5 375115.5 167 213 106 1445 8306 22729.5 2632.5 814 141
leaf_count=116 903 15576 2132 8927 375101 167 213 106 1445 8303 22728 2632 813 141
internal_value=-1.07569e-06 -0.000141461 0.000262701 0.000225729 2.1725e-05 -0.000968399 -0.000574459 0.00140174 2.539e-05 -0.000231443 -0.000117263 -0.00024206 -0.000466779 0.000257359
internal_weight=439330 61380.5 11175.5 11059.5 377950 1389 1222 319 376560 50205 33809 25362 16396 8447
internal_count=439303 61368 11175 11059 377935 1389 1222 319 376546 50193 33804 25360 16389 8444
is_linear=0
shrinkage=0.03


Tree=139
num_leaves=15
num_cat=0
split_feature=10 52 72 53 25 28 20 14 19 58 52 9 26 53
split_gain=1.96819 1.94584 1.54142 2.42169 1.73535 2.23732 2.58219 1.60375 2.17873 2.26694 2.18593 2.14419 3.13055 3.09502
threshold=0.092030655592679991 4.3736500740051278 0.011762933339923622 -0.01898112520575523 0.0089425002224743384 0.76489999890327465 -0.065634999424219118 -0.071515001356601701 0.034205000847578056 0.009906672406941654 2.2347387075424199 0.036768091842532165 0.18870000541210177 -0.0071940121706575147
decision_type=8 10 2 2 8 10 10 8 10 2 10 10 10 2
left_child=2 -2 7 -4 -5 -6 -7 8 9 -1 -11 13 -13 -9
right_child=1 -3 3 4 5 6 -8 11 -10 10 -12 12 -14 -15
leaf_value=-0.00080866086921779594 -0.00023459623046331835 -0.0023059991091899119 0.0038279807355044593 -0.00019080707246367265 0.00043878527245534308 0.00099986680190689687 0.0049603152091118596 -0.00037463404796545425 0.00070728728752519822 5.6583916424869676e-05 0.0013377210124194351 -0.00023491162761069985 0.00012926923931269021 4.3487278786790324e-05
leaf_weight=2348 1092 648 181 2892 2909 433 223 16867 6473 9490 1367 78083.5 29179 286322
leaf_count=2347 1092 648 181 2892 2909 433 223 16867 6473 9487 1367 78082 29179 286299
internal_value=-4.89227e-06 -0.00101041 -8.74943e-07 0.000452619 0.000355114 0.000797623 0.00237352 -7.8787e-06 0.00025665 3.55669e-05 0.000218433 -2.05638e-05 -0.000135841 2.02206e-05
internal_weight=438508 1740 436768 6638 6457 3565 656 430130 19678 13205 10857 410452 107262 303189
internal_count=438479 1740 436739 6638 6457 3565 656 430101 19674 13201 10854 410427 107261 303166
is_linear=0
shrinkage=0.03


Tree=140
num_leaves=15
num_cat=0
split_feature=18 22 25 64 66 68 70 24 55 58 74 23 45 68
split_gain=1.47922 2.65652 2.19074 1.95639 1.85032 2.09337 2.22266 1.80905 1.76337 1.9126 1.66826 1.74145 2.02142 1.83962
threshold=0.069184999912977233 0.64344999194145214 0.067125000059604659 0.78820630908012401 0.70284366607666027 0.0045107873156666764 -0.010027941782027481 1.3234999775886538 0.22716999799013141 0.015290263574570419 1.0000000180025095e-35 0.86954998970031749 -0.056034659966826432 0.011237640865147116
decision_type=8 10 8 10 10 2 2 10 2 2 2 10 2 2
left_child=1 4 3 -3 5 6 -1 -8 9 -9 11 12 -2 -13
right_child=10 2 -4 -5 -6 -7 7 8 -10 -11 -12 13 -14 -15
leaf_value=0.00031647474400387719 -0.0040882622901948973 0.00017796010838169547 0.00042401526005725711 -0.00021837991102419631 -0.00022899293235134453 0.00019674434222750672 -1.575438651639464e-05 -0.00080820006528217346 -0.00020727509735745723 -0.0041199244731771091 0.00043735455591525197 -0.00016692452806415375 8.0679436510821973e-05 -0.0011367749941829529
leaf_weight=14892 100 49617 24086 14475 30973 46490.5 114915.5 2495 25512 163 5242 74478 34056.5 1798
leaf_count=14892 100 49615 24086 14474 30971 46487 114903 2495 25511 163 5242 74478 34056 1798
internal_value=6.76264e-06 3.96753e-05 0.00018012 8.84378e-05 -1.29273e-05 1.98073e-05 -3.22673e-05 -6.85733e-05 -0.000284 -0.00101864 -8.53137e-05 -0.000110142 6.78774e-05 -0.000189859
internal_weight=439294 323619 88178 64092 235441 204468 157978 143086 28170 2658 115674 110432 34156.5 76276
internal_count=439271 323597 88175 64089 235422 204451 157964 143072 28169 2658 115674 110432 34156 76276
is_linear=0
shrinkage=0.03


Tree=141
num_leaves=15
num_cat=0
split_feature=67 8 49 20 60 74 37 31 23 58 24 71 26 24
split_gain=1.5769 2.05759 1.80786 2.15799 3.001 2.40343 1.71175 1.57142 1.54472 1.51746 1.91305 1.50967 1.50799 1.49944
threshold=0.0018771358300000431 0.0099639999680221098 0.01964762527495623 -0.32825000584125513 0.99076205492019664 1.0000000180025095e-35 -0.028450000099837777 0.75575000047683727 1.469500005245209 0.0097901918925344961 1.3995000123977663 -0.015355361159890888 0.14134999364614489 0.40925000607967382
decision_type=2 10 10 8 2 2 10 10 10 2 10 2 10 8
left_child=1 2 -1 5 7 9 -2 8 -5 10 -4 -8 -10 -6
right_child=6 -3 3 4 13 -7 11 -9 12 -11 -12 -13 -14 -15
leaf_value=0.0003417371868005093 0.00058298754068263656 -0.0032129114712817499 -0.00027025867290982741 -0.00011030465825963646 -0.003759007120538436 -0.0013467259597697481 0.00078979175720675831 2.1852402592229404e-05 -0.001026162377093335 -8.386148385920478e-05 -0.0012291235849066955 5.2359980231016207e-05 7.094721932011991e-05 -0.00082072658548564546
leaf_weight=11288 6090 178 6928 24940 162 1746 2547 230810 3552 24841 2563.5 119298 1650 2586
leaf_count=11288 6090 178 6927 24938 162 1746 2547 230794 3552 24841 2563 119292 1650 2586
internal_value=3.68821e-06 -3.27575e-05 -3.08861e-05 -4.49225e-05 -1.51479e-05 -0.000262515 9.23524e-05 -4.753e-06 -0.000208452 -0.000207188 -0.000529743 6.78067e-05 -0.000678441 -0.00100046
internal_weight=439180 311244 311066 299778 263700 36078.5 127935 260952 30142 34332.5 9491.5 121845 5202 2748
internal_count=439154 311225 311047 299759 263682 36077 127929 260934 30140 34331 9490 121839 5202 2748
is_linear=0
shrinkage=0.03


Tree=142
num_leaves=15
num_cat=0
split_feature=60 45 30 26 72 45 79 24 14 56 73 54 28 79
split_gain=1.60598 1.95375 3.3251 2.00617 1.80711 1.72865 3.05968 2.97945 2.35165 2.02512 1.92475 2.76707 2.78028 1.75964
threshold=0.124412938952446 -0.03876190818846225 0.31534999608993536 0.15574999898672107 -0.0027560580056160684 0.035265894606709487 6.5000000000000009 0.89305001497268688 0.21155000478029254 0.024699389003217224 3.5000000000000004 0.017100393772125248 0.72419998049736034 89.500000000000014
decision_type=2 2 8 8 2 2 10 10 10 2 2 2 10 8
left_child=4 2 3 -2 -1 8 -7 9 13 -8 11 12 -9 -3
right_child=1 5 -4 -5 -6 6 7 10 -10 -11 -12 -13 -14 -15
leaf_value=-0.00019034319019227517 0.00123888583658164 -5.6616485684380576e-06 0.0014057654587367292 -0.0026138568211418246 0.00024161819901050819 0.0013056161287631164 0.00021008328936936854 0.0012915802669812423 -0.0015736293566769501 -0.0016332067214644807 -0.00086122985532166932 0.0031881438202147811 -0.00082540932868141687 -0.00018720512948203728
leaf_weight=10954.5 183 317440.5 1909 344 42597.5 2392 939 1537 889 1243 677 407 871 56617.5
leaf_count=10951 183 317429 1909 344 42597 2392 939 1537 889 1243 677 407 871 56606
internal_value=-6.85585e-07 -2.20738e-05 0.00082397 -0.00127693 0.000153247 -2.74654e-05 0.000406933 2.72568e-05 -3.68157e-05 -0.0008413 0.000570407 0.000915629 0.000525718 -3.31422e-05
internal_weight=439001 385449 2436 527 53552 383013 8066 5674 374947 2182 3492 2815 2408 374058
internal_count=438974 385426 2436 527 53548 382990 8066 5674 374924 2182 3492 2815 2408 374035
is_linear=0
shrinkage=0.03


Tree=143
num_leaves=15
num_cat=0
split_feature=13 52 19 45 20 55 11 50 30 34 1 56 45 33
split_gain=1.55553 2.65988 2.26167 1.97916 2.17723 2.49571 2.46473 1.83556 1.77443 1.8207 1.65369 2.59586 1.70658 1.58387
threshold=0.2690082341432572 6.1299695968627939 0.15185000002384189 0.026179804466664795 -0.37375000119209284 0.65870755910873424 0.49349740147590643 -0.014308394398540257 0.41674999892711645 0.0038714999100193386 -0.012101999949663876 0.014004425145685674 0.035265894606709487 0.0040900001768022784
decision_type=8 10 10 2 10 2 10 2 8 10 10 2 2 10
left_child=1 3 -3 4 5 6 -1 -6 9 -5 11 12 -2 -4
right_child=10 2 13 8 7 -7 -8 -9 -10 -11 -12 -13 -14 -15
leaf_value=-0.00058696488270302963 0.00012904684849941199 -0.00031541512570479492 -0.0024822643679076046 0.0016222973126796556 0.0010763792356623407 0.00047757386066357314 0.00015765592036920628 -3.3105326538812722e-05 3.3166121750684981e-05 0.00023213209377472282 -0.00011501117015083449 -0.00031252556052715818 0.0014176851428491758 -0.00029657835610699733
leaf_weight=18115.5 143162.5 2823 946 1728 1346 3143 5132 202699.5 4496 1664 39889.5 12542.5 926 437
leaf_count=18114 143154 2822 946 1728 1346 3143 5132 202694 4496 1664 39884 12542 926 437
internal_value=-5.30534e-06 -5.61354e-05 -0.000803542 -4.29284e-05 -5.89271e-05 -0.000315312 -0.000422588 -2.57603e-05 0.000424192 0.000941675 5.74249e-05 0.000101342 0.000137377 -0.00179519
internal_weight=439050 242530 4206 238324 230436 26390.5 23247.5 204046 7888 3392 196520 156631 144088 1383
internal_count=439028 242522 4205 238317 230429 26389 23246 204040 7888 3392 196506 156622 144080 1383
is_linear=0
shrinkage=0.03


Tree=144
num_leaves=15
num_cat=0
split_feature=65 31 13 23 15 1 0 67 11 71 68 13 55 23
split_gain=1.54274 1.73427 2.2081 1.59674 2.2443 1.56967 1.9971 1.56141 1.55478 1.50074 1.48524 1.40832 1.27963 1.2728
threshold=0.015523958485573532 0.75575000047683727 0.49315406382083898 0.59325000643730175 -0.0025944999651983376 -0.0045145000331103793 0.022208499722182754 0.010761141311377289 0.76812469959259044 -0.013081816025078295 -0.00081952795153483738 0.074305173009634032 0.37526370584964758 1.4024999737739565
decision_type=10 10 10 8 10 10 10 2 10 2 2 10 2 10
left_child=11 2 5 4 -3 7 -7 8 13 10 -4 -1 -10 -2
right_child=1 3 9 -5 -6 6 -8 -9 12 -11 -12 -13 -14 -15
leaf_value=0.0014393159713081524 -0.00027553873590127853 -0.00036608711398133399 -0.00083424060193023513 3.6618094215860991e-05 0.0001178324973787294 0.0004466112523116834 -0.0031504998529756751 0.00077960938232418903 0.001934743787847055 0.00022270416023709435 0.0034461638324607097 0.00025628640696756316 9.3336634884899646e-05 -0.00068701140085356753
leaf_weight=1123 31113.5 21659 100 342815.5 14328 3957 139 1182 428 6988 249 4611 1578 8647
leaf_count=1123 31111 21656 100 342799 14328 3957 139 1182 428 6988 249 4610 1578 8647
internal_value=3.90505e-07 -6.08318e-06 -0.0001645 1.66613e-05 -0.000173428 -0.000239996 0.000320849 -0.000293515 -0.000323974 0.000319409 0.00222523 0.000489034 0.000490053 -0.0003651
internal_weight=438918 433184 54381.5 378802 35987 47044.5 4096 42948.5 41766.5 7337 349 5734 2006 39760.5
internal_count=438895 433162 54379 378783 35984 47042 4096 42946 41764 7337 349 5733 2006 39758
is_linear=0
shrinkage=0.03


Tree=145
num_leaves=15
num_cat=0
split_feature=9 22 27 45 66 65 53 17 19 59 23 64 63 52
split_gain=1.60571 2.59563 2.30035 2.15622 2.09337 2.0146 1.99188 1.87445 2.16491 2.2954 1.80748 1.73592 2.10661 1.85779
threshold=0.027973058633506302 0.6098499894142152 12.574999809265138 -0.01822779048234224 0.71888476610183727 0.018989542499184612 0.0036521442234516148 36.354999542236335 0.074074998497962966 2.1033543348312382 3.2204999923706059 0.73766434192657482 0.50938987731933605 0.65615075826644909
decision_type=10 8 8 2 10 10 2 8 10 8 10 10 2 10
left_child=1 4 -3 5 -1 -2 -4 8 9 -5 -7 -9 -13 -14
right_child=3 2 6 7 -6 10 -8 11 -10 -11 -12 12 13 -15
leaf_value=4.8739906861070503e-06 0.0015785506107663108 -2.0949271611288344e-05 0.0003603449156587569 0.00033185896909722243 -0.00047295344082667174 0.00020216629492517422 -0.00035915186997425766 -5.5946396484342397e-05 0.00113668932740909 -0.00031148757677458886 -0.0029606951303388241 -0.00045999634644005097 -0.0016306810327315409 -4.9176764568734697e-05
leaf_weight=93075 962 29878 48545.5 13257.5 9049.5 19438 3725 156341 1935 7998.5 159 24362 679 29513.5
leaf_count=93065 962 29878 48544 13257 9049 19437 3725 156332 1935 7997 159 24361 679 29513
internal_value=-3.95757e-06 6.34942e-05 0.000189027 -5.2769e-05 -3.74885e-05 0.000241763 0.000309041 -7.86413e-05 0.000177335 8.97554e-05 0.000175756 -0.000106793 -0.00025249 -8.50074e-05
internal_weight=438918 184273 82148.5 254646 102124 20559 52270.5 234086 23191 21256 19597 210896 54554.5 30192.5
internal_count=438893 184261 82147 254632 102114 20558 52269 234074 23189 21254 19596 210885 54553 30192
is_linear=0
shrinkage=0.03


Tree=146
num_leaves=15
num_cat=0
split_feature=12 23 50 34 69 30 15 27 68 14 64 49 43 53
split_gain=1.53982 1.66252 1.50817 2.55846 1.67345 1.73262 1.44897 1.68899 1.67656 1.43015 1.35665 1.23977 2.65223 2.43331
threshold=0.53129756450653087 2.5904999971389775 -0.017539664171636101 0.0065254999790340671 0.36237373948097235 0.53264999389648449 -0.0066734999418258658 14.864999771118166 -0.023180252872407433 -0.047444999217987054 0.87723284959793102 0.75008240342140209 0.022727802395820621 -0.0024854217190295454
decision_type=10 10 2 10 2 8 8 8 2 10 10 8 2 2
left_child=2 6 3 4 9 -6 7 10 -9 -1 -2 -4 13 -13
right_child=1 -3 11 -5 5 -7 -8 8 -10 -11 -12 12 -14 -15
leaf_value=0.0041186496460877894 -0.00047327446210082997 -0.0015927454245101714 -1.7115707766570786e-05 -0.00089149377890862514 -0.0020189494959292156 0.0023546846411519077 -1.1962943184019801e-05 -0.0026010436872655356 -2.0491646494147378e-05 0.0014145617395721879 -0.0015941351296187044 -0.00031959285239610921 0.0012220580005409913 0.00015049867164880609
leaf_weight=305 10007.5 702 289828 463 175 144 36658 226 11866 427 1073 11445 1890 73688
leaf_count=305 10006 702 289804 463 175 144 36658 226 11866 427 1073 11444 1890 73687
internal_value=-5.97251e-06 -0.000146453 1.65038e-05 0.000959901 0.00177586 -3.87744e-05 -0.000129352 -0.000315014 -6.97774e-05 0.00256156 -0.000582485 1.2701e-05 0.000112 8.72861e-05
internal_weight=438898 60532.5 378365 1514 1051 319 59830.5 23172.5 12092 732 11080.5 376851 87023 85133
internal_count=438870 60531 378339 1514 1051 319 59829 23171 12092 732 11079 376825 87021 85131
is_linear=0
shrinkage=0.03


Tree=147
num_leaves=15
num_cat=0
split_feature=65 20 27 45 50 9 53 14 37 35 57 39 53 65
split_gain=1.60086 1.88717 2.31625 2.62652 2.02344 2.03188 1.93918 1.78227 1.75789 1.81886 2.34827 1.69906 1.66061 1.77186
threshold=0.015523958485573532 -0.49334999918937678 15.625000000000002 0.012523547280579807 -0.017539664171636101 0.064040895551443114 0.0021395314252004032 0.21155000478029254 0.017490000464022163 -0.045549999922513955 0.018531531095504764 -0.04673000052571296 -0.0056214996147900811 0.32332947850227362
decision_type=10 8 10 2 2 10 2 10 10 10 2 10 2 10
left_child=-1 2 3 6 -3 12 -2 -7 9 -4 11 -11 13 -6
right_child=1 4 8 -5 5 7 -8 -9 -10 10 -12 -13 -14 -15
leaf_value=0.00049909588466669208 -0.0017299059284650517 0.0011546877349192855 -0.00094912935372443836 0.00055672004911956911 0.00011944273627089652 -0.00034829372575310823 0.00056936223534064716 -0.0022366255078711274 0.0011582944469608984 -0.001184671352517173 0.0026893454250393263 0.00024287749502393798 3.1666522555899334e-05 -0.00028999325377253809
leaf_weight=5732 2491 1368 2266 757 13806 8276 378 471 889 972 288 3230 367634 30568
leaf_count=5731 2491 1368 2266 757 13806 8276 377 471 889 972 288 3230 367610 30568
internal_value=1.24359e-06 -5.3466e-06 -0.000388369 -0.00101227 4.88487e-06 1.13284e-06 -0.00142651 -0.000451194 -9.19862e-05 -0.000257241 9.26058e-05 -8.83564e-05 1.07412e-05 -0.000162607
internal_weight=439126 433394 11271 3626 422123 420755 2869 8747 7645 6756 4490 4202 412008 44374
internal_count=439100 433369 11270 3625 422099 420731 2868 8747 7645 6756 4490 4202 411984 44374
is_linear=0
shrinkage=0.03


Tree=148
num_leaves=15
num_cat=0
split_feature=72 10 31 19 30 36 69 68 68 35 62 30 51 46
split_gain=1.69078 1.81564 1.50915 1.83997 1.69585 1.9182 1.86396 1.84182 2.21563 1.89554 1.53428 2.36648 1.81457 1.79462
threshold=-0.012058732099831103 -0.074374321848154054 0.75575000047683727 0.36484999954700476 0.15055000036954883 0.011214999947696926 0.55646631121635448 0.0015936099807731809 0.0023023063549771909 -0.026725000701844689 0.97593259811401378 0.25265000760555273 0.97547194361686718 0.74972122907638561
decision_type=2 10 8 10 8 10 2 2 2 8 2 8 10 10
left_child=1 -1 3 -2 5 6 7 9 -9 -4 12 -12 -6 -14
right_child=2 -3 4 -5 10 -7 -8 8 -10 -11 11 -13 13 -15
leaf_value=0.0024903724814396141 -0.00013735395420779627 -0.00079135537308816712 -0.0034887743454882197 -0.0010649433098402373 2.8929594987834436e-05 0.0026575839775019134 0.0013659513577899114 0.0040299742724558699 7.7294915044534592e-05 -0.00031811480878192927 0.0014155866259614725 -0.0004485867098609014 0.00065282030089051143 -0.0010361978292417135
leaf_weight=154 9843 3408 228 2388 405814 391 1144 150 724 629 647 10254 718 2622
leaf_count=154 9843 3408 228 2388 405796 391 1144 150 724 629 647 10253 718 2622
internal_value=4.31158e-06 -0.000646181 9.63875e-06 -0.000318819 1.91325e-05 0.000699574 0.000429133 -0.000192152 0.000774737 -0.00117699 1.38337e-05 -0.000337345 2.31941e-05 -0.000672676
internal_weight=439114 3562 435552 12231 423321 3266 2875 1731 874 857 420055 10901 409154 3340
internal_count=439095 3562 435533 12231 423302 3266 2875 1731 874 857 420036 10900 409136 3340
is_linear=0
shrinkage=0.03


Tree=149
num_leaves=15
num_cat=0
split_feature=72 36 55 64 14 78 60 50 1 53 52 65 49 64
split_gain=1.57101 2.15362 2.43661 1.62159 1.57576 1.54249 1.48004 1.77911 1.56923 1.56479 1.52268 1.48594 1.77444 1.74741
threshold=0.011762933339923622 0.0060515000950545081 0.15177187323570254 0.97608608007431041 -0.071515001356601701 0.0065260939300060281 0.9035310447216035 -0.014308394398540257 0.00036949999048374599 -0.012927052099257706 7.3896844387054452 0.9653572440147401 0.7551981806755067 0.63209992647171032
decision_type=2 8 2 10 8 2 2 2 10 2 8 10 8 10
left_child=5 3 -3 -2 -4 6 7 10 -8 -9 -1 12 13 -11
right_child=1 2 4 -5 -6 -7 8 9 -10 11 -12 -13 -14 -15
leaf_value=0.0010443720548783215 -4.6082842785836789e-05 0.0056971292581113279 -0.0017558081061328332 0.0020697937094916016 0.0013029478434715156 -0.0011579477474451612 -0.00022470670328719056 -0.00051123765465624165 0.00046381477352242667 4.5918987491666308e-05 -0.0021669274618403172 -0.00028850448923917893 0.00016095355901123083 -0.00011092555903210664
leaf_weight=2154 4409 102 162 347 1706 1038 38837 5101 3222 201006 137 13767 73321 93737.5
leaf_count=2154 4409 102 162 347 1706 1038 38835 5101 3221 200989 137 13767 73319 93733
internal_value=1.43287e-06 0.000456229 0.00128897 0.000110304 0.0010337 -5.64799e-06 -2.86128e-06 1.54082e-05 -0.000171913 1.04673e-05 0.000848038 1.74435e-05 2.88909e-05 -3.96344e-06
internal_weight=439046 6726 1970 4756 1868 432320 431282 389224 42059 386932 2291 381832 368064 294744
internal_count=439020 6726 1970 4756 1868 432294 431256 389200 42056 386909 2291 381808 368041 294722
is_linear=0
shrinkage=0.03


Tree=150
num_leaves=15
num_cat=0
split_feature=45 51 56 47 63 79 54 6 52 11 15 48 9 67
split_gain=1.66822 2.6581 2.5034 2.1587 2.10191 2.65946 2.11917 2.0667 2.30803 1.85178 1.73009 1.70473 1.64552 1.56921
threshold=-0.0038169696927070613 0.037427676841616637 -0.0094004734419286234 0.75319021940231334 0.96888023614883434 2.5000000000000004 0.0022229132009670143 0.001979499938897789 0.74494311213493358 -0.24999906122684476 0.30545000731945043 -0.50209122896194447 0.050959581509232528 -0.0040532290004193774
decision_type=2 10 2 8 2 8 2 8 8 8 10 8 8 2
left_child=1 9 12 4 6 -6 -4 -7 -9 -1 -10 -11 -2 -13
right_child=2 -3 3 -5 5 7 -8 8 10 11 -12 13 -14 -15
leaf_value=-5.6506674147470235e-06 -0.00030169819145640719 4.1685362663262605e-05 -0.0001067370855554265 0.00063016424306762571 0.0011821448597818909 0.00059924572522895088 6.0016560099506613e-05 -0.0014892418205149863 -0.00052277204367367428 0.002329701200675108 0.0015497827974246129 5.842025590423743e-05 -0.0012116148533213645 0.00097855179136869109
leaf_weight=4123 10129.5 122175.5 129407.5 4442 875 1304 145933 2370 7965 586 375 2583 2169 4708
leaf_count=4123 10128 122162 129406 4442 875 1304 145927 2370 7965 586 375 2582 2169 4708
internal_value=-4.60831e-06 8.35425e-05 -4.33921e-05 -2.57687e-05 -3.58883e-05 -0.000410255 -1.83566e-05 -0.000526675 -0.000663978 0.000509507 -0.000428709 0.000778985 -0.000462601 0.000652838
internal_weight=439146 134176 304970 292672 288230 12889 275340 12014 10710 12000 8340 7877 12298.5 7291
internal_count=439122 134161 304961 292664 288222 12889 275333 12014 10710 11999 8340 7876 12297 7290
is_linear=0
shrinkage=0.03


Tree=151
num_leaves=15
num_cat=0
split_feature=72 53 13 49 55 14 38 51 11 32 80 51 49 1
split_gain=1.546 1.72417 1.65291 1.96602 2.1153 1.72048 2.09764 2.04012 1.82562 2.40468 2.47008 2.10837 1.79202 1.71088
threshold=0.011762933339923622 -0.01898112520575523 0.38116548955440527 0.014289641287177803 0.38596931099891668 -0.071515001356601701 -0.0052364999428391448 0.33285437524318701 0.32258161902427679 -0.11840000003576277 6.5000000000000009 0.030307168141007427 0.78603282570838939 0.0087824999354779738
decision_type=2 2 8 10 2 8 8 10 10 10 8 10 8 10
left_child=2 -2 5 -4 -5 6 -1 8 9 10 -7 -10 -13 -12
right_child=1 -3 3 4 -6 7 -8 -9 11 -11 13 12 -14 -15
leaf_value=-0.00076703197178432537 0.0032855644765206506 0.00037791296445394032 0.00084299209592518401 -0.00012854910752918189 0.00015633000428027821 0.00035361713007202761 0.00039677012011339374 -0.00032703044842026275 0.0006481350933843301 -2.3152813965415724e-05 -0.00038908118723974882 -2.0047118585514807e-05 0.00033433179354383052 0.0010047264011335318
leaf_weight=1549 184 6505 3084 32646.5 83313.5 4924 13546.5 22306 5521 140237 37641.5 71273.5 15660 805
leaf_count=1549 184 6505 3083 32644 83308 4924 13544 22306 5521 140235 37636 71270 15659 804
internal_value=7.86376e-06 0.000460291 8.6145e-07 9.60265e-05 7.61252e-05 -3.52803e-05 0.000277134 -5.10909e-05 -2.87892e-05 -8.35332e-05 -0.000278746 7.99266e-05 4.38054e-05 -0.000359771
internal_weight=439196 6689 432508 119044 115960 313464 15095.5 298368 276062 183608 43370.5 92454.5 86933.5 38446.5
internal_count=439172 6689 432483 119035 115952 313448 15093 298355 276049 183599 43364 92450 86929 38440
is_linear=0
shrinkage=0.03


Tree=152
num_leaves=15
num_cat=0
split_feature=14 33 27 24 73 25 34 72 58 25 28 58 68 20
split_gain=1.73282 2.11017 2.12045 2.44727 2.06877 2.40061 1.68468 1.61521 2.73055 1.87838 3.25304 2.01543 1.9674 1.95909
threshold=-0.076624996960163103 -0.029875000007450577 17.945000648498539 1.1075000166893008 3.5000000000000004 0.028544999659061435 0.011380000039935114 0.010841498617082836 0.0089910798706114309 0.03261500038206578 0.71924999356269848 0.0093080815859138983 0.0024471334181725983 -0.067715000361204133
decision_type=8 10 8 10 2 10 10 2 2 8 10 2 2 10
left_child=1 2 -1 -4 -3 -6 -7 -2 -9 11 12 -10 -11 -12
right_child=7 4 3 -5 5 6 -8 8 9 10 13 -13 -14 -15
leaf_value=0.0020944882963408146 -1.7911897950700902e-05 0.00054847140362061417 -0.00027002084852142613 -0.0035154631145654573 -0.00098692774008832251 0.0011656378912932516 -0.0026125434190504442 0.0023665386358647602 -0.0038087797370294474 -0.00061232380952134754 0.0012827303742576558 -6.3213994268283393e-05 0.0010386484390984443 0.0047525930917637132
leaf_weight=161 414387 12936 507 352 1861 1002 114 594 129 1134 351 3687 1508 253
leaf_count=161 414363 12933 507 352 1861 1002 114 594 129 1134 351 3687 1508 253
internal_value=2.00826e-06 0.000299532 -0.00102008 -0.00161258 0.000384412 -0.000328203 0.000769763 -9.93227e-06 0.000421701 0.000256558 0.000786484 -0.000194651 0.0003302 0.00276325
internal_weight=438976 16933 1020 859 15913 2977 1116 422043 7656 7062 3246 3816 2642 604
internal_count=438949 16930 1020 859 15910 2977 1116 422019 7656 7062 3246 3816 2642 604
is_linear=0
shrinkage=0.03


Tree=153
num_leaves=15
num_cat=0
split_feature=60 50 39 45 30 53 54 56 27 45 24 24 37 11
split_gain=1.76122 1.6853 1.79672 1.51142 1.50733 2.22422 1.97749 1.77376 1.76077 2.54043 2.21332 1.9601 3.62997 2.66256
threshold=0.8997991979122163 -0.017539664171636101 0.06302999705076219 -0.009590882342308758 0.61594998836517345 0.0050802184268832215 0.014411346521228554 -0.021260738372802731 19.149999618530277 -0.056034659966826432 0.89305001497268688 1.1604999899864199 -0.022885000333189961 0.28075866401195532
decision_type=2 2 10 2 10 2 2 2 8 2 8 10 8 10
left_child=1 2 3 -1 8 6 7 -6 -3 10 -10 -11 -13 -14
right_child=-2 4 -4 -5 5 -7 -8 -9 9 11 -12 12 13 -15
leaf_value=0.0019808462319041461 -0.00018507385351251336 -4.7183982261677254e-05 -0.0025623763860466906 -0.0014709795123516562 0.0022194004800581936 -0.00087452073809555424 -0.0018615109581733122 0.00023720017653296394 0.0012784334595826474 4.9911653846831729e-05 -0.0029296414812592948 -0.0010823021907412416 0.00079298972349473517 -4.8484984662772243e-05
leaf_weight=898 44860 268666.5 101 127 406 1691 395 36153.5 148 67738.5 434 1351 11027 4881
leaf_count=898 44858 268646 101 127 406 1691 395 36151 148 67738 434 1351 11027 4881
internal_value=-6.97631e-06 1.33027e-05 0.00116969 0.00154809 9.97371e-06 0.000187868 0.000236593 0.000259513 -9.43554e-06 0.000109067 -0.00185777 0.000122643 0.000408003 0.000534869
internal_weight=438878 394018 1126 1025 392892 38645.5 36954.5 36559.5 354246 85579.5 582 84997.5 17259 15908
internal_count=438852 393994 1126 1025 392868 38643 36952 36557 354225 85579 582 84997 17259 15908
is_linear=0
shrinkage=0.03


Tree=154
num_leaves=15
num_cat=0
split_feature=52 19 36 39 45 70 18 71 26 21 17 20 68 56
split_gain=1.46868 2.30806 1.55531 1.53479 1.43317 2.30339 2.06665 1.56878 1.94536 2.03166 2.64902 2.15835 2.04479 2.73795
threshold=6.1299695968627939 0.27975000441074377 0.013799999840557577 -0.0063650000374764195 0.043268291279673583 0.029826167970895771 0.13215000182390216 -0.0043143671937286845 0.15474999696016314 0.41285000741481787 37.555000305175788 -0.029275000095367428 0.00072397899930365394 0.0037551051937043671
decision_type=10 10 8 10 2 2 10 2 10 10 10 10 2 2
left_child=4 -2 3 -3 5 7 -7 -1 9 12 -11 -12 13 -9
right_child=1 2 -4 -5 -6 6 -8 8 -10 10 11 -13 -14 -15
leaf_value=0.00014233311752933378 -0.00022072347439202277 -0.0031299515427893093 -0.0052523089747736661 -0.00040140823972261775 0.00062845502723934423 -0.0013614074785563129 0.00088189319946584957 -3.5791078823180273e-05 0.00010708182724096803 0.00053167819908750077 -0.00042444719264299509 0.00049199316610022822 4.3157352049570397e-05 -0.00040258891256063703
leaf_weight=64735 5905 285 102 520 3298 1915.5 454 66428.5 85414 3363 29568.5 2505 148828.5 25283
leaf_count=64731 5904 285 102 520 3298 1915 454 66421 85414 3363 29566 2505 148821 25283
internal_value=-9.56125e-07 -0.000437861 -0.00184257 -0.00138077 5.94151e-06 1.14293e-06 -0.000930636 6.33501e-06 -1.80276e-05 -5.67499e-05 -0.000268803 -0.000352806 -2.55051e-05 -0.000136926
internal_weight=438605 6812 907 805 431793 428495 2369.5 426126 361390 275976 35436.5 32073.5 240540 91711.5
internal_count=438582 6811 907 805 431771 428473 2369 426104 361373 275959 35434 32071 240525 91704
is_linear=0
shrinkage=0.03


Tree=155
num_leaves=15
num_cat=0
split_feature=57 53 49 64 49 79 20 72 72 47 23 24 70 51
split_gain=1.86062 1.71786 1.53784 1.46642 2.75082 1.62969 1.46688 1.51717 1.44211 1.43496 1.68438 1.40681 1.37754 1.63098
threshold=0.0038938097422942524 -0.012927052099257706 0.014289641287177803 0.81584453582763683 0.83997452259063732 4.5000000000000009 -0.035184999927878373 0.012994356919080021 0.008203760255128147 0.27193415164947515 0.49324999749660497 0.47955000400543218 -0.0012982229818589983 0.070051144808530821
decision_type=2 2 10 10 10 8 10 2 2 8 8 8 2 8
left_child=1 -1 -2 9 8 -6 7 -7 -5 -4 -11 -12 13 -3
right_child=2 12 3 4 5 6 -8 -9 -10 10 11 -13 -14 -15
leaf_value=-0.00053472643229382705 0.00057257871465177495 0.00027133863709194093 -0.0001951900123447106 -0.00052663567345436922 0.0017242342984002564 -0.000335461112977611 0.0013038028661570037 0.0019472152785839217 0.00045792349027352951 -0.00089508941641447827 -0.00049514825873101887 0.00023620289511959975 -1.0711510927257372e-05 3.9766485003617405e-05
leaf_weight=4826 2746 40296 33154.5 21522 638 3253 751 280 1424 1439 2643 22334.5 217599 85336
leaf_count=4826 2746 40294 33154 21522 638 3253 751 280 1424 1438 2643 22332 217585 85331
internal_value=-4.41664e-06 2.70492e-05 -0.00012585 -0.000147815 -0.000327418 0.000315888 0.000104383 -0.000152057 -0.000465449 -6.37742e-05 0.000101167 0.000158731 3.49557e-05 0.00011405
internal_weight=438242 348057 90185 87439 27868 4922 4284 3533 22946 59571 26416.5 24977.5 343231 125632
internal_count=438217 348036 90181 87435 27868 4922 4284 3533 22946 59567 26413 24975 343210 125625
is_linear=0
shrinkage=0.03


Tree=156
num_leaves=15
num_cat=0
split_feature=52 19 39 50 67 57 35 34 13 12 34 60 47 79
split_gain=1.77393 1.75372 1.58333 1.45552 1.9832 1.74473 1.67181 1.79192 1.51992 1.47642 1.94147 1.39002 1.5205 1.65789
threshold=6.1299695968627939 0.28925000131130224 -0.0055724999401718369 -0.011565884575247763 -0.012389608193188904 0.041114125400781638 0.21859999746084216 0.0049984999932348737 0.032001612707972533 0.21015053987503055 0.0016454999567940833 0.12842251360416415 -0.24847417324781415 1.0000000180025095e-35
decision_type=10 10 10 2 2 2 10 8 10 10 10 2 8 8
left_child=3 -2 -3 5 -5 6 7 9 -9 10 -1 12 13 -6
right_child=1 2 -4 4 11 -7 -8 8 -10 -11 -12 -13 -14 -15
leaf_value=0.0011456885615984136 -0.00030313853060269215 -0.003462788305571752 -0.00078075582874537804 -0.00036431737216582579 -0.0010766187108078719 -0.0026123711977873933 -0.0026295158513156432 0.0021666417050734163 -0.0003092494489325669 0.00045257046044178513 0.0036462561755603385 -1.5572516505117958e-05 2.367130547018258e-05 0.00041379241791301101
leaf_weight=1388 6007 306 557 13497 692 158 142 245 2073 1951 348 361288 31821.5 18738
leaf_count=1388 6006 306 557 13497 692 158 142 245 2073 1951 348 361265 31819 18737
internal_value=-7.44455e-06 -0.000485554 -0.00174621 1.58238e-07 -6.54061e-06 0.000452454 0.00053329 0.000610206 -4.3461e-05 0.00102067 0.00165599 5.169e-06 0.00015137 0.000360448
internal_weight=439212 6870 863 432342 426036 6305 6147 6005 2318 3687 1736 412540 51251.5 19430
internal_count=439184 6869 863 432315 426010 6305 6147 6005 2318 3687 1736 412513 51248 19429
is_linear=0
shrinkage=0.03


Tree=157
num_leaves=15
num_cat=0
split_feature=45 68 50 55 53 50 51 51 47 50 51 59 1 58
split_gain=1.64953 1.85907 2.3632 1.7991 2.08835 1.91146 1.80533 1.71106 1.66662 1.66375 1.75641 1.58715 1.76527 1.57866
threshold=-0.0037067071534693237 -0.010193296708166598 0.002990961773321033 0.28782972693443304 -0.0083697247318923456 -0.010099793784320353 0.033169860020279891 0.014824275858700277 -1.2999713420867918 -0.014308394398540257 0.5513194501399995 1.4261303544044497 -0.0079544996842741949 0.014844010584056379
decision_type=2 2 2 2 2 2 8 10 10 2 10 8 8 2
left_child=1 11 7 6 -5 -6 -2 -3 -9 10 13 12 -1 -10
right_child=3 2 -4 4 5 -7 -8 8 9 -11 -12 -13 -14 -15
leaf_value=-0.0051349973951692919 -0.0011483202788695433 0.00088453890713012344 0.00067814440213383458 -0.0040828138942781249 -0.0010824945485372538 -1.5707347667740053e-05 -0.00021172389684616369 -0.0017369791518203387 0.0017933403487450745 5.5529513081210442e-05 -0.00088367996997722241 -0.00020709100336532962 -0.0010280911503303502 5.730943140562222e-05
leaf_weight=106 2002 2335 6278 109 1515 275359 24091 455 1366 114523 439 9004 653 719
leaf_count=106 2001 2335 6278 109 1515 275352 24088 455 1366 114509 439 9004 653 719
internal_value=-6.73301e-06 8.01199e-05 0.000110998 -4.56724e-05 -2.32359e-05 -2.1564e-05 -0.000283791 8.12595e-05 6.52598e-05 7.23396e-05 0.000833455 -0.000318607 -0.0016315 0.00119625
internal_weight=438954 135878 126115 303076 276983 276874 26093 119837 117502 117047 2524 9763 759 2085
internal_count=438929 135864 126101 303065 276976 276867 26089 119823 117488 117033 2524 9763 759 2085
is_linear=0
shrinkage=0.03


Tree=158
num_leaves=15
num_cat=0
split_feature=45 51 30 28 59 27 27 68 49 57 46 22 61 69
split_gain=1.4251 2.11036 1.64286 2.1047 2.85341 2.09016 1.9154 1.60304 2.03717 2.4212 2.28251 1.80838 1.74553 2.54336
threshold=-0.0067843054421246043 0.018161790445446972 0.33014999330043798 0.15379999577999118 3.9524481296539311 11.59500026702881 11.944999694824221 -0.0009005140746012329 0.7551981806755067 0.024326966144144539 0.88392293453216564 1.2814999818801882 0.8317069709300996 0.87228259444236766
decision_type=2 10 8 10 8 10 10 2 8 2 10 10 2 2
left_child=1 -1 3 4 -3 -5 -7 12 10 -10 -9 -12 -2 -14
right_child=7 2 -4 5 -6 6 -8 8 9 -11 11 -13 13 -15
leaf_value=0.0010870184810847815 -8.0153893982310424e-05 -0.00064032108449163354 0.00014821039002107728 0.0026873784562073512 -0.0040167121130414308 -0.0029784519753070188 -4.2994588086341399e-05 -2.3837636664874225e-05 0.00011220316438600756 0.0015583927817049861 -0.00040847136195861758 -0.0029417189990098656 -0.00072851649108092334 0.00060029860796810823
leaf_weight=1941 27171 2315 75859 244 245 198 13807 216606 78208 1051 10616 255 8946 1512
leaf_count=1941 27169 2315 75847 244 245 198 13807 216597 78207 1051 10616 255 8945 1512
internal_value=6.16492e-06 0.000109288 8.87508e-05 -0.000179555 -0.000970652 -3.71341e-05 -8.55437e-05 -2.21676e-05 5.04312e-07 0.000131477 -4.5132e-05 -0.000469219 -0.000206955 -0.000536204
internal_weight=438974 94609 92668 16809 2560 14249 14005 344365 306736 79259 227477 10871 37629 10458
internal_count=438949 94597 92656 16809 2560 14249 14005 344352 306726 79258 227468 10871 37626 10457
is_linear=0
shrinkage=0.03


Tree=159
num_leaves=15
num_cat=0
split_feature=60 45 45 10 5 45 26 24 35 67 68 44 37 4
split_gain=1.61154 1.67705 1.64275 1.77697 1.91383 1.63816 2.03318 2.64585 2.54319 1.61298 1.83883 1.91997 1.71137 1.58183
threshold=0.13232433050870898 0.025092775002121929 -0.056034659966826432 0.027084395289421085 0.19615399837493899 -0.030996825546026226 0.14754999428987506 1.2925000190734866 0.0063475000206381091 -0.012389608193188904 -0.0080810072831809503 0.007599874399602414 0.02704500034451485 2.1408925056457524
decision_type=2 2 2 8 10 2 10 10 10 2 2 2 10 10
left_child=1 2 3 4 -1 6 -2 -8 -9 10 -7 12 -12 -3
right_child=5 13 -4 -5 -6 9 7 8 -10 -11 11 -13 -14 -15
leaf_value=-0.0011337163323870965 0.0012710896572832638 -0.0006204069140491055 0.00018797839063205602 -0.0035833177582103278 0.0024921365719717688 -0.0018387673080900099 0.00052725564344151688 0.00067547791227140302 -0.0032885429110554526 -1.99105815065068e-05 -0.00016760059548782114 -0.0025138800866989185 -0.0036445111181413713 -0.0042191179108962357
leaf_weight=648 1954 700 55411.5 193 159 723 1928 237 367 365882 10445 331 124 126
leaf_count=648 1954 700 55408 193 159 723 1928 237 367 365861 10445 331 124 126
internal_value=-1.94564e-06 0.000146498 0.000166193 -0.00103592 -0.000408382 -2.419e-05 0.000545397 -1.60375e-05 -0.00174035 -3.09657e-05 -0.000378814 -0.000281177 -0.000210097 -0.00119145
internal_weight=439228 57237.5 56411.5 1000 807 381991 4486 2532 604 377505 11623 10900 10569 826
internal_count=439204 57234 56408 1000 807 381970 4486 2532 604 377484 11623 10900 10569 826
is_linear=0
shrinkage=0.03


Tree=160
num_leaves=15
num_cat=0
split_feature=9 39 48 55 60 38 53 30 24 45 51 53 45 16
split_gain=1.53444 1.44746 1.93333 2.08642 2.51441 1.9025 1.67382 1.67624 1.52715 1.43868 2.5437 2.52663 1.87666 1.72983
threshold=0.064040895551443114 0.034275000914931304 -0.38674437999725336 0.66262611746788036 0.72611403465271007 -0.0017019999795593319 -0.0032392338616773482 0.35625000298023229 1.778500020503998 -0.0038169696927070613 0.035815741866827018 -0.0047735045664012423 -0.013084243983030317 -0.10895000025629996
decision_type=10 10 10 2 2 10 2 8 10 2 10 2 2 8
left_child=9 2 -2 6 -5 -3 -4 -8 -9 10 11 -1 -13 -11
right_child=1 5 3 4 -6 -7 7 8 -10 13 -12 12 -14 -15
leaf_value=-0.00035038902766963454 0.00083045072494707594 -0.0009180329331267414 -0.0001960981878279961 0.0020389491143964953 -0.0013426821559396074 0.00072373109697322884 -0.0018013267420510582 -0.00053776363099999934 -0.0041445192660797721 0.00015438855464020037 5.3135272923766959e-05 0.0019574888351454873 0.00060813876460445173 -5.5954114312634296e-05
leaf_weight=2251 861 899 2566 518 314 2133 2031 2787 105 40770.5 118604 1062 7197 256775
leaf_count=2251 861 899 2566 518 314 2133 2031 2787 105 40764 118594 1062 7196 256770
internal_value=-3.34192e-07 -0.000331806 -0.000519405 -0.000659494 0.000762312 0.000236232 -0.000817855 -0.0011414 -0.000675641 9.15865e-06 9.27849e-05 0.000539988 0.000782727 -2.71303e-05
internal_weight=438874 12214 9182 8321 832 3032 7489 4923 2892 426660 129114 10510 8259 297546
internal_count=438851 12214 9182 8321 832 3032 7489 4923 2892 426637 129103 10509 8258 297534
is_linear=0
shrinkage=0.03


Tree=161
num_leaves=15
num_cat=0
split_feature=13 5 56 79 64 20 49 58 52 10 30 23 24 53
split_gain=1.44737 1.97934 1.93166 1.92581 2.67281 2.16731 1.93429 1.81762 1.81196 2.0536 1.85149 1.69739 1.57415 2.22194
threshold=0.27311161160469061 0.53708797693252575 0.014004425145685674 89.500000000000014 0.042694536969065673 -0.027284999378025528 0.79366275668144237 0.021932439878582958 0.40240426361560827 -0.074374321848154054 0.15055000036954883 0.43054999411106115 1.3504999876022341 0.00022366485063685107
decision_type=8 8 2 8 10 10 10 2 10 10 8 10 10 2
left_child=3 -2 12 11 -5 8 -7 -4 -6 -10 -11 -1 -3 -14
right_child=1 2 7 4 5 6 -8 -9 9 10 -12 -13 13 -15
leaf_value=-0.00051947986019920537 -0.00014117016337584294 0.00018275196928276265 -0.00016716658087744538 0.00077364644905407367 -0.00072224757638028744 0.0002363491046453251 0.0027422259214054528 -0.0021573349293059025 0.0022122001454616632 0.0022313553565216542 -0.00027415949253682448 5.7789620870736506e-06 -0.00034347841709834228 0.0002747988221746177
leaf_weight=5690.5 34944.5 122458.5 13616.5 2239 8523 1297 348 421 303 263 28364 198998 12973.5 8759
leaf_count=5690 34939 122452 13616 2239 8518 1297 348 421 303 263 28362 198997 12973 8759
internal_value=1.69982e-06 6.31596e-05 0.000108288 -4.65571e-05 -0.000233317 -0.000291074 0.000773171 -0.000227601 -0.000337914 -0.000224582 -0.000250755 -8.83598e-06 0.000140995 -9.4284e-05
internal_weight=439198 193173 158228 246026 41337 39098 1645 14037.5 37453 28930 28627 204688 144191 21732.5
internal_count=439177 193160 158221 246017 41330 39091 1645 14037 37446 28928 28625 204687 144184 21732
is_linear=0
shrinkage=0.03


Tree=162
num_leaves=15
num_cat=0
split_feature=71 70 54 16 47 30 6 56 66 9 8 47 54 56
split_gain=1.78198 1.69059 3.14158 2.5615 2.00144 2.28214 2.76409 2.09203 2.03686 2.03525 1.93655 1.62174 1.57701 2.04315
threshold=-0.010934040416032074 0.00038740652962587779 -0.00022297516989056018 -0.13585000485181806 0.0077405981719493875 0.2637500017881394 -0.00045449999743141229 -0.019097465090453621 0.99084663391113292 0.059400746598839767 0.0012755000498145821 0.20206171274185183 0.00090654051746241759 -0.011835908982902764
decision_type=2 2 2 8 8 8 10 2 10 8 10 10 2 2
left_child=-1 4 10 11 5 12 7 8 -7 -6 -3 -4 -2 -14
right_child=1 2 3 -5 9 6 -8 -9 -10 -11 -12 -13 13 -15
leaf_value=0.00031288499592389764 -0.00073981490005063221 -0.00042233368365528917 0.00016420880534634449 -5.7782251291578871e-05 9.7617519200597619e-06 0.001221139060757182 -0.00018925180042784779 0.00026319477505636855 -0.0027247335936235462 -0.00053534978702091574 0.00039324649601918719 0.00085327926909708899 -0.0018848939759404124 0.00075436658247657188
leaf_weight=16508 3927 28263 11943 142044.5 149224 2961 12294 56344 118 6425 2884 4136 312 1576
leaf_count=16508 3927 28256 11942 142042 149217 2961 12292 56339 118 6425 2884 4136 312 1576
internal_value=7.15827e-06 -4.79208e-06 -7.14038e-05 -1.7154e-05 4.92763e-05 0.000173802 0.000220154 0.000304865 0.00106574 -1.27563e-05 -0.000346766 0.000341669 -0.000397562 0.000314391
internal_weight=438960 422452 189270 158124 233181 77532 71717 59423 3079 155649 31147 16079 5815 1888
internal_count=438935 422427 189260 158120 233167 77525 71710 59418 3079 155642 31140 16078 5815 1888
is_linear=0
shrinkage=0.03


Tree=163
num_leaves=15
num_cat=0
split_feature=71 21 25 55 66 22 47 72 45 24 65 35 28 49
split_gain=1.40685 1.57507 1.96013 1.51241 1.79287 1.36617 1.30733 1.25013 1.59476 1.73843 1.28863 1.40142 1.39103 1.26287
threshold=-0.0043143671937286845 0.16225000470876697 0.054050000384449966 0.17095620930194858 0.43052440881729132 0.31605000793933874 -0.31172330677509302 -0.012058732099831103 -0.030996825546026226 0.64845001697540294 0.122844185680151 -0.060194998979568475 0.99799999594688427 0.099288247525692
decision_type=2 8 8 2 10 10 8 2 2 8 8 10 10 10
left_child=-1 2 3 4 -2 -4 -3 10 9 -9 11 -8 -12 -11
right_child=1 6 5 -5 -6 -7 7 8 -10 13 12 -13 -14 -15
leaf_value=0.00012671091422770625 0.00080441593889827797 -0.00043620948842610784 -1.0895131390042233e-05 3.7107633518473767e-05 -0.0027350220011338887 0.00073261297401537562 0.0026748633087138951 0.002717294916299517 -2.9957876352333984e-05 0.0012442347876138126 -0.0014034968674554525 -0.00036584226606304156 0.0021578368139101791 -0.00035433252906197452
leaf_weight=67731 192 7267 3147 12673 375 7579 168 348 335330.5 847 1555 641 101 927
leaf_count=67728 192 7267 3147 12673 375 7579 168 348 335308 847 1555 641 101 927
internal_value=9.82011e-07 -2.19636e-05 0.000213233 -3.09844e-05 -0.00153993 0.000514565 -3.82019e-05 -2.96867e-05 -2.47643e-05 0.000794102 -0.000702149 0.000278154 -0.00118045 0.000410259
internal_weight=438882 371150 23966 13240 567 10726 347184 339918 337452 2122 2465 809 1656 1774
internal_count=438856 371128 23966 13240 567 10726 347162 339895 337430 2122 2465 809 1656 1774
is_linear=0
shrinkage=0.03


Tree=164
num_leaves=15
num_cat=0
split_feature=72 36 34 58 45 61 30 10 57 50 67 59 66 39
split_gain=1.56839 2.42598 2.83513 2.61552 2.23761 1.66136 2.19035 1.68693 1.98237 1.68617 1.55022 1.50909 1.6884 1.50111
threshold=0.011762933339923622 0.0060515000950545081 -0.0016670000040903685 0.008939431048929693 -0.0048739654012024394 0.97593259811401378 0.46725000441074377 0.0059978009667247542 -0.020933241583406922 0.0090732695534825342 -0.0083695789799094183 1.72000128030777 0.44696599245071417 0.036070000380277641
decision_type=2 8 8 2 2 2 8 10 2 2 2 8 10 10
left_child=5 3 4 11 -3 -1 9 -8 -9 10 -7 12 -2 -6
right_child=1 2 -4 -5 13 6 7 8 -10 -11 -12 -13 -14 -15
leaf_value=-1.5818986625047879e-05 0.0010398211609572172 0.0031801651273165085 0.0022074778596535799 -0.00012165478321043719 0.00025770934631249735 0.0027793352130653431 -0.0012394328854824469 0.0032394367762372364 -0.00040608114090259686 0.00076014985137453544 -0.00053719964091002322 -0.00036334294804032442 0.0063131213662632572 -0.0027959421291853842
leaf_weight=422437 100 142 1222 4430 366 128 3281 138 2192 1915 2767 102 122 234
leaf_count=422414 100 142 1222 4430 366 128 3281 138 2192 1915 2766 102 122 234
internal_value=-1.79906e-05 0.000436705 0.00132221 6.98741e-05 -0.000140744 -2.50525e-05 -0.000399163 -0.000801584 -0.000183692 7.06172e-05 -0.000386023 0.00265067 0.00401299 -0.000946479
internal_weight=439576 6718 1964 4754 742 432858 10421 5611 2330 4810 2895 324 222 600
internal_count=439552 6718 1964 4754 742 432834 10420 5611 2330 4809 2894 324 222 600
is_linear=0
shrinkage=0.03


Tree=165
num_leaves=15
num_cat=0
split_feature=60 9 37 27 53 53 35 16 58 24 35 23 20 27
split_gain=1.39273 1.3269 1.72893 1.8901 2.31802 1.70503 2.42031 1.65997 1.81948 4.39792 1.90591 1.82571 1.85538 1.78424
threshold=0.12842251360416415 0.02285358123481274 -0.016160000115633007 13.515000343322756 0.0048562819138169297 -0.0023535890504717823 -0.041704999282956116 -0.08943499997258185 0.010751057881861927 1.3924999833106997 -0.093304999172687517 0.86664998531341564 -0.22275000065565106 15.25500011444092
decision_type=2 10 8 8 2 2 8 8 2 10 8 10 10 10
left_child=-1 2 -2 -4 5 6 -5 8 9 11 -10 12 -3 -11
right_child=1 7 3 4 -6 -7 -8 -9 10 13 -12 -13 -14 -15
leaf_value=0.00014204031592356039 -0.00036203915777232465 -0.00049954978475994546 -5.5449670050867039e-06 0.00098762557367163472 -0.00068593688093360704 0.00050649691576243273 -0.00019786045149505505 -8.4043311013032434e-05 -0.00053510190570437897 -0.0011176895332173744 0.00029680888282392802 0.00036375982511637606 0.00047799526463070455 -8.0182684888936863e-05
leaf_weight=55345 7039 5962.5 41806 1918 2029 21899 7985 239015.5 2680 4381 32291 11879.5 2466.5 2262
leaf_count=55343 7039 5959 41806 1918 2029 21898 7983 239009 2680 4378 32291 11879 2465 2262
internal_value=1.36153e-06 -1.89362e-05 8.75094e-05 0.000129367 0.000296058 0.000358808 3.21255e-05 -4.81807e-05 9.02416e-05 -9.49884e-05 0.000232988 0.000124223 -0.000213386 -0.000764735
internal_weight=438959 383614 82676 75637 33831 31802 9903 300938 61922.5 26951.5 34971 20308.5 8429 6643
internal_count=438939 383596 82673 75634 33828 31799 9901 300923 61914 26943 34971 20303 8424 6640
is_linear=0
shrinkage=0.03


Tree=166
num_leaves=15
num_cat=0
split_feature=45 44 24 47 50 67 25 45 10 73 69 56 16 68
split_gain=1.51082 1.73937 2.09381 2.11545 2.17508 2.11117 1.96916 1.9659 1.75672 1.75498 2.1259 1.64286 1.59901 1.66138
threshold=-0.0030314257601276036 0.0069653762038797149 0.66824999451637279 -0.43339505791664118 -0.014308394398540257 -0.0051897664088755837 0.041699999943375594 -0.021525471471250054 -0.030390917323529717 2.5000000000000004 0.16807910054922107 -0.03076629992574453 -0.09983500093221663 0.0042841462418437013
decision_type=2 2 8 8 2 2 10 2 10 2 2 2 8 2
left_child=1 2 6 5 -5 -4 9 -8 -7 -1 -11 -2 13 -13
right_child=11 -3 3 4 -6 8 7 -9 -10 10 -12 12 -14 -15
leaf_value=-0.00019278912752375611 -0.0020624992854621571 0.00062133822640667643 -0.0011420241749961861 0.0009902312989076836 1.5571904241907792e-05 0.0015736587769138973 0.001687752966245051 0.00042731283799703299 -0.00029793259604420449 -0.00057834707302907053 0.00073009600034945393 -9.3257644383538985e-06 -6.5169374009666579e-05 0.00036242908183233561
leaf_weight=10090.5 355 5166 2770 2099 100111.5 498 1211 13357 4393 1432 5034 29648 246122 17031
leaf_count=10084 355 5166 2770 2099 100102 498 1211 13357 4393 1432 5034 29644 246117 17029
internal_value=2.15447e-06 8.09427e-05 6.11216e-05 -4.13401e-07 3.5635e-05 -0.000481069 0.000278309 0.000532633 -0.000105955 5.44375e-05 0.000440097 -3.71285e-05 -3.46377e-05 0.000126335
internal_weight=439318 146162 140996 109872 102210 7661 31124.5 14568 4891 16556.5 6466 293156 292801 46679
internal_count=439291 146146 140980 109862 102201 7661 31118 14568 4891 16550 6466 293145 292790 46673
is_linear=0
shrinkage=0.03


Tree=167
num_leaves=15
num_cat=0
split_feature=21 25 11 79 25 16 10 79 52 69 51 73 35 36
split_gain=1.50936 1.76733 1.47582 2.18722 1.39575 1.33702 1.32557 3.49421 1.99909 1.50179 1.47134 1.24771 1.79165 1.21514
threshold=0.1641499996185303 0.054050000384449966 0.74926540255546581 3.5000000000000004 -0.016830000095069405 -0.13004999607801435 0.058081420138478286 9.5000000000000018 5.3452131748199472 0.55941176414489757 0.065970636904239668 3.5000000000000004 0.14440000057220462 -0.011029999703168867
decision_type=8 8 8 10 10 10 8 8 8 2 10 2 10 8
left_child=1 11 6 -4 -5 -6 -2 -8 10 -10 -9 12 -1 -12
right_child=2 -3 3 4 5 -7 7 8 9 -11 13 -13 -14 -15
leaf_value=-6.5148640990483951e-05 -2.0634331611922867e-05 0.00047352325983182402 0.0010215851921421401 -0.00028384060174317308 0.0016228740057854173 0.00021006276537372448 0.001398334408156344 0.0018869798905366371 -0.0040276091322968043 -0.0006092021973676862 -0.0029021040074073147 0.00051827017094352977 -0.0020132319348631425 -0.00064942835214668916
leaf_weight=12391 383291 12886 2713 5665 626 13605 642 181 310 186 237 3344 435 2031
leaf_count=12391 383271 12886 2712 5665 626 13605 642 181 310 186 237 3344 435 2031
internal_value=2.58534e-06 0.000211502 -1.22412e-05 0.000223325 0.000114246 0.000272758 -2.60103e-05 -0.000599638 -0.00103682 -0.00276458 -0.000681975 2.61405e-06 -0.000131978 -0.000890693
internal_weight=438543 29056 409487 22609 19896 14231 386878 3587 2945 496 2449 16170 12826 2268
internal_count=438522 29056 409466 22608 19896 14231 386858 3587 2945 496 2449 16170 12826 2268
is_linear=0
shrinkage=0.03


Tree=168
num_leaves=15
num_cat=0
split_feature=12 21 9 64 18 76 22 66 60 45 25 65 20 18
split_gain=1.75528 1.37835 1.72483 1.19009 1.18455 2.88396 2.39623 1.86867 1.771 1.70203 2.00057 2.46495 1.69601 1.60758
threshold=0.56911876797676098 1.0824999809265139 0.10265473648905755 0.28051540255546575 0.070244997739791884 1.0000000180025095e-35 0.6098499894142152 0.69885995984077465 0.85054484009742748 0.0031788323540240531 0.13329999893903735 0.17510624229907992 -0.025345000438392159 -0.091135002672672258
decision_type=10 10 10 8 10 2 8 10 2 2 8 8 10 10
left_child=4 2 3 -2 6 12 7 13 -8 -7 -11 -12 -6 -1
right_child=1 -3 -4 -5 5 9 8 -9 -10 10 11 -13 -14 -15
leaf_value=0.00024757424184523218 7.267510350908919e-05 -0.0027202066774802045 0.0034611376562691883 -0.00025378121354629226 0.0003607102357072316 2.4372793194371245e-05 0.0002368913919736809 -0.00023269278006385718 -0.00013071223989639621 -0.000336287386205949 -0.0023422934177144768 0.00038507399411613169 0.0017628134636850144 7.0264026476939603e-07
leaf_weight=28277 14391 183 114 33299 3028 47871 84872.5 25867.5 13695.5 32798 309 5953 1041 147804.5
leaf_count=28276 14391 183 114 33298 3028 47871 84871 25866 13695 32798 309 5953 1041 147790
internal_value=1.4854e-05 -0.000156385 -0.000146287 -0.000155272 3.5844e-05 -5.89818e-05 6.45588e-05 5.37453e-06 0.000185811 -9.55366e-05 -0.000242479 0.00024873 0.000721143 4.03538e-05
internal_weight=439504 47987 47804 47690 391517 91000 300517 201949 98568 86931 39060 6262 4069 176082
internal_count=439484 47986 47803 47689 391498 91000 300498 201932 98566 86931 39060 6262 4069 176066
is_linear=0
shrinkage=0.03


Tree=169
num_leaves=15
num_cat=0
split_feature=13 32 51 19 79 30 21 54 26 21 30 55 53 6
split_gain=1.59301 1.89412 1.76065 1.47968 1.76857 1.70502 2.09336 1.31499 1.40677 2.16534 1.9404 1.92535 2.26867 1.53716
threshold=0.51035580039024364 -0.02795000001788139 0.065970636904239668 0.16804999858140948 75.500000000000014 0.34565000236034399 0.5977500081062318 -0.0039879740215837947 0.15044999867677691 0.58765000104904186 0.15055000036954883 0.68577751517295849 -0.0025795127730816598 -0.00031450000824406738
decision_type=8 10 10 10 8 10 10 2 8 10 8 2 2 8
left_child=1 7 -2 -4 -5 6 -6 -1 9 -9 -10 12 -11 -12
right_child=2 -3 3 4 5 -7 -8 8 10 11 13 -13 -14 -15
leaf_value=-0.00043812194190187461 0.00037163728133547019 2.4653689220772596e-05 0.0001319859737642262 -0.00045472168037133701 0.0023580611450439615 -0.00031503034200318759 -0.001047037020947973 -0.00011886037225657746 0.0017596120731076953 0.00011276058204450898 0.00065903960993142225 0.0017377520668078966 -0.0012464053082794622 -2.3481900401358518e-05
leaf_weight=10424 19604.5 234985 30652.5 8792 658 933 212 82655 584 1557 3198 267 3798 40787.5
leaf_count=10424 19603 234980 30649 8792 658 933 212 82642 584 1557 3198 267 3798 40787
internal_value=-4.84652e-06 -2.77657e-05 0.000137609 2.63466e-05 -0.000279198 0.000575602 0.00152707 -0.000113739 -8.82703e-05 -0.000157634 4.91184e-05 -0.00072708 -0.000851483 2.62106e-05
internal_weight=439108 378256 60852 41247.5 10595 1803 870 143270 132846 88277 44569.5 5622 5355 43985.5
internal_count=439084 378237 60847 41244 10595 1803 870 143257 132833 88264 44569 5622 5355 43985
is_linear=0
shrinkage=0.03


Tree=170
num_leaves=15
num_cat=0
split_feature=67 55 38 8 12 20 76 5 23 48 18 16 79 38
split_gain=1.4303 2.16353 2.18877 1.96568 1.86619 1.86759 2.0977 1.74567 1.57582 1.548 1.52356 1.46577 1.67324 1.4358
threshold=0.0018771358300000431 0.36553682386875158 -0.014680000022053717 0.0099639999680221098 0.26752156019210821 -0.23494999855756757 1.5000000000000002 0.47142849862575537 0.86044999957084667 0.11362681165337564 0.31884999573230749 -0.033615000545978539 3.5000000000000004 -0.0079664997756481153
decision_type=2 2 8 10 10 8 2 8 10 8 10 10 8 10
left_child=3 2 -2 4 -1 6 -6 -4 -8 -9 -7 13 -13 -10
right_child=1 -3 7 -5 5 10 8 9 11 -11 -12 12 -14 -15
leaf_value=3.9854476638787177e-05 0.0034170032073637 0.00011751719143136934 0.00086832796500995748 -0.0031395119711943734 -0.00096574989624789872 -3.3784435504125926e-05 -0.00045115518885231048 -0.00011267840992415352 -0.00073370157040609986 -0.0010779587233974404 -0.0012836480859316336 0.0018834776819554632 -0.00049393533746878949 0.00026372128517155176
leaf_weight=164752 126 121118.5 745 178 3711 107384 14575 2611 1462 3498 880 273 6480.5 11339.5
leaf_count=164742 126 121113 745 178 3711 107380 14574 2611 1462 3498 880 273 6480 11339
internal_value=3.54978e-06 8.79142e-05 -0.000425481 -3.11962e-05 -2.93659e-05 -0.000107419 -0.000288827 -0.000498558 -0.000215093 -0.000665825 -4.40025e-05 -3.9078e-05 -0.00039651 0.000149568
internal_weight=439134 128098 6980 311035 310857 146105 37841 6854 34130 6109 108264 19555 6753.5 12801.5
internal_count=439112 128093 6980 311019 310841 146099 37839 6854 34128 6109 108260 19554 6753 12801
is_linear=0
shrinkage=0.03


end of trees

feature_importances:
Column_45=126
Column_9=115
Column_30=104
Column_20=91
Column_79=91
Column_51=88
Column_24=84
Column_53=74
Column_13=69
Column_64=62
Column_54=59
Column_18=57
Column_50=54
Column_12=50
Column_60=42
Column_21=41
Column_58=41
Column_68=41
Column_19=40
Column_49=40
Column_10=38
Column_14=38
Column_27=38
Column_55=38
Column_70=38
Column_67=34
Column_26=30
Column_52=30
Column_72=30
Column_23=29
Column_63=28
Column_65=28
Column_11=27
Column_17=27
Column_15=25
Column_16=25
Column_39=25
Column_61=25
Column_25=23
Column_56=23
Column_57=23
Column_66=23
Column_22=22
Column_47=22
Column_71=21
Column_35=18
Column_6=17
Column_32=17
Column_44=17
Column_46=17
Column_31=15
Column_34=15
Column_59=15
Column_1=14
Column_48=14
Column_28=13
Column_80=13
Column_43=12
Column_76=12
Column_38=11
Column_3=10
Column_73=10
Column_36=9
Column_69=9
Column_0=8
Column_5=8
Column_8=8
Column_37=8
Column_33=7
Column_74=7
Column_62=6
Column_4=3
Column_78=2

parameters:
[boosting: gbdt]
[objective: regression]
[metric: l2]
[tree_learner: serial]
[device_type: cpu]
[data_sample_strategy: bagging]
[data: ]
[valid: ]
[num_iterations: 171]
[learning_rate: 0.03]
[num_leaves: 15]
[num_threads: 4]
[seed: 7]
[deterministic: 1]
[force_col_wise: 1]
[force_row_wise: 0]
[histogram_pool_size: -1]
[max_depth: -1]
[min_data_in_leaf: 100]
[min_sum_hessian_in_leaf: 0.001]
[bagging_fraction: 0.8]
[pos_bagging_fraction: 1]
[neg_bagging_fraction: 1]
[bagging_freq: 1]
[bagging_seed: 17422]
[bagging_by_query: 0]
[feature_fraction: 0.7]
[feature_fraction_bynode: 1]
[feature_fraction_seed: 7040]
[extra_trees: 0]
[extra_seed: 6516]
[early_stopping_round: 0]
[early_stopping_min_delta: 0]
[first_metric_only: 0]
[max_delta_step: 0]
[lambda_l1: 0]
[lambda_l2: 5]
[linear_lambda: 0]
[min_gain_to_split: 0]
[drop_rate: 0.1]
[max_drop: 50]
[skip_drop: 0.5]
[xgboost_dart_mode: 0]
[uniform_drop: 0]
[drop_seed: 15215]
[top_rate: 0.2]
[other_rate: 0.1]
[min_data_per_group: 100]
[max_cat_threshold: 32]
[cat_l2: 10]
[cat_smooth: 10]
[max_cat_to_onehot: 4]
[top_k: 20]
[monotone_constraints: ]
[monotone_constraints_method: basic]
[monotone_penalty: 0]
[feature_contri: ]
[forcedsplits_filename: ]
[refit_decay_rate: 0.9]
[cegb_tradeoff: 1]
[cegb_penalty_split: 0]
[cegb_penalty_feature_lazy: ]
[cegb_penalty_feature_coupled: ]
[path_smooth: 0]
[interaction_constraints: ]
[verbosity: -1]
[saved_feature_importance_type: 0]
[use_quantized_grad: 0]
[num_grad_quant_bins: 4]
[quant_train_renew_leaf: 0]
[stochastic_rounding: 1]
[linear_tree: 0]
[max_bin: 255]
[max_bin_by_feature: ]
[min_data_in_bin: 3]
[bin_construct_sample_cnt: 200000]
[data_random_seed: 61]
[is_enable_sparse: 1]
[enable_bundle: 1]
[use_missing: 1]
[zero_as_missing: 0]
[feature_pre_filter: 1]
[pre_partition: 0]
[two_round: 0]
[header: 0]
[label_column: ]
[weight_column: ]
[group_column: ]
[ignore_column: ]
[categorical_feature: ]
[forcedbins_filename: ]
[precise_float_parser: 0]
[parser_config_file: ]
[objective_seed: 15521]
[num_class: 1]
[is_unbalance: 0]
[scale_pos_weight: 1]
[sigmoid: 1]
[boost_from_average: 1]
[reg_sqrt: 0]
[alpha: 0.9]
[fair_c: 1]
[poisson_max_delta_step: 0.7]
[tweedie_variance_power: 1.5]
[lambdarank_truncation_level: 30]
[lambdarank_norm: 1]
[label_gain: ]
[lambdarank_position_bias_regularization: 0]
[eval_at: ]
[multi_error_top_k: 1]
[auc_mu_weights: ]
[num_machines: 1]
[local_listen_port: 12400]
[time_out: 120]
[machine_list_filename: ]
[machines: ]
[gpu_platform_id: -1]
[gpu_device_id: -1]
[gpu_device_id_list: ]
[gpu_use_dp: 0]
[num_gpu: 1]

end of parameters

pandas_categorical:null
