tree
version=v4
num_class=1
num_tree_per_iteration=1
label_index=0
max_feature_idx=81
objective=regression
feature_names=Column_0 Column_1 Column_2 Column_3 Column_4 Column_5 Column_6 Column_7 Column_8 Column_9 Column_10 Column_11 Column_12 Column_13 Column_14 Column_15 Column_16 Column_17 Column_18 Column_19 Column_20 Column_21 Column_22 Column_23 Column_24 Column_25 Column_26 Column_27 Column_28 Column_29 Column_30 Column_31 Column_32 Column_33 Column_34 Column_35 Column_36 Column_37 Column_38 Column_39 Column_40 Column_41 Column_42 Column_43 Column_44 Column_45 Column_46 Column_47 Column_48 Column_49 Column_50 Column_51 Column_52 Column_53 Column_54 Column_55 Column_56 Column_57 Column_58 Column_59 Column_60 Column_61 Column_62 Column_63 Column_64 Column_65 Column_66 Column_67 Column_68 Column_69 Column_70 Column_71 Column_72 Column_73 Column_74 Column_75 Column_76 Column_77 Column_78 Column_79 Column_80 Column_81
feature_infos=[-0.062088999897241592:0.11504700034856796] [-0.11149699985980988:0.12835800647735596] [-1:1] [-0.081061996519565582:0.051552001386880875] [1.546720027923584:28.3704833984375] [0:0.83333301544189453] [-0.028457000851631165:0.027414999902248383] [0:1] [-0.042164001613855362:0.043588001281023026] [0.0057172086089849472:0.47293302416801453] [-0.36001697182655334:0.46201157569885254] [-1:1] [0:1] [0:1] [-0.50599998235702515:1.2970000505447388] [-0.79670000076293945:2.1860001087188721] [-0.81319999694824219:24.639999389648438] [3.9030001163482666:99.989997863769531] [-0.73680001497268677:1.6310000419616699] [-0.77389997243881226:7.0240001678466797] [-0.91420000791549683:0] [0.00081489997683092952:4.0180001258850098] [-0.53280001878738403:1.5440000295639038] [0.0022179998923093081:5.8680000305175781] [-0.26850000023841858:2.9319999217987061] [-0.3799000084400177:0.36430001258850098] [0.050769999623298645:0.87889999151229858] [9.1499996185302734:83.610000610351562] [0.0039679999463260174:1] [-4:4] [0.05534999817609787:0.90539997816085815] [0.32490000128746033:2.5850000381469727] [-0.26179999113082886:0.52819997072219849] [-0.11980000138282776:0.095150001347064972] [-0.12319999933242798:0.12160000205039978] [-0.35749998688697815:1.156000018119812] [-0.12399999797344208:0.1023000031709671] [-0.13220000267028809:0.090819999575614929] [-0.026590000838041306:0.043880000710487366] [-0.55330002307891846:0.99029999971389771] [-0.039098739624023438:0.08527132123708725] [-0.94942587614059448:0.92923778295516968] [4.9275102355750278e-05:0.44297224283218384] [-0.90016281604766846:9.473414421081543] [-0.17408907413482666:0.2277580052614212] [-0.89964240789413452:9.4935169219970703] [0:19.30915641784668] [-59.313907623291016:404.22930908203125] [-5.952430248260498:7.989593505859375] [-0.14687499403953552:1] [-0.080550946295261383:0.073985621333122253] [8.9203458628617227e-05:96.041580200195312] [0.00031769918859936297:1254.5347900390625] [-0.029737390577793121:0.025568626821041107] [-0.084868215024471283:0.037972953170537949] [0.018604651093482971:0.96108949184417725] [-0.1676144003868103:0.20218938589096069] [-0.90268170833587646:9.4715280532836914] [0.0061233546584844589:0.054694462567567825] [0.10559580475091934:27.941278457641602] [0.0038759689778089523:1] [0.0038759689778089523:1] [0.0038759689778089523:1] [0.0038759689778089523:1] [0.0038759689778089523:1] [0.0038759689778089523:1] [0.0039215688593685627:1] [-0.068778954446315765:0.059377908706665039] [-0.6641506552696228:0.52342545986175537] [0:1] [-0.17135186493396759:0.20153720676898956] [-0.90302252769470215:9.472050666809082] [-0.070965729653835297:0.060694672167301178] [0:6] [0:1] [0:1] [0:24] [0:1] [0:0.22986266016960144] [0:3378] [0:10] [0:1]
tree_sizes=1551 1664 1649 1639 1657 1655 1646 1657 1653 1661 1659 1661 1666 1659 1655 1650 1649 1652 1657 1641 1658 1649 1657 1643 1660 1645 1654 1661 1664 1662 1649 1659 1659 1660 1665 1658 1648 1657 1647 1641 1659 1642 1653 1651 1638 1650 1651 1649 1668 1656 1653 1653 1667 1635 1670 1651 1642 1639 1654 1662 1626 1651 1625 1633 1654 1659 1660 1649 1646 1661 1642 1629 1659 1650 1631 1628 1645 1668 1659 1653 1635 1640 1648 1628 1652 1650 1639 1642 1626 1651 1615 1650 1649 1650 1645 1647 1646 1643 1626 1606 1626 1655 1663 1640 1652 1634 1626 1637 1661 1655 1651 1640 1638 1636 1637 1637 1635 1661 1621 1641 1664 1621 1644 1622 1652 1649 1598 1651 1610 1638 1607 1649 1636 1618 1618 1629 1623 1641 1614 1644 1605 1602 1614 1621 1659 1650 1609 1624 1590 1637 1634 1633 1638 1577 1635 1592 1623 1614 1598 1619 1629 1624 1618 1587 1659 1566 1654 1596 1624 1649 1622

Tree=0
num_leaves=15
num_cat=0
split_feature=79 30 13 9 56 15 51 47 60 56 24 24 44 62
split_gain=45.7252 26.0985 14.4177 13.7085 12.9756 11.6773 8.40552 7.2449 5.96132 5.64527 5.57232 5.43307 5.40891 5.24269
threshold=89.500000000000014 0.53264999389648449 0.3449684232473374 0.03629774414002896 0.003938141744583846 0.090384997427463545 0.23167001456022265 0.0093574593774974364 0.7917517125606538 0.0017409392748959365 1.0214999914169314 1.091499984264374 0.0004334164113970474 0.30957362055778509
decision_type=8 10 8 10 2 8 10 10 2 2 8 10 2 2
left_child=1 3 7 6 8 -5 9 12 13 10 -1 -4 -2 -3
right_child=2 4 11 5 -6 -7 -8 -9 -10 -11 -12 -13 -14 -15
leaf_value=0.50281348760023958 0.5022676186557995 0.50347658492951564 0.5025554161294048 0.50214591709192036 0.50226927324270287 0.50137636270848818 0.50186609403715021 0.50098594562993659 0.50248948442739405 0.50221669771190469 0.50235160777798693 0.50148641269106276 0.50123180855318117 0.50290005854063879
leaf_weight=48819.5 8920 22965 13689 53241 33097.5 26615 26261 31022 17396 58929 45343 6218.5 9229 37236.5
leaf_count=48819 8918 22959 13689 53241 33096 26615 26260 31017 17396 58929 45343 6217 9227 37234
internal_value=0.502249 0.502381 0.50154 0.502216 0.502767 0.501889 0.502362 0.501264 0.502979 0.502447 0.502591 0.502221 0.501741 0.50312
internal_weight=438982 369904 69078.5 259208 110695 79856 179352 49171 77597.5 153092 94162.5 19907.5 18149 60201.5
internal_count=438960 369892 69068 259207 110685 79856 179351 49162 77589 153091 94162 19906 18145 60193
is_linear=0
shrinkage=1


Tree=1
num_leaves=15
num_cat=0
split_feature=45 32 21 51 80 17 19 21 54 21 25 45 45 32
split_gain=68.0154 28.2012 15.8998 13.8242 8.4692 7.93401 7.78155 6.55136 6.24803 5.63821 4.57159 4.46787 3.92228 3.81955
threshold=-1.0000000180025095e-35 0.15805000066757205 0.32995000481605535 0.078777302056550993 7.5000000000000009 55.774999618530281 0.28925000131130224 0.23425000160932544 0.0022229132009670143 0.56964999437332164 -0.10884999856352805 -0.0086003080941736681 0.0029985584551468496 0.12539999932050708
decision_type=2 8 10 10 8 10 8 8 2 10 10 2 2 8
left_child=3 2 8 7 -3 -4 13 -1 -2 -6 -11 -9 -7 -5
right_child=1 4 5 6 9 12 -8 11 -10 10 -12 -13 -14 -15
leaf_value=0.0011442393273824163 -0.00019301805550942872 1.3456702510261729e-05 -0.00026717345552567577 0.00039330730488976585 -0.00094573021314216037 -0.00016300732834293542 -0.00039407132248716936 0.00096643029137512661 0.0002394778305868891 -3.4602749704449269e-05 -0.0022589960726057561 0.00036044345149046947 -0.0011060631380278283 -8.4480090215547534e-05
leaf_weight=23485.5 55349 7505 39934.5 83535.5 43088.5 4851 16550.5 15599.5 65790 987 5280 36751 21879 18368
leaf_count=23482 55349 7505 39934 83529 43080 4851 16550 15598 65790 987 5280 36748 21879 18367
internal_value=-7.36612e-06 -0.000340142 -0.000162907 0.000411687 -0.000925462 -0.000534989 0.000209194 0.000727942 4.18685e-05 -0.00106822 -0.00190898 0.000541092 -0.000934978 0.000307187
internal_weight=438954 244664 187804 194290 56860.5 66664.5 118454 75836 121139 49355.5 6267 52350.5 26730 101904
internal_count=438929 244655 187803 194274 56852 66664 118446 75828 121139 49347 6267 52346 26730 101896
is_linear=0
shrinkage=0.03


Tree=2
num_leaves=15
num_cat=0
split_feature=45 79 30 21 17 24 13 54 79 54 58 60 51 21
split_gain=62.0434 37.6632 28.1138 16.3666 9.11782 8.65392 7.25583 5.25188 4.9029 4.74152 4.2376 4.1287 4.10693 3.92724
threshold=-1.0000000180025095e-35 89.500000000000014 0.54934999346733104 0.32995000481605535 55.774999618530281 0.95985001325607311 0.36155977845191961 0.0022229132009670143 1161.5000000000002 0.0033186911605298523 0.010771177709102632 0.35667294263839727 0.36779321730136877 0.28415000438690191
decision_type=2 8 10 8 8 10 8 2 8 2 2 2 10 10
left_child=2 3 5 7 9 11 10 -2 -7 -5 13 -1 -6 -3
right_child=1 6 -4 4 12 8 -8 -9 -10 -11 -12 -13 -14 -15
leaf_value=0.00069789813291866269 -0.00016172297400582036 -0.0011966956410036388 0.0010115166266658729 -0.00053814932031113767 -0.00077411381352655503 4.2460803061250694e-05 -0.00048378573414236938 0.00022241649314511791 -0.00080508958844768342 8.9339005940984907e-05 -0.00097786876992406722 0.00022426456097675 -0.0018427257162102063 -0.002108870378886725
leaf_weight=29744 58685 7665 49718.5 21905.5 27732 70947.5 10543 70515 6720 21444 12467 37390.5 3664 9604
leaf_count=29741 58684 7662 49709 21905 27732 70947 10543 70515 6718 21444 12467 37389 3664 9600
internal_value=-3.6764e-06 -0.000322057 0.000396055 -0.00015648 -0.000509795 0.000184706 -0.00116031 4.79338e-05 -3.09186e-05 -0.000227771 -0.00140005 0.000434145 -0.000899097 -0.00170446
internal_weight=438745 244224 194520 203946 74745.5 144802 40279 129200 77667.5 43349.5 29736 67134.5 31396 17269
internal_count=438720 244216 194504 203944 74745 144795 40272 129199 77665 43349 29729 67130 31396 17262
is_linear=0
shrinkage=0.03


Tree=3
num_leaves=15
num_cat=0
split_feature=45 9 30 32 17 53 9 24 9 60 13 68 24 54
split_gain=61.4748 31.3354 27.5113 11.8925 7.7185 7.29849 7.14752 6.51674 6.12 5.45362 5.25052 5.06338 4.46226 4.01735
threshold=-1.0000000180025095e-35 0.031778875738382346 0.50405001640319835 inf 51.655000686645515 0.0037545531522482638 0.022434646263718609 0.96825000643730175 0.050959581509232528 0.8997991979122163 0.32552407681941992 0.0011738312314264478 0.98414999246597301 0.0033186911605298523
decision_type=2 10 10 8 10 2 10 10 10 2 8 2 8 2
left_child=2 6 9 4 13 10 -2 -4 -6 12 -5 -8 -1 -3
right_child=1 3 7 5 8 -7 11 -9 -10 -11 -12 -13 -14 -15
leaf_value=0.00038896597839863247 0.00028274777189480081 -0.00048301653466425494 0.0010290209472782288 -0.0016257951487437233 -0.00063400234140441086 -6.0864762896050923e-05 -0.00051035736175399429 0.00039555093989545394 -0.0017336973889359659 -0.00073016918780241286 -0.00074243170022989858 -2.2227854386755923e-05 9.1010889028192559e-06 0.0001548619778711947
leaf_weight=47459 47054 18172 53136 19679.5 34098 4560 27768 20173 5255 6447 8766 61426.5 67287.5 17381
leaf_count=47457 47054 18172 53125 19677 34098 4560 27767 20173 5255 6447 8766 61422 67286 17381
internal_value=-1.88433e-06 -0.00031886 0.000396015 -0.000700733 -0.000491623 -0.00117516 -1.63946e-05 0.000854743 -0.000781052 0.00011851 -0.00135375 -0.000174212 0.000166223 -0.000171195
internal_weight=438662 244160 194502 107912 74906 33005.5 136248 73309 39353 121194 28445.5 89194.5 114746 35553
internal_count=438640 244152 194488 107909 74906 33003 136243 73298 39353 121190 28443 89189 114743 35553
is_linear=0
shrinkage=0.03


Tree=4
num_leaves=15
num_cat=0
split_feature=79 70 30 13 64 43 9 9 71 17 48 43 71 30
split_gain=39.644 24.2608 21.1919 10.0502 9.66185 8.74118 8.18365 7.42041 7.1157 6.59643 6.56761 5.6578 4.77668 4.67881
threshold=625.50000000000011 0.0036912850337103014 0.55075001716613781 0.28571453690528875 0.71820691227912914 0.0080391415394842642 0.036454131826758392 0.036768091842532165 0.0028874733252450828 52.174999237060554 -0.38674437999725336 -1.0000000180025095e-35 -0.004405232146382331 0.58104997873306286
decision_type=8 2 10 8 10 2 10 10 2 8 10 2 2 10
left_child=1 2 4 11 7 10 12 -1 -6 -8 -4 -2 -3 -13
right_child=3 6 5 -5 8 -7 9 -9 -10 -11 -12 13 -14 -15
leaf_value=0.00035164611235964882 -0.0004758950839862793 0.00033600949209141207 0.0015333676128272483 -0.00024840965382300192 6.7399494169279934e-06 -0.00011839680462918256 -0.00022534450868893008 -0.00012043341598465589 -0.00071247602762265706 -0.0010570764018369681 0.00069779701257650245 -0.0015366255548767405 -0.00022411426911245579 -0.00012184441620506695
leaf_weight=110273 8490 17609 10186.5 18410 35852 10006 16657 41145.5 18906 17705 50178.5 19858 61703 2354
leaf_count=110271 8490 17609 10182 18407 35852 10006 16657 41145 18906 17705 50174 19854 61701 2354
internal_value=5.40846e-07 0.000101644 0.000253301 -0.000802708 9.98682e-05 0.000702796 -0.000267303 0.000223366 -0.000241622 -0.000653985 0.000838914 -0.00113499 -9.97412e-05 -0.00138675
internal_weight=439334 390222 276548 49112 206176 70371 113674 151418 54758 34362 60365 30702 79312 22212
internal_count=439313 390208 276536 49105 206174 70362 113672 151416 54758 34362 60356 30698 79310 22208
is_linear=0
shrinkage=0.03


Tree=5
num_leaves=15
num_cat=0
split_feature=79 9 15 62 60 21 24 24 48 62 60 60 62 30
split_gain=38.0993 24.5619 14.6747 11.3586 7.26595 7.03783 6.81309 6.35474 5.96789 5.59108 4.86789 4.75585 4.04566 3.96995
threshold=719.50000000000011 0.026510452851653103 0.11704999953508378 0.58830371499061596 0.83108067512512218 0.52625000476837169 0.96825000643730175 0.98414999246597301 -0.28269593417644495 0.68276330828666698 0.081138830631971373 0.49118925631046301 0.57279273867607128 0.57195001840591442
decision_type=8 10 8 2 2 10 8 10 10 2 2 2 2 10
left_child=1 6 3 7 12 8 9 11 -2 -1 -5 13 -4 -3
right_child=5 2 4 10 -6 -7 -8 -9 -10 -11 -12 -13 -14 -15
leaf_value=0.00072314175597545038 0.00010109836624220036 0.00055714923299000625 -7.6133847395439339e-05 0.00040027709714368387 -0.0012622061142739277 -0.0016046019716485127 0.00015205533677343093 -7.8460636061644646e-06 -0.00082158839980094305 0.00020580578471622452 -0.00032525220287732811 0.00021292584065091253 -0.00070192471115300501 0.0014831866206555392
leaf_weight=62957.5 7908.5 19037 20312.5 9407 10301 8138 58271.5 55633 31167 26813.5 71961.5 34589 17143 5334
leaf_count=62953 7908 19033 20312 9407 10301 8138 58271 55633 31159 26812 71959 34589 17143 5333
internal_value=2.87135e-06 9.98997e-05 -8.5237e-05 2.96864e-05 -0.000556761 -0.00080216 0.000404677 0.000222145 -0.000634857 0.00056864 -0.000241354 0.000439141 -0.000362607 0.000760091
internal_weight=438974 391760 243718 195962 47756.5 47213.5 148042 114593 39075.5 89771 81368.5 58960 37455.5 24371
internal_count=438951 391746 243710 195954 47756 47205 148036 114588 39067 89765 81366 58955 37455 24366
is_linear=0
shrinkage=0.03


Tree=6
num_leaves=15
num_cat=0
split_feature=45 79 30 9 18 24 13 9 18 54 9 51 22 58
split_gain=54.595 32.1156 23.1427 16.7131 10.0976 9.40244 7.0461 6.59036 5.33209 5.3303 4.31261 4.13829 4.1163 3.87943
threshold=-1.0000000180025095e-35 76.500000000000014 0.55215001106262218 0.035842090845108039 0.071335002779960646 0.97615000605583202 0.36155977845191961 0.022747864015400413 0.09271500259637834 0.0035270117223262791 0.02424431033432484 0.33285437524318701 -0.062105000019073479 0.011625010054558517
decision_type=2 8 10 10 8 8 8 10 10 2 10 10 8 2
left_child=2 3 5 7 -5 8 10 -2 -1 -9 -3 -7 -13 -12
right_child=1 6 -4 4 -6 11 -8 9 -10 -11 13 12 -14 -15
leaf_value=0.00058065427603952284 0.00032447463915513772 -0.00044303042903301578 0.00093947052689868503 -0.00028219523202546894 -0.0011205070280610224 1.7922124347363087e-05 -0.00040870420485121669 -0.00028186615164352567 -0.00010384666948296515 0.00016784329907631516 -0.0016719866630395283 0.0019476009907749747 -0.001163469742191366 -0.00089858429180052549
leaf_weight=52733 44879 4728.5 47987.5 35390 20377 76171.5 11377 62945 12709 38060 18371 415 4365 8586
leaf_count=52729 44879 4728 47979 35390 20377 76169 11376 62945 12709 38060 18363 415 4365 8586
internal_value=-7.5649e-06 -0.0003057 0.000367766 -0.00014687 -0.000588583 0.000180337 -0.00104936 2.19976e-05 0.000447725 -0.00011241 -0.00127929 -3.58356e-05 -0.000891613 -0.00142586
internal_weight=439094 244714 194381 201651 55767 146394 43062.5 145884 65442 101005 31685.5 80951.5 4780 26957
internal_count=439070 244704 194366 201651 55767 146387 43053 145884 65438 101005 31677 80949 4780 26949
is_linear=0
shrinkage=0.03


Tree=7
num_leaves=15
num_cat=0
split_feature=45 79 24 9 17 19 52 68 9 58 20 24 51 9
split_gain=47.7273 28.9569 18.2648 14.7707 9.39713 5.50278 4.94242 4.77183 4.48119 5.34945 4.65421 4.28221 3.99967 3.95123
threshold=-1.0000000180025095e-35 93.500000000000014 0.9556500017642976 0.030915866605937484 60.93499946594239 0.31014999747276312 3.3045619726181035 0.0016560437506996097 0.024942187592387203 0.010657338425517084 -0.022265000268816944 1.4794999957084658 0.10543844848871232 0.050959581509232528
decision_type=2 8 8 10 8 10 10 2 10 2 10 10 10 10
left_child=2 3 5 7 -5 12 13 -2 -3 10 -10 -4 -1 -6
right_child=1 8 11 4 6 -7 -8 -9 9 -11 -12 -13 -14 -15
leaf_value=0.00086210437733851399 -0.00015175701697405362 -0.00032203064139557869 0.00015987724189801624 -0.00023608616800039597 -0.00062851773520108142 -4.3311936206288443e-05 -0.002312117325379968 0.00024580129447003161 -0.0016246858992052604 -0.00076215043816161361 0.00095698937087476199 -0.00032711709085223853 0.00044765493006724622 -0.0017646972098106801
leaf_weight=56439 44410 6886.5 74487.5 65726.5 18899 9718.5 2113 69989 16653.5 15692 650 20779.5 33364.5 3223
leaf_count=56429 44409 6886 74484 65726 18899 9718 2113 69989 16646 15692 650 20779 33361 3223
internal_value=3.15371e-07 -0.000279019 0.000350566 -0.000134705 -0.000422305 0.000634777 -0.000927187 9.14682e-05 -0.0010184 -0.00116366 -0.00152746 5.36432e-05 0.000708158 -0.000794411
internal_weight=439032 244242 194789 204360 89961.5 99522 24235 114399 39882 32995.5 17303.5 95267 89803.5 22122
internal_count=439004 244233 194771 204359 89961 99508 24235 114398 39874 32988 17296 95263 89790 22122
is_linear=0
shrinkage=0.03


Tree=8
num_leaves=15
num_cat=0
split_feature=45 79 30 9 18 30 24 9 21 58 68 79 11 19
split_gain=47.8945 26.7926 21.7941 13.7833 8.42168 6.6447 6.23648 5.44881 5.14049 4.06664 3.99546 3.70524 3.67272 3.61932
threshold=-1.0000000180025095e-35 76.500000000000014 0.51905000209808361 0.030604625120759014 0.066014997661113753 0.63214999437332164 1.0314999818801882 0.048415897414088256 0.58765000104904186 0.013361238408833744 0.0011409795843064787 110.50000000000001 -0.22236936539411542 0.19135000556707385
decision_type=2 8 10 10 8 10 10 10 10 2 2 8 8 8
left_child=2 3 6 10 -5 -4 13 -6 12 -10 -2 -8 -3 -1
right_child=1 8 5 4 7 -7 11 -9 9 -11 -12 -13 -14 -15
leaf_value=0.0004906949333905586 -0.00016747610105008592 -0.0011741073502071814 0.00063376615682139389 -0.00019315402694627105 -0.00060454360733197836 0.0013461304723318952 1.3343230132959372e-05 -0.001594594243411581 -0.0022915934440948423 -0.00017025693546000376 0.00021812395551435069 -0.00062960969644667696 -0.0005786348541947738 1.741796252231844e-05
leaf_weight=43974 35626 16391 50057.5 58844.5 25201 15418.5 53740 6242 3979 1023 75279 9486.5 21654 21727.5
leaf_count=43974 35625 16387 50048 58844 25201 15418 53740 6242 3979 1023 75279 9484 21651 21727
internal_value=4.53493e-06 -0.000275137 0.000355899 -0.000129786 -0.000404979 0.000801606 0.000129525 -0.000801309 -0.000954382 -0.00185834 9.42557e-05 -8.31675e-05 -0.000835304 0.000334195
internal_weight=438644 244240 194404 201192 90287.5 65476 128928 31443 43047 5002 110905 63226.5 38045 65701.5
internal_count=438622 244231 194391 201191 90287 65466 128925 31443 43040 5002 110904 63224 38038 65701
is_linear=0
shrinkage=0.03


Tree=9
num_leaves=15
num_cat=0
split_feature=45 79 30 21 64 30 24 54 53 21 66 10 13 19
split_gain=44.2024 23.6154 20.8804 10.4115 6.60703 5.89078 5.69525 4.47997 4.20888 5.3194 3.68555 3.54766 3.53155 3.39691
threshold=-1.0000000180025095e-35 732.50000000000011 0.50124999880790722 0.28415000438690191 0.92688494920730602 0.62954998016357433 0.8087500035762788 0.0030381075339391832 0.0036521442234516148 0.50274997949600231 0.71888476610183727 -0.0073059683199971906 0.41954928636550909 0.40234999358654028
decision_type=2 8 10 8 10 10 8 2 2 10 8 8 10 10
left_child=2 3 6 7 10 12 -1 -2 9 11 -5 -3 -4 -8
right_child=1 8 5 4 -6 -7 13 -9 -10 -11 -12 -13 -14 -15
leaf_value=0.00044878161526140306 -0.0001164647608062371 -0.00161799920442614 0.00044907151039207376 -0.00017140172799106059 -0.0010598903517794645 0.0012341701803142602 1.9536445214258913e-05 0.00028473932178444382 -1.3778448415053654e-05 -0.0021596788806499396 -0.00056031860558477685 -0.00075061357512144907 0.00098098758658696716 -0.00069703724066501175
leaf_weight=29499 60761 6172.5 43580 70997 11164 16097 83851.5 42611 2839 4546.5 31730.5 13624 15140.5 6404
leaf_count=29498 60760 6169 43576 70997 11163 16097 83849 42611 2839 4546 31730 13623 15134 6404
internal_value=-4.81057e-06 -0.000273375 0.000332592 -0.000169065 -0.00036691 0.000725757 8.69392e-05 4.89215e-05 -0.00110694 -0.0012344 -0.000291552 -0.0010214 0.000586293 -3.13432e-05
internal_weight=439018 244446 194572 217264 113892 74817.5 119754 103372 27182 24343 102728 19796.5 58720.5 90255.5
internal_count=438996 244438 194558 217261 113890 74807 119751 103371 27177 24338 102727 19792 58710 90253
is_linear=0
shrinkage=0.03


Tree=10
num_leaves=15
num_cat=0
split_feature=9 30 18 64 48 70 55 61 9 24 43 54 71 71
split_gain=29.5735 14.9472 13.0707 9.97375 7.46487 6.05862 5.63034 5.54781 5.1823 4.56776 4.32451 4.13282 4.06451 4.02254
threshold=0.03629774414002896 0.55355000495910656 0.10045000165700914 0.92688494920730602 -0.13994222134351728 0.0036912850337103014 0.62610653042793285 0.57659474015235912 0.050959581509232528 1.3435000181198122 0.0066158485133200893 0.0022920132614672188 -0.0013136686757206915 -0.0035568515304476018
decision_type=10 10 8 10 10 2 2 2 10 10 2 2 2 2
left_child=1 3 4 7 12 10 -6 9 -4 -1 -3 -9 -2 -10
right_child=2 5 8 -5 6 -7 -8 11 13 -11 -12 -13 -14 -15
leaf_value=0.00030405844646343622 0.0007931096576821485 0.0007656024849250413 -0.00058743320056459114 -0.00068085934920208524 -0.00051917080481567721 8.6631643386145675e-05 0.00018667657746815653 -0.00028468695776873078 -0.00033321127620460593 -0.00017094643146307154 9.9974328555812685e-05 0.0001349004050685244 -1.9910711463308168e-06 -0.001587384104439538
leaf_weight=99722.5 7927 51565.5 26069.5 16405 47975 23489.5 12904 47438 2951 22289.5 10590 38085 21391 10504
leaf_count=99716 7927 51556 26069 16404 47975 23489 12904 47436 2951 22288 10590 38082 21391 10504
internal_value=7.11321e-07 0.000160044 -0.000379533 3.11276e-05 -0.00018017 0.000497106 -0.000369555 8.7423e-05 -0.00083441 0.00021728 0.000652211 -9.78399e-05 0.000213087 -0.00131254
internal_weight=439306 309585 129722 223940 90197 85645 60879 207535 39524.5 122012 62155.5 85523 29318 13455
internal_count=439282 309561 129721 223926 90197 85635 60879 207522 39524 122004 62146 85518 29318 13455
is_linear=0
shrinkage=0.03


Tree=11
num_leaves=15
num_cat=0
split_feature=45 30 32 18 80 3 18 64 24 51 21 12 24 21
split_gain=39.5104 19.4324 19.0471 11.3183 7.05929 6.55083 5.08939 4.60291 4.32646 4.13027 4.25481 4.06463 4.02165 3.8911
threshold=-1.0000000180025095e-35 0.49275000393390661 0.11134999990463258 0.070244997739791884 8.5000000000000018 -0.0064215001184493295 0.20255000144243243 0.91946139931678783 1.0314999818801882 0.41681109368801122 0.34274999797344213 0.44680987298488622 0.91535001993179332 0.4634499996900559
decision_type=2 10 8 10 8 10 10 10 8 10 10 10 10 10
left_child=1 6 3 7 -4 12 8 -2 -1 10 -5 -6 -3 -13
right_child=2 5 4 9 11 -7 -8 -9 -10 -11 -12 13 -14 -15
leaf_value=0.00032549027230778673 8.2341234626052992e-05 0.0010242285900269156 9.3714703170816961e-05 -0.00015210383421534061 -0.00069219259406709413 0.00028559972273280306 -0.00089835427774522837 -0.00054548012252560998 -5.115509622285202e-05 -0.0014768738230865658 -0.00076983445857198101 -0.0010329993723398267 0.00043120049286292399 -0.0022820900125970346
leaf_weight=49894 130571.5 40382.5 8240 22310 36919.5 24957.5 4611 11425 61002.5 3698 18239 10300 13826 2873.5
leaf_count=49893 130571 40375 8240 22310 36914 24951 4611 11424 61000 3698 18239 10299 13826 2872
internal_value=6.92552e-06 0.000325836 -0.000246916 -9.8744e-05 -0.000719947 0.000687869 7.76885e-05 3.18095e-05 0.00011831 -0.00051767 -0.000430021 -0.000853785 0.000873029 -0.00130622
internal_weight=439250 194674 244576 186244 58333 79166 115508 141996 110896 44247 40549 50093 54208.5 13173.5
internal_count=439223 194656 244567 186242 58325 79152 115504 141995 110893 44247 40549 50085 54201 13171
is_linear=0
shrinkage=0.03


Tree=12
num_leaves=15
num_cat=0
split_feature=79 9 18 61 51 21 51 2 24 47 60 30 57 61
split_gain=26.4912 17.1095 12.6794 7.37922 7.17097 6.6066 6.55174 5.26211 4.76605 5.65633 4.47202 4.36918 4.36309 4.21011
threshold=719.50000000000011 0.026510452851653103 0.070244997739791884 0.58426213264465343 0.33285437524318701 0.52625000476837169 0.18913967162370685 -1.0000000180025095e-35 1.091499984264374 0.0062304961029440173 0.27571055293083196 0.56314998865127575 -0.00089916263823397447 0.52154141664505016
decision_type=8 10 8 2 10 10 10 10 10 10 2 10 2 2
left_child=1 6 3 8 12 10 7 11 9 -3 13 -1 -4 -2
right_child=5 2 4 -5 -6 -7 -8 -9 -10 -11 -12 -13 -14 -15
leaf_value=0.00039445372253629567 0.0008170736894719694 0.00080763844483367733 -6.9821667383444282e-06 -0.0001660834908345261 -0.00127458559205895 -0.0014582975940830476 -9.745800114438316e-05 7.7136744669409132e-05 -1.6935582567870432e-05 0.00019109944565285676 -0.00070592923149755691 0.00083503161458645515 -0.00050150141187390695 -0.00043966063001713268
leaf_weight=62761.5 3791.5 20616.5 26888 70654.5 7601 8024 26168 29577 40091 38215 28610.5 29923.5 39858.5 6513
leaf_count=62761 3790 20613 26888 70653 7601 8024 26168 29575 40091 38213 28603 29919 39858 6512
internal_value=-1.18785e-06 7.93942e-05 -7.51437e-05 6.80739e-05 -0.000401787 -0.000674695 0.00033335 0.000425557 0.000235319 0.000407205 -0.000512955 0.000536732 -0.000302306 2.29218e-05
internal_weight=439294 392354 243924 169577 74347.5 46939 148430 122262 98922.5 58831.5 38915 92685 66746.5 10304.5
internal_count=439269 392340 243917 169570 74347 46929 148423 122255 98917 58826 38905 92680 66746 10302
is_linear=0
shrinkage=0.03


Tree=13
num_leaves=15
num_cat=0
split_feature=79 70 51 13 24 60 13 57 62 18 48 47 24 10
split_gain=23.5044 16.0725 12.0675 10.8985 9.5458 6.7106 6.11326 5.75838 4.89766 4.58597 4.22369 3.80497 3.41131 3.37526
threshold=89.500000000000014 0.004900482716038824 0.33285437524318701 0.28571453690528875 0.93524998426437389 0.77634355425834667 1.0000000180025095e-35 0.0023326044902205472 0.52154141664505016 0.069184999912977233 -0.1368654519319534 -0.03336981683969497 1.4794999957084658 0.0016775336116552355
decision_type=8 2 8 8 8 2 10 2 2 8 10 10 8 10
left_child=1 2 4 6 7 -4 -2 10 -5 -3 -1 -8 -6 -10
right_child=3 9 5 8 12 -7 11 -9 13 -11 -12 -13 -14 -15
leaf_value=0.00080212125463859486 0.00026515880224762899 -0.0001230223801704561 -4.4751003960984893e-05 0.00036502818159830832 0.00015470352304130914 -0.0013539426790412745 -0.00036760150790917864 0.00012997544357172983 -0.00089532577745010992 -0.00060649191490450753 0.0003922403266809815 -0.0010831963170430236 -0.00021229079554113927 9.1466932536001091e-05
leaf_weight=38679.5 4338 65749.5 7699 13745.5 103812 6493 8630 39466 6962 24138 54558.5 29809.5 29204 5647.5
leaf_count=38671 4338 65749 7699 13745 103811 6493 8628 39466 6961 24138 54555 29803 29204 5647
internal_value=1.204e-06 9.61251e-05 0.000208202 -0.000506513 0.000253728 -0.000643987 -0.000802141 0.000433745 -2.66084e-05 -0.000252878 0.000562312 -0.000922608 7.4124e-05 -0.000453503
internal_weight=438932 369800 279912 69132.5 265720 14192 42777.5 132704 26355 89887.5 93238 38439.5 133016 12609.5
internal_count=438908 369786 279899 69122 265707 14192 42769 132692 26353 89887 93226 38431 133015 12608
is_linear=0
shrinkage=0.03


Tree=14
num_leaves=15
num_cat=0
split_feature=79 18 70 30 13 60 64 12 21 9 3 13 64 60
split_gain=27.5089 15.7722 10.7161 10.7015 8.53716 7.95351 5.7596 5.08174 5.82836 4.82993 4.51044 4.24095 3.9936 3.97687
threshold=184.50000000000003 0.09271500259637834 0.0036912850337103014 0.50534999370574962 0.42614118754863745 0.76101878285408031 0.042694536969065673 0.25925962626934057 0.36304999887943273 0.039569394662976272 -0.0064215001184493295 0.37259839475154882 0.81584453582763683 0.68363359570503246
decision_type=8 8 2 10 8 2 10 10 10 10 10 10 10 2
left_child=1 2 3 12 6 9 -2 -8 -9 -3 11 -5 -1 -14
right_child=4 5 -4 10 -6 -7 7 8 -10 -11 -12 -13 13 -15
leaf_value=0.00018163889332251974 0.00050072593175019429 6.8991975445824148e-05 -0.00010719337066318865 0.00050388578945383838 0.00011496154334730001 -0.00089559864440779302 -0.00051240808900272436 -0.00076400707843771187 -0.0016872729390009077 -0.00057786833314269208 0.00021980952148730154 0.0010323587567858019 0.00010577507584207278 -0.00071371342958301395
leaf_weight=110974 2984 31693 89318.5 42573 12029 17265 20978 15004 10447 15449 28746 20139.5 11778 9728
leaf_count=110973 2984 31693 89316 42570 12027 17265 20971 15003 10444 15449 28741 20136 11778 9728
internal_value=-1.30514e-05 8.27261e-05 0.000170635 0.000281448 -0.000601723 -0.000344819 -0.000776186 -0.000858298 -0.00114324 -0.000143031 0.000531037 0.000673668 0.000109128 -0.000264991
internal_weight=439106 377664 313257 223938 61442 64407 49413 46429 25451 47142 91458.5 62712.5 132480 21506
internal_count=439078 377649 313242 223926 61429 64407 49402 46418 25447 47142 91447 62706 132479 21506
is_linear=0
shrinkage=0.03


Tree=15
num_leaves=15
num_cat=0
split_feature=45 79 18 51 20 9 54 9 52 57 54 53 10 21
split_gain=36.3381 19.6321 13.2152 9.88202 7.24315 6.99321 6.43446 5.27052 4.80898 3.75839 3.75379 3.69374 4.56353 4.27725
threshold=0.0004626013978850097 625.50000000000011 0.070244997739791884 0.10195656865835191 -0.20255000144243238 0.034159520640969283 0.0022536036558449273 0.039372932165861137 2.1762959957122807 0.01680665742605925 0.011293898336589338 0.0051957571413367995 -0.0062791756354272357 0.19225000590085986
decision_type=2 8 8 10 10 10 2 10 10 2 2 2 8 10
left_child=3 2 6 4 -1 -4 -2 -6 -7 -5 11 12 -3 -14
right_child=1 10 5 9 7 8 -8 -9 -10 -11 -12 -13 13 -15
leaf_value=0.0001418665168078568 -0.00024037627812045011 -0.0017325330557614205 -0.00022925843478453865 8.0258837371596016e-05 0.00076154637138119629 -0.00075872591289212769 0.00014988440751369217 6.7450038167641505e-05 -0.0019473069701228341 -0.0017273415372784338 0.0008886784556289037 0.00036040733634550595 -1.0530595548522009e-05 -0.0011511323372796606
leaf_weight=38033.5 67341.5 8549.5 26578 92174.5 62105 22319 87321 11702 3550 1042 894 1499 3907 12190.5
leaf_count=38027 67340 8547 26578 92171 62102 22319 87321 11702 3550 1042 894 1499 3907 12188
internal_value=-3.50398e-06 -0.000258865 -0.000159596 0.000288085 0.00047821 -0.000571091 -2.0041e-05 0.00065151 -0.00092218 5.99614e-05 -0.00101904 -0.00108442 -0.00117235 -0.000874388
internal_weight=439206 234150 207110 205057 111840 52447 154662 73807 25869 93216.5 27040 26146 24647 16097.5
internal_count=439187 234143 207108 205044 111831 52447 154661 73804 25869 93213 27035 26141 24642 16095
is_linear=0
shrinkage=0.03


Tree=16
num_leaves=15
num_cat=0
split_feature=45 79 24 64 21 19 13 68 17 63 13 51 10 21
split_gain=34.0982 17.8685 14.3557 9.271 6.06162 5.40609 4.90944 4.65824 4.0545 3.88706 3.85407 3.75877 3.54433 3.75846
threshold=-1.0000000180025095e-35 168.50000000000003 0.9556500017642976 0.91946139931678783 0.32995000481605535 0.19135000556707385 0.36155977845191961 0.0011738312314264478 51.784999847412116 0.45786303281784063 0.4538544118404389 0.65274456143379223 -0.074374321848154054 0.58765000104904186
decision_type=2 8 8 10 8 10 8 2 8 2 8 10 10 10
left_child=2 3 5 4 7 10 12 -2 -6 -5 -1 -4 -3 -14
right_child=1 6 11 9 8 -7 -8 -9 -10 -11 -12 -13 13 -15
leaf_value=0.0005625535634724816 -0.00020161428310794743 0.0027722854963890043 6.3739247864603361e-05 -0.0013543922184232819 -3.6401552108697478e-05 0.00014137851505449707 -0.00025535844977184077 0.00020045173337257402 -0.00049867229608115777 -0.00045226952404870606 0.0010769250973136336 -0.0014636018202324656 -0.0009500874053933406 -0.0020558049681970009
leaf_weight=60593 38016 212 93539 6277 32246.5 22047.5 9477 81575 36294 13644 16738.5 1468 23497.5 3137
leaf_count=60589 38016 212 93535 6276 32246 22047 9476 81575 36294 13644 16734 1468 23491 3137
internal_value=7.21923e-06 -0.000228651 0.000303746 -0.000121454 -5.62785e-05 0.000555812 -0.000842548 7.26385e-05 -0.000281205 -0.000736792 0.000673952 4.00638e-05 -0.00104974 -0.00108068
internal_weight=438762 244376 194386 208052 188132 99379 36323.5 119591 68540.5 19921 77331.5 95007 26846.5 26634.5
internal_count=438740 244367 194373 208051 188131 99370 36316 119591 68540 19920 77323 95003 26840 26628
is_linear=0
shrinkage=0.03


Tree=17
num_leaves=15
num_cat=0
split_feature=45 79 24 18 18 54 21 12 13 13 32 51 20 19
split_gain=31.7524 18.5229 13.9928 11.4841 5.82306 5.55655 4.6213 4.27063 4.09564 3.9677 3.41988 3.28338 3.24794 3.36043
threshold=-1.0000000180025095e-35 76.500000000000014 1.016499996185303 0.095705002546310439 0.11765000224113466 0.0030381075339391832 0.57835000753402721 0.26752156019210821 0.24541092664003375 0.52942556142807018 -0.063340000808238969 0.33285437524318701 -0.27875000238418574 0.34174999594688421
decision_type=2 8 8 8 10 2 10 10 8 8 10 10 8 10
left_child=2 3 4 5 9 -2 8 -8 -3 10 -1 12 -4 -14
right_child=1 6 11 -5 -6 -7 7 -9 -10 -11 -12 -13 13 -15
leaf_value=0.000137799978788985 -0.00016595932803940993 -0.00096356647883770268 -0.00029669249134632554 -0.0006168646612295163 -0.0001370532273629932 0.00018089161214935036 -0.0008259861102635302 -0.0025356757005965901 -0.00033688739868314641 0.0010453730871410397 0.00060103549814190672 -0.00076864161695155129 0.00022434006765855463 -0.00050859520473952669
leaf_weight=18294 92068.5 20692.5 19716.5 33610 11415 75776 2821 2470 17188.5 14054 66473 4822 53521.5 6287
leaf_count=18293 92067 20687 19714 33610 11415 75776 2821 2470 17186 14050 66465 4822 53521 6287
internal_value=-4.09445e-06 -0.000231589 0.000281906 -0.000110733 0.000504431 -9.36737e-06 -0.000795463 -0.00162576 -0.000679293 0.000578533 0.000501076 -8.93158e-06 3.71789e-05 0.000147259
internal_weight=439210 244626 194583 201454 110236 167844 43172 5291 37881 98821 84767 84347 79525 59808.5
internal_count=439184 244617 194567 201453 110223 167843 43164 5291 37873 98808 84758 84344 79522 59808
is_linear=0
shrinkage=0.03


Tree=18
num_leaves=15
num_cat=0
split_feature=9 64 17 61 18 48 22 79 79 13 58 9 60 20
split_gain=22.9634 11.007 10.8419 7.96872 5.97565 5.83893 5.11898 5.14539 4.83694 4.59105 3.99732 3.89504 3.51915 3.42463
threshold=0.036153299733996398 0.63209992647171032 37.555000305175788 0.40165649354457861 0.11765000224113466 -0.14633578062057492 0.32015000283718115 77.500000000000014 80.500000000000014 0.34236942231655126 0.010082555003464224 0.050959581509232528 0.95717063546180736 -0.30314999818801874
decision_type=10 10 8 2 8 10 8 8 8 10 2 10 2 10
left_child=1 3 -2 9 5 12 7 -5 -3 13 -7 -6 -4 -1
right_child=2 8 4 6 11 10 -8 -9 -10 -11 -12 -13 -14 -15
leaf_value=-0.00030329775364123552 0.00036122131860818281 -3.5337581163408559e-05 0.00020233969455415272 -3.806997232750124e-05 -0.00053287920470358513 -0.0008498829471480973 0.00024767089500065114 -0.0010786537379871238 -0.00068198937219378722 0.00080592360654857347 -0.00029799781102374332 -0.0011954267169140629 -0.0010296478757752443 0.0004283080942199519
leaf_weight=6647 17371 98138 22127 32041.5 22163.5 17224 82675.5 4930.5 11641 28907.5 37598 12494 2299 42917.5
leaf_count=6647 17371 98136 22127 32038 22163 17224 82672 4928 11638 28901 37597 12494 2299 42915
internal_value=-4.62114e-06 0.000137027 -0.000336838 0.000270545 -0.000443305 -0.000299577 0.000116453 -0.000176967 -0.000103937 0.00050547 -0.000471451 -0.000771865 8.61968e-05 0.000330173
internal_weight=439175 307898 131276 198120 113906 79248 119648 36972 109779 78472 54822 34657.5 24426 49564.5
internal_count=439150 307875 131275 198101 113904 79247 119638 36966 109774 78463 54821 34657 24426 49562
is_linear=0
shrinkage=0.03


Tree=19
num_leaves=15
num_cat=0
split_feature=45 30 18 54 63 30 3 18 24 13 23 74 23 52
split_gain=31.365 14.2281 11.4744 5.86141 5.7262 5.04745 4.78229 4.19962 3.6277 3.31926 3.21279 3.16328 3.09793 2.99644
threshold=-1.0000000180025095e-35 0.53264999389648449 0.070244997739791884 0.0032365517690777783 0.14503885805606845 0.55494999885559093 -0.0064215001184493295 0.20255000144243243 0.95985001325607311 0.42275841534137731 1.29449999332428 1.0000000180025095e-35 0.59915000200271618 4.0177409648895273
decision_type=2 10 8 2 2 10 10 10 10 10 10 2 10 10
left_child=1 7 3 5 13 -2 -3 8 -1 -5 -9 -6 -10 -4
right_child=2 6 4 9 11 -7 -8 10 12 -11 -12 -13 -14 -15
leaf_value=0.00032306770238555804 -0.00037737263069719028 0.0008526693215002004 -0.0011811219225561589 -1.0185438568962898e-05 -0.00052305252659567373 9.4351825166921871e-05 0.00025828067407967619 0.00035177788248275338 -0.00055715744976355178 0.00045921870595114548 -0.0012770456691971576 0.00052715005016995531 7.5095135465978765e-05 -0.0031582990280127599
leaf_weight=59427 74894.5 41151 5321 58885 56484 28061 17313 1621 7819.5 17608 3310 2701 64224 791
leaf_count=59424 74884 41144 5321 58885 56484 28061 17310 1621 7818 17608 3310 2701 64223 791
internal_value=1.17116e-06 0.000285155 -0.000224937 -0.000101021 -0.000565448 -0.000248804 0.00067669 0.000117318 0.000149567 9.78901e-05 -0.000741778 -0.000475084 6.43743e-06 -0.00143938
internal_weight=439611 194866 244746 179448 65297 102956 58464 136402 131470 76493 4931 59185 72043.5 6112
internal_count=439585 194850 244735 179438 65297 102945 58454 136396 131465 76493 4931 59185 72041 6112
is_linear=0
shrinkage=0.03


Tree=20
num_leaves=15
num_cat=0
split_feature=45 79 30 18 51 30 53 20 18 51 44 53 10 23
split_gain=25.1625 17.3427 14.8779 7.21572 4.71119 4.67229 4.41676 4.32752 4.77848 4.0444 3.61657 3.59873 3.59421 3.61182
threshold=-1.0000000180025095e-35 625.50000000000011 0.51635000109672557 0.070244997739791884 0.41681109368801122 0.63214999437332164 -0.0025795127730816598 -0.023295000195503231 0.10384999960660936 0.33285437524318701 0.010041030123829843 0.0053043572697788486 -0.040225867182016366 2.3205000162124638
decision_type=2 8 10 8 10 10 2 10 10 10 2 2 8 10
left_child=2 3 9 6 -5 -4 10 8 11 12 -2 -3 -1 -14
right_child=1 7 5 4 -6 -7 -8 -9 -10 -11 -12 -13 13 -15
leaf_value=0.0010593318938848261 -0.00018686107668245528 -0.00088262748153029489 0.0004920185396258994 -0.00030994880048564353 -0.0012893584379175993 0.0010885595696100167 7.5801328289497124e-05 0.0012374291553005627 -0.0019326346361261647 -0.00059729934562580426 -0.0011004774489343661 0.00070740922569251892 0.00011268243286792194 -0.001155323601892858
leaf_weight=3545 24838 22446.5 51642.5 49771 4847 15326.5 132292 834 3838 7535 4621.5 1355 114830 2053
leaf_count=3545 24838 22439 51630 49771 4847 15326 132291 834 3838 7535 4620 1355 114826 2053
internal_value=1.20233e-05 -0.000190454 0.000266342 -9.88529e-05 -0.000396975 0.000628614 1.82212e-06 -0.000886393 -0.00095069 7.67319e-05 -0.000330348 -0.000791978 0.000118928 9.0362e-05
internal_weight=439775 244843 194932 216370 54618 66969 161752 28473.5 27639.5 127963 29459.5 23801.5 120428 116883
internal_count=439748 244833 194915 216367 54618 66956 161749 28466 27632 127959 29458 23794 120424 116879
is_linear=0
shrinkage=0.03


Tree=21
num_leaves=15
num_cat=0
split_feature=45 30 9 79 64 19 16 30 63 53 21 60 23 11
split_gain=26.0329 15.1601 14.0313 10.0223 6.55377 4.67924 4.01982 3.72486 3.46449 3.12236 3.39765 3.11763 3.02345 2.98952
threshold=0.00076097896089777361 0.55625000596046459 0.024942187592387203 283.50000000000006 0.88505318760871898 0.36484999954700476 -0.09983500093221663 0.63464999198913585 0.26638449728488928 0.0036521442234516148 0.58765000104904186 0.45560036599636083 1.29449999332428 0.40000240504741674
decision_type=2 10 8 8 10 10 8 10 2 2 10 2 10 8
left_child=1 5 -2 4 6 11 -4 -3 -6 10 13 -1 -7 -5
right_child=2 7 3 9 8 12 -8 -9 -10 -11 -12 -13 -14 -15
leaf_value=0.0002778250234673035 0.00015855473605441646 0.00052396106731282728 0.00018832580578479532 -0.0010656746574197662 -0.0014776776910138138 -0.00010033592779084732 -0.00025899870428413522 0.0010782760010560185 -0.00054478317067260459 -1.17381789451129e-06 -0.001907305155152495 3.8188419757710219e-07 -0.0010599459356169252 -0.00018415194386666453
leaf_weight=80124.5 64612.5 34101 22329 15560 4608 8209 94944 16054.5 16102.5 3082 3310 66873 4613 4456
leaf_count=80118 64612 34093 22329 15555 4607 8209 94944 16054 16102 3082 3310 66872 4613 4455
internal_value=5.21304e-06 0.000246477 -0.000216004 -0.000363221 -0.000260726 0.000103667 -0.000173823 0.000701484 -0.000752655 -0.000898613 -0.00101716 0.000151613 -0.000445856 -0.000869523
internal_weight=438979 209975 229004 164392 137984 159820 117273 50155.5 20710.5 26408 23326 146998 12822 20016
internal_count=438955 209959 228996 164384 137982 159812 117273 50147 20709 26402 23320 146990 12822 20010
is_linear=0
shrinkage=0.03


Tree=22
num_leaves=15
num_cat=0
split_feature=9 51 17 26 20 61 9 51 30 9 57 44 79 79
split_gain=22.5407 9.96456 8.50767 7.68628 7.35378 6.53899 5.30751 5.06595 4.93675 4.70496 3.87478 3.57391 3.37197 3.30006
threshold=0.03629774414002896 0.21164927631616595 37.555000305175788 0.15335000306367877 -0.27635000646114344 0.57659474015235912 0.05041198059916497 0.33285437524318701 0.56174999475479137 0.024344686418771747 -0.0041223186999559394 -0.0065596345812082282 76.500000000000014 87.500000000000014
decision_type=10 10 8 10 8 2 10 10 10 10 2 2 8 8
left_child=1 4 -2 6 12 8 10 -5 -6 -7 -4 -12 -1 -3
right_child=2 13 3 7 5 9 -8 -9 -10 -11 11 -13 -14 -15
leaf_value=-2.4911168506731185e-05 0.0002928826763343504 -0.00016746426097258657 7.0395272738969558e-05 -3.2267910262904164e-05 0.0003003480559850498 0.00034223654507020083 -0.0011233229628853367 -0.0011833983874178738 0.00070668823096614684 -9.878595730324088e-05 -0.00020664874690828289 -0.00079909727260104463 -0.0007190730216484971 -0.00095304294160820089
leaf_weight=30899 17163 42126 9271 42230 96045 37051 15183 3741 37387.5 52776 13553.5 28319 7905.5 5429
leaf_count=30899 17163 42126 9271 42230 96037 37049 15183 3741 37382 52774 13553 28318 7901 5428
internal_value=3.27421e-06 0.000142265 -0.000329131 -0.000424206 0.000214764 0.000281017 -0.000630824 -0.000126062 0.000414226 8.31318e-05 -0.00048452 -0.000607378 -0.000166405 -0.000257239
internal_weight=439080 309619 129460 112298 262064 223260 66326.5 45971 133432 89827 51143.5 41872.5 38804.5 47555
internal_count=439055 309596 129459 112296 262042 223242 66325 45971 133419 89823 51142 41871 38800 47554
is_linear=0
shrinkage=0.03


Tree=23
num_leaves=15
num_cat=0
split_feature=45 9 24 58 9 79 79 51 18 60 13 50 22 79
split_gain=24.9738 15.5029 12.2318 6.64085 5.95328 4.9653 4.70317 4.51047 4.26858 3.80047 3.52958 3.09601 3.03707 3.01861
threshold=-1.0000000180025095e-35 0.035261457785964019 0.96825000643730175 0.010811974294483663 0.022747864015400413 77.500000000000014 283.50000000000006 0.33285437524318701 -0.07483500242233275 0.47876848280429846 0.2500003874301911 -0.012636557221412657 0.16055000573396686 259.50000000000006
decision_type=2 10 8 2 10 8 8 10 8 2 8 2 8 8
left_child=2 4 9 6 12 -6 -3 11 -5 -1 13 -4 -2 -11
right_child=1 3 7 8 5 -7 -8 -9 -10 10 -12 -13 -14 -15
leaf_value=0.00063981145959909674 -0.00032013734271920335 -0.00064652433780644134 0.0012914480741118438 0.00024842063571479521 -7.5086268311131646e-05 -0.00064669931255488425 -0.0014341746699074983 -0.00084395300770093455 -0.00045547800779973963 0.00014345722462885015 0.00055131273146271688 2.9418700322007144e-05 0.0003365144018657862 -0.00088995196586786273
leaf_weight=57822.5 7450 27636 1781 10049 98055.5 15889 9064 5322 33900 19979 20870.5 85541 42374 2910
leaf_count=57812 7450 27636 1781 10049 98054 15882 9063 5322 33900 19978 20869 85539 42374 2910
internal_value=-1.09856e-06 -0.000202885 0.000252831 -0.000543339 -3.5214e-05 -0.00015482 -0.000841224 3.53421e-06 -0.000294521 0.000480182 0.000269204 5.52312e-05 0.000238305 1.19088e-05
internal_weight=438644 244418 194226 80649 163768 113944 36700 92644 43949 101582 43759.5 87322 49824 22889
internal_count=438619 244408 194211 80648 163760 113936 36699 92642 43949 101569 43757 87320 49824 22888
is_linear=0
shrinkage=0.03


Tree=24
num_leaves=15
num_cat=0
split_feature=45 9 30 79 64 20 3 58 50 17 60 79 9 54
split_gain=23.9621 14.3794 11.0109 6.94829 5.628 5.0722 4.71676 4.2603 4.19729 4.07859 4.01975 3.65832 3.40839 3.36794
threshold=0.00076097896089777361 0.030394762754440311 0.50124999880790722 89.500000000000014 0.92688494920730602 -0.022265000268816944 -0.0064215001184493295 0.010771177709102632 -0.0091118612326681597 37.555000305175788 0.91142535209655773 72.500000000000014 0.045322362333536155 0.0039561179000884303
decision_type=2 10 10 8 10 10 10 2 2 8 2 8 10 2
left_child=2 11 10 4 9 7 -4 -5 -6 -3 -1 -2 -11 -10
right_child=1 3 6 5 8 -7 -8 -9 13 12 -12 -13 -14 -15
leaf_value=8.9348800093181878e-05 8.2498001800994882e-05 0.00031486159839549434 0.00065056637228532788 -0.0013596554888241903 -0.0036132442993083778 0.0011677525620738009 0.00015629822446021872 -0.00056322759713002351 -0.0012945073597149211 -0.000220204198610132 -0.00070282508398428407 -0.00043662907642246971 -0.00072062546362477759 -2.0104220080011635e-05
leaf_weight=122802.5 100318 9993 56246.5 12773.5 533 1025 25149 11494 5717 54479.5 6044 13906.5 15801 2770
leaf_count=122798 100317 9993 56241 12769 533 1025 25144 11494 5717 54479 6044 13906 15801 2770
internal_value=-6.47863e-06 -0.000218922 0.000224727 -0.000456362 -0.000331997 -0.000895271 0.00049787 -0.000982631 -0.00104231 -0.000252121 5.21633e-05 1.92794e-05 -0.000332756 -0.000878822
internal_weight=439052 228810 210242 114586 89293.5 25292.5 81395.5 24267.5 9020 80273.5 128846 114224 70280.5 8487
internal_count=439031 228804 210227 114581 89293 25288 81385 24263 9020 80273 128842 114223 70280 8487
is_linear=0
shrinkage=0.03


Tree=25
num_leaves=15
num_cat=0
split_feature=45 9 24 79 66 9 13 68 13 61 79 24 20 14
split_gain=22.0947 14.7349 10.706 9.64069 5.89949 4.80842 4.54139 4.41481 3.5296 3.19604 3.17678 3.08766 3.08158 2.87965
threshold=-1.0000000180025095e-35 0.025134735740721229 0.9556500017642976 91.500000000000014 0.71888476610183727 0.049915833398699767 0.4538544118404389 0.0042450642213225373 0.25266790390014654 0.78458413481712352 309.50000000000006 1.4794999957084658 -0.26674999296665186 -0.11514999717473982
decision_type=2 10 8 8 8 10 8 2 8 2 8 10 8 8
left_child=2 12 6 4 7 -6 10 9 13 -3 -1 -4 -2 -5
right_child=1 3 11 8 5 -7 -8 -9 -10 -11 -12 -13 -14 -15
leaf_value=0.00041379933450939974 -0.00035384908199476199 -8.7456390429331413e-05 9.9203628241118354e-05 0.0014925971002113785 -0.00040832197050041268 -0.0013772665990528456 0.00084099777378856329 0.00015120292771591236 -0.00044624662105421486 -0.00054204886246488212 -0.00020671169915459638 -0.00031419732005545751 0.00023900821267518221 -0.0011284943894132422
leaf_weight=69694 9002.5 35307 74260.5 381 37512.5 5252 21407 37316 14047.5 22975 8308 20813.5 63662 18424
leaf_count=69689 9002 35307 74257 381 37511 5252 21402 37316 14046 22975 8307 20813 63662 18419
internal_value=-2.20452e-06 -0.000192399 0.000236296 -0.00034431 -0.0002346 -0.000527467 0.000453965 -0.000103569 -0.000806262 -0.00026669 0.0003477 8.69056e-06 0.000165539 -0.00107501
internal_weight=438362 243880 194483 171215 138362 42764.5 99409 95598 32852.5 58282 78002 95074 72664.5 18805
internal_count=438339 243871 194468 171207 138361 42763 99398 95598 32846 58282 77996 95070 72664 18800
is_linear=0
shrinkage=0.03


Tree=26
num_leaves=15
num_cat=0
split_feature=45 9 24 58 9 18 16 79 54 79 18 24 20 8
split_gain=20.3576 13.9496 11.9478 6.53904 5.58635 4.94032 3.86427 3.80538 3.80545 3.64984 3.36481 3.27661 3.14344 3.05531
threshold=-1.0000000180025095e-35 0.035261457785964019 0.81264999508857738 0.010198435280472042 0.02167436666786671 -0.076614998281002031 0.24784999340772632 625.50000000000011 0.00295763579197228 69.500000000000014 0.18055000156164172 1.3435000181198122 -0.01930500008165836 -0.001952499966137111
decision_type=2 10 8 2 10 8 10 8 2 8 10 10 10 10
left_child=2 4 10 9 -2 -5 11 8 -6 -3 13 -4 -11 -1
right_child=1 3 6 5 7 -7 -8 -9 -10 12 -12 -13 -14 -15
leaf_value=0.00067243813547563866 0.00029586448788655327 -0.00064084167178750275 0.00022545774705887012 0.0002481907169383459 -0.00021922490012020823 -0.00045165428674786884 -0.00038483902660058582 -0.00064403712690643911 0.00013111545630698572 -0.0015150168218341538 -0.00054150630095815291 -0.0001474580555648568 0.0015045384183435494 0.00011191566215355348
leaf_weight=58655.5 40306 18574 78998 11544 60950.5 42446 15242 10973 51458 7974 2451 28981.5 319 10289.5
leaf_count=58650 40306 18574 78993 11544 60949 42445 15242 10967 51458 7974 2451 28981 319 10287
internal_value=1.22158e-05 -0.000169998 0.000241173 -0.000492368 -1.07458e-05 -0.000302006 6.22423e-05 -0.000110917 -5.88485e-05 -0.000874778 0.000549961 0.000125366 -0.00139803 0.000588799
internal_weight=439162 244544 194618 80857 163688 53990 123222 123382 112408 26867 71396 107980 8293 68945
internal_count=439140 244536 194604 80856 163680 53989 123216 123374 112407 26867 71388 107974 8293 68937
is_linear=0
shrinkage=0.03


Tree=27
num_leaves=15
num_cat=0
split_feature=9 79 18 20 12 62 64 70 57 11 57 53 14 22
split_gain=15.7809 8.64495 6.72715 6.20681 5.60825 5.06686 4.80454 4.39037 3.90094 3.77334 3.5735 3.34752 2.82927 2.79197
threshold=0.027973058633506302 719.50000000000011 0.11545000225305559 -0.27635000646114344 0.27383728325366979 0.7925899624824525 0.64017713069915783 0.0036912850337103014 0.0028723439900204544 -0.36291879415512079 -0.0022750911302864547 0.0037545531522482638 -0.092059999704360948 0.164950005710125
decision_type=10 8 8 8 10 2 10 2 2 8 2 2 8 10
left_child=3 2 5 13 9 10 7 11 -4 12 -2 -5 -3 -1
right_child=1 4 8 6 -6 -7 -8 -9 -10 -11 -12 -13 -14 -15
leaf_value=-0.00078651667472977814 0.00032197777738186427 0.0012414526057290731 -0.00023486616183771919 0.00053534775214512833 -0.00098187557364799553 -0.00031244985196303551 3.8570969676930336e-05 2.598279699058015e-05 -0.00086697557280803026 0.00025222430551953703 -1.9521073888860591e-05 -0.00026027135019731832 -0.00075953077962892654 -4.9483778729089412e-05
leaf_weight=6510 37648 679 26601 78675 17293.5 39550.5 54200 23866.5 13120 8147 103060.5 5063 9148.5 15954
leaf_count=6508 37644 679 26601 78668 17289 39549 54199 23866 13120 8146 103059 5063 9147 15954
internal_value=-7.52719e-06 -0.000160263 -9.03495e-05 0.00020404 -0.000596265 -1.24685e-05 0.000268916 0.000384932 -0.000443737 -0.000225094 7.18586e-05 0.00048723 -0.000620718 -0.000263201
internal_weight=439516 255248 219980 184268 35268 180259 161804 107604 39721 17974.5 140708 83738 9827.5 22464
internal_count=439492 255234 219973 184258 35261 180252 161796 107597 39721 17972 140703 83731 9826 22462
is_linear=0
shrinkage=0.03


Tree=28
num_leaves=15
num_cat=0
split_feature=9 64 12 65 17 52 50 50 64 27 20 26 50 67
split_gain=16.1063 8.94852 7.8959 7.17721 6.79198 4.2902 4.48419 4.21603 4.76006 4.1661 3.94035 3.7749 3.02683 3.21075
threshold=0.036768091842532165 0.63209992647171032 0.44680987298488622 0.32332947850227362 37.555000305175788 4.7956326007843026 -0.010099793784320353 -0.00053992934408597637 0.91946139931678783 15.364999771118166 -0.26915000379085535 0.094349998980760588 0.0037832322996109728 -0.0058072558604180804
decision_type=10 10 10 10 8 10 2 2 10 8 8 10 2 2
left_child=1 3 4 -1 -2 6 -6 8 -3 -4 -5 -8 13 -12
right_child=2 7 9 10 5 -7 11 -9 -10 -11 12 -13 -14 -15
leaf_value=0.00049239616895568178 0.00047440075211073332 -0.00014738498540983096 -0.0012183065055417599 -0.00026759589172152635 0.00077906194375300939 -0.0015387047448205016 -0.00072423465482450444 7.6353596153691468e-05 -0.00086555505924678906 -0.00045248281318254342 -0.00020016118400926404 -0.00017102664227354003 -0.00023405526882748284 0.00030605847762992108
leaf_weight=67937.5 13369 41037 9958 20608 3861 2271 13460 60700.5 10410 17872.5 12949.5 63270 13753 87114
leaf_count=67929 13369 41034 9957 20606 3861 2271 13460 60698 10410 17872 12949 63270 13753 87110
internal_value=7.78435e-06 0.000121967 -0.000281675 0.000241092 -0.000152948 -0.000254188 -0.000217898 -9.29863e-05 -0.000292772 -0.000726671 0.00011407 -0.000268111 0.000183185 0.00024054
internal_weight=438571 314510 124062 202362 96231 82862 80591 112148 51447 27830.5 134424 76730 113816 100064
internal_count=438549 314489 124060 202347 96231 82862 80591 112142 51444 27829 134418 76730 113812 100059
is_linear=0
shrinkage=0.03


Tree=29
num_leaves=15
num_cat=0
split_feature=45 32 24 18 13 54 51 74 45 80 63 67 22 51
split_gain=18.0845 9.42399 8.31587 5.87361 5.47948 4.57532 4.29942 3.74472 3.46474 3.08437 2.86742 2.83705 2.8344 3.52923
threshold=-0.0030314257601276036 -0.087384998798370347 0.91535001993179332 0.068165000528097167 0.25266790390014654 0.0022229132009670143 0.10263139382004739 1.0000000180025095e-35 0.0033564384793862705 6.5000000000000009 0.33799555897712713 -0.0018664204399101434 -0.062105000019073479 0.33285437524318701
decision_type=2 10 10 10 8 2 10 2 2 8 2 2 10 10
left_child=2 4 6 5 9 -3 10 8 -5 -2 -1 -7 -4 -14
right_child=1 3 12 7 -6 11 -8 -9 -10 -11 -12 -13 13 -15
leaf_value=0.00094605892380501615 8.1178051506951022e-05 -0.0001216382250197342 0.0011070186884618099 -4.0023866511694326e-05 -0.00014839774185075523 -6.3735378394584748e-05 0.00023281438988006939 0.00081488947740952777 -0.00054932126070113968 -0.00078245605725424307 0.00044298507955482672 0.00030315310416863879 7.2049580283999198e-05 -0.00078623659761829421
leaf_weight=21141 4183 79479.5 2211 18693 30841 27301 30552.5 2522 33685 33683.5 19725 62137 68372 4597
leaf_count=21137 4183 79477 2211 18693 30838 27301 30550 2522 33685 33678 19720 62137 68368 4597
internal_value=-1.68996e-06 -0.00013798 0.00027026 -4.36325e-05 -0.000445294 4.39837e-05 0.000502071 -0.000313191 -0.000367581 -0.000687055 0.000703322 0.000191163 5.0029e-05 1.79279e-05
internal_weight=439124 292525 146598 223818 68707.5 168918 71418.5 54900 52378 37866.5 40866 89438 75180 72969
internal_count=439097 292514 146583 223815 68699 168915 71407 54900 52378 37861 40857 89438 75176 72965
is_linear=0
shrinkage=0.03


Tree=30
num_leaves=15
num_cat=0
split_feature=45 9 30 64 13 63 73 18 3 32 10 14 46 24
split_gain=18.6459 10.4344 8.87458 5.77951 4.9176 4.16068 4.08384 3.93244 3.61266 3.57567 3.23457 3.20542 3.5122 3.14851
threshold=0.0004626013978850097 0.025134735740721229 0.53264999389648449 0.88100481033325206 0.25685936212539678 0.71033143997192394 1.0000000180025095e-35 0.20255000144243243 -0.0064215001184493295 inf -0.040225867182016366 -0.0043345000594854346 0.73266372084617626 1.4794999957084658
decision_type=2 10 10 10 8 2 2 10 10 8 8 8 10 10
left_child=2 -2 7 4 9 11 -7 10 -4 -3 -1 -5 -13 -12
right_child=1 3 8 5 -6 6 -8 -9 -10 -11 13 12 -14 -15
leaf_value=0.00090313792799516187 0.00013097759875327263 -0.00027211599623035273 0.0006624292635157051 -0.00037820325670110918 -3.9791734686066987e-05 0.0007026843829940298 -0.00061010334775201379 -0.00073815023212060358 0.00015847226945522633 -0.00074321993541232121 0.00014583686268485033 -0.00094141869590526556 -0.0021835159590270136 -0.0002749975547679664
leaf_weight=4516 69162.5 54455 43561.5 3667 64706.5 2625 11283.5 5048 18135 19763 114839.5 5136 3420 18585.5
leaf_count=4516 69162 54455 43555 3667 64704 2625 11283 5048 18130 19759 114835 5136 3419 18585
internal_value=4.44424e-06 -0.000178348 0.00021361 -0.000307963 -0.000230954 -0.000717243 -0.000362173 8.38457e-05 0.000514322 -0.000397605 0.000113953 -0.00112096 -0.00143889 8.72084e-05
internal_weight=438904 234218 204686 165056 138924 26131.5 13908.5 142989 61696.5 74218 137941 12223 8556 133425
internal_count=438879 234210 204669 165048 138918 26130 13908 142984 61685 74214 137936 12222 8555 133420
is_linear=0
shrinkage=0.03


Tree=31
num_leaves=15
num_cat=0
split_feature=45 79 30 9 54 44 6 14 60 50 24 20 50 20
split_gain=17.5004 11.4208 9.95904 6.67287 4.86989 3.38188 3.35993 3.24419 3.0516 3.46891 3.30692 3.03277 2.9784 2.79261
threshold=-0.00047710661601740861 76.500000000000014 0.51635000109672557 0.023357570171356205 0.0035045807017013435 -0.019116121344268319 -0.0022524999221786852 -0.030334999784827229 0.91142535209655773 -0.017539664171636101 0.73874998092651378 -0.022265000268816944 -0.00064054547692649056 -0.31845000386238093
decision_type=2 8 10 10 2 2 10 8 2 2 8 10 2 10
left_child=2 3 8 7 5 -5 13 -2 9 -1 -11 -3 -6 -4
right_child=1 11 6 4 12 -7 -8 -9 -10 10 -12 -13 -14 -15
leaf_value=0.001976491294698375 -0.00048262579943949939 -0.00065136447270762053 -0.00012621810085410056 -0.0034679574867492956 -0.00023125291056746281 -0.00029822894406111465 0.0001790649107295679 0.00030349073511508389 -0.00062061193436503789 0.00040842197016010873 4.1996661357332157e-06 0.00066668357298127305 0.00019152046673290415 0.00073037190620408123
leaf_weight=871 5250 42224.5 3727 299 24020 90933.5 18214.5 46855 5602 22525 95102.5 1628 39906 42128.5
leaf_count=871 5250 42217 3727 299 24020 90933 18210 46855 5602 22524 95099 1628 39906 42123
internal_value=1.36083e-06 -0.000162549 0.0002201 -6.94821e-05 -0.000168125 -0.000308807 0.000523832 0.000224244 6.32752e-05 9.56307e-05 8.162e-05 -0.000602362 3.2659e-05 0.000660745
internal_weight=439286 251116 188170 207264 155158 91232.5 64070 52105 124100 118498 117628 43852.5 63926 45855.5
internal_count=439264 251108 188156 207263 155158 91232 64060 52105 124096 118494 117623 43845 63926 45850
is_linear=0
shrinkage=0.03


Tree=32
num_leaves=15
num_cat=0
split_feature=45 9 30 79 18 63 3 54 43 13 20 10 51 24
split_gain=14.3853 11.686 9.62454 9.12033 4.7941 4.87171 4.66017 4.09766 4.07949 3.40475 3.10415 3.03593 3.07769 3.01926
threshold=-0.0015367306186817584 0.024446758441627029 0.49275000393390661 605.50000000000011 0.066014997661113753 0.16933350265026095 -0.0064215001184493295 0.0032365517690777783 0.0095695876516401785 0.23184008151292804 -0.25744999945163721 -0.040225867182016366 0.11560673266649248 0.91535001993179332
decision_type=2 10 10 8 8 2 10 2 2 8 8 8 10 10
left_child=2 10 8 4 7 -6 13 -3 11 -5 -2 -1 -13 -4
right_child=1 3 6 9 5 -7 -8 -9 -10 -11 -12 12 -14 -15
leaf_value=0.00091824846139870113 -0.00032168739018425976 -0.00024249315021779947 0.00079233466983175637 -0.0011174640677504546 -0.0012260473024997673 -0.00032214982944237452 0.00011608587843164709 0.00011802189915162548 -0.00089759269923315316 -0.00042846307516588466 0.00024597562878654947 0.00018085255663643395 -0.00016300877804045855 0.00024048400596894006
leaf_weight=3573 9997 63150.5 34587 13752.5 6059 46730 21506.5 51519 4165 12179 65107 52712 42157 12032
leaf_count=3573 9996 63148 34582 13750 6059 46730 21502 51519 4165 12177 65107 52709 42157 12031
internal_value=-1.02807e-05 -0.000147188 0.000205017 -0.000270525 -0.00018944 -0.000426003 0.000481434 -8.0522e-05 2.14766e-05 -0.000794013 0.000170398 6.04053e-05 2.80501e-05 0.000649947
internal_weight=439226 268494 170732 193390 167458 52789 68125.5 114670 102607 25931.5 75104 98442 94869 46619
internal_count=439205 268486 170719 193383 167456 52789 68115 114667 102604 25927 75103 98439 94866 46613
is_linear=0
shrinkage=0.03


Tree=33
num_leaves=15
num_cat=0
split_feature=45 9 24 18 9 51 64 13 9 26 12 68 63 16
split_gain=15.2179 15.1601 8.39491 6.04145 6.00382 5.31871 4.94919 4.46383 4.24336 4.29717 3.5189 3.29376 2.93418 2.69213
threshold=-0.0033712225267663594 0.036153299733996398 0.62985000014305126 0.018184999935328964 0.017251007258892063 0.05460633151233197 0.92323201894760143 0.25266790390014654 0.050959581509232528 0.21985000371932986 0.53129756450653087 -1.0000000180025095e-35 0.63557440042495739 0.22424999624490741
decision_type=2 10 8 8 8 10 10 10 10 10 10 2 2 10
left_child=2 4 -1 -3 -2 -4 7 -6 9 -5 13 -9 -8 -7
right_child=1 3 5 8 6 10 12 11 -10 -11 -12 -13 -14 -15
leaf_value=0.00073073413260015397 0.00058164536239698849 -0.00017895717524915971 0.00061067213524834186 -0.00064675628892591473 -0.00013619351749087632 0.00019323348521013966 -0.0010374515221681288 -0.00028306864593056829 -0.0011760346303312974 0.0003523311182893089 -0.0004208987361729902 0.00023561164435550945 -0.00018955959130640448 -0.00028027997722357417
leaf_weight=26790.5 15356 37711 18234 31329 93257.5 71296.5 6505 12875 11965 4418 12343 76272 8436 12732
leaf_count=26786 15355 37710 18232 31329 93251 71292 6504 12874 11965 4418 12343 76271 8436 12732
internal_value=-3.63994e-06 -0.00012521 0.000252679 -0.000462773 1.03657e-05 0.000140901 -3.41008e-05 8.90347e-06 -0.000687056 -0.000523246 5.19904e-05 0.00016069 -0.000558938 0.000121474
internal_weight=439520 298124 141396 85423 212702 114606 197346 182404 47712 35747 96371.5 89147 14941 84028.5
internal_count=439498 298113 141385 85422 212691 114599 197336 182396 47712 35747 96367 89145 14940 84024
is_linear=0
shrinkage=0.03


Tree=34
num_leaves=15
num_cat=0
split_feature=45 9 30 12 54 24 9 53 53 58 54 45 12 25
split_gain=14.0869 9.78855 9.286 5.65161 5.32149 4.87409 4.62377 3.80193 3.16116 2.78636 2.72482 2.66131 2.61201 2.60718
threshold=-1.0000000180025095e-35 0.027973058633506302 0.61594998836517345 0.53129756450653087 0.0050076465122401723 0.69564998149871837 0.05041198059916497 0.00022366485063685107 0.0053043572697788486 0.010771177709102632 0.00097571304650045942 -0.010256193112581967 0.5000002682209016 -0.084740001708269105
decision_type=2 10 10 10 2 10 10 2 2 2 2 2 10 8
left_child=2 10 3 5 6 -1 7 12 11 -8 -2 -4 -3 -12
right_child=1 4 8 -5 -6 -7 9 -9 -10 -11 13 -13 -14 -15
leaf_value=0.0004783443715909008 -0.00017837002786722379 -0.00042898320330102122 0.0014829669952585159 -0.00032588944691715877 -5.530533921459913e-06 8.3976028697955359e-05 -0.0014508834793592691 -0.00015156191041961785 -0.0012936805680868646 -0.00056841227952502153 -0.0011544839135457466 0.00066441222576025096 -0.00099874143597465464 0.00019317080335674931
leaf_weight=37497 28337 39053 4695 22696.5 37108 113791 5669 45353 629 7472 1311 15022.5 8891.5 71014
leaf_count=37493 28337 39051 4695 22696 37108 113784 5669 45350 629 7472 1311 15020 8891 71011
internal_value=-4.16718e-06 -0.000155841 0.000186435 0.000115506 -0.000314888 0.000181734 -0.000422735 -0.000348491 0.000792777 -0.000949516 7.0968e-05 0.000859648 -0.00053474 0.000168664
internal_weight=438540 244208 194331 173984 143546 151288 106438 93297.5 20346.5 13141 100662 19717.5 47944.5 72325
internal_count=438517 244200 194317 173973 143541 151277 106433 93292 20344 13141 100659 19715 47942 72322
is_linear=0
shrinkage=0.03


Tree=35
num_leaves=15
num_cat=0
split_feature=45 21 24 68 60 17 21 51 14 46 64 63 21 62
split_gain=12.2246 8.85655 7.12352 4.95857 4.18712 3.75434 4.20483 3.58578 3.30764 3.35064 2.99698 3.58644 2.77655 2.69027
threshold=-0.0029189565684646364 0.32324999570846563 0.66824999451637279 -1.0000000180025095e-35 0.84257289767265331 38.895000457763679 0.5977500081062318 0.10473068803548814 -0.092059999704360948 0.81075525283813488 0.8198625147342683 0.2257436886429787 0.1641499996185303 0.80439612269401561
decision_type=2 8 8 2 2 8 10 10 8 10 10 2 10 2
left_child=2 3 -1 13 12 -3 10 -4 9 -9 -7 -12 -5 -2
right_child=1 5 7 4 -6 6 -8 8 -10 -11 11 -13 -14 -15
leaf_value=0.00060268654966718325 -0.0001595041786443188 0.00012851159143696089 0.00027361265122438687 0.00052102442608206365 -0.00029307680590311857 -0.00023023785616741539 -0.00092668119269091569 0.00023176192891958733 -0.00010950127019768714 0.002507301202961755 -0.0014249371544128508 -0.00043457065793068726 9.4597249001725017e-05 -0.00082040811063141062
leaf_weight=32780 17009 14508 56037.5 15702 22906 72298 11531 1786 56659 860 4210 15050.5 109896 8220.5
leaf_count=32773 17009 14507 56031 15702 22906 72294 11531 1786 56657 860 4210 15050 109893 8219
internal_value=-9.43283e-06 -0.000122256 0.000212467 1.38329e-05 7.98967e-05 -0.000323299 -0.000386887 0.000101546 -6.10501e-05 0.000974689 -0.000318857 -0.000651361 0.000147927 -0.000374966
internal_weight=439454 291331 148122 173734 148504 117598 103090 115342 59305 2646 91558.5 19260.5 125598 25229.5
internal_count=439428 291321 148107 173729 148501 117592 103085 115334 59303 2646 91554 19260 125595 25228
is_linear=0
shrinkage=0.03


Tree=36
num_leaves=15
num_cat=0
split_feature=60 30 70 79 18 14 61 55 30 43 64 49 54 16
split_gain=10.8254 9.89893 6.74977 5.22491 4.72831 4.5128 4.33839 3.44257 3.68433 3.41107 3.38997 4.07217 3.2561 3.40986
threshold=0.85401818156242382 0.52994999289512645 0.0040652200113981971 625.50000000000011 0.09271500259637834 -0.083135001361370073 0.92688494920730602 0.6185806691646577 0.6488499939441682 -0.021318630315363404 0.93086332082748424 0.69233858585357677 0.0028099942719563846 -0.10895000025629996
decision_type=2 10 2 8 8 10 2 2 10 2 10 8 2 8
left_child=1 3 7 6 10 -5 12 8 -3 -8 -2 -12 -1 -14
right_child=4 2 -4 5 -6 -7 9 -9 -10 -11 11 -13 13 -15
leaf_value=-4.2998124617398571e-05 -9.3738754638619622e-05 0.00043279404420583644 -6.7969469073692146e-05 0.00027134486467883371 -0.00080355794333118703 -0.00059637489825590151 0.0012713359153928021 -3.1389222148595106e-05 0.0010147658958639832 -0.00055778170254361457 -0.0012305791020899438 0.00016737017129026484 0.00064459838470327273 0.00011565908490572951
leaf_weight=130223 40552 55506 31045.5 6971 15838 23805.5 970 11249 11888 15667.5 5529 2835 12881 73759
leaf_count=130219 40549 55496 31045 6971 15838 23798 970 11249 11888 15666 5529 2835 12881 73759
internal_value=4.99476e-06 6.70068e-05 0.000306579 -3.24318e-05 -0.000353113 -0.000399821 1.59993e-05 0.000454432 0.000535519 -0.000450791 -0.000207201 -0.000756924 5.18205e-05 0.000194331
internal_weight=438720 373966 109688 264277 64754 30776.5 233500 78643 67394 16637.5 48916 8364 216863 86640
internal_count=438693 373942 109678 264264 64751 30769 233495 78633 67384 16636 48913 8364 216859 86640
is_linear=0
shrinkage=0.03


Tree=37
num_leaves=15
num_cat=0
split_feature=79 18 70 30 12 11 9 79 24 60 13 49 20 53
split_gain=11.2828 9.3439 6.81395 6.11097 5.96523 6.94163 4.45182 3.81544 3.25954 2.98757 3.04877 2.92897 2.94629 2.85849
threshold=89.500000000000014 0.11545000225305559 0.0036912850337103014 0.59635001420974743 0.26140856742858892 -0.10901256650686263 0.050959581509232528 1.5000000000000002 1.0814999938011172 0.88123330473899852 0.5592656433582307 0.095487292855978026 -0.43694999814033503 0.0037545531522482638
decision_type=8 8 2 10 10 8 10 8 10 2 10 10 10 2
left_child=1 2 3 7 5 -2 -3 -1 -7 10 -6 -9 -13 -5
right_child=4 6 -4 13 9 8 -8 11 -10 -11 -12 12 -14 -15
leaf_value=-0.00062127513834825702 -0.00040149807001531264 -0.00022175868061337833 -0.0001019013523873748 0.00064288916116677134 -0.00056902615454225642 0.00084047153560527646 -0.0010530377350048972 0.00045091104354816764 -0.00018311740971904315 -0.0012345035204120896 0.00093467067529232159 -0.00046960577773958324 0.00013997437597869681 -0.00038118085735441327
leaf_weight=5798 21252 36505.5 93391 32524 28047.5 8187 6889 26726 4251.5 6085.5 1264 7468 158334.5 2650
leaf_count=5798 21250 36505 93389 32518 28044 8186 6889 26725 4250 6084 1264 7468 158331 2650
internal_value=-5.90579e-06 5.9762e-05 0.000114671 0.000201291 -0.000357842 -7.2085e-05 -0.000353833 0.000136651 0.000490674 -0.000629774 -0.000504034 0.000159491 0.000112505 0.000565693
internal_weight=439374 370286 326892 233500 69087.5 33690.5 43394.5 198326 12438.5 35397 29311.5 192528 165802 35174
internal_count=439351 370273 326879 233490 69078 33686 43394 198322 12436 35392 29308 192524 165799 35168
is_linear=0
shrinkage=0.03


Tree=38
num_leaves=15
num_cat=0
split_feature=45 9 24 26 9 48 79 39 10 54 24 19 31 79
split_gain=11.4852 9.97406 6.53694 5.44765 5.24466 3.9425 3.23574 3.08711 3.00089 3.62346 2.84933 2.95991 2.97252 2.78958
threshold=-0.0033712225267663594 0.035998759791255004 0.63475000858306896 0.10045000165700914 0.021210201084613804 -0.52674660086631764 719.50000000000011 0.045095000416040427 -0.052807155996561043 0.002193923457525671 1.4794999957084658 0.29934999346733099 0.80134999752044689 707.50000000000011
decision_type=2 10 8 10 10 10 8 8 10 2 10 10 8 8
left_child=2 4 -1 -3 -2 -6 -7 13 9 -9 11 -4 -13 -5
right_child=1 3 10 7 5 6 -8 8 -10 -11 -12 12 -14 -15
leaf_value=0.00063623003676379828 0.00027596361393537682 -0.00083625850393259453 0.00023855752296391845 -0.00027217502066626692 -0.0016858551779270607 -2.4410358201990677e-05 -0.00051019813960346758 0.0066611324953846631 4.5180347837399195e-05 0.00070334538279425796 -0.00025190438102957883 -0.0017053124374216727 -0.00011344142622188701 -0.00087870212620108645
leaf_weight=27436.5 48829 18441 87288.5 44508 1357 147735.5 13460 130 15225 292 15910 1183 9490.5 8058
leaf_count=27431 48828 18441 87281 44508 1357 147734 13453 130 15225 292 15910 1183 9490 8057
internal_value=-2.17174e-06 -0.000107789 0.000220584 -0.000378838 3.33066e-06 -7.85713e-05 -6.49887e-05 -0.000255124 0.000114761 0.00259519 0.000120414 0.000180892 -0.000290593 -0.000365226
internal_weight=439344 298036 141308 86654 211382 162552 161196 68213 15647 422 113872 97962 10673.5 52566
internal_count=439320 298025 141295 86653 211372 162544 161187 68212 15647 422 113864 97954 10673 52565
is_linear=0
shrinkage=0.03


Tree=39
num_leaves=15
num_cat=0
split_feature=45 30 79 14 54 58 30 19 24 13 53 11 36 79
split_gain=12.3037 7.89374 6.65833 5.6065 3.92949 3.50524 3.39525 3.24624 3.09685 3.04106 2.82674 2.78501 2.46976 2.30377
threshold=-1.0000000180025095e-35 0.49275000393390661 778.50000000000011 0.09311500191688539 0.0029316124273464088 0.010723556391894819 0.62954998016357433 0.37385000288486486 0.57375001907348644 0.011279710102826359 -0.0025795127730816598 0.14366613328456881 -0.017475000582635399 1301.5000000000002
decision_type=2 10 8 8 2 2 10 10 10 10 2 8 8 10
left_child=1 7 3 4 10 8 -3 -1 11 -9 -2 -4 -11 -14
right_child=2 6 5 -5 -6 -7 -8 9 -10 12 -12 -13 13 -15
leaf_value=7.48770551276901e-05 -0.00049094839946901793 0.00031557860429022334 -0.0007323189845777683 -0.00075136256008250207 9.0813068772773784e-05 -0.00018421548421180872 0.00080472156300455248 0.0015781116698734203 -0.0011331081739457865 -0.0026809460547120843 -9.770408726926103e-05 0.00094094902568799801 -0.00041158767398990316 -0.0029662066834386098
leaf_weight=105612 20219.5 63151 2604 10676 98342 11346 16009.5 598 11312 491 88205 1358 8668 325
leaf_count=105608 20218 63141 2604 10676 98342 11346 16008 598 11304 491 88204 1358 8668 325
internal_value=5.95822e-06 0.000183719 -0.000135964 -8.11312e-05 -4.65077e-05 -0.000583757 0.000414548 2.57703e-05 -0.000880391 -0.00048842 -0.000171057 -0.000158333 -0.000619485 -0.000505507
internal_weight=438917 194854 244062 217442 206766 26620 79160.5 115694 15274 10082 108424 3962 9484 8993
internal_count=438891 194839 244052 217440 206764 26612 79149 115690 15266 10082 108422 3962 9484 8993
is_linear=0
shrinkage=0.03


Tree=40
num_leaves=15
num_cat=0
split_feature=45 9 30 53 79 9 30 19 26 15 13 79 79 68
split_gain=10.4526 10.4642 7.17125 5.42022 4.98051 4.42547 4.37127 3.94821 3.56612 3.49654 3.42508 3.03788 3.02658 2.91242
threshold=-0.0033712225267663594 0.03540687449276448 0.42165000736713415 0.0037545531522482638 745.50000000000011 0.022217212244868282 0.63214999437332164 0.37385000288486486 0.15474999696016314 0.087425000965595259 0.4975579977035523 87.500000000000014 1.0000000180025095e-35 0.0011738312314264478
decision_type=2 10 8 2 8 10 10 10 10 8 8 8 10 2
left_child=2 5 7 4 8 -2 10 12 9 -3 -4 13 -1 -7
right_child=1 3 6 -5 -6 11 -8 -9 -10 -11 -12 -13 -14 -15
leaf_value=-0.001134009236828824 0.000228141228342734 -0.00031103745096557202 0.00020175462062832202 0.00020491254313819229 -0.00097833264621739616 -0.00022679583609815435 0.00094288863246582636 -0.00088024064330569215 -8.6275522367928193e-05 -0.00089596488441678836 0.00072369942418094261 -0.00043061049389701427 5.7347270774680189e-05 7.6592683247785065e-05
leaf_weight=2010 59876 23634 69971.5 12545 14052 42826.5 10238.5 5129 26344 15062 13495 19107 40344.5 84968
leaf_count=2010 59875 23634 69963 12545 14051 42826 10238 5129 26344 15062 13489 19100 40344 84968
internal_value=-6.8791e-06 -0.000107501 0.00020579 -0.00037435 -0.000466235 1.0764e-05 0.000357982 -9.45545e-05 -0.000355529 -0.0005388 0.000286182 -7.78422e-05 6.82376e-07 -2.50838e-05
internal_weight=439603 298414 141188 91637 79092 206778 93705 47483.5 65040 38696 83466.5 146902 42354.5 127794
internal_count=439578 298405 141173 91636 79091 206769 93690 47483 65040 38696 83452 146894 42354 127794
is_linear=0
shrinkage=0.03


Tree=41
num_leaves=15
num_cat=0
split_feature=45 51 13 63 51 32 48 21 64 63 14 10 30 48
split_gain=10.9205 6.72195 5.83106 5.06372 4.38404 4.03591 3.52301 3.48603 3.05056 3.10256 2.88786 2.8212 3.32014 2.70748
threshold=-1.0000000180025095e-35 0.078777302056550993 0.25266790390014654 0.12159512564539911 0.5513194501399995 inf -0.34912736713886255 0.18235000222921374 0.66731771826744091 0.91182947158813488 -0.076624996960163103 -0.04546507075428962 0.42165000736713415 0.22606153786182406
decision_type=2 10 8 2 10 8 10 8 8 2 8 10 10 10
left_child=1 6 3 4 -2 -5 -1 -4 9 -9 -7 -3 13 -13
right_child=2 11 7 5 -6 10 -8 8 -10 -11 -12 12 -14 -15
leaf_value=0.00081938283162598336 -0.00070491520363523505 0.00087639555412377418 0.0004927446850137078 -0.00011411679567611831 -0.0027248825296987047 0.00081489316514624284 0.00030210493138814107 0.00016293218719671548 -0.00024890641464626098 -0.00053672247237904376 -0.00058867279234096686 -0.00019565975165510984 0.00016858630359479755 0.00090863462896483666
leaf_weight=14695.5 6618.5 3524 13304 93055 1129 1382 61181 59957.5 35289.5 6299 27328 52729 60448 2072
leaf_count=14693 6617 3524 13304 93054 1129 1382 61174 59955 35289 6299 27323 52727 60442 2072
internal_value=1.41319e-05 0.000181776 -0.000119408 -0.000257407 -0.00100084 -0.000210065 0.000402337 3.62129e-05 -2.36207e-05 9.63806e-05 -0.00052098 4.08633e-05 1.52781e-05 -0.000153828
internal_weight=439012 194650 244362 129512 7747.5 121765 75876.5 114850 101546 66256.5 28710 118773 115249 54801
internal_count=438984 194632 244352 129505 7746 121759 75867 114847 101543 66254 28705 118765 115241 54799
is_linear=0
shrinkage=0.03


Tree=42
num_leaves=15
num_cat=0
split_feature=60 51 30 12 65 18 62 62 71 79 55 59 55 9
split_gain=10.092 7.79551 7.25596 4.7524 4.30952 3.73128 3.6952 3.45767 4.33684 3.4062 3.27262 3.21264 3.05103 3.05021
threshold=0.77634355425834667 0.36779321730136877 0.53264999389648449 0.52273735404014599 0.74032077193260204 0.11995000019669534 0.30957362055778509 0.57279273867607128 -0.010934040416032074 83.500000000000014 0.67207196354866039 2.8696192502975468 0.56831064820289623 0.026206854730844501
decision_type=2 10 10 10 8 8 2 2 2 8 2 10 2 10
left_child=2 5 3 7 -3 9 -4 -1 -9 -2 11 13 -10 -8
right_child=1 4 6 -5 -6 -7 10 8 12 -11 -12 -13 -14 -15
leaf_value=0.00015084384974318354 1.1656495507716697e-05 -0.0013539278351825895 0.00060565550593511669 -0.00033932853924593817 -0.00022199054948763845 -0.00062895257234030525 0.00047943462911172766 0.00066971060218576253 -0.00025189373497262876 -0.00052840888003447678 -0.00054360590957370071 -0.00041494183840157678 0.00015268438742426586 5.10334012685792e-05
leaf_weight=112351.5 59846 8498 24843 35071.5 4704 13343 36291 6227 66007 12744.5 5190 6168 22488 25445.5
leaf_count=112347 59846 8498 24838 35071 4704 13343 36288 6227 66004 12742 5190 6168 22485 25445
internal_value=-5.92484e-06 -0.000272264 7.17169e-05 -1.64122e-05 -0.000950844 -0.000167964 0.000289601 3.82862e-05 -9.52215e-05 -8.31911e-05 0.000182148 0.000237654 -0.000149081 0.000302882
internal_weight=439218 99135.5 340082 242145 13202 85933.5 97937.5 207074 94722 72590.5 73094.5 67904.5 88495 61736.5
internal_count=439196 99133 340063 242134 13202 85931 97929 207063 94716 72588 73091 67901 88489 61733
is_linear=0
shrinkage=0.03


Tree=43
num_leaves=15
num_cat=0
split_feature=45 9 51 24 67 9 12 64 57 5 19 50 67 79
split_gain=10.5768 10.1733 6.595 5.05269 4.32112 4.29945 4.08179 3.9038 3.38775 2.57774 2.5298 2.41772 3.01921 3.04213
threshold=-0.0033712225267663594 0.03742963261902333 0.046873139217495925 0.64845001697540294 0.0041626135352998981 0.021210201084613804 0.44680987298488622 0.83488404750823986 -0.00024952075909823174 0.49137949943542486 0.65955001115798961 -0.014308394398540257 -0.012389608193188904 85.500000000000014
decision_type=2 10 10 8 2 10 10 10 2 10 8 2 2 8
left_child=2 5 -1 -4 6 -2 10 -7 -9 -6 -3 -5 -13 -14
right_child=1 4 3 11 9 7 -8 8 -10 -11 -12 12 13 -15
leaf_value=0.00072683903910427262 0.00025520337422618001 -0.000308929097308102 0.0005496451643115653 0.0010049230552971909 -0.00013578987300085066 1.9276921201835758e-07 -0.00097925229588166499 0.00014330774687261062 -0.00058235898272954742 0.00093064369598081756 -0.0010897767143505906 -0.00050683319434524903 0.00014716150312985756 -0.00035847586741088826
leaf_weight=19809.5 48783 38823 21824.5 2304 16840 144085 13674 8001.5 20928 2316 4128 8806 75658.5 12469.5
leaf_count=19804 48782 38823 21820 2304 16839 144078 13674 8001 20927 2316 4128 8806 75655 12468
internal_value=5.31834e-06 -9.6061e-05 0.000219468 0.00013642 -0.000396138 6.47202e-06 -0.000527889 -6.36654e-05 -0.00038166 -6.64665e-06 -0.000384094 4.55207e-05 2.26662e-05 7.5601e-05
internal_weight=438450 297578 140872 121062 75781 221798 56625 173014 28929.5 19156 42951 99238 96934 88128
internal_count=438425 297568 140857 121053 75780 221788 56625 173006 28928 19155 42951 99233 96929 88123
is_linear=0
shrinkage=0.03


Tree=44
num_leaves=15
num_cat=0
split_feature=60 30 61 70 51 79 14 63 67 54 56 30 49 79
split_gain=8.81139 7.31492 4.8125 4.4155 4.09645 3.34227 3.80098 3.31851 3.27704 2.71537 2.67866 2.59448 2.51953 2.98674
threshold=0.85401818156242382 0.55494999885559093 0.92688494920730602 0.0036912850337103014 0.36779321730136877 605.50000000000011 -0.083135001361370073 0.15766700357198718 -0.0054450135212391606 0.021074175834655765 0.02648938819766045 0.13454999774694446 0.024378357455134395 76.500000000000014
decision_type=2 10 2 2 10 8 10 2 2 2 2 8 10 8
left_child=1 2 5 9 12 -1 -7 -6 -5 -3 -10 -8 -2 -14
right_child=4 3 -4 8 7 6 11 -9 10 -11 -12 -13 13 -15
leaf_value=6.8669882401394482e-05 0.00076204186247068708 0.00046774838911840241 -0.00043445661955490321 -0.00065259389658533379 -0.0015709558675721211 0.00038639239521863462 0.002903785133842849 -0.00047329892459124724 0.00024088913488678251 -0.0023707234248610551 -0.0014004824355740423 -0.00047884913627640075 -0.00012018068401803802 -0.00066761376366325856
leaf_weight=237870 2339 59648.5 21559.5 5678 3654 6227 201 7708 19046.5 300 934 22843 39736 11581
leaf_count=237864 2339 59641 21558 5678 3654 6227 201 7708 19046 300 934 22836 39736 11579
internal_value=1.28678e-05 6.88643e-05 -3.35484e-06 0.000312401 -0.000309483 3.14445e-05 -0.000271026 -0.000826839 -1.69285e-05 0.000453347 0.000163831 -0.000448721 -0.000199863 -0.000243776
internal_weight=439326 374308 288700 85607 65018 267141 29271 11362 25658.5 59948.5 19980.5 23044 53656 51317
internal_count=439301 374285 288686 85599 65016 267128 29264 11362 25658 59941 19980 23037 53654 51315
is_linear=0
shrinkage=0.03


Tree=45
num_leaves=15
num_cat=0
split_feature=79 64 13 11 70 50 14 14 64 13 1 20 51 20
split_gain=9.01048 6.37583 5.01398 4.63044 4.5768 4.42906 4.04768 3.90101 4.26244 3.5639 3.30345 3.22869 3.87095 3.00967
threshold=745.50000000000011 0.67120203375816356 0.34783203899860388 0.3925210982561112 0.0036027516471222047 -0.00053992934408597637 -0.092059999704360948 -0.046424999833106988 0.96499025821685802 0.3449684232473374 -0.012353499885648487 -0.021304999478161332 0.23929693549871447 -0.25265000760555262
decision_type=8 10 8 10 2 2 8 8 10 8 10 8 10 10
left_child=1 4 3 6 9 7 -2 -3 -9 13 -11 12 -5 -1
right_child=2 5 -4 11 -6 -7 -8 8 -10 10 -12 -13 -14 -15
leaf_value=-0.00015941127152362269 0.0010675673617839732 0.00027953638191873848 0.00010957335061851162 0.00013107874675945803 -8.3343157387710562e-05 3.8940114157000269e-05 -0.0008761246522081417 -0.00031832242253637813 -0.0012173659304195502 0.000486651460920825 -1.5561911409296939e-05 0.001028283308203679 -0.001461152239727849 0.00018991498520115683
leaf_weight=28649.5 1001 8602 12891.5 4883 65792.5 69966 23733.5 46411 5283 54589.5 15033.5 2098 1907 98506.5
leaf_count=28649 1001 8601 12890 4880 65792 69965 23729 46410 5282 54584 15030 2098 1907 98503
internal_value=1.38451e-06 4.81359e-05 -0.000393416 -0.00058626 0.000133263 -0.000123454 -0.000797264 -0.000311881 -0.000410311 0.000205685 0.000378217 1.06484e-06 -0.000316852 0.000111205
internal_weight=439348 392834 46514 33622.5 262572 130262 24734.5 60296 51694 196779 69623 8888 6790 127156
internal_count=439321 392816 46505 33615 262558 130258 24730 60293 51692 196766 69614 8885 6787 127152
is_linear=0
shrinkage=0.03


Tree=46
num_leaves=15
num_cat=0
split_feature=45 9 30 54 12 64 63 32 17 12 60 61 4 22
split_gain=8.84529 7.15147 6.78504 4.89579 4.34608 3.91985 4.17164 3.12257 3.09746 2.93734 2.8629 2.85158 2.7751 2.72854
threshold=-1.0000000180025095e-35 0.025134735740721229 0.57954999804496776 0.0050076465122401723 0.53129756450653087 0.88100481033325206 0.7064025104045869 0.061184998601675041 52.82500076293946 0.44680987298488622 0.84652313590049755 0.30957362055778509 2.2493870258331303 0.29485000669956213
decision_type=2 10 10 2 10 10 2 8 8 10 2 2 10 8
left_child=2 13 4 5 10 9 7 12 -5 -3 -1 -10 -7 -2
right_child=1 3 -4 8 -6 6 -8 -9 11 -11 -12 -13 -14 -15
leaf_value=0.00016303335096840173 -0.00017532649525498341 -0.00016650350068583166 0.00052159540089422929 0.00027717924788958002 -0.00034221254622422497 -0.0010491145881115754 -0.00031174797044148148 -0.0018710554322121911 -0.00097412600571040358 -0.00053260691791920237 -0.00030852703130057678 -5.5394442098429377e-05 0.00060767911145245411 0.00023435891704632968
leaf_weight=126281.5 20305 82443 34696.5 23257 21104.5 5032 11361.5 3525 3795 25925 12753 15217 1107 52325
leaf_count=126273 20305 82438 34691 23257 21104 5031 11361 3525 3795 25922 12753 15217 1107 52325
internal_value=-9.4742e-06 -0.000129716 0.00014129 -0.000235295 5.88769e-05 -0.000326861 -0.000701693 -0.00115973 4.50123e-05 -0.000254107 0.00011977 -0.000238991 -0.000750106 0.00011982
internal_weight=439128 244292 194836 171662 160139 129394 21025.5 9664 42269 108368 139034 19012 6139 72630
internal_count=439104 244283 194821 171653 160130 129384 21024 9663 42269 108360 139026 19012 6138 72630
is_linear=0
shrinkage=0.03


Tree=47
num_leaves=15
num_cat=0
split_feature=9 64 58 12 11 32 30 54 63 17 44 0 9 30
split_gain=7.74891 7.06929 5.35034 5.12371 4.07824 5.01327 4.63083 4.04348 3.98559 2.95817 3.12576 2.8539 2.73095 2.71892
threshold=0.045661220327019698 0.93086332082748424 0.010723556391894819 0.45671063661575323 -0.41052116453647608 0.11134999990463258 0.55895000696182262 0.021074175834655765 0.15349856764078143 55.774999618530281 -0.031449491158127778 -0.0049795000813901416 0.072408132255077376 0.35825000703334814
decision_type=10 10 2 10 8 8 8 2 2 10 2 10 10 10
left_child=1 3 -2 4 5 -1 11 -8 -3 10 -4 -6 -11 -10
right_child=2 8 9 -5 6 -7 7 -9 13 12 -12 -13 -14 -15
leaf_value=9.9511551590003588e-05 -0.00073290149161744824 -0.0010763786570877941 0.0014144286552076092 -0.0001407557590172814 0.00019245932817489809 -0.0004008591038137002 0.00047030453603820964 -0.0035962363266769577 -0.00075466091935859185 -0.00034711477414112445 -8.3484638682675773e-06 -0.00018849989824220711 -0.0018664735268486892 2.076345688976855e-05
leaf_weight=86473.5 19513 6498 1478 74372 96955.5 22760 55623.5 216 5861 11124 22091 21645.5 1173 13289
leaf_count=86473 19513 6498 1478 74368 96952 22756 55616 216 5861 11124 22091 21644 1173 13288
internal_value=-1.46996e-06 4.64113e-05 -0.00033319 8.0878e-05 0.000138986 -4.75975e-06 0.000228996 0.000454254 -0.000434667 -0.000115654 8.11542e-05 0.000122927 -0.000492745 -0.000216696
internal_weight=439073 383694 55379 358046 283674 109234 174440 55839.5 25648 35866 23569 118601 12297 19150
internal_count=439051 383672 55379 358025 283657 109229 174428 55832 25647 35866 23569 118596 12297 19149
is_linear=0
shrinkage=0.03


Tree=48
num_leaves=15
num_cat=0
split_feature=45 9 30 9 17 20 54 64 12 16 53 64 30 20
split_gain=8.6357 8.43509 6.5224 4.67786 4.38209 4.15545 3.94157 3.58131 3.43645 3.00256 2.84359 2.68094 2.6234 2.59194
threshold=-0.0030314257601276036 0.025815978646278385 0.57954999804496776 0.049915833398699767 51.784999847412116 -0.27635000646114344 0.0041247217450290927 0.8891165852546693 0.52703115344047557 -0.12705000489950177 0.0018055430846288802 0.14780467003583911 0.33705000579357153 -0.017245000228285786
decision_type=2 10 10 10 8 8 2 10 10 8 2 10 10 10
left_child=2 5 8 6 -5 -2 7 10 11 -8 -3 -1 -12 -6
right_child=1 3 -4 4 13 -7 9 -9 -10 -11 12 -13 -14 -15
leaf_value=0.00056499671668551422 -0.00042281443287637318 -0.00029313267233783703 0.00062859017908071309 -0.00017566568900087272 -0.0010959971877526583 0.00018882367952337829 0.00061154141251471169 -0.00069160940449626551 -0.00031669201323577043 -4.0002966866776706e-05 0.00048836069836497974 9.7810714929083138e-05 -0.00014164769445278885 0.00089870133267114282
leaf_weight=12541 11248.5 73425 24377 10908 11916 89549.5 7389 15139.5 16135 45769 8909.5 93040 17875 613
leaf_count=12539 11248 73424 24372 10908 11916 89548 7389 15138 16135 45769 8908 93034 17869 613
internal_value=-7.65284e-06 -0.000101666 0.000180729 -0.000218362 -0.000615435 0.000120551 -0.000163118 -0.000261612 9.10101e-05 5.06112e-05 -0.000196617 0.000153328 6.79681e-05 -0.000998084
internal_weight=438835 292742 146093 191944 23437 100798 168507 115349 121716 53158 100210 105581 26784.5 12529
internal_count=438810 292730 146080 191934 23437 100796 168497 115339 121708 53158 100201 105573 26777 12529
is_linear=0
shrinkage=0.03


Tree=49
num_leaves=15
num_cat=0
split_feature=45 79 51 13 20 58 51 51 44 1 9 49 79 18
split_gain=8.7261 7.46859 6.42847 5.18359 3.41679 3.28781 3.19379 3.13469 2.97392 2.9119 3.07056 2.69941 2.84244 3.14898
threshold=-0.0033712225267663594 719.50000000000011 0.050163546577095992 0.25476212799549108 -0.086714997887611375 0.011299679521471264 0.33285437524318701 0.23929693549871447 -0.013860583771020172 0.012547499965876343 0.030915866605937484 0.01964762527495623 1.5000000000000002 0.20255000144243243
decision_type=2 8 10 8 8 2 10 10 2 8 10 10 10 8
left_child=2 3 -1 6 5 7 -2 -3 -5 -10 -11 -4 -13 -14
right_child=1 4 11 8 -6 -7 -8 -9 9 10 -12 12 13 -15
leaf_value=0.00065526482562853225 -0.00012584036302006957 -0.00080824054856241023 0.00069417887348754059 -0.0011284812998787683 -5.1168291247141247e-05 -0.00021986687663433247 -0.0006388096846428376 -0.002041313410944638 -0.00018592558502332664 0.00032772348048462104 -4.7496202155944896e-06 -0.00039719740829540591 0.0001519849423933154 -0.00068482089203725672
leaf_weight=22551.5 126685 12742 6558 1758 9486 7549 11950 2171 23859 57166 44428.5 10681 97314.5 4218
leaf_count=22548 126685 12733 6558 1758 9486 7549 11949 2171 23859 57166 44428 10680 97307 4218
internal_value=-3.14472e-06 -9.5272e-05 0.000190981 -4.31853e-05 -0.000528622 -0.000730201 -0.000170079 -0.000988372 9.5104e-05 0.000112295 0.000182336 0.000102803 6.8212e-05 0.000117189
internal_weight=439118 297794 141323 265846 31948 22462 138635 14913 127212 125454 101594 118772 112214 101532
internal_count=439095 297784 141311 265845 31939 22453 138634 14904 127211 125453 101594 118763 112205 101525
is_linear=0
shrinkage=0.03


Tree=50
num_leaves=15
num_cat=0
split_feature=9 45 64 61 28 49 22 79 50 64 71 64 55 46
split_gain=7.36599 6.805 5.97379 5.12255 4.37979 4.22839 3.67186 4.11411 3.4687 3.40324 3.00935 2.83852 2.88537 2.7851
threshold=0.036768091842532165 -0.0098000792786478979 0.63209992647171032 0.3976902067661286 0.33830000460147863 0.014289641287177803 0.32015000283718115 127.50000000000001 -0.00067388152820058156 0.96499025821685802 -0.00049963794299401332 0.21280868351459506 0.66737589240074169 0.49663418531417852
decision_type=10 2 10 2 10 10 8 8 2 10 2 10 2 10
left_child=2 5 3 10 -3 -2 7 -5 9 -4 -1 -7 13 -13
right_child=1 4 8 6 -6 11 -8 -9 -10 -11 -12 12 -14 -15
leaf_value=0.00063415204082849306 0.0016682538464814906 -0.00063120190576471222 -0.00020910525671883172 -7.957108117245259e-05 -0.00018665587690743209 0.00085123295756913027 0.00016077767016773383 -0.0010456993528396802 4.9105770853974929e-05 -0.0010766270302579146 0.00023528713840013129 -0.00058870946192366314 0.0013945849568550417 0.0001643884286645147
leaf_weight=24840.5 1716 27841.5 45625.5 33493.5 70332 4088 84960 4495 62030.5 4464 54115 6863 1225 12393
leaf_count=24837 1716 27841 45623 33491 70331 4088 84957 4493 62028 4464 54111 6863 1225 12393
internal_value=-2.6639e-06 -0.000197972 7.47452e-05 0.00017225 -0.000312753 0.000230709 5.1152e-05 -0.000194011 -0.00010084 -0.000286519 0.000360808 0.000129986 -1.41477e-05 -0.000104105
internal_weight=438482 124458 314024 201904 98173.5 26285 122948 37988.5 112120 50089.5 78955.5 24569 20481 19256
internal_count=438461 124457 314004 201889 98172 26285 122941 37984 112115 50087 78948 24569 20481 19256
is_linear=0
shrinkage=0.03


Tree=51
num_leaves=15
num_cat=0
split_feature=9 64 53 45 13 0 49 64 26 57 45 30 49 45
split_gain=7.78269 6.23161 5.77347 5.60722 4.48701 5.53395 3.70319 3.75341 3.47337 3.34048 3.22422 3.02054 2.99946 2.99451
threshold=0.040826991200447089 0.83488404750823986 0.0037545531522482638 -0.011830139439553021 0.28571453690528875 -0.0050494999159127465 0.1122620888054371 0.22850985080003741 0.15474999696016314 0.0040489244274795064 -0.0023910077288746829 0.51354998350143444 0.9473911225795747 -0.030996825546026226
decision_type=10 10 2 2 8 10 10 10 10 2 2 10 10 2
left_child=1 4 3 6 10 11 13 -8 -5 -3 -1 -6 -11 -2
right_child=2 9 -4 8 5 -7 7 -9 -10 12 -12 -13 -14 -15
leaf_value=0.00019835595430484995 0.0019464771371342959 -6.2852584005408202e-05 0.00040173292771838992 -0.00066512058346107259 0.0002237772171223429 -0.00015201623937433276 0.0011068673760568964 -0.00039654073374790908 -0.00020227472839102296 -0.00065374379731831947 -7.7043144328547852e-05 0.00055564258044432993 0.0010232063128196905 0.00034425090616239143
leaf_weight=59094.5 1534 37829.5 10716 35245 64847 24341 1789 8951 24910 17000 108496 39860.5 1013 3312
leaf_count=59091 1534 37827 10716 35244 64846 24338 1789 8951 24910 17000 108492 39855 1013 3312
internal_value=5.16283e-06 6.77262e-05 -0.000249895 -0.000342109 0.000122456 0.000255416 0.000164955 -0.000145714 -0.00047349 -0.000222987 2.0069e-05 0.000350134 -0.000559179 0.000852919
internal_weight=438938 352482 86457 75741 296639 129048 15586 10740 60155 55842.5 167590 104708 18013 4846
internal_count=438918 352462 86456 75740 296622 129039 15586 10740 60154 55840 167583 104701 18013 4846
is_linear=0
shrinkage=0.03


Tree=52
num_leaves=15
num_cat=0
split_feature=79 64 70 11 19 13 20 6 13 45 51 45 20 35
split_gain=7.39211 5.55351 4.82635 4.41098 4.22565 4.21189 3.90188 3.75531 4.47962 3.5715 3.45128 3.33405 3.18633 2.59659
threshold=732.50000000000011 0.63597410917282116 0.0058223656378686437 0.29443472623825079 0.17785000056028369 0.31806154549121862 -0.029275000095367428 -0.0010494999587535856 0.34236942231655126 -0.026681890711188313 0.23929693549871447 -0.0023910077288746829 -0.28685000538825983 -0.047879999503493302
decision_type=8 10 2 8 8 10 8 10 8 2 10 2 10 8
left_child=1 2 7 5 -3 9 10 8 11 -2 -5 12 -1 -6
right_child=3 4 -4 6 13 -7 -8 -9 -10 -11 -12 -13 -14 -15
leaf_value=-0.00023991407240956988 0.00092592222236825969 -1.5127117486398774e-05 -0.00018133717903933425 0.00015310396734709845 0.0001130840801639194 -0.00011275554024232094 0.0010467292014671537 -9.9303553774055591e-05 0.00044134166307925599 -0.00088175517333345112 -0.0011824744267146931 -1.2553981680755321e-05 0.00044173822597899279 -0.00049621824013484884
leaf_weight=7442 1029 103613.5 40578 6828.5 7814 13016 3076 36634.5 61094 20622 2332 66535 36074.5 32336.5
leaf_count=7442 1029 103612 40578 6825 7814 13013 3076 36628 61090 20619 2332 66535 36072 32336
internal_value=-1.05666e-05 3.20098e-05 0.000117906 -0.000366479 -0.000116379 -0.000539304 0.000123168 0.00017635 0.000235356 -0.000795648 -0.000187355 0.00012099 0.000325151 -0.000377638
internal_weight=439026 392122 248358 46903.5 143764 34667 12236.5 207780 171146 21651 9160.5 110052 43516.5 40150.5
internal_count=439001 392107 248345 46894 143762 34661 12233 207767 171139 21648 9157 110049 43514 40150
is_linear=0
shrinkage=0.03


Tree=53
num_leaves=15
num_cat=0
split_feature=60 30 79 20 70 11 52 12 61 53 14 57 61 65
split_gain=7.15243 6.0499 4.33281 3.7009 3.64647 3.56689 3.47159 2.9571 2.8732 2.75352 2.55722 2.49031 2.48416 2.43498
threshold=0.88123330473899852 0.55494999885559093 615.50000000000011 -0.076015003025531755 0.012147388886660339 0.17949142307043078 6.1299695968627939 0.28939899802207952 0.89640536904335033 0.0043107091914862403 -0.092059999704360948 -0.011990724597126244 0.18989794701337817 0.026369277387857441
decision_type=2 10 8 8 2 8 10 8 2 2 10 2 2 10
left_child=1 2 8 7 9 -5 13 10 -1 12 -4 -10 -3 -2
right_child=6 4 3 5 -6 -7 -8 -9 11 -11 -12 -13 -14 -15
leaf_value=5.9877091696905931e-05 0.00078378248205625604 0.00075584748473601492 0.0016022887275916654 -0.00027000946290399133 -0.00039503774080807969 0.00093786400022217488 -0.0012693958476881536 -0.0008745660203684655 0.00062650503623262093 -0.00040359869541680093 -0.00031230470955338703 -0.00035894153100586969 0.00029139699496734503 -0.00030094443346158887
leaf_weight=236977 1933 12335 658 6089 6880 3439 3255 11694.5 2543 4424 11860 24535.5 64854 47993
leaf_count=236972 1933 12331 658 6089 6880 3439 3255 11692 2543 4424 11856 24534 64849 47991
internal_value=5.33008e-06 5.02375e-05 -1.44831e-05 -0.000334581 0.000268023 0.000166219 -0.000320836 -0.000531647 2.6424e-05 0.00032394 -0.000211066 -0.000266298 0.000365662 -0.000258872
internal_weight=439470 386289 297796 33740.5 88493 9528 53181 24212.5 264056 81613 12518 27078.5 77189 49926
internal_count=439446 386267 297783 33734 88484 9528 53179 24206 264049 81604 12514 27077 77180 49924
is_linear=0
shrinkage=0.03


Tree=54
num_leaves=15
num_cat=0
split_feature=45 9 30 58 9 53 30 10 46 61 13 13 19 17
split_gain=6.95673 6.61993 5.42327 4.75093 4.52736 4.13617 3.54576 3.12719 2.95223 2.85293 2.76289 2.69289 2.65755 2.57504
threshold=-0.0033712225267663594 0.045006765052676208 0.62954998016357433 0.010751057881861927 0.017829408869147304 -0.0023535890504717823 0.42165000736713415 -0.04546507075428962 0.85410633683204662 0.10643223300576211 0.36974923312664038 0.46100492775440222 0.32854999601840978 50.335000991821296
decision_type=2 10 10 2 10 2 8 10 10 2 8 8 10 8
left_child=2 4 6 -3 -2 8 7 -1 -6 -5 -7 -8 -9 -11
right_child=1 3 -4 9 5 10 11 12 -10 13 -12 -13 -14 -15
leaf_value=0.0012394490551865063 0.00040989094653493121 -0.00088665046414467962 0.00082241656870070097 -0.001654771782139218 -0.00023571570779521155 -7.7797566303107788e-05 0.00015136890781403321 -4.2993545080743101e-05 -0.0010222238996095577 0.00023609730133901396 0.00017202573940637155 0.00058283079090076112 -0.00070532697776760174 -0.00041634402709525071
leaf_weight=1537 19318 14372 10605.5 1135 45168.5 134650.5 66783.5 39672.5 4742.5 10102 56579 16168.5 6316 11797
leaf_count=1537 19318 14372 10605 1135 45167 134645 66776 39672 4741 10102 56578 16162 6316 11797
internal_value=-3.35953e-06 -8.55543e-05 0.000170173 -0.000458723 -3.19536e-05 -6.7358e-05 0.000117128 -8.94798e-05 -0.000310544 -0.000191584 -3.87987e-06 0.000235497 -0.000134024 -0.000115388
internal_weight=438948 297864 141083 37406 260458 241140 130478 47525.5 49911 23034 191230 82952 45988.5 21899
internal_count=438923 297855 141068 37406 260449 241131 130463 47525 49908 23034 191223 82938 45988 21899
is_linear=0
shrinkage=0.03


Tree=55
num_leaves=15
num_cat=0
split_feature=9 51 45 24 9 63 54 58 51 14 23 51 0 46
split_gain=6.62773 5.22073 4.60278 4.90027 4.31734 4.24037 3.73775 3.68458 3.26461 2.69546 2.67298 2.50268 2.45009 2.43698
threshold=0.05041198059916497 0.33285437524318701 -0.0046375838574022046 0.6253499984741212 0.02167436666786671 0.40236710011959081 0.0053542091045528659 0.010771177709102632 0.046873139217495925 -0.074045002460479722 0.52265000343322765 0.97547194361686718 -0.0049795000813901416 0.94298195838928234
decision_type=10 10 2 8 10 2 2 2 8 8 8 10 10 10
left_child=1 2 3 -1 12 11 10 -2 -5 13 -6 -3 -4 -9
right_child=7 5 4 8 6 -7 -8 9 -10 -11 -12 -13 -14 -15
leaf_value=0.00066728883817971881 -0.00081309155708940233 -0.00060502451603603867 0.00035378049628760475 0.00067301454505656541 -0.00057933030829146102 -6.0606026205875586e-05 0.0002181413163833068 0.00022807932634051286 6.8092416834363993e-05 -0.00032867923588642152 -8.8490357398171877e-05 -0.0017999139876957739 -0.00010420546636736033 0.0023857092564116542
leaf_weight=19133.5 12285 9700 40781 9012 10600 17576 35820 4072 73312.5 19561 170941 1882 14161 528
leaf_count=19127 12285 9700 40781 9011 10598 17576 35820 4072 73306 19561 170933 1882 14161 528
internal_value=-2.79282e-06 3.22525e-05 6.24161e-05 0.000234882 -1.84659e-06 -0.000354343 -6.19046e-05 -0.000390178 0.00013435 -0.000175018 -0.000117165 -0.000799879 0.000235738 0.000478059
internal_weight=439365 402919 373761 101458 272303 29158 217361 36446 82324.5 24161 181541 11582 54942 4600
internal_count=439341 402895 373737 101444 272293 29158 217351 36446 82317 24161 181531 11582 54942 4600
is_linear=0
shrinkage=0.03


Tree=56
num_leaves=15
num_cat=0
split_feature=12 60 9 18 62 24 55 52 20 9 66 50 16 56
split_gain=6.80084 5.14843 4.26917 3.83653 3.82738 3.01184 2.72378 2.72318 2.61401 2.40028 2.38599 2.26278 2.24223 2.47337
threshold=0.52703115344047557 0.8997991979122163 0.039769751951098449 0.09271500259637834 0.38600569963455206 0.81634998321533214 0.37681430578231817 3.1206717491149907 -0.2149500027298927 0.030292481184005741 0.95010372996330272 -0.017539664171636101 0.17105000466108325 0.012025083415210249
decision_type=10 2 8 8 2 10 2 10 8 10 10 2 8 2
left_child=1 3 8 4 5 -1 -6 -3 -2 -5 -4 -7 -9 -14
right_child=2 7 10 9 6 11 -8 12 -10 -11 -12 -13 13 -15
leaf_value=0.00048849699540248423 -0.00051269339871568118 -0.0001665266861515908 -0.00061533714198687764 0.00014895755876078543 -0.00013397801669973457 0.002204995912967331 0.00012416819346075308 -0.00046229156531285608 -1.8057235106794344e-05 -0.0002569161303463188 -0.001893205749699199 0.00013505505596645773 -0.0025004890640090397 -0.00038520094267538435
leaf_weight=38423 13315.5 31588.5 12775 19046 52198.5 474 124554 4556 34573.5 42077.5 1463 61991 1238 833
leaf_count=38416 13314 31587 12774 19046 52192 474 124551 4556 34573 42077 1463 61988 1238 833
internal_value=-4.51474e-07 4.74786e-05 -0.000291266 8.47164e-05 0.000132086 0.000279514 4.79309e-05 -0.000282586 -0.00015563 -0.000130445 -0.000747261 0.000150938 -0.000835256 -0.00165265
internal_weight=439106 376980 62127 338764 277640 100888 176752 38215.5 47889 61123.5 14238 62465 6627 2071
internal_count=439082 376958 62124 338744 277621 100878 176743 38214 47887 61123 14237 62462 6627 2071
is_linear=0
shrinkage=0.03


Tree=57
num_leaves=15
num_cat=0
split_feature=13 32 18 30 11 64 44 45 64 6 21 63 6 4
split_gain=5.97909 5.74396 3.81273 3.61992 3.309 4.00598 3.27982 3.17223 2.81787 2.81569 2.70825 2.60842 2.51014 2.45678
threshold=0.41954928636550909 -0.063340000808238969 0.18055000156164172 0.38285000622272497 0.32258161902427679 0.96110031008720409 0.0094055444933474081 -0.0033712225267663594 0.071120411157608046 -0.0006055000121705233 0.96384999155998241 0.7504863739013673 -0.00098749995231628396 8.3285923004150408
decision_type=8 10 10 8 10 10 2 2 10 8 10 2 10 8
left_child=1 4 7 -2 9 8 13 12 -6 -1 -4 -7 -3 -5
right_child=3 2 10 6 5 11 -8 -9 -10 -11 -12 -13 -14 -15
leaf_value=0.00036830229653119016 -0.00011860431442439373 0.00027657162678655628 -0.00051504536079728506 7.1618113125524808e-05 0.0012208016758890874 -0.0019226350544040054 -0.00018935071286022546 -3.7344539283952666e-05 3.3044705436517243e-05 -0.00044350070522148949 -0.0039804149959393091 2.4079802668314766e-06 -0.0001685845090066464 0.0004897189979704181
leaf_weight=4119 23811 63005 8650 17011.5 1948 1498 10443.5 164527 22606 57138 203 1095 13915 49337
leaf_count=4119 23811 63002 8650 17008 1947 1498 10443 164525 22603 57131 203 1095 13913 49333
internal_value=1.47869e-06 -5.88401e-05 1.45825e-05 0.000204549 -0.000266712 8.99852e-06 0.000304751 3.70082e-05 0.000127505 -0.000388888 -0.000596709 -0.00111127 0.000196036 0.000382533
internal_weight=439307 338704 250300 100603 88404 27147 76792 241447 24554 61257 8853 2593 76920 66348.5
internal_count=439281 338686 250293 100595 88393 27143 76784 241440 24550 61250 8853 2593 76915 66341
is_linear=0
shrinkage=0.03


Tree=58
num_leaves=15
num_cat=0
split_feature=60 30 21 61 10 54 13 26 45 20 76 53 21 68
split_gain=6.30845 5.39867 3.53316 3.05969 3.08284 3.03002 2.95679 2.80066 3.45485 3.00076 2.91323 2.73408 2.70064 2.32486
threshold=0.84652313590049755 0.55494999885559093 0.58765000104904186 0.67511621117591869 -0.040225867182016366 0.021074175834655765 0.2500003874301911 0.15574999898672107 -0.056034659966826432 -0.27635000646114344 1.5000000000000002 -0.00057798347552306939 0.41054999828338629 0.0055330232717096814
decision_type=2 10 8 2 8 2 8 10 2 8 2 2 10 2
left_child=1 3 -2 4 -1 6 -3 9 -9 10 -6 -5 -11 -13
right_child=2 5 -4 11 7 -7 -8 8 -10 12 -12 13 -14 -15
leaf_value=0.00079273529499503408 -0.00017913171963400927 9.4850224428937648e-05 -0.00084190530557300895 -0.00030891341906251653 -0.001304093274707501 -0.0019923061650544858 0.00045038522141235441 -0.0023586029947159958 0.00027158904845896989 9.6398241610334517e-05 -0.00021551289251150733 -7.9757370274653416e-05 -0.00034879869681279089 0.00047585904187301165
leaf_weight=5063 60162.5 40643 8225 46971.5 2449 527 43677.5 449 45437 98503.5 22529.5 42296 14002 8066
leaf_count=5063 60161 40643 8225 46968 2449 527 43668 449 45437 98501 22526 42294 14002 8066
internal_value=5.83119e-06 5.46834e-05 -0.0002589 -7.70826e-06 6.28431e-05 0.000264807 0.000279031 4.26691e-05 0.000245598 -2.5066e-05 -0.000322482 -0.000144289 4.09777e-05 9.2688e-06
internal_weight=439002 370614 68387.5 285766 188433 84847.5 84320.5 183370 45886 137484 24978.5 97333.5 112506 50362
internal_count=438979 370593 68386 285755 188427 84838 84311 183364 45886 137478 24975 97328 112503 50360
is_linear=0
shrinkage=0.03


Tree=59
num_leaves=15
num_cat=0
split_feature=45 79 51 14 67 68 20 30 44 14 39 21 13 45
split_gain=6.67315 5.08038 4.51908 4.07318 3.47316 3.886 3.33425 3.13457 2.8363 2.661 3.42805 2.97566 3.08971 2.39136
threshold=-0.0033712225267663594 89.500000000000014 0.050163546577095992 0.089845001697540297 -0.0018664204399101434 0.0011409795843064787 -0.023295000195503231 0.48565000295639044 0.0069653762038797149 -0.083135001361370073 0.036070000380277641 0.60925000905990612 0.24334688484668734 -0.011548842303454874
decision_type=2 8 10 8 2 2 10 10 2 8 8 10 8 2
left_child=2 3 13 4 -2 -6 9 8 -4 10 -3 12 -11 -1
right_child=1 6 7 -5 5 -7 -8 -9 -10 11 -12 -13 -14 -15
leaf_value=0.0011479511272846621 -0.00018034088061997337 -1.5746225323022493e-05 -6.2483283377620229e-05 -0.00056658375981693534 -0.00012548488520155676 0.00017692402222959294 0.00088809479906774218 0.00029506908591466667 0.00089055998780740756 -0.00062984381653587781 0.0031383298367784335 -0.0012611865954562373 -0.00010156951862267832 0.00039486574980559852
leaf_weight=4823 69665.5 1273 71736.5 12088 58705 109701 1824 43562 2920 21648.5 405 3834 18462 17789
leaf_count=4822 69664 1273 71735 12088 58705 109701 1824 43554 2920 21645 405 3834 18460 17786
internal_value=-2.94782e-06 -8.34597e-05 0.000167188 -2.94755e-05 -2.1927e-06 7.15061e-05 -0.000368056 9.28539e-05 -2.51503e-05 -0.000418369 0.00075258 -0.000463161 -0.000386733 0.000555712
internal_weight=438436 297606 140830 250160 238072 168406 47446.5 118218 74656.5 45622.5 1678 43944.5 40110.5 22612
internal_count=438416 297599 140817 250158 238070 168406 47441 118209 74655 45617 1678 43939 40105 22608
is_linear=0
shrinkage=0.03


Tree=60
num_leaves=15
num_cat=0
split_feature=60 30 55 15 12 65 64 63 56 50 23 54 44 24
split_gain=6.0274 4.09917 4.77977 3.605 3.55016 3.13405 3.10657 3.77357 2.55101 2.49788 2.41663 2.24946 2.11878 2.04478
threshold=0.78820630908012401 0.57954999804496776 0.69555336236953746 0.13055000454187396 0.56911876797676098 0.98068153858184826 0.93086332082748424 0.6585855782032014 0.024699389003217224 -0.011565884575247763 0.55425000190734874 0.013775720261037351 -0.010924879927188156 1.6385000348091128
decision_type=2 10 2 8 10 8 10 2 2 2 10 2 2 10
left_child=1 4 8 6 9 -5 10 -8 11 -1 -2 12 -3 -11
right_child=3 2 -4 5 -6 -7 7 -9 -10 13 -12 -13 -14 -15
leaf_value=0.000870690536030015 -0.00061999381754763061 0.0010134724033775543 -0.00084233663166430957 -0.00069481162182349118 -0.00028680730247426816 0.0015136141910123951 -0.0010731760555328697 4.8000251786069446e-05 -0.0012400527194071308 6.6673296152375305e-05 1.2244057038571962e-05 -0.0011730274345199147 0.00034904966560019051 -0.00027626682599853991
leaf_weight=3327 5971 4734 3151 15609 30689 596 6242 4760 880 235417.5 60796 818 49041.5 16757
leaf_count=3327 5970 4734 3151 15609 30689 596 6242 4760 880 235405 60794 818 49035 16755
internal_value=6.81319e-06 6.48592e-05 0.000293389 -0.000206165 1.80418e-05 -0.000613147 -0.000121326 -0.000588299 0.00035797 5.4663e-05 -4.43394e-05 0.00038384 0.000407629 4.38799e-05
internal_weight=438789 344815 58624.5 93974 286190 16205 77769 11002 55473.5 255502 66767 54593.5 53775.5 252174
internal_count=438765 344794 58618 93971 286176 16205 77766 11002 55467 255487 66764 54587 53769 252160
is_linear=0
shrinkage=0.03


Tree=61
num_leaves=15
num_cat=0
split_feature=12 9 64 45 10 66 26 30 70 22 50 46 39 21
split_gain=5.37786 5.07263 4.46761 3.62151 3.95335 3.58329 3.14158 3.07789 3.191 2.57956 2.53667 2.7911 2.52099 2.33821
threshold=0.49999947845935827 0.041038746014237411 0.92323201894760143 -0.0038169696927070613 -0.0074757784605026236 0.71888476610183727 0.15894999355077746 0.49695000052452093 -0.0033385123824700709 0.3116499930620194 0.00091773888561874639 0.55638122558593761 -0.094219997525215135 0.19225000590085986
decision_type=10 8 10 2 10 8 10 10 2 8 2 10 8 8
left_child=2 -2 3 7 5 -5 -3 -1 -9 -4 11 -11 -10 -6
right_child=1 6 9 4 13 -7 -8 8 12 10 -12 -13 -14 -15
leaf_value=9.2953487426012369e-05 -0.00011044962276111474 -0.0011017445651824815 0.00016329234523508005 -6.5440806992144194e-05 0.00035887044685803187 -0.00058302997323718322 -0.00022159821592325363 0.00066506348913014451 -0.001516841522980588 0.00010300179881596705 -0.00012843511398721242 -0.0010119789625487254 0.0002064799309833283 4.5934133936969681e-05
leaf_weight=64508.5 58315 8631 7827 64848.5 25942 14777.5 6327 22497 794 2581 10441 9287 17440 125082.5
leaf_count=64506 58312 8631 7827 64845 25941 14777 6327 22490 794 2581 10441 9286 17434 125081
internal_value=-2.30394e-06 -0.000236896 4.46605e-05 7.60559e-05 9.51502e-06 -0.000161529 -0.000729655 0.000221884 0.000426044 -0.000305221 -0.000469597 -0.000769557 0.000131043 9.96984e-05
internal_weight=439299 73273 366026 335890 230650 79626 14958 105240 40731 30136 22309 11868 18234 151024
internal_count=439273 73270 366003 335868 230644 79622 14958 105224 40718 30135 22308 11867 18228 151022
is_linear=0
shrinkage=0.03


Tree=62
num_leaves=15
num_cat=0
split_feature=60 30 27 79 35 12 55 52 50 61 67 49 56 21
split_gain=6.31149 4.48941 3.6945 3.60486 3.06984 2.84858 2.65114 2.6433 2.55791 2.51735 3.14146 2.50083 2.39848 2.37866
threshold=0.8997991979122163 0.55355000495910656 15.22499990463257 565.50000000000011 0.47249999642372137 0.50968220829963695 0.69555336236953746 2.5343673229217534 -0.017539664171636101 0.18989794701337817 -0.0054450135212391606 0.87557780742645275 0.0061631023418158301 0.36304999887943273
decision_type=2 10 8 8 10 8 2 10 2 2 2 8 2 10
left_child=1 2 3 -1 7 -5 9 -2 -4 -3 12 -9 -11 -13
right_child=4 6 8 5 -6 -7 -8 11 -10 10 -12 13 -14 -15
leaf_value=-6.2652592144904002e-05 -0.00019513868951885965 0.00065161659843424372 0.001898113445671114 -0.00033816539056669961 -0.0048123004088555564 -0.001331628748169774 -0.00044614172526146189 -0.00095322338636133334 8.6857690294480633e-05 6.8480349652880158e-06 0.00028576741205218505 -0.00050646714918848711 -0.00097035773978609429 0.0021526624632465159
leaf_weight=133665 35422 13145.5 700 13341.5 132 3222.5 4922 8180 151729 8534 61970.5 828 3070 471
leaf_count=133659 35419 13141 700 13337 132 3222 4922 8180 151729 8533 61967 828 3070 471
internal_value=8.45781e-06 4.68867e-05 -8.81671e-06 -0.000114394 -0.000327986 -0.000531786 0.000230844 -0.000314268 9.52375e-05 0.000269291 0.000200942 -0.000759105 -0.000251992 0.000462255
internal_weight=439333 394300 302658 150229 45033 16564 91642 44901 152429 86720 73574.5 9479 11604 1299
internal_count=439310 394280 302647 150218 45030 16559 91633 44898 152429 86711 73570 9479 11603 1299
is_linear=0
shrinkage=0.03


Tree=63
num_leaves=15
num_cat=0
split_feature=45 13 24 32 50 28 51 22 53 30 70 50 25 45
split_gain=5.81367 5.39205 4.39418 3.87147 2.73125 2.73082 2.53834 2.62333 2.57688 2.34624 2.75772 2.32336 2.29242 2.80022
threshold=-0.0030314257601276036 0.25266790390014654 0.66824999451637279 inf -0.014308394398540257 0.7272000014781953 0.11560673266649248 -0.062105000019073479 -0.013867478352040051 0.560350000858307 0.024680443108081821 0.002733217086642981 0.041699999943375594 -0.020547097548842427
decision_type=2 8 8 8 2 10 10 8 2 10 2 2 10 2
left_child=2 3 12 -2 -4 -5 -6 -8 -9 -3 -11 -10 -1 -14
right_child=1 9 4 5 6 -7 7 8 11 10 -12 -13 13 -15
leaf_value=0.00022194700628607036 -0.00012198903904877616 -1.441793704836924e-05 0.0010720683690849029 -0.00063174583602435756 0.00016882272013213204 -3.577782361885181e-05 0.00087513446239431117 -0.0014149814225461134 -0.00020266191423487295 0.0003177923207719362 -0.0017881843228387878 0.00047023068767553487 0.0020201647724376313 0.00059889338044227705
leaf_weight=17216 116991 107774.5 2352 26730.5 61754.5 9337 2277 1437 41155 30966 565 5197 1370 13617
leaf_count=17209 116990 107771 2352 26724 61748 9337 2277 1437 41154 30965 565 5197 1370 13617
internal_value=-5.59524e-06 -8.28658e-05 0.000148739 -0.000205774 6.14351e-05 -0.000477491 4.01307e-05 -0.000118607 -0.000166042 5.21793e-05 0.000279778 -0.000127174 0.000458209 0.000729446
internal_weight=438740 292364 146376 153058 114172 36067.5 111820 50066 47789 139306 31531 46352 32203 14987
internal_count=438713 292352 146361 153051 114165 36061 111813 50065 47788 139301 31530 46351 32196 14987
is_linear=0
shrinkage=0.03


Tree=64
num_leaves=15
num_cat=0
split_feature=45 9 24 54 9 49 52 72 20 51 14 68 20 58
split_gain=5.12247 4.9416 3.92872 3.83723 3.06946 2.53004 2.30602 3.43374 2.29873 2.25848 2.20849 2.77733 2.21357 4.13367
threshold=-0.0023910077288746829 0.05041198059916497 0.66824999451637279 0.0037884226767346267 0.024942187592387203 0.67217916250228893 3.4950553178787236 -0.0023740859469398852 -0.23914999514818189 0.047570675611495979 -0.092059999704360948 0.0037974022561684255 -0.19205000251531598 0.013485041912645103
decision_type=2 10 8 2 10 8 10 2 8 10 8 2 10 2
left_child=2 3 -1 4 8 -5 -6 -8 -2 -4 11 -11 -12 -14
right_child=1 -3 9 5 6 -7 7 -9 -10 10 12 -13 13 -15
leaf_value=0.00042139364323018509 -0.00034650948733355372 -0.00050377247879240285 0.00040390753735112286 8.5762497789329281e-06 -0.00018040621007225688 0.00035346274038405465 -0.0026408036745852771 -0.00049909230226363299 0.00013005954501919782 0.00033657515665732457 -0.00017387464545899899 0.0024739549231883712 0.00019809675627836091 -0.00058078250783502833
leaf_weight=34936.5 10967 22075 15102 53832 106880 29703 791 4413 53649 2795 44114 676 52307.5 6942
leaf_count=34929 10966 22075 15100 53832 106874 29703 791 4412 53649 2794 44111 676 52307 6942
internal_value=3.49694e-06 -7.28774e-05 0.000140939 -3.63168e-05 -0.000115523 0.000131223 -0.000210456 -0.000826852 4.91529e-05 6.05706e-05 1.20203e-05 0.000755804 -1.29917e-05 0.000106798
internal_weight=439183 282310 156873 260235 176700 83535 112084 5204 64616 121936 106834 3471 103364 59249.5
internal_count=439161 282302 156859 260227 176692 83535 112077 5203 64615 121930 106830 3470 103360 59249
is_linear=0
shrinkage=0.03


Tree=65
num_leaves=15
num_cat=0
split_feature=60 12 70 51 45 6 30 45 21 71 15 45 53 45
split_gain=5.34615 4.48691 3.81594 3.75284 4.19572 3.54247 3.40985 2.85988 3.72135 2.49269 2.37137 2.36089 2.4237 2.03843
threshold=0.76853874325752269 0.56911876797676098 0.0058223656378686437 0.36779321730136877 -0.034174716100096696 -0.00059150002198293794 0.53264999389648449 0.026179804466664795 0.50835001468658458 -0.010934040416032074 0.23775000125169757 -0.016965061426162716 0.0038353611016646032 0.035265894606709487
decision_type=2 10 2 10 2 10 10 2 8 2 10 2 2 2
left_child=1 2 5 4 -2 6 10 8 -6 -4 -1 -8 -13 -5
right_child=3 -3 9 13 7 -7 11 -9 -10 -11 -12 12 -14 -15
leaf_value=0.00015736817263002398 0.0027868669179276495 -0.00025064831884544485 0.00043601846727032929 -0.00087878925010798276 -8.4098092944885018e-05 -0.00011975768802558545 0.001137541105665956 0.0005869077391821878 -0.00066078245484322803 -0.00015188365982749791 -0.00053917799822757238 0.00041437650540056812 -0.00042020851147144054 -5.1159425499399267e-05
leaf_weight=138842.5 443 35545 7248 9626 72189 33837.5 3768 4815 11699 61773.5 4538 47862.5 3347 3711
leaf_count=138840 443 35545 7248 9626 72186 33827 3768 4815 11699 61770 4538 47856 3347 3711
internal_value=1.03668e-05 6.81038e-05 0.000105722 -0.000179353 -0.000109116 0.000163937 0.000212334 -0.000123735 -0.000164557 -9.01205e-05 0.000135304 0.000413196 0.000359793 -0.000648608
internal_weight=439245 336762 301217 102483 89146 232196 198358 88703 83888 69021.5 143380 54977.5 51209.5 13337
internal_count=439219 336739 301194 102480 89143 232176 198349 88700 83885 69018 143378 54971 51203 13337
is_linear=0
shrinkage=0.03


Tree=66
num_leaves=15
num_cat=0
split_feature=18 23 30 53 32 13 58 60 21 19 24 58 70 14
split_gain=5.97759 3.21981 3.21177 3.11722 2.79971 3.77273 3.1112 2.40418 2.37063 2.17398 2.30619 3.17342 2.39446 2.13583
threshold=0.094174999743700041 2.2295000553131108 0.62465000152587902 0.0048562819138169297 -0.061115000396966927 0.47232477366924291 0.011342821642756464 0.83480200171470653 0.52625000476837169 0.17785000056028369 1.2864999771118166 0.0093903481028974074 0.00038740652962587779 -0.010145000182092188
decision_type=8 10 10 2 10 8 2 2 10 10 10 2 2 10
left_child=2 7 4 13 5 6 8 -2 -1 10 12 -12 -6 -4
right_child=1 -3 3 -5 9 -7 -8 -9 -10 -11 11 -13 -14 -15
leaf_value=-0.00032654060604047394 -0.00010597081599013594 -0.00098863479079886428 6.2378175063459204e-05 -0.00091977490120976908 0.00026460940605264351 0.00034168409890001473 2.7712275144094139e-05 -0.00051927060169295962 -0.0011235404473392133 -0.00013400054282892147 -0.00044171725257050607 9.1916707816385384e-05 3.1416104710511812e-05 0.00056414794805343088
leaf_weight=35350.5 61327 4840 11923 1733 87046 12118 24721 15961 3708 41177.5 14950 30449 72750 21230
leaf_count=35341 61327 4840 11923 1733 87038 12117 24721 15961 3708 41177 14949 30449 72747 21229
internal_value=-7.6238e-06 -0.000238394 4.54444e-05 0.000318855 1.5843e-05 -0.000143464 -0.000235661 -0.000191351 -0.000402338 6.4921e-05 0.000104842 -8.38395e-05 0.000158448 0.00038373
internal_weight=439284 82128 357156 34886 322270 75897.5 63779.5 77288 39058.5 246372 205195 45399 159796 33153
internal_count=439260 82128 357132 34885 322247 75887 63770 77288 39049 246360 205183 45398 159785 33152
is_linear=0
shrinkage=0.03


Tree=67
num_leaves=15
num_cat=0
split_feature=13 79 49 51 51 50 13 45 19 56 27 20 15 9
split_gain=5.09243 5.09499 4.07909 3.5377 3.23048 3.16301 3.03637 2.77939 2.74694 2.87831 2.579 4.30432 2.2602 2.58949
threshold=0.2690082341432572 81.500000000000014 0.01964762527495623 0.51455464959144603 0.077018909156322493 -0.0057917668018490067 1.0000000180025095e-35 -0.0066274551209062329 0.17044999450445178 -0.0094004734419286234 15.085000038146974 -0.47945000231266016 0.22754999995231631 0.077871173620224013
decision_type=8 8 10 10 10 2 10 2 10 2 8 10 8 10
left_child=1 3 -2 7 -4 -5 -3 -1 -6 -10 11 -8 -9 -14
right_child=2 6 4 5 8 -7 10 12 9 -11 -12 -13 13 -15
leaf_value=0.00020965536593528806 0.00090686664378290165 0.00034904473093443398 0.00024617122441795254 -0.0018740455215931404 7.8957376332694848e-05 -0.00035050306194713574 -0.0028319377966364028 -4.2193920270719588e-05 -0.00093377242403286235 -0.00012762570315278949 -0.00025726763111298028 -0.00064588173669894301 -0.00054127618856711769 -0.0042210547494691579
leaf_weight=42564 5663 4440 73500.5 1559 86700.5 5698 850 145121 4702.5 26028.5 20791 15843 5350 173
leaf_count=42564 5662 4440 73493 1559 86694 5697 850 145120 4702 26028 20791 15835 5350 173
internal_value=2.92769e-07 -9.17279e-05 0.000113748 -2.88244e-05 9.0201e-05 -0.000678866 -0.00039247 -4.39151e-06 -7.42732e-06 -0.000251115 -0.000480338 -0.000758009 -6.48748e-05 -0.000660254
internal_weight=438984 242389 196595 200465 190932 7257 41924 193208 117432 30731 37484 16693 150644 5523
internal_count=438958 242379 196579 200463 190917 7256 41916 193207 117424 30730 37476 16685 150643 5523
is_linear=0
shrinkage=0.03


Tree=68
num_leaves=15
num_cat=0
split_feature=9 53 49 53 65 26 21 24 45 24 53 45 12 54
split_gain=4.81001 5.48312 3.95879 3.32268 3.74866 3.1885 3.36264 3.0299 3.02253 2.85094 5.25466 4.05221 2.37906 2.37606
threshold=0.035998759791255004 0.0037545531522482638 0.088714785873889937 -0.0024854217190295454 0.36325658857822424 0.24279999732971194 0.5977500081062318 0.88144999742507946 -0.018930172547698017 0.93954998254776012 0.0037545531522482638 0.00056382769253104936 0.39655251801013952 0.017100393772125248
decision_type=10 2 10 2 8 10 10 8 2 10 2 2 8 2
left_child=3 2 8 4 -1 6 -4 -3 -2 10 11 -5 -8 -13
right_child=1 7 5 9 -6 -7 12 -9 -10 -11 -12 13 -14 -15
leaf_value=0.00016743619638444007 0.0010280927147590091 -0.00017185419451713096 -0.0002772842767609117 0.00049702907746614045 -0.00025188716541254028 0.00015831775025003153 -0.00054379733523028445 0.00069739580605600099 -1.1490721145111056e-05 2.8663837410890892e-06 -0.00037008770165471107 0.00014168143892367752 -0.0014876982987438428 -0.0026036786009767396
leaf_weight=30051.5 3506 5721 80908 46532.5 53058 12877 8066 9763 8891 99884 12283 64069 3425 280
leaf_count=30048 3506 5721 80907 46526 53050 12877 8066 9763 8891 99881 12283 64068 3425 280
internal_value=-3.82598e-06 -0.000154344 -0.000224178 6.164e-05 -0.000100263 -0.00028389 -0.000345523 0.000376275 0.00028281 0.000121967 0.000218552 0.000283772 -0.000825661 0.000129534
internal_weight=439315 133157 117673 306158 83109.5 105276 92399 15484 12397 223048 123164 110882 11491 64349
internal_count=439292 133156 117672 306136 83098 105275 92398 15484 12397 223038 123157 110874 11491 64348
is_linear=0
shrinkage=0.03


Tree=69
num_leaves=15
num_cat=0
split_feature=12 64 23 11 64 45 20 15 53 14 19 53 49 57
split_gain=5.33848 4.52744 3.57246 3.4594 3.44667 3.83945 3.3198 2.59 2.47529 2.36791 2.66583 2.34895 2.54242 2.16182
threshold=0.45671063661575323 0.92688494920730602 2.3205000162124638 -0.41052116453647608 0.3463119268417359 -0.0098000792786478979 -0.33175000548362726 0.12354999780654909 -0.0054769976995885363 -0.071515001356601701 0.40234999358654028 0.0069475090131163606 0.10920520871877672 0.0012159983161836865
decision_type=10 10 10 8 10 2 10 10 2 10 10 2 10 2
left_child=1 3 8 6 5 -5 11 -6 -2 -8 -11 12 -1 -3
right_child=2 13 -4 4 7 -7 9 -9 -10 10 -12 -13 -14 -15
leaf_value=0.00040675529093030471 -0.00061150656940624876 -1.2296134694501411e-05 -0.001571253922518623 0.00091969856937690927 0.00012253232958344432 0.00024600538316767466 0.00059651096406074895 -0.00026649244393412119 -0.00012277950564040628 3.2269796917050483e-05 -0.00063491494949191314 0.0011051729732839465 -0.00058425598226182157 -0.00054861276928322347
leaf_weight=2686 10581 11892 1690 8657 106626 62976.5 6220.5 17998 78459 91573.5 5722 907 17414.5 15683
leaf_count=2686 10581 11892 1690 8653 106618 62973 6220 17998 78455 91572 5722 907 17410 15683
internal_value=-1.9071e-06 5.14784e-05 -0.000206871 8.31894e-05 0.000161663 0.000327481 -4.04912e-05 6.63416e-05 -0.000180888 2.92949e-05 -6.9983e-06 -0.000384293 -0.00045176 -0.000317365
internal_weight=439086 348356 90730 320781 196258 71633.5 124524 124624 89040 103516 97295.5 21007.5 20100.5 27575
internal_count=439060 348334 90726 320759 196242 71626 124517 124616 89036 103514 97294 21003 20096 27575
is_linear=0
shrinkage=0.03


Tree=70
num_leaves=15
num_cat=0
split_feature=18 9 22 66 27 20 52 44 14 20 20 9 55 52
split_gain=3.924 3.67501 2.69929 2.90605 3.42986 4.11507 2.68142 2.39648 2.39441 2.65967 2.20755 2.18878 2.88279 2.16693
threshold=0.09271500259637834 0.050959581509232528 0.62685000896453869 0.70284366607666027 15.085000038146974 -0.27635000646114344 2.971440434455872 0.010291171260178091 -0.074045002460479722 -0.017245000228285786 -0.49334999918937678 0.02167436666786671 0.18278816342353824 1.2220860123634341
decision_type=10 10 10 10 10 8 10 2 10 10 10 10 2 8
left_child=2 13 3 4 5 7 -4 10 -3 -10 -1 12 -7 -2
right_child=1 8 6 -5 -6 11 -8 -9 9 -11 -12 -13 -14 -15
leaf_value=-0.0015357371338937773 5.6732973805087566e-06 0.0011001682660608642 0.00019749771732815893 -0.00028901918538657974 0.00015657657474481127 -0.0011494056114859346 -0.00038775612404704998 0.00036495508058644282 -0.00090451529890898182 0.00085498774128312156 -0.00045837100865901931 -8.5921659768952883e-05 0.00029997770938708184 -0.00040149614066612392
leaf_weight=1886 43896 642 110903.5 30295.5 97722 1292 7519 2880 10622 830 18198 70316 25914 16065
leaf_count=1885 43896 642 110901 30293 97722 1292 7518 2879 10622 830 18193 70306 25911 16065
internal_value=2.70812e-06 -0.000199688 4.24558e-05 -1.37152e-05 2.45132e-05 -8.26009e-05 0.000160323 -0.000443855 -0.000676631 -0.000776675 -0.000559899 2.48389e-06 0.000230949 -0.000103442
internal_weight=438981 72055 366926 248504 218208 120486 118422 22964 12094 11452 20084 97522 27206 59961
internal_count=438955 72055 366900 248481 218188 120466 118419 22957 12094 11452 20078 97509 27203 59961
is_linear=0
shrinkage=0.03


Tree=71
num_leaves=15
num_cat=0
split_feature=12 9 30 64 53 14 79 67 11 70 46 10 21 21
split_gain=4.56924 3.98501 3.72016 3.41117 2.74532 2.70556 2.67623 2.59844 2.38928 2.14989 2.33577 2.36152 2.50621 2.06321
threshold=0.44379091262817388 0.046383962035179145 0.61594998836517345 0.92688494920730602 0.0050802184268832215 -0.054214999079704278 115.50000000000001 0.0026852103183045988 -0.24263673275709149 0.029826167970895771 1.0258234739303591 -0.04546507075428962 0.4634499996900559 0.17275000363588336
decision_type=10 8 10 10 2 8 8 2 8 2 8 8 10 10
left_child=2 6 3 9 8 -5 -2 -3 -4 10 -1 12 -12 -8
right_child=1 7 4 5 -6 -7 13 -9 -10 -11 11 -13 -14 -15
leaf_value=4.1426217353523878e-05 -3.4426870638716854e-05 -0.00094999728962286395 0.00013771516183344091 0.00052147128916805606 -0.00089215640345077958 -0.00042688217023666793 0.00025921007936403754 4.381390948201087e-05 0.00064861190495217786 -0.0011526758656828823 0.00090147199783356972 0.00039280383883314428 0.0048207529140244839 -0.00069435013719829259
leaf_weight=271547 72057.5 8922 15608.5 3078 1526 22257 2546 3222 17450.5 1322.5 428 8685 221 10268.5
leaf_count=271529 72057 8922 15608 3078 1526 22256 2546 3222 17450 1322 428 8685 221 10266
internal_value=3.48591e-06 -0.000178232 5.50176e-05 2.18406e-05 0.00034999 -0.000311585 -0.000105483 -0.000686414 0.000407454 5.1779e-05 5.74705e-05 0.000523963 0.00226273 -0.000504868
internal_weight=439140 97016 342124 307538 34585 25335 84872 12144 33059 282204 280881 9334 649 12814.5
internal_count=439116 97013 342103 307519 34584 25334 84869 12144 33058 282185 280863 9334 649 12812
is_linear=0
shrinkage=0.03


Tree=72
num_leaves=15
num_cat=0
split_feature=12 64 11 17 3 50 20 23 30 45 1 62 20 27
split_gain=4.85317 3.55855 3.70567 3.40036 3.36492 3.19865 3.06988 2.44098 2.42146 2.49927 2.38057 2.30445 2.24028 2.87187
threshold=0.45671063661575323 0.71039488911628734 -0.39926946163177485 42.545000076293952 -0.00012999999307794494 -0.00040417654963675881 -0.28145000338554377 2.4314999580383305 0.5149500072002412 -0.007563648745417594 0.0094050001353025454 0.79642012715339672 -0.2149500027298927 16.715000152587894
decision_type=10 10 8 8 10 2 10 10 10 2 10 2 8 8
left_child=1 2 6 -3 8 -5 10 12 -4 -10 -1 -8 13 -2
right_child=7 3 4 5 -6 -7 11 -9 9 -11 -12 -13 -14 -15
leaf_value=-0.00038731117545488483 -0.00067556946506173575 0.00020501780145988527 0.00017810001549712614 -0.00039631826487207479 -8.1630405352665445e-05 -1.4799443781794363e-05 0.00013555307740517988 -0.0014574293626175776 0.00092885577926672073 0.0003479748254040618 0.0016404098345312091 -0.00030970915728012905 -7.6752966517552746e-05 -5.9514630682108764e-05
leaf_weight=21779 15330 25558 74497 37064 28731.5 42400.5 63000 1356 8308.5 33720 529 12539 61711 12253
leaf_count=21777 15328 25556 74494 37063 28728 42400 62999 1356 8305 33719 529 12538 61710 12253
internal_value=-9.40819e-07 4.99726e-05 0.000113015 -9.59542e-05 0.000209143 -0.000192762 -2.96946e-05 -0.000196457 0.000280839 0.000462904 -0.00033887 6.16267e-05 -0.000177228 -0.000401964
internal_weight=438776 348126 243104 105022 145257 79464.5 97847 90650 116526 42028.5 22308 75539 89294 27583
internal_count=438755 348108 243089 105019 145246 79463 97843 90647 116518 42024 22306 75537 89291 27581
is_linear=0
shrinkage=0.03


Tree=73
num_leaves=15
num_cat=0
split_feature=49 9 53 12 27 45 44 54 31 53 35 27 9 19
split_gain=4.08212 4.17976 3.82839 3.56467 3.65247 3.19182 2.54436 2.77039 2.40559 2.40399 2.78429 2.27689 2.26101 2.15736
threshold=0.01964762527495623 0.02167436666786671 0.0048562819138169297 0.53129756450653087 15.364999771118166 -0.0038169696927070613 -0.011324862018227575 0.00295763579197228 0.74494999647140514 -0.0050529201980680219 -0.084640000015497194 13.515000343322756 0.062315043061971671 0.29934999346733099
decision_type=10 10 2 8 8 2 2 2 10 2 8 8 10 10
left_child=-1 2 9 5 8 13 -7 -8 -5 10 -2 -11 -10 -3
right_child=1 3 -4 4 -6 6 7 -9 12 11 -12 -13 -14 -15
leaf_value=0.00053832449869602617 0.0020632950745782166 0.00018637369699259104 -0.0010249967942558564 -0.0013687958082116627 -3.8502922997705757e-05 -0.00067818634555861655 -0.0001601450459613518 6.2050177239421453e-05 -0.00040624942957415979 0.0001453873250202304 -0.00044564017779382553 0.00051107117751741482 -0.0030475567363366183 -0.00024373899365255744
leaf_weight=12605 419 82207.5 2228 2874 25414 6178 112569 91589 20665.5 37513 6527 25909 291 12027
leaf_count=12604 419 82195 2228 2874 25414 6178 112563 91589 20664 37513 6527 25906 291 12027
internal_value=6.36551e-06 -9.36568e-06 0.000197981 -5.19115e-05 -0.000288712 -1.36202e-05 -7.86246e-05 -6.04651e-05 -0.000555483 0.000236773 -0.00029292 0.000294804 -0.000443645 0.000131469
internal_weight=439016 426411 72596 353815 49244.5 304570 210336 204158 23830.5 70368 6946 63422 20956.5 94234.5
internal_count=438992 426388 72593 353795 49243 304552 210330 204152 23829 70365 6946 63419 20955 94222
is_linear=0
shrinkage=0.03


Tree=74
num_leaves=15
num_cat=0
split_feature=79 14 21 11 16 25 25 54 14 56 52 14 30 76
split_gain=4.43919 3.46545 2.97617 2.85267 2.78987 2.93198 2.6209 2.61375 2.6016 2.52942 2.30234 2.22833 2.1306 2.12324
threshold=707.50000000000011 0.21155000478029254 0.52625000476837169 0.30113101005554205 0.089000001549720778 0.076319999992847457 -0.10884999856352805 0.00072771968552842747 -0.10494999960064887 -0.0052379309199750415 6.1299695968627939 0.054585000500082977 0.15055000036954883 1.0000000180025095e-35
decision_type=8 10 10 8 8 10 10 2 10 2 10 10 8 2
left_child=1 4 3 -2 7 10 -4 9 -8 -1 13 -9 -10 -6
right_child=2 -3 6 -5 5 -7 8 11 12 -11 -12 -13 -14 -15
leaf_value=0.00024211596143391625 -0.00031177368044744318 -0.0016862778074806556 0.0014057378989286769 0.00027812665842636108 0.0005081653079648615 9.3058132380665026e-05 0.0011063506234270291 0.00021299595911082771 0.0023018474804068151 -0.00012227573657011293 -0.0014296870228824234 -0.00019731957575172963 -0.0011521530605057375 -0.00019086179945242693
leaf_weight=23220 29448.5 1045 456 9839.5 4105 63008 525 139416 160 65481 1294 13021 7020 80745
leaf_count=23219 29441 1045 456 9837 4105 63008 525 139411 160 65475 1294 13021 7020 80743
internal_value=1.66307e-06 3.48909e-05 -0.000272358 -0.000164019 3.95209e-05 -6.24632e-05 -0.000793492 0.000102601 -0.000924475 -2.68776e-05 -0.000176214 0.000177942 -0.00107364 -0.000157015
internal_weight=438784 391335 47449 39288 390290 149152 8161 241138 7705 88701 86144 152437 7180 84850
internal_count=438760 391321 47439 39278 390276 149150 8161 241126 7705 88694 86142 152432 7180 84848
is_linear=0
shrinkage=0.03


Tree=75
num_leaves=15
num_cat=0
split_feature=71 30 55 64 65 30 47 70 58 16 70 51 50 58
split_gain=3.90843 3.70214 3.12324 2.9457 2.76059 2.81578 2.71495 2.43136 2.54734 2.37543 2.2181 2.71625 2.79558 2.81959
threshold=0.0022425520000979309 0.57954999804496776 0.69555336236953746 0.92688494920730602 0.81800562143325817 0.36044999957084661 0.34908601641654974 0.0036027516471222047 0.026476074941456321 0.2315500006079674 -0.0021174225257709618 0.97547194361686718 -0.017539664171636101 0.01536833541467786
decision_type=2 10 2 10 8 8 10 2 2 8 2 10 2 2
left_child=1 10 7 9 5 -5 -6 -3 -9 -2 11 12 13 -1
right_child=3 2 -4 4 6 -7 -8 8 -10 -11 -12 -13 -14 -15
leaf_value=0.0038302903546068605 -2.0136006800365631e-05 0.0004774947459923358 -0.00069550558688506335 -0.0015709236282109447 -0.00057438807499085229 -0.00049498428691084921 0.00094190687189662364 7.1836826556310343e-05 -0.0038296270109085049 -0.00037710747139782042 -5.1651922070198695e-05 -0.0018281491339828813 0.00013727691520522853 -0.00039820258473937813
leaf_weight=362 87002.5 34423 2796 2917 2292 8763 1973 16553 147 20780.5 180243.5 623 79909.5 230
leaf_count=362 86998 34419 2796 2917 2292 8763 1973 16553 147 20780 180234 623 79903 230
internal_value=-2.40113e-06 5.36732e-05 0.000279995 -0.000145288 -0.000525802 -0.00076425 0.000127335 0.000333409 3.63586e-05 -8.89742e-05 6.97966e-06 0.000137243 0.000152566 0.00219789
internal_weight=439015 315287 53919 123728 15945 11680 4265 51123 16700 107783 261368 81124.5 80501.5 592
internal_count=438990 315267 53915 123723 15945 11680 4265 51119 16700 107778 261352 81118 80495 592
is_linear=0
shrinkage=0.03


Tree=76
num_leaves=15
num_cat=0
split_feature=12 18 9 51 20 79 70 47 60 79 51 57 50 20
split_gain=4.14696 3.18502 3.21917 3.29162 2.79356 3.00886 2.66171 3.05959 2.83086 2.58901 2.70836 2.52404 2.43383 2.06271
threshold=0.53129756450653087 0.070244997739791884 0.038450777530670173 0.099101044237613692 -0.022265000268816944 2617.5000000000005 0.00044966707355342811 0.21202620863914493 0.9494556486606599 184.50000000000003 0.022492527030408386 0.0066324665676802405 -0.012636557221412657 -0.42904999852180475
decision_type=10 8 10 10 10 8 2 10 2 8 8 2 2 10
left_child=1 6 3 -3 -4 -6 8 11 12 -2 -11 -8 -1 -14
right_child=9 2 4 -5 5 -7 7 -9 -10 10 -12 -13 13 -15
leaf_value=0.0012174900383975348 -0.00014580646760240342 0.00025855934403183753 -0.00043761077651256893 -0.00018435110115820423 0.00010964392649147289 0.0027568575312913479 -6.6125558643351462e-05 0.00031548004426589898 -0.00035713801422525548 0.001181727464064421 -0.00079243263875012411 -0.0012919659006111932 -0.0002862422553085456 0.00021106612541195666
leaf_weight=2074 50098 27768 31893.5 33094 4072 422 104186.5 20626 8748 664 9736 1529 7941 135886
leaf_count=2074 50098 27768 31893 33094 4072 422 104178 20626 8748 664 9735 1529 7939 135874
internal_value=-4.64951e-06 3.22381e-05 -0.000115736 1.77293e-05 -0.000338942 0.000361013 8.34523e-05 -1.8702e-05 0.000166906 -0.000235259 -0.000665883 -8.39156e-05 0.000198338 0.0001836
internal_weight=438738 378240 97249.5 60862 36387.5 4494 280990 126342 154649 60498 10400 105716 145901 143827
internal_count=438714 378217 97249 60862 36387 4494 280968 126333 154635 60497 10399 105707 145887 143813
is_linear=0
shrinkage=0.03


Tree=77
num_leaves=15
num_cat=0
split_feature=9 45 13 26 24 59 27 25 67 45 54 44 9 53
split_gain=4.46248 3.97343 3.1863 3.43614 3.00027 2.84584 2.74471 2.93662 2.66698 2.35586 2.13677 2.83143 2.06233 2.05562
threshold=0.022434646263718609 -0.0038169696927070613 0.25476212799549108 0.093374997377395644 0.58355000615119945 2.6861859560012822 13.515000343322756 -0.077204998582601533 0.0018771358300000431 -0.023681201972067353 0.0050076465122401723 -0.021415332332253453 0.030085495673120025 0.0017401807126589122
decision_type=10 2 8 10 8 10 8 8 2 2 2 2 10 2
left_child=5 4 3 12 9 6 -1 -8 -5 -2 11 -4 -3 -13
right_child=1 2 10 8 -6 -7 7 -9 -10 -11 -12 13 -14 -15
leaf_value=0.00010226104866483819 0.0015601411467524443 -0.00024014471837259914 -0.0029653703311784659 -0.00024807694794701734 4.4115844218378554e-05 -0.00032486188297837913 -0.00071023240197925922 0.00052780469109626083 7.2964245628056877e-05 0.00036455302574446964 0.00025861589892267801 -0.00013637596392404396 -0.00074905921459794635 0.00019451935676188348
leaf_weight=44933 1652 14013 296 62217.5 95588.5 8410 1819 31788.5 37215.5 14221.5 23979 65281.5 14678 22792
leaf_count=44933 1652 14013 296 62214 95581 8408 1819 31787 37213 14218 23979 65280 14678 22790
internal_value=7.0443e-06 -4.0505e-05 -0.000109133 -0.000211388 0.000107553 0.000199493 0.000255657 0.0004607 -0.000127921 0.000489433 7.48544e-06 -6.06694e-05 -0.000500585 -5.07394e-05
internal_weight=438885 351934 240472 128124 111462 86950.5 78540.5 33607.5 99433 15873.5 112348 88369.5 28691 88073.5
internal_count=438861 351914 240463 128118 111451 86947 78539 33606 99427 15870 112345 88366 28691 88070
is_linear=0
shrinkage=0.03


Tree=78
num_leaves=15
num_cat=0
split_feature=49 9 17 20 53 51 45 18 0 58 6 68 56 56
split_gain=3.99312 4.76373 3.14173 2.88162 3.67007 3.33192 2.87408 2.51476 2.39297 2.38551 2.44937 2.35115 2.30878 2.24329
threshold=0.024378357455134395 0.050959581509232528 61.245000839233406 -0.32164999842643732 -6.3328636315418394e-05 0.32365222275257116 0.00076097896089777361 -0.096045002341270433 -0.0039194999262690535 0.010140803176909687 -0.001685500028543174 -0.00023976171360118312 -0.014589658472687004 0.0061631023418158301
decision_type=10 10 10 8 2 10 2 8 10 2 8 2 2 2
left_child=-1 3 9 4 -2 6 8 -7 -5 10 -3 13 -9 -8
right_child=1 2 -4 5 -6 7 11 12 -10 -11 -12 -13 -14 -15
leaf_value=0.00049335638962030772 -0.00047148044448172164 0.0027204087894942075 -0.00086724408246139761 0.00020856105255598947 7.0239611060929534e-05 0.0011677658372153405 1.0205300843285176e-05 -0.0010613621402876482 -0.00012494928146247934 -4.4221832690711416e-05 -0.00089329261662578327 1.83812401387935e-05 -0.00023000234175214396 -0.00066680529843673726
leaf_weight=14126 23808 170 8364 131240 21342 1024 8333.5 3487 22710 19625 4954 148337 21659 9338.5
leaf_count=14126 23807 170 8364 131228 21338 1024 8333 3487 22707 19625 4954 148336 21658 9338
internal_value=-2.75397e-06 -1.92728e-05 -0.00036475 9.96849e-06 -0.000215435 3.93734e-05 6.59946e-05 -0.000286052 0.000159361 -0.00019479 -0.000770865 -2.05916e-05 -0.000345475 -0.000347638
internal_weight=438518 424392 33113 391279 45150 346129 319959 26170 153950 24749 5124 166009 25146 17672
internal_count=438495 424369 33113 391256 45145 346111 319942 26169 153935 24749 5124 166007 25145 17671
is_linear=0
shrinkage=0.03


Tree=79
num_leaves=15
num_cat=0
split_feature=57 13 32 49 22 64 30 70 30 24 65 31 56 1
split_gain=3.87917 3.62781 3.16745 2.92231 2.62741 2.36572 2.28398 2.05318 2.37618 1.93617 2.50799 2.21847 1.86031 2.11407
threshold=-0.00077889487147331227 0.26272976398468023 -0.11840000003576277 0.80009812116622936 1.1635000109672549 0.68660157918930065 0.36255000531673437 0.019482090137898925 0.29305000603199011 0.69564998149871837 0.018989542499184612 1.0684999823570254 -0.0013159649097360668 0.0020575000671669845
decision_type=2 8 10 8 10 10 8 2 8 10 10 10 2 8
left_child=7 2 3 4 -2 12 -7 9 -9 10 -1 -12 -3 -14
right_child=1 5 -4 -5 -6 6 -8 8 -10 -11 11 -13 13 -15
leaf_value=0.0016555701603706366 -0.00048189818734892145 0.00028849647305667544 -8.4499285079004679e-05 0.00023945718868801215 -0.002308221923614445 -0.00054026504856823857 6.6967762169163136e-06 0.00094836819399058976 -0.0005891251774557 7.1809976050263118e-05 0.00016096918946823319 0.00066185459427828839 -0.00057924008673462726 8.8934797376697886e-05
leaf_weight=1178 29237.5 42625 109034 5272 722 9437 25233.5 1049 6395.5 123443 41023 9870.5 4985 29194
leaf_count=1178 29234 42624 109033 5272 722 9437 25233 1049 6395 123434 41018 9870 4985 29192
internal_value=1.03609e-05 -6.50932e-05 -0.000164414 -0.000411686 -0.000526289 6.34452e-05 -0.000142238 0.000115829 -0.000371987 0.00013653 0.000289937 0.000258168 0.000156297 -8.58884e-06
internal_weight=438699 255740 144266 35231.5 29959.5 111474 34670.5 182959 7444.5 175514 52071.5 50893.5 76804 34179
internal_count=438676 255732 144261 35228 29956 111471 34670 182944 7444 175500 52066 50888 76801 34177
is_linear=0
shrinkage=0.03


Tree=80
num_leaves=15
num_cat=0
split_feature=12 9 26 45 51 63 23 20 27 50 34 47 22 9
split_gain=4.01054 3.7498 2.52212 2.47014 3.58586 2.20754 2.23586 2.03862 2.70756 2.001 3.08071 2.47094 2.04133 1.96531
threshold=0.38772177696228033 0.041038746014237411 0.15335000306367877 -0.0015367306186817584 0.10263139382004739 0.28265455365180975 1.4344999790191653 -0.21694999933242795 14.605000019073488 -0.017539664171636101 0.0066474999766796836 0.25012686848640447 -0.15715000033378598 0.034038363024592407
decision_type=10 8 10 2 10 2 8 8 10 2 10 10 10 10
left_child=3 7 -3 4 5 6 -1 8 -2 10 -6 -11 -13 -8
right_child=1 2 -4 -5 9 -7 13 -9 -10 11 -12 12 -14 -15
leaf_value=0.00065945414829963079 -0.00061255527337767605 -0.00074351684879936635 -0.00013934902707386055 -1.026822042253867e-05 0.0024561964475600883 0.00017038572701048109 0.0007536139356287999 2.1910696424437004e-05 -1.4344778501453707e-05 2.7960732142291827e-05 -0.0012890958148989002 0.0022861704021835557 -0.00085690515338676958 -0.00049295285415207617
leaf_weight=21568.5 12266 13745.5 11358 188323.5 669 37754 1766 73502 15300 54811 276 190 4136 3181
leaf_count=21566 12265 13745 11358 188317 669 37745 1766 73500 15300 54808 276 190 4136 3181
internal_value=6.40657e-07 -0.000142125 -0.000470245 5.8251e-05 0.000162016 0.000317769 0.000527548 -6.06059e-05 -0.000280592 -4.60507e-06 0.00136131 -2.65454e-05 -0.00071638 -4.76368e-05
internal_weight=438846 126172 25103.5 312675 124352 64269.5 26515.5 101068 27566 60082 945 59137 4326 4947
internal_count=438822 126168 25103 312654 124337 64258 26513 101065 27565 60079 945 59134 4326 4947
is_linear=0
shrinkage=0.03


Tree=81
num_leaves=15
num_cat=0
split_feature=49 79 12 11 21 30 19 74 30 53 51 24 45 58
split_gain=3.6724 3.65615 4.50375 4.76953 3.18768 3.09506 2.96293 4.18194 2.74557 2.61928 2.37215 2.35164 3.68701 2.30235
threshold=0.01964762527495623 124.50000000000001 0.25925962626934057 -0.04604933783411979 0.48385000228881841 0.61594998836517345 0.17044999450445178 1.0000000180025095e-35 0.22884999960660937 0.0053043572697788486 0.19131868332624438 1.4794999957084658 0.0076177648734301337 0.012589064892381431
decision_type=10 8 8 10 10 10 8 2 8 2 10 10 2 2
left_child=-1 5 3 -3 8 6 11 -8 -4 -7 -5 -2 -13 -14
right_child=1 2 4 10 -6 9 7 -9 -10 -11 -12 12 13 -15
leaf_value=0.00050797311886104318 8.3948937959993722e-05 -0.0002404612697898485 0.0014343357213520249 0.00089176056295381075 -0.0010634279705639639 0.00033863217602829281 -0.00019687746486381639 0.00077094987765034654 -0.00037597400027478578 -0.00098721926133192171 -5.6665743831650862e-05 -0.00043655249224848789 8.3240263472213227e-05 0.0013890560695529995
leaf_weight=12595 212213 19058.5 773 6740.5 6536 34807.5 85669 4211 24599 1390 3661 19124 6048 1516
leaf_count=12594 212206 19054 773 6738 6536 34805 85668 4211 24595 1390 3661 19124 6047 1516
internal_value=3.21088e-06 -1.17064e-05 -0.000225944 4.15273e-05 -0.000472862 2.43183e-05 -4.67077e-06 -0.000151493 -0.000320548 0.00028759 0.000558078 5.05691e-05 -0.000214821 0.000345701
internal_weight=438942 426346 61368 29460 31908 364978 328781 89880 25372 36197.5 10401.5 238901 26688 7564
internal_count=438918 426324 61357 29453 31904 364967 328772 89879 25368 36195 10399 238893 26687 7563
is_linear=0
shrinkage=0.03


Tree=82
num_leaves=15
num_cat=0
split_feature=12 57 27 20 45 9 65 14 35 20 55 72 45 24
split_gain=3.6455 3.1519 2.79813 3.12056 2.55735 2.41408 2.32251 2.05964 2.02227 1.95079 2.89671 2.26238 2.35765 3.01336
threshold=0.53129756450653087 0.0038938097422942524 16.715000152587894 -0.22084999829530713 -0.045706834644079201 0.030707309022545818 0.0083857811987400072 0.21155000478029254 0.47249999642372137 -0.33534999191761011 0.628003090620041 -0.0097383195534348471 -0.0033712225267663594 0.62985000014305126
decision_type=10 2 8 10 2 10 10 10 10 8 2 2 2 10
left_child=1 9 3 -2 -3 -5 -6 8 -8 10 -1 -11 13 -13
right_child=2 4 -4 5 6 -7 7 -9 -10 11 -12 12 -14 -15
leaf_value=-0.00026824511654136094 -0.000825744065159951 0.0025011868199608131 5.1319873154195961e-05 -3.7867360247672186e-06 0.0016630936429168728 -0.00057927950974294526 -0.00013977346192564226 -0.0019022537830109098 -0.0024062899255659432 -0.00064801729273224922 0.0004649725347840646 0.00055374827138208516 4.9182718643689097e-05 0.00014348231647649793
leaf_weight=27534.5 10055.5 324 22193 18219 626 10246.5 74936 604 351 3549 5881 20896.5 173987 70349.5
leaf_count=27532 10054 324 22193 18219 626 10246 74935 604 351 3549 5881 20890 173983 70343
internal_value=-1.1839e-06 3.33868e-05 -0.000216995 -0.000371564 -0.000138167 -0.000211008 -0.000149506 -0.000164566 -0.000150499 7.70101e-05 -0.000139151 0.000103886 0.000113959 0.000237464
internal_weight=439752 379038 60714 38521 76841 28465.5 76517 75891 75287 302198 33415.5 268782 265233 91246
internal_count=439730 379018 60712 38519 76840 28465 76516 75890 75286 302178 33413 268765 265216 91233
is_linear=0
shrinkage=0.03


Tree=83
num_leaves=15
num_cat=0
split_feature=18 13 79 22 20 74 71 4 64 79 52 34 63 10
split_gain=3.77732 3.24181 3.22021 2.96694 2.93306 3.55654 2.47856 2.36009 2.28953 2.17402 2.53841 2.85174 2.25222 2.02812
threshold=0.088495001196861281 0.42275841534137731 76.500000000000014 0.66685000061988842 -0.043294999748468392 1.0000000180025095e-35 -0.010934040416032074 4.2882499694824228 0.030735492706298832 2.5000000000000004 1.088239371776581 0.0081259999424219149 0.97995984554290783 -0.038373600691556924
decision_type=10 8 8 8 10 2 2 8 10 10 10 10 2 10
left_child=1 2 -1 8 6 9 -2 -7 -4 12 -11 -12 -6 -10
right_child=4 -3 3 -5 5 7 -8 -9 13 10 11 -13 -14 -15
leaf_value=4.459274101879643e-05 0.00066850419449443791 0.00021279676892583261 0.0009322041237277628 0.00010862964440395009 0.00053168011297005213 0.0049957750204913803 -0.00040300913720640099 0.0010442397284490968 0.00046350784513492227 7.6716977429435772e-05 -0.00078572600813850738 0.00038536885947024674 0.0038754529068341518 -0.00051463179889906679
leaf_weight=232698.5 2037 82690 1118 15638 2460 147 40253 1353 2044 20563 7723 2466 191 27902.5
leaf_count=232693 2037 82681 1118 15638 2460 147 40253 1353 2044 20563 7723 2466 191 27894
internal_value=7.18057e-06 4.77992e-05 -1.03546e-06 -0.000228362 -0.000183341 2.02156e-05 -0.000351324 0.0014468 -0.000397995 -4.40538e-05 -0.000115158 -0.000502241 0.000779435 -0.000447803
internal_weight=439284 362091 279401 46702.5 77193 34903 42290 1500 31064.5 33403 30752 10189 2651 29946.5
internal_count=439261 362068 279387 46694 77193 34903 42290 1500 31056 33403 30752 10189 2651 29938
is_linear=0
shrinkage=0.03


Tree=84
num_leaves=15
num_cat=0
split_feature=45 24 39 9 50 68 64 30 30 12 15 35 72 73
split_gain=3.09065 4.08481 4.27435 3.52942 2.98126 3.8031 3.44706 2.4251 2.37176 2.71083 2.26569 2.09743 2.2024 2.07684
threshold=-0.0033712225267663594 0.9556500017642976 0.03529500029981137 0.020740371197462085 -0.0019072816357947884 0.0050315698608756074 0.68265050649642955 0.44975000619888311 0.49275000393390661 0.38772177696228033 0.099995002150535597 -0.036820000037550919 -0.0097383195534348471 1.0000000180025095e-35
decision_type=2 10 10 10 2 2 10 10 8 10 10 10 2 2
left_child=1 8 -3 -2 6 -6 -5 10 -1 -10 13 -4 -13 -7
right_child=3 2 11 4 5 7 -8 -9 9 -11 -12 12 -14 -15
leaf_value=4.2813875548213457e-05 0.00018483021437376812 -0.0001915703302305922 -0.00031358741536233263 -0.00012075515261486519 -0.00012367857838423033 0.0010902960816126614 -0.00060957780091847643 -7.3194504696788719e-05 0.00053003414384598067 4.505222726915985e-06 -0.0001245375641918866 -0.0016558988840626291 0.0006308146832497717 0.00036337223574459056
leaf_weight=27905 43898 52067 3126 35433.5 152571.5 4545 20490 18732 33994 11935 6326 387 11763 15940
leaf_count=27905 43898 52064 3126 35432 152567 4544 20489 18732 33985 11934 6326 387 11763 15940
internal_value=-8.76124e-06 0.000106858 -6.21099e-05 -6.35481e-05 -0.000106471 -5.18653e-05 -0.000299895 0.0001887 0.000260965 0.000393487 0.000371658 0.000379064 0.000557327 0.000524881
internal_weight=439113 141177 67343 297936 254038 198114 55923.5 45543 73834 45929 26811 15276 12150 20485
internal_count=439092 141164 67340 297928 254030 198109 55921 45542 73824 45919 26810 15276 12150 20484
is_linear=0
shrinkage=0.03


Tree=85
num_leaves=15
num_cat=0
split_feature=9 60 49 21 54 26 45 68 56 9 45 55 58 12
split_gain=3.26741 2.89441 2.79386 2.63331 2.35899 2.31269 2.73407 2.42358 3.60759 2.51891 2.5922 2.45644 2.26052 2.33931
threshold=0.053657680749893195 0.12842251360416415 0.014289641287177803 0.1641499996185303 0.021074175834655765 0.13825000077486041 -0.030996825546026226 -0.00015246809198288244 0.0040329254698008308 0.036153299733996398 0.032660951837897308 0.70408502221107494 0.010771177709102632 0.29914890229702001
decision_type=10 2 10 8 2 8 2 2 2 10 2 2 2 10
left_child=1 4 -2 -3 -1 6 -5 8 -8 -9 -11 -10 13 -4
right_child=2 3 12 5 -6 -7 7 9 11 10 -12 -13 -14 -15
leaf_value=0.00025179325320348438 0.0012182630032961967 0.00029192654635480414 -0.00032557803807341755 0.0011927383063771843 -0.0030129856665749685 7.9424490300374103e-05 -0.0001225493241345906 1.2904254331124539e-05 -0.00089894581097126828 -0.00033017832730318015 0.00093755304500274549 0.00052661759618381104 -0.0001815081825550359 -0.0013331932270952162
leaf_weight=50649 1031 25364 4635 1493 195 121565.5 28730.5 137799 10371.5 32845 1514 1212 18140 3754
leaf_count=50647 1031 25364 4635 1493 195 121565 28729 137783 10368 32844 1514 1212 18140 3754
internal_value=5.90487e-06 2.7074e-05 -0.000310303 -2.78252e-06 0.000238977 -2.50647e-05 -8.44313e-05 -9.34336e-05 -0.000302799 -4.43995e-05 -0.000274189 -0.000749624 -0.000369926 -0.000777002
internal_weight=439298 411738 27560 360894 50844 335530 213965 212472 40314 172158 34359 11583.5 26529 8389
internal_count=439274 411714 27560 360872 50842 335508 213943 212450 40309 172141 34358 11580 26529 8389
is_linear=0
shrinkage=0.03


Tree=86
num_leaves=15
num_cat=0
split_feature=9 13 79 51 49 20 51 12 58 19 24 50 71 63
split_gain=3.74716 3.05143 3.15818 2.96014 2.92233 2.75961 2.72044 2.5382 2.75295 2.47028 2.10909 2.03236 1.87942 1.86168
threshold=0.053657680749893195 0.33333352208137518 89.500000000000014 0.077018909156322493 0.014289641287177803 -0.024325000122189518 0.36779321730136877 0.29914890229702001 0.010771177709102632 -0.29095000028610224 1.8395000100135805 0.004611736861988903 -0.0043143671937286845 0.14503885805606845
decision_type=10 8 8 10 10 10 10 8 2 8 10 2 2 2
left_child=1 2 6 10 -2 12 -1 -6 9 -9 11 -3 -4 -8
right_child=4 3 5 -5 7 -7 13 8 -10 -11 -12 -13 -14 -15
leaf_value=3.6983726188765278e-05 0.0012048832882280973 0.00036630880027072288 0.00017443509741890757 2.7277174775843568e-05 -0.0001438650654490882 0.0010054299189722034 -0.00097125253710584204 -0.0039634192905050386 -0.0004058688436631363 -0.0011666775421969038 -0.0015644191520583098 -0.00051004592646562512 -0.00040793511004284685 -0.00019008217746970273
leaf_weight=215124.5 1060 52770.5 5845 84799 15130 1456 3659 306 7532 3475 531 2490 33886.5 10970
leaf_count=215121 1060 52765 5844 84791 15130 1456 3659 306 7532 3475 531 2489 33881 10969
internal_value=2.87827e-06 2.55374e-05 -3.33081e-05 0.000138939 -0.000336116 -0.000275199 1.00604e-05 -0.000398105 -0.000737913 -0.00139796 0.00030864 0.000326778 -0.00032225 -0.000385733
internal_weight=439034 411532 270941 140590 27503 41187.5 229754 26443 11313 3781 55791.5 55260.5 39731.5 14629
internal_count=439009 411506 270930 140576 27503 41181 229749 26443 11313 3781 55785 55254 39725 14628
is_linear=0
shrinkage=0.03


Tree=87
num_leaves=15
num_cat=0
split_feature=12 79 64 50 20 27 64 9 14 72 46 16 50 35
split_gain=3.69649 2.84302 2.34596 3.07033 2.50109 2.28438 2.17182 2.09671 2.49186 2.19567 2.09644 2.05289 1.95922 2.04623
threshold=0.44379091262817388 115.50000000000001 0.92688494920730602 -0.011565884575247763 -0.50964999198913563 16.07499980926514 0.042694536969065673 0.050959581509232528 -0.074045002460479722 -0.0097383195534348471 0.27123969793319708 -0.17285000532865522 0.0067293173633515843 0.005846999818459154
decision_type=10 8 10 2 8 10 8 10 8 2 10 8 2 8
left_child=2 -2 3 -1 5 -5 -3 9 -9 -6 -4 -10 13 -12
right_child=1 6 10 4 7 -7 -8 8 11 -11 12 -13 -14 -15
leaf_value=0.00090503638777186183 -9.525651345503886e-05 0.00087012489792570938 0.0022915291355026595 -0.0012714339315851081 -0.00064198036208852876 -0.00010020880418871786 -0.00060521697219836966 0.00060781438863991076 0.00038760012095202264 9.4501374578871795e-05 -0.00013269538589767845 -0.00053014941260213274 0.00028057632455196266 -0.00072224532365987033
leaf_weight=3843 80030.5 947 289 2372 3686 4059 16026.5 2663 2613 281886.5 12712 13560 4984 9084
leaf_count=3843 80030 946 289 2372 3686 4059 16024 2663 2613 281863 12711 13560 4984 9084
internal_value=-6.62987e-06 -0.000170068 3.97627e-05 6.28167e-05 5.23897e-05 -0.000532854 -0.000522671 6.47622e-05 -0.000241765 8.49842e-05 -0.000228207 -0.000381799 -0.000255822 -0.000378514
internal_weight=438756 97004 341752 314682 310840 6431 16973.5 304408 18836 285572 27069 16173 26780 21796
internal_count=438727 97000 341727 314659 310816 6431 16970 304385 18836 285549 27068 16173 26779 21795
is_linear=0
shrinkage=0.03


Tree=88
num_leaves=15
num_cat=0
split_feature=9 17 49 28 72 61 60 55 60 47 79 19 19 79
split_gain=3.1328 2.52776 2.73598 2.63213 2.45172 2.68188 3.19629 3.69729 2.86703 2.61186 2.15352 2.12579 2.09223 1.93155
threshold=0.05041198059916497 57.385000228881843 0.014289641287177803 0.27080000936985021 -0.012058732099831103 0.57659474015235912 0.096907764673233046 0.36025752127170568 0.45168364048004156 0.26429581642150884 1662.5000000000002 0.17044999450445178 0.020004999823868278 8.5000000000000018
decision_type=10 8 10 8 2 2 2 2 2 8 10 8 10 8
left_child=4 2 -2 12 13 8 -7 -8 -6 -9 -3 -10 -4 -1
right_child=1 10 3 -5 5 6 7 9 11 -11 -12 -13 -14 -15
leaf_value=0.001022695184133029 0.0016122133149197048 -0.00053892769294790655 -0.0021136035357866316 -2.0597369463267878e-05 0.00021973383660414786 0.00026521680600273534 -0.00037023790215213163 -8.8401329192623759e-05 7.2516207823373617e-05 0.00034336925072472982 -0.0031657303302595067 -0.00019131193887492155 -0.00036460947288689377 -0.0012120268571831191
leaf_weight=405 824 13775 997 18827 88782 22191.5 39319 95121 102616 14531 282 37537 1603 2335
leaf_count=405 824 13775 997 18827 88771 22191 39316 95120 102611 14531 282 37537 1603 2335
internal_value=-1.09957e-05 -0.000277875 -7.8877e-05 -0.000144271 1.30615e-05 1.91915e-05 -7.06349e-05 -0.000120672 8.635e-05 -3.11704e-05 -0.000592731 1.85115e-06 -0.00103805 -0.000880451
internal_weight=439146 36308 22251 21427 402838 400098 171162 148971 228935 109652 14057 140153 2600 2740
internal_count=439125 36308 22251 21427 402817 400077 171158 148967 228919 109651 14057 140148 2600 2740
is_linear=0
shrinkage=0.03


Tree=89
num_leaves=15
num_cat=0
split_feature=21 25 60 79 19 27 74 20 22 28 20 63 54 24
split_gain=2.91278 2.99869 2.51122 3.06329 3.13059 3.0786 2.62332 3.60981 2.19511 2.14381 2.06522 2.79103 2.0595 2.66227
threshold=0.18075000494718554 0.054050000384449966 0.12842251360416415 89.500000000000014 0.17535000294446948 17.535000801086429 1.0000000180025095e-35 -0.083405002951621995 0.34984999895095831 0.14779999852180484 -0.062584999948739992 0.98687082529068004 0.0017008451977744701 1.2565000057220461
decision_type=8 8 2 8 8 8 2 10 10 8 10 2 2 10
left_child=1 -1 -2 4 12 10 9 -8 -3 -6 -5 -12 13 -4
right_child=2 8 3 5 6 -7 7 -9 -10 -11 11 -13 -14 -15
leaf_value=1.5849885207423283e-05 0.00017601279359988304 3.7063410308031441e-05 4.1924895495807566e-05 -0.00054540397085292645 -0.00051773148726782636 1.3924613144197941e-05 -0.00071813834873266915 0.0012795718992712664 0.00071446553996102919 -0.00012858435691436352 -3.0413955512318446e-05 0.0036019059228287499 0.00013823269689887404 -0.00030647516485509866
leaf_weight=26023 49544.5 6250 74979 27609.5 16324 22374 1221 2422 13836 58009.5 4950 193 108128.5 26788
leaf_count=26020 49542 6250 74975 27601 16324 22374 1221 2422 13836 58008 4950 193 108126 26788
internal_value=2.86979e-06 0.000228418 -2.36262e-05 -5.24653e-05 -1.32307e-05 -0.00025733 -0.000175538 0.000609946 0.000503745 -0.000214072 -0.000442603 0.000109261 4.70694e-05 -4.97946e-05
internal_weight=438652 46109 392543 342998 287872 55126.5 77976.5 3643 20086 74333.5 32752.5 5143 209896 101767
internal_count=438630 46106 392524 342982 287864 55118 77975 3643 20086 74332 32744 5143 209889 101763
is_linear=0
shrinkage=0.03


Tree=90
num_leaves=15
num_cat=0
split_feature=51 50 46 30 65 79 30 30 64 23 63 10 58 64
split_gain=2.80376 2.99534 2.80939 2.30309 2.29207 2.65694 2.20822 1.97472 1.9654 2.02933 2.58564 1.95578 2.17661 1.94351
threshold=0.36779321730136877 0.0043106288649141797 0.27123969793319708 0.33014999330043798 0.015523958485573532 719.50000000000011 0.67614999413490307 0.45984999835491186 0.042694536969065673 2.1475000381469731 0.022173058241605762 0.058081420138478286 0.014844010584056379 0.9908045530319215
decision_type=10 2 10 8 10 8 8 8 10 10 2 10 2 10
left_child=4 2 -2 -4 6 -6 -1 -3 -7 10 -10 13 -13 -5
right_child=1 7 3 11 5 8 -8 -9 9 -11 -12 12 -14 -15
leaf_value=0.00029979808267922972 0.0026845916630869908 0.00064061027943257409 -0.0012458205571093193 -0.00012123067429276618 3.7585252464817959e-05 0.00053774232762650613 0.0017355708166106338 -0.00029281757830171892 0.0014718548829373891 -0.0012035338937999526 -0.00025657121503224557 -0.0010330548175904509 -0.0048217394704591814 -0.0010482528283653415
leaf_weight=4172 242 4215 3385 11943 364118.5 2911 1250 3944 791 1983 36534.5 1253 149 2449
leaf_count=4172 242 4215 3385 11943 364104 2910 1250 3944 791 1983 36527 1253 149 2449
internal_value=2.71069e-08 -0.000292775 -0.00049538 -0.000536194 1.96426e-05 1.14625e-05 0.000632098 0.000189495 -0.000213808 -0.000269526 -0.00021975 -0.000383759 -0.00145141 -0.000279286
internal_weight=439340 27580 19421 19179 411760 406338 5422 8159 42219.5 39308.5 37325.5 15794 1402 14392
internal_count=439317 27580 19421 19179 411737 406315 5422 8159 42211 39301 37318 15794 1402 14392
is_linear=0
shrinkage=0.03


Tree=91
num_leaves=15
num_cat=0
split_feature=18 20 22 64 9 25 27 23 62 43 52 49 28 16
split_gain=3.05722 3.26189 2.85278 3.69499 2.84956 2.60886 2.42767 3.00797 2.239 2.69688 2.04928 2.2883 2.04477 2.02778
threshold=0.09271500259637834 -0.022265000268816944 0.61825001239776622 0.93086332082748424 0.072408132255077376 0.04454500041902066 15.144999980926515 0.62985000014305126 0.39021539688110357 0.009732853155583145 1.3213992714881899 0.93805706501007091 0.060514999553561218 0.19725000113248828
decision_type=10 10 10 10 10 8 8 10 2 2 8 8 10 10
left_child=2 4 6 5 10 -4 7 -1 -8 -10 12 -12 -2 -9
right_child=1 -3 3 -5 -6 -7 8 13 9 -11 11 -13 -14 -15
leaf_value=-0.00045150533821509845 -0.00071493637602385637 0.00015752610588092394 7.1248630459842284e-05 -0.00041698631158964275 -0.0014973881025033698 0.00036312095215677067 0.00023006959839920628 -1.2960303098459994e-05 -9.8227782403245809e-05 0.00044991602341891418 -0.00075752513109266536 0.0008504251729871008 -8.052540152941778e-05 -0.00049762857990219914
leaf_weight=20541.5 5251 18895 62219.5 9454 1730 49480 47387.5 92987.5 67250 9176 9914 862 35171 8472.5
leaf_count=20536 5251 18895 62217 9453 1730 49480 47387 92974 67250 9176 9914 862 35171 8472
internal_value=-1.82808e-06 -0.000180815 3.32051e-05 0.000152347 -0.000301604 0.000200551 -2.55177e-05 -0.000120491 6.80669e-05 -3.23904e-05 -0.000261056 -0.000628566 -0.000163016 -5.34555e-05
internal_weight=438792 71823 366968 121154 52928 111700 245815 122002 123814 76426 51198 10776 40422 101460
internal_count=438768 71823 366945 121150 52928 111697 245795 121982 123813 76426 51198 10776 40422 101446
is_linear=0
shrinkage=0.03


Tree=92
num_leaves=15
num_cat=0
split_feature=12 64 10 63 20 63 23 0 45 27 20 18 54 64
split_gain=2.74107 2.24953 3.84098 3.23036 3.15318 2.77963 2.54608 2.31878 2.17895 2.10953 2.84461 1.95699 2.22421 1.88586
threshold=0.53129756450653087 0.65197157859802257 -0.0074757784605026236 0.48574814200401312 -0.50964999198913563 0.29386860132217413 0.61004999279975902 0.0057249998208135375 -0.045706834644079201 16.715000152587894 -0.2149500027298927 0.056345000863075263 0.001790394133422524 0.96499025821685802
decision_type=10 10 10 2 8 2 10 8 2 8 10 8 2 10
left_child=1 2 4 13 -1 8 -7 -4 -6 10 -2 -10 -13 -3
right_child=9 3 7 -5 5 6 -8 -9 11 -11 -12 12 -14 -15
leaf_value=-0.0012201161481785884 -0.00074233130439577653 -0.00016853356107744168 -5.3414643196966642e-05 7.0503129791361712e-05 0.0031836538840018741 -0.00066487956653417835 -7.9692204288201273e-05 0.00022989975650981409 0.00039903123894415314 4.7069955688566722e-05 -0.0001623280365938215 0.00039595036301269282 -0.0007040672614787879 -0.00071162807897466444
leaf_weight=2117 10457.5 56496 32665.5 71892 219 7668.5 52306.5 127368 15066 22182 27932.5 2964 3732 6403
leaf_count=2117 10456 56494 32661 71890 219 7668 52302 127362 15064 22182 27932 2964 3732 6402
internal_value=1.54433e-06 3.15016e-05 8.58194e-05 -6.68674e-05 -7.83611e-05 -4.87958e-05 -0.000154564 0.000172071 0.000239762 -0.000185835 -0.000320398 0.000209412 -0.00021721 -0.000223872
internal_weight=439470 378898 244106 134791 84073 81956 59975 160034 21981 60572 38390 21762 6696 62899
internal_count=439445 378875 244089 134786 84066 81949 59970 160023 21979 60570 38388 21760 6696 62896
is_linear=0
shrinkage=0.03


Tree=93
num_leaves=15
num_cat=0
split_feature=64 49 63 14 64 48 48 9 53 22 1 10 47 71
split_gain=2.82425 3.90861 3.65567 3.03614 3.068 2.67514 2.55301 2.72438 3.09989 2.60454 2.48776 2.04963 2.03973 2.04525
threshold=0.63209992647171032 0.7551981806755067 0.87810000777244579 -0.059955000877380364 0.96499025821685802 -0.45953901112079615 -0.43332560360431666 0.040826991200447089 0.0037545531522482638 0.60144999623298656 -0.0061975000426173201 0.024514165706932548 0.20933379977941516 0.0024166450602933769
decision_type=10 8 2 8 10 10 10 10 2 8 10 10 8 2
left_child=2 3 6 5 -5 -2 -1 9 10 -8 -9 -7 13 -3
right_child=1 12 -4 4 -6 11 7 8 -10 -11 -12 -13 -14 -15
leaf_value=0.00041345067309159504 0.0012085072919611978 0.00012556875788207028 -0.00030601499533353663 -0.00018760450784610522 -0.00074631233399436586 -7.1100522847521172e-05 1.2935397897287356e-05 -0.00032337762124004966 0.00050020416420649375 0.0002360835689701691 0.00061094399601828138 0.0017949591641924787 0.00049272006171689775 -0.00052703507101279062
leaf_weight=20234 2239 27352 22836 97727.5 9722 8266 107491 34379.5 5651 83749.5 2767 561 11147 5128
leaf_count=20231 2239 27351 22835 97726 9721 8265 107479 34379 5651 83748 2767 561 11147 5128
internal_value=-6.48204e-07 -0.000100094 5.75405e-05 -0.000189458 -0.000238189 0.000283603 9.01965e-05 6.2241e-05 -0.000154115 0.000110662 -0.000253708 4.84459e-05 0.000142664 2.24692e-05
internal_weight=439250 162142 277108 118516 107450 11066 254272 234038 42797.5 191240 37146.5 8827 43627 32480
internal_count=439228 162138 277090 118512 107447 11065 254255 234024 42797 191227 37146 8826 43626 32479
is_linear=0
shrinkage=0.03


Tree=94
num_leaves=15
num_cat=0
split_feature=16 14 74 24 27 53 16 36 39 73 26 29 45 53
split_gain=2.72361 3.93864 3.17193 2.3067 4.55509 3.72562 3.19737 3.16096 3.27373 2.84447 2.73226 3.00711 2.70661 2.52569
threshold=0.17684999853372577 -0.10494999960064887 1.0000000180025095e-35 1.250500023365021 15.295000076293947 0.00036062122671864932 0.048414999619126327 -0.004772000014781951 0.054884999990463264 4.5000000000000009 0.23085000365972522 1.0000000180025095e-35 -0.0082515440881252271 -0.0066450370941311112
decision_type=10 10 2 10 8 2 10 10 8 2 10 10 2 2
left_child=3 -2 -3 12 5 6 -5 8 10 -9 -6 -12 -1 -14
right_child=1 2 -4 4 7 -7 -8 9 -10 -11 11 -13 13 -15
leaf_value=0.0002840538694080109 0.0019738520060059769 -0.00020735440857616217 0.00062215200719324974 -0.00068745131866816331 -0.00028650484429863516 7.2982211143974131e-05 -3.134436174759949e-05 0.00041409345475141419 0.00096905777536370071 -0.0040381546158415188 -0.0033505110896022436 -0.0001623983388443323 -0.00040963222419851283 5.4159298747977156e-05
leaf_weight=45862.5 774 88138 4349 21735.5 7727 16328.5 9653.5 20594 1654 125 581 489 11122 210208.5
leaf_count=45854 774 88137 4349 21734 7727 16324 9653 20594 1654 125 581 489 11122 210199
internal_value=-6.54828e-06 -0.000150434 -0.000168317 3.22273e-05 -0.000110308 -0.000294541 -0.000485707 0.000171732 -0.000253559 0.000386265 -0.000483854 -0.00190105 7.43115e-05 3.08447e-05
internal_weight=439342 93261 92487 346080 78887.5 47717.5 31389 31170 10451 20719 8797 1070 267193 221330
internal_count=439316 93260 92486 346056 78881 47711 31387 31170 10451 20719 8797 1070 267175 221321
is_linear=0
shrinkage=0.03


Tree=95
num_leaves=15
num_cat=0
split_feature=49 32 80 64 72 65 43 11 12 9 14 36 60 55
split_gain=3.15318 2.80376 3.34012 2.73342 2.4769 2.47629 2.60441 2.40728 3.63396 2.4256 2.18345 2.07574 1.90941 2.041
threshold=0.024378357455134395 -0.048389999195933335 5.5000000000000009 0.77229931950569164 -0.0097383195534348471 0.80266106128692638 0.0080391415394842642 -0.41052116453647608 0.28542423248291021 0.047133002430200584 -0.054214999079704278 0.039295000955462463 0.13627520203590396 0.35746736824512487
decision_type=10 10 8 10 2 10 2 10 10 8 10 10 2 2
left_child=-1 2 -2 7 10 11 -7 -4 -9 -10 -3 -5 -6 -14
right_child=1 4 3 5 12 6 -8 8 9 -11 -12 -13 13 -15
leaf_value=0.00044390201364432496 0.00034434994526457325 0.00082506884643159331 -0.00033161617941697641 -0.00063544324743989634 0.0002418384825744402 -0.0003252465124892662 0.00096102904412798172 0.00033077360559818062 -5.1529108296767964e-05 -0.00069191380628828836 -0.00095581604288819599 0.0033739902636704916 -0.00012800131405242809 6.6192167216355636e-05
leaf_weight=14098 11843 738 26966 20252 39358 4919 1984 20495 27967.5 6570 3751 112 64953 194729
leaf_count=14098 11843 738 26963 20251 39354 4919 1984 20491 27963 6570 3751 112 64948 194725
internal_value=2.59036e-06 -1.20663e-05 -0.000134101 -0.000185973 3.66273e-05 -0.000446152 4.48716e-05 -9.94335e-05 1.43562e-05 -0.000173431 -0.000662443 -0.000612569 4.71322e-05 1.7618e-05
internal_weight=438736 424638 121108 109266 303529 27267 6903 81998.5 55032.5 34537.5 4489 20364 299040 259682
internal_count=438710 424612 121096 109253 303516 27266 6903 81987 55024 34533 4489 20363 299027 259673
is_linear=0
shrinkage=0.03


Tree=96
num_leaves=15
num_cat=0
split_feature=9 17 67 30 45 59 9 27 64 30 45 9 16 28
split_gain=2.90537 2.70348 2.6171 2.57012 2.5609 3.15513 2.28267 1.89178 2.43038 2.58946 2.12751 1.99197 2.16371 1.8406
threshold=0.050959581509232528 55.635000228881843 -0.012389608193188904 0.62465000152587902 -0.010498161427676676 2.8696192502975468 0.024344686418771747 14.144999980926515 0.63209992647171032 0.38285000622272497 0.035265894606709487 0.023451079614460472 -0.087494999170303331 0.27879999577999121
decision_type=10 10 2 10 2 10 10 8 10 8 2 8 8 8
left_child=2 13 -1 7 6 -6 -5 8 -4 10 -10 -9 -13 -2
right_child=1 -3 3 4 5 -7 -8 11 9 -11 -12 12 -14 -15
leaf_value=-0.00040106362612954974 -0.00083193458384056454 -0.00060967942923353567 2.5440411188025317e-05 -3.2979638294078586e-05 0.00028328694290447444 -0.00084506208466019275 0.001670680880065869 0.00029112565660229038 -0.00061217008741029459 -0.0001010738289487398 0.0014553882529416313 0.00024058752435533929 -2.4339896250357053e-05 3.9417755424313814e-05
leaf_weight=12812 2459 12898 96696.5 1070 29713 2406.5 2085 31357.5 15082 44465 457 35021.5 133465 19047
leaf_count=12812 2459 12898 96689 1070 29712 2406 2085 31356 15082 44462 457 35016 133460 19047
internal_value=-1.72701e-06 -0.000266372 2.07776e-05 3.45762e-05 0.000278834 0.000198629 0.00109376 1.04072e-05 -6.76304e-05 -0.000217604 -0.000550915 7.15977e-05 3.07333e-05 -6.0383e-05
internal_weight=439035 34404 404631 391819 35274.5 32119.5 3155 356544 156700 60004 15539 199844 168486 21506
internal_count=439011 34404 404607 391795 35273 32118 3155 356522 156690 60001 15539 199832 168476 21506
is_linear=0
shrinkage=0.03


Tree=97
num_leaves=15
num_cat=0
split_feature=49 67 23 64 63 63 27 52 64 32 21 30 49 20
split_gain=2.36161 2.46933 2.79547 2.36853 3.95441 2.76025 2.73103 2.29843 2.09146 2.34681 1.91597 1.88992 1.82717 1.81153
threshold=0.024378357455134395 -0.0044867997057735911 2.4314999580383305 0.65197157859802257 0.45374260842800146 0.96509087085723888 14.335000038146974 2.0671577453613286 0.96499025821685802 -0.10364999994635581 0.58765000104904186 0.70695000886917125 0.10920520871877672 -0.39554999768733973
decision_type=10 2 10 10 2 2 8 8 10 10 10 8 10 10
left_child=11 12 3 5 8 -3 -6 -7 -5 -10 -4 -1 -2 -14
right_child=1 2 10 4 6 7 -8 -9 9 -11 -12 -13 13 -15
leaf_value=0.00023052381389620502 0.00012700926070323526 0.00011946280922718629 -8.4139675870067963e-05 -0.00021228466690674145 -0.00012525130841898964 -0.00086643600952521509 0.00024959758633577751 0.003184332459852213 -0.0017850256381931071 -0.0003882011772920965 -0.0013191211921405024 0.0011385835699767219 -0.00064092406215973219 -0.00015573575519429553
leaf_weight=11645 18463 208983.5 2250 40437.5 32391.5 3457 38020 126 1661 3102 2269 2503 7734.5 65946.5
leaf_count=11644 18462 208973 2250 40437 32390 3457 38019 126 1661 3101 2269 2503 7734 65944
internal_value=1.02911e-05 -2.40892e-06 3.56547e-05 4.58641e-05 -6.34169e-05 0.000105301 7.71587e-05 -0.000719747 -0.000282384 -0.000876677 -0.000704999 0.000391519 -0.000139837 -0.000206707
internal_weight=438990 424842 332698 328178 115612 212566 70411.5 3583 45200.5 4763 4519 14148 92144 73681
internal_count=438970 424823 332683 328164 115608 212556 70409 3583 45199 4762 4519 14147 92140 73678
is_linear=0
shrinkage=0.03


Tree=98
num_leaves=15
num_cat=0
split_feature=9 30 55 45 22 54 52 26 65 79 11 45 24 68
split_gain=2.58 2.25604 2.61212 2.52098 2.14076 1.87926 1.80509 1.9055 1.76929 1.96459 2.62678 2.95507 2.29627 2.06915
threshold=0.064040895551443114 0.62465000152587902 0.68220677971839916 -0.011548842303454874 0.98184999823570263 0.017100393772125248 1.1185277700424197 0.20359999686479571 0.018989542499184612 732.50000000000011 -0.21616046875715253 -0.023681201972067353 0.66824999451637279 0.012853709980845453
decision_type=10 10 2 2 10 2 8 8 10 8 10 2 10 2
left_child=1 8 3 -3 6 -5 7 -2 -1 -10 11 -11 -12 -13
right_child=4 2 -4 5 -6 -7 -8 -9 9 10 12 13 -14 -15
leaf_value=0.00048587870728453213 -0.001050945211106401 0.0011041915738931509 -0.00071938442164037929 0.00023063567282092457 -0.0020798719384527123 -0.002960455227029108 0.00028897679150502795 -0.00014475038035571865 -2.1366822188411053e-06 0.001153754372015342 0.00044481874325660441 -0.0006227586298675913 -0.00021844536980864326 0.0018876779497314113
leaf_weight=6192.5 3920 3143 2443 31361.5 672 162 2994 4467 344505 929 7017 16956.5 14188 296
leaf_count=6191 3920 3143 2443 31361 672 162 2994 4467 344492 929 7017 16953 14183 296
internal_value=-7.91759e-06 4.29754e-06 0.000227803 0.000294646 -0.00044068 0.00021377 -0.000343021 -0.000568671 -1.69676e-05 -2.50852e-05 -0.000225785 -0.000490316 1.09015e-06 -0.000579153
internal_weight=439246 427194 37109.5 34666.5 12053 31523.5 11381 8387 390084 383892 39386.5 18181.5 21205 17252.5
internal_count=439223 427170 37109 34666 12053 31523 11381 8387 390061 383870 39378 18178 21200 17249
is_linear=0
shrinkage=0.03


Tree=99
num_leaves=15
num_cat=0
split_feature=79 11 26 14 13 53 70 79 45 27 70 30 28 24
split_gain=2.57775 3.56234 3.04934 2.49657 2.4387 2.50065 2.26698 2.36308 2.2477 2.15329 2.10906 3.43355 2.10772 1.95619
threshold=891.50000000000011 0.30113101005554205 0.24835000187158587 0.21155000478029254 0.33333294093608862 0.0051957571413367995 0.0074721861165016898 2.5000000000000004 -0.016965061426162716 12.234999656677248 0.029826167970895771 0.46574999392032629 0.46925000846385961 0.97995001077651989
decision_type=8 8 8 10 10 2 2 10 2 10 2 8 10 8
left_child=3 4 -3 6 5 8 -1 -8 -2 -5 -9 12 -12 -7
right_child=1 2 -4 9 -6 13 7 10 -10 -11 11 -13 -14 -15
leaf_value=6.1209431672963274e-05 0.00034907690943600413 -2.9414455417376902e-05 0.001137748438016236 -0.0053613232013240853 -2.5618633414428111e-05 -0.00059888665804227949 0.00059643521470080312 -0.00013552619295373845 -0.00074115591309806587 -0.00094857977292651051 0.0013806062924796004 -0.0019031328516242467 -0.00084270713413089578 0.002110782759977556
leaf_weight=327752.5 1874 8651.5 2621 106 11545 425 3774 58727 18251 1006 644 1604 934 540
leaf_count=327740 1874 8649 2621 106 11542 425 3774 58726 18246 1006 644 1604 933 540
internal_value=6.84073e-07 -0.000217354 0.00024235 2.49511e-05 -0.000376154 -0.000567991 2.89717e-05 -0.000131884 -0.000639574 -0.00139133 -0.000176328 -0.000927967 6.61475e-05 0.000920469
internal_weight=438455 43907.5 11272.5 394548 32635 21090 393436 65683 20125 1112 61909 3182 1578 965
internal_count=438430 43897 11270 394533 32627 21085 393421 65681 20120 1112 61907 3181 1577 965
is_linear=0
shrinkage=0.03


Tree=100
num_leaves=15
num_cat=0
split_feature=13 32 80 13 49 49 20 64 22 4 24 53 15 68
split_gain=2.90592 2.41807 2.70037 2.67961 2.33023 2.26282 2.2968 2.21104 2.18027 2.13564 2.05513 2.43113 2.30589 2.22717
threshold=0.41954928636550909 -0.063340000808238969 6.5000000000000009 1.0000000180025095e-35 0.014289641287177803 0.73334375023841869 -0.031305000185966485 0.86927253007888805 1.1244999766349795 6.2470040321350107 1.0964999794960024 0.0037545531522482638 0.22754999995231631 0.0059274726081639537
decision_type=8 10 8 10 10 8 10 8 10 8 10 2 10 2
left_child=1 2 -1 -4 -2 7 -7 -5 -9 -6 -11 12 -12 -13
right_child=4 -3 3 5 9 6 -8 8 -10 10 11 13 -14 -15
leaf_value=0.00029505796719034582 0.0010212085331649955 1.0816307531185094e-05 0.00039529741585189477 -0.00029053403342355012 -0.0001558941582023408 -5.5088867688774081e-05 0.0015093380116966051 -0.00066451173605932624 -0.0023512949980264083 0.00029402413807910695 -6.4490977186942082e-05 0.0015371636303563615 -0.0016076095758938576 -0.0012495176391852901
leaf_weight=9902 2666 250228 5705 47800 19713 15582 888 7790 753 54704 20630.5 1425 905 311
leaf_count=9902 2665 250221 5705 47794 19711 15581 888 7789 753 54701 20629 1425 905 311
internal_value=5.17983e-06 -3.68373e-05 -0.00017169 -0.000230567 0.000146962 -0.000279628 2.96916e-05 -0.000370042 -0.000814477 0.000123052 0.000193578 -4.25507e-05 -0.000129697 0.00103578
internal_weight=439002 338648 88420 78518 100354 72813 16470 56343 8543 97688.5 77975.5 23271.5 21535.5 1736
internal_count=438980 338633 88412 78510 100347 72805 16469 56336 8542 97682 77971 23270 21534 1736
is_linear=0
shrinkage=0.03


Tree=101
num_leaves=15
num_cat=0
split_feature=60 19 52 66 54 72 20 58 66 25 20 0 54 70
split_gain=2.67642 2.14465 2.64259 2.2956 3.68646 2.28449 2.22879 3.06399 2.11334 2.03261 2.43454 2.37833 2.02663 1.99944
threshold=0.21970319747924807 0.2751500010490418 6.1299695968627939 0.71888476610183727 0.0057713901624083528 0.00039006292354315525 -0.27635000646114344 0.010958815459161999 0.13980773091316226 0.058624999597668655 -0.063605003058910356 0.0047134999185800561 0.021074175834655765 0.008457488380372526
decision_type=2 10 10 8 2 2 10 2 10 10 8 10 2 2
left_child=12 3 8 4 6 -6 7 -2 -3 11 -11 13 -1 -5
right_child=1 2 -4 9 5 -7 -8 -9 -10 10 -12 -13 -14 -15
leaf_value=0.00015725985617275631 -0.00039633347665273775 -0.00075249882489636215 -0.0019505045037636116 -0.00021511871467185339 0.00014338402234801695 0.00074823220185304821 6.2615211235350429e-05 9.6754783514512374e-05 -0.00011782208588212365 -0.00012540974860588474 0.00052644895232276578 0.00049605961392534543 -0.0017732037482967758 -0.00077066880431996953
leaf_weight=94925.5 25463 5348 778 48062.5 12807 10014 147413 20445 40072 14760 7919 3770 487 6632
leaf_count=94920 25457 5348 778 48060 12807 10014 147405 20445 40071 14760 7919 3770 487 6631
internal_value=6.75641e-06 -3.22891e-05 -0.000222439 -2.73678e-06 4.83421e-05 0.000408901 5.76965e-06 -0.000176751 -0.000192627 -0.00013879 0.000102271 -0.000232301 0.000147314 -0.000282546
internal_weight=438896 343484 46198 297286 216142 22821 193321 45908 45420 81143.5 22679 58464.5 95412.5 54694.5
internal_count=438872 343465 46197 297268 216128 22821 193307 45902 45419 81140 22679 58461 95407 54691
is_linear=0
shrinkage=0.03


Tree=102
num_leaves=15
num_cat=0
split_feature=45 24 80 51 50 47 26 44 25 58 57 9 36 45
split_gain=3.21236 3.40073 2.8651 2.41435 2.34671 2.2007 2.67856 2.59868 2.12371 2.16273 2.00499 1.91289 2.15341 1.88291
threshold=0.00076097896089777361 0.66824999451637279 1.0000000180025095e-35 0.036618541926145561 -0.014308394398540257 0.15489484369754794 0.064160000532865538 -0.012223929166793822 0.04454500041902066 0.010103106964379551 0.0023326044902205472 0.040826991200447089 -0.017475000582635399 -0.026681890711188313
decision_type=2 8 10 10 2 10 8 2 10 2 2 10 10 2
left_child=1 8 5 -3 -5 11 -7 -8 9 -1 -6 12 -2 -10
right_child=2 3 -4 4 10 6 7 -9 13 -11 -12 -13 -14 -15
leaf_value=0.00047256672129732938 0.00035576859700235745 0.00040072245581820323 0.00019217732905646098 0.00091029248402744263 1.9236588662281341e-05 -0.0018287139206430807 -0.00076246529524767964 4.0388295836131369e-05 0.0019632669163502448 -9.6624093663314953e-05 -0.00025649576131960754 -0.00044233146484026417 -0.00018935970230900433 0.0004558705393713162
leaf_weight=9454 7092 13237.5 29632 2385 115424.5 718 3791 82206.5 767 16464 29873 25085 80528 22463
leaf_count=9451 7092 13236 29632 2385 115416 718 3791 82203 767 16461 29873 25085 80525 22463
internal_value=-5.34595e-06 7.93815e-05 -8.3051e-05 1.26708e-05 -2.21245e-05 -0.000123951 -1.03332e-05 4.95409e-06 0.000297781 0.000111048 -3.74605e-05 -0.000211365 -0.000145219 0.000506053
internal_weight=439120 210068 229052 160920 147682 199420 86715.5 85997.5 49148 25918 145298 112705 87620 23230
internal_count=439098 210052 229046 160910 147674 199414 86712 85994 49142 25912 145289 112702 87617 23230
is_linear=0
shrinkage=0.03


Tree=103
num_leaves=15
num_cat=0
split_feature=13 79 11 37 24 51 51 71 70 53 53 54 53 27
split_gain=2.5238 2.95453 3.42623 2.8842 2.77103 2.65106 2.41966 2.22984 2.47056 2.18893 2.51829 2.38495 2.17437 2.13716
threshold=0.33333294093608862 77.500000000000014 0.26695267856121069 -0.022885000333189961 1.0864999890327456 1.2069323062896731 0.221015140414238 -0.013081816025078295 0.0071676105726510295 -0.013867478352040051 -0.01226267823949456 0.021074175834655765 -0.00066210923250764598 20.659999847412113
decision_type=8 8 10 10 10 10 10 2 2 2 2 2 2 10
left_child=1 5 -3 -4 7 -1 -5 -2 -9 -6 -11 12 13 -12
right_child=4 2 3 6 9 -7 -8 8 -10 10 11 -13 -14 -15
leaf_value=3.796349616290855e-06 0.00099906344862356593 -0.00043491469957254568 0.0010654544110172048 0.00018131029594420034 -0.0022787517055732755 -0.001191097324729213 -0.00067013660938486819 0.00023679291894516976 -0.00017381985264370748 0.0023708487233682352 -0.00038820956274801771 0.0028633745716741448 9.3960072332965953e-05 0.0006355385187862202
leaf_weight=236437.5 3005 33216 2344 10269.5 398 1678 4240 80908.5 15752 376 21615 242 26649 2001
leaf_count=236434 3005 33210 2344 10266 398 1677 4240 80900 15752 376 21613 242 26647 2001
internal_value=3.35217e-06 -4.86984e-05 -0.000258163 9.02153e-05 0.000102725 -4.6489e-06 -6.76466e-05 0.000194923 0.000169873 -7.64649e-05 -5.90167e-05 -7.73388e-05 -9.17802e-05 -0.000301351
internal_weight=439132 288185 50069.5 16853.5 150946 238116 14509.5 99665.5 96660.5 51281 50883 50507 50265 23616
internal_count=439105 288171 50060 16850 150934 238111 14506 99657 96652 51277 50879 50503 50261 23614
is_linear=0
shrinkage=0.03


Tree=104
num_leaves=15
num_cat=0
split_feature=65 30 19 10 74 70 24 68 26 63 15 68 21 45
split_gain=2.6068 2.51389 2.46339 4.388 3.25056 2.14994 2.77656 2.52068 2.27856 1.90524 2.35729 2.64517 2.01905 2.00003
threshold=0.015523958485573532 0.70695000886917125 0.17785000056028369 -0.074374321848154054 1.0000000180025095e-35 0.00044966707355342811 1.2925000190734866 -1.0000000180025095e-35 0.076889999210834517 0.16933350265026095 -0.017545000649988648 0.0046423710882663735 0.50274997949600231 -0.0021765177370980378
decision_type=10 8 10 10 2 2 10 2 10 2 10 2 10 2
left_child=1 -1 5 -4 9 6 -2 -7 -8 13 11 -11 -13 -5
right_child=2 -3 3 4 -6 7 8 -9 -10 10 -12 12 -14 -15
leaf_value=0.00031381622142813919 0.00017069303635948544 0.0018371124613956321 0.0032569560996286548 -0.00020823432808050006 0.00061241142321681781 -0.00026238282875291723 -0.0009300036520997776 2.6191618313557561e-05 -5.3530127829064009e-05 -0.00079520372618171152 -4.4063555325721918e-05 0.00057727399818714243 -0.0014733617986664122 -0.00083716452348344761
leaf_weight=4537 142418.5 1238 339 12389 4960 35839.5 2899 113513.5 33065.5 8159 69297 2579 514 7192
leaf_count=4536 142408 1238 339 12389 4960 35835 2899 113509 33062 8159 69296 2579 514 7192
internal_value=8.7783e-06 0.000641675 3.33136e-07 -0.0001258 -0.000136867 4.09102e-05 0.000111217 -4.30626e-05 -0.0001243 -0.000174012 -0.000109476 -0.00051213 0.000234668 -0.000439392
internal_weight=438940 5775 433165 105429 105090 327736 178383 149353 35964.5 100130 80549 11252 3093 19581
internal_count=438915 5774 433141 105428 105089 327713 178369 149344 35961 100129 80548 11252 3093 19581
is_linear=0
shrinkage=0.03


Tree=105
num_leaves=15
num_cat=0
split_feature=71 18 20 9 53 56 80 79 52 24 63 24 67 70
split_gain=2.58195 2.38758 2.50794 3.69386 2.06519 2.06491 1.9985 1.75441 2.31249 2.45142 2.1064 1.66675 1.6652 1.87907
threshold=-0.0016843953635543583 0.09271500259637834 -0.034175001084804528 0.02895531710237265 0.002961016609333456 -0.0037186123663559552 5.5000000000000009 5.5000000000000009 0.91210857033729564 0.67785000801086437 0.97995984554290783 0.8201500177383424 -0.012389608193188904 -0.0064181950874626628
decision_type=2 8 10 10 2 2 8 10 8 10 2 10 2 2
left_child=-1 6 3 -3 7 -5 -2 10 -9 -10 -4 -11 13 -8
right_child=1 2 4 5 -6 -7 12 8 9 11 -12 -13 -14 -15
leaf_value=9.7648262942701789e-05 0.00029668633524532022 0.00027170519096952986 0.00068353517063614788 -0.00079625587352590043 -0.0010580141265932187 -0.00030533054834315163 0.00028590668747093272 0.00036146490075690177 -0.0014555564296259318 0.00096204772340437563 0.0044530364996069795 -0.00034460386426476161 -2.6640629939109592e-05 -0.00075466845603048161
leaf_weight=136569 16837 6631 2056 13055.5 1399 18853 2145 8344 1489 1091 138 4425 220376 5718
leaf_count=136557 16837 6631 2056 13055 1399 18853 2145 8344 1489 1091 138 4425 220362 5718
internal_value=-1.06245e-05 -5.94977e-05 -0.000233502 -0.000372411 4.91464e-05 -0.000506288 -1.86818e-05 0.000137715 2.41682e-05 -0.000377574 0.000930218 -8.55263e-05 -4.19523e-05 -0.000470802
internal_weight=439126 302558 57481.5 38539.5 18942 31908.5 245076 17543 15349 7005 2194 5516 228239 7863
internal_count=439100 302543 57481 38539 18942 31908 245062 17543 15349 7005 2194 5516 228225 7863
is_linear=0
shrinkage=0.03


Tree=106
num_leaves=15
num_cat=0
split_feature=45 67 24 22 39 34 54 59 44 54 14 61 46 27
split_gain=2.49397 2.66022 2.64073 2.68796 2.85016 2.55188 2.23163 2.29572 3.33322 2.21745 2.24586 2.16578 2.03406 1.95033
threshold=-0.0030314257601276036 -0.0018664204399101434 0.91535001993179332 -0.062105000019073479 0.03529500029981137 0.012170000001788141 0.007059674710035325 4.1071143150329599 -0.043330574408173554 0.0022920132614672188 0.09311500191688539 0.026132483035326007 0.78832352161407482 20.875000000000004
decision_type=2 2 10 10 10 10 2 10 2 2 10 2 10 10
left_child=2 11 -1 -4 6 -6 7 -5 -9 -3 -11 12 -2 -7
right_child=1 9 3 4 5 13 -8 8 -10 10 -12 -13 -14 -15
leaf_value=0.00023663151373638216 0.00022311899293493961 -9.1597691677650442e-05 0.0010101726645982139 -0.00012873657985889859 0.00041322864676522603 -0.0013657016397456115 0.0013773485294135339 -0.005880358922528103 -0.00077454108818607369 0.00013364819946393058 -0.00052598355579703551 -0.00017650201823692929 -0.0037774830187975975 0.0013954349166461007
leaf_weight=71135 188 98705.5 2214 52356 15130 1264 841 115 2911 104785 4856 84083.5 285 277
leaf_count=71124 188 98705 2214 52353 15130 1264 841 115 2911 104778 4856 84080 285 277
internal_value=4.4695e-06 -4.60474e-05 0.000105646 -1.84192e-05 -4.97276e-05 0.000294714 -0.000151877 -0.000175221 -0.000977963 1.15504e-05 0.00010441 -0.00018796 -0.00220169 -0.00086647
internal_weight=439146 292903 146243 75108 72894 16671 56223 55382 3026 208346 109641 84556.5 473 1541
internal_count=439121 292892 146229 75105 72891 16671 56220 55379 3026 208339 109634 84553 473 1541
is_linear=0
shrinkage=0.03


Tree=107
num_leaves=15
num_cat=0
split_feature=12 71 49 67 79 25 9 13 67 19 10 36 20 33
split_gain=3.00445 2.37105 2.3227 1.75024 1.74452 1.83664 1.69939 1.63344 1.60993 1.59311 2.92443 2.04984 1.71128 1.90852
threshold=0.52703115344047557 -0.00093135327915661026 0.1122620888054371 0.012039897032082083 184.50000000000003 0.12814999371767047 0.017829408869147304 0.84631198644638073 -0.0013766507036052642 0.18325000256299975 -0.074374321848154054 -0.0016055000014603136 -0.039234999567270272 -0.0058405001182109109
decision_type=10 2 10 2 8 8 10 8 2 8 10 8 10 10
left_child=1 2 -1 -4 -2 -6 -3 9 -7 -8 11 -11 -12 -14
right_child=4 6 3 -5 5 8 7 -9 -10 10 12 -13 13 -15
leaf_value=0.00046070924972551404 -0.00012508694920401322 0.00029490966234237392 6.21849272000215e-05 0.00074880903551293506 -0.00073995498521523917 -0.00076841634597846729 -6.7665864510826118e-06 0.0011237615125672781 0.00095321916342573621 0.0056709843020026499 -0.00031753276213516892 1.9366742034844303e-05 -0.00067074069853347202 0.0001376462751025158
leaf_weight=16334.5 51304 13561 123717 3429 8566 811 158412 1055 1215 125 39274 104 3078 17823
leaf_count=16333 51304 13561 123707 3429 8563 811 158402 1055 1215 125 39273 104 3078 17823
internal_value=-3.77952e-06 2.80322e-05 0.000124004 8.07312e-05 -0.000197482 -0.000547915 -3.0959e-05 -5.10639e-05 0.00026386 -5.67537e-05 -0.000187836 0.00315957 -0.000200836 1.84667e-05
internal_weight=438808 376912 143480 127146 61896 10592 233432 219871 2026 218816 60404 229 60175 20901
internal_count=438783 376890 143469 127136 61893 10589 233421 219860 2026 218805 60403 229 60174 20901
is_linear=0
shrinkage=0.03


Tree=108
num_leaves=15
num_cat=0
split_feature=57 52 45 70 31 26 24 50 9 35 47 57 72 50
split_gain=2.67675 2.6317 2.66929 2.4287 2.45832 2.34644 2.24245 2.01312 1.93527 1.77628 1.74718 1.76404 1.95216 1.74224
threshold=0.003819057135842741 3.1206717491149907 0.027432356961071495 0.00026978713867720222 0.65294998884201061 0.078585002571344389 1.3435000181198122 -0.012636557221412657 0.049915833398699767 0.47249999642372137 0.21991630643606189 -0.0093851117417216284 -0.0025539649650454517 -0.0012627206742763517
decision_type=2 10 2 2 8 10 10 2 10 10 8 2 2 2
left_child=3 2 5 4 8 -2 -6 -8 -1 -7 11 12 -5 -13
right_child=1 -3 -4 10 6 9 7 -9 -10 -11 -12 13 -14 -15
leaf_value=-0.00022607247774166436 -0.00060012869894050509 -0.00061407398624024943 0.00053311389811712298 -0.0003956039224260507 0.00017307112522571701 -6.6290916831865165e-05 0.0014962493373985217 -0.00014891760485949521 -0.0027493141383678984 -0.0020713748494399623 0.00030518083505762673 -0.00029926415727133017 0.00042145825002455004 -4.7399572153665115e-05
leaf_weight=655 8741 9664 5735 3389 143810.5 67603.5 680 29450.5 466 395 11989 31627 11722 113102.5
leaf_count=655 8741 9664 5735 3388 143803 67599 680 29450 466 395 11989 31626 11722 113095
internal_value=-2.09395e-06 -0.000145822 -9.09199e-05 3.60834e-05 0.000114726 -0.000137588 0.000123767 -0.000111547 -0.00128254 -7.80898e-05 -4.40393e-05 -7.02416e-05 0.000238142 -0.000102447
internal_weight=439030 92138.5 82474.5 346892 175062 76739.5 173941 30130.5 1121 67998.5 171830 159840 15111 144730
internal_count=439008 92134 82470 346874 175054 76735 173933 30130 1121 67994 171820 159831 15110 144721
is_linear=0
shrinkage=0.03


Tree=109
num_leaves=15
num_cat=0
split_feature=51 63 30 14 63 11 45 60 18 13 20 53 11 1
split_gain=2.27451 3.05277 2.60774 2.78718 2.24023 2.12031 2.04955 2.16337 2.2978 2.25405 2.90111 3.40597 3.03434 2.7501
threshold=0.33285437524318701 0.6585855782032014 0.33014999330043798 -0.051814999431371682 0.93483316898345958 -0.44026696681976313 0.023173014633357528 0.13627520203590396 0.38815000653266912 0.27311161160469061 -0.33175000548362726 0.0037545531522482638 0.40000240504741674 -0.010719500016421078
decision_type=10 2 8 10 2 10 2 2 10 10 10 2 10 10
left_child=4 2 3 -2 6 -4 7 -1 9 10 11 12 -9 -11
right_child=1 -3 5 -5 -6 -7 -8 8 -10 13 -12 -13 -14 -15
leaf_value=0.00021171208807121479 0.00093733459960422061 6.9170857832893658e-05 0.00029169384814702151 -0.0016476609754670097 -0.00027392797956460964 -0.00055100424849250599 0.00052505464808935991 -0.00065592968998774768 -0.001801001436541693 0.00015608806599861792 -1.7845284626575099e-05 0.00057591464521132378 0.00011603844906164859 -0.00017214115587867385
leaf_weight=48814.5 432 15177 3581 2722 22317.5 10729 7532 18783.5 633 114595.5 155471 3170 6059 28730
leaf_count=48811 432 15177 3581 2722 22317 10729 7532 18780 633 114587 155465 3170 6059 28726
internal_value=-1.13417e-06 -0.000242047 -0.000512452 -0.00129267 1.82321e-05 -0.000340095 3.52247e-05 2.54123e-05 -2.36376e-06 1.14754e-06 -6.84853e-05 -0.000349487 -0.000467664 9.02899e-05
internal_weight=438747 32641 17464 3154 406106 14310 383788 376256 327442 326809 183484 28012.5 24842.5 143326
internal_count=438721 32641 17464 3154 406080 14310 383763 376231 327420 326787 183474 28009 24839 143313
is_linear=0
shrinkage=0.03


Tree=110
num_leaves=15
num_cat=0
split_feature=12 49 20 20 27 66 58 50 19 25 10 26 55 64
split_gain=2.64651 2.0987 2.1901 2.00716 2.66741 1.8396 2.73657 2.30445 2.24912 1.97538 2.49833 1.89419 2.74732 1.7168
threshold=0.53129756450653087 0.024378357455134395 -0.55344998836517323 -0.2149500027298927 16.715000152587894 0.70284366607666027 0.015290263574570419 -0.017539664171636101 0.48344999551773077 0.054824998602271087 -0.0071362152229994527 0.1017500013113022 0.093359272927045836 0.96499025821685802
decision_type=10 10 8 8 8 10 2 2 10 10 10 10 2 10
left_child=1 -1 -3 4 -2 7 9 -4 -9 11 -11 12 -7 -13
right_child=3 2 5 -5 -6 6 -8 8 -10 10 -12 13 -14 -15
leaf_value=0.00041175940895704356 -0.00076254611860474214 -0.00059115188716339379 0.0019409999047891281 -7.2161205396184059e-05 -4.458473245064673e-05 -0.0042009731441768894 -0.00076474914871444701 7.4533041457087938e-05 -0.00051666512300101739 -0.0003729383908907647 0.00023489811203371191 -4.2921150035300244e-06 -0.0003793085266015302 -0.00081029923961923938
leaf_weight=12231 10521.5 5328 583 41781.5 8354 166 5049 248006 5925 7535 31555 42049.5 17602 2516
leaf_count=12230 10520 5328 583 41781 8354 166 5049 247991 5925 7535 31555 42048 17600 2515
internal_value=-4.21338e-06 2.5266e-05 1.23558e-05 -0.000188174 -0.000444884 2.12713e-05 -8.3433e-05 6.50737e-05 6.07286e-05 -4.94801e-05 0.000117699 -0.000154321 -0.000416185 -4.9882e-05
internal_weight=439202 378546 366314 60657 18875.5 360986 106472 254514 253931 101424 39090 62333.5 17768 44565.5
internal_count=439180 378525 366295 60655 18874 360967 106468 254499 253916 101419 39090 62329 17766 44563
is_linear=0
shrinkage=0.03


Tree=111
num_leaves=15
num_cat=0
split_feature=19 14 74 70 79 10 45 68 54 66 24 35 28 33
split_gain=2.17341 4.35753 3.03723 2.32002 2.46235 2.31534 1.97348 2.77978 2.69761 2.52845 2.50252 2.74832 2.62487 2.58601
threshold=0.17785000056028369 -0.15894999355077741 1.0000000180025095e-35 0.029826167970895771 2.5000000000000004 -0.074374321848154054 -0.0038169696927070613 0.0016560437506996097 -0.0026990602491423483 0.70284366607666027 1.3435000181198122 -0.036820000037550919 0.16964999586343768 -0.0078074999619275323
decision_type=10 10 2 2 8 10 2 2 2 8 10 10 10 10
left_child=3 -2 5 6 -5 -3 10 -8 -9 -10 -1 -12 -13 -14
right_child=1 2 -4 4 -6 -7 7 8 9 -11 11 12 13 -15
leaf_value=0.0002284176354478766 0.0050297270993689526 0.002474519469635561 0.0005965003158223003 0.001392793608643518 -0.001126271563915223 -0.00016498586331101453 -0.00012657855372292062 -0.0036249720003847458 0.00017016578172447406 -0.00012427643816031642 -0.00082615393144551061 -0.00078392375350585608 -0.00042983343431186947 0.00053739123903166492
leaf_weight=83480 143 295 5046 399 2598 101398 93067 171 98366 35796.5 4245 2791 3591 8071
leaf_count=83469 143 295 5046 399 2597 101398 93063 171 98361 35795 4245 2791 3591 8070
internal_value=3.25974e-06 -0.000114423 -0.00012155 4.10815e-05 -0.000789139 -0.000157208 4.86429e-05 -5.66473e-07 8.67369e-05 9.16026e-05 0.000158155 -0.000155521 4.16683e-05 0.000239504
internal_weight=439458 106882 106739 332576 2997 101693 329578 227400 134334 134162 102178 18698 14453 11662
internal_count=439434 106882 106739 332552 2996 101693 329556 227390 134327 134156 102166 18697 14452 11661
is_linear=0
shrinkage=0.03


Tree=112
num_leaves=15
num_cat=0
split_feature=64 50 50 67 72 9 53 27 55 35 65 23 8 26
split_gain=1.78116 2.75526 2.41377 2.07048 2.10608 2.10054 2.39553 2.77489 2.11389 1.99875 1.96105 1.90851 1.9045 1.86419
threshold=0.91946139931678783 -0.011565884575247763 -0.00043721434485632921 -0.0044867997057735911 0.011762933339923622 0.022434646263718609 0.0037545531522482638 13.515000343322756 0.17095620930194858 0.026194999925792221 0.32332947850227362 2.4314999580383305 -0.00064549999660812307 0.20015000551939013
decision_type=10 2 2 2 2 10 2 8 2 10 8 10 10 10
left_child=1 -1 -2 4 10 6 7 -5 12 -4 -3 13 -7 -10
right_child=2 3 9 5 -6 8 -8 -9 11 -11 -12 -13 -14 -15
leaf_value=0.00074607996338454843 -0.00046009861648307242 4.9983632046943279e-05 0.00021752479381407413 7.9595180695900272e-05 0.0035132148693082853 0.00069142066438588386 -0.00050661104715173317 0.00048568421666368526 -1.517769111740233e-05 -0.00045658648724618517 -0.00023793289346535571 -0.00065300336462592915 0.0038881037984038534 0.00023174688511559376
leaf_weight=4712 16632 36510 14260 36401 139 753 4020 25931.5 207588 5474 51067 3877 212 31717
leaf_count=4712 16631 36506 14260 36401 139 753 4020 25930 207573 5474 51064 3877 212 31717
internal_value=7.13508e-06 2.5284e-05 -0.000193927 1.67457e-05 -0.000111953 5.31043e-05 0.000202774 0.000248561 1.24248e-05 3.04653e-05 -0.000117907 6.8496e-06 0.00141012 1.75534e-05
internal_weight=439294 402928 36366 398216 87716 310500 66352.5 62332.5 244147 19734 87577 243182 965 239305
internal_count=439269 402904 36365 398192 87709 310483 66351 62331 244132 19734 87570 243167 965 239290
is_linear=0
shrinkage=0.03


Tree=113
num_leaves=15
num_cat=0
split_feature=19 10 20 74 48 66 68 17 60 45 68 20 76 15
split_gain=2.37292 4.33035 3.26085 2.88901 2.70807 2.27248 2.89108 2.64798 2.18823 2.13914 2.04078 2.9784 2.786 2.14497
threshold=0.17535000294446948 -0.074374321848154054 -0.027284999378025528 1.0000000180025095e-35 -0.83057498931884755 0.70284366607666027 0.010647811461240055 61.405000686645515 0.14862151443958285 -0.0040480610914528361 0.0016560437506996097 -0.27875000238418574 1.5000000000000002 -0.32129999995231623
decision_type=10 10 10 2 10 10 2 10 2 2 2 8 2 10
left_child=5 -2 8 4 -4 10 9 -8 -3 -7 11 12 13 -1
right_child=1 2 3 -5 -6 6 7 -9 -10 -11 -12 -13 -14 -15
leaf_value=0.0029700574737840466 0.0031829504023830426 0.00016387456871341522 -0.0020963798011284281 0.0015765893131368884 0.00012037620618487751 0.00016199433411452912 -0.00054189836424836007 -0.0027180123815861339 -0.00029173312632147468 -0.00016794947346939081 0.0001763156107833822 9.1755684148443482e-05 -0.00015420230872438586 -0.0012675443960324189
leaf_weight=107 352 11037 500 1207 27791 26770.5 2416 632 67451 52085.5 125544 91384.5 29003 2904
leaf_count=107 352 11037 500 1207 27791 26768 2416 632 67450 52083 125537 91375 29001 2904
internal_value=6.15773e-06 -0.000115699 -0.000126599 0.000142295 8.08349e-05 4.60618e-05 -9.10083e-05 -0.000996826 -0.000227659 -5.5935e-05 9.11598e-05 4.51985e-06 -0.000244472 -0.00111228
internal_weight=439184 108338 107986 29498 28291 330846 81904 3048 78488 78856 248942 123398 32014 3011
internal_count=439160 108337 107985 29498 28291 330823 81899 3048 78487 78851 248924 123387 32012 3011
is_linear=0
shrinkage=0.03


Tree=114
num_leaves=15
num_cat=0
split_feature=60 62 68 50 13 79 10 45 10 1 23 45 60 46
split_gain=2.71628 2.32697 3.54908 2.56991 2.30875 2.84392 2.25392 2.1544 2.03458 2.03076 1.99898 1.99055 1.95129 2.36032
threshold=0.13232433050870898 0.73374596238136303 0.0011409795843064787 -0.00047169165918603534 0.29949422180652624 85.500000000000014 0.0018333584885112943 -0.056034659966826432 0.027084395289421085 0.0036289999261498456 0.43054999411106115 0.025092775002121929 0.013667496852576734 0.80313441157341015
decision_type=2 2 2 2 8 8 10 2 8 8 10 2 2 10
left_child=7 4 -3 -4 5 10 -5 8 12 -6 -2 -9 -1 -14
right_child=1 2 3 6 9 -7 -8 11 -10 -11 -12 -13 13 -15
leaf_value=-0.0018881172389087117 -0.00066830003810630677 -0.00038518736271251345 -0.00043673583258812794 -0.0001097318152337513 -0.00013256505296660299 -0.00032103639230330542 0.00030639757219434673 0.00024340630305785691 -0.004048495385928697 0.0001868259216392741 2.1809495882000529e-05 -0.0012324686335541955 -0.0024784004864724057 0.0027477598856372933
leaf_weight=427 3875.5 36565.5 10266 24762 22337.5 29134.5 22224 55272.5 179 90459.5 142445.5 830 109 242
leaf_count=427 3875 36562 10265 24761 22334 29130 22223 55268 179 90455 142443 830 109 242
internal_value=4.2816e-06 -2.45532e-05 -0.000154324 -6.85558e-06 1.76851e-05 -5.03897e-05 8.71057e-05 0.000197344 -0.00121043 0.000123573 3.50885e-06 0.000221464 -0.00053577 0.00111281
internal_weight=439130 382070 93817.5 57252 288252 175456 46986 57059.5 957 112797 146321 56102.5 778 351
internal_count=439103 382048 93811 57249 288237 175448 46984 57055 957 112789 146318 56098 778 351
is_linear=0
shrinkage=0.03


Tree=115
num_leaves=15
num_cat=0
split_feature=71 72 14 51 49 80 13 32 45 45 51 19 30 52
split_gain=1.98849 2.10036 2.34344 1.80976 1.71181 1.71141 1.66911 2.49316 2.44718 2.25398 1.96605 1.92037 1.79033 1.77813
threshold=-0.0017323682550340889 -0.0097383195534348471 -0.069234997034072862 0.65274456143379223 0.01964762527495623 4.5000000000000009 0.26272976398468023 -0.048389999195933335 -0.045706834644079201 0.027432356961071495 0.72619229555130016 0.18595000356435779 0.62465000152587902 6.1299695968627939
decision_type=2 2 8 10 10 8 8 10 2 2 10 8 10 10
left_child=4 2 -2 -4 -1 -3 7 8 -7 10 -10 -12 -8 -11
right_child=1 5 3 -5 -6 6 12 -9 9 13 11 -13 -14 -15
leaf_value=0.00074236913645201884 0.001245485556553669 0.00026685811859301277 -0.00080276506561452975 -0.0043027508266918037 7.6497984229425956e-05 0.0033667299749709644 -5.7195868027268055e-06 -4.0188530432715609e-05 -0.00034611755591701577 0.00090208720457003776 -0.00077616715421771393 -0.0041438016980578614 0.00038927552034500175 -0.00078655026902199707
leaf_weight=3564 500 16047 3918 133 131651 158 114373 111678 41998.5 2240 429 234 11347.5 744
leaf_count=3564 500 16047 3918 133 131643 158 114368 111676 41992 2240 429 234 11347 744
internal_value=-1.62492e-06 -4.42202e-05 -0.000683507 -0.000922837 9.40758e-05 -3.44866e-05 -5.1566e-05 -0.000116638 -0.000303012 -0.000316082 -0.000371846 -0.00198686 2.99466e-05 0.000480448
internal_weight=439015 303800 4551 4051 135215 299249 283202 157482 45803.5 45645.5 42661.5 663 125720 2984
internal_count=438993 303786 4551 4051 135207 299235 283188 157473 45797 45639 42655 663 125715 2984
is_linear=0
shrinkage=0.03


Tree=116
num_leaves=15
num_cat=0
split_feature=72 30 59 73 58 37 37 52 50 45 38 30 56 71
split_gain=2.52551 1.86378 2.6066 2.22889 2.07824 2.64032 2.29521 1.6148 2.09675 2.03384 2.09208 2.27726 2.05896 2.10319
threshold=-0.012058732099831103 0.61594998836517345 2.8696192502975468 1.0000000180025095e-35 0.011860057245939972 -0.022280000150203701 -0.0075459999497979871 6.1299695968627939 -0.014308394398540257 0.043268291279673583 -0.014680000022053717 0.37704999744892126 0.028675957582890991 -0.010934040416032074
decision_type=2 10 10 2 2 8 10 10 2 2 8 10 2 2
left_child=-1 7 3 -3 -5 -6 -7 8 -2 12 -11 -12 13 -10
right_child=1 2 -4 4 5 6 -8 -9 9 10 11 -13 -14 -15
leaf_value=-0.00081309092135374279 0.00085276446468716982 -0.00020515101617889927 -0.00051325143557344704 0.00048369394548108377 0.003764790767684309 -0.0012926188213876399 9.809584790336925e-05 -0.00052152372211465678 0.00036848911483992842 0.0046309041123022325 0.0012337212256673771 -0.00048641188940832733 -0.00079183559025250286 -3.6217153056771557e-05
leaf_weight=3501 2468 7556 4377.5 25936 147 1407 4382 5813 11930 115 1836 1107 3159.5 364819.5
leaf_count=3501 2468 7556 4377 25935 147 1407 4382 5812 11930 115 1836 1107 3159 364795
internal_value=-1.11416e-05 -4.67877e-06 0.00018088 0.000258002 0.000367818 -0.000138459 -0.000240737 -2.54566e-05 -1.79685e-05 -2.35909e-05 0.00074636 0.000586971 -2.97982e-05 -2.33972e-05
internal_weight=438554 435054 43805.5 39428 31872 5936 5789 391248 385435 382967 3058 2943 379909 376750
internal_count=438527 435026 43804 39427 31871 5936 5789 391222 385410 382942 3058 2943 379884 376725
is_linear=0
shrinkage=0.03


Tree=117
num_leaves=15
num_cat=0
split_feature=12 45 24 56 47 44 47 14 27 53 45 3 6 20
split_gain=2.3718 1.82182 2.69434 2.11161 2.19607 1.78512 2.60411 2.17921 1.75939 1.70337 2.05284 1.94994 1.69223 2.33884
threshold=0.56911876797676098 -0.0038169696927070613 0.66824999451637279 -0.0094004734419286234 0.1529476270079613 0.0060035670176148423 -0.3253102302551269 -0.092059999704360948 15.765000343322756 -0.0024854217190295454 0.013260579667985441 0.0015734999906271698 0.0017035000491887333 -0.11405000090599059
decision_type=10 2 8 2 8 2 8 8 8 2 2 8 8 10
left_child=1 2 12 -3 9 6 -4 -8 -2 10 -5 -12 -1 -14
right_child=8 3 5 4 -6 -7 7 -9 -10 -11 11 -13 13 -15
leaf_value=-0.00017883764104215428 -0.00034312476763389497 -0.00041424306163507515 -0.00040118490328074356 -0.00017377777706424914 0.00012829495096987337 0.00068935502880340498 0.0010024824166610972 6.6949557891454576e-05 2.3336460965166488e-05 -5.6222900859384573e-06 0.0011088552953109462 -0.0012935980992626319 0.00080059369893733438 0.00019202807953380412
leaf_weight=3839.5 27050 10796.5 10853 28541 95401 3906 2302.5 77698.5 20898 132503.5 341 2564.5 11576 11169.5
leaf_count=3838 27049 10796 10853 28538 95396 3906 2302 77692 20898 132501 341 2563 11574 11169
internal_value=1.57237e-05 4.01156e-05 0.000136674 -3.25829e-06 1.38582e-05 6.17891e-05 3.47723e-05 9.3936e-05 -0.000183418 -5.27334e-05 -0.000251209 -0.00101022 0.000403533 0.000501857
internal_weight=439440 391492 121345 270148 259351 94760 90854 80001 47948 163950 31446.5 2905.5 26585 22745.5
internal_count=439416 391469 121334 270135 259339 94753 90847 79994 47947 163943 31442 2904 26581 22743
is_linear=0
shrinkage=0.03


Tree=118
num_leaves=15
num_cat=0
split_feature=49 72 39 45 9 22 67 26 39 10 14 10 39 79
split_gain=1.80592 1.77819 1.81903 1.79251 2.68421 3.60907 3.3514 2.83124 2.71781 2.69948 2.46817 2.9566 2.42412 2.19233
threshold=inf -0.012058732099831103 -0.0089934999123215658 -0.0066274551209062329 0.035261457785964019 0.38535000383853918 0.0041626135352998981 0.23085000365972522 0.06718000024557115 -0.052807155996561043 -0.065104998648166643 -0.0019879237515851851 0.035800000652670867 2899.5000000000005
decision_type=8 2 8 2 10 8 2 10 8 10 8 10 8 8
left_child=1 2 -1 -3 5 -5 7 10 -8 -10 12 13 -6 -12
right_child=-2 3 -4 4 6 -7 8 -9 9 -11 11 -13 -14 -15
leaf_value=5.6580336083439301e-05 0.0018511877688920349 0.00011425277075959686 -0.0013023441006153348 -0.00013652956205209967 -6.0569878219154824e-05 0.00010777402027827017 7.2834472877812165e-06 0.00019932582277752215 0.004978838434506529 0.00071872336558726239 -0.00052299675652815823 -0.00020692799323799267 0.0013908320792917811 -0.0013508793882913684
leaf_weight=1647 466 93681.5 1914 84175.5 5154 153947.5 20132 10606 134 3781 23015 35446 1291 3289
leaf_count=1647 466 93668 1914 84167 5154 153945 20131 10606 134 3781 23015 35446 1291 3289
internal_value=-5.45041e-06 -7.44588e-06 -0.000674629 -1.97211e-06 -3.3906e-05 2.14127e-05 -0.00016198 -0.000256578 0.000148005 0.0008707 -0.000327492 -0.000385798 0.000231014 -0.000626751
internal_weight=438680 438214 3561 434652 340971 238123 102848 78801 24047 3915 68195 61750 6445 26304
internal_count=438654 438188 3561 434627 340959 238112 102847 78801 24046 3915 68195 61750 6445 26304
is_linear=0
shrinkage=0.03


Tree=119
num_leaves=15
num_cat=0
split_feature=12 64 70 14 59 70 51 71 54 70 53 10 63 14
split_gain=2.64178 1.73675 2.10472 1.83487 1.63302 1.62831 2.32508 2.17424 2.68091 2.04285 1.8003 1.79723 1.74682 1.75994
threshold=0.37624071538448339 0.99806201457977306 -0.011223369743674992 0.033834999427199371 2.8696192502975468 0.0036912850337103014 0.083062708377838149 -0.0053796789143234483 -0.0013708337792195378 -0.013526626862585543 -0.011331608984619377 -0.0085712368600070459 0.67120203375816356 -0.065104998648166643
decision_type=10 8 2 10 8 2 10 2 2 2 2 10 2 8
left_child=5 4 -3 -4 -2 6 9 10 -9 11 -7 -1 13 -8
right_child=1 2 3 -5 -6 7 12 8 -10 -11 -12 -13 -14 -15
leaf_value=7.0382860780177583e-05 -6.5674528151181421e-05 -0.0049567203070071059 0.00013182404708672076 -0.0042531988526590993 -0.00042311586739946319 -0.0012424073519482545 0.00039577788571386319 -0.00064593936717783035 -6.4222936216678099e-05 0.00018130641607628367 0.00030016414350366854 0.0012977309687432048 0.00022744196243898042 -7.8058706307873479e-05
leaf_weight=1729 118983 132 418 103 12730 704 7625 8031.5 63242 84208 17265.5 2831 27456 93581.5
leaf_count=1729 118981 132 418 103 12728 704 7624 8030 63241 84202 17265 2831 27455 93575
internal_value=4.09001e-06 -0.00010792 -0.00164537 -0.00076727 -0.000100236 5.24367e-05 9.67234e-05 -5.54621e-05 -0.000129815 0.000214826 0.000239401 0.000832948 1.52356e-05 -4.23416e-05
internal_weight=439040 132366 653 521 131713 306674 217430 89243 71273.5 88768 17969.5 4560 128662 101206
internal_count=439018 132362 653 521 131709 306656 217416 89240 71271 88762 17969 4560 128654 101199
is_linear=0
shrinkage=0.03


Tree=120
num_leaves=15
num_cat=0
split_feature=60 72 16 23 14 66 54 25 20 10 76 21 45 45
split_gain=2.29879 2.05772 1.92298 2.01476 2.1122 1.92106 2.32578 2.2871 2.07619 2.13735 2.29135 2.00594 1.94644 1.81024
threshold=0.13232433050870898 -0.0027560580056160684 0.23544999957084659 0.43054999411106115 0.0078064999543130406 0.70284366607666027 0.0060476644430309543 0.054824998602271087 -0.33534999191761011 0.0028780585853382949 1.5000000000000002 0.16025000065565112 -0.020547097548842427 0.0083005987107753771
decision_type=2 2 10 8 10 10 2 8 8 10 2 8 2 2
left_child=1 -1 3 4 -2 6 8 -7 9 10 -5 -10 -13 -11
right_child=2 -3 -4 5 -6 7 -8 -9 11 13 -12 12 -14 -15
leaf_value=-0.00017653697665404768 -0.00078057495549632651 0.00026984161268885342 -0.00019079542513554621 -0.0014016709628077632 0.00019669042197675328 -0.00021515636848531335 0.00034561372205024087 0.00012628746679604514 0.00038910281168279227 -0.00010472075092159783 -0.00028851010072245654 0.00059867070666897457 1.5092419996794142e-05 0.00083360038288071334
leaf_weight=11682.5 5794.5 45407 54384.5 1843 3028 57346 22830 25505 15570 6502.5 16797.5 5305 164355 2581
leaf_count=11681 5791 45406 54384 1843 3028 57342 22830 25505 15570 6502 16795 5305 164345 2581
internal_value=9.41868e-07 0.00017849 -2.56054e-05 1.83202e-06 -0.000445243 1.42176e-05 5.78828e-05 -0.000110044 2.70289e-05 -0.000215073 -0.000398915 6.32699e-05 3.33571e-05 0.000162207
internal_weight=438932 57089.5 381842 327458 8822.5 318635 235784 82851 212954 27724 18640.5 185230 169660 9083.5
internal_count=438908 57087 381821 327437 8819 318618 235771 82847 212941 27721 18638 185220 169650 9083
is_linear=0
shrinkage=0.03


Tree=121
num_leaves=15
num_cat=0
split_feature=18 20 71 79 52 74 63 68 45 51 22 25 23 30
split_gain=1.87785 2.88821 2.75619 2.58962 2.0609 1.92504 1.90623 1.79176 2.55697 2.77388 2.27614 2.4991 2.25561 2.21284
threshold=0.11545000225305559 -0.022265000268816944 -0.0043143671937286845 61.500000000000007 6.1299695968627939 1.0000000180025095e-35 0.95333763957023632 -0.010193296708166598 -0.01822779048234224 0.97547194361686718 0.64344999194145214 0.067125000059604659 0.55425000190734874 0.48995000123977667
decision_type=10 10 2 8 10 2 2 2 2 10 10 8 8 8
left_child=7 2 4 5 -2 -3 -5 -1 9 13 12 -12 -10 -9
right_child=1 3 -4 6 -6 -7 -8 8 10 -11 11 -13 -14 -15
leaf_value=-0.0003494376867860695 0.00036515375394211339 -6.8350730208017582e-05 -0.00042108168918286151 0.00077143672977763342 -0.0034397031160298989 0.0019602935817587025 0.0033501461817450782 0.00016457035508964736 -0.00032217747187749556 -0.0012905183158385457 3.7948374307132351e-05 0.00032492003513485149 2.0877800029353067e-06 0.0008759931965626038
leaf_weight=10692 5884 10835 30002 2275 126 433 287 8446 21192 818 83663 40545 216482.5 7367
leaf_count=10692 5884 10835 30002 2275 126 433 287 8446 21189 818 83661 40545 216465 7367
internal_value=1.12541e-05 -0.000162112 -0.000303624 0.000206347 0.000282592 1.04397e-05 0.00106627 3.34573e-05 4.42775e-05 0.000407941 2.75593e-05 0.000131633 -2.68312e-05 0.000496182
internal_weight=439048 49842 36012 13830 6010 11268 2562 389206 378514 16631 361882 124208 237674 15813
internal_count=439025 49842 36012 13830 6010 11268 2562 389183 378491 16631 361860 124206 237654 15813
is_linear=0
shrinkage=0.03


Tree=122
num_leaves=15
num_cat=0
split_feature=65 9 24 27 9 53 50 67 71 72 1 9 12 46
split_gain=2.25233 1.97538 2.26664 1.91522 2.16099 2.82577 2.10603 2.40961 2.14087 1.83581 1.98493 2.45809 1.77447 2.32058
threshold=0.012220009695738556 0.050959581509232528 2.1835000514984135 12.444999694824221 0.021326591260731224 0.0048562819138169297 -0.017539664171636101 -0.012389608193188904 -0.010934040416032074 0.00050445849774405371 0.0022304999874904756 0.02167436666786671 0.29914890229702001 0.95694559812545787
decision_type=10 10 10 8 10 2 2 2 2 2 8 10 8 10
left_child=-1 3 12 9 5 -5 -6 -8 -9 -2 -11 -12 13 -3
right_child=1 2 -4 4 6 -7 7 8 -10 10 11 -13 -14 -15
leaf_value=0.00069762843704087359 3.0045005946034517e-06 -0.00016601686667261752 0.0014027007804530364 0.00030651974616659297 0.0016840364571290704 -0.00089947992157753088 -0.00043761304235558204 0.0004755712438860311 1.0149315785703885e-05 -0.00067376401467348008 0.00023634869944873715 -0.00034037969690107502 -0.00051875487656805107 0.0011545243306645575
leaf_weight=4069 52377 17620 743 37635.5 672 1829 10460 9218 250008.5 8511 9778 20775 14351 1280
leaf_count=4068 52377 17620 743 37632 672 1829 10460 9218 249995 8511 9778 20775 14351 1280
internal_value=-4.47864e-06 -1.10502e-05 -0.00023061 7.55294e-06 4.31596e-05 0.00025052 1.28868e-05 8.69156e-06 2.67084e-05 -0.000113086 -0.000268721 -0.000155799 -0.000267312 -7.63017e-05
internal_weight=439327 435258 33994 401264 309823 39464.5 270358 269686 259226 91441 39064 30553 33251 18900
internal_count=439309 435241 33994 401247 309806 39461 270345 269673 259213 91441 39064 30553 33251 18900
is_linear=0
shrinkage=0.03


Tree=123
num_leaves=15
num_cat=0
split_feature=12 50 51 58 27 20 20 50 66 25 20 79 72 22
split_gain=2.09564 2.48752 2.98028 2.39997 2.07253 2.03631 1.81611 1.77178 1.66171 2.09936 1.97303 1.90757 1.64735 1.97806
threshold=0.56911876797676098 -0.011565884575247763 0.5513194501399995 0.016018489375710491 16.564999580383304 -0.085595000535249696 -0.22084999829530713 -0.017539664171636101 0.70284366607666027 0.058624999597668655 -0.065634999424219118 6.5000000000000009 0.010841498617082836 0.94784998893737804
decision_type=10 2 10 2 8 10 10 2 8 8 10 10 2 10
left_child=1 2 3 7 6 -5 -2 -1 11 -10 -11 -3 -12 -14
right_child=4 8 -4 5 -6 -7 -8 -9 9 10 12 -13 13 -15
leaf_value=0.0026386872602680235 -0.00073564501793922535 -0.0001501289021330795 -0.00078147343304129139 0.00015099284827855376 6.4478431112654569e-05 -0.0039824500058311969 -0.0002029481340133217 0.00098003786122984613 -0.00018343820531338867 -8.3891823531620949e-05 0.00025976379283412191 8.6230931937438576e-05 -5.9967325954422569e-05 0.0039167131486405821
leaf_weight=708 7815 35533.5 1112 1008 18035 115 21891 3181 71964.5 29964.5 19434 227182.5 208 240
leaf_count=708 7814 35529 1112 1008 18035 115 21891 3181 71960 29964 19434 227170 208 240
internal_value=-1.57828e-06 2.13523e-05 0.000620973 0.000932598 -0.000189195 -0.000288066 -0.000343189 0.001285 1.17947e-05 -7.97907e-05 6.98509e-05 5.426e-05 0.000301522 0.00209011
internal_weight=438392 390651 6124 5012 47741 1123 29706 3889 384527 121811 49846.5 262716 19882 448
internal_count=438369 390629 6124 5012 47740 1123 29705 3889 384505 121806 49846 262699 19882 448
is_linear=0
shrinkage=0.03


Tree=124
num_leaves=15
num_cat=0
split_feature=67 49 63 45 51 80 45 39 58 9 53 23 72 54
split_gain=2.04982 2.64812 2.25854 2.08004 2.76124 2.16017 1.9648 1.88926 1.82109 2.72129 2.31144 1.81603 1.7785 1.77826
threshold=-0.0044145931024104348 0.10527781769633295 0.42612364888191229 -0.0016389462980441747 0.046175083145499236 1.0000000180025095e-35 -0.011548842303454874 0.16640000045299533 0.010811974294483663 0.03294987045228482 0.0037545531522482638 0.53114998340606701 0.0036694821901619439 0.005544735351577402
decision_type=2 8 2 2 8 10 2 10 2 8 2 8 2 2
left_child=1 2 7 4 6 8 -2 -1 9 11 12 -5 -11 -7
right_child=3 -3 -4 5 -6 13 -8 -9 -10 10 -12 -13 -14 -15
leaf_value=0.00030118763599596354 0.0014299759889797024 -0.0002028637406773908 -0.00061273181846485225 -0.00052720370184177997 8.2317681005200533e-05 0.00012743918078422063 0.00038929443787798565 -0.0019151967957242791 6.8348350301399043e-05 -0.00028376026673962505 0.00047008487599402147 1.7537406558836129e-05 -0.00081611362981249018 0.00076007919412815657
leaf_weight=21025 1827 76031 3007 5906.5 84562 25977 15108 347 78994 30917.5 3103 80666.5 6909 4722
leaf_count=21025 1827 76024 3007 5903 84558 25976 15105 347 78994 30915 3103 80662 6909 4722
internal_value=3.41448e-06 -0.000115627 0.000156425 3.87071e-05 0.000152356 -9.92615e-06 0.000501955 0.000264762 -4.48351e-05 -0.000114958 -0.00031651 -1.96562e-05 -0.000381089 0.000224857
internal_weight=439102 100410 24379 338692 101497 237196 16935 21372 206496 127502 40929.5 86573 37826.5 30699
internal_count=439077 100403 24379 338674 101490 237184 16932 21372 206486 127492 40927 86565 37824 30698
is_linear=0
shrinkage=0.03


Tree=125
num_leaves=15
num_cat=0
split_feature=80 9 14 64 50 22 20 31 67 17 35 68 16 45
split_gain=2.02242 2.03397 2.09312 2.06082 3.39422 2.42182 2.10667 1.97707 1.91173 1.88709 2.24905 2.07177 1.68752 2.41835
threshold=6.5000000000000009 0.064040895551443114 -0.10494999960064887 0.71820691227912914 -0.00053992934408597637 0.32015000283718115 -0.47945000231266016 1.091499984264374 -0.023659475147724148 53.48500061035157 0.086600001901388182 0.01018351409584284 -0.13004999607801435 0.0093858130276203173
decision_type=8 10 8 10 2 8 10 8 2 8 10 2 8 2
left_child=-1 2 -2 5 8 6 -4 -8 -5 10 -3 -11 13 -7
right_child=1 9 3 4 -6 12 7 -9 -10 11 -12 -13 -14 -15
leaf_value=0.00021985928189615381 0.00063510918271506467 7.7334391825834381e-05 -0.00091973599270400827 -0.0023982383411668257 2.8688723933865573e-05 0.00021857053965107501 1.2405411255170358e-05 -0.00032431903315873866 -0.00029196171334873163 -0.00065452221466363435 -0.0018711428766380069 -0.0027110290491496347 5.9540877213791748e-05 0.0012597887122890578
leaf_weight=34425.5 4496.5 6232 2799 386 58258.5 11241 55581 21862.5 49468.5 4322 578 487 186705.5 2440
leaf_count=34425 4496 6232 2799 386 58258 11241 55571 21860 49466 4322 578 487 186700 2440
internal_value=-8.70806e-07 -1.96422e-05 -8.08129e-06 -1.5529e-05 -0.000126811 2.73442e-05 -0.000111921 -8.26676e-05 -0.000308508 -0.000410744 -8.92945e-05 -0.000865381 8.3113e-05 0.000404664
internal_weight=439283 404858 393238 388742 108113 280629 80242.5 77443.5 49854.5 11619 6810 4809 200386 13681
internal_count=439261 404836 393217 388721 108110 280611 80230 77431 49852 11619 6810 4809 200381 13681
is_linear=0
shrinkage=0.03


Tree=126
num_leaves=15
num_cat=0
split_feature=10 52 72 79 19 56 24 67 45 30 70 9 18 23
split_gain=2.4424 2.2764 1.92605 1.94424 2.07773 2.303 1.86908 1.79239 1.73193 4.06434 2.32299 2.20381 2.77898 2.06554
threshold=0.092030655592679991 4.7956326007843026 -0.012058732099831103 8.5000000000000018 0.26604999601840978 -0.02702506352216005 0.72664999961853038 -0.004332880722358822 -0.01822779048234224 0.34995000064373022 -0.006294405320659279 0.027973058633506302 -0.091135002672672258 0.61004999279975902
decision_type=8 10 2 10 10 2 8 2 2 8 2 10 8 8
left_child=2 7 3 -1 5 -5 -3 -2 9 -4 -11 13 -13 -10
right_child=1 6 8 4 -6 -7 -8 -9 11 10 -12 12 -14 -15
leaf_value=0.00074767392779004013 0.0015683232534465786 -0.0054190877668006581 -0.0004227120802574997 0.0014746724578946397 -0.0029174025436641956 -0.0010836356727808654 -0.0015820261393304843 -0.0010794701820477934 -0.00019343524468585599 0.0007376097940622944 2.6347959370654788e-05 0.00023329685149721266 -9.8041743466143716e-05 0.00011729404896623033
leaf_weight=678 315 155 5876 371 441 2017 425 815 21952.5 11649 6404 25616 205574.5 156369
leaf_count=678 315 155 5876 371 441 2017 425 815 21950 11648 6404 25615 205563 156359
internal_value=4.18897e-06 -0.00112573 8.62375e-06 -0.000691098 -0.00103663 -0.000683926 -0.002645 -0.000337711 1.42932e-05 0.000262346 0.000485379 -2.0436e-07 -6.1325e-05 7.9037e-05
internal_weight=438658 1710 436948 3507 2829 2388 580 1130 433441 23929 18053 409512 231190 178322
internal_count=438632 1710 436922 3507 2829 2388 580 1130 433415 23928 18052 409487 231178 178309
is_linear=0
shrinkage=0.03


Tree=127
num_leaves=15
num_cat=0
split_feature=72 50 65 30 9 50 53 65 72 53 26 9 55 53
split_gain=1.62303 1.83242 1.72599 2.01467 1.69104 1.97096 1.72314 2.18473 1.90139 1.65663 1.57169 2.87234 2.54855 2.18275
threshold=-0.0097383195534348471 -0.017539664171636101 0.015523958485573532 0.70695000886917125 0.064040895551443114 -0.0036118529969826336 -0.0033556218259036537 0.36325658857822424 0.011762933339923622 -0.0039964909665286532 0.13714999705553058 0.036768091842532165 0.68577751517295849 -0.0030409073224291201
decision_type=2 2 10 8 10 2 2 10 2 2 10 10 2 2
left_child=-1 -2 3 -3 6 9 7 -4 10 -6 11 -8 13 -13
right_child=1 2 4 -5 5 -7 8 -9 -10 -11 -12 12 -14 -15
leaf_value=-0.00044795009164689571 0.0010754628191521995 0.00024338238324095825 9.9620699612508969e-05 0.0016618100131877451 -9.9401478562813461e-05 -0.00010018043575482779 4.2722448097886415e-05 -0.00021414522575774155 0.00067478037989531327 -0.0015036967411522311 0.00013221435269242213 0.00098391862354686179 0.00055577872545841712 -0.00034830879304358477
leaf_weight=6959 1453 4300 30638.5 1136 1199 7457 177550 57352.5 4249 2045 104203 1137 3348 36240
leaf_count=6959 1453 4299 30636 1136 1199 7457 177537 57345 4249 2045 104203 1137 3348 36239
internal_value=6.39485e-06 1.37137e-05 1.01206e-05 0.000541056 3.33007e-06 -0.000368934 1.29399e-05 -0.000104892 4.46745e-05 -0.000985613 3.63619e-05 -9.39943e-06 -0.000236614 -0.000307657
internal_weight=439267 432308 430855 5436 425419 10701 414718 87991 326727 3244 322478 218275 40725 37377
internal_count=439242 432283 430830 5435 425395 10701 414694 87981 326713 3244 322464 218261 40724 37376
is_linear=0
shrinkage=0.03


Tree=128
num_leaves=15
num_cat=0
split_feature=10 51 79 58 71 71 9 20 55 27 58 33 18 23
split_gain=1.57856 1.72445 2.12861 1.89498 1.49398 1.46065 1.74117 2.11664 2.32172 1.74297 1.80049 1.81784 1.72159 2.18196
threshold=0.092030655592679991 0.48511643707752233 9.5000000000000018 0.014844010584056379 0.0045673148706555375 -0.0016843953635543583 0.025134735740721229 -0.28145000338554377 0.16479103267192843 16.564999580383304 0.012548836879432203 -0.011070000007748602 -0.049705000594258301 0.99124997854232799
decision_type=8 8 8 2 2 2 10 8 2 8 2 10 8 10
left_child=5 2 -2 -3 -4 -1 7 -7 -9 10 -10 -12 13 -8
right_child=1 3 4 -5 -6 6 12 8 9 -11 11 -13 -14 -15
leaf_value=8.5588006013751787e-05 0.0035925778841822222 -0.0012282607230759313 -0.0015427776487743879 -0.0052160828122718925 0.0014823345727070349 -0.00032589305039919264 -0.00010960485688652428 -0.00071758590201679434 0.00013763242863162043 0.00046250844911356495 -0.0026196823268878058 -0.00030065533595153763 -0.00012657571411263716 0.00030743401614120224
leaf_weight=136047.5 129 844 443 119 214 10497 24541 2828 60561 13826 320 4799 162839 20905
leaf_count=136037 129 844 443 119 214 10496 24535 2828 60557 13826 320 4799 162837 20905
internal_value=4.04042e-07 -0.000897785 0.000145224 -0.00174544 -0.000553675 4.00774e-06 -3.28519e-05 7.52036e-05 0.000126357 0.000156419 9.19556e-05 -0.000448038 -8.10121e-05 8.22443e-05
internal_weight=438912 1749 786 963 657 437164 301116 92831 82334 79506 65680 5119 208285 45446
internal_count=438889 1749 786 963 657 437140 301103 92826 82330 79502 65676 5119 208277 45440
is_linear=0
shrinkage=0.03


Tree=129
num_leaves=15
num_cat=0
split_feature=60 51 56 47 78 13 79 11 39 1 30 26 62 36
split_gain=1.75889 2.03258 2.06622 2.10449 1.65847 1.64357 2.43063 2.25166 2.77225 2.08552 1.67891 2.5559 1.67111 1.63363
threshold=0.13627520203590396 0.97547194361686718 0.02648938819766045 -0.33858290314674372 0.022541970945894722 0.34783203899860388 83.500000000000014 0.33588762581348425 -0.080760002136230455 0.0056899997871369132 0.37704999744892126 0.14530000090599063 0.87740474939346325 -0.016999999992549416
decision_type=2 10 2 8 2 8 8 10 10 8 8 10 2 8
left_child=1 2 4 -4 -1 6 -2 -8 -9 10 11 -7 -11 -10
right_child=5 -3 3 -5 -6 9 7 8 13 12 -12 -13 -14 -15
leaf_value=0.00022162149343641862 -2.4770528933864764e-05 -0.0010853596416970667 0.00022880088774058637 -0.0017708153034924001 -0.0022623836550355694 -0.0015868753563016622 -0.00040899185757302088 0.0010690483373806616 -0.0016295298229986703 0.00017535186461533329 -0.00010875354870730912 0.00080853203296085826 -0.00020302466903339449 -3.8662506684233622e-05
leaf_weight=55502.5 217669 1165 922 967 238 1608 30843 2065 611 84982 19895 530 11982.5 10211.5
leaf_count=55500 217666 1165 922 967 238 1607 30839 2065 611 84977 19892 530 11982 10209
internal_value=-9.98095e-08 0.000152601 0.000177719 -0.000796797 0.000210813 -2.37032e-05 -6.57767e-05 -0.000269859 6.31487e-05 6.8718e-05 -0.000194721 -0.000992564 0.000128585 -0.000129188
internal_weight=439192 58794.5 57629.5 1889 55740.5 380397 261400 43730.5 12887.5 118998 22033 2138 96964.5 10822.5
internal_count=439170 58792 57627 1889 55738 380378 261390 43724 12885 118988 22029 2137 96959 10820
is_linear=0
shrinkage=0.03


Tree=130
num_leaves=15
num_cat=0
split_feature=16 74 20 21 25 36 37 14 12 20 35 73 19 30
split_gain=1.64967 3.26162 2.24988 1.85931 1.81872 2.2973 2.04685 1.97594 1.85654 1.79717 1.98608 2.16096 2.07448 2.0152
threshold=0.17684999853372577 1.0000000180025095e-35 -0.084454998373985277 0.18075000494718554 -0.050229998305439942 0.0073649999685585507 -0.0092719998210668546 -0.10494999960064887 0.34454604983329779 -0.042284999042749398 0.11529999971389772 4.5000000000000009 0.23824999481439593 0.38654999434947973
decision_type=10 2 10 10 8 10 10 10 10 10 8 2 10 10
left_child=-1 3 -3 -2 5 -5 -7 8 -6 10 11 12 -9 -12
right_child=1 2 -4 4 7 6 -8 9 -10 -11 13 -13 -14 -15
leaf_value=2.872617098873166e-05 0.00049484777725888342 -0.00015993148911720476 0.0012195091288849961 -0.0013591090907780837 0.0024596559217546733 -0.0033485234155461695 0.00086251609621758763 -0.00012609178474148468 -0.0011573799412872177 1.3371395417273036e-05 0.0013029549528058601 0.0034527627680697205 -0.00052409737239032599 -0.00028950773639761524
leaf_weight=345725.5 3810 1750 2706 2412 472 113 866 22484 171 30805 1396 131 24776 1458
leaf_count=345700 3810 1750 2706 2412 472 113 865 22484 171 30805 1396 131 24776 1458
internal_value=-1.49042e-06 -0.000113394 0.000678191 -0.00015311 -0.000182153 -0.000862438 0.000361916 -0.000153863 0.00149623 -0.000167046 -0.000277649 -0.000323946 -0.000334779 0.000490343
internal_weight=439076 93350 4456 88894 85084 3391 979 81693 643 81050 50245 47391 47260 2854
internal_count=439049 93349 4456 88893 85083 3390 978 81693 643 81050 50245 47391 47260 2854
is_linear=0
shrinkage=0.03


Tree=131
num_leaves=15
num_cat=0
split_feature=45 51 67 68 10 73 67 80 19 24 20 76 55 51
split_gain=2.11053 2.89525 2.41544 2.55539 2.32032 2.46616 2.17748 1.7843 1.72798 2.36371 2.10771 2.4213 3.18586 1.88663
threshold=-0.0035936908097937699 0.042665820568799979 -0.0018664204399101434 -0.0023127500899136062 -0.035141803324222558 1.0000000180025095e-35 -0.0039791909512132398 6.5000000000000009 0.1495499983429909 0.59345000982284557 -0.30615000426769251 1.5000000000000002 0.21032152324914935 0.31443746387958532
decision_type=2 8 2 2 8 2 2 8 8 10 10 2 2 10
left_child=1 6 3 -2 5 -3 -1 -4 9 -6 11 12 -11 -10
right_child=2 4 7 -5 8 -7 -8 -9 13 10 -12 -13 -14 -15
leaf_value=4.9201388131806512e-05 -0.00098788773385578821 -0.00040401983709134631 0.00030747463067819643 -0.00014478074639933097 0.00049260547449607515 0.00093883702479134377 0.00076609614104891676 -1.5783394225399227e-05 -9.2940399037570024e-05 0.0017051240656269933 0.0001229600178171247 -0.00014309711722213737 -0.0018927472895625492 -0.00088494685879365713
leaf_weight=6380 3358 1646 16669 85453 11404.5 4847 9475.5 196170 32263 258 51279.5 15652.5 1427 2950
leaf_count=6378 3358 1646 16669 85450 11402 4847 9475 196164 32261 258 51274 15652 1427 2950
internal_value=-8.8629e-07 9.64846e-05 -4.52982e-05 -0.000176713 4.68075e-05 0.000598369 0.000477736 9.53997e-06 1.57047e-05 9.2767e-05 2.62807e-05 -0.000259623 -0.00133844 -0.000159408
internal_weight=439233 137583 301650 88811 121728 6493 15855.5 212839 115234 80021.5 68617 17337.5 1685 35213
internal_count=439211 137570 301641 88808 121717 6493 15853 212833 115224 80013 68611 17337 1685 35211
is_linear=0
shrinkage=0.03


Tree=132
num_leaves=15
num_cat=0
split_feature=65 20 67 50 30 10 45 60 18 10 30 53 26 68
split_gain=1.92057 1.93929 1.91024 2.9296 1.8073 1.74331 1.95209 1.6979 2.00176 1.63244 1.62731 2.63457 1.88984 2.14434
threshold=0.015523958485573532 -0.70394998788833607 -0.0044867997057735911 -0.010099793784320353 0.70695000886917125 0.092030655592679991 -0.030996825546026226 0.060922587290406234 -0.084435001015663133 -0.04546507075428962 0.62465000152587902 0.0048562819138169297 0.11105000227689744 0.0011738312314264478
decision_type=10 8 2 2 8 8 2 2 10 10 10 2 8 2
left_child=4 -2 3 9 -1 7 -7 8 -4 -3 12 -12 13 -9
right_child=1 2 5 -5 -6 6 -8 10 -10 -11 11 -13 -14 -15
leaf_value=0.00026765284932054174 -0.0010707930978941414 0.0018233906240481884 0.001124634227120063 -0.00016635329147517142 0.0015718059757656951 -0.0049010543342976063 -0.00071469362381408608 -0.00024229651589106571 0.00019132852677940102 0.00032852858486423644 0.00031225651075170987 -0.00095346042041254467 6.084748278060239e-05 1.2102650774721241e-05
leaf_weight=4591 1540 745 2353 90585 1204 105 1169 51423 16863 5363 25353 1567 164707.5 70970.5
leaf_count=4590 1540 745 2353 90580 1204 105 1169 51423 16863 5363 25353 1567 164701 70964
internal_value=-2.55817e-06 -9.82629e-06 -6.02478e-06 -0.000123465 0.000539732 2.79237e-05 -0.00107753 3.21661e-05 0.000305875 0.000512201 1.54123e-05 0.000238416 -5.50143e-06 -9.47874e-05
internal_weight=438539 432744 431204 96693 5795 334511 1274 333237 19216 6108 314021 26920 287101 122394
internal_count=438520 432726 431186 96688 5794 334498 1274 333224 19216 6108 314008 26920 287088 122387
is_linear=0
shrinkage=0.03


Tree=133
num_leaves=15
num_cat=0
split_feature=65 14 79 13 1 79 38 50 18 47 59 57 64 61
split_gain=1.89936 1.58895 1.81244 1.53022 1.99385 2.0699 2.43972 2.23172 1.97489 1.88269 1.79546 2.56108 1.71848 1.92084
threshold=1.0000000180025095e-35 0.21155000478029254 3.5000000000000004 0.3449684232473374 0.0080544999800622481 745.50000000000011 -0.0025984999956563111 -0.0080560487695038301 -0.082335002720355974 -0.078737273812293992 1.7374594211578371 0.011020530480891468 0.33812974393367773 0.09014634415507318
decision_type=10 10 10 10 10 8 10 2 10 8 10 2 10 2
left_child=-1 3 -3 4 5 -2 7 -7 -6 -9 11 -10 13 -5
right_child=1 2 -4 12 8 6 -8 9 10 -11 -12 -13 -14 -15
leaf_value=0.0019164386364065697 -1.6812093589648859e-05 0.00066408264424581433 -0.0016135833944088457 0.0009524780031023466 0.0012982827185890299 0.0016194694553964871 -0.00047578262695912248 0.00078058794010797997 0.00041056865584489195 -0.00022599429401377465 -0.00037599519596901403 0.0038743718416054743 6.7910606474326282e-06 0.00017794881253053993
leaf_weight=463 253979 438 1089 3050 1774 773 19987 2041 4409 9152 3048 196 87980.5 50940
leaf_count=463 253975 438 1089 3049 1773 773 19982 2041 4409 9152 3047 196 87974 50935
internal_value=6.27609e-06 4.23903e-06 -0.00096023 7.61755e-06 -3.12886e-05 -4.54444e-05 -0.000272991 6.57924e-05 0.000397872 -4.21814e-05 0.000188442 0.000562039 8.85571e-05 0.000221788
internal_weight=439320 438856 1527 437330 295359 285932 31953 11966 9427 11193 7653 4605 141970 53990
internal_count=439296 438833 1527 437306 295348 285923 31948 11966 9425 11193 7652 4605 141958 53984
is_linear=0
shrinkage=0.03


Tree=134
num_leaves=15
num_cat=0
split_feature=80 57 45 45 22 24 55 67 47 47 70 6 11 24
split_gain=1.7463 1.81399 2.35918 2.32384 2.30758 1.84089 1.86863 1.82024 1.74144 1.72791 1.67302 1.56573 2.07825 1.85042
threshold=6.5000000000000009 -1.0000000180025095e-35 0.0004626013978850097 -0.056034659966826432 0.86974999308586132 0.84264999628067028 0.65669643878936779 -0.015158736146986483 0.1058853790163994 -0.81579771637916554 -0.0047265738248825065 -0.00090749998344108451 0.72269824147224437 1.0115000009536745
decision_type=8 2 2 2 8 10 2 2 10 8 2 10 8 10
left_child=-1 2 3 4 5 10 -7 -4 -9 -6 -2 12 13 -5
right_child=1 -3 7 11 9 6 -8 8 -10 -11 -12 -13 -14 -15
leaf_value=0.0002060194843307783 0.0035381766674723019 -7.9827199182415468e-05 -0.0023443046253884122 0.00027942446087784805 -0.0013090939447283744 -0.0017979872078708156 0.0023413896880504722 -0.00012521742727023244 0.00020968284046762517 -0.0066439559075232831 -0.0010724740027263028 -9.8939242232871574e-05 0.00073496202289469734 -5.6890628877678074e-06
leaf_weight=34322.5 158 204036 310 51671.5 118 725 109 71472.5 17365 102 122 18314.5 6201 33943.5
leaf_count=34322 158 204027 310 51667 118 725 109 71470 17365 102 122 18308 6200 33942
internal_value=5.82727e-07 -1.68449e-05 4.72128e-05 0.000139215 -0.00110307 -0.000540745 -0.00124626 -6.78219e-05 -5.97466e-05 -0.00387521 0.00154568 0.000154312 0.00020483 0.000166393
internal_weight=438970 404648 200612 111464 1334 1114 834 89147.5 88837.5 220 280 110130 91816 85615
internal_count=438945 404623 200596 111451 1334 1114 834 89145 88835 220 280 110117 91809 85609
is_linear=0
shrinkage=0.03


Tree=135
num_leaves=15
num_cat=0
split_feature=52 50 67 72 36 27 55 30 73 53 67 63 21 20
split_gain=1.72928 2.26377 1.95485 2.2113 2.57396 1.93446 2.73079 1.84505 2.71001 2.51661 1.94638 1.82491 1.81701 1.982
threshold=6.1299695968627939 -0.011565884575247763 -0.0034895522985607381 0.0095190722495317476 0.0045354999601840982 19.215000152587894 0.16479103267192843 0.56884998083114635 1.0000000180025095e-35 0.0045439426321536311 0.012039897032082083 0.038544075563550002 0.58765000104904186 -0.029275000095367428
decision_type=10 2 2 2 8 8 2 10 2 2 2 2 10 10
left_child=1 -1 3 -3 -5 7 -7 10 -9 -10 12 -2 -4 -14
right_child=11 2 5 4 -6 6 -8 8 9 -11 -12 -13 13 -15
leaf_value=0.00057048662931938506 -0.0015422997462484593 -0.00011036933822439089 -3.9396190868576444e-05 4.2366277801790348e-05 0.0052847959201568987 0.0039672286651227951 0.0001712418380375367 -0.00028649704064184555 0.00031634014750195409 -0.00070846642780039736 0.00056086721378773474 -0.00024745584647175114 -0.00061278290649472475 0.0014838382688342224
leaf_weight=6354 1181 118031 174415 196 143 166 68260 10034 40271.5 2274 4660 5646 7596 424
leaf_count=6354 1181 118022 174405 196 143 166 68260 10033 40270 2274 4660 5645 7596 424
internal_value=1.15002e-06 8.625e-06 2.47215e-07 -0.000103374 0.00229845 4.00587e-05 0.00018074 -1.08057e-07 0.000156897 0.000261489 -4.42343e-05 -0.000472415 -5.97055e-05 -0.000501084
internal_weight=439652 432824 426470 118370 339 308100 68426 239674 52579.5 42545.5 187095 6827 182435 8020
internal_count=439629 432803 426449 118361 339 308088 68426 239662 52577 42544 187085 6826 182425 8020
is_linear=0
shrinkage=0.03


Tree=136
num_leaves=15
num_cat=0
split_feature=50 45 34 47 10 71 26 16 6 20 55 80 14 33
split_gain=1.73584 2.2371 2.56356 2.28767 1.70825 1.62686 2.20558 1.8078 1.53405 1.5047 2.69567 1.99584 1.96335 2.55421
threshold=-0.017539664171636101 -0.0080766584724187834 0.0065254999790340671 -0.57625022530555714 -0.013201522640883921 0.0025920751504600052 0.0780950002372265 -0.18755000084638593 0.0025685000000521545 -0.37375000119209284 0.65870755910873424 4.5000000000000009 -0.076624996960163103 0.010389999952167274
decision_type=2 2 10 8 10 2 10 10 10 8 2 8 8 10
left_child=1 2 3 -1 -4 9 8 -8 -7 10 11 -2 13 -11
right_child=5 -3 4 -5 -6 6 7 -9 -10 12 -12 -13 -14 -15
leaf_value=-0.0017036427104392567 0.0010210298591607899 -0.0012130000712350011 -0.0027709114273542332 0.0029137490657371646 0.0010443372578989277 -0.00053081219477119166 0.00036417341650098298 -9.367459159020953e-05 0.0014983749153122874 0.00073735290297132503 0.00058348637873140662 -0.00038232372270007508 3.6503570073105393e-05 -0.00086301591987869661
leaf_weight=106 950 340 164 824 277 12283.5 8477 91387.5 340 6657.5 3450 20419.5 291700.5 1033
leaf_count=106 950 340 164 824 277 12283 8475 91384 340 6656 3450 20417 291686 1033
internal_value=7.52396e-09 0.000952289 0.00149172 0.00238117 -0.000389643 -3.73441e-06 -0.000102035 -5.47939e-05 -0.000475587 3.03729e-05 -0.000194072 -0.000319712 4.89823e-05 0.000521968
internal_weight=438410 1711 1371 930 441 436698 112488 99864.5 12623.5 324210 24819.5 21369.5 299391 7690.5
internal_count=438385 1711 1371 930 441 436674 112482 99859 12623 324192 24817 21367 299375 7689
is_linear=0
shrinkage=0.03


Tree=137
num_leaves=15
num_cat=0
split_feature=45 68 67 56 18 30 36 33 73 51 63 22 10 45
split_gain=1.42968 2.11298 2.51632 2.13053 1.96639 1.91076 2.25606 2.39713 1.96233 1.90721 2.43273 2.25052 2.17699 2.05667
threshold=-0.0023910077288746829 -0.002462264732457697 0.00017554991063661876 -0.0094004734419286234 0.18055000156164172 0.2241499945521355 -0.0017290000105276702 0.0091319996863603609 3.5000000000000004 0.10473068803548814 0.92323201894760143 0.79655000567436229 -0.040225867182016366 -0.03876190818846225
decision_type=2 2 2 2 10 8 10 10 2 10 2 10 10 2
left_child=9 2 -2 4 -3 6 7 -5 -8 11 12 -1 13 -11
right_child=1 3 -4 5 -6 -7 8 -9 -10 10 -12 -13 -14 -15
leaf_value=8.9757902739146851e-05 -0.0010128941679046315 -0.0003397456687254213 -0.0001496069608849707 0.00015256572048195078 -0.0020097307846649298 -2.4258262709794105e-05 0.0009569529419473817 -0.0016962840316362769 -0.00032193276779183877 0.002010985737247695 0.0008933129343175457 0.00047680677073592178 -0.00011031388607680379 0.00027547985692074814
leaf_weight=65325 4174.5 9199 11142 4157 677 245482.5 5633 739 1333 765 2428 17045.5 68131.5 3055
leaf_count=65313 4174 9198 11142 4157 677 245475 5633 739 1333 765 2428 17045 68127 3055
internal_value=-2.21762e-06 -4.25293e-05 -0.000385149 -2.28843e-05 -0.000455182 -6.28562e-06 0.000365509 -0.000127945 0.000712173 7.0442e-05 -3.96796e-05 0.000169877 -7.12232e-05 0.00062521
internal_weight=439287 282537 15316.5 267220 9876 257344 11862 4896 6966 156750 74379.5 82370.5 71951.5 3820
internal_count=439261 282528 15316 267212 9875 257337 11862 4896 6966 156733 74375 82358 71947 3820
is_linear=0
shrinkage=0.03


Tree=138
num_leaves=15
num_cat=0
split_feature=12 9 53 17 45 30 51 10 30 67 58 37 79 53
split_gain=1.91518 1.65365 1.57992 2.05361 1.45703 2.5486 2.48421 1.97623 1.9072 2.02362 1.91819 2.57559 2.01021 1.80605
threshold=0.56911876797676098 0.045322362333536155 0.0033471686765551571 52.305000305175788 -0.007563648745417594 0.34364999830722814 0.04888297617435456 -0.074374321848154054 0.20844999700784686 -0.0064616745803505174 0.0095304232090711611 0.0027025000890716915 814.50000000000011 0.0017016179626807573
decision_type=10 8 2 8 2 8 10 10 8 2 2 10 10 2
left_child=4 -2 -3 -4 5 7 -7 -1 10 -10 11 -6 -12 -14
right_child=1 2 3 -5 8 6 -8 -9 9 -11 12 -13 13 -15
leaf_value=0.0025708910521316762 -0.00011104469431132949 -0.0008087018109746673 0.001616867612026037 -0.0010697071647581956 -0.0010060612596598814 0.00071193819814800794 0.00014738583540548333 -0.00024902279509236765 -0.00028641735448671496 -1.7093040642011602e-06 0.00050862474825057679 0.00086811114649162067 0.001325998236714071 0.0058361503062942417
leaf_weight=222 41020 5781 590 445 1739 8062.5 53805 15373.5 24435 278510 7704 1057 261 113
leaf_count=222 41019 5781 590 445 1739 8058 53799 15373 24434 278498 7704 1057 261 113
internal_value=-3.80776e-06 -0.000182983 -0.000615523 0.000462181 1.80993e-05 0.000134615 0.000221009 -0.000208071 -1.06632e-05 -2.46777e-05 0.000379606 -0.000297264 0.000613927 0.00274771
internal_weight=439118 47836 6816 1035 391282 77463 61867.5 15595.5 313819 302945 10874 2796 8078 374
internal_count=439093 47835 6816 1035 391258 77452 61857 15595 313806 302932 10874 2796 8078 374
is_linear=0
shrinkage=0.03


Tree=139
num_leaves=15
num_cat=0
split_feature=12 23 27 69 20 0 65 10 16 14 24 58 39 28
split_gain=2.22414 2.1493 1.58553 1.50755 1.3894 1.35072 1.23219 1.22989 1.20756 3.09155 1.7545 3.11889 2.66893 2.85619
threshold=0.44379091262817388 2.5904999971389775 14.775000095367433 0.093073595315217986 -0.21694999933242795 -0.013356499839574097 0.91161504387855541 0.025757614523172382 0.089000001549720778 -0.13004999607801435 1.2444999814033511 0.0096066198311746138 0.012635000050067903 0.89980000257492077
decision_type=10 10 8 2 10 8 10 10 8 8 10 2 8 8
left_child=8 2 4 -4 5 -2 7 -6 10 -10 -1 -12 -13 -14
right_child=1 -3 3 -5 6 -7 -8 -9 9 -11 11 12 13 -15
leaf_value=0.00013070901305829385 0.0018684976695007398 -0.0014456195966785095 -0.00059921834256253226 5.0213398737892173e-05 -5.7735809893396856e-05 -0.0005666654481150436 -0.00069884642707536784 -0.0013259097883837967 0.0026148148915977982 -4.3211040130302744e-05 -0.00039433935566903405 -0.00011310287795279034 0.00023717081622230302 0.0014378733321988608
leaf_weight=156586 204 1095 3451 46507 30816.5 11370.5 3254 699 390 132247 17663.5 21323.5 11266 2114
leaf_count=156571 204 1095 3451 46507 30816 11369 3254 699 390 132246 17662 21320 11266 2114
internal_value=-5.58917e-07 -0.000127016 -0.000111949 5.29646e-06 -0.000238324 -0.000522958 -0.00014351 -8.60692e-05 3.5499e-05 -3.52972e-05 8.0438e-05 -6.98788e-05 9.52992e-05 0.000427344
internal_weight=438987 97397 96302 49958 46344 11574.5 34769.5 31515.5 341590 132637 208953 52367 34703.5 13380
internal_count=438964 97395 96300 49958 46342 11573 34769 31515 341569 132636 208933 52362 34700 13380
is_linear=0
shrinkage=0.03


Tree=140
num_leaves=15
num_cat=0
split_feature=12 59 10 63 26 9 53 12 24 20 31 66 20 79
split_gain=1.70752 1.44819 1.7186 1.69753 1.56594 2.56238 2.63874 2.48398 1.59945 1.55963 1.43052 1.41818 1.34865 1.74976
threshold=0.45671063661575323 2.8696192502975468 0.036776373162865646 0.90792226791381847 0.15165000408887866 0.032595083117485053 0.0053043572697788486 0.60642296075820934 1.0814999938011172 -0.16235000640153882 1.000500023365021 0.88376918435096752 -0.21305000036954877 3.5000000000000004
decision_type=10 8 8 2 8 10 2 10 10 10 8 10 10 8
left_child=-1 2 4 -3 5 12 -7 -8 11 -5 -10 -6 13 -2
right_child=1 3 -4 9 8 6 7 -9 10 -11 -12 -13 -14 -15
leaf_value=3.0911082569416205e-05 0.0017377072998403908 -0.00034817381196747071 -0.0012991177762601909 -0.00021924535544616552 7.6987156726870102e-05 -0.00049304271593058366 0.003563160133602767 -0.0010231079006799081 0.0010278067879656565 -0.0028957854572070861 0.00011892685432491334 -0.00091483739213285337 9.6496195186142482e-05 -0.0003876867578350228
leaf_weight=348272.5 357 7967 1016 335 16124 18007 276 168 3000 470 3241 1406 28864 9499.5
leaf_count=348248 357 7965 1016 335 16124 18006 276 168 3000 470 3241 1406 28864 9499
internal_value=7.12136e-07 -0.000115203 -7.59767e-05 -0.00048145 -6.05444e-05 -0.000145626 -0.000436521 0.00183575 0.000144073 -0.00179017 0.000556291 -2.80067e-06 -6.97138e-06 -0.000309863
internal_weight=439003 90730.5 81958.5 8772 80942.5 57171.5 18451 444 23771 805 6241 17530 38720.5 9856.5
internal_count=438975 90727 81957 8770 80941 57170 18450 444 23771 805 6241 17530 38720 9856
is_linear=0
shrinkage=0.03


Tree=141
num_leaves=15
num_cat=0
split_feature=21 25 22 55 17 39 67 58 69 67 30 21 20 33
split_gain=1.4625 2.70964 1.9993 1.91196 1.57205 1.62803 1.94594 2.3795 1.87189 1.64521 1.5514 1.62654 1.48636 2.06159
threshold=0.18075000494718554 0.054050000384449966 0.35414999723434454 0.093359272927045836 34.315000534057624 0.06302999705076219 0.010214833542704584 0.011095697060227396 0.77525252103805553 -0.011434723623096941 0.62255001068115245 0.34724999964237219 -0.27374999225139612 -0.00056445001973770548
decision_type=8 8 10 2 8 8 2 2 2 2 8 10 10 10
left_child=1 3 -3 -1 5 6 8 -8 12 -7 11 -11 13 -2
right_child=4 2 -4 -5 -6 9 7 -9 -10 10 -12 -13 -14 -15
leaf_value=-0.0029031698565086116 -0.00054695431629273364 -3.0359648970432967e-05 0.00061408639880470369 -2.9048897351223388e-05 -4.5935155631195709e-05 -0.001456675622036581 -0.0035920878068782256 -0.000401769661749316 0.00109406866020207 0.00069783031670912809 -0.00054287091677122717 0.002213012440164165 0.00037589547361615205 0.00022945830874314979
leaf_weight=205 5676 6322 13760 25920 364062 267 251 1191 1800.5 1744 509 1007 9266 6713
leaf_count=205 5676 6322 13760 25916 364046 267 251 1191 1799 1744 509 1007 9264 6711
internal_value=-1.03628e-05 0.00014927 0.000411252 -5.2153e-05 -2.91579e-05 0.000185696 0.000100168 -0.000967582 0.000166003 0.000788455 0.000974284 0.00125547 8.86048e-05 -0.000126331
internal_weight=438694 46207 20082 26125 392486 28424.5 24897.5 1442 23455.5 3527 3260 2751 21655 12389
internal_count=438668 46203 20082 26121 392465 28419 24892 1442 23450 3527 3260 2751 21651 12387
is_linear=0
shrinkage=0.03


Tree=142
num_leaves=15
num_cat=0
split_feature=9 58 66 71 20 45 27 53 72 73 61 63 11 24
split_gain=1.87598 2.03062 1.79736 1.78272 1.71906 2.75156 1.93892 2.51494 1.85608 1.84826 1.74407 1.66873 1.62466 1.62826
threshold=0.064040895551443114 0.010871717706322672 0.84896895289421093 0.01455066353082657 -0.49334999918937678 0.027432356961071495 15.585000038146974 0.0021395314252004032 -0.0097383195534348471 1.0000000180025095e-35 0.92688494920730602 0.17724395543336871 0.7875114679336549 1.7014999985694887
decision_type=10 2 10 2 8 2 8 2 2 2 2 2 8 10
left_child=4 3 11 -2 5 6 7 -1 9 -6 12 -3 13 -10
right_child=1 2 -4 -5 8 -7 -8 -9 10 -11 -12 -13 -14 -15
leaf_value=-0.0015328309816967387 -0.0012255556106609759 -0.00074120458004869178 -0.00091351005517037172 0.0010943071195695839 0.00039180792971147169 0.0013547708320282852 -0.00020219905350540106 0.00081613519331867981 4.5872140974347705e-05 -0.00079958009655844238 -0.00019075711480525341 0.00036884042671941918 0.00035803116414039992 -0.0002792241519028505
leaf_weight=2561 3008 1590 2011 327 1569 732 5113 485 352497.5 4596 30397.5 5164 14386 14428.5
leaf_count=2561 3008 1590 2011 327 1569 732 5113 485 352477 4596 30396 5164 14385 14427
internal_value=9.44006e-07 -0.000367337 -0.000127403 -0.000996793 1.139e-05 -0.000401273 -0.000559553 -0.00115809 2.01748e-05 -0.000496299 2.79145e-05 0.000107163 4.53489e-05 3.30849e-05
internal_weight=438866 12100 8765 3335 426766 8891 8159 3046 417874 6165 411710 6754 381312 366926
internal_count=438841 12100 8765 3335 426741 8891 8159 3046 417850 6165 411685 6754 381289 366904
is_linear=0
shrinkage=0.03


Tree=143
num_leaves=15
num_cat=0
split_feature=49 20 45 12 16 46 21 37 10 20 27 69 63 63
split_gain=1.76075 1.72357 1.52025 1.48776 1.71146 1.83072 1.6117 1.48385 1.70564 1.45322 2.04509 1.72739 1.70253 1.30744
threshold=0.024378357455134395 -0.70394998788833607 -0.03876190818846225 0.44379091262817388 0.37135000526905065 1.7548683285713198 0.30894999206066137 0.016904999502003196 0.015525951050221922 -0.19375000149011609 16.775000572204593 0.34355972707271581 0.91182947158813488 0.10955642536282541
decision_type=10 8 2 10 10 8 10 8 10 10 10 2 2 2
left_child=2 13 -1 -3 5 7 -7 8 9 10 -5 -12 -11 -2
right_child=1 3 -4 4 -6 6 -8 -9 -10 12 11 -13 -14 -15
leaf_value=0.0015809889907267051 -0.0029148475749450784 2.7084943291955079e-05 0.00025598620445526146 -0.00045897313689594808 -0.00059259753382258709 -0.00085264700952123991 -0.0043929383012333081 0.00027013668713096116 -0.00058954419074575492 9.3382819605582819e-05 -0.00045754721090499018 0.00036135285328051206 -0.00060096358338844957 -0.00060363341349180537
leaf_weight=823 266 330044 13347 15747 6135 562 142 10617.5 6094 40482 3501 6839 3444 1201
leaf_count=823 266 330021 13346 15744 6135 562 142 10617 6094 40482 3501 6839 3444 1201
internal_value=4.5574e-06 -6.41092e-06 0.000333473 -2.84988e-06 -0.00010844 -7.44343e-05 -0.00159268 -6.20186e-05 -0.000108371 -6.64506e-05 -0.000243784 8.3996e-05 3.88807e-05 -0.00103119
internal_weight=439244 425074 14170 423608 93563.5 87428.5 704 86724.5 76107 70013 26087 10340 43926 1467
internal_count=439217 425048 14169 423581 93560 87425 704 86721 76104 70010 26084 10340 43926 1467
is_linear=0
shrinkage=0.03


Tree=144
num_leaves=15
num_cat=0
split_feature=13 24 55 56 54 51 32 11 18 0 33 54 65 20
split_gain=1.62218 2.10795 2.11417 2.09421 1.78121 1.89206 1.74178 1.72214 1.62602 1.62441 1.58493 1.57825 1.5432 1.54052
threshold=0.37500014901161199 1.1995000243186953 0.52183446288108837 0.019218020141124729 0.0044177679810673007 0.22801881283521655 0.048620000481605537 0.74926540255546581 0.11545000225305559 0.0041344999335706243 0.0091319996863603609 -0.0060458132065832606 0.022249725647270683 -0.027284999378025528
decision_type=8 10 2 2 2 10 10 10 10 8 8 2 10 10
left_child=6 3 4 9 5 -3 7 8 11 -2 -6 -1 -11 -10
right_child=1 2 -4 -5 10 -7 -8 -9 13 12 -12 -13 -14 -15
leaf_value=-0.00038689775239244168 -9.5702997128264844e-05 -0.0003066604980118859 0.00020289491585409039 -0.00054574446845203977 0.00083024181443004717 -0.0012338085739159875 0.00020844561453930085 0.00020124079837369682 -0.00043747633988120159 0.001091905051891703 -0.00046903120129221701 -3.599690387044183e-05 0.00022663441533981275 5.7821317744312843e-05
leaf_weight=12139 14763.5 14451.5 11586 3603 2101 2292 23897 21377 19800 1899.5 1407 230388 72090 7907
leaf_count=12139 14761 14450 11585 3603 2101 2292 23897 21376 19800 1898 1407 230371 72089 7907
internal_value=-1.6067e-06 9.02344e-05 -0.000120258 0.000162799 -0.000305141 -0.000433907 -3.7759e-05 -5.79383e-05 -7.84441e-05 0.000191592 0.000309199 -5.35679e-05 0.00024892 -0.000296144
internal_weight=439702 124194 31837.5 92356 20251.5 16743.5 315508 291611 270234 88753 3508 242527 73989.5 27707
internal_count=439676 124186 31835 92351 20250 16742 315490 291593 270217 88748 3508 242510 73987 27707
is_linear=0
shrinkage=0.03


Tree=145
num_leaves=15
num_cat=0
split_feature=60 45 24 72 53 64 9 53 61 59 30 0 8 17
split_gain=1.90264 1.91643 2.23652 1.79275 1.65547 1.61608 2.00791 2.43716 1.97715 1.69363 2.41228 1.9089 1.92965 2.02167
threshold=0.12842251360416415 -0.030996825546026226 0.74685001373291027 -0.0027560580056160684 -0.013867478352040051 0.92688494920730602 0.048415897414088256 0.0037545531522482638 0.042223807424306876 2.9316080808639531 0.52034997940063488 -0.017793000675737854 0.00022750000061932954 32.414999008178718
decision_type=2 2 10 2 2 10 10 2 2 10 8 8 8 10
left_child=3 2 -2 -1 -4 6 9 -8 -7 11 -11 -3 13 -13
right_child=1 5 4 -5 -6 8 7 -9 -10 10 -12 12 -14 -15
leaf_value=-0.00016704921640599022 0.0017405201943227974 0.0014806401908572296 -0.0010739278182124079 0.00025606294033076474 0.00054977065533219074 -0.0010613859179899111 -0.00034858237316535344 0.00040320307343622648 -0.00016925657246807434 2.615895311630503e-05 -0.00054172275915291687 0.00049971604404283707 6.2339057411783553e-05 -0.00021847610029714047
leaf_weight=11326.5 1141 814 712 44055 2665 2465 26616 4539 23616 16108 11560.5 3868.5 249912.5 39519
leaf_count=11323 1141 814 712 44054 2665 2465 26616 4539 23616 16102 11556 3868 249903 39519
internal_value=5.15743e-06 -1.85782e-05 0.000595295 0.000169522 0.000206352 -2.59035e-05 -9.06206e-06 -0.000239007 -0.000253762 1.32046e-05 -0.000211169 3.43156e-05 3.02764e-05 -0.000154391
internal_weight=438918 383536 4518 55381.5 3377 379018 352938 31155 26081 321782 27668.5 294114 293300 43387.5
internal_count=438893 383516 4518 55377 3377 378998 352917 31155 26081 321762 27658 294104 293290 43387
is_linear=0
shrinkage=0.03


Tree=146
num_leaves=15
num_cat=0
split_feature=72 79 19 38 8 45 30 55 70 65 68 67 45 10
split_gain=1.42953 2.02775 1.59203 1.74632 1.70658 1.52014 3.01052 1.94852 1.86719 2.23487 1.67076 2.15282 1.97104 1.616
threshold=-0.012058732099831103 8.5000000000000018 0.25335000455379492 0.00070050000795163225 -0.0020505000138655301 -0.01822779048234224 0.34995000064373022 0.792259842157364 -0.0073690861463546744 0.13086558878421786 -0.002462264732457697 0.00017554991063661876 0.0010505012469366195 0.0033544087782502179
decision_type=2 10 8 8 8 2 8 2 2 10 2 2 2 10
left_child=1 -1 4 -4 -3 6 7 13 -8 -10 11 12 -7 -2
right_child=5 2 3 -5 -6 10 8 -9 9 -11 -12 -13 -14 -15
leaf_value=0.00084407579907340631 -4.3422367591679676e-05 -0.0027654946636035231 -0.00091299276715699608 -0.0044281541059688059 -0.0003050126752827664 -0.00030444944530252802 0.00067058068798731896 0.00341083997379622 0.0011929387106171612 -0.00019715999973689925 1.6413000625257442e-05 1.7837929760176603e-05 -0.0012042736703432699 -0.0010761969251288754
leaf_weight=704 3738 285 297 222 2042 14952.5 11299 117 1261 5849 373281.5 20226 2563.5 2142
leaf_count=704 3738 285 297 222 2042 14950 11298 117 1261 5849 373260 20226 2563 2142
internal_value=5.94818e-06 -0.000593198 -0.000949586 -0.00244449 -0.000611644 1.08397e-05 0.000240847 -0.000342719 0.000430994 5.00472e-05 -2.8206e-06 -0.000193025 -0.000436447 -0.000420242
internal_weight=438980 3550 2846 519 2327 435430 24406 5997 18409 7110 411024 37742 17516 5880
internal_count=438954 3550 2846 519 2327 435404 24405 5997 18408 7110 410999 37739 17513 5880
is_linear=0
shrinkage=0.03


Tree=147
num_leaves=15
num_cat=0
split_feature=65 80 20 53 47 37 22 14 33 44 39 24 19 20
split_gain=1.6696 1.48511 2.06295 2.15542 2.33414 2.01353 2.0917 2.01094 2.43696 2.06601 2.22534 1.98925 1.89948 2.51728
threshold=0.012220009695738556 6.5000000000000009 -0.37894999980926508 0.0033471686765551571 0.75319021940231334 -0.022885000333189961 0.094264999032020583 -0.092059999704360948 0.010389999952167274 -0.023474519141018387 0.070780001580715193 0.98414999246597301 0.12415000051259996 -0.043294999748468392
decision_type=10 8 8 2 10 8 10 8 8 2 10 10 10 10
left_child=-1 -2 3 4 -3 6 -5 8 9 11 -11 -4 -9 -14
right_child=1 2 7 5 -6 -7 -8 12 -10 10 -12 -13 13 -15
leaf_value=0.00060359624800645031 0.0001796902547740824 -0.0004046488076134644 0.00041986635789027993 -0.0045269308308466009 0.0014650032867046809 0.00044678125241839981 0.00028534614986380221 3.6952226812364078e-05 -0.00087151942937314247 0.00037919308870423032 0.0025655075015928296 0.0043299084589858965 -0.00021035999701591964 5.7108075448189765e-05
leaf_weight=4020 34146.5 26690.5 206 149 610 4985 171 229657.5 939 4268.5 460 270 80813.5 52071
leaf_count=4019 34146 26688 206 149 610 4985 171 229641 939 4268 460 270 80811 52071
internal_value=-4.60353e-06 -1.02254e-05 -2.63876e-05 -0.000255096 -0.000362613 0.000298025 -0.00199054 -6.1581e-06 0.000531844 0.000785634 0.000594368 0.0026597 -1.52821e-05 -0.000105554
internal_weight=439458 435438 401291 32605.5 27300.5 5305 320 368686 6143.5 5204.5 4728.5 476 362542 132884
internal_count=439434 435415 401269 32603 27298 5305 320 368666 6143 5204 4728 476 362523 132882
is_linear=0
shrinkage=0.03


Tree=148
num_leaves=15
num_cat=0
split_feature=72 36 34 35 39 58 13 51 11 61 79 25 56 17
split_gain=1.5051 3.37038 1.80542 2.77859 1.69152 1.67883 1.60613 1.77231 2.03105 1.89835 1.84621 2.51881 1.83094 2.41076
threshold=0.011762933339923622 0.0066174999810755262 -0.0011259999591857193 -0.059550000354647629 0.041345000267028816 0.008939431048929693 0.42275841534137731 0.65274456143379223 0.73981624841690075 0.094088528305292143 3.5000000000000004 0.028544999659061435 -0.038165688514709466 61.094999313354499
decision_type=2 8 8 10 10 2 8 10 10 2 10 8 2 10
left_child=6 5 4 -4 -3 -2 7 8 12 -9 11 -10 13 -1
right_child=1 2 3 -5 -6 -7 -8 9 10 -11 -12 -13 -14 -15
leaf_value=0.0023231552344560162 0.0020647755515944611 0.0014188357861614127 0.00034869642985118358 0.0033964532032841814 -0.0015720151196570043 -0.00013334947857946103 9.2811575619499565e-05 -0.0013636123384897056 -0.00013453540944059658 -0.0002410085808879367 0.00014582755573855103 0.0018615381767487617 -5.9427407310527373e-05 -0.0014015969526426832
leaf_weight=601 331 468 432 715 261 4507 97303.5 1742 971 6067 20871 1367 303374.5 207
leaf_count=601 331 468 432 715 261 4507 97294 1742 970 6066 20871 1367 303359 207
internal_value=-7.56507e-06 0.000437993 0.00151557 0.00225506 0.000344623 1.90154e-05 -1.44867e-05 -4.56346e-05 -3.4977e-05 -0.000492147 0.000235505 0.00103403 -5.56182e-05 0.00136617
internal_weight=439218 6714 1876 1147 729 4838 432504 335200 327392 7809 23209 2338 304182 808
internal_count=439191 6714 1876 1147 729 4838 432477 335183 327375 7808 23208 2337 304167 808
is_linear=0
shrinkage=0.03


Tree=149
num_leaves=15
num_cat=0
split_feature=65 30 20 60 45 24 9 54 24 31 1 64 68 30
split_gain=1.55234 2.1132 1.61479 1.40377 1.67761 2.67482 1.54244 1.78125 2.55832 1.58493 2.15074 1.65916 1.5222 2.88582
threshold=0.015523958485573532 0.70695000886917125 -0.70394998788833607 0.124412938952446 -0.030996825546026226 0.97615000605583202 0.017251007258892063 -0.031532555818557732 0.72294998168945324 0.75575000047683727 -0.0042524999007582656 0.73766434192657482 0.0011409795843064787 0.22884999960660937
decision_type=10 8 8 2 2 10 10 2 8 10 10 10 2 10
left_child=1 -1 -2 -4 5 -5 -6 8 -8 10 -9 -12 -11 -14
right_child=2 -3 3 4 6 -7 7 9 -10 12 11 -13 13 -15
leaf_value=0.00018995743624759177 -0.00098169984344230292 0.0016021294241515681 0.0001388657378995528 0.0013552429691622723 0.00023434351937944055 -0.00013803300530430479 -0.0045376302513964661 -0.00027557865355659481 -0.00022974692563520411 -0.00010236977968482299 0.0008722485228115916 -0.00047586906745068362 0.00054024353458796421 5.8654164910489987e-06
leaf_weight=4567 1529 1201 52431.5 2022 18394 2308 188 40911.5 349 123775 2701.5 1176 9580 178001
leaf_count=4566 1529 1201 52428 2022 18393 2308 188 40911 349 123766 2701 1176 9580 177994
internal_value=-3.56887e-06 0.00048513 -1.00788e-05 -6.62732e-06 -2.67351e-05 0.000560048 -3.35165e-05 -4.73331e-05 -0.00176585 -4.47171e-05 -0.000211568 0.000463294 -2.07123e-05 3.31705e-05
internal_weight=439134 5768 433366 431838 379406 4330 375076 356682 537 356145 44789 3877.5 311356 187581
internal_count=439112 5767 433345 431816 379388 4330 375058 356665 537 356128 44788 3877 311340 187574
is_linear=0
shrinkage=0.03


Tree=150
num_leaves=15
num_cat=0
split_feature=78 32 80 12 10 26 9 19 55 1 70 79 45 30
split_gain=1.57509 1.41627 2.18424 1.82983 2.8792 1.92683 1.83234 1.81687 1.73179 1.70102 1.82897 3.28202 1.62923 2.06458
threshold=0.022541970945894722 -0.032029999420046799 5.5000000000000009 0.28298510611057287 0.035506520420312888 0.13155000656843188 0.064040895551443114 -0.22405000030994413 0.2520559430122376 0.0034365000901743774 0.0059493484441190967 1.5000000000000002 -0.0110066095367074 0.31794999539852148
decision_type=2 10 8 10 8 8 10 8 2 8 2 10 2 8
left_child=1 2 7 12 5 6 -5 -1 -6 -3 -11 -12 13 -4
right_child=-2 9 3 4 8 -7 -8 -9 -10 10 11 -13 -14 -15
leaf_value=0.0019355218222425208 -0.0022888172621176343 -0.00012476278966147911 -0.00055405651050262263 -0.00030954462717919408 0.0013086680092754355 -8.7770639893227779e-06 -0.0017728223769833463 0.00021526487755268913 -0.0015862112295565393 0.00011777918668436968 0.0012361981711170157 -0.00012125874434611461 -6.9460298601687148e-05 0.00049125878265521489
leaf_weight=572 266 47565 2049 32786.5 202 28565 784 13119 1931 181179 1648 53004 65044 9891
leaf_count=572 266 47560 2049 32783 202 28565 784 13119 1931 181173 1648 53004 65038 9891
internal_value=-2.40028e-06 -9.86707e-07 -7.39141e-05 -0.000108984 -0.000227154 -0.000189891 -0.000343977 0.000287816 -0.00130964 3.88861e-05 7.18946e-05 -8.02161e-05 -1.03243e-05 0.000311717
internal_weight=438606 438340 154944 141252 64268.5 62135.5 33570.5 13691 2133 283396 235831 54652 76984 11940
internal_count=438585 438319 154934 141243 64265 62132 33567 13691 2133 283385 235825 54652 76978 11940
is_linear=0
shrinkage=0.03


Tree=151
num_leaves=15
num_cat=0
split_feature=12 27 4 68 30 36 21 44 72 71 70 54 79 32
split_gain=1.95085 1.59494 1.50089 1.60957 1.325 1.99184 1.72099 1.44426 1.37513 1.29365 1.57917 2.50632 2.2954 1.29635
threshold=0.45671063661575323 16.224999427795414 4.3045020103454599 -0.023180252872407433 0.49554999172687536 -0.004772000014781951 0.52625000476837169 0.029297492466866974 -0.0030253388686105605 -0.0083460034802556021 0.0036912850337103014 -0.0012190447305329142 2.5000000000000004 -0.063340000808238969
decision_type=10 8 10 2 8 8 10 2 2 2 2 2 8 8
left_child=9 -2 3 -3 5 6 8 -6 -5 -1 -11 -12 13 -13
right_child=1 2 -4 4 7 -7 -8 -9 -10 10 11 12 -14 -15
leaf_value=0.00025993194614238192 -0.00022198374245410027 -0.001620164356554497 0.00089236423962475015 -0.0010958463117151103 -0.00015598241784301682 0.00038654422027778023 -0.0014595109793074507 -0.002362719309702002 0.00018469068278080308 6.1736399444475943e-05 -0.00050945056689258739 -0.0021579328414306721 -6.0017814566298505e-05 0.00088165932383778376
leaf_weight=21753 54848.5 544 1743 923 14412.5 13212 927 267 4038 236579 11026.5 127 75877.5 3084
leaf_count=21753 54846 544 1743 923 14412 13212 927 267 4038 236562 11024 127 75877 3084
internal_value=3.65628e-06 -0.000120098 3.48557e-05 -8.81357e-06 1.73723e-05 0.00018207 -0.000276685 -0.000196911 -5.44182e-05 3.59468e-05 2.1029e-05 -8.58379e-05 -2.67494e-05 0.000758271
internal_weight=439362 90915 36066.5 34323.5 33779.5 19100 5888 14679.5 4961 348447 326694 90115 79088.5 3211
internal_count=439339 90912 36066 34323 33779 19100 5888 14679 4961 348427 326674 90112 79088 3211
is_linear=0
shrinkage=0.03


Tree=152
num_leaves=15
num_cat=0
split_feature=49 68 51 10 50 25 31 1 16 19 63 52 53 63
split_gain=2.06643 2.48342 2.33652 1.89629 1.75787 1.66217 1.62119 2.62171 1.77325 1.61747 1.88382 2.21993 1.59926 1.5719
threshold=0.7551981806755067 0.0011738312314264478 0.33285437524318701 0.0039800202939659366 -0.012636557221412657 0.05254000052809716 0.8071500062942506 -0.0045145000331103793 -0.09983500093221663 0.45084999501705175 0.96888023614883434 14.225331306457521 -0.015562823973596094 0.839367836713791
decision_type=8 2 10 10 2 10 10 10 8 10 2 8 2 2
left_child=2 5 4 -4 -1 -2 7 8 -6 10 -3 -12 -5 -8
right_child=1 9 3 12 6 -7 13 -9 -10 -11 11 -13 -14 -15
leaf_value=0.00066567312552313451 8.4207104951781426e-05 0.00029083104025601285 -2.4288717876653493e-05 -0.0039158799863344028 0.00017411691748343784 -0.00031100259948965096 2.5434824056424224e-05 0.00058957647182823942 -0.00033309180589117821 0.00095130058785045124 -0.0003343318215393919 0.002601204616425093 -0.00054302292975360353 -0.00033386184127549341
leaf_weight=3411 29094 45162 10146 123 7492 14272 255903 3662.5 35990.5 2863 6850 235 12172 11444
leaf_count=3411 29092 45162 10146 123 7491 14272 255884 3662 35990 2863 6850 235 12171 11444
internal_value=2.92844e-06 0.000123952 -3.20901e-05 -0.000327906 -1.12034e-05 -4.58795e-05 -1.85553e-05 -0.000180746 -0.00024569 0.000257584 0.000219483 -0.000235198 -0.000578343 1.00489e-05
internal_weight=438820 98476 340344 22441 317903 43366 314492 47145 43482.5 55110 52247 7085 12295 267347
internal_count=438796 98474 340322 22440 317882 43364 314471 47143 43481 55110 52247 7085 12294 267328
is_linear=0
shrinkage=0.03


Tree=153
num_leaves=15
num_cat=0
split_feature=72 36 55 27 38 25 58 60 35 70 30 36 69 55
split_gain=1.6385 2.60988 2.37391 2.04163 2.10099 1.86515 1.76256 1.63156 1.97154 1.77651 2.02321 1.62212 2.15127 1.96602
threshold=0.011762933339923622 0.0060515000950545081 0.15177187323570254 24.23499965667725 0.0058699999935925016 0.011589999776333572 0.008939431048929693 0.84652313590049755 0.47249999642372137 -0.020393441431224343 0.38285000622272497 -0.0029494999907910819 0.81365740299224865 0.31058230996131903
decision_type=2 8 2 10 10 8 2 2 10 2 8 10 2 2
left_child=7 6 -3 4 5 -4 -2 9 -9 10 -1 12 -8 -13
right_child=1 2 3 -5 -6 -7 11 8 -10 -11 -12 13 -14 -15
leaf_value=-0.00032639381154902353 0.0022020544687577589 0.0057811091497673517 -0.00080393907561348513 -0.0010218716245258181 0.0040019383925432167 0.0017679327079241855 0.0015613491095744236 -0.00013187952624635072 -0.0032416302574236632 1.2506554438984968e-05 0.00092466056920254946 -0.0021866471176003942 -0.00033468806519647672 -0.00012526162430713598
leaf_weight=1653 324 100 344 323 264 937 961 66684 179 359783.5 3906 554 1214 1635
leaf_count=1653 324 100 344 323 264 937 961 66681 179 359762 3906 554 1214 1635
internal_value=2.99339e-06 0.000469925 0.00138529 0.00113517 0.00158796 0.00107684 8.45919e-05 -4.20275e-06 -0.000140446 2.07334e-05 0.000552693 -7.49568e-05 0.000504715 -0.000650759
internal_weight=438862 6656 1968 1868 1545 1281 4688 432206 66863 365342 5559 4364 2175 2189
internal_count=438837 6656 1968 1868 1545 1281 4688 432181 66860 365321 5559 4364 2175 2189
is_linear=0
shrinkage=0.03


Tree=154
num_leaves=15
num_cat=0
split_feature=70 64 20 14 63 45 67 47 57 18 65 48 39 46
split_gain=1.71086 2.0503 1.82828 2.07574 1.82002 1.87283 1.6545 1.6819 2.483 1.58743 1.55142 1.52152 1.93287 1.48482
threshold=0.0036027516471222047 0.57623082399368297 -0.22475000470876691 0.0036854998907074337 0.026385407894849781 -0.010256193112581967 -0.012389608193188904 0.21202620863914493 0.004447176819667221 -0.10135000199079512 0.98068153858184826 -0.39353232085704798 0.16640000045299533 1.3873581886291506
decision_type=2 10 8 10 2 2 2 8 2 8 8 10 10 10
left_child=1 2 3 4 5 -1 -2 8 10 -9 -8 12 -4 -10
right_child=6 -3 11 -5 -6 -7 7 9 13 -11 -12 -13 -14 -15
leaf_value=6.697098969314725e-05 -0.00059048934005945372 -5.6630269193534588e-05 0.0004598287984404081 0.00019264680709308134 -0.00022785655270502703 0.0042608218783174046 -5.157971664186914e-05 0.0011095290489000883 -0.00064200172605404567 0.0001085913688129699 -0.00056960803400002847 0.00012212264723510772 -0.0030441883720223094 -0.0031729881524817519
leaf_weight=229 5650 118970.5 16295.5 19349.5 31069 160 93753 1540 5084 18540 5504 122678.5 138 213
leaf_count=229 5650 118966 16292 19349 31065 160 93748 1540 5084 18540 5503 122673 138 213
internal_value=2.56799e-06 4.1023e-05 0.000102195 -5.18204e-05 -0.000202196 0.00182413 -8.86031e-05 -6.58284e-05 -0.000114125 0.000185614 -8.03327e-05 0.000158446 0.000429487 -0.000746673
internal_weight=439174 308890 189920 50807.5 31458 389 130284 124634 104554 20080 99257 139112 16433.5 5297
internal_count=439150 308872 189906 50803 31454 389 130278 124628 104548 20080 99251 139103 16430 5297
is_linear=0
shrinkage=0.03


Tree=155
num_leaves=15
num_cat=0
split_feature=50 51 58 58 67 68 45 50 30 6 45 38 58 1
split_gain=1.54581 2.80233 1.84876 2.23999 1.69453 2.32613 2.07566 1.57935 1.44633 1.43081 1.39026 1.365 1.3923 1.34311
threshold=-0.011565884575247763 0.5513194501399995 0.016018489375710491 0.016379452310502533 -0.012389608193188904 -0.0080810072831809503 -0.014153578318655489 -0.017539664171636101 0.40125000476837164 -0.0013724999735131858 -0.0089768944308161718 -0.0069135001394897691 0.013337330892682077 0.0080544999800622481
decision_type=2 10 2 2 2 2 2 2 8 10 2 8 2 10
left_child=1 2 7 -4 5 -2 -7 10 11 -9 -1 -8 -13 -6
right_child=4 -3 3 -5 13 6 8 9 -10 -11 -12 12 -14 -15
leaf_value=0.0028397243476885208 -0.0013413198167069821 -0.000849316564893986 -0.0040603341702481833 0.00013870075443331284 -9.8182224765096725e-07 0.00027912067027717046 0.0024524958286075652 0.00060047567848485613 -0.00081533338433803862 0.0029805285628020503 -0.00055745224145227175 -0.00094708523104958839 0.00073253509777466172 0.00030070241110907421
leaf_weight=629 1781 1225 122 1144 405755 5054 203 3434 4662 239 129 893 874 13726
leaf_count=629 1781 1225 122 1144 405731 5054 203 3434 4662 239 129 893 874 13724
internal_value=5.37068e-06 0.000449981 0.000729863 -0.000280327 -1.74289e-06 -0.000332924 -0.000178732 0.00101848 -0.000527592 0.000759186 0.00226171 0.000153689 -0.000116582 8.89317e-06
internal_weight=439870 6922 5697 1266 432948 13467 11686 4431 6632 3673 758 1970 1767 419481
internal_count=439844 6922 5697 1266 432922 13467 11686 4431 6632 3673 758 1970 1767 419455
is_linear=0
shrinkage=0.03


Tree=156
num_leaves=15
num_cat=0
split_feature=13 79 11 10 20 20 51 36 45 79 66 3 70 53
split_gain=1.7177 2.09948 2.74912 3.34769 2.28478 2.2676 1.82661 2.01486 1.82325 1.75835 1.80435 1.70701 1.57818 1.88868
threshold=0.2500003874301911 89.500000000000014 0.22451341152191165 -0.04546507075428962 -0.52959999442100514 -0.024325000122189518 0.24358729273080829 -0.017475000582635399 -0.0023910077288746829 138.50000000000003 0.75826781988143932 0.0029564999276772146 -0.0043278855737298718 -0.0064153249841183415
decision_type=8 8 10 8 10 8 10 8 2 10 10 8 2 2
left_child=1 4 3 9 12 6 -4 -8 -6 -3 -11 -5 13 -1
right_child=-2 2 5 11 8 -7 7 -9 -10 10 -12 -13 -14 -15
leaf_value=0.00067652227624278997 5.706264988955295e-05 -0.000134892871474773 8.6792709405760486e-05 4.361203892958515e-05 0.0001240780899990625 0.0008087455861978853 -0.0038954211599134319 -0.00058458807578001413 -7.2942926125170159e-05 0.0025198151398348996 -0.00092208767815359994 -0.00067101973498678684 -0.00025970255263733401 -0.0017892232918460659
leaf_weight=340 211286 836 8735.5 3580.5 65687 2925 172 2595 118574 658 170 18798 3628.5 1511
leaf_count=340 211270 836 8732 3575 65686 2925 172 2595 118573 658 170 18798 3628 1511
internal_value=-4.57472e-06 -6.1641e-05 -0.000263708 -0.00046013 -2.06659e-05 6.36631e-05 -0.000126075 -0.000797049 -2.70566e-06 0.000836325 0.00181185 -0.000556696 -0.000624066 -0.0013357
internal_weight=439496 228210 38470 24042.5 189740 14427.5 11502.5 2767 184261 1664 828 22378.5 5479.5 1851
internal_count=439469 228199 38461 24037 189738 14424 11499 2767 184259 1664 828 22373 5479 1851
is_linear=0
shrinkage=0.03


Tree=157
num_leaves=15
num_cat=0
split_feature=71 26 35 45 62 57 46 45 14 47 1 20 16 30
split_gain=1.53195 2.01197 1.88107 1.51498 2.07933 1.49661 1.48713 1.99918 1.79516 1.54751 1.48409 1.40915 1.49856 1.35716
threshold=0.0032122058328241114 0.097120001912117018 0.47249999642372137 -0.034174716100096696 0.20964220166206363 0.01680665742605925 1.0466865897178652 0.035265894606709487 0.21155000478029254 0.24686752259731296 -0.0035954999038949604 -0.27635000646114344 0.41934999823570257 0.57954999804496776
decision_type=2 10 10 2 2 2 10 2 10 10 10 10 10 10
left_child=13 -2 3 4 -3 -4 7 8 10 -9 -5 -11 -13 -1
right_child=1 2 5 6 -6 -7 -8 9 -10 11 -12 12 -14 -15
leaf_value=-1.7138990586725763e-06 -0.00032324351005049503 0.0019801394601774371 -0.00089688721905299901 -5.7993779174302802e-05 -0.0016393082142512967 -0.0048818413169573107 -0.00051778219480678545 -0.00086156223461437986 -0.0024141606773511633 0.0019092965782896161 0.00046092993323535369 -0.00027662250766195682 0.0020072500490504403 0.00015748746243674731
leaf_weight=283582 28172 686 313 54424 176 113 5114 417 276 1070 5452.5 850 366 58054.5
leaf_count=283567 28172 686 313 54421 176 113 5114 417 276 1070 5450 850 366 58049
internal_value=-4.5846e-06 -0.000109515 -2.25597e-05 -1.01875e-05 0.00123594 -0.0019983 -2.60808e-05 1.39626e-05 -2.19324e-05 0.000811334 -1.07048e-05 0.00111771 0.000416198 2.53412e-05
internal_weight=439066 97429.5 69257.5 68831.5 862 426 67969.5 62855.5 60152.5 2703 59876.5 2286 1216 341636
internal_count=439040 97424 69252 68826 862 426 67964 62850 60147 2703 59871 2286 1216 341616
is_linear=0
shrinkage=0.03


Tree=158
num_leaves=15
num_cat=0
split_feature=61 30 50 51 45 39 34 60 50 24 26 31 12 54
split_gain=1.65238 2.53622 2.67972 1.88252 2.07774 2.61316 1.82105 1.76523 2.18953 1.76397 1.72284 1.67405 1.52069 1.51882
threshold=0.97593259811401378 0.27764999866485601 0.0081841596402227896 1.2069323062896731 0.025092775002121929 -0.0066750000696629277 0.0037439999869093303 0.89569339156150829 -0.017539664171636101 0.80524998903274547 0.24279999732971194 1.0625000000000002 0.56911876797676098 0.014411346521228554
decision_type=2 8 2 10 2 8 10 2 2 8 8 8 10 2
left_child=3 2 11 4 7 -6 -4 8 -1 10 -7 -2 -10 -11
right_child=1 -3 6 -5 5 9 -8 -9 12 13 -12 -13 -14 -15
leaf_value=0.0013821164812978753 -0.0012346801176317966 -0.00052038377728281713 0.0032930223050335072 -0.00085322490777646465 -0.00016384103393890235 0.00051797024359480804 0.00020707726539633648 -0.00019208009346181917 3.9717404281481704e-05 0.00083276597792932472 -0.0015988189563983246 0.0025870935418496393 -0.00015443804912867914 0.0021784921007646329
leaf_weight=1058 547 10119.5 442 2262 4197 1482 281 37981 334573 3813 446 122 40721 941
leaf_count=1058 547 10118 442 2262 4197 1482 281 37980 334555 3813 446 122 40721 941
internal_value=-5.73713e-07 -0.000355178 0.000843395 8.9795e-06 1.35761e-05 0.000422735 0.0021033 2.82803e-06 2.25002e-05 0.000791014 2.54291e-05 -0.000523713 1.86489e-05 0.00110115
internal_weight=438986 11511.5 1392 427474 425212 10879 723 414333 376352 6682 1928 669 375294 4754
internal_count=438965 11510 1392 427455 425193 10879 723 414314 376334 6682 1928 669 375276 4754
is_linear=0
shrinkage=0.03


Tree=159
num_leaves=15
num_cat=0
split_feature=78 48 10 50 45 55 51 68 72 16 23 17 27 15
split_gain=1.48654 1.41758 1.62218 1.47755 2.18186 1.90579 1.45723 1.36328 1.54344 1.48785 2.5375 2.19471 1.92817 1.86194
threshold=0.022541970945894722 -1.1889416575431822 0.058081420138478286 -0.014308394398540257 -0.011548842303454874 0.4638968706130982 0.14413678646087649 -0.010193296708166598 0.0031170420115813617 0.089000001549720778 0.59325000643730175 36.085000991821296 14.954999923706056 -0.0033975000260397788
decision_type=2 10 8 2 2 2 8 2 2 10 8 10 8 10
left_child=1 2 6 4 -3 -6 -1 8 -5 10 12 -11 -9 -13
right_child=-2 3 -4 7 5 -7 -8 9 -10 11 -12 13 -14 -15
leaf_value=0.0022576865322368506 -0.0023405821650688136 0.0012220307707142329 -0.0036449918502861733 -0.00054513926779336586 0.00028113262873118985 -0.0028015325337693822 -0.0007612129068158295 -0.00042968956764712773 0.00023371306411349644 0.0012079855563796062 8.1322296654040747e-05 -0.00029162258503996532 5.0639266287666296e-05 -2.7777131041140926e-05
leaf_weight=151 240 2016 158 8201 675 241 1877 16461 3173 1198 235681 29775 13845 125590
leaf_count=151 240 2016 158 8201 675 241 1877 16457 3173 1198 235663 29775 13845 125589
internal_value=-4.40328e-06 -3.09958e-06 -0.00076428 7.18018e-07 0.000671337 -0.000540724 -0.000531433 -3.821e-06 -0.000327856 4.90499e-06 4.8094e-05 -6.84685e-05 -0.000210284 -7.83497e-05
internal_weight=439282 439042 2186 436856 2932 916 2028 433924 11374 422550 265987 156563 30306 155365
internal_count=439259 439019 2186 436833 2932 916 2028 433901 11374 422527 265965 156562 30302 155364
is_linear=0
shrinkage=0.03


Tree=160
num_leaves=15
num_cat=0
split_feature=52 45 47 24 64 50 9 58 14 63 34 71 68 9
split_gain=1.34238 1.92136 2.70706 2.54651 2.09125 2.0666 1.85309 2.31156 2.08179 1.80444 1.73158 1.6747 1.77036 1.70716
threshold=6.1299695968627939 0.02885868959128857 0.26800274848937994 0.70485001802444469 0.99508598446846019 -0.011565884575247763 0.064040895551443114 0.010871717706322672 0.060984998941421516 0.054323233664035804 0.0048850001767277726 -0.010934040416032074 -0.002462264732457697 0.021326591260731224
decision_type=10 2 8 10 10 2 10 2 8 2 8 2 2 10
left_child=1 5 3 -3 -5 10 11 -8 -9 -2 -1 -7 -13 -14
right_child=9 2 -4 4 -6 6 7 8 -10 -11 -12 12 13 -15
leaf_value=0.00093016908686693661 -0.0013929487255816772 -0.0013003241320015725 0.00083278970854846828 0.00014830710596658842 0.0044395842898104871 0.00032405163930548551 -0.0011683141838058147 0.00023264156807390645 -0.00094797134361116386 -0.00017883228521712013 -0.00010327470407798595 -0.00020237384323722581 0.00014601097572717819 -2.7558323715900588e-05
leaf_weight=3814 1370 1225 5863 3862 100 13231 2740 4419 1926 5553 2360 42296.5 61921.5 289043.5
leaf_count=3814 1370 1225 5863 3862 100 13231 2740 4419 1926 5552 2360 42293 61918 289029
internal_value=-5.63477e-06 9.96936e-07 0.000391413 -0.000107808 0.000262077 -9.23659e-06 -1.73339e-05 -0.000440962 -0.000126193 -0.000419927 0.000535373 -7.8606e-06 -1.90315e-05 3.06652e-06
internal_weight=439724 432802 11050 5187 3962 421752 415578 9085 6345 6923 6174 406492 393262 350965
internal_count=439702 432780 11050 5187 3962 421730 415556 9085 6345 6922 6174 406471 393240 350947
is_linear=0
shrinkage=0.03


Tree=161
num_leaves=15
num_cat=0
split_feature=72 36 15 28 60 61 49 54 46 64 14 14 67 35
split_gain=1.57856 1.75571 1.42261 1.72817 1.26771 1.60893 2.72592 2.35347 1.65359 1.5088 2.4625 2.24763 1.84118 2.06764
threshold=0.011762933339923622 0.010220000054687263 -0.093274999409914003 0.96230000257492077 0.13232433050870898 0.57659474015235912 0.56005284190177929 0.0034733446082100277 1.4724823832511904 0.57623082399368297 -0.063184998929500566 -0.017144999466836449 -0.0028708162717521186 -0.054035000503063195
decision_type=2 8 8 10 2 2 8 2 10 8 8 10 2 10
left_child=4 -2 -3 -4 -1 9 -7 -8 -9 11 12 -6 13 -11
right_child=1 2 3 -5 5 6 7 8 -10 10 -12 -13 -14 -15
leaf_value=0.00012450528740588337 0.00021134269534095205 -0.00054314695081637214 0.0014469581380957988 0.0051176620458245718 -9.451406697244919e-05 -0.00030765835363878757 -0.00011666037482682147 0.00022134625688915844 -0.0013558166111689669 -0.00036472287619367008 -0.00012869292829749429 0.0001612148678555236 -4.3537441184301697e-05 0.0013046977877597056
leaf_weight=56030.5 5348 264 952 128 45108.5 42672 73967 31381 605 869 77088 98398.5 3499 2851
leaf_count=56026 5348 264 952 128 45102 42671 73962 31381 605 869 77085 98395 3499 2851
internal_value=-1.54447e-06 0.000455517 0.00142274 0.00190358 -8.62219e-06 -2.84387e-05 -0.000105224 -2.36837e-05 0.000191308 2.16567e-05 -7.90686e-05 8.08312e-05 0.000450567 0.000914751
internal_weight=439162 6692 1344 1080 432470 376439 148625 105953 31986 227814 84307 143507 7219 3720
internal_count=439138 6692 1344 1080 432446 376420 148619 105948 31986 227801 84304 143497 7219 3720
is_linear=0
shrinkage=0.03


Tree=162
num_leaves=15
num_cat=0
split_feature=11 6 1 62 25 24 62 45 39 51 66 79 50 9
split_gain=1.40787 1.55098 1.39538 1.48396 2.08135 2.23115 1.54618 1.50962 3.86673 1.7308 2.2378 1.8069 1.71267 1.68774
threshold=0.79889273643493663 -0.0012954999692738054 0.0086095002479851263 0.97593259811401378 0.12090000137686731 0.56865000724792492 0.99806201457977306 0.025092775002121929 -0.0066750000696629277 0.33285437524318701 0.59791085124015819 1356.5000000000002 -0.011565884575247763 0.045322362333536155
decision_type=8 10 10 2 10 10 2 2 8 8 10 10 2 10
left_child=2 -2 3 7 -5 -6 -7 9 -9 12 -11 -12 -1 -14
right_child=1 -3 -4 4 5 6 -8 8 -10 10 11 -13 13 -15
leaf_value=0.00059074385786715797 0.00044139600392846063 -0.00032658242031287116 0.00031666498495353158 -0.00055497571029717099 -0.0020547974427787925 0.0010206227640783591 0.0046225878684423294 -0.00038747240191499638 0.00085534704792862874 2.4049276359337649e-05 -0.00054453207519700403 -0.0030726668656313122 2.2940448766633914e-05 -0.00017880218930607731
leaf_weight=4464 12416 2920 12353 7791.5 178 643 125 3668 5826 10328 9176 257 326883.5 42126
leaf_count=4464 12415 2920 12351 7790 178 643 125 3668 5826 10328 9176 257 326862 42126
internal_value=1.27845e-05 0.000295113 2.56497e-06 -6.86865e-06 -0.000393548 0.000931937 0.00163299 1.52544e-06 0.000375233 -7.50179e-06 -0.000281083 -0.000615002 6.97734e-06 -9.25334e-08
internal_weight=439155 15336 423819 411466 8737.5 946 768 402728 9494 393234 19761 9433 373474 369010
internal_count=439129 15335 423794 411443 8736 946 768 402707 9494 393213 19761 9433 373452 368988
is_linear=0
shrinkage=0.03


Tree=163
num_leaves=15
num_cat=0
split_feature=62 30 50 76 45 39 30 51 46 17 20 58 50 58
split_gain=1.27385 1.8761 2.80779 1.76923 1.72674 2.06488 2.58731 1.90666 1.81183 1.64994 1.63433 2.19475 1.83213 2.02438
threshold=0.97593259811401378 0.33924999833107 0.0081841596402227896 19.500000000000004 0.035265894606709487 -0.0071074999868869773 0.44224999845027929 1.2069323062896731 0.71738433837890636 67.465000152587905 -0.49334999918937678 0.012589064892381431 -0.017539664171636101 0.014560916461050512
decision_type=2 8 2 2 2 8 8 10 10 10 8 2 2 2
left_child=4 2 -2 9 7 -6 -7 10 -9 -4 11 -1 13 -12
right_child=1 -3 3 -5 5 6 -8 8 -10 -11 12 -13 -14 -15
leaf_value=-0.00070383883571397191 -0.00062541430831075673 -0.00051228547797500226 0.0010926505415975332 -0.0023093151642630499 -0.00029680736034615852 0.0022165454251383354 0.00033506920028943566 0.00087548555352757464 -0.0014800756936525668 0.0037456013783409062 0.0021207003245862772 0.00019126275722470279 1.164355452264268e-05 -0.00031695763144113818
leaf_weight=6495 1204 9054.5 918 103 1458 1105 1620 369 1386 272 764 3969 409900 508
leaf_count=6494 1204 9053 918 103 1458 1105 1620 369 1386 272 764 3969 409874 508
internal_value=-7.63254e-07 -0.000311559 0.000415874 0.00138416 7.63687e-06 0.000613807 0.00110068 1.64088e-06 -0.000983724 0.00171217 5.75394e-06 -0.000364397 1.51783e-05 0.00114974
internal_weight=439126 11551.5 2497 1293 427574 4183 2725 423391 1755 1190 421636 10464 411172 1272
internal_count=439097 11550 2497 1293 427547 4183 2725 423364 1755 1190 421609 10463 411146 1272
is_linear=0
shrinkage=0.03


Tree=164
num_leaves=15
num_cat=0
split_feature=45 56 30 10 51 47 24 69 26 63 15 74 9 24
split_gain=1.60782 2.26005 1.82045 1.86367 1.84796 1.80423 2.17746 2.15773 1.88113 1.67084 2.05752 2.15288 2.00059 1.81264
threshold=-0.0038169696927070613 -0.0094004734419286234 0.72824999690055858 -0.035141803324222558 0.037427676841616637 0.1529476270079613 0.47955000400543218 0.20185185223817828 0.054600000381469734 0.92323201894760143 -0.014254999812692402 1.0000000180025095e-35 0.025721385143697265 0.5319499969482423
decision_type=2 2 10 8 8 8 10 2 8 2 8 2 10 10
left_child=2 -2 3 -1 -5 9 7 -7 -8 10 11 -3 -12 -13
right_child=1 5 -4 4 -6 6 8 -9 -10 -11 12 13 -14 -15
leaf_value=0.00054760965395874047 -0.0004542347147000444 -0.00016522149133257755 0.0012475585559199912 0.00040717643098217798 -1.6042388663731805e-06 -0.0014340784871161351 -0.0022716270236067173 -0.00017453084136374644 0.00011568940118018647 -0.00034713760167197621 0.00018836833192853192 0.00096624317171756311 -8.2402467860239647e-05 -0.0012980720819766296
leaf_weight=6681 12230.5 54681.5 1166 10887.5 115398 1373 293 10979 94936 20952.5 38465 361 67906 2490
leaf_count=6681 12230 54678 1166 10886 115385 1373 293 10979 94931 20952 38465 361 67904 2490
internal_value=-1.66751e-05 -5.4778e-05 6.98704e-05 5.94966e-05 3.36529e-05 -3.80641e-05 5.96129e-05 -0.000315061 0.000108225 -9.49095e-05 -6.26565e-05 -0.000207177 1.55157e-05 -0.00101017
internal_weight=438800 304668 134132 132966 126286 292437 107581 12352 95229 184856 163904 57532.5 106371 2851
internal_count=438774 304656 134118 132952 126271 292426 107576 12352 95224 184850 163898 57529 106369 2851
is_linear=0
shrinkage=0.03


Tree=165
num_leaves=15
num_cat=0
split_feature=14 73 52 34 79 31 46 63 22 39 28 38 21 24
split_gain=1.61544 2.46039 1.53775 1.91881 1.69046 1.45033 1.44114 1.62989 1.38381 1.40434 1.76409 1.76842 1.57973 1.41453
threshold=-0.092059999704360948 3.5000000000000004 2.2347387075424199 0.0079200002364814299 481.50000000000006 0.76534998416900646 1.0065442323684695 0.14503885805606845 0.48954999446868902 -0.13005000352859494 0.92260000109672557 0.00087659998098388325 0.81804999709129345 0.77904999256134044
decision_type=8 2 8 8 10 8 10 2 10 10 10 10 10 10
left_child=1 2 4 6 8 -2 7 -4 9 12 -11 -12 -1 -13
right_child=5 -3 3 -5 -6 -7 -8 -9 -10 10 11 13 -14 -15
leaf_value=-0.0015674940803277072 -0.0003132380597758663 -0.00061181080110312531 -0.0013641055205371232 -0.00046751444763583431 0.0019560587603774902 2.6933353295909713e-06 0.0039467077831972707 0.002397146761894316 0.0025218939080195544 6.3419471398539165e-05 -0.00027601951525291479 -0.00059637987968130086 0.0019873143313966198 0.0025033660638550718
leaf_weight=659 13498 1847 140 288 598 414998 316 367 237 4092.5 444 156 131 815
leaf_count=659 13498 1847 140 288 598 414974 316 367 237 4092 444 156 131 815
internal_value=1.57505e-06 0.000376674 0.000598386 0.00163428 0.000435997 -7.26232e-06 0.00236816 0.00135536 0.000295501 0.000209779 0.000379623 0.00129071 -0.000969234 0.00200486
internal_weight=438586 10090.5 8243.5 1111 7132.5 428496 823 507 6534.5 6297.5 5507.5 1415 790 971
internal_count=438562 10090 8243 1111 7132 428472 823 507 6534 6297 5507 1415 790 971
is_linear=0
shrinkage=0.03


Tree=166
num_leaves=15
num_cat=0
split_feature=66 10 25 51 54 54 1 45 26 59 20 33 33 19
split_gain=1.39873 2.29496 2.66618 2.01125 1.95882 2.10599 1.81739 1.77562 1.97982 2.16285 1.94267 1.86064 1.77227 1.75816
threshold=0.70284366607666027 -0.0027468645712360735 0.058624999597668655 0.038962384685873992 0.0061299565713852653 0.0050919796340167531 0.012547499965876343 0.0065238026436418304 0.1017500013113022 7.0647630691528329 -0.17934999614953992 -0.0032899999059736724 -0.0055490001104772082 0.48344999551773077
decision_type=8 10 8 10 2 2 10 2 10 10 10 10 10 10
left_child=13 -2 4 -4 5 6 7 8 -3 -10 -9 -12 -6 -1
right_child=1 2 3 -5 12 -7 -8 10 9 -11 11 -13 -14 -15
leaf_value=3.243274702088437e-05 -0.00028401405802884564 -0.00037981233535023677 0.00080885245498665131 0.00010048348285395603 -0.002401279916832057 0.00072318114555387119 0.0010163372733418099 5.9851450957276207e-05 0.00011841545326544275 -0.002731494908721363 -0.0015819946750310089 -0.00049699383840682231 -0.00051329406151379804 -0.00043436472076554026
leaf_weight=292012 40621.5 11810 3996 36690.5 486 2717 1202 3975 24903.5 237 1859 6043.5 5127 7442
leaf_count=291991 40620 11809 3996 36690 486 2717 1202 3974 24902 237 1859 6043 5127 7442
internal_value=-1.57414e-05 -9.4139e-05 -1.62559e-05 0.000170146 -0.000146212 -8.94835e-05 -0.000133685 -0.000162096 -5.95027e-05 9.10115e-05 -0.000481102 -0.000753071 -0.000678756 2.08249e-05
internal_weight=439122 139668 99046.5 40686.5 58360 52747 50030 48828 36950.5 25140.5 11877.5 7902.5 5613 299454
internal_count=439095 139662 99042 40686 58356 52743 50026 48824 36948 25139 11876 7902 5613 299433
is_linear=0
shrinkage=0.03


Tree=167
num_leaves=15
num_cat=0
split_feature=50 51 6 67 9 0 22 71 33 58 58 44 20 28
split_gain=1.46369 2.77668 1.86821 1.82814 1.91717 1.89584 1.7667 1.67359 1.60996 1.62558 1.94281 1.6377 1.54239 2.04607
threshold=-0.011565884575247763 0.5513194501399995 -0.00034150001010857517 -0.012389608193188904 0.064040895551443114 -0.017793000675737854 0.98184999823570263 -0.010934040416032074 -0.029875000007450577 0.016018489375710491 0.016379452310502533 -0.035420237109065049 -0.49334999918937678 0.31845000386238104
decision_type=2 10 10 2 10 8 10 2 10 2 2 2 8 10
left_child=1 2 8 -2 5 -5 -6 -7 -1 11 -11 -10 13 -9
right_child=3 -3 -4 4 6 7 -8 12 9 10 -12 -13 -14 -15
leaf_value=-0.0011199475218426813 -0.00034478355599701875 -0.00086835382945555338 0.0035873792746321763 0.001062932234849337 -0.00030886251138183957 0.0003463892676212882 -0.0020966293942183255 -0.0012699137851925476 0.0022427159087032218 -0.0039514257801809057 0.00016411574820596528 0.00073174784277869399 1.2955703105437193e-05 -0.0001352673477966379
leaf_weight=440 13500 1203 192 1557 9261 13324 521 1897 806 111 935 3218 386399 5774
leaf_count=440 13500 1203 192 1556 9261 13324 521 1897 806 111 935 3218 386378 5773
internal_value=5.68803e-06 0.000438862 0.000715175 -1.237e-06 9.84297e-06 1.97732e-05 -0.000405103 1.57734e-05 0.00061193 0.000763186 -0.00028934 0.0010368 4.59062e-06 -0.000416504
internal_weight=439138 6905 5702 432233 418733 408951 9782 407394 5510 5070 1046 4024 394070 7671
internal_count=439115 6905 5702 432210 418710 408928 9782 407372 5510 5070 1046 4024 394048 7670
is_linear=0
shrinkage=0.03


Tree=168
num_leaves=15
num_cat=0
split_feature=66 25 20 59 80 45 45 19 22 68 31 58 50 34
split_gain=1.40265 2.48635 2.26593 2.22817 2.08419 1.94379 1.88061 1.65273 1.70584 2.1678 1.61435 1.60279 1.56632 2.04576
threshold=0.71888476610183727 0.058624999597668655 -0.083405002951621995 0.71194246411323558 5.5000000000000009 0.010806673206388952 -0.028656914830207821 -0.050474999472498887 0.32885000109672552 0.0094839395023882406 1.0665000081062319 0.015767432749271396 -0.017539664171636101 0.0075370001140981921
decision_type=10 8 10 10 8 2 2 10 10 2 10 2 2 10
left_child=4 7 -3 -4 5 6 -1 8 -2 -10 -9 -12 13 -6
right_child=1 2 3 -5 12 -7 -8 10 9 -11 11 -13 -14 -15
leaf_value=0.0024313829780281096 -0.00058365229187000911 -0.00014983419847288928 0.0013448641911595225 0.00020875925280534422 0.002056922286044319 0.00094760617631970518 0.00014423731284637407 -0.00034045975514054535 0.00032164147564594527 -0.0010499462371789125 0.00010457648297333264 -0.001820996952809588 9.0806835844611882e-06 -0.0010095356834405238
leaf_weight=325 2934 19095 1663 22726 704 3695 16662 48152.5 12881 1123 12070 397 295804 267
leaf_count=325 2934 19095 1663 22726 704 3695 16662 48151 12880 1123 12070 397 295789 267
internal_value=2.03259e-07 -8.6688e-05 9.48908e-05 0.000286486 3.33344e-05 0.000324479 0.000188698 -0.000188493 7.34804e-05 0.000211316 -0.000261692 4.25529e-05 1.30397e-05 0.00121287
internal_weight=438498 121042 43484 24389 317457 20682 16987 77557.5 16938 14004 60619.5 12467 296775 971
internal_count=438481 121039 43484 24389 317442 20682 16987 77555 16937 14003 60618 12467 296760 971
is_linear=0
shrinkage=0.03


Tree=169
num_leaves=15
num_cat=0
split_feature=49 68 70 65 30 45 23 51 72 23 36 55 20 68
split_gain=1.58754 2.14745 2.03552 1.87129 1.81158 2.20029 2.37359 2.47331 2.2244 1.94419 1.93785 1.91711 2.0784 2.20411
threshold=0.75008240342140209 0.0050315698608756074 0.011825696099549534 0.98726108670234691 0.50405001640319835 -0.011548842303454874 0.67855000495910656 0.04888297617435456 -0.0081213144585490209 2.4314999580383305 0.020370000042021278 0.61607372760772716 -0.040334999561309808 0.02822716906666756
decision_type=8 2 2 10 10 2 10 10 2 10 10 2 10 2
left_child=2 -2 4 -3 9 6 -6 -8 -7 11 -9 12 13 -1
right_child=1 3 -4 -5 5 8 7 10 -10 -11 -12 -13 -14 -15
leaf_value=-0.00012536325989111714 5.3023703259326388e-05 0.00049830651903683262 -0.00037688910098392054 -0.00070710575564788365 0.0012689090743001658 -0.0010204697690370398 0.0012884431472251255 0.00019651861321487758 5.8897511331608411e-05 -0.00078957525426875572 -0.0014192484739772629 0.0002121133250897406 0.0001819124845459223 0.0015801451723894315
leaf_weight=155647.5 82423.5 16732 13645 1241 2506 1743 1806 10378 101389.5 3201 709 23127 24002 680
leaf_count=155636 82421 16732 13644 1241 2506 1742 1805 10378 101384 3201 705 23127 24002 680
internal_value=1.30494e-05 0.000117825 -1.79968e-05 0.000414902 -2.93207e-06 9.05612e-05 0.000425001 0.000260543 4.0607e-05 -5.65575e-05 9.25991e-05 -4.50057e-05 -7.79858e-05 -0.000117894
internal_weight=439230 100396 338834 17973 325189 118532 15399 12893 103132 206658 11087 203456 180330 156328
internal_count=439204 100394 338810 17973 325166 118520 15394 12888 103126 206646 11083 203445 180318 156316
is_linear=0
shrinkage=0.03


Tree=170
num_leaves=15
num_cat=0
split_feature=66 68 25 26 55 45 54 24 37 33 39 11 59 70
split_gain=1.65044 2.48422 2.36661 2.1341 2.22024 2.05481 1.81167 2.21802 2.48986 2.43189 2.49375 1.9113 1.73708 1.71926
threshold=0.70284366607666027 0.0098051317036151903 0.058624999597668655 0.20015000551939013 0.093359272927045836 -0.0110066095367074 0.0059510245919227609 1.016499996185303 -0.022280000150203701 -0.0054035000503063193 -0.031579999253153794 0.74926540255546581 3.9524481296539311 -0.0041369157843291751
decision_type=10 2 10 10 2 2 2 10 10 10 10 8 10 2
left_child=6 2 3 4 5 12 11 -8 -9 10 -10 13 -2 -1
right_child=1 -3 -4 -5 -6 -7 7 8 9 -11 -12 -13 -14 -15
leaf_value=0.0001212751396565884 0.00075135089646908963 -0.00073246547563079664 0.00010508397449986115 0.00024269271993542543 -0.00021345806125563051 -0.0047865362900215607 6.1214087994659479e-05 -0.00073488408371796018 -0.00073972481805341015 0.00059922988693884469 0.0032015180378918728 0.00042742261021288061 -0.0036850115591202113 -5.2534193317403828e-05
leaf_weight=68677.5 224 5307 44440 9901 68014.5 174 20557 1145 185 9133 629 9368 117 201448
leaf_count=68671 224 5307 44440 9901 68010 174 20557 1145 185 9133 629 9367 117 201438
internal_value=-6.68938e-06 -9.72824e-05 -6.9819e-05 -0.000168922 -0.000228405 -0.00218135 3.06321e-05 0.000245737 0.000587534 0.00074005 0.00230673 6.27031e-06 -0.000802058 -8.34297e-06
internal_weight=439320 128178 122870 78430.5 68529.5 515 311142 31649 11092 9947 814 279494 341 270126
internal_count=439298 128173 122866 78426 68525 515 311125 31649 11092 9947 814 279476 341 270109
is_linear=0
shrinkage=0.03


end of trees

feature_importances:
Column_45=135
Column_9=123
Column_30=106
Column_79=96
Column_20=94
Column_24=86
Column_51=79
Column_64=67
Column_53=60
Column_13=59
Column_50=56
Column_54=55
Column_12=51
Column_14=50
Column_18=48
Column_21=47
Column_58=47
Column_60=47
Column_10=46
Column_63=45
Column_70=41
Column_19=38
Column_68=38
Column_67=36
Column_49=35
Column_27=33
Column_26=32
Column_55=32
Column_22=30
Column_11=29
Column_72=29
Column_17=27
Column_71=27
Column_52=26
Column_23=25
Column_65=25
Column_25=24
Column_61=23
Column_16=22
Column_47=22
Column_32=21
Column_39=21
Column_56=21
Column_57=20
Column_66=19
Column_44=18
Column_46=18
Column_62=18
Column_1=17
Column_36=16
Column_80=16
Column_35=15
Column_15=14
Column_48=13
Column_6=12
Column_28=12
Column_33=12
Column_59=12
Column_74=12
Column_31=11
Column_0=10
Column_73=10
Column_3=9
Column_34=9
Column_37=8
Column_43=7
Column_38=6
Column_76=6
Column_4=5
Column_69=5
Column_8=4
Column_78=3
Column_2=1
Column_5=1
Column_29=1

parameters:
[boosting: gbdt]
[objective: regression]
[metric: l2]
[tree_learner: serial]
[device_type: cpu]
[data_sample_strategy: bagging]
[data: ]
[valid: ]
[num_iterations: 171]
[learning_rate: 0.03]
[num_leaves: 15]
[num_threads: 4]
[seed: 8]
[deterministic: 1]
[force_col_wise: 1]
[force_row_wise: 0]
[histogram_pool_size: -1]
[max_depth: -1]
[min_data_in_leaf: 100]
[min_sum_hessian_in_leaf: 0.001]
[bagging_fraction: 0.8]
[pos_bagging_fraction: 1]
[neg_bagging_fraction: 1]
[bagging_freq: 1]
[bagging_seed: 28170]
[bagging_by_query: 0]
[feature_fraction: 0.7]
[feature_fraction_bynode: 1]
[feature_fraction_seed: 31103]
[extra_trees: 0]
[extra_seed: 10443]
[early_stopping_round: 0]
[early_stopping_min_delta: 0]
[first_metric_only: 0]
[max_delta_step: 0]
[lambda_l1: 0]
[lambda_l2: 5]
[linear_lambda: 0]
[min_gain_to_split: 0]
[drop_rate: 0.1]
[max_drop: 50]
[skip_drop: 0.5]
[xgboost_dart_mode: 0]
[uniform_drop: 0]
[drop_seed: 311]
[top_rate: 0.2]
[other_rate: 0.1]
[min_data_per_group: 100]
[max_cat_threshold: 32]
[cat_l2: 10]
[cat_smooth: 10]
[max_cat_to_onehot: 4]
[top_k: 20]
[monotone_constraints: ]
[monotone_constraints_method: basic]
[monotone_penalty: 0]
[feature_contri: ]
[forcedsplits_filename: ]
[refit_decay_rate: 0.9]
[cegb_tradeoff: 1]
[cegb_penalty_split: 0]
[cegb_penalty_feature_lazy: ]
[cegb_penalty_feature_coupled: ]
[path_smooth: 0]
[interaction_constraints: ]
[verbosity: -1]
[saved_feature_importance_type: 0]
[use_quantized_grad: 0]
[num_grad_quant_bins: 4]
[quant_train_renew_leaf: 0]
[stochastic_rounding: 1]
[linear_tree: 0]
[max_bin: 255]
[max_bin_by_feature: ]
[min_data_in_bin: 3]
[bin_construct_sample_cnt: 200000]
[data_random_seed: 64]
[is_enable_sparse: 1]
[enable_bundle: 1]
[use_missing: 1]
[zero_as_missing: 0]
[feature_pre_filter: 1]
[pre_partition: 0]
[two_round: 0]
[header: 0]
[label_column: ]
[weight_column: ]
[group_column: ]
[ignore_column: ]
[categorical_feature: ]
[forcedbins_filename: ]
[precise_float_parser: 0]
[parser_config_file: ]
[objective_seed: 25835]
[num_class: 1]
[is_unbalance: 0]
[scale_pos_weight: 1]
[sigmoid: 1]
[boost_from_average: 1]
[reg_sqrt: 0]
[alpha: 0.9]
[fair_c: 1]
[poisson_max_delta_step: 0.7]
[tweedie_variance_power: 1.5]
[lambdarank_truncation_level: 30]
[lambdarank_norm: 1]
[label_gain: ]
[lambdarank_position_bias_regularization: 0]
[eval_at: ]
[multi_error_top_k: 1]
[auc_mu_weights: ]
[num_machines: 1]
[local_listen_port: 12400]
[time_out: 120]
[machine_list_filename: ]
[machines: ]
[gpu_platform_id: -1]
[gpu_device_id: -1]
[gpu_device_id_list: ]
[gpu_use_dp: 0]
[num_gpu: 1]

end of parameters

pandas_categorical:null
