tree
version=v4
num_class=1
num_tree_per_iteration=1
label_index=0
max_feature_idx=86
objective=binary sigmoid:1
feature_names=atr_pct bb_pctb beta_252 breadth30 d_body d_lower d_upper day_oddness day_of_week days_since_results days_to_expiry days_to_results deliv_pct_20 deliv_pct_rel disp30 dist_52w_high dist_ma200 dist_ma50 div_yield_today exdiv_today g_crude_ret5_asof g_hangseng_ret1_asof g_nasdaq_ret1_asof g_nikkei_ret1_asof g_sp500_ret1_asof g_usdinr_ret5_asof g_usvix_ret1_asof gap gap_atr gap_rank is_expiry is_long is_weekly_expiry mkt_gap mkt_r30 mkt_ret_63 mkt_vol_21 orb15 orb15_dist po_gap po_imbalance po_qty_adv pos30 pos30_rank r15 r30 r30_atr r30_rank r3_last r5 r_prev range30_atr rel_gap rel_r30 rel_r30_rank rel_sec_gap rel_sec_r30 results_reaction results_today ret_1 ret_21 ret_5 ret_5_rank ret_63 rsi_14 score score_pct sec_breadth30 sec_gap sec_r30 sec_vs_mkt_r30 side_pct side_rank up1_share up3_share vix vix_pct_252 vol30_adv vol30_adv_rank vol30_rel vol_21 vol_burst vol_ratio_20_120 vwap_dev vwap_dev_rank vwap_slope wk_streak
feature_infos=[0.0093181375414133072:0.1158270537853241] [-0.5350000262260437:1.5240000486373901] [-0.2442999929189682:2.2019999027252197] [0.065891474485397339:0.96108949184417725] [-1:1] [0:0.99310344457626343] [0:0.94786727428436279] [0.23311059176921844:11.077526092529297] [0:6] [0:3378] [0:24] [0:10] [0.13400000333786011:0.73379999399185181] [0.38199999928474426:1.4450000524520874] [0.0066598439589142799:0.017852341756224632] [-0.60790002346038818:0] [-0.38379999995231628:1.4329999685287476] [-0.31450000405311584:0.7038000226020813] none none [-0.17710000276565552:0.3562999963760376] [-0.035399999469518661:0.030920000746846199] [-0.04179999977350235:0.030710000544786453] [-0.052000001072883606:0.055799998342990875] [-0.02710999920964241:0.02507999911904335] [-0.023690000176429749:0.020659999921917915] [-0.18389999866485596:0.39680001139640808] [-0.13959760963916779:9.473414421081543] [-3.9777441024780273:143.40447998046875] [0.0038759689778089523:1] [0:1] [0:1] [0:1] [-0.033557046204805374:0.037972953170537949] [-0.013164556585252285:0.024177396669983864] [-0.14579999446868896:0.086850002408027649] [0.052939999848604202:0.28970000147819519] [-1:1] [-0.058889999985694885:0.057546999305486679] [-0.014663666486740112:0.030927835032343864] [-0.84024178981781006:0.89545196294784546] [6.3110128394328058e-05:0.026603881269693375] [0:1] [0.0038759689778089523:1] [-0.13793699443340302:0.098916001617908478] [-0.10780487954616547:0.1069047600030899] [-3.7241299152374268:3.960451602935791] [0.0038759689778089523:1] [-0.028202999383211136:0.020687000826001167] [-0.16952499747276306:0.079207003116607666] [-0.15004190802574158:9.4935169219970703] [0:5.9967660903930664] [-0.1208561584353447:9.4715280532836914] [-0.10441228747367859:0.10715243220329285] [0.0038759689778089523:1] [-0.10479241609573364:9.472050666809082] [-0.098818004131317139:0.10681314766407013] [-0.13590000569820404:0.15870000422000885] [0:1] [-0.1378234326839447:0.19997532665729523] [-0.36629998683929443:0.66540002822875977] [-0.33100000023841858:0.49329999089241028] [0.0039215688593685627:1] [-0.44839999079704285:1.2200000286102295] [16.659999847412109:88.080001831054688] [0.30902659893035889:0.60829442739486694] [0.0038759689778089523:1] [0:1] [-0.048193223774433136:0.12182206660509109] [-0.032138876616954803:0.059248276054859161] [-0.027515357360243797:0.060694672167301178] [0.9598393440246582:1] [1:10] [0:0.76666700839996338] [0:1] [9.1499996185302734:27.889999389648438] [0.0039679999463260174:1] [0.0060049653984606266:49.553024291992188] [0.0038759689778089523:1] [0.022337079048156738:350.42153930664062] [0.072520002722740173:1.3109999895095825] [1.6874550580978394:28.3704833984375] [0.072020001709461212:5.0939998626708984] [-0.057496603578329086:0.044011011719703674] [0.0038759689778089523:1] [-0.040656000375747681:0.07379700243473053] [-4:4]
tree_sizes=887 916 901 908 908 910 903 905 916 904 906 895 909 907 910 911 910 911 903 910 902 907 915 911 900 907 901 905 910 907 910 902 906 905 910 911 907 908 908 903 904 910 917 911 902 909 912 915 913 913 909 914 909 910 912 902 910 907 912 906 911 907 912 907 915 907 907 908 912 911 911 912 912 902 908 916 906 911 905 903 900 905 911 916 903 904 918 909 909 903 904 917 904 909 913 912 901 903 906 908 905 910 908 909 908 910 919 906 918 909 914 912 919 915 912 912 906 911 910 901 911 899 916 914 905 913 914 903 907 909 909 918 907 913 914 904 919 906 910 911 908 917 911 910 911 900 906 906 911 910 910 911 906 907 907 914 915 907 924 904 904 916 907 906 911 909 909 904 917 898 906 918 910 900 914 901 911 906 921 908 916 909 907 903 907 908 914 907 924 920 916 916 914 915 911 915 910 912 907 909

Tree=0
num_leaves=7
num_cat=0
split_feature=65 24 83 36 10 14
split_gain=31.8576 22.7399 20.3014 14.256 13.7098 15.4593
threshold=0.52539619803428661 0.0058275000192224988 -0.0029942605178803201 0.2420499995350838 5.5000000000000009 0.0091159264557063597
decision_type=2 10 2 8 2 2
left_child=1 -1 4 -4 -2 -6
right_child=2 -3 3 -5 5 -7
leaf_value=-0.51213547340658327 -0.52974062706194192 -0.52635509150783166 -0.53118066562168431 -0.50840394543205747 -0.50153822793347258 -0.52048620597337847
leaf_weight=444.97589054703712 55.183557629585266 122.05854696035385 326.42477309703827 18.706290721893311 51.442299485206604 103.81991350650787
leaf_count=1903 236 522 1396 80 220 444
internal_value=-0.520213 -0.515252 -0.525271 -0.529652 -0.517978 -0.513466
internal_weight=1122.61 567.034 555.577 345.131 210.446 155.262
internal_count=4801 2425 2376 1476 900 664
is_linear=0
shrinkage=1


Tree=1
num_leaves=7
num_cat=0
split_feature=57 53 24 59 85 5
split_gain=22.0437 26.7876 18.6546 10.7821 10.8558 8.65631
threshold=0.051459999755024917 -0.0068913323339074841 0.0061389999464154252 -0.012700225692242382 4.0499999158782891e-05 0.15093909949064258
decision_type=8 2 10 10 10 10
left_child=1 -1 5 -3 -5 -2
right_child=2 3 -4 4 -6 -7
leaf_value=0.003964649911408373 0.011650110282915677 0.0043113931722432051 -0.0069304897004634318 -0.014161808739532985 -0.0024325474416595741 0.0027601733948294507
leaf_weight=206.12975479662418 168.17005334794521 42.32148651778698 108.32754521071911 248.949203774333 104.42270189523697 239.75173383951187
leaf_count=882 718 181 464 1066 447 1024
internal_value=-0.000813848 -0.00467957 0.00369595 -0.00916936 -0.0108581 0.00661621
internal_weight=1118.07 601.823 516.249 395.693 353.372 407.922
internal_count=4782 2576 2206 1694 1513 1742
is_linear=0
shrinkage=0.03


Tree=2
num_leaves=7
num_cat=0
split_feature=65 24 36 3 63 63
split_gain=28.8756 18.5337 15.1199 16.0209 11.8103 12.6791
threshold=0.47791281342506414 0.0058275000192224988 0.25179999321699148 0.16310741007328036 0.11719999834895135 0.2180999964475632
decision_type=2 10 10 2 8 8
left_child=1 4 3 -2 -1 -6
right_child=2 -3 -4 -5 5 -7
leaf_value=0.011676096510696258 0.01294471307341572 -0.0058395147437541777 0.013479824981228747 -0.0076159593721402451 -0.0091521546568521534 0.00647857479263113
leaf_weight=231.54148358106613 27.540817707777023 117.71755033731461 27.617245137691498 518.02467060089111 57.913232669234276 140.73543517291546
leaf_count=987 118 505 118 2221 247 600
internal_value=-0.000529519 0.00435458 -0.00519286 -0.00636371 0.00721338 0.00170142
internal_weight=1121.09 547.908 573.183 545.565 430.19 198.649
internal_count=4796 2339 2457 2339 1834 847
is_linear=0
shrinkage=0.03


Tree=3
num_leaves=7
num_cat=0
split_feature=66 24 3 14 36 83
split_gain=33.1233 18.5398 17.5174 16.3582 13.3725 12.8434
threshold=0.9639994502067567 0.0058275000192224988 0.16310741007328036 0.0089881024323403853 0.25179999321699148 -0.0029942605178803201
decision_type=2 10 2 2 10 2
left_child=1 3 -2 -1 5 -4
right_child=2 -3 4 -5 -6 -7
leaf_value=0.00039690474111132347 0.015773504656923509 -0.0054618612019014896 -0.0013489219011921041 0.012031907724829901 0.011661878450229424 -0.011420354482855869
leaf_weight=177.15202169120312 23.887979388237 116.8465877622366 180.86077427864075 274.59193669259548 25.131608113646507 312.34228473901749
leaf_count=754 102 502 775 1169 107 1344
internal_value=-0.000168485 0.00484911 -0.00542261 0.00757664 -0.00667951 -0.0078273
internal_weight=1110.81 568.591 542.223 451.744 518.335 493.203
internal_count=4753 2425 2328 1923 2226 2119
is_linear=0
shrinkage=0.03


Tree=4
num_leaves=7
num_cat=0
split_feature=66 24 3 25 47 13
split_gain=27.7838 18.3251 18.3138 14.3974 19.1292 12.6695
threshold=0.9639994502067567 0.0058275000192224988 0.16310741007328036 -0.010394999757409094 0.18701071292161944 0.85455000400543224
decision_type=2 10 2 8 2 8
left_child=1 5 -2 -4 -5 -1
right_child=2 -3 3 4 -6 -7
leaf_value=-0.0058278321207785736 0.016226147988927197 -0.0055808680365188523 0.009503792422900793 -0.00060257808804768556 -0.012558490635280781 0.008930543340991734
leaf_weight=52.942822709679604 25.398474618792534 122.49026295542717 39.837537169456482 205.71491782367229 284.1803492307663 404.09251949191093
leaf_count=225 108 527 171 883 1225 1717
internal_value=-0.000161253 0.00439648 -0.00491288 -0.00620826 -0.0076505 0.00713276
internal_weight=1134.66 579.526 555.131 529.733 489.895 457.035
internal_count=4856 2469 2387 2279 2108 1942
is_linear=0
shrinkage=0.03


Tree=5
num_leaves=7
num_cat=0
split_feature=65 10 47 35 22 35
split_gain=27.2797 27.2747 20.1938 13.3844 12.9439 17.2623
threshold=0.52539619803428661 3.5000000000000004 0.15594600886106494 -0.084480002522468553 0.0031994999153539543 -0.039404999464750283
decision_type=2 2 2 10 10 8
left_child=1 -1 -2 -4 5 -3
right_child=2 4 3 -5 -6 -7
leaf_value=0.01746988182451353 0.0031522936823555267 0.017843531615281176 0.0086693523652629882 -0.010446313569085585 -0.0054177742739705175 0.00088377824799656685
leaf_weight=105.54562239348888 185.24259731173515 60.625904321670532 28.866704389452934 343.92748367786407 164.17773219943047 234.58013585209846
leaf_count=449 794 257 124 1485 703 995
internal_value=-0.000170829 0.00443756 -0.00483213 -0.00877832 0.00113492 0.00483729
internal_weight=1122.97 564.929 558.037 372.794 459.384 295.206
internal_count=4807 2404 2403 1609 1955 1252
is_linear=0
shrinkage=0.03


Tree=6
num_leaves=7
num_cat=0
split_feature=57 47 52 82 23 64
split_gain=30.3562 22.6385 11.3259 10.6431 8.66803 8.5599
threshold=0.017939999699592594 0.15594600886106494 -0.0015788646414875982 1.1825000047683718 -0.025070000439882275 55.414999008178718
decision_type=8 2 2 10 8 10
left_child=1 2 -1 -3 -2 -4
right_child=4 3 5 -5 -6 -7
leaf_value=-0.0060266518734117787 -0.0071791732028833278 -0.012043845510188824 0.016948783796504205 0.0007512829158435705 0.006228085892141709 -0.0015115131822009151
leaf_weight=46.009161978960037 38.447107180953026 238.02020977437496 58.940288752317429 75.096676737070084 615.4541027545929 31.359409958124161
leaf_count=197 164 1028 252 323 2625 134
internal_value=0.001251 -0.00469019 0.00525184 -0.00904684 0.00534352 0.0110263
internal_weight=1103.33 449.426 136.309 313.117 653.901 90.2997
internal_count=4723 1934 583 1351 2789 386
is_linear=0
shrinkage=0.03


Tree=7
num_leaves=7
num_cat=0
split_feature=65 10 24 25 46 13
split_gain=24.7472 22.7351 19.5411 15.5223 14.5123 12.2975
threshold=0.52539619803428661 3.5000000000000004 0.0058275000192224988 -0.010394999757409094 -0.42830950021743769 0.92954999208450328
decision_type=2 2 10 8 8 8
left_child=1 5 -3 -2 -5 -1
right_child=3 2 -4 4 -6 -7
leaf_value=-0.0014849795168610316 0.011947557785442358 0.0046383192164238781 -0.0097419903563031925 0.0014354885384654154 -0.0092311578005728912 0.02171099882887273
leaf_weight=25.224034920334816 38.727242186665535 366.72075146436691 100.00241182744503 164.50039041042328 352.25273004174232 78.283449903130531
leaf_count=107 166 1553 431 705 1525 331
internal_value=2.53377e-05 0.00437778 0.0014174 -0.00444109 -0.00587281 0.0164255
internal_weight=1125.71 570.231 466.723 555.48 516.753 103.507
internal_count=4818 2422 1984 2396 2230 438
is_linear=0
shrinkage=0.03


Tree=8
num_leaves=7
num_cat=0
split_feature=66 22 35 15 10 83
split_gain=24.4142 16.3419 17.3806 14.6557 11.6921 12.3992
threshold=0.9639994502067567 0.0031994999153539543 -0.051359999924898141 -0.031565001234412186 5.5000000000000009 -0.0030332661699503656
decision_type=2 10 10 10 2 2
left_child=1 3 -3 -1 -2 -6
right_child=4 2 -4 -5 5 -7
leaf_value=0.0092938636157178095 -0.011869609421589027 -0.018171674311010418 0.0018022390596409471 -0.011495156295162757 0.0045835657052317423 -0.0061901537550827397
leaf_weight=340.26349318027496 147.84745047986507 40.779489055275917 165.74108865857124 25.002424135804176 146.53636962175369 241.70937618613243
leaf_count=1437 639 175 709 106 628 1049
internal_value=-0.000418015 0.00386211 -0.00279891 0.00760246 -0.00497024 -0.00211082
internal_weight=1107.88 571.786 206.521 365.266 536.093 388.246
internal_count=4743 2427 884 1543 2316 1677
is_linear=0
shrinkage=0.03


Tree=9
num_leaves=7
num_cat=0
split_feature=57 56 13 5 33 5
split_gain=19.76 12.2782 11.6582 9.01115 10.9074 9.76093
threshold=0.0025005000643432145 -0.011613748036324976 1.0124999880790713 0.23165258020162585 0.00017806356481742117 0.026726190932095054
decision_type=8 2 10 10 2 10
left_child=1 -1 -3 4 5 -2
right_child=3 2 -4 -5 -6 -7
leaf_value=0.0073343486354558764 -0.0057541440678537227 -0.0016966819888476188 -0.01369442240160673 -0.00073809929024388208 0.0013561931282404832 0.01318816860832143
leaf_weight=47.381879568099976 22.542993694543839 142.4996475726366 146.46484670042992 348.40214015543461 245.6774857789278 171.15429443120956
leaf_count=202 96 615 635 1493 1047 725
internal_value=0.000267579 -0.0057185 -0.00803252 0.00286302 0.0056714 0.0108094
internal_weight=1124.12 336.346 288.964 787.777 439.375 193.697
internal_count=4813 1452 1250 3361 1868 821
is_linear=0
shrinkage=0.03


Tree=10
num_leaves=7
num_cat=0
split_feature=2 0 64 57 59 82
split_gain=22.8148 14.8367 13.4992 11.324 9.57115 9.44873
threshold=0.61700001358985912 0.0150840450078249 58.164999008178718 0.048750000074505813 -0.031359791755676263 0.84135001897811901
decision_type=8 10 10 10 10 10
left_child=3 -2 4 -1 -3 -6
right_child=1 2 -4 -5 5 -7
leaf_value=-0.011563791132218625 -0.014766206446668463 -0.0073632482858355611 -0.0029512520182684784 0.0090079647113720587 0.010034205008964698 0.0023727729924511464
leaf_weight=173.74325966835022 35.444299176335335 42.647528380155563 251.96239641308784 20.205518186092377 283.18372647464275 302.56132589280605
leaf_count=752 154 181 1077 87 1205 1296
internal_value=-8.83702e-07 0.0020001 0.0028334 -0.00908404 0.00516273 0.00618302
internal_weight=1109.75 915.799 880.355 193.949 628.393 585.745
internal_count=4752 3913 3759 839 2682 2501
is_linear=0
shrinkage=0.03


Tree=11
num_leaves=7
num_cat=0
split_feature=65 10 3 7 65 47
split_gain=21.1767 16.2403 14.432 14.0798 20.2053 13.8176
threshold=0.52737292647361766 3.5000000000000004 0.16310741007328036 1.6725143790245058 0.53923010826110851 0.15594600886106494
decision_type=2 2 2 2 2 2
left_child=1 -1 -2 4 -4 -6
right_child=2 -3 3 -5 5 -7
leaf_value=0.014365887181214475 0.014937852160905889 0.001806857062213989 -0.013233793961190196 -0.010194384273030653 0.014191788890660813 -0.0013143014281857758
leaf_weight=106.29622828960419 25.15905573964119 475.51178136467934 70.580063864588737 240.2338732033968 70.908624097704887 139.24280177056789
leaf_count=447 107 2017 306 1042 304 607
internal_value=0.000358437 0.00430536 -0.00384819 -0.00501967 -0.000393118 0.0043247
internal_weight=1127.93 581.808 546.124 520.965 280.731 210.151
internal_count=4830 2464 2366 2259 1217 911
is_linear=0
shrinkage=0.03


Tree=12
num_leaves=7
num_cat=0
split_feature=57 26 26 7 79 49
split_gain=14.5614 11.193 11.123 9.51516 10.6641 9.58053
threshold=0.0019885000074282293 -0.056010000407695763 0.058964999392628677 0.79769328236579906 0.99261948466300975 -0.00028100000054109836
decision_type=8 10 10 2 10 10
left_child=1 -1 -3 -2 -5 -6
right_child=3 2 -4 4 5 -7
leaf_value=0.006792385090429418 0.013044193362470861 -0.010677742368935931 0.0033110211158301974 -0.0015500645744735725 0.01164249209106632 0.00071834335633057798
leaf_weight=51.557999685406685 58.984213769435883 209.95568358898163 61.459402933716774 443.38740730285645 125.7111838310957 157.53968273103237
leaf_count=223 251 910 265 1895 535 668
internal_value=0.000181952 -0.0050872 -0.00750502 0.00238484 0.00135424 0.00579834
internal_weight=1108.6 322.973 271.415 785.622 726.638 283.251
internal_count=4747 1398 1175 3349 3098 1203
is_linear=0
shrinkage=0.03


Tree=13
num_leaves=7
num_cat=0
split_feature=57 47 24 85 81 2
split_gain=18.5831 19.5698 15.5753 12.485 10.6629 9.91677
threshold=0.04654000140726567 0.15594600886106494 0.0058275000192224988 4.0499999158782891e-05 6.7218735218048105 0.53634998202323925
decision_type=8 2 8 8 10 10
left_child=1 5 -2 -3 -4 -1
right_child=2 3 4 -5 -6 -7
leaf_value=-0.010540733685025868 0.0074241083801661412 -0.010964458991182558 -0.0058453656997191168 0.00022711922495894917 0.012829787903098166 0.0072734608980395479
leaf_weight=24.840693816542625 361.46017447113991 270.65155318379402 165.59555019438267 131.27446925640106 22.984257608652115 152.51499216258526
leaf_count=107 1526 1179 707 567 98 652
internal_value=-6.65176e-05 -0.00378479 0.00384709 -0.00739236 -0.00303777 0.00434895
internal_weight=1129.32 579.282 550.04 401.926 188.58 177.356
internal_count=4836 2505 2331 1746 805 759
is_linear=0
shrinkage=0.03


Tree=14
num_leaves=7
num_cat=0
split_feature=65 83 24 22 13 48
split_gain=22.7152 19.1522 14.1383 14.9077 14.327 13.093
threshold=0.52737292647361766 -0.0027859774418175216 0.0058275000192224988 -0.00714999996125698 1.0584999918937685 -0.002584000001661479
decision_type=2 2 10 8 10 8
left_child=2 -2 3 -1 -4 -5
right_child=1 -3 4 5 -6 -7
leaf_value=-0.0022145932412266632 0.0028572032945632909 -0.0083817454189501032 -0.0093665238320707438 -0.0052439778417211003 0.011921072554517135 0.012262300604447265
leaf_weight=111.71420143544674 225.87232983112335 320.05268134176731 97.382977023720741 38.210020199418068 29.302157491445541 301.59325386583805
leaf_count=470 972 1399 420 161 126 1268
internal_value=0.00058964 -0.00376397 0.00469432 0.00714705 -0.0039308 0.0102001
internal_weight=1124.13 545.925 578.203 451.517 126.685 339.803
internal_count=4816 2371 2445 1899 546 1429
is_linear=0
shrinkage=0.03


Tree=15
num_leaves=7
num_cat=0
split_feature=12 46 25 59 24 9
split_gain=22.7829 18.5008 9.54634 9.89639 8.93392 13.7782
threshold=0.51254999637603771 -0.43824329972267145 -0.010394999757409094 -0.012500386219471691 0.0058275000192224988 1290.5000000000002
decision_type=10 10 10 10 10 8
left_child=4 -2 -3 -4 5 -1
right_child=1 2 3 -5 -6 -7
leaf_value=-0.00024431052516379924 0.0039527210455769703 0.0066274085638197856 0.0031904485563676163 -0.0108704981486312 -0.0032605459694424513 0.010448420295433808
leaf_weight=188.80392187833786 159.98484233021736 30.909556001424789 47.20362688601017 339.01390266418457 116.0419487953186 243.4446936249733
leaf_count=799 686 133 203 1479 501 1020
internal_value=-0.000422636 -0.004545 -0.00782045 -0.00911482 0.00392011 0.00587798
internal_weight=1125.4 577.112 417.127 386.218 548.291 432.249
internal_count=4821 2501 1815 1682 2320 1819
is_linear=0
shrinkage=0.03


Tree=16
num_leaves=7
num_cat=0
split_feature=4 53 53 69 25 64
split_gain=17.5514 12.6597 11.4723 11.3252 15.0037 10.6824
threshold=-0.62151971459388722 -0.012007799465209244 0.0023260713787749414 -0.0037931122351437803 0.010195000097155573 54.965000152587898
decision_type=10 2 2 2 8 8
left_child=3 -2 -3 -1 -5 -4
right_child=1 2 5 4 -6 -7
leaf_value=-0.0027286297209741595 0.0071706244715312095 -0.0053958995108818802 0.0075699793796912516 0.018165193672205114 -0.0064212879068158944 -0.0035530889334860444
leaf_weight=51.896718084812164 121.73311035335064 540.22446681559086 141.5622251033783 97.652784988284111 22.718249902129173 150.67259204387665
leaf_count=221 517 2339 600 415 96 639
internal_value=0.000113193 -0.00150168 -0.00283992 0.00864962 0.0133883 0.00190726
internal_weight=1126.46 954.192 832.459 172.268 120.371 292.235
internal_count=4827 4095 3578 732 511 1239
is_linear=0
shrinkage=0.03


Tree=17
num_leaves=7
num_cat=0
split_feature=57 25 54 85 10 65
split_gain=18.7886 9.82869 10.7771 10.77 9.52881 9.18029
threshold=0.011059999931603672 -0.010394999757409094 0.15594600886106494 4.0499999158782891e-05 11.500000000000002 0.43867300450801855
decision_type=8 10 2 8 2 2
left_child=1 -1 4 -4 -3 -2
right_child=5 2 3 -5 -6 -7
leaf_value=0.0092473036443977748 0.010313934463777366 -0.0067520705977606212 -0.014122187143400203 -0.00071275562724716266 0.0085527143378483824 0.0012196400107695857
leaf_weight=30.027324184775352 110.98308444023132 67.451610952615738 171.36449265480042 78.276970207691193 59.473781824111938 594.81478027999401
leaf_count=129 468 289 755 341 254 2531
internal_value=-0.000175821 -0.00523965 -0.00660417 -0.0101069 0.000520215 0.00277378
internal_weight=1112.39 406.594 376.567 249.641 126.925 705.798
internal_count=4767 1768 1639 1096 543 2999
is_linear=0
shrinkage=0.03


Tree=18
num_leaves=7
num_cat=0
split_feature=66 7 25 53 9 9
split_gain=18.7702 10.0798 10.8133 9.68671 12.7447 11.0011
threshold=0.023301058448851112 2.676870703697205 -0.003840000019408762 -0.010530116967856882 40.500000000000007 30.500000000000004
decision_type=2 2 8 2 8 8
left_child=1 2 -1 5 -5 -2
right_child=3 -3 -4 4 -6 -7
leaf_value=-0.0032602981631193362 0.013922548603405431 -0.0077902025244957563 0.011369197978317497 -0.0076288927640392893 0.00051113981843196508 -0.0022622606504075975
leaf_weight=52.035864666104317 57.92378893494606 30.874701723456383 217.7557118088007 327.50904978811741 352.98026590049267 79.940766021609306
leaf_count=220 246 130 917 1429 1515 340
internal_value=0.000373455 0.00665899 0.00853187 -0.00198838 -0.00346028 0.00501948
internal_weight=1119.02 300.666 269.792 818.354 680.489 137.865
internal_count=4797 1267 1137 3530 2944 586
is_linear=0
shrinkage=0.03


Tree=19
num_leaves=7
num_cat=0
split_feature=66 22 35 36 76 76
split_gain=17.3933 20.9399 21.4519 14.8454 13.1691 12.5671
threshold=0.035087851807475097 0.0027125000488013033 -0.029540000483393666 0.25179999321699148 0.21530000120401385 0.068450000137090697
decision_type=2 8 8 10 10 8
left_child=1 -1 -3 4 5 -2
right_child=3 2 -4 -5 -6 -7
leaf_value=0.010445488061443247 -0.0041677209963444572 -0.016005286880303886 0.0035973751837165328 0.015198231636569384 -0.0072890142797996278 0.0096176136966178126
leaf_weight=258.81665296852589 129.10429425537586 58.794697374105453 177.35747298598289 29.32586407661438 369.19042789936066 94.539072141051292
leaf_count=1083 563 252 750 125 1608 408
internal_value=0.00056805 0.00471482 -0.00173504 -0.00275337 -0.00387877 0.00182187
internal_weight=1117.13 494.969 236.152 622.16 592.834 223.643
internal_count=4789 2085 1002 2704 2579 971
is_linear=0
shrinkage=0.03


Tree=20
num_leaves=7
num_cat=0
split_feature=66 65 0 0 47 9
split_gain=18.5607 14.8393 11.7682 11.6104 11.5567 11.3973
threshold=0.98058244585990917 0.55372440814971935 0.028603400103747848 0.019298790954053405 0.16178750991821292 1290.5000000000002
decision_type=2 2 10 8 2 8
left_child=4 2 -2 -3 -1 -6
right_child=1 3 -4 -5 5 -7
leaf_value=0.0086170986581440619 -0.015720972524958205 -0.0074765602420752437 0.0013321583727563095 0.01100035169791623 -0.0036110603551194036 0.0041678476781229793
leaf_weight=168.84286756813526 141.12123949825764 49.843697279691696 46.036502569913864 53.195915177464485 353.10715571045876 307.94492262601852
leaf_count=716 619 219 199 230 1526 1294
internal_value=-0.000440955 -0.00684007 -0.0116715 0.00219173 0.00185148 2.07795e-05
internal_weight=1120.09 290.197 187.158 103.04 829.895 661.052
internal_count=4803 1267 818 449 3536 2820
is_linear=0
shrinkage=0.03


Tree=21
num_leaves=7
num_cat=0
split_feature=57 64 2 83 4 4
split_gain=21.3003 12.2179 9.73686 9.24746 7.06125 11.3724
threshold=0.0022840000456199054 45.565000534057624 0.53275001049041759 -0.0067333038896322242 -0.62151971459388722 -0.058123080059885972
decision_type=8 10 10 2 10 10
left_child=1 2 -1 -3 -2 -6
right_child=4 3 -4 -5 5 -7
leaf_value=-0.013766226307694881 0.0084992320510150973 0.0064865320151942822 0.0049573103203129189 -0.012835055352953777 -0.0035680882555446155 0.0044030216831812434
leaf_weight=22.089360326528549 134.78164510428905 19.042790368199348 103.53064356744289 185.70670937001705 263.84414222836494 382.41308426856995
leaf_count=98 568 81 452 814 1122 1633
internal_value=-0.000197275 -0.0064708 0.000892621 -0.0108197 0.0025046 0.00114392
internal_weight=1111.41 330.37 125.62 204.749 781.039 646.257
internal_count=4768 1445 550 895 3323 2755
is_linear=0
shrinkage=0.03


Tree=22
num_leaves=7
num_cat=0
split_feature=0 6 61 35 44 57
split_gain=15.5705 12.6826 9.82739 9.34957 9.05095 8.38278
threshold=0.017498900182545189 0.62619823217391979 -0.0093255001120269281 0.041629999876022346 -0.02013750001788139 0.0017685000202618542
decision_type=8 8 10 10 10 8
left_child=2 4 -1 -4 -2 -6
right_child=1 -3 3 -5 5 -7
leaf_value=0.0032004121885457104 0.0086603618312655565 0.011572094014292928 -0.019646173931225013 0.00078612071465189502 -0.006071683440744418 0.0006221276345463214
leaf_weight=34.277359366416931 81.966983988881111 79.400401890277863 68.990798145532608 26.056647703051567 223.98495724797249 594.98068936169147
leaf_count=150 347 334 305 115 979 2529
internal_value=-0.000531507 0.000794389 -0.00991795 -0.0145032 -0.000272073 -0.00125977
internal_weight=1109.66 980.333 129.325 95.0474 900.933 818.966
internal_count=4759 4189 570 420 3855 3508
is_linear=0
shrinkage=0.03


Tree=23
num_leaves=7
num_cat=0
split_feature=57 46 69 35 66 73
split_gain=11.3141 8.34899 9.33132 12.4507 10.6443 10.4836
threshold=0.0017685000202618542 -0.46294613182544703 -0.0039306972175836554 0.022770000621676448 0.01553403912112117 0.40370349586009985
decision_type=8 8 2 8 2 10
left_child=-1 -2 3 -3 -4 -6
right_child=1 2 4 -5 5 -7
leaf_value=-0.004627230777787511 0.0091098084886099967 0.0011049247449297862 0.0097331008778074306 -0.01575100253197426 -0.006337834883000556 0.0035872505387719703
leaf_weight=313.80865405499935 115.93222124874592 96.334629639983177 128.82452034950256 55.401596531271935 137.99330045282841 261.50268198549747
leaf_count=1377 492 411 540 236 594 1113
internal_value=0.000110213 0.00201213 0.000687676 -0.00564282 0.00257687 8.78911e-05
internal_weight=1109.8 795.989 680.057 151.736 528.321 399.496
internal_count=4763 3386 2894 647 2247 1707
is_linear=0
shrinkage=0.03


Tree=24
num_leaves=7
num_cat=0
split_feature=57 84 75 75 82 13
split_gain=16.7146 12.7326 12.1442 15.8129 10.904 9.93457
threshold=0.016710000112652782 0.1791355982422829 16.580000877380375 11.739999771118166 1.2394999861717226 0.87764999270439159
decision_type=8 2 10 10 10 8
left_child=1 2 3 -1 -3 -2
right_child=5 4 -4 -5 -6 -7
leaf_value=-0.005508910748081115 -0.0062709570347140942 -0.011449401750504871 -0.01312417114395116 0.014289273681001628 0.0025101709117910011 0.0044461286988375301
leaf_weight=55.348508611321449 80.094733655452728 204.91375847160816 27.224506810307503 76.448762327432632 61.638243079185486 611.57825973629951
leaf_count=240 338 909 117 330 269 2591
internal_value=0.000270196 -0.00434842 0.00228817 0.00617283 -0.00824731 0.00313342
internal_weight=1117.25 425.574 159.022 131.797 266.552 691.673
internal_count=4794 1865 687 570 1178 2929
is_linear=0
shrinkage=0.03


Tree=25
num_leaves=7
num_cat=0
split_feature=12 53 36 6 2 0
split_gain=11.9842 12.4981 9.97086 11.2996 11.7204 9.71053
threshold=0.51085001230239879 -0.0074717837851494542 0.076185002923011794 0.65093639492988598 1.0084999799728396 0.026699735783040527
decision_type=10 2 8 8 8 8
left_child=2 -2 -1 4 -4 -6
right_child=1 -3 3 -5 5 -7
leaf_value=0.012157402657172694 0.0027899784777793445 -0.006633744992720186 0.006850124637384076 0.012747731891959369 0.0071615868660022996 -0.0063349461184353849
leaf_weight=69.900028616189957 175.46305212378502 405.75268858671188 113.58714477717876 51.170373678207397 49.559672623872757 261.40986533463001
leaf_count=293 752 1787 483 214 208 1100
internal_value=-0.000823013 -0.00378975 0.00234856 0.000686694 -0.00102688 -0.00402787
internal_weight=1126.84 581.216 545.627 475.727 424.557 310.97
internal_count=4837 2539 2298 2005 1791 1308
is_linear=0
shrinkage=0.03


Tree=26
num_leaves=7
num_cat=0
split_feature=57 0 26 9 65 75
split_gain=12.5868 10.9781 13.8086 8.09839 9.44144 7.92646
threshold=0.017939999699592594 0.020670760422945026 -0.059155000373721116 28.500000000000004 0.53970262408256542 10.355000019073488
decision_type=8 10 10 10 2 8
left_child=1 2 -1 4 -3 -2
right_child=5 3 -4 -5 -6 -7
leaf_value=0.0082601471224565265 0.011745234278496018 -0.0022039524256926546 -0.013001931140360695 -0.0048687957524226142 0.013099740124967391 0.0014560195641602036
leaf_weight=26.177944630384445 66.361234739422798 71.077306300401688 146.47450159490108 137.83752126991749 59.274911999702454 612.84880147874355
leaf_count=116 281 308 655 599 258 2590
internal_value=6.8251e-05 -0.0038298 -0.00950239 3.23597e-05 0.0051926 0.00261714
internal_weight=1120.05 440.842 172.652 268.19 130.352 679.21
internal_count=4807 1936 771 1165 566 2871
is_linear=0
shrinkage=0.03


Tree=27
num_leaves=7
num_cat=0
split_feature=12 13 71 47 46 9
split_gain=13.8904 17.0559 11.8593 17.0907 11.8418 12.2592
threshold=0.51085001230239879 0.89994999766349804 0.99217218160629284 0.31622208654880529 -0.43824329972267145 40.500000000000007
decision_type=10 8 2 2 10 8
left_child=1 2 3 -1 -2 -6
right_child=4 -3 -4 -5 5 -7
leaf_value=0.0060918600247201931 0.003264522149462502 0.0059618588870445875 0.0081891884470576895 -0.019795436085755378 -0.010663181935551724 -0.00041379782274443197
leaf_weight=28.374458581209183 161.75612942874432 420.31549701094627 28.930756345391273 60.238130435347557 227.2176231443882 189.98058654367924
leaf_count=120 695 1765 122 256 1010 827
internal_value=-0.000287426 0.00315349 -0.00656884 -0.011729 -0.00348337 -0.00611483
internal_weight=1116.81 537.859 117.543 88.6126 578.954 417.198
internal_count=4795 2263 498 376 2532 1837
is_linear=0
shrinkage=0.03


Tree=28
num_leaves=7
num_cat=0
split_feature=2 15 42 21 45 69
split_gain=10.826 7.64831 7.95909 7.95645 8.01732 9.47027
threshold=0.57925000786781322 -0.024615000002086159 0.15711600333452228 -0.017249999567866322 -0.011087696067988871 -0.005037306807935237
decision_type=8 10 8 8 2 2
left_child=-1 3 -3 -2 -5 -6
right_child=1 2 -4 4 5 -7
leaf_value=-0.0073081896581213097 -0.0086307973105733717 0.0050401727226358235 -0.015323143201600881 0.0088955794707078553 -0.0060056654153812922 0.0029284502926677741
leaf_weight=141.16924656927586 49.59271627664566 20.921480551362038 37.636824011802673 146.25652393698692 120.04676295816898 594.18845756351948
leaf_count=622 213 91 163 618 517 2542
internal_value=0.000165303 0.00131803 -0.00837384 0.00202588 0.00273215 0.00136464
internal_weight=1109.81 968.643 58.5583 910.084 860.492 714.235
internal_count=4766 4144 254 3890 3677 3059
is_linear=0
shrinkage=0.03


Tree=29
num_leaves=7
num_cat=0
split_feature=57 3 26 60 82 82
split_gain=12.2158 8.90949 9.3946 8.10835 8.99046 6.99518
threshold=0.002739000017754734 0.16699092090129855 -0.07418500259518622 -0.10085000097751616 0.6590000092983247 1.0494999885559084
decision_type=8 2 10 8 8 10
left_child=1 -1 -3 -2 -5 -4
right_child=3 2 5 4 -6 -7
leaf_value=0.0098633693896791174 -0.0098009057444542851 0.0063856758420029044 -0.012730723735939585 0.0086377459494010739 0.00037556002956627856 -0.0028279136463903944
leaf_weight=22.29758657515049 46.535044074058533 34.592386901378632 159.57594257593155 137.40464709699154 610.32837672531605 114.7783986479044
leaf_count=96 196 152 709 578 2599 504
internal_value=-0.000842132 -0.00559239 -0.00698215 0.00118383 0.00198779 -0.00883295
internal_weight=1125.51 331.244 308.947 794.268 747.733 274.354
internal_count=4834 1461 1365 3373 3177 1213
is_linear=0
shrinkage=0.03


Tree=30
num_leaves=7
num_cat=0
split_feature=65 14 10 47 22 61
split_gain=9.48763 18.9642 14.5914 13.0943 12.9102 13.1278
threshold=0.52737292647361766 0.0091198789887130278 5.5000000000000009 0.15594600886106494 0.010280000045895578 0.05574500001966954
decision_type=2 2 2 2 10 10
left_child=1 -1 -2 -4 5 -3
right_child=2 4 3 -5 -6 -7
leaf_value=-0.0036768541890606493 -0.010302416989804036 0.012618733366002562 0.0075997199069566396 -0.0035959811245434782 -0.0050778033041589607 -0.0031543222408631209
leaf_weight=239.54621870815754 151.51270847022533 236.15931069850922 136.2694943100214 253.31119744479656 58.522491946816444 54.511616915464401
leaf_count=1005 670 986 583 1130 252 229
internal_value=0.000121082 0.00273448 -0.00272046 0.000412295 0.00711256 0.00965417
internal_weight=1129.83 588.74 541.093 389.581 349.193 290.671
internal_count=4855 2472 2383 1713 1467 1215
is_linear=0
shrinkage=0.03


Tree=31
num_leaves=7
num_cat=0
split_feature=2 45 9 22 81 36
split_gain=12.6464 12.961 17.4495 11.6239 14.9224 10.3432
threshold=0.53634998202323925 -0.011087696067988871 53.500000000000007 0.0027125000488013033 4.3698806762695321 0.13874999433755877
decision_type=8 2 8 8 8 10
left_child=-1 5 -3 -4 -5 -2
right_child=1 2 3 4 -6 -7
leaf_value=-0.0089535606136276393 0.01218369908259884 -0.0041287198543947827 0.009119309395833405 -0.0075928622233934527 0.0080103988314764972 -0.0047227209204682378
leaf_weight=98.529886022210121 147.11830446124077 413.61681862175465 216.86492913961411 114.70978371798992 88.983608365058899 35.30482043325901
leaf_count=436 620 1816 906 486 379 150
internal_value=0.000794969 0.00181782 0.000196464 0.00444735 -0.000720687 0.00883636
internal_weight=1115.13 1016.6 834.175 420.558 203.693 182.423
internal_count=4793 4357 3587 1771 865 770
is_linear=0
shrinkage=0.03


Tree=32
num_leaves=7
num_cat=0
split_feature=35 69 57 56 13 0
split_gain=11.1518 10.838 11.4136 8.76414 8.01532 9.78779
threshold=0.039004998281598098 -0.003455610945820808 0.023980000056326393 -0.018292900174856182 0.85455000400543224 0.021085742861032489
decision_type=8 2 8 2 8 10
left_child=3 -2 -3 -1 -5 -6
right_child=1 2 -4 4 5 -7
leaf_value=0.009839978218350167 -0.0030475833987160827 -0.0027772083984484272 0.014456894130100248 -0.012180825649770344 -0.0069860870993213829 0.00052875658472474195
leaf_weight=46.409142389893532 83.518516957759857 43.721194609999657 116.12356339395046 59.355393067002296 203.52214053273201 574.35197639465332
leaf_count=195 359 194 487 252 904 2454
internal_value=-7.32549e-05 0.00548286 0.009857 -0.0016477 -0.00239311 -0.00150113
internal_weight=1127 243.363 159.845 883.639 837.23 777.874
internal_count=4845 1040 681 3805 3610 3358
is_linear=0
shrinkage=0.03


Tree=33
num_leaves=7
num_cat=0
split_feature=0 35 2 28 57 22
split_gain=11.5622 9.5919 8.0385 9.74901 7.99816 7.56034
threshold=0.015927392058074478 0.041629999876022346 0.61409997940063488 -0.27319093048572535 0.0022840000456199054 -0.00714999996125698
decision_type=10 10 8 10 10 8
left_child=1 -1 4 -4 -2 -5
right_child=2 -3 3 5 -6 -7
leaf_value=-0.016691989201525089 -0.0096788231510115535 0.0053508169449866371 0.012090200474164153 -0.004279705059519379 0.0028782788019329226 0.0028500393702790361
leaf_weight=49.852309942245483 98.566694349050522 19.615754887461662 75.522494569420815 158.82012428343296 72.460539430379868 645.35835979878902
leaf_count=224 440 88 327 675 316 2748
internal_value=0.000464735 -0.0105777 0.00128763 0.00244945 -0.00449354 0.00140669
internal_weight=1120.2 69.4681 1050.73 879.701 171.027 804.178
internal_count=4818 312 4506 3750 756 3423
is_linear=0
shrinkage=0.03


Tree=34
num_leaves=7
num_cat=0
split_feature=2 12 53 21 35 13
split_gain=10.8102 10.3235 9.94717 9.78262 8.6066 7.90413
threshold=0.53634998202323925 0.66119998693466198 -0.010530116967856882 0.019129999913275245 -0.059149999171495431 0.86669999361038219
decision_type=8 10 2 10 10 8
left_child=-1 2 4 5 -2 -4
right_child=1 -3 3 -5 -6 -7
leaf_value=-0.0089284587327604897 -0.0031285854960208261 -0.012054398089207682 -0.0081749692905818371 -0.012581024317973729 0.012239297054247547 0.0020404424729558741
leaf_weight=99.988880962133408 39.666045129299164 42.19621068239212 65.330509006977081 40.014579117298126 115.55915924906731 719.85874801874161
leaf_count=445 167 189 278 172 485 3089
internal_value=1.26449e-05 0.000964874 0.00164126 0.000292354 0.00836054 0.00109837
internal_weight=1122.61 1022.63 980.429 825.204 155.225 785.189
internal_count=4825 4380 4191 3539 652 3367
is_linear=0
shrinkage=0.03


Tree=35
num_leaves=7
num_cat=0
split_feature=49 1 80 33 1 4
split_gain=10.7454 10.2589 9.32139 10.8797 8.66634 6.42728
threshold=-0.011354499962180851 0.33165000379085546 0.1690500006079674 0.00063434994081035267 0.36255000531673437 -0.5899096131324767
decision_type=10 10 10 2 10 8
left_child=4 -2 3 -3 -1 -4
right_child=1 2 5 -5 -6 -7
leaf_value=-0.0006957624929387051 0.0032299696011324516 -0.01944669678004924 0.0065385542806717803 0.00022283409874510572 0.013701626341744608 -0.0028379012624330326
leaf_weight=63.637883588671684 337.06126202642918 51.738728567957878 66.974376395344734 42.511622235178947 78.905744954943657 455.82004401087761
leaf_count=270 1439 233 284 190 333 1966
internal_value=0.000253335 -0.000919573 -0.00320163 -0.0114044 0.00764974 -0.00153652
internal_weight=1096.65 954.106 617.045 94.2504 142.544 522.794
internal_count=4715 4112 2673 423 603 2250
is_linear=0
shrinkage=0.03


Tree=36
num_leaves=7
num_cat=0
split_feature=65 10 25 22 4 76
split_gain=11.0718 11.43 10.4905 11.9262 12.3238 11.2043
threshold=0.47791281342506414 5.5000000000000009 -0.010394999757409094 0.0035835000453516845 0.46721327304840093 0.16770000010728839
decision_type=2 2 8 8 10 10
left_child=-1 -2 -3 5 -5 -4
right_child=1 2 3 4 -6 -7
leaf_value=0.0035732173712320261 -0.0090126538484677585 0.015403080270030251 0.0039690199842084004 0.010387358644762581 -0.0071221254641909417 -0.0097927020762791795
leaf_weight=558.04102391004562 154.62905706465244 27.929033845663071 72.257911816239357 107.60355001688004 43.988527029752731 153.50735822319984
leaf_count=2337 687 120 320 474 194 676
internal_value=0.000614026 -0.00234621 0.000353023 -0.00112975 0.00518019 -0.00540663
internal_weight=1117.96 559.915 405.286 377.357 151.592 225.765
internal_count=4808 2471 1784 1664 668 996
is_linear=0
shrinkage=0.03


Tree=37
num_leaves=7
num_cat=0
split_feature=12 33 61 64 25 9
split_gain=8.96264 8.26071 6.43909 6.2075 10.8757 8.92547
threshold=0.64065000414848339 0.0008997448894660921 -0.0093255001120269281 50.225000381469734 0.001105999981518835 25.500000000000004
decision_type=10 2 10 10 10 8
left_child=3 2 -2 5 -5 -1
right_child=1 -3 -4 4 -6 -7
leaf_value=0.010286680526898304 0.00071640191888279047 0.0032364669962964038 -0.019569843604511136 -0.0055924137983810289 0.003087469173628404 0.0012861822183475285
leaf_weight=123.31515693664551 18.588270425796509 34.278564020991325 40.405932143330574 238.83846791088581 262.51588188111782 401.4695780724287
leaf_count=537 83 153 182 1028 1128 1702
internal_value=0.000467254 -0.00796579 -0.0140005 0.00130327 -0.00107601 0.00355394
internal_weight=1119.41 93.2728 58.9942 1026.14 501.354 524.785
internal_count=4813 418 265 4395 2156 2239
is_linear=0
shrinkage=0.03


Tree=38
num_leaves=7
num_cat=0
split_feature=45 85 47 16 47 47
split_gain=7.68504 7.69404 8.98036 7.86175 7.77996 11.137
threshold=-0.024460219778120514 -2.250000034109689e-05 0.98058244585990917 0.15294999629259112 0.15594600886106494 0.68226176500320446
decision_type=2 8 2 10 2 2
left_child=-1 3 -3 4 -2 -6
right_child=1 2 -4 -5 5 -7
leaf_value=0.011705068670912429 0.0040208536381655417 0.0042400447467939922 -0.0073543356067000557 -0.010279228350397164 -0.005830584615003246 0.0070309179814344149
leaf_weight=38.553085193037987 171.20824964344501 383.54687702655792 61.603801921010017 90.904950886964798 316.55750805139542 65.492257758975029
leaf_count=160 729 1636 259 388 1399 277
internal_value=2.5065e-05 -0.00049103 0.00250919 -0.002571 -0.00114447 -0.00350272
internal_weight=1127.87 1089.31 445.151 644.163 553.258 382.05
internal_count=4848 4688 1895 2793 2405 1676
is_linear=0
shrinkage=0.03


Tree=39
num_leaves=7
num_cat=0
split_feature=2 42 67 71 85 12
split_gain=7.35976 8.45873 11.065 9.23219 13.7808 9.79558
threshold=0.53634998202323925 0.087274957448244109 0.29568913578987127 0.96649387478828441 9.749999662744814e-05 0.38199999928474432
decision_type=8 8 2 2 8 8
left_child=-1 -2 -3 5 -5 -4
right_child=1 2 3 4 -6 -7
leaf_value=-0.0071181392307163851 0.0067733992165770187 -0.0055475468067407727 0.0085675240660955439 -0.001246902428711784 0.0086501869036365968 -0.010473825291340904
leaf_weight=92.896158963441849 193.69400143623352 227.16796997189522 24.802018836140633 243.92448309063911 248.43559271097183 80.269600600004196
leaf_count=415 836 977 104 1052 1051 343
internal_value=0.000537971 0.00129885 -5.28447e-05 0.0020934 0.00381976 -0.0056252
internal_weight=1111.19 1018.29 824.6 597.432 492.36 105.072
internal_count=4778 4363 3527 2550 2103 447
is_linear=0
shrinkage=0.03


Tree=40
num_leaves=7
num_cat=0
split_feature=57 6 7 10 65 70
split_gain=11.6124 9.54673 9.34181 8.27708 13.8827 9.1538
threshold=0.0025005000643432145 0.13995885103940967 2.6599661111831669 3.5000000000000004 0.52539619803428661 0.004260238492861391
decision_type=8 10 2 2 2 2
left_child=2 -2 -1 4 -3 -5
right_child=1 3 -4 5 -6 -7
leaf_value=-0.0070480493307163248 0.0066140935186299104 0.013525513789007116 0.006957440853953274 -0.0007341155605057047 -0.0074785563985707588 -0.01354655208117822
leaf_weight=282.32272516191006 228.02084124088287 72.260377943515778 41.990780740976334 408.18503907322884 35.329844459891319 47.448482260107994
leaf_count=1257 970 299 183 1731 156 200
internal_value=-0.000387277 0.0015759 -0.00508081 -0.000543615 0.00657888 -0.00233064
internal_weight=1115.56 791.245 324.314 563.224 107.59 455.634
internal_count=4796 3356 1440 2386 455 1931
is_linear=0
shrinkage=0.03


Tree=41
num_leaves=7
num_cat=0
split_feature=9 52 33 12 23 50
split_gain=7.4575 10.2277 10.0709 11.9001 12.5623 8.54411
threshold=20.500000000000004 0.0062743911985307941 0.0011134009691886606 0.62115001678466808 -0.0070970000233501187 -0.0046945379581302396
decision_type=10 2 2 10 8 2
left_child=2 -2 3 4 -1 -4
right_child=1 -3 5 -5 -6 -7
leaf_value=0.021603681283622552 -0.0028282327666045333 0.0071972099926176187 0.0082663646218109326 -0.0085075866112820902 0.0054017854769254298 -0.005924006132183619
leaf_weight=49.41846427321434 559.47320114076138 99.344636604189873 43.658183962106705 30.73546490073204 199.03613057732582 124.71048258244991
leaf_count=209 2429 418 189 138 845 529
internal_value=0.000795584 -0.00123147 0.00374115 0.00714501 0.00933559 -0.00198728
internal_weight=1106.38 658.818 447.559 279.19 248.455 168.369
internal_count=4757 2847 1910 1192 1054 718
is_linear=0
shrinkage=0.03


Tree=42
num_leaves=7
num_cat=0
split_feature=44 66 25 35 14 35
split_gain=8.06457 8.17398 7.83059 9.87575 10.7417 23.9377
threshold=-0.010119500104337929 0.99611648917198192 -0.010394999757409094 0.040154999122023589 0.0089649772271513956 -0.0073560001328587523
decision_type=10 2 8 10 2 8
left_child=-1 2 -2 4 5 -4
right_child=1 -3 3 -5 -6 -7
leaf_value=0.0047334912287959078 0.0094857899640927428 -0.012447525691053613 0.006072539689988019 0.0056513438407375461 -0.00018145854653661911 -0.014019888529359271
leaf_weight=220.34754219651222 52.020830363035202 48.083842113614082 69.777672410011292 131.25477722287178 421.702756986022 166.22978428006172
leaf_count=931 223 215 302 567 1813 720
internal_value=-0.00027752 -0.00155829 -0.000796734 -0.00158496 -0.00309207 -0.00807402
internal_weight=1109.42 889.07 840.986 788.965 657.71 236.007
internal_count=4771 3840 3625 3402 2835 1022
is_linear=0
shrinkage=0.03


Tree=43
num_leaves=7
num_cat=0
split_feature=25 64 47 50 47 16
split_gain=9.02288 9.59667 9.07117 13.0783 12.2859 9.12961
threshold=-0.010394999757409094 48.635000228881843 0.75098839402198803 0.019844507798552517 0.15594600886106494 0.036684999242424972
decision_type=8 10 2 2 2 8
left_child=1 -1 4 -4 5 -2
right_child=2 -3 3 -5 -6 -7
leaf_value=0.021081839692138008 -0.0025986602203763353 0.00041625984565905904 0.0080494855933037207 -0.0055074336367127432 -0.0053210816810890784 0.0083742199946405024
leaf_weight=25.126447692513466 138.17780558764935 48.645171493291855 180.68343952298164 87.957379698753357 525.26260490715504 118.35679163038731
leaf_count=106 588 208 758 370 2303 500
internal_value=-0.000350905 0.00913128 -0.00109666 0.00357238 -0.00272589 0.00258812
internal_weight=1124.21 73.7716 1050.44 268.641 781.797 256.535
internal_count=4833 314 4519 1128 3391 1088
is_linear=0
shrinkage=0.03


Tree=44
num_leaves=7
num_cat=0
split_feature=57 7 82 78 65 13
split_gain=7.03727 8.63216 9.31938 11.2448 6.84561 6.49897
threshold=0.0022840000456199054 2.6599661111831669 1.0494999885559084 0.27766712009906774 0.54677805304527294 0.87764999270439159
decision_type=8 2 10 10 2 10
left_child=1 2 4 -4 -1 -2
right_child=5 -3 3 -5 -6 -7
leaf_value=-0.014463795375326554 -0.0028592233508626047 0.0079175799050907186 0.0099742530316480442 -0.0075170543877911989 -0.001925589689741596 0.003137974022884649
leaf_weight=101.7857757806778 217.46762081980705 40.444707304239273 54.12559711933136 58.457192704081535 65.687021300196648 567.79084931313992
leaf_count=456 910 176 241 256 297 2421
internal_value=-6.76385e-05 -0.00374638 -0.00564575 0.00101979 -0.0099316 0.00146206
internal_weight=1105.76 320.5 280.056 112.583 167.473 785.258
internal_count=4757 1426 1250 497 753 3331
is_linear=0
shrinkage=0.03


Tree=45
num_leaves=7
num_cat=0
split_feature=12 22 22 9 0 83
split_gain=8.02886 12.7196 16.1012 12.2701 11.2332 10.3083
threshold=0.51085001230239879 0.0027125000488013033 -0.00714999996125698 62.500000000000007 0.037004696205258376 -0.0027859774418175216
decision_type=8 10 10 8 10 2
left_child=1 2 -1 -4 -3 -2
right_child=5 4 3 -5 -6 -7
leaf_value=-0.0017495709667835627 0.0028241857261763815 0.0038522434925313594 0.0017478200121222255 0.019585629782384716 -0.010925623958863526 -0.0045364939040719787
leaf_weight=98.004224047064781 267.77868917584419 95.891084149479866 55.119738668203354 94.547450751066208 73.336916148662567 440.2604286968708
leaf_count=410 1152 406 233 389 314 1935
internal_value=0.000186609 0.00344319 0.00765504 0.0135372 -0.00280419 -0.00175214
internal_weight=1124.94 416.899 247.671 149.667 169.228 708.039
internal_count=4839 1752 1032 622 720 3087
is_linear=0
shrinkage=0.03


Tree=46
num_leaves=7
num_cat=0
split_feature=12 76 47 80 61 14
split_gain=9.5705 9.83524 10.519 9.28209 8.42353 8.35269
threshold=0.63975000381469738 0.15675000101327899 0.34246605634689337 0.1690500006079674 -0.0093255001120269281 0.0082698212936520594
decision_type=10 8 2 8 10 2
left_child=1 2 -1 -3 -2 -4
right_child=4 3 5 -5 -6 -7
leaf_value=0.011896748675538214 0.0035191661568740409 -0.011697650642987056 -0.0091387756902073045 -0.00028083399527597657 -0.014625802160107781 0.0052313270081750509
leaf_weight=110.78519020974636 28.578625738620758 60.442455887794495 48.986592799425125 717.05688405036926 64.275484755635262 85.114400923252106
leaf_count=476 128 270 208 3064 292 361
internal_value=-0.000518385 0.000355746 0.00547484 -0.00130564 -0.00924196 -0.000287928
internal_weight=1115.24 1022.39 244.886 777.499 92.8541 134.101
internal_count=4799 4379 1045 3334 420 569
is_linear=0
shrinkage=0.03


Tree=47
num_leaves=7
num_cat=0
split_feature=25 9 44 65 22 14
split_gain=9.87653 10.5029 12.982 13.3844 10.4374 13.3249
threshold=-0.010394999757409094 1290.5000000000002 -0.011633499991148709 0.55257290601730358 0.0091174999251961725 0.0078060682862997064
decision_type=10 8 10 2 10 2
left_child=-1 2 -2 -4 5 -3
right_child=1 4 3 -5 -6 -7
leaf_value=0.0069604265808256433 0.005008963682395653 -0.010619231562652902 -0.0077182366005400325 0.0038787949539154983 -0.0071700290549881647 0.0084946267537230908
leaf_weight=136.38592970371246 123.61185498535633 29.626994267106056 441.39641633629799 105.14421686530113 61.283706992864609 216.84352286159992
leaf_count=574 524 123 1949 470 262 896
internal_value=-0.000315008 -0.00138988 -0.00348173 -0.00545758 0.00313147 0.00587258
internal_weight=1114.29 977.907 670.152 546.541 307.754 246.471
internal_count=4798 4224 2943 2419 1281 1019
is_linear=0
shrinkage=0.03


Tree=48
num_leaves=7
num_cat=0
split_feature=4 59 12 63 78 48
split_gain=8.28979 10.2913 8.41777 8.08422 6.91898 10.0525
threshold=-0.77760362625122059 -0.031359791755676263 0.67114999890327465 0.047265000641345985 0.34252096712589269 -0.0013434999855235217
decision_type=10 10 10 8 10 8
left_child=3 -2 4 -1 5 -3
right_child=1 2 -4 -5 -6 -7
leaf_value=0.00033154946367081441 -0.01606261804411151 0.0064155528802094285 -0.013791378309887943 0.019238642683726596 0.002593172225866287 -0.0048842996282150363
leaf_weight=43.645680114626884 27.464664503931999 81.061044573783875 28.585755750536919 28.733168944716454 571.67471034824848 319.21814812719822
leaf_count=184 116 351 130 120 2429 1409
internal_value=0.000102323 -0.000625568 -4.70651e-05 0.0092616 0.000493495 -0.00249536
internal_weight=1100.38 1028 1000.54 72.3788 971.954 400.279
internal_count=4739 4435 4319 304 4189 1760
is_linear=0
shrinkage=0.03


Tree=49
num_leaves=7
num_cat=0
split_feature=57 38 33 68 3 49
split_gain=10.0396 13.115 8.34844 8.29092 8.09746 7.61616
threshold=0.016710000112652782 -9.6499999926891164e-05 0.0079362930264323967 7.9455643572146087e-05 0.67973071336746227 -0.0041225000750273457
decision_type=8 10 2 2 2 8
left_child=1 3 -2 5 -3 -1
right_child=2 4 -4 -5 -6 -7
leaf_value=0.0068896265834681326 0.003611500102537931 -0.0084434587050750045 -0.010763213438054567 0.0093456021899037556 0.0087549629690063559 -0.010968735006894126
leaf_weight=28.180084109306335 654.86111536622047 246.98245888948441 28.902068257331848 89.266998544335365 19.182127073407173 41.298100173473358
leaf_count=121 2763 1108 123 392 85 185
internal_value=0.00062233 -0.00295751 0.00285751 0.00372207 -0.00693185 -0.00376995
internal_weight=1108.67 424.91 683.763 158.745 266.165 69.4782
internal_count=4777 1891 2886 698 1193 306
is_linear=0
shrinkage=0.03


Tree=50
num_leaves=7
num_cat=0
split_feature=4 67 49 45 50 21
split_gain=7.9468 10.1906 7.70657 8.44748 17.969 8.55676
threshold=-0.62151971459388722 0.17944964766502383 -0.012044500093907116 0.0060911830514669427 0.019844507798552517 0.016530000604689125
decision_type=10 2 8 2 2 8
left_child=-1 -2 -3 5 -5 -4
right_child=1 2 3 4 -6 -7
leaf_value=0.0050591524924174418 0.00490796617145591 0.0072619654861760547 -0.0070937141041300944 0.0096578941650169829 -0.0082286157487306728 0.0038573431755316548
leaf_weight=175.19321942329407 162.99193395674229 50.706257924437523 492.56745328009129 101.08380970358849 83.01161502301693 67.186784639954567
leaf_count=739 705 213 2159 424 350 287
internal_value=-0.000641483 -0.00172598 -0.00313093 -0.00392632 0.00158416 -0.00573464
internal_weight=1132.74 957.548 794.556 743.85 184.095 559.754
internal_count=4877 4138 3433 3220 774 2446
is_linear=0
shrinkage=0.03


Tree=51
num_leaves=7
num_cat=0
split_feature=65 50 51 22 81 22
split_gain=9.36986 8.6527 13.1859 8.54897 6.85364 6.40066
threshold=0.43867300450801855 0.024311613291502002 0.82681182026863109 0.0021130000241100792 2.8097465038299565 -0.0077360002323985091
decision_type=2 2 10 8 10 10
left_child=3 2 5 -1 -3 -2
right_child=1 4 -4 -5 -6 -7
leaf_value=0.014370826750010753 -0.0066901872268003409 0.0027131238244351998 0.0072410257350539993 -0.00056983534139686963 -0.016710669857558258 -0.00050374783356078173
leaf_weight=60.321231499314308 193.45384414494038 19.820081427693367 154.15753266215324 66.167810335755348 44.348032832145691 585.74949103593826
leaf_count=249 834 84 654 278 188 2556
internal_value=-0.00029338 -0.00129016 -0.000500957 0.00708607 -0.0111542 -0.00210497
internal_weight=1124.02 997.529 933.361 126.489 64.1681 779.203
internal_count=4843 4316 4044 527 272 3390
is_linear=0
shrinkage=0.03


Tree=52
num_leaves=7
num_cat=0
split_feature=9 0 66 68 71 25
split_gain=9.90554 10.9615 8.97163 8.71304 8.5726 8.56304
threshold=24.500000000000004 0.020670760422945026 0.98446595668792736 0.0042248882818967113 0.99611648917198192 -0.010394999757409094
decision_type=10 10 2 2 2 8
left_child=1 2 -1 -3 5 -2
right_child=4 3 -4 -5 -6 -7
leaf_value=0.0018917966123463965 0.010892217141870586 0.0071237237520648767 -0.015217144327628711 -0.0040778137985362211 -0.013831088100066474 -0.002627079551896532
leaf_weight=58.943053260445595 35.925041913986206 328.81022927165031 38.863076373934746 69.711899057030678 47.155395716428757 526.14017467200756
leaf_count=261 153 1392 178 296 208 2277
internal_value=-0.000200232 0.00291394 -0.00568734 0.00511243 -0.00274341 -0.00158768
internal_weight=1105.55 496.328 97.8061 398.522 609.221 562.065
internal_count=4765 2127 439 1688 2638 2430
is_linear=0
shrinkage=0.03


Tree=53
num_leaves=7
num_cat=0
split_feature=76 47 81 0 67 69
split_gain=8.27941 8.75205 9.08418 8.33004 8.79121 12.103
threshold=0.15675000101327899 0.30040785670280462 3.0650024414062504 0.022793657146394256 0.10912698507308961 -0.0020880918018519874
decision_type=10 2 10 10 2 2
left_child=1 2 -1 4 -2 -6
right_child=3 -3 -4 -5 5 -7
leaf_value=-0.0068554852025112635 0.0066099057485642827 -0.0010423482539301903 0.010996448056048228 -0.00055464251821137197 -0.017127234322173935 -0.0016945453163776587
leaf_weight=24.135227411985397 26.954036995768547 222.33122915029526 132.85182057321072 530.19737032055855 89.645057767629623 89.040030539035797
leaf_count=104 119 949 574 2258 404 398
internal_value=-0.000742251 0.00281178 0.00800571 -0.00258746 -0.0075599 -0.00993439
internal_weight=1115.15 379.318 156.987 735.836 205.639 178.685
internal_count=4806 1627 678 3179 921 802
is_linear=0
shrinkage=0.03


Tree=54
num_leaves=7
num_cat=0
split_feature=0 28 28 69 69 15
split_gain=7.71361 8.37957 9.82505 8.23646 10.8165 8.97789
threshold=0.016888771206140522 -0.26722162961959833 -0.45429860055446619 -0.005037306807935237 -0.0074628314469009629 -0.019195000641047951
decision_type=8 10 10 2 2 10
left_child=-1 2 -2 4 -3 -5
right_child=1 3 -4 5 -6 -7
leaf_value=-0.0065910763990596113 -0.0011527336379378167 0.0029947669929305636 0.017169048162645178 0.0029551859367092648 -0.010275798714489044 -0.011845172744472963
leaf_weight=104.91763347387314 43.285249546170235 93.146695077419281 52.89430145919323 691.81276753544807 114.2196924239397 29.176655068993568
leaf_count=478 187 396 232 2957 493 128
internal_value=0.000792799 0.00160535 0.00959141 0.000684577 -0.00445127 0.0022024
internal_weight=1129.45 1024.54 96.1796 928.356 207.366 720.989
internal_count=4871 4393 419 3974 889 3085
is_linear=0
shrinkage=0.03


Tree=55
num_leaves=7
num_cat=0
split_feature=9 14 10 9 14 80
split_gain=8.14542 9.40578 10.2392 8.97923 7.87746 9.29286
threshold=20.500000000000004 0.0089649772271513956 6.5000000000000009 38.500000000000007 0.010635025333613159 0.29774999618530279
decision_type=10 2 2 10 2 8
left_child=1 -1 -3 -2 -4 -6
right_child=3 2 4 -5 5 -7
leaf_value=-0.0023409430543999601 -0.0068680603286792518 0.014563678439770224 0.0073582864920388787 0.00056299864740657528 -0.01330930745594593 0.0045784399771027834
leaf_weight=160.88497315347195 202.73753203451633 87.38510625064373 118.80610682070255 464.67094242572784 39.171006634831429 47.919406935572624
leaf_count=686 900 372 509 1996 169 202
internal_value=0.000338412 0.00339704 0.00651812 -0.00176239 0.00258708 -0.00400917
internal_weight=1121.58 454.167 293.282 667.408 205.897 87.0904
internal_count=4834 1938 1252 2896 880 371
is_linear=0
shrinkage=0.03


Tree=56
num_leaves=7
num_cat=0
split_feature=42 0 65 33 66 0
split_gain=7.12843 6.97894 6.99114 11.8036 11.0898 8.47264
threshold=0.93295893073081981 0.012818097602576019 0.55257290601730358 0.00073049915954470645 0.98834946751594555 0.022531394846737388
decision_type=10 8 2 2 2 10
left_child=1 -1 4 -4 -3 -6
right_child=-2 2 3 -5 5 -7
leaf_value=-0.015973498658061351 -0.011394132089039914 0.00045635416312872376 -0.0021143336965756955 0.014776656984165222 -0.018138811302260915 -0.00077227191966474957
leaf_weight=14.38443338871002 42.853288769721985 824.5737929046154 70.49691067636013 64.069458559155464 44.255288764834404 49.090623840689659
leaf_count=67 180 3522 313 282 203 215
internal_value=-0.000639729 -0.000105957 0.000259206 0.00639361 -0.000699305 -0.00996421
internal_weight=1109.72 1066.87 1052.49 134.566 917.92 93.3459
internal_count=4782 4602 4535 595 3940 418
is_linear=0
shrinkage=0.03


Tree=57
num_leaves=7
num_cat=0
split_feature=2 64 4 28 28 4
split_gain=9.46362 7.88756 7.7764 7.59125 20.437 8.66349
threshold=0.53634998202323925 58.164999008178718 -0.49077719449996943 -0.38804972171783442 -0.27319093048572535 -0.1558558568358421
decision_type=8 8 10 10 10 10
left_child=-1 3 -3 -2 -5 -6
right_child=1 2 -4 4 5 -7
leaf_value=-0.0079285945890740072 -0.008328161668491648 0.0069894030319793167 -0.0042416407572576833 0.024630377554467783 -0.00099554733347289627 0.006151856465371806
leaf_weight=96.630467280745506 37.717304691672325 58.869170427322388 285.48308846354485 31.290669307112694 290.18974477052689 306.44097976386547
leaf_count=436 165 247 1226 137 1234 1323
internal_value=0.000582154 0.00146616 -0.00217856 0.00335602 0.0041774 0.00271639
internal_weight=1106.62 1009.99 344.352 665.639 627.921 596.631
internal_count=4768 4332 1473 2859 2694 2557
is_linear=0
shrinkage=0.03


Tree=58
num_leaves=7
num_cat=0
split_feature=47 25 5 5 85 25
split_gain=6.74291 9.85422 9.07989 8.90385 8.19964 7.81377
threshold=0.75098839402198803 -0.0046724998392164699 0.35112579166889196 0.05460066348314286 -0.0021560000022873278 0.0092889997176826018
decision_type=2 10 10 8 10 8
left_child=3 -2 -3 4 -1 -5
right_child=1 2 -4 5 -6 -7
leaf_value=0.0050341151444886663 -0.0046349750349427375 0.0098886284236392747 -0.0057034459826001147 0.0011433789222076429 -0.014796354120433052 -0.0065879180475713365
leaf_weight=19.503944888710976 81.725079610943794 173.68965767323971 34.219870135188103 606.32510851323605 64.462885305285454 135.43799960613251
leaf_count=83 342 727 146 2645 282 584
internal_value=-6.00728e-05 0.0038016 0.00717836 -0.00144388 -0.0101446 -0.000337128
internal_weight=1115.36 289.635 207.91 825.73 83.9668 741.763
internal_count=4809 1215 873 3594 365 3229
is_linear=0
shrinkage=0.03


Tree=59
num_leaves=7
num_cat=0
split_feature=12 76 43 17 76 51
split_gain=8.59203 5.53547 10.6689 10.8406 13.5898 7.5638
threshold=0.67114999890327465 0.15675000101327899 0.92799884080886852 -0.033700000494718545 0.062500001862645163 0.54252904653549205
decision_type=10 8 10 10 10 10
left_child=1 2 3 5 -5 -1
right_child=-2 -3 -4 4 -6 -7
leaf_value=-0.012914583518479992 -0.013676600486540624 -0.00094876833985472445 -0.01370716588991076 0.0028787142944862107 0.018903417042198271 0.0057327161744824611
leaf_weight=33.707139328122139 30.839805796742439 795.5070773512125 18.971086993813515 136.02651247382164 67.247470244765282 27.504515826702118
leaf_count=144 142 3423 80 590 289 116
internal_value=-0.000168554 0.000339591 0.00386442 0.00557826 0.00881781 -0.0049073
internal_weight=1109.8 1078.96 283.457 264.486 203.274 61.2117
internal_count=4784 4642 1219 1139 879 260
is_linear=0
shrinkage=0.03


Tree=60
num_leaves=7
num_cat=0
split_feature=28 25 65 66 33 27
split_gain=6.58837 9.79705 8.25805 10.6495 9.45583 7.29457
threshold=-0.26722162961959833 -0.0048314998857676974 0.5542764961719514 0.9883040487766267 0.00067760323872789751 -0.0018951252568513153
decision_type=8 10 2 2 2 2
left_child=1 -1 3 5 -4 -2
right_child=2 -3 4 -5 -6 -7
leaf_value=-0.0084881624636301868 -0.0066738679093566473 0.011401917851907847 -0.0015612346302781464 -0.010077745499369834 0.015521395590673007 0.0012351850851612773
leaf_weight=20.800129726529121 113.4533566236496 89.434709116816521 52.793549850583076 95.70595820248127 50.881751030683517 690.35408459603786
leaf_count=91 491 393 235 430 223 2935
internal_value=0.000618753 0.00725505 -0.000174881 -0.00112601 0.00745047 5.05716e-05
internal_weight=1113.42 110.235 1003.19 899.513 103.675 803.807
internal_count=4798 484 4314 3856 458 3426
is_linear=0
shrinkage=0.03


Tree=61
num_leaves=7
num_cat=0
split_feature=71 14 72 13 35 45
split_gain=9.22672 7.42842 11.0626 14.7121 11.1506 10.9645
threshold=0.99611648917198192 0.0089221834205091017 2.5000000000000004 0.8928000032901765 -0.026789999566972252 0.0077682575210928926
decision_type=2 2 2 8 10 2
left_child=1 -1 -3 -4 5 -5
right_child=-2 2 3 4 -6 -7
leaf_value=-0.0021513467530917397 -0.0089210795652786487 0.012166539429575986 -0.010937728259584245 -0.0056824135150864716 0.0069011823944848333 0.0098292031953337161
leaf_weight=386.39720590412617 79.521963328123093 91.520971134305 66.329237625002861 162.63218227028847 290.12320102751255 44.086444497108459
leaf_count=1671 352 386 282 702 1255 185
internal_value=0.000327906 0.00111253 0.00304224 0.00137306 0.00319994 -0.00207338
internal_weight=1120.61 1041.09 654.692 563.171 496.842 206.719
internal_count=4833 4481 2810 2424 2142 887
is_linear=0
shrinkage=0.03


Tree=62
num_leaves=7
num_cat=0
split_feature=23 66 28 27 50 21
split_gain=8.33446 8.70589 8.73676 7.11226 7.73424 6.63686
threshold=-0.024384999647736546 0.99611648917198192 -0.27319093048572535 -0.0021307369461283083 -0.01224880153313279 -0.0028989999555051322
decision_type=8 2 8 2 2 8
left_child=-1 2 -2 4 -4 -5
right_child=1 -3 3 5 -6 -7
leaf_value=-0.0089889213656121382 0.010602860209649591 -0.0086765836210482249 -0.015053091712937712 -0.0011640251193658225 -8.4534780548652501e-05 0.0045458262634477152
leaf_weight=62.226948007941246 91.54339374601841 60.427251726388931 35.711777791380882 287.64603437483311 97.32800430059433 478.68169562518597
leaf_count=271 399 271 154 1233 427 2040
internal_value=0.000884825 0.00154842 0.00225242 0.00129521 -0.004874 0.00241521
internal_weight=1113.57 1051.34 990.911 899.368 133.04 766.328
internal_count=4795 4524 4253 3854 581 3273
is_linear=0
shrinkage=0.03


Tree=63
num_leaves=7
num_cat=0
split_feature=79 4 69 2 55 16
split_gain=8.33773 7.11899 8.67513 9.2131 10.3122 6.85209
threshold=0.15301851183176043 -0.62151971459388722 -0.0048458890523761502 0.93900001049041759 -0.00033111681113950903 -0.021855000406503674
decision_type=8 10 2 8 2 10
left_child=-1 2 5 -4 -5 -2
right_child=1 -3 3 4 -6 -7
leaf_value=-0.014664597299384978 -0.015227316204392707 -0.00063020597367539444 0.018610770463495296 -0.012696116344445164 0.0085337949997073403 0.005721056710229825
leaf_weight=23.981751844286919 18.787150472402573 919.05618351697922 48.513755738735199 19.340287446975708 60.548085063695908 19.747321888804436
leaf_count=103 80 3976 208 81 251 84
internal_value=-2.98838e-05 0.000424145 0.00593634 0.00952674 0.00255356 -0.00552525
internal_weight=1109.97 1085.99 166.937 128.402 79.8884 38.5345
internal_count=4783 4680 704 540 332 164
is_linear=0
shrinkage=0.03


Tree=64
num_leaves=7
num_cat=0
split_feature=66 53 13 45 49 36
split_gain=8.27077 7.43768 7.09522 7.24376 10.6081 8.49355
threshold=0.98434436321258556 -0.0042457240633666507 0.86669999361038219 0.0077682575210928926 0.016601500101387504 0.076159998774528517
decision_type=2 2 8 2 10 8
left_child=2 -2 -1 5 -5 -4
right_child=1 -3 3 4 -6 -7
leaf_value=-0.0073137532028698122 -0.0015560475399701678 -0.012267752007060732 0.0077535019545373618 0.010656870295276313 -0.0054672051355224042 -0.0016791342941555739
leaf_weight=82.519891247153282 160.8977385610342 84.756489992141724 92.933149635791779 132.58547896146774 42.445210456848145 509.68498010933399
leaf_count=350 707 389 400 553 178 2189
internal_value=-0.000848507 -0.00558713 0.000553444 0.00147053 0.0066626 -0.000121656
internal_weight=1105.82 245.654 860.169 777.649 175.031 602.618
internal_count=4766 1096 3670 3320 731 2589
is_linear=0
shrinkage=0.03


Tree=65
num_leaves=7
num_cat=0
split_feature=76 76 6 53 69 35
split_gain=6.57585 7.78174 9.52496 9.2859 7.28174 7.27329
threshold=0.15675000101327899 0.049604998901486404 0.14495447278022769 -0.0040390631183981887 -0.002553862519562244 0.03865999914705754
decision_type=8 10 8 2 2 10
left_child=1 2 -1 -3 -5 -4
right_child=-2 3 5 4 -6 -7
leaf_value=0.0086229526121166435 -0.0016571125071245707 0.016608760852079386 -0.0092802750215690774 -0.0097388477837305875 0.0071978990216188315 0.0082622913119912295
leaf_weight=51.79221111536026 800.10594826936722 58.060566157102585 91.570832654833794 25.385238692164421 54.938008055090904 18.586151927709579
leaf_count=224 3450 248 399 110 235 80
internal_value=-0.000236678 0.00347891 -0.00100952 0.00844572 0.00135963 -0.00587913
internal_weight=1100.44 300.333 161.949 138.384 80.3232 110.157
internal_count=4746 1296 703 593 345 479
is_linear=0
shrinkage=0.03


Tree=66
num_leaves=7
num_cat=0
split_feature=2 2 80 36 69 67
split_gain=7.04234 7.17894 12.0497 12.0014 10.684 13.4945
threshold=0.54580000042915355 0.90860000252723705 0.40084999799728399 0.073164999485015883 -0.0020094409119337793 0.16807910054922107
decision_type=8 8 10 8 2 2
left_child=-1 2 4 -3 5 -2
right_child=1 3 -4 -5 -6 -7
leaf_value=-0.0071928718868954659 0.006569257791922997 0.010473868922805831 0.017911861828412937 -0.0029023315345954419 0.0069253121179446682 -0.0085289258949541712
leaf_weight=101.16409456729889 77.687197089195251 58.222693845629692 37.748636275529861 522.66444671154022 184.93256494402885 127.90223251283169
leaf_count=458 338 244 159 2209 809 568
internal_value=-2.31047e-05 0.000759161 0.00366239 -0.00140706 0.00187218 -0.00278362
internal_weight=1110.32 1009.16 428.271 580.887 390.522 205.589
internal_count=4785 4327 1874 2453 1715 906
is_linear=0
shrinkage=0.03


Tree=67
num_leaves=7
num_cat=0
split_feature=25 15 25 65 28 2
split_gain=10.5935 14.306 9.29748 8.75113 10.3374 9.11783
threshold=-0.010394999757409094 -0.21935000270605085 -0.0048314998857676974 0.44078741967678076 -0.27319093048572535 1.188499987125397
decision_type=8 10 8 2 8 10
left_child=1 -1 -2 5 -5 -4
right_child=2 -3 3 4 -6 -7
leaf_value=0.026859048294383008 -0.0090215658871110656 0.00098367117657879562 0.015206385468897981 0.0081124991636905286 -0.0019972806908573155 -0.00060594244301369175
leaf_weight=20.607618942856789 95.390908822417259 53.899750232696533 57.902834430336952 93.862839430570602 730.23298241198063 62.099372446537018
leaf_count=86 417 231 240 411 3161 258
internal_value=0.000255481 0.0104718 -0.000569599 0.000369986 -0.000762341 0.00760655
internal_weight=1114 74.5074 1039.49 944.098 824.096 120.002
internal_count=4804 317 4487 4070 3572 498
is_linear=0
shrinkage=0.03


Tree=68
num_leaves=7
num_cat=0
split_feature=13 44 12 68 83 36
split_gain=6.94301 13.9413 7.39881 12.2702 9.96215 8.02641
threshold=0.87474998831748974 -0.0043019999284297219 0.50365000963211071 0.0059289981145411738 -0.0027859774418175216 0.13270000368356707
decision_type=8 8 8 2 2 10
left_child=1 -1 3 -2 -4 -6
right_child=2 -3 4 -5 5 -7
leaf_value=0.0079073563193652174 0.0060185078455830179 -0.014504872258692082 0.0028679262358436682 -0.012313817322294408 -0.0061814569977449605 0.0039543673690119558
leaf_weight=28.790945142507553 275.3916858881712 69.749045059084892 277.68058530986309 27.725825026631355 358.73939478397369 79.57842156291008
leaf_count=121 1148 298 1195 119 1588 350
internal_value=-0.000618102 -0.00783136 0.00014868 0.00400196 -0.00151526 -0.0042941
internal_weight=1117.66 98.54 1019.12 303.118 715.998 438.318
internal_count=4819 419 4400 1267 3133 1938
is_linear=0
shrinkage=0.03


Tree=69
num_leaves=7
num_cat=0
split_feature=78 1 23 23 0 33
split_gain=6.54496 6.6439 9.78985 6.12825 5.74686 8.29401
threshold=0.03118920233100653 0.89959999918937694 0.0085154999978840368 -0.0044525000266730777 0.017498900182545189 0.00061600707704201352
decision_type=8 10 10 10 8 2
left_child=-1 4 3 -3 5 -2
right_child=1 2 -4 -5 -6 -7
leaf_value=-0.0089168064129343527 -0.011350935370632823 -0.0065730863131982838 -0.013922656962763355 0.0074406375759556191 0.0026959650605533525 0.0043872178402959957
leaf_weight=55.70976248383522 57.500916182994843 41.468674317002296 53.868421882390976 52.139226362109184 795.39956919848919 46.961155831813812
leaf_count=246 265 179 234 225 3397 213
internal_value=0.00027307 0.000841605 -0.00485896 0.00119728 0.00181899 -0.00451064
internal_weight=1103.05 1047.34 147.476 93.6079 899.862 104.462
internal_count=4759 4513 638 404 3875 478
is_linear=0
shrinkage=0.03


Tree=70
num_leaves=7
num_cat=0
split_feature=0 71 69 23 23 7
split_gain=7.30453 6.97017 7.65759 7.63186 15.151 8.41842
threshold=0.014887144789099695 0.99611648917198192 -0.0018308401340618727 -0.025070000439882275 -0.010360000189393757 0.79769328236579906
decision_type=10 2 2 8 8 2
left_child=-1 3 -3 -2 -5 -6
right_child=1 2 -4 4 5 -7
leaf_value=-0.010746466458508467 -0.0087006399291954355 -0.014802702948785294 0.0026119731642236339 0.011084265530816617 0.0096329663070488913 -0.00067420245632495617
leaf_weight=44.547564998269081 55.586204648017883 43.189372435212135 35.165649369359016 127.85125094652176 68.872046887874603 735.5535050034523
leaf_count=207 242 194 155 545 294 3158
internal_value=-3.66829e-05 0.000506478 -0.00757597 0.00121706 0.00189445 0.000315704
internal_weight=1110.77 1066.22 78.355 987.863 932.277 804.426
internal_count=4795 4588 349 4239 3997 3452
is_linear=0
shrinkage=0.03


Tree=71
num_leaves=7
num_cat=0
split_feature=83 69 67 78 2 66
split_gain=9.91801 8.38622 9.38591 10.4024 7.67942 7.09972
threshold=-0.0068293760996311894 -0.0039306972175836554 0.18425925821065905 0.92293387651443493 0.97714999318122875 0.023301058448851112
decision_type=2 2 2 10 10 2
left_child=4 2 -2 -4 -1 -3
right_child=1 5 3 -5 -6 -7
leaf_value=0.015519676210202525 0.00030211354856736358 0.0055184468758918631 -0.013503997361747648 0.0072715161636448524 -0.00018015770344034082 -0.00096460875267782701
leaf_weight=52.835443958640099 146.48464241623878 202.5418626666069 121.16195701062679 19.398156195878983 50.226915657520294 526.25606265664101
leaf_count=221 637 841 532 82 210 2304
internal_value=9.72568e-05 -0.000833014 -0.00508397 -0.0103443 0.00852923 0.00088742
internal_weight=1118.91 1015.84 287.045 140.56 103.062 728.798
internal_count=4827 4396 1251 614 431 3145
is_linear=0
shrinkage=0.03


Tree=72
num_leaves=7
num_cat=0
split_feature=9 29 52 52 57 9
split_gain=7.31113 7.27407 8.86065 7.91472 7.75514 9.61159
threshold=20.500000000000004 0.29761399328708654 -0.0092358691617846472 0.0062743911985307941 0.051459999755024917 38.500000000000007
decision_type=10 2 2 2 10 10
left_child=-1 2 -2 4 5 -3
right_child=1 3 -4 -5 -6 -7
leaf_value=0.0031611595525451179 -0.0095256985554482594 -0.015345232567053264 0.0052505388651066494 0.0031530153766084514 0.0090846131509201931 -0.0038161832653110816
leaf_weight=455.08427013456821 35.215456336736679 85.655972003936768 188.43860115110874 103.03835912048817 19.979375466704369 236.58069019019604
leaf_count=1943 154 384 840 433 86 1012
internal_value=0.000265706 -0.00172173 0.00261584 -0.00391012 -0.00606591 -0.00725043
internal_weight=1123.99 668.908 223.654 445.254 342.216 322.237
internal_count=4852 2909 994 1915 1482 1396
is_linear=0
shrinkage=0.03


Tree=73
num_leaves=7
num_cat=0
split_feature=2 57 12 65 61 75
split_gain=5.72967 6.93931 6.21361 8.68823 10.4761 6.60353
threshold=0.5644499957561494 0.0019885000074282293 0.67114999890327465 0.54914385080337536 0.022319999523460868 13.38000011444092
decision_type=8 10 10 2 10 8
left_child=1 -1 3 -2 5 -5
right_child=2 -3 -4 4 -6 -7
leaf_value=-0.011259767183838615 -4.4235136795782898e-05 0.0025843533186676862 -0.011202241057032974 0.015161305936684624 -0.0055911108775020899 -0.002646580461505784
leaf_weight=72.673610851168633 815.86814604699612 48.605653584003448 27.883147001266479 89.923381313681602 34.203370198607445 19.761719137430191
leaf_count=335 3472 215 129 398 151 85
internal_value=-4.58301e-05 -0.00593717 0.00072987 0.00118847 0.00772674 0.0119998
internal_weight=1108.92 121.279 987.64 959.757 143.888 109.685
internal_count=4785 550 4235 4106 634 483
is_linear=0
shrinkage=0.03


Tree=74
num_leaves=7
num_cat=0
split_feature=47 84 9 13 36 84
split_gain=7.17459 9.64893 10.2784 11.5853 8.8665 7.95987
threshold=0.75098839402198803 0.27668650448322302 38.500000000000007 1.0254999995231631 0.14104999601840976 0.19094827026128772
decision_type=2 2 8 10 10 2
left_child=1 4 3 -3 5 -1
right_child=-2 2 -4 -5 -6 -7
leaf_value=0.00072445000961249176 0.0037336704147718012 -0.0034860411990849322 -0.00091709824990238783 -0.019700776410422949 -0.0080619612042466295 0.010879563387601765
leaf_weight=281.29109279811382 285.63468791544437 98.523515075445175 237.21064236760139 63.144839718937874 64.789759144186974 82.967098549008369
leaf_count=1205 1196 443 1022 293 280 367
internal_value=-0.000287235 -0.00170245 -0.00500403 -0.0105979 0.00141104 0.00326637
internal_weight=1113.56 827.927 398.879 161.668 429.048 364.258
internal_count=4806 3610 1758 736 1852 1572
is_linear=0
shrinkage=0.03


Tree=75
num_leaves=7
num_cat=0
split_feature=46 7 84 44 78 36
split_gain=8.20045 9.70066 8.59782 7.72651 7.51846 6.9095
threshold=-0.037240613251924508 0.61868414282798778 0.29645429551601415 -0.00087849999545142044 0.99223297834396373 0.15055000036954883
decision_type=8 2 2 10 10 10
left_child=1 -1 3 5 -2 -3
right_child=4 2 -4 -5 -6 -7
leaf_value=0.013377013951459741 0.0038844466046166187 0.0033359671441764186 -0.0073624431108024017 -0.0094928421262050443 -0.010613779228842728 -0.008678396659035947
leaf_weight=24.21507453918457 441.60053795576096 286.17507828772068 242.98455853760242 57.499703168869019 25.116499856114388 40.658805623650551
leaf_count=105 1864 1235 1087 252 106 176
internal_value=-0.000102602 -0.00226332 -0.00306747 -0.000234246 0.00289794 0.00162808
internal_weight=1118.25 651.533 627.318 384.334 466.717 326.834
internal_count=4825 2855 2750 1663 1970 1411
is_linear=0
shrinkage=0.03


Tree=76
num_leaves=7
num_cat=0
split_feature=2 47 9 52 36 25
split_gain=7.05988 9.61778 10.0383 10.5393 10.125 7.8271
threshold=0.53634998202323925 0.16468226164579394 53.500000000000007 -0.0023457723436877127 0.12215000018477441 0.0032535000937059526
decision_type=8 2 8 2 8 8
left_child=-1 -2 -3 4 -4 -5
right_child=1 2 3 5 -6 -7
leaf_value=-0.0077810527345883746 0.0053188549478965057 -0.0050468098327960346 0.019630018396767483 0.0033818167868105201 -0.0013788554750945689 -0.0055625878925783367
leaf_weight=94.84828345477581 254.795913875103 341.68549382686615 41.442978784441948 192.53232426941395 32.424927845597267 145.88153263926506
leaf_count=433 1076 1525 176 803 138 610
internal_value=-0.000371007 0.000395256 -0.00131647 0.00182142 0.0113432 -0.000522877
internal_weight=1103.61 1008.76 753.967 412.282 73.8679 338.414
internal_count=4761 4328 3252 1727 314 1413
is_linear=0
shrinkage=0.03


Tree=77
num_leaves=7
num_cat=0
split_feature=45 60 9 7 15 34
split_gain=8.38216 6.21471 8.5176 8.43758 8.11917 7.625
threshold=-0.018689149059355255 -0.052154999226331704 26.500000000000004 0.79769328236579906 -0.13495000451803205 -0.0057797925546765319
decision_type=2 10 8 2 8 2
left_child=-1 2 -2 4 -3 -5
right_child=1 3 -4 5 -6 -7
leaf_value=0.0089851423678136335 0.012073323911628677 0.015929574110165646 -6.0180802717113594e-05 0.0056484806215189171 -0.0036229405215041288 -0.0042026784523163134
leaf_weight=73.984438851475716 59.940312176942825 33.348698019981384 203.40498776733875 70.584833666682243 28.722988143563271 642.92062313854694
leaf_count=306 262 142 857 305 125 2808
internal_value=-0.000135734 -0.000864725 0.00304219 -0.00221315 0.00763455 -0.00316353
internal_weight=1112.91 1038.92 263.345 775.577 62.0717 713.505
internal_count=4805 4499 1119 3380 267 3113
is_linear=0
shrinkage=0.03


Tree=78
num_leaves=7
num_cat=0
split_feature=25 82 10 65 2 10
split_gain=7.0648 7.36908 10.7439 8.2629 6.13009 9.23572
threshold=-0.013319999910891054 0.62704998254776012 4.5000000000000009 0.42908300459384924 1.0084999799728396 5.5000000000000009
decision_type=8 8 2 2 10 2
left_child=-1 2 -2 -3 5 -5
right_child=1 3 -4 4 -6 -7
leaf_value=0.010779643272913425 0.016974123242336419 0.0087960193330628642 0.0003519418730943423 -0.0066823483726002825 -0.0062011982292415275 0.0015830884809911842
leaf_weight=40.488168880343437 38.292274460196495 52.407672986388206 128.71816097199917 159.72932815551758 267.76539398729801 420.74677193164825
leaf_count=171 160 217 545 708 1137 1848
internal_value=-0.000190525 -0.000702708 0.00490671 -0.00178534 -0.00253397 -0.000765959
internal_weight=1108.15 1067.66 167.01 900.649 848.241 580.476
internal_count=4786 4615 705 3910 3693 2556
is_linear=0
shrinkage=0.03


Tree=79
num_leaves=7
num_cat=0
split_feature=6 6 80 21 3 6
split_gain=5.90703 7.24582 7.64402 7.5361 8.10434 6.6057
threshold=0.14311316609382632 0.01718965265899897 0.23844999819993976 0.0010699999984353783 0.44141298532485967 0.57229533791542064
decision_type=10 8 10 10 2 10
left_child=1 2 -1 -3 -5 -2
right_child=5 3 -4 4 -6 -7
leaf_value=-0.01090909596472482 -0.0025261820618085185 0.010340545501880832 0.0039263965201010434 0.0071421565772146114 -0.0078626789094079757 0.0048933545349084482
leaf_weight=47.539324358105659 628.26802605390549 143.18564230203629 60.251950815320015 58.441015213727951 51.514305830001831 120.41928373277187
leaf_count=212 2727 620 255 253 224 504
internal_value=0.000235003 0.00333567 -0.00298719 0.00603924 4.29261e-05 -0.00128405
internal_weight=1109.62 360.932 107.791 253.141 109.955 748.687
internal_count=4795 1564 467 1097 477 3231
is_linear=0
shrinkage=0.03


Tree=80
num_leaves=7
num_cat=0
split_feature=45 36 81 25 33 10
split_gain=6.21898 7.79393 6.72006 6.67106 7.12584 6.40245
threshold=-0.01090189255774021 0.1670000031590462 2.990482091903687 -0.0043114998843520871 0.00049451101222075533 12.500000000000002
decision_type=2 10 8 8 2 2
left_child=1 2 -1 -4 -5 -6
right_child=-2 -3 3 4 5 -7
leaf_value=-0.0065437844213406373 -0.001552546414852632 -0.0081837103845932811 -0.0046871094300689206 0.016781063843138187 0.010569899997878152 -0.0072921113168688059
leaf_weight=22.711826369166374 899.31576038897038 29.973543733358383 22.162503629922867 75.325589627027512 27.75211189687252 25.140681341290474
leaf_count=95 3907 129 93 316 116 106
internal_value=-0.000475605 0.00414284 0.00660776 0.00887819 0.0113924 0.00227031
internal_weight=1102.38 203.066 173.093 150.381 128.218 52.8928
internal_count=4762 855 726 631 538 222
is_linear=0
shrinkage=0.03


Tree=81
num_leaves=7
num_cat=0
split_feature=69 72 29 61 78 48
split_gain=8.46304 7.3919 5.9141 8.2041 8.04801 8.26423
threshold=0.0041573671624064454 7.5000000000000009 0.29761399328708654 0.022319999523460868 0.95991966128349315 -0.002533999970182776
decision_type=2 2 2 8 8 8
left_child=2 -2 3 -1 5 -4
right_child=1 -3 4 -5 -6 -7
leaf_value=0.0070373395076640472 -0.011853616755546983 0.0029676048109441391 -0.013048645933348375 -0.0035096871335311714 0.0060830560177347484 -0.0011164589256222877
leaf_weight=221.83913299441338 85.615185439586639 39.35326723754406 48.353824228048325 85.871689707040787 114.2874246686697 524.98182688653469
leaf_count=987 366 168 205 377 477 2263
internal_value=-0.000260594 -0.00731226 0.000688701 0.00407619 -0.0008639 -0.00232923
internal_weight=1120.3 124.968 995.334 307.711 687.623 573.336
internal_count=4843 534 4309 1364 2945 2468
is_linear=0
shrinkage=0.03


Tree=82
num_leaves=7
num_cat=0
split_feature=71 16 56 68 23 44
split_gain=6.31753 7.29358 9.68475 10.1425 8.53102 7.96555
threshold=0.99611648917198192 0.12615000456571582 -0.0002016343278228305 0.0028021199395880107 -0.0093710003420710546 -0.011186999734491108
decision_type=2 10 2 2 10 8
left_child=1 5 -3 4 -4 -1
right_child=-2 2 3 -5 -6 -7
leaf_value=0.0094717984719149793 -0.0077449676563059533 -0.01087509482345312 0.0099953261030027336 0.013901101582295948 -0.0081544458706001282 0.00074043858048233435
leaf_weight=98.899125978350639 79.161057308316231 94.900857448577881 22.375733777880669 31.15014086663723 77.911375090479851 705.3988161534071
leaf_count=415 355 407 94 132 330 3065
internal_value=-8.16282e-05 0.000575746 -0.0040706 0.00126395 -0.00356581 0.00191721
internal_weight=1109.8 1030.64 226.338 131.437 100.287 804.298
internal_count=4798 4443 963 556 424 3480
is_linear=0
shrinkage=0.03


Tree=83
num_leaves=7
num_cat=0
split_feature=20 80 24 16 42 13
split_gain=7.56067 11.7182 7.36774 9.33816 7.3317 7.29165
threshold=-0.0043114998843520871 0.23644999414682391 0.00036259999615140265 -0.016294999979436394 0.039160916581749923 1.0814999938011172
decision_type=8 8 10 10 10 10
left_child=4 2 -2 -4 -1 -6
right_child=1 -3 3 -5 5 -7
leaf_value=0.0062432865086390734 -0.0083371336115563542 0.0048255228046497102 0.012830807295812964 -0.0046707977772142036 -0.0062966200702503587 0.0029247878797106497
leaf_weight=57.137089475989342 121.88915477693081 389.08458490669727 35.401512026786804 60.449128746986389 365.42461603879929 90.765206813812256
leaf_count=248 543 1641 156 273 1592 389
internal_value=-0.000504653 0.00175042 -0.00371517 0.00239474 -0.00315297 -0.00443851
internal_weight=1120.15 606.824 217.74 95.8506 513.327 456.19
internal_count=4842 2613 972 429 2229 1981
is_linear=0
shrinkage=0.03


Tree=84
num_leaves=7
num_cat=0
split_feature=76 48 7 36 2 50
split_gain=5.34398 12.5907 10.6095 9.46371 7.79181 7.24251
threshold=0.19245000183582309 1.0000000180025095e-35 1.543371379375458 0.076185002923011794 0.54194998741149913 -0.00082562628085724999
decision_type=8 10 2 10 8 2
left_child=1 2 5 -3 -2 -1
right_child=4 3 -4 -5 -6 -7
leaf_value=0.021731589086690838 -0.0099043471438488382 0.0076081049359037339 0.002184740073922027 -0.0090393483919689495 4.7482588929151659e-05 0.0022678150376815248
leaf_weight=51.162022769451141 68.64565634727478 36.43274362385273 125.50872555375099 85.416937857866287 709.46067389845848 27.488004833459854
leaf_count=224 317 156 543 371 3046 115
internal_value=0.000409474 0.00357424 0.00798574 -0.00386229 -0.000945015 0.0159522
internal_weight=1104.11 326.008 204.159 121.85 778.106 78.65
internal_count=4772 1409 882 527 3363 339
is_linear=0
shrinkage=0.03


Tree=85
num_leaves=7
num_cat=0
split_feature=10 81 33 68 66 75
split_gain=6.92274 13.7774 11.4776 9.6945 11.0184 10.0599
threshold=12.500000000000002 6.996502399444581 0.0020797324832528834 0.0028795460239052777 0.97438591718673717 15.594999790191652
decision_type=2 8 2 2 2 10
left_child=1 3 -2 -1 5 -5
right_child=2 -3 -4 4 -6 -7
leaf_value=-0.0061933734887773635 0.0054121913027498705 0.0080839505601309463 -0.004975700959648199 0.013926016299216758 -0.0097333638894955953 -0.0055488122278347617
leaf_weight=434.54433985054493 323.41088971495628 88.639945700764656 125.37029668688774 66.16909883916378 34.793236583471298 28.245149835944176
leaf_count=1886 1391 386 545 278 155 122
internal_value=-0.000371121 -0.00232989 0.00246506 -0.00407964 0.0029634 0.00812645
internal_weight=1101.17 652.392 448.781 563.752 129.207 94.4142
internal_count=4763 2827 1936 2441 555 400
is_linear=0
shrinkage=0.03


Tree=86
num_leaves=7
num_cat=0
split_feature=12 26 20 24 25 85
split_gain=7.90725 6.5389 11.0007 7.42964 8.53718 12.9892
threshold=0.66119998693466198 0.043029999360442168 0.10415000095963479 -0.0037000000011175867 0.0086650000885128992 -0.00019250000332249326
decision_type=10 10 10 8 10 8
left_child=1 3 -3 -1 -5 -6
right_child=-2 2 -4 4 5 -7
leaf_value=-0.0082086011980507176 -0.01112815928571583 0.0017766762597256375 0.017806504809048451 0.0018584951564676632 -0.013640481788587464 0.0057280933160116336
leaf_weight=91.300387650728226 43.486092865467072 203.71477591991425 38.361765921115875 625.47282814979553 73.894564747810364 42.428932934999466
leaf_count=393 203 875 165 2693 326 183
internal_value=0.000133874 0.000687724 0.00492254 -0.000586594 0.000448231 -0.00668161
internal_weight=1118.66 1075.17 242.077 833.097 741.796 116.323
internal_count=4838 4635 1040 3595 3202 509
is_linear=0
shrinkage=0.03


Tree=87
num_leaves=7
num_cat=0
split_feature=25 25 8 36 24 12
split_gain=7.10288 8.9774 8.7248 8.82604 8.30253 8.22223
threshold=-0.010394999757409094 -0.0048314998857676974 3.5000000000000004 0.076185002923011794 0.0060049998573958882 0.51464998722076427
decision_type=8 8 2 8 10 10
left_child=4 -2 3 5 -1 -3
right_child=1 2 -4 -5 -6 -7
leaf_value=0.01442804962469646 -0.0087414137460457165 0.016826400192113813 -0.0051447906030480488 0.00050225715118777875 -0.0052955421627055932 0.0016618984885673135
leaf_weight=52.249365031719208 93.630970478057861 53.483411580324173 183.83046767115593 640.73598779737949 21.585235223174095 70.254475176334381
leaf_count=220 412 221 796 2769 93 313
internal_value=0.000316394 -0.000356191 0.000554304 0.00197348 0.00871807 0.00898453
internal_weight=1115.77 1041.94 948.304 764.474 73.8346 123.738
internal_count=4824 4511 4099 3303 313 534
is_linear=0
shrinkage=0.03


Tree=88
num_leaves=7
num_cat=0
split_feature=12 13 44 76 46 13
split_gain=6.12362 7.32383 8.54475 6.51306 11.8476 10.4161
threshold=0.64065000414848339 0.87014999985694896 -0.003216000040993094 0.15675000101327899 -0.021374038420617577 1.0254999995231631
decision_type=10 8 10 8 10 8
left_child=1 2 -1 5 -5 -3
right_child=-2 3 -4 4 -6 -7
leaf_value=0.0038669712055935095 -0.0071784904150790051 0.013027478902533541 -0.013534200177309682 -0.003098320875369973 0.0046756843155398645 0.00033275795769252927
leaf_weight=35.777020409703255 86.35963349044323 92.859165877103806 54.983062386512756 419.53322921693325 289.42990200221539 135.1324133425951
leaf_count=151 400 396 236 1845 1218 573
internal_value=5.63178e-05 0.000727582 -0.00697176 0.00153914 9.62607e-05 0.00583336
internal_weight=1114.07 1027.71 90.7601 936.955 708.963 227.992
internal_count=4819 4419 387 4032 3063 969
is_linear=0
shrinkage=0.03


Tree=89
num_leaves=7
num_cat=0
split_feature=12 7 79 36 79 36
split_gain=7.81893 6.24799 6.17984 12.4409 8.74775 7.90579
threshold=0.65669998526573192 0.79769328236579906 0.31229630112648016 0.12695000320672992 0.33991087973117834 0.078024998307228102
decision_type=10 2 8 10 10 8
left_child=1 -1 3 5 -4 -3
right_child=-2 2 4 -5 -6 -7
leaf_value=0.008495344200087504 -0.010151030805795673 0.0034241439244358475 0.01586749953069324 0.0084216793003088972 0.00060319212794400392 -0.015214203023913683
leaf_weight=81.358067870140076 49.86611932516098 22.964119672775269 25.272347152233124 33.775429293513298 831.90828303992748 72.744089886546135
leaf_count=347 233 101 110 147 3578 319
internal_value=0.000406585 0.000989113 0.000291139 -0.00557305 0.00123102 -0.0108413
internal_weight=1117.89 1068.02 986.664 129.484 857.181 95.7082
internal_count=4835 4602 4255 567 3688 420
is_linear=0
shrinkage=0.03


Tree=90
num_leaves=7
num_cat=0
split_feature=43 71 28 57 29 64
split_gain=8.65503 7.68898 7.13947 7.56674 11.6407 9.39801
threshold=0.97669893503189098 0.99611648917198192 -0.27319093048572535 0.04698500037193299 0.4209600985050202 50.385000228881843
decision_type=10 2 8 10 2 10
left_child=1 2 -1 5 -5 -4
right_child=-2 -3 3 4 -6 -7
leaf_value=0.0088314664901265778 -0.013721306629045213 -0.0078080171802763975 0.0027708610917597091 -0.0050238424738999138 0.01985105997093126 -0.0034732493587271538
leaf_weight=95.261151507496834 28.792747259140015 78.132604986429214 448.7547769844532 22.645728424191475 32.453293904662132 401.59043923020363
leaf_count=417 121 352 1920 99 138 1743
internal_value=0.000205352 0.00069964 0.00143458 0.000568386 0.0104262 -0.000184124
internal_weight=1107.63 1078.84 1000.71 905.444 55.099 850.345
internal_count=4790 4669 4317 3900 237 3663
is_linear=0
shrinkage=0.03


Tree=91
num_leaves=7
num_cat=0
split_feature=79 65 49 25 34 69
split_gain=6.32043 6.98051 8.56087 6.37593 11.764 9.23121
threshold=0.15301851183176043 0.43000902235507971 0.017914500087499622 0.0092889997176826018 -0.0027439264813438054 -0.0023000185610726471
decision_type=8 2 10 10 2 2
left_child=-1 -2 3 5 -5 -3
right_child=1 2 -4 4 -6 -7
leaf_value=-0.011659000973062966 0.0094773952695158641 -0.0017653007143876949 -0.012136324773225633 0.0090685055663588168 -0.0094244075985192993 0.0044915880586225134
leaf_weight=28.115668550133705 67.039560332894325 374.2258986979723 38.956693634390831 32.749631315469742 111.46774251759052 467.80569688975811
leaf_count=122 277 1635 165 141 489 2017
internal_value=0.000355935 0.000768183 0.000112626 0.000713422 -0.00490922 0.00172274
internal_weight=1120.36 1092.25 1025.21 986.249 144.217 842.032
internal_count=4846 4724 4447 4282 630 3652
is_linear=0
shrinkage=0.03


Tree=92
num_leaves=7
num_cat=0
split_feature=71 72 13 75 26 14
split_gain=6.33769 7.31936 7.09832 6.29279 6.12576 5.64552
threshold=0.99611648917198192 2.5000000000000004 0.87014999985694896 12.320000171661379 0.041210001334548003 0.0089221834205091017
decision_type=2 2 8 8 10 2
left_child=1 5 4 -2 -3 -1
right_child=3 2 -4 -5 -6 -7
leaf_value=-0.00071702371101476107 -0.01396943140422474 -0.014275349793831313 0.00064792615859196124 0.0019144404055426295 0.0038745414640207515 0.011360318966332144
leaf_weight=52.779485017061234 43.512484058737755 44.63806788623333 824.25913439691067 34.97687740623951 18.976730942726135 86.385644093155861
leaf_count=224 199 193 3565 156 80 363
internal_value=0.000234289 0.000889831 -0.000141632 -0.00747472 -0.00907027 0.00703889
internal_weight=1105.53 1027.04 887.874 78.4894 63.6148 139.165
internal_count=4780 4425 3838 355 273 587
is_linear=0
shrinkage=0.03


Tree=93
num_leaves=7
num_cat=0
split_feature=25 24 9 69 42 43
split_gain=8.20107 8.5614 8.17448 5.90935 5.96705 10.2053
threshold=-0.010394999757409094 0.0058275000192224988 36.500000000000007 -0.011601884383708237 0.92783349752426159 0.65811103582382213
decision_type=10 8 8 2 8 10
left_child=1 -1 -3 -2 5 -5
right_child=3 2 -4 4 -6 -7
leaf_value=0.015420187292775878 0.010457948165954984 0.01048976991142813 -0.0063189106579774282 -0.0024568298553531548 -0.011221698306317236 0.0049916987741050241
leaf_weight=50.537033304572105 30.171613857150078 34.302311211824417 53.252203121781349 697.31730815768242 41.607584744691849 206.29436871409416
leaf_count=212 126 144 222 3061 175 874
internal_value=0.000161493 0.00674264 0.000666663 -0.000829208 -0.00129521 -0.000720308
internal_weight=1113.48 138.092 87.5545 975.391 945.219 903.612
internal_count=4814 578 366 4236 4110 3935
is_linear=0
shrinkage=0.03


Tree=94
num_leaves=7
num_cat=0
split_feature=22 51 22 35 69 64
split_gain=7.88822 9.25453 8.12608 9.4171 8.94662 12.7901
threshold=-0.0075904999393969766 0.60401222109794628 -0.0046884999610483638 0.014754999894648792 -0.0050912173464894286 57.905000686645515
decision_type=8 10 8 10 2 10
left_child=1 -1 3 -2 -4 -6
right_child=2 -3 4 -5 5 -7
leaf_value=-0.011235215683517279 -0.00080203351747060885 0.00076720345053442112 -0.0061884468566282911 0.01908995724770942 0.0039878556958490999 -0.0053416381612811249
leaf_weight=112.54539716243744 40.1989815980196 107.19334700703621 170.4492749273777 34.03933110833168 458.50998482108116 174.6792293637991
leaf_count=497 174 456 740 146 1975 762
internal_value=-0.000651224 -0.00560164 0.000637034 0.00950218 -0.00028863 0.00137107
internal_weight=1097.62 219.739 877.877 74.2383 803.638 633.189
internal_count=4750 953 3797 320 3477 2737
is_linear=0
shrinkage=0.03


Tree=95
num_leaves=7
num_cat=0
split_feature=44 53 35 43 84 80
split_gain=5.84988 10.3669 8.27908 6.7609 8.57464 7.26489
threshold=-0.002577500068582594 -0.0039480952546000472 -0.064544998109340654 0.97669893503189098 0.19493251293897632 0.17514999955892566
decision_type=8 2 10 8 2 8
left_child=1 -1 -3 4 -2 -6
right_child=3 2 -4 -5 5 -7
leaf_value=0.00052325960264201722 -0.0031178100846383206 0.0052359754565216941 -0.012430783800831912 -0.010011493209217225 -0.0040674943362661543 0.0066572125900562062
leaf_weight=375.32748487591743 145.47365118563175 24.022434651851654 106.07086887955666 28.426598563790321 59.830204278230667 373.47987298667431
leaf_count=1628 629 105 478 120 272 1583
internal_value=0.000299603 -0.00206256 -0.00902764 0.00226734 0.00303021 0.00511803
internal_weight=1112.63 505.421 130.093 607.21 578.784 433.31
internal_count=4815 2211 583 2604 2484 1855
is_linear=0
shrinkage=0.03


Tree=96
num_leaves=7
num_cat=0
split_feature=66 7 57 80 57 60
split_gain=7.6111 8.5275 8.91125 8.95615 7.42323 8.03454
threshold=0.98440539836883556 1.6697934269905093 0.023234999738633636 0.19794999808073047 -0.04868000000715255 0.10114999860525133
decision_type=2 2 10 10 8 10
left_child=4 2 3 -2 -1 -6
right_child=1 -3 -4 -5 5 -7
leaf_value=-0.012860268596583522 -0.013231154949069698 -0.010096879682672588 0.01310589198286166 0.0036292161859750502 0.0031795087942944372 -0.0043495793695046839
leaf_weight=22.225681066513062 39.026211947202682 117.00291594862938 28.85285721719265 59.700928017497063 692.47604721784592 146.73452460765839
leaf_count=98 182 529 127 266 2961 623
internal_value=-2.82046e-05 -0.00459122 0.000824885 -0.00363951 0.00130517 0.00182734
internal_weight=1106.02 244.583 127.58 98.7271 861.436 839.211
internal_count=4786 1104 575 448 3682 3584
is_linear=0
shrinkage=0.03


Tree=97
num_leaves=7
num_cat=0
split_feature=6 6 6 49 15 60
split_gain=7.26249 8.19856 8.0946 11.63 8.43463 8.0271
threshold=0.14311316609382632 0.66727495193481456 0.04822801239788533 0.00038149999454617506 -0.18524999916553495 -0.0042960001155734054
decision_type=10 10 8 8 10 8
left_child=2 5 3 -1 -4 -2
right_child=1 -3 4 -5 -6 -7
leaf_value=-0.008167796008282659 0.0020194650187104605 0.0091597996764413315 0.014599519779697071 0.0081324472646117068 0.0024907069959209899 -0.004455428186299632
leaf_weight=81.18600195646286 286.72488483786583 57.630209103226662 86.815714284777641 59.514028191566467 122.27755226194859 405.28549663722515
leaf_count=357 1244 240 370 252 538 1757
internal_value=0.000839967 -0.000831406 0.00434543 -0.00119091 0.00795519 -0.00178209
internal_weight=1099.43 749.641 349.793 140.7 209.093 692.01
internal_count=4758 3241 1517 609 908 3001
is_linear=0
shrinkage=0.03


Tree=98
num_leaves=7
num_cat=0
split_feature=1 70 85 77 36 36
split_gain=6.96045 6.32469 7.25743 7.69218 5.35036 12.563
threshold=0.89959999918937694 -0.0038701437879353757 0.00071649998426437389 0.3660766482353211 0.068794999271631255 0.07375000044703485
decision_type=10 2 10 10 8 8
left_child=4 -2 3 -3 -1 -6
right_child=1 2 -4 -5 5 -7
leaf_value=-0.0085053981418633639 0.0066814281264629656 -0.017987445855685413 0.003502158896838707 -0.0010269072782486221 0.01304078802044106 0.00047834098821903124
leaf_weight=40.301060393452644 23.463466763496399 58.978398576378822 31.439669534564018 38.918790727853775 68.405070081353188 841.84789015352726
leaf_count=177 102 265 134 164 294 3638
internal_value=7.17102e-05 -0.00566503 -0.00822361 -0.0119649 0.00104326 0.00155385
internal_weight=1103.35 152.8 129.337 97.8972 950.554 910.253
internal_count=4774 665 563 429 4109 3932
is_linear=0
shrinkage=0.03


Tree=99
num_leaves=7
num_cat=0
split_feature=20 27 46 49 36 64
split_gain=5.17498 8.26107 12.3856 12.654 6.97374 8.67704
threshold=0.045940000563859947 0.0022316196700558071 -0.52986025810241688 -0.00052250002045184363 0.074760001152753844 56.600000381469734
decision_type=10 2 10 8 8 10
left_child=4 2 -2 -4 5 -1
right_child=1 -3 3 -5 -6 -7
leaf_value=0.011994697420521037 0.016313301144985269 0.010526583161923257 -0.012163451295766514 0.0051068033166748374 -0.0018499440087788356 -0.0053584655871203868
leaf_weight=65.585295960307121 22.831385597586632 93.890855804085732 70.21353206038475 64.81046199798584 759.10568910837173 32.341419205069542
leaf_count=282 96 397 317 282 3282 140
internal_value=0.000261453 0.0039564 -0.00034579 -0.00409333 -0.000857021 0.00629814
internal_weight=1108.78 251.746 157.855 135.024 857.032 97.9267
internal_count=4796 1092 695 599 3704 422
is_linear=0
shrinkage=0.03


Tree=100
num_leaves=7
num_cat=0
split_feature=43 54 50 2 5 6
split_gain=8.56995 7.07818 9.72946 7.96868 6.69609 7.14844
threshold=0.97669893503189098 0.75098839402198803 0.023628529161214832 1.1704999804496767 0.046637108549475677 0.65093639492988598
decision_type=8 2 2 8 10 10
left_child=1 4 -3 -4 -1 -6
right_child=-2 2 3 -5 5 -7
leaf_value=-0.0088009747788918326 -0.013694002473147561 0.008020664925210497 0.006620645152314566 -0.011653544914696265 -0.00064900099153636815 0.011602676631417187
leaf_weight=75.031462386250496 29.261873558163643 197.39394825696945 28.059359148144722 42.134906217455864 704.67225134372711 35.596064954996109
leaf_count=330 124 823 118 177 3092 149
internal_value=7.75831e-05 0.000571616 0.00471151 -0.00443397 -0.000827755 8.69201e-05
internal_weight=1112.15 1082.89 267.588 70.1943 815.3 740.268
internal_count=4813 4689 1118 295 3571 3241
is_linear=0
shrinkage=0.03


Tree=101
num_leaves=7
num_cat=0
split_feature=64 2 20 82 4 48
split_gain=6.1762 7.78769 6.98013 8.04951 6.59423 6.61276
threshold=33.519998550415046 0.77024999260902416 0.10415000095963479 0.98264998197555553 -0.56575626134872425 -0.00090749998344108451
decision_type=8 10 10 10 10 10
left_child=1 -1 4 -4 -2 -6
right_child=2 -3 3 -5 5 -7
leaf_value=0.0047949843959311112 0.0048382475476535618 -0.013634145298551937 -0.0020676345949068651 0.01567166301216423 0.0020932272315829191 -0.003650187596275889
leaf_weight=24.341987535357475 161.7672306150198 53.847327649593353 36.696167156100273 43.634181886911392 269.45865772664547 505.65536804497242
leaf_count=109 683 227 159 187 1165 2214
internal_value=-0.000387248 -0.00800363 0.000270412 0.00823628 -0.00049237 -0.00165233
internal_weight=1095.4 78.1893 1017.21 80.3303 936.881 775.114
internal_count=4744 336 4408 346 4062 3379
is_linear=0
shrinkage=0.03


Tree=102
num_leaves=7
num_cat=0
split_feature=6 6 59 57 5 16
split_gain=5.73211 8.64864 10.4493 6.83999 8.27515 6.73438
threshold=0.14311316609382632 0.01718965265899897 -0.0031911418773233886 0.0011664999765343966 0.22531102597713473 0.021250000223517421
decision_type=10 8 10 8 10 10
left_child=1 2 5 4 -3 -1
right_child=-2 3 -4 -5 -6 -7
leaf_value=-0.004648493224640283 -0.0015842102056665608 -0.011335021420555069 -0.015974282425307355 0.0094907758774451963 0.0062330339298826698 0.011196271735254263
leaf_weight=46.853682667016983 758.11086563766003 30.720180004835129 31.42587611079216 161.22681237757206 49.411505788564682 32.572679966688156
leaf_count=201 3278 137 143 685 223 138
internal_value=-0.000118181 0.00299397 -0.0037184 0.00610214 -0.00101241 0.00237482
internal_weight=1110.32 352.211 110.852 241.358 80.1317 79.4264
internal_count=4805 1527 482 1045 360 339
is_linear=0
shrinkage=0.03


Tree=103
num_leaves=7
num_cat=0
split_feature=57 6 24 34 13 10
split_gain=6.67558 10.091 9.17465 9.01591 8.97113 9.25908
threshold=0.0017685000202618542 0.1462969779968262 0.0060049998573958882 -0.0012540453462861476 0.99764999747276317 7.5000000000000009
decision_type=8 10 8 2 10 2
left_child=-1 4 -3 -4 5 -2
right_child=1 2 3 -5 -6 -7
leaf_value=-0.0032876664461124472 -0.0083547576689250135 0.0021121007013704569 -0.01304335434872861 0.00045691586078049854 0.012738645113700906 0.0069644098932804014
leaf_weight=314.51795294880867 47.059836521744728 381.32672864198685 76.537790670990944 90.353210940957069 109.79032531380653 84.476447030901909
leaf_count=1426 199 1615 328 386 469 357
internal_value=0.000344633 0.0018146 -0.000459263 -0.00612179 0.00679283 0.0012806
internal_weight=1104.06 789.544 548.218 166.891 241.327 131.536
internal_count=4780 3354 2329 714 1025 556
is_linear=0
shrinkage=0.03


Tree=104
num_leaves=7
num_cat=0
split_feature=46 22 4 57 7 15
split_gain=7.28678 7.19123 5.8724 8.72687 7.42884 7.27234
threshold=0.6770344376564027 0.0029494999907910828 0.14128927141427997 -0.01482999976724386 0.79769328236579906 -0.17715000361204145
decision_type=10 8 8 8 2 8
left_child=2 -2 4 -4 -1 -6
right_child=1 -3 3 -5 5 -7
leaf_value=0.0096234789421570845 0.00081851228812443151 -0.019184740340694235 -0.0049598081537409388 0.00541453418670409 -0.0056889131846462717 0.0009923336956084894
leaf_weight=43.421839773654938 29.573442995548248 23.733134716749191 82.844875827431679 354.99951486289501 260.12193912267685 315.26558601856232
leaf_count=186 124 101 377 1539 1110 1369
internal_value=0.000179663 -0.009711 0.000764995 0.00338468 -0.00111294 -0.00207372
internal_weight=1109.96 53.3066 1056.65 437.844 618.809 575.388
internal_count=4806 225 4581 1916 2665 2479
is_linear=0
shrinkage=0.03


Tree=105
num_leaves=7
num_cat=0
split_feature=1 6 6 3 46 35
split_gain=6.42851 7.34823 8.64296 7.5604 7.25977 8.00916
threshold=0.89959999918937694 0.14311316609382632 0.05108876712620259 0.72525900602340709 -0.45675611495971674 -0.025000000372529026
decision_type=10 10 8 2 8 10
left_child=1 2 -1 4 5 -3
right_child=-2 3 -4 -5 -6 -7
leaf_value=-0.00084011443621306154 -0.0055486653772455338 -0.0053550424098213869 0.0091244889462494434 0.012291324949940494 -0.0031627373719148961 0.010356845588927141
leaf_weight=139.07192553579807 151.79469728469849 37.370523631572723 164.91731855273247 27.08132204413414 512.03792117536068 72.902685299515724
leaf_count=603 664 159 712 116 2220 312
internal_value=-1.55151e-05 0.000913908 0.00468422 -0.000895296 -0.00165445 0.00502971
internal_weight=1105.18 953.382 303.989 649.392 622.311 110.273
internal_count=4786 4122 1315 2807 2691 471
is_linear=0
shrinkage=0.03


Tree=106
num_leaves=7
num_cat=0
split_feature=64 14 48 34 13 27
split_gain=8.30225 10.6089 8.60502 7.93042 7.62792 8.55685
threshold=50.225000381469734 0.010635025333613159 0.00056249997578561317 -0.0056308920029550782 0.97580000758171093 -0.00042656272125896061
decision_type=10 2 10 2 8 2
left_child=1 4 -3 -2 -1 -6
right_child=3 2 -4 -5 5 -7
leaf_value=0.012656168103972913 0.0068469552901932662 -0.0083871731164019917 0.0065000649679798463 -0.0040404045656876044 -0.0042007046704162845 0.0057813337940413123
leaf_weight=79.617877036333084 59.425688311457634 110.5058629065752 40.730891495943069 481.74078235030174 104.30105650424957 235.52375775575638
leaf_count=341 254 474 172 2105 463 1004
internal_value=-0.000105984 0.00239819 -0.00422329 -0.00274232 0.00482842 0.00268509
internal_weight=1111.85 570.679 151.237 541.166 419.443 339.825
internal_count=4813 2454 646 2359 1808 1467
is_linear=0
shrinkage=0.03


Tree=107
num_leaves=7
num_cat=0
split_feature=2 40 13 13 17 13
split_gain=6.55445 7.60652 6.83433 5.99585 9.19725 7.39862
threshold=0.53275001049041759 -0.14490984380245206 0.94894999265670787 0.93109998106956493 0.12700000405311587 1.0055000185966494
decision_type=8 8 10 8 10 8
left_child=2 -2 -1 4 -3 -5
right_child=1 3 -4 5 -6 -7
leaf_value=0.0066139472228154157 0.015141158767930997 -0.0076485133818699159 -0.010920204358250361 0.0058468500819998581 0.0064237413698921761 -0.00024140911422524593
leaf_weight=19.055089190602303 23.455646306276321 146.45045131444931 71.734618917107582 255.80358566343784 48.487464383244514 551.88576319813728
leaf_count=84 99 624 335 1114 206 2375
internal_value=0.000358276 0.00106567 -0.00694902 0.000590113 -0.00400563 0.00173473
internal_weight=1116.87 1026.08 90.7897 1002.63 194.938 807.689
internal_count=4837 4418 419 4319 830 3489
is_linear=0
shrinkage=0.03


Tree=108
num_leaves=7
num_cat=0
split_feature=25 56 4 25 60 68
split_gain=7.40249 10.4452 10.779 9.16065 9.50645 8.30326
threshold=0.0094030001200735586 0.00086073047714307915 0.068296518176794066 0.0046065000351518401 -0.0073700000066310159 0.0028795460239052777
decision_type=10 2 10 10 10 2
left_child=3 -2 -3 4 5 -1
right_child=1 2 -4 -5 -6 -7
leaf_value=0.00022624037797359822 -0.01147432673597221 -0.0061612906893705414 0.016826423204050273 0.0063725331114631361 -0.0038530085792915615 0.010662561853498882
leaf_weight=285.95744258165359 100.41542501747608 35.029197782278061 21.690270155668259 197.85743188858032 403.00588995218277 80.45935645699501
leaf_count=1232 445 148 93 853 1757 339
internal_value=-0.000217202 -0.00604988 0.0038339 0.000782528 -0.000718261 0.00274028
internal_weight=1124.42 157.135 56.7195 967.28 769.423 366.417
internal_count=4867 686 241 4181 3328 1571
is_linear=0
shrinkage=0.03


Tree=109
num_leaves=7
num_cat=0
split_feature=1 0 46 1 22 48
split_gain=6.85143 8.88568 6.52873 5.89355 6.2234 7.52732
threshold=0.89959999918937694 0.02604586631059647 0.20434866100549701 0.86884999275207531 0.015344999730587007 -0.0004429999971762299
decision_type=10 10 10 10 10 10
left_child=3 -2 -3 4 -1 -6
right_child=1 2 -4 -5 5 -7
leaf_value=0.00099337676045509584 0.0034940966430025708 -0.01619011515221579 2.7991004106913191e-05 0.011499940147705379 0.0039022581732845738 -0.01447929051097567
leaf_weight=847.96759517490864 52.411037981510162 61.508049085736275 32.438965067267418 33.965080589056015 26.776303604245186 42.602528542280197
leaf_count=3664 238 264 138 148 117 188
internal_value=-0.000179405 -0.00600203 -0.0111262 0.000769516 0.000252493 -0.00778717
internal_weight=1097.67 146.358 93.947 951.312 917.346 69.3788
internal_count=4757 640 402 4117 3969 305
is_linear=0
shrinkage=0.03


Tree=110
num_leaves=7
num_cat=0
split_feature=79 67 80 81 81 38
split_gain=6.14873 8.87071 7.18998 6.93429 7.34286 6.38194
threshold=0.91427773237228405 0.79583334922790538 0.21014999598264697 4.0793364048004159 3.6788544654846196 -0.00061550000100396563
decision_type=10 2 8 10 8 10
left_child=2 -2 3 4 -1 -5
right_child=1 -3 -4 5 -6 -7
leaf_value=-0.0058891024436722077 0.0035488766740535043 -0.010567543794354151 -0.00011655577917412313 0.00099019308430961343 0.010061390379176815 -0.014527099981070246
leaf_weight=65.217999935150146 398.62841713428497 34.712331876158714 443.85003136098385 29.311541512608528 29.691501438617706 94.707722797989845
leaf_count=296 1690 148 1908 132 136 437
internal_value=-0.000543354 0.00220524 -0.00234652 -0.0066649 -0.000415738 -0.0110594
internal_weight=1096.12 433.341 662.779 218.929 94.9095 124.019
internal_count=4747 1838 2909 1001 432 569
is_linear=0
shrinkage=0.03


Tree=111
num_leaves=7
num_cat=0
split_feature=63 52 4 49 6 29
split_gain=7.03821 9.10315 7.78492 8.65254 7.45209 8.46314
threshold=-0.015885000117123124 -0.0095873544923961145 -0.56575626134872425 -0.0020880000665783878 0.0085878781974315661 0.30158281326293951
decision_type=8 2 10 10 10 2
left_child=1 -1 3 -2 -3 -6
right_child=2 4 -4 -5 5 -7
leaf_value=-0.012768727476601018 0.014146536119242775 -0.0066393334560825457 -0.0032062110345439615 -0.001419131956016948 0.012136408231642982 0.002423457669562556
leaf_weight=20.624025717377663 44.083285719156265 41.752782985568047 547.10075588524342 75.250693902373314 113.28062652051449 254.08206102252007
leaf_count=91 185 184 2377 316 505 1091
internal_value=0.000234564 0.00318721 -0.00168837 0.0049802 0.00427704 0.0056608
internal_weight=1096.17 429.739 666.435 119.334 409.115 367.363
internal_count=4749 1871 2878 501 1780 1596
is_linear=0
shrinkage=0.03


Tree=112
num_leaves=7
num_cat=0
split_feature=29 50 15 52 86 44
split_gain=7.05304 7.78636 7.72344 8.37376 7.59898 7.58203
threshold=0.29761399328708654 -0.01224880153313279 -0.024615000002086159 0.0049449235666543254 1.0000000180025095e-35 -0.013845999725162981
decision_type=2 2 10 2 10 8
left_child=1 -1 3 5 -5 -2
right_child=2 -3 -4 4 -6 -7
leaf_value=-0.0043466589314436633 0.0089969078274659345 0.0056716749479633491 -0.012749947184629636 0.0083290665323306999 -0.0024312499898025849 -0.0043702038919170008
leaf_weight=86.482201784849167 32.271898180246353 255.17056687176228 46.31211319565773 121.37428547441959 100.81894943118095 462.6475460678339
leaf_count=374 135 1143 205 505 425 2002
internal_value=-0.000442878 0.00308425 -0.00204083 -0.00118338 0.0035522 -0.00333766
internal_weight=1105.08 341.653 763.425 717.113 222.193 494.919
internal_count=4789 1517 3272 3067 930 2137
is_linear=0
shrinkage=0.03


Tree=113
num_leaves=7
num_cat=0
split_feature=48 17 2 48 2 69
split_gain=6.69841 6.56677 6.16056 9.54366 6.42175 11.0047
threshold=0.003820499987341464 0.052610000595450408 0.53634998202323925 -0.00059750000946223725 0.89469999074935924 -0.0020510979229584332
decision_type=10 8 10 10 10 2
left_child=2 -2 3 -1 5 -4
right_child=1 -3 4 -5 -6 -7
leaf_value=-0.01214430919155801 0.0021717950070388506 -0.017065410427719099 -0.00023381296756293238 0.002395896509178764 -0.00030746471367759691 0.0094377685028069185
leaf_weight=65.489163815975189 24.434310525655746 27.246345400810242 205.80909723043442 82.14225734770298 493.27058281004429 207.05315412580967
leaf_count=291 102 115 912 365 2098 906
internal_value=0.000525763 -0.00909264 0.00107853 -0.00441537 0.00201205 0.00472503
internal_weight=1105.44 51.6807 1053.76 147.631 906.133 412.862
internal_count=4789 217 4572 656 3916 1818
is_linear=0
shrinkage=0.03


Tree=114
num_leaves=7
num_cat=0
split_feature=16 76 53 14 0 2
split_gain=6.86425 7.21281 11.1567 12.3838 8.0763 11.6419
threshold=0.0093465000391006487 0.15675000101327899 -0.0017886385903693733 0.0096853938885033148 0.026256399229168895 1.0145000219345095
decision_type=10 10 2 2 10 10
left_child=-1 2 3 -2 -3 -6
right_child=1 4 -4 -5 5 -7
leaf_value=-0.0024016076512550851 0.018119384177278364 -0.0060604409345561359 -0.00082597118518542981 -0.0051075339583032935 0.010192118061579778 -0.0028575009026478707
leaf_weight=546.24605330824852 80.525012210011482 127.50926849246025 92.947568863630295 21.916979342699051 101.46121776103973 129.98069778084755
leaf_count=2363 350 577 398 95 434 549
internal_value=-3.69282e-05 0.00229449 0.00677838 0.0131378 -0.000263818 0.00304848
internal_weight=1100.59 554.341 195.39 102.442 358.951 231.442
internal_count=4766 2403 843 445 1560 983
is_linear=0
shrinkage=0.03


Tree=115
num_leaves=7
num_cat=0
split_feature=0 65 33 78 84 48
split_gain=7.42293 7.59434 7.15045 6.29701 8.51366 9.7013
threshold=0.014238428324460985 0.5542764961719514 0.00070761737879365693 0.34252096712589269 0.52815732359886181 -0.0013185000279918311
decision_type=8 2 2 10 2 8
left_child=-1 3 -3 4 5 -2
right_child=1 2 -4 -5 -6 -7
leaf_value=-0.012176087684212787 0.0039866527712140703 -0.00024616877625340612 0.015009008212987987 0.001536551382893682 0.0034564894024822386 -0.0096896002271276548
leaf_weight=32.652339681982994 55.264323905110359 50.549089327454567 50.215925395488739 618.97922930121422 104.42953713238239 184.2844389975071
leaf_count=155 242 225 221 2626 457 828
internal_value=9.86722e-05 0.000585353 0.00802488 -0.000267606 -0.00346583 -0.00650114
internal_weight=1096.37 1063.72 100.765 962.958 343.978 239.549
internal_count=4754 4599 446 4153 1527 1070
is_linear=0
shrinkage=0.03


Tree=116
num_leaves=7
num_cat=0
split_feature=26 2 1 2 59 67
split_gain=5.68173 5.82759 6.90044 5.27763 7.87967 8.1146
threshold=-0.07418500259518622 0.85065001249313366 0.27275000512599951 0.68514999747276317 -0.013251406140625475 0.18425925821065905
decision_type=8 10 10 8 10 2
left_child=1 -1 -3 4 -2 -6
right_child=3 2 -4 -5 5 -7
leaf_value=0.013141049233178163 0.0093281835867282687 -0.011146203447381275 0.0069027722725343256 0.00066773421262652523 0.0041490645934217215 -0.0096887300066216854
leaf_weight=48.869893446564674 23.630884662270546 21.139621987938881 39.162860542535782 779.95690587162971 43.615969896316528 151.87623874843121
leaf_count=216 103 90 169 3328 197 699
internal_value=0.000233544 0.00642669 -0.000109933 -0.000500181 -0.00450502 -0.00654973
internal_weight=1108.25 109.172 60.3025 999.08 219.123 195.492
internal_count=4802 475 259 4327 999 896
is_linear=0
shrinkage=0.03


Tree=117
num_leaves=7
num_cat=0
split_feature=2 40 53 13 47 23
split_gain=5.60781 5.82366 5.241 6.82152 7.37386 7.40577
threshold=0.53634998202323925 -0.14490984380245206 -0.012007799465209244 0.87014999985694896 0.52039030194282543 -0.0027824999997392292
decision_type=8 8 2 8 2 8
left_child=-1 -2 -3 -4 -5 -6
right_child=1 2 3 4 5 -7
leaf_value=-0.0065228500664129474 0.013176552205244102 0.0058710538336027651 -0.0085873383968354065 -0.0022583788213518803 0.0093984864823362935 0.00052069960587506562
leaf_weight=92.067750245332718 23.38247062265873 127.82811641693115 73.376536443829536 425.08934898674488 116.29775950312614 259.82179521024227
leaf_count=429 98 531 316 1889 489 1096
internal_value=0.000188156 0.000847645 0.000432749 -0.000419491 0.000425177 0.00343806
internal_weight=1117.86 1025.8 1002.41 874.585 801.209 376.12
internal_count=4848 4419 4321 3790 3474 1585
is_linear=0
shrinkage=0.03


Tree=118
num_leaves=7
num_cat=0
split_feature=9 68 64 16 34 68
split_gain=7.17619 8.44208 10.6566 7.48652 6.98688 10.4901
threshold=20.500000000000004 0.0042248882818967113 49.024999618530281 0.062854997813701644 -0.001095890183933079 -0.00096303960890509177
decision_type=10 2 8 8 2 2
left_child=1 2 -1 -3 5 -2
right_child=4 3 -4 -5 -6 -7
leaf_value=0.010747210370498523 -0.0069941120518872179 -0.012550060631896398 0.00058336407907780925 0.0052840072343659688 -0.0048246412090902878 0.0045188463519832784
leaf_weight=149.00279727578163 90.192231446504593 44.089019492268562 226.0803909599781 27.527275383472443 340.13310971856117 237.7348645478487
leaf_count=634 393 190 969 117 1488 1038
internal_value=8.48934e-05 0.00299109 0.00479522 -0.00588762 -0.0018738 0.00123908
internal_weight=1114.76 446.699 375.083 71.6163 668.06 327.927
internal_count=4829 1910 1603 307 2919 1431
is_linear=0
shrinkage=0.03


Tree=119
num_leaves=7
num_cat=0
split_feature=23 23 84 66 5 75
split_gain=6.2475 7.60246 8.58018 7.98288 7.55876 10.005
threshold=-0.024384999647736546 -0.019240000285208222 0.9689319133758546 0.99611648917198192 0.40576300024986273 10.379999637603762
decision_type=10 10 2 2 10 10
left_child=-1 -2 3 4 -3 -6
right_child=1 2 -4 -5 5 -7
leaf_value=-0.00554768000441388 0.01541406625375806 0.0038832567884546487 -0.010001413233008943 -0.0085735422060287114 0.01244730482673006 -0.0049993906487165798
leaf_weight=129.34305435419083 22.942976549267769 629.45271353423595 52.731031537055969 56.460234194993973 24.96040153503418 191.08296424150467
leaf_count=553 98 2700 222 263 112 851
internal_value=0.000403399 0.00123894 0.000742034 0.00147291 0.00223616 -0.00252221
internal_weight=1106.97 977.63 954.687 901.956 845.496 216.043
internal_count=4799 4246 4148 3926 3663 963
is_linear=0
shrinkage=0.03


Tree=120
num_leaves=7
num_cat=0
split_feature=4 47 83 38 81 65
split_gain=5.12555 5.6687 7.70866 7.07229 6.8914 8.21552
threshold=-0.83432689309120167 0.98058244585990917 0.0039270308334380397 0.0045419998932629832 3.9159775972366337 0.43102382123470312
decision_type=10 2 2 8 8 2
left_child=-1 2 4 -4 -2 -6
right_child=1 -3 3 -5 5 -7
leaf_value=0.0085917311590715736 -0.0044993703131983752 -0.0090043541987027183 0.012155521089053319 -0.0056087846936686801 0.013649939101744212 -0.00020738015414925048
leaf_weight=42.156742349267006 352.44004267454147 64.886837646365166 64.600161194801331 20.922271758317947 31.52672503888607 525.50775355100632
leaf_count=175 1536 274 271 87 130 2304
internal_value=-0.00060051 -0.00104302 -0.000439405 0.00767744 -0.00127787 0.000803802
internal_weight=1102.04 1059.88 994.997 85.5224 909.475 557.034
internal_count=4777 4602 4328 358 3970 2434
is_linear=0
shrinkage=0.03


Tree=121
num_leaves=7
num_cat=0
split_feature=5 5 62 81 1 36
split_gain=5.50602 8.75979 8.45517 7.83271 7.80078 9.04911
threshold=0.043678261339664466 0.08057796955108644 0.3099969625473023 4.1408777236938485 0.89959999918937694 0.25179999321699148
decision_type=8 10 10 10 10 10
left_child=3 2 -2 -1 5 -3
right_child=1 4 -4 -5 -6 -7
leaf_value=0.001919766357302813 -0.0039247754734106294 0.00042305262059901514 0.015970838640474286 -0.01391545559111664 -0.007066997669424843 0.015361945935514118
leaf_weight=51.575203731656075 22.986952006816864 810.42962945997715 52.132944226264954 46.681484892964363 110.1174845546484 28.250792041420937
leaf_count=224 96 3512 222 205 485 120
internal_value=0.000245662 0.000917549 0.0101369 -0.00619397 8.95095e-05 0.00110135
internal_weight=1122.17 1023.92 75.1199 98.2567 948.798 838.68
internal_count=4864 4435 318 429 4117 3632
is_linear=0
shrinkage=0.03


Tree=122
num_leaves=7
num_cat=0
split_feature=69 69 65 5 34 9
split_gain=6.45333 9.35187 8.06042 11.9147 7.80549 7.89143
threshold=-0.0097365905530750734 -0.005500225815922021 0.5542764961719514 0.25488853454589849 9.877497723209673e-05 40.500000000000007
decision_type=2 2 2 10 2 8
left_child=-1 -2 4 -4 5 -3
right_child=1 2 3 -5 -6 -7
leaf_value=0.0085412950335729924 -0.0074075060129680289 -0.0031831761328084372 -0.0072583934819399759 0.014519661872060843 -0.0040582170438674811 0.0047940396163823548
leaf_weight=59.802943468093872 156.32075999677181 168.42659717798233 25.108791351318359 65.325060799717903 338.08694958686829 291.89493551850319
leaf_count=252 683 755 113 294 1458 1233
internal_value=-0.000296182 -0.000878007 0.000339972 0.00835237 -0.000659666 0.00186964
internal_weight=1104.97 1045.16 888.842 90.4339 798.408 460.322
internal_count=4788 4536 3853 407 3446 1988
is_linear=0
shrinkage=0.03


Tree=123
num_leaves=7
num_cat=0
split_feature=44 85 63 9 25 62
split_gain=6.58575 7.20881 12.0369 8.36675 9.36549 8.5695
threshold=-0.010119500104337929 -2.250000034109689e-05 0.16955000162124637 28.500000000000004 0.0087004997767508047 0.63061374425888073
decision_type=8 8 10 10 10 8
left_child=-1 2 3 4 5 -2
right_child=1 -3 -4 -5 -6 -7
leaf_value=0.0050192347147860281 -0.00078662385576846203 0.0017100977176884679 -0.014880705099960746 -0.0057684158355114507 -0.011484335420026075 0.011324145463917185
leaf_weight=174.30238224565983 113.90566888451576 417.9153071641922 62.811303481459618 216.24397513270378 28.238046512007713 85.797451838850975
leaf_count=734 506 1781 273 968 126 376
internal_value=-0.000165433 -0.00118573 -0.00355967 -0.00166639 0.00230401 0.00470836
internal_weight=1099.21 924.912 506.996 444.185 227.941 199.703
internal_count=4764 4030 2249 1976 1008 882
is_linear=0
shrinkage=0.03


Tree=124
num_leaves=7
num_cat=0
split_feature=12 65 66 7 82 22
split_gain=5.69861 7.61575 15.6937 10.0748 10.0204 9.53576
threshold=0.64214998483657848 0.54030296206474315 0.98440539836883556 1.3507733941078188 0.89065000414848339 0.0017099999822676184
decision_type=10 2 2 2 8 10
left_child=1 2 -1 -3 -5 -6
right_child=-2 3 -4 4 5 -7
leaf_value=0.00030442048016528889 -0.007153042382053605 0.012394633340572482 -0.015912341735420214 0.0074594131545479454 -0.012916873143205592 0.0044917032171790114
leaf_weight=701.15119940042496 81.543963104486465 91.690292179584503 48.133880853652954 90.247346132993698 56.201540187001228 42.556640669703484
leaf_count=2968 380 405 222 401 252 189
internal_value=2.2984e-05 0.00065443 -0.00093319 0.00477871 0.000646908 -0.00569197
internal_weight=1111.52 1029.98 749.285 280.696 189.006 98.7582
internal_count=4817 4437 3190 1247 842 441
is_linear=0
shrinkage=0.03


Tree=125
num_leaves=7
num_cat=0
split_feature=25 25 15 48 44 54
split_gain=11.8273 8.48721 7.43236 6.42221 5.50691 8.71716
threshold=-0.010394999757409094 -0.0048314998857676974 -0.21935000270605085 -0.00070350000169128169 -0.010119500104337929 0.75098839402198803
decision_type=8 8 10 10 8 2
left_child=2 -2 -1 -4 -3 -6
right_child=1 4 3 -5 5 -7
leaf_value=0.02241690090419576 -0.0090009225703918151 0.0052156268158461113 0.012609118299343044 -0.0055633524914625023 -0.002949487647605028 0.0037431896058266498
leaf_weight=21.841829553246498 92.930239647626877 146.76402781903744 22.755887106060982 28.836015909910202 565.75803652405739 242.12143202126026
leaf_count=90 412 617 96 125 2508 1012
internal_value=4.19645e-05 -0.0008163 0.010916 0.00319789 6.54851e-05 -0.00092245
internal_weight=1121.01 1047.57 73.4337 51.5919 954.643 807.879
internal_count=4860 4549 311 221 4137 3520
is_linear=0
shrinkage=0.03


Tree=126
num_leaves=7
num_cat=0
split_feature=67 57 14 83 4 2
split_gain=4.52098 8.29007 9.51698 9.62641 7.27826 6.73454
threshold=0.32450738549232488 0.049444999545812614 0.0089881024323403853 -0.0028115591267123814 0.68146598339080822 0.89469999074935924
decision_type=2 10 2 2 10 8
left_child=1 2 3 -1 5 -2
right_child=4 -3 -4 -5 -6 -7
leaf_value=-0.0002193001097832159 0.0065654181923921482 0.011055674018209749 0.00034521278961771422 -0.01529432933534758 -0.0070611040906676239 0.00024637093850988237
leaf_weight=65.361847087740898 249.64952036738396 29.949700325727463 247.89710798859596 82.481915414333344 64.757077515125275 367.37862275540829
leaf_count=283 1102 129 1078 374 285 1553
internal_value=0.000330692 -0.00206632 -0.0033074 -0.00906577 0.00183556 0.00286699
internal_weight=1107.48 425.691 395.741 147.844 681.785 617.028
internal_count=4804 1864 1735 657 2940 2655
is_linear=0
shrinkage=0.03


Tree=127
num_leaves=7
num_cat=0
split_feature=42 3 68 13 20 6
split_gain=6.24163 9.91172 10.5386 5.37055 8.39358 6.20252
threshold=0.0857350528240204 0.25096899271011358 8.7561849795747562e-05 0.87474998831748974 0.045940000563859947 0.57229533791542064
decision_type=8 2 2 8 8 8
left_child=1 -1 -3 4 -2 -5
right_child=3 2 -4 5 -6 -7
leaf_value=0.014485492299985775 -0.01294019979557209 -0.0087061920264341966 0.0059618147119155666 -0.0013717926669453806 0.0056584681790530986 0.006512376808337059
leaf_weight=52.781235754489899 64.620308756828308 60.568054795265198 107.5401056855917 714.79528941214085 24.18012198805809 92.538471147418022
leaf_count=226 278 268 470 3116 103 385
internal_value=-9.13059e-05 0.00431285 0.000484949 -0.00121251 -0.0078157 -0.000399469
internal_weight=1117.02 220.889 168.108 896.134 88.8004 807.334
internal_count=4846 964 738 3882 381 3501
is_linear=0
shrinkage=0.03


Tree=128
num_leaves=7
num_cat=0
split_feature=65 26 59 9 62 35
split_gain=6.78315 6.16208 6.46293 8.13781 5.51719 5.2045
threshold=0.43000902235507971 -0.069005001336336122 0.023028519935905937 1733.5000000000002 0.12220010161399843 0.045690000057220466
decision_type=2 10 8 8 10 10
left_child=-1 2 3 -2 -5 -3
right_child=1 5 -4 4 -6 -7
leaf_value=0.0080857220438256203 0.010371620096448797 -0.0029588796489001027 -0.0092670522633449305 0.0041708381206262014 -0.012758555576788852 0.0044804409363445145
leaf_weight=67.667888551950455 106.97208292782307 770.38450658321381 20.435482025146484 32.481676653027534 20.217204093933105 85.990024954080582
leaf_count=279 464 3364 87 135 86 375
internal_value=-0.000474071 -0.00110483 0.00380208 0.00592232 -0.00332293 -0.00216879
internal_weight=1104.15 1036.48 180.106 159.671 52.6989 856.375
internal_count=4790 4511 772 685 221 3739
is_linear=0
shrinkage=0.03


Tree=129
num_leaves=7
num_cat=0
split_feature=42 0 57 10 24 81
split_gain=5.96698 8.52959 7.84805 7.7957 9.49492 8.1024
threshold=0.0857350528240204 0.016210639849305156 0.020825000479817394 3.5000000000000004 0.0046990001574158677 6.4338269233703622
decision_type=8 10 8 2 8 10
left_child=1 -1 -2 -4 5 -5
right_child=2 -3 3 4 -6 -7
leaf_value=-0.0095302193445541243 -0.0043672129437508818 0.0068825543130900859 0.0084304656331975689 0.0046384249212197996 -0.0057844319268437637 -0.010070581885240409
leaf_weight=24.053799659013748 308.00888286530972 200.7220566868782 106.63625112175941 269.92656713724136 166.48496951162815 28.819053187966347
leaf_count=111 1407 869 446 1128 711 122
internal_value=0.000544452 0.00479507 -0.000583106 0.00149505 -0.000238573 0.00293927
internal_weight=1104.65 224.776 879.876 571.867 465.231 298.746
internal_count=4794 980 3814 2407 1961 1250
is_linear=0
shrinkage=0.03


Tree=130
num_leaves=7
num_cat=0
split_feature=79 14 5 20 14 69
split_gain=4.9745 4.98879 8.08909 14.828 10.7651 9.40652
threshold=0.15301851183176043 0.0089881024323403853 0.31684833765029913 0.024984999559819702 0.012032883707433941 0.00066392018925398599
decision_type=8 2 8 8 2 2
left_child=-1 -2 4 -4 -3 -5
right_child=1 2 3 5 -6 -7
leaf_value=-0.010628581433471595 -0.0019004283237240281 0.0066801634933581107 -0.0076537200664270107 0.014057635022226806 -0.0061242332674717606 -0.0047009064976441155
leaf_weight=26.209448963403702 408.52892708778381 362.66267064213753 149.65820087492466 53.92702879011631 62.106406524777412 32.212541595101357
leaf_count=114 1784 1550 666 234 264 142
internal_value=0.000312907 0.000677153 0.00227583 -0.00212269 0.0047102 0.00728343
internal_weight=1095.31 1069.1 660.567 235.798 424.769 86.1396
internal_count=4754 4640 2856 1042 1814 376
is_linear=0
shrinkage=0.03


Tree=131
num_leaves=7
num_cat=0
split_feature=59 59 61 60 13 79
split_gain=5.78683 6.15364 7.21022 6.14224 8.06644 6.08257
threshold=-0.023476566188037392 -0.017427170649170872 -0.050860000774264329 -0.09893500059843062 0.99395000934600841 0.15301851183176043
decision_type=10 10 8 10 10 10
left_child=3 -2 -3 -1 -5 -4
right_child=1 2 5 4 -6 -7
leaf_value=-0.015689928424119114 0.0096736672964989265 0.010470148683497398 -0.013685241442384291 -0.0078251028318665761 0.010550301961465176 1.8935732891256586e-06
leaf_weight=30.629055008292198 55.996208041906357 47.870127514004707 20.213029205799103 46.532157868146896 24.756180390715599 890.47509452700615
leaf_count=129 234 203 89 195 103 3895
internal_value=0.000106011 0.000812613 0.000200444 -0.0063721 -0.000931028 -0.000447239
internal_weight=1116.47 1014.55 958.558 101.917 71.2883 910.688
internal_count=4848 4421 4187 427 298 3984
is_linear=0
shrinkage=0.03


Tree=132
num_leaves=7
num_cat=0
split_feature=80 57 64 63 55 2
split_gain=6.66097 12.245 7.97722 7.56174 10.8931 10.3495
threshold=0.17514999955892566 0.027914999984204773 50.914999008178718 -0.014764999970793722 -0.0086409673094749433 0.87095001339912426
decision_type=8 10 10 8 2 10
left_child=1 2 -1 4 -2 -6
right_child=3 -3 -4 -5 5 -7
leaf_value=-0.002875880283648186 -0.013259030399115209 0.011029343908416962 -0.017045587927723305 -0.0017788307260447563 0.010821938445399885 0.00041502498632226567
leaf_weight=86.568095609545708 21.978488847613335 23.527121156454086 57.659493207931519 569.6171550154686 148.46506172418594 189.9038375467062
leaf_count=394 97 104 272 2446 653 802
internal_value=-0.000648551 -0.0059702 -0.00927859 0.000364716 0.00370965 0.00516081
internal_weight=1097.72 167.755 144.228 929.965 360.347 338.369
internal_count=4768 770 666 3998 1552 1455
is_linear=0
shrinkage=0.03


Tree=133
num_leaves=7
num_cat=0
split_feature=28 2 63 52 33 20
split_gain=7.97764 10.9657 6.4782 5.77256 6.08128 5.79441
threshold=-0.27319093048572535 0.76140001416206371 -0.037469999864697449 -0.0062519118655472985 -0.0020912500331178303 0.055490000173449523
decision_type=8 10 10 2 2 10
left_child=1 -1 3 -2 -5 -6
right_child=2 -3 -4 4 5 -7
leaf_value=-0.0027102536367731131 -0.010580434271615221 0.015376893258570749 -0.0024695971071033089 -0.007000746116604983 0.0027705764345668186 0.013248584869126376
leaf_weight=48.998616024851799 19.030439466238022 59.0350062251091 624.35481835901737 36.299359932541847 276.91873386502266 49.769076839089394
leaf_count=220 85 255 2724 155 1185 215
internal_value=0.000258397 0.00763886 -0.000601256 0.00243739 0.00338525 0.00471293
internal_weight=1114.41 108.034 1006.37 382.018 362.987 326.688
internal_count=4839 475 4364 1640 1555 1400
is_linear=0
shrinkage=0.03


Tree=134
num_leaves=7
num_cat=0
split_feature=59 59 81 36 64 26
split_gain=6.14074 7.17038 7.62736 7.09428 10.7545 7.73638
threshold=-0.031359791755676263 -0.015208194032311438 3.1805495023727421 0.13184999674558642 44.125000000000007 0.067719999700784697
decision_type=10 10 10 10 10 10
left_child=-1 2 -2 -3 -5 -6
right_child=1 3 -4 4 5 -7
leaf_value=-0.0093457688925917375 -0.0046529497250787028 -0.0022482040813443451 0.010625937723688281 0.015555087674994555 -0.0033936074132483382 0.011113916483342912
leaf_weight=55.379272624850273 34.34307886660099 708.42610110342503 94.054915636777878 43.969916149973869 128.20309868454933 33.493831396102905
leaf_count=233 143 3101 394 191 560 144
internal_value=-0.000426897 0.000131187 0.00649832 -0.000823815 0.00395929 8.37508e-05
internal_weight=1097.87 1042.49 128.398 914.093 205.667 161.697
internal_count=4766 4533 537 3996 895 704
is_linear=0
shrinkage=0.03


Tree=135
num_leaves=7
num_cat=0
split_feature=2 65 49 14 43 2
split_gain=4.95821 5.44872 7.0679 6.51279 6.05385 5.86686
threshold=1.8429999947547915 0.44078741967678076 0.0014619999565184119 0.0089649772271513956 0.97669893503189098 1.1514999866485598
decision_type=10 2 10 2 10 10
left_child=1 2 -1 -4 -3 -5
right_child=-2 4 3 5 -6 -7
leaf_value=0.012202152412755718 -0.011181783742882022 -0.00036838599393221143 -0.010826740369439607 0.013581726634471684 -0.013652886895753641 -0.0048825680393210207
leaf_weight=60.775248721241951 26.915498539805412 915.49551768600941 26.195279985666275 23.838754549622536 21.97921259701252 21.287842810153961
leaf_count=251 112 4005 110 98 94 89
internal_value=-0.000372144 9.34636e-07 0.00547905 -0.00104588 -0.000820653 0.0055658
internal_weight=1096.49 1069.57 132.097 71.3219 937.475 45.1266
internal_count=4759 4647 548 297 4099 187
is_linear=0
shrinkage=0.03


Tree=136
num_leaves=7
num_cat=0
split_feature=59 59 61 49 76 12
split_gain=5.48855 9.47064 7.56347 7.66531 6.1675 9.09052
threshold=-0.023476566188037392 -0.015898556448519226 -0.047814998775720589 0.016601500101387504 0.19245000183582309 0.64065000414848339
decision_type=10 10 8 10 10 8
left_child=-1 -2 -3 4 5 -4
right_child=1 2 3 -5 -6 -7
leaf_value=-0.0059879356096125165 0.010884995953023061 0.0099500622893868192 0.0072960250732787436 -0.011617792682440427 -0.0019048566485713432 -0.0029288334868084495
leaf_weight=103.85542877018452 69.71133853495121 55.433905974030495 190.90466767549515 43.583835601806641 519.21493275463581 121.02323748171329
leaf_count=436 292 235 821 185 2290 534
internal_value=0.000258973 0.000960701 0.000109053 -0.000620015 8.79537e-05 0.00336119
internal_weight=1103.73 999.872 930.161 874.727 831.143 311.928
internal_count=4793 4357 4065 3830 3645 1355
is_linear=0
shrinkage=0.03


Tree=137
num_leaves=7
num_cat=0
split_feature=82 59 1 15 78 7
split_gain=4.6328 8.32314 9.14942 9.68984 9.86867 8.85646
threshold=0.62704998254776012 0.011177483946084978 0.33165000379085546 -0.075555000454187379 0.24555196613073352 1.7287779450416567
decision_type=10 10 10 10 10 2
left_child=-1 2 3 4 5 -2
right_child=1 -3 -4 -5 -6 -7
leaf_value=0.0035700253191829285 0.017612461145424533 0.0036951651188639172 -0.0053993526526091452 0.018179550839777688 -0.0048178958869145166 -0.002374214655843877
leaf_weight=235.90322494506836 32.60502053797245 230.85787385702133 419.58544874191284 19.22228530049324 136.82042801380157 33.599154010415077
leaf_count=991 142 1003 1857 85 587 149
internal_value=-7.22738e-05 -0.00108614 -0.00283621 0.00202693 -0.000284005 0.00848858
internal_weight=1108.59 872.69 641.832 222.247 203.025 66.2042
internal_count=4814 3823 2820 963 878 291
is_linear=0
shrinkage=0.03


Tree=138
num_leaves=7
num_cat=0
split_feature=68 12 49 9 6 33
split_gain=6.40163 6.89987 9.72123 7.29625 6.92222 6.66818
threshold=-0.00048137379053514445 0.58544999361038219 -0.0041734999977052203 38.500000000000007 0.069525808095932021 -0.00089050683891400684
decision_type=2 8 10 8 10 2
left_child=1 4 -3 -4 -1 -2
right_child=5 2 3 -5 -6 -7
leaf_value=0.0051583617694558491 0.01319520826392393 0.013122923646141935 -0.01551385184628116 0.0045484385523484839 -0.010183145236701864 0.00081070058113747584
leaf_weight=25.960451185703278 31.190367996692657 34.459656268358231 21.672845438122749 26.579011246562004 133.13863396644592 826.03974938392639
leaf_count=110 133 150 101 117 571 3592
internal_value=0.000187224 -0.00402546 0.00278768 -0.00557906 -0.00752283 0.00140827
internal_weight=1099.04 241.811 82.7115 48.2519 159.099 857.23
internal_count=4774 1049 368 218 681 3725
is_linear=0
shrinkage=0.03


Tree=139
num_leaves=7
num_cat=0
split_feature=14 35 77 79 66 13
split_gain=5.35892 9.97761 8.98855 8.16286 7.1804 12.9502
threshold=0.0089881024323403853 -0.023965000174939629 0.044437786564230926 0.30804948508739477 0.96421459317207348 1.0135000348091128
decision_type=2 8 10 10 2 8
left_child=2 -2 3 -1 -3 -6
right_child=1 4 -4 -5 5 -7
leaf_value=-0.0024806518546783285 -0.0022818430039350142 0.0084843049813107443 -0.0044827334446848463 0.014512783452184689 0.0090056688594509909 -0.0062010628792042964
leaf_weight=47.509231865406036 278.14838708937168 223.65240870416164 328.58058731257915 39.278929948806763 80.232768759131432 104.24116238951683
leaf_count=213 1206 929 1428 179 357 475
internal_value=0.000435217 0.00205244 -0.0022222 0.00591512 0.00499028 0.000535752
internal_weight=1101.64 686.275 415.369 86.7882 408.126 184.474
internal_count=4787 2967 1820 392 1761 832
is_linear=0
shrinkage=0.03


Tree=140
num_leaves=7
num_cat=0
split_feature=84 6 26 65 69 12
split_gain=5.55642 5.10403 5.34346 9.14486 7.05352 10.9662
threshold=0.99599996209144603 0.7153565287590028 -0.07418500259518622 0.53923010826110851 -0.0077164568938314906 0.57005000114440929
decision_type=2 8 8 2 2 8
left_child=1 2 3 -1 5 -4
right_child=-2 -3 4 -5 -6 -7
leaf_value=-0.0015522705586363487 -0.012238498479654544 0.0096405503293941555 -0.0026973875638050407 0.015388462438215671 -0.0021396493762743289 0.016073690296033852
leaf_weight=64.740988314151764 24.953385919332504 36.525751888751984 56.246727213263512 39.269630119204521 846.11514033377171 41.423411935567856
leaf_count=280 106 152 238 173 3691 179
internal_value=-0.000465473 -8.51814e-05 -0.00051215 0.00563251 -0.00124128 0.00601718
internal_weight=1109.28 1084.32 1047.8 104.011 943.785 97.6701
internal_count=4819 4713 4561 453 4108 417
is_linear=0
shrinkage=0.03


Tree=141
num_leaves=7
num_cat=0
split_feature=20 33 50 13 71 27
split_gain=5.56111 7.25095 6.64201 7.37325 7.92116 6.25485
threshold=0.097379997372627272 0.0021596889710053806 -0.012367049697786568 0.87764999270439159 0.98834946751594555 -0.0051275419536977998
decision_type=10 2 2 8 2 2
left_child=2 -2 -1 4 -4 -5
right_child=1 -3 3 5 -6 -7
leaf_value=-0.0068633262370016747 0.010305434658177711 -0.0058668362871760835 -0.014066201491756804 0.0093449794127359077 0.0049416045487183308 -1.5721358227939009e-05
leaf_weight=143.47475208342075 76.341119199991226 27.544183686375618 52.908333107829094 60.493809744715691 22.669775992631912 724.4427892267704
leaf_count=614 327 121 231 267 96 3156
internal_value=-0.000411543 0.00587887 -0.00111399 -8.75613e-05 -0.00845357 0.000814174
internal_weight=1107.87 103.885 1003.99 860.515 75.5781 784.937
internal_count=4812 448 4364 3750 327 3423
is_linear=0
shrinkage=0.03


Tree=142
num_leaves=7
num_cat=0
split_feature=22 22 20 44 13 64
split_gain=6.13224 9.42448 8.16161 7.43033 6.58874 6.12007
threshold=-0.0075904999393969766 -0.0046884999610483638 0.10455000028014184 0.019556500017642978 1.0814999938011172 57.905000686645515
decision_type=8 8 10 8 8 10
left_child=2 4 3 -1 -2 -3
right_child=1 5 -4 -5 -6 -7
leaf_value=-0.0093167989214109018 0.014792880808799237 0.0011451078318340435 0.0079805421665900926 0.0065456249912802921 -0.0036670651594113918 -0.0046342866425300409
leaf_weight=170.92121183872223 54.587614133954048 595.5248150229454 29.474802061915398 23.849158942699432 19.164602547883987 216.72772172093391
leaf_count=754 236 2572 125 101 81 956
internal_value=-0.000587239 0.000548165 -0.00490517 -0.00714968 0.0101309 -0.000434575
internal_weight=1110.25 886.005 224.245 194.77 73.7522 812.253
internal_count=4825 3845 980 855 317 3528
is_linear=0
shrinkage=0.03


Tree=143
num_leaves=7
num_cat=0
split_feature=49 22 17 75 42 60
split_gain=6.92661 8.42543 7.64976 7.14652 6.96908 6.45579
threshold=0.0031595000764355068 0.0031994999153539543 -0.079769998788833604 13.619999885559084 0.26759198307991033 -0.080249998718500123
decision_type=10 8 8 10 10 8
left_child=2 3 -1 4 -2 -4
right_child=1 -3 5 -5 -6 -7
leaf_value=-0.007567187156072447 0.0084831976539816358 -0.0089188211266274433 0.012768243668118866 0.0096049963531914702 -0.007186776739005636 0.0017973146403719444
leaf_weight=63.649623200297356 25.596611171960831 132.56316687166691 42.413436278700829 48.601923689246178 85.370257019996643 702.1317094117403
leaf_count=271 110 566 182 206 358 3091
internal_value=0.000269989 -0.0036145 0.0017011 0.00105821 -0.00316972 0.00258321
internal_weight=1100.33 292.132 808.195 159.569 110.967 744.545
internal_count=4784 1240 3544 674 468 3273
is_linear=0
shrinkage=0.03


Tree=144
num_leaves=7
num_cat=0
split_feature=6 49 26 75 12 80
split_gain=6.06624 9.66453 5.54879 6.29916 6.03038 6.98761
threshold=0.65093639492988598 0.00012799999967683109 -0.07418500259518622 13.764999866485597 0.64065000414848339 0.12260000035166742
decision_type=10 8 8 10 10 8
left_child=2 -2 3 -1 5 -4
right_child=1 -3 4 -5 -6 -7
leaf_value=0.010328359988901376 0.01794195913775332 -0.0022744598522747828 0.014664889563307866 -0.0043485739059820547 -0.0089455756186842036 -0.0010738777544421439
leaf_weight=69.571059420704842 31.898849755525589 39.237739935517311 16.190228953957558 32.482485458254814 76.179392650723457 834.92701168358326
leaf_count=302 133 163 72 144 361 3609
internal_value=-1.56123e-05 0.00788495 -0.000632218 0.00568568 -0.00138078 -0.000607666
internal_weight=1100.49 71.1366 1029.35 102.054 927.297 851.117
internal_count=4784 296 4488 446 4042 3681
is_linear=0
shrinkage=0.03


Tree=145
num_leaves=7
num_cat=0
split_feature=79 36 1 66 10 43
split_gain=6.14315 5.65299 7.38496 7.82502 6.54111 6.01751
threshold=0.15301851183176043 0.076185002923011794 0.069509997963905348 0.96449691057205211 16.500000000000004 0.73684450984001171
decision_type=8 8 10 2 2 10
left_child=-1 2 -2 5 -5 -4
right_child=1 -3 3 4 -6 -7
leaf_value=-0.012064880082532625 -0.0076744265160290891 -0.00029239380403903918 0.020280491882189916 -0.0051642509973779741 0.011981580540820951 0.0016193171490867392
leaf_weight=25.342140555381775 23.493192002177238 910.11731359362602 44.592453047633171 48.640258863568306 20.452868297696114 24.345250651240349
leaf_count=111 100 3953 184 224 92 101
internal_value=0.000246022 0.000646 0.00564222 0.00827407 0.000784398 0.0147303
internal_weight=1096.98 1071.64 161.524 138.031 69.0931 68.9377
internal_count=4765 4654 701 601 316 285
is_linear=0
shrinkage=0.03


Tree=146
num_leaves=7
num_cat=0
split_feature=2 67 79 15 6 0
split_gain=6.67502 5.61081 7.49897 4.53608 5.97174 7.85134
threshold=0.53275001049041759 0.79583334922790538 1.0359924435615542 -0.17715000361204145 0.14311316609382632 0.041542567312717445
decision_type=8 2 10 10 10 10
left_child=-1 3 -3 4 5 -2
right_child=1 2 -4 -5 -6 -7
leaf_value=-0.0068619159188218967 0.0080061139690038741 0.0020480570669377958 -0.015164427624985649 0.00390713812774569 -0.0024738110247745117 -0.0088888800348041752
leaf_weight=89.518334046006203 113.5257980376482 45.125057607889175 32.133185103535652 488.75448510050774 317.95360228419304 22.163431510329247
leaf_count=418 482 193 138 2142 1352 93
internal_value=0.000564309 0.00127659 -0.00602839 0.00193246 -0.000233435 0.00482578
internal_weight=1109.17 1019.66 77.2582 942.397 453.643 135.689
internal_count=4818 4400 331 4069 1927 575
is_linear=0
shrinkage=0.03


Tree=147
num_leaves=7
num_cat=0
split_feature=29 50 61 69 85 47
split_gain=7.76703 7.06039 8.78939 8.76498 6.27721 6.353
threshold=0.29761399328708654 -0.01224880153313279 0.039699999615550048 -0.0088799283839762193 0.001110999961383641 0.16178750991821292
decision_type=2 2 8 2 8 2
left_child=1 3 -3 -1 5 -2
right_child=4 2 -4 -5 -6 -7
leaf_value=0.011092454832258911 0.0015738320798691272 0.008780339831333011 -0.0057896197445918944 -0.0082749286792252481 0.0034282404463743762 -0.0050333337985300295
leaf_weight=19.588958337903023 191.02550354599953 218.54674616456032 37.304407760500908 65.603616252541542 181.8099472373724 381.20951081812382
leaf_count=83 810 982 164 286 765 1668
internal_value=0.000398435 0.00408907 0.0065181 -0.0031242 -0.00130246 -0.00283856
internal_weight=1095.09 341.044 255.851 85.1926 754.045 572.235
internal_count=4758 1515 1146 369 3243 2478
is_linear=0
shrinkage=0.03


Tree=148
num_leaves=7
num_cat=0
split_feature=25 24 25 16 13 75
split_gain=6.32397 9.7363 7.14171 6.51399 6.33257 9.95664
threshold=-0.010394999757409094 0.0060049998573958882 -0.0048314998857676974 -0.027769999578595158 1.0745000243186953 11.00500011444092
decision_type=8 10 8 10 10 10
left_child=1 3 -2 -1 -4 -6
right_child=2 -3 4 -5 5 -7
leaf_value=0.024115714960638655 -0.008542881176239827 -0.0070004928341634897 -0.0013271877043495607 0.0035511302290393036 -0.0061825248770708812 0.0087643412081279248
leaf_weight=19.886184439063072 89.995668098330498 22.42815774679184 757.20889280736446 33.666557535529137 47.328437924385071 134.87986488640308
leaf_count=82 402 98 3296 142 209 577
internal_value=-0.000276458 0.00754562 -0.000920846 0.0137806 -0.00010837 0.00476224
internal_weight=1105.39 75.9809 1029.41 53.5527 939.417 182.208
internal_count=4806 322 4484 224 4082 786
is_linear=0
shrinkage=0.03


Tree=149
num_leaves=7
num_cat=0
split_feature=57 85 64 38 42 5
split_gain=4.62382 10.1943 8.30424 6.83444 6.21692 6.7836
threshold=0.0019885000074282293 -4.5500000851461657e-05 45.944999694824226 -0.0033355000196024771 0.22026123851537707 0.25000090897083288
decision_type=8 8 10 10 10 10
left_child=1 2 -1 -4 -2 -6
right_child=4 -3 3 -5 5 -7
leaf_value=0.0012197960885054978 0.005577973936294567 0.0058596771948082309 0.0043777168291420218 -0.012909284174468825 0.0024116437550755826 -0.0045512211470464369
leaf_weight=91.027859434485435 257.24441057443619 86.986970365047455 19.565239250659943 113.8079147040844 349.55447189509869 183.80847643315792
leaf_count=412 1107 395 85 531 1462 797
internal_value=0.000628093 -0.00241856 -0.00574063 -0.0102449 0.00184327 -2.751e-05
internal_weight=1102 311.388 224.401 133.373 790.607 533.363
internal_count=4789 1423 1028 616 3366 2259
is_linear=0
shrinkage=0.03


Tree=150
num_leaves=7
num_cat=0
split_feature=29 55 9 76 68 63
split_gain=5.36955 9.53697 8.16654 7.4944 8.21183 7.39575
threshold=0.29761399328708654 -0.00068928604014217843 40.500000000000007 0.013884999789297582 0.0024953639367595319 0.064880002290010466
decision_type=2 2 8 10 2 10
left_child=2 5 -1 -4 -5 -2
right_child=1 -3 3 4 -6 -7
leaf_value=-0.0018297381243987389 -0.014590483950205221 -0.0004251894422510913 -0.0076546398177782561 0.013050208876350269 -0.0029853774064234301 0.002904090901590601
leaf_weight=172.87184819579124 70.852156683802605 671.18464162945747 19.053018718957901 115.50908508896828 33.052907392382622 25.752286165952682
leaf_count=785 314 2876 83 499 145 114
internal_value=-0.000369394 -0.00175559 0.00271734 0.00724601 0.00951925 -0.0100919
internal_weight=1108.28 767.789 340.487 167.615 148.562 96.6044
internal_count=4816 3304 1512 727 644 428
is_linear=0
shrinkage=0.03


Tree=151
num_leaves=7
num_cat=0
split_feature=20 33 12 48 69 4
split_gain=4.80871 7.82639 6.26481 6.34149 6.21051 10.1424
threshold=0.097969997674226775 0.0021596889710053806 0.55484998226165783 0.00042949999624397611 -0.0039306972175836554 -0.62151971459388722
decision_type=10 2 8 8 2 8
left_child=4 2 3 -2 -1 -6
right_child=1 -3 -4 -5 5 -7
leaf_value=-0.0039340482813061311 -0.0069234662824436072 -0.007456509707507086 0.018623444732453791 0.012037189346229552 0.0088524387127526648 -0.00043271687923914453
leaf_weight=289.24050204455853 24.950022593140602 21.139300301671028 33.507995530962944 19.426232561469078 118.41383557021618 598.71599420905113
leaf_count=1268 105 94 147 81 494 2618
internal_value=0.000346478 0.00633177 0.0104968 0.00206402 -0.000298959 0.00120113
internal_weight=1105.39 99.0236 77.8843 44.3763 1006.37 717.13
internal_count=4807 427 333 186 4380 3112
is_linear=0
shrinkage=0.03


Tree=152
num_leaves=7
num_cat=0
split_feature=50 81 65 47 84 84
split_gain=5.05737 7.49763 6.13181 4.86206 7.36913 11.0327
threshold=0.023628529161214832 2.738420963287354 0.43867300450801855 0.50294199585914623 0.28064006567001348 0.21851117163896563
decision_type=2 10 2 2 2 2
left_child=3 -2 -3 4 5 -1
right_child=1 2 -4 -5 -6 -7
leaf_value=-0.00062914441419958109 0.005583177908627608 0.0022491386772448235 -0.016231340446299126 0.0032060829553301282 -0.0049808256885738398 0.013060600592918324
leaf_weight=326.82273145020008 27.019209161400795 19.380371674895287 47.648947522044182 379.96895164251328 246.91048626601696 53.053009808063507
leaf_count=1414 114 81 204 1615 1118 238
internal_value=-7.26572e-05 -0.00637159 -0.0112897 0.000572652 -0.00104906 0.00156871
internal_weight=1100.8 94.0485 67.0293 1006.76 626.786 379.876
internal_count=4784 399 285 4385 2770 1652
is_linear=0
shrinkage=0.03


Tree=153
num_leaves=7
num_cat=0
split_feature=17 4 81 13 13 63
split_gain=5.75938 6.96388 9.39936 7.18088 6.82006 6.4118
threshold=-0.085224997252225862 -0.5899096131324767 3.9427559375762944 0.86225000023841869 1.0875000357627871 -0.023400000296533104
decision_type=8 10 8 10 10 8
left_child=4 2 3 -2 -1 -3
right_child=1 5 -4 -5 -6 -7
leaf_value=-0.013435790046867794 -0.013540080511615276 0.0029639073056785437 0.011659257288326872 0.0039999089670733571 0.0043589007390341166 -0.0024655793766424801
leaf_weight=47.946910262107849 21.493974551558495 285.98279763758183 95.081025779247284 54.131043046712875 23.184456929564476 569.24143970012665
leaf_count=207 90 1255 401 228 96 2490
internal_value=-0.000117031 0.000486861 0.00583962 -0.00198438 -0.00781344 -0.000636714
internal_weight=1097.06 1025.93 170.706 75.625 71.1314 855.224
internal_count=4767 4464 719 318 303 3745
is_linear=0
shrinkage=0.03


Tree=154
num_leaves=7
num_cat=0
split_feature=71 69 60 60 7 60
split_gain=6.08917 7.50203 6.21427 5.81235 6.30245 10.3523
threshold=0.99611648917198192 -0.0020775061566382642 -0.10085000097751616 -0.080249998718500123 2.6297887563705449 -0.019089999608695504
decision_type=2 2 8 8 2 10
left_child=2 -2 -1 -4 -5 -6
right_child=1 -3 3 4 5 -7
leaf_value=-0.0076436442502400169 -0.015055281284737753 0.0019625424026058005 0.010622210131724081 -0.00027400541177456347 -0.0032855912151963096 0.014372720941901614
leaf_weight=66.292970061302185 41.45041535794735 38.888175383210182 46.172639280557632 806.32753291726112 46.07946053147316 61.330278053879738
leaf_count=282 192 176 195 3506 197 264
internal_value=-4.28612e-05 -0.00751235 0.00060876 0.00125162 0.00066824 0.00716257
internal_weight=1106.54 80.3386 1026.2 959.91 913.737 107.41
internal_count=4812 368 4444 4162 3967 461
is_linear=0
shrinkage=0.03


Tree=155
num_leaves=7
num_cat=0
split_feature=6 44 1 70 44 17
split_gain=5.45281 9.17753 5.01101 8.09331 8.45612 8.03496
threshold=0.66727495193481456 1.0000000180025095e-35 0.25814999639987951 0.00065622627153061341 0.00057850001030601572 -0.032150000333786004
decision_type=8 8 8 2 10 10
left_child=2 -2 3 5 -5 -1
right_child=1 -3 -4 4 -6 -7
leaf_value=0.0026279584365524328 0.019252866389373176 -0.0019140422883716613 -0.00098427432321537356 -0.0097816801539180303 0.0066389646076527378 0.016682022466226475
leaf_weight=107.0509570389986 26.686548978090286 33.782256498932838 783.09827749431133 55.523877620697021 40.461468353867531 49.687899738550186
leaf_count=462 111 140 3426 240 170 216
internal_value=0.000758654 0.00883398 0.000207274 0.00379637 -0.00288645 0.00781653
internal_weight=1096.29 60.4688 1035.82 252.724 95.9853 156.739
internal_count=4765 251 4514 1088 410 678
is_linear=0
shrinkage=0.03


Tree=156
num_leaves=7
num_cat=0
split_feature=64 20 17 17 20 22
split_gain=5.66946 8.1291 7.53383 14.6453 6.76263 8.99044
threshold=50.225000381469734 0.097969997674226775 -0.029519999399781224 -0.042549999430775635 -0.017754999920725819 -0.0032404999947175379
decision_type=10 10 10 10 8 8
left_child=2 -2 3 4 -1 -6
right_child=1 -3 -4 -5 5 -7
leaf_value=0.010077413479490508 -0.0026253177233544803 0.0096743243736602813 0.0073624933567918421 -0.01156890367972062 -0.0099911622367010993 0.0036418047542759332
leaf_weight=79.299270749092102 489.54416009783745 43.714386865496635 198.76894967257977 66.210289672017097 48.19101445376873 162.89854864776134
leaf_count=341 2155 188 863 293 206 688
internal_value=0.000738878 -0.00145752 0.00283632 0.000181405 0.00315648 0.000218314
internal_weight=1088.63 533.259 555.368 356.599 290.389 211.09
internal_count=4734 2343 2391 1528 1235 894
is_linear=0
shrinkage=0.03


Tree=157
num_leaves=7
num_cat=0
split_feature=22 44 12 22 1 22
split_gain=5.13513 9.84234 9.20916 8.53117 7.75133 7.21411
threshold=-0.00714999996125698 0.020132000558078293 0.47605000436306005 -0.0046884999610483638 0.14739999920129779 -0.002784500014968216
decision_type=8 8 8 8 10 8
left_child=1 2 -1 -2 -4 -5
right_child=3 -3 4 5 -6 -7
leaf_value=-0.014740623192766538 0.010854397573427873 0.010888814234513832 0.01179137576080258 -0.0091506051793870963 -0.0046656900695701839 0.0010839381771321442
leaf_weight=63.098656326532364 64.745859280228615 26.61893518269062 22.11298780143261 57.431396678090096 122.30606314539909 758.45393092930317
leaf_count=266 278 112 95 253 549 3294
internal_value=9.76326e-05 -0.00375784 -0.00605083 0.00115338 -0.00154542 0.000261439
internal_weight=1114.77 234.137 207.518 880.631 144.419 815.885
internal_count=4847 1022 910 3825 644 3547
is_linear=0
shrinkage=0.03


Tree=158
num_leaves=7
num_cat=0
split_feature=25 24 36 27 83 53
split_gain=4.84094 8.26733 4.86009 7.09387 7.75531 13.2534
threshold=-0.010394999757409094 0.0060049998573958882 0.15370000153779986 -0.0057691168040037146 0.00097956944955512903 0.0017821574001573028
decision_type=8 10 10 2 2 2
left_child=1 -1 3 -2 5 -5
right_child=2 -3 -4 4 -6 -7
leaf_value=0.012767414769721335 0.0073790600159054694 -0.006676980415457022 -0.0063034257417749441 -0.0015075810243770393 -0.0056293206163322328 0.0088864881301255836
leaf_weight=50.658751681447029 95.186053022742271 21.620040208101273 113.37322792410851 478.11899909377098 216.58865842223167 132.79293736815453
leaf_count=212 415 95 499 2122 916 558
internal_value=-0.000161545 0.00684659 -0.000711232 3.61137e-05 -0.000886556 0.000858493
internal_weight=1108.34 72.2788 1036.06 922.687 827.501 610.912
internal_count=4817 307 4510 4011 3596 2680
is_linear=0
shrinkage=0.03


Tree=159
num_leaves=7
num_cat=0
split_feature=38 53 2 10 85 75
split_gain=5.4765 6.4541 9.83636 8.66475 7.58544 7.55526
threshold=-0.0071350000798702231 0.0023260713787749414 0.99290001392364513 3.5000000000000004 -7.3500003054505201e-05 12.625000000000002
decision_type=8 2 8 2 8 10
left_child=-1 -2 4 -4 -3 -6
right_child=1 2 3 -5 5 -7
leaf_value=0.012637348166896049 -0.0018606037663791626 -0.0020627003951009144 0.010010603361532134 -0.003134392162758582 0.022517449014592794 0.0043731621502098254
leaf_weight=20.754741564393044 715.49586129188538 33.081665366888046 46.895423948764801 208.5169565975666 38.324056416749954 46.69562691450119
leaf_count=86 3163 143 193 877 162 198
internal_value=0.000152395 -0.000198371 0.00295126 -0.000434646 0.00973611 0.014061
internal_weight=1109.76 1089.01 373.514 255.412 118.101 85.0197
internal_count=4822 4736 1573 1070 503 360
is_linear=0
shrinkage=0.03


Tree=160
num_leaves=7
num_cat=0
split_feature=79 67 26 68 23 79
split_gain=4.80052 7.8809 7.64131 7.42124 7.7585 8.31122
threshold=0.91427773237228405 0.79583334922790538 0.042385000735521323 0.0028021199395880107 0.008914500009268524 1.526287913322449
decision_type=8 2 10 2 8 10
left_child=-1 2 3 4 -2 -6
right_child=1 -3 -4 -5 5 -7
leaf_value=-0.0014334117499444864 0.0031678601209131556 -0.0093888311348601077 0.010955741392158012 0.0077762976451282873 0.0022142945033012612 -0.015098644294659017
leaf_weight=653.03873102366924 116.57889476418495 35.246745973825455 92.737206041812897 99.00419445335865 38.839769452810287 50.032648757100105
leaf_count=2880 495 152 391 424 167 212
internal_value=0.000183215 0.00260175 0.00387023 0.00143221 -0.00184395 -0.0080737
internal_weight=1085.48 432.439 397.193 304.456 205.451 88.8724
internal_count=4721 1841 1689 1298 874 379
is_linear=0
shrinkage=0.03


Tree=161
num_leaves=7
num_cat=0
split_feature=5 5 62 50 69 35
split_gain=6.32426 7.74603 8.31809 8.29079 8.89286 8.65042
threshold=0.043678261339664466 0.17092690616846087 0.63489204645156871 0.016576678492128852 -0.0016962056397460399 -0.075245000422000871
decision_type=8 10 10 2 2 10
left_child=-1 2 -2 4 -3 -5
right_child=1 3 -4 5 -6 -7
leaf_value=-0.0072604677339022511 0.00017870554765204823 -0.0036497136289021432 0.0099090389679032855 0.0043986469164231084 0.0034969644406909871 -0.015798900260428926
leaf_weight=100.01736298203468 196.87420769035816 318.67315600812435 122.5641502737999 21.909091398119926 289.53422668576241 54.609150722622871
leaf_count=438 830 1416 523 93 1269 232
internal_value=-0.000431459 0.000313612 0.00409956 -0.0014862 -0.000246038 -0.0101759
internal_weight=1104.18 1004.16 319.438 684.726 608.207 76.5182
internal_count=4801 4363 1353 3010 2685 325
is_linear=0
shrinkage=0.03


Tree=162
num_leaves=7
num_cat=0
split_feature=47 22 47 5 0 67
split_gain=5.87121 6.74849 6.19009 7.30037 7.05164 7.13412
threshold=0.98058244585990917 0.0031994999153539543 0.75098839402198803 0.046637108549475677 0.038076249882578857 0.61126375198364269
decision_type=2 8 2 8 10 2
left_child=2 -2 3 -1 5 -4
right_child=1 -3 4 -5 -6 -7
leaf_value=-0.0089950983135715333 0.001324879540578924 -0.01624752839275373 0.012646499045467821 0.00029179773088075078 -0.0021259633756845805 -0.0016415372471208468
leaf_weight=74.768626064062119 34.770352557301521 31.471820369362831 101.15405215322971 746.74497023224831 79.093248620629311 40.926003381609917
leaf_count=331 146 136 419 3285 332 172
internal_value=-2.09854e-05 -0.00805983 0.000561438 -0.000651445 0.0048998 0.00869353
internal_weight=1108.93 66.2422 1042.69 821.514 221.173 142.08
internal_count=4821 282 4539 3616 923 591
is_linear=0
shrinkage=0.03


Tree=163
num_leaves=7
num_cat=0
split_feature=5 5 14 20 75 81
split_gain=6.81052 7.31815 11.3107 12.3246 11.2059 11.1434
threshold=0.019934434443712238 0.31684833765029913 0.0095496424473822134 0.097969997674226775 10.379999637603762 3.8181245326995854
decision_type=8 10 2 10 10 10
left_child=-1 -2 4 -4 -3 -6
right_child=1 2 3 -5 5 -7
leaf_value=-0.0081655927279694757 0.002983312590568755 0.015074006911912314 -0.010566314052437549 0.0079454645936563543 0.007752334723953285 -0.0074154943257244118
leaf_weight=68.493930473923683 630.82080405950546 40.529771506786346 159.54023537039757 32.240427553653717 65.413949146866798 93.583059221506119
leaf_count=304 2690 180 712 141 294 423
internal_value=0.000357275 0.00100198 -0.00218684 -0.00721474 0.00275956 -0.00108573
internal_weight=1090.62 1022.13 391.307 191.781 199.527 158.997
internal_count=4744 4440 1750 853 897 717
is_linear=0
shrinkage=0.03


Tree=164
num_leaves=7
num_cat=0
split_feature=21 82 2 15 56 76
split_gain=3.95671 6.28863 4.50977 5.63081 5.74333 5.49278
threshold=-0.017249999567866322 0.87604999542236339 0.53275001049041759 -0.019195000641047951 -0.017583671025931832 0.19245000183582309
decision_type=8 10 8 10 2 10
left_child=1 -1 5 4 -4 -2
right_child=2 -3 3 -5 -6 -7
leaf_value=0.0050122602593633677 0.0056422611915322718 -0.013207055333166823 0.011002748832769886 -0.0081306539955801217 0.0012259982185808158 -0.0095167343542932638
leaf_weight=20.377519682049751 22.484193071722984 35.888960391283035 47.980703845620155 44.053098529577255 878.70712614059448 65.202817678451538
leaf_count=89 103 159 198 199 3794 308
internal_value=0.000268352 -0.00684808 0.000707219 0.00131331 0.00184426 -0.00545007
internal_weight=1114.69 56.2665 1058.43 970.741 926.688 87.687
internal_count=4850 248 4602 4191 3992 411
is_linear=0
shrinkage=0.03


Tree=165
num_leaves=7
num_cat=0
split_feature=25 24 20 64 14 44
split_gain=6.21609 7.51044 9.76161 8.27582 7.3197 10.354
threshold=-0.010394999757409094 -0.0037000000011175867 0.10415000095963479 47.579999923706062 0.012032883707433941 0.0021649999544024472
decision_type=8 8 10 10 2 8
left_child=-1 2 -2 -4 -3 -6
right_child=1 4 3 -5 5 -7
leaf_value=0.0074630650013518271 -0.0081707412178863535 0.0012994171473629541 -0.0066921805421450899 0.015818090769450836 0.001292793614330703 -0.021122932896140575
leaf_weight=72.173771634697914 206.92997464537621 701.46323628723621 18.483083128929138 23.558677226305008 39.871931537985802 23.016866743564606
leaf_count=305 912 3059 80 99 172 99
internal_value=-0.000481463 -0.00111471 -0.00553056 0.00653745 0.000376507 -0.00868362
internal_weight=1085.5 1013.32 248.972 42.0418 764.352 62.8888
internal_count=4726 4421 1091 179 3330 271
is_linear=0
shrinkage=0.03


Tree=166
num_leaves=7
num_cat=0
split_feature=49 7 48 3 82 29
split_gain=5.94813 6.2602 6.54896 6.51903 5.92055 9.8853
threshold=0.017914500087499622 0.79769328236579906 -5.0499998906161629e-05 0.73203781247138988 0.85740000009536754 0.50593033432960521
decision_type=10 2 10 2 10 2
left_child=1 2 -1 4 5 -3
right_child=-2 3 -4 -5 -6 -7
leaf_value=0.015671087447429656 -0.0088854064085401602 -0.0025346835993882749 -0.0010783800457258459 0.012190216460034245 -0.0023484595301558071 0.0066132179373539299
leaf_weight=40.001552492380142 49.101136699318886 190.74218238890171 34.147727593779564 29.274908483028412 532.7688313126564 219.05938498675823
leaf_count=171 210 848 146 125 2341 925
internal_value=0.000380903 0.000895906 0.00874601 0.000213986 -0.000282046 0.00239637
internal_weight=1095.1 1045.99 74.1493 971.845 942.57 409.802
internal_count=4766 4556 317 4239 4114 1773
is_linear=0
shrinkage=0.03


Tree=167
num_leaves=7
num_cat=0
split_feature=2 25 15 14 75 13
split_gain=6.59435 5.15541 6.53005 6.69545 5.26178 4.71664
threshold=0.53275001049041759 -0.010394999757409094 -0.21935000270605085 0.0090237604454159754 9.865000247955324 0.96889999508857738
decision_type=8 8 10 2 8 10
left_child=5 2 -2 -4 -3 -1
right_child=1 4 3 -5 -6 -7
leaf_value=0.003619782649000155 0.018821770671793719 0.011040026839564284 -0.010001890922453162 0.0090832423376794296 -0.00016463330984441314 -0.010790806481742316
leaf_weight=22.232839733362198 21.719650194048882 29.339570939540863 19.094942063093185 28.479719907045364 910.67746394872665 66.777976274490356
leaf_count=100 89 124 83 120 3945 321
internal_value=0.000204319 0.000920496 0.00826713 0.00101635 0.000297611 -0.00718932
internal_weight=1098.32 1009.31 69.2943 47.5747 940.017 89.0108
internal_count=4782 4361 292 203 4069 421
is_linear=0
shrinkage=0.03


Tree=168
num_leaves=7
num_cat=0
split_feature=47 48 78 20 68 35
split_gain=5.54461 5.79905 9.32778 6.87338 5.11392 8.33002
threshold=0.98446595668792736 -0.0035754999844357367 0.96504840254783641 0.0083739999681711214 0.0043696842622011909 -0.089615002274513231
decision_type=2 8 10 8 2 8
left_child=1 -1 4 -4 5 -3
right_child=-2 2 3 -5 -6 -7
leaf_value=-0.0087738477236471591 -0.0085651316065554657 0.014188263326460195 0.00058094983361095358 0.016895683890187259 -0.0055813407452982048 0.00015203399030547674
leaf_weight=48.951019123196602 56.436162829399109 30.09928822517395 42.149831533432007 43.907751083374023 118.75817467272282 750.35228389501572
leaf_count=208 241 129 178 182 518 3296
internal_value=-0.000162868 0.000373268 0.000911313 0.0097973 -3.75102e-05 0.00086601
internal_weight=1090.65 1034.22 985.267 86.0576 899.21 780.452
internal_count=4752 4511 4303 360 3943 3425
is_linear=0
shrinkage=0.03


Tree=169
num_leaves=7
num_cat=0
split_feature=29 9 27 65 10 36
split_gain=5.26874 8.87194 8.14309 10.2515 6.59985 6.89205
threshold=0.29761399328708654 40.500000000000007 -8.097946556517853e-05 0.53983560204505932 16.500000000000004 0.13184999674558642
decision_type=2 8 2 2 2 8
left_child=1 2 4 -4 5 -1
right_child=-2 -3 3 -5 -6 -7
leaf_value=-0.012739023640916664 -0.0013245956704547686 0.0076840677311667228 -0.0063864160743880502 0.019233345368641044 0.0058436212398895885 0.003619050855424744
leaf_weight=77.867446959018707 775.13322360813618 173.37447513639927 18.076393812894821 22.388241767883301 29.825661912560463 26.417600512504578
leaf_count=363 3344 751 83 101 134 117
internal_value=5.10839e-05 0.0030671 -0.00168601 0.00879084 -0.00523779 -0.0086411
internal_weight=1123.08 347.95 174.575 40.4646 134.111 104.285
internal_count=4893 1549 798 184 614 480
is_linear=0
shrinkage=0.03


Tree=170
num_leaves=7
num_cat=0
split_feature=14 53 76 66 76 82
split_gain=5.46338 9.18861 7.58459 8.81249 10.817 6.82185
threshold=0.0089881024323403853 0.013754181098192932 0.15675000101327899 0.034951588138937957 0.057539999485015876 1.3859999775886538
decision_type=2 2 8 2 10 8
left_child=1 5 3 -2 -5 -1
right_child=2 -3 -4 4 -6 -7
leaf_value=-0.0025290366402807691 0.016743081319789421 -0.01416389446883325 0.00049148244882906388 -0.0093828072904155839 0.011337408846133816 0.0074607955531729598
leaf_weight=314.20813453197479 51.932035595178604 41.568434879183769 564.82745143771172 35.46175380051136 35.338141739368439 65.992704138159752
leaf_count=1392 214 177 2451 159 154 279
internal_value=0.000378379 -0.00227755 0.0020169 0.00847114 0.0010824 -0.000648303
internal_weight=1109.33 421.769 687.559 122.732 70.7999 380.201
internal_count=4826 1848 2978 527 313 1671
is_linear=0
shrinkage=0.03


Tree=171
num_leaves=7
num_cat=0
split_feature=52 86 28 83 14 14
split_gain=5.70279 8.65938 9.38097 6.63071 6.21259 8.28283
threshold=0.0049449235666543254 1.0000000180025095e-35 0.29028970003128057 -0.003077147994190454 0.010635025333613159 0.0090237604454159754
decision_type=2 10 10 2 2 2
left_child=4 3 -3 -2 5 -1
right_child=1 2 -4 -5 -6 -7
leaf_value=-0.0030112056380643131 0.0010472696760846574 0.0066385068304781443 -0.0092308365230395241 0.014835174978382068 -0.0057153546221062543 0.0036003919823218433
leaf_weight=346.70825201272964 55.827346339821815 53.022044494748116 62.295200631022453 66.829144805669785 204.85965794324875 316.75678524374962
leaf_count=1536 232 226 264 279 893 1387
internal_value=-0.000148642 0.00387033 -0.00198674 0.0091116 -0.00128161 0.000151946
internal_weight=1106.3 237.974 115.317 122.656 868.325 663.465
internal_count=4817 1001 490 511 3816 2923
is_linear=0
shrinkage=0.03


Tree=172
num_leaves=7
num_cat=0
split_feature=22 7 42 13 84 85
split_gain=5.04428 10.419 13.844 10.0897 6.03175 5.98268
threshold=-0.0075904999393969766 2.4876891374588017 0.062621030956506743 1.0985000133514407 0.94281777739524852 -0.0001044999989971984
decision_type=8 2 10 8 2 10
left_child=1 2 -1 -4 5 -2
right_child=4 -3 3 -5 -6 -7
leaf_value=0.0087949526653120329 -0.00036520046048650021 0.0074242562672310114 -0.01495932411271847 0.0031915790938444552 -0.0068710512281732507 0.0051200935182111043
leaf_weight=30.778669744729996 548.0014671087265 45.313086539506912 118.20429944992065 31.152031257748604 77.590503633022308 254.87089960277081
leaf_count=136 2408 196 527 132 328 1093
internal_value=-0.000418189 -0.00432029 -0.00750973 -0.0112108 0.000618266 0.00141767
internal_weight=1105.91 225.448 180.135 149.356 880.463 802.872
internal_count=4820 991 795 659 3829 3501
is_linear=0
shrinkage=0.03


Tree=173
num_leaves=7
num_cat=0
split_feature=66 7 62 16 28 3
split_gain=5.86257 10.1332 7.72037 7.09534 6.71917 6.1799
threshold=0.98050674796104442 1.3507733941078188 0.66332277655601513 -0.052039999514818185 -0.29415108263492579 0.17121397703886035
decision_type=2 2 10 8 8 2
left_child=4 2 3 -2 -1 -3
right_child=1 5 -4 -5 -6 -7
leaf_value=0.011604062887243395 -0.0045465271238315013 0.0072386751323021007 -0.0061461759790589141 0.014927620424484022 0.0012137849154777425 -0.0084058282811808153
leaf_weight=50.844311386346817 17.982102155685425 18.098418980836868 33.100564539432526 50.371757045388222 758.59217473864555 179.58746705949306
leaf_count=218 80 79 153 228 3241 827
internal_value=0.000677454 -0.00285037 0.00456762 0.00987807 0.00200009 -0.00669398
internal_weight=1108.58 299.14 101.454 68.3539 809.436 197.686
internal_count=4826 1367 461 308 3459 906
is_linear=0
shrinkage=0.03


Tree=174
num_leaves=7
num_cat=0
split_feature=69 82 36 6 6 49
split_gain=5.16396 6.65101 6.60885 5.27574 7.08864 8.54197
threshold=0.0065311889629811057 1.1094999909400942 0.069235000759363188 0.17863932996988299 0.04822801239788533 -0.00015399999392684546
decision_type=2 8 8 10 8 8
left_child=2 -2 -1 4 5 -4
right_child=1 -3 3 -5 -6 -7
leaf_value=-0.0098250237397039773 -0.015282182490188097 0.0021545701216301636 -0.0082966258781340205 -0.00094706897628789278 0.0061695671626982489 0.0063956278254361744
leaf_weight=45.297571167349815 34.73233588039875 31.275152698159218 74.879623100161552 598.09047473967075 267.96783225238323 52.010041087865829
leaf_count=203 151 134 333 2598 1170 220
internal_value=-0.000275127 -0.00782393 0.000274856 0.000828972 0.00347609 -0.00224722
internal_weight=1104.25 66.0075 1038.25 992.948 394.857 126.89
internal_count=4809 285 4524 4321 1723 553
is_linear=0
shrinkage=0.03


Tree=175
num_leaves=7
num_cat=0
split_feature=42 10 10 5 35 36
split_gain=7.3782 8.43793 8.47515 15.8903 10.7807 8.09126
threshold=0.087274957448244109 13.500000000000002 3.5000000000000004 0.38335995376110082 -0.084480002522468553 0.15055000036954883
decision_type=8 2 2 8 8 8
left_child=5 2 3 -2 -4 -1
right_child=1 -3 4 -5 -6 -7
leaf_value=0.0069699973622804334 0.0076260061830593683 0.0025094510932223263 0.007418581490827381 -0.012384751605621674 -0.0075576242444414321 -0.007967678899795539
leaf_weight=190.39458537101746 119.11257186532021 314.64610342681408 40.994471147656441 39.589334279298782 355.94253817200661 30.323825180530548
leaf_count=834 505 1363 178 183 1559 132
internal_value=-0.000115115 -0.0013657 -0.00356568 0.00219595 -0.00586663 0.00466136
internal_weight=1091 870.285 555.639 158.702 396.937 220.718
internal_count=4754 3788 2425 688 1737 966
is_linear=0
shrinkage=0.03


Tree=176
num_leaves=7
num_cat=0
split_feature=24 0 71 33 23 35
split_gain=5.30139 4.63759 4.51949 7.86543 6.56644 5.89647
threshold=-0.015614999458193777 0.013191677164286377 0.99611648917198192 0.00087709975196048628 -0.024384999647736546 0.045690000057220466
decision_type=8 8 2 2 8 10
left_child=-1 -2 4 -4 -3 -6
right_child=1 2 3 -5 5 -7
leaf_value=-0.011350769301297451 -0.01114602913936058 -0.007654776998264029 -0.012803845439603822 0.0047498641554392261 0.0011938363946960124 0.0095013222158709127
leaf_weight=25.499492838978767 20.337866142392159 58.854773357510567 45.319163873791695 32.243357226252556 857.51739996671677 75.034092053771019
leaf_count=113 98 261 212 147 3708 323
internal_value=6.0278e-05 0.000428222 0.000749692 -0.00579755 0.00131469 0.00195598
internal_weight=1114.81 1089.31 1068.97 77.5625 991.406 932.551
internal_count=4862 4749 4651 359 4292 4031
is_linear=0
shrinkage=0.03


Tree=177
num_leaves=7
num_cat=0
split_feature=35 47 3 6 49 25
split_gain=4.34439 7.34539 7.20807 5.51078 9.00895 6.48417
threshold=0.03865999914705754 0.75098839402198803 0.39051555097103124 0.65093639492988598 0.00012799999967683109 -0.010394999757409094
decision_type=10 2 2 8 8 8
left_child=3 2 -2 5 -5 -1
right_child=1 -3 -4 4 -6 -7
leaf_value=0.0070915472554450585 0.0081871627170681093 0.014103860816483727 -0.0049227757555516559 0.017381084375521348 -0.0030184290774599642 -0.0019987135414770477
leaf_weight=67.53215354681015 55.781487986445427 41.31466169655323 78.709925279021263 28.578419730067253 34.337084755301476 805.60888122022152
leaf_count=286 247 172 348 118 143 3527
internal_value=0.000251332 0.00444334 0.000704988 -0.000574637 0.00736066 -0.0012233
internal_weight=1111.86 175.806 134.491 936.057 62.9155 873.141
internal_count=4841 767 595 4074 261 3813
is_linear=0
shrinkage=0.03


Tree=178
num_leaves=7
num_cat=0
split_feature=14 85 47 25 52 14
split_gain=5.62393 10.4371 10.0205 9.55618 7.35404 7.97411
threshold=0.0089881024323403853 -9.450000288779846e-05 0.95728138089180004 0.0092889997176826018 0.0042632033582776794 0.0098898159340024012
decision_type=2 8 2 10 2 2
left_child=2 3 -1 -2 5 -3
right_child=1 4 -4 -5 -6 -7
leaf_value=-0.0016528122602525903 0.00013823379220095019 0.0093067779771404055 -0.015973527784862246 -0.011441376015860783 0.012876625929201819 -0.0022972526213923469
leaf_weight=372.17066770792007 329.64532816410065 76.275493532419205 40.397004038095474 69.567771449685097 73.416114538908005 131.78648042678833
leaf_count=1640 1439 328 173 308 308 567
internal_value=-0.000678665 0.000996004 -0.00339987 -0.00210994 0.00532234 0.00218849
internal_weight=1093.26 680.691 412.568 399.213 281.478 208.062
internal_count=4763 2950 1813 1747 1203 895
is_linear=0
shrinkage=0.03


Tree=179
num_leaves=7
num_cat=0
split_feature=48 2 84 45 81 84
split_gain=4.60826 10.0941 5.48606 7.60359 7.39185 8.53402
threshold=-0.0027079998981207605 1.000500023365021 0.95465582609176647 0.0077682575210928926 2.5928790569305424 0.36471022665500646
decision_type=8 8 2 2 8 2
left_child=1 -1 3 4 -2 -6
right_child=2 -3 -4 -5 5 -7
leaf_value=0.0036305101203883863 -0.011199084331947471 -0.014217099487140554 -0.0061910393770835941 0.0085118803424365317 0.0038233709692050005 -0.0024796332802986365
leaf_weight=49.559365764260292 36.186423674225807 48.236611127853394 81.047211706638336 112.02930571138859 444.77988420426846 327.29312612116337
leaf_count=212 159 205 343 469 1952 1454
internal_value=0.000224031 -0.00567484 0.000850563 0.00153058 0.000470735 0.00115389
internal_weight=1099.13 97.796 1001.34 920.289 808.259 772.073
internal_count=4794 417 4377 4034 3565 3406
is_linear=0
shrinkage=0.03


Tree=180
num_leaves=7
num_cat=0
split_feature=65 69 50 13 82 85
split_gain=5.81343 6.08896 7.9197 7.79693 8.64075 9.09345
threshold=0.43102382123470312 -0.0077164568938314906 -0.01224880153313279 0.87764999270439159 1.2114999890327456 -0.00075900001684203733
decision_type=2 2 2 8 10 8
left_child=-1 -2 -3 -4 -5 -6
right_child=1 2 3 4 5 -7
leaf_value=0.0078566664138352837 0.0058144809184649589 -0.0084311751829294363 -0.0099696413464190579 -0.0010744413760806319 -0.0033530995672019772 0.01199302524294295
leaf_weight=66.805715590715408 105.40786336362362 117.83251993358135 59.926746055483818 607.17873793840408 46.998699679970741 92.882123231887817
leaf_count=277 451 511 263 2670 209 403
internal_value=-0.000109144 -0.000696255 -0.00149259 -0.00038865 0.000501444 0.00695716
internal_weight=1097.03 1030.23 924.819 806.986 747.06 139.881
internal_count=4784 4507 4056 3545 3282 612
is_linear=0
shrinkage=0.03


Tree=181
num_leaves=7
num_cat=0
split_feature=12 65 33 33 15 66
split_gain=4.51359 5.31583 13.0275 6.12313 5.02021 4.91675
threshold=0.67114999890327465 0.55257290601730358 0.00076544409967027615 0.0018468110356479885 -0.071570001542568193 0.99223297834396373
decision_type=10 2 2 2 8 2
left_child=1 5 4 -4 -3 -1
right_child=-2 2 3 -5 -6 -7
leaf_value=0.00023255829597166052 -0.010119000452079707 -0.0080127699704430032 0.022992554591303439 0.0037761472020530281 0.0076586218572786031 -0.0082898520190371906
leaf_weight=901.0671521872282 27.656934514641762 47.162125527858734 29.22567692399025 31.717497825622559 17.959733739495277 55.309339568018913
leaf_count=3878 134 215 127 141 81 262
internal_value=9.37033e-05 0.000444882 0.00599372 0.0149335 -0.00324664 -0.000340994
internal_weight=1110.1 1082.44 126.065 60.9432 65.1219 956.376
internal_count=4838 4704 564 268 296 4140
is_linear=0
shrinkage=0.03


Tree=182
num_leaves=7
num_cat=0
split_feature=5 2 6 85 33 44
split_gain=5.97745 6.56104 10.0217 7.29482 8.35182 8.84314
threshold=0.019934434443712238 1.5055000185966494 0.61905062198638927 5.3499999921768911e-05 0.0016499586636200549 -0.0020014999900013204
decision_type=8 8 8 10 2 10
left_child=-1 3 -3 -2 5 -5
right_child=1 2 -4 4 -6 -7
leaf_value=-0.0084502102011638023 -0.00064142823536162687 -0.0070808923136314933 0.010915109031758668 -0.001512360991665651 -0.0030454596710492864 0.01256675516083894
leaf_weight=70.154975816607475 572.86810627579689 182.01378983259201 23.438777476549149 53.41459234058857 71.35988549888134 130.68522822856903
leaf_count=313 2543 760 97 236 311 552
internal_value=-0.000557988 5.34247e-05 -0.00461652 0.00125298 0.00536531 0.00861439
internal_weight=1103.94 1033.78 205.453 828.328 255.46 184.1
internal_count=4812 4499 857 3642 1099 788
is_linear=0
shrinkage=0.03


Tree=183
num_leaves=7
num_cat=0
split_feature=65 65 61 12 66 80
split_gain=5.72598 6.45683 8.58666 10.0876 6.0254 10.5037
threshold=0.43000902235507971 0.54914385080337536 0.022319999523460868 0.65935000777244579 0.98622396588325512 0.30955000221729284
decision_type=2 2 10 10 2 8
left_child=-1 4 3 -3 -2 -6
right_child=1 2 -4 -5 5 -7
leaf_value=0.0081517711649007948 -0.00048580396634277483 0.01097849355151277 -0.0060353357999685343 -0.0072089649496393758 -0.013347062597660409 0.0085248450098614186
leaf_weight=68.782613128423691 738.07538194954395 131.19138158857822 46.381292372941971 26.68599995970726 70.387067526578903 18.597159758210182
leaf_count=284 3175 583 210 128 338 83
internal_value=0.000355801 -0.000237432 0.00441205 0.00765797 -0.0014247 -0.00837654
internal_weight=1100.1 1031.32 204.259 157.877 827.06 88.9842
internal_count=4801 4517 921 711 3596 421
is_linear=0
shrinkage=0.03


Tree=184
num_leaves=7
num_cat=0
split_feature=2 12 28 2 72 69
split_gain=4.86051 4.96251 4.85862 6.60038 5.84827 5.57702
threshold=1.9204999804496767 0.67114999890327465 -0.29415108263492579 0.80185002088546764 5.5000000000000009 -0.0038487237179651852
decision_type=10 10 8 10 2 2
left_child=1 2 3 4 -1 -4
right_child=-2 -3 5 -5 -6 -7
leaf_value=-0.0098830437679820315 -0.012638921239561228 -0.010957351378404232 -0.003708050316972791 0.013398150161094722 0.0079369316535447682 0.001192756416526865
leaf_weight=24.557653978466988 18.203693524003029 26.133683398365974 291.49944043159485 46.891986265778542 22.086166098713875 671.47424085438251
leaf_count=113 76 128 1277 201 96 2905
internal_value=-0.000344024 -2.3515e-05 0.000347147 0.00652314 -0.0015336 -0.000313618
internal_weight=1100.85 1082.64 1056.51 93.5358 46.6438 962.974
internal_count=4796 4720 4592 410 209 4182
is_linear=0
shrinkage=0.03


Tree=185
num_leaves=7
num_cat=0
split_feature=65 10 7 33 48 33
split_gain=4.58232 10.7002 8.33292 8.41052 7.48895 5.99736
threshold=0.54914385080337536 5.5000000000000009 1.3562279939651491 0.00073049915954470645 -0.00040950000402517611 0.00094102224102243792
decision_type=2 2 2 2 10 2
left_child=5 -2 4 -4 -3 -1
right_child=1 2 3 -5 -6 -7
leaf_value=0.00096354395903758836 -0.006412955129836688 0.024837591618141752 -0.0059865318977021381 0.01049742982498264 0.00093682456916052009 -0.0039665936692154617
leaf_weight=529.6820532232523 56.099218934774399 28.337131336331367 46.810028687119484 45.385688185691833 18.215572491288185 368.70644091069698
leaf_count=2287 260 121 212 203 82 1601
internal_value=-0.000168696 0.00388609 0.00820141 0.00236128 0.0173048 -0.00108122
internal_weight=1093.24 194.848 138.748 92.1957 46.5527 898.388
internal_count=4766 878 618 415 203 3888
is_linear=0
shrinkage=0.03


Tree=186
num_leaves=7
num_cat=0
split_feature=42 67 4 16 49 14
split_gain=6.3388 7.86328 7.96788 7.42189 7.78966 7.74335
threshold=0.087274957448244109 0.29568913578987127 -0.62151971459388722 -0.093329999595880495 -0.0075959998648613683 0.0093225077725946921
decision_type=8 2 10 8 8 2
left_child=3 -2 -3 -1 -5 -6
right_child=1 2 -4 4 5 -7
leaf_value=-0.0079840807416786345 -0.0056494886231689542 0.0076920620628546828 -0.00095590386397818514 0.016336820387363175 0.0088023182269055256 -0.0042209192203911464
leaf_weight=28.570584759116173 242.59395536780357 106.9198635071516 524.50540556013584 44.379431709647179 77.269404694437981 69.187187939882278
leaf_count=124 1073 446 2290 186 344 306
internal_value=-2.19688e-05 -0.00117487 0.000605556 0.0044217 0.00658406 0.00277349
internal_weight=1093.43 874.019 631.425 219.407 190.836 146.457
internal_count=4769 3809 2736 960 836 650
is_linear=0
shrinkage=0.03


Tree=187
num_leaves=7
num_cat=0
split_feature=26 49 68 56 54 84
split_gain=5.57756 7.86648 7.56182 5.86815 7.95808 6.2571
threshold=-0.069830000400543199 0.0038484999677166347 0.001457450620364398 0.020448874682188038 0.95999935269355785 0.96254786849021923
decision_type=10 10 2 2 2 2
left_child=1 2 -1 4 -2 -5
right_child=3 -3 -4 5 -6 -7
leaf_value=0.016072478062543777 -0.0010676453076407099 -0.0041106227205227712 0.0016743232888288006 0.01695955680138388 -0.014076873363536616 -0.0019598772563769692
leaf_weight=53.181727096438408 839.98117673397064 59.606690481305122 73.83174741268158 22.351011499762535 34.733087152242661 27.041357710957527
leaf_count=227 3692 253 319 94 147 116
internal_value=-0.000170779 0.00442336 0.00843602 -0.00113597 -0.00173749 0.00801555
internal_weight=1110.73 186.62 127.013 924.107 874.714 49.3924
internal_count=4848 799 546 4049 3839 210
is_linear=0
shrinkage=0.03


Tree=188
num_leaves=7
num_cat=0
split_feature=14 14 63 48 45 44
split_gain=5.01523 8.6095 7.11613 8.88897 5.95813 8.15852
threshold=0.0089649772271513956 0.0093646608293056505 0.11719999834895135 -0.00017050000315066424 0.0059621077962219724 0.0046320001129060992
decision_type=2 2 8 10 2 8
left_child=2 -2 3 -1 5 -3
right_child=1 4 -4 -5 -6 -7
leaf_value=0.0037382978481390033 0.0081355114742992785 -0.00056015372233103014 -0.009259961137510651 -0.0062547807734604612 0.0047960164093473357 -0.012242391324754765
leaf_weight=174.11952969431877 116.30512635409832 375.12133641541004 110.55247271060944 131.93847817182541 133.25416871905327 53.031397685408592
leaf_count=768 502 1654 480 585 561 227
internal_value=-0.000532985 0.00105745 -0.00308434 -0.000631215 -0.000525602 -0.00225351
internal_weight=1094.32 677.712 416.61 306.058 561.407 428.153
internal_count=4777 2944 1833 1353 2442 1881
is_linear=0
shrinkage=0.03


Tree=189
num_leaves=7
num_cat=0
split_feature=25 25 22 16 54 45
split_gain=4.36121 9.57537 6.57051 5.90654 6.75068 11.6721
threshold=0.0094030001200735586 0.0052155000157654294 0.0017099999822676184 -0.16245000064373014 0.27326492965221411 -0.0059059674385935059
decision_type=10 10 10 8 2 2
left_child=1 3 -3 -1 -5 -6
right_child=-2 2 -4 4 5 -7
leaf_value=0.010678407196778095 -0.0041310560423803017 0.00096111475080131446 0.013007562817280854 0.0027788603035684028 -0.016870270985374514 -0.0013628896805052777
leaf_weight=32.753403529524803 151.14187888801098 75.276923954486847 83.493251383304596 288.25502595305443 38.919257655739784 431.78889018297195
leaf_count=138 667 326 361 1263 180 1873
internal_value=0.00044111 0.00120359 0.00769141 -0.000177174 -0.000778427 -0.00296935
internal_weight=1101.63 950.487 158.77 791.717 758.963 470.708
internal_count=4808 4141 687 3454 3316 2053
is_linear=0
shrinkage=0.03


Tree=190
num_leaves=7
num_cat=0
split_feature=45 35 82 12 68 26
split_gain=5.69301 8.57105 5.69077 5.52217 6.07842 9.11137
threshold=-0.015411271248012779 -0.053130000829696648 1.1374999880790713 0.43304999172687536 0.0043696842622011909 -0.07418500259518622
decision_type=2 10 10 10 2 10
left_child=1 -1 -3 -2 5 -5
right_child=3 2 -4 4 -6 -7
leaf_value=-0.0045616216915216395 0.0027114676661802407 0.01666406954012439 0.00052913832246774789 0.010663345514380529 -0.0098741200416686686 -0.0020476657644415493
leaf_weight=37.737977489829063 356.56923633813858 52.16111171245575 29.768270388245583 46.335190922021866 66.120109423995018 506.35329096019268
leaf_count=159 1500 216 123 203 297 2278
internal_value=0.000565462 0.00647146 0.0114969 -0.000217455 -0.00192144 -0.000811457
internal_weight=1095.05 119.667 81.9294 975.378 618.809 552.688
internal_count=4776 498 339 4278 2778 2481
is_linear=0
shrinkage=0.03


Tree=191
num_leaves=7
num_cat=0
split_feature=46 69 23 0 3 65
split_gain=5.46245 8.11868 7.31355 10.9877 10.1508 10.5417
threshold=-0.43824329972267145 -0.005500225815922021 -0.0021730000153183933 0.019497046247124675 0.39523072540760046 0.54451569914817821
decision_type=8 2 8 10 2 2
left_child=-1 -2 4 -4 -3 -6
right_child=1 2 3 -5 5 -7
leaf_value=0.0038023768012738351 -0.0083091861700789662 0.012845357281288999 -0.012430517914049545 -0.00045650689504762859 -0.0035458600815962264 0.011517740864970453
leaf_weight=211.65629655122757 122.65555673837662 67.401506796479225 72.828366190195084 417.36321756243706 162.46314573287964 45.193055793642998
leaf_count=910 544 292 347 1796 700 209
internal_value=-0.000419728 -0.00145732 -0.000266075 -0.00244845 0.00357268 0.000111043
internal_weight=1099.56 887.905 765.249 490.192 275.058 207.656
internal_count=4798 3888 3344 2143 1201 909
is_linear=0
shrinkage=0.03


Tree=192
num_leaves=7
num_cat=0
split_feature=59 79 56 21 84 49
split_gain=4.44098 5.42827 4.76687 12.6482 8.89856 8.72231
threshold=-0.032533248886466019 1.084921181201935 0.0034977289615198974 0.0084865000098943728 0.28064006567001348 0.016601500101387504
decision_type=10 8 2 10 2 10
left_child=1 -1 4 5 -2 -4
right_child=2 -3 3 -5 -6 -7
leaf_value=-0.0156657622617833 0.0024180486674905662 0.0014977558324043472 0.0094373420378969994 -0.0080270818075272986 -0.0039322515189736196 -0.0053664587698654415
leaf_weight=24.288132593035698 408.08579054474831 29.054391279816628 193.05498556792736 55.418305680155754 368.62033845484257 36.651675865054131
leaf_count=103 1779 123 810 235 1659 157
internal_value=0.00016379 -0.00755663 0.000618519 0.00386557 -0.000607442 0.00694993
internal_weight=1115.17 53.3425 1061.83 285.125 776.706 229.707
internal_count=4866 226 4640 1202 3438 967
is_linear=0
shrinkage=0.03


Tree=193
num_leaves=7
num_cat=0
split_feature=45 45 22 26 66 83
split_gain=4.43136 8.95316 6.67825 6.4719 6.39469 5.99675
threshold=0.013331434223800899 0.0077682575210928926 -0.0080809998326003534 -0.0046220000367611638 0.01584164705127478 -0.0027859774418175216
decision_type=2 2 8 10 2 2
left_child=1 2 5 -3 -2 -1
right_child=4 3 -4 -5 -6 -7
leaf_value=0.0011065624647188757 0.0028247354840113892 0.016460216178524074 0.00094313582383710303 0.00047408089346465663 -0.01034982983265516 -0.010297274234669656
leaf_weight=67.377822071313858 49.488805562257767 42.433277487754822 733.9067307561636 41.398239746689796 72.756444677710533 91.124122709035873
leaf_count=292 208 176 3225 172 312 416
internal_value=-4.97249e-05 0.000642192 -0.000281551 0.0094577 -0.00520605 -0.00567162
internal_weight=1098.49 976.24 892.409 83.8315 122.245 158.502
internal_count=4801 4281 3933 348 520 708
is_linear=0
shrinkage=0.03


Tree=194
num_leaves=7
num_cat=0
split_feature=68 12 68 14 4 4
split_gain=5.4367 5.58346 5.45808 6.68469 6.248 11.7545
threshold=0.013042905367910864 0.67114999890327465 -0.00065925653325393785 0.009139141999185087 0.14128927141427997 0.50043630599975597
decision_type=2 10 2 2 8 10
left_child=1 2 3 -1 -4 -6
right_child=-2 -3 4 -5 5 -7
leaf_value=-0.010903295838336099 -0.011454246830933603 -0.011371018087008694 -0.00040432675396371675 4.2804091359379608e-05 0.010079894962599523 -0.00072339245861948961
leaf_weight=62.557373717427254 26.443318828940392 25.564637959003448 475.77936744689941 162.78751422464848 175.72588278353214 174.61269877851009
leaf_count=277 116 125 2057 703 767 769
internal_value=-5.69562e-05 0.00032567 0.000714503 -0.00333009 0.0018444 0.00482477
internal_weight=1103.47 1077.03 1051.46 225.345 826.118 350.339
internal_count=4814 4698 4573 980 3593 1536
is_linear=0
shrinkage=0.03


Tree=195
num_leaves=7
num_cat=0
split_feature=64 14 35 78 85 6
split_gain=7.21973 6.22495 9.8289 11.7922 11.1401 7.62801
threshold=57.905000686645515 0.0089649772271513956 -0.0069825001992285243 0.95991966128349315 -0.00022249999892665071 0.14311316609382632
decision_type=10 2 8 10 8 10
left_child=1 2 -1 4 5 -4
right_child=-2 -3 3 -5 -6 -7
leaf_value=0.0062356706796069259 -0.0040945178107153991 0.0033570217074137738 0.0087740691351150916 0.012334935488191975 -0.014658629827108945 -0.0064370287705593637
leaf_weight=83.830798164010048 302.33570793271065 487.93308326601982 37.610104337334633 21.241425380110741 93.884243190288544 68.915002420544624
leaf_count=365 1339 2108 170 88 407 308
internal_value=-0.00022598 0.00128077 -0.00203684 -0.00529972 -0.00766622 -0.000774458
internal_weight=1095.75 793.415 305.482 221.651 200.409 106.525
internal_count=4785 3446 1338 973 885 478
is_linear=0
shrinkage=0.03


Tree=196
num_leaves=7
num_cat=0
split_feature=83 63 81 16 63 79
split_gain=4.22426 7.30231 6.71193 7.16027 6.72672 8.29271
threshold=-0.0021802621195092793 0.16955000162124637 2.7154349088668828 0.0093465000391006487 -0.064159996807575212 1.399009704589844
decision_type=2 10 8 8 10 8
left_child=1 2 -1 4 5 -4
right_child=-2 -3 3 -5 -6 -7
leaf_value=-0.0074427987760687557 -0.0014728001192247718 -0.0062758675988338506 0.01152887236396305 0.0091316667329910152 -0.0044302766846734832 -0.0060588842894390522
leaf_weight=34.603063941001892 622.54024887084961 67.604776009917259 66.482586726546288 179.84104549884796 97.853048458695412 27.771971315145493
leaf_count=150 2734 292 288 778 427 118
internal_value=0.000142798 0.00225059 0.00378507 0.00499713 0.000866287 0.00626257
internal_weight=1096.7 474.156 406.552 371.949 192.108 94.2546
internal_count=4787 2053 1761 1611 833 406
is_linear=0
shrinkage=0.03


Tree=197
num_leaves=7
num_cat=0
split_feature=0 49 9 20 59 5
split_gain=5.50224 5.28544 7.24365 10.7633 6.36422 5.46048
threshold=0.014887144789099695 0.016601500101387504 1620.5000000000002 -0.033125000074505799 0.0094061573036015051 0.046637108549475677
decision_type=8 10 10 10 10 8
left_child=-1 2 5 -4 -5 -2
right_child=1 -3 3 4 -6 -7
leaf_value=-0.0099066173667937355 -0.0049753586297901801 -0.0077640921688813432 0.0077192966761814039 -0.015813029917287412 0.0024901061648898068 0.0025629279350603503
leaf_weight=39.033377602696419 87.240138977766037 57.55694742500782 29.034534499049187 59.236976906657219 19.441425248980522 819.88362583518028
leaf_count=190 388 247 121 246 81 3581
internal_value=-7.79015e-05 0.000368068 0.000900546 -0.0061184 -0.0115195 0.00179161
internal_weight=1111.43 1072.39 1014.84 107.713 78.6784 907.124
internal_count=4854 4664 4417 448 327 3969
is_linear=0
shrinkage=0.03


Tree=198
num_leaves=7
num_cat=0
split_feature=71 3 73 28 28 52
split_gain=4.17164 5.6488 6.33213 5.42803 7.75241 7.38429
threshold=0.99611648917198192 0.38933163881301885 0.34549100697040563 -0.26722162961959833 -0.38804972171783442 -0.0072450158186256877
decision_type=2 2 10 8 10 2
left_child=3 -2 -3 4 -1 -5
right_child=1 2 -4 5 -6 -7
leaf_value=-0.0011021468886550749 -0.015138491109599465 0.010985097484298484 -0.0073375227062718699 -0.013967174326764071 0.01506969467481247 0.00054016378725241015
leaf_weight=49.697940319776535 26.149668648838997 19.159181445837021 30.646194159984589 22.714611664414406 44.595321327447891 898.41349720954895
leaf_count=219 121 88 144 102 195 3897
internal_value=0.000241083 -0.00610991 0.000369099 0.000771098 0.00725779 3.62586e-05
internal_weight=1091.38 75.955 49.8054 1015.42 94.2933 921.128
internal_count=4766 353 232 4413 414 3999
is_linear=0
shrinkage=0.03


Tree=199
num_leaves=7
num_cat=0
split_feature=60 17 82 59 34 29
split_gain=4.08583 5.4423 4.94824 6.74958 6.1445 7.01395
threshold=-0.10085000097751616 -0.082859996706247316 0.62704998254776012 0.0092458156868815439 -0.00097444059792906035 0.52965167164802562
decision_type=8 10 8 10 2 2
left_child=1 -1 3 4 -2 -6
right_child=2 -3 -4 -5 5 -7
leaf_value=-0.011185506714511071 0.015142092202660547 0.0047100511292773326 -5.7002578932655993e-05 -0.0046785501996313185 -0.0082415603467329082 0.0098948372995749847
leaf_weight=48.048884019255638 58.04955367743969 22.258071765303612 877.56931169331074 36.483194589614868 26.542303502559662 30.685846105217934
leaf_count=208 247 94 3858 156 114 127
internal_value=0.000330189 -0.00619335 0.000831073 0.0056525 0.00903454 0.00150851
internal_weight=1099.64 70.307 1029.33 151.761 115.278 57.2281
internal_count=4804 302 4502 644 488 241
is_linear=0
shrinkage=0.03


end of trees

feature_importances:
beta_252=41
g_usdinr_ret5_asof=39
score=37
deliv_pct_rel=34
disp30=30
results_reaction=30
deliv_pct_20=29
g_nasdaq_ret1_asof=29
sec_r30=29
d_upper=28
days_since_results=28
mkt_vol_21=27
r30_rank=27
atr_pct=25
mkt_ret_63=25
score_pct=25
days_to_expiry=22
d_body=21
d_lower=21
mkt_gap=21
r5=21
rsi_14=20
day_oddness=19
g_sp500_ret1_asof=19
r15=18
r3_last=17
ret_1=17
sec_gap=17
vix_pct_252=17
vol_burst=17
vol_ratio_20_120=17
vwap_slope=17
g_crude_ret5_asof=16
g_usvix_ret1_asof=15
gap_atr=15
vol30_rel=15
vwap_dev_rank=15
breadth30=14
dist_52w_high=14
g_nikkei_ret1_asof=14
r30=14
rel_r30=14
vwap_dev=14
bb_pctb=13
dist_ma200=13
r_prev=13
vix=13
pos30=12
ret_63=12
sec_breadth30=12
side_pct=12
vol_21=12
r30_atr=11
rel_gap=11
ret_21=11
gap_rank=10
ret_5=10
vol30_adv_rank=10
dist_ma50=9
g_hangseng_ret1_asof=7
gap=7
mkt_r30=7
pos30_rank=7
rel_sec_r30=7
orb15_dist=5
rel_r30_rank=5
ret_5_rank=5
side_rank=4
range30_atr=3
rel_sec_gap=3
sec_vs_mkt_r30=3
po_imbalance=2
up1_share=2
vol30_adv=2
wk_streak=2
day_of_week=1

parameters:
[boosting: gbdt]
[objective: binary]
[metric: binary_logloss]
[tree_learner: serial]
[device_type: cpu]
[data_sample_strategy: bagging]
[data: ]
[valid: ]
[num_iterations: 200]
[learning_rate: 0.03]
[num_leaves: 7]
[num_threads: 4]
[seed: 7]
[deterministic: 1]
[force_col_wise: 0]
[force_row_wise: 0]
[histogram_pool_size: -1]
[max_depth: -1]
[min_data_in_leaf: 80]
[min_sum_hessian_in_leaf: 0.001]
[bagging_fraction: 0.8]
[pos_bagging_fraction: 1]
[neg_bagging_fraction: 1]
[bagging_freq: 1]
[bagging_seed: 17422]
[bagging_by_query: 0]
[feature_fraction: 0.7]
[feature_fraction_bynode: 1]
[feature_fraction_seed: 7040]
[extra_trees: 0]
[extra_seed: 6516]
[early_stopping_round: 0]
[early_stopping_min_delta: 0]
[first_metric_only: 0]
[max_delta_step: 0]
[lambda_l1: 0]
[lambda_l2: 10]
[linear_lambda: 0]
[min_gain_to_split: 0]
[drop_rate: 0.1]
[max_drop: 50]
[skip_drop: 0.5]
[xgboost_dart_mode: 0]
[uniform_drop: 0]
[drop_seed: 15215]
[top_rate: 0.2]
[other_rate: 0.1]
[min_data_per_group: 100]
[max_cat_threshold: 32]
[cat_l2: 10]
[cat_smooth: 10]
[max_cat_to_onehot: 4]
[top_k: 20]
[monotone_constraints: ]
[monotone_constraints_method: basic]
[monotone_penalty: 0]
[feature_contri: ]
[forcedsplits_filename: ]
[refit_decay_rate: 0.9]
[cegb_tradeoff: 1]
[cegb_penalty_split: 0]
[cegb_penalty_feature_lazy: ]
[cegb_penalty_feature_coupled: ]
[path_smooth: 0]
[interaction_constraints: ]
[verbosity: -1]
[saved_feature_importance_type: 0]
[use_quantized_grad: 0]
[num_grad_quant_bins: 4]
[quant_train_renew_leaf: 0]
[stochastic_rounding: 1]
[linear_tree: 0]
[max_bin: 255]
[max_bin_by_feature: ]
[min_data_in_bin: 3]
[bin_construct_sample_cnt: 200000]
[data_random_seed: 61]
[is_enable_sparse: 1]
[enable_bundle: 1]
[use_missing: 1]
[zero_as_missing: 0]
[feature_pre_filter: 1]
[pre_partition: 0]
[two_round: 0]
[header: 0]
[label_column: ]
[weight_column: ]
[group_column: ]
[ignore_column: ]
[categorical_feature: ]
[forcedbins_filename: ]
[precise_float_parser: 0]
[parser_config_file: ]
[objective_seed: 15521]
[num_class: 1]
[is_unbalance: 0]
[scale_pos_weight: 1]
[sigmoid: 1]
[boost_from_average: 1]
[reg_sqrt: 0]
[alpha: 0.9]
[fair_c: 1]
[poisson_max_delta_step: 0.7]
[tweedie_variance_power: 1.5]
[lambdarank_truncation_level: 30]
[lambdarank_norm: 1]
[label_gain: ]
[lambdarank_position_bias_regularization: 0]
[eval_at: ]
[multi_error_top_k: 1]
[auc_mu_weights: ]
[num_machines: 1]
[local_listen_port: 12400]
[time_out: 120]
[machine_list_filename: ]
[machines: ]
[gpu_platform_id: -1]
[gpu_device_id: -1]
[gpu_device_id_list: ]
[gpu_use_dp: 0]
[num_gpu: 1]

end of parameters

pandas_categorical:[]
