tree
version=v4
num_class=1
num_tree_per_iteration=1
label_index=0
max_feature_idx=89
objective=regression
feature_names=Column_0 Column_1 Column_2 Column_3 Column_4 Column_5 Column_6 Column_7 Column_8 Column_9 Column_10 Column_11 Column_12 Column_13 Column_14 Column_15 Column_16 Column_17 Column_18 Column_19 Column_20 Column_21 Column_22 Column_23 Column_24 Column_25 Column_26 Column_27 Column_28 Column_29 Column_30 Column_31 Column_32 Column_33 Column_34 Column_35 Column_36 Column_37 Column_38 Column_39 Column_40 Column_41 Column_42 Column_43 Column_44 Column_45 Column_46 Column_47 Column_48 Column_49 Column_50 Column_51 Column_52 Column_53 Column_54 Column_55 Column_56 Column_57 Column_58 Column_59 Column_60 Column_61 Column_62 Column_63 Column_64 Column_65 Column_66 Column_67 Column_68 Column_69 Column_70 Column_71 Column_72 Column_73 Column_74 Column_75 Column_76 Column_77 Column_78 Column_79 Column_80 Column_81 Column_82 Column_83 Column_84 Column_85 Column_86 Column_87 Column_88 Column_89
feature_infos=[-0.56110000610351562:0.45210000872612] [-0.90310001373291016:1.2970000505447388] [-0.90950000286102295:1.4609999656677246] [-0.92070001363754272:2.315000057220459] [-0.97310000658035278:24.540000915527344] [-0.98390001058578491:77.69000244140625] [-0.99620002508163452:40.389999389648438] [-0.9966999888420105:39.520000457763672] [-0.86930000782012939:0.62629997730255127] [-0.89499998092651367:0.77569997310638428] [0:7.1539998054504395] [0:0.93110001087188721] [0:1] [0:1] [-0.91009998321533203:1.6310000419616699] [-0.98430001735687256:7.1020002365112305] [-0.96310001611709595:2.3410000801086426] [-0.9968000054359436:0] [0:83.660003662109375] [0.00064300000667572021:4.0180001258850098] [0.074629999697208405:2.3819999694824219] [0.10620000213384628:1.8760000467300415] [-0.98549997806549072:-0.027230000123381615] [5.6820001602172852:99.989997863769531] [-0.92479997873306274:0.45309999585151672] [5.7309999465942383:99.029998779296875] [-0.52799999713897705:1.5149999856948853] [0.001749000046402216:5.875999927520752] [10.029999732971191:24.840000152587891] [0:1] [-1:1] [0:1] [0:1] [0:1] [0:1] [0:1] [0:1] [0:1] [-4:4] [0.0054040001705288887:1.1729999780654907] [-1:1] [-0.78619998693466187:0.7125999927520752] [-0.93910002708435059:3.8410000801086426] [-0.85079997777938843:0.34470000863075256] [-100:100] [-2.5820000171661377:2.6380000114440918] [-0.93580001592636108:2.2239999771118164] [-10:10] [0.1331000030040741:7.6519999504089355] [-0.96390002965927124:24.770000457763672] [-0.86419999599456787:1.4600000381469727] [-0.98750001192092896:77.830001831054688] [-0.35920000076293945:2.872999906539917] [-0.71359997987747192:1.7059999704360962] [-1.9259999990463257:24.670000076293945] [0:1] [-0.38690000772476196:0.7533000111579895] [0.053320001810789108:0.86229997873306274] [9.380000114440918:71.989997863769531] [0.0039679999463260174:1] [-0.067120000720024109:0.11580000072717667] [-0.06898999959230423:0.11810000240802765] [-0.2468000054359436:1.156000018119812] [-0.096210002899169922:0.064079999923706055] [-0.094070002436637878:0.14350000023841858] [-0.046930000185966492:0.055240001529455185] [-0.29309999942779541:0.3562999963760376] [0:1] [0.050510000437498093:0.94580000638961792] [0.21349999308586121:2.5850000381469727] [0.010459999553859234:5.249000072479248] [0:3367] [0:10] [0:1] [-0.28859999775886536:0.52819997072219849] [0.0038610000628978014:1] [0.0038610000628978014:1] [0.0038610000628978014:1] [0.0038610000628978014:1] [0.0038759999442845583:1] [0.0040000001899898052:1] [0.0038759999442845583:1] [0.0038610000628978014:1] [0.0038610000628978014:1] [0.0038610000628978014:1] [0.0038610000628978014:1] [0.0038610000628978014:1] [0.0038610000628978014:1] [0.0038610000628978014:1] [0.0038610000628978014:1]
tree_sizes=2908 3140 3137 3153 3114 3142 3134 3154 3101 3123 3127 3137 3124 3128 3134 3146 3136 3131 3116 3144 3120 3120 3135 3119 3125 3124 3138 3154 3140 3134 3129 3123 3120 3121 3131 3107 3152 3136 3144 3135 3111 3159 3128 3113 3088 3140 3116 3153 3127 3097 3115 3099 3128 3159 3109 3116 3093 3134 3091 3072 3089 3115 3096 3110 3091 3083 3120 3096 3096 3138 3125 3103 3093 3112 3065 3081 3116 3097 3110 3117 3084 3106 3118 3110 3110 3061 3067 3151 3120 3096 3079 3102 3075 3109 3122 3118

Tree=0
num_leaves=31
num_cat=0
split_feature=75 68 17 8 81 58 75 7 61 3 21 25 56 65 5 80 8 54 56 58 56 58 22 88 65 42 52 61 39 71
split_gain=18.9598 7.34389 6.72288 4.38787 5.00625 4.14265 3.63792 3.59166 2.91763 2.706 2.3683 2.19138 2.14572 3.16397 1.98493 1.84275 1.83226 1.76018 1.75224 2.08742 1.7223 1.67157 1.63413 1.61645 1.60226 1.55409 1.52958 1.63939 1.6205 1.6961
threshold=0.69415000081062328 0.55445000529289257 -0.066725000739097581 -0.084454998373985277 0.15734999626874926 19.309999465942386 0.91775000095367443 0.17494999617338183 0.0075705000199377545 0.15175000578165057 0.58765000104904186 45.274999618530281 0.015354999806731941 -0.0074159998912364236 0.30824999511241918 0.97374999523162853 0.051984999328851707 -0.040075000375509255 0.054755000397562988 19.365000724792484 0.15110000222921374 28.330000877380375 -0.31104999780654902 0.27535000443458563 0.013179999776184561 -0.12924999743700025 0.47904999554157263 0.0088379997760057467 0.037985000759363181 180.50000000000003
decision_type=2 10 2 2 2 10 2 10 2 2 2 2 10 10 2 10 2 10 8 10 10 8 2 2 10 2 8 2 2 8
left_child=1 3 6 8 5 10 17 -3 14 18 24 15 13 -7 -1 -8 25 -2 19 -4 -14 -9 -20 -22 -5 -6 -11 28 -28 -30
right_child=2 7 9 4 16 12 11 21 -10 26 -12 -13 20 -15 -16 -17 -18 -19 22 -21 23 -23 -24 -25 -26 -27 27 -29 29 -31
leaf_value=0.50416694368239368 0.50230708391076817 0.50290304726004931 0.50276848221791692 0.50192932266214707 0.50345031469835488 0.50044380919486564 0.50124318487378983 0.50365534592225614 0.50191712065449867 0.50060413510971302 0.50012042781514188 0.49901388926832263 0.50167382487144285 0.50405277700245521 0.50732634009826105 0.50405470825569509 0.50117408322742696 0.50176249113035121 0.50524727006140691 0.50138505567612801 0.5055327976411168 0.5025652295891111 0.50308185671892292 0.50224671169082635 0.49922481410837466 0.50270273128001208 0.50246881294784351 0.50328709097661906 0.5002776849216034 0.50248367134834282
leaf_weight=1484 9095 17867.5 4393 8332 2634 250 6513 12547 488 644 762 387 1503 1699 203 216 680 12946 334 1263 232 1408 4943 319 201 49844 1671 922 868 491
leaf_count=1484 9095 17866 4393 8332 2634 250 6513 12543 488 644 762 387 1503 1699 203 216 680 12946 334 1263 232 1408 4943 319 201 49843 1671 922 868 491
internal_value=0.502579 0.502808 0.502065 0.502633 0.50259 0.502069 0.501797 0.503185 0.503959 0.502569 0.501722 0.501207 0.502876 0.503589 0.50455 0.501334 0.50272 0.501987 0.502826 0.502459 0.5022 0.503545 0.503219 0.503633 0.501865 0.50274 0.501959 0.50218 0.501843 0.501074
internal_weight=145140 100454 44686 68631 66456 13298 29157 31822.5 2175 15529 9295 7116 4003 1949 1687 6729 53158 22041 10933 5656 2054 13955 5277 551 8533 52478 4596 3952 3030 1359
internal_count=145133 100447 44686 68630 66455 13298 29157 31817 2175 15529 9295 7116 4003 1949 1687 6729 53157 22041 10933 5656 2054 13951 5277 551 8533 52477 4596 3952 3030 1359
is_linear=0
shrinkage=1


Tree=1
num_leaves=31
num_cat=0
split_feature=75 67 39 80 75 81 1 58 50 75 53 58 80 7 20 53 62 69 18 10 45 80 81 68 27 50 67 82 47 25
split_gain=16.2397 7.83733 5.17411 5.16167 4.65171 3.74629 3.71629 2.88905 2.58399 2.56517 2.47174 2.99184 2.33015 2.30306 2.00688 1.99792 1.79186 1.76339 1.76088 2.62947 2.10214 1.77434 1.63604 1.59252 1.57882 1.6765 1.53224 1.47632 1.46771 2.04419
threshold=0.69415000081062328 0.60975000262260448 0.038285000249743469 0.54989999532699596 0.97984999418258678 0.78165000677108776 -0.10235000029206275 21.085000038146976 -0.041024999693036072 0.3790500015020371 -0.0013104999670758841 19.365000724792484 0.67114999890327465 1.4764999747276308 0.62475001811981212 0.046764999628067024 -0.054940000176429742 1.1044999957084658 1.4984999895095827 0.32844999432563787 0.93634998798370372 0.85804998874664318 0.84974998235702526 0.65395000576972973 1.1284999847412112 -0.087060000747442232 0.38924999535083776 0.98734998703002941 -2.4999999999999996 21.255000114440922
decision_type=2 10 2 10 2 2 2 8 8 2 10 8 10 10 2 10 2 10 2 2 2 8 2 10 10 8 10 2 2 2
left_child=1 3 5 7 18 -2 16 26 -9 12 11 -7 24 -6 17 -11 -5 23 20 -20 27 -21 -23 28 25 -3 -1 -4 29 -8
right_child=2 9 4 6 13 10 14 8 -10 15 -12 -13 -14 -15 -16 -17 -18 -19 19 21 -22 22 -24 -25 -26 -27 -28 -29 -30 -31
leaf_value=-0.00053304813999839574 -0.00052417418987395941 0.0027606803528898737 -0.00066344714005615152 -0.00023670766831168698 -0.0026778913094537347 -1.7009741124941019e-05 0.00014717992266796283 0.0010086565847599947 -1.6526189268868662e-05 -4.7782456458060576e-05 0.00038090785786587718 -0.0022586166233173571 0.001544773557332415 0.00054913221429868614 -0.0007094537536996323 0.00075081980870344688 0.0025197989604574447 -0.00017034555099450897 0.0017349421883536341 -0.0016597725826977695 -0.0020220730325672775 -0.00050565925717597311 0.0020709116039605521 0.0016578531141434583 0.0013199535256192825 0.00034139100025147589 -0.00011253715280197312 -0.0028067698374851587 0.00022946674363941714 0.0011191610857351137
leaf_weight=14034 17553 268 8965 269 1704 1877 3272 3035 8160 5679 9654 749 4234.5 225 1733 5598 1002 5061 595 767 1297 785 308 935 2577 6206 17552 298 15942.5 4810.5
leaf_count=14034 17553 268 8965 269 1704 1877 3272 3035 8160 5679 9654 749 4232 225 1733 5598 1002 5060 595 767 1297 785 308 935 2577 6206 17552 298 15942 4809
internal_value=3.83368e-06 0.000215786 -0.000471255 6.48818e-05 -0.000926883 -0.000242998 0.000346629 -0.000152618 0.000261469 0.000681491 0.000158925 -0.000656988 0.000963938 -0.0023014 0.000282927 0.000348682 0.00193667 0.000340235 -0.000722999 7.26266e-07 -0.000891236 -0.000554671 0.00022163 0.000443765 0.000692054 0.000441952 -0.000299386 -0.000732696 0.000396448 0.000725745
internal_weight=145146 100368 44777 75806 14944 29833 33025 42781 11195 24562.5 12280 2626 13285.5 1929 31754 11277 1271 30021 13015 2455 10560 1860 1093 24960 9051 6474 31586 9263 24025 8082.5
internal_count=145140 100363 44777 75803 14944 29833 33022 42781 11195 24560 12280 2626 13283 1929 31751 11277 1271 30018 13015 2455 10560 1860 1093 24958 9051 6474 31586 9263 24023 8081
is_linear=0
shrinkage=0.03


Tree=2
num_leaves=31
num_cat=0
split_feature=75 67 17 1 80 1 58 50 67 39 21 71 7 89 16 21 50 25 52 7 54 27 74 42 4 66 32 83 58 80
split_gain=16.0043 7.50959 6.19636 6.17171 4.8953 3.41014 2.61367 2.64494 2.47397 2.32639 2.26664 2.3947 2.23201 2.14742 2.07996 1.89283 2.66403 1.85305 1.84301 1.82525 1.77282 1.73818 1.91804 1.7237 1.66126 1.78271 1.568 1.56407 1.54074 1.59331
threshold=0.78554999828338634 0.6033499836921693 -0.069935001432895647 -0.10235000029206275 0.53364998102188121 0.23250000178813937 19.460000038146976 -0.038075000047683709 0.38705000281333929 0.035105001181364066 0.54594999551773082 5.5000000000000009 0.13994999974966052 0.97615000605583202 0.26825000345706945 0.3749500066041947 0.017165000550448898 50.815000534057624 0.66554999351501476 -0.52300000190734852 -0.055704999715089791 0.4723500013351441 0.014895000029355289 -0.16125000268220899 0.13605000078678134 -0.0020784999942407008 0.68755000829696666 0.072430003434419646 18.420000076293949 0.88470000028610241
decision_type=2 10 2 2 10 2 8 8 10 2 2 8 10 2 2 2 10 2 8 8 10 10 8 2 2 2 8 8 10 8
left_child=1 3 5 14 6 13 8 23 19 28 11 -11 20 17 -1 24 -17 21 -14 -5 -3 22 -2 27 -6 -26 -23 -8 -4 -30
right_child=2 12 9 4 15 -7 7 -9 -10 10 -12 -13 18 -15 -16 16 -18 -19 -20 -21 -22 26 -24 -25 25 -27 -28 -29 29 -31
leaf_value=0.0011119350351762758 0.00020054744652265474 0.00069869258560088083 0.00047720898214963247 -0.0030349864250815259 0.00024650221151581865 -0.0039073069433191894 0.0042968744110669825 -9.9543941287016314e-05 -0.00014229455303619201 0.0013489250191873348 0.00099996675628797075 -0.0011896188764965972 0.001197547769884975 -0.0020165952179189276 0.0036013827883921885 0.00015828226365024813 -0.00091702647634608696 -0.0031537261850695061 0.00051369457290733049 -0.00063650191570912759 3.6220392237491295e-05 -0.00060996114518624975 -0.002767151125190694 0.00055529835458996185 0.0013688581654215731 0.00037973410015971094 -0.0021916756012166539 0.0010676164082972874 -0.00093086375133102591 0.0015432209972172013
leaf_weight=2447 269 6598 6084 291 14853 337 230 11673 16801 373 653 3173 7212.5 1358 344 13198.5 2459 290 6983 13110 8096 15904 720 2406 2939 3711 584 327 1462 278
leaf_count=2447 269 6598 6084 291 14850 337 230 11673 16801 373 653 3173 7211 1358 344 13198 2459 290 6982 13110 8095 15904 720 2406 2939 3711 584 327 1462 278
internal_value=9.43916e-06 0.000175216 -0.000589098 3.28866e-05 -1.43418e-05 -0.000919873 -0.000225361 0.000103661 -0.000384804 -5.36304e-05 -0.000623184 -0.000922287 0.000592932 -0.00086703 0.00141995 0.000240273 -1.0642e-05 -0.000779056 0.000861209 -0.000688807 0.000333715 -0.000739474 -0.00196057 0.000903967 0.000422971 0.000817022 -0.000666115 0.00240637 0.000252079 -0.00053492
internal_weight=145164 113679 31485 84789.5 81998.5 19462 44838 14636 30202 12023 4199 3546 28889.5 19125 2791 37160.5 15657.5 17767 14195.5 13401 14694 17477 989 2963 21503 6650 16488 557 7824 1740
internal_count=145157 113672 31485 84786 81995 19462 44838 14636 30202 12023 4199 3546 28886 19125 2791 37157 15657 17767 14193 13401 14693 17477 989 2963 21500 6650 16488 557 7824 1740
is_linear=0
shrinkage=0.03


Tree=3
num_leaves=31
num_cat=0
split_feature=75 67 17 80 58 50 69 52 14 75 8 50 71 21 61 59 24 45 62 87 56 67 80 28 53 60 56 56 60 56
split_gain=15.0414 6.56174 5.36644 3.69916 3.7066 3.69111 3.26934 3.2584 2.81357 2.613 2.54655 2.22052 2.16122 2.16052 1.98951 1.93183 1.85487 1.84667 1.95594 1.91257 1.74759 1.73785 1.70674 1.70485 2.07062 1.68107 2.36937 3.1285 1.9748 1.67411
threshold=0.69415000081062328 0.53044998645782482 -0.069935001432895647 0.53364998102188121 19.309999465942386 0.11914999783039094 1.1025000214576723 1.1424999833106997 0.11775000020861627 0.25425000488758093 -0.064704999327659593 -0.044205000624060624 6.5000000000000009 0.44425000250339514 0.005203499924391509 0.089285001158714308 -0.011295000091195105 0.44814999401569372 0.03589999862015248 0.071569997817277922 -0.04076500050723552 0.39374999701976782 0.3116499930620194 19.355000495910648 0.087975002825260176 -0.023084999993443486 0.017810000106692318 0.18425000458955768 0.016594999469816688 0.047034999355673797
decision_type=2 10 2 10 8 10 10 8 2 2 2 10 10 2 2 10 2 2 2 2 10 10 10 10 10 2 8 10 2 10
left_child=1 3 5 4 17 -2 8 11 -4 16 14 -6 -10 23 -5 -15 -3 18 20 -20 -1 -19 -18 24 -12 -9 28 -28 -27 -17
right_child=2 9 6 10 7 -7 -8 25 12 -11 13 -13 -14 15 -16 29 22 21 19 -21 -22 -23 -24 -25 -26 26 27 -29 -30 -31
leaf_value=0.00058921518483501625 -0.0006128033526349593 0.0017716345108788657 0.00019478877826620888 0.0019736096929336617 0.00087840614561038809 -0.0020927935298976318 0.0010742866774569356 -0.0011772511706978548 0.00036283350314187047 0.00033481502979554572 0.00035926457386123542 -0.00035055068112364971 -0.00097525591077036295 -0.0012372439636107865 -0.00024389967168515016 0.00051900852841689081 0.00016952965320866061 -0.00048038620964110874 -0.0030774709713759316 -0.001015232624671453 -0.00063718196265896189 0.00030214091521617461 0.00095013950761507488 0.00020601894595555773 0.0016954011526582695 0.0022777293138109907 -0.00036361131301803723 0.0029994302781031486 -0.00069376141673510334 -0.00056247335448517826
leaf_weight=1218 27041 1715 7873 1316 1661 1606 2160 299 1415 25253 2679 6490 4670 1445 503 2701 3594 5793 489 2340 7363 4567 8445 14634.5 1710 1589 1247 310 230 2461
leaf_count=1218 27041 1715 7873 1316 1661 1606 2160 299 1415 25249 2679 6490 4670 1445 503 2701 3594 5793 489 2340 7363 4567 8445 14634 1710 1589 1247 310 230 2461
internal_value=7.61351e-06 0.000212121 -0.000449468 1.79141e-05 -0.000193174 -0.000695844 -1.15608e-05 0.000234352 -0.000179661 0.000516045 0.000276267 -0.000100038 -0.000664089 0.000199261 0.00136061 -0.000268085 0.000848743 -0.000425417 -0.000688684 -0.00137266 -0.000463057 -0.000135429 0.000717138 0.000361579 0.000880105 0.000975841 0.00116682 0.000307468 0.00190183 3.39951e-06
internal_weight=144818 100052 44765 61045.5 33596 28647 16118 11826 13958 39007 27449.5 8151 6085 25630.5 1819 6607 13754 21770 11410 2829 8581 10360 12039 19023.5 4389 3675 3376 1557 1819 5162
internal_count=144813 100048 44765 61045 33596 28647 16118 11826 13958 39003 27449 8151 6085 25630 1819 6607 13754 21770 11410 2829 8581 10360 12039 19023 4389 3675 3376 1557 1819 5162
is_linear=0
shrinkage=0.03


Tree=4
num_leaves=31
num_cat=0
split_feature=75 67 17 1 81 89 25 69 6 63 69 56 82 3 56 6 1 86 4 0 81 66 71 75 71 66 68 57 76 8
split_gain=13.5252 6.11059 5.82693 4.50695 3.65221 3.5551 2.53296 2.41696 2.40937 2.27162 2.3753 2.19254 2.18865 2.0585 1.87126 1.84158 1.78447 2.01973 1.9719 1.77148 1.73562 1.73331 1.72169 1.69275 1.67885 1.8729 1.8441 1.73151 1.59982 1.59771
threshold=0.69415000081062328 0.67114999890327465 -0.069935001432895647 -0.10235000029206275 0.15734999626874926 0.98734998703002941 38.864999771118171 1.1004999876022341 0.48974999785423284 -0.038884999230504029 0.86544999480247509 -0.098130002617835985 0.98734998703002941 0.1454500034451485 -0.0023069999879226084 1.4555000066757204 0.046964999288320548 0.58915001153945934 -0.20304999500513074 0.015554999932646753 0.96205002069473278 0.0026165000163018708 6.5000000000000009 0.019020000472664837 3.5000000000000004 -0.010129999835044144 0.41625000536441809 0.089864999055862441 0.45505000650882726 0.07777500152587892
decision_type=2 10 2 2 2 2 2 10 10 2 8 10 2 2 8 10 2 2 2 2 2 2 8 2 10 2 8 10 2 2
left_child=1 3 5 9 6 12 23 13 16 -1 -11 -3 15 20 21 19 18 -18 -6 -2 -4 -8 -10 -5 25 -15 -26 -28 -12 -29
right_child=2 11 7 4 8 -7 14 -9 22 10 28 -13 -14 24 -16 -17 17 -19 -20 -21 -22 -23 -24 -25 26 -27 27 29 -30 -31
leaf_value=-0.0018359923279140052 -0.00049197971960854661 -0.00040315474183021739 0.00034930561432758344 -0.0025915139660455991 0.00093039012440939621 -0.0025534730162410056 0.00043870189540480022 0.00092201416587010896 -0.00062793193039936506 0.003395661863040239 0.0013335311136746602 0.00083283205670696035 -0.0027174197500490476 0.0025499906352976515 -0.00025545062907380883 0.00075891371685531713 5.8662892659020068e-05 -0.0021598331356062002 1.3211189846378131e-05 -0.0010226412468618894 -0.00059322507379764862 0.0033300396711524439 0.00052464025912128546 -0.00047099454890789795 -0.0001205509348819413 -0.0004509357418676737 0.00037496929517909585 -0.0012761672629335514 -0.0010948469297496421 -0.0031923789824424586
leaf_weight=204 18250 1420 7001 347 2209 908 387 2232 1260 464 2072 14236 451 278 795 853 772 707 46480.5 8210 2347 360 15579 12911 1467 568 371 1265 276 568
leaf_count=204 18250 1420 7001 347 2209 908 387 2232 1260 464 2072 14236 451 278 795 853 772 707 46474 8210 2347 360 15578 12911 1467 568 371 1265 276 568
internal_value=-1.70611e-05 0.000176174 -0.000450753 7.56613e-05 3.36663e-05 -0.000707191 -0.000392832 6.03158e-06 0.000127872 0.00121437 0.00143623 0.000720709 -0.00064672 -0.00014148 0.000757629 -0.00061243 2.36483e-05 -0.00100258 5.4841e-05 -0.000656666 0.000112627 0.00183471 0.000438365 -0.000526686 -0.000667266 0.000537031 -0.000944872 -0.00149324 0.00104774 -0.00187137
internal_weight=145248 100480 44769 84823.5 81807.5 28672 14800 16097 67007.5 3016 2812 15656 27764 13865 1542 27313 50168.5 1479 48689.5 26460 9348 747 16839 13258 4517 846 3671 2204 2348 1833
internal_count=145241 100472 44769 84816 81800 28672 14800 16097 67000 3016 2812 15656 27764 13865 1542 27313 50162 1479 48683 26460 9348 747 16838 13258 4517 846 3671 2204 2348 1833
is_linear=0
shrinkage=0.03


Tree=5
num_leaves=31
num_cat=0
split_feature=75 67 17 80 8 20 50 86 63 49 75 61 57 66 87 80 0 61 57 63 45 62 67 65 26 10 70 75 44 15
split_gain=13.2996 7.08719 4.72478 4.50412 3.8788 2.87822 2.64209 2.33944 2.43048 2.22764 2.09556 2.09296 1.9265 1.92125 2.09355 1.81551 1.76854 1.763 1.67048 1.58053 1.58984 1.93348 1.57935 1.53525 1.48662 1.43707 2.06735 1.43371 1.71106 1.46916
threshold=0.78554999828338634 0.60975000262260448 -0.069935001432895647 0.54989999532699596 -0.064704999327659593 0.55035001039505016 -0.041755000129342072 0.96205002069473278 -0.0037540000630542632 0.1033499985933304 0.38294999301433569 0.015789999626576904 0.092574998736381545 -0.025625000707805153 0.98734998703002941 0.64745000004768383 0.014644999988377096 0.0065140000078827151 0.07708000019192697 0.031790000386536128 0.46965000033378607 0.033420000225305564 0.26205000281333929 0.0024699999485164885 0.26354999840259558 0.41175000369548803 1.2175000309944155 0.031555000692605979 26.000000000000004 -0.12394999712705611
decision_type=2 10 2 10 2 2 8 2 2 8 2 2 8 2 2 10 2 2 10 2 2 2 10 10 2 2 8 2 2 2
left_child=1 3 7 6 17 -6 27 16 -9 -4 11 15 -7 -11 18 -3 24 -5 -15 20 21 -8 -14 -19 -2 26 -10 28 29 -1
right_child=2 10 9 4 5 12 19 8 25 13 -12 -13 22 14 -16 -17 -18 23 -20 -21 -22 -23 -24 -25 -26 -27 -28 -29 -30 -31
leaf_value=-0.00021609857873800754 -0.0017503976744810373 0.00068897398125865599 0.00054150214970498302 0.0019850933605651687 0.00028336548991605406 -0.0031561097279856247 -0.00029964771247515748 -0.0002836005192701564 -0.0033653652075814741 0.00048036484003586264 0.00032236433277512929 -0.00046194275348322505 -0.0012494681456171979 0.0012846581908328562 -0.0020422244847717879 0.0014518026600334327 -0.0011268203547265428 0.0019616522208568367 -0.00055040438990138797 0.0011833537951518723 -0.00010640377729020485 -0.0009715803694803454 0.00011622684240840598 -0.0014116140426915079 -0.00041361817735262411 -0.0042545083114273619 0.00038874925420402662 0.00053329665278351718 0.00092710690939408805 -0.0023898357220081563
leaf_weight=690 805 8131 3693 1641 32284.5 251 13871 494 333 1954 14154 1018 1270 488 787 4291.5 6568 203 5137 665 20472 5337 1903 299 10564 397 218 6405 554 470
leaf_count=690 805 8131 3693 1641 32281 251 13871 494 333 1954 14153 1018 1270 488 787 4290 6568 203 5137 665 20472 5337 1903 299 10564 397 218 6405 554 470
internal_value=7.89318e-06 0.000158652 -0.000538344 2.48539e-05 0.000270067 0.000195648 -0.000166664 -0.00082845 -0.00199069 -7.21087e-05 0.000577157 0.000845432 -0.000631275 -0.000343007 -0.000593958 0.000952598 -0.000734908 0.00150943 -0.000391002 -0.000266031 -0.000290351 -0.000486387 -0.000430617 -4.63363e-05 -0.000508417 -0.00287902 -0.00188206 0.000327082 -0.000443377 -0.00109814
internal_weight=145348 113910 31438 86315.5 37851.5 35708.5 48464 19379 1442 12059 27594.5 13440.5 3424 8366 6412 12422.5 17937 2143 5625 40345 39680 19208 3173 502 11369 948 551 8119 1714 1160
internal_count=145342 113904 31438 86312 37848 35705 48464 19379 1442 12059 27592 13439 3424 8366 6412 12421 17937 2143 5625 40345 39680 19208 3173 502 11369 948 551 8119 1714 1160
is_linear=0
shrinkage=0.03


Tree=6
num_leaves=31
num_cat=0
split_feature=75 67 17 1 89 67 56 75 69 71 69 85 58 52 58 7 7 21 19 1 65 11 58 66 57 2 57 22 20 56
split_gain=13.6752 5.95048 4.62984 4.00788 2.74598 2.49278 2.43155 2.34145 2.29582 2.23834 2.09788 1.9803 1.9221 2.65298 2.34835 1.91041 1.90123 1.88871 1.82867 1.77492 1.7657 1.76062 1.63431 2.55234 1.85529 1.91068 1.80299 2.29183 1.6291 1.89332
threshold=0.80834999680519115 0.61194998025894176 -0.11055000126361846 -0.10235000029206275 0.98734998703002941 0.38455000519752508 -0.05386999994516372 0.45495000481605535 1.1004999876022341 536.50000000000011 0.89204999804496776 0.84184998273849498 18.520000457763675 1.0594999790191653 17.635000228881839 0.17895000427961352 0.12115000188350679 0.59404999017715465 0.46885000169277197 0.054914999753236778 5.0419999752193696e-05 0.036885000765323646 14.670000076293947 -0.0056219999678432933 0.11510000005364419 0.033734999597072608 0.14025000482797625 -0.34025000035762781 0.77034997940063488 -0.04076500050723552
decision_type=2 10 2 2 2 10 8 2 10 8 8 8 10 8 10 10 10 2 2 2 8 2 8 2 10 2 10 2 2 10
left_child=1 3 4 10 28 9 18 15 21 12 20 16 13 -5 17 -3 -7 22 -4 -14 -1 -8 24 26 -15 -26 -24 -28 -2 -30
right_child=2 7 6 5 -6 11 8 -9 -10 -11 -12 -13 19 14 -16 -17 -18 -19 -20 -21 -22 -23 23 -25 25 -27 27 -29 29 -31
leaf_value=0.0048809278203083969 -0.00082290462551952404 0.00046562635881872388 -0.00099241256123167227 0.00011935711306853968 -0.0028278423767732802 -0.00015844816916296759 8.4631533157781823e-05 0.00020960678945004129 0.00087290507536809457 -0.00071236503720580242 0.00071082045323298687 0.00064291494517770896 0.00027170890412021311 -0.00042008210301741823 -0.0023311144518655337 0.0011304263836884869 0.00024993825498843255 -0.0024023567528470235 -0.0041562417006618018 -0.0011029138710019826 0.0014679166762134991 -0.00066476630637343705 1.8599124428186365e-05 0.00062281525363250495 -0.0023260283795688876 0.00026337536658256264 -0.0042620584992825112 -0.00084221587279228647 -0.0010343621926194129 -0.0047102171990489198
leaf_weight=215 12602 8664 890 8270 693 19462.5 6037 12137 1854 6277 2264 5936 12639 3957 656 7063.5 21695.5 440 201 905 374 5296 1046 2654 1050 339 248 607 311 212
leaf_count=215 12602 8664 890 8270 693 19462 6037 12136 1854 6277 2264 5936 12639 3957 656 7061 21692 440 201 905 374 5296 1046 2654 1050 339 248 607 311 212
internal_value=-2.74484e-06 0.000140089 -0.000597018 2.03475e-05 -0.000988464 -1.62804e-05 -0.00021814 0.000522681 -0.000105476 -0.000193377 0.0011264 0.000130711 -9.40718e-05 -0.000286581 -0.000591839 0.000764253 5.68243e-05 -0.00048129 -0.00157857 0.000179783 0.00271991 -0.000265596 -0.000395684 2.18894e-05 -0.000751411 -0.00169432 -0.000816954 -0.00183799 -0.000891137 -0.00253053
internal_weight=144996 116900 28096 89035 13818 86182 14278 27864.5 13187 39088 2853 47094 32811 19267 10997 15727.5 41158 10341 1091 13544 589 11333 9901 4555 5346 1389 1901 855 13125 523
internal_count=144988 116892 28096 89031 13818 86178 14278 27861 13187 39088 2853 47090 32811 19267 10997 15725 41154 10341 1091 13544 589 11333 9901 4555 5346 1389 1901 855 13125 523
is_linear=0
shrinkage=0.03


Tree=7
num_leaves=31
num_cat=0
split_feature=75 80 11 15 75 0 32 50 58 81 68 59 71 8 25 5 68 20 24 75 60 51 28 74 56 56 20 25 71 80
split_gain=11.2216 5.93873 3.93737 3.17437 2.76922 2.55713 2.43933 2.19324 2.36035 2.43786 2.18272 2.27898 2.02302 2.35242 1.94813 1.83183 1.82325 2.39512 1.74942 1.9065 1.7368 1.69382 1.97452 1.73608 1.60117 1.5935 1.56933 2.12167 1.8093 1.5253
threshold=0.69415000081062328 0.55314999818801891 0.044594999402761466 0.082884997129440321 0.25425000488758093 0.096330001950263991 0.57684999704360973 -0.045114999637007706 19.309999465942386 0.10765000060200693 0.48225000500679022 0.78470000624656688 6.5000000000000009 -0.079080000519752489 25.095000267028812 1.3514999747276308 0.54054999351501476 0.55035001039505016 -0.0046794998925179234 0.87344998121261608 0.0021440000273287301 -0.13485000282526013 18.355000495910648 0.000250400000368245 -0.05386999994516372 -0.087055001407861696 0.30445000529289251 13.144999980926515 11.500000000000002 0.50564998388290416
decision_type=2 10 2 2 2 2 8 8 10 2 10 10 10 2 2 2 8 2 2 2 2 10 10 10 10 8 2 2 8 8
left_child=1 7 3 18 6 -4 12 8 9 -1 11 -9 20 -14 -11 25 -15 -18 -2 -20 -3 -6 24 -24 -23 -5 29 -28 -29 -27
right_child=2 4 5 15 21 -7 -8 10 -10 14 -12 -13 13 16 -16 -17 17 -19 19 -21 -22 22 23 -25 -26 26 27 28 -30 -31
leaf_value=-0.00093362442202396089 -0.0018508641328466807 0.00077901907824133891 -0.00077757761017782959 -0.0020076608128959399 -0.00050518587667423755 -0.003082149101478283 -0.00050244003427817312 -0.00045626459285399046 0.00097192851175610705 -0.00020231866450286538 9.8077131702916832e-05 0.00027500624529406447 0.0025798385400713202 0.00058888354216143045 0.0012125856721410758 0.0026314215132748121 0.0015441079560386843 -0.0012996489584403321 -0.00022663942104628342 -0.00095838758070481474 -0.00066770296018875386 -8.6943171304839641e-05 -4.3843591771589725e-05 0.00052342085410096511 0.0011300727156551952 -0.0001901233016932504 0.0017993141741002325 0.00075296242658370502 -0.0005249098312209927 0.00064528821020226038
leaf_weight=1722 861 1794 11150 343 2381 450 1279 18967 3814 1920 23783 4807 831 6245 1609 243 4400.5 283 10037 4707 1278 1275 11581 8360 4104 3082 438 1163 6961 5434
leaf_count=1722 861 1794 11150 343 2381 450 1279 18967 3814 1920 23783 4807 831 6245 1609 243 4398 283 10037 4707 1278 1275 11579 8357 4104 3082 438 1163 6961 5434
internal_value=3.1013e-06 0.000179317 -0.000391331 -0.000225374 0.00044157 -0.000867237 0.000754313 -2.36061e-05 0.000404024 -8.57313e-06 -0.000105125 -0.000308399 0.000862716 0.00104178 0.000442949 5.00621e-05 0.000924604 0.00137203 -0.000537136 -0.000460298 0.000177139 0.000259663 0.000331604 0.000193989 0.000841637 1.39066e-05 5.46236e-05 -0.00023217 -0.000341904 0.00034296
internal_weight=145302 100434 44869 33269 43811.5 11600 16110.5 56622 9065 5251 47557 23774 14831.5 11759.5 3529 17664 10928.5 4683.5 15605 14744 3072 27701 25320 19941 5379 17421 17078 8562 8124 8516
internal_count=145295 100426 44869 33269 43804 11600 16108 56622 9065 5251 47557 23774 14829 11757 3529 17664 10926 4681 15605 14744 3072 27696 25315 19936 5379 17421 17078 8562 8124 8516
is_linear=0
shrinkage=0.03


Tree=8
num_leaves=31
num_cat=0
split_feature=75 67 17 1 75 7 28 74 49 19 52 61 39 61 64 43 11 71 67 52 82 58 84 67 57 37 29 0 18 7
split_gain=11.1046 6.02101 4.88949 3.36466 3.22831 3.00366 2.59912 2.57768 2.21161 2.03795 1.78068 1.76959 1.72031 2.10205 1.78407 2.13576 1.86063 1.70899 1.70772 1.69828 1.62378 1.61809 1.60943 1.59629 1.78941 1.58161 1.83554 2.12614 1.57838 1.55807
threshold=0.69415000081062328 0.53044998645782482 -0.066725000739097581 -0.06517500057816504 0.9255499839782716 0.1949499994516373 17.314999580383304 0.011100000236183407 0.13724999874830249 0.60795000195503246 1.3184999823570254 0.0029885000549256806 0.044764999300241477 0.005203499924391509 0.011804999783635141 0.029064999893307689 0.051134999841451652 565.50000000000011 0.2653499990701676 1.3345000147819521 0.93485000729560863 18.704999923706058 0.46494999527931219 0.60545000433921825 0.21320000290870669 1.0000000180025095e-35 0.37974999845027929 -0.0062804999761283389 0.29125000536441809 0.40125000476837164
decision_type=2 10 2 2 2 10 10 10 10 2 8 2 2 2 2 2 2 8 8 8 2 10 10 10 10 2 10 2 2 8
left_child=1 3 4 6 22 -3 -1 18 -4 19 -9 17 -8 25 15 16 -15 -11 20 29 -5 -12 23 24 -2 26 -14 -28 -18 -6
right_child=2 5 8 7 9 -7 12 10 -10 11 21 -13 13 14 -16 -17 28 -19 -20 -21 -22 -23 -24 -25 -26 -27 27 -29 -30 -31
leaf_value=-0.0012482571136533346 -0.00059445176921757859 0.00022832672222809766 0.00042441751080058928 -0.00049677734795218183 -0.001538699623628324 0.00075930296925155315 0.00022943250099432942 0.00045533988315166955 -0.00029623064596786652 -0.0022455073503008763 -0.00068270608674278217 -0.0010010829802263867 0.00076754927953108932 0.0010091514861874265 0.00242106227656668 0.0020437519249163097 -0.00060233712523056072 -0.005342208353040747 -0.00014236330319847718 9.6949001515841851e-05 -0.0019489054007407053 0.00098431792271319943 -0.0006972206551616436 0.00052994993125864294 0.00052541126614770559 -0.00021857256646580386 0.0033723485003706241 0.00074108626041804527 -0.0040824189684669472 -0.00011496672768672314
leaf_weight=631 6732 22559 6945 5033 3250 16677 2945 10096 8550 497 2621 549 705 216 246 230 234 238 34796 1087 803 654 12271 2186 1586 330 1005 382 235 879
leaf_count=631 6732 22559 6945 5033 3250 16674 2945 10096 8550 497 2621 549 705 216 246 230 234 238 34794 1087 803 654 12271 2186 1586 330 1005 382 235 879
internal_value=-1.12429e-05 0.000163971 -0.000404159 -2.21083e-05 -0.000632243 0.000454028 0.000588976 -0.000103127 2.6777e-05 -0.00122191 0.000258169 -0.00229233 0.000766728 0.00120816 0.000158429 -0.000451864 -0.00129157 -0.00325414 -0.000222024 -0.000958022 -0.000696881 -0.000349611 -0.000463905 -0.000191301 -0.000380889 0.00171109 0.00201544 0.00264872 -0.00235106 -0.00123571
internal_weight=145168 100398 44770 61162 29275 39236 7159 54003 15495 6500 13371 1284 6528 3583 1161 915 685 735 40632 5216 5836 3275 22775 10504 8318 2422 2092 1387 469 4129
internal_count=145163 100393 44770 61160 29275 39233 7159 54001 15495 6500 13371 1284 6528 3583 1161 915 685 735 40630 5216 5836 3275 22775 10504 8318 2422 2092 1387 469 4129
is_linear=0
shrinkage=0.03


Tree=9
num_leaves=31
num_cat=0
split_feature=50 67 80 50 11 58 9 87 57 21 76 46 57 74 89 56 53 52 64 28 45 86 56 14 25 81 6 31 9 56
split_gain=9.884 6.63827 4.48877 3.3566 3.14446 2.64443 2.50797 2.28751 2.13773 2.18275 2.1169 1.93582 1.87306 1.93934 1.85598 1.74841 1.73322 1.69159 1.65073 1.64088 1.63581 2.72102 2.18223 1.77522 1.61898 1.6048 1.5597 1.63527 1.53318 1.8859
threshold=0.023275000043213371 0.67114999890327465 0.52535000443458568 -0.038075000047683709 0.042445000261068351 19.365000724792484 -0.096895001828670488 0.98074999451637279 0.12934999912977221 0.46944999694824224 0.76265001296997081 0.6439499855041505 0.71200001239776622 0.011100000236183407 0.67465001344680797 -0.066759999841451631 0.046764999628067024 0.50104999542236339 0.0056800001766532668 20.425000190734867 0.46965000033378607 0.25445000827312475 -0.05386999994516372 0.080014999955892577 37.565000534057624 0.5960499942302705 0.085994999855756774 0.20005000382661822 0.15894999355077746 0.019155000336468223
decision_type=10 10 10 10 2 8 2 2 10 2 2 2 8 10 2 10 10 10 2 10 2 2 8 2 2 2 10 8 2 10
left_child=1 2 3 5 11 8 26 -6 24 15 16 14 13 -8 -2 -10 -3 -9 -12 -18 22 -22 -5 -23 -1 -19 -4 -28 29 -27
right_child=4 10 6 20 7 -7 12 17 9 -11 18 -13 -14 -15 -16 -17 19 25 -20 -21 21 23 -24 -25 -26 28 27 -29 -30 -31
leaf_value=0.00011445295535211164 -0.00027114062847928067 0.00049145366999514247 0.00022393511581340287 0.00017057304113459178 -0.00062816058236615563 0.00090928552506175841 7.2387028814669628e-05 -0.0037286550702847307 0.0020758113434078962 -0.0030962615345369762 0.00030547861392316554 -1.9778807047937969e-05 0.0024489160138182341 0.00054819124639153137 -0.0011619581546292242 -0.00079329625485202704 0.001393873602256013 -0.0025599327823966739 -0.0017144472362014237 0.00034068237750693503 0.0011813092033099877 -7.2478586320951916e-06 -0.00063196516708195186 -0.00068738919182347372 0.0020401683659860633 -0.0036462009533682056 0.0028106352882447758 0.00047262662080448944 0.00042845068308192168 -2.230221536816456e-05
leaf_weight=3052 6477 7530 713 3789 10919 4205 28870 319 218 328 1225 15689 335 10518 3118 1504 5535 624 517 1754 1414 13190 15613 4678 450 257 775 413 566 259
leaf_count=3052 6477 7530 713 3789 10919 4205 28867 319 218 328 1225 15689 335 10517 3118 1504 5535 624 517 1754 1414 13190 15613 4678 450 257 775 413 566 259
internal_value=-5.90113e-06 0.000142481 4.09743e-05 -0.000155348 -0.000419764 0.000341875 0.000269448 -0.000800018 -8.79592e-05 -0.000857132 0.000694478 -0.000225071 0.000218486 0.000199454 -0.000560712 -0.000429082 0.000810764 -0.00172592 -0.000294645 0.00114052 -0.000280765 -8.50671e-05 -0.000475237 -0.000185343 0.000362415 -0.00134947 0.00133365 0.00199892 -0.000649665 -0.00183079
internal_weight=144854 106626 90065 48441 38228 9757 41624 12944 5552 2050 16561 25284 39723 39388 9595 1722 14819 2025 1742 7289 38684 19282 19402 17868 3502 1706 1901 1188 1082 516
internal_count=144850 106622 90061 48441 38228 9757 41620 12944 5552 2050 16561 25284 39719 39384 9595 1722 14819 2025 1742 7289 38684 19282 19402 17868 3502 1706 1901 1188 1082 516
is_linear=0
shrinkage=0.03


Tree=10
num_leaves=31
num_cat=0
split_feature=75 80 11 75 67 8 45 56 56 52 66 71 80 80 68 10 52 71 53 60 67 81 56 81 20 39 62 21 59 8
split_gain=9.49444 4.16989 4.10367 3.03855 2.93518 2.78538 2.78048 2.73212 3.21149 2.82176 2.19051 2.05496 2.15482 2.01648 1.98031 2.58334 1.95781 1.92994 1.90191 2.3644 2.55025 2.40565 1.77034 2.09205 1.92399 1.72311 1.85239 1.70159 1.68269 1.68227
threshold=0.47070001065731054 0.29874999821186071 0.034934999421238906 0.97984999418258678 0.63564997911453258 -0.079080000519752489 0.1212499998509884 0.18425000458955768 -0.05386999994516372 1.310499966144562 -0.019345000386238095 4.5000000000000009 0.92145001888275158 0.54989999532699596 0.41245000064373022 0.77845001220703136 1.2444999814033511 23.500000000000004 -0.0064220000058412543 0.016084999777376655 0.34405000507831579 0.32285000383853918 0.039254998788237579 0.25049999356269842 0.62475001811981212 0.037544999271631248 -0.099145002663135515 0.3132500052452088 0.072419997304677977 0.053245000541210181
decision_type=2 10 2 2 10 2 2 10 8 8 2 8 10 10 8 2 8 10 10 2 10 2 10 2 2 2 2 2 10 2
left_child=1 7 6 18 5 17 -2 8 9 -1 -11 -5 14 -8 15 -13 -10 -3 29 20 21 -20 25 24 -24 26 -7 -15 -27 -4
right_child=2 4 3 11 -6 22 13 -9 16 10 -12 12 -14 27 -16 -17 -18 -19 19 -21 -22 -23 23 -25 -26 28 -28 -29 -30 -31
leaf_value=0.00014296400213770308 -0.0011600787832995096 0.00036297645649255794 -0.00055192824884885399 0.00070902677618086597 0.00085782769407317906 -0.0013220844854293652 -0.00019357533342819079 0.001528595245323588 -0.00015572284835733884 0.00036529677143453819 0.003304054676403627 0.0005786743152556335 0.0003214276485749328 0.00046270279145927247 -0.0028554417438750859 -0.0031207360573165992 -0.00089778872621042128 0.0023827160078232247 -0.0015608324425760709 0.0011915759043636949 1.6595600505796852e-05 -0.00037182242307547467 -0.00049429456361008769 0.00015451416136050706 -0.0032309052074905999 -0.00042460013781249576 0.00028701728320169103 -9.471964651782937e-05 0.00095053039422124484 -0.0015267714432196295
leaf_weight=2685 1984 784 8221 342 10162 685 24719 886 12302 397 537 429 372 10960 1306 280 4324 932 2202 998 9323 5027 2694 13221 252 914 10491 8955 6440 1976
leaf_count=2685 1984 784 8221 342 10160 685 24719 886 12302 397 537 429 372 10959 1306 280 4324 932 2202 998 9323 5027 2694 13221 252 914 10488 8955 6440 1976
internal_value=-1.07668e-05 0.000248451 -0.000238419 -0.000509117 0.00040703 0.000281204 -6.14462e-05 -0.000101077 -0.00017247 0.000637285 0.00205665 -0.00146413 -0.00177566 -1.25867e-05 -0.00216278 -0.000884643 -0.000348758 0.00146069 -0.00041514 -0.000225794 -0.000311321 -0.000734168 0.000222829 -6.59059e-06 -0.0007294 0.000422983 0.000188283 0.000212059 0.000779586 -0.000740967
internal_weight=144800 67706 77094 30476 46575 36413 46618 21131 20245 3619 934 2729 2387 44634 2015 709 16626 1716 27747 17550 16552 7229 34697 16167 2946 18530 11176 19915 7354 10197
internal_count=144794 67701 77093 30476 46570 36410 46617 21131 20245 3619 934 2729 2387 44633 2015 709 16626 1716 27747 17550 16552 7229 34694 16167 2946 18527 11173 19914 7354 10197
is_linear=0
shrinkage=0.03


Tree=11
num_leaves=31
num_cat=0
split_feature=75 80 17 47 53 46 89 85 81 41 71 24 11 58 69 53 53 58 41 58 72 85 52 56 11 5 28 71 87 2
split_gain=8.86585 5.10375 3.45851 3.26817 2.43147 2.33374 2.22538 2.19243 1.90142 1.99302 1.89531 1.88056 1.69749 1.59331 1.53585 1.53151 1.63377 1.49917 1.63092 1.48006 1.41327 1.57028 1.45125 2.12725 2.4963 1.53415 1.537 1.40719 1.51613 1.40659
threshold=0.78554999828338634 0.55314999818801891 -0.066725000739097581 -2.4999999999999996 0.2864499986171723 0.97044998407363903 0.96834999322891246 0.50095000863075267 0.53344997763633739 0.14504999667406085 3.5000000000000004 -0.0025155000621452923 0.037805000320076949 25.750000000000004 1.1165000200271609 0.087975002825260176 0.17944999784231189 19.460000038146976 -0.12004999816417693 45.055000305175788 5.5000000000000009 0.60754999518394481 0.48465000092983251 0.053910000249743469 0.038174999877810485 -0.29444999992847437 17.134999275207523 24.500000000000004 0.64790001511573803 0.020984999835491184
decision_type=2 10 2 2 10 2 2 10 2 2 8 2 2 10 10 8 10 8 2 8 10 10 8 8 2 2 10 8 2 2
left_child=1 4 6 7 5 20 -2 17 11 15 -4 -5 -9 14 -12 -10 -17 18 -3 -6 21 -1 -23 25 -25 26 -24 -13 -29 -18
right_child=2 3 10 8 19 -7 -8 12 9 -11 13 27 -14 -15 -16 16 29 -19 -20 -21 -22 22 23 24 -26 -27 -28 28 -30 -31
leaf_value=-0.00022777294577017217 -0.00057520933200138822 0.0025629796557554386 0.0013456197909642281 -0.0006453954933125618 0.00050085917656732953 -0.0015693303566363212 -0.0016559866779532273 0.00071010601192531681 0.00018729745707207586 -0.00097179972124027559 -0.00016465232000359325 -0.0005503182542440871 0.0016247410259982635 -0.0014561827874194394 0.0010162807834061451 0.001043989086193021 0.00084649517620870177 -0.00013706704181464099 0.00054078763886724365 0.0024379808373547196 0.00050731568371575994 0.00072766649780976701 -0.00096455215299095804 -8.7015952295002369e-05 -0.001467850314008733 8.2151735484437574e-05 0.0013657806216602411 0.00071316345230478266 -0.00062836764831813573 -0.0002574545230895915
leaf_weight=34741 17879 386 838 4087 3103 944 1896 4481 12624.5 990 8987 1751 3085 762 1113 5264 1920 3158 4973 400 3624 2869 301 4315 1620 10250 1634 3788.5 947 2261
leaf_count=34741 17879 386 838 4087 3103 944 1896 4479 12620 990 8987 1751 3085 762 1113 5264 1920 3158 4972 400 3624 2869 301 4315 1620 10250 1634 3788 947 2261
internal_value=8.47005e-06 0.000131998 -0.000437031 0.000359872 -4.55728e-05 -9.0216e-05 -0.000678911 0.000711602 0.000191661 0.0003444 -2.819e-05 -0.000141443 0.00108321 -0.000134293 -3.44281e-05 0.000403483 0.000692394 0.000381399 0.000686894 0.000722688 -6.66653e-05 -0.000103998 0.000100874 1.59747e-06 -0.000464108 0.00022845 0.00100297 0.000176136 0.00044481 0.000249583
internal_weight=144992 113517 31475 49716 63801 60298 19775 16083 33633 23059.5 11700 10573.5 7566 10862 10100 22069.5 9445 8517 5359 3503 59354 55730 20989 18120 5935 12185 1935 6486.5 4735.5 4181
internal_count=144984 113509 31475 49708 63801 60298 19775 16080 33628 23055 11700 10573 7564 10862 10100 22065 9445 8516 5358 3503 59354 55730 20989 18120 5935 12185 1935 6486 4735 4181
is_linear=0
shrinkage=0.03


Tree=12
num_leaves=31
num_cat=0
split_feature=50 80 67 17 9 89 4 66 56 58 67 37 39 62 53 81 18 88 46 53 86 78 29 24 68 88 69 58 11 68
split_gain=9.55297 5.53421 3.7563 3.53421 2.86895 2.54044 2.38366 2.79142 3.42524 2.44944 2.2813 2.26977 2.11461 2.04485 2.02306 2.05867 2.0141 2.04402 1.71702 1.67317 1.66077 1.92188 1.65735 1.5689 1.55658 1.53523 1.62586 1.90233 1.53064 1.561
threshold=0.023275000043213371 0.55314999818801891 0.69034999608993541 -0.12054999917745589 -0.096895001828670488 0.97904998064041149 -0.2230500057339668 -0.014140000101178883 -0.04076500050723552 31.960000038146976 0.41535000503063207 1.0000000180025095e-35 0.037985000759363181 -0.01918500009924173 0.2864499986171723 0.05152500048279763 1.810499966144562 0.78585001826286327 0.97044998407363903 0.20335000008344653 0.76274999976158153 0.97334998846054088 0.75155001878738414 0.0036334999604150657 0.23214999586343768 0.45940001308918005 1.0985000133514407 27.909999847412113 0.038174999877810485 0.66435000300407421
decision_type=10 10 10 2 2 2 2 2 10 10 8 2 2 2 10 2 2 2 2 10 2 2 10 2 8 2 8 10 2 8
left_child=1 2 6 5 28 11 7 13 9 -9 20 -2 -5 -1 15 23 -14 -18 -17 -4 21 -6 -7 -8 -16 -12 -27 -28 -3 -30
right_child=3 4 19 12 10 22 14 8 -10 -11 25 -13 16 -15 24 18 17 -19 -20 -21 -22 -23 -24 -25 -26 26 27 -29 29 -31
leaf_value=0.00087765308498418098 -0.00081526972890535857 -0.00065638046843148482 0.0004038328341943801 6.5114613880385056e-05 -8.9107980864782719e-05 -0.0015309298710333118 -0.001340665016127027 0.0030407126928560118 -0.00021238899110959699 0.00019200910881022356 0.00064607814209990174 -2.9202440537373544e-05 -0.0010325100835437047 -0.0011107862948303228 0.0030899384425748049 -0.00017365692172599247 -0.00080573500670529324 0.0012135354454569543 -0.0017263284696854568 0.0018045284940685056 0.00075230131241224259 -0.0025523059497469772 -0.0044866915302855231 0.00031118886146111452 0.0003902881626821209 0.0004384468278842278 -6.6586959242955103e-05 -0.0022487427832711547 0.002340809884516161 0.0003381947700060562
leaf_weight=794 13627 262 6950 13920 10554 798 2472 953 844 380 18313 4365 3682 1122 208 41797 913 890 650 862 2176 292 217 654 2401 9335.5 3556 399 1292 481
leaf_count=794 13627 262 6950 13920 10553 798 2472 953 844 380 18310 4365 3682 1122 208 41797 913 890 650 862 2176 292 217 654 2401 9333 3556 399 1292 481
internal_value=-1.05838e-05 0.000135406 -5.49448e-05 -0.000416285 0.000380526 -0.000707034 -0.000146642 0.000548326 0.00128307 0.00222938 0.000330272 -0.000624576 -0.000131478 -0.000286739 -0.000205689 -0.000252205 -0.000630317 0.000191141 -0.000197473 0.000558601 -3.88547e-06 -0.000155652 -0.00216665 -0.000995087 0.000606617 0.000467955 0.000222489 -0.000287246 0.00148185 0.00179801
internal_weight=145160 106748 60087 38412 46660.5 19007 52275 4093 2177 1333 44625.5 17992 19405 1916 48182 45573 5485 1803 42447 7812 13022 10846 1015 3126 2609 31603.5 13290.5 3955 2035 1773
internal_count=145153 106741 60087 38412 46654 19007 52275 4093 2177 1333 44619 17992 19405 1916 48182 45573 5485 1803 42447 7812 13021 10845 1015 3126 2609 31598 13288 3955 2035 1773
is_linear=0
shrinkage=0.03


Tree=13
num_leaves=31
num_cat=0
split_feature=50 80 17 50 67 5 67 65 63 28 71 81 0 60 20 52 87 77 24 59 6 53 74 65 71 85 53 89 0 48
split_gain=7.06308 5.90392 3.04962 3.39168 2.88297 2.84533 2.63302 2.47447 2.60762 2.34784 2.04493 1.97213 2.0202 1.96076 2.0617 1.9679 1.9003 1.85921 1.78064 1.75045 1.84855 1.712 1.67391 1.66954 1.65434 1.63011 1.58326 2.38706 1.55021 1.54859
threshold=0.023275000043213371 0.57725000381469738 -0.066725000739097581 0.10474999994039537 0.58004999160766613 -0.29444999992847437 0.43195000290870672 -0.012289999984204767 0.016319999471306804 20.765000343322757 6.5000000000000009 0.12034999951720239 0.016885000281035904 -0.011214999947696922 0.52265000343322765 1.0425000190734866 0.98734998703002941 0.022900000214576725 -0.012794999871402977 0.33630000054836279 -0.50564998388290394 -0.12635000050067899 -0.022114999592304226 0.0010109999566338959 115.50000000000001 0.54434999823570263 0.0026395000750198965 0.89945000410079967 -0.028415000066161152 1.9395000338554385
decision_type=10 10 2 10 10 2 10 10 2 10 10 2 2 2 2 10 2 2 2 10 10 10 10 10 8 10 8 2 2 2
left_child=1 4 3 -2 5 7 13 -1 9 19 -4 24 -13 -3 15 -15 -12 -16 -8 23 28 -22 -5 -9 -7 -6 27 -20 -21 -18
right_child=2 6 10 22 25 11 18 8 -10 -11 16 12 -14 14 17 -17 29 -19 26 20 21 -23 -24 -25 -26 -27 -28 -29 -30 -31
leaf_value=-0.0022942516026154265 -0.00043729555423560135 0.0010013250176488073 0.00078463145064869028 -0.0023399169452970941 1.0642701546985803e-06 -0.00045543319662290078 0.0016047662564599486 -0.0036738412910008304 0.0025405598860580381 0.0015888489909634564 -6.1446280711525253e-05 -8.8465376781726561e-05 -0.00080528104143985646 0.0004764424542675365 -0.0034103478689319158 -0.00024179124748251884 -0.0026974045318328655 -0.00051925542944156623 0.00028104634831405465 -0.0029183114964801533 0.0027794670629025212 0.00026064552039279575 -0.00070626110336733847 0.00010874789708585881 -0.0014927561446388266 0.00056936301234982464 0.00069429583574180383 -0.0024546271300173029 9.9919666710231351e-06 0.00026620723860464805
leaf_weight=259 22620 2001 2507 1325 10396 5335 1449 220 604 1038 10151 28812 4033 7655 217 6224 459 2460 7824 233 346 810 985 200 1868 8067 16140 297 534 242
leaf_count=259 22620 2001 2507 1325 10396 5335 1449 220 604 1038 10151 28812 4033 7655 217 6224 459 2460 7822 233 346 810 985 200 1868 8067 16136 297 534 242
internal_value=-3.50623e-06 0.000121598 -0.000353179 -0.000549162 -6.55446e-05 -0.000196826 0.000386895 0.000541721 0.000726571 0.000401855 1.257e-05 -0.000275103 -0.000176504 0.000114549 7.31711e-06 0.000154358 -0.000165845 -0.000754796 0.000583456 -0.000124463 0.000259002 0.0010163 -0.00164392 -0.00187663 -0.000724619 0.000249387 0.000522395 0.000180708 -0.000882212 -0.00167538
internal_weight=145311 107022 38289 24930 62755 44292 44267 4244 3985 3381 13359 40048 32845 18557 16556 13879 10852 2677 25710 2343 1923 1156 2310 420 7203 18463 24261 8121 767 701
internal_count=145305 107016 38289 24930 62755 44292 44261 4244 3985 3381 13359 40048 32845 18557 16556 13879 10852 2677 25704 2343 1923 1156 2310 420 7203 18463 24255 8119 767 701
is_linear=0
shrinkage=0.03


Tree=14
num_leaves=31
num_cat=0
split_feature=75 68 17 7 1 89 4 50 81 62 56 71 6 62 64 53 81 76 24 28 29 11 68 42 41 80 32 65 9 53
split_gain=9.61522 5.2114 3.62695 3.17492 3.16629 3.10931 2.59729 2.58861 2.10936 2.09476 2.39619 2.41722 1.9438 1.89002 1.89253 1.87989 1.87262 1.8203 1.73586 1.71719 1.66041 1.56882 1.56203 1.54157 1.70952 1.47294 1.44694 1.43114 1.89881 1.66105
threshold=0.80834999680519115 0.54054999351501476 -0.065595000982284532 0.1949499994516373 -0.06517500057816504 0.96834999322891246 0.22224999964237216 -0.016955000348389145 0.15255000442266467 -0.054305000230669968 0.014605000149458649 20.500000000000004 0.28145000338554388 0.022959999740123752 -0.0055865000467747441 0.070934999734163298 0.56509998440742504 0.97044998407363903 0.0037985000526532535 20.144999504089359 0.631749987602234 0.092165000736713423 0.41245000064373022 -0.11124999821186064 -0.044844999909400933 0.21884999424219134 0.5319499969482423 -0.0030545000918209548 0.052285000681877143 -0.16485000401735303
decision_type=2 10 2 10 2 2 2 8 2 2 8 10 8 2 2 10 2 2 2 10 10 2 8 2 2 10 10 10 2 10
left_child=1 4 5 -3 6 21 9 -5 13 -1 11 12 -11 27 -15 -9 -13 -4 26 -17 22 -2 -7 24 -10 -12 -16 28 -6 -29
right_child=2 3 17 7 8 20 -8 15 23 10 25 16 -14 14 18 19 -18 -19 -20 -21 -22 -23 -24 -25 -26 -27 -28 29 -30 -31
leaf_value=-0.00068651568371953971 -0.00058360719771255367 0.00015939689512286558 0.00011651636501262415 0.0011778249334616056 -0.0011744891744523997 0.00069826585733923367 0.0020469122702569623 7.7785886992985369e-07 0.0007989694226754881 -0.00048518536033318453 -0.0015199855268065454 0.0021797226640125895 0.0020116281959777298 -0.0018899946058847585 -0.0013025747981245633 0.0012085872050508798 -3.4721411471576269e-05 -0.00092077385373809384 0.00085986340526651348 0.00013357981780279956 -0.0026992309022789073 -0.0024618877742497293 -0.0019930184206297572 -6.3100475427109806e-05 -0.0020206934803475934 0.00030424143282161906 0.001400212024852615 0.0020956954139066818 0.0015807625406062391 -9.4034767296846152e-05
leaf_weight=1423 15418 24022.5 8668 6294 1986 328 905 5190.5 2981.5 1123 582 1650 373 1405 1526 3451 434 1846 622 2183.5 1069 410 473 52809 206 1257 201 328 253 5955
leaf_count=1423 15418 24021 8668 6294 1986 328 905 5188 2981 1123 582 1650 373 1405 1526 3451 434 1846 622 2183 1069 410 473 52809 206 1257 201 328 253 5955
internal_value=-9.81491e-06 0.000109911 -0.000507007 0.000381882 -3.7282e-05 -0.000769174 0.000537443 0.000694059 -0.000102504 0.000337513 0.000606495 0.00105854 0.000138277 -0.000458631 -0.00101939 0.0004127 0.00171876 -6.56766e-05 -0.000498083 0.000792094 -0.00192578 -0.000632414 -0.000891473 -2.44242e-05 0.000616165 -0.000273596 -0.000987378 -0.00021152 -0.000862588 2.0594e-05
internal_weight=145373 117161 28212 41141.5 76019.5 17698 7747 17119 68272.5 6842 5419 3580 1496 12276 3754 10825 2084 10514 2349 5634.5 1870 15828 801 55996.5 3187.5 1839 1727 8522 2239 6283
internal_count=145368 117156 28212 41137 76019 17698 7747 17116 68272 6842 5419 3580 1496 12276 3754 10822 2084 10514 2349 5634 1870 15828 801 55996 3187 1839 1727 8522 2239 6283
is_linear=0
shrinkage=0.03


Tree=15
num_leaves=31
num_cat=0
split_feature=50 68 53 25 81 19 41 46 87 87 9 20 41 53 6 56 65 64 65 56 16 43 56 68 17 74 25 86 61 68
split_gain=7.68305 4.26645 3.48767 3.41141 3.16387 2.96067 2.57208 2.4513 2.20171 1.99568 1.96712 1.90264 1.81271 1.75006 2.65966 1.71835 1.73755 2.59888 1.63395 1.91967 3.29954 1.95238 2.00932 1.82938 1.56307 1.55709 1.54298 1.86941 1.5414 1.77693
threshold=0.023275000043213371 0.56534999608993541 0.045505000278353698 38.864999771118171 0.15734999626874926 0.55344998836517345 0.05891500040888787 0.58845001459121715 0.99805000424385082 0.65595000982284557 -0.088940002024173723 0.22134999930858615 0.098515000194311156 0.0051784999668598184 -0.22375000268220899 -0.074769999831914888 0.0014209999935701492 -0.0014719999744556842 0.0032384999794885521 0.049435000866651542 0.086884997785091414 1.0000000180025095e-35 0.06835500150918962 0.44005000591278082 -0.47124999761581415 0.048805000260472305 44.745000839233406 0.82815000414848339 0.01762500032782555 0.69394999742507946
decision_type=8 10 10 2 2 2 2 2 2 2 2 2 2 10 8 8 8 2 10 8 2 2 10 10 2 8 2 2 2 10
left_child=1 3 9 4 15 7 -5 -2 25 -3 -6 -4 -9 14 -14 16 17 -1 19 20 24 23 -23 -21 -17 26 27 -7 29 -13
right_child=5 2 11 6 10 8 -8 12 -10 -11 -12 28 13 -15 -16 18 -18 -19 -20 21 -22 22 -24 -25 -26 -27 -28 -29 -30 -31
leaf_value=0.0045192744209209259 -0.00062018457754363799 0.00028517387145481001 0.00021782731216932899 0.0011049275521021402 0.00096724688731474626 -0.00044947869149030226 1.6671969286262212e-05 0.00018788339295341313 -0.0032518084380563678 -0.00057480118876009816 1.7639033283669659e-05 0.00081685305590536961 0.0017244617708107889 -0.00015299873316490631 -0.0014700676380894747 -0.0018621988275011915 -0.00031444435305337407 -4.4699283933872916e-06 -6.9955386340638643e-05 -0.0023518786604276461 0.0019851061851610713 -0.0023464564783249181 0.00016671125111411125 -0.00058467270008804911 -0.00035080475491881916 -0.0003592089252291347 -0.0034163451134501133 -0.0024532790135485998 -0.00065495605553410059 0.0017148201153560636
leaf_weight=211 10777 12842.5 4291.5 4300 2039 1257 3583 11720 368 2994 52211.5 8106 265 8350 1992 771 669 248 4081 1691 478 377 1180 767 3048 2659 305 628 507 2627
leaf_count=211 10777 12839 4290 4300 2039 1257 3583 11720 368 2994 52211 8106 265 8350 1992 771 669 248 4081 1691 478 377 1180 767 3048 2659 305 628 507 2627
internal_value=1.11729e-05 0.000141691 0.00043585 1.97224e-05 -4.89865e-05 -0.000353332 0.000610356 -0.000248633 -0.00101751 0.000122564 5.33471e-05 0.00075526 -6.92695e-05 -0.000353397 -0.00109439 -0.000459555 0.000661023 0.00208038 -0.000561594 -0.00080294 -0.000362112 -0.00127452 -0.000442923 -0.0018009 -0.000656341 -0.00084731 -0.00143951 -0.001118 0.000960418 0.00103678
internal_weight=145344 107022 31368 75654.5 67771.5 38321 7883 33104 5217 15836.5 54250.5 15531.5 22327 10607 2257 13521 1128 459 12393 8312 4297 4015 1557 2458 3819 4849 2190 1885 11240 10733
internal_count=145338 107017 31363 75654 67771 38321 7883 33104 5217 15833 54250 15530 22327 10607 2257 13521 1128 459 12393 8312 4297 4015 1557 2458 3819 4849 2190 1885 11240 10733
is_linear=0
shrinkage=0.03


Tree=16
num_leaves=31
num_cat=0
split_feature=75 17 75 68 39 56 80 81 24 80 66 17 77 70 67 58 58 21 69 53 50 67 50 51 84 77 85 62 60 28
split_gain=7.26362 3.42966 3.59901 3.22073 3.10799 2.85056 2.2978 2.2969 2.27116 2.22603 2.02661 3.04525 2.12582 1.77324 1.75053 1.67582 1.6593 1.57766 1.56126 1.64578 1.5568 1.54165 1.61057 1.53996 1.83858 1.52301 1.47389 1.48816 1.56722 1.45902
threshold=0.47070001065731054 -0.067824997007846818 0.8696500062942506 0.55445000529289257 0.034384999424219138 -0.057785000652074807 0.58134999871253978 0.088024999946355834 -0.0012194999726489184 0.97745001316070568 -0.048324998468160622 -0.24104999750852582 0.34325000643730169 1.2294999957084658 0.2653499990701676 35.569999694824226 15.144999980926515 0.38075000047683721 0.99715000391006481 -0.11545000225305556 -0.087060000747442232 0.44195000827312475 -0.046064998954534524 0.2104500010609627 0.40434999763965612 0.99445000290870678 0.033940000459551818 0.060914998874068267 -0.013855000026524065 18.675000190734867
decision_type=2 2 2 10 2 8 10 2 2 10 2 2 2 10 10 8 8 2 8 10 10 8 8 8 10 2 10 2 2 10
left_child=3 2 14 5 29 10 13 26 -6 25 12 18 20 -5 16 -8 17 -2 19 -12 -1 -9 -23 24 -16 -4 -7 -28 -29 -3
right_child=1 4 9 6 8 7 15 21 -10 -11 11 -13 -14 -15 23 -17 -18 -19 -20 -21 -22 22 -24 -25 -26 -27 27 28 -30 -31
leaf_value=0.0011940369790119794 -0.00060747666470403522 0.0010467219702466118 -0.0008144856621507304 6.0832133051613126e-05 0.00078704855806854476 -0.0025000363571247466 0.0010412243600276569 -0.00014171878351789918 -0.00067767754797015841 0.0016215735320437086 0.0028643534262618188 -6.6999405829420836e-05 0.00082857728096334118 0.0008853898066918329 7.4218501564131292e-05 -0.00037345891867842279 -0.0003324538340506047 -0.0022073305203131289 0.00078940458192656353 0.0010749207059626152 -0.0016872699201706145 0.00079568376982106566 0.00011679067599418044 0.00039178199055579598 -0.00041122242277461912 -0.0031602439379374331 -0.00023600242687650728 1.130071193428255e-05 -0.0027229521205528982 0.00021693754411718176
leaf_weight=210 1344 2195 11031 9161 1143 339 7952.5 15477 5701 332 1002 1834 974 3155 13180 832 6662 945 1749 862 846 4014 14516 4899 15027 254 4242 310 481 14504
leaf_count=210 1344 2195 11031 9161 1143 339 7950 15476 5701 332 1002 1834 974 3155 13180 832 6662 945 1749 862 846 4014 14516 4899 15027 254 4242 310 481 14504
internal_value=2.59061e-06 -0.000196482 -0.000328895 0.00022879 0.0001054 9.01911e-05 0.000536546 -1.17756e-05 -0.000432978 -0.000796289 0.000627147 0.000928619 -0.000181838 0.000272114 -0.000199776 0.000907209 -0.000571976 -0.00126864 0.00143389 0.00203786 -0.0011137 7.9293e-05 0.000263889 -9.91284e-05 -0.000184401 -0.000867559 -0.000588185 -0.000458941 -0.00165271 0.000326065
internal_weight=145174 77217 53674 67956.5 23543 46856 21100.5 39379 6844 11617 7477 5447 2030 12316 42057 8784.5 8951 2289 3613 1864 1056 34007 18530 33106 28207 11285 5372 5033 791 16699
internal_count=145170 77217 53674 67953 23543 46855 21098 39378 6844 11617 7477 5447 2030 12316 42057 8782 8951 2289 3613 1864 1056 34006 18530 33106 28207 11285 5372 5033 791 16699
is_linear=0
shrinkage=0.03


Tree=17
num_leaves=31
num_cat=0
split_feature=75 67 80 75 39 45 1 74 80 15 18 8 53 49 71 60 56 10 68 76 6 26 52 53 85 74 89 74 70 60
split_gain=7.73036 3.55383 3.19148 3.90624 2.78144 2.48672 2.46455 2.14383 2.23085 2.08484 1.77346 1.64768 1.97038 1.59946 1.53382 1.8548 1.50992 1.54302 1.50111 2.45676 1.48529 1.63411 1.45944 1.45515 1.49648 1.39334 1.4018 1.3625 1.71388 1.33425
threshold=0.45495000481605535 0.63314998149871837 0.52134999632835399 0.96885001659393322 0.025404999963939193 0.14455000311136249 -0.10235000029206275 -0.027594999410212036 0.056199999526143081 -0.14465000480413434 0.37524999678134924 0.040145000442862518 0.5584000051021577 -0.26164999604225153 26.500000000000004 0.0079219997860491293 -0.05386999994516372 0.30095000565052038 0.60965001583099376 0.7584500014781953 0.1479500010609627 0.93185001611709606 1.2175000309944155 0.15675000101327899 0.10105000063776971 0.031244999729096893 0.97904998064041149 -0.01816499978303909 0.92645001411437999 0.017555000260472301
decision_type=2 10 10 2 2 2 2 10 10 2 2 2 8 10 10 2 8 2 10 2 8 2 10 10 10 10 2 8 10 2
left_child=1 6 3 5 -4 -2 14 8 -8 -9 22 27 16 -3 -1 -16 17 -13 29 23 -21 -22 -11 24 -20 26 -5 -6 -29 -7
right_child=2 13 4 25 11 18 7 9 -10 10 -12 12 -14 -15 15 -17 -18 -19 19 20 21 -23 -24 -25 -26 -27 -28 28 -30 -31
leaf_value=0.0002998785732620091 -0.0012747751763375885 -0.00080455288557910521 0.00050311759042841165 -0.0013927341788092695 -0.00048751063706607879 -0.00037865168503555652 -0.0011318438279656615 0.00096233813463746055 -4.6293572852463367e-05 7.4379084985062526e-05 0.00040052920235591035 0.00058056805834204859 -0.0029954381049184819 0.00075179717858901891 0.0022658747019749957 -0.00050254796618687302 -0.00023127793604685361 -0.0019970992385079994 -0.0013669877793715081 -0.0012061332307489944 -0.00065000941732361707 0.0021831458154029197 -0.00072677911094293842 0.0016659992890074233 0.00050798864461322978 3.827650171542723e-05 -0.0031917488997386619 -0.00015335899093175948 0.00042949274070292154 0.00065219529958911366
leaf_weight=1367 2236 622 7998 1339 4055 28385 1871 3327 18961 9148.5 13307.5 272 271 12987 1102 271 6936 896 431 1501 491 291 2635 853 3386 396 551 9665 8562 1176
leaf_count=1367 2236 622 7997 1339 4055 28385 1871 3327 18961 9147 13306 272 271 12985 1102 271 6936 896 431 1501 491 291 2634 853 3386 396 551 9665 8562 1176
internal_value=7.8535e-06 0.000249041 -0.000190685 -0.000374942 4.92642e-06 -0.000303827 0.000136062 8.73326e-05 -0.000143841 0.000256795 0.000163207 -0.000125057 -0.000483768 0.00068061 0.0010116 0.00171948 -0.000399417 -0.00139684 -0.000244336 0.000152264 -0.000654089 0.000405714 -0.000104821 0.000546517 0.000295971 -0.00157976 -0.00191862 9.78482e-06 0.00012044 -0.000337622
internal_weight=145290 65599 79691 41036 38655 38750 51990 49250 20832 28418 25091 30657 8375 13609 2740 1373 8104 1168 36514 6953 2283 782 11783.5 4670 3817 2286 1890 22282 18227 29561
internal_count=145283 65593 79690 41036 38654 38750 51986 49246 20832 28414 25087 30657 8375 13607 2740 1373 8104 1168 36514 6953 2283 782 11781 4670 3817 2286 1890 22282 18227 29561
is_linear=0
shrinkage=0.03


Tree=18
num_leaves=31
num_cat=0
split_feature=75 11 67 25 17 75 51 87 56 69 67 15 24 51 62 51 14 65 28 61 50 30 57 25 63 25 58 57 22 49
split_gain=7.3833 3.15099 2.63612 2.92316 2.32243 2.561 2.15979 2.11848 1.82156 2.23531 1.81941 3.25587 1.77471 1.62258 1.56992 1.65418 1.52575 1.76238 1.78921 1.50895 1.44986 1.44463 1.4068 1.38319 1.38235 1.38398 1.34464 1.34021 1.59491 1.2798
threshold=0.43144999444484716 0.063294999301433577 0.51354998350143444 38.864999771118171 -0.067824997007846818 0.8038499951362611 1.6125000119209292 0.97334998846054088 -0.057785000652074807 0.82795000076293956 0.39835000038146978 0.30625000596046453 -0.0077845000196248284 1.0000000180025095e-35 -0.039370000362396233 -0.23994999378919599 0.12234999984502794 0.0011025000130757692 20.025000572204593 -0.020639999769628044 -0.087060000747442232 -0.46645000576972956 0.17975000292062762 34.174999237060554 0.0089940000325441378 24.98499965667725 15.864999771118166 0.087835002690553679 -0.27064999938011164 -0.010635000187903641
decision_type=2 2 10 2 2 2 10 2 8 8 10 2 2 10 2 10 2 10 10 2 10 8 10 2 2 2 10 10 2 10
left_child=2 4 3 8 5 10 16 14 9 22 -2 -12 21 -9 15 -3 17 18 -6 -19 -5 23 -1 -4 25 -16 -27 -20 -29 -11
right_child=1 7 12 20 6 -7 -8 13 -10 29 11 -13 -14 -15 24 -17 -18 19 27 -21 -22 -23 -24 -25 -26 26 -28 28 -30 -31
leaf_value=0.0041665327282675519 -0.00036779113981711483 0.0020278268137551773 0.0011087443439228835 0.0025111346532547371 0.0010595306251078738 -0.00056192314358981959 0.0031639452155335537 -0.0040669300517486582 -0.00010153133462886203 0.00072027804406553082 -1.5794057669867229e-05 0.001735734433139062 0.00036745321562257503 -0.0013902993013806945 -0.0014889674699845243 -0.00035353778861203208 -0.00028000192569990274 -0.0023953127646486141 0.0010253297917737125 -3.0431873356843138e-05 0.00066330749708210673 0.00040550359878292297 0.0011862078592186497 0.0027652681167972711 -0.0019127066242207585 -0.0017142797115004876 0.00067566577486263151 0.0022146022250526583 -0.00015765614651085097 -0.00030671564914349546
leaf_weight=211 14603 354 2240 429 3441 15433 207 270 27022 2525 22758 996 21280 831 792 1007 6945 251 1403 6672 3452 2105 439 569 941 274 922 269 4611 1923
leaf_count=211 14603 354 2240 429 3441 15433 207 270 27022 2525 22757 996 21276 831 792 1007 6945 251 1403 6672 3452 2105 439 569 941 274 922 269 4610 1923
internal_value=1.00636e-05 -0.000175157 0.000257182 9.05796e-05 -0.000126422 -0.000235595 0.000120328 -0.000876421 -3.39788e-06 0.000516677 -0.000104285 5.77171e-05 0.000486149 -0.00204979 -0.000574877 0.000266896 9.34903e-05 0.000249316 0.000509748 -0.000116506 0.000868158 0.000999978 0.00215858 0.00144516 -0.000965976 -0.000517113 0.000127162 0.000208529 -2.64633e-05 0.00027631
internal_weight=145175 82980 62195 36001 77589 53790 23799 5391 32120 5098 38357 23754 26194 1101 4290 1361 23592 16647 9724 6923 3881 4914 650 2809 2929 1988 1196 6283 4880 4448
internal_count=145169 82978 62191 36001 77587 53789 23798 5391 32120 5098 38356 23753 26190 1101 4290 1361 23591 16646 9723 6923 3881 4914 650 2809 2929 1988 1196 6282 4879 4448
is_linear=0
shrinkage=0.03


Tree=19
num_leaves=31
num_cat=0
split_feature=50 67 25 47 19 24 18 6 82 77 19 69 8 68 28 79 47 82 56 12 18 87 71 53 62 51 8 52 53 68
split_gain=5.43794 4.08823 2.60206 2.74384 2.33081 2.18034 2.05125 1.90733 2.59867 1.87554 1.67036 1.65309 2.11193 3.16536 1.58976 1.56102 1.55179 1.48541 1.48614 1.46855 1.44626 1.62712 1.43914 1.57724 1.39674 2.05569 1.39209 1.38283 1.37588 2.14874
threshold=0.016715000383555893 0.62825000286102306 31.98499965667725 -2.4999999999999996 0.55344998836517345 -0.011615000199526547 1.810499966144562 0.48974999785423284 0.93485000729560863 0.022900000214576725 0.48364999890327459 1.0845000147819521 0.07777500152587892 0.41994999349117285 21.365000724792484 0.39575000107288366 -1.4999999999999998 0.43144999444484716 0.014605000149458649 0.93924999237060558 0.18534999340772632 0.84575000405311596 59.500000000000007 0.044125000014901168 -0.034719999879598611 -0.29665000736713404 -0.06202499940991401 1.5094999670982363 0.062844999134540572 0.69725000858306896
decision_type=10 10 2 2 2 2 2 10 2 2 2 10 2 8 10 2 2 2 8 2 2 2 8 10 2 10 2 10 10 8
left_child=1 2 7 17 6 -3 11 8 10 -9 22 12 20 -14 16 -15 -10 -4 -19 -8 21 -2 23 -1 25 -6 -11 -26 -7 -30
right_child=4 5 3 -5 24 28 19 9 14 26 -12 -13 13 15 -16 -17 -18 18 -20 -21 -22 -23 -24 -25 27 -27 -28 -29 29 -31
leaf_value=-0.00026423272898980807 -0.00047999367901954893 0.0017262511740877146 0.00019951894719537634 5.8626911193729638e-05 0.0019120016598491926 0.00018631937276685612 0.00041212994421777939 -0.0021673395075975399 -0.00078543084234435653 0.0017036446563215935 0.00051338515902033303 0.00016771288869219336 0.00029002697322716545 -0.0002669718378738871 0.00025792732664714913 -0.0027029397060076487 -0.0024931315667673266 0.0017774006504082424 0.00063304821980212939 0.0029502635084059647 -0.00017237443413349859 -0.0018511366095206512 -0.00046312712003512412 0.0001661496724949119 -0.00094719418030657495 -0.00065103545904191191 0.00023335862253377155 -0.0026487051496533942 0.00042123828213226177 0.0014858529323954052
leaf_weight=15975.5 4675 1208 2086 10798.5 349 10883 2232 281.5 1145 608 3582 7011 754 308 604 1026 824 1967 2127 225 23450 934 10606 14727.5 3385 1441 12011 492 6876 2269
leaf_count=15974 4675 1208 2085 10798 349 10881 2232 281 1145 608 3582 7011 754 308 604 1026 824 1967 2127 225 23449 934 10606 14727 3385 1441 12011 492 6876 2269
internal_value=-5.64121e-06 0.000120302 1.90673e-05 0.000347159 -0.000273894 0.00048899 -0.000194357 -7.32182e-05 -0.000161133 0.000250231 -0.000107977 -0.000248462 -0.000342143 -0.0012635 -0.00108815 -0.00214113 -0.00150098 0.000851229 0.00118316 0.000645665 -0.000275899 -0.000708603 -0.000161868 -5.77898e-05 -0.00084379 -0.000150526 0.000304328 -0.00116375 0.000414281 0.000685517
internal_weight=144861 98579 77343 16978.5 46282 21236 40615 60364.5 47464 12900.5 44891 38158 31147 2088 2573 1334 1969 6180 4094 2457 29059 5609 41309 30703 5667 1790 12619 3877 20028 9145
internal_count=144854 98573 77339 16977 46281 21234 40614 60362 47462 12900 44889 38157 31146 2088 2573 1334 1969 6179 4094 2457 29058 5609 41307 30701 5667 1790 12619 3877 20026 9145
is_linear=0
shrinkage=0.03


Tree=20
num_leaves=31
num_cat=0
split_feature=75 17 72 82 2 71 3 14 28 71 12 53 51 44 56 12 56 6 27 53 58 45 28 5 6 25 25 60 17 6
split_gain=5.93158 3.42121 2.49023 2.26105 2.21579 2.20316 2.21546 2.13249 2.72016 2.13987 2.1373 2.1183 1.95751 1.94907 1.80022 1.79271 1.77033 1.92204 1.76949 1.76909 1.65593 1.93471 1.62265 1.64889 1.59154 1.74183 1.58755 1.58484 1.64677 1.58483
threshold=0.68604999780654918 -0.066725000739097581 4.5000000000000009 0.97624999284744274 -0.093314997851848588 5.5000000000000009 0.17404999583959582 -0.006108999950811266 19.204999923706058 105.50000000000001 0.3400499969720841 -0.018995000049471852 -0.20865000039339063 38.000000000000007 0.017810000106692318 0.87154999375343334 0.048104999586939819 -0.029225000180304047 1.4014999866485598 0.11254999786615373 14.494999885559084 0.20735000073909762 17.255000114440922 -0.38715000450611109 1.4555000066757204 45.274999618530281 19.785000801086429 0.012045000214129688 -0.26414999365806574 -0.60734999179840077
decision_type=2 2 10 2 2 10 2 2 10 8 2 10 8 2 8 2 8 10 10 10 10 2 10 2 10 2 2 2 2 8
left_child=2 3 4 24 13 -3 -7 9 11 14 18 -9 -12 16 26 -13 17 22 -10 -18 -11 -22 -1 -24 25 29 -6 28 -19 -2
right_child=1 5 -4 -5 7 6 -8 8 10 20 12 15 -14 -15 -16 -17 19 27 -20 -21 21 -23 23 -25 -26 -27 -28 -29 -30 -31
leaf_value=-0.0010403401517062108 0.0016129039613982006 0.00086703660267112108 0.00065381195379202639 -0.0018048432469524452 -0.00020143220973265475 0.00010940653985525794 -0.00084368169074851914 -0.00023293754980206974 0.00015645628828346101 -0.0013065787604979 -0.0015173303317745209 0.0005968668768813794 -0.00011747416181387104 0.002008226530500235 -0.00027266016860556216 0.0025511061414408061 -0.0016518538995999787 0.0023578514161118596 0.0011223163396310851 0.00052887352503470431 -0.00094519016849823592 0.00013787898155322157 0.001777623175866092 7.742996320640215e-05 0.00083219276684337953 -0.0017019576619840312 0.00042602587064166983 -0.0012437729672219835 0.00075652423063999133 -0.00044845283388168181
leaf_weight=780 339 2582 7321 1115 5659 10445 2778 2913 9653 2038 944 12008 18493 750 13328 437 682 1045 2073 656 2565 3521 689 2006 873 992 10114 210 1295 26651
leaf_count=780 339 2582 7321 1115 5659 10445 2778 2913 9652 2038 944 12008 18493 750 13328 437 682 1045 2073 656 2565 3521 689 2006 873 992 10107 210 1295 26651
internal_value=-9.00543e-06 -0.000291482 0.000121369 -0.00047982 7.89273e-05 6.56602e-05 -9.0875e-05 3.30644e-05 0.00016848 -0.000136168 7.43386e-06 0.000495239 -0.000185536 0.000552282 -1.59832e-05 0.000665688 0.000403726 0.000622932 0.000327289 -0.000583082 -0.000566629 -0.000318671 0.000163825 0.000512597 -0.000428559 -0.000467921 0.000200909 0.00124827 0.00147235 -0.000422503
internal_weight=144955 45775 99180 29970 91859 15805 13223 83746 46521 37225 31163 15358 19437 8113 29101 12445 7363 6025 11726 1338 8124 6086 3475 2695 28855 27982 15773 2550 2340 26990
internal_count=144947 45775 99172 29970 91851 15805 13223 83738 46520 37218 31162 15358 19437 8113 29094 12445 7363 6025 11725 1338 8124 6086 3475 2695 28855 27982 15766 2550 2340 26990
is_linear=0
shrinkage=0.03


Tree=21
num_leaves=31
num_cat=0
split_feature=75 17 68 9 0 86 74 67 89 48 45 80 56 14 83 14 50 56 76 31 0 86 68 51 58 64 24 60 67 87
split_gain=4.71449 3.64091 3.43925 2.84966 2.43696 2.32149 2.29958 1.931 1.81962 1.78886 1.77236 1.75893 1.65261 1.77051 1.7522 1.63911 1.61522 1.58749 1.56076 1.54769 2.10284 1.62769 1.52631 1.50666 1.48459 2.45419 2.15476 1.44696 1.38987 1.44682
threshold=0.47070001065731054 -0.069935001432895647 0.66165000200271618 -0.082554999738931642 0.01494499994441867 0.063085000962018981 -0.048389999195933335 0.37105000019073492 0.98734998703002941 1.1134999990463259 0.16784999519586566 0.11244999989867212 0.030135000124573711 -0.080284997820854173 0.39959999918937689 0.12234999984502794 0.12914999574422839 0.049435000866651542 0.20205000042915347 0.034815000370144851 0.04506999999284745 0.39894999563694006 0.55445000529289257 1.6125000119209292 14.789999961853029 0.0027710000285878782 -0.0044124999549239865 0.00096574999042786669 0.49805000424385076 0.45495000481605535
decision_type=2 2 10 2 2 2 10 8 2 2 2 10 8 2 10 2 10 8 2 10 2 2 8 10 10 2 2 2 8 2
left_child=2 4 3 5 10 7 11 -1 19 -9 18 -5 13 -8 -14 17 -12 -3 -2 20 22 -21 -6 24 25 -17 -26 -27 29 -15
right_child=1 15 -4 6 8 -7 12 9 -10 -11 16 -13 14 28 -16 23 -18 -19 -20 21 -22 -23 -24 -25 26 27 -28 -29 -30 -31
leaf_value=-0.0014627340940033505 0.00046154737683633447 2.0178677236891254e-05 0.00079230152915846827 -0.00093689004823643775 0.0013579365579377725 0.0012052842463845714 0.0010798615031547586 -0.0020354067897424104 -0.0022233247497227514 0.00094913553291308067 -7.656217770973342e-05 -0.0001088972069356031 -0.0003118135145353176 -0.00038174505061583505 0.0002514593716068089 -0.00049654023302412632 -0.0017167758225489413 0.0006110705494954149 -0.0010536280298775586 0.00011463193633753388 0.0032507819698944893 -0.00078679270571008512 -0.0019948383495502638 0.002167080521556692 0.0023664135675332165 0.00010029970504722249 -0.00078388800321182116 0.0020411573716794052 0.00054691226737977 0.0004995386644465155
leaf_weight=612 753 8033 7544 2747 248 3650 2825 209 617 1298 34301 14459 9197 4344 10813 1899 548 8340 3252 2171 218 10623 239 233 204 633 4193 761 7374 2729
leaf_count=612 753 8032 7544 2747 248 3650 2824 209 617 1298 34301 14459 9197 4343 10813 1899 548 8340 3252 2171 218 10623 239 233 204 633 4193 761 7369 2729
internal_value=5.91311e-06 -0.000154292 0.000188482 0.000112874 -0.000293761 0.000746851 4.5738e-05 -4.30021e-05 -0.00063134 0.000534146 -0.000171103 -0.000241136 0.000178136 0.000393112 -7.43486e-06 0.000149778 -0.000102403 0.000321183 -0.000768708 -0.000558416 0.000809187 -0.000633834 -0.000288186 -0.000204428 -0.000276555 0.000205078 -0.000637224 0.00116054 0.000258758 -4.16938e-05
internal_weight=145067 77266 67801 60257 52970 5769 54488 2119 14116 1507 38854 17206 37282 17272 20010 24296 34849 16373 4005 13499 705 12794 487 7923 7690 3293 4397 1394 14447 7073
internal_count=145059 77265 67794 60250 52970 5769 54481 2119 14116 1507 38854 17206 37275 17265 20010 24295 34849 16372 4005 13499 705 12794 487 7923 7690 3293 4397 1394 14441 7072
is_linear=0
shrinkage=0.03


Tree=22
num_leaves=31
num_cat=0
split_feature=75 89 80 58 81 63 17 79 67 53 67 81 49 60 53 56 52 0 56 52 57 4 11 56 45 87 45 26 63 67
split_gain=5.54998 2.84387 2.60222 2.3084 2.63051 2.2759 2.53268 2.4462 2.26142 2.2446 2.40911 2.95374 2.15966 1.90945 1.85873 2.08525 2.49696 3.03636 1.85088 1.83006 2.50157 1.837 1.77635 1.69467 1.58368 1.54102 2.7652 1.86769 1.82197 1.52432
threshold=0.47070001065731054 0.98734998703002941 0.57304999232292186 19.365000724792484 0.022845000028610233 0.012829999905079605 -0.73434999585151661 0.36405000090599066 0.43195000290870672 0.041354998946189887 0.50755000114440929 0.26655000448226934 0.19895000010728839 0.014639999717473985 0.25225000083446508 0.038695000112056739 1.2515000104904177 -0.047244999557733529 0.079985000193119063 0.99575001001358043 0.12934999912977221 -0.21605000644922254 0.045864999294281013 -0.05386999994516372 0.74304997920990001 0.75589999556541454 0.23275000602006915 0.23104999959468844 0.043360000476241119 0.70454999804496776
decision_type=2 2 10 8 2 2 2 2 8 10 10 2 8 2 10 8 8 2 10 10 10 2 2 10 2 2 2 2 2 8
left_child=2 9 3 4 -1 6 -5 -7 -4 25 11 13 -3 24 15 16 -8 -18 -13 -6 21 -21 -20 -22 -11 27 -27 29 -28 -2
right_child=1 12 8 5 19 7 14 -9 -10 10 -12 18 -14 -15 -16 -17 17 -19 22 20 23 -23 -24 -25 -26 26 28 -29 -30 -31
leaf_value=-0.0015351747073427944 -0.00043688266523913356 -0.0024549014159469355 3.0296925330519086e-05 -0.0025189755194683053 0.00016524236978900599 0.0019457258248136752 0.00013359116302228341 6.9650255340025286e-05 0.00060689018515364384 -0.001405101194027428 0.00029873720492077928 0.00022929642848658685 -0.00040610930185179354 0.0013628826884360024 0.0012744479507939535 -0.00053037327676609919 -0.001372950777716484 0.0024860825636889394 -0.00012320813104908508 0.0021491956983559898 0.00025452448509433802 -0.00012553339276428924 -0.0011846989609239345 -0.0013133883807184587 -0.00026756200422409362 -0.0036183137140787121 -0.00046436559675434901 -3.5057039624223634e-05 -0.0030721129486500571 -0.0018698152519917204
leaf_weight=1126 2820 837 8972 304 14497 1507 4982 1069 19271 2937 15920 11921 1036 335 1394 3127 230 896 6567 335 787 6512 1809 2925 1763 263 12282 17671 245 875
leaf_count=1126 2820 837 8972 304 14497 1507 4982 1069 19266 2937 15919 11921 1036 335 1394 3127 230 896 6567 335 787 6512 1809 2925 1763 263 12282 17671 245 875
internal_value=5.81434e-06 -0.000168072 0.000203625 4.69982e-05 -0.000117341 0.000365491 0.000176432 0.00116751 0.00042373 -0.000139381 9.55307e-06 -0.000172191 -0.00132249 -0.000822525 0.000253753 9.95606e-05 0.00042209 0.00169731 -1.08318e-05 -5.35656e-05 -0.000353966 -1.39412e-05 -0.000352577 -0.000980988 -0.000978551 -0.000319253 -0.000579687 -0.000163333 -0.000515608 -0.000776625
internal_weight=145215 77281 67934 39691 26182 13509 10933 2576 28243 75408 41252 25332 1873 5035 10629 9235 6108 1126 20297 25056 10559 6847 8376 3712 4700 34156 12790 21366 12527 3695
internal_count=145209 77280 67929 39691 26182 13509 10933 2576 28238 75407 41251 25332 1873 5035 10629 9235 6108 1126 20297 25056 10559 6847 8376 3712 4700 34156 12790 21366 12527 3695
is_linear=0
shrinkage=0.03


Tree=23
num_leaves=31
num_cat=0
split_feature=75 0 68 17 1 69 69 81 15 77 62 12 82 49 80 59 50 80 62 53 80 30 89 70 80 65 66 30 59 53
split_gain=5.49404 2.62166 2.57474 2.50254 2.22418 2.35825 2.10296 2.08536 2.87608 1.84517 1.69702 1.82467 1.72798 1.69478 1.96936 1.63738 1.62693 1.60235 1.56208 1.5256 1.47746 1.84875 1.54797 1.4285 1.47377 1.41093 2.5974 1.87814 1.41767 1.41062
threshold=0.69415000081062328 0.096330001950263991 0.54984998703002941 -0.069935001432895647 -0.096924997866153703 0.86544999480247509 1.1025000214576723 0.039349999278783805 -0.16524999588727948 0.99805000424385082 -0.092025000602006898 0.91574999690055858 0.39495000243186956 0.077014997601509108 0.53745001554489147 0.92260000109672557 0.072664998471736922 0.52134999632835399 -0.054305000230669968 -0.1727500036358833 0.97745001316070568 0.19925000518560412 0.98734998703002941 1.188499987125397 0.56915000081062328 0.0058164999354630717 -0.016495000571012493 -0.67685002088546742 0.70040002465248119 -0.0013104999670758841
decision_type=2 2 10 2 2 8 10 2 2 2 2 2 2 10 10 10 10 10 2 10 10 8 2 8 10 8 2 10 8 10
left_child=2 3 4 9 5 -1 13 -6 25 10 11 12 -2 -5 15 -15 -8 19 -7 -10 22 -22 -12 24 -4 27 -27 -9 -28 -16
right_child=1 -3 23 6 7 18 16 8 17 -11 20 -13 -14 14 29 -17 -18 -19 -20 -21 21 -23 -24 -25 -26 26 28 -29 -30 -31
leaf_value=0.0025486609575652475 0.001980351664239763 -0.0025219630908419909 2.5541060421948642e-05 0.00047822964733278123 -0.00075692726294715527 -0.00092776041292154713 0.0005117559150878948 -0.00029011688688785253 -0.0021975172390698416 -0.0032424647104017795 -0.00044919858047973458 -0.0017222302074142934 8.1301487181044394e-05 -0.0011576053944458604 -0.0010099704997224321 0.0014222476633904454 0.0025432412983032401 0.00012668880876588311 0.00082860076152967751 -0.00016947373590319318 -0.0010147721808658782 0.0023831650775985032 -0.0019181441483450976 0.0006665546738665437 0.00050644242926299642 -0.0013819327154614288 0.0025180235643057899 0.0013888695857762956 0.0001971647727417132 0.00016632891133838766
leaf_weight=574 678 456 13487 3679 3162 592 1695 759 337 204 24828 306 1182 2620 1078 241 448 28484 1969 27136 240 358 662 9471 9978 724 346 2849 747 6130
leaf_count=574 678 456 13487 3679 3162 592 1695 759 337 204 24828 306 1182 2620 1078 241 448 28483 1969 27136 240 358 662 9471 9972 724 346 2849 747 6130
internal_value=1.49931e-05 -0.00026133 0.000138044 -0.00023803 3.21747e-05 0.000812392 6.35441e-05 -5.73365e-06 3.29746e-05 -0.000406426 -0.000385835 0.000420911 0.000774228 -7.27333e-05 -0.000274071 -0.000939867 0.000937432 -3.09704e-05 0.000422397 -0.00019443 -0.00045283 0.00102003 -0.000487422 0.000355585 0.000230047 0.000692429 1.06338e-05 0.00103569 0.000933486 -9.70948e-06
internal_weight=145420 44805 100615 44349 67679 3135 15891 64544 61382 28458 28254 2166 1860 13748 10069 2861 2143 55957 2561 27473 26088 598 25490 32936 23465 5425 1817 3608 1093 7208
internal_count=145413 44805 100608 44349 67678 3135 15891 64543 61381 28458 28254 2166 1860 13748 10069 2861 2143 55956 2561 27473 26088 598 25490 32930 23459 5425 1817 3608 1093 7208
is_linear=0
shrinkage=0.03


Tree=24
num_leaves=31
num_cat=0
split_feature=75 67 71 80 57 50 88 71 8 25 21 12 21 75 46 6 64 61 53 6 68 68 24 57 60 53 17 80 71 59
split_gain=4.87238 3.92672 3.09593 2.68792 2.78852 2.51258 2.82176 1.88724 2.24545 1.9269 1.77675 1.72495 1.71562 1.71424 1.69129 1.66662 2.52953 1.75622 1.65939 2.67399 1.73996 1.62659 1.62575 1.46578 2.5671 1.45641 1.44013 1.38663 1.52968 1.37956
threshold=0.8038499951362611 0.6164500117301942 5.5000000000000009 0.51714998483657848 0.16565000265836718 0.10474999994039537 0.99114999175071727 5.5000000000000009 -0.039195001125335686 21.925000190734867 0.52275002002716076 0.40185000002384191 0.61524999141693126 0.25049999356269842 0.97044998407363903 -0.21254999935626981 -0.024690000340342518 0.0013139999937266114 0.068314999341964736 -0.25485000014305109 0.63115000724792492 0.23214999586343768 0.0044615000952035197 0.17195000499486926 -0.00041100000089500094 0.078675001859664931 -0.027104999870061871 0.66734999418258678 741.50000000000011 0.78470000624656688
decision_type=2 10 8 10 10 10 2 8 2 2 2 2 2 2 2 8 2 2 10 8 10 8 2 10 2 10 2 10 8 10
left_child=1 3 26 4 10 18 21 -5 9 -9 14 -11 -10 27 22 16 17 -6 -4 -20 -21 -7 -1 24 -18 -15 -2 -3 -29 -12
right_child=2 13 5 7 15 6 -8 8 12 11 29 -13 -14 25 -16 -17 23 -19 19 20 -22 -23 -24 -25 -26 -27 -28 28 -30 -31
leaf_value=-0.00032363433532229456 0.00024858017820452951 0.00050056188625527116 -0.00057313270684880308 -0.00055906453126847546 0.00028386709360327979 0.00089344525997133361 0.0014185178746095673 1.183212874568724e-05 0.00018524391223040011 0.0014463519577178772 -0.001527058847915207 -0.00081481940338757014 -0.00087483601044021373 4.3122436672027325e-05 -0.0017041713767721679 -7.3576734246431737e-05 0.00031347679360428958 -0.0027281055915647813 -0.0022754327663204047 -0.00011863869648471117 0.00098423379248368734 -0.0016855563694915833 0.00029037964789894018 0.00063343926657753085 0.0048178596580138715 0.00058358760247756436 0.0018991205922566075 0.0016344398825129114 -0.00036677362147235761 0.0010224051991250141
leaf_weight=24461 2115 5368 11792 2934 370 238 333 1795 32331 3096 1611 336 1434 11363.5 713 9541 245 328 467 8768 1508 2836 4612 4871 212 7415 613 2292 404 216
leaf_count=24461 2115 5368 11792 2934 370 238 333 1795 32327 3096 1611 336 1434 11360 713 9541 245 328 467 8768 1508 2836 4612 4871 212 7415 613 2292 404 216
internal_value=9.01402e-06 9.56032e-05 -0.000341165 -2.19426e-07 -0.000155542 -0.000442262 -0.00120147 0.000174567 0.000229783 0.000808341 -0.000317383 0.00122481 0.000140198 0.000413683 -0.000261658 0.00017312 0.000563664 -0.00113338 -0.000327431 -5.771e-05 4.32875e-05 -0.00148566 -0.000226223 0.000786158 0.00240899 0.000256554 0.000620028 0.000779509 0.00133453 -0.00122525
internal_weight=144618 115948 28670 89106 47180 25942 3407 41926 38992 5227 31613 3432 33765 26842.5 29786 15567 6026 698 22535 10743 10276 3074 29073 5328 457 18778.5 2728 8064 2696 1827
internal_count=144611 115941 28670 89102 47180 25942 3407 41922 38988 5227 31613 3432 33761 26839 29786 15567 6026 698 22535 10743 10276 3074 29073 5328 457 18775 2728 8064 2696 1827
is_linear=0
shrinkage=0.03


Tree=25
num_leaves=31
num_cat=0
split_feature=75 67 11 45 87 70 25 47 11 44 46 85 80 60 52 81 89 28 0 31 89 66 80 81 17 80 27 27 49 28
split_gain=4.66603 2.79562 2.7382 2.78428 2.40033 2.25345 2.09526 2.38704 1.98953 1.8868 1.88079 1.89667 1.69013 2.06209 2.15475 1.81147 1.85202 1.94473 1.63643 1.61595 1.58773 1.53302 1.52826 1.48074 1.47773 1.46101 1.45284 1.43716 1.39199 1.5944
threshold=0.47070001065731054 0.69034999608993541 0.037434998899698264 0.14455000311136249 0.98074999451637279 0.80494999885559093 19.785000801086429 -2.4999999999999996 0.037805000320076949 -65.999999999999986 0.22794999927282336 0.80040001869201671 0.87674999237060558 0.0075109999161213645 1.3684999942779543 0.044014999642968185 0.97194999456405651 19.714999198913578 0.01494499994441867 0.62415000796318065 0.64010000228881847 0.01714000012725592 0.2144500017166138 0.16944999992847445 -0.078594997525215135 0.65595000982284557 1.0155000090599062 1.1735000014305117 0.62055000662803661 17.615000724792484
decision_type=2 10 2 2 2 10 2 2 2 2 2 10 8 2 8 2 2 10 2 8 2 2 10 2 2 10 10 10 8 10
left_child=1 6 3 20 9 -6 10 8 22 -4 23 -12 13 15 -15 -11 18 -18 -17 24 27 -7 -8 -1 -5 -3 -16 -2 29 -10
right_child=2 25 4 19 5 21 7 -9 28 12 11 -13 -14 14 26 16 17 -19 -20 -21 -22 -23 -24 -25 -26 -27 -28 -29 -30 -31
leaf_value=-0.0013425989442778703 -0.0010525254788504158 0.00038520372765387127 -0.0009758849486319461 -0.00018088988525023872 -0.0028399089606510478 -8.708023539917422e-05 -0.00040122086405192797 -6.9699633396281125e-06 -0.00012576158465357699 -0.0021111541135319235 -0.00010712927446854531 0.00093813109233409169 0.00036904064897794994 -7.5653436223325015e-05 0.00021184740792893131 -8.8002842026405417e-05 -0.0028450609856109292 -0.00010600497576765211 -0.00086059585452548512 0.00062345201281123594 -0.0026117021449547457 -0.001898203492508527 0.00041520078668465992 -0.00027360957054491471 0.00017137205957455171 0.0011902473762470391 0.0029684473551758175 0.00087862095692403739 -0.0015433740082761863 0.001125860232435388
leaf_weight=1808 1713 6065 3498 27752 646 1111 2715 19817 1085 619 13913 1759 3588 2973 304 7556 563 398 3663 3508 455 676 8590 3284 17460 3049 396 434 210 5873
leaf_count=1808 1713 6065 3498 27752 646 1111 2715 19814 1085 619 13913 1759 3588 2973 304 7556 563 398 3663 3508 455 676 8587 3284 17460 3049 396 434 210 5873
internal_value=-1.53172e-05 0.000165619 -0.000174851 -4.7795e-05 -0.000425726 -0.00132265 9.01391e-05 0.000221729 0.000467054 -0.000333042 -0.000152519 1.02414e-05 -0.000220902 -0.00034942 0.000277108 -0.000529226 -0.000448664 -0.00171197 -0.000340308 3.27956e-06 -0.00100375 -0.000772884 0.000219111 -0.000653361 -4.48524e-05 0.000654624 0.00177331 -0.000661931 0.00085801 0.000930698
internal_weight=145481 68168 77313 51322 25991 2433 59054 38290 18473 23558 20764 15672 20060 16472 3673 12799 12180 961 11219 48720 2602 1787 11305 5092 45212 9114 700 2147 7168 6958
internal_count=145475 68162 77313 51322 25991 2433 59048 38284 18470 23558 20764 15672 20060 16472 3673 12799 12180 961 11219 48720 2602 1787 11302 5092 45212 9114 700 2147 7168 6958
is_linear=0
shrinkage=0.03


Tree=26
num_leaves=31
num_cat=0
split_feature=75 67 53 68 81 39 64 81 6 67 79 75 52 49 83 81 25 25 49 80 56 77 61 41 61 59 52 65 44 61
split_gain=4.73846 3.06016 2.36412 2.60248 2.02955 2.36452 1.93672 1.89128 1.85126 2.06274 1.83882 2.19032 1.8224 1.89924 1.81877 1.69862 1.6767 1.627 1.60683 1.60192 1.49933 1.49446 1.49351 1.49098 1.94252 1.48495 1.78042 1.47487 1.45081 1.38248
threshold=0.47070001065731054 0.62334999442100536 0.041354998946189887 0.56854999065399181 0.05152500048279763 0.034254999831318862 -0.014194999821484087 0.14045000076293948 -0.20705000311136243 0.34405000507831579 0.99445000290870678 0.98315000534057628 1.2175000309944155 -0.18965000659227368 0.97965002059936535 0.15734999626874926 19.785000801086429 56.145000457763679 -0.26164999604225153 0.87674999237060558 0.050130000337958343 0.050890000537037856 -0.016775000840425488 0.13964999467134478 0.0073035000823438176 0.81250000000000011 1.1545000076293948 0.0040740000549703845 82.000000000000014 0.033125000074505813
decision_type=2 10 10 10 2 2 2 2 8 8 2 2 10 8 10 2 2 2 10 10 10 2 2 2 2 10 10 10 2 2
left_child=1 4 10 7 25 15 12 21 -8 22 11 -2 13 -7 -5 -6 -11 19 -3 23 -14 -4 -10 -9 -25 -1 -27 -26 -18 -17
right_child=2 18 3 14 5 6 8 17 9 16 -12 -13 20 -15 -16 29 28 -19 -20 -21 -22 -23 -24 24 27 26 -28 -29 -30 -31
leaf_value=-0.0008678112418368199 -0.00033727295495279865 -0.00090921678323060539 -0.0031711374863999538 0.00040591192796146994 -0.00074036801877238006 -0.0019334983482954104 0.00082047968318298939 -7.8416931776865818e-05 0.0016054913706149425 -0.0002694547278084116 0.0021386983715079213 -0.0017326699097603346 0.0026327523988131122 0.0008089259869462096 -0.0023418173681506341 2.7844798655782177e-05 0.00063074504252464715 -0.0018003767181925085 0.00060781821505437328 0.00046456711725587817 -0.00021231720591131134 -0.0006831798193697743 -0.0006342287405450898 -0.0014053783457133938 -0.00044333294794631926 -0.0012157435521341698 0.0018835188592320651 0.0025430761662988584 -0.0010207420729193473 -0.0023459486784768442
leaf_weight=3235 33535 656 234 11472 3135 250 3652 20255 286 3441 262 1043 805 2408 220 22469.5 7393 492 14490.5 4370 210 2904 4048 1727 488 275 421 213 511 222
leaf_count=3235 33535 656 234 11471 3135 250 3652 20255 286 3441 262 1043 805 2408 220 22465 7393 492 14488 4370 210 2904 4048 1727 488 275 421 213 511 222
internal_value=-1.65868e-05 0.000166206 -0.000177347 -2.68267e-05 5.82998e-05 0.000111096 0.000332286 -0.000171956 0.000212272 7.05631e-05 -0.000360415 -0.000379412 0.000963689 0.000550355 0.000354014 -8.5926e-05 0.00028324 -9.24432e-05 0.000542059 -6.13165e-05 0.00204449 -0.000869657 -0.000486094 -0.000162647 -0.000864992 -0.00059739 0.000658967 0.000466422 0.000523859 4.51867e-06
internal_weight=145123 67908 77215 42375 52761.5 48830.5 23004 30683 19331 15679 34840 34578 3673 2658 11692 25826.5 11345 27545 15146.5 27053 1015 3138 4334 22683 2428 3931 696 701 7904 22691.5
internal_count=145115 67901 77214 42374 52757 48826 23004 30683 19331 15679 34840 34578 3673 2658 11691 25822 11345 27545 15144 27053 1015 3138 4334 22683 2428 3931 696 701 7904 22687
is_linear=0
shrinkage=0.03


Tree=27
num_leaves=31
num_cat=0
split_feature=75 68 53 68 1 61 80 47 73 16 80 47 68 76 61 76 31 11 70 87 77 62 51 58 6 58 63 82 51 2
split_gain=4.86345 3.08367 2.23567 2.26566 2.22361 2.08396 2.19348 2.11648 1.89192 1.75608 1.75052 1.79309 1.93222 1.65409 1.77906 1.54641 1.53141 1.51824 1.58286 1.7822 1.49424 1.44884 1.62723 1.43217 1.37391 1.46815 1.36534 1.35669 1.45212 1.50023
threshold=0.47070001065731054 0.64915001392364513 0.039875000715255744 0.62714999914169323 -0.10235000029206275 0.025915000587701801 0.19375000149011615 6.5000000000000009 1.0000000180025095e-35 0.18415000289678576 0.3116499930620194 -2.4999999999999996 0.22684999555349353 0.75415000319480907 0.010034999810159208 0.088794998824596419 0.54315000772476207 0.020495000295341018 0.73395001888275158 0.98734998703002941 0.03480499982833863 -0.041494999080896371 -0.28904999792575831 18.520000457763675 0.15185000002384189 28.154999732971195 0.020624999888241295 0.40344999730587011 1.2494999766349795 -0.096085000783205018
decision_type=2 10 8 10 2 2 8 2 2 2 10 2 8 2 2 2 10 2 10 2 2 2 8 8 10 8 2 2 8 2
left_child=1 4 17 5 9 6 7 -4 10 -1 23 12 -12 14 -5 20 -8 -2 19 -19 -13 22 -20 26 -3 -26 -6 -14 29 -29
right_child=2 24 3 13 8 -7 16 -9 -10 -11 11 15 27 -15 -16 -17 -18 18 21 -21 -22 -23 -24 -25 25 -27 -28 28 -30 -31
leaf_value=0.00054197618190100424 0.00015379124321299883 0.00037410484909360196 -0.00092640111574310367 0.0011135493010646349 -0.00028802536761661236 0.0015416283109462615 -0.00012600787095290198 0.00053389106273136664 -0.0015740614190462804 0.0023755310768431314 -0.0011745077851212221 -0.0026264633930916615 0.00013351758239296183 -9.9087513522355005e-05 -0.00070040587411649455 9.6468679977920581e-05 0.00050556176922214688 -0.00067345977733272158 0.0025502501806261499 -0.0035273379797929093 -0.00041517816784683852 -0.00042618547895504954 3.7886762034693291e-05 0.0001934779628145356 0.0013636690726817956 -0.00035696469544132544 -0.001870633307793341 0.0016772487445880396 -0.0015303129333394073 0.00061572001252443846
leaf_weight=2366 4724 4867 4996 3518 11266 669 25098 1087 628 586 646 331 5813 2655 564 18516.5 4006 9904 242 200 1606 14303 5136 6658 3327.5 515 512 1398 253 8373.5
leaf_count=2366 4724 4867 4996 3518 11266 669 25098 1087 628 586 646 331 5811 2655 564 18514 4005 9904 242 200 1606 14303 5136 6658 3327 515 512 1398 253 8373
internal_value=-3.47525e-06 0.000182142 -0.000166368 -2.09577e-05 0.000104292 -0.000115803 -0.000147358 -0.00066541 6.19823e-05 0.000906635 8.05652e-05 0.000199731 0.000432557 0.000483775 0.000862809 1.20845e-05 -3.90615e-05 -0.000345835 -0.00042508 -0.000730293 -0.000794209 -0.000268358 0.000151392 -0.000158184 0.00070902 0.00113302 -0.000356976 0.000498178 0.000709602 0.000767748
internal_weight=144764 67662.5 77102 42593 58953 35856 35187 6083 56001 2952 55373 36937 16483.5 6737 4082 20453.5 29104 34509 29785 10104 1937 19681 5378 18436 8709.5 3842.5 11778 15837.5 10024.5 9771.5
internal_count=144758 67657 77101 42592 58948 35855 35186 6083 55996 2952 55368 36932 16481 6737 4082 20451 29103 34509 29785 10104 1937 19681 5378 18436 8709 3842 11778 15835 10024 9771
is_linear=0
shrinkage=0.03


Tree=28
num_leaves=31
num_cat=0
split_feature=75 67 71 1 71 77 51 44 7 80 28 22 80 74 45 70 20 63 74 27 75 84 52 49 57 89 89 68 18 0
split_gain=4.17234 2.73815 2.30691 2.34889 2.16812 1.79876 2.00126 1.7799 1.74246 1.64951 2.1405 1.92276 1.61722 1.817 1.59261 1.46441 1.40694 1.40303 1.39324 1.37017 1.41522 1.87345 1.59231 1.22956 2.01384 1.76763 1.22853 1.21753 1.25078 1.71467
threshold=0.68604999780654918 0.67114999890327465 4.5000000000000009 -0.06517500057816504 10.500000000000002 0.95939999818801891 -0.089364998042583452 -65.999999999999986 -0.5995500087738036 0.56165000796318065 22.414999961853031 -0.64910000562667836 0.51714998483657848 -0.026610000059008595 0.61085000634193432 0.74124997854232799 0.28145000338554388 0.0074064999353140601 -0.068559996783733354 0.48164999485015875 0.92145001888275158 0.47204999625682836 1.4465000033378603 -0.26164999604225153 0.15680000185966494 0.031659999862313278 0.69775000214576732 0.52674999833107006 0.67274999618530285 0.0069935000501573094
decision_type=2 10 10 2 8 2 10 2 10 10 10 2 10 10 2 8 2 2 8 10 2 10 8 10 10 2 2 10 2 2
left_child=1 2 -1 8 14 7 -7 26 -4 10 11 -9 -5 -14 15 -2 -11 -18 -3 -13 21 -21 -22 24 -20 -25 -6 -19 29 -29
right_child=4 18 3 12 5 6 -8 9 -10 16 -12 19 13 -15 -16 -17 17 27 23 20 22 -23 -24 25 -26 -27 -28 28 -30 -31
leaf_value=-0.00034004455653413292 -0.0023087053828160552 -0.0018933073375416221 -0.0019608940554799157 -9.6141463655664331e-05 -0.00054843233584803651 -0.0029631428385356482 -0.00071281238079480449 0.0013832559163199675 0.00071163453776464862 0.00050270481205523304 -0.0020826652403811521 -0.0016868158437978176 -0.00011254721837443768 0.00037563925871133901 0.00057090902202667473 -8.4480539804697243e-05 7.6932757012995192e-05 -0.00030796771854362003 -0.0032350402320621579 0.00023142267779420074 -0.0011859201709859925 -0.00052057200066495677 0.00067633937662818261 0.0027327377548208459 0.00039708552021941961 0.0005115390049083014 -0.0017536048263945012 -0.00094265732215717427 -0.00052302996678985818 -0.0048058395573824615
leaf_weight=12477 322 220 226 34116 2982 398 3290 575 6753 4320 643 691 10539 19661.5 4553 1521 7426 2068 204 5533 2617 6464 490 329 416 14211 1022 212 429 202
leaf_count=12477 322 220 226 34116 2982 398 3290 575 6753 4320 643 691 10539 19654 4553 1521 7426 2068 204 5533 2617 6464 490 329 416 14211 1022 212 429 202
internal_value=-5.54059e-06 0.000103815 3.6263e-05 0.000102122 -0.0002425 -0.000325742 -0.0009564 -0.000260519 0.000624822 -0.000185157 -0.000386107 -0.000319344 4.53951e-05 0.00020528 0.000269756 -0.000474128 4.81039e-05 -0.000141911 0.000471736 -0.000381409 -0.00032158 -0.000173763 -0.000892103 0.00050618 -0.000801286 0.000561983 -0.000856407 -0.00070002 -0.00166028 -0.00283463
internal_weight=144910 99152.5 83772.5 71295.5 45758 39362 3688 35674 6979 31670 17013 16370 64316.5 30200.5 6396 1843 14657 10337 15380 15795 15104 11997 3107 15160 620 14540 4004 2911 843 414
internal_count=144903 99145 83765 71288 45758 39362 3688 35674 6979 31670 17013 16370 64309 30193 6396 1843 14657 10337 15380 15795 15104 11997 3107 15160 620 14540 4004 2911 843 414
is_linear=0
shrinkage=0.03


Tree=29
num_leaves=31
num_cat=0
split_feature=75 67 51 56 76 7 74 39 18 48 2 8 81 56 0 11 74 30 52 29 52 11 59 9 60 65 14 49 1 49
split_gain=4.24245 2.50457 2.25622 2.24937 2.22829 2.14856 2.10663 1.94187 2.06043 1.80971 1.75122 1.74009 1.61775 1.52293 1.52177 1.49875 1.48078 1.65341 1.41272 1.39395 1.35154 1.90498 2.44743 1.34629 1.27911 1.24108 1.34355 1.44166 1.99613 1.66376
threshold=0.87344998121261608 0.53044998645782482 -0.032604999840259545 -0.096554998308420167 0.43504999577999121 0.3416499942541123 -0.029110000468790528 0.037985000759363181 2.029500007629395 0.93975001573562633 -0.032664999365806573 -0.079080000519752489 0.14864999800920489 -0.082975000143051134 0.03456499986350537 0.030015000142157081 0.031244999729096893 0.40754999220371252 0.51184999942779552 0.78694999217987072 1.3025000095367434 0.075185000896453871 0.88689997792243969 0.0634950026869774 -0.010299999732524155 -0.022235000506043431 0.21454999595880511 0.12994999438524249 0.018775000236928466 0.38265000283718115
decision_type=2 10 8 10 2 10 10 2 2 2 2 2 2 8 2 2 10 8 8 10 10 2 8 2 2 10 2 10 2 10
left_child=1 3 -2 20 5 14 11 13 16 -10 -6 24 -13 -4 -3 -7 17 -9 -19 23 -1 22 -22 -12 -5 -8 27 -27 -29 -30
right_child=2 4 7 6 10 15 25 8 9 -11 19 12 -14 -15 -16 -17 -18 18 -20 -21 21 -23 -24 -25 -26 26 -28 28 29 -31
leaf_value=0.00035608493192662273 -0.00097843954089315817 0.00021918608671099774 -0.0018747903352832143 0.0025515443525781166 -0.00085247260594954592 0.00045519734074443924 0.0016660223351105481 -0.00050413423677175839 0.0024377257385725169 -0.00025150809955652064 0.00011042968826323045 -0.00072240221815143585 -0.00019922044675743891 0.00015047267123258058 0.0025909994821665572 0.0013409726609761676 0.00026943994611839674 -0.0038805560810613402 -0.0014763667862948094 0.00098578144395834169 0.00091422768468761443 -0.00071095041802334707 0.0050578829765513499 -0.00073853825381194266 0.00022499387782054804 -4.3669043337486579e-05 -0.0012743744900466031 0.00070001965408742297 1.0953750557581385e-06 -0.0022679792084990854
leaf_weight=4695 4903 17046.5 348 308 1887 3591 419 1686 308 830 19138.5 7058 21588 7860 246 3300 743 251 1764 1488 298 204 225 1842 683 32850 701 6035 2766 324
leaf_count=4695 4903 17045 348 308 1887 3589 419 1686 308 830 19137 7058 21588 7860 246 3300 743 251 1764 1488 298 204 225 1842 683 32849 701 6034 2766 324
internal_value=-3.87648e-06 5.83734e-05 -0.00042576 -4.67458e-05 0.000227626 0.000431606 -9.06917e-05 -0.000229199 -0.000660836 0.000477835 2.50776e-05 -0.00028538 -0.000328146 6.43883e-05 0.000253075 0.000879515 -0.000952463 -0.00119777 -0.00177762 9.88127e-05 0.000542664 0.00174545 0.00270312 3.58622e-05 0.000949922 4.32013e-05 2.72295e-05 4.89967e-05 0.000382562 -0.000237484
internal_weight=145386 126693 18693 78154 48539 24183.5 72732 13790 5582 1138 24355.5 29637 28646 8208 17292.5 6891 4444 3701 2015 22468.5 5422 727 523 20980.5 991 43095 42676 41975 9125 3090
internal_count=145379 126686 18693 78152 48534 24180 72730 13790 5582 1138 24354 29637 28646 8208 17291 6889 4444 3701 2015 22467 5422 727 523 20979 991 43093 42674 41973 9124 3090
is_linear=0
shrinkage=0.03


Tree=30
num_leaves=31
num_cat=0
split_feature=80 87 47 53 70 20 81 51 61 53 66 14 58 63 22 32 61 11 47 27 84 82 28 56 63 63 58 46 3 20
split_gain=3.62031 3.44501 2.98399 2.96655 2.23595 2.09761 2.69647 1.70861 1.67192 2.62195 1.61675 1.71415 1.60056 1.58908 2.42647 1.5825 1.65357 2.27412 1.53544 1.51091 1.49177 1.46261 1.40883 1.40331 1.58322 1.73188 1.43358 1.38374 1.71249 1.66445
threshold=0.54989999532699596 0.9032999873161317 -2.4999999999999996 0.2864499986171723 0.94244998693466198 0.53345000743865978 0.14535000175237658 0.26835000514984136 0.010255000088363888 -0.036454999819397919 0.056724999099969871 0.0023194999666884546 45.055000305175788 0.013619999866932632 -0.31104999780654902 0.51394999027252208 0.005203499924391509 0.032065000385046012 4.5000000000000009 0.89894998073577892 0.96105000376701366 0.9126499891281129 17.945000648498539 0.10105000063776971 0.018050000071525577 0.0056854998692870149 10.704999923706056 0.97044998407363903 0.0077835000120103368 0.30335000157356268
decision_type=10 2 2 10 10 2 2 10 2 10 2 2 8 2 2 8 2 2 2 10 10 2 10 8 2 2 8 2 2 2
left_child=1 3 15 4 13 10 -7 12 -8 -10 11 -4 -5 21 -15 16 17 -2 22 -17 -12 27 -3 26 25 -25 -6 28 -1 -29
right_child=2 18 5 7 23 6 8 -9 9 -11 20 -13 -14 14 -16 19 -18 -19 -20 -21 -22 -23 -24 24 -26 -27 -28 29 -30 -31
leaf_value=-0.00045048451150277337 0.00038078011893713303 -0.0023871177548697125 -0.00013152240980502839 0.00074464289980268451 -0.0015876374222977784 -0.0025176511628996838 -0.00064644137372253186 -0.00061639733762144835 -0.0010842373570243264 0.0016816253069002667 -0.00026008682396085997 0.00030728083117644619 0.0027163520086255361 0.00093564399211447889 -0.00037375146110112708 -0.00095854442373389658 0.0001220058510113511 0.0012889607351980669 -0.00030784596950234511 0.00049558330794495064 -0.0024325963970202803 -0.001072546077399658 -0.00090345819596228014 -0.00028634035708381201 0.0014792942340778853 -0.0018564069543814947 0.00019050745503692337 -0.00068853074101973659 4.3987245035812979e-06 -0.0039173555921452946
leaf_weight=18274 4884 708 11389 2906 414 547 3361 718 500 802 4906 27018 424 2320 2822 1190 4033 5046 3474 1397 301 2339 3088 3437 366 774 24451 506 12573 200
leaf_count=18274 4881 708 11386 2906 414 547 3361 718 500 802 4906 27017 424 2320 2822 1190 4033 5046 3474 1397 301 2339 3088 3437 366 774 24451 506 12573 200
internal_value=-5.5688e-06 -0.000141173 0.000159946 -7.87576e-05 -0.000125412 4.1938e-05 -0.000526937 0.000710283 -0.000292923 0.000619449 0.000109905 0.000177161 0.000996435 -0.000274292 0.000217097 0.000508058 0.000634322 0.000842362 -0.000763721 -0.000173416 -0.000386116 -0.000348849 -0.00118073 7.19752e-05 -0.000410715 -0.000575298 0.000160839 -0.000295169 -0.000265083 -0.00160746
internal_weight=145168 79794 65374 72524 68476 48824 5210 4048 4663 1302 43614 38407 3330 39034 5142 16550 13963 9930 7270 2587 5207 33892 3796 29442 4577 4211 24865 31553 30847 706
internal_count=145161 79794 65367 72524 68476 48820 5210 4048 4663 1302 43610 38403 3330 39034 5142 16547 13960 9927 7270 2587 5207 33892 3796 29442 4577 4211 24865 31553 30847 706
is_linear=0
shrinkage=0.03


Tree=31
num_leaves=31
num_cat=0
split_feature=75 67 11 77 41 45 17 69 56 4 59 51 51 16 24 80 17 5 17 59 44 80 65 63 22 65 68 27 53 26
split_gain=3.66704 2.79081 2.41225 2.15994 2.21706 2.13737 1.98533 1.94712 2.11504 2.2646 2.39661 2.00657 1.8208 1.80065 1.68076 1.67608 1.57703 1.54543 1.62163 1.84697 1.53609 1.49269 1.43705 2.25816 1.3403 1.64725 1.53341 1.3377 1.32859 1.75967
threshold=0.46209999918937689 0.51354998350143444 0.044594999402761466 0.92875000834465038 0.10594999790191652 0.16784999519586566 -0.027104999870061871 1.0964999794960024 0.049435000866651542 0.22224999964237216 0.82850000262260448 -0.049134999513626092 1.2494999766349795 -0.33894999325275416 0.00087844999507069599 0.027604999952018264 -0.11684999987483023 -0.29444999992847437 -0.68445000052452076 0.97819998860359203 18.000000000000004 0.67935001850128185 -0.0042265001684427253 0.0015534999547526243 -0.24204999953508374 0.0018080000299960377 0.60774999856948864 1.1334999799728396 0.091985002160072341 0.80255001783370983
decision_type=2 10 2 2 2 2 2 10 10 2 10 8 8 2 2 8 2 2 2 10 2 10 10 2 2 10 8 10 10 2
left_child=1 7 5 6 -5 -2 13 8 17 24 11 -11 15 -4 -9 -7 -14 18 -1 22 -13 27 23 -20 25 -10 -26 -3 -6 -30
right_child=2 21 3 4 28 12 -8 14 9 10 -12 20 16 -15 -16 -17 -18 -19 19 -21 -22 -23 -24 -25 26 -27 -28 -29 29 -31
leaf_value=-0.00081528420500920449 -0.00074812223104392492 9.6069145740371734e-05 0.0012996917741039007 0.00042803696509142466 -0.0021436285219080453 -0.0012265707401812229 0.0013911053423088428 -0.00077424967372127535 -0.0012910027688929676 0.0021798622629367599 0.0028022085542318141 -0.0014625464806354036 -0.00014219989017405846 -0.00044462358196629785 0.00041762520070494239 -6.6160644942799014e-06 0.0027576451963757403 0.00018049178574510835 -0.0026664376857257186 0.0038991377122079333 0.00025163731890702717 0.00071754895571019093 0.0015169520119114592 0.001561898770938569 -0.00039763627080823552 -0.00015534249051511151 0.0010176238805390018 0.00065774131389626336 0.0013676267315167934 -0.0013043091318325881
leaf_weight=373 3758 14442.5 558 694 1367 1031 610 4620 2794 387 342 602 294 11307 1383 56719 395 18049 215 224 2140 8648.5 1303 239 3004 1953 893 5186 263 1392
leaf_count=373 3758 14442 558 694 1367 1031 610 4620 2794 387 342 602 294 11307 1383 56718 395 18048 215 224 2140 8644 1303 239 3004 1953 893 5186 263 1392
internal_value=-4.50611e-07 0.000162876 -0.000139629 -0.000465795 -0.00110058 -5.47155e-05 -0.000276636 -3.26532e-06 8.838e-05 -0.00022559 0.000421597 0.000160584 -1.0113e-05 -0.000362487 -0.000499636 -2.84166e-05 0.00152185 0.000274813 0.000997622 0.00133921 -0.000125104 0.000389197 0.00101081 -0.000441967 -0.000485487 -0.000823903 -7.31507e-05 0.000244493 -0.00145165 -0.000879136
internal_weight=145186 66798 78388 16191 3716 62197 12475 38521 32518 12115 3471 3129 58439 11865 6003 57750 689 20403 2354 1981 2742 28277 1757 454 8644 4747 3897 19628.5 3022 1655
internal_count=145179 66792 78387 16191 3716 62196 12475 38520 32517 12115 3471 3129 58438 11865 6003 57749 689 20402 2354 1981 2742 28272 1757 454 8644 4747 3897 19628 3022 1655
is_linear=0
shrinkage=0.03


Tree=32
num_leaves=31
num_cat=0
split_feature=75 80 75 39 53 48 65 58 71 1 6 60 52 74 2 58 21 0 86 15 81 63 10 12 4 28 0 1 58 68
split_gain=4.26454 2.37659 2.42825 2.34887 2.08783 1.97787 2.0541 1.93227 1.73172 1.83005 2.30015 2.19379 1.94509 1.66058 1.81982 1.59695 2.26004 1.7069 2.33602 1.71967 1.55282 1.53358 1.52865 1.52847 1.5251 1.52146 1.54729 1.50609 1.46703 1.42264
threshold=0.45495000481605535 0.54989999532699596 0.91435000300407421 0.02529499959200621 0.076094999909400954 0.7949500083923341 0.010245000012218954 31.429999351501468 4.5000000000000009 -0.096924997866153703 0.28614999353885656 0.00035224999010097241 0.79385000467300426 -0.049385000020265572 -0.093314997851848588 19.365000724792484 0.71064999699592601 -0.04019499942660331 0.38754999637603765 -0.20875000208616254 0.83834999799728405 -0.037085000425577157 0.21274999529123309 0.66705000400543224 0.58785000443458568 18.515000343322757 0.060395000502467162 -0.024105000309646126 49.149999618530281 0.65145000815391552
decision_type=2 8 2 2 10 2 10 10 10 2 10 2 8 10 2 10 2 2 2 2 2 2 2 2 2 10 2 2 10 10
left_child=8 2 27 -3 21 -6 7 -7 23 10 -10 -12 13 14 -11 16 -14 18 -17 -19 -16 -5 -22 -1 -23 26 -4 -2 29 -29
right_child=1 3 25 4 5 6 -8 -9 9 12 11 -13 15 -15 20 17 -18 19 -20 -21 22 24 -24 -25 -26 -27 -28 28 -30 -31
leaf_value=-0.00026517672946816415 -0.00094042253005621008 0.00050825425483440507 -0.0012728926687127602 0.0014947120181319339 0.00068888862476564462 -9.5894835608746517e-05 0.0014756482763632346 -0.0021192547612814191 0.00048417488833975454 0.0020358758260338237 0.003628740077081602 8.5630746439416359e-05 -4.3603363269734629e-05 0.00059188561728179556 1.9820389548865817e-05 -0.0025224570038604077 -0.0031850405493101925 0.0016461977397458129 0.0013879728884717752 0.00035638463730730947 -0.0001444350014269745 -0.00041051022361317279 -0.0035666334552748595 0.0011519025124957527 0.0021760147972963747 -0.00056851614121398606 -0.0040276566725687708 -0.00024929103377268767 0.0016837231333449258 0.0003476621203177132
leaf_weight=10079 2350 7326 1428 404 4557 8198 711 447 2003 371 479 234 22702.5 15366.5 5165 381 207 1099 214 6038 246 15176 224 734 207 4768 210 29417 385 4092
leaf_count=10079 2350 7326 1428 404 4557 8198 711 447 2003 371 479 234 22699 15365 5165 381 207 1099 214 6038 246 15176 224 734 207 4768 210 29417 385 4092
internal_value=-1.21527e-06 -0.000148665 -0.000301323 2.71851e-05 -9.14917e-05 0.000176437 -7.32079e-05 -0.000200748 0.000178028 0.00024657 0.0010056 0.00246767 0.000206917 0.000426574 3.59081e-06 5.36974e-05 -7.21258e-05 0.000426466 -0.00111605 0.000555201 -0.000130549 -0.000327612 -0.00177955 -0.000168886 -0.000375566 -0.000839715 -0.00162831 -0.000206144 -0.000155207 -0.000176385
internal_weight=145219 79676 42650 37026 29700 13913 9356 8645 65543 54730 2716 713 52014 21372.5 6006 30641.5 22909.5 7732 595 7137 5635 15787 470 10813 15383 6406 1638 36244 33894 33509
internal_count=145214 79676 42650 37026 29700 13913 9356 8645 65538 54725 2716 713 52009 21371 6006 30638 22906 7732 595 7137 5635 15787 470 10813 15383 6406 1638 36244 33894 33509
is_linear=0
shrinkage=0.03


Tree=33
num_leaves=31
num_cat=0
split_feature=75 25 47 28 17 58 71 74 2 84 71 25 85 7 59 8 51 67 31 10 31 47 18 50 67 51 41 64 82 7
split_gain=3.28019 2.00875 2.78076 2.33392 1.93949 1.90569 2.01086 1.87705 1.7759 1.73806 1.69136 1.8354 1.57242 1.56653 1.56819 1.51823 1.47537 1.46188 1.65576 1.64879 1.42973 1.42195 1.50438 1.50141 1.40466 1.39625 1.5171 1.33729 1.43395 1.67466
threshold=0.68604999780654918 23.054999351501468 1.0000000180025095e-35 16.32499980926514 -0.066725000739097581 14.449999809265138 11.500000000000002 -0.028064999729394909 -0.011144999880343674 0.86395001411437999 693.50000000000011 45.815000534057624 0.80040001869201671 -0.52300000190734852 0.99799999594688427 -0.01865500025451183 0.30034999549388891 0.33904999494552618 0.28264999389648443 0.36824999749660497 0.045454999431967742 3.5000000000000004 0.83224999904632579 0.052895000204443939 0.36155000329017645 -0.31454999744892115 0.19064999371767047 0.00067614999716170143 0.49554999172687536 1.0264999866485598
decision_type=2 2 2 10 2 10 10 10 2 10 8 2 10 8 10 2 10 10 8 2 10 2 2 10 8 8 2 2 2 8
left_child=1 8 7 -4 10 6 -6 -3 12 -7 11 16 -1 -9 15 -15 21 18 19 -12 -11 -2 25 -24 -13 -23 -27 28 -8 -30
right_child=4 2 3 -5 5 9 27 13 -10 20 17 24 -14 14 -16 -17 -18 -19 -20 -21 -22 22 23 -25 -26 26 -28 -29 29 -31
leaf_value=-0.00030711398403932791 -0.00048252822564509487 0.0001391283150485523 0.0011742381871240554 -0.0001589569062131807 0.0014134468401118623 8.7176939778833577e-05 0.00043618338421857268 -0.0019633299252459716 0.00014128125448844019 0.0016339114385666054 0.0011745116147169566 -0.0033372262992197644 0.00041336759061860664 0.00096844651234760833 -0.0010914641971542986 0.00040357068230435561 0.00051676003473543686 -0.00039350509128184774 -0.0022787117402501421 -0.0014679461708733161 -0.00095012497934820084 0.001864865460972628 -0.00013622023195354596 0.0023106649172905708 -0.00072122993161428896 -0.00012050675918582479 -0.0023378618224645228 0.0006884656871576862 -0.0014034663937117454 0.0010643357854153829
leaf_weight=21655 13297 13663 1271 16664 1490 5716 1369 210 25195.5 205 323 289 3118 8498 459 8636 2281 2444 1089 617 3008 305 425 480 511 7775 287 2408 1214 310
leaf_count=21655 13297 13663 1271 16664 1490 5716 1369 210 25195 205 323 289 3118 8496 459 8634 2281 2444 1089 617 3008 305 425 480 511 7775 287 2408 1214 310
internal_value=1.2123e-06 9.80575e-05 0.000233711 -6.44171e-05 -0.000208707 6.14071e-05 0.000440125 0.000403635 -3.60575e-05 -0.000226646 -0.000349667 -0.000255772 -0.000216419 0.000606613 0.000637399 0.000683774 -0.000210202 -0.000887922 -0.00148298 -0.000559669 -0.000784798 -0.000283694 1.47569e-06 0.00116269 -0.00166925 -0.000124249 -0.000199723 0.00016633 -0.000268359 -0.000901117
internal_weight=145212 99369.5 49401 17935 45843 15720 6791 31466 49968.5 8929 30123 25650 24773 17803 17593 17134 24850 4473 2029 940 3213 22569 9272 905 800 8367 8062 5301 2893 1524
internal_count=145208 99365 49397 17935 45843 15720 6791 31462 49968 8929 30123 25650 24773 17799 17589 17130 24850 4473 2029 940 3213 22569 9272 905 800 8367 8062 5301 2893 1524
is_linear=0
shrinkage=0.03


Tree=34
num_leaves=31
num_cat=0
split_feature=75 80 0 67 46 45 20 22 65 58 52 63 85 58 59 65 28 69 88 24 2 52 65 65 14 25 38 5 89 52
split_gain=3.2498 2.57097 2.4961 2.11701 2.0424 1.83439 1.8164 1.91226 1.60895 1.58999 1.86389 1.74948 1.53935 1.50624 1.48348 1.47185 1.47114 1.45101 1.42326 1.68677 1.67132 1.42791 1.42124 1.82829 1.96463 1.35779 1.33738 1.33018 1.32813 1.321
threshold=0.68604999780654918 0.2144500017166138 0.096330001950263991 0.43195000290870672 0.60855001211166393 0.46965000033378607 0.66734999418258678 -0.52955001592636097 0.0020594999659806494 19.365000724792484 1.1545000076293948 -0.014644999988377093 0.096294999122619643 14.88499975204468 0.81250000000000011 0.0066644998732954272 23.035000801086429 0.92444998025894176 0.35195000469684606 -0.0090115000493824465 0.072465002536773696 1.7304999828338625 0.0014209999935701492 0.001300000003539026 0.094845000654459014 23.545000076293949 1.5000000000000002 0.10994999855756761 0.80454999208450328 0.92045000195503246
decision_type=2 10 2 8 2 2 2 2 10 8 8 2 10 10 8 8 10 8 2 2 2 8 8 10 2 2 2 2 2 8
left_child=1 5 4 14 12 9 7 -6 16 -1 11 -11 13 -2 -3 17 22 29 19 21 -20 27 23 24 -9 -12 -7 -5 -14 -16
right_child=2 3 -4 18 6 26 -8 8 -10 10 25 -13 28 -15 15 -17 -18 -19 20 -21 -22 -23 -24 -25 -26 -27 -28 -29 -30 -31
leaf_value=-0.00065389879083371143 -0.0026257926821065761 -0.00017122163890217888 -0.0023620029710930235 0.00064854728072140594 0.0013956303774200571 0.0004423819770648568 -0.0012804673038321647 0.00049994977436757361 -0.00032796759739292915 -0.0016219013305749949 -2.2002525089807695e-05 1.2471358597346539e-05 -0.00021143933439528144 -0.00068986065681386039 0.00013819093029936389 -0.00046315914466231331 -0.0019596621815352847 0.00024884132129409205 0.00020275174540191081 0.00033910652467761937 -0.00067860705890676241 -0.00095910000319705357 0.0011925107752246637 -0.0023605595543631352 -0.0001878336176557217 0.0018610372629288274 -0.00032828174928529829 0.0017545931575189224 -0.0009249358421890507 0.0021138640435702091
leaf_weight=8457 530 19023 476 2190 880 5436 1000 7516 9901 753 661 2701 12396 1138 449 1279 290 2259 24583.5 22491 2101 313 1185 263 7434 719 3230 1771 2896 947
leaf_count=8457 530 19022 476 2190 880 5436 1000 7516 9901 753 661 2701 12396 1138 449 1279 290 2259 24579 22489 2101 313 1185 263 7434 719 3230 1771 2896 947
internal_value=5.63008e-06 0.000102075 -0.000203127 0.000183349 -0.000180455 -0.000184441 -2.51944e-05 2.05483e-05 -2.50127e-05 -0.000405846 2.81624e-05 -0.000344201 -0.000441059 -0.0013062 -5.09915e-05 0.000412496 0.00015474 0.000718958 0.000288384 0.000442955 0.000133335 0.000989228 0.00019225 0.000114263 0.000157955 0.000959726 0.000155135 0.00114339 -0.000346613 0.00147898
internal_weight=145268 99363.5 45905 77406.5 45429 21957 28469 27469 26589 13291 4834 3454 16960 1668 23957 4934 16688 3655 53449.5 26765 26684.5 4274 16398 15213 14950 1380 8666 3961 15292 1396
internal_count=145261 99356 45905 77399 45429 21957 28469 27469 26589 13291 4834 3454 16960 1668 23956 4934 16688 3655 53443 26763 26680 4274 16398 15213 14950 1380 8666 3961 15292 1396
is_linear=0
shrinkage=0.03


Tree=35
num_leaves=31
num_cat=0
split_feature=50 80 0 67 5 65 71 81 0 54 49 0 87 52 82 67 56 85 63 56 66 63 66 66 59 67 24 69 82 87
split_gain=3.13408 2.85713 1.95141 1.79384 1.84199 1.7988 1.66084 1.56395 1.62344 1.70613 1.53932 1.86131 1.69394 2.12825 1.78015 1.49639 1.63364 1.49074 1.48368 2.04527 2.18015 1.96446 1.54851 1.76244 1.46845 1.37198 1.65709 1.42037 1.3696 1.36617
threshold=0.023275000043213371 0.57304999232292186 0.096330001950263991 0.58004999160766613 -0.28474999964237208 -0.012289999984204767 4.5000000000000009 0.072314999997615828 0.010125000029802324 -0.15224999934434888 0.8991999924182893 0.029825000092387203 0.98074999451637279 0.64344999194145214 0.98734998703002941 0.41535000503063207 -0.2165500000119209 0.46754999458789831 -0.037085000425577157 -0.04076500050723552 -0.063650000840425477 0.016870000399649147 0.022664999589324001 0.033935001119971282 0.99509999155998241 0.33904999494552618 0.0035545000573620204 1.0745000243186953 0.6732500195503236 0.85315001010894786
decision_type=10 10 2 10 2 10 8 2 2 10 8 2 2 10 2 8 10 10 2 8 2 2 2 2 10 8 2 8 2 2
left_child=1 3 6 4 5 -1 29 25 24 -10 12 -12 14 -14 -8 16 -3 -5 -7 20 -20 22 -21 -24 -9 26 27 -6 -22 -2
right_child=2 15 -4 17 7 18 10 8 9 -11 11 -13 13 -15 -16 -17 -18 -19 19 21 28 -23 23 -25 -26 -27 -28 -29 -30 -31
leaf_value=-0.0019128738401713947 -0.00017336773288747389 0.00214310415507928 -0.0021415449137345572 -7.3220732650913903e-05 -0.0015737956597575513 -0.0017344174767209028 -0.00020642404772444931 -1.4944647037543002e-05 0.00057272224019997201 -0.00071363858670953669 6.6416073970226831e-05 0.0035217655878447209 -0.0026098381255565224 -0.00051840395834607672 -0.0021497544119984647 0.00038363705792191036 -5.0634625901766508e-05 0.00046778348927561649 -0.00024967668787226138 0.0003327313096913224 0.0009327827748081296 0.0026616636805864673 -0.003354647274044188 -8.5755251140750999e-05 -0.0016619692405501771 -0.00040525010848957947 0.00024983146925086375 -0.0043104588165461507 0.0027902280485444329 0.0011618095633436625
leaf_weight=277 1359 312 473 8878 655 235 31718 27437 1077 6675 427 208 603 1595 429 31451.5 12770 9476 531 1205 627 228 265 336 495 2631 312 231 834 1399
leaf_count=277 1359 312 473 8878 655 235 31718 27437 1077 6675 427 208 603 1595 429 31446 12769 9476 531 1205 627 228 265 336 495 2631 312 231 834 1399
internal_value=4.59631e-06 8.79254e-05 -0.000228607 -4.30694e-05 -0.000146891 0.000425481 -0.000204575 -0.000212636 -0.000150799 -0.000534871 -0.000260461 0.001202 -0.000287535 -0.00109309 -0.000232424 0.000271486 1.8449e-06 0.000206105 0.000577906 0.000713275 0.00139629 4.40095e-05 -0.000287749 -0.00153029 -4.4191e-05 -0.000788736 -0.00162989 -0.00229136 0.00199427 0.000504079
internal_weight=145150 106938 38211 62405 44051 4538 37738 39513 35684 7752 34980 635 34345 2198 32147 44533.5 13082 18354 4261 4026 1992 2034 1806 601 27932 3829 1198 886 1461 2758
internal_count=145143 106932 38211 62405 44051 4538 37738 39513 35684 7752 34980 635 34345 2198 32147 44527 13081 18354 4261 4026 1992 2034 1806 601 27932 3829 1198 886 1461 2758
is_linear=0
shrinkage=0.03


Tree=36
num_leaves=31
num_cat=0
split_feature=75 67 17 66 57 69 71 68 58 46 80 58 47 74 25 63 76 56 26 46 11 28 85 51 58 61 21 52 58 56
split_gain=3.52596 2.25224 2.01671 1.78368 1.69404 2.13509 1.77294 1.74137 1.97596 1.75872 1.45488 1.90304 1.73222 1.78513 1.7577 1.63717 1.63489 1.41645 1.41208 1.75118 1.39765 1.39216 1.38286 1.54669 1.3976 1.36328 1.42675 1.34867 1.82266 1.69543
threshold=0.78554999828338634 0.58824998140335094 -0.11055000126361846 -0.052704999223351472 0.079710002988576903 1.1265000104904177 1.5000000000000002 0.41435000300407415 25.474999427795414 1.1765000224113467 0.52535000443458568 21.085000038146976 -2.4999999999999996 0.0022894999710842971 19.875000000000004 -0.040374999865889542 0.088794998824596419 0.083149999380111708 0.88594999909400951 0.62045001983642589 0.08344499766826631 20.445000648498539 0.91435000300407421 0.11405000090599061 11.650000095367433 0.0018174999859184029 0.47515000402927404 0.48974999785423284 27.909999847412113 -0.072139997035264955
decision_type=2 10 2 2 10 10 8 8 8 2 10 8 2 10 2 2 2 10 2 2 2 8 10 10 10 2 2 8 10 10
left_child=1 10 3 18 17 6 -6 8 -8 -9 11 22 14 16 -12 -13 -14 -4 19 -2 -5 -20 23 -1 -24 -25 -27 28 29 -3
right_child=2 27 4 20 5 -7 7 9 -10 -11 12 15 13 -15 -16 -17 -18 -19 21 -21 -22 -23 24 25 -26 26 -28 -29 -30 -31
leaf_value=-0.00020868095393825292 0.00018136966025903364 -0.0010826263889240242 0.0014626286164751256 -0.00058550906802248544 0.0015819336585730895 0.00099195953641892094 0.00046255282553370121 -0.0004779589981149086 -0.0021709130982610508 -0.0032623577586366262 -8.2892399903825988e-05 -0.0024665896206319629 -0.0012838875870488881 0.00033251117121703124 0.00068305179213323374 0.00025823516549253802 -0.00011001486769764744 -0.00067710037668040316 0.000300974401733838 0.0025001601483992547 -0.0020684630004018591 -0.0024706091277345269 -0.0015692260154806402 -0.00031210057334919071 0.00069582742655539484 -0.001120502331652928 -0.0037014669111569321 0.00017680138975971192 -0.00040385497247104416 0.00092093223776508427
leaf_weight=25776 1219 402 1109 12778 454 1358 3170 8892 278 208 4039 201 1146 9054 8110 11321 15468.5 371 374 385 598 288 275 2145 2197 1749 216 23337 1323 6744.5
leaf_count=25776 1219 402 1109 12778 454 1358 3170 8892 278 208 4039 201 1146 9054 8109 11321 15468 371 374 385 598 288 275 2145 2197 1749 216 23334 1323 6744
internal_value=2.41439e-06 8.033e-05 -0.000278493 -0.000520107 -3.98815e-05 -0.000139503 -0.000257746 -0.000324428 0.000249658 -0.000541954 -3.05369e-06 -0.000120581 0.000133314 -6.37353e-06 0.000428424 0.000210491 -0.000191056 0.000926156 0.000258135 0.000739148 -0.000651957 -0.000906698 -0.000238472 -0.000294879 0.000443317 -0.000835287 -0.00140595 0.000294501 0.000618753 0.000808094
internal_weight=144986 113504 31482 15642 15840 14360 13002 12548 3448 9100 81697.5 43880 37817.5 25668.5 12149 11522 16614.5 1480 2266 1604 13376 662 32358 29886 2472 4110 1965 31806.5 8469.5 7146.5
internal_count=144981 113499 31482 15642 15840 14360 13002 12548 3448 9100 81696 43880 37816 25668 12148 11522 16614 1480 2266 1604 13376 662 32358 29886 2472 4110 1965 31803 8469 7146
is_linear=0
shrinkage=0.03


Tree=37
num_leaves=31
num_cat=0
split_feature=75 11 72 52 58 57 79 77 71 81 57 71 42 75 42 26 53 56 64 2 29 71 39 64 29 41 56 10 28 9
split_gain=2.98493 2.43539 2.25523 2.05992 3.22382 2.22761 1.98059 2.08537 1.83559 2.25529 2.38083 1.81892 1.78272 1.75432 2.17651 1.6752 1.65849 1.72215 1.61779 1.52336 1.67093 1.43072 1.78377 1.38884 1.37691 1.35875 1.37902 1.63007 1.30491 1.29621
threshold=0.69415000081062328 0.040605001151561744 4.5000000000000009 1.7814999818801882 14.385000228881838 0.11510000005364419 0.99445000290870678 0.99805000424385082 42.500000000000007 0.12435000017285348 0.079710002988576903 5.5000000000000009 -0.1060499995946884 0.98734998703002941 0.064504999667406096 0.14085000008344653 0.039875000715255744 0.050130000337958343 -0.025809999555349347 -0.088165000081062303 0.6131500005722047 7.5000000000000009 0.037684999406337745 0.022420000284910205 0.36264999210834509 0.14504999667406085 0.038165001198649413 0.3887500017881394 16.644999504089359 -0.051024999469518655
decision_type=2 2 10 10 10 10 2 2 8 2 8 8 2 2 2 2 8 8 2 2 10 10 2 2 10 2 8 2 10 2
left_child=2 15 3 8 5 -5 7 11 16 10 -10 -3 28 -13 -15 -2 25 21 -12 29 -21 -18 -23 -20 -6 26 -1 -28 -11 -14
right_child=1 6 -4 4 24 -7 -8 -9 9 12 18 13 19 14 -16 -17 17 -19 23 20 -22 22 -24 -25 -26 -27 27 -29 -30 -31
leaf_value=0.00015409031911532356 -0.001971681792958624 0.00044935484093711558 0.00059482402858860607 -0.0011393159144627643 -0.0019063822573183902 -0.0041327023456105968 0.0015744857816202002 -0.0029015436947790788 -0.0028273625042480521 -0.00028909729662306578 -0.0026282762055052445 -0.00052352145584939089 0.00046732032605821609 -0.0034766269027161896 -0.00080464203378355175 -2.189685288903112e-05 -7.9851703262105755e-05 0.00017790312840875545 -0.0004502642729837558 -0.00026099376672361933 0.00020941691084305815 0.00062859664474648291 0.0017637841324012558 0.0014834699474485704 0.00079492103127523552 -0.0021889986956783107 -0.0001922416425202335 -0.001772164031749013 0.0010781022816148591 0.0027492569571035495
leaf_weight=18321.5 401 1549 7394 748 209 319 395 338 400 867 289 11306 1232 417 801 29439 1786 17066 5484 19277 10495 6016 1571 355 887 249 4216 682 2277.5 273
leaf_count=18319 401 1549 7394 747 209 319 395 338 400 867 289 11306 1232 417 801 29439 1786 17066 5484 19276 10495 6016 1571 355 887 249 4216 682 2277 273
internal_value=-1.57566e-07 -0.000204244 9.05845e-05 5.04974e-05 -0.000864262 -0.00203728 -0.000518784 -0.000576265 7.2284e-05 -7.65786e-05 -0.000587771 -0.000520215 2.03827e-05 -0.00064016 -0.00172154 -4.81639e-05 0.000194426 0.000357357 -0.000441146 -4.80816e-05 -9.51667e-05 0.000684045 0.000863855 -0.000332463 0.000278532 1.08651e-05 3.45492e-05 -0.000412548 0.000701167 0.000882804
internal_weight=145060 44646 100414 93020 2163 1067 14806 14411 90857 40949.5 6528 14073 34421.5 12524 1218 29840 49907.5 26439 6128 31277 29772 9373 7587 5839 1096 23468.5 23219.5 4898 3144.5 1505
internal_count=145055 44646 100409 93015 2162 1066 14806 14411 90853 40948 6528 14073 34420 12524 1218 29840 49905 26439 6128 31276 29771 9373 7587 5839 1096 23466 23217 4898 3144 1505
is_linear=0
shrinkage=0.03


Tree=38
num_leaves=31
num_cat=0
split_feature=80 54 0 52 58 57 52 42 47 19 71 74 22 18 81 59 62 60 32 86 63 56 32 11 30 64 85 0 59 6
split_gain=2.91803 2.5155 2.73912 2.05407 2.41425 2.64507 2.6827 2.17605 1.93175 1.61182 1.53393 1.55318 1.5297 1.52674 2.08331 1.60722 1.52821 1.4777 1.44372 1.40561 1.37404 1.36813 1.30152 1.3002 1.35947 1.37562 1.25356 1.23345 1.22897 1.21607
threshold=0.58134999871253978 -0.06655500084161757 0.0073905000463128099 0.81665000319480907 14.414999961853029 0.1134999990463257 1.5594999790191653 -0.16665000468492505 1.0000000180025095e-35 0.29015000164508825 2.5000000000000004 -0.015354999806731938 -0.52955001592636097 1.810499966144562 0.18135000020265582 0.95435002446174633 -0.11865000054240225 -0.0093420003540813906 0.27824999392032629 0.10395000129938127 0.013619999866932632 0.24674999713897708 0.74124997854232799 0.041965000331401832 -0.0697600021958351 0.0043534999713301667 0.9255499839782716 -0.014014999847859142 0.55359998345375072 0.40664999186992651
decision_type=10 10 2 10 10 10 10 2 2 2 8 10 2 2 2 8 2 2 10 2 2 8 8 2 10 2 8 2 10 10
left_child=1 3 19 17 5 7 -7 -5 10 29 -2 22 -9 16 -15 26 -11 -1 20 -3 -6 23 -12 -13 25 -25 -16 -18 -22 -10
right_child=8 2 -4 4 18 6 -8 12 9 13 11 21 -14 14 15 -17 27 -19 -20 -21 28 -23 -24 24 -26 -27 -28 -29 -30 -31
leaf_value=-0.00043988057470474822 -0.00077536653344467742 -0.00085038499327414157 -0.00056911178218361429 0.0026751362873089594 -0.00032194094858690949 -0.00099796950880293297 -0.003903231364999143 -0.0028799587289878486 -3.8592771301555901e-05 0.001051290751479271 0.00018668485225618677 0.00048136533079939112 -0.00025365878215562399 -0.0023375470390922183 0.0010370844217098035 -0.001643096579505612 0.00037541686898702144 0.00044659645103495749 0.00050706409894796288 -4.9718707548785228e-05 0.0021172968271337112 -0.0018128822170464056 -0.001864872800569955 0.0020918839780296457 7.0647127140353262e-05 0.00039087199750656058 -0.0007839123040926997 -0.00048833136800921191 3.6136719667793885e-05 0.0005428541966385074
leaf_weight=1938 1098 2106 16956 220 6304 1414 358 208 6691.5 695 13896 11052.5 4447 235 2502 266 1683 13313 5011 31113 414 209 283 1465 706 605 393 12795 664 6270
leaf_count=1938 1098 2106 16956 220 6304 1414 358 208 6690 695 13895 11047 4447 235 2502 266 1683 13313 5011 31113 414 209 283 1465 706 605 393 12795 664 6270
internal_value=-9.42949e-06 -0.00012353 -0.000258872 7.45062e-05 -0.000133296 -0.00059452 -0.00158679 -0.000233589 0.000148965 -1.40253e-05 0.000324272 0.000367089 -0.000371603 -0.000193225 0.000381688 0.000584521 -0.000321918 0.000333927 0.00011411 -0.000100503 -0.000152665 0.000590774 0.000145609 0.000627231 0.0012076 0.00159516 0.000789696 -0.000387906 0.000836616 0.000242697
internal_weight=145311 84466 50175 34291 19040 6647 1772 4875 60845 31530.5 29314.5 28216.5 4655 18569 3396 3161 15173 15251 12393 33219 7382 14037.5 14179 13828.5 2776 2070 2895 14478 1078 12961.5
internal_count=145303 84466 50175 34291 19040 6647 1772 4875 60837 31529 29308 28210 4655 18569 3396 3161 15173 15251 12393 33219 7382 14032 14178 13823 2776 2070 2895 14478 1078 12960
is_linear=0
shrinkage=0.03


Tree=39
num_leaves=31
num_cat=0
split_feature=88 67 71 50 25 16 26 56 18 8 71 87 21 1 66 48 23 20 28 84 18 24 71 75 84 41 17 71 21 14
split_gain=2.65783 2.7993 3.17256 2.16251 2.09865 2.17494 2.14384 1.92131 1.70507 1.58158 1.55348 1.53919 1.40458 1.47777 1.92451 1.5393 1.36754 1.36255 1.27113 1.96401 2.18827 1.23165 1.73221 1.22995 1.21887 1.36476 1.33129 1.63558 1.45254 1.262
threshold=0.75214999914169323 0.33904999494552618 536.50000000000011 -0.07612499967217444 23.355000495910648 -0.19315000623464582 0.23104999959468844 -0.098130002617835985 2.029500007629395 0.097014997154474272 3.5000000000000004 0.97334998846054088 0.25265000760555273 -0.060215000063180917 0.0038730000378564004 0.84544998407363903 65.575000762939467 0.46965000033378607 19.884999275207523 0.63554999232292186 0.65784999728202831 -0.0073414999060332766 115.50000000000001 0.13364999741315844 0.97965002059936535 0.19064999371767047 -0.067824997007846818 3.5000000000000004 0.49134999513626104 0.10624999925494195
decision_type=2 10 8 8 2 2 2 8 2 2 8 2 2 2 2 2 2 2 10 10 2 2 10 2 10 2 2 10 2 2
left_child=1 2 7 -4 6 -6 10 17 24 12 -3 16 -7 14 -14 -16 -5 -1 19 20 -8 -12 -23 -19 25 26 29 -28 -29 -2
right_child=8 4 3 11 5 9 18 -9 -10 -11 21 -13 13 -15 15 -17 -18 23 -20 -21 -22 22 -24 -25 -26 -27 27 28 -30 -31
leaf_value=0.0024210331682808423 -0.00025542388672345064 -0.0017178523994810647 0.0011182315889215536 -0.0009624313709424195 -0.00077350313411076799 7.8960544522943448e-05 0.00039071355851665713 -7.3457295486328058e-05 0.0006857112327524255 -0.0022001794522674531 0.00022681110091361668 -0.0033875115863629614 0.00052363565119216968 0.00042640914054628705 -0.00033923283896591466 0.0023896814328775826 0.00083099126930524043 0.0023135241931322523 -2.3300449245710115e-05 -0.00017363828520285875 0.0015413446864690594 -0.00030808737616991804 -0.0019129700100374921 -2.7540786658940612e-05 -0.0013253353620691106 -0.0013080928908294725 0.001167135016180825 -0.00010528339030708863 0.0023282136177024452 -0.001017738785911704
leaf_weight=436 19781 672 506 5092 1507 8912.5 7435 24284 1805 210 3527 219 2161 23090.5 221 1167 413 255 14664.5 4005 1859 6455 667 957 939 1024 1108 9511 225 2168
leaf_count=436 19781 672 506 5092 1507 8910 7435 24284 1805 210 3527 219 2161 23088 221 1167 413 255 14664 4005 1859 6455 667 957 939 1024 1108 9511 225 2168
internal_value=8.22042e-06 8.26338e-05 -0.000152224 -0.000760061 0.000181304 0.000342568 2.83091e-05 -6.17132e-06 -0.000213047 0.000389619 -0.000319979 -0.000926268 0.000404978 0.000514043 0.00108393 0.00195525 -0.000827757 0.00098476 0.00016932 0.000381703 0.000621006 -0.000231614 -0.000458638 0.000466511 -0.000259741 -0.000230114 -0.000196414 7.55254e-05 -4.88117e-05 -0.000330764
internal_weight=145276 108716 32162 6230 76553.5 37269 39284.5 25932 36561 35762 11321 5724 35552 26639.5 3549 1388 5505 1648 27963.5 13299 9294 10649 7122 1212 34756 33817 32793 10844 9736 21949
internal_count=145271 108710 32162 6230 76548 37264 39284 25932 36561 35757 11321 5724 35547 26637 3549 1388 5505 1648 27963 13299 9294 10649 7122 1212 34756 33817 32793 10844 9736 21949
is_linear=0
shrinkage=0.03


Tree=40
num_leaves=31
num_cat=0
split_feature=68 53 87 1 82 67 4 25 12 75 83 51 0 15 53 28 0 11 58 28 88 56 70 56 17 39 69 57 85 62
split_gain=2.57569 2.81455 2.92257 2.41121 2.39878 2.01853 1.92967 1.94087 2.06482 1.89108 1.82182 1.78854 1.65279 1.5934 1.94118 1.6612 2.65597 1.59266 1.56755 1.90788 1.72476 1.5775 1.56425 1.5541 1.48867 1.44131 1.42527 1.41474 1.41244 1.54237
threshold=0.63985002040863048 0.079934999346733107 0.80654999613761913 -0.063505001366138444 0.93485000729560863 0.29755000770092016 0.22224999964237216 18.144999504089359 0.3895500004291535 0.015519999898970129 0.96845000982284557 1.2494999766349795 -0.04222499951720237 -0.20224999636411664 0.039875000715255744 20.564999580383304 0.060395000502467162 0.026655000634491447 15.929999828338625 21.32499980926514 0.78984999656677257 0.076934996992349639 0.93895000219345104 0.18425000458955768 -0.067824997007846818 0.040945000946521766 0.97795000672340404 0.12934999912977221 0.1292499974370003 -0.033959999680519097
decision_type=10 10 2 2 2 10 2 2 2 2 8 10 2 2 8 10 2 2 8 10 2 10 10 8 2 2 8 10 10 2
left_child=3 2 23 6 11 18 7 -1 9 -9 27 12 25 -14 -15 16 -16 -11 20 28 -6 -21 -4 -2 -17 -5 -22 -3 -20 -30
right_child=1 10 22 4 5 -7 -8 8 -10 17 -12 -13 13 14 15 24 -18 -19 19 21 26 -23 -24 -25 -26 -27 -28 -29 29 -31
leaf_value=-0.00071939365566233359 0.00028331014069826326 0.00039694289451103822 -0.0019724758557100822 -0.0021922403926528966 -0.0021711000840534721 -5.244245464480364e-05 0.0015966597404155859 -0.00061253491706705855 -0.0013728984137897375 -0.0016093803814669044 -0.0010275793455013149 0.001874864050631173 0.00047563210534979933 -0.0002316460858309365 0.00022448230445847216 -0.00032204891799880064 -0.002053112161543723 0.00091950840948237268 0.0012867108212766896 0.0017153796887531267 0.001729762867826394 -0.0013471424995805136 -0.00031255360410956242 -0.0021880788394460417 0.00012502821321118117 -0.00032392813352118772 -0.0016613210703330234 0.0012287299116867786 6.4432579493776216e-05 -0.0019832564610340261
leaf_weight=1529 10741 3275 859 594 1461 3397 1076 982 513 233 487 429 4957 41633 29985 15796.5 467 5373 204 495 213 217 1260 233 11643 991 232 4204 475 1091
leaf_count=1529 10741 3275 859 594 1461 3397 1076 982 513 233 487 429 4957 41627 29985 15796 467 5373 204 495 213 217 1260 233 11642 991 232 4204 475 1091
internal_value=-2.53565e-06 0.000304206 3.36679e-05 -5.46375e-05 -9.3194e-05 -0.000601514 0.000399298 0.000249841 0.00045861 0.000601415 0.000748806 -5.60297e-05 -6.38571e-05 -4.9266e-05 -7.54141e-05 3.69431e-05 0.000189488 0.000814133 -0.00102647 -0.000529247 -0.00167334 0.000781418 -0.000986066 0.000230643 -0.00013235 -0.00102504 -3.7934e-05 0.000864598 -0.00105662 -0.00136251
internal_weight=145046 21059 13093 123986 114280 7785 9706 8630 7101 6588 7966 106496 106066 104482 99524.5 57891.5 30452 5606 4388 2482 1906 712 2119 10974 27439.5 1585 445 7479 1770 1566
internal_count=145038 21059 13093 123979 114273 7785 9706 8630 7101 6588 7966 106488 106059 104474 99517 57890 30452 5606 4388 2482 1906 712 2119 10974 27438 1585 445 7479 1770 1566
is_linear=0
shrinkage=0.03


Tree=41
num_leaves=31
num_cat=0
split_feature=50 77 25 80 53 60 71 62 57 53 28 9 52 63 16 67 43 46 71 63 16 80 71 80 84 77 60 21 28 26
split_gain=2.92948 2.02019 1.80207 1.55428 1.96838 1.68024 1.71218 1.70982 1.51475 1.42901 2.14548 1.94405 1.75141 1.7204 1.6931 1.61851 1.80069 1.5337 1.45139 1.45058 1.4217 1.55862 1.3363 1.66562 1.73667 1.30947 1.30947 1.39948 1.28981 1.79862
threshold=-0.015075000002980231 0.99805000424385082 38.864999771118171 0.57304999232292186 0.21704999357461932 -0.0014349999837577341 18.500000000000004 -0.11109999939799307 0.12520000338554385 0.035635000094771392 20.865000724792484 0.081735000014305129 1.3345000147819521 0.023249999620020393 -0.22035000473260877 0.42544999718666082 -0.079214997589588151 0.9556500017642976 7.5000000000000009 -0.037085000425577157 0.025084999389946464 0.58134999871253978 36.500000000000007 0.43225000798702246 0.45655000209808355 0.95144999027252208 0.0033599999733269219 0.39884999394416815 19.595000267028812 0.35584999620914465
decision_type=10 2 2 10 10 2 8 2 8 8 10 2 8 2 2 10 2 2 10 2 2 10 8 8 10 2 2 2 10 2
left_child=2 9 3 4 -1 -5 -7 -8 -3 11 15 19 18 14 -12 16 -11 -17 -13 20 21 -2 -18 24 -24 26 27 -16 29 -21
right_child=1 8 -4 5 -6 6 7 -9 -10 10 13 12 -14 -15 25 17 22 -19 -20 28 -22 -23 23 -25 -26 -27 -28 -29 -30 -31
leaf_value=-0.00011581031229308331 0.00075690358559723201 -0.0038084685767535119 0.0007021455366486018 0.00070575486115052161 0.00079025088722750093 -0.00055959626230023707 -0.001397054421249777 0.00041250595496794752 -0.0007028057500333923 -0.0027660427180848817 -0.0028611510865172852 -0.00016559338068109354 0.00032857038645427389 0.0015023430931521017 -0.000344154795967877 0.0004164139389755048 0.00032177645978878676 -0.00048007850346337905 -0.0017831303540932358 -0.00088763548832014594 -0.00099806264038134786 0.00395844830651974 -0.00018120395095165307 8.3329334697410074e-05 -0.0014741631323893617 0.00062694487425300185 1.3009132020393511e-05 -0.0011622729189841726 -4.3774429672881643e-05 -0.00018357023394530579
leaf_weight=23032 422 219 5391 6793.5 2380 2641 497 8350 397 221 226 699 758 496 8396.5 17981 5549 1898 1748 4735 221 202 2138 5089 1661 1402 6428 2425 22178.5 10520
leaf_count=23032 422 219 5391 6792 2380 2641 497 8350 397 221 226 699 758 496 8396 17981 5549 1898 1748 4735 221 202 2138 5089 1661 1402 6428 2425 22175 10520
internal_value=-3.82806e-06 -0.000100212 0.000184698 0.00012084 -3.0924e-05 0.000331787 0.000110597 0.000310703 -0.00181131 -8.91436e-05 1.27113e-05 -0.000221508 -0.000931137 -0.00023997 -0.000285825 0.000154455 -8.47063e-05 0.000330799 -0.00132133 -0.000162069 0.00106639 0.00179798 -4.3472e-05 -0.000271516 -0.000746751 -0.000254469 -0.00032614 -0.000527578 -0.000189827 -0.000402149
internal_weight=145094 96010 49084.5 43693.5 25412 18281.5 11488 8847 616 95394 53910.5 41483.5 3205 19373.5 18877.5 34537 14658 19879 2447 38278.5 845 624 14437 8888 3799 18651.5 17249.5 10821.5 37433.5 15255
internal_count=145089 96006 49083 43692 25412 18280 11488 8847 616 95390 53910 41480 3205 19373 18877 34537 14658 19879 2447 38275 845 624 14437 8888 3799 18651 17249 10821 37430 15255
is_linear=0
shrinkage=0.03


Tree=42
num_leaves=31
num_cat=0
split_feature=76 67 37 56 11 39 58 3 58 31 6 53 85 68 11 60 59 26 61 0 10 3 51 80 27 79 58 21 30 71
split_gain=2.21124 2.74399 2.4318 2.41822 2.12518 2.11234 2.04537 2.03114 1.74218 1.84785 1.65246 1.62794 1.61538 1.5922 1.58295 1.50998 1.62699 2.32949 1.59665 2.11867 1.70888 2.00837 1.68627 1.47805 1.49407 1.46292 1.41556 1.37812 1.30605 1.30303
threshold=0.40344999730587011 0.51354998350143444 1.0000000180025095e-35 0.038949999958276756 0.061225000768899925 0.032625000923872001 14.534999847412111 -0.012785000260919331 13.659999847412111 0.17095000296831134 1.6915000081062319 0.08661499992012979 0.51695001125335704 0.23214999586343768 0.021525000222027305 -0.023084999993443486 0.96759998798370372 0.19655000418424609 0.0079200002364814299 -0.044445000588893883 0.39145000278949743 -0.015445000026375054 -0.23014999926090238 0.74584999680519115 2.7674999237060551 0.95164999365806591 13.375000000000002 0.6789500117301942 0.016359999775886539 19.500000000000004
decision_type=2 10 2 10 2 2 8 2 10 10 8 10 10 8 2 2 8 2 2 2 2 2 8 10 10 2 10 2 10 10
left_child=1 3 4 6 13 -3 8 10 9 -1 11 -5 -6 29 -15 16 17 -8 20 -20 -17 22 -22 24 -16 -9 -13 -7 -14 -2
right_child=2 5 -4 7 12 27 15 25 -10 -11 -12 26 28 14 23 18 -18 -19 19 -21 21 -23 -24 -25 -26 -27 -28 -29 -30 -31
leaf_value=0.0010049630869380037 -0.00050416982308260896 0.00015533846002120395 0.00016466853255291957 -0.0010554191184322275 -0.0016197685359286675 0.0007839251245336425 -0.003473459831314162 -4.6429338900351052e-05 -0.0012740863966608381 -0.00051073479006608362 -0.0026780550913640898 -0.0011901048125535754 0.00048083813304714365 0.00016027730156592619 -0.00037205598111208636 0.00040166141549121233 0.001139199091568209 0.000503266675430289 -0.0028243483764756666 0.00014559003720093639 0.0031228529795460191 -0.000264309308260284 0.0012289913691894314 3.2887441144740562e-05 0.0019026178079977177 0.0019212308638639154 0.000138648854339462 -0.0011929252061910541 -0.00084371369581337941 0.0010448393517593067
leaf_weight=1122 677 14142 24561 3234 1494 9931.5 315 7168 1307 2036 343 928 988 10493.5 32504 5992 244 228 227 4168 560 594 1734 12205 261 356 3231 327 2077 1752
leaf_count=1122 677 14138 24561 3234 1494 9931 315 7168 1307 2036 343 928 988 10492 32504 5992 244 228 227 4168 560 594 1734 12205 261 356 3231 327 2077 1752
internal_value=7.51345e-06 0.000150675 -8.82233e-05 -2.44001e-05 -0.000187682 0.000393091 0.000205935 -0.000304043 -0.000353403 2.79224e-05 -0.000645344 -0.000550686 -0.000811237 -0.000138564 -0.000171492 0.00038355 -0.000892464 -0.00180582 0.000459259 -8.41369e-06 0.000690701 0.00129005 0.00169247 -0.000248911 -0.000353879 4.6914e-05 -0.000158052 0.000720801 -0.000416728 0.000613077
internal_weight=145200 58187.5 87012.5 33787 62451.5 24400.5 18527 15260 4465 3158 7736 7393 4559 57892.5 55463.5 14062 787 543 13275 4395 8880 2888 2294 44970 32765 7524 4159 10258.5 3065 2429
internal_count=145194 58183 87011 33787 62450 24396 18527 15260 4465 3158 7736 7393 4559 57891 55462 14062 787 543 13275 4395 8880 2888 2294 44970 32765 7524 4159 10258 3065 2429
is_linear=0
shrinkage=0.03


Tree=43
num_leaves=31
num_cat=0
split_feature=75 11 74 11 68 52 77 62 7 17 62 58 28 58 57 53 66 25 17 46 71 77 28 28 53 63 0 67 41 12
split_gain=3.4583 2.08933 2.06786 1.93077 1.88099 1.64504 1.57631 1.57313 1.52238 1.43247 1.48252 1.42374 1.34623 1.43327 1.55402 1.42675 1.55519 1.34275 1.31667 1.58082 1.54555 1.56116 1.32946 1.5724 1.57502 1.42066 2.51452 1.36103 1.356 1.63932
threshold=0.39094999432563787 0.044594999402761466 -0.025304999202489849 0.038565000519156463 0.67535001039505016 0.51184999942779552 0.99805000424385082 0.4426999986171723 3.5724999904632573 -0.067824997007846818 -0.092025000602006898 9.9200000762939471 17.195000648498539 14.385000228881838 0.1134999990463257 0.076094999909400954 -0.030170000158250328 13.414999961853029 -0.032534999772906296 0.95104998350143444 153.50000000000003 0.95939999818801891 22.304999351501468 17.804999351501468 0.060465000569820411 -0.016540000215172764 -0.0089034996926784498 0.42544999718666082 -0.059724999591708176 0.61234998703002941
decision_type=2 2 10 2 8 8 2 2 10 2 2 10 10 10 10 10 2 2 2 2 8 2 10 10 10 2 2 8 2 2
left_child=2 7 -1 4 -4 -6 18 8 9 10 17 -11 -13 14 -14 -15 -17 -2 19 22 21 -20 23 24 28 26 -25 -26 29 -3
right_child=1 6 3 -5 5 -7 -8 -9 -10 11 -12 12 13 15 -16 16 -18 -19 20 -21 -22 -23 -24 25 27 -27 -28 -29 -30 -31
leaf_value=-1.6635700833010284e-05 0.0020547394506330542 -0.0013056565039894464 0.00010826267356027605 0.00077207707601972732 0.0018522343321990989 0.00040364397154328774 -0.0022402565913490842 -0.0024754583854647155 0.0025440886174442202 0.0024358211388118703 -0.00018213392058552281 0.0011393500682897865 0.00013483198620884598 -0.00061130979728342937 0.0010439428318278308 0.0010670878227077561 -0.00010694478861591534 0.00023975838400985635 0.00059379236522399644 -0.0016597883954814039 0.002117612177051257 -0.0019669146144328867 -0.0018199064993479458 0.0022799185098171929 -0.0022474519755190758 -0.0002584504682706522 -0.00023047233747437813 0.00024304859093316063 -0.0018982731629806171 0.00091769474173342071
leaf_weight=25471 412 882 20096 7376 1070 2070 413 238 204 243 45316 1129 7323 3981 2200 1232 5755 3287 804 911 386 291 549 585 226 8239 927 1518 1373 450
leaf_count=25471 412 882 20091 7376 1070 2070 413 238 204 243 45315 1129 7322 3981 2200 1232 5755 3287 804 911 386 291 549 585 226 8239 927 1518 1373 450
internal_value=-1.38891e-06 -0.000117791 0.00018307 0.000349233 0.000214978 0.000897704 -0.000410975 -4.56245e-05 -3.74541e-05 -4.492e-05 -0.000134993 0.000157013 0.000131289 7.56948e-05 0.000344942 -0.00015809 0.000100192 0.000442414 -0.000366771 -0.000447633 0.000487976 -8.7898e-05 -0.000372654 -0.000316576 -0.00078387 -0.00010331 0.000741675 -8.07913e-05 -0.00123697 -0.000554399
internal_weight=144957 88874 56083 30612 23236 3140 17554 71320 71082 70878 49015 21863 21620 20491 9523 10968 6987 3699 17141 15660 1481 1095 14749 14200 4449 9751 1512 1744 2705 1332
internal_count=144950 88872 56078 30607 23231 3140 17554 71318 71080 70876 49014 21862 21619 20490 9522 10968 6987 3699 17141 15660 1481 1095 14749 14200 4449 9751 1512 1744 2705 1332
is_linear=0
shrinkage=0.03


Tree=44
num_leaves=31
num_cat=0
split_feature=75 68 69 11 63 1 26 72 89 15 25 19 69 48 17 60 46 24 87 43 57 30 6 61 20 64 8 24 6 82
split_gain=3.2287 2.14418 1.59089 1.49241 1.67862 1.9189 1.63445 1.8458 1.64578 1.35937 1.53259 1.32188 1.31735 1.29338 1.29076 2.20562 1.27191 1.25561 1.61533 1.44941 1.5408 1.18271 1.71664 1.39198 1.54277 1.22665 1.22644 1.22533 1.17794 1.16306
threshold=0.45495000481605535 0.69064998626708995 1.1574999690055849 0.04373499937355519 -0.018885000608861443 0.027955000288784507 0.3213499933481217 6.5000000000000009 0.74164998531341564 -0.2955500036478042 25.414999961853031 0.12474999949336053 0.93735000491142284 1.0065000057220461 -0.59395000338554371 0.0017820000066421928 0.96525001525878917 -0.0090115000493824465 0.019020000472664837 -0.014365000184625385 0.1313000023365021 -0.4594500064849853 0.15585000067949298 0.0014630000223405661 0.44724999368190771 0.0075875001493841418 -0.084454998373985277 -0.013815000187605618 -0.025779999792575833 0.40344999730587011
decision_type=2 10 10 2 2 2 2 8 2 2 2 2 8 2 2 2 2 2 2 2 10 8 8 2 2 2 2 2 8 2
left_child=1 2 17 6 5 12 7 13 -9 -4 -11 -8 -5 -2 15 -6 -13 18 19 20 -1 22 -20 29 -25 27 -24 -26 -18 -23
right_child=3 -3 9 4 14 -7 11 8 -10 10 -12 16 -14 -15 -16 -17 28 -19 21 -21 -22 23 26 24 25 -27 -28 -29 -30 -31
leaf_value=0.0015151920524701752 0.0020313681208062916 0.00073397524665910925 -0.0025289189956298379 0.0025120296600490196 -0.0010703254802776965 -0.00073292782898319358 0.0012911280803139075 -0.00044667697795047832 -0.0019041768267194948 -0.00070172360621750026 0.00040451964938151866 2.5034204057092676e-05 0.00047673573685481159 -0.00063511825295294814 -0.00057081989309343349 0.0019717604956097584 -0.0016090018785134338 7.4110117273265474e-05 0.00040415141038870273 -0.0020746334738690744 -0.0009022737454735132 -0.00069260850359793174 0.0031967413510771928 0.00033058648297637971 -0.0036502161165206152 0.00033084124040145136 0.0012375233658316099 -0.00077964839940566737 -0.0002873155465136566 0.001132344950783411
leaf_weight=404 431 5122 258 401 385 868 692 6967 774 3089 1773.5 47139 996 263 14116 482 683 45097.5 2566 384 572 389 345 1232 261 259 1724 275 5391 1623
leaf_count=404 431 5122 258 401 385 868 692 6967 774 3089 1773 47138 996 263 14116 482 683 45091 2566 384 572 389 345 1232 261 259 1724 275 5391 1623
internal_value=-1.14514e-05 0.000144765 9.46648e-05 -0.000139768 -0.000386737 0.000374328 -7.14329e-05 -0.000459732 -0.000592635 -0.000411109 -0.000298243 -1.06648e-05 0.00106233 0.00102141 -0.000501805 0.000621215 -2.76177e-05 0.000141647 0.00044515 -0.000515859 9.89252e-05 0.000595869 0.000922834 0.000220521 -0.000334274 -0.00136372 0.0015656 -0.00218164 -0.000436175 0.00077934
internal_weight=144962 65374 60252 79588 17248 2265 62340 8435 7741 5120.5 4862.5 53905 1397 694 14983 867 53213 55131.5 10034 1360 976 8674 4635 4039 2027 795 2069 536 6074 2012
internal_count=144954 65367 60245 79587 17248 2265 62339 8435 7741 5120 4862 53904 1397 694 14983 867 53212 55125 10034 1360 976 8674 4635 4039 2027 795 2069 536 6074 2012
is_linear=0
shrinkage=0.03


Tree=45
num_leaves=31
num_cat=0
split_feature=87 53 68 8 49 25 6 80 71 58 31 60 52 53 71 3 8 2 26 30 50 57 17 80 14 58 64 71 77 11
split_gain=2.52191 2.81285 2.30545 2.06135 2.00042 1.81507 1.73772 1.68137 2.29467 1.90848 1.8168 1.70948 1.65151 2.31271 1.63577 1.87099 1.63351 1.61858 1.55532 1.51477 1.47076 1.45506 1.52015 1.43619 1.44656 1.38904 1.79755 1.38499 1.39671 1.37729
threshold=0.65174999833107006 0.011795000173151495 0.60965001583099376 0.03448500111699105 0.47435000538825994 35.204999923706062 0.10494999960064889 0.52535000443458568 29.500000000000004 25.750000000000004 0.16465000063180926 -0.0017310000257566569 1.7304999828338625 -0.091765001416206346 18.500000000000004 0.032935000956058509 0.062715001404285445 -0.02060499973595142 0.85005000233650219 0.78665000200271618 -0.024504999630153176 0.19974999874830249 -0.10934999957680701 0.2144500017166138 0.064245000481605544 29.479999542236332 -0.0041314999107271424 28.500000000000004 0.8696500062942506 0.037434998899698264
decision_type=2 8 10 2 8 2 10 8 8 10 10 2 10 10 10 2 2 2 2 8 8 8 2 10 2 10 2 8 2 2
left_child=2 3 5 17 6 12 -4 8 10 21 -3 -12 14 -14 15 -1 -13 -2 -11 -5 -7 -9 -23 -16 -25 -8 -27 -19 -29 -26
right_child=1 7 4 19 -6 20 25 9 -10 18 11 16 13 -15 23 -17 -18 27 -20 -21 -22 22 -24 24 29 26 -28 28 -30 -31
leaf_value=-0.00036924480560408877 -0.0010494907518115895 -0.00051698113862971807 0.00015915994447827104 -0.0011311371901039893 -0.0014534834870782323 0.00082676532474142725 0.00083634626677898071 0.00020410864210762141 -0.00050351534941556642 1.5811976868866412e-05 0.0014517885462678045 -0.00015944601279517312 0.0017454738681008041 -0.0011049225264144272 -0.00021975758234154061 0.00034754713611765233 0.0019842878047880816 0.00039814581672616481 -0.0018921817600117384 0.00010488047531874235 9.6679687622616792e-05 -0.00055211299999815514 0.0016450930942205563 0.00026585539938391245 -0.00080356291910410008 -0.0023474943933894069 0.0010448644707327362 -7.016700359200127e-05 -0.0010926771044377608 0.00049611128110146462
leaf_weight=16226 1827 1909 9374 5064 512 4199 8532 14208 9919 906 1401 2211 288 2261 9585 4106 373 3516 667 1083 6076.5 365 1260 29238.5 2303 289 272 4382 1656 1076
leaf_count=16226 1827 1909 9374 5064 512 4199 8530 14207 9919 906 1401 2211 288 2261 9585 4106 373 3516 667 1083 6076 365 1260 29236 2303 289 272 4382 1656 1076
internal_value=7.24859e-06 -0.000163284 9.89837e-05 -0.000470752 0.000394494 2.45557e-05 0.000445806 -1.03964e-06 -0.000224957 0.000202386 0.000243834 0.000608338 -3.39477e-05 -0.000782311 -3.43123e-06 -0.00022448 0.00015065 -0.00023162 -0.000793924 -0.00091339 0.000395075 0.000301413 0.00115153 0.000103067 0.000197936 0.00074126 -0.000703782 -7.5126e-05 -0.000350738 -0.000389674
internal_weight=145085 50747 94338 17528 18979 75359 18467 33219 15813 17406 5894 3985 65083.5 2549 62534.5 20332 2584 11381 1573 6147 10275.5 15833 1625 42202.5 32617.5 9093 561 9554 6038 3379
internal_count=145079 50746 94333 17528 18977 75356 18465 33218 15813 17405 5894 3985 65081 2549 62532 20332 2584 11381 1573 6147 10275 15832 1625 42200 32615 9091 561 9554 6038 3379
is_linear=0
shrinkage=0.03


Tree=46
num_leaves=31
num_cat=0
split_feature=67 80 75 8 53 71 5 76 21 79 53 1 78 66 2 51 70 30 64 5 80 46 60 63 51 63 71 48 6 68
split_gain=2.53819 2.06548 2.20353 1.96878 1.90782 1.71918 1.71406 1.6085 1.6036 2.31666 1.55554 1.94747 1.70582 1.49053 1.49667 1.39984 1.39073 1.50417 1.36963 1.43328 1.74668 1.43607 1.42156 1.92279 1.36956 1.54982 1.31825 1.29025 1.69372 1.36098
threshold=0.69034999608993541 0.51714998483657848 0.96885001659393322 -0.067354999482631669 -0.01480499980971217 46.500000000000007 0.20484999567270282 0.36255000531673437 0.71064999699592601 0.96205002069473278 0.0039514999371021995 0.040345000103116042 0.45614999532699591 0.026364999823272232 0.13925000280141833 -0.35044999420642847 0.67624998092651378 0.77665001153945934 0.025035000406205658 -0.29444999992847437 0.015579999890178444 0.37465000152587896 -0.0015955000417307017 0.013224999886006119 -0.28904999792575831 -0.0095549998804926855 3.5000000000000004 0.79835000634193432 -0.32244999706745142 0.2864499986171723
decision_type=10 10 2 2 10 8 2 2 2 2 8 2 2 2 2 10 10 8 2 2 10 2 2 2 10 2 8 2 8 8
left_child=1 2 5 6 7 18 -3 -2 10 -10 11 15 -12 14 -4 -5 17 -7 19 20 -1 27 24 -24 -22 -26 -17 28 -21 -29
right_child=4 3 13 8 -6 16 -8 -9 9 -11 12 -13 -14 -15 -16 26 -18 -19 -20 21 22 -23 23 -25 25 -27 -28 29 -30 -31
leaf_value=-0.0014648170914894356 0.0005264884128597236 0.0004040181275062147 -0.0013890731463834527 -0.002426818083040416 0.00055367119640145135 -0.00066001527503313311 0.002204388229911221 -0.00048060087680955235 -0.00016472912038037948 -0.0034283744053467328 -0.00013011071599613043 -0.00079940118610600998 0.00030230251731682887 -0.0023695556732902254 0.00050371635111878278 -0.0013214184953858274 -0.00014722973650266587 0.0015526740164097741 -0.00098964662154219169 0.0023678213577167646 -0.001191143533150095 0.00014253063194613171 0.0010795886748506485 0.0039774674252540665 0.0031404557808915653 -0.00029945225266804319 9.0973438093535351e-05 -0.0016784539410621788 -9.7920277305909016e-07 -0.00035911067511297664
leaf_weight=289 2302 1541 911 211 12200 9355 688 3753 616 286 11584.5 3462 28187.5 600 639 621 17792 284 1193 292 412 20653 1119 252 204 277 13572 777 3730 7381
leaf_count=289 2302 1541 911 211 12200 9355 688 3753 616 286 11584 3462 28184 600 639 621 17792 284 1193 292 412 20653 1119 252 204 277 13569 777 3730 7381
internal_value=6.87375e-06 -4.06973e-05 -0.000156679 8.55742e-05 0.000337624 -0.000124939 0.000960457 -9.77003e-05 5.22458e-05 -0.00120219 7.18976e-05 -0.000160629 0.000176352 -0.00110114 -0.000608934 -7.05486e-06 -0.000304471 -0.000594667 9.69822e-06 4.3417e-05 0.000727974 -9.83268e-06 0.00100841 0.00161475 7.67376e-05 0.00116296 2.9087e-05 -0.000268178 0.000171543 -0.00048496
internal_weight=145184 126929 66160 60769 18255 64010 2229 6055 58540 902 57638 17866 39772 2150 1550 14404 27431 9639 36579 35386 2553 32833 2264 1371 893 481 14193 12180 4022 8158
internal_count=145177 126922 66160 60762 18255 64010 2229 6055 58533 902 57631 17863 39768 2150 1550 14401 27431 9639 36579 35386 2553 32833 2264 1371 893 481 14190 12180 4022 8158
is_linear=0
shrinkage=0.03


Tree=47
num_leaves=31
num_cat=0
split_feature=67 75 80 53 39 5 1 25 9 58 68 21 76 52 87 29 79 81 39 24 57 52 81 56 71 14 60 3 4 54
split_gain=2.45488 2.19507 2.47206 2.04272 2.03175 2.11328 1.83204 1.79294 2.78263 1.50807 1.47329 1.41576 1.25903 1.23092 1.34431 1.18189 1.84493 1.18099 1.62781 2.1732 1.58727 1.80365 2.05949 1.62944 1.37021 1.5812 1.74565 1.33627 1.25739 1.24839
threshold=0.75784999132156383 0.87344998121261608 0.97374999523162853 0.078675001859664931 0.036975000053644187 0.071185000240802779 0.23250000178813937 31.814999580383304 0.032575000077486045 18.82499980926514 0.4520500004291535 0.34405000507831579 0.75049999356269848 1.813499987125397 0.96205002069473278 0.72224998474121105 0.983249992132187 0.03480499982833863 0.036144999787211425 -0.0028664999408647414 0.2311000004410744 1.094500005245209 0.2986499965190888 0.026539999991655353 596.50000000000011 0.10445000231266023 0.0080094998702406901 0.020905000157654289 0.18284999579191211 -0.16014999896287915
decision_type=10 2 10 10 2 2 2 2 2 8 10 2 2 10 2 10 2 2 2 2 10 10 2 10 8 2 2 2 2 10
left_child=1 7 4 9 5 -3 11 13 -9 -2 12 -6 -7 14 17 16 -10 -1 19 -19 21 -21 -23 -24 25 27 -27 -20 -28 -29
right_child=3 2 -4 -5 6 10 -8 8 15 -11 -12 -13 -14 -15 -16 -17 -18 18 24 20 -22 22 23 -25 -26 26 28 29 -30 -31
leaf_value=-0.00064689357071648725 0.0005771329284759353 -0.00072875512441838183 0.001307306242760177 0.00097784858955405674 -0.0017300706335916353 -0.00075036580616142593 -0.0027103581996333293 0.00044283527781226379 -0.00062215853168405978 -0.00035543605683153242 -0.00022445476529587473 -0.00050650637008042626 0.00099190069404689134 -0.00079849101273685218 -0.0017470803007017821 0.00020700044611964659 0.0020240609223830951 -0.00037825359246016431 0.00020059075736516711 0.00019809072480601571 -0.00075530497698022886 -0.00084400430591562376 0.00052224353399809762 -0.00038376079037411796 -0.00025033586160849925 -0.0010345449333558393 -0.00068961379374479098 0.0018612468027365855 0.002276582151024165 0.00057021845982471633
leaf_weight=2701 3095 3448 775 3964 992 444 424 17769.5 4985 3146 3332 5970 2322 1954 411 3648 248 17595 13833 27098 2234 3617.5 3311 3878 5352 1500 228 768 293 5482
leaf_count=2701 3095 3448 775 3964 992 444 424 17768 4985 3146 3332 5970 2322 1954 411 3648 248 17593 13833 27095 2234 3617 3311 3878 5352 1500 228 768 293 5482
internal_value=-3.21245e-06 -3.72223e-05 -0.00034849 0.000445367 -0.00042435 -0.000135258 -0.000797917 9.92596e-06 0.000226128 0.000107056 0.000200388 -0.000681073 0.000712061 -5.39157e-05 -3.74304e-05 -0.00020747 -0.000496387 -2.94158e-05 -9.8308e-06 -0.000100265 2.15993e-05 6.74069e-05 -0.000260279 3.35275e-05 0.000180328 0.000284611 -0.000515063 0.000365106 0.000979681 0.000729132
internal_weight=144818 134613 17707 10205 16932 9546 7386 116906 26650.5 6241 6098 6962 2766 90255.5 88301.5 8881 5233 87890.5 85189.5 57733.5 40138.5 37904.5 10806.5 7189 27456 22104 2021 20083 521 6250
internal_count=144811 134606 17707 10205 16932 9546 7386 116899 26649 6241 6098 6962 2766 90250 88296 8881 5233 87885 85184 57728 40135 37901 10806 7189 27456 22104 2021 20083 521 6250
is_linear=0
shrinkage=0.03


Tree=48
num_leaves=31
num_cat=0
split_feature=75 46 70 0 74 6 41 72 53 58 0 25 20 32 54 6 5 28 63 68 65 0 77 25 89 17 53 74 69 74
split_gain=1.9097 1.67204 2.28101 1.74051 1.49022 1.43927 1.69423 2.02338 2.19968 1.9733 1.77327 1.58196 1.54619 1.47938 1.48297 1.33504 1.65113 2.49618 2.04089 1.92392 1.50023 1.47793 1.4213 1.4788 1.70795 1.39496 1.64316 1.30635 1.95625 1.29584
threshold=0.46209999918937689 0.60855001211166393 0.75185000896453869 0.096330001950263991 0.08456000313162805 -0.4586500078439712 0.098515000194311156 4.5000000000000009 -0.0037965000374242659 18.420000076293949 -0.014574999921023844 21.355000495910648 0.34125000238418585 0.20674999803304675 1.0000000180025095e-35 -0.74399998784065235 -0.31434999406337732 20.464999198913578 0.012725000269711019 0.55134999752044689 -0.0047480000648647538 0.033464999869465835 0.022900000214576725 30.054999351501468 0.06397500261664392 -0.68445000052452076 -0.20695000141859052 0.046524999663233764 0.99505001306533825 -0.011204999871551989
decision_type=2 2 10 2 10 8 2 8 10 8 2 2 2 10 10 10 2 10 2 10 10 2 2 2 2 2 10 8 10 8
left_child=15 2 -2 4 5 -3 10 -8 9 -9 29 12 -10 14 -14 -1 17 18 20 21 -17 22 -18 -24 -25 -22 -27 28 -13 -7
right_child=1 3 -4 -5 -6 6 7 8 11 -11 -12 27 13 -15 -16 16 19 -19 -20 -21 25 -23 23 24 -26 26 -28 -29 -30 -31
leaf_value=-0.0010843507949892183 -0.00058031916321043295 0.001795173614127725 -7.6171509269607957e-05 -0.0020324310362024381 0.001075483652642162 -0.00026331528622035343 -0.0018541985422601563 -0.00013545797894415392 -0.00044164081528315087 -0.001747163782218132 4.6549916384044992e-05 -0.00094842327116115071 0.00051171915411991485 0.00020657389193162731 0.0028020073010132048 -0.0018202404624705799 -0.00095836617462959235 0.0019268160709502735 0.0017263002385556855 0.00033206391602094931 -0.0018901059409476997 -0.0011891867080624473 -7.1463433450420389e-05 0.0016836240772808075 0.00023455883695356974 0.0030290985815302589 0.00011243105030487915 0.00018894997713428437 0.00026619181048478631 0.0011823333821328838
leaf_weight=829 12817 399 21839 369 1201 742 683 1344 888 1391 22960 3383 439 952 606 427 1340.5 1117 618 20030.5 242 958 29886 794 9254 207 1059 4231 1843 2246
leaf_count=829 12817 399 21839 369 1201 742 683 1344 888 1391 22960 3383 439 952 606 427 1340 1117 618 20026 242 958 29886 794 9253 207 1059 4231 1843 2245
internal_value=-6.56056e-06 -0.000107038 -0.000262634 1.64254e-05 3.3929e-05 4.1963e-06 -1.29797e-05 -0.000258313 -0.000185899 -0.000955498 0.000136032 -1.5292e-05 0.000599522 0.00106248 0.00184128 0.000111331 0.000126381 0.000744656 0.00022688 8.99261e-05 -0.000252649 -2.49229e-05 2.12832e-06 3.43933e-05 0.000349221 0.000192136 0.000591341 -0.000202894 -0.000520108 0.000823372
internal_weight=145095 78333 34656 43677 43308 42107 41708 15760 15077 2735 25948 12342 2885 1997 1045 66762 65933 3670 2553 62263 1935 42232.5 41274.5 39934 10048 1508 1266 9457 5226 2988
internal_count=145088 78332 34656 43676 43307 42106 41707 15760 15077 2735 25947 12342 2885 1997 1045 66756 65927 3670 2553 62257 1935 42231 41273 39933 10047 1508 1266 9457 5226 2987
is_linear=0
shrinkage=0.03


Tree=49
num_leaves=31
num_cat=0
split_feature=68 53 71 45 85 5 16 54 67 31 1 79 83 59 66 22 0 63 18 71 50 81 87 61 48 54 41 87 58 68
split_gain=2.03604 2.3378 1.87639 1.912 1.7814 2.07527 1.66087 1.55805 1.55138 3.13054 1.50294 1.68958 1.47936 1.36692 1.69019 1.46939 1.38498 1.34392 1.31586 1.3032 1.52433 1.4474 1.33547 1.25494 1.1948 1.15025 1.16974 1.14821 1.45493 1.28878
threshold=0.68145000934600841 0.065425001084804549 681.50000000000011 0.95284998416900646 0.51695001125335704 -0.35244999825954432 -0.108449999243021 0.051854999735951431 0.35435000061988836 0.19884999841451648 0.084514997899532332 0.88765001296997081 0.92745000123977672 0.3502000123262406 -0.018944999203085896 -0.51164999604225148 -0.020015000365674492 -0.02173999976366758 0.11914999783039094 4.5000000000000009 -0.059195000678300851 0.039349999278783805 0.76405000686645519 0.00087715001427568506 2.1605000495910649 0.46355000138282781 0.18204999715089801 0.91425001621246349 15.214999675750734 0.40064999461174017
decision_type=10 10 8 2 10 2 2 10 8 10 2 2 8 10 2 2 2 2 2 10 10 2 2 2 2 10 2 2 10 10
left_child=2 -2 3 4 10 13 7 -5 9 -4 19 -12 -3 -6 15 -15 -16 -8 -10 22 21 -21 23 -1 -7 26 -19 28 -11 -30
right_child=1 12 8 6 5 24 17 -9 18 27 11 -13 -14 14 16 -17 -18 25 -20 20 -22 -23 -24 -25 -26 -27 -28 -29 29 -31
leaf_value=-0.00020071574679124849 3.4636537804695876e-05 0.0010205394843526164 0.00038701716896635011 -0.00069843456982874241 -0.0011988744089779044 0.00011414106196945823 -0.0025048113075014124 -0.0031080801067185177 -0.00093713763819208067 -0.0024954473896019432 -0.0005205989628586415 -0.0031975131690043452 -0.00059520812782327655 -0.00043243129397031342 0.00060672665488363151 0.002303134757627071 0.0029218010063174161 -0.00016627120514945911 -6.7735950579378708e-05 -0.0013949562783946621 -4.3708861131064245e-05 0.00090590466926701368 0.0010616503320482931 -0.0014795255835830675 0.00093342796465920919 0.0017610249687441365 -0.0018474637037143111 -0.003204871596039471 0.00023153542117366528 -0.0021810699030585063
leaf_weight=1340 7764 4797 997 758 209 48305 229 354 1827 580 1022 267 570 608 348 248 704 8299 10966 272 46984 2502 368 1425 1656 265 389 365 601 297
leaf_count=1340 7764 4797 997 758 209 48301 229 354 1827 580 1022 267 570 608 348 248 704 8299 10966 272 46980 2502 368 1425 1656 265 389 365 601 297
internal_value=1.11993e-05 0.000367472 -2.41946e-05 1.72019e-05 5.50226e-05 0.00018031 -0.000373163 -0.00146764 -0.000332808 -0.000966973 -6.54053e-05 -0.00107714 0.000848861 0.00110009 0.00135241 0.000361879 0.00215728 -0.00024047 -0.000191961 -4.07286e-05 -3.35627e-06 0.000679876 -0.000634082 -0.000860073 0.000141315 -0.000182279 -0.00024175 -0.00169925 -0.00132551 -0.000567936
internal_weight=145316 13131 132185 116552 106258 52078 10294 1112 15633 2840 54180 1289 5367 2117 1908 856 1052 9182 12793 52891 49758 2774 3133 2765 49961 8953 8688 1843 1478 898
internal_count=145308 13131 132177 116544 106250 52074 10294 1112 15633 2840 54176 1289 5367 2117 1908 856 1052 9182 12793 52887 49754 2774 3133 2765 49957 8953 8688 1843 1478 898
is_linear=0
shrinkage=0.03


Tree=50
num_leaves=31
num_cat=0
split_feature=80 75 20 85 77 72 19 65 28 67 76 67 68 51 9 52 10 70 83 74 66 87 72 24 12 81 68 68 9 62
split_gain=2.51058 2.3913 1.82087 1.74985 1.65954 1.59889 1.68247 1.55785 1.54307 1.50942 1.59694 1.33848 1.33596 1.35374 1.33033 1.14943 1.24994 1.17123 1.14304 1.123 1.38666 1.27193 1.12048 1.0626 1.05945 1.33751 1.34869 1.53586 1.06181 1.03337
threshold=0.8696500062942506 0.96885001659393322 0.60615000128746044 0.60040000081062328 0.046945000067353256 4.5000000000000009 0.27154999971389776 0.016869999468326572 16.494999885559086 0.58004999160766613 0.79295000433921825 0.69734999537467968 0.41054999828338629 0.046514999121427543 -0.096895001828670488 0.52744999527931224 0.65324997901916515 1.7565000057220461 0.97965002059936535 -0.03111500013619661 0.059870000928640373 0.15734999626874926 6.5000000000000009 -0.0070585000794380895 0.96244999766349804 0.96205002069473278 0.27564999461174017 0.42184999585151678 0.071465000510215773 0.0041990000754594812
decision_type=10 2 2 8 2 10 2 10 10 10 2 10 8 8 2 10 2 8 8 8 2 2 8 2 2 2 10 10 2 2
left_child=1 3 14 5 -4 11 -7 9 -9 29 18 -1 13 -3 -2 -6 17 -17 22 20 21 -16 -11 -8 25 -21 -27 -28 -29 -5
right_child=2 12 4 7 15 6 23 8 -10 10 -12 -13 -14 -15 19 16 -18 -19 -20 24 -22 -23 -24 -25 -26 26 27 28 -30 -31
leaf_value=-0.00021674473398778155 0.001818886100313349 -0.0011883552773022683 -0.003175566770550726 0.000109728205185707 -0.0023279002595710443 0.00081080132642136671 0.0010656385218949327 -0.001459212828963503 0.0012586298363519034 0.0017942867724413981 -0.00033069487612766144 0.00019015919065764188 -0.0011849123779144799 0.00084209239734525968 -0.0015654695986268051 0.0001400809103723019 0.0015128633633592356 -0.0022187117299270029 -0.0015661907576334972 0.0004948856026278938 -0.0026989552776204113 0.00041083220576586108 0.00047579178514509373 -0.00047970379025734974 0.0025309651341332597 0.0015354766612771249 -0.0032332194184450658 0.00031227606705228311 -0.0021208957657484657 -0.00022615968515117982
leaf_weight=59114.5 577 496 201 19338 211 3219 487 211 1670 616 2534 8296 2573 728 383 658 375 265 233 13690.5 200 1237 9744 2232 214 229 218 558 226 14367
leaf_count=59110 577 496 201 19338 211 3219 487 211 1670 616 2534 8296 2573 728 383 658 375 265 233 13688 200 1237 9744 2232 214 229 218 558 226 14367
internal_value=-6.7997e-06 -5.55939e-05 0.000312333 -3.25271e-05 -0.000621862 -0.000125094 0.000346798 0.000106853 0.000953144 7.28426e-05 0.000345739 -0.000166666 -0.000796917 1.89982e-05 0.000403478 -0.000279829 5.46364e-05 -0.000538814 0.000507568 0.000355207 -0.000348721 -5.70821e-05 0.000554354 -0.000202628 0.00043987 0.000409712 -0.000537172 -0.00101192 -0.000390931 -3.34489e-05
internal_weight=145101 125858 19242.5 122062 1710 73348.5 5938 48713 1881 46832 13127 67410.5 3797 1224 17532.5 1509 1298 923 10593 16955.5 1820 1620 10360 2719 15135.5 14921.5 1231 1002 784 33705
internal_count=145094 125854 19240 122057 1710 73344 5938 48713 1881 46832 13127 67406 3797 1224 17530 1509 1298 923 10593 16953 1820 1620 10360 2719 15133 14919 1231 1002 784 33705
is_linear=0
shrinkage=0.03


Tree=51
num_leaves=31
num_cat=0
split_feature=82 67 57 41 81 60 61 18 53 28 89 67 2 12 1 71 67 59 72 83 5 28 63 61 59 66 65 19 1 57
split_gain=2.15482 2.83662 1.91803 2.50853 1.88985 1.95992 1.86857 1.80541 1.79607 2.34969 2.23215 1.86263 2.04339 1.51473 1.73238 1.4747 2.23384 1.46988 1.9519 1.71606 1.45019 1.70621 3.94295 1.40281 1.78488 1.3465 2.28636 2.22778 1.85654 1.76289
threshold=0.92054998874664318 0.29755000770092016 0.16565000265836718 0.082465000450611128 0.33855000138282781 -0.0090805003419518453 -0.0030904999002814289 1.6844999790191653 0.035635000094771392 20.445000648498539 0.8696500062942506 0.54215002059936535 -0.090625002980232225 0.74334999918937694 0.034014999866485603 61.500000000000007 0.33904999494552618 0.86410000920295726 4.5000000000000009 0.43704999983310705 -0.27654999494552607 18.355000495910648 -0.014644999988377093 0.009771000128239395 0.80359998345375072 -0.028049999848008152 -0.0074159998912364236 0.40835000574588781 -0.021525000222027298 0.22594999521970752
decision_type=2 10 10 2 2 2 2 2 8 10 2 10 2 2 2 8 8 8 8 10 2 10 2 2 10 2 10 2 2 10
left_child=8 2 4 23 5 -2 -7 -3 10 11 20 12 -10 14 -8 -14 -17 18 -11 -19 21 22 -1 24 -4 28 -27 -28 29 -23
right_child=1 7 3 -5 -6 6 13 -9 9 17 -12 -13 15 -15 -16 16 -18 19 -20 -21 -22 25 -24 -25 -26 26 27 -29 -30 -31
leaf_value=-0.0021131101154177861 0.00093269888752560437 -0.00017372280775535185 0.0003054329923346788 -0.0012717473814554674 -0.00042216977436867331 -0.0037446912598317942 -0.0015470621117260825 0.0011524518527371607 0.0016074889851924168 -0.0011274485888519315 -0.00063487987171075878 0.00052807182226792852 0.0002590093801948567 0.00015012209401665249 -0.0043845736246620271 -0.0012001543241780845 -3.9864082410794968e-06 -0.00040882454564745155 -6.2693283270046381e-05 0.00098638065153051186 -7.9472945613810983e-05 0.0026652102362869239 0.00057795717939679693 -0.00093097913630686669 0.0029834820218789188 -0.0013072971359741551 0.00065696830325448117 0.0027439577133801596 -0.0013944068605694878 -0.0003931220921021069
leaf_weight=679 225 4282 573 952 1662 443 1189 1177 795 1639 6027 16905 13446 367 231 1747 7163 1188 28093 2385 48454 321 1753 325 367 259 923 919 471 358
leaf_count=679 225 4282 573 952 1662 443 1189 1177 795 1639 6027 16905 13446 367 231 1747 7163 1188 28091 2385 48450 321 1753 325 367 259 923 919 471 358
internal_value=-1.06684e-07 -0.000388808 -0.0008207 -0.000109213 -0.00120372 -0.00173242 -0.00200162 0.000112369 3.42263e-05 0.000133866 -8.72701e-05 0.000288679 0.000113858 -0.00156766 -0.00201142 6.06732e-05 -0.00023863 -5.23302e-05 -0.000121425 0.000522499 -2.62948e-05 0.000427043 -0.000173933 0.000765988 0.00135307 0.000876534 0.00132806 0.00169912 5.11788e-05 0.00105451
internal_weight=145318 11793 6334 2217 4117 2455 2230 5459 133525 73361 60164 40056 23151 1787 1420 22356 8910 33305 29732 3573 54137 5683 2432 1265 940 3251 2101 1842 1150 679
internal_count=145312 11793 6334 2217 4117 2455 2230 5459 133519 73359 60160 40056 23151 1787 1420 22356 8910 33303 29730 3573 54133 5683 2432 1265 940 3251 2101 1842 1150 679
is_linear=0
shrinkage=0.03


Tree=52
num_leaves=31
num_cat=0
split_feature=50 53 28 42 63 67 81 48 89 20 13 7 68 62 52 19 43 50 42 53 32 61 62 68 52 48 28 5 7 28
split_gain=2.72017 1.7929 2.56051 2.13444 1.84426 1.49801 1.63618 1.45978 1.37694 1.63741 2.14874 1.36683 1.29811 1.28689 1.25533 1.24944 1.21698 1.23887 2.47033 1.21072 1.28648 1.20824 1.19112 1.17923 1.16804 1.16358 1.32943 1.15591 1.84424 1.77348
threshold=-0.016204999759793278 0.045505000278353698 20.545000076293949 0.15425000339746478 0.023249999620020393 0.46334999799728399 0.16944999992847445 0.95195001363754284 0.97904998064041149 0.43514999747276312 0.65000000596046459 1.4764999747276308 0.42925000190734869 -0.092025000602006898 1.1004999876022341 0.33924999833107 -0.037565000355243676 0.074990000575780882 0.44379998743534094 0.11874999850988389 0.36755000054836279 0.0069454999174922713 -0.052384998649358742 0.26784999668598181 0.82064998149871837 1.5724999904632571 21.445000648498539 -0.31434999406337732 -0.1564499959349632 20.765000343322757
decision_type=8 10 10 2 2 10 2 2 2 2 2 10 8 2 8 2 2 8 2 10 10 2 2 8 8 2 10 2 10 10
left_child=7 8 3 5 16 6 21 14 -2 -10 -11 24 -6 -9 -1 -13 25 19 -19 20 -18 -3 -5 -8 -7 -4 -27 29 -29 -15
right_child=1 2 4 22 12 11 23 13 9 10 -12 15 -14 27 -16 -17 17 18 -20 -21 -22 -23 -24 -25 -26 26 -28 28 -30 -31
leaf_value=0.00016767171384662229 -0.00019264248193592617 -0.0011008304331527165 -0.0015815950295643981 0.0007264387186132435 0.0033506949372199731 0.00068619807103973676 0.0016395866940924629 -0.00043528536986877628 -0.0026498397115052434 -0.0014641534379871489 0.0019342587566236974 0.00076487180504376405 0.00031595899780742059 0.00054846142326572215 -0.00031509878150023533 0.0036574518436682407 0.00027775892016546137 0.00096494843853740775 -0.002317147283140033 -0.00045443180156921453 -0.00054493093745276071 0.00058893646818812453 -0.00047278176368436019 0.00017806826568199114 3.8539497737391767e-05 0.0019685508971722678 -0.0014424893222224789 -0.00026855318571579934 0.0004914935053691265 0.0025744096938817773
leaf_weight=17000 44041.5 1523 1083 877 214 8845 528 1683 450 519 246 307 310 1348 6780 239 5620.5 1646 235 11199 2458 507 4938 8185 3497 208.5 201 3485 16353.5 546
leaf_count=17000 44039 1523 1083 877 214 8845 528 1683 450 519 246 307 310 1348 6780 239 5619 1646 235 11199 2458 507 4938 8185 3497 208 201 3485 16352 546
internal_value=8.51152e-06 -8.16943e-05 3.73802e-05 0.00022303 -0.000198504 0.00034973 8.80978e-05 0.000195585 -0.000220143 -0.00121602 -0.000370232 0.000567793 0.00155936 0.000363718 3.00198e-05 0.00203541 -0.000239237 -0.000180807 0.000553891 -0.00025252 2.74072e-05 -0.000678723 -0.000291825 0.000266813 0.000502708 -0.0010669 0.000294832 0.000425612 0.00035797 0.00113355
internal_weight=145073 97877.5 52621 29446 23175 23631 10743 47195.5 45256.5 1215 765 12888 524 23415.5 23780 546 22651 21158.5 1881 19277.5 8078.5 2030 5815 8713 12342 1492.5 409.5 21732.5 19838.5 1894
internal_count=145067 97873 52619 29446 23173 23631 10743 47194 45254 1215 765 12888 524 23414 23780 546 22649 21157 1881 19276 8077 2030 5815 8713 12342 1492 409 21731 19837 1894
is_linear=0
shrinkage=0.03


Tree=53
num_leaves=31
num_cat=0
split_feature=75 69 79 17 75 72 74 64 43 61 42 61 78 53 59 52 58 52 2 53 23 82 61 83 89 0 58 74 0 0
split_gain=2.00634 1.70089 1.73595 1.48774 1.47291 1.38583 1.32206 1.36715 1.3178 1.53055 1.30751 1.43937 2.48289 1.48143 1.81108 1.59883 1.5886 2.08439 1.67751 1.52792 1.57916 1.45629 1.31749 1.54051 1.72079 1.27159 1.24538 1.22796 1.20877 1.19428
threshold=0.7145499885082246 1.0115000009536745 0.99445000290870678 -0.068865001201629625 0.99805000424385082 4.5000000000000009 0.062445001676678664 0.0045185000635683545 -0.029125000350177285 0.017729999497532848 -0.1060499995946884 -0.019770000129938122 0.68615001440048229 0.035635000094771392 0.98765000700950634 0.81665000319480907 27.909999847412113 1.1064999699592593 0.048785001039505012 0.25225000083446508 69.604999542236342 0.78654998540878307 -0.02933000028133392 0.022965000011026863 0.1155500002205372 0.01291499985381961 11.864999771118166 -0.029110000468790528 0.017235000617802147 -0.0075544998981058589
decision_type=2 10 2 2 2 10 10 2 2 2 2 2 2 8 8 8 10 10 2 10 2 2 2 10 2 2 10 10 2 2
left_child=5 2 4 -3 8 6 10 26 9 25 22 12 -12 14 21 -15 18 -18 27 20 -20 28 -1 24 -24 -2 -8 -17 -13 -7
right_child=1 3 -4 -5 -6 29 7 -9 -10 -11 11 13 -14 15 -16 16 17 -19 19 -21 -22 -23 23 -25 -26 -27 -28 -29 -30 -31
leaf_value=-0.00082629645239551701 -0.00057523096425842238 -0.00015144068298815941 0.0016134469186277675 0.0004487802352590101 -0.0020017768650656734 0.00095235532642969425 -0.0018743126355058018 0.0014142910857140381 -0.00023779753889862439 0.00086949102593418808 2.107038329375778e-05 -2.8174654216212372e-06 0.0017131063477797068 0.0002377291254921817 -0.0012599843131269948 -0.00058005638856398363 0.00011565059721251503 0.0029298780881442284 0.0010274287797647883 -0.00080155039337933697 -0.00081012787222283606 -0.00065617064650542534 -0.0011025964460998055 0.00053097097804868541 0.0011467917473774378 -0.0017992281774131032 0.00041405404860341195 -8.9995434032468286e-05 -0.00070565580013952096 0.00017481077678772446
leaf_weight=858 1832 10286 407 5818 481 2794 238 1233 21233 406 2452 21941.5 1144 22002 1427 7546 756 344 2483 745 506 4583 1121 9800 420 1311 2049 11793 2447 4887
leaf_count=858 1832 10286 407 5818 481 2794 238 1233 21233 406 2452 21936 1144 22001 1427 7546 756 344 2483 745 506 4583 1121 9799 420 1311 2049 11793 2447 4887
internal_value=-7.63058e-07 -0.000176265 -0.000327882 6.54196e-05 -0.000359221 7.00255e-05 3.89643e-05 0.00060951 -0.00032726 -0.000862283 1.72155e-05 -2.68148e-05 0.000559687 -5.43647e-05 -0.000216991 5.26997e-05 -0.000115715 0.000997598 -0.000168833 0.000413237 0.000716187 -0.000165576 0.000306553 0.000392323 -0.000489179 -0.00108619 0.000175197 -0.000281235 -7.33622e-05 0.000457733
internal_weight=145344 41774 25670 16104 25263 103570 95888.5 3520 24782 3549 92368.5 80169.5 3596 76573.5 30398.5 46175 24173 1100 23073 3734 2989 28971.5 12199 11341 1541 3143 2287 19339 24388.5 7681
internal_count=145336 41774 25670 16104 25263 103562 95881 3520 24782 3549 92361 80163 3596 76567 30393 46174 24173 1100 23073 3734 2989 28966 12198 11340 1541 3143 2287 19339 24383 7681
is_linear=0
shrinkage=0.03


Tree=54
num_leaves=31
num_cat=0
split_feature=80 54 62 52 12 74 71 39 39 28 28 69 68 68 61 49 77 10 48 81 11 60 56 65 12 89 3 53 2 28
split_gain=1.95516 2.67262 1.99535 2.36554 1.94545 2.32898 1.64561 1.81081 1.64098 1.49797 1.43768 1.78225 1.72762 1.65832 1.54356 2.14595 1.46001 1.39101 1.38221 1.36464 1.64819 1.3462 1.31837 2.21177 1.73261 1.31526 1.278 1.25992 1.24807 1.24092
threshold=0.55314999818801891 -0.060875000432133668 0.036395000293850906 0.69034999608993541 0.48725000023841863 -0.050569999963045113 3.5000000000000004 0.037544999271631248 0.025185000151395801 18.634999275207523 18.554999351501468 1.0264999866485598 0.41054999828338629 0.58665001392364513 0.010649999603629114 0.2030499950051308 0.91414999961853038 0.21135000139474872 1.1435000300407412 0.31464999914169317 0.041735000908374793 0.0043735001236200341 -0.087055001407861696 0.0014209999935701492 0.62814998626708995 0.82025000452995311 -0.1117499992251396 0.36294999718666082 0.14455000311136249 17.134999275207523
decision_type=10 10 2 10 2 10 10 2 2 10 10 8 8 10 2 8 2 2 2 2 2 2 10 8 2 2 2 10 2 10
left_child=1 2 22 17 5 -2 21 -8 -6 -5 11 28 14 -14 27 -16 -15 -4 -13 20 -9 -7 23 24 26 -11 -1 -12 -10 -25
right_child=4 -3 3 9 8 6 7 19 10 25 12 18 13 16 15 -17 -18 -19 -20 -21 -22 -23 -24 29 -26 -27 -28 -29 -30 -31
leaf_value=0.0026726002803929951 -7.5767339184688374e-05 -0.00025242407523492469 0.0011862062886028063 -0.0016433789897363647 0.00038361510232778423 4.6148090705202422e-05 0.00033688707698142548 0.00063463011743047503 -8.1213786080193651e-05 -0.00027858775111934555 -4.2871813391609353e-05 0.00040368059614566079 -0.00066559115354199898 0.00050735820197882469 5.4298944017708501e-05 0.0022174730793554404 -0.0018816831841742473 -0.00020962259101127117 0.0018808403809503552 0.00072811692000585948 0.0027476371838352403 -0.0020854144285695317 0.00015962500658842459 -0.001358633933078054 0.0039885613566245101 -0.0023787775546116005 -7.3166295099978752e-05 -0.0018348418353459836 -0.0021902152788909998 0.00070231850068387951
leaf_weight=277 10482 45804 1195 1118 6603 948 13012.5 603 3093 4143 5804 2646 9847 2010 1119 653 259 1388 726 5189 741 370 24091 360 287 286 338 375 274 967
leaf_count=277 10482 45804 1195 1118 6603 948 13005 603 3093 4143 5804 2646 9847 2010 1119 653 259 1388 726 5189 741 370 24091 360 287 286 338 375 274 967
internal_value=-3.33563e-06 -0.000102285 9.73373e-05 -0.00031344 0.000119298 0.000289056 0.000472342 0.000541533 -3.99787e-05 -0.000662602 -0.000144331 0.000234767 -0.000271647 -0.000497127 7.19656e-05 0.000852252 0.000233947 0.000436353 0.00072218 0.000949034 0.00180079 -0.000553369 0.00022423 0.000922091 0.00206743 -0.000414713 0.00116588 -0.000151905 -0.00025344 0.000142604
internal_weight=145008 80254 34450 8130 64754.5 31345.5 20863.5 19545.5 33409 5547 26806 6739 20067 12116 7951 1772 2269 2583 3372 6533 1344 1318 26320 2229 902 4429 615 6179 3367 1327
internal_count=145001 80254 34450 8130 64747 31338 20856 19538 33409 5547 26806 6739 20067 12116 7951 1772 2269 2583 3372 6533 1344 1318 26320 2229 902 4429 615 6179 3367 1327
is_linear=0
shrinkage=0.03


Tree=55
num_leaves=31
num_cat=0
split_feature=8 71 81 25 49 46 39 76 57 51 82 23 65 51 59 21 20 45 51 79 51 77 58 32 60 62 52 75 62 67
split_gain=2.16869 2.13636 1.80648 1.63768 1.77617 2.44513 1.51837 2.22428 2.19467 2.13493 1.94086 1.85632 1.84203 1.71249 1.51674 2.06598 1.51366 1.49645 1.48601 2.62074 1.44117 1.71997 1.80507 1.62143 1.42662 1.58885 1.7011 1.57954 1.50921 1.4607
threshold=0.040984999388456352 6.5000000000000009 0.060370000079274184 19.605000495910648 -0.16974999755620954 0.58845001459121715 0.036144999787211425 0.40344999730587011 0.2311000004410744 -0.29665000736713404 0.93485000729560863 46.715000152587898 -0.0074159998912364236 0.057484999299049384 0.75854998826980602 0.53145000338554393 0.3400499969720841 0.47384999692440039 0.88095000386238109 0.94814997911453258 1.6125000119209292 0.99805000424385082 15.295000076293947 0.18014999479055407 -0.013855000026524065 0.10425000265240671 0.86355000734329235 0.71885001659393322 0.16214999556541446 0.83985000848770153
decision_type=2 8 2 2 8 2 2 2 10 8 2 2 10 8 10 2 2 2 10 2 10 2 8 10 2 2 10 2 2 10
left_child=2 -2 14 -3 -5 -6 8 9 11 -8 -11 -4 13 -10 15 -1 24 -16 19 -12 21 22 23 -7 27 29 -27 -13 -29 -26
right_child=1 3 6 4 5 20 7 -9 12 10 18 16 -14 -15 17 -17 -18 -19 -20 -21 -22 -23 -24 -25 25 26 -28 28 -30 -31
leaf_value=-0.00030757772967775747 0.00058038421625961371 0.00014638536008695514 -0.00019285970678179675 0.00080515446805624262 -0.0016003722986526897 0.00065774980378880234 0.0018430792414046693 -1.0962513906221661e-05 -0.00099864487122110213 0.00047898233710881566 -0.00058669222063353281 0.00010348056477765172 -0.0010212614590445908 0.0024506719894615563 -6.93072592997814e-05 -0.0015918367063511743 -0.00021874516927081967 0.0021886764560354799 -0.0023698604931259625 0.00230590600910521 0.0019277714764418664 -0.0025509646531102844 -0.00075966187933471368 -0.00070534918050261391 0.00016916154735851239 0.0020060895743628415 4.1854822701334964e-05 -0.0028945529999576903 -0.00022046876234526279 0.0012353788504862152
leaf_weight=4210 2124 3480 24785 774 2124 1967 920 20457 234 17034 1836 1163 3062 288 1340 1539 9380 328 307 332 218 365 6092 1306 35841 924 695 408 355 1194
leaf_count=4210 2124 3480 24780 774 2124 1967 920 20457 234 17034 1836 1163 3062 288 1340 1539 9380 328 307 332 218 365 6092 1306 35840 924 695 408 355 1194
internal_value=-1.05642e-05 -0.000314424 3.37096e-05 -0.000430867 -0.000587244 -0.000676578 6.19737e-05 0.000210161 -1.53786e-05 0.000431578 0.000364924 1.93984e-05 -0.000740463 0.000905474 -0.000420532 -0.000651589 0.000124701 0.000375754 -0.000419953 -0.000142871 -0.000479197 -0.000533318 -0.000454416 0.000113794 0.000204091 0.000243801 0.00116343 -0.000592583 -0.0016523 0.000203569
internal_weight=145082 18450 126632 16326 12846 12072 119215 40886 78329 20429 19509 74745 3584 522 7417 5749 49960 1668 2475 2168 9948 9730 9365 3273 40580 38654 1619 1926 763 37035
internal_count=145076 18450 126626 16326 12846 12072 119209 40886 78323 20429 19509 74739 3584 522 7417 5749 49959 1668 2475 2168 9948 9730 9365 3273 40579 38653 1619 1926 763 37034
is_linear=0
shrinkage=0.03


Tree=56
num_leaves=31
num_cat=0
split_feature=80 58 75 67 71 43 37 66 58 58 70 31 11 63 57 54 62 62 60 58 57 43 66 45 67 85 43 85 66 61
split_gain=1.80071 2.31476 1.89033 2.09134 1.73943 1.799 1.73939 1.86241 1.84665 1.92936 1.83682 1.57303 1.53352 1.65831 1.59401 1.47219 1.41087 1.46069 1.37169 1.33339 1.43362 1.33999 1.50039 1.33459 1.33358 1.30288 1.30215 1.26923 1.25216 1.44753
threshold=0.2144500017166138 25.559999465942386 0.24614999443292621 0.33904999494552618 41.500000000000007 -0.027995000593364235 1.0000000180025095e-35 0.0468250010162592 40.969999313354499 34.899999618530281 0.99965000152587902 0.37645000219345098 0.063294999301433577 0.010780000127851965 0.098979998379945769 0.77474999427795421 -0.095454998314380632 -0.056110000237822526 0.020785000175237659 12.59999990463257 0.11015000194311143 0.037544999271631248 0.024810000322759155 0.32095000147819525 0.4536499977111817 0.75405001640319835 -0.02746499981731176 0.61935001611709606 0.070285003632307066 -0.01036499999463558
decision_type=10 10 2 8 8 2 2 2 10 10 8 10 2 2 8 10 2 2 2 8 10 2 2 2 10 10 2 10 2 2
left_child=1 4 3 28 5 25 7 8 9 -3 -9 -8 15 14 -14 -4 -6 -18 -5 20 -7 23 -23 -21 -24 -1 -20 -13 29 -2
right_child=2 6 12 18 16 19 11 10 -10 -11 -12 27 13 -15 -16 -17 17 -19 26 21 -22 22 24 -25 -26 -27 -28 -29 -30 -31
leaf_value=-0.0011265728039912162 0.00088123976179930021 -0.00038797107022659844 1.8578510694770792e-05 0.00043934700943942302 0.00069594090279033547 -0.00028793193724940532 0.0022561619929724859 0.0035536693709407939 -0.0018207100480563316 0.0018973980143341073 0.00033593870952048233 -0.0015151098471594591 -0.0026372089138940761 -0.0015164134366286014 -4.477388774827356e-05 0.0023196581220560411 -0.001495891682987851 -0.00049662011389731283 0.00088587751947617267 -0.0002006881485128494 -0.0028526251796528704 0.00015286325241586234 -0.0026562653228800843 0.00075665138055896325 0.00033509018490311183 0.00024406615772594491 -0.002096556486117456 0.0017266206744211848 0.0013908451718046373 -0.00069666107555738034
leaf_weight=2054 615 1442 81873 21838 785 1748 753 241 562 431 470 233 227 1157 3348 250 1491 11221 203 1804 220 1357 397 4787 202 896 372 202 357 3478
leaf_count=2054 615 1442 81869 21835 785 1748 753 241 562 431 470 233 227 1157 3348 250 1491 11221 203 1804 220 1357 397 4787 202 896 372 202 357 3478
internal_value=7.91483e-06 -0.000193597 6.33736e-05 0.000283304 -0.000297041 -5.57835e-05 0.000449851 8.03905e-05 -0.000314132 0.000138652 0.00143008 0.00142735 -4.65031e-06 -0.000529736 -0.000210076 2.56117e-05 -0.000537704 -0.000613934 0.000401249 0.0001279 -0.000575939 0.000290012 -0.000399378 0.000494631 -0.00164862 -0.000710329 -0.00104392 -9.24704e-06 -0.000310698 -0.000459414
internal_weight=145014 31296 113718 26863 26962 13465 4334 3146 2435 1873 711 1188 86855 4732 3575 82123 13497 12712 22413 10515 1968 8547 1956 6591 599 2950 575 435 4450 4093
internal_count=145007 31296 113711 26860 26962 13465 4334 3146 2435 1873 711 1188 86851 4732 3575 82119 13497 12712 22410 10515 1968 8547 1956 6591 599 2950 575 435 4450 4093
is_linear=0
shrinkage=0.03


Tree=57
num_leaves=31
num_cat=0
split_feature=74 0 58 50 83 88 68 56 76 72 80 15 57 53 51 89 65 42 24 62 76 61 27 39 32 78 7 56 54 82
split_gain=1.65678 1.75294 2.42683 2.20952 2.24066 1.98815 1.75566 2.22567 2.17115 1.79254 1.43541 1.856 1.67746 1.52312 1.63424 1.45216 1.41702 1.28016 1.63493 1.45709 1.38112 1.43298 1.34077 1.31883 1.26968 1.40427 1.26361 1.26017 1.25971 1.65357
threshold=0.046524999663233764 -0.04019499942660331 11.795000076293947 -0.087060000747442232 0.1171500012278557 0.039369998499751098 0.63985002040863048 0.049435000866651542 0.85400000214576732 8.5000000000000018 0.19755000621080401 -0.12094999849796294 0.74575001001358043 0.2864499986171723 0.23975000530481341 0.35970000922679907 0.0085680000483989733 -0.13974999636411664 0.00068800000008195649 0.10914999991655351 0.75415000319480907 0.004099499899894 0.63905000686645519 0.034864999353885658 0.23785000294446948 0.039369998499751098 0.024075000546872619 0.048104999586939819 -0.056944999843835824 0.9126499891281129
decision_type=10 2 10 10 10 2 10 10 2 8 10 2 8 10 10 2 10 2 2 2 2 2 10 2 10 2 10 8 10 2
left_child=1 2 -1 5 -5 -4 10 8 9 -8 13 15 24 17 -15 16 26 19 20 22 21 -19 -3 -22 -13 -26 -12 -11 29 -20
right_child=-2 6 3 4 -6 -7 7 -9 -10 27 11 12 -14 14 -16 -17 -18 18 28 -21 23 -23 -24 -25 25 -27 -28 -29 -30 -31
leaf_value=0.0017082599902139117 0.00036678663625585998 -0.00093390639058282864 -0.0014448433085963699 -0.0028066473209675258 -0.00077728894266459276 0.0016379023045809582 0.0014433745542405327 0.00066681401971277888 -0.0010291344489755578 0.00012487316595037644 0.0015449840825523444 7.5994800504617418e-05 0.0020027020588579106 0.0012908324306057876 -0.0014134518358952912 -3.5877273150223091e-05 -0.00021717356565730789 -0.00089343490576505988 0.00038007822216967437 -0.0019090918253423298 -0.0037863223016171193 -0.00010373448349669955 0.00089833211718821698 -0.00067653003103488121 0.0012436624898399232 -0.00018731261225251675 0.00039224644457401894 -0.0013973363674681712 -0.00045898202029818276 -0.0014541164551272381
leaf_weight=381 10474 444 283 584 3015 558 899 7427 1580 9190.5 2097 38557 360 1013 250 3243 974 5554 4550 239 245 3295 1871 246 626 39557 1447 516 5354 489
leaf_count=381 10474 444 283 584 3015 558 899 7427 1580 9190 2097 38551 360 1013 250 3243 974 5554 4550 239 245 3295 1871 246 626 39556 1447 516 5354 489
internal_value=3.34792e-06 -2.48846e-05 -0.000586558 -0.000783819 -0.00110728 0.000600062 -4.05452e-06 0.000257497 7.98624e-06 0.000162578 -5.05163e-05 5.80768e-06 -3.76323e-05 -0.000258251 0.000754848 0.000448495 0.000796106 -0.000315695 -0.000397492 0.000316206 -0.000685524 -0.000599428 0.000546671 -0.0022328 -4.6986e-05 -0.000164989 0.00107457 4.38165e-05 -0.000138602 0.000201829
internal_weight=145318 134844 4821 4440 3599 841 130024 19612.5 12185.5 10605.5 110411 86861 79100 23550 1263 7761 4518 22287 19733 2554 9340 8849 2315 491 78740 40183 3544 9706.5 10393 5039
internal_count=145311 134837 4821 4440 3599 841 130016 19612 12185 10605 110404 86854 79093 23550 1263 7761 4518 22287 19733 2554 9340 8849 2315 491 78733 40182 3544 9706 10393 5039
is_linear=0
shrinkage=0.03


Tree=58
num_leaves=31
num_cat=0
split_feature=53 28 89 20 56 64 28 63 87 23 56 4 66 56 60 81 51 52 61 63 66 11 63 57 68 14 77 19 77 28
split_gain=1.48821 2.27499 1.97281 1.96931 1.87532 1.61091 1.55815 2.06556 2.32103 2.04336 2.07576 1.97693 3.25442 2.15131 2.21369 1.96251 1.91073 1.89113 1.79588 1.78028 1.7602 1.71525 1.73027 1.89969 1.92683 1.75886 1.59292 1.49232 1.48443 1.62047
threshold=0.035635000094771392 20.605000495910648 0.97904998064041149 0.46965000033378607 0.12414999678730966 0.039610000327229507 17.755000114440922 -0.013830000068992375 0.75214999914169323 55.444999694824226 -0.0785199999809265 -0.14995000511407849 -0.0056219999678432933 -0.034455001354217522 -0.001329999999143183 0.35944999754428869 -0.23994999378919599 1.1665000319480898 -0.00080249999882653345 -0.02173999976366758 0.033660000190138824 0.087409999221563353 -0.034259999170899384 0.11914999783039094 0.32395000755786901 -0.0085049998015165312 0.44384999573230749 0.27854999899864202 0.98364999890327465 19.32499980926514
decision_type=8 10 2 2 8 2 10 2 2 2 10 2 2 10 2 2 8 10 2 2 2 2 2 10 8 2 2 2 2 10
left_child=2 28 4 -4 6 -3 7 15 9 10 26 12 21 16 17 -1 20 -15 -16 -17 -14 22 -8 27 -25 -26 -9 -24 -2 -30
right_child=1 5 3 -5 -6 -7 11 8 -10 -11 -12 -13 13 14 18 19 -18 -19 -20 -21 -22 -23 23 24 25 -27 -28 -29 29 -31
leaf_value=-0.0020738222622401371 0.00022253081085879379 -0.00010779463583310448 -0.0027720417110016571 -0.00030348994974761806 -0.0015746420191361159 -0.0026605130764489463 0.0022036852820849846 0.0014095187753918707 -0.0011720550790131241 0.0012857205013389824 -0.00047751650682872855 -0.00011334096671800107 0.0043677010998738209 9.2715380981131838e-05 0.0031330359928397854 0.00060733508511692932 0.00093410450547764569 -0.0031665420465584728 0.00026050490379221424 -0.001461929150944108 0.0013700506513990172 -0.001745887482867378 -0.00065647273724987938 -0.0017092136139334393 0.00019183026365858966 -0.0023043606689767122 -0.00041496366652152441 0.0019972930475518009 -0.0020745004427761291 0.00065839353646599463
leaf_weight=1140 45853 33022 499 696 772 223 297 1122 1753 1022 4862 40010 309 352 232 752 2910 293 1231 743 412 573 286 850 2408 283 698 569 522 311
leaf_count=1140 45853 33020 499 696 772 223 297 1122 1753 1022 4862 40006 309 352 232 752 2910 293 1231 743 412 573 286 850 2408 283 698 569 522 311
internal_value=-2.20534e-05 6.4664e-05 -0.000128569 -0.00133575 -0.000105965 -0.000124997 -8.79737e-05 -0.000394146 -0.000187125 3.71135e-05 -0.000154023 -1.53959e-05 0.000340673 0.000834791 7.24062e-05 -0.00113679 0.00127726 -0.00139046 0.000717855 -0.000421358 0.00265903 -0.000197883 -8.54549e-06 -0.000158474 -0.000464952 -7.14411e-05 0.000709956 0.00110987 0.000199721 -0.00105461
internal_weight=145005 79931 65074 1195 63879 33245 63107 12092 9457 7704 6682 51015 11005 5739 2108 2635 3631 645 1463 1495 721 5266 4693 4396 3541 2691 1820 855 46686 833
internal_count=144999 79929 65070 1195 63875 33243 63103 12092 9457 7704 6682 51011 11005 5739 2108 2635 3631 645 1463 1495 721 5266 4693 4396 3541 2691 1820 855 46686 833
is_linear=0
shrinkage=0.03


Tree=59
num_leaves=31
num_cat=0
split_feature=68 76 74 0 23 68 15 6 71 50 89 11 28 59 79 12 77 5 72 2 11 47 52 74 63 21 65 17 43 0
split_gain=1.60341 1.93294 1.78001 1.78605 1.61323 1.51271 1.43909 1.90587 1.23406 1.23074 1.49487 1.60119 1.4803 1.3532 1.29937 1.8288 1.32112 1.38152 1.2178 1.14744 1.1452 1.14061 1.14331 1.13673 1.29836 1.61471 1.3127 1.329 1.10587 1.29056
threshold=0.69064998626708995 0.78145000338554393 0.010054999962449076 0.066244997084140791 43.954999923706062 0.34745000302791601 -0.12394999712705611 0.12014999985694887 1.0000000180025095e-35 -0.046064998954534524 0.76274999976158153 0.025634999386966232 21.005000114440922 0.50889998674392711 0.99445000290870678 0.75464999675750744 0.96635001897811901 -0.096544999629259096 4.5000000000000009 0.15675000101327899 0.054165000095963485 -1.4999999999999998 1.2874999642372134 -0.027594999410212036 0.01199499983340502 0.60065001249313366 0.004270500037819148 -0.29234999418258661 0.10814999788999559 -0.0059364999178796998
decision_type=10 2 10 2 2 8 2 10 8 10 2 2 10 8 2 2 2 2 10 2 2 2 8 10 2 2 10 2 2 2
left_child=2 4 3 8 -2 -5 -7 -8 -1 10 11 -10 23 -14 16 -16 18 -18 -11 -3 28 22 -15 24 25 -13 27 -26 29 -19
right_child=1 19 -4 5 -6 6 7 -9 9 14 -12 12 13 21 15 -17 17 20 -20 -21 -22 -23 -24 -25 26 -27 -28 -29 -30 -31
leaf_value=-0.0011043944138758271 -1.4172527327153792e-05 -0.00066078960298827233 0.00015779676814543233 0.00056703607182435943 0.00082113399639136009 0.0002395918860998106 -0.0049678701960680811 -0.0014451143154756553 -0.00074730946902431161 -0.00012836162731644221 -0.0011527223805357623 0.00042978319676902505 -0.0011227434211579983 -7.0381481645574026e-05 1.8593778585319956e-06 0.0032551424042321741 -0.0028572642503456136 0.0011872672222169914 0.00030996158081176732 0.0014347180566258448 -0.0015530821123335863 -0.0016783598433687268 0.0017151385355042295 0.0012132142004322984 0.0035884911234484638 -0.0012091427235865005 -0.00016411621708763908 0.00076338072599050396 0.0017733611997682601 -0.0009721922103124031
leaf_weight=1041 3155 2092 35077 289 6111 201 213 394 1149 75492 666 3383 902 781 417 247 260 330 6170 264 709 216 549 2248 313 643 310 288 239 1006
leaf_count=1041 3155 2092 35074 289 6111 201 213 394 1149 75487 666 3383 902 781 417 247 260 330 6170 264 709 216 549 2248 313 643 310 288 239 1006
internal_value=3.71088e-06 0.000341668 -2.57055e-05 -9.10829e-05 0.000536748 -0.00129427 -0.00195988 -0.00268741 -7.75128e-05 -6.64029e-05 0.00022557 0.000310806 0.00043708 -0.000199981 -0.000105789 0.00121512 -0.000116219 -0.000789328 -9.52406e-05 -0.00042547 -0.000552776 0.000338774 0.000667384 0.00065413 0.000399364 0.000167792 0.00142145 0.00223821 -0.00010178 -0.000438304
internal_weight=145155 11622 133533 98456 9266 1097 808 607 97359 96318 11448 10782 9633 2448 84870 664 84206 2544 81662 2356 2284 1546 1330 7185 4937 4026 911 601 1575 1336
internal_count=145147 11622 133525 98451 9266 1097 808 607 97354 96313 11448 10782 9633 2448 84865 664 84201 2544 81657 2356 2284 1546 1330 7185 4937 4026 911 601 1575 1336
is_linear=0
shrinkage=0.03


Tree=60
num_leaves=31
num_cat=0
split_feature=74 75 52 23 84 80 64 59 86 85 82 53 69 60 56 46 69 64 42 89 57 7 3 52 64 82 5 82 22 18
split_gain=1.41533 1.67016 1.426 1.20076 1.09971 1.58033 1.09372 1.42608 1.15397 1.08921 1.71786 1.15532 1.09244 1.25407 1.07957 2.06595 1.4938 1.26599 1.34988 1.43505 1.53609 1.20157 1.11511 1.11972 1.07469 1.28202 1.06724 1.02998 1.36943 1.32242
threshold=0.038470000028610236 0.96885001659393322 1.3855000138282778 61.07500076293946 0.25845000147819525 0.94024997949600231 -0.012850000057369469 0.76785001158714306 0.46635000407695776 0.94384998083114635 0.87525001168251049 0.12985000014305118 1.0724999904632571 0.0015155000146478417 0.038949999958276756 0.34855000674724584 1.2915000319480898 -0.025809999555349347 -0.16125000268220899 0.039369998499751098 0.12054999917745592 -0.14784999936819074 0.03861499950289727 1.0534999966621401 0.0086835003457963484 0.37164999544620519 -0.43475000560283655 0.9126499891281129 -0.55990001559257496 0.90055000782012951
decision_type=10 2 8 2 10 10 2 8 2 10 2 10 8 2 10 2 10 2 2 2 8 8 2 8 2 2 2 2 2 2
left_child=1 4 3 -3 14 27 7 8 -7 10 12 -12 -5 -14 16 22 17 21 19 26 -21 -1 23 -16 25 -22 -19 28 -6 -29
right_child=-2 2 -4 9 5 6 -8 -9 -10 -11 11 -13 13 -15 15 -17 -18 18 -20 20 24 -23 -24 -25 -26 -27 -28 29 -30 -31
leaf_value=-0.0018635290343087989 0.00028603456731553635 -0.0019358245269465077 0.00054243007586574164 -0.0013117990552028642 0.00063063361882272225 0.00036099220657100279 0.00022497704151999405 -0.00042969889531580517 0.0030182892817754818 -0.0017275280323600401 2.192020690390629e-05 0.0029684703024015959 0.0019596261559876008 -0.0012461606433669871 -0.00023450456675596233 0.00024520700056636775 -0.0017417156845533025 0.0013838075668087251 0.00024927868167304258 0.0035427957423093161 -0.00046128885158046052 0.00023270145741111312 0.0015767203119570166 -0.0010537517176785246 7.187135249204066e-05 0.0018469033155648102 -0.0010242209688598445 -0.00086978137774755147 -9.6701696993283599e-05 7.52502298523696e-05
leaf_weight=453 13723 776 752 999 2400 224 5268 286 429 577 277 210 237 203 4345 8991 322 246 14395.5 240 259 537 236 2294 729 1310 502 3374 78532.5 2202
leaf_count=453 13723 776 752 999 2400 224 5267 286 429 577 277 210 237 203 4345 8991 322 246 14395 240 259 537 236 2294 729 1310 502 3374 78528 2202
internal_value=-3.88044e-06 -3.41128e-05 -0.000635263 -0.000905436 -1.51134e-05 -6.91219e-05 0.000393229 0.00133592 0.0021087 -0.000585341 -0.000242441 0.00129599 -0.000763628 0.000481121 0.00012853 -5.41333e-05 0.000281111 0.000316088 0.000374551 0.000923107 0.00126335 -0.000727395 -0.000445584 -0.000517698 0.00102385 0.00146583 -0.000231486 -0.0001023 -7.51255e-05 -0.000496635
internal_weight=145329 131606 4031 3279 127575 92715.5 6207 939 653 2503 1926 487 1439 440 34859.5 15866 18993.5 18671.5 17681.5 3286 2538 990 6875 6639 2298 1569 748 86508.5 80932.5 5576
internal_count=145323 131600 4031 3279 127569 92710 6206 939 653 2503 1926 487 1439 440 34859 15866 18993 18671 17681 3286 2538 990 6875 6639 2298 1569 748 86504 80928 5576
is_linear=0
shrinkage=0.03


Tree=61
num_leaves=31
num_cat=0
split_feature=87 17 68 56 41 85 37 58 26 58 7 20 4 65 58 68 49 23 69 65 82 17 22 85 86 66 78 53 31 11
split_gain=1.62032 2.20605 1.87908 1.77599 1.77924 1.65478 1.56929 1.50782 1.54085 1.47284 1.3675 1.35807 2.17147 1.5671 1.3094 1.31565 1.65923 1.76473 1.30176 1.27754 1.27235 1.49758 1.26568 1.26132 1.86328 1.34614 1.25511 1.25127 1.24248 1.23317
threshold=0.64415001869201671 -0.067824997007846818 0.60965001583099376 0.038949999958276756 -0.0349150002002716 0.69664999842643749 1.0000000180025095e-35 25.750000000000004 0.84614998102188121 43.379999160766609 0.42035000026226049 0.43264999985694891 0.21184999495744708 0.0032384999794885521 24.635000228881839 0.41245000064373022 0.31884999573230749 64.18500137329103 1.0494999885559084 0.0082219997420907038 0.92704999446868908 -0.10095000267028807 -0.67074999213218678 0.86935001611709606 0.81644999980926525 -0.0058480000589042893 0.34315000474452978 0.025895000435411934 0.17095000296831134 0.032345000654459007
decision_type=2 2 10 10 2 10 2 10 2 10 10 2 2 10 10 8 10 2 8 10 2 2 2 10 2 2 2 10 10 2
left_child=2 6 3 5 11 10 20 14 29 -8 -1 12 -5 -13 15 -3 26 -18 -10 -15 -2 23 -6 24 -22 -25 -17 -7 -19 -9
right_child=1 7 -4 4 22 27 9 8 18 -11 -12 13 -14 19 -16 16 17 28 -20 -21 21 -23 -24 25 -26 -27 -28 -29 -30 -31
leaf_value=-7.1071721752208751e-05 -0.00033537009568057315 0.00055527171409800759 0.00035687798417697512 -0.00034843199292649906 0.0019642541427797051 0.00024552727714233441 -3.1653083858309961e-05 -0.0014917616341385063 -0.0028113563283133696 0.0016504081933837855 0.00041262446020478454 -0.0014228249784504618 0.0015698841448341097 0.0011703035072179017 0.0020540443331586314 0.0016037683953543434 0.0015204464323366718 -0.00015930782638222691 -0.000269907569611968 -0.0012287015387846623 -0.0016726924271465615 0.00068327839885692562 1.0559503234713329e-05 -0.0039863687623503874 0.00081267846513668964 -0.0012386569276810874 6.0608047882427623e-05 0.00093198531867962303 -0.0019556968756015039 0.0012740388001486391
leaf_weight=23015.5 20507 5338 18753 10287 302 7212 8171 228 437 496 6818 2060 559 461 332 494 237 563 310 351 832 360 19822 296 402 352 11375 3574 901 395
leaf_count=23013 20507 5338 18751 10287 302 7212 8171 228 437 496 6817 2060 559 461 332 494 237 563 310 351 832 360 19822 296 402 352 11374 3574 901 395
internal_value=1.36271e-05 -0.000120496 8.84862e-05 2.08883e-05 -0.000139624 0.000154619 -0.000278721 0.000120688 -0.000840561 6.47882e-05 3.94799e-05 -0.000403076 -0.000249427 -0.000983037 0.000189175 0.000156323 -6.39558e-07 -0.000876629 -0.00175844 0.000133059 -0.000409589 -0.001088 3.99747e-05 -0.001427 -0.000863031 -0.00249799 0.000124966 0.000473054 -0.00126545 0.000261067
internal_weight=145240 52026 93214.5 74461.5 33842 40619.5 31416 20610 1370 8667 29833.5 13718 10846 2872 19240 18908 13570 1701 747 812 22749 2242 20124 1882 1234 648 11869 10786 1464 623
internal_count=145234 52025 93209 74458 33842 40616 31416 20609 1370 8667 29830 13718 10846 2872 19239 18907 13569 1701 747 812 22749 2242 20124 1882 1234 648 11868 10786 1464 623
is_linear=0
shrinkage=0.03


Tree=62
num_leaves=31
num_cat=0
split_feature=80 53 88 64 85 4 81 26 24 49 69 75 24 28 15 68 28 66 56 65 68 88 52 59 65 20 65 59 59 65
split_gain=1.37263 2.67624 1.58855 1.44793 1.44731 1.88645 1.6747 1.51121 2.18908 1.8522 1.59098 1.54018 1.5225 1.59028 1.44344 1.49332 1.40831 1.40497 2.61746 1.5652 1.67861 1.49157 1.42422 1.37908 1.84015 1.32741 1.51512 2.22477 1.43404 1.39588
threshold=0.5449500083923341 0.2864499986171723 0.9101499915122987 -0.049975000321865075 0.37164999544620519 -0.12545000016689298 0.18135000020265582 0.33014999330043798 -0.0074785000178962937 -0.23214999586343762 0.87084999680519115 0.89195001125335704 0.0057045000139623889 19.414999961853031 0.51565000414848339 0.29954999685287481 18.23499965667725 -0.0020784999942407008 -0.05386999994516372 -0.0028814999386668201 0.41054999828338629 0.34354999661445623 1.1184999942779543 0.69245001673698436 -0.0052495000418275586 0.56264999508857738 -0.00044329999946057791 0.9147000014781953 0.086310002952814116 0.0036170000676065688
decision_type=10 10 2 2 10 2 2 2 2 10 8 2 2 10 2 10 10 2 8 10 8 2 10 10 10 2 8 10 8 8
left_child=1 2 4 -2 7 17 -7 8 10 -10 -1 -9 -13 -14 15 23 -17 -6 22 20 -20 -21 -19 24 -3 -5 -27 28 -28 -30
right_child=3 14 -4 25 5 6 -8 11 9 -11 -12 12 13 -15 -16 16 -18 18 19 21 -22 -23 -24 -25 -26 26 27 -29 29 -31
leaf_value=0.0026498637144659579 0.0021561195129278961 -0.0012926095044401723 -0.00058372356962854959 0.00012149414434068383 2.318496893232424e-05 -0.00051406729461815832 1.0759352250321026e-05 -2.5217077230036724e-06 -0.0024868979933640417 -0.00069072111144358802 -4.1258172910069906e-05 -0.0027320810690492628 -0.0016130768955699749 0.001674188329298379 -0.00087093962384229102 0.0014579820259765155 2.7223230333788003e-05 0.00095256411930150437 -0.0029646786158793307 -0.00029799672120013225 -2.4860106057002991e-06 0.001473025623834457 0.0025798471470054787 0.0039791432144535288 0.0019556043133502855 0.00024078098071444537 -0.0032468267066481831 0.0012280937511673232 -0.0016900204153767449 -0.00027334931529294555
leaf_weight=214 303 201 6566 60137.5 4665 6830 27505 13592 558 6863 2459 377 319 225 527 875 2112 1339 263 840 495 871 759 201 706 2195 251 430 1086 1477
leaf_count=214 303 201 6566 60130 4665 6830 27505 13592 558 6863 2459 377 319 225 527 875 2112 1339 263 840 495 871 759 201 706 2195 251 430 1086 1477
internal_value=-1.07455e-05 -9.47726e-05 -0.000138098 9.0478e-05 -9.51709e-05 8.71302e-06 -9.36523e-05 -0.000279091 -0.000560977 -0.000826096 0.000175103 -8.3011e-05 -0.00126957 -0.000252877 0.0006057 0.0007959 0.000446692 0.000389392 0.00076337 0.000101196 -0.00103282 0.000603892 0.00154222 0.00173606 0.00123514 8.09009e-05 -0.000367868 -0.000779647 -0.00108677 -0.000874049
internal_weight=145242 79362 74740 65879.5 68174 43567 34335 24607 10094 7421 2673 14513 921 544 4622 4095 2987 9232 4567 2469 758 1711 2098 1108 907 65576.5 5439 3244 2814 2563
internal_count=145234 79362 74740 65872 68174 43567 34335 24607 10094 7421 2673 14513 921 544 4622 4095 2987 9232 4567 2469 758 1711 2098 1108 907 65569 5439 3244 2814 2563
is_linear=0
shrinkage=0.03


Tree=63
num_leaves=31
num_cat=0
split_feature=67 53 1 74 0 12 72 83 48 62 64 6 16 59 26 12 71 28 25 74 30 67 17 77 58 8 87 83 21 57
split_gain=1.52658 1.57093 1.40393 1.42786 1.69882 1.47969 1.43938 1.51033 1.41016 1.3509 1.37934 1.32843 1.28186 1.22917 1.21753 1.60873 1.19583 1.15792 1.1552 1.1126 1.10766 1.10003 1.5452 1.51343 1.18294 1.45439 1.64525 1.56625 1.40543 1.42372
threshold=0.74725002050399791 0.0079060001298785227 -0.10235000029206275 -0.028064999729394909 -0.0085105001926422102 0.96815001964569103 4.5000000000000009 0.88674998283386242 0.39364999532699591 -0.057134998962283128 0.019659999758005146 0.5945500135421754 0.071544997394084944 0.35810001194477087 0.017609999515116218 0.25284999608993536 1.0000000180025095e-35 19.23499965667725 25.644999504089359 0.015374999959021808 -0.4594500064849853 0.29455000162124639 -0.031415000557899468 0.99445000290870678 15.144999980926515 -0.03289500065147876 0.51015001535415661 0.15314999967813495 0.6326500177383424 0.30940000712871557
decision_type=10 10 2 10 2 2 10 10 2 2 2 8 2 10 2 2 8 10 2 8 10 10 2 2 8 2 2 10 2 10
left_child=2 -2 9 5 14 6 16 11 12 10 19 -8 -6 -13 15 18 -4 -7 -5 -1 -3 22 23 24 -18 -26 -27 -28 -29 -30
right_child=1 20 3 4 8 17 7 -9 -10 -11 -12 13 -14 -15 -16 -17 21 -19 -20 -21 -22 -23 -24 -25 25 26 27 28 29 -31
leaf_value=-0.00010149873032131553 -7.5573418679098623e-05 -3.6890772133208507e-05 -0.0021951261269746547 -0.00055703927524224561 0.00037905345803660291 0.0032439290750037714 0.00032283473587148065 -0.0015642676388422302 -5.3535414309276477e-05 0.00093564348849895396 0.001159154505822774 0.0034724743111569077 0.0033108146857296484 0.00062563599731074639 0.00035261375161696945 -0.0027135112580679386 -0.00088830781472368627 0.00014694973775879183 0.00084591842321401741 -0.0030262132087491649 0.00086636044150728661 -0.00010166937179555609 0.00079122879331431696 -0.0029165933471140223 -0.0010895211773788195 0.0003407960207992197 0.00088234171827116371 -0.00048632196984532867 -0.0036809137553975441 -0.00069087113179176036
leaf_weight=243 4627 1618 271 1631 376 202 2926 323 55531 2495 276 251 208 299 19667.5 232 3943 234 780 225 4989 32520 905 226 1656 3852 639 3456 268 308
leaf_count=243 4627 1618 271 1631 376 202 2926 323 55530 2495 276 251 208 299 19661 232 3943 234 780 225 4989 32520 905 226 1656 3852 639 3456 268 308
internal_value=1.24496e-05 0.000348345 -1.57248e-05 -3.10164e-05 4.99403e-05 -0.000152461 -0.000167111 0.000394965 -3.81008e-05 0.000601161 -0.000520274 0.000577421 0.00142712 0.00192877 0.000271372 -0.000333084 -0.000211564 0.00158593 -0.000102996 -0.00151107 0.00064519 -0.000200266 -0.000410457 -0.000486303 -0.000447206 -0.000276268 -0.000118146 -0.00049661 -0.000715314 -0.00208604
internal_weight=145178 11234 133944 130704 78425.5 52279 51843 3799 56115 3239 744 3476 584 550 22310.5 2643 48044 436 2411 468 6607 47773 15253 14348 14122 10179 8523 4671 4032 576
internal_count=145170 11234 133936 130697 78418 52279 51843 3799 56114 3239 744 3476 584 550 22304 2643 48044 436 2411 468 6607 47773 15253 14348 14122 10179 8523 4671 4032 576
is_linear=0
shrinkage=0.03


Tree=64
num_leaves=31
num_cat=0
split_feature=80 53 30 46 39 4 47 62 63 41 0 6 80 6 67 56 53 80 88 64 20 72 7 66 61 87 61 19 60 46
split_gain=1.79039 2.13879 1.88044 1.51503 1.48838 1.4388 1.34898 2.27631 1.44255 1.30767 1.25747 1.17849 1.15393 1.13968 1.1004 1.4579 1.3821 1.46751 1.26268 1.33247 1.2062 1.08925 1.11592 1.08502 1.21392 1.1437 1.13956 1.21439 1.16548 1.04853
threshold=0.57304999232292186 0.2864499986171723 -0.6165499985218047 0.97044998407363903 0.024954999797046188 0.88795000314712536 7.5000000000000009 0.040540000423789031 0.013474999926984312 0.19064999371767047 -0.0024555000709369774 -0.13874999433755872 0.62075001001358043 0.35355000197887426 0.52674999833107006 0.21275000274181369 0.15044999867677691 0.95515000820159923 0.37925000488758093 -0.021584999747574326 0.55035001039505016 8.5000000000000018 0.28505000472068792 -0.0056219999678432933 0.014405000023543836 0.41134999692440039 0.019585000351071361 0.23265000432729724 0.0011079999967478218 0.78374999761581432
decision_type=10 10 8 2 2 2 2 2 2 2 2 10 10 10 8 10 8 10 2 2 2 8 10 2 2 2 2 2 2 2
left_child=1 3 -2 -1 13 11 8 10 14 -5 29 -3 -10 -4 -6 16 18 -18 19 -16 -21 -15 -23 24 25 -14 27 -25 -29 -8
right_child=2 5 4 9 6 -7 7 -9 12 -11 -12 -13 23 21 15 -17 17 -19 -20 20 -22 22 -24 26 -26 -27 -28 28 -30 -31
leaf_value=-0.00010620577553832538 0.0005206620781356289 0.0014622900195749454 9.3789220370693217e-05 -0.0005961396550288032 -5.959660498324858e-05 -0.0013043963910332511 -0.00021923042456302973 0.001102720147915133 0.00081570032812052949 -0.0029267107522267001 -0.00057430463856684435 0.00036695475435206607 0.0011812136674183894 0.0020149453514688594 0.0026900271964045348 -0.0012889955334262489 0.00061049334414139316 0.0023975817247560991 -4.2307242091240656e-05 0.00062210097986544778 -0.0015069486769349423 0.0026704446416088317 0.00044229901278631498 0.00079703384198242643 -0.0015420361279350745 -0.00033880031228057395 0.0010425906394389861 -0.00065332890024117328 -0.0019481235038718346 -0.0027310627720230633
leaf_weight=75031 8895 1200 5153.5 3114 19027 363 205 544 615 232 1621 3354 738 541 260 515 3038 478 7861 3347 257 214 3442 273 407 1121 242 1240 1265 554
leaf_count=75031 8891 1200 5151 3114 19027 363 205 544 615 232 1621 3354 738 541 260 515 3038 478 7861 3347 257 214 3441 273 407 1121 242 1240 1265 554
internal_value=-5.19111e-06 -9.59864e-05 0.000117076 -0.000134065 4.9281e-05 0.000510887 -2.4367e-05 -0.000646646 2.03716e-05 -0.000758559 -0.0010468 0.000655838 -0.000413295 0.00039272 9.39537e-05 0.000279373 0.00033245 0.000854061 0.000175975 0.000619948 0.000469903 0.000759667 0.000573416 -0.000556409 -6.01534e-05 0.000264937 -0.000928623 -0.00110065 -0.0013077 -0.00205382
internal_weight=145148 83294 61853.5 78377 52958.5 4917 43608 2924 40684 3346 2380 4554 5901 9350.5 34783 15756 15241 3516 11725 3864 3604 4197 3656 5286 2266 1859 3020 2778 2505 759
internal_count=145140 83294 61846 78377 52955 4917 43608 2924 40684 3346 2380 4554 5901 9347 34783 15756 15241 3516 11725 3864 3604 4196 3655 5286 2266 1859 3020 2778 2505 759
is_linear=0
shrinkage=0.03


Tree=65
num_leaves=31
num_cat=0
split_feature=85 67 5 18 75 82 81 57 67 43 18 60 61 60 66 66 69 65 75 22 61 28 77 18 71 42 16 63 66 70
split_gain=1.59162 1.67672 2.02021 1.65982 1.57008 1.51744 2.03939 1.89209 1.63456 1.38369 1.81494 1.3537 3.63607 1.50584 1.52036 1.38222 1.3511 1.30008 1.2521 1.35518 1.26605 1.20476 1.49835 1.42103 1.1902 1.26907 1.32392 1.21651 1.17433 1.17392
threshold=0.51695001125335704 0.59694999456405651 -0.36865000426769251 0.70344999432563793 0.88765001296997081 0.90929999947547924 0.61204999685287487 0.25505000352859503 0.29755000770092016 0.064355000853538527 1.2484999895095827 0.0066044998820871123 0.015254999976605179 0.0027619999600574379 -0.013445000164210795 -0.055034998804330819 0.93604999780654918 -0.024770000018179413 0.33065000176429754 -0.52009999752044667 -0.0046715000644326201 20.384999275207523 0.9032999873161317 1.028500020503998 46.500000000000007 0.19195000082254413 0.25785000622272497 0.0081419995985925215 -0.011280000209808348 0.68905001878738414
decision_type=10 10 2 2 2 2 2 8 8 2 2 2 2 2 2 2 8 8 2 2 2 10 2 2 8 2 2 2 2 10
left_child=3 2 11 4 -1 17 7 8 -7 10 28 13 -13 14 15 -2 -12 -4 19 -3 -21 22 -5 -23 27 -26 -27 -10 -8 -24
right_child=1 18 5 21 -6 6 9 -9 24 -11 16 12 -14 -15 -16 -17 -18 -19 -20 20 -22 23 29 -25 25 26 -28 -29 -30 -31
leaf_value=-0.00012321672695694144 0.0010321877242132035 -0.0014560531800688833 0.0019086199571003526 0.00048309287107300357 -0.00077216169284197655 -0.0017183988016469169 0.00168016418582882 0.0011558003671213535 0.00085351374849148242 -0.00058429195325191731 0.00099685422209679032 0.0045153724833062216 6.93558798840029e-05 -0.0016409995066451616 0.0018364697639433021 -0.0019877358654623186 0.0040531925627833847 4.3734933824560781e-05 0.00019136378849034675 0.0016143464316148058 0.00056733104636827621 0.00033431525769777275 0.00020125872282055661 -0.00043920445177002032 -0.0015208859606770731 0.0021511048970670244 -0.0012509926135119583 -0.0016030898575096371 -0.0010634791135195304 -0.0020333361296553721
leaf_weight=51575.5 310 244 338 9589 3588 1598 220 416 795 773 297 298 371 260 664 242 232 44568.5 11652 1376 4249 3788 458 4903 1168 201 209 234 384 392
leaf_count=51572 310 244 338 9589 3588 1598 220 416 795 773 297 298 371 260 664 242 232 44567 11651 1376 4249 3788 458 4903 1168 201 209 234 384 392
internal_value=1.51655e-05 0.000116629 3.33153e-05 -8.19358e-05 -0.000165439 -4.31274e-06 -0.000431693 -0.000772216 -0.000963184 0.00039386 0.00106114 0.000935153 0.00205358 0.000427178 0.000870372 -0.000292965 0.00234237 5.78136e-05 0.000371381 0.000728685 0.000823696 0.000158852 0.000376067 -0.000102064 -0.000499781 -0.00101716 0.000418041 0.000293855 -6.30135e-05 -0.000830462
internal_weight=145393 71099.5 53578.5 74293.5 55163.5 51433.5 6527 4621 4205 1906 1133 2145 669 1476 1216 552 529 44906.5 17521 5869 5625 19130 10439 8691 2607 1578 410 1029 604 850
internal_count=145387 71097 53577 74290 55160 51432 6527 4621 4205 1906 1133 2145 669 1476 1216 552 529 44905 17520 5869 5625 19130 10439 8691 2607 1578 410 1029 604 850
is_linear=0
shrinkage=0.03


Tree=66
num_leaves=31
num_cat=0
split_feature=45 53 28 67 25 71 89 67 3 77 76 6 71 0 32 28 42 56 12 71 71 52 29 81 46 44 56 28 86 70
split_gain=1.45128 1.47273 1.82308 2.77882 1.76363 1.74726 1.60725 2.12109 1.60615 1.60864 1.59194 1.56066 1.51004 1.84349 1.49122 1.40076 1.55785 1.3628 1.39232 1.26371 1.26185 1.38486 1.21656 1.21026 1.20869 1.19933 1.19836 1.24615 1.18571 1.25942
threshold=1.3655000329017641 0.041354998946189887 19.744999885559086 0.33904999494552618 40.73500061035157 75.500000000000014 0.85819998383522045 0.43195000290870672 -0.14965000003576276 0.96635001897811901 0.48270000517368322 0.29575000703334814 58.500000000000007 0.05177500098943711 1.0000000180025095e-35 22.945000648498539 -0.10864999890327452 -0.018850000575184819 0.031034999527037147 22.500000000000004 19.500000000000004 1.7084999680519106 0.35005000233650213 0.12894999980926516 0.34855000674724584 86.000000000000014 0.079985000193119063 18.115000724792484 0.91775000095367443 0.64994999766349804
decision_type=2 8 10 8 2 8 2 8 2 2 2 10 8 2 8 10 2 8 2 8 10 8 10 2 2 2 8 10 2 8
left_child=1 4 3 5 6 -3 17 -8 -5 14 -6 -12 15 -14 -10 16 -4 18 -1 -9 21 -19 -22 -7 -18 -13 27 -25 29 -21
right_child=-2 2 12 8 10 23 7 19 9 -11 11 25 13 -15 -16 -17 24 20 -20 28 22 -23 -24 26 -26 -27 -28 -29 -30 -31
leaf_value=-0.0016696012864165285 -0.0015598305392352609 4.6228011372001152e-05 0.0014058790036327378 -0.0013723059401805088 0.00094965372195228892 -0.0033908802755756411 4.9328569172967471e-05 -0.00015082067768025476 0.0013103830928610672 -0.00081526906101310991 -0.00074974261236625066 2.7754834606231926e-05 -0.00044814032531044544 0.0022750063947523419 0.000395361858837761 -0.00084692878646944528 -0.0003426776222089597 -0.0004399885314916597 0.00010220357378353547 -0.0026406446550714061 0.0005782909545091981 -0.0022300514989389646 -0.00017303569723061625 -0.0020532878677971345 0.00015055625293248603 0.0025951673854018482 -0.0020515486899539575 0.00070840452505035502 -0.0021943081421083839 -0.00061753640258708142
leaf_weight=404 525 2014 810.5 461 2712 216 3227 1236 1712 929 1357 434 8244 229 25012 1442 5263.5 7976 27703.5 323 2200 408 16333 211 29685 262 513 479 912 1915
leaf_count=402 525 2014 810 461 2712 216 3227 1236 1712 929 1357 434 8244 229 25012 1442 5263 7976 27700 323 2200 408 16333 211 29684 262 513 479 912 1915
internal_value=1.31208e-05 1.88416e-05 0.000108281 0.00028367 -8.36271e-05 -0.000521966 -0.000125955 -0.000534477 0.000382062 0.000411357 0.000472695 -0.000157521 -1.28632e-05 -0.000374282 0.000454027 6.94624e-05 0.000106439 -6.94245e-05 7.66782e-05 -0.000963925 -0.000221986 -0.000527356 -8.38214e-05 -0.00132787 7.62639e-05 0.00099656 -0.000954949 -0.000137862 -0.00128282 -0.000910571
internal_weight=145148 144624 77221 31547 67402.5 3433 62637.5 7613 28114 27653 4765 2053 45674 8473 26724 37201 35759 55024.5 28107.5 4386 26917 8384 18533 1419 34948.5 696 1203 690 3150 2238
internal_count=145141 144616 77219 31547 67397 3433 62632 7613 28114 27653 4765 2053 45672 8473 26724 37199 35757 55019 28102 4386 26917 8384 18533 1419 34947 696 1203 690 3150 2238
is_linear=0
shrinkage=0.03


Tree=67
num_leaves=31
num_cat=0
split_feature=75 53 69 70 68 24 86 89 0 65 10 4 61 61 74 77 51 52 82 48 61 24 27 27 67 25 58 49 28 76
split_gain=1.47706 1.45113 1.31583 1.23165 1.1799 1.23488 1.58414 1.59869 1.16681 1.14631 1.25429 1.20389 2.08017 1.33137 1.13703 1.57534 1.62294 1.82107 1.79998 1.48762 1.3359 1.33548 1.48369 1.20182 1.25022 1.16447 1.12554 1.19156 1.12008 1.07908
threshold=0.31055000424385076 -0.34890000522136683 1.1865000128746035 0.57365000247955333 0.21554999798536303 -0.0090115000493824465 0.40344999730587011 0.13994999974966052 0.0073905000463128099 -0.0035050000296905632 0.3757500052452088 -0.2384499981999397 0.0074605001136660585 -0.0073124999180436126 0.033579999580979354 0.96635001897811901 -0.089364998042583452 0.87154999375343334 0.27124999463558203 2.1115000247955327 -0.0085074999369680864 -0.0028664999408647414 1.2814999818801882 2.4524999856948857 0.8509500026702882 54.454999923706062 16.714999198913578 -0.095284998416900621 21.664999961853031 0.40344999730587011
decision_type=2 8 10 10 8 2 2 2 2 10 2 2 2 2 10 2 8 10 2 2 2 2 10 10 10 2 10 10 10 2
left_child=2 29 4 -4 26 6 9 -8 -9 10 -6 12 13 -11 15 21 -17 18 -18 -16 -19 22 -3 24 25 -23 27 -1 -22 -2
right_child=1 14 3 -5 5 -7 7 8 -10 11 -12 -13 -14 -15 19 16 17 20 -20 -21 28 23 -24 -25 -26 -27 -28 -29 -30 -31
leaf_value=5.4553296837595198e-05 0.00021768023181392484 -0.000418009295626111 -0.0026329537369539527 -0.00031034079406051053 0.00035699612067513904 0.00012337560106434023 0.0033046898653696253 0.0015065961067644421 -0.00072854198547529759 0.0011300067269394765 -0.001557625884820214 0.00035922292353744674 -0.0008458475963350131 0.0040716892606645766 0.0001479925680587774 -0.0028352021356269517 0.0014233684013871587 0.0021602328795626872 -0.0015869456827437094 0.0018536226246797015 -0.00074783163375597588 -3.1613664388218293e-05 0.00027343150711030701 0.0011837950065006798 0.00071734453586269295 -0.001350921448633208 8.7593666189655185e-05 -0.0025902635230000432 0.001151255183816939 -0.0022092519031056104
leaf_weight=247 248 15483 223 2491.5 709 31620.5 323 765 289 278 543 5173 219 277 11176 297 203 261 1455 479 938 62225 3407 753 2000 607 812 403 397 490
leaf_count=247 248 15482 223 2491 709 31617 323 765 289 278 543 5173 219 277 11176 297 203 261 1455 479 938 62222 3407 753 2000 607 812 403 397 490
internal_value=-6.32188e-06 -7.0016e-05 0.00013782 -0.000502046 0.000179526 0.00020998 0.000529247 0.00146117 0.000893626 0.000350813 -0.000473967 0.000524501 0.00162725 0.00260288 -6.01961e-05 -9.70647e-05 -0.000715977 -0.000521739 -0.00121774 0.000218244 0.000201607 -7.10399e-05 -0.000293293 -7.0223e-06 -2.08712e-05 -4.43804e-05 -0.000657364 -0.00158669 -0.000182645 -0.00139451
internal_weight=144792 100419 44373 2714.5 41658.5 40196.5 8576 1377 1054 7199 1252 5947 774 555 99681 88026 3551 3254 1658 11655 1596 84475 18890 65585 64832 62832 1462 650 1335 738
internal_count=144784 100415 44369 2714 41655 40193 8576 1377 1054 7199 1252 5947 774 555 99677 88022 3551 3254 1658 11655 1596 84471 18889 65582 64829 62829 1462 650 1335 738
is_linear=0
shrinkage=0.03


Tree=68
num_leaves=31
num_cat=0
split_feature=67 72 58 56 80 89 20 68 58 85 76 11 74 70 81 65 58 46 10 56 84 59 85 79 50 3 80 15 76 1
split_gain=1.38187 1.82646 1.49086 1.68002 1.38002 1.67965 1.3928 1.77217 1.52052 1.48643 1.38671 1.31582 1.24243 1.08983 1.0798 1.22793 1.836 1.36522 1.17437 1.06127 1.05925 1.4291 1.43997 2.28773 1.51984 1.21085 1.48568 1.8261 1.79966 1.18436
threshold=0.75784999132156383 7.5000000000000009 19.460000038146976 0.10795000195503236 0.94024997949600231 0.97615000605583202 0.46655000746250158 0.33984999358654028 15.614999771118166 0.93685001134872448 0.89204999804496776 0.06826499849557878 0.0060575001407414683 1.0034999847412112 0.45520000159740454 0.0084700002335011976 32.640001296997077 0.41865000128746038 0.32254999876022344 0.22564999759197238 0.2424999997019768 0.97419998049736034 0.072500001639127745 0.055065000429749496 -0.051304999738931649 -0.027855000458657738 0.22245000302791598 -0.07369500026106833 0.3473500013351441 -0.035155000165104859
decision_type=10 8 8 10 10 2 2 8 8 10 2 2 10 8 2 8 10 2 2 10 10 8 8 2 10 2 10 2 2 2
left_child=4 -2 13 14 5 20 7 -7 9 -8 -10 -12 -9 -3 18 -16 17 -17 -4 -6 21 22 23 -1 -25 26 27 -22 -29 -27
right_child=1 2 3 -5 19 6 8 12 10 -11 11 -13 -14 -15 15 16 -18 -19 -20 -21 25 -23 -24 24 -26 29 -28 28 -30 -31
leaf_value=-0.0031002539562033763 0.0018616815890912864 0.00015571776891059051 0.00086092447723753692 0.0011230298035638218 0.00039825262836858485 0.0010652631697902347 -0.00014254186355796615 -0.0026966147331864876 -0.0012400743072071383 -0.003393874724319026 0.0023772682709797491 -8.5461077795833144e-05 -0.00053376806538302311 0.0010244231357974423 -0.0013329704153485077 -0.0025890317663738228 0.0025084649515830135 0.00055048876987408822 -0.00091349958441824537 -0.0017179223578287833 -0.0003038657067508633 0.00086101005108155072 0.00012036848976553573 0.0020830816026495467 -0.00059714366584727094 0.0003561615868350149 -0.00014731679236941488 -0.00060574141696202917 -0.0024997952572166173 -6.3156389745102013e-05
leaf_weight=302 657 2714 903 743 8213.5 203 300 726 309 218 385 395 357 2494 1524 219 212 287 533 218 3355 2152 26688.5 214 1665 6731 19644.5 974 842 60943
leaf_count=302 657 2714 903 743 8213 203 300 726 309 218 385 395 357 2494 1524 219 212 287 533 218 3355 2152 26688 214 1665 6731 19641 974 842 60942
internal_value=-2.679e-06 0.000332475 0.000227953 -0.000177187 -2.82487e-05 -5.30373e-05 -0.000767456 -0.00150289 -0.000178361 -0.00151477 0.000458128 0.0011316 -0.0019848 0.000571839 -0.00044008 -0.000851325 0.000171428 -0.000810742 0.000202134 0.000343341 -3.62974e-05 0.000115399 5.97918e-05 -0.00068119 -0.000290946 -8.7178e-05 -0.000266428 -0.000718813 -0.00148482 -2.14455e-05
internal_weight=145122 10286 9629 4421 134836 126404 2893 1286 1607 518 1089 780 1083 5208 3678 2242 718 506 1436 8431.5 123511 31021.5 28869.5 2181 1879 92489.5 24815.5 5171 1816 67674
internal_count=145116 10286 9629 4421 134830 126399 2893 1286 1607 518 1089 780 1083 5208 3678 2242 718 506 1436 8431 123506 31021 28869 2181 1879 92485 24812 5171 1816 67673
is_linear=0
shrinkage=0.03


Tree=69
num_leaves=31
num_cat=0
split_feature=89 53 6 28 85 61 51 80 68 4 25 0 6 12 54 22 72 62 50 52 53 56 72 7 56 30 59 53 81 28
split_gain=1.38775 2.51029 1.92676 2.11619 1.50969 1.5037 1.40923 1.67364 1.35322 1.35015 1.28091 1.23121 2.08875 1.83417 1.70075 1.47923 1.40838 1.22883 1.28971 1.53063 1.68482 1.65958 1.69016 1.49843 1.24816 1.23006 1.21164 1.86226 1.58267 1.20197
threshold=0.7584500014781953 0.018345000222325328 -0.31344999372959131 17.005000114440922 0.89225000143051159 0.026814999990165237 1.0745000243186953 0.89225000143051159 0.32115000486373907 -0.04498500004410743 56.145000457763679 0.014045000076293947 -0.50564998388290394 0.084514997899532332 -0.21714999526739118 -0.52955001592636097 4.5000000000000009 -0.14935000240802762 -0.050145000219345086 0.78984999656677257 -0.13515000045299527 0.025185000151395801 2.5000000000000004 -0.35715000331401819 0.17175000160932544 0.11514999717473985 0.27429999411106115 0.18425000458955768 0.62344998121261608 15.715000152587892
decision_type=2 10 8 10 10 2 8 10 10 2 2 2 10 2 10 2 10 2 8 8 10 8 8 10 10 10 10 10 2 10
left_child=4 2 3 -2 11 10 7 8 -6 -5 -3 12 13 -1 15 -13 17 -14 -19 20 -20 25 -23 -24 -22 29 -26 -28 -29 -21
right_child=1 5 -4 9 6 -7 -8 -9 -10 -11 -12 14 16 -15 -16 -17 -18 18 19 21 24 22 23 -25 26 -27 27 28 -30 -31
leaf_value=-0.0026037282595423078 -0.0017963712876774818 3.4953416635075732e-05 -0.00062512973345286722 0.00068445212132005892 -0.00030658289567663514 0.0019048790988467985 -0.0016700647320280412 0.0018080202253004862 0.00059254468815828879 0.0034030719207989615 -0.0013624497521051114 0.0028371174969745554 -0.0011654479493309912 -0.000418603573799631 -0.0002979244767825012 0.00031838921576468301 0.00052720241024396906 0.00041798658867559977 -0.00083753951818564543 -0.0018474408583285715 0.00029564009498653649 -0.0019274426288085511 0.0013929512027093965 -0.00027878638487750736 0.0010633454100766842 0.00050028834380463558 -0.0032224308060668748 0.00067015024171269034 -0.0019135875747791338 1.1311776256551718e-06
leaf_weight=421 248 21533 11157 702 2017 377 278 794.5 5945 214 606 264 728 1916 15433 1010 6298 8594 1354 324 25434.5 546 494 19217 308 5247 271 523 359 12198
leaf_count=421 248 21533 11157 702 2017 377 278 794 5945 214 606 264 728 1916 15433 1010 6298 8594 1354 324 25434 546 494 19217 308 5247 271 523 359 12193
internal_value=5.29472e-06 -0.000159709 -0.000503949 0.000657111 5.75647e-05 2.86772e-05 0.000429076 0.000495903 0.00036476 0.00132261 -3.35683e-06 2.4309e-05 7.09718e-05 -0.000813189 -0.000210943 0.000842139 9.62121e-05 6.03e-05 7.2234e-05 2.73944e-05 0.000194659 -9.68686e-05 -0.000282482 -0.000236821 0.000246653 0.000114738 -0.000605787 -0.0010522 -0.000382483 -4.68433e-05
internal_weight=144811 34837 12321 1164 109974 22516 9034.5 8756.5 7962 916 22139 100940 84232.5 2337 16707 1274 81895.5 75597.5 74869.5 66275.5 28249.5 38026 20257 19711 26895.5 17769 1461 1153 882 12522
internal_count=144805 34837 12321 1164 109968 22516 9034 8756 7962 916 22139 100934 84227 2337 16707 1274 81890 75592 74864 66270 28249 38021 20257 19711 26895 17764 1461 1153 882 12517
is_linear=0
shrinkage=0.03


Tree=70
num_leaves=31
num_cat=0
split_feature=72 74 67 30 64 17 77 57 19 49 80 87 57 53 27 87 56 30 5 22 12 28 0 0 43 7 54 67 70 64
split_gain=1.57432 1.43862 1.73052 1.60798 1.51709 1.57016 2.04805 1.43205 1.7395 1.37127 1.33503 1.27115 1.25234 1.2023 1.46232 1.26235 1.43899 1.35217 1.30483 1.13147 1.15435 1.10754 1.23359 1.10428 1.38162 1.05918 1.28744 1.37709 1.05838 1.45147
threshold=4.5000000000000009 -0.024385000579059121 0.44374999403953558 0.28094999492168432 0.026314999908208851 -0.017105000093579289 0.99445000290870678 0.46310000121593481 0.41494999825954443 0.62055000662803661 0.8696500062942506 0.9255499839782716 0.078495003283023848 0.14124999940395358 1.1735000014305117 0.75214999914169323 0.055700000375509269 -0.33605000376701349 0.33384999632835394 -0.41994999349117274 0.07605499774217607 20.865000724792484 -0.0044114999473094932 -0.0075544998981058589 0.067275002598762526 1.4764999747276308 0.25045000016689306 0.44975000619888311 0.80164998769760143 0.026314999908208851
decision_type=10 10 10 8 2 2 2 10 2 10 10 2 8 8 8 2 10 10 2 2 2 10 2 2 2 10 8 10 8 2
left_child=1 2 4 9 5 6 12 8 -6 10 19 -7 -1 14 15 17 18 -4 -17 20 -3 -15 -23 -2 -25 -5 27 -27 -21 -30
right_child=23 3 13 25 7 11 -8 -9 -10 -11 -12 -13 -14 21 -16 16 -18 -19 -20 28 -22 22 -24 24 -26 26 -28 -29 29 -31
leaf_value=-0.0012823820286681864 0.0008029524105578115 -0.00081950185706680895 -0.00045285749602064804 -0.00017568991014906221 0.00015538888841362322 -0.00014843312768592824 -0.0025813280819870885 -0.0010464907711732903 0.0028703725175090967 -0.0020609126893564151 0.00057796250442910548 0.002217906393260648 -0.00031264172990046863 0.00052825387148219599 0.00034952873907367991 -0.0008095989126655251 0.00072223471374998455 0.00013947276174207431 -0.0027686731985782924 -0.00020015758320856086 0.00070333207993213316 -0.0016936221426988958 0.00028319618623942399 0.00023182464259721472 -0.001758973008633158 0.00056340769942469268 -0.00097271537917549718 0.0037302288804342276 0.00017908091571344013 -0.0012802609994402949
leaf_weight=1256 3312 500 6013 24484 471 443 377 293 386 250 6105.5 378 25834 5902 5222 1904 455 8194 364 10839.5 4245 458 745 6768 328 322 215 200 28280.5 626
leaf_count=1256 3312 500 6013 24484 471 443 377 293 386 250 6103 378 25834 5902 5222 1904 455 8194 364 10838 4245 458 745 6768 328 322 215 200 28278 626
internal_value=-4.74828e-06 -3.22047e-05 -0.000143789 5.38967e-05 -0.000306179 -0.00034961 -0.000388263 0.00076152 0.00138016 0.000151039 0.000162009 0.000942436 -0.000357648 1.96098e-05 -8.93075e-05 -0.000224678 -0.000816267 -0.000111241 -0.0011251 0.000104916 0.000542726 0.000359158 -0.00047019 0.000350725 0.000139569 -0.000141944 0.000977846 0.00178156 5.26366e-05 0.000147434
internal_weight=145170 134762 58695 76067.5 29438 28288 27467 1150 857 50846.5 50596.5 821 27090 29257 22152 16930 2723 14207 2268 44491 4745 7105 1203 10408 7096 25221 737 522 39746 28906.5
internal_count=145164 134756 58695 76061 29438 28288 27467 1150 857 50840 50590 821 27090 29257 22152 16930 2723 14207 2268 44487 4745 7105 1203 10408 7096 25221 737 522 39742 28904
is_linear=0
shrinkage=0.03


Tree=71
num_leaves=31
num_cat=0
split_feature=46 72 74 31 58 68 16 44 85 66 46 3 25 81 77 61 77 58 16 24 30 74 75 51 4 67 10 71 74 22
split_gain=1.52575 1.49382 1.43927 1.21495 1.75363 1.2049 1.28107 1.3075 1.16457 1.13153 1.28568 1.11595 1.37262 1.39569 1.54087 1.35886 1.18109 1.23454 1.39733 1.29854 1.20077 1.20924 1.17904 1.14655 1.35659 1.07579 1.06832 1.18558 1.05528 1.09147
threshold=0.97044998407363903 4.5000000000000009 -0.011204999871551989 0.034815000370144851 26.125000000000004 0.23725000023841861 -0.11734999716281889 38.000000000000007 0.77335000038146984 -0.079114999622106538 0.01864500064402819 -0.0017625000327825544 22.57499980926514 0.763350009918213 0.42415000498294836 -0.0068094998132437459 0.99805000424385082 45.055000305175788 -0.26084999740123743 0.024234999902546409 0.57655000686645519 -0.024880000390112397 0.81524997949600231 -0.098294999450445161 0.015925000421702865 0.69034999608993541 0.35645000636577612 320.50000000000006 0.04194499924778939 -0.41994999349117274
decision_type=2 10 10 10 10 8 2 2 10 2 2 2 2 2 2 2 2 8 2 2 10 8 2 8 2 10 2 8 10 2
left_child=1 2 11 -2 5 -5 -7 -8 -4 -3 -11 12 25 -14 -15 -16 17 19 -19 20 -13 -22 26 -24 -25 -1 -23 -28 29 -10
right_child=3 9 8 4 -6 6 7 -9 28 10 -12 16 13 14 15 -17 -18 18 -20 -21 21 22 23 24 -26 -27 27 -29 -30 -31
leaf_value=-0.00051742526486574605 0.0015052798140401903 -0.001148856680897217 2.7746634721974773e-05 0.0011855837910035108 -0.0019767678265661241 -0.0027909320327179398 0.0012073731029942181 -0.00049566662481789064 0.0010752062787431913 0.0023346678504290487 0.00037609640923512211 -6.529325017244469e-05 2.9117220671802868e-05 0.00054133862109843759 -2.4568468899295632e-05 -0.0028843894889034609 -0.0017697619162076576 0.0031085136367957449 0.00049936539679209851 -0.0021013129082910545 -0.00026552106205498995 0.00084408992067431816 0.0018499921876895297 -0.0017583935684643106 0.00037091348667607493 0.00014574633955763763 0.0011837850032207459 0.0042320340880068951 0.00084094657986122747 9.0269366439877044e-05
leaf_weight=14349 284 420 44761.5 431 651 203 436 5678 1141 311 9134 28156 16529 336 223 453 329 212 1397 263 1532 1370 298 367 1003 2600 267 202 3022 8939
leaf_count=14349 284 420 44757 431 651 203 436 5678 1141 311 9134 28156 16528 336 223 453 329 212 1397 263 1532 1370 298 367 1003 2600 267 202 3022 8939
internal_value=-5.60262e-06 1.7369e-05 -1.0099e-05 -0.000417009 -0.000490986 -0.000347377 -0.00045214 -0.000374042 0.000100564 0.000373038 0.000440828 -0.000101725 -0.000223167 -3.71267e-05 -0.00111805 -0.00194242 1.66119e-05 3.34218e-05 0.000844861 -5.62455e-06 1.10421e-05 0.000437503 0.000744601 0.00016684 -0.000200359 -0.000415691 0.00126826 0.00250289 0.000349315 0.000201854
internal_weight=145298 137614 127750 7683 7399 6748 6317 6114 57863.5 9865 9445 69886 34490 17541 1012 676 35396 35067 1609 33458 33195 5039 3507 1668 1370 16949 1839 469 13102 10080
internal_count=145292 137609 127744 7683 7399 6748 6317 6114 57859 9865 9445 69885 34489 17540 1012 676 35396 35067 1609 33458 33195 5039 3507 1668 1370 16949 1839 469 13102 10080
is_linear=0
shrinkage=0.03


Tree=72
num_leaves=31
num_cat=0
split_feature=45 80 53 51 64 20 64 55 82 58 28 12 50 5 58 8 81 12 67 60 28 41 81 0 56 58 58 58 45 39
split_gain=1.60437 1.57607 2.04428 1.90031 1.8112 1.7603 1.64803 1.46079 1.4914 1.4932 1.45422 2.21109 1.76697 1.76421 1.7436 1.5009 1.38594 2.29094 1.43277 1.30349 1.38167 1.26195 1.53052 1.48606 1.42954 1.41829 1.40054 2.7814 1.28819 1.26364
threshold=1.3655000329017641 0.54989999532699596 0.2864499986171723 0.27335000038146978 -0.049975000321865075 0.53345000743865978 -0.049975000321865075 1.0000000180025095e-35 0.92054998874664318 18.295000076293949 17.714999198913578 0.45865000784397131 -0.020545000210404393 -0.40934999287128443 37.620000839233406 0.037845000624656684 0.14864999800920489 0.52934998273849498 0.36155000329017645 -0.0049034999683499328 20.98499965667725 -0.095344997942447648 0.27854999899864202 -0.036875000223517411 -0.024450000375509259 49.149999618530281 40.969999313354499 36.755001068115241 1.1624999642372134 0.040945000946521766
decision_type=2 10 10 10 2 2 2 2 2 10 10 2 8 2 8 2 2 2 8 2 10 2 2 2 8 10 10 10 2 2
left_child=1 2 6 -4 -3 21 -1 10 -9 19 11 -8 -13 14 -12 -15 17 18 -7 -10 -21 22 24 29 -6 26 27 28 -25 -23
right_child=-2 4 3 -5 5 16 7 8 9 -11 13 12 -14 15 -16 -17 -18 -19 -20 20 -22 23 -24 25 -26 -27 -28 -29 -30 -31
leaf_value=-0.0020839052790250874 -0.001660721295666926 0.0024064424758006892 0.00085377064577192401 -0.00064357106051036192 0.0025426244919101908 0.001555586333857553 -0.00086735664115094116 -0.0001468538381524665 -0.0028671688655119484 0.0002358277958082464 0.0022787467771051115 0.0021383357497783751 -2.2056918809698305e-05 0.0002583185103678097 0.00010197305858880172 -0.00059281083712919489 -0.00017129067843463057 -0.0036078516987410173 -0.0014406084965162005 -0.0014497511222840364 0.0002105239646669815 -0.0021238640202805802 0.00027046813004172543 0.00014061667654530818 0.00072324999663186203 -0.0020929968876188519 0.001871369628922617 -0.0026393816461468471 0.0015058046680586855 8.9876322347796369e-05
leaf_weight=378 514 311 3643 964 581 219 3031 48362 357 900 721 413 1925 14009 612 2150 5882 293 413 1370 672 485 4162.5 49489 1174 253 423 321 629 444
leaf_count=378 514 311 3643 964 581 219 3031 48362 357 900 721 413 1925 14009 612 2150 5882 293 413 1370 672 485 4162 49485 1174 253 423 321 629 444
internal_value=1.07438e-05 1.66972e-05 -7.29141e-05 0.000540385 0.000126174 0.000115188 -0.000110644 -0.000100607 -0.000188963 -0.000806028 9.90567e-05 -0.000332781 0.00036032 0.000231617 0.00128018 0.000145044 -0.000341157 -0.00141997 -0.000401553 -0.00119682 -0.000903537 0.000168786 0.000583884 0.000121578 0.00132667 0.000143199 0.000154363 0.000139927 0.00015778 -0.00106688
internal_weight=145100 144586 79507 4607 65079.5 64768.5 74900 74522 51661 3299 22861 5369 2338 17492 1333 16159 6807 925 632 2399 2042 57961.5 5917.5 52044 1755 51115 50862 50439 50118 929
internal_count=145096 144582 79507 4607 65075 64764 74900 74522 51661 3299 22861 5369 2338 17492 1333 16159 6807 925 632 2399 2042 57957 5917 52040 1755 51111 50858 50435 50114 929
is_linear=0
shrinkage=0.03


Tree=73
num_leaves=31
num_cat=0
split_feature=80 53 51 82 5 30 28 14 56 66 0 50 60 14 87 56 64 44 70 27 13 54 69 58 58 66 52 66 30 84
split_gain=1.76316 1.74072 1.84509 1.39696 1.4937 1.91438 1.75092 1.59314 1.46287 1.32804 1.72694 1.42371 1.60279 1.53492 1.88206 1.97415 1.36962 1.50016 1.33582 1.32234 1.30807 1.36252 1.40941 1.28206 1.28203 1.57138 1.81579 1.71211 1.44245 1.73904
threshold=0.55314999818801891 0.2864499986171723 0.2104500010609627 0.8980500102043153 -0.24835000187158582 -0.56354999542236317 18.804999351501468 -0.10975000262260436 0.13920000195503238 0.056724999099969871 -0.04019499942660331 -0.092064999043941484 -0.0088760000653564913 0.0023194999666884546 0.65595000982284557 0.04446499980986119 0.024179999716579918 34.000000000000007 0.73035001754760753 0.50935000181198131 0.55000001192092907 0.032265000045299537 0.90955001115798961 31.429999351501468 15.144999980926515 -0.019345000386238095 1.5465000271797182 0.020820000208914283 -0.76434999704360951 0.88674998283386242
decision_type=10 10 10 2 2 8 10 2 8 2 2 10 2 2 2 8 2 2 10 8 2 10 8 10 8 2 10 2 10 10
left_child=1 3 -3 4 5 6 -1 -8 -7 11 -11 12 -2 14 15 -13 -15 -18 -16 -17 21 22 -12 -22 28 -26 -27 -28 -5 -30
right_child=9 2 -4 24 -6 8 7 -9 -10 10 20 13 -14 16 18 19 17 -19 -20 -21 23 -23 -24 -25 25 26 27 -29 29 -31
leaf_value=-0.0014500613701593766 0.0033331997576451318 0.00081651044954720328 -0.00053875069069676286 0.0012709095207584353 -0.00014374064542532593 0.00071676843626115416 0.0014175952065522428 -0.00079561178812916045 -0.0017400651911510211 -0.0024972573167119784 0.0023848052192332607 0.00024974009579354587 0.00062237087348239776 0.00022927930121327582 -0.0017380365961842472 -0.0016596095242421994 -0.00023402643440077964 0.0021693547489913729 -0.00030724729669376929 -0.00025287809342455601 -0.00040126240874813115 -0.00041949732088506945 0.00034032408847812129 -0.0022182496154611229 -0.0010311453020502384 -0.00026043123487993716 0.0028836163801019932 -0.00010712430281004074 -0.0018492517025274181 0.00029578540151826396
leaf_weight=909 247 3444 1225 202 61423 5066 581 588 227 295 350 12766.5 945 33237 924 682 357 675 1610 5039 2875 2037 2245 397 1572 2355 368 323 1568 434
leaf_count=909 247 3444 1225 202 61423 5066 581 588 227 295 350 12761 945 33236 924 682 357 675 1610 5039 2875 2037 2245 397 1572 2355 368 323 1568 434
internal_value=-7.30241e-06 -0.000101211 0.000460893 -0.000135924 -9.5314e-05 0.000308193 -0.000463266 0.000304637 0.000611094 0.00010926 -0.00024751 0.000161052 0.00118642 0.000138925 -6.28908e-05 4.22175e-05 0.000262722 0.00133853 -0.000829451 -0.000420835 -0.000163238 0.000161126 0.000616885 -0.000622332 -0.000545367 -0.000261143 0.000136452 0.00148749 -0.00114051 -0.00138433
internal_weight=144966 80285 4669 75616 68794 7371 2078 1169 5293 64681.5 8199 56482.5 1192 55290.5 21021.5 18487.5 34269 1032 2534 5721 7904 4632 2595 3272 6822 4618 3046 691 2204 2002
internal_count=144960 80285 4669 75616 68794 7371 2078 1169 5293 64675 8199 56476 1192 55284 21016 18482 34268 1032 2534 5721 7904 4632 2595 3272 6822 4618 3046 691 2204 2002
is_linear=0
shrinkage=0.03


Tree=74
num_leaves=31
num_cat=0
split_feature=2 61 63 60 59 81 71 68 82 46 12 3 74 52 7 53 0 41 50 81 58 45 66 8 63 57 52 58 10 53
split_gain=0.988144 1.15009 1.65574 1.51405 1.96357 1.63671 1.59849 1.54445 1.41517 1.39846 1.45742 1.1267 1.09962 1.21166 1.03719 1.71185 1.3766 1.02512 1.00942 0.986707 2.48722 2.82599 2.3406 2.12724 1.96262 1.66545 2.11162 1.51822 1.49107 1.48729
threshold=-0.090625002980232225 0.0089679998345673102 -0.00086229998851194967 -0.032785000279545777 0.96559998393058788 0.34280000627040869 17.500000000000004 0.44525000452995306 0.55204999446868908 0.045564999803900726 0.29614999890327459 -0.12425000220537184 0.08456000313162805 0.93314999341964733 -0.20034999400377271 -0.11545000225305556 -0.044445000588893883 -0.090564999729394899 -0.087060000747442232 0.16184999793767932 14.414999961853029 0.075115002691745772 0.056724999099969871 0.017184999771416191 0.023814999498426918 0.12545000016689303 0.9507499933242799 29.479999542236332 0.41175000369548803 -0.026345000602304932
decision_type=2 2 2 2 10 2 10 8 2 2 2 2 10 8 10 10 2 2 10 2 8 2 2 2 2 10 10 8 2 10
left_child=1 3 8 4 -1 6 7 -5 -3 -7 -11 -10 19 -14 15 -8 -16 -12 -4 20 25 -22 24 -24 -23 28 -27 -25 -2 -30
right_child=12 2 18 5 -6 9 14 -9 11 10 17 -13 13 -15 16 -17 -18 -19 -20 -21 21 22 23 27 -26 26 -28 -29 29 -31
leaf_value=-0.0024107021445740166 -0.00030912951852503519 0.00024872679237678669 -0.0011618863676895717 -0.00082824384470406016 0.00059144603291023706 -0.0013790334518539583 0.0023581995194972283 0.00092663941003705752 -0.0033782825929530966 0.0009933531651609808 6.2285351451324969e-05 -0.00066295392118361526 0.0012406894545324034 -7.0287389259756183e-05 0.003722461573754117 -0.00055581564374504997 0.0014411829694879876 -0.0022474382554057491 0.0010158472562712465 2.8742813369635468e-06 -0.00128256687422356 -9.9540370725205782e-05 0.00024775480320692652 0.0014723212915014978 0.0019811960842000677 0.00018598109075180019 -0.0029036090134355002 0.0044229068652165528 0.00050823265850982236 -0.002459583928769926
leaf_weight=364 4597 330 256 724 423 537 281 1195 323 1226 566 240 1296 1242 279 508 1616 248 752 113519.5 1367 9647 901 482 425 294 615 233 203 600
leaf_count=364 4597 330 256 724 423 537 281 1195 323 1226 566 240 1296 1242 279 508 1616 248 752 113515 1367 9647 901 482 425 294 615 233 203 600
internal_value=2.0473e-06 0.000291862 -0.000371019 0.000450058 -0.000798392 0.000586993 0.00092584 0.000264471 -0.00131097 -1.83755e-05 0.000340298 -0.002224 -1.90731e-05 0.000599373 0.00139843 0.000483674 0.00177884 -0.000643308 0.000462169 -3.08895e-05 -0.000228816 7.55505e-06 0.000158541 0.00121804 -1.15533e-05 -0.000717855 -0.00190523 0.00243868 -0.000517665 -0.00170962
internal_weight=145290 9868 1901 7967 787 7180 4603 1919 893 2577 2040 563 135422 2538 2684 789 1895 814 1008 132884 19364 13055 11688 1616 10072 6309 909 715 5400 803
internal_count=145285 9868 1901 7967 787 7180 4603 1919 893 2577 2040 563 135417 2538 2684 789 1895 814 1008 132879 19364 13055 11688 1616 10072 6309 909 715 5400 803
is_linear=0
shrinkage=0.03


Tree=75
num_leaves=31
num_cat=0
split_feature=75 44 79 26 77 70 61 86 56 53 56 74 1 9 71 11 22 64 70 57 45 57 23 53 48 52 20 61 7 82
split_gain=1.02876 1.79349 1.55062 1.87054 1.80103 1.41307 1.40403 1.61793 1.39081 1.5388 1.37393 1.24415 1.54221 1.23272 1.15786 1.51985 1.4423 1.43394 1.2259 1.19375 1.16292 1.26699 1.17386 1.0923 1.07048 1.065 1.03542 1.01049 1.03987 0.99941
threshold=0.47070001065731054 -61.999999999999993 0.99445000290870678 0.95915001630783092 0.99805000424385082 1.5515000224113467 0.030520000495016578 0.58134999871253978 0.038949999958276756 0.21704999357461932 0.18425000458955768 0.011434999760240318 0.013455000240355732 0.015044999774545433 7.5000000000000009 0.037805000320076949 -0.19064999371767041 0.0024604999925941233 0.91654998064041149 0.15299999713897708 0.63934999704360973 0.11230000108480455 26.275000572204593 0.2864499986171723 0.35095000267028814 1.3514999747276308 0.55035001039505016 -0.0092870001681148989 0.44865000247955328 0.93125000596046459
decision_type=2 2 2 2 2 10 2 2 8 8 8 10 2 2 10 2 2 2 8 10 2 10 2 10 2 8 2 2 10 2
left_child=6 5 4 -4 24 23 8 -8 14 10 11 -10 25 -12 -1 16 26 18 19 -17 21 -19 -23 -2 -3 -13 -16 28 -20 -29
right_child=1 2 3 -5 -6 -7 7 -9 9 -11 13 12 -14 -15 15 17 -18 20 27 -21 -22 22 -24 -25 -26 -27 -28 29 -30 -31
leaf_value=-0.00010720702307313954 -0.00056971532096830948 0.0013227592928352642 0.00040377740060378394 0.0037788802838332734 -0.0018549424072285903 0.00076535378418391038 -0.00040727941781475553 -0.0032296551888846025 -0.00022658866743662122 0.00034548764057206008 -0.0017609011415645414 0.00066506913708597821 -0.0014768685735417186 0.0003433850483680275 3.6909990058685245e-05 0.0014875970230445843 0.00051425293284186667 0.0026424804916466349 0.0016198280451789177 -0.00015516603819674843 -0.0016635734433259226 -0.0014122384543285018 0.00041581392407793891 0.0016532536673937634 -3.101398091003087e-05 -0.00048138679697078634 -0.0013573958249706078 0.0012897722627065356 0.0041352006272324226 -0.00039591715887188908
leaf_weight=7287 10081 529 524 205 484 823 996 223 17717 7032 854 3903 404 354 12165 579 7178 200 571 1269 284 363 2404 202 64660 896 498 2045 200 374
leaf_count=7287 10081 529 524 205 484 823 996 223 17717 7032 854 3903 404 354 12163 579 7176 200 571 1269 284 363 2404 202 64659 896 498 2045 200 374
internal_value=-2.64027e-06 -7.72963e-05 -1.82755e-05 0.00135676 -3.35594e-05 -0.000430144 8.27103e-05 -0.00092582 0.00010119 -4.4994e-05 -0.000158808 -0.000106811 0.000301017 -0.00114447 0.0002298 0.000317102 0.000174555 0.000658247 0.000975167 0.000360057 0.000166974 0.000342694 0.00017557 -0.000525891 -2.00082e-05 0.000450964 -1.8027e-05 0.00133128 0.00227684 0.00102909
internal_weight=145304 77508 66402 729 65673 11106 67796 1219 66577 31160 24128 22920 5203 1208 35417 28130 19841 8289 5038 1848 3251 2967 2767 10283 65189 4799 12663 3190 771 2419
internal_count=145299 77507 66401 729 65672 11106 67792 1219 66573 31160 24128 22920 5203 1208 35413 28126 19837 8289 5038 1848 3251 2967 2767 10283 65188 4799 12661 3190 771 2419
is_linear=0
shrinkage=0.03


Tree=76
num_leaves=31
num_cat=0
split_feature=74 14 12 48 71 53 67 30 12 25 25 69 52 17 53 1 82 54 77 58 6 14 27 20 46 58 3 50 48 15
split_gain=1.15645 1.36682 1.44715 1.27941 1.21105 1.20693 1.6777 1.51607 1.49683 1.46848 1.22075 1.12981 1.49366 1.23009 1.11706 1.23564 1.10967 1.54508 1.40154 1.34323 1.33101 1.29638 1.20122 1.15264 1.13231 1.33944 1.21641 1.4262 1.37814 1.26645
threshold=-0.013964999932795761 0.12975000590085986 0.33605000376701361 0.39364999532699591 10.500000000000002 0.14314999431371692 0.72425001859664928 -0.096999999135732637 0.96815001964569103 56.145000457763679 31.464999198913578 1.2145000100135805 1.2175000309944155 -0.33165000379085535 0.038504999130964286 -0.054515000432729714 0.93485000729560863 0.14365000277757647 0.94024997949600231 15.654999732971193 -0.29704999923706049 -0.092985000461339937 0.78685000538826 0.57504999637603771 0.9556500017642976 19.170000076293949 0.023664999753236774 0.11105000227689744 2.1115000247955327 -0.096234999597072587
decision_type=10 2 2 2 10 8 10 8 2 2 2 10 8 2 10 2 2 10 2 10 8 2 10 2 2 8 2 8 2 2
left_child=5 3 -3 -2 -4 8 9 10 16 -7 -8 13 -13 -5 -15 -16 24 18 19 20 -18 -22 -23 -21 26 -26 27 29 -28 -1
right_child=1 2 4 11 -6 6 7 -9 -10 -11 -12 12 -14 14 15 -17 17 -19 -20 23 21 22 -24 -25 25 -27 28 -29 -30 -31
leaf_value=6.7139961003424376e-05 0.0013061070097001722 0.00084899401807315067 0.00025584237162812231 0.00049157631735610306 -0.00071344082020564806 6.6908364673278896e-05 0.00085548109959647848 0.0018134799399327388 0.0016618688435296046 -0.0019634280139697851 -0.0016599748576118145 1.7023817672743461e-05 -0.0015808864381454501 -7.0363646821290434e-05 0.0010271023700204579 0.00015968646434723658 -0.0035620897586434897 0.00012989701751697186 -0.0030404987064585518 -0.0011636976873552226 0.00084180327556215417 -0.0032142022741191143 -0.00055081937113197186 0.00040139826770375426 -0.00034499009859018586 -0.0021643185786703284 6.3878909168723624e-05 -0.0025652665305862447 0.0019800382152366778 -0.0003269513902993604
leaf_weight=11049 810 843 1539 7489 4706 16401 530 949 402 326 257 1499 810.5 24003.5 1562 27201.5 247 1646 277 752 233 283 330 967 1234 516 16216 229 344 21854
leaf_count=11049 810 843 1539 7489 4706 16401 530 949 402 326 257 1499 810 24000 1562 27201 247 1646 277 752 233 283 330 967 1234 516 16216 229 344 21853
internal_value=-9.27741e-06 7.80021e-05 -0.000317057 0.00012219 -0.000474571 -9.12317e-05 0.000119377 0.00100679 -0.000159959 2.72232e-05 3.29784e-05 0.000106842 -0.000544191 0.000131804 8.07343e-05 0.000206825 -0.000173025 -0.000612458 -0.00100794 -0.000806712 -0.00162849 -0.00106042 -0.00178364 -0.000283553 -0.000132566 -0.000882362 -0.000106144 -0.000211078 0.0001038 -0.000194615
internal_weight=145506 70463.5 7088 63375.5 6245 75042 18463 1736 56579 16727 787 62565.5 2309.5 60256 52767 28763.5 56177 4735 3089 2812 1093 846 613 1719 51442 1750 49692 33132 16560 32903
internal_count=145500 70459 7088 63371 6245 75041 18463 1736 56578 16727 787 62561 2309 60252 52763 28763 56176 4735 3089 2812 1093 846 613 1719 51441 1750 49691 33131 16560 32902
is_linear=0
shrinkage=0.03


Tree=77
num_leaves=31
num_cat=0
split_feature=75 62 0 56 46 82 64 62 87 75 65 3 6 42 8 64 0 59 28 48 61 44 56 89 79 26 1 69 81 0
split_gain=1.47001 1.49293 2.14164 1.99067 1.93416 1.81095 1.68282 1.39885 1.88024 1.34925 1.34211 1.46325 1.32063 1.67807 1.29394 2.08041 1.28593 1.22208 1.21019 1.62803 1.1939 1.14742 1.12497 1.10989 1.10917 1.4606 1.04648 1.12798 1.03129 1.16974
threshold=0.25425000488758093 -0.092025000602006898 -0.038455000147223466 0.050130000337958343 0.3530499935150147 0.9048999845981599 -0.012850000057369469 0.11904999986290933 0.071569997817277922 0.21354999393224719 -0.0047480000648647538 -0.021645000204443928 -0.50564998388290394 -0.23865000158548352 -0.091554999351501451 0.012474999763071539 0.096330001950263991 0.72364997863769542 19.775000572204593 0.9240500032901765 -0.0010469999979250131 50.000000000000007 0.20935000479221347 0.015664999838918451 0.99445000290870678 0.95324999094009411 -0.015835000202059742 1.2064999938011172 0.8160499930381776 0.013764999806880953
decision_type=2 2 2 8 2 2 2 2 2 2 10 2 10 2 2 2 2 10 10 2 2 2 8 2 2 2 2 10 2 2
left_child=1 2 -1 6 5 -5 10 14 -9 -4 11 -3 -12 -14 15 17 23 -8 -6 22 -19 26 -20 -2 -25 -26 27 -16 29 -23
right_child=16 3 9 4 18 -7 7 8 -10 -11 12 -13 13 -15 21 -17 -18 20 19 -21 -22 28 -24 24 25 -27 -28 -29 -30 -31
leaf_value=-0.0033327596507561415 -0.0017205366855445072 -0.0018089449423392841 -0.00058515619489609284 -0.00037379897312007714 0.00057796449102397846 -0.0023130651996407137 -0.00098725731155374446 -0.0033137509624569491 -0.00013288145971537908 0.0012381086198709754 -0.00089069104356416658 0.0014189597962373126 0.0040108640485209766 0.0011841935547335829 0.00032623855289601279 0.0037094725619156864 -0.0015215158987835105 7.7920559823933913e-05 -0.00089753316939119351 0.00034127447348319886 0.0032091578534480343 -0.00027362821082160024 0.0014011300616673127 -5.8331259016708615e-05 0.00032517927559448109 0.0032119523842210089 0.00094837742568430034 -0.001405991160399188 0.0010686384658933653 -0.0025796848981239195
leaf_weight=222 358 298 2082 3757 3900 489 278 213 766 442 250 218 202 2794 8149.5 257 540 233 2200 3108 206 2504 209 106933.5 654 207 2539 352 467 214
leaf_count=222 358 298 2082 3757 3900 489 278 213 766 442 250 218 202 2794 8148 257 540 233 2200 3108 206 2504 209 106929 654 207 2539 352 467 214
internal_value=-7.30571e-06 0.000157844 -0.000514599 0.000212808 -6.6138e-05 -0.000597631 0.000403933 0.000271003 -0.000827615 -0.000265504 0.000975376 -0.000445111 0.00120125 0.00137605 0.000341814 0.00139911 -6.25369e-05 0.00056697 0.000173543 -0.000112398 0.0015512 0.00026933 -0.000697607 -5.52383e-05 -4.96917e-05 0.00102213 0.000414035 0.00025436 -0.00023225 -0.000456076
internal_weight=145042 36349.5 2746 33603.5 13663 4246 19940.5 16178.5 979 2524 3762 516 3246 2996 15199.5 974 108692 717 9417 5517 439 14225.5 2409 108152 107794 861 11040.5 8501.5 3185 2718
internal_count=145036 36348 2746 33602 13663 4246 19939 16177 979 2524 3762 516 3246 2996 15198 974 108688 717 9417 5517 439 14224 2409 108148 107790 861 11039 8500 3185 2718
is_linear=0
shrinkage=0.03


Tree=78
num_leaves=31
num_cat=0
split_feature=67 53 80 53 82 45 60 47 82 25 8 51 56 48 63 25 67 51 20 56 77 74 80 88 56 54 59 61 50 10
split_gain=1.47249 1.61811 1.34462 1.73165 1.47389 1.66283 1.55284 1.46262 1.6165 1.80058 1.43704 1.46086 1.43628 1.389 1.37679 1.79494 1.45412 1.32736 1.31782 1.94561 1.47484 1.62746 1.5617 1.70749 1.46867 1.40788 1.53948 1.24209 1.21773 1.19754
threshold=0.75784999132156383 0.081275001168251051 0.22245000302791598 0.2864499986171723 0.8980500102043153 0.19434999674558642 0.0040695001371204862 -2.4999999999999996 0.14205000549554828 19.785000801086429 -0.0097364997491240484 0.22645000368356707 -0.05386999994516372 0.74545001983642589 -0.0035455001052469011 20.605000495910648 0.35435000061988836 0.27335000038146978 0.28045000135898596 -0.087055001407861696 0.022900000214576725 -0.058159999549388879 0.96205002069473278 0.96635001897811901 0.18425000458955768 -0.09917499870061873 0.9930500090122224 -0.012440000195056198 0.0038134999340400104 0.50835001468658458
decision_type=10 10 10 10 2 2 2 2 2 2 2 8 8 2 2 2 8 10 2 10 2 10 10 2 10 10 8 2 10 2
left_child=2 -2 3 4 5 12 10 8 27 -10 13 -12 28 -6 -8 -16 -17 -5 19 -9 21 -20 25 -24 -21 26 -22 -4 -1 -14
right_child=1 -3 7 17 6 -7 14 18 9 -11 11 -13 29 -15 15 16 -18 -19 20 24 22 -23 23 -25 -26 -27 -28 -29 -30 -31
leaf_value=0.0006185184510018655 3.4069283680707968e-05 0.0008061941776658551 -0.0017410930405583841 0.0011129587578177472 -0.0023431312769018817 -5.0898950221084244e-05 -0.0013938882110362473 -0.0014701435398194781 -7.9894012506432472e-05 0.0004814471557017175 -0.0020896337705525185 0.00064334436755891496 -0.0007786080484919924 9.9105389990935752e-05 -0.0011392257724304538 0.0002786655986033792 0.0033465041106264365 -0.0010560397652630662 -0.003088031971083296 0.00018974345261644888 6.5227475709919499e-05 -0.00021547764704810105 0.00029644406038701552 0.0028704505516160051 -0.001556773280509475 -0.00025395760945389715 0.0017385727599595806 -0.00016091690980289344 -0.0017005804532950165 -0.002902800511900156
leaf_weight=1142 6386 3955 526 1386 264 19412 381 676 7742 15316 1443 200 4058 1002 289 286 270 310 319 24950 8609 399 3392 248 440 37479 524 2977 247 253
leaf_count=1142 6386 3955 526 1386 264 19412 381 676 7742 15314 1443 200 4058 1002 289 286 270 310 319 24947 8609 399 3391 248 440 37479 524 2976 247 253
internal_value=-1.55324e-05 0.000329424 -4.20487e-05 -0.00021558 -0.000269631 -0.000183194 -0.000794392 9.78444e-06 0.000201752 0.000292975 -0.0011717 -0.00175676 -0.000633654 -0.000411624 0.000101091 0.00077601 0.00177178 0.000716114 -5.64053e-05 0.000117101 -0.000145137 -0.00149424 -0.000125831 0.000472556 0.000159417 -0.000172569 0.000161414 -0.000398621 0.000205196 -0.000903915
internal_weight=144881 10341 134540 30943 29247 25112 4135 103597 26561 23058 2909 1643 5700 1266 1226 845 556 1696 77036 26066 50970 718 50252 3640 25390 46612 9133 3503 1389 4311
internal_count=144874 10341 134533 30943 29247 25112 4135 103590 26558 23056 2909 1643 5700 1266 1226 845 556 1696 77032 26063 50969 718 50251 3639 25387 46612 9133 3502 1389 4311
is_linear=0
shrinkage=0.03


Tree=79
num_leaves=31
num_cat=0
split_feature=50 80 63 80 58 60 76 52 61 59 60 61 54 1 87 58 39 71 20 76 61 46 6 6 17 80 64 10 64 60
split_gain=1.09573 1.26384 1.51997 1.60698 1.54029 1.44405 1.73515 1.52129 1.67734 2.37689 1.32522 1.57982 1.51271 2.3379 1.73659 2.0164 1.86903 1.70072 1.49398 1.52469 1.37282 1.33096 1.32499 1.29369 1.26221 1.24645 1.22425 2.23007 1.54971 1.21709
threshold=-0.045114999637007706 0.54989999532699596 0.013474999926984312 0.62075001001358043 18.295000076293949 0.0012735000345855953 0.79754999279975902 1.0264999866485598 0.010649999603629114 0.59819999337196361 0.013104999903589489 0.018515000119805339 -0.050414999946951859 1.0000000180025095e-35 0.89894998073577892 25.474999427795414 0.051355000585317619 61.500000000000007 0.30644999444484716 0.97044998407363903 0.011089999694377186 0.24954999983310702 0.35895000398159033 -0.35175000131130213 -0.073095001280307756 0.11244999989867212 -0.0016895000007934866 0.46514999866485601 0.0065405000932514676 0.028925000689923767
decision_type=8 10 2 10 8 2 2 10 2 8 2 2 10 2 2 8 2 8 2 2 2 2 8 8 2 10 2 2 2 2
left_child=29 10 -3 -4 24 6 -6 8 -7 -10 11 12 13 17 15 16 26 23 -16 -20 -17 -18 -12 -2 -5 -19 27 -15 -28 -1
right_child=1 2 3 4 5 7 -8 -9 9 -11 22 -13 -14 14 18 20 21 25 19 -21 -22 -23 -24 -25 -26 -27 28 -29 -30 -31
leaf_value=0.00026417218796779749 0.0010377723000150791 0.00013255512175925147 0.00066996213840474434 -0.00062435615985062987 0.00023139677902193301 -0.0033986026770413389 -0.0021637556065800027 0.0001091542014773561 -0.0034413034898393294 0.00021707903925521574 0.00043346403781326217 -0.0019715103059901266 -0.00027593918703503378 0.00011049337521131207 0.00087594196135770382 0.0016740920651838315 -0.0033334296742415894 -0.0015788204858006589 -0.0021674896124338032 0.000685834239197862 -0.00082386813002209461 -7.9048041551512617e-05 -0.0013806804543398273 -0.000157027133379535 0.00051139749442871349 -0.0004359875329398242 0.00095007405278041445 -0.0024044525371009827 7.4452879215668489e-05 -0.0015018060127555972
leaf_weight=16268 897 49815 1248.5 1820.5 1156 531 355 350 254 428 5484 428 35511 3828 345 1478 218 1218 666 225 228 234 387 8889 1704 2912 3940 345 3379 358
leaf_count=16268 897 49815 1248 1815 1156 531 355 350 254 428 5484 428 35511 3828 345 1478 218 1218 666 225 228 234 387 8889 1702 2912 3940 345 3379 358
internal_value=-3.08169e-06 -3.27828e-05 7.14224e-05 -0.000316633 -0.000503379 -0.000994055 -0.000332388 -0.00163309 -0.00213547 -0.00114847 -0.000117877 -0.000157015 -0.000144909 1.66456e-05 0.000277968 0.000375485 0.000237625 -0.000262892 -0.000798416 -0.00144699 0.00133996 -0.00165253 0.000313666 -4.74151e-05 -7.52608e-05 -0.000773327 0.000312106 -9.79543e-05 0.000545887 0.000226058
internal_weight=144900 128274 57662 7847 6598.5 3074 1511 1563 1213 682 70612 64741 64313 28802 14886 13650 11944 13916 1236 891 1706 452 5871 9786 3524.5 4130 11492 4173 7319 16626
internal_count=144892 128266 57654 7839 6591 3074 1511 1563 1213 682 70612 64741 64313 28802 14886 13650 11944 13916 1236 891 1706 452 5871 9786 3517 4130 11492 4173 7319 16626
is_linear=0
shrinkage=0.03


Tree=80
num_leaves=31
num_cat=0
split_feature=74 14 85 48 64 74 82 59 17 59 77 83 5 48 75 7 57 12 59 75 14 74 83 69 46 46 46 77 63 83
split_gain=1.30176 1.94823 1.48063 1.34318 1.1659 1.76105 1.26835 2.49191 1.51905 2.07768 1.7038 1.66215 1.54065 1.75422 1.31033 1.20577 1.16116 1.14787 1.13362 1.11996 1.34087 1.08526 1.12575 1.0949 1.12194 1.05721 1.21185 1.49155 1.42788 1.0391
threshold=-0.029110000468790528 0.1324499994516373 0.7851499915122987 0.47134999930858618 0.021940000355243686 -0.086314998567104326 0.80939999222755443 0.99509999155998241 -0.11935000121593474 0.092259999364614501 0.96635001897811901 0.88249999284744274 -0.31434999406337732 1.1784999966621401 0.015519999898970129 -0.42845000326633448 0.085294999182224288 0.32805000245571142 0.12400000169873239 0.8038499951362611 -0.010865000076591967 0.057230001315474517 0.3793999999761582 1.0655000209808352 0.83355000615119945 0.8696500062942506 0.560350000858307 0.86524999141693126 -0.0061695000622421494 0.75225001573562633
decision_type=10 2 10 2 2 10 2 10 2 8 2 8 2 2 2 10 10 2 8 2 2 10 8 8 2 2 2 2 2 8
left_child=4 2 -2 -4 6 -6 -1 8 9 16 12 -12 13 -11 -14 -15 -8 29 -16 20 -18 22 -19 24 -24 26 27 -20 -28 -3
right_child=1 17 3 -5 5 -7 7 -9 -10 10 11 -13 14 15 18 -17 19 21 25 -21 -22 -23 23 -25 -26 -27 28 -29 -30 -31
leaf_value=-6.4865759262143984e-05 4.9055886388203373e-05 -0.0012359297935080784 0.0022225337586749909 0.00033868347402562669 0.00081517512895140946 -0.00075882475731643012 -0.0031312103427070027 0.0025522267830184126 7.866984670745697e-05 -0.00023192465611584362 -0.0039376092552301694 -0.00041591341296992119 -0.0024700831160555745 0.0036724235464190673 0.0013624905963309558 0.00070678304695071372 -0.0018088972883209577 0.0014671555383166555 -0.00047187059313232211 -0.0030302305990338313 0.00036697908773820735 0.00030307135482107392 -0.0023102193019194045 -9.0323597366616292e-05 -0.00083803171680029982 0.0015213519930006474 0.00015720616156483758 0.0020361143723751107 -0.0018240168808913982 0.0011847713286785092
leaf_weight=41144 63935.5 207 348 14275.5 2559 852 356 253 3668 917 241 241 300 214 297 291 525 208 4152 240 494 1189 540 1509 3381 217 447 224 1221 686
leaf_count=41144 63928 207 348 14275 2559 852 356 253 3668 917 241 241 300 214 297 291 525 208 4152 240 494 1189 540 1509 3381 217 447 224 1221 686
internal_value=-7.54978e-06 6.66557e-05 0.000111346 0.000383663 -0.000116335 0.000421914 -0.000149457 -0.000392856 -0.000446085 -0.000631562 -0.000449207 -0.00218127 -0.000348128 0.000550277 -0.000534464 0.00196828 -0.00162002 -0.00038807 -0.000445555 -0.00119056 -0.000754731 -0.000520379 -0.00069406 -0.000777102 -0.00104132 -0.000531526 -0.000605471 -0.000343055 -0.0012933 0.000622891
internal_weight=145132 86279 78559 14623.5 58853 3411 55442 14298 14045 10377 8762 482 8280 1422 6858 505 1615 7720 6558 1259 1019 6827 5638 5430 3921 6261 6044 4376 1668 893
internal_count=145124 86271 78551 14623 58853 3411 55442 14298 14045 10377 8762 482 8280 1422 6858 505 1615 7720 6558 1259 1019 6827 5638 5430 3921 6261 6044 4376 1668 893
is_linear=0
shrinkage=0.03


Tree=81
num_leaves=31
num_cat=0
split_feature=80 54 62 53 15 47 39 71 23 58 25 71 71 71 89 8 63 58 56 63 52 18 89 61 60 60 45 30 54 81
split_gain=1.43343 1.58075 1.45194 1.81603 1.6655 1.43215 1.78002 1.5298 1.48362 1.95507 1.47043 1.43773 1.48526 1.22307 1.50549 1.31651 1.32543 1.21532 2.07499 1.53939 1.44455 1.17341 1.16904 1.32936 1.16579 1.6274 1.16097 1.25573 1.15958 1.15175
threshold=0.54989999532699596 -0.06655500084161757 0.036395000293850906 -0.1190499998629093 -0.31184999644756312 1.0000000180025095e-35 0.069524999707937254 26.500000000000004 46.844999313354499 18.619999885559086 22.035000801086429 2.5000000000000004 188.50000000000003 5.5000000000000009 0.74584999680519115 0.033834999427199371 0.0091834999620914477 37.340000152587898 -0.13435000181198117 -0.00086229998851194967 1.2874999642372134 0.5677500069141389 0.31590001285076147 0.0054079999681562194 0.0019285000162199142 0.003556999959982932 -0.076099999248981462 -0.75624999403953541 0.15335000306367877 0.28655000030994421
decision_type=10 10 2 10 2 2 2 8 2 8 2 8 8 10 2 2 2 8 10 2 10 2 2 2 2 2 2 10 10 2
left_child=1 2 3 17 -4 10 7 8 -7 13 21 -12 22 14 -10 28 -17 18 -1 -19 -20 -2 23 29 -14 -26 27 -3 -15 -13
right_child=5 26 4 -5 -6 6 -8 -9 9 -11 11 12 24 15 -16 16 -18 19 20 -21 -22 -23 -24 -25 25 -27 -28 -29 -30 -31
leaf_value=0.0041769758534567067 0.00026157081085882771 -7.4300453393855165e-05 -0.0017305446169575453 0.00010449693164437219 -0.00016056908972100767 -0.001178968975370097 -0.0014639473636334221 0.0001306130862037794 -0.00017019902194401892 -0.00084965463926476421 -0.00096445746638292821 0.0021161686894438057 0.00031519908901840452 -4.6324584466199314e-05 0.0017994160627112378 -0.0012690353199603843 0.00082872455863326365 -0.0019275321778974657 8.9134014585562428e-07 0.001171165280402144 0.0024561843951987857 -0.00029276543556245503 0.00039771110425336758 0.00022478723338531832 -0.0031247372058782279 -0.00030259630069716658 -0.00018778201314094252 -0.0024007331979720411 0.0013320134588268413 0.00093861187990015892
leaf_weight=238 7472 392 664 23349 7116 1507 774 22415.5 641 2632 650 1060 2313 2679 766 1241 346 226 517 395 369 6362 8449 1509 226 970 46199 446 690 2543
leaf_count=238 7472 392 664 23349 7116 1507 774 22414 641 2632 650 1060 2313 2679 766 1241 346 226 517 395 369 6362 8446 1509 226 970 46199 446 690 2541
internal_value=-1.11422e-05 -9.63267e-05 6.3276e-05 0.000174289 -0.000294767 9.31894e-05 -4.2832e-05 -9.37334e-06 -0.000308145 -0.000162134 0.000238422 0.000419364 0.000472111 0.000122342 0.000902617 -9.93147e-05 -0.000811445 0.00110755 0.0016956 4.21731e-05 0.00102508 6.63912e-06 0.00061445 0.000972523 -7.79959e-05 -0.000838042 -0.000207871 -0.00131386 0.000236282 0.00128554
internal_weight=145156 79911 32874 25094 7780 65245.5 33691.5 32917.5 10502 8995 31554 17720 17070 6363 1407 4956 1587 1745 1124 621 886 13834 13561 5112 3509 1196 47037 838 3369 3603
internal_count=145150 79911 32874 25094 7780 65239 33690 32916 10502 8995 31549 17715 17065 6363 1407 4956 1587 1745 1124 621 886 13834 13556 5110 3509 1196 47037 838 3369 3601
is_linear=0
shrinkage=0.03


Tree=82
num_leaves=31
num_cat=0
split_feature=68 53 57 57 58 71 67 31 59 30 23 87 20 79 58 63 41 65 83 62 5 65 69 70 81 22 41 24 53 0
split_gain=1.2467 1.71863 1.5308 1.3402 1.30853 1.2878 1.29546 2.18833 1.54046 1.46864 1.35217 1.82734 1.25247 1.76613 1.20567 1.4418 1.28908 1.80068 1.18882 1.16665 1.15619 2.22529 2.16118 1.74784 1.73569 1.54743 1.55622 1.43538 1.42066 1.80378
threshold=0.68445000052452099 0.079934999346733107 0.12934999912977221 0.12680000066757205 18.554999351501468 616.50000000000011 0.35435000061988836 0.25274999439716345 0.81250000000000011 0.65424999594688427 58.944999694824226 0.63564997911453258 0.62475001811981212 0.98094999790191661 33.590000152587898 0.0010022500064224007 -0.15955000370740888 0.0084700002335011976 0.39225000143051153 0.064245000481605544 -0.17224999517202375 -0.0074159998912364236 1.2145000100135805 0.93895000219345104 0.05152500048279763 -0.64910000562667836 0.13964999467134478 -0.00048039999091997737 0.041354998946189887 0.015554999932646753
decision_type=10 10 10 8 8 8 8 10 10 10 2 2 2 2 10 2 2 8 8 2 2 10 10 8 2 2 2 2 8 2
left_child=5 4 3 -3 -2 20 7 8 9 -7 11 -8 13 -12 15 19 -16 -18 -13 -6 21 -1 23 24 -23 -22 28 -28 29 -27
right_child=1 2 -4 -5 14 6 10 -9 -10 -11 12 18 -14 -15 16 -17 17 -19 -20 -21 25 22 -24 -25 -26 26 27 -29 -30 -31
leaf_value=-0.00061756829779922601 0.00043108995340667772 0.00034420052289815432 0.001167751229434679 -0.0022321723946370185 -0.0016605262694418769 -0.0010720760437541289 -0.00014870884174915985 -0.0015739755639597073 0.0020995996305201011 0.0016479225977106236 0.00038757603098840693 -0.0023698847547601997 -0.0011547487685625182 0.0031665943028721293 -0.0012376747370571276 2.9385726023815107e-05 2.0647969044324372e-05 0.0028361617983967621 -0.00066555529139127859 0.00030735933292657649 0.0014479808226880724 -0.0010985121399859103 -0.0015336732246329786 0.00075780935047472045 0.00030647104779579152 -6.4750690988440865e-05 0.00077478288670955985 -0.0007870906976467436 7.9985930120228763e-05 -0.00060569726989653642
leaf_weight=2308 3626 1599 2860 204 1317 788 8453 1655 267 230 2542 555 414 223 294 1492 557 322 1095 341 628 972 504 7587 4238 33346.5 609 4023 55261 6654
leaf_count=2308 3626 1599 2860 204 1317 788 8453 1655 267 230 2542 555 414 223 294 1492 557 322 1095 341 628 972 504 7587 4238 33342 609 4023 55259 6654
internal_value=-5.86942e-06 0.000279119 0.000736291 5.16217e-05 1.08764e-05 -3.30282e-05 -0.0002834 -0.000853114 7.58125e-05 -0.000456524 -0.000157238 -0.000327028 0.000382296 0.00061277 -0.000341604 -0.000647281 0.000479121 0.00105409 -0.00123992 -0.00125585 1.94782e-06 0.000242157 0.000391372 0.000467302 4.41908e-05 -3.53539e-05 -4.46936e-05 -0.000581618 -1.85803e-05 -0.000154749
internal_weight=144964 12612 4663 1803 7949 132352 16222 2940 1285 1018 13282 10103 3179 2765 4323 3150 1173 879 1650 1658 116130 15609 13301 12797 5210 100522 99893.5 4632 95261.5 40000.5
internal_count=144958 12612 4663 1803 7949 132346 16222 2940 1285 1018 13282 10103 3179 2765 4323 3150 1173 879 1650 1658 116124 15609 13301 12797 5210 100515 99887 4632 95255 39996
is_linear=0
shrinkage=0.03


Tree=83
num_leaves=31
num_cat=0
split_feature=45 80 58 15 68 39 2 45 76 71 62 82 62 66 22 88 78 56 3 65 39 75 56 28 58 62 8 57 86 81
split_gain=1.12763 1.08619 1.33707 1.84123 1.60315 1.5438 1.7357 1.69875 1.68609 1.43926 1.58428 1.64418 1.52402 1.32373 2.07556 1.54389 1.51801 1.59509 1.55116 1.36747 1.30662 1.2449 1.48785 1.33748 1.26348 1.23537 1.22894 1.21065 2.05378 1.14082
threshold=1.3655000329017641 0.55314999818801891 19.309999465942386 0.97425001859664928 0.57335001230239879 0.024844999425113205 -0.096085000783205018 1.1624999642372134 0.84955000877380382 15.500000000000002 0.0011994999949820342 0.57170000672340404 -0.085829999297857271 0.056724999099969871 -0.67074999213218678 0.9101499915122987 0.38345000147819525 0.013900000136345627 -0.04936499893665313 0.011785000097006561 0.022564999759197239 0.77404999732971203 0.016910000704228881 21.244999885559086 24.35999965667725 0.12830000370740893 -0.050784999504685395 0.13515000045299533 0.96635001897811901 0.67465001344680797
decision_type=2 10 8 2 8 2 2 2 2 8 2 2 2 2 2 2 2 8 2 10 2 2 8 10 10 2 2 10 2 2
left_child=1 13 3 4 5 8 -7 -8 -3 10 11 12 -4 15 -15 25 17 20 -19 -18 -16 -11 24 -24 29 -1 -27 -6 -29 -23
right_child=-2 2 9 -5 27 6 7 -9 -10 21 -12 -13 -14 14 16 -17 19 18 -20 -21 -22 22 23 -25 -26 26 -28 28 -30 -31
leaf_value=-4.6596667514670897e-05 -0.001412396754517431 0.00031302009985701053 0.000169942716828846 -0.0024474311504465865 0.00025776793749865033 0.001121198448774548 -0.00014150406570498497 0.0023273367687920471 0.0018812385132694813 0.00014563489817391261 4.3006425750182967e-05 -0.00015819838029192815 -0.0024053122633797552 0.002199346055771332 0.0032151677814007055 -0.00057901203519567228 -8.4051389436679423e-05 -0.0013005141964924619 0.00044553394003440651 -0.0021314614151675885 0.00086403980951088393 -0.0004446227736751375 -0.00022181246114274652 0.0017492675220128148 -0.00035127955378307926 -0.002008903406196682 -0.00039756095451312396 0.00095986572225139667 -0.0019415475988517636 -0.0025934862482042366
leaf_weight=60174 511 4951 261 236 9583 1083 20133.5 253 704 14337 1742 846 993 465 237 6084 4738 612 1809 312 2023 353 1677 379 1250 493 3101 4882 229 602
leaf_count=60174 511 4951 261 236 9579 1083 20133 253 704 14337 1742 846 993 465 237 6084 4738 612 1809 312 2023 353 1677 379 1250 493 3101 4882 229 602
internal_value=-6.99191e-06 -2.01366e-06 8.96056e-05 0.000189384 0.000204323 6.76027e-05 -4.85592e-05 -0.000110753 0.000508548 -9.73876e-05 -0.000625914 -0.00118056 -0.00186961 -7.58313e-05 0.000243469 -0.000122441 0.00014979 0.000538921 3.79902e-06 -0.000210942 0.00111191 1.1824e-05 -0.000438339 0.000142207 -0.000979474 -7.8872e-05 -0.000619091 0.00045668 0.000829513 -0.00180049
internal_weight=145054 144542 64494.5 42054.5 41818.5 27124.5 21469.5 20386.5 5655 22440 3842 2100 1254 80048 10196 69852 9731 4681 2421 5050 2260 18598 4261 2056 2205 63768 3594 14694 5111 955
internal_count=145049 144538 64490 42050 41814 27124 21469 20386 5655 22440 3842 2100 1254 80048 10196 69852 9731 4681 2421 5050 2260 18598 4261 2056 2205 63768 3594 14690 5111 955
is_linear=0
shrinkage=0.03


Tree=84
num_leaves=31
num_cat=0
split_feature=46 58 0 71 45 71 4 60 63 85 21 78 56 66 52 1 71 76 45 32 11 7 23 86 56 53 61 53 0 6
split_gain=1.2452 1.48153 1.46005 1.65812 1.69279 1.65694 1.24644 1.08753 1.15821 1.03807 1.36288 1.1767 2.05862 2.16184 1.73932 1.34467 1.28029 1.55855 1.4695 1.20738 1.23961 1.18587 1.8621 1.30656 1.24543 2.96534 1.37697 1.1504 1.14567 1.13011
threshold=0.9556500017642976 25.750000000000004 0.035724999383091934 1.5000000000000002 1.3655000329017641 23.500000000000004 0.50145000219345104 -0.0017310000257566569 0.018410000018775467 0.71244999766349804 0.41605000197887426 0.72804999351501476 -0.051495000720024102 0.0041074999608099469 0.87154999375343334 -0.066815000027418123 18.500000000000004 0.59305000305175792 0.18595000356435779 0.35005000233650213 0.080324999988079085 -0.055880000814795487 46.43499946594239 0.39119999110698706 0.0296000000089407 0.094565000385046019 0.0098775001242756861 0.34774999320507055 0.022805000655353073 -0.29704999923706049
decision_type=2 10 2 10 2 10 2 2 2 10 2 2 8 2 10 2 8 2 2 10 2 8 2 2 8 10 2 10 2 10
left_child=9 2 7 -4 5 -5 -3 -2 -9 11 -11 16 13 -13 -15 -14 21 -18 -19 20 -20 22 -1 -24 28 26 -26 29 -23 -17
right_child=1 6 3 4 -6 -7 -8 8 -10 10 -12 12 15 14 -16 27 17 18 19 -21 -22 24 23 -25 25 -27 -28 -29 -30 -31
leaf_value=-0.00054773225375329474 0.00023219347504799362 -0.0022370242927237495 0.002271105222444733 -0.0010544879290287701 -0.0021574470630288845 0.0011833069046922567 0.00031592561515572014 -0.00079109066901602611 0.0010190773643512529 0.00027236936651678373 -0.00012752716553010221 0.00019926776840151526 0.0017636951140430632 -0.0018042775369494413 3.2808065575984667e-05 0.0018808887668609255 8.7845957115586273e-05 -0.0015196797085977644 3.3600088773158045e-05 -0.0005397892595761139 -0.0022250443643727445 3.6962583599068084e-06 0.0019139938757560167 0.00027583478389159983 -0.0012018823154796546 -0.00019796919623882693 -0.0030200730724584822 -0.00075504744373041917 -0.0016881376892561094 0.00030044907967663481
leaf_weight=2115 1655 612 382 430 256 963 239 4410 342 27935 10572.5 2475 570 1259 734 418 41923 778 11319 5826 222 4720 579 1794 2295 3696 448 907 389 14519
leaf_count=2115 1655 612 382 430 256 963 239 4410 342 27935 10572 2475 570 1259 734 418 41919 778 11319 5826 222 4720 579 1794 2295 3696 448 907 389 14518
internal_value=7.7572e-06 -0.000328237 -0.000207827 0.00049291 7.98543e-05 0.000492269 -0.00152051 -0.000430001 -0.000660626 3.07942e-05 0.000162575 -2.15293e-05 0.000177954 -0.000392904 -0.00112802 0.00033336 -7.62666e-05 -1.26881e-05 -0.000244958 -0.00018777 -1.00357e-05 -0.000314405 9.94071e-05 0.000676175 -0.000475223 -0.000752706 -0.00149983 0.000281794 -0.000125425 0.000344799
internal_weight=144782 9289 8438 2031 1649 1393 851 6407 4752 135494 38507.5 96986 20882 4468 1993 16414 76104 60068 18145 17367 11541 16036 4488 2373 11548 6439 2743 15844 5109 14937
internal_count=144777 9289 8438 2031 1649 1393 851 6407 4752 135488 38507 96981 20881 4468 1993 16413 76100 60064 18145 17367 11541 16036 4488 2373 11548 6439 2743 15843 5109 14936
is_linear=0
shrinkage=0.03


Tree=85
num_leaves=31
num_cat=0
split_feature=28 53 8 86 68 28 5 66 56 60 58 59 41 22 18 10 87 12 72 56 52 58 58 68 50 58 50 47 58 70
split_gain=1.23294 1.18155 1.6998 2.01009 1.75131 1.5458 1.7697 2.10533 1.98886 2.88993 2.1569 1.92411 1.74083 1.6699 1.54361 1.4193 1.39028 2.51344 1.39172 1.37861 1.33887 2.36673 1.89963 1.28744 1.28367 1.25529 1.23687 1.20295 1.19197 1.18311
threshold=22.894999504089359 -0.01480499980971217 -0.067354999482631669 0.34804999828338629 0.69394999742507946 18.515000343322757 -0.30435000360012049 -0.028049999848008152 -0.051495000720024102 0.0064934999682009229 35.569999694824226 0.99509999155998241 0.11225000023841859 -0.54954999685287464 1.1995000243186953 0.7129499912261964 0.77564999461174022 0.6439499855041505 6.5000000000000009 -0.098130002617835985 1.7814999818801882 14.385000228881838 11.50999975204468 0.65645000338554393 -0.07068499922752379 17.800000190734867 -0.041024999693036072 -3.4999999999999996 16.680000305175785 1.122500002384186
decision_type=10 8 2 2 10 10 2 2 8 2 8 10 2 2 2 2 2 2 8 8 10 8 10 8 10 8 10 2 10 10
left_child=1 5 3 15 20 16 7 27 10 -10 13 12 14 -9 -8 -3 17 18 -1 -19 -4 22 -22 25 -6 28 -26 -7 -14 -5
right_child=-2 2 4 29 24 6 11 8 9 -11 -12 -13 23 -15 -16 -17 -18 19 -20 -21 21 -23 -24 -25 26 -27 -28 -29 -30 -31
leaf_value=0.0013313347653613351 -0.00058664105169464959 0.0008138326741245123 4.3101209324364712e-05 0.0012789917850163425 -0.001807788388542373 0.00099653022198489946 9.7099981159702868e-05 0.0050750848753548395 -0.0011170403686062732 0.0029906188676408914 -8.1620488900273125e-05 -0.0014099248536156429 -0.00032755942504136099 0.0020594742421200657 -0.001284209618253876 -0.0018206007577218982 -0.0010336113222449684 0.0020317077126751158 -0.00055842575283524085 0.00025263427505159544 0.00088522749392153772 0.00038764982069463817 -0.0021387442192139037 -0.0025177074042098272 0.0019280580633466648 -0.0012067352910934571 0.00047019561697543951 -0.0010744104856599144 0.0023035653925854976 0.0044188869657570164
leaf_weight=366 3076 1279 88381 232 205 392 22922 231 514 219 293 929 568 585 751 214 2420 509 7946 1696 229 995 1006 344 573 1025 6005 705 212 203
leaf_count=366 3076 1279 88376 232 205 392 22920 231 514 219 293 929 568 585 751 214 2420 509 7946 1696 229 995 1006 344 573 1025 6005 705 212 203
internal_value=7.47498e-06 2.03534e-05 7.70555e-05 0.000958909 5.95888e-05 -0.000111763 7.49264e-06 0.000706135 0.00132552 0.000112616 0.00212637 -6.92873e-05 -2.10024e-05 0.00291833 5.32271e-05 0.000435259 -0.00038543 -0.000236197 -0.000475064 0.000664049 2.47799e-05 -0.000701037 -0.00157776 -0.000838345 0.000524513 -0.000517072 0.000597462 -0.000334151 0.000389601 0.00275105
internal_weight=145025 141949 99322 1928 97394 42627 29690 2939 1842 733 1109 26751 25822 816 23673 1493 12937 10517 8312 2205 90611 2230 1235 2149 6783 1805 6578 1097 780 435
internal_count=145018 141942 99317 1928 97389 42625 29688 2939 1842 733 1109 26749 25820 816 23671 1493 12937 10517 8312 2205 90606 2230 1235 2149 6783 1805 6578 1097 780 435
is_linear=0
shrinkage=0.03


Tree=86
num_leaves=31
num_cat=0
split_feature=82 17 59 62 59 70 18 57 61 19 31 82 71 0 70 56 22 12 28 7 1 56 64 82 0 68 8 64 66 56
split_gain=1.0194 1.61192 1.88399 1.43744 1.5616 1.45381 1.30818 1.39136 1.4307 1.22123 1.19395 1.1873 1.29953 1.15132 1.41484 1.09142 1.09069 1.66182 2.29471 1.45162 1.91863 1.34495 1.55579 1.7001 1.29109 1.44476 1.85406 1.26448 1.31852 1.20799
threshold=0.93825000524520885 -0.10095000267028807 0.81250000000000011 -0.024504999630153176 0.39880000054836279 1.4524999856948855 0.37524999678134924 0.084640000015497222 -0.0056275001261383286 0.48364999890327459 0.14175000041723254 0.96085000038146984 48.500000000000007 0.060395000502467162 0.73395001888275158 0.079985000193119063 -0.41994999349117274 0.07605499774217607 20.765000343322757 0.48544999957084661 -0.063505001366138444 -0.05386999994516372 0.001953000028152019 0.77085000276565563 0.042965000495314605 0.60594999790191661 0.054494999349117286 -0.015614999923855065 -0.050784999504685395 -0.06966999918222426
decision_type=2 2 10 2 8 8 2 10 2 2 10 2 10 2 10 10 2 2 10 10 2 8 2 2 2 8 2 2 2 10
left_child=13 2 3 5 6 -2 9 -8 -9 -5 -7 -10 -13 16 -15 -6 17 18 -1 -18 27 22 23 -22 -19 26 -26 -21 -29 -30
right_child=1 -3 -4 4 15 10 7 8 11 -11 -12 12 -14 14 -16 -17 19 24 -20 20 21 -23 -24 -25 25 -27 -28 28 29 -31
leaf_value=-0.0016270368951449435 0.00055359528028061386 0.00045364602743984525 0.00044971963554515747 -0.00047497732679491173 -0.0013659346061727726 0.00068892801863789234 -0.0021097788534682584 -0.0011287655148085403 -0.0005496919673775362 -0.0034932026447389609 -0.001894364927079812 0.00069916489976914781 0.0037475186987065297 -0.002080279202388363 -0.00018542443802576242 -0.0031901734821710827 -5.957174156123597e-05 0.00030028801940523426 0.0013910902561939081 0.0026114640336340248 -0.00063602229827964727 0.0001761308368033409 -0.0016553890644195178 0.0019045815002101544 0.0024374771719748102 0.0033774628034999215 -0.0015349215252029866 -0.001075264805679923 -0.00086457821454075416 0.001470337847330853
leaf_weight=844 1180 1950 1436 268 1465 229 238 368 251 219 538 305 214 509 1165 370 90990 12670 309 382 875 24662 801 324 221 263 201 307 238 1211
leaf_count=844 1180 1950 1436 268 1465 229 238 368 251 219 538 305 214 509 1165 370 90984 12670 309 382 875 24661 801 324 221 263 201 307 238 1211
internal_value=-1.31331e-06 -0.000309943 -0.000520258 -0.000767041 -0.00111433 -0.000107194 -0.000502085 -2.87676e-05 0.000407923 -0.00183663 -0.00112319 0.00114285 0.00196089 1.91874e-05 -0.000762476 -0.0017353 2.89363e-05 0.000274592 -0.000817685 -8.17604e-07 0.000184804 0.000115446 -0.000632578 5.15279e-05 0.000368948 0.00163661 0.000546255 0.00104929 0.000708158 0.00108649
internal_weight=145003 9031 7081 5645 3698 1947 1863 1376 1138 487 767 770 519 135972 1674 1835 134298 14508 1153 119790 28800 26662 2000 1199 13355 685 422 2138 1756 1449
internal_count=144996 9031 7081 5645 3698 1947 1863 1376 1138 487 767 770 519 135965 1674 1835 134291 14508 1153 119783 28799 26661 2000 1199 13355 685 422 2138 1756 1449
is_linear=0
shrinkage=0.03


Tree=87
num_leaves=31
num_cat=0
split_feature=48 71 50 32 1 61 61 25 47 47 7 26 11 28 62 74 24 37 76 85 3 1 77 22 58 28 71 82 15 28
split_gain=0.897088 1.06306 0.955057 1.16339 1.32456 1.18536 1.1149 1.02572 1.61458 1.27156 1.25356 1.42344 1.11256 1.10254 1.01757 1.01355 1.13413 1.71075 2.2793 1.40142 1.39391 1.38368 1.21112 1.62846 1.22435 1.21585 1.20813 1.32218 1.6829 1.19691
threshold=0.39364999532699591 51.500000000000007 -0.045114999637007706 0.50975000858306896 -0.06517500057816504 0.033125000074505813 -0.0058160000480711451 19.425000190734867 -2.4999999999999996 -4.4999999999999991 0.92634999752044689 0.087090000510215773 0.023945000022649768 17.314999580383304 -0.037910001352429383 0.010414999909698965 -0.0019885000074282284 1.0000000180025095e-35 0.43504999577999121 0.52515000104904186 -0.015445000026375054 -0.063505001366138444 0.97374999523162853 -0.64910000562667836 24.960000038146976 22.855000495910648 36.500000000000007 0.90125000476837169 0.26794999837875372 21.025000572204593
decision_type=2 8 10 8 2 2 2 2 2 2 10 2 2 10 2 10 2 2 2 10 2 2 2 2 10 10 8 2 2 10
left_child=1 -1 3 5 -5 7 -6 9 12 -2 11 -10 -9 -14 -8 16 19 18 -18 -4 -20 -21 23 -22 25 -25 -23 -28 -29 -26
right_child=2 -3 15 4 6 -7 14 8 10 -11 -12 -13 13 -15 -16 -17 17 -19 20 21 22 26 -24 24 29 -27 27 28 -30 -31
leaf_value=0.0013718413934914785 -0.00079306393723302404 5.4473956476150512e-05 -0.00042386039040478247 -0.0016577203825170941 0.0019354835093284462 -0.0015555808791821192 0.00086729400013775928 -0.00064855889182148692 -0.0017921993793704762 0.00032390393395393232 -0.0018078413395224216 0.00037762685766751008 -0.00013027804913507508 0.00093747755232304433 -0.0012194253099479251 0.00010245142635350807 0.00027506500581752768 0.00022774666662990663 -0.00063467397703650865 0.0011250870619815266 0.0016829882427181128 0.00022951295813121049 -0.00090256717622903718 -1.969872872858766e-05 -0.00045157452976138406 -0.0015213284690118246 -0.00017034972425193027 -0.0023694307325531731 -0.00014615080588908631 -0.0021723638877584666
leaf_weight=923 1454 1367 16885 611 230 307 344 516 311 2481 354 2127 1008 6362 538 32927 10235 18140 6390.5 892 456 5749 1771 22467 2310 495 6060 608 617 431
leaf_count=923 1454 1367 16884 611 230 307 344 516 311 2481 354 2127 1008 6362 538 32925 10234 18140 6390 892 456 5749 1771 22466 2310 495 6059 608 617 431
internal_value=-3.13306e-06 0.000585815 -1.25635e-05 0.000201062 -0.000536823 0.000286305 8.00026e-05 0.000325104 0.000477672 -8.89173e-05 -0.00014227 0.000100215 0.000697149 0.000791442 -0.000405497 -4.06853e-05 -9.10894e-05 -1.78454e-05 -0.000117837 -0.000240124 -0.000235012 -1.73327e-05 -0.000143548 -9.2129e-05 -0.000123686 -5.21347e-05 -9.55961e-05 -0.000352154 -0.00125066 -0.000722848
internal_weight=145366 2290 143076 16643 1723 14920 1112 14613 10678 3935 2792 2438 7886 7370 882 126434 93506.5 62695.5 44555.5 30811 34320.5 13926 27930 26159 25703 22962 13034 7285 1225 2741
internal_count=145360 2290 143070 16643 1723 14920 1112 14613 10678 3935 2792 2438 7886 7370 882 126427 93502 62693 44553 30809 34319 13925 27929 26158 25702 22961 13033 7284 1225 2741
is_linear=0
shrinkage=0.03


Tree=88
num_leaves=31
num_cat=0
split_feature=53 9 61 63 50 45 28 67 30 59 82 18 89 14 60 19 60 62 56 44 63 63 41 12 52 28 20 61 65 59
split_gain=1.19827 1.24671 1.63584 1.72217 1.33985 1.27395 1.53641 1.19201 1.82456 1.60757 1.85204 1.48113 1.55724 1.4791 1.46147 1.5318 1.45977 2.42711 2.22055 1.39886 1.2951 1.50309 1.61045 1.35501 1.27376 1.23797 1.30445 1.73031 1.35946 1.2995
threshold=-0.34890000522136683 -0.096895001828670488 0.0088379997760057467 -0.002645500004291534 -0.087060000747442232 -0.059539999812841408 17.755000114440922 0.33904999494552618 0.69165000319480907 0.52880001068115245 0.78654998540878307 1.5374999642372134 0.91865000128746044 -0.015604999847710131 0.01160999992862344 0.4528499990701676 0.0030554999830201273 -0.010739999823272227 -0.022134999744594094 94.000000000000014 -0.0024535000557079907 0.0056854998692870149 0.10374999791383745 0.75084999203681957 0.50104999542236339 18.835000038146976 0.38334999978542333 -0.0058560001198202363 0.0057169999927282342 0.88989999890327465
decision_type=10 2 2 2 10 2 10 10 8 10 2 2 2 2 2 2 2 2 8 2 2 2 2 2 8 10 2 2 8 10
left_child=-1 2 -2 -4 -5 6 -3 8 9 10 24 12 -9 -10 16 -16 17 -12 -19 -13 25 22 -22 -24 -7 29 -27 -28 -29 -11
right_child=1 5 3 4 -6 7 -8 11 13 20 14 19 -14 -15 15 -17 -18 18 -20 -21 21 -23 23 -25 -26 26 27 28 -30 -31
leaf_value=-0.00094736821971536241 0.00077266733020180491 -0.0024477273870327667 -0.0019336316455180755 -0.0012771767646724945 0.0017425662860369121 0.00063524185545413617 -0.00036735650851529644 6.4869971435135056e-05 -0.0009622897742544408 0.00014422345482343688 0.00054785201019449134 0.00069054971498649746 -0.00048034138386893627 0.00069208628641967049 -0.0010373920992168603 0.0018397528643529187 -0.0015556270992790812 0.00089039299339228124 -0.0012902277506793133 -0.0010956461703847651 -0.00030956750004077659 0.00015121704752789998 -0.0026962243676825889 -0.00026709977514520174 -0.00026751139717372409 6.9255653178062934e-05 0.0023881100222942803 0.0010899399016683934 -0.00076459127532179684 -0.0019598401226449667
leaf_weight=1188 3770 368 462 218 333 1600 2386 85218 562 970 1240 4935 4990 3577 295 380 2024 486 3078 428 3713 5595 527 340 11590 2162 663 1343 483 362
leaf_count=1188 3770 368 462 218 333 1600 2384 85213 562 970 1240 4935 4990 3577 295 380 2024 486 3078 428 3713 5595 527 340 11590 2162 663 1343 483 362
internal_value=1.09936e-06 8.92542e-06 0.000485111 -0.000584769 0.000547673 -7.42649e-06 -0.000646131 5.45878e-06 -0.000129878 -0.000196959 -0.000372044 6.35049e-05 3.47057e-05 0.000467274 -0.000748317 0.000582659 -0.000879961 -0.000595027 -0.000992704 0.000547823 2.72746e-05 -0.000178676 -0.000581624 -0.00174503 -0.000157964 0.000377497 0.00060841 0.00107651 0.000599243 -0.000428643
internal_weight=145286 144098 4783 1013 551 139315 2754 136561 40990 36851 20693 95571 90208 4139 7503 675 6828 4804 3564 5363 16158 10175 4580 867 13190 5983 4651 2489 1826 1332
internal_count=145279 144091 4783 1013 551 139308 2752 136556 40990 36851 20693 95566 90203 4139 7503 675 6828 4804 3564 5363 16158 10175 4580 867 13190 5983 4651 2489 1826 1332
is_linear=0
shrinkage=0.03


Tree=89
num_leaves=31
num_cat=0
split_feature=28 80 63 62 62 52 6 89 60 56 52 21 16 16 58 71 89 56 89 69 52 58 60 61 20 21 1 63 62 52
split_gain=1.30151 1.2729 1.35752 1.41575 2.57249 2.1265 1.57415 1.42353 1.2746 1.25024 2.03567 1.16173 1.13157 1.1531 1.0997 1.25812 1.34371 1.15516 1.95294 1.35437 1.24518 3.31331 1.85346 2.11603 1.99969 1.79276 1.69116 1.47205 1.79698 1.37615
threshold=22.855000495910648 0.67114999890327465 0.013474999926984312 -0.034719999879598611 -0.047454999759793275 0.66984999179840099 0.73215001821517955 0.96514999866485607 0.01160999992862344 0.23604999482631686 0.54164999723434459 0.71064999699592601 0.0094135003164410608 0.21215000003576281 37.620000839233406 43.500000000000007 0.62075001001358043 -0.050160000100731843 0.52180001139640819 0.70539999008178722 0.89994999766349804 28.330000877380375 -0.011214999947696922 -0.0035254999529570337 0.52785000205039989 0.57464998960495006 -0.0099884998053312284 0.00048659999447409069 0.10425000265240671 0.51184999942779552
decision_type=10 10 2 2 2 10 10 2 2 10 10 2 2 2 10 10 2 8 2 8 10 10 2 2 2 2 2 2 2 10
left_child=1 -1 9 4 6 -6 -4 8 12 11 -11 14 -5 -14 17 16 -16 18 -3 -19 21 -21 26 24 27 -25 -22 28 -24 -23
right_child=-2 2 3 7 5 -7 -8 -9 -10 10 -12 -13 13 -15 15 -17 -18 19 -20 20 22 29 23 25 -26 -27 -28 -29 -30 -31
leaf_value=-4.7701699205883489e-05 -0.0005848880355409713 0.00036360738358746296 -0.00089691224131033991 -0.0010028125602711737 -0.0049047051680018499 -0.00077820987097778651 0.0012601279396470407 -0.0023670526769544397 0.0023203757257988203 -0.0031960552808283993 6.073759486687116e-05 -0.0011470316880999747 0.00067340052647458062 -0.00054564834111788625 -0.00091989792940633675 0.0025945987608152143 0.0021316865673162277 -0.0012400428238134639 -0.0007100449196074071 0.00058054144067991081 0.0024421809500692507 -0.003484456876874533 0.00057901781329778234 0.00012331325521070503 -0.0029332044727994533 0.0017617125065100192 9.5039758825805613e-05 -0.0013268657436897127 -0.0019878909936965439 -0.00051174819923471664
leaf_weight=95026 3329 3189 1191 760 232 218 408 209 232 251 549 540 2184 1025.5 314 381 220 504 2920 16230 566 236 1391 9432 316 641 539 997 297 344
leaf_count=95026 3329 3189 1191 760 232 218 408 209 232 251 549 540 2179 1025 314 381 220 504 2920 16230 566 236 1391 9432 316 641 539 997 297 344
internal_value=1.34045e-06 1.51518e-05 0.000144104 -0.000259307 -0.000910708 -0.00291181 -0.000346079 4.34542e-05 0.000163898 0.000209489 -0.000963796 0.000233545 3.73081e-05 0.000283841 0.00025293 0.00127999 0.000338944 0.000227904 -0.000149613 0.000301137 0.000326242 0.000500886 0.00011917 1.94108e-05 -0.000679692 0.000227738 0.00129841 -0.000413481 0.000126466 -0.00172525
internal_weight=144672 141342 46316.5 6459.5 2049 450 1599 4410.5 4201.5 39857 800 39057 3969.5 3209.5 38517 915 534 37602 6109 31493 30989 16810 14179 13074 3001 10073 1105 2685 1688 580
internal_count=144666 141337 46311 6454 2049 450 1599 4405 4196 39857 800 39057 3964 3204 38517 915 534 37602 6109 31493 30989 16810 14179 13074 3001 10073 1105 2685 1688 580
is_linear=0
shrinkage=0.03


Tree=90
num_leaves=31
num_cat=0
split_feature=3 67 58 68 16 76 85 32 58 41 19 28 9 86 58 67 1 41 59 71 26 0 24 71 53 15 75 59 31 80
split_gain=1.31522 1.17323 1.58263 1.20612 1.11151 1.19195 1.07796 1.10498 1.06232 1.00235 0.961921 0.952286 0.941256 1.74597 1.79667 1.36746 1.29214 1.27027 1.47664 1.24174 1.06116 1.24132 1.35478 1.21565 1.1893 1.60221 1.91171 1.98131 1.49762 1.32155
threshold=0.5160999894142152 0.75784999132156383 18.82499980926514 0.51745000481605541 -0.23224999755620954 0.79295000433921825 0.79215002059936535 0.33124999701976782 17.800000190734867 0.12635000050067904 0.30324999988079077 20.105000495910648 -0.096895001828670488 0.063085000962018981 33.590000152587898 0.36155000329017645 -0.045745000243186944 -0.17785000056028363 0.85809999704360973 21.500000000000004 -0.020525000058114525 0.01494499994441867 -0.01328499987721443 338.50000000000006 0.07477500289678575 -0.12715000659227368 0.47834999859333044 0.47720000147819525 0.11325000226497652 0.96635001897811901
decision_type=2 10 8 8 2 2 10 8 10 2 2 10 2 2 10 8 2 2 8 10 2 2 2 8 8 2 2 10 10 8
left_child=1 12 3 -3 -4 -6 7 8 -5 -7 -9 -2 13 15 17 -1 -16 19 -19 -15 23 -22 -23 -14 25 26 27 -24 -27 -26
right_child=11 2 4 6 5 9 -8 10 -10 -11 -12 -13 20 14 16 -17 -18 18 -20 -21 21 22 24 -25 29 28 -28 -29 -30 -31
leaf_value=-0.0017578212743762037 -0.0003429444846208958 -0.0013478111746663909 0.001472077040267842 0.0007304127401495166 1.9322709212470166e-05 -0.0018701020118094319 0.0015672704852049231 0.00028864768027420817 0.002932114710082828 0.00054769640372027289 -0.0015614702143584905 -0.0028373457067645646 -0.00031296122416244056 0.0012517997773063957 -0.00072282002591339436 0.00014279823097972617 0.0016969211389217165 0.0020101411244786908 0.00016003629075846847 0.004480565999980971 2.7642340520056675e-05 -0.0014866724525193905 -0.00077570099204908615 -0.0018557577064232552 -2.1989177866259643e-05 -6.5359978350506995e-05 -0.00025246258651507756 0.0023502259467702031 -0.00078854407769248847 0.0014277835969594033
leaf_weight=470 309 253 384 2186 3736 601 1175 1178 216 207 321 248 3269 227 851 1231 258 677 909 204 98726 719 257 534 11563 4102 1881 625 6933 594
leaf_count=470 309 253 384 2186 3736 601 1175 1178 216 207 321 248 3269 227 851 1231 258 677 909 204 98719 719 257 534 11563 4102 1881 625 6933 594
internal_value=-2.98222e-06 2.63953e-06 0.000311859 0.000670163 -7.56587e-05 -0.000206748 0.00077099 0.000530806 0.000929539 -0.00125078 -0.000108319 -0.00145665 -2.10264e-05 0.000390242 0.000811031 -0.000383082 -0.000158865 0.00134412 0.000950541 0.00278687 -3.63943e-05 -2.14199e-05 -0.000203003 -0.000530025 -0.000167388 -0.000357994 0.00028798 0.00143954 -0.000519748 4.89594e-05
internal_weight=144844 144287 10257 5329 4928 4544 5076 3901 2402 808 1499 557 134030 4827 3126 1701 1109 2017 1586 431 129203 125400 26674 3803 25955 13798 2763 882 11035 12157
internal_count=144837 144280 10257 5329 4928 4544 5076 3901 2402 808 1499 557 134023 4827 3126 1701 1109 2017 1586 431 129196 125393 26674 3803 25955 13798 2763 882 11035 12157
is_linear=0
shrinkage=0.03


Tree=91
num_leaves=31
num_cat=0
split_feature=68 56 25 41 81 48 74 16 71 71 64 68 85 66 71 18 74 71 74 26 89 8 57 89 50 25 61 50 61 3
split_gain=1.05977 1.41632 1.19064 1.45819 1.71328 1.97703 1.58378 1.40952 1.29691 1.20621 1.25783 1.10431 1.03196 1.26382 1.10614 1.06601 1.1011 1.09544 1.28978 1.18143 1.23714 1.14904 1.02384 1.53901 1.61682 1.12805 1.09435 1.02373 1.2639 1.16121
threshold=0.69394999742507946 0.034204998984932906 36.094999313354499 0.098515000194311156 0.83125001192092907 0.88985002040863048 0.053524998947978027 0.068874999880790724 14.500000000000002 555.50000000000011 0.026314999908208851 0.26784999668598181 0.69245001673698436 -0.063650000840425477 442.50000000000006 1.810499966144562 0.055265000090003021 17.500000000000004 -0.013259999919682739 0.80975002050399791 0.83155000209808361 0.047435000538825996 0.16954999417066577 0.34804999828338629 0.040625000372529037 40.085000991821296 0.00045320000208448624 -0.060754999518394463 0.006430000066757203 0.002672500093467534
decision_type=10 10 2 2 2 2 8 2 10 8 2 8 8 2 10 2 10 10 10 2 2 2 10 2 10 2 2 10 2 2
left_child=2 -2 9 11 5 -5 7 -7 -9 12 -11 -4 15 -14 -15 27 17 18 -17 20 -19 -21 25 -24 -25 -3 -27 28 29 -1
right_child=1 22 3 4 -6 6 -8 8 -10 10 -12 -13 13 14 -16 16 -18 19 -20 21 -22 -23 23 24 -26 26 -28 -29 -30 -31
leaf_value=0.00046603927951552207 3.2385937668706722e-06 0.00062550545107968147 -0.00047878959167431352 0.00090159568378673106 0.00046861605680946315 -0.00059906673985736189 -0.00027209220827879529 -0.00059947436471324551 -0.0032823762995250172 -0.00036171671796417031 0.0011950652256405004 0.0004379224234219217 0.00074725845416094431 5.7979828812682773e-05 0.0020638105253409597 -0.0022738898245307304 -0.0014864319240046834 0.0010803844002616675 0.00065445137660101276 -0.0015161994468252003 0.0035419018354570101 0.0010446660059637257 -0.00014037996849358716 0.0028302155648062969 -0.00016322610534722157 -0.0025227407088904228 0.00045229920667454437 -0.00011850983407660165 -0.00043983641336541572 0.0021236114121866837
leaf_weight=1867 6355 3072 1294 656 2178 642 1624 230 553 13409 483 13655 2838.5 24153 249 224 232 1280 339 286 214 349 397 671 214 215 229 65767 1070 477
leaf_count=1867 6355 3072 1294 656 2178 642 1624 230 553 13409 483 13655 2838 24153 249 224 232 1280 339 286 214 349 397 671 214 215 229 65760 1070 477
internal_value=1.60389e-05 0.000297007 -7.3364e-06 0.000201096 -0.000198981 -0.000591451 -0.000912874 -0.00164244 -0.00249607 -4.56826e-05 -0.000307508 0.000358544 -9.06745e-06 0.000148238 7.85312e-05 -6.84972e-05 0.000492484 0.000663518 -0.000512609 0.000974632 0.0014351 -0.000109302 0.000686025 0.00141149 0.00210701 0.000421181 -0.000990749 -9.22143e-05 0.000414226 0.000804114
internal_weight=145222 11153 134070 20832 5883 3705 3049 1425 783 113238 13892 14949 99345.5 27240.5 24402 72105 2924 2692 563 2129 1494 635 4798 1282 885 3516 444 69181 3414 2344
internal_count=145215 11153 134062 20832 5883 3705 3049 1425 783 113230 13892 14949 99338 27240 24402 72098 2924 2692 563 2129 1494 635 4798 1282 885 3516 444 69174 3414 2344
is_linear=0
shrinkage=0.03


Tree=92
num_leaves=31
num_cat=0
split_feature=80 63 21 22 18 8 60 60 53 26 63 56 20 32 56 12 6 15 44 22 41 56 63 63 83 56 12 11 10 62
split_gain=0.966447 1.60311 1.37264 1.35707 1.07443 1.17351 1.41928 1.51988 1.60702 1.32239 1.29949 1.14406 1.10793 1.08907 1.15534 1.06744 1.10525 1.35026 1.29435 1.06521 1.05734 1.0551 1.04311 1.52969 1.53339 1.50022 1.03646 1.10893 1.12634 1.03368
threshold=0.60115000605583202 0.013474999926984312 0.71064999699592601 -0.36765000224113459 1.810499966144562 0.040145000442862518 0.00067285000113770377 0.0024025000166147952 0.068314999341964736 1.0195000171661379 -0.0086094997823238355 0.18425000458955768 0.30445000529289251 0.15834999829530719 -0.0031764999730512495 0.93584999442100536 2.7224999666213994 0.32275000214576727 82.000000000000014 -0.24745000153779981 0.15134999901056292 0.21275000274181369 0.0090930000878870505 0.0074064999353140601 0.55294999480247509 0.1212499998509884 0.75084999203681957 0.052075000479817397 0.32254999876022344 0.019635000266134742
decision_type=10 2 2 2 2 2 2 2 10 2 2 10 2 10 8 2 10 2 2 2 2 8 2 2 8 10 2 2 2 2
left_child=-1 2 4 -4 5 11 9 -8 10 -7 -9 22 -13 -12 -15 16 17 -6 -18 -19 21 29 23 -2 -25 26 27 28 -24 -3
right_child=1 20 3 -5 15 6 7 8 -10 -11 13 12 -14 14 -16 -17 18 19 -20 -21 -22 -23 25 24 -26 -27 -28 -29 -30 -31
leaf_value=-6.8724905906421494e-05 0.00019874578594635087 -0.00049933299175492678 -0.0002250022785502423 -0.0029694209311568508 -0.00030924971218874298 -0.0013956053959771344 0.0015355328860367943 0.00091115743977459684 0.0005769796894104399 8.3713993882848894e-05 -0.00049786928655230441 -0.0022368705033424755 -0.00018495822396442195 -0.0011466314306234611 -0.0043209289441272468 0.0024369771350369906 0.00023493704030355778 0.0020257194595186562 -0.0020553693734589465 0.00070700509131537738 -0.001625032161078607 0.0016821334711549913 0.00057621233378680353 0.00031595338852661263 -0.0015887207949783009 0.0030457209634109556 -0.00043632779886726945 -0.0012918871031595497 0.001941400828772597 0.00030792656971332836
leaf_weight=87593.5 31757 5285 488 242 877 1472 569 235 1137 862 399 320 904 213 201 262 937 729 290 2261 510 254 2043 669 880 224 798 215 741 1955
leaf_count=87593 31757 5285 488 242 877 1472 569 235 1137 862 399 320 904 213 201 262 937 729 290 2261 510 254 2043 669 880 224 798 215 741 1949
internal_value=-5.91864e-06 8.93783e-05 0.000152806 -0.00113761 0.000172055 0.000122831 -0.000305354 0.000155911 -0.000203897 -0.000849457 -0.00105083 0.00017935 -0.000722794 -0.00161837 -0.00269447 0.000573023 0.000476694 0.000725569 -0.000307607 0.00102909 -0.000304637 -0.000214573 0.000208951 0.000153835 -0.000766435 0.000665319 0.000524124 0.00077975 0.000940143 -0.000281338
internal_weight=145322 57729 49725 730 48995 43639 5088 2754 2185 2334 1048 38551 1224 813 414 5356 5094 3867 1227 2990 8004 7494 37327 33306 1549 4021 3797 2999 2784 7240
internal_count=145316 57723 49725 730 48995 43639 5088 2754 2185 2334 1048 38551 1224 813 414 5356 5094 3867 1227 2990 7998 7488 37327 33306 1549 4021 3797 2999 2784 7234
is_linear=0
shrinkage=0.03


Tree=93
num_leaves=31
num_cat=0
split_feature=0 28 53 4 66 63 65 56 57 60 78 84 53 51 52 77 1 42 65 1 7 0 80 32 63 65 71 58 27 52
split_gain=1.35243 1.15286 1.37255 1.51836 2.3976 2.63644 2.52093 2.09683 3.87514 3.19473 2.79434 2.086 1.89769 1.75835 1.74672 1.51175 1.48982 1.48784 1.48099 1.4305 1.41969 1.41724 1.39556 1.34446 1.96881 1.30508 1.78118 1.29318 1.28585 1.25147
threshold=0.096330001950263991 22.894999504089359 0.035635000094771392 -0.12545000016689298 -0.014659999869763849 0.0021249999990686779 -0.0074159998912364236 -0.028039999306201931 0.12744999676942828 -0.0018625000375322995 0.40764999389648443 0.30345000326633459 -0.052494999021291726 -0.20865000039339063 1.0425000190734866 0.027329999953508381 -0.054515000432729714 -0.052425000816583626 -0.011285000015050171 -0.033704999834299081 0.97255000472068798 0.009674000088125469 0.9102500081062318 0.34475000202655798 -0.0094345002435147745 0.0027715000323951249 45.500000000000007 38.854999542236335 0.97444999217987072 0.91224998235702526
decision_type=2 10 8 2 2 2 10 8 8 2 2 10 10 8 8 2 2 2 8 2 10 2 10 10 2 10 10 10 10 8
left_child=1 2 3 4 5 -1 11 10 17 12 13 18 -10 25 -12 20 23 -9 -6 29 -4 27 -18 -17 -25 26 -8 -5 -11 -7
right_child=-2 -3 15 21 6 19 7 8 9 28 14 -13 -14 -15 -16 16 22 -19 -20 -21 -22 -23 -24 24 -26 -27 -28 -29 -30 -31
leaf_value=-0.00068421581078593769 -0.0014674300361411209 -0.00055787701129362611 -0.00034911570528792815 -8.848389988055046e-05 -0.00018463971258843791 0.00020825873852844495 0.0018704651636798067 0.0016364246488636473 -0.0041432745922508687 -0.00090380606342895886 -0.0015702950697224413 0.00092990365194715982 -0.00077829152206605713 0.00086515136765599071 0.0016813457277511238 0.00090798999941559162 5.8295127811127672e-05 -0.00080914828529588152 -0.0026443072474609153 -2.1981763711664826e-05 -0.0025669943542662218 -0.00043904331132982988 0.0005140428142555505 0.001651294346183002 -0.0011582884430008957 0.001299274297944366 0.0050619206507874302 0.0012689735092098662 0.001112861906159526 0.0023265147694087277
leaf_weight=4678 552 3051 1346 32833.5 387 456 422 1173 344 626 563 442 269 3546 201 3792 64653.5 276 511 1884 321 12290 6670 322 735 849 252 643 520 558
leaf_count=4678 552 3051 1346 32828 387 456 422 1173 344 626 563 442 269 3546 201 3792 64653 276 511 1884 321 12290 6670 322 735 849 252 643 520 558
internal_value=1.33398e-05 1.9002e-05 3.14389e-05 -7.18035e-05 0.000161975 -0.000243788 0.000458094 0.000638079 2.19927e-05 -0.000924121 0.000976848 -0.000755838 -0.00267031 0.00123175 -0.000713745 0.000115958 0.000135521 0.00117036 -0.00158568 0.000467147 -0.000777477 -0.000163531 0.000100922 0.000644304 -0.000301637 0.00208416 0.00306944 -6.23734e-05 1.14339e-05 0.00137507
internal_weight=145166 144614 141563 63723.5 17957 7576 10381 9041 3208 1759 5833 1340 613 5069 764 77839.5 76172.5 1449 898 2898 1667 45766.5 71323.5 4849 1057 1523 674 33476.5 1146 1014
internal_count=145160 144608 141557 63718 17957 7576 10381 9041 3208 1759 5833 1340 613 5069 764 77839 76172 1449 898 2898 1667 45761 71323 4849 1057 1523 674 33471 1146 1014
is_linear=0
shrinkage=0.03


Tree=94
num_leaves=31
num_cat=0
split_feature=25 25 46 16 71 70 70 48 61 31 41 6 9 6 17 32 48 17 20 27 59 8 86 3 74 64 71 82 87 81
split_gain=1.20878 1.10316 1.18165 1.44035 1.60451 1.24778 1.25779 1.66373 1.10768 1.10091 1.09982 1.28439 1.25242 1.26425 0.990946 1.09072 1.34542 1.07768 1.31844 1.1848 1.09127 0.985141 0.959827 1.00403 1.63556 1.43276 1.32748 1.44663 1.29728 1.28745
threshold=56.145000457763679 36.315000534057624 0.97044998407363903 -0.108449999243021 1.5000000000000002 1.5254999995231631 1.247500002384186 0.72455000877380382 0.00035349999961908912 0.42675000429153448 0.098515000194311156 0.35895000398159033 0.0017895000055432322 -0.27535000443458552 -0.48084999620914454 0.23564999550580981 0.88594999909400951 -0.10814999788999556 0.42184999585151678 0.88604998588562023 0.58829998970031749 0.060775000602006919 0.98315000534057628 0.021794999949634079 -0.058159999549388879 0.020080000162124637 19.500000000000004 0.9792500138282777 0.62825000286102306 0.03480499982833863
decision_type=2 2 2 2 8 10 8 2 2 10 2 10 2 10 2 10 2 2 2 10 8 2 2 2 10 2 10 2 2 2
left_child=1 2 22 -4 -5 6 7 -6 -8 -2 11 12 -3 -14 -12 17 -17 18 -16 -19 -21 -9 23 24 25 28 -26 -28 29 -1
right_child=9 10 3 4 5 -7 8 21 -10 -11 14 -13 13 -15 15 16 -18 19 -20 20 -22 -23 -24 -25 26 -27 27 -29 -30 -31
leaf_value=-0.0011376478487747836 -0.00033184866745042732 0.00041246372032523887 -0.0022326850331066757 0.0022779523143681753 -0.002199318004274942 0.0011806677687053132 -0.0026293262793219978 -0.00046850186587641247 -0.00062521471283373661 -0.002112849048190714 0.0017414703962654187 0.00073018183078063178 -0.0021794516013054917 -0.0001247769369770093 0.00092991887935116898 0.00071651168182620126 -0.0010421447722959078 -0.0012693689274116576 -0.0016708560742107544 0.00031047054315698253 0.0019059691214422328 0.00068452814120428405 -0.0011576196174085274 0.00010876391744163589 -0.0001932390518860435 0.00060502813296895916 0.00015887810675623495 -0.00186832340437104 -0.00089794282876545968 -0.00017308361851954887
leaf_weight=1346 1097 6042.5 384 203 369 391 446 1901 560 436 238 5119 291 3503 265 487 1983 287 515 1252 557 1026 648 45851 16342 1528 31879.5 319 3243 16523
leaf_count=1346 1097 6042 384 203 369 391 446 1901 560 436 238 5119 291 3503 265 487 1983 287 515 1252 557 1026 648 45851 16342 1528 31874 319 3243 16523
internal_value=-1.75793e-06 7.1967e-06 -2.67999e-05 -0.00046581 -0.000326804 -0.000439936 -0.00058747 -0.00030386 -0.00151545 -0.00083943 0.000210709 0.000344843 0.000144255 -0.000282903 -0.000148537 -0.000232988 -0.000695248 0.000164118 -0.0007872 0.000518346 0.000802514 -6.4235e-05 -7.09881e-06 -7.18575e-07 -7.12424e-05 -0.000281802 2.69696e-05 0.000138737 -0.000346013 -0.0002458
internal_weight=145032 143499 122960 5280 4896 4693 4302 3296 1006 1533 20539.5 14955.5 9836.5 3794 5584 5346 2470 2876 780 2096 1809 2927 117680 117032 71180.5 22640 48540.5 32198.5 21112 17869
internal_count=145026 143493 122954 5280 4896 4693 4302 3296 1006 1533 20539 14955 9836 3794 5584 5346 2470 2876 780 2096 1809 2927 117674 117026 71175 22640 48535 32193 21112 17869
is_linear=0
shrinkage=0.03


Tree=95
num_leaves=31
num_cat=0
split_feature=85 12 79 0 68 56 43 59 67 45 65 56 9 56 62 62 52 10 79 76 77 89 59 7 59 2 2 7 46 20
split_gain=1.1435 1.58305 1.50377 1.19412 1.49026 1.22243 1.19278 1.44125 1.14408 1.99207 1.43868 1.49795 1.60726 1.1654 1.36306 1.50492 1.21494 1.21006 1.28659 1.08486 1.0823 1.057 1.22736 1.35015 0.946795 1.13291 1.1817 1.41947 1.17135 1.15732
threshold=0.51695001125335704 0.97654998302459728 0.039259999990463264 0.060395000502467162 0.41805000603199011 0.0030794999329373245 -0.058284999802708619 0.74899998307228099 0.33904999494552618 0.93125000596046459 -0.011285000015050171 0.038949999958276756 0.077864997088909163 0.099355001002550139 -0.085829999297857271 0.0033934999955818061 1.2304999828338625 0.2645500004291535 0.19755000621080401 0.74584999680519115 0.98105001449584972 0.088024999946355834 0.93700000643730175 -0.29164999723434443 0.87100002169609081 -0.093314997851848588 -0.0094344997778534872 -0.30795000493526453 0.27494999766349798 0.55035001039505016
decision_type=8 2 2 2 8 10 2 10 10 2 10 8 2 10 2 2 8 2 2 2 2 2 10 8 10 2 2 8 2 2
left_child=1 2 6 20 -5 -6 -1 -8 13 -10 -11 12 19 21 -15 16 -16 -17 -19 -12 24 22 23 -2 25 28 -27 -28 -4 -30
right_child=8 -3 3 4 5 -7 7 -9 9 10 11 -13 -14 14 15 17 -18 18 -20 -21 -22 -23 -24 -25 -26 26 27 -29 29 -31
leaf_value=-0.0022658120287705279 0.0011274801598858495 0.0021848500519864381 0.00024712016779526041 0.00067344792676158249 -0.00059983186513403721 -0.0035443705440323628 -0.00089540314565700113 0.0011457420360764931 0.00023132539767679774 0.0013361480016308494 -0.0016401919756808513 -5.1429052371297483e-05 -0.0021280266358030819 -0.002607627663608609 -0.00024868742127099198 0.00017694550539947013 0.0014553342008051904 -0.0037097276634064174 -0.0011138866500898629 0.00021240812633700068 -0.001842640552711258 9.7156732270104731e-05 -0.0028017978668671835 -0.00079164321221688759 -0.00033218090735336855 -0.00020116118930045074 0.00089390903710243421 3.2881841159730817e-05 0.0026981209844420774 -6.6772464310153588e-05
leaf_weight=423 420 275 1774 244 238 272 1684 381 43815 394 440 2484 868 268 1637 532 488 203 1103 801 302 15833 207 1525 9054 22388 1812 34790.5 405 205
leaf_count=423 420 275 1774 244 238 272 1684 381 43812 394 440 2484 868 268 1637 532 488 203 1103 801 302 15833 207 1525 9054 22388 1812 34790 405 205
internal_value=-6.429e-07 -8.29616e-05 -9.14218e-05 -6.61814e-05 -0.00125295 -0.00217412 -0.000816306 -0.000518432 8.54192e-05 0.00016666 -0.000401414 -0.000550725 -0.0011385 -9.30422e-05 -0.000540961 -0.000400579 0.000143137 -0.00102893 -0.0015199 -0.000445228 -5.35127e-05 1.23556e-05 -0.000611311 -0.000376865 -4.58148e-05 -3.56513e-06 -2.94811e-05 7.55301e-05 0.000637451 0.00177035
internal_weight=145266 74247.5 73972.5 71484.5 754 510 2488 2065 71018 48802 4987 4593 2109 22216 4231 3963 2125 1838 1306 1241 70730.5 17985 2152 1945 70428.5 61374.5 58990.5 36602.5 2384 610
internal_count=145262 74247 73972 71484 754 510 2488 2065 71015 48799 4987 4593 2109 22216 4231 3963 2125 1838 1306 1241 70730 17985 2152 1945 70428 61374 58990 36602 2384 610
is_linear=0
shrinkage=0.03


end of trees

feature_importances:
Column_56=102
Column_58=102
Column_53=92
Column_71=89
Column_67=84
Column_80=83
Column_75=76
Column_28=70
Column_68=69
Column_52=67
Column_61=59
Column_0=57
Column_63=56
Column_81=55
Column_60=50
Column_74=50
Column_59=49
Column_25=48
Column_17=46
Column_50=46
Column_57=46
Column_62=46
Column_65=46
Column_66=43
Column_89=41
Column_6=40
Column_82=40
Column_11=39
Column_1=38
Column_51=37
Column_64=37
Column_77=37
Column_87=36
Column_69=35
Column_20=34
Column_46=33
Column_85=33
Column_8=32
Column_7=31
Column_12=30
Column_45=30
Column_24=28
Column_76=28
Column_41=27
Column_70=27
Column_39=26
Column_21=25
Column_5=24
Column_18=24
Column_48=24
Column_22=23
Column_3=21
Column_30=21
Column_14=20
Column_26=20
Column_47=20
Column_49=20
Column_2=19
Column_10=19
Column_54=19
Column_72=19
Column_86=19
Column_4=18
Column_15=18
Column_9=17
Column_16=17
Column_27=17
Column_32=17
Column_79=17
Column_19=16
Column_31=16
Column_83=16
Column_42=15
Column_43=13
Column_44=13
Column_88=13
Column_84=12
Column_23=11
Column_29=8
Column_78=8
Column_37=6
Column_13=2
Column_38=1
Column_55=1
Column_73=1

parameters:
[boosting: gbdt]
[objective: regression]
[metric: l2]
[tree_learner: serial]
[device_type: cpu]
[data_sample_strategy: bagging]
[data: ]
[valid: ]
[num_iterations: 96]
[learning_rate: 0.03]
[num_leaves: 31]
[num_threads: 4]
[seed: 43]
[deterministic: 1]
[force_col_wise: 1]
[force_row_wise: 0]
[histogram_pool_size: -1]
[max_depth: -1]
[min_data_in_leaf: 200]
[min_sum_hessian_in_leaf: 0.001]
[bagging_fraction: 0.8]
[pos_bagging_fraction: 1]
[neg_bagging_fraction: 1]
[bagging_freq: 1]
[bagging_seed: 11149]
[bagging_by_query: 0]
[feature_fraction: 0.8]
[feature_fraction_bynode: 1]
[feature_fraction_seed: 21351]
[extra_trees: 0]
[extra_seed: 16806]
[early_stopping_round: 0]
[early_stopping_min_delta: 0]
[first_metric_only: 0]
[max_delta_step: 0]
[lambda_l1: 0]
[lambda_l2: 1]
[linear_lambda: 0]
[min_gain_to_split: 0]
[drop_rate: 0.1]
[max_drop: 50]
[skip_drop: 0.5]
[xgboost_dart_mode: 0]
[uniform_drop: 0]
[drop_seed: 2965]
[top_rate: 0.2]
[other_rate: 0.1]
[min_data_per_group: 100]
[max_cat_threshold: 32]
[cat_l2: 10]
[cat_smooth: 10]
[max_cat_to_onehot: 4]
[top_k: 20]
[monotone_constraints: ]
[monotone_constraints_method: basic]
[monotone_penalty: 0]
[feature_contri: ]
[forcedsplits_filename: ]
[refit_decay_rate: 0.9]
[cegb_tradeoff: 1]
[cegb_penalty_split: 0]
[cegb_penalty_feature_lazy: ]
[cegb_penalty_feature_coupled: ]
[path_smooth: 0]
[interaction_constraints: ]
[verbosity: -1]
[saved_feature_importance_type: 0]
[use_quantized_grad: 0]
[num_grad_quant_bins: 4]
[quant_train_renew_leaf: 0]
[stochastic_rounding: 1]
[linear_tree: 0]
[max_bin: 255]
[max_bin_by_feature: ]
[min_data_in_bin: 3]
[bin_construct_sample_cnt: 200000]
[data_random_seed: 179]
[is_enable_sparse: 1]
[enable_bundle: 1]
[use_missing: 1]
[zero_as_missing: 0]
[feature_pre_filter: 1]
[pre_partition: 0]
[two_round: 0]
[header: 0]
[label_column: ]
[weight_column: ]
[group_column: ]
[ignore_column: ]
[categorical_feature: ]
[forcedbins_filename: ]
[precise_float_parser: 0]
[parser_config_file: ]
[objective_seed: 26397]
[num_class: 1]
[is_unbalance: 0]
[scale_pos_weight: 1]
[sigmoid: 1]
[boost_from_average: 1]
[reg_sqrt: 0]
[alpha: 0.9]
[fair_c: 1]
[poisson_max_delta_step: 0.7]
[tweedie_variance_power: 1.5]
[lambdarank_truncation_level: 30]
[lambdarank_norm: 1]
[label_gain: ]
[lambdarank_position_bias_regularization: 0]
[eval_at: ]
[multi_error_top_k: 1]
[auc_mu_weights: ]
[num_machines: 1]
[local_listen_port: 12400]
[time_out: 120]
[machine_list_filename: ]
[machines: ]
[gpu_platform_id: -1]
[gpu_device_id: -1]
[gpu_device_id_list: ]
[gpu_use_dp: 0]
[num_gpu: 1]

end of parameters

pandas_categorical:null
