tree
version=v4
num_class=1
num_tree_per_iteration=1
label_index=0
max_feature_idx=89
objective=regression
feature_names=Column_0 Column_1 Column_2 Column_3 Column_4 Column_5 Column_6 Column_7 Column_8 Column_9 Column_10 Column_11 Column_12 Column_13 Column_14 Column_15 Column_16 Column_17 Column_18 Column_19 Column_20 Column_21 Column_22 Column_23 Column_24 Column_25 Column_26 Column_27 Column_28 Column_29 Column_30 Column_31 Column_32 Column_33 Column_34 Column_35 Column_36 Column_37 Column_38 Column_39 Column_40 Column_41 Column_42 Column_43 Column_44 Column_45 Column_46 Column_47 Column_48 Column_49 Column_50 Column_51 Column_52 Column_53 Column_54 Column_55 Column_56 Column_57 Column_58 Column_59 Column_60 Column_61 Column_62 Column_63 Column_64 Column_65 Column_66 Column_67 Column_68 Column_69 Column_70 Column_71 Column_72 Column_73 Column_74 Column_75 Column_76 Column_77 Column_78 Column_79 Column_80 Column_81 Column_82 Column_83 Column_84 Column_85 Column_86 Column_87 Column_88 Column_89
feature_infos=[-0.56110000610351562:0.45210000872612] [-0.90310001373291016:1.2970000505447388] [-0.90950000286102295:1.4609999656677246] [-0.92070001363754272:2.315000057220459] [-0.97310000658035278:24.540000915527344] [-0.98390001058578491:77.69000244140625] [-0.99620002508163452:40.389999389648438] [-0.9966999888420105:39.520000457763672] [-0.86930000782012939:0.62629997730255127] [-0.89499998092651367:0.77569997310638428] [0:7.1539998054504395] [0:0.93110001087188721] [0:1] [0:1] [-0.91009998321533203:1.6310000419616699] [-0.98430001735687256:7.1020002365112305] [-0.96310001611709595:2.3410000801086426] [-0.9968000054359436:0] [0:83.660003662109375] [0.00064300000667572021:4.0180001258850098] [0.074629999697208405:2.3819999694824219] [0.10620000213384628:1.8760000467300415] [-0.98549997806549072:-0.027230000123381615] [5.6820001602172852:99.989997863769531] [-0.92479997873306274:0.45309999585151672] [5.7309999465942383:99.029998779296875] [-0.52799999713897705:1.5149999856948853] [0.001749000046402216:5.875999927520752] [10.029999732971191:24.840000152587891] [0:1] [-1:1] [0:1] [0:1] [0:1] [0:1] [0:1] [0:1] [0:1] [-4:4] [0.0054040001705288887:1.1729999780654907] [-1:1] [-0.78619998693466187:0.7125999927520752] [-0.93910002708435059:3.8410000801086426] [-0.85079997777938843:0.34470000863075256] [-100:100] [-2.5820000171661377:2.6380000114440918] [-0.93580001592636108:2.2239999771118164] [-10:10] [0.1331000030040741:7.6519999504089355] [-0.96390002965927124:24.770000457763672] [-0.86419999599456787:1.4600000381469727] [-0.98750001192092896:77.830001831054688] [-0.35920000076293945:2.872999906539917] [-0.71359997987747192:1.7059999704360962] [-1.9259999990463257:24.670000076293945] [0:1] [-0.38690000772476196:0.7533000111579895] [0.053320001810789108:0.86229997873306274] [9.380000114440918:71.989997863769531] [0.0039679999463260174:1] [-0.067120000720024109:0.11580000072717667] [-0.06898999959230423:0.11810000240802765] [-0.2468000054359436:1.156000018119812] [-0.096210002899169922:0.064079999923706055] [-0.094070002436637878:0.14350000023841858] [-0.046930000185966492:0.055240001529455185] [-0.29309999942779541:0.3562999963760376] [0:1] [0.050510000437498093:0.94580000638961792] [0.21349999308586121:2.5850000381469727] [0.010459999553859234:5.249000072479248] [0:3372] [0:10] [0:1] [-0.28859999775886536:0.52819997072219849] [0.0038610000628978014:1] [0.0038610000628978014:1] [0.0038610000628978014:1] [0.0038610000628978014:1] [0.0038759999442845583:1] [0.0040000001899898052:1] [0.0038759999442845583:1] [0.0038610000628978014:1] [0.0038610000628978014:1] [0.0038610000628978014:1] [0.0038610000628978014:1] [0.0038610000628978014:1] [0.0038610000628978014:1] [0.0038610000628978014:1] [0.0038610000628978014:1]
tree_sizes=2933 3115 3149 3132 3151 3170 3160 3130 3139 3165 3122 3116 3155 3122 3158 3140 3120 3162 3146 3158 3138 3147 3170 3139 3138 3131 3154 3171 3126 3147 3125 3157 3153 3154 3148 3134 3125 3125 3140 3133 3122 3122 3118 3113 3139 3097 3081 3112 3123 3151 3092 3101 3123 3130 3115 3124 3119 3107 3111 3129 3109 3100 3145 3144 3107 3146 3126 3134 3119 3118 3080 3150 3107 3105 3118 3098 3144 3129 3087 3115 3097 3124 3132

Tree=0
num_leaves=31
num_cat=0
split_feature=50 67 19 1 17 74 87 42 67 62 82 67 50 69 29 89 58 14 5 57 84 86 62 53 68 50 71 18 68 26
split_gain=18.7308 8.40376 5.82667 5.66828 4.68761 2.98907 2.41884 2.28641 2.65094 2.17854 2.14314 2.04718 2.05391 2.04084 1.97811 1.95248 1.91863 1.85264 1.7734 1.71486 1.70523 1.69596 1.65151 1.62962 2.67464 1.99201 1.62639 1.59963 1.59236 1.58386
threshold=0.02326499950140715 0.60324999690055858 0.55904999375343334 -0.10225000232458113 -0.065614998340606676 0.010400000028312208 0.65595000982284557 -0.15634999424219129 0.34915000200271612 -0.039370000362396233 0.93485000729560863 0.55195000767707836 0.11914999783039094 0.86855000257492077 0.37935000658035284 0.97615000605583202 14.305000305175783 0.1155500002205372 1.216499984264374 0.58254998922348034 0.75214999914169323 0.067439999431371703 -0.094255000352859483 0.07598499953746797 0.69725000858306896 -0.043294999748468392 23.500000000000004 0.053685000166296966 0.68145000934600841 0.29995000362396246
decision_type=8 10 2 2 2 10 2 2 10 2 2 10 8 8 10 2 10 2 2 10 10 2 2 10 8 10 10 2 10 2
left_child=1 3 4 13 15 7 23 9 10 22 27 12 -4 26 -12 -2 -6 20 -10 -13 28 -11 -5 25 -25 -3 -1 -9 -18 -8
right_child=2 6 11 5 16 -7 29 8 18 21 14 19 -14 -15 -16 -17 17 -19 -20 -21 -22 -23 -24 24 -26 -27 -28 -29 -30 -31
leaf_value=0.50378442727825934 0.50192106265539549 0.50390713434091716 0.50119562269315954 0.50262014692789458 0.50306878414080447 0.50288287983321556 0.50068278132780686 0.50099558347337114 0.50255085556079793 0.50170543089503528 0.4985700345490125 0.50333571590799431 0.49972974491495348 0.50356140668918992 0.50156830551399056 0.50040804528468719 0.50297463773200546 0.50179872196198916 0.50502876234497984 0.50017077106049879 0.50200486311567871 0.50334120809304916 0.50538989689381431 0.50339447267349502 0.50465712635032178 0.50296620428007166 0.50724061479117999 0.50231152518232192 0.50536326306922019 0.50277145746848662
leaf_weight=224 20312 2490 3012 287 4806 19374.5 350 872 33127 888 217 556 1206 2264.5 2184 797 2017 3508 261 212 1631 1591 595.5 7043 1922 10833 272 17456 286 4729
leaf_count=224 20312 2488 3012 287 4806 19361 350 872 33118 887 217 556 1206 2262 2184 797 2017 3508 261 212 1631 1590 594 7043 1922 10829 272 17456 286 4728
internal_value=0.502561 0.502765 0.501992 0.502609 0.502135 0.502561 0.503218 0.502452 0.502405 0.503211 0.502138 0.501035 0.500776 0.503944 0.501296 0.501864 0.502602 0.5023 0.50257 0.50246 0.502747 0.502755 0.50449 0.503353 0.503665 0.503142 0.505685 0.502249 0.503272 0.502627
internal_weight=145324 106980 38343 79613.5 33357 76853 27367 57478.5 54117 3361.5 20729 4986 4218 2760.5 2401 21109 12248 7442 33388 768 3934 2479 882.5 22288 8965 13323 496 18328 2303 5079
internal_count=145288 106945 38343 79585 33357 76827 27360 57466 54108 3358 20729 4986 4218 2758 2401 21109 12248 7442 33379 768 3934 2477 881 22282 8965 13317 496 18328 2303 5078
is_linear=0
shrinkage=1


Tree=1
num_leaves=31
num_cat=0
split_feature=75 80 17 47 67 68 75 56 51 45 71 3 49 62 85 25 53 77 28 49 60 75 74 51 56 62 0 82 4 67
split_gain=14.8848 7.91724 7.82149 3.79117 3.7288 3.36755 3.21014 3.0733 4.25463 3.04434 3.01821 2.44482 2.2602 1.95687 1.94691 1.9242 2.17504 1.91741 1.88826 1.89107 1.83399 1.79199 1.74089 1.73729 1.62923 1.6146 1.57912 1.65127 1.54422 1.54305
threshold=0.69415000081062328 0.55314999818801891 -0.06995499879121779 -2.4999999999999996 0.57995000481605541 0.57174998521804821 0.96885001659393322 -0.051929999142885201 -0.122249998152256 0.46965000033378607 754.50000000000011 -0.16104999929666516 0.1397499963641167 0.033539999276399619 0.65354999899864208 36.795000076293952 0.14124999940395358 0.027329999953508381 17.07499980926514 -0.055634999647736542 0.0073910001665353784 0.39094999432563787 -0.086314998567104326 1.6104999780654909 0.054755000397562988 -0.047884998843073838 0.01494499994441867 0.98734998703002941 0.024065000005066398 0.30615000426769262
decision_type=2 10 2 2 10 10 2 10 10 2 8 2 10 2 10 2 10 2 10 8 2 2 10 10 10 2 2 2 2 10
left_child=1 4 6 11 7 17 26 8 18 13 28 20 -4 15 -13 16 24 22 -1 -20 -3 -10 -5 -14 -9 -21 27 -2 -8 -12
right_child=2 3 12 5 -6 -7 10 9 21 -11 29 14 23 -15 -16 -17 -18 -19 19 25 -22 -23 -24 -25 -26 -27 -28 -29 -30 -31
leaf_value=-0.00053740989191811432 -0.00045914250658108898 0.0026183685860291508 0.00045755971012603189 -0.0038760388948721807 0.00034544721828410729 0.0008033899927656987 -0.0021158873868299477 -0.00045559649821125237 0.00030095254472625336 3.9462032712704331e-08 -0.004974122496746611 0.00051832368924013166 -0.00032182179729406868 -0.0011017302051677101 0.0012664079467064999 0.0007514511980696877 0.00024674487919213112 0.00012990506451624712 0.0018666569896428635 -0.0018577607759163851 -1.1419381587888652e-05 -0.001005460663165631 -0.00027081434681702153 0.0024212723334719965 -0.0013204057209539612 0.001012255465249731 -0.00099575991529965457 -0.0028632599146415786 -0.00044979495894137086 -0.0017145673316486482
leaf_weight=536 17525 1123 7408 204 16611 8264 935 6250 1932 15075 341 9782 8515 4738 4606 1206 2669 19324 2175 243 303 1848 293 212 2857 636 8294 260 1078 214
leaf_count=536 17525 1121 7408 204 16610 8260 935 6250 1930 15075 341 9774 8515 4738 4590 1206 2669 19321 2175 243 303 1848 293 212 2857 636 8294 260 1078 214
internal_value=-1.05843e-06 0.000201344 -0.000456077 0.000503893 -3.259e-05 0.000294674 -0.000753618 -0.000188939 0.000364593 -0.000313341 -0.0017655 0.000875414 7.22085e-05 -0.00057993 0.000757878 -0.00038942 -0.000506313 8.2545e-05 0.00110409 0.00139226 0.00205997 -0.000337835 -0.00175544 -0.000254916 -0.000727015 0.000217629 -0.000653914 -0.000494447 -0.00122433 -0.00372263
internal_weight=145457 100675 44782 43899 56776 28085 28647 40165 7370 32795 2568 15814 16135 17720 14388 12982 11776 19821 3590 3054 1426 3780 497 8727 9107 879 26079 17785 2013 555
internal_count=145421 100639 44782 43866 56773 28078 28647 40163 7368 32795 2568 15788 16135 17720 14364 12982 11776 19818 3590 3054 1424 3778 497 8727 9107 879 26079 17785 2013 555
is_linear=0
shrinkage=0.03


Tree=2
num_leaves=31
num_cat=0
split_feature=75 17 67 75 8 61 75 25 81 58 6 69 53 58 41 15 89 6 63 20 57 71 84 63 68 83 85 0 71 66
split_gain=13.8214 7.63197 7.31403 4.39064 4.01164 3.12225 2.87885 2.8202 2.69055 3.17593 2.49295 2.48791 2.21043 2.06064 2.04214 1.88167 1.86125 1.84744 1.94119 1.83358 1.75928 1.94285 1.75771 1.96352 1.72477 1.73702 1.67761 1.72688 1.63736 1.62811
threshold=0.69415000081062328 -0.066744998097419725 0.53044998645782482 0.9255499839782716 -0.070904999971389757 0.0070549999363720426 0.22555000334978106 45.815000534057624 0.15255000442266467 19.309999465942386 0.29095000028610235 1.1025000214576723 0.046684999018907554 14.47499990463257 0.21454999595880511 -0.16534999758005139 0.84745001792907726 0.53885000944137584 -0.021475000306963917 0.4520500004291535 0.14249999821186068 146.50000000000003 0.46074999868869787 -0.026479999534785744 0.55435001850128185 0.62795001268386852 0.83775001764297496 0.055475000292062766 29.500000000000004 -0.010079999919980763
decision_type=2 2 10 2 2 2 2 2 2 8 8 10 8 10 2 2 2 10 2 2 10 8 10 2 10 10 10 2 10 2
left_child=2 3 4 22 5 10 24 14 9 29 28 13 16 -3 -5 -10 -8 -17 -19 -20 -11 -22 -2 -24 -4 -26 27 -25 -1 -6
right_child=1 11 6 7 8 -7 12 -9 15 20 -12 -13 -14 -15 -16 17 -18 18 19 -21 21 -23 23 26 25 -27 -28 -29 -30 -31
leaf_value=9.0157308783091135e-05 -0.00024660980936763217 0.00036946777140127766 0.00042336710852388081 -0.0011301671234239775 -0.0013768560792011392 -0.00071015630101034294 0.00015443629987420233 -0.0041813772306350189 0.00084929681493707001 -0.0014688107624646004 0.0031106637700298624 0.0010586701831445367 0.00060661922035899448 -0.00038134356278753584 -0.0033321492437656344 -0.00013082444585628056 -0.001319275567106433 0.0023570333489570153 0.00046206596406399525 -0.00042771601665329644 0.0010332886883046225 -0.00054920498028038635 0.00088134662814413271 -0.00095300265046023851 0.00091598191461632382 0.0019843712372924608 -4.6418267124028384e-05 -0.0034550757612211297 0.0018705496202399399 -0.00048620962175010396
leaf_weight=959 10472 5813 4476 5787 2975 734 12740.5 315 2380 465 650.5 2084 13588.5 7577 405 32833.5 820 402 8246 2788.5 2096 1046 612 9632 5900.5 1784.5 1910 254 901.5 4875
leaf_count=959 10472 5813 4474 5787 2974 734 12734 315 2380 465 650 2084 13585 7577 405 32827 820 402 8244 2788 2096 1046 612 9632 5893 1781 1910 254 898 4875
internal_value=-6.58028e-06 -0.00044453 0.000188599 -0.000728463 -1.60963e-05 0.00101028 0.000508063 -0.00141604 -7.34307e-05 -0.000485334 0.00151326 9.4707e-05 0.000336216 -5.53906e-05 -0.00127471 2.77389e-05 6.52306e-05 -1.6447e-05 0.000311906 0.000237193 0.000251475 0.000506455 -0.000532866 -0.000774418 0.000891644 0.00116429 -0.00086039 -0.00101763 0.000953383 -0.00082388
internal_weight=145523 44861 100662 29387 61352 3245 39310 6507 58107 11457 2511 15474 27149 13390 6192 46650 13560.5 44270 11436.5 11034.5 3607 3142 22880 12408 12161 7685 11796 9886 1860.5 7850
internal_count=145486 44861 100625 29387 61338 3241 39287 6507 58097 11456 2507 15474 27139 13390 6192 46641 13554 44261 11434 11032 3607 3142 22880 12408 12148 7674 11796 9886 1857 7849
is_linear=0
shrinkage=0.03


Tree=3
num_leaves=31
num_cat=0
split_feature=75 67 17 1 80 50 69 53 58 67 62 52 71 39 82 42 67 69 69 71 51 89 21 62 62 51 80 85 75 27
split_gain=14.4713 7.55402 5.58646 5.36123 4.4251 3.83178 3.04327 2.7719 2.74411 2.7311 2.59642 2.50399 2.10028 1.89419 1.87057 2.06939 1.83797 1.83684 1.73704 1.85445 1.80619 1.66488 1.66165 1.65991 1.70626 1.7428 1.63691 1.62594 1.72094 1.60027
threshold=0.76265001296997081 0.58204999566078197 -0.06995499879121779 -0.10225000232458113 0.53364998102188121 0.10474999994039537 1.0105000138282778 0.064005002379417433 29.07499980926514 0.41955000162124639 -0.057134998962283128 0.74764999747276317 23.500000000000004 0.036274999380111701 0.92054998874664318 -0.147549994289875 0.34915000200271612 0.88604998588562023 1.0964999794960024 5.5000000000000009 -0.21665000170469281 0.97615000605583202 0.70995000004768383 -0.099145002663135515 0.034615000709891326 -0.122249998152256 0.97374999523162853 0.2913499921560288 0.39894999563694006 0.4723500013351441
decision_type=2 10 2 2 10 10 10 10 8 8 2 8 10 2 2 2 10 8 10 8 10 2 2 2 2 8 8 10 2 10
left_child=1 3 5 10 8 21 13 27 14 22 -1 -9 -12 -4 15 -5 -16 -14 19 -7 -21 26 -6 -10 25 -25 29 -3 -29 -2
right_child=2 7 6 4 9 18 -8 11 23 -11 12 -13 17 -15 16 -17 -18 -19 -20 20 -22 -23 -24 24 -26 -27 -28 28 -30 -31
leaf_value=-0.00041842555006263996 -0.0018521894824711702 -9.3417877828848867e-05 -5.4109074729986515e-05 0.00069075982220683256 -4.0739569465010524e-05 0.00021138614538358523 0.00054652832297881395 0.0011949735303754406 -0.0018823665740646787 0.00045493826450749192 0.0008591862520887409 0.00038663132937601596 0.0049107429270077961 -0.0010144510387517099 -0.0015659826950759619 -0.00031324049570256472 0.00015415779331693082 0.0020351737784325905 0.00025844163214787841 -0.00070991812670577893 -0.0031367697017331024 -0.0019842569812454336 -0.0022894887906878521 0.0022009252060439187 -0.00029683405423554325 0.00054367927770210798 0.00097572471359594175 0.00086092493844852863 0.000143820261678543 -0.0006075600658013399
leaf_weight=597 983 5900 5197 1957 14253.5 231 4995 8670 242 19623 1041 5729 266 2868 1946 32801 784 809.5 269 346 1377 849 301 865 1121 1680 556 6230.5 5830.5 16953
leaf_count=597 983 5898 5197 1957 14252 231 4995 8669 242 19602 1041 5729 266 2868 1946 32801 784 806 269 346 1377 849 301 865 1121 1680 556 6222 5828 16953
internal_value=1.02715e-05 0.000177768 -0.000524983 1.83986e-05 -2.86517e-05 -0.000821528 -3.53161e-05 0.000563311 -0.000237237 0.000223988 0.00132832 0.000873404 0.00182099 -0.0003957 -0.000316102 -0.000256693 -0.00107212 0.00275028 -0.00200089 -0.0023119 -0.00265012 -0.000685879 -8.73998e-05 0.000519177 0.000678178 0.00110759 -0.000626164 0.00031468 0.000514305 -0.000675873
internal_weight=145271 110647 34624 78287 75573.5 21564 13060 32360 41396 34177.5 2713.5 14399 2116.5 8065 37488 34758 2730 1075.5 2223 1954 1723 19341 14554.5 3908 3666 2545 18492 17961 12061 17936
internal_count=145231 110607 34624 78261 75551 21564 13060 32346 41396 34155 2710 14398 2113 8065 37488 34758 2730 1072 2223 1954 1723 19341 14553 3908 3666 2545 18492 17948 12050 17936
is_linear=0
shrinkage=0.03


Tree=4
num_leaves=31
num_cat=0
split_feature=75 80 17 68 68 1 75 58 58 72 75 63 21 88 84 61 84 89 57 9 71 53 80 57 58 59 85 17 42 58
split_gain=15.646 7.15256 5.56084 3.30599 3.2985 3.41384 2.96043 2.58249 2.41034 2.75063 2.59105 2.41127 2.33408 2.32393 1.98803 1.98558 1.97296 1.9195 1.91541 1.91455 2.12543 1.87925 1.86582 1.86218 2.03943 1.95729 1.84176 1.79038 1.94325 2.80736
threshold=0.69415000081062328 0.53364998102188121 -0.08294500038027762 0.6115500032901765 0.55594998598098766 -0.09683500230312346 0.9032999873161317 14.305000305175783 19.365000724792484 5.5000000000000009 0.45495000481605535 0.013715000357478859 0.40315000712871557 0.50604999065399181 0.46074999868869787 -0.023540000431239601 0.28655000030994421 0.97194999456405651 0.28084999322891241 0.052285000681877143 1.5000000000000002 0.072125002741813674 0.16944999992847445 0.14445000141859057 14.385000228881838 0.19344999641180041 0.080084998160600676 -0.73405000567436207 -0.16115000098943708 31.960000038146976
decision_type=2 10 2 10 10 2 2 10 8 10 2 2 2 2 10 2 10 2 8 2 8 10 10 10 10 10 10 2 2 10
left_child=1 3 6 8 5 -3 14 -4 9 12 11 27 15 18 -2 -1 -13 -8 -6 -9 -21 -5 -17 24 -14 -25 -22 -10 29 -29
right_child=2 4 7 21 13 -7 17 19 10 -11 -12 16 23 -15 -16 22 -18 -19 -20 20 26 -23 -24 25 -26 -27 -28 28 -30 -31
leaf_value=0.0026200281987351216 -0.0002079332176057844 0.0017362143925272536 0.00039826859862274351 0.00015788378276513859 0.0012880377852345127 0.00025243773057131422 -0.0010203975855909958 0.00010278616473356117 -0.0023092891967890763 0.00080922390045481604 -0.00036973694123724115 0.0027419952704829365 -0.0014027460057201844 0.00035076538211163834 -0.00082336055755196291 -0.00065627008590358094 0.00066351515438628419 -0.0023236263265264852 -8.1481095915434206e-05 0.0022351518304542053 0.0018409073060167047 0.00099858416781397068 -7.3199851795310964e-05 -0.0046376638297589302 7.8113539733577956e-05 -0.0014244062474598478 -0.00091040097534594833 0.0024754935402566012 0.0001434298918035478 -0.00087848392716768085
leaf_weight=217 9111 1463.5 7107 6308.5 8596.5 29666.5 6502 4925 236 1958 4864 688 1516 5125.5 9812 7207 1021 1206 1029 214 227 3855 15694.5 200 1867 1143 5587 778 6576 315
leaf_count=217 9111 1462 7107 6308 8581 29652 6502 4925 236 1958 4864 688 1516 5121 9812 7207 1021 1206 1029 214 227 3855 15694 200 1867 1143 5587 778 6576 315
internal_value=1.34548e-05 0.000221434 -0.000453424 -1.11025e-05 0.000497364 0.000322247 -0.000728995 -4.70527e-05 -0.000123103 -0.00027737 0.000194449 0.000479895 -0.000353805 0.000866878 -0.000527073 -0.000229596 0.00150137 -0.00122458 0.00114164 -0.000336015 -0.000694483 0.000476827 -0.00025671 -0.000961231 -0.000585712 -0.00190602 -0.000802682 0.000258898 0.00033822 0.00150897
internal_weight=145016 100325 44691 54444 45881 31130 26631 18060 44280.5 29802.5 14478 9614 27844.5 14751 18923 23118.5 1709 7708 9625.5 10953 6028 10163.5 22901.5 4726 3383 1343 5814 7905 7669 1093
internal_count=144979 100288 44691 54443 45845 31114 26631 18060 44280 29802 14478 9614 27844 14731 18923 23118 1709 7708 9610 10953 6028 10163 22901 4726 3383 1343 5814 7905 7669 1093
is_linear=0
shrinkage=0.03


Tree=5
num_leaves=31
num_cat=0
split_feature=75 67 80 11 58 47 80 25 81 61 63 89 39 50 62 75 62 15 66 53 57 53 59 71 82 61 12 76 61 61
split_gain=13.6362 5.77773 4.37761 3.66312 3.19723 2.86104 2.78738 2.33475 2.293 2.20371 2.36966 2.20314 2.19089 2.1613 2.15802 2.12919 2.0845 1.98919 1.92066 1.852 1.84723 1.79713 1.78069 1.7538 1.75261 1.74506 1.70743 1.67112 1.62244 1.61666
threshold=0.69415000081062328 0.61194998025894176 0.51714998483657848 0.04373499937355519 19.309999465942386 -2.4999999999999996 0.53745001554489147 19.875000000000004 0.15734999626874926 -0.021414999850094315 0.019009999930858616 0.98734998703002941 0.025404999963939193 -0.044174998998641961 -0.086784999817609773 0.25049999356269842 0.10425000265240671 -0.17985000461339948 -0.0025564999086782332 0.089345000684261336 0.1287999972701073 0.26774999499320989 0.81250000000000011 4.5000000000000009 0.42415000498294836 -0.010964999906718729 0.20005000382661822 0.084304999560117735 -0.0033129999646916981 0.0073035000823438176
decision_type=2 10 10 2 8 2 10 2 2 2 2 2 2 8 2 2 2 2 2 10 10 10 8 8 2 2 2 2 2 2
left_child=1 2 4 6 8 7 9 -4 16 -2 28 29 -8 -6 -9 -3 18 -10 -1 -14 -18 -15 -17 -7 -16 -20 -26 -25 -11 -5
right_child=3 15 5 11 13 23 12 14 17 10 -12 -13 19 21 24 22 20 -19 25 -21 -22 -23 -24 27 26 -27 -28 -29 -30 -31
leaf_value=-0.0011367359343191449 -0.0023281065378442517 0.00099135568417300576 9.7558586935393615e-05 -0.00096442910172592872 0.00093253204144257726 -0.00099540094441582833 0.00064325410161608719 -0.00070395091295345313 0.0020544898962551851 -6.7209014491504391e-05 0.00092886692334377848 -0.0019831068134472151 -0.00049795499431860043 -0.00011521240987971575 0.00042220226342682711 0.00056901349341866719 -0.00099017705401016902 -0.0001913951725604255 0.0021933865948612317 0.00026063532803277119 -0.0044969450365867436 0.0010690901354482195 -0.0002007723663786418 -0.0008079387145364578 0.0019063692405871697 -0.00034187492144955651 0.00085096039211789295 0.00024667359979077243 -0.00075371813125297529 -0.00016136478733533836
leaf_weight=3511 591 8399.5 4245 7567 3068 1213 3885 650 361 4328 1028 1417 6854 9421 2435 12327.5 308 18186.5 260 5015 241 1313 3464 1448 2812.5 3830 2712.5 20263 10905 3215
leaf_count=3511 591 8397 4245 7567 3068 1213 3885 650 361 4328 1028 1417 6854 9421 2428 12320 308 18185 260 5015 241 1313 3464 1448 2799 3830 2712 20258 10905 3215
internal_value=7.3957e-06 0.000201493 7.33723e-05 -0.000427837 -0.00014024 0.000315164 -0.000261903 0.00067339 -0.00033189 -0.00053008 -0.000464592 -0.000871295 2.49794e-05 0.000230471 0.000957248 0.00060546 -0.000751281 -0.000147574 -0.000622134 -0.000177433 -0.00253496 2.97395e-05 0.000400152 0.000114263 0.00109297 -0.000180212 0.00138846 0.000176303 -0.000558684 -0.000725007
internal_weight=145274 100470 76278.5 44805 40499.5 35779 32606 12855 26697.5 16852 16261 12199 15754 13802 8610 24191 8150 18547.5 7601 11869 549 10734 15791.5 22924 7960 4090 5525 21711 15233 10782
internal_count=145237 100432 76251 44805 40498 35753 32606 12834 26696 16852 16261 12199 15754 13802 8589 24181 8150 18546 7601 11869 549 10734 15784 22919 7939 4090 5511 21706 15233 10782
is_linear=0
shrinkage=0.03


Tree=6
num_leaves=31
num_cat=0
split_feature=75 67 1 17 80 75 20 62 89 58 58 1 71 87 82 6 24 3 60 87 87 16 86 70 39 0 28 71 62 62
split_gain=11.9717 6.47472 4.91707 4.49776 3.30363 3.13234 3.12344 2.91221 2.84248 2.81392 2.35981 2.29441 2.29148 2.61268 2.23487 2.06205 2.07548 2.00398 1.90067 1.84863 1.78004 1.85767 1.77094 1.6967 1.76423 1.68832 1.68517 1.60745 1.56916 1.71521
threshold=0.80834999680519115 0.51745000481605541 -0.078124999999999986 -0.06995499879121779 0.52134999632835399 0.31464999914169317 0.5221499800682069 -0.054940000176429742 0.98734998703002941 25.559999465942386 13.84999990463257 -0.016754999756813046 5.5000000000000009 0.98734998703002941 0.92054998874664318 -0.45855000615119929 -0.011274999938905237 -0.047214999794960015 0.00024680000205989932 0.97334998846054088 0.7365500032901765 0.25274999439716345 0.72615000605583202 1.4605000019073489 0.024834999814629558 -0.0064815001096576444 19.32499980926514 48.500000000000007 -0.092025000602006898 -0.019629999995231625
decision_type=2 10 2 2 10 2 2 2 2 8 10 2 10 2 2 10 2 2 2 2 2 2 2 8 2 2 10 10 2 2
left_child=1 2 7 8 9 15 23 -1 18 14 17 -7 -5 -14 -4 -3 -17 -8 -2 -20 21 -13 28 24 -6 27 -15 -9 -11 -30
right_child=3 5 4 12 6 11 10 25 -10 22 -12 20 13 26 -16 16 -18 -19 19 -21 -22 -23 -24 -25 -26 -27 -28 -29 29 -31
leaf_value=-0.00062906492453364011 -0.0011044086713703975 -0.00086134545403103707 -0.0003570852481154385 0.00082298885523471191 0.00068792980575915123 -0.00035335954239617846 -0.0042575940650378197 0.0011107915956973865 -0.0025488197345688245 -0.0016863542746334355 -0.00030086071233508915 0.00038701055982578845 -0.00013075524044585607 -0.0041157299776157161 -0.0013327187632096679 0.0017236702706078424 0.00065671272772315165 -0.0010917285635688267 -0.00033579579165438647 -0.0020606539282304109 -0.0001773965364325338 0.0016508052231534696 -0.00095142770006436631 0.00069221919868950506 -3.4451431241404131e-05 0.00019679313478991389 -0.0010508795273214857 0.0026332581661401306 0.0017575376806654407 0.00034168279036740987
leaf_weight=935 7925 729 27388 2047 3732 5396.5 264 1882.5 850 244 3066 18420.5 8207 227 2289 1826.5 16113.5 564 7883 601 4962.5 1109 759 5529.5 16455 1029 557 935 1134 2397
leaf_count=935 7925 729 27388 2047 3730 5393 264 1880 850 244 3066 18418 8207 227 2289 1823 16099 564 7883 601 4960 1109 759 5527 16453 1029 557 932 1134 2397
internal_value=-1.83629e-06 0.00013192 -5.57084e-05 -0.000555624 -0.000125232 0.000397001 0.000106769 0.000872096 -0.000858083 -0.000326032 -0.000684937 0.000206559 -8.26646e-05 -0.000288925 -0.000432379 0.000701865 0.000765431 -0.00210505 -0.000770352 -0.000458212 0.000329939 0.000458857 0.000369993 0.000226672 9.91237e-05 0.00123706 -0.00194239 0.00161678 0.000635859 0.000796761
internal_weight=145458 117160 68603 28297 63821.5 48557.5 29610.5 4781.5 17259 34211 3894 29888.5 11038 8991 29677 18669 17940 828 16409 8484 24492 19529.5 4534 25716.5 20187 3846.5 784 2817.5 3775 3531
internal_count=145419 117122 68591 28297 63815 48531 29604 4776 17259 34211 3894 29880 11038 8991 29677 18651 17922 828 16409 8484 24487 19527 4534 25710 20183 3841 784 2812 3775 3531
is_linear=0
shrinkage=0.03


Tree=7
num_leaves=31
num_cat=0
split_feature=75 17 67 8 50 5 3 80 58 77 74 66 63 80 75 85 82 50 82 16 58 58 63 42 58 6 28 45 56 66
split_gain=11.9323 5.01609 4.20622 3.623 3.23138 2.70562 2.44389 2.26184 2.87072 1.96761 1.93455 1.9319 2.09492 1.88096 2.2051 1.89 1.74659 1.72955 1.87457 1.72115 1.70156 1.68866 1.62288 1.87601 1.58607 1.57264 1.64442 1.55968 1.71509 1.82687
threshold=0.69415000081062328 -0.066744998097419725 0.60324999690055858 -0.067354999482631669 0.10474999994039537 0.26434999704360967 0.1454500034451485 0.48315000534057623 21.085000038146976 0.98315000534057628 0.011074999812990429 -0.021805000491440293 0.0021249999990686779 0.65595000982284557 0.40344999730587011 0.46754999458789831 0.93485000729560863 -0.022285000421106812 0.90929999947547924 0.37675000727176672 26.125000000000004 15.929999828338625 0.023814999498426918 -0.15175000578165052 26.944999694824222 2.0515000820159917 19.32499980926514 0.44814999401569372 -0.049899999052286141 -0.018904999829828736
decision_type=2 2 10 2 10 2 2 10 8 2 10 2 2 10 2 10 2 10 2 2 10 10 2 2 10 10 10 2 10 2
left_child=2 4 3 5 16 11 19 8 27 -6 -9 12 -1 15 -15 -4 -2 22 -19 20 -3 -18 23 24 -10 26 -8 28 29 -5
right_child=1 6 13 7 9 -7 25 10 17 -11 -12 -13 -14 14 -16 -17 21 18 -20 -21 -22 -23 -24 -25 -26 -27 -28 -29 -30 -31
leaf_value=-0.00086145241446884983 -0.00049019825652228341 0.00027944687668454818 -2.7142123689523011e-06 -0.00085451149289351503 -0.0013866234968199934 0.0027393421981475852 -0.0016878423147704226 4.078080025969045e-05 0.0042008562336520606 -0.0039575125987511665 0.00054098835595162891 0.0012175750211564787 0.0016192429491603693 0.0012692103164147388 0.00029482237395970454 0.00062664012531441166 -0.0023898032215163424 0.00013510657410583453 -0.0019378391687135935 0.0020756985864442724 -0.0015221044554101764 -0.000640771349015421 0.0031197437678252586 0.00033163681045586248 0.00080636117978376612 0.00093204307859123087 -0.00037261776077943478 -7.9906273203505477e-05 -0.00067319324106711082 0.0010630662865340579
leaf_weight=1139 25007 9691 8382 739 1919 622.5 1188 25930.5 224 311 9510 1978 418 5016 3584.5 8805.5 884 4748 427 455 495 1135 257 2693 277 573 3054 12721 11907 1129
leaf_count=1137 25007 9691 8382 739 1919 620 1188 25919 224 311 9497 1976 418 5011 3582 8804 884 4748 427 455 495 1135 257 2693 277 573 3054 12721 11907 1129
internal_value=-1.07141e-05 -0.000418426 0.000170663 5.66467e-05 -0.000649377 0.00091715 1.87459e-05 5.93411e-06 -0.000164682 -0.00174678 0.000175017 0.000595585 -0.000194861 0.000501007 0.000863188 0.000319734 -0.000558766 0.000310642 -3.62778e-05 0.000272501 0.000191758 -0.00140737 0.000830731 0.000645631 0.0023294 -0.000541985 -0.000741266 -0.000319433 -0.000540611 0.000304401
internal_weight=145220 44712 100508 74720 29256 4157.5 15456 70562.5 35122 2230 35440.5 3535 1557 25788 8600.5 17187.5 27026 8626 5175 10641 10186 2019 3451 3194 501 4815 4242 26496 13775 1868
internal_count=145180 44712 100468 74689 29256 4151 15456 70538 35122 2230 35416 3531 1555 25779 8593 17186 27026 8626 5175 10641 10186 2019 3451 3194 501 4815 4242 26496 13775 1868
is_linear=0
shrinkage=0.03


Tree=8
num_leaves=31
num_cat=0
split_feature=75 68 17 75 25 1 9 71 82 0 68 51 68 58 51 25 75 82 39 26 58 53 28 66 9 59 89 16 20 11
split_gain=8.93691 4.57599 4.40457 3.77995 2.97892 3.01354 2.62932 2.74191 2.52953 2.13186 1.75813 1.74257 1.69811 2.70317 2.08112 1.68835 1.66255 1.92358 1.65855 1.65031 1.57256 1.57225 1.72936 1.8728 1.6551 1.5351 1.52105 1.50932 1.4947 1.48893
threshold=0.45495000481605535 0.54514998197555553 -0.067855000495910631 0.8306500017642976 19.785000801086429 -0.06354499980807303 0.10934999957680704 11.500000000000002 0.97194999456405651 0.060395000502467162 0.40835000574588781 1.2484999895095827 0.34995000064373022 14.954999923706056 0.39544999599456793 45.274999618530281 0.034904999658465392 0.78654998540878307 0.042205000296235091 0.2347499951720238 14.305000305175783 0.090615000575780882 20.064999580383304 -0.056050000712275498 0.060174999758601196 0.91769999265670787 0.023014999926090244 -0.059605000540614121 0.21714999526739123 0.039975000545382507
decision_type=2 10 2 2 2 2 2 10 2 2 8 8 10 8 8 2 2 2 2 2 10 10 10 2 2 8 2 2 2 2
left_child=1 4 3 12 26 16 11 18 -7 15 -9 20 13 29 -14 -5 -6 -18 -8 -15 -4 24 -23 -24 -22 -25 -1 -3 -29 -2
right_child=2 27 6 9 5 8 7 10 -10 -11 -12 -13 14 19 -16 -17 17 -19 -20 -21 21 22 23 25 -26 -27 -28 28 -30 -31
leaf_value=-0.0017699433365431427 -0.0010581394719164027 7.9634574056500947e-05 0.00050999500269158227 -0.0006073356013554655 0.00015505719886543451 0.00017122361996546202 0.0015646879005881107 -0.0003188915385092344 -0.0014869024388303286 -0.0022295447917606162 -0.0021845713624189201 0.002130878270361162 -0.0001557628147244329 -0.0014498420678170408 0.00088281061919079189 -0.0022129365638489593 0.00071393933278313798 0.0020751016186141362 -0.00085449060828735426 -0.00010066338534167241 -0.0001029955359920664 0.00078392357631788443 0.0020932329552874091 -0.00062440200744790788 -0.0013496523587842122 0.0011186132914719677 -0.00019201905378747199 0.0002499564631682948 0.0008930758452921374 -0.0030115906467924882
leaf_weight=570 2187 3828 8726 13758 1992 21627 588 781 860 841 1088 430 27834.5 923 1851 615 2541 1478.5 449 6980 3697 3204 304 2970 1293 536 14835 4298.5 13377 418
leaf_count=570 2187 3828 8723 13758 1987 21621 588 781 860 841 1088 430 27834 923 1851 615 2539 1478 449 6980 3697 3204 304 2970 1293 536 14835 4292 13362 418
internal_value=1.48224e-06 0.000261202 -0.000212269 -0.000359457 8.55845e-05 0.000267267 0.000126606 -0.000719398 0.000107746 -0.000762194 -0.00140555 0.00024282 -0.000206999 -0.000534727 -9.09764e-05 -0.000676186 0.000863863 0.00121501 0.000517418 -0.000258399 0.000203555 -1.9227e-05 0.00027035 -0.000161629 -0.000426233 -0.000357685 -0.000250515 0.000619739 0.000736699 -0.00137263
internal_weight=144880 65407 79473.5 55407.5 43903.5 28498.5 24066 2906 22487 15214 1869 21160 40193.5 10508 29685.5 14373 6011.5 4019.5 1037 7903 20730 12004 7014 3810 4990 3506 15405 21503.5 17675.5 2605
internal_count=144842 65372 79470 55407 43890 28485 24063 2906 22481 15214 1869 21157 40193 10508 29685 14373 6004 4017 1037 7903 20727 12004 7014 3810 4990 3506 15405 21482 17654 2605
is_linear=0
shrinkage=0.03


Tree=9
num_leaves=31
num_cat=0
split_feature=1 80 11 53 1 67 56 87 4 28 45 68 87 69 81 39 88 23 59 61 20 28 53 16 43 71 7 25 30 19
split_gain=7.94936 6.19173 3.92783 3.2735 2.89096 2.80886 3.06148 2.78243 2.75759 3.54846 2.5796 2.56802 2.55633 1.91807 1.90932 1.88136 1.7834 1.77992 1.74638 1.69286 1.99159 1.63735 1.82511 2.73319 1.80325 1.61471 1.53674 1.70963 1.86993 1.51833
threshold=0.039565000683069236 0.54989999532699596 0.040605001151561744 0.2864499986171723 -0.060285000130534165 0.57995000481605541 -0.050470000132918351 0.72474998235702526 -0.13114999979734418 17.07499980926514 0.44814999401569372 0.57815000414848339 0.97334998846054088 1.1044999957084658 0.060319999232888229 0.023485000245273117 0.38204999268054968 54.194999694824226 0.78470000624656688 0.0057310000993311414 0.31174999475479132 16.045000076293949 0.020945000462234024 -0.10824999958276747 0.039935000240802772 35.500000000000007 0.27985000610351568 20.054999351501468 -0.55785000324249256 0.66435000300407421
decision_type=2 10 2 10 2 10 8 2 2 10 2 10 2 10 2 2 2 2 8 2 2 10 10 2 2 8 10 2 8 2
left_child=1 3 21 5 19 6 8 29 9 -1 14 13 -4 15 -8 -6 -12 -9 -13 20 -3 -2 -23 -24 -25 -18 -22 -28 -29 -7
right_child=2 4 12 -5 11 7 10 17 -10 -11 16 18 -14 -15 -16 -17 25 -19 -20 -21 26 22 23 24 -26 -27 27 28 -30 -31
leaf_value=-0.0013516514147925011 0.0016896552271474113 3.5039396209954596e-05 -0.00063723203609550197 0.00087092829099661654 0.0009030382375375788 0.00037614787999239857 -0.0013680923453367288 -0.0017524220701341418 -0.00031985466025212235 0.0011175879064131635 0.00029913482002107193 0.00080656078647197273 -0.00171785588070855 -0.00037843410858354691 -0.00051046688228804525 0.00014459493891534774 4.6765994633566736e-05 -0.00016307968636069067 -1.1437293469245511e-05 0.00012599753182334776 0.00047933944141620709 -0.00063826340658234323 -0.0018435124444936472 0.00038140222986758268 -0.00060620965488977243 -0.00065825696556311196 0.00063695633386790483 0.0033411315274864558 0.0013658445214827903 -0.0018301846434474577
leaf_weight=608 426 832.5 9798 3063 3349 15258.5 2780 936 3977 3747.5 5784 10570 2466 5466 14631 24265.5 5280 1963 3020 1415 724 5437 649 7616 2128 6550 575 1038.5 741 285
leaf_count=608 426 821 9798 3063 3347 15258 2780 936 3977 3746 5784 10561 2466 5464 14631 24261 5280 1963 3020 1415 723 5437 649 7616 2128 6550 574 1035 741 285
internal_value=-2.90958e-07 0.000109302 -0.00044933 -8.62148e-05 0.000353195 -0.000133667 -0.000265573 0.000176435 0.000251244 0.000772667 -0.000388528 0.000277615 -0.000854642 0.000134972 -0.000647474 0.000236606 -0.000132545 -0.000676658 0.000624796 0.00101532 0.00133696 -0.000143517 -0.000192953 4.00459e-05 0.000165677 -0.000343612 0.0016889 0.00206048 0.00251983 0.000335578
internal_weight=145380 116860 28520 64863 51996.5 61800 43357.5 18442.5 8332.5 4355.5 35025 46670.5 12264 33080.5 17411 27614.5 17614 2899 13590 5326 3911 16256 15830 10393 9744 11830 3078.5 2354.5 1779.5 15543.5
internal_count=145343 116823 28520 64861 51962 61798 43356 18442 8331 4354 35025 46653 12264 33072 17411 27608 17614 2899 13581 5309 3894 16256 15830 10393 9744 11830 3073 2350 1776 15543
is_linear=0
shrinkage=0.03


Tree=10
num_leaves=31
num_cat=0
split_feature=75 80 17 68 1 89 61 69 82 81 82 14 71 68 70 47 58 15 15 5 28 56 58 60 58 64 41 68 81 22
split_gain=11.0122 5.33184 4.93665 3.25571 3.46168 2.53976 2.41639 2.22083 2.13533 1.87398 1.84025 1.80913 2.82135 1.7546 1.96939 1.9698 1.55475 1.52854 1.47814 1.47539 2.4567 1.5277 1.54091 1.51577 1.46681 3.03439 1.46572 1.63822 1.44107 1.68446
threshold=0.69415000081062328 0.55314999818801891 -0.066744998097419725 0.5749499797821046 -0.060285000130534165 0.97615000605583202 0.0079200002364814299 1.1004999876022341 0.98734998703002941 0.14535000175237658 0.46854999661445623 0.12454999983310701 11.500000000000002 0.6513500213623048 1.2605000138282778 -1.4999999999999998 13.885000228881838 0.83210000395774852 0.035955000668764121 -0.30425000190734858 20.685000419616703 -0.051929999142885201 33.590000152587898 -0.0013615000061690805 29.07499980926514 -0.024690000340342518 0.14175000041723254 0.42544999718666082 0.05152500048279763 -0.67074999213218678
decision_type=2 10 2 10 2 2 2 10 2 2 2 2 10 10 8 2 10 2 2 2 10 10 10 2 8 2 2 10 2 2
left_child=1 13 5 4 6 8 10 11 -2 -6 -3 -4 16 19 15 -15 -13 26 -8 20 -1 22 -22 -23 -5 -26 -14 -28 -21 -30
right_child=2 3 7 24 9 -7 18 -9 -10 -11 -12 12 17 14 -16 -17 -18 -19 -20 28 21 23 -24 -25 25 -27 27 -29 29 -31
leaf_value=1.3914517164987234e-05 -0.00050407146890715413 -3.7749046923138607e-05 0.00019998704108913255 0.00098993094762245097 -0.00086483614451066842 -0.0017617523069533732 -0.0014480856980804311 0.00095925746404410179 -0.0026725049276768889 0.00021623625056656833 0.0017975677095878665 0.0018297804602382664 -0.00073827620605282265 -0.00050688824076241916 0.0012274148820698339 0.00070114309530014082 -0.00013266812716687608 0.0012438510921228127 0.00095382028666790575 -0.00076231946697640548 0.0040701806335285366 -0.0015226784855485015 0.00094795276822242519 0.0015862310225241566 0.0030074047346792692 -0.00047784887064857164 -0.0010290864278423659 -0.0034861616560152579 0.002484727285185514 -8.4075203885642212e-05
leaf_weight=3079 27231 602 8037 10452 1527 1611 472 2121 414 25979.5 2681.5 552 2519 2348 2044.5 2515 1059 263 449 2890 328 206 252 443 264 1482 563 432 230 42257.5
leaf_count=3079 27231 600 8037 10439 1525 1611 472 2121 414 25971 2673 552 2519 2348 2044 2515 1059 263 449 2890 328 206 252 443 264 1482 563 432 230 42256
internal_value=1.65482e-05 0.000190921 -0.000374609 0.000438989 0.000278757 -0.00060416 0.00108037 5.7393e-05 -0.000536641 0.000156192 0.00146117 -8.51524e-05 -0.000510438 -1.55215e-06 0.000446417 0.000117886 0.000540472 -0.000958706 -0.000277359 -6.38386e-05 0.000466668 0.00160001 0.00271759 0.000598603 0.000855485 5.05509e-05 -0.00112386 -0.00209831 -0.000114212 -7.01112e-05
internal_weight=145304 100502 44802 43909 31711 29256 4204.5 15546 27645 27506.5 3283.5 13425 5388 56593 6907.5 4863 1611 3777 921 49685.5 4308 1229 580 649 12198 1746 3514 995 45377.5 42487.5
internal_count=145268 100466 44802 43875 31690 29256 4194 15546 27645 27496 3273 13425 5388 56591 6907 4863 1611 3777 921 49684 4308 1229 580 649 12185 1746 3514 995 45376 42486
is_linear=0
shrinkage=0.03


Tree=11
num_leaves=31
num_cat=0
split_feature=75 80 67 17 67 58 52 25 1 0 56 66 65 52 56 64 76 48 57 58 75 80 42 58 57 70 1 63 59 69
split_gain=9.78998 6.5081 4.01928 3.78438 2.79932 2.67381 2.7287 2.44634 2.36118 2.31988 2.38699 2.46401 2.29193 2.19615 2.46381 4.23193 2.16923 2.3907 2.12765 2.21859 2.08756 2.074 1.96821 1.94087 1.91884 1.87445 1.80925 1.80294 2.09585 1.77935
threshold=0.76585000753402721 0.55314999818801891 0.61194998025894176 -0.066744998097419725 0.41544999182224279 19.309999465942386 1.1545000076293948 45.274999618530281 0.23250000178813937 -0.047244999557733529 -0.051929999142885201 0.023800000548362735 0.013944999780505897 1.2584999799728396 -0.075164999812841402 -0.001350999984424561 0.97044998407363903 2.0325000286102299 0.13364999741315844 14.414999961853029 0.25425000488758093 0.98734998703002941 -0.13974999636411664 25.750000000000004 0.079710002988576903 1.2425000071525576 -0.10225000232458113 0.0016504999948665502 0.80754998326301586 0.9824500083923341
decision_type=2 10 10 2 8 10 10 2 2 2 10 2 8 10 10 2 2 2 10 10 2 10 2 10 10 10 2 2 10 8
left_child=1 2 5 7 26 13 -7 8 21 -8 12 -12 22 -1 15 -15 23 -18 24 -20 -6 -2 -11 -5 -16 -4 -3 28 -21 -29
right_child=3 4 25 16 20 6 9 -9 -10 10 11 -13 -14 14 18 -17 17 -19 19 27 -22 -23 -24 -25 -26 -27 -28 29 -30 -31
leaf_value=-0.00018890275386851271 -0.00060221840887132922 0.0017453115048479625 0.0001895433094652419 0.00026470972280668215 0.00088685982898270652 -8.4778457807434032e-05 -0.0014042418897089019 -0.002212163574169122 -0.0032964497929516292 0.0044891626952994548 0.0011881493323622316 -0.0010173470587440839 -0.0004260716403028133 0.0044093585441950297 -0.0017972136493214987 -0.0014127989156570819 -0.0015162474760470281 0.00093684418457362086 -0.0034008938831253614 -0.0027033058428751777 0.00039101427962585694 0.0019066337446962168 0.001714946226481943 -0.0013372989913020934 -0.00028099917781649811 0.00098077854231169432 -9.2782710704837135e-06 0.001173635714864104 0.00014907160695274449 -0.0012380333459322778
leaf_weight=23209.5 20300 549 11142.5 9878 11485.5 11911 369 886 288 383 1440 666 245 218 891 230 1496 469 473 892 22840 300 580 730 4763 3553.5 13800 448 313 711
leaf_count=23208 20300 547 11142 9878 11467 11911 369 886 288 383 1440 666 245 218 891 230 1496 469 473 892 22829 300 580 730 4763 3553 13799 448 313 711
internal_value=1.29821e-05 0.000149819 -5.28984e-05 -0.000429679 0.000409856 -0.00018644 0.00013591 -0.00066896 -0.0006034 0.000849455 0.00110074 0.000490533 0.00216328 -0.000342799 -0.000742314 0.00142382 -1.52699e-05 -0.000930573 -0.000856757 -0.00152706 0.000556948 -0.000565591 0.00282181 0.00015435 -0.000520211 0.000380918 5.79702e-05 -0.00115085 -0.00196289 -0.000305618
internal_weight=145460 111113 62438.5 34347 48674.5 47742.5 15594 21774 20888 3683 3314 2106 1208 32148.5 8939 448 12573 1965 8491 2837 34325.5 20600 963 10608 5654 14696 14349 2364 1205 1159
internal_count=145425 111078 62436 34347 48642 47741 15594 21774 20888 3683 3314 2106 1208 32147 8939 448 12573 1965 8491 2837 34296 20600 963 10608 5654 14695 14346 2364 1205 1159
is_linear=0
shrinkage=0.03


Tree=12
num_leaves=31
num_cat=0
split_feature=75 68 17 53 80 56 53 8 51 66 87 89 59 74 52 7 49 49 68 28 71 1 58 71 4 59 69 50 49 59
split_gain=8.55732 4.90438 3.67115 3.21535 2.89552 3.35387 2.64997 2.5276 2.24208 2.31814 2.153 2.026 1.99739 1.9519 2.25779 1.87764 1.81711 1.77686 1.81953 1.67076 1.58375 1.65089 1.56915 1.76275 1.75609 1.568 1.55244 1.53085 1.50909 1.50777
threshold=0.80834999680519115 0.55124998092651378 -0.065614998340606676 0.061614999547600753 0.52535000443458568 -0.051929999142885201 0.2864499986171723 -0.067354999482631669 -0.122249998152256 -0.028049999848008152 0.74044999480247509 0.98734998703002941 0.74899998307228099 -0.050520000979304307 1.3025000095367434 0.18654999881982806 -0.058505000546574586 0.13724999874830249 0.49654999375343328 20.505000114440922 6.5000000000000009 0.056055000051856048 14.385000228881838 41.500000000000007 -0.0450650006532669 0.73315000534057628 0.81884998083114635 -0.016985000111162659 0.13485000282526019 0.9147000014781953
decision_type=2 10 2 10 10 8 10 2 10 2 2 2 8 10 8 10 10 10 8 10 10 2 10 10 2 8 8 8 8 10
left_child=1 4 11 10 5 8 13 -6 9 12 15 -2 -1 -7 -15 -3 -11 -4 -19 -5 26 28 -16 -24 -25 -8 -9 -17 -22 -14
right_child=2 3 17 19 7 6 25 20 -10 16 -12 -13 29 14 22 27 -18 18 -20 -21 21 -23 23 24 -26 -27 -28 -29 -30 -31
leaf_value=-0.0018431812795549349 -0.00066071063551634496 3.717606759126309e-05 0.00045167050111922434 0.0008952065061892812 0.0012431282585336496 -0.00073026460505255743 0.00029426187231220314 -0.0019006479860011059 -0.00010121985732428373 0.0020387983411695133 -0.00065544566153178069 -0.0021366987726101926 0.0021989610430990488 -5.2388967713615784e-05 -0.0012933307366096278 0.0012089951526893551 5.1142365136813071e-05 0.00014293298056442433 -0.00087661911935223169 0.00024939604512192528 0.0001030588813767228 -0.00097852283016578671 0.00019021971572059178 0.00021423339803404643 -0.0022708851578906093 0.0023163044939778607 -0.00018612249075241268 0.00027577709949879332 0.00058617159378940536 -0.00033645483813291163
leaf_weight=395 16851 12096.5 4199 11786 1881.5 10178 2029 523 3923 1637 2653 880 363 16701 2565 2737.5 554 3294 3018 5195.5 19380.5 1023 2175 421 651 415 5118 3748 8315.5 502
leaf_count=395 16851 12084 4199 11786 1877 10178 2029 523 3923 1637 2653 880 363 16701 2565 2733 554 3294 3018 5194 19372 1023 2175 421 651 415 5118 3745 8313 502
internal_value=-2.07376e-06 0.000111091 -0.000470745 0.000389944 -2.42352e-05 -0.000192199 -0.000314276 0.000172775 0.000389428 0.000947051 0.000143855 -0.000734081 -7.82829e-05 -0.000385518 -0.000229634 0.000258002 0.00153647 -2.64967e-05 -0.000344614 0.000697647 0.00011413 0.000204398 -0.000738858 -0.000300583 -0.00129563 0.000638419 -0.000345392 0.00066981 0.000248125 0.000728851
internal_weight=145209 116967 28242 38216.5 78750.5 42509 35135 36241.5 7374 3451 21235 17731 1260 32691 22513 18582 2191 10511 6312 16981.5 34360 28719 5812 3247 1072 2444 5641 6485.5 27696 865
internal_count=145172 116930 28242 38195 78735 42509 35135 36226 7374 3451 21215 17731 1260 32691 22513 18562 2191 10511 6312 16980 34349 28708 5812 3247 1072 2444 5641 6478 27685 865
is_linear=0
shrinkage=0.03


Tree=13
num_leaves=31
num_cat=0
split_feature=75 80 17 89 47 68 25 3 67 59 19 18 56 52 69 52 1 68 28 60 41 61 85 25 67 68 80 65 23 73
split_gain=7.62339 4.724 4.02895 3.12186 3.02593 2.90053 2.28698 2.14076 2.09084 2.3809 2.08758 2.03151 1.97424 1.94485 1.84529 1.84086 1.77929 1.77455 1.59941 1.66855 1.74654 1.55786 1.49907 1.47333 1.51896 1.47309 1.43812 1.41845 1.45886 1.40843
threshold=0.69415000081062328 0.57304999232292186 -0.073114998638629899 0.98734998703002941 -2.4999999999999996 0.5749499797821046 20.054999351501468 0.15175000578165057 0.57995000481605541 0.78470000624656688 0.50914999842643749 0.67984998226165783 -0.075164999812841402 1.7814999818801882 0.85084998607635509 0.51205000281333934 0.23250000178813937 0.55124998092651378 16.144999504089359 0.012215000111609699 -0.09926500171422957 0.0088379997760057467 0.11724999919533731 38.864999771118171 0.38005000352859503 0.48555000126361852 0.55704998970031749 0.011415000073611738 41.335000991821296 1.0000000180025095e-35
decision_type=2 10 2 2 2 10 2 2 10 8 2 2 8 10 8 8 2 10 10 2 2 2 10 2 8 8 8 8 2 2
left_child=1 8 3 16 6 29 17 12 9 13 11 -11 -4 -1 -5 -9 22 -3 -8 20 23 -17 -2 24 -20 -23 -14 28 -12 -6
right_child=2 4 7 14 5 -7 18 15 -10 10 27 -13 26 -15 -16 21 -18 -19 19 -21 -22 25 -24 -25 -26 -27 -28 -29 -30 -31
leaf_value=-0.00023607010557926431 -0.0011292797794405845 -0.00017249937519398621 -0.0018518753937018324 0.00015921383301272641 2.1403355864402587e-05 0.00068674359479465165 -0.00070260397046166339 -0.0018196380892087334 0.00024069403846045464 -8.9379747852781397e-05 0.0024488060235822425 0.0024811967525844615 -0.00014545040052981253 -0.00161221789798702 -0.0030238467693449269 -0.00056604592879133306 -0.0030822255196642201 0.001019631857408071 0.00036792266611544537 -0.00035817865753004301 0.00091130128548056453 0.0017432783856523473 -0.00039511034223006715 0.0035395867993300088 0.0020689416817788074 -0.00072212294893436171 0.00056416212869861806 -0.00043504996449132558 0.00073316803797170377 -0.0024204516683212413
leaf_weight=30702.5 2792 3496 387 214 18950.5 7595 477 792 17359 7048 737 287 3885 952 698 3037 236 1655 687 676 6103.5 590 24150 390 1515.5 345 7593 468 1131 214
leaf_count=30701 2792 3495 387 214 18946 7590 477 792 17358 7048 737 287 3885 952 698 3037 236 1654 686 676 6082 590 24150 390 1513 345 7593 468 1131 214
internal_value=-7.09634e-06 0.000137965 -0.000332916 -0.000552003 0.000381853 0.000190644 0.000722928 3.71799e-05 -3.5588e-05 -0.000151645 0.000260305 1.15249e-05 0.000252865 -0.000277507 -0.00227759 -0.000499937 -0.000494017 0.000210652 0.000990799 0.00107705 0.00118865 -0.000236402 -0.000471231 0.00184101 0.00153877 0.000833785 0.000323985 0.00104113 0.001411 -5.98844e-06
internal_weight=145163 100444 44719 28090 41759.5 26759.5 15000 16629 58684.5 41325.5 9671 7335 11865 31654.5 912 4764 27178 5151 9849 9372 8696 3972 26942 2592.5 2202.5 935 11478 2336 1868 19164.5
internal_count=145124 100405 44719 28090 41723 26750 14973 16629 58682 41324 9671 7335 11865 31653 912 4764 27178 5149 9824 9347 8671 3972 26942 2589 2199 935 11478 2336 1868 19160
is_linear=0
shrinkage=0.03


Tree=14
num_leaves=31
num_cat=0
split_feature=75 67 11 80 0 80 45 77 58 47 20 67 80 52 63 61 20 77 69 0 57 6 81 81 42 77 29 43 52 80
split_gain=8.07714 3.58103 3.45859 2.91813 2.87288 2.31161 2.24466 2.24379 2.04868 1.99606 1.90925 1.89204 1.83622 1.76463 1.72658 1.76789 2.94853 1.67838 1.65645 1.74518 1.57306 1.51179 1.55614 1.49642 1.77307 1.66626 1.43206 1.70866 1.42857 1.4328
threshold=0.47070001065731054 0.63314998149871837 0.044594999402761466 0.56529998779296886 0.075934998691082015 0.76274999976158153 0.13955000042915347 0.9272499978542329 20.960000038146976 -2.4999999999999996 0.62395000457763683 0.44195000827312475 0.64745000004768383 0.93395000696182262 -0.038884999230504029 0.003335500019602478 0.30014999210834509 0.83644998073577892 1.1044999957084658 0.014644999988377096 0.089864999055862441 -0.45855000615119929 0.16534999758005145 0.12034999951720239 -0.1060499995946884 0.52180001139640819 0.57995000481605541 0.022034999914467338 1.0115000009536745 0.091524999588727965
decision_type=2 10 2 10 2 10 2 2 10 2 2 10 10 8 2 2 2 2 10 2 8 10 2 2 2 2 10 2 10 8
left_child=1 5 3 6 7 8 -2 21 23 -7 26 -11 -3 -6 -10 17 -17 -16 19 -8 -13 -4 -23 -1 -25 -26 -9 -28 29 -18
right_child=2 12 4 -5 13 9 18 10 14 11 -12 20 -14 -15 15 16 28 -19 -20 -21 -22 22 -24 24 25 -27 27 -29 -30 -31
leaf_value=-0.00051831736169372187 -0.0013029169802468985 0.00041606618847104366 0.00067979059023128658 0.00012746551840463365 -0.0037352995969998268 0.00088032513499262813 -0.00017683710588090311 0.0010720708621665834 -0.0019419049106821015 -0.00030438547671466314 -0.0026073805209234917 -0.0010361713997992076 0.0011361481677074491 -0.00099796522544909013 0.00026984361716187014 -0.0008134947056442145 -0.0013436348334603973 -0.0016173137962644285 0.00029016619808827513 -0.00071299004539129743 0.0010161302587131443 -0.0013004023780502714 -0.00027589351261582065 0.00087670384775390272 -0.00027521579184179671 0.00025581316704013045 -0.0025993534400853583 -0.00065411618881908607 0.0021781004250032983 0.0011390795585439991
leaf_weight=6268 1859 9256.5 1238 26884.5 403 5975 20645 314 279 3863 681 391 4861.5 448 5738 705 235 457 4692 7430 2363.5 1566 8993 1917.5 13984.5 8580 520 1853 1145 1851
leaf_count=6266 1859 9256 1238 26881 403 5964 20645 314 279 3863 681 390 4857 448 5738 705 235 457 4692 7430 2362 1566 8993 1916 13975 8576 520 1853 1145 1851
internal_value=-7.49482e-08 0.000238901 -0.000209286 -0.000107035 -0.000601956 0.000127216 -0.000289106 -0.000506685 1.83948e-05 0.000482879 -0.00118953 0.000123943 0.000664088 -0.00229712 0.000382136 0.000446324 0.000943422 0.000130391 -0.000231551 -0.000318749 0.000724537 -0.000311651 -0.000427947 -0.000104753 1.14605e-06 -7.32932e-05 -0.00082935 -0.0010813 0.00132691 0.000858878
internal_weight=145397 67870.5 77526.5 61510.5 16016 53752.5 34626 15165 41160 12592.5 3368 6617.5 14118 851 10410 10131 3936 6195 32767 28075 2754.5 11797 10559 30750 24482 22564.5 2687 2373 3231 2086
internal_count=145358 67835 77523 61507 16016 53722 34626 15165 41143 12579 3368 6615 14113 851 10410 10131 3936 6195 32767 28075 2752 11797 10559 30733 24467 22551 2687 2373 3231 2086
is_linear=0
shrinkage=0.03


Tree=15
num_leaves=31
num_cat=0
split_feature=50 68 1 39 53 81 57 7 16 88 86 68 25 15 0 14 12 10 57 59 74 30 65 57 58 49 68 70 62 57
split_gain=8.01937 4.58574 4.88547 3.48624 3.21463 2.91102 3.44002 2.61973 2.58694 2.40696 2.38883 2.20005 2.10432 2.06603 1.97189 1.76469 1.74595 1.7438 1.70326 1.62464 1.61305 2.05239 1.5521 1.53883 1.52652 1.51141 1.49023 1.47725 1.46584 1.91141
threshold=0.039795000106096275 0.64434999227523815 -0.06354499980807303 0.034014999866485603 0.046684999018907554 0.14535000175237658 0.2331499978899956 1.5494999885559084 0.18994999676942828 0.9032999873161317 0.89564999938011181 0.37285000085830694 18.884999275207523 0.079295001924037947 -0.024415000341832634 -0.10374999791383742 0.38834999501705175 0.28965000808238989 0.11410000175237657 0.95040002465248119 0.010400000028312208 0.44044999778270727 -0.0074129998683929435 0.11479999870061876 17.190000534057621 -0.26164999604225153 0.41975000500679022 0.78135001659393322 0.022389999590814117 0.079710002988576903
decision_type=8 10 2 2 10 2 10 10 2 2 2 8 2 2 2 2 2 2 8 10 10 10 10 8 8 10 10 8 2 8
left_child=1 2 8 13 -3 6 28 10 12 23 24 -12 -1 19 18 -7 -14 -13 -10 -2 -17 27 -8 -9 -5 -6 -15 -22 29 -4
right_child=3 4 5 7 25 15 22 9 14 -11 11 17 16 26 -16 20 -18 -19 -20 -21 21 -23 -24 -25 -26 -27 -28 -29 -30 -31
leaf_value=-0.00055705044997277206 -0.00048303582092289112 0.00015303410251340743 -0.0018598303974501685 -0.0012198323969936228 -0.00084686163919564853 0.00073512422954093984 -0.0012718813144930187 -0.0023765238812376282 0.0048858321149526989 0.0027650904980917965 -0.00037229628790275035 -0.00043329484947025773 0.00079691375779640972 0.00090398132708932784 0.00075898680726258784 -0.00010010097754179436 -0.0011799722466336487 -0.0022718457429475982 0.0018824370664433131 -0.0030972907543751738 -0.00011979366022948755 -0.00038573215798297952 0.001337337189710155 0.00059587184219598633 -0.00037920917137377751 0.0010710334591578065 -8.916143761187753e-05 0.00050449672071798161 -0.0010997523512178669 -0.00025986152577278806
leaf_weight=1604 3268 9092.5 735 2904 388 2927.5 245 228 236 324 1098 569 5827.5 2113 1005 56407 431 2535 610 228 4593 4307 1240 496 5883 7602.5 3811 13254.5 3933 7736
leaf_count=1604 3268 9092 735 2904 388 2925 245 228 235 324 1098 569 5813 2113 1004 56398 431 2535 610 228 4591 4307 1240 496 5883 7602 3811 13250 3932 7735
internal_value=-1.45437e-05 8.30034e-05 8.89881e-06 -0.000522595 0.000538854 -5.63798e-05 -0.000457815 -0.000822185 0.000649817 0.000620189 -0.0009386 -0.00152689 0.000412157 -7.61268e-05 0.00165856 1.20457e-05 0.000660606 -0.00193507 0.00272504 -0.000654368 -1.4908e-05 0.000201995 0.000906294 -0.000342173 -0.000657132 0.000977811 0.00026517 0.00034384 -0.000621186 -0.000398889
internal_weight=145632 122174 105092 23457 17083 95378 13889 14037 9713.5 1048 12989 4202 7862.5 9420 1851 81489 6258.5 3104 846 3496 78561.5 22154.5 1485 724 8787 7990.5 5924 17847.5 12404 8471
internal_count=145594 122137 105055 23457 17082 95358 13887 14037 9697 1048 12989 4202 7848 9420 1849 81471 6244 3104 845 3496 78546 22148 1485 724 8787 7990 5924 17841 12402 8470
is_linear=0
shrinkage=0.03


Tree=16
num_leaves=31
num_cat=0
split_feature=75 67 17 75 25 81 58 58 66 89 21 14 69 56 7 65 8 20 56 63 41 82 69 68 52 68 19 41 71 14
split_gain=9.6623 4.3007 4.22915 4.05591 2.37978 2.50515 2.69147 2.30758 2.01465 1.87824 1.82279 2.13656 1.97276 1.79663 1.61769 1.56938 2.08742 1.95172 1.53865 2.31196 1.87869 2.22882 1.53216 1.52651 1.50978 1.50929 1.81906 1.72523 1.60151 1.50352
threshold=0.47070001065731054 0.69734999537467968 -0.066744998097419725 0.9255499839782716 34.995000839233406 0.16184999793767932 14.414999961853029 26.125000000000004 -0.019284999929368492 0.97904998064041149 0.58015000820159923 0.14085000008344653 1.0724999904632571 0.060304999351501472 0.40684999525547033 -0.0032890000147745009 -0.022555000148713585 0.38294999301433569 -0.0785199999809265 -0.017424999736249443 -0.16774999350309369 0.97194999456405651 0.81424999237060558 0.22684999555349353 0.67444998025894176 0.40835000574588781 0.51365000009536754 0.10024999827146532 4.5000000000000009 -0.10074999928474425
decision_type=2 10 2 2 2 2 10 10 2 2 2 2 10 10 10 10 2 2 8 2 2 2 8 8 10 8 2 2 10 2
left_child=1 4 3 -2 5 6 13 10 -8 22 11 -4 25 14 -1 16 -10 -17 19 -6 -20 -22 -5 -24 -19 26 -13 -27 -29 -7
right_child=2 -3 7 9 18 29 8 -9 15 -11 -12 12 -14 -15 -16 17 -18 24 20 -21 21 -23 23 -25 -26 27 -28 28 -30 -31
leaf_value=-0.00070740110414426708 -0.00028089014280138292 0.00088322332882042817 0.00031244123382559913 -0.0026608317044508911 -0.0007680734545522695 0.00089330939745425539 -0.00073649345719635495 -0.0010441972416633603 -0.0018626650274957931 -0.0022813766223535297 0.0021277054707209407 0.00061388050217367561 0.0010340653608493025 -0.0017765988278232337 0.0019684418967600894 -3.1288998897302211e-05 0.00053456049650683814 -0.00092691932059282996 0.003057601753384652 0.002276772307857083 0.00048917304431191717 -0.0018041099013892902 0.0018204310656223883 -0.00082956562065674756 0.0017622991641407489 0.0001536910517966948 -0.001638998822027514 -9.7687750315552599e-07 -0.002061108623719706 0.0001454343646420763
leaf_weight=1952 47768.5 8670.5 16368.5 395 291 2588 2129 1467 570 996 425 1290 743 1506 226 1585 764 214 241 974 7636 400.5 203 4816 1507 720 429 445 1433 36928.5
leaf_count=1952 47767 8670 16366 395 291 2581 2129 1467 570 996 425 1290 743 1506 226 1585 764 214 241 974 7632 400 203 4816 1507 720 429 445 1433 36912
internal_value=-1.43002e-06 0.000259046 -0.000230593 -0.000375988 0.000168094 8.51864e-05 -0.000327797 0.000107192 2.7365e-05 -0.00108452 0.000184527 0.00014589 -0.000392839 -0.000980204 -0.000428967 0.000377934 -0.000490369 0.000728344 0.000602188 0.00157628 0.00045315 0.000374677 -0.000863959 -0.000722042 0.00142756 -0.000638607 5.10176e-05 -0.00109475 -0.00157321 0.000194435
internal_weight=145682 68182.5 77499 54178.5 59512 49969.5 10453 23320.5 6769 6410 21853.5 21428.5 5060 3684 2178 4640 1334 3306 9542.5 1265 8277.5 8036.5 5414 5019 1721 4317 1719 2598 1878 39516.5
internal_count=145649 68154 77495 54177 59484 49946 10453 23318 6769 6410 21851 21426 5060 3684 2178 4640 1334 3306 9538 1265 8273 8032 5414 5019 1721 4317 1719 2598 1878 39493
is_linear=0
shrinkage=0.03


Tree=17
num_leaves=31
num_cat=0
split_feature=75 11 68 17 11 47 71 87 62 67 87 45 75 6 56 16 82 5 49 14 48 6 66 20 66 24 15 62 71 24
split_gain=8.42098 3.97808 3.32155 2.74085 2.56662 3.1655 3.0017 2.37685 1.93034 1.90496 1.86539 1.85891 1.96407 1.7483 1.64238 1.59497 1.56764 1.55056 1.52245 1.51028 1.47951 1.36622 1.35714 1.33561 1.59539 1.51731 1.37946 1.35549 1.35295 1.48919
threshold=0.47070001065731054 0.044594999402761466 0.6513500213623048 -0.06995499879121779 0.037805000320076949 -2.4999999999999996 4.5000000000000009 0.99805000424385082 -0.092025000602006898 0.49414999783039099 0.075655002146959319 0.16745000332593921 0.78554999828338634 0.48974999785423284 0.013950000051409008 0.064844999462366118 0.21914999932050708 1.3514999747276308 -0.26164999604225153 0.076324999332427992 1.2285000085830691 -0.60715001821517933 -0.011924999766051768 0.76974999904632579 0.01714000012725592 -0.00090455001918598999 0.21904999762773517 -0.0092325001023709757 5.5000000000000009 0.0058085001073777684
decision_type=2 2 10 2 2 2 10 2 2 8 2 2 2 10 8 2 2 2 10 2 2 10 2 2 2 2 2 2 8 2
left_child=2 3 4 8 9 6 20 21 -2 10 22 16 19 14 -8 -11 -10 -5 -4 -13 -6 -3 -1 25 27 26 -23 -25 29 -27
right_child=1 7 18 17 5 -7 13 -9 11 15 -12 12 -14 -15 -16 -17 -18 -19 -20 -21 -22 23 -24 24 -26 28 -28 -29 -30 -31
leaf_value=-0.0020147085784414202 0.00048760083248410523 0.00068348556300292039 -0.00089513826154157894 0.00016146142987401245 -0.00063085454426896608 4.6103351799228707e-05 0.0012829255491444195 -0.0025588637575019607 -0.0018445597863399727 2.4837920793714608e-05 -6.7149846430816147e-05 2.3194594191825027e-05 -0.00054389407110357101 0.0019790614453028951 0.00019001350009987327 0.00053850713440027045 -0.00048642922561239229 0.0025435544451956737 0.00089997299920850345 -0.00072467986549067229 0.0009804409552439657 -0.00046088071115537541 -0.00044943552367233979 -0.001337275555921032 -0.00047930386656621737 -0.001260183223398266 0.00073682666184497671 -0.0047354377454767978 -0.00086204524331000016 0.0011051500779675459
leaf_weight=765 3071 759 448 19991.5 1527 8193 3421.5 552 1188 13416 17207 20123 11778 1754 1939 9150.5 2147.5 248 8096 2763 771 2453 1430 208 428 368 1336 216 8991 682
leaf_count=762 3071 759 448 19990 1527 8193 3420 552 1188 13410 17200 20123 11778 1753 1939 9135 2147 248 8096 2763 771 2453 1430 208 428 368 1336 216 8991 682
internal_value=9.42367e-06 -0.000204875 0.000252618 -9.49549e-05 0.000173276 0.000477291 0.000852568 -0.000626227 -0.000235763 4.5735e-05 -0.000172237 -0.000294234 -0.00022913 0.00115701 0.000887707 0.000233141 -0.00097056 0.000190774 0.000805754 -6.71231e-05 -9.00589e-05 -0.000556976 -0.000995633 -0.000621145 -0.00177339 -0.000550037 -3.84865e-05 -0.00307548 -0.000743049 0.000275747
internal_weight=145421 77303 68118 61310 59574 17605.5 9412.5 15993 41070.5 41968.5 19402 37999.5 34664 7114.5 5360.5 22566.5 3335.5 20239.5 8544 22886 2298 15441 2195 14682 852 13830 3789 424 10041 1050
internal_count=145385 77301 68084 61308 59540 17603 9410 15993 41070 41937 19392 37999 34664 7112 5359 22545 3335 20238 8544 22886 2298 15441 2192 14682 852 13830 3789 424 10041 1050
is_linear=0
shrinkage=0.03


Tree=18
num_leaves=31
num_cat=0
split_feature=75 67 53 81 25 9 71 77 87 11 52 7 42 67 50 12 64 85 16 58 58 81 7 58 10 63 52 24 86 63
split_gain=6.56356 3.94645 3.33237 2.6789 2.28931 2.61624 2.14451 2.40648 1.99317 1.92844 1.89863 2.45173 1.81976 1.71182 1.64552 1.55737 1.47221 1.50522 1.43812 1.43072 1.38584 2.27281 1.35045 1.34852 1.32412 1.31445 1.30345 1.29439 1.28868 1.2685
threshold=0.78554999828338634 0.57995000481605541 -0.0013104999670758841 0.23384999483823779 31.814999580383304 0.033764999359846122 6.5000000000000009 0.031320000067353256 0.9032999873161317 0.063294999301433577 0.66605001688003551 0.20664999634027484 0.035144999623298652 0.48434999585151678 -0.018125000409781929 0.1592499986290932 0.031729999929666526 0.19004999846220019 -0.2457500025629997 19.215000152587894 14.670000076293947 0.25425000488758093 -0.23834999650716779 27.909999847412113 0.78044998645782482 0.015540000051259996 0.87594997882843029 -0.0025155000621452923 0.89894998073577892 0.015364999882876875
decision_type=2 10 10 2 2 2 10 2 2 2 8 10 2 10 8 2 2 10 2 10 8 2 10 10 2 2 10 2 2 2
left_child=1 4 8 13 6 -6 7 -1 22 -5 11 16 -9 18 -12 -7 17 -3 -4 -19 21 29 -2 -13 -24 -10 -15 -25 -11 -8
right_child=2 10 3 9 5 15 20 12 25 28 14 23 -14 26 -16 -17 -18 19 -20 -21 -22 -23 24 27 -26 -27 -28 -29 -30 -31
leaf_value=-0.0026272118176873466 0.00035808270510865871 -0.00045168489781990701 -0.0037931299933904121 4.4957319909274483e-05 0.00050716329931092732 0.0014310554779503075 -0.00060674301096977747 -0.00061897783747241427 -0.0012167347990764425 -0.00015597866066951958 0.00051882944257430842 0.0011793661335641008 0.00032881846386059548 0.0013117440896606896 -8.2597946725876604e-05 -0.00043634855873641361 0.0024327363622587846 0.00078331260357600611 -0.0011795388953662923 -7.7414047753804804e-05 9.0665110621504822e-05 -1.3668469156898134e-05 -0.00064522747092445021 0.00086349549012379792 -0.0028675211034784195 -0.003001083749510042 -0.0012284548439118743 -0.0018971108971565062 -0.0018768091114568812 -0.0022466548696985261
leaf_weight=454 1213 2213.5 208 17064 12972 437 5016 7784 2855 751 6669 6062.5 2380 429 10602 4884 281 4379.5 2062 2881 33245 12579.5 5273 368 252 427 314 260 818 463
leaf_count=454 1213 2213 208 17064 12968 437 5015 7784 2855 751 6666 6061 2380 429 10598 4884 281 4377 2062 2881 33245 12559 5273 368 252 427 314 260 818 463
internal_value=-9.18147e-06 9.70107e-05 -0.000391241 -0.000181839 -1.7462e-05 0.000277395 -0.000104572 -0.000492627 -0.000843544 -4.76122e-05 0.000369344 0.000600039 -0.000397032 -0.00101163 0.000149653 -0.000282743 0.000296635 0.000233028 -0.00142059 0.000441809 -2.42509e-05 -0.0002358 -0.000548108 0.0010423 -0.000747089 -0.00144973 0.00023802 -0.00028063 -0.00105376 -0.000745708
internal_weight=145597 113931 31666 21646 80214.5 18293 61921.5 10618 10020 18633 33716.5 16445.5 10164 3013 17271 5321 9755 9474 2270 7260.5 51303.5 18058.5 6738 6690.5 5525 3282 743 628 1569 5479
internal_count=145560 113894 31666 21646 80189 18289 61900 10618 10020 18633 33705 16441 10164 3013 17264 5321 9752 9471 2270 7258 51282 18037 6738 6689 5525 3282 743 628 1569 5478
is_linear=0
shrinkage=0.03


Tree=19
num_leaves=31
num_cat=0
split_feature=75 80 17 89 8 67 71 77 52 25 50 81 5 69 43 71 68 60 60 58 76 15 54 31 14 71 19 27 74 47
split_gain=6.07404 3.24226 3.06153 2.1684 2.08416 2.28717 2.03781 2.53876 2.03547 1.73508 2.27128 1.91675 1.85887 1.67682 1.63203 1.63139 1.56767 1.60796 1.48696 1.45761 1.44025 1.43262 1.38762 1.95335 1.59397 1.55331 1.48422 1.46442 1.3639 1.494
threshold=0.69415000081062328 0.65955001115798961 -0.072025001049041734 0.98734998703002941 -0.064714998006820665 0.67105001211166393 11.500000000000002 0.93145000934600841 1.1064999699592593 36.315000534057624 -0.024504999630153176 0.072314999997615828 -0.28464999794960016 0.92135000228881847 0.044594999402761466 3.5000000000000004 0.54675000905990612 -0.023084999993443486 0.011479999870061876 14.494999885559084 0.7584500014781953 0.4285500049591065 -0.089575000107288347 0.012765000108629467 0.0030710001010447745 1359.5000000000002 0.59784999489784252 0.733249992132187 -0.026244999840855595 -1.4999999999999998
decision_type=2 10 2 2 2 10 10 2 10 2 8 2 2 10 2 8 10 2 2 10 2 2 10 10 2 10 2 8 10 2
left_child=1 9 3 22 18 15 19 -8 -9 11 -11 -1 13 -13 -10 -6 -14 -18 -3 -4 -19 -12 23 -2 27 -26 -25 -24 -17 -30
right_child=2 4 6 -5 5 -7 7 8 14 10 21 12 16 -15 -16 28 17 20 -20 -21 -22 -23 24 26 25 -27 -28 -29 29 -31
leaf_value=-0.00054556604046954659 0.0023070852580194426 0.0016131349500930117 0.0013605299044515636 -0.0018981768313727524 -0.00088218111616578392 0.00091652189158765007 9.2367629610379584e-05 -0.0014703350026697862 0.0020623928788276111 0.0010106569244108304 0.00016620310174609912 0.0016078739435527744 -0.0001428559301745453 9.5193845404056515e-05 -0.00068611010850553017 1.0074690839601225e-05 0.0021593907867434375 0.00024955407865090581 -0.0010464762696086975 0.00018152466981524265 -0.00071556457464973971 -0.0017575995800248908 -0.0015294591692313053 9.8477197875046216e-07 -0.00030310727289886886 -0.0029478722667835395 -0.001434258255732737 -0.00060695921344018915 0.00079468564231367485 0.00018272348622352602
leaf_weight=5887 302 1779.5 1556 915 1159 5021 9786 1937 301 3512.5 5277 1233 31730.5 1417 545 10612 371 16135 211 2397 1522 372 2270 5936 12993 202 727 4878 6517 7995.5
leaf_count=5887 302 1777 1556 915 1159 5019 9786 1937 301 3512 5276 1233 31727 1417 545 10610 371 16133 211 2397 1522 372 2270 5936 12993 202 727 4878 6500 7989
internal_value=1.83569e-05 0.000147532 -0.000272502 -0.000462363 0.000389765 0.000329887 5.18284e-05 -0.000135026 -0.000934369 2.79677e-05 0.000411741 -3.23507e-05 2.53077e-05 0.000799359 0.000293066 0.00021779 -1.59314e-05 0.00020746 0.00133082 0.000645837 0.000166327 3.92275e-05 -0.000414186 -4.87003e-05 -0.000539311 -0.000343816 -0.000155806 -0.000900092 0.000268565 0.000457568
internal_weight=145497 100752 44745 28223 33295 31304.5 16522 12569 2783 67457 9161.5 58295.5 52408.5 2650 846 26283.5 49758.5 18028 1990.5 3953 17657 5649 27308 6965 20343 13195 6663 7148 25124.5 14512.5
internal_count=145460 100715 44745 28223 33265 31277 16522 12569 2783 67450 9160 58290 52403 2650 846 26258 49753 18026 1988 3953 17655 5648 27308 6965 20343 13195 6663 7148 25099 14489
is_linear=0
shrinkage=0.03


Tree=20
num_leaves=31
num_cat=0
split_feature=75 53 80 67 81 9 56 67 4 25 56 7 49 12 24 69 26 67 18 30 82 28 57 15 23 82 0 76 0 68
split_gain=5.87881 3.55223 3.22293 2.82343 3.01334 2.55673 2.51809 2.20525 2.55998 2.19555 2.15347 2.08367 2.01779 1.97232 1.71274 1.69821 1.67944 1.66707 1.65192 2.78278 1.61311 1.61037 1.75412 1.82324 1.69755 1.55723 1.51044 1.86106 1.43646 1.43584
threshold=0.47070001065731054 0.041255000978708274 0.29895000159740454 0.38455000519752508 0.64324998855590831 0.081735000014305129 0.18425000458955768 0.67425000667572033 -0.20914999395608899 46.375000000000007 -0.051929999142885201 -0.52275002002716053 -0.054244998842477792 0.96244999766349804 -0.0088134999386966211 1.2145000100135805 0.23054999858140948 0.70454999804496776 0.24165000021457675 -0.5841500163078307 0.86715000867843639 20.445000648498539 0.07708000019192697 0.0512049999088049 81.444999694824233 0.43264999985694891 0.01494499994441867 0.1974500045180321 -0.0020084999268874522 0.45024999976158148
decision_type=2 10 10 10 2 2 10 10 2 2 8 10 10 2 2 8 2 8 2 10 2 10 10 2 2 2 2 2 2 10
left_child=2 5 6 4 9 16 10 8 15 -3 11 28 -13 -7 18 -4 17 -2 -10 -20 -12 24 23 -23 -5 -8 -18 -28 -1 -6
right_child=1 3 7 21 29 13 25 -9 14 -11 20 12 -14 -15 -16 -17 26 -19 19 -21 -22 22 -24 -25 -26 -27 27 -29 -30 -31
leaf_value=-0.0022685689817147085 -0.00054744227130231881 -0.00058809596649217466 0.0016431024807763656 0.00044217422729416682 0.00028976709479477307 -0.0013793043240155336 -0.00040190044766112059 0.00080606798672960378 -0.0003040921004585782 -0.0029621539322552499 -0.00020365883154933658 0.0013891557102019363 -0.00016632951594214822 0.0014806617192460359 8.5788219350569012e-05 -0.00023868638267848333 -0.00010410659598493103 -0.0019602322881584816 0.0016941010450792571 0.00031344789705701126 -0.0010543480699440918 -0.0011846008323676263 -0.00021670045977578118 0.001610261428326803 -0.0021281704581639868 0.002327845144745727 0.001391724301801211 -0.00072025459892151224 0.00079385578851773472 -0.00082295901714986405
leaf_weight=378 3099 8375 1824 14587 6767 3200 274 7568 1424 365 14214 1916.5 1233 232 29808 565 20078.5 992 2125 3441 2335 269 9574 948 234 597 396 6965 216 1233
leaf_count=378 3099 8375 1822 14587 6767 3200 274 7568 1419 365 14214 1915 1233 232 29794 565 20078 991 2120 3438 2335 269 9573 948 234 597 396 6965 216 1233
internal_value=-5.41184e-06 -0.000184305 0.00019823 4.5519e-07 -0.000302516 -0.000408109 -0.000108933 0.000337265 0.000246709 -0.000687569 -0.000176758 0.000472943 0.000780338 -0.0011856 0.000184909 0.00119814 -0.000323447 -0.000890416 0.000607526 0.000840766 -0.000323744 0.000198481 -8.03012e-05 0.000992033 0.000401452 0.00146964 -0.000238887 -0.000606463 -0.0011555 0.000118187
internal_weight=145233 77314.5 67918.5 42352 16740 34962.5 21163.5 46755 39187 8740 20292.5 3743.5 3149.5 3432 36798 2389 31530.5 4091 6990 5566 16549 25612 10791 1217 14821 871 27439.5 7361 594 8000
internal_count=145200 77312 67888 42351 16740 34961 21162 46726 39158 8740 20291 3742 3148 3432 36771 2387 31529 4090 6977 5558 16549 25611 10790 1217 14821 871 27439 7361 594 8000
is_linear=0
shrinkage=0.03


Tree=21
num_leaves=31
num_cat=0
split_feature=75 67 85 19 80 15 1 82 9 77 16 58 4 54 54 63 39 12 9 62 52 0 61 57 65 65 66 61 58 52
split_gain=6.1403 3.99758 4.12965 2.83886 2.59858 2.31566 2.22311 2.23311 2.02528 1.9334 1.9078 1.60227 2.60883 1.49774 1.47475 1.71677 1.95542 2.00088 1.77922 1.63378 1.49165 1.46288 1.39578 1.38139 2.63286 1.88751 1.8098 1.57765 1.37205 2.12424
threshold=0.78130000829696666 0.38455000519752508 0.89564999938011181 0.57385000586509716 0.60895001888275158 0.082884997129440321 -0.09683500230312346 0.92054998874664318 -0.096895001828670488 0.99805000424385082 0.55965000391006481 18.619999885559086 0.68874999880790722 -0.08351499959826468 -0.064954999834299074 -0.017970000393688675 0.032864999026060111 0.57565000653266918 -0.088925000280141817 -0.024710000492632386 0.68674999475479137 0.014345000032335522 0.0073035000823438176 0.28294999897480017 0.0059970000293105849 0.0010890000266954305 -0.016344999894499775 0.0065140000078827151 15.034999847412111 0.63564997911453258
decision_type=2 10 8 2 10 2 2 2 2 2 2 8 2 8 10 2 2 2 2 2 10 2 2 10 8 10 2 2 10 8
left_child=1 6 4 5 14 21 22 28 -6 -5 -9 -7 13 -13 15 19 20 18 -18 -3 -17 -2 -1 -10 25 27 -26 -25 29 -8
right_child=3 2 -4 9 8 11 7 10 23 -11 -12 12 -14 -15 -16 16 17 -19 -20 -21 -22 -23 -24 24 26 -27 -28 -29 -30 -31
leaf_value=0.0013255880671542203 -0.00032536438026488287 0.00063703380740965558 0.00097188458135821136 -0.00094403517893405342 0.0018137171301059424 0.00018655192970380962 0.00073875326347323681 -0.00065318749944589161 0.00042464248577139618 -0.0035896466064715147 -0.0033992662528762592 0.00066871175847226774 0.0027486974746774319 -0.00080043521889249002 -0.00012795250471908919 0.00053524865661920518 0.0018367020656476145 0.0018998009791128046 0.00019237629464987437 -0.0014692920830061849 -0.00017461100688884095 -0.001014793345797802 -0.0005722445476678094 0.00050443122954590676 0.0025370534825924552 -0.003002078728249299 -0.00096868683905631755 -0.0018469759764563232 4.0664334926671442e-05 -0.00053565024529040716
leaf_weight=1445 7886 503 6387.5 3470 891.5 10967 1347 4471 23115.5 267 239 729 219 4329 23746 4325 720 1159 3318 968 6934.5 4270 459 622 375 351 204 436 22014 9292
leaf_count=1443 7886 503 6382 3470 890 10967 1347 4471 23087 267 239 729 219 4329 23746 4325 720 1159 3318 968 6932 4270 459 622 375 351 204 436 22014 9292
internal_value=9.23549e-06 0.000113034 0.000242779 -0.000356774 0.000173942 -0.000254471 -0.00013166 -0.000182625 0.000409322 -0.00113397 -0.000793224 -2.01237e-05 -0.000449604 -0.0005886 2.71109e-05 0.000232497 0.000320279 0.000801564 0.000485952 -0.000749103 9.80837e-05 -0.000567601 0.000868015 0.000359378 -0.00039932 -0.00109901 0.00130233 -0.000465409 -9.45285e-05 -0.000374244
internal_weight=145460 113323 74056 32137 67668.5 28400 39267 37363 25995 3737 4710 16244 5277 5058 41673.5 17927.5 16456.5 5197 4038 1471 11259.5 12156 1904 25103.5 1988 1409 579 1058 32653 10639
internal_count=145420 113283 74018 32137 67636 28400 39265 37363 25965 3737 4710 16244 5277 5058 41671 17925 16454 5197 4038 1471 11257 12156 1902 25075 1988 1409 579 1058 32653 10639
is_linear=0
shrinkage=0.03


Tree=22
num_leaves=31
num_cat=0
split_feature=75 11 26 67 25 87 28 50 69 60 53 53 74 39 77 9 6 10 85 72 1 16 70 17 39 67 86 59 65 17
split_gain=5.02455 3.29809 2.73859 2.34512 2.0131 1.97586 1.89609 1.81053 1.72878 1.72546 1.70951 1.68249 1.59706 2.20816 2.02887 2.13314 1.7708 1.71326 1.5927 1.57159 1.51 1.8572 1.72866 1.67989 1.65513 1.56278 2.04843 1.55879 1.50388 1.75528
threshold=0.47070001065731054 0.040605001151561744 0.32084999978542333 0.63314998149871837 40.405000686645515 0.99805000424385082 19.085000038146976 -0.087044999003410325 1.2145000100135805 0.028925000689923767 -0.39804999530315394 0.12824999541044238 -0.046199999749660485 0.037654999643564231 0.063319999724626555 -0.092794999480247484 0.46745000779628759 0.43234999477863317 0.50095000863075267 3.5000000000000004 0.018304999917745594 -0.38375000655651087 0.83324998617172252 -0.027104999870061871 0.034014999866485603 0.3822499960660935 0.89564999938011181 0.10120500251650812 0.018040000461041931 -0.24104999750852582
decision_type=2 2 2 10 2 2 10 10 10 2 10 10 10 2 2 2 10 2 8 8 2 2 10 2 2 8 2 8 10 2
left_child=3 2 19 4 8 9 11 -6 12 10 -3 -4 14 17 16 -16 -1 -14 -5 -2 22 -22 -12 24 -23 27 -27 -26 29 -8
right_child=1 5 6 18 7 -7 28 -9 -10 -11 20 -13 13 -15 15 -17 -18 -19 -20 -21 21 23 -24 -25 25 26 -28 -29 -30 -31
leaf_value=-0.00055728125114873524 0.0015772943744829988 -0.003229902949906997 0.00014917988214764434 0.0002429956013331523 0.0025615984874287354 -0.0022070758189691574 -0.00055895850898482122 0.00051529564717116912 -0.00076852164761882324 0.0010846087641130826 -0.00062939775418542707 0.00092403322499118247 0.00011443356964717004 0.00060802587362273263 0.0014027727076337847 -0.00011838224527003686 -0.0026748374292295445 -0.0010980446355212457 0.00088051176444823524 -0.00065297805363161512 0.0016727579372619596 0.00044953707306352448 0.0004517896532011579 0.00024300211162685793 -0.0029782152675299194 -0.0003373955272179667 -0.0015933286644652862 -0.0011357698925146514 0.0016367700607938286 8.6168630399316074e-06
leaf_weight=1567 295 200 9015 7495 427 576 5859 4299.5 2203.5 657 2370 3501 20645 9163.5 884 13274.5 459 1104 6662.5 7270.5 312 903 3033 1619 463 5452 1487 3824 462 30056.5
leaf_count=1567 295 200 9015 7494 427 576 5859 4296 2202 657 2370 3501 20625 9162 884 13274 459 1101 6661 7269 312 903 3033 1619 463 5452 1487 3824 462 30054
internal_value=1.16207e-05 -0.000153871 -3.46963e-05 0.00019937 0.000109301 -0.000475852 4.74961e-05 0.000700665 5.25934e-05 -0.000426672 -0.000477221 0.00036598 9.10259e-05 0.00021743 -0.000150404 -2.33151e-05 -0.00103811 5.28394e-05 0.000543051 -0.000565817 -0.00044877 -0.000612566 -2.24967e-05 -0.000664547 -0.000785698 -0.00088509 -0.000606728 -0.0013354 -6.20881e-05 -8.39863e-05
internal_weight=145540 77355 56459 68184.5 54027 20896 48893.5 4726.5 49300.5 20320 19663 12516 47097 30912.5 16184.5 14158.5 2026 21749 14157.5 7565.5 19463 14060 5403 13748 12129 11226 6939 4287 36377.5 35915.5
internal_count=145503 77351 56455 68152 53997 20896 48891 4723 49274 20320 19663 12516 47072 30888 16184 14158 2026 21726 14155 7564 19463 14060 5403 13748 12129 11226 6939 4287 36375 35913
is_linear=0
shrinkage=0.03


Tree=23
num_leaves=31
num_cat=0
split_feature=75 53 9 68 80 58 2 56 3 25 47 64 68 7 19 20 57 42 14 2 57 60 72 80 60 47 39 56 63 80
split_gain=4.53967 3.25819 2.46311 2.36196 2.27743 2.08874 2.41752 1.92192 2.21434 1.86227 1.85359 1.83941 1.79251 1.77076 2.10241 1.72524 3.15346 1.67459 1.65932 1.65601 1.58882 1.56995 1.48696 1.44232 1.72578 1.41307 1.37678 1.58023 1.49319 1.7862
threshold=0.43144999444484716 0.019644999876618389 0.081735000014305129 0.64904999732971203 0.52134999632835399 30.715000152587894 -0.0033125000772997733 0.040275000035762794 0.018195000477135185 41.085000991821296 -1.4999999999999998 -0.015239999629557131 0.72055000066757213 -0.49394999444484705 0.35564999282360082 0.62395000457763683 0.32400000095367437 0.2290500029921532 -0.021364999935030934 0.10954999923706056 0.58254998922348034 0.0039184999186545619 7.5000000000000009 0.22245000302791598 0.028925000689923767 -2.4999999999999996 0.024834999814629558 -0.084385000169277177 -0.037085000425577157 0.73425000905990612
decision_type=2 8 2 10 8 10 2 8 2 2 2 2 10 10 2 2 8 2 2 2 10 2 8 8 2 2 2 8 2 10
left_child=3 2 26 7 12 18 -7 9 -9 11 -10 13 15 -1 -15 -3 -17 -4 -6 -20 23 -8 -5 -13 -25 -16 27 -2 29 -28
right_child=1 4 17 22 5 6 21 8 10 -11 -12 20 -14 14 25 16 -18 -19 19 -21 -22 -23 -24 24 -26 -27 28 -29 -30 -31
leaf_value=-0.001574147356472708 -0.0022661533601257438 -0.00020901736421035695 -0.0014618885229094089 0.0021970445222569911 -0.00048790402813316859 0.0011808184151008742 -0.0027636487392225751 -0.00032441127140789988 0.00065092919434381173 0.0011462119730425661 -0.00016005288406955489 -0.00033327472083476243 0.00098631657627767108 0.00033659149753408952 0.0024235878645297907 -0.0026172625808369202 0.00098721648755963542 0.00078430701276558257 0.00044507863242414995 -0.00027867797365961183 0.0025385763634506349 -0.0002766680832064594 0.00056088547176892916 0.00026159788105386498 -0.0017556390477783189 0.00053640594653052854 -3.9106037760150626e-05 0.00021571954729555559 -0.00044817098883794904 0.003230723260127571
leaf_weight=258 240 22797 2651 536 2440 341 566 14199 5205 2061 4946 5549 1080 1967 1077 689 319 336 18892 3349 240 383 7272.5 17946.5 389 535 500 5504 22945 214
leaf_count=258 240 22797 2651 536 2439 341 566 14199 5205 2060 4946 5549 1080 1967 1077 689 319 336 18889 3349 240 383 7272 17920 389 535 500 5504 22943 214
internal_value=-8.34405e-06 -0.000153206 -0.000388378 0.000185593 -3.42205e-06 0.00019309 -0.000983261 0.000115518 -8.25298e-05 0.000276143 0.000255807 0.000211973 -0.00020851 0.000822003 0.000995127 -0.000262756 -0.00147671 -0.00120904 0.000254612 0.000336089 0.000114918 -0.00176129 0.000673464 9.04588e-05 0.000218707 0.00179798 -0.00030497 0.000111644 -0.000406117 0.000944075
internal_weight=145427 83246 32390 62181 50856 25971 1290 54372.5 24350 30022.5 10151 27961.5 24885 3837 3579 23805 1008 2987 24681 22241 24124.5 949 7808.5 23884.5 18335.5 1612 29403 5744 23659 714
internal_count=145393 83240 32388 62153 50852 25967 1290 54345 24350 29995 10151 27935 24885 3837 3579 23805 1008 2987 24677 22238 24098 949 7808 23858 18309 1612 29401 5744 23657 714
is_linear=0
shrinkage=0.03


Tree=24
num_leaves=31
num_cat=0
split_feature=75 80 11 47 46 51 52 81 71 32 11 53 67 62 8 50 57 59 81 8 50 63 22 10 45 85 71 2 5 11
split_gain=6.04232 3.95095 2.39649 2.14101 2.11368 2.10104 2.03008 2.07777 1.99812 1.9456 1.97736 1.89244 1.73419 1.72885 1.71568 1.63305 1.64433 1.56758 1.51153 1.89008 1.63701 1.71476 2.06566 1.52626 1.49253 1.46917 1.46707 2.11167 1.46587 1.77999
threshold=0.78554999828338634 0.55314999818801891 0.083459999412298216 -2.4999999999999996 0.97044998407363903 1.6104999780654909 0.99195000529289257 0.53344997763633739 7.5000000000000009 0.51394999027252208 0.028524999506771568 0.2864499986171723 0.25855000317096716 -0.03637499921023845 0.040145000442862518 -0.057675000280141824 0.16475000232458117 0.70040002465248119 0.072314999997615828 0.0281750001013279 -0.057675000280141824 -0.017970000393688675 -0.25614999234676356 0.36225000023841863 0.61484998464584362 0.78095000982284557 46.500000000000007 -0.17525000125169751 -0.053574999794363969 0.044014999642968185
decision_type=2 10 2 2 2 10 8 2 8 8 2 10 10 2 2 10 10 8 2 2 10 2 2 2 2 10 8 2 2 2
left_child=1 4 5 9 11 8 14 12 24 10 -3 18 25 -4 -5 -11 -17 -13 19 26 21 -20 -23 -24 -2 -8 -1 -28 -10 -30
right_child=2 3 13 6 -6 -7 7 -9 28 15 -12 17 -14 -15 -16 16 -18 -19 20 -21 -22 22 23 -25 -26 -27 27 -29 29 -31
leaf_value=-0.00014516469311190222 -0.00085131228006634003 0.00025636018876535769 5.9131868143584629e-06 0.00039288613426618514 -0.0013564620716154847 0.0024710873738087121 -0.0010598379741019626 0.00016640605429050213 -0.00085457463141617117 -0.0021671006092285759 0.00099608039716400404 0.00030573482704382123 -0.00027165495101151902 -0.0025440594254941685 -0.00080287122649454299 0.00067312931203837578 -0.0011017661099640857 0.001875102929885297 -0.0011487579099772639 0.0014787677676163758 -7.5798615198117785e-05 0.0013250030683272793 0.0005727535140686086 -0.001641808462137029 0.00063347924826530051 -0.0035694870097745476 0.0018137102147818289 -0.0012219524125111484 -0.00015803249093049367 -0.00079593814486892615
leaf_weight=3164 777 5289 348 20200.5 1124 238 1177 7316 6013 329 8448.5 2624 3536 765 1140 1453 693 732 466 411 48437 2261 799 430 2810 255 219 3325 15301 5300
leaf_count=3164 777 5273 348 20195 1124 238 1177 7316 6013 329 8438 2624 3535 765 1140 1453 693 732 466 411 48436 2260 798 430 2810 255 219 3325 15301 5300
internal_value=-1.34301e-05 8.83959e-05 -0.000380775 0.000288671 -6.75804e-05 -0.000330746 0.000152125 -0.00015511 -0.000352907 0.000571838 0.000711324 -4.45156e-05 -0.000628521 -0.00174747 0.000328975 -0.000202358 9.97226e-05 0.000648497 -8.36062e-05 -0.000493735 -2.78708e-05 0.000558825 0.000787093 -0.000202778 0.000311703 -0.00150892 -0.000614793 -0.00103391 -0.000442491 -0.000322177
internal_weight=145381 113829 31552 49837 63992 30439 33624.5 12284 30201 16212.5 13737.5 62868 4968 1113 21340.5 2475 2146 3356 59512 7119 52393 3956 3490 1229 3587 1432 6708 3544 26614 20601
internal_count=145345 113793 31552 49804 63989 30439 33618 12283 30201 16186 13711 62865 4967 1113 21335 2475 2146 3356 59509 7119 52390 3954 3488 1228 3587 1432 6708 3544 26614 20601
is_linear=0
shrinkage=0.03


Tree=25
num_leaves=31
num_cat=0
split_feature=75 11 80 67 87 25 24 53 80 12 75 26 41 61 70 41 66 86 85 18 67 86 24 21 51 61 68 47 5 87
split_gain=5.40742 3.07745 2.63514 2.61425 2.27715 2.19382 1.95752 1.95033 1.6541 1.97335 1.62883 1.56802 1.49061 1.47881 1.48443 1.4768 2.26241 2.20977 1.45248 1.44094 1.43777 1.40842 1.30929 1.81737 1.32269 1.30728 1.30635 1.29254 1.44033 1.39157
threshold=0.47070001065731054 0.055964998900890357 0.52915000915527355 0.51354998350143444 0.99805000424385082 34.995000839233406 -0.011605000123381613 0.07598499953746797 0.29895000159740454 0.035615000873804099 0.87344998121261608 0.32954999804496771 0.11195000261068346 -0.020204999484121796 0.67215001583099376 -0.085884999483823762 -0.024594999849796292 0.034855000674724586 0.51695001125335704 1.0295000076293948 0.69374999403953563 0.65174999833107006 -0.00096465001115575422 0.6147499978542329 -0.30505000054836268 0.001695999992080033 0.28305000066757208 4.5000000000000009 0.02667499985545874 0.89544999599456798
decision_type=2 2 8 10 2 2 2 10 10 2 2 2 2 2 8 2 2 2 10 2 10 2 2 2 8 2 10 2 2 2
left_child=3 2 10 5 18 -1 -5 12 9 -8 11 25 -4 -12 -15 16 -7 -18 -3 27 -13 -14 23 -20 -24 -2 -27 28 29 -16
right_child=1 4 7 6 -6 15 8 -9 -10 -11 13 20 21 14 19 -17 17 -19 22 -21 -22 -23 24 -25 -26 26 -28 -29 -30 -31
leaf_value=-7.8076055464672124e-05 -0.0010712348284420861 -0.0011841934534734778 -4.2725257713512099e-05 0.0012467822908549086 -0.0029550942419450449 -4.6682308102683765e-05 -0.0029566219046870926 0.00031424643088356528 0.00047316509080960349 2.8258928750493046e-05 -0.0026888534052045116 -0.00017976233092696569 0.0010169450283087421 -0.0018595854608365304 -0.0007512816873054167 0.00019877979079186659 -0.00015649742462943371 0.0026189309749733948 0.0011687479247668453 -0.0023753919452009302 0.00056203672040344753 -0.0011888885856669701 0.0015169661241534707 -0.0017050161661297481 -0.00075365354271105184 -0.0019212157162687663 0.00026129439116231914 0.00014707517311903664 -7.456509917131206e-05 -0.0025753897254088142
leaf_weight=32719 3032 2706 15941.5 2254 398 867 204 15638 19205 7218 321 20883 302 760 1165 4278 346 1015 925 332 2649 1865 247 251 3361 290 1625 2633 1520 556
leaf_count=32712 3032 2706 15938 2252 398 867 204 15638 19186 7217 321 20883 302 760 1165 4276 345 1015 925 332 2649 1865 247 251 3361 290 1625 2633 1520 556
internal_value=-1.3499e-05 -0.00018505 -0.000121321 0.000181464 -0.000746568 2.19737e-05 0.000398068 6.88353e-05 0.000326179 -5.41703e-05 -0.000300738 -0.000198315 -0.000143101 -0.000700942 -0.000608964 0.000525063 0.00115119 0.00191375 -0.000628833 -0.000455536 -9.62376e-05 -0.000881149 -0.00031452 0.000554458 -0.000597832 -0.000683764 -7.00465e-05 -0.000346639 -0.000747656 -0.00134175
internal_weight=145506 77400.5 69512.5 68106 7888 39225 28881 33746.5 26627 7422 35766 28479 18108.5 7287 6966 6506 2228 1361 7490 6206 23532 2167 4784 1176 3608 4947 1915 5874 3241 1721
internal_count=145471 77397 69509 68074 7888 39215 28859 33743 26607 7421 35766 28479 18105 7287 6966 6503 2227 1360 7490 6206 23532 2167 4784 1176 3608 4947 1915 5874 3241 1721
is_linear=0
shrinkage=0.03


Tree=26
num_leaves=31
num_cat=0
split_feature=75 80 11 70 8 53 67 81 67 14 46 20 5 68 81 30 81 68 6 66 65 56 60 5 6 45 8 85 51 68
split_gain=4.53069 3.09364 2.80423 2.30273 2.17109 2.16837 2.39499 2.3332 2.13613 1.8974 1.86305 1.8547 1.73317 2.15568 1.92682 1.70513 1.66399 1.53573 1.52478 1.52084 2.01353 1.45068 1.43392 1.42636 1.3855 1.37942 1.4707 1.91469 1.64589 1.37688
threshold=0.47070001065731054 0.67114999890327465 0.063294999301433577 0.9386500120162965 -0.074704997241497026 0.041255000978708274 0.38705000281333929 0.63484999537467968 0.43195000290870672 0.086314998567104353 0.68584999442100536 0.54355001449584972 -0.31425000727176661 0.495049998164177 0.047724999487400062 0.037994999438524253 0.019020000472664837 0.72484999895095836 0.25775000452995306 -0.028049999848008152 -0.00027029999182559544 0.18425000458955768 -0.014479999896138905 -0.46334999799728388 0.28135000169277197 0.096014998853206648 0.037124998867511756 0.11724999919533731 0.59845000505447399 0.45194999873638159
decision_type=2 10 2 10 2 10 10 2 8 2 2 2 2 10 2 10 2 8 10 2 10 8 2 2 8 2 2 10 10 10
left_child=1 3 5 16 18 23 7 9 22 10 15 21 13 19 -14 -7 -1 24 -3 -5 -21 -10 -6 -2 -8 -25 27 -27 -28 -9
right_child=2 4 -4 12 8 6 17 29 11 -11 -12 -13 14 -15 -16 -17 -18 -19 -20 20 -22 -23 -24 25 -26 26 28 -29 -30 -31
leaf_value=-0.001510954419411902 0.0015501050721175725 0.00039977945772715653 -0.00084464387818089222 0.00043370565211141179 0.0016166113175665861 -0.0014662748650477225 -9.4010467883574335e-05 0.00027968928851196829 0.00076903328895815755 -0.0013684892771393059 0.00059490804641024718 -0.00057856723066599986 -0.0012042603794999542 -0.00027982926264933375 0.00024296411173472821 -0.00019859112696722593 -0.00012175246952533037 0.0010864845162100306 0.0024840081181183222 0.0008079195077533353 0.0039753648191603258 -0.00074372641119922506 -0.00017686953961577797 -0.0012079641341075729 0.00037299279072023852 -0.00094176088804133701 -0.00077574805748067293 -7.8241750951597413e-05 0.0015664457705149308 -0.00084825627867033716
leaf_weight=800 367 531 5210 405 428 1500 11238 6364 12096 2249 1435 1114 867 614 17956 2626 24876 1667 780.5 301 453 598 6193 1527 11637.5 2595 6402 21051 281 1149
leaf_count=800 367 529 5210 405 428 1500 11236 6364 12074 2249 1435 1114 867 614 17949 2626 24873 1667 780 301 453 598 6192 1526 11637 2595 6402 21051 281 1149
internal_value=-1.54453e-05 0.000163139 -0.000172576 2.44483e-05 0.000458309 -0.000123993 2.3932e-05 -0.000270338 0.0003823 -0.000633388 -0.000335902 0.000594714 0.000260737 0.00115716 0.000176244 -0.000659699 -0.000165094 0.000207662 0.00164109 0.00191801 0.00271365 0.000697716 -6.07073e-05 -0.000306997 0.000143575 -0.00032844 -0.000284119 -0.000173043 -0.000677046 0.000107097
internal_weight=145311 68012.5 77298.5 46272 21740.5 72088.5 39865.5 15323 20429 7810 5561 13808 20596 1773 18823 4126 25676 24542.5 1311.5 1159 754 12694 6621 32223 22875.5 31856 30329 23646 6683 7513
internal_count=145272 67977 77295 46262 21715 72085 39863 15323 20406 7810 5561 13786 20589 1773 18816 4126 25673 24540 1309 1159 754 12672 6620 32222 22873 31855 30329 23646 6683 7513
is_linear=0
shrinkage=0.03


Tree=27
num_leaves=31
num_cat=0
split_feature=75 17 80 53 67 69 58 54 21 71 82 46 85 15 67 72 77 0 66 26 54 24 58 59 49 80 0 11 62 51
split_gain=4.91148 2.91432 2.45994 2.07089 1.93073 1.75078 1.7808 1.71565 2.11094 1.65076 1.58311 1.78719 1.58972 2.06578 1.78222 1.548 1.48262 1.47709 2.23609 1.45289 1.43958 1.63101 1.44145 1.38384 1.30789 1.30742 1.68342 2.44973 2.41994 1.91739
threshold=0.69415000081062328 -0.06995499879121779 0.57304999232292186 0.2864499986171723 0.43195000290870672 1.1025000214576723 14.534999847412111 0.022134999744594101 0.47145000100135809 6.5000000000000009 0.90929999947547924 0.97044998407363903 0.46034999191761022 -0.23044999688863751 0.63075000047683727 5.5000000000000009 0.99805000424385082 -0.0059595000930130473 -0.024594999849796292 0.32954999804496771 0.31254999339580541 -0.0088134999386966211 49.149999618530281 0.73910000920295726 0.10125000029802324 0.97745001316070568 0.015874999575316909 0.039145000278949744 -0.092025000602006898 -0.32455000281333918
decision_type=2 2 10 10 8 10 10 10 2 10 2 2 10 2 10 10 2 2 2 2 10 2 10 8 10 10 2 2 2 8
left_child=2 16 3 10 -4 6 9 -8 -9 -3 11 12 15 17 -15 19 25 -14 -19 -1 21 -6 -23 24 -5 26 28 -28 -2 -29
right_child=1 5 4 23 20 -7 7 8 -10 -11 -12 -13 13 14 -16 -17 -18 18 -20 -21 -22 22 -24 -25 -26 -27 27 29 -30 -31
leaf_value=-0.0005001041076908221 0.00093261315410718242 0.0014145261714706857 -2.1826550564641418e-05 0.0010206024275225165 0.0010176675653132477 0.00085068346451276286 0.00034425476939975127 -0.00089608014374105861 0.0007016268939570925 8.6195180014513967e-05 -0.0006402635920627342 -0.0017298600692564347 0.00031075000042874053 -6.8485032224021376e-05 0.00055112018470420082 0.00069614469446775706 -0.0029323480708292825 9.1680297664164384e-05 0.0028888237329341903 -2.2294237651148439e-05 -0.00068272970225742623 0.00038571454424058543 -0.0017463221465145594 0.0019829259411292001 -0.00035363439825392276 0.0008924396035480069 -0.00034775588688633298 0.00099848108685373781 -0.00040689780323094359 -0.0015288660633251631
leaf_weight=10708 1302 1005 13580 1394 3961 2096 2149 4831 879 5166 4070 547 1286 18539 5392.5 1689 216 418 668 12313 1038.5 23087 288 625 1126 644 4687 290 17746 3828
leaf_count=10708 1302 1005 13578 1394 3950 2096 2149 4831 879 5166 4070 547 1286 18537 5392 1689 216 418 668 12313 1038 23066 288 625 1126 644 4687 290 17746 3828
internal_value=-1.93846e-05 -0.000280564 9.68784e-05 -2.83771e-05 0.00027235 4.21645e-05 -7.86755e-05 -0.000378153 -0.000650049 0.000302719 -7.07227e-05 -2.57537e-05 -7.44759e-06 0.000154868 7.11482e-05 -0.00018023 -0.000461812 0.000999146 0.00181328 -0.000244555 0.000413138 0.000454793 0.000359372 0.000720441 0.000406662 -0.000442984 -0.000473891 -0.000816915 -0.000315293 -0.00135068
internal_weight=145569 44839 100730 58775.5 41954.5 16126 14030 7859 5710 6171 55630.5 51560.5 51013.5 26303.5 23931.5 24710 28713 2372 1086 23021 28374.5 27336 23375 3145 2520 28497 27853 8805 19048 4118
internal_count=145532 44839 100693 58773 41920 16126 14030 7859 5710 6171 55628 51558 51011 26301 23929 24710 28713 2372 1086 23021 28342 27304 23354 3145 2520 28497 27853 8805 19048 4118
is_linear=0
shrinkage=0.03


Tree=28
num_leaves=31
num_cat=0
split_feature=75 67 80 9 3 71 79 11 28 58 89 87 77 29 7 85 60 67 8 76 27 74 62 82 71 43 32 12 74 14
split_gain=4.07526 2.58256 2.23929 2.20346 2.30945 2.4134 2.16028 2.34008 2.45019 1.92663 1.88935 1.82726 1.77904 2.12894 1.74488 1.88358 1.72614 1.66983 1.79229 1.57038 1.54435 1.69975 1.54102 2.02123 1.56724 1.42972 1.38905 1.34122 1.57801 1.36366
threshold=0.87344998121261608 0.54804998636245739 0.97374999523162853 -0.088925000280141817 -0.0085560004226863367 115.50000000000001 0.99445000290870678 0.034934999421238906 18.894999504089359 15.034999847412111 0.019020000472664837 0.79524999856948864 0.8709000051021577 0.72714999318122875 0.38175000250339514 0.68064999580383312 -0.032785000279545777 0.36394999921321874 0.0054010001476854095 0.7064499855041505 1.3054999709129336 0.039939999580383308 -0.057134998962283128 0.53675001859664928 18.500000000000004 -0.0089294998906552774 0.2396500036120415 0.25675000250339514 -0.0026249999646097417 0.059104999527335174
decision_type=2 10 10 2 2 8 2 2 10 10 2 2 2 10 10 10 2 8 2 2 10 10 2 2 10 2 8 2 10 2
left_child=1 3 6 10 5 9 7 -2 -9 -5 26 14 -4 -14 15 -3 -12 -7 -19 -20 -10 -22 -18 -24 -25 -13 -1 28 -6 -29
right_child=2 11 12 4 27 17 -8 8 20 -11 16 25 13 -15 -16 -17 22 18 19 -21 21 -23 23 24 -26 -27 -28 29 -30 -31
leaf_value=7.0131194644740643e-05 -8.5205639057759478e-05 5.2908486271392933e-05 0.0024985841155661897 -0.0004766754926754223 7.453499194274748e-05 -0.001692555518150386 0.0025917814332505635 -0.0014078116685965478 -9.192820158887445e-05 6.3685027244947872e-05 -0.001010533795535801 -0.001995974393148814 -0.0024844835884667389 0.0018145491389400311 0.00066294878375618019 0.00058169914053436504 -0.00015172764085687147 -0.00082911282760541 0.0012454885681176101 -0.0016284593140325424 -0.0013524888079855155 0.00061879423347377925 5.1517994895659483e-05 0.00093243977754634835 0.0026455976875200482 -0.00014632115124561923 -0.0027257116052766964 0.00015910572704890856 0.00084230980644397092 -0.0002097533798053995
leaf_weight=559 6953 21271 416 9467.5 6252 1444 203 3767 4157 15928 385 412 201 212 9927 8478.5 694 3700 770 219 2261 476 702 831 1144 4213 223 18621 3919 17494
leaf_count=558 6953 21266 416 9454 6252 1444 203 3767 4157 15928 385 412 201 212 9922 8469 694 3700 770 219 2261 476 702 831 1142 4212 223 18621 3919 17494
internal_value=7.12206e-06 6.80836e-05 -0.000406944 -3.12758e-05 -6.87535e-05 -0.000266774 -0.000477878 -0.000513401 -0.000792631 -0.000137773 0.000611239 0.00025278 0.00111632 -0.000278664 0.000318562 0.000203626 0.000890524 -0.000800828 -0.000525914 0.000608092 -0.000456331 -0.00100956 0.00110788 0.00143436 0.00192561 -0.000311486 -0.000729612 6.61342e-05 0.000370421 -1.95694e-05
internal_weight=145300 126654 18646 82352.5 77814.5 31528.5 17817 17614 10661 25395.5 4538 44301.5 829 413 39676.5 29749.5 3756 6133 4689 989 6894 2737 3371 2677 1975 4625 782 46286 10171 36115
internal_count=145263 126617 18646 82336 77801 31515 17817 17614 10661 25382 4535 44281 829 413 39657 29735 3754 6133 4689 989 6894 2737 3369 2675 1973 4624 781 46286 10171 36115
is_linear=0
shrinkage=0.03


Tree=29
num_leaves=31
num_cat=0
split_feature=80 75 12 39 53 74 47 53 51 61 68 53 58 11 68 31 57 21 1 8 64 11 41 68 61 71 38 2 70 55
split_gain=3.32431 4.36479 2.96984 2.24612 2.31623 2.20343 1.82668 1.60637 1.50631 1.49326 1.94615 1.90847 1.98359 1.79049 1.8133 1.68863 1.80175 1.58679 1.49035 1.46963 1.44786 1.60239 1.60372 1.4302 1.42944 1.42617 1.59213 1.40721 1.37774 1.95144
threshold=0.54989999532699596 0.91435000300407421 0.48655000329017645 0.026464999653398994 0.078594997525215163 -0.014704999979585407 4.5000000000000009 0.2864499986171723 0.27335000038146978 0.010649999603629114 0.62134999036788952 0.37925000488758093 19.365000724792484 0.025634999386966232 0.46735000610351568 0.21055000275373462 0.14090000092983249 0.60705000162124645 0.079704999923706069 -0.074704997241497026 0.016834999434649948 0.040394999086856849 0.092734999954700484 0.53885000944137584 0.0067359998356550941 34.500000000000007 -1.0000000180025095e-35 0.02221500035375357 0.78135001659393322 1.0000000180025095e-35
decision_type=10 2 2 2 8 10 2 10 10 2 10 8 8 2 8 10 10 2 2 2 2 2 2 8 2 8 2 2 10 2
left_child=1 7 5 -4 -5 19 25 28 -9 10 11 15 -13 -11 -15 16 18 -17 -6 24 21 23 -23 -7 -2 -3 -27 -12 -1 -30
right_child=2 6 3 4 9 20 -8 8 -10 13 27 12 -14 14 -16 17 -18 -19 -20 -21 -22 22 -24 -25 -26 26 -28 -29 29 -31
leaf_value=-0.00024526171877658408 0.0018324994182429934 -0.00063666504950851493 0.00041472609395693454 -0.00042856277722196854 0.00061038329379896274 0.00025723556329339497 -0.00031614063941830559 0.00081175884435125112 -0.0006633028030859345 -0.0014599267676231335 0.0021175419382482496 -0.003637708115869612 -0.0005153244004797551 0.0020377491307331463 0.00027087516395093173 -0.00030572267273787666 -0.0004037536447433083 -0.0029111603251029106 0.0026446202960415961 7.0302020169442741e-05 -0.00029608035893379523 0.0016517102711742324 -0.00015241517916395896 0.00094416214385606261 -0.000699821980836402 -0.0028886316618527623 -0.0011390448273061445 0.00027579263669662708 0.00034635850541736031 -9.8863867301497783e-05
leaf_weight=26169 819 1539 8301.5 13213 1402 6043 3090 3342 765 273 576 278 534 1005 1089 4028 1231 221 421 15112.5 1336 2562.5 536 4973 265 797 1138 1059 12505.5 30389
leaf_count=26169 819 1539 8301 13213 1402 6037 3090 3342 765 273 576 278 534 1005 1089 4028 1231 221 421 15107 1336 2561 536 4953 265 797 1138 1059 12503 30389
internal_value=2.40432e-05 -0.000105922 0.000182789 -1.3501e-05 -0.000153856 0.000391382 -0.000846939 -3.94364e-05 0.000536908 0.000145708 -1.84103e-05 -0.000208684 -0.00158748 0.000821457 0.00111944 -5.51836e-05 0.000482806 -0.00044189 0.00108136 0.000146875 0.000647668 0.000737013 0.00133967 0.000567395 0.00121336 -0.00131884 -0.0018608 0.000925527 -7.37172e-05 3.09417e-05
internal_weight=145013 79734.5 65278.5 33631.5 25330 31647 6564 73170.5 4107 12117 9750 8115 812 2367 2094 7303 3054 4249 1823 16196.5 15450.5 14114.5 3098.5 11016 1084 3474 1935 1635 69063.5 42894.5
internal_count=144977 79732 65245 33631 25330 31614 6564 73168 4107 12117 9750 8115 812 2367 2094 7303 3054 4249 1823 16191 15423 14087 3097 10990 1084 3474 1935 1635 69061 42892
is_linear=0
shrinkage=0.03


Tree=30
num_leaves=31
num_cat=0
split_feature=75 68 53 28 19 3 56 72 53 80 15 56 22 52 56 71 87 32 80 30 65 20 64 66 8 28 1 28 16 0
split_gain=3.07228 3.20101 2.4861 2.51133 2.31508 2.20706 2.18669 2.06935 2.05843 1.92785 2.2641 2.18234 1.77069 1.76714 1.80819 1.68197 1.62353 1.71634 1.67308 1.5352 2.10826 1.68324 1.5334 1.58725 1.52678 1.49238 1.9402 1.46425 1.55887 2.0157
threshold=0.78554999828338634 0.55435001850128185 0.035575000569224365 20.445000648498539 0.55904999375343334 0.5160999894142152 0.11154999956488611 8.5000000000000018 0.011744999792426826 0.19025000184774402 -0.127250000834465 0.18425000458955768 -0.48974999785423273 1.8525000214576723 0.049435000866651542 121.50000000000001 0.97334998846054088 0.2929500043392182 0.97374999523162853 -0.18075000494718549 0.00098719997913576684 0.32885000109672552 0.025035000406205658 0.026364999823272232 -0.11524999886751174 17.464999198913578 0.0049594999291002759 22.445000648498539 -0.049794999882578843 0.018705000169575218
decision_type=2 10 10 10 2 2 8 8 10 10 2 10 2 10 10 8 2 10 8 8 10 2 2 2 2 10 2 10 2 2
left_child=1 9 6 -4 8 -6 7 -3 12 11 25 15 -2 24 -15 -1 18 -18 -14 20 21 -17 23 -5 -12 26 -11 28 29 -26
right_child=4 2 3 22 5 -7 -8 -9 -10 10 13 -13 16 14 -16 19 17 -19 -20 -21 -22 -23 -24 -25 27 -27 -28 -29 -30 -31
leaf_value=-0.00023152862262416183 0.0011091020593937688 0.0011646300606221792 0.00078118103803401782 -0.00017102945900810825 -0.00072969533090981229 -0.0034012620808963551 -0.0020435976967445178 -8.5700095073384125e-07 2.8598636605259227e-05 -0.0014583054668034861 0.0024904992318290561 0.00131559667998524 -0.00057392142242435604 -1.0411599211558059e-05 -0.0024456043558214635 -0.00064433668593086291 -0.0010170573880714407 -0.0041207012020688695 0.0018541099921673197 -0.00028910545225674058 -0.0006003295360597422 -0.0035233660543306186 -0.0025290588748677042 0.00094372889120947852 -0.00022742567810144884 0.00074801494377022091 0.0019231932937067797 -0.00066902401251026143 8.9763614406429583e-05 -0.0019756351744856047
leaf_weight=12489 566 1505 12995.5 4262 3712 300 437 15304 18100 616 221 703 7896 558 539 263 544 227 263 1529 946 602 201 1573 4289 5682.5 202 2809.5 45445.5 688
leaf_count=12489 566 1505 12995 4260 3712 300 437 15288 18100 616 221 703 7896 558 539 263 544 227 263 1529 946 602 201 1573 4289 5682 202 2808 45430 688
internal_value=4.67557e-06 7.73167e-05 0.00030993 0.000546333 -0.00025699 -0.000930261 4.90358e-05 0.000103558 -0.000159078 -3.14558e-05 4.63658e-05 -0.000318826 -0.000516766 -1.6705e-05 -0.00120806 -0.000391493 -0.000619929 -0.001935 -0.000495438 -0.000989386 -0.00158014 -0.00264976 4.06594e-05 0.000129597 7.76691e-06 0.000575556 -0.000621937 -2.58709e-06 3.45588e-05 -0.000469439
internal_weight=145468 113860 36277.5 19031.5 31608 4012 17246 16809 27596 77582.5 61050.5 16532 9496 54550 1097 15829 8930 771 8159 3340 1811 865 6036 5835 53453 6500.5 818 53232 50422.5 4977
internal_count=145432 113824 36259 19029 31608 4012 17230 16793 27596 77565 61033 16532 9496 54533 1097 15829 8930 771 8159 3340 1811 865 6034 5833 53436 6500 818 53215 50407 4977
is_linear=0
shrinkage=0.03


Tree=31
num_leaves=31
num_cat=0
split_feature=75 0 80 69 74 39 75 53 52 87 63 52 39 67 45 1 0 71 6 85 60 9 67 0 80 80 60 57 27 22
split_gain=3.92752 3.06511 2.24102 2.04239 1.99385 1.89629 1.82553 1.69779 1.63127 1.61372 2.13966 1.59379 1.82397 1.50921 1.65333 1.56246 2.01657 1.48693 1.4856 1.46971 1.46187 1.63519 2.36655 1.48464 1.39688 1.3941 1.3211 1.30467 1.29813 1.47615
threshold=0.43144999444484716 0.096330001950263991 0.56529998779296886 1.1004999876022341 -0.026244999840855595 0.025404999963939193 0.8696500062942506 -0.0025135000469163056 1.3594999909400942 0.58904999494552623 -0.021475000306963917 0.46745000779628759 0.045205000787973411 0.45745000243186956 -0.045320000499486916 -0.09683500230312346 -0.04019499942660331 11.500000000000002 -0.20705000311136243 0.73864999413490307 0.014205000363290312 -0.0087325000204145891 0.700850009918213 0.010375000070780517 0.20674999803304675 0.76274999976158153 -0.0022370000369846816 0.10940000042319299 0.57555001974105846 -0.56995001435279835
decision_type=2 2 8 10 10 2 2 10 10 2 2 8 2 10 2 2 2 8 10 10 2 2 10 2 10 10 2 8 10 2
left_child=4 2 3 6 13 -4 20 9 -5 -7 -11 -6 25 15 -15 27 24 -8 -10 -14 21 -2 23 -23 -17 -13 -25 -1 -18 -30
right_child=1 -3 5 8 11 7 17 -9 18 10 -12 12 19 14 -16 16 28 -19 -20 -21 -22 22 -24 26 -26 -27 -28 -29 29 -31
leaf_value=0.0027806671951517955 -0.00067407823158255982 -0.0024221484709996731 0.00047895134101315822 0.00044250399511244553 0.00088151912386764876 9.2492799541593558e-05 0.00010477682923344534 9.8690139600118349e-05 -0.0026781276825931853 0.00093644342515736246 -0.00092238373053603708 4.0829514973255335e-05 0.00038095005929417224 -0.00098940915586667711 0.00030393450064321613 -0.00402385829666407 0.00047956586725757976 -0.00091710537556858121 -0.00016516944194693912 0.001472265820505015 0.00049581254398615201 -7.808701051675e-05 0.00077079468547303206 5.191976424502294e-05 -0.0010433311770982484 0.00057869347021654498 -0.00091977763897236372 0.0003124665244091015 0.0010262181780873671 -0.00047496251543615247
leaf_weight=230 7515 524 7453 5414 4142.5 3721 1567 20033 287 627 4963 20333 2910.5 956 12627.5 200 1871 7029 800 1796 2273 12389 2207 1753 482 5512 4469 1166 628 9411
leaf_count=230 7515 524 7449 5414 4142 3720 1567 20033 287 627 4963 20314 2910 954 12626 200 1871 7029 800 1796 2273 12389 2207 1753 482 5503 4469 1166 628 9411
internal_value=-2.06136e-06 -0.000137139 -0.000122596 -0.000262892 0.000178049 5.16575e-05 -0.00034456 -5.68823e-05 0.000229554 -0.000391577 -0.000713759 0.000329383 0.000254492 -1.23847e-05 0.000212843 -0.000231099 -0.000336682 -0.000730832 -0.000830516 0.00079762 -0.000236051 -0.00029478 -0.000157833 -0.00026799 -0.001922 0.000155558 -0.000646045 0.000720818 -0.000245748 -0.000380962
internal_weight=145290 83024 82500 45703 62265.5 36797 39202 29344 6501 9311 5590 34694 30551.5 27571.5 13583.5 13988 12592 8596 1087 4706.5 30606 28333 20818 18611 682 25845 6222 1396 11910 10039
internal_count=145252 83019 82495 45703 62233 36792 39202 29343 6501 9310 5590 34665 30523 27568 13580 13988 12592 8596 1087 4706 30606 28333 20818 18611 682 25817 6222 1396 11910 10039
is_linear=0
shrinkage=0.03


Tree=32
num_leaves=31
num_cat=0
split_feature=80 75 74 47 67 47 71 8 72 80 70 59 63 74 29 17 45 25 52 45 57 8 59 59 21 22 50 61 76 27
split_gain=3.36688 2.99433 1.84759 2.18251 1.84613 1.7334 1.5073 1.8095 1.99044 1.70919 1.50466 1.69892 1.46861 1.44324 1.38807 1.46024 1.31154 1.30936 1.31496 1.30765 1.2612 1.24178 1.26185 1.79943 1.54881 1.50806 1.89504 1.36302 1.28347 1.25166
threshold=0.55314999818801891 0.89195001125335704 -0.013259999919682739 1.0000000180025095e-35 0.69034999608993541 4.5000000000000009 40.500000000000007 -0.079015001654624925 4.5000000000000009 0.027604999952018264 1.2425000071525576 0.88989999890327465 -0.01934499945491552 -0.0079999999143183214 0.73844999074935924 -0.21075000613927838 0.96424999833107006 21.545000076293949 1.5855000019073489 0.11105000227689744 0.24445000290870669 -0.11524999886751174 0.78769999742507946 0.82640001177787792 0.42495000362396246 -0.35934999585151667 0.044135000556707389 0.0063505000434815892 0.096190001815557494 1.1635000109672549
decision_type=10 2 10 2 10 2 8 2 10 10 8 10 2 8 10 2 2 2 8 2 10 2 10 10 2 2 10 2 2 10
left_child=1 4 21 17 6 14 -1 12 9 20 11 -6 -8 -10 -3 -16 -7 18 -4 -11 -9 -2 24 -24 -23 -25 29 -28 -26 -27
right_child=2 5 3 -5 10 16 7 8 13 19 -12 -13 -14 -15 15 -17 -18 -19 -20 -21 -22 22 23 25 28 26 27 -29 -30 -31
leaf_value=2.5899611032522242e-05 0.0018895517977755214 -0.00081650828665174539 0.00038408278681352341 9.6934258215246931e-05 0.00026596083636782659 0.000275758796052974 -0.00092129308230405919 -0.0016278764365778879 -0.00050712233356099386 -0.00092793572021548432 0.00096444561982255339 -0.0012910812574158182 0.0018290501158821451 0.00066539323833904893 -0.0041831798411737335 -0.0013603547497353118 -0.0008707697339825133 0.00082660235674995928 -0.0012500072947295849 -0.00025657895511174635 0.00057615813449323784 0.0002438713110551673 -0.0015482786439129867 0.00094723771349939029 -0.0011860793913623037 -0.00046314924479889881 -0.0029281658155518213 -0.00013734312497955912 -0.00010522319784650626 0.00076573192856586934
leaf_weight=31656 311 3760 5785 17371.5 5911.5 2232 240 1537 1390 2973 2494 705 636.5 2945 234 559 1501 8790.5 479 21416 275 17328 1013 903 1142.5 2821 414 254 7309 1013
leaf_count=31654 311 3760 5784 17369 5911 2232 240 1537 1390 2973 2494 705 636 2945 234 559 1501 8768 478 21416 275 17324 1013 903 1142 2821 414 254 7309 1013
internal_value=5.14261e-06 -0.000124541 0.000165843 0.000326067 -6.25308e-05 -0.000664639 -0.000120197 -0.000267422 -0.000306011 -0.00040453 0.000336639 9.98852e-05 0.00107577 0.000289401 -0.00105747 -0.00219754 -0.000185358 0.00059044 0.000258946 -0.000338452 -0.00129325 6.01993e-06 -1.22315e-05 -0.000388599 8.14795e-05 -0.000171007 -0.000395462 -0.00186878 -0.00025146 -0.000138346
internal_weight=145400 80465 64934.5 32426 72179 8286 63068.5 31412.5 30536 26201 9110.5 6616.5 876.5 4335 4553 793 3733 15054.5 6264 24389 1812 32508.5 32197.5 6418 25779.5 5405 4502 668 8451.5 3834
internal_count=145365 80462 64903 32399 72176 8286 63066 31412 30536 26201 9110 6616 876 4335 4553 793 3733 15030 6262 24389 1812 32504 32193 6418 25775 5405 4502 668 8451 3834
is_linear=0
shrinkage=0.03


Tree=33
num_leaves=31
num_cat=0
split_feature=75 67 69 25 47 45 71 50 17 46 81 88 45 7 6 45 48 28 7 56 59 52 81 64 52 67 49 27 85 57
split_gain=4.00579 2.55131 2.02273 1.9231 2.26692 1.9678 1.87562 2.64381 1.87458 1.78578 1.76939 1.67769 1.64099 1.48905 1.45644 1.41589 1.29933 1.29654 1.29384 1.38836 1.78187 1.49478 1.27008 1.2692 1.2528 1.23472 1.28735 1.22355 1.20712 1.6623
threshold=0.69415000081062328 0.69374999403953563 1.1044999957084658 23.644999504089359 1.0000000180025095e-35 0.46965000033378607 4.5000000000000009 0.10474999994039537 -0.06995499879121779 0.76964998245239269 0.14864999800920489 0.99114999175071727 0.61484998464584362 -0.034634999930858605 2.0515000820159917 1.2555000185966494 0.39364999532699591 23.175000190734867 -0.52275002002716053 -0.084385000169277177 0.99509999155998241 0.8882499933242799 0.6789500117301942 0.021940000355243686 1.6004999876022341 0.2653499990701676 0.55764999985694896 1.1635000109672549 0.53275001049041759 0.085294999182224288
decision_type=2 10 10 2 2 2 8 10 2 2 2 2 2 10 10 2 2 10 10 8 10 8 2 2 10 8 8 10 8 10
left_child=1 3 6 5 18 10 12 14 -4 -7 23 15 -2 -11 16 -9 -8 -6 -5 20 21 -20 -10 -1 -15 -21 -27 -12 -18 -30
right_child=2 -3 8 4 17 9 7 11 22 13 27 -13 -14 24 -16 -17 28 -19 19 25 -22 -23 -24 -25 -26 26 -28 -29 29 -31
leaf_value=-0.00081678798624547605 -0.00079833176625834312 0.00050373565042385567 -0.00010155284452668272 -0.00084542165555764491 -5.2162625972190979e-05 0.00033002694561051256 0.0013816937650403243 -0.0012136104940514542 0.0032372617442499919 -0.0012341536968328685 -0.00021910541743015241 0.00097924093312956226 0.00086256714717918091 0.00010159123991951803 0.00093155141876450254 -0.0035356186066443718 -0.00053910931660684715 -0.0022261239885467575 0.00049578260616649759 -0.00028550746674724014 -0.00074912050597777122 0.0021306849690440098 0.00075691584778396796 0.0015042369275715208 -0.0023345357884388806 0.00045050472718699639 -0.0010953523324974915 0.00040123791413722971 0.00070639628199371958 -0.00027040717652627603
leaf_weight=5287 719 13039.5 4080 763 15127 13855.5 397 2544 205 1240 18140 286 2088 3466.5 856 260 14904 250 873 2563 399 1190 1911 220 200 19941.5 496 3396.5 1753 14785
leaf_count=5287 719 13037 4080 763 15127 13854 397 2544 205 1240 18129 286 2088 3466 856 260 14904 250 873 2563 399 1190 1911 220 200 19916 496 3396 1753 14785
internal_value=7.09447e-06 0.0001123 -0.000228851 5.3901e-05 0.000201553 -8.0204e-05 -0.000309633 -0.000368211 0.000274272 0.000155863 -0.00024398 -0.00120686 0.000437003 -0.000335926 -0.000288916 -0.0014301 -0.000321757 -8.76495e-05 0.00037112 0.000407606 0.00108458 0.00143942 0.00099863 -0.000723809 -3.18948e-05 0.000335098 0.000412936 -0.000121258 -0.000343308 -0.000166831
internal_weight=145236 100448 44788 87408 41602.5 45805.5 38592 35785 6196 18762 27043.5 3090 2807 4906.5 32695 2804 31839 15377 26225.5 25462.5 2462 2063 2116 5507 3666.5 23000.5 20437.5 21536.5 31442 16538
internal_count=145194 100406 44788 87369 41577 45792 38592 35785 6196 18760 27032 3090 2807 4906 32695 2804 31839 15377 26200 25437 2462 2063 2116 5507 3666 22975 20412 21525 31442 16538
is_linear=0
shrinkage=0.03


Tree=34
num_leaves=31
num_cat=0
split_feature=75 67 67 88 82 9 78 62 6 18 17 57 87 72 28 58 74 38 87 65 71 58 84 4 56 69 18 30 25 71
split_gain=3.78906 2.21811 2.21491 2.41223 2.26016 2.074 1.73222 1.71562 1.67506 1.65603 1.79341 1.63916 1.60949 1.48989 1.41833 1.53169 1.56508 1.49554 1.4644 1.44207 1.46449 1.3798 1.65192 1.34046 2.17132 1.80807 1.66226 1.53398 1.33397 1.46247
threshold=0.25425000488758093 0.61194998025894176 0.39615000784397131 0.75415000319480907 0.90125000476837169 -0.006946499925106763 0.78145000338554393 -0.033959999680519097 -0.66615000367164601 1.6365000009536745 -0.022745000198483464 0.11325000226497652 0.62060001492500316 1.5000000000000002 20.445000648498539 18.420000076293949 0.024685000069439415 1.5000000000000002 0.96205002069473278 -0.015484999865293501 31.500000000000004 19.365000724792484 0.068030003458261504 -0.21595000475645063 -0.041504999622702592 0.98895001411437999 0.11335000023245813 -0.67804998159408558 15.795000076293947 16.500000000000004
decision_type=2 10 10 2 2 2 2 2 10 2 2 10 2 10 10 8 10 2 2 8 10 10 10 2 8 8 2 10 2 8
left_child=1 8 4 5 6 12 -2 11 -1 21 -11 -6 13 -4 17 16 -16 19 -19 -7 -21 -5 -23 24 25 -10 -26 -25 -8 -30
right_child=2 -3 3 9 7 14 28 -9 23 10 -12 -13 -14 -15 15 -17 -18 18 -20 20 -22 22 -24 27 26 -27 -28 -29 29 -31
leaf_value=-0.0015432775182350766 -0.00029002792865295238 0.00068085973208215295 -0.00012827616528032169 -0.00015375441380685007 -0.0013928978965027717 -0.0008570303489110441 0.0014308143905180416 -0.0010811458847287193 0.0025281397365426715 0.0017698195667764005 -0.00086296216289971433 0.0005040367766290056 -0.00097388547317925833 0.00079938548282246528 3.8879026414523765e-07 -0.00069708918142523824 0.00098799683107546896 0.00019862739281957374 -0.0020069097582161473 0.0011481887702662643 0.00042506945404515795 0.0018168630880155327 -0.00079888137528121884 0.00048196591725893504 -0.0013951368985321933 0.00054709565069739098 0.0010515828595539982 -5.1914560054990399e-05 0.00084236041463741805 -0.00013291254843530355
leaf_weight=529 26953 8489.5 13893 14233 572 519 722 4742 769 708 346 1440 1789 1754 7037.5 2105 1816 5892 283 4734 5394 225 5686 6605 558 900 451 18155.5 1781 6192
leaf_count=529 26953 8488 13884 14233 572 519 722 4742 769 708 346 1440 1789 1754 7035 2105 1816 5892 283 4734 5394 225 5686 6588 558 899 451 18154 1781 6192
internal_value=-8.52998e-06 0.000256164 -9.72124e-05 1.09351e-05 -0.000266601 0.000134728 -0.000171252 -0.000769754 0.000127228 -0.000253116 0.000905549 -3.56749e-05 -0.00012173 -2.42426e-05 0.000295689 3.00978e-05 0.000203052 0.000468693 9.72391e-05 0.000684097 0.000763148 -0.000313783 -0.000699024 0.00015949 0.000796952 0.00146084 -0.000301551 9.05147e-05 0.000196922 8.50212e-05
internal_weight=145274 36457 108816 66414.5 42402 45216.5 35648 6754 27967.5 21198 1054 2012 17436 15647 27780.5 10958.5 8853.5 16822 6175 10647 10128 20144 5911 27438.5 2678 1669 1009 24760.5 8695 7973
internal_count=145241 36436 108805 66403 42402 45205 35648 6754 27948 21198 1054 2012 17427 15638 27778 10956 8851 16822 6175 10647 10128 20144 5911 27419 2677 1668 1009 24742 8695 7973
is_linear=0
shrinkage=0.03


Tree=35
num_leaves=31
num_cat=0
split_feature=75 67 71 11 49 8 86 81 58 8 47 76 25 28 12 58 62 53 28 57 87 87 56 62 63 67 68 11 61 81
split_gain=3.8221 2.95493 2.58736 2.01438 1.78806 1.62037 1.80643 1.77149 2.75599 1.75864 1.75374 1.70335 1.56106 1.41989 1.41851 1.40311 1.40139 1.39556 2.55869 1.40499 1.38458 1.37706 1.49188 1.95619 1.33913 1.32343 1.54498 1.88889 1.94155 1.61645
threshold=0.80834999680519115 0.53435000777244579 5.5000000000000009 0.063294999301433577 0.71395000815391552 -0.041214998811483376 0.31570000946521765 0.15255000442266467 16.48499965667725 0.025694999843835834 -2.4999999999999996 0.39894999563694006 14.855000019073488 22.164999961853031 0.067345000803470625 42.57500076293946 0.05428499914705754 0.07598499953746797 20.144999504089359 0.068379998207092299 0.99805000424385082 0.74044999480247509 0.11154999956488611 -0.033959999680519097 0.017950000241398815 0.74715000391006481 0.41024999320507055 0.040605001151561744 -0.021414999850094315 0.31065000593662268
decision_type=2 10 8 2 8 2 2 2 8 2 2 2 2 10 2 8 2 8 10 10 2 2 8 2 2 10 8 2 2 2
left_child=1 5 -2 4 25 6 10 8 16 -10 12 -8 -1 -9 -12 -14 24 21 19 -19 -5 22 -3 -24 -7 26 29 28 -28 -4
right_child=2 17 3 20 -6 7 11 13 9 -11 14 -13 15 -15 -16 -17 -18 18 -20 -21 -22 -23 23 -25 -26 -27 27 -29 -30 -31
leaf_value=-0.0017775474310650487 0.00057512587288381634 0.00026123699608267059 -0.00076607077705868605 -0.00092772774481012204 0.0016014269422567676 -0.00056945673902757956 0.0015037242305492959 2.762074249887363e-05 -0.00016138870251117366 0.0014660327000592785 -0.0030277114704949778 6.122797414559076e-05 0.00049054466634462638 -0.00053517055753846707 -0.00045122070796292673 -0.0015911506143177054 -0.002047461380959827 -0.0014254862462045399 4.4409400739102344e-05 0.00081980329387060648 -0.0030706403465487336 -0.00045511544754858947 -0.0031532450106921866 -6.8375930499705616e-05 -0.0025425774036950707 0.00053676808372785925 -0.0025647930539533853 -0.0011168782539474756 -0.00028163516789443693 0.00028478207335019064
leaf_weight=321 2699 22290.5 1851 2484 432 4425 1836.5 47746.5 4592 686 255 1230 5127 4406 775 308 824 256 7410 10643 304 3148.5 264 613 332 1432 346 4165 9888 4563
leaf_count=321 2699 22268 1851 2484 432 4424 1835 47744 4592 686 255 1230 5121 4404 775 308 824 256 7410 10643 304 3146 264 613 332 1432 346 4165 9888 4563
internal_value=5.92029e-06 8.11628e-05 -0.000307953 -0.000401569 -0.000307981 -3.65788e-05 0.000321175 -9.25216e-05 -0.0004411 5.03706e-05 4.80678e-05 0.000925335 0.000252124 -1.99349e-05 -0.00109141 0.000372305 -0.000905813 0.000273409 0.000474536 0.000766939 -0.00116241 0.000133465 0.00021347 -0.000999536 -0.00070767 -0.000345132 -0.000405833 -0.000578333 -0.000359069 -1.8553e-05
internal_weight=145653 117489 28164 25465 22677 72864 9852.5 63011.5 10859 5278 6786 3066.5 5756 52152.5 1030 5435 5581 44625 18309 10899 2788 26316 23167.5 877 4757 22245 20813 14399 10234 6414
internal_count=145615 117451 28164 25465 22677 72851 9845 63006 10858 5278 6780 3065 5750 52148 1030 5429 5580 44600 18309 10899 2788 26291 23145 877 4756 22245 20813 14399 10234 6414
is_linear=0
shrinkage=0.03


Tree=36
num_leaves=31
num_cat=0
split_feature=75 67 17 89 71 5 69 80 60 64 67 31 71 2 68 21 19 71 51 21 56 20 68 23 67 16 26 86 4 47
split_gain=3.77331 2.28254 2.26815 1.88768 1.63274 1.80841 1.94333 1.74233 1.49482 1.43433 1.46609 1.47901 1.43328 1.5995 2.26264 1.97211 1.53719 1.43281 1.3851 1.4318 1.36034 2.28001 1.66512 1.93424 1.3181 1.29931 1.28721 1.88099 1.82986 1.53824
threshold=0.81185001134872448 0.53044998645782482 -0.065614998340606676 0.98734998703002941 555.50000000000011 -0.28464999794960016 1.1485000252723696 0.52134999632835399 0.014205000363290312 0.025035000406205658 0.29735000431537634 0.22555000334978106 5.5000000000000009 0.11895000189542772 0.37064999341964727 0.54535001516342174 0.50914999842643749 4.5000000000000009 0.11405000090599061 0.52625000476837169 -0.098445001989603029 0.26735000312328344 0.64904999732971203 68.094997406005874 0.49414999783039099 0.27404999732971197 0.85005000233650219 0.79295000433921825 0.44515000283718115 -1.4999999999999998
decision_type=2 10 2 2 8 2 10 10 2 2 8 10 8 2 8 2 2 10 8 2 10 2 10 2 8 2 2 2 2 2
left_child=1 4 3 -2 5 6 -1 8 -7 10 11 -6 -4 15 -15 16 -14 -9 -16 -20 21 -3 23 25 -11 -22 27 28 -19 -30
right_child=2 20 12 -5 9 7 -8 17 -10 24 -12 -13 13 14 18 -17 -18 26 19 -21 22 -23 -24 -25 -26 -27 -28 -29 29 -31
leaf_value=0.00079840613780137186 -0.00045942899441390084 -0.0024346997297665885 0.0010348600378191825 -0.0019021403119041191 -0.00011572314041639265 -0.00024203840796924053 -0.0015778427144947011 -0.00063999955962351759 0.00058318585659178921 0.002987795266683072 -0.00032619032620539626 -0.0022253467199723201 0.00015698372649860669 0.00069121395410540534 0.00086197717050395784 0.0028507229264715089 -0.0021402352955447253 0.00023850877672040228 -0.0019304061777627387 0.00048423003320020576 0.00016519002934093477 -5.292125194397388e-05 0.0005675230737235081 -0.00090045840874999157 -0.00026161307593879069 0.0010910633342922746 -0.00040400713568651086 0.001025947392003462 0.00028802287236500817 -0.0022500362026318349
leaf_weight=3974 16446 413 1136 858 483 27753.5 335 1947 2126 210 8150 785 6066 746 243 235 273 20011.5 1429 261 26568.5 2865 12723.5 1478 240 1437 2807 2665 376 500
leaf_count=3974 16446 413 1136 858 483 27753 335 1947 2126 210 8150 785 6066 746 243 235 273 19998 1429 261 26548 2865 12723 1478 240 1437 2807 2664 376 500
internal_value=-5.6031e-06 6.84455e-05 -0.000320709 -0.00053107 -3.62302e-05 2.03976e-05 0.000613343 -2.35231e-05 -0.000183304 -0.000394826 -0.000473926 -0.00142248 2.96871e-05 -9.38175e-05 -0.00071155 0.000157987 5.7728e-05 0.000145137 -0.00125299 -0.00155743 0.000234973 -0.000353656 0.000280696 0.000156902 0.00125804 0.000212735 0.000203152 0.000275528 0.000179739 -0.00116155
internal_weight=145541 117848 27693 17304 72363 62495 4309 58186 29879.5 9868 9418 1268 10389 9253 2679 6574 6339 28306.5 1933 1690 45485 3278 42207 29483.5 450 28005.5 26359.5 23552.5 20887.5 876
internal_count=145505 117812 27693 17304 72348 62480 4309 58171 29879 9868 9418 1268 10389 9253 2679 6574 6339 28292 1933 1690 45464 3278 42186 29463 450 27985 26345 23538 20874 876
is_linear=0
shrinkage=0.03


Tree=37
num_leaves=31
num_cat=0
split_feature=75 53 68 81 43 62 87 6 71 68 6 56 74 63 52 66 56 59 21 8 69 3 56 53 17 51 28 61 76 58
split_gain=3.56848 2.36343 2.12015 1.9732 2.10722 1.9969 1.96398 3.13991 2.33861 1.74935 1.75906 1.67171 1.73808 1.67993 1.67075 1.63724 2.17533 1.62651 1.83076 1.56721 1.60115 1.51357 1.83766 2.02439 1.70986 1.46506 1.41431 1.40629 1.69508 1.39662
threshold=0.31055000424385076 0.044025000184774406 0.62894999980926525 0.15734999626874926 0.068894997239112868 0.023099999874830249 0.9032999873161317 1.4555000066757204 4.5000000000000009 0.54514998197555553 0.15175000578165057 -0.10754999890923499 -0.060115000233054154 -0.0245399996638298 0.89654999971389782 0.10415000095963479 -0.089590001851320253 0.62400001287460338 0.34454999864101415 -0.067354999482631669 0.86855000257492077 0.076085001230239882 0.061395000666379936 0.14314999431371692 -0.22455000132322309 0.1787500008940697 22.564999580383304 0.010034999810159208 0.75049999356269848 34.029998779296882
decision_type=2 8 10 2 2 2 2 10 8 10 10 8 10 2 10 2 10 8 2 2 8 2 8 10 2 10 10 2 2 8
left_child=9 6 3 5 15 -3 -2 8 -8 11 -11 13 19 -1 29 16 -5 18 -7 20 -13 22 -21 24 -24 -17 -18 28 -4 -15
right_child=1 2 27 4 -6 17 7 -9 -10 10 -12 12 -14 14 -16 25 26 -19 -20 21 -22 -23 23 -25 -26 -27 -28 -29 -30 -31
leaf_value=-0.00097870621289837642 -0.00018285427492698445 -0.00019854630610848033 0.00095576718096751121 0.0017610019848513503 -0.00066211349082939371 -0.00033626955466359732 0.00104206762349588 0.0023654967789565598 -0.0011364521093318075 0.00019988561881314711 0.00086929482526660381 0.0030712020606541665 0.00020396914161138394 -0.0013965137288287374 0.0025482845496864887 -0.00019655891804003648 0.0001262611911908795 7.6476965793542177e-05 -0.0028771145373078372 -0.00026837455254034815 0.00020872717374106455 0.00042601515658867244 -0.0032706124457227881 -0.00037974089282044989 -0.0010452764055148755 -0.0035767610095482428 -0.00078399530883661481 -0.00052816935336995211 -2.0959305158703499e-05 0.0015945252437254715
leaf_weight=295 41298.5 3559 4795 710 3633 377 487 271 4883 7973.5 6344 211 19425 240 674 266 33975.5 443 791 4256 1033 1462 613 1108 632 203 1608 1085 2399 336
leaf_count=295 41294 3559 4795 710 3633 377 487 271 4883 7963 6339 211 19413 240 674 266 33972 443 791 4256 1033 1462 613 1108 632 203 1608 1085 2399 336
internal_value=-1.15362e-07 -9.89898e-05 3.66528e-05 -4.35929e-05 2.70389e-05 -0.000595369 -0.000254584 -0.000779597 -0.000938727 0.000223299 0.000496537 9.41113e-05 4.24155e-05 0.0010551 0.00153548 9.51595e-05 0.000117939 -0.00147136 -0.00205799 -0.000294465 0.00069632 -0.000447245 -0.000640457 -0.00131306 -0.00214271 -0.00166413 8.51063e-05 0.000478257 0.000630098 0.000347999
internal_weight=145386 100784 53844.5 45565.5 40395.5 5170 46939.5 5641 5370 44602.5 14317.5 30285 28740 1545 1250 36762.5 36293.5 1611 1168 9315 1244 8071 6609 2353 1245 469 35583.5 8279 7194 576
internal_count=145351 100776 53841 45562 40392 5170 46935 5641 5370 44575 14302 30273 28728 1545 1250 36759 36290 1611 1168 9315 1244 8071 6609 2353 1245 469 35580 8279 7194 576
is_linear=0
shrinkage=0.03


Tree=38
num_leaves=31
num_cat=0
split_feature=75 71 2 1 14 20 80 87 70 66 14 74 80 60 59 52 60 19 77 83 20 22 5 27 30 22 66 79 72 89
split_gain=2.68304 1.61158 1.90315 1.73831 1.52803 2.31688 2.01636 1.85848 2.06955 1.72433 1.57989 1.48238 1.41464 1.38037 1.55815 1.87373 1.48883 1.80994 1.3585 1.57784 1.46901 1.85425 1.54353 1.40714 1.2706 1.26962 2.05195 1.33725 1.26889 1.2622
threshold=0.43144999444484716 4.5000000000000009 -0.07077500224113463 0.011285000015050175 0.0023164999438449745 0.29694999754428869 0.85394999384880077 0.9032999873161317 0.73344999551773082 -0.052704999223351472 -0.086434997618198381 -0.016440000385046002 0.50564998388290416 -0.023084999993443486 0.98214998841285717 0.95625001192092907 0.0033599999733269219 0.4585500061511994 0.90154999494552623 0.1495499983429909 0.63365000486373912 -0.52009999752044667 0.36875000596046453 0.88005000352859508 0.83055001497268688 -0.64910000562667836 0.02387499995529652 0.17754999548196795 3.5000000000000004 0.019020000472664837
decision_type=2 10 2 2 2 2 10 2 10 2 2 10 8 2 10 8 2 2 2 10 2 2 2 10 8 2 2 2 10 2
left_child=1 3 13 -1 7 12 9 8 10 -7 -2 -4 -6 14 15 -3 17 28 19 -11 21 -20 -22 -23 -8 26 -21 -27 -15 -19
right_child=4 2 11 -5 5 6 24 -9 -10 18 -12 -13 -14 16 -16 -17 -18 29 20 25 22 23 -24 -25 -26 27 -28 -29 -30 -31
leaf_value=-0.00028782166819174294 0.00026066542757558056 0.00036888679314014391 -5.9556756567036928e-05 0.0012947351044293284 -1.4065879443679867e-05 0.00038876746383973614 0.00017443055008753826 -0.001667911528261684 -4.7240331335827564e-05 0.00067504110564421715 -0.00077242398686385371 0.00029746526881051498 0.00046316972206168858 0.00050681751695251759 0.0011020937030293031 -0.0035378521411218592 0.00015580198577070466 0.00028610892514013803 0.0015273419952787021 -0.00082456020665303497 -0.0034757399005062844 -0.0019699000391905307 -0.00046421194855086792 -0.00054694069435132361 0.001892230120575885 -0.001245503780426485 0.0030179691255357156 -0.00029472718403594783 0.0021996830433197675 0.0023499578889212684
leaf_weight=9633 1603 203 18797.5 667 11199 2939 6793 846 17490 1516 7875 23615.5 11160.5 3981.5 279 241 2922 346 339 243 349 738 273 4082 410 1475 256 13603 442 1167
leaf_count=9633 1603 203 18796 667 11199 2939 6793 846 17488 1516 7874 23600 11158 3971 279 241 2919 346 339 243 349 738 273 4082 410 1475 256 13603 442 1167
internal_value=8.71703e-06 0.000157596 0.00022551 -0.000185224 -0.000102768 -1.16439e-05 -0.000171334 -0.000284181 -0.000240713 -0.000295178 -0.00059769 0.000139235 0.000224151 0.000607355 -0.000652377 -0.00175485 0.000710232 0.000983055 -0.000383068 -0.000248588 -0.000780581 -0.000614267 -0.00215683 -0.000765176 0.000272458 -0.000338516 0.00114885 -0.000387813 0.000676429 0.00187849
internal_weight=145484 62294.5 51994.5 10300 83189.5 55375.5 33016 27814 26968 25813 9478 42413 22359.5 9581.5 723 444 8858.5 5936.5 22874 17093 5781 5159 622 4820 7203 15577 499 15078 4423.5 1513
internal_count=145448 62264 51964 10300 83184 55373 33016 27811 26965 25813 9477 42396 22357 9568 723 444 8845 5926 22874 17093 5781 5159 622 4820 7203 15577 499 15078 4413 1513
is_linear=0
shrinkage=0.03


Tree=39
num_leaves=31
num_cat=0
split_feature=67 53 87 28 71 17 87 17 7 89 85 0 59 10 3 82 52 58 21 58 25 85 3 61 89 14 28 63 60 74
split_gain=2.76503 2.72289 3.27327 3.16679 1.89692 1.78382 1.72177 2.06429 1.65249 1.79263 1.58084 1.49046 1.96199 3.09543 1.92982 1.52356 1.47065 1.45751 1.74153 1.64331 1.52033 1.43005 1.41818 1.41658 1.40783 1.40071 1.95361 1.81314 1.58152 1.29198
threshold=0.43784999847412115 -0.016184999607503411 0.74044999480247509 20.445000648498539 525.50000000000011 -0.027104999870061871 0.97734999656677257 -0.088364999741315828 0.23114999383687976 0.75214999914169323 0.82284998893737804 -0.0072004999965429297 0.53295001387596141 0.75454998016357433 -0.02705499995499849 0.90125000476837169 1.4024999737739565 28.154999732971195 0.43954999744892126 13.734999656677248 15.994999885559084 0.13755000382661822 -0.013735000044107435 0.016724999994039539 0.97904998064041149 -0.15945000201463697 17.07499980926514 -0.0031155000906437631 -0.015734999440610405 0.074174996465444579
decision_type=10 8 2 10 8 2 2 2 10 2 10 2 10 2 2 2 8 10 2 10 2 10 2 2 2 2 10 2 2 10
left_child=4 2 25 8 11 6 16 -8 22 23 -5 -1 13 14 17 -15 -6 18 20 -20 -13 -4 -3 -10 -23 26 27 -2 -28 -14
right_child=1 3 21 10 5 -7 7 -9 9 -11 -12 12 29 15 -16 -17 -18 -19 19 -21 -22 24 -24 -25 -26 -27 28 -29 -30 -31
leaf_value=0.00013833918528644609 -0.002669536269292705 -0.00014974656750796377 -0.0023424254699351871 -0.0001604111701156586 -0.0007229963532241389 0.0013481530343721572 -0.0039909175812703123 -6.2759205226621558e-05 0.00093548276134033676 0.00012251716629998677 0.0005066517391544887 -0.0022185911677942999 -9.6914457814153253e-07 -0.00094688567330950262 -0.00015525515812390007 -0.0037477497150117918 0.00017200523868335859 0.0011905358353512905 -0.0038806819826238182 -0.0012138876159776566 -0.00043343675610530764 -0.00055141691706032242 0.00041168006801082678 -0.00093650129074896024 -0.0029787425656642944 -6.199253711720187e-05 -0.00044247682841365134 0.00098430174502120178 0.0022172356440702196 0.0012732219091902105
leaf_weight=18096.5 226 6098 520 18983 7280 436 285 208 9847 4079.5 3844 495 15451 353 16305 347 2137 300 316 609 3203 4112 12050 377 226 16658 265 264 831 750
leaf_count=18093 226 6095 520 18976 7280 436 285 208 9847 4079 3841 495 15451 353 16305 347 2137 300 316 609 3203 4112 12050 377 226 16639 265 264 831 750
internal_value=-1.23871e-05 0.000108366 -0.000165147 0.000222673 -0.000154559 -0.00052786 -0.000610525 -0.00233708 0.000413109 0.000654239 -4.80625e-05 -8.58607e-05 -0.00019227 -0.000377238 -0.000312452 -0.00233868 -0.000519897 -0.000832951 -0.00096449 -0.00212813 -0.000672926 -0.000857081 0.000223034 0.00086637 -0.000678532 1.91374e-05 0.00087076 -0.000702943 0.00157433 5.80925e-05
internal_weight=144952 78380.5 23102 55278.5 66571.5 10346 9910 493 32451.5 14303.5 22827 56225.5 38129 21928 21228 700 9417 4923 4623 925 3698 4858 18148 10224 4338 18244 1586 490 1096 16201
internal_count=144916 78348 23083 55265 66568 10346 9910 493 32448 14303 22817 56222 38129 21928 21228 700 9417 4923 4623 925 3698 4858 18145 10224 4338 18225 1586 490 1096 16201
is_linear=0
shrinkage=0.03


Tree=40
num_leaves=31
num_cat=0
split_feature=67 8 56 80 51 71 56 53 66 77 15 0 4 51 25 82 71 25 87 7 62 8 26 75 0 57 6 45 76 63
split_gain=2.79128 2.72952 2.51846 2.11021 2.04594 1.98305 2.28221 1.95823 1.90467 1.86824 1.83424 2.31472 1.53452 1.97585 1.50797 1.48621 1.46559 1.62798 1.49845 1.44872 1.71399 1.44767 1.75328 1.44497 1.89382 2.15026 1.4315 1.42964 1.78467 1.53798
threshold=0.73304998874664318 0.039395000785589225 1.0000000180025095e-35 0.22245000302791598 1.6104999780654909 119.50000000000001 -0.051929999142885201 0.2864499986171723 -0.018904999829828736 0.97955000400543224 -0.15634999424219129 0.015554999932646753 0.035335000604391105 -0.32455000281333918 38.034999847412116 0.93485000729560863 6.5000000000000009 19.515000343322757 0.84575000405311596 -0.16064999997615811 -0.054940000176429742 -0.079015001654624925 0.086714997887611403 0.31919999420642858 -0.017775000073015686 0.18649999797344211 0.40025000274181372 0.46965000033378607 0.50585001707077037 0.021050000563263897
decision_type=10 2 10 10 10 8 8 10 2 2 2 2 2 8 2 2 8 2 2 10 2 2 2 2 2 10 10 2 2 2
left_child=1 3 -2 5 9 6 8 27 -1 12 23 -12 13 -3 19 -15 18 -18 -14 20 -10 -7 -23 24 25 -5 -13 28 -8 -29
right_child=2 4 -4 10 -6 21 7 -9 14 -11 11 26 16 15 -16 -17 17 -19 -20 -21 -22 22 -24 -25 -26 -27 -28 29 -30 -31
leaf_value=-0.00020384586981047291 -9.1624108050678623e-05 0.0013375102401684711 0.00076769844533077349 0.0017261981861324978 0.0024221165897625758 0.0014759615484418957 -0.00036803436389672931 0.0012334812640375547 -0.00094503919272135727 -0.0013684947657153529 0.00011430651155124018 -0.00061717646550719929 -0.00082668528073554621 -0.00073233604005750353 0.0031249252935423391 -0.0026367187621886843 0.00048944132571729338 -0.00045122206912143079 0.0013622046880068825 -0.00034532757926172055 0.0021200867707464668 -0.0024608637140270287 -0.00065653931527533702 0.00011409052207692705 0.0017704925753540897 -0.00077690442041728586 4.4949844300707323e-05 -9.934857226470715e-05 -0.0015039702100642337 0.0020069742054062839
leaf_weight=1442 5122.5 388 7657 513 231 252 6902 785 203 1673 70353 6920 383 4766 317 399 2115 7615 1055 575 847 542 4532 2721 1590 773 5107 7794 1518 324
leaf_count=1442 5121 388 7657 513 231 252 6902 785 203 1673 70318 6920 383 4766 317 399 2115 7615 1055 575 847 542 4532 2721 1590 773 5107 7794 1518 324
internal_value=-1.52022e-07 -4.0952e-05 0.00042327 1.40554e-05 -0.000377654 -0.000223205 -9.03997e-05 -0.000229607 0.000622072 -0.000412944 8.42642e-05 4.85554e-05 -0.000317262 -0.000724782 0.00123513 -0.000879933 -0.000114586 -0.000246722 0.000779042 0.000864783 0.00152716 -0.000739426 -0.000849723 0.000609745 0.00107848 0.000222177 -0.000336039 -0.000299125 -0.000572981 -1.50456e-05
internal_weight=145414 132635 12779.5 114010 18625 26033 20707 17323 3384 18394 87977 82380 16721 5553 1942 5165 11168 9730 1438 1625 1050 5326 5074 5597 2876 1286 12027 16538 8420 8118
internal_count=145378 132600 12778 113975 18625 26033 20707 17323 3384 18394 87942 82345 16721 5553 1942 5165 11168 9730 1438 1625 1050 5326 5074 5597 2876 1286 12027 16538 8420 8118
is_linear=0
shrinkage=0.03


Tree=41
num_leaves=31
num_cat=0
split_feature=80 12 56 75 53 52 58 49 39 9 60 74 28 50 80 58 26 31 53 0 52 61 28 85 42 62 50 68 50 67
split_gain=3.27478 2.47972 2.95085 2.24373 2.28116 1.9633 1.90804 1.74406 1.60811 1.55405 1.76279 1.64274 1.53308 1.69757 1.51057 1.54694 1.47506 1.69219 1.43779 1.41752 1.7475 1.55458 1.38651 1.36876 1.51438 1.54504 1.38155 1.36219 1.33419 1.44434
threshold=0.55314999818801891 0.44544999301433569 -0.051929999142885201 0.87344998121261608 0.2864499986171723 1.9074999690055849 44.510000228881843 0.10125000029802324 0.024834999814629558 -0.096895001828670488 0.011479999870061876 -0.014704999979585407 18.704999923706058 0.11914999783039094 0.66315001249313366 31.960000038146976 0.90784999728202831 0.09472499787807466 0.3368500024080277 0.060395000502467162 0.92524999380111705 -0.021414999850094315 20.445000648498539 0.6772499978542329 -0.16115000098943708 0.040540000423789031 -0.026455000042915341 0.67524999380111705 0.072664998471736922 0.65674999356269848
decision_type=10 2 8 2 10 8 8 10 2 2 2 10 10 8 10 10 2 10 10 2 10 2 10 10 2 2 10 8 8 10
left_child=3 9 5 4 23 16 7 -6 -4 10 27 -11 13 14 -10 -16 -3 -18 -9 21 -21 -5 -13 -1 25 26 -25 -2 29 -14
right_child=1 2 8 19 6 -7 -8 18 12 11 -12 22 28 -15 15 -17 17 -19 -20 20 -22 -23 -24 24 -26 -27 -28 -29 -30 -31
leaf_value=-0.00019771240120129344 0.0019826212711440212 -0.00031355804518438664 0.00053183900842853152 -0.0022440391547017286 0.0010100308502388816 -0.0033272609591949729 0.0023360177764546993 0.0008974749098541871 -0.00033948383120740755 7.9655997073458664e-05 -0.0012585497686011186 0.0008661662015800591 -0.00032862866698994648 -0.0018011160127003678 0.00093874323594916561 -0.0011185739903922089 0.00064515878678362041 -0.0025528659235824493 -0.00097929989171434634 -0.0033285918732741428 -0.000434319413489403 -0.00035912757660649361 0.00025409183601503006 0.0022419477390469558 1.2865919555589918e-05 -0.00056219039862269481 0.00040275471456773193 -7.926175690954551e-05 0.0005070610370694487 0.00077428871075533776
leaf_weight=45978.5 1317.5 4359 6442 412 1847 235 514 558 1429 13626.5 231 6406 14298 299 4207 356 200 578 1071 355 398 8495 6940 778 18661.5 495 697 369 2451 1154
leaf_count=45978 1315 4359 6441 412 1847 235 514 558 1429 13622 231 6400 14298 299 4207 356 200 578 1071 355 398 8495 6918 778 18660 495 697 369 2451 1154
internal_value=4.57697e-06 0.000163038 -3.06814e-06 -0.000123554 -6.48771e-05 -0.00065155 0.000631788 0.000379182 0.00011066 0.000370062 0.00119509 0.000311368 -1.50197e-06 0.00040132 0.000511503 0.000778024 -0.000528522 -0.00173098 -0.000336271 -0.000552345 -0.00180142 -0.000446558 0.000547927 -0.000106617 9.63947e-05 0.000887242 0.00137371 0.00153171 -0.000143065 -0.000246215
internal_weight=145158 64898 36008 80260 70600 5372 3990 3476 30636 28890 1917.5 26972.5 24194 6291 5992 4563 5137 778 1629 9660 753 8907 13346 66610 20631.5 1970 1475 1686.5 17903 15452
internal_count=145120 64862 36007 80258 70598 5372 3990 3476 30635 28855 1915 26940 24194 6291 5992 4563 5137 778 1629 9660 753 8907 13318 66608 20630 1970 1475 1684 17903 15452
is_linear=0
shrinkage=0.03


Tree=42
num_leaves=31
num_cat=0
split_feature=67 71 53 28 8 85 12 50 49 57 19 77 45 58 52 56 52 58 64 77 56 80 65 58 7 50 8 80 64 3
split_gain=2.04792 2.75915 2.42505 2.89486 2.12099 2.21615 1.95489 2.0984 1.82971 1.88749 1.8259 1.81968 1.91508 1.75877 3.2764 1.70309 1.66739 2.61108 1.93111 1.60515 1.56866 1.4573 1.44205 1.44027 1.4344 1.41415 1.41009 1.34528 1.49818 1.33706
threshold=0.33885000646114355 516.50000000000011 0.078594997525215163 19.884999275207523 0.040145000442862518 0.86524999141693126 0.78775000572204601 -0.087044999003410325 -0.17324999719858167 0.097070001065731062 0.54655000567436229 0.97635000944137584 0.024875000119209293 19.244999885559086 1.0594999790191653 0.17175000160932544 1.2304999828338625 20.085000038146976 0.021519999951124195 0.98734998703002941 0.014665000140666963 0.94024997949600231 0.012054999824613334 19.125000000000004 -0.063315000385045991 -0.064405001699924455 0.04852499999105931 0.89564999938011181 0.0055115001741796741 0.16585000604391101
decision_type=10 8 8 10 2 10 2 8 8 10 2 2 2 10 10 8 10 10 2 2 8 10 10 10 10 10 2 8 2 2
left_child=1 13 4 11 5 15 7 -3 -6 -10 -8 12 -4 14 -1 25 26 24 -19 29 -14 -11 23 -16 -18 -2 -15 -5 -29 -9
right_child=2 6 3 27 8 -7 10 19 9 21 -12 -13 20 16 22 -17 17 18 -20 -21 -22 -23 -24 -25 -26 -27 -28 28 -30 -31
leaf_value=0.00019256425782561434 0.00062858518738119506 0.0013061994938105145 -0.00091430090295073062 -5.0254915296168824e-05 0.0015778788606244318 0.00056336348778192335 0.0011398273678103288 -0.0010665044229801442 0.00080548075063202878 -0.0011234789352036504 -0.001281311534611242 -0.0014645650987384013 0.0013500822325236183 0.00017146437368119913 -0.00041367441508024681 -0.0020460463050906469 0.0045792677682315501 0.00066644322128393081 -0.0022243700491656323 -0.0034300006258808358 0.00052193568952614274 0.001064753435903742 -0.0020032033058017115 -0.0025095068944253878 0.0012678938427749258 -7.4907152284454611e-05 -0.00083674606763460828 0.00018686031867287095 0.0017928750495244117 0.00038253390655099958
leaf_weight=9931 2725.5 373 753 20509 321 5934.5 905 5374 610 4050 405 404 2362 8253 11396 381 225 2911 223 236 16010 293 577 302 248 45293 1470 1638 767 641
leaf_count=9930 2724 373 753 20509 321 5925 905 5374 610 4050 405 404 2362 8253 11395 381 225 2911 223 236 16010 293 577 302 248 45272 1470 1638 767 641
internal_value=1.04487e-05 -0.000161985 8.39002e-05 0.000257207 -3.95025e-05 1.62556e-05 -0.000667775 -0.000877172 -0.000613829 -0.000756162 0.000390901 0.000525572 0.000567687 -4.90439e-05 -0.000212561 -5.08383e-05 0.000223348 0.000774125 0.000460103 -0.00100764 0.000628474 -0.000975639 -0.000540313 -0.000467991 0.00284941 -3.49651e-05 1.89648e-05 2.84732e-05 0.000699581 -0.000912047
internal_weight=145521 43470 102051 42443 59608 54334 7934 6624 5274 4953 1310 19529 19125 35536 22206 48399.5 13330 3607 3134 6251 18372 4343 12275 11698 473 48018.5 9723 22914 2405 6015
internal_count=145487 43468 102019 42443 59576 54302 7934 6624 5274 4953 1310 19529 19125 35534 22204 48377 13330 3607 3134 6251 18372 4343 12274 11697 473 47996 9723 22914 2405 6015
is_linear=0
shrinkage=0.03


Tree=43
num_leaves=31
num_cat=0
split_feature=75 67 49 80 75 85 57 61 76 70 39 71 1 6 0 24 60 6 23 45 59 74 77 69 48 59 76 31 11 82
split_gain=2.6412 2.04656 2.48148 1.88477 1.95385 2.08494 1.8346 1.61967 1.44233 1.46977 1.64115 1.38514 1.64245 1.63366 1.37574 1.36338 1.47793 1.541 1.34002 1.31549 1.45478 1.44786 1.47813 1.29262 1.27169 1.4502 1.24989 1.22701 1.2219 1.21656
threshold=0.69415000081062328 0.67425000667572033 -0.26164999604225153 0.94024997949600231 0.99805000424385082 0.52105000615119945 0.15600000321865085 -0.011390000116080044 0.25425000488758093 0.96205002069473278 0.03472499921917916 4.5000000000000009 -0.06354499980807303 0.33114999532699591 0.060395000502467162 0.0046365000307559976 0.014864999800920488 -0.02920500002801418 35.965000152587898 0.94134998321533214 0.72364997863769542 0.084194999188184752 0.99445000290870678 0.9004499912261964 1.0715000033378603 0.77975001931190502 0.99094998836517345 0.26815000176429754 0.036885000765323646 0.93134999275207531
decision_type=2 10 10 10 2 10 10 2 2 8 2 10 2 10 2 2 2 8 2 2 10 10 2 8 2 10 2 10 2 2
left_child=1 11 6 4 5 14 -3 -5 9 -4 -11 -1 13 23 15 16 17 -2 -10 21 -21 22 26 -13 25 -9 -7 -6 -22 -14
right_child=3 2 8 7 27 19 -8 24 18 10 -12 12 29 -15 -16 -17 -18 -19 -20 20 28 -23 -24 -25 -26 -27 -28 -29 -30 -31
leaf_value=-0.00026586982146800122 -0.0013555067592242152 -0.003793512337684336 0.00037583340099089934 -0.0012478411615973947 -0.00099144806096692207 5.4826518578979651e-05 -0.00033790120495343052 0.0017706230636491144 -0.00093904560567898429 0.0007775614619768311 0.0023656180695757678 0.0010881694181393857 5.5072631378876289e-05 0.0012232607776694803 -0.0019722314271854989 -9.5734254793182404e-05 0.00079139819422997294 -0.00050361387901597836 0.0003725281789337618 -0.0001985223788088306 -0.00039210910301723631 0.0017369768460725197 -0.0021994314923189408 -2.6317945279648792e-05 3.4270208881864288e-05 -0.00049878600827908172 0.0021096022767607618 -0.0038346112001196395 -0.0024561570264959921 -0.00053406839361944038
leaf_weight=12753 2541 201 2385 415 421 15808 439 1271 759 1440 988 1206 61713 2022 526 7164 621 7710 9049 4424 505 472 257 4181 1232 316 270 202 528 3323.5
leaf_count=12753 2541 201 2385 415 421 15808 439 1271 758 1440 988 1206 61696 2020 526 7164 621 7710 9048 4424 505 472 257 4168 1232 316 270 202 528 3322
internal_value=-5.61757e-06 7.97318e-05 0.000399655 -0.000197504 -0.00025193 -0.00022646 -0.0014274 0.000499929 0.000479723 0.000905027 0.00142448 2.24221e-05 7.31748e-05 0.000496358 -0.000461246 -0.000417073 -0.000628788 -0.000714891 0.000270946 -3.07022e-05 -0.000435357 0.000100702 5.33179e-05 0.000223341 0.000757579 0.00131871 8.94617e-05 -0.00191798 -0.00144847 2.49586e-05
internal_weight=145142 100460 15261 44683 41449 40826 640 3234 14621 4813 2428 85198.5 72445.5 7409 18562 18036 10872 10251 9808 22264 5457 16807 16335 5387 2819 1587 16078 623 1033 65036.5
internal_count=145107 100424 15259 44683 41449 40826 640 3234 14619 4813 2428 85165 72412 7394 18562 18036 10872 10251 9806 22264 5457 16807 16335 5374 2819 1587 16078 623 1033 65018
is_linear=0
shrinkage=0.03


Tree=44
num_leaves=31
num_cat=0
split_feature=80 54 66 56 1 63 41 61 20 28 0 21 14 48 7 58 64 63 80 28 21 65 22 28 61 51 56 10 46 85
split_gain=2.54791 3.08706 2.04334 1.94088 1.94057 1.91992 1.85007 1.82968 1.92204 2.23372 1.81103 1.78977 1.75744 1.71514 1.49468 1.44947 1.44901 1.42778 1.42253 1.2872 1.32669 1.62687 1.28729 1.28546 1.26683 1.34548 1.21444 1.18969 1.52932 1.18868
threshold=0.57725000381469738 -0.059445001184940331 -0.015279999934136866 -0.043175000697374337 -0.057284999638795846 -0.037085000425577157 -0.043625000864267342 0.005203499924391509 0.30644999444484716 17.134999275207523 0.0073885000310838231 0.70995000004768383 -0.0023224999895319338 0.67794999480247509 0.23114999383687976 24.635000228881839 -0.0052769999019801608 0.013745000120252373 0.19375000149011615 17.255000114440922 0.39814999699592596 0.0037310000043362383 -0.40854999423027033 22.685000419616703 -0.013995000161230562 -0.122249998152256 0.13374999910593036 0.12804999947547915 0.4618500024080277 0.23945000022649768
decision_type=10 10 2 8 2 2 2 2 2 10 2 2 2 2 10 8 2 2 10 10 2 10 2 10 2 10 10 2 2 10
left_child=1 2 5 6 7 -1 17 8 -2 -10 -3 27 16 -14 -13 19 18 -4 -5 -7 26 -22 -23 -15 -17 -26 -21 28 -6 -18
right_child=4 10 3 12 11 15 -8 -9 9 -11 -12 14 13 23 -16 24 29 -19 -20 20 21 22 -24 -25 25 -27 -28 -29 -30 -31
leaf_value=-0.0022917879587193162 -0.00029263032783734825 -0.00013133406502996214 0.00096463455462182483 -0.0013711555731597681 -0.00015226721412136112 -0.0013143717057874458 -0.0002438870014872291 -0.00016740079037629949 -0.0010296991644954344 0.0016216422094797061 -0.00052167210201826345 0.00081539145269783207 0.0012384011516966538 0.00032591039081352683 -0.0021647055378947052 -0.00064843070287539512 -0.0004784753812705574 0.0027096805921489639 -9.3439891085821529e-05 -6.8951639503296913e-05 -0.001608379891026536 0.0014796678706056618 -0.0013080899232694066 -0.0017676123661497099 0.001580535117739628 -0.00010804879531973152 0.0022649550796958848 6.4604135514557915e-05 0.00082059670973257885 0.00033989069565457054
leaf_weight=385 793.5 31716 2164 1361 2183 1021 934 1622 317 2865.5 16142 208 2010 6585 552 623 2191 524 1849 6546.5 1118 356 255 274 1088 696 206 48507.5 4353.5 5888
leaf_count=385 783 31716 2164 1361 2183 1021 934 1622 317 2859 16142 208 2010 6585 552 623 2191 524 1849 6544 1118 356 255 274 1088 696 206 48491 4353 5888
internal_value=2.39697e-06 -0.00010504 0.000104517 0.000266859 0.000149255 -0.000209481 0.00090615 0.000681694 0.00102804 0.00135731 -0.000262999 9.58323e-05 0.000151952 0.000467957 -0.0013491 -0.000141979 -9.63312e-05 0.0013057 -0.000635434 -0.000308551 -0.000187329 -0.000928559 0.000315965 0.000242034 0.000515478 0.000922069 2.5742e-06 0.000115807 0.000495715 0.000117921
internal_weight=145334 83932.5 36074.5 23780 61402 12294.5 3622 5598 3976 3182.5 47858 55804 20158 8869 760 11909.5 11289 2688 3210 9502.5 8481.5 1729 611 6859 2407 1784 6752.5 55044 6536.5 8079
internal_count=145298 83930 36072 23780 61368 12292 3622 5581 3959 3176 47858 55787 20158 8869 760 11907 11289 2688 3210 9500 8479 1729 611 6859 2407 1784 6750 55027 6536 8079
is_linear=0
shrinkage=0.03


Tree=45
num_leaves=31
num_cat=0
split_feature=81 75 58 63 21 66 17 71 77 39 48 65 77 66 11 6 21 66 71 17 39 68 32 65 63 27 4 27 16 85
split_gain=2.79369 2.75442 2.05108 2.01107 1.98158 1.97569 1.78312 1.98338 1.83966 1.81789 2.79443 2.3157 1.6843 1.64911 1.51714 1.48935 2.03698 2.00771 1.66297 1.56022 1.46717 1.51347 1.45504 1.61473 1.42548 1.41324 1.38573 1.37856 1.68691 1.33768
threshold=0.039349999278783805 0.39094999432563787 14.414999961853029 0.01354499999433756 0.41544999182224279 -0.019284999929368492 -0.066744998097419725 129.50000000000003 0.99805000424385082 0.037094999104738242 1.0364999771118166 0.0019719999982044105 0.85535001754760753 -0.024594999849796292 0.042934998869895942 -0.45855000615119929 0.63214999437332164 0.019134999252855781 465.50000000000006 -0.38564999401569361 0.03472499921917916 0.67835000157356273 0.056634999811649329 -0.00065090000862255682 0.043360000476241119 1.2034999728202822 0.11855000257492067 0.86384999752044689 -0.17214999347925183 0.83775001764297496
decision_type=2 2 10 2 2 2 2 8 2 2 2 10 2 2 2 8 2 2 8 2 2 10 8 10 2 10 2 8 2 10
left_child=2 20 4 5 -1 29 8 9 15 -8 11 -11 22 -6 -13 17 -17 -3 -18 -20 21 -2 -7 -24 -22 26 -23 -25 -29 -4
right_child=1 6 3 -5 13 12 7 -9 -10 10 -12 14 -14 -15 -16 16 18 -19 19 -21 24 25 23 27 -26 -27 -28 28 -30 -31
leaf_value=-0.00043753998371539633 -2.417724169480145e-05 -5.1234176831452975e-05 -0.0010854966519854633 0.0013936234703536493 -0.00051294161277192255 0.0025315384061892249 0.00014191847520295995 0.00078657996454017064 -0.0028125494336858582 0.0011543508038157596 -0.0013602140833865433 -0.0026886534506558894 -0.0025878169895138781 -0.003266527309026429 9.1497580433828681e-05 -0.00015331088478435544 -0.00052021015731456752 0.0022884683713362943 -0.0001351044668642521 -0.0032445074165648349 0.00033077754828440066 4.9327640964682879e-06 -0.0011903106832263284 -0.00052188279324692191 0.0022073277425920792 0.0019735070992478801 0.0022248218185424605 0.0033649529291964742 3.5786575088942687e-05 -0.0037462051587868225
leaf_weight=819 26529 916 768 553 278 218 18353 3503 236 1079 1975 295 211 664 438 57492.5 1463 515 208 481 23889.5 1679 684 454 369 627 297 275 272 218
leaf_count=819 26505 916 768 553 278 218 18350 3503 236 1079 1975 295 211 664 438 57491 1463 515 208 481 23885 1679 684 454 369 627 297 275 272 218
internal_value=-8.3285e-06 1.74697e-05 -0.000676965 -0.000271382 -0.00151767 -0.000568752 -8.66716e-05 0.000123389 -0.000174528 1.8428e-05 -0.000579926 0.000270836 -5.13159e-05 -0.0024553 -0.00102953 -0.000164289 -0.000187241 0.000791807 -0.00109321 -0.00230738 0.000187078 4.35665e-05 0.000231137 -6.78071e-05 0.000359412 0.000733735 0.000339547 0.000699641 0.00171259 -0.00167697
internal_weight=145759 140345 5414 3653 1761 3100 86954.5 25643 61311.5 22140 3787 1812 2114 942 733 61075.5 59644.5 1431 2152 689 53390.5 29132 1903 1685 24258.5 2603 1976 1001 547 986
internal_count=145726 140312 5414 3653 1761 3100 86950 25640 61310 22137 3787 1812 2114 942 733 61074 59643 1431 2152 689 53362 29108 1903 1685 24254 2603 1976 1001 547 986
is_linear=0
shrinkage=0.03


Tree=46
num_leaves=31
num_cat=0
split_feature=80 45 48 8 53 25 42 58 23 64 58 65 58 52 71 87 20 52 5 7 26 3 4 31 58 67 87 43 71 58
split_gain=2.02482 2.38201 2.55836 1.87937 2.68834 1.81995 1.76892 1.69851 2.20196 1.67576 2.18854 2.18129 1.99907 2.25925 1.79492 2.09362 1.86483 1.57508 1.5378 1.50579 1.4527 1.3518 1.68322 1.344 1.35019 1.78419 1.59313 1.33094 1.31999 1.38977
threshold=0.2144500017166138 0.11105000227689744 1.1315000057220461 0.040145000442862518 0.020945000462234024 14.055000305175783 -0.1060499995946884 11.904999732971193 83.954998016357436 -0.037419999018311494 29.789999961853031 0.010245000012218954 37.620000839233406 0.82125002145767223 29.500000000000004 0.58474999666214 0.62395000457763683 1.813499987125397 -0.43475000560283655 -0.35664999485015864 0.69174998998641979 -0.015465000178664921 -0.12545000016689298 0.03448500111699105 19.539999961853031 0.82074999809265148 0.76405000686645519 0.055725000798702247 2.5000000000000004 28.565000534057621
decision_type=10 2 2 2 10 2 2 8 2 2 10 8 10 10 8 2 2 10 2 10 2 2 2 10 8 8 2 2 8 10
left_child=1 2 -1 6 5 -5 28 -6 20 -3 14 12 13 -12 21 -16 -17 -8 -4 -13 -9 22 -11 -7 25 -25 -26 -19 -2 -30
right_child=3 9 18 4 7 23 17 8 -10 10 11 19 -14 -15 15 16 -18 27 -20 -21 -22 -23 -24 24 26 -27 -28 -29 29 -31
leaf_value=-0.0015319944552702662 -0.0015199756233487279 -0.0023046881651520848 0.0019299346899383305 0.0019374009294407717 0.0012053739815001197 0.0013429537297464733 7.5618909715194417e-05 -0.0018127883773125066 -0.0025398422423124965 0.00063334851079310599 0.001076723566041175 -0.0019820693675112926 0.00032694003088514043 0.0042780256100258852 -4.8376501880161581e-05 -0.00062389082379428311 -0.0027189680763171627 -0.0013256780443656521 -0.00042041813366577781 0.0012016642359193674 6.2974492588630608e-05 0.00043583206271803268 -0.00088953156088798541 -0.00033425480773394177 -0.00049137142582363048 -0.0028786781765894765 -0.0023287271660438298 0.001265435440798423 0.00078311693272946456 -3.9456755130926318e-05
leaf_weight=2379 284 309 290 201 976 214 88229 388 323 1003 471 353 814 343 8685 6606 405 1191 1801 214 8301 5901 1869 2176 650 279 1228 209 6616.5 2565
leaf_count=2379 284 309 290 201 976 214 88204 388 323 1003 471 353 814 343 8685 6606 405 1189 1801 214 8301 5901 1869 2176 650 279 1228 209 6607 2565
internal_value=-4.90704e-06 -0.000218006 -0.000859345 5.39579e-05 -0.000262137 -0.000849758 0.000100966 1.72571e-05 -0.000111535 -0.000111694 -8.61951e-05 0.000821045 0.00137895 0.00242927 -0.00016761 -0.000359696 -0.000745286 5.97723e-05 -9.36819e-05 -0.000780448 -2.09851e-05 0.000176059 -0.000357655 -0.000973363 -0.00108805 -0.000624472 -0.00169339 -0.000938235 0.000490977 0.000553338
internal_weight=145274 31443 4470 113830 14736 4748 99094.5 9988 9012 26973 26664 2195 1628 814 24469 15696 7011 89629 2091 567 8689 8773 2872 4547 4333 2455 1878 1400 9465.5 9181.5
internal_count=145237 31443 4470 113794 14736 4748 99058 9988 9012 26973 26664 2195 1628 814 24469 15696 7011 89602 2091 567 8689 8773 2872 4547 4333 2455 1878 1398 9456 9172
is_linear=0
shrinkage=0.03


Tree=47
num_leaves=31
num_cat=0
split_feature=75 60 67 56 3 6 52 77 56 53 44 64 61 27 85 67 54 60 18 12 44 21 79 88 9 58 81 77 61 8
split_gain=2.2055 1.57539 1.59088 1.92336 1.93362 1.58884 1.58519 1.5177 1.5168 1.52093 1.36029 1.35888 1.3266 1.3132 1.26962 1.26602 1.27899 1.24157 1.27936 1.84338 1.45463 1.54698 1.56455 1.56221 1.38258 1.58953 1.92964 1.36832 1.27873 1.45545
threshold=0.47070001065731054 0.028925000689923767 0.51354998350143444 -0.098445001989603029 0.016424999572336677 0.14414999634027484 1.7084999680519106 0.99805000424385082 0.049435000866651542 0.16544999927282336 -65.999999999999986 0.039610000327229507 0.0031439999584108595 1.5684999823570254 0.14574999362230304 0.44765000045299536 -0.12364999949932097 0.028925000689923767 1.6875000000000002 0.95364999771118175 94.000000000000014 0.6650499999523164 0.93674999475479137 0.76274999976158153 0.081735000014305129 21.369999885559086 0.45940001308918005 0.9126499891281129 0.0083805001340806502 0.036425000056624419
decision_type=2 2 8 10 2 10 8 2 10 10 2 2 2 10 10 10 10 2 2 2 2 2 2 2 2 10 2 2 2 2
left_child=1 2 3 15 8 11 -7 10 13 -10 14 12 -4 -5 -2 16 -1 18 24 20 21 22 -20 -24 -12 28 -27 -25 29 -26
right_child=7 -3 5 4 -6 6 -8 -9 9 -11 17 -13 -14 -15 -16 -17 -18 -19 19 -21 -22 -23 23 27 25 26 -28 -29 -30 -31
leaf_value=0.0029447681734197178 -0.0011930623503760649 -0.0010967311736778779 -0.00015842533807284415 -0.00013939333400670318 0.00023250799623180019 0.00054560151474395996 -0.00079042804665926968 -0.0016153831896811082 -0.00095056458462456381 8.0916399091944699e-06 -5.9600716244764614e-05 0.0022774914539200309 0.00035913616896552102 0.001292074535428884 -0.00028736398957233234 -0.00047227893859219249 0.00082239935429242908 0.0011590756976689032 0.00019236812155553034 0.0031849237269146696 -0.0011268653044930826 -0.0011292620858484722 0.00061966087700338242 0.0040505351151979806 0.0011793888997565496 -0.00010015088746068879 -0.0018355773378632074 0.0010933710556803094 0.00060128422771804689 -0.0006264921635035812
leaf_weight=365 1694 960 11255.5 11586 11032.5 15797 841 609 4456 2237 53399 248 7378 606 7825 406 851 736 2153 203 584 475 775 306 444 973 1415 262 1344 4130
leaf_count=365 1694 960 11245 11576 11032 15790 840 609 4456 2237 53397 248 7374 606 7825 406 851 736 2153 203 584 475 775 306 444 973 1415 262 1344 4130
internal_value=-1.52803e-05 0.00010932 0.000126602 -2.84647e-05 -8.30269e-05 0.00026429 0.000478026 -0.000124883 -0.000267363 -0.0006302 -0.00011303 7.59352e-05 4.65132e-05 -6.81425e-05 -0.00044865 0.000977358 0.00146136 -6.54818e-05 -7.90596e-05 0.000394887 0.000269874 0.000475519 0.00069382 0.00149697 -0.000115611 -0.000475648 -0.00112881 0.00269081 -0.000211942 -0.000450975
internal_weight=145346 68019 67059 31539.5 29917.5 35519.5 16638 77327 18885 6693 76718 18881.5 18633.5 12192 9519 1622 1216 67199 66463 4758 4555 3971 3496 1343 61705 8306 2388 568 5918 4574
internal_count=145311 67986 67026 31529 29907 35497 16630 77325 18875 6693 76716 18867 18619 12182 9519 1622 1216 67197 66461 4758 4555 3971 3496 1343 61703 8306 2388 568 5918 4574
is_linear=0
shrinkage=0.03


Tree=48
num_leaves=31
num_cat=0
split_feature=67 80 56 66 78 58 15 8 57 76 7 45 4 41 28 12 4 66 75 74 65 31 7 56 58 4 11 65 60 7
split_gain=2.2862 2.34875 1.89509 2.25207 2.01919 1.89565 1.79629 2.53409 1.93152 1.7311 1.73098 1.69795 1.67639 1.59701 1.54979 2.08788 1.92212 1.74693 1.49074 1.48922 1.48588 1.6163 1.59882 1.47046 1.44427 1.40466 1.39642 1.34354 1.49896 1.41236
threshold=0.69734999537467968 0.2144500017166138 -0.050470000132918351 -0.013249999843537806 0.38345000147819525 31.429999351501468 -0.12105000019073485 0.059034999459981925 0.74575001001358043 0.76265001296997081 -0.55674999952316273 0.18075000494718554 -0.017284999601542946 -0.19094999879598615 17.515000343322757 0.24145000427961352 0.027294999919831756 -0.018520000390708443 0.58454999327659618 0.0097199999727308767 0.002360999933443964 0.42964999377727514 -0.34594999253749842 0.18425000458955768 11.089999675750734 0.02566500008106232 0.062175000086426742 -0.0036455000517889853 0.013104999903589489 -0.16064999997615811
decision_type=10 10 10 2 2 10 2 2 8 2 8 2 2 2 10 2 2 2 2 10 10 8 8 10 10 2 2 10 2 8
left_child=1 2 3 -1 27 10 7 14 13 -2 -4 20 -11 -8 15 -3 17 -16 23 26 22 -22 -12 -13 -20 -14 -15 -5 29 -29
right_child=9 6 5 4 -6 -7 8 -9 -10 12 11 18 25 19 16 -17 -18 -19 24 -21 21 -23 -24 -25 -26 -27 -28 28 -30 -31
leaf_value=-0.00042218705192766825 0.00048825551343937841 -0.0017432511737955512 -0.0020351849452777326 -0.00046998952651724514 -0.00018788943490268803 0.00099189886109143661 0.0023516382801197903 -0.001753083773764471 0.0019917371800893474 -0.001484137775999669 -0.0034685871570222446 -8.3557890559746945e-05 0.0019364195372567536 -6.2120894170827152e-05 5.3766746728065016e-05 0.00056491776583735356 0.0030044311703969462 0.0010294299649923891 -0.0022096870360511899 0.00017640596053223627 0.00017471136778405045 -0.002097318318985221 -0.0011405141822351033 0.0018640518674687919 -0.00046461202034226145 -0.00016708218077397477 -0.00070969428100300675 0.002845796065657573 -0.00056178960822788736 0.00070292629507861821
leaf_weight=2496 13827.5 573 594 280 1125 865 256 449 435 784 306 8976 326 60935 2785.5 914 321 4057 450 25680 1381 353 1984 362 8002 2262 3151 884 209 404
leaf_count=2496 13827 573 594 280 1125 865 256 449 435 784 306 8976 326 60915 2785 914 321 4057 450 25663 1381 353 1984 362 8002 2262 3151 884 209 404
internal_value=1.48666e-05 -2.86978e-05 -0.000267949 0.000238453 0.000806617 -0.00038541 4.02055e-05 0.00044196 -2.13417e-07 0.000339635 -0.000438619 -0.000395053 -0.000269773 -9.86084e-06 0.000556083 -0.000325085 0.000739015 0.000632315 -0.000269142 -1.66216e-05 -0.000951497 -0.000288761 -0.00145298 -7.86469e-06 -0.000557773 9.85331e-05 -9.39716e-05 0.00143598 0.00179255 0.00217472
internal_weight=145427 128228 28671 5398 2902 23273 99556.5 9099.5 90457 17199.5 22408 21814 3372 90022 8650.5 1487 7163.5 6842.5 17790 89766 4024 1734 2290 9338 8452 2588 64086 1777 1497 1288
internal_count=145389 128190 28671 5398 2902 23273 99519 9099 90420 17199 22408 21814 3372 89985 8650 1487 7163 6842 17790 89729 4024 1734 2290 9338 8452 2588 64066 1777 1497 1288
is_linear=0
shrinkage=0.03


Tree=49
num_leaves=31
num_cat=0
split_feature=80 46 53 71 82 5 15 66 56 85 8 71 16 59 71 28 53 21 61 53 61 52 68 59 49 56 53 63 80 2
split_gain=2.02892 2.48427 1.95138 1.88358 2.0985 1.97684 2.76471 1.84086 1.86348 2.00524 1.82731 1.81712 1.58594 1.5454 1.52786 1.52165 1.80501 1.77114 2.04153 1.82378 1.66898 1.58655 1.77294 1.53865 1.5137 1.40906 1.48166 1.40145 1.39184 1.51469
threshold=0.55314999818801891 0.97044998407363903 0.21704999357461932 105.50000000000001 0.78654998540878307 -0.24825000017881391 -0.25785000622272486 -0.089805003255605684 0.054755000397562988 0.75824999809265148 -0.029554999433457848 1142.5000000000002 -0.10824999958276747 0.99799999594688427 5.5000000000000009 18.23499965667725 -0.021935000084340569 0.35074999928474432 0.015254999976605179 0.070845000445842757 0.014665000140666963 0.57394999265670787 0.61945000290870678 0.87799999117851268 0.14754999428987506 0.18425000458955768 0.24315000325441363 0.0026344999205321078 0.46314999461174017 -0.14764999598264691
decision_type=10 2 10 8 2 2 2 2 8 10 2 10 2 10 10 10 10 2 2 10 2 10 10 8 10 10 10 2 10 2
left_child=1 2 3 5 11 7 -7 -1 9 -9 14 -5 -3 -8 -2 16 -12 25 20 23 21 22 -19 -20 -4 -17 -27 -10 29 -6
right_child=10 12 24 4 28 6 13 8 27 -11 15 -13 -14 -15 -16 17 -18 18 19 -21 -22 -23 -24 -25 -26 26 -28 -29 -30 -31
leaf_value=-0.00099888384201180045 -0.00020531163340188862 -0.0025281760110020903 0.00063955497217224112 -0.00031637000450779128 0.0010633301682368352 -0.0035969876572284299 -7.7446369930195272e-05 0.00041051281141491402 -0.00151708567298202 0.0016741755126718665 -0.00022399746784549114 0.0013219604136824826 -0.00063521185422430067 -0.0015592244052516936 0.00068644167490736717 0.00017816124805374549 0.00061680127890310736 -0.0013678902003010911 -0.00092131259184312613 0.0014632008484165584 -0.0028437455763297651 -0.00019548704040761689 0.00084333073847522703 0.0015243692007725653 -0.00024923809647551111 -0.0033321523232529801 0.00020959547835625183 0.00090447676928220866 0.0006635894666982223 -0.0014050250160459786
leaf_weight=716 2218 454 5652 9105 240 203 47635.5 3359 585 1703 3275 652 3211 641 7838.5 23267 7698 2061 823 1133 236 15249.5 387 321 2481 212 212 339 388 3173
leaf_count=716 2218 454 5652 9105 240 203 47633 3359 585 1703 3275 652 3211 641 7819 23257 7698 2060 823 1133 236 15246 387 321 2481 212 212 339 388 3173
internal_value=-6.75645e-06 -0.000107356 -7.0969e-05 -0.000122961 -0.000439765 -4.51167e-05 -0.000111882 0.000437778 0.000609759 0.000835891 0.000118022 -0.000206766 -0.000870327 -9.71528e-05 0.000489761 4.98879e-05 0.000365859 -2.90943e-05 -0.000235394 0.000610604 -0.000342838 -0.000309329 -0.00101812 -0.000234336 0.000368428 0.0001469 -0.00156495 -0.000628638 -0.00103765 -0.00123119
internal_weight=145468 80537.5 76872.5 68739.5 13558 55181.5 48479.5 6702 5986 5062 64931 9757 3665 48276.5 10056.5 54874.5 10973 43901.5 20210.5 2277 17933.5 17697.5 2448 1144 8133 23691 424 924 3801 3413
internal_count=145432 80535 76870 68737 13558 55179 48477 6702 5986 5062 64897 9757 3665 48274 10037 54860 10973 43887 20206 2277 17929 17693 2447 1144 8133 23681 424 924 3801 3413
is_linear=0
shrinkage=0.03


Tree=50
num_leaves=31
num_cat=0
split_feature=87 52 80 68 76 23 72 56 28 31 71 64 5 61 60 65 6 8 14 3 60 86 58 11 66 56 53 58 60 59
split_gain=2.23722 2.49106 2.20344 1.71971 2.39748 1.54656 1.50605 1.72685 1.44381 1.90319 1.43923 2.30076 1.82919 2.20698 2.23708 1.84823 1.7822 1.7634 2.05862 1.69346 1.49873 1.46799 1.3992 1.39402 1.33253 2.00181 2.23802 2.152 1.89553 1.60978
threshold=0.97034999728202831 0.6439499855041505 0.89225000143051159 0.64904999732971203 0.77404999732971203 59.585000991821296 6.5000000000000009 -0.017939999699592587 20.304999351501468 0.090915001928806319 115.50000000000001 0.023440000601112846 -0.28464999794960016 0.015254999976605179 0.0066044998820871123 0.00019874999998137358 0.14784999936819079 0.031434999778866775 0.0015645000385120513 0.13145000487565997 0.019369999878108505 0.034855000674724586 21.085000038146976 0.037985000759363181 -0.014354999642819164 -0.035590000450611108 -0.054545000195503228 35.569999694824226 0.0011079999967478218 0.56144997477531444
decision_type=2 10 10 10 2 2 8 8 10 8 8 2 2 2 2 10 10 2 2 2 2 2 8 2 2 8 10 8 2 8
left_child=2 -2 3 10 5 6 7 -5 -4 -10 12 16 13 14 19 -16 -12 -14 -19 21 -15 -1 -6 -3 29 27 -27 -26 -28 -23
right_child=1 23 8 4 22 -7 -8 -9 9 -11 11 -13 17 20 15 -17 -18 18 -20 -21 -22 24 -24 -25 25 26 28 -29 -30 -31
leaf_value=-0.0010818113115609014 -0.001764786385952702 0.00081551468806263946 0.00064358523302088353 0.0038435657195153234 4.7850809561019481e-06 0.0011654960576091842 0.00020437167997169908 0.00059521087035701952 0.0010050200895842401 -0.00018921877118007971 -0.00065331313384186108 0.0011167099090121644 4.9751762911312587e-06 -0.0019953369359436788 0.00039503677981552187 0.0035241833450398818 -3.4303215880211602e-05 -0.001324007475655326 -0.00022517933172518179 -0.0021481694276919319 0.00043392309566783928 0.0018000451198872485 -0.0013063646432760717 -0.0005857176425340219 0.0031829275862087819 -0.0021305484025845233 5.4001706448616457e-05 -0.00012565275030835976 0.0034613168853064287 -0.0005065365715573373
leaf_weight=391 1307 866 7737 220 1937 2172 10594 443 1511 5838 9961 958 71729.5 474 276 442 7220 1761 11889 205 440 379 1177 2429 705 236 407 236 229 960
leaf_count=391 1307 866 7737 220 1937 2172 10593 443 1507 5836 9961 958 71704 474 276 442 7220 1761 11889 205 440 379 1177 2429 705 236 407 236 229 960
internal_value=-6.27599e-06 -0.00065709 1.50414e-05 -2.61559e-05 0.000258826 0.000432736 0.000291261 0.00167726 0.00035758 5.64275e-05 -6.94501e-05 -0.0003134 -2.06917e-05 0.000515781 0.000790652 0.00232356 -0.000393203 -5.4502e-05 -0.000367027 0.000496454 -0.000826694 0.000650036 -0.000491051 -0.000217307 0.000865144 0.00139502 0.000358758 0.00235389 0.00128436 0.000147191
internal_weight=145130 4602 140528 125442 16543 13429 11257 663 15086 7349 108898 18139 90759.5 5380 4466 718 17181 85379.5 13650 3748 914 3543 3114 3295 3152 1813 872 941 636 1339
internal_count=145097 4602 140495 125415 16542 13428 11256 663 15080 7343 108873 18139 90734 5380 4466 718 17181 85354 13650 3748 914 3543 3114 3295 3152 1813 872 941 636 1339
is_linear=0
shrinkage=0.03


Tree=51
num_leaves=31
num_cat=0
split_feature=0 74 67 53 80 50 15 66 83 58 86 52 18 65 41 7 17 61 54 64 5 30 8 0 62 57 86 69 59 31
split_gain=1.75245 1.72096 1.61414 1.71041 1.47514 1.86274 1.65303 2.86132 2.36126 1.59701 1.64476 1.59231 1.58244 1.84668 1.97864 1.51116 1.41894 2.20673 1.48555 1.57974 1.45376 1.40872 1.40622 2.92669 2.14441 1.59644 1.49774 1.46267 1.3904 1.34436
threshold=0.01494499994441867 0.038370000198483474 0.72845000028610241 0.16544999927282336 0.93264999985694896 -0.017734999768435952 -0.1524500027298927 0.0468250010162592 0.24685000628232959 18.704999923706058 0.45035000145435339 1.1184999942779543 0.40835000574588781 0.00048329999845009303 -0.074194997549056993 -0.091485001146793352 -0.11814999952912329 0.011089999694377186 -0.098894998431205736 -0.0073454999364912501 0.49375000596046453 0.81884998083114635 -0.070904999971389757 -0.04222499951720237 -0.054305000230669968 0.42149999737739569 0.41124999523162847 1.0625000000000002 0.52024999260902416 0.17654999345541003
decision_type=2 10 10 10 10 10 2 2 8 10 2 8 2 10 2 10 2 2 10 2 2 10 2 2 2 10 2 8 8 10
left_child=1 22 4 -4 6 -6 7 12 -9 16 -11 -12 13 14 -2 -13 18 -18 -8 -20 -19 -21 24 25 27 -24 -26 -1 -17 -7
right_child=2 -3 3 -5 5 29 9 8 -10 10 11 15 -14 -15 -16 28 17 20 19 21 -22 -23 23 -25 26 -27 -28 -29 -30 -31
leaf_value=0.00039396738690757407 0.0025395562642710526 0.00043164257773858406 0.00017536630891606936 0.002331646665944021 -0.0014091094723646409 0.0015713661561361672 0.00019830013443382599 0.0037229438710880153 4.2098807271129341e-05 6.3307622317161462e-05 -0.0012444023561096538 -0.001419941991267185 -0.0022087114294416792 -0.0006378879096046871 -0.00018074522561219636 -0.0011633150999176012 -0.00017360028764004022 0.00071292998658388409 0.0002648114582119785 -0.001283552134208332 0.0033093464570907488 0.00049448632823429557 -0.0013097062359126855 3.4302370143683564e-05 0.00067307622243234153 0.00099198835730708763 0.0025329623353747208 -0.0021180670204673452 0.0015284388855221153 -5.7333911780010578e-05
leaf_weight=452 461 10600.5 1551 420 387 1067 1808 359 278 1710 4744 464 291 1207 502 246 6062 1057 987 3464 237 453 2130.5 99431.5 2690.5 310 455 386 574 796
leaf_count=452 461 10598 1551 420 387 1067 1808 359 278 1710 4744 464 291 1207 502 246 6062 1057 987 3464 237 453 2130 99402 2686 310 455 386 574 796
internal_value=1.51743e-05 6.72273e-05 -0.000192954 0.000635797 -0.000253131 0.000482359 -0.000319597 0.000328768 0.00211913 -0.000411722 -0.000757867 -0.000990786 -0.000135318 0.000143617 0.00112278 -5.35093e-05 -0.000221287 6.6517e-05 -0.000536668 -0.00080762 0.00119066 -0.00107785 3.07306e-05 9.10585e-06 0.000583609 -0.00101705 0.00094283 -0.000764273 0.000720479 0.000875818
internal_weight=145581 116456 29125 1971 27154 2250 24904 3098 637 21806 7738 6028 2461 2170 963 1284 14068 7356 6712 4904 1294 3917 105856 101872 3983.5 2440.5 3145.5 838 820 1863
internal_count=145544 116419 29125 1971 27154 2250 24904 3098 637 21806 7738 6028 2461 2170 963 1284 14068 7356 6712 4904 1294 3917 105821 101842 3979 2440 3141 838 820 1863
is_linear=0
shrinkage=0.03


Tree=52
num_leaves=31
num_cat=0
split_feature=75 53 71 17 63 9 86 51 67 3 7 67 27 12 53 50 39 24 67 17 71 28 57 61 52 61 3 12 46 28
split_gain=2.04385 1.96555 1.81128 1.87038 2.48244 1.92237 1.81769 1.87596 1.74516 1.72591 1.65858 1.62338 1.56587 1.55748 1.49255 1.48696 1.47655 1.5291 1.42078 1.42047 1.86284 2.095 1.76169 1.36323 1.68651 1.33296 1.32545 1.29998 1.51889 1.55177
threshold=0.43144999444484716 0.038425000384449966 4.5000000000000009 -0.68414998054504383 0.010780000127851965 -0.096895001828670488 0.063085000962018981 -0.28884999454021448 0.42984999716281896 -0.10164999961853026 0.55755001306533825 0.6431500017642976 1.6035000085830691 0.19264999777078631 0.098585002124309554 -0.062504999339580522 0.024834999814629558 -0.0023814999731257554 0.36155000329017645 -0.067855000495910631 47.500000000000007 22.005000114440922 0.10804999992251398 0.014665000140666963 0.97855001688003551 0.0013670000480487945 0.30175000429153448 0.96815001964569103 0.96525001525878917 17.714999198913578
decision_type=2 8 8 2 2 2 2 8 10 2 10 10 10 2 8 10 2 2 10 2 8 10 8 2 8 2 2 2 2 10
left_child=2 16 12 4 13 6 15 -8 19 -9 -10 -7 25 -4 -12 18 17 -2 -5 20 21 -3 -22 -24 -25 -1 -21 28 29 -18
right_child=1 8 3 5 -6 11 7 9 10 -11 14 -13 -14 -15 -16 -17 27 -19 -20 26 22 -23 23 24 -26 -27 -28 -29 -30 -31
leaf_value=-9.5462441918845513e-05 -0.00090501787728193659 0.00016898342281761571 -0.0036822555281052533 -0.00070049168271263743 0.00094331838596184707 6.8261110430414883e-05 0.0039919962262578868 0.00074146282915950508 7.920735516086517e-05 0.0032818921216718894 -0.00011478814045789952 0.00047842740684743434 0.0017559319920166252 -0.00064624249291381621 0.00099989444879932852 -0.0013295128873645145 -0.00076326414842889639 0.00031185868979115484 0.0017742100313895876 0.00024429115287236548 -0.0016443967278160733 -0.0013776299146698004 -0.00064238707162707213 -0.00072329690918090863 0.0026817434809627474 -0.0012425190386233052 -0.0011130937471807555 0.0014205198046977824 -0.0014264653991773917 -0.00021568462795152875
leaf_weight=1873 1095 6155 329 355 330 43219 226 1668 19040 280.5 1516 10867.5 259 283 3766 480.5 5881 6112 504.5 8059 1485 903 3950 260 262 1776 703 367 1183 22386
leaf_count=1873 1094 6155 329 355 330 43191 226 1667 19038 280 1516 10864 259 283 3766 480 5881 6112 504 8059 1485 903 3950 260 262 1776 703 367 1183 22384
internal_value=1.7461e-06 -9.56879e-05 0.000131431 0.000173177 -0.00115211 0.00019487 0.000874659 0.00141004 3.50495e-05 0.00110867 0.000209705 0.000150682 -0.000493812 -0.00228169 0.000680005 5.46434e-06 -0.000258467 0.000126872 0.000752456 -0.000160018 -0.000358808 -2.90573e-05 -0.000749434 -0.000451946 0.000987606 -0.000653932 0.00013527 -0.000351608 -0.000373739 -0.000329632
internal_weight=145574 83123 62451 58543 942 57601 3514.5 2174.5 46099 1948.5 24322 54086.5 3908 612 5282 1340 37024 7207 859.5 21777 13015 7058 5957 4472 522 3649 8762 29817 29450 28267
internal_count=145535 83118 62417 58509 942 57567 3512 2173 46097 1947 24320 54055 3908 612 5282 1339 37021 7206 859 21777 13015 7058 5957 4472 522 3649 8762 29815 29448 28265
is_linear=0
shrinkage=0.03


Tree=53
num_leaves=31
num_cat=0
split_feature=75 0 3 14 74 11 28 53 85 56 80 43 52 69 68 32 52 22 66 64 11 7 10 9 70 20 82 25 30 48
split_gain=2.21261 1.80667 1.50557 1.65379 1.92122 1.7097 1.58781 1.65878 1.53947 1.38374 1.8829 1.82551 1.73431 1.5271 1.44418 1.61277 1.43373 1.51576 1.39335 1.54433 1.31912 1.28071 1.33655 1.27991 1.62749 1.61999 1.33126 1.26297 1.32454 1.28636
threshold=0.31464999914169317 0.096330001950263991 -0.012825000099837778 0.12454999983310701 0.030554999597370628 0.022644999437034134 20.445000648498539 0.081205002963542952 0.10864999890327455 -0.057865001261234277 0.2144500017166138 0.038724999874830253 1.016499996185303 0.99844998121261608 0.54045000672340404 0.63214999437332164 1.0065000057220461 -0.31884999573230738 -0.023335000500082966 -0.0014719999744556842 0.025185000151395801 0.56735000014305126 0.19405000656843188 0.085629999637603774 1.0795000195503237 0.43455000221729284 0.59099999070167553 22.035000801086429 -0.59104999899864186 0.6740500032901765
decision_type=2 2 2 2 8 2 10 10 10 8 10 2 8 8 8 8 8 2 2 2 2 8 2 2 10 2 2 2 8 2
left_child=9 2 -2 6 -5 -6 7 8 20 13 11 12 -11 16 27 -16 -1 18 -18 -20 -4 22 -9 25 -25 26 -10 -12 -29 -30
right_child=1 -3 3 4 5 -7 -8 21 23 10 14 -13 -14 -15 15 -17 17 -19 19 -21 -22 -23 -24 24 -26 -27 -28 28 29 -31
leaf_value=0.00045652104028236435 -0.00023251586820182424 -0.0018545089791372248 0.00028208349475520022 -0.00066562114338904156 0.0022037012677611984 -4.4143252917650189e-05 -8.918507279832212e-05 0.00080961721440506141 0.00027058332860988292 -4.3643282920116732e-05 -0.00025664458552399582 0.00072541577694470224 -0.00097521873322230202 0.00014333088711072274 0.00053717986430782219 -0.00090233144408871343 0.0010771298508220862 0.00050368000317314789 0.0048417366090424286 0.0016964775753991776 -0.0012226384749519238 0.0010321850557368541 7.4714599065191744e-05 -0.0018313147033878498 0.00074137577850548573 0.00099133850625309199 -0.0004603284139440009 0.0007946361827153236 -0.0012544312148002063 0.00017119227802685877
leaf_weight=1865 31451 507 818 6231 318 6713 24367.5 3397 9191.5 3942 7322 1369 3307 3711.5 12543.5 741 409 605 302 265 1458 3040 6465 614 345 2117 2965.5 2951 639 5180
leaf_count=1863 31445 507 818 6231 318 6713 24367 3397 9191 3942 7322 1369 3307 3704 12534 741 409 605 302 265 1458 3040 6465 614 345 2117 2965 2948 639 5180
internal_value=8.72437e-06 -6.99813e-05 -6.08689e-05 1.84753e-05 -0.000282104 5.78218e-05 9.12501e-05 0.000235826 4.56243e-05 0.000183032 0.000110942 -0.000278952 -0.000468705 0.000565642 0.000225329 0.000456823 0.00102032 0.00168468 0.00241549 0.0033773 -0.000681951 0.000493921 0.000327911 0.000154371 -0.000905982 0.000225669 9.22662e-05 3.42055e-05 0.000277035 1.44521e-05
internal_weight=145150 99998.5 99491.5 68040.5 13262 7031 54778.5 30411 17509 45152 37994.5 8618 7249 7157.5 29376.5 13284.5 3446 1581 976 567 2276 12902 9862 15233 959 14274 12157 16092 8770 5819
internal_count=145121 99991 99484 68039 13262 7031 54777 30410 17508 45130 37982 8618 7249 7148 29364 13275 3444 1581 976 567 2276 12902 9862 15232 959 14273 12156 16089 8767 5819
is_linear=0
shrinkage=0.03


Tree=54
num_leaves=31
num_cat=0
split_feature=75 53 1 28 89 20 13 8 76 60 56 53 3 11 50 6 84 75 72 28 81 14 85 50 32 46 62 52 56 85
split_gain=2.01404 1.73155 1.91979 1.97389 1.53179 2.05176 1.83737 1.52538 1.5591 1.40359 1.4154 2.16029 1.8002 2.13158 1.73935 2.04204 1.44018 1.45753 1.36808 1.64237 1.59043 1.57797 1.34389 1.30749 1.30467 1.20615 1.28605 1.17601 1.26786 1.172
threshold=0.25425000488758093 0.041255000978708274 0.23250000178813937 22.795000076293949 0.97615000605583202 0.46604999899864202 0.65000000596046459 -0.057544998824596398 0.047724999487400062 0.028925000689923767 0.049435000866651542 0.22004999965429309 0.025404999963939193 0.051614999771118171 -0.092055000364780412 -0.66615000367164601 0.047724999487400062 0.015519999898970129 4.5000000000000009 17.664999961853031 0.89904999732971203 0.085014998912811293 0.12524999678134921 0.0085235000587999838 0.2929500043392182 0.34434999525547033 -0.14935000240802762 1.0534999966621401 0.049435000866651542 0.65354999899864208
decision_type=2 8 2 10 2 2 2 2 2 2 8 10 2 2 10 8 10 2 8 10 2 2 10 10 10 2 2 8 8 10
left_child=9 4 3 7 29 24 -7 -3 -9 10 14 12 13 -12 16 -16 -1 -18 19 -10 21 23 -14 -21 -6 27 -27 -20 -29 -2
right_child=1 2 -4 -5 5 6 -8 8 18 -11 11 -13 22 -15 15 -17 17 -19 25 20 -22 -23 -24 -25 -26 26 -28 28 -30 -31
leaf_value=0.0031590228464023983 -0.00024590196038254945 0.0024544293159641417 -0.0021314694568331182 -0.00092833295443887573 -0.0014139482385257059 -0.0010760560837476257 0.002158259817984252 -0.0013472641583545479 0.0019746776432602677 -0.0013296970448740382 -0.00032569507903061894 0.00066045911998904405 0.0024055466855568914 -0.0023371239814130602 -0.0025457631874800293 0.00034148422650715952 -0.00037061691620345278 0.0015661850499690008 4.4199751412186394e-05 -0.0014211693987838865 0.00075558170332487768 -0.0025817040725656958 0.00018985171171446982 0.00029002738306847803 -0.0042936205385432748 0.0025131578153562042 0.00019811487442401163 -0.00014201753011021344 -0.00160577368052862 6.9435802566627998e-05
leaf_weight=303 32939 248 354 1691 402 525 225 660 218 521 6940 3477 265 508 222 19481.5 533 1014 4920 882 520 492 3342 737 219 216 45632 1192 962 15645.5
leaf_count=303 32933 248 354 1691 402 525 225 660 218 521 6940 3477 265 508 222 19456 533 1014 4920 882 520 492 3342 737 219 216 45629 1192 962 15642
internal_value=2.23815e-05 -4.24447e-05 6.80005e-05 8.13761e-05 -0.000172275 -0.00116083 -0.000104179 0.000111516 0.000101176 0.000214837 0.000237173 8.35209e-06 -0.000196789 -0.000463182 0.000391444 0.000308826 0.00127072 0.000899075 0.000118341 -0.000521937 -0.000729474 -0.00109547 0.000353257 -0.000642501 -0.00243476 0.000152819 0.000209076 -0.000211771 -0.000796189 -0.000144355
internal_weight=145286 108680 58724 58370 49955.5 1371 750 56679 56431 36606.5 36085.5 14532 11055 7448 21553.5 19703.5 1850 1547 55771 2849 2631 2111 3607 1619 621 52922 45848 7074 2154 48584.5
internal_count=145248 108667 58721 58367 49946 1371 750 56676 56428 36581 36060 14532 11055 7448 21528 19678 1850 1547 55768 2849 2631 2111 3607 1619 621 52919 45845 7074 2154 48575
is_linear=0
shrinkage=0.03


Tree=55
num_leaves=31
num_cat=0
split_feature=80 56 45 52 51 66 65 41 80 56 75 60 67 54 58 66 67 66 66 65 19 30 66 54 79 7 22 62 39 88
split_gain=1.91993 1.90586 2.0074 2.22725 1.87962 1.85337 1.76305 1.69143 1.46267 1.43727 1.36718 2.06687 1.46434 1.42451 1.35231 1.47418 1.41618 1.34653 2.68274 1.64689 1.48906 1.5534 1.49385 1.34362 1.33343 1.36933 1.32715 1.32586 1.22265 1.24773
threshold=0.2144500017166138 -0.051929999142885201 0.18075000494718554 0.86024999618530285 -0.30505000054836268 -0.059735000133514397 0.0051659999880939731 0.21454999595880511 0.18585000187158587 -0.061019999906420701 0.24614999443292621 0.028925000689923767 0.33885000646114355 0.77474999427795421 13.195000171661379 -0.066439997404813753 0.27854999899864202 0.059214999899268157 0.023800000548362735 0.0038144999416545038 0.60675001144409191 0.79704999923706066 -0.018904999829828736 -0.073365002870559679 0.78585001826286327 -0.29134999215602869 -0.23435000330209729 0.10810000076889993 0.032625000923872001 0.047714998945593841
decision_type=10 8 2 8 10 2 10 2 8 10 2 2 8 8 10 2 8 2 2 10 2 10 2 10 2 10 2 2 2 2
left_child=1 4 6 23 5 -1 27 10 -8 -6 11 12 -2 -12 16 -16 -5 18 20 -19 21 -17 -22 26 25 -9 -4 -3 -14 -30
right_child=7 2 3 14 9 -7 8 24 -10 -11 13 -13 28 -15 15 17 -18 19 -20 -21 22 -23 -24 -25 -26 -27 -28 -29 29 -31
leaf_value=-0.0011215760089012224 -0.00020879729001923065 -0.0010105236689912716 0.0010734235050255808 -0.0025028332224254438 -0.00018378994114390729 0.0020945718765018298 0.00047231073551563585 -0.00044098043371970397 -0.002106728323240287 0.0013293905613029143 5.4538399100320106e-06 -0.0018712845624344985 0.00013914527619708191 0.0020014993675622943 0.0011572821999717348 -0.00013824192164423881 -0.00072102321505945321 0.0014361921180322109 -0.0015630815315980499 -0.00098084886872735122 -0.0036156031352260875 0.0024498801197568019 -0.00036871671771850827 -0.00013543020028029657 -2.2565771045495126e-05 -0.0034197544649564406 -7.0038228751435894e-05 -0.0028627936219159816 -8.2631688909858903e-05 0.00072527072100698759
leaf_weight=200 4398.5 3118 2207 469 3852 820 1174 246 237 661 85600.5 403 9714 322 612 4444 2766 729 1692 388 215 218 312 5489 521 319 1558 391 2068 10231
leaf_count=200 4397 3118 2207 469 3852 820 1174 246 237 661 85588 403 9696 322 612 4444 2766 729 1692 388 215 218 312 5489 521 319 1558 391 2067 10225
internal_value=2.56455e-06 -0.000204503 -0.000312022 -0.000184755 0.00030107 0.00146347 -0.000857646 5.99655e-05 3.79347e-05 3.80846e-05 7.13206e-05 0.000258328 0.000290892 1.29574e-05 -0.00045718 -0.000260638 -0.000980038 -0.000369267 -0.000526102 0.000596485 -0.000187734 -1.67192e-05 -0.00169769 0.000163957 -0.00111778 -0.00212587 0.000600353 -0.00121767 0.000390742 0.000589431
internal_weight=145375 31552 26019 21099 5533 1020 4920 113823 1411 4513 112737 26814.5 26411.5 85922.5 11845 8610 3235 7998 6881 1117 5189 4662 527 9254 1086 565 3765 3509 22013 12299
internal_count=145336 31552 26019 21099 5533 1020 4920 113784 1411 4513 112698 26788 26385 85910 11845 8610 3235 7998 6881 1117 5189 4662 527 9254 1086 565 3765 3509 21988 12292
is_linear=0
shrinkage=0.03


Tree=56
num_leaves=31
num_cat=0
split_feature=89 18 52 77 67 53 80 82 74 15 65 66 66 48 0 65 53 64 2 0 51 53 11 69 5 39 21 64 21 74
split_gain=1.96816 1.68857 1.97503 1.40507 1.29092 1.6428 1.42784 1.37087 1.45461 1.34216 1.96924 2.37388 1.72023 1.58927 1.57552 1.44185 2.14144 1.84796 1.44199 1.3957 1.33574 1.32418 2.11466 1.4307 1.33689 1.31484 1.29954 1.25507 2.42201 1.24893
threshold=0.97615000605583202 1.1184999942779543 1.3025000095367434 0.85965001583099376 0.7576500177383424 -0.014835000038146971 0.8696500062942506 0.92715001106262218 0.1300499960780144 -0.17494999617338178 -0.0074129998683929435 -0.018904999829828736 0.010449999943375589 0.72165000438690197 0.0067974999547004708 0.0030544999754056339 -0.22195000201463697 0.0052205000538378963 -0.1141500025987625 -0.0056104999966919413 -0.32455000281333918 0.060395000502467162 0.036384999752044685 0.79045000672340404 -0.20304999500513074 0.048165000975131995 0.65314999222755443 0.025035000406205658 0.27965000271797186 0.066424999386072173
decision_type=2 2 8 2 10 10 10 2 10 2 10 2 2 2 2 10 10 2 2 2 10 8 2 8 2 2 2 2 2 8
left_child=4 2 -2 -3 6 -6 7 8 9 10 -1 -12 13 -13 27 16 -14 20 -17 -19 -18 22 -16 -23 -24 -15 -8 -11 -29 -22
right_child=1 3 -4 -5 5 -7 26 -9 -10 14 11 12 15 25 21 18 17 19 -20 -21 29 23 24 -25 -26 -27 -28 28 -30 -31
leaf_value=-0.00070759931931221572 -0.0017421562779398171 0.0020496843629601328 0.00030036807736905758 -0.00034524814496828129 -0.0001677116870357663 0.00062742567391796454 0.00030973851391828103 -0.00047458861456161201 0.0021773257009522658 4.9444546051708085e-05 -0.00010554207668549235 0.0041354323134281381 0.0038262346398896313 0.00080875775623504107 -0.00020746176710820165 0.0015549876672974526 -0.0020507777806149804 0.00041371144149906749 -0.00050242727062814951 0.003430504949744321 0.0014414706466893774 -0.0015055568274930597 0.00070644065094856395 5.5419323414324778e-06 -0.0011496004703390114 0.0031747864033905382 -0.00095019448899196206 -0.0022812894599756406 1.322688223160245e-05 -0.001220084595186834
leaf_weight=1463 1625 274 577 1111 3624 6590 16166.5 6254 270 64095.5 3567 220 235 908 10889 393 228 245 1381 316 488 583 382 16388 4002 275 771 614 1267 234
leaf_count=1463 1625 274 577 1111 3624 6590 16157 6252 270 64075 3567 220 235 908 10889 393 228 245 1381 316 488 583 382 16388 4002 275 771 614 1267 234
internal_value=2.88525e-06 -0.000691022 -0.00120705 0.000129688 2.04371e-05 0.000345316 -4.77377e-06 -4.27429e-05 -1.7834e-05 -2.33331e-05 0.000308611 0.000483787 0.000910725 0.00179867 -5.69729e-05 0.000556398 0.00116815 0.000752496 -4.60222e-05 0.00211609 -5.41208e-05 -0.00022884 -0.000431488 -4.64541e-05 -0.00098775 0.00136098 0.000252333 2.70244e-05 -0.000736568 0.000578367
internal_weight=145436 3587 2202 1385 141849 10214 131635 114698 108444 108174 9953 8490 4923 1403 98220.5 3520 1746 1511 1774 561 950 32244 15273 16971 4384 1183 16937.5 65976.5 1881 722
internal_count=145404 3587 2202 1385 141817 10214 131603 114675 108423 108153 9953 8490 4923 1403 98200 3520 1746 1511 1774 561 950 32244 15273 16971 4384 1183 16928 65956 1881 722
is_linear=0
shrinkage=0.03


Tree=57
num_leaves=31
num_cat=0
split_feature=67 53 75 68 56 30 71 50 10 21 56 84 56 5 48 59 81 5 21 72 59 10 59 56 72 2 62 2 80 68
split_gain=1.61227 2.21682 2.02667 1.79157 1.66215 1.53425 1.83572 1.6676 1.50292 1.8628 1.45462 1.37903 1.35262 1.44226 1.33536 1.31387 1.49668 2.38936 1.58392 1.42172 1.40448 1.40133 1.31349 1.3658 1.28267 1.55395 1.27989 1.2247 1.39147 1.14873
threshold=0.38455000519752508 0.046684999018907554 0.80040001869201671 0.71635001897811901 0.17175000160932544 0.69165000319480907 681.50000000000011 -0.076104998588561998 0.47055000066757208 0.49394999444484716 -0.087055001407861696 0.17785000056028369 -0.27724999189376826 1.3514999747276308 0.40815000236034399 0.81450000405311596 0.039349999278783805 -0.36865000426769251 0.51344999670982372 5.5000000000000009 0.55754998326301586 0.22305000573396686 0.84619998931884777 0.08656999841332437 8.5000000000000018 0.015395000111311676 -0.025325000286102291 0.1017500013113022 0.67114999890327465 0.34995000064373022
decision_type=10 8 2 8 8 8 8 10 2 2 10 10 10 2 2 10 2 2 2 8 8 2 10 10 8 2 2 2 10 8
left_child=5 2 4 -3 24 6 14 -8 9 -7 -5 -4 -9 -14 -1 16 18 20 -16 -19 -18 -17 23 -13 25 -2 -20 28 -24 -10
right_child=1 3 11 10 -6 8 7 12 29 -11 -12 22 13 -15 15 21 17 19 26 -21 -22 -23 27 -25 -26 -27 -28 -29 -30 -31
leaf_value=0.00155730324192026 0.00096618018552441622 0.00017613584458806364 0.00094843371497591185 -0.0014434789435787843 -0.0022346937743354034 0.00044935392934409478 0.00099828426835128878 0.0016127095886448201 0.00059806190594942279 0.0024676956739456868 0.0010465285779172584 -0.00049608323200365568 -0.00071176582506815936 -0.0030935243491814293 -0.00033733203630963697 -0.00060311864361969046 0.0037601720290467034 -0.00093167734876960912 -0.00042441997619243921 -0.00012723856188907146 0.00070621006398497593 0.00044038365755282927 -0.0017227201070277459 0.0020199320028941748 -1.6914009229553307e-05 -0.00041943432292265985 -0.0031602380974733264 -0.0033308416870603962 0.0002379687028028772 -0.0010136831081027013
leaf_weight=435 2601 43681 534 225 290 2966 546 216 662 477 3242 5031 6722 236 1088 1426 200 2126 239 28101.5 418 6150 919 201 33162 1011 433 243 504 995
leaf_count=435 2601 43676 534 225 290 2966 546 216 662 477 3242 5031 6722 236 1088 1426 200 2126 239 28100 418 6150 919 201 33134 1011 433 243 504 995
internal_value=8.54449e-06 8.49107e-05 -6.69705e-05 0.000228247 2.36967e-05 -0.000122423 -0.00017464 -0.000598672 0.000372413 0.000729614 0.000884563 -0.000519078 -0.000720336 -0.000792983 -9.40316e-05 -0.000111947 -0.000194638 -0.000146069 -0.00104529 -0.000183846 0.00169903 0.000243916 -0.000632804 -0.000399057 4.15667e-05 0.000578337 -0.00218931 -0.0013662 -0.0010286 -0.000369791
internal_weight=145080 91644 44496 47148 37064 53436.5 48336.5 7720 5100 3443 3467 7432 7174 6958 40616.5 40181.5 32605.5 30845.5 1760 30227.5 618 7576 6898 5232 36774 3612 672 1666 1423 1657
internal_count=145046 91611 44468 47143 37036 53435 48335 7720 5100 3443 3467 7432 7174 6958 40615 40180 32604 30844 1760 30226 618 7576 6898 5232 36746 3612 672 1666 1423 1657
is_linear=0
shrinkage=0.03


Tree=58
num_leaves=31
num_cat=0
split_feature=45 82 67 75 57 11 61 84 89 28 31 83 62 12 25 14 76 74 45 72 67 7 19 72 61 62 17 46 29 10
split_gain=2.06371 1.62114 1.84993 1.68848 1.64329 1.55574 1.63854 1.5428 1.52977 2.13073 1.43997 1.87438 1.43821 1.48388 1.47894 1.38966 1.57865 1.33182 1.41081 1.31797 1.277 1.27384 1.20583 1.29436 1.19511 1.1951 1.22824 1.35693 1.18347 1.22562
threshold=1.3655000329017641 0.93485000729560863 0.29735000431537634 0.25425000488758093 0.16565000265836718 0.037615001201629646 0.024815000593662265 0.85514998435974132 0.84745001792907726 21.224999427795414 0.26594999432563787 0.68625000119209301 -0.050944998860359185 0.36744999885559088 26.755000114440922 0.0038535000057891016 0.93674999475479137 0.084194999188184752 0.97034999728202831 1.5000000000000002 0.51745000481605541 -0.32504999637603754 0.17854999750852588 4.5000000000000009 0.016485000029206279 0.15805000066757205 -0.51305001974105824 0.58824998140335094 0.17275000363588336 0.47515000402927404
decision_type=2 2 10 2 10 2 2 10 2 10 10 10 2 2 2 2 2 10 2 10 8 8 2 8 2 2 2 2 8 2
left_child=1 3 4 5 7 20 28 10 -6 -10 11 -3 13 -4 -15 16 19 22 -19 -5 -1 -21 23 -17 -23 26 27 -24 -7 -30
right_child=-2 2 12 15 8 6 -8 -9 9 -11 -12 -13 -14 14 -16 17 -18 18 -20 21 -22 24 25 -25 -26 -27 -28 -29 29 -31
leaf_value=-0.00019131771240319531 -0.0018841447244203613 -0.0002842676276639487 -0.00034882790829199794 -0.00021710870373172983 0.00064904916996591456 -0.0015548368331195386 -0.0012297684799187215 -0.00044142296031608448 -0.0024418047410468538 0.0010437664453871547 -0.0026129066645935875 -0.003504499391221055 -0.00020846007678366408 0.00072890415425339245 0.0039292897312168742 -0.0013424503364242195 -0.0017309167053647877 0.0013671841718470065 -0.0012918563213082412 -0.0018665373129812301 0.00026410291733961302 0.00032626414741703435 -0.00034883985789874985 0.00055658004281307957 0.0023313024397282845 0.0007456721266045881 -6.2538255796864569e-05 0.0021457238184190109 0.00087244827744760532 0.00018032408904459301
leaf_weight=10049 530 789 356 35664 1107 228 471 1487 428 249 887 204 3495.5 292 234 343 582 1179 211 220 12350.5 3614 334 5310.5 288 1779 52291 474 6482 3572
leaf_count=10045 530 789 355 35654 1107 228 471 1487 428 249 887 204 3495 292 234 343 582 1179 211 220 12337 3614 334 5310 288 1779 52288 474 6479 3572
internal_value=-1.73168e-05 -1.04789e-05 -0.000388688 1.61312e-05 -0.000773979 0.000202187 0.000498779 -0.00116392 -3.7785e-05 -0.00116017 -0.00173485 -0.000948686 6.47573e-05 0.00114657 0.0021574 -4.41717e-05 -0.00018112 4.51093e-05 0.000962907 -0.000158406 5.97899e-05 0.000349427 2.40181e-05 0.000441148 0.000474812 -1.89617e-05 -4.45931e-05 0.0011154 0.000578073 0.000626592
internal_weight=145500 144970 9528.5 135442 5151 33152.5 10753 3367 1784 677 1880 993 4377.5 882 526 102290 40368 61921.5 1390 39786 22399.5 4122 60531.5 5653.5 3902 54878 53099 808 10282 10054
internal_count=145465 144935 9527 135408 5151 33132 10750 3367 1784 677 1880 993 4376 881 526 102276 40358 61918 1390 39776 22382 4122 60528 5653 3902 54875 53096 808 10279 10051
is_linear=0
shrinkage=0.03


Tree=59
num_leaves=31
num_cat=0
split_feature=87 67 56 42 37 63 52 56 20 60 7 51 83 85 63 63 44 72 69 89 41 72 0 30 22 10 69 56 11 64
split_gain=1.7534 2.11554 1.8663 1.71984 1.69577 1.56515 1.49281 2.05 1.77231 1.4653 1.45428 2.00771 1.41916 1.40566 1.39686 1.73493 1.35148 1.3001 1.2644 1.46454 1.33297 2.19267 1.68736 1.45829 1.36905 1.78754 1.30901 1.26964 1.26492 1.25693
threshold=0.65595000982284557 0.43385000526905065 0.038949999958276756 0.0009647000115364791 1.0000000180025095e-35 -0.021475000306963917 0.95144999027252208 0.17175000160932544 0.42765000462532049 0.011144999880343677 0.71514999866485607 0.53694999217987072 0.8826500177383424 0.96205002069473278 0.043360000476241119 0.024509999901056293 34.000000000000007 4.5000000000000009 0.74884998798370372 0.98315000534057628 0.098164997994899764 4.5000000000000009 -0.014614999759942291 -0.79734998941421498 -0.52009999752044667 0.39824999868869787 1.0724999904632571 -0.025924999266862866 0.044925000518560416 -0.013375000096857546
decision_type=2 10 10 2 2 2 8 10 2 2 10 8 10 8 2 2 2 10 8 2 2 8 2 8 2 2 10 8 2 2
left_child=1 2 10 4 14 -6 -4 8 12 16 -1 -12 -8 17 15 -2 29 -3 19 -5 22 28 23 -20 25 -23 -26 -28 -22 -10
right_child=3 13 6 18 5 -7 7 -9 9 -11 11 -13 -14 -15 -16 -17 -18 -19 20 -21 21 24 -24 -25 26 -27 27 -29 -30 -31
leaf_value=-2.0310021896770672e-05 -0.00066132651313054657 0.0001117775418913946 -4.069379661242646e-05 -0.0014149748761191582 0.0018446081748052711 -0.00011139742675613847 -0.00055217065539016406 0.00075621357646061215 6.4995243200953581e-05 0.0010577205219764831 0.0011128626572767916 -0.00068596822552657161 0.0016372460522438568 0.001111740395448221 -0.0027585519673712141 0.001405364255947796 -0.0005464994545174278 0.00067277364941730779 -0.0014152109922982658 0.0012478858863115808 -0.0010043893387657848 0.0024225534076514816 3.289149222922041e-05 0.0010475212275256672 -0.00037134946659301264 2.0617516746991601e-05 -0.0017719138463815818 0.00070000555472280867 -0.0038007714295720993 -0.0024127290047021915
leaf_weight=19102.5 9683 49186 8412 1096 414 3262.5 5944 925 212 202 2336 733 278 1415.5 272 379 750 4021 236 223 450 407 17041.5 2503.5 11182 881 207 1855 215 1405
leaf_count=19100 9683 49160 8412 1096 414 3262 5944 925 212 202 2336 733 278 1415 272 379 750 4021 236 223 450 407 17040 2502 11182 881 207 1855 215 1405
internal_value=-1.8516e-05 5.73709e-05 -0.000107514 -0.000161701 -0.000444019 0.000109304 -0.000333285 -0.000586577 -0.000727937 -0.00139072 7.70895e-05 0.000683146 -0.0004541 0.00017902 -0.000640864 -0.00058335 -0.00160003 0.000154185 -5.27176e-05 -0.000964167 -1.83208e-05 -0.000229603 0.000144003 0.000834925 -0.00015245 0.000780905 -0.000243273 0.000451116 -0.00191283 -0.00208804
internal_weight=145230 94922 40299.5 50307.5 14010.5 3676.5 18128 9716 8791 2569 22171.5 3069 6222 54622.5 10334 10062 2367 53207 36297 1319 34978 15197 19781 2739.5 14532 1288 13244 2062 665 1617
internal_count=145197 94893 40297 50304 14010 3676 18128 9716 8791 2569 22169 3069 6222 54596 10334 10062 2367 53181 36294 1319 34975 15197 19778 2738 14532 1288 13244 2062 665 1617
is_linear=0
shrinkage=0.03


Tree=60
num_leaves=31
num_cat=0
split_feature=80 75 70 0 52 58 57 29 53 66 67 86 24 51 2 77 30 53 46 68 64 44 59 56 52 53 28 56 41 67
split_gain=1.64512 1.79061 1.46357 2.34533 1.28133 1.99301 2.3722 1.41522 1.32037 1.26556 1.27896 1.29783 2.24441 2.21568 1.41364 1.36152 1.80486 1.79697 1.20331 1.6245 1.85937 1.2864 1.26732 1.21902 1.17088 1.15625 2.51343 1.97318 1.59143 1.33714
threshold=0.90345001220703136 0.87344998121261608 0.92294999957084667 0.055475000292062766 1.7814999818801882 14.089999675750734 0.11510000005364419 0.4114499986171723 0.0026294999988749628 0.10510000213980676 0.41955000162124639 0.79754999279975902 -0.0035255000693723555 0.87964999675750744 -0.1141500025987625 0.82534998655319225 0.71525001525878917 0.081205002963542952 0.58824998140335094 0.45685000717639929 -0.0018240000354126094 42.000000000000007 0.39090000092983251 -0.011655000038444994 1.0214999914169314 0.039774999022483833 20.605000495910648 0.12519999593496325 -0.13855000585317609 0.33885000646114355
decision_type=10 2 10 2 10 10 10 10 10 2 10 2 2 8 2 2 10 10 2 10 2 2 8 10 10 8 10 8 2 10
left_child=1 4 3 18 25 6 8 -7 -6 10 11 13 -13 14 -2 -14 17 -17 23 21 -21 22 -20 -3 -5 27 29 -1 -28 -27
right_child=9 2 -4 24 5 7 -8 -9 -10 -11 -12 12 15 -15 -16 16 -18 -19 19 20 -22 -23 -24 -25 -26 26 28 -29 -30 -31
leaf_value=-5.4494779249458252e-05 0.0019669547481316841 -0.00042209849516612922 -7.3460377302763053e-05 -0.0035468732329301902 0.0010946001226659274 -0.0016072892936861423 -0.0039961518401644761 0.00062739793321307639 -0.0016361591278080882 -0.0016185474229394457 0.00063628819755478377 0.0033255963709325439 0.0016323174348847353 -0.0018209176913148515 -0.00010596416905174937 -0.0022346656771184735 0.001917514599721497 0.00032443289953259239 -8.1493934782754099e-06 -0.0020383792652817227 -3.9481021520890752e-05 -0.00014988806905102676 0.0024393455149091308 -0.0018297341246731715 -0.00082974091285252288 -3.5455806571262659e-05 0.0023666787561353133 -0.0017214389654039079 -0.00014070688216160905 0.0003884875182559854
leaf_weight=52347 319 1255 9068 354 232 338 285 1029 504 299 7034.5 255 510 657 3961 438 282 564 349 731 979 1717 418 991 240 8999 229 646 24038 26159.5
leaf_count=52323 319 1255 9068 354 232 338 285 1029 504 299 7029 255 510 657 3960 438 282 564 349 731 979 1717 418 991 240 8999 229 646 24034 26159
internal_value=4.26794e-06 -2.91274e-05 -0.000325382 -0.000650095 1.24258e-05 -0.000675081 -0.00167722 7.40854e-05 -0.000775059 0.000309548 0.000350779 6.32377e-05 0.000697761 -0.000200196 4.89595e-05 0.000322595 -0.000198488 -0.000795328 -0.000483514 -0.000183328 -0.000894673 0.000306529 0.00132713 -0.00104373 -0.00245228 2.70357e-05 0.00011789 -7.48474e-05 -0.000116949 0.000279979
internal_weight=145228 130908 16102 7034 114806 2388 1021 1367 736 14319.5 14020.5 6986 2049 4937 4280 1794 1284 1002 6440 4194 1710 2484 767 2246 594 112418 59425.5 52993 24267 35158.5
internal_count=145193 130880 16102 7034 114778 2388 1021 1367 736 14313 14014 6985 2049 4936 4279 1794 1284 1002 6440 4194 1710 2484 767 2246 594 112390 59421 52969 24263 35158
is_linear=0
shrinkage=0.03


Tree=61
num_leaves=31
num_cat=0
split_feature=75 26 67 0 52 25 56 62 63 4 62 59 6 23 65 65 59 57 58 59 66 81 62 50 42 65 80 65 6 89
split_gain=1.87635 1.73674 1.83752 1.6347 1.32977 1.85134 2.00432 1.73397 2.12752 1.76462 1.85776 2.13934 1.89051 1.53826 1.41973 1.54883 1.72798 1.60406 1.81858 1.45993 1.42307 1.38341 1.59124 1.376 1.35206 1.40638 1.32721 1.52132 1.26882 1.23912
threshold=0.47070001065731054 0.23054999858140948 0.83985000848770153 0.096330001950263991 0.6570500135421754 19.785000801086429 -0.027125000022351738 -0.092025000602006898 -0.00039185000059660519 -0.21595000475645063 0.036395000293850906 0.95830002427101146 -0.28215000033378596 41.864999771118171 0.024149999953806404 0.0075185000896453866 0.81250000000000011 0.13515000045299533 19.460000038146976 0.82850000262260448 -0.020340000279247757 0.8087500035762788 -0.014770000241696833 -0.02056500036269426 -0.15634999424219129 0.0031794999958947305 0.82365000247955333 -0.013069999869912861 -0.17664999514818189 0.044315000995993621
decision_type=2 2 8 2 8 2 8 2 2 2 2 10 10 2 10 8 8 10 10 8 2 2 2 10 2 10 8 10 10 2
left_child=4 2 -2 -3 14 13 7 8 23 10 24 12 -12 -6 15 16 17 -1 26 -18 -21 -20 -23 -7 25 -9 27 -19 -15 -11
right_child=1 3 -4 -5 5 6 -8 9 -10 29 11 -13 -14 28 -16 -17 19 18 21 20 -22 22 -24 -25 -26 -27 -28 -29 -30 -31
leaf_value=6.0601468441927715e-05 -0.00038124829605315063 -4.1291808707160091e-05 -0.0019404289801818447 -0.0017524943527606363 -0.00064745717475058221 -0.0027503419887287008 3.3624428000914565e-05 0.0034569080355548775 0.0011202724724940847 0.0023688938442657714 -0.0026302052888269021 0.0026191784388844997 0.0011125232019130881 0.00061794543377318367 -0.0013572035197845719 0.0010556199693918425 -0.0028733566066010594 -0.0015303926523671124 0.00052307647577930813 0.00077638528712861287 -0.00077747929168981496 -0.0028277149103656191 0.00029952468407883846 7.2018444281013889e-05 0.0005983535621281417 0.0013131944450262023 0.0026021654516807757 0.0011827982626109925 -0.00016856197636112692 0.00031129519892190879
leaf_weight=6504 4866 71264 790 505 5061 390 22958 655 415 278 269 218 220 2246 435 2588 205 201 3302 811 1529 256 340 258 443 478 543 2367 10344 4727.5
leaf_count=6499 4865 71261 790 505 5061 390 22958 655 415 272 269 218 220 2246 435 2588 205 201 3302 811 1529 256 340 258 443 478 543 2367 10344 4709
internal_value=7.75615e-06 -9.32482e-05 -0.000599331 -5.33569e-05 0.00012269 3.9893e-05 0.000178403 0.000576344 -0.000555167 0.000741424 0.00143246 0.000154396 -0.000947526 -0.000205794 0.000335126 0.000374678 0.000264875 0.00039993 0.000714756 -0.000452093 -0.000238837 0.000282928 -0.00104621 -0.00162824 0.00200534 0.00255445 0.00125556 0.000969921 -2.82146e-05 0.000426022
internal_weight=145466 77425 5656 71769 68041.5 48960.5 31309.5 8351.5 1063 7288.5 2283 707 489 17651 19081 18646 16058 13513 7009 2545 2340 3898 596 648 1576 1133 3111 2568 12590 5005.5
internal_count=145433 77421 5655 71766 68012 48936 31285 8327 1063 7264 2283 707 489 17651 19076 18641 16053 13508 7009 2545 2340 3898 596 648 1576 1133 3111 2568 12590 4981
is_linear=0
shrinkage=0.03


Tree=62
num_leaves=31
num_cat=0
split_feature=53 89 77 39 28 77 41 27 9 64 63 23 58 71 56 52 29 1 64 43 45 71 80 59 78 61 70 58 58 25
split_gain=1.36051 2.26236 2.24265 2.99886 2.03717 1.76989 1.65968 1.64188 1.55243 1.70293 1.64912 1.55013 1.54558 1.40148 1.39464 1.25767 1.24453 1.33097 1.4008 1.39526 1.38245 1.77898 1.25616 1.20413 1.40575 1.5108 1.45942 1.20052 1.50323 1.20564
threshold=0.041255000978708274 0.76695001125335704 0.022900000214576725 0.046554999426007278 20.545000076293949 0.98315000534057628 0.010094999801367523 1.1735000014305117 -0.079714998602867113 0.039610000327229507 0.022630000486969951 81.444999694824233 32.100000381469734 7.5000000000000009 0.12519999593496325 0.80584999918937694 0.80204999446868908 -0.058775000274181359 -0.0020390000427141781 0.034134998917579658 0.68634998798370372 97.500000000000014 0.89564999938011181 0.86210000514984142 0.67105001211166393 0.00017775000014808032 1.3995000123977663 19.460000038146976 16.590000152587894 47.014999389648445
decision_type=8 2 2 2 10 2 2 10 2 2 2 2 8 8 10 10 8 2 2 2 2 10 8 8 2 2 10 8 10 2
left_child=1 7 3 -2 5 11 12 14 -6 10 23 15 -3 -8 -1 27 17 18 -17 20 21 -19 -22 -10 -25 26 -26 28 -4 -30
right_child=2 6 4 -5 8 -7 13 -9 9 -11 -12 -13 -14 -15 -16 16 -18 19 -20 -21 22 -23 -24 24 25 -27 -28 -29 29 -31
leaf_value=-6.8024226319025747e-05 -4.9580035884234586e-05 -0.0024806809255928453 0.00041337390739377159 -0.0029380346059738457 0.0015497627371848469 -0.0011451776176672115 0.00056474445289951363 0.00032213681078846614 -0.00016515040613485088 -0.0027404475619874171 0.0013448134871749218 -0.0017467087765952478 -0.00014802092261090611 -0.00044154602120814496 -0.0019229338870955753 0.0020543559647012133 0.0014866361778855519 0.0001215557846684965 -6.5769077000131586e-05 -0.00056368188418711536 0.00043945909146248175 -0.0010420352471427476 0.0022803748294430238 -0.00017815137926656871 0.0008560565673396721 0.0020209080234854463 -0.0020167731594397885 0.00019297005571894478 0.0012049531399903881 -0.0011078887882066625
leaf_weight=42012.5 897 648 10351.5 505 530 798 1396 11349.5 28001.5 215 726 336 422 11502.5 367 586 557 6997 537 3397 2848 1422 377 1695 723 773 203 11086 3974 213
leaf_count=41990 897 648 10351 505 530 798 1396 11346 27998 215 726 336 422 11501 367 586 557 6997 537 3397 2848 1422 377 1695 723 773 203 11086 3974 213
internal_value=1.15888e-05 -8.67392e-05 9.72058e-05 -0.00109135 0.000119046 0.000253778 -0.000426855 1.69065e-06 -5.91939e-05 -8.56121e-05 -6.77576e-05 0.00027996 -0.00156169 -0.0003326 -8.41325e-05 0.000296082 9.36794e-05 4.55901e-05 0.00104139 -2.88232e-05 0.00012725 -7.50794e-05 0.000655301 -0.000100464 0.000433108 0.00104267 0.000224772 0.000428148 0.000607452 0.00108706
internal_weight=145446 67697.5 77748 1402 76346 43479.5 13968.5 53729 32866.5 32336.5 32121.5 42681.5 1070 12898.5 42379.5 42345.5 16721 16164 1123 15041 11644 8419 3225 31395.5 3394 1699 926 25624.5 14538.5 4187
internal_count=145414 67670 77744 1402 76342 43479 13967 53703 32863 32333 32118 42681 1070 12897 42357 42345 16721 16164 1123 15041 11644 8419 3225 31392 3394 1699 926 25624 14538 4187
is_linear=0
shrinkage=0.03


Tree=63
num_leaves=31
num_cat=0
split_feature=80 53 51 46 16 12 74 1 68 71 20 48 71 81 59 75 6 19 23 11 6 53 84 63 12 86 16 83 27 48
split_gain=1.80207 1.87788 2.01307 1.82412 1.45107 1.41237 1.96327 1.60041 1.41439 2.65316 1.39484 1.33994 1.85016 1.64117 1.49092 1.32397 1.30864 1.45657 1.29265 1.44476 1.22122 1.49541 1.42577 1.22017 1.20539 2.10812 1.66733 1.2746 1.19279 1.19214
threshold=0.57304999232292186 0.2864499986171723 0.29414999485015875 0.97044998407363903 -0.12375000119209288 0.48655000329017645 -0.014704999979585407 -0.051064999774098389 0.23214999586343768 31.500000000000004 0.28554999828338629 1.2415000200271609 42.500000000000007 0.027435000054538253 0.91069999337196361 0.96885001659393322 0.76045000553131115 0.25894999504089361 38.405000686645515 0.050255000591278083 -0.33085000514984125 0.12985000014305118 0.056199999526143081 -0.0045819999650120726 0.44544999301433569 0.51745000481605541 -0.088595002889633165 0.015664999838918451 1.0745000243186953 0.72484999895095836
decision_type=10 10 10 2 2 2 10 2 8 10 2 2 8 2 10 2 10 2 2 2 8 10 10 2 2 2 2 10 10 2
left_child=1 3 -3 11 -5 6 -2 -7 9 -9 -10 12 14 18 20 24 -12 23 -14 -20 21 22 -1 -18 27 26 -26 -15 -4 -22
right_child=5 2 28 4 -6 7 -8 8 10 -11 16 -13 13 15 -16 -17 17 -19 19 -21 29 -23 -24 -25 25 -27 -28 -29 -30 -31
leaf_value=-0.00092539571081062832 4.271884289756098e-05 0.00078480413908285445 0.00060294094027873752 -0.002754017913435553 -0.0006019168265842304 -0.0025055318874536753 0.00052795341031341991 -0.00065224719425949098 0.00026256648457343969 0.0020468306952036268 -0.00037452119021058605 0.00013191256330280174 -0.002931191968473028 -0.0025762385276027495 -0.00064558603791524448 -0.0019350056949743004 0.0031401254340189394 -1.4633570640771879e-05 -0.0014244121039051635 0.0014491016372097747 0.00031457055290825403 -0.0011268694973366317 0.0015475153103086706 0.00057230601189101537 0.0012457138958758664 -0.00039132529247516034 7.5949624114260802e-05 -0.00041749244374482625 -0.0015924226507807199 -0.00013124891202393246
leaf_weight=247 15350 3961 359 310 3036 228 14682 549 9846.5 811 11957 18949.5 352 250 2819 429 235 7764 715 201 8236 302 1372 568 1484 7194 4194 12883 584 15662.5
leaf_count=247 15343 3961 359 310 3036 228 14655 549 9846 811 11957 18949 352 250 2819 429 235 7764 715 201 8236 302 1372 568 1484 7194 4194 12882 584 15661
internal_value=9.68531e-06 -8.12524e-05 0.000488254 -0.000116774 -0.000802068 0.000132235 0.000279949 -6.58005e-06 1.14546e-05 0.000957598 -3.09441e-05 -8.63087e-05 -0.000159706 -0.000334499 9.37679e-06 -0.000283895 -0.000171763 0.000111237 -0.00138839 -0.000792978 8.09086e-05 0.000808428 0.0011699 0.00132676 -0.000256583 -5.02674e-05 0.000381844 -0.000458779 -0.000756895 2.2398e-05
internal_weight=145530 83540 4904 78636 3346 61990.5 30032 31958.5 31730.5 1360 30370.5 75290 56340.5 27702 28638.5 26434 20524 8567 1268 916 25819.5 1921 1619 803 26005 12872 5678 13133 943 23898.5
internal_count=145493 83537 4904 78633 3346 61956 29998 31958 31730 1360 30370 75287 56338 27701 28637 26433 20524 8567 1268 916 25818 1921 1619 803 26004 12872 5678 13132 943 23897
is_linear=0
shrinkage=0.03


Tree=64
num_leaves=31
num_cat=0
split_feature=72 75 26 67 56 56 74 82 62 5 75 70 59 23 56 16 39 51 53 66 56 30 68 88 59 0 70 1 75 69
split_gain=1.59397 1.32217 1.52536 1.4387 1.47151 1.45281 1.33166 1.63184 1.81786 1.65469 1.66113 1.51839 1.38347 1.34503 1.28604 1.46021 1.2821 1.56674 1.5841 1.28173 1.16483 1.14634 1.9964 1.68264 1.43378 1.13939 1.2405 1.12345 1.68487 1.39782
threshold=4.5000000000000009 0.25425000488758093 0.14025000482797625 0.34395000338554388 0.20935000479221347 -0.098445001989603029 0.084194999188184752 0.70855000615119945 -0.14935000240802762 0.87639999389648449 0.98315000534057628 0.80445000529289257 0.36704999208450323 62.155000686645515 0.1620999947190285 -0.12034999951720236 0.03448500111699105 -0.52875000238418568 0.16764999926090243 0.12565000355243686 0.009219500236213209 0.6837500035762788 0.23214999586343768 0.97385001182556163 0.63589999079704296 0.055475000292062766 0.96544998884201061 -0.10225000232458113 0.060270000249147422 0.86855000257492077
decision_type=10 2 2 8 10 8 10 2 2 2 2 10 8 2 8 2 2 10 10 2 8 8 10 2 8 2 10 2 2 8
left_child=1 3 -3 4 5 -1 7 9 -9 10 14 13 -11 -8 25 -16 -5 18 -18 21 -12 -10 23 24 -23 -4 -27 29 -29 -7
right_child=-2 2 6 16 -6 27 11 8 19 12 20 -13 -14 -15 15 -17 17 -19 -20 -21 -22 22 -24 -25 -26 26 -28 28 -30 -31
leaf_value=0.0013745139790038031 0.00034406773431593861 -0.00053385495522139152 3.9813325852655724e-05 9.185466269949279e-06 0.0020893760181580202 0.0027480650272943235 0.0004662279816610472 0.0019972475712382864 -0.00042247870306318157 0.00033583602953925196 -0.0026840919378347196 0.0012982802011967311 0.0025823090503303697 -0.0025082076033990223 0.0012127577603501599 -0.00075362445179171943 -0.0017393417643537261 0.00049558869562079603 0.001194635669750959 0.0014171901797629415 -0.00030995545929975128 0.0015354288503318001 -0.00027019294744117737 0.0037409470528431345 -0.0014322976194038664 -0.0025062277439595287 9.2777406754480165e-05 -0.0017077680969040669 -0.00036476710360242872 -0.00028036325131133567
leaf_weight=398 10390 6688.5 60730 13875.5 225 202 419 309 21302 661 351 1301.5 393 202 378 3299 561 13082 234 378 395 501 2486 207 206 331 329 1062 4025 422.5
leaf_count=398 10390 6685 60722 13860 225 202 419 309 21300 661 351 1301 393 202 378 3299 561 13077 234 378 395 501 2486 207 206 331 329 1062 4025 421
internal_value=-1.39671e-05 -4.15343e-05 -9.61215e-05 0.000119993 -0.000287926 -0.000375805 -6.50286e-05 -8.13165e-05 -0.000286071 -3.56917e-06 -2.24636e-05 0.000716225 0.00117512 -0.000503779 -6.31452e-06 -0.000551203 0.000213107 0.000416992 -0.00087534 -0.000314282 -0.00142911 -0.000340834 0.000170669 0.00136876 0.000669915 2.63304e-05 -0.00121248 -0.000497993 -0.000645423 0.000702036
internal_weight=145344 134954 100867 34087 6334.5 6109.5 94178.5 92256 25389 66867 65813 1922.5 1054 621 65067 3677 27752.5 13877 795 25080 746 24702 3400 914 707 61390 660 5711.5 5087 624.5
internal_count=145308 134918 100853 34065 6333 6108 94168 92246 25387 66859 65805 1922 1054 621 65059 3677 27732 13872 795 25078 746 24700 3400 914 707 61382 660 5710 5087 623
is_linear=0
shrinkage=0.03


Tree=65
num_leaves=31
num_cat=0
split_feature=0 80 64 54 1 58 0 64 76 6 48 25 22 89 20 57 56 52 63 50 56 58 52 89 58 52 64 1 32 25
split_gain=2.06245 1.47119 1.79568 1.65293 1.45447 2.61668 1.7937 1.60805 1.50352 1.38856 1.35282 1.29662 1.21052 1.72945 1.42429 1.63112 1.27846 1.52464 1.20358 1.17848 1.15645 2.03676 3.21019 2.83968 1.85071 1.7258 1.7387 1.62543 2.35333 1.7692
threshold=0.096330001950263991 0.51714998483657848 -0.049975000321865075 -0.056785000488162034 1.0000000180025095e-35 25.474999427795414 -0.030135000124573704 -0.012254999950528143 0.7064499855041505 -0.53310000896453846 1.0065000057220461 17.685000419616703 -0.60109999775886525 0.97615000605583202 0.63365000486373912 0.27625000476837164 0.11589999869465829 1.0000000180025095e-35 -0.010974999982863663 -0.054974999278783791 -0.050470000132918351 34.029998779296882 0.8444499969482423 0.36544999480247503 31.429999351501468 0.73945000767707836 -0.0014719999744556842 -0.060285000130534165 0.49785000085830694 40.085000991821296
decision_type=2 10 2 10 2 8 2 2 2 8 2 2 2 2 2 10 8 10 2 8 8 10 10 2 10 8 2 2 8 2
left_child=1 2 -1 4 11 6 -6 18 -7 -9 -11 -4 14 16 -5 -16 17 -14 -8 -13 21 22 23 -3 27 26 -23 28 29 -22
right_child=-2 20 3 12 5 8 7 9 -10 10 -12 19 13 -15 15 -17 -18 -19 -20 -21 24 25 -24 -25 -26 -27 -28 -29 -30 -31
leaf_value=-0.0022025647302531476 -0.0018543002926189143 0.00019768451738280365 -0.00053012745804084519 0.0014346798182120395 -0.0024136785768176902 0.0018282372890650099 -0.0023028545008496161 -0.0020976142009481958 0.00020120686619346068 0.00062297766097544943 -4.8866912162431731e-05 0.00057294562118008312 0.0019946639438886068 -0.0014961730688096144 -0.0022423333214240128 0.00050831483734668521 -0.00073478193771762501 -0.00017872786876667641 -0.00026884669319095396 -0.00010546415802019078 0.00084001044665024953 0.0026972075227355017 0.0001814418305981075 -0.001341956927871318 -0.00067717525433927297 -0.0001957906523053152 0.00040995187062600795 0.0001454998017375379 -0.0017335488432874307 0.0032257311828946915
leaf_weight=362 544 1540 4860 852 245 1413 355 214 801 6331 4699 2935 292 977 266 709 3878 34018 991 10713.5 2616.5 533 5124 3592 2328 1178 681 51652.5 290 312.5
leaf_count=362 544 1538 4860 852 245 1413 355 214 801 6331 4699 2935 292 977 266 709 3878 34018 991 10713 2613 533 5110 3591 2328 1178 681 51642 290 312
internal_value=-1.22637e-05 -5.32857e-06 -9.76774e-05 -8.7427e-05 6.87002e-05 0.000287724 0.000123384 0.000172943 0.00123995 0.000290265 0.00033678 -0.000109391 -0.000215237 -0.000250451 0.000539378 -0.000243647 -0.000218543 -0.000160173 -0.000806616 4.04537e-05 9.37156e-05 -0.000165869 -0.000349725 -0.000879996 0.000151117 0.000622256 0.00141555 0.00018627 0.000840227 0.00109556
internal_weight=145303 144759 74911.5 74549.5 33557.5 15049 12835 12590 2214 11244 11030 18508.5 40992 39165 1827 975 38188 34310 1346 13648.5 69847.5 12648 10256 5132 57199.5 2392 1214 54871.5 3219 2929
internal_count=145271 144727 74911 74549 33557 15049 12835 12590 2214 11244 11030 18508 40992 39165 1827 975 38188 34310 1346 13648 69816 12631 10239 5129 57185 2392 1214 54857 3215 2925
is_linear=0
shrinkage=0.03


Tree=66
num_leaves=31
num_cat=0
split_feature=74 12 12 80 63 19 50 43 27 64 3 66 53 51 28 74 12 43 61 61 31 2 48 49 39 53 59 68 53 31
split_gain=1.56749 1.63174 1.58559 1.48829 1.47185 1.35736 1.27338 1.90357 1.26308 1.46737 1.15914 1.3215 1.47673 1.98302 1.52403 1.35867 1.80447 1.33893 1.23258 1.57772 1.15488 1.31159 1.19333 1.09085 1.06285 1.06048 1.64659 2.12739 1.74446 1.29734
threshold=-0.015645000152289864 0.82104998826980602 0.96815001964569103 0.54989999532699596 0.0041525000706315049 0.6382499933242799 0.11914999783039094 -0.0069355000741779796 0.55584999918937694 0.025035000406205658 -0.14944999665021894 -0.019549999386072155 0.0091519998386502283 0.57484999299049389 21.445000648498539 0.041759999468922622 0.29195000231266027 -0.044165000319480889 0.0094564999453723448 -0.0028674999484792347 0.19455000013113025 -0.075795002281665788 0.44384999573230749 -0.14815000444650647 0.044205000624060638 0.21704999357461932 0.82005000114440929 0.7007499933242799 0.25695000588893896 0.19675000011920932
decision_type=10 2 2 10 2 2 8 2 10 2 2 2 8 8 10 10 2 2 2 2 10 2 2 10 2 8 8 10 10 10
left_child=2 3 6 8 -4 -3 25 -8 24 -10 18 15 13 14 -13 17 -17 -12 19 -5 21 -14 -22 -9 -2 -1 27 28 -27 -28
right_child=1 5 4 10 -6 -7 7 23 9 -11 11 12 20 -15 -16 16 -18 -19 -20 -21 22 -23 -24 -25 -26 26 29 -29 -30 -31
leaf_value=-0.00013512368188841088 -0.00099237986256616112 -0.00014437951154344639 0.0001400685573299267 0.00083051785740914728 0.0032559821772180338 -0.0017648284450774978 -0.0032280717430390659 0.0015476842842574042 0.00011065829867680343 -0.0011541829393402782 -0.0013106220219884317 0.0001319037354205077 0.0027898129340740781 -0.0029826657751124701 -0.0010456053014448535 0.0028906991515103 0.00069425432459379504 0.00052639415882201653 -0.00050746715044611005 0.0034969131955563098 0.0020770294045679366 0.00061277964462158857 8.0166087629836904e-05 -0.00084032588141266719 0.00093035677940580901 0.00057801151658454805 0.0022110958054671189 0.0017930783071105167 -0.00046111647345831733 0.00041799675208604656
leaf_weight=62286.5 1711 12656 313 536.5 241 482 272 202 28626 849 378.5 4366 267 228 1278 499.5 1031 6060.5 267 318 277 3549 8654 1134 304 2154 591 565 4469 941
leaf_count=62280 1711 12656 313 536 241 482 272 202 28625 849 376 4363 267 228 1275 499 1031 6043 267 315 277 3549 8654 1134 304 2154 591 565 4469 941
internal_value=-5.44156e-07 9.8484e-05 -9.84483e-05 0.000165606 0.00149897 -0.000203959 -0.000110656 -0.000945217 2.45011e-05 7.41878e-05 0.000325953 0.000286074 0.000147688 -0.000245928 -0.000134864 0.000609325 0.00141251 0.000418223 0.00127031 0.00182574 0.000329015 0.000765794 0.000142326 -0.000478377 -0.000701982 -9.17437e-05 0.000218097 2.77238e-05 -0.000123124 0.00111071
internal_weight=145506 72338 73168.5 59200 554 13138 72614.5 1608 31490 29475 27710 26588.5 18619 5872 5644 7969.5 1530.5 6439 1121.5 854.5 12747 3816 8931 1336 2015 71006.5 8720 7188 6623 1532
internal_count=145469 72307 73162 59169 554 13138 72608 1608 31489 29474 27680 26562 18613 5866 5638 7949 1530 6419 1118 851 12747 3816 8931 1336 2015 71000 8720 7188 6623 1532
is_linear=0
shrinkage=0.03


Tree=67
num_leaves=31
num_cat=0
split_feature=50 25 43 44 77 85 67 71 89 87 62 64 77 28 80 11 71 24 25 32 77 14 6 31 31 80 65 76 60 81
split_gain=1.45667 1.42235 1.33642 1.33244 1.38796 1.56849 1.44717 1.2179 1.58269 1.41795 1.3152 1.73157 1.69467 1.24627 1.21617 1.15056 1.1377 1.13676 2.22543 1.39013 1.25111 1.12037 1.41022 1.18697 1.11115 1.10376 1.44908 1.09501 1.08636 1.05185
threshold=0.02326499950140715 38.864999771118171 -0.01060499995946884 90.000000000000014 0.027329999953508381 0.80040001869201671 0.4277500063180924 4.5000000000000009 0.97194999456405651 0.88104999065399181 -0.034719999879598611 0.007497000042349101 0.90154999494552623 19.384999275207523 0.98315000534057628 0.098675001412630095 61.500000000000007 -0.0017295000143349169 23.845000267028812 0.60645002126693737 0.86384999752044689 0.12224999815225603 0.71834999322891246 0.20005000382661822 0.32754999399185186 0.072385001927614226 -0.0015040000434964893 0.73425000905990612 0.020785000175237659 0.047724999487400062
decision_type=10 2 2 2 2 10 8 8 2 2 2 2 2 10 8 2 8 2 2 8 2 2 10 10 8 8 10 2 2 2
left_child=1 3 15 4 6 17 16 9 14 -4 12 -12 -10 -14 -9 28 -1 18 29 27 -19 22 -3 -23 -8 26 -7 -20 -2 -6
right_child=2 21 7 -5 5 25 24 8 10 -11 11 -13 13 -15 -16 -17 -18 20 19 -21 -22 23 -24 -25 -26 -27 -28 -29 -30 -31
leaf_value=-0.0010361159003647454 -0.0004874122721515867 0.00041990187045916881 -0.00019392932614784218 -0.00061525863108636224 -0.0012909092421318361 -0.0018626543998579938 0.00036675929089307767 -7.8657658096775563e-05 0.0023755923755339032 0.0013097355549213624 -0.00075132154902760365 -0.0029184948116540909 -0.0024537829927673252 0.00046421332120517893 0.0012927659616183171 -0.0023166904536314229 -0.0035782679574748607 0.00015255086658854473 0.00031666310577094529 -0.00071989560183563798 -0.00054170304448105517 0.00066541482795859082 0.0016826631812993582 -0.00050718678257026441 -0.0012780466672222407 0.00041489519751855412 0.0002522310146577506 -0.00129779182600144 0.0010707820447104412 -0.00026772923971816223
leaf_weight=633 8835 6899 1066 2968 943 456 1161.5 23099 232 1198 1519 424 215 337 596 295 211 36376 12422 1425 2495.5 1208 899 2173 541 13330 805 389 421 21530.5
leaf_count=632 8835 6896 1066 2968 943 456 1159 23099 232 1198 1519 424 215 337 596 295 211 36373 12413 1425 2495 1208 899 2173 541 13320 805 389 421 21525
internal_value=-9.10625e-06 4.77514e-05 -0.00016801 1.03404e-05 3.03727e-05 4.98817e-05 -0.00066019 -6.56649e-05 -0.000122892 0.000601965 -0.000807173 -0.0012255 0.000229809 -0.000674707 -4.41092e-05 -0.000475361 -0.00167514 -5.09451e-06 -0.000124815 0.000168659 0.000107968 0.000367941 0.000565678 -8.81542e-05 -0.000156351 0.000334638 -0.000513419 0.000267543 -0.000416431 -0.000310718
internal_weight=145102 106866 38237 95686.5 92718.5 90172 2546.5 28686 26422 2264 2727 1943 784 552 23695 9551 844 75581 36709.5 14236 38871.5 11179 7798 3381 1702.5 14591 1261 12811 9256 22473.5
internal_count=145068 106831 38237 95655 92687 90144 2543 28686 26422 2264 2727 1943 784 552 23695 9551 843 75563 36695 14227 38868 11176 7795 3381 1700 14581 1261 12802 9256 22468
is_linear=0
shrinkage=0.03


Tree=68
num_leaves=31
num_cat=0
split_feature=80 53 70 41 64 56 6 65 6 0 69 49 59 68 25 58 52 52 58 53 64 0 63 83 63 65 63 57 62 59
split_gain=1.46152 1.74486 1.46243 1.68299 1.65997 1.47209 1.35396 1.43923 1.54587 1.33928 1.3441 1.28827 2.37999 1.66087 1.16901 1.41824 2.73135 2.18272 2.2241 1.78789 1.99135 1.70688 2.03788 1.74538 1.66008 2.85017 1.81209 1.61956 1.5814 1.57393
threshold=0.54989999532699596 0.2864499986171723 0.79785001277923595 0.20054999738931659 0.017775000073015693 0.11445000022649766 0.28135000169277197 0.0031794999958947305 -0.13415000587701795 0.055475000292062766 1.1574999690055849 0.18744999915361407 0.62200000882148754 0.29964999854564672 38.864999771118171 19.365000724792484 0.68674999475479137 1.0264999866485598 19.765000343322757 0.25225000083446508 -0.010565000120550392 0.01291499985381961 0.02224999945610762 0.95754998922348034 -0.012319999746978281 0.0082219997420907038 -0.020720000378787514 0.12934999912977221 -0.03637499921023845 0.93700000643730175
decision_type=10 10 10 2 2 10 8 10 10 2 10 10 10 10 2 8 10 10 8 10 2 2 2 8 2 8 2 10 2 10
left_child=1 2 3 4 9 -4 7 -7 -9 10 -1 13 -13 -3 15 16 27 18 -17 -18 -21 22 28 -23 26 -26 -19 -2 -20 -24
right_child=14 11 5 -5 -6 6 -8 8 -10 -11 -12 12 -14 -15 -16 17 19 24 21 20 -22 23 29 -25 25 -27 -28 -29 -30 -31
leaf_value=-0.00027802004676385003 0.00024490927100097716 0.0020764955645765242 2.436275744675986e-05 -0.002454128307047092 0.00050375712016547281 -0.001197056785763103 0.00037922726480784546 0.001932509069115603 -0.0010253430948717075 -0.0022808268823446441 -0.0014278404446891866 -0.00096891601213370127 0.0016704502906941343 0.00043327103497950193 0.00042640830978183216 -0.0019903293635001019 5.1028728219003314e-05 0.00032620737583523621 -0.00050576732286775864 0.0015343056185669504 -0.001476953036928582 -0.0010794905364684357 -0.0024510331361894018 0.0010496825207640533 0.00052891525583073108 -0.0016469816747934013 0.0028059007112157639 0.0010016508943126441 0.000290123115437882 0.00063784776158251925
leaf_weight=25588 6061.5 722 41649 322 2262 2514 1027 306 329 316 948 1118 423 2366 8162.5 696 25587.5 586 3304 233 1276 3056 534 390 2712 676 484 4388 7017 205
leaf_count=25588 6057 722 41646 322 2262 2514 1027 306 329 316 948 1118 423 2366 8161 696 25561 586 3304 233 1276 3056 534 390 2712 676 484 4388 7017 205
internal_value=-1.4625e-05 -0.000100702 -0.000135475 -0.000300471 -0.000276569 -2.94838e-05 -0.000566396 -0.000874819 0.000400813 -0.000342319 -0.00031915 0.00046456 -0.000243804 0.000818018 9.05738e-05 4.26483e-05 0.000150737 -0.000163773 -0.000334948 -8.16654e-06 -0.00101129 -0.000255391 -7.37169e-05 -0.000838287 0.000419889 9.44056e-05 0.00144944 0.000562749 3.53152e-05 -0.00159447
internal_weight=145258 79890 75261 29436 29114 45825 4176 3149 635 26852 26536 4629 1541 3088 65368.5 57206 37546 19660 15202 27096.5 1509 14506 11060 3446 4458 3388 1070 10449.5 10321 739
internal_count=145223 79887 75258 29436 29114 45822 4176 3149 635 26852 26536 4629 1541 3088 65336 57175 37515 19660 15202 27070 1509 14506 11060 3446 4458 3388 1070 10445 10321 739
is_linear=0
shrinkage=0.03


Tree=69
num_leaves=31
num_cat=0
split_feature=85 5 62 62 87 12 81 20 72 64 50 62 53 2 30 67 62 87 71 51 19 30 24 3 0 7 71 67 65 71
split_gain=1.40812 1.6528 2.10855 3.64236 1.2499 1.37529 1.43724 1.40026 1.2279 1.2515 1.24075 1.267 1.22406 1.45236 1.65741 1.39371 1.3809 1.29316 1.28372 1.21415 1.2019 1.33324 1.20179 1.16941 1.32653 1.28827 1.40013 1.14318 1.12348 1.08822
threshold=0.51695001125335704 -0.36865000426769251 -0.094255000352859483 -0.039055000990629189 0.011270000133663418 0.29584999382495886 0.027435000054538253 0.69345000386238109 4.5000000000000009 0.031729999929666526 0.018085000105202201 -0.077780000865459428 -0.017624999396502968 -0.096064999699592576 -0.805750012397766 0.69374999403953563 0.072514999657869353 0.022900000214576725 22.500000000000004 -0.11724999919533728 0.62744998931884777 -0.21554999798536298 0.0081699998117983359 0.02452499978244305 0.060395000502467162 -0.31655000150203699 28.500000000000004 0.61865001916885387 -0.0032224999740719791 61.500000000000007
decision_type=10 2 2 2 2 2 2 2 10 2 10 2 10 2 8 10 2 2 10 8 2 8 2 2 2 10 8 10 10 10
left_child=8 2 -2 28 -3 6 -6 -7 9 12 11 -10 -1 14 -14 23 17 -16 -19 -11 22 -22 -8 29 25 26 -25 -12 -4 -15
right_child=1 4 3 -5 5 7 20 -9 10 19 27 -13 13 15 16 -17 -18 18 -20 -21 21 -23 -24 24 -26 -27 -28 -29 -30 -31
leaf_value=-0.00033975484087122004 -0.0017266144502043189 -0.0012287935405011898 0.0014616588048930533 0.00046420174720277114 -0.0015528521091154783 2.1662532871787579e-05 0.00022046903950348107 -0.00098293513431171962 -0.00079453088248474261 0.002570037101114973 -8.0211240851671474e-05 0.0007637546913091453 0.0030934689253729981 -0.00019283461035307558 -0.002045014378322193 0.0003597576160362925 0.0024992872210840384 -0.00089535088392400761 0.0017968464820908774 0.00031997495194145795 0.0016786678146517569 -0.00079860734698725903 0.0016166145771471247 0.0029359271662578977 -0.0019074255277827933 8.6756034632481196e-06 0.00037729328807649084 -0.0024304653232524154 0.004280140321765445 -0.00072798402760397367
leaf_weight=20031.5 258 660.5 202 1773 372 46743 17594 1282 533 274 1280 3902 253 18516 233 5494 224 294 346 1005 1042 240 572 279 310 16332.5 617 217 350 4194
leaf_count=20025 258 660 202 1773 372 46742 17567 1282 533 274 1280 3902 253 18512 233 5494 224 294 346 1005 1042 240 572 279 310 16332 617 217 350 4194
internal_value=1.58236e-06 9.70415e-05 0.000841852 0.00112749 6.89465e-05 8.15985e-05 0.000291844 -5.17454e-06 -8.97078e-05 -0.000125615 0.000324299 0.000576342 -0.000143333 -5.97768e-05 0.000909641 -8.84065e-05 0.000403628 -0.000136334 0.000560651 0.000803637 0.000327208 0.00121464 0.000264517 -0.000149589 3.44206e-05 6.94698e-05 0.0011764 -0.000422291 0.00325325 -0.000291692
internal_weight=145424 71088.5 2583 2325 68505.5 67845 19820 48025 74335 68403 5932 4435 67124 47092.5 1350 45742.5 1097 873 640 1279 19448 1282 18166 40248.5 17538.5 17228.5 896 1497 552 22710
internal_count=145384 71060 2583 2325 68477 67817 19793 48024 74324 68392 5932 4435 67113 47088 1350 45738 1097 873 640 1279 19421 1282 18139 40244 17538 17228 896 1497 552 22706
is_linear=0
shrinkage=0.03


Tree=70
num_leaves=31
num_cat=0
split_feature=67 82 31 59 45 0 74 68 30 22 16 26 28 88 21 77 76 44 66 58 4 28 22 7 21 75 60 29 69 8
split_gain=1.42386 1.72253 1.64147 1.59238 1.36219 1.34646 1.34548 1.33345 1.60154 1.61471 1.20204 1.25952 1.3419 1.31849 1.20198 1.3354 1.14956 1.11251 1.1023 1.60576 1.52006 1.12319 1.0978 1.08878 1.0741 1.06589 1.23358 1.07264 1.03129 1.16559
threshold=0.27854999899864202 0.9048999845981599 0.25714999437332159 0.026785000227391723 0.94685000181198131 0.01831499952822924 0.080830000340938582 0.30304999649524694 0.6837500035762788 -0.48974999785423273 0.041145000606775291 0.098245002329349532 17.015000343322757 0.55024999380111705 0.6415500044822694 0.77535000443458568 0.13614999502897265 94.000000000000014 -0.019549999386072155 15.565000057220461 0.15785000473260882 19.884999275207523 -0.39624999463558191 0.46154999732971197 0.62305000424385082 0.98315000534057628 0.0030554999830201273 0.82234999537467968 1.1004999876022341 0.081395000219345107
decision_type=10 2 10 10 2 2 10 10 8 2 2 2 10 2 2 2 2 2 2 8 2 10 2 10 2 2 2 8 10 2
left_child=1 7 3 -3 6 16 25 8 10 -10 11 12 -1 22 -5 -16 -4 -12 21 20 -20 -18 -13 -19 -9 27 -27 -2 -6 -30
right_child=4 2 5 14 28 -7 -8 24 9 -11 17 13 -14 -15 15 -17 18 23 19 -21 -22 -23 -24 -25 -26 26 -28 -29 29 -31
leaf_value=-0.0030800322875005498 5.9820459007779234e-05 -0.0020001382853006167 -0.002036213919047718 0.00042498371307387049 -0.00044315525937043136 -0.0024398211906651347 0.00086500423547425701 -0.00037650909364856489 0.0034479770775294244 0.00059302046691386118 0.00030878968569766912 0.00080087305097023044 -0.00063436509810498585 -0.00056066333765834994 5.1181102407618535e-05 -0.0025264945672195706 -0.0030405573459881307 0.00024427501771803181 -0.0027423383244561954 0.00072008547665877362 0.00022082909999326581 -0.00048882396327331657 -0.00015116666290019499 -0.0027599512139568102 -0.0025402930991291111 -0.0020209269924434717 0.00066096832441032277 0.00079163212220461645 5.0576536121361801e-05 0.0023015538294089682
leaf_weight=261 99121 370 550 2287 7701 548 1927.5 5903 201 1526 8090 1726 884 3649 465 295 265 218 308 928 314 374 2955 215 213 454 233 1835 1367 243
leaf_count=261 99083 370 550 2287 7701 548 1926 5902 201 1526 8090 1726 884 3649 465 295 265 218 308 928 314 374 2955 215 213 454 233 1835 1367 243
internal_value=-1.64675e-06 -0.000176468 -0.00060493 -0.000144436 4.87574e-05 -0.00108345 8.00053e-05 -6.52921e-05 5.47123e-05 0.000927103 -2.90449e-05 -0.00026156 -0.00119405 -0.000133257 8.14865e-05 -0.000951369 -0.000811282 0.000229442 -0.000502721 -7.01882e-05 -0.00124851 -0.00155015 0.00019997 -0.00125035 -0.000452269 6.51106e-05 -0.00111171 7.31297e-05 -0.000298799 0.000391538
internal_weight=145426 32545 6704 3417 112882 3287 103570 25841 19725 1727 17998 9475 1145 8330 3047 760 2739 8523 2189 1550 622 639 4681 433 6116 101643 687 100956 9311 1610
internal_count=145386 32544 6704 3417 112842 3287 103531 25840 19725 1727 17998 9475 1145 8330 3047 760 2739 8523 2189 1550 622 639 4681 433 6115 101605 687 100918 9311 1610
is_linear=0
shrinkage=0.03


Tree=71
num_leaves=31
num_cat=0
split_feature=9 69 53 81 62 28 14 60 42 75 89 41 29 56 62 13 78 59 60 62 64 56 4 60 61 15 6 59 43 85
split_gain=1.45514 1.45035 1.33233 1.56246 2.18521 1.61218 2.04299 1.48211 1.40052 1.37206 1.35594 1.79337 1.68436 1.44965 1.91196 1.33137 1.25102 1.67774 1.87597 1.76455 1.6949 2.34482 1.66263 1.80961 2.02715 1.53819 1.57754 1.40336 1.66309 1.64477
threshold=-0.096895001828670488 0.91815000772476207 0.045414999127388007 0.12034999951720239 0.025059999898076061 19.744999885559086 0.097725000232458129 0.016084999777376655 -0.10864999890327452 0.50585001707077037 0.76695001125335704 0.036624999716877944 0.82234999537467968 0.11780000105500223 -0.033959999680519097 0.55000001192092907 0.43694999814033514 0.86610001325607311 0.00096574999042786669 0.046869998797774322 0.0058500000741332778 -0.045600000768899911 0.088945001363754286 -0.0013110000290907917 -0.00038174999644979829 0.45395000278949743 0.76045000553131115 0.13194999843835833 0.051895000040531165 0.2913499921560288
decision_type=2 8 8 2 2 10 2 2 2 2 2 2 10 8 2 2 2 10 2 2 2 10 2 2 2 2 8 10 2 10
left_child=1 -1 10 4 7 6 -5 -4 -7 15 12 -12 13 -2 -15 -6 -10 19 25 20 21 -18 -23 -24 -25 26 -19 28 -21 -29
right_child=2 -3 3 5 9 8 -8 -9 16 -11 11 -13 -14 14 -16 -17 17 18 -20 27 -22 22 23 24 -26 -27 -28 29 -30 -31
leaf_value=0.0015086817796497944 -2.1648086188960838e-05 0.00026019525204852692 -0.0001182719747178141 0.00045857798329802259 -0.00097687156705049362 0.0018076155076820262 -0.00013669407883623553 0.0022646237982989394 -0.00025428548559460943 -0.0021129217027685398 -0.0012871442812281779 -0.0002356195835341128 0.0016822918136624515 -0.0029400952233533772 -0.00014931637290448412 0.0016415872064753439 -0.002526495322528328 -7.5063434083266502e-06 0.0017632744901210761 0.00033380256244771813 0.00029158226920266138 0.00063492116664191239 0.00031058472826329042 -0.0016359183509264315 -0.00036611076352155355 -0.0022102350716500779 0.0025609308403235285 -0.00051928685399829557 -0.0021186720846587269 0.0013409585028422431
leaf_weight=1045 49478 4203 4801 20524.5 1018 385.5 6944 246 12616 820 1649 12666.5 513 356 580 210 406 1031 1111 1351 6995 1790 2808 1345 7107 214 271 528 304 2242
leaf_count=1045 49449 4200 4801 20524 1018 385 6944 246 12616 820 1648 12666 513 356 580 210 406 1031 1111 1351 6995 1789 2808 1345 7105 214 271 528 304 2241
internal_value=1.86269e-05 0.000509038 2.80714e-07 8.64629e-05 -0.00033714 0.000130683 0.000308095 -1.69967e-06 1.03646e-05 -0.00116338 -9.88803e-05 -0.000356826 -2.63665e-05 -4.37864e-05 -0.00121277 -0.000528118 -6.94961e-06 0.000106512 0.000827392 3.03539e-05 -8.71826e-05 -0.000284088 -0.000214136 -0.000349155 -0.00056835 0.000140821 0.000528647 0.000573469 -0.00011769 0.000986311
internal_weight=145558 5248 140310 75068 7095 67973 27468.5 5047 40504.5 2048 65242.5 14315.5 50927 50414 936 1228 40119 27503 2627 24876 20451 13456 13050 11260 8452 1516 1302 4425 1655 2770
internal_count=145520 5245 140275 75063 7095 67968 27468 5047 40500 2048 65212 14314 50898 50385 936 1228 40115 27499 2627 24872 20448 13453 13047 11258 8450 1516 1302 4424 1655 2769
is_linear=0
shrinkage=0.03


Tree=72
num_leaves=31
num_cat=0
split_feature=28 67 53 74 9 60 86 20 28 70 59 60 52 66 53 53 53 79 87 79 74 59 89 20 12 19 12 58 58 23
split_gain=1.38832 1.14551 1.39883 1.16574 1.35483 1.77375 1.53233 1.24477 1.43776 1.23778 1.25717 1.14243 1.38837 1.11482 1.22863 1.09326 1.51579 1.68762 1.1102 1.14602 1.07494 1.0707 1.04314 1.87499 1.27938 1.11118 1.80739 1.27863 2.81078 1.04147
threshold=22.875000000000004 0.7576500177383424 -0.052604999393224709 0.010400000028312208 -0.077194999903440462 -0.023084999993443486 0.063085000962018981 0.32164999842643743 17.134999275207523 0.78135001659393322 0.026785000227391723 -0.010774999856948851 1.29449999332428 -0.021805000491440293 -0.18104999512434003 0.038425000384449966 0.16974999755620959 0.94384998083114635 0.027370000258088115 0.074305001646280303 -0.014704999979585407 0.78769999742507946 0.97615000605583202 0.5002499818801881 0.79514998197555553 0.88335001468658458 0.87874999642372142 22.664999961853031 15.654999732971193 26.255000114440922
decision_type=10 10 10 10 2 2 2 2 10 10 10 2 10 2 10 10 10 2 2 2 8 8 2 2 2 2 2 8 10 2
left_child=1 3 -3 4 5 -1 29 -8 -9 -5 -11 12 -10 -13 -15 18 17 -17 -12 -20 -2 -16 -6 24 -24 26 27 28 -25 -7
right_child=20 2 -4 9 22 6 7 8 11 10 15 13 -14 14 21 16 -18 -19 19 -21 -22 -23 23 25 -26 -27 -28 -29 -30 -31
leaf_value=-0.001174632096117001 -0.0014547749643386225 -0.0002763368951489372 0.00053075070441176543 -0.00011310208579417254 -6.7151053269821993e-05 0.00055809031648380056 -0.00036998436477145269 -0.00030911846700822033 0.0014926766905042994 -0.00038767534990374647 -0.0019894033893059862 0.00019720697077289318 0.0045706110959029015 0.0037377237413145068 0.0021639399704653801 0.00066500679982811595 7.605622751678573e-05 0.0022841911453242215 0.0015994780355239049 8.0931895065763587e-05 -0.00025342455799687785 0.00023134915844245246 -0.0025022307120261262 -0.0017428809230704409 -0.00058528897440472422 -0.0016443866418592956 0.0026067350432521811 -0.0022480012701977213 0.0027239426174359817 -0.00078671988739183033
leaf_weight=606 951 2585 7652 10892 89339.5 1022.5 587.5 517 368 2309 220.5 780 206 209 526 6639.5 3944 634 471 8542.5 2267.5 506 602 243 654 250 284 200 263 1049
leaf_count=606 951 2585 7652 10889 89321 1021 586 517 368 2309 218 780 206 209 525 6639 3944 634 471 8536 2267 506 602 243 654 250 284 200 263 1049
internal_value=7.29806e-06 2.1255e-05 0.000326942 -2.47845e-06 -5.4692e-05 0.000368114 0.00053029 0.00089601 0.00113505 0.0001499 0.000275759 0.00142278 0.00260333 0.00108637 0.00164462 0.000350677 0.000549671 0.000806439 0.000108906 0.000160452 -0.00060874 0.00121751 -8.40551e-05 -0.000688835 -0.00150534 0.000138749 0.000590241 -0.000223466 0.000579601 -0.000122968
internal_weight=145320 142102 10237 131865 98212.5 6377 5771 3699.5 3112 33652.5 22760.5 2595 574 2021 1241 20451.5 11217.5 7273.5 9234 9013.5 3218.5 1032 91835.5 2496 1256 1240 990 706 506 2071.5
internal_count=145285 142067 10237 131830 98190 6373 5767 3697 3111 33640 22751 2594 574 2020 1240 20442 11217 7273 9225 9007 3218 1031 91817 2496 1256 1240 990 706 506 2070
is_linear=0
shrinkage=0.03


Tree=73
num_leaves=31
num_cat=0
split_feature=85 0 12 77 28 69 7 18 28 0 49 61 58 79 57 63 68 63 74 64 68 52 71 77 88 6 80 68 75 27
split_gain=1.34958 1.7069 1.60504 1.43306 1.41344 1.26871 1.79231 1.35021 1.32825 1.22642 1.57556 1.57038 1.50936 1.54613 1.50091 1.47796 1.38464 1.68507 1.20265 1.15453 1.15382 1.12888 1.12259 1.09192 1.09179 1.09054 1.49362 1.0794 1.42125 1.0659
threshold=0.51695001125335704 0.060395000502467162 0.97654998302459728 0.97955000400543224 22.875000000000004 1.3145000338554385 -0.21544999629259107 0.6650499999523164 19.654999732971195 0.015554999932646753 -0.1508500054478645 -0.0091165001504123194 15.214999675750734 0.65114998817443859 0.26240000128746038 0.009709999896585943 0.44855000078678137 -0.0002566000039223581 0.046490000560879714 0.039610000327229507 0.2507500052452088 0.77485001087188732 26.500000000000004 0.93145000934600841 0.28094999492168432 0.11604999750852586 0.36415000259876257 0.41785000264644628 0.82655000686645519 0.91165000200271618
decision_type=10 2 2 2 10 10 10 2 10 2 10 2 8 2 8 2 8 2 10 2 10 10 8 2 2 10 8 8 2 10
left_child=1 2 3 5 9 7 -7 19 -9 18 11 -11 13 -12 16 21 17 -13 -2 29 -20 -15 -8 -22 -24 -10 -27 -3 -29 -1
right_child=4 27 -4 -5 -6 6 22 8 25 10 12 14 -14 15 -16 -17 -18 -19 20 -21 23 -23 24 -25 -26 26 -28 28 -30 -31
leaf_value=-9.3357553417024305e-05 0.00013835021917667095 0.00014873799673445961 0.0022942526274164266 -0.0020400702287276676 -0.00066145357684610929 -0.0034958425220948724 -0.0023220692425862046 0.00044698296615065445 0.0008924463132563001 -0.0016568431760005783 -0.00035770329588864232 -0.0028537438510493167 -0.00047855937665835152 -0.00063593694638811277 0.002444161813491184 0.0024842885664492355 0.0014772971000959619 0.00082342538835964807 -0.0004096307900434139 0.0013574294645615104 0.000636532075543354 0.00096145031152488659 -0.0017743273954906995 0.0019955560427308209 0.00081324765830375094 -0.0022026331471053941 -8.7269951975843893e-05 -0.0003118783709618987 -0.0034406080919500539 -0.00046585540830811479
leaf_weight=43794.5 50125.5 254 255 335 2177.5 219 228 8106 986 214 2141 200 8424 603 488 377 507 253 750 459 2924.5 1168 203 650 522 309 9714 215 333 8209
leaf_count=43784 50104 254 255 335 2177 219 228 8106 986 214 2141 200 8424 603 488 377 507 253 750 459 2923 1168 203 650 522 309 9714 215 333 8209
internal_value=-2.58854e-06 -9.21093e-05 -7.70463e-05 -8.53513e-05 9.08899e-05 -7.63222e-05 -0.00105496 -6.02835e-05 0.000155571 0.000114702 -0.00013176 0.000736614 -0.000245334 0.000212748 0.00109124 0.000781243 0.00040168 -0.000802759 0.00017977 -0.000138933 0.000659727 0.000417511 -0.000490973 0.000884151 8.72806e-05 -5.9019e-05 -0.000152698 -0.00146775 -0.0022159 -0.000152166
internal_weight=145144 74141.5 73339.5 73084.5 71002.5 72749.5 1172 71577.5 19115 68825 14375 1662 12713 4289 1448 2148 960 453 54450 52462.5 4324.5 1771 953 3574.5 725 11009 10023 802 548 52003.5
internal_count=145110 74131 73329 73074 70979 72739 1172 71567 19115 68802 14375 1662 12713 4289 1448 2148 960 453 54427 52452 4323 1771 953 3573 725 11009 10023 802 548 51993
is_linear=0
shrinkage=0.03


Tree=74
num_leaves=31
num_cat=0
split_feature=72 75 2 74 12 0 64 49 39 58 63 28 53 62 66 65 2 67 31 79 7 3 71 52 88 64 41 64 71 48
split_gain=1.30904 1.40318 1.32422 1.25089 1.73052 1.31332 1.62394 1.38592 1.48576 1.50584 1.35416 1.46575 1.30626 1.26189 1.18436 1.37032 1.15068 1.54974 1.3637 1.16492 1.59403 1.29233 1.13344 1.39241 1.22004 1.13369 1.21879 1.14131 1.13109 1.08079
threshold=4.5000000000000009 0.78130000829696666 0.029415000230073932 -0.024385000579059121 0.97654998302459728 0.0075844998937100181 0.031729999929666526 0.55764999985694896 0.044205000624060638 45.055000305175788 -0.010974999982863663 18.935000419616703 -0.13505000621080396 -0.076380003243684755 -0.023335000500082966 0.0066644998732954272 -0.096064999699592576 0.7576500177383424 0.63005000352859508 0.99445000290870678 1.7465000152587893 0.5160999894142152 741.50000000000011 1.5855000019073489 0.047714998945593841 -0.022210000082850453 -0.20985000580549237 -0.011320000048726795 50.500000000000007 0.40815000236034399
decision_type=10 2 2 10 2 2 2 10 2 10 2 10 10 2 2 8 2 10 8 2 8 2 10 10 2 2 2 2 10 2
left_child=3 -2 -3 4 16 7 -7 8 12 10 11 -10 -5 -12 15 -15 18 19 22 21 -21 -18 23 24 -1 -26 -27 -28 -16 -14
right_child=1 2 -4 5 -6 6 -8 -9 9 -11 13 -13 29 14 28 -17 17 -19 -20 20 -22 -23 -24 -25 25 26 27 -29 -30 -31
leaf_value=-0.00082979943367845099 0.00050311173838802009 -0.0014043252735110811 0.0001808957982252614 -0.00080639007027438606 0.0021330106333296403 -9.0322988228803809e-05 -0.0019810143673021229 -0.001687453715419359 0.00021193132936566297 -0.00064414036004427648 0.0018953734871521816 0.002171240325415354 0.0012904210137264192 -3.7242283946589422e-06 0.00040108037513639482 -0.0026468769629049088 -0.00022976855887221859 0.00034453642715566365 -0.0017067639217827986 0.0022142744869360644 -0.00092706858241201734 -0.0022489115640279495 0.0023472816039566509 -0.0015122476604164522 -0.0009356303454755541 0.0027256766660764013 0.0021461235223367535 0.00042019135284054404 0.0023366692438751531 0.00010446701740912347
leaf_weight=536 8326 722 1378 1402 303 23825 415 368 522 813 497 1006 702 806.5 2718 225 48205.5 4709 280 395 229 286 265 339 334 297 410 2147 301 42656.5
leaf_count=536 8326 722 1378 1402 303 23824 415 368 522 813 497 1006 701 806 2718 225 48203 4709 280 395 229 286 265 339 334 297 410 2146 301 42627
internal_value=4.47117e-06 0.000328334 -0.000364527 -2.05443e-05 -0.000124599 5.96023e-05 -0.000122773 0.00014459 0.000157676 0.0005678 0.000730056 0.00150247 9.45478e-05 0.000470244 0.000294955 -0.000582277 -0.000136342 -0.000175296 0.000318606 -0.000225141 0.0010618 -0.000241723 0.000450001 0.000325708 0.00049338 0.000716037 0.00090959 0.000697665 0.000594772 0.000123698
internal_weight=145418 10426 2100 134992 58735.5 76257 24240 52017 51649 6888.5 6075.5 1528 44760.5 4547.5 4050.5 1031.5 58432.5 53824.5 4608 49115.5 624 48491.5 4328 4063 3724 3188 2854 2557 3019 43358.5
internal_count=145383 10426 2100 134957 58732 76225 24239 51986 51618 6888 6075 1528 44730 4547 4050 1031 58429 53822 4607 49113 624 48489 4327 4062 3723 3187 2853 2556 3019 43328
is_linear=0
shrinkage=0.03


Tree=75
num_leaves=31
num_cat=0
split_feature=75 17 58 74 65 72 21 56 53 52 81 16 62 0 79 83 85 56 5 88 20 44 74 68 63 23 65 56 71 50
split_gain=1.3578 1.85389 1.89514 1.74373 1.9649 1.56748 1.54866 1.43639 1.62419 1.61559 2.05439 1.88439 1.53595 2.08194 1.40958 1.35646 1.34314 1.27135 1.26942 1.24954 1.22766 1.22471 1.33951 1.20631 1.27067 1.20384 1.2305 1.19142 1.21249 1.1112
threshold=0.39094999432563787 -0.062394998967647546 27.909999847412113 0.029304999858140949 0.0028724999865517025 3.5000000000000004 0.53075000643730175 0.050130000337958343 0.21704999357461932 1.3264999985694887 0.66245001554489147 -0.064895000308752046 -0.092025000602006898 -0.038474999368190758 0.13254999369382861 0.48424999415874487 0.6850000023841859 0.18425000458955768 -0.074595000594854341 0.87344998121261608 0.32635000348091131 90.000000000000014 0.011425000149756672 0.74564999341964733 0.009709999896585943 53.674999237060554 0.002410999964922667 -0.072684999555349336 13.500000000000002 -0.098274998366832719
decision_type=2 2 10 8 10 8 2 8 8 8 2 2 2 2 2 10 10 10 2 2 2 2 10 8 2 2 10 10 8 10
left_child=7 -2 3 4 5 -3 15 12 9 17 11 14 13 -1 -11 -5 25 21 -10 -8 -19 22 -9 24 -6 26 -13 -17 -29 -14
right_child=1 2 -4 6 23 -7 19 8 18 10 -12 16 29 -15 -16 27 -18 20 -20 -21 -22 -23 -24 -25 -26 -27 -28 28 -30 -31
leaf_value=-0.0030228842567060488 -0.00013590944849735484 0.0024257009600464397 -0.001111467693576426 0.0014365474391176232 -0.00062450152639119177 0.00017510520207680461 0.00089943302503428166 -0.00011382860645118178 0.0016922643102850997 -0.00066345065648252166 0.0014406414294584153 -0.002054060452668682 0.0011272875381545286 -0.00015057673736308617 0.0021295295153631513 -0.0019151100702364139 -0.0029163830617420505 -0.003020490226827096 0.00023254869393923857 0.0037279506915130038 -0.00019426226463929491 -0.0019269345598706209 0.00064012306295682339 -0.0024081653515513044 0.00098114715799298233 0.00080084549262192091 -0.00011108710950793465 0.00129536207399278 0.00020987486411200477 0.00028167960101034979
leaf_weight=246 65042.5 286 992 1082 3201 9433.5 352 9859 599 508 327 957 1467.5 2823 238 211 481 249 5046 234 310 288 2701 290 514 250 423 1080 6469 29452.5
leaf_count=246 65040 286 992 1082 3201 9431 352 9859 599 508 327 957 1467 2823 238 211 481 249 5046 234 310 288 2701 290 514 250 423 1080 6469 29425
internal_value=2.02111e-05 -5.25757e-05 0.000171912 0.000226946 1.1152e-05 0.000241573 0.000541046 0.000135668 -5.18016e-05 -0.000201359 -0.000808723 -0.00106659 0.000258311 -0.00038172 0.000229265 0.000441926 -0.00152442 -5.70674e-05 0.000387714 0.00203334 -0.00145632 3.9208e-06 4.83451e-05 -0.000547963 -0.000402143 -0.00111213 -0.00145901 0.000303076 0.000365321 0.000321848
internal_weight=145412 89187 24144.5 23152.5 13724.5 9719.5 9428 56225 22236 16591 3184 2857 33989 3069 746 8842 2111 13407 5645 586 559 12848 12560 4005 3715 1630 1380 7760 7549 30920
internal_count=145379 89182 24142 23150 13722 9717 9428 56197 22236 16591 3184 2857 33961 3069 746 8842 2111 13407 5645 586 559 12848 12560 4005 3715 1630 1380 7760 7549 30892
is_linear=0
shrinkage=0.03


Tree=76
num_leaves=31
num_cat=0
split_feature=75 69 53 87 22 77 66 66 58 57 70 81 67 5 10 9 71 85 19 18 54 71 25 49 71 19 68 8 52 85
split_gain=1.30113 1.26257 1.2164 1.39615 1.3206 1.21781 1.38273 1.46445 1.19868 1.5411 1.18739 1.40343 1.41317 1.22422 1.18488 1.18253 1.93518 1.44792 1.31882 1.92053 1.53865 1.45432 1.38764 1.32379 1.44893 1.3112 1.20515 1.56574 1.68025 1.18491
threshold=0.43144999444484716 1.2145000100135805 -0.34860000014305109 0.7057500183582307 -0.64910000562667836 0.92374998331069957 0.056724999099969871 -0.046254999935626977 60.515001296997077 0.58254998922348034 1.2304999828338625 0.83125001192092907 0.38005000352859503 -0.38715000450611109 0.15495000034570697 -0.012374999932944773 19.500000000000004 0.076370000839233412 0.28294999897480017 0.57934999465942394 0.21595000475645068 12.500000000000002 13.934999942779543 0.71395000815391552 67.500000000000014 0.30204999446868902 0.23214999586343768 0.042764998972415931 0.79444998502731334 0.8306500017642976
decision_type=2 10 8 2 2 2 2 2 10 10 10 2 10 2 2 2 10 10 2 2 10 8 2 8 8 2 8 2 8 10
left_child=1 10 3 -2 5 6 7 -4 9 15 -1 12 13 -12 -13 16 -6 -18 19 20 29 -20 25 26 -25 -23 -24 -28 -29 -17
right_child=2 -3 4 -5 8 -7 -8 -9 -10 -11 11 14 -14 -15 -16 18 17 -19 21 -21 -22 22 23 24 -26 -27 27 28 -30 -31
leaf_value=7.9917091790786873e-05 -0.00030974208770791754 -0.00052082064220619921 0.0026186050267561389 -0.0033504927062949293 -0.00074631703616841692 -0.00087886278032080374 0.0031805161119146802 -9.1155833164628899e-05 0.0019787448040051456 -0.0016541843167757531 0.0020414537184424097 0.0011615391415713732 0.0007223443514690278 -0.00026478301849462265 -0.0013071239522294449 -4.0906823909353358e-05 -0.0013329473337262805 5.9570778297112089e-05 0.00028854343608956316 0.00055168440502934458 -0.0017525083662543251 -0.0011911099295960083 0.00044580785851884412 -0.00057856674764546732 0.0016636384140762575 0.00083698917211669536 -0.00019695257395888714 -0.0012474251503808312 -0.00037872209346955356 0.00072670387322512392
leaf_weight=48158 370 2675 254 214 5624 290 267 606 255 553 225 232 7837 2483.5 703 19037.5 726 8886.5 6142 7539.5 443 340 1743 435 640 1810 16310 3159 5481 1999
leaf_count=48132 370 2674 254 214 5624 290 267 606 255 553 225 232 7833 2483 703 19036 726 8886 6142 7539 443 340 1743 435 640 1810 16310 3159 5481 1999
internal_value=1.3041e-05 0.000116677 -6.46494e-05 -0.00142781 -5.49875e-05 0.000852639 0.00129857 0.000711281 -7.08515e-05 -7.73388e-05 0.00014528 0.000419429 0.000518205 -7.2517e-05 -0.000693992 -6.64612e-05 -0.000304358 -4.57292e-05 -1.07603e-05 0.000139782 -4.81881e-06 -0.000131908 -0.000218231 -0.000275087 0.000756633 0.000515862 -0.000316664 -0.000369946 -0.000696449 3.20667e-05
internal_weight=145438 62313.5 83124.5 584 82540.5 1417 1127 860 81123.5 80868.5 59638.5 11480.5 10545.5 2708.5 935 80315.5 15236.5 9612.5 65079 29019 21479.5 36060 29918 27768 1075 2150 26693 24950 8640 21036.5
internal_count=145404 62282 83122 584 82538 1417 1127 860 81121 80866 59608 11476 10541 2708 935 80313 15236 9612 65077 29017 21478 36060 29918 27768 1075 2150 26693 24950 8640 21035
is_linear=0
shrinkage=0.03


Tree=77
num_leaves=31
num_cat=0
split_feature=68 56 76 20 70 71 64 12 71 11 85 14 48 65 27 25 82 62 12 72 75 49 24 24 89 87 53 85 51 23
split_gain=1.31508 2.30653 1.44611 1.41008 1.23128 1.20226 1.7058 1.47037 1.4522 1.44613 1.30276 1.43307 1.38096 1.30553 1.27866 1.21749 1.26262 1.19662 1.17776 1.17075 1.79475 1.15625 1.34231 1.9555 1.60068 1.3838 1.56784 1.33313 1.22673 1.1489
threshold=0.69394999742507946 0.026539999991655353 0.78145000338554393 0.40715000033378607 1.2544999718666079 616.50000000000011 0.02464499976485968 0.85715001821517955 393.50000000000006 0.061225000768899925 0.69664999842643749 0.15104999393224719 2.214499950408936 0.016869999468326572 1.3454999923706057 25.304999351501468 0.94945001602172863 -0.07839499786496161 0.88225001096725475 5.5000000000000009 0.78130000829696666 -0.26164999604225153 -0.0092035001143813116 -0.0028664999408647414 0.29285000264644628 0.027370000258088115 0.047864999622106559 0.10474999994039537 -0.09609499946236609 74.725002288818374
decision_type=10 10 2 2 10 8 2 2 10 2 10 2 2 10 10 2 2 2 2 10 2 8 2 2 2 2 10 10 8 2
left_child=5 -2 3 4 -3 7 -7 10 9 15 19 13 14 29 -13 -9 17 -17 -19 21 -21 27 24 -24 25 26 -23 -1 -26 -12
right_child=1 2 -4 -5 -6 6 -8 8 -10 -11 11 12 -14 -15 -16 16 -18 18 -20 20 -22 22 23 -25 28 -27 -28 -29 -30 -31
leaf_value=-0.0029679449018152793 -8.7995751540450817e-05 0.00044707546166956132 -0.00019369489416342579 0.0026127269331308769 0.001599569632536981 -0.00032549442274636229 0.0010778339087199394 8.2906785160532052e-06 0.0021667352636365895 -0.0015519521602762453 0.00023577400330133673 0.00050134130431412412 0.0010487050955263119 0.0013150429481543606 -0.00093616519382240407 -0.001882540824950357 0.0017532926190730134 -0.001329121536215612 -0.00024568299194384173 0.00063168594231610947 -0.0009916446153370069 -0.0018401584491568263 -0.00034197159906906215 3.7881413560669975e-05 0.0011365231153182391 0.0010587882004215116 0.0008925871613909668 -0.000465973129839032 -0.00057323385741478168 0.002398562357975525
leaf_weight=240 5852 2454 1093 452 1264 15821 819 8622 219 773 25508.5 733 545 1088 2310 610 207 1152 4168 4611 706 351 17279 41469.5 473 3037.5 407 939 1858 222
leaf_count=238 5852 2454 1093 452 1264 15821 819 8622 219 773 25490 733 545 1088 2310 610 207 1152 4168 4611 706 350 17273 41462 473 3035 407 939 1857 222
internal_value=8.27346e-06 0.000321847 0.000777486 0.00103203 0.000839211 -1.77063e-05 -0.000256364 1.60854e-05 -0.000253639 -0.000287903 5.78297e-05 0.000222265 -0.000340736 0.000297598 -0.000589847 -0.000221598 -0.000544522 -0.000625015 -0.000480498 -1.22277e-05 0.000415992 -4.67029e-05 -2.97748e-05 -7.38442e-05 0.00039276 0.000772703 -0.000373597 -0.000977364 -0.000225956 0.000254527
internal_weight=145284 11115 5263 4170 3718 134168 16640 117528 15751 15532 101778 30406.5 3588 26818.5 3043 14759 6137 5930 5320 71371 5317 66054 64875 58748.5 6126.5 3795.5 758 1179 2331 25730.5
internal_count=145245 11115 5263 4170 3718 134130 16640 117490 15751 15532 101739 30388 3588 26800 3043 14759 6137 5930 5320 71351 5317 66034 64857 58735 6122 3792 757 1177 2330 25712
is_linear=0
shrinkage=0.03


Tree=78
num_leaves=31
num_cat=0
split_feature=72 77 31 49 69 23 89 41 46 78 85 59 58 52 65 41 53 89 3 39 65 30 65 51 82 30 57 14 67 50
split_gain=1.2321 1.35188 1.07479 1.83194 1.44905 1.26414 1.41055 1.40411 1.6115 1.239 1.55478 1.18352 1.8546 1.28819 1.15815 1.43373 1.32385 1.12959 1.34133 1.66087 1.11768 1.25855 1.09147 1.04482 1.03554 0.995906 0.991693 1.33702 1.10447 0.97421
threshold=4.5000000000000009 0.96095001697540294 0.10755000263452531 0.19864999502897265 0.79045000672340404 61.335000991821296 0.97904998064041149 0.14455000311136249 0.83324998617172252 0.98074999451637279 0.66525000333786022 0.65674999356269848 13.085000038146974 1.29449999332428 0.00048329999845009303 0.086874999105930342 0.1082499995827675 0.084304999560117735 -0.15495000034570691 0.060784999281167991 0.015485000330954792 -0.11744999885559081 -0.013824999798089264 0.15634999424219134 0.65334999561309826 0.28094999492168432 0.32400000095367437 -0.093144997954368577 0.45354999601840978 -0.062504999339580522
decision_type=10 2 8 10 8 2 2 2 2 2 10 8 10 10 8 2 10 2 2 2 10 10 8 8 2 10 8 2 10 8
left_child=2 26 3 -1 5 -4 7 8 -7 10 29 12 -5 -13 15 -11 25 -12 19 -19 22 -22 23 -20 -10 -16 27 28 -2 -6
right_child=1 -3 4 11 9 6 -8 -9 24 14 17 13 -14 -15 16 -17 -18 18 20 -21 21 -23 -24 -25 -26 -27 -28 -29 -30 -31
leaf_value=5.5356781943696706e-05 0.00070972672277506174 -0.0016628647420320185 -0.00023802987369592264 0.0017865474383181783 0.000472183765668659 -0.0030608349284749516 0.00073553786128136055 -0.0035809596965926641 -0.0015944853068361711 0.00022777494364192768 -0.00044662976040139548 0.0010448439912756678 -7.8094995437363507e-05 0.00349740571743231 5.2072288831179309e-05 -0.0023566624849203593 0.0012667882653406603 0.0024530443013304299 0.00043739034241810603 -0.00010196460225291425 0.002337182258802539 0.00027608929571714476 8.9485498430321987e-05 0.0023660579268859386 0.00077755884358475535 -0.0025432822525470861 -0.00084448347808070538 0.00036675968140546371 0.0033872864386827058 -0.00012633353831029883
leaf_weight=27244.5 321 298 3148 637 2545 282 253 281 316 278 2595.5 1042 1939 236 323.5 631 391 519 851 409 444 666 25726.5 359 346 225 558 9025 244 63352
leaf_count=27221 321 298 3148 637 2545 282 253 281 316 278 2595 1042 1939 236 323 631 391 519 851 409 444 666 25725 359 346 225 558 9025 244 63343
internal_value=1.15247e-05 0.000325407 -1.27579e-05 0.00014197 -5.90522e-05 -0.000578002 -0.00130146 -0.00172242 -0.00116598 -3.48745e-05 -2.0278e-05 0.000754078 0.000383513 0.00150012 -0.00080409 -0.00156688 -6.51816e-05 0.000152829 0.000206542 0.00132807 0.000169387 0.00110189 0.000130921 0.0010111 -0.000355413 -0.00101526 0.000383952 0.000455509 0.00187 -0.000103211
internal_weight=145486 10446 135040 31098.5 103942 4626 1478 1225 944 99315.5 97467 3854 2576 1278 1848.5 909 939.5 31570 28974.5 928 28046.5 1110 26936.5 1210 662 548.5 10148 9590 565 65897
internal_count=145451 10446 135005 31075 103930 4626 1478 1225 944 99304 97456 3854 2576 1278 1848 909 939 31568 28973 928 28045 1110 26935 1210 662 548 10148 9590 565 65888
is_linear=0
shrinkage=0.03


Tree=79
num_leaves=31
num_cat=0
split_feature=72 0 81 52 30 58 69 7 57 53 68 57 4 66 62 61 25 43 56 63 0 59 62 52 28 51 82 22 11 58
split_gain=1.69126 1.36361 1.26946 1.87156 1.60344 1.62559 1.23737 1.32273 1.50512 1.22611 1.83255 1.75134 1.61126 1.64708 1.52521 1.47137 1.49794 1.47597 1.36668 1.34503 1.28549 1.32203 1.77218 1.45868 1.38232 1.31138 1.28704 1.51556 1.42494 1.27999
threshold=4.5000000000000009 -0.0073965000919997683 0.044014999642968185 0.33155000209808355 0.46815000474452978 17.889999389648441 1.1104999780654909 -0.55674999952316273 0.16565000265836718 0.089345000684261336 0.62894999980926525 0.25734999775886541 -0.20285000652074811 -0.061870001256465905 0.045295000076293952 0.025915000587701801 56.135000228881843 0.01685500051826239 0.18425000458955768 0.012414999771863224 0.016555000096559528 0.60420000553131115 -0.10724999755620955 0.92524999380111705 19.265000343322757 0.28395000100135809 0.93825000524520885 -0.48974999785423273 0.037985000759363181 38.854999542236335
decision_type=10 2 2 10 10 10 10 10 10 8 10 8 2 2 2 2 2 2 10 2 2 10 2 10 10 8 2 2 2 10
left_child=2 -2 3 -1 6 -6 7 8 -5 12 15 -12 13 19 -15 16 -11 -17 20 -4 29 25 23 -23 -24 26 27 -22 -29 -14
right_child=1 -3 9 4 5 -7 -8 -9 -10 10 11 -13 18 14 -16 17 -18 -19 -20 -21 21 22 24 -25 -26 -27 -28 28 -30 -31
leaf_value=-0.0029322714454072685 0.0008591898435392222 0.00012670460677584262 -0.0010774709761914817 -0.0031227660655509678 -0.00015868949029182455 0.0025770348225311462 -0.0015880841952034866 -7.6581372004355899e-05 -0.00018824379998981581 2.7890322815870134e-05 0.00069277531968089143 -0.00069099669090327061 -8.2916378366108264e-05 0.00085872087956498627 -0.00034271762840566082 0.00036689898737850372 -0.0013715147042821626 0.0034646630499907448 -0.002403497184049102 0.0009421103314999421 0.0022231506206647515 -0.00099717460187290479 -0.00025552570489093093 0.0021809103842275988 -0.0013422591598241569 0.00068402185248385525 -0.0024510334184707468 -3.6996788300268611e-05 -0.0011908338734226871 0.0010016406835615249
leaf_weight=264 3385 7051 1096 299 526 310 870 3094 331 41586 6837 935 58650 4249 1224.5 377 699 218 236 406 214 221 1630 313 2980 1408 248 3543 1322 995
leaf_count=264 3385 7051 1095 299 526 310 870 3094 331 41586 6837 935 58617 4249 1224 377 699 218 236 406 214 221 1630 313 2980 1408 248 3543 1322 995
internal_value=-3.58861e-06 0.000364352 -3.20171e-05 -0.000470376 -0.000350164 0.000857621 -0.000570091 -0.000331905 -0.00158372 -1.27226e-05 0.000102416 0.000526235 -8.67938e-05 0.000348458 0.000589928 2.55886e-05 4.72531e-06 0.00150579 -0.000129107 -0.000531302 -0.000121569 -0.000406544 -0.00076863 0.00086623 -0.000958152 -0.000129919 -0.000345143 -0.000241853 -0.000350717 -6.48073e-05
internal_weight=145518 10436 135082 5694 5430 836 4594 3724 630 129388 50652 7772 78735.5 6975.5 5473.5 42880 42285 595 71760 1502 71524 11879 5144 534 4610 6735 5327 5079 4865 59645
internal_count=145483 10436 135047 5694 5430 836 4594 3724 630 129353 50652 7772 78701 6974 5473 42880 42285 595 71727 1501 71491 11879 5144 534 4610 6735 5327 5079 4865 59612
is_linear=0
shrinkage=0.03


Tree=80
num_leaves=31
num_cat=0
split_feature=19 74 15 85 71 41 84 43 80 6 66 58 17 56 82 46 25 71 60 59 43 21 58 14 28 88 66 88 39 17
split_gain=1.13125 1.07522 1.45082 1.457 1.29514 1.83488 1.46778 1.38883 1.36458 1.29908 1.23836 1.19886 1.54469 1.80098 1.73771 1.59877 2.18376 1.26837 1.25649 1.15855 1.26862 1.12353 1.17385 1.15562 1.10848 1.28626 1.05843 1.33569 1.04663 1.043
threshold=0.13104999810457232 -0.045010000467300408 0.74985000491142284 0.74664998054504406 20.500000000000004 0.16804999858140948 0.58864998817443859 0.034704999998211868 0.94835001230239879 0.33654999732971197 -0.063650000840425477 44.510000228881843 -0.11425000056624411 -0.075164999812841402 0.92054998874664318 0.6821500062942506 39.764999389648445 16.500000000000004 -0.0024745000991970296 0.95435002446174633 0.0084319999441504496 0.62305000424385082 15.034999847412111 -0.09552500024437903 20.204999923706058 0.78984999656677257 0.057469999417662627 0.63255000114440929 0.056165000423789031 -0.25695000588893885
decision_type=2 10 2 10 10 2 8 2 10 10 2 10 2 8 2 2 2 8 2 10 2 2 8 2 10 2 2 2 2 2
left_child=-1 11 3 -3 5 8 7 9 -5 24 -8 12 14 -14 -2 16 17 -16 -17 20 21 -19 -23 -24 25 -6 27 -26 -15 -13
right_child=1 2 -4 4 6 -7 10 -9 -10 -11 -12 29 13 28 15 18 -18 19 -20 -21 -22 22 23 -25 26 -27 -28 -29 -30 -31
leaf_value=0.00064363095940607516 -0.0001903908546549507 -2.8432082586428898e-05 -0.0014395591964537742 0.00051388578329257658 0.00052852752146480438 -0.0015419484585129936 0.00085326818096522665 -0.00060120044729010771 0.0024145185710250849 0.0014794901499448495 -0.00041427507512051991 0.00094042851451361974 -0.0018883031095484645 9.5910145406742048e-05 -0.0029576646229818562 -0.0036984792646641532 0.0017033711971787236 -0.0006979690310777015 -0.0012212177074135337 0.0015207276207168594 0.00017734356287661782 -0.0038290058220171652 -0.0028445888371788895 8.2198214853756627e-05 0.00022730868993738721 0.002567540314387932 0.001259089934823675 -0.0012349707973049221 0.0013974373398000844 -0.0011939893654307526
leaf_weight=2292 27723.5 70048 599 9281 1484 379 785.5 1140 352 1085 5880.5 1460 400 12965 221 260 354 1722 633 213 946 238 223 265 1630 342 481 857 580 239
leaf_count=2292 27722 70028 599 9281 1483 379 784 1140 352 1083 5877 1460 400 12965 221 260 354 1722 633 213 946 238 223 265 1622 342 481 857 580 239
internal_value=-1.74274e-05 -2.80431e-05 3.09475e-05 4.03588e-05 0.000243696 0.000502973 5.39851e-05 0.000356738 0.00058358 0.000542563 -0.000264806 -0.000142928 -0.000171386 9.30928e-05 -0.000283834 -0.000794156 -0.000547832 -0.000756406 -0.00194581 -0.000620753 -0.000755556 -0.00111599 -0.00210517 -0.00125833 0.00033025 0.00091162 -2.7613e-05 -0.000276875 0.000151741 0.000639652
internal_weight=145078 142786 94344 93745 23697 10012 13685 7019 9633 5879 6666 48442.5 46743.5 13945 32798.5 5075 4182 3828 893 3607 3394 2448 726 488 4794 1826 2968 2487 13545 1699
internal_count=145041 142749 94308 93709 23681 10012 13669 7008 9633 5868 6661 48441 46742 13945 32797 5075 4182 3828 893 3607 3394 2448 726 488 4785 1825 2960 2479 13545 1699
is_linear=0
shrinkage=0.03


Tree=81
num_leaves=31
num_cat=0
split_feature=53 28 74 53 89 14 25 28 87 12 0 66 71 67 72 7 65 72 58 27 31 69 59 41 69 26 15 66 65 12
split_gain=1.14841 2.638 1.68551 1.97803 1.70323 1.61686 1.6056 1.89624 1.66496 2.67253 1.57562 1.57336 1.55911 2.00819 1.54255 1.58963 1.45982 1.45719 1.48878 1.6539 1.4292 1.41785 1.41213 1.39861 1.39778 1.48699 1.33153 1.76731 1.98569 1.65288
threshold=0.07598499953746797 20.785000801086429 -0.030319999903440472 0.11874999850988389 0.95695000886917125 0.19074999541044238 40.405000686645515 17.664999961853031 0.75214999914169323 0.66624999046325695 -0.0093334997072815878 -0.038565000519156449 50.500000000000007 0.33365000784397131 7.5000000000000009 -0.52275002002716053 -0.01062999991700053 4.5000000000000009 16.260000228881839 0.45094999670982366 0.53404998779296886 1.0745000243186953 0.89190000295639049 -0.050215000286698334 1.0845000147819521 0.77085000276565563 -0.14465000480413434 0.0468250010162592 0.0036170000676065688 0.46615000069141393
decision_type=8 10 10 8 2 2 2 10 2 2 2 2 8 8 8 8 10 10 8 8 10 8 10 2 8 2 2 2 10 2
left_child=6 5 4 16 -3 12 7 8 9 -1 14 -8 -2 -14 -9 -16 -4 18 -15 -20 -19 -11 -5 -13 -7 -26 27 29 -29 -12
right_child=1 2 3 22 -6 24 11 10 -10 21 26 23 13 17 15 -17 -18 20 19 -21 -22 -23 -24 -25 25 -27 -28 28 -30 -31
leaf_value=-0.00048614542227712017 0.00049756518436540776 -0.00069691472710823525 0.00262212983835789 -0.00029337150910191769 0.0012782580140746373 -0.00085015454499266763 -0.00042929026076634383 0.001029833045145746 -0.0011104750664738684 0.00013094216789909867 0.00070586369054427198 0.0012040588131713751 -0.00075696203737491384 -0.00030018305042764371 -0.0017393122535550721 0.00014832925322987885 0.0003876896933158027 0.00067436483296796814 0.001671937939376499 0.00022582129768133584 0.0030566681801962353 0.0018341282475476655 0.00092732603878152098 0.0001493353003879837 -0.0014393650200601102 0.0013486529728175983 -0.00019348617992309764 0.0024365355030949018 -0.00010243821516439413 -0.00051413985254361388
leaf_weight=8651 18998 5909 278 11089 420 2051 1521.5 1784 2600 1193 1789 2301 2139 4826 410 17399.5 4648 1418 784 7637 269 696 923 2226 236 629 39282.5 655 480 2262
leaf_count=8651 18998 5909 278 11089 420 2051 1519 1784 2600 1193 1789 2300 2139 4826 410 17378 4648 1418 784 7637 269 696 923 2226 236 629 39274 655 480 2262
internal_value=7.34141e-06 0.000104804 -0.000147985 8.10572e-06 -0.000565659 0.000255665 -6.55406e-05 -0.000102419 -0.000430694 -0.000262916 -3.50799e-05 0.000405111 0.000310598 0.000102532 0.000189053 0.000104778 0.000514297 0.00022568 0.000119891 0.000360638 0.00105582 0.000759118 -0.000199504 0.000685582 -0.000423721 0.000587208 -0.000133838 0.000317928 0.00136364 2.46786e-05
internal_weight=145504 62254 23267 16938 6329 38987 83250.5 77202 13140 10540 64062 6048.5 36071 17073 19593.5 17809.5 4926 14934 13247 8421 1687 1889 12012 4527 2916 865 44468.5 5186 1135 4051
internal_count=145471 62254 23267 16938 6329 38987 83217 77172 13140 10540 64032 6045 36071 17073 19572 17788 4926 14934 13247 8421 1687 1889 12012 4526 2916 865 44460 5186 1135 4051
is_linear=0
shrinkage=0.03


Tree=82
num_leaves=31
num_cat=0
split_feature=74 41 53 28 50 87 45 71 83 53 65 74 82 20 74 18 86 0 32 57 64 65 43 26 83 1 0 57 58 54
split_gain=1.19873 1.18316 1.04721 1.65175 1.61226 1.41724 1.69621 1.51668 1.46595 1.48775 1.56026 1.38426 1.23964 1.62263 1.67468 2.29897 1.76899 1.52204 1.36353 1.22818 1.19382 1.15692 1.51118 1.74303 1.19081 1.15642 1.52788 1.13797 1.34876 1.23748
threshold=0.07735499739646913 0.16804999858140948 0.041255000978708274 20.845000267028812 0.094295002520084395 0.65595000982284557 0.096014998853206648 18.500000000000004 0.92794999480247509 -0.040775001049041741 -0.0017714999848976729 0.0060575001407414683 0.77515000104904186 0.33005000650882726 0.015360000077635052 1.063499987125397 0.55035001039505016 0.028245000168681148 0.49375000596046453 0.068379998207092299 -0.024690000340342518 0.0084700002335011976 0.070615001022815718 1.1064999699592593 0.5449500083923341 -0.058775000274181359 -0.0034194999607279892 0.46310000121593481 26.649999618530277 0.068365000188350691
decision_type=10 2 8 10 10 2 2 8 8 10 8 10 2 2 8 2 2 2 10 10 2 10 2 2 8 2 2 10 10 10
left_child=2 -2 5 4 12 7 -7 8 9 27 -11 19 25 -14 16 17 -15 -16 -18 -5 -21 22 23 24 -6 26 -4 28 29 -1
right_child=1 -3 3 11 21 6 -8 -9 -10 10 -12 -13 13 14 15 -17 18 -19 -20 20 -22 -23 -24 -25 -26 -27 -28 -29 -30 -31
leaf_value=0.00050988440311981222 0.00070369847154704848 -0.0015681474401869557 0.0016004157282253893 0.0012632067557484781 -0.0011723684968069986 -0.0027789829922897488 -0.00025769816509324121 0.00010428844792360993 -0.0027894149025928638 -0.0014330105852786311 -0.00027839397816215147 0.000195732961785769 -0.0026884849992514187 0.0011411424930138567 -0.0010059690457931325 0.00037960210022971319 -0.00063900413744811299 0.0009000942136102001 0.0018412109350423103 0.0016076632280983868 -0.00033700236485783777 -0.0027232772919038931 -0.0024890838802950279 -0.0014018667588275538 0.0012942112661266344 0.00026233758932073004 -0.00043295796366180263 0.002014962787760552 -0.0012299519949446913 -0.00087132291457917065
leaf_weight=2947 3331.5 219 1254 461 229 242 20548.5 35272.5 210 1485 3620 8896 209 1845 3293 2564 1260 425 236 288 16886.5 215 264 540 753 35543 452 270 666 727
leaf_count=2946 3331 219 1253 461 229 242 20548 35244 210 1485 3620 8896 209 1845 3293 2564 1260 425 236 288 16884 215 264 540 753 35543 452 270 666 727
internal_value=1.87915e-05 0.000563166 5.13806e-06 8.13521e-05 0.00018444 -8.2193e-05 -0.000287178 1.21028e-05 -0.000315494 -0.000261736 -0.000614477 -0.000109356 0.000219891 -7.97308e-05 -2.27983e-05 -0.000311403 0.000519788 -0.000787906 -0.000246772 -0.000263256 -0.0003043 -0.000649378 -0.000398336 -3.42872e-05 0.000718403 0.000298978 0.00106174 0.000128929 1.11583e-05 0.000236413
internal_weight=145152 3550.5 141602 75613.5 49082 65988 20790.5 45197.5 9925 9715 5105 26531.5 47081 9832 9623 6282 3341 3718 1496 17635.5 17174.5 2001 1786 1522 982 37249 1706 4610 4340 3674
internal_count=145118 3550 141568 75610 49081 65958 20790 45168 9924 9714 5105 26529 47080 9832 9623 6282 3341 3718 1496 17633 17172 2001 1786 1522 982 37248 1705 4609 4339 3673
is_linear=0
shrinkage=0.03


end of trees

feature_importances:
Column_58=89
Column_67=84
Column_53=81
Column_75=80
Column_71=78
Column_80=75
Column_56=73
Column_68=61
Column_52=58
Column_28=54
Column_66=50
Column_59=49
Column_62=49
Column_0=47
Column_63=42
Column_65=42
Column_57=41
Column_74=41
Column_61=40
Column_85=40
Column_25=39
Column_69=38
Column_64=37
Column_87=37
Column_60=36
Column_17=35
Column_81=35
Column_50=34
Column_6=33
Column_11=33
Column_82=33
Column_77=32
Column_89=32
Column_7=31
Column_8=30
Column_12=30
Column_1=29
Column_51=29
Column_20=27
Column_39=26
Column_21=25
Column_72=25
Column_14=24
Column_45=24
Column_41=23
Column_3=22
Column_5=22
Column_49=22
Column_9=20
Column_19=20
Column_30=20
Column_70=20
Column_15=19
Column_76=19
Column_16=18
Column_31=18
Column_4=17
Column_27=17
Column_47=17
Column_86=17
Column_22=16
Column_43=16
Column_48=16
Column_2=15
Column_23=15
Column_24=15
Column_26=15
Column_88=14
Column_42=13
Column_46=13
Column_54=13
Column_10=12
Column_18=12
Column_83=10
Column_84=10
Column_29=9
Column_32=9
Column_79=9
Column_44=7
Column_78=5
Column_13=2
Column_38=2
Column_37=1
Column_55=1
Column_73=1

parameters:
[boosting: gbdt]
[objective: regression]
[metric: l2]
[tree_learner: serial]
[device_type: cpu]
[data_sample_strategy: bagging]
[data: ]
[valid: ]
[num_iterations: 83]
[learning_rate: 0.03]
[num_leaves: 31]
[num_threads: 4]
[seed: 42]
[deterministic: 1]
[force_col_wise: 1]
[force_row_wise: 0]
[histogram_pool_size: -1]
[max_depth: -1]
[min_data_in_leaf: 200]
[min_sum_hessian_in_leaf: 0.001]
[bagging_fraction: 0.8]
[pos_bagging_fraction: 1]
[neg_bagging_fraction: 1]
[bagging_freq: 1]
[bagging_seed: 400]
[bagging_by_query: 0]
[feature_fraction: 0.8]
[feature_fraction_bynode: 1]
[feature_fraction_seed: 30056]
[extra_trees: 0]
[extra_seed: 12879]
[early_stopping_round: 0]
[early_stopping_min_delta: 0]
[first_metric_only: 0]
[max_delta_step: 0]
[lambda_l1: 0]
[lambda_l2: 1]
[linear_lambda: 0]
[min_gain_to_split: 0]
[drop_rate: 0.1]
[max_drop: 50]
[skip_drop: 0.5]
[xgboost_dart_mode: 0]
[uniform_drop: 0]
[drop_seed: 17869]
[top_rate: 0.2]
[other_rate: 0.1]
[min_data_per_group: 100]
[max_cat_threshold: 32]
[cat_l2: 10]
[cat_smooth: 10]
[max_cat_to_onehot: 4]
[top_k: 20]
[monotone_constraints: ]
[monotone_constraints_method: basic]
[monotone_penalty: 0]
[feature_contri: ]
[forcedsplits_filename: ]
[refit_decay_rate: 0.9]
[cegb_tradeoff: 1]
[cegb_penalty_split: 0]
[cegb_penalty_feature_lazy: ]
[cegb_penalty_feature_coupled: ]
[path_smooth: 0]
[interaction_constraints: ]
[verbosity: -1]
[saved_feature_importance_type: 0]
[use_quantized_grad: 0]
[num_grad_quant_bins: 4]
[quant_train_renew_leaf: 0]
[stochastic_rounding: 1]
[linear_tree: 0]
[max_bin: 255]
[max_bin_by_feature: ]
[min_data_in_bin: 3]
[bin_construct_sample_cnt: 200000]
[data_random_seed: 175]
[is_enable_sparse: 1]
[enable_bundle: 1]
[use_missing: 1]
[zero_as_missing: 0]
[feature_pre_filter: 1]
[pre_partition: 0]
[two_round: 0]
[header: 0]
[label_column: ]
[weight_column: ]
[group_column: ]
[ignore_column: ]
[categorical_feature: ]
[forcedbins_filename: ]
[precise_float_parser: 0]
[parser_config_file: ]
[objective_seed: 16083]
[num_class: 1]
[is_unbalance: 0]
[scale_pos_weight: 1]
[sigmoid: 1]
[boost_from_average: 1]
[reg_sqrt: 0]
[alpha: 0.9]
[fair_c: 1]
[poisson_max_delta_step: 0.7]
[tweedie_variance_power: 1.5]
[lambdarank_truncation_level: 30]
[lambdarank_norm: 1]
[label_gain: ]
[lambdarank_position_bias_regularization: 0]
[eval_at: ]
[multi_error_top_k: 1]
[auc_mu_weights: ]
[num_machines: 1]
[local_listen_port: 12400]
[time_out: 120]
[machine_list_filename: ]
[machines: ]
[gpu_platform_id: -1]
[gpu_device_id: -1]
[gpu_device_id_list: ]
[gpu_use_dp: 0]
[num_gpu: 1]

end of parameters

pandas_categorical:null
