tree
version=v4
num_class=1
num_tree_per_iteration=1
label_index=0
max_feature_idx=89
objective=regression
feature_names=Column_0 Column_1 Column_2 Column_3 Column_4 Column_5 Column_6 Column_7 Column_8 Column_9 Column_10 Column_11 Column_12 Column_13 Column_14 Column_15 Column_16 Column_17 Column_18 Column_19 Column_20 Column_21 Column_22 Column_23 Column_24 Column_25 Column_26 Column_27 Column_28 Column_29 Column_30 Column_31 Column_32 Column_33 Column_34 Column_35 Column_36 Column_37 Column_38 Column_39 Column_40 Column_41 Column_42 Column_43 Column_44 Column_45 Column_46 Column_47 Column_48 Column_49 Column_50 Column_51 Column_52 Column_53 Column_54 Column_55 Column_56 Column_57 Column_58 Column_59 Column_60 Column_61 Column_62 Column_63 Column_64 Column_65 Column_66 Column_67 Column_68 Column_69 Column_70 Column_71 Column_72 Column_73 Column_74 Column_75 Column_76 Column_77 Column_78 Column_79 Column_80 Column_81 Column_82 Column_83 Column_84 Column_85 Column_86 Column_87 Column_88 Column_89
feature_infos=[-0.56110000610351562:0.45210000872612] [-0.90310001373291016:1.2970000505447388] [-0.90950000286102295:1.4609999656677246] [-0.92070001363754272:2.315000057220459] [-0.97310000658035278:24.540000915527344] [-0.98390001058578491:77.69000244140625] [-0.99620002508163452:40.389999389648438] [-0.9966999888420105:39.520000457763672] [-0.86930000782012939:0.62629997730255127] [-0.89499998092651367:0.77569997310638428] [0:7.1539998054504395] [0:0.93110001087188721] [0:1] [0:1] [-0.91009998321533203:1.6310000419616699] [-0.98430001735687256:7.1020002365112305] [-0.96310001611709595:2.3410000801086426] [-0.9968000054359436:0] [0:83.660003662109375] [0.00064300000667572021:4.0180001258850098] [0.074629999697208405:2.3819999694824219] [0.10620000213384628:1.8760000467300415] [-0.98549997806549072:-0.027230000123381615] [5.6820001602172852:99.989997863769531] [-0.92479997873306274:0.45309999585151672] [5.7309999465942383:99.029998779296875] [-0.52799999713897705:1.5149999856948853] [0.001749000046402216:5.875999927520752] [10.029999732971191:24.840000152587891] [0:1] [-1:1] [0:1] [0:1] [0:1] [0:1] [0:1] [0:1] [0:1] [-4:4] [0.0054040001705288887:1.1729999780654907] [-1:1] [-0.78619998693466187:0.7125999927520752] [-0.93910002708435059:3.8410000801086426] [-0.85079997777938843:0.34470000863075256] [-100:100] [-2.5820000171661377:2.6380000114440918] [-0.93580001592636108:2.2239999771118164] [-10:10] [0.1331000030040741:7.6519999504089355] [-0.96390002965927124:24.770000457763672] [-0.86419999599456787:1.4600000381469727] [-0.98750001192092896:77.830001831054688] [-0.35920000076293945:2.872999906539917] [-0.71359997987747192:1.7059999704360962] [-1.9259999990463257:24.670000076293945] [0:1] [-0.38690000772476196:0.7533000111579895] [0.053320001810789108:0.86229997873306274] [9.380000114440918:71.989997863769531] [0.0039679999463260174:1] [-0.067120000720024109:0.11580000072717667] [-0.06898999959230423:0.11810000240802765] [-0.2468000054359436:1.156000018119812] [-0.096210002899169922:0.064079999923706055] [-0.094070002436637878:0.14350000023841858] [-0.046930000185966492:0.055240001529455185] [-0.29309999942779541:0.3562999963760376] [0:1] [0.050510000437498093:0.94580000638961792] [0.21349999308586121:2.5850000381469727] [0.010459999553859234:5.249000072479248] [0:3367] [0:10] [0:1] [-0.28859999775886536:0.52819997072219849] [0.0038610000628978014:1] [0.0038610000628978014:1] [0.0038610000628978014:1] [0.0038610000628978014:1] [0.0038759999442845583:1] [0.0040000001899898052:1] [0.0038759999442845583:1] [0.0038610000628978014:1] [0.0038610000628978014:1] [0.0038610000628978014:1] [0.0038610000628978014:1] [0.0038610000628978014:1] [0.0038610000628978014:1] [0.0038610000628978014:1] [0.0038610000628978014:1]
tree_sizes=2933 3133 3125 3128 3140 3132 3144 3104 3130 3122 3140 3151 3137 3110 3139 3110 3130 3125 3149 3126 3138 3136 3142 3105 3129 3149 3109 3160 3127 3124 3123 3133 3131 3139 3130 3100 3152 3130 3138 3116 3100 3141 3132 3125 3114 3144 3102 3106 3113 3135 3116 3132 3099 3129 3134 3098 3090 3120 3119 3105 3129 3129 3109 3154 3137 3116 3154 3100 3115 3129 3121 3147 3107 3121 3138 3110 3113 3126 3084 3136 3071 3139 3129 3102 3124 3154 3101 3132 3111 3065 3105 3109 3125 3068 3093 3092

Tree=0
num_leaves=31
num_cat=0
split_feature=75 67 1 11 62 80 46 75 77 58 80 20 5 0 43 1 58 50 7 60 52 46 51 0 56 3 89 12 67 25
split_gain=16.2708 8.21955 6.13378 5.55109 4.26608 4.17292 3.99254 3.62391 3.08368 2.92169 2.47943 2.44553 2.24664 2.10248 2.08834 1.98158 1.8385 1.8092 1.71785 1.66301 2.36156 2.14807 1.62974 1.67151 1.62966 1.71201 1.61311 1.58944 1.51408 1.49856
threshold=0.78554999828338634 0.51745000481605541 -0.078115001320838914 0.044014999642968185 -0.054305000230669968 0.52134999632835399 0.72525000572204601 0.31919999420642858 0.96635001897811901 21.085000038146976 0.66734999418258678 0.53345000743865978 1.216499984264374 0.096330001950263991 -0.021294999867677685 -0.022055000066757199 21.224999427795414 0.042334999889135368 0.51614999771118175 0.0014259999734349551 1.0425000190734866 0.13524999469518664 -0.20464999973773954 0.0090354997664690035 -0.050160000100731843 -0.024234999902546402 0.40385000407695776 0.77355000376701366 0.41535000503063207 37.565000534057624
decision_type=2 10 2 2 2 10 2 2 2 8 10 2 2 2 2 2 10 10 10 2 10 2 8 2 10 2 2 2 8 2
left_child=1 2 4 6 -1 9 -2 10 13 24 -3 17 16 14 -5 -9 -8 28 22 -11 -21 -22 -6 -24 26 29 -4 -18 -7 -26
right_child=3 7 5 8 18 11 12 15 -10 19 -12 -13 -14 -15 -16 -17 27 -19 -20 20 21 -23 23 -25 25 -27 -28 -29 -30 -31
leaf_value=0.50174359661721391 0.50177774439057721 0.50312731688100953 0.50353933962720188 0.50083888598061521 0.50461681696586724 0.50260924383379568 0.50268832111588535 0.50220979963680634 0.50027620611695933 0.5023175113334245 0.50386398914106723 0.50196338429250953 0.50559999007736212 0.49906111768149514 0.50200662883451419 0.50292992779108936 0.50265991984528458 0.50060347462374355 0.50506989899024968 0.50264408294409668 0.5069712227598262 0.50366569887549539 0.50345622425274394 0.50080805297759945 0.50145481031950467 0.50215428325926337 0.502050575786262 0.50077301114834338 0.50307739060949352 0.50291577755514327
leaf_weight=931 9599 12728.5 1250 1811 975 12460 10332 4001 1864 4666 6075.5 3462 219 275 5767 24452 718 328 1008 2582 213 1029 1590 247 6629 14877 1374 911 12410 698
leaf_count=931 9599 12728 1250 1811 975 12460 10332 4001 1864 4666 6073 3462 219 275 5767 24449 718 328 1008 2582 213 1029 1590 247 6629 14877 1374 911 12410 698
internal_value=0.502573 0.50274 0.502525 0.501969 0.503564 0.502445 0.502235 0.503042 0.501373 0.502217 0.503365 0.502711 0.502596 0.501634 0.501727 0.502829 0.502541 0.502814 0.504008 0.502698 0.503161 0.504236 0.503626 0.503099 0.502053 0.501969 0.50276 0.501604 0.502843 0.501594
internal_weight=145482 113986 66729 31496 4751 61978 21779 47257 9717 33318 18804 28660 12180 7853 7578 28453 11961 25198 3820 8490 3824 1242 2812 1837 24828 22204 2624 1629 24870 7327
internal_count=145476 113980 66729 31496 4751 61978 21779 47251 9717 33318 18801 28660 12180 7853 7578 28450 11961 25198 3820 8490 3824 1242 2812 1837 24828 22204 2624 1629 24870 7327
is_linear=0
shrinkage=1


Tree=1
num_leaves=31
num_cat=0
split_feature=75 80 50 80 68 1 58 68 56 75 11 21 52 58 8 27 85 88 58 63 21 25 17 25 68 5 21 73 45 41
split_gain=15.2515 7.40032 5.89978 5.20554 4.58003 3.45951 3.35255 3.9264 3.32168 2.93424 2.89676 2.46333 2.30458 2.29922 2.27057 2.26832 2.23615 2.12788 2.08333 2.02254 1.94271 1.93908 1.93673 1.86198 1.83455 1.81684 1.81421 1.79923 1.78675 1.78562
threshold=0.47070001065731054 0.55314999818801891 0.10474999994039537 0.54989999532699596 0.64915001392364513 -0.10235000029206275 18.554999351501468 0.54215002059936535 -0.037319999188184731 0.87344998121261608 0.038364998996257789 0.30635000765323644 1.0115000009536745 25.559999465942386 0.041834998875856406 1.1284999847412112 0.93685001134872448 0.99114999175071727 27.909999847412113 0.013619999866932632 0.43784999847412115 14.154999732971193 -0.73434999585151661 24.564999580383304 0.35915000736713415 -0.35244999825954432 0.50644999742507946 1.0000000180025095e-35 0.14005000144243243 -0.095344997942447648
decision_type=2 10 10 8 10 2 8 10 8 2 2 2 10 10 2 10 10 2 8 2 2 2 2 2 8 2 2 2 2 2
left_child=1 6 3 9 5 -3 7 20 14 28 -4 -10 13 -13 -5 -9 17 24 -6 22 -1 -14 -8 -16 -12 -21 27 29 -2 -7
right_child=2 4 10 8 18 26 19 15 11 -11 16 12 21 -15 23 -17 -18 -19 -20 25 -22 -23 -24 -25 -26 -27 -28 -29 -30 -31
leaf_value=-0.0003125581413514317 -0.0012079667476764713 0.002023211585706067 0.00099245145387464651 -0.00030256523039047246 0.0019709423258315933 0.001255244516267342 -0.0020522967510497318 6.6741597185326936e-05 0.00055680492932360921 -0.00099609995740595125 -0.00018718213174394514 0.00047021718083017721 0.00098696131326721529 -0.00085324808509927032 -0.00065872862341290542 0.0012181100771741071 -0.0030661218179289683 0.0016266514249811215 0.00029503907797798673 0.0025850606520361028 -0.001269401498337809 -0.00062010644251957766 0.0003057323860019038 -0.0031320192677409438 -0.0019996964026071273 0.00071693080999188157 -0.00019642725446827365 -0.0019809355377184553 -0.00028053871434908899 0.00046919047896640622
leaf_weight=13414 1994 1327 404 6143 3185.5 3048.5 321 5829 10403 7568 686 7971 757 1386 606 2092 815 209 845 620 2226 6231 11866 500 1881 1914 3360 248 29774 17706
leaf_count=13414 1994 1327 404 6142 3185 3048 321 5829 10403 7568 686 7971 757 1386 606 2092 815 209 845 620 2226 6231 11866 500 1881 1914 3360 248 29774 17701
internal_value=-3.27284e-06 0.000324448 -0.00029147 -0.000230298 0.000679628 0.000532072 4.86956e-05 -0.000173216 4.15841e-05 -0.000465272 -0.00141402 0.00019596 -3.37251e-05 0.000274109 -0.000527993 0.000370943 -0.00168496 -0.00127851 0.00161975 0.000403854 -0.000448816 -0.000445899 0.00024346 -0.00177867 -0.00151559 0.00117485 0.000450772 0.000554316 -0.000338787 0.000584704
internal_weight=145330 68002 77328 73333 29720 25689.5 38282 23561 33997 39336 3995 26748 16345 9357 7249 7921 3591 2776 4030.5 14721 15640 6988 12187 1106 2567 2534 24362.5 21002.5 31768 20754.5
internal_count=145323 67996 77327 73332 29714 25684 38282 23561 33996 39336 3995 26748 16345 9357 7248 7921 3591 2776 4030 14721 15640 6988 12187 1106 2567 2534 24357 20997 31768 20749
is_linear=0
shrinkage=0.03


Tree=2
num_leaves=31
num_cat=0
split_feature=75 67 17 75 80 58 47 11 50 39 19 7 61 71 24 71 87 61 30 81 58 21 61 52 87 84 59 53 41 89
split_gain=16.224 7.74223 6.57087 4.47099 4.15852 3.0522 2.82254 3.03316 2.82235 2.37176 2.28929 2.21157 1.96963 1.88994 2.16907 2.0042 1.88033 1.82744 1.96513 1.82223 1.80112 1.78395 1.8051 1.78111 1.68959 1.68006 2.03605 1.63486 1.61558 1.59034
threshold=0.69415000081062328 0.58004999160766613 -0.066725000739097581 0.9255499839782716 0.51714998483657848 19.309999465942386 -2.4999999999999996 0.039975000545382507 -0.038794999942183488 0.034384999424219138 0.60795000195503246 0.17494999617338183 0.0029885000549256806 5.5000000000000009 -0.0013424999779090283 129.50000000000003 0.98734998703002941 0.005203499924391509 -0.57745000720024098 0.13614999502897265 14.414999961853029 0.51835000514984142 -0.023540000431239601 1.1004999876022341 0.45839999616146093 0.58864998817443859 0.27080000936985021 0.12824999541044238 0.092155002057552352 0.06397500261664392
decision_type=2 10 2 2 10 8 2 2 10 2 2 10 2 10 2 10 2 2 8 2 10 2 2 8 2 10 10 8 2 2
left_child=1 4 3 -2 5 21 7 -6 -7 20 -5 29 -12 -11 27 16 -16 18 -9 -8 -4 22 -1 -10 28 -22 -27 -15 -13 -3
right_child=2 11 9 10 6 8 19 17 23 13 12 24 -14 14 15 -17 -18 -19 -20 -21 25 -23 -24 -25 -26 26 -28 -29 -30 -31
leaf_value=0.002248971664583402 -0.00054939488526581056 0.0015005350092606698 0.00068381613690444 -0.001164681856867026 0.00031053242297887103 0.00092684125400324723 -0.0011613818856667838 0.0027178588538912477 -0.00034372540482305487 0.00055013039260046919 -0.0036263559362971734 0.0010804733639693061 -0.0012400167930912151 -0.00092251851797860314 -0.0011280376342887408 0.00044982798160211256 -0.0033970478933629598 0.0003396849620702345 0.0010895245027625915 0.00013416354838850179 0.00068172336207006985 -0.0014677932402189211 -0.00034500432247445056 0.00055653523433745508 0.000464963775996583 -0.001637988415957243 -3.9617665243663538e-05 0.0024593944262656176 0.003302941559448692 0.00030068444623021165
leaf_weight=243 22582 1062 5034 5239 7927.5 3444 1026 1121 6650 1167 714 7941 554 228 2456 620 379 1182 1651 20111.5 1667 1280 23166 2814 5022.5 978 2683 293 305 15386
leaf_count=243 22582 1062 5034 5239 7926 3444 1026 1121 6650 1167 714 7939 554 228 2456 620 379 1182 1651 20110 1667 1280 23166 2814 5022 978 2683 293 305 15384
internal_value=-7.12162e-06 0.000204492 -0.000483228 -0.000749088 3.35351e-05 -0.000182209 0.00027919 0.000649126 0.00019161 1.55706e-05 -0.00144192 0.000610727 -0.00258554 -0.000511035 -0.000822559 -0.00109465 -0.00143246 0.00132773 0.00174877 7.12267e-05 0.000276967 -0.000377651 -0.000317982 -7.60138e-05 0.000898871 -0.000107489 -0.000466937 0.00098047 0.00116307 0.000378242
internal_weight=144926 100332 44594 29089 70616 37597 33019 11881.5 12908 15505 6507 29716.5 1268 5143 3976 3455 2835 3954 2772 21137.5 10362 24689 23409 9464 13268.5 5328 3661 521 8246 16448
internal_count=144919 100325 44594 29089 70613 37597 33016 11880 12908 15505 6507 29712 1268 5143 3976 3455 2835 3954 2772 21136 10362 24689 23409 9464 13266 5328 3661 521 8244 16446
is_linear=0
shrinkage=0.03


Tree=3
num_leaves=31
num_cat=0
split_feature=50 80 11 8 17 68 68 50 58 64 63 61 11 87 17 74 28 21 57 59 53 70 51 53 59 82 8 51 61 58
split_gain=15.3752 7.49254 5.00168 3.49413 3.35465 3.26473 3.09533 2.64649 2.57399 2.36008 2.24769 2.20881 2.44135 2.20533 1.92322 1.85712 1.92331 1.83532 1.79529 1.77825 1.90477 1.67829 1.63515 1.63089 1.59378 1.54561 1.4882 3.28737 1.55546 1.48781
threshold=0.023275000043213371 0.55314999818801891 0.044925000518560416 -0.064704999327659593 -0.078594997525215135 0.65145000815391552 0.54054999351501476 -0.045114999637007706 19.365000724792484 -0.0060110001359134904 -0.031659999862313264 0.0070549999363720426 0.037985000759363181 0.99805000424385082 -0.027104999870061871 -0.029725000262260434 18.595000267028812 0.47245000302791601 0.13419999927282336 0.73315000534057628 -0.056214999407529824 1.2655000090599062 1.2494999766349795 0.21425000578165057 0.3859000056982041 0.90125000476837169 0.049614999443292625 -0.29665000736713404 -0.00108600000385195 24.635000228881839
decision_type=8 10 2 2 2 10 10 10 8 2 2 2 2 2 2 10 10 2 10 8 10 8 8 10 8 2 2 10 2 8
left_child=1 5 4 11 -2 7 15 8 17 -8 -10 12 -3 14 26 -5 -17 -1 -19 20 -11 23 -6 -7 -14 -9 -4 28 -28 -16
right_child=2 3 13 6 22 21 9 25 10 19 -12 -13 24 -15 29 16 -18 18 -20 -21 -22 -23 -24 -25 -26 -27 27 -29 -30 -31
leaf_value=0.0001811089812905231 -0.00056654321580628243 -0.00047928477941023716 -0.0007326576787380116 -7.4928676402606992e-05 6.1445796485898617e-05 0.00010906715658898408 0.0013340313768485819 -0.00015207856653121727 -0.0018418546561868143 -0.00048576917686638329 0.001202079511511353 -0.00014525932551669114 0.0046494751427812375 -0.0029688712959741572 0.00092263409192629023 0.0016937826122162469 0.00034350464612986544 -0.00033221669226608639 -0.0034391948390244081 -0.00012146532511435829 0.00089221879264162883 0.0012778153390940194 0.0027463784688566543 0.0019960674195034236 0.0020879649880209987 -0.00084871693704696304 -0.0014678979307107295 -0.0017874020564018079 0.0018141948906423234 -0.0018663447797843634
leaf_weight=3803 15867 292 5239 11113 11012 4685 4465.5 41698 233 1019 3283 526 260 508 778 1008 16097.5 458 263 2896 7878 2123 207 451 1382 3077 200 3909 367 220
leaf_count=3803 15867 292 5239 11113 11012 4685 4460 41698 233 1019 3283 526 260 508 778 1008 16097 458 263 2896 7878 2123 207 451 1382 3077 200 3909 367 220
internal_value=9.27447e-06 0.000193902 -0.000506477 0.000477891 -0.000285818 -2.79874e-05 0.000416994 -0.000109981 0.000391138 0.000746694 0.000999896 0.0015783 0.00204689 -0.00103905 -0.000947267 0.000227012 0.000423169 -8.20986e-05 -0.00146875 0.000524201 0.000734357 0.000568511 0.000111225 0.000275124 0.00249615 -0.00019997 -0.00107609 -0.00147781 0.000655944 0.000306576
internal_weight=145318 107011 38307 46937 27086 60074 44477 52815 8040 16258.5 3516 2460 1934 11221 10713 28218.5 17105.5 4524 721 11793 8897 7259 11219 5136 1642 44775 9715 4476 567 998
internal_count=145312 107005 38307 46931 27086 60074 44471 52815 8040 16253 3516 2460 1934 11221 10713 28218 17105 4524 721 11793 8897 7259 11219 5136 1642 44775 9715 4476 567 998
is_linear=0
shrinkage=0.03


Tree=4
num_leaves=31
num_cat=0
split_feature=75 67 17 1 75 80 14 58 71 75 53 11 16 7 45 55 82 71 41 3 67 25 64 14 4 85 47 25 21 58
split_gain=14.6401 6.28025 5.29052 4.60088 3.82929 3.44686 2.63102 2.53532 2.19595 2.17236 2.22577 2.16164 2.13474 2.02114 2.05074 2.3743 2.04793 1.94432 1.92591 1.87297 1.86573 1.8489 1.83828 2.36973 2.12328 1.80719 1.79382 2.43247 1.96445 1.83146
threshold=0.69415000081062328 0.60975000262260448 -0.073095001280307756 -0.10235000029206275 0.9255499839782716 0.52535000443458568 0.11564999818801881 21.085000038146976 3.5000000000000004 0.092549998313188567 0.076094999909400954 0.047904999926686294 0.18415000289678576 -0.52300000190734852 0.44814999401569372 1.0000000180025095e-35 0.92704999446868908 1.5000000000000002 0.097565002739429488 -0.072465002536773668 0.75784999132156383 44.745000839233406 -0.024690000340342518 -0.15255000442266461 -0.062155000865459435 0.73084998130798351 -2.4999999999999996 22.035000801086429 0.3895500004291535 15.929999828338625
decision_type=2 10 2 2 2 10 2 8 8 2 10 2 2 8 2 2 2 8 2 2 10 2 2 2 2 10 2 2 2 10
left_child=1 3 4 12 -2 7 -4 13 -7 -3 -11 -6 -1 -5 15 19 -17 -8 -16 -15 -12 -13 24 25 -9 -24 27 -10 -28 -30
right_child=2 9 6 5 11 8 17 22 26 10 20 21 -14 14 18 16 -18 -19 -20 -21 -22 -23 23 -25 -26 -27 28 -29 29 -31
leaf_value=0.00085449447929366218 -0.00050569894069646057 0.0014045280330066043 0.00030667458998732061 -0.002431333323236248 -0.00087355381989561364 -0.00084315500996000878 0.0023877662738918193 -0.0025478563478079762 0.00011829044173118983 0.00027484964535855194 0.00060826349136006109 -0.0017394668984541148 0.0029297776684131089 0.0010174479724329273 0.00012086352866153845 -0.00061700017394554583 -0.0023273176338501319 -0.0005427625232051061 -0.00098105089192299577 -0.00039300496028545881 0.0015663099160075631 -0.0044215493974573035 0.00085286798959714359 0.00022670631364412783 0.00073697165867648337 0.0038939221828893219 0.00036889409062465745 0.0010247793853567846 -0.0008278597125708294 0.00011720071440470857
leaf_weight=2249 21887 2853 9549 394 3650 1570 209 428 4806 12982.5 6137 2371 556 1415 12296 11157 667 6883 1614 2109 2607 256 475 8352 301 279 13319.5 5978 2899 5075
leaf_count=2249 21887 2853 9549 394 3650 1570 209 428 4806 12980 6137 2371 556 1415 12296 11157 667 6883 1614 2109 2607 256 475 8352 301 279 13319 5976 2899 5075
internal_value=8.50365e-06 0.000209535 -0.0004425 7.46235e-05 -0.000693074 2.8884e-05 -1.83995e-05 -0.000161231 0.000251992 0.000626329 0.000524081 -0.00134624 0.00126675 -0.000299672 -0.000270884 -0.000509979 -0.000713669 -0.000456076 -7.05473e-06 0.000173465 0.000894049 -0.00200242 0.000256148 0.000372235 -0.00119242 0.00198181 0.000305617 0.000620842 0.000145952 -0.000226443
internal_weight=145324 100519 44805 75939.5 28164 73134.5 16641 39487 33647.5 24579.5 21726.5 6277 2805 29652 29258 15348 11824 7092 13910 3524 8744 2627 9835 9106 729 754 32077.5 10784 21293.5 7974
internal_count=145319 100514 44805 75937 28164 73132 16641 39487 33645 24577 21724 6277 2805 29652 29258 15348 11824 7092 13910 3524 8744 2627 9835 9106 729 754 32075 10782 21293 7974
is_linear=0
shrinkage=0.03


Tree=5
num_leaves=31
num_cat=0
split_feature=75 67 17 50 8 80 77 75 6 80 57 60 71 12 70 82 77 52 79 28 57 69 59 64 52 67 10 71 65 52
split_gain=13.8541 6.97201 4.54685 3.6162 3.58994 2.76437 2.53984 2.38628 2.30954 2.26158 1.96441 1.86547 1.79072 1.98021 1.71868 1.71285 1.70107 1.63745 1.6233 1.79869 1.58236 1.97506 1.50523 2.25683 2.64242 1.49276 1.49191 1.45938 1.36262 1.35143
threshold=0.69415000081062328 0.6033499836921693 -0.066725000739097581 0.11914999783039094 -0.067354999482631669 0.3116499930620194 0.93674999475479137 0.39894999563694006 0.29575000703334814 0.64745000004768383 0.079710002988576903 0.012389999814331533 163.50000000000003 0.70585000514984142 1.2415000200271609 0.92054998874664318 0.95939999818801891 1.2105000019073489 0.99445000290870678 19.82499980926514 0.07708000019192697 1.1125000119209292 0.78769999742507946 -0.015614999923855065 1.1004999876022341 0.27854999899864202 0.40874999761581426 1126.5000000000002 0.0029139999533072118 1.7814999818801882
decision_type=2 10 2 10 2 10 2 2 10 10 10 2 8 2 10 2 2 8 2 10 10 10 8 2 10 8 2 10 10 10
left_child=1 4 3 11 8 10 20 9 -1 14 17 15 22 27 -3 16 -2 -6 19 -8 -4 -22 29 24 -24 -7 -5 -14 -21 -12
right_child=2 7 6 26 5 25 18 -9 -10 -11 12 -13 13 -15 -16 -17 -18 -19 -20 28 21 -23 23 -25 -26 -27 -28 -29 -30 -31
leaf_value=0.00050878666307767155 -0.00051823587239279041 0.00038724484530965612 0.0013135712513627129 -8.1691508433626338e-05 -0.00055257373662190128 -0.00028110844078278968 -0.0018772366427367501 0.0002996575024165966 0.0021459215524281048 0.0013987095689640262 -0.00013955452642379685 0.00015631750578632924 -0.0011667100494935835 0.0011256482324381244 0.0013247737965174228 -0.0014184261044740214 -0.0018685564216510317 -0.0025340481463553763 0.0016665289262465539 0.00012537902804343331 -6.5722987710437329e-05 0.0011388285762888356 0.00052379561054597919 0.00019723691305217729 0.0049981796269630788 0.00020972930377002663 -0.0024713240830235416 0.00099645695008234369 -0.0014741387870982551 -0.0017677835714268056
leaf_weight=3071 21470 7275 1036 287 1056 6460 1110 10988 1037 5046.5 13448 2863 3303 450 2321 2375 873 582 238 1475 9614 1403 287 3316 202 40734 1302 306 709 474
leaf_count=3071 21470 7275 1036 287 1056 6460 1110 10987 1037 5044 13448 2863 3303 450 2321 2375 873 582 238 1475 9614 1403 287 3316 202 40732 1302 306 709 474
internal_value=1.11544e-05 0.000206907 -0.000427787 -0.000648806 6.04606e-05 1.03029e-05 -1.40977e-05 0.000633854 0.000922477 0.000884604 -0.000256115 -0.000568583 -0.000180754 -0.000749072 0.000614121 -0.000652548 -0.000571078 -0.00125773 -0.000721452 -0.000894443 0.000193227 8.77645e-05 -5.05893e-05 0.000478118 0.00237854 0.000142538 -0.00204004 -0.000983074 -0.000394315 -0.000195114
internal_weight=145112 100356 44755 29170 74726 70618 15585 25630.5 4108 14642.5 23424 27581 21786 4059 9596 24718 22343 1638 3532 3294 12053 11017 17727 3805 489 47194 1589 3609 2184 13922
internal_count=145106 100351 44755 29170 74724 70616 15585 25627 4108 14640 23424 27581 21786 4059 9596 24718 22343 1638 3532 3294 12053 11017 17727 3805 489 47192 1589 3609 2184 13922
is_linear=0
shrinkage=0.03


Tree=6
num_leaves=31
num_cat=0
split_feature=75 67 1 75 14 20 71 23 4 71 81 56 66 60 62 67 58 64 68 68 71 65 19 18 1 75 61 7 39 88
split_gain=13.0618 6.46794 3.38037 3.20966 2.77763 2.98077 2.46458 2.61643 2.56604 2.23025 2.08616 2.08101 2.71992 1.98986 1.97359 1.95181 1.90736 1.83876 1.8343 1.81539 1.91284 1.76119 1.98843 1.76055 1.75015 1.65961 1.64751 1.62086 1.56906 1.56612
threshold=0.69415000081062328 0.62825000286102306 -0.10235000029206275 0.97984999418258678 0.0030750000150874261 0.63445001840591442 115.50000000000001 50.844999313354499 -0.21605000644922254 5.5000000000000009 0.5449500083923341 -0.028039999306201931 -0.045105000957846635 0.00035224999010097241 -0.054305000230669968 0.37105000019073492 19.365000724792484 0.0090365000069141405 0.32395000755786901 0.69064998626708995 4.5000000000000009 -0.0042265001684427253 0.50475001335144054 2.1184999942779545 0.024224999360740188 0.45495000481605535 0.01762500032782555 0.37035000324249273 0.041485000401735313 0.71329998970031749
decision_type=2 10 2 2 2 2 8 2 2 8 2 8 2 2 2 8 8 2 10 10 8 10 2 2 2 2 2 10 2 2
left_child=1 2 14 4 26 19 8 -8 11 -5 16 12 -4 -12 -1 -9 18 21 -10 20 -6 -14 -23 29 -15 27 -2 -3 -20 -11
right_child=3 25 6 9 5 -7 7 15 10 23 13 -13 17 24 -16 -17 -18 -19 28 -21 -22 22 -24 -25 -26 -27 -28 -29 -30 -31
leaf_value=-0.00038982246445604004 -0.00087699375150426383 0.00064938801217427177 -0.0004394393164087916 0.0005842851690870068 0.000710888058105837 -0.0015629563693007149 -0.00067254631667140914 -0.00078076504164668035 -0.00068080147462805363 -0.0037982530704841525 0.00054356095888130585 -0.00025125214017052611 0.00031889502368437166 0.00016174117640930765 0.0014908848047870561 0.00049107775787641909 0.00027658625814034184 0.00032685170196400013 -0.00016662456761454988 0.00068758272298998098 -0.00027868640848808114 0.0021176033078610136 0.0048133876531864508 0.00023069195555513387 -0.00077146422421402747 0.00028977638599820036 0.00041323208986271593 0.0013776376096417743 0.00085701887463311515 -0.001634881529316347
leaf_weight=646 10023 10377 572 468 1890 1390 8296 1462 6211 353 12089.5 1000 275 11506 2249 4213 8927 484 16194.5 2197 25007 759 366 385 2145 7478 977 3744 1469 2054
leaf_count=646 10023 10376 572 468 1890 1390 8296 1462 6211 353 12087 1000 275 11506 2249 4213 8927 484 16193 2197 25007 759 366 385 2145 7477 977 3743 1469 2054
internal_value=1.35917e-06 0.000191245 6.52687e-05 -0.000424984 -0.000353735 -0.000206261 2.69204e-05 -0.000333021 0.000108036 -0.00133124 6.11344e-05 0.000902264 0.00137185 0.000263291 0.00107123 0.000163344 -9.75086e-05 0.00192171 -0.000237394 -0.000141392 -0.000209127 0.00247245 0.00299813 -0.00165242 1.50596e-05 0.000651196 -0.000762371 0.000842558 -8.14487e-05 -0.0019536
internal_weight=145207 100463 78864 44744 41484 30484 75969 13971 61998 3260 58542 3456 2456 25740.5 2895 5675 32801.5 1884 23874.5 29094 26897 1400 1125 2792 13651 21599 11000 14121 17663.5 2407
internal_count=145200 100456 78860 44744 41484 30484 75965 13971 61994 3260 58538 3456 2456 25738 2895 5675 32800 1884 23873 29094 26897 1400 1125 2792 13651 21596 11000 14119 17662 2407
is_linear=0
shrinkage=0.03


Tree=7
num_leaves=31
num_cat=0
split_feature=75 67 17 80 39 87 71 47 56 66 49 81 25 69 52 64 16 24 72 4 76 52 71 69 49 71 1 80 28 87
split_gain=11.2529 6.08204 5.38497 4.45687 3.07084 3.05718 2.71242 2.60267 2.56123 3.32104 4.93847 2.47527 2.43838 2.27702 2.14563 2.08468 1.89432 1.85234 1.80414 2.17179 1.75465 1.74348 1.7091 1.69412 1.64453 1.6801 1.76704 1.57295 1.55783 1.53143
threshold=0.7145499885082246 0.67114999890327465 -0.066725000739097581 0.53364998102188121 0.034384999424219138 0.97734999656677257 907.50000000000011 -1.4999999999999998 -0.05386999994516372 -0.019345000386238095 -0.055664999410510056 0.072314999997615828 21.925000190734867 1.1064999699592593 1.1665000319480898 -0.0020390000427141781 -0.26084999740123743 -0.00048039999091997737 6.5000000000000009 -0.010974999982863663 0.13614999502897265 1.1424999833106997 5.5000000000000009 1.3694999814033511 0.62055000662803661 4.5000000000000009 -0.060215000063180917 0.27095000445842748 18.355000495910648 0.34344999492168432
decision_type=2 10 2 10 2 2 8 2 8 2 10 2 2 10 10 2 2 2 8 2 2 8 10 8 8 8 2 10 10 2
left_child=1 3 5 8 -4 -2 -7 12 9 27 14 -10 -5 17 23 -16 -13 -6 -3 29 -9 -12 -19 -11 25 -14 -27 -1 -22 -20
right_child=2 18 4 7 13 6 -8 20 11 10 21 16 24 -15 15 -17 -18 22 19 -21 28 -23 -24 -25 -26 26 -28 -29 -30 -31
leaf_value=-0.00092331143552363052 -0.00059732905469348299 0.0019486546864584983 0.000352484862686095 0.00016089351549588963 0.00064741464962727029 -0.00131370115483453 -0.0043898038918956774 -0.00071166291858984758 -0.00083103461132818027 0.0016633346974639718 -0.00060754222616476745 0.0021300250307139342 -0.00050986186964011514 0.0013858134008620921 0.0047983596031364751 0.001716549109613393 -0.00016081562097776302 0.00010850294242529501 0.00060000708914348746 0.00093433050701560835 0.00079696311913345758 0.0011851433227868665 -0.0013716400422711032 -0.0010948435365933928 -0.0014861274198912254 0.0017012310630188463 0.00077579917060609737 0.00032867815649762297 4.7440838819010318e-05 -0.0003253170535062
leaf_weight=1901 25490 973 9640 7959 706 1190 329 2304 5378 1196 1646 327 692 489 368 429 34056 919 3797 8456 2960 693 2972 240 262 2524 7035 1719 15883 2793
leaf_count=1901 25490 973 9640 7959 706 1190 329 2304 5378 1196 1646 327 692 489 368 429 34056 919 3797 8456 2960 693 2972 240 262 2524 7032 1719 15878 2793
internal_value=-7.78294e-06 0.000159778 -0.000423681 6.14592e-05 3.78226e-05 -0.000675297 -0.0019824 0.000296911 -0.000133075 0.000349923 0.000887324 -0.000232594 0.000557065 -0.00055854 0.00189609 0.00314375 -0.000138967 -0.000765624 0.000697223 0.000616171 6.96508e-05 -7.6125e-05 -0.00102211 0.00120192 0.000856947 0.000916972 0.00102031 -0.000328863 0.000165217 0.000207843
internal_weight=145326 103591 41735 87572 14726 27009 1519 39619 47953 8192 4572 39761 18472 5086 2233 797 34383 4597 16019 15046 21147 2339 3891 1436 10513 10251 9559 3620 18843 6590
internal_count=145318 103583 41735 87564 14726 27009 1519 39611 47953 8192 4572 39761 18469 5086 2233 797 34383 4597 16019 15046 21142 2339 3891 1436 10510 10248 9556 3620 18838 6590
is_linear=0
shrinkage=0.03


Tree=8
num_leaves=31
num_cat=0
split_feature=50 80 22 53 56 67 51 66 52 16 67 1 58 74 50 87 61 10 56 88 53 24 47 32 60 56 50 2 71 80
split_gain=10.0903 5.28827 4.26822 2.53112 2.56575 4.14015 4.1041 3.4079 2.54374 2.53525 2.50962 2.76097 2.29282 2.28214 2.00959 1.94439 1.83237 1.81791 1.80372 1.74062 1.7289 1.71029 1.68022 1.8202 1.54099 1.53522 1.50058 1.70102 1.47348 1.47312
threshold=0.016715000383555893 0.55314999818801891 -0.18765000253915784 0.2864499986171723 -0.051495000720024102 0.49805000424385076 -0.1076500006020069 -0.028049999848008152 0.88324999809265148 -0.2457500025629997 0.67114999890327465 -0.10235000029206275 18.994999885559086 -0.027145000174641606 0.10474999994039537 0.99445000290870678 0.005203499924391509 0.43784999847412115 0.054755000397562988 0.53675001859664928 0.041354998946189887 0.0046365000307559976 -1.4999999999999998 0.51394999027252208 0.0017820000066421928 0.10240000113844873 -0.038794999942183488 -0.021854999475181099 5.5000000000000009 0.49144999682903295
decision_type=10 10 2 10 8 10 10 2 8 2 10 2 10 10 10 2 2 2 8 2 10 2 2 10 2 8 10 2 8 8
left_child=1 3 14 4 6 17 7 9 -9 -1 11 16 15 24 -2 29 -3 21 -19 -12 25 -6 23 -15 -13 -7 -10 -28 -16 -4
right_child=2 10 12 -5 5 20 -8 8 26 -11 19 13 -14 22 28 -17 -18 18 -20 -21 -22 -23 -24 -25 -26 -27 27 -29 -30 -31
leaf_value=-0.0019015188953773136 -0.00049680751639883238 0.0023716716212295111 -0.00024681781904843046 0.00084760014222325184 -0.00045574749554410662 -8.7863780754474346e-05 -0.00025020043295455281 0.00046274818691681533 0.0034737214260049556 0.00066909885286488475 0.0012459613351896422 0.00023880097519180047 -0.00059117565578664264 0.00091927840169839421 0.00047670347669078573 -0.002615575176283815 -0.00011462456199345502 -0.00051810289671680671 -0.0019671808778394372 0.00021456299289175865 0.00038182671251428671 0.00031865641664120657 0.00020908688549695 -0.00024754142306963016 -0.00039840758102913483 -0.0019226298175956595 0.00072688872154976695 0.0030364182065947165 -0.0015449725760686933 0.00052052851593208398
leaf_weight=478 27987 935 3130 2798 17238 8228 4686 1051 649 1236 4846 7852 3906 8224 368 208 373 1895 1306 2116 11500 3015 11278 1409 6044 431 699 487 2716 8018
leaf_count=478 27987 935 3130 2798 17238 8228 4686 1051 649 1236 4846 7852 3906 8221 368 208 373 1895 1306 2116 11500 3015 11276 1409 6044 431 699 487 2716 8017
internal_value=-9.87613e-06 0.000161462 -0.000375135 -3.15863e-05 -7.81045e-05 -0.000174513 0.000374662 0.00101112 0.00164022 -4.84853e-05 0.000411061 0.000310507 3.57042e-05 0.000259631 -0.000576932 0.000251358 0.00166311 -0.000445491 -0.00110975 0.000932558 0.000140763 -0.000340454 0.000457647 0.000748602 -3.83586e-05 -0.0001794 0.002314 0.001677 -0.00130366 0.00030508
internal_weight=145107 98774 46333 55697 52899 43613 9286 4600 2886 1714 43077 36115 15262 34807 31071 11356 1308 23454 3201 6962 20159 20253 20911 9633 13896 8659 1835 1186 3084 11148
internal_count=145101 98769 46332 55697 52899 43613 9286 4600 2886 1714 43072 36110 15261 34802 31071 11355 1308 23454 3201 6962 20159 20253 20906 9630 13896 8659 1835 1186 3084 11147
is_linear=0
shrinkage=0.03


Tree=9
num_leaves=31
num_cat=0
split_feature=75 67 17 89 69 1 7 62 17 58 20 87 83 62 28 20 75 28 6 14 58 75 80 1 66 4 28 58 80 52
split_gain=11.6163 6.04889 5.24121 3.11987 2.86015 2.75023 2.45359 2.12621 2.09182 2.85015 2.08858 2.02936 1.8015 1.84022 1.77163 1.71008 1.74167 2.06866 1.60877 1.5872 1.54868 1.5116 2.06028 1.55777 1.46728 2.24345 2.09857 1.53792 2.36508 1.5765
threshold=0.69415000081062328 0.53044998645782482 -0.069935001432895647 0.98734998703002941 1.1025000214576723 -0.06517500057816504 0.17494999617338183 -0.054305000230669968 -0.11055000126361846 15.929999828338625 0.51315000653266918 0.98734998703002941 0.99085000157356273 0.036395000293850906 20.144999504089359 0.31835000216960913 0.034904999658465392 17.714999198913578 0.33124999701976782 0.20545000582933429 14.534999847412111 0.86524999141693126 0.97374999523162853 0.23250000178813937 -0.015339999925345181 -0.2230500057339668 21.32499980926514 18.82499980926514 0.57725000381469738 1.0594999790191653
decision_type=2 10 2 2 10 2 10 2 2 8 2 2 8 2 10 2 2 10 10 2 10 2 10 2 2 2 10 8 8 10
left_child=1 5 3 21 11 7 -3 -1 9 10 -7 20 13 14 -8 -9 -17 -18 -19 -13 -4 -2 23 -23 27 26 -26 28 29 -11
right_child=2 6 4 -5 -6 8 12 15 -10 24 -12 19 -14 -15 -16 16 17 18 -20 -21 -22 22 -24 -25 25 -27 -28 -29 -30 -31
leaf_value=-0.00050899103467519759 -0.00042320330453345431 0.00024149091255441807 0.00033530143303976722 -0.0023931846377106629 0.0010418845104342314 -0.00044577804962656954 0.0008941183800184277 -0.00028549798769850144 0.00017410331451067862 -0.00061278409820683969 -0.0017808185710741758 -0.0028701029815785635 -0.0013500636382260036 0.0013297515716176628 0.00019547741598832834 0.00022412940949730244 -0.00050673920127595031 0.0012436992796410243 0.0028130113259010837 -0.00049409338812003863 -0.00032725048963456657 -0.00089395534871156992 0.0015151193472445897 -0.003423252351972873 0.00078035901084672066 5.0681503037407815e-05 0.003887702117903985 -3.7674984367486969e-05 0.00038035261443271167 -0.0024134294392102584
leaf_weight=1426 16691 21471 5694 904 2127 13255 7607 1093 17636 829 1145 405 370 3973 5726 1594 423 1833 867 673 7175 10433 314 223 1043 13214 240 4894 827 928
leaf_count=1426 16691 21471 5694 904 2127 13254 7607 1093 17635 829 1145 405 370 3969 5726 1594 423 1833 867 673 7175 10433 314 223 1043 13214 240 4894 827 928
internal_value=-1.32917e-05 0.000165738 -0.000415927 -0.000659771 1.74209e-05 -2.04346e-05 0.000457004 0.000528755 -9.40194e-05 -0.000224017 -0.000552049 -0.000138879 0.000718759 0.000763066 0.000594117 0.000783502 0.00103121 0.00144295 0.00174848 -0.00138858 -3.40954e-05 -0.000603036 -0.000876591 -0.000947203 -9.04563e-06 0.000167015 0.0013642 -0.000350337 -0.000942265 -0.00156467
internal_weight=145033 100394 44639 28565 16074 61247 39147 7236 54011 36375 14400 13947 17676 17306 13333 5810 4717 3123 2700 1078 12869 27661 10970 10656 21975 14497 1283 7478 2584 1757
internal_count=145027 100388 44639 28565 16074 61245 39143 7236 54009 36374 14399 13947 17672 17302 13333 5810 4717 3123 2700 1078 12869 27661 10970 10656 21975 14497 1283 7478 2584 1757
is_linear=0
shrinkage=0.03


Tree=10
num_leaves=31
num_cat=0
split_feature=75 17 75 67 1 81 14 0 56 39 54 67 18 71 58 64 20 59 6 63 61 69 70 30 85 67 16 25 9 45
split_gain=9.16225 4.88559 5.99889 4.69586 3.42902 2.83556 2.62615 2.3013 2.15768 2.09694 2.044 2.02587 2.79955 1.96763 1.96523 2.74604 1.90021 1.96114 2.32068 1.87445 1.75604 2.50059 1.71281 1.69007 1.66358 1.64925 1.62038 1.55713 1.4873 1.55048
threshold=0.47070001065731054 -0.069935001432895647 0.8306500017642976 0.69734999537467968 -0.10235000029206275 0.05152500048279763 0.12234999984502794 0.055475000292062766 -0.0785199999809265 0.034624999389052398 0.77474999427795421 0.39615000784397131 1.5374999642372134 527.50000000000011 14.414999961853029 0.0030160000314936046 0.45514999330043798 0.91069999337196361 -0.2181499972939491 0.0008045000140555204 0.0080190002918243426 0.81865000724792492 0.61014997959136974 0.58974999189376842 0.89225000143051159 0.43385000526905065 0.067584998905658736 45.815000534057624 -0.007809499977156519 0.92614999413490307
decision_type=2 2 2 10 2 2 2 2 8 2 10 10 2 8 10 2 2 10 8 2 2 8 10 10 10 8 2 2 2 2
left_child=3 2 11 4 20 -6 8 27 -3 25 14 13 24 -2 15 19 -11 18 -18 -8 21 -1 -9 -15 28 -7 -27 -4 -13 -30
right_child=1 6 7 -5 5 9 10 22 -10 16 -12 12 -14 23 -16 -17 17 -19 -20 -21 -22 -23 -24 -25 -26 26 -28 -29 29 -31
leaf_value=0.0044141632511359649 -0.00029918391885923204 -0.0018805023507334261 -0.00071588931167686448 0.00092138414036164128 -0.00069521363938818549 -0.00031668593784476803 0.000342013125193303 -0.0043129618361300382 0.00040986561527800685 0.00060890846788143999 0.0024136583670030377 -0.00047416316212484197 0.0017109909850251243 -0.0015266872584498491 -0.00076858076190843992 0.0013143893776851497 0.00087809306538959612 0.0012629156911532335 -0.0004365672385842793 -0.0016281646226137475 -0.00018788693399088963 0.0012159670652732704 -0.0015228765601750637 0.0011136217231429984 0.00078063547326827224 -5.0119610410246619e-05 0.00048823757174929925 -0.0023266244958507205 0.00017197833389365303 -0.000859541233699311
leaf_weight=246 12355 378 13456 8559 3616 9457 967 267 15959 13922 240 7632 829 2082 4774 1209 1548 1014 5496 788 666 2034 767 243 1922 12898.5 8249 562 11455 1480
leaf_count=246 12355 378 13456 8559 3616 9456 967 267 15958 13922 240 7632 829 2082 4774 1209 1548 1014 5496 788 666 2034 767 243 1922 12895 8247 562 11455 1480
internal_value=9.79234e-06 -0.000213241 -0.000374638 0.000264645 0.000169596 0.000117287 0.000138893 -0.000881489 0.00035676 0.000173171 -0.000307234 -0.000173844 -3.42921e-08 -0.000449907 -0.000391926 0.000214792 0.000396708 3.00553e-05 -0.000147572 -0.000543026 0.00116711 0.00156282 -0.0022468 -0.00125037 -6.31802e-05 1.26195e-05 0.00015989 -0.000780627 -0.000142069 5.38964e-05
internal_weight=145070 77365 53050 67705.5 59146.5 56200.5 24315 15052 16337 52584.5 7978 37998 23318 14680 7738 2964 21980 8058 7044 1755 2946 2280 1034 2325 22489 30604.5 21147.5 14018 20567 12935
internal_count=145063 77364 53050 67699 59140 56194 24314 15052 16336 52578 7978 37998 23318 14680 7738 2964 21980 8058 7044 1755 2946 2280 1034 2325 22489 30598 21142 14018 20567 12935
is_linear=0
shrinkage=0.03


Tree=11
num_leaves=31
num_cat=0
split_feature=50 67 1 87 19 53 71 6 61 4 62 17 46 60 26 28 62 17 51 52 64 16 24 68 4 65 85 67 53 74
split_gain=9.54076 4.57967 3.0615 3.03381 2.67373 2.61767 2.52126 2.32386 2.23669 2.20413 2.24945 1.9971 1.86653 1.85146 1.83531 1.79105 1.77889 1.76492 1.75932 1.67793 1.87796 1.67777 1.61182 1.62804 1.60209 1.62745 1.59045 1.66262 1.58338 1.50403
threshold=0.023275000043213371 0.51354998350143444 -0.10235000029206275 0.65174999833107006 0.56005001068115245 0.042805001139640815 115.50000000000001 0.15185000002384189 0.0030564999906346206 -0.2092499956488609 -0.015429999679327009 -0.061274999752640717 0.96525001525878917 0.0080094998702406901 0.40815000236034399 17.804999351501468 0.12465000152587892 -0.0075004999525845042 -0.26164999604225153 1.3514999747276308 0.029140000231564048 -0.13464999943971631 -0.0090115000493824465 0.56534999608993541 0.14764999598264697 0.0085680000483989733 0.46754999458789831 0.65125000476837169 -0.13515000045299527 -0.019345000386238095
decision_type=10 10 2 2 2 10 8 10 2 2 2 2 2 2 2 10 2 2 10 8 2 2 2 8 2 10 10 10 10 10
left_child=1 2 15 7 5 12 9 8 26 10 -4 -8 29 -6 -5 -1 -16 -14 -15 20 22 -20 -9 -24 -11 -26 -3 -28 -25 -2
right_child=4 3 6 14 13 -7 11 19 -10 24 -12 -13 17 18 16 -17 -18 -19 21 -21 -22 -23 23 28 25 -27 27 -29 -30 -31
leaf_value=-0.0011347467733086132 -0.00087543666126559323 -0.00033335777841460101 0.0016505694228847929 -0.0014118769785837278 -0.00139007012521082 -8.2933090734979372e-05 -0.00059627182121227613 0.001745978829846753 0.00065728355801039802 -0.00013621784985923184 3.3203621027455908e-05 0.00083386218856794088 -0.0022648712168348776 0.0022468123356292162 -9.6581550837340641e-05 0.0013517578176595417 0.0018462655419561392 0.00052103202125181264 -0.0022340238744901217 -0.00026531735483996584 -0.001891146847887399 0.00034274079365724638 0.00035382149595960079 -0.0012594368240333032 0.00016056170109916463 0.0013955285434728883 -6.9030739197865958e-05 0.00094638912789395493 0.0011122651471283098 -0.00022631767083957947
leaf_weight=298 5754 5997.5 1467 904 3754 18910 10288 1723 8093 32971 1637 960 1029 241 7381 2046 449 255 360 1339 222 614 5157 261 10816 1053 3444 2507 7844 7274
leaf_count=298 5754 5996 1467 904 3754 18910 10288 1723 8093 32970 1637 960 1029 241 7380 2046 449 255 360 1338 222 614 5157 261 10816 1053 3443 2507 7842 7274
internal_value=-4.73252e-06 0.000140725 -2.78241e-05 0.00036957 -0.000411711 -0.000314613 -6.99402e-05 0.00048949 0.000272228 2.48979e-05 0.000797882 -0.000474149 -0.000620697 -0.0010607 -0.000132787 0.00103529 1.50497e-05 -0.00171162 -4.27372e-05 0.000752618 0.000842261 -0.000610971 0.000882879 0.000770622 -2.86276e-05 0.000270234 1.13885e-05 0.000358826 0.00103574 -0.000513055
internal_weight=145048 106858 61536 45321.5 38191 33222 59192 36587.5 20041.5 47944 3104 11248 14312 4969 8734 2344 7830 1284 1215 16546 15207 974 14985 13262 44840 11869 11948.5 5951 8105 13028
internal_count=145041 106850 61535 45315 38191 33222 59191 36582 20039 47943 3104 11248 14312 4969 8733 2344 7829 1284 1215 16543 15205 974 14983 13260 44839 11869 11946 5950 8103 13028
is_linear=0
shrinkage=0.03


Tree=12
num_leaves=31
num_cat=0
split_feature=75 67 80 0 53 81 67 8 60 45 71 74 53 56 45 80 71 25 63 82 28 12 25 64 5 59 51 89 68 58
split_gain=9.21087 4.61468 3.95564 3.45328 2.76652 3.17676 2.58088 2.38194 2.16618 2.12009 1.71902 1.72277 1.71727 1.62706 2.08711 2.20428 1.76238 1.76092 1.95248 1.93582 1.88367 1.94052 1.71021 1.56351 1.55185 1.52613 1.51456 1.48981 1.46568 1.44866
threshold=0.69415000081062328 0.63075000047683727 0.55314999818801891 0.096330001950263991 0.011795000173151495 0.30324999988079077 0.48424999415874487 -0.064704999327659593 0.014639999717473985 0.74674999713897716 4.5000000000000009 -0.026610000059008595 0.2864499986171723 -0.0083104996010661108 0.44814999401569372 0.16184999793767932 123.50000000000001 40.405000686645515 -0.017424999736249443 0.62645000219345104 17.134999275207523 0.62444999814033519 36.315000534057624 0.0055115001741796741 0.27224999666213995 0.81250000000000011 -0.20865000039339063 0.91865000128746044 0.65395000576972973 19.309999465942386
decision_type=2 10 10 2 10 2 10 2 2 2 8 10 10 8 2 10 8 2 2 2 10 2 2 2 2 8 8 2 10 8
left_child=1 2 12 4 27 6 8 24 9 -6 -9 -12 13 17 15 16 -15 20 -19 -20 21 -1 -17 -21 26 -3 -4 -2 -13 -22
right_child=3 25 7 -5 5 -7 -8 10 -10 -11 11 28 -14 14 -16 22 -18 18 19 23 29 -23 -24 -25 -26 -27 -28 -29 -30 -31
leaf_value=-0.0014174631644193005 -0.0005164974828815455 0.00068432930350121452 0.0031368035657438806 -0.0028964500203738394 -0.0021661549726039605 -6.2869178397868444e-06 0.00021092038797786749 -0.0006637278457143445 0.0014999742762000141 -0.00068248638905073818 1.4344683410684563e-05 0.00041818959851924059 0.00063005171133117687 -0.00078453396668757419 -4.8947842258956248e-05 -0.00042544933085345384 -0.0021673156450934669 -0.0013636798029997351 0.00054417978052418228 0.0045099253765237268 -0.00018105574230237666 0.0014683962940402907 0.0010848350206865956 0.0010717123452840106 0.0025771255813631763 6.598916339071389e-05 0.00037847530445206856 -0.0012745026967892095 0.001826786620671124 0.00049928779767770704
leaf_weight=1393 13110 16466 207 478 1777 23106 1534 1832 240 1694 12604 17003.5 2484 3566 13416 8783 1081 240 657 278 6755 246 730 209 589 4595 1295 2839 691 4830
leaf_count=1393 13110 16463 207 478 1777 23106 1534 1832 240 1694 12604 17000 2484 3566 13416 8783 1081 240 657 278 6755 246 730 209 589 4595 1295 2839 691 4830
internal_value=-5.26708e-06 0.000154923 4.95953e-05 -0.000362827 -0.000335424 -0.000157599 -0.000824053 0.00029229 -0.00125182 -0.00144246 0.000228419 0.000282383 -0.000136343 -0.000181486 -0.000317088 -0.000571118 -0.0011066 7.44985e-05 0.00109224 0.00160821 -3.2091e-05 -0.000983689 -0.000309453 0.00303961 0.00127317 0.000549432 0.000760452 -0.000651498 0.000473298 0.000102611
internal_weight=144728 99950.5 78889.5 44778 44300 28351 5245 34221.5 3711 3471 32130.5 30298.5 44668 42184 27576 14160 4647 14608 1384 1144 13224 1639 9513 487 2091 21061 1502 15949 17694.5 11585
internal_count=144722 99944 78886 44778 44300 28351 5245 34218 3711 3471 32127 30295 44668 42184 27576 14160 4647 14608 1384 1144 13224 1639 9513 487 2091 21058 1502 15949 17691 11585
is_linear=0
shrinkage=0.03


Tree=13
num_leaves=31
num_cat=0
split_feature=75 11 68 80 75 87 45 1 69 80 47 81 4 72 66 39 53 58 65 87 28 62 51 54 70 68 16 9 28 89
split_gain=8.39708 4.23399 3.86362 3.69369 3.1322 2.98439 2.97451 2.84481 2.93742 2.51918 2.21253 2.02411 2.38494 2.16801 2.13101 1.97569 2.02552 2.03967 1.94916 1.94886 1.75584 1.65267 1.70456 1.6219 1.60494 1.58143 1.52528 1.67145 1.51094 1.70739
threshold=0.46209999918937689 0.063294999301433577 0.55134999752044689 0.54989999532699596 0.91775000095367443 0.97734999656677257 0.14005000144243243 -0.10235000029206275 0.86544999480247509 0.58134999871253978 4.5000000000000009 0.05152500048279763 -0.21605000644922254 3.5000000000000004 -0.083334997296333299 0.024844999425113205 -0.0013104999670758841 38.854999542236335 0.00087545000133104633 0.63205000758171093 19.32499980926514 -0.039370000362396233 -0.31454999744892115 0.21014999598264697 1.2294999957084658 0.32395000755786901 -0.10565000027418135 0.051415000110864646 19.744999885559086 0.61265000700950634
decision_type=2 2 10 10 2 2 2 2 8 10 2 2 2 8 2 2 10 10 8 2 10 2 10 8 10 8 2 2 10 2
left_child=2 3 7 4 6 21 -2 8 18 24 26 -9 14 20 -13 -5 17 19 -1 -17 -14 22 -3 -8 -4 -21 27 -6 -18 -30
right_child=1 5 9 15 10 -7 23 11 -10 -11 -12 12 13 -15 -16 16 28 -19 -20 25 -22 -23 -24 -25 -26 -27 -28 -29 29 -31
leaf_value=0.0054261750736232118 -0.0013390989348538167 0.0022676069721220536 0.00012199999708429247 0.00055959579320961341 -0.0013089234346960437 -0.0024639509628851049 -0.00011499776173911259 -0.00066733979544393942 0.00058210625628549216 0.00099049334299888955 -0.00037410733083981517 -0.0015229824544365394 0.0013077485242899247 9.7338401956752397e-05 0.0014315191766408667 1.0269617850862724e-05 0.00046263743904414068 0.0015843399671824929 0.0015873440273635668 0.00049106253698443403 -0.0016065056442559026 -0.0010699074637833806 -0.00035425521057896826 -0.0011496817844264397 0.00091102575049770021 -0.0011657554768692026 -0.0012278956029268691 -0.0044323621849337953 -0.00057069400756875862 0.00021489913263322876
leaf_weight=200 2047 285 9120 6610 299 1036 31113 3274 2128 8704 2445 248 222 36200 1877 3489 8102 437 295 600 1128 2833 1015 1425 3111 3793 2044 320 3998 6597
leaf_count=200 2047 285 9120 6609 299 1036 31113 3274 2128 8699 2445 248 222 36199 1877 3489 8102 437 295 600 1128 2833 1015 1425 3111 3793 2044 320 3998 6597
internal_value=1.50419e-05 -0.000195113 0.000263054 -0.000136601 -0.000332583 -0.00102488 -0.00023015 0.00010807 0.001067 0.000600407 -0.00102595 4.94823e-05 0.00010865 5.33043e-05 0.00108616 9.47445e-05 -1.90071e-05 -0.000408409 0.0031462 -0.00051908 -0.00112666 -0.000663644 0.000221839 -0.000160346 0.00032275 -0.000939405 -0.00162407 -0.00292817 0.000154265 -8.15686e-05
internal_weight=144995 78488 66507 73319 39693 5169 34585 45572 2623 20935 5108 42949 39675 37550 2125 33626 27016 8319 495 7882 1350 4133 1300 32538 12231 4393 2663 619 18697 10595
internal_count=144988 78487 66501 73318 39693 5169 34585 45571 2623 20930 5108 42948 39674 37549 2125 33625 27016 8319 495 7882 1350 4133 1300 32538 12231 4393 2663 619 18697 10595
is_linear=0
shrinkage=0.03


Tree=14
num_leaves=31
num_cat=0
split_feature=75 67 17 80 58 89 47 69 45 62 14 61 27 61 57 89 49 21 20 54 41 39 48 52 61 85 50 2 70 58
split_gain=8.20409 5.53094 3.38965 3.06431 2.89138 2.55451 2.4556 2.00514 1.68732 1.7724 1.93445 1.85699 1.66777 1.63012 1.64234 2.10509 1.5325 1.6431 1.48771 1.46268 1.45015 1.41093 1.58025 1.4048 1.38779 1.38193 1.37021 1.66652 1.5688 1.36038
threshold=0.76265001296997081 0.58004999160766613 -0.065595000982284532 0.53745001554489147 21.085000038146976 0.97904998064041149 -2.4999999999999996 1.1165000200271609 0.46965000033378607 0.10425000265240671 -0.11315000057220458 -0.0064455000683665267 1.1385000348091128 0.013294999953359367 0.12834999710321429 0.047884998843073852 0.13724999874830249 0.54594999551773082 0.28554999828338629 -0.2457500025629997 0.097565002739429488 0.035105001181364066 2.0685000419616704 1.7304999828338625 0.0011049999739043417 0.092909999191761031 -0.022725000046193596 0.08419500291347505 0.93264999985694896 14.714999675750734
decision_type=2 10 2 10 8 2 2 10 2 2 2 2 10 2 10 2 8 2 2 10 2 2 2 8 2 10 10 2 10 8
left_child=1 3 5 4 8 25 12 16 9 10 11 -1 -5 14 -13 -16 -4 21 -8 -6 -10 -18 -23 -12 -17 -2 28 -28 -21 -20
right_child=2 -3 7 6 19 -7 18 -9 20 -11 23 13 -14 -15 15 24 17 -19 29 26 -22 22 -24 -25 -26 -27 27 -29 -30 -31
leaf_value=0.0028293923916820393 -0.0013838059092862595 0.00045837550008021662 0.00029639881290354094 0.0003413088784560333 0.0012750358290026928 -0.0018757980870258619 0.00040523212802667227 0.0010825859456940951 2.6896035309233196e-05 -0.0015567695480271796 -0.00049882728137239541 0.00077326629973538234 0.0011567379574833961 0.0024486210139013915 -0.0037317747990095068 0.0011739951253130518 -0.00017690447045588535 0.0011435045161460702 -0.00055426792251260797 3.6121972830121231e-05 -0.00081443014347894172 -0.0013211025211517973 0.0013160665838118542 -0.0019914713662471683 -0.0020300583233265096 -0.00046771018247995143 2.5660500617394685e-05 -0.0014715098858128274 0.0012227332141781181 4.4596507879040701e-05
leaf_weight=257 1604 32463.5 4448 8461.5 1098 1367 6598.5 1362 12841 1393 12777 664 3078.5 225 220 281 3612 554 4781 2329 2152 2371 223 593 213 19395 5291 765 1760 11932
leaf_count=257 1604 32460 4448 8461 1098 1367 6598 1362 12841 1393 12777 664 3078 225 220 281 3612 554 4781 2329 2152 2371 223 593 213 19395 5291 765 1760 11932
internal_value=2.4886e-06 0.000129513 -0.000398086 -7.87371e-06 -0.00017775 -0.00061961 0.000201033 -3.90774e-06 -0.000324688 -0.000532819 -0.000439068 0.000467225 0.00055892 8.6984e-05 -0.00030012 -0.00129803 -0.000136024 -0.000420554 2.38495e-05 0.000235439 -9.39088e-05 -0.000560337 -0.00109397 -0.000565175 -0.00020882 -0.000537748 0.000122809 -0.000163675 0.000547041 -0.00012674
internal_weight=145110 110174 34936 77710.5 42859 22366 34851.5 12570 31616 16623 15230 1860 11540 1603 1378 714 11208 6760 23311.5 11243 14993 6206 2594 13370 494 20999 10145 6056 4089 16713
internal_count=145105 110169 34936 77709 42859 22366 34850 12570 31616 16623 15230 1860 11539 1603 1378 714 11208 6760 23311 11243 14993 6206 2594 13370 494 20999 10145 6056 4089 16713
is_linear=0
shrinkage=0.03


Tree=15
num_leaves=31
num_cat=0
split_feature=75 67 17 9 81 64 59 25 3 71 62 82 6 75 66 58 57 62 61 86 5 31 25 63 16 8 66 68 63 57
split_gain=8.20035 3.99115 3.82922 2.45233 2.33429 2.01486 1.90532 1.82569 1.73809 1.70685 1.69095 1.75088 1.66288 1.66892 1.62324 2.03456 1.64959 1.61613 1.924 1.66045 2.02537 1.6706 1.64605 1.63541 1.63314 1.61198 1.60653 2.00653 1.60137 2.27323
threshold=0.69415000081062328 0.67425000667572033 -0.08293499797582625 -0.082554999738931642 0.15734999626874926 0.027115000411868099 0.040674999356269843 47.014999389648445 0.15175000578165057 17.500000000000004 -0.090590000152587877 0.98734998703002941 0.91185000538826 0.9255499839782716 -0.014659999869763849 14.414999961853029 0.13069999963045123 -0.061874998733401292 -0.038930000737309449 0.063085000962018981 -0.29444999992847437 0.24505000561475757 24.355000495910648 -0.00060835000476799894 -0.17864999920129773 0.051984999328851707 0.023800000548362735 0.2718500047922135 -0.0027654999867081638 0.24445000290870669
decision_type=2 10 2 2 2 2 8 2 2 10 2 2 10 2 2 10 10 2 2 2 2 8 2 2 2 2 2 8 2 10
left_child=1 3 7 17 5 6 -5 10 -4 -10 -2 12 13 -12 -8 16 -16 23 -19 21 24 22 -20 -1 -21 -6 27 -17 -28 -30
right_child=2 -3 8 4 25 -7 14 -9 9 -11 11 -13 -14 -15 15 26 -18 18 19 20 -22 -23 -24 -25 -26 -27 28 -29 29 -31
leaf_value=-0.0013500964986452519 0.00024404103100700248 0.00057302111022075771 0.00015662544895118241 -0.0013363694918540033 9.0914132570077316e-05 0.0021621439338634189 -0.00076497763542419982 -0.002051114652565566 0.000213898014097383 -0.00093346294320575387 -0.00051757181952412996 -0.0023563500859622153 0.0003654829440182983 -0.0011673629907499837 -0.00038323959126570193 0.002778421220237266 -0.0025058733531737221 -0.0016824745435860676 -0.0011022182493478476 0.0014700557473229861 0.00095439957193044678 -0.0012028760390721011 0.001469717330087652 0.0009476807183123328 0.004229176455361007 -0.0012459797982422186 -0.0015023433949923025 0.00047484444909823883 -0.00022463998081897788 0.0030654005725194839
leaf_weight=670 2215 15223 13069 1747 64942.5 278 3931 748 1869 3104 17193 512 1548 4486 1918 393 397 255 295 427 2281 507 921 476 354 821 675 2503 1305 220
leaf_count=670 2215 15223 13069 1747 64936 278 3931 748 1869 3104 17193 512 1548 4486 1918 393 397 255 295 427 2281 507 921 476 354 821 675 2503 1305 220
internal_value=-2.47952e-05 0.000125563 -0.000362645 4.57179e-05 7.44109e-07 -0.000360653 -0.000414396 -0.000590767 -2.50135e-05 -0.000502295 -0.000548602 -0.000622568 -0.00058425 -0.00065208 -0.00027228 -1.08711e-05 -0.000748175 0.000620924 0.000852119 0.000987514 0.00140662 0.000242321 0.000845376 -0.000395703 0.00272448 7.42055e-05 0.000324151 0.000788301 -0.00028692 0.000251687
internal_weight=145284 100540 44744 85316.5 79130.5 13367 13089 26702 18042 4973 25954 23739 23227 21679 11342 7411 2315 6186 5040 4785 3062 1723 1216 1146 781 65763.5 5096 2896 2200 1525
internal_count=145277 100533 44744 85310 79124 13367 13089 26702 18042 4973 25954 23739 23227 21679 11342 7411 2315 6186 5040 4785 3062 1723 1216 1146 781 65757 5096 2896 2200 1525
is_linear=0
shrinkage=0.03


Tree=16
num_leaves=31
num_cat=0
split_feature=75 11 68 75 71 68 56 25 45 49 80 60 89 82 81 6 58 85 61 62 89 65 52 65 52 65 21 67 67 18
split_gain=8.9058 4.70032 3.7682 2.91426 3.08968 2.79898 2.48672 2.49922 2.38253 2.36485 2.33926 2.29195 2.15524 2.03284 1.98143 1.87826 1.83112 1.75627 1.75309 1.89942 1.88102 2.08555 1.9004 1.81456 1.85183 1.75726 1.73924 1.69916 1.62243 2.11196
threshold=0.47070001065731054 0.034044999629259116 0.55285000801086437 0.9255499839782716 5.5000000000000009 0.41994999349117285 -0.028039999306201931 19.785000801086429 0.16784999519586566 -0.0066265000496059647 0.58134999871253978 -0.013855000026524065 0.64010000228881847 0.90125000476837169 0.8201500177383424 1.4555000066757204 11.864999771118166 0.84894999861717235 -0.038930000737309449 -0.092025000602006898 0.29665000736713415 0.0031245000427588825 1.29449999332428 -0.0037040000315755601 0.79385000467300426 0.0048625001218169936 0.35774999856948858 0.43385000526905065 0.38705000281333929 1.5374999642372134
decision_type=2 2 10 2 8 8 8 2 2 10 10 2 2 2 2 10 8 10 2 2 2 10 10 8 10 10 2 8 10 2
left_child=2 8 6 28 -5 14 7 -1 12 13 -4 -11 -2 27 17 16 -7 -6 -9 -20 21 23 -22 -21 -25 -23 -26 -8 -3 -30
right_child=1 3 10 4 5 15 9 18 -10 11 -12 -13 -14 -15 -16 -17 -18 -19 19 20 22 25 -24 24 26 -27 -28 -29 29 -31
leaf_value=-0.0001388676953662082 -0.00048579813185344181 -0.00057955346128855966 0.00032154562527367459 0.0005854993061434634 -0.00027293484377342056 0.00091463643556695872 -0.00051398413721538369 -0.0017736077474723771 4.1245965819921695e-05 0.0016962793204433869 0.00095870610023893025 0.00015249215687941108 -0.0026986467200172085 -0.0011994357552808953 0.00076965238141680234 8.0554661262259981e-06 -0.0020196375194647441 -0.0022429256213075855 -0.00038526591900229612 0.00079345449368311595 0.00014547304758492414 -0.0014477857014282309 0.0021554530474546057 0.00092614120643621936 0.0017895278212381525 0.0011829899684035043 0.00436729244523258 0.00010648966335937258 -0.00022556763597249909 0.001012552283399786
leaf_weight=3776 2390 11653 12463 995 1118 201 6771 229 42076 914 8882.5 16010 474 1848 854 543 3803 640 923 595 2380 278 514 361 373 1264 648.5 9607 11155 1394
leaf_count=3776 2390 11653 12463 995 1118 201 6771 229 42075 914 8878 16010 474 1848 854 543 3803 640 923 595 2380 278 514 361 373 1264 648 9607 11155 1394
internal_value=5.89732e-06 -0.000214257 0.000256749 -0.000489956 -0.000980439 -0.00119813 0.000105241 0.000491476 -1.57516e-05 -1.93923e-05 0.00058672 0.000235961 -0.000852845 -0.000256504 -0.000415261 -0.00164766 -0.00187215 -0.000990977 0.000806062 0.000886814 0.00106992 0.00153573 0.000503085 0.00218044 0.00277637 0.000708069 0.00342869 -0.000150043 -0.000324672 -8.79619e-05
internal_weight=145133 77296 67837 32356 8154 7159 46491.5 11341.5 44940 35150 21345.5 16924 2864 18226 2612 4547 4004 1758 7565.5 7336.5 6413.5 3519.5 2894 1977.5 1382.5 1542 1021.5 16378 24202 12549
internal_count=145127 77295 67832 32356 8154 7159 46491 11341 44939 35150 21341 16924 2864 18226 2612 4547 4004 1758 7565 7336 6413 3519 2894 1977 1382 1542 1021 16378 24202 12549
is_linear=0
shrinkage=0.03


Tree=17
num_leaves=31
num_cat=0
split_feature=75 67 11 80 45 87 7 25 60 39 67 31 6 1 53 69 41 69 2 59 62 85 64 5 66 37 62 60 59 6
split_gain=7.0165 3.31355 3.24598 2.61563 2.54091 2.39167 2.34913 2.06804 1.70395 1.64027 1.6137 1.65347 1.57369 1.75139 1.84016 1.68245 1.57137 1.56907 1.56514 2.16031 1.54123 1.4126 1.70964 1.39878 1.37963 1.72966 1.63713 1.35471 1.33002 1.32946
threshold=0.46209999918937689 0.51354998350143444 0.047904999926686294 0.59315001964569103 0.14005000144243243 0.99805000424385082 0.37035000324249273 39.444999694824226 -0.0086500002071261389 0.024844999425113205 0.69374999403953563 0.64235001802444469 -0.4586500078439712 0.030825000256299976 0.070934999734163298 0.86825001239776622 0.21515000611543658 1.0435000061988833 -0.090625002980232225 0.36704999208450323 -0.095454998314380632 0.66525000333786022 0.03456499986350537 1.3514999747276308 0.052795000374317176 1.0000000180025095e-35 -0.037165001034736626 -0.013855000026524065 0.96230000257492077 -0.48074999451637263
decision_type=2 10 2 8 2 2 10 2 2 2 10 8 8 2 8 8 2 10 2 8 2 10 2 2 2 2 2 2 8 10
left_child=1 7 3 4 8 12 21 17 -2 27 11 20 24 15 16 -14 -15 18 19 -1 -6 22 -3 -11 25 26 -4 -5 -9 -23
right_child=2 6 5 9 10 -7 -8 28 -10 23 -12 -13 13 14 -16 -17 -18 -19 -20 -21 -22 29 -24 -25 -26 -27 -28 -29 -30 -31
leaf_value=-0.00078842880103413841 -0.0025686252136725217 7.9738164547272985e-05 0.0011231394747186353 -0.0016290308896838345 0.00048877841166394289 -0.0026931662934992552 0.00090867942062048995 0.00047813809593231241 -0.00071213068840232955 -5.0341007097704306e-05 0.00034596071960518114 0.00051460124467030935 0.0012215623677613377 -0.0012598125689485514 -0.00050423538112904218 -0.00043777830832652425 -0.0035776327131922395 -0.0003896762189718974 -2.0899864324870289e-05 0.0010302933075480437 -0.00040546835334739553 -0.001341349725678906 0.0024226593452308753 0.0018104308987023762 0.0022764076487865386 0.001796149928530309 -0.0020088487082053305 0.00064609502790766073 0.0021879646309113511 0.00075515519367422247
leaf_weight=740 657 14085 227 245 1847 490 7575.5 3493 1378 20971 3988 2127 657 3116 3948 3348 287 8854 22109 2845 28304 284 285 369 286 300 440 5575 463 6122
leaf_count=740 657 14082 227 245 1847 490 7573 3493 1378 20971 3988 2127 657 3116 3948 3348 287 8853 22109 2845 28304 284 285 369 286 300 440 5574 463 6122
internal_value=-1.55429e-05 0.000210351 -0.000207782 -0.000121515 -0.000281202 -0.000638851 0.000456475 2.91167e-05 -0.00131247 0.000103678 -0.0002233 -0.000293641 -0.000558811 -0.000670137 -0.000945106 -0.000165335 -0.00145628 -4.5289e-05 7.33953e-05 0.000654765 -0.000350674 0.000291553 0.000126371 -1.80822e-05 0.000449875 -9.21336e-05 -0.000942854 0.000550057 0.000678754 0.000662015
internal_weight=145416 66855.5 78560 65461 38301 13099 28351.5 38504 2035 27160 36266 32278 12609 11356 7351 4005 3403 34548 25694 3585 30151 20776 14370 21340 1253 967 667 5820 3956 6406
internal_count=145408 66849 78559 65460 38301 13099 28346 38503 2035 27159 36266 32278 12609 11356 7351 4005 3403 34547 25694 3585 30151 20773 14367 21340 1253 967 667 5819 3956 6406
is_linear=0
shrinkage=0.03


Tree=18
num_leaves=31
num_cat=0
split_feature=75 67 81 53 53 28 50 71 50 71 57 58 52 57 59 66 58 66 82 66 63 22 68 28 57 68 89 68 9 54
split_gain=6.32936 3.58316 3.30723 3.23611 2.42112 3.36096 2.47576 1.98411 2.05803 1.98214 1.95992 1.9221 2.38308 2.08401 2.03794 2.02288 2.27277 2.02353 1.91685 1.85131 2.51512 2.19085 1.84337 1.81543 1.7315 1.88487 1.69528 1.96736 1.67356 1.66856
threshold=0.8038499951362611 0.41535000503063207 0.33134999871253973 0.0079060001298785227 0.076094999909400954 19.535000801086429 -0.068305000662803636 5.5000000000000009 0.10474999994039537 1.0000000180025095e-35 0.065765000879764571 19.365000724792484 0.98645001649856578 0.12934999912977221 0.30060000717639929 -0.0056219999678432933 17.635000228881839 0.016494999639689926 0.80939999222755443 -0.046254999935626977 0.0027429999317973856 -0.35125000774860377 0.69394999742507946 20.904999732971195 0.098979998379945769 0.33734999597072607 0.75415000319480907 0.48714999854564672 -0.063175000250339494 -0.091324999928474412
decision_type=2 10 2 10 8 10 10 8 10 10 10 10 10 10 10 2 10 2 2 2 2 2 8 10 10 8 2 8 2 10
left_child=1 9 29 26 6 10 -3 -5 -9 23 -6 12 -11 -14 -15 19 17 -17 -19 -16 21 -21 -12 -1 -10 -26 -4 -28 -7 -2
right_child=2 4 3 7 5 28 -8 8 24 11 22 -13 13 14 15 16 -18 18 -20 20 -22 -23 -24 -25 25 -27 27 -29 -30 -31
leaf_value=-0.00043340835794044311 -0.00040238216462761765 0.0010237010363543491 -0.00021113067743720127 0.0010443004648814994 -0.0020963903366858186 0.0016363561456725734 1.8635819334276197e-05 4.4441630965076421e-05 0.00082372624768196553 0.00016080737020220337 0.00065469489782022966 0.00024063584259502259 -0.00016638423921419337 -0.0019644632801114458 -0.00024078489616901304 0.0018566998748644386 -0.0017754480069711932 0.00060088586252637444 -0.0017928102251492536 -0.0054919678814520567 -0.00013095716688370045 -0.001996957219618233 0.0015294595670421608 -0.0020463057824729055 0.00080693676938804293 -0.0020162534002355903 -0.00040031453444192792 -0.0017410144959925876 9.6258351534199481e-05 -0.0013727104707713558
leaf_weight=5073 2630 2339 2867 1517 205 660 38456.5 11854 357 10459 9485 14269 10290 1226 854 627 521 893 453 236 389 513 2811 716 259 1181 1726 2296 16162 4056
leaf_count=5073 2630 2339 2867 1517 205 660 38453 11854 357 10459 9485 14269 10290 1226 854 627 521 893 453 236 389 513 2811 716 259 1181 1726 2296 16162 4056
internal_value=-7.95609e-06 9.03087e-05 -0.000406698 -0.000229503 0.000225744 0.000433668 7.62847e-05 1.53991e-05 -9.90081e-05 -0.000113834 0.000806225 -3.99999e-05 -0.000191335 -0.000421493 -0.000880955 -0.000584466 -1.50382e-05 0.000450488 -0.000205452 -0.00129703 -0.00208877 -0.00310404 0.000854784 -0.000633215 -0.00104478 -0.00150826 -0.000768647 -0.00116591 0.000156777 -0.00099114
internal_weight=145380 116638 28743 22057 70118.5 29323 40795.5 15168 13651 46519 12501 40730 26461 16002 5712 4486 2494 1973 1346 1992 1138 749 12296 5789 1797 1440 6889 4022 16822 6686
internal_count=145377 116634 28743 22057 70115 29323 40792 15168 13651 46519 12501 40730 26461 16002 5712 4486 2494 1973 1346 1992 1138 749 12296 5789 1797 1440 6889 4022 16822 6686
is_linear=0
shrinkage=0.03


Tree=19
num_leaves=31
num_cat=0
split_feature=75 53 67 20 25 52 89 6 51 57 47 7 67 14 25 7 18 77 65 70 81 27 9 58 71 24 85 66 20 59
split_gain=6.14485 3.7229 3.49798 3.20913 3.04771 3.01763 2.63256 2.90596 2.37835 1.88734 1.83434 2.27158 1.9788 1.80681 1.62864 1.60224 1.56433 1.54504 1.54268 1.51895 1.49599 1.48772 1.45902 1.55675 2.42202 1.47286 1.53074 1.44597 1.37855 1.65368
threshold=0.45495000481605535 0.042805001139640815 0.65964999794960033 0.61495000123977672 19.785000801086429 0.62624999880790722 0.97904998064041149 0.70464998483657848 -0.03062499966472387 0.35625000298023229 -2.4999999999999996 0.28505000472068792 0.75784999132156383 0.22604999691247943 43.805000305175788 -0.23285000026226041 0.029614999890327457 0.027329999953508381 -0.018539999611675736 1.0674999952316286 0.93264999985694896 2.4524999856948857 0.081735000014305129 20.69999980926514 77.500000000000014 0.0038774999557062988 0.11724999919533731 0.10415000095963479 0.32754999399185186 0.7956499755382539
decision_type=2 8 10 2 2 8 2 10 8 8 2 10 10 2 2 8 2 2 10 10 2 10 2 8 8 2 10 2 2 10
left_child=4 6 3 8 5 -1 22 -8 28 15 11 19 17 18 -13 -5 -7 -12 -10 -6 -15 27 25 -24 -25 26 -2 -20 -3 -30
right_child=1 2 -4 9 10 16 7 -9 13 -11 12 14 -14 20 -16 -17 -18 -19 21 -21 -22 -23 23 24 -26 -27 -28 -29 29 -31
leaf_value=0.0005346684710562169 -0.0011701092913548815 -0.00014944814457771723 0.00066585949963161568 -0.003371609262516161 8.1753597693437605e-05 -0.0019716377002657686 -0.0026030688319912515 0.00098788414360559277 0.0020380334400207454 0.00054986822164736335 -0.001274297020585878 0.00084789346690272173 0.0011662709934418412 -0.0013433436857799845 0.0025177977176173219 -0.0011848290479723566 -0.00021724107242507935 0.00013264049604102022 0.00013892677508382684 0.00074939546395854306 0.00066867365277975468 0.0022378568287938832 -0.00041988933636891721 -0.0029029854964983007 -9.197177558218664e-05 -3.4473932523059551e-05 -0.00036449011553411345 -0.001913667194375667 -0.0011663425319841951 0.00054174743466159012
leaf_weight=5614 2400 5394 6118 414 8520 469 914 260 390 393 728 6955 1636 1301 568 1111 17120 19308.5 23504 4791 446 299 1635 736 441 11500 18335 312 3206 606
leaf_count=5614 2400 5394 6118 414 8519 469 914 260 390 393 728 6953 1636 1301 568 1111 17120 19306 23503 4791 446 299 1635 736 441 11500 18335 312 3206 606
internal_value=-9.10037e-06 -0.000186152 9.42404e-07 -0.000107911 0.000205688 -7.08451e-05 -0.000410807 -0.00180763 -4.32416e-05 -0.00130281 0.000356637 0.000557634 0.0001634 0.000102258 0.000974292 -0.00178031 -0.00026413 8.14602e-05 0.000168723 0.000322095 -0.000829597 0.000138408 -0.000363967 -0.00101923 -0.00185072 -0.000306775 -0.00045779 0.000111958 -0.000458118 -0.000894734
internal_weight=145424 79715 43494 37376 65709.5 23203 36221 1174 35458 1918 42506.5 20834 21672.5 26252 7523 1525 17589 20036.5 24505 13311 1747 24115 35047 2812 1177 32235 20735 23816 9206 3812
internal_count=145418 79714 43493 37375 65704 23203 36221 1174 35457 1918 42501 20831 21670 26251 7521 1525 17589 20034 24504 13310 1747 24114 35047 2812 1177 32235 20735 23815 9206 3812
is_linear=0
shrinkage=0.03


Tree=20
num_leaves=31
num_cat=0
split_feature=75 67 19 80 53 53 42 8 20 57 89 32 62 71 80 80 63 46 67 58 64 58 57 77 58 60 67 22 74 57
split_gain=7.03908 4.16672 3.30073 2.96433 2.37033 2.26392 2.50809 2.06116 2.21405 2.24185 1.86032 1.65015 1.62663 1.58467 2.39435 1.58193 1.6689 1.58126 1.5369 1.52553 2.52338 2.11731 1.74215 1.74008 1.70193 1.64682 1.50917 1.56016 1.49298 1.44981
threshold=0.77404999732971203 0.61194998025894176 0.57504999637603771 0.52134999632835399 0.01303499983623624 0.26774999499320989 -0.15634999424219129 -0.067354999482631669 0.56264999508857738 0.091664999723434462 0.8696500062942506 0.82989999651908886 -0.041494999080896371 119.50000000000001 0.047724999487400062 0.42014999687671667 -0.0064405000302940598 0.97044998407363903 0.41535000503063207 31.960000038146976 -0.0002423499972792342 19.365000724792484 0.15680000185966494 0.087464999407529845 22.860000610351566 0.00076864997390657674 0.26205000281333929 -0.52009999752044667 0.062445001676678664 0.11015000194311143
decision_type=2 10 2 10 8 10 2 2 2 10 2 8 2 8 10 8 2 2 8 10 2 8 10 2 8 2 10 2 10 8
left_child=1 3 4 5 10 6 19 29 18 -10 -2 13 -4 17 -15 -6 -17 -8 -9 21 -21 22 23 -1 -23 -26 -11 -28 -3 -5
right_child=2 28 12 7 15 -7 11 8 9 26 -12 -13 -14 14 -16 16 -18 -19 -20 20 -22 24 -24 -25 25 -27 27 -29 -30 -31
leaf_value=-0.00016778195087633656 -0.00039218584735851064 0.00039042296631167604 -0.00019635339926688501 0.0030715473445740585 -0.00045136898380970883 0.00063052717583292393 -0.00019568317062279908 -4.9588259490927491e-05 -0.0033767638303011231 -0.0011828738342966518 -0.0012718977906123212 0.0019862701401434091 -0.0016052399909220107 -0.0020733495070498487 -0.00049180754692157869 -0.00049742058447178731 0.00031843040902337065 -0.0017417265597621532 0.00036432732680979869 -0.0023126121734209602 0.00074240897721941949 0.0034514349045650585 -0.001560446248619708 0.0023196921224441767 -1.1852268271468346e-05 0.0027247497397539819 0.0022918935940637558 -0.00019775312039576763 0.0018363203667793196 0.00078942277396646689
leaf_weight=683 7161 26155.5 1004 293 7000 2981 31188 12986 243 1251 3100 282 2781 1018 5583 3003 9069 606 21340.5 403 611 389 400 401 511 322 266 1494 658 1705
leaf_count=683 7161 26152 1004 293 7000 2981 31188 12985 243 1251 3100 282 2781 1018 5583 3003 9069 606 21337 403 611 389 400 401 511 322 266 1494 658 1705
internal_value=-1.38892e-05 9.9935e-05 -0.000398026 -2.97085e-06 -0.000290418 -0.000168467 -0.00022466 0.000186776 0.000136841 -0.000610935 -0.000658058 -0.000296222 -0.00123167 -0.000313037 -0.000735989 -9.2598e-05 0.000115457 -0.000225205 0.000207743 0.000519258 -0.000472848 0.00089106 0.000129303 0.00075369 0.00181528 0.00104799 -0.000386674 0.000179611 0.000425972 0.00112546
internal_weight=144888 111770 33118 84956.5 29333 45378 42397 39578.5 37580.5 3254 10261 38677 3785 38395 6601 19072 12072 31794 34326.5 3720 1014 2706 1484 1084 1222 833 3011 1760 26813.5 1998
internal_count=144880 111762 33118 84952 29333 45378 42397 39574 37576 3254 10261 38677 3785 38395 6601 19072 12072 31794 34322 3720 1014 2706 1484 1084 1222 833 3011 1760 26810 1998
is_linear=0
shrinkage=0.03


Tree=21
num_leaves=31
num_cat=0
split_feature=80 87 12 39 53 74 4 71 58 53 28 70 54 87 63 61 39 10 58 11 87 81 68 58 64 22 56 47 11 45
split_gain=5.98306 3.68754 3.56668 3.0224 2.7814 2.64703 2.53458 2.22884 2.15694 2.09643 2.01488 1.94107 1.87533 1.78955 2.00356 1.70911 2.47302 1.83978 1.77065 1.65053 2.41024 1.60721 1.54206 1.5975 2.20045 1.53171 1.52518 1.52254 1.49115 1.44937
threshold=0.55314999818801891 0.9032999873161317 0.43835000693798071 0.026564999483525756 0.2864499986171723 -0.014704999979585407 0.0080014998093247431 11.500000000000002 49.149999618530281 0.079934999346733107 17.755000114440922 0.77515000104904186 -0.050414999946951859 0.6240999996662141 -0.021475000306963917 0.015254999976605179 0.045014999806880958 0.38355000317096716 31.429999351501468 0.041965000331401832 0.08759500086307527 0.067834999412298216 0.7162500023841859 26.125000000000004 -0.025809999555349347 -0.26035000383853907 0.10795000195503236 -2.4999999999999996 0.05728499963879586 -0.045134998857974999
decision_type=10 2 2 2 10 10 2 8 8 8 10 10 10 2 2 2 2 2 10 2 2 2 10 10 2 2 8 2 2 2
left_child=1 4 5 -4 11 27 -3 -8 -6 13 -11 21 22 -5 25 16 18 -17 -12 -7 -21 -1 23 -13 -25 -15 29 -2 -9 -14
right_child=2 6 3 9 8 19 7 28 -10 10 15 12 26 14 -16 17 -18 -19 -20 20 -22 -23 -24 24 -26 -27 -28 -29 -30 -31
leaf_value=-0.00096453521818066796 0.00047883165614288312 -0.0017733308116874105 0.00048901561843120065 -3.914930533261641e-05 0.0004006791572040449 0.00059625700930158153 0.0007396290365596043 -0.00050413122198038872 0.0025693599241505909 0.0010222227773337197 0.0001571038373306235 1.6415974051708999e-05 -0.0016525576609678946 0.002574838207033958 -0.00084768405866000841 -8.0491742052187775e-05 -0.001114915857920721 0.0023841355358719652 -0.0026949516159426698 0.0032266495986501527 0.00098405709576032457 -0.00026975303464013166 0.0012243804763882489 -0.0020423468237084521 0.0012463778674033077 -0.00055312069717477607 -0.00090105150697448099 -0.0001356534724399797 -0.0018611501731890933 -9.0382890206339161e-05
leaf_weight=3454 7495 1866 9061 6799 3618 10953.5 1063 3442 465 1951 7738 17735 549 281 7014 568 1919 523 200 533 2253 22596 1177 203 1794 281 2651 7034 924 18997
leaf_count=3454 7495 1866 9061 6799 3618 10950 1063 3442 465 1951 7738 17735 549 281 7014 568 1919 523 200 533 2253 22596 1177 203 1794 281 2651 7033 924 18997
internal_value=-4.09477e-06 -0.000176611 0.000210961 1.43448e-05 -0.000112537 0.000463673 -0.000819782 -0.000491772 0.000648232 -0.000143363 0.000134292 -0.000157462 -3.39041e-05 -0.000392501 -0.000709566 -2.40214e-05 -0.000148762 0.00110209 8.49151e-05 0.000762184 0.0014141 -0.000361909 0.000169971 0.000107017 0.000911216 0.00101265 -0.000225948 0.000181349 -0.000791685 -0.000134343
internal_weight=145138 80534 64603.5 36335 73239 28268.5 7295 5429 4083 27274 12899 69156 43106 14375 7576 10948 9857 1091 7938 13739.5 2786 26050 20909 19732 1997 562 22197 14529 4366 19546
internal_count=145133 80534 64599 36335 73239 28264 7295 5429 4083 27274 12899 69156 43106 14375 7576 10948 9857 1091 7938 13736 2786 26050 20909 19732 1997 562 22197 14528 4366 19546
is_linear=0
shrinkage=0.03


Tree=22
num_leaves=31
num_cat=0
split_feature=80 87 12 39 71 71 53 61 52 58 57 25 77 61 21 43 53 61 67 82 58 80 5 88 52 4 28 8 39 58
split_gain=4.22919 3.23604 3.02689 3.03417 2.82975 2.79393 2.22985 2.07691 2.0595 1.87374 3.64372 1.85285 1.76939 1.66747 2.50747 1.66043 1.55237 1.71731 1.68748 1.61617 1.68215 1.52901 1.48662 1.48211 1.53396 1.47147 1.4446 1.76263 1.43558 1.77782
threshold=0.53364998102188121 0.65174999833107006 0.48725000023841863 0.025074999779462818 4.5000000000000009 29.500000000000004 0.079934999346733107 0.0035849999403581028 1.5724999904632571 14.385000228881838 0.11510000005364419 16.945000648498539 0.95939999818801891 0.010649999603629114 0.61524999141693126 0.064355000853538527 0.29375000298023229 0.0042004999704658994 0.38705000281333929 0.9048999845981599 21.224999427795414 0.2144500017166138 -0.46334999799728388 0.747850000858307 0.5960499942302705 -0.12545000016689298 19.744999885559086 0.090654999017715468 0.032744999974966056 13.84999990463257
decision_type=10 2 2 2 10 8 8 2 10 10 10 2 2 2 2 2 10 2 10 2 10 10 2 2 10 2 10 2 2 10
left_child=1 8 4 -4 7 -3 -5 -2 16 10 25 -6 22 14 15 26 17 21 19 20 -19 -1 -7 -24 -25 -10 27 -8 -13 -30
right_child=2 5 3 6 11 12 13 -9 9 -11 -12 28 -14 -15 -16 -17 -18 18 -20 -21 -22 -23 23 24 -26 -27 -28 -29 29 -31
leaf_value=-0.0004060180875816505 0.00019392975114147773 -2.3137155676558164e-05 0.00053882539274810177 -0.00041765942162648348 3.2443117705134431e-05 0.0014866135162108572 0.00078730210618349573 -0.0010250153289174746 0.0013780025899320549 -0.00015799865352838328 -0.004140959470894285 0.00035702513521238428 -0.0015471518352453465 0.00079162290626913728 -0.0021055396034393285 -0.00096756504443886631 0.00078496815525459405 -0.00037092780369396973 0.0004520701837585842 -0.0015765096729913797 0.0008284641361680096 3.481000180761285e-05 -0.00031157077729901611 -0.00016951140833900452 -0.0012033309651986316 -0.0013418247603222836 -0.00014695948959790811 -0.0018151995332166553 7.4904097608795395e-05 0.0010237834551404504
leaf_weight=11861 3496 9696 6933 14637 5896 313 3724 1964 243 1921 371 9471.5 1823 2655 507 1252 2352 3400 11102 663 1523 17570 7486 1761 4850 672 4871 249 2171.5 9787
leaf_count=11861 3496 9696 6933 14637 5895 313 3724 1964 243 1921 371 9465 1823 2655 507 1252 2352 3400 11102 663 1523 17570 7486 1761 4850 672 4871 249 2171 9787
internal_value=-1.49015e-06 -0.000152603 0.000171956 -2.27969e-05 0.000378832 -0.000426083 -0.000162396 -0.000244641 -1.53805e-05 -0.000751535 -0.00163734 0.000503413 -0.000666747 0.000119428 -4.89494e-05 5.45266e-05 3.33404e-05 -5.00766e-06 0.000238096 -0.000187175 2.1403e-07 -0.000142856 -0.000555268 -0.000600707 -0.000928015 -0.000618794 0.000199312 0.00062378 0.000632982 0.000851501
internal_weight=145221 77607 67614 34828 32786 25929 27895 5460 51678 3207 1286 27326 16233 13258 10603 10096 48471 46119 16688 5586 4923 29431 14410 14097 6611 915 8844 3973 21430 11958.5
internal_count=145213 77607 67606 34828 32778 25929 27895 5460 51678 3207 1286 27318 16233 13258 10603 10096 48471 46119 16688 5586 4923 29431 14410 14097 6611 915 8844 3973 21423 11958
is_linear=0
shrinkage=0.03


Tree=23
num_leaves=31
num_cat=0
split_feature=80 8 54 58 50 45 58 20 64 12 58 67 88 71 67 26 66 62 16 58 7 31 8 76 88 49 60 41 8 56
split_gain=4.03239 3.53279 3.47276 2.78929 2.27526 2.18278 1.98461 2.4197 2.08286 2.10766 2.0549 1.99907 1.91486 1.96975 1.89847 1.88911 1.67242 1.64741 1.73202 1.76696 1.56166 2.35329 1.55323 1.71474 1.51974 1.46897 1.43459 1.42212 1.39403 1.38787
threshold=0.54989999532699596 0.031434999778866775 -0.067885000258684144 11.864999771118166 0.077595002949237837 0.53665000200271618 14.414999961853029 0.50064998865127575 -0.025809999555349347 0.26845000684261328 25.559999465942386 0.58425000309944164 0.99114999175071727 31.500000000000004 0.40915000438690191 1.028500020503998 -0.015139999799430369 0.033420000225305564 -0.3068500012159347 37.620000839233406 2.4925000667572026 0.22134999930858615 -0.036614999175071709 0.32265000045299536 0.94384998083114635 0.13724999874830249 -0.012415000237524508 -0.0349150002002716 -0.084454998373985277 -0.051495000720024102
decision_type=10 2 10 8 8 2 8 2 2 2 8 10 2 8 10 2 2 2 2 10 10 8 2 2 2 10 2 2 2 10
left_child=2 14 6 -3 -4 -6 7 11 9 -8 16 26 13 -7 -2 -15 -10 18 19 -12 -5 -22 23 25 28 -16 -1 -28 -18 -24
right_child=1 3 4 20 5 12 8 -9 10 -11 17 -13 -14 15 22 -17 24 -19 -20 -21 21 -23 29 -25 -26 -27 27 -29 -30 -31
leaf_value=-0.0022426583687649325 5.704176247264476e-05 0.0012229551073855251 -0.00024431006506805606 -0.00047365798500127157 -0.0041096959189414533 -7.7077252364887513e-05 -0.0024255609429340466 -0.0025027161341381042 -0.0002743954659546686 0.00039426453143759333 0.0042873647608202715 0.00052701242295658283 0.0018089943766126165 -0.00090504833949473971 0.0010661997147423919 -0.0029866355751000809 0.0028444070241607305 -4.5724219466795002e-06 0.00091260967460213326 0.0010453409995215379 0.0035612687428584404 -0.00084364397620322973 -0.00011902644733396969 -2.7285844940027066e-06 -0.0014056489019496877 0.0029428642550875157 -0.00077482946151712518 0.0001172895802459761 0.0003881310565507174 0.00044139440689229981
leaf_weight=370 19801 1032 44291 11079 200 1040 510 410 5312 447 306 2772 220 971 2687 659 211 1352 2703 300 217 218 4765 1206 418 436 3181 3251 10971 24038.5
leaf_count=370 19800 1032 44291 11079 200 1040 510 410 5312 447 306 2772 220 971 2687 659 211 1352 2703 300 217 218 4765 1206 418 436 3181 3251 10971 24034
internal_value=7.64397e-06 0.000182171 -0.000135393 -0.000270441 -0.000299235 -0.00108618 0.000103367 -0.000248705 0.00025939 -0.00110943 0.00032016 -0.000151927 -0.000875592 -0.00109739 0.000289449 -0.00174794 0.000166426 0.000877816 0.00123824 0.00268677 -0.000404388 0.00135688 0.000428337 0.000958125 0.000368298 0.00132906 -0.00042865 -0.000323967 0.00043473 0.000348682
internal_weight=145374 65479.5 79895 12546 47381 3090 32514 9984 22530 957 21573 9574 2890 2670 52933.5 1630 16912 4661 3309 606 11514 435 33132.5 4329 11600 3123 6802 6432 11182 28803.5
internal_count=145369 65474 79895 12546 47381 3090 32514 9984 22530 957 21573 9574 2890 2670 52928 1630 16912 4661 3309 606 11514 435 33128 4329 11600 3123 6802 6432 11182 28799
is_linear=0
shrinkage=0.03


Tree=24
num_leaves=31
num_cat=0
split_feature=75 67 39 15 1 69 24 60 51 80 28 64 18 46 52 58 45 55 4 66 58 53 57 80 52 75 56 62 49 21
split_gain=5.84861 3.4371 2.64282 2.37974 2.35648 2.21429 2.16619 2.07938 2.70584 1.88757 1.99756 1.82702 1.7172 1.80152 1.69867 2.01892 1.67829 2.402 1.664 1.77254 1.58756 1.56905 1.58692 1.57889 1.45933 1.83798 1.41307 1.40542 1.39759 1.39439
threshold=0.75415000319480907 0.58004999160766613 0.038285000249743469 0.079295001924037947 -0.10235000029206275 0.89204999804496776 -0.011615000199526547 0.0068230000324547299 -0.29665000736713404 0.22245000302791598 22.535000801086429 0.039610000327229507 1.6844999790191653 0.97044998407363903 0.50665000081062328 27.909999847412113 0.22874999791383746 1.0000000180025095e-35 -0.20304999500513074 -0.089805003255605684 14.089999675750734 0.076094999909400954 0.13515000045299533 0.66734999418258678 1.4275000095367434 0.85740000009536754 0.025884999893605713 -0.054940000176429742 -0.18965000659227368 0.52275002002716076
decision_type=2 10 2 2 2 8 2 2 10 10 10 2 2 2 8 10 2 2 2 2 8 10 10 10 10 2 8 2 10 2
left_child=1 4 3 -2 5 -1 -3 12 -9 16 18 14 13 20 15 21 17 -6 19 -11 29 -8 -23 -24 25 -10 -21 -7 -16 -4
right_child=2 6 7 -5 9 27 11 8 24 10 -12 -13 -14 -15 28 -17 -18 -19 -20 26 -22 22 23 -25 -26 -27 -28 -29 -30 -31
leaf_value=0.0025012260700084696 -0.0004886924045800551 0.0013977999860434137 -0.0014670296586371716 0.00012278521016795922 0.00011619356253910249 -0.00095522171471918208 0.00041289895403115245 0.0023583630086784313 0.00050286180332558689 -0.0014161254913451044 -0.00075149048785537714 0.0028404425798544252 -2.8886217521730718e-05 -0.0026444872045710954 -0.00070931051893711973 -0.00048374155483391074 -0.00010638953285181374 -0.0012242756854818782 6.1652428682377504e-05 0.0013610839017407332 -0.00078472524246444198 0.00066849922573764388 0.0012137165603076281 0.0030587131970459648 0.0013916209497103829 -0.0011761753178541996 -0.00085285485442098525 0.00085503734764661007 0.00022149576536440536 -0.0042243474587123119
leaf_weight=589 9949 1763 689 13499 1873 506 3768.5 376 897 283 2598 255 1639 623 1563 1206 12692 3362 50856 2117 6028 1820 1075 684 381 1693 295 1617 20239 217
leaf_count=589 9949 1763 689 13499 1873 506 3768 376 897 283 2598 255 1639 623 1563 1206 12692 3362 50853 2117 6028 1820 1075 684 381 1693 295 1617 20235 217
internal_value=6.93235e-06 0.000116277 -0.000324707 -0.000136675 6.97322e-06 0.000875369 0.000375532 -0.000676177 -3.58928e-05 -2.48311e-05 6.07388e-05 0.000316611 -0.000909188 -0.00110008 0.000295316 0.000653581 -0.000292832 -0.000744746 0.000100157 0.000826466 -0.000960961 0.000840299 0.00129009 0.00193249 -0.000339594 -0.000594701 0.00109007 0.00042333 0.000154736 -0.00213138
internal_weight=145152 109162 35991 23448 76788 2712 32373.5 12543 3347 74076 56149 30610.5 9196 7557 30355.5 8553.5 17927 5235 53551 2695 6934 7347.5 3579 1759 2971 2590 2412 2123 21802 906
internal_count=145145 109154 35991 23448 76785 2712 32369 12543 3347 74073 56146 30606 9196 7557 30351 8553 17927 5235 53548 2695 6934 7347 3579 1759 2971 2590 2412 2123 21798 906
is_linear=0
shrinkage=0.03


Tree=25
num_leaves=31
num_cat=0
split_feature=75 0 67 7 17 8 52 56 75 46 24 1 28 14 44 81 64 17 77 9 87 44 74 49 77 29 65 50 64 87
split_gain=4.9705 3.0129 2.87112 2.95655 2.39697 2.16256 2.3668 1.96301 1.90734 1.83736 1.69292 1.50817 1.93839 2.52774 1.82303 1.65271 1.55794 1.492 1.4738 1.80194 1.47251 1.89895 1.56947 1.46855 1.34959 1.33214 1.55181 1.39581 1.3305 1.32894
threshold=0.69415000081062328 0.096330001950263991 0.43195000290870672 0.1949499994516373 -0.062374999746680253 -0.084454998373985277 0.82064998149871837 -0.096554998308420167 0.3871500045061112 0.97044998407363903 0.01122500002384186 0.0060914999339729556 17.755000114440922 -0.095315001904964433 -53.999999999999993 0.019020000472664837 -0.0091989999637007696 -0.39075000584125513 0.10765000060200693 -0.079685002565383897 0.9289500117301942 -41.999999999999993 0.037779999896883971 0.1397499963641167 0.99445000290870678 0.35944999754428869 0.0079894997179508227 0.02537500020116568 0.027115000411868099 0.59305000305175792
decision_type=2 2 8 10 2 2 8 10 2 2 2 2 10 2 2 2 2 2 2 2 2 2 10 10 2 10 8 8 2 2
left_child=2 4 7 9 20 -5 28 8 -1 11 -10 12 14 -14 16 -15 -4 -13 -9 -20 21 -2 24 -6 -22 -8 27 -27 29 -7
right_child=1 -3 3 5 23 6 25 18 10 -11 -12 17 13 15 -16 -17 -18 -19 19 -21 22 -23 -24 -25 -26 26 -28 -29 -30 -31
leaf_value=0.0016030764801219777 -0.00068057927744751359 -0.0026495226749962885 -0.0023317544144158412 0.002055874768736453 0.00039472273479743283 0.00084426670258650621 0.00087854409289445253 -0.00070873363451519724 0.00051031816895429202 -0.0018984482468184633 -0.0023971424657316239 0.0013861545744282755 0.00097393031288954329 -0.0024335984319138033 -0.00012443541966099006 1.275203708737503e-05 -0.00066150097142397845 0.00024780058481045414 0.001169614401135244 -0.0001562137806946159 -0.0009756610682899122 -0.00013011448838664826 0.00053973506058667756 -0.0002086176885590938 -0.0031907386276030674 0.00017302487874774908 -0.00096527040083918222 -0.0019568513893387521 -0.0013696666597509532 0.00019500657960531926
leaf_weight=1117 8578 476 679 725 6558 11589.5 1723 4269 714 434 240 1181 2627 251 5178 18121.5 1932 8409 957 24962 3623 16467 584 8132 265 9774 1364 284 288 3758
leaf_count=1117 8578 476 679 725 6558 11588 1721 4269 714 434 240 1181 2627 251 5178 18120 1932 8408 957 24961 3623 16467 584 8132 265 9773 1364 284 288 3758
internal_value=-1.47088e-05 -0.00027799 0.00010226 0.000212402 -0.000252396 0.000438746 0.00039794 -0.000130997 0.000762261 4.03264e-05 -0.000222863 6.22997e-05 -4.62462e-05 0.000103679 -0.000450414 -2.08e-05 -0.00109658 0.000388118 -0.000192301 -0.000107217 -0.000408232 -0.00031867 -0.000909633 6.07378e-05 -0.00112742 0.000101219 -1.6106e-05 0.000112697 0.000647374 0.000685311
internal_weight=145260 44683 100577 68318 44207 29505.5 28780.5 32259 2071 38812.5 954 38378.5 28788.5 20999.5 7789 18372.5 2611 9590 30188 25919 29517 25045 4472 14690 3888 13145 11422 10058 15635.5 15347.5
internal_count=145252 44683 100569 68311 44207 29501 28776 32258 2071 38810 954 38376 28787 20998 7789 18371 2611 9589 30187 25918 29517 25045 4472 14690 3888 13142 11421 10057 15634 15346
is_linear=0
shrinkage=0.03


Tree=26
num_leaves=31
num_cat=0
split_feature=75 17 9 67 75 81 58 57 56 64 63 41 1 14 3 46 68 60 49 74 58 70 85 30 69 12 16 15 28 46
split_gain=4.71769 2.86914 2.3335 2.58991 2.23149 1.94459 2.1107 2.23019 2.37719 2.16789 1.78557 1.76562 1.69868 1.57882 1.55528 1.5486 1.67607 1.54766 1.5155 1.5118 1.50386 1.50033 1.4827 1.66744 1.45312 1.8362 1.38419 1.37315 1.3591 1.34269
threshold=0.45495000481605535 -0.069935001432895647 -0.096895001828670488 0.63314998149871837 0.8306500017642976 0.12034999951720239 14.385000228881838 0.12325000017881395 0.061985000967979438 0.0021255000028759245 -0.040374999865889542 0.14224999397993091 0.23250000178813937 -0.10054999962449072 -0.085514999926090227 0.33554999530315405 0.21554999798536303 0.028925000689923767 -0.18965000659227368 0.074285000562667861 9.9200000762939471 1.6315000057220461 0.35504999756813055 -0.26995000243186945 1.0065000057220461 0.6635500192642213 0.026494999416172508 0.14764999598264697 16.045000076293949 0.9556500017642976
decision_type=2 2 2 10 2 2 10 8 10 2 2 2 2 2 2 2 8 2 10 8 10 8 10 10 8 2 2 2 10 2
left_child=2 4 10 5 22 6 7 8 9 -4 -1 20 -6 -7 -10 16 -12 -15 -5 -8 -3 -20 23 -2 25 -13 -21 -28 -22 -25
right_child=1 11 3 18 12 13 19 -9 14 -11 15 24 -14 17 -16 -17 -18 -19 21 26 28 -23 -24 29 -26 -27 27 -29 -30 -31
leaf_value=-0.0018827326133699588 -0.00092671586526517195 0.0024107743843438125 0.001314601733869011 -0.00057988195690185027 -0.00054713514171095636 0.00084953825065548839 0.00040964902568119637 -0.0028063028754900564 -0.0040553077112580101 -0.0012296832371156486 -0.0015654666130035088 -0.0035345152451875892 -0.0027669999551957866 8.6129681848004085e-05 -0.001119803199530344 0.0030892636036478878 0.00098893500639563405 -0.0018874485656158568 0.00050406210566949171 -0.001093270096539438 0.0018895159018861949 0.0016926649742071925 -1.8863313358442719e-05 -0.00015527063057713678 0.00015781324006933521 -0.00075372026991464059 0.0025737917728267572 -0.00087444915679161963 0.00013723307121777173 -0.0021176526021290188
leaf_weight=204 3950 272 691 1049 14712 2472.5 2811 542 214 533 246 254 316 38099.5 670 292 3635 360 10787 1533 405 1048 24284 11029 1277 1326 208 206 21224 322
leaf_count=204 3950 272 691 1049 14712 2472 2811 542 214 533 246 254 316 38095 670 292 3635 360 10785 1533 405 1048 24284 11029 1277 1326 208 206 21223 322
internal_value=-5.74562e-06 -0.00016133 0.000182496 0.000134648 -0.000282772 3.39105e-05 -0.000413319 -0.00109168 -0.000649704 0.000206574 0.000851597 0.000106557 -0.000593994 0.00011486 -0.00183421 0.000985686 0.000826661 6.76074e-05 0.000512577 -3.53502e-05 0.000198067 0.000609448 -0.000164608 -0.000395902 -0.000594753 -0.00120271 -0.000677703 0.000860028 0.00017013 -0.00021112
internal_weight=144972 79371 65601 61224 54613 48340 7408 2650 2108 1224 4377 24758 15028 40932 884 4173 3881 38459.5 12884 4758 21901 11835 39585 15301 2857 1580 1947 414 21629 11351
internal_count=144964 79370 65594 61217 54613 48335 7408 2650 2108 1224 4377 24757 15028 40927 884 4173 3881 38455 12882 4758 21900 11833 39585 15301 2857 1580 1947 414 21628 11351
is_linear=0
shrinkage=0.03


Tree=27
num_leaves=31
num_cat=0
split_feature=75 17 50 56 66 68 56 49 17 49 82 59 42 54 24 11 80 14 57 25 47 24 16 84 82 83 82 0 45 81
split_gain=5.03278 3.18214 2.77611 2.55717 2.49213 2.42715 2.53909 2.1286 2.05769 1.98402 1.86016 2.02798 1.85551 1.83609 2.27673 1.84726 1.79128 1.79652 1.73822 1.66255 1.65235 1.63011 1.58232 1.56574 1.47952 1.72607 1.43269 1.40959 2.06459 1.58085
threshold=0.47070001065731054 -0.11935000121593474 0.11914999783039094 -0.05386999994516372 -0.079114999622106538 0.55134999752044689 -0.08088000118732451 0.03691500052809716 -0.68445000052452076 -0.011925000231713055 0.91624999046325695 0.73719999194145214 0.039574999362230308 -0.054345000535249703 0.0056004999205470094 0.025864999741315845 0.86164999008178722 0.12234999984502794 0.078495003283023848 27.724999427795414 1.0000000180025095e-35 0.0067354999482631692 -0.33894999325275416 0.81395000219345104 0.97194999456405651 0.62795001268386852 0.30345000326633459 0.015874999575316909 0.14905000478029254 0.61950001120567333
decision_type=2 2 8 8 2 10 8 10 2 10 2 10 2 10 2 2 8 2 10 2 2 2 2 10 2 8 2 2 2 2
left_child=5 2 10 4 -3 6 8 13 -1 -10 22 -12 -13 14 15 -7 17 -5 -8 -20 24 -6 -2 26 25 -21 -9 28 -24 -29
right_child=1 3 -4 16 21 7 18 23 9 -11 11 12 -14 -15 -16 -17 -18 -19 19 20 -22 -23 27 -25 -26 -27 -28 29 -30 -31
leaf_value=-0.0014037789956830083 0.0014936709054349426 0.0016273837060128604 -0.0016855215520457361 0.00013355310479788141 -0.00081768651970580192 0.00020836701091396197 -0.00071848603462797264 0.00065038162795939022 0.001600365323362692 0.0002128612216245961 -0.0014030516679102176 0.0010024082913506836 -0.0020422091192367512 -0.00013962460524392014 -0.0011330517325182983 0.0011155280432524897 0.00052751799254069625 -0.00044237421557082794 -8.5801448477143511e-05 0.00029461875370561302 -0.000233510233259202 -0.0028467427561737492 -0.00090566293423043932 0.00024510781576102286 -0.00092471835012066569 0.0011496049987114836 0.0017370866297406441 -0.00041206124559959901 -6.0204055019816931e-05 -0.0015090835968655904
leaf_weight=354 469 317 1345 20400 1865 3922.5 2832 2047.5 2094 1665 2539 704 241 6175.5 678 4166 7247 6404 26373.5 5434 3447 440 2915 2168 587 3490 2343 7095 23952 1418
leaf_count=354 469 317 1345 20399 1865 3922 2832 2047 2094 1665 2539 704 241 6173 678 4166 7247 6404 26373 5434 3447 440 2915 2167 587 3489 2343 7095 23952 1418
internal_value=2.27916e-06 -0.00016309 -0.000345788 3.95635e-05 -0.000863023 0.000191008 6.8635e-05 0.000454381 0.000780032 0.000986009 -0.000299934 -0.000961626 0.000224612 0.000256588 0.000535682 0.000675682 0.000109088 -4.05857e-06 -7.77785e-07 5.09166e-05 0.000329165 -0.00120608 -0.000235602 0.000904898 0.000533094 0.000629078 0.00123057 -0.000258567 -0.000151964 -0.000594947
internal_weight=145128 77351 40678 36673 2622 67777 46276.5 21500.5 4113 3759 39333 3484 945 14942 8766.5 8088.5 34051 26804 42163.5 39331.5 12958 2305 35849 6558.5 9511 8924 4390.5 35380 26867 8513
internal_count=145121 77350 40678 36672 2622 67771 46275 21496 4113 3759 39333 3484 945 14939 8766 8088 34050 26803 42162 39330 12957 2305 35849 6557 9510 8923 4390 35380 26867 8513
is_linear=0
shrinkage=0.03


Tree=28
num_leaves=31
num_cat=0
split_feature=75 11 67 1 74 17 80 14 11 47 69 71 0 57 66 52 0 75 45 87 4 14 85 20 32 0 62 23 83 7
split_gain=4.46672 2.95014 2.86801 2.3932 1.98644 1.92975 1.83748 1.74795 1.6576 2.11753 1.60964 1.56175 1.78007 1.56765 2.45807 1.56034 1.55387 1.4881 1.57266 1.46005 1.4035 1.78283 2.00382 1.44861 1.37186 1.3655 1.77093 1.65031 1.57719 1.73603
threshold=0.47070001065731054 0.063294999301433577 0.63314998149871837 -0.10235000029206275 -0.028064999729394909 -0.066725000739097581 0.047724999487400062 0.12234999984502794 0.038174999877810485 -1.4999999999999998 0.86825001239776622 6.5000000000000009 0.04506999999284745 0.093690000474452986 0.022664999589324001 0.46725000441074377 0.0025155000621452932 0.8038499951362611 0.2621500045061112 0.067439999431371703 -0.14015000313520429 0.0023194999666884546 0.084304999560117735 0.63445001840591442 0.052634999155998237 -0.010334999766200779 -0.0015400000265799461 70.24499893188478 0.9048999845981599 -0.55685001611709584
decision_type=2 2 10 2 10 2 10 2 2 2 8 10 2 10 2 10 2 2 2 2 2 2 8 2 10 2 2 2 8 10
left_child=2 5 3 10 6 17 16 -7 15 -10 -1 12 -9 14 -13 -6 -5 18 -2 -17 -19 22 -22 -23 -24 27 28 -3 29 -27
right_child=1 25 -4 4 8 7 -8 11 9 -11 -12 13 -14 -15 -16 19 -18 20 -20 -21 21 23 24 -25 -26 26 -28 -29 -30 -31
leaf_value=0.0024639923638400058 -0.00050049618347079499 0.00018979514621003283 0.00056244564737571419 -0.0017378803371515248 0.00083178964848983961 0.00030729977243831234 -0.00010318096686927896 0.00017105651765073187 0.0010633189789619687 -2.9148897149687561e-05 0.00059718886958058583 0.0013679270719017486 0.0031227176125076684 -0.00074890440374524166 -0.0015079425781583558 -0.00082581338674463383 0.00020669807302712762 0.00032778658766799553 7.1301155652473296e-06 7.0623943635619206e-05 -0.0033329097809640311 -0.0002650607351314187 -0.0024790378967875365 -0.0020677121703541862 -0.00066825612996272037 0.0013906034505993558 -0.001980198746185536 -0.0025470613957823888 0.00077679380311849284 -0.0015956249663596847
leaf_weight=505 6877 1521 14158 1176 2210 15455 19595 1121 3878 2714 2336 846 219 4399 390 1788 539 1843 27272 19020 331 9468 429 418 3044 206 1473 227 540 1146
leaf_count=505 6877 1521 14156 1176 2210 15455 19595 1121 3878 2714 2336 846 219 4399 390 1788 539 1843 27272 19015 331 9468 429 418 3044 206 1473 227 540 1146
internal_value=5.12136e-06 -0.000150952 0.000182579 8.25328e-05 3.52451e-05 -0.000101573 -0.000185623 0.000129392 0.000194202 0.000613602 0.000929771 -0.000264798 0.000655424 -0.000483703 0.000460007 7.40712e-05 -0.00112696 -0.000205847 -9.51084e-05 -6.44155e-06 -0.000449282 -0.00055391 -0.00110574 -0.000341482 -0.000892581 -0.000847234 -0.0012005 -0.000166874 -0.000592753 -0.00113993
internal_weight=145144 77225 67919 53761 50920 72112 21310 22430 29610 6592 2841 6975 1340 5635 1236 23018 1715 49682 34149 20808 15533 13690 3804 9886 3473 5113 3365 1748 1892 1352
internal_count=145137 77225 67912 53756 50915 72112 21310 22430 29605 6592 2841 6975 1340 5635 1236 23013 1715 49682 34149 20803 15533 13690 3804 9886 3473 5113 3365 1748 1892 1352
is_linear=0
shrinkage=0.03


Tree=29
num_leaves=31
num_cat=0
split_feature=75 80 17 71 89 9 60 71 58 28 72 71 87 52 54 26 25 80 68 4 71 65 52 57 82 58 58 29 26 0
split_gain=4.14204 3.23056 2.25568 1.95624 1.90684 1.87333 2.30184 2.25161 1.91434 2.89448 2.23719 1.85667 1.79282 1.78387 1.7411 1.82446 2.30783 1.81071 1.73658 1.8685 1.72154 1.60653 2.31274 2.26293 2.13137 1.96802 1.79851 1.52655 1.52111 1.71496
threshold=0.80834999680519115 0.55314999818801891 -0.061274999752640717 5.5000000000000009 0.96834999322891246 -0.096895001828670488 0.011479999870061876 907.50000000000011 29.479999542236332 19.445000648498539 8.5000000000000018 7.5000000000000009 0.98734998703002941 1.0534999966621401 -0.056944999843835824 0.45804999768733984 24.675000190734867 0.19025000184774402 0.29954999685287481 0.16854999959468844 4.5000000000000009 0.010245000012218954 1.0705000162124636 0.36745001375675207 0.24724999815225604 37.620000839233406 46.560001373291023 0.63005000352859508 0.1155500002205372 0.0073905000463128099
decision_type=2 10 2 10 2 2 2 10 8 10 8 10 2 10 10 2 2 10 8 2 10 8 8 10 2 10 10 10 2 2
left_child=1 14 4 -4 -2 6 11 8 9 10 -7 -3 18 -14 15 16 17 -1 -5 -20 -11 24 23 -23 25 -10 -27 -6 -16 -30
right_child=2 5 3 12 27 7 -8 -9 21 20 -12 -13 13 -15 28 -17 -18 -19 19 -21 -22 22 -24 -25 -26 26 -28 -29 29 -31
leaf_value=-0.00087883566431790528 -0.00043399982383536594 -7.7597560553483103e-06 0.00090599078647526606 0.0013208969695039882 -0.00044444100947386804 0.0019188023719290308 -0.0013009540294664414 -0.0011104434819732742 -0.0030909651082544516 -0.00060514879823430397 0.00054152724683244129 0.0021118376436070258 -0.0027210752252797752 0.00040732027499881736 -0.00077143398182887588 0.00037511378224548231 0.00027488667622910208 -6.9722731450605184e-05 0.00044324123898113044 -0.000588645529726201 0.00020335076619140645 0.00040520687707962531 -0.0021071114304172071 0.0037165202699149685 -0.00016485267071103657 0.00077948501249758674 -0.0026324874026411611 -0.0021723416803940904 1.5514659062383018e-06 -0.00048534498229044817
leaf_weight=4162 16167 518 1839 758 798 1155 304 1139 512 2604 13012 1318 461 254 3968 12265 8368 6192 2559 4122 26308.5 685 220 254 2676 358 226 1088 21299 9376
leaf_count=4162 16167 518 1839 758 798 1155 304 1139 512 2604 13012 1318 461 254 3968 12265 8368 6192 2559 4122 26302 685 220 254 2676 358 226 1088 21299 9376
internal_value=-1.17922e-05 6.67479e-05 -0.000339205 2.2416e-05 -0.000539365 0.000245128 0.00111382 0.000207283 0.000238567 0.000302658 0.000653941 0.00151415 -0.000176946 -0.00161071 -7.26573e-05 9.07218e-05 -9.55968e-05 -0.000395016 -3.89418e-05 -0.000193398 0.000130515 -0.00032131 0.000655184 0.00130392 -0.000621446 -0.0017351 -0.000543144 -0.00144186 -0.000218793 -0.000147282
internal_weight=144966 116920 28046 9993 18053 51289.5 2140 49149.5 48010.5 43079.5 14167 1836 8154 715 65630 30987 18722 10354 7439 6681 28912.5 4931 1159 939 3772 1096 584 1886 34643 30675
internal_count=144959 116913 28046 9993 18053 51283 2140 49143 48004 43073 14167 1836 8154 715 65630 30987 18722 10354 7439 6681 28906 4931 1159 939 3772 1096 584 1886 34643 30675
is_linear=0
shrinkage=0.03


Tree=30
num_leaves=31
num_cat=0
split_feature=80 75 75 70 51 68 8 64 39 47 89 72 68 74 72 87 62 62 2 62 85 22 58 9 51 62 80 28 12 60
split_gain=3.20484 3.14173 2.24013 2.01788 1.76458 1.65315 1.81044 1.64879 1.64693 1.61075 1.59416 1.54262 1.51567 1.49115 1.46494 1.42843 1.34256 1.43844 1.46519 1.41568 1.31955 1.31547 1.58654 1.59715 1.31214 1.29262 1.39971 1.53415 1.55836 1.36945
threshold=0.54989999532699596 0.96885001659393322 0.25425000488758093 0.77515000104904186 1.0745000243186953 0.54054999351501476 -0.11545000225305556 -0.0070330000016838303 0.024844999425113205 4.5000000000000009 0.25994999706745153 7.5000000000000009 0.7162500023841859 0.046524999663233764 3.5000000000000004 0.99805000424385082 0.029540000483393673 -0.049990000203251832 -0.096085000783205018 -0.03637499921023845 0.79215002059936535 -0.20494999736547467 15.929999828338625 0.081735000014305129 0.17535000294446948 0.088400002568960204 0.96205002069473278 20.185000419616703 0.87154999375343334 0.0012374999932944777
decision_type=10 2 2 10 10 8 2 2 2 2 2 8 10 10 8 2 2 2 2 2 10 2 8 2 10 2 10 10 2 2
left_child=1 3 4 16 5 6 -2 24 10 -3 -4 -9 -5 15 -12 25 17 -1 -19 -20 -15 22 -18 -24 -7 26 -10 28 29 -28
right_child=2 9 8 12 -6 7 -8 11 13 -11 14 -13 -14 20 -16 -17 21 18 19 -21 -22 -23 23 -25 -26 -27 27 -29 -30 -31
leaf_value=-0.0005490103956930269 0.0028458127618289867 -0.00198389250487501 -0.00065867854002108113 2.4281884643035266e-06 -0.0016528892423616193 0.0010942265460797032 0.00018822173500650496 0.0023935118820899428 -0.00017407544398023297 -0.00043979752265181665 0.0022782637374863649 0.00045827827281739173 0.00073071798782479416 0.00020703387023061751 0.00048305393770607609 -0.0020717263479396843 -0.0015278127739255375 0.0012606328314429432 0.0006973339530442226 -0.0001825184826789274 0.001466236017339189 0.00011015073700482904 -0.00034110870715714985 -0.0030052603399772716 0.002848330114084092 0.00048864898139045312 0.0016756275972780177 -0.000197494969198648 0.003470599765282099 -0.00020347729928116691
leaf_weight=5813 236 1148 1059 46317 340 1157.5 8693.5 401 29100 1293 431 4778 2722 2608 7754.5 316 1948 794 1903 12138 1050 1748 3786 213 575 3617 718 1495 221 678
leaf_count=5813 236 1148 1059 46317 340 1157 8693 401 29100 1293 431 4778 2722 2608 7752 316 1948 794 1903 12138 1050 1748 3786 213 575 3617 718 1495 221 678
internal_value=2.04377e-05 -0.000107035 0.000176431 -7.35996e-05 0.000482506 0.000528441 0.000258771 0.00087676 7.5447e-05 -0.0011665 0.00043614 0.000608553 4.28673e-05 -8.33518e-06 0.000577846 -6.67554e-05 -0.000275105 -0.000149044 7.7066e-06 -6.32295e-05 0.00056878 -0.0006133 -0.000825927 -0.000483726 0.0016777 -4.90148e-05 -0.000109401 0.000495225 0.00113541 0.000763504
internal_weight=145052 79823 65228.5 77382 16181 15841 8929.5 6911.5 49047.5 2441 9244.5 5179 49039 39803 8185.5 36145 28343 20648 14835 14041 3658 7695 5947 3999 1732.5 35829 32212 3112 1617 1396
internal_count=145048 79823 65225 77382 16180 15840 8929 6911 49045 2441 9242 5179 49039 39803 8183 36145 28343 20648 14835 14041 3658 7695 5947 3999 1732 35829 32212 3112 1617 1396
is_linear=0
shrinkage=0.03


Tree=31
num_leaves=31
num_cat=0
split_feature=75 0 17 58 67 56 85 62 7 49 66 66 68 77 66 49 59 85 0 49 59 30 71 57 56 20 69 76 16 60
split_gain=4.03767 2.57673 2.37126 2.16434 2.13793 2.31063 1.73074 1.90939 1.68335 2.18718 2.59031 1.88529 1.78868 1.66567 1.646 1.62883 2.36709 1.58873 1.76221 1.5477 1.60485 1.52753 1.50138 1.49446 1.4804 1.67752 1.45349 1.43145 1.74831 1.36942
threshold=0.43144999444484716 0.096330001950263991 -0.067824997007846818 26.125000000000004 0.63314998149871837 -0.057785000652074807 0.39959999918937689 -0.013294999953359364 -0.52300000190734852 -0.080085001885890947 -0.023335000500082966 -0.025284999981522557 0.48555000126361852 0.99805000424385082 0.0026165000163018708 0.0055679997894912967 0.88194999098777782 0.10864999890327455 0.015874999575316909 0.12535000592470172 0.88689997792243969 -0.12494999915361403 326.50000000000006 0.58254998922348034 0.21275000274181369 0.56264999508857738 0.94265002012252819 0.84955000877380382 -0.3068500012159347 -0.0028044999344274397
decision_type=2 2 2 10 10 8 8 2 10 10 2 2 8 2 2 10 10 10 2 10 8 8 10 10 10 2 8 2 2 2
left_child=4 2 13 14 5 8 -6 -8 11 10 -10 -1 -12 17 -4 -7 24 21 -19 20 -16 22 -2 -11 25 -17 -5 28 -20 -21
right_child=1 -3 3 26 6 15 7 -9 9 23 12 -13 -14 -15 19 16 -18 18 27 29 -22 -23 -24 -25 -26 -27 -28 -29 -30 -31
leaf_value=-0.0028776522121058833 -0.0010713509093368137 -0.0022670482043833889 0.00045194771353364207 -0.0024705073836178712 0.00013195705319628734 -0.00015559224703907545 0.00028026485120912219 0.00125418061659648 0.0001902304155856904 0.00016084265062757657 0.0030212601343332472 0.00089858354471164612 0.0010298505147215929 -0.0026463360771698161 0.0001517308708138539 0.00016848724872442483 0.0015036186847697803 -5.9268772413231265e-05 0.0021183399012735938 0.00041302926565127168 0.0020103028509733879 -0.00034867525758581575 -0.0037388704281526609 0.0023972063418294604 0.0014946952207931814 -0.00092042424684758868 -0.0003895964726902226 -0.0010143382025029329 -0.00035022936826205846 -0.00065272116155558064
leaf_weight=260 1706 504 11635 421 5548 23453.5 3192 4191 1035 4510 885 218 752 253 5164 14377.5 1214 39338 265 1433 454 4227 213 285 686 1396 1065 3217 8828 4461
leaf_count=260 1706 504 11634 421 5547 23452 3192 4190 1035 4510 885 218 752 253 5164 14376 1214 39337 265 1433 454 4227 213 285 686 1396 1065 3217 8828 4461
internal_value=5.96991e-06 -0.000130617 -0.000117566 0.000129058 0.000189215 9.87804e-05 0.000532372 0.000833208 0.000567113 0.000677632 0.00136528 -0.00115716 0.00210764 -0.000222225 0.000200323 8.29545e-06 0.000225778 -0.000211567 -0.0001573 -5.40068e-05 0.000302256 -0.000667498 -0.00136923 0.000294237 0.000131443 7.20632e-05 -0.000980406 -0.000470542 -0.000278062 -0.000393581
internal_weight=145187 83184 82680 24633 62003 49072 12931 7383 7945 7467 2672 478 1637 58047 23147 41127 17673.5 57794 51648 11512 5618 6146 1919 4795 16459.5 15773.5 1486 12310 9093 5894
internal_count=145180 83182 82678 24632 61998 49069 12929 7382 7945 7467 2672 478 1637 58046 23146 41124 17672 57793 51647 11512 5618 6146 1919 4795 16458 15772 1486 12310 9093 5894
is_linear=0
shrinkage=0.03


Tree=32
num_leaves=31
num_cat=0
split_feature=75 69 53 67 89 79 0 87 49 1 89 31 71 69 63 40 0 58 23 51 68 62 39 77 57 50 39 0 80 61
split_gain=4.16249 2.61203 2.43849 2.27056 2.26253 1.59752 2.03482 1.71648 1.5581 1.5513 1.71808 1.80204 1.67282 1.91309 1.51768 1.52318 1.48986 1.84721 1.44058 1.61625 1.87208 1.54439 1.41976 1.49616 1.30024 1.28534 1.25793 1.24116 1.24103 1.22741
threshold=0.47070001065731054 0.79035001993179332 -0.0013104999670758841 0.63314998149871837 0.77404999732971203 0.98734998703002941 0.014345000032335522 0.99445000290870678 -0.26164999604225153 -0.10235000029206275 0.08418500050902368 0.15484999865293506 20.500000000000004 0.86825001239776622 -0.034259999170899384 1.0000000180025095e-35 -0.036875000223517411 15.864999771118166 83.99499893188478 -0.040814999490976327 0.64214998483657848 -0.096529997885227189 0.039075000211596496 0.61804997920990001 0.25505000352859503 -0.087060000747442232 0.052774999290704734 0.016555000096559528 0.9102500081062318 0.015104999765753748
decision_type=2 10 8 10 2 2 2 2 10 2 2 10 10 8 2 2 2 10 2 8 10 2 2 2 10 10 2 2 10 2
left_child=3 5 4 9 27 7 -7 -2 -5 12 11 28 -1 -14 -6 -16 -13 26 19 20 21 -4 23 -12 -25 -10 -18 -3 -11 -23
right_child=1 2 18 8 14 6 -8 -9 25 10 22 16 13 -15 15 -17 17 -19 -20 -21 -22 29 -24 24 -26 -27 -28 -29 -30 -31
leaf_value=-8.0981802626450657e-05 -0.00060620891624643073 -1.9173580102728031e-05 0.0011584826531221293 -0.00096326135989583804 0.0015303264889628329 -0.00064239711349902947 0.0031919020776695105 -0.0029947458802330436 0.0020327895881400659 -5.7622584662682097e-05 -0.00012607459883555558 -0.0026290953278513265 0.003587699065110334 0.00089693608826813475 -0.0023970764071495859 -0.00077437308817775478 -0.0010099636674766863 1.0112945102654131e-05 -0.0018512014887976246 0.00015225867932092943 0.00061249471625789793 -0.00042478936065644022 0.00037265289599753507 0.00043203043990356314 -0.0016124890579454379 0.00050142717404257596 -0.0034392225602641702 -0.00069207140016015517 0.0018038540033880062 -0.0018468220881156473
leaf_weight=1240 10542 11788 524 632 234 280 223 277 512 2333 24089 361 290 1308 574 5540 1737 2050 363 32612 1863 8704 12047 7394 290 12931 215 3119 373 582
leaf_count=1240 10542 11788 524 632 234 280 223 277 512 2333 24086 361 290 1308 574 5540 1737 2050 363 32611 1863 8704 12047 7394 290 12929 215 3119 373 582
internal_value=-1.92557e-05 -0.000169851 -9.75299e-05 0.00015227 -0.000362006 -0.000590773 0.00106046 -0.000667634 0.000491442 6.34082e-05 2.53328e-05 -0.000408632 0.0007459 0.00138719 -0.000836272 -0.000927084 -0.000785788 -0.000618898 2.83809e-05 4.38291e-05 -0.000259088 -0.000424654 9.53473e-05 -9.80381e-06 0.000354669 0.000559899 -0.00127915 -0.000160001 0.000199538 -0.000514105
internal_weight=145027 77225 65903 67802 21255 11322 503 10819 14075 53727 50889 7069 2838 1598 6348 6114 4363 4002 44648 44285 11673 9810 43820 31773 7684 13443 1952 14907 2706 9286
internal_count=145021 77224 65902 67797 21255 11322 503 10819 14073 53724 50886 7069 2838 1598 6348 6114 4363 4002 44647 44284 11673 9810 43817 31770 7684 13441 1952 14907 2706 9286
is_linear=0
shrinkage=0.03


Tree=33
num_leaves=31
num_cat=0
split_feature=75 25 52 17 77 46 58 56 28 6 68 74 60 82 78 84 82 63 56 74 19 15 72 0 29 56 65 59 81 70
split_gain=3.57011 2.43464 2.3047 2.06641 2.04661 1.81082 1.74239 1.72556 1.83334 1.72108 1.69058 1.53406 1.6024 2.15526 1.70478 1.4941 1.40886 1.40666 1.39002 1.48075 1.79187 1.61479 1.56013 1.54958 1.63552 1.36925 1.47981 1.31303 1.30714 1.30627
threshold=0.45495000481605535 19.785000801086429 0.66554999351501476 -0.066725000739097581 0.99805000424385082 0.22794999927282336 26.125000000000004 -0.057785000652074807 17.195000648498539 -0.13874999433755872 0.69064998626708995 -0.0026249999646097417 -0.013855000026524065 0.88655000925064098 0.99085000157356273 0.060370000079274184 0.97624999284744274 -0.013830000068992375 -0.08088000118732451 0.027129999361932281 0.41744999587535864 0.16465000063180926 2.5000000000000004 0.038265001028776176 0.81534999608993541 0.049435000866651542 0.0030544999754056339 0.80359998345375072 0.047724999487400062 0.59235000610351574
decision_type=2 2 8 2 2 2 10 8 10 10 10 10 2 2 2 10 2 2 8 8 2 2 8 2 10 8 10 8 2 10
left_child=1 2 27 4 29 28 18 8 17 -7 11 12 13 -9 -14 -10 -13 -3 -5 20 22 -21 -20 -23 -25 -24 -27 -1 -4 -2
right_child=3 7 5 6 -6 9 -8 10 15 -11 -12 16 14 -15 -16 -17 -18 -19 19 21 -22 23 25 24 -26 26 -28 -29 -30 -31
leaf_value=0.00060122605334713114 -0.00050492957342249752 -0.0018940968761722795 -0.002260015262631563 -0.00187107388001795 -0.0028257637413857629 0.00058471889972942196 -0.00089580523893350488 0.0004580874216514106 0.002449021988780737 -0.00027150338120941926 0.00094740161167355117 0.00046904243240845374 -4.2802976452307609e-05 0.0037002668509284876 -0.0026752364233418899 0.00079130017688259266 -0.0020402438978880371 0.00032006157370344029 0.002573892677540734 0.001215498913881016 -0.0010106914862908593 9.3662536495321379e-05 -0.00032974063328990551 0.0020620312603334915 -0.0009300092387645733 0.00060870899701533445 -0.00044607766805745562 -0.00052461195202625874 -0.00061502633446685424 -0.00015024103123396757
leaf_weight=5224 11906 362 491 298 273 2682 1498 1072 538 9942 2586 11484.5 19148.5 222 223 5347 204 894 225 2068 1458 6266 4742 736 211 4763 1598 1134 3753 43440
leaf_count=5224 11906 362 491 298 273 2682 1498 1072 538 9942 2586 11481 19145 222 223 5347 204 894 225 2068 1458 6266 4741 736 211 4763 1598 1134 3753 43440
internal_value=-4.13196e-06 0.000160209 -8.63444e-05 -0.000139164 -0.000239358 -0.000269814 9.43637e-05 0.000296289 0.000721198 -8.95649e-05 0.000209429 0.000150416 -4.94623e-06 0.00101675 -7.32434e-05 0.000943238 0.000425077 -0.000319095 0.000160722 0.000188244 -2.11345e-05 0.000476665 0.000106307 0.000264699 0.0013951 5.60745e-05 0.000343699 0.000400373 -0.000805827 -0.000226549
internal_weight=144789 65307 23226 79482 55619 16868 23863 42081 7141 12624 34940 32354 20665.5 1294 19371.5 5885 11688.5 1256 22365 22067 12786 9281 11328 7213 947 11103 6361 6358 4244 55346
internal_count=144781 65300 23226 79481 55619 16868 23862 42074 7141 12624 34933 32347 20662 1294 19368 5885 11685 1256 22364 22066 12785 9281 11327 7213 947 11102 6361 6358 4244 55346
is_linear=0
shrinkage=0.03


Tree=34
num_leaves=31
num_cat=0
split_feature=75 67 39 62 80 14 58 52 21 5 23 53 58 71 61 61 4 10 7 62 47 69 77 57 87 9 81 41 62 65
split_gain=3.97606 2.58291 2.34024 2.4045 2.18526 2.10855 1.83138 2.01958 1.90726 1.79876 1.72207 1.71096 1.6295 1.60528 1.54701 1.75627 1.74289 1.52614 1.61882 1.63279 1.48545 1.77243 1.57829 1.52057 1.47413 1.75421 1.56292 1.4578 1.41299 1.39452
threshold=0.76585000753402721 0.69734999537467968 0.038285000249743469 -0.031844999641180032 0.53364998102188121 0.0076144998893141755 19.365000724792484 1.1974999904632571 0.40895000100135809 -0.061565000563859933 81.505001068115249 -0.01480499980971217 20.010000228881839 4.5000000000000009 0.003362999996170402 0.010255000088363888 -0.051775000989437096 0.19364999979734424 1.4095000028610232 -0.02259000018239021 -2.4999999999999996 1.0304999947547915 0.055885000154376037 0.17525000125169757 0.38324999809265142 0.015044999774545433 0.047724999487400062 -0.085615001618862138 0.11105000227689744 0.0024699999485164885
decision_type=2 10 2 2 10 2 8 10 2 2 2 10 10 8 2 2 2 2 8 2 2 8 2 8 2 2 2 2 2 10
left_child=1 4 5 -4 6 -2 8 24 -1 -7 17 -3 -9 -6 -14 16 -16 -5 19 -19 21 -15 -22 -23 25 26 -8 -17 -24 -11
right_child=2 11 3 10 13 9 7 12 -10 29 -12 -13 14 20 15 27 -18 18 -20 -21 22 23 28 -25 -26 -27 -28 -29 -30 -31
leaf_value=-0.00013505126385404031 -0.00066569272837804837 -1.0230185764325172e-05 -4.3458162917816292e-06 0.00098510671756967092 -0.00054332813197831352 -0.00080005278400987101 -0.0011247869832245816 0.0027841707913546869 -0.00075998816474975579 0.00036528869771704187 -0.0034030021581108955 0.00069575918085987526 1.4432194910406149e-05 0.00082107343224069773 0.0047098905167036595 -0.0013297664631998329 0.0010386752471672248 -0.002600000010333072 0.0003374242494457701 -0.00093670748245520746 -0.00090097466414370197 0.00042518507435855356 0.00010286024010221483 -0.0005821312659995433 -0.00028491274117654203 0.0022809302627005887 0.0003691942447304773 0.001587203187101721 0.0010630044179885233 -0.00023451803383619659
leaf_weight=30062 4705 4596 3885 394 2569 1985 708 345 5147 10144 241 9424 1643 6960 231 252 235 580 813 6250 1336 4659.5 25310.5 1897 7677 387 5672 394 1458 5316
leaf_count=30062 4705 4596 3885 394 2569 1985 708 345 5147 10144 241 9424 1643 6960 231 252 235 580 813 6250 1335 4657 25308 1897 7677 387 5672 394 1458 5316
internal_value=-3.52293e-06 8.37526e-05 -0.000285753 -0.000620075 2.87075e-05 -0.00010215 -0.000101654 0.000148748 -0.000226426 4.98691e-05 -0.000909011 0.000464339 0.000843401 0.000184329 0.000599442 0.00146302 0.00286472 -0.000833812 -0.000927694 -0.00107831 0.000229255 0.000487678 0.000104957 0.000133693 -3.87269e-07 0.000322394 0.000203254 0.000449018 0.000155194 0.00015904
internal_weight=145276 110963 34313 12163 96943 22150 52753 17544 35209 17445 8278 14020 3100 44190 2755 1112 466 8037 7643 6830 41621 13516.5 28104.5 6556.5 14444 6767 6380 646 26768.5 15460
internal_count=145270 110957 34313 12163 96937 22150 52753 17544 35209 17445 8278 14020 3100 44184 2755 1112 466 8037 7643 6830 41615 13514 28101 6554 14444 6767 6380 646 26766 15460
is_linear=0
shrinkage=0.03


Tree=35
num_leaves=31
num_cat=0
split_feature=75 25 26 71 0 17 51 80 51 80 75 77 74 20 41 64 4 19 59 61 0 80 62 26 56 67 85 59 82 86
split_gain=3.84982 2.37524 2.29173 2.26737 2.21271 2.23773 2.30218 1.81218 1.8106 2.40171 1.69242 1.6306 1.54463 1.53372 2.0655 1.52822 1.498 1.41949 1.61887 1.36062 1.36047 1.75932 1.43145 1.41642 1.3452 1.64003 1.27195 1.26184 1.60135 1.50772
threshold=0.69415000081062328 39.444999694824226 0.73194998502731334 6.5000000000000009 0.096330001950263991 -0.062374999746680253 1.6125000119209292 0.63255000114440929 0.20295000076293948 0.42014999687671667 0.25425000488758093 0.99805000424385082 0.096669998019933714 0.56865000724792492 -0.10325000062584876 0.0017905000131577256 0.28835000097751623 0.30324999988079077 0.62000000476837169 0.033125000074505813 0.01494499994441867 0.97745001316070568 -0.092025000602006898 0.2225499972701073 -0.096554998308420167 0.52114999294281017 0.98315000534057628 0.59229999780654918 0.93125000596046459 0.7584500014781953
decision_type=2 2 2 10 2 2 10 10 10 8 2 2 8 2 2 2 2 2 8 2 2 10 2 2 8 8 10 10 2 2
left_child=1 3 26 -1 5 11 8 -5 12 -10 13 19 -7 14 -9 -11 -4 -18 -19 20 22 27 -2 -24 -15 -26 -3 28 -22 -30
right_child=4 2 16 7 -6 6 -8 10 9 15 -12 -13 -14 24 -16 -17 17 18 -20 -21 21 -23 23 -25 25 -27 -28 -29 29 -31
leaf_value=-0.00026211946336474604 0.00079962280121928791 0.00071726027683063714 0.000462321912744516 2.1957396697397204e-05 -0.0022852185820048704 0.00019540657991060962 0.0032898611090764569 0.0017462987014397965 -0.0017099517502551648 -0.00043705334390610321 0.00015012879314873158 -0.0029495517218007688 0.0013476776790216285 0.001465284615165832 0.00054873943598825572 0.00045430446866436274 0.00061397991668057147 -0.0025920224251014391 0.00022605441963070703 0.0011489984321674431 -0.00025131262381087048 0.0018335580927199653 -0.0013177921169663022 -0.00021685730262256607 -7.6448496972710255e-05 -0.0032897836887207711 0.0024502914438744028 -0.0011465106051803719 -0.0031661090293543873 0.00010032387243440873
leaf_weight=16003 1166 7105 1292 48270 463 5095 200 1581 893 4090 16884.5 215 1317 210 7186.5 3000 341 566 271 546 4743 247 1119 17275 370 232 402 3779 345 201
leaf_count=16003 1166 7105 1292 48270 463 5095 200 1581 893 4090 16881 215 1317 210 7184 3000 341 566 271 546 4743 247 1119 17275 370 232 402 3779 345 201
internal_value=7.42842e-06 0.00011026 0.000549598 6.1947e-05 -0.000224291 -0.000202666 0.000101396 0.000131343 5.68711e-05 -0.000244654 0.000330852 -0.000352408 0.000432252 0.00064934 0.000764864 -5.98812e-05 -0.000242989 -0.00101629 -0.00168042 -0.000333329 -0.000361398 -0.000659781 -0.000219273 -0.000283901 -0.000597426 -0.00131821 0.000810378 -0.000727891 -0.000428627 -0.00196565
internal_weight=145408 100714 9977 90737 44694 44231 14595 74734 14395 7983 26464 29636 6412 9579.5 8767.5 7090 2470 1178 837 29421 28875 9315 19560 18394 812 602 7507 9068 5289 546
internal_count=145402 100708 9977 90731 44694 44231 14595 74728 14395 7983 26458 29636 6412 9577 8765 7090 2470 1178 837 29421 28875 9315 19560 18394 812 602 7507 9068 5289 546
is_linear=0
shrinkage=0.03


Tree=36
num_leaves=31
num_cat=0
split_feature=75 67 7 53 68 23 72 69 28 39 0 59 71 28 11 89 85 24 72 76 81 58 52 39 45 22 53 6 7 63
split_gain=2.89218 1.74909 1.77999 1.74533 2.96165 2.21269 1.8759 1.72315 1.67576 1.65948 1.77975 2.72811 1.97812 1.63063 1.61681 1.54905 1.60669 1.549 1.52098 1.83951 1.49659 1.48838 1.46515 1.95171 1.44159 1.77277 1.44015 1.59972 1.73569 1.45156
threshold=0.25425000488758093 0.52485001087188732 -0.091334998607635484 0.041354998946189887 0.56064999103546154 81.505001068115249 5.5000000000000009 1.2574999928474428 20.445000648498539 0.044764999300241477 0.0090354997664690035 0.86610001325607311 15.500000000000002 22.98499965667725 0.053124999627470977 0.76274999976158153 0.99085000157356273 -0.0045894999057054511 1.5000000000000002 0.38735000789165502 0.16944999992847445 28.154999732971195 1.7304999828338625 0.035105001181364066 0.66685000061988842 -0.57039999961853016 -0.15155000239610669 -0.22375000268220899 -0.041914999485015862 -0.02746499981731176
decision_type=2 8 10 8 10 2 8 8 10 2 2 10 10 10 2 2 10 2 10 2 2 10 8 2 2 2 10 8 10 2
left_child=1 7 -3 15 6 8 -5 9 -6 -1 12 17 14 20 -11 16 18 -12 -2 -20 21 24 23 -4 25 -8 29 -28 -29 -17
right_child=3 2 22 4 5 -7 13 -9 -10 10 11 -13 -14 -15 -16 26 -18 -19 19 -21 -22 -23 -24 -25 -26 -27 27 28 -30 -31
leaf_value=-9.6403027856674926e-05 -0.00019071029783060024 -8.1635911199261769e-05 0.00037028685326509427 -0.00088109899919389166 0.00059952549686704561 -0.0024835770179696516 -0.0033395647056292206 -0.0014320423498770101 -4.7552838441058099e-05 0.00088727477254943411 -0.0024534117733554278 0.002156242936442376 0.0013621519207354979 -0.0013990162642333593 -0.0013046554542394031 0.00097856602791367413 0.0023116858562748457 0.00048870409585651941 0.0013019594997664733 -3.0376794468287007e-05 5.4293491029808912e-05 0.0014398900449320187 -0.00076516463473907666 0.0011084780118197689 7.2526000307609193e-05 -0.00078562980301141077 0.00064446375734931983 -0.0011285490163091241 -0.0002576718977296351 -0.0017434742558104272
leaf_weight=12510 32269.5 4455 7787.5 2601 12000 241 266 702 5146.5 660 491 246 2448 788 558 204 245 239 1404 2774 32832 336 666 5501 1747 2938 1243 2825 7599 1272
leaf_count=12510 32267 4455 7787 2601 12000 241 266 702 5145 660 491 246 2448 788 558 204 245 239 1404 2774 32832 336 666 5501 1747 2938 1243 2825 7599 1272
internal_value=3.26242e-06 0.000235265 0.000440438 -7.41155e-05 3.64481e-05 0.000365132 -0.000101242 2.3695e-05 0.000405314 8.33557e-05 0.000567715 -0.000570315 0.000870765 -4.90855e-05 -0.000117157 -0.000204778 -0.000104669 -0.00149082 -0.000120975 0.000417554 -2.11436e-05 -0.000489526 0.000607105 0.000675934 -0.00062073 -0.000998636 -0.000484229 -0.000372461 -0.000493773 -0.00136685
internal_weight=144994 36263.5 18409.5 108731 58895.5 17387.5 41508 17854 17146.5 17152 4642 976 3666 38907 1218 49835.5 36692.5 730 36447.5 4178 38119 5287 13954.5 13288.5 4951 3204 13143 11667 10424 1476
internal_count=144990 36263 18409 108727 58894 17386 41508 17854 17145 17152 4642 976 3666 38907 1218 49833 36690 730 36445 4178 38119 5287 13954 13288 4951 3204 13143 11667 10424 1476
is_linear=0
shrinkage=0.03


Tree=37
num_leaves=31
num_cat=0
split_feature=75 72 17 81 75 1 52 5 0 72 66 71 25 11 62 85 46 62 69 42 62 81 59 67 80 7 89 46 4 3
split_gain=3.32479 2.19467 2.1409 1.87923 1.76064 1.61616 1.77123 1.96184 1.90596 1.61995 1.5785 1.57693 1.47857 1.4307 1.39921 1.46463 1.51312 1.29402 1.2938 1.23964 2.27926 1.52106 1.56978 1.23135 1.22795 1.22039 1.19957 1.36265 1.26311 1.5757
threshold=0.47070001065731054 4.5000000000000009 -0.066725000739097581 0.047724999487400062 0.8306500017642976 -0.10235000029206275 0.79385000467300426 -0.35244999825954432 -0.0034075001021847125 3.5000000000000004 0.10067500174045564 4.5000000000000009 45.274999618530281 0.047904999926686294 -0.077780000865459428 0.26745000481605535 0.46594999730587011 -0.13895000517368314 1.2444999814033511 -0.14355000108480451 -0.015970000065863129 0.24614999443292621 0.045634999871253974 0.38705000281333929 0.98734998703002941 0.20314999669790271 0.98734998703002941 0.62814998626708995 -0.2092499956488609 0.054005000740289695
decision_type=2 10 2 2 2 2 8 2 2 8 2 8 2 2 2 10 2 2 10 2 2 2 8 8 10 10 2 2 2 2
left_child=1 3 4 18 -2 -5 11 8 -8 -9 -4 -7 24 -14 -3 -16 -17 -13 -1 20 -11 22 -21 -19 26 -25 27 28 29 -6
right_child=2 14 10 5 12 6 7 9 -10 19 -12 17 13 -15 15 16 -18 23 -20 21 -22 -23 -24 25 -26 -27 -28 -29 -30 -31
leaf_value=-0.00040133246785328445 -0.00013407467574199432 -0.00071977699950947723 0.00012967099323218007 0.00087656642684572625 0.0011437165481203129 -0.00065775498271649594 0.00023397094998613111 -0.00113761134890419 0.0032300878545929177 0.0018803923103798243 -0.0020569353737768582 -0.001582215643827926 -2.2918666071447841e-05 -0.0029048445182517551 0.0018067677496344521 0.0012996562693090891 -4.8824523279287379e-05 -0.00021573639537834035 -0.002755440057061128 -0.0014705970923477921 -0.00021605085594261027 5.6480849149416026e-05 -0.00026073103551650304 0.00026141080442124213 0.0016504355651758066 0.00073059976920660972 -0.001665447389113535 -9.5488203864780856e-05 -0.00084148898743735263 -0.001787151010475234
leaf_weight=3651 38465 506 23119 2598 635 1448 477 1235 318 838 300 303 240 437 1258 1417 1587 2683 222 1130 1051.5 20371 6588 11326 245 8919.5 737 6198 6513 222
leaf_count=3651 38465 506 23118 2598 635 1448 477 1235 318 838 300 303 240 437 1258 1417 1587 2683 222 1130 1051 20368 6588 11326 245 8918 737 6198 6513 222
internal_value=-2.96232e-06 0.000150075 -0.000137773 0.000103216 -0.000242169 0.000145044 0.000111504 -3.57447e-05 0.00143497 -7.32482e-05 0.000101574 0.000302474 -0.0005152 -0.00188473 0.000770638 0.000947713 0.000587481 0.00036235 -0.000536946 -2.9364e-05 0.000714232 -7.94081e-05 -0.000438036 0.000388115 -0.000451351 0.000468146 -0.000487461 -0.000423356 -0.000699035 0.000383297
internal_weight=145038 67927 77111 63159 53692 59286 56688 32008.5 795 31213.5 23419 24679.5 15227 677 4768 4262 3004 23231.5 3873 29978.5 1889.5 28089 7718 22928.5 14550 20245.5 14305 13568 7370 857
internal_count=145032 67922 77110 63154 53692 59281 56683 32005 795 31210 23418 24678 15227 677 4768 4262 3004 23230 3873 29975 1889 28086 7718 22927 14550 20244 14305 13568 7370 857
is_linear=0
shrinkage=0.03


Tree=38
num_leaves=31
num_cat=0
split_feature=75 80 75 39 28 30 74 24 86 44 57 82 64 85 67 6 85 12 65 0 43 12 37 82 71 51 86 30 42 1
split_gain=3.40264 2.19488 1.99884 1.86671 1.65931 2.135 1.65743 1.59768 1.48774 2.00472 1.8519 1.47442 1.39818 1.37376 1.36111 1.35408 1.46931 1.34598 1.4322 1.34774 1.32919 1.32531 1.31645 1.38192 1.99118 1.38014 1.29105 1.34662 1.28542 1.34632
threshold=0.31464999914169317 0.54989999532699596 0.96885001659393322 0.024844999425113205 20.625000000000004 0.61065000295639049 -0.015645000152289864 0.0072665000334382066 0.92145001888275158 -65.999999999999986 0.21440000087022784 0.28695000708103185 -0.025809999555349347 0.050890000537037856 0.37565000355243688 0.93305000662803661 0.94814997911453258 0.74725002050399791 0.0058164999354630717 0.0056954999454319486 0.065805003046989455 0.94964998960495006 1.0000000180025095e-35 0.82515001296997081 33.500000000000007 0.091715000569820418 0.78145000338554393 0.34104999899864202 0.18345000594854358 0.021174999885261062
decision_type=2 10 2 2 10 8 10 2 2 2 10 2 2 10 8 10 10 2 10 2 2 2 2 2 8 10 2 10 2 2
left_child=6 2 22 -3 8 7 -1 11 9 13 15 -6 -12 -5 -7 16 -11 -4 19 -19 -17 -10 23 -2 -25 -24 28 -28 -13 -30
right_child=1 3 17 4 5 14 -8 -9 21 10 12 26 -14 -15 -16 20 -18 18 -20 -21 -22 -23 25 24 -26 -27 27 -29 29 -31
leaf_value=5.8509967410661228e-05 -0.00020250392278352278 0.00046854658389160355 -0.0022061910094432198 -0.0023502466316252441 -0.0012667635559115689 0.0012159334159592187 0.0004223998463866093 -0.0012952078994689902 -0.00066177339544446379 0.00025719160865779564 0.0012818110722474939 -0.00025977116139585448 -0.00045005727118729139 -0.00027677258306443278 -0.00015895522360404263 0.0012347309309489469 0.0020262267960159618 0.0017328840006286758 -0.0022614540271386303 -0.00063620933212594306 -0.00065021506214568432 0.0018200608211023229 0.00020439427583375102 6.0400514348917303e-05 -0.001239736034441258 -0.00050654180763720841 0.0010397366021395718 -0.00061328466638193376 -0.00016304357717536501 -0.0035293992887878711
leaf_weight=24180 32492 8538.5 666 323 1255 1215 21091 1779 2814 9623 478 5412 3380 2562 1387 3039 441 269 373 1082 378 207 12129 1679 2875 3081 1348 660 200 229
leaf_count=24180 32492 8537 666 323 1255 1215 21088 1779 2814 9623 478 5411 3380 2562 1387 3039 441 269 373 1082 378 207 12129 1679 2875 3081 1348 660 200 229
internal_value=1.22881e-05 -8.54725e-05 -0.000213448 6.90145e-05 -2.38736e-05 -0.000288598 0.000228046 -0.000473169 0.000129705 0.00022247 0.000344308 -0.000312411 -0.000235205 -0.000509649 0.000483267 0.000510158 0.000334904 -0.00106167 -0.000618504 -0.000163562 0.00102608 -0.000491171 -0.000174634 -0.000271114 -0.000760485 6.03603e-05 -0.000159675 0.000496378 -0.000385258 -0.00196403
internal_weight=145186 99914.5 54646 45268.5 36730 13485 45271 10883 23245 20224 17339 9104 3858 2885 2602 13481 10064 2390 1724 1351 3417 3021 52256 37046 4554 15210 7849 2008 5841 429
internal_count=145180 99912 54646 45266 36729 13484 45268 10882 23245 20224 17339 9103 3858 2885 2602 13481 10064 2390 1724 1351 3417 3021 52256 37046 4554 15210 7848 2008 5840 429
is_linear=0
shrinkage=0.03


Tree=39
num_leaves=31
num_cat=0
split_feature=8 80 69 79 53 71 21 52 87 51 85 5 65 58 17 52 75 75 60 69 24 84 24 51 68 58 57 57 61 63
split_gain=2.57199 2.73092 2.58353 2.30892 2.20838 1.8761 1.68516 1.62793 1.66794 1.61975 1.61727 1.79188 1.72919 1.88797 1.80494 1.65886 1.80767 1.62409 1.72552 1.62105 1.5728 1.71522 1.3526 1.45614 1.38438 1.9863 1.53502 1.47009 1.34113 1.67597
threshold=0.050774998962879188 0.55314999818801891 0.98984998464584362 0.99445000290870678 0.2864499986171723 5.5000000000000009 0.61524999141693126 1.0214999914169314 0.98734998703002941 -0.14784999936819074 0.69664999842643749 -0.24835000187158582 -0.0043099999893456689 25.229999542236332 -0.73434999585151661 1.4365000128746035 0.96885001659393322 0.69775000214576732 0.014205000363290312 0.88795000314712536 0.00087844999507069599 0.90929999947547924 -0.0086334999650716764 0.16894999891519549 0.64445000886917125 19.365000724792484 0.74575001001358043 0.17195000499486926 0.0073035000823438176 -0.0078885001130402071
decision_type=2 10 10 2 10 8 2 8 2 10 10 2 10 8 2 10 2 2 2 8 2 10 2 10 10 8 8 10 2 2
left_child=1 4 3 5 10 -2 22 8 -7 -6 17 12 13 -12 -14 16 -13 -1 20 -16 -19 -22 23 -3 26 -26 -24 -27 -29 -30
right_child=2 6 -4 -5 9 7 -8 -9 -10 -11 11 15 14 -15 19 -17 -18 18 -20 -21 21 -23 24 -25 25 27 -28 28 29 -31
leaf_value=-0.00012114371773390546 0.00051227648066948196 0.00022187410282320874 0.00012227138562473678 0.0020783819662894875 0.0017167421157807171 -0.0011325838070589322 -0.00059774104039442711 -0.00045670153060346064 -0.0028276688564076334 0.000268380107545813 -0.0018707356518700663 0.00011225769028343868 -0.0011770707606128679 0.0013896925176827694 0.0027265961422810172 -0.00096691409140727913 -0.0027095147435666411 -0.0011610509301972262 0.00088108180088852816 0.00090666191227984716 -0.00027730698268557907 -0.0027619201471097764 8.4548266403437238e-05 0.0010816929773416247 0.00092176837062027048 -0.0010511452712395504 0.0024809006354887006 0.00081413059976126381 0.0014250713673971888 -0.0017527340406000517
leaf_weight=38265 821 3926 5080 251 928 3290 2333 2821 621 2760 402 15806 266 264 623 1501 206 3414 722 1504 6555 259 40983.5 3232 4746.5 924 241 1687 217 474
leaf_count=38265 821 3926 5080 251 928 3290 2333 2821 621 2760 402 15806 266 264 623 1501 206 3414 722 1504 6555 259 40978 3232 4746 924 241 1687 217 474
internal_value=3.4109e-07 3.97637e-05 -0.000404257 -0.000746971 -8.21579e-05 -0.000841126 0.000192206 -0.00100623 -0.00140239 0.000633194 -0.00011997 0.000103402 0.000773205 -0.000578168 0.00114939 -1.36301e-05 7.57877e-05 -0.000213341 -0.000535484 0.00144075 -0.000635557 -0.000372138 0.000224874 0.000610199 0.000168886 0.000528748 9.86173e-05 -3.63125e-05 0.000358289 -0.000754166
internal_weight=145123 132239 12884 7804 73475 7553 58764 6732 3911 3688 69787 20572 3059 666 2393 17513 16012 49215 10950 2127 10228 6814 56431 7158 49273 8048.5 41224.5 3302 2378 691
internal_count=145117 132233 12884 7804 73475 7553 58758 6732 3911 3688 69787 20572 3059 666 2393 17513 16012 49215 10950 2127 10228 6814 56425 7158 49267 8048 41219 3302 2378 691
is_linear=0
shrinkage=0.03


Tree=40
num_leaves=31
num_cat=0
split_feature=50 80 75 67 25 60 41 53 11 39 10 28 28 27 1 79 70 63 80 47 7 12 16 59 80 52 61 1 28 53
split_gain=2.65365 2.32654 2.06039 1.88991 1.68293 1.65468 1.55288 1.53519 1.43476 1.40733 1.36496 1.36401 1.34157 1.46163 1.41841 1.50662 1.53478 1.5779 1.48597 1.33945 1.57465 1.50153 1.93548 1.33125 1.31391 1.34659 1.30692 1.26726 1.96407 1.46381
threshold=-0.046064998954534524 0.54989999532699596 0.92145001888275158 0.30345000326633459 18.795000076293949 0.0017820000066421928 0.21515000611543658 0.2864499986171723 0.037985000759363181 0.033314999192953117 0.44875000417232519 17.314999580383304 22.73499965667725 0.92484998703002941 0.077524997293949141 0.55704998970031749 1.2845000028610232 0.013865000102669002 0.079750001430511488 -2.4999999999999996 0.68895000219345104 0.2079500034451485 -0.074145000427961336 0.80754998326301586 0.12435000017285348 1.7304999828338625 -0.021414999850094315 -0.010385000146925448 18.474999427795414 -0.059735000133514397
decision_type=8 10 2 8 2 2 2 10 2 2 2 10 10 10 2 2 10 2 10 2 8 2 2 10 10 8 2 2 10 10
left_child=3 2 5 8 24 7 -3 -2 -1 -6 -10 -11 14 -14 15 16 27 -18 -16 21 -21 -13 -23 -12 -5 -26 -4 28 -7 -30
right_child=1 6 26 4 9 12 -8 -9 10 11 23 19 13 -15 18 -17 17 -19 -20 20 -22 22 -24 -25 25 -27 -28 -29 29 -31
leaf_value=-0.0015083602216783938 -0.00028251615842060488 0.00011782862320372295 -0.0028179004633115722 -0.0016008238583709413 6.7193752355342216e-05 -0.0011947135570327951 -0.0014911371955601072 0.00055573737193588654 0.0010574635426349541 0.00012191177447872133 -0.0014164582566515112 0.0017261072008389973 0.00078874864825961551 -0.0020151547002077519 0.0034737284116015546 -0.00034763955004662875 0.00052073641652814308 0.0024351466070592896 0.00063265885839347959 0.00086262165621292465 -0.0013448026380314423 0.0026470377386929038 -6.6876551717290751e-05 0.00079957505941068326 0.00035919722660058265 -0.0019247114985140366 -0.00059321242727369719 0.00025705283367206716 0.0011720802954513815 -0.00023809940285566503
leaf_weight=726 35125 57378 247 441 2420 1567 544 2082 741 1629 678 3157 241 543 203 6211 2554 456 886 1320 372 303 1065 380 2614 254 5753 11443 838 3148
leaf_count=726 35125 57371 247 441 2420 1567 544 2082 741 1629 678 3157 241 543 203 6211 2554 456 886 1320 372 303 1065 380 2614 254 5753 11443 838 3148
internal_value=6.71513e-06 -3.85372e-05 -0.000153272 0.000369891 0.000510069 -0.00010438 0.000102692 -0.000235596 -0.000383641 0.000699694 7.08338e-05 0.000894747 6.94262e-05 -0.00115333 0.000104575 6.04855e-05 0.000187202 0.000811472 0.00116496 0.0010972 0.000376794 0.00136643 0.000535726 -0.000620526 -7.82673e-05 0.000156326 -0.00068525 7.66019e-05 -0.000295231 5.85905e-05
internal_weight=145319 129219 71297 16100 13575 65297 57922 37207 2525 10266 1799 7846 28090 784 27306 26217 20006 3010 1089 6217 1692 4525 1368 1058 3309 2868 6000 16996 5553 3986
internal_count=145312 129212 71297 16100 13575 65297 57915 37207 2525 10266 1799 7846 28090 784 27306 26217 20006 3010 1089 6217 1692 4525 1368 1058 3309 2868 6000 16996 5553 3986
is_linear=0
shrinkage=0.03


Tree=41
num_leaves=31
num_cat=0
split_feature=80 75 47 47 54 0 64 19 67 22 58 53 63 16 81 55 8 65 32 11 61 0 58 0 44 83 52 51 88 66
split_gain=2.49268 2.34289 2.11149 2.10171 2.02511 2.075 1.96693 1.91225 1.7787 1.90718 1.67216 1.47721 1.77989 1.94476 1.72558 1.72147 1.82332 1.4984 1.47267 1.61773 1.8475 1.71184 1.40702 1.38084 1.86033 1.38512 1.35655 1.35203 1.33312 1.30122
threshold=0.57304999232292186 0.91435000300407421 4.5000000000000009 -2.4999999999999996 -0.06655500084161757 0.00080819998402148496 -0.025809999555349347 0.31194999814033514 0.36875000596046453 -0.26584999263286585 14.355000019073488 0.076094999909400954 -0.014644999988377093 -0.030544999986886975 0.11675000190734865 1.0000000180025095e-35 0.051984999328851707 -0.0072314999997615806 0.51394999027252208 0.032065000385046012 0.005203499924391509 0.026855000294744972 14.954999923706056 0.0073905000463128099 -69.999999999999986 0.13745000213384631 1.1125000119209292 0.53745001554489147 0.99114999175071727 -0.013445000164210795
decision_type=10 2 2 2 10 2 2 2 8 2 8 10 2 2 2 2 2 8 8 2 2 2 10 2 2 10 10 8 2 2
left_child=1 4 -3 18 5 6 29 -5 -7 -10 -8 12 13 -9 -13 16 17 -14 19 -2 21 -21 -19 24 -6 -26 -15 -22 -4 -1
right_child=3 2 28 7 23 8 10 11 9 -11 -12 14 15 26 -16 -17 -18 22 -20 20 27 -23 -24 -25 25 -27 -28 -29 -30 -31
leaf_value=-0.0026250748059096305 0.00021966766243442437 -0.0011539769440895139 -0.00026279973298798804 0.00022797151113119405 -0.00073504763107690803 -0.00020044040072102702 -0.00048057108381887334 0.0022246030996625477 0.0010140156677363296 0.00019465385085451904 0.00015292430376197822 -0.0018600782758957455 0.00093293281995107994 -0.00080194878430454397 0.00015249867069467177 -0.00018101643406684032 -0.0022460066770814773 -0.0024286627703426905 -0.0002440251694499811 0.0013219658664639653 0.00042334835404511526 -0.0014620730876273367 -0.00065998229990570448 -0.00045666793216665562 -0.0011446068313492896 3.3646824046346617e-05 0.0014646953815443079 -0.001855359747750009 0.0021310913657575535 1.0344748543334843e-05
leaf_weight=448 6440 3578 3012 22661.5 3576 3443 5333 446 4913 5331 12627 396 454 783 11208 5703 814 467 2433 4576 1654 207 3011 13479 929 26057 340 272 224 270
leaf_count=448 6437 3578 3012 22658 3576 3443 5333 446 4913 5331 12627 396 454 783 11208 5703 814 467 2433 4576 1654 207 3011 13479 929 26057 340 272 224 270
internal_value=-1.16613e-05 -0.000118875 -0.000651857 0.00013256 -7.13352e-05 0.000108829 -9.67982e-05 3.10997e-05 0.000389425 0.000587679 -3.52006e-05 -0.000157769 -0.000390871 0.000551039 8.36628e-05 -0.000532345 -0.000954391 -0.000686498 0.000433907 0.000559356 0.000885343 0.0012012 -0.000898097 -0.000203734 -9.21696e-05 -6.95577e-06 -0.000115006 0.000100741 -9.64844e-05 -0.0016354
internal_weight=145086 83220 6814 61865.5 76406 32365 18678 46283.5 13687 10244 17960 23622 12018 1569 11604 10449 4746 3932 15582 13149 6709 4783 3478 44041 30562 26986 1123 1926 3236 718
internal_count=145079 83220 6814 61859 76406 32365 18678 46280 13687 10244 17960 23622 12018 1569 11604 10449 4746 3932 15579 13146 6709 4783 3478 44041 30562 26986 1123 1926 3236 718
is_linear=0
shrinkage=0.03


Tree=42
num_leaves=31
num_cat=0
split_feature=74 88 67 67 53 39 19 89 22 28 62 56 21 58 47 79 58 53 14 25 71 69 85 61 52 56 11 8 39 17
split_gain=2.7122 2.46776 2.50712 2.46607 2.35912 1.88702 1.68646 1.81803 1.77072 1.68311 1.65531 1.56742 1.82007 3.10178 1.51365 1.51332 1.49039 1.47902 1.48924 1.44043 1.34953 2.21818 1.34755 1.34343 1.34087 1.33527 1.31112 1.36799 1.29274 1.26888
threshold=-0.029110000468790528 0.49144999682903295 0.62825000286102306 0.5286499857902528 0.091985002160072341 0.044764999300241477 0.63955000042915355 0.64790001511573803 -0.54014998674392689 20.804999351501468 0.0033934999955818061 -0.13435000181198117 0.61524999141693126 26.649999618530277 -2.4999999999999996 0.99445000290870678 45.055000305175788 0.039875000715255744 0.15134999901056292 20.054999351501468 21.500000000000004 1.1004999876022341 0.50564998388290416 0.01762500032782555 1.7534999847412112 0.077720001339912428 0.08344499766826631 -0.013975000008940695 0.032084999606013305 -0.16534999758005139
decision_type=10 2 8 10 8 2 2 2 2 10 2 10 2 10 2 2 8 10 2 2 10 10 10 2 8 8 2 2 2 2
left_child=3 2 5 11 -5 19 8 -8 10 -6 -3 -1 15 14 -14 -13 -7 23 29 24 25 -22 -4 -10 -2 -20 27 -15 -25 -19
right_child=1 6 22 4 9 16 7 -9 17 -11 -12 12 13 26 -16 -17 -18 18 20 -21 21 -23 -24 28 -26 -27 -28 -29 -30 -31
leaf_value=0.0004755173410707436 -0.00018326119003250413 0.002092650114672503 0.00033948317999392771 -0.00012826229516978431 0.00072458343167820392 0.00096350639038423702 0.00025573503042414675 -0.0017681622556547179 -0.00029485721944708619 -0.00048713684210294466 -0.0003630216268808112 -0.00029383568519587128 -0.00051089790675977876 0.0020532546775598156 -0.0024400896918734538 0.0017360016594858405 -0.00064854293283518778 -0.00021770372341526611 0.0012322607952364034 0.00022038236797616625 -0.0015867893232665621 0.0014234657475820066 0.0009863543679437094 0.0015964311948796282 -0.0021440627480677973 -0.00069156008265187831 -0.0017738259421062788 -0.00022946149581477515 -0.00020970236794007202 0.00034344045701828707
leaf_weight=2260 9186 684 5833 13212 6488 3558 660 1010 17762 1226 386 32266 522 354 1229 333 603 4666 610 15211 1335 263 5763 688 324 692 279 706 739 16272.5
leaf_count=2260 9186 684 5833 13212 6488 3558 660 1010 17760 1226 386 32266 522 354 1229 333 603 4666 610 15208 1335 263 5762 688 324 692 279 706 739 16271
internal_value=1.06395e-05 0.000117795 0.000288429 -0.000146331 0.000115132 0.000138816 -3.31215e-05 -0.000968624 2.3277e-06 0.000531964 0.00120726 -0.000290507 -0.000339027 -0.00103478 -0.00186559 -0.000273048 0.000729793 -2.76637e-05 0.000130139 3.93178e-05 -0.000506893 -0.00109078 0.000661024 -0.000223699 -0.000250283 0.000210023 5.22424e-05 0.000534096 0.000661598 0.000218389
internal_weight=145120 86245.5 40478 58875 20926 28882 45767.5 1670 44097.5 7714 1070 37949 35689 3090 1751 32599 4161 43027.5 23838.5 24721 2900 1598 11596 19189 9510 1302 1339 1060 1427 20938.5
internal_count=145113 86238 40474 58875 20926 28879 45764 1670 44094 7714 1070 37949 35689 3090 1751 32599 4161 43024 23837 24718 2900 1598 11595 19187 9510 1302 1339 1060 1427 20937
is_linear=0
shrinkage=0.03


Tree=43
num_leaves=31
num_cat=0
split_feature=68 76 53 9 2 47 81 57 62 8 39 7 74 61 60 6 10 68 71 72 83 44 76 60 61 51 38 83 48 83
split_gain=2.5253 2.86935 2.37459 2.06267 1.70318 2.14646 1.98925 2.80417 2.21692 1.96621 2.26744 2.28406 1.96286 1.93228 1.7735 1.6774 1.63898 2.27289 1.63329 1.61786 1.48422 1.48372 1.72018 1.47287 2.8044 2.14921 1.45559 1.78157 1.45411 1.44555
threshold=0.63985002040863048 0.77404999732971203 0.061695000156760223 -0.01519499998539686 -0.096085000783205018 -2.4999999999999996 0.15734999626874926 0.16279999911785129 0.036395000293850906 0.040145000442862518 0.038285000249743469 1.6435000300407412 -0.0033795000053942199 0.0054079999681562194 -0.0012974999845027921 -0.31344999372959131 0.32064999639987951 0.40864999592304235 5.5000000000000009 6.5000000000000009 0.10864999890327455 18.000000000000004 0.019020000472664837 0.0066044998820871123 -0.00055914997938089062 -0.31454999744892115 -2.4999999999999996 0.10085000097751619 1.4915000200271609 0.17414999753236773
decision_type=10 2 10 2 2 2 2 8 2 2 2 10 10 2 2 8 2 8 8 8 10 2 2 2 2 8 2 8 2 10
left_child=4 2 19 -3 5 21 7 8 12 15 16 18 29 14 -10 -8 -11 -18 -12 -2 -4 22 -1 24 -9 -25 -26 -28 -17 -6
right_child=1 3 20 -5 6 -7 9 23 13 10 11 -13 -14 -15 -16 28 17 -19 -20 -21 -22 -23 -24 25 26 -27 27 -29 -30 -31
leaf_value=-0.00058193823224279417 0.0017137411209899073 -0.0030193002651871955 -0.0001890698949968542 -0.0002087148650738308 -0.00025514974809566699 -0.00044214783261480761 0.00099779131794614862 0.00056290208313461963 -0.001432063157708628 -0.0004345503613008875 0.00062439237168611405 0.001044424846091994 0.00026828703710634727 -0.004173661506313639 0.00097512392388733854 -2.7425102528455455e-05 0.0013406915797090635 -0.00011862200285567355 -0.0010991154476537629 8.7056821998333415e-05 0.0010856303972739526 0.0020085647526692672 0.00079820385329625802 0.0028631705456857821 -0.0030965372369391843 0.00034683662803518104 -0.0021988370356479095 0.00011121170773292342 0.00036993330190956373 -0.0011349336191565378
leaf_weight=1025 585 248 951 4186 3512 2047 1601 2195 2258 4135 545 573 2803 203 313 73067.5 1503 2658 5316 9028 6051.5 677 3913 395 269 1338 456 877 9348 3224
leaf_count=1025 585 248 951 4186 3512 2047 1601 2195 2258 4135 545 573 2803 203 313 73064 1503 2658 5316 9028 6051 677 3913 395 269 1338 456 877 9345 3224
internal_value=7.56017e-06 0.000311412 0.000492346 -0.00036656 -4.39176e-05 0.000389324 -7.23923e-05 -0.000363899 -0.000615924 -1.97153e-05 -0.000339413 -0.000762017 -0.000398766 -0.00136226 -0.00113874 3.63383e-05 -1.16085e-05 0.000408694 -0.000938772 0.000186217 0.000912513 0.000692469 0.000511663 0.000197265 -0.000133533 0.000921701 -0.00108752 -0.000680078 1.76493e-05 -0.00067634
internal_weight=145301 21049.5 16615.5 4434 124252 7662 116590 17843 12313 98746.5 14730 6434 9539 2774 2571 84016.5 8296 4161 5861 9613 7002.5 5615 4938 5530 3797 1733 1602 1333 82415.5 6736
internal_count=145294 21049 16615 4434 124245 7662 116583 17843 12313 98740 14730 6434 9539 2774 2571 84010 8296 4161 5861 9613 7002 5615 4938 5530 3797 1733 1602 1333 82409 6736
is_linear=0
shrinkage=0.03


Tree=44
num_leaves=31
num_cat=0
split_feature=80 0 79 74 80 75 26 50 59 89 58 86 45 57 67 65 64 53 59 57 42 71 88 63 61 65 89 64 71 30
split_gain=2.52117 2.22895 2.64134 1.69174 1.60485 1.78095 1.76356 1.72456 1.62317 1.56458 1.74323 2.34759 1.98997 1.93973 1.73559 1.53249 1.49752 1.41799 1.37583 1.3647 1.37589 1.34335 1.33188 1.25928 1.72171 1.4909 1.25625 1.24479 1.23491 1.22384
threshold=0.015579999890178444 0.01494499994441867 0.99445000290870678 0.038470000028610236 0.2144500017166138 0.96885001659393322 0.14085000008344653 -0.07068499922752379 0.77079999446868908 0.98734998703002941 15.614999771118166 0.45495000481605535 0.66685000061988842 0.24134999513626101 0.700850009918213 -0.0025020000757649537 -0.0045509999617934218 -0.029134999960660931 0.92260000109672557 0.12814999371767047 0.11034999787807466 1.5000000000000002 0.29524999856948858 0.011529999785125257 0.011500000022351744 0.005460000131279231 0.97615000605583202 0.0043534999713301667 107.50000000000001 0.58284997940063488
decision_type=8 2 2 10 10 2 2 10 8 2 10 2 2 10 10 10 2 10 10 10 2 8 2 2 2 10 2 2 10 10
left_child=-1 3 9 4 6 -6 8 -8 28 10 12 13 14 -12 -3 -10 -15 -11 19 20 -9 -13 -20 24 25 -14 -7 -17 -2 -27
right_child=1 2 -4 -5 5 26 7 18 15 17 11 21 23 16 -16 27 -18 -19 22 -21 -22 -23 -24 -25 -26 29 -28 -29 -30 -31
leaf_value=-0.0011055635381105511 -0.00094861808575114276 -0.00054339859321345856 0.0022380545282083783 0.00044986050714405815 0.00012857821939697188 -0.00045673323608811907 0.0017267619892653134 -0.00017260018136560848 -0.0018840245693917208 -0.0032858461093755276 -0.00022090600838147031 0.0010807683065187524 -0.00018864931452904326 -0.00017581634528967898 0.0016663181483483893 0.0012160404019567342 0.0018415884522081851 -0.00075540516446631861 -0.0027924790810086014 0.00023062678196143617 -0.0014220630453787649 -0.00066867642281492683 -0.00049228466556236873 0.0014658635762884343 0.0018082764054337737 4.2516631207841098e-06 -0.0025909490201781776 -0.00093565311703373323 -0.0029589839746670486 0.0023967494351843127
leaf_weight=1793 2288 4100 390 10407 80610 1064 477 7101 288 259 3289 408 3561 522 346 794 904 858 305 8709 892 11670 875 956 581 365 323 347 312 406
leaf_count=1793 2288 4100 390 10407 80603 1064 477 7101 288 259 3289 408 3561 522 346 794 904 858 305 8709 892 11670 875 956 581 365 323 347 312 406
internal_value=1.21021e-05 2.60838e-05 -0.000210801 8.51349e-05 4.87685e-05 0.000110234 -0.000176345 -5.15957e-05 -0.000744637 -0.000244716 -0.000199348 -0.000387888 0.000107604 0.000179793 -0.000371096 6.75956e-05 0.00110349 -0.00134456 -9.91271e-05 -2.91534e-05 -0.000312198 -0.000609495 -0.00108869 0.000470241 0.000276248 7.04049e-05 -0.000955251 0.000561423 -0.00119091 0.00126559
internal_weight=145200 143407 28615 114792 104385 81997 22388 18359 4029 28225 27108 16793 10315 4715 4446 1429 1426 1117 17882 16702 7993 12078 1180 5869 4913 4332 1387 1141 2600 771
internal_count=145193 143400 28615 114785 104378 81990 22388 18359 4029 28225 27108 16793 10315 4715 4446 1429 1426 1117 17882 16702 7993 12078 1180 5869 4913 4332 1387 1141 2600 771
is_linear=0
shrinkage=0.03


Tree=45
num_leaves=31
num_cat=0
split_feature=75 71 53 68 8 6 69 81 39 66 59 14 28 56 56 20 89 41 56 24 45 0 88 2 61 56 59 5 32 68
split_gain=2.11686 1.96948 1.77652 2.41538 1.75676 2.2798 1.82083 1.7321 1.62466 1.61585 1.66786 1.6067 1.87168 1.6231 1.97831 1.56899 1.53325 1.64189 1.46785 1.45582 1.45318 1.44516 1.74722 1.42926 1.41281 1.4084 1.62577 1.40627 1.39508 1.39432
threshold=0.31055000424385076 4.5000000000000009 0.044125000014901168 0.62915000319480907 -0.028874999843537804 -0.24235000461339948 1.1205000281333926 0.12435000017285348 0.036824999377131469 0.10510000213980676 0.86410000920295726 0.15134999901056292 19.744999885559086 0.077720001339912428 0.038949999958276756 0.54425001144409191 0.80114999413490307 0.029284999705851082 -0.154849998652935 -0.0050564999692142001 0.41834999620914465 -0.04222499951720237 0.10474999994039537 0.15675000101327899 0.017729999497532848 -0.024144999682903286 0.86610001325607311 1.1165000200271609 0.54594999551773082 0.55445000529289257
decision_type=2 10 8 10 2 10 10 2 2 2 8 2 10 10 10 2 2 2 8 2 2 2 2 2 2 8 8 2 8 8
left_child=1 -1 16 7 5 6 21 20 -7 10 11 12 -9 14 -13 28 19 -18 -6 -2 -4 22 -3 -12 -5 -21 -27 -14 -10 -20
right_child=2 4 3 24 18 8 -8 9 15 -11 23 13 27 -15 -16 -17 17 -19 29 25 -22 -23 -24 -25 -26 26 -28 -29 -30 -31
leaf_value=-0.00024918471816662519 -0.00054809790949254377 -0.0035005526091571489 -0.0014069187638619128 0.00058456187719090763 0.002217495803883399 0.00034479910696981876 -0.0020012790641370922 0.00039015959139760786 0.0014582629761274444 -0.0015957076912516402 0.0007671721491313158 -0.00086001943242790778 -0.00012998942254732998 -0.0009277785837637269 0.00091802822431257317 5.2174360737635576e-05 -0.0018026268657384242 -0.00040747831287570138 -0.00011555455193791545 0.00020076716974060823 -0.00020513371190166005 0.0004357996968381453 0.00010829914938287184 -0.0011382162799945896 -0.0019022720621929665 -0.00011677610963300619 -0.0011564006482430774 0.0021472321437419153 -0.00048959600287177413 0.00036310875689253883
leaf_weight=7858 5657 201 1410 8107.5 293 4970 422 10394 4455 547 3985 1022 20529 3222 1252 1088 820 10105 13141.5 13724.5 2529 2259 300 388 210 15013 1487 246 357 9389.5
leaf_count=7858 5657 201 1410 8107 293 4970 422 10394 4455 547 3985 1022 20529 3222 1252 1088 820 10105 13140 13723 2529 2259 300 388 210 15013 1487 246 357 9388
internal_value=1.03e-05 0.000182008 -6.60182e-05 5.14979e-05 0.000273896 0.000537779 -0.000168441 -3.43935e-05 0.000744509 2.25649e-05 4.41734e-05 -2.18826e-05 6.1514e-05 -0.000494768 0.000118896 0.0010811 -0.000201195 -0.00051235 0.000111415 -0.000106445 -0.000635571 0.000112421 -0.00134365 0.000597893 0.000521553 -2.3767e-05 -0.000210533 -0.000102922 0.00131368 8.39294e-05
internal_weight=145382 44734 100648 53841.5 36876 14052 3182 45524 10870 41585 41038 36665 31169 5496 2274 5900 46806.5 10925 22824 35881.5 3939 2760 501 4373 8317.5 30224.5 16500 20775 4812 22531
internal_count=145377 44731 100646 53841 36873 14052 3182 45524 10870 41585 41038 36665 31169 5496 2274 5900 46805 10925 22821 35880 3939 2760 501 4373 8317 30223 16500 20775 4812 22528
is_linear=0
shrinkage=0.03


Tree=46
num_leaves=31
num_cat=0
split_feature=80 75 66 84 58 64 21 62 49 8 62 53 6 42 59 71 51 71 74 51 48 3 28 79 68 64 15 28 12 66
split_gain=2.16297 1.97308 1.72286 2.1217 1.71409 1.57905 1.60138 1.49546 1.79088 1.46611 2.59452 1.45814 1.61564 1.63261 1.44231 2.0453 1.76697 1.42091 1.34174 1.30675 1.60779 1.455 1.3182 1.30367 1.74356 1.29761 1.4571 2.58024 3.05368 1.92762
threshold=0.53364998102188121 0.88765001296997081 0.056724999099969871 0.96105000376701366 43.379999160766609 -0.049975000321865075 0.71064999699592601 0.12830000370740893 0.15294999629259112 -0.079080000519752489 0.0096770003437995928 0.2864499986171723 -0.13874999433755872 0.30749998986721044 0.95435002446174633 29.500000000000004 0.71979999542236339 51.500000000000007 0.027129999361932281 1.2494999766349795 1.403500020503998 0.15175000578165057 20.884999275207523 0.24614999443292621 0.32684999704360967 -0.049975000321865075 -0.14465000480413434 17.195000648498539 0.62444999814033519 -0.015139999799430369
decision_type=10 2 2 10 10 2 2 2 10 2 2 10 10 2 8 8 8 8 10 10 2 2 10 2 8 2 2 10 2 2
left_child=1 11 5 4 -4 -2 7 9 -9 10 -7 25 -13 -14 18 16 -16 23 19 21 -21 22 -11 -3 -25 -1 27 28 -27 -29
right_child=2 17 3 -5 -6 6 -8 8 -10 14 -12 12 13 -15 15 -17 -18 -19 -20 20 -22 -23 -24 24 -26 26 -28 29 -30 -31
leaf_value=-0.0019396714346450086 0.0022929070406971729 -0.0010530513051760487 -3.0889552937904653e-05 -0.0019776853018587319 -0.0020087001080509462 0.00011638690471247645 -0.0011310566842464218 0.0004056898662366649 0.0020109100232531601 0.0002720626981384372 0.0030055873352232863 0.0014165141426032125 0.00035390791699813426 -0.0020730568693612412 -0.00081901737301666086 5.820177239968024e-05 -0.0035452559710635492 -0.0010339640705083785 0.00053094881074073697 0.0030319001101130664 -0.00032344559667593176 -0.00049808422386989396 -0.00010920479079032063 0.0014670538502859507 -0.00023812172139878386 -0.0010862676958556076 -0.00014122932866051529 -6.6536697119098031e-05 0.0015297531705755596 0.00077321832531748432
leaf_weight=335 319 1284 7586 603 415 745 826 2403 845 25052 447 1228 2429 277 1036 2754 269 3179 8288 300 224 3427 12104 649 3179 2206 52074 4136 490 6070
leaf_count=335 319 1284 7586 603 415 745 826 2403 845 25052 447 1228 2429 277 1036 2754 269 3179 8286 300 224 3427 12098 649 3179 2206 52074 4136 490 6070
internal_value=9.44454e-06 -9.87119e-05 0.000133419 -0.000263161 -0.000133714 0.000191217 0.000179761 0.000198482 0.000823794 0.000161301 0.00120145 -4.63421e-05 0.000514506 0.000104797 0.000138084 -0.000405467 -0.00138326 -0.000536037 0.000182758 0.000112544 0.00159967 9.33035e-05 0.000147861 -0.000226249 5.12818e-05 -8.01321e-05 -7.0515e-05 0.000214885 -0.000610413 0.000432933
internal_weight=145179 77536 67643 8604 8001 59039 58720 57894 3248 54646 1192 69245 3934 2706 53454 4059 1305 8291 49395 41107 524 40583 37156 5112 3828 65311 64976 12902 2696 10206
internal_count=145171 77536 67635 8604 8001 59031 58712 57886 3248 54638 1192 69245 3934 2706 53446 4059 1305 8291 49387 41101 524 40577 37150 5112 3828 65311 64976 12902 2696 10206
is_linear=0
shrinkage=0.03


Tree=47
num_leaves=31
num_cat=0
split_feature=80 46 12 56 66 52 28 6 82 68 5 30 61 3 56 61 60 60 61 74 63 56 25 61 2 66 76 54 86 14
split_gain=2.38311 2.22365 2.15389 2.11248 1.99311 3.31114 1.88079 2.1354 1.83348 1.61828 1.58412 1.67171 1.68669 1.53792 1.53569 1.53199 1.70983 1.47241 1.83404 1.47151 1.42534 1.48016 1.52558 1.3947 1.38137 1.37511 1.43042 1.32169 1.30031 1.94072
threshold=0.55314999818801891 0.97044998407363903 0.44625000655651098 -0.05386999994516372 -0.0068965000100433818 0.8128499984741212 18.435000419616703 0.13215000182390216 0.90929999947547924 0.34245000779628759 -0.30435000360012049 -0.57745000720024098 -0.020204999484121796 -0.008533500134944914 -0.051495000720024102 0.016485000029206279 0.019369999878108505 -0.011214999947696922 -0.025870000012218949 0.037000000476837165 0.013619999866932632 -0.04076500050723552 24.884999275207523 0.0091800000518560427 -0.088165000081062303 0.026364999823272232 0.76974999904632579 -0.31954999268054957 0.74584999680519115 0.11564999818801881
decision_type=10 2 2 8 2 10 10 10 2 8 2 8 2 2 10 2 2 2 2 10 2 8 2 2 2 2 2 10 2 2
left_child=1 8 9 4 -4 -6 7 -5 10 17 11 -1 -13 27 23 20 -17 18 -2 -11 21 22 -14 -10 -15 -7 -27 -12 29 -8
right_child=2 -3 3 6 5 25 28 -9 14 19 13 12 15 24 -16 16 -18 -19 -20 -21 -22 -23 -24 -25 -26 26 -28 -29 -30 -31
leaf_value=-0.00042418930248019367 -0.00099991474321426028 -0.00082726906447230775 3.449824805105859e-05 -0.00084548859731447526 -0.0021198262272088546 -0.0011380914884989457 -0.00012295644736900257 0.00078633285052790358 0.00092478352273516135 0.00034926986656760346 0.0011295106404467423 -0.00072545481090036665 0.00051114516696831999 0.0021530341834554473 -0.00081415636732417934 -0.0023059506542830763 0.00089924330531348335 -0.00039830545329651003 0.0024977587086879231 0.0011127238572701983 0.002776998995459632 0.00020338427758897503 0.0031546544607581502 -0.0011156354740992787 4.1852743049572465e-05 0.0018289618036001511 -0.00098361885013757266 -0.00026947531625062804 0.00021988402323038959 -0.0014597195083768132
leaf_weight=1281 212 3666 2521 839 1443 556 13302 5131 992 21794 621 523 352 280 4878 218 473 3928 368 2536 583 877 445 432 37936 466 249 26639 10352 1054
leaf_count=1281 212 3666 2521 839 1443 556 13302 5131 992 21788 621 523 352 280 4878 218 473 3928 368 2536 583 877 445 432 37936 466 249 26639 10352 1054
internal_value=3.69979e-06 -0.000105603 0.000139075 -1.59744e-05 -0.000572903 -0.00113692 7.90774e-05 0.0005569 -7.10233e-05 0.000332157 -2.70324e-05 0.000501796 0.000843562 -6.54199e-05 -0.000561166 0.00112207 -0.000113818 -0.000189898 0.00121978 0.00042889 0.00150033 0.00105432 0.00198924 0.000305431 5.73768e-05 -2.02017e-05 0.00084947 -0.000237565 -3.6393e-05 -0.000221195
internal_weight=144947 80196 64751 35913 5235 2714 30678 5970 76530 28838 70228 4752 3471 65476 6302 2948 691 4508 580 24330 2257 1674 797 1424 38216 1271 715 27260 24708 14356
internal_count=144941 80196 64745 35913 5235 2714 30678 5970 76530 28832 70228 4752 3471 65476 6302 2948 691 4508 580 24324 2257 1674 797 1424 38216 1271 715 27260 24708 14356
is_linear=0
shrinkage=0.03


Tree=48
num_leaves=31
num_cat=0
split_feature=75 69 53 24 68 68 49 21 57 62 53 79 46 56 46 11 17 46 59 16 41 59 65 6 10 12 71 20 62 11
split_gain=2.19721 1.89963 1.84009 1.70865 2.1078 1.68151 1.62634 1.595 1.77787 1.70802 1.57368 1.56523 1.6151 1.49536 1.61207 1.45492 1.35675 1.352 1.37821 1.30443 1.4654 1.38008 1.28835 1.8649 1.59102 1.50658 1.32196 1.68919 1.27846 1.26436
threshold=0.47070001065731054 1.153500020503998 0.041354998946189887 -0.0090115000493824465 0.64915001392364513 0.72474998235702526 -0.18965000659227368 0.61524999141693126 0.1555999964475632 0.016319999471306804 0.1155500002205372 0.99445000290870678 0.97044998407363903 0.030135000124573711 0.35744999349117285 0.027224999852478508 -0.55584999918937672 0.8696500062942506 0.22320000082254413 -0.33894999325275416 0.21515000611543658 0.78769999742507946 -0.0021019999403506513 -0.27535000443458552 0.37315000593662268 0.37254999577999121 7.5000000000000009 0.30224999785423284 -0.14935000240802762 0.026534999720752243
decision_type=2 10 8 2 10 10 10 2 10 2 10 2 2 10 2 2 2 2 10 2 2 8 8 10 2 2 10 2 2 2
left_child=1 3 11 22 13 7 -6 28 9 -9 -10 12 19 -5 -15 -14 -3 18 -16 21 -21 -2 23 -1 -25 26 -24 -28 -4 -18
right_child=2 16 5 4 6 -7 -8 8 10 -11 -12 -13 15 14 17 -17 29 -19 -20 20 -22 -23 25 24 -26 -27 27 -29 -30 -31
leaf_value=-0.0019303223547183469 -6.3786102009846644e-05 -0.0023186434850063333 0.0021900102402163113 0.00020715142270850108 -0.00088730983532872489 0.00093683409765518634 0.00073558827001293076 -0.0010302496998774585 0.0020947908438121278 -0.0042339807624391995 -0.00066582897394173513 0.0019280039410427279 -6.8419273315972228e-05 -0.00056927180245409644 0.00047854058685866822 -0.0019178219136499015 -0.00075174333700305613 -0.00077408983326104008 -0.00012549045575838261 -0.00024306736531791044 -0.0023025899087201216 0.0027171539187247117 0.0002014925231825063 0.0010290600338878706 -0.00078749993638183664 -6.0441962660559983e-05 0.00011063749618133866 0.0014583420000188532 2.0389801568231685e-05 0.00014220959988461157
leaf_weight=414 390 306 245 22084 608 1767 6371 459 224 222 1067 290 622 5844 5553 995 2649 1751 8764 31991 313 272 1759 1080 724 1856 1074 3795 38400 3077
leaf_count=414 390 306 245 22079 608 1767 6371 459 224 222 1067 290 622 5844 5553 995 2649 1751 8764 31991 313 272 1759 1080 724 1856 1074 3795 38399 3077
internal_value=7.68079e-06 0.000132438 -0.000101658 0.000182133 0.000109778 3.11474e-05 0.000594097 -8.27561e-06 -0.000840279 -0.00207931 -0.000185586 -0.000263064 -0.000281493 3.29393e-05 -0.000142642 -0.00120691 -0.000375638 1.25512e-05 0.000108806 -0.000236066 -0.000263093 0.00108121 0.000526729 -0.000116993 0.000299987 0.000695013 0.000906536 0.00116115 3.4201e-05 -0.000271416
internal_weight=144966 67709 77257 61677 50975 42384 6979 40617 1972 681 1291 34873 34583 43996 21912 1617 6032 16068 14317 32966 32304 662 10702 2218 1804 8484 6628 4869 38645 5726
internal_count=144960 67704 77256 61672 50970 42383 6979 40616 1972 681 1291 34873 34583 43991 21912 1617 6032 16068 14317 32966 32304 662 10702 2218 1804 8484 6628 4869 38644 5726
is_linear=0
shrinkage=0.03


Tree=49
num_leaves=31
num_cat=0
split_feature=75 25 52 39 57 65 53 68 89 20 13 83 77 10 65 67 28 41 5 4 56 6 65 10 83 0 43 67 8 45
split_gain=2.31563 1.86488 2.05593 1.71327 1.93658 1.71463 1.6995 2.73796 1.62453 1.98602 1.8569 1.57945 1.54039 1.42994 1.44425 1.42555 1.78322 2.15335 1.75108 1.65204 1.34792 1.52111 1.60599 1.34046 1.31853 1.66111 1.35079 1.39691 1.32696 1.67968
threshold=0.31464999914169317 19.785000801086429 0.60495001077651989 0.034745000302791602 0.073325000703334822 -0.0047480000648647538 0.044125000014901168 0.62915000319480907 0.97904998064041149 0.46655000746250158 0.65000000596046459 0.99085000157356273 0.99805000424385082 0.46934999525547033 -0.0092230001464486105 0.36155000329017645 18.355000495910648 0.088794998824596419 -0.14275000244379041 -0.0334549993276596 0.054755000397562988 0.28614999353885656 -0.011715000029653309 0.35885000228881841 0.95434999465942394 0.060395000502467162 0.035234998911619193 0.74725002050399791 -0.04668499901890754 0.46965000033378607
decision_type=2 2 8 2 10 8 8 10 2 2 2 10 2 2 10 8 10 2 2 2 10 8 10 2 8 2 2 10 2 2
left_child=1 2 -1 23 -5 13 8 12 -2 -10 -11 15 24 -6 -15 18 19 -18 -7 -17 -9 22 -22 -3 25 26 27 28 -8 -30
right_child=6 3 -4 4 5 11 7 20 9 10 -12 -13 -14 14 -16 16 17 -19 -20 -21 21 -23 -24 -25 -26 -27 -28 -29 29 -31
leaf_value=0.00056414502324388387 -0.00018659255019429382 0.00017037249484281821 -0.00027317449053952886 -0.0017751740685357533 0.00034387879294470327 0.0011791886544354588 0.0020989810870497287 8.5853947669865222e-05 -0.0026838555851123077 -0.0012774895034520903 0.0020465333704925968 -0.0017402311281521658 -0.0020537397949391099 8.6032490624412237e-05 -0.0023690205583082294 -0.00024218733939918935 0.0015379717880293577 -0.00030680472518376236 -0.00022677667169693105 0.0011140806935834892 -0.0018321032124381299 0.0014337032561074531 0.00061901180018476127 -0.00080537393942331048 0.00050322103295504688 -0.0015270861200479588 -0.00036910676082110551 0.0013786310856992922 -0.000331362166142223 0.00014568955833705409
leaf_weight=3371 45318 12466 12143 321 2268 1230 268 3488.5 526 488 218 227 345 450 413 1634 4787 646 2262 1598 268 2229 2278 1409.5 3636 713 10040 677 10100 19400
leaf_count=3371 45318 12462 12143 321 2268 1230 268 3488 526 488 218 227 345 450 413 1634 4787 646 2262 1598 268 2229 2278 1409 3636 713 10040 677 10100 19399
internal_value=-2.74504e-06 0.000175383 -9.12107e-05 0.000314585 0.000527817 0.000575577 -8.33113e-05 3.21178e-05 -0.00021583 -0.00129026 -0.000249649 0.000734143 -5.972e-05 -5.16325e-05 -0.00109025 0.000780485 0.0009867 0.00131861 0.000268647 0.00042853 0.000534169 0.00086161 0.000360382 7.12034e-05 -4.43304e-05 -9.26665e-05 -6.73672e-05 3.21478e-05 1.48006e-06 -1.76457e-05
internal_weight=145218 45225.5 15514 29711.5 15836 15515 99992.5 53442.5 46550 1232 706 12384 45179 3131 863 12157 8665 5433 3492 3232 8263.5 4775 2546 13875.5 44834 41198 40485 30445 29768 29500
internal_count=145212 45221 15514 29707 15836 15515 99991 53441 46550 1232 706 12384 45178 3131 863 12157 8665 5433 3492 3232 8263 4775 2546 13871 44833 41197 40484 30444 29767 29499
is_linear=0
shrinkage=0.03


Tree=50
num_leaves=31
num_cat=0
split_feature=80 75 54 71 20 59 81 24 12 64 58 20 71 82 83 0 81 12 86 75 88 58 58 63 68 63 85 89 71 64
split_gain=2.51782 2.26793 1.84345 1.5484 1.49404 1.66066 1.66829 1.6321 1.72818 1.43094 2.2878 1.95071 1.48085 1.52456 1.39154 1.38601 1.36118 1.31633 1.29328 1.26414 1.22251 1.22212 1.93562 1.72347 1.41476 1.41653 1.26907 1.37992 1.24452 1.45997
threshold=0.57725000381469738 0.96885001659393322 -0.06655500084161757 465.50000000000006 0.56264999508857738 0.88389998674392711 0.13254999369382861 -0.0086334999650716764 0.2079500034451485 -0.025809999555349347 25.559999465942386 0.50454998016357433 84.500000000000014 0.78654998540878307 0.060270000249147422 -0.04019499942660331 0.22995000332593921 0.75084999203681957 0.10395000129938127 0.06397500261664392 0.43874999880790716 19.365000724792484 19.809999465942386 -0.037085000425577157 0.65645000338554393 0.012829999905079605 0.056095000356435783 0.87674999237060558 15.500000000000002 0.03456499986350537
decision_type=10 2 10 8 2 10 2 2 2 2 8 2 8 2 10 2 2 2 2 2 2 8 8 2 10 2 10 2 8 2
left_child=1 2 9 -3 7 6 20 8 16 11 12 -1 -11 19 -4 -9 -2 -5 -16 -14 -6 24 -23 -24 -17 26 -26 -28 -25 -30
right_child=4 3 14 17 5 -7 -8 15 -10 10 -12 -13 13 -15 18 21 -18 -19 -20 -21 -22 22 23 28 25 -27 27 -29 29 -31
leaf_value=-9.1441608500524553e-05 0.0026129275563102189 -0.00058787132609532003 -0.0016031316974932871 -0.0042845453522213309 -0.0010479391081594772 0.00090111713625187155 -0.00032313409258756222 -0.00096235503333328744 0.00021424503532022855 0.00014958621442099398 0.00074745111764050291 -0.0026849627944798482 0.0019316851146222937 -0.0012371958714829814 -0.00087014540095958185 0.00019699003897123349 0.00090208408409812575 -0.0012399491337414753 -0.00013167505204113224 -0.00023888330759770602 -0.0039035950722967889 -0.001353655005141908 0.0026593982172514654 -0.00065985843351596925 -0.00096722684600012473 -0.00066426161307182147 0.0014206299409488372 -0.00033799814306751096 5.7195558521964603e-05 0.0020570210831042015
leaf_weight=829 512 2000 614 205 398 839 3844 991 3475 21895 4794 380 256 1439 2240 30312.5 2287 340 44875 4000 204 972 220 2219 270 523 2813 468 10661 338
leaf_count=829 512 2000 614 205 398 839 3844 991 3475 21895 4794 380 256 1439 2240 30307 2287 340 44875 4000 204 972 220 2219 270 523 2813 468 10661 338
internal_value=1.37502e-05 -9.30883e-05 -6.54841e-05 -0.000974772 0.000159809 -0.000322338 -0.000553365 0.000205266 0.000661214 0.000104769 0.000142612 -0.000908155 3.74922e-05 -0.000393415 -0.000185313 0.000147798 0.00121586 -0.00239091 -0.000166802 -0.0001079 -0.00202051 0.000170363 -6.15582e-05 3.19957e-05 0.000267551 0.000792378 0.00100704 0.00116975 -1.19326e-05 0.000118832
internal_weight=145214 83867 81322 2545 61346.5 5285 4446 56061.5 6274 33593 32384 1209 27590 5695 47729 49787.5 2799 545 47115 4256 602 48796.5 14410 13438 34386.5 4074 3551 3281 13218 10999
internal_count=145208 83867 81322 2545 61341 5285 4446 56056 6274 33593 32384 1209 27590 5695 47729 49782 2799 545 47115 4256 602 48791 14410 13438 34381 4074 3551 3281 13218 10999
is_linear=0
shrinkage=0.03


Tree=51
num_leaves=31
num_cat=0
split_feature=80 53 75 11 61 56 52 56 56 66 0 49 52 3 46 65 80 3 0 63 74 59 0 66 65 58 66 52 63 24
split_gain=1.78742 2.04889 1.86942 1.98475 1.90187 1.9263 1.95742 1.67396 1.64403 2.51846 2.17659 2.11482 1.79868 2.14338 1.74766 1.6421 1.58868 1.5532 1.49402 1.4929 2.43469 1.46809 1.54785 1.39592 1.43842 1.51059 1.99736 2.33149 1.99635 1.42235
threshold=0.2144500017166138 0.2864499986171723 0.47070001065731054 0.044594999402761466 0.033125000074505813 0.048840001225471504 1.5995000004768374 0.069540001451969161 -0.051495000720024102 -0.019345000386238095 -0.038455000147223466 -0.029484999366104599 1.0364999771118166 0.0051724999211728582 0.95104998350143444 -0.0037040000315755601 0.14864999800920489 0.031944999471306808 0.075934998691082015 -0.016540000215172764 -0.0077300001867115489 0.74899998307228099 0.013764999806880953 -0.045105000957846635 0.013179999776184561 14.385000228881838 -0.021805000491440293 1.7084999680519106 0.0048060000408440837 0.0040384999010711917
decision_type=10 10 2 2 2 8 10 10 8 2 2 10 8 2 2 10 10 2 2 2 10 8 2 2 10 10 2 10 2 2
left_child=1 8 4 -4 5 -2 17 -8 9 21 -10 15 13 -12 -15 -11 -13 -7 19 20 -5 22 -1 -14 25 28 -27 29 -25 -28
right_child=2 -3 3 18 -6 6 7 -9 10 11 12 16 23 14 -16 -17 -18 -19 -20 -21 -22 -23 -24 24 -26 26 27 -29 -30 -31
leaf_value=-0.00077514388732805787 0.00036173756720031373 0.00080048807236051886 2.8213968701223171e-05 -0.00044462746139167753 -0.001288469274892592 -0.00014776466722681489 -0.0029321168279531802 -0.00044887092658891088 -0.0019382983961088484 -0.00066814855078929192 -0.0005099781394316313 0.00053587813205129042 0.0002747481917275259 0.00039993994700778462 -0.0010819982627247788 0.0017215725229495946 -0.0018358468542828631 0.00039637666007726426 -0.0018374548165470653 -0.00046267453043301896 0.0018677771678476624 7.3135625342577834e-05 -0.0036497589242198082 -0.0006290800705625666 -0.0028449827271664341 -0.0019596618592060684 -0.00080606737738223206 0.0021215689835751583 -0.0021023809950484382 0.00046850546569253491
leaf_weight=736 30438 1737 48741 1002 774 12476 353 790 767 305 6176 751 1318 6767 800 1690 383 7594 616 9951 692 1482 218 2330 291 579 2081 391 1284 1267
leaf_count=736 30433 1737 48741 1002 774 12476 353 790 767 305 6176 751 1318 6767 800 1690 383 7594 616 9951 692 1482 218 2330 291 579 2081 391 1284 1267
internal_value=-1.28745e-07 -0.000200618 5.52908e-05 -5.76141e-05 0.000186666 0.000208796 -1.0663e-05 -0.00121768 -0.000259358 0.000205286 -0.000366873 0.000768288 -0.000315028 -9.53159e-05 0.000243144 0.00135607 -0.000266066 5.81347e-05 -0.00039878 -0.000322525 0.000500536 -0.000517898 -0.00143516 -0.000631461 -0.000776726 -0.000700499 -0.000321629 -6.75167e-05 -0.00115296 -0.000323729
internal_weight=144780 31353 113427 61002 52425 51651 21213 1143 29616 5565 24051 3129 23284 13743 7567 1995 1134 20070 12261 11645 1694 2436 954 9541 8223 7932 4318 3739 3614 3348
internal_count=144775 31353 113422 61002 52420 51646 21213 1143 29616 5565 24051 3129 23284 13743 7567 1995 1134 20070 12261 11645 1694 2436 954 9541 8223 7932 4318 3739 3614 3348
is_linear=0
shrinkage=0.03


Tree=52
num_leaves=31
num_cat=0
split_feature=80 0 5 68 67 72 71 2 64 79 76 58 28 18 28 82 0 29 56 32 28 80 5 58 76 58 2 39 22 51
split_gain=1.84872 1.90458 1.94002 1.89633 1.67557 1.51374 1.87431 2.26864 1.98946 2.20673 1.93274 1.92974 1.68859 1.62078 1.85197 1.57629 1.56711 1.55965 1.47768 1.64399 1.76533 1.66655 1.48616 1.45638 1.41605 2.11786 1.79271 1.40807 1.37104 1.30464
threshold=0.8696500062942506 0.055475000292062766 -0.30435000360012049 0.34504999220371252 0.75784999132156383 4.5000000000000009 42.500000000000007 -0.096085000783205018 0.029140000231564048 0.29494999349117285 0.051765000447630889 20.69999980926514 22.595000267028812 0.029614999890327457 17.994999885559086 0.76365000009536754 -0.0075544998981058589 0.82295000553131115 0.15344999730587008 1.0000000180025095e-35 16.865000724792484 0.022845000028610233 -0.36865000426769251 18.82499980926514 0.76265001296997081 25.750000000000004 -0.01816499978303909 0.050505001097917564 -0.35975000262260431 0.29414999485015875
decision_type=10 2 2 8 10 10 8 2 2 2 2 8 10 2 10 2 2 10 8 10 10 10 2 8 2 10 2 2 2 10
left_child=1 4 -3 -4 5 6 12 10 13 -10 -8 -12 -1 14 -9 17 -7 -15 19 28 -21 27 -23 -6 26 -26 -25 -22 -17 -20
right_child=-2 2 3 -5 23 16 7 8 9 -11 11 -13 -14 15 -16 18 -18 -19 29 20 21 22 -24 24 25 -27 -28 -29 -30 -31
leaf_value=5.9822902561128169e-05 0.00027715910377686836 0.0010356837796002623 0.00044940267627294845 -0.0018101653811479755 0.00074692065973819104 0.00091710481585311767 -0.00033205166748090766 -0.0032542254179232137 0.0028006684566356651 6.4698203038756865e-05 0.0030042847638840089 0.00064806303330549697 -0.00070342872995071801 -0.0002198373543567399 -0.00050796221325603809 0.0027352220361116786 4.7615499277006956e-05 0.0010663793262832007 0.0016399918087223323 -0.0018262180414653931 -0.0032433069784718557 0.0016137370750639029 -0.00059178600016364955 -0.00048587927981094822 -0.0025757273891647676 0.0004195487829755344 0.00089731614980247435 -0.00013416439129748561 -0.00054435431930941825 -0.0012401728592131558
leaf_weight=57819.5 19213.5 387 433 1460 4574 2774 1131 355 380 874 430 1144 2731 30230 584 220 5693 872 457 1305 380 286 6588 1585 436 413 1800 200 238 204
leaf_count=57818 19211 387 433 1460 4574 2774 1131 355 380 874 430 1144 2731 30228 584 220 5693 872 457 1305 380 286 6588 1585 436 413 1800 200 238 204
internal_value=3.05246e-06 -3.87529e-05 -0.000897749 -0.00129335 -2.29135e-05 -5.34848e-05 -8.41995e-05 -0.000228831 -0.00028164 0.000895351 0.00061382 0.00129326 2.5387e-05 -0.00031687 -0.00154858 -0.00028861 0.000332557 -0.000183743 -0.000618745 -0.000717017 -0.000808658 -0.000630289 -0.000499802 0.000375834 -2.51329e-05 -0.00111988 0.000249693 -0.00217327 0.00103352 0.000750575
internal_weight=145197 125984 2280 1893 123704 114896 106428 45878 43173 1254 2705 1574 60550.5 41919 939 40980 8467 31102 9878 9217 8759 7454 6874 8808 4234 849 3385 580 458 661
internal_count=145191 125980 2280 1893 123700 114892 106425 45876 43171 1254 2705 1574 60549 41917 939 40978 8467 31100 9878 9217 8759 7454 6874 8808 4234 849 3385 580 458 661
is_linear=0
shrinkage=0.03


Tree=53
num_leaves=31
num_cat=0
split_feature=8 6 72 74 67 11 53 85 3 1 82 77 65 75 58 28 22 43 54 5 5 57 53 67 0 3 87 2 66 12
split_gain=1.98158 2.28468 2.06107 1.87696 2.25565 1.87171 1.84785 1.80636 1.69334 1.53812 1.67185 1.77004 1.44506 1.43974 1.43696 1.49961 2.1221 1.33966 1.33155 1.51461 1.36409 1.32505 1.73643 1.295 1.37301 1.27416 2.11499 1.34573 1.36515 1.24122
threshold=0.040145000442862518 -0.60734999179840077 4.5000000000000009 -0.029110000468790528 0.27545000612735754 0.040605001151561744 0.14314999431371692 0.60040000081062328 0.5160999894142152 -0.092100001871585832 0.93485000729560863 0.1244499981403351 0.0021435000235214834 0.95814999938011181 21.654999732971195 18.994999885559086 -0.34465000033378596 0.034134998917579658 0.27664999663829809 0.97334998846054088 -0.26864999532699579 0.089864999055862441 0.098625000566244139 0.34405000507831579 -0.0023124999133870001 0.023664999753236774 0.64415001869201671 -0.096085000783205018 -0.072130002081394182 0.10545000061392786
decision_type=2 8 10 10 8 2 8 10 2 2 2 2 8 2 10 10 2 2 8 2 2 10 10 10 2 2 2 2 2 2
left_child=2 -2 3 4 9 14 25 13 12 -1 -11 -12 21 18 17 16 -16 -3 19 20 -5 22 -7 -8 -25 26 27 28 -6 -29
right_child=1 5 -4 7 6 8 23 -9 -10 10 11 -13 -14 -15 15 -17 -18 -19 -20 -21 -22 -23 -24 24 -26 -27 -28 29 -30 -31
leaf_value=0.0012327988067970062 0.0022819721812689766 0.00036716754109712918 0.00048229282452975149 0.00084077445110570896 -0.0010271573392908325 -0.00099911201211130775 -0.00027041522503575222 0.00030355530528962231 -0.0026339145492726211 -0.0005960600151337335 -0.0044732608475918081 -0.0013129233190984438 -0.0010635447992816377 -0.0021961464786895142 0.0023850832341899314 -0.0016357798186380319 -0.0013505791271827879 -0.00051838814201038777 -0.0011646787122538847 0.0020008918792531211 -2.3275501930995346e-05 -0.0004038318390575602 0.0025357300369789836 8.7310429275050513e-05 0.00091481281876569336 0.00011520419018281819 -0.0010525477964632723 -0.00088667480601329783 0.00067685285127816995 -0.00017567266595804637
leaf_weight=331 308 5918 9233 1716 506 203 2619 27700.5 360 3656 206 702 3095 268 250 907 300 2076 856 347 38887.5 5398 323 3548 3672 9879 2880 2629 2559 13836
leaf_count=331 308 5918 9233 1716 506 203 2619 27699 360 3656 206 702 3095 268 250 907 300 2076 856 347 38881 5398 323 3548 3672 9879 2880 2629 2559 13836
internal_value=7.63133e-06 -0.000276794 5.08236e-05 1.67117e-05 -0.000129783 -0.000318767 -5.89487e-05 0.000115438 -0.000618988 -0.000739267 -0.000882528 -0.00203405 -0.000538278 -8.41635e-06 -2.07981e-05 -0.000886939 0.000348696 0.000137157 5.66025e-06 3.0152e-05 1.32611e-05 -0.000263718 0.00117222 0.000300964 0.000508236 -0.000168626 -0.000293747 -0.000181801 0.000395295 -0.000289247
internal_weight=145169 19138 126031 116798 47023 18830 42128 69775 9379 4895 4564 908 9019 42074.5 9451 1457 550 7994 41806.5 40950.5 40603.5 5924 526 9839 7220 32289 22410 19530 3065 16465
internal_count=145161 19138 126023 116790 47023 18830 42128 69767 9379 4895 4564 908 9019 42068 9451 1457 550 7994 41800 40944 40597 5924 526 9839 7220 32289 22410 19530 3065 16465
is_linear=0
shrinkage=0.03


Tree=54
num_leaves=31
num_cat=0
split_feature=75 17 51 39 69 78 56 52 16 64 65 65 56 69 61 51 28 63 43 5 71 65 59 48 32 32 16 71 61 12
split_gain=2.08873 1.91745 2.01316 1.79063 2.10658 1.57679 1.65611 1.89653 1.96943 1.76097 1.77144 3.20885 2.40503 2.00297 1.70111 1.67606 1.48769 2.53547 1.92169 1.77926 1.62751 1.62123 1.63422 1.47432 1.45938 1.5088 1.45544 1.43995 1.43629 1.41866
threshold=0.7145499885082246 -0.066725000739097581 1.6125000119209292 0.037835000082850463 1.0354999899864199 0.54035001993179332 0.038949999958276756 1.0264999866485598 0.28634999692440039 -0.018825000151991841 0.0027715000323951249 0.0061580000910907992 0.076934996992349639 1.0625000000000002 -0.0092870001681148989 0.10644999891519548 17.714999198913578 -0.014644999988377093 -0.0085235000587999803 -0.28474999964237208 2.5000000000000004 -0.0070220001507550469 0.34620000422000891 0.631749987602234 0.24004999548196795 0.14074999839067462 -0.063184998929500566 5.5000000000000009 0.016485000029206279 0.62444999814033519
decision_type=2 2 10 2 10 2 8 8 2 2 10 10 8 10 2 8 10 2 2 2 10 10 10 2 10 8 2 10 2 2
left_child=5 -2 3 -3 27 6 16 8 14 -9 15 12 13 -12 -8 -11 17 23 19 21 -21 -18 -23 -1 25 -7 -20 -5 -24 -19
right_child=1 2 -4 4 -6 24 7 9 -10 10 11 -13 -14 -15 -16 -17 18 29 26 20 -22 22 28 -25 -26 -27 -28 -29 -30 -31
leaf_value=0.00025292043352892956 -0.00031798550113518685 0.00024824536713482332 0.003024426123493218 0.0002636195934369344 0.00094116713619885343 0.00018869795584226868 -0.00082357470128624781 0.0011976778470440812 0.001583431562172215 -0.00062841435658257954 0.00086843601371977867 -0.0010189384151385544 0.002210308045561262 -0.0023545223215781872 4.2473748788400674e-05 -0.0017819610982153582 -0.00086725919902342935 -0.00022002899252818709 -0.00051986069272661449 -0.00083145474373585721 0.00040588997571391466 -0.00087437104902346615 0.0020991742737856826 -0.002107015631430004 5.9020875396884647e-05 0.0007224524118659444 0.00018774704881817923 -0.0013428334842409525 -0.00014086374289392693 0.0010944646187077537
leaf_weight=321 27058 11115 209 675 680 11249.5 2333 504 674 4512 525 1469 715 258 16272 1514 305 4107 4080 1040 11825 239 1653 921 22130 8271 7287 1957 305 900
leaf_count=321 27058 11115 209 675 680 11248 2333 504 674 4512 525 1469 715 258 16272 1514 305 4107 4080 1040 11822 239 1653 921 22129 8270 7287 1957 305 900
internal_value=1.08885e-05 -0.000168362 0.000108253 6.58005e-05 -0.000546371 8.31621e-05 -1.30413e-05 -0.000179358 -8.41451e-06 -0.000526338 -0.000623081 -2.30064e-05 0.000953674 -0.000195184 -6.6164e-05 -0.000918484 0.000132063 -0.000284639 0.000229473 0.000448218 0.000305807 0.00118006 0.00146455 -0.00149737 0.000225809 0.00041488 -6.62606e-05 -0.000930901 0.00175035 1.64204e-05
internal_weight=145104 41694 14636 14427 3312 103410 61759 28776 19279 9497 8993 2967 1498 783 18605 6026 32983 6249 26734 15367 12865 2502 2197 1242 41650.5 19520.5 11367 2632 1958 5007
internal_count=145097 41694 14636 14427 3312 103403 61756 28776 19279 9497 8993 2967 1498 783 18605 6026 32980 6249 26731 15364 12862 2502 2197 1242 41647 19518 11367 2632 1958 5007
is_linear=0
shrinkage=0.03


Tree=55
num_leaves=31
num_cat=0
split_feature=67 45 85 71 31 88 58 17 71 11 81 57 66 59 58 63 17 6 47 69 1 65 58 59 50 9 62 28 60 66
split_gain=1.94285 2.4276 2.38751 2.05438 1.97435 1.72141 1.89274 1.46246 1.43185 1.52148 1.30561 2.69195 1.57514 1.32045 1.38326 1.44775 2.09268 1.57268 1.52355 1.66461 1.42574 1.23776 1.20272 1.1793 1.27475 1.25973 1.54172 1.65608 1.61429 1.58094
threshold=0.34405000507831579 0.93125000596046459 0.84894999861717235 536.50000000000011 0.28994999825954443 0.4236499965190888 11.704999923706056 -0.042054999619722359 11.500000000000002 0.060364998877048499 0.15734999626874926 0.22455000132322314 -0.0084414999000728113 0.040674999356269843 23.85999965667725 0.013619999866932632 -0.39075000584125513 0.79124999046325695 6.5000000000000009 0.86544999480247509 -0.0091834999620914442 -0.0010344999609515069 14.089999675750734 0.86210000514984142 -0.087060000747442232 -0.072575002908706651 -0.061874998733401292 18.07499980926514 -0.0088760000653564913 0.0082944999448955076
decision_type=10 2 8 8 10 2 10 2 10 2 2 8 2 8 10 2 2 10 2 10 2 10 10 10 10 2 2 10 2 2
left_child=3 2 23 10 7 -6 -7 -5 -3 -10 11 13 -13 -1 15 17 -17 18 19 -15 -16 -14 -21 25 -25 26 -2 28 -28 -29
right_child=1 8 -4 4 5 6 -8 -9 9 -11 -12 12 21 14 20 16 -18 -19 -20 22 -22 -23 -24 24 -26 -27 27 29 -30 -31
leaf_value=-0.0018156020962386929 -0.0008791711426185514 0.00034977394528565997 0.00050302186532090378 -0.00032709966691393106 -0.0004358639286068045 0.00096380783545253713 -0.002025982058480509 0.0015913536441969226 -0.00049708308945145443 -0.0027803775970272368 2.3259336850044801e-05 -0.00041774277659945735 0.00034508887832248388 -9.3546177006524809e-05 -0.00067180626521920939 0.0030199247902997261 -0.00072380282296952635 0.0019753679422602646 0.0015991103391083071 -0.0025286226560064062 -0.0039435347354455962 0.002947412817604625 -0.00093129903779039789 0.0012581947214029936 -0.00027716518594972438 8.1639814448094302e-05 -0.0022209416051583294 0.00069131125411757183 0.00083968476812436201 0.0025505095189363846
leaf_weight=779 448 1860 12678 3779 1877 213 1767 394 6976 272 29046 466 285 1777 294 264 272 215 255 556 202 389 1791 507 11608 63818.5 233 888 459 768
leaf_count=779 448 1860 12678 3779 1877 213 1767 394 6976 272 29046 466 285 1777 294 264 272 215 255 556 202 389 1791 507 11608 63812 233 888 459 768
internal_value=1.29434e-06 7.4426e-05 0.000120966 -0.000163444 -0.000597944 -0.00108715 -0.00170403 -0.000145628 -0.000392608 -0.000583141 -6.80777e-05 -0.000419654 0.000922963 -0.000658728 -0.000498248 -0.000351768 0.00112231 -0.000523962 -0.000647097 -0.000786341 -0.0020095 0.00184917 -0.00131062 5.94368e-05 -0.000212813 0.000108953 0.000732115 0.00103979 -0.000192562 0.00155457
internal_weight=145136 100516 91407.5 44621 8030 3857 1980 4173 9108 7248 36591 7545 1140 6405 5626 5130 536 4594 4379 4124 496 674 2347 78729.5 12115 66614.5 2796 2348 692 1656
internal_count=145130 100509 91401 44621 8030 3857 1980 4173 9108 7248 36591 7545 1140 6405 5626 5130 536 4594 4379 4124 496 674 2347 78723 12115 66608 2796 2348 692 1656
is_linear=0
shrinkage=0.03


Tree=56
num_leaves=31
num_cat=0
split_feature=89 68 53 1 28 58 81 56 62 75 57 57 62 7 22 66 58 66 60 61 65 60 86 74 5 65 57 17 21 11
split_gain=1.64194 1.62888 2.38387 1.65953 1.59327 1.57727 1.56728 1.48628 1.45879 1.5509 1.405 1.53751 1.38595 1.34326 1.29639 1.42903 1.94611 1.70033 1.67298 2.09602 1.93214 1.53559 1.50333 1.42636 1.31487 1.46947 1.81232 1.29857 1.26053 1.22925
threshold=0.97904998064041149 0.68145000934600841 0.079934999346733107 -0.10235000029206275 16.865000724792484 15.864999771118166 0.019020000472664837 -0.041864998638629906 -0.054305000230669968 0.015519999898970129 0.25734999775886541 0.12934999912977221 0.022959999740123752 1.1215000152587893 -0.55990001559257496 0.026364999823272232 29.479999542236332 0.077169999480247511 0.014639999717473985 0.014665000140666963 -0.0072314999997615806 0.00032599999394733464 0.44715000689029699 -0.029110000468790528 -0.28474999964237208 -0.00055905000772327174 0.17610000073909762 -0.48084999620914454 0.60065001249313366 0.043475000187754638
decision_type=2 10 10 2 10 8 2 8 2 2 8 10 2 10 2 2 10 2 2 2 10 2 2 10 2 8 10 2 2 2
left_child=1 3 -3 4 -1 13 7 -5 -6 -10 11 -4 -9 -2 15 18 -17 27 19 20 -8 28 -20 29 25 -25 -27 -18 -22 -16
right_child=5 2 10 6 8 -7 14 12 9 -11 -12 -13 -14 -15 23 16 17 -19 22 -21 21 -23 -24 24 -26 26 -28 -29 -30 -31
leaf_value=-0.0013726702499955604 -0.0019323945842108349 2.7029424032287108e-05 0.00044074485599927322 0.0010154828207041445 -0.00032475293933685671 -0.00010612258391252631 -0.0018247691017469745 -0.0006471051147781537 1.6021974322990782e-05 0.0017819703266484786 -0.00035315977849019237 0.001622792577393188 -0.0025168384838005686 0.00053324761836580478 -8.9169548916268247e-05 -0.00068878946797761671 0.0046462235229931337 0.00071115238050517776 0.0033257387244666459 -0.002748846878581073 0.0013822147729123089 0.0019256019864379512 0.00023136419682566115 -0.00023005701017640511 2.2854655039409414e-05 0.0028493936585058085 0.00041658898260607573 0.0016964432572913837 -0.001004485935631834 -0.00047092834717456082
leaf_weight=311 1065 8149 1797 316 681 1811 380 1155 632 1533 712 2208 516 244 35529 347 253 550 239 275 306 494 344 707 73063.5 503 609 289 566 9653
leaf_count=311 1065 8149 1797 316 681 1811 380 1155 632 1533 712 2208 516 244 35529 347 253 550 239 275 306 494 344 707 73060 503 609 289 566 9653
internal_value=8.92723e-07 1.58406e-05 0.00033774 -1.62044e-05 0.000663056 -0.000679776 -3.3216e-05 -0.000868889 0.000885916 0.00126671 0.000874397 0.00109266 -0.00122563 -0.00147274 -1.98297e-05 0.000508483 0.00126684 0.00188834 8.90781e-05 -0.000319461 6.45291e-05 0.000591053 0.00150342 -3.7624e-05 4.26956e-05 0.000839194 0.00151861 0.00307939 -0.000166327 -0.00017074
internal_weight=145238 142118 12866 129252 3157 3120 126094 1987 2846 2165 4717 4005 1671 1309 124108 4043 1439 1092 2604 2021 1746 1366 583 120064 74882.5 1819 1112 542 872 45182
internal_count=145234 142114 12866 129248 3157 3120 126091 1987 2846 2165 4717 4005 1671 1309 124104 4043 1439 1092 2604 2021 1746 1366 583 120061 74879 1819 1112 542 872 45182
is_linear=0
shrinkage=0.03


Tree=57
num_leaves=31
num_cat=0
split_feature=67 53 1 32 16 48 80 8 4 71 68 15 30 52 66 87 49 57 71 6 57 60 60 64 88 77 61 27 62 41
split_gain=1.75114 2.02814 1.91738 1.36062 1.47836 1.30175 1.26787 1.53379 1.84246 1.77729 2.30384 1.62868 1.61269 1.57997 1.79534 1.65191 1.55681 1.47614 1.80111 1.57155 1.91367 2.22835 1.46371 1.45077 1.44045 1.33202 1.52162 1.46781 1.50352 1.31059
threshold=0.75784999132156383 -0.016165000386536118 -0.10235000029206275 0.54164999723434459 0.18415000289678576 1.719500005245209 0.19025000184774402 0.043664999306201942 0.014305000193417074 6.5000000000000009 0.41054999828338629 -0.10634999722242354 0.62505000829696666 1.8525000214576723 0.022664999589324001 0.52954998612403881 -0.16974999755620954 0.16565000265836718 107.50000000000001 -0.18155000358819959 0.17195000499486926 -0.00036820000968873495 -0.0027479999698698516 0.0014054999919608238 0.97745001316070568 0.17764999717473987 0.0021379999816417698 1.2814999818801882 -0.039699999615550034 -0.037395000457763665
decision_type=10 8 2 8 2 2 10 2 2 8 8 2 10 10 2 2 8 8 8 8 8 2 2 2 2 2 2 10 2 2
left_child=2 -2 3 4 -1 -3 17 11 16 -10 12 25 -11 29 15 -15 -9 18 -4 20 21 -19 -20 24 -12 -8 27 28 -27 -13
right_child=1 5 6 -5 -6 -7 7 8 9 10 23 13 -14 14 -16 -17 -18 19 22 -21 -22 -23 -24 -25 -26 26 -28 -29 -30 -31
leaf_value=0.00050476131644561358 -0.00022496472843732806 0.00075624608826334024 -0.00026959259167292786 -0.0016736470044237158 0.0021763390843754144 -0.0011904881624648204 0.00082696277879044152 0.00072384962218063995 0.00091182697141018376 -0.00027845813900349842 -0.0013971952727454006 -0.00017597934894324839 0.0011201484004893494 -0.0013639204721568503 -0.0027584352556820676 0.0014239623615324686 -0.0012699079742385442 0.00044979321164424069 -0.0020789701265877228 -0.00046276343488821489 0.000204791790703161 0.0046010629624760801 -0.0006576026593618922 -0.000167082743383471 0.00064995944686807876 -0.0028743854278330634 0.00061856125478895285 0.0010125641254399545 -0.0004013393312601575 7.690044432016085e-05
leaf_weight=2406 3546 6383 13966 207 593 324 3759 409 1270 1568 2423 27886.5 1407 496 395 310 2524 277 904 3132 4746 200 2339 2785 354 242 2856 603 2479 54476
leaf_count=2406 3546 6383 13966 207 593 324 3759 409 1270 1568 2423 27882 1407 495 395 310 2524 277 904 3132 4746 200 2339 2785 354 242 2856 603 2479 54475
internal_value=-2.26774e-05 0.000355278 -5.13821e-05 0.000673398 0.000835902 0.00066204 -6.90163e-05 -2.33743e-05 -0.000332164 -0.000134824 -0.000290617 1.87023e-05 0.000383155 -2.44802e-05 -0.00110429 -0.000291222 -0.000991731 -0.000258693 -0.000417528 6.84735e-05 0.00038706 0.00219635 -0.00105433 -0.000651008 -0.00113609 0.00038173 0.000110827 -0.000325476 -0.000622262 -8.72132e-06
internal_weight=145266 10253 135012 3206 2999 6707 131806 106242 12740 9807 8537 93502.5 2975 83563.5 1201 806 2933 25564 17209 8355 5223 477 3243 5562 2777 9939 6180 3324 2721 82362.5
internal_count=145259 10253 135006 3206 2999 6707 131800 106236 12740 9807 8537 93496 2975 83557 1200 805 2933 25564 17209 8355 5223 477 3243 5562 2777 9939 6180 3324 2721 82357
is_linear=0
shrinkage=0.03


Tree=58
num_leaves=31
num_cat=0
split_feature=80 53 64 66 64 0 25 47 20 68 66 82 30 66 54 58 58 57 17 57 62 61 58 63 16 65 72 21 63 59
split_gain=1.7033 2.19201 1.68474 1.62999 2.64522 1.55791 1.62681 2.04909 1.53206 1.50288 2.09017 1.85847 1.615 1.56255 2.35992 1.81192 2.58474 1.8131 2.96615 1.72652 1.85534 1.69031 1.59579 1.36889 1.98331 1.36555 1.34564 1.91946 1.33747 1.86965
threshold=0.2144500017166138 0.2864499986171723 -0.03946500085294246 0.055309999734163291 0.02464499976485968 0.0084055000916123408 23.355000495910648 1.0000000180025095e-35 0.77034997940063488 0.64445000886917125 0.02387499995529652 0.3793999999761582 1.0000000180025095e-35 -0.0020784999942407008 -0.1109500005841255 19.244999885559086 19.765000343322757 0.14169999957084659 -0.54045000672340382 0.14135000109672549 0.028549999929964546 -0.025870000012218949 12.440000057220461 -0.00044629999320022756 -0.10565000027418135 0.0055440000724047431 4.5000000000000009 0.35254999995231634 0.0060495000798255214 0.66369998455047619
decision_type=10 8 2 2 2 2 2 2 2 10 2 2 10 2 10 10 10 10 2 10 2 2 10 2 2 10 8 2 2 8
left_child=1 2 -1 9 -5 6 -2 -8 -7 10 13 -12 -11 15 28 17 -17 22 -19 20 -18 -21 25 24 -20 -4 27 -9 29 -15
right_child=5 -3 3 4 -6 8 7 26 -10 12 11 -13 -14 14 -16 16 19 18 23 21 -22 -23 -24 -25 -26 -27 -28 -29 -30 -31
leaf_value=-0.0025930048996458226 -1.5419118126726726e-05 0.00083099707830510154 -0.0015888508770354032 0.00014914224046221443 0.0036456505732878688 -9.6018849402342246e-05 0.00043902980836955875 -0.00016651280761421233 -0.0016549433881034429 -0.00032749986237988341 -0.00010361928699591416 -0.0014401991408874429 0.0011552025419172926 0.0008583059649124754 -0.00027603746425874855 0.0028677297044686118 -0.0037908715076138784 -0.0048201833583060389 -0.0035246691667331861 -0.0017493925355519203 0.0001348784830617277 0.00036655078191770809 -0.00017109241612551731 -0.00030848751658310841 -0.00071343647035383533 0.00060863094144964934 6.0137258677512018e-05 -0.0033087599130688619 -0.000235056661786495 0.0034238240781818158
leaf_weight=276 39910.5 1740 1498 3562 205 34030 22954.5 527 576 1454 1388 2877 1211 1017 4154 277 225 212 394 386 208 2784 4852 986 529 306 15388 261 562 341
leaf_count=276 39909 1740 1498 3562 205 34030 22950 527 576 1454 1388 2877 1211 1017 4154 277 225 212 394 386 208 2784 4852 986 529 306 15388 261 562 341
internal_value=-8.21691e-06 -0.000203628 -0.00026426 -0.000242332 0.000340339 4.58509e-05 0.000119347 0.000256795 -0.000122013 -0.000327877 -0.000406034 -0.00100535 0.000346434 -0.000269525 0.000125997 -0.000459329 8.05232e-05 -0.00069796 -0.00146161 -0.000134495 -0.0019091 0.000108429 -0.000454431 -0.00108631 -0.00191598 -0.00121598 -1.81502e-06 -0.00121016 0.000995506 0.00150456
internal_weight=145091 31444 29704 29428 3767 113647 79041 39130.5 34606 25661 22996 4265 2665 18731 6074 12657 3880 8777 2121 3603 433 3170 6656 1909 923 1804 16176 788 1920 1358
internal_count=145085 31444 29704 29428 3767 113641 79035 39126 34606 25661 22996 4265 2665 18731 6074 12657 3880 8777 2121 3603 433 3170 6656 1909 923 1804 16176 788 1920 1358
is_linear=0
shrinkage=0.03


Tree=59
num_leaves=31
num_cat=0
split_feature=85 47 74 80 5 82 45 12 13 45 69 14 77 43 71 75 28 18 19 84 10 70 18 68 45 56 42 68 71 67
split_gain=1.69779 2.13811 2.30556 1.89573 2.46055 1.89358 1.69048 1.84071 1.65641 1.48042 1.40197 1.36099 1.35416 1.47684 1.86618 1.9779 1.85978 1.67541 2.18745 1.51025 1.38881 1.29448 1.25917 1.53886 1.2574 1.55549 1.24373 1.22348 1.21751 1.19737
threshold=0.51695001125335704 -2.4999999999999996 0.030079999938607219 0.48315000534057623 -0.36865000426769251 0.93485000729560863 1.3655000329017641 0.97654998302459728 0.45000000298023229 0.92614999413490307 1.0335000157356264 0.015294999815523626 0.92875000834465038 0.0016484999796375634 18.500000000000004 0.8038499951362611 20.384999275207523 0.72745001316070568 0.19735000282526019 0.43264999985694891 0.45295000076293951 0.73395001888275158 1.5374999642372134 0.32954999804496771 0.44814999401569372 0.037299999967217452 -0.22455000132322309 0.46545000374317175 239.50000000000003 0.44564999639987951
decision_type=10 2 10 10 2 2 2 2 2 2 10 2 2 2 8 2 10 2 2 10 2 10 2 10 2 10 2 10 10 8
left_child=6 3 5 4 27 -3 7 12 24 -4 11 26 13 14 -1 28 17 18 -15 -20 -14 -22 -10 -24 25 -7 -5 -2 -16 -30
right_child=1 2 9 10 -6 8 -8 -9 22 -11 -12 -13 20 16 15 -17 -18 -19 19 -21 21 -23 23 -25 -26 -27 -28 -29 29 -31
leaf_value=-0.00061582881073473186 0.0023615547931779921 -1.1383060422365303e-05 0.00068504086624254388 0.0026790179313091493 -6.8658890737723779e-05 0.00068894371252216488 -0.0028236465313581424 0.0024655866907015 -0.00076032835037762459 -0.00034381317559539803 0.00014511132212678059 0.0015292464410771197 -0.00035894501148045043 0.00086089003557121395 5.7787030688383808e-05 -0.00073224932371800729 -0.00018920999049884042 0.00073919682163616439 0.00031159615272612708 -0.00041419874221039797 -0.0035137054585667373 -0.00066086733674115318 -0.00043965209681518012 0.0021630526453256609 -0.002718930010568906 -0.0026678185294503748 0.00045822569876949928 -0.00018034098887130244 -0.0014991808055227708 -0.00018253989367123194
leaf_weight=7762 598 41401 6419 242 8237 310 203 252 1822 1565 2746 2338 1364 2680 25144 3877 13649 5038 4558 5944 292 281 491 349 547 206 3455 238 900 2006
leaf_count=7762 598 41399 6419 242 8237 310 203 252 1822 1565 2745 2338 1364 2680 25140 3877 13649 5038 4558 5944 292 281 491 349 547 206 3455 238 900 2006
internal_value=4.11853e-06 0.000108941 1.34624e-05 0.000392944 8.88096e-05 -6.96823e-05 -9.64717e-05 -8.89266e-05 -0.000717464 0.00048335 0.000707146 0.000962813 -9.77189e-05 -7.65258e-05 -0.00019865 -9.72102e-05 7.55663e-05 0.000273915 9.60481e-05 -9.9195e-05 -0.000880207 -0.00211826 -0.000317431 0.000642996 -0.001718 -0.000653727 0.000604281 0.00163855 -9.41373e-06 -0.000590684
internal_weight=144914 70964 53110 17854 9073 45126 73950 73747 3725 7984 8781 6035 73495 71558 39689 31927 31869 18220 13182 10502 1937 573 2662 840 1063 516 3697 836 28050 2906
internal_count=144907 70961 53108 17853 9073 45124 73946 73743 3725 7984 8780 6035 73491 71554 39685 31923 31869 18220 13182 10502 1937 573 2662 840 1063 516 3697 836 28046 2906
is_linear=0
shrinkage=0.03


Tree=60
num_leaves=31
num_cat=0
split_feature=68 53 49 58 71 17 87 85 41 62 71 38 74 28 65 87 53 1 18 14 53 64 75 82 71 2 24 52 22 68
split_gain=1.78019 2.44467 1.48668 1.46428 1.45511 1.67623 2.26221 1.47201 1.96759 1.33345 1.4431 1.53826 1.31613 1.26009 1.5815 1.24613 1.35286 1.30958 1.22375 1.77895 1.27081 1.58678 1.21016 1.20794 1.22176 1.20497 1.19356 1.39856 1.32022 1.18501
threshold=0.69394999742507946 0.061695000156760223 0.1397499963641167 17.635000228881839 616.50000000000011 -0.067824997007846818 0.97734999656677257 0.77335000038146984 0.097565002739429488 -0.044049998745322221 10.500000000000002 3.5000000000000004 0.04194499924778939 20.125000000000004 0.0079894997179508227 0.80654999613761913 -0.059735000133514397 -0.0048704999499022952 0.65025001764297496 0.10624999925494195 -0.0050884999800473443 0.0036844999995082621 0.34280000627040869 0.78654998540878307 1103.5000000000002 0.13434999436140063 0.012215000111609699 0.82835000753402721 -0.34465000033378596 0.5221499800682069
decision_type=10 10 8 10 8 2 2 10 2 2 10 2 10 10 10 2 10 2 2 2 10 2 2 2 10 2 2 10 2 10
left_child=4 15 -3 -4 7 6 23 18 12 29 -11 -12 13 14 -9 17 -17 22 19 -1 21 -21 -2 24 25 -6 -20 -28 -29 -10
right_child=1 2 3 -5 5 -7 -8 8 9 10 11 -13 -14 -15 -16 16 -18 -19 26 20 -22 -23 -24 -25 -26 -27 27 28 -30 -31
leaf_value=-9.347416044646382e-05 0.00021639473842322162 0.0012327996856912285 -0.00090827689517256126 0.0010328583665643798 -0.0003255512620648956 0.00046409894583654892 -0.0026804678313012754 0.0003884896974815905 0.0009027553839311257 0.00051630084916106658 -0.0004975755045001464 -0.0021657135107746306 0.001055971286489391 8.2194095525048178e-05 0.0016797161989321136 -0.0021331718515789698 3.4181183500663995e-05 0.00062984019594043174 0.00016102130040310532 -0.0031858996425201246 -0.00052055965354806872 -9.2630823194996082e-05 -0.0010546111337749119 -0.0006965732815195823 0.00090616049276111971 0.0019140405862930446 -0.0023857152806837502 0.0013371472822221553 -0.0012516968407946863 -0.0010854842907757358
leaf_weight=63345.5 1673 3233 699 698 7116 2207 388 4498 1322 1044 3544 578 2121 11355.5 1053 483 558 2703 24010 394 2618 240 1128 5704 912 222 359 320 395 338
leaf_count=63339 1673 3233 699 698 7116 2207 388 4498 1322 1044 3544 578 2121 11355 1053 483 558 2703 24010 394 2618 240 1128 5704 912 222 359 320 395 338
internal_value=-1.17323e-05 0.000352038 0.000879518 6.1641e-05 -4.20525e-05 -0.000305421 -0.000423861 -4.96777e-06 0.000194956 -0.000241973 -0.000479644 -0.000731956 0.000351706 0.000263296 0.000633688 -2.11841e-05 -0.000972503 0.000158888 -6.13463e-05 -0.000128612 -0.000812819 -0.00201694 -0.00029565 -0.000360928 -0.000128808 -0.000257544 0.00011724 -0.000860749 -9.2804e-05 0.000497511
internal_weight=145259 11175 4630 1397 134084 16549 14342 117535 25853.5 6826 5166 4122 19027.5 16906.5 5551 6545 1041 5504 91681.5 66597.5 3252 634 2801 13954 8250 7338 25084 1074 715 1660
internal_count=145252 11175 4630 1397 134077 16549 14342 117528 25853 6826 5166 4122 19027 16906 5551 6545 1041 5504 91675 66591 3252 634 2801 13954 8250 7338 25084 1074 715 1660
is_linear=0
shrinkage=0.03


Tree=61
num_leaves=31
num_cat=0
split_feature=80 53 59 43 82 63 56 20 56 59 62 8 85 58 31 25 10 74 8 49 28 0 58 59 68 25 53 29 58 63
split_gain=1.91759 1.89428 1.44093 1.86058 1.38348 1.69153 1.5047 1.89105 2.16716 1.62714 1.40991 1.34291 1.89618 1.75692 1.56718 1.55757 1.48279 1.3704 1.32451 1.30118 1.21805 1.59491 1.24073 1.19212 1.50308 1.17958 1.26691 1.28332 1.49462 1.23021
threshold=0.19025000184774402 0.2864499986171723 0.70730000734329235 0.059064999222755439 0.8980500102043153 0.013745000120252373 0.11345000192523004 0.35025000572204595 0.079985000193119063 0.12400000169873239 -0.01416000025346875 0.031434999778866775 0.7771500051021577 11.864999771118166 0.045454999431967742 31.814999580383304 0.27404999732971197 -0.045104999095201485 0.057384999468922622 -0.17705000191926953 20.964999198913578 0.017235000617802147 24.235000610351566 0.01289500016719103 0.41994999349117285 18.345000267028812 -0.0013104999670758841 0.6910499930381776 25.750000000000004 -0.0025454999413341279
decision_type=10 10 8 2 2 2 8 2 10 8 2 2 10 8 10 2 2 10 2 10 10 2 8 10 10 2 10 10 8 2
left_child=1 4 3 -3 6 20 7 8 -1 -8 -7 12 15 16 18 -2 -13 -14 -15 -16 22 -22 -6 -10 -25 -21 29 -28 -29 -27
right_child=11 2 -4 -5 5 10 9 -9 23 -11 -12 13 17 14 19 -17 -18 -19 -20 25 21 -23 -24 24 -26 26 27 28 -30 -31
leaf_value=-0.00047195484695302043 -2.5741356632563497e-05 0.00097682987553362999 0.0024636310401062169 -0.0017654732877653678 -0.0018083235899786351 0.0023167480912790949 0.00094187170061952436 0.00030601534132220491 -0.0011912249461199058 -0.0013013186375436967 -0.00077569961499308567 -0.00037109964610917002 2.4856440836345398e-05 -0.00010770555904106154 0.00077848995531737614 0.00032081061014898156 0.0015084909545050804 0.00055572398779528203 0.0019962992419546243 0.00016143425732130149 0.00048635065749001044 -0.0022000220965259195 -0.00014589867028816207 -0.00046278766558252533 0.0014255882205431057 -0.0001371253619649501 -0.00061751422414232416 0.00025421318709370689 -0.0012893465937375847 -0.0013198231317203672
leaf_weight=11525 62238.5 898 359 295 1790 265 346 6675 295 1810 264 608 6697 578 949 14365.5 995 12629.5 503 3171 779 266 522 540 1271 1145 5651 4210 651 2565
leaf_count=11525 62235 898 359 295 1790 265 346 6675 295 1810 264 608 6697 578 949 14364 995 12629 503 3171 779 266 522 540 1271 1145 5651 4210 651 2565
internal_value=5.34256e-06 -0.000218134 0.000800063 0.000297814 -0.000278137 -0.000800713 -0.000187699 -0.000107668 -0.000310253 -0.000941056 0.000774895 5.86543e-05 0.000106246 -0.000158477 -0.000237271 3.92507e-05 0.000795796 0.000371779 0.000872249 -0.000302706 -0.00104916 -0.000198903 -0.00143321 0.000574455 0.000862572 -0.000361739 -0.000478392 -0.000310126 4.72723e-05 -0.000954948
internal_weight=144856 27900 1552 1193 26348 3886 22462 20306 13631 2156 529 116956 95930.5 21026 19423 76604 1603 19326.5 1081 18342 3357 1045 2312 2106 1811 17393 14222 10512 4861 3710
internal_count=144851 27900 1552 1193 26348 3886 22462 20306 13631 2156 529 116951 95925 21026 19423 76599 1603 19326 1081 18342 3357 1045 2312 2106 1811 17393 14222 10512 4861 3710
is_linear=0
shrinkage=0.03


Tree=62
num_leaves=31
num_cat=0
split_feature=80 75 8 5 64 54 62 66 64 56 49 65 65 52 52 22 52 63 48 71 0 58 24 26 56 61 6 52 61 58
split_gain=1.91712 1.99337 1.63959 1.77578 1.58672 1.55997 1.63902 1.63891 2.01882 1.99641 1.79708 2.6891 1.96057 1.71294 1.60122 1.52758 1.83268 1.48107 1.46973 1.39424 1.36303 1.63466 1.4588 1.39626 1.52374 1.54002 1.76819 1.38385 1.33956 1.32564
threshold=0.52535000443458568 0.96885001659393322 -0.084454998373985277 0.26424999535083776 -0.049975000321865075 -0.06655500084161757 0.037104999646544463 -0.015139999799430369 -0.025809999555349347 -0.028039999306201931 -0.13004999607801435 -0.0043099999893456689 0.0031794999958947305 0.89994999766349804 0.69034999608993541 -0.63100001215934742 1.4875000119209292 -0.010974999982863663 1.5485000014305117 465.50000000000006 0.0073905000463128099 49.149999618530281 -0.01328499987721443 0.1155500002205372 0.11345000192523004 -0.0013545000110752878 -0.14314999431371686 0.11704999953508378 0.0090435002930462378 19.365000724792484
decision_type=10 2 2 2 2 10 2 2 2 8 10 10 10 8 10 2 10 2 2 8 2 10 2 2 8 2 8 10 2 8
left_child=1 4 3 28 -1 6 7 8 -6 10 11 -9 13 -13 17 -10 -17 -8 19 -3 23 22 -22 -7 27 26 -26 -25 -2 -4
right_child=2 18 29 -5 5 20 14 9 15 -11 -12 12 -14 -15 -16 16 -18 -19 -20 -21 21 -23 -24 24 25 -27 -28 -29 -30 -31
leaf_value=-0.0020804721037678644 0.0011891218229486125 -0.00098167152916639553 0.00019476904835070527 0.0033614741019288396 -0.0023218411845308574 -0.00060346695873743285 -0.0010166282706359892 -0.0014034615335212811 0.0016913950973639971 0.00022551196544252992 0.00040491049571524958 0.0014881035889608458 0.0013146604700997829 0.0049673852333174994 -0.00059310171579228792 1.6997554812529604e-05 -0.0016625144222431206 0.00080938563731608524 0.00027710502366402949 -0.0031078401635791894 -0.0024355778117314915 0.002147654624821695 -0.00041617538236229148 0.0023035540168502315 0.002429783970855668 -0.0011037517270140488 -0.00039462075691715692 8.0592554286613221e-05 -0.0014025867792517672 -8.6330774421951176e-05
leaf_weight=351 805 1366 44645 265 363 3722 523 200 434 12886 1736 203 735 346 4993 6166 645 1686 632 348 329 218 13293 254 265 1981 797 21716 230 22814
leaf_count=351 805 1366 44639 265 363 3722 523 200 434 12886 1736 203 735 346 4993 6166 645 1686 632 348 329 218 13293 254 265 1981 797 21716 230 22814
internal_value=5.20356e-06 -9.84442e-05 0.00012005 0.00117493 -7.10858e-05 -6.14606e-05 0.000100736 0.000221113 -0.000141747 0.000392516 0.00106056 0.00182677 0.00233062 0.00368592 -0.000295603 -3.22114e-05 -0.000142273 0.000376797 -0.000959171 -0.00141492 -0.00017924 -0.000423816 -0.000465123 -6.14314e-05 1.92458e-05 -0.000609797 0.000311773 0.000106396 0.000612389 9.97039e-05
internal_weight=144947 76188 68759 1300 73842 73491 30916 23714 7608 16106 3220 1484 1284 549 7202 7245 6811 2209 2346 1714 42575 13840 13622 28735 25013 3043 1062 21970 1035 67459
internal_count=144941 76188 68753 1300 73842 73491 30916 23714 7608 16106 3220 1484 1284 549 7202 7245 6811 2209 2346 1714 42575 13840 13622 28735 25013 3043 1062 21970 1035 67453
is_linear=0
shrinkage=0.03


Tree=63
num_leaves=31
num_cat=0
split_feature=80 63 21 54 28 58 65 49 56 52 57 67 53 19 50 64 63 56 52 84 62 39 81 28 2 56 82 22 74 56
split_gain=1.5703 2.47704 1.89417 1.71927 1.58833 1.5915 1.62672 1.61027 1.58808 1.64189 1.51449 1.50014 1.58792 1.31438 1.35956 1.28963 1.2876 1.75588 1.93699 1.84163 1.62999 1.35893 1.33155 1.24795 1.24449 1.20813 1.18865 1.70236 1.43127 1.40475
threshold=0.67114999890327465 0.013224999886006119 0.71064999699592601 -0.058284999802708619 19.744999885559086 28.330000877380375 -0.0025020000757649537 0.050434999167919166 0.18425000458955768 0.64344999194145214 0.25304999947547918 0.43195000290870672 0.091985002160072341 0.16714999824762347 -0.060754999518394463 0.0038245000177994375 -0.01934499945491552 -0.096554998308420167 0.69034999608993541 0.088775001466274275 0.038394998759031303 0.086345002055168166 0.047724999487400062 17.855000495910648 -0.15924999862909314 0.14149999618530276 0.92054998874664318 -0.54954999685287464 -0.029725000262260434 -0.084385000169277177
decision_type=10 2 2 10 10 10 8 10 10 8 8 8 10 2 10 2 2 8 10 10 2 2 2 10 2 10 2 2 8 10
left_child=3 2 4 16 5 11 -7 -8 10 -10 15 -2 -13 -3 -15 -6 21 19 -19 -18 24 -1 -22 -24 -20 -17 27 -5 -28 -29
right_child=1 13 -4 26 8 6 7 -9 9 -11 -12 12 -14 14 -16 25 17 18 20 -21 22 -23 23 -25 -26 -27 28 29 -30 -31
leaf_value=-0.00031979255484529059 -1.1820857791583426e-05 0.0016096954893796366 -0.0013714355960828771 0.00064899942051512493 -9.7186531828963207e-05 -0.0015120224409571185 -0.0008286497168045686 0.0011095345238966482 -0.0032910866779951508 -0.0003312975641505971 0.0010110273159751816 0.00045420768706886619 0.0011859030678192254 0.00094454128146019437 -0.00061248397788671934 0.00031685950107755739 0.0027288828813349635 0.0003878260794211247 0.0018925357301271071 0.00050185136071332953 -0.0017024626431989649 -0.0025720449933295231 -0.0018560515720734761 -0.00018657820353801485 1.692723467051931e-05 0.002365086196634406 -0.00228007940831389 -0.00070707300325991947 -0.00048362483110531385 -0.00013710045826245218
leaf_weight=3030 2897 281 661 2302 14195 663 686 879 240 563 1657 6490 4536 550 6021.5 7125 431 11746 323 1479 766 261 446 4095.5 18362 268 453 4248 3313 46285
leaf_count=3030 2897 281 661 2302 14195 663 686 879 240 563 1657 6490 4536 550 6016 7125 431 11746 323 1479 766 261 446 4095 18362 268 453 4248 3313 46285
internal_value=-9.28572e-06 0.000131748 0.00022027 -7.82737e-05 0.000246476 0.000476571 -0.000267777 0.000259967 9.19277e-05 -0.00121891 0.000137261 0.000595694 0.000755301 -0.000396047 -0.000482045 7.0151e-05 6.98208e-05 0.000119568 7.21904e-05 0.00100556 -8.2345e-05 -0.000499139 -0.000546249 -0.000350902 4.94497e-05 0.000391419 -0.00018539 -0.000148678 -0.000700262 -0.000185028
internal_weight=145253 47712.5 40860 97540.5 40199 16151 2228 1565 24048 803 23245 13923 11026 6852.5 6571.5 21588 40939.5 37648.5 35738.5 1910 23992.5 3291 5307.5 4541.5 18685 7393 56601 52835 3766 50533
internal_count=145247 47707 40860 97540 40199 16151 2228 1565 24048 803 23245 13923 11026 6847 6566 21588 40939 37648 35738 1910 23992 3291 5307 4541 18685 7393 56601 52835 3766 50533
is_linear=0
shrinkage=0.03


Tree=64
num_leaves=31
num_cat=0
split_feature=75 67 60 85 68 69 56 63 15 81 81 11 68 71 24 31 24 25 65 47 50 7 7 58 28 81 49 60 60 18
split_gain=1.71112 2.31901 2.23872 2.05877 1.9132 1.86243 1.56839 1.57639 1.80142 1.48817 1.45241 1.44504 1.66175 1.35039 2.52856 1.43572 1.32711 1.97948 1.7494 1.32531 1.30646 1.29313 1.28703 1.28586 1.49069 1.42498 1.24281 1.22264 1.1986 1.33242
threshold=0.78554999828338634 0.42984999716281896 0.00084024999523535382 0.68895000219345104 0.41994999349117285 1.1004999876022341 0.14779999852180484 0.016319999471306804 0.073894999921321883 0.85400000214576732 0.044014999642968185 0.035085000097751624 0.37274999916553503 11.500000000000002 0.0011274999706074598 1.0000000180025095e-35 0.0044615000952035197 27.595000267028812 -0.00034260000393260265 -1.4999999999999998 0.10474999994039537 0.40764999389648443 1.4095000028610232 14.789999961853029 20.285000801086429 0.047724999487400062 -0.01454500015825033 -0.013855000026524065 0.005208000075072051 0.39734999835491186
decision_type=2 10 2 8 8 10 10 2 2 2 2 2 8 8 2 10 2 2 8 2 10 10 10 8 10 2 10 2 2 2
left_child=1 16 10 22 6 13 7 8 28 11 -2 -5 -13 14 -6 -15 17 23 -18 21 -17 -19 -3 24 26 -25 -1 -20 -4 -30
right_child=2 3 4 9 5 -7 -8 -9 -10 -11 -12 12 -14 15 -16 20 18 19 27 -21 -22 -23 -24 25 -26 -27 -28 -29 29 -31
leaf_value=-0.00066468134231505605 -0.0020682700889717255 4.3834058396132996e-05 -0.001189595522332548 0.00034433317979423381 -0.0018163037385069978 0.00081484390340436574 -0.0011261546243025945 0.0022586754018469333 0.0010231960351465375 -0.00023277147073238598 -0.00038597691112612372 0.0030300775982332112 0.00081210304212236484 0.0017454721162005538 0.0011767510269478684 -0.00043702495851569211 0.00061521593492655968 0.00014153219416033276 0.0018387832746290169 -0.00017466049691493307 -0.0017636879456439196 0.0010476630198714108 0.00098445103747821314 -0.0012325591001673621 -0.00095741474139493185 -0.00010997384155138352 0.00051406885855994104 -0.000339558554429544 0.0011145316734818753 -0.0013726407040454698
leaf_weight=1786 475 45484.5 705 10663.5 327 1487 461 522 2488 2536 15645 322 5224 247 1126 6338 4888 4526 245 6662 746 2063 1347 1085 5050 16184 1464 4046 707 266
leaf_count=1786 475 45479 705 10663 327 1487 461 522 2488 2536 15645 322 5224 247 1126 6338 4888 4526 245 6662 746 2063 1347 1085 5050 16184 1464 4046 707 266
internal_value=6.99876e-06 6.12854e-05 -0.000188484 0.000177261 6.99382e-05 -0.000166663 0.00054184 0.00070607 0.000511033 0.000442939 -0.000435673 0.000548663 0.000941401 -0.000332891 0.000502373 -0.000498486 -9.71624e-05 -0.000173868 0.000227226 0.000123704 -0.000576962 0.000425355 7.09092e-05 -0.000328082 -0.000634933 -0.000180572 -0.000133705 -0.000214784 -0.000248518 0.000433874
internal_weight=145116 113576 31540 65577 15420 10271 5149 4688 4166 18745.5 16120 16209.5 5546 8784 1453 7331 47999 38820 9179 13251 7084 6589 46831.5 25569 8300 17269 3250 4291 1678 973
internal_count=145110 113570 31540 65571 15420 10271 5149 4688 4166 18745 16120 16209 5546 8784 1453 7331 47999 38820 9179 13251 7084 6589 46826 25569 8300 17269 3250 4291 1678 973
is_linear=0
shrinkage=0.03


Tree=65
num_leaves=31
num_cat=0
split_feature=75 53 19 60 43 83 77 25 52 74 77 41 22 66 80 81 5 77 0 68 20 68 66 80 70 29 67 86 22 18
split_gain=1.76298 1.58757 1.4959 1.47065 1.82411 1.33791 1.48639 1.39308 1.27197 1.21519 1.36171 1.20286 1.18723 2.93066 1.18991 1.61786 1.4711 1.48978 1.41123 1.44596 1.2684 1.2151 1.25945 1.36984 1.18319 1.35057 1.16898 1.28908 1.23228 1.29068
threshold=0.24165000021457675 -0.34890000522136683 0.13104999810457232 0.028925000689923767 -0.033344998955726617 0.99085000157356273 0.49564999341964727 40.405000686645515 1.0000000180025095e-35 0.08456000313162805 0.99805000424385082 -0.15955000370740888 -0.67074999213218678 0.059870000928640373 0.9102500081062318 0.5449500083923341 1.3514999747276308 0.9255499839782716 0.055475000292062766 0.34745000302791601 0.52785000205039989 0.44865000247955328 0.050984999164938934 0.97745001316070568 0.76225000619888317 0.57604998350143444 0.49414999783039099 0.063085000962018981 -0.25614999234676356 0.72745001316070568
decision_type=2 8 2 2 2 10 2 2 10 10 2 2 2 2 10 2 2 2 2 8 2 10 2 10 10 10 8 2 2 2
left_child=3 -2 -3 5 -5 6 7 8 -1 10 12 -8 13 -4 18 21 17 -17 -14 -20 -18 22 23 -16 25 -11 27 -10 29 -29
right_child=1 2 9 4 -6 -7 11 -9 26 24 -12 -13 14 -15 15 16 20 -19 19 -21 -22 -23 -24 -25 -26 -27 -28 28 -30 -31
leaf_value=-0.001478668972319164 -0.0014091145815400708 0.0007706935216964144 2.1731532378545666e-05 0.0004691798146372779 -0.0031150661010579052 -0.0018697124513854619 0.0027691157946599198 0.00094623607418784059 -0.00087702097939420522 0.0009449765985757295 -0.001522685306450571 0.00048897172189320401 -9.9931522129453974e-05 0.0033190552135711183 -0.0012721471376599413 0.00055054451202513261 0.00048435595996624902 -0.00074461999192998885 0.00060313603363943932 -0.0013550023679716912 0.0037288433449963725 0.00042557582565297831 -0.0029851123467285897 0.00088710139583575431 0.0010937772019967689 -0.0018624640876134376 0.00025742499081480907 0.0001214033570998509 -0.00041837026576622169 0.0016032119096178192
leaf_weight=486 781 1950 1003 243 268 276 212 1628 1917 306 586 9400 92662.5 319 830 5442 210 936 437 1511 224 906 234 387 1511 309 12817.5 3358 3468 627
leaf_count=486 781 1950 1003 243 268 276 212 1628 1917 306 586 9400 92660 319 830 5441 210 936 437 1511 224 906 234 387 1511 309 12816 3358 3467 627
internal_value=-3.62905e-06 -6.21883e-05 -5.25917e-05 0.000182918 -0.00141303 0.000206812 0.000223766 9.88486e-05 3.79655e-05 -6.74893e-05 -8.17768e-05 0.000539545 -7.37285e-05 0.000819287 -8.5112e-05 0.000241181 0.000475575 0.000360386 -0.000116736 -0.000915644 0.00216365 -0.000436159 -0.000974146 -0.000585352 0.000642471 -0.000466325 7.12513e-05 -0.000183421 -4.92561e-06 0.000354895
internal_weight=145245 110544 109764 34700.5 511 34189.5 33913.5 24301.5 22673.5 107814 105688 9612 105102 1322 103780 9169 6812 6378 94610.5 1948 434 2357 1451 1217 2126 615 22187.5 9370 7453 3985
internal_count=145239 110541 109760 34698 511 34187 33911 24299 22671 107810 105684 9612 105098 1322 103776 9168 6811 6377 94608 1948 434 2357 1451 1217 2126 615 22185 9369 7452 3985
is_linear=0
shrinkage=0.03


Tree=66
num_leaves=31
num_cat=0
split_feature=75 60 60 2 25 80 56 76 20 56 56 37 27 4 76 53 16 9 58 71 52 22 51 11 71 13 6 6 0 87
split_gain=1.56878 1.86778 1.36057 1.48416 2.23459 1.68774 1.48978 1.4882 1.66701 2.41406 2.29182 1.28874 1.26809 1.20595 1.3197 1.26706 1.25416 1.25036 1.20485 1.87368 1.78238 1.45922 1.19583 1.70177 1.66505 1.67984 1.19128 1.16705 1.14208 1.14702
threshold=0.25425000488758093 0.028925000689923767 0.028925000689923767 -0.027065000496804711 31.98499965667725 0.90345001220703136 0.10770000144839288 0.28655000030994421 0.29584999382495886 -0.084385000169277177 0.18425000458955768 1.0000000180025095e-35 0.37874999642372137 0.11434999853372575 0.52180001139640819 0.069664999842643752 0.085455000400543227 -0.10154999792575835 19.170000076293949 48.500000000000007 1.1424999833106997 -0.4002500027418136 1.0745000243186953 0.037434998899698264 4.5000000000000009 0.45000000298023229 -0.061959998682141297 0.26254999637603765 -0.014865000266581772 0.14564999938011172
decision_type=2 2 2 2 2 8 8 2 2 8 10 2 10 2 2 10 2 2 10 8 8 2 8 2 10 2 10 8 2 2
left_child=1 22 3 4 6 7 12 -5 9 -9 -11 -10 27 14 17 -16 -15 -14 19 26 21 -20 23 -1 -25 -26 -13 -2 29 -24
right_child=2 -3 -4 5 -6 -7 -8 8 11 10 -12 18 13 16 15 -17 -18 -19 20 -21 -22 -23 28 24 25 -27 -28 -29 -30 -31
leaf_value=9.8481745455795367e-05 -0.00071254229690431259 -0.0015720435506688059 0.00084432728244297262 0.00041161412901247045 0.00032062813944152538 0.00040250216178896894 -0.0013201907351250654 -0.0014918227422685479 -0.00031329889311621271 0.00015577843744351625 -0.0020148187752528357 0.0012472815109158765 0.0015182738409020582 0.0015970354900474674 -0.0013725676019053969 0.00098526024875574317 -6.2935812546057829e-05 -0.00032439118372077014 0.0010118253309101511 -0.00081408322921556185 0.0016829650777325719 -0.00029697847747699516 -0.0013445580048885729 -7.5468013474030204e-05 0.0010585828113192038 0.00021162874878512283 -5.0191923277282509e-05 -0.0035170289409590903 -0.0016275585446745343 0.0015977142828152229
leaf_weight=22723.5 375 530 1565 6149 4482 8792 1549 852 28222 31307.5 443 829 342 556 1786 231 1548 9837.5 1171 2542 862 2216 209 2973 5659 3359 2737 207 604 275
leaf_count=22721 375 530 1565 6149 4482 8792 1549 852 28222 31307 443 829 342 556 1786 231 1547 9835 1171 2542 862 2216 209 2973 5659 3359 2737 207 604 275
internal_value=2.35433e-05 0.000194183 -3.35455e-05 -4.63889e-05 -0.000273077 8.66128e-06 -0.000435031 -3.61206e-05 -7.48033e-05 8.31225e-05 0.000125431 -0.000208263 -0.000342819 -0.000286885 -0.000401308 -0.00110218 0.000376276 -0.00026234 7.79553e-05 -0.000191913 0.000465849 0.000155684 0.000220372 0.000251074 0.000540211 0.00074317 0.000251701 -0.00171434 -0.00075855 0.000327035
internal_weight=144934 36332.5 108601 107036 20913.5 86122.5 16431.5 77330.5 71181.5 32602.5 31750.5 38579 14882.5 14300.5 12196.5 2017 2104 10179.5 10357 6108 4249 3387 35802.5 34714.5 11991 9018 3566 582 1088 484
internal_count=144927 36330 108597 107032 20910 86122 16428 77330 71181 32602 31750 38579 14879 14297 12194 2017 2103 10177 10357 6108 4249 3387 35800 34712 11991 9018 3566 582 1088 484
is_linear=0
shrinkage=0.03


Tree=67
num_leaves=31
num_cat=0
split_feature=67 53 0 79 15 66 87 53 66 10 80 45 62 69 9 39 83 57 88 71 59 58 57 57 78 42 64 31 78 0
split_gain=1.36345 1.47589 1.42024 2.87174 1.6702 2.91625 3.02729 1.83288 1.6025 1.63733 1.38531 1.51288 1.47361 1.4402 1.43041 1.34283 1.32583 1.31947 1.52774 1.4046 1.29795 1.34123 1.61735 1.73636 1.54584 1.51187 1.42377 1.29415 1.28001 1.24084
threshold=0.75784999132156383 0.078675001859664931 0.01494499994441867 0.99445000290870678 -0.16524999588727948 0.043205000460147865 0.56185001134872448 0.072195000946521773 -0.031244999729096886 0.80664998292922985 0.2144500017166138 0.2621500045061112 -0.1600999981164932 1.1244999766349795 -0.049905000254511826 0.035494999960064895 0.24685000628232959 0.1636999994516373 0.47124999761581426 96.500000000000014 0.93700000643730175 19.539999961853031 0.1046000011265278 0.089510001242160811 0.94045001268386852 0.19624999910593036 0.0047645000740885743 0.034815000370144851 0.18084999918937686 -0.010104999877512453
decision_type=10 10 2 2 2 2 2 8 2 2 10 2 2 10 2 2 8 10 2 8 10 10 8 10 2 2 2 10 2 2
left_child=2 -2 10 4 5 6 -4 8 -6 -10 11 13 15 -1 -14 -12 -7 18 19 27 21 22 23 -9 -24 -25 -26 -13 -29 -15
right_child=1 -3 3 -5 7 16 -8 20 9 -11 12 17 14 29 -16 -17 -18 -19 -20 -21 -22 -23 24 25 26 -27 -28 28 -30 -31
leaf_value=-0.00037816516420321003 3.5947623681805738e-05 0.00077262249916120547 0.00084520115964684724 0.002385304293694504 3.5239238708496159e-05 0.0034806222757645718 -0.0014124310151855429 0.00018353833583229819 -0.00072635945432293397 -0.0030172991456849305 -0.0033514041139083603 -0.0011291559033851863 0.0003968326117489763 -0.002833937677300489 3.1520561079432105e-05 -0.00037669784777487315 0.00063016860505740627 0.00038259067641915434 -0.00054043933415225435 -0.00080075733492820998 0.0013056854394192675 -0.00062012387402242408 0.00020460281815195739 -0.00075284582178332046 0.00063512867304177302 -0.0031943900899128299 0.0036401018572977117 0.0015529335605957864 0.00027292840777185862 -0.00067788234909021538
leaf_weight=6768 6327 3991 1307 372 2677 347 903 1676 8942 289 208 432 11141 422 71878 395 255 4969 5805 1065 571 3820 4326 1152 355 284 236 949 2708 558
leaf_count=6768 6327 3991 1307 372 2677 347 903 1676 8942 289 208 432 11141 422 71871 395 255 4969 5805 1065 571 3820 4326 1152 355 284 236 949 2708 558
internal_value=-1.14174e-05 0.000320941 -3.68574e-05 -0.000229152 -0.000265074 0.000427041 -7.74828e-05 -0.000345087 -0.000611007 -0.000798402 1.245e-05 -0.000190129 6.98081e-05 -0.000533939 8.0549e-05 -0.00140665 0.00227625 -2.28638e-05 -0.000206722 0.000169179 -9.01017e-05 -0.000157469 6.27008e-05 -0.000472418 0.000401408 -0.0012376 0.00183921 0.000421938 0.000605426 -0.00160825
internal_weight=145128 10318 134810 27512 27140 2812 2210 24328 11908 9231 107298 23676 83622 7748 83019 603 602 15928 10959 5154 12420 11849 8029 3112 4917 1436 591 4089 3657 980
internal_count=145121 10318 134803 27512 27140 2812 2210 24328 11908 9231 107291 23676 83615 7748 83012 603 602 15928 10959 5154 12420 11849 8029 3112 4917 1436 591 4089 3657 980
is_linear=0
shrinkage=0.03


Tree=68
num_leaves=31
num_cat=0
split_feature=80 15 53 41 28 28 67 77 30 50 59 20 63 66 2 77 68 61 71 28 0 57 62 89 22 16 1 88 18 84
split_gain=1.55845 1.40962 2.0766 2.28953 1.91222 1.90754 1.91552 1.79274 1.70777 1.59053 1.56056 1.59088 1.53692 1.52653 1.45386 1.28416 1.73942 1.84142 1.41982 1.34257 1.26593 1.25917 2.0599 1.69815 1.67529 1.36404 2.04603 1.75666 1.2975 1.45356
threshold=0.19025000184774402 -0.16524999588727948 -0.018995000049471852 0.11504999920725824 17.515000343322757 20.445000648498539 0.58824998140335094 0.027329999953508381 0.64004999399185192 0.094295002520084395 0.99509999155998241 0.2897499948740006 -0.012550000101327894 0.019865000620484356 -0.096085000783205018 0.79754999279975902 0.49654999375343328 0.011200000066310169 61.500000000000007 23.085000038146976 0.011074999812990429 0.1636999994516373 0.037104999646544463 0.98734998703002941 -0.19274999946355817 -0.23224999755620954 0.10844999924302103 0.4236499965190888 0.78125000000000011 0.12034999951720239
decision_type=10 2 8 2 10 10 10 2 8 10 8 2 2 2 2 2 8 2 8 10 2 10 2 2 2 2 2 2 2 10
left_child=21 4 3 10 12 6 7 -4 -6 14 -3 -12 -2 -14 -9 18 17 19 -7 -17 -18 22 23 25 -24 27 28 -1 29 -27
right_child=1 2 5 -5 8 15 -8 9 -10 -11 11 -13 13 -15 -16 16 20 -19 -20 -21 -22 -23 24 -25 -26 26 -28 -29 -30 -31
leaf_value=-3.8643295909524412e-05 -0.0016583293121788377 -5.6537555387939744e-05 -0.0016249340785612118 -0.0011335424458400027 0.00089589849465471943 -7.7922368198955527e-05 0.00050310056885972737 0.0014251147500786232 -0.0014788534180551227 -0.00085645884587184375 -0.0027550719079041924 -0.000525303104919067 0.001011697034210061 -0.0011932335717984559 0.00013365317174953223 0.00039942809229885705 9.8536857101433602e-05 0.0016424783828095835 -0.00071915297608093052 -0.0020513546787468448 -0.001199016285636318 7.8290971204381251e-05 -0.0011788993276916459 -0.00269621240859062 0.00051676609826972709 0.00049386317378530557 0.002406030102168655 -0.0029903213193109295 0.0013499925977975217 -0.0003354285832140011
leaf_weight=396 572 22589 538 2203 4817 25716 15232 807 288 1424 361 1412 789 439 27014 4793 2026 1119 3534 209 1015 9615 3572 235 614 2346 295 334 520 10038
leaf_count=396 572 22587 538 2203 4817 25711 15232 807 288 1424 361 1412 789 439 27014 4793 2026 1119 3534 209 1015 9615 3572 235 614 2346 295 334 520 10038
internal_value=1.37281e-06 4.9501e-05 2.33971e-05 -0.0002076 0.000465254 9.69533e-05 0.000229464 8.95058e-05 0.000761663 0.0001211 -0.000123826 -0.000980603 -0.00037535 0.000223123 0.000171164 -5.83384e-05 0.000251575 0.000542903 -0.000155418 0.000296637 -0.000334802 -0.000199803 -0.000345515 -0.000172689 -0.000930116 -0.000129924 -6.0056e-05 -0.00139138 -0.000116616 -0.000178302
internal_weight=144862 116897 109992 26565 6905 83427 45015 29783 5105 29245 24362 1773 1800 1228 27821 38412 9162 6121 29250 5002 3041 27965 18350 14164 4186 13929 13199 730 12904 12384
internal_count=144855 116890 109985 26563 6905 83422 45015 29783 5105 29245 24360 1773 1800 1228 27821 38407 9162 6121 29245 5002 3041 27965 18350 14164 4186 13929 13199 730 12904 12384
is_linear=0
shrinkage=0.03


Tree=69
num_leaves=31
num_cat=0
split_feature=82 74 75 80 88 14 24 85 60 52 60 11 22 21 68 56 84 80 57 58 17 52 63 60 56 75 11 82 53 65
split_gain=1.68897 1.49925 1.51013 1.39556 1.85476 1.4276 1.45682 2.14056 1.62471 1.40738 1.69498 1.89215 1.37753 1.4904 1.35747 1.84025 1.7251 1.54395 1.32522 1.6735 3.74492 1.6883 1.63496 1.3074 1.30454 1.28957 1.29108 1.27047 1.24627 1.62379
threshold=0.96834999322891246 0.08456000313162805 0.25425000488758093 0.98315000534057628 0.81655001640319835 0.12474999949336053 -0.003010500106029212 0.6772499978542329 0.016280000098049644 1.3935000300407412 0.0068230000324547299 0.042934998869895942 -0.17545000463724134 0.61524999141693126 0.54524999856948864 -0.10440000146627425 0.91624999046325695 0.29874999821186071 0.11479999870061876 14.449999809265138 -0.30625000596046442 1.310499966144562 -0.010395000223070381 0.017555000260472301 0.22564999759197238 0.98734998703002941 0.049435000866651542 0.52105000615119945 -0.0078215003013610822 -0.013069999869912861
decision_type=2 10 2 10 2 2 2 10 2 8 2 2 2 2 8 8 10 10 8 10 2 10 2 2 10 2 2 2 10 8
left_child=1 2 14 5 -5 6 7 -4 -9 28 -11 -12 13 -2 15 -1 18 -16 22 20 -20 -22 -17 -19 -21 -8 -27 -26 -7 -30
right_child=12 -3 3 4 -6 9 25 8 -10 10 11 -13 -14 -15 17 16 -18 23 19 24 21 -23 -24 -25 27 26 -28 -29 29 -31
leaf_value=0.0013289761664514611 4.8459030205127921e-05 0.00073826741911476332 -0.00043522322151439091 0.00016135852486076583 0.0025119489550555697 -0.0015332275225633119 5.016677785470987e-05 0.00010035986296050181 0.0021618857362932739 -0.0001345423587728507 -0.00012626022151887936 0.0037270103623621119 -0.0025956190938636594 -0.0010417086403668647 -7.632682344900473e-05 0.0016871072834821401 0.0012427078691572015 0.00065634658142277357 -0.004070336156536041 -0.0002472758981870326 0.00023077366625979525 -0.0021601377735154643 6.4777096033562958e-05 -0.0010847442340114993 -0.00010409905283933965 -0.00019088593573329875 -0.0028483487239784814 0.0030809770062322091 0.0011950966723008865 -0.00051976256276972167
leaf_weight=901 2564 2513 15434 1000 432 1001 68060.5 6001 364 1546 214 246 280 2015 4508 619 872 9971.5 328 9175 895 377 5690.5 403 238 410 274 213 528 8218
leaf_count=901 2564 2513 15433 1000 432 1001 68057 6001 364 1546 214 246 280 2015 4508 619 872 9970 328 9175 895 377 5689 403 238 410 274 213 528 8218
internal_value=-6.78877e-06 1.22392e-05 -9.94819e-07 -5.79881e-05 0.000871733 -7.10113e-05 -3.06319e-05 -0.000244322 0.000218575 -0.00038206 0.000341449 0.00193802 -0.000556616 -0.000431395 0.000171908 5.94796e-06 -5.88796e-05 0.000387209 -0.000123672 -0.000319182 -0.0012173 -0.000478994 0.00022418 0.000588615 -0.000169789 3.71323e-05 -0.00125803 0.00140365 -0.000530982 -0.000416111
internal_weight=145292 140432 137920 103728 1432 102296 90543.5 21799 6365 11753 2006 460 4859 4579 34191 19308.5 18407.5 14882.5 17535.5 11226 1600 1272 6309.5 10374.5 9626 68744.5 684 451 9747 8746
internal_count=145284 140425 137912 103724 1432 102292 90539 21798 6365 11753 2006 460 4859 4579 34188 19307 18406 14881 17534 11226 1600 1272 6308 10373 9626 68741 684 451 9747 8746
is_linear=0
shrinkage=0.03


Tree=70
num_leaves=31
num_cat=0
split_feature=50 53 67 72 81 28 1 45 84 26 28 1 63 32 54 58 7 74 28 1 20 22 53 56 59 56 59 64 80 60
split_gain=1.49832 1.52218 2.12997 1.84929 1.75276 1.62329 1.48402 1.4713 1.70493 1.45414 1.52658 1.96898 1.68638 1.58085 1.46009 1.56723 1.36173 1.3013 1.32363 1.46402 1.24299 2.20731 1.235 1.4075 1.34362 1.60451 1.38415 1.32197 1.71451 1.3843
threshold=-0.046064998954534524 0.035635000094771392 0.75784999132156383 4.5000000000000009 0.060370000079274184 17.804999351501468 0.038835000246763236 0.4098500013351441 0.32774999737739569 0.881749987602234 18.744999885559086 -0.042105000466108315 -0.037085000425577157 0.095109999179840102 -0.08083499968051909 18.295000076293949 -0.449750006198883 0.1300499960780144 21.285000801086429 0.23250000178813937 0.6553499996662141 -0.46580000221729273 0.12025000154972078 -0.070579998195171342 0.037694999948143966 0.10795000195503236 0.10120500251650812 0.0066605000756680974 0.54989999532699596 -0.001329999999143183
decision_type=8 8 10 8 2 10 2 2 10 2 10 2 2 8 10 8 8 10 10 2 2 2 8 8 8 10 8 2 8 2
left_child=-1 9 3 5 7 -3 -7 -5 -9 10 11 13 -12 -2 -11 -16 -10 18 19 -6 21 -17 23 -20 25 -24 -26 29 -29 -28
right_child=1 2 -4 4 17 6 -8 8 16 14 12 -13 -14 -15 15 20 -18 -19 22 -21 -22 -23 24 -25 26 -27 27 28 -30 -31
leaf_value=0.00028377622898892918 -0.0029328353553528005 0.0018227089802742907 0.00068570424498340442 -0.001381342252907154 0.00017971951455289959 -0.00045284810378867882 -0.0019418094890935296 0.00077830294732661855 -0.003126801578401099 0.0006503674840527496 0.0015847203553790543 -0.00020087417139701908 -3.7093484077290696e-07 -0.00079749246769022445 -0.00032098992990066785 0.0014218815552452181 -0.00018855998579742937 0.0019269277099506546 0.0024992375423175256 -0.0023675534668077224 -0.0034784775967709723 -0.0014120522047879804 -0.00077317898958209044 7.1749422073007099e-05 0.0011609650795245926 -0.0035775046561069882 8.2810188396611942e-06 -0.00065621537114157085 0.0010934702324860148 -0.00099275068418562323
leaf_weight=15995 389 222 4687 1354 44620.5 2416 802 935 222 841 614 12649 33999.5 1568 4210 281 391 346 221 203 209 2022 885 6790 583 231 2019 928 1101 3235
leaf_count=15995 389 222 4687 1354 44620 2416 802 935 222 841 614 12649 33994 1568 4210 281 391 346 221 203 209 2022 885 6789 583 231 2019 928 1101 3235
internal_value=9.91547e-06 -2.40499e-05 6.73542e-05 2.44112e-05 6.08008e-05 -0.000653107 -0.00082442 -0.000659462 -2.75666e-05 -0.000140257 -8.07415e-05 -0.000337929 2.77916e-05 -0.00122322 -0.000527521 -0.000674964 -0.00125601 9.49856e-05 8.45317e-05 0.000168131 -0.00126784 -0.0010658 -0.000149767 0.000148614 -0.000382661 -0.00135633 -0.000244366 -0.000357006 0.000293291 -0.000608147
internal_weight=144969 128974 72191.5 67504.5 64064.5 3440 3218 2902 1548 56782.5 49219.5 14606 34613.5 1957 7563 6722 613 61162.5 60816.5 44823.5 2512 2303 15993 7011 8982 1116 7866 7283 2029 5254
internal_count=144962 128967 72190 67503 64063 3440 3218 2902 1548 56777 49214 14606 34608 1957 7563 6722 613 61161 60815 44823 2512 2303 15992 7010 8982 1116 7866 7283 2029 5254
is_linear=0
shrinkage=0.03


Tree=71
num_leaves=31
num_cat=0
split_feature=53 77 41 28 82 46 72 14 50 30 83 64 79 31 41 42 64 64 65 16 56 59 2 53 52 57 52 70 65 80
split_gain=1.25607 2.54266 2.14084 2.01318 1.67708 1.61867 1.54285 1.46462 1.39 1.33511 2.20471 1.31857 1.4613 1.31801 1.31404 1.72899 1.30447 1.287 1.23359 1.22722 1.21762 1.21686 1.54957 1.28545 1.21383 1.67504 1.20493 1.34555 1.7528 2.28129
threshold=0.041354998946189887 0.022900000214576725 0.21515000611543658 20.605000495910648 0.95714998245239269 0.96525001525878917 4.5000000000000009 0.16354999691247943 0.074990000575780882 -0.65055000782012928 0.65874999761581432 0.0066605000756680974 0.46054999530315405 0.034815000370144851 0.083994999527931227 0.22264999896287921 0.039610000327229507 0.008487999904900791 0.0020594999659806494 0.053084999322891242 0.11704999953508378 0.88689997792243969 -0.037905000150203698 0.1155500002205372 0.78984999656677257 0.12174999713897706 0.82064998149871837 0.66795000433921825 0.0080270003527402895 0.76974999904632579
decision_type=8 2 2 10 2 2 8 2 8 10 8 2 2 8 2 2 2 2 8 2 8 10 2 10 8 10 8 10 10 10
left_child=2 4 5 7 -2 20 -5 16 9 10 -8 21 -13 -9 -7 18 26 -10 19 -16 -1 22 -11 -24 25 -15 -3 28 29 -28
right_child=1 3 -4 6 -6 14 8 13 17 11 -12 12 -14 24 15 -17 -18 -19 -20 -21 -22 -23 23 -25 -26 -27 27 -29 -30 -31
leaf_value=-4.7405586102329922e-05 -0.0006707696586232011 0.00040671757695260192 -0.0019213876790807351 -0.00094155599354823528 -0.0032576594790047473 0.00030671477369601126 -7.8740171324819018e-05 0.0017467015222982706 0.0011577552269058924 -0.0011414078070314435 0.0015246374390398111 -0.00036451422409424422 0.00052212104377789338 -0.0025804336934685287 -0.0022905023431506106 0.0010094569062314711 0.0023917836309272889 -0.00079956393817586717 -0.0032664540568843529 0.00035992015837003427 -0.001115600093975305 0.00047933154324408795 8.3561400563086547e-05 -0.00050631759357701886 0.00010661280762109287 -0.00049867660816550806 -0.00047297317484927944 0.00026023972218876793 -0.0017140483988509426 0.0010745549746365051
leaf_weight=64148.5 1131 23466 577 1789 281 507 2271.5 262 1482 2108 1168 2718 4348 444 369 206 261 379 414 273 974 1618 5573.5 8239 1861 1597 3623 11302 700 1122
leaf_count=64143 1131 23466 577 1789 281 507 2271 262 1482 2108 1168 2718 4348 444 369 206 261 379 414 273 974 1618 5573 8239 1861 1597 3623 11302 700 1122
internal_value=-8.72713e-06 7.34671e-05 -0.000103439 9.68083e-05 -0.00118752 -8.77293e-05 -8.60309e-05 0.000226627 -3.48212e-05 -8.75194e-05 0.000466026 -0.000164916 0.000181066 -0.000309071 -0.000982869 -0.00150078 0.000281747 0.000758924 -0.00199096 -0.00116465 -6.33988e-05 -0.000304309 -0.000383976 -0.000268306 -0.000447519 -0.000952585 0.000267993 7.35976e-05 -0.000313786 -0.000106896
internal_weight=145212 77744 67468.5 76332 1412 66891.5 31694 44638 29905 28044 3439.5 24604.5 7066 4164 1769 1262 40474 1861 1056 642 65122.5 17538.5 15920.5 13812.5 3902 2041 40213 16747 5445 4745
internal_count=145206 77743 67463 76331 1412 66886 31693 44638 29904 28043 3439 24604 7066 4164 1769 1262 40474 1861 1056 642 65117 17538 15920 13812 3902 2041 40213 16747 5445 4745
is_linear=0
shrinkage=0.03


Tree=72
num_leaves=31
num_cat=0
split_feature=72 85 0 50 82 81 21 22 54 0 58 21 53 71 66 79 69 56 67 32 89 58 3 4 74 4 39 20 66 60
split_gain=1.85629 1.82861 1.40646 1.34823 1.25221 1.23339 1.26323 1.20628 1.46453 1.58833 1.28248 1.20195 1.33159 1.41767 1.15971 1.33136 1.16911 1.08445 1.73628 1.48484 1.45816 1.30616 1.35069 1.26323 1.23575 1.23342 1.36123 1.16586 1.07294 1.05664
threshold=4.5000000000000009 0.61555001139640819 0.060395000502467162 0.037434998899698264 0.9792500138282777 0.019020000472664837 0.40545000135898596 -0.54014998674392689 -0.2906499952077865 -0.04019499942660331 18.554999351501468 0.71064999699592601 0.015734999440610412 34.500000000000007 -0.0080814999528229219 0.56509998440742504 0.983249992132187 0.082559999078512206 0.59474998712539684 0.21274999529123309 0.96834999322891246 14.010000228881838 0.24235000461339953 0.14045000076293948 0.043190000578761108 -0.19205000251531598 0.086345002055168166 0.21714999526739123 -0.086589999496936784 -0.0012470000074245033
decision_type=10 10 2 10 2 2 2 2 10 2 8 2 10 10 2 2 8 10 10 8 2 10 2 2 10 2 2 2 2 2
left_child=1 2 5 28 17 6 -1 8 -7 -10 -11 12 29 -14 -5 -16 -17 19 -19 21 23 22 -3 25 -25 26 -21 -20 -2 -6
right_child=3 4 -4 14 11 7 -8 -9 9 10 -12 -13 13 -15 15 16 -18 18 27 20 -22 -23 -24 24 -26 -27 -28 -29 -30 -31
leaf_value=0.00044641025003572406 -0.0014785959374128579 0.0006897974458006526 -0.0012975256628863917 0.00055398259694346683 -0.00067398568622267503 0.0029471608328372786 -0.0016019797611665377 -0.00010660032320790948 -0.0017823661689021406 -0.0013807098367764686 0.0007669047107551919 -0.0020548391402937924 -0.002038593057630351 0.00031969501442191277 0.00019767996893743609 -0.0037130774375691545 -0.00085822170160674042 -0.00031856969640778283 -0.00084770522541632463 0.00090797064228432167 -0.0011439340014660695 0.00024904701415513303 0.0027634688643084519 0.00030896931599875031 0.0015928406849069921 -0.00013795434839260695 -0.0014384698094467498 0.00079452488219982384 0.00059359097671592012 0.0021384265495697032
leaf_weight=381 230 5233.5 888 662 200 203 934 76119.5 291 278 2434 423 479 439 410 225 303 8854 463 1906 883 12609 298 4148 805 13519 251 2412 8591 299
leaf_count=381 230 5233 888 662 200 203 934 76113 291 278 2434 423 479 439 410 225 303 8854 463 1906 883 12609 298 4148 805 13519 251 2412 8591 299
internal_value=8.33818e-06 -2.14959e-05 -0.000110786 0.000394076 0.000115285 -9.77019e-05 -0.0010086 -8.25891e-05 0.00048736 0.000320154 0.000546331 -0.000653478 -0.000233993 -0.000911707 -0.000406944 -0.00108499 -0.0020795 0.000142827 -0.000110578 0.000217783 4.91967e-05 0.000417689 0.000801992 0.00010032 0.000517913 -3.16475e-05 0.000634386 0.000529852 0.000539399 0.00101211
internal_weight=145171 134750 81528.5 10421 53221.5 80640.5 1315 79325.5 3206 3003 2712 1840 1417 918 1600 938 528 51381.5 11729 39652.5 21512 18140.5 5531.5 20629 4953 15676 2157 2875 8821 499
internal_count=145164 134743 81522 10421 53221 80634 1315 79319 3206 3003 2712 1840 1417 918 1600 938 528 51381 11729 39652 21512 18140 5531 20629 4953 15676 2157 2875 8821 499
is_linear=0
shrinkage=0.03


Tree=73
num_leaves=31
num_cat=0
split_feature=72 50 85 87 11 53 65 68 8 31 3 71 21 56 43 82 11 6 82 16 56 11 59 32 25 59 61 30 81 56
split_gain=1.10593 1.30642 1.17394 1.66359 2.20043 1.50081 1.49377 1.47854 1.43262 1.34555 1.33603 1.30723 1.26286 1.26157 1.24525 1.40165 1.71784 1.321 1.22798 1.63928 1.22381 1.19646 1.19079 1.24346 1.17493 1.77714 1.16382 1.13682 1.27164 1.42306
threshold=4.5000000000000009 0.035934999585151679 0.51695001125335704 0.97734999656677257 0.054165000095963485 0.042805001139640815 0.015485000330954792 0.56064999103546154 -0.044354999437928193 0.17864999920129779 0.5160999894142152 17.500000000000004 0.4488500058650971 0.10105000063776971 -0.013904999941587446 0.95394998788833629 0.044314999133348472 -0.39084999263286585 0.52515000104904186 0.0094135003164410608 0.0030794999329373245 0.022884999401867393 0.76785001158714306 0.49375000596046453 23.255000114440922 0.29465000331401831 0.00067055001272819947 -0.49224999547004694 0.15255000442266467 -0.0031764999730512495
decision_type=10 10 8 2 2 8 10 10 2 10 2 8 2 10 2 2 2 10 2 2 8 2 10 10 2 10 2 8 2 8
left_child=2 -2 3 5 -5 6 11 8 9 -7 27 20 -11 26 24 17 -17 -16 -8 -20 21 -1 23 -15 -10 -26 -9 28 29 -4
right_child=1 -3 10 4 -6 7 18 13 14 12 -12 -13 -14 22 15 16 -18 -19 19 -21 -22 -23 -24 -25 25 -27 -28 -29 -30 -31
leaf_value=0.0010399252042564487 0.00044053459396583292 -0.00047291985506601206 0.0005544673237108138 -0.00032518005908880015 -0.0040539001343485497 0.001535036332849537 -0.0003649956989432845 -0.00023942248823712964 -0.0008226849568663693 0.0010931629566552086 -0.0015790108222520699 -9.7227997706928721e-05 -0.0019720131232170385 0.0015201972442501325 0.0017665944981216976 0.0025287310103630284 -0.0007170237737451578 -0.00010395906386194037 -0.0008929538192903691 -0.0034709753343614247 -0.0011250797913370826 -0.00048402901657878291 -0.00046259832153506338 -0.00037992385976803411 -0.00092355522515208573 0.00079693889082529533 0.00051517925222622747 6.7873636114391949e-06 0.00044181062848051909 -0.00078197485572503256
leaf_weight=554 8770 1678 1191 398 221 901 1222 3636 3906 243 442 24999 239 1823 346 409 228 16347 639 340 2351 2817 472 373 959 1235 3721 51243 11995 1799
leaf_count=554 8770 1678 1191 398 221 901 1222 3635 3906 243 442 24997 239 1823 346 409 228 16347 639 340 2351 2817 472 373 959 1235 3721 51243 11992 1799
internal_value=-3.54942e-06 0.000293798 -2.65556e-05 -0.000113893 -0.00166083 -9.97367e-05 -0.000244972 3.75139e-05 -8.67135e-05 0.000851193 6.30205e-05 -0.000190864 -0.000427643 0.000344969 -0.000142109 -1.2344e-05 0.00136768 -6.50841e-05 -0.000999765 -0.00179091 -0.000599864 -0.000233344 0.000903686 0.00119743 -0.000510708 4.48307e-05 0.000142256 7.4003e-05 0.000303839 -0.000249625
internal_weight=145497 10448 135049 68379 619 67760 32922 34838 24813 1383 66670 30721 482 10025 23430 17330 637 16693 2201 979 5722 3371 2668 2196 6100 2194 7357 66228 14985 2990
internal_count=145491 10448 135043 68376 619 67757 32920 34837 24813 1383 66667 30719 482 10024 23430 17330 637 16693 2201 979 5722 3371 2668 2196 6100 2194 7356 66225 14982 2990
is_linear=0
shrinkage=0.03


Tree=74
num_leaves=31
num_cat=0
split_feature=67 30 24 71 59 21 76 81 45 59 39 69 45 24 89 27 79 60 39 43 64 28 79 74 22 42 86 65 80 22
split_gain=1.29703 2.0492 1.94916 1.59469 1.62795 1.99303 1.52058 1.62665 1.52828 1.50575 1.47026 1.42709 1.37385 1.36187 1.23456 1.17825 1.97871 1.25964 1.13751 1.32391 1.29083 1.12989 1.12364 1.11638 1.11614 1.14474 1.47946 1.19576 1.09817 1.14667
threshold=0.33904999494552618 0.69165000319480907 -0.0074785000178962937 536.50000000000011 0.045634999871253974 0.35134999454021459 0.50975000858306896 0.92155000567436229 0.038859998807311065 0.028769999742507938 0.033195000141859062 1.250500023365021 0.02513500023633242 -0.0015325000276789067 0.62075001001358043 0.58175000548362743 0.050659999251365669 0.00073279999196529399 0.036824999377131469 -0.030864999629557129 0.037754999473690994 21.085000038146976 0.27865000069141393 -0.054765000939369195 -0.21874999999999997 -0.13274999707937238 0.075605001300573363 0.0014209999935701492 0.88104999065399181 -0.47204999625682825
decision_type=10 8 2 8 10 2 2 2 2 10 2 10 2 2 2 8 2 2 2 2 2 10 2 8 2 2 2 8 8 2
left_child=1 3 -3 4 5 -1 7 10 14 -7 13 18 -5 -2 -8 16 -12 -18 19 -6 -20 28 -13 -23 25 26 -14 -28 29 -21
right_child=6 2 -4 12 11 9 8 -9 -10 -11 15 22 24 -15 -16 -17 17 -19 20 21 -22 23 -24 -25 -26 -27 27 -29 -30 -31
leaf_value=0.00012191462383944585 -0.00011085689824344299 -0.0022845498155438012 0.00065576724419147306 0.00095592394340841922 -0.00094531917811824066 -0.00094061134125201259 -0.00050858375559741022 -0.00094852279338454375 -3.7873783240851803e-05 -0.0031865280280640768 -0.0029554963499020754 -0.0029376673427519992 -0.0019724187611205404 0.00029775114112183917 -0.0032435795408515679 0.00048194280552164148 -0.00054580550673563263 0.00068017953668709466 0.0002350338118763297 0.002022796412296593 -0.0021295706550226549 -0.0026350392281379114 -0.00048595896083369688 -0.00035974542553636907 -9.9460077732540924e-06 -0.0011003506284025649 0.0026093062761869718 -0.00029898659113274518 0.001254043958043123 -4.4914076664683612e-05
leaf_weight=1654 17133 213 3925 476 1794 2031 405 1133 47898.5 309 209 254 202 12843.5 234 18347.5 1535 1481 13629 249 210 203 496 4008 1572 4472 237 273 720 7000
leaf_count=1654 17130 213 3925 476 1794 2031 405 1133 47897 309 209 254 202 12842 234 18347 1535 1481 13629 249 210 203 496 4008 1572 4472 237 273 720 7000
internal_value=4.72812e-06 -0.000131402 0.000503902 -0.000197484 -0.000107962 -0.000675188 6.38062e-05 0.000175414 -5.73331e-05 -0.00123842 0.000200135 -2.86252e-05 -0.000600421 6.42162e-05 -0.00151363 0.000388993 -0.000139797 5.62376e-05 6.21908e-06 -0.000184701 0.000199001 -7.26004e-05 -0.00131908 -0.00047003 -0.0007102 -0.000922503 0.000194518 0.00105498 0.000137443 2.63801e-05
internal_weight=145146 43927 4138 39789 32557 3994 101220 52682 48537.5 2340 51549 28563 7232 29976.5 639 21572.5 3225 3016 27813 13974 13839 12180 750 4211 6756 5184 712 510 7969 7249
internal_count=145140 43927 4138 39789 32557 3994 101213 52677 48536 2340 51544 28563 7232 29972 639 21572 3225 3016 27813 13974 13839 12180 750 4211 6756 5184 712 510 7969 7249
is_linear=0
shrinkage=0.03


Tree=75
num_leaves=31
num_cat=0
split_feature=1 28 16 0 83 17 0 57 28 29 4 81 69 15 66 56 56 66 53 28 14 69 25 58 26 58 22 27 66 74
split_gain=1.49098 1.9286 1.49932 1.42989 1.9099 1.42731 1.22298 1.13997 1.10096 1.09036 1.00826 1.28856 1.39777 1.14487 1.90826 2.32179 2.51878 1.77855 1.69328 2.278 1.70033 2.11913 1.51263 1.47767 1.42778 2.24818 1.37556 1.35434 1.70558 1.32971
threshold=-0.10235000029206275 17.134999275207523 0.26305000483989721 -0.04222499951720237 0.1171500012278557 -0.088364999741315828 0.096330001950263991 0.43260000646114355 20.525000572204593 0.74204999208450328 -0.51455000042915333 0.015664999838918451 1.1104999780654909 -0.20224999636411664 -0.089805003255605684 -0.051495000720024102 -0.057785000652074807 -0.063650000840425477 0.041354998946189887 20.605000495910648 0.14424999803304675 1.0655000209808352 47.645000457763679 32.640001296997077 0.89864999055862438 18.520000457763675 -0.46580000221729273 1.1735000014305117 -0.018944999203085896 -0.030319999903440472
decision_type=2 10 2 2 8 2 2 10 10 10 2 2 10 2 2 8 10 2 8 10 2 8 2 10 2 8 2 8 2 10
left_child=1 -1 -3 4 8 7 10 -6 -2 -8 -5 12 -12 14 -13 16 23 -17 24 20 -20 -22 -23 -16 -15 -26 -27 -19 -29 -21
right_child=3 2 -4 6 5 -7 9 -9 -10 -11 11 13 -14 18 15 17 -18 27 19 29 21 22 -24 -25 25 26 -28 28 -30 -31
leaf_value=-0.0010906615292794772 -0.0037223738515316401 0.00064943370040600992 0.0027299018761775991 0.0016986800126066591 -0.00035985366234776966 -0.0023842972190105038 -0.0003734266722368184 0.0015635826327961007 -0.00088218751652284131 -0.0031638168921103564 -0.00044066054620074744 -0.0011820890400586193 -0.0027892155058515541 -9.173877158978769e-05 0.0014427423675068792 0.0025672240302003347 0.0042556739308294176 -0.00069878582516888315 0.00028344133997594177 -0.00045169620602030256 -0.0007172506603114274 0.0011561350554266333 -0.001042397325936397 8.2215309600500129e-05 -0.0001553458924369892 0.0005780769372799885 -0.0016135672826172508 -0.0014535206478456248 0.0013580301278625483 -5.4322186405679552e-06
leaf_weight=513 257 2571 354 310 2167 276 328 317 236 204 1161 645 283 49362 1727 218 212 1947 37647 8189 3458 1160 371 1230 4211 296 1970 259 767 22567.5
leaf_count=513 257 2571 354 310 2167 276 328 317 236 204 1161 645 283 49356 1727 218 212 1947 37647 8189 3458 1160 371 1230 4211 296 1970 259 767 22566
internal_value=-1.27199e-05 0.000604495 0.000902071 -2.76913e-05 -0.000649307 -0.000341686 -1.3089e-05 -0.000113861 -0.00236731 -0.00144735 -7.54894e-06 -1.1403e-05 -0.00090255 -1.95097e-06 0.000371558 0.000529282 0.00110433 -4.19677e-05 -2.21997e-05 7.25206e-05 0.000214474 -0.000305906 0.000623042 0.000877034 -0.000146695 -0.000565448 -0.00132715 -0.00023409 0.000647567 -0.000124262
internal_weight=145214 3438 2925 141776 3253 2760 138522 2484 493 532 137990 137680 1444 136236 7005 6360 3169 3191 129232 73392.5 42636 4989 1531 2957 55839 6477 2266 2973 1026 30756.5
internal_count=145206 3438 2925 141768 3253 2760 138515 2484 493 532 137983 137673 1444 136229 7005 6360 3169 3191 129224 73391 42636 4989 1531 2957 55833 6477 2266 2973 1026 30755
is_linear=0
shrinkage=0.03


Tree=76
num_leaves=31
num_cat=0
split_feature=80 75 60 56 53 25 25 32 64 28 43 22 68 58 52 22 86 63 81 1 68 75 60 70 9 10 89 80 88 24
split_gain=1.17128 1.26708 1.66417 1.4502 1.36871 1.33822 1.29392 1.15287 1.12075 1.67113 1.6595 1.30987 1.21008 1.29109 1.11457 1.11229 1.70419 1.10708 1.0997 1.27901 1.24714 1.07228 1.0434 1.04178 1.0314 1.74616 1.62358 1.42381 1.6253 1.36122
threshold=0.015579999890178444 0.43144999444484716 0.028925000689923767 0.038949999958276756 0.15454999357461932 40.405000686645515 56.145000457763679 0.20875000208616259 -0.015239999629557131 18.435000419616703 0.0095345000736415404 -0.45444999635219568 0.20875000208616259 15.72499990463257 0.50104999542236339 -0.29375000298023218 0.023014999926090244 0.0064370001200586566 0.66234999895095836 -1.0000000180025095e-35 0.53584998846054088 0.11694999784231187 0.0075109999161213645 0.63644999265670787 -0.010964999906718729 0.30255000293254858 0.80114999413490307 0.90674999356269848 0.99114999175071727 0.024234999902546409
decision_type=10 2 2 8 8 2 2 10 2 10 2 2 8 10 10 2 2 2 2 2 10 2 2 10 2 2 2 10 2 2
left_child=-1 2 3 5 18 8 24 -4 9 10 -2 -11 13 -10 -13 16 -7 -8 20 23 -5 -6 -22 -20 25 26 -3 29 -29 -26
right_child=1 6 7 4 21 15 17 -9 12 11 -12 14 -14 -15 -16 -17 -18 -19 19 -21 22 -23 -24 -25 27 -27 -28 28 -30 -31
leaf_value=-0.00061489971507540104 -0.00095101928707826047 -0.00044763279261171064 -0.0023495002562114856 -0.00052506174809553903 0.00073694533270213995 -0.00062268771406023945 -0.0018622857324005341 -0.00015798010607656726 -0.003005078730986736 0.0027318363079841803 0.0015130520133102583 0.0027634852987830525 0.00017109907696141467 -0.00017304537053894741 0.000616453351832969 0.00025496079162741253 0.0021159186850334979 0.00028698340362561171 0.0020160188299829314 -0.00077487016396881529 0.00027793275310436971 5.8737397311781684e-05 -0.00093491266414826447 0.00035118969525545294 -3.4030616296873077e-05 8.2031382504075629e-05 -0.0021834015144170131 0.00033370892239651084 0.002993666166695331 -0.0013594249935372949
leaf_weight=2781 882 8623 409 8934 2818 256 655 457 220 366 340 239 24658.5 421 2348 1095 1008 321 399 783 3908 8205 762 2197 57254 7092 513 6116 213 705
leaf_count=2781 882 8622 409 8934 2818 256 655 457 220 366 340 239 24653 421 2348 1095 1008 321 399 783 3908 8205 762 2197 57253 7092 513 6116 213 705
internal_value=-5.27066e-06 6.65629e-06 0.000110413 0.000129318 -2.81377e-05 0.000267839 -7.06354e-05 -0.00119452 0.000212792 0.00066812 -0.000264758 0.00105412 0.000137629 -0.0011482 0.000815798 0.000955241 0.00156121 -0.00115583 -0.000197097 0.000287226 -0.000317407 0.000232171 7.9876e-05 0.000607748 -5.74666e-05 -0.000271169 -0.000545327 -3.51903e-06 0.000423688 -5.01756e-05
internal_weight=144978 142198 60705.5 59839.5 28006 31833.5 81492 866 29474.5 4175 1222 2953 25299.5 641 2587 2359 1264 976 16983 3379 13604 11023 4670 2596 80516 16228 9136 64288 6329 57959
internal_count=144971 142190 60700 59834 28006 31828 81490 866 29469 4175 1222 2953 25294 641 2587 2359 1264 976 16983 3379 13604 11023 4670 2596 80514 16227 9135 64287 6329 57958
is_linear=0
shrinkage=0.03


Tree=77
num_leaves=31
num_cat=0
split_feature=74 64 50 48 64 21 10 59 1 57 26 65 31 88 74 57 20 21 5 28 56 8 43 52 87 25 88 32 82 87
split_gain=1.19173 1.54843 2.08057 1.34565 1.30256 1.83959 1.26983 1.92399 1.75854 1.32648 1.60727 1.56039 1.76563 1.40951 1.26432 1.27222 1.23752 1.14565 1.1412 1.07922 1.54416 1.05461 1.33682 1.28694 1.57487 1.20627 1.17725 1.13741 1.69906 1.28557
threshold=-0.015645000152289864 0.026314999908208851 -0.032335000112652772 0.42075000703334814 0.023440000601112846 0.2743500024080277 0.47834999859333044 0.95830002427101146 -0.051015000790357583 0.24624999612569812 0.66124999523162853 -0.013069999869912861 0.13385000079870227 0.40725000202655798 -0.028684999793767926 0.11325000226497652 0.44224999845027929 0.69384998083114635 -0.28474999964237208 17.195000648498539 0.034204998984932906 0.029745000414550308 -0.021754999645054337 0.91635000705719005 0.91775000095367443 49.905000686645515 0.015480000060051681 0.30034999549388891 0.04600499942898751 0.87665000557899486
decision_type=10 2 10 2 2 2 2 10 2 8 2 10 10 2 8 8 2 2 2 10 10 2 2 10 2 2 2 10 2 2
left_child=4 3 -3 -2 6 -6 -1 9 16 10 17 -12 -13 -14 -7 -16 -9 -8 -5 20 -11 23 -23 27 26 -24 -25 28 -20 -29
right_child=1 2 -4 18 5 14 7 8 -10 19 11 12 13 -15 15 -17 -18 -19 21 -21 -22 22 25 24 -26 -27 -28 29 -30 -31
leaf_value=-4.367915109280677e-05 0.0011017822212613555 0.00093963765434134934 -0.0012788966240987064 0.00070612529726316303 -0.0012771904569706537 -0.00038239815221573307 -0.0010134972077690519 0.00074963777515290003 -0.00018615736199296897 -0.0016328498853010562 0.0020105700582978042 0.00080346218575489737 0.00077351421154730528 -0.0011935878877720419 0.0030017343618283288 0.00082168641927562753 0.004019573679315192 -0.0032140965736471116 -0.00055186811358489654 0.00039555010908759008 0.00099036924021911788 -0.0010966459521368432 4.7328016040535834e-06 -0.0021069508505333215 0.0015258385327852199 -0.001434951870348508 -3.7241842864128892e-05 0.00014041451496216357 0.00053456745027685053 -0.0011033691630717996
leaf_weight=57699 1243 508 1507 2740 465 700 3759 214 601 655 254 776 396 1887 270 2189 203 225 1417.5 2084 291 1238 11403 249 577 548 23249.5 11915 14964 797
leaf_count=57698 1243 508 1507 2740 465 700 3759 214 601 655 254 776 396 1887 270 2189 203 225 1417 2084 291 1238 11403 249 577 548 23246 11915 14964 797
internal_value=1.41835e-05 0.000100367 -0.000719395 0.000123859 -7.16297e-05 0.000482685 -0.000100731 -0.00039086 0.000852893 -0.000513536 -0.000732606 -0.000244244 -0.000432065 -0.000852193 0.000742058 0.00106218 0.00234729 -0.00113855 0.000106252 1.41076e-05 -0.000825725 8.14722e-05 -0.000158647 0.000141038 -2.12113e-05 -6.13969e-05 -5.92621e-05 0.000275298 0.00044053 6.23528e-05
internal_weight=145024 72356 2015 70341 72668 3624 69044 11345 1018 10327 7297 3313 3059 2283 3159 2459 417 3984 69098 3030 946 66358 13189 53169 24075.5 11951 23498.5 29093.5 16381.5 12712
internal_count=145019 72352 2015 70337 72667 3624 69043 11345 1018 10327 7297 3313 3059 2283 3159 2459 417 3984 69094 3030 946 66354 13189 53165 24072 11951 23495 29093 16381 12712
is_linear=0
shrinkage=0.03


Tree=78
num_leaves=31
num_cat=0
split_feature=82 51 67 18 11 59 58 31 85 15 72 45 16 81 59 89 77 80 77 70 18 50 43 5 11 69 11 59 62 85
split_gain=1.43406 1.7735 1.72054 1.76789 1.53024 1.7147 1.36643 1.77096 1.21866 1.57703 1.29479 1.26416 1.62752 1.39751 1.2058 1.17225 2.07132 1.21385 1.46784 1.13826 1.13703 1.13657 1.13681 1.13082 1.1237 1.12018 1.1201 1.22516 1.08861 1.45327
threshold=0.93485000729560863 1.6125000119209292 0.29755000770092016 1.5374999642372134 0.045864999294281013 0.45340000092983251 15.654999732971193 0.11865000054240228 0.51695001125335704 -0.24804999679327008 4.5000000000000009 0.94134998321533214 -0.108449999243021 0.16184999793767932 0.55754998326301586 0.88809999823570263 0.43225000798702246 0.93264999985694896 0.8696500062942506 0.76875001192092907 0.70344999432563793 0.019435000605881218 0.023714999668300155 -0.15335000306367871 0.066914997994899764 0.98215001821517955 0.087409999221563353 0.97419998049736034 -0.051510000601410859 0.34789998829364782
decision_type=2 10 10 2 2 8 8 8 10 2 10 2 2 2 10 2 2 8 2 10 2 10 2 2 2 10 2 10 2 10
left_child=1 8 6 19 -5 -6 7 -2 10 14 15 13 -13 -11 -10 20 -17 24 -19 -4 -1 -12 -23 -15 25 -18 27 -16 -21 -30
right_child=2 -3 3 4 5 -7 -8 -9 9 11 21 12 -14 23 26 16 17 18 -20 28 -22 22 -24 -25 -26 -27 -28 -29 29 -31
leaf_value=-0.00013553386649666269 0.00022679613175280946 0.0027295029178032114 -0.001203401789248553 0.0022604051104474047 0.0017074648528726617 -0.0015012036619009449 -0.00032484186744473256 -0.0018200736182508255 0.0018137474496743473 -0.00027625977458462436 0.00061198712221581563 -0.0017235049593578727 -0.0001469145739835516 0.00066475845329853401 0.00040701630299573615 -0.0034505964857810458 3.5330530458015704e-05 0.0022463790321033262 -0.0009343976242847643 0.0013222335686699689 0.00017363212304413931 -0.00092860347875506268 0.00099178948552472532 0.00014690793337229704 -0.0026361012501665486 -0.0011510736090585177 -0.0011931327690210848 0.0025835374574180404 0.0017739977043403855 -0.00060120154667654398
leaf_weight=46842 504 218 856 542 291 307 3186 1548 771 6533 4335 652 6043 4147 1654 216 1601 305 227 495 13877 973 387 44630 238 1295 323 270 270 1604
leaf_count=46839 504 218 856 542 291 307 3186 1548 771 6533 4335 652 6043 4147 1654 216 1601 305 227 495 13877 973 387 44628 238 1295 323 270 270 1604
internal_value=6.88835e-06 3.19901e-05 -0.000347364 9.25209e-05 0.00110746 6.04491e-05 -0.000713883 -0.00131747 2.76242e-05 0.000121232 -5.89622e-05 8.86299e-05 -0.000300687 0.000135759 0.000790788 -9.7192e-05 -0.000602537 -0.000433834 0.000889961 -0.000266479 -6.4874e-05 0.000374637 -0.000381812 0.000190948 -0.000658762 -0.000495406 0.000439135 0.000713637 7.24273e-05 -0.000258227
internal_weight=145140 135537 9603 4365 1140 598 5238 2052 135319 65023 70296 62005 6695 55310 3018 64601 3882 3666 532 3225 60719 5695 1360 48777 3134 2896 2247 1924 2369 1874
internal_count=145135 135532 9603 4365 1140 598 5238 2052 135314 65021 70293 62003 6695 55308 3018 64598 3882 3666 532 3225 60716 5695 1360 48775 3134 2896 2247 1924 2369 1874
is_linear=0
shrinkage=0.03


Tree=79
num_leaves=31
num_cat=0
split_feature=53 89 20 13 68 76 59 83 27 56 71 3 41 89 65 80 4 56 68 68 58 52 87 17 30 1 57 62 78 25
split_gain=1.03693 1.93352 1.74006 1.79299 1.61106 1.59708 1.51792 1.51519 1.43843 1.16685 1.75808 1.57467 1.65123 1.51897 1.44902 1.48508 1.86162 1.40933 2.0286 1.26227 1.25643 1.78744 1.74265 1.68693 1.62414 1.57423 1.47679 1.34258 1.23737 1.17756
threshold=0.085254997014999404 0.97904998064041149 0.46655000746250158 0.65000000596046459 0.69394999742507946 0.7584500014781953 0.99509999155998241 0.87884998321533214 1.1635000109672549 0.025884999893605713 23.500000000000004 0.032935000956058509 -0.069595001637935625 0.38324999809265142 0.015485000330954792 0.2144500017166138 -0.21605000644922254 -0.05386999994516372 0.29305000603199011 0.53435000777244579 15.72499990463257 1.1665000319480898 0.71355000138282787 -0.09406499937176703 0.40004999935626989 0.0045984999742358932 0.15064999461174014 -0.090590000152587877 0.83114999532699596 22.394999504089359
decision_type=8 2 2 2 10 2 10 8 8 10 8 2 2 2 10 10 2 10 8 10 10 8 2 2 10 2 8 2 2 2
left_child=1 8 -3 -4 6 7 -2 -6 9 13 11 12 -11 14 15 17 29 -1 -19 -14 23 22 25 -15 -23 -22 28 -24 -25 -17
right_child=4 2 3 -5 5 -7 -8 -9 -10 10 -12 -13 19 20 -16 16 -18 18 -20 -21 21 24 27 26 -26 -27 -28 -29 -30 -31
leaf_value=0.00051706965494927536 3.7776680772831545e-05 -0.002196015156970437 -0.0011018338388983362 0.0017466293690350456 0.0013113557469548503 -0.00035568110014234358 0.0021956169701860115 -0.00071855242442734615 0.00016764956838825304 -0.00014095636140286255 -0.00013342214888671964 -6.3672651848034557e-05 -0.0020412119044778952 -0.00018838118016929523 -0.00082528302943726632 5.6726654474509417e-05 0.00027308496930642423 -0.0028348452361958648 -0.00033710248875302789 -0.00073087176608685358 -0.00050990586074454634 -0.00015225388632327311 0.00044291605177926025 0.00091849582873230367 0.0012862519977696032 0.00034765940410439155 0.0025476739022781301 -0.0010590591497940899 -0.00040085883898515108 0.0018664313264124604
leaf_weight=1435 53959 719 652 285 2490 989 294 381 20381.5 1142 14948 2007 1601 6001.5 1206 448 11006.5 333 2367 1130 5466 2243 601 1779 1030 2974 336 4886 998 1165
leaf_count=1435 53959 719 652 285 2490 989 294 381 20381 1142 14948 2007 1601 6001 1206 448 11003 333 2367 1130 5466 2243 601 1779 1030 2974 336 4886 997 1165
internal_value=-6.50307e-06 -7.19601e-05 -0.00108696 -0.000234501 9.16494e-05 0.000683754 4.95104e-05 0.00104182 -5.22851e-05 -0.000121141 -0.00030631 -0.000745724 -0.00109906 -3.40276e-05 0.00017866 0.00025097 0.000412639 -0.000242404 -0.000646093 -0.0014995 -0.000179195 -0.000330091 -0.000478343 0.000105564 0.000300693 -0.00020772 0.000672136 -0.000894495 0.000444372 0.00136414
internal_weight=145254 87140.5 1656 937 58113 3860 54253 2871 85484.5 65103 20828 5880 3873 44275 17960.5 16754.5 12619.5 4135 2700 2731 26314.5 17200 13927 9114.5 3273 8440 3113 5487 2777 1613
internal_count=145248 87135 1656 937 58113 3860 54253 2871 85479 65098 20828 5880 3873 44270 17957 16751 12616 4135 2700 2731 26313 17200 13927 9113 3273 8440 3112 5487 2776 1613
is_linear=0
shrinkage=0.03


Tree=80
num_leaves=31
num_cat=0
split_feature=0 74 68 67 53 74 54 48 39 64 71 8 5 62 20 62 75 57 48 70 68 50 86 1 83 65 89 51 77 47
split_gain=1.22297 1.20197 1.34947 1.1878 1.46721 1.13512 1.36906 1.21305 1.17116 1.58134 1.0848 1.25768 2.31316 1.14326 1.08052 1.20687 1.42467 1.47544 1.32333 1.09222 1.07426 1.06821 1.38964 1.03488 1.0168 1.2912 1.13272 0.999368 1.23765 1.20499
threshold=0.096330001950263991 0.08456000313162805 0.27955000102519995 0.69034999608993541 -0.089385002851486192 -0.019345000386238095 0.36435000598430639 0.39364999532699591 0.044764999300241477 0.031729999929666526 1.0000000180025095e-35 -0.067354999482631669 0.26015000045299536 0.012130000162869694 0.46655000746250158 -0.049990000203251832 0.30324999988079077 0.16475000232458117 1.1965000033378603 0.97935000061988842 0.41994999349117285 -0.015815000049769875 0.78145000338554393 0.0064870000351220378 0.19375000149011615 0.0031245000427588825 0.2921500056982041 -0.23014999926090238 0.027329999953508381 -5.4999999999999991
decision_type=2 10 10 10 10 10 10 2 2 2 8 2 2 2 2 2 2 10 2 8 10 10 2 2 10 8 2 8 2 2
left_child=1 3 -3 5 24 10 7 23 -9 14 -1 12 27 -14 15 18 17 -17 -10 -19 -11 -8 -23 -7 -5 26 -26 29 -29 -12
right_child=-2 2 -4 4 -6 6 21 8 9 20 11 -13 13 -15 -16 16 -18 19 -20 -21 -22 22 -24 -25 25 -27 -28 28 -30 -31
leaf_value=-0.0016234680596257517 -0.0014184909105006891 -0.00044334535750749636 0.0010392214881683574 0.00077669065236718004 0.00033320952436433044 0.00048323508779946214 0.00068995076412795659 1.5469706556684588e-07 0.0029002044604719561 -0.0029687795385634941 0.0021029909323674904 -0.00015905030246698003 0.00099806122067789345 0.0040463890418242152 0.00017786096543837164 0.0027053662166600266 -8.6833817765174221e-08 -0.0013463399419561027 0.00013820538385231608 0.001364773809325539 -2.5540723387772839e-05 -0.0033804524893293699 -0.00075253268290725048 0.0031433523040628286 0.00039432833307526176 9.1581493299256752e-05 -0.00180018782383155 -0.0024261119806033094 2.3378348810754537e-05 -0.0003405834856425966
leaf_weight=439 547 767 1971 529 15247 369 276 55723 477 200 410 55555 229 215 4255 464 1488 201 232 395 251 243 706 204 269 1059 987 215 1321 325
leaf_count=439 547 767 1971 529 15247 369 276 55716 477 200 410 55555 229 215 4255 464 1488 201 232 395 251 243 706 204 269 1059 987 215 1321 325
internal_value=-3.93734e-06 1.40788e-06 0.000623898 -1.05751e-05 0.000216526 -4.3658e-05 4.22191e-05 6.11652e-05 4.879e-05 0.000389085 -0.000139444 -0.000128236 0.000502113 0.00247994 0.000492723 0.000903884 0.000598806 0.00143872 0.00199789 0.000449732 -0.00133443 -0.00095086 -0.00142829 0.00143412 -0.000408926 -0.000680069 -0.00133024 0.000114509 -0.000320842 0.0010235
internal_weight=145569 145022 2738 142284 18091 124193 65484 64259 63686 7963 58709 58270 2715 444 7512 3257 2548 1060 709 596 451 1225 949 573 2844 2315 1256 2271 1536 735
internal_count=145562 145015 2738 142277 18091 124186 65477 64252 63679 7963 58709 58270 2715 444 7512 3257 2548 1060 709 596 451 1225 949 573 2844 2315 1256 2271 1536 735
is_linear=0
shrinkage=0.03


Tree=81
num_leaves=31
num_cat=0
split_feature=67 85 51 45 74 64 64 64 19 56 42 18 77 1 72 13 3 56 57 57 76 24 20 43 80 11 10 29 65 4
split_gain=1.3728 1.69466 1.47995 1.47221 1.36031 1.6068 1.40683 1.31536 2.58481 1.31308 1.67871 1.46883 1.26914 1.21612 1.21244 1.49002 1.45203 1.40136 1.84837 1.41839 1.28267 1.20115 1.35598 1.18923 1.2064 1.4222 1.34131 1.15929 1.3501 1.15384
threshold=0.38455000519752508 0.89225000143051159 1.2494999766349795 0.93125000596046459 -0.029725000262260434 0.031729999929666526 0.026314999908208851 0.03456499986350537 0.41744999587535864 0.054755000397562988 0.1123500019311905 0.7113499939441682 0.022900000214576725 0.032025000080466277 1.5000000000000002 0.45000000298023229 0.020905000157654289 -0.046174999326467507 0.3322999924421311 0.28294999897480017 0.50975000858306896 0.00031355000101029878 0.26015000045299536 -0.11964999884366988 0.056199999526143081 0.054735001176595695 0.35414999723434454 0.42734999954700476 -0.0096774999983608705 -0.0031550000421702857
decision_type=10 8 10 2 10 2 2 2 2 8 2 2 2 2 10 2 2 10 8 10 2 2 2 2 10 2 2 10 8 2
left_child=4 2 3 14 6 -6 12 8 -8 -5 11 29 -1 -7 16 -16 20 18 19 -18 21 22 -2 -14 25 26 -25 -24 -29 -11
right_child=1 -3 -4 9 5 13 7 -9 -10 10 -12 -13 23 -15 15 -17 17 -19 -20 -21 -22 -23 27 24 -26 -27 -28 28 -30 -31
leaf_value=-0.0015046914482231546 -0.00036600277633740271 0.00047695282666440598 0.0020470587290527128 -0.00073959280237278937 5.6604075881760167e-05 -0.00029830600689106348 -0.00041378454330747257 -0.00030001889255733906 0.0040375725895819056 -0.0017531242093708202 -0.00059869273239851592 0.0025841797797383722 0.0017913611917869613 -0.0034583077473429647 0.00085954176268177344 6.3789377445448996e-05 -0.00057676468968180972 0.00030119966128753259 0.00080988588777557646 -0.0031937261259779057 -0.00032497273763790679 0.00041375639792842658 0.00040169194330994077 -0.00075065895055085674 -0.00022804628777724843 0.00047081294657442239 -0.0025064399997728813 0.0012494263265383429 -0.00024747887265629687 0.00071438577517958339
leaf_weight=786 8479.5 8933.5 329 3985 29095 236 218 439 253 203 1622 321 246 204 3729 4900 2172 21344 876 203 13004.5 5945.5 6684 1104 19797 481 607 585 7268 1040
leaf_count=786 8476 8933 329 3985 29095 236 218 439 253 203 1622 321 246 204 3729 4900 2172 21344 876 203 13003 5945 6683 1104 19797 481 607 585 7268 1040
internal_value=1.39525e-05 8.44444e-05 4.20343e-05 3.40003e-05 -0.000106848 2.93642e-05 -0.000274951 0.000881357 0.00198077 -0.00037668 7.73347e-05 0.000778367 -0.000320695 -0.00176792 7.31719e-05 0.000407731 2.97943e-05 0.000212821 -0.000367331 -0.000801696 -7.74734e-05 3.36659e-05 -6.45307e-05 -0.000278776 -0.000302016 -0.000969659 -0.00137465 0.000111332 -0.000135824 0.00031032
internal_weight=145090 91624 82690.5 82361.5 53466 29535 23931 910 471 7171 3186 1564 23021 440 75190.5 8629 66561.5 24595 3251 2375 41966.5 28962 23016.5 22235 21989 2192 1711 14537 7853 1243
internal_count=145083 91617 82684 82355 53466 29535 23931 910 471 7171 3186 1564 23021 440 75184 8629 66555 24595 3251 2375 41960 28957 23012 22235 21989 2192 1711 14536 7853 1243
is_linear=0
shrinkage=0.03


Tree=82
num_leaves=31
num_cat=0
split_feature=67 1 50 7 82 59 52 87 56 43 59 66 83 5 65 59 18 62 16 56 75 66 88 65 64 43 64 0 29 18
split_gain=1.19769 1.43675 1.70351 1.31458 1.47009 1.57977 1.44583 2.10442 1.91405 2.62561 1.65544 1.51521 1.48314 1.42182 1.8526 1.85767 1.65202 1.36272 1.63193 1.35774 2.27103 1.50267 1.41729 1.31914 1.43366 1.64493 1.78551 1.3609 1.31791 1.37505
threshold=0.75784999132156383 0.0030454999068751936 -0.0088475001975893957 0.48544999957084661 0.90929999947547924 0.78270000219345104 0.94185000658035289 0.98315000534057628 0.043610000982880599 -0.006920499959960579 0.072419997304677977 -0.009591499809175728 0.1779500022530556 -0.28474999964237208 -0.0074159998912364236 0.55754998326301586 0.11344999819993974 -0.013294999953359364 -0.017585000023245808 0.014605000149458649 0.69775000214576732 0.04454500041902066 0.84724998474121105 0.0058164999354630717 -0.017690000124275681 0.041234999895095832 -0.0093255001120269281 -0.026254999451339241 0.66455000638961803 0.5035499930381776
decision_type=10 2 8 10 2 10 8 2 10 2 10 2 10 2 10 8 2 2 2 10 2 2 2 10 2 2 2 2 10 2
left_child=3 2 -2 4 13 17 7 -5 10 11 12 -10 -8 14 15 -1 -17 -6 28 20 21 -12 -22 24 -16 26 -26 -28 29 -19
right_child=1 -3 -4 6 5 -7 8 -9 9 -11 19 -13 -14 -15 23 16 -18 18 -20 -21 22 -23 -24 -25 25 -27 27 -29 -30 -31
leaf_value=0.0015591981725522836 0.00038149694696217691 0.00072254198698525952 -0.00070358900509909944 0.00040395173779108723 -0.00017030873622769283 0.00031042817368404936 0.00055688918987687375 -0.001699260809929745 -0.0022045395036380949 -3.476059928117211e-05 0.00097076103877468897 -0.00059181023956870495 -0.0012712297911400701 -6.5302031437897552e-05 0.0032489279167599635 -0.0036768496756229303 -0.00055451346760881795 -0.0017699873342589204 -0.00046808833094217164 0.0011046596786724401 -0.0016678760319533438 -0.00076189403683850051 0.00030509259849649799 3.1924081554631085e-05 -0.00097944133660075416 -0.001713409563085796 -0.00023956648203668341 0.0016953714713027661 -0.0033302141160976777 0.00069624179286793581
leaf_weight=220 3759 4474 1991 15952 2695 1874 642 439 939 4710 2358.5 1188 1054 89623.5 241 229 454 1063 1941 2076 788 556 560 1941 339 209 397 1852 368 251
leaf_count=220 3759 4474 1991 15952 2695 1874 642 439 939 4710 2358 1188 1054 89617 241 229 454 1063 1941 2076 788 556 560 1941 339 209 397 1852 368 251
internal_value=6.39545e-06 0.000319438 5.71713e-06 -1.73215e-05 -6.87306e-05 -0.000454387 0.000153199 0.000347521 -6.09876e-05 -0.000429904 0.000252959 -0.00130448 -0.000579297 -3.56465e-05 0.000416147 -0.000833403 -0.00160523 -0.000681254 -0.00106117 0.000475703 0.000169189 0.000640074 -0.000848627 0.000642889 0.0010331 0.000841083 0.00104796 0.00135386 -0.0017449 -0.00129872
internal_weight=145184 10224 5750 134960 103698 8192 31262.5 16391 14871.5 6837 8034.5 2127 1696 95505.5 5882 903 683 6318 3623 6338.5 4262.5 2914.5 1348 4979 3038 2797 2588 2249 1682 1314
internal_count=145177 10224 5750 134953 103691 8192 31262 16391 14871 6837 8034 2127 1696 95499 5882 903 683 6318 3623 6338 4262 2914 1348 4979 3038 2797 2588 2249 1682 1314
is_linear=0
shrinkage=0.03


Tree=83
num_leaves=31
num_cat=0
split_feature=37 87 23 58 67 56 69 52 0 15 63 31 54 89 79 7 71 72 9 12 47 11 0 53 79 6 58 59 13 21
split_gain=1.0093 1.75839 2.08714 1.93126 1.78761 2.07297 1.57196 1.48422 1.4461 1.37999 1.69844 1.31827 1.37186 1.22828 1.20861 1.60555 1.28341 1.12494 1.11528 1.23308 1.1151 1.09711 1.31615 1.09703 1.44531 1.11782 1.09011 1.08206 1.08184 1.03338
threshold=1.0000000180025095e-35 0.64415001869201671 53.875000000000007 21.369999885559086 0.38455000519752508 -0.093915000557899461 0.76774999499320995 1.3184999823570254 0.008188500069081785 -0.021315000019967553 -0.034259999170899384 0.18845000118017199 0.18024999648332599 0.035125000402331359 0.034730000421404846 -0.25665000081062311 1.0000000180025095e-35 2.5000000000000004 0.026765000075101856 0.96244999766349804 -9.4999999999999982 0.030144999735057357 -0.04222499951720237 0.07477500289678575 0.31464999914169317 -0.27535000443458552 16.355000495910648 0.23510000109672549 0.45000000298023229 0.25265000760555273
decision_type=2 2 2 10 8 8 8 10 2 2 2 10 10 2 2 8 8 10 2 2 2 2 2 10 2 8 10 8 2 2
left_child=1 4 8 9 5 7 -5 -1 -3 17 -11 12 13 -7 28 26 -17 -4 -8 23 -15 22 -6 24 25 -20 27 -16 -2 -23
right_child=14 2 3 6 21 11 18 -9 -10 10 -12 -13 -14 20 15 16 -18 -19 19 -21 -22 29 -24 -25 -26 -27 -28 -29 -30 -31
leaf_value=0.00041918103113545969 -0.0015785084431697443 -0.00037633346329294504 -0.00041227090214366718 -0.0024528579939668998 -0.0022766259297107658 -0.0015812075087898655 0.00060918467068376409 0.0030373294625968003 -0.001300794574379444 -0.0022978039520291853 0.00011825747024891915 -0.0005716210828590211 0.0016162298698545287 -0.0017039890017710782 0.00093868446021174562 -0.0020144901769154509 0.00010886197919667908 -0.002391351663706397 0.0019709063048996937 0.0017012123199207569 0.00011959231465001639 -0.00044278301196300733 2.7342512985243924e-05 -0.00030463819300276625 -0.0015577271734856638 -0.00097946761478230637 0.0010396230300284189 -0.001188817539920062 0.0001242871322696798 0.00035277374484789947
leaf_weight=839 698 4546 2531 374 224 474 778 253 2290 264 22136 8416 440 320 408 257 36590 287 204 200 5042 1585 27120 2898 1847 264 2800 453 646 20023
leaf_count=839 698 4545 2531 374 224 474 778 253 2290 264 22136 8416 440 320 408 257 36589 287 204 200 5042 1585 27116 2898 1847 264 2800 453 646 20023
internal_value=-1.21849e-07 -5.04523e-05 -0.000210658 -0.000108366 4.51221e-05 -0.000232495 -0.000566657 0.00102799 -0.000686165 1.09587e-05 8.96812e-05 -0.000326246 2.83693e-06 -0.000119059 0.000124169 0.000153542 9.39978e-05 -0.000614608 -0.000452334 -0.000604988 1.0465e-05 0.000134639 8.38601e-06 -0.000693776 -0.00118057 0.000308053 0.000752644 -0.000180744 -0.000760568 0.0002944
internal_weight=145207 103355 38619 31783 64736 15784 6565 1092 6836 25218 22400 14692 6276 5836 41852 40508 36847 2818 6191 5413 5362 48952 27344 5213 2315 468 3661 861 1344 21608
internal_count=145201 103350 38618 31783 64732 15784 6565 1092 6835 25218 22400 14692 6276 5836 41851 40507 36846 2818 6191 5413 5362 48948 27340 5213 2315 468 3661 861 1344 21608
is_linear=0
shrinkage=0.03


Tree=84
num_leaves=31
num_cat=0
split_feature=72 0 81 82 30 77 74 4 43 3 6 87 67 45 62 85 67 11 60 70 49 2 51 66 19 28 7 63 12 42
split_gain=1.46365 1.32331 1.24639 1.79543 1.72074 1.24289 1.22968 1.17656 1.35983 1.29457 1.6471 1.38284 1.60524 1.29724 1.26293 1.44949 1.19368 1.3363 1.17616 1.13168 1.72537 1.12803 1.25022 1.11525 1.11027 1.10439 1.06877 1.06637 1.06317 1.04882
threshold=4.5000000000000009 0.00021090000518597665 0.039349999278783805 0.9792500138282777 0.12875000387430194 0.92875000834465038 0.010414999909698965 -0.20304999500513074 0.055725000798702247 -0.012785000260919331 -0.50564998388290394 0.58474999666214 0.51354998350143444 1.2555000185966494 0.012130000162869694 0.89915001392364513 0.24755000323057177 0.035565000027418144 -0.0015425000456161795 0.65895000100135814 -0.04717499949038028 -0.090625002980232225 1.6125000119209292 0.046285001561045654 0.78044998645782482 16.045000076293949 0.24835000187158587 -0.0095549998804926855 0.13865000009536746 -0.066404998302459703
decision_type=10 2 2 2 10 2 10 2 2 2 8 2 8 2 2 8 10 2 2 8 8 2 8 2 2 10 10 2 2 2
left_child=2 5 3 4 23 -2 7 8 25 11 -11 12 -9 21 15 27 -15 -18 -5 -6 -21 -12 24 -1 -23 -4 28 -13 -14 -28
right_child=1 -3 6 18 19 -7 -8 9 -10 10 13 14 26 16 -16 -17 17 -19 -20 20 -22 22 -24 -25 -26 -27 29 -29 -30 -31
leaf_value=-0.00040400760843648935 0.00078827297933562899 1.1920511494902288e-05 -0.00058813559032601674 -0.0036222247395346152 -0.0012898092170974286 -0.0014827018224294216 0.00015209312107246882 -0.00040215703542255296 -0.0016549735181256872 0.0023567645514276253 0.0013992816409126236 0.00047345212404663117 -0.00066276960070813526 0.00048987528522099772 -0.0012683780666523624 0.0018481133246880978 -0.00065952735471494625 -0.0040425573125951872 -0.0010023955867919162 0.0017329368076337102 -0.00082309918824490836 -1.3042079750160218e-05 0.00084426612346516418 -0.0019443987265115111 -0.0010532822524249414 0.00060815967113626477 0.0010092556123653857 -0.00085053829895923299 4.2599290920601157e-05 0.00012293165019109189
leaf_weight=2585 4918 5272 805 236 233 226 33339 12838 291 265 517 743 2626 209 2031 257 220 201 445 825 333 52373 1508 505 939 5028 1633 2074 7177.5 4542
leaf_count=2585 4918 5272 805 236 233 226 33336 12838 291 265 517 743 2626 209 2031 257 220 201 445 825 333 52372 1508 505 939 5028 1632 2074 7177 4541
internal_value=3.34167e-06 0.000345954 -2.31386e-05 -0.000480242 -0.000261926 0.00068823 -4.93076e-06 -5.93061e-05 0.000343044 -8.66406e-05 1.65553e-06 -0.000233006 -0.000152372 -9.53767e-06 -0.000688043 -0.000304327 -0.00136209 -0.00228046 -0.00191428 0.000613991 0.000997835 5.88518e-06 -7.28104e-06 -0.000656302 -3.13836e-05 0.000442989 4.8331e-05 -0.000501284 -0.000146392 0.000357449
internal_weight=145194 10416 134778 5162 4481 5144 129616 96277.5 6124 90153.5 56232 33921.5 28816.5 55967 5105 3074 630 421 681 1391 1158 55337 54820 3090 53312 5833 15978.5 2817 9803.5 6175
internal_count=145188 10416 134772 5162 4481 5144 129610 96274 6124 90150 56231 33919 28814 55966 5105 3074 630 421 681 1391 1158 55336 54819 3090 53311 5833 15976 2817 9803 6173
is_linear=0
shrinkage=0.03


Tree=85
num_leaves=31
num_cat=0
split_feature=74 75 80 11 28 85 72 10 67 63 56 86 1 71 10 14 81 21 70 46 1 28 28 57 14 86 72 42 50 19
split_gain=1.32678 1.6312 1.63974 1.59692 1.95594 1.60162 1.45319 1.3826 1.36154 1.52545 1.36884 1.44269 1.55056 1.66939 1.39325 1.40514 1.33059 1.38707 1.32829 1.45215 1.40279 1.98231 1.60442 1.95918 1.85581 2.73491 1.56685 1.46599 1.26903 1.26393
threshold=0.038470000028610236 0.82284998893737804 0.96635001897811901 0.040605001151561744 19.355000495910648 0.92155000567436229 4.5000000000000009 0.28225000202655798 0.33904999494552618 -0.015010000206530092 -0.093915000557899461 0.22674999386072162 -0.096924997866153703 648.50000000000011 0.31695000827312475 0.11564999818801881 0.65444999933242809 0.36165000498294836 1.6134999990463259 0.9556500017642976 0.0041894998867064723 18.935000419616703 18.744999885559086 0.58254998922348034 -0.006108999950811266 0.38754999637603765 1.0000000180025095e-35 -0.1361499950289726 0.099080000072717681 0.54135000705719005
decision_type=10 2 8 2 10 10 10 2 8 2 10 2 2 10 2 2 2 2 10 2 2 10 10 8 2 2 10 2 10 2
left_child=1 6 3 28 -5 7 8 -6 9 -1 -11 -12 -13 14 -14 16 -16 -18 19 20 22 -22 24 27 26 -26 -10 -24 -3 -7
right_child=-2 2 -4 4 5 29 -8 -9 18 10 11 12 13 -15 15 -17 17 -19 -20 -21 21 -23 23 -25 25 -27 -28 -29 -30 -31
leaf_value=0.00053497025037219483 0.00028014305545560013 -0.00017340204731112151 0.00077926579267615661 -0.0010965181183897063 -0.0020397640036285991 2.5452695312876119e-05 0.00041213177513781585 0.00030235676026703389 -0.00062550920574902795 0.00072080013699516061 -0.00095383214584188918 0.00227918856252562 6.586700032037575e-05 -0.0019954299435679954 -0.00069894032829999515 -0.0016718568465432042 -0.00047318291963310914 0.0018892649308685874 0.00048150866207635821 -0.00078475416927866924 0.00055564950595879631 1.1093513869192166e-05 0.00074479293802746731 0.0024389932981341497 0.00096522662389077315 -0.00033483219863237354 0.0014669355432091801 -2.36932932744827e-05 0.0013323369718289801 -0.0021413994662197347
leaf_weight=1981 13755 12449 1288 4254 244 414 7847 3060 9885 1009 3491 212 6187 501 2611 923 474 422 5695.5 2030 9349 16874 2417 307 2154 4491 332 29372.5 524 583
leaf_count=1981 13755 12449 1288 4254 244 414 7847 3060 9885 1009 3491 212 6187 501 2611 923 474 422 5695 2030 9349 16873 2417 307 2154 4491 332 29366 524 583
internal_value=-1.7535e-07 -2.95253e-05 -0.000260106 -0.000322324 -0.000640478 -0.000189271 1.89353e-05 0.000128827 -1.17026e-05 -0.000249671 -0.000347891 -0.00042069 -0.000256348 -0.000304897 -0.000224943 -0.000631016 -0.00035668 0.000640354 3.94229e-05 6.80663e-06 2.819e-05 0.000205252 -6.66496e-05 5.78289e-05 -0.000303582 8.66682e-05 -0.000557379 3.47574e-05 -0.000112485 -0.0012425
internal_weight=145136 131381 22816 21528 8555 4301 108565 3304 100718 17811 15830 14821 11330 11118 10617 4430 3507 896 82907 77211.5 75181.5 26223 48958.5 32096.5 16862 6645 10217 31789.5 12973 997
internal_count=145128 131373 22816 21528 8555 4301 108557 3304 100710 17811 15830 14821 11330 11118 10617 4430 3507 896 82899 77204 75174 26222 48952 32090 16862 6645 10217 31783 12973 997
is_linear=0
shrinkage=0.03


Tree=86
num_leaves=31
num_cat=0
split_feature=0 60 1 58 62 83 15 53 65 66 56 52 15 60 60 56 62 68 76 81 81 62 60 26 59 50 71 58 56 56
split_gain=1.27675 1.89988 2.50624 2.41504 1.94567 1.5747 1.42943 1.75316 1.60383 1.73549 1.99592 3.31889 2.33181 1.82428 3.15836 1.87765 1.60042 1.53792 2.26841 2.13644 1.53783 1.50321 1.65269 1.46864 1.3722 1.37901 1.35349 1.28551 1.24362 2.01443
threshold=-0.04019499942660331 0.012045000214129688 -0.068764999508857713 16.590000152587894 -0.007031999994069337 0.1171500012278557 -0.14465000480413434 -0.13515000045299527 -0.0074159998912364236 -0.019345000386238095 -0.028039999306201931 0.88765001296997081 -0.2955500036478042 0.0011079999967478218 0.0027619999600574379 0.013900000136345627 -0.039055000990629189 0.55445000529289257 0.75049999356269848 0.15734999626874926 0.48315000534057623 -0.014770000241696833 -0.0064225001260638228 0.21845000237226489 0.99009999632835399 -0.046064998954534524 13.500000000000002 42.57500076293946 0.18425000458955768 0.13920000195503238
decision_type=2 2 2 10 2 8 2 8 10 2 8 8 2 2 2 8 2 10 2 2 2 2 2 2 8 10 8 10 8 10
left_child=1 2 3 4 -1 -4 8 27 -2 -10 11 20 -13 -12 -15 16 -16 19 -19 28 -11 -14 -23 -24 -5 -26 -20 -8 29 -9
right_child=6 -3 5 24 -6 -7 7 17 9 10 13 12 21 14 15 -17 -18 18 26 -21 -22 22 23 -25 25 -27 -28 -29 -30 -31
leaf_value=0.00030686050676220414 -0.00049688427089236633 -0.0022701200055307708 -0.0028923899730402204 -0.00085950079863205547 0.0034312225856568011 -0.00064778616581134048 -0.0007986225238184009 -0.00048296327342124738 -2.7951675040715438e-05 0.00042856832120874471 -0.00046117150498606085 0.0033533916216070734 0.0021640736303559244 0.0031850775198954333 0.0027100886728588887 -0.00056949804530174325 -0.00059294236851579487 0.00027866780741259373 0.00052684950415727639 -2.3405365480522057e-05 -0.0022021956432293705 0.0020671236722459947 0.0011983268725625838 -0.0015859592445937707 0.0027049201728087387 -0.00054340789350506126 -0.00041839762720087347 0.0010040143076001616 0.00087380898172623493 -0.0025935166272530986
leaf_weight=357 2074 479 322 1017 360 2188 3799 8726 5215 1341 1961 639 918 406 382 997 201 29555.5 1649 71780.5 234 392 302 389 237 232 7849 392 560 426
leaf_count=357 2074 479 322 1017 360 2188 3799 8726 5215 1341 1961 639 918 406 382 997 201 29552 1649 71779 234 392 302 389 237 232 7849 392 560 426
internal_value=-1.00986e-05 -0.000472018 -0.000288828 0.000449507 0.00187817 -0.000936777 7.01234e-06 -2.67038e-05 0.000279189 0.000399542 0.000672653 0.00112655 0.00177656 0.000187776 0.000828464 0.000221272 0.00157224 -5.73048e-06 0.000149056 -7.99097e-05 3.65626e-05 0.00127159 0.00051379 -0.00036912 -0.000240629 0.00110033 -0.00025425 -0.000629816 -0.000497482 -0.000581476
internal_weight=145380 5192 4713 2203 717 2510 140188 124737 15451 13377 8162 4215 2640 3947 1986 1580 583 120546 39053.5 81492.5 1575 2001 1083 691 1486 469 9498 4191 9712 9152
internal_count=145375 5192 4713 2203 717 2510 140183 124732 15451 13377 8162 4215 2640 3947 1986 1580 583 120541 39050 81491 1575 2001 1083 691 1486 469 9498 4191 9712 9152
is_linear=0
shrinkage=0.03


Tree=87
num_leaves=31
num_cat=0
split_feature=80 79 77 21 85 89 24 65 28 21 87 49 19 67 58 52 24 53 65 5 82 45 59 30 52 14 39 58 52 0
split_gain=1.10762 1.37618 1.40685 1.33638 1.08343 1.42059 1.32248 1.32177 1.6758 1.52196 1.18614 1.88442 1.39855 1.25794 1.12536 1.12215 1.23511 1.50944 1.26253 1.11318 1.22955 1.37959 1.10414 1.09889 1.09686 1.06385 1.09282 1.03312 1.87421 1.03281
threshold=0.90345001220703136 0.99445000290870678 0.99805000424385082 0.71064999699592601 0.51695001125335704 0.88809999823570263 -0.0017295000143349169 0.016869999468326572 16.57499980926514 0.4585500061511994 0.33975000679492956 0.039774999022483833 0.23375000059604648 0.28814999759197241 10.409999847412111 1.2235000133514407 0.0040384999010711917 0.12824999541044238 -0.010824999772012232 -0.36865000426769251 0.93125000596046459 0.069694999605417265 0.81250000000000011 -0.16665000468492505 0.94644999504089367 0.016084999777376655 0.043795000761747367 15.565000057220461 1.4365000128746035 0.015874999575316909
decision_type=10 2 2 2 10 2 2 10 10 2 2 10 2 8 10 10 2 10 10 2 2 2 8 10 10 2 2 10 10 2
left_child=1 2 4 -2 5 6 10 19 -9 24 11 13 -13 -1 -12 -8 -17 18 -18 -6 29 -22 -23 -20 -10 26 -7 -25 -29 -21
right_child=3 -3 -4 -5 7 25 15 8 9 -11 14 12 -14 -15 -16 16 17 -19 23 20 21 22 -24 27 -26 -27 -28 28 -30 -31
leaf_value=-0.0011585799278358796 0.00029259892907900723 0.0022050229702257973 -0.0016028015467959749 -0.0015245299759497717 0.00069296747590395866 -0.0029197055469832511 0.00011748302317123533 -0.0014641315295757717 0.0011542457396542887 0.0024734337304173491 0.0015008478733848352 -0.00051632120565225275 0.00079081988204821139 -0.00016957146645697681 -0.00056335811900812044 -0.00061841706045137309 0.0026997605112183214 -0.0012177144511775189 -0.00084894198674562919 0.0001038090578085957 -0.002765200348838748 -0.00062983254938167479 0.00079821697616992151 -3.2442428323446547e-05 -0.00042799021026528462 -0.00045315479276928565 -0.00041094138181250225 0.00017770468994869425 0.0033451192055962572 -0.00022483991131497645
leaf_weight=1294 13999.5 246 513 373 2200 349 29319 276 1099 496 243 971 3044 10903 9296 4333 220 542 536 44766.5 232 2756 591 739 614 3221 283 378 302 10653
leaf_count=1294 13997 246 513 373 2200 349 29317 276 1099 496 243 970 3044 10903 9296 4333 220 542 536 44764 232 2756 591 739 614 3221 283 378 302 10653
internal_value=-4.60081e-06 -3.2147e-05 -3.63918e-05 0.000245337 -3.01819e-05 -0.000115384 -8.07082e-05 5.80839e-05 0.000736198 0.00101165 -0.000245205 -8.90141e-05 0.000474647 -0.000274583 -0.000510622 3.57669e-05 -0.000304036 0.000197373 0.000550404 3.05371e-05 5.82432e-06 -0.000533016 -0.00037751 0.000307276 0.000587197 -0.000674278 -0.00179874 0.000744305 0.00158726 4.06317e-05
internal_weight=144788 130416 130170 14372.5 129656 65973 62120 63683.5 2485 2209 25751 16212 4015 12197 9539 36369 7050 2717 2175 61198.5 58998.5 3579 3347 1955 1713 3853 632 1419 680 55419.5
internal_count=144780 130410 130164 14370 129651 65970 62117 63681 2485 2209 25750 16211 4014 12197 9539 36367 7050 2717 2175 61196 58996 3579 3347 1955 1713 3853 632 1419 680 55417
is_linear=0
shrinkage=0.03


Tree=88
num_leaves=31
num_cat=0
split_feature=2 75 81 60 59 60 29 53 68 59 28 77 28 77 60 79 87 26 28 78 30 1 66 58 58 22 72 1 67 79
split_gain=1.24009 1.18915 1.37911 1.57594 1.71361 1.34024 1.30035 1.14732 1.97142 1.65798 1.52781 2.44944 1.47115 1.43915 1.33095 1.29001 1.40905 1.45468 1.40746 1.28886 1.57899 1.56902 1.29189 1.27976 2.21888 1.30642 1.27952 1.29777 1.33025 1.27853
threshold=-0.090625002980232225 0.015519999898970129 0.37524999678134924 -0.032785000279545777 0.10120500251650812 0.012389999814331533 0.26344999670982366 0.041354998946189887 0.56064999103546154 0.86210000514984142 22.505000114440922 0.97044998407363903 20.445000648498539 0.027329999953508381 -0.0067790001630783072 0.99445000290870678 0.9032999873161317 0.13094999641180041 17.314999580383304 0.55195000767707836 0.63255000114440929 0.012124999891966583 -0.0046079999301582566 26.125000000000004 24.494999885559086 -0.64910000562667836 4.5000000000000009 0.020705000497400764 0.19974999874830249 0.91775000095367443
decision_type=2 2 2 2 8 2 8 8 10 8 10 2 10 2 2 2 2 2 10 2 10 2 2 8 10 2 8 2 10 2
left_child=1 -1 3 -3 -5 -6 -4 15 9 10 13 -12 23 -9 -11 16 17 18 -2 21 -21 -16 -23 24 -10 -25 27 28 -15 -28
right_child=7 2 6 4 5 -7 -8 8 12 14 11 -13 -14 26 19 -17 -18 -19 -20 20 -22 22 -24 25 -26 -27 29 -29 -30 -31
leaf_value=-0.00070401022317672984 -0.0015057987068562886 -0.0010663152053680214 -0.0018075573140160543 -0.00096404736390597349 0.0011653351395626049 -0.00043680071696946589 0.0001354048424268242 -0.0013762806124565981 0.00050830944622315909 -0.00062442795187814325 -0.0011375802963748396 0.0021018608595778491 -8.4402749465743165e-05 0.0020103697896873248 -0.00063058176211028738 0.001580352489411686 -0.00059224554788152393 -3.0123574901488715e-05 -0.00031440449063861514 0.0013327076120188592 -0.00076486629604807636 -0.00027571480931278837 0.0023240254743029532 0.0021653432745341828 0.0028186451692201698 -0.0003178693649465068 -6.2871710084679453e-05 -0.0016928551068444819 -0.00059539005943775377 0.00048179009636212472
leaf_weight=922 1050 421 348 436 4441 525 2774 740 12236 883 2229 231 6603 210 1178 396 5518 47706 5921 2422 372 310 385 205 385 2563 37981 824 1072 4319
leaf_count=922 1050 421 348 436 4441 525 2774 740 12236 883 2229 231 6601 210 1178 396 5518 47701 5920 2422 372 310 385 205 385 2563 37981 824 1072 4319
internal_value=-3.41795e-06 0.000321291 0.00042704 0.000699758 0.000837567 0.000995905 -8.16808e-05 -2.70235e-05 5.12932e-05 -4.75421e-05 -0.000104752 -0.000832658 0.000290175 -6.50709e-05 0.000443115 -0.000124155 -0.000135394 -8.92791e-05 -0.000494047 0.000645186 0.00105326 3.6217e-05 0.0011657 0.000450892 0.000579003 -0.000133245 -4.31898e-05 -0.000764723 -0.000167315 -7.24948e-06
internal_weight=145606 9867 8945 5823 5402 4966 3122 135739 75148 53156 47606 2460 21992 45146 5550 60591 60195 54677 6971 4667 2794 1873 695 15389 12621 2768 44406 2106 1282 42300
internal_count=145598 9867 8945 5823 5402 4966 3122 135731 75146 53156 47606 2460 21990 45146 5550 60585 60189 54671 6970 4667 2794 1873 695 15389 12621 2768 44406 2106 1282 42300
is_linear=0
shrinkage=0.03


Tree=89
num_leaves=31
num_cat=0
split_feature=82 59 67 25 15 1 87 28 58 28 18 88 46 55 74 56 58 52 56 66 11 53 28 59 52 53 54 59 6 11
split_gain=0.999025 1.64205 1.43447 1.49128 1.76506 1.34539 1.5967 1.20051 1.97175 1.91614 1.3545 1.61943 1.41133 1.17126 1.1436 1.11455 1.10936 1.05177 1.02759 1.55801 1.02098 1.0001 0.925861 1.12363 1.09945 0.968722 1.55111 1.57263 1.50176 1.40354
threshold=0.92054998874664318 0.99509999155998241 0.30044999718666082 33.23500061035157 -0.16064999997615811 -0.096924997866153703 0.027370000258088115 21.304999351501468 15.805000305175783 21.064999580383304 1.2484999895095827 0.83155000209808361 0.67505002021789562 1.0000000180025095e-35 0.1300499960780144 0.07536999881267549 26.125000000000004 1.2795000076293948 0.075980000197887435 0.011454999912530186 0.04981499910354615 0.065425001084804549 22.855000495910648 0.016864999197423462 1.3935000300407412 0.046764999628067024 -0.154849998652935 0.99509999155998241 -0.4586500078439712 0.031424999237060554
decision_type=2 10 10 2 2 2 2 10 10 10 2 2 2 2 10 10 10 8 8 2 2 10 10 10 10 8 10 10 8 2
left_child=14 2 5 4 -4 -2 -7 9 18 10 13 12 -12 17 22 -10 -6 -8 19 -9 -14 -5 25 -24 -25 26 28 -28 -1 -29
right_child=1 -3 3 21 16 6 7 8 15 -11 11 -13 20 -15 -16 -17 -18 -19 -20 -21 -22 -23 23 24 -26 -27 27 29 -30 -31
leaf_value=-0.0006397783649490068 0.00089039676430124675 0.0023584308691519812 -0.0016524541788203613 0.0018035370010302512 -0.00012618533420739232 -0.0030058149730909493 -0.0011960604164340121 0.00087991621169699144 0.0017902517093017721 -0.0031736773115844698 0.0010679918390537084 0.002375538751498952 5.0278953144022512e-05 -0.0016139037198581601 0.0015971542191864163 -0.00050865691858588858 0.0021358623487276636 0.00087694951891899102 -0.0027706279957390115 -0.0021440816358311698 -0.0028111479727837337 0.00019908632560420596 -0.002627820980433427 -0.00067069452120555734 0.00083920775647616916 9.1633788270366768e-05 -8.7075116661372961e-05 -0.0023824874535603915 0.00072286251514240747 -0.0004716034206538347
leaf_weight=904 477 207 688 589 2938 272 482 363 569 319 313 232 201 1579 404 284 208 404 221 264 253 859 212 2132 544 67138.5 56585 481 3722 1228
leaf_count=904 477 207 688 589 2938 272 482 363 569 319 313 232 201 1579 404 284 208 404 221 264 253 859 212 2132 544 67138 56579 481 3722 1228
internal_value=-1.79189e-05 -0.000283436 -0.000331129 3.26134e-05 -0.000277185 -0.000639329 -0.00076623 -0.000654621 7.34707e-06 -0.000952194 -0.000746761 0.000184975 -0.000479851 -0.00112429 5.42304e-06 0.00102515 2.40027e-05 -0.000250882 -0.00101646 -0.000394733 -0.00154698 0.00085252 5.74086e-07 -0.000530616 -0.00036355 1.23734e-05 -7.22012e-05 -0.000114164 0.000456498 -0.0010105
internal_weight=145072 11722 11515 5282 3834 6233 5756 5484 1701 3783 3464 999 767 2465 133350 853 3146 886 848 627 454 1448 132946 2888 2676 130058 62920 58294 4626 1709
internal_count=145066 11722 11515 5282 3834 6233 5756 5484 1701 3783 3464 999 767 2465 133344 853 3146 886 848 627 454 1448 132940 2888 2676 130052 62914 58288 4626 1709
is_linear=0
shrinkage=0.03


Tree=90
num_leaves=31
num_cat=0
split_feature=53 28 71 67 77 39 63 76 60 39 74 61 39 60 60 2 9 49 68 24 62 23 71 84 86 60 15 28 30 70
split_gain=1.01283 2.13008 1.81285 2.11754 1.9368 1.61286 1.397 1.36935 1.60362 1.84498 1.31456 1.31725 1.27988 1.69065 1.90818 1.26898 1.2738 1.25832 1.24188 1.68798 1.25583 1.2316 1.8633 1.32116 1.19915 1.2539 1.32896 1.65319 1.40472 1.1978
threshold=0.044125000014901168 20.625000000000004 37.500000000000007 0.33644999563694006 0.027329999953508381 0.026054999791085724 0.023249999620020393 0.39894999563694006 -0.032785000279545777 0.040765000507235534 -0.037474999204277985 -0.019770000129938122 0.024954999797046188 -0.013855000026524065 -0.018304999917745587 -0.090625002980232225 -0.064714998006820665 0.17435000091791156 0.32684999704360967 -0.0050564999692142001 -0.14935000240802762 65.354999542236342 4.5000000000000009 0.96105000376701366 0.063085000962018981 0.016594999469816688 -0.24804999679327008 19.744999885559086 -0.34884999692440027 0.43230000138282781
decision_type=8 10 8 8 2 2 2 2 2 2 10 2 2 2 2 2 2 10 8 2 2 2 10 10 2 2 2 10 10 8
left_child=7 2 21 5 -5 -4 10 8 -1 18 -3 -12 13 14 -9 16 -6 -8 19 -10 -20 29 -23 -24 -11 26 27 28 -26 -2
right_child=1 6 3 4 15 -7 17 12 9 24 11 -13 -14 -15 -16 -17 -18 -19 20 -21 -22 22 23 -25 25 -27 -28 -29 -30 -31
leaf_value=-0.0014056495512001221 -0.0012439546043585843 -0.00050243171543013941 0.00096389538610545814 -0.0016335581364005074 0.00058035697744153957 -0.00084953641426487373 0.00032054107765044736 0.00022760469362750148 -0.0018966417976904874 -0.00028509679139398884 0.0012059627383108804 -8.1787504775557936e-05 -0.00028844462529095774 0.00023914647914126044 -0.0036512406873305072 0.00015627133260282631 0.0032245686412435263 0.0029630521057416224 -0.0019373569080019242 -8.1422936213066972e-05 4.7502233425057604e-05 0.0016815893088985543 -0.00018365326723556409 -0.002672888872389128 -0.0005058545907511003 -0.00047353861201271348 0.00051178255531410428 0.0026169822437377126 0.0019116529131887724 0.00061042037314656809
leaf_weight=648 320 7289 509 531 534 3287 510 237 755 1674 737 22843 31872 7663 219 22649 236 237 291 1182 16389 465 2633 206 456 870 5391 679 410 13585
leaf_count=648 320 7289 509 531 534 3287 510 237 755 1674 737 22841 31872 7663 219 22649 236 237 291 1182 16384 465 2633 206 456 870 5391 679 410 13585
internal_value=-5.67059e-06 6.93712e-05 0.000202064 5.20243e-05 0.00015637 -0.000606186 -0.000119305 -8.9266e-05 6.86706e-05 0.000102722 -0.000150343 -4.1489e-05 -0.000202788 0.000133463 -0.00163918 0.000197022 0.00139392 0.00116177 -7.07558e-05 -0.000789569 1.27602e-05 0.000443954 -7.66748e-05 -0.000365152 0.000443371 0.000599608 0.000734265 0.00150974 0.000639578 0.000567659
internal_weight=145307 76571 44955 27746 23950 3796 31616 68736 28745 28097 30869 23580 39991 8119 456 23419 770 747 18617 1937 16680 17209 3304 2839 9480 7806 6936 1545 866 13905
internal_count=145300 76569 44955 27746 23950 3796 31614 68731 28740 28092 30867 23578 39991 8119 456 23419 770 747 18612 1937 16675 17209 3304 2839 9480 7806 6936 1545 866 13905
is_linear=0
shrinkage=0.03


Tree=91
num_leaves=31
num_cat=0
split_feature=0 74 64 71 4 12 51 79 59 75 77 5 48 64 20 81 77 56 19 85 7 50 46 82 22 67 67 56 20 80
split_gain=1.39848 1.31994 1.38483 1.74031 1.3249 2.16365 1.3134 1.46717 1.3614 1.32617 1.22722 1.24707 1.18663 1.18622 1.5233 1.10047 1.16113 1.13938 1.18007 1.08809 1.29536 1.11282 1.0622 1.05902 1.74873 1.42805 1.26893 1.39085 1.2382 1.14212
threshold=0.0075884999241679916 -0.029110000468790528 0.021940000355243686 65.500000000000014 0.50145000219345104 0.32005000114440924 -0.33685000240802759 0.91775000095367443 0.35810001194477087 0.120449997484684 0.94024997949600231 0.0072515001520514497 0.42075000703334814 0.024179999716579918 0.22134999930858615 0.039349999278783805 0.027329999953508381 0.055700000375509269 0.48364999890327459 0.033940000459551818 1.4095000028610232 -0.028994999825954434 0.9556500017642976 0.90929999947547924 -0.54954999685287464 0.37344999611377722 0.65415000915527355 -0.014830000232905148 0.40764999389648443 0.74584999680519115
decision_type=2 10 2 8 2 2 8 2 10 2 2 2 2 2 2 2 2 8 2 10 10 10 2 2 2 10 8 10 2 8
left_child=1 2 15 -4 12 -6 8 10 -2 -9 23 -12 -3 19 -15 17 -17 -1 -19 -14 22 -22 -21 24 26 -25 -8 -28 29 -26
right_child=6 4 3 -5 5 -7 7 9 -10 -11 11 -13 13 14 -16 16 -18 18 -20 20 21 -23 -24 25 28 -27 27 -29 -30 -31
leaf_value=-0.0002347651543850684 -0.00061844376061868239 0.0011477119271101296 -0.00047994997345812349 0.0013151444883869291 0.0011406899465436346 -0.0016461072696986618 0.00029890201169625131 -0.0017913405449657017 0.0015354879678093354 0.00045728585179146064 -0.0019384371014219731 -0.00045927402416934228 -0.00084061714546891837 -0.0029357015117939104 -0.00026908511965879423 -0.0010264523121340519 -3.0099748175644476e-05 -0.00080439676992555807 -0.0031225626129120334 0.00020459200822083276 0.0025015399816416674 0.00057799058223121649 -0.00063102637983572258 -0.0012541845994043629 -0.00018543811720798944 0.00033432284535420603 0.00055735193137210648 0.003980903605758309 -0.00056894169709280535 0.00028612475721848069
leaf_weight=1620 388 1122 750 1378 355 848 892 248 823 4547 681 2074 909 218 1614 1085 34314 602 294 50877 380 938 1406 1692 22100 728 212 215 5786 5844
leaf_count=1620 388 1122 750 1378 355 848 892 248 823 4547 681 2074 909 218 1614 1085 34314 602 294 50869 380 938 1406 1692 22100 728 212 215 5786 5844
internal_value=7.0495e-06 7.08224e-05 -6.19623e-05 0.000682547 0.000161454 -0.000823471 -0.000129116 -0.00015535 0.000845435 0.000340636 -0.000214482 -0.000825474 0.000182087 0.000162837 -0.000587829 -0.000103765 -6.06667e-05 -0.000709877 -0.00156768 0.000188076 0.000205537 0.00113406 0.000182109 -0.000169537 -0.000127616 -0.000776379 0.000943569 0.00228643 -0.000169531 -8.68123e-05
internal_weight=144940 98710 40043 2128 58667 1203 46230 45019 1211 4795 40224 2755 57464 56342 1832 37915 35399 2516 896 54510 53601 1318 52283 37469 35049 2420 1319 427 33730 27944
internal_count=144932 98702 40043 2128 58659 1203 46230 45019 1211 4795 40224 2755 57456 56334 1832 37915 35399 2516 896 54502 53593 1318 52275 37469 35049 2420 1319 427 33730 27944
is_linear=0
shrinkage=0.03


Tree=92
num_leaves=31
num_cat=0
split_feature=85 67 81 81 56 15 58 24 12 89 17 65 83 0 61 56 7 62 58 46 87 0 86 85 85 47 81 62 32 49
split_gain=1.30423 1.38621 2.30661 1.43101 1.92244 1.79912 1.36613 1.73102 1.31805 1.26833 1.29933 1.28922 1.26555 1.58412 1.45475 1.26071 1.32189 1.24066 1.21393 1.52297 1.18991 1.24032 1.12437 1.124 1.55133 1.16458 1.1092 1.21067 1.27359 1.11957
threshold=0.51695001125335704 0.37105000019073492 0.89904999732971203 0.63934999704360973 0.20325000584125522 -0.24804999679327008 19.365000724792484 -0.0051484999712556592 0.97654998302459728 0.1316500008106232 -0.076384998857974992 -0.00034260000393260265 0.022965000011026863 -0.044445000588893883 0.015254999976605179 0.019155000336468223 1.5534999966621401 -0.013294999953359364 11.089999675750734 0.8729500174522401 0.98074999451637279 0.075934998691082015 0.5456499755382539 0.89225000143051159 0.92875000834465038 7.5000000000000009 0.19755000621080401 0.0053199999965727338 0.064154997467994704 0.55834999680519115
decision_type=10 10 2 2 10 2 10 2 2 2 2 10 10 2 2 8 10 2 10 2 2 2 2 10 10 2 2 2 10 10
left_child=8 3 18 5 15 12 -4 -8 20 22 26 -12 17 -14 -15 -5 -17 -2 19 -3 21 -1 -7 25 -25 -20 27 -11 -29 -28
right_child=1 2 6 4 -6 9 7 -9 -10 10 11 -13 13 14 -16 16 -18 -19 23 -21 -22 -23 -24 24 -26 -27 29 28 -30 -31
leaf_value=-6.3308294291894467e-05 0.0008271513417953271 -0.00010415268978481232 -4.6567442945949589e-05 -8.4003042336954772e-05 -0.0016779725481371444 -0.0011139041709701542 0.0013960762243355952 -0.0013982971410168759 0.0020072372640025093 -9.5819604398351095e-05 -0.00012156708786884944 -0.0027412542317875881 -0.0014957589665293479 0.0017587701121214193 -0.00062036942852862205 0.00051979831582734629 0.0024630571480951709 -0.0021887913366629816 0.00029090939452479554 -0.0025679535782001765 -0.0015181326599140624 -0.0020359455910026253 0.0010774572341141046 0.0012392218538599239 0.00034061991860591997 -0.00057427093348197086 0.0001300965397081078 0.00096079036645796239 -0.0015619517036322139 -0.0020138720924908343
leaf_weight=73120.5 231 2250 4098 3624 447 2540 228 1557 272 2014 323 354 207 1199 286 4481 338 260 28006.5 250 514 287 229 2669.5 4908 1473 7294 208 1314 225
leaf_count=73119 231 2250 4097 3624 447 2540 228 1557 272 2014 323 354 207 1199 286 4481 338 260 28004 250 514 287 229 2669 4908 1473 7294 208 1314 225
internal_value=1.45133e-05 0.000106412 0.000205847 -7.02644e-05 0.000237147 -0.000234071 -0.000348356 -0.00104079 -7.34477e-05 -0.000354949 -0.000218602 -0.00149341 0.000568674 0.000957685 0.00130046 0.000338726 0.000656579 -0.000771088 0.000288276 -0.000351461 -8.11308e-05 -7.10483e-05 -0.000932352 0.000331443 0.000657313 0.000247661 -0.000140405 -0.000578524 -0.00121678 6.56807e-05
internal_weight=145208 71014 45440 25574 8890 16684 5883 1785 74193.5 14501 11732 677 2183 1692 1485 8443 4819 491 39557 2500 73921.5 73407.5 2769 37057 7577.5 29479.5 11055 3536 1522 7519
internal_count=145202 71010 45436 25574 8890 16684 5882 1785 74192 14501 11732 677 2183 1692 1485 8443 4819 491 39554 2500 73920 73406 2769 37054 7577 29477 11055 3536 1522 7519
is_linear=0
shrinkage=0.03


Tree=93
num_leaves=31
num_cat=0
split_feature=80 60 62 70 22 41 59 57 61 0 29 48 60 62 66 49 81 57 88 46 4 66 21 61 1 67 87 7 47 0
split_gain=0.905639 1.46032 1.5361 1.64379 1.34071 1.73212 1.21323 1.69915 1.58092 1.1305 1.02738 1.25004 1.02481 1.01019 1.04128 0.981357 0.960863 0.900892 1.00165 0.97979 1.20184 0.943386 0.884197 0.868721 0.864257 0.856923 1.18428 1.71116 1.16531 1.23318
threshold=0.93264999985694896 0.0017820000066421928 -0.049990000203251832 0.7852500081062318 -0.12875000387430188 0.05055500008165837 0.62799999117851268 0.24734999984502795 0.012810000218451025 -0.00020734999998239798 0.80265000462532055 1.5485000014305117 0.005208000075072051 -0.047884998843073838 0.025320000015199188 -0.01723500061780214 0.89225000143051159 0.1819499954581261 0.44724999368190771 0.91495001316070568 0.30005000531673437 -0.03361499868333339 0.34765000641345983 -0.013509999960660933 -0.0095844999887049181 0.69734999537467968 0.80654999613761913 -0.30795000493526453 -1.4999999999999998 0.03456499986350537
decision_type=10 2 2 8 2 2 10 10 2 2 10 2 2 2 2 8 2 8 2 2 2 2 2 2 2 10 2 10 2 2
left_child=25 4 6 9 10 -6 15 8 -8 -4 11 13 22 -2 17 -3 -14 18 21 20 -20 -15 -5 -16 -24 -1 28 -28 -27 -30
right_child=1 2 3 12 5 -7 7 -9 -10 -11 -12 -13 16 14 23 -17 -18 -19 19 -21 -22 -23 24 -25 -26 26 27 -29 29 -31
leaf_value=-4.4105302702412397e-05 0.0029370712272345726 -0.00076536263818578678 -0.00069543597630027977 -0.00033236799153040495 -0.0020058647009083288 0.00071164675896259234 0.00010827340309818585 0.0015095193382113079 -0.003546511379203626 0.0019104667617855003 0.0027983849054339146 -0.00063127699666804644 0.00018961588363462954 -0.0014886058111009853 -0.0017628415167065602 0.0015334819021518341 -0.0020423226727493251 0.0020512435643001655 0.0011482997439362895 -0.00052963605802506207 0.0035754493114932657 0.00062614093298232819 -0.00075609796400438398 0.00038991084022747048 -0.0031059617960867898 -1.4755928252866461e-05 0.0021261434277811166 -0.0006872298695709964 0.00047111400779230409 0.00261765134257141
leaf_weight=118948 202 203 273 271 381 471 224 243 202 330 217 565 698 261.5 209 931 230 645 779 209 240 685 206 857 450 6093 213 2145 7441 248
leaf_count=118943 202 203 273 271 381 471 224 243 202 330 217 565 698 260 209 931 230 645 779 209 240 685 206 857 450 6093 213 2145 7441 248
internal_value=4.10483e-06 0.000279829 -0.000140617 -0.000628355 0.00059292 -0.000504505 0.000524287 -0.000488444 -0.00162899 0.000731482 0.000784997 0.000690508 -0.00107055 0.000873323 0.000765305 0.00112165 -0.000365162 0.00106719 0.000774492 0.00133941 0.0017229 4.09221e-05 -0.00177554 -3.34144e-05 -0.00237032 -1.62721e-05 0.000188842 -0.000432302 0.000295139 0.00054068
internal_weight=145070 9982.5 4261 2458 5721.5 852 1803 669 426 603 4869.5 4652.5 1855 4087.5 3885.5 1134 928 2819.5 2174.5 1228 1019 946.5 927 1066 656 135088 16140 2358 13782 7689
internal_count=145064 9981 4261 2458 5720 852 1803 669 426 603 4868 4651 1855 4086 3884 1134 928 2818 2173 1228 1019 945 927 1066 656 135083 16140 2358 13782 7689
is_linear=0
shrinkage=0.03


Tree=94
num_leaves=31
num_cat=0
split_feature=53 77 28 2 67 71 6 17 28 46 89 63 6 28 28 8 69 28 80 74 22 16 88 24 53 66 62 21 80 76
split_gain=1.22777 2.01933 1.6833 1.83117 1.9548 2.64373 1.35154 1.24508 1.22231 1.24121 1.17141 1.30279 1.41594 1.57604 1.30965 1.15283 1.13689 1.13014 1.13524 1.11291 1.40802 1.45317 1.3587 1.29054 1.22235 1.18955 1.10015 1.093 1.07308 1.08074
threshold=0.038504999130964286 0.022900000214576725 20.545000076293949 -0.096085000783205018 0.33904999494552618 57.500000000000007 0.91185000538826 -0.27885000407695765 14.114999771118166 0.9556500017642976 0.80454999208450328 0.043360000476241119 -0.31344999372959131 17.005000114440922 18.964999198913578 -0.084454998373985277 0.87084999680519115 19.945000648498539 0.97374999523162853 -0.028684999793767926 -0.41994999349117274 0.068874999880790724 0.21884999424219134 -0.0014705000212416051 0.11874999850988389 0.018199999816715721 -0.007031999994069337 0.21145000308752063 0.19025000184774402 0.51375001668930065
decision_type=8 2 10 2 8 8 10 2 10 2 2 2 8 10 10 2 10 10 10 10 2 2 2 2 8 2 2 2 10 2
left_child=10 6 3 16 5 -5 -2 -7 -6 -10 -1 12 13 -12 -15 -4 -3 18 -14 22 21 23 -17 -21 -22 26 -25 -26 -24 -30
right_child=1 2 15 4 8 7 -8 -9 9 -11 11 -13 17 14 -16 19 -18 -19 -20 20 24 -23 28 25 27 -27 -28 -29 29 -31
leaf_value=-3.7084721360941852e-05 -0.00063585402555276632 0.002674422334110953 0.0022060355453043063 0.00021338544819738062 0.0016262771047174309 -0.0024516427009038098 -0.0031646460855113902 -0.00073412414439044584 0.0003007506932396126 -0.00038138121665038792 -0.0015547487546649316 -0.0026633509163017546 -0.00084710118983225425 0.0031164439658115384 0.00049853864859072256 -0.0010513295290591916 0.00070707629258483825 -0.00011203985467727346 0.0011992487896520078 -0.00091983060901186823 0.00021421337119863093 0.0020950789669972459 -0.00092935046351668305 0.003493771076177776 -0.0010923010074332816 -0.00034019336161573473 0.00059484795885922208 -0.0001396408432115172 -0.0004622031409888591 0.00034877335183241545
leaf_weight=54953 1207 407 200 3609 591 467 225 2027 33545 2585 206 218 4871 261 502 1963 754 5038 256 501 9964 565 1347 226 1204 339 246 10790 2558 3503
leaf_count=54947 1207 407 200 3609 591 467 225 2027 33545 2585 206 218 4871 261 502 1963 754 5038 256 501 9963 565 1347 226 1204 339 246 10790 2558 3503
internal_value=7.38743e-07 8.07678e-05 0.000101429 0.000223358 0.000191468 -0.000305677 -0.00103512 -0.00105658 0.0002741 0.000251937 -9.43991e-05 -0.00037182 -0.000326717 0.000768495 0.00139695 -5.91158e-05 0.00139846 -0.000431186 -0.000744709 -7.28249e-05 3.60781e-05 0.000824498 -0.000349792 0.000276156 -3.13516e-05 0.00101521 0.00198734 -0.000235355 -0.000163779 6.48697e-06
internal_weight=145128 78823 77391 43985 42824 6103 1432 2494 36721 36130 66305 11352 11134 969 763 33406 1161 10165 5127 33206 23835 1877 9371 1312 21958 811 472 11994 7408 6061
internal_count=145121 78822 77390 43985 42824 6103 1432 2494 36721 36130 66299 11352 11134 969 763 33405 1161 10165 5127 33205 23834 1877 9371 1312 21957 811 472 11994 7408 6061
is_linear=0
shrinkage=0.03


Tree=95
num_leaves=31
num_cat=0
split_feature=0 6 39 58 9 0 71 28 12 23 77 71 53 67 81 42 48 62 24 48 87 72 89 80 58 56 21 62 28 81
split_gain=1.31818 1.61983 2.28326 1.35173 1.69089 1.17533 2.2534 1.45216 2.05492 2.40912 1.50703 1.67947 1.44583 2.19387 1.45776 1.46392 1.33758 1.50183 1.22557 1.46802 1.43755 1.40714 1.2027 1.18132 1.1927 1.14265 1.12011 1.07326 1.06946 1.27212
threshold=-0.04222499951720237 -0.35175000131130213 0.042895000427961356 16.425000190734867 -0.043804999440908425 -0.0085105001926422102 99.500000000000014 19.884999275207523 0.97654998302459728 81.505001068115249 0.97044998407363903 24.500000000000004 0.072195000946521773 0.33904999494552618 0.86524999141693126 0.10864999890327455 1.0465000271797182 0.14374999701976779 -0.0017295000143349169 1.0615000128746035 0.84184998273849498 9.5000000000000018 0.08418500050902368 0.95515000820159923 13.684999942779543 0.07165000215172769 0.61524999141693126 -0.016969999298453328 13.654999732971193 0.2986499965190888
decision_type=2 10 2 10 2 2 8 10 2 2 2 10 10 8 2 2 2 2 2 2 2 8 2 8 10 8 2 2 10 2
left_child=1 -1 25 4 27 6 -2 8 9 10 12 -12 18 14 15 -14 17 28 19 21 -20 -7 -9 -15 -25 -3 -18 -4 -8 -30
right_child=5 2 3 -5 -6 7 16 22 -10 -11 11 -13 13 23 -16 -17 26 -19 20 -21 -22 -23 -24 24 -26 -27 -28 -29 29 -31
leaf_value=-0.0016164274570059482 0.00026144430922922117 -0.00082573795598948701 0.0010833241436963102 -0.00012445653183240741 -0.00044843527702435562 0.00083858269573417756 0.0012082170846336522 -0.0007310443002636163 0.0026060031320063017 -0.0022791773118505266 0.00014786341963947646 -0.0021271090462374343 -0.00039069562093164262 0.00036092260482289957 0.0013336126828182708 -0.0022772422985803367 0.00045437980565922253 0.0014084877828837471 0.0002480196276734386 0.00019464301911555938 -0.00045222903284028904 -0.00078888992939838364 -0.0001191456913680372 0.0033500049219145314 0.00085795570610784871 -0.0032018897225097706 -0.0012288114926744037 0.0041024884849669803 -0.0013808900399808249 -0.00038883940266182552
leaf_weight=947 30946 1116 209 1645 259 529 249 3059 286 392 587 580 1374 15718 305 506 2532 321 13259 3022 3293 4901 52351 225 740 217 413 216 2004 2774
leaf_count=947 30940 1116 209 1645 259 529 249 3059 286 392 587 580 1374 15718 305 506 2532 321 13259 3022 3293 4901 52350 225 740 217 413 216 2004 2774
internal_value=-1.19974e-05 -0.000511159 -0.000224972 0.000341755 0.00146153 4.39644e-06 0.000143757 -4.96785e-05 7.54762e-05 5.94888e-05 7.98937e-05 -0.000983653 0.000108206 0.000306455 -0.000587229 -0.000899398 -0.000295383 -0.000578076 -4.13992e-05 -0.000335299 0.000108687 -0.000630214 -0.000152939 0.000423531 0.00144187 -0.00121466 0.000217996 0.0026238 -0.000705183 -0.000805129
internal_weight=144975 4609 3662 2329 684 140366 39239 101127 45717 45431 45039 1167 43872 18868 2185 1880 8293 5348 25004 8452 16552 5430 55410 16683 965 1333 2945 425 5027 4778
internal_count=144968 4609 3662 2329 684 140359 39233 101126 45717 45431 45039 1167 43872 18868 2185 1880 8293 5348 25004 8452 16552 5430 55409 16683 965 1333 2945 425 5027 4778
is_linear=0
shrinkage=0.03


end of trees

feature_importances:
Column_58=110
Column_56=86
Column_80=86
Column_67=85
Column_75=85
Column_71=83
Column_28=78
Column_53=77
Column_52=64
Column_62=64
Column_68=64
Column_59=63
Column_0=60
Column_66=58
Column_57=56
Column_60=56
Column_64=53
Column_65=51
Column_81=50
Column_61=48
Column_1=46
Column_74=43
Column_87=42
Column_11=41
Column_63=41
Column_85=40
Column_17=39
Column_82=39
Column_25=38
Column_39=38
Column_89=38
Column_69=36
Column_77=36
Column_50=34
Column_21=32
Column_24=32
Column_6=31
Column_20=31
Column_22=30
Column_45=30
Column_51=30
Column_8=29
Column_7=28
Column_49=28
Column_5=27
Column_4=26
Column_16=26
Column_72=26
Column_47=25
Column_12=24
Column_14=24
Column_46=23
Column_88=23
Column_41=21
Column_70=21
Column_54=20
Column_79=20
Column_2=19
Column_30=19
Column_83=19
Column_9=18
Column_18=18
Column_43=18
Column_10=17
Column_76=17
Column_3=16
Column_15=16
Column_19=16
Column_86=16
Column_32=15
Column_42=14
Column_26=13
Column_31=13
Column_48=13
Column_29=11
Column_84=11
Column_27=9
Column_23=8
Column_13=6
Column_78=6
Column_44=5
Column_37=4
Column_55=4
Column_38=2
Column_40=1
Column_73=1

parameters:
[boosting: gbdt]
[objective: regression]
[metric: l2]
[tree_learner: serial]
[device_type: cpu]
[data_sample_strategy: bagging]
[data: ]
[valid: ]
[num_iterations: 96]
[learning_rate: 0.03]
[num_leaves: 31]
[num_threads: 4]
[seed: 44]
[deterministic: 1]
[force_col_wise: 1]
[force_row_wise: 0]
[histogram_pool_size: -1]
[max_depth: -1]
[min_data_in_leaf: 200]
[min_sum_hessian_in_leaf: 0.001]
[bagging_fraction: 0.8]
[pos_bagging_fraction: 1]
[neg_bagging_fraction: 1]
[bagging_freq: 1]
[bagging_seed: 21897]
[bagging_by_query: 0]
[feature_fraction: 0.8]
[feature_fraction_bynode: 1]
[feature_fraction_seed: 12646]
[extra_trees: 0]
[extra_seed: 20733]
[early_stopping_round: 0]
[early_stopping_min_delta: 0]
[first_metric_only: 0]
[max_delta_step: 0]
[lambda_l1: 0]
[lambda_l2: 1]
[linear_lambda: 0]
[min_gain_to_split: 0]
[drop_rate: 0.1]
[max_drop: 50]
[skip_drop: 0.5]
[xgboost_dart_mode: 0]
[uniform_drop: 0]
[drop_seed: 20829]
[top_rate: 0.2]
[other_rate: 0.1]
[min_data_per_group: 100]
[max_cat_threshold: 32]
[cat_l2: 10]
[cat_smooth: 10]
[max_cat_to_onehot: 4]
[top_k: 20]
[monotone_constraints: ]
[monotone_constraints_method: basic]
[monotone_penalty: 0]
[feature_contri: ]
[forcedsplits_filename: ]
[refit_decay_rate: 0.9]
[cegb_tradeoff: 1]
[cegb_penalty_split: 0]
[cegb_penalty_feature_lazy: ]
[cegb_penalty_feature_coupled: ]
[path_smooth: 0]
[interaction_constraints: ]
[verbosity: -1]
[saved_feature_importance_type: 0]
[use_quantized_grad: 0]
[num_grad_quant_bins: 4]
[quant_train_renew_leaf: 0]
[stochastic_rounding: 1]
[linear_tree: 0]
[max_bin: 255]
[max_bin_by_feature: ]
[min_data_in_bin: 3]
[bin_construct_sample_cnt: 200000]
[data_random_seed: 182]
[is_enable_sparse: 1]
[enable_bundle: 1]
[use_missing: 1]
[zero_as_missing: 0]
[feature_pre_filter: 1]
[pre_partition: 0]
[two_round: 0]
[header: 0]
[label_column: ]
[weight_column: ]
[group_column: ]
[ignore_column: ]
[categorical_feature: ]
[forcedbins_filename: ]
[precise_float_parser: 0]
[parser_config_file: ]
[objective_seed: 3944]
[num_class: 1]
[is_unbalance: 0]
[scale_pos_weight: 1]
[sigmoid: 1]
[boost_from_average: 1]
[reg_sqrt: 0]
[alpha: 0.9]
[fair_c: 1]
[poisson_max_delta_step: 0.7]
[tweedie_variance_power: 1.5]
[lambdarank_truncation_level: 30]
[lambdarank_norm: 1]
[label_gain: ]
[lambdarank_position_bias_regularization: 0]
[eval_at: ]
[multi_error_top_k: 1]
[auc_mu_weights: ]
[num_machines: 1]
[local_listen_port: 12400]
[time_out: 120]
[machine_list_filename: ]
[machines: ]
[gpu_platform_id: -1]
[gpu_device_id: -1]
[gpu_device_id_list: ]
[gpu_use_dp: 0]
[num_gpu: 1]

end of parameters

pandas_categorical:null
