symbol,date,open,h30,l30,c30,v30,vwap30,high_after,low_after,px_1515,close,u050,u075,u100,u125,u150,u200,u250,u300,d050,d075,d100,d125,d150,d200,d250,d300,source
ABB,2026-07-03,6899.0000,6899.0000,6752.0000,6806.0000,27662.0000,6807.8861,6952.5000,6763.5000,6952.5000,6955.0000,45.0000,50.0000,160.0000,160.0000,175.0000,285.0000,,,5.0000,,,,,,,,yahoo
ADANIENSOL,2026-07-03,1564.0000,1564.0000,1528.0000,1541.5000,254624.0000,1538.7473,1574.0000,1514.8000,1561.7000,1568.8000,10.0000,105.0000,105.0000,105.0000,105.0000,190.0000,,,30.0000,35.0000,35.0000,35.0000,35.0000,,,,yahoo
ADANIENT,2026-07-03,3160.0000,3167.6001,3105.5000,3154.0000,445301.0000,3140.0918,3223.6001,3132.0000,3208.0000,3212.1001,130.0000,130.0000,165.0000,170.0000,185.0000,185.0000,,,35.0000,,,,,,,,yahoo
ADANIGREEN,2026-07-03,1559.7000,1566.6000,1531.0000,1539.7000,286279.0000,1538.6948,1559.6000,1519.1000,1548.1000,1555.8000,105.0000,180.0000,185.0000,185.0000,,,,,30.0000,35.0000,35.0000,40.0000,,,,,yahoo
ADANIPORTS,2026-07-03,1886.6000,1890.0000,1867.9000,1883.1000,199421.0000,1876.8714,1886.6000,1865.4000,1876.7000,1870.9000,,,,,,,,,30.0000,40.0000,,,,,,,yahoo
ADANIPOWER,2026-07-03,226.2300,226.2300,223.0100,223.1500,2603347.0000,223.6783,224.2500,219.6000,222.2300,221.8600,,,,,,,,,80.0000,205.0000,205.0000,205.0000,260.0000,,,,yahoo
AMBUJACEM,2026-07-03,431.1500,438.0000,430.2000,436.2000,1264652.0000,435.5677,443.7500,433.6500,443.6000,443.4000,30.0000,35.0000,35.0000,45.0000,290.0000,,,,20.0000,,,,,,,,yahoo
APOLLOHOSP,2026-07-03,8760.0000,8855.0000,8738.5000,8835.0000,52357.0000,8815.2697,8919.0000,8798.5000,8897.0000,8893.5000,40.0000,70.0000,,,,,,,,,,,,,,,yahoo
ASIANPAINT,2026-07-03,2746.0000,2762.0000,2746.0000,2752.7000,54895.0000,2752.3368,2753.3999,2730.3999,2740.8000,2737.1001,,,,,,,,,25.0000,285.0000,,,,,,,yahoo
AXISBANK,2026-07-03,1372.7000,1372.7000,1361.0000,1365.3000,487144.0000,1365.8267,1369.6000,1338.5000,1341.3000,1342.6000,,,,,,,,,55.0000,85.0000,205.0000,270.0000,275.0000,,,,yahoo
BAJAJ-AUTO,2026-07-03,9875.0000,9918.5000,9837.0000,9858.5000,12894.0000,9869.7611,9886.0000,9772.0000,9785.0000,9784.0000,,,,,,,,,175.0000,260.0000,,,,,,,yahoo
BAJAJFINSV,2026-07-03,1888.0000,1915.4000,1879.0000,1905.1000,460451.0000,1903.1173,1911.9000,1872.0000,1898.9000,1890.0000,,,,,,,,,20.0000,20.0000,25.0000,50.0000,50.0000,,,,yahoo
BAJAJHLDNG,2026-07-03,10923.0000,11006.0000,10923.0000,10962.0000,2536.0000,10961.5260,11218.0000,10955.0000,11059.0000,11079.0000,10.0000,10.0000,10.0000,10.0000,10.0000,15.0000,,,,,,,,,,,yahoo
BAJFINANCE,2026-07-03,1038.5000,1038.5000,1018.1000,1031.2000,1478425.0000,1029.1686,1040.0000,1025.6000,1030.6000,1031.5000,125.0000,175.0000,,,,,,,20.0000,,,,,,,,yahoo
BANKBARODA,2026-07-03,256.7000,257.0000,252.7000,252.7000,3005050.0000,254.5498,255.3500,250.2000,252.5000,252.5000,30.0000,35.0000,35.0000,,,,,,5.0000,5.0000,,,,,,,yahoo
BEL,2026-07-03,418.8500,422.6500,417.8000,422.3000,2293806.0000,421.2126,424.4000,417.2000,418.4000,417.8000,,,,,,,,,105.0000,125.0000,310.0000,,,,,,yahoo
BHARTIARTL,2026-07-03,1889.8000,1899.8000,1886.4000,1894.5000,352397.0000,1896.3293,1913.0000,1889.3000,1911.3000,1909.6000,120.0000,265.0000,,,,,,,,,,,,,,,yahoo
BOSCHLTD,2026-07-03,41545.0000,42125.0000,41545.0000,42100.0000,3270.0000,41929.0872,42555.0000,41880.0000,41900.0000,41895.0000,20.0000,20.0000,30.0000,,,,,,175.0000,,,,,,,,yahoo
BPCL,2026-07-03,313.1500,313.1500,308.0000,308.0500,398070.0000,308.9378,310.8000,306.8000,308.3500,307.9000,30.0000,40.0000,,,,,,,,,,,,,,,yahoo
BRITANNIA,2026-07-03,5420.0000,5445.0000,5413.0000,5428.5000,28238.0000,5429.8759,5432.5000,5372.0000,5375.5000,5378.5000,,,,,,,,,20.0000,20.0000,320.0000,,,,,,yahoo
CANBK,2026-07-03,127.3000,127.3000,124.8000,124.9100,5370877.0000,125.2779,128.2000,124.7500,127.3000,127.0900,25.0000,30.0000,30.0000,30.0000,35.0000,40.0000,40.0000,,,,,,,,,,yahoo
CGPOWER,2026-07-03,905.4500,922.7000,891.4500,918.6000,5889182.0000,909.7380,925.8500,887.1000,894.3500,894.4000,15.0000,15.0000,,,,,,,5.0000,5.0000,5.0000,60.0000,65.0000,80.0000,90.0000,170.0000,yahoo
CHOLAFIN,2026-07-03,1800.0000,1819.7000,1800.0000,1808.9000,152560.0000,1814.0633,1812.9000,1785.7000,1789.0000,1797.0000,,,,,,,,,25.0000,30.0000,255.0000,265.0000,,,,,yahoo
CIPLA,2026-07-03,1456.0000,1470.9000,1455.6000,1467.6000,69992.0000,1465.3253,1469.0000,1454.9000,1457.3000,1458.0000,,,,,,,,,30.0000,290.0000,,,,,,,yahoo
COALINDIA,2026-07-03,441.5000,441.9500,438.3000,438.3000,225146.0000,439.0231,445.3500,437.8000,439.1000,439.1500,35.0000,40.0000,40.0000,55.0000,75.0000,,,,,,,,,,,,yahoo
CUMMINSIND,2026-07-03,5628.0000,5628.0000,5533.0000,5545.0000,31257.0000,5553.4854,5545.0000,5455.0000,5475.5000,5485.0000,,,,,,,,,5.0000,5.0000,5.0000,125.0000,305.0000,,,,yahoo
DIVISLAB,2026-07-03,6726.0000,6795.5000,6726.0000,6788.5000,24053.0000,6777.0037,6803.0000,6725.0000,6756.5000,6757.0000,,,,,,,,,265.0000,305.0000,,,,,,,yahoo
DLF,2026-07-03,661.3000,663.0000,657.0500,659.8000,498618.0000,660.8545,675.9000,659.1000,675.0000,677.0000,30.0000,30.0000,35.0000,65.0000,125.0000,160.0000,,,,,,,,,,,yahoo
DMART,2026-07-03,4062.7000,4062.7000,3985.8999,4000.5000,388832.0000,4004.2402,4019.7000,3985.0000,3994.8000,3987.8999,,,,,,,,,,,,,,,,,yahoo
DRREDDY,2026-07-03,1357.1000,1370.5000,1351.3000,1370.4000,70192.0000,1363.5143,1390.4000,1366.4000,1374.5000,1370.9000,65.0000,165.0000,185.0000,195.0000,,,,,,,,,,,,,yahoo
EICHERMOT,2026-07-03,7328.0000,7346.5000,7288.5000,7296.0000,24861.0000,7304.9008,7347.5000,7271.0000,7343.5000,7345.0000,40.0000,,,,,,,,,,,,,,,,yahoo
ENRIN,2026-07-03,3480.1001,3480.1001,3329.3000,3407.0000,481400.0000,3373.6358,3434.8999,3275.3999,3283.3000,3303.0000,50.0000,50.0000,,,,,,,5.0000,10.0000,10.0000,100.0000,105.0000,125.0000,240.0000,255.0000,yahoo
ETERNAL,2026-07-03,282.6500,283.9000,280.1500,283.3000,2529281.0000,282.5644,287.8000,280.8000,281.5500,281.4000,25.0000,95.0000,145.0000,145.0000,145.0000,,,,280.0000,290.0000,,,,,,,yahoo
GAIL,2026-07-03,174.3500,175.2700,174.1400,174.1400,165976.0000,174.3652,175.8900,173.7000,174.0000,174.4000,30.0000,45.0000,45.0000,,,,,,,,,,,,,,yahoo
GODREJCP,2026-07-03,1087.4000,1098.4000,1082.8000,1091.5000,105366.0000,1089.8388,1092.0000,1071.1000,1077.4000,1076.9000,,,,,,,,,5.0000,20.0000,25.0000,70.0000,100.0000,,,,yahoo
GRASIM,2026-07-03,3175.0000,3218.6001,3166.0000,3210.0000,114687.0000,3206.7892,3212.8999,3176.0000,3179.7000,3184.0000,,,,,,,,,20.0000,200.0000,280.0000,,,,,,yahoo
HAL,2026-07-03,4455.7002,4497.1001,4447.0000,4497.0000,103160.0000,4478.5419,4502.0000,4424.7998,4427.6001,4427.0000,,,,,,,,,5.0000,125.0000,260.0000,310.0000,310.0000,,,,yahoo
HCLTECH,2026-07-03,1138.0000,1138.0000,1116.4000,1119.0000,1727697.0000,1123.6739,1159.0000,1115.2000,1138.4000,1140.0000,15.0000,50.0000,55.0000,75.0000,75.0000,80.0000,115.0000,160.0000,,,,,,,,,yahoo
HDFCAMC,2026-07-03,2780.1001,2784.8000,2765.7000,2768.3000,26913.0000,2771.9760,2808.3000,2765.3000,2796.3999,2800.2000,10.0000,15.0000,140.0000,145.0000,,,,,,,,,,,,,yahoo
HDFCBANK,2026-07-03,800.1000,804.9000,798.7000,802.4000,2391252.0000,802.5152,807.0000,800.3500,800.9500,801.5000,45.0000,,,,,,,,,,,,,,,,yahoo
HDFCLIFE,2026-07-03,577.6500,577.6500,571.5500,572.6500,63952.0000,573.8619,572.8500,566.0000,567.2500,568.0000,,,,,,,,,35.0000,60.0000,70.0000,,,,,,yahoo
HINDALCO,2026-07-03,969.0000,978.9000,965.2500,973.9500,585988.0000,974.7161,974.6000,952.5500,953.7500,953.2000,,,,,,,,,25.0000,35.0000,55.0000,80.0000,235.0000,300.0000,,,yahoo
HINDUNILVR,2026-07-03,2228.1001,2238.8000,2221.0000,2228.8000,85493.0000,2225.4739,2229.3999,2192.1001,2203.2000,2202.0000,,,,,,,,,10.0000,20.0000,20.0000,225.0000,270.0000,,,,yahoo
HINDZINC,2026-07-03,538.3500,544.6000,538.3500,542.1500,814949.0000,542.5569,543.9000,536.5000,537.5500,535.2000,,,,,,,,,50.0000,60.0000,315.0000,,,,,,yahoo
HYUNDAI,2026-07-03,1957.0000,1980.9000,1953.9000,1977.5000,49504.0000,1973.9402,2000.0000,1964.0000,1993.9000,1993.0000,280.0000,295.0000,295.0000,,,,,,60.0000,,,,,,,,yahoo
ICICIBANK,2026-07-03,1410.3000,1420.0000,1406.1000,1413.0000,1240383.0000,1415.5332,1415.8000,1408.3000,1411.3000,1412.6000,,,,,,,,,,,,,,,,,yahoo
INDHOTEL,2026-07-03,722.4500,729.8000,719.7000,729.5000,192246.0000,726.9794,732.4500,720.4000,728.6000,728.3000,,,,,,,,,190.0000,200.0000,225.0000,,,,,,yahoo
INDIGO,2026-07-03,5465.0000,5465.0000,5426.5000,5431.5000,32565.0000,5437.4215,5453.5000,5385.5000,5418.5000,5422.0000,,,,,,,,,110.0000,110.0000,,,,,,,yahoo
INFY,2026-07-03,1059.9000,1067.7000,1045.0000,1045.3000,1235431.0000,1051.8872,1058.6000,1042.0000,1047.0000,1047.1000,70.0000,80.0000,80.0000,160.0000,,,,,,,,,,,,,yahoo
IOC,2026-07-03,142.1900,142.2900,141.1600,141.2000,793591.0000,141.4360,142.1700,141.0500,141.6500,141.4200,30.0000,,,,,,,,,,,,,,,,yahoo
IRFC,2026-07-03,91.3900,91.4700,90.6500,90.7000,1551583.0000,90.8979,91.0800,90.3700,90.5300,90.5600,,,,,,,,,,,,,,,,,yahoo
ITC,2026-07-03,291.2500,291.5000,290.3000,290.6500,357988.0000,290.6937,291.4000,289.6500,290.3000,290.1000,,,,,,,,,,,,,,,,,yahoo
JINDALSTEL,2026-07-03,1055.0000,1072.0000,1055.0000,1071.6000,165723.0000,1067.9639,1073.6000,1051.6000,1054.0000,1054.0000,,,,,,,,,35.0000,35.0000,45.0000,50.0000,60.0000,,,,yahoo
JIOFIN,2026-07-03,241.5000,241.6000,240.6500,240.7700,589956.0000,240.9507,242.0700,238.8800,239.4800,239.3600,35.0000,,,,,,,,90.0000,205.0000,,,,,,,yahoo
JSWSTEEL,2026-07-03,1233.7000,1245.2000,1230.3000,1244.4000,141142.0000,1242.4296,1244.9000,1226.1000,1228.7000,1233.0000,,,,,,,,,25.0000,50.0000,105.0000,270.0000,,,,,yahoo
KOTAKBANK,2026-07-03,400.3000,400.5000,398.9000,399.4000,825907.0000,399.8445,399.6000,394.6500,396.9000,396.8000,,,,,,,,,35.0000,200.0000,275.0000,,,,,,yahoo
LODHA,2026-07-03,1019.9000,1041.4500,1017.0500,1039.2500,1837923.0000,1035.8055,1059.0000,1033.5000,1056.7000,1061.9000,15.0000,20.0000,30.0000,45.0000,60.0000,,,,120.0000,,,,,,,,yahoo
LT,2026-07-03,4080.8000,4094.0000,4066.7000,4069.8999,107017.0000,4080.3113,4072.8999,4019.0000,4028.6001,4026.1001,,,,,,,,,80.0000,120.0000,225.0000,235.0000,,,,,yahoo
LTM,2026-07-03,3734.6001,3759.5000,3713.0000,3713.0000,32175.0000,3734.1304,3787.6001,3711.0000,3758.5000,3757.8000,15.0000,55.0000,80.0000,80.0000,85.0000,160.0000,,,,,,,,,,,yahoo
M&M,2026-07-03,3182.0000,3182.0000,3140.1001,3153.8000,189377.0000,3152.1013,3169.0000,3127.8999,3139.7000,3137.3999,,,,,,,,,275.0000,300.0000,,,,,,,yahoo
MARUTI,2026-07-03,14425.0000,14476.0000,14374.0000,14425.0000,40811.0000,14426.6879,14520.0000,14340.0000,14353.0000,14366.0000,45.0000,,,,,,,,305.0000,,,,,,,,yahoo
MAXHEALTH,2026-07-03,1137.5000,1141.1000,1129.8000,1138.2000,119887.0000,1136.4701,1160.0000,1136.6000,1152.2000,1153.4000,15.0000,20.0000,140.0000,140.0000,140.0000,,,,,,,,,,,,yahoo
MAZDOCK,2026-07-03,2573.8999,2588.0000,2566.8000,2585.8999,169288.0000,2579.1861,2597.0000,2541.0000,2543.1001,2541.3000,,,,,,,,,40.0000,45.0000,100.0000,305.0000,305.0000,,,,yahoo
MOTHERSON,2026-07-03,148.5800,149.1900,147.8400,148.6100,972764.0000,148.4056,149.7300,146.0300,146.2400,146.4800,60.0000,65.0000,,,,,,,160.0000,200.0000,260.0000,270.0000,310.0000,,,,yahoo
MUTHOOTFIN,2026-07-03,3033.3999,3064.0000,3021.3000,3056.3000,242242.0000,3045.9161,3102.3999,3054.2000,3056.6001,3050.0000,5.0000,10.0000,20.0000,45.0000,45.0000,,,,,,,,,,,,yahoo
NESTLEIND,2026-07-03,1455.6000,1463.4000,1452.1000,1462.0000,90684.0000,1455.6286,1463.7000,1442.9000,1461.8000,1459.8000,,,,,,,,,10.0000,90.0000,95.0000,100.0000,,,,,yahoo
NTPC,2026-07-03,358.3000,358.5500,355.7500,356.4000,265095.0000,356.3910,360.1000,355.5500,356.1500,356.6000,20.0000,20.0000,170.0000,,,,,,,,,,,,,,yahoo
ONGC,2026-07-03,237.2000,237.6000,236.4700,236.8800,680898.0000,237.1654,239.6900,236.6100,237.9100,237.8000,40.0000,45.0000,50.0000,,,,,,,,,,,,,,yahoo
PFC,2026-07-03,430.4500,431.6000,428.2000,428.2500,208827.0000,430.0829,430.1500,423.9000,425.6500,425.1000,,,,,,,,,205.0000,260.0000,315.0000,,,,,,yahoo
PIDILITIND,2026-07-03,1615.8000,1624.4000,1615.1000,1619.6000,40187.0000,1621.2985,1619.8000,1595.4000,1597.9000,1598.0000,,,,,,,,,20.0000,25.0000,60.0000,285.0000,,,,,yahoo
PNB,2026-07-03,106.3600,106.4500,104.1500,104.2600,5677614.0000,104.4719,106.2100,104.1700,105.3700,105.2900,20.0000,20.0000,30.0000,30.0000,35.0000,,,,,,,,,,,,yahoo
POWERGRID,2026-07-03,288.0500,290.0000,287.7500,289.5000,606957.0000,289.4806,291.6000,287.5500,288.0000,288.0000,180.0000,,,,,,,,300.0000,,,,,,,,yahoo
RECLTD,2026-07-03,371.4500,371.6500,367.0500,367.1500,359399.0000,368.5805,369.5000,364.0500,365.2500,365.6000,40.0000,,,,,,,,245.0000,260.0000,,,,,,,yahoo
RELIANCE,2026-07-03,1312.0000,1312.0000,1306.0000,1306.8000,369549.0000,1307.7819,1310.0000,1302.0000,1303.8000,1305.2000,,,,,,,,,,,,,,,,,yahoo
SBILIFE,2026-07-03,1784.0000,1799.8000,1784.0000,1794.5000,24584.0000,1796.2057,1798.2000,1777.5000,1787.0000,1788.7000,,,,,,,,,40.0000,70.0000,,,,,,,yahoo
SBIN,2026-07-03,1055.4000,1056.1000,1042.5000,1042.6000,645071.0000,1046.4882,1051.7000,1034.5000,1040.0000,1041.0000,35.0000,40.0000,,,,,,,200.0000,235.0000,,,,,,,yahoo
SHREECEM,2026-07-03,26345.0000,26845.0000,26345.0000,26805.0000,3932.0000,26701.0626,26970.0000,26625.0000,26735.0000,26765.0000,135.0000,,,,,,,,20.0000,,,,,,,,yahoo
SHRIRAMFIN,2026-07-03,1075.0000,1075.0000,1066.0000,1072.6000,447177.0000,1071.0298,1077.5000,1062.7000,1064.4000,1061.7000,,,,,,,,,250.0000,290.0000,,,,,,,yahoo
SIEMENS,2026-07-03,3581.0000,3581.0000,3520.3999,3538.8000,41828.0000,3536.0024,3551.0000,3502.1001,3534.3999,3536.3000,,,,,,,,,5.0000,5.0000,15.0000,,,,,,yahoo
SOLARINDS,2026-07-03,18681.0000,18846.0000,18670.0000,18762.0000,8687.0000,18732.7574,18827.0000,18275.0000,18545.0000,18545.0000,,,,,,,,,20.0000,30.0000,60.0000,65.0000,65.0000,125.0000,140.0000,,yahoo
SUNPHARMA,2026-07-03,1879.7000,1904.6000,1872.1000,1904.0000,250614.0000,1893.8965,1925.1000,1899.5000,1906.4000,1905.9000,25.0000,65.0000,100.0000,,,,,,,,,,,,,,yahoo
TATACAP,2026-07-03,358.5500,359.2000,353.2500,353.3500,178679.0000,355.4566,354.2500,347.0500,349.1000,350.0500,,,,,,,,,100.0000,125.0000,160.0000,165.0000,190.0000,,,,yahoo
TATACONSUM,2026-07-03,1117.2000,1123.7000,1114.0000,1117.6000,54370.0000,1116.3358,1119.9000,1096.4000,1116.6000,1114.0000,,,,,,,,,15.0000,15.0000,15.0000,20.0000,70.0000,,,,yahoo
TATAPOWER,2026-07-03,378.3500,378.7500,376.8000,378.4500,567731.0000,378.0284,381.3000,375.0500,375.3000,375.1000,20.0000,40.0000,,,,,,,125.0000,205.0000,,,,,,,yahoo
TATASTEEL,2026-07-03,190.6600,192.9600,189.6400,192.9000,5797766.0000,191.9230,192.9400,189.1800,189.7800,190.1000,,,,,,,,,35.0000,45.0000,50.0000,60.0000,275.0000,,,,yahoo
TCS,2026-07-03,2097.0000,2116.2000,2086.1001,2087.3999,726463.0000,2100.4719,2115.0000,2085.0000,2093.8000,2088.0000,25.0000,75.0000,80.0000,160.0000,,,,,,,,,,,,,yahoo
TECHM,2026-07-03,1399.6000,1432.0000,1399.6000,1411.2000,395487.0000,1415.6216,1445.0000,1409.0000,1410.1000,1407.7000,10.0000,15.0000,25.0000,50.0000,55.0000,80.0000,,,,,,,,,,,yahoo
TITAN,2026-07-03,4496.7002,4507.2002,4465.8999,4469.3999,57404.0000,4485.4359,4491.0000,4451.1001,4457.3999,4461.1001,,,,,,,,,,,,,,,,,yahoo
TMCV,2026-07-03,443.2500,446.7000,436.7000,437.8000,552695.0000,438.9457,438.1000,430.5000,432.2500,431.4000,,,,,,,,,5.0000,15.0000,95.0000,105.0000,155.0000,,,,yahoo
TMPV,2026-07-03,346.1000,346.1000,341.3000,343.0000,1324434.0000,342.5058,347.5000,342.3500,344.2000,344.5000,30.0000,30.0000,60.0000,65.0000,,,,,,,,,,,,,yahoo
TORNTPHARM,2026-07-03,4716.2998,4754.2998,4695.2002,4749.2998,28501.0000,4731.2959,4782.0000,4721.3999,4769.1001,4768.2998,85.0000,,,,,,,,30.0000,,,,,,,,yahoo
TRENT,2026-07-03,3350.0000,3350.0000,3321.0000,3342.2000,93888.0000,3340.6631,3399.6001,3322.1001,3341.2000,3340.0000,25.0000,25.0000,30.0000,35.0000,35.0000,,,,265.0000,,,,,,,,yahoo
TVSMOTOR,2026-07-03,3653.5000,3653.5000,3617.3000,3621.0000,75856.0000,3629.2034,3651.0000,3605.0000,3627.8999,3623.8000,45.0000,50.0000,,,,,,,,,,,,,,,yahoo
ULTRACEMCO,2026-07-03,11611.0000,11720.0000,11599.0000,11704.0000,27634.0000,11682.9448,11742.0000,11635.0000,11720.0000,11733.0000,,,,,,,,,20.0000,,,,,,,,yahoo
UNIONBANK,2026-07-03,166.3200,167.6000,161.6300,162.4700,7461938.0000,162.5407,164.1800,161.6000,163.1500,163.0900,30.0000,30.0000,35.0000,,,,,,5.0000,,,,,,,,yahoo
UNITDSPR,2026-07-03,1375.0000,1381.9000,1371.5000,1373.6000,15310.0000,1374.1190,1398.9000,1369.2000,1393.0000,1390.2000,35.0000,75.0000,75.0000,85.0000,165.0000,,,,,,,,,,,,yahoo
VBL,2026-07-03,516.9500,517.6500,514.0000,515.2000,333448.0000,515.9250,522.0000,513.0000,515.9000,515.5000,70.0000,130.0000,145.0000,160.0000,,,,,,,,,,,,,yahoo
VEDL,2026-07-03,279.2000,282.5000,279.2000,280.3000,1981361.0000,280.7948,282.7000,279.2500,280.3500,280.6000,40.0000,40.0000,,,,,,,,,,,,,,,yahoo
WIPRO,2026-07-03,176.2000,178.0900,175.8800,176.7700,5106257.0000,177.2970,178.0000,174.6000,176.3500,175.7500,80.0000,,,,,,,,140.0000,220.0000,255.0000,,,,,,yahoo
ZYDUSLIFE,2026-07-03,1108.8000,1115.9000,1104.6000,1115.3000,59917.0000,1111.1667,1142.5000,1111.5000,1140.3000,1142.0000,90.0000,105.0000,105.0000,140.0000,175.0000,315.0000,,,,,,,,,,,yahoo
ABB,2026-07-06,6950.0000,6955.0000,6898.0000,6915.5000,11840.0000,6928.1606,7084.0000,6896.5000,7066.0000,7070.0000,30.0000,110.0000,245.0000,265.0000,275.0000,285.0000,,,,,,,,,,,yahoo
ADANIENSOL,2026-07-06,1580.2000,1598.0000,1571.7000,1596.0000,275869.0000,1587.6900,1650.6000,1589.8000,1622.0000,1622.8000,5.0000,55.0000,95.0000,95.0000,100.0000,105.0000,120.0000,135.0000,,,,,,,,,yahoo
ADANIENT,2026-07-06,3236.0000,3237.7000,3188.0000,3221.2000,276968.0000,3209.0081,3245.0000,3195.3999,3207.8000,3206.6001,35.0000,,,,,,,,110.0000,120.0000,,,,,,,yahoo
ADANIGREEN,2026-07-06,1564.9000,1579.8000,1558.0000,1565.6000,241173.0000,1563.8612,1588.9000,1544.2000,1549.4000,1550.0000,100.0000,105.0000,105.0000,140.0000,,,,,305.0000,305.0000,315.0000,315.0000,,,,,yahoo
ADANIPORTS,2026-07-06,1873.0000,1881.5000,1871.5000,1877.3000,93711.0000,1875.3478,1883.5000,1862.5000,1865.0000,1864.0000,,,,,,,,,305.0000,325.0000,,,,,,,yahoo
ADANIPOWER,2026-07-06,222.6600,223.7500,220.4500,221.0300,1819575.0000,221.1893,225.9600,218.2500,220.7600,220.1000,135.0000,205.0000,215.0000,215.0000,215.0000,215.0000,,,20.0000,45.0000,45.0000,65.0000,,,,,yahoo
AMBUJACEM,2026-07-06,443.6500,443.6500,439.1500,441.0500,211631.0000,440.4047,443.7500,438.6000,441.3500,441.4000,120.0000,,,,,,,,95.0000,,,,,,,,yahoo
APOLLOHOSP,2026-07-06,8883.5000,8918.5000,8870.0000,8913.0000,14546.0000,8905.4136,8925.0000,8823.5000,8886.5000,8888.5000,,,,,,,,,90.0000,110.0000,235.0000,,,,,,yahoo
ASIANPAINT,2026-07-06,2729.0000,2741.7000,2724.8999,2737.3999,26980.0000,2735.7438,2758.0000,2726.6001,2755.1001,2754.8999,155.0000,325.0000,,,,,,,,,,,,,,,yahoo
AXISBANK,2026-07-06,1355.8000,1370.9000,1355.8000,1364.7000,432566.0000,1363.8337,1367.1000,1335.6000,1341.1000,1338.0000,,,,,,,,,40.0000,50.0000,60.0000,120.0000,120.0000,285.0000,,,yahoo
BAJAJ-AUTO,2026-07-06,9823.0000,9906.5000,9823.0000,9905.0000,29661.0000,9893.4393,10048.5000,9884.0000,10045.5000,10030.0000,40.0000,45.0000,80.0000,90.0000,,,,,,,,,,,,,yahoo
BAJAJFINSV,2026-07-06,1904.6000,1904.6000,1875.1000,1878.0000,79241.0000,1880.0059,1881.7000,1863.2000,1868.0000,1873.0000,,,,,,,,,185.0000,270.0000,,,,,,,yahoo
BAJAJHLDNG,2026-07-06,11078.0000,11087.0000,10954.0000,10971.0000,3780.0000,10986.5528,11002.0000,10787.0000,10829.0000,10819.0000,,,,,,,,,95.0000,190.0000,215.0000,300.0000,305.0000,,,,yahoo
BAJFINANCE,2026-07-06,1038.7000,1038.7000,1030.8000,1031.3000,387553.0000,1033.0383,1039.1000,1024.8000,1029.6000,1028.3000,5.0000,125.0000,,,,,,,255.0000,,,,,,,,yahoo
BANKBARODA,2026-07-06,252.9500,253.2500,250.2000,250.8500,1128472.0000,251.2124,252.2500,249.9000,249.9500,250.0000,20.0000,,,,,,,,,,,,,,,,yahoo
BEL,2026-07-06,421.2000,429.9000,420.2000,427.0500,5563171.0000,427.8601,427.4000,422.8000,425.5000,425.2000,,,,,,,,,50.0000,95.0000,,,,,,,yahoo
BHARTIARTL,2026-07-06,1919.3000,1925.3000,1915.6000,1925.0000,213453.0000,1923.4068,1932.7000,1916.0000,1926.2000,1925.7000,,,,,,,,,,,,,,,,,yahoo
BOSCHLTD,2026-07-06,41895.0000,42100.0000,41890.0000,41995.0000,1870.0000,41993.2380,42260.0000,41515.0000,42225.0000,42010.0000,20.0000,,,,,,,,10.0000,135.0000,235.0000,,,,,,yahoo
BPCL,2026-07-06,308.1500,308.9000,306.1000,308.9000,447644.0000,307.2645,310.8000,307.3000,308.1000,308.6500,45.0000,,,,,,,,305.0000,,,,,,,,yahoo
BRITANNIA,2026-07-06,5388.0000,5397.0000,5366.0000,5374.5000,6468.0000,5377.9196,5464.0000,5375.0000,5454.5000,5454.5000,35.0000,40.0000,50.0000,145.0000,170.0000,,,,,,,,,,,,yahoo
CANBK,2026-07-06,126.8900,127.1400,126.0000,126.4700,2326241.0000,126.3669,127.5900,126.1600,126.3300,126.4600,50.0000,150.0000,,,,,,,,,,,,,,,yahoo
CGPOWER,2026-07-06,902.0000,915.5000,895.5000,910.7500,1355515.0000,908.3065,926.9000,910.1500,924.7500,924.0000,5.0000,5.0000,15.0000,20.0000,35.0000,,,,,,,,,,,,yahoo
CHOLAFIN,2026-07-06,1815.0000,1821.6000,1809.0000,1815.9000,130028.0000,1815.2166,1857.5000,1816.1000,1853.0000,1855.0000,5.0000,10.0000,20.0000,25.0000,30.0000,115.0000,,,,,,,,,,,yahoo
CIPLA,2026-07-06,1460.3000,1469.6000,1455.6000,1460.9000,45076.0000,1464.7808,1474.5000,1454.0000,1473.0000,1472.3000,305.0000,325.0000,,,,,,,,,,,,,,,yahoo
COALINDIA,2026-07-06,439.0000,439.2000,436.7500,437.8500,107274.0000,438.3581,440.4500,431.2500,431.5000,432.3500,15.0000,,,,,,,,240.0000,250.0000,275.0000,330.0000,330.0000,,,,yahoo
CUMMINSIND,2026-07-06,5503.5000,5536.0000,5492.0000,5524.5000,29805.0000,5520.5961,5593.0000,5515.5000,5580.0000,5578.5000,20.0000,20.0000,35.0000,,,,,,,,,,,,,,yahoo
DIVISLAB,2026-07-06,6768.5000,6824.5000,6765.0000,6796.0000,66565.0000,6801.9017,6862.0000,6754.0000,6861.0000,6857.5000,320.0000,325.0000,,,,,,,10.0000,,,,,,,,yahoo
DLF,2026-07-06,677.6000,680.4500,671.9500,674.9500,288109.0000,675.4108,684.2000,670.1000,673.8000,673.3000,10.0000,60.0000,75.0000,80.0000,,,,,305.0000,,,,,,,,yahoo
DMART,2026-07-06,4024.2000,4038.8000,3999.1001,4023.0000,83604.0000,4020.5417,4076.0000,4020.0000,4070.0000,4059.0000,95.0000,100.0000,125.0000,195.0000,,,,,,,,,,,,,yahoo
DRREDDY,2026-07-06,1376.8000,1380.2000,1370.0000,1371.1000,44708.0000,1374.4147,1371.8000,1358.1000,1369.7000,1364.2000,,,,,,,,,65.0000,75.0000,,,,,,,yahoo
EICHERMOT,2026-07-06,7320.5000,7361.5000,7285.5000,7346.5000,24387.0000,7334.4065,7495.0000,7343.0000,7478.0000,7471.5000,10.0000,45.0000,50.0000,50.0000,55.0000,85.0000,,,,,,,,,,,yahoo
ENRIN,2026-07-06,3329.8999,3374.3000,3260.7000,3356.0000,135354.0000,3339.0406,3433.7000,3352.0000,3421.8000,3422.0000,5.0000,5.0000,15.0000,15.0000,20.0000,30.0000,,,,,,,,,,,yahoo
ETERNAL,2026-07-06,283.7500,283.7500,280.6500,282.5000,1354299.0000,282.0665,284.1500,279.8500,283.4500,283.4000,50.0000,,,,,,,,75.0000,95.0000,,,,,,,yahoo
GAIL,2026-07-06,174.0800,175.3700,174.0800,174.4100,164950.0000,174.3859,176.4300,174.4000,175.1500,174.8000,110.0000,115.0000,150.0000,,,,,,,,,,,,,,yahoo
GODREJCP,2026-07-06,1109.9000,1116.9000,1085.1000,1090.5000,846510.0000,1099.3478,1111.1000,1082.2000,1100.6000,1100.6000,30.0000,35.0000,40.0000,40.0000,40.0000,,,,20.0000,20.0000,,,,,,,yahoo
GRASIM,2026-07-06,3187.0000,3193.6001,3172.2000,3188.6001,15045.0000,3185.7619,3215.0000,3186.8999,3211.6001,3217.3000,15.0000,160.0000,,,,,,,,,,,,,,,yahoo
HAL,2026-07-06,4432.1001,4498.2002,4430.0000,4463.7002,97532.0000,4475.9008,4484.0000,4432.6001,4438.2998,4441.0000,,,,,,,,,210.0000,,,,,,,,yahoo
HCLTECH,2026-07-06,1144.7000,1147.3000,1136.2000,1141.7000,316341.0000,1142.7317,1142.0000,1126.0000,1133.9000,1135.0000,,,,,,,,,15.0000,20.0000,25.0000,260.0000,,,,,yahoo
HDFCAMC,2026-07-06,2815.3000,2819.7000,2795.0000,2815.3000,27975.0000,2811.4354,2838.0000,2760.3000,2772.1001,2771.1001,5.0000,5.0000,,,,,,,85.0000,85.0000,85.0000,105.0000,130.0000,,,,yahoo
HDFCBANK,2026-07-06,805.9000,819.5500,805.9000,819.2000,7050013.0000,816.8233,831.5000,818.9000,830.3500,828.0000,25.0000,115.0000,140.0000,200.0000,325.0000,,,,,,,,,,,,yahoo
HDFCLIFE,2026-07-06,566.0000,570.5000,566.0000,566.2500,141915.0000,567.6757,571.1000,562.0000,564.6000,563.3000,25.0000,30.0000,,,,,,,300.0000,305.0000,,,,,,,yahoo
HINDALCO,2026-07-06,960.1500,970.7000,954.0000,970.5500,395695.0000,965.6559,981.5500,968.4500,980.5500,980.4000,155.0000,210.0000,215.0000,,,,,,,,,,,,,,yahoo
HINDUNILVR,2026-07-06,2203.8999,2211.0000,2195.1001,2196.3000,47062.0000,2202.0627,2220.0000,2190.5000,2203.1001,2202.0000,35.0000,40.0000,60.0000,,,,,,,,,,,,,,yahoo
HINDZINC,2026-07-06,539.2500,544.1000,538.1500,543.6500,330307.0000,540.6759,545.0000,538.3000,539.8500,540.0000,,,,,,,,,15.0000,110.0000,,,,,,,yahoo
HYUNDAI,2026-07-06,2000.0000,2000.0000,1974.5000,1988.7000,36036.0000,1983.7407,2015.0000,1975.0000,2004.3000,2005.0000,105.0000,250.0000,270.0000,290.0000,,,,,30.0000,,,,,,,,yahoo
ICICIBANK,2026-07-06,1413.8000,1431.2000,1412.1000,1425.9000,1073671.0000,1426.6081,1430.4000,1418.2000,1427.1000,1426.9000,,,,,,,,,120.0000,,,,,,,,yahoo
INDHOTEL,2026-07-06,728.6500,742.5000,728.6500,741.3500,285813.0000,738.9850,745.3500,732.6000,739.6500,734.8000,10.0000,,,,,,,,30.0000,30.0000,35.0000,,,,,,yahoo
INDIGO,2026-07-06,5439.0000,5439.0000,5392.0000,5404.0000,17533.0000,5404.2896,5429.0000,5389.5000,5406.5000,5403.0000,,,,,,,,,,,,,,,,,yahoo
INFY,2026-07-06,1051.1000,1051.1000,1041.5000,1045.4000,543590.0000,1045.4848,1045.9000,1033.0000,1042.5000,1043.9000,,,,,,,,,15.0000,15.0000,35.0000,,,,,,yahoo
IOC,2026-07-06,141.6100,141.7800,141.1100,141.6900,650383.0000,141.3756,143.7000,141.6100,142.0800,142.0000,35.0000,50.0000,70.0000,75.0000,,,,,,,,,,,,,yahoo
IRFC,2026-07-06,90.4500,90.5000,89.6000,89.8500,1428452.0000,89.8213,90.3900,89.8100,90.1700,90.3500,140.0000,,,,,,,,,,,,,,,,yahoo
ITC,2026-07-06,290.0000,290.3500,287.8500,288.0000,923329.0000,288.3249,289.9000,287.7000,289.2500,288.2500,150.0000,,,,,,,,,,,,,,,,yahoo
JINDALSTEL,2026-07-06,1053.8000,1060.0000,1046.4000,1058.4000,97929.0000,1052.1796,1065.5000,1054.0000,1059.1000,1058.2000,85.0000,,,,,,,,,,,,,,,,yahoo
JIOFIN,2026-07-06,239.5000,239.5100,238.1000,238.2300,583865.0000,238.3369,240.6600,238.1500,240.3500,240.1500,50.0000,75.0000,80.0000,,,,,,,,,,,,,,yahoo
JSWSTEEL,2026-07-06,1229.4000,1237.0000,1225.6000,1235.1000,47617.0000,1232.7897,1244.5000,1233.2000,1243.1000,1242.4000,55.0000,320.0000,,,,,,,,,,,,,,,yahoo
KOTAKBANK,2026-07-06,387.7500,388.6500,381.3500,381.3500,3646373.0000,384.1605,386.0000,381.1000,381.3500,381.1000,10.0000,20.0000,100.0000,,,,,,,,,,,,,,yahoo
LODHA,2026-07-06,1062.3000,1067.3000,1049.1000,1061.8000,561781.0000,1054.8086,1098.6500,1060.1500,1097.0000,1095.9000,10.0000,10.0000,20.0000,25.0000,30.0000,40.0000,55.0000,65.0000,,,,,,,,,yahoo
LT,2026-07-06,4032.5000,4045.3999,4016.5000,4026.6001,121353.0000,4026.0123,4068.0000,4023.5000,4038.8999,4039.3999,60.0000,65.0000,155.0000,,,,,,,,,,,,,,yahoo
LTM,2026-07-06,3765.1001,3765.1001,3731.1001,3754.2000,11300.0000,3747.3378,3759.0000,3716.0000,3731.1001,3742.0000,,,,,,,,,105.0000,145.0000,300.0000,,,,,,yahoo
M&M,2026-07-06,3149.8000,3157.0000,3125.3999,3154.0000,289068.0000,3145.2947,3212.0000,3150.5000,3200.6001,3201.2000,35.0000,65.0000,70.0000,85.0000,100.0000,,,,,,,,,,,,yahoo
MARUTI,2026-07-06,14393.0000,14424.0000,14291.0000,14406.0000,18689.0000,14399.5892,14524.0000,14392.0000,14450.0000,14473.0000,35.0000,85.0000,,,,,,,,,,,,,,,yahoo
MAXHEALTH,2026-07-06,1155.6000,1167.9000,1152.5000,1164.4000,218507.0000,1164.4425,1164.8000,1131.0000,1132.7000,1132.5000,,,,,,,,,10.0000,10.0000,25.0000,165.0000,170.0000,240.0000,270.0000,,yahoo
MAZDOCK,2026-07-06,2543.6001,2582.3999,2536.2000,2571.5000,164780.0000,2571.2775,2578.0000,2551.0000,2570.7000,2573.8999,,,,,,,,,50.0000,70.0000,,,,,,,yahoo
MOTHERSON,2026-07-06,147.1600,148.7900,146.5500,146.7500,881834.0000,147.1572,147.4600,144.5700,145.1800,145.6000,,,,,,,,,45.0000,50.0000,50.0000,70.0000,,,,,yahoo
MUTHOOTFIN,2026-07-06,3082.8999,3100.0000,3070.8000,3093.7000,265224.0000,3092.6332,3146.3000,3080.0000,3136.0000,3144.3000,95.0000,95.0000,95.0000,95.0000,100.0000,,,,,,,,,,,,yahoo
NESTLEIND,2026-07-06,1455.0000,1459.9000,1451.2000,1457.4000,64406.0000,1456.8470,1474.7000,1454.0000,1474.6000,1469.4000,110.0000,140.0000,325.0000,,,,,,,,,,,,,,yahoo
NTPC,2026-07-06,356.0500,357.4000,355.0000,355.1000,203574.0000,355.7568,359.2500,354.9500,355.7500,355.4500,35.0000,120.0000,235.0000,,,,,,,,,,,,,,yahoo
ONGC,2026-07-06,238.1900,239.2100,236.8600,239.1400,1180982.0000,238.2556,244.3600,239.0500,244.1200,243.5100,5.0000,5.0000,145.0000,145.0000,150.0000,275.0000,,,,,,,,,,,yahoo
PFC,2026-07-06,423.9000,426.7000,423.1000,423.5000,215257.0000,424.3104,427.7000,420.2000,421.4000,421.5500,170.0000,170.0000,,,,,,,300.0000,305.0000,,,,,,,yahoo
PIDILITIND,2026-07-06,1603.3000,1614.6000,1599.4000,1610.2000,26739.0000,1610.0357,1622.0000,1605.1000,1618.3000,1614.6000,185.0000,,,,,,,,,,,,,,,,yahoo
PNB,2026-07-06,105.3400,105.5100,104.3200,104.6000,1859309.0000,104.6390,105.1800,104.1700,104.3000,104.2300,150.0000,,,,,,,,,,,,,,,,yahoo
POWERGRID,2026-07-06,287.7000,287.9500,285.0000,285.0000,434191.0000,286.1425,287.3500,284.7500,285.2500,285.4000,150.0000,210.0000,,,,,,,,,,,,,,,yahoo
RECLTD,2026-07-06,365.4500,366.3000,363.3500,363.6000,259387.0000,364.1828,367.5000,362.3000,364.6000,365.8500,165.0000,170.0000,170.0000,,,,,,,,,,,,,,yahoo
RELIANCE,2026-07-06,1304.7000,1305.8000,1299.7000,1302.2000,389020.0000,1301.9309,1325.5000,1301.5000,1321.8000,1321.3000,45.0000,70.0000,70.0000,70.0000,75.0000,,,,,,,,,,,,yahoo
SBILIFE,2026-07-06,1788.7000,1791.9000,1783.8000,1783.8000,28007.0000,1787.3476,1796.0000,1780.0000,1787.9000,1787.7000,30.0000,,,,,,,,,,,,,,,,yahoo
SBIN,2026-07-06,1040.3000,1044.9000,1038.7000,1044.1000,276679.0000,1043.7686,1048.4000,1036.6000,1038.0000,1038.5000,,,,,,,,,295.0000,,,,,,,,yahoo
SHREECEM,2026-07-06,26700.0000,26715.0000,26525.0000,26700.0000,610.0000,26604.4536,26830.0000,26525.0000,26630.0000,26630.0000,,,,,,,,,250.0000,,,,,,,,yahoo
SHRIRAMFIN,2026-07-06,1064.7000,1068.0000,1062.3000,1066.0000,338672.0000,1065.0816,1076.0000,1058.0000,1062.2000,1065.4000,25.0000,25.0000,,,,,,,275.0000,280.0000,,,,,,,yahoo
SIEMENS,2026-07-06,3553.8000,3573.3999,3527.0000,3530.7000,35073.0000,3547.1080,3583.6001,3515.8000,3567.2000,3572.0000,40.0000,290.0000,290.0000,290.0000,,,,,,,,,,,,,yahoo
SOLARINDS,2026-07-06,18550.0000,18865.0000,18550.0000,18825.0000,18721.0000,18800.4865,18845.0000,18418.0000,18529.0000,18539.0000,,,,,,,,,10.0000,15.0000,50.0000,70.0000,165.0000,240.0000,,,yahoo
SUNPHARMA,2026-07-06,1904.8000,1911.0000,1900.1000,1907.0000,54451.0000,1907.7768,1914.7000,1900.6000,1913.1000,1912.8000,,,,,,,,,,,,,,,,,yahoo
TATACAP,2026-07-06,349.2500,353.7000,348.6000,351.0000,95705.0000,351.4561,351.9500,347.2500,349.9000,350.0000,,,,,,,,,25.0000,30.0000,255.0000,,,,,,yahoo
TATACONSUM,2026-07-06,1115.6000,1122.1000,1110.7000,1115.3000,59203.0000,1118.2897,1121.0000,1112.9000,1117.2000,1116.6000,50.0000,,,,,,,,,,,,,,,,yahoo
TATAPOWER,2026-07-06,375.1000,376.5000,373.8500,375.7500,292611.0000,375.5213,379.8500,375.1000,377.4000,377.7000,35.0000,45.0000,215.0000,,,,,,,,,,,,,,yahoo
TATASTEEL,2026-07-06,190.3900,191.4400,189.1900,191.3200,2295896.0000,190.6368,191.4300,190.2100,190.9300,190.8700,,,,,,,,,200.0000,,,,,,,,yahoo
TCS,2026-07-06,2090.5000,2090.5000,2070.3000,2078.8999,189076.0000,2077.5407,2079.8000,2050.8000,2058.0000,2059.0000,,,,,,,,,10.0000,15.0000,25.0000,260.0000,,,,,yahoo
TECHM,2026-07-06,1405.0000,1417.4000,1398.1000,1414.5000,123880.0000,1410.0084,1415.6000,1391.2000,1407.6000,1406.5000,,,,,,,,,5.0000,10.0000,25.0000,30.0000,60.0000,,,,yahoo
TITAN,2026-07-06,4465.0000,4486.8999,4458.1001,4476.0000,28156.0000,4475.5157,4490.5000,4451.2002,4485.6001,4484.3999,,,,,,,,,95.0000,,,,,,,,yahoo
TMCV,2026-07-06,430.7500,432.3500,422.2500,431.2500,430261.0000,428.8471,438.8500,428.3000,430.2000,429.5500,10.0000,15.0000,15.0000,15.0000,195.0000,,,,275.0000,,,,,,,,yahoo
TMPV,2026-07-06,345.1500,345.1500,341.6500,342.2500,591931.0000,342.4310,348.6000,342.2500,347.0000,347.1500,15.0000,20.0000,40.0000,40.0000,65.0000,,,,,,,,,,,,yahoo
TORNTPHARM,2026-07-06,4778.2998,4805.8999,4764.7002,4767.5000,20213.0000,4786.2705,4825.0000,4746.8999,4823.7002,4820.1001,145.0000,160.0000,190.0000,,,,,,,,,,,,,,yahoo
TRENT,2026-07-06,3344.8999,3365.0000,3333.1001,3358.6001,67050.0000,3354.7751,3364.0000,3330.5000,3344.1001,3343.8000,,,,,,,,,30.0000,145.0000,,,,,,,yahoo
TVSMOTOR,2026-07-06,3627.3999,3667.0000,3621.7000,3658.8999,49297.0000,3651.2902,3736.8999,3652.1001,3706.6001,3705.0000,35.0000,35.0000,35.0000,45.0000,55.0000,85.0000,,,,,,,,,,,yahoo
ULTRACEMCO,2026-07-06,11700.0000,11741.0000,11670.0000,11722.0000,5445.0000,11694.8721,11750.0000,11631.0000,11670.0000,11673.0000,,,,,,,,,250.0000,305.0000,,,,,,,yahoo
UNIONBANK,2026-07-06,163.2500,163.7500,161.3000,162.2900,1463737.0000,161.8582,162.9500,160.7800,160.9200,161.3700,,,,,,,,,80.0000,275.0000,,,,,,,yahoo
UNITDSPR,2026-07-06,1395.3000,1399.8000,1393.6000,1398.5000,35330.0000,1396.1016,1432.5000,1398.5000,1424.7000,1427.8000,5.0000,20.0000,35.0000,40.0000,40.0000,65.0000,,,,,,,,,,,yahoo
VBL,2026-07-06,510.6000,511.8500,507.5000,510.5500,327766.0000,509.6177,511.2500,490.8500,495.0000,493.4000,,,,,,,,,25.0000,30.0000,95.0000,95.0000,100.0000,110.0000,130.0000,135.0000,yahoo
VEDL,2026-07-06,281.9000,281.9000,278.7500,280.2000,1183926.0000,279.5676,282.7500,279.2000,282.0500,281.8500,35.0000,115.0000,,,,,,,,,,,,,,,yahoo
WIPRO,2026-07-06,176.1100,176.2000,174.8200,174.9700,1034762.0000,175.1715,175.0600,173.6000,174.2500,174.3500,,,,,,,,,15.0000,210.0000,,,,,,,yahoo
ZYDUSLIFE,2026-07-06,1145.0000,1149.5000,1137.5000,1139.0000,158633.0000,1142.4901,1151.5000,1132.6000,1147.9000,1146.6000,60.0000,160.0000,170.0000,,,,,,40.0000,,,,,,,,yahoo
ABB,2026-07-07,7106.5000,7106.5000,6895.5000,6911.5000,39039.0000,6945.2271,6985.0000,6868.0000,6975.0000,6978.0000,90.0000,285.0000,305.0000,,,,,,15.0000,,,,,,,,yahoo
ADANIENSOL,2026-07-07,1637.5000,1659.7000,1636.4000,1645.6000,526610.0000,1648.4385,1663.6000,1616.0000,1653.4000,1649.2000,265.0000,265.0000,295.0000,,,,,,5.0000,5.0000,15.0000,15.0000,15.0000,,,,yahoo
ADANIENT,2026-07-07,3213.6001,3215.2000,3178.3999,3187.8000,192279.0000,3188.2353,3191.0000,3101.1001,3110.3000,3107.2000,,,,,,,,,20.0000,30.0000,30.0000,35.0000,210.0000,275.0000,320.0000,,yahoo
ADANIGREEN,2026-07-07,1552.0000,1562.0000,1543.3000,1548.6000,224187.0000,1548.9347,1549.0000,1515.0000,1519.2000,1519.0000,,,,,,,,,5.0000,5.0000,10.0000,10.0000,20.0000,30.0000,,,yahoo
ADANIPORTS,2026-07-07,1867.1000,1880.5000,1862.7000,1874.0000,111995.0000,1872.7312,1875.3000,1832.5000,1834.1000,1832.8000,,,,,,,,,25.0000,30.0000,235.0000,265.0000,270.0000,320.0000,,,yahoo
ADANIPOWER,2026-07-07,220.7400,221.8000,220.2300,220.9500,2519737.0000,220.8985,221.1500,216.3400,218.0600,218.3700,,,,,,,,,10.0000,10.0000,20.0000,20.0000,30.0000,30.0000,,,yahoo
AMBUJACEM,2026-07-07,442.9500,442.9500,439.8000,441.0000,106202.0000,440.4739,441.2000,435.7500,436.9000,435.0000,,,,,,,,,10.0000,35.0000,65.0000,,,,,,yahoo
APOLLOHOSP,2026-07-07,8896.5000,8947.0000,8864.5000,8911.5000,30379.0000,8919.7597,8916.0000,8811.5000,8833.5000,8830.0000,,,,,,,,,15.0000,45.0000,210.0000,,,,,,yahoo
ASIANPAINT,2026-07-07,2748.0000,2749.0000,2731.8000,2745.6001,36915.0000,2742.2726,2751.6001,2728.1001,2729.3000,2730.3999,,,,,,,,,215.0000,,,,,,,,yahoo
AXISBANK,2026-07-07,1345.4000,1356.9000,1338.9000,1348.9000,1939894.0000,1349.2235,1352.7000,1339.0000,1339.6000,1341.0000,,,,,,,,,235.0000,,,,,,,,yahoo
BAJAJ-AUTO,2026-07-07,10059.0000,10134.0000,10033.0000,10076.5000,20462.0000,10103.6322,10190.0000,10065.0000,10107.5000,10105.0000,15.0000,30.0000,95.0000,,,,,,,,,,,,,,yahoo
BAJAJFINSV,2026-07-07,1872.1000,1888.9000,1872.1000,1879.9000,76181.0000,1880.2127,1898.8000,1879.0000,1888.3000,1885.0000,15.0000,190.0000,300.0000,,,,,,,,,,,,,,yahoo
BAJAJHLDNG,2026-07-07,10898.0000,10940.0000,10841.0000,10854.0000,3070.0000,10869.5305,10862.0000,10720.0000,10770.0000,10759.0000,,,,,,,,,10.0000,60.0000,75.0000,,,,,,yahoo
BAJFINANCE,2026-07-07,1026.9000,1035.5000,1024.2000,1028.4000,515777.0000,1030.0472,1052.9000,1027.2000,1041.4000,1042.5000,20.0000,60.0000,105.0000,270.0000,280.0000,295.0000,,,,,,,,,,,yahoo
BANKBARODA,2026-07-07,250.9000,251.5000,249.3000,251.2000,878169.0000,250.8270,251.5500,246.4500,247.8000,247.7000,,,,,,,,,40.0000,115.0000,120.0000,145.0000,150.0000,,,,yahoo
BEL,2026-07-07,425.0500,425.0500,420.4000,421.1000,921848.0000,421.2570,422.7000,418.9500,419.3000,417.4000,,,,,,,,,215.0000,,,,,,,,yahoo
BHARTIARTL,2026-07-07,1923.9000,1928.4000,1918.1000,1921.6000,331928.0000,1922.1226,1956.3000,1922.4000,1926.0000,1925.8000,15.0000,35.0000,45.0000,70.0000,130.0000,,,,,,,,,,,,yahoo
BOSCHLTD,2026-07-07,42255.0000,42485.0000,41850.0000,41850.0000,3562.0000,42047.0110,42095.0000,41660.0000,41925.0000,41935.0000,30.0000,,,,,,,,,,,,,,,,yahoo
BPCL,2026-07-07,311.1000,312.5000,308.4000,309.1000,451871.0000,309.7740,315.8500,307.7500,314.0500,313.1000,195.0000,195.0000,260.0000,285.0000,290.0000,295.0000,,,,,,,,,,,yahoo
BRITANNIA,2026-07-07,5452.0000,5469.0000,5427.5000,5433.0000,6561.0000,5439.1295,5480.0000,5419.5000,5453.0000,5447.0000,45.0000,45.0000,,,,,,,,,,,,,,,yahoo
CANBK,2026-07-07,126.4800,126.8100,125.7400,125.9900,2672717.0000,126.3279,126.2800,124.7500,125.0100,125.0800,,,,,,,,,65.0000,95.0000,,,,,,,yahoo
CGPOWER,2026-07-07,925.7500,926.0000,901.3500,905.0000,615863.0000,908.7183,913.8000,898.8000,909.0000,910.2500,110.0000,120.0000,,,,,,,10.0000,,,,,,,,yahoo
CHOLAFIN,2026-07-07,1862.0000,1874.9000,1851.2000,1871.7000,214257.0000,1870.1186,1874.2000,1842.1000,1857.7000,1853.4000,,,,,,,,,20.0000,25.0000,30.0000,120.0000,220.0000,,,,yahoo
CIPLA,2026-07-07,1473.8000,1481.7000,1469.0000,1474.0000,115783.0000,1475.7025,1479.9000,1449.6000,1453.2000,1450.9000,,,,,,,,,40.0000,40.0000,215.0000,310.0000,320.0000,,,,yahoo
COALINDIA,2026-07-07,434.2500,434.2500,428.1000,428.7500,373642.0000,428.9012,431.4000,424.5000,429.0500,427.4500,280.0000,,,,,,,,40.0000,45.0000,,,,,,,yahoo
CUMMINSIND,2026-07-07,5556.0000,5556.0000,5472.0000,5481.0000,64063.0000,5490.2317,5503.0000,5425.0000,5458.5000,5471.5000,,,,,,,,,10.0000,15.0000,15.0000,,,,,,yahoo
DIVISLAB,2026-07-07,6894.0000,6940.0000,6865.0000,6930.0000,63377.0000,6918.1334,6957.0000,6758.5000,6781.5000,6771.5000,,,,,,,,,30.0000,30.0000,40.0000,40.0000,90.0000,155.0000,,,yahoo
DLF,2026-07-07,672.7500,672.7500,665.7500,667.8000,293875.0000,667.4501,667.9000,649.9000,652.8500,651.8500,,,,,,,,,20.0000,45.0000,55.0000,60.0000,115.0000,215.0000,270.0000,,yahoo
DMART,2026-07-07,4082.3999,4092.8000,4050.8999,4087.7000,45068.0000,4074.1140,4091.8999,4046.3999,4072.5000,4070.0000,,,,,,,,,70.0000,90.0000,105.0000,,,,,,yahoo
DRREDDY,2026-07-07,1362.4000,1370.9000,1359.8000,1368.3000,66456.0000,1366.6074,1379.5000,1352.0000,1357.9000,1354.6000,5.0000,5.0000,,,,,,,305.0000,305.0000,310.0000,,,,,,yahoo
EICHERMOT,2026-07-07,7486.0000,7594.0000,7486.0000,7582.0000,90766.0000,7563.8010,7603.0000,7534.5000,7543.5000,7509.0000,,,,,,,,,15.0000,,,,,,,,yahoo
ENRIN,2026-07-07,3388.0000,3406.0000,3323.0000,3346.2000,69233.0000,3341.7486,3410.0000,3344.3000,3367.3000,3380.0000,15.0000,55.0000,55.0000,60.0000,90.0000,,,,,,,,,,,,yahoo
ETERNAL,2026-07-07,283.5500,289.4500,283.5500,288.1000,4617352.0000,286.6954,291.0000,286.7500,289.1500,289.4000,110.0000,115.0000,125.0000,,,,,,,,,,,,,,yahoo
GAIL,2026-07-07,175.2400,175.4700,173.7600,174.2000,504912.0000,174.2509,175.4200,173.9000,174.0700,174.0100,15.0000,,,,,,,,,,,,,,,,yahoo
GODREJCP,2026-07-07,1100.6000,1106.6000,1091.5000,1091.5000,61789.0000,1097.9307,1104.0000,1087.4000,1098.7000,1095.0000,65.0000,130.0000,170.0000,,,,,,,,,,,,,,yahoo
GRASIM,2026-07-07,3201.1001,3220.0000,3198.0000,3208.7000,17309.0000,3204.3764,3215.8000,3180.0000,3187.5000,3178.8999,,,,,,,,,30.0000,155.0000,,,,,,,yahoo
HAL,2026-07-07,4440.0000,4440.0000,4389.2002,4403.7998,41431.0000,4401.6720,4428.3999,4376.5000,4402.8999,4400.2998,110.0000,,,,,,,,5.0000,,,,,,,,yahoo
HCLTECH,2026-07-07,1139.0000,1156.4000,1137.9000,1147.5000,334329.0000,1147.8661,1175.0000,1146.0000,1168.0000,1168.2000,30.0000,40.0000,40.0000,90.0000,95.0000,125.0000,,,,,,,,,,,yahoo
HDFCAMC,2026-07-07,2784.8999,2786.7000,2751.0000,2760.0000,34837.0000,2762.7637,2806.0000,2737.1001,2791.8000,2783.3999,185.0000,230.0000,245.0000,275.0000,285.0000,,,,10.0000,40.0000,,,,,,,yahoo
HDFCBANK,2026-07-07,841.2500,841.2500,832.0000,833.4500,5963818.0000,834.0718,838.2500,828.5000,829.3000,827.5000,35.0000,,,,,,,,215.0000,,,,,,,,yahoo
HDFCLIFE,2026-07-07,565.9500,567.3000,564.1000,564.5500,258484.0000,565.7159,573.7000,563.9000,572.4000,572.4500,65.0000,70.0000,145.0000,165.0000,200.0000,,,,,,,,,,,,yahoo
HINDALCO,2026-07-07,973.8500,978.9000,966.7500,971.8000,416496.0000,973.1634,975.5000,963.5000,970.0500,969.5000,,,,,,,,,155.0000,170.0000,,,,,,,yahoo
HINDUNILVR,2026-07-07,2193.8999,2210.7000,2193.8999,2201.8000,96191.0000,2204.9809,2219.3999,2197.1001,2209.2000,2208.8000,50.0000,185.0000,,,,,,,,,,,,,,,yahoo
HINDZINC,2026-07-07,538.4500,538.4500,530.8000,534.3000,478079.0000,533.4173,537.9000,530.6500,530.8500,530.0000,5.0000,,,,,,,,155.0000,,,,,,,,yahoo
HYUNDAI,2026-07-07,2000.0000,2004.2000,1990.2000,1991.2000,18657.0000,1995.4842,1997.4000,1972.0000,1976.5000,1980.5000,,,,,,,,,65.0000,75.0000,,,,,,,yahoo
ICICIBANK,2026-07-07,1431.2000,1431.2000,1421.4000,1428.8000,1971241.0000,1426.3385,1429.7000,1413.4000,1415.0000,1412.0000,,,,,,,,,175.0000,180.0000,210.0000,,,,,,yahoo
INDHOTEL,2026-07-07,742.2000,752.7000,740.3000,744.0500,714085.0000,745.8077,748.6500,738.6000,746.5000,746.0000,150.0000,,,,,,,,20.0000,,,,,,,,yahoo
INDIGO,2026-07-07,5399.5000,5399.5000,5347.5000,5353.0000,77705.0000,5358.9561,5412.0000,5347.0000,5397.0000,5395.0000,25.0000,135.0000,250.0000,,,,,,,,,,,,,,yahoo
INFY,2026-07-07,1043.0000,1069.5000,1043.0000,1069.2000,1731205.0000,1063.7901,1087.3000,1065.8000,1072.0000,1071.5000,25.0000,30.0000,40.0000,120.0000,125.0000,,,,,,,,,,,,yahoo
IOC,2026-07-07,142.7500,144.0900,142.2000,142.4300,1889182.0000,143.0355,143.2300,141.8000,142.3100,142.1800,20.0000,,,,,,,,,,,,,,,,yahoo
IRFC,2026-07-07,90.4700,90.4700,89.8500,89.9600,883620.0000,89.9816,90.1300,89.6600,89.8700,89.9000,,,,,,,,,,,,,,,,,yahoo
ITC,2026-07-07,289.5500,289.5500,286.6000,286.7500,1313029.0000,287.5661,290.5000,286.5500,288.6000,288.1500,30.0000,50.0000,250.0000,250.0000,,,,,,,,,,,,,yahoo
JINDALSTEL,2026-07-07,1045.0000,1045.0000,1035.7000,1038.6000,72910.0000,1038.1932,1045.9000,1027.3000,1033.0000,1037.5000,40.0000,,,,,,,,275.0000,285.0000,295.0000,,,,,,yahoo
JIOFIN,2026-07-07,239.9600,243.9900,239.4500,243.0300,4852516.0000,242.4806,245.2500,242.0200,243.0800,243.0100,40.0000,105.0000,,,,,,,,,,,,,,,yahoo
JSWSTEEL,2026-07-07,1222.0000,1233.3000,1222.0000,1233.3000,90251.0000,1228.7575,1252.6000,1231.2000,1246.1000,1237.6000,50.0000,55.0000,100.0000,180.0000,185.0000,,,,,,,,,,,,yahoo
KOTAKBANK,2026-07-07,382.0000,382.0000,379.0500,379.3500,878877.0000,379.9016,382.8000,378.7500,381.9500,382.1500,25.0000,195.0000,,,,,,,,,,,,,,,yahoo
LODHA,2026-07-07,1094.9000,1106.0000,1090.3000,1101.2000,339451.0000,1100.7989,1107.6000,1086.4000,1104.8000,1101.0000,295.0000,,,,,,,,5.0000,15.0000,20.0000,60.0000,,,,,yahoo
LT,2026-07-07,4042.6001,4045.3999,3981.5000,3988.5000,273271.0000,3998.3105,4018.5000,3975.5000,3992.3000,3987.0000,100.0000,105.0000,,,,,,,,,,,,,,,yahoo
LTM,2026-07-07,3737.8999,3830.2000,3737.8999,3820.1001,103984.0000,3811.5182,3884.6001,3802.6001,3864.6001,3858.5000,35.0000,35.0000,40.0000,40.0000,155.0000,,,,,,,,,,,,yahoo
M&M,2026-07-07,3210.8000,3215.7000,3194.0000,3197.8999,135933.0000,3201.5155,3209.0000,3181.6001,3194.6001,3182.0000,,,,,,,,,10.0000,,,,,,,,yahoo
MARUTI,2026-07-07,14462.0000,14515.0000,14432.0000,14458.0000,28547.0000,14476.2634,14598.0000,14415.0000,14538.0000,14530.0000,90.0000,100.0000,,,,,,,,,,,,,,,yahoo
MAXHEALTH,2026-07-07,1134.5000,1150.0000,1133.8000,1140.4000,246928.0000,1143.0461,1146.0000,1114.1000,1119.1000,1114.7000,,,,,,,,,120.0000,130.0000,170.0000,230.0000,255.0000,280.0000,,,yahoo
MAZDOCK,2026-07-07,2567.5000,2567.5000,2514.5000,2522.8000,212825.0000,2528.4676,2555.6001,2513.8000,2526.6001,2513.5000,45.0000,55.0000,105.0000,110.0000,,,,,,,,,,,,,yahoo
MOTHERSON,2026-07-07,145.6100,145.6100,142.7900,142.8300,1112606.0000,143.6423,144.4300,140.5500,143.4500,143.3700,140.0000,190.0000,195.0000,,,,,,30.0000,55.0000,55.0000,55.0000,55.0000,,,,yahoo
MUTHOOTFIN,2026-07-07,3134.7000,3150.0000,3081.7000,3102.5000,84696.0000,3095.7752,3145.8000,3101.3000,3128.8999,3124.5000,25.0000,110.0000,110.0000,110.0000,,,,,,,,,,,,,yahoo
NESTLEIND,2026-07-07,1471.9000,1477.7000,1465.9000,1472.7000,70670.0000,1472.1562,1482.5000,1463.1000,1474.4000,1471.8000,290.0000,,,,,,,,25.0000,,,,,,,,yahoo
NTPC,2026-07-07,356.3000,356.8500,354.1000,354.6000,189558.0000,354.8726,356.2000,352.6000,354.6000,352.8000,,,,,,,,,75.0000,,,,,,,,yahoo
ONGC,2026-07-07,244.2000,245.1400,242.9600,243.9100,805551.0000,243.6450,245.1000,242.7900,244.0900,243.2700,,,,,,,,,,,,,,,,,yahoo
PFC,2026-07-07,422.0000,422.3000,416.0000,416.4500,392431.0000,417.8960,418.4500,413.0500,413.3000,411.8500,,,,,,,,,295.0000,330.0000,,,,,,,yahoo
PIDILITIND,2026-07-07,1617.0000,1620.8000,1609.2000,1612.8000,30084.0000,1612.0727,1626.6000,1606.4000,1623.6000,1622.3000,285.0000,320.0000,,,,,,,,,,,,,,,yahoo
PNB,2026-07-07,104.7400,104.7400,103.6800,103.9100,1445829.0000,103.9843,104.4000,103.1500,103.9900,103.7900,,,,,,,,,75.0000,,,,,,,,yahoo
POWERGRID,2026-07-07,285.8500,286.7500,284.7000,285.1500,330834.0000,285.2455,287.3500,284.1000,284.2000,283.8500,110.0000,170.0000,,,,,,,,,,,,,,,yahoo
RECLTD,2026-07-07,365.4500,365.4500,358.4000,358.4500,598880.0000,360.7169,359.4500,356.1500,356.3500,355.6500,,,,,,,,,240.0000,,,,,,,,yahoo
RELIANCE,2026-07-07,1324.9000,1327.9000,1315.1000,1318.7000,574011.0000,1318.0344,1322.3000,1307.0000,1307.6000,1304.9000,,,,,,,,,120.0000,325.0000,,,,,,,yahoo
SBILIFE,2026-07-07,1787.3000,1829.5000,1787.0000,1829.5000,195004.0000,1819.2791,1848.0000,1818.0000,1829.0000,1832.3000,65.0000,65.0000,65.0000,,,,,,10.0000,,,,,,,,yahoo
SBIN,2026-07-07,1040.9000,1049.0000,1037.6000,1045.0000,563651.0000,1046.2067,1048.0000,1037.5000,1038.0000,1036.2000,,,,,,,,,155.0000,,,,,,,,yahoo
SHREECEM,2026-07-07,26660.0000,26720.0000,26575.0000,26695.0000,440.0000,26656.8598,26850.0000,26600.0000,26735.0000,26550.0000,20.0000,,,,,,,,,,,,,,,,yahoo
SHRIRAMFIN,2026-07-07,1068.1000,1087.1000,1068.0000,1074.5000,1275370.0000,1078.1843,1077.3000,1067.5000,1068.7000,1066.8000,,,,,,,,,320.0000,,,,,,,,yahoo
SIEMENS,2026-07-07,3574.3000,3574.3000,3464.8999,3495.7000,82050.0000,3495.6497,3504.1001,3450.0000,3489.6001,3495.0000,,,,,,,,,15.0000,15.0000,15.0000,15.0000,,,,,yahoo
SOLARINDS,2026-07-07,18447.0000,18550.0000,18031.0000,18094.0000,27482.0000,18147.0942,18302.0000,17632.0000,18280.0000,18268.0000,245.0000,285.0000,310.0000,,,,,,5.0000,5.0000,5.0000,20.0000,20.0000,60.0000,70.0000,,yahoo
SUNPHARMA,2026-07-07,1905.4000,1917.9000,1902.7000,1913.9000,100310.0000,1912.8840,1924.9000,1899.1000,1902.2000,1903.4000,10.0000,,,,,,,,55.0000,235.0000,,,,,,,yahoo
TATACAP,2026-07-07,349.9500,355.9000,349.9500,351.0500,126413.0000,352.2576,354.1000,350.9000,352.8500,352.6000,10.0000,165.0000,,,,,,,,,,,,,,,yahoo
TATACONSUM,2026-07-07,1111.2000,1118.4000,1111.2000,1113.0000,29958.0000,1114.8692,1130.0000,1108.9000,1125.3000,1122.0000,55.0000,250.0000,265.0000,275.0000,290.0000,,,,,,,,,,,,yahoo
TATAPOWER,2026-07-07,378.4000,379.8000,377.0000,377.2000,396628.0000,378.0396,378.6000,374.8000,377.3000,377.0000,,,,,,,,,45.0000,,,,,,,,yahoo
TATASTEEL,2026-07-07,191.2500,191.2500,189.0100,189.7900,1518977.0000,189.4874,191.0000,189.0500,189.8800,189.7900,20.0000,,,,,,,,,,,,,,,,yahoo
TCS,2026-07-07,2050.0000,2084.6001,2050.0000,2080.3000,402044.0000,2075.0548,2122.3999,2078.8999,2096.5000,2095.8999,15.0000,20.0000,25.0000,30.0000,40.0000,40.0000,,,,,,,,,,,yahoo
TECHM,2026-07-07,1412.5000,1423.4000,1401.6000,1421.2000,271754.0000,1417.7786,1462.6000,1419.2000,1446.8000,1447.5000,20.0000,20.0000,40.0000,40.0000,40.0000,80.0000,85.0000,,,,,,,,,,yahoo
TITAN,2026-07-07,4512.0000,4638.0000,4507.2002,4637.2998,797607.0000,4589.6152,4654.1001,4576.7002,4601.2998,4604.2002,,,,,,,,,25.0000,25.0000,180.0000,200.0000,,,,,yahoo
TMCV,2026-07-07,430.5000,430.5000,425.6500,426.5000,335870.0000,427.4202,427.1500,421.5500,425.0000,425.3000,,,,,,,,,105.0000,130.0000,235.0000,,,,,,yahoo
TMPV,2026-07-07,348.8000,348.8000,344.5500,344.9000,645583.0000,345.9253,345.3500,342.2000,342.4500,341.9500,,,,,,,,,70.0000,325.0000,,,,,,,yahoo
TORNTPHARM,2026-07-07,4835.7998,4869.1001,4835.7998,4854.8999,23742.0000,4853.3079,4873.1001,4835.0000,4865.2002,4856.7002,,,,,,,,,,,,,,,,,yahoo
TRENT,2026-07-07,3051.7000,3063.3999,3012.1001,3014.0000,2249469.0000,3042.2992,3014.5000,2923.0000,2927.2000,2920.5000,,,,,,,,,5.0000,10.0000,10.0000,20.0000,20.0000,115.0000,195.0000,330.0000,yahoo
TVSMOTOR,2026-07-07,3710.0000,3732.3000,3702.6001,3712.5000,57742.0000,3721.4525,3775.0000,3704.0000,3712.7000,3710.0000,25.0000,25.0000,30.0000,95.0000,95.0000,,,,,,,,,,,,yahoo
ULTRACEMCO,2026-07-07,11683.0000,11703.0000,11655.0000,11700.0000,8466.0000,11684.8821,11749.0000,11635.0000,11650.0000,11649.0000,,,,,,,,,155.0000,,,,,,,,yahoo
UNIONBANK,2026-07-07,161.5000,162.7900,161.2000,161.8600,828369.0000,161.9423,161.8900,160.3900,161.0100,161.5000,,,,,,,,,140.0000,145.0000,,,,,,,yahoo
UNITDSPR,2026-07-07,1434.8000,1434.8000,1423.2000,1426.9000,43558.0000,1425.8564,1441.0000,1423.3000,1440.2000,1441.0000,180.0000,185.0000,,,,,,,,,,,,,,,yahoo
VBL,2026-07-07,500.0000,500.8000,486.5000,486.9500,1158864.0000,488.6504,487.9000,481.3000,484.5500,484.0000,,,,,,,,,20.0000,125.0000,140.0000,,,,,,yahoo
VEDL,2026-07-07,282.0000,282.3000,275.9000,277.3000,1123437.0000,277.4669,279.6500,274.7500,274.8500,274.7000,5.0000,20.0000,,,,,,,170.0000,220.0000,,,,,,,yahoo
WIPRO,2026-07-07,173.8900,176.2000,173.7800,175.3900,1750804.0000,175.1263,176.0500,172.9200,173.0000,173.0000,,,,,,,,,55.0000,215.0000,275.0000,320.0000,,,,,yahoo
ZYDUSLIFE,2026-07-07,1150.0000,1162.9000,1149.8000,1161.2000,184038.0000,1157.0767,1168.7000,1150.4000,1152.6000,1153.0000,10.0000,,,,,,,,125.0000,155.0000,,,,,,,yahoo
ABB,2026-07-08,6918.5000,6921.0000,6831.0000,6884.0000,58433.0000,6859.7276,6893.0000,6725.5000,6756.5000,6800.0000,,,,,,,,,50.0000,75.0000,100.0000,255.0000,260.0000,265.0000,,,yahoo
ADANIENSOL,2026-07-08,1637.2000,1666.0000,1633.5000,1664.2000,289287.0000,1660.4377,1711.5000,1644.0000,1650.1000,1664.5000,10.0000,10.0000,20.0000,20.0000,30.0000,30.0000,35.0000,,285.0000,305.0000,315.0000,,,,,,yahoo
ADANIENT,2026-07-08,3101.3000,3123.5000,3097.0000,3112.6001,143220.0000,3111.2466,3146.5000,3028.0000,3040.7000,3056.0000,35.0000,35.0000,35.0000,,,,,,245.0000,250.0000,255.0000,260.0000,265.0000,270.0000,290.0000,,yahoo
ADANIGREEN,2026-07-08,1508.7000,1521.9000,1508.3000,1518.0000,134294.0000,1514.3896,1557.0000,1493.7000,1499.8000,1510.5000,10.0000,30.0000,35.0000,35.0000,35.0000,35.0000,45.0000,,265.0000,265.0000,270.0000,285.0000,310.0000,,,,yahoo
ADANIPORTS,2026-07-08,1828.7000,1838.0000,1823.1000,1837.1000,65902.0000,1831.0812,1850.4000,1784.9000,1790.8000,1791.7000,50.0000,,,,,,,,245.0000,245.0000,250.0000,255.0000,255.0000,260.0000,270.0000,,yahoo
ADANIPOWER,2026-07-08,217.7500,220.2300,216.7100,219.0000,1971670.0000,219.2482,223.5400,214.8400,215.7700,217.7500,20.0000,30.0000,30.0000,35.0000,35.0000,45.0000,,,265.0000,265.0000,270.0000,290.0000,310.0000,,,,yahoo
AMBUJACEM,2026-07-08,431.0000,433.2000,428.8000,429.3500,149134.0000,430.2177,435.7000,419.2000,420.7500,422.2000,15.0000,20.0000,35.0000,60.0000,,,,,255.0000,260.0000,265.0000,265.0000,270.0000,295.0000,,,yahoo
APOLLOHOSP,2026-07-08,8820.0000,8885.5000,8815.0000,8830.0000,26862.0000,8860.7304,8865.0000,8701.0000,8765.0000,8777.0000,,,,,,,,,140.0000,195.0000,255.0000,270.0000,,,,,yahoo
ASIANPAINT,2026-07-08,2679.3000,2691.6001,2655.1001,2662.3000,122287.0000,2669.6826,2713.0000,2654.0000,2662.2000,2670.0000,50.0000,50.0000,55.0000,60.0000,100.0000,,,,,,,,,,,,yahoo
AXISBANK,2026-07-08,1334.7000,1339.2000,1328.7000,1331.0000,271747.0000,1331.5688,1339.0000,1304.0000,1309.3000,1310.9000,205.0000,,,,,,,,120.0000,120.0000,130.0000,270.0000,270.0000,310.0000,,,yahoo
BAJAJ-AUTO,2026-07-08,10021.0000,10094.0000,10015.0000,10052.5000,15076.0000,10049.6686,10264.5000,10052.5000,10155.5000,10178.5000,5.0000,50.0000,55.0000,80.0000,105.0000,215.0000,,,,,,,,,,,yahoo
BAJAJFINSV,2026-07-08,1865.0000,1875.1000,1862.6000,1872.0000,57963.0000,1870.8316,1890.3000,1842.2000,1851.6000,1854.0000,55.0000,70.0000,,,,,,,255.0000,260.0000,270.0000,270.0000,285.0000,,,,yahoo
BAJAJHLDNG,2026-07-08,10652.0000,10724.0000,10615.0000,10648.0000,3850.0000,10646.1891,10688.0000,10276.0000,10302.0000,10336.0000,,,,,,,,,40.0000,140.0000,145.0000,165.0000,250.0000,255.0000,265.0000,285.0000,yahoo
BAJFINANCE,2026-07-08,1024.7000,1029.9000,1023.1000,1026.6000,506584.0000,1027.7035,1034.5000,1004.3000,1010.0000,1011.2000,75.0000,205.0000,,,,,,,255.0000,255.0000,260.0000,265.0000,265.0000,310.0000,,,yahoo
BANKBARODA,2026-07-08,245.3000,245.7000,243.2000,244.1000,1381167.0000,244.0495,245.4500,239.0500,240.4500,240.9500,105.0000,,,,,,,,10.0000,255.0000,255.0000,260.0000,270.0000,290.0000,,,yahoo
BEL,2026-07-08,417.0000,417.6000,414.4500,415.1500,1211652.0000,415.6935,416.2000,406.0500,407.2500,408.2000,,,,,,,,,170.0000,235.0000,245.0000,250.0000,255.0000,270.0000,,,yahoo
BHARTIARTL,2026-07-08,1914.3000,1921.6000,1904.3000,1914.4000,336092.0000,1916.3052,1924.1000,1875.1000,1890.0000,1885.5000,25.0000,,,,,,,,150.0000,155.0000,185.0000,200.0000,250.0000,310.0000,,,yahoo
BOSCHLTD,2026-07-08,41570.0000,41950.0000,41475.0000,41585.0000,2445.0000,41566.0157,42050.0000,41320.0000,41495.0000,41700.0000,25.0000,225.0000,245.0000,,,,,,95.0000,,,,,,,,yahoo
BPCL,2026-07-08,307.0000,307.2500,300.0500,302.7000,1996686.0000,301.8722,306.2500,301.7500,303.5500,303.0000,25.0000,60.0000,200.0000,,,,,,,,,,,,,,yahoo
BRITANNIA,2026-07-08,5422.5000,5469.0000,5412.0000,5428.5000,19014.0000,5438.0485,5430.0000,5276.0000,5311.0000,5337.5000,,,,,,,,,125.0000,185.0000,210.0000,245.0000,260.0000,275.0000,305.0000,,yahoo
CANBK,2026-07-08,124.0900,124.1000,122.6600,123.3100,4679637.0000,123.1650,124.9300,120.5200,121.0100,121.6000,55.0000,90.0000,100.0000,125.0000,,,,,260.0000,260.0000,265.0000,270.0000,285.0000,305.0000,,,yahoo
CGPOWER,2026-07-08,906.7500,910.8500,900.8000,909.0500,240150.0000,905.7638,924.0000,901.0000,908.2500,909.0500,140.0000,205.0000,210.0000,215.0000,215.0000,,,,275.0000,310.0000,,,,,,,yahoo
CHOLAFIN,2026-07-08,1830.0000,1830.0000,1812.5000,1823.8000,170813.0000,1818.2566,1850.6000,1764.0000,1768.8000,1769.4000,15.0000,30.0000,30.0000,80.0000,,,,,255.0000,260.0000,260.0000,265.0000,265.0000,285.0000,295.0000,320.0000,yahoo
CIPLA,2026-07-08,1454.6000,1471.7000,1454.6000,1459.4000,140638.0000,1464.8837,1464.4000,1429.2000,1430.6000,1429.5000,,,,,,,,,35.0000,230.0000,230.0000,245.0000,250.0000,295.0000,,,yahoo
COALINDIA,2026-07-08,428.2500,431.7500,427.1500,431.4500,328828.0000,430.4857,432.0000,426.6500,428.9000,430.2500,,,,,,,,,15.0000,65.0000,285.0000,,,,,,yahoo
CUMMINSIND,2026-07-08,5403.0000,5499.0000,5403.0000,5496.0000,21817.0000,5481.2966,5559.0000,5472.5000,5490.0000,5507.0000,10.0000,175.0000,180.0000,,,,,,,,,,,,,,yahoo
DIVISLAB,2026-07-08,6783.5000,6825.0000,6763.0000,6787.0000,27273.0000,6804.3812,6862.0000,6693.0000,6763.0000,6755.0000,35.0000,40.0000,55.0000,,,,,,255.0000,260.0000,265.0000,290.0000,,,,,yahoo
DLF,2026-07-08,644.4500,650.2500,642.3500,649.7000,209500.0000,647.0124,664.6000,631.0500,633.0000,633.0000,10.0000,15.0000,45.0000,50.0000,50.0000,70.0000,,,250.0000,250.0000,250.0000,255.0000,260.0000,265.0000,270.0000,,yahoo
DMART,2026-07-08,4050.0000,4066.0000,4030.0000,4038.2000,15750.0000,4041.9753,4054.3999,4012.0000,4033.0000,4038.6001,,,,,,,,,285.0000,,,,,,,,yahoo
DRREDDY,2026-07-08,1362.5000,1383.0000,1362.3000,1368.1000,321353.0000,1373.2483,1370.8000,1338.8000,1348.0000,1349.0000,,,,,,,,,125.0000,145.0000,215.0000,215.0000,245.0000,290.0000,,,yahoo
EICHERMOT,2026-07-08,7415.0000,7460.0000,7360.0000,7371.5000,106218.0000,7386.5785,7592.0000,7346.0000,7427.0000,7418.5000,55.0000,60.0000,70.0000,75.0000,105.0000,105.0000,145.0000,,,,,,,,,,yahoo
ENRIN,2026-07-08,3360.0000,3388.1001,3347.0000,3388.1001,18464.0000,3377.6351,3410.2000,3318.0000,3365.0000,3375.0000,45.0000,,,,,,,,5.0000,255.0000,265.0000,265.0000,270.0000,310.0000,,,yahoo
ETERNAL,2026-07-08,288.0000,288.6000,285.8500,287.5500,3172052.0000,287.0418,296.4000,283.8000,286.9500,287.2500,55.0000,60.0000,60.0000,75.0000,85.0000,90.0000,140.0000,225.0000,310.0000,310.0000,315.0000,315.0000,,,,,yahoo
GAIL,2026-07-08,172.3000,172.7600,171.3800,172.2900,360128.0000,171.9022,174.7400,168.8200,169.8300,169.2400,30.0000,75.0000,75.0000,105.0000,,,,,285.0000,290.0000,300.0000,305.0000,310.0000,315.0000,,,yahoo
GODREJCP,2026-07-08,1086.0000,1086.0000,1076.1000,1077.6000,40751.0000,1079.0955,1099.5000,1067.0000,1070.9000,1075.2000,55.0000,70.0000,120.0000,150.0000,205.0000,245.0000,,,310.0000,310.0000,,,,,,,yahoo
GRASIM,2026-07-08,3174.0000,3179.8999,3162.0000,3169.0000,24418.0000,3168.9578,3188.3999,3121.3999,3133.8999,3134.8000,55.0000,,,,,,,,250.0000,260.0000,265.0000,265.0000,305.0000,,,,yahoo
HAL,2026-07-08,4390.0000,4399.7998,4376.1001,4390.5000,41556.0000,4390.5882,4433.5000,4324.6001,4380.2998,4364.7002,70.0000,80.0000,,,,,,,255.0000,255.0000,270.0000,270.0000,275.0000,,,,yahoo
HCLTECH,2026-07-08,1153.5000,1176.0000,1153.5000,1170.8000,399577.0000,1171.9797,1171.5000,1143.4000,1147.1000,1145.6000,,,,,,,,,10.0000,35.0000,185.0000,245.0000,250.0000,270.0000,,,yahoo
HDFCAMC,2026-07-08,2759.8000,2774.3999,2756.1001,2768.0000,22070.0000,2768.4238,2775.7000,2645.8000,2652.8999,2657.8000,,,,,,,,,40.0000,150.0000,155.0000,245.0000,250.0000,255.0000,260.0000,265.0000,yahoo
HDFCBANK,2026-07-08,825.5000,829.7000,823.6000,828.9500,2729777.0000,828.0379,834.3000,807.0000,811.1500,809.4500,10.0000,,,,,,,,245.0000,245.0000,255.0000,255.0000,260.0000,270.0000,310.0000,,yahoo
HDFCLIFE,2026-07-08,568.0000,571.3500,567.1500,569.2000,98280.0000,568.1525,573.6500,553.4500,555.8500,555.7000,10.0000,105.0000,,,,,,,220.0000,245.0000,250.0000,255.0000,255.0000,265.0000,300.0000,,yahoo
HINDALCO,2026-07-08,964.6500,978.1500,962.9000,976.9000,906640.0000,972.0986,979.9000,963.4000,970.7500,971.6500,,,,,,,,,245.0000,265.0000,290.0000,305.0000,,,,,yahoo
HINDUNILVR,2026-07-08,2189.5000,2198.5000,2175.5000,2180.1001,101559.0000,2181.9610,2180.6001,2130.6001,2133.5000,2135.5000,,,,,,,,,30.0000,220.0000,245.0000,250.0000,250.0000,305.0000,,,yahoo
HINDZINC,2026-07-08,523.9500,531.8500,523.9500,530.9000,343385.0000,528.6753,543.5000,526.9500,529.3500,532.7500,15.0000,15.0000,15.0000,20.0000,30.0000,45.0000,,,300.0000,,,,,,,,yahoo
HYUNDAI,2026-07-08,1955.1000,1961.0000,1941.4000,1947.3000,37008.0000,1949.3268,1969.3000,1904.1000,1916.6000,1915.8000,50.0000,50.0000,55.0000,,,,,,250.0000,250.0000,255.0000,255.0000,260.0000,305.0000,,,yahoo
ICICIBANK,2026-07-08,1412.7000,1416.8000,1410.6000,1415.0000,631320.0000,1413.5923,1417.7000,1376.0000,1380.5000,1380.6000,,,,,,,,,110.0000,140.0000,145.0000,170.0000,245.0000,255.0000,295.0000,,yahoo
INDHOTEL,2026-07-08,741.1000,741.1000,731.9000,733.5000,125169.0000,735.5190,739.7000,719.8000,722.6000,722.9000,60.0000,65.0000,,,,,,,255.0000,255.0000,260.0000,265.0000,270.0000,,,,yahoo
INDIGO,2026-07-08,5267.5000,5319.0000,5230.0000,5285.0000,188780.0000,5272.0213,5309.5000,5096.0000,5119.5000,5115.0000,,,,,,,,,250.0000,250.0000,250.0000,250.0000,265.0000,265.0000,270.0000,285.0000,yahoo
INFY,2026-07-08,1069.2000,1079.7000,1068.0000,1070.5000,1139498.0000,1072.6909,1077.5000,1064.9000,1070.6000,1069.3000,95.0000,,,,,,,,295.0000,,,,,,,,yahoo
IOC,2026-07-08,139.6700,139.6700,137.1800,138.5900,4875186.0000,138.0742,140.3400,136.6100,137.0300,137.7000,5.0000,10.0000,55.0000,200.0000,,,,,265.0000,285.0000,295.0000,305.0000,,,,,yahoo
IRFC,2026-07-08,89.4300,89.4300,88.5300,88.8400,1257818.0000,88.7243,89.3800,86.9600,87.4500,87.5000,80.0000,,,,,,,,255.0000,260.0000,265.0000,265.0000,270.0000,300.0000,,,yahoo
ITC,2026-07-08,287.3500,287.8000,283.5000,283.5500,2243670.0000,284.7028,285.0000,280.1000,280.6000,280.8500,245.0000,,,,,,,,10.0000,25.0000,310.0000,,,,,,yahoo
JINDALSTEL,2026-07-08,1029.1000,1041.2000,1026.3000,1039.3000,67029.0000,1035.5200,1047.7000,1016.3000,1019.2000,1023.0000,35.0000,55.0000,,,,,,,170.0000,245.0000,250.0000,250.0000,260.0000,300.0000,,,yahoo
JIOFIN,2026-07-08,241.7500,241.7500,235.6400,236.1000,3694012.0000,236.9756,237.9000,229.1000,230.2800,230.8700,10.0000,60.0000,,,,,,,240.0000,240.0000,245.0000,250.0000,255.0000,265.0000,285.0000,,yahoo
JSWSTEEL,2026-07-08,1233.9000,1242.4000,1229.0000,1237.5000,100459.0000,1237.3379,1245.0000,1212.7000,1216.1000,1224.5000,55.0000,,,,,,,,245.0000,245.0000,260.0000,270.0000,270.0000,315.0000,,,yahoo
KOTAKBANK,2026-07-08,379.7500,381.7000,377.4000,377.8000,745843.0000,378.5279,380.0000,369.1500,369.2000,370.4500,60.0000,,,,,,,,185.0000,225.0000,245.0000,255.0000,265.0000,320.0000,,,yahoo
LODHA,2026-07-08,1094.0000,1110.0000,1085.8500,1109.8000,491119.0000,1102.8732,1154.3500,1101.1000,1114.0500,1115.1000,10.0000,15.0000,20.0000,30.0000,45.0000,50.0000,65.0000,130.0000,270.0000,310.0000,,,,,,,yahoo
LT,2026-07-08,3944.3000,3974.6001,3927.3999,3973.2000,114569.0000,3961.9138,3988.0000,3871.3000,3891.3000,3900.1001,,,,,,,,,245.0000,245.0000,250.0000,260.0000,265.0000,265.0000,295.0000,,yahoo
LTM,2026-07-08,3846.3999,3859.0000,3828.7000,3839.1001,25649.0000,3847.1274,3873.8999,3773.7000,3795.6001,3788.8999,95.0000,95.0000,,,,,,,260.0000,260.0000,260.0000,270.0000,305.0000,,,,yahoo
M&M,2026-07-08,3172.6001,3173.6001,3142.0000,3151.8000,167497.0000,3151.7696,3188.5000,3088.3000,3102.5000,3102.5000,55.0000,60.0000,205.0000,,,,,,260.0000,265.0000,265.0000,270.0000,270.0000,310.0000,,,yahoo
MARUTI,2026-07-08,14423.0000,14499.0000,14287.0000,14344.0000,61552.0000,14352.2470,14369.0000,13880.0000,13924.0000,13973.0000,,,,,,,,,30.0000,35.0000,245.0000,250.0000,255.0000,260.0000,285.0000,305.0000,yahoo
MAXHEALTH,2026-07-08,1122.5000,1129.4000,1110.0000,1112.8000,82108.0000,1119.9414,1122.4000,1082.7000,1084.4000,1084.8000,5.0000,60.0000,,,,,,,95.0000,100.0000,170.0000,180.0000,190.0000,250.0000,295.0000,,yahoo
MAZDOCK,2026-07-08,2501.0000,2520.0000,2496.0000,2507.8000,58313.0000,2515.6540,2525.0000,2437.5000,2446.2000,2450.7000,70.0000,,,,,,,,25.0000,250.0000,255.0000,260.0000,265.0000,265.0000,295.0000,,yahoo
MOTHERSON,2026-07-08,142.5200,143.4600,142.1600,142.5300,700385.0000,142.5717,144.8300,139.6500,140.3100,140.7000,15.0000,20.0000,25.0000,30.0000,45.0000,,,,250.0000,255.0000,255.0000,255.0000,270.0000,290.0000,,,yahoo
MUTHOOTFIN,2026-07-08,3077.0000,3133.0000,3067.5000,3133.0000,43869.0000,3123.5314,3169.0000,3075.1001,3081.1001,3078.0000,15.0000,15.0000,75.0000,,,,,,260.0000,265.0000,265.0000,290.0000,300.0000,,,,yahoo
NESTLEIND,2026-07-08,1458.6000,1471.1000,1458.6000,1468.0000,88534.0000,1465.8117,1479.9000,1442.0000,1450.6000,1446.8000,90.0000,90.0000,,,,,,,245.0000,250.0000,255.0000,260.0000,270.0000,,,,yahoo
NTPC,2026-07-08,352.7500,352.8500,351.6000,351.8500,151925.0000,352.2196,352.8000,347.6500,348.8000,348.4000,,,,,,,,,30.0000,245.0000,255.0000,,,,,,yahoo
ONGC,2026-07-08,246.8500,248.1000,245.2000,245.7500,2354850.0000,246.4068,248.3500,241.5100,247.0300,247.0000,270.0000,275.0000,275.0000,,,,,,35.0000,60.0000,65.0000,125.0000,150.0000,,,,yahoo
PFC,2026-07-08,408.3000,410.5500,406.5000,410.4500,228051.0000,408.4693,415.8500,402.6000,403.6000,402.0000,5.0000,10.0000,30.0000,110.0000,,,,,255.0000,260.0000,265.0000,270.0000,285.0000,,,,yahoo
PIDILITIND,2026-07-08,1606.2000,1610.7000,1602.3000,1605.4000,48974.0000,1606.3831,1608.6000,1563.8000,1571.6000,1569.0000,,,,,,,,,35.0000,250.0000,255.0000,260.0000,260.0000,285.0000,310.0000,,yahoo
PNB,2026-07-08,102.9500,102.9500,102.1000,102.3500,2810870.0000,102.3635,103.1000,100.4500,100.8600,101.0900,55.0000,,,,,,,,255.0000,255.0000,260.0000,270.0000,305.0000,,,,yahoo
POWERGRID,2026-07-08,282.8500,285.2500,282.6500,284.2500,623989.0000,284.3723,284.9000,279.3000,279.5000,279.7000,,,,,,,,,55.0000,245.0000,245.0000,250.0000,270.0000,,,,yahoo
RECLTD,2026-07-08,352.0500,353.6500,351.6500,353.6500,377566.0000,352.4520,358.4500,348.1500,349.3000,347.5000,10.0000,15.0000,110.0000,160.0000,,,,,270.0000,285.0000,295.0000,330.0000,330.0000,,,,yahoo
RELIANCE,2026-07-08,1298.0000,1300.0000,1277.4000,1280.9000,3049817.0000,1281.3578,1295.3000,1271.6000,1276.0000,1274.9000,15.0000,25.0000,50.0000,,,,,,270.0000,,,,,,,,yahoo
SBILIFE,2026-07-08,1822.8000,1841.8000,1815.1000,1834.9000,94669.0000,1836.4239,1847.9000,1784.7000,1786.1000,1785.4000,10.0000,,,,,,,,160.0000,170.0000,245.0000,250.0000,255.0000,265.0000,300.0000,,yahoo
SBIN,2026-07-08,1029.6000,1030.9000,1021.2000,1024.5000,1221020.0000,1024.6201,1038.2000,1012.0000,1017.4000,1018.6000,25.0000,35.0000,80.0000,105.0000,,,,,265.0000,270.0000,285.0000,,,,,,yahoo
SHREECEM,2026-07-08,26630.0000,26685.0000,26450.0000,26520.0000,553.0000,26497.8602,26775.0000,25825.0000,25895.0000,25910.0000,55.0000,60.0000,,,,,,,250.0000,255.0000,255.0000,260.0000,265.0000,280.0000,290.0000,,yahoo
SHRIRAMFIN,2026-07-08,1055.0000,1055.0000,1034.0000,1039.0000,500995.0000,1036.5435,1048.2000,1005.8000,1014.7000,1014.9000,55.0000,55.0000,,,,,,,250.0000,255.0000,255.0000,260.0000,265.0000,270.0000,275.0000,305.0000,yahoo
SIEMENS,2026-07-08,3475.0000,3489.3999,3463.3000,3484.8999,11860.0000,3474.1896,3502.0000,3400.5000,3438.8000,3438.1001,,,,,,,,,255.0000,260.0000,260.0000,265.0000,265.0000,270.0000,,,yahoo
SOLARINDS,2026-07-08,18174.0000,18312.0000,18168.0000,18205.0000,5548.0000,18240.3381,18269.0000,17802.0000,17945.0000,17971.0000,,,,,,,,,250.0000,255.0000,260.0000,265.0000,270.0000,300.0000,,,yahoo
SUNPHARMA,2026-07-08,1904.1000,1929.4000,1904.1000,1910.4000,438137.0000,1920.2811,1916.3000,1875.2000,1890.0000,1887.6000,,,,,,,,,110.0000,110.0000,145.0000,210.0000,265.0000,,,,yahoo
TATACAP,2026-07-08,350.0000,351.5500,348.0500,350.2500,103375.0000,349.9429,352.3500,340.4000,346.0000,345.5000,160.0000,,,,,,,,240.0000,250.0000,250.0000,255.0000,260.0000,265.0000,275.0000,,yahoo
TATACONSUM,2026-07-08,1115.4000,1119.7000,1107.0000,1108.6000,52208.0000,1111.3330,1111.7000,1084.6000,1088.2000,1090.0000,,,,,,,,,30.0000,220.0000,250.0000,260.0000,260.0000,280.0000,,,yahoo
TATAPOWER,2026-07-08,375.7500,376.7000,374.4000,374.4500,288223.0000,375.2643,376.9500,370.1000,371.9000,372.0000,35.0000,,,,,,,,255.0000,260.0000,265.0000,,,,,,yahoo
TATASTEEL,2026-07-08,187.8900,188.6600,187.5900,188.2800,1463198.0000,188.2065,189.7900,186.5900,187.8700,188.4700,25.0000,110.0000,,,,,,,265.0000,265.0000,,,,,,,yahoo
TCS,2026-07-08,2091.0000,2108.3000,2081.0000,2083.7000,363971.0000,2092.5431,2104.0000,2049.0000,2062.2000,2059.6001,75.0000,95.0000,,,,,,,250.0000,265.0000,270.0000,290.0000,310.0000,,,,yahoo
TECHM,2026-07-08,1441.5000,1452.5000,1441.5000,1448.9000,82762.0000,1449.3610,1452.0000,1425.5000,1432.0000,1428.8000,,,,,,,,,10.0000,115.0000,120.0000,255.0000,265.0000,,,,yahoo
TITAN,2026-07-08,4590.3999,4608.8999,4572.5000,4585.0000,105839.0000,4592.9449,4629.8999,4561.7002,4586.5000,4588.0000,105.0000,185.0000,,,,,,,315.0000,,,,,,,,yahoo
TMCV,2026-07-08,423.0000,426.0000,418.3500,419.2500,614836.0000,421.0957,426.3000,414.0500,416.7500,416.7500,35.0000,35.0000,50.0000,180.0000,185.0000,,,,290.0000,295.0000,305.0000,,,,,,yahoo
TMPV,2026-07-08,340.9000,341.3500,337.6500,338.1500,858831.0000,338.9833,339.8000,330.8500,331.8000,332.5000,,,,,,,,,250.0000,255.0000,260.0000,265.0000,270.0000,305.0000,,,yahoo
TORNTPHARM,2026-07-08,4826.3999,4905.6001,4826.3999,4895.1001,38256.0000,4889.2134,4947.6001,4846.8999,4868.0000,4880.1001,60.0000,65.0000,100.0000,,,,,,20.0000,265.0000,,,,,,,yahoo
TRENT,2026-07-08,2916.1001,2935.0000,2895.2000,2901.7000,248788.0000,2909.2241,2980.5000,2892.8999,2926.6001,2923.0000,15.0000,20.0000,90.0000,95.0000,135.0000,195.0000,195.0000,,,,,,,,,,yahoo
TVSMOTOR,2026-07-08,3651.8999,3694.2000,3651.8999,3662.5000,96935.0000,3666.3798,3766.6001,3625.3999,3637.2000,3650.0000,5.0000,10.0000,50.0000,50.0000,60.0000,120.0000,185.0000,,305.0000,310.0000,315.0000,,,,,,yahoo
ULTRACEMCO,2026-07-08,11583.0000,11583.0000,11508.0000,11540.0000,11973.0000,11532.9089,11600.0000,11288.0000,11351.0000,11371.0000,110.0000,,,,,,,,245.0000,250.0000,250.0000,255.0000,260.0000,295.0000,,,yahoo
UNIONBANK,2026-07-08,160.1600,160.2500,157.9300,158.4900,1596135.0000,158.6398,158.9000,153.5000,154.4000,154.3500,,,,,,,,,175.0000,250.0000,250.0000,255.0000,255.0000,260.0000,270.0000,310.0000,yahoo
UNITDSPR,2026-07-08,1416.0000,1421.4000,1401.3000,1402.3000,52308.0000,1406.1451,1420.9000,1398.6000,1404.7000,1421.6000,5.0000,5.0000,135.0000,145.0000,,,,,,,,,,,,,yahoo
VBL,2026-07-08,480.1000,482.5000,478.1000,479.7500,396214.0000,479.6888,483.5000,472.1000,473.6000,474.7000,15.0000,15.0000,,,,,,,250.0000,255.0000,270.0000,285.0000,310.0000,,,,yahoo
VEDL,2026-07-08,273.8500,276.6000,273.1000,275.2500,2653461.0000,274.6473,278.7500,270.7500,271.0500,272.3000,10.0000,15.0000,45.0000,45.0000,,,,,245.0000,260.0000,265.0000,270.0000,285.0000,,,,yahoo
WIPRO,2026-07-08,172.8800,175.2800,172.8800,174.9600,2784024.0000,174.7844,175.4000,172.2500,172.8700,172.9400,,,,,,,,,25.0000,265.0000,270.0000,315.0000,325.0000,,,,yahoo
ZYDUSLIFE,2026-07-08,1149.5000,1180.8000,1149.5000,1169.7000,608790.0000,1175.5589,1174.9000,1142.4000,1145.6000,1148.0000,,,,,,,,,10.0000,255.0000,255.0000,265.0000,280.0000,295.0000,,,yahoo
ABB,2026-07-09,6790.5000,6857.0000,6790.5000,6835.5000,22282.0000,6843.9383,6859.0000,6796.0000,6813.0000,6820.0000,,,,,,,,,55.0000,,,,,,,,yahoo
ADANIENSOL,2026-07-09,1664.2000,1684.1000,1648.4000,1653.0000,291596.0000,1661.4094,1675.9000,1613.7000,1618.1000,1618.5000,10.0000,60.0000,170.0000,170.0000,,,,,100.0000,310.0000,310.0000,320.0000,320.0000,325.0000,,,yahoo
ADANIENT,2026-07-09,3067.0000,3097.8000,3035.5000,3040.6001,272762.0000,3058.9474,3105.0000,3027.8999,3080.5000,3077.8000,20.0000,35.0000,60.0000,125.0000,165.0000,170.0000,,,,,,,,,,,yahoo
ADANIGREEN,2026-07-09,1515.0000,1535.9000,1508.0000,1512.3000,256860.0000,1519.2067,1517.0000,1482.3000,1484.0000,1486.6000,,,,,,,,,10.0000,45.0000,45.0000,310.0000,320.0000,,,,yahoo
ADANIPORTS,2026-07-09,1796.4000,1813.8000,1796.4000,1803.4000,150882.0000,1805.8815,1821.0000,1796.1000,1797.0000,1802.0000,35.0000,40.0000,,,,,,,,,,,,,,,yahoo
ADANIPOWER,2026-07-09,218.3100,221.7500,218.3100,219.2600,3356656.0000,219.6599,220.6000,215.8400,215.8900,216.4500,5.0000,,,,,,,,45.0000,90.0000,320.0000,325.0000,330.0000,,,,yahoo
AMBUJACEM,2026-07-09,423.8000,426.3500,423.4000,425.4500,128363.0000,425.4326,429.0000,422.0000,428.1000,429.0000,170.0000,195.0000,,,,,,,10.0000,45.0000,,,,,,,yahoo
APOLLOHOSP,2026-07-09,8800.5000,8897.5000,8764.5000,8896.0000,73043.0000,8869.0753,8919.5000,8825.0000,8840.0000,8845.5000,,,,,,,,,260.0000,270.0000,,,,,,,yahoo
ASIANPAINT,2026-07-09,2656.0000,2703.8999,2656.0000,2700.8000,63975.0000,2696.6015,2721.7000,2668.3000,2671.0000,2673.8000,60.0000,150.0000,,,,,,,300.0000,320.0000,325.0000,,,,,,yahoo
AXISBANK,2026-07-09,1313.2000,1321.4000,1310.7000,1313.1000,160105.0000,1317.1418,1320.0000,1292.2000,1295.1000,1297.6000,105.0000,,,,,,,,55.0000,80.0000,300.0000,320.0000,325.0000,,,,yahoo
BAJAJ-AUTO,2026-07-09,10244.5000,10244.5000,10130.0000,10148.5000,15379.0000,10162.4882,10259.5000,10112.5000,10160.0000,10155.0000,155.0000,160.0000,160.0000,,,,,,,,,,,,,,yahoo
BAJAJFINSV,2026-07-09,1858.1000,1875.8000,1858.1000,1864.1000,63077.0000,1868.1630,1911.8000,1856.5000,1891.1000,1899.0000,60.0000,90.0000,100.0000,105.0000,105.0000,235.0000,290.0000,,,,,,,,,,yahoo
BAJAJHLDNG,2026-07-09,10396.0000,10610.0000,10396.0000,10560.0000,8875.0000,10568.6859,10605.0000,10512.0000,10565.0000,10581.0000,,,,,,,,,,,,,,,,,yahoo
BAJFINANCE,2026-07-09,1002.2000,1008.9000,999.0000,1001.1000,980439.0000,1004.7227,1013.5000,994.1000,1002.9000,1003.8000,105.0000,105.0000,290.0000,,,,,,50.0000,,,,,,,,yahoo
BANKBARODA,2026-07-09,240.8000,242.8000,240.2500,242.7000,1488978.0000,241.7941,246.1000,242.2500,244.5000,244.5000,20.0000,135.0000,140.0000,235.0000,,,,,,,,,,,,,yahoo
BEL,2026-07-09,409.2000,411.0000,408.9000,410.5000,602791.0000,410.3661,410.8000,404.1000,405.8000,407.1000,,,,,,,,,35.0000,40.0000,55.0000,80.0000,85.0000,,,,yahoo
BHARTIARTL,2026-07-09,1903.0000,1935.0000,1900.8000,1934.8000,578530.0000,1922.4931,1965.3000,1923.2000,1931.0000,1931.1000,25.0000,25.0000,25.0000,60.0000,65.0000,,,,210.0000,,,,,,,,yahoo
BOSCHLTD,2026-07-09,41655.0000,41980.0000,41655.0000,41855.0000,1214.0000,41851.6680,42315.0000,41655.0000,42120.0000,42225.0000,95.0000,200.0000,225.0000,,,,,,,,,,,,,,yahoo
BPCL,2026-07-09,302.6500,306.3500,300.0000,305.7500,524656.0000,304.8355,308.7500,305.1000,308.0000,308.5500,105.0000,110.0000,,,,,,,,,,,,,,,yahoo
BRITANNIA,2026-07-09,5347.0000,5380.0000,5331.5000,5376.0000,7398.0000,5363.0467,5388.5000,5350.5000,5356.0000,5361.5000,,,,,,,,,,,,,,,,,yahoo
CANBK,2026-07-09,121.7900,122.6500,121.6600,122.6500,1991602.0000,122.3748,125.0000,122.5800,124.6400,125.2500,5.0000,20.0000,20.0000,165.0000,200.0000,,,,,,,,,,,,yahoo
CGPOWER,2026-07-09,912.0000,921.6000,911.0000,916.4500,226027.0000,917.9090,916.9500,903.1500,909.9500,910.9000,,,,,,,,,20.0000,25.0000,45.0000,55.0000,,,,,yahoo
CHOLAFIN,2026-07-09,1777.1000,1785.7000,1759.5000,1761.9000,126236.0000,1769.4992,1805.9000,1755.4000,1786.6000,1791.9000,15.0000,90.0000,95.0000,100.0000,100.0000,105.0000,,,,,,,,,,,yahoo
CIPLA,2026-07-09,1428.5000,1445.8000,1426.8000,1444.7000,100673.0000,1438.5290,1454.7000,1435.0000,1439.3000,1443.6000,45.0000,,,,,,,,90.0000,,,,,,,,yahoo
COALINDIA,2026-07-09,432.4000,435.3000,431.4000,434.7000,435763.0000,434.3194,435.7500,429.2500,429.4500,430.4500,,,,,,,,,55.0000,65.0000,320.0000,330.0000,,,,,yahoo
CUMMINSIND,2026-07-09,5503.0000,5566.5000,5503.0000,5524.0000,15135.0000,5532.8760,5566.0000,5492.5000,5536.0000,5537.5000,200.0000,305.0000,,,,,,,55.0000,,,,,,,,yahoo
DIVISLAB,2026-07-09,6741.5000,6931.5000,6741.5000,6909.0000,117388.0000,6871.8282,6945.0000,6798.0000,6807.0000,6813.0000,15.0000,,,,,,,,80.0000,90.0000,215.0000,255.0000,270.0000,,,,yahoo
DLF,2026-07-09,637.7000,646.9500,635.6000,646.1500,427499.0000,642.5374,666.0000,640.7000,659.0000,657.9500,115.0000,155.0000,160.0000,190.0000,195.0000,270.0000,285.0000,290.0000,45.0000,55.0000,,,,,,,yahoo
DMART,2026-07-09,4034.0000,4034.0000,3996.0000,4001.3999,26843.0000,4007.4437,4084.7000,3980.0000,4080.1001,4075.2000,60.0000,75.0000,105.0000,125.0000,135.0000,270.0000,,,35.0000,,,,,,,,yahoo
DRREDDY,2026-07-09,1329.9000,1346.7000,1312.7000,1343.6000,1358404.0000,1328.2823,1348.7000,1261.2000,1269.3000,1271.2000,,,,,,,,,5.0000,5.0000,10.0000,10.0000,20.0000,20.0000,55.0000,55.0000,yahoo
EICHERMOT,2026-07-09,7420.0000,7441.0000,7407.0000,7421.0000,56407.0000,7423.4369,7435.5000,7323.5000,7366.5000,7352.0000,,,,,,,,,35.0000,60.0000,65.0000,65.0000,,,,,yahoo
ENRIN,2026-07-09,3374.8999,3407.8000,3371.3999,3376.2000,20375.0000,3391.0009,3436.8999,3354.7000,3423.7000,3450.0000,255.0000,255.0000,270.0000,270.0000,295.0000,,,,25.0000,,,,,,,,yahoo
ETERNAL,2026-07-09,288.0000,300.0000,288.0000,299.0000,12082112.0000,297.0630,299.6500,288.9500,292.3500,292.9000,,,,,,,,,10.0000,10.0000,20.0000,25.0000,30.0000,40.0000,175.0000,190.0000,yahoo
GAIL,2026-07-09,169.0000,170.6600,168.8100,170.3400,363061.0000,170.2103,172.1800,169.7500,169.9200,170.2000,15.0000,20.0000,25.0000,,,,,,,,,,,,,,yahoo
GODREJCP,2026-07-09,1070.0000,1089.4000,1066.8000,1088.4000,24303.0000,1085.0236,1096.8000,1082.5000,1086.1000,1087.4000,15.0000,145.0000,,,,,,,20.0000,,,,,,,,yahoo
GRASIM,2026-07-09,3142.1001,3181.3000,3142.1001,3179.8999,51385.0000,3173.8961,3222.0000,3176.0000,3190.2000,3191.8999,90.0000,150.0000,160.0000,170.0000,,,,,,,,,,,,,yahoo
HAL,2026-07-09,4350.0000,4358.6001,4333.5000,4336.0000,48527.0000,4345.1813,4397.5000,4331.0000,4375.3999,4378.8999,20.0000,25.0000,25.0000,170.0000,,,,,,,,,,,,,yahoo
HCLTECH,2026-07-09,1143.9000,1143.9000,1121.1000,1134.9000,189365.0000,1129.4831,1161.9000,1132.4000,1147.1000,1151.0000,40.0000,45.0000,50.0000,50.0000,140.0000,185.0000,,,,,,,,,,,yahoo
HDFCAMC,2026-07-09,2675.0000,2706.3000,2664.1001,2705.0000,71215.0000,2694.3507,2744.3999,2680.6001,2737.0000,2737.1001,100.0000,105.0000,125.0000,125.0000,,,,,25.0000,35.0000,,,,,,,yahoo
HDFCBANK,2026-07-09,813.0000,818.9000,812.8500,817.9500,2898468.0000,817.0681,822.8500,813.0000,816.6000,817.5500,235.0000,,,,,,,,40.0000,,,,,,,,yahoo
HDFCLIFE,2026-07-09,558.9000,560.2000,555.5000,560.0000,423283.0000,558.0108,560.2500,551.4000,551.9500,552.3000,,,,,,,,,65.0000,75.0000,90.0000,100.0000,125.0000,,,,yahoo
HINDALCO,2026-07-09,972.2500,973.9500,955.5500,955.7000,588713.0000,960.0394,970.2000,954.6500,961.6500,961.6000,20.0000,20.0000,135.0000,185.0000,185.0000,,,,,,,,,,,,yahoo
HINDUNILVR,2026-07-09,2141.0000,2156.5000,2137.7000,2151.3000,70029.0000,2148.8333,2166.5000,2141.0000,2144.6001,2144.5000,60.0000,,,,,,,,,,,,,,,,yahoo
HINDZINC,2026-07-09,528.7500,529.8500,523.4000,524.3000,400889.0000,524.9059,531.4000,523.4000,527.4000,528.5000,115.0000,135.0000,185.0000,230.0000,,,,,,,,,,,,,yahoo
HYUNDAI,2026-07-09,1913.9000,1932.0000,1895.4000,1931.3000,70961.0000,1916.2766,1937.5000,1910.4000,1921.6000,1926.0000,,,,,,,,,20.0000,30.0000,80.0000,,,,,,yahoo
ICICIBANK,2026-07-09,1382.6000,1398.6000,1382.6000,1397.3000,916297.0000,1395.9776,1403.5000,1377.5000,1379.9000,1383.7000,,,,,,,,,65.0000,80.0000,135.0000,325.0000,,,,,yahoo
INDHOTEL,2026-07-09,724.5000,732.6500,724.5000,732.6000,133350.0000,729.1872,736.5000,730.1000,730.7000,733.0000,220.0000,,,,,,,,,,,,,,,,yahoo
INDIGO,2026-07-09,5124.0000,5174.0000,5105.0000,5149.0000,75317.0000,5157.5877,5244.0000,5119.0000,5230.5000,5229.5000,60.0000,60.0000,95.0000,105.0000,105.0000,,,,10.0000,,,,,,,,yahoo
INFY,2026-07-09,1059.9000,1059.9000,1040.6000,1049.8000,983183.0000,1047.5454,1061.6000,1046.3000,1048.3000,1050.8000,50.0000,185.0000,300.0000,,,,,,,,,,,,,,yahoo
IOC,2026-07-09,137.7600,138.3600,136.9200,138.0600,1657526.0000,138.1205,138.6700,136.6000,138.0500,138.5900,,,,,,,,,50.0000,75.0000,80.0000,,,,,,yahoo
IRFC,2026-07-09,87.7100,88.4500,87.6000,88.4300,1163031.0000,88.1870,88.5800,88.0000,88.0900,88.2900,,,,,,,,,,,,,,,,,yahoo
ITC,2026-07-09,281.2500,282.3000,281.0000,281.9000,1041761.0000,281.8116,284.4000,281.3000,281.4000,281.8500,35.0000,275.0000,,,,,,,,,,,,,,,yahoo
JINDALSTEL,2026-07-09,1023.6000,1028.0000,1022.6000,1026.1000,33997.0000,1024.6694,1037.7000,1022.7000,1028.9000,1031.1000,120.0000,135.0000,170.0000,,,,,,,,,,,,,,yahoo
JIOFIN,2026-07-09,231.0000,234.1400,230.8300,233.7200,3799336.0000,233.3190,234.0700,232.2000,233.1300,233.7500,,,,,,,,,45.0000,,,,,,,,yahoo
JSWSTEEL,2026-07-09,1225.0000,1226.8000,1220.6000,1225.2000,112864.0000,1224.3966,1240.4000,1221.3000,1225.8000,1227.5000,140.0000,210.0000,230.0000,,,,,,,,,,,,,,yahoo
KOTAKBANK,2026-07-09,371.5000,373.0000,370.8500,372.0500,478004.0000,372.0435,377.6500,368.5000,377.5000,377.2500,245.0000,310.0000,315.0000,315.0000,330.0000,,,,65.0000,175.0000,,,,,,,yahoo
LODHA,2026-07-09,1107.2500,1139.6500,1102.2000,1138.3500,565399.0000,1125.0127,1200.0000,1135.0000,1188.4500,1203.0000,15.0000,20.0000,20.0000,275.0000,285.0000,300.0000,300.0000,320.0000,,,,,,,,,yahoo
LT,2026-07-09,3916.0000,3946.3000,3901.0000,3940.8999,181038.0000,3936.3858,3942.5000,3881.7000,3886.6001,3886.0000,,,,,,,,,55.0000,175.0000,255.0000,320.0000,330.0000,,,,yahoo
LTM,2026-07-09,3767.3000,3805.8999,3718.5000,3804.2000,30972.0000,3773.9130,3876.8000,3794.6001,3838.1001,3872.7000,20.0000,95.0000,100.0000,115.0000,125.0000,,,,,,,,,,,,yahoo
M&M,2026-07-09,3129.3000,3138.2000,3103.8000,3103.8000,200860.0000,3118.6638,3120.6001,3080.3000,3083.2000,3085.2000,105.0000,,,,,,,,320.0000,325.0000,,,,,,,yahoo
MARUTI,2026-07-09,14010.0000,14037.0000,13889.0000,13889.0000,39525.0000,13941.9528,13970.0000,13720.0000,13731.0000,13718.0000,60.0000,,,,,,,,75.0000,185.0000,320.0000,,,,,,yahoo
MAXHEALTH,2026-07-09,1095.3000,1101.2000,1084.0000,1101.2000,205889.0000,1092.4085,1123.6000,1099.1000,1100.0000,1101.3000,20.0000,45.0000,55.0000,60.0000,60.0000,60.0000,,,,,,,,,,,yahoo
MAZDOCK,2026-07-09,2436.3999,2442.3000,2419.1001,2437.8999,146524.0000,2432.3148,2438.0000,2371.0000,2372.8000,2372.8999,,,,,,,,,10.0000,10.0000,15.0000,15.0000,15.0000,225.0000,230.0000,,yahoo
MOTHERSON,2026-07-09,140.4600,143.0000,140.4600,142.9500,751448.0000,142.6870,144.0800,141.1400,142.8200,142.6900,230.0000,230.0000,,,,,,,50.0000,50.0000,60.0000,75.0000,,,,,yahoo
MUTHOOTFIN,2026-07-09,3070.1001,3111.0000,3046.3999,3051.0000,79679.0000,3070.1369,3080.7000,3034.3000,3055.0000,3057.3999,90.0000,90.0000,,,,,,,40.0000,,,,,,,,yahoo
NESTLEIND,2026-07-09,1453.0000,1475.7000,1453.0000,1473.9000,101314.0000,1470.3545,1480.8000,1462.0000,1462.8000,1461.1000,,,,,,,,,135.0000,325.0000,,,,,,,yahoo
NTPC,2026-07-09,350.0000,350.0000,346.0000,346.4500,2129977.0000,347.0890,347.2000,343.1500,343.3500,344.4000,,,,,,,,,40.0000,320.0000,,,,,,,yahoo
ONGC,2026-07-09,249.5000,249.5000,245.1000,246.2500,1300538.0000,246.2571,246.8000,243.0800,244.1800,243.6500,,,,,,,,,75.0000,180.0000,270.0000,325.0000,,,,,yahoo
PFC,2026-07-09,404.9000,405.5500,403.4000,404.0000,306914.0000,404.4393,406.2000,399.0500,403.3500,404.4500,315.0000,,,,,,,,40.0000,40.0000,50.0000,,,,,,yahoo
PIDILITIND,2026-07-09,1570.4000,1588.7000,1570.4000,1588.4000,19652.0000,1583.8668,1598.6000,1580.9000,1591.3000,1590.4000,155.0000,,,,,,,,,,,,,,,,yahoo
PNB,2026-07-09,101.3200,101.8000,100.9100,101.7800,1852431.0000,101.4713,103.6900,101.7800,103.3500,103.4400,10.0000,60.0000,105.0000,130.0000,140.0000,,,,,,,,,,,,yahoo
POWERGRID,2026-07-09,282.2500,282.7000,280.9500,281.9500,911924.0000,282.1390,283.9000,280.7000,280.9500,281.2000,130.0000,,,,,,,,,,,,,,,,yahoo
RECLTD,2026-07-09,350.0000,350.5000,347.9000,349.1500,242830.0000,349.5763,353.7500,345.7000,350.9500,352.0000,240.0000,310.0000,310.0000,315.0000,,,,,40.0000,50.0000,,,,,,,yahoo
RELIANCE,2026-07-09,1278.0000,1288.5000,1275.0000,1287.9000,1369699.0000,1284.9996,1296.2000,1276.8000,1277.3000,1280.4000,60.0000,,,,,,,,320.0000,325.0000,,,,,,,yahoo
SBILIFE,2026-07-09,1795.0000,1805.2000,1785.0000,1799.4000,114406.0000,1794.1056,1839.0000,1792.5000,1820.1000,1821.7000,75.0000,80.0000,110.0000,135.0000,135.0000,170.0000,,,,,,,,,,,yahoo
SBIN,2026-07-09,1019.8000,1025.0000,1019.5000,1022.6000,449191.0000,1022.1878,1031.4000,1019.6000,1021.3000,1022.6000,20.0000,60.0000,,,,,,,,,,,,,,,yahoo
SHREECEM,2026-07-09,26000.0000,26250.0000,26000.0000,26190.0000,554.0000,26175.6919,26575.0000,26140.0000,26280.0000,26280.0000,60.0000,120.0000,170.0000,235.0000,,,,,,,,,,,,,yahoo
SHRIRAMFIN,2026-07-09,1023.9000,1029.3000,1022.0000,1024.0000,1023546.0000,1025.6907,1039.8000,1016.2000,1030.1000,1031.7000,100.0000,105.0000,105.0000,105.0000,170.0000,,,,40.0000,55.0000,,,,,,,yahoo
SIEMENS,2026-07-09,3446.1001,3483.3000,3446.1001,3470.0000,13971.0000,3469.4413,3484.6001,3426.0000,3476.0000,3476.3999,,,,,,,,,15.0000,15.0000,45.0000,55.0000,,,,,yahoo
SOLARINDS,2026-07-09,17869.0000,18059.0000,17775.0000,17784.0000,10895.0000,17931.3796,17860.0000,17038.0000,17388.0000,17385.0000,,,,,,,,,5.0000,5.0000,10.0000,15.0000,15.0000,35.0000,45.0000,45.0000,yahoo
SUNPHARMA,2026-07-09,1889.9000,1940.6000,1888.2000,1934.1000,827919.0000,1926.1616,1951.9000,1921.3000,1937.5000,1937.0000,20.0000,25.0000,,,,,,,90.0000,,,,,,,,yahoo
TATACAP,2026-07-09,347.0000,349.8000,347.0000,349.5500,64659.0000,348.9555,358.6500,349.1500,354.7500,355.8500,10.0000,10.0000,15.0000,25.0000,40.0000,260.0000,305.0000,,,,,,,,,,yahoo
TATACONSUM,2026-07-09,1095.0000,1108.3000,1095.0000,1108.3000,41271.0000,1102.8618,1114.1000,1102.3000,1106.4000,1106.7000,145.0000,,,,,,,,85.0000,,,,,,,,yahoo
TATAPOWER,2026-07-09,373.2500,374.6000,373.0500,373.6500,204714.0000,373.6639,378.8000,372.3500,375.0000,375.5000,125.0000,170.0000,170.0000,170.0000,,,,,,,,,,,,,yahoo
TATASTEEL,2026-07-09,189.5000,189.7300,186.6500,186.9100,2165782.0000,187.4922,189.2500,186.6500,187.6900,187.9400,25.0000,170.0000,195.0000,240.0000,,,,,,,,,,,,,yahoo
TCS,2026-07-09,2056.5000,2056.5000,2016.0000,2037.7000,415153.0000,2030.2172,2059.8000,2029.9000,2044.7000,2059.0000,135.0000,185.0000,185.0000,,,,,,,,,,,,,,yahoo
TECHM,2026-07-09,1426.7000,1426.7000,1399.4000,1418.5000,113509.0000,1411.1507,1436.1000,1413.8000,1423.0000,1426.3000,20.0000,40.0000,45.0000,,,,,,,,,,,,,,yahoo
TITAN,2026-07-09,4603.5000,4679.7998,4599.1001,4618.1001,366056.0000,4654.9861,4620.0000,4546.1001,4552.7998,4552.0000,,,,,,,,,15.0000,30.0000,95.0000,325.0000,325.0000,,,,yahoo
TMCV,2026-07-09,417.4000,420.4500,416.0000,418.0500,631004.0000,418.9287,423.8500,417.3000,419.4500,419.8500,25.0000,145.0000,245.0000,245.0000,,,,,,,,,,,,,yahoo
TMPV,2026-07-09,333.0500,334.2500,332.9500,333.4500,707144.0000,333.4731,333.9000,330.0500,331.2500,332.0000,,,,,,,,,25.0000,75.0000,80.0000,,,,,,yahoo
TORNTPHARM,2026-07-09,4868.0000,4929.6001,4861.0000,4907.2002,48048.0000,4901.2159,4936.7998,4884.0000,4889.1001,4898.2002,35.0000,,,,,,,,,,,,,,,,yahoo
TRENT,2026-07-09,2949.8999,2960.0000,2939.3000,2947.3999,92423.0000,2953.0372,2949.5000,2900.1001,2902.6001,2907.8999,,,,,,,,,5.0000,10.0000,20.0000,320.0000,325.0000,,,,yahoo
TVSMOTOR,2026-07-09,3666.8999,3698.8999,3662.2000,3664.8999,55077.0000,3680.6311,3679.3999,3617.8000,3625.5000,3626.1001,,,,,,,,,60.0000,185.0000,320.0000,320.0000,,,,,yahoo
ULTRACEMCO,2026-07-09,11388.0000,11465.0000,11388.0000,11451.0000,12033.0000,11450.5984,11589.0000,11427.0000,11500.0000,11524.0000,60.0000,60.0000,120.0000,,,,,,,,,,,,,,yahoo
UNIONBANK,2026-07-09,155.1800,156.5000,154.4600,156.2000,776500.0000,156.1275,157.9500,155.8000,157.1900,157.7300,20.0000,105.0000,220.0000,,,,,,,,,,,,,,yahoo
UNITDSPR,2026-07-09,1409.9000,1418.1000,1405.0000,1410.7000,30609.0000,1409.5289,1411.9000,1378.8000,1379.2000,1381.2000,,,,,,,,,50.0000,85.0000,110.0000,210.0000,225.0000,300.0000,,,yahoo
VBL,2026-07-09,477.4500,483.7500,476.2500,483.5000,392030.0000,481.9295,484.4500,476.0000,482.1500,481.4000,,,,,,,,,45.0000,50.0000,55.0000,190.0000,200.0000,,,,yahoo
VEDL,2026-07-09,273.3500,274.0000,271.6500,272.1000,965260.0000,272.3189,273.9500,270.8500,271.0500,271.4000,140.0000,,,,,,,,,,,,,,,,yahoo
WIPRO,2026-07-09,173.0100,173.4700,171.7600,173.0300,1100272.0000,172.5848,174.2200,172.5000,172.5700,172.8500,135.0000,,,,,,,,,,,,,,,,yahoo
ZYDUSLIFE,2026-07-09,1144.9000,1165.7000,1144.9000,1165.7000,101473.0000,1157.0408,1171.3000,1150.8000,1157.4000,1161.0000,,,,,,,,,100.0000,105.0000,125.0000,130.0000,,,,,yahoo
ABB,2026-07-10,6867.5000,6910.5000,6834.0000,6900.0000,21745.0000,6880.3998,6908.0000,6812.5000,6835.5000,6836.0000,,,,,,,,,85.0000,190.0000,195.0000,220.0000,,,,,yahoo
ADANIENSOL,2026-07-10,1634.5000,1642.9000,1621.2000,1640.4000,108084.0000,1634.8719,1683.7000,1640.4000,1656.0000,1649.8000,10.0000,15.0000,15.0000,20.0000,50.0000,70.0000,75.0000,,,,,,,,,,yahoo
ADANIENT,2026-07-10,3105.0000,3137.0000,3100.7000,3128.0000,117136.0000,3116.3271,3182.8999,3127.8000,3158.0000,3157.3000,5.0000,10.0000,15.0000,15.0000,185.0000,,,,,,,,,,,,yahoo
ADANIGREEN,2026-07-10,1505.9000,1516.9000,1495.7000,1512.7000,136842.0000,1507.1477,1546.8000,1513.0000,1538.4000,1534.8000,10.0000,10.0000,15.0000,15.0000,15.0000,20.0000,,,,,,,,,,,yahoo
ADANIPORTS,2026-07-10,1804.7000,1828.0000,1804.7000,1824.9000,85634.0000,1819.6995,1852.6000,1822.1000,1827.7000,1829.9000,10.0000,10.0000,15.0000,20.0000,55.0000,,,,,,,,,,,,yahoo
ADANIPOWER,2026-07-10,218.4100,219.2700,216.9200,217.7700,2904563.0000,217.7233,220.5900,217.6900,218.3000,218.3700,5.0000,55.0000,70.0000,80.0000,,,,,,,,,,,,,yahoo
AMBUJACEM,2026-07-10,431.9500,435.8000,431.1000,435.2000,251728.0000,434.6997,440.8000,435.1000,436.1000,436.0000,5.0000,15.0000,15.0000,15.0000,,,,,,,,,,,,,yahoo
APOLLOHOSP,2026-07-10,8884.5000,8884.5000,8816.5000,8834.5000,18442.0000,8840.1402,8849.0000,8773.5000,8847.0000,8850.0000,,,,,,,,,190.0000,,,,,,,,yahoo
ASIANPAINT,2026-07-10,2695.0000,2728.0000,2691.3000,2723.5000,85901.0000,2716.6718,2725.8999,2673.0000,2678.2000,2677.8000,,,,,,,,,55.0000,85.0000,110.0000,120.0000,130.0000,,,,yahoo
AXISBANK,2026-07-10,1304.9000,1322.4000,1304.9000,1318.5000,257478.0000,1317.3565,1326.5000,1314.3000,1324.2000,1323.7000,315.0000,,,,,,,,,,,,,,,,yahoo
BAJAJ-AUTO,2026-07-10,10211.0000,10290.0000,10159.5000,10229.0000,80803.0000,10239.9991,10247.5000,10117.0000,10170.0000,10156.0000,,,,,,,,,35.0000,60.0000,215.0000,,,,,,yahoo
BAJAJFINSV,2026-07-10,1910.0000,1914.0000,1905.3000,1909.7000,96447.0000,1910.5023,1918.0000,1893.4000,1918.0000,1917.6000,,,,,,,,,75.0000,90.0000,,,,,,,yahoo
BAJAJHLDNG,2026-07-10,10503.0000,10680.0000,10500.0000,10650.0000,3896.0000,10635.9500,10695.0000,10620.0000,10645.0000,10654.0000,,,,,,,,,,,,,,,,,yahoo
BAJFINANCE,2026-07-10,1011.5000,1013.8000,1005.4000,1010.6000,284381.0000,1008.7858,1022.5000,1004.6000,1021.3000,1023.0000,170.0000,180.0000,180.0000,,,,,,50.0000,,,,,,,,yahoo
BANKBARODA,2026-07-10,246.1000,247.1500,245.3500,246.3500,833319.0000,246.6667,254.3500,246.3500,251.0000,251.0000,10.0000,30.0000,40.0000,170.0000,180.0000,185.0000,200.0000,205.0000,,,,,,,,,yahoo
BEL,2026-07-10,409.6500,411.4000,408.5000,411.2000,994082.0000,410.2760,415.4000,411.0000,414.5500,414.6000,45.0000,50.0000,280.0000,,,,,,,,,,,,,,yahoo
BHARTIARTL,2026-07-10,1928.0000,1928.9000,1906.3000,1907.9000,560686.0000,1911.3836,1923.2000,1907.3000,1920.0000,1924.9000,25.0000,290.0000,,,,,,,,,,,,,,,yahoo
BOSCHLTD,2026-07-10,42380.0000,42450.0000,42170.0000,42320.0000,891.0000,42309.3472,42385.0000,41720.0000,41810.0000,41765.0000,,,,,,,,,65.0000,75.0000,170.0000,200.0000,,,,,yahoo
BPCL,2026-07-10,310.6000,313.4500,310.6000,311.7500,375728.0000,312.1098,312.5500,309.1500,309.4000,310.2000,,,,,,,,,220.0000,320.0000,,,,,,,yahoo
BRITANNIA,2026-07-10,5388.0000,5388.0000,5353.5000,5380.5000,6487.0000,5374.0266,5404.5000,5327.0000,5358.0000,5353.0000,,,,,,,,,135.0000,135.0000,,,,,,,yahoo
CANBK,2026-07-10,125.5000,126.3100,125.5000,125.9100,1703437.0000,126.0190,131.4500,125.7600,128.6700,128.8800,35.0000,180.0000,180.0000,180.0000,185.0000,195.0000,200.0000,205.0000,,,,,,,,,yahoo
CGPOWER,2026-07-10,917.6000,920.2500,913.6000,915.6500,146764.0000,916.1127,923.7000,914.7000,917.4000,916.0000,20.0000,20.0000,,,,,,,,,,,,,,,yahoo
CHOLAFIN,2026-07-10,1805.9000,1824.0000,1805.9000,1816.3000,48254.0000,1816.1058,1827.0000,1802.0000,1809.4000,1810.3000,20.0000,,,,,,,,190.0000,225.0000,,,,,,,yahoo
CIPLA,2026-07-10,1448.1000,1448.1000,1435.6000,1441.3000,40431.0000,1440.0665,1454.5000,1436.3000,1436.5000,1442.0000,30.0000,40.0000,,,,,,,,,,,,,,,yahoo
COALINDIA,2026-07-10,431.3000,431.7500,429.6500,430.7000,184031.0000,430.9201,432.5000,426.7500,429.6000,430.0000,,,,,,,,,125.0000,220.0000,,,,,,,yahoo
CUMMINSIND,2026-07-10,5588.0000,5712.5000,5588.0000,5655.5000,81225.0000,5674.2559,5690.5000,5607.0000,5623.0000,5614.0000,15.0000,,,,,,,,110.0000,220.0000,,,,,,,yahoo
DIVISLAB,2026-07-10,6847.0000,6847.0000,6776.5000,6806.5000,17477.0000,6798.9873,6862.5000,6782.5000,6837.5000,6830.5000,30.0000,35.0000,,,,,,,,,,,,,,,yahoo
DLF,2026-07-10,670.0000,678.2000,654.8500,674.0000,1645750.0000,671.4600,691.8500,673.0500,684.9500,685.7500,10.0000,15.0000,20.0000,25.0000,25.0000,45.0000,65.0000,,,,,,,,,,yahoo
DMART,2026-07-10,4086.7000,4101.5000,4059.7000,4082.3999,29018.0000,4072.0865,4089.0000,4026.3999,4081.8999,4077.0000,,,,,,,,,40.0000,190.0000,240.0000,240.0000,,,,,yahoo
DRREDDY,2026-07-10,1239.7000,1246.0000,1222.7000,1238.4000,1686269.0000,1238.4510,1251.6000,1236.2000,1246.8000,1246.9000,30.0000,30.0000,60.0000,,,,,,,,,,,,,,yahoo
EICHERMOT,2026-07-10,7438.0000,7453.5000,7345.5000,7432.0000,34644.0000,7413.1936,7432.0000,7337.5000,7365.5000,7370.0000,,,,,,,,,30.0000,50.0000,65.0000,70.0000,,,,,yahoo
ENRIN,2026-07-10,3464.0000,3464.5000,3400.2000,3431.5000,23935.0000,3431.6016,3566.0000,3425.3000,3514.8999,3510.8000,20.0000,85.0000,155.0000,160.0000,190.0000,195.0000,260.0000,295.0000,,,,,,,,,yahoo
ETERNAL,2026-07-10,294.7000,295.2000,290.4000,290.9000,2985690.0000,292.1554,291.7000,287.2500,289.7500,290.0000,,,,,,,,,45.0000,45.0000,80.0000,95.0000,,,,,yahoo
GAIL,2026-07-10,171.1500,173.1200,171.1500,172.9500,414383.0000,172.4056,174.4100,172.7200,173.6600,173.2600,25.0000,45.0000,,,,,,,,,,,,,,,yahoo
GODREJCP,2026-07-10,1090.0000,1098.9000,1087.1000,1094.2000,40818.0000,1091.4906,1095.4000,1084.3000,1089.6000,1088.8000,,,,,,,,,85.0000,100.0000,,,,,,,yahoo
GRASIM,2026-07-10,3208.8000,3236.2000,3202.0000,3233.8000,78614.0000,3224.5675,3246.0000,3210.0000,3212.5000,3216.0000,,,,,,,,,225.0000,,,,,,,,yahoo
HAL,2026-07-10,4406.2002,4422.0000,4398.0000,4422.0000,47450.0000,4414.5488,4524.2998,4424.8999,4501.7002,4512.8999,10.0000,20.0000,25.0000,45.0000,45.0000,65.0000,,,,,,,,,,,yahoo
HCLTECH,2026-07-10,1181.6000,1190.8000,1166.5000,1173.8000,552950.0000,1176.3148,1176.6000,1153.5000,1163.2000,1168.0000,,,,,,,,,50.0000,60.0000,90.0000,190.0000,250.0000,,,,yahoo
HDFCAMC,2026-07-10,2759.3999,2776.7000,2752.7000,2770.1001,49777.0000,2765.8774,2789.5000,2750.0000,2760.0000,2758.2000,40.0000,,,,,,,,185.0000,,,,,,,,yahoo
HDFCBANK,2026-07-10,823.0000,825.1500,820.4000,824.1000,1847187.0000,824.1709,827.6500,822.0000,824.9500,824.9500,,,,,,,,,,,,,,,,,yahoo
HDFCLIFE,2026-07-10,555.4000,561.2500,554.6500,560.5000,366051.0000,558.9483,569.9500,560.4500,568.0000,567.7000,50.0000,110.0000,110.0000,130.0000,135.0000,,,,,,,,,,,,yahoo
HINDALCO,2026-07-10,976.3500,979.9500,970.0000,976.4000,500384.0000,977.1447,985.3000,964.7000,968.0500,968.4500,15.0000,20.0000,,,,,,,215.0000,220.0000,300.0000,,,,,,yahoo
HINDUNILVR,2026-07-10,2152.7000,2178.0000,2148.8000,2173.5000,80605.0000,2166.3672,2174.2000,2148.0000,2153.8999,2147.8999,,,,,,,,,35.0000,95.0000,140.0000,,,,,,yahoo
HINDZINC,2026-07-10,540.9000,540.9000,535.2000,538.1500,233085.0000,538.6646,544.2000,535.4500,537.4500,536.4000,15.0000,15.0000,15.0000,,,,,,220.0000,,,,,,,,yahoo
HYUNDAI,2026-07-10,1940.2000,1942.6000,1933.4000,1938.5000,16904.0000,1936.8473,1995.9000,1936.2000,1983.4000,1986.5000,15.0000,25.0000,120.0000,145.0000,170.0000,200.0000,220.0000,,,,,,,,,,yahoo
ICICIBANK,2026-07-10,1393.5000,1407.3000,1393.5000,1405.6000,390393.0000,1403.3314,1408.0000,1398.4000,1401.2000,1401.2000,,,,,,,,,205.0000,,,,,,,,yahoo
INDHOTEL,2026-07-10,737.3500,739.9000,732.9500,739.1500,387936.0000,737.9081,753.6000,734.4500,753.6000,750.5000,200.0000,240.0000,255.0000,270.0000,275.0000,,,,70.0000,,,,,,,,yahoo
INDIGO,2026-07-10,5310.5000,5312.0000,5285.0000,5297.0000,38181.0000,5302.2628,5363.0000,5284.0000,5306.0000,5295.0000,20.0000,25.0000,55.0000,,,,,,,,,,,,,,yahoo
INFY,2026-07-10,1079.7000,1090.3000,1065.0000,1068.8000,1693618.0000,1072.3576,1074.4000,1065.5000,1067.9000,1068.0000,125.0000,,,,,,,,,,,,,,,,yahoo
IOC,2026-07-10,139.3700,140.5500,139.1000,139.3800,1415353.0000,139.9488,139.6700,138.7000,138.8500,139.1000,,,,,,,,,,,,,,,,,yahoo
IRFC,2026-07-10,88.5000,89.4000,88.5000,89.3100,936300.0000,89.2445,89.9700,89.2600,89.8700,90.0000,25.0000,,,,,,,,,,,,,,,,yahoo
ITC,2026-07-10,283.0500,283.6000,282.0500,283.0500,669002.0000,283.2146,283.3500,280.8500,281.7500,281.8000,,,,,,,,,95.0000,105.0000,,,,,,,yahoo
JINDALSTEL,2026-07-10,1044.7000,1055.0000,1040.5000,1055.0000,146671.0000,1050.4180,1063.6000,1045.0000,1050.2000,1052.1000,10.0000,15.0000,,,,,,,60.0000,105.0000,,,,,,,yahoo
JIOFIN,2026-07-10,234.8900,242.3300,233.9700,241.4100,7940313.0000,238.8284,243.5000,239.5800,241.7800,242.5000,35.0000,205.0000,,,,,,,90.0000,105.0000,,,,,,,yahoo
JSWSTEEL,2026-07-10,1236.6000,1251.3000,1234.8000,1248.9000,205902.0000,1246.8086,1259.0000,1244.0000,1246.2000,1246.9000,20.0000,25.0000,,,,,,,,,,,,,,,yahoo
KOTAKBANK,2026-07-10,377.7500,381.1000,377.7500,380.0000,2288797.0000,380.2193,380.6000,377.0500,377.7000,378.1500,,,,,,,,,310.0000,320.0000,,,,,,,yahoo
LODHA,2026-07-10,1182.8500,1182.8500,1140.0000,1147.0000,1651263.0000,1146.5975,1225.0000,1141.0500,1221.8000,1220.7500,60.0000,145.0000,150.0000,150.0000,160.0000,160.0000,165.0000,170.0000,10.0000,,,,,,,,yahoo
LT,2026-07-10,3906.5000,3933.8999,3906.5000,3927.8999,93565.0000,3924.6762,3953.8000,3920.0000,3948.0000,3945.8000,305.0000,,,,,,,,,,,,,,,,yahoo
LTM,2026-07-10,3967.6001,4022.3999,3935.0000,3949.3999,125238.0000,3968.8987,4044.0000,3901.0000,4042.0000,4060.0000,25.0000,270.0000,275.0000,280.0000,285.0000,325.0000,,,100.0000,125.0000,125.0000,,,,,,yahoo
M&M,2026-07-10,3116.5000,3123.1001,3105.2000,3115.0000,110676.0000,3116.4588,3135.0000,3110.5000,3125.2000,3129.0000,255.0000,,,,,,,,,,,,,,,,yahoo
MARUTI,2026-07-10,13798.0000,13987.0000,13788.0000,13964.0000,31936.0000,13905.0041,13969.0000,13781.0000,13872.0000,13850.0000,,,,,,,,,40.0000,50.0000,55.0000,95.0000,,,,,yahoo
MAXHEALTH,2026-07-10,1107.1000,1107.1000,1092.4000,1098.7000,99544.0000,1096.0175,1114.3000,1088.9000,1106.6000,1108.1000,135.0000,145.0000,215.0000,215.0000,,,,,5.0000,15.0000,,,,,,,yahoo
MAZDOCK,2026-07-10,2389.1001,2393.0000,2375.0000,2393.0000,94466.0000,2386.5179,2433.3999,2390.3999,2418.2000,2414.0000,25.0000,45.0000,60.0000,75.0000,130.0000,,,,,,,,,,,,yahoo
MOTHERSON,2026-07-10,144.0600,144.8500,143.4900,144.3000,430917.0000,144.0671,144.5000,142.6900,143.0700,143.3600,,,,,,,,,70.0000,70.0000,210.0000,,,,,,yahoo
MUTHOOTFIN,2026-07-10,3103.3999,3125.3999,3094.6001,3115.6001,57378.0000,3114.2160,3147.8000,3112.3999,3131.6001,3133.0000,30.0000,70.0000,95.0000,,,,,,,,,,,,,,yahoo
NESTLEIND,2026-07-10,1462.3000,1471.3000,1457.2000,1466.9000,192728.0000,1466.0454,1471.2000,1448.3000,1456.0000,1450.0000,,,,,,,,,105.0000,110.0000,115.0000,130.0000,,,,,yahoo
NTPC,2026-07-10,345.5000,346.9000,344.6500,346.9000,414624.0000,346.0848,348.7500,343.4000,344.1500,345.0500,40.0000,,,,,,,,105.0000,130.0000,280.0000,,,,,,yahoo
ONGC,2026-07-10,243.6900,245.0000,243.4900,244.2300,764381.0000,244.2441,245.3900,243.9500,244.7000,244.9500,,,,,,,,,,,,,,,,,yahoo
PFC,2026-07-10,408.1500,409.5000,407.0500,408.3000,176931.0000,408.7693,409.8000,404.2000,406.5500,406.5000,,,,,,,,,90.0000,100.0000,125.0000,,,,,,yahoo
PIDILITIND,2026-07-10,1595.0000,1603.8000,1594.0000,1600.4000,33566.0000,1600.1883,1613.8000,1585.8000,1600.1000,1600.7000,15.0000,20.0000,,,,,,,185.0000,200.0000,,,,,,,yahoo
PNB,2026-07-10,104.0900,104.3200,103.7100,103.8200,1116137.0000,103.8925,107.5300,103.8000,105.4000,105.4100,40.0000,180.0000,180.0000,180.0000,185.0000,200.0000,200.0000,205.0000,,,,,,,,,yahoo
POWERGRID,2026-07-10,283.3500,283.5000,281.6500,282.2000,368199.0000,282.4083,283.7500,281.4500,283.0000,283.6000,45.0000,,,,,,,,,,,,,,,,yahoo
RECLTD,2026-07-10,354.4000,355.6000,353.8500,354.3000,145999.0000,354.4943,356.5500,350.7500,351.5000,353.0000,205.0000,,,,,,,,50.0000,85.0000,120.0000,,,,,,yahoo
RELIANCE,2026-07-10,1290.3000,1303.0000,1289.1000,1300.0000,1912109.0000,1298.2838,1307.8000,1299.8000,1307.4000,1309.6000,285.0000,,,,,,,,,,,,,,,,yahoo
SBILIFE,2026-07-10,1831.1000,1851.8000,1831.1000,1847.0000,51966.0000,1847.5062,1864.3000,1840.3000,1864.2000,1856.2000,270.0000,280.0000,,,,,,,,,,,,,,,yahoo
SBIN,2026-07-10,1029.5000,1031.6000,1027.6000,1028.0000,286055.0000,1028.9470,1047.8000,1023.6000,1035.5000,1036.0000,180.0000,180.0000,185.0000,200.0000,200.0000,,,,,,,,,,,,yahoo
SHREECEM,2026-07-10,26550.0000,26670.0000,26400.0000,26670.0000,555.0000,26613.3934,26815.0000,26530.0000,26575.0000,26615.0000,15.0000,,,,,,,,120.0000,,,,,,,,yahoo
SHRIRAMFIN,2026-07-10,1047.3000,1051.7000,1045.5000,1046.6000,279442.0000,1047.7449,1049.5000,1039.5000,1045.9000,1041.3000,,,,,,,,,215.0000,,,,,,,,yahoo
SIEMENS,2026-07-10,3500.0000,3516.1001,3487.1001,3508.3999,20227.0000,3505.7700,3542.0000,3487.2000,3489.2000,3489.8999,20.0000,30.0000,,,,,,,330.0000,,,,,,,,yahoo
SOLARINDS,2026-07-10,17467.0000,17544.0000,17257.0000,17469.0000,22275.0000,17380.8123,18280.0000,17459.0000,18217.0000,18209.0000,10.0000,15.0000,20.0000,20.0000,20.0000,30.0000,45.0000,75.0000,,,,,,,,,yahoo
SUNPHARMA,2026-07-10,1945.0000,1948.3000,1926.6000,1936.5000,70429.0000,1932.6075,1953.7000,1927.5000,1936.5000,1935.5000,30.0000,30.0000,,,,,,,,,,,,,,,yahoo
TATACAP,2026-07-10,355.8000,360.2500,355.8000,359.4000,135912.0000,359.2574,363.7000,358.1000,359.3000,359.2500,55.0000,180.0000,180.0000,,,,,,,,,,,,,,yahoo
TATACONSUM,2026-07-10,1106.7000,1116.7000,1106.7000,1115.3000,67719.0000,1113.4352,1117.5000,1105.2000,1112.3000,1111.5000,,,,,,,,,105.0000,135.0000,,,,,,,yahoo
TATAPOWER,2026-07-10,376.6000,379.8000,376.5000,379.4500,243292.0000,378.4144,382.7500,379.3000,381.3500,381.1000,20.0000,45.0000,,,,,,,,,,,,,,,yahoo
TATASTEEL,2026-07-10,189.6400,191.2000,188.8700,190.9800,1451856.0000,190.5452,193.2300,190.0400,191.1500,191.1900,10.0000,15.0000,20.0000,,,,,,,,,,,,,,yahoo
TCS,2026-07-10,2108.0000,2132.3999,2072.0000,2084.0000,1683219.0000,2092.1639,2096.0000,2065.7000,2072.1001,2067.8999,20.0000,,,,,,,,75.0000,130.0000,,,,,,,yahoo
TECHM,2026-07-10,1455.4000,1477.5000,1446.0000,1454.0000,358735.0000,1457.7499,1457.8000,1445.9000,1457.0000,1455.0000,,,,,,,,,125.0000,,,,,,,,yahoo
TITAN,2026-07-10,4591.7998,4591.7998,4567.0000,4585.5000,57074.0000,4582.9245,4602.6001,4561.5000,4581.5000,4580.2002,,,,,,,,,205.0000,,,,,,,,yahoo
TMCV,2026-07-10,423.1000,426.7000,421.8500,423.4000,353727.0000,423.3196,426.2500,418.8000,422.5500,425.0000,5.0000,,,,,,,,110.0000,110.0000,120.0000,,,,,,yahoo
TMPV,2026-07-10,334.6500,336.0000,333.7500,335.6000,1161538.0000,335.2764,340.2000,333.8000,338.5500,337.9500,35.0000,40.0000,260.0000,260.0000,,,,,115.0000,,,,,,,,yahoo
TORNTPHARM,2026-07-10,4850.0000,4864.5000,4783.1001,4845.3999,87234.0000,4829.8406,4910.0000,4841.5000,4903.0000,4890.0000,30.0000,30.0000,40.0000,50.0000,,,,,,,,,,,,,yahoo
TRENT,2026-07-10,2933.6001,2934.6001,2914.1001,2917.0000,101050.0000,2925.4958,2927.6001,2897.1001,2900.0000,2903.1001,,,,,,,,,100.0000,,,,,,,,yahoo
TVSMOTOR,2026-07-10,3666.7000,3666.7000,3639.0000,3639.8000,24987.0000,3649.2035,3650.0000,3608.7000,3621.1001,3623.1001,,,,,,,,,55.0000,65.0000,,,,,,,yahoo
ULTRACEMCO,2026-07-10,11649.0000,11695.0000,11632.0000,11660.0000,6386.0000,11673.7656,11718.0000,11615.0000,11701.0000,11706.0000,,,,,,,,,,,,,,,,,yahoo
UNIONBANK,2026-07-10,158.1000,159.6800,158.0100,159.1200,515825.0000,159.3045,165.3800,158.5000,164.3400,164.6900,35.0000,40.0000,45.0000,195.0000,195.0000,200.0000,205.0000,205.0000,,,,,,,,,yahoo
UNITDSPR,2026-07-10,1384.9000,1390.0000,1375.7000,1381.9000,28324.0000,1381.1215,1391.1000,1381.0000,1385.6000,1385.7000,225.0000,,,,,,,,,,,,,,,,yahoo
VBL,2026-07-10,485.7500,485.7500,476.2500,480.2000,1108265.0000,479.1332,485.1000,475.8500,478.2500,479.0000,10.0000,10.0000,10.0000,,,,,,195.0000,235.0000,,,,,,,yahoo
VEDL,2026-07-10,275.7000,275.7000,272.9000,273.9500,1470608.0000,274.4053,276.7000,272.3000,272.6500,272.7500,10.0000,15.0000,15.0000,,,,,,135.0000,,,,,,,,yahoo
WIPRO,2026-07-10,175.6400,177.2000,175.4300,175.9000,2713423.0000,176.0641,176.4000,175.2000,175.5100,175.5200,,,,,,,,,,,,,,,,,yahoo
ZYDUSLIFE,2026-07-10,1164.9000,1164.9000,1145.0000,1153.8000,50657.0000,1150.4259,1159.3000,1147.5000,1150.4000,1152.1000,,,,,,,,,205.0000,,,,,,,,yahoo
ABB,2026-07-13,6820.0000,6820.0000,6725.0000,6770.0000,21917.0000,6754.8048,6872.0000,6766.0000,6800.0000,6807.0000,20.0000,25.0000,30.0000,30.0000,75.0000,,,,,,,,,,,,yahoo
ADANIENSOL,2026-07-13,1650.7000,1667.0000,1639.1000,1653.4000,277727.0000,1653.5167,1664.0000,1634.5000,1645.9000,1644.6000,15.0000,,,,,,,,10.0000,250.0000,255.0000,,,,,,yahoo
ADANIENT,2026-07-13,3135.0000,3154.0000,3121.3000,3145.8999,146965.0000,3146.3315,3195.0000,3144.0000,3178.8999,3177.5000,15.0000,15.0000,80.0000,85.0000,185.0000,,,,,,,,,,,,yahoo
ADANIGREEN,2026-07-13,1527.0000,1570.9000,1523.6000,1564.6000,807059.0000,1558.6352,1575.3000,1545.4000,1547.3000,1546.5000,15.0000,,,,,,,,70.0000,70.0000,150.0000,,,,,,yahoo
ADANIPORTS,2026-07-13,1810.1000,1819.0000,1809.7000,1816.1000,64885.0000,1815.6519,1825.6000,1807.6000,1809.4000,1810.0000,15.0000,,,,,,,,,,,,,,,,yahoo
ADANIPOWER,2026-07-13,216.9800,217.8500,215.7000,217.3900,6158145.0000,216.7910,218.7800,215.2600,215.6000,215.3000,20.0000,,,,,,,,115.0000,125.0000,,,,,,,yahoo
AMBUJACEM,2026-07-13,430.8000,432.8500,429.7000,432.0500,108579.0000,431.3679,434.0500,430.7500,432.0500,432.1500,,,,,,,,,,,,,,,,,yahoo
APOLLOHOSP,2026-07-13,8852.5000,8926.0000,8814.0000,8822.0000,38060.0000,8843.5368,8850.5000,8765.0000,8779.5000,8787.0000,,,,,,,,,245.0000,,,,,,,,yahoo
ASIANPAINT,2026-07-13,2648.7000,2648.7000,2630.1001,2644.3000,72215.0000,2637.9084,2664.1001,2641.3999,2651.8000,2652.1001,10.0000,,,,,,,,,,,,,,,,yahoo
AXISBANK,2026-07-13,1315.6000,1328.3000,1314.1000,1328.3000,335831.0000,1322.6856,1329.8000,1314.3000,1319.4000,1321.2000,,,,,,,,,70.0000,120.0000,135.0000,,,,,,yahoo
BAJAJ-AUTO,2026-07-13,10074.5000,10155.5000,10050.0000,10125.0000,65260.0000,10125.0616,10441.5000,10076.5000,10391.0000,10381.0000,55.0000,85.0000,90.0000,90.0000,90.0000,100.0000,275.0000,290.0000,,,,,,,,,yahoo
BAJAJFINSV,2026-07-13,1899.2000,1899.2000,1885.0000,1893.2000,43025.0000,1890.1116,1909.6000,1886.0000,1907.0000,1910.0000,10.0000,305.0000,,,,,,,,,,,,,,,yahoo
BAJAJHLDNG,2026-07-13,10291.0000,10765.0000,10291.0000,10697.0000,16822.0000,10685.1134,10915.0000,10672.0000,10728.0000,10706.0000,5.0000,10.0000,65.0000,70.0000,70.0000,80.0000,,,,,,,,,,,yahoo
BAJFINANCE,2026-07-13,1013.9000,1015.1000,1004.0000,1011.2000,578770.0000,1008.2915,1027.8000,1010.9000,1021.7000,1022.5000,15.0000,35.0000,190.0000,265.0000,300.0000,,,,,,,,,,,,yahoo
BANKBARODA,2026-07-13,248.1000,250.8500,247.5000,249.9000,907522.0000,249.6938,252.5000,249.1500,251.0000,250.3000,10.0000,70.0000,275.0000,,,,,,,,,,,,,,yahoo
BEL,2026-07-13,411.6500,411.6500,408.6000,410.0500,823215.0000,409.8631,412.8000,409.2500,410.4500,410.5500,290.0000,,,,,,,,,,,,,,,,yahoo
BHARTIARTL,2026-07-13,1913.0000,1915.0000,1902.3000,1912.0000,2164365.0000,1907.0681,1915.0000,1896.8000,1901.1000,1901.8000,,,,,,,,,75.0000,80.0000,,,,,,,yahoo
BOSCHLTD,2026-07-13,41580.0000,41580.0000,41320.0000,41490.0000,856.0000,41459.0343,42050.0000,41415.0000,41700.0000,41695.0000,20.0000,30.0000,40.0000,75.0000,,,,,,,,,,,,,yahoo
BPCL,2026-07-13,303.8000,306.3500,302.1500,305.9000,740861.0000,305.4820,308.1000,304.5000,307.0500,307.7000,270.0000,,,,,,,,,,,,,,,,yahoo
BRITANNIA,2026-07-13,5300.0000,5355.0000,5300.0000,5343.0000,10597.0000,5344.8822,5368.5000,5320.5000,5350.0000,5348.5000,,,,,,,,,,,,,,,,,yahoo
CANBK,2026-07-13,127.2000,128.2200,126.5200,128.1200,2067391.0000,127.8361,129.7300,127.3100,129.3300,129.2100,10.0000,280.0000,320.0000,320.0000,,,,,115.0000,,,,,,,,yahoo
CGPOWER,2026-07-13,909.9000,909.9000,902.5000,905.4000,246698.0000,904.5077,911.7500,896.1500,904.4500,905.5000,30.0000,,,,,,,,220.0000,220.0000,225.0000,,,,,,yahoo
CHOLAFIN,2026-07-13,1791.1000,1797.6000,1780.7000,1796.0000,66351.0000,1791.5425,1818.9000,1795.2000,1810.8000,1810.9000,10.0000,10.0000,40.0000,190.0000,,,,,,,,,,,,,yahoo
CIPLA,2026-07-13,1440.9000,1441.9000,1432.0000,1433.5000,62296.0000,1435.1637,1434.0000,1420.2000,1427.9000,1425.0000,,,,,,,,,25.0000,35.0000,,,,,,,yahoo
COALINDIA,2026-07-13,428.9500,431.8500,426.8500,429.4000,351825.0000,430.3665,429.7500,425.2000,429.7000,430.7500,,,,,,,,,45.0000,65.0000,,,,,,,yahoo
CUMMINSIND,2026-07-13,5567.0000,5596.0000,5534.0000,5577.5000,11243.0000,5583.2314,5596.5000,5530.5000,5552.5000,5555.0000,,,,,,,,,210.0000,225.0000,,,,,,,yahoo
DIVISLAB,2026-07-13,6820.0000,6850.0000,6797.0000,6816.0000,15381.0000,6822.3428,6956.5000,6788.0000,6926.5000,6938.5000,200.0000,200.0000,245.0000,250.0000,255.0000,310.0000,,,,,,,,,,,yahoo
DLF,2026-07-13,676.6500,687.3500,676.6500,685.8000,502834.0000,683.7549,690.2000,673.6000,680.9500,683.5000,5.0000,,,,,,,,85.0000,125.0000,130.0000,130.0000,130.0000,,,,yahoo
DMART,2026-07-13,3969.6001,4004.0000,3913.8000,3997.8999,287146.0000,3980.6222,4011.0000,3966.3999,3996.0000,3994.1001,,,,,,,,,10.0000,115.0000,,,,,,,yahoo
DRREDDY,2026-07-13,1244.8000,1249.0000,1238.6000,1240.4000,197065.0000,1242.2472,1243.4000,1226.3000,1233.7000,1236.0000,,,,,,,,,45.0000,60.0000,70.0000,,,,,,yahoo
EICHERMOT,2026-07-13,7329.0000,7329.0000,7268.0000,7289.0000,27548.0000,7288.7438,7317.0000,7261.5000,7299.0000,7306.5000,,,,,,,,,,,,,,,,,yahoo
ENRIN,2026-07-13,3494.1001,3494.1001,3432.8999,3476.5000,37320.0000,3466.8336,3520.0000,3390.1001,3395.1001,3420.0000,35.0000,35.0000,75.0000,75.0000,,,,,130.0000,135.0000,175.0000,215.0000,290.0000,320.0000,,,yahoo
ETERNAL,2026-07-13,286.3000,288.0500,284.6000,286.6000,1953840.0000,286.5883,288.9000,285.1500,285.2000,285.0000,30.0000,30.0000,,,,,,,330.0000,,,,,,,,yahoo
GAIL,2026-07-13,172.5600,172.5600,171.5300,171.9600,193932.0000,172.1376,173.3700,170.5300,172.9800,173.1000,280.0000,290.0000,,,,,,,85.0000,115.0000,,,,,,,yahoo
GODREJCP,2026-07-13,1079.4000,1079.7000,1073.4000,1078.4000,21760.0000,1076.9503,1078.9000,1067.4000,1068.2000,1068.7000,,,,,,,,,45.0000,45.0000,310.0000,,,,,,yahoo
GRASIM,2026-07-13,3191.1001,3216.3000,3187.6001,3189.1001,28041.0000,3196.5303,3199.5000,3137.3999,3155.6001,3135.0000,,,,,,,,,60.0000,70.0000,70.0000,75.0000,225.0000,,,,yahoo
HAL,2026-07-13,4489.7002,4489.7002,4439.0000,4450.2002,52829.0000,4452.1352,4516.3999,4449.1001,4506.5000,4516.3999,40.0000,40.0000,45.0000,45.0000,,,,,,,,,,,,,yahoo
HCLTECH,2026-07-13,1163.4000,1183.7000,1163.4000,1173.6000,467141.0000,1174.0784,1237.0000,1171.5000,1220.0000,1224.0000,45.0000,45.0000,50.0000,50.0000,70.0000,70.0000,85.0000,135.0000,,,,,,,,,yahoo
HDFCAMC,2026-07-13,2737.0000,2737.0000,2693.7000,2697.6001,58233.0000,2707.8275,2758.0000,2681.0000,2756.3999,2746.5000,10.0000,15.0000,155.0000,155.0000,180.0000,275.0000,,,105.0000,,,,,,,,yahoo
HDFCBANK,2026-07-13,817.2000,817.2000,811.0000,813.5000,1899513.0000,812.8550,821.9000,813.0000,817.4000,817.5000,15.0000,45.0000,85.0000,,,,,,,,,,,,,,yahoo
HDFCLIFE,2026-07-13,563.6000,568.6500,563.6000,568.6500,157043.0000,566.1653,577.0000,567.8500,573.4000,573.5000,20.0000,25.0000,35.0000,35.0000,,,,,,,,,,,,,yahoo
HINDALCO,2026-07-13,963.1000,965.8500,956.7500,961.8000,295458.0000,962.9027,971.6000,956.6000,968.0500,965.0000,290.0000,300.0000,305.0000,,,,,,140.0000,,,,,,,,yahoo
HINDUNILVR,2026-07-13,2130.2000,2140.3000,2130.2000,2137.8999,43212.0000,2135.2519,2138.3000,2120.3999,2130.3000,2132.5000,,,,,,,,,45.0000,95.0000,,,,,,,yahoo
HINDZINC,2026-07-13,526.6000,532.2000,526.6000,531.0500,151884.0000,530.1377,534.7000,529.7500,532.3000,532.6000,60.0000,,,,,,,,,,,,,,,,yahoo
HYUNDAI,2026-07-13,1955.0000,1965.9000,1943.5000,1965.9000,71131.0000,1956.1582,1998.9000,1965.8000,1990.3000,1995.9000,5.0000,60.0000,100.0000,295.0000,295.0000,,,,,,,,,,,,yahoo
ICICIBANK,2026-07-13,1387.1000,1395.3000,1386.3000,1392.9000,573115.0000,1391.9951,1412.7000,1392.1000,1410.0000,1406.8000,25.0000,40.0000,190.0000,280.0000,,,,,,,,,,,,,yahoo
INDHOTEL,2026-07-13,740.7500,746.3000,738.0000,739.5500,205332.0000,742.5084,750.9000,736.8500,737.0500,738.5500,10.0000,35.0000,50.0000,65.0000,80.0000,,,,,,,,,,,,yahoo
INDIGO,2026-07-13,5171.5000,5222.5000,5147.5000,5207.0000,148934.0000,5198.7563,5248.0000,5196.0000,5228.5000,5229.5000,50.0000,310.0000,,,,,,,,,,,,,,,yahoo
INFY,2026-07-13,1058.3000,1073.3000,1058.3000,1067.2000,1030764.0000,1064.4436,1114.8000,1066.2000,1100.1000,1101.1000,5.0000,60.0000,65.0000,65.0000,90.0000,120.0000,125.0000,140.0000,,,,,,,,,yahoo
IOC,2026-07-13,137.2400,137.6300,136.6300,137.3300,1335032.0000,137.3514,140.1400,137.3400,139.9400,140.0100,15.0000,15.0000,30.0000,245.0000,265.0000,325.0000,,,,,,,,,,,yahoo
IRFC,2026-07-13,89.8500,89.8500,88.7500,89.1700,721869.0000,89.0219,89.8100,89.1000,89.7500,89.7500,40.0000,,,,,,,,,,,,,,,,yahoo
ITC,2026-07-13,280.9000,281.2000,279.5000,280.9500,636954.0000,280.5600,281.5000,279.6000,279.6500,279.9000,,,,,,,,,,,,,,,,,yahoo
JINDALSTEL,2026-07-13,1020.5000,1036.1000,1020.5000,1034.1000,106734.0000,1032.5688,1038.4000,1017.0000,1028.8000,1028.8000,,,,,,,,,80.0000,100.0000,105.0000,105.0000,115.0000,,,,yahoo
JIOFIN,2026-07-13,239.8000,242.2800,239.3700,241.8100,1959698.0000,241.7032,243.4700,240.6300,241.8000,241.2300,80.0000,,,,,,,,,,,,,,,,yahoo
JSWSTEEL,2026-07-13,1237.7000,1237.7000,1228.9000,1236.1000,92007.0000,1234.2050,1239.6000,1220.5000,1237.6000,1237.4000,,,,,,,,,70.0000,105.0000,105.0000,120.0000,,,,,yahoo
KOTAKBANK,2026-07-13,375.4000,377.4000,375.4000,376.7500,1636648.0000,376.7038,385.1500,376.5000,384.5500,385.0500,110.0000,160.0000,190.0000,265.0000,265.0000,300.0000,,,,,,,,,,,yahoo
LODHA,2026-07-13,1198.0500,1219.9500,1190.2500,1196.8000,445740.0000,1202.0169,1204.3000,1183.1500,1198.5000,1198.6500,10.0000,,,,,,,,55.0000,55.0000,145.0000,,,,,,yahoo
LT,2026-07-13,3875.8000,3913.0000,3875.8000,3908.8000,238077.0000,3900.2065,3939.0000,3908.2000,3928.3999,3926.0000,35.0000,190.0000,,,,,,,,,,,,,,,yahoo
LTM,2026-07-13,4057.5000,4064.0000,3971.7000,4024.0000,188393.0000,4007.6673,4239.7998,4007.5000,4119.7998,4124.2998,5.0000,60.0000,65.0000,65.0000,65.0000,70.0000,130.0000,140.0000,,,,,,,,,yahoo
M&M,2026-07-13,3094.8000,3107.8000,3084.8000,3107.0000,109863.0000,3100.0707,3169.0000,3103.1001,3158.3999,3160.3999,35.0000,45.0000,50.0000,55.0000,100.0000,,,,,,,,,,,,yahoo
MARUTI,2026-07-13,13700.0000,13707.0000,13540.0000,13639.0000,44397.0000,13615.7349,13841.0000,13600.0000,13695.0000,13699.0000,30.0000,45.0000,55.0000,90.0000,,,,,,,,,,,,,yahoo
MAXHEALTH,2026-07-13,1103.1000,1108.0000,1094.6000,1100.5000,110895.0000,1099.1564,1118.0000,1099.2000,1103.8000,1107.4000,15.0000,15.0000,140.0000,145.0000,170.0000,,,,,,,,,,,,yahoo
MAZDOCK,2026-07-13,2414.3999,2414.3999,2385.0000,2390.6001,107484.0000,2396.7622,2409.8999,2387.3000,2403.8999,2402.6001,25.0000,45.0000,,,,,,,,,,,,,,,yahoo
MOTHERSON,2026-07-13,141.9500,142.1400,141.1100,141.4500,919972.0000,141.6468,144.7100,141.3500,144.0000,144.2500,20.0000,20.0000,20.0000,105.0000,190.0000,275.0000,,,,,,,,,,,yahoo
MUTHOOTFIN,2026-07-13,3075.0000,3077.5000,3047.6001,3071.7000,164160.0000,3059.6390,3111.0000,3056.2000,3059.8999,3054.0000,5.0000,5.0000,10.0000,10.0000,,,,,240.0000,,,,,,,,yahoo
NESTLEIND,2026-07-13,1440.0000,1446.4000,1439.0000,1441.5000,70230.0000,1442.7121,1442.5000,1420.3000,1427.8000,1428.0000,,,,,,,,,40.0000,80.0000,220.0000,260.0000,,,,,yahoo
NTPC,2026-07-13,345.0500,348.2500,343.7500,346.9500,651695.0000,347.1358,351.5000,344.2000,351.4500,352.4000,175.0000,175.0000,245.0000,325.0000,,,,,70.0000,95.0000,,,,,,,yahoo
ONGC,2026-07-13,246.6900,248.8000,245.6100,247.4000,2344202.0000,247.9260,249.2500,246.4200,248.5700,247.9900,285.0000,,,,,,,,,,,,,,,,yahoo
PFC,2026-07-13,402.1000,402.6500,400.9500,401.5500,274500.0000,401.9444,405.3500,400.0000,404.7500,405.1000,80.0000,80.0000,,,,,,,,,,,,,,,yahoo
PIDILITIND,2026-07-13,1568.8000,1575.6000,1562.0000,1573.0000,25610.0000,1572.5134,1582.9000,1563.6000,1580.0000,1580.7000,155.0000,,,,,,,,105.0000,,,,,,,,yahoo
PNB,2026-07-13,104.4600,105.3500,104.0200,105.1900,970765.0000,104.9475,106.4500,105.0000,106.2500,106.4000,10.0000,75.0000,275.0000,,,,,,,,,,,,,,yahoo
POWERGRID,2026-07-13,282.1000,284.9500,281.6500,284.3500,406486.0000,284.3865,286.2500,283.6500,286.1000,285.2500,275.0000,,,,,,,,,,,,,,,,yahoo
RECLTD,2026-07-13,349.3000,349.6500,347.5000,348.1500,224149.0000,348.5343,352.6000,347.5500,351.0000,351.0000,120.0000,190.0000,235.0000,245.0000,,,,,,,,,,,,,yahoo
RELIANCE,2026-07-13,1301.2000,1305.4000,1299.2000,1303.7000,638482.0000,1303.7244,1306.3000,1295.1000,1296.8000,1297.0000,,,,,,,,,120.0000,,,,,,,,yahoo
SBILIFE,2026-07-13,1847.0000,1847.0000,1832.1000,1842.6000,33909.0000,1836.2258,1860.3000,1838.5000,1855.9000,1855.9000,35.0000,270.0000,,,,,,,,,,,,,,,yahoo
SBIN,2026-07-13,1023.5000,1036.5000,1022.7000,1036.2000,560794.0000,1030.8423,1042.4000,1033.5000,1036.0000,1036.7000,5.0000,,,,,,,,,,,,,,,,yahoo
SHREECEM,2026-07-13,26525.0000,26545.0000,26330.0000,26370.0000,649.0000,26414.2347,26530.0000,26365.0000,26430.0000,26350.0000,20.0000,,,,,,,,,,,,,,,,yahoo
SHRIRAMFIN,2026-07-13,1020.4000,1039.2000,1020.4000,1037.7000,428639.0000,1032.2785,1053.0000,1037.5000,1046.8000,1048.0000,10.0000,55.0000,275.0000,280.0000,,,,,,,,,,,,,yahoo
SIEMENS,2026-07-13,3478.3999,3478.3999,3447.6001,3474.0000,13156.0000,3464.3870,3498.0000,3453.0000,3474.8999,3482.3999,20.0000,,,,,,,,145.0000,,,,,,,,yahoo
SOLARINDS,2026-07-13,18095.0000,18258.0000,17986.0000,18116.0000,12218.0000,18075.7483,18346.0000,18000.0000,18170.0000,18124.0000,135.0000,140.0000,165.0000,165.0000,,,,,85.0000,,,,,,,,yahoo
SUNPHARMA,2026-07-13,1925.9000,1932.0000,1917.3000,1920.1000,93492.0000,1920.8439,1932.0000,1911.0000,1921.3000,1921.4000,190.0000,,,,,,,,,,,,,,,,yahoo
TATACAP,2026-07-13,357.5000,357.5000,354.0500,355.3500,101258.0000,354.8162,362.0000,354.9500,361.5000,358.0000,15.0000,15.0000,80.0000,80.0000,110.0000,,,,,,,,,,,,yahoo
TATACONSUM,2026-07-13,1096.3000,1106.0000,1096.3000,1103.8000,37174.0000,1103.9369,1105.3000,1093.8000,1098.9000,1098.6000,,,,,,,,,115.0000,140.0000,,,,,,,yahoo
TATAPOWER,2026-07-13,379.8000,379.8000,376.7500,378.6000,239195.0000,378.9831,379.7500,375.5000,377.7000,378.0000,,,,,,,,,115.0000,140.0000,,,,,,,yahoo
TATASTEEL,2026-07-13,189.0000,189.0000,186.5500,187.3900,4159353.0000,187.1271,188.3500,185.4300,187.2200,187.1800,30.0000,,,,,,,,95.0000,105.0000,135.0000,,,,,,yahoo
TCS,2026-07-13,2075.2000,2115.8000,2069.6001,2114.1001,830750.0000,2103.7793,2204.8999,2111.5000,2181.1001,2181.5000,5.0000,65.0000,65.0000,70.0000,85.0000,105.0000,115.0000,130.0000,,,,,,,,,yahoo
TECHM,2026-07-13,1445.5000,1464.4000,1445.5000,1458.9000,104208.0000,1457.4831,1524.8000,1454.6000,1504.1000,1504.5000,5.0000,65.0000,70.0000,70.0000,70.0000,90.0000,100.0000,135.0000,,,,,,,,,yahoo
TITAN,2026-07-13,4571.7002,4571.7002,4524.7002,4561.5000,91363.0000,4546.0494,4635.0000,4555.0000,4605.0000,4595.5000,20.0000,45.0000,130.0000,155.0000,160.0000,,,,,,,,,,,,yahoo
TMCV,2026-07-13,418.2000,420.7500,415.6000,420.2000,600888.0000,418.8819,423.7000,416.7500,421.1000,420.3000,160.0000,165.0000,,,,,,,105.0000,110.0000,,,,,,,yahoo
TMPV,2026-07-13,337.3500,337.5500,334.6500,336.1500,742982.0000,336.0968,343.0000,335.2500,341.9500,343.0000,135.0000,140.0000,185.0000,185.0000,190.0000,315.0000,,,,,,,,,,,yahoo
TORNTPHARM,2026-07-13,4872.7998,4935.7002,4872.7998,4917.7002,50993.0000,4917.7861,4972.5000,4892.3999,4952.3999,4936.1001,45.0000,50.0000,60.0000,,,,,,115.0000,,,,,,,,yahoo
TRENT,2026-07-13,2883.8999,2896.0000,2869.8999,2892.6001,90464.0000,2889.8201,2913.0000,2887.0000,2897.8000,2901.5000,20.0000,,,,,,,,,,,,,,,,yahoo
TVSMOTOR,2026-07-13,3599.6001,3613.6001,3573.0000,3594.5000,24080.0000,3601.9627,3695.0000,3590.2000,3675.7000,3680.5000,10.0000,20.0000,25.0000,50.0000,90.0000,100.0000,100.0000,,,,,,,,,,yahoo
ULTRACEMCO,2026-07-13,11582.0000,11600.0000,11542.0000,11589.0000,7024.0000,11574.3278,11635.0000,11571.0000,11581.0000,11571.0000,,,,,,,,,,,,,,,,,yahoo
UNIONBANK,2026-07-13,162.5100,167.6300,162.5100,167.5600,3697826.0000,166.2433,170.5900,166.0600,170.4200,170.6500,5.0000,5.0000,255.0000,260.0000,275.0000,,,,115.0000,130.0000,,,,,,,yahoo
UNITDSPR,2026-07-13,1376.1000,1395.2000,1371.7000,1394.9000,44885.0000,1384.8531,1398.7000,1370.4000,1371.7000,1378.9000,,,,,,,,,30.0000,40.0000,45.0000,225.0000,265.0000,,,,yahoo
VBL,2026-07-13,474.9000,478.2500,473.5500,475.1000,857885.0000,474.9718,475.4000,464.6500,468.5000,467.8500,,,,,,,,,10.0000,15.0000,60.0000,75.0000,90.0000,110.0000,,,yahoo
VEDL,2026-07-13,270.6500,271.2000,269.2000,269.8500,1079194.0000,270.0950,270.3500,268.3000,269.5000,270.0000,,,,,,,,,170.0000,,,,,,,,yahoo
WIPRO,2026-07-13,174.4500,175.9800,174.4500,175.7400,989575.0000,175.1952,179.9500,175.5000,178.3500,178.3200,65.0000,70.0000,90.0000,135.0000,140.0000,175.0000,,,,,,,,,,,yahoo
ZYDUSLIFE,2026-07-13,1144.9000,1155.7000,1138.9000,1140.1000,83828.0000,1143.8883,1143.3000,1128.5000,1130.6000,1129.9000,,,,,,,,,15.0000,150.0000,255.0000,,,,,,yahoo
ABB,2026-07-14,6770.0000,6825.0000,6750.0000,6780.5000,9822.0000,6787.1604,6912.0000,6745.0000,6876.5000,6910.0000,80.0000,80.0000,95.0000,175.0000,175.0000,,,,40.0000,,,,,,,,yahoo
ADANIENSOL,2026-07-14,1643.8000,1661.5000,1636.6000,1639.4000,99575.0000,1642.9047,1712.8000,1636.9000,1685.5000,1692.0000,15.0000,30.0000,30.0000,30.0000,75.0000,85.0000,85.0000,90.0000,,,,,,,,,yahoo
ADANIENT,2026-07-14,3162.0000,3175.5000,3146.8000,3157.5000,129977.0000,3159.8115,3219.7000,3152.7000,3186.3000,3188.8999,30.0000,35.0000,85.0000,85.0000,90.0000,,,,,,,,,,,,yahoo
ADANIGREEN,2026-07-14,1541.1000,1553.5000,1533.1000,1545.6000,160789.0000,1543.3636,1631.5000,1544.0000,1603.0000,1605.0000,15.0000,15.0000,15.0000,30.0000,30.0000,35.0000,65.0000,85.0000,,,,,,,,,yahoo
ADANIPORTS,2026-07-14,1815.8000,1825.7000,1808.7000,1819.5000,155943.0000,1822.4029,1840.6000,1811.1000,1821.1000,1821.9000,90.0000,90.0000,95.0000,,,,,,,,,,,,,,yahoo
ADANIPOWER,2026-07-14,216.3800,219.6500,216.3800,218.6000,3561540.0000,218.5786,228.9000,217.9200,226.3400,225.7000,15.0000,15.0000,15.0000,15.0000,20.0000,25.0000,55.0000,85.0000,,,,,,,,,yahoo
AMBUJACEM,2026-07-14,429.2000,432.7500,427.4000,428.3000,268078.0000,429.2925,436.4500,427.4000,429.6500,428.9500,90.0000,90.0000,90.0000,90.0000,90.0000,,,,,,,,,,,,yahoo
APOLLOHOSP,2026-07-14,8750.0000,8835.0000,8739.0000,8800.5000,31333.0000,8810.7543,8905.5000,8800.0000,8893.5000,8900.5000,30.0000,50.0000,105.0000,,,,,,,,,,,,,,yahoo
ASIANPAINT,2026-07-14,2588.0000,2645.8000,2588.0000,2640.0000,73751.0000,2639.7446,2655.3999,2636.1001,2640.0000,2640.0000,220.0000,,,,,,,,,,,,,,,,yahoo
AXISBANK,2026-07-14,1318.0000,1320.5000,1306.0000,1306.9000,255167.0000,1311.0313,1323.6000,1299.1000,1316.9000,1318.5000,220.0000,270.0000,310.0000,330.0000,,,,,40.0000,,,,,,,,yahoo
BAJAJ-AUTO,2026-07-14,10212.0000,10366.5000,10146.0000,10221.0000,137634.0000,10220.5898,10309.0000,10150.0000,10159.5000,10169.0000,25.0000,70.0000,,,,,,,10.0000,,,,,,,,yahoo
BAJAJFINSV,2026-07-14,1891.1000,1899.0000,1878.5000,1882.8000,261980.0000,1890.3359,1882.8000,1865.0000,1870.0000,1865.0000,,,,,,,,,5.0000,30.0000,,,,,,,yahoo
BAJAJHLDNG,2026-07-14,10697.0000,10697.0000,10607.0000,10607.0000,4347.0000,10639.9297,10635.0000,10500.0000,10500.0000,10475.0000,,,,,,,,,200.0000,200.0000,290.0000,,,,,,yahoo
BAJFINANCE,2026-07-14,1012.2000,1012.2000,997.7000,998.8000,819140.0000,1001.7163,1011.2000,995.2000,1006.2000,1007.0000,20.0000,190.0000,220.0000,,,,,,,,,,,,,,yahoo
BANKBARODA,2026-07-14,249.7500,251.1500,247.7500,247.9500,833078.0000,249.0837,248.5500,245.7000,246.6000,246.6500,,,,,,,,,165.0000,215.0000,,,,,,,yahoo
BEL,2026-07-14,409.8000,410.4500,406.7000,406.9500,1093521.0000,407.6876,411.2500,405.7000,410.0500,409.9000,105.0000,185.0000,185.0000,,,,,,,,,,,,,,yahoo
BHARTIARTL,2026-07-14,1893.8000,1936.0000,1893.8000,1932.7000,1094340.0000,1926.9168,1941.0000,1921.8000,1934.2000,1936.5000,,,,,,,,,35.0000,,,,,,,,yahoo
BOSCHLTD,2026-07-14,41595.0000,41695.0000,41420.0000,41635.0000,1360.0000,41594.3750,41860.0000,41400.0000,41445.0000,41470.0000,110.0000,,,,,,,,315.0000,,,,,,,,yahoo
BPCL,2026-07-14,302.8500,305.4000,302.2000,304.1000,1287600.0000,303.9459,305.9000,302.7500,305.0500,305.3500,225.0000,,,,,,,,,,,,,,,,yahoo
BRITANNIA,2026-07-14,5261.0000,5343.5000,5255.0000,5324.0000,14784.0000,5329.0805,5343.5000,5255.5000,5277.5000,5283.5000,,,,,,,,,65.0000,80.0000,95.0000,305.0000,,,,,yahoo
CANBK,2026-07-14,128.4400,128.9000,127.1100,127.2000,1678287.0000,127.5328,127.2800,125.3700,125.7700,125.8900,,,,,,,,,35.0000,120.0000,215.0000,235.0000,,,,,yahoo
CGPOWER,2026-07-14,904.9000,904.9000,896.1000,896.3000,226249.0000,898.2866,914.9000,893.9500,914.3500,913.9500,65.0000,75.0000,80.0000,145.0000,175.0000,320.0000,,,,,,,,,,,yahoo
CHOLAFIN,2026-07-14,1773.0000,1775.0000,1751.0000,1752.2000,147113.0000,1763.9427,1777.6000,1743.6000,1769.8000,1775.0000,70.0000,75.0000,80.0000,100.0000,,,,,,,,,,,,,yahoo
CIPLA,2026-07-14,1427.5000,1453.3000,1426.2000,1453.0000,123367.0000,1447.8125,1454.5000,1439.4000,1439.8000,1438.0000,,,,,,,,,20.0000,30.0000,,,,,,,yahoo
COALINDIA,2026-07-14,429.0000,435.8500,428.3000,432.5500,760761.0000,434.0487,436.5000,429.4500,430.7500,430.6000,105.0000,105.0000,,,,,,,165.0000,,,,,,,,yahoo
CUMMINSIND,2026-07-14,5513.0000,5522.0000,5483.0000,5502.0000,28052.0000,5498.5230,5535.0000,5480.0000,5493.0000,5505.0000,95.0000,,,,,,,,,,,,,,,,yahoo
DIVISLAB,2026-07-14,6942.5000,6973.5000,6916.0000,6973.5000,41844.0000,6954.8533,7193.5000,6970.0000,7193.0000,7195.0000,20.0000,30.0000,55.0000,60.0000,70.0000,145.0000,170.0000,325.0000,,,,,,,,,yahoo
DLF,2026-07-14,678.8000,681.5500,668.4000,668.4000,426199.0000,672.9581,672.8500,665.6000,670.3000,672.9000,10.0000,,,,,,,,,,,,,,,,yahoo
DMART,2026-07-14,3967.3999,3993.6001,3950.2000,3954.3999,56333.0000,3971.9982,3954.0000,3895.1001,3914.5000,3915.1001,,,,,,,,,10.0000,20.0000,165.0000,235.0000,,,,,yahoo
DRREDDY,2026-07-14,1239.6000,1246.3000,1231.6000,1245.9000,207653.0000,1243.8708,1248.0000,1237.0000,1244.3000,1245.6000,,,,,,,,,250.0000,,,,,,,,yahoo
EICHERMOT,2026-07-14,7255.5000,7312.0000,7220.0000,7235.0000,50504.0000,7249.5195,7291.0000,7197.0000,7282.5000,7279.5000,130.0000,325.0000,,,,,,,15.0000,,,,,,,,yahoo
ENRIN,2026-07-14,3377.3000,3377.3000,3344.3999,3364.2000,43075.0000,3362.3700,3406.2000,3363.0000,3381.6001,3398.0000,25.0000,25.0000,80.0000,,,,,,,,,,,,,,yahoo
ETERNAL,2026-07-14,283.5500,285.4000,282.3000,283.3000,1119152.0000,283.2744,287.8000,281.1000,285.9500,286.1500,105.0000,105.0000,205.0000,230.0000,245.0000,,,,50.0000,70.0000,,,,,,,yahoo
GAIL,2026-07-14,172.2800,172.9000,171.5700,172.1600,435252.0000,172.2646,172.5500,170.9900,171.3300,171.5100,,,,,,,,,295.0000,,,,,,,,yahoo
GODREJCP,2026-07-14,1044.8000,1071.9000,1044.4000,1067.7000,69625.0000,1067.8916,1071.4000,1058.2000,1060.8000,1061.6000,,,,,,,,,145.0000,235.0000,,,,,,,yahoo
GRASIM,2026-07-14,3131.0000,3150.8000,3093.6001,3101.0000,244647.0000,3109.3532,3127.8000,3093.8999,3109.0000,3113.0000,115.0000,250.0000,,,,,,,,,,,,,,,yahoo
HAL,2026-07-14,4506.0000,4506.0000,4426.0000,4428.2002,95102.0000,4446.6976,4452.1001,4393.7002,4442.3999,4442.3999,325.0000,,,,,,,,25.0000,40.0000,,,,,,,yahoo
HCLTECH,2026-07-14,1199.9000,1208.7000,1183.0000,1198.2000,1728512.0000,1200.3212,1198.8000,1164.7000,1166.1000,1164.6000,,,,,,,,,15.0000,25.0000,35.0000,60.0000,65.0000,210.0000,250.0000,,yahoo
HDFCAMC,2026-07-14,2736.8999,2736.8999,2682.3999,2682.8000,106897.0000,2702.9602,2681.8999,2642.0000,2661.3000,2662.7000,,,,,,,,,15.0000,35.0000,40.0000,50.0000,50.0000,,,,yahoo
HDFCBANK,2026-07-14,811.0000,818.3500,808.8000,814.4000,3752051.0000,814.4457,817.7000,807.0000,809.6500,808.5500,,,,,,,,,155.0000,240.0000,,,,,,,yahoo
HDFCLIFE,2026-07-14,572.0000,572.0000,567.8000,568.1500,154380.0000,569.9897,568.5000,553.5500,555.9500,555.2000,,,,,,,,,25.0000,30.0000,45.0000,120.0000,125.0000,140.0000,215.0000,,yahoo
HINDALCO,2026-07-14,970.1000,988.4500,970.1000,984.2000,951573.0000,982.3696,997.0000,973.3000,973.9000,975.0000,30.0000,35.0000,55.0000,60.0000,,,,,15.0000,20.0000,295.0000,,,,,,yahoo
HINDUNILVR,2026-07-14,2120.0000,2145.0000,2118.2000,2136.8999,99897.0000,2137.3864,2142.8000,2118.0000,2121.2000,2117.0000,,,,,,,,,160.0000,275.0000,,,,,,,yahoo
HINDZINC,2026-07-14,529.9500,536.3000,529.8000,530.4500,661559.0000,533.1310,530.8000,526.3500,527.9500,528.0500,,,,,,,,,15.0000,20.0000,,,,,,,yahoo
HYUNDAI,2026-07-14,1971.9000,1994.1000,1971.9000,1981.5000,48773.0000,1983.8077,1984.8000,1948.2000,1962.2000,1955.0000,,,,,,,,,10.0000,170.0000,215.0000,215.0000,215.0000,,,,yahoo
ICICIBANK,2026-07-14,1400.1000,1401.3000,1392.6000,1395.1000,754133.0000,1397.4687,1411.7000,1392.0000,1408.2000,1406.0000,65.0000,80.0000,90.0000,,,,,,,,,,,,,,yahoo
INDHOTEL,2026-07-14,735.0000,735.0000,728.5000,729.2500,97673.0000,730.5570,736.8000,726.5000,732.0000,734.0000,65.0000,110.0000,110.0000,,,,,,,,,,,,,,yahoo
INDIGO,2026-07-14,5064.5000,5128.0000,5064.5000,5108.5000,209228.0000,5107.5144,5114.5000,5071.5000,5105.5000,5108.0000,,,,,,,,,5.0000,,,,,,,,yahoo
INFY,2026-07-14,1107.0000,1113.0000,1098.0000,1098.7000,2009206.0000,1104.3309,1112.0000,1090.0000,1092.0000,1092.0000,50.0000,50.0000,50.0000,,,,,,35.0000,225.0000,,,,,,,yahoo
IOC,2026-07-14,137.9500,138.6400,137.3700,137.5500,1925046.0000,137.8681,137.9800,136.7200,137.0000,137.0500,,,,,,,,,115.0000,,,,,,,,yahoo
IRFC,2026-07-14,89.6000,89.6000,88.9300,88.9600,1141737.0000,89.1628,89.0600,88.5100,88.7200,88.6900,,,,,,,,,315.0000,,,,,,,,yahoo
ITC,2026-07-14,279.2500,280.6000,278.6500,279.5000,577092.0000,279.8562,279.7000,275.1500,275.2500,275.3000,,,,,,,,,75.0000,115.0000,155.0000,280.0000,325.0000,,,,yahoo
JINDALSTEL,2026-07-14,1026.7000,1045.0000,1026.7000,1039.1000,157475.0000,1040.6440,1049.9000,1030.0000,1039.1000,1040.0000,45.0000,50.0000,75.0000,,,,,,15.0000,15.0000,,,,,,,yahoo
JIOFIN,2026-07-14,239.6500,239.7000,237.7500,237.9100,1270040.0000,238.8340,238.4000,235.2400,236.0600,235.9700,,,,,,,,,120.0000,235.0000,280.0000,,,,,,yahoo
JSWSTEEL,2026-07-14,1229.8000,1253.7000,1229.8000,1246.4000,119012.0000,1246.0848,1252.0000,1240.1000,1248.5000,1244.1000,,,,,,,,,20.0000,,,,,,,,yahoo
KOTAKBANK,2026-07-14,382.6500,382.6500,379.6000,380.0500,471260.0000,380.9447,380.2000,376.1000,378.8000,378.0500,,,,,,,,,35.0000,180.0000,230.0000,,,,,,yahoo
LODHA,2026-07-14,1185.7500,1187.7000,1160.0000,1161.8000,302625.0000,1167.1564,1165.5000,1145.6500,1149.1500,1147.2500,,,,,,,,,45.0000,155.0000,195.0000,315.0000,,,,,yahoo
LT,2026-07-14,3889.6001,3889.6001,3860.3000,3874.8000,223148.0000,3878.8803,3877.0000,3844.7000,3849.2000,3846.0000,,,,,,,,,160.0000,230.0000,,,,,,,yahoo
LTM,2026-07-14,4155.1001,4209.6001,4119.2998,4137.7002,160926.0000,4176.6134,4157.3999,4059.3999,4060.3000,4060.5000,,,,,,,,,25.0000,65.0000,225.0000,250.0000,300.0000,,,,yahoo
M&M,2026-07-14,3121.8000,3129.8999,3097.3000,3100.3999,264661.0000,3105.0004,3114.2000,3083.0000,3094.2000,3095.0000,,,,,,,,,305.0000,,,,,,,,yahoo
MARUTI,2026-07-14,13601.0000,13683.0000,13567.0000,13583.0000,19144.0000,13606.7803,13598.0000,13476.0000,13498.0000,13489.0000,,,,,,,,,65.0000,320.0000,,,,,,,yahoo
MAXHEALTH,2026-07-14,1099.7000,1120.6000,1099.7000,1108.9000,216328.0000,1113.6861,1112.0000,1092.3000,1094.8000,1092.3000,,,,,,,,,55.0000,165.0000,165.0000,195.0000,,,,,yahoo
MAZDOCK,2026-07-14,2380.0000,2385.8000,2362.2000,2365.5000,98745.0000,2369.0760,2372.3999,2351.1001,2359.7000,2359.8999,,,,,,,,,290.0000,,,,,,,,yahoo
MOTHERSON,2026-07-14,143.2500,143.3500,141.4100,142.2500,997022.0000,142.1423,142.4400,141.4200,142.0500,142.0600,,,,,,,,,45.0000,,,,,,,,yahoo
MUTHOOTFIN,2026-07-14,3023.8000,3023.8000,2985.8000,2992.0000,52527.0000,2995.9993,3024.6001,2979.6001,3015.0000,3018.0000,50.0000,100.0000,220.0000,,,,,,,,,,,,,,yahoo
NESTLEIND,2026-07-14,1425.0000,1448.5000,1425.0000,1442.0000,195292.0000,1442.9964,1441.8000,1423.5000,1426.3000,1422.0000,,,,,,,,,35.0000,75.0000,230.0000,245.0000,,,,,yahoo
NTPC,2026-07-14,350.0000,353.8500,349.1000,353.1000,538447.0000,353.2457,353.1000,347.5500,348.2000,348.7000,,,,,,,,,20.0000,45.0000,110.0000,275.0000,305.0000,,,,yahoo
ONGC,2026-07-14,251.4800,251.7500,249.6500,250.3600,1349439.0000,250.4308,250.3600,247.3000,249.0100,248.9000,,,,,,,,,25.0000,75.0000,100.0000,,,,,,yahoo
PFC,2026-07-14,402.5000,406.3000,400.5000,405.6000,303023.0000,404.3732,409.7000,404.2500,408.8500,409.0000,65.0000,80.0000,325.0000,,,,,,,,,,,,,,yahoo
PIDILITIND,2026-07-14,1556.5000,1572.8000,1556.5000,1565.1000,22032.0000,1568.0355,1565.6000,1548.0000,1553.0000,1555.4000,,,,,,,,,35.0000,35.0000,40.0000,,,,,,yahoo
PNB,2026-07-14,106.0000,106.2900,104.9300,105.0700,1097421.0000,105.4117,105.4400,104.6300,105.0500,105.0500,,,,,,,,,,,,,,,,,yahoo
POWERGRID,2026-07-14,283.2000,285.4000,282.8000,284.5500,293168.0000,284.7949,286.8500,282.6000,285.8000,285.3000,320.0000,325.0000,,,,,,,45.0000,,,,,,,,yahoo
RECLTD,2026-07-14,349.0000,350.3500,347.0000,350.0000,241231.0000,349.4053,353.5500,347.4500,352.2000,352.3500,290.0000,320.0000,325.0000,,,,,,5.0000,,,,,,,,yahoo
RELIANCE,2026-07-14,1290.3000,1298.6000,1290.3000,1297.2000,984257.0000,1296.7491,1308.0000,1290.0000,1294.3000,1293.0000,65.0000,75.0000,,,,,,,295.0000,,,,,,,,yahoo
SBILIFE,2026-07-14,1844.9000,1852.5000,1836.6000,1840.8000,44618.0000,1847.4739,1846.7000,1829.9000,1842.2000,1840.3000,,,,,,,,,15.0000,,,,,,,,yahoo
SBIN,2026-07-14,1032.2000,1033.3000,1024.0000,1025.2000,721256.0000,1027.2603,1026.1000,1011.6000,1016.0000,1013.4000,,,,,,,,,20.0000,235.0000,305.0000,310.0000,,,,,yahoo
SHREECEM,2026-07-14,26250.0000,26295.0000,26075.0000,26115.0000,536.0000,26167.1455,26295.0000,26020.0000,26260.0000,26280.0000,50.0000,,,,,,,,,,,,,,,,yahoo
SHRIRAMFIN,2026-07-14,1030.5000,1030.5000,1007.0000,1009.5000,1343904.0000,1016.4196,1030.5000,1007.4000,1014.1000,1013.0000,20.0000,60.0000,70.0000,70.0000,80.0000,110.0000,,,,,,,,,,,yahoo
SIEMENS,2026-07-14,3473.3000,3473.3000,3438.0000,3438.0000,22590.0000,3450.1654,3512.8999,3437.0000,3507.7000,3510.3000,5.0000,5.0000,80.0000,80.0000,80.0000,320.0000,,,,,,,,,,,yahoo
SOLARINDS,2026-07-14,18108.0000,18108.0000,17975.0000,18050.0000,9114.0000,18034.2345,18317.0000,17984.0000,18292.0000,18300.0000,70.0000,80.0000,95.0000,260.0000,,,,,,,,,,,,,yahoo
SUNPHARMA,2026-07-14,1916.0000,1939.2000,1916.0000,1935.9000,97686.0000,1935.4033,1950.6000,1927.4000,1944.7000,1942.6000,150.0000,285.0000,,,,,,,,,,,,,,,yahoo
TATACAP,2026-07-14,359.0000,359.2500,354.0000,354.4000,134861.0000,355.7805,358.3500,353.6000,355.9000,356.1000,115.0000,205.0000,220.0000,,,,,,,,,,,,,,yahoo
TATACONSUM,2026-07-14,1095.5000,1108.6000,1095.5000,1105.6000,45339.0000,1105.2632,1108.5000,1090.0000,1096.8000,1096.0000,,,,,,,,,35.0000,55.0000,140.0000,150.0000,,,,,yahoo
TATAPOWER,2026-07-14,375.2500,378.8500,375.0500,377.0000,210845.0000,377.6542,378.5000,374.5500,377.4000,377.5000,,,,,,,,,165.0000,,,,,,,,yahoo
TATASTEEL,2026-07-14,187.1000,189.3700,187.0000,188.7800,2552590.0000,188.6461,190.3500,187.5100,188.4400,188.7000,50.0000,105.0000,,,,,,,15.0000,,,,,,,,yahoo
TCS,2026-07-14,2185.0000,2226.8000,2179.1001,2201.3000,1748916.0000,2213.4433,2213.8000,2182.0000,2200.2000,2197.0000,50.0000,,,,,,,,35.0000,150.0000,,,,,,,yahoo
TECHM,2026-07-14,1509.0000,1519.9000,1500.4000,1508.6000,257218.0000,1512.3679,1517.0000,1482.7000,1483.6000,1484.0000,50.0000,,,,,,,,25.0000,150.0000,180.0000,235.0000,290.0000,,,,yahoo
TITAN,2026-07-14,4574.8999,4599.0000,4559.6001,4581.1001,34009.0000,4585.8449,4585.1001,4564.2002,4574.2998,4573.7002,,,,,,,,,,,,,,,,,yahoo
TMCV,2026-07-14,418.7000,421.3500,416.0000,418.5000,777962.0000,419.8941,420.2000,414.2500,417.0000,417.0000,,,,,,,,,15.0000,15.0000,15.0000,,,,,,yahoo
TMPV,2026-07-14,340.1000,340.7500,337.0000,337.5500,700957.0000,338.4254,337.5000,333.0500,333.3000,333.0500,,,,,,,,,15.0000,135.0000,165.0000,265.0000,,,,,yahoo
TORNTPHARM,2026-07-14,4938.0000,4998.1001,4938.0000,4994.0000,72813.0000,4984.9902,5010.0000,4961.0000,4974.0000,4974.0000,,,,,,,,,25.0000,,,,,,,,yahoo
TRENT,2026-07-14,2899.5000,2899.5000,2871.5000,2880.8999,77174.0000,2878.6544,2888.0000,2855.7000,2869.8999,2866.0000,,,,,,,,,165.0000,210.0000,,,,,,,yahoo
TVSMOTOR,2026-07-14,3641.0000,3655.0000,3609.5000,3610.8999,36810.0000,3625.0007,3612.5000,3590.0000,3606.3999,3610.0000,,,,,,,,,35.0000,,,,,,,,yahoo
ULTRACEMCO,2026-07-14,11407.0000,11441.0000,11360.0000,11397.0000,37310.0000,11389.8144,11542.0000,11378.0000,11487.0000,11458.0000,40.0000,70.0000,80.0000,100.0000,,,,,,,,,,,,,yahoo
UNIONBANK,2026-07-14,169.7500,171.4200,168.1000,168.7300,916704.0000,168.9160,171.2800,167.1800,170.5600,170.8500,185.0000,185.0000,185.0000,225.0000,315.0000,,,,15.0000,15.0000,,,,,,,yahoo
UNITDSPR,2026-07-14,1367.4000,1385.8000,1367.4000,1379.9000,28108.0000,1381.9611,1390.6000,1372.2000,1386.5000,1388.8000,100.0000,100.0000,,,,,,,35.0000,,,,,,,,yahoo
VBL,2026-07-14,466.4500,474.0000,466.4000,473.8000,817012.0000,472.7625,473.7000,466.1500,470.4000,471.0000,,,,,,,,,10.0000,25.0000,45.0000,75.0000,125.0000,,,,yahoo
VEDL,2026-07-14,269.6500,270.6500,268.6000,269.6500,1255240.0000,269.8867,269.6500,266.3500,267.5500,267.7000,,,,,,,,,15.0000,20.0000,20.0000,,,,,,yahoo
WIPRO,2026-07-14,178.4800,180.5000,178.3500,178.6800,3134347.0000,179.7138,179.2000,176.7100,177.2400,176.8900,,,,,,,,,85.0000,175.0000,305.0000,,,,,,yahoo
ZYDUSLIFE,2026-07-14,1127.1000,1139.8000,1127.1000,1139.8000,36508.0000,1137.2896,1151.7000,1129.6000,1133.5000,1133.6000,100.0000,105.0000,110.0000,,,,,,25.0000,40.0000,,,,,,,yahoo
ABB,2026-07-15,6938.5000,7011.5000,6938.0000,6972.0000,42017.0000,6974.3643,7270.0000,6960.0000,7217.0000,7204.5000,10.0000,15.0000,15.0000,70.0000,75.0000,75.0000,80.0000,85.0000,,,,,,,,,yahoo
ADANIENSOL,2026-07-15,1701.9000,1703.0000,1685.5000,1695.1000,251557.0000,1694.5487,1696.0000,1666.4000,1674.7000,1678.0000,,,,,,,,,25.0000,30.0000,45.0000,195.0000,195.0000,,,,yahoo
ADANIENT,2026-07-15,3196.0000,3199.6001,3176.3999,3193.1001,156699.0000,3187.4279,3198.5000,3143.1001,3150.8999,3157.8999,,,,,,,,,110.0000,125.0000,195.0000,195.0000,240.0000,,,,yahoo
ADANIGREEN,2026-07-15,1605.5000,1610.0000,1587.3000,1590.7000,439332.0000,1596.5446,1593.7000,1547.3000,1553.9000,1564.8000,,,,,,,,,25.0000,30.0000,125.0000,135.0000,150.0000,195.0000,250.0000,,yahoo
ADANIPORTS,2026-07-15,1826.0000,1837.5000,1826.0000,1832.8000,169907.0000,1832.5830,1837.5000,1817.2000,1828.8000,1830.6000,,,,,,,,,195.0000,195.0000,,,,,,,yahoo
ADANIPOWER,2026-07-15,227.5600,228.3700,222.4500,222.8100,4261085.0000,223.3835,224.6400,218.0600,219.1000,219.5000,65.0000,70.0000,,,,,,,30.0000,110.0000,135.0000,150.0000,150.0000,205.0000,,,yahoo
AMBUJACEM,2026-07-15,430.0000,433.8500,430.0000,432.3500,71161.0000,432.5253,439.9000,432.3000,434.8000,435.6000,35.0000,50.0000,50.0000,50.0000,85.0000,,,,,,,,,,,,yahoo
APOLLOHOSP,2026-07-15,8937.5000,8994.5000,8914.5000,8983.5000,82987.0000,8970.7684,9009.0000,8922.0000,8930.0000,8936.0000,,,,,,,,,90.0000,,,,,,,,yahoo
ASIANPAINT,2026-07-15,2654.1001,2680.2000,2654.1001,2671.8999,85474.0000,2670.9963,2684.0000,2655.0000,2668.2000,2671.0000,,,,,,,,,195.0000,,,,,,,,yahoo
AXISBANK,2026-07-15,1326.0000,1347.1000,1323.6000,1339.9000,2821986.0000,1338.5679,1347.8000,1303.4000,1312.4000,1312.3000,105.0000,,,,,,,,85.0000,115.0000,115.0000,120.0000,120.0000,120.0000,250.0000,,yahoo
BAJAJ-AUTO,2026-07-15,10208.0000,10368.5000,10201.5000,10341.0000,56496.0000,10334.1694,10365.0000,10241.5000,10333.5000,10320.0000,,,,,,,,,15.0000,20.0000,,,,,,,yahoo
BAJAJFINSV,2026-07-15,1875.0000,1890.0000,1874.8000,1889.1000,80763.0000,1885.6037,1891.6000,1843.4000,1847.8000,1850.8000,,,,,,,,,20.0000,70.0000,120.0000,125.0000,170.0000,195.0000,,,yahoo
BAJAJHLDNG,2026-07-15,10480.0000,10530.0000,10480.0000,10500.0000,4166.0000,10501.4625,10556.0000,10473.0000,10537.0000,10531.0000,90.0000,,,,,,,,,,,,,,,,yahoo
BAJFINANCE,2026-07-15,1007.5000,1037.2000,1007.5000,1031.7000,1236505.0000,1028.9614,1032.7000,1017.3000,1021.7000,1020.1000,,,,,,,,,20.0000,55.0000,195.0000,195.0000,,,,,yahoo
BANKBARODA,2026-07-15,247.5000,249.1500,247.3000,248.4000,1060130.0000,248.3645,250.2500,247.0000,248.3000,248.0000,150.0000,,,,,,,,210.0000,,,,,,,,yahoo
BEL,2026-07-15,409.5000,412.6500,409.2000,412.5500,778077.0000,411.1986,414.2500,408.4000,410.7000,411.1500,,,,,,,,,160.0000,195.0000,195.0000,,,,,,yahoo
BHARTIARTL,2026-07-15,1946.3000,1950.7000,1934.1000,1937.0000,405284.0000,1940.4222,1941.9000,1916.6000,1918.3000,1917.5000,,,,,,,,,185.0000,195.0000,320.0000,,,,,,yahoo
BOSCHLTD,2026-07-15,41475.0000,41940.0000,41475.0000,41885.0000,1639.0000,41890.1352,42030.0000,41375.0000,41475.0000,41445.0000,,,,,,,,,130.0000,165.0000,230.0000,,,,,,yahoo
BPCL,2026-07-15,306.6500,309.3500,306.6500,309.3000,1184651.0000,308.2130,311.1000,308.7500,309.2000,310.0500,150.0000,,,,,,,,,,,,,,,,yahoo
BRITANNIA,2026-07-15,5324.0000,5329.0000,5278.0000,5320.5000,14005.0000,5307.4782,5345.0000,5274.5000,5306.5000,5315.5000,,,,,,,,,125.0000,255.0000,,,,,,,yahoo
CANBK,2026-07-15,126.4600,127.4300,126.2600,127.1300,2783658.0000,126.9518,128.1100,126.2600,126.4600,126.4500,155.0000,155.0000,,,,,,,210.0000,,,,,,,,yahoo
CGPOWER,2026-07-15,918.2000,928.8500,917.2500,920.9500,383941.0000,921.6566,937.8500,915.6000,929.4500,930.0500,55.0000,65.0000,120.0000,145.0000,265.0000,,,,30.0000,,,,,,,,yahoo
CHOLAFIN,2026-07-15,1782.0000,1820.9000,1782.0000,1815.6000,396005.0000,1814.1342,1827.9000,1798.8000,1799.4000,1803.9000,5.0000,,,,,,,,195.0000,265.0000,,,,,,,yahoo
CIPLA,2026-07-15,1444.3000,1452.9000,1438.5000,1439.0000,97352.0000,1446.0005,1452.5000,1435.1000,1438.9000,1438.0000,130.0000,130.0000,,,,,,,,,,,,,,,yahoo
COALINDIA,2026-07-15,431.1000,432.4000,428.6000,429.3000,402947.0000,430.0488,430.1000,426.6500,427.6500,427.6000,,,,,,,,,195.0000,,,,,,,,yahoo
CUMMINSIND,2026-07-15,5521.5000,5577.0000,5517.5000,5544.0000,69718.0000,5546.6922,5601.5000,5512.5000,5534.5000,5549.5000,110.0000,120.0000,220.0000,,,,,,50.0000,,,,,,,,yahoo
DIVISLAB,2026-07-15,7269.5000,7323.5000,7243.0000,7312.0000,99572.0000,7310.3427,7325.0000,7243.5000,7246.5000,7273.0000,,,,,,,,,5.0000,320.0000,,,,,,,yahoo
DLF,2026-07-15,672.9000,681.4000,672.7500,681.1000,368822.0000,677.9580,681.3000,657.0000,657.1000,658.0000,,,,,,,,,15.0000,45.0000,55.0000,125.0000,135.0000,160.0000,180.0000,200.0000,yahoo
DMART,2026-07-15,3920.0000,3920.0000,3888.6001,3906.7000,36853.0000,3907.2910,3940.0000,3904.6001,3926.5000,3931.0000,45.0000,280.0000,,,,,,,,,,,,,,,yahoo
DRREDDY,2026-07-15,1245.8000,1246.6000,1236.0000,1236.8000,121476.0000,1238.6490,1240.0000,1227.1000,1228.9000,1229.6000,,,,,,,,,90.0000,100.0000,,,,,,,yahoo
EICHERMOT,2026-07-15,7310.0000,7427.5000,7300.5000,7396.0000,206254.0000,7371.7397,7418.0000,7366.0000,7408.5000,7404.5000,,,,,,,,,,,,,,,,,yahoo
ENRIN,2026-07-15,3412.8000,3444.0000,3399.3999,3431.7000,32695.0000,3428.7971,3508.0000,3414.8000,3500.7000,3500.0000,75.0000,80.0000,85.0000,260.0000,260.0000,285.0000,,,,,,,,,,,yahoo
ETERNAL,2026-07-15,285.4000,290.9500,283.4500,289.2000,5691367.0000,288.8801,296.4000,287.3500,294.6000,294.2500,50.0000,55.0000,60.0000,85.0000,105.0000,150.0000,,,15.0000,,,,,,,,yahoo
GAIL,2026-07-15,170.8100,172.9300,170.8100,172.6100,548912.0000,172.0589,174.9500,172.6300,173.2200,173.0100,35.0000,65.0000,70.0000,130.0000,,,,,,,,,,,,,yahoo
GODREJCP,2026-07-15,1061.5000,1062.7000,1056.0000,1057.6000,29773.0000,1058.1979,1064.7000,1050.3000,1053.0000,1052.7000,55.0000,,,,,,,,195.0000,,,,,,,,yahoo
GRASIM,2026-07-15,3124.0000,3147.8999,3118.1001,3131.7000,204539.0000,3133.1832,3133.2000,3080.3000,3087.8999,3086.1001,,,,,,,,,20.0000,175.0000,195.0000,195.0000,305.0000,,,,yahoo
HAL,2026-07-15,4448.8999,4475.0000,4443.2002,4473.1001,71301.0000,4460.6142,4486.0000,4415.1001,4422.7002,4421.5000,,,,,,,,,30.0000,150.0000,175.0000,195.0000,,,,,yahoo
HCLTECH,2026-07-15,1156.0000,1180.4000,1145.0000,1173.7000,1103351.0000,1165.0915,1180.7000,1160.0000,1167.9000,1167.1000,30.0000,,,,,,,,90.0000,195.0000,195.0000,,,,,,yahoo
HDFCAMC,2026-07-15,2679.1001,2704.8000,2679.1001,2701.1001,175984.0000,2696.5496,2763.2000,2682.0000,2712.1001,2725.5000,105.0000,320.0000,320.0000,320.0000,320.0000,320.0000,,,195.0000,,,,,,,,yahoo
HDFCBANK,2026-07-15,811.0000,816.6500,809.9000,815.6500,2388039.0000,814.0837,819.7000,810.2000,815.8000,815.0000,,,,,,,,,195.0000,,,,,,,,yahoo
HDFCLIFE,2026-07-15,558.0000,567.7500,558.0000,567.7500,567390.0000,564.8832,575.0000,559.3000,568.1500,567.2000,40.0000,275.0000,275.0000,275.0000,,,,,175.0000,195.0000,240.0000,240.0000,,,,,yahoo
HINDALCO,2026-07-15,971.9000,975.0000,962.3000,963.5000,941931.0000,967.4717,966.9000,954.7500,955.6000,953.5000,,,,,,,,,195.0000,325.0000,,,,,,,yahoo
HINDUNILVR,2026-07-15,2122.0000,2125.8999,2107.5000,2108.1001,112348.0000,2114.8094,2114.8999,2091.0000,2103.1001,2102.1001,,,,,,,,,180.0000,195.0000,,,,,,,yahoo
HINDZINC,2026-07-15,531.3000,536.3500,531.3000,532.4500,468766.0000,534.0545,535.2500,527.3000,527.7000,528.0000,105.0000,,,,,,,,280.0000,300.0000,,,,,,,yahoo
HYUNDAI,2026-07-15,1999.0000,2043.0000,1996.8000,2038.6000,501389.0000,2032.3612,2043.6000,2000.1000,2003.0000,2004.0000,,,,,,,,,20.0000,25.0000,180.0000,195.0000,195.0000,,,,yahoo
ICICIBANK,2026-07-15,1412.3000,1427.5000,1411.2000,1424.3000,593528.0000,1424.0743,1428.0000,1409.9000,1417.1000,1411.1000,,,,,,,,,190.0000,195.0000,195.0000,,,,,,yahoo
INDHOTEL,2026-07-15,732.8500,741.4500,732.8500,738.2500,127070.0000,737.7225,746.5000,736.7500,743.2000,743.2000,45.0000,45.0000,265.0000,,,,,,,,,,,,,,yahoo
INDIGO,2026-07-15,5125.0000,5205.5000,5125.0000,5202.5000,65314.0000,5196.0567,5225.5000,5152.5000,5174.0000,5171.0000,,,,,,,,,200.0000,200.0000,,,,,,,yahoo
INFY,2026-07-15,1078.5000,1088.0000,1074.0000,1081.0000,2339382.0000,1080.3538,1087.5000,1073.1000,1076.0000,1076.3000,35.0000,,,,,,,,55.0000,,,,,,,,yahoo
IOC,2026-07-15,137.1600,138.7300,137.1600,138.2700,2243612.0000,138.2425,140.4400,138.2100,140.3300,140.0100,70.0000,105.0000,105.0000,125.0000,295.0000,,,,,,,,,,,,yahoo
IRFC,2026-07-15,88.8400,89.6900,88.8400,89.5000,1273232.0000,89.3143,89.9900,88.6200,88.8700,88.7500,35.0000,,,,,,,,170.0000,195.0000,,,,,,,yahoo
ITC,2026-07-15,276.6000,276.8500,275.7000,276.2500,1465614.0000,276.3573,277.7000,275.3000,276.3500,276.6500,25.0000,,,,,,,,,,,,,,,,yahoo
JINDALSTEL,2026-07-15,1045.3000,1046.9000,1038.2000,1042.6000,76502.0000,1042.8630,1050.2000,1040.2000,1042.1000,1042.0000,10.0000,,,,,,,,,,,,,,,,yahoo
JIOFIN,2026-07-15,237.2500,238.2900,236.7200,237.8400,1533403.0000,237.7757,238.4900,235.3800,236.4000,236.7200,,,,,,,,,190.0000,195.0000,195.0000,,,,,,yahoo
JSWSTEEL,2026-07-15,1250.6000,1252.1000,1242.1000,1245.4000,77030.0000,1246.7817,1248.7000,1224.9000,1227.9000,1226.9000,,,,,,,,,80.0000,125.0000,130.0000,195.0000,320.0000,,,,yahoo
KOTAKBANK,2026-07-15,380.6000,382.8000,379.0500,380.7000,628366.0000,381.2807,381.4500,376.3000,378.4500,378.4500,,,,,,,,,105.0000,195.0000,195.0000,,,,,,yahoo
LODHA,2026-07-15,1151.2500,1178.9000,1151.2500,1170.4000,351969.0000,1170.8381,1178.2000,1152.0000,1160.6000,1162.4000,85.0000,,,,,,,,60.0000,140.0000,175.0000,195.0000,230.0000,,,,yahoo
LT,2026-07-15,3859.2000,3863.5000,3842.0000,3850.0000,203648.0000,3852.5266,3850.3999,3778.7000,3779.8000,3792.0000,,,,,,,,,110.0000,160.0000,195.0000,250.0000,285.0000,,,,yahoo
LTM,2026-07-15,4055.3999,4084.8999,4009.8000,4073.1001,93622.0000,4048.7147,4098.7998,4038.0000,4051.7000,4050.8999,10.0000,,,,,,,,55.0000,195.0000,,,,,,,yahoo
M&M,2026-07-15,3088.8000,3119.8999,3088.0000,3114.1001,407997.0000,3105.8722,3116.7000,3079.3999,3080.8999,3087.0000,,,,,,,,,45.0000,195.0000,195.0000,,,,,,yahoo
MARUTI,2026-07-15,13539.0000,13566.0000,13454.0000,13559.0000,37115.0000,13526.0964,13605.0000,13438.0000,13586.0000,13583.0000,,,,,,,,,25.0000,90.0000,,,,,,,yahoo
MAXHEALTH,2026-07-15,1093.5000,1103.0000,1092.7000,1101.2000,123020.0000,1097.3032,1111.9000,1086.8000,1103.9000,1108.9000,20.0000,20.0000,,,,,,,205.0000,275.0000,280.0000,290.0000,,,,,yahoo
MAZDOCK,2026-07-15,2373.0000,2384.7000,2366.0000,2380.3999,111917.0000,2374.9178,2402.5000,2358.3000,2366.7000,2365.1001,5.0000,5.0000,,,,,,,180.0000,195.0000,,,,,,,yahoo
MOTHERSON,2026-07-15,142.9100,144.3500,142.8600,144.0900,1768226.0000,143.5322,144.2500,141.7100,142.1100,141.6300,,,,,,,,,20.0000,20.0000,20.0000,40.0000,80.0000,,,,yahoo
MUTHOOTFIN,2026-07-15,3039.0000,3069.7000,3034.3999,3034.8999,67433.0000,3053.0909,3036.3000,2985.8000,3015.1001,3016.2000,,,,,,,,,40.0000,40.0000,55.0000,200.0000,260.0000,,,,yahoo
NESTLEIND,2026-07-15,1433.6000,1435.6000,1425.6000,1428.1000,81841.0000,1429.4688,1441.9000,1424.7000,1424.7000,1424.4000,40.0000,50.0000,,,,,,,,,,,,,,,yahoo
NTPC,2026-07-15,347.0500,348.2000,346.3000,346.6500,811160.0000,347.1602,348.2000,343.0500,344.5500,344.2000,,,,,,,,,195.0000,195.0000,250.0000,,,,,,yahoo
ONGC,2026-07-15,249.0100,249.4400,247.7500,248.3400,677864.0000,248.2894,248.9000,246.3000,247.1300,247.1000,,,,,,,,,130.0000,195.0000,,,,,,,yahoo
PFC,2026-07-15,412.0000,412.3500,410.5000,411.9500,296896.0000,411.4667,412.8000,404.7000,405.8500,405.4000,,,,,,,,,95.0000,120.0000,130.0000,160.0000,195.0000,,,,yahoo
PIDILITIND,2026-07-15,1567.9000,1592.5000,1567.9000,1585.0000,146654.0000,1582.4981,1597.1000,1567.2000,1568.0000,1568.8000,115.0000,120.0000,,,,,,,195.0000,230.0000,310.0000,,,,,,yahoo
PNB,2026-07-15,105.5900,106.1400,104.9100,105.8800,1533480.0000,105.8635,106.9300,105.4600,105.7200,105.6900,15.0000,155.0000,,,,,,,,,,,,,,,yahoo
POWERGRID,2026-07-15,286.8000,286.8000,283.9000,284.1500,302518.0000,284.5088,285.3000,279.0500,280.8500,280.5500,,,,,,,,,40.0000,130.0000,140.0000,140.0000,175.0000,,,,yahoo
RECLTD,2026-07-15,354.8000,355.8500,353.8000,355.6000,156988.0000,354.8060,356.2500,350.8000,351.8000,351.7000,,,,,,,,,130.0000,170.0000,195.0000,215.0000,,,,,yahoo
RELIANCE,2026-07-15,1295.5000,1310.2000,1295.5000,1302.2000,1024525.0000,1304.3430,1306.9000,1294.2000,1294.9000,1296.2000,,,,,,,,,195.0000,,,,,,,,yahoo
SBILIFE,2026-07-15,1845.9000,1878.0000,1840.4000,1878.0000,113390.0000,1865.1756,1879.6000,1845.8000,1866.5000,1866.4000,,,,,,,,,80.0000,90.0000,165.0000,195.0000,195.0000,,,,yahoo
SBIN,2026-07-15,1016.1000,1034.9000,1014.0000,1030.2000,2384903.0000,1026.9925,1035.9000,1021.0000,1030.5000,1030.9000,15.0000,,,,,,,,140.0000,230.0000,,,,,,,yahoo
SHREECEM,2026-07-15,26285.0000,26630.0000,26285.0000,26545.0000,586.0000,26555.9158,27045.0000,26505.0000,26935.0000,26925.0000,35.0000,35.0000,40.0000,45.0000,50.0000,,,,,,,,,,,,yahoo
SHRIRAMFIN,2026-07-15,1032.0000,1048.0000,1027.4000,1046.0000,1850325.0000,1041.1536,1048.8000,1028.8000,1032.5000,1032.1000,,,,,,,,,20.0000,145.0000,175.0000,195.0000,235.0000,,,,yahoo
SIEMENS,2026-07-15,3530.8999,3570.0000,3528.7000,3556.0000,41577.0000,3549.7643,3608.0000,3538.3999,3582.5000,3579.8999,80.0000,80.0000,85.0000,85.0000,,,,,,,,,,,,,yahoo
SOLARINDS,2026-07-15,18306.0000,18568.0000,18306.0000,18535.0000,20944.0000,18463.1443,18698.0000,18252.0000,18266.0000,18313.0000,45.0000,45.0000,,,,,,,10.0000,25.0000,195.0000,195.0000,320.0000,,,,yahoo
SUNPHARMA,2026-07-15,1952.0000,1954.2000,1943.6000,1949.4000,169678.0000,1948.9714,1962.7000,1947.4000,1950.7000,1953.0000,35.0000,,,,,,,,,,,,,,,,yahoo
TATACAP,2026-07-15,357.0500,357.9500,356.0500,356.9000,111812.0000,357.0517,361.0000,356.0500,357.8000,357.5000,90.0000,110.0000,150.0000,,,,,,,,,,,,,,yahoo
TATACONSUM,2026-07-15,1097.7000,1098.7000,1091.0000,1092.0000,63890.0000,1094.5150,1094.8000,1081.1000,1085.0000,1084.0000,,,,,,,,,115.0000,195.0000,,,,,,,yahoo
TATAPOWER,2026-07-15,377.6500,380.6500,377.4000,380.5000,587678.0000,379.4177,385.0000,379.4500,380.8500,380.5000,55.0000,60.0000,70.0000,,,,,,,,,,,,,,yahoo
TATASTEEL,2026-07-15,188.7500,189.3100,187.4700,188.2400,2264472.0000,187.9570,188.8700,184.8100,185.4000,185.2400,,,,,,,,,195.0000,300.0000,300.0000,300.0000,300.0000,,,,yahoo
TCS,2026-07-15,2165.2000,2187.0000,2146.0000,2172.8999,1277772.0000,2168.3493,2202.1001,2170.8000,2188.1001,2189.2000,30.0000,30.0000,30.0000,35.0000,,,,,,,,,,,,,yahoo
TECHM,2026-07-15,1460.2000,1482.6000,1453.7000,1472.0000,204844.0000,1474.4139,1506.5000,1470.5000,1495.4000,1498.7000,15.0000,30.0000,40.0000,100.0000,105.0000,270.0000,,,,,,,,,,,yahoo
TITAN,2026-07-15,4575.0000,4606.2998,4575.0000,4590.0000,66667.0000,4593.1546,4605.0000,4572.0000,4578.3999,4579.3999,,,,,,,,,,,,,,,,,yahoo
TMCV,2026-07-15,419.9000,424.4000,419.9000,420.6500,461137.0000,420.5152,430.4500,420.3000,423.7500,422.0000,35.0000,40.0000,45.0000,55.0000,80.0000,120.0000,,,,,,,,,,,yahoo
TMPV,2026-07-15,334.8000,334.8500,332.7500,334.1500,940963.0000,334.1961,334.5000,331.0000,332.6500,333.0000,,,,,,,,,195.0000,195.0000,,,,,,,yahoo
TORNTPHARM,2026-07-15,4950.0000,4962.5000,4918.1001,4930.0000,57551.0000,4938.6334,5024.0000,4927.1001,5017.2998,5017.7998,20.0000,80.0000,150.0000,150.0000,195.0000,,,,,,,,,,,,yahoo
TRENT,2026-07-15,2879.6001,2897.0000,2873.1001,2889.0000,76076.0000,2890.8225,2889.5000,2857.3999,2868.0000,2870.8999,,,,,,,,,35.0000,190.0000,195.0000,,,,,,yahoo
TVSMOTOR,2026-07-15,3607.7000,3649.8000,3600.8000,3633.3000,90953.0000,3626.3333,3637.8000,3582.5000,3604.5000,3612.3000,,,,,,,,,20.0000,25.0000,165.0000,195.0000,,,,,yahoo
ULTRACEMCO,2026-07-15,11532.0000,11677.0000,11532.0000,11654.0000,21483.0000,11646.7445,11855.0000,11635.0000,11813.0000,11833.0000,40.0000,40.0000,50.0000,50.0000,50.0000,,,,,,,,,,,,yahoo
UNIONBANK,2026-07-15,171.8500,172.9000,170.8600,172.1000,1907476.0000,172.1607,177.4100,169.0000,172.7400,172.3800,5.0000,5.0000,150.0000,150.0000,150.0000,150.0000,150.0000,155.0000,160.0000,160.0000,160.0000,160.0000,160.0000,,,,yahoo
UNITDSPR,2026-07-15,1393.2000,1394.0000,1386.7000,1388.2000,37815.0000,1389.4694,1394.9000,1371.2000,1372.9000,1373.4000,,,,,,,,,190.0000,195.0000,240.0000,,,,,,yahoo
VBL,2026-07-15,470.9500,472.1000,468.3500,468.6500,341259.0000,469.4522,470.6000,463.2500,464.0000,464.6000,,,,,,,,,20.0000,20.0000,240.0000,,,,,,yahoo
VEDL,2026-07-15,268.7000,271.3000,268.0500,268.6500,2056753.0000,269.2907,268.7500,260.3000,260.3500,260.6000,,,,,,,,,40.0000,45.0000,55.0000,75.0000,95.0000,130.0000,215.0000,325.0000,yahoo
WIPRO,2026-07-15,175.1200,176.4900,174.7000,175.7700,2533223.0000,175.6255,176.5900,174.5500,174.7000,174.6000,,,,,,,,,195.0000,,,,,,,,yahoo
ZYDUSLIFE,2026-07-15,1145.0000,1145.0000,1135.4000,1137.3000,55144.0000,1137.4615,1168.8000,1136.4000,1156.5000,1159.1000,10.0000,15.0000,20.0000,20.0000,25.0000,85.0000,125.0000,,,,,,,,,,yahoo
ABB,2026-07-16,7262.5000,7368.0000,7191.0000,7261.5000,71703.0000,7265.7068,7924.5000,7252.0000,7661.0000,7655.5000,15.0000,25.0000,25.0000,25.0000,60.0000,60.0000,60.0000,60.0000,,,,,,,,,yahoo
ADANIENSOL,2026-07-16,1690.6000,1701.4000,1685.6000,1693.0000,125489.0000,1692.7589,1743.6000,1688.3000,1688.5000,1690.0000,15.0000,20.0000,25.0000,45.0000,55.0000,60.0000,70.0000,,,,,,,,,,yahoo
ADANIENT,2026-07-16,3160.0000,3167.3999,3140.6001,3153.0000,110464.0000,3153.4734,3185.6001,3142.0000,3147.5000,3151.3999,30.0000,80.0000,80.0000,,,,,,,,,,,,,,yahoo
ADANIGREEN,2026-07-16,1567.0000,1567.1000,1543.4000,1551.0000,304902.0000,1551.5905,1585.8000,1543.6000,1543.6000,1543.0000,15.0000,30.0000,30.0000,55.0000,55.0000,70.0000,,,,,,,,,,,yahoo
ADANIPORTS,2026-07-16,1828.4000,1834.5000,1817.8000,1829.4000,111065.0000,1823.4178,1859.4000,1822.8000,1827.0000,1826.4000,60.0000,65.0000,65.0000,70.0000,95.0000,,,,,,,,,,,,yahoo
ADANIPOWER,2026-07-16,222.1200,222.1200,217.4400,218.6100,8627241.0000,219.0409,221.5500,216.3200,216.5300,216.5700,15.0000,20.0000,70.0000,80.0000,,,,,280.0000,300.0000,320.0000,,,,,,yahoo
AMBUJACEM,2026-07-16,438.0500,438.7500,435.2500,436.4000,279236.0000,436.6885,440.0000,432.7500,433.4500,433.5500,40.0000,60.0000,,,,,,,235.0000,330.0000,,,,,,,yahoo
APOLLOHOSP,2026-07-16,8929.0000,8935.5000,8894.0000,8917.5000,18067.0000,8912.6223,8918.0000,8857.5000,8887.0000,8888.0000,,,,,,,,,70.0000,,,,,,,,yahoo
ASIANPAINT,2026-07-16,2668.0000,2693.1001,2668.0000,2686.6001,27500.0000,2685.0059,2689.3999,2664.7000,2674.5000,2663.5000,,,,,,,,,155.0000,185.0000,,,,,,,yahoo
AXISBANK,2026-07-16,1312.6000,1313.4000,1303.6000,1307.5000,239596.0000,1306.4746,1310.5000,1299.4000,1308.0000,1307.6000,,,,,,,,,130.0000,,,,,,,,yahoo
BAJAJ-AUTO,2026-07-16,10320.0000,10395.0000,10307.5000,10333.5000,26147.0000,10354.2374,10376.5000,10281.5000,10330.0000,10314.0000,,,,,,,,,285.0000,,,,,,,,yahoo
BAJAJFINSV,2026-07-16,1845.0000,1851.1000,1838.4000,1841.0000,47327.0000,1843.4821,1855.5000,1828.7000,1837.1000,1830.0000,50.0000,80.0000,,,,,,,20.0000,,,,,,,,yahoo
BAJAJHLDNG,2026-07-16,10551.0000,10556.0000,10406.0000,10430.0000,3472.0000,10478.9116,10501.0000,10380.0000,10420.0000,10417.0000,65.0000,,,,,,,,,,,,,,,,yahoo
BAJFINANCE,2026-07-16,1023.6000,1033.7000,1021.6000,1033.7000,1078564.0000,1029.7912,1042.3000,1030.0000,1037.1000,1037.6000,95.0000,115.0000,,,,,,,,,,,,,,,yahoo
BANKBARODA,2026-07-16,248.6000,249.1500,247.9000,248.6000,329925.0000,248.5628,249.6000,247.2500,248.4000,248.3000,,,,,,,,,240.0000,,,,,,,,yahoo
BEL,2026-07-16,412.3000,412.5000,408.8500,410.0000,498817.0000,410.1895,411.5000,406.5500,407.2500,407.0000,,,,,,,,,220.0000,295.0000,,,,,,,yahoo
BHARTIARTL,2026-07-16,1927.8000,1929.6000,1917.0000,1929.6000,587288.0000,1925.0804,1935.9000,1917.9000,1920.6000,1921.8000,,,,,,,,,45.0000,,,,,,,,yahoo
BOSCHLTD,2026-07-16,41510.0000,41510.0000,41020.0000,41085.0000,1477.0000,41153.6369,41230.0000,41000.0000,41110.0000,41120.0000,,,,,,,,,,,,,,,,,yahoo
BPCL,2026-07-16,311.5000,318.2000,310.8000,317.4000,1814923.0000,315.2980,318.0000,311.5000,311.9500,312.7500,,,,,,,,,20.0000,25.0000,120.0000,130.0000,190.0000,,,,yahoo
BRITANNIA,2026-07-16,5309.5000,5352.0000,5296.0000,5313.0000,8726.0000,5329.2034,5367.0000,5296.0000,5313.0000,5301.0000,65.0000,70.0000,90.0000,,,,,,,,,,,,,,yahoo
CANBK,2026-07-16,126.9000,127.1000,126.2000,126.6200,1147028.0000,126.4468,127.0900,125.4000,125.9200,125.8100,,,,,,,,,130.0000,130.0000,,,,,,,yahoo
CGPOWER,2026-07-16,933.9500,934.9000,919.0000,920.4500,326707.0000,923.2221,954.8000,919.0000,920.8500,921.5000,10.0000,10.0000,25.0000,60.0000,60.0000,65.0000,65.0000,65.0000,,,,,,,,,yahoo
CHOLAFIN,2026-07-16,1811.0000,1813.2000,1795.0000,1804.2000,120636.0000,1801.9374,1810.8000,1786.8000,1789.1000,1789.1000,,,,,,,,,215.0000,235.0000,,,,,,,yahoo
CIPLA,2026-07-16,1439.6000,1442.0000,1434.1000,1437.3000,39462.0000,1437.8887,1443.0000,1428.1000,1429.1000,1430.0000,,,,,,,,,300.0000,,,,,,,,yahoo
COALINDIA,2026-07-16,428.3000,429.9000,427.0000,429.2000,545017.0000,428.6243,430.5000,426.1000,427.4500,427.4500,,,,,,,,,215.0000,,,,,,,,yahoo
CUMMINSIND,2026-07-16,5558.0000,5571.0000,5475.0000,5536.0000,34519.0000,5506.1485,5674.5000,5537.0000,5590.5000,5603.5000,25.0000,60.0000,60.0000,65.0000,65.0000,65.0000,155.0000,,,,,,,,,,yahoo
DIVISLAB,2026-07-16,7300.0000,7315.5000,7280.0000,7288.0000,23265.0000,7292.6287,7390.0000,7286.0000,7312.0000,7316.0000,40.0000,45.0000,50.0000,50.0000,,,,,,,,,,,,,yahoo
DLF,2026-07-16,658.4000,659.4000,647.5500,649.0000,554479.0000,650.6896,657.1500,646.7000,647.9500,648.7000,15.0000,40.0000,85.0000,95.0000,,,,,,,,,,,,,yahoo
DMART,2026-07-16,3939.7000,3963.3000,3931.1001,3959.7000,40870.0000,3948.7167,3985.8000,3948.0000,3950.6001,3951.0000,5.0000,,,,,,,,,,,,,,,,yahoo
DRREDDY,2026-07-16,1227.1000,1234.3000,1226.6000,1229.0000,98546.0000,1229.9822,1234.1000,1221.8000,1224.6000,1225.9000,,,,,,,,,305.0000,,,,,,,,yahoo
EICHERMOT,2026-07-16,7390.0000,7449.5000,7383.5000,7434.0000,87350.0000,7424.2185,7442.5000,7367.5000,7420.5000,7423.0000,,,,,,,,,80.0000,115.0000,,,,,,,yahoo
ENRIN,2026-07-16,3507.3000,3507.3000,3420.3999,3436.5000,57551.0000,3442.6150,3550.0000,3400.1001,3401.8999,3425.1001,10.0000,10.0000,65.0000,65.0000,65.0000,65.0000,70.0000,70.0000,285.0000,290.0000,320.0000,,,,,,yahoo
ETERNAL,2026-07-16,298.3000,298.3000,292.4500,293.2000,7387811.0000,294.6794,294.9500,286.0000,287.0000,285.6500,15.0000,,,,,,,,95.0000,105.0000,110.0000,110.0000,115.0000,115.0000,,,yahoo
GAIL,2026-07-16,172.8200,174.9000,172.8200,174.7400,664440.0000,174.2271,175.7300,171.6600,171.7500,171.2300,10.0000,,,,,,,,130.0000,135.0000,150.0000,205.0000,285.0000,,,,yahoo
GODREJCP,2026-07-16,1055.1000,1063.3000,1051.9000,1058.5000,26298.0000,1058.0964,1067.4000,1055.0000,1057.7000,1059.9000,65.0000,70.0000,,,,,,,,,,,,,,,yahoo
GRASIM,2026-07-16,3105.0000,3105.0000,3067.3000,3076.2000,39919.0000,3080.3475,3091.3999,3060.0000,3074.8999,3072.8999,,,,,,,,,240.0000,,,,,,,,yahoo
HAL,2026-07-16,4420.5000,4425.8999,4395.0000,4400.1001,61031.0000,4406.7213,4460.0000,4398.6001,4425.2002,4433.7998,15.0000,60.0000,60.0000,65.0000,,,,,,,,,,,,,yahoo
HCLTECH,2026-07-16,1175.5000,1199.9000,1175.5000,1192.6000,711526.0000,1194.8299,1204.0000,1186.1000,1186.2000,1188.0000,15.0000,15.0000,,,,,,,245.0000,,,,,,,,yahoo
HDFCAMC,2026-07-16,2729.0000,2729.0000,2590.0000,2603.3999,545622.0000,2626.4017,2627.5000,2593.1001,2600.8000,2601.0000,10.0000,10.0000,,,,,,,,,,,,,,,yahoo
HDFCBANK,2026-07-16,814.5000,816.9500,812.1500,813.5000,2548256.0000,814.4195,815.0000,806.7500,808.4500,808.4500,,,,,,,,,215.0000,235.0000,,,,,,,yahoo
HDFCLIFE,2026-07-16,584.2000,585.2500,557.0000,560.0500,1679075.0000,560.2987,569.5000,560.3500,567.3000,568.0000,5.0000,35.0000,75.0000,110.0000,110.0000,,,,,,,,,,,,yahoo
HINDALCO,2026-07-16,964.8000,968.7000,961.5500,964.9500,741975.0000,964.7064,969.7000,957.2000,959.3500,960.0000,,,,,,,,,235.0000,295.0000,,,,,,,yahoo
HINDUNILVR,2026-07-16,2104.0000,2119.8000,2100.0000,2114.3999,75210.0000,2114.4654,2123.0000,2096.2000,2097.5000,2098.3999,,,,,,,,,240.0000,320.0000,,,,,,,yahoo
HINDZINC,2026-07-16,530.5000,530.5000,524.4000,524.9500,171772.0000,525.2165,530.7000,521.4500,521.7000,522.1500,40.0000,105.0000,110.0000,,,,,,290.0000,,,,,,,,yahoo
HYUNDAI,2026-07-16,1995.4000,2036.5000,1992.3000,2027.2000,110443.0000,2019.4651,2064.6001,2006.4000,2010.8000,2009.8000,90.0000,145.0000,145.0000,150.0000,205.0000,,,,30.0000,330.0000,330.0000,,,,,,yahoo
ICICIBANK,2026-07-16,1422.2000,1422.5000,1413.7000,1417.0000,1203599.0000,1416.9283,1423.6000,1406.2000,1418.4000,1417.9000,,,,,,,,,50.0000,240.0000,,,,,,,yahoo
INDHOTEL,2026-07-16,743.9500,743.9500,733.9000,735.1500,120923.0000,738.7449,739.4500,731.0000,731.3000,731.4500,160.0000,,,,,,,,55.0000,,,,,,,,yahoo
INDIGO,2026-07-16,5184.5000,5199.0000,5176.5000,5190.0000,30145.0000,5188.4720,5280.0000,5176.0000,5266.0000,5265.5000,105.0000,115.0000,120.0000,120.0000,280.0000,,,,,,,,,,,,yahoo
INFY,2026-07-16,1082.6000,1097.2000,1082.6000,1085.5000,1161904.0000,1089.8790,1093.5000,1081.0000,1081.2000,1084.0000,20.0000,,,,,,,,,,,,,,,,yahoo
IOC,2026-07-16,140.5200,142.8700,139.3400,142.5500,3465670.0000,141.7108,143.3600,141.4600,142.0100,141.3600,35.0000,,,,,,,,120.0000,130.0000,,,,,,,yahoo
IRFC,2026-07-16,89.0000,89.0100,88.4200,88.5100,1205668.0000,88.6884,89.3600,88.2500,88.3100,88.3500,60.0000,75.0000,,,,,,,,,,,,,,,yahoo
ITC,2026-07-16,277.0000,277.5500,276.1000,277.3000,1341568.0000,277.0798,280.4000,277.2000,279.3000,279.9000,165.0000,180.0000,200.0000,,,,,,,,,,,,,,yahoo
JINDALSTEL,2026-07-16,1039.0000,1042.7000,1036.0000,1037.5000,60205.0000,1038.7779,1043.5000,1023.1000,1030.0000,1028.6000,40.0000,,,,,,,,125.0000,145.0000,230.0000,235.0000,,,,,yahoo
JIOFIN,2026-07-16,237.7800,237.8400,234.1000,234.7800,1646096.0000,235.2620,236.7700,234.7400,235.4400,235.9400,35.0000,90.0000,,,,,,,,,,,,,,,yahoo
JSWSTEEL,2026-07-16,1232.9000,1232.9000,1225.2000,1229.4000,89686.0000,1228.0586,1230.9000,1219.6000,1222.0000,1220.4000,,,,,,,,,220.0000,325.0000,,,,,,,yahoo
KOTAKBANK,2026-07-16,377.5000,379.7500,377.1500,379.4500,356409.0000,379.3602,381.2000,376.7000,377.1500,376.7000,,,,,,,,,320.0000,,,,,,,,yahoo
LODHA,2026-07-16,1165.5500,1166.3500,1151.1000,1158.8500,166599.0000,1158.5449,1194.6000,1157.5500,1177.7000,1176.0000,15.0000,15.0000,15.0000,15.0000,15.0000,25.0000,35.0000,45.0000,,,,,,,,,yahoo
LT,2026-07-16,3799.8999,3799.8999,3772.2000,3779.1001,339282.0000,3783.0646,3792.3000,3762.5000,3775.5000,3778.8000,,,,,,,,,,,,,,,,,yahoo
LTM,2026-07-16,4070.0000,4148.8999,4070.0000,4110.0000,93354.0000,4112.6995,4156.8999,4056.5000,4058.3999,4060.3000,15.0000,35.0000,80.0000,,,,,,185.0000,240.0000,320.0000,330.0000,,,,,yahoo
M&M,2026-07-16,3113.7000,3136.5000,3097.3999,3131.0000,476054.0000,3121.9331,3146.0000,3110.1001,3113.5000,3117.8000,,,,,,,,,240.0000,,,,,,,,yahoo
MARUTI,2026-07-16,13588.0000,13822.0000,13588.0000,13764.0000,48280.0000,13772.0782,13843.0000,13684.0000,13772.0000,13799.0000,270.0000,,,,,,,,55.0000,,,,,,,,yahoo
MAXHEALTH,2026-07-16,1105.9000,1106.1000,1095.2000,1102.5000,88341.0000,1101.2766,1112.1000,1097.2000,1098.9000,1098.8000,115.0000,130.0000,,,,,,,,,,,,,,,yahoo
MAZDOCK,2026-07-16,2373.7000,2379.8000,2362.3000,2369.3999,113634.0000,2371.4782,2385.0000,2354.0000,2362.8000,2361.3000,60.0000,,,,,,,,240.0000,,,,,,,,yahoo
MOTHERSON,2026-07-16,142.3600,143.3900,142.3300,142.8900,677793.0000,142.9291,145.3400,142.7200,143.9900,143.6500,45.0000,65.0000,80.0000,255.0000,260.0000,,,,,,,,,,,,yahoo
MUTHOOTFIN,2026-07-16,3016.2000,3016.2000,2999.7000,3004.3999,26669.0000,3007.3454,3015.6001,2990.0000,2996.3000,2997.0000,,,,,,,,,,,,,,,,,yahoo
NESTLEIND,2026-07-16,1428.2000,1436.2000,1425.9000,1429.2000,119601.0000,1431.4164,1434.3000,1417.8000,1425.2000,1423.5000,,,,,,,,,180.0000,285.0000,,,,,,,yahoo
NTPC,2026-07-16,344.3500,345.0000,343.4500,343.7000,1058433.0000,344.0598,345.8500,342.3500,342.4000,342.4500,10.0000,,,,,,,,,,,,,,,,yahoo
ONGC,2026-07-16,247.6700,247.6700,245.9900,246.4700,383389.0000,246.5722,247.8100,245.6400,246.7600,246.4500,185.0000,,,,,,,,,,,,,,,,yahoo
PFC,2026-07-16,406.5000,407.4000,405.7000,406.5000,243575.0000,406.4615,408.6000,401.0500,401.0500,401.3500,75.0000,,,,,,,,140.0000,235.0000,240.0000,320.0000,,,,,yahoo
PIDILITIND,2026-07-16,1576.7000,1576.7000,1563.4000,1568.8000,109840.0000,1568.8405,1584.0000,1557.6000,1559.5000,1559.6000,10.0000,30.0000,,,,,,,235.0000,,,,,,,,yahoo
PNB,2026-07-16,105.8300,105.9300,105.2900,105.4000,1027476.0000,105.5114,105.8500,104.9000,105.1700,105.1900,,,,,,,,,,,,,,,,,yahoo
POWERGRID,2026-07-16,280.6500,282.4000,280.1000,281.3500,479273.0000,281.4983,284.4000,280.3500,280.7500,280.6500,70.0000,100.0000,125.0000,,,,,,,,,,,,,,yahoo
RECLTD,2026-07-16,353.5000,353.5000,352.1500,353.0000,792301.0000,352.9349,355.3000,349.1000,349.1500,349.6000,75.0000,,,,,,,,230.0000,240.0000,320.0000,,,,,,yahoo
RELIANCE,2026-07-16,1296.2000,1309.3000,1296.2000,1307.9000,2080091.0000,1302.3182,1308.8000,1296.5000,1296.9000,1300.9000,,,,,,,,,240.0000,320.0000,,,,,,,yahoo
SBILIFE,2026-07-16,1860.3000,1860.3000,1810.3000,1814.7000,147678.0000,1830.6356,1833.8000,1815.1000,1822.5000,1822.1000,5.0000,80.0000,100.0000,,,,,,,,,,,,,,yahoo
SBIN,2026-07-16,1030.3000,1031.4000,1027.4000,1029.7000,462654.0000,1028.6881,1036.0000,1027.6000,1030.7000,1031.0000,70.0000,,,,,,,,,,,,,,,,yahoo
SHREECEM,2026-07-16,27000.0000,27055.0000,26895.0000,27025.0000,1213.0000,26984.2154,27250.0000,26955.0000,26965.0000,27000.0000,25.0000,65.0000,,,,,,,,,,,,,,,yahoo
SHRIRAMFIN,2026-07-16,1036.4000,1039.5000,1032.0000,1033.3000,292906.0000,1034.5019,1036.8000,1020.2000,1025.4000,1025.1000,,,,,,,,,45.0000,125.0000,225.0000,240.0000,,,,,yahoo
SIEMENS,2026-07-16,3589.6001,3624.2000,3558.7000,3578.3000,43061.0000,3591.4184,3853.8999,3566.0000,3654.5000,3657.6001,20.0000,25.0000,60.0000,60.0000,60.0000,60.0000,60.0000,60.0000,,,,,,,,,yahoo
SOLARINDS,2026-07-16,18321.0000,18345.0000,18128.0000,18210.0000,11165.0000,18241.6677,18625.0000,18210.0000,18388.0000,18400.0000,60.0000,65.0000,105.0000,110.0000,125.0000,125.0000,,,,,,,,,,,yahoo
SUNPHARMA,2026-07-16,1948.1000,1957.4000,1945.7000,1951.8000,63922.0000,1949.0622,1957.4000,1943.0000,1950.0000,1950.1000,,,,,,,,,,,,,,,,,yahoo
TATACAP,2026-07-16,358.2500,358.2500,355.3500,355.6000,30947.0000,356.1922,359.6500,348.6000,349.1000,350.6500,80.0000,80.0000,85.0000,,,,,,200.0000,225.0000,285.0000,290.0000,295.0000,,,,yahoo
TATACONSUM,2026-07-16,1088.0000,1094.4000,1081.7000,1090.5000,62297.0000,1089.4000,1099.9000,1083.3000,1088.9000,1087.0000,80.0000,90.0000,,,,,,,240.0000,,,,,,,,yahoo
TATAPOWER,2026-07-16,381.2000,385.0000,380.1500,382.0000,427741.0000,382.8331,383.9000,376.8500,376.9000,377.1500,,,,,,,,,195.0000,230.0000,240.0000,320.0000,,,,,yahoo
TATASTEEL,2026-07-16,186.1600,186.2000,184.9100,185.3400,1727654.0000,185.2891,186.6900,185.0500,185.5000,185.7900,40.0000,,,,,,,,,,,,,,,,yahoo
TCS,2026-07-16,2197.1001,2221.0000,2194.3000,2200.8000,659214.0000,2205.7022,2231.1001,2188.3999,2198.0000,2201.0000,20.0000,85.0000,130.0000,135.0000,,,,,10.0000,,,,,,,,yahoo
TECHM,2026-07-16,1514.3000,1525.0000,1510.9000,1520.4000,275846.0000,1518.2801,1538.0000,1509.3000,1510.9000,1513.0000,20.0000,20.0000,35.0000,,,,,,185.0000,,,,,,,,yahoo
TITAN,2026-07-16,4588.8999,4639.2998,4583.6001,4618.5000,225605.0000,4627.3519,4668.7998,4613.5000,4625.7002,4625.7998,90.0000,110.0000,110.0000,,,,,,,,,,,,,,yahoo
TMCV,2026-07-16,423.5500,425.0000,419.5500,420.3000,658439.0000,421.3257,421.3000,411.2000,411.8000,413.0000,,,,,,,,,80.0000,85.0000,280.0000,295.0000,320.0000,330.0000,,,yahoo
TMPV,2026-07-16,334.2500,338.7000,334.0000,334.7000,1317307.0000,336.6393,335.7000,331.3500,331.6500,332.0000,,,,,,,,,210.0000,230.0000,240.0000,,,,,,yahoo
TORNTPHARM,2026-07-16,5017.7998,5017.7998,4970.1001,4983.2002,32528.0000,4982.0375,5081.0000,4814.1001,5026.5000,4930.0000,55.0000,325.0000,325.0000,325.0000,325.0000,,,,185.0000,190.0000,195.0000,200.0000,205.0000,230.0000,280.0000,295.0000,yahoo
TRENT,2026-07-16,2876.3000,2898.6001,2866.1001,2870.3000,64119.0000,2877.7532,2905.0000,2858.1001,2863.3999,2860.8999,135.0000,145.0000,150.0000,,,,,,,,,,,,,,yahoo
TVSMOTOR,2026-07-16,3599.3000,3627.5000,3592.8000,3598.7000,442455.0000,3608.2628,3612.6001,3550.5000,3560.5000,3567.8000,,,,,,,,,135.0000,170.0000,240.0000,250.0000,,,,,yahoo
ULTRACEMCO,2026-07-16,11861.0000,11861.0000,11792.0000,11830.0000,11636.0000,11818.4149,11876.0000,11775.0000,11793.0000,11771.0000,,,,,,,,,,,,,,,,,yahoo
UNIONBANK,2026-07-16,175.0400,175.0400,170.8100,171.5200,1677102.0000,171.3630,172.8000,168.6100,168.6600,168.5100,15.0000,,,,,,,,130.0000,130.0000,180.0000,235.0000,330.0000,,,,yahoo
UNITDSPR,2026-07-16,1368.5000,1390.1000,1361.2000,1382.9000,53576.0000,1381.1630,1392.4000,1372.0000,1380.9000,1383.5000,255.0000,,,,,,,,170.0000,185.0000,,,,,,,yahoo
VBL,2026-07-16,465.3000,466.7500,463.6000,464.4000,346873.0000,464.6265,467.5500,462.2500,466.9000,466.7000,125.0000,,,,,,,,,,,,,,,,yahoo
VEDL,2026-07-16,261.5000,261.8000,258.2000,258.4000,1846336.0000,259.3286,262.4000,256.2000,257.7500,258.4000,40.0000,50.0000,75.0000,95.0000,100.0000,,,,235.0000,235.0000,,,,,,,yahoo
WIPRO,2026-07-16,175.6000,177.5500,175.6000,176.5700,1292144.0000,176.8956,177.9900,176.3800,177.7400,177.6900,15.0000,35.0000,,,,,,,,,,,,,,,yahoo
ZYDUSLIFE,2026-07-16,1157.6000,1160.9000,1153.7000,1158.4000,80013.0000,1157.5350,1165.0000,1147.1000,1153.2000,1150.3000,125.0000,,,,,,,,255.0000,300.0000,,,,,,,yahoo
ABB,2026-07-17,7647.5000,7706.5000,7576.0000,7628.0000,58926.0000,7655.8843,7659.5000,7520.5000,7520.5000,7508.0000,,,,,,,,,20.0000,100.0000,100.0000,250.0000,,,,,yahoo
ADANIENSOL,2026-07-17,1702.8000,1744.9000,1693.0000,1742.3000,512141.0000,1728.9156,1757.1000,1721.0000,1722.7000,1724.0000,45.0000,50.0000,,,,,,,10.0000,10.0000,15.0000,,,,,,yahoo
ADANIENT,2026-07-17,3153.3000,3184.8000,3140.2000,3162.0000,157457.0000,3162.2238,3177.0000,3144.0000,3159.5000,3154.0000,,,,,,,,,110.0000,,,,,,,,yahoo
ADANIGREEN,2026-07-17,1548.8000,1557.6000,1526.4000,1544.7000,1913740.0000,1540.9336,1548.1000,1514.0000,1515.5000,1515.0000,,,,,,,,,15.0000,25.0000,60.0000,60.0000,250.0000,,,,yahoo
ADANIPORTS,2026-07-17,1818.0000,1839.0000,1818.0000,1834.2000,124593.0000,1832.4313,1841.4000,1821.7000,1837.7000,1837.4000,,,,,,,,,15.0000,,,,,,,,yahoo
ADANIPOWER,2026-07-17,217.0000,217.0000,213.7100,215.9100,6391595.0000,215.1693,216.4200,213.3000,214.6100,214.4500,,,,,,,,,10.0000,145.0000,250.0000,,,,,,yahoo
AMBUJACEM,2026-07-17,432.7000,435.4000,432.1500,434.5500,75073.0000,434.5015,439.6000,431.1500,438.7500,438.5000,290.0000,290.0000,300.0000,,,,,,15.0000,110.0000,,,,,,,yahoo
APOLLOHOSP,2026-07-17,8882.5000,8883.5000,8847.0000,8856.5000,24667.0000,8864.7793,8871.5000,8782.0000,8826.5000,8826.0000,,,,,,,,,155.0000,215.0000,,,,,,,yahoo
ASIANPAINT,2026-07-17,2666.3999,2697.6001,2666.3999,2691.8999,49754.0000,2686.1367,2699.8999,2678.5000,2690.7000,2689.0000,,,,,,,,,,,,,,,,,yahoo
AXISBANK,2026-07-17,1308.0000,1324.0000,1305.7000,1321.2000,466123.0000,1317.8414,1332.6000,1314.3000,1328.8000,1329.4000,40.0000,45.0000,,,,,,,25.0000,,,,,,,,yahoo
BAJAJ-AUTO,2026-07-17,10363.5000,10499.0000,10363.5000,10438.5000,66857.0000,10451.4358,10467.0000,10370.0000,10446.5000,10443.0000,,,,,,,,,15.0000,,,,,,,,yahoo
BAJAJFINSV,2026-07-17,1833.4000,1850.0000,1827.3000,1847.7000,58983.0000,1842.5650,1871.0000,1843.7000,1852.6000,1854.0000,35.0000,45.0000,45.0000,55.0000,,,,,,,,,,,,,yahoo
BAJAJHLDNG,2026-07-17,10417.0000,10474.0000,10345.0000,10367.0000,4504.0000,10375.3284,10533.0000,10355.0000,10395.0000,10370.0000,15.0000,20.0000,30.0000,35.0000,45.0000,,,,,,,,,,,,yahoo
BAJFINANCE,2026-07-17,1043.8000,1049.9000,1037.8000,1044.8000,1487767.0000,1044.5195,1058.4000,1041.9000,1056.0000,1056.3000,35.0000,35.0000,50.0000,275.0000,,,,,,,,,,,,,yahoo
BANKBARODA,2026-07-17,248.5500,248.5500,247.4500,247.7500,306255.0000,248.0413,248.5000,245.6500,246.6500,246.8000,,,,,,,,,115.0000,140.0000,,,,,,,yahoo
BEL,2026-07-17,407.3000,408.8000,405.5000,408.1000,680226.0000,408.2257,411.1000,407.7000,409.4500,408.6500,35.0000,,,,,,,,,,,,,,,,yahoo
BHARTIARTL,2026-07-17,1919.0000,1925.2000,1913.0000,1915.5000,476195.0000,1917.0201,1920.6000,1902.7000,1909.5000,1908.8000,,,,,,,,,180.0000,,,,,,,,yahoo
BOSCHLTD,2026-07-17,41105.0000,41540.0000,40990.0000,41365.0000,1624.0000,41390.3951,41395.0000,40830.0000,40915.0000,40915.0000,,,,,,,,,15.0000,30.0000,160.0000,250.0000,,,,,yahoo
BPCL,2026-07-17,312.0000,313.4000,310.5000,312.8000,328399.0000,312.1494,315.9500,311.3000,315.8000,315.5500,10.0000,290.0000,320.0000,,,,,,,,,,,,,,yahoo
BRITANNIA,2026-07-17,5312.0000,5358.0000,5300.5000,5354.0000,11995.0000,5336.3068,5418.0000,5326.0000,5415.0000,5414.0000,120.0000,180.0000,265.0000,,,,,,50.0000,,,,,,,,yahoo
CANBK,2026-07-17,125.8500,126.0700,125.3200,125.4700,839463.0000,125.6805,125.8100,124.3200,125.1100,125.1500,,,,,,,,,115.0000,120.0000,,,,,,,yahoo
CGPOWER,2026-07-17,923.9000,923.9000,912.5000,916.9500,170304.0000,916.0498,917.5000,901.0500,905.0500,905.0000,,,,,,,,,10.0000,15.0000,95.0000,100.0000,275.0000,,,,yahoo
CHOLAFIN,2026-07-17,1797.6000,1808.4000,1791.2000,1803.8000,42392.0000,1803.5065,1811.8000,1789.4000,1804.0000,1804.9000,,,,,,,,,20.0000,90.0000,,,,,,,yahoo
CIPLA,2026-07-17,1432.1000,1432.1000,1415.3000,1419.1000,51582.0000,1417.7122,1424.6000,1404.0000,1418.6000,1419.5000,,,,,,,,,110.0000,135.0000,135.0000,,,,,,yahoo
COALINDIA,2026-07-17,427.5000,428.6000,426.0000,427.8000,168766.0000,427.1473,429.6500,424.8000,428.0000,427.6500,,,,,,,,,115.0000,,,,,,,,yahoo
CUMMINSIND,2026-07-17,5486.0000,5513.0000,5440.5000,5457.5000,45743.0000,5461.5776,5462.5000,5390.5000,5460.5000,5433.5000,,,,,,,,,20.0000,100.0000,110.0000,,,,,,yahoo
DIVISLAB,2026-07-17,7313.5000,7313.5000,7239.0000,7242.0000,31739.0000,7265.1940,7303.0000,7203.0000,7258.0000,7247.5000,10.0000,50.0000,,,,,,,255.0000,,,,,,,,yahoo
DLF,2026-07-17,649.0000,652.8000,648.6000,651.6000,217222.0000,651.3698,676.8000,648.7500,668.2000,667.8000,30.0000,30.0000,35.0000,35.0000,40.0000,40.0000,45.0000,45.0000,,,,,,,,,yahoo
DMART,2026-07-17,3950.0000,3965.0000,3942.7000,3951.0000,19291.0000,3953.9588,3989.0000,3928.3999,3956.7000,3952.0000,30.0000,70.0000,,,,,,,285.0000,,,,,,,,yahoo
DRREDDY,2026-07-17,1227.6000,1227.6000,1213.8000,1215.1000,131046.0000,1217.1221,1216.7000,1203.3000,1212.1000,1211.2000,,,,,,,,,60.0000,145.0000,,,,,,,yahoo
EICHERMOT,2026-07-17,7492.5000,7556.5000,7472.0000,7535.0000,72358.0000,7527.5998,7569.0000,7498.0000,7565.0000,7569.0000,,,,,,,,,,,,,,,,,yahoo
ENRIN,2026-07-17,3429.8999,3454.0000,3387.0000,3441.0000,57924.0000,3425.9779,3460.0000,3371.6001,3387.0000,3383.0000,60.0000,,,,,,,,5.0000,10.0000,130.0000,135.0000,165.0000,170.0000,,,yahoo
ETERNAL,2026-07-17,286.6000,287.2000,283.0500,287.0000,1889999.0000,285.6920,287.4500,284.0500,286.5500,286.6000,,,,,,,,,15.0000,20.0000,20.0000,,,,,,yahoo
GAIL,2026-07-17,171.0500,171.1400,169.6000,170.5000,616772.0000,170.6008,171.9600,170.1000,171.0500,171.7000,120.0000,195.0000,,,,,,,,,,,,,,,yahoo
GODREJCP,2026-07-17,1057.7000,1060.9000,1051.6000,1060.6000,27452.0000,1058.5719,1075.0000,1057.4000,1071.4000,1069.8000,70.0000,180.0000,185.0000,320.0000,,,,,,,,,,,,,yahoo
GRASIM,2026-07-17,3075.3000,3103.5000,3066.3000,3083.3999,37537.0000,3094.3823,3113.5000,3066.0000,3111.0000,3109.7000,275.0000,320.0000,,,,,,,90.0000,,,,,,,,yahoo
HAL,2026-07-17,4440.0000,4478.0000,4427.3999,4466.5000,45523.0000,4452.4406,4509.0000,4445.0000,4498.2002,4500.7002,45.0000,130.0000,,,,,,,,,,,,,,,yahoo
HCLTECH,2026-07-17,1196.0000,1222.3000,1196.0000,1211.1000,955002.0000,1207.9633,1214.9000,1201.4000,1204.8000,1203.9000,,,,,,,,,45.0000,45.0000,,,,,,,yahoo
HDFCAMC,2026-07-17,2601.7000,2623.0000,2588.3999,2616.8000,203284.0000,2608.4248,2668.0000,2617.0000,2650.3000,2651.2000,10.0000,30.0000,30.0000,30.0000,35.0000,,,,,,,,,,,,yahoo
HDFCBANK,2026-07-17,810.0000,815.2000,809.0500,815.2000,1324710.0000,813.7028,823.6000,815.0500,819.2000,819.6000,45.0000,275.0000,275.0000,,,,,,,,,,,,,,yahoo
HDFCLIFE,2026-07-17,568.7000,571.5500,566.2500,571.5500,321718.0000,568.6037,577.1500,562.9500,563.7000,564.0000,20.0000,25.0000,,,,,,,85.0000,90.0000,245.0000,285.0000,325.0000,,,,yahoo
HINDALCO,2026-07-17,956.3500,957.3000,948.6000,956.2000,372990.0000,951.7160,956.0000,939.5500,944.0000,945.1000,,,,,,,,,5.0000,15.0000,180.0000,185.0000,240.0000,,,,yahoo
HINDUNILVR,2026-07-17,2105.3000,2130.2000,2097.0000,2128.7000,85942.0000,2123.3095,2154.0000,2124.0000,2143.6001,2143.0000,180.0000,180.0000,180.0000,,,,,,,,,,,,,,yahoo
HINDZINC,2026-07-17,519.9500,520.2000,516.2000,518.1000,221191.0000,517.1013,519.4500,514.9500,518.0500,518.3000,,,,,,,,,110.0000,,,,,,,,yahoo
HYUNDAI,2026-07-17,2013.1000,2024.1000,2003.4000,2004.9000,43294.0000,2013.7324,2011.6000,1975.5000,1991.8000,1996.0000,,,,,,,,,55.0000,90.0000,155.0000,180.0000,,,,,yahoo
ICICIBANK,2026-07-17,1422.8000,1431.0000,1420.2000,1429.8000,513406.0000,1429.3841,1449.7000,1427.4000,1442.1000,1452.0000,100.0000,135.0000,275.0000,275.0000,,,,,,,,,,,,,yahoo
INDHOTEL,2026-07-17,735.1000,735.1000,729.0500,730.2500,136154.0000,730.8052,743.0000,725.9000,728.0000,728.4000,30.0000,30.0000,35.0000,35.0000,35.0000,,,,250.0000,,,,,,,,yahoo
INDIGO,2026-07-17,5265.0000,5305.0000,5246.5000,5253.5000,74949.0000,5269.0807,5289.5000,5225.0000,5252.0000,5248.5000,135.0000,,,,,,,,25.0000,,,,,,,,yahoo
INFY,2026-07-17,1104.2000,1116.0000,1100.6000,1103.9000,1921714.0000,1106.7817,1104.5000,1094.1000,1095.3000,1093.0000,,,,,,,,,5.0000,90.0000,,,,,,,yahoo
IOC,2026-07-17,141.4900,141.7800,140.2000,141.5100,1175402.0000,141.3080,142.2600,140.3800,141.7500,141.6000,10.0000,,,,,,,,95.0000,110.0000,,,,,,,yahoo
IRFC,2026-07-17,88.5800,88.5800,88.0000,88.2500,498776.0000,88.2785,88.7900,88.0000,88.4700,88.4100,275.0000,,,,,,,,,,,,,,,,yahoo
ITC,2026-07-17,279.4500,279.5000,277.9500,279.5000,669221.0000,278.8390,281.9500,279.2500,280.8500,280.7000,35.0000,200.0000,,,,,,,,,,,,,,,yahoo
JINDALSTEL,2026-07-17,1035.7000,1035.7000,1027.9000,1033.5000,50229.0000,1031.9744,1034.6000,1018.5000,1024.8000,1024.5000,,,,,,,,,40.0000,65.0000,90.0000,215.0000,,,,,yahoo
JIOFIN,2026-07-17,245.7500,249.8900,244.0000,244.9600,33387540.0000,246.5427,248.4000,242.4000,243.4200,242.7000,10.0000,10.0000,10.0000,10.0000,,,,,95.0000,245.0000,270.0000,,,,,,yahoo
JSWSTEEL,2026-07-17,1221.6000,1231.0000,1221.6000,1228.5000,82136.0000,1229.4889,1243.3000,1218.0000,1240.0000,1231.0000,50.0000,300.0000,305.0000,,,,,,240.0000,245.0000,,,,,,,yahoo
KOTAKBANK,2026-07-17,377.3000,380.3000,375.9500,378.8000,1235951.0000,379.3740,390.6500,378.8000,389.0000,390.7000,15.0000,45.0000,45.0000,65.0000,95.0000,130.0000,285.0000,305.0000,,,,,,,,,yahoo
LODHA,2026-07-17,1177.3000,1181.8000,1166.1000,1176.0000,111320.0000,1176.0335,1194.7000,1166.0000,1189.5000,1187.0000,45.0000,45.0000,45.0000,230.0000,235.0000,,,,15.0000,15.0000,,,,,,,yahoo
LT,2026-07-17,3784.8999,3785.2000,3768.1001,3780.5000,134541.0000,3779.2060,3827.0000,3773.0000,3812.8999,3817.8999,105.0000,120.0000,135.0000,,,,,,,,,,,,,,yahoo
LTM,2026-07-17,4163.0000,4163.0000,4080.1001,4086.0000,45154.0000,4095.6441,4123.0000,4035.7000,4079.0000,4075.6001,15.0000,125.0000,,,,,,,25.0000,45.0000,45.0000,,,,,,yahoo
M&M,2026-07-17,3130.0000,3175.8999,3121.0000,3154.7000,289046.0000,3161.1681,3183.1001,3146.0000,3180.3000,3179.2000,215.0000,320.0000,,,,,,,,,,,,,,,yahoo
MARUTI,2026-07-17,13700.0000,13885.0000,13700.0000,13801.0000,26080.0000,13833.8058,13830.0000,13728.0000,13803.0000,13800.0000,,,,,,,,,105.0000,,,,,,,,yahoo
MAXHEALTH,2026-07-17,1100.5000,1100.5000,1092.4000,1093.7000,74300.0000,1094.6076,1095.7000,1082.0000,1091.2000,1090.0000,,,,,,,,,50.0000,70.0000,140.0000,,,,,,yahoo
MAZDOCK,2026-07-17,2355.8999,2368.0000,2342.3000,2350.8000,164467.0000,2356.4511,2358.8999,2337.0000,2347.5000,2335.0000,,,,,,,,,255.0000,,,,,,,,yahoo
MOTHERSON,2026-07-17,143.2000,144.9800,143.1300,144.3000,760313.0000,144.2550,145.8400,143.4000,144.8200,144.1700,195.0000,205.0000,310.0000,,,,,,20.0000,,,,,,,,yahoo
MUTHOOTFIN,2026-07-17,2968.8999,2968.8999,2942.8000,2952.1001,48845.0000,2950.9770,2997.3999,2939.0000,2992.0000,2985.3999,275.0000,305.0000,305.0000,310.0000,330.0000,,,,,,,,,,,,yahoo
NESTLEIND,2026-07-17,1415.9000,1424.5000,1408.3000,1422.2000,30059.0000,1420.0814,1429.0000,1416.5000,1428.0000,1421.6000,,,,,,,,,,,,,,,,,yahoo
NTPC,2026-07-17,342.5500,343.1500,340.8000,342.4000,400287.0000,342.3213,343.9000,340.5500,342.1500,341.5000,,,,,,,,,250.0000,,,,,,,,yahoo
ONGC,2026-07-17,246.5000,247.6100,245.6200,247.3500,319748.0000,247.2241,247.6400,246.1100,247.2400,247.4700,,,,,,,,,115.0000,,,,,,,,yahoo
PFC,2026-07-17,401.1000,404.1000,401.1000,403.8000,332103.0000,402.9583,407.5500,400.2500,405.1500,404.8500,35.0000,165.0000,,,,,,,115.0000,165.0000,,,,,,,yahoo
PIDILITIND,2026-07-17,1563.9000,1573.2000,1563.4000,1564.8000,68009.0000,1568.0246,1570.6000,1557.8000,1567.7000,1560.0000,,,,,,,,,,,,,,,,,yahoo
PNB,2026-07-17,105.2000,105.6000,104.8500,105.2100,938913.0000,105.3796,105.8100,104.5900,105.6500,105.7700,320.0000,,,,,,,,110.0000,,,,,,,,yahoo
POWERGRID,2026-07-17,281.1000,282.3000,279.7000,282.1000,680378.0000,281.6379,284.2500,281.5500,283.8500,283.8000,35.0000,45.0000,,,,,,,,,,,,,,,yahoo
RECLTD,2026-07-17,348.0000,352.1500,348.0000,350.5000,387505.0000,350.7812,355.9500,350.5000,354.8500,354.8000,5.0000,5.0000,35.0000,160.0000,315.0000,,,,,,,,,,,,yahoo
RELIANCE,2026-07-17,1300.6000,1318.5000,1296.6000,1317.5000,1899165.0000,1313.1832,1326.9000,1316.5000,1325.1000,1329.0000,235.0000,,,,,,,,,,,,,,,,yahoo
SBILIFE,2026-07-17,1821.9000,1825.0000,1818.5000,1823.6000,32745.0000,1822.2305,1839.8000,1811.5000,1827.8000,1828.8000,170.0000,175.0000,,,,,,,80.0000,,,,,,,,yahoo
SBIN,2026-07-17,1030.9000,1044.9000,1028.6000,1041.1000,1303638.0000,1040.6869,1047.9000,1038.0000,1044.3000,1043.2000,275.0000,,,,,,,,,,,,,,,,yahoo
SHREECEM,2026-07-17,26985.0000,26985.0000,26680.0000,26800.0000,1084.0000,26806.4130,26835.0000,26480.0000,26555.0000,26515.0000,,,,,,,,,65.0000,100.0000,250.0000,,,,,,yahoo
SHRIRAMFIN,2026-07-17,1023.5000,1030.0000,1023.0000,1028.6000,199239.0000,1027.6346,1038.2000,1025.0000,1036.2000,1025.0000,45.0000,275.0000,,,,,,,,,,,,,,,yahoo
SIEMENS,2026-07-17,3630.8999,3685.0000,3622.5000,3671.8000,45725.0000,3670.5909,3688.2000,3631.0000,3664.0000,3658.8000,,,,,,,,,15.0000,110.0000,115.0000,,,,,,yahoo
SOLARINDS,2026-07-17,18497.0000,18497.0000,18281.0000,18320.0000,6363.0000,18347.5849,18589.0000,18251.0000,18475.0000,18467.0000,35.0000,40.0000,45.0000,45.0000,,,,,,,,,,,,,yahoo
SUNPHARMA,2026-07-17,1944.2000,1948.5000,1938.5000,1942.1000,55320.0000,1942.1145,1952.5000,1923.0000,1933.1000,1932.6000,40.0000,,,,,,,,305.0000,305.0000,,,,,,,yahoo
TATACAP,2026-07-17,352.1000,355.0000,352.1000,353.5000,101434.0000,353.8708,355.8000,350.9000,353.8000,353.4500,275.0000,,,,,,,,20.0000,,,,,,,,yahoo
TATACONSUM,2026-07-17,1083.2000,1090.0000,1080.8000,1086.7000,31592.0000,1087.4251,1091.8000,1077.0000,1089.0000,1088.6000,,,,,,,,,85.0000,140.0000,,,,,,,yahoo
TATAPOWER,2026-07-17,377.8500,378.2500,375.4500,377.3000,245878.0000,376.5303,379.2000,375.6000,377.1000,376.7000,45.0000,,,,,,,,,,,,,,,,yahoo
TATASTEEL,2026-07-17,185.2600,186.5800,185.1500,185.7800,1509614.0000,186.0225,186.3800,183.4500,186.0100,185.8900,,,,,,,,,105.0000,150.0000,240.0000,250.0000,,,,,yahoo
TCS,2026-07-17,2224.7000,2256.3000,2224.7000,2237.3999,442813.0000,2240.5636,2275.0000,2223.1001,2271.6001,2265.0000,110.0000,115.0000,160.0000,180.0000,220.0000,,,,20.0000,,,,,,,,yahoo
TECHM,2026-07-17,1544.9000,1562.1000,1538.8000,1546.0000,1474040.0000,1548.8190,1585.0000,1527.7000,1580.6000,1571.0000,15.0000,170.0000,195.0000,225.0000,225.0000,255.0000,310.0000,,5.0000,10.0000,105.0000,,,,,,yahoo
TITAN,2026-07-17,4626.1001,4640.7002,4613.3999,4615.8999,38128.0000,4621.2158,4647.5000,4613.2998,4639.8999,4632.0000,35.0000,,,,,,,,,,,,,,,,yahoo
TMCV,2026-07-17,413.3000,413.3000,406.5000,409.8500,444036.0000,410.4912,419.6500,408.5000,414.5000,414.6500,45.0000,45.0000,90.0000,115.0000,135.0000,140.0000,,,,,,,,,,,yahoo
TMPV,2026-07-17,332.1500,333.1000,330.2000,332.0000,672968.0000,332.1433,336.7000,331.2500,335.6000,335.5000,50.0000,205.0000,275.0000,275.0000,,,,,,,,,,,,,yahoo
TORNTPHARM,2026-07-17,4895.7002,4912.6001,4814.0000,4839.1001,68298.0000,4839.0898,4848.8999,4695.1001,4745.7998,4763.0000,,,,,,,,,20.0000,35.0000,35.0000,50.0000,55.0000,95.0000,100.0000,,yahoo
TRENT,2026-07-17,2869.0000,2869.0000,2847.7000,2850.3000,43832.0000,2853.4254,2873.0000,2838.6001,2843.3000,2842.3999,45.0000,50.0000,,,,,,,,,,,,,,,yahoo
TVSMOTOR,2026-07-17,3572.8000,3614.3000,3572.8000,3599.8000,52512.0000,3603.8651,3628.0000,3590.3999,3620.3000,3618.2000,80.0000,125.0000,,,,,,,,,,,,,,,yahoo
ULTRACEMCO,2026-07-17,11715.0000,11802.0000,11663.0000,11765.0000,17834.0000,11761.4963,11789.0000,11670.0000,11724.0000,11729.0000,,,,,,,,,10.0000,15.0000,,,,,,,yahoo
UNIONBANK,2026-07-17,168.8900,169.3400,167.8000,168.3200,802048.0000,168.8332,169.1200,166.3400,168.6800,168.4600,,,,,,,,,70.0000,90.0000,150.0000,,,,,,yahoo
UNITDSPR,2026-07-17,1359.1000,1376.0000,1354.0000,1374.2000,68570.0000,1371.3084,1381.8000,1363.8000,1375.3000,1376.9000,275.0000,,,,,,,,10.0000,55.0000,,,,,,,yahoo
VBL,2026-07-17,465.6000,465.9500,462.9000,464.1000,252486.0000,464.1045,466.8000,460.1000,463.6500,461.5000,45.0000,,,,,,,,115.0000,175.0000,,,,,,,yahoo
VEDL,2026-07-17,258.4000,258.4000,254.7000,256.0000,1366310.0000,255.3740,258.0000,249.8000,253.0000,253.0500,45.0000,50.0000,,,,,,,15.0000,150.0000,175.0000,180.0000,190.0000,235.0000,,,yahoo
WIPRO,2026-07-17,173.5500,176.1600,173.5500,175.7700,4585525.0000,174.6577,176.2200,174.6600,175.9300,175.9000,,,,,,,,,90.0000,,,,,,,,yahoo
ZYDUSLIFE,2026-07-17,1153.9000,1155.2000,1138.2000,1143.6000,32901.0000,1142.8269,1147.0000,1135.1000,1144.1000,1143.0000,,,,,,,,,130.0000,,,,,,,,yahoo
ABB,2026-07-20,7495.0000,7513.5000,7418.0000,7493.5000,36377.0000,7461.6029,7570.0000,7422.0000,7510.0000,7517.0000,5.0000,5.0000,5.0000,,,,,,115.0000,115.0000,,,,,,,yahoo
ADANIENSOL,2026-07-20,1724.0000,1732.7000,1704.5000,1724.9000,218799.0000,1727.2549,1739.4000,1711.8000,1732.0000,1729.5000,5.0000,55.0000,,,,,,,90.0000,135.0000,,,,,,,yahoo
ADANIENT,2026-07-20,3159.0000,3165.3000,3134.3000,3134.3000,89475.0000,3147.8348,3184.1001,3133.0000,3182.0000,3180.0000,5.0000,20.0000,35.0000,55.0000,260.0000,,,,,,,,,,,,yahoo
ADANIGREEN,2026-07-20,1523.0000,1523.0000,1498.0000,1498.9000,301398.0000,1506.3918,1539.7000,1498.3000,1529.5000,1530.0000,5.0000,5.0000,35.0000,50.0000,55.0000,230.0000,230.0000,,,,,,,,,,yahoo
ADANIPORTS,2026-07-20,1834.2000,1841.6000,1829.0000,1832.3000,73741.0000,1837.2753,1853.4000,1832.1000,1841.9000,1844.0000,30.0000,55.0000,230.0000,,,,,,,,,,,,,,yahoo
ADANIPOWER,2026-07-20,215.7400,216.6000,213.8200,214.3800,3026759.0000,214.9755,220.2200,214.3400,220.0900,220.0000,5.0000,45.0000,45.0000,45.0000,50.0000,50.0000,255.0000,,,,,,,,,,yahoo
AMBUJACEM,2026-07-20,436.7500,436.7500,432.0000,433.5500,103996.0000,433.4580,442.3500,432.9500,437.6000,437.8000,10.0000,35.0000,195.0000,280.0000,285.0000,285.0000,,,,,,,,,,,yahoo
APOLLOHOSP,2026-07-20,8790.0000,8896.0000,8790.0000,8871.0000,31119.0000,8869.1356,8935.0000,8853.5000,8901.0000,8905.0000,175.0000,,,,,,,,,,,,,,,,yahoo
ASIANPAINT,2026-07-20,2688.8000,2694.3000,2681.1001,2690.5000,19233.0000,2688.3874,2708.3999,2666.7000,2689.7000,2688.0000,50.0000,,,,,,,,205.0000,205.0000,,,,,,,yahoo
AXISBANK,2026-07-20,1278.0000,1282.3000,1255.3000,1257.6000,3368035.0000,1262.2550,1268.1000,1249.2000,1255.8000,1257.0000,25.0000,45.0000,,,,,,,10.0000,,,,,,,,yahoo
BAJAJ-AUTO,2026-07-20,10418.5000,10498.5000,10409.0000,10492.0000,25870.0000,10470.4756,10535.0000,10416.0000,10521.5000,10528.5000,,,,,,,,,135.0000,,,,,,,,yahoo
BAJAJFINSV,2026-07-20,1849.1000,1859.8000,1840.5000,1857.2000,35270.0000,1855.6839,1871.1000,1847.0000,1862.9000,1861.5000,210.0000,,,,,,,,195.0000,,,,,,,,yahoo
BAJAJHLDNG,2026-07-20,10410.0000,10430.0000,10341.0000,10347.0000,6197.0000,10375.3380,10387.0000,10285.0000,10292.0000,10300.0000,,,,,,,,,190.0000,,,,,,,,yahoo
BAJFINANCE,2026-07-20,1056.8000,1056.8000,1044.0000,1048.1000,555061.0000,1047.8108,1067.7000,1038.2000,1063.8000,1064.0000,35.0000,210.0000,210.0000,215.0000,215.0000,,,,40.0000,90.0000,,,,,,,yahoo
BANKBARODA,2026-07-20,247.2000,250.1000,246.1500,249.1000,1438731.0000,249.3482,256.1000,248.3000,255.4500,254.5000,35.0000,35.0000,75.0000,80.0000,80.0000,215.0000,270.0000,,,,,,,,,,yahoo
BEL,2026-07-20,409.1000,409.4500,406.6500,406.7500,861202.0000,407.2340,408.8500,406.2000,408.0000,408.5000,35.0000,,,,,,,,,,,,,,,,yahoo
BHARTIARTL,2026-07-20,1905.0000,1937.0000,1905.0000,1930.8000,584007.0000,1932.3306,1942.0000,1927.8000,1939.3000,1940.1000,245.0000,,,,,,,,,,,,,,,,yahoo
BOSCHLTD,2026-07-20,40755.0000,40755.0000,40460.0000,40575.0000,1231.0000,40597.0119,40965.0000,40410.0000,40920.0000,41100.0000,205.0000,220.0000,,,,,,,,,,,,,,,yahoo
BPCL,2026-07-20,311.9000,313.9500,311.1000,313.3000,338547.0000,312.7778,320.0000,309.3500,317.7500,317.3500,215.0000,215.0000,220.0000,225.0000,230.0000,255.0000,,,35.0000,35.0000,50.0000,60.0000,,,,,yahoo
BRITANNIA,2026-07-20,5400.5000,5483.0000,5391.5000,5457.0000,26526.0000,5443.8898,5481.0000,5436.0000,5464.5000,5470.0000,,,,,,,,,,,,,,,,,yahoo
CANBK,2026-07-20,125.1500,128.0500,125.1500,127.2500,6084524.0000,127.5761,129.6000,127.1600,128.9700,128.6700,15.0000,25.0000,35.0000,35.0000,270.0000,,,,,,,,,,,,yahoo
CGPOWER,2026-07-20,904.2500,909.7500,895.3000,907.2000,170364.0000,906.3927,915.0000,904.3000,911.6000,912.0000,25.0000,40.0000,,,,,,,,,,,,,,,yahoo
CHOLAFIN,2026-07-20,1775.2000,1787.1000,1771.0000,1775.0000,82496.0000,1775.2360,1788.8000,1756.9000,1784.0000,1782.8000,20.0000,20.0000,,,,,,,150.0000,150.0000,150.0000,,,,,,yahoo
CIPLA,2026-07-20,1421.3000,1441.7000,1421.3000,1435.6000,94540.0000,1436.7912,1466.6000,1434.8000,1441.7000,1441.6000,70.0000,120.0000,140.0000,150.0000,165.0000,170.0000,,,,,,,,,,,yahoo
COALINDIA,2026-07-20,428.7500,433.2000,428.3500,431.9000,400283.0000,432.1389,432.7000,428.1500,429.3000,429.5000,,,,,,,,,205.0000,290.0000,,,,,,,yahoo
CUMMINSIND,2026-07-20,5436.0000,5526.0000,5400.0000,5515.5000,47934.0000,5494.0233,5531.0000,5489.5000,5502.5000,5506.0000,,,,,,,,,,,,,,,,,yahoo
DIVISLAB,2026-07-20,7253.5000,7321.0000,7253.5000,7295.0000,17823.0000,7302.7748,7438.0000,7288.0000,7330.0000,7318.0000,20.0000,85.0000,130.0000,140.0000,145.0000,,,,,,,,,,,,yahoo
DLF,2026-07-20,666.0000,666.0000,657.0000,658.4500,191545.0000,658.3819,669.4000,654.2500,668.6500,668.6000,125.0000,250.0000,290.0000,290.0000,310.0000,,,,90.0000,,,,,,,,yahoo
DMART,2026-07-20,3951.8999,3979.7000,3932.0000,3972.0000,22512.0000,3958.9750,3993.7000,3963.6001,3972.8999,3975.5000,95.0000,,,,,,,,,,,,,,,,yahoo
DRREDDY,2026-07-20,1212.2000,1222.3000,1212.0000,1214.6000,77092.0000,1214.7408,1231.3000,1212.0000,1223.8000,1221.5000,155.0000,160.0000,205.0000,215.0000,,,,,,,,,,,,,yahoo
EICHERMOT,2026-07-20,7569.0000,7569.0000,7492.5000,7516.5000,16006.0000,7520.8202,7576.5000,7478.0000,7563.5000,7574.0000,260.0000,315.0000,,,,,,,185.0000,,,,,,,,yahoo
ENRIN,2026-07-20,3380.5000,3413.2000,3293.0000,3402.5000,51617.0000,3376.3971,3423.8999,3367.0000,3381.1001,3394.3000,50.0000,,,,,,,,90.0000,95.0000,105.0000,,,,,,yahoo
ETERNAL,2026-07-20,285.8500,286.5000,284.4000,286.3000,1282581.0000,285.4440,289.4000,285.3500,287.0000,287.0000,45.0000,55.0000,100.0000,,,,,,,,,,,,,,yahoo
GAIL,2026-07-20,170.9000,171.1900,170.0300,170.8400,405217.0000,170.7599,173.5400,170.8800,172.9900,173.0100,10.0000,15.0000,50.0000,115.0000,320.0000,,,,,,,,,,,,yahoo
GODREJCP,2026-07-20,1069.5000,1069.5000,1056.1000,1059.2000,14262.0000,1058.6257,1066.3000,1058.4000,1063.4000,1066.3000,65.0000,,,,,,,,,,,,,,,,yahoo
GRASIM,2026-07-20,3100.0000,3124.6001,3092.7000,3119.8999,11912.0000,3118.0285,3149.0000,3113.0000,3141.1001,3143.8000,70.0000,280.0000,,,,,,,,,,,,,,,yahoo
HAL,2026-07-20,4476.7002,4492.2998,4473.6001,4479.1001,39987.0000,4480.7352,4515.0000,4462.0000,4488.5000,4489.0000,35.0000,45.0000,,,,,,,,,,,,,,,yahoo
HCLTECH,2026-07-20,1200.1000,1215.2000,1200.1000,1211.5000,387641.0000,1209.2143,1224.3000,1205.4000,1221.9000,1221.3000,230.0000,295.0000,300.0000,,,,,,35.0000,,,,,,,,yahoo
HDFCAMC,2026-07-20,2658.0000,2658.0000,2603.0000,2616.1001,83826.0000,2614.6112,2646.3999,2608.2000,2645.8000,2637.5000,35.0000,235.0000,280.0000,,,,,,,,,,,,,,yahoo
HDFCBANK,2026-07-20,787.7000,789.4000,777.5500,782.1000,8705882.0000,780.6618,785.6000,774.7500,777.7500,778.0000,,,,,,,,,85.0000,185.0000,,,,,,,yahoo
HDFCLIFE,2026-07-20,566.4000,566.4000,562.2000,562.2500,69314.0000,563.4961,565.3000,560.2500,564.6500,564.6500,265.0000,,,,,,,,,,,,,,,,yahoo
HINDALCO,2026-07-20,948.3500,957.4500,944.4500,946.7500,560542.0000,947.0677,956.0000,946.3500,947.9500,947.8000,5.0000,20.0000,,,,,,,,,,,,,,,yahoo
HINDUNILVR,2026-07-20,2150.6001,2150.6001,2129.3999,2132.2000,63002.0000,2132.3547,2145.8999,2130.3000,2139.8999,2141.8999,75.0000,,,,,,,,,,,,,,,,yahoo
HINDZINC,2026-07-20,518.6500,525.3500,518.6500,522.9000,174705.0000,522.3797,530.2000,522.1000,522.8000,522.6000,60.0000,95.0000,110.0000,110.0000,,,,,,,,,,,,,yahoo
HYUNDAI,2026-07-20,1991.8000,1998.9000,1986.0000,1994.5000,37211.0000,1991.0609,1999.5000,1971.0000,1971.9000,1972.0000,,,,,,,,,65.0000,130.0000,180.0000,,,,,,yahoo
ICICIBANK,2026-07-20,1451.4000,1477.6000,1441.5000,1444.3000,1997118.0000,1452.1283,1465.6000,1439.7000,1459.6000,1460.3000,15.0000,15.0000,55.0000,245.0000,,,,,,,,,,,,,yahoo
INDHOTEL,2026-07-20,725.7500,725.8500,718.3000,724.5000,161331.0000,722.4291,727.1500,720.8000,724.8500,725.0500,,,,,,,,,235.0000,,,,,,,,yahoo
INDIGO,2026-07-20,5173.5000,5187.0000,5145.0000,5165.5000,110484.0000,5160.2053,5261.0000,5148.0000,5231.0000,5229.0000,60.0000,70.0000,200.0000,215.0000,215.0000,,,,,,,,,,,,yahoo
INFY,2026-07-20,1101.0000,1103.1000,1091.0000,1096.9000,686875.0000,1097.2951,1097.8000,1083.5000,1086.7000,1087.9000,,,,,,,,,5.0000,130.0000,150.0000,,,,,,yahoo
IOC,2026-07-20,140.0000,142.0500,139.8400,141.8400,1322420.0000,141.4914,143.1500,140.8500,142.3600,142.4100,310.0000,315.0000,,,,,,,130.0000,,,,,,,,yahoo
IRFC,2026-07-20,88.3600,88.3600,87.7000,88.1500,778983.0000,87.9086,89.1400,88.1000,88.7600,88.7800,20.0000,25.0000,35.0000,,,,,,,,,,,,,,yahoo
ITC,2026-07-20,280.6500,281.2500,279.8500,280.5500,1110998.0000,280.5733,283.7000,280.2500,282.6000,282.9500,70.0000,75.0000,75.0000,,,,,,,,,,,,,,yahoo
JINDALSTEL,2026-07-20,1021.0000,1031.9000,1021.0000,1027.2000,50522.0000,1027.1982,1044.0000,1027.1000,1032.4000,1030.3000,15.0000,20.0000,20.0000,30.0000,30.0000,,,,,,,,,,,,yahoo
JIOFIN,2026-07-20,243.0000,243.0000,239.3400,240.4100,2553565.0000,240.2572,241.4700,238.1000,238.9500,239.1000,,,,,,,,,85.0000,130.0000,,,,,,,yahoo
JSWSTEEL,2026-07-20,1259.9000,1264.0000,1248.1000,1254.3000,557793.0000,1256.0161,1266.6000,1251.9000,1257.3000,1255.5000,30.0000,30.0000,,,,,,,,,,,,,,,yahoo
KOTAKBANK,2026-07-20,381.5500,381.5500,376.2000,378.8000,3114321.0000,378.0198,383.7500,377.4500,382.4500,381.7000,50.0000,50.0000,270.0000,280.0000,,,,,,,,,,,,,yahoo
LODHA,2026-07-20,1192.9500,1192.9500,1180.0500,1185.3500,124326.0000,1187.4946,1195.0000,1183.2500,1188.0000,1187.0000,15.0000,50.0000,,,,,,,,,,,,,,,yahoo
LT,2026-07-20,3815.2000,3829.0000,3810.6001,3818.0000,80229.0000,3818.6977,3850.0000,3807.1001,3840.7000,3838.8000,210.0000,225.0000,,,,,,,,,,,,,,,yahoo
LTM,2026-07-20,4075.0000,4140.0000,4069.2000,4099.7998,17545.0000,4088.7324,4110.1001,4066.8000,4080.2000,4092.0000,,,,,,,,,5.0000,15.0000,,,,,,,yahoo
M&M,2026-07-20,3170.2000,3170.2000,3140.5000,3155.0000,146780.0000,3153.0780,3183.3999,3150.0000,3167.8999,3165.5000,10.0000,35.0000,,,,,,,,,,,,,,,yahoo
MARUTI,2026-07-20,13803.0000,13803.0000,13581.0000,13620.0000,47015.0000,13664.6707,13663.0000,13377.0000,13509.0000,13514.0000,,,,,,,,,130.0000,170.0000,180.0000,180.0000,180.0000,,,,yahoo
MAXHEALTH,2026-07-20,1094.0000,1097.6000,1090.7000,1093.5000,40281.0000,1093.4460,1107.0000,1089.7000,1102.8000,1102.4000,150.0000,190.0000,245.0000,,,,,,,,,,,,,,yahoo
MAZDOCK,2026-07-20,2329.1001,2336.1001,2324.0000,2328.3000,32770.0000,2328.1176,2354.8000,2328.3000,2344.0000,2352.1001,30.0000,35.0000,45.0000,,,,,,,,,,,,,,yahoo
MOTHERSON,2026-07-20,143.8700,143.8800,142.5600,142.8400,580574.0000,143.1322,143.6000,142.1100,143.5300,143.3500,280.0000,,,,,,,,130.0000,,,,,,,,yahoo
MUTHOOTFIN,2026-07-20,2980.1001,3014.7000,2980.1001,2996.2000,47529.0000,3003.0777,3019.8999,2964.8000,2984.3000,2982.8000,35.0000,40.0000,,,,,,,75.0000,90.0000,150.0000,,,,,,yahoo
NESTLEIND,2026-07-20,1429.8000,1433.8000,1425.5000,1429.0000,26405.0000,1429.4291,1449.4000,1428.0000,1443.0000,1446.3000,55.0000,55.0000,75.0000,80.0000,,,,,,,,,,,,,yahoo
NTPC,2026-07-20,342.4000,346.6000,341.1000,346.2000,1380888.0000,345.3766,349.3000,344.7500,347.5500,347.2500,45.0000,45.0000,,,,,,,,,,,,,,,yahoo
ONGC,2026-07-20,248.5000,252.4000,248.5000,250.9500,2146534.0000,251.5175,252.0000,249.5800,249.8100,249.8000,,,,,,,,,55.0000,,,,,,,,yahoo
PFC,2026-07-20,403.4500,405.6000,401.7000,405.2500,268530.0000,404.8614,414.9000,405.2500,414.2500,414.2000,15.0000,20.0000,20.0000,20.0000,25.0000,265.0000,,,,,,,,,,,yahoo
PIDILITIND,2026-07-20,1557.1000,1573.7000,1557.1000,1568.0000,30007.0000,1568.2461,1575.9000,1557.8000,1564.7000,1565.8000,50.0000,,,,,,,,140.0000,,,,,,,,yahoo
PNB,2026-07-20,107.6400,111.6700,107.6400,110.3000,34657431.0000,110.7994,111.9300,109.1700,111.8100,111.6500,35.0000,40.0000,40.0000,225.0000,,,,,55.0000,135.0000,145.0000,,,,,,yahoo
POWERGRID,2026-07-20,284.2000,285.4500,283.5000,284.9500,487216.0000,284.6711,289.0000,284.8000,288.6500,289.1000,5.0000,15.0000,20.0000,50.0000,,,,,,,,,,,,,yahoo
RECLTD,2026-07-20,353.4500,356.0000,353.4500,355.8500,339871.0000,355.2675,364.2500,355.7500,364.0500,362.3000,20.0000,20.0000,20.0000,20.0000,25.0000,305.0000,,,,,,,,,,,yahoo
RELIANCE,2026-07-20,1316.8000,1345.8000,1316.8000,1335.0000,2591274.0000,1337.4143,1336.2000,1320.7000,1324.4000,1321.9000,,,,,,,,,10.0000,40.0000,295.0000,,,,,,yahoo
SBILIFE,2026-07-20,1830.0000,1831.6000,1821.0000,1822.7000,17086.0000,1823.5411,1826.3000,1803.5000,1824.9000,1824.5000,,,,,,,,,100.0000,130.0000,205.0000,,,,,,yahoo
SBIN,2026-07-20,1041.0000,1057.2000,1039.5000,1040.7000,2072987.0000,1050.1028,1064.3000,1040.0000,1058.7000,1060.6000,25.0000,215.0000,245.0000,255.0000,265.0000,270.0000,,,,,,,,,,,yahoo
SHREECEM,2026-07-20,26415.0000,26640.0000,26400.0000,26610.0000,375.0000,26561.7467,27125.0000,26610.0000,26815.0000,26850.0000,125.0000,160.0000,210.0000,285.0000,285.0000,,,,,,,,,,,,yahoo
SHRIRAMFIN,2026-07-20,1029.7000,1032.3000,1018.4000,1026.3000,337283.0000,1023.0416,1035.6000,1018.3000,1034.7000,1034.6000,35.0000,260.0000,,,,,,,155.0000,165.0000,,,,,,,yahoo
SIEMENS,2026-07-20,3651.0000,3674.6001,3617.0000,3636.8999,18673.0000,3636.2226,3700.0000,3637.1001,3677.6001,3678.3999,5.0000,5.0000,5.0000,5.0000,265.0000,,,,,,,,,,,,yahoo
SOLARINDS,2026-07-20,18635.0000,18990.0000,18635.0000,18684.0000,44673.0000,18794.8424,19125.0000,18635.0000,18995.0000,19028.0000,20.0000,35.0000,50.0000,55.0000,115.0000,260.0000,,,,,,,,,,,yahoo
SUNPHARMA,2026-07-20,1939.9000,1954.2000,1935.9000,1940.4000,59509.0000,1940.7305,1958.6000,1939.2000,1956.8000,1958.0000,150.0000,175.0000,,,,,,,,,,,,,,,yahoo
TATACAP,2026-07-20,351.5500,351.5500,346.8500,348.8500,121604.0000,348.0952,353.9500,347.4000,353.1500,353.0000,210.0000,260.0000,265.0000,270.0000,,,,,,,,,,,,,yahoo
TATACONSUM,2026-07-20,1092.5000,1097.9000,1088.3000,1095.1000,84414.0000,1092.9445,1095.0000,1086.9000,1091.9000,1092.1000,,,,,,,,,20.0000,,,,,,,,yahoo
TATAPOWER,2026-07-20,376.9000,380.9000,375.5500,379.7500,385265.0000,379.6214,385.4500,379.6000,384.0500,384.3000,30.0000,50.0000,50.0000,255.0000,260.0000,,,,,,,,,,,,yahoo
TATASTEEL,2026-07-20,185.8200,186.9000,185.8000,186.0700,1004863.0000,186.3981,187.1900,185.9000,186.4900,186.4100,30.0000,,,,,,,,,,,,,,,,yahoo
TCS,2026-07-20,2277.3999,2283.0000,2249.0000,2263.6001,341418.0000,2260.6640,2266.8000,2247.7000,2248.8999,2251.1001,,,,,,,,,115.0000,,,,,,,,yahoo
TECHM,2026-07-20,1584.9000,1607.9000,1580.8000,1587.1000,503526.0000,1592.5420,1592.5000,1576.7000,1577.3000,1575.4000,,,,,,,,,30.0000,,,,,,,,yahoo
TITAN,2026-07-20,4634.2002,4645.3999,4625.3999,4641.0000,24276.0000,4636.1438,4660.0000,4636.5000,4643.7002,4646.2998,,,,,,,,,,,,,,,,,yahoo
TMCV,2026-07-20,411.0000,413.0500,406.3500,410.6500,573678.0000,408.0084,414.5500,406.1000,408.9500,410.0000,5.0000,40.0000,,,,,,,150.0000,150.0000,185.0000,,,,,,yahoo
TMPV,2026-07-20,334.8500,336.5000,334.1000,336.1000,677541.0000,335.8308,337.6000,332.4500,336.5500,336.3000,,,,,,,,,75.0000,105.0000,185.0000,,,,,,yahoo
TORNTPHARM,2026-07-20,4759.6001,4900.0000,4759.6001,4880.0000,97006.0000,4873.3417,5009.7002,4860.7998,5007.0000,4982.6001,120.0000,130.0000,150.0000,165.0000,180.0000,245.0000,320.0000,,,,,,,,,,yahoo
TRENT,2026-07-20,2851.0000,2909.1001,2837.8000,2903.0000,199836.0000,2883.1376,2934.8999,2888.7000,2921.7000,2925.8999,35.0000,45.0000,80.0000,,,,,,,,,,,,,,yahoo
TVSMOTOR,2026-07-20,3609.2000,3609.2000,3560.7000,3575.0000,35863.0000,3578.1490,3597.0000,3550.2000,3588.7000,3588.0000,35.0000,,,,,,,,180.0000,,,,,,,,yahoo
ULTRACEMCO,2026-07-20,11680.0000,11783.0000,11669.0000,11763.0000,14596.0000,11741.6913,12000.0000,11738.0000,11905.0000,11903.0000,35.0000,280.0000,280.0000,280.0000,280.0000,285.0000,,,,,,,,,,,yahoo
UNIONBANK,2026-07-20,169.7500,171.4500,169.3700,170.0000,2090964.0000,170.3464,177.2900,169.7000,176.0600,175.7600,25.0000,25.0000,35.0000,40.0000,80.0000,90.0000,170.0000,220.0000,,,,,,,,,yahoo
UNITDSPR,2026-07-20,1366.9000,1376.4000,1366.2000,1371.7000,35944.0000,1370.9294,1397.5000,1371.2000,1395.1000,1395.3000,25.0000,35.0000,75.0000,275.0000,310.0000,,,,,,,,,,,,yahoo
VBL,2026-07-20,461.5000,465.8500,461.0500,464.2000,274592.0000,464.1351,467.6500,461.1500,467.5000,469.3000,200.0000,,,,,,,,100.0000,,,,,,,,yahoo
VEDL,2026-07-20,253.0500,258.0000,253.0000,257.8000,1499537.0000,257.2210,262.1000,257.2500,261.7500,261.8500,20.0000,40.0000,45.0000,205.0000,325.0000,,,,,,,,,,,,yahoo
WIPRO,2026-07-20,176.5800,177.7700,175.8500,176.6000,1110241.0000,176.3910,176.9500,175.8700,176.3000,176.5000,,,,,,,,,,,,,,,,,yahoo
ZYDUSLIFE,2026-07-20,1144.0000,1158.5000,1144.0000,1152.7000,49753.0000,1152.4054,1166.4000,1147.4000,1150.9000,1148.6000,35.0000,40.0000,155.0000,,,,,,,,,,,,,,yahoo
ABB,2026-07-21,7525.0000,7629.5000,7496.0000,7609.0000,32747.0000,7557.8136,7610.0000,7504.0000,7541.0000,7532.0000,,,,,,,,,10.0000,10.0000,40.0000,55.0000,,,,,yahoo
ADANIENSOL,2026-07-21,1735.1000,1741.3000,1724.5000,1739.5000,155056.0000,1732.3672,1788.9000,1718.9000,1738.4000,1741.6000,255.0000,255.0000,260.0000,260.0000,260.0000,260.0000,270.0000,,120.0000,255.0000,255.0000,,,,,,yahoo
ADANIENT,2026-07-21,3180.0000,3212.1001,3180.0000,3187.8000,72766.0000,3191.5252,3209.0000,3182.2000,3182.5000,3182.7000,260.0000,,,,,,,,,,,,,,,,yahoo
ADANIGREEN,2026-07-21,1531.2000,1537.9000,1528.0000,1533.0000,85624.0000,1530.6066,1558.6000,1526.2000,1542.0000,1541.9000,5.0000,20.0000,20.0000,190.0000,270.0000,,,,,,,,,,,,yahoo
ADANIPORTS,2026-07-21,1839.2000,1847.7000,1833.6000,1840.1000,99929.0000,1838.3146,1857.0000,1836.7000,1845.2000,1846.2000,25.0000,260.0000,,,,,,,,,,,,,,,yahoo
ADANIPOWER,2026-07-21,220.2600,221.8400,219.2600,220.7000,1745554.0000,220.0324,222.4000,219.5000,220.1200,220.3000,175.0000,265.0000,,,,,,,125.0000,,,,,,,,yahoo
AMBUJACEM,2026-07-21,439.0000,442.9000,437.0000,440.7500,144099.0000,441.0797,444.7000,440.3000,441.3500,440.8500,50.0000,65.0000,,,,,,,,,,,,,,,yahoo
APOLLOHOSP,2026-07-21,8912.5000,8935.0000,8891.0000,8896.5000,17905.0000,8913.4263,8939.0000,8881.5000,8939.0000,8926.5000,,,,,,,,,,,,,,,,,yahoo
ASIANPAINT,2026-07-21,2698.2000,2714.3000,2691.0000,2712.1001,52685.0000,2707.0828,2720.0000,2680.5000,2689.0000,2697.0000,,,,,,,,,105.0000,130.0000,195.0000,,,,,,yahoo
AXISBANK,2026-07-21,1247.0000,1258.5000,1244.6000,1255.0000,2383186.0000,1250.2869,1267.4000,1251.5000,1256.6000,1258.2000,5.0000,15.0000,,,,,,,,,,,,,,,yahoo
BAJAJ-AUTO,2026-07-21,10523.0000,10556.5000,10494.0000,10524.5000,26670.0000,10519.4114,10555.0000,10345.5000,10400.0000,10403.5000,,,,,,,,,40.0000,195.0000,200.0000,200.0000,270.0000,,,,yahoo
BAJAJFINSV,2026-07-21,1854.9000,1883.9000,1854.1000,1882.6000,200989.0000,1873.2697,1904.8000,1877.1000,1900.4000,1900.7000,45.0000,260.0000,290.0000,,,,,,,,,,,,,,yahoo
BAJAJHLDNG,2026-07-21,10302.0000,10361.0000,10302.0000,10346.0000,2707.0000,10344.0282,10524.0000,10345.0000,10437.0000,10446.0000,5.0000,40.0000,40.0000,40.0000,45.0000,,,,,,,,,,,,yahoo
BAJFINANCE,2026-07-21,1065.0000,1071.1000,1061.2000,1070.0000,980820.0000,1067.1627,1074.3000,1064.5000,1068.6000,1069.2000,,,,,,,,,120.0000,,,,,,,,yahoo
BANKBARODA,2026-07-21,254.8500,257.0000,252.8000,252.9500,1265669.0000,254.8264,252.9500,247.4000,247.5000,248.1500,,,,,,,,,10.0000,10.0000,10.0000,70.0000,140.0000,190.0000,,,yahoo
BEL,2026-07-21,408.1000,409.6500,407.8500,408.4500,514221.0000,408.6589,410.9000,406.5000,409.8000,410.0500,315.0000,,,,,,,,,,,,,,,,yahoo
BHARTIARTL,2026-07-21,1946.4000,1950.1000,1942.0000,1947.0000,221042.0000,1947.2737,1950.0000,1938.9000,1947.5000,1948.4000,,,,,,,,,,,,,,,,,yahoo
BOSCHLTD,2026-07-21,41000.0000,41225.0000,40975.0000,41015.0000,673.0000,41033.9029,41030.0000,40720.0000,40870.0000,40870.0000,,,,,,,,,70.0000,,,,,,,,yahoo
BPCL,2026-07-21,317.6500,319.8000,317.1500,317.8000,418449.0000,317.7946,321.8500,317.6000,319.4000,319.0000,40.0000,40.0000,40.0000,40.0000,,,,,,,,,,,,,yahoo
BRITANNIA,2026-07-21,5465.5000,5476.5000,5456.5000,5470.0000,5674.0000,5466.4606,5497.0000,5435.0000,5475.0000,5485.0000,,,,,,,,,110.0000,,,,,,,,yahoo
CANBK,2026-07-21,128.7600,131.2000,128.1100,128.1100,6619802.0000,129.3741,128.4300,127.1900,127.5300,127.6200,,,,,,,,,10.0000,,,,,,,,yahoo
CGPOWER,2026-07-21,915.6000,918.0000,910.3000,912.6500,122861.0000,912.3828,918.8000,898.0000,914.4500,916.0000,265.0000,,,,,,,,30.0000,35.0000,50.0000,120.0000,200.0000,,,,yahoo
CHOLAFIN,2026-07-21,1766.4000,1774.3000,1765.4000,1771.8000,108224.0000,1770.5736,1772.0000,1753.5000,1757.6000,1759.9000,,,,,,,,,35.0000,40.0000,60.0000,,,,,,yahoo
CIPLA,2026-07-21,1441.0000,1442.4000,1432.0000,1433.1000,49337.0000,1435.3743,1437.6000,1414.4000,1432.8000,1432.0000,,,,,,,,,70.0000,80.0000,100.0000,105.0000,,,,,yahoo
COALINDIA,2026-07-21,430.0000,431.9000,429.9000,431.5000,142518.0000,431.2927,433.2000,430.7000,431.4500,431.2500,,,,,,,,,,,,,,,,,yahoo
CUMMINSIND,2026-07-21,5534.5000,5558.0000,5510.0000,5532.0000,10347.0000,5519.5387,5587.0000,5506.5000,5583.0000,5583.0000,135.0000,155.0000,,,,,,,,,,,,,,,yahoo
DIVISLAB,2026-07-21,7327.5000,7327.5000,7275.0000,7306.5000,12408.0000,7292.0372,7344.0000,7277.0000,7328.5000,7330.0000,280.0000,,,,,,,,,,,,,,,,yahoo
DLF,2026-07-21,669.0000,670.2500,665.5500,665.7500,168070.0000,667.6601,675.3000,665.5000,674.0500,672.1000,15.0000,15.0000,15.0000,265.0000,,,,,,,,,,,,,yahoo
DMART,2026-07-21,3979.7000,3992.8999,3974.0000,3984.2000,11262.0000,3983.2458,4008.8999,3955.2000,3973.2000,3980.1001,10.0000,,,,,,,,185.0000,,,,,,,,yahoo
DRREDDY,2026-07-21,1225.0000,1225.0000,1212.4000,1219.5000,82128.0000,1218.4144,1228.7000,1205.5000,1208.2000,1205.4000,15.0000,20.0000,,,,,,,90.0000,100.0000,105.0000,,,,,,yahoo
EICHERMOT,2026-07-21,7578.0000,7647.0000,7578.0000,7642.0000,34184.0000,7630.9536,7689.0000,7569.0000,7686.5000,7700.0000,320.0000,,,,,,,,20.0000,195.0000,,,,,,,yahoo
ENRIN,2026-07-21,3408.1001,3414.1001,3374.1001,3398.0000,45273.0000,3389.4579,3420.0000,3351.0000,3371.3999,3365.0000,20.0000,,,,,,,,95.0000,105.0000,120.0000,150.0000,,,,,yahoo
ETERNAL,2026-07-21,285.2500,285.5500,284.0500,284.5000,2181401.0000,284.7863,288.1000,283.6000,286.1000,287.6000,95.0000,305.0000,305.0000,310.0000,,,,,,,,,,,,,yahoo
GAIL,2026-07-21,172.7100,175.1000,172.7100,174.7000,451857.0000,174.7513,176.1200,173.6000,174.0300,173.4000,5.0000,10.0000,,,,,,,165.0000,,,,,,,,yahoo
GODREJCP,2026-07-21,1064.1000,1068.4000,1060.0000,1060.0000,19274.0000,1062.8011,1061.4000,1038.1000,1053.0000,1056.0000,,,,,,,,,55.0000,55.0000,65.0000,90.0000,115.0000,140.0000,,,yahoo
GRASIM,2026-07-21,3146.6001,3159.8999,3146.2000,3155.6001,9281.0000,3155.2194,3180.8000,3143.8000,3179.3999,3179.8000,300.0000,325.0000,,,,,,,,,,,,,,,yahoo
HAL,2026-07-21,4483.6001,4508.0000,4483.6001,4496.7002,34437.0000,4497.7023,4594.0000,4461.3999,4580.0000,4582.0000,250.0000,255.0000,260.0000,260.0000,265.0000,305.0000,,,35.0000,90.0000,,,,,,,yahoo
HCLTECH,2026-07-21,1220.0000,1231.9000,1218.0000,1225.8000,465093.0000,1227.4996,1240.5000,1221.2000,1239.6000,1239.5000,105.0000,130.0000,285.0000,,,,,,,,,,,,,,yahoo
HDFCAMC,2026-07-21,2663.6001,2694.8000,2653.3999,2657.0000,88497.0000,2667.4935,2653.0000,2578.3000,2580.7000,2585.7000,,,,,,,,,5.0000,10.0000,20.0000,30.0000,35.0000,95.0000,190.0000,,yahoo
HDFCBANK,2026-07-21,769.1500,772.4000,767.1500,769.6500,3672353.0000,770.0126,769.9000,760.2000,761.3000,761.5000,,,,,,,,,115.0000,245.0000,270.0000,,,,,,yahoo
HDFCLIFE,2026-07-21,564.6000,564.6000,560.9000,562.3000,388668.0000,563.1312,563.2000,557.5000,560.5500,561.9000,,,,,,,,,65.0000,100.0000,,,,,,,yahoo
HINDALCO,2026-07-21,946.6500,953.9000,946.1000,946.6500,193554.0000,948.7337,952.8000,941.0000,951.0000,951.4000,235.0000,,,,,,,,70.0000,,,,,,,,yahoo
HINDUNILVR,2026-07-21,2138.8000,2145.0000,2138.0000,2141.5000,36629.0000,2140.9610,2147.3999,2127.5000,2141.8000,2142.5000,,,,,,,,,120.0000,,,,,,,,yahoo
HINDZINC,2026-07-21,526.8500,529.4500,525.9500,527.5000,265357.0000,527.5741,536.4000,524.6000,534.2500,535.0000,115.0000,115.0000,120.0000,160.0000,220.0000,,,,70.0000,,,,,,,,yahoo
HYUNDAI,2026-07-21,1969.8000,1969.8000,1950.5000,1951.7000,42104.0000,1955.5704,1969.3000,1938.5000,1956.9000,1958.6000,245.0000,300.0000,,,,,,,35.0000,,,,,,,,yahoo
ICICIBANK,2026-07-21,1468.2000,1472.4000,1461.0000,1462.7000,1831307.0000,1467.4413,1466.9000,1456.6000,1463.0000,1463.1000,,,,,,,,,,,,,,,,,yahoo
INDHOTEL,2026-07-21,727.3500,728.2000,721.8500,722.7000,132450.0000,724.3243,731.4500,716.1000,730.4000,731.6000,175.0000,220.0000,275.0000,,,,,,75.0000,75.0000,,,,,,,yahoo
INDIGO,2026-07-21,5246.5000,5298.0000,5241.0000,5265.0000,101842.0000,5271.0864,5325.0000,5260.5000,5315.0000,5287.0000,15.0000,155.0000,250.0000,,,,,,,,,,,,,,yahoo
INFY,2026-07-21,1083.2000,1094.5000,1078.3000,1084.5000,681706.0000,1089.8341,1084.9000,1067.2000,1073.4000,1070.6000,,,,,,,,,5.0000,5.0000,40.0000,65.0000,70.0000,,,,yahoo
IOC,2026-07-21,142.6000,143.6500,142.6000,143.0700,822122.0000,142.9910,143.9800,142.6600,143.2200,143.0700,40.0000,,,,,,,,,,,,,,,,yahoo
IRFC,2026-07-21,88.7000,89.1000,88.4200,88.4600,680050.0000,88.6619,88.6000,88.0000,88.3200,88.2000,,,,,,,,,190.0000,,,,,,,,yahoo
ITC,2026-07-21,282.3000,283.9000,282.3000,283.6000,587520.0000,283.3311,283.6500,278.9500,281.0000,281.1000,,,,,,,,,95.0000,100.0000,160.0000,160.0000,270.0000,,,,yahoo
JINDALSTEL,2026-07-21,1034.9000,1039.6000,1032.0000,1035.8000,18351.0000,1036.0794,1049.9000,1032.5000,1043.7000,1047.0000,135.0000,145.0000,145.0000,220.0000,,,,,,,,,,,,,yahoo
JIOFIN,2026-07-21,239.3900,239.6700,238.0100,238.1900,1315358.0000,238.5840,241.2000,236.7100,239.7100,240.5100,235.0000,240.0000,240.0000,255.0000,,,,,75.0000,,,,,,,,yahoo
JSWSTEEL,2026-07-21,1257.4000,1269.4000,1255.7000,1268.8000,118892.0000,1266.1356,1271.0000,1261.3000,1267.3000,1266.0000,,,,,,,,,35.0000,,,,,,,,yahoo
KOTAKBANK,2026-07-21,383.3500,384.4000,382.3000,383.4500,604584.0000,383.1492,386.9500,381.1000,386.0500,385.9500,150.0000,155.0000,,,,,,,35.0000,,,,,,,,yahoo
LODHA,2026-07-21,1188.9000,1195.5000,1186.5500,1187.3000,101693.0000,1190.5408,1199.7000,1183.0000,1197.8500,1198.9500,15.0000,170.0000,330.0000,,,,,,,,,,,,,,yahoo
LT,2026-07-21,3839.0000,3855.1001,3831.1001,3841.3000,85983.0000,3838.7803,3848.8000,3815.8000,3845.3999,3850.0000,,,,,,,,,195.0000,,,,,,,,yahoo
LTM,2026-07-21,4090.0000,4111.6001,4068.0000,4073.8000,24515.0000,4091.3648,4085.0000,4023.2000,4048.8999,4045.0000,,,,,,,,,60.0000,65.0000,70.0000,,,,,,yahoo
M&M,2026-07-21,3156.1001,3168.0000,3150.6001,3152.0000,92253.0000,3155.4573,3202.7000,3143.0000,3200.8999,3201.7000,105.0000,110.0000,130.0000,140.0000,325.0000,,,,,,,,,,,,yahoo
MARUTI,2026-07-21,13520.0000,13520.0000,13367.0000,13467.0000,20568.0000,13437.3241,13649.0000,13348.0000,13641.0000,13640.0000,290.0000,330.0000,330.0000,330.0000,,,,,30.0000,65.0000,,,,,,,yahoo
MAXHEALTH,2026-07-21,1103.1000,1105.3000,1099.3000,1101.1000,44060.0000,1100.8294,1102.9000,1084.7000,1102.0000,1097.0000,,,,,,,,,40.0000,50.0000,50.0000,80.0000,,,,,yahoo
MAZDOCK,2026-07-21,2344.8000,2353.3000,2340.5000,2341.6001,59506.0000,2345.8496,2356.0000,2331.0000,2353.3999,2359.0000,310.0000,,,,,,,,,,,,,,,,yahoo
MOTHERSON,2026-07-21,143.4000,145.2300,143.4000,144.4500,661686.0000,144.7458,145.5300,143.1700,145.1000,145.6000,260.0000,,,,,,,,20.0000,45.0000,,,,,,,yahoo
MUTHOOTFIN,2026-07-21,2995.0000,3033.8999,2987.8999,3026.7000,68513.0000,3019.0988,3110.0000,3015.1001,3080.0000,3079.0000,140.0000,145.0000,150.0000,155.0000,155.0000,250.0000,260.0000,,,,,,,,,,yahoo
NESTLEIND,2026-07-21,1448.7000,1460.0000,1448.1000,1458.1000,53334.0000,1454.5672,1464.3000,1447.2000,1451.4000,1451.9000,,,,,,,,,100.0000,,,,,,,,yahoo
NTPC,2026-07-21,347.0500,349.1000,346.1000,346.8000,205941.0000,346.8944,349.0000,344.1500,348.4500,348.8000,80.0000,,,,,,,,155.0000,205.0000,,,,,,,yahoo
ONGC,2026-07-21,250.4300,251.3500,250.0000,251.1000,529799.0000,250.9378,251.5500,248.8200,249.6700,249.7500,,,,,,,,,45.0000,125.0000,,,,,,,yahoo
PFC,2026-07-21,414.8500,418.0500,413.0500,415.7500,556910.0000,416.9037,415.9000,410.1500,414.9000,414.8500,,,,,,,,,95.0000,130.0000,190.0000,195.0000,,,,,yahoo
PIDILITIND,2026-07-21,1574.4000,1579.2000,1571.8000,1574.3000,74052.0000,1574.3096,1586.8000,1569.5000,1584.3000,1597.0000,25.0000,330.0000,,,,,,,,,,,,,,,yahoo
PNB,2026-07-21,111.6700,113.3500,111.6700,112.4900,4020967.0000,112.8413,113.1900,111.7600,112.0000,112.1000,60.0000,,,,,,,,120.0000,,,,,,,,yahoo
POWERGRID,2026-07-21,289.0000,290.3000,288.6000,289.3500,686760.0000,289.3927,289.6500,284.4500,286.8000,286.3500,,,,,,,,,85.0000,115.0000,120.0000,145.0000,180.0000,,,,yahoo
RECLTD,2026-07-21,361.9500,363.9000,360.7500,361.1000,369067.0000,362.5000,363.5000,357.1000,361.9500,361.8000,280.0000,,,,,,,,140.0000,155.0000,195.0000,,,,,,yahoo
RELIANCE,2026-07-21,1321.8000,1323.0000,1313.6000,1318.7000,1025529.0000,1316.7621,1319.9000,1303.1000,1303.6000,1304.4000,,,,,,,,,105.0000,190.0000,200.0000,,,,,,yahoo
SBILIFE,2026-07-21,1832.6000,1834.8000,1827.4000,1829.1000,50879.0000,1830.8773,1832.5000,1816.8000,1827.5000,1827.9000,,,,,,,,,60.0000,,,,,,,,yahoo
SBIN,2026-07-21,1057.0000,1066.8000,1057.0000,1061.7000,1032867.0000,1062.5369,1061.6000,1043.3000,1043.5000,1044.0000,,,,,,,,,10.0000,55.0000,105.0000,155.0000,305.0000,,,,yahoo
SHREECEM,2026-07-21,26795.0000,27215.0000,26795.0000,27115.0000,1384.0000,27107.2038,27265.0000,26880.0000,27245.0000,27285.0000,320.0000,,,,,,,,55.0000,105.0000,,,,,,,yahoo
SHRIRAMFIN,2026-07-21,1031.3000,1050.1000,1031.3000,1050.1000,581179.0000,1046.1101,1067.4000,1048.2000,1059.8000,1063.9000,30.0000,35.0000,55.0000,60.0000,75.0000,,,,,,,,,,,,yahoo
SIEMENS,2026-07-21,3679.7000,3709.0000,3660.0000,3695.5000,22480.0000,3681.5528,3698.2000,3632.1001,3665.8999,3667.8000,,,,,,,,,40.0000,45.0000,50.0000,55.0000,55.0000,,,,yahoo
SOLARINDS,2026-07-21,19084.0000,19128.0000,18951.0000,19012.0000,16040.0000,19051.8274,19071.0000,18865.0000,19071.0000,19045.0000,,,,,,,,,35.0000,55.0000,,,,,,,yahoo
SUNPHARMA,2026-07-21,1945.4000,1949.5000,1939.1000,1949.5000,58826.0000,1943.7804,1966.0000,1947.0000,1962.6000,1961.9000,125.0000,170.0000,,,,,,,,,,,,,,,yahoo
TATACAP,2026-07-21,352.9000,354.7500,352.0500,354.0000,30414.0000,354.0101,354.3000,349.2500,350.9000,350.4000,,,,,,,,,40.0000,115.0000,200.0000,200.0000,,,,,yahoo
TATACONSUM,2026-07-21,1092.9000,1096.5000,1089.0000,1091.1000,47993.0000,1091.8148,1095.7000,1080.0000,1080.8000,1080.1000,,,,,,,,,90.0000,185.0000,295.0000,,,,,,yahoo
TATAPOWER,2026-07-21,386.0000,388.0000,384.6000,384.9500,319075.0000,385.4830,385.8000,380.1000,381.4500,381.3500,,,,,,,,,70.0000,125.0000,135.0000,200.0000,,,,,yahoo
TATASTEEL,2026-07-21,186.9000,188.1000,186.0800,186.1600,1218093.0000,186.7233,187.3900,184.7500,187.3000,187.3100,225.0000,,,,,,,,35.0000,115.0000,,,,,,,yahoo
TCS,2026-07-21,2247.5000,2257.6001,2242.1001,2244.8000,247959.0000,2250.5408,2245.3999,2219.0000,2220.8000,2220.0000,,,,,,,,,40.0000,45.0000,155.0000,,,,,,yahoo
TECHM,2026-07-21,1578.2000,1614.5000,1578.2000,1601.4000,736842.0000,1605.1158,1604.6000,1572.5000,1576.3000,1577.4000,,,,,,,,,45.0000,45.0000,155.0000,185.0000,225.0000,,,,yahoo
TITAN,2026-07-21,4639.2998,4649.3999,4632.0000,4642.3999,43576.0000,4638.5196,4690.3999,4632.5000,4690.3999,4689.8999,85.0000,95.0000,110.0000,,,,,,,,,,,,,,yahoo
TMCV,2026-07-21,409.3500,414.9000,409.3500,414.1500,301314.0000,414.0616,414.6500,409.9500,412.1000,412.9500,,,,,,,,,40.0000,285.0000,320.0000,,,,,,yahoo
TMPV,2026-07-21,335.3500,337.6500,335.3500,335.9500,381639.0000,336.2957,335.9000,331.9000,333.7000,333.9000,,,,,,,,,30.0000,55.0000,190.0000,,,,,,yahoo
TORNTPHARM,2026-07-21,4960.6001,4996.7998,4950.0000,4978.8999,19333.0000,4972.0192,5046.3999,4975.7998,5039.2002,5048.0000,15.0000,140.0000,165.0000,240.0000,,,,,,,,,,,,,yahoo
TRENT,2026-07-21,2928.0000,2933.0000,2917.3000,2920.2000,36958.0000,2923.0643,2929.7000,2883.1001,2894.8999,2894.7000,,,,,,,,,120.0000,155.0000,190.0000,200.0000,,,,,yahoo
TVSMOTOR,2026-07-21,3599.7000,3603.0000,3582.0000,3596.8999,34875.0000,3591.0790,3809.8999,3577.0000,3793.2000,3794.0000,10.0000,265.0000,265.0000,265.0000,265.0000,265.0000,265.0000,270.0000,105.0000,,,,,,,,yahoo
ULTRACEMCO,2026-07-21,12020.0000,12110.0000,11951.0000,12097.0000,174292.0000,12050.2335,12126.0000,11945.0000,12098.0000,12094.0000,,,,,,,,,45.0000,45.0000,55.0000,55.0000,,,,,yahoo
UNIONBANK,2026-07-21,175.8100,179.3900,175.8100,177.5700,7369040.0000,178.0803,178.7500,175.8600,176.2800,176.1700,25.0000,,,,,,,,15.0000,190.0000,,,,,,,yahoo
UNITDSPR,2026-07-21,1399.0000,1399.0000,1391.0000,1396.0000,9213.0000,1393.9575,1400.0000,1375.5000,1390.5000,1390.8000,,,,,,,,,95.0000,120.0000,120.0000,130.0000,,,,,yahoo
VBL,2026-07-21,470.5000,470.5000,467.5000,470.3500,402883.0000,469.2033,472.3500,463.0000,463.7500,462.9000,,,,,,,,,75.0000,125.0000,125.0000,155.0000,205.0000,,,,yahoo
VEDL,2026-07-21,261.9000,263.7000,261.1500,261.8500,840446.0000,262.5355,266.3000,259.5500,264.6500,264.9500,135.0000,170.0000,170.0000,170.0000,215.0000,,,,25.0000,55.0000,,,,,,,yahoo
WIPRO,2026-07-21,176.2000,177.5000,176.2000,176.3200,1132961.0000,176.8748,176.3700,174.5000,174.8000,174.9000,,,,,,,,,40.0000,100.0000,185.0000,,,,,,yahoo
ZYDUSLIFE,2026-07-21,1146.8000,1149.4000,1142.0000,1145.9000,43084.0000,1144.9407,1148.4000,1138.0000,1144.6000,1143.6000,,,,,,,,,50.0000,,,,,,,,yahoo
ABB,2026-07-22,7558.0000,7633.5000,7531.0000,7541.0000,18637.0000,7559.7310,7639.0000,7487.0000,7510.0000,7522.0000,100.0000,105.0000,120.0000,120.0000,,,,,10.0000,,,,,,,,yahoo
ADANIENSOL,2026-07-22,1750.7000,1755.5000,1715.4000,1730.0000,438570.0000,1732.5986,1756.8000,1712.4000,1729.8000,1724.4000,5.0000,20.0000,25.0000,25.0000,115.0000,,,,270.0000,275.0000,285.0000,,,,,,yahoo
ADANIENT,2026-07-22,3183.8999,3183.8999,3157.0000,3159.0000,92133.0000,3165.1449,3201.7000,3139.0000,3150.5000,3148.0000,25.0000,25.0000,25.0000,70.0000,,,,,285.0000,,,,,,,,yahoo
ADANIGREEN,2026-07-22,1541.0000,1545.3000,1516.8000,1522.4000,318950.0000,1524.9412,1531.5000,1467.8000,1477.6000,1475.6000,25.0000,,,,,,,,135.0000,135.0000,160.0000,270.0000,270.0000,270.0000,300.0000,315.0000,yahoo
ADANIPORTS,2026-07-22,1846.0000,1846.0000,1822.0000,1826.6000,114866.0000,1827.9448,1846.1000,1815.0000,1820.5000,1819.4000,25.0000,65.0000,70.0000,,,,,,285.0000,,,,,,,,yahoo
ADANIPOWER,2026-07-22,220.7000,221.3100,217.6300,218.1300,3151422.0000,218.7184,221.2900,212.1000,217.6600,217.0200,30.0000,70.0000,250.0000,255.0000,,,,,135.0000,135.0000,135.0000,250.0000,250.0000,250.0000,250.0000,,yahoo
AMBUJACEM,2026-07-22,440.0500,440.0500,433.0000,433.5000,164611.0000,433.9874,435.4000,430.1000,431.2000,430.5000,,,,,,,,,170.0000,300.0000,,,,,,,yahoo
APOLLOHOSP,2026-07-22,8891.0000,8939.5000,8867.5000,8900.0000,13267.0000,8899.3241,8944.0000,8875.5000,8939.0000,8922.5000,,,,,,,,,,,,,,,,,yahoo
ASIANPAINT,2026-07-22,2683.6001,2696.6001,2682.0000,2690.5000,28849.0000,2692.2622,2698.8999,2665.6001,2691.3000,2692.8000,,,,,,,,,145.0000,170.0000,,,,,,,yahoo
AXISBANK,2026-07-22,1256.9000,1256.9000,1238.4000,1241.7000,561144.0000,1241.5537,1243.8000,1235.0000,1239.3000,1238.4000,,,,,,,,,140.0000,,,,,,,,yahoo
BAJAJ-AUTO,2026-07-22,10615.0000,10835.0000,10580.5000,10782.0000,334710.0000,10763.2217,11014.0000,10651.0000,11003.0000,10998.5000,100.0000,100.0000,105.0000,190.0000,190.0000,200.0000,,,15.0000,20.0000,45.0000,,,,,,yahoo
BAJAJFINSV,2026-07-22,1899.0000,1899.0000,1886.7000,1890.3000,68878.0000,1890.4655,1891.1000,1871.1000,1877.9000,1876.4000,,,,,,,,,90.0000,90.0000,225.0000,,,,,,yahoo
BAJAJHLDNG,2026-07-22,10459.0000,10485.0000,10333.0000,10338.0000,2880.0000,10372.6054,10544.0000,10304.0000,10431.0000,10425.0000,25.0000,80.0000,100.0000,105.0000,135.0000,,,,,,,,,,,,yahoo
BAJFINANCE,2026-07-22,1064.2000,1069.8000,1061.2000,1061.2000,441155.0000,1063.4705,1064.6000,1056.4000,1060.6000,1059.6000,,,,,,,,,,,,,,,,,yahoo
BANKBARODA,2026-07-22,247.5500,247.7000,245.1000,245.3500,930042.0000,245.6308,246.8500,244.4000,245.7500,245.9500,100.0000,,,,,,,,,,,,,,,,yahoo
BEL,2026-07-22,409.7000,410.5500,407.2000,407.2500,655912.0000,408.1058,408.6000,406.0000,407.0000,406.7500,,,,,,,,,,,,,,,,,yahoo
BHARTIARTL,2026-07-22,1944.4000,1949.7000,1942.8000,1946.7000,396435.0000,1945.8830,1956.0000,1939.5000,1950.2000,1950.6000,,,,,,,,,,,,,,,,,yahoo
BOSCHLTD,2026-07-22,40835.0000,41250.0000,40770.0000,40945.0000,1347.0000,40962.9931,41630.0000,40730.0000,41585.0000,41500.0000,95.0000,110.0000,155.0000,235.0000,240.0000,,,,20.0000,,,,,,,,yahoo
BPCL,2026-07-22,314.4500,315.7500,313.6500,314.0500,530258.0000,314.5021,321.7000,314.0000,314.9000,314.0000,50.0000,60.0000,60.0000,65.0000,75.0000,95.0000,,,,,,,,,,,yahoo
BRITANNIA,2026-07-22,5478.0000,5479.5000,5444.0000,5460.0000,11586.0000,5459.0196,5529.0000,5443.5000,5491.5000,5485.5000,80.0000,90.0000,90.0000,95.0000,,,,,,,,,,,,,yahoo
CANBK,2026-07-22,127.0600,127.1400,125.5700,125.5700,1388041.0000,125.9718,127.1300,125.3000,126.5500,126.6000,40.0000,55.0000,100.0000,,,,,,,,,,,,,,yahoo
CGPOWER,2026-07-22,918.8000,930.8000,918.8000,920.7000,449581.0000,925.6055,920.8500,910.2500,914.0500,912.5000,,,,,,,,,5.0000,15.0000,15.0000,,,,,,yahoo
CHOLAFIN,2026-07-22,1758.8000,1769.3000,1744.1000,1745.7000,45456.0000,1752.1443,1748.5000,1725.1000,1728.6000,1728.9000,,,,,,,,,10.0000,140.0000,150.0000,,,,,,yahoo
CIPLA,2026-07-22,1417.4000,1417.4000,1397.0000,1404.1000,185737.0000,1405.9083,1415.8000,1402.8000,1415.3000,1416.0000,90.0000,330.0000,,,,,,,,,,,,,,,yahoo
COALINDIA,2026-07-22,431.4000,431.6500,430.0000,430.1000,112861.0000,430.8705,430.9000,427.4500,428.9000,428.8500,,,,,,,,,15.0000,,,,,,,,yahoo
CUMMINSIND,2026-07-22,5595.0000,5632.5000,5578.5000,5587.5000,19216.0000,5596.6096,5615.5000,5565.5000,5585.0000,5586.0000,40.0000,,,,,,,,,,,,,,,,yahoo
DIVISLAB,2026-07-22,7290.0000,7290.0000,7222.0000,7239.0000,17048.0000,7250.9175,7398.0000,7231.5000,7393.5000,7386.5000,35.0000,40.0000,50.0000,50.0000,60.0000,85.0000,,,,,,,,,,,yahoo
DLF,2026-07-22,670.0000,670.0000,658.8000,660.1000,249291.0000,661.9672,662.3500,648.8000,651.5000,652.5000,,,,,,,,,30.0000,30.0000,45.0000,140.0000,145.0000,,,,yahoo
DMART,2026-07-22,3968.0000,3982.3000,3957.3000,3978.1001,17633.0000,3967.7658,4012.3000,3968.1001,3999.1001,4000.5000,20.0000,30.0000,,,,,,,,,,,,,,,yahoo
DRREDDY,2026-07-22,1192.0000,1200.9000,1185.7000,1189.8000,197478.0000,1193.4925,1193.8000,1169.6000,1186.2000,1179.9000,,,,,,,,,175.0000,250.0000,255.0000,255.0000,255.0000,,,,yahoo
EICHERMOT,2026-07-22,7693.5000,7736.0000,7603.0000,7625.5000,73152.0000,7642.2927,7658.0000,7585.5000,7628.5000,7632.0000,,,,,,,,,5.0000,,,,,,,,yahoo
ENRIN,2026-07-22,3381.0000,3429.0000,3381.0000,3394.5000,20352.0000,3400.3289,3398.5000,3362.7000,3374.3000,3370.0000,,,,,,,,,5.0000,5.0000,,,,,,,yahoo
ETERNAL,2026-07-22,287.9000,288.9500,286.1000,286.6000,2259227.0000,287.2913,291.1000,275.8000,291.1000,289.5000,25.0000,330.0000,330.0000,330.0000,330.0000,,,,170.0000,200.0000,200.0000,210.0000,230.0000,320.0000,320.0000,320.0000,yahoo
GAIL,2026-07-22,173.6500,174.7000,172.2500,172.5300,621551.0000,173.3038,173.5800,172.5000,173.2900,172.7000,25.0000,,,,,,,,,,,,,,,,yahoo
GODREJCP,2026-07-22,1056.8000,1061.9000,1045.0000,1045.0000,27567.0000,1050.2470,1068.3000,1040.1000,1067.7000,1071.0000,75.0000,90.0000,95.0000,95.0000,100.0000,190.0000,,,,,,,,,,,yahoo
GRASIM,2026-07-22,3169.0000,3169.0000,3149.3999,3157.7000,8611.0000,3155.2571,3172.8000,3146.6001,3162.7000,3166.3000,,,,,,,,,,,,,,,,,yahoo
HAL,2026-07-22,4584.2998,4593.7998,4549.0000,4554.2998,55974.0000,4557.1551,4627.0000,4551.2998,4579.1001,4565.0000,10.0000,30.0000,30.0000,110.0000,120.0000,,,,,,,,,,,,yahoo
HCLTECH,2026-07-22,1243.1000,1243.1000,1228.3000,1234.1000,180312.0000,1235.5394,1242.1000,1232.0000,1237.7000,1237.0000,25.0000,,,,,,,,,,,,,,,,yahoo
HDFCAMC,2026-07-22,2586.8000,2592.6001,2547.0000,2560.5000,96608.0000,2561.6759,2580.0000,2537.7000,2548.2000,2549.0000,55.0000,55.0000,,,,,,,145.0000,145.0000,,,,,,,yahoo
HDFCBANK,2026-07-22,760.5500,761.2500,753.0500,754.0500,3055901.0000,754.7882,755.9000,750.4500,752.9500,753.8000,,,,,,,,,,,,,,,,,yahoo
HDFCLIFE,2026-07-22,561.0000,561.6000,554.2000,555.4000,312031.0000,556.4052,556.1000,550.2000,553.6000,553.5500,,,,,,,,,175.0000,255.0000,,,,,,,yahoo
HINDALCO,2026-07-22,952.0000,961.9500,948.3000,948.4500,498564.0000,952.1803,952.0500,945.5000,950.8500,950.0000,,,,,,,,,,,,,,,,,yahoo
HINDUNILVR,2026-07-22,2142.0000,2150.3000,2136.0000,2137.6001,48172.0000,2141.8759,2159.8999,2130.6001,2152.3999,2154.6001,95.0000,115.0000,120.0000,,,,,,,,,,,,,,yahoo
HINDZINC,2026-07-22,537.2500,540.8000,536.7500,537.5000,283381.0000,538.5301,539.8500,532.1000,535.7000,535.9000,,,,,,,,,115.0000,170.0000,180.0000,,,,,,yahoo
HYUNDAI,2026-07-22,1960.2000,1970.7000,1939.0000,1945.2000,51115.0000,1946.3268,1970.0000,1941.2000,1943.5000,1945.6000,30.0000,55.0000,100.0000,125.0000,,,,,,,,,,,,,yahoo
ICICIBANK,2026-07-22,1460.4000,1462.7000,1444.2000,1448.0000,962854.0000,1449.2074,1451.9000,1438.4000,1442.5000,1440.7000,,,,,,,,,155.0000,,,,,,,,yahoo
INDHOTEL,2026-07-22,735.6000,735.6000,718.5500,727.5500,472440.0000,726.3745,731.2000,720.9500,727.2500,724.0000,75.0000,,,,,,,,15.0000,160.0000,,,,,,,yahoo
INDIGO,2026-07-22,5207.5000,5207.5000,5121.0000,5144.5000,143873.0000,5144.8661,5173.5000,5100.5000,5124.0000,5111.0000,30.0000,,,,,,,,55.0000,305.0000,,,,,,,yahoo
INFY,2026-07-22,1065.2000,1067.2000,1058.5000,1066.2000,472224.0000,1065.4354,1069.0000,1046.3000,1053.8000,1052.0000,,,,,,,,,40.0000,40.0000,95.0000,170.0000,175.0000,,,,yahoo
IOC,2026-07-22,142.2200,142.4900,141.1100,142.1000,809657.0000,142.1016,143.1600,141.8900,142.3400,142.0300,75.0000,,,,,,,,,,,,,,,,yahoo
IRFC,2026-07-22,88.3000,88.3400,87.4600,87.5000,1034287.0000,87.6730,87.6200,87.1700,87.4800,87.2000,,,,,,,,,,,,,,,,,yahoo
ITC,2026-07-22,280.6500,281.0000,278.7500,278.9000,605727.0000,279.4944,282.2000,278.5000,280.8000,281.8000,115.0000,185.0000,215.0000,,,,,,,,,,,,,,yahoo
JINDALSTEL,2026-07-22,1049.9000,1049.9000,1039.3000,1040.5000,40707.0000,1042.5191,1050.6000,1040.4000,1045.2000,1045.0000,10.0000,75.0000,,,,,,,,,,,,,,,yahoo
JIOFIN,2026-07-22,239.6000,241.4100,237.7200,237.7300,1413670.0000,238.6625,237.9300,234.2300,234.9000,234.8900,,,,,,,,,45.0000,140.0000,140.0000,140.0000,,,,,yahoo
JSWSTEEL,2026-07-22,1265.3000,1268.9000,1261.8000,1264.3000,503069.0000,1264.2669,1279.3000,1263.9000,1268.4000,1266.9000,25.0000,45.0000,55.0000,,,,,,,,,,,,,,yahoo
KOTAKBANK,2026-07-22,384.8000,387.6000,382.5000,383.6000,559693.0000,383.0718,383.9500,378.2000,381.2000,382.5000,,,,,,,,,55.0000,60.0000,160.0000,265.0000,,,,,yahoo
LODHA,2026-07-22,1203.8000,1203.8000,1164.5500,1167.2500,300171.0000,1172.2303,1172.2000,1153.1500,1159.5000,1165.0000,,,,,,,,,10.0000,35.0000,145.0000,,,,,,yahoo
LT,2026-07-22,3835.0000,3842.2000,3822.3999,3825.2000,127470.0000,3832.3647,3833.3999,3806.7000,3822.3999,3817.3999,,,,,,,,,,,,,,,,,yahoo
LTM,2026-07-22,4050.1001,4050.1001,3997.7000,4017.3999,15435.0000,4018.7569,4046.0000,3976.1001,3987.8999,3973.0000,25.0000,,,,,,,,45.0000,175.0000,290.0000,,,,,,yahoo
M&M,2026-07-22,3197.8999,3219.8999,3176.7000,3192.8000,203255.0000,3191.0749,3209.8000,3167.1001,3176.3000,3175.3000,130.0000,,,,,,,,270.0000,290.0000,,,,,,,yahoo
MARUTI,2026-07-22,13593.0000,13710.0000,13575.0000,13610.0000,33275.0000,13619.3212,13635.0000,13491.0000,13548.0000,13545.0000,,,,,,,,,155.0000,170.0000,,,,,,,yahoo
MAXHEALTH,2026-07-22,1093.2000,1093.2000,1080.5000,1086.4000,56725.0000,1088.6075,1090.1000,1078.0000,1081.5000,1080.0000,,,,,,,,,20.0000,80.0000,,,,,,,yahoo
MAZDOCK,2026-07-22,2347.8000,2358.8999,2328.0000,2332.0000,61258.0000,2333.8900,2345.0000,2303.0000,2309.2000,2308.0000,30.0000,,,,,,,,285.0000,305.0000,305.0000,,,,,,yahoo
MOTHERSON,2026-07-22,145.2200,147.2000,145.2200,146.8000,2177019.0000,146.8133,147.6000,143.4900,143.7800,143.5400,110.0000,,,,,,,,5.0000,175.0000,180.0000,215.0000,270.0000,290.0000,,,yahoo
MUTHOOTFIN,2026-07-22,3105.7000,3138.7000,3087.6001,3088.0000,108442.0000,3106.3956,3098.1001,3030.0000,3036.8000,3035.6001,,,,,,,,,40.0000,90.0000,115.0000,140.0000,180.0000,,,,yahoo
NESTLEIND,2026-07-22,1456.0000,1472.8000,1455.6000,1466.0000,238236.0000,1465.2488,1509.9000,1463.0000,1491.9000,1499.0000,50.0000,65.0000,65.0000,85.0000,85.0000,90.0000,90.0000,,,,,,,,,,yahoo
NTPC,2026-07-22,348.0000,348.0000,346.4500,346.5000,308986.0000,346.8981,350.8000,345.8000,350.3500,350.4000,105.0000,110.0000,115.0000,,,,,,,,,,,,,,yahoo
ONGC,2026-07-22,251.2000,252.7500,251.2000,252.0000,1279762.0000,252.1613,252.7000,250.1500,252.1500,251.9000,,,,,,,,,95.0000,,,,,,,,yahoo
PFC,2026-07-22,413.6000,414.3000,410.7500,410.9500,226604.0000,411.9855,413.6500,409.2000,412.5500,412.3000,230.0000,,,,,,,,,,,,,,,,yahoo
PIDILITIND,2026-07-22,1593.7000,1593.7000,1573.7000,1577.4000,52574.0000,1578.3920,1606.7000,1569.9000,1606.0000,1608.6000,230.0000,270.0000,300.0000,305.0000,305.0000,,,,,,,,,,,,yahoo
PNB,2026-07-22,112.0400,112.7700,111.0000,111.2300,4110912.0000,111.4194,111.3600,110.3600,110.8400,110.6000,,,,,,,,,135.0000,290.0000,,,,,,,yahoo
POWERGRID,2026-07-22,286.0000,286.1000,284.5000,284.6500,204013.0000,284.9167,289.6500,284.5000,289.3500,289.0000,60.0000,95.0000,100.0000,215.0000,230.0000,,,,,,,,,,,,yahoo
RECLTD,2026-07-22,361.6000,362.0000,358.3500,358.4500,143662.0000,359.8090,361.9000,357.4000,360.8500,360.6500,105.0000,230.0000,,,,,,,,,,,,,,,yahoo
RELIANCE,2026-07-22,1302.0000,1303.7000,1293.2000,1294.5000,935485.0000,1297.4493,1297.3000,1287.1000,1291.3000,1284.0000,,,,,,,,,40.0000,,,,,,,,yahoo
SBILIFE,2026-07-22,1818.8000,1826.3000,1806.1000,1808.6000,25132.0000,1809.5067,1811.3000,1797.2000,1807.9000,1805.0000,,,,,,,,,175.0000,,,,,,,,yahoo
SBIN,2026-07-22,1043.7000,1043.7000,1028.1000,1030.4000,1015103.0000,1031.0839,1030.4000,1019.4000,1026.2000,1025.0000,,,,,,,,,45.0000,150.0000,175.0000,,,,,,yahoo
SHREECEM,2026-07-22,27005.0000,27210.0000,26785.0000,26870.0000,1741.0000,26871.9539,26990.0000,26630.0000,26725.0000,26725.0000,,,,,,,,,100.0000,270.0000,,,,,,,yahoo
SHRIRAMFIN,2026-07-22,1058.3000,1064.9000,1052.4000,1052.6000,328226.0000,1057.0230,1061.4000,1046.9000,1058.6000,1054.9000,55.0000,120.0000,,,,,,,220.0000,,,,,,,,yahoo
SIEMENS,2026-07-22,3670.0000,3699.3999,3670.0000,3680.2000,20903.0000,3688.4819,3695.0000,3632.0000,3645.6001,3649.3999,,,,,,,,,15.0000,225.0000,280.0000,290.0000,,,,,yahoo
SOLARINDS,2026-07-22,19048.0000,19156.0000,18926.0000,18935.0000,10063.0000,18976.3491,19044.0000,18818.0000,18890.0000,18834.0000,30.0000,,,,,,,,20.0000,,,,,,,,yahoo
SUNPHARMA,2026-07-22,1936.0000,1948.5000,1925.5000,1937.2000,253945.0000,1939.6095,1951.7000,1931.2000,1943.2000,1944.0000,85.0000,,,,,,,,,,,,,,,,yahoo
TATACAP,2026-07-22,350.8500,350.8500,347.1000,347.1000,39529.0000,348.6313,349.0000,343.9000,345.0000,347.3500,25.0000,,,,,,,,200.0000,245.0000,,,,,,,yahoo
TATACONSUM,2026-07-22,1077.6000,1086.2000,1077.5000,1078.9000,44209.0000,1080.8223,1099.4000,1071.4000,1095.0000,1094.9000,100.0000,110.0000,155.0000,165.0000,190.0000,,,,20.0000,,,,,,,,yahoo
TATAPOWER,2026-07-22,380.3500,380.3500,378.4000,378.8500,237706.0000,379.0763,380.5000,377.5000,378.9000,378.5500,,,,,,,,,,,,,,,,,yahoo
TATASTEEL,2026-07-22,187.7100,187.7100,185.1600,185.4100,3299905.0000,186.1829,186.8800,184.9400,186.5500,186.5300,230.0000,325.0000,,,,,,,,,,,,,,,yahoo
TCS,2026-07-22,2215.1001,2219.6001,2202.8000,2212.2000,147435.0000,2211.6306,2226.8000,2201.1001,2209.2000,2208.3000,120.0000,,,,,,,,45.0000,,,,,,,,yahoo
TECHM,2026-07-22,1569.2000,1569.2000,1552.1000,1560.7000,142395.0000,1560.4873,1569.0000,1556.7000,1562.3000,1558.4000,120.0000,,,,,,,,,,,,,,,,yahoo
TITAN,2026-07-22,4694.2998,4719.6001,4675.2002,4711.7998,98885.0000,4708.9225,4731.7998,4697.2002,4713.1001,4709.2002,,,,,,,,,,,,,,,,,yahoo
TMCV,2026-07-22,411.5000,412.5500,407.3000,408.1000,276823.0000,408.4489,408.7500,402.2500,406.3000,405.6000,,,,,,,,,95.0000,125.0000,130.0000,150.0000,,,,,yahoo
TMPV,2026-07-22,333.4500,334.5000,330.9000,331.5000,917022.0000,331.9782,331.5500,327.2500,328.1000,327.8500,,,,,,,,,20.0000,175.0000,210.0000,320.0000,,,,,yahoo
TORNTPHARM,2026-07-22,5065.8999,5065.8999,4983.7002,5002.2998,23910.0000,5013.7765,5039.2998,4970.1001,5032.0000,5033.3999,320.0000,,,,,,,,20.0000,,,,,,,,yahoo
TRENT,2026-07-22,2906.3999,2908.2000,2867.5000,2873.2000,73885.0000,2878.9427,2898.8999,2862.1001,2888.3999,2893.0000,135.0000,165.0000,,,,,,,,,,,,,,,yahoo
TVSMOTOR,2026-07-22,3837.1001,3964.3999,3836.0000,3942.8000,1096825.0000,3937.3164,3954.0000,3886.0000,3904.0000,3915.0000,,,,,,,,,40.0000,45.0000,260.0000,270.0000,,,,,yahoo
ULTRACEMCO,2026-07-22,12144.0000,12144.0000,11956.0000,11963.0000,28703.0000,11999.9724,12019.0000,11864.0000,11900.0000,11893.0000,,,,,,,,,225.0000,285.0000,,,,,,,yahoo
UNIONBANK,2026-07-22,175.7400,175.7700,173.2000,173.2000,1653073.0000,173.8442,173.2800,170.1500,170.6700,171.0000,,,,,,,,,20.0000,75.0000,130.0000,130.0000,145.0000,,,,yahoo
UNITDSPR,2026-07-22,1385.1000,1387.5000,1381.1000,1382.8000,34754.0000,1383.8072,1405.0000,1375.7000,1405.0000,1405.7000,105.0000,110.0000,115.0000,135.0000,325.0000,,,,45.0000,,,,,,,,yahoo
VBL,2026-07-22,465.5000,465.5000,456.2000,457.3500,2095771.0000,457.4625,460.1500,455.4500,456.9500,461.6000,50.0000,,,,,,,,,,,,,,,,yahoo
VEDL,2026-07-22,264.8500,266.1000,262.5000,262.6000,1542156.0000,263.7500,263.3500,261.3000,262.4500,262.4500,,,,,,,,,,,,,,,,,yahoo
WIPRO,2026-07-22,174.7500,174.7500,173.5000,173.9300,599333.0000,174.0104,174.9500,173.7500,174.5800,174.4400,25.0000,,,,,,,,,,,,,,,,yahoo
ZYDUSLIFE,2026-07-22,1127.9000,1128.5000,1113.1000,1117.3000,115089.0000,1119.8507,1128.3000,1113.1000,1127.0000,1126.3000,75.0000,85.0000,,,,,,,,,,,,,,,yahoo
ABB,2026-07-23,7510.5000,7630.5000,7510.5000,7576.5000,43267.0000,7593.8846,7684.0000,7503.0000,7536.5000,7528.0000,20.0000,45.0000,60.0000,60.0000,,,,,225.0000,300.0000,,,,,,,yahoo
ADANIENSOL,2026-07-23,1724.0000,1727.5000,1693.9000,1694.8000,240216.0000,1712.8744,1728.9000,1665.1000,1686.3000,1692.0000,5.0000,5.0000,80.0000,80.0000,85.0000,90.0000,,,35.0000,50.0000,55.0000,230.0000,280.0000,,,,yahoo
ADANIENT,2026-07-23,3145.8000,3145.8000,3080.3000,3080.5000,143079.0000,3105.3678,3127.8999,3005.0000,3015.0000,3014.0000,20.0000,80.0000,80.0000,85.0000,90.0000,,,,170.0000,170.0000,175.0000,190.0000,200.0000,220.0000,,,yahoo
ADANIGREEN,2026-07-23,1449.6000,1449.6000,1394.0000,1397.9000,841622.0000,1414.5999,1433.1000,1372.1000,1380.9000,1380.0000,5.0000,5.0000,20.0000,20.0000,80.0000,80.0000,85.0000,,205.0000,215.0000,220.0000,230.0000,255.0000,,,,yahoo
ADANIPORTS,2026-07-23,1817.0000,1819.0000,1801.1000,1802.3000,72260.0000,1808.8271,1825.5000,1769.5000,1780.8000,1780.0000,80.0000,80.0000,80.0000,90.0000,,,,,200.0000,205.0000,275.0000,275.0000,305.0000,,,,yahoo
ADANIPOWER,2026-07-23,217.5000,217.9900,214.2500,214.7700,4495471.0000,215.7598,218.9700,211.3200,212.7900,212.2500,20.0000,20.0000,80.0000,80.0000,80.0000,,,,250.0000,255.0000,255.0000,260.0000,275.0000,,,,yahoo
AMBUJACEM,2026-07-23,428.4000,429.7500,426.2000,426.2000,217173.0000,427.8970,431.3000,421.9500,423.6000,423.5500,45.0000,75.0000,80.0000,,,,,,220.0000,275.0000,,,,,,,yahoo
APOLLOHOSP,2026-07-23,8905.0000,8920.0000,8885.0000,8891.0000,4608.0000,8903.2340,8904.5000,8815.0000,8870.0000,8862.0000,,,,,,,,,150.0000,180.0000,,,,,,,yahoo
ASIANPAINT,2026-07-23,2671.1001,2692.5000,2670.7000,2680.6001,31070.0000,2683.0811,2689.5000,2656.0000,2669.5000,2668.8000,,,,,,,,,170.0000,190.0000,,,,,,,yahoo
AXISBANK,2026-07-23,1231.2000,1238.0000,1226.7000,1231.6000,589116.0000,1233.4643,1238.0000,1219.2000,1222.6000,1222.1000,15.0000,,,,,,,,170.0000,185.0000,310.0000,,,,,,yahoo
BAJAJ-AUTO,2026-07-23,10967.0000,11110.0000,10967.0000,11041.0000,64304.0000,11075.7738,11330.5000,11026.0000,11275.0000,11283.5000,15.0000,25.0000,30.0000,35.0000,35.0000,55.0000,115.0000,,,,,,,,,,yahoo
BAJAJFINSV,2026-07-23,1867.5000,1879.6000,1862.9000,1871.9000,29491.0000,1874.4824,1899.6000,1871.0000,1891.4000,1889.4000,5.0000,10.0000,15.0000,20.0000,,,,,,,,,,,,,yahoo
BAJAJHLDNG,2026-07-23,10445.0000,10511.0000,10384.0000,10486.0000,4491.0000,10481.5328,10700.0000,10491.0000,10654.0000,10680.0000,15.0000,20.0000,25.0000,30.0000,245.0000,295.0000,,,,,,,,,,,yahoo
BAJFINANCE,2026-07-23,1053.5000,1054.4000,1048.0000,1050.8000,368646.0000,1050.4551,1061.2000,1036.6000,1039.9000,1040.0000,15.0000,15.0000,,,,,,,285.0000,290.0000,295.0000,310.0000,,,,,yahoo
BANKBARODA,2026-07-23,244.9500,246.0000,244.1000,244.9000,324497.0000,245.5039,245.9000,242.4000,242.9500,243.0000,,,,,,,,,105.0000,170.0000,180.0000,,,,,,yahoo
BEL,2026-07-23,406.3500,406.8500,405.4000,405.9000,478718.0000,406.3659,406.1500,400.7000,405.6000,405.5000,,,,,,,,,155.0000,170.0000,175.0000,180.0000,,,,,yahoo
BHARTIARTL,2026-07-23,1948.0000,1948.7000,1938.1000,1938.5000,226719.0000,1942.8647,1948.0000,1925.8000,1933.2000,1931.0000,,,,,,,,,230.0000,,,,,,,,yahoo
BOSCHLTD,2026-07-23,41340.0000,41580.0000,41140.0000,41500.0000,806.0000,41526.3896,42965.0000,41470.0000,42250.0000,42240.0000,20.0000,25.0000,30.0000,30.0000,30.0000,35.0000,45.0000,105.0000,,,,,,,,,yahoo
BPCL,2026-07-23,306.0000,316.1500,305.5000,315.1500,1866492.0000,313.8028,316.9000,308.4000,309.1500,310.3000,35.0000,,,,,,,,150.0000,155.0000,200.0000,235.0000,260.0000,310.0000,,,yahoo
BRITANNIA,2026-07-23,5480.0000,5515.5000,5426.5000,5431.0000,17088.0000,5463.3306,5487.0000,5368.0000,5384.0000,5388.0000,40.0000,60.0000,65.0000,,,,,,215.0000,250.0000,300.0000,,,,,,yahoo
CANBK,2026-07-23,126.2700,126.5700,125.3600,126.2300,1421264.0000,126.2473,127.3700,124.9400,125.2200,125.1000,20.0000,20.0000,,,,,,,180.0000,200.0000,300.0000,,,,,,yahoo
CGPOWER,2026-07-23,906.7500,915.0000,905.2500,906.3000,144363.0000,909.5907,912.7000,881.0000,883.3000,883.5000,80.0000,,,,,,,,180.0000,180.0000,180.0000,215.0000,235.0000,300.0000,305.0000,,yahoo
CHOLAFIN,2026-07-23,1723.8000,1727.3000,1709.8000,1710.4000,31453.0000,1719.3686,1730.6000,1700.1000,1714.2000,1717.3000,10.0000,20.0000,20.0000,,,,,,230.0000,,,,,,,,yahoo
CIPLA,2026-07-23,1410.0000,1410.5000,1389.5000,1409.1000,75776.0000,1403.8294,1425.4000,1366.2000,1385.9000,1393.0000,70.0000,135.0000,135.0000,,,,,,10.0000,135.0000,135.0000,135.0000,140.0000,155.0000,205.0000,220.0000,yahoo
COALINDIA,2026-07-23,428.7500,430.5000,428.0000,428.7000,147922.0000,429.1042,429.1000,424.5000,427.4000,428.0500,,,,,,,,,80.0000,95.0000,,,,,,,yahoo
CUMMINSIND,2026-07-23,5565.0000,5622.5000,5558.0000,5603.0000,47941.0000,5605.1985,5658.0000,5579.0000,5595.0000,5599.0000,65.0000,70.0000,,,,,,,,,,,,,,,yahoo
DIVISLAB,2026-07-23,7365.0000,7365.0000,7296.0000,7305.0000,20823.0000,7314.1309,7374.0000,7268.0000,7309.5000,7300.0000,20.0000,45.0000,,,,,,,165.0000,,,,,,,,yahoo
DLF,2026-07-23,648.6500,651.6000,644.5500,644.5500,209642.0000,647.1385,656.9000,638.8000,642.9000,643.8500,15.0000,20.0000,30.0000,45.0000,45.0000,,,,280.0000,310.0000,,,,,,,yahoo
DMART,2026-07-23,4001.8000,4065.8000,4001.8000,4057.7000,81828.0000,4051.1630,4124.3999,4000.0000,4039.5000,4035.0000,60.0000,65.0000,70.0000,70.0000,70.0000,,,,195.0000,215.0000,275.0000,295.0000,,,,,yahoo
DRREDDY,2026-07-23,1101.2000,1151.7000,1101.2000,1149.2000,1575825.0000,1147.0561,1169.3000,1145.0000,1165.0000,1169.8000,20.0000,60.0000,60.0000,200.0000,295.0000,,,,,,,,,,,,yahoo
EICHERMOT,2026-07-23,7622.0000,7664.0000,7612.0000,7612.0000,17297.0000,7638.7885,7789.0000,7610.0000,7734.0000,7718.0000,20.0000,30.0000,35.0000,60.0000,70.0000,85.0000,,,,,,,,,,,yahoo
ENRIN,2026-07-23,3361.0000,3379.6001,3329.8000,3361.2000,21909.0000,3357.0316,3383.0000,3313.0000,3330.7000,3323.0000,35.0000,,,,,,,,110.0000,130.0000,160.0000,295.0000,,,,,yahoo
ETERNAL,2026-07-23,289.9500,291.1500,282.7500,286.5000,7725649.0000,285.6583,296.0000,286.1500,287.0000,287.0000,5.0000,10.0000,20.0000,25.0000,25.0000,25.0000,30.0000,50.0000,,,,,,,,,yahoo
GAIL,2026-07-23,171.6000,172.6400,171.4500,172.0000,266022.0000,172.1976,173.0600,170.9700,171.7600,171.8000,145.0000,,,,,,,,220.0000,,,,,,,,yahoo
GODREJCP,2026-07-23,1070.0000,1077.2000,1065.3000,1071.2000,45109.0000,1069.7062,1082.7000,1053.1000,1057.1000,1060.0000,30.0000,50.0000,60.0000,,,,,,180.0000,230.0000,275.0000,290.0000,295.0000,,,,yahoo
GRASIM,2026-07-23,3168.3000,3179.5000,3159.8999,3166.5000,20328.0000,3173.8088,3170.3999,3096.0000,3114.8999,3113.0000,,,,,,,,,55.0000,130.0000,150.0000,155.0000,170.0000,200.0000,,,yahoo
HAL,2026-07-23,4569.0000,4584.8999,4550.2002,4556.6001,38088.0000,4562.6043,4600.0000,4545.2998,4599.8999,4586.7998,35.0000,80.0000,,,,,,,,,,,,,,,yahoo
HCLTECH,2026-07-23,1234.7000,1241.5000,1228.9000,1239.0000,192913.0000,1236.6458,1248.8000,1236.6000,1243.8000,1244.7000,95.0000,150.0000,,,,,,,,,,,,,,,yahoo
HDFCAMC,2026-07-23,2539.7000,2550.0000,2515.5000,2526.2000,54576.0000,2538.3276,2563.2000,2497.6001,2506.5000,2521.0000,10.0000,10.0000,15.0000,20.0000,,,,,170.0000,180.0000,185.0000,,,,,,yahoo
HDFCBANK,2026-07-23,749.2000,749.4000,744.8500,746.0500,3412503.0000,746.6778,751.0000,743.4000,746.3500,747.2500,320.0000,,,,,,,,,,,,,,,,yahoo
HDFCLIFE,2026-07-23,551.9000,552.3000,548.5000,548.9000,119856.0000,549.9220,552.8000,547.7500,550.9000,552.6000,30.0000,,,,,,,,,,,,,,,,yahoo
HINDALCO,2026-07-23,950.7000,963.4500,948.2000,960.3500,954846.0000,960.0782,962.0000,948.1000,956.6000,955.5500,,,,,,,,,145.0000,170.0000,180.0000,215.0000,,,,,yahoo
HINDUNILVR,2026-07-23,2152.0000,2162.8999,2148.0000,2148.6001,37796.0000,2153.3327,2166.0000,2139.8999,2163.0000,2163.3999,60.0000,135.0000,,,,,,,,,,,,,,,yahoo
HINDZINC,2026-07-23,535.6500,541.3000,533.5500,538.0000,321355.0000,538.1674,539.7000,530.1500,531.6500,531.4500,,,,,,,,,120.0000,170.0000,180.0000,215.0000,,,,,yahoo
HYUNDAI,2026-07-23,1951.8000,1953.1000,1941.0000,1948.3000,29065.0000,1948.2039,1990.0000,1944.5000,1955.2000,1955.4000,30.0000,35.0000,35.0000,45.0000,55.0000,120.0000,,,,,,,,,,,yahoo
ICICIBANK,2026-07-23,1434.3000,1445.5000,1433.6000,1443.4000,1380001.0000,1441.5275,1445.0000,1426.9000,1436.6000,1434.6000,,,,,,,,,95.0000,175.0000,180.0000,,,,,,yahoo
INDHOTEL,2026-07-23,722.2500,725.5000,718.4000,720.5500,177486.0000,722.5384,726.0000,718.7500,723.8500,723.0000,50.0000,260.0000,,,,,,,,,,,,,,,yahoo
INDIGO,2026-07-23,5041.0000,5135.0000,5037.0000,5088.5000,82233.0000,5105.1291,5127.5000,4974.0000,5025.0000,5023.5000,15.0000,65.0000,,,,,,,165.0000,175.0000,210.0000,280.0000,295.0000,300.0000,,,yahoo
INFY,2026-07-23,1045.9000,1046.0000,1032.5000,1042.0000,1381920.0000,1038.6106,1057.2000,1040.5000,1045.4000,1052.9000,65.0000,95.0000,140.0000,145.0000,,,,,,,,,,,,,yahoo
IOC,2026-07-23,140.2200,142.0900,138.8800,141.6700,1354806.0000,141.4198,142.3300,139.2000,139.8400,140.1500,,,,,,,,,180.0000,200.0000,225.0000,225.0000,235.0000,,,,yahoo
IRFC,2026-07-23,87.1900,87.3500,86.5600,87.1300,649918.0000,87.1805,87.8700,86.8500,87.0700,87.0000,20.0000,90.0000,,,,,,,,,,,,,,,yahoo
ITC,2026-07-23,279.9000,281.3000,279.8000,280.1500,604231.0000,280.3258,283.8000,279.8500,281.4000,281.5500,60.0000,65.0000,110.0000,115.0000,,,,,,,,,,,,,yahoo
JINDALSTEL,2026-07-23,1042.6000,1056.0000,1040.8000,1046.8000,179732.0000,1050.9374,1053.5000,1039.5000,1046.0000,1047.4000,35.0000,,,,,,,,185.0000,,,,,,,,yahoo
JIOFIN,2026-07-23,234.1000,235.7700,233.2800,234.8200,1087566.0000,235.2691,235.6600,232.3500,233.3700,233.2900,,,,,,,,,180.0000,205.0000,305.0000,,,,,,yahoo
JSWSTEEL,2026-07-23,1260.3000,1274.4000,1257.4000,1268.0000,640874.0000,1267.7584,1270.0000,1238.9000,1248.0000,1248.8000,,,,,,,,,105.0000,110.0000,110.0000,150.0000,160.0000,215.0000,,,yahoo
KOTAKBANK,2026-07-23,380.3500,381.5000,378.8500,381.2000,817090.0000,381.0594,386.1000,381.2000,383.4000,383.3500,15.0000,25.0000,75.0000,100.0000,,,,,,,,,,,,,yahoo
LODHA,2026-07-23,1154.1500,1164.3500,1149.1500,1151.3000,131410.0000,1156.2044,1176.0000,1131.5000,1148.0000,1147.0000,15.0000,20.0000,40.0000,45.0000,45.0000,80.0000,,,180.0000,185.0000,190.0000,195.0000,200.0000,,,,yahoo
LT,2026-07-23,3797.8000,3815.5000,3786.1001,3807.0000,58786.0000,3810.9940,3827.6001,3778.1001,3796.0000,3791.0000,30.0000,,,,,,,,200.0000,205.0000,,,,,,,yahoo
LTM,2026-07-23,3976.0000,3976.0000,3927.5000,3940.3999,18210.0000,3947.3923,3991.6001,3935.1001,3962.8999,3965.3000,65.0000,65.0000,145.0000,150.0000,,,,,,,,,,,,,yahoo
M&M,2026-07-23,3159.5000,3190.3000,3156.0000,3187.0000,79079.0000,3184.5616,3250.0000,3183.0000,3232.2000,3229.7000,15.0000,35.0000,35.0000,35.0000,35.0000,,,,,,,,,,,,yahoo
MARUTI,2026-07-23,13523.0000,13553.0000,13435.0000,13444.0000,20844.0000,13492.6908,13567.0000,13372.0000,13419.0000,13403.0000,35.0000,55.0000,,,,,,,300.0000,,,,,,,,yahoo
MAXHEALTH,2026-07-23,1080.8000,1086.4000,1077.8000,1081.2000,122832.0000,1082.5556,1087.4000,1079.7000,1084.7000,1086.0000,165.0000,,,,,,,,,,,,,,,,yahoo
MAZDOCK,2026-07-23,2304.8999,2315.0000,2297.1001,2303.6001,45577.0000,2308.9734,2331.0000,2294.0000,2303.6001,2298.0000,20.0000,35.0000,70.0000,,,,,,,,,,,,,,yahoo
MOTHERSON,2026-07-23,142.8000,144.6900,142.2100,143.5700,678422.0000,144.2234,148.1900,142.6700,145.5900,145.5700,20.0000,25.0000,30.0000,35.0000,55.0000,55.0000,80.0000,85.0000,10.0000,,,,,,,,yahoo
MUTHOOTFIN,2026-07-23,3032.5000,3046.8999,3020.1001,3042.2000,31666.0000,3041.4639,3084.5000,3006.2000,3009.2000,3010.3999,10.0000,15.0000,15.0000,15.0000,,,,,190.0000,210.0000,215.0000,,,,,,yahoo
NESTLEIND,2026-07-23,1496.4000,1500.0000,1452.6000,1453.6000,357495.0000,1468.2840,1471.2000,1445.2000,1449.3000,1446.6000,20.0000,65.0000,70.0000,,,,,,290.0000,,,,,,,,yahoo
NTPC,2026-07-23,349.7500,349.8000,347.3000,347.9000,211686.0000,348.2956,350.7000,347.1000,348.6500,348.6000,140.0000,185.0000,,,,,,,,,,,,,,,yahoo
ONGC,2026-07-23,253.7700,253.9900,252.5000,253.0000,727664.0000,253.0409,253.5000,252.0600,252.3100,252.2500,,,,,,,,,,,,,,,,,yahoo
PFC,2026-07-23,409.6000,411.6500,409.3500,410.1000,135600.0000,410.7039,413.5500,407.3000,410.3000,410.0500,25.0000,90.0000,,,,,,,180.0000,,,,,,,,yahoo
PIDILITIND,2026-07-23,1590.2000,1591.8000,1581.9000,1584.7000,89780.0000,1585.6419,1603.3000,1558.1000,1561.8000,1564.2000,20.0000,65.0000,75.0000,,,,,,130.0000,160.0000,170.0000,190.0000,305.0000,,,,yahoo
PNB,2026-07-23,109.9700,110.2700,109.6400,110.1200,865813.0000,110.0382,111.0000,109.9200,110.1400,110.0200,20.0000,30.0000,,,,,,,,,,,,,,,yahoo
POWERGRID,2026-07-23,287.3500,289.8000,287.0000,288.9000,508686.0000,289.3611,290.4500,287.6500,289.9000,290.2000,135.0000,,,,,,,,,,,,,,,,yahoo
RECLTD,2026-07-23,358.1000,359.4500,357.3000,358.4500,115271.0000,358.6412,362.3500,356.8000,358.5000,358.0500,20.0000,85.0000,85.0000,,,,,,,,,,,,,,yahoo
RELIANCE,2026-07-23,1283.0000,1283.7000,1278.4000,1281.6000,561468.0000,1281.6333,1287.3000,1268.0000,1271.4000,1272.5000,,,,,,,,,180.0000,240.0000,310.0000,,,,,,yahoo
SBILIFE,2026-07-23,1800.1000,1816.4000,1800.1000,1809.9000,23861.0000,1811.5764,1851.0000,1809.0000,1851.0000,1853.5000,85.0000,110.0000,130.0000,160.0000,260.0000,325.0000,,,,,,,,,,,yahoo
SBIN,2026-07-23,1020.5000,1021.7000,1015.1000,1020.6000,485040.0000,1019.2617,1022.9000,1006.5000,1011.6000,1013.0000,,,,,,,,,105.0000,170.0000,180.0000,180.0000,,,,,yahoo
SHREECEM,2026-07-23,26605.0000,27130.0000,26605.0000,26965.0000,2700.0000,27046.5191,27095.0000,26700.0000,26840.0000,26825.0000,,,,,,,,,215.0000,290.0000,,,,,,,yahoo
SHRIRAMFIN,2026-07-23,1056.5000,1068.0000,1050.4000,1064.0000,351227.0000,1063.8096,1078.9000,1022.4000,1026.4000,1025.5000,10.0000,10.0000,15.0000,20.0000,,,,,40.0000,55.0000,60.0000,95.0000,100.0000,120.0000,170.0000,200.0000,yahoo
SIEMENS,2026-07-23,3632.5000,3688.8000,3620.8000,3666.1001,20020.0000,3670.6439,3708.5000,3651.7000,3685.8999,3686.3000,20.0000,35.0000,65.0000,,,,,,,,,,,,,,yahoo
SOLARINDS,2026-07-23,18820.0000,18961.0000,18722.0000,18784.0000,8069.0000,18873.9108,18888.0000,18529.0000,18638.0000,18621.0000,20.0000,,,,,,,,110.0000,150.0000,160.0000,170.0000,,,,,yahoo
SUNPHARMA,2026-07-23,1934.9000,1943.0000,1928.8000,1931.7000,114343.0000,1933.8300,1957.2000,1926.8000,1955.4000,1951.0000,50.0000,65.0000,260.0000,290.0000,,,,,,,,,,,,,yahoo
TATACAP,2026-07-23,345.9500,347.0000,344.3000,344.3000,38951.0000,345.7473,345.7500,341.0500,341.8500,341.4500,,,,,,,,,195.0000,220.0000,,,,,,,yahoo
TATACONSUM,2026-07-23,1098.2000,1107.2000,1098.2000,1102.0000,231452.0000,1103.5449,1108.5000,1097.8000,1107.9000,1107.7000,135.0000,,,,,,,,,,,,,,,,yahoo
TATAPOWER,2026-07-23,375.9500,377.5500,374.0000,377.0000,163003.0000,376.9724,379.5000,375.0500,376.0500,376.1500,80.0000,,,,,,,,300.0000,,,,,,,,yahoo
TATASTEEL,2026-07-23,185.9900,185.9900,184.3700,184.9000,2711619.0000,185.2030,185.6600,183.5500,184.3400,184.2000,,,,,,,,,265.0000,,,,,,,,yahoo
TCS,2026-07-23,2204.0000,2210.3999,2193.8000,2205.7000,123640.0000,2201.4300,2250.0000,2206.1001,2243.7000,2242.8999,65.0000,90.0000,135.0000,145.0000,150.0000,295.0000,,,,,,,,,,,yahoo
TECHM,2026-07-23,1547.0000,1559.7000,1547.0000,1556.3000,57265.0000,1554.9879,1567.3000,1544.6000,1553.4000,1555.8000,30.0000,,,,,,,,195.0000,215.0000,,,,,,,yahoo
TITAN,2026-07-23,4700.7998,4709.5000,4687.8999,4693.6001,30638.0000,4698.0457,4703.8999,4671.6001,4699.8999,4697.2998,,,,,,,,,,,,,,,,,yahoo
TMCV,2026-07-23,403.4500,405.9000,400.6500,403.6000,244847.0000,404.4249,409.4500,403.4500,407.8500,408.0000,10.0000,20.0000,25.0000,35.0000,,,,,,,,,,,,,yahoo
TMPV,2026-07-23,326.9500,327.9000,325.3500,325.7000,468931.0000,326.6296,328.4500,324.0000,324.6500,324.2500,35.0000,55.0000,,,,,,,310.0000,,,,,,,,yahoo
TORNTPHARM,2026-07-23,5007.3999,5025.8999,4960.6001,4968.2998,28609.0000,4982.2845,5074.6001,4935.5000,5072.7002,5065.2002,45.0000,45.0000,55.0000,135.0000,140.0000,320.0000,,,5.0000,,,,,,,,yahoo
TRENT,2026-07-23,2880.0000,2917.7000,2877.5000,2897.1001,72241.0000,2905.6320,2929.8999,2865.0000,2879.0000,2870.0000,15.0000,145.0000,145.0000,,,,,,215.0000,230.0000,300.0000,,,,,,yahoo
TVSMOTOR,2026-07-23,3898.0000,3947.7000,3898.0000,3933.3999,167831.0000,3937.3881,3974.7000,3897.0000,3923.6001,3919.8000,35.0000,85.0000,90.0000,,,,,,205.0000,215.0000,,,,,,,yahoo
ULTRACEMCO,2026-07-23,11854.0000,11908.0000,11761.0000,11884.0000,23268.0000,11887.0373,11968.0000,11850.0000,11913.0000,11908.0000,155.0000,,,,,,,,,,,,,,,,yahoo
UNIONBANK,2026-07-23,170.7000,171.1900,169.2500,170.1600,551892.0000,170.4645,170.3100,167.5000,168.1600,168.4000,,,,,,,,,35.0000,85.0000,120.0000,170.0000,180.0000,,,,yahoo
UNITDSPR,2026-07-23,1406.2000,1435.0000,1399.6000,1412.6000,252363.0000,1416.3871,1433.2000,1406.0000,1418.8000,1415.9000,20.0000,20.0000,30.0000,55.0000,,,,,,,,,,,,,yahoo
VBL,2026-07-23,460.5000,463.8000,459.4500,460.3000,269115.0000,461.8765,464.5500,457.4500,459.1500,459.0500,25.0000,30.0000,,,,,,,190.0000,,,,,,,,yahoo
VEDL,2026-07-23,261.7000,267.9500,261.5500,267.4000,2136228.0000,266.3508,268.3000,263.8000,264.8000,264.6000,,,,,,,,,105.0000,130.0000,180.0000,215.0000,,,,,yahoo
WIPRO,2026-07-23,173.8000,174.7000,173.4500,174.7000,1121678.0000,174.0592,175.5300,173.8400,174.8500,175.0600,,,,,,,,,,,,,,,,,yahoo
ZYDUSLIFE,2026-07-23,1123.2000,1123.2000,1106.5000,1116.9000,51651.0000,1115.4910,1128.5000,1111.0000,1114.6000,1109.7000,45.0000,60.0000,65.0000,,,,,,10.0000,,,,,,,,yahoo
ABB,2026-07-24,7458.0000,7504.5000,7451.5000,7487.0000,18585.0000,7477.8735,7580.0000,7333.0000,7370.0000,7375.5000,100.0000,100.0000,100.0000,,,,,,20.0000,285.0000,285.0000,285.0000,285.0000,290.0000,,,yahoo
ADANIENSOL,2026-07-24,1670.8000,1700.0000,1670.8000,1693.2000,332151.0000,1688.6915,1713.9000,1681.6000,1705.3000,1701.0000,125.0000,125.0000,190.0000,,,,,,5.0000,,,,,,,,yahoo
ADANIENT,2026-07-24,3000.8000,3033.5000,2993.6001,3012.8999,164740.0000,3012.6283,3041.8999,2997.6001,3028.8000,3033.3999,155.0000,165.0000,,,,,,,20.0000,,,,,,,,yahoo
ADANIGREEN,2026-07-24,1357.0000,1387.1000,1352.0000,1377.8000,686860.0000,1370.9083,1404.4000,1364.6000,1395.5000,1395.8000,70.0000,125.0000,125.0000,125.0000,145.0000,,,,5.0000,40.0000,,,,,,,yahoo
ADANIPORTS,2026-07-24,1760.0000,1780.9000,1757.3000,1780.8000,160896.0000,1772.3680,1784.7000,1763.3000,1769.8000,1773.5000,,,,,,,,,25.0000,40.0000,,,,,,,yahoo
ADANIPOWER,2026-07-24,212.1000,213.8200,210.1000,212.4000,4816877.0000,212.0280,215.0500,211.0100,214.0300,213.6600,125.0000,125.0000,135.0000,,,,,,5.0000,,,,,,,,yahoo
AMBUJACEM,2026-07-24,419.0000,421.4500,417.5000,418.4000,91693.0000,418.5381,427.2500,415.6000,425.5500,425.1500,95.0000,100.0000,125.0000,155.0000,160.0000,180.0000,,,25.0000,,,,,,,,yahoo
APOLLOHOSP,2026-07-24,8817.0000,8867.5000,8817.0000,8844.0000,16512.0000,8852.1928,8851.5000,8795.0000,8807.5000,8805.5000,,,,,,,,,155.0000,,,,,,,,yahoo
ASIANPAINT,2026-07-24,2639.7000,2653.7000,2634.8999,2641.5000,43929.0000,2644.6440,2657.0000,2630.0000,2638.3999,2639.5000,175.0000,,,,,,,,,,,,,,,,yahoo
AXISBANK,2026-07-24,1214.8000,1221.1000,1211.0000,1215.2000,881772.0000,1218.4426,1233.8000,1214.5000,1227.9000,1228.9000,130.0000,140.0000,165.0000,165.0000,270.0000,,,,,,,,,,,,yahoo
BAJAJ-AUTO,2026-07-24,11217.0000,11247.0000,11190.5000,11196.0000,28622.0000,11209.3832,11320.0000,11121.5000,11133.5000,11123.5000,50.0000,55.0000,55.0000,,,,,,210.0000,,,,,,,,yahoo
BAJAJFINSV,2026-07-24,1876.8000,1879.3000,1871.4000,1872.1000,76369.0000,1875.0420,1892.4000,1866.5000,1875.6000,1876.7000,70.0000,70.0000,185.0000,,,,,,,,,,,,,,yahoo
BAJAJHLDNG,2026-07-24,10619.0000,10750.0000,10555.0000,10695.0000,12264.0000,10713.3230,10734.0000,10574.0000,10683.0000,10679.0000,,,,,,,,,5.0000,90.0000,90.0000,,,,,,yahoo
BAJFINANCE,2026-07-24,1030.0000,1030.1000,1018.6000,1019.4000,1176201.0000,1023.7328,1020.0000,1001.4000,1011.4000,1017.9000,,,,,,,,,10.0000,20.0000,25.0000,30.0000,35.0000,,,,yahoo
BANKBARODA,2026-07-24,241.9500,242.2500,240.8000,241.0000,517644.0000,241.3630,247.0000,239.3500,246.9000,246.4500,105.0000,125.0000,140.0000,140.0000,145.0000,165.0000,,,45.0000,,,,,,,,yahoo
BEL,2026-07-24,404.1000,405.0000,401.3500,403.2000,425120.0000,403.4715,406.1000,401.3000,405.3500,405.5000,190.0000,,,,,,,,,,,,,,,,yahoo
BHARTIARTL,2026-07-24,1901.0000,1904.1000,1887.6000,1888.2000,324532.0000,1894.2775,1898.4000,1878.0000,1898.1000,1900.0000,330.0000,,,,,,,,35.0000,,,,,,,,yahoo
BOSCHLTD,2026-07-24,42100.0000,42100.0000,41630.0000,41690.0000,2919.0000,41766.0763,41980.0000,41500.0000,41730.0000,41755.0000,190.0000,,,,,,,,,,,,,,,,yahoo
BPCL,2026-07-24,306.9000,308.7000,305.5500,306.0000,373719.0000,306.3992,311.7500,305.5500,310.6500,310.1500,65.0000,65.0000,95.0000,95.0000,100.0000,,,,,,,,,,,,yahoo
BRITANNIA,2026-07-24,5379.5000,5379.5000,5337.0000,5361.5000,15429.0000,5355.6744,5448.5000,5316.5000,5371.5000,5379.5000,100.0000,140.0000,140.0000,145.0000,145.0000,,,,25.0000,30.0000,,,,,,,yahoo
CANBK,2026-07-24,124.3900,124.3900,123.0000,123.8200,2420975.0000,124.0407,126.8000,123.5100,125.7200,125.6500,60.0000,65.0000,65.0000,165.0000,165.0000,260.0000,,,,,,,,,,,yahoo
CGPOWER,2026-07-24,862.0000,894.0000,862.0000,888.5000,715568.0000,887.5538,891.9500,839.2500,863.1500,883.0000,,,,,,,,,5.0000,10.0000,15.0000,70.0000,70.0000,280.0000,285.0000,285.0000,yahoo
CHOLAFIN,2026-07-24,1692.5000,1700.1000,1663.8000,1667.8000,782327.0000,1673.6584,1741.1000,1665.0000,1722.9000,1724.4000,10.0000,70.0000,70.0000,90.0000,95.0000,100.0000,130.0000,160.0000,,,,,,,,,yahoo
CIPLA,2026-07-24,1391.5000,1444.4000,1391.5000,1428.9000,551461.0000,1432.9290,1430.4000,1405.9000,1411.4000,1409.0000,,,,,,,,,20.0000,25.0000,265.0000,290.0000,305.0000,,,,yahoo
COALINDIA,2026-07-24,426.8000,428.8000,425.9500,425.9500,172093.0000,426.8186,428.8000,424.7500,427.9000,426.3000,265.0000,,,,,,,,,,,,,,,,yahoo
CUMMINSIND,2026-07-24,5550.5000,5597.5000,5548.0000,5593.0000,8468.0000,5580.0931,5650.5000,5578.5000,5594.5000,5603.0000,100.0000,130.0000,145.0000,,,,,,,,,,,,,,yahoo
DIVISLAB,2026-07-24,7243.5000,7280.0000,7220.0000,7268.5000,25727.0000,7265.2553,7274.5000,7178.5000,7249.5000,7248.5000,,,,,,,,,50.0000,60.0000,75.0000,,,,,,yahoo
DLF,2026-07-24,635.9500,639.6000,632.3000,633.0000,211585.0000,634.7341,648.6000,630.6500,645.4000,645.5500,100.0000,125.0000,125.0000,130.0000,160.0000,170.0000,,,,,,,,,,,yahoo
DMART,2026-07-24,3990.0000,4072.8999,3990.0000,4067.8999,47196.0000,4058.6969,4070.0000,4001.0000,4020.3999,4018.8000,,,,,,,,,5.0000,20.0000,25.0000,45.0000,50.0000,,,,yahoo
DRREDDY,2026-07-24,1159.2000,1159.2000,1132.5000,1146.0000,755573.0000,1149.5624,1162.2000,1136.4000,1151.9000,1151.7000,120.0000,225.0000,240.0000,250.0000,,,,,30.0000,45.0000,,,,,,,yahoo
EICHERMOT,2026-07-24,7673.0000,7673.0000,7605.0000,7619.5000,31827.0000,7633.4329,7655.0000,7575.0000,7626.5000,7628.0000,,,,,,,,,20.0000,,,,,,,,yahoo
ENRIN,2026-07-24,3285.0000,3295.0000,3260.0000,3280.0000,33146.0000,3271.9592,3287.0000,3225.2000,3242.1001,3245.0000,,,,,,,,,15.0000,205.0000,205.0000,205.0000,210.0000,,,,yahoo
ETERNAL,2026-07-24,284.8000,284.8000,279.7500,280.2000,5956424.0000,280.6599,282.6000,276.6000,280.2000,280.2000,260.0000,260.0000,,,,,,,25.0000,40.0000,40.0000,140.0000,,,,,yahoo
GAIL,2026-07-24,170.8500,171.1800,170.4000,170.4900,254020.0000,170.7216,171.0700,167.3800,170.1700,170.2000,,,,,,,,,15.0000,15.0000,20.0000,25.0000,30.0000,,,,yahoo
GODREJCP,2026-07-24,1046.0000,1062.8000,1046.0000,1057.7000,27565.0000,1059.4251,1066.0000,1053.4000,1059.6000,1059.5000,180.0000,255.0000,,,,,,,,,,,,,,,yahoo
GRASIM,2026-07-24,3086.0000,3096.7000,3080.0000,3084.1001,25457.0000,3086.4301,3098.8999,3067.0000,3090.8999,3093.1001,,,,,,,,,30.0000,,,,,,,,yahoo
HAL,2026-07-24,4553.1001,4585.7998,4545.6001,4550.8999,35904.0000,4555.0428,4598.7002,4519.3999,4573.1001,4577.7002,125.0000,190.0000,265.0000,,,,,,20.0000,,,,,,,,yahoo
HCLTECH,2026-07-24,1238.6000,1275.7000,1238.6000,1253.1000,633529.0000,1262.2461,1272.9000,1238.5000,1272.3000,1268.1000,5.0000,220.0000,260.0000,270.0000,320.0000,,,,40.0000,40.0000,45.0000,,,,,,yahoo
HDFCAMC,2026-07-24,2491.3999,2499.8000,2480.0000,2481.0000,43765.0000,2491.4600,2530.5000,2468.5000,2505.5000,2505.7000,55.0000,70.0000,95.0000,95.0000,100.0000,,,,30.0000,,,,,,,,yahoo
HDFCBANK,2026-07-24,739.9000,744.7500,738.5000,739.2500,3904485.0000,741.6585,748.2000,737.3000,743.0500,743.7000,165.0000,165.0000,225.0000,,,,,,,,,,,,,,yahoo
HDFCLIFE,2026-07-24,549.6500,553.7000,548.2000,550.8000,116153.0000,552.1512,556.7000,549.3000,555.5500,555.2000,120.0000,120.0000,165.0000,,,,,,,,,,,,,,yahoo
HINDALCO,2026-07-24,947.6500,948.7000,942.7000,943.5000,291157.0000,945.0404,948.0500,939.8000,942.7500,944.0000,,,,,,,,,,,,,,,,,yahoo
HINDUNILVR,2026-07-24,2148.0000,2161.0000,2147.1001,2157.5000,35261.0000,2156.7929,2163.0000,2139.0000,2143.6001,2146.5000,,,,,,,,,55.0000,110.0000,,,,,,,yahoo
HINDZINC,2026-07-24,527.3500,527.3500,524.5000,524.9500,234229.0000,525.7644,534.4000,522.6500,532.7000,533.6500,135.0000,275.0000,285.0000,285.0000,285.0000,,,,,,,,,,,,yahoo
HYUNDAI,2026-07-24,1949.4000,1955.8000,1938.6000,1939.9000,50931.0000,1945.2820,1975.0000,1929.2000,1950.2000,1952.6000,95.0000,145.0000,170.0000,180.0000,190.0000,,,,50.0000,,,,,,,,yahoo
ICICIBANK,2026-07-24,1426.5000,1431.7000,1422.9000,1423.7000,2596925.0000,1425.2597,1439.8000,1419.0000,1431.6000,1432.9000,155.0000,165.0000,170.0000,,,,,,,,,,,,,,yahoo
INDHOTEL,2026-07-24,720.5000,720.8000,716.9000,718.0500,79952.0000,719.1289,728.2500,713.6000,728.1000,727.4500,95.0000,95.0000,305.0000,315.0000,,,,,45.0000,,,,,,,,yahoo
INDIGO,2026-07-24,4972.0000,4998.0000,4886.5000,4902.0000,547126.0000,4914.0122,4994.0000,4895.0000,4985.0000,4985.0000,60.0000,60.0000,60.0000,65.0000,185.0000,,,,,,,,,,,,yahoo
INFY,2026-07-24,1029.9000,1042.6000,1024.3000,1031.4000,4490033.0000,1036.3291,1042.7000,1014.2000,1042.3000,1039.8000,5.0000,5.0000,320.0000,,,,,,40.0000,45.0000,50.0000,85.0000,110.0000,,,,yahoo
IOC,2026-07-24,138.7700,138.8300,137.5300,137.5500,1288395.0000,137.9222,138.6000,136.7900,138.4200,138.8000,125.0000,315.0000,,,,,,,5.0000,,,,,,,,yahoo
IRFC,2026-07-24,86.5500,86.9800,86.1500,86.3000,868809.0000,86.5876,87.8400,86.1500,87.6500,87.8200,95.0000,115.0000,120.0000,160.0000,165.0000,,,,,,,,,,,,yahoo
ITC,2026-07-24,279.7000,281.6000,279.6500,280.8500,1664118.0000,281.1225,284.8500,280.5000,283.3500,284.0000,45.0000,145.0000,150.0000,155.0000,,,,,,,,,,,,,yahoo
JINDALSTEL,2026-07-24,1033.8000,1036.8000,1026.9000,1028.2000,71633.0000,1031.3462,1042.6000,1021.7000,1035.9000,1035.8000,95.0000,100.0000,160.0000,185.0000,,,,,10.0000,,,,,,,,yahoo
JIOFIN,2026-07-24,232.0600,233.1900,231.5000,231.7200,1470744.0000,232.3350,235.4800,231.2800,234.7900,234.9800,100.0000,120.0000,165.0000,165.0000,245.0000,,,,,,,,,,,,yahoo
JSWSTEEL,2026-07-24,1237.8000,1241.8000,1232.7000,1236.4000,116657.0000,1238.3440,1244.9000,1228.2000,1241.7000,1241.0000,265.0000,,,,,,,,45.0000,,,,,,,,yahoo
KOTAKBANK,2026-07-24,381.4000,383.3000,380.4500,382.0500,834394.0000,382.5235,386.4500,380.8500,384.7000,383.8500,160.0000,165.0000,165.0000,,,,,,,,,,,,,,yahoo
LODHA,2026-07-24,1136.5500,1145.5500,1133.0000,1135.0500,80303.0000,1138.2969,1166.3000,1124.2000,1145.2000,1144.1000,100.0000,105.0000,125.0000,130.0000,130.0000,215.0000,240.0000,,20.0000,45.0000,,,,,,,yahoo
LT,2026-07-24,3752.0000,3771.3000,3736.8000,3737.0000,307476.0000,3750.3517,3805.0000,3720.3999,3785.0000,3789.7000,100.0000,105.0000,125.0000,130.0000,165.0000,,,,,,,,,,,,yahoo
LTM,2026-07-24,3945.5000,4003.7000,3945.5000,3956.7000,18656.0000,3975.1770,4098.7002,3937.0000,4098.0000,4090.0000,65.0000,75.0000,160.0000,160.0000,165.0000,195.0000,200.0000,265.0000,,,,,,,,,yahoo
M&M,2026-07-24,3214.8999,3214.8999,3183.3999,3186.7000,112027.0000,3193.3813,3190.7000,3135.2000,3164.3000,3165.0000,,,,,,,,,25.0000,25.0000,40.0000,45.0000,85.0000,,,,yahoo
MARUTI,2026-07-24,13340.0000,13340.0000,13230.0000,13245.0000,18642.0000,13259.4337,13495.0000,13200.0000,13447.0000,13449.0000,95.0000,110.0000,120.0000,125.0000,130.0000,,,,,,,,,,,,yahoo
MAXHEALTH,2026-07-24,1076.8000,1080.8000,1072.1000,1074.8000,55482.0000,1075.9105,1083.4000,1068.8000,1079.0000,1079.8000,175.0000,260.0000,,,,,,,30.0000,,,,,,,,yahoo
MAZDOCK,2026-07-24,2280.2000,2298.0000,2279.0000,2288.8999,49306.0000,2289.7834,2311.8999,2272.3000,2298.0000,2300.0000,135.0000,165.0000,260.0000,,,,,,20.0000,,,,,,,,yahoo
MOTHERSON,2026-07-24,144.3500,144.4900,143.4400,143.5000,733060.0000,143.8413,146.6600,143.0000,145.5900,145.9000,70.0000,95.0000,95.0000,140.0000,180.0000,190.0000,,,,,,,,,,,yahoo
MUTHOOTFIN,2026-07-24,2975.0000,2984.3999,2932.8000,2936.1001,124904.0000,2945.0318,2990.0000,2926.0000,2988.5000,2986.7000,55.0000,60.0000,60.0000,165.0000,170.0000,,,,,,,,,,,,yahoo
NESTLEIND,2026-07-24,1434.8000,1464.6000,1431.0000,1464.0000,203160.0000,1456.4999,1467.8000,1438.8000,1443.3000,1440.1000,,,,,,,,,10.0000,65.0000,80.0000,135.0000,210.0000,,,,yahoo
NTPC,2026-07-24,348.0500,348.7000,345.8000,345.8000,274286.0000,346.5032,350.0000,345.1500,347.0000,347.3500,95.0000,115.0000,150.0000,,,,,,,,,,,,,,yahoo
ONGC,2026-07-24,253.0000,253.5300,249.9000,250.2100,709826.0000,250.9136,251.2500,248.3000,248.7900,249.0000,,,,,,,,,265.0000,270.0000,,,,,,,yahoo
PFC,2026-07-24,406.7000,411.9500,405.9000,408.4500,424710.0000,410.0118,414.1000,406.3000,411.8000,412.2500,160.0000,165.0000,170.0000,195.0000,,,,,25.0000,,,,,,,,yahoo
PIDILITIND,2026-07-24,1557.0000,1559.0000,1551.0000,1556.0000,26217.0000,1554.8643,1584.9000,1537.9000,1572.8000,1570.9000,140.0000,140.0000,195.0000,225.0000,225.0000,,,,20.0000,70.0000,75.0000,,,,,,yahoo
PNB,2026-07-24,109.1000,109.5600,108.7400,109.3900,940590.0000,109.3397,110.6400,108.8300,110.4900,110.3800,165.0000,165.0000,260.0000,,,,,,85.0000,,,,,,,,yahoo
POWERGRID,2026-07-24,287.1500,289.0000,286.7000,287.5000,691738.0000,287.9424,290.0000,286.8500,288.2000,289.0000,100.0000,115.0000,,,,,,,,,,,,,,,yahoo
RECLTD,2026-07-24,355.9500,360.4000,355.9500,358.2000,381034.0000,359.4056,364.4000,355.6000,361.8500,361.0000,165.0000,165.0000,170.0000,170.0000,195.0000,,,,50.0000,,,,,,,,yahoo
RELIANCE,2026-07-24,1265.6000,1270.8000,1249.8000,1266.8000,1136367.0000,1265.9774,1283.4000,1265.4000,1278.3000,1280.3000,65.0000,95.0000,100.0000,105.0000,,,,,,,,,,,,,yahoo
SBILIFE,2026-07-24,1840.5000,1848.4000,1830.5000,1833.2000,39111.0000,1837.7042,1889.3000,1832.2000,1864.3000,1853.0000,20.0000,110.0000,140.0000,300.0000,300.0000,305.0000,310.0000,310.0000,,,,,,,,,yahoo
SBIN,2026-07-24,1006.0000,1010.0000,1002.8000,1006.0000,1354200.0000,1007.1376,1017.3000,1000.9000,1014.6000,1011.4000,165.0000,165.0000,165.0000,,,,,,95.0000,,,,,,,,yahoo
SHREECEM,2026-07-24,26655.0000,26805.0000,26580.0000,26595.0000,1104.0000,26662.6721,27000.0000,26425.0000,26785.0000,26740.0000,160.0000,165.0000,175.0000,180.0000,195.0000,,,,25.0000,,,,,,,,yahoo
SHRIRAMFIN,2026-07-24,1018.8000,1018.8000,996.4000,1000.5000,620840.0000,1002.1549,1050.2000,993.1000,1007.3000,1006.0000,150.0000,165.0000,175.0000,185.0000,245.0000,245.0000,245.0000,245.0000,15.0000,,,,,,,,yahoo
SIEMENS,2026-07-24,3632.5000,3655.2000,3630.0000,3652.0000,23149.0000,3639.1958,3711.0000,3623.7000,3686.8999,3701.5000,90.0000,100.0000,105.0000,130.0000,180.0000,,,,10.0000,20.0000,,,,,,,yahoo
SOLARINDS,2026-07-24,18455.0000,18576.0000,18415.0000,18561.0000,7674.0000,18494.9913,18610.0000,18333.0000,18500.0000,18419.0000,,,,,,,,,10.0000,20.0000,40.0000,,,,,,yahoo
SUNPHARMA,2026-07-24,1945.0000,1959.3000,1945.0000,1956.4000,87215.0000,1954.9989,1958.8000,1934.9000,1942.6000,1936.6000,,,,,,,,,90.0000,125.0000,175.0000,,,,,,yahoo
TATACAP,2026-07-24,339.5500,339.5500,335.7500,336.3500,77027.0000,336.7565,342.5000,336.0000,341.5000,342.0000,45.0000,45.0000,55.0000,255.0000,260.0000,,,,,,,,,,,,yahoo
TATACONSUM,2026-07-24,1100.4000,1116.7000,1100.4000,1115.2000,146504.0000,1109.4343,1116.0000,1079.5000,1086.1000,1092.0000,,,,,,,,,25.0000,30.0000,75.0000,105.0000,165.0000,235.0000,270.0000,275.0000,yahoo
TATAPOWER,2026-07-24,374.0500,375.6500,373.2000,373.5000,206648.0000,374.1676,375.2500,371.5000,374.2000,375.5000,,,,,,,,,25.0000,,,,,,,,yahoo
TATASTEEL,2026-07-24,183.3900,183.3900,181.7500,181.8500,1421233.0000,182.3470,183.5000,181.2000,182.7400,182.7000,125.0000,165.0000,,,,,,,,,,,,,,,yahoo
TCS,2026-07-24,2209.2000,2263.3000,2209.2000,2243.2000,410011.0000,2252.1228,2259.8999,2217.3000,2254.3000,2252.0000,180.0000,,,,,,,,45.0000,105.0000,110.0000,,,,,,yahoo
TECHM,2026-07-24,1557.5000,1579.5000,1548.3000,1552.2000,222245.0000,1565.3953,1563.5000,1531.5000,1561.3000,1556.0000,275.0000,,,,,,,,25.0000,40.0000,50.0000,110.0000,,,,,yahoo
TITAN,2026-07-24,4640.2002,4686.0000,4640.2002,4671.7998,49625.0000,4664.5654,4697.0000,4649.8999,4676.2998,4690.0000,195.0000,,,,,,,,,,,,,,,,yahoo
TMCV,2026-07-24,403.4000,403.4000,400.0500,400.2000,293249.0000,400.6832,406.7500,398.7500,405.1500,406.0000,55.0000,120.0000,200.0000,245.0000,320.0000,,,,,,,,,,,,yahoo
TMPV,2026-07-24,321.2500,321.3000,319.4500,319.7500,765362.0000,320.0935,325.7500,318.3500,323.9500,324.3000,95.0000,95.0000,160.0000,165.0000,190.0000,,,,,,,,,,,,yahoo
TORNTPHARM,2026-07-24,5039.7998,5043.8999,5010.7998,5020.0000,19559.0000,5021.6955,5018.7002,4955.2002,4957.2002,4966.0000,,,,,,,,,100.0000,100.0000,100.0000,295.0000,,,,,yahoo
TRENT,2026-07-24,2850.0000,2864.0000,2837.3999,2846.2000,52871.0000,2846.2634,2911.7000,2837.6001,2894.8999,2889.0000,55.0000,65.0000,80.0000,80.0000,130.0000,135.0000,,,,,,,,,,,yahoo
TVSMOTOR,2026-07-24,3850.0000,3899.7000,3850.0000,3891.8000,58325.0000,3891.1921,3889.6001,3824.8999,3868.5000,3869.2000,,,,,,,,,20.0000,25.0000,30.0000,70.0000,75.0000,,,,yahoo
ULTRACEMCO,2026-07-24,11830.0000,11830.0000,11732.0000,11753.0000,18059.0000,11756.4576,11863.0000,11690.0000,11860.0000,11846.0000,165.0000,260.0000,,,,,,,25.0000,,,,,,,,yahoo
UNIONBANK,2026-07-24,167.7500,168.1100,166.6900,167.6200,805152.0000,167.7577,171.2000,165.9000,170.3800,170.5000,165.0000,165.0000,185.0000,185.0000,185.0000,265.0000,,,15.0000,15.0000,85.0000,,,,,,yahoo
UNITDSPR,2026-07-24,1413.1000,1469.8000,1411.8000,1467.8000,633798.0000,1452.0603,1480.0000,1454.5000,1469.6000,1467.2000,60.0000,65.0000,,,,,,,30.0000,110.0000,,,,,,,yahoo
VBL,2026-07-24,453.5000,455.8500,452.5500,454.0500,171913.0000,454.0024,459.4000,451.2500,457.3500,457.6000,125.0000,165.0000,175.0000,,,,,,25.0000,,,,,,,,yahoo
VEDL,2026-07-24,261.9500,261.9500,260.3000,260.9000,806399.0000,260.9005,266.0000,260.1000,264.3500,264.9000,95.0000,100.0000,165.0000,185.0000,215.0000,,,,,,,,,,,,yahoo
WIPRO,2026-07-24,174.0700,175.5900,173.5400,173.6500,1145018.0000,174.5101,177.8900,172.8300,177.3200,176.8900,115.0000,125.0000,150.0000,155.0000,160.0000,200.0000,,,,,,,,,,,yahoo
ZYDUSLIFE,2026-07-24,1105.1000,1119.4000,1104.8000,1115.6000,45620.0000,1114.9737,1115.6000,1103.0000,1108.0000,1109.7000,,,,,,,,,15.0000,85.0000,90.0000,,,,,,yahoo
ABB,2026-07-27,7429.5000,7429.5000,7324.5000,7337.5000,29794.0000,7352.3033,7367.0000,7233.5000,7324.0000,7331.0000,,,,,,,,,40.0000,40.0000,55.0000,60.0000,,,,,yahoo
ADANIENSOL,2026-07-27,1716.4000,1717.6000,1702.2000,1708.9000,309638.0000,1709.6928,1711.0000,1678.4000,1701.7000,1708.9000,,,,,,,,,15.0000,40.0000,45.0000,75.0000,80.0000,,,,yahoo
ADANIENT,2026-07-27,3054.3000,3056.5000,3031.5000,3041.0000,82967.0000,3038.3816,3045.5000,3008.5000,3039.0000,3034.8999,,,,,,,,,35.0000,55.0000,85.0000,,,,,,yahoo
ADANIGREEN,2026-07-27,1415.4000,1417.1000,1405.0000,1412.2000,268620.0000,1411.0442,1413.5000,1390.1000,1401.5000,1399.7000,,,,,,,,,15.0000,15.0000,45.0000,80.0000,85.0000,,,,yahoo
ADANIPORTS,2026-07-27,1783.6000,1784.2000,1772.0000,1773.5000,167676.0000,1774.7414,1775.6000,1752.3000,1770.5000,1770.4000,,,,,,,,,45.0000,50.0000,85.0000,,,,,,yahoo
ADANIPOWER,2026-07-27,214.3000,215.7000,214.3000,215.0700,1911142.0000,214.9792,215.4000,213.1500,213.8700,213.9600,,,,,,,,,35.0000,75.0000,,,,,,,yahoo
AMBUJACEM,2026-07-27,429.0000,432.7000,424.6500,431.1500,195252.0000,429.7365,432.5500,428.8500,430.7000,430.9500,,,,,,,,,85.0000,,,,,,,,yahoo
APOLLOHOSP,2026-07-27,8816.0000,8828.0000,8798.0000,8800.0000,13163.0000,8813.4253,8855.0000,8745.0000,8835.0000,8843.5000,20.0000,,,,,,,,90.0000,,,,,,,,yahoo
ASIANPAINT,2026-07-27,2672.8999,2715.0000,2672.8999,2707.7000,115211.0000,2709.3814,2723.3999,2705.6001,2710.0000,2710.2000,50.0000,,,,,,,,,,,,,,,,yahoo
AXISBANK,2026-07-27,1235.7000,1235.7000,1230.0000,1232.5000,305319.0000,1232.4162,1234.3000,1221.6000,1227.1000,1229.0000,,,,,,,,,60.0000,175.0000,,,,,,,yahoo
BAJAJ-AUTO,2026-07-27,11208.0000,11214.5000,11095.0000,11115.5000,24347.0000,11125.4215,11251.0000,11102.0000,11170.5000,11180.0000,60.0000,85.0000,115.0000,,,,,,,,,,,,,,yahoo
BAJAJFINSV,2026-07-27,1892.5000,1906.7000,1890.9000,1905.3000,77708.0000,1901.8726,1914.4000,1895.9000,1908.7000,1919.9000,,,,,,,,,,,,,,,,,yahoo
BAJAJHLDNG,2026-07-27,10714.0000,10825.0000,10714.0000,10809.0000,6421.0000,10782.6885,10810.0000,10631.0000,10781.0000,10735.0000,,,,,,,,,50.0000,55.0000,75.0000,90.0000,105.0000,,,,yahoo
BAJFINANCE,2026-07-27,1030.1000,1039.7000,1029.7000,1039.7000,449997.0000,1036.1239,1049.8000,1031.8000,1047.1000,1048.4000,110.0000,250.0000,,,,,,,20.0000,60.0000,,,,,,,yahoo
BANKBARODA,2026-07-27,242.1500,247.7000,242.1500,246.3000,2621594.0000,246.0631,246.7500,242.9000,244.0000,244.0000,,,,,,,,,95.0000,130.0000,145.0000,195.0000,,,,,yahoo
BEL,2026-07-27,407.9000,407.9500,405.7000,406.0000,636608.0000,406.6729,408.3000,404.7000,407.6500,407.1500,305.0000,,,,,,,,,,,,,,,,yahoo
BHARTIARTL,2026-07-27,1893.2000,1905.8000,1893.2000,1897.2000,142904.0000,1900.7497,1917.0000,1890.0000,1903.4000,1905.3000,160.0000,260.0000,275.0000,,,,,,,,,,,,,,yahoo
BOSCHLTD,2026-07-27,41910.0000,42075.0000,41605.0000,41635.0000,1693.0000,41716.4796,42150.0000,41170.0000,41175.0000,41250.0000,10.0000,15.0000,15.0000,,,,,,185.0000,300.0000,330.0000,,,,,,yahoo
BPCL,2026-07-27,314.5000,318.5000,313.6500,313.9000,476673.0000,314.9666,317.6500,313.2500,315.5500,316.2500,85.0000,95.0000,105.0000,,,,,,,,,,,,,,yahoo
BRITANNIA,2026-07-27,5405.0000,5435.0000,5387.0000,5408.0000,10752.0000,5415.7265,5411.0000,5343.5000,5376.5000,5384.5000,,,,,,,,,50.0000,175.0000,180.0000,,,,,,yahoo
CANBK,2026-07-27,126.5000,127.3800,126.0000,126.8700,3031981.0000,126.8897,129.6700,125.8100,127.4800,127.2600,150.0000,150.0000,150.0000,150.0000,150.0000,150.0000,,,60.0000,135.0000,,,,,,,yahoo
CGPOWER,2026-07-27,877.1000,884.8500,868.0000,872.7000,638422.0000,874.1322,879.8500,868.5500,877.4000,877.3000,5.0000,275.0000,,,,,,,,,,,,,,,yahoo
CHOLAFIN,2026-07-27,1756.7000,1778.6000,1750.9000,1778.6000,139667.0000,1767.1370,1804.4000,1767.0000,1787.3000,1785.2000,100.0000,105.0000,160.0000,205.0000,,,,,25.0000,,,,,,,,yahoo
CIPLA,2026-07-27,1418.1000,1418.1000,1409.6000,1413.7000,66419.0000,1412.9116,1415.9000,1393.1000,1409.0000,1409.4000,,,,,,,,,40.0000,215.0000,220.0000,235.0000,,,,,yahoo
COALINDIA,2026-07-27,429.1500,430.4500,425.7500,427.5500,266087.0000,427.1932,430.9000,427.1000,427.4500,427.5000,25.0000,110.0000,,,,,,,,,,,,,,,yahoo
CUMMINSIND,2026-07-27,5647.5000,5647.5000,5609.0000,5629.5000,21889.0000,5627.2514,5640.0000,5591.0000,5625.0000,5629.5000,,,,,,,,,125.0000,,,,,,,,yahoo
DIVISLAB,2026-07-27,7243.5000,7342.0000,7234.5000,7321.5000,69293.0000,7301.8177,7452.0000,7316.0000,7416.0000,7414.0000,40.0000,45.0000,45.0000,165.0000,190.0000,,,,,,,,,,,,yahoo
DLF,2026-07-27,647.2000,647.9500,642.6500,645.9000,457942.0000,645.7998,651.5500,643.3500,651.0000,650.9000,15.0000,325.0000,,,,,,,,,,,,,,,yahoo
DMART,2026-07-27,4030.0000,4055.0000,4025.0000,4032.0000,26418.0000,4039.3772,4074.1001,4013.0000,4020.3999,4027.7000,130.0000,135.0000,230.0000,,,,,,,,,,,,,,yahoo
DRREDDY,2026-07-27,1157.7000,1157.7000,1148.6000,1151.5000,72282.0000,1151.6119,1156.7000,1147.8000,1150.3000,1151.0000,,,,,,,,,,,,,,,,,yahoo
EICHERMOT,2026-07-27,7695.0000,7720.0000,7648.0000,7708.5000,19156.0000,7683.5821,7847.0000,7678.0000,7766.0000,7769.5000,105.0000,110.0000,115.0000,120.0000,130.0000,,,,,,,,,,,,yahoo
ENRIN,2026-07-27,3260.2000,3260.2000,3203.2000,3210.1001,48813.0000,3216.5235,3274.0000,3192.8000,3263.1001,3264.6001,45.0000,50.0000,50.0000,65.0000,75.0000,,,,10.0000,,,,,,,,yahoo
ETERNAL,2026-07-27,281.9000,289.1500,281.7500,288.7000,3479001.0000,286.6223,296.7500,288.2500,295.5500,296.0000,10.0000,60.0000,75.0000,95.0000,120.0000,130.0000,150.0000,,,,,,,,,,yahoo
GAIL,2026-07-27,170.1400,172.5900,170.1400,171.6100,406838.0000,171.7197,174.3900,170.6900,173.9800,173.9100,255.0000,285.0000,290.0000,295.0000,300.0000,,,,195.0000,,,,,,,,yahoo
GODREJCP,2026-07-27,1064.7000,1074.0000,1063.5000,1068.9000,37138.0000,1069.8896,1074.0000,1062.7000,1072.8000,1073.7000,,,,,,,,,120.0000,,,,,,,,yahoo
GRASIM,2026-07-27,3104.7000,3106.1001,3086.1001,3099.2000,9980.0000,3100.4482,3114.0000,3089.3000,3112.1001,3112.3999,,,,,,,,,,,,,,,,,yahoo
HAL,2026-07-27,4588.0000,4617.0000,4577.0000,4612.0000,80885.0000,4601.1768,4644.1001,4605.0000,4621.0000,4619.0000,40.0000,,,,,,,,,,,,,,,,yahoo
HCLTECH,2026-07-27,1285.4000,1303.0000,1277.3000,1302.0000,740932.0000,1293.0788,1302.3000,1293.9000,1296.2000,1295.1000,,,,,,,,,75.0000,,,,,,,,yahoo
HDFCAMC,2026-07-27,2534.5000,2545.8000,2526.2000,2545.0000,34273.0000,2539.1991,2558.0000,2542.3999,2555.1001,2552.3999,30.0000,,,,,,,,,,,,,,,,yahoo
HDFCBANK,2026-07-27,746.5000,747.5000,743.3500,743.6500,2179238.0000,744.4572,744.4000,738.1000,739.1000,740.1500,,,,,,,,,40.0000,,,,,,,,yahoo
HDFCLIFE,2026-07-27,555.1000,558.0500,554.7000,556.9500,80802.0000,556.0923,558.2500,550.9000,552.7500,552.8500,,,,,,,,,55.0000,135.0000,190.0000,,,,,,yahoo
HINDALCO,2026-07-27,946.1500,948.6500,945.4000,947.6000,189807.0000,947.5750,951.2000,943.6000,944.9500,944.4500,,,,,,,,,,,,,,,,,yahoo
HINDUNILVR,2026-07-27,2160.0000,2180.8999,2160.0000,2168.2000,37398.0000,2172.8122,2179.6001,2164.8000,2175.8999,2174.6001,170.0000,,,,,,,,,,,,,,,,yahoo
HINDZINC,2026-07-27,539.0000,540.3000,535.0500,535.1000,962180.0000,537.0953,535.8500,528.5500,529.6000,529.0000,,,,,,,,,55.0000,80.0000,110.0000,,,,,,yahoo
HYUNDAI,2026-07-27,1968.6000,1974.8000,1960.5000,1970.0000,22886.0000,1967.0862,1993.7000,1963.8000,1983.2000,1984.6000,60.0000,105.0000,115.0000,,,,,,,,,,,,,,yahoo
ICICIBANK,2026-07-27,1438.0000,1439.1000,1429.2000,1432.5000,392804.0000,1431.7081,1449.0000,1429.3000,1445.0000,1445.7000,215.0000,265.0000,285.0000,,,,,,,,,,,,,,yahoo
INDHOTEL,2026-07-27,732.0000,737.9000,731.5000,736.5500,93824.0000,735.0747,736.5500,728.7500,732.3000,733.7500,,,,,,,,,35.0000,40.0000,55.0000,,,,,,yahoo
INDIGO,2026-07-27,5130.0000,5175.0000,5119.0000,5172.0000,151873.0000,5156.7058,5242.5000,5096.0000,5238.0000,5230.0000,105.0000,105.0000,105.0000,325.0000,,,,,35.0000,40.0000,45.0000,50.0000,,,,,yahoo
INFY,2026-07-27,1059.0000,1077.5000,1058.0000,1075.1000,1897938.0000,1071.0000,1081.2000,1069.2000,1080.1000,1079.2000,145.0000,,,,,,,,30.0000,,,,,,,,yahoo
IOC,2026-07-27,140.4900,141.2500,140.0200,140.2000,816045.0000,140.2069,141.5300,139.9300,141.4800,141.8900,80.0000,105.0000,,,,,,,,,,,,,,,yahoo
IRFC,2026-07-27,88.1100,88.5200,88.0400,88.3900,520618.0000,88.3309,88.5300,88.1100,88.1800,88.1300,,,,,,,,,,,,,,,,,yahoo
ITC,2026-07-27,287.2000,287.7000,286.0000,287.2000,3514298.0000,287.0010,287.6000,285.8500,286.1000,285.6000,,,,,,,,,,,,,,,,,yahoo
JINDALSTEL,2026-07-27,1055.9000,1058.1000,1040.4000,1057.6000,272955.0000,1049.8142,1067.6000,1054.6000,1066.0000,1066.0000,35.0000,35.0000,,,,,,,,,,,,,,,yahoo
JIOFIN,2026-07-27,236.9000,237.1900,236.2100,236.8000,1042300.0000,236.5673,236.9000,235.3000,236.3000,236.2400,,,,,,,,,180.0000,,,,,,,,yahoo
JSWSTEEL,2026-07-27,1246.0000,1248.9000,1242.0000,1246.8000,64423.0000,1245.1310,1247.5000,1234.5000,1242.2000,1248.9000,,,,,,,,,80.0000,130.0000,,,,,,,yahoo
KOTAKBANK,2026-07-27,386.0000,388.7000,385.4500,386.1000,788385.0000,387.3643,386.5500,383.7000,384.2500,384.6500,,,,,,,,,75.0000,,,,,,,,yahoo
LODHA,2026-07-27,1155.9000,1182.4500,1151.5500,1175.3500,669844.0000,1170.6705,1207.0000,1175.0000,1197.6500,1198.7500,5.0000,10.0000,10.0000,10.0000,10.0000,45.0000,325.0000,,,,,,,,,,yahoo
LT,2026-07-27,3823.8999,3832.5000,3812.5000,3826.0000,77097.0000,3824.9570,3837.3000,3798.7000,3800.7000,3807.0000,,,,,,,,,180.0000,,,,,,,,yahoo
LTM,2026-07-27,4144.8999,4185.0000,4116.5000,4184.7002,59878.0000,4158.7893,4214.8999,4155.1001,4190.0000,4190.7998,260.0000,,,,,,,,30.0000,,,,,,,,yahoo
M&M,2026-07-27,3189.8000,3199.3000,3181.1001,3189.7000,99189.0000,3188.1311,3246.2000,3180.0000,3235.2000,3240.5000,105.0000,135.0000,135.0000,135.0000,285.0000,,,,,,,,,,,,yahoo
MARUTI,2026-07-27,13622.0000,13623.0000,13501.0000,13615.0000,29421.0000,13594.2458,13737.0000,13557.0000,13730.0000,13730.0000,310.0000,330.0000,,,,,,,,,,,,,,,yahoo
MAXHEALTH,2026-07-27,1086.9000,1107.7000,1086.9000,1101.7000,177311.0000,1103.0162,1112.7000,1097.1000,1110.8000,1117.3000,20.0000,100.0000,,,,,,,,,,,,,,,yahoo
MAZDOCK,2026-07-27,2312.7000,2325.3999,2307.0000,2322.0000,54069.0000,2318.5936,2336.2000,2313.0000,2332.7000,2325.0000,40.0000,,,,,,,,,,,,,,,,yahoo
MOTHERSON,2026-07-27,146.9600,148.0800,146.5300,147.6600,874556.0000,147.5685,149.1500,147.4400,149.0600,149.3800,40.0000,65.0000,330.0000,,,,,,,,,,,,,,yahoo
MUTHOOTFIN,2026-07-27,3028.0000,3046.8999,3022.0000,3036.2000,49073.0000,3031.3341,3061.6001,3023.1001,3026.3999,3025.8999,155.0000,225.0000,,,,,,,,,,,,,,,yahoo
NESTLEIND,2026-07-27,1447.2000,1461.2000,1447.2000,1453.2000,112200.0000,1455.8917,1455.0000,1435.3000,1446.6000,1446.1000,,,,,,,,,15.0000,20.0000,140.0000,,,,,,yahoo
NTPC,2026-07-27,351.7000,351.7500,348.6000,349.0000,574859.0000,349.8082,351.4500,347.8500,351.0500,349.9500,25.0000,,,,,,,,,,,,,,,,yahoo
ONGC,2026-07-27,247.9600,248.0900,242.5100,242.6500,2683898.0000,243.4568,243.2100,238.4600,238.5300,238.3900,,,,,,,,,145.0000,215.0000,220.0000,285.0000,305.0000,,,,yahoo
PFC,2026-07-27,411.9000,416.7500,411.9000,414.6500,488512.0000,415.3875,420.6000,412.1500,419.9500,418.2500,95.0000,105.0000,195.0000,325.0000,,,,,40.0000,,,,,,,,yahoo
PIDILITIND,2026-07-27,1586.3000,1599.0000,1586.2000,1595.1000,27528.0000,1595.8894,1622.2000,1591.0000,1610.7000,1611.3000,45.0000,50.0000,55.0000,55.0000,75.0000,,,,,,,,,,,,yahoo
PNB,2026-07-27,111.3500,112.1500,110.9600,111.6500,1801634.0000,111.8428,111.8000,110.7800,111.5900,111.6100,,,,,,,,,30.0000,55.0000,,,,,,,yahoo
POWERGRID,2026-07-27,289.0000,290.3000,288.2500,288.3500,381961.0000,289.1578,289.6500,286.7000,289.3500,288.8500,,,,,,,,,55.0000,,,,,,,,yahoo
RECLTD,2026-07-27,359.0500,366.0500,359.0500,363.5000,1014206.0000,364.7976,368.6000,360.5000,368.6000,368.2500,90.0000,95.0000,105.0000,270.0000,,,,,30.0000,40.0000,,,,,,,yahoo
RELIANCE,2026-07-27,1288.1000,1288.5000,1282.8000,1284.2000,611086.0000,1284.5991,1284.6000,1278.0000,1279.6000,1280.0000,,,,,,,,,,,,,,,,,yahoo
SBILIFE,2026-07-27,1853.8000,1867.5000,1846.5000,1853.1000,34168.0000,1853.4999,1869.3000,1836.4000,1866.3000,1867.1000,195.0000,325.0000,,,,,,,20.0000,60.0000,,,,,,,yahoo
SBIN,2026-07-27,1021.4000,1022.8000,1018.5000,1019.2000,587354.0000,1020.2691,1022.8000,1016.0000,1020.7000,1020.0000,,,,,,,,,,,,,,,,,yahoo
SHREECEM,2026-07-27,26870.0000,26910.0000,26625.0000,26900.0000,1014.0000,26819.3623,27040.0000,26830.0000,26850.0000,26775.0000,175.0000,,,,,,,,,,,,,,,,yahoo
SHRIRAMFIN,2026-07-27,1023.9000,1024.9000,1002.5000,1021.2000,1620393.0000,1014.2013,1039.8000,1006.3000,1036.0000,1038.2000,140.0000,155.0000,195.0000,215.0000,260.0000,,,,15.0000,15.0000,20.0000,55.0000,,,,,yahoo
SIEMENS,2026-07-27,3724.3999,3742.5000,3703.3999,3706.0000,21648.0000,3713.5584,3733.5000,3690.8999,3714.0000,3705.0000,10.0000,,,,,,,,,,,,,,,,yahoo
SOLARINDS,2026-07-27,18627.0000,18643.0000,18472.0000,18511.0000,5358.0000,18537.5506,18705.0000,18359.0000,18636.0000,18580.0000,215.0000,215.0000,230.0000,,,,,,40.0000,55.0000,,,,,,,yahoo
SUNPHARMA,2026-07-27,1945.0000,1953.6000,1936.7000,1949.1000,120119.0000,1947.6461,1976.5000,1944.8000,1972.7000,1973.0000,115.0000,170.0000,175.0000,195.0000,,,,,,,,,,,,,yahoo
TATACAP,2026-07-27,344.9000,346.9000,343.2000,343.5000,49828.0000,344.2529,352.3000,342.6500,350.1500,351.0000,110.0000,125.0000,130.0000,205.0000,210.0000,240.0000,325.0000,,,,,,,,,,yahoo
TATACONSUM,2026-07-27,1122.9000,1122.9000,1103.3000,1105.0000,182947.0000,1107.8462,1112.5000,1096.8000,1106.9000,1107.4000,105.0000,,,,,,,,40.0000,,,,,,,,yahoo
TATAPOWER,2026-07-27,376.7500,378.5000,375.9000,376.1500,249722.0000,376.6957,377.6500,374.4500,377.2000,379.0000,,,,,,,,,,,,,,,,,yahoo
TATASTEEL,2026-07-27,183.7000,184.8500,183.7000,184.4800,885259.0000,184.4592,184.7500,183.3400,184.1900,184.4800,,,,,,,,,135.0000,,,,,,,,yahoo
TCS,2026-07-27,2280.0000,2312.8000,2272.3999,2306.7000,742171.0000,2295.7533,2315.0000,2291.7000,2296.0000,2296.0000,,,,,,,,,90.0000,,,,,,,,yahoo
TECHM,2026-07-27,1578.2000,1595.0000,1573.3000,1592.1000,206816.0000,1588.2660,1599.6000,1572.6000,1573.5000,1577.0000,,,,,,,,,170.0000,200.0000,210.0000,,,,,,yahoo
TITAN,2026-07-27,4694.7998,4705.7002,4688.7002,4688.7002,53590.0000,4694.4040,4746.0000,4689.0000,4739.6001,4741.0000,50.0000,295.0000,325.0000,,,,,,,,,,,,,,yahoo
TMCV,2026-07-27,410.9000,413.8000,407.0000,410.6500,716849.0000,411.1663,416.9000,407.0000,411.5000,411.3500,5.0000,10.0000,20.0000,20.0000,25.0000,,,,130.0000,130.0000,,,,,,,yahoo
TMPV,2026-07-27,326.8000,328.3000,326.5000,328.3000,393778.0000,327.4877,328.7000,326.1000,327.8500,327.4000,,,,,,,,,50.0000,,,,,,,,yahoo
TORNTPHARM,2026-07-27,4988.2998,5052.3999,4962.6001,5032.2002,21425.0000,5025.3573,5070.0000,4978.1001,5025.3999,5019.5000,15.0000,20.0000,,,,,,,70.0000,255.0000,260.0000,,,,,,yahoo
TRENT,2026-07-27,2918.7000,2945.8000,2909.0000,2941.6001,115282.0000,2930.0182,2953.1001,2928.0000,2938.7000,2941.0000,,,,,,,,,,,,,,,,,yahoo
TVSMOTOR,2026-07-27,3899.8999,3899.8999,3856.0000,3864.6001,57262.0000,3866.2317,3885.3000,3850.0000,3874.7000,3873.0000,120.0000,,,,,,,,,,,,,,,,yahoo
ULTRACEMCO,2026-07-27,11939.0000,11939.0000,11810.0000,11869.0000,13227.0000,11858.3879,11890.0000,11755.0000,11879.0000,11881.0000,,,,,,,,,115.0000,125.0000,,,,,,,yahoo
UNIONBANK,2026-07-27,171.6000,173.4400,171.3200,171.6700,1143529.0000,172.2484,171.7400,169.8700,170.2500,170.0900,,,,,,,,,30.0000,135.0000,300.0000,,,,,,yahoo
UNITDSPR,2026-07-27,1474.5000,1500.7000,1472.0000,1495.1000,194487.0000,1489.6279,1503.3000,1482.0000,1482.8000,1482.0000,95.0000,,,,,,,,250.0000,320.0000,,,,,,,yahoo
VBL,2026-07-27,459.3000,460.5000,455.9000,458.9000,266638.0000,457.9547,465.2000,454.1500,464.4500,463.9500,155.0000,160.0000,165.0000,325.0000,,,,,20.0000,45.0000,80.0000,,,,,,yahoo
VEDL,2026-07-27,267.0500,267.4500,264.9000,267.0000,831415.0000,266.2949,268.1000,264.2500,264.9000,264.6500,,,,,,,,,130.0000,180.0000,200.0000,,,,,,yahoo
WIPRO,2026-07-27,177.8600,178.2000,175.8600,176.3300,1377299.0000,176.3793,178.7700,175.6100,178.7200,178.3700,105.0000,235.0000,240.0000,260.0000,,,,,,,,,,,,,yahoo
ZYDUSLIFE,2026-07-27,1115.1000,1126.0000,1108.9000,1119.1000,30504.0000,1120.2320,1120.0000,1104.6000,1108.6000,1108.0000,,,,,,,,,40.0000,75.0000,85.0000,180.0000,,,,,yahoo
ABB,2026-07-28,7278.5000,7278.5000,7198.0000,7232.0000,41452.0000,7220.8012,7274.0000,7190.0000,7243.5000,7243.5000,55.0000,,,,,,,,30.0000,,,,,,,,yahoo
ADANIENSOL,2026-07-28,1662.2000,1692.0000,1662.2000,1668.4000,405761.0000,1676.5801,1674.7000,1635.5000,1649.7000,1644.0000,,,,,,,,,15.0000,255.0000,270.0000,280.0000,290.0000,,,,yahoo
ADANIENT,2026-07-28,3031.5000,3033.0000,3000.3999,3012.8000,110056.0000,3008.7956,3026.7000,2996.3000,3003.0000,3002.8000,,,,,,,,,20.0000,,,,,,,,yahoo
ADANIGREEN,2026-07-28,1399.1000,1401.3000,1379.0000,1385.1000,247761.0000,1387.7830,1390.6000,1363.6000,1378.5000,1377.9000,,,,,,,,,10.0000,20.0000,20.0000,20.0000,20.0000,,,,yahoo
ADANIPORTS,2026-07-28,1768.8000,1777.6000,1762.8000,1773.0000,85444.0000,1770.4480,1782.7000,1758.9000,1772.8000,1779.0000,70.0000,,,,,,,,15.0000,20.0000,,,,,,,yahoo
ADANIPOWER,2026-07-28,213.8400,214.6500,210.1100,210.4000,3295803.0000,210.9554,211.2000,207.6900,208.6500,208.4700,,,,,,,,,15.0000,20.0000,290.0000,305.0000,,,,,yahoo
AMBUJACEM,2026-07-28,431.9000,432.3500,430.3500,431.8500,63635.0000,431.3337,435.1000,418.3000,425.4000,426.1000,275.0000,275.0000,,,,,,,15.0000,20.0000,295.0000,300.0000,300.0000,300.0000,300.0000,300.0000,yahoo
APOLLOHOSP,2026-07-28,8844.0000,8878.0000,8834.0000,8848.5000,10192.0000,8855.3543,8907.0000,8846.0000,8895.0000,8903.0000,250.0000,,,,,,,,,,,,,,,,yahoo
ASIANPAINT,2026-07-28,2710.2000,2737.8999,2709.3000,2736.8999,84768.0000,2726.6582,2749.5000,2714.8000,2736.0000,2737.0000,,,,,,,,,135.0000,215.0000,,,,,,,yahoo
AXISBANK,2026-07-28,1223.4000,1230.5000,1221.8000,1223.2000,413376.0000,1225.2816,1233.8000,1222.4000,1222.7000,1223.3000,20.0000,30.0000,,,,,,,,,,,,,,,yahoo
BAJAJ-AUTO,2026-07-28,11156.0000,11235.0000,11156.0000,11230.0000,20145.0000,11205.7052,11399.0000,11203.5000,11376.0000,11409.0000,180.0000,180.0000,200.0000,215.0000,220.0000,,,,,,,,,,,,yahoo
BAJAJFINSV,2026-07-28,1917.0000,1924.0000,1911.0000,1918.5000,78236.0000,1916.8664,1940.0000,1914.0000,1925.4000,1927.9000,160.0000,180.0000,250.0000,,,,,,,,,,,,,,yahoo
BAJAJHLDNG,2026-07-28,10800.0000,10833.0000,10767.0000,10799.0000,1917.0000,10793.0329,10877.0000,10741.0000,10834.0000,10831.0000,295.0000,,,,,,,,90.0000,,,,,,,,yahoo
BAJFINANCE,2026-07-28,1048.7000,1051.0000,1042.9000,1047.9000,321747.0000,1048.1990,1051.7000,1042.8000,1047.2000,1048.4000,,,,,,,,,,,,,,,,,yahoo
BANKBARODA,2026-07-28,243.0000,244.2500,240.2000,240.6000,1396338.0000,241.1712,241.5500,239.0500,239.2000,239.2000,,,,,,,,,265.0000,,,,,,,,yahoo
BEL,2026-07-28,406.1000,406.1000,392.4000,392.9500,7361606.0000,393.9640,396.6000,388.0000,389.0000,388.9000,15.0000,85.0000,,,,,,,235.0000,235.0000,275.0000,320.0000,,,,,yahoo
BHARTIARTL,2026-07-28,1898.9000,1908.0000,1895.1000,1900.0000,358420.0000,1898.1400,1903.0000,1892.5000,1900.8000,1901.8000,,,,,,,,,,,,,,,,,yahoo
BOSCHLTD,2026-07-28,41635.0000,41635.0000,40925.0000,41080.0000,1959.0000,41033.7715,41505.0000,40990.0000,41305.0000,41310.0000,100.0000,180.0000,180.0000,,,,,,,,,,,,,,yahoo
BPCL,2026-07-28,317.5000,319.7500,316.1000,317.8500,318272.0000,318.6020,321.2000,316.3500,320.1500,320.1000,40.0000,40.0000,165.0000,,,,,,,,,,,,,,yahoo
BRITANNIA,2026-07-28,5380.0000,5446.0000,5380.0000,5441.5000,10883.0000,5434.1017,5510.0000,5383.0000,5473.0000,5477.5000,190.0000,200.0000,220.0000,225.0000,,,,,20.0000,20.0000,25.0000,,,,,,yahoo
CANBK,2026-07-28,126.8000,126.8900,124.8600,125.1000,3530244.0000,125.5619,125.6000,124.2000,124.2800,124.2400,,,,,,,,,115.0000,,,,,,,,yahoo
CGPOWER,2026-07-28,868.7000,869.3500,840.7000,840.9500,905396.0000,848.9701,847.2000,831.1000,844.0000,843.9500,230.0000,,,,,,,,10.0000,15.0000,15.0000,,,,,,yahoo
CHOLAFIN,2026-07-28,1775.2000,1794.2000,1774.2000,1792.0000,80379.0000,1790.2626,1814.1000,1696.8000,1750.6000,1764.9000,95.0000,95.0000,95.0000,,,,,,40.0000,300.0000,300.0000,300.0000,300.0000,300.0000,300.0000,300.0000,yahoo
CIPLA,2026-07-28,1436.8000,1447.7000,1430.0000,1442.1000,284690.0000,1440.4084,1445.6000,1432.5000,1445.1000,1447.0000,,,,,,,,,60.0000,,,,,,,,yahoo
COALINDIA,2026-07-28,422.9000,422.9000,414.1500,415.3000,1770128.0000,415.8335,417.4500,407.0000,410.3000,410.4000,60.0000,,,,,,,,145.0000,155.0000,200.0000,205.0000,205.0000,,,,yahoo
CUMMINSIND,2026-07-28,5570.5000,5575.5000,5517.0000,5528.5000,24226.0000,5537.5122,5530.5000,5408.0000,5456.5000,5455.5000,,,,,,,,,20.0000,20.0000,40.0000,80.0000,90.0000,105.0000,,,yahoo
DIVISLAB,2026-07-28,7445.0000,7466.0000,7381.0000,7456.0000,45262.0000,7424.2638,7479.0000,7352.0000,7416.0000,7426.0000,,,,,,,,,75.0000,75.0000,200.0000,210.0000,,,,,yahoo
DLF,2026-07-28,650.2000,663.2500,649.0000,662.2000,834980.0000,657.4343,666.3000,656.5000,661.2500,663.0500,180.0000,,,,,,,,10.0000,25.0000,,,,,,,yahoo
DMART,2026-07-28,4030.0000,4054.7000,4030.0000,4054.7000,15933.0000,4044.2412,4092.8000,3755.3000,3842.0000,3846.6001,85.0000,90.0000,,,,,,,100.0000,100.0000,100.0000,105.0000,105.0000,105.0000,105.0000,105.0000,yahoo
DRREDDY,2026-07-28,1146.4000,1148.9000,1143.0000,1146.4000,81034.0000,1146.3498,1147.4000,1130.5000,1137.1000,1134.0000,,,,,,,,,95.0000,105.0000,120.0000,130.0000,,,,,yahoo
EICHERMOT,2026-07-28,7770.0000,7837.5000,7750.5000,7836.0000,27844.0000,7808.6446,7889.0000,7779.0000,7831.5000,7836.0000,260.0000,,,,,,,,20.0000,,,,,,,,yahoo
ENRIN,2026-07-28,3265.0000,3265.0000,3207.0000,3229.3999,27194.0000,3222.0676,3235.1001,3126.3999,3180.6001,3180.0000,,,,,,,,,20.0000,25.0000,110.0000,120.0000,125.0000,145.0000,155.0000,165.0000,yahoo
ETERNAL,2026-07-28,295.7000,300.1000,294.3500,299.9500,6264541.0000,298.5384,308.2000,298.6500,307.6500,307.5000,5.0000,25.0000,35.0000,65.0000,65.0000,95.0000,295.0000,,,,,,,,,,yahoo
GAIL,2026-07-28,173.8700,174.4300,173.0800,173.7500,342052.0000,173.8145,176.9900,172.6700,175.0300,175.1000,55.0000,70.0000,75.0000,85.0000,85.0000,,,,15.0000,,,,,,,,yahoo
GODREJCP,2026-07-28,1070.4000,1089.8000,1070.4000,1089.5000,57769.0000,1085.6507,1090.2000,1059.0000,1067.5000,1067.6000,,,,,,,,,5.0000,20.0000,20.0000,20.0000,20.0000,20.0000,165.0000,,yahoo
GRASIM,2026-07-28,3119.5000,3126.6001,3109.6001,3115.3999,27256.0000,3118.5578,3125.3000,3102.3000,3117.0000,3120.0000,,,,,,,,,,,,,,,,,yahoo
HAL,2026-07-28,4619.0000,4622.7998,4534.3999,4539.5000,64366.0000,4566.7516,4614.0000,4500.1001,4598.6001,4600.1001,100.0000,160.0000,165.0000,165.0000,165.0000,,,,25.0000,25.0000,,,,,,,yahoo
HCLTECH,2026-07-28,1301.0000,1327.2000,1301.0000,1327.2000,816615.0000,1320.9541,1341.9000,1317.5000,1318.5000,1321.3000,25.0000,35.0000,70.0000,,,,,,210.0000,,,,,,,,yahoo
HDFCAMC,2026-07-28,2550.1001,2556.1001,2523.0000,2525.2000,36342.0000,2534.6487,2538.7000,2515.5000,2533.0000,2534.5000,55.0000,,,,,,,,,,,,,,,,yahoo
HDFCBANK,2026-07-28,733.9500,739.2000,733.9000,736.2000,2656744.0000,737.1906,740.2000,732.2000,734.6000,736.7500,150.0000,,,,,,,,25.0000,,,,,,,,yahoo
HDFCLIFE,2026-07-28,553.1000,554.3000,551.5000,553.0000,116187.0000,553.3180,558.5500,552.5000,557.8000,559.3000,90.0000,230.0000,265.0000,,,,,,,,,,,,,,yahoo
HINDALCO,2026-07-28,946.0000,946.0000,935.6000,937.0000,287710.0000,938.3505,947.0000,935.3000,936.2500,939.9000,35.0000,55.0000,60.0000,,,,,,,,,,,,,,yahoo
HINDUNILVR,2026-07-28,2173.8000,2204.0000,2165.0000,2201.8999,152964.0000,2194.2070,2213.0000,2021.6000,2022.8000,2020.0000,20.0000,,,,,,,,20.0000,20.0000,20.0000,20.0000,20.0000,20.0000,20.0000,20.0000,yahoo
HINDZINC,2026-07-28,529.4500,530.3500,524.0500,524.2000,286638.0000,525.9656,528.4000,524.1500,526.7000,527.8000,60.0000,70.0000,,,,,,,,,,,,,,,yahoo
HYUNDAI,2026-07-28,1983.3000,1990.5000,1977.4000,1983.6000,30652.0000,1981.3124,2008.9000,1982.6000,2002.5000,2000.0000,45.0000,75.0000,75.0000,80.0000,,,,,,,,,,,,,yahoo
ICICIBANK,2026-07-28,1443.0000,1445.6000,1440.5000,1441.6000,750016.0000,1443.0516,1443.5000,1422.3000,1426.7000,1418.0000,,,,,,,,,65.0000,110.0000,195.0000,225.0000,,,,,yahoo
INDHOTEL,2026-07-28,735.0000,738.8000,734.0000,736.3000,95626.0000,736.5961,741.4000,732.5500,734.6000,734.7000,90.0000,,,,,,,,290.0000,,,,,,,,yahoo
INDIGO,2026-07-28,5252.0000,5267.0000,5218.0000,5257.0000,53683.0000,5249.9829,5274.0000,5237.0000,5274.0000,5278.0000,,,,,,,,,,,,,,,,,yahoo
INFY,2026-07-28,1099.0000,1115.3000,1099.0000,1115.0000,4151835.0000,1109.3535,1118.2000,1104.0000,1108.1000,1105.0000,,,,,,,,,5.0000,55.0000,,,,,,,yahoo
IOC,2026-07-28,141.9400,142.8800,141.5500,141.9500,844909.0000,142.4147,142.2400,141.1000,141.3000,141.3500,,,,,,,,,20.0000,,,,,,,,yahoo
IRFC,2026-07-28,88.1500,88.3500,87.9200,88.2400,642949.0000,88.2295,88.3400,87.0500,87.1500,87.4200,,,,,,,,,165.0000,255.0000,290.0000,325.0000,,,,,yahoo
ITC,2026-07-28,284.9000,287.8500,284.5500,286.4000,2713504.0000,286.9650,286.7500,282.3000,284.6500,284.8500,,,,,,,,,20.0000,100.0000,105.0000,135.0000,,,,,yahoo
JINDALSTEL,2026-07-28,1067.5000,1069.1000,1054.2000,1057.0000,57771.0000,1057.8579,1061.0000,1052.0000,1054.4000,1054.4000,,,,,,,,,,,,,,,,,yahoo
JIOFIN,2026-07-28,236.0000,237.1800,235.5900,237.0900,1102095.0000,236.1935,239.1800,236.5300,236.7400,237.2500,10.0000,10.0000,,,,,,,,,,,,,,,yahoo
JSWSTEEL,2026-07-28,1242.9000,1251.4000,1242.9000,1247.3000,118726.0000,1247.8201,1259.8000,1244.4000,1246.7000,1246.0000,45.0000,55.0000,60.0000,,,,,,,,,,,,,,yahoo
KOTAKBANK,2026-07-28,385.8500,387.2500,384.1000,384.3000,446306.0000,384.8383,387.1500,383.3000,384.8500,385.3000,105.0000,,,,,,,,,,,,,,,,yahoo
LODHA,2026-07-28,1230.5000,1298.0000,1228.3500,1294.1500,2800816.0000,1270.7483,1300.0000,1268.2000,1299.7500,1301.4000,,,,,,,,,10.0000,10.0000,10.0000,10.0000,20.0000,20.0000,,,yahoo
LT,2026-07-28,3809.0000,3823.3999,3800.2000,3804.5000,96284.0000,3811.8294,3835.0000,3793.1001,3828.1001,3830.0000,145.0000,170.0000,,,,,,,,,,,,,,,yahoo
LTM,2026-07-28,4276.2002,4347.8999,4254.7002,4334.3999,161975.0000,4322.2215,4386.1001,4292.7998,4313.5000,4309.2002,25.0000,30.0000,50.0000,,,,,,5.0000,200.0000,,,,,,,yahoo
M&M,2026-07-28,3223.1001,3254.0000,3223.1001,3251.6001,166186.0000,3241.4772,3284.7000,3247.3000,3266.8000,3270.5000,50.0000,75.0000,250.0000,,,,,,,,,,,,,,yahoo
MARUTI,2026-07-28,13710.0000,13760.0000,13671.0000,13728.0000,29973.0000,13716.8242,13848.0000,13678.0000,13810.0000,13805.0000,165.0000,195.0000,,,,,,,,,,,,,,,yahoo
MAXHEALTH,2026-07-28,1122.6000,1122.9000,1113.2000,1115.0000,61910.0000,1115.4023,1116.5000,1099.7000,1107.3000,1104.8000,,,,,,,,,80.0000,95.0000,130.0000,140.0000,,,,,yahoo
MAZDOCK,2026-07-28,2330.2000,2330.2000,2301.0000,2304.3999,53711.0000,2306.3417,2310.8999,2292.5000,2296.0000,2293.8999,,,,,,,,,215.0000,,,,,,,,yahoo
MOTHERSON,2026-07-28,147.0000,148.4500,146.1200,146.4700,969297.0000,146.8647,148.4800,145.6000,147.7900,148.0000,50.0000,75.0000,115.0000,115.0000,,,,,20.0000,,,,,,,,yahoo
MUTHOOTFIN,2026-07-28,3017.1001,3017.1001,2975.1001,2980.8000,61247.0000,2986.2495,3028.8999,2968.8999,3009.7000,3026.6001,50.0000,95.0000,115.0000,155.0000,270.0000,,,,,,,,,,,,yahoo
NESTLEIND,2026-07-28,1452.6000,1477.6000,1449.9000,1475.5000,375300.0000,1469.3693,1507.2000,1465.7000,1478.2000,1492.3000,50.0000,70.0000,100.0000,250.0000,260.0000,315.0000,,,20.0000,,,,,,,,yahoo
NTPC,2026-07-28,350.0000,350.0000,343.7500,344.7000,787767.0000,345.7236,344.7000,342.1000,343.9500,343.7500,,,,,,,,,20.0000,50.0000,,,,,,,yahoo
ONGC,2026-07-28,238.0000,238.8400,236.9500,237.6900,681352.0000,237.9998,239.9300,236.0900,238.9800,238.2000,110.0000,295.0000,,,,,,,145.0000,,,,,,,,yahoo
PFC,2026-07-28,419.7000,421.5000,418.5000,421.4000,401777.0000,420.5589,423.5000,417.3000,419.5500,419.9000,,,,,,,,,15.0000,25.0000,,,,,,,yahoo
PIDILITIND,2026-07-28,1617.7000,1627.9000,1613.8000,1623.7000,56022.0000,1620.1199,1632.7000,1610.5000,1619.1000,1619.6000,15.0000,,,,,,,,65.0000,215.0000,,,,,,,yahoo
PNB,2026-07-28,111.6900,111.9200,111.2300,111.7600,1195245.0000,111.7090,112.3200,111.2700,111.7000,111.6500,120.0000,,,,,,,,,,,,,,,,yahoo
POWERGRID,2026-07-28,287.4500,287.7500,283.9500,284.1000,822455.0000,285.3308,287.1000,283.1000,285.4500,285.3000,210.0000,235.0000,250.0000,,,,,,,,,,,,,,yahoo
RECLTD,2026-07-28,368.1500,371.4000,367.2500,369.6500,691735.0000,369.8207,372.0000,365.2500,368.7000,368.5000,85.0000,,,,,,,,10.0000,15.0000,20.0000,,,,,,yahoo
RELIANCE,2026-07-28,1275.8000,1276.8000,1269.2000,1273.8000,422451.0000,1274.1410,1279.2000,1266.1000,1268.6000,1271.6000,,,,,,,,,305.0000,,,,,,,,yahoo
SBILIFE,2026-07-28,1866.8000,1879.5000,1866.8000,1870.8000,66659.0000,1874.6590,1893.5000,1867.5000,1892.2000,1885.0000,70.0000,235.0000,300.0000,,,,,,,,,,,,,,yahoo
SBIN,2026-07-28,1019.6000,1019.7000,1012.5000,1012.7000,500281.0000,1014.7426,1020.0000,1009.6000,1010.0000,1013.6000,60.0000,,,,,,,,,,,,,,,,yahoo
SHREECEM,2026-07-28,26755.0000,27025.0000,26755.0000,27025.0000,735.0000,26973.9660,27050.0000,26680.0000,26825.0000,26875.0000,,,,,,,,,50.0000,215.0000,285.0000,305.0000,,,,,yahoo
SHRIRAMFIN,2026-07-28,1043.4000,1049.7000,1039.1000,1043.3000,797256.0000,1043.7915,1049.9000,1036.7000,1040.5000,1044.9000,55.0000,,,,,,,,310.0000,,,,,,,,yahoo
SIEMENS,2026-07-28,3695.1001,3695.1001,3634.7000,3643.2000,31524.0000,3646.8397,3698.8000,3620.3000,3681.8999,3681.0000,235.0000,235.0000,240.0000,240.0000,245.0000,,,,20.0000,,,,,,,,yahoo
SOLARINDS,2026-07-28,18571.0000,18571.0000,18206.0000,18208.0000,14825.0000,18311.8185,18275.0000,18108.0000,18246.0000,18272.0000,,,,,,,,,45.0000,,,,,,,,yahoo
SUNPHARMA,2026-07-28,1978.5000,1986.8000,1971.3000,1986.0000,503444.0000,1981.8622,1992.4000,1974.4000,1975.3000,1976.7000,,,,,,,,,70.0000,,,,,,,,yahoo
TATACAP,2026-07-28,351.5500,351.9500,350.0000,350.7000,33530.0000,350.5079,357.9000,348.4500,355.0000,355.5000,65.0000,145.0000,175.0000,190.0000,235.0000,235.0000,,,110.0000,,,,,,,,yahoo
TATACONSUM,2026-07-28,1109.9000,1112.3000,1101.5000,1110.8000,90925.0000,1105.4587,1115.7000,1078.5000,1080.0000,1087.6000,,,,,,,,,20.0000,40.0000,80.0000,80.0000,85.0000,115.0000,215.0000,,yahoo
TATAPOWER,2026-07-28,381.2500,383.1000,371.8000,371.9000,1368346.0000,373.8183,374.6000,368.0000,372.6000,371.1500,35.0000,,,,,,,,210.0000,245.0000,280.0000,,,,,,yahoo
TATASTEEL,2026-07-28,184.4000,184.9900,183.0100,183.2000,1086073.0000,183.6643,185.1200,182.1400,182.8900,182.9000,50.0000,55.0000,60.0000,,,,,,245.0000,,,,,,,,yahoo
TCS,2026-07-28,2323.7000,2376.8999,2323.7000,2376.3999,1006499.0000,2366.6174,2417.0000,2373.0000,2398.0000,2398.0000,10.0000,10.0000,20.0000,100.0000,130.0000,,,,,,,,,,,,yahoo
TECHM,2026-07-28,1600.7000,1626.8000,1600.6000,1623.2000,645944.0000,1621.2316,1643.9000,1610.7000,1636.6000,1635.2000,85.0000,145.0000,295.0000,310.0000,,,,,5.0000,5.0000,,,,,,,yahoo
TITAN,2026-07-28,4760.0000,4764.8999,4715.7002,4746.0000,81682.0000,4738.8555,4854.0000,4737.2998,4846.8999,4849.7002,70.0000,70.0000,95.0000,115.0000,120.0000,195.0000,,,,,,,,,,,yahoo
TMCV,2026-07-28,411.8500,414.9500,410.3500,413.0000,295757.0000,412.7688,417.6000,411.0500,417.3500,417.2000,180.0000,185.0000,240.0000,,,,,,,,,,,,,,yahoo
TMPV,2026-07-28,326.8000,326.9000,323.4500,324.1500,651372.0000,324.2606,325.8500,323.0500,324.2500,324.1500,145.0000,,,,,,,,,,,,,,,,yahoo
TORNTPHARM,2026-07-28,5020.0000,5020.0000,4952.7002,4953.0000,60973.0000,4979.4269,4955.0000,4866.6001,4896.0000,4899.1001,,,,,,,,,10.0000,20.0000,85.0000,95.0000,215.0000,,,,yahoo
TRENT,2026-07-28,2940.2000,2940.2000,2922.5000,2925.0000,53938.0000,2928.3938,2934.8000,2909.3000,2931.8999,2930.0000,,,,,,,,,45.0000,,,,,,,,yahoo
TVSMOTOR,2026-07-28,3868.8000,3932.0000,3868.8000,3930.0000,122679.0000,3911.6281,4001.3999,3919.2000,3994.2000,3980.0000,130.0000,135.0000,150.0000,150.0000,195.0000,,,,,,,,,,,,yahoo
ULTRACEMCO,2026-07-28,11850.0000,11939.0000,11826.0000,11935.0000,10522.0000,11911.8738,12049.0000,11858.0000,11959.0000,11970.0000,120.0000,185.0000,,,,,,,20.0000,,,,,,,,yahoo
UNIONBANK,2026-07-28,170.4800,170.4800,169.1000,169.2500,567958.0000,169.4907,171.3400,168.1000,168.2600,168.2900,25.0000,25.0000,25.0000,,,,,,325.0000,,,,,,,,yahoo
UNITDSPR,2026-07-28,1478.4000,1490.9000,1478.4000,1485.0000,50600.0000,1487.3288,1511.4000,1481.7000,1507.1000,1508.8000,50.0000,245.0000,275.0000,295.0000,305.0000,,,,,,,,,,,,yahoo
VBL,2026-07-28,464.6500,467.4500,463.5000,465.6000,351107.0000,466.0538,469.8500,423.0500,430.1500,429.5000,150.0000,150.0000,,,,,,,20.0000,70.0000,115.0000,125.0000,130.0000,150.0000,155.0000,155.0000,yahoo
VEDL,2026-07-28,265.0000,266.0000,261.4500,261.6000,685581.0000,262.2574,263.1000,259.1000,259.4000,259.5500,55.0000,,,,,,,,285.0000,320.0000,,,,,,,yahoo
WIPRO,2026-07-28,178.9600,180.4500,178.9500,180.4500,3466962.0000,180.0417,181.7000,179.4800,181.2500,181.0500,65.0000,,,,,,,,5.0000,,,,,,,,yahoo
ZYDUSLIFE,2026-07-28,1113.6000,1113.6000,1103.5000,1108.8000,28120.0000,1107.4727,1115.6000,1095.2000,1099.0000,1102.0000,15.0000,,,,,,,,130.0000,150.0000,210.0000,,,,,,yahoo
ABB,2026-07-29,7249.5000,7249.5000,7121.0000,7139.0000,44313.0000,7162.0707,7456.5000,7085.5000,7316.0000,7314.5000,110.0000,110.0000,110.0000,110.0000,110.0000,140.0000,140.0000,140.0000,75.0000,,,,,,,,yahoo
ADANIENSOL,2026-07-29,1648.0000,1672.0000,1645.3000,1661.2000,185509.0000,1662.4087,1682.0000,1643.5000,1670.5000,1663.0000,290.0000,290.0000,290.0000,290.0000,,,,,15.0000,15.0000,20.0000,,,,,,yahoo
ADANIENT,2026-07-29,3018.7000,3029.8999,3000.0000,3027.0000,71029.0000,3023.2810,3046.6001,2975.0000,3027.0000,3024.5000,290.0000,,,,,,,,65.0000,75.0000,90.0000,90.0000,90.0000,,,,yahoo
ADANIGREEN,2026-07-29,1387.8000,1387.8000,1373.6000,1382.3000,118968.0000,1381.4089,1390.2000,1354.8000,1372.9000,1373.8000,290.0000,,,,,,,,15.0000,20.0000,65.0000,75.0000,85.0000,,,,yahoo
ADANIPORTS,2026-07-29,1788.8000,1788.8000,1764.8000,1768.5000,109863.0000,1774.2541,1770.3000,1705.6000,1721.2000,1722.0000,,,,,,,,,25.0000,30.0000,70.0000,75.0000,75.0000,105.0000,160.0000,210.0000,yahoo
ADANIPOWER,2026-07-29,209.6800,210.2100,208.4800,209.5200,1582868.0000,209.1553,211.0700,207.8000,209.8800,209.4800,290.0000,,,,,,,,50.0000,75.0000,,,,,,,yahoo
AMBUJACEM,2026-07-29,424.0000,432.0000,424.0000,430.8000,607833.0000,430.3282,442.7000,429.8000,435.6500,435.0000,15.0000,35.0000,40.0000,130.0000,140.0000,140.0000,150.0000,,,,,,,,,,yahoo
APOLLOHOSP,2026-07-29,8929.5000,8968.0000,8905.0000,8932.0000,13688.0000,8939.2814,8964.0000,8905.0000,8929.5000,8935.0000,,,,,,,,,,,,,,,,,yahoo
ASIANPAINT,2026-07-29,2748.0000,2748.0000,2719.2000,2739.8000,83413.0000,2731.3264,2862.6001,2722.0000,2755.1001,2758.3999,5.0000,10.0000,10.0000,125.0000,260.0000,265.0000,265.0000,265.0000,260.0000,,,,,,,,yahoo
AXISBANK,2026-07-29,1229.8000,1229.8000,1216.7000,1217.8000,1282813.0000,1220.2880,1236.6000,1214.7000,1235.2000,1235.8000,110.0000,170.0000,250.0000,255.0000,290.0000,,,,,,,,,,,,yahoo
BAJAJ-AUTO,2026-07-29,11441.0000,11531.0000,11392.5000,11503.0000,87612.0000,11484.6510,11524.0000,11290.5000,11340.0000,11329.5000,,,,,,,,,15.0000,185.0000,225.0000,230.0000,250.0000,,,,yahoo
BAJAJFINSV,2026-07-29,1945.0000,1945.0000,1927.9000,1928.6000,90535.0000,1931.8540,1931.1000,1909.0000,1925.2000,1924.4000,,,,,,,,,15.0000,190.0000,235.0000,,,,,,yahoo
BAJAJHLDNG,2026-07-29,10875.0000,10912.0000,10810.0000,10891.0000,4188.0000,10873.7767,10968.0000,10849.0000,10959.0000,10949.0000,285.0000,,,,,,,,,,,,,,,,yahoo
BAJFINANCE,2026-07-29,1062.0000,1065.5000,1056.0000,1057.8000,1009288.0000,1059.8888,1060.4000,1048.5000,1054.0000,1052.0000,,,,,,,,,5.0000,15.0000,,,,,,,yahoo
BANKBARODA,2026-07-29,240.2000,242.1500,239.5500,242.1500,1078547.0000,240.9764,244.9000,242.0000,243.0000,243.0000,115.0000,125.0000,210.0000,,,,,,,,,,,,,,yahoo
BEL,2026-07-29,390.8000,390.9000,384.2000,385.5000,4384860.0000,386.1000,388.3500,382.2000,387.7000,387.5500,300.0000,,,,,,,,40.0000,50.0000,,,,,,,yahoo
BHARTIARTL,2026-07-29,1915.3000,1937.4000,1913.5000,1932.2000,387100.0000,1933.1148,1957.0000,1930.0000,1950.1000,1950.2000,35.0000,45.0000,45.0000,55.0000,,,,,,,,,,,,,yahoo
BOSCHLTD,2026-07-29,41540.0000,41575.0000,41285.0000,41410.0000,2236.0000,41418.2238,41535.0000,39705.0000,41065.0000,41065.0000,,,,,,,,,60.0000,60.0000,60.0000,65.0000,65.0000,65.0000,70.0000,75.0000,yahoo
BPCL,2026-07-29,319.3500,319.3500,315.8000,318.7500,332255.0000,317.6560,319.5500,316.2500,317.4000,317.2000,,,,,,,,,190.0000,250.0000,,,,,,,yahoo
BRITANNIA,2026-07-29,5499.5000,5580.0000,5494.5000,5559.5000,60910.0000,5563.0348,5574.5000,5506.0000,5514.0000,5517.5000,,,,,,,,,235.0000,295.0000,,,,,,,yahoo
CANBK,2026-07-29,124.9000,125.5500,124.4700,125.0400,3839488.0000,124.8530,125.4400,124.5000,124.7000,124.6000,,,,,,,,,,,,,,,,,yahoo
CGPOWER,2026-07-29,841.1000,841.1000,825.7500,831.6000,623002.0000,830.6724,835.8500,826.9500,829.8000,829.5000,110.0000,,,,,,,,240.0000,,,,,,,,yahoo
CHOLAFIN,2026-07-29,1820.4000,1837.2000,1781.2000,1781.2000,493670.0000,1799.4422,1813.6000,1776.7000,1805.6000,1802.9000,5.0000,25.0000,25.0000,110.0000,110.0000,,,,,,,,,,,,yahoo
CIPLA,2026-07-29,1450.0000,1461.5000,1442.8000,1452.4000,101917.0000,1455.2187,1490.5000,1451.2000,1474.9000,1475.0000,30.0000,35.0000,55.0000,55.0000,75.0000,85.0000,90.0000,,,,,,,,,,yahoo
COALINDIA,2026-07-29,412.6500,412.9000,406.5000,408.6000,752800.0000,407.7689,412.7500,408.0000,410.3500,409.7000,10.0000,10.0000,15.0000,,,,,,,,,,,,,,yahoo
CUMMINSIND,2026-07-29,5435.0000,5471.0000,5407.5000,5426.5000,52336.0000,5437.0748,5435.5000,5374.0000,5378.5000,5380.0000,,,,,,,,,25.0000,105.0000,,,,,,,yahoo
DIVISLAB,2026-07-29,7429.0000,7588.0000,7429.0000,7570.0000,40822.0000,7541.4851,7788.0000,7550.0000,7777.0000,7784.5000,55.0000,80.0000,85.0000,100.0000,105.0000,165.0000,175.0000,,,,,,,,,,yahoo
DLF,2026-07-29,668.4000,669.5000,662.5000,668.0000,399665.0000,666.2290,671.9500,665.2000,670.3500,670.3000,100.0000,,,,,,,,,,,,,,,,yahoo
DMART,2026-07-29,3857.0000,3871.3000,3826.8000,3834.7000,67491.0000,3840.9070,3878.8000,3833.0000,3849.8999,3848.0000,25.0000,25.0000,30.0000,,,,,,,,,,,,,,yahoo
DRREDDY,2026-07-29,1142.8000,1142.8000,1132.0000,1132.3000,158922.0000,1134.2643,1147.8000,1132.4000,1141.6000,1142.9000,10.0000,55.0000,55.0000,205.0000,,,,,,,,,,,,,yahoo
EICHERMOT,2026-07-29,7884.0000,7915.0000,7806.5000,7874.0000,43833.0000,7886.1850,7878.0000,7751.0000,7774.5000,7800.0000,,,,,,,,,15.0000,75.0000,85.0000,190.0000,240.0000,,,,yahoo
ENRIN,2026-07-29,3166.3999,3179.6001,3144.6001,3168.7000,28107.0000,3159.8700,3228.6001,3161.0000,3167.7000,3169.0000,110.0000,110.0000,110.0000,110.0000,180.0000,,,,,,,,,,,,yahoo
ETERNAL,2026-07-29,309.4000,316.1000,309.0500,309.2500,8129055.0000,311.3243,314.7500,309.3000,311.9500,311.6000,5.0000,10.0000,10.0000,25.0000,35.0000,,,,,,,,,,,,yahoo
GAIL,2026-07-29,175.7500,175.7500,173.5000,175.1500,384470.0000,174.1618,175.8500,174.7900,175.0500,175.0000,,,,,,,,,,,,,,,,,yahoo
GODREJCP,2026-07-29,1069.0000,1082.5000,1069.0000,1079.4000,36578.0000,1079.4066,1086.6000,1070.9000,1077.0000,1076.5000,60.0000,,,,,,,,25.0000,310.0000,,,,,,,yahoo
GRASIM,2026-07-29,3111.5000,3148.0000,3111.5000,3129.0000,22339.0000,3136.8296,3137.0000,3105.3000,3112.8000,3110.0000,,,,,,,,,150.0000,245.0000,,,,,,,yahoo
HAL,2026-07-29,4600.1001,4621.0000,4573.7002,4583.0000,44217.0000,4586.8044,4598.6001,4536.0000,4593.7002,4588.0000,,,,,,,,,40.0000,40.0000,75.0000,,,,,,yahoo
HCLTECH,2026-07-29,1342.7000,1349.7000,1323.2000,1336.1000,466154.0000,1335.0289,1352.6000,1332.6000,1344.9000,1344.3000,15.0000,40.0000,75.0000,,,,,,,,,,,,,,yahoo
HDFCAMC,2026-07-29,2540.8999,2555.0000,2528.8999,2537.8000,22750.0000,2537.2632,2557.2000,2530.1001,2541.3999,2545.0000,145.0000,210.0000,,,,,,,,,,,,,,,yahoo
HDFCBANK,2026-07-29,743.4500,747.9000,741.0000,746.4000,2328841.0000,745.8627,751.2500,744.5000,748.3000,748.3000,145.0000,,,,,,,,,,,,,,,,yahoo
HDFCLIFE,2026-07-29,559.0000,561.0000,558.6500,560.5500,81289.0000,559.6599,560.9500,556.3500,557.1000,557.8000,,,,,,,,,15.0000,,,,,,,,yahoo
HINDALCO,2026-07-29,942.3000,945.0000,938.1500,942.8500,158435.0000,941.1650,962.5500,942.7500,961.4000,964.3000,10.0000,10.0000,10.0000,10.0000,85.0000,120.0000,,,,,,,,,,,yahoo
HINDUNILVR,2026-07-29,2052.2000,2091.7000,2050.0000,2087.0000,1030119.0000,2078.9809,2122.5000,2076.8999,2117.5000,2119.5000,25.0000,25.0000,110.0000,110.0000,125.0000,,,,,,,,,,,,yahoo
HINDZINC,2026-07-29,528.5000,530.5500,527.4500,529.5500,193006.0000,529.0276,535.9000,529.5000,534.7500,536.7000,10.0000,10.0000,120.0000,,,,,,,,,,,,,,yahoo
HYUNDAI,2026-07-29,1995.6000,2011.8000,1985.2000,1987.8000,24308.0000,1993.4580,1997.5000,1972.0000,1991.6000,1992.0000,,,,,,,,,10.0000,15.0000,,,,,,,yahoo
ICICIBANK,2026-07-29,1447.1000,1447.1000,1429.0000,1434.0000,738934.0000,1431.7380,1441.8000,1429.3000,1438.7000,1437.9000,80.0000,,,,,,,,,,,,,,,,yahoo
INDHOTEL,2026-07-29,738.5500,738.8500,734.7000,737.4500,57212.0000,737.4714,739.9000,731.9000,737.3500,738.2000,,,,,,,,,30.0000,145.0000,,,,,,,yahoo
INDIGO,2026-07-29,5250.0000,5250.0000,5207.0000,5237.0000,56372.0000,5219.7403,5299.5000,5226.0000,5269.0000,5280.0000,140.0000,210.0000,215.0000,,,,,,,,,,,,,,yahoo
INFY,2026-07-29,1148.4000,1151.8000,1128.5000,1148.8000,3523699.0000,1140.6275,1164.4000,1138.0000,1155.9000,1154.0000,40.0000,75.0000,80.0000,100.0000,,,,,10.0000,10.0000,,,,,,,yahoo
IOC,2026-07-29,141.2800,141.2800,139.7200,140.4800,719012.0000,140.1134,140.7800,139.5500,140.2600,140.0000,,,,,,,,,165.0000,,,,,,,,yahoo
IRFC,2026-07-29,87.4300,88.7500,87.4300,88.6500,1272658.0000,88.4857,89.5800,88.2800,88.9500,89.5000,115.0000,140.0000,150.0000,,,,,,,,,,,,,,yahoo
ITC,2026-07-29,285.8000,289.0000,284.3000,288.4000,2730605.0000,287.6963,288.6500,286.0500,286.3000,286.1000,,,,,,,,,65.0000,325.0000,,,,,,,yahoo
JINDALSTEL,2026-07-29,1054.4000,1069.3000,1054.4000,1069.3000,112442.0000,1063.6039,1099.9000,1069.3000,1089.5000,1088.7000,5.0000,5.0000,10.0000,10.0000,10.0000,20.0000,50.0000,,,,,,,,,,yahoo
JIOFIN,2026-07-29,238.0500,239.0800,237.6300,238.1500,775854.0000,238.0582,253.7300,237.5200,249.5000,248.6600,175.0000,175.0000,180.0000,180.0000,185.0000,190.0000,205.0000,205.0000,,,,,,,,,yahoo
JSWSTEEL,2026-07-29,1252.9000,1262.0000,1245.1000,1254.5000,85641.0000,1257.9668,1279.0000,1254.4000,1276.2000,1275.0000,10.0000,10.0000,10.0000,15.0000,85.0000,,,,,,,,,,,,yahoo
KOTAKBANK,2026-07-29,386.9500,388.2000,385.7500,387.3500,1656132.0000,387.1652,392.2500,387.0500,390.3000,390.2000,145.0000,145.0000,185.0000,280.0000,,,,,,,,,,,,,yahoo
LODHA,2026-07-29,1289.9000,1314.0000,1275.6000,1298.2500,838664.0000,1289.7162,1344.5500,1290.1500,1312.8500,1303.1500,70.0000,85.0000,90.0000,90.0000,95.0000,95.0000,95.0000,100.0000,5.0000,,,,,,,,yahoo
LT,2026-07-29,3899.0000,3965.6001,3899.0000,3962.0000,630474.0000,3950.6696,3978.2000,3920.5000,3930.5000,3931.3999,,,,,,,,,40.0000,130.0000,180.0000,,,,,,yahoo
LTM,2026-07-29,4434.2002,4453.8999,4365.7998,4436.7002,99368.0000,4412.6164,4448.0000,4407.6001,4427.2002,4408.1001,,,,,,,,,25.0000,,,,,,,,yahoo
M&M,2026-07-29,3282.0000,3320.3000,3277.6001,3302.1001,274401.0000,3307.9497,3314.2000,3212.0000,3222.3000,3221.8000,,,,,,,,,15.0000,35.0000,35.0000,65.0000,75.0000,95.0000,235.0000,,yahoo
MARUTI,2026-07-29,13775.0000,13909.0000,13722.0000,13850.0000,58300.0000,13850.5817,13976.0000,13821.0000,13944.0000,13930.0000,145.0000,310.0000,,,,,,,,,,,,,,,yahoo
MAXHEALTH,2026-07-29,1112.0000,1119.1000,1109.2000,1117.4000,106582.0000,1115.9393,1119.0000,1105.2000,1111.3000,1110.1000,,,,,,,,,70.0000,110.0000,115.0000,,,,,,yahoo
MAZDOCK,2026-07-29,2303.5000,2311.8999,2296.5000,2307.3000,39519.0000,2302.4515,2314.8000,2297.1001,2310.2000,2308.0000,,,,,,,,,,,,,,,,,yahoo
MOTHERSON,2026-07-29,148.2600,148.6900,145.1200,145.3700,1326615.0000,146.3240,146.2900,143.9200,145.9900,146.0000,140.0000,,,,,,,,15.0000,15.0000,,,,,,,yahoo
MUTHOOTFIN,2026-07-29,3021.8999,3044.6001,2992.3000,3007.5000,46451.0000,2999.7067,3029.6001,2995.0000,3017.0000,3019.6001,300.0000,,,,,,,,,,,,,,,,yahoo
NESTLEIND,2026-07-29,1493.6000,1513.8000,1489.3000,1504.8000,212051.0000,1507.5548,1515.6000,1494.1000,1502.5000,1505.0000,130.0000,,,,,,,,10.0000,,,,,,,,yahoo
NTPC,2026-07-29,343.4500,345.0000,342.9500,344.4500,325702.0000,344.0539,345.3000,341.2000,343.4000,343.5500,,,,,,,,,60.0000,120.0000,,,,,,,yahoo
ONGC,2026-07-29,240.0000,240.0000,238.0600,238.7700,469614.0000,238.5951,239.9700,238.0100,238.7900,238.3100,130.0000,,,,,,,,,,,,,,,,yahoo
PFC,2026-07-29,421.8000,422.3500,419.2500,421.4000,357107.0000,421.0133,431.3000,420.5000,427.5500,426.7500,110.0000,120.0000,125.0000,130.0000,130.0000,140.0000,,,,,,,,,,,yahoo
PIDILITIND,2026-07-29,1623.9000,1629.3000,1615.7000,1620.3000,54302.0000,1621.5434,1636.9000,1608.9000,1630.7000,1629.9000,265.0000,265.0000,270.0000,,,,,,90.0000,,,,,,,,yahoo
PNB,2026-07-29,112.1700,112.1700,111.1800,111.7500,938649.0000,111.5196,112.1000,110.9300,111.0600,110.8900,,,,,,,,,65.0000,,,,,,,,yahoo
POWERGRID,2026-07-29,283.6000,284.5000,283.0000,284.4000,525835.0000,283.8660,284.7000,281.0500,282.5000,282.8500,,,,,,,,,100.0000,115.0000,130.0000,,,,,,yahoo
RECLTD,2026-07-29,370.0000,371.2000,369.1500,369.8000,332095.0000,370.1354,378.5500,369.3500,374.3500,374.3500,110.0000,110.0000,115.0000,125.0000,130.0000,135.0000,,,,,,,,,,,yahoo
RELIANCE,2026-07-29,1276.0000,1280.0000,1272.1000,1276.0000,712973.0000,1275.9849,1282.0000,1269.0000,1275.6000,1275.9000,,,,,,,,,70.0000,,,,,,,,yahoo
SBILIFE,2026-07-29,1893.0000,1902.5000,1885.3000,1889.3000,83733.0000,1890.5027,1901.9000,1883.6000,1895.7000,1896.0000,60.0000,,,,,,,,,,,,,,,,yahoo
SBIN,2026-07-29,1019.4000,1020.2000,1016.0000,1019.0000,327427.0000,1017.7984,1020.1000,1012.1000,1013.8000,1013.3000,,,,,,,,,105.0000,,,,,,,,yahoo
SHREECEM,2026-07-29,26720.0000,27105.0000,26700.0000,26930.0000,1002.0000,26990.0416,26950.0000,26705.0000,26840.0000,26790.0000,,,,,,,,,40.0000,80.0000,,,,,,,yahoo
SHRIRAMFIN,2026-07-29,1051.7000,1051.7000,1038.6000,1041.6000,399159.0000,1041.8443,1048.8000,1034.5000,1044.7000,1043.9000,270.0000,,,,,,,,20.0000,,,,,,,,yahoo
SIEMENS,2026-07-29,3601.0000,3652.8999,3601.0000,3621.6001,29686.0000,3624.3631,3680.8999,3616.0000,3649.5000,3650.7000,35.0000,65.0000,115.0000,140.0000,165.0000,,,,,,,,,,,,yahoo
SOLARINDS,2026-07-29,18278.0000,18519.0000,18231.0000,18315.0000,9506.0000,18358.6096,18322.0000,18051.0000,18117.0000,18036.0000,,,,,,,,,15.0000,30.0000,195.0000,255.0000,,,,,yahoo
SUNPHARMA,2026-07-29,1980.2000,1988.5000,1978.0000,1983.9000,84633.0000,1984.5629,1992.5000,1960.5000,1990.6000,1989.9000,,,,,,,,,15.0000,15.0000,20.0000,,,,,,yahoo
TATACAP,2026-07-29,364.4000,377.6500,363.1000,368.1000,4119338.0000,371.8000,369.8500,360.0500,361.0500,359.8000,,,,,,,,,30.0000,45.0000,65.0000,65.0000,70.0000,75.0000,,,yahoo
TATACONSUM,2026-07-29,1090.0000,1106.5000,1086.1000,1104.6000,130314.0000,1101.8722,1106.0000,1092.5000,1097.0000,1092.8000,,,,,,,,,80.0000,85.0000,185.0000,,,,,,yahoo
TATAPOWER,2026-07-29,371.3500,373.2000,370.0000,373.2000,292797.0000,372.0614,379.7000,372.8000,377.4500,376.8500,10.0000,10.0000,225.0000,225.0000,230.0000,,,,,,,,,,,,yahoo
TATASTEEL,2026-07-29,183.5900,184.7900,183.0800,184.7800,2001005.0000,184.2091,188.6700,184.8200,187.0900,187.6000,5.0000,10.0000,10.0000,10.0000,15.0000,105.0000,,,,,,,,,,,yahoo
TCS,2026-07-29,2440.0000,2472.0000,2416.1001,2464.3999,2133189.0000,2447.6626,2466.0000,2441.0000,2447.3000,2440.0000,,,,,,,,,25.0000,155.0000,,,,,,,yahoo
TECHM,2026-07-29,1665.0000,1672.8000,1644.1000,1666.1000,394395.0000,1658.4803,1666.4000,1641.0000,1644.6000,1644.4000,,,,,,,,,5.0000,25.0000,110.0000,210.0000,295.0000,,,,yahoo
TITAN,2026-07-29,4865.6001,4865.6001,4825.0000,4830.8999,82960.0000,4834.4716,4853.3999,4823.2002,4850.2998,4850.2002,,,,,,,,,,,,,,,,,yahoo
TMCV,2026-07-29,419.2000,423.3000,418.5000,422.1000,553649.0000,421.7106,422.0000,410.9000,411.1000,411.2500,,,,,,,,,15.0000,15.0000,100.0000,105.0000,115.0000,215.0000,330.0000,,yahoo
TMPV,2026-07-29,326.5000,329.2000,325.6500,329.0000,748271.0000,328.1978,330.5000,326.2000,329.7500,329.8500,,,,,,,,,25.0000,30.0000,,,,,,,yahoo
TORNTPHARM,2026-07-29,4896.8999,4948.6001,4883.1001,4887.1001,104310.0000,4903.8556,4902.5000,4857.2002,4877.5000,4878.5000,,,,,,,,,20.0000,,,,,,,,yahoo
TRENT,2026-07-29,2939.8000,2939.8000,2916.5000,2923.0000,37545.0000,2921.9268,3006.0000,2922.2000,3006.0000,3005.2000,50.0000,55.0000,55.0000,55.0000,80.0000,165.0000,200.0000,,,,,,,,,,yahoo
TVSMOTOR,2026-07-29,4013.1001,4071.0000,3996.8000,4042.2000,289040.0000,4053.9563,4081.2000,4018.3999,4075.2000,4075.6001,135.0000,320.0000,,,,,,,35.0000,,,,,,,,yahoo
ULTRACEMCO,2026-07-29,12030.0000,12088.0000,11988.0000,12035.0000,20394.0000,12059.7950,12049.0000,11980.0000,12004.0000,11989.0000,,,,,,,,,,,,,,,,,yahoo
UNIONBANK,2026-07-29,168.3700,169.3400,168.1400,169.1600,521655.0000,168.6942,171.9000,168.9100,171.1700,171.0200,15.0000,15.0000,15.0000,20.0000,275.0000,,,,,,,,,,,,yahoo
UNITDSPR,2026-07-29,1513.0000,1534.0000,1507.6000,1533.4000,275081.0000,1522.2386,1535.9000,1493.9000,1505.0000,1503.5000,,,,,,,,,10.0000,50.0000,50.0000,55.0000,155.0000,180.0000,230.0000,,yahoo
VBL,2026-07-29,436.0500,441.8000,433.8000,435.8000,1576746.0000,438.1451,448.7500,433.6000,447.1000,447.3000,20.0000,20.0000,50.0000,50.0000,50.0000,125.0000,140.0000,,5.0000,,,,,,,,yahoo
VEDL,2026-07-29,260.8500,262.4500,260.1500,262.4500,420415.0000,261.8114,264.5000,262.4000,263.9500,264.5000,10.0000,105.0000,,,,,,,,,,,,,,,yahoo
WIPRO,2026-07-29,183.0000,184.7000,181.4500,184.6500,4237077.0000,183.4184,185.7400,183.4300,183.6400,183.2500,75.0000,,,,,,,,10.0000,,,,,,,,yahoo
ZYDUSLIFE,2026-07-29,1098.6000,1112.5000,1098.6000,1106.0000,49060.0000,1106.9792,1130.0000,1105.0000,1122.0000,1122.0000,30.0000,75.0000,80.0000,85.0000,90.0000,185.0000,,,,,,,,,,,yahoo
ABB,2026-07-30,7331.0000,7331.0000,7229.5000,7229.5000,23192.0000,7249.3058,7330.0000,7195.0000,7304.0000,7291.5000,85.0000,90.0000,90.0000,120.0000,,,,,,,,,,,,,yahoo
ADANIENSOL,2026-07-30,1663.0000,1667.2000,1633.0000,1661.9000,257317.0000,1650.8499,1674.4000,1648.3000,1659.3000,1655.8000,170.0000,170.0000,,,,,,,35.0000,285.0000,,,,,,,yahoo
ADANIENT,2026-07-30,3031.8000,3059.2000,2996.7000,3048.3000,218917.0000,3028.9011,3057.0000,3018.3000,3046.7000,3050.0000,,,,,,,,,35.0000,35.0000,,,,,,,yahoo
ADANIGREEN,2026-07-30,1374.0000,1374.0000,1350.1000,1364.9000,330728.0000,1359.1282,1369.7000,1354.3000,1358.7000,1358.0000,,,,,,,,,210.0000,290.0000,,,,,,,yahoo
ADANIPORTS,2026-07-30,1713.8000,1713.8000,1666.6000,1677.7000,926026.0000,1672.9672,1680.7000,1659.0000,1664.4000,1660.6000,,,,,,,,,30.0000,85.0000,250.0000,,,,,,yahoo
ADANIPOWER,2026-07-30,209.0100,211.1900,207.2000,210.3800,4216497.0000,209.3471,211.1000,207.8600,209.1800,209.0000,,,,,,,,,135.0000,140.0000,265.0000,,,,,,yahoo
AMBUJACEM,2026-07-30,433.7500,433.7500,430.4500,432.8000,201644.0000,432.0269,435.5500,427.1000,435.5000,435.4000,325.0000,,,,,,,,20.0000,130.0000,135.0000,145.0000,,,,,yahoo
APOLLOHOSP,2026-07-30,8901.5000,8960.5000,8883.5000,8930.0000,10213.0000,8938.7545,9009.0000,8922.0000,8987.5000,8959.5000,25.0000,245.0000,,,,,,,,,,,,,,,yahoo
ASIANPAINT,2026-07-30,2761.0000,2761.0000,2667.7000,2707.8000,353921.0000,2691.0170,2745.6001,2703.3999,2739.0000,2746.2000,5.0000,20.0000,20.0000,230.0000,,,,,,,,,,,,,yahoo
AXISBANK,2026-07-30,1229.3000,1229.7000,1221.5000,1221.5000,206500.0000,1224.4759,1230.9000,1220.5000,1228.3000,1229.9000,20.0000,25.0000,,,,,,,,,,,,,,,yahoo
BAJAJ-AUTO,2026-07-30,11338.0000,11490.5000,11328.5000,11484.0000,31843.0000,11452.7100,11525.0000,11394.0000,11442.0000,11432.5000,,,,,,,,,200.0000,210.0000,,,,,,,yahoo
BAJAJFINSV,2026-07-30,1924.1000,1932.8000,1916.8000,1920.8000,58151.0000,1927.2521,1926.5000,1892.3000,1909.7000,1909.4000,,,,,,,,,25.0000,30.0000,35.0000,40.0000,,,,,yahoo
BAJAJHLDNG,2026-07-30,10907.0000,10990.0000,10896.0000,10930.0000,1683.0000,10955.8039,10985.0000,10900.0000,10975.0000,10970.0000,15.0000,,,,,,,,,,,,,,,,yahoo
BAJFINANCE,2026-07-30,1047.5000,1056.9000,1041.8000,1052.8000,940585.0000,1053.4686,1059.1000,1036.0000,1049.4000,1057.0000,5.0000,,,,,,,,25.0000,30.0000,40.0000,40.0000,50.0000,,,,yahoo
BANKBARODA,2026-07-30,242.7500,242.7500,241.0000,241.0000,548798.0000,241.8195,242.8500,240.4000,241.9000,241.9500,170.0000,170.0000,,,,,,,,,,,,,,,yahoo
BEL,2026-07-30,386.0500,386.4500,383.3000,383.3500,1732619.0000,384.1778,386.4000,382.8000,384.6500,384.9000,55.0000,90.0000,,,,,,,,,,,,,,,yahoo
BHARTIARTL,2026-07-30,1953.0000,1963.0000,1948.9000,1956.3000,399072.0000,1957.2581,1959.8000,1944.0000,1957.8000,1956.8000,,,,,,,,,80.0000,,,,,,,,yahoo
BOSCHLTD,2026-07-30,40935.0000,41345.0000,40920.0000,40935.0000,1212.0000,41096.0355,41590.0000,40950.0000,41590.0000,41600.0000,20.0000,20.0000,20.0000,40.0000,315.0000,,,,,,,,,,,,yahoo
BPCL,2026-07-30,315.8500,317.6500,315.4500,316.7500,230863.0000,316.8021,318.2500,312.9000,316.2000,315.8000,,,,,,,,,85.0000,125.0000,135.0000,,,,,,yahoo
BRITANNIA,2026-07-30,5528.0000,5562.0000,5485.0000,5538.5000,18680.0000,5539.3023,5559.0000,5508.5000,5523.5000,5530.0000,,,,,,,,,270.0000,,,,,,,,yahoo
CANBK,2026-07-30,124.6800,124.6800,123.8200,123.8500,1112485.0000,124.1196,124.8500,123.7900,124.3100,124.5500,170.0000,185.0000,,,,,,,,,,,,,,,yahoo
CGPOWER,2026-07-30,829.6500,829.6500,820.0000,820.0000,258303.0000,822.8390,833.5500,815.0500,832.2500,831.8500,305.0000,315.0000,315.0000,315.0000,320.0000,,,,55.0000,,,,,,,,yahoo
CHOLAFIN,2026-07-30,1787.3000,1806.6000,1778.6000,1781.0000,115940.0000,1784.6411,1784.0000,1758.4000,1774.5000,1773.8000,,,,,,,,,20.0000,25.0000,30.0000,30.0000,,,,,yahoo
CIPLA,2026-07-30,1482.8000,1483.5000,1471.7000,1473.7000,67694.0000,1475.9085,1480.4000,1465.3000,1466.6000,1465.0000,,,,,,,,,285.0000,,,,,,,,yahoo
COALINDIA,2026-07-30,412.9000,414.0000,410.1500,412.1000,1530211.0000,412.3585,418.2000,411.8000,417.2500,417.2000,40.0000,50.0000,70.0000,215.0000,,,,,,,,,,,,,yahoo
CUMMINSIND,2026-07-30,5371.0000,5372.5000,5317.5000,5324.0000,27974.0000,5342.0057,5426.0000,5318.0000,5397.5000,5396.0000,15.0000,15.0000,20.0000,90.0000,105.0000,,,,,,,,,,,,yahoo
DIVISLAB,2026-07-30,7850.5000,7884.5000,7795.0000,7820.0000,35922.0000,7815.4453,7934.5000,7800.0000,7847.0000,7810.0000,45.0000,145.0000,165.0000,225.0000,,,,,,,,,,,,,yahoo
DLF,2026-07-30,666.4000,669.4000,664.0500,664.6500,240213.0000,666.0454,667.9500,652.0500,654.6500,655.6000,,,,,,,,,55.0000,125.0000,140.0000,215.0000,250.0000,,,,yahoo
DMART,2026-07-30,3857.3000,3862.7000,3845.6001,3847.8999,34959.0000,3854.8861,3967.2000,3837.7000,3864.2000,3886.0000,5.0000,10.0000,10.0000,10.0000,10.0000,10.0000,35.0000,35.0000,,,,,,,,,yahoo
DRREDDY,2026-07-30,1141.9000,1150.6000,1141.4000,1142.6000,81377.0000,1144.4872,1147.2000,1139.0000,1145.2000,1150.0000,,,,,,,,,,,,,,,,,yahoo
EICHERMOT,2026-07-30,7853.5000,7869.5000,7732.5000,7779.5000,248806.0000,7799.6720,7930.0000,7775.0000,7917.5000,7912.5000,5.0000,25.0000,35.0000,85.0000,305.0000,,,,,,,,,,,,yahoo
ENRIN,2026-07-30,3170.0000,3170.0000,3094.0000,3094.0000,145063.0000,3124.0979,3122.0000,3075.0000,3116.7000,3121.7000,10.0000,235.0000,,,,,,,35.0000,,,,,,,,yahoo
ETERNAL,2026-07-30,307.2500,308.0500,305.3000,306.5000,4201853.0000,306.5561,312.2500,305.0000,310.8000,310.2000,10.0000,10.0000,35.0000,320.0000,320.0000,,,,,,,,,,,,yahoo
GAIL,2026-07-30,175.2900,175.7600,174.6400,175.1300,500524.0000,175.2298,175.6700,173.0500,173.6800,173.7500,,,,,,,,,210.0000,260.0000,275.0000,,,,,,yahoo
GODREJCP,2026-07-30,1078.9000,1078.9000,1067.2000,1072.7000,14875.0000,1073.5871,1076.3000,1066.1000,1071.8000,1072.1000,,,,,,,,,25.0000,,,,,,,,yahoo
GRASIM,2026-07-30,3115.3999,3115.3999,3097.0000,3099.2000,12480.0000,3102.9465,3112.0000,3085.5000,3103.2000,3104.8000,,,,,,,,,,,,,,,,,yahoo
HAL,2026-07-30,4579.8999,4595.0000,4561.1001,4561.1001,22790.0000,4572.0818,4582.8999,4538.2002,4581.5000,4581.3999,,,,,,,,,150.0000,,,,,,,,yahoo
HCLTECH,2026-07-30,1345.6000,1364.7000,1345.6000,1361.5000,328644.0000,1360.4891,1369.9000,1350.1000,1353.1000,1349.9000,15.0000,,,,,,,,275.0000,300.0000,,,,,,,yahoo
HDFCAMC,2026-07-30,2535.8999,2552.6001,2531.6001,2546.0000,18994.0000,2542.4236,2554.7000,2531.6001,2547.7000,2546.5000,,,,,,,,,35.0000,,,,,,,,yahoo
HDFCBANK,2026-07-30,750.8000,750.8000,745.5500,746.1000,3146388.0000,748.1404,753.9500,745.7500,753.2000,753.4000,70.0000,170.0000,325.0000,,,,,,,,,,,,,,yahoo
HDFCLIFE,2026-07-30,557.0000,558.8000,553.0000,553.3500,159089.0000,555.2171,554.6000,546.2000,547.5000,544.9000,,,,,,,,,60.0000,130.0000,215.0000,275.0000,,,,,yahoo
HINDALCO,2026-07-30,969.0000,972.3500,965.3000,967.2000,543929.0000,968.5700,972.5000,960.7000,971.4000,970.4000,330.0000,,,,,,,,30.0000,,,,,,,,yahoo
HINDUNILVR,2026-07-30,2115.3999,2132.0000,2111.1001,2122.7000,170862.0000,2125.9390,2123.0000,2088.6001,2108.2000,2107.0000,,,,,,,,,20.0000,25.0000,25.0000,75.0000,100.0000,,,,yahoo
HINDZINC,2026-07-30,540.0000,541.6000,536.8000,538.0000,313484.0000,538.1927,538.5500,531.3000,536.9000,536.9500,,,,,,,,,35.0000,45.0000,190.0000,,,,,,yahoo
HYUNDAI,2026-07-30,1990.5000,2009.8000,1983.9000,2006.0000,50727.0000,2001.0486,2013.3000,1980.1000,2001.6000,2041.0000,,,,,,,,,30.0000,45.0000,45.0000,60.0000,,,,,yahoo
ICICIBANK,2026-07-30,1431.2000,1431.2000,1424.3000,1430.5000,474007.0000,1428.7680,1436.5000,1422.7000,1434.0000,1429.5000,,,,,,,,,60.0000,,,,,,,,yahoo
INDHOTEL,2026-07-30,737.7000,738.8000,734.0000,736.9000,120165.0000,736.7597,750.5000,736.6000,749.4500,747.0000,15.0000,15.0000,95.0000,170.0000,170.0000,,,,,,,,,,,,yahoo
INDIGO,2026-07-30,5212.0000,5251.5000,5195.0000,5245.0000,58596.0000,5232.3886,5258.0000,5202.0000,5233.5000,5215.0000,,,,,,,,,145.0000,270.0000,,,,,,,yahoo
INFY,2026-07-30,1168.0000,1186.0000,1168.0000,1177.0000,3424708.0000,1180.4787,1187.3000,1151.3000,1154.3000,1156.7000,20.0000,25.0000,,,,,,,100.0000,265.0000,270.0000,275.0000,275.0000,300.0000,,,yahoo
IOC,2026-07-30,140.0500,140.6900,139.7100,140.2200,1185694.0000,140.4076,140.8500,139.3900,140.0200,139.9000,,,,,,,,,140.0000,,,,,,,,yahoo
IRFC,2026-07-30,89.3800,89.3800,88.4400,88.5400,1148509.0000,88.8024,89.1900,87.7200,88.9200,88.9400,10.0000,,,,,,,,280.0000,280.0000,,,,,,,yahoo
ITC,2026-07-30,286.1500,288.3000,285.6500,287.2000,1099077.0000,287.5507,287.7000,283.7500,285.0000,285.5500,,,,,,,,,60.0000,245.0000,265.0000,,,,,,yahoo
JINDALSTEL,2026-07-30,1091.4000,1091.6000,1087.0000,1089.0000,48266.0000,1089.1050,1102.8000,1088.0000,1094.5000,1094.1000,5.0000,5.0000,5.0000,5.0000,,,,,,,,,,,,,yahoo
JIOFIN,2026-07-30,248.7500,249.8700,245.6400,245.6600,2559542.0000,247.0362,248.1500,245.1100,247.1000,246.6000,45.0000,45.0000,45.0000,,,,,,,,,,,,,,yahoo
JSWSTEEL,2026-07-30,1280.6000,1280.6000,1271.7000,1276.8000,43744.0000,1276.0770,1280.3000,1261.5000,1272.4000,1270.6000,,,,,,,,,50.0000,85.0000,135.0000,,,,,,yahoo
KOTAKBANK,2026-07-30,386.5500,389.5500,386.4500,388.3000,503347.0000,388.6298,390.2000,387.2500,389.8000,389.4000,,,,,,,,,,,,,,,,,yahoo
LODHA,2026-07-30,1299.5000,1328.7500,1297.6500,1299.3500,412462.0000,1313.0021,1326.5000,1281.3500,1287.0500,1289.5500,10.0000,20.0000,25.0000,60.0000,60.0000,85.0000,,,210.0000,215.0000,250.0000,290.0000,,,,,yahoo
LT,2026-07-30,3925.2000,3930.8999,3897.3000,3912.0000,116490.0000,3921.9160,3951.5000,3884.5000,3939.8999,3937.7000,70.0000,90.0000,105.0000,,,,,,25.0000,,,,,,,,yahoo
LTM,2026-07-30,4453.0000,4503.5000,4446.6001,4459.1001,69637.0000,4463.2517,4518.7002,4428.3999,4444.3999,4441.3999,5.0000,10.0000,15.0000,35.0000,,,,,290.0000,,,,,,,,yahoo
M&M,2026-07-30,3217.5000,3266.8000,3200.0000,3264.8000,314826.0000,3250.3609,3324.6001,3199.8999,3292.3999,3286.1001,5.0000,200.0000,200.0000,200.0000,200.0000,,,,200.0000,200.0000,200.0000,285.0000,285.0000,,,,yahoo
MARUTI,2026-07-30,13898.0000,14041.0000,13877.0000,13991.0000,45953.0000,13993.0096,14248.0000,13827.0000,14188.0000,14180.0000,265.0000,305.0000,305.0000,305.0000,305.0000,,,,10.0000,75.0000,200.0000,,,,,,yahoo
MAXHEALTH,2026-07-30,1111.0000,1119.9000,1111.0000,1119.6000,44654.0000,1116.6473,1135.5000,1111.0000,1124.0000,1124.8000,130.0000,135.0000,160.0000,160.0000,,,,,45.0000,55.0000,,,,,,,yahoo
MAZDOCK,2026-07-30,2302.8999,2306.5000,2271.1001,2274.1001,117004.0000,2283.7617,2339.8999,2271.0000,2316.0000,2319.1001,70.0000,75.0000,105.0000,160.0000,160.0000,165.0000,170.0000,,,,,,,,,,yahoo
MOTHERSON,2026-07-30,146.3300,146.3300,144.8800,145.3900,393699.0000,145.4263,147.3400,145.1000,146.7900,146.5000,5.0000,10.0000,10.0000,20.0000,,,,,,,,,,,,,yahoo
MUTHOOTFIN,2026-07-30,3022.7000,3033.6001,3003.0000,3003.6001,41075.0000,3021.0166,3034.0000,2995.0000,3007.3000,3008.7000,15.0000,15.0000,20.0000,,,,,,,,,,,,,,yahoo
NESTLEIND,2026-07-30,1499.0000,1526.7000,1499.0000,1525.1000,391105.0000,1522.9500,1532.1000,1515.2000,1521.7000,1520.7000,,,,,,,,,30.0000,,,,,,,,yahoo
NTPC,2026-07-30,343.2000,343.9500,342.1000,343.5000,201246.0000,343.2921,347.3000,342.8000,344.8500,345.1500,65.0000,95.0000,105.0000,,,,,,,,,,,,,,yahoo
ONGC,2026-07-30,239.6000,243.7400,239.0600,243.7100,1856234.0000,242.9226,244.3500,241.6400,241.6400,241.4900,,,,,,,,,125.0000,185.0000,,,,,,,yahoo
PFC,2026-07-30,424.7500,428.9000,423.7000,425.7500,793246.0000,427.1703,428.0000,423.6000,426.4500,425.7500,35.0000,,,,,,,,210.0000,,,,,,,,yahoo
PIDILITIND,2026-07-30,1628.1000,1633.9000,1624.2000,1628.9000,72993.0000,1630.1172,1634.7000,1619.1000,1630.8000,1629.9000,,,,,,,,,245.0000,,,,,,,,yahoo
PNB,2026-07-30,111.0000,111.0700,110.4700,110.7800,514770.0000,110.7838,111.7200,110.7100,111.6800,111.9000,10.0000,325.0000,,,,,,,,,,,,,,,yahoo
POWERGRID,2026-07-30,283.0000,284.8500,283.0000,284.1500,336048.0000,284.3710,287.0500,283.2500,285.5500,285.9000,95.0000,95.0000,95.0000,,,,,,,,,,,,,,yahoo
RECLTD,2026-07-30,373.1000,377.1000,372.0000,375.1500,493476.0000,375.7572,376.2000,373.0000,374.7000,375.0000,,,,,,,,,215.0000,,,,,,,,yahoo
RELIANCE,2026-07-30,1278.2000,1282.7000,1276.0000,1279.6000,389492.0000,1281.2111,1296.9000,1279.0000,1293.3000,1292.9000,60.0000,110.0000,170.0000,180.0000,,,,,,,,,,,,,yahoo
SBILIFE,2026-07-30,1890.8000,1910.0000,1889.9000,1899.5000,81671.0000,1902.5523,1906.4000,1873.9000,1879.3000,1872.2000,,,,,,,,,75.0000,135.0000,165.0000,275.0000,,,,,yahoo
SBIN,2026-07-30,1012.7000,1013.3000,1008.0000,1011.7000,331822.0000,1011.8992,1027.9000,1011.1000,1026.1000,1025.3000,120.0000,170.0000,170.0000,185.0000,185.0000,,,,,,,,,,,,yahoo
SHREECEM,2026-07-30,26800.0000,26800.0000,26565.0000,26620.0000,790.0000,26633.7890,26650.0000,26310.0000,26470.0000,26455.0000,,,,,,,,,120.0000,125.0000,150.0000,,,,,,yahoo
SHRIRAMFIN,2026-07-30,1037.6000,1046.9000,1029.6000,1029.6000,485884.0000,1035.9506,1034.0000,1019.6000,1026.8000,1028.8000,,,,,,,,,30.0000,35.0000,,,,,,,yahoo
SIEMENS,2026-07-30,3629.1001,3646.1001,3601.8999,3601.8999,23627.0000,3621.9221,3665.0000,3582.6001,3661.8000,3660.8999,80.0000,85.0000,105.0000,310.0000,325.0000,,,,45.0000,,,,,,,,yahoo
SOLARINDS,2026-07-30,18023.0000,18049.0000,17860.0000,18010.0000,9203.0000,17931.8722,18119.0000,17912.0000,18060.0000,18053.0000,105.0000,,,,,,,,60.0000,,,,,,,,yahoo
SUNPHARMA,2026-07-30,1993.0000,2011.4000,1993.0000,2003.6000,142639.0000,2006.8804,2017.3000,1999.3000,2000.9000,2005.0000,145.0000,,,,,,,,,,,,,,,,yahoo
TATACAP,2026-07-30,359.8500,359.8500,356.1000,356.5500,120409.0000,356.9831,362.7500,355.3500,361.4500,360.7500,80.0000,80.0000,85.0000,85.0000,85.0000,,,,,,,,,,,,yahoo
TATACONSUM,2026-07-30,1095.0000,1108.0000,1093.0000,1106.0000,117914.0000,1104.9783,1108.4000,1091.1000,1094.4000,1093.0000,,,,,,,,,50.0000,125.0000,135.0000,170.0000,,,,,yahoo
TATAPOWER,2026-07-30,377.1000,377.8000,375.3000,375.3500,560835.0000,376.4936,377.5000,374.2500,376.3000,376.3000,110.0000,,,,,,,,,,,,,,,,yahoo
TATASTEEL,2026-07-30,188.0100,188.6300,187.0200,187.9200,1947094.0000,187.7105,188.2700,186.1000,187.2700,186.9200,,,,,,,,,50.0000,205.0000,,,,,,,yahoo
TCS,2026-07-30,2436.2000,2481.1001,2436.2000,2475.1001,561457.0000,2472.9907,2493.6001,2423.3000,2429.8000,2434.0000,25.0000,,,,,,,,80.0000,110.0000,125.0000,265.0000,285.0000,300.0000,,,yahoo
TECHM,2026-07-30,1659.6000,1676.7000,1656.6000,1673.2000,375325.0000,1667.0926,1685.5000,1663.6000,1670.0000,1669.0000,25.0000,,,,,,,,320.0000,,,,,,,,yahoo
TITAN,2026-07-30,4833.8999,4850.0000,4824.7002,4833.7998,30403.0000,4841.7939,4869.5000,4832.5000,4852.2002,4850.0000,35.0000,,,,,,,,,,,,,,,,yahoo
TMCV,2026-07-30,410.3000,416.9500,410.3000,413.5500,278742.0000,415.4474,416.0000,409.2000,415.8000,415.5000,325.0000,,,,,,,,55.0000,55.0000,70.0000,,,,,,yahoo
TMPV,2026-07-30,328.9000,331.3000,328.2000,330.7000,518850.0000,330.0585,333.9500,329.5500,333.8500,335.0000,170.0000,175.0000,,,,,,,,,,,,,,,yahoo
TORNTPHARM,2026-07-30,4880.0000,4951.3999,4880.0000,4944.0000,24776.0000,4932.5095,4946.2002,4863.7002,4868.7002,4872.1001,,,,,,,,,5.0000,5.0000,55.0000,120.0000,280.0000,,,,yahoo
TRENT,2026-07-30,3032.3000,3039.5000,2994.0000,2994.8999,66565.0000,3000.3536,3023.0000,2982.5000,2996.8999,3004.0000,5.0000,135.0000,,,,,,,,,,,,,,,yahoo
TVSMOTOR,2026-07-30,4081.3999,4182.7002,4079.3999,4156.7002,495673.0000,4154.1232,4218.7998,4149.1001,4218.7998,4208.3999,90.0000,255.0000,320.0000,330.0000,,,,,,,,,,,,,yahoo
ULTRACEMCO,2026-07-30,11780.0000,11833.0000,11770.0000,11787.0000,19599.0000,11805.8338,11859.0000,11750.0000,11858.0000,11847.0000,320.0000,,,,,,,,,,,,,,,,yahoo
UNIONBANK,2026-07-30,170.2300,170.7600,169.4000,169.4000,534448.0000,169.9767,170.6600,167.9200,170.6000,170.6500,210.0000,,,,,,,,125.0000,135.0000,,,,,,,yahoo
UNITDSPR,2026-07-30,1510.0000,1525.0000,1510.0000,1515.0000,83586.0000,1519.8414,1533.0000,1511.9000,1532.3000,1533.0000,5.0000,10.0000,15.0000,,,,,,,,,,,,,,yahoo
VBL,2026-07-30,447.6000,454.9500,447.0500,451.5500,1188044.0000,453.4783,454.1500,447.5000,452.1000,450.2000,5.0000,,,,,,,,105.0000,145.0000,,,,,,,yahoo
VEDL,2026-07-30,265.0000,266.5000,263.8000,264.5000,639739.0000,264.7280,269.6500,263.4500,268.7000,267.0000,95.0000,330.0000,330.0000,330.0000,330.0000,,,,,,,,,,,,yahoo
WIPRO,2026-07-30,183.8500,189.3800,183.8500,187.9600,8239423.0000,188.1303,191.3400,186.0800,186.3800,186.4100,25.0000,35.0000,35.0000,35.0000,55.0000,,,,275.0000,320.0000,325.0000,,,,,,yahoo
ZYDUSLIFE,2026-07-30,1122.4000,1131.0000,1122.3000,1123.1000,20907.0000,1125.9786,1129.9000,1113.1000,1114.6000,1115.0000,10.0000,,,,,,,,85.0000,85.0000,,,,,,,yahoo
ABB,2026-07-31,7393.5000,7481.0000,7383.5000,7428.5000,72016.0000,7424.4720,7484.0000,7258.5000,7286.0000,7284.5000,5.0000,,,,,,,,300.0000,315.0000,320.0000,320.0000,320.0000,325.0000,,,yahoo
ADANIENSOL,2026-07-31,1666.4000,1681.6000,1661.5000,1663.1000,201952.0000,1667.1467,1664.0000,1630.1000,1645.9000,1645.4000,,,,,,,,,50.0000,105.0000,110.0000,115.0000,115.0000,,,,yahoo
ADANIENT,2026-07-31,3056.0000,3064.5000,3031.6001,3034.7000,79105.0000,3041.1429,3040.0000,3006.7000,3009.1001,3005.1001,,,,,,,,,50.0000,125.0000,,,,,,,yahoo
ADANIGREEN,2026-07-31,1364.3000,1370.1000,1355.3000,1359.3000,151483.0000,1360.6819,1397.0000,1353.0000,1384.1000,1378.5000,160.0000,160.0000,160.0000,160.0000,160.0000,180.0000,195.0000,,,,,,,,,,yahoo
ADANIPORTS,2026-07-31,1669.2000,1670.1000,1650.2000,1669.1000,244051.0000,1664.8318,1706.9000,1663.6000,1697.6000,1691.0000,140.0000,150.0000,160.0000,190.0000,225.0000,230.0000,,,,,,,,,,,yahoo
ADANIPOWER,2026-07-31,209.9900,212.1500,209.9900,210.7500,1500028.0000,211.0217,212.6500,209.2100,211.2600,211.0000,160.0000,165.0000,,,,,,,105.0000,,,,,,,,yahoo
AMBUJACEM,2026-07-31,436.0000,438.8500,432.8500,434.8500,169895.0000,434.7216,434.9500,430.3000,431.9500,432.2000,,,,,,,,,20.0000,125.0000,125.0000,,,,,,yahoo
APOLLOHOSP,2026-07-31,9013.5000,9031.0000,8964.5000,8964.5000,20988.0000,8986.1243,8999.0000,8931.5000,8960.0000,8957.0000,,,,,,,,,,,,,,,,,yahoo
ASIANPAINT,2026-07-31,2772.6001,2774.8000,2738.0000,2748.1001,74039.0000,2746.5529,2761.3000,2733.8000,2750.8000,2747.3000,,,,,,,,,20.0000,,,,,,,,yahoo
AXISBANK,2026-07-31,1228.0000,1239.4000,1228.0000,1229.6000,530528.0000,1232.9785,1232.2000,1226.1000,1229.8000,1229.5000,,,,,,,,,,,,,,,,,yahoo
BAJAJ-AUTO,2026-07-31,11455.0000,11516.5000,11340.0000,11492.0000,18630.0000,11497.1395,11590.0000,11460.0000,11522.0000,11520.5000,110.0000,145.0000,,,,,,,,,,,,,,,yahoo
BAJAJFINSV,2026-07-31,1950.1000,1992.5000,1950.1000,1992.0000,443708.0000,1974.4327,2031.1000,1975.2000,2029.3000,2030.2000,20.0000,135.0000,145.0000,195.0000,195.0000,,,,50.0000,75.0000,,,,,,,yahoo
BAJAJHLDNG,2026-07-31,11000.0000,11166.0000,10955.0000,11138.0000,8539.0000,11114.5606,11457.0000,11124.0000,11348.0000,11343.0000,10.0000,20.0000,35.0000,115.0000,120.0000,145.0000,145.0000,,,,,,,,,,yahoo
BAJFINANCE,2026-07-31,1090.4000,1121.9000,1083.9000,1119.3000,6655154.0000,1111.4089,1151.4000,1113.5000,1141.1000,1141.8000,15.0000,20.0000,105.0000,105.0000,150.0000,205.0000,255.0000,,5.0000,,,,,,,,yahoo
BANKBARODA,2026-07-31,243.3000,244.0000,242.1000,242.6000,564965.0000,242.6841,244.5000,242.2000,242.5500,243.0000,205.0000,225.0000,,,,,,,,,,,,,,,yahoo
BEL,2026-07-31,385.4500,390.6000,385.4500,388.9000,2873213.0000,388.3127,389.7500,386.2500,388.2500,387.8000,,,,,,,,,105.0000,,,,,,,,yahoo
BHARTIARTL,2026-07-31,1962.0000,1965.0000,1947.6000,1953.7000,507499.0000,1956.7399,1976.3000,1953.6000,1972.9000,1972.0000,30.0000,180.0000,185.0000,,,,,,,,,,,,,,yahoo
BOSCHLTD,2026-07-31,41500.0000,41715.0000,41465.0000,41635.0000,1266.0000,41591.6588,41670.0000,40945.0000,41065.0000,41030.0000,,,,,,,,,20.0000,100.0000,110.0000,205.0000,270.0000,,,,yahoo
BPCL,2026-07-31,316.4000,317.0000,314.4500,315.6000,414200.0000,315.5252,320.2000,314.5000,319.8500,320.0000,40.0000,90.0000,140.0000,180.0000,,,,,,,,,,,,,yahoo
BRITANNIA,2026-07-31,5435.5000,5435.5000,5380.5000,5400.5000,24842.0000,5396.4592,5426.5000,5364.0000,5415.5000,5416.5000,,,,,,,,,60.0000,,,,,,,,yahoo
CANBK,2026-07-31,125.0200,125.3500,124.8000,125.0600,1106505.0000,125.0618,125.1900,124.2900,125.0100,124.7800,,,,,,,,,120.0000,,,,,,,,yahoo
CGPOWER,2026-07-31,852.5000,876.8000,852.5000,875.9000,1838471.0000,871.9175,878.8000,863.2000,863.3000,861.9000,,,,,,,,,60.0000,100.0000,105.0000,300.0000,,,,,yahoo
CHOLAFIN,2026-07-31,1785.5000,1822.7000,1785.5000,1815.9000,258660.0000,1814.8579,1863.1000,1810.8000,1850.8000,1847.0000,10.0000,10.0000,15.0000,15.0000,20.0000,135.0000,170.0000,,,,,,,,,,yahoo
CIPLA,2026-07-31,1473.7000,1475.7000,1466.4000,1469.2000,54567.0000,1469.5537,1477.7000,1462.7000,1472.9000,1472.0000,145.0000,,,,,,,,,,,,,,,,yahoo
COALINDIA,2026-07-31,413.0500,414.6000,410.4500,412.7500,651240.0000,411.6777,415.1000,411.7500,414.4500,414.4000,260.0000,,,,,,,,,,,,,,,,yahoo
CUMMINSIND,2026-07-31,5479.0000,5563.0000,5479.0000,5538.0000,57276.0000,5535.6838,5560.0000,5511.0000,5518.0000,5511.5000,,,,,,,,,,,,,,,,,yahoo
DIVISLAB,2026-07-31,7976.0000,8080.0000,7931.5000,8012.5000,81208.0000,8026.2587,8056.0000,7965.0000,8038.5000,8085.0000,205.0000,,,,,,,,35.0000,,,,,,,,yahoo
DLF,2026-07-31,657.2500,660.9500,656.8500,660.1500,186373.0000,658.8765,661.8000,656.5000,660.1500,658.0000,,,,,,,,,240.0000,,,,,,,,yahoo
DMART,2026-07-31,3903.8999,3929.3999,3893.3999,3902.2000,48322.0000,3905.2889,3946.0000,3900.7000,3925.3999,3921.0000,130.0000,140.0000,170.0000,,,,,,,,,,,,,,yahoo
DRREDDY,2026-07-31,1150.5000,1154.2000,1142.8000,1143.2000,77350.0000,1145.6623,1153.8000,1143.2000,1146.6000,1146.0000,60.0000,225.0000,,,,,,,,,,,,,,,yahoo
EICHERMOT,2026-07-31,7878.0000,7878.0000,7797.0000,7824.5000,72205.0000,7822.2488,7893.0000,7813.0000,7836.5000,7840.0000,65.0000,120.0000,,,,,,,,,,,,,,,yahoo
ENRIN,2026-07-31,3157.0000,3205.8999,3157.0000,3181.8999,91709.0000,3183.6126,3247.0000,3165.3000,3234.0000,3234.0000,30.0000,185.0000,225.0000,225.0000,225.0000,260.0000,,,65.0000,,,,,,,,yahoo
ETERNAL,2026-07-31,313.6500,315.6500,307.5500,310.0500,2596908.0000,311.1932,311.0000,301.8000,302.3500,302.6500,,,,,,,,,25.0000,30.0000,70.0000,140.0000,175.0000,210.0000,225.0000,,yahoo
GAIL,2026-07-31,174.4500,174.5700,173.6300,174.3200,314322.0000,174.1471,182.0400,174.0200,181.7700,181.2000,45.0000,50.0000,65.0000,70.0000,95.0000,270.0000,275.0000,280.0000,,,,,,,,,yahoo
GODREJCP,2026-07-31,1070.0000,1070.0000,1054.8000,1061.2000,54061.0000,1060.3623,1074.7000,1059.3000,1071.4000,1067.0000,45.0000,105.0000,175.0000,220.0000,,,,,,,,,,,,,yahoo
GRASIM,2026-07-31,3117.3999,3133.8999,3117.3000,3123.3999,15345.0000,3126.8699,3135.0000,3095.3999,3098.5000,3092.6001,,,,,,,,,205.0000,285.0000,,,,,,,yahoo
HAL,2026-07-31,4598.0000,4645.0000,4598.0000,4645.0000,140223.0000,4628.9070,4669.0000,4628.0000,4648.5000,4640.1001,35.0000,,,,,,,,,,,,,,,,yahoo
HCLTECH,2026-07-31,1304.7000,1331.8000,1296.4000,1331.0000,332254.0000,1319.5929,1356.5000,1326.4000,1347.6000,1345.0000,40.0000,40.0000,60.0000,130.0000,150.0000,,,,,,,,,,,,yahoo
HDFCAMC,2026-07-31,2554.8999,2573.8000,2551.3000,2573.3999,38013.0000,2569.2869,2630.0000,2564.8999,2616.0000,2614.0000,120.0000,130.0000,135.0000,135.0000,220.0000,245.0000,,,,,,,,,,,yahoo
HDFCBANK,2026-07-31,754.0000,757.5000,749.3500,752.1000,2480308.0000,751.6717,752.3500,747.8000,748.5500,748.0000,,,,,,,,,275.0000,,,,,,,,yahoo
HDFCLIFE,2026-07-31,548.1000,548.1000,544.5000,545.7000,237965.0000,545.4267,549.8000,544.3500,548.0000,548.5000,45.0000,250.0000,,,,,,,,,,,,,,,yahoo
HINDALCO,2026-07-31,977.4500,984.1000,974.9500,977.1000,645021.0000,978.0692,988.0000,972.6500,973.0500,974.4500,10.0000,25.0000,50.0000,,,,,,,,,,,,,,yahoo
HINDUNILVR,2026-07-31,2118.3999,2118.3999,2091.1001,2100.0000,116440.0000,2099.7682,2106.8999,2094.1001,2102.7000,2100.0000,,,,,,,,,,,,,,,,,yahoo
HINDZINC,2026-07-31,536.5000,541.0500,535.8500,539.9500,415230.0000,539.0072,543.9000,537.3500,538.2000,539.2000,20.0000,,,,,,,,,,,,,,,,yahoo
HYUNDAI,2026-07-31,2109.5000,2175.0000,2092.2000,2163.3999,1106963.0000,2162.0414,2207.8999,2155.3000,2177.8999,2180.7000,25.0000,25.0000,50.0000,60.0000,60.0000,80.0000,,,,,,,,,,,yahoo
ICICIBANK,2026-07-31,1435.5000,1441.9000,1435.5000,1437.0000,381845.0000,1438.4488,1437.1000,1431.8000,1436.9000,1433.8000,,,,,,,,,,,,,,,,,yahoo
INDHOTEL,2026-07-31,751.2000,757.4000,747.9500,751.1500,278510.0000,754.2807,752.1500,737.3000,738.0000,739.8000,,,,,,,,,35.0000,190.0000,240.0000,250.0000,250.0000,,,,yahoo
INDIGO,2026-07-31,5256.5000,5272.5000,5256.5000,5262.0000,16500.0000,5262.6682,5276.5000,5142.0000,5171.0000,5175.0000,,,,,,,,,125.0000,130.0000,215.0000,230.0000,230.0000,235.0000,,,yahoo
INFY,2026-07-31,1118.0000,1122.7000,1107.3000,1121.9000,1372076.0000,1115.9289,1139.3000,1121.4000,1130.4000,1130.1000,55.0000,65.0000,85.0000,125.0000,145.0000,,,,,,,,,,,,yahoo
IOC,2026-07-31,140.0000,140.1800,138.8800,139.2600,1004785.0000,139.3155,140.6800,139.1500,140.1900,139.9500,55.0000,95.0000,250.0000,,,,,,,,,,,,,,yahoo
IRFC,2026-07-31,89.4900,89.6800,88.4500,88.8800,1430310.0000,88.7400,89.8800,88.7700,89.1700,89.0200,30.0000,70.0000,70.0000,,,,,,,,,,,,,,yahoo
ITC,2026-07-31,285.5500,285.7500,281.1000,282.2500,1770824.0000,282.5660,283.2000,280.0500,281.1000,281.0000,,,,,,,,,145.0000,235.0000,,,,,,,yahoo
JINDALSTEL,2026-07-31,1096.7000,1110.4000,1096.7000,1109.2000,117836.0000,1104.6018,1113.8000,1101.5000,1101.5000,1102.0000,,,,,,,,,290.0000,,,,,,,,yahoo
JIOFIN,2026-07-31,247.6600,249.3300,247.0100,248.7500,1574737.0000,248.0161,257.0000,248.1800,256.4000,256.4000,5.0000,30.0000,50.0000,50.0000,250.0000,255.0000,270.0000,305.0000,,,,,,,,,yahoo
JSWSTEEL,2026-07-31,1276.0000,1279.3000,1266.2000,1272.8000,74361.0000,1271.2720,1274.2000,1262.0000,1269.5000,1270.0000,,,,,,,,,125.0000,130.0000,,,,,,,yahoo
KOTAKBANK,2026-07-31,390.9500,391.6500,388.5500,389.1500,323204.0000,389.6329,390.8500,388.6500,390.3000,388.0000,,,,,,,,,,,,,,,,,yahoo
LODHA,2026-07-31,1278.6000,1297.0000,1264.5000,1294.9000,280020.0000,1285.9098,1294.9000,1242.8000,1244.5000,1242.9500,,,,,,,,,10.0000,10.0000,15.0000,15.0000,130.0000,145.0000,205.0000,310.0000,yahoo
LT,2026-07-31,3960.8000,3973.1001,3938.0000,3945.3000,120725.0000,3945.2461,3958.1001,3923.2000,3940.0000,3938.0000,,,,,,,,,100.0000,,,,,,,,yahoo
LTM,2026-07-31,4310.2998,4369.0000,4284.5000,4363.2002,29449.0000,4337.7943,4376.8999,4342.2002,4368.7998,4362.1001,,,,,,,,,,,,,,,,,yahoo
M&M,2026-07-31,3354.8000,3385.0000,3249.6001,3383.0000,1057393.0000,3360.6270,3457.0000,3345.8000,3395.5000,3392.1001,65.0000,90.0000,95.0000,95.0000,120.0000,170.0000,,,10.0000,20.0000,30.0000,,,,,,yahoo
MARUTI,2026-07-31,14214.0000,14342.0000,14169.0000,14269.0000,62573.0000,14243.1360,14308.0000,14126.0000,14220.0000,14240.0000,,,,,,,,,60.0000,75.0000,90.0000,,,,,,yahoo
MAXHEALTH,2026-07-31,1130.0000,1130.0000,1123.4000,1124.9000,58127.0000,1125.3242,1126.4000,1091.2000,1096.2000,1100.1000,,,,,,,,,30.0000,50.0000,170.0000,220.0000,225.0000,235.0000,235.0000,,yahoo
MAZDOCK,2026-07-31,2342.8000,2365.3999,2329.0000,2345.6001,282517.0000,2350.0770,2400.8000,2342.0000,2383.5000,2381.8999,15.0000,20.0000,30.0000,30.0000,30.0000,30.0000,,,,,,,,,,,yahoo
MOTHERSON,2026-07-31,146.8600,149.6400,146.4300,149.2900,1707136.0000,148.9083,152.3600,148.7400,150.5700,150.9600,50.0000,70.0000,115.0000,120.0000,125.0000,145.0000,,,,,,,,,,,yahoo
MUTHOOTFIN,2026-07-31,3030.0000,3100.7000,3030.0000,3077.0000,191345.0000,3073.6854,3144.6001,3062.0000,3115.8999,3126.1001,120.0000,145.0000,165.0000,180.0000,180.0000,265.0000,,,,,,,,,,,yahoo
NESTLEIND,2026-07-31,1526.7000,1527.6000,1510.0000,1514.5000,182410.0000,1514.3200,1518.6000,1497.6000,1510.6000,1509.6000,,,,,,,,,65.0000,250.0000,270.0000,,,,,,yahoo
NTPC,2026-07-31,344.3500,346.6500,344.1000,344.8000,206607.0000,345.2001,347.6500,343.6000,347.2500,347.2500,220.0000,300.0000,,,,,,,,,,,,,,,yahoo
ONGC,2026-07-31,241.5000,241.6200,238.2100,238.5400,788487.0000,239.0401,242.9300,238.5500,242.7400,242.2900,40.0000,70.0000,145.0000,210.0000,305.0000,,,,,,,,,,,,yahoo
PFC,2026-07-31,424.0000,426.9500,422.5500,426.9500,306215.0000,425.0151,427.1000,420.6000,424.1500,424.3500,,,,,,,,,35.0000,90.0000,110.0000,130.0000,,,,,yahoo
PIDILITIND,2026-07-31,1631.7000,1637.7000,1621.3000,1627.5000,50068.0000,1627.5028,1632.9000,1610.4000,1612.0000,1607.6000,,,,,,,,,85.0000,195.0000,235.0000,,,,,,yahoo
PNB,2026-07-31,112.1900,112.5500,111.7500,112.3000,1370187.0000,112.1568,113.0000,111.9100,112.6800,112.6400,205.0000,,,,,,,,,,,,,,,,yahoo
POWERGRID,2026-07-31,286.2500,287.2500,285.0000,285.3000,282954.0000,285.8427,285.3500,283.0500,284.0500,284.0000,,,,,,,,,70.0000,160.0000,,,,,,,yahoo
RECLTD,2026-07-31,373.0500,373.8500,370.3000,373.7500,308103.0000,372.2749,373.7000,370.0000,372.6000,372.8500,,,,,,,,,15.0000,70.0000,130.0000,,,,,,yahoo
RELIANCE,2026-07-31,1295.9000,1300.7000,1293.8000,1298.0000,477564.0000,1296.9902,1309.1000,1296.0000,1308.8000,1307.8000,260.0000,320.0000,,,,,,,,,,,,,,,yahoo
SBILIFE,2026-07-31,1887.2000,1898.9000,1877.5000,1890.0000,59676.0000,1892.1834,1898.0000,1870.6000,1884.0000,1882.0000,,,,,,,,,90.0000,115.0000,130.0000,,,,,,yahoo
SBIN,2026-07-31,1029.5000,1034.3000,1026.4000,1027.2000,572747.0000,1029.7630,1032.6000,1023.6000,1028.1000,1027.4000,205.0000,,,,,,,,,,,,,,,,yahoo
SHREECEM,2026-07-31,26495.0000,26495.0000,26220.0000,26265.0000,1705.0000,26284.2727,26410.0000,25525.0000,25975.0000,26210.0000,275.0000,,,,,,,,25.0000,280.0000,280.0000,280.0000,280.0000,285.0000,285.0000,,yahoo
SHRIRAMFIN,2026-07-31,1033.0000,1054.6000,1033.0000,1051.0000,861176.0000,1049.8921,1051.4000,1037.7000,1047.4000,1046.4000,,,,,,,,,5.0000,10.0000,30.0000,90.0000,,,,,yahoo
SIEMENS,2026-07-31,3683.0000,3757.0000,3683.0000,3753.8000,87610.0000,3738.5371,3807.5000,3748.3999,3753.0000,3760.0000,45.0000,55.0000,70.0000,85.0000,,,,,,,,,,,,,yahoo
SOLARINDS,2026-07-31,18159.0000,18505.0000,18135.0000,18366.0000,17252.0000,18395.3184,18612.0000,18335.0000,18370.0000,18380.0000,25.0000,30.0000,30.0000,35.0000,,,,,,,,,,,,,yahoo
SUNPHARMA,2026-07-31,2021.8000,2021.8000,2003.4000,2010.3000,127590.0000,2013.2837,2046.9000,1966.9000,1997.8000,1987.0000,120.0000,165.0000,180.0000,195.0000,220.0000,,,,290.0000,290.0000,290.0000,290.0000,290.0000,290.0000,,,yahoo
TATACAP,2026-07-31,360.8000,361.7500,359.6000,361.3000,102579.0000,360.6726,365.3000,358.0000,365.0000,366.2000,170.0000,195.0000,285.0000,,,,,,15.0000,25.0000,,,,,,,yahoo
TATACONSUM,2026-07-31,1098.0000,1098.0000,1086.8000,1092.2000,76746.0000,1090.3790,1094.3000,1082.0000,1082.5000,1083.0000,,,,,,,,,105.0000,105.0000,,,,,,,yahoo
TATAPOWER,2026-07-31,379.0000,381.0000,377.4000,379.3500,349466.0000,379.4542,380.7500,378.2000,380.1000,380.8000,,,,,,,,,,,,,,,,,yahoo
TATASTEEL,2026-07-31,188.2500,189.3700,186.3300,187.1900,2641963.0000,187.2746,191.7900,186.6700,189.2000,190.0000,175.0000,175.0000,175.0000,215.0000,215.0000,220.0000,,,,,,,,,,,yahoo
TCS,2026-07-31,2380.0000,2382.8999,2330.8000,2357.6001,525785.0000,2348.5232,2385.0000,2355.2000,2364.8999,2366.6001,55.0000,65.0000,145.0000,,,,,,,,,,,,,,yahoo
TECHM,2026-07-31,1617.1000,1654.4000,1611.4000,1653.0000,197756.0000,1641.3100,1661.4000,1644.2000,1652.7000,1651.3000,200.0000,,,,,,,,115.0000,,,,,,,,yahoo
TITAN,2026-07-31,4840.3999,4859.6001,4822.3999,4850.3999,50683.0000,4846.6066,4885.2998,4845.0000,4870.6001,4885.5000,195.0000,,,,,,,,,,,,,,,,yahoo
TMCV,2026-07-31,415.0000,425.0000,414.3500,423.2000,1360424.0000,422.4075,440.5500,423.1500,436.7000,435.5000,5.0000,20.0000,35.0000,35.0000,50.0000,50.0000,100.0000,235.0000,,,,,,,,,yahoo
TMPV,2026-07-31,336.4000,337.4000,334.8500,336.2000,694572.0000,335.8967,341.9500,334.8000,339.5500,340.0000,105.0000,175.0000,255.0000,255.0000,260.0000,,,,,,,,,,,,yahoo
TORNTPHARM,2026-07-31,4980.0000,5018.2998,4895.1001,4927.3999,122252.0000,4929.9533,5140.7002,4924.3999,5127.1001,5122.7998,15.0000,20.0000,25.0000,60.0000,75.0000,80.0000,95.0000,120.0000,,,,,,,,,yahoo
TRENT,2026-07-31,3011.8000,3017.3999,2993.0000,3000.0000,35110.0000,3004.3012,3017.7000,2996.0000,3007.7000,3002.0000,130.0000,,,,,,,,,,,,,,,,yahoo
TVSMOTOR,2026-07-31,4219.1001,4266.2002,4198.0000,4248.5000,163924.0000,4246.5294,4320.7002,4235.0000,4312.6001,4311.0000,35.0000,45.0000,95.0000,110.0000,140.0000,,,,,,,,,,,,yahoo
ULTRACEMCO,2026-07-31,11888.0000,11898.0000,11834.0000,11863.0000,12780.0000,11858.8917,12006.0000,11802.0000,11901.0000,11863.0000,50.0000,95.0000,95.0000,,,,,,40.0000,,,,,,,,yahoo
UNIONBANK,2026-07-31,171.3000,171.3600,170.3900,170.5000,406764.0000,170.8425,172.7800,169.8400,171.3900,171.0000,200.0000,205.0000,225.0000,225.0000,,,,,,,,,,,,,yahoo
UNITDSPR,2026-07-31,1532.1000,1533.4000,1512.8000,1519.0000,57957.0000,1517.5874,1530.0000,1514.0000,1516.4000,1515.0000,285.0000,,,,,,,,,,,,,,,,yahoo
VBL,2026-07-31,450.1500,450.7500,446.7500,448.9000,314543.0000,447.8930,448.9000,442.6500,442.8000,440.0000,,,,,,,,,25.0000,35.0000,45.0000,85.0000,,,,,yahoo
VEDL,2026-07-31,268.8500,268.8500,263.3000,264.6000,1842069.0000,264.7138,268.3000,263.5500,264.1000,264.2500,15.0000,55.0000,75.0000,155.0000,,,,,,,,,,,,,yahoo
WIPRO,2026-07-31,184.7900,184.7900,180.8700,182.4800,2143610.0000,181.7406,185.2400,182.4100,183.7100,183.4200,55.0000,85.0000,150.0000,155.0000,195.0000,,,,,,,,,,,,yahoo
ZYDUSLIFE,2026-07-31,1124.9000,1126.7000,1119.6000,1121.9000,20723.0000,1122.6373,1134.3000,1118.4000,1127.6000,1126.0000,260.0000,260.0000,265.0000,,,,,,,,,,,,,,yahoo
ABB,2026-08-03,7276.5000,7445.0000,7264.5000,7342.0000,178389.0000,7351.7628,7656.0000,7300.5000,7650.0000,7601.0000,70.0000,70.0000,70.0000,105.0000,105.0000,135.0000,135.0000,135.0000,40.0000,,,,,,,,yahoo
ADANIENSOL,2026-08-03,1651.7000,1676.0000,1651.7000,1664.4000,253205.0000,1668.4125,1664.8000,1636.0000,1642.5000,1647.0000,,,,,,,,,5.0000,10.0000,30.0000,30.0000,325.0000,,,,yahoo
ADANIENT,2026-08-03,3034.7000,3073.2000,3034.7000,3060.2000,165042.0000,3059.6566,3075.3999,3041.2000,3062.0000,3068.0000,,,,,,,,,35.0000,,,,,,,,yahoo
ADANIGREEN,2026-08-03,1389.5000,1427.0000,1389.5000,1417.0000,496042.0000,1416.8211,1421.6000,1388.4000,1395.0000,1395.0000,,,,,,,,,10.0000,15.0000,185.0000,195.0000,265.0000,325.0000,,,yahoo
ADANIPORTS,2026-08-03,1709.1000,1713.9000,1702.5000,1703.0000,155828.0000,1707.8991,1713.7000,1693.6000,1696.1000,1701.0000,20.0000,,,,,,,,330.0000,,,,,,,,yahoo
ADANIPOWER,2026-08-03,211.8800,215.0900,211.2800,214.1200,3067763.0000,214.1821,214.1000,211.1600,211.9800,213.6500,,,,,,,,,10.0000,90.0000,320.0000,325.0000,,,,,yahoo
AMBUJACEM,2026-08-03,435.0000,438.2000,435.0000,437.6000,303503.0000,437.1836,444.5000,436.0000,444.0000,444.0000,50.0000,55.0000,80.0000,80.0000,125.0000,,,,,,,,,,,,yahoo
APOLLOHOSP,2026-08-03,8995.5000,8995.5000,8914.5000,8943.5000,27605.0000,8953.5996,8972.0000,8789.5000,8820.0000,8820.0000,,,,,,,,,100.0000,115.0000,220.0000,255.0000,260.0000,,,,yahoo
ASIANPAINT,2026-08-03,2764.3000,2785.6001,2764.3000,2777.5000,53988.0000,2775.2528,2791.0000,2762.8999,2781.0000,2810.0000,,,,,,,,,140.0000,,,,,,,,yahoo
AXISBANK,2026-08-03,1236.9000,1245.9000,1230.9000,1245.4000,890416.0000,1240.8154,1255.1000,1240.6000,1255.1000,1272.0000,130.0000,310.0000,,,,,,,,,,,,,,,yahoo
BAJAJ-AUTO,2026-08-03,11564.0000,11564.0000,11460.0000,11537.0000,47960.0000,11511.8947,11550.0000,11470.0000,11510.0000,11856.0000,,,,,,,,,45.0000,,,,,,,,yahoo
BAJAJFINSV,2026-08-03,2052.0000,2091.3000,2043.3000,2070.0000,414976.0000,2077.3048,2091.3999,2056.1001,2082.8999,2096.0000,95.0000,100.0000,120.0000,,,,,,10.0000,,,,,,,,yahoo
BAJAJHLDNG,2026-08-03,11291.0000,11416.0000,11265.0000,11320.0000,6454.0000,11363.5893,11629.0000,11314.0000,11425.0000,11599.0000,5.0000,5.0000,10.0000,75.0000,80.0000,100.0000,100.0000,,,,,,,,,,yahoo
BAJFINANCE,2026-08-03,1176.3000,1176.3000,1156.6000,1165.3000,2289628.0000,1169.1143,1165.8000,1140.5000,1141.8000,1153.0000,,,,,,,,,5.0000,30.0000,65.0000,285.0000,325.0000,325.0000,,,yahoo
BANKBARODA,2026-08-03,244.3000,246.3100,244.1600,246.1400,1011754.0000,245.1941,248.3800,245.9800,246.3900,247.2500,60.0000,100.0000,,,,,,,,,,,,,,,yahoo
BEL,2026-08-03,390.8000,392.1500,389.2500,389.9000,970249.0000,390.3313,391.9000,388.0000,388.6000,392.1500,155.0000,,,,,,,,,,,,,,,,yahoo
BHARTIARTL,2026-08-03,1987.4000,1987.4000,1963.3000,1965.0000,285209.0000,1966.9809,1968.2000,1943.4000,1954.0000,1970.5000,,,,,,,,,85.0000,120.0000,175.0000,,,,,,yahoo
BOSCHLTD,2026-08-03,41325.0000,41415.0000,41150.0000,41380.0000,1149.0000,41345.9022,41595.0000,41110.0000,41285.0000,41300.0000,115.0000,,,,,,,,170.0000,,,,,,,,yahoo
BPCL,2026-08-03,324.8000,327.0000,322.6000,323.3000,544611.0000,323.6580,326.2000,322.1000,326.2000,329.9500,225.0000,320.0000,,,,,,,,,,,,,,,yahoo
BRITANNIA,2026-08-03,5422.0000,5462.5000,5411.0000,5447.5000,14960.0000,5446.0513,5479.0000,5417.0000,5479.0000,5531.0000,320.0000,,,,,,,,150.0000,,,,,,,,yahoo
CANBK,2026-08-03,125.8000,126.5900,125.5400,126.5600,2024220.0000,126.0304,127.5800,126.2500,126.9900,127.1000,75.0000,155.0000,,,,,,,,,,,,,,,yahoo
CGPOWER,2026-08-03,865.0000,865.9000,858.8500,860.9000,412161.0000,861.5189,867.8500,850.2000,851.5000,826.1000,70.0000,70.0000,,,,,,,125.0000,315.0000,325.0000,,,,,,yahoo
CHOLAFIN,2026-08-03,1872.7000,1912.9000,1872.7000,1893.3000,396699.0000,1900.7819,1904.0000,1861.2000,1870.2000,1888.2000,80.0000,,,,,,,,175.0000,190.0000,220.0000,260.0000,325.0000,,,,yahoo
CIPLA,2026-08-03,1475.0000,1475.0000,1458.5000,1465.6000,48574.0000,1464.8610,1480.0000,1454.7000,1460.5000,1474.4000,30.0000,40.0000,,,,,,,245.0000,,,,,,,,yahoo
COALINDIA,2026-08-03,415.9500,415.9500,413.4500,413.9500,601878.0000,414.1936,415.8000,412.7000,414.4000,416.0000,,,,,,,,,,,,,,,,,yahoo
CUMMINSIND,2026-08-03,5539.5000,5546.5000,5495.0000,5524.0000,16011.0000,5514.8320,5537.0000,5487.5000,5499.5000,5550.0000,,,,,,,,,220.0000,,,,,,,,yahoo
DIVISLAB,2026-08-03,8380.0000,8386.0000,8106.0000,8384.5000,414590.0000,8309.5197,8585.0000,8308.0000,8585.0000,8585.0000,30.0000,55.0000,120.0000,125.0000,330.0000,330.0000,,,20.0000,250.0000,,,,,,,yahoo
DLF,2026-08-03,668.2500,668.2500,661.0500,665.7500,192229.0000,663.2230,670.8500,661.1500,668.5500,668.5500,35.0000,75.0000,,,,,,,300.0000,,,,,,,,yahoo
DMART,2026-08-03,3945.1001,3945.1001,3915.0000,3932.7000,25984.0000,3923.1439,4017.0000,3929.5000,4015.0000,4015.0000,55.0000,55.0000,55.0000,55.0000,55.0000,200.0000,,,,,,,,,,,yahoo
DRREDDY,2026-08-03,1169.0000,1173.2000,1160.3000,1166.2000,182759.0000,1166.5500,1170.8000,1162.0000,1169.5000,1180.0000,,,,,,,,,,,,,,,,,yahoo
EICHERMOT,2026-08-03,7900.0000,7995.0000,7856.0000,7978.0000,113691.0000,7942.7141,8056.0000,7931.5000,7970.0000,8050.0000,60.0000,65.0000,,,,,,,40.0000,,,,,,,,yahoo
ENRIN,2026-08-03,3238.3999,3241.5000,3181.0000,3223.0000,71054.0000,3223.1294,3298.3000,3212.8999,3258.3999,3221.5000,30.0000,30.0000,30.0000,70.0000,110.0000,140.0000,,,,,,,,,,,yahoo
ETERNAL,2026-08-03,304.3000,306.3500,300.1000,300.3000,2993999.0000,303.4734,310.6000,300.1500,308.5500,310.5000,20.0000,25.0000,35.0000,40.0000,55.0000,70.0000,75.0000,215.0000,,,,,,,,,yahoo
GAIL,2026-08-03,182.2000,182.2000,174.0400,174.8700,5732749.0000,175.1069,175.2500,172.1600,173.9700,174.3000,,,,,,,,,5.0000,5.0000,5.0000,30.0000,30.0000,,,,yahoo
GODREJCP,2026-08-03,1075.0000,1095.0000,1073.8000,1094.1000,74081.0000,1088.4671,1100.0000,1071.7000,1075.7000,1085.9000,15.0000,,,,,,,,20.0000,145.0000,200.0000,230.0000,275.0000,325.0000,,,yahoo
GRASIM,2026-08-03,3120.0000,3120.0000,3104.1001,3117.6001,22175.0000,3113.2486,3171.0000,3114.2000,3171.0000,3260.0000,30.0000,95.0000,135.0000,150.0000,255.0000,,,,,,,,,,,,yahoo
HAL,2026-08-03,4666.0000,4686.7002,4655.3999,4667.5000,53307.0000,4663.9611,4699.0000,4649.2002,4690.0000,4690.0000,190.0000,,,,,,,,,,,,,,,,yahoo
HCLTECH,2026-08-03,1351.0000,1360.3000,1346.0000,1346.6000,168455.0000,1348.7637,1367.1000,1344.5000,1367.1000,1377.0000,25.0000,30.0000,320.0000,325.0000,330.0000,,,,,,,,,,,,yahoo
HDFCAMC,2026-08-03,2637.1001,2644.8000,2608.8999,2618.0000,39296.0000,2615.3459,2618.1001,2564.1001,2576.0000,2600.6001,,,,,,,,,10.0000,50.0000,95.0000,125.0000,145.0000,200.0000,,,yahoo
HDFCBANK,2026-08-03,753.1500,753.4500,750.3500,752.6000,1317187.0000,751.7208,756.8000,750.0500,751.2000,753.0000,80.0000,,,,,,,,,,,,,,,,yahoo
HDFCLIFE,2026-08-03,552.8500,553.8000,550.5000,551.7000,235440.0000,551.8044,553.6500,549.1000,550.5000,553.1000,,,,,,,,,,,,,,,,,yahoo
HINDALCO,2026-08-03,988.8500,988.8500,981.6500,987.3500,415694.0000,985.6947,993.0500,982.2000,990.0000,994.9000,260.0000,,,,,,,,25.0000,,,,,,,,yahoo
HINDUNILVR,2026-08-03,2112.0000,2124.3000,2105.5000,2116.3999,104034.0000,2117.1884,2123.7000,2110.8000,2116.0000,2138.0000,,,,,,,,,,,,,,,,,yahoo
HINDZINC,2026-08-03,543.4500,545.8000,541.4500,544.9000,231182.0000,543.5594,550.2000,544.4500,547.0000,547.0000,20.0000,25.0000,,,,,,,,,,,,,,,yahoo
HYUNDAI,2026-08-03,2212.1001,2247.3000,2212.1001,2224.0000,366222.0000,2229.6167,2233.0000,2200.0000,2207.0000,2207.0000,,,,,,,,,50.0000,60.0000,210.0000,,,,,,yahoo
ICICIBANK,2026-08-03,1442.4000,1448.8000,1434.2000,1447.5000,654372.0000,1444.5881,1449.9000,1442.0000,1444.3000,1460.0000,,,,,,,,,,,,,,,,,yahoo
INDHOTEL,2026-08-03,743.7500,745.7500,741.6000,741.6000,71178.0000,744.1198,752.0000,739.7000,752.0000,752.0000,40.0000,140.0000,330.0000,330.0000,,,,,,,,,,,,,yahoo
INDIGO,2026-08-03,5280.0000,5372.5000,5280.0000,5300.0000,83750.0000,5306.7501,5402.0000,5282.5000,5400.0000,5400.0000,60.0000,65.0000,70.0000,70.0000,95.0000,,,,,,,,,,,,yahoo
INFY,2026-08-03,1146.0000,1150.8000,1138.4000,1143.4000,630889.0000,1141.7108,1175.9000,1142.7000,1171.1000,1180.0000,5.0000,30.0000,30.0000,30.0000,100.0000,175.0000,325.0000,,,,,,,,,,yahoo
IOC,2026-08-03,142.5500,145.1100,142.5500,143.4000,3867687.0000,143.7375,143.5600,142.3800,143.0000,143.7000,,,,,,,,,20.0000,,,,,,,,yahoo
IRFC,2026-08-03,89.5000,90.2500,89.4600,89.8700,1410485.0000,89.9687,90.7900,89.8200,90.3000,90.2500,10.0000,40.0000,50.0000,,,,,,,,,,,,,,yahoo
ITC,2026-08-03,284.5000,292.4000,283.2500,291.6500,12310270.0000,289.9495,292.5000,285.9000,286.5000,287.0000,,,,,,,,,70.0000,75.0000,90.0000,135.0000,180.0000,,,,yahoo
JINDALSTEL,2026-08-03,1115.0000,1127.3000,1112.0000,1114.7000,113474.0000,1115.6854,1115.1000,1106.2000,1112.9000,1105.1000,,,,,,,,,35.0000,65.0000,,,,,,,yahoo
JIOFIN,2026-08-03,259.6000,260.4000,256.3000,259.7000,4674914.0000,258.1569,266.9000,258.9500,261.6500,263.0000,10.0000,10.0000,15.0000,75.0000,180.0000,185.0000,185.0000,,,,,,,,,,yahoo
JSWSTEEL,2026-08-03,1277.8000,1293.2000,1277.8000,1278.7000,65340.0000,1282.3367,1284.0000,1269.5000,1282.7000,1292.3000,,,,,,,,,25.0000,,,,,,,,yahoo
KOTAKBANK,2026-08-03,393.0500,393.5500,392.2000,393.0000,407038.0000,392.7964,395.3000,391.0500,393.9000,397.5000,330.0000,,,,,,,,,,,,,,,,yahoo
LODHA,2026-08-03,1256.0000,1256.8000,1238.8000,1244.3000,173434.0000,1242.7821,1251.3000,1228.5000,1239.8000,1239.8000,70.0000,,,,,,,,100.0000,245.0000,315.0000,330.0000,,,,,yahoo
LT,2026-08-03,3970.0000,3988.8999,3963.1001,3976.8999,162152.0000,3979.0901,4024.3000,3965.0000,3999.8999,4025.0000,130.0000,155.0000,170.0000,,,,,,,,,,,,,,yahoo
LTM,2026-08-03,4435.0000,4435.0000,4396.2998,4410.6001,29931.0000,4410.3456,4719.8999,4389.6001,4690.0000,4690.0000,25.0000,30.0000,90.0000,95.0000,95.0000,110.0000,120.0000,120.0000,,,,,,,,,yahoo
M&M,2026-08-03,3460.0000,3460.0000,3401.1001,3412.5000,248566.0000,3416.3013,3418.0000,3386.5000,3396.3000,3428.6001,,,,,,,,,50.0000,275.0000,,,,,,,yahoo
MARUTI,2026-08-03,14301.0000,14382.0000,13902.0000,13993.0000,137918.0000,14001.0681,14236.0000,13975.0000,14100.0000,14150.0000,5.0000,30.0000,30.0000,30.0000,30.0000,,,,,,,,,,,,yahoo
MAXHEALTH,2026-08-03,1112.3000,1112.7000,1100.3000,1102.4000,66464.0000,1104.0969,1113.4000,1089.5000,1089.5000,1100.4000,15.0000,140.0000,,,,,,,260.0000,265.0000,330.0000,,,,,,yahoo
MAZDOCK,2026-08-03,2392.7000,2411.8999,2385.8999,2386.0000,82577.0000,2397.2645,2396.8000,2377.8999,2383.1001,2390.0000,,,,,,,,,,,,,,,,,yahoo
MOTHERSON,2026-08-03,152.9000,153.6300,152.0300,153.4300,1684348.0000,153.1488,155.0100,152.8600,155.0100,155.0100,130.0000,330.0000,330.0000,,,,,,,,,,,,,,yahoo
MUTHOOTFIN,2026-08-03,2875.1001,2905.1001,2766.8999,2771.0000,1457722.0000,2795.5740,2891.8000,2766.1001,2890.8999,2890.8999,5.0000,5.0000,5.0000,5.0000,10.0000,30.0000,65.0000,155.0000,,,,,,,,,yahoo
NESTLEIND,2026-08-03,1507.0000,1521.0000,1506.6000,1518.6000,94863.0000,1517.3316,1523.7000,1506.0000,1517.5000,1530.0000,,,,,,,,,125.0000,275.0000,,,,,,,yahoo
NTPC,2026-08-03,348.0000,348.8500,346.4000,347.2500,328637.0000,347.8904,350.9000,345.5000,350.9000,350.9000,330.0000,330.0000,330.0000,,,,,,30.0000,,,,,,,,yahoo
ONGC,2026-08-03,241.3800,242.1400,240.4000,241.3900,845616.0000,241.5294,242.5000,240.1100,240.8000,242.0000,,,,,,,,,325.0000,,,,,,,,yahoo
PFC,2026-08-03,426.4000,429.2500,425.2500,426.5500,477730.0000,426.3572,427.3000,417.3500,421.5000,421.5000,,,,,,,,,65.0000,90.0000,140.0000,150.0000,155.0000,265.0000,,,yahoo
PIDILITIND,2026-08-03,1628.7000,1634.4000,1624.4000,1631.3000,68537.0000,1630.6487,1642.5000,1624.1000,1642.5000,1642.5000,330.0000,,,,,,,,,,,,,,,,yahoo
PNB,2026-08-03,113.1900,113.8300,112.7000,113.8300,2004948.0000,113.2180,114.4500,113.0000,113.1200,113.0000,20.0000,,,,,,,,220.0000,,,,,,,,yahoo
POWERGRID,2026-08-03,284.8000,286.1000,284.5000,285.1000,202948.0000,285.6994,286.1000,284.0000,284.3000,287.0000,,,,,,,,,,,,,,,,,yahoo
RECLTD,2026-08-03,374.6500,376.5000,373.0500,374.4500,220503.0000,374.1177,374.9500,367.4000,368.1000,368.1000,,,,,,,,,90.0000,95.0000,150.0000,155.0000,235.0000,,,,yahoo
RELIANCE,2026-08-03,1315.2000,1315.2000,1311.3000,1312.8000,933672.0000,1313.2652,1314.9000,1306.3000,1309.0000,1319.0000,,,,,,,,,,,,,,,,,yahoo
SBILIFE,2026-08-03,1894.9000,1894.9000,1883.0000,1884.9000,51595.0000,1888.6595,1914.5000,1883.0000,1914.3000,1915.0000,65.0000,175.0000,180.0000,215.0000,265.0000,,,,,,,,,,,,yahoo
SBIN,2026-08-03,1035.0000,1044.8000,1031.6000,1044.4000,1262618.0000,1038.8645,1051.4000,1034.5000,1045.0000,1045.0000,105.0000,,,,,,,,275.0000,320.0000,,,,,,,yahoo
SHREECEM,2026-08-03,26220.0000,26795.0000,26220.0000,26430.0000,4019.0000,26508.6431,27000.0000,26380.0000,27000.0000,27000.0000,15.0000,20.0000,20.0000,30.0000,35.0000,330.0000,,,,,,,,,,,yahoo
SHRIRAMFIN,2026-08-03,1055.0000,1076.6000,1054.4000,1072.7000,805391.0000,1071.3701,1095.0000,1067.8000,1077.1000,1090.2000,50.0000,55.0000,60.0000,65.0000,105.0000,125.0000,,,,,,,,,,,yahoo
SIEMENS,2026-08-03,3710.0000,3821.8000,3710.0000,3799.3000,38455.0000,3792.6169,3905.0000,3780.8000,3900.0000,3900.0000,65.0000,65.0000,65.0000,70.0000,75.0000,110.0000,135.0000,,,,,,,,,,yahoo
SOLARINDS,2026-08-03,18449.0000,18490.0000,18363.0000,18433.0000,5661.0000,18447.6445,18710.0000,18360.0000,18659.0000,18659.0000,155.0000,170.0000,170.0000,175.0000,175.0000,,,,,,,,,,,,yahoo
SUNPHARMA,2026-08-03,1987.0000,1987.0000,1940.1000,1948.6000,394671.0000,1945.7000,1972.9000,1935.3000,1945.0000,1963.5000,30.0000,40.0000,50.0000,,,,,,325.0000,,,,,,,,yahoo
TATACAP,2026-08-03,365.2500,369.4000,365.2500,366.1000,125723.0000,367.4602,370.2000,364.5500,365.2500,361.4500,50.0000,105.0000,125.0000,,,,,,,,,,,,,,yahoo
TATACONSUM,2026-08-03,1086.0000,1092.1000,1084.1000,1088.9000,71034.0000,1089.5046,1099.9000,1087.3000,1095.0000,1110.0000,40.0000,165.0000,330.0000,,,,,,,,,,,,,,yahoo
TATAPOWER,2026-08-03,382.0000,382.8000,379.4000,382.0500,279460.0000,382.0903,382.2000,379.4500,382.0000,382.0000,,,,,,,,,180.0000,,,,,,,,yahoo
TATASTEEL,2026-08-03,192.9400,193.4000,190.1500,191.3300,2726956.0000,190.8158,191.4000,188.7000,189.0800,191.0000,,,,,,,,,25.0000,60.0000,320.0000,325.0000,,,,,yahoo
TCS,2026-08-03,2383.6001,2404.3999,2383.6001,2395.7000,208625.0000,2393.3098,2462.7000,2392.0000,2453.3999,2473.7000,20.0000,30.0000,30.0000,35.0000,90.0000,305.0000,325.0000,,,,,,,,,,yahoo
TECHM,2026-08-03,1662.1000,1669.3000,1651.6000,1655.8000,90504.0000,1656.4662,1660.4000,1634.3000,1649.0000,1649.0000,,,,,,,,,50.0000,80.0000,110.0000,125.0000,,,,,yahoo
TITAN,2026-08-03,4860.7998,4898.3999,4860.1001,4885.2998,54555.0000,4885.8400,4904.0000,4882.0000,4901.7002,5000.0000,,,,,,,,,,,,,,,,,yahoo
TMCV,2026-08-03,439.8500,449.3500,434.7000,448.8000,2208035.0000,444.7722,455.0000,443.7500,452.3500,452.7500,120.0000,120.0000,125.0000,175.0000,,,,,15.0000,45.0000,55.0000,,,,,,yahoo
TMPV,2026-08-03,344.9000,349.9000,343.5500,348.6000,2494361.0000,347.8179,350.3500,345.5000,346.2000,349.3000,145.0000,,,,,,,,5.0000,10.0000,,,,,,,yahoo
TORNTPHARM,2026-08-03,5224.0000,5224.0000,5040.0000,5050.0000,131241.0000,5080.4291,5122.0000,5007.5000,5011.0000,5050.0000,25.0000,25.0000,30.0000,35.0000,,,,,305.0000,330.0000,,,,,,,yahoo
TRENT,2026-08-03,3027.0000,3032.3999,3007.8000,3016.5000,50430.0000,3021.7235,3045.5000,3003.0000,3040.0000,3050.0000,165.0000,310.0000,,,,,,,,,,,,,,,yahoo
TVSMOTOR,2026-08-03,4359.0000,4374.3999,4319.6001,4344.6001,273129.0000,4342.2708,4350.0000,4282.0000,4350.0000,4389.0000,,,,,,,,,20.0000,30.0000,30.0000,50.0000,,,,,yahoo
ULTRACEMCO,2026-08-03,11958.0000,11997.0000,11905.0000,11934.0000,9503.0000,11932.1636,12054.0000,11916.0000,12054.0000,12054.0000,185.0000,235.0000,330.0000,,,,,,,,,,,,,,yahoo
UNIONBANK,2026-08-03,172.3000,175.2500,172.3000,174.9900,1284429.0000,173.9443,175.7400,173.1000,173.6900,174.0000,,,,,,,,,55.0000,275.0000,325.0000,,,,,,yahoo
UNITDSPR,2026-08-03,1516.2000,1524.0000,1513.1000,1520.5000,45191.0000,1517.8224,1526.1000,1519.3000,1523.5000,1530.0000,,,,,,,,,,,,,,,,,yahoo
VBL,2026-08-03,444.0000,445.3500,442.6500,443.8500,335448.0000,443.8316,450.0000,442.9000,444.6000,445.0000,25.0000,115.0000,120.0000,120.0000,,,,,,,,,,,,,yahoo
VEDL,2026-08-03,267.9000,268.6000,266.3000,267.5500,952609.0000,267.2668,268.1500,264.7500,265.0000,267.2500,,,,,,,,,95.0000,150.0000,180.0000,,,,,,yahoo
WIPRO,2026-08-03,184.5000,185.1500,184.1200,184.9000,1196133.0000,184.6469,189.1200,184.7200,188.6900,188.6600,30.0000,35.0000,170.0000,305.0000,320.0000,325.0000,,,,,,,,,,,yahoo
ZYDUSLIFE,2026-08-03,1135.7000,1135.7000,1117.6000,1118.6000,58636.0000,1122.2465,1129.9000,1109.2000,1115.5000,1121.0000,45.0000,50.0000,55.0000,,,,,,15.0000,225.0000,,,,,,,yahoo
ABB,2026-08-04,7625.0000,7843.0000,7613.5000,7834.0000,125706.0000,7774.0675,7894.5000,7700.0000,7700.0000,7700.0000,35.0000,35.0000,,,,,,,5.0000,5.0000,90.0000,320.0000,330.0000,,,,yahoo
ADANIENSOL,2026-08-04,1651.2000,1663.2000,1651.2000,1657.0000,79456.0000,1657.1656,1663.9000,1639.0000,1643.0000,1646.0000,,,,,,,,,70.0000,250.0000,305.0000,,,,,,yahoo
ADANIENT,2026-08-04,3061.6001,3088.0000,3061.6001,3080.1001,143511.0000,3078.4259,3090.5000,3021.2000,3050.0000,3050.0000,,,,,,,,,65.0000,105.0000,120.0000,135.0000,290.0000,,,,yahoo
ADANIGREEN,2026-08-04,1402.5000,1414.7000,1400.4000,1406.1000,200070.0000,1404.9008,1417.0000,1382.2000,1383.7000,1384.0000,10.0000,20.0000,,,,,,,100.0000,200.0000,245.0000,305.0000,320.0000,,,,yahoo
ADANIPORTS,2026-08-04,1703.1000,1713.9000,1703.1000,1709.1000,214216.0000,1711.1785,1712.3000,1690.3000,1692.8000,1706.7000,,,,,,,,,105.0000,175.0000,235.0000,,,,,,yahoo
ADANIPOWER,2026-08-04,212.7000,213.3200,212.2200,212.8000,984422.0000,212.8071,213.1700,209.1900,209.8000,209.9500,,,,,,,,,55.0000,80.0000,110.0000,125.0000,325.0000,,,,yahoo
AMBUJACEM,2026-08-04,443.8000,443.8000,440.0000,440.8000,77513.0000,440.9217,441.9000,436.5500,440.0000,436.0500,,,,,,,,,55.0000,125.0000,,,,,,,yahoo
APOLLOHOSP,2026-08-04,8796.5000,8858.5000,8766.5000,8841.5000,29053.0000,8837.6441,9050.0000,8831.0000,9050.0000,9050.0000,330.0000,330.0000,330.0000,330.0000,330.0000,330.0000,,,,,,,,,,,yahoo
ASIANPAINT,2026-08-04,2777.0000,2805.0000,2777.0000,2802.7000,66154.0000,2798.0475,2807.0000,2732.8000,2775.0000,2775.0000,,,,,,,,,125.0000,145.0000,170.0000,180.0000,240.0000,290.0000,,,yahoo
AXISBANK,2026-08-04,1256.8000,1261.0000,1249.0000,1253.5000,332550.0000,1255.4393,1261.8000,1244.1000,1261.8000,1261.8000,20.0000,,,,,,,,150.0000,,,,,,,,yahoo
BAJAJ-AUTO,2026-08-04,11655.0000,11699.0000,11565.0000,11597.0000,46809.0000,11605.4151,11600.0000,11544.0000,11562.0000,11600.0000,,,,,,,,,,,,,,,,,yahoo
BAJAJFINSV,2026-08-04,2081.3000,2082.3999,2074.3000,2082.1001,94182.0000,2079.3202,2105.0000,2068.0000,2105.0000,2105.0000,185.0000,330.0000,330.0000,,,,,,115.0000,,,,,,,,yahoo
BAJAJHLDNG,2026-08-04,11477.0000,11596.0000,11477.0000,11490.0000,3752.0000,11511.7041,11527.0000,11364.0000,11475.0000,11475.0000,,,,,,,,,110.0000,320.0000,330.0000,,,,,,yahoo
BAJFINANCE,2026-08-04,1156.6000,1156.6000,1149.0000,1154.8000,742113.0000,1152.1758,1159.1000,1140.2000,1149.0000,1149.0000,,,,,,,,,50.0000,60.0000,145.0000,165.0000,,,,,yahoo
BANKBARODA,2026-08-04,246.7000,248.0000,245.4900,247.7600,488523.0000,247.1262,249.1400,245.0000,245.0000,245.0000,20.0000,,,,,,,,125.0000,215.0000,330.0000,,,,,,yahoo
BEL,2026-08-04,390.0000,392.4500,389.4000,391.7500,1072511.0000,390.9965,394.0500,389.2500,389.9500,391.5000,15.0000,,,,,,,,210.0000,,,,,,,,yahoo
BHARTIARTL,2026-08-04,1974.9000,1974.9000,1956.0000,1958.3000,362281.0000,1959.4767,1970.1000,1948.6000,1970.1000,1970.1000,330.0000,,,,,,,,,,,,,,,,yahoo
BOSCHLTD,2026-08-04,41170.0000,41550.0000,41005.0000,41390.0000,3382.0000,41264.5949,41535.0000,41115.0000,41200.0000,41200.0000,,,,,,,,,175.0000,,,,,,,,yahoo
BPCL,2026-08-04,326.1000,326.1000,324.0000,324.8000,289461.0000,324.5898,325.8000,320.6500,322.5500,324.0000,,,,,,,,,115.0000,125.0000,135.0000,330.0000,,,,,yahoo
BRITANNIA,2026-08-04,5500.0000,5500.0000,5446.0000,5462.5000,21235.0000,5461.0896,5474.5000,5401.5000,5435.5000,5478.0000,,,,,,,,,230.0000,235.0000,245.0000,,,,,,yahoo
CANBK,2026-08-04,126.8200,128.3500,126.3200,128.0000,3807782.0000,128.1056,128.9400,127.6600,128.0000,128.0000,20.0000,,,,,,,,,,,,,,,,yahoo
CGPOWER,2026-08-04,846.7500,869.9000,846.7500,869.7000,1241572.0000,865.0330,882.4000,866.1000,880.0500,880.0500,5.0000,165.0000,240.0000,280.0000,,,,,,,,,,,,,yahoo
CHOLAFIN,2026-08-04,1882.8000,1882.8000,1864.4000,1866.6000,91546.0000,1868.7231,1878.9000,1866.6000,1873.0000,1875.0000,10.0000,,,,,,,,,,,,,,,,yahoo
CIPLA,2026-08-04,1466.6000,1466.6000,1453.9000,1458.0000,81924.0000,1457.4357,1465.1000,1449.5000,1451.6000,1460.0000,,,,,,,,,120.0000,,,,,,,,yahoo
COALINDIA,2026-08-04,414.8500,417.4500,413.2500,417.0000,405151.0000,416.3299,417.2500,414.2500,414.7000,417.6000,,,,,,,,,180.0000,,,,,,,,yahoo
CUMMINSIND,2026-08-04,5536.0000,5584.5000,5493.5000,5584.5000,34599.0000,5551.3381,5593.0000,5439.0000,5550.0000,5550.0000,,,,,,,,,85.0000,175.0000,180.0000,195.0000,195.0000,200.0000,200.0000,,yahoo
DIVISLAB,2026-08-04,8450.0000,8450.0000,8272.0000,8294.0000,156121.0000,8323.9724,8394.5000,8244.0000,8378.0000,8378.0000,70.0000,80.0000,155.0000,,,,,,35.0000,,,,,,,,yahoo
DLF,2026-08-04,658.9000,658.9000,647.7500,653.9500,975527.0000,651.9358,659.8000,643.4000,643.4000,643.4000,5.0000,35.0000,,,,,,,150.0000,225.0000,230.0000,325.0000,330.0000,,,,yahoo
DMART,2026-08-04,4015.0000,4017.8999,4000.0000,4000.6001,13798.0000,4005.0976,4023.0000,3971.7000,4023.0000,4023.0000,330.0000,,,,,,,,55.0000,,,,,,,,yahoo
DRREDDY,2026-08-04,1171.8000,1171.8000,1154.7000,1156.4000,215760.0000,1159.1971,1168.8000,1157.3000,1159.7000,1172.6000,30.0000,60.0000,85.0000,,,,,,,,,,,,,,yahoo
EICHERMOT,2026-08-04,8018.0000,8018.0000,7952.0000,7980.5000,61727.0000,7973.0930,7987.5000,7867.5000,7908.0000,7935.0000,,,,,,,,,90.0000,135.0000,200.0000,285.0000,,,,,yahoo
ENRIN,2026-08-04,3275.3999,3327.2000,3275.3999,3320.7000,76816.0000,3310.2624,3360.0000,3301.6001,3306.3000,3319.0000,20.0000,35.0000,40.0000,,,,,,100.0000,,,,,,,,yahoo
ETERNAL,2026-08-04,310.7500,312.4000,309.7500,311.8000,2191907.0000,311.3646,312.7000,309.0000,310.6500,312.4000,,,,,,,,,100.0000,290.0000,,,,,,,yahoo
GAIL,2026-08-04,174.2000,175.2000,173.1800,174.6500,1491121.0000,174.2681,177.2000,174.5000,175.0000,175.0000,5.0000,10.0000,10.0000,10.0000,,,,,,,,,,,,,yahoo
GODREJCP,2026-08-04,1077.1000,1077.1000,1064.3000,1075.3000,81770.0000,1070.4325,1079.7000,1057.8000,1063.4000,1058.2000,,,,,,,,,140.0000,145.0000,235.0000,240.0000,250.0000,,,,yahoo
GRASIM,2026-08-04,3187.8000,3187.8000,3145.3000,3155.0000,94225.0000,3155.7488,3164.8999,3117.1001,3122.8000,3138.0000,,,,,,,,,200.0000,200.0000,310.0000,,,,,,yahoo
HAL,2026-08-04,4678.7998,4698.7002,4650.1001,4681.8999,73445.0000,4679.8441,4716.1001,4626.6001,4635.0000,4635.0000,20.0000,,,,,,,,135.0000,195.0000,215.0000,,,,,,yahoo
HCLTECH,2026-08-04,1375.7000,1375.7000,1362.8000,1368.1000,218259.0000,1366.7337,1368.5000,1347.4000,1356.3000,1369.9000,,,,,,,,,25.0000,125.0000,140.0000,145.0000,160.0000,,,,yahoo
HDFCAMC,2026-08-04,2570.0000,2582.3999,2562.2000,2577.0000,32341.0000,2575.5639,2581.5000,2533.6001,2535.0000,2556.0000,,,,,,,,,75.0000,110.0000,115.0000,140.0000,315.0000,,,,yahoo
HDFCBANK,2026-08-04,751.6000,752.2500,747.4000,747.6000,1942115.0000,748.8353,748.6500,738.2000,738.3000,742.0000,,,,,,,,,60.0000,115.0000,140.0000,225.0000,,,,,yahoo
HDFCLIFE,2026-08-04,550.0000,550.0000,544.5000,545.5000,453270.0000,545.6617,546.7500,530.5000,534.1000,535.9500,,,,,,,,,45.0000,80.0000,95.0000,100.0000,125.0000,145.0000,215.0000,,yahoo
HINDALCO,2026-08-04,994.9000,1009.6500,993.1000,1007.1000,1564489.0000,1004.9764,1017.4000,1000.2500,1017.4000,1020.0000,280.0000,315.0000,330.0000,,,,,,145.0000,,,,,,,,yahoo
HINDUNILVR,2026-08-04,2117.8999,2117.8999,2102.8000,2107.2000,120038.0000,2106.3050,2111.2000,2070.2000,2096.5000,2096.5000,,,,,,,,,120.0000,145.0000,210.0000,225.0000,235.0000,,,,yahoo
HINDZINC,2026-08-04,549.0000,560.0000,547.9000,559.4000,1090975.0000,557.3550,563.9000,554.3500,562.9000,562.9000,15.0000,330.0000,,,,,,,30.0000,50.0000,,,,,,,yahoo
HYUNDAI,2026-08-04,2215.0000,2225.6001,2204.3000,2222.0000,83872.0000,2213.9889,2240.8000,2201.0000,2220.0000,2220.0000,220.0000,220.0000,,,,,,,35.0000,45.0000,,,,,,,yahoo
ICICIBANK,2026-08-04,1448.0000,1452.1000,1444.0000,1452.1000,579683.0000,1448.5769,1453.3000,1430.8000,1440.0000,1454.6000,,,,,,,,,95.0000,145.0000,195.0000,220.0000,,,,,yahoo
INDHOTEL,2026-08-04,747.7000,749.2000,744.0000,746.6000,110563.0000,747.4160,747.9500,739.2000,745.7000,750.0000,,,,,,,,,100.0000,105.0000,,,,,,,yahoo
INDIGO,2026-08-04,5392.5000,5429.0000,5392.0000,5408.5000,75032.0000,5412.7275,5416.5000,5302.5000,5318.5000,5358.0000,,,,,,,,,65.0000,125.0000,175.0000,270.0000,285.0000,,,,yahoo
INFY,2026-08-04,1168.1000,1175.0000,1162.0000,1162.1000,625433.0000,1163.5376,1163.0000,1153.4000,1158.1000,1167.5000,,,,,,,,,140.0000,,,,,,,,yahoo
IOC,2026-08-04,143.2600,143.2700,142.5300,143.1000,625498.0000,142.9939,143.8000,141.6000,141.6000,141.6000,,,,,,,,,160.0000,175.0000,330.0000,,,,,,yahoo
IRFC,2026-08-04,90.3000,90.4000,89.7000,90.0800,763833.0000,89.9897,90.3600,89.5900,89.6000,89.6000,,,,,,,,,265.0000,,,,,,,,yahoo
ITC,2026-08-04,286.2000,287.0000,284.7000,286.6000,784928.0000,286.3919,289.0000,284.9000,289.0000,289.0000,95.0000,160.0000,,,,,,,25.0000,,,,,,,,yahoo
JINDALSTEL,2026-08-04,1106.6000,1119.5000,1105.6000,1116.0000,152084.0000,1116.6724,1121.7000,1109.2000,1120.5000,1124.0000,85.0000,,,,,,,,35.0000,,,,,,,,yahoo
JIOFIN,2026-08-04,262.8000,265.3000,262.0500,263.9500,2749253.0000,264.1563,266.5000,262.0000,264.4000,265.0000,30.0000,30.0000,,,,,,,175.0000,,,,,,,,yahoo
JSWSTEEL,2026-08-04,1277.3000,1290.8000,1277.0000,1285.0000,118084.0000,1285.9760,1300.0000,1280.8000,1300.0000,1300.0000,105.0000,285.0000,330.0000,,,,,,,,,,,,,,yahoo
KOTAKBANK,2026-08-04,395.1500,398.2000,393.7000,397.5500,582218.0000,396.9148,398.0000,392.1000,398.0000,398.0000,,,,,,,,,75.0000,115.0000,125.0000,235.0000,,,,,yahoo
LODHA,2026-08-04,1243.0000,1250.6000,1233.0000,1250.0000,118106.0000,1247.1400,1260.7000,1229.8000,1229.8000,1229.8000,5.0000,20.0000,,,,,,,105.0000,105.0000,150.0000,235.0000,330.0000,,,,yahoo
LT,2026-08-04,4007.2000,4035.0000,3988.8999,4030.6001,210816.0000,4019.2044,4042.0000,3990.0000,3990.0000,3990.0000,,,,,,,,,245.0000,255.0000,330.0000,,,,,,yahoo
LTM,2026-08-04,4690.0000,4690.0000,4624.2002,4627.2998,46151.0000,4636.9580,4632.8999,4550.6001,4559.2998,4559.0000,,,,,,,,,20.0000,35.0000,130.0000,140.0000,150.0000,,,,yahoo
M&M,2026-08-04,3394.0000,3425.5000,3384.8000,3408.6001,252005.0000,3399.2989,3434.1001,3391.8000,3412.0000,3433.0000,25.0000,,,,,,,,,,,,,,,,yahoo
MARUTI,2026-08-04,14124.0000,14169.0000,14025.0000,14150.0000,46388.0000,14106.4724,14253.0000,14062.0000,14147.0000,14168.0000,80.0000,,,,,,,,295.0000,,,,,,,,yahoo
MAXHEALTH,2026-08-04,1100.3000,1100.3000,1091.5000,1092.6000,59368.0000,1095.0345,1095.2000,1067.9000,1075.5000,1077.0000,,,,,,,,,175.0000,190.0000,200.0000,205.0000,205.0000,325.0000,,,yahoo
MAZDOCK,2026-08-04,2392.2000,2402.0000,2386.5000,2399.5000,59276.0000,2394.5483,2411.8000,2380.6001,2385.8999,2389.0000,15.0000,,,,,,,,125.0000,210.0000,,,,,,,yahoo
MOTHERSON,2026-08-04,154.9500,155.8400,154.1700,154.2700,1818487.0000,155.0986,154.3300,148.3400,149.7000,151.0000,,,,,,,,,5.0000,10.0000,50.0000,50.0000,55.0000,125.0000,215.0000,285.0000,yahoo
MUTHOOTFIN,2026-08-04,2892.1001,2898.8000,2877.1001,2882.0000,213425.0000,2886.8615,2906.5000,2870.0000,2875.0000,2870.0000,35.0000,65.0000,,,,,,,,,,,,,,,yahoo
NESTLEIND,2026-08-04,1523.8000,1527.7000,1513.0000,1527.7000,207128.0000,1524.1791,1535.9000,1450.0000,1520.0000,1520.0000,35.0000,,,,,,,,230.0000,230.0000,230.0000,230.0000,230.0000,230.0000,230.0000,230.0000,yahoo
NTPC,2026-08-04,347.5000,348.2000,346.5000,347.7000,261700.0000,347.6089,348.7500,341.6000,341.9500,343.6500,,,,,,,,,125.0000,240.0000,250.0000,300.0000,315.0000,,,,yahoo
ONGC,2026-08-04,241.4900,242.7900,240.7700,242.3600,840729.0000,242.4736,243.2000,240.7000,242.0000,242.0000,,,,,,,,,135.0000,,,,,,,,yahoo
PFC,2026-08-04,418.8000,419.3000,417.1500,418.5000,188828.0000,418.3924,421.8000,417.2500,420.0000,420.0000,15.0000,90.0000,,,,,,,,,,,,,,,yahoo
PIDILITIND,2026-08-04,1639.8000,1655.0000,1633.1000,1651.0000,175772.0000,1650.2529,1658.2000,1602.1000,1613.9000,1620.0000,,,,,,,,,50.0000,65.0000,230.0000,240.0000,255.0000,310.0000,310.0000,,yahoo
PNB,2026-08-04,113.3300,113.5500,112.6600,113.2800,802283.0000,113.2768,113.9800,113.3000,113.8000,113.9900,25.0000,,,,,,,,,,,,,,,,yahoo
POWERGRID,2026-08-04,287.3000,288.8000,285.1000,285.3000,490469.0000,285.6784,286.7000,281.8000,282.6000,283.4000,,,,,,,,,120.0000,140.0000,255.0000,,,,,,yahoo
RECLTD,2026-08-04,367.9500,368.6000,367.0000,367.3500,235769.0000,367.8186,370.6500,367.3500,368.0000,368.0000,15.0000,90.0000,,,,,,,,,,,,,,,yahoo
RELIANCE,2026-08-04,1313.7000,1313.7000,1304.3000,1306.8000,588380.0000,1306.2255,1307.6000,1288.3000,1290.6000,1290.9000,,,,,,,,,85.0000,135.0000,165.0000,255.0000,,,,,yahoo
SBILIFE,2026-08-04,1889.8000,1890.9000,1872.4000,1889.1000,132813.0000,1882.2115,1899.0000,1857.2000,1899.0000,1899.0000,330.0000,,,,,,,,45.0000,125.0000,140.0000,155.0000,255.0000,,,,yahoo
SBIN,2026-08-04,1040.3000,1041.6000,1034.0000,1036.0000,578233.0000,1035.2801,1043.7000,1031.1000,1034.0000,1042.7000,25.0000,,,,,,,,,,,,,,,,yahoo
SHREECEM,2026-08-04,26885.0000,26885.0000,26770.0000,26815.0000,445.0000,26825.9700,27035.0000,26755.0000,26900.0000,26900.0000,10.0000,30.0000,,,,,,,,,,,,,,,yahoo
SHRIRAMFIN,2026-08-04,1084.8000,1087.3000,1076.0000,1083.1000,333911.0000,1083.6975,1091.5000,1076.3000,1087.3000,1087.3000,35.0000,35.0000,,,,,,,305.0000,,,,,,,,yahoo
SIEMENS,2026-08-04,3924.7000,4029.0000,3924.7000,4020.0000,183563.0000,3987.6279,4073.1001,3986.3000,4004.0000,4000.5000,35.0000,35.0000,100.0000,105.0000,,,,,135.0000,325.0000,,,,,,,yahoo
SOLARINDS,2026-08-04,18582.0000,18775.0000,18550.0000,18742.0000,8541.0000,18649.9947,18800.0000,18661.0000,18700.0000,18700.0000,,,,,,,,,,,,,,,,,yahoo
SUNPHARMA,2026-08-04,1953.8000,1960.7000,1948.1000,1952.6000,57564.0000,1955.4230,1964.7000,1947.8000,1964.0000,1964.0000,75.0000,,,,,,,,,,,,,,,,yahoo
TATACAP,2026-08-04,363.2000,366.0000,362.1500,365.1000,62246.0000,364.6490,365.9000,360.1500,361.1000,360.6000,,,,,,,,,205.0000,215.0000,295.0000,325.0000,,,,,yahoo
TATACONSUM,2026-08-04,1093.5000,1099.6000,1091.1000,1096.0000,106224.0000,1094.5057,1099.9000,1080.3000,1084.5000,1092.0000,,,,,,,,,145.0000,230.0000,235.0000,295.0000,,,,,yahoo
TATAPOWER,2026-08-04,382.0000,383.5500,380.5000,382.0500,339943.0000,381.9575,384.2000,380.6500,381.8500,380.0000,10.0000,,,,,,,,,,,,,,,,yahoo
TATASTEEL,2026-08-04,190.4000,192.5600,189.1900,192.1300,3147270.0000,191.8500,192.2400,189.8700,190.9500,190.9500,,,,,,,,,25.0000,125.0000,150.0000,,,,,,yahoo
TCS,2026-08-04,2457.7000,2463.6001,2435.6001,2443.1001,256083.0000,2442.6689,2459.7000,2437.0000,2443.0000,2460.0000,110.0000,,,,,,,,,,,,,,,,yahoo
TECHM,2026-08-04,1656.9000,1656.9000,1640.1000,1648.4000,235774.0000,1645.8358,1653.5000,1642.2000,1643.0000,1648.5000,,,,,,,,,,,,,,,,,yahoo
TITAN,2026-08-04,4922.2002,4922.2002,4863.7998,4880.1001,137200.0000,4879.5583,4905.0000,4872.0000,4891.5000,4935.0000,15.0000,,,,,,,,,,,,,,,,yahoo
TMCV,2026-08-04,451.5000,453.9500,447.0000,453.9500,666696.0000,450.1429,455.0500,444.2500,447.7500,445.7500,,,,,,,,,70.0000,75.0000,105.0000,130.0000,135.0000,165.0000,,,yahoo
TMPV,2026-08-04,347.5000,347.6500,346.1000,347.5500,583771.0000,346.9733,349.5000,345.0000,345.5000,348.5500,80.0000,,,,,,,,135.0000,,,,,,,,yahoo
TORNTPHARM,2026-08-04,5034.0000,5043.5000,4996.5000,5021.0000,29512.0000,5016.7843,5056.5000,4996.0000,5030.0000,5030.0000,20.0000,,,,,,,,,,,,,,,,yahoo
TRENT,2026-08-04,3047.7000,3078.0000,3047.7000,3075.5000,192943.0000,3070.1932,3111.0000,3060.0000,3071.3000,3107.7000,75.0000,80.0000,85.0000,,,,,,325.0000,,,,,,,,yahoo
TVSMOTOR,2026-08-04,4380.0000,4388.5000,4357.8999,4369.6001,186130.0000,4373.2169,4392.5000,4336.0000,4360.0000,4360.0000,50.0000,,,,,,,,155.0000,195.0000,,,,,,,yahoo
ULTRACEMCO,2026-08-04,11927.0000,11988.0000,11912.0000,11979.0000,6665.0000,11968.5023,12005.0000,11925.0000,12005.0000,12050.0000,,,,,,,,,,,,,,,,,yahoo
UNIONBANK,2026-08-04,172.6900,174.7200,172.6900,173.6900,636537.0000,173.8630,175.2000,172.9300,173.4200,174.0000,15.0000,20.0000,,,,,,,,,,,,,,,yahoo
UNITDSPR,2026-08-04,1526.4000,1541.7000,1523.0000,1534.5000,114197.0000,1534.2535,1547.9000,1521.7000,1524.8000,1525.0000,5.0000,15.0000,,,,,,,240.0000,255.0000,,,,,,,yahoo
VBL,2026-08-04,444.4500,446.4500,441.5000,445.6500,545805.0000,443.9666,447.1000,439.1000,440.2000,439.0000,,,,,,,,,135.0000,150.0000,150.0000,315.0000,,,,,yahoo
VEDL,2026-08-04,267.8500,271.8500,266.1000,270.3000,3027592.0000,270.5728,270.7500,267.2500,269.0000,269.0000,,,,,,,,,25.0000,30.0000,155.0000,,,,,,yahoo
WIPRO,2026-08-04,188.9900,189.1700,186.9300,188.1200,1152349.0000,187.9339,188.4000,187.3000,187.7600,186.3000,,,,,,,,,,,,,,,,,yahoo
ZYDUSLIFE,2026-08-04,1117.9000,1122.6000,1116.0000,1120.8000,90859.0000,1119.7919,1128.6000,1114.3000,1120.4000,1130.0000,95.0000,,,,,,,,235.0000,,,,,,,,yahoo
ABB,2026-08-05,7778.0000,7831.5000,7735.0000,7790.0000,49825.0000,7786.8414,7798.5000,7676.0000,7720.0000,7690.5000,,,,,,,,,10.0000,105.0000,130.0000,140.0000,,,,,yahoo
ADANIENSOL,2026-08-05,1651.1000,1655.8000,1646.8000,1649.7000,94659.0000,1650.8729,1651.5000,1631.0000,1632.5000,1642.0000,,,,,,,,,50.0000,85.0000,90.0000,,,,,,yahoo
ADANIENT,2026-08-05,3057.0000,3085.0000,3056.1001,3072.1001,107601.0000,3075.0099,3074.3999,3037.5000,3050.0000,3050.0000,,,,,,,,,15.0000,50.0000,240.0000,,,,,,yahoo
ADANIGREEN,2026-08-05,1393.2000,1405.6000,1393.0000,1394.8000,134650.0000,1398.6409,1397.6000,1373.3000,1375.0000,1380.0000,,,,,,,,,15.0000,85.0000,115.0000,275.0000,275.0000,,,,yahoo
ADANIPORTS,2026-08-05,1706.2000,1710.7000,1692.3000,1709.0000,92113.0000,1705.9386,1710.0000,1688.3000,1695.8000,1700.0000,,,,,,,,,45.0000,100.0000,175.0000,,,,,,yahoo
ADANIPOWER,2026-08-05,210.9500,211.1900,210.1800,210.5700,1291033.0000,210.6491,210.7000,207.0000,207.4500,208.9900,,,,,,,,,35.0000,45.0000,50.0000,90.0000,240.0000,,,,yahoo
AMBUJACEM,2026-08-05,439.3500,444.6000,439.3500,443.4000,723933.0000,443.1762,450.0500,442.2500,443.0000,445.0000,15.0000,20.0000,20.0000,30.0000,,,,,,,,,,,,,yahoo
APOLLOHOSP,2026-08-05,8926.5000,8948.5000,8822.0000,8864.5000,44547.0000,8851.0362,8967.5000,8845.0000,8910.0000,8910.0000,70.0000,75.0000,80.0000,,,,,,,,,,,,,,yahoo
ASIANPAINT,2026-08-05,2773.1001,2778.3000,2753.3000,2766.5000,49504.0000,2765.0822,2771.7000,2748.8000,2757.0000,2760.0000,,,,,,,,,65.0000,,,,,,,,yahoo
AXISBANK,2026-08-05,1256.0000,1262.4000,1252.1000,1257.0000,475469.0000,1255.7494,1257.6000,1246.2000,1255.0000,1253.9000,,,,,,,,,45.0000,50.0000,,,,,,,yahoo
BAJAJ-AUTO,2026-08-05,11619.0000,11649.0000,11604.0000,11623.0000,23708.0000,11624.9457,11800.0000,11582.0000,11800.0000,11800.0000,50.0000,55.0000,75.0000,330.0000,330.0000,,,,,,,,,,,,yahoo
BAJAJFINSV,2026-08-05,2099.2000,2118.1001,2089.2000,2110.8000,140911.0000,2109.8263,2111.0000,2076.1001,2080.0000,2086.0000,,,,,,,,,25.0000,55.0000,120.0000,320.0000,325.0000,,,,yahoo
BAJAJHLDNG,2026-08-05,11450.0000,11624.0000,11450.0000,11528.0000,6571.0000,11578.3805,11568.0000,11419.0000,11496.0000,11496.0000,,,,,,,,,10.0000,110.0000,,,,,,,yahoo
BAJFINANCE,2026-08-05,1151.3000,1166.0000,1151.3000,1159.1000,565979.0000,1160.1651,1163.5000,1145.2000,1153.3000,1158.8000,,,,,,,,,165.0000,195.0000,210.0000,,,,,,yahoo
BANKBARODA,2026-08-05,247.3400,249.7900,247.2600,249.2500,1415672.0000,249.2198,249.5200,245.9000,246.2000,245.6000,,,,,,,,,45.0000,50.0000,225.0000,285.0000,,,,,yahoo
BEL,2026-08-05,392.7000,392.7000,390.6000,390.6500,777520.0000,390.9811,390.8000,385.2500,389.0000,390.0000,,,,,,,,,90.0000,90.0000,120.0000,180.0000,,,,,yahoo
BHARTIARTL,2026-08-05,2020.0000,2020.0000,1962.0000,1964.5000,2262889.0000,1973.6335,1978.5000,1951.9000,1961.2000,1978.0000,15.0000,,,,,,,,280.0000,,,,,,,,yahoo
BOSCHLTD,2026-08-05,41410.0000,42490.0000,41395.0000,42340.0000,11059.0000,42155.1872,43640.0000,42235.0000,42920.0000,42920.0000,15.0000,40.0000,45.0000,55.0000,60.0000,65.0000,65.0000,80.0000,,,,,,,,,yahoo
BPCL,2026-08-05,326.4500,327.9000,324.5500,326.9000,521430.0000,326.6942,327.9500,325.0500,326.2500,326.2500,,,,,,,,,240.0000,,,,,,,,yahoo
BRITANNIA,2026-08-05,5432.5000,5445.0000,5410.5000,5441.0000,23537.0000,5423.6316,5488.0000,5429.5000,5440.0000,5440.0000,130.0000,150.0000,,,,,,,,,,,,,,,yahoo
CANBK,2026-08-05,128.9100,130.0200,128.4100,129.6600,4854902.0000,129.5583,129.8500,128.4600,128.6000,128.9100,,,,,,,,,45.0000,50.0000,,,,,,,yahoo
CGPOWER,2026-08-05,888.5500,891.6500,882.0500,884.6000,272675.0000,884.6702,884.6000,878.0000,883.9000,889.5000,,,,,,,,,10.0000,,,,,,,,yahoo
CHOLAFIN,2026-08-05,1893.1000,1906.7000,1879.7000,1890.8000,65525.0000,1893.0693,1891.8000,1868.8000,1880.0000,1880.0000,,,,,,,,,10.0000,15.0000,85.0000,,,,,,yahoo
CIPLA,2026-08-05,1454.0000,1457.6000,1444.0000,1446.8000,79892.0000,1448.5197,1462.8000,1444.0000,1460.0000,1458.8000,75.0000,260.0000,285.0000,,,,,,,,,,,,,,yahoo
COALINDIA,2026-08-05,417.3000,417.3000,413.5000,414.5500,220454.0000,414.3360,415.1000,411.7000,413.8000,415.5000,,,,,,,,,115.0000,,,,,,,,yahoo
CUMMINSIND,2026-08-05,5538.0000,5589.5000,5468.5000,5552.0000,44266.0000,5553.5454,5572.5000,5346.0000,5401.0000,5440.0000,,,,,,,,,125.0000,175.0000,175.0000,180.0000,200.0000,205.0000,210.0000,285.0000,yahoo
DIVISLAB,2026-08-05,8415.5000,8431.5000,8365.0000,8397.5000,29922.0000,8382.8842,8419.5000,8334.0000,8389.0000,8388.0000,,,,,,,,,10.0000,25.0000,,,,,,,yahoo
DLF,2026-08-05,651.1500,665.8000,650.6000,663.5000,1426696.0000,661.9240,665.8000,650.7500,652.0000,649.1000,,,,,,,,,155.0000,175.0000,225.0000,240.0000,285.0000,,,,yahoo
DMART,2026-08-05,4009.0000,4018.5000,3992.7000,4010.0000,25291.0000,4007.8784,4016.0000,3950.0000,3951.8999,3946.0000,,,,,,,,,50.0000,55.0000,275.0000,320.0000,,,,,yahoo
DRREDDY,2026-08-05,1171.0000,1171.0000,1159.6000,1165.2000,94943.0000,1162.8726,1178.1000,1162.7000,1178.0000,1176.0000,75.0000,90.0000,210.0000,,,,,,,,,,,,,,yahoo
EICHERMOT,2026-08-05,7935.5000,7981.0000,7907.5000,7968.0000,60653.0000,7956.0373,8018.0000,7931.5000,7979.0000,7986.5000,225.0000,,,,,,,,,,,,,,,,yahoo
ENRIN,2026-08-05,3340.0000,3364.6001,3316.3000,3347.8999,35450.0000,3341.6200,3348.0000,3267.1001,3288.5000,3289.8000,,,,,,,,,10.0000,10.0000,60.0000,75.0000,105.0000,110.0000,,,yahoo
ETERNAL,2026-08-05,313.9000,314.6500,311.9500,313.3500,1231928.0000,313.3466,314.5000,309.9000,311.0000,310.3500,,,,,,,,,110.0000,170.0000,320.0000,,,,,,yahoo
GAIL,2026-08-05,176.2100,177.1400,174.1200,174.5800,1676829.0000,175.7062,175.4500,173.2900,175.0000,176.9600,,,,,,,,,115.0000,,,,,,,,yahoo
GODREJCP,2026-08-05,1068.7000,1077.0000,1062.7000,1074.1000,47463.0000,1071.7721,1076.9000,1063.0000,1069.0000,1069.0000,,,,,,,,,15.0000,40.0000,45.0000,,,,,,yahoo
GRASIM,2026-08-05,3145.0000,3172.5000,3136.7000,3172.0000,47027.0000,3160.4348,3227.8999,3159.7000,3224.0000,3224.0000,70.0000,75.0000,80.0000,80.0000,85.0000,,,,,,,,,,,,yahoo
HAL,2026-08-05,4644.3999,4671.7998,4644.3999,4650.5000,44524.0000,4656.1420,4653.0000,4603.2998,4637.0000,4645.0000,,,,,,,,,25.0000,90.0000,90.0000,,,,,,yahoo
HCLTECH,2026-08-05,1370.4000,1371.4000,1360.5000,1362.0000,111705.0000,1364.6029,1364.0000,1337.3000,1350.0000,1350.0000,,,,,,,,,15.0000,30.0000,35.0000,240.0000,270.0000,,,,yahoo
HDFCAMC,2026-08-05,2562.0000,2578.2000,2552.0000,2577.1001,48771.0000,2570.7375,2579.0000,2541.1001,2562.0000,2562.0000,,,,,,,,,15.0000,25.0000,240.0000,310.0000,,,,,yahoo
HDFCBANK,2026-08-05,733.8000,740.4500,733.8000,738.5500,5220184.0000,738.6872,741.9500,732.6500,735.0000,735.0000,,,,,,,,,170.0000,290.0000,,,,,,,yahoo
HDFCLIFE,2026-08-05,537.6500,545.3000,536.4000,544.5000,1712553.0000,541.1966,546.6000,540.2000,540.2000,545.0000,,,,,,,,,10.0000,330.0000,,,,,,,yahoo
HINDALCO,2026-08-05,1026.2000,1026.6000,1019.2000,1024.5000,454507.0000,1022.2977,1040.0000,1011.3500,1040.0000,1040.0000,285.0000,310.0000,310.0000,325.0000,330.0000,,,,15.0000,30.0000,70.0000,95.0000,,,,,yahoo
HINDUNILVR,2026-08-05,2090.3000,2096.3000,2076.5000,2094.0000,76516.0000,2088.5183,2096.8999,2074.2000,2085.0000,2085.3000,,,,,,,,,35.0000,175.0000,,,,,,,yahoo
HINDZINC,2026-08-05,570.0000,571.9000,568.0500,569.0000,553603.0000,570.2909,598.0000,568.4500,596.7000,596.9500,35.0000,60.0000,65.0000,155.0000,160.0000,165.0000,170.0000,280.0000,,,,,,,,,yahoo
HYUNDAI,2026-08-05,2211.0000,2223.3000,2195.8999,2220.1001,37913.0000,2216.6347,2226.6001,2192.8000,2204.6001,2218.5000,,,,,,,,,65.0000,185.0000,240.0000,,,,,,yahoo
ICICIBANK,2026-08-05,1447.3000,1454.0000,1447.3000,1450.0000,544320.0000,1450.0250,1451.9000,1431.2000,1450.1000,1450.1000,,,,,,,,,150.0000,175.0000,185.0000,210.0000,,,,,yahoo
INDHOTEL,2026-08-05,749.2000,752.7000,746.1000,750.3500,127648.0000,749.4276,751.1000,734.0000,734.5500,741.0500,,,,,,,,,100.0000,105.0000,110.0000,115.0000,225.0000,240.0000,,,yahoo
INDIGO,2026-08-05,5434.0000,5507.0000,5421.0000,5432.5000,209641.0000,5451.5760,5444.0000,5368.0000,5418.5000,5400.0000,,,,,,,,,45.0000,130.0000,145.0000,,,,,,yahoo
INFY,2026-08-05,1171.2000,1177.2000,1165.6000,1169.5000,827741.0000,1168.6218,1174.0000,1162.4000,1174.0000,1174.0000,,,,,,,,,10.0000,,,,,,,,yahoo
IOC,2026-08-05,143.9000,144.5400,143.5500,144.1900,1713863.0000,144.0763,144.3100,142.9500,143.1700,144.0000,,,,,,,,,130.0000,240.0000,,,,,,,yahoo
IRFC,2026-08-05,89.8000,90.5600,89.8000,90.1800,786437.0000,90.2937,90.2000,88.6700,88.9000,88.9000,,,,,,,,,25.0000,50.0000,90.0000,105.0000,115.0000,,,,yahoo
ITC,2026-08-05,288.1000,288.1000,286.6000,287.3500,665862.0000,287.0172,287.5000,285.0500,287.0000,286.9500,,,,,,,,,20.0000,110.0000,,,,,,,yahoo
JINDALSTEL,2026-08-05,1123.9000,1126.5000,1119.5000,1121.1000,46688.0000,1121.7611,1125.7000,1114.4000,1114.4000,1113.4000,,,,,,,,,15.0000,,,,,,,,yahoo
JIOFIN,2026-08-05,266.2500,268.1500,265.8500,266.6500,4087484.0000,266.8801,267.9000,260.9500,261.9500,261.9500,,,,,,,,,40.0000,45.0000,50.0000,50.0000,110.0000,175.0000,,,yahoo
JSWSTEEL,2026-08-05,1300.0000,1300.9000,1292.8000,1295.3000,80667.0000,1296.6656,1331.0000,1285.4000,1330.0000,1330.0000,75.0000,200.0000,205.0000,260.0000,265.0000,280.0000,325.0000,,10.0000,25.0000,,,,,,,yahoo
KOTAKBANK,2026-08-05,395.1000,397.7500,394.4000,397.2500,571733.0000,397.1292,398.2000,394.4500,398.2000,400.0000,,,,,,,,,45.0000,,,,,,,,yahoo
LODHA,2026-08-05,1244.7000,1262.3000,1243.8000,1256.0000,367581.0000,1255.5130,1263.0000,1241.0000,1250.0000,1250.0000,35.0000,,,,,,,,175.0000,300.0000,325.0000,,,,,,yahoo
LT,2026-08-05,4039.5000,4070.8000,4039.5000,4070.5000,210131.0000,4062.4550,4073.5000,4034.3000,4050.0000,4057.0000,,,,,,,,,10.0000,275.0000,,,,,,,yahoo
LTM,2026-08-05,4589.0000,4601.0000,4561.7998,4573.0000,19026.0000,4575.2085,4575.7998,4503.5000,4527.6001,4506.0000,,,,,,,,,25.0000,105.0000,195.0000,240.0000,275.0000,,,,yahoo
M&M,2026-08-05,3467.2000,3483.8999,3442.8000,3472.8999,243281.0000,3475.1500,3485.8000,3445.3000,3460.0000,3455.3999,,,,,,,,,15.0000,15.0000,,,,,,,yahoo
MARUTI,2026-08-05,14228.0000,14246.0000,14195.0000,14195.0000,22459.0000,14223.9451,14216.0000,14090.0000,14165.0000,14190.0000,,,,,,,,,130.0000,,,,,,,,yahoo
MAXHEALTH,2026-08-05,1083.5000,1083.5000,1067.0000,1075.7000,97718.0000,1070.3424,1081.5000,1067.8000,1074.3000,1080.0000,80.0000,,,,,,,,40.0000,,,,,,,,yahoo
MAZDOCK,2026-08-05,2395.7000,2424.0000,2395.7000,2413.7000,127889.0000,2415.3489,2417.6001,2368.8000,2375.0000,2380.5000,,,,,,,,,25.0000,45.0000,90.0000,110.0000,130.0000,,,,yahoo
MOTHERSON,2026-08-05,151.8700,153.7800,151.1600,153.3700,2233563.0000,152.9181,156.3200,152.8600,154.5600,154.3500,75.0000,85.0000,95.0000,265.0000,265.0000,,,,,,,,,,,,yahoo
MUTHOOTFIN,2026-08-05,2912.0000,2952.3000,2903.2000,2940.6001,250399.0000,2934.2310,2941.8999,2889.7000,2900.0000,2892.0000,,,,,,,,,15.0000,20.0000,35.0000,115.0000,125.0000,,,,yahoo
NESTLEIND,2026-08-05,1506.0000,1512.4000,1488.1000,1508.2000,414963.0000,1502.2369,1523.1000,1500.8000,1520.3000,1520.0000,20.0000,95.0000,,,,,,,,,,,,,,,yahoo
NTPC,2026-08-05,343.4500,347.6000,342.8500,346.7500,2048701.0000,346.1223,349.0000,344.1500,348.2500,349.9000,330.0000,,,,,,,,170.0000,,,,,,,,yahoo
ONGC,2026-08-05,244.8000,244.8000,240.3200,241.3500,2538447.0000,241.1073,241.6900,239.1400,239.4000,240.2000,,,,,,,,,60.0000,105.0000,,,,,,,yahoo
PFC,2026-08-05,421.0000,422.8000,418.7500,419.0000,513033.0000,419.6418,419.9500,414.6000,416.8000,418.0000,,,,,,,,,60.0000,80.0000,95.0000,,,,,,yahoo
PIDILITIND,2026-08-05,1639.0000,1657.8000,1614.4000,1654.4000,344073.0000,1641.5926,1661.4000,1632.1000,1645.9000,1665.0000,,,,,,,,,30.0000,35.0000,35.0000,50.0000,,,,,yahoo
PNB,2026-08-05,114.1000,115.1300,114.1000,114.8100,2339418.0000,114.8060,114.9600,113.3000,113.5500,113.5500,,,,,,,,,50.0000,115.0000,180.0000,325.0000,,,,,yahoo
POWERGRID,2026-08-05,283.9000,284.9500,283.4000,284.5500,652318.0000,284.3673,285.1000,281.3500,282.0000,281.7500,,,,,,,,,45.0000,85.0000,170.0000,,,,,,yahoo
RECLTD,2026-08-05,370.5500,371.9500,369.1500,369.2000,169747.0000,370.3615,369.9000,363.7000,365.6500,366.0000,,,,,,,,,45.0000,80.0000,105.0000,185.0000,,,,,yahoo
RELIANCE,2026-08-05,1297.9000,1298.2000,1292.8000,1293.6000,668700.0000,1295.2284,1294.1000,1271.4000,1280.0000,1280.0000,,,,,,,,,135.0000,185.0000,230.0000,265.0000,300.0000,,,,yahoo
SBILIFE,2026-08-05,1875.0000,1886.3000,1869.3000,1883.7000,55117.0000,1878.8490,1894.9000,1874.2000,1890.0000,1879.9000,95.0000,,,,,,,,300.0000,,,,,,,,yahoo
SBIN,2026-08-05,1043.7000,1049.4000,1040.5000,1047.3000,846646.0000,1045.7983,1054.9000,1044.3000,1053.5000,1055.0000,40.0000,,,,,,,,,,,,,,,,yahoo
SHREECEM,2026-08-05,27015.0000,27310.0000,26965.0000,27070.0000,1980.0000,27098.6776,27545.0000,26765.0000,26790.0000,26900.0000,80.0000,80.0000,80.0000,85.0000,90.0000,,,,255.0000,300.0000,320.0000,,,,,,yahoo
SHRIRAMFIN,2026-08-05,1094.0000,1104.2000,1093.4000,1098.9000,499398.0000,1096.9356,1117.0000,1093.4000,1116.0000,1122.4000,25.0000,30.0000,300.0000,305.0000,315.0000,,,,10.0000,,,,,,,,yahoo
SIEMENS,2026-08-05,4046.5000,4069.8999,4035.0000,4045.5000,57952.0000,4048.1873,4055.3999,3956.6001,3970.0000,3980.0000,,,,,,,,,55.0000,55.0000,115.0000,130.0000,140.0000,240.0000,,,yahoo
SOLARINDS,2026-08-05,18781.0000,18885.0000,18663.0000,18854.0000,9313.0000,18784.2004,18844.0000,18368.0000,18400.0000,18400.0000,,,,,,,,,10.0000,15.0000,125.0000,140.0000,175.0000,275.0000,330.0000,,yahoo
SUNPHARMA,2026-08-05,1958.6000,1962.1000,1936.9000,1939.7000,126836.0000,1939.6853,1953.8000,1934.4000,1947.0000,1940.0000,70.0000,,,,,,,,,,,,,,,,yahoo
TATACAP,2026-08-05,362.9500,363.7000,360.4000,361.0000,73170.0000,361.6691,375.1000,360.6000,371.5000,371.5500,50.0000,50.0000,50.0000,185.0000,190.0000,195.0000,210.0000,290.0000,,,,,,,,,yahoo
TATACONSUM,2026-08-05,1089.3000,1093.2000,1083.7000,1093.2000,93673.0000,1089.4802,1094.9000,1083.5000,1091.0000,1096.3000,,,,,,,,,20.0000,35.0000,,,,,,,yahoo
TATAPOWER,2026-08-05,381.9000,383.2000,381.7500,381.9000,153682.0000,382.4491,382.4000,378.6500,380.9000,383.0000,,,,,,,,,85.0000,140.0000,,,,,,,yahoo
TATASTEEL,2026-08-05,192.2500,192.2500,190.7600,191.4900,1370448.0000,191.2988,192.9900,189.9000,192.9900,192.9900,205.0000,330.0000,,,,,,,15.0000,130.0000,,,,,,,yahoo
TCS,2026-08-05,2458.5000,2460.0000,2435.0000,2443.3999,272650.0000,2439.7159,2446.3999,2408.0000,2419.5000,2413.0000,,,,,,,,,25.0000,170.0000,195.0000,255.0000,,,,,yahoo
TECHM,2026-08-05,1654.0000,1660.0000,1647.7000,1653.5000,125408.0000,1652.8697,1664.4000,1639.1000,1645.0000,1650.0000,75.0000,,,,,,,,260.0000,270.0000,,,,,,,yahoo
TITAN,2026-08-05,4908.6001,4908.7002,4884.1001,4899.0000,35997.0000,4901.1182,4920.3999,4894.1001,4919.8999,4912.3999,,,,,,,,,,,,,,,,,yahoo
TMCV,2026-08-05,451.8500,460.4500,451.8500,459.7500,1490214.0000,459.3570,462.2000,449.0000,449.3500,450.2000,50.0000,,,,,,,,10.0000,105.0000,110.0000,130.0000,240.0000,255.0000,,,yahoo
TMPV,2026-08-05,348.5000,352.4000,347.9000,350.4000,1138339.0000,351.5161,353.1000,346.6000,347.1500,349.8000,35.0000,35.0000,,,,,,,125.0000,240.0000,325.0000,,,,,,yahoo
TORNTPHARM,2026-08-05,5030.0000,5036.0000,4976.5000,4993.5000,30760.0000,4986.3699,5015.5000,4946.5000,5000.0000,5000.0000,,,,,,,,,35.0000,45.0000,,,,,,,yahoo
TRENT,2026-08-05,3099.8000,3134.0000,3084.5000,3128.8000,127915.0000,3120.2135,3137.3999,3083.6001,3129.0000,3129.0000,,,,,,,,,135.0000,165.0000,170.0000,200.0000,,,,,yahoo
TVSMOTOR,2026-08-05,4396.6001,4436.8999,4367.2998,4428.3999,181788.0000,4418.2221,4455.2002,4403.7002,4455.2002,4455.2002,245.0000,,,,,,,,120.0000,,,,,,,,yahoo
ULTRACEMCO,2026-08-05,12010.0000,12059.0000,11987.0000,12059.0000,5613.0000,12038.7677,12234.0000,12005.0000,12192.0000,12190.0000,70.0000,85.0000,85.0000,90.0000,,,,,,,,,,,,,yahoo
UNIONBANK,2026-08-05,174.5500,178.2000,174.5500,177.3300,3633115.0000,177.1194,177.5500,174.3200,174.6300,175.8000,,,,,,,,,30.0000,45.0000,50.0000,50.0000,50.0000,,,,yahoo
UNITDSPR,2026-08-05,1530.7000,1539.0000,1520.1000,1536.8000,38927.0000,1528.0437,1540.0000,1525.0000,1525.0000,1520.0000,,,,,,,,,45.0000,70.0000,,,,,,,yahoo
VBL,2026-08-05,441.0500,444.5000,441.0500,444.0000,261527.0000,443.1264,445.2000,437.2000,438.0000,437.0000,,,,,,,,,105.0000,120.0000,190.0000,275.0000,300.0000,,,,yahoo
VEDL,2026-08-05,270.0500,271.0000,268.5500,269.6000,771601.0000,269.6006,277.2000,267.7500,277.0000,277.0000,165.0000,185.0000,315.0000,315.0000,315.0000,320.0000,320.0000,,15.0000,,,,,,,,yahoo
WIPRO,2026-08-05,187.0000,188.4600,187.0000,187.8300,880902.0000,187.9381,187.8400,186.0700,187.0000,186.9900,,,,,,,,,30.0000,175.0000,,,,,,,yahoo
ZYDUSLIFE,2026-08-05,1119.5000,1119.5000,1104.0000,1113.5000,88952.0000,1108.0882,1123.3000,1109.3000,1121.1000,1121.1000,70.0000,80.0000,,,,,,,,,,,,,,,yahoo
ABB,2026-08-06,7735.0000,7768.0000,7680.0000,7748.0000,20914.0000,7740.5300,7784.0000,7707.5000,7726.0000,7735.0000,,,,,,,,,280.0000,,,,,,,,yahoo
ADANIENSOL,2026-08-06,1630.6000,1635.0000,1618.7000,1631.2000,84020.0000,1629.5347,1636.2000,1604.0000,1620.0000,1620.0000,,,,,,,,,300.0000,310.0000,315.0000,320.0000,320.0000,,,,yahoo
ADANIENT,2026-08-06,3052.8999,3055.0000,3036.0000,3053.3000,56695.0000,3051.3238,3071.8000,3025.7000,3027.0000,3026.0000,50.0000,,,,,,,,220.0000,295.0000,,,,,,,yahoo
ADANIGREEN,2026-08-06,1382.0000,1382.0000,1371.0000,1375.8000,78762.0000,1376.4949,1384.8000,1370.0000,1372.9000,1371.5000,30.0000,,,,,,,,,,,,,,,,yahoo
ADANIPORTS,2026-08-06,1703.8000,1705.8000,1693.9000,1700.3000,81935.0000,1701.3261,1705.1000,1688.9000,1696.0000,1695.0000,,,,,,,,,245.0000,,,,,,,,yahoo
ADANIPOWER,2026-08-06,208.2300,208.2500,206.7100,206.8800,1514778.0000,207.2378,210.1300,206.7500,208.5800,208.1200,30.0000,100.0000,100.0000,100.0000,110.0000,,,,,,,,,,,,yahoo
AMBUJACEM,2026-08-06,445.3000,445.3000,438.8000,439.9000,788946.0000,440.2910,441.1000,436.0000,436.3500,436.5000,,,,,,,,,210.0000,325.0000,,,,,,,yahoo
APOLLOHOSP,2026-08-06,8920.5000,8982.5000,8920.5000,8979.5000,20646.0000,8967.0305,9014.5000,8880.0000,8909.0000,8974.5000,,,,,,,,,120.0000,210.0000,230.0000,,,,,,yahoo
ASIANPAINT,2026-08-06,2782.0000,2782.0000,2764.0000,2766.1001,59503.0000,2771.2204,2767.3000,2741.8999,2755.0000,2755.0000,,,,,,,,,20.0000,215.0000,,,,,,,yahoo
AXISBANK,2026-08-06,1256.9000,1258.9000,1253.6000,1254.6000,206230.0000,1255.6551,1259.4000,1248.3000,1256.0000,1256.0000,,,,,,,,,25.0000,,,,,,,,yahoo
BAJAJ-AUTO,2026-08-06,11735.0000,11778.0000,11700.0000,11754.0000,18862.0000,11752.3465,11755.0000,11552.0000,11587.0000,11620.0000,,,,,,,,,20.0000,110.0000,150.0000,200.0000,225.0000,,,,yahoo
BAJAJFINSV,2026-08-06,2070.7000,2091.0000,2069.8999,2089.1001,70480.0000,2085.7568,2102.7000,2076.2000,2084.5000,2086.0000,255.0000,,,,,,,,120.0000,,,,,,,,yahoo
BAJAJHLDNG,2026-08-06,11457.0000,11566.0000,11409.0000,11550.0000,9664.0000,11497.8245,11583.0000,11387.0000,11387.0000,11387.0000,,,,,,,,,255.0000,315.0000,320.0000,325.0000,,,,,yahoo
BAJFINANCE,2026-08-06,1155.5000,1157.1000,1144.8000,1151.3000,647895.0000,1151.4370,1159.7000,1148.1000,1152.0000,1144.8000,5.0000,,,,,,,,,,,,,,,,yahoo
BANKBARODA,2026-08-06,246.8900,247.7800,245.9000,247.5000,826154.0000,246.9787,250.5900,246.4100,249.8800,251.0000,240.0000,265.0000,275.0000,,,,,,,,,,,,,,yahoo
BEL,2026-08-06,389.6500,393.9000,389.5000,393.8000,1747269.0000,392.7924,400.7000,393.4500,399.5000,399.2000,10.0000,90.0000,95.0000,185.0000,220.0000,,,,,,,,,,,,yahoo
BHARTIARTL,2026-08-06,1967.8000,1967.8000,1955.0000,1961.6000,319750.0000,1962.4154,1969.4000,1944.5000,1948.1000,1948.0000,,,,,,,,,290.0000,320.0000,,,,,,,yahoo
BOSCHLTD,2026-08-06,42865.0000,42865.0000,42185.0000,42215.0000,4839.0000,42316.1576,42370.0000,41875.0000,42300.0000,42000.0000,,,,,,,,,75.0000,80.0000,,,,,,,yahoo
BPCL,2026-08-06,326.5000,326.5000,323.6500,324.7000,276433.0000,324.7554,327.0000,322.7000,325.0000,323.7000,140.0000,,,,,,,,35.0000,,,,,,,,yahoo
BRITANNIA,2026-08-06,5439.5000,5443.0000,5419.5000,5429.5000,16957.0000,5428.6133,5435.0000,5365.0000,5429.0000,5404.0000,,,,,,,,,55.0000,195.0000,200.0000,,,,,,yahoo
CANBK,2026-08-06,128.9400,129.3300,128.3300,129.3000,1368014.0000,129.0476,131.7400,129.1000,131.7100,131.7000,170.0000,265.0000,280.0000,285.0000,310.0000,,,,,,,,,,,,yahoo
CGPOWER,2026-08-06,878.8000,885.9000,874.2000,881.2000,157144.0000,881.8036,885.5000,875.2500,876.0000,876.0000,,,,,,,,,210.0000,,,,,,,,yahoo
CHOLAFIN,2026-08-06,1889.0000,1896.0000,1872.1000,1895.4000,99766.0000,1881.6099,1952.4000,1894.4000,1940.0000,1940.0000,45.0000,60.0000,65.0000,75.0000,100.0000,110.0000,160.0000,200.0000,,,,,,,,,yahoo
CIPLA,2026-08-06,1464.0000,1480.1000,1463.7000,1477.6000,199928.0000,1476.2727,1487.8000,1472.4000,1474.0000,1477.0000,35.0000,,,,,,,,,,,,,,,,yahoo
COALINDIA,2026-08-06,414.2000,414.8000,413.1000,414.8000,206627.0000,414.1420,415.4500,412.3000,412.7500,415.6000,,,,,,,,,245.0000,,,,,,,,yahoo
CUMMINSIND,2026-08-06,5256.0000,5399.0000,5187.5000,5378.0000,406827.0000,5355.2548,5454.0000,5340.0000,5402.0000,5402.0000,20.0000,25.0000,25.0000,35.0000,,,,,210.0000,,,,,,,,yahoo
DIVISLAB,2026-08-06,8394.0000,8417.0000,8380.5000,8407.5000,35469.0000,8403.3459,8448.0000,8280.0000,8349.0000,8349.0000,,,,,,,,,265.0000,295.0000,315.0000,325.0000,330.0000,,,,yahoo
DLF,2026-08-06,650.3500,650.3500,636.3000,641.8000,657409.0000,640.3476,650.4500,640.3500,644.0000,642.0000,10.0000,10.0000,10.0000,15.0000,,,,,,,,,,,,,yahoo
DMART,2026-08-06,3953.8999,3972.1001,3929.0000,3966.3999,38034.0000,3947.2893,3978.3999,3931.2000,3931.2000,3931.2000,,,,,,,,,215.0000,325.0000,,,,,,,yahoo
DRREDDY,2026-08-06,1174.2000,1174.2000,1167.5000,1167.6000,79744.0000,1170.5777,1174.0000,1163.0000,1171.0000,1171.0000,330.0000,,,,,,,,,,,,,,,,yahoo
EICHERMOT,2026-08-06,7971.0000,8044.0000,7971.0000,8035.0000,49575.0000,8025.9163,8040.0000,7896.5000,7924.5000,7967.5000,,,,,,,,,120.0000,140.0000,160.0000,210.0000,210.0000,,,,yahoo
ENRIN,2026-08-06,3288.8999,3288.8999,3218.5000,3236.5000,59680.0000,3233.0421,3274.0000,3227.5000,3246.0000,3250.0000,25.0000,65.0000,115.0000,,,,,,,,,,,,,,yahoo
ETERNAL,2026-08-06,311.0000,317.7000,310.1500,317.2000,3847013.0000,315.0722,319.7000,314.1000,316.5000,316.2500,45.0000,50.0000,,,,,,,10.0000,190.0000,,,,,,,yahoo
GAIL,2026-08-06,175.3200,177.6300,175.2500,176.8500,1962981.0000,176.9477,177.7000,175.2100,175.7500,176.4000,,,,,,,,,205.0000,320.0000,,,,,,,yahoo
GODREJCP,2026-08-06,1072.7000,1084.4000,1072.7000,1080.5000,31654.0000,1080.6756,1083.9000,1071.2000,1077.3000,1077.3000,,,,,,,,,65.0000,165.0000,,,,,,,yahoo
GRASIM,2026-08-06,3213.1001,3232.8000,3211.1001,3218.8999,27711.0000,3217.5670,3222.8999,3184.7000,3220.0000,3220.0000,,,,,,,,,120.0000,205.0000,215.0000,,,,,,yahoo
HAL,2026-08-06,4692.6001,4870.2998,4692.6001,4860.0000,1165803.0000,4829.8088,4949.3999,4858.2002,4934.0000,4920.0000,10.0000,10.0000,25.0000,185.0000,185.0000,,,,,,,,,,,,yahoo
HCLTECH,2026-08-06,1356.0000,1363.2000,1337.2000,1341.0000,285524.0000,1343.0515,1349.9000,1332.9000,1337.0000,1335.0000,280.0000,,,,,,,,125.0000,,,,,,,,yahoo
HDFCAMC,2026-08-06,2545.0000,2561.5000,2541.5000,2551.8999,24396.0000,2552.6921,2555.5000,2535.0000,2538.0000,2538.1001,,,,,,,,,115.0000,,,,,,,,yahoo
HDFCBANK,2026-08-06,738.6500,740.5000,735.5000,736.0000,2512633.0000,736.8019,738.6500,733.6000,734.0000,734.3000,,,,,,,,,,,,,,,,,yahoo
HDFCLIFE,2026-08-06,544.3000,544.3000,539.5000,540.2000,232411.0000,541.2233,544.9500,538.5000,543.0000,542.5000,130.0000,135.0000,,,,,,,,,,,,,,,yahoo
HINDALCO,2026-08-06,1041.0500,1043.1500,1016.2000,1021.8500,1292808.0000,1026.3558,1029.8000,1017.2000,1025.0000,1027.0000,30.0000,30.0000,,,,,,,,,,,,,,,yahoo
HINDUNILVR,2026-08-06,2082.7000,2088.8000,2076.3999,2083.3000,96633.0000,2080.0366,2094.0000,2078.5000,2085.0000,2079.5000,100.0000,,,,,,,,,,,,,,,,yahoo
HINDZINC,2026-08-06,604.4500,605.0500,593.3000,596.0000,1389504.0000,596.4700,598.8500,587.4500,590.3500,590.0000,,,,,,,,,185.0000,250.0000,270.0000,280.0000,,,,,yahoo
HYUNDAI,2026-08-06,2202.8000,2206.8000,2182.3000,2188.0000,77669.0000,2190.3720,2233.0000,2185.5000,2210.0000,2212.0000,20.0000,30.0000,65.0000,100.0000,110.0000,230.0000,,,,,,,,,,,yahoo
ICICIBANK,2026-08-06,1455.0000,1455.7000,1448.6000,1453.0000,539229.0000,1451.5993,1460.0000,1448.9000,1458.8000,1457.5000,,,,,,,,,,,,,,,,,yahoo
INDHOTEL,2026-08-06,737.6500,741.8000,736.0000,740.7000,62381.0000,738.9408,743.8000,732.0000,733.9000,736.0000,,,,,,,,,95.0000,145.0000,245.0000,,,,,,yahoo
INDIGO,2026-08-06,5403.5000,5416.0000,5385.5000,5404.0000,30842.0000,5397.9234,5409.0000,5315.0000,5329.5000,5318.5000,,,,,,,,,120.0000,135.0000,205.0000,220.0000,245.0000,,,,yahoo
INFY,2026-08-06,1175.0000,1185.5000,1170.0000,1172.5000,834113.0000,1174.1331,1174.9000,1163.5000,1165.5000,1165.0000,,,,,,,,,195.0000,320.0000,,,,,,,yahoo
IOC,2026-08-06,143.9900,143.9900,142.4100,143.0600,613319.0000,143.0114,144.7300,142.3000,142.6600,142.6600,130.0000,140.0000,140.0000,,,,,,25.0000,,,,,,,,yahoo
IRFC,2026-08-06,88.9900,89.1500,88.7900,89.0800,780513.0000,88.9749,89.8800,88.8100,89.2900,89.2900,260.0000,275.0000,,,,,,,,,,,,,,,yahoo
ITC,2026-08-06,286.2000,286.2000,285.2500,285.3500,497345.0000,285.7484,285.7500,283.8000,285.0500,285.9000,,,,,,,,,45.0000,,,,,,,,yahoo
JINDALSTEL,2026-08-06,1119.7000,1123.9000,1110.3000,1118.6000,118448.0000,1120.1048,1119.0000,1097.8000,1101.0000,1101.0000,,,,,,,,,15.0000,20.0000,40.0000,40.0000,75.0000,,,,yahoo
JIOFIN,2026-08-06,263.3000,266.2000,262.8000,263.3500,1782254.0000,263.9666,266.3500,260.7000,264.2000,263.1000,110.0000,110.0000,115.0000,,,,,,20.0000,20.0000,20.0000,,,,,,yahoo
JSWSTEEL,2026-08-06,1332.0000,1333.0000,1318.2000,1328.0000,180450.0000,1328.1233,1328.7000,1304.0000,1304.5000,1307.9000,,,,,,,,,15.0000,20.0000,205.0000,295.0000,325.0000,,,,yahoo
KOTAKBANK,2026-08-06,398.0000,398.0000,396.4000,397.3000,1380744.0000,397.0097,398.4000,393.7500,395.3500,394.0000,,,,,,,,,225.0000,270.0000,,,,,,,yahoo
LODHA,2026-08-06,1251.0000,1251.0000,1230.9000,1233.8000,149619.0000,1235.4698,1246.0000,1218.8000,1225.4000,1214.0000,10.0000,10.0000,,,,,,,200.0000,200.0000,220.0000,,,,,,yahoo
LT,2026-08-06,4059.0000,4066.7000,4048.8999,4063.0000,111122.0000,4062.9888,4070.0000,4045.0000,4060.0000,4061.8000,,,,,,,,,,,,,,,,,yahoo
LTM,2026-08-06,4535.6001,4591.1001,4490.0000,4508.1001,44470.0000,4517.2412,4578.7998,4466.8999,4528.0000,4528.0000,280.0000,285.0000,285.0000,285.0000,295.0000,,,,40.0000,70.0000,,,,,,,yahoo
M&M,2026-08-06,3447.8999,3447.8999,3421.2000,3429.3999,119716.0000,3428.1025,3447.3000,3410.0000,3414.0000,3406.0000,60.0000,,,,,,,,325.0000,,,,,,,,yahoo
MARUTI,2026-08-06,14119.0000,14150.0000,14089.0000,14127.0000,21411.0000,14119.8220,14150.0000,13985.0000,14034.0000,14080.0000,,,,,,,,,80.0000,165.0000,250.0000,,,,,,yahoo
MAXHEALTH,2026-08-06,1078.6000,1078.6000,1071.1000,1076.3000,53852.0000,1075.0527,1078.3000,1064.4000,1069.8000,1072.4000,,,,,,,,,70.0000,160.0000,185.0000,,,,,,yahoo
MAZDOCK,2026-08-06,2380.5000,2410.0000,2375.0000,2409.0000,121542.0000,2402.6936,2572.3000,2407.7000,2530.8999,2530.0000,10.0000,10.0000,10.0000,15.0000,20.0000,115.0000,125.0000,175.0000,,,,,,,,,yahoo
MOTHERSON,2026-08-06,155.2900,155.9000,154.5200,155.1000,2696557.0000,155.0106,157.8700,151.6100,153.9000,155.0000,55.0000,60.0000,65.0000,130.0000,130.0000,,,,20.0000,120.0000,120.0000,120.0000,120.0000,120.0000,,,yahoo
MUTHOOTFIN,2026-08-06,2950.8999,2959.3000,2935.2000,2954.0000,363974.0000,2947.4003,2957.3999,2882.0000,2891.0000,2894.2000,,,,,,,,,15.0000,20.0000,65.0000,115.0000,150.0000,310.0000,,,yahoo
NESTLEIND,2026-08-06,1530.4000,1534.7000,1521.9000,1527.8000,187308.0000,1526.2101,1535.0000,1518.5000,1535.0000,1535.0000,,,,,,,,,150.0000,,,,,,,,yahoo
NTPC,2026-08-06,348.0000,348.1000,346.2500,346.5000,262780.0000,346.5831,347.5500,343.1500,344.8500,345.0000,,,,,,,,,45.0000,65.0000,,,,,,,yahoo
ONGC,2026-08-06,240.0800,240.0800,238.0100,238.6000,1360659.0000,238.6547,238.8300,236.5500,237.4000,237.8000,,,,,,,,,20.0000,35.0000,,,,,,,yahoo
PFC,2026-08-06,416.1000,417.0500,414.3500,416.9000,298358.0000,415.7288,418.0000,412.9500,418.0000,418.0000,,,,,,,,,80.0000,165.0000,,,,,,,yahoo
PIDILITIND,2026-08-06,1656.7000,1664.6000,1653.9000,1656.9000,100291.0000,1656.9323,1686.4000,1655.2000,1668.6000,1686.0000,60.0000,85.0000,90.0000,90.0000,115.0000,,,,,,,,,,,,yahoo
PNB,2026-08-06,113.6300,114.5700,113.2000,114.3900,1574006.0000,114.1011,114.8400,113.9500,114.3000,114.3000,,,,,,,,,,,,,,,,,yahoo
POWERGRID,2026-08-06,280.0000,280.0000,272.3000,274.3000,2837764.0000,274.0684,274.8500,269.6500,270.9000,270.7500,,,,,,,,,65.0000,65.0000,70.0000,80.0000,305.0000,,,,yahoo
RECLTD,2026-08-06,367.0000,367.0000,363.6500,364.4500,248980.0000,364.4150,365.2500,361.5000,361.5000,361.5000,,,,,,,,,30.0000,160.0000,,,,,,,yahoo
RELIANCE,2026-08-06,1284.3000,1301.2000,1283.6000,1300.9000,1779967.0000,1298.5668,1324.7000,1298.2000,1321.9000,1325.0000,90.0000,95.0000,105.0000,130.0000,175.0000,,,,,,,,,,,,yahoo
SBILIFE,2026-08-06,1869.9000,1881.9000,1869.9000,1874.8000,19402.0000,1876.4139,1886.0000,1860.3000,1865.5000,1861.5000,90.0000,,,,,,,,185.0000,195.0000,,,,,,,yahoo
SBIN,2026-08-06,1054.0000,1064.0000,1052.8000,1063.2000,890595.0000,1060.9488,1087.8000,1055.0000,1085.6000,1085.0000,210.0000,215.0000,220.0000,225.0000,230.0000,255.0000,,,95.0000,120.0000,,,,,,,yahoo
SHREECEM,2026-08-06,26915.0000,26915.0000,26500.0000,26580.0000,1724.0000,26565.8459,26700.0000,26180.0000,26245.0000,26245.0000,,,,,,,,,195.0000,205.0000,210.0000,245.0000,270.0000,,,,yahoo
SHRIRAMFIN,2026-08-06,1130.0000,1144.0000,1120.9000,1143.9000,2139242.0000,1132.0324,1153.7000,1133.6000,1139.0000,1141.0000,40.0000,90.0000,,,,,,,255.0000,280.0000,,,,,,,yahoo
SIEMENS,2026-08-06,3990.0000,3999.0000,3950.3000,3985.0000,17534.0000,3975.9095,4019.0000,3950.5000,3955.0000,3952.0000,60.0000,60.0000,,,,,,,30.0000,250.0000,,,,,,,yahoo
SOLARINDS,2026-08-06,18435.0000,18685.0000,18366.0000,18615.0000,9800.0000,18610.3723,18820.0000,18496.0000,18496.0000,18496.0000,10.0000,10.0000,15.0000,,,,,,145.0000,,,,,,,,yahoo
SUNPHARMA,2026-08-06,1940.0000,1955.5000,1940.0000,1951.5000,110003.0000,1950.6480,1965.4000,1947.1000,1949.6000,1951.0000,30.0000,,,,,,,,,,,,,,,,yahoo
TATACAP,2026-08-06,373.1500,376.6000,372.0500,374.7000,288385.0000,374.4649,390.2000,371.0500,380.2000,382.7000,5.0000,170.0000,170.0000,170.0000,175.0000,175.0000,210.0000,215.0000,20.0000,50.0000,,,,,,,yahoo
TATACONSUM,2026-08-06,1090.5000,1095.0000,1090.5000,1094.9000,96256.0000,1093.0658,1101.0000,1088.0000,1090.0000,1090.0000,45.0000,,,,,,,,325.0000,,,,,,,,yahoo
TATAPOWER,2026-08-06,381.6000,381.6000,378.1500,379.2000,533450.0000,378.5900,379.5000,377.2000,378.5000,378.6000,,,,,,,,,80.0000,,,,,,,,yahoo
TATASTEEL,2026-08-06,193.4400,193.5700,191.1700,192.2000,2078507.0000,192.2370,192.1700,189.0200,189.5000,189.3000,,,,,,,,,20.0000,120.0000,190.0000,275.0000,330.0000,,,,yahoo
TCS,2026-08-06,2419.0000,2433.8999,2404.2000,2408.0000,274941.0000,2411.4916,2410.0000,2368.8999,2374.0000,2373.0000,,,,,,,,,160.0000,165.0000,290.0000,315.0000,320.0000,,,,yahoo
TECHM,2026-08-06,1653.4000,1669.8000,1651.6000,1657.8000,350270.0000,1660.2858,1659.8000,1631.0000,1634.8000,1632.2000,,,,,,,,,70.0000,215.0000,240.0000,275.0000,330.0000,,,,yahoo
TITAN,2026-08-06,4899.8999,5003.7002,4899.8999,4983.8999,162100.0000,4983.3605,4998.0000,4939.2002,4992.0000,4998.0000,,,,,,,,,250.0000,265.0000,,,,,,,yahoo
TMCV,2026-08-06,451.0000,456.0000,451.0000,453.9500,449479.0000,453.5788,461.7000,451.5500,459.1000,459.6500,55.0000,60.0000,215.0000,220.0000,305.0000,,,,20.0000,,,,,,,,yahoo
TMPV,2026-08-06,348.6500,348.6500,346.3000,347.2500,357866.0000,346.8743,347.7000,343.0000,343.5000,345.3500,,,,,,,,,20.0000,145.0000,320.0000,,,,,,yahoo
TORNTPHARM,2026-08-06,5018.5000,5029.0000,5006.0000,5012.5000,13538.0000,5018.0421,5024.0000,4937.5000,4967.5000,4956.0000,,,,,,,,,55.0000,70.0000,115.0000,120.0000,,,,,yahoo
TRENT,2026-08-06,3118.8999,3118.8999,3050.0000,3058.0000,157506.0000,3069.7719,3243.1001,3046.8000,3107.1001,3107.1001,40.0000,230.0000,230.0000,230.0000,230.0000,230.0000,230.0000,230.0000,,,,,,,,,yahoo
TVSMOTOR,2026-08-06,4413.2002,4436.8999,4390.1001,4415.2002,154018.0000,4410.0113,4427.6001,4372.5000,4400.2002,4375.0000,,,,,,,,,115.0000,120.0000,,,,,,,yahoo
ULTRACEMCO,2026-08-06,12155.0000,12165.0000,12115.0000,12151.0000,12460.0000,12138.0836,12201.0000,12020.0000,12082.0000,12075.0000,,,,,,,,,210.0000,325.0000,325.0000,,,,,,yahoo
UNIONBANK,2026-08-06,176.3200,177.2200,175.4100,177.0600,908151.0000,176.8221,182.0000,176.5300,181.4100,182.5000,155.0000,160.0000,160.0000,175.0000,225.0000,270.0000,305.0000,,,,,,,,,,yahoo
UNITDSPR,2026-08-06,1520.0000,1533.8000,1520.0000,1531.0000,35765.0000,1527.0990,1532.3000,1519.5000,1525.0000,1525.0000,,,,,,,,,25.0000,35.0000,,,,,,,yahoo
VBL,2026-08-06,437.7000,439.5500,437.5000,438.4500,265315.0000,438.2025,448.6000,438.8500,443.0500,444.0000,5.0000,5.0000,10.0000,70.0000,105.0000,130.0000,,,,,,,,,,,yahoo
VEDL,2026-08-06,280.8000,281.6000,277.1000,277.8000,3119151.0000,278.8828,279.7000,273.6500,274.6000,275.0000,60.0000,,,,,,,,20.0000,155.0000,165.0000,220.0000,,,,,yahoo
WIPRO,2026-08-06,186.0000,188.1900,185.8500,186.6600,790556.0000,186.4627,186.9000,185.4200,185.8400,186.1200,,,,,,,,,160.0000,,,,,,,,yahoo
ZYDUSLIFE,2026-08-06,1119.9000,1122.6000,1111.5000,1116.7000,38163.0000,1117.3818,1119.2000,1101.7000,1103.5000,1108.0000,,,,,,,,,135.0000,170.0000,175.0000,325.0000,,,,,yahoo
ABB,2026-08-07,7658.5000,7658.5000,7587.5000,7605.5000,31764.0000,7610.1781,7665.0000,7581.0000,7596.0000,7600.0000,85.0000,90.0000,,,,,,,,,,,,,,,yahoo
ADANIENSOL,2026-08-07,1619.5000,1619.5000,1606.6000,1618.6000,125618.0000,1613.0076,1646.6000,1617.1000,1619.0000,1630.1000,10.0000,45.0000,60.0000,60.0000,65.0000,,,,,,,,,,,,yahoo
ADANIENT,2026-08-07,3021.3999,3036.3000,3020.0000,3023.8999,78195.0000,3026.1584,3039.5000,3004.5000,3005.3999,3020.0000,105.0000,,,,,,,,320.0000,,,,,,,,yahoo
ADANIGREEN,2026-08-07,1373.5000,1378.5000,1368.4000,1371.3000,145185.0000,1372.3415,1389.8000,1365.7000,1370.0000,1372.4000,10.0000,10.0000,15.0000,65.0000,,,,,,,,,,,,,yahoo
ADANIPORTS,2026-08-07,1699.9000,1701.4000,1688.0000,1689.9000,146167.0000,1693.6959,1693.5000,1678.0000,1684.2000,1693.5000,,,,,,,,,150.0000,,,,,,,,yahoo
ADANIPOWER,2026-08-07,208.6300,209.9600,208.4500,209.5000,1859854.0000,209.1875,212.1000,208.9600,209.0900,209.0000,10.0000,10.0000,60.0000,,,,,,,,,,,,,,yahoo
AMBUJACEM,2026-08-07,437.0000,437.0000,432.0500,433.2000,209047.0000,433.2025,436.4000,432.0500,434.0000,434.0000,65.0000,,,,,,,,,,,,,,,,yahoo
APOLLOHOSP,2026-08-07,8981.0000,8997.5000,8951.5000,8978.5000,51474.0000,8972.2729,8997.5000,8922.0000,8945.0000,8945.0000,,,,,,,,,155.0000,,,,,,,,yahoo
ASIANPAINT,2026-08-07,2752.0000,2752.0000,2727.0000,2748.8999,31290.0000,2742.9571,2749.8999,2696.2000,2713.6001,2735.0000,,,,,,,,,55.0000,75.0000,85.0000,90.0000,265.0000,,,,yahoo
AXISBANK,2026-08-07,1253.5000,1254.3000,1246.3000,1247.9000,161497.0000,1247.9234,1248.8000,1239.1000,1243.0000,1238.0000,,,,,,,,,260.0000,,,,,,,,yahoo
BAJAJ-AUTO,2026-08-07,11582.0000,11690.0000,11582.0000,11687.0000,26111.0000,11645.2012,11730.0000,11621.0000,11660.0000,11640.0000,,,,,,,,,280.0000,,,,,,,,yahoo
BAJAJFINSV,2026-08-07,2017.1000,2033.6000,2010.1000,2019.3000,564600.0000,2022.3037,2023.0000,1988.0000,2004.0000,2008.9000,,,,,,,,,35.0000,75.0000,155.0000,180.0000,235.0000,,,,yahoo
BAJAJHLDNG,2026-08-07,11400.0000,11400.0000,11321.0000,11337.0000,3351.0000,11346.6595,11413.0000,11281.0000,11283.0000,11263.0000,5.0000,,,,,,,,,,,,,,,,yahoo
BAJFINANCE,2026-08-07,1107.3000,1107.3000,1088.2000,1098.6000,4239228.0000,1097.2925,1105.0000,1074.7000,1080.9000,1078.0000,15.0000,,,,,,,,45.0000,125.0000,130.0000,200.0000,230.0000,280.0000,,,yahoo
BANKBARODA,2026-08-07,249.9800,249.9800,248.5600,248.8600,344419.0000,248.8716,251.2400,248.0300,250.0000,250.7000,105.0000,250.0000,,,,,,,,,,,,,,,yahoo
BEL,2026-08-07,400.5000,402.9000,400.3000,401.6000,1454821.0000,401.4781,402.7000,398.4000,402.0000,401.0000,,,,,,,,,35.0000,50.0000,,,,,,,yahoo
BHARTIARTL,2026-08-07,1942.9000,1953.7000,1939.7000,1949.0000,203029.0000,1950.7011,1960.8000,1943.0000,1956.1000,1959.9000,220.0000,,,,,,,,,,,,,,,,yahoo
BOSCHLTD,2026-08-07,42355.0000,42625.0000,42215.0000,42465.0000,1515.0000,42310.6799,42950.0000,42000.0000,42950.0000,42950.0000,315.0000,320.0000,330.0000,,,,,,10.0000,80.0000,145.0000,,,,,,yahoo
BPCL,2026-08-07,322.1000,322.7000,321.0000,321.6000,718750.0000,321.8677,323.2000,317.1500,318.7000,321.0000,,,,,,,,,160.0000,190.0000,230.0000,265.0000,,,,,yahoo
BRITANNIA,2026-08-07,5595.0000,5653.5000,5520.5000,5642.5000,451308.0000,5618.4297,5657.5000,5505.5000,5510.0000,5510.0000,,,,,,,,,20.0000,20.0000,80.0000,115.0000,130.0000,140.0000,,,yahoo
CANBK,2026-08-07,130.9600,131.3900,130.6000,131.2500,2219447.0000,131.2130,132.4700,131.0500,131.6100,131.9500,15.0000,20.0000,,,,,,,,,,,,,,,yahoo
CGPOWER,2026-08-07,875.5500,879.0000,873.7500,878.3500,87269.0000,875.9222,880.5000,870.0500,879.5000,879.0000,,,,,,,,,10.0000,50.0000,,,,,,,yahoo
CHOLAFIN,2026-08-07,1917.4000,1917.4000,1898.3000,1911.9000,131091.0000,1910.3219,1916.0000,1862.8000,1875.0000,1866.2000,,,,,,,,,65.0000,100.0000,120.0000,125.0000,150.0000,230.0000,325.0000,,yahoo
CIPLA,2026-08-07,1477.0000,1477.0000,1465.5000,1468.5000,122800.0000,1469.8316,1471.9000,1462.4000,1469.8000,1463.8000,,,,,,,,,,,,,,,,,yahoo
COALINDIA,2026-08-07,414.5500,414.6500,412.6500,414.0000,265635.0000,413.6113,414.1500,412.6000,413.5000,415.2500,,,,,,,,,,,,,,,,,yahoo
CUMMINSIND,2026-08-07,5402.0000,5452.0000,5351.0000,5447.0000,75716.0000,5389.4011,5474.0000,5415.5000,5426.0000,5426.0000,,,,,,,,,315.0000,,,,,,,,yahoo
DIVISLAB,2026-08-07,8276.5000,8332.0000,8275.5000,8326.5000,16607.0000,8315.8442,8332.0000,8233.5000,8252.0000,8275.0000,,,,,,,,,45.0000,50.0000,210.0000,,,,,,yahoo
DLF,2026-08-07,636.9000,644.5000,636.9000,643.3000,261107.0000,642.1328,649.9000,641.4000,643.0000,642.0000,15.0000,165.0000,290.0000,,,,,,,,,,,,,,yahoo
DMART,2026-08-07,3937.7000,3944.8999,3931.2000,3936.7000,19706.0000,3939.7079,3943.0000,3886.1001,3900.0000,3900.0000,,,,,,,,,55.0000,125.0000,145.0000,265.0000,,,,,yahoo
DRREDDY,2026-08-07,1165.8000,1171.9000,1165.8000,1168.7000,50059.0000,1168.9992,1170.9000,1162.1000,1168.6000,1168.6000,,,,,,,,,45.0000,,,,,,,,yahoo
EICHERMOT,2026-08-07,7960.0000,8030.0000,7960.0000,8030.0000,56386.0000,8006.0907,8067.5000,7975.0000,8020.0000,8020.0000,,,,,,,,,90.0000,,,,,,,,yahoo
ENRIN,2026-08-07,3450.7000,3637.8000,3450.7000,3628.5000,1282979.0000,3565.1411,3732.3999,3513.2000,3641.5000,3648.0000,50.0000,55.0000,60.0000,60.0000,85.0000,140.0000,165.0000,,5.0000,5.0000,5.0000,5.0000,5.0000,5.0000,5.0000,10.0000,yahoo
ETERNAL,2026-08-07,314.6000,316.8000,313.7500,314.6000,1322717.0000,315.3001,316.8500,313.1500,315.2500,315.0000,170.0000,,,,,,,,,,,,,,,,yahoo
GAIL,2026-08-07,175.7000,175.7000,173.6000,173.9500,945896.0000,174.4389,174.2500,171.9200,172.0600,173.6300,,,,,,,,,45.0000,210.0000,255.0000,,,,,,yahoo
GODREJCP,2026-08-07,1074.3000,1085.4000,1074.3000,1083.2000,56977.0000,1081.6115,1086.2000,1032.3000,1050.0000,1050.0000,,,,,,,,,35.0000,50.0000,135.0000,135.0000,135.0000,140.0000,140.0000,140.0000,yahoo
GRASIM,2026-08-07,3213.2000,3213.2000,3183.0000,3197.3999,20269.0000,3192.6720,3349.1001,3187.3000,3327.0000,3323.0000,45.0000,55.0000,60.0000,85.0000,185.0000,195.0000,210.0000,235.0000,,,,,,,,,yahoo
HAL,2026-08-07,4945.0000,4973.0000,4896.3999,4900.0000,399049.0000,4932.6265,4935.2998,4876.1001,4910.0000,4910.0000,315.0000,,,,,,,,,,,,,,,,yahoo
HCLTECH,2026-08-07,1340.9000,1368.6000,1340.8000,1368.6000,484236.0000,1358.2037,1368.7000,1341.9000,1352.6000,1356.6000,,,,,,,,,15.0000,30.0000,35.0000,45.0000,60.0000,,,,yahoo
HDFCAMC,2026-08-07,2521.2000,2545.5000,2521.2000,2542.6001,15624.0000,2539.8940,2552.3999,2522.3000,2542.1001,2545.0000,,,,,,,,,85.0000,95.0000,,,,,,,yahoo
HDFCBANK,2026-08-07,732.9500,736.0000,732.9500,735.3000,2889789.0000,734.7059,735.3000,728.4500,732.5000,731.0000,,,,,,,,,240.0000,260.0000,,,,,,,yahoo
HDFCLIFE,2026-08-07,542.5500,542.7000,539.6000,541.2000,120042.0000,540.9644,544.7000,537.7000,538.0000,540.0000,80.0000,,,,,,,,330.0000,,,,,,,,yahoo
HINDALCO,2026-08-07,1020.2500,1033.8000,1019.6500,1030.5500,454429.0000,1030.4790,1055.3000,1024.2500,1053.5000,1059.6000,185.0000,210.0000,305.0000,305.0000,305.0000,310.0000,,,295.0000,,,,,,,,yahoo
HINDUNILVR,2026-08-07,2083.1001,2095.6001,2081.6001,2094.6001,88391.0000,2090.1178,2099.3000,2085.3000,2096.0000,2096.0000,,,,,,,,,,,,,,,,,yahoo
HINDZINC,2026-08-07,595.3000,595.3000,590.3000,591.2500,515535.0000,591.6936,605.8500,590.7500,603.3000,603.0000,50.0000,50.0000,125.0000,135.0000,140.0000,165.0000,,,,,,,,,,,yahoo
HYUNDAI,2026-08-07,2208.2000,2214.3999,2196.1001,2203.7000,42012.0000,2201.7021,2214.8999,2196.0000,2200.0000,2200.5000,20.0000,,,,,,,,,,,,,,,,yahoo
ICICIBANK,2026-08-07,1454.0000,1455.0000,1450.5000,1453.5000,385049.0000,1453.3882,1454.4000,1418.2000,1425.0000,1421.0000,,,,,,,,,80.0000,80.0000,145.0000,180.0000,230.0000,290.0000,,,yahoo
INDHOTEL,2026-08-07,730.9500,733.5500,729.0500,733.2500,39173.0000,732.3997,736.7000,729.0500,735.0000,731.0000,,,,,,,,,45.0000,,,,,,,,yahoo
INDIGO,2026-08-07,5293.5000,5347.0000,5293.5000,5346.0000,37147.0000,5324.1954,5367.0000,5308.0000,5349.5000,5333.0000,,,,,,,,,45.0000,,,,,,,,yahoo
INFY,2026-08-07,1157.1000,1182.4000,1157.1000,1180.7000,1367710.0000,1177.6593,1183.0000,1170.5000,1176.6000,1175.1000,,,,,,,,,30.0000,45.0000,,,,,,,yahoo
IOC,2026-08-07,141.8400,143.2000,141.8400,142.9300,1409910.0000,142.6676,143.3900,141.8200,142.4800,143.3800,,,,,,,,,190.0000,265.0000,,,,,,,yahoo
IRFC,2026-08-07,89.2500,89.3400,88.9200,89.2800,738379.0000,89.1103,89.4700,88.6000,88.7500,88.7500,,,,,,,,,240.0000,255.0000,,,,,,,yahoo
ITC,2026-08-07,285.4000,285.6000,284.8500,285.3000,417560.0000,285.2358,285.6500,284.5000,285.0000,286.1000,,,,,,,,,,,,,,,,,yahoo
JINDALSTEL,2026-08-07,1100.1000,1105.7000,1096.9000,1097.4000,64746.0000,1101.3681,1104.0000,1092.6000,1103.0000,1103.0000,205.0000,,,,,,,,,,,,,,,,yahoo
JIOFIN,2026-08-07,262.6000,262.6000,260.1500,260.4500,2007117.0000,261.2245,261.1000,257.2000,257.8000,256.8000,,,,,,,,,150.0000,235.0000,265.0000,,,,,,yahoo
JSWSTEEL,2026-08-07,1306.4000,1309.3000,1298.1000,1302.5000,98084.0000,1304.1040,1306.2000,1289.2000,1299.5000,1299.5000,,,,,,,,,220.0000,255.0000,280.0000,,,,,,yahoo
KOTAKBANK,2026-08-07,393.4500,394.7000,392.6500,392.7000,563239.0000,393.4188,393.0000,387.8500,388.4000,390.7500,,,,,,,,,90.0000,115.0000,150.0000,,,,,,yahoo
LODHA,2026-08-07,1214.0000,1224.8000,1209.9000,1219.0000,164754.0000,1217.4712,1222.3000,1204.7000,1218.7000,1218.7000,,,,,,,,,25.0000,240.0000,260.0000,,,,,,yahoo
LT,2026-08-07,4047.8999,4062.0000,4040.1001,4059.7000,115299.0000,4055.8151,4061.5000,4030.0000,4040.0000,4056.0000,,,,,,,,,45.0000,,,,,,,,yahoo
LTM,2026-08-07,4548.7002,4664.2002,4548.7002,4658.2998,162793.0000,4629.7148,4688.0000,4582.1001,4675.2998,4658.1001,300.0000,,,,,,,,35.0000,40.0000,45.0000,55.0000,55.0000,,,,yahoo
M&M,2026-08-07,3406.1001,3455.0000,3406.1001,3453.0000,284040.0000,3440.5797,3504.3000,3439.8000,3500.0000,3502.0000,120.0000,165.0000,185.0000,220.0000,,,,,,,,,,,,,yahoo
MARUTI,2026-08-07,13875.0000,13954.0000,13832.0000,13937.0000,19785.0000,13928.7014,14038.0000,13890.0000,14017.0000,14037.0000,235.0000,,,,,,,,,,,,,,,,yahoo
MAXHEALTH,2026-08-07,1069.9000,1077.6000,1067.5000,1077.6000,132090.0000,1071.0371,1084.0000,1067.1000,1068.9000,1070.0000,5.0000,,,,,,,,185.0000,260.0000,,,,,,,yahoo
MAZDOCK,2026-08-07,2530.1001,2558.0000,2510.0000,2519.1001,166689.0000,2525.5310,2536.0000,2498.8000,2514.8999,2514.8999,325.0000,,,,,,,,50.0000,50.0000,,,,,,,yahoo
MOTHERSON,2026-08-07,155.7700,163.6200,155.7700,163.2000,14936866.0000,161.3837,169.7300,162.8100,168.6000,168.5000,15.0000,15.0000,30.0000,40.0000,45.0000,50.0000,75.0000,75.0000,,,,,,,,,yahoo
MUTHOOTFIN,2026-08-07,2903.3000,2914.0000,2881.8999,2891.2000,75290.0000,2900.2197,2913.5000,2876.0000,2884.1001,2890.0000,25.0000,30.0000,,,,,,,155.0000,,,,,,,,yahoo
NESTLEIND,2026-08-07,1529.4000,1546.8000,1527.9000,1543.5000,119461.0000,1540.9450,1552.8000,1536.0000,1537.0000,1540.0000,110.0000,,,,,,,,,,,,,,,,yahoo
NTPC,2026-08-07,345.0000,346.9000,344.1500,345.8500,598888.0000,346.0613,345.8000,343.1500,343.9500,342.5000,,,,,,,,,185.0000,300.0000,,,,,,,yahoo
ONGC,2026-08-07,238.4800,241.6500,238.1100,241.1500,2449479.0000,240.0604,241.4900,237.0500,237.3800,238.8500,,,,,,,,,125.0000,150.0000,175.0000,175.0000,250.0000,,,,yahoo
PFC,2026-08-07,416.5000,419.9500,414.6500,419.9500,422509.0000,417.0857,420.6000,417.0000,418.4000,420.0000,,,,,,,,,10.0000,,,,,,,,yahoo
PIDILITIND,2026-08-07,1669.8000,1674.9000,1664.6000,1670.5000,120653.0000,1670.6834,1672.4000,1648.8000,1659.7000,1660.0000,,,,,,,,,80.0000,80.0000,110.0000,260.0000,,,,,yahoo
PNB,2026-08-07,114.1000,114.2000,113.6600,113.9800,1315268.0000,114.0008,115.3400,113.6700,114.8000,114.8100,245.0000,270.0000,285.0000,,,,,,,,,,,,,,yahoo
POWERGRID,2026-08-07,268.8000,271.5500,268.7000,271.3000,710953.0000,270.9222,272.8000,269.5500,271.5000,271.6000,115.0000,,,,,,,,190.0000,,,,,,,,yahoo
RECLTD,2026-08-07,361.5000,368.4500,361.5000,368.0000,461345.0000,364.9625,368.7000,365.2500,367.0000,367.0000,,,,,,,,,10.0000,,,,,,,,yahoo
RELIANCE,2026-08-07,1320.2000,1331.5000,1318.2000,1320.3000,1608598.0000,1324.9408,1337.0000,1317.0000,1330.0000,1334.8000,100.0000,100.0000,115.0000,120.0000,,,,,,,,,,,,,yahoo
SBILIFE,2026-08-07,1861.4000,1867.6000,1855.8000,1859.6000,39564.0000,1859.9437,1868.2000,1853.1000,1855.5000,1855.5000,,,,,,,,,,,,,,,,,yahoo
SBIN,2026-08-07,1080.1000,1088.0000,1075.8000,1083.8000,1459260.0000,1083.9651,1123.9000,1082.0000,1097.2000,1097.2000,25.0000,100.0000,245.0000,245.0000,245.0000,245.0000,245.0000,250.0000,,,,,,,,,yahoo
SHREECEM,2026-08-07,26280.0000,26285.0000,26080.0000,26140.0000,1369.0000,26131.1590,26315.0000,26010.0000,26010.0000,26010.0000,55.0000,,,,,,,,,,,,,,,,yahoo
SHRIRAMFIN,2026-08-07,1126.9000,1127.0000,1115.3000,1125.3000,663621.0000,1120.1684,1128.7000,1109.2000,1115.0000,1115.0000,,,,,,,,,80.0000,125.0000,215.0000,230.0000,,,,,yahoo
SIEMENS,2026-08-07,3962.0000,3980.0000,3930.0000,3960.8999,35297.0000,3951.4815,3975.0000,3922.1001,3940.0000,3940.1001,,,,,,,,,25.0000,255.0000,,,,,,,yahoo
SOLARINDS,2026-08-07,18564.0000,18619.0000,18434.0000,18526.0000,4157.0000,18505.1874,18669.0000,18391.0000,18650.0000,18650.0000,330.0000,330.0000,,,,,,,45.0000,,,,,,,,yahoo
SUNPHARMA,2026-08-07,1950.8000,1956.8000,1945.8000,1949.3000,66795.0000,1950.8510,1951.2000,1925.2000,1941.7000,1945.0000,,,,,,,,,65.0000,105.0000,105.0000,,,,,,yahoo
TATACAP,2026-08-07,383.8000,383.9500,376.1000,376.2000,337783.0000,377.6725,377.0000,367.4500,369.5500,369.4000,,,,,,,,,15.0000,20.0000,20.0000,45.0000,65.0000,330.0000,,,yahoo
TATACONSUM,2026-08-07,1086.8000,1091.5000,1086.5000,1087.4000,26160.0000,1089.0822,1089.3000,1078.0000,1081.6000,1082.3000,,,,,,,,,90.0000,130.0000,,,,,,,yahoo
TATAPOWER,2026-08-07,377.9000,379.3000,377.4000,378.9500,258235.0000,378.5162,382.7000,378.5000,381.5000,380.5500,285.0000,305.0000,,,,,,,,,,,,,,,yahoo
TATASTEEL,2026-08-07,189.4400,189.5000,188.4000,188.6500,1980275.0000,189.0163,188.8700,186.8100,187.9500,187.5500,,,,,,,,,240.0000,250.0000,,,,,,,yahoo
TCS,2026-08-07,2379.3000,2441.0000,2379.3000,2438.2000,669406.0000,2426.2297,2456.3999,2421.7000,2451.3000,2452.7000,20.0000,,,,,,,,45.0000,,,,,,,,yahoo
TECHM,2026-08-07,1643.7000,1679.8000,1643.7000,1678.0000,1614885.0000,1668.4826,1681.5000,1634.4000,1638.8000,1635.0000,,,,,,,,,15.0000,15.0000,30.0000,40.0000,45.0000,125.0000,170.0000,,yahoo
TITAN,2026-08-07,4975.7998,5003.0000,4967.2002,4987.3999,83008.0000,4991.1653,5000.5000,4894.5000,4940.0000,4941.0000,,,,,,,,,135.0000,140.0000,140.0000,270.0000,270.0000,,,,yahoo
TMCV,2026-08-07,457.0000,457.6500,453.3000,455.5500,494199.0000,455.2359,458.8500,449.4500,453.4000,452.9000,285.0000,,,,,,,,70.0000,75.0000,75.0000,80.0000,,,,,yahoo
TMPV,2026-08-07,344.7500,345.9000,343.7000,345.0500,682207.0000,344.6249,349.8000,344.4500,345.8500,347.0000,15.0000,15.0000,20.0000,20.0000,,,,,,,,,,,,,yahoo
TORNTPHARM,2026-08-07,4964.0000,4987.5000,4955.5000,4958.0000,37890.0000,4970.3207,4959.5000,4901.5000,4948.0000,4924.0000,,,,,,,,,95.0000,110.0000,135.0000,,,,,,yahoo
TRENT,2026-08-07,3092.2000,3092.2000,3012.7000,3029.8000,391345.0000,3029.9009,3049.7000,2986.0000,2999.8999,2997.0000,25.0000,,,,,,,,130.0000,210.0000,235.0000,235.0000,,,,,yahoo
TVSMOTOR,2026-08-07,4399.7998,4430.5000,4391.1001,4421.0000,83806.0000,4414.4164,4458.0000,4415.1001,4441.0000,4440.8999,15.0000,15.0000,,,,,,,,,,,,,,,yahoo
ULTRACEMCO,2026-08-07,12073.0000,12073.0000,11971.0000,11985.0000,14872.0000,12013.1437,12060.0000,11975.0000,12040.0000,12105.0000,105.0000,,,,,,,,,,,,,,,,yahoo
UNIONBANK,2026-08-07,181.0000,181.3200,180.0000,180.8300,871261.0000,180.6472,184.8000,180.7500,183.4800,183.6000,10.0000,10.0000,10.0000,10.0000,245.0000,275.0000,,,,,,,,,,,yahoo
UNITDSPR,2026-08-07,1528.0000,1528.0000,1519.0000,1521.6000,59848.0000,1522.4023,1528.4000,1512.4000,1512.4000,1512.4000,,,,,,,,,315.0000,,,,,,,,yahoo
VBL,2026-08-07,444.3000,447.0000,444.0500,445.4500,264494.0000,445.4055,445.9500,439.5500,442.0500,442.0000,,,,,,,,,20.0000,120.0000,120.0000,130.0000,,,,,yahoo
VEDL,2026-08-07,274.2500,276.9000,273.6000,274.3000,1519340.0000,274.6343,277.8500,271.9000,277.1000,278.8500,220.0000,220.0000,220.0000,330.0000,,,,,110.0000,145.0000,,,,,,,yahoo
WIPRO,2026-08-07,185.8600,188.3600,185.8600,187.9700,1828891.0000,187.5740,188.2500,186.2200,186.7100,187.5300,,,,,,,,,35.0000,55.0000,,,,,,,yahoo
ZYDUSLIFE,2026-08-07,1107.5000,1107.5000,1101.4000,1103.0000,18566.0000,1103.6361,1117.6000,1093.8000,1115.3000,1114.2000,205.0000,235.0000,280.0000,290.0000,,,,,110.0000,110.0000,,,,,,,yahoo
ABB,2026-08-10,7626.5000,7626.5000,7552.5000,7570.5000,10351.0000,7577.7712,7723.5000,7536.0000,7649.5000,7649.5000,120.0000,175.0000,185.0000,220.0000,220.0000,255.0000,,,,,,,,,,,yahoo
ADANIENSOL,2026-08-10,1634.8000,1634.8000,1620.6000,1624.0000,110930.0000,1626.2447,1635.9000,1611.0000,1624.0000,1632.0000,245.0000,,,,,,,,20.0000,20.0000,,,,,,,yahoo
ADANIENT,2026-08-10,3021.6001,3021.6001,2992.5000,2999.8000,93357.0000,3001.6505,3015.1001,2970.8999,3004.6001,3010.0000,245.0000,,,,,,,,20.0000,20.0000,,,,,,,yahoo
ADANIGREEN,2026-08-10,1373.6000,1376.0000,1358.1000,1365.3000,112281.0000,1364.6615,1375.8000,1357.5000,1369.0000,1369.0000,240.0000,245.0000,,,,,,,20.0000,,,,,,,,yahoo
ADANIPORTS,2026-08-10,1686.0000,1688.0000,1673.6000,1680.6000,123682.0000,1678.8337,1684.9000,1675.8000,1678.9000,1681.0000,,,,,,,,,,,,,,,,,yahoo
ADANIPOWER,2026-08-10,209.2900,209.4100,207.7300,208.0100,1346247.0000,208.3433,211.8400,207.8300,210.8000,210.6500,40.0000,245.0000,245.0000,315.0000,315.0000,,,,,,,,,,,,yahoo
AMBUJACEM,2026-08-10,434.0000,434.0000,431.1000,431.5500,180451.0000,432.3024,433.8000,430.4000,431.4000,430.8500,90.0000,,,,,,,,,,,,,,,,yahoo
APOLLOHOSP,2026-08-10,8945.0000,8967.0000,8895.5000,8895.5000,16205.0000,8930.9375,8930.0000,8865.5000,8890.0000,8912.0000,,,,,,,,,,,,,,,,,yahoo
ASIANPAINT,2026-08-10,2720.0000,2735.0000,2715.0000,2726.1001,34761.0000,2730.0161,2761.2000,2718.8000,2747.3000,2750.0000,110.0000,115.0000,175.0000,235.0000,,,,,,,,,,,,,yahoo
AXISBANK,2026-08-10,1237.1000,1248.5000,1237.1000,1240.4000,243746.0000,1242.5954,1248.0000,1239.9000,1246.6000,1247.3000,155.0000,,,,,,,,,,,,,,,,yahoo
BAJAJ-AUTO,2026-08-10,11675.0000,11746.0000,11615.0000,11671.0000,14040.0000,11718.5711,11786.0000,11660.0000,11680.0000,11677.0000,60.0000,70.0000,,,,,,,,,,,,,,,yahoo
BAJAJFINSV,2026-08-10,2006.9000,2006.9000,1994.0000,1996.0000,79514.0000,1997.5003,2036.0000,1996.0000,2021.3000,2021.3000,40.0000,45.0000,90.0000,120.0000,125.0000,130.0000,,,,,,,,,,,yahoo
BAJAJHLDNG,2026-08-10,11263.0000,11347.0000,11233.0000,11244.0000,1974.0000,11287.0556,11498.0000,11239.0000,11471.0000,11471.0000,10.0000,10.0000,15.0000,25.0000,45.0000,240.0000,,,,,,,,,,,yahoo
BAJFINANCE,2026-08-10,1077.9000,1083.9000,1071.1000,1079.4000,542438.0000,1080.1678,1105.4000,1076.7000,1105.0000,1102.2000,115.0000,150.0000,230.0000,235.0000,265.0000,325.0000,,,,,,,,,,,yahoo
BANKBARODA,2026-08-10,250.5000,250.6700,248.6200,249.9900,981956.0000,249.8261,250.7000,246.1700,246.8500,247.8100,,,,,,,,,185.0000,210.0000,300.0000,305.0000,325.0000,,,,yahoo
BEL,2026-08-10,401.9000,402.0000,399.5000,399.5500,466362.0000,400.1423,405.6000,399.7500,403.3500,404.3500,10.0000,115.0000,130.0000,160.0000,165.0000,,,,,,,,,,,,yahoo
BHARTIARTL,2026-08-10,1958.9000,1958.9000,1941.4000,1946.6000,186063.0000,1946.4766,1951.9000,1935.0000,1937.8000,1943.0000,,,,,,,,,315.0000,,,,,,,,yahoo
BOSCHLTD,2026-08-10,42945.0000,43180.0000,42655.0000,42855.0000,3370.0000,43049.4876,43400.0000,42720.0000,43085.0000,43505.0000,80.0000,145.0000,255.0000,255.0000,,,,,,,,,,,,,yahoo
BPCL,2026-08-10,320.6500,320.6500,316.2500,316.5000,412113.0000,317.2304,320.4500,316.2500,319.0000,318.5000,60.0000,100.0000,100.0000,,,,,,,,,,,,,,yahoo
BRITANNIA,2026-08-10,5524.0000,5642.0000,5524.0000,5554.0000,44267.0000,5591.3886,5634.0000,5524.0000,5633.0000,5623.5000,135.0000,135.0000,280.0000,285.0000,,,,,35.0000,,,,,,,,yahoo
CANBK,2026-08-10,132.3900,132.4800,130.3100,130.8000,2238024.0000,130.8736,131.8500,128.7700,129.1200,129.0000,35.0000,90.0000,,,,,,,180.0000,185.0000,215.0000,295.0000,305.0000,,,,yahoo
CGPOWER,2026-08-10,880.9500,880.9500,871.1000,871.1000,101756.0000,874.9090,880.9500,868.4500,878.9000,879.0000,80.0000,80.0000,95.0000,,,,,,,,,,,,,,yahoo
CHOLAFIN,2026-08-10,1872.1000,1883.0000,1865.1000,1878.2000,69996.0000,1876.1391,1919.8000,1878.0000,1919.5000,1920.0000,5.0000,20.0000,105.0000,220.0000,235.0000,300.0000,,,,,,,,,,,yahoo
CIPLA,2026-08-10,1465.7000,1483.4000,1465.7000,1472.9000,74892.0000,1477.1093,1475.4000,1462.1000,1462.1000,1467.7000,,,,,,,,,80.0000,,,,,,,,yahoo
COALINDIA,2026-08-10,414.2500,415.0500,412.5500,412.9000,175858.0000,413.0915,413.7000,410.6500,411.0000,411.0000,,,,,,,,,330.0000,,,,,,,,yahoo
CUMMINSIND,2026-08-10,5449.0000,5451.5000,5395.0000,5400.0000,32057.0000,5420.1416,5463.5000,5399.0000,5445.0000,5445.0000,20.0000,180.0000,185.0000,,,,,,,,,,,,,,yahoo
DIVISLAB,2026-08-10,8277.5000,8348.0000,8277.5000,8307.5000,39600.0000,8319.3680,8325.0000,8263.0000,8300.0000,8300.0000,,,,,,,,,170.0000,,,,,,,,yahoo
DLF,2026-08-10,643.9000,648.6000,639.5000,640.2000,211631.0000,643.2664,660.8500,640.2000,660.0000,660.0000,10.0000,25.0000,30.0000,35.0000,35.0000,50.0000,80.0000,80.0000,,,,,,,,,yahoo
DMART,2026-08-10,3909.6001,3925.8999,3898.6001,3921.0000,21193.0000,3909.6013,4056.5000,3920.0000,4054.0000,4054.0000,20.0000,45.0000,70.0000,85.0000,100.0000,125.0000,225.0000,285.0000,,,,,,,,,yahoo
DRREDDY,2026-08-10,1172.0000,1177.8000,1167.2000,1168.0000,107756.0000,1173.0455,1170.9000,1156.2000,1160.0000,1158.8000,,,,,,,,,285.0000,320.0000,330.0000,,,,,,yahoo
EICHERMOT,2026-08-10,7983.0000,8005.0000,7947.0000,7955.5000,49153.0000,7983.2169,8021.5000,7943.0000,7975.0000,7975.0000,155.0000,230.0000,,,,,,,,,,,,,,,yahoo
ENRIN,2026-08-10,3716.8999,3728.8000,3651.1001,3684.3000,250950.0000,3703.5840,3694.8000,3555.5000,3570.8000,3567.3000,,,,,,,,,15.0000,30.0000,30.0000,35.0000,35.0000,45.0000,135.0000,190.0000,yahoo
ETERNAL,2026-08-10,315.6500,315.6500,311.0000,311.9500,1491903.0000,312.6267,316.2000,309.5500,310.2500,310.2500,15.0000,35.0000,55.0000,75.0000,,,,,290.0000,300.0000,,,,,,,yahoo
GAIL,2026-08-10,173.1500,173.4600,172.0600,172.1300,413455.0000,172.4097,172.8500,170.1500,170.9900,172.5000,,,,,,,,,125.0000,140.0000,195.0000,,,,,,yahoo
GODREJCP,2026-08-10,1041.3000,1048.9000,1036.5000,1037.0000,65411.0000,1040.8620,1037.2000,1021.3000,1033.0000,1033.0000,,,,,,,,,5.0000,10.0000,10.0000,20.0000,50.0000,,,,yahoo
GRASIM,2026-08-10,3293.1001,3357.8000,3292.6001,3355.1001,105283.0000,3344.4214,3411.1001,3350.0000,3376.2000,3380.5000,10.0000,125.0000,140.0000,195.0000,215.0000,,,,,,,,,,,,yahoo
HAL,2026-08-10,4911.5000,4930.0000,4896.0000,4898.1001,56348.0000,4910.7348,4959.6001,4898.1001,4928.8999,4928.0000,5.0000,10.0000,150.0000,165.0000,,,,,,,,,,,,,yahoo
HCLTECH,2026-08-10,1355.9000,1360.3000,1353.4000,1355.3000,85112.0000,1356.5312,1367.5000,1351.8000,1353.0000,1357.2000,10.0000,40.0000,,,,,,,,,,,,,,,yahoo
HDFCAMC,2026-08-10,2549.8999,2549.8999,2529.0000,2530.6001,11570.0000,2534.8921,2572.0000,2525.6001,2560.0000,2560.0000,65.0000,75.0000,105.0000,120.0000,130.0000,,,,,,,,,,,,yahoo
HDFCBANK,2026-08-10,732.0000,733.0000,728.5000,730.6000,2828061.0000,730.5447,737.5500,730.2500,731.9000,731.0000,20.0000,35.0000,,,,,,,,,,,,,,,yahoo
HDFCLIFE,2026-08-10,539.8500,539.8500,532.5000,532.6000,190442.0000,534.3856,541.6000,531.2500,541.0000,540.0000,95.0000,105.0000,120.0000,140.0000,160.0000,,,,,,,,,,,,yahoo
HINDALCO,2026-08-10,1062.6000,1062.6000,1046.7000,1051.8000,1601292.0000,1054.6146,1060.2000,1040.5000,1051.0000,1054.0500,30.0000,270.0000,,,,,,,70.0000,110.0000,135.0000,,,,,,yahoo
HINDUNILVR,2026-08-10,2090.6001,2095.0000,2080.5000,2080.8999,54445.0000,2085.5723,2097.0000,2076.0000,2082.0000,2087.2000,125.0000,205.0000,,,,,,,,,,,,,,,yahoo
HINDZINC,2026-08-10,606.0000,606.7000,598.6000,603.9500,635611.0000,602.3516,608.3500,593.1000,594.0000,595.1500,20.0000,,,,,,,,115.0000,115.0000,130.0000,170.0000,170.0000,,,,yahoo
HYUNDAI,2026-08-10,2200.2000,2231.3000,2197.3000,2216.0000,49267.0000,2222.5377,2249.8999,2214.3999,2225.0000,2223.0000,25.0000,35.0000,40.0000,65.0000,125.0000,,,,,,,,,,,,yahoo
ICICIBANK,2026-08-10,1428.7000,1441.7000,1424.4000,1426.9000,1919182.0000,1433.0510,1429.4000,1415.6000,1428.4000,1431.8000,,,,,,,,,10.0000,25.0000,,,,,,,yahoo
INDHOTEL,2026-08-10,732.9000,734.6500,728.4000,728.7000,87013.0000,730.1060,730.6000,721.1000,728.7000,728.7000,,,,,,,,,10.0000,10.0000,15.0000,,,,,,yahoo
INDIGO,2026-08-10,5322.5000,5325.5000,5301.0000,5320.0000,29483.0000,5314.5712,5352.0000,5315.0000,5333.5000,5333.5000,15.0000,,,,,,,,,,,,,,,,yahoo
INFY,2026-08-10,1178.5000,1184.7000,1175.3000,1178.8000,1123773.0000,1179.5833,1195.0000,1177.3000,1183.2000,1183.0000,15.0000,15.0000,40.0000,40.0000,,,,,,,,,,,,,yahoo
IOC,2026-08-10,142.9900,142.9900,141.5600,141.6800,572392.0000,141.9434,142.6600,141.5000,141.6100,142.0000,95.0000,,,,,,,,,,,,,,,,yahoo
IRFC,2026-08-10,89.0100,89.0100,88.0100,88.0600,977881.0000,88.2039,88.8300,88.0800,88.4700,88.5000,35.0000,90.0000,,,,,,,,,,,,,,,yahoo
ITC,2026-08-10,285.9000,286.0500,284.2000,284.3500,542666.0000,284.7132,284.5500,281.8000,281.9500,282.6500,,,,,,,,,175.0000,330.0000,,,,,,,yahoo
JINDALSTEL,2026-08-10,1107.3000,1117.0000,1106.9000,1113.3000,105324.0000,1111.3647,1126.4000,1110.3000,1125.0000,1125.0000,85.0000,90.0000,265.0000,,,,,,,,,,,,,,yahoo
JIOFIN,2026-08-10,257.0000,257.6500,255.3500,255.7500,1136010.0000,256.3821,257.7500,253.6000,254.1500,254.0000,35.0000,65.0000,,,,,,,290.0000,310.0000,,,,,,,yahoo
JSWSTEEL,2026-08-10,1300.9000,1307.5000,1295.7000,1304.0000,117202.0000,1303.5085,1312.0000,1296.5000,1302.0000,1302.0000,30.0000,,,,,,,,310.0000,,,,,,,,yahoo
KOTAKBANK,2026-08-10,387.6000,392.8500,387.6000,388.4500,2151935.0000,388.9803,392.7000,386.6000,392.5000,393.5000,120.0000,170.0000,180.0000,,,,,,,,,,,,,,yahoo
LODHA,2026-08-10,1220.0000,1220.0000,1204.0000,1209.3000,62522.0000,1210.8102,1238.9000,1208.8000,1220.0000,1213.0000,10.0000,35.0000,35.0000,60.0000,60.0000,80.0000,,,,,,,,,,,yahoo
LT,2026-08-10,4047.0000,4047.0000,4026.2000,4030.1001,71071.0000,4035.0437,4075.2000,4029.5000,4071.0000,4080.0000,35.0000,45.0000,260.0000,,,,,,,,,,,,,,yahoo
LTM,2026-08-10,4698.3999,4730.5000,4686.2002,4721.0000,51337.0000,4714.3660,4798.0000,4718.0000,4792.7002,4795.0000,10.0000,10.0000,15.0000,35.0000,40.0000,,,,,,,,,,,,yahoo
M&M,2026-08-10,3507.0000,3532.0000,3497.5000,3514.0000,244985.0000,3521.2965,3534.3000,3501.8000,3517.0000,3517.0000,105.0000,,,,,,,,,,,,,,,,yahoo
MARUTI,2026-08-10,13968.0000,14098.0000,13968.0000,14039.0000,29556.0000,14063.0162,14119.0000,14027.0000,14099.0000,14097.0000,60.0000,,,,,,,,,,,,,,,,yahoo
MAXHEALTH,2026-08-10,1070.0000,1074.6000,1063.4000,1064.3000,74584.0000,1066.3887,1079.9000,1054.5000,1055.6000,1069.0000,40.0000,80.0000,90.0000,140.0000,,,,,330.0000,330.0000,,,,,,,yahoo
MAZDOCK,2026-08-10,2519.0000,2519.0000,2488.0000,2496.8000,89403.0000,2498.0622,2582.0000,2495.3999,2575.0000,2575.0000,10.0000,25.0000,35.0000,130.0000,150.0000,165.0000,175.0000,315.0000,,,,,,,,,yahoo
MOTHERSON,2026-08-10,170.0000,171.9900,169.2600,169.5000,7673463.0000,171.0595,170.0000,167.2600,167.6200,167.9900,,,,,,,,,5.0000,10.0000,265.0000,285.0000,,,,,yahoo
MUTHOOTFIN,2026-08-10,2905.0000,2912.2000,2886.2000,2904.7000,114704.0000,2899.3800,2938.1001,2904.3000,2909.0000,2906.0000,5.0000,10.0000,10.0000,,,,,,,,,,,,,,yahoo
NESTLEIND,2026-08-10,1538.8000,1545.9000,1536.5000,1539.9000,76701.0000,1540.8722,1540.3000,1520.6000,1521.0000,1528.6000,,,,,,,,,70.0000,70.0000,305.0000,320.0000,,,,,yahoo
NTPC,2026-08-10,343.1000,343.6000,341.4000,341.9000,295913.0000,342.2662,342.1500,337.2000,339.4000,340.4500,,,,,,,,,95.0000,145.0000,185.0000,190.0000,,,,,yahoo
ONGC,2026-08-10,239.0100,241.2500,238.8600,239.0900,859387.0000,240.0253,239.9300,238.3900,239.2500,239.8400,,,,,,,,,,,,,,,,,yahoo
PFC,2026-08-10,414.6000,414.6000,403.8000,404.8500,1854525.0000,405.1314,405.1000,383.3500,385.1000,385.1500,,,,,,,,,15.0000,45.0000,50.0000,55.0000,60.0000,75.0000,110.0000,120.0000,yahoo
PIDILITIND,2026-08-10,1658.1000,1670.5000,1653.2000,1669.8000,111828.0000,1665.9726,1685.4000,1665.2000,1673.9000,1685.0000,50.0000,155.0000,,,,,,,,,,,,,,,yahoo
PNB,2026-08-10,114.7600,115.1200,114.0000,114.2200,1365194.0000,114.3400,114.4400,113.2000,114.0000,113.5000,,,,,,,,,100.0000,325.0000,,,,,,,yahoo
POWERGRID,2026-08-10,271.0500,271.5000,268.8500,269.0000,1165828.0000,269.5436,271.6000,269.0000,270.8000,270.1000,40.0000,155.0000,,,,,,,,,,,,,,,yahoo
RECLTD,2026-08-10,360.6000,360.8000,357.1000,357.7000,1709366.0000,358.7938,358.4000,342.0000,342.7500,343.7500,,,,,,,,,50.0000,55.0000,75.0000,80.0000,100.0000,120.0000,170.0000,185.0000,yahoo
RELIANCE,2026-08-10,1330.0000,1332.0000,1323.0000,1323.5000,633430.0000,1325.4858,1332.6000,1322.0000,1326.6000,1327.3000,80.0000,,,,,,,,,,,,,,,,yahoo
SBILIFE,2026-08-10,1862.1000,1862.1000,1842.5000,1843.5000,67305.0000,1853.8652,1865.1000,1836.9000,1845.9000,1855.0000,60.0000,95.0000,100.0000,,,,,,,,,,,,,,yahoo
SBIN,2026-08-10,1108.0000,1113.1000,1078.8000,1082.2000,2523734.0000,1087.7814,1091.4000,1069.1000,1071.0000,1071.0000,30.0000,35.0000,,,,,,,160.0000,300.0000,325.0000,,,,,,yahoo
SHREECEM,2026-08-10,26095.0000,26180.0000,25905.0000,26095.0000,2032.0000,26070.6299,26350.0000,26010.0000,26100.0000,26100.0000,70.0000,75.0000,,,,,,,,,,,,,,,yahoo
SHRIRAMFIN,2026-08-10,1114.7000,1119.5000,1107.5000,1116.6000,276616.0000,1114.4146,1138.5000,1115.0000,1134.0000,1135.0000,50.0000,110.0000,195.0000,200.0000,240.0000,,,,,,,,,,,,yahoo
SIEMENS,2026-08-10,3930.1001,3955.6001,3909.2000,3947.8000,18546.0000,3941.6944,3991.8000,3910.0000,3924.5000,3914.3000,20.0000,25.0000,25.0000,,,,,,205.0000,325.0000,,,,,,,yahoo
SOLARINDS,2026-08-10,18693.0000,18700.0000,18470.0000,18485.0000,5235.0000,18542.4566,18792.0000,18490.0000,18772.0000,18820.0000,20.0000,80.0000,140.0000,150.0000,160.0000,,,,,,,,,,,,yahoo
SUNPHARMA,2026-08-10,1949.9000,1964.8000,1948.1000,1950.6000,165347.0000,1954.8141,1955.2000,1940.0000,1948.0000,1944.4000,,,,,,,,,170.0000,,,,,,,,yahoo
TATACAP,2026-08-10,371.6000,371.6000,363.0000,364.4000,302652.0000,364.7700,369.2500,364.3000,367.5000,367.8500,10.0000,10.0000,15.0000,160.0000,,,,,,,,,,,,,yahoo
TATACONSUM,2026-08-10,1087.0000,1087.0000,1082.6000,1083.5000,48957.0000,1084.3416,1109.8000,1082.6000,1106.9000,1108.7000,45.0000,60.0000,120.0000,130.0000,140.0000,250.0000,,,,,,,,,,,yahoo
TATAPOWER,2026-08-10,381.1000,382.2000,380.1500,381.1500,387016.0000,381.3010,381.7500,378.5500,380.4000,382.0000,,,,,,,,,25.0000,,,,,,,,yahoo
TATASTEEL,2026-08-10,187.9600,190.5700,187.5600,189.9600,2252843.0000,189.3074,192.3500,190.0000,190.1500,190.2400,20.0000,55.0000,90.0000,120.0000,,,,,,,,,,,,,yahoo
TCS,2026-08-10,2454.3999,2463.5000,2444.3000,2452.6001,266088.0000,2455.4760,2472.8999,2424.0000,2431.0000,2425.7000,15.0000,45.0000,,,,,,,165.0000,300.0000,325.0000,,,,,,yahoo
TECHM,2026-08-10,1649.9000,1662.7000,1649.9000,1659.0000,367573.0000,1657.8227,1665.4000,1630.8000,1632.1000,1640.0000,,,,,,,,,115.0000,145.0000,180.0000,215.0000,290.0000,,,,yahoo
TITAN,2026-08-10,4930.0000,5036.2998,4892.8999,5003.6001,477639.0000,5009.2415,5121.0000,5002.2002,5100.0000,5090.0000,5.0000,10.0000,10.0000,25.0000,30.0000,60.0000,,,,,,,,,,,yahoo
TMCV,2026-08-10,452.5000,459.9000,452.5000,459.6000,530537.0000,457.1369,460.8000,450.0000,450.5000,449.0000,,,,,,,,,120.0000,130.0000,130.0000,175.0000,280.0000,290.0000,,,yahoo
TMPV,2026-08-10,346.5000,351.0000,344.7000,348.2500,1217620.0000,349.2688,349.8000,346.1000,346.3000,347.1000,,,,,,,,,330.0000,,,,,,,,yahoo
TORNTPHARM,2026-08-10,4926.0000,4979.0000,4926.0000,4935.5000,29612.0000,4953.0702,4947.5000,4888.0000,4924.0000,4924.0000,,,,,,,,,40.0000,50.0000,,,,,,,yahoo
TRENT,2026-08-10,2990.0000,3031.8000,2990.0000,3013.0000,70590.0000,3012.6099,3047.0000,3007.1001,3022.0000,3025.0000,60.0000,145.0000,180.0000,,,,,,,,,,,,,,yahoo
TVSMOTOR,2026-08-10,4436.1001,4474.8999,4414.0000,4431.8999,102310.0000,4450.6631,4471.0000,4427.2002,4457.6001,4466.2002,250.0000,290.0000,,,,,,,,,,,,,,,yahoo
ULTRACEMCO,2026-08-10,11995.0000,12044.0000,11925.0000,12025.0000,9738.0000,12017.3850,12124.0000,12002.0000,12038.0000,12038.0000,135.0000,200.0000,,,,,,,,,,,,,,,yahoo
UNIONBANK,2026-08-10,183.6900,185.6900,182.7400,183.2400,1577301.0000,183.4082,184.0300,180.1000,180.1800,181.1400,,,,,,,,,185.0000,260.0000,320.0000,325.0000,330.0000,,,,yahoo
UNITDSPR,2026-08-10,1506.4000,1528.0000,1506.4000,1518.3000,41903.0000,1524.1364,1533.5000,1515.0000,1522.0000,1522.0000,60.0000,75.0000,140.0000,,,,,,,,,,,,,,yahoo
VBL,2026-08-10,442.1500,446.7500,441.6500,442.4000,162433.0000,443.9724,449.2000,441.6000,448.9000,448.0000,80.0000,115.0000,300.0000,315.0000,330.0000,,,,,,,,,,,,yahoo
VEDL,2026-08-10,279.1000,281.2000,277.2500,280.0000,2793856.0000,280.0300,285.8000,279.9500,283.9000,283.8500,20.0000,20.0000,25.0000,25.0000,30.0000,35.0000,,,,,,,,,,,yahoo
WIPRO,2026-08-10,187.1700,187.7800,186.2200,186.3000,531807.0000,186.8958,187.5700,185.0100,185.0100,185.5000,40.0000,,,,,,,,200.0000,,,,,,,,yahoo
ZYDUSLIFE,2026-08-10,1119.8000,1122.7000,1113.3000,1115.2000,54660.0000,1117.9411,1124.9000,1112.5000,1115.0000,1119.0000,10.0000,45.0000,,,,,,,,,,,,,,,yahoo
ABB,2026-08-11,7659.5000,7706.0000,7584.0000,7594.0000,41292.0000,7607.9434,7625.0000,7567.0000,7605.0000,7611.5000,,,,,,,,,,,,,,,,,yahoo
ADANIENSOL,2026-08-11,1670.0000,1671.4000,1632.6000,1635.9000,462652.0000,1644.6166,1653.6000,1616.1000,1622.0000,1622.0000,25.0000,30.0000,35.0000,,,,,,115.0000,125.0000,300.0000,,,,,,yahoo
ADANIENT,2026-08-11,3062.0000,3062.0000,3003.3999,3008.2000,237738.0000,3013.5754,3039.0000,2981.6001,2989.0000,2995.5000,35.0000,35.0000,40.0000,,,,,,120.0000,325.0000,,,,,,,yahoo
ADANIGREEN,2026-08-11,1409.8000,1409.8000,1364.2000,1368.3000,879320.0000,1372.3377,1380.0000,1355.0000,1359.0000,1366.0000,25.0000,35.0000,,,,,,,265.0000,325.0000,,,,,,,yahoo
ADANIPORTS,2026-08-11,1700.0000,1700.0000,1677.5000,1681.7000,337724.0000,1682.4102,1692.8000,1662.0000,1664.0000,1668.2000,35.0000,,,,,,,,100.0000,105.0000,265.0000,,,,,,yahoo
ADANIPOWER,2026-08-11,213.6400,213.6400,209.8100,209.8600,2488392.0000,210.5828,212.1100,208.4700,208.6500,209.0000,20.0000,35.0000,225.0000,,,,,,280.0000,,,,,,,,yahoo
AMBUJACEM,2026-08-11,432.6000,434.2500,427.5000,428.0000,158380.0000,429.2090,429.9500,423.0000,424.0000,424.0000,,,,,,,,,95.0000,265.0000,325.0000,,,,,,yahoo
APOLLOHOSP,2026-08-11,8931.5000,8972.0000,8763.5000,8763.5000,35602.0000,8842.8105,8891.5000,8682.0000,8744.5000,8750.5000,15.0000,15.0000,20.0000,30.0000,,,,,5.0000,5.0000,,,,,,,yahoo
ASIANPAINT,2026-08-11,2736.3000,2746.8000,2733.3999,2735.1001,41680.0000,2738.8858,2747.6001,2720.0000,2735.5000,2735.5000,,,,,,,,,105.0000,,,,,,,,yahoo
AXISBANK,2026-08-11,1243.0000,1243.0000,1228.5000,1230.3000,407148.0000,1231.9405,1232.7000,1225.4000,1229.5000,1229.8000,,,,,,,,,,,,,,,,,yahoo
BAJAJ-AUTO,2026-08-11,11705.0000,11843.0000,11705.0000,11835.0000,53077.0000,11808.5120,11863.0000,11621.0000,11717.0000,11717.0000,,,,,,,,,35.0000,45.0000,175.0000,190.0000,205.0000,,,,yahoo
BAJAJFINSV,2026-08-11,2015.0000,2033.8000,2013.3000,2033.6000,89247.0000,2027.3762,2043.9000,2012.0000,2032.0000,2032.0000,60.0000,,,,,,,,195.0000,330.0000,330.0000,,,,,,yahoo
BAJAJHLDNG,2026-08-11,11494.0000,11514.0000,11414.0000,11505.0000,2816.0000,11465.3821,11599.0000,11471.0000,11550.0000,11550.0000,40.0000,40.0000,,,,,,,,,,,,,,,yahoo
BAJFINANCE,2026-08-11,1096.9000,1096.9000,1086.6000,1093.6000,783961.0000,1089.8576,1101.5000,1089.8000,1093.3000,1093.3000,270.0000,,,,,,,,,,,,,,,,yahoo
BANKBARODA,2026-08-11,246.9300,246.9300,243.9900,244.4900,1975816.0000,244.7955,247.2900,243.6200,246.2000,246.2000,45.0000,70.0000,75.0000,,,,,,,,,,,,,,yahoo
BEL,2026-08-11,405.7000,406.7500,401.5500,401.9500,658258.0000,402.8172,405.8500,401.4000,405.8500,405.8500,210.0000,330.0000,,,,,,,,,,,,,,,yahoo
BHARTIARTL,2026-08-11,1937.2000,1937.2000,1921.3000,1923.8000,305827.0000,1924.3770,1927.2000,1915.2000,1915.2000,1915.2000,,,,,,,,,,,,,,,,,yahoo
BOSCHLTD,2026-08-11,44220.0000,45560.0000,44220.0000,44965.0000,24644.0000,44982.6474,45740.0000,44515.0000,45200.0000,45185.0000,35.0000,150.0000,155.0000,155.0000,160.0000,,,,5.0000,5.0000,5.0000,,,,,,yahoo
BPCL,2026-08-11,315.9500,317.4000,315.9500,317.0000,156213.0000,317.0295,318.9500,315.0000,317.0500,317.8000,45.0000,,,,,,,,160.0000,,,,,,,,yahoo
BRITANNIA,2026-08-11,5630.0000,5635.5000,5609.5000,5624.0000,19642.0000,5620.9482,5652.0000,5600.0000,5614.0000,5598.0000,,,,,,,,,,,,,,,,,yahoo
CANBK,2026-08-11,129.0000,129.0000,128.0500,128.1600,1240215.0000,128.4682,130.4800,127.9000,130.3000,130.3000,45.0000,70.0000,75.0000,75.0000,95.0000,,,,,,,,,,,,yahoo
CGPOWER,2026-08-11,878.0000,879.6000,869.2500,870.0500,114955.0000,871.5545,881.0000,866.2500,881.0000,881.0000,225.0000,300.0000,330.0000,330.0000,,,,,,,,,,,,,yahoo
CHOLAFIN,2026-08-11,1903.2000,1905.6000,1894.0000,1901.0000,93409.0000,1901.1581,1925.4000,1899.4000,1900.0000,1914.4000,30.0000,50.0000,65.0000,75.0000,,,,,,,,,,,,,yahoo
CIPLA,2026-08-11,1468.0000,1469.2000,1458.3000,1459.9000,56370.0000,1461.5263,1467.7000,1457.3000,1463.0000,1463.0000,55.0000,,,,,,,,,,,,,,,,yahoo
COALINDIA,2026-08-11,411.4500,411.4500,409.4000,410.7500,240138.0000,409.9516,413.3000,410.0500,411.5000,411.5000,215.0000,,,,,,,,,,,,,,,,yahoo
CUMMINSIND,2026-08-11,5427.5000,5439.5000,5391.5000,5398.0000,25368.0000,5404.8304,5398.0000,5361.0000,5378.5000,5378.5000,,,,,,,,,100.0000,,,,,,,,yahoo
DIVISLAB,2026-08-11,8300.0000,8342.0000,8286.5000,8310.0000,23395.0000,8314.0984,8560.0000,8298.5000,8560.0000,8578.5000,40.0000,45.0000,50.0000,60.0000,65.0000,135.0000,310.0000,330.0000,,,,,,,,,yahoo
DLF,2026-08-11,660.0000,660.0000,648.2500,651.7000,416192.0000,650.7340,656.5000,650.1000,650.1000,650.1000,20.0000,,,,,,,,,,,,,,,,yahoo
DMART,2026-08-11,4051.3000,4054.7000,4020.0000,4020.3000,33215.0000,4032.2432,4085.0000,4010.1001,4054.8999,4054.8999,140.0000,145.0000,170.0000,175.0000,175.0000,,,,,,,,,,,,yahoo
DRREDDY,2026-08-11,1160.6000,1163.1000,1156.8000,1157.3000,272875.0000,1159.9381,1206.5000,1155.1000,1205.0000,1205.0000,95.0000,95.0000,105.0000,105.0000,115.0000,120.0000,135.0000,145.0000,,,,,,,,,yahoo
EICHERMOT,2026-08-11,7977.5000,8109.5000,7977.5000,8087.5000,119554.0000,8077.5308,8098.0000,7972.5000,7983.5000,8000.0000,,,,,,,,,45.0000,125.0000,205.0000,270.0000,,,,,yahoo
ENRIN,2026-08-11,3584.0000,3603.8000,3536.6001,3556.5000,53819.0000,3550.4505,3595.0000,3550.1001,3564.3000,3570.0000,35.0000,40.0000,60.0000,,,,,,,,,,,,,,yahoo
ETERNAL,2026-08-11,310.3500,311.3000,307.0500,307.5000,1483866.0000,308.1177,318.4500,306.3000,316.7500,318.0000,135.0000,145.0000,155.0000,175.0000,215.0000,250.0000,290.0000,310.0000,,,,,,,,,yahoo
GAIL,2026-08-11,171.7700,173.0900,171.6400,172.7200,1036515.0000,172.5324,175.1700,172.5400,174.3800,175.3400,55.0000,115.0000,180.0000,210.0000,,,,,,,,,,,,,yahoo
GODREJCP,2026-08-11,1020.2000,1031.1000,1020.2000,1022.5000,85020.0000,1025.8211,1027.3000,1017.0000,1025.0000,1025.0000,,,,,,,,,115.0000,,,,,,,,yahoo
GRASIM,2026-08-11,3366.3000,3402.8000,3339.0000,3343.1001,43432.0000,3351.9691,3359.5000,3301.8999,3310.0000,3322.2000,,,,,,,,,215.0000,295.0000,320.0000,,,,,,yahoo
HAL,2026-08-11,4932.8999,4958.8999,4882.0000,4895.7002,49280.0000,4911.1684,4910.5000,4857.2998,4880.0000,4909.0000,,,,,,,,,135.0000,135.0000,,,,,,,yahoo
HCLTECH,2026-08-11,1362.9000,1377.0000,1361.4000,1371.0000,273202.0000,1372.3223,1379.8000,1359.2000,1360.0000,1365.4000,15.0000,,,,,,,,45.0000,220.0000,,,,,,,yahoo
HDFCAMC,2026-08-11,2554.1001,2554.1001,2510.0000,2514.6001,65251.0000,2517.5699,2542.7000,2504.5000,2515.0000,2515.0000,35.0000,35.0000,150.0000,,,,,,,,,,,,,,yahoo
HDFCBANK,2026-08-11,730.0000,730.5000,727.0500,727.4000,2240809.0000,728.1002,730.8500,726.7000,729.0000,729.0000,,,,,,,,,,,,,,,,,yahoo
HDFCLIFE,2026-08-11,539.3500,539.3500,536.0500,536.8000,111533.0000,536.9492,538.6500,532.4500,536.1500,536.0000,,,,,,,,,80.0000,155.0000,,,,,,,yahoo
HINDALCO,2026-08-11,1053.2000,1064.4000,1053.2000,1058.6500,364887.0000,1057.3733,1068.7500,1052.0000,1052.0000,1049.1000,45.0000,45.0000,,,,,,,215.0000,,,,,,,,yahoo
HINDUNILVR,2026-08-11,2086.0000,2086.0000,2072.5000,2075.8999,55887.0000,2076.7818,2077.7000,2064.8999,2064.8999,2064.8999,,,,,,,,,330.0000,,,,,,,,yahoo
HINDZINC,2026-08-11,601.6500,606.5000,601.0000,604.9000,500245.0000,603.3691,607.0000,585.0000,585.0000,586.6500,,,,,,,,,55.0000,75.0000,80.0000,80.0000,80.0000,260.0000,265.0000,330.0000,yahoo
HYUNDAI,2026-08-11,2223.0000,2234.8999,2208.3000,2210.2000,34538.0000,2220.8008,2236.7000,2200.0000,2200.0000,2200.0000,115.0000,150.0000,150.0000,,,,,,,,,,,,,,yahoo
ICICIBANK,2026-08-11,1432.8000,1432.8000,1422.6000,1424.6000,330884.0000,1425.3809,1427.3000,1412.3000,1426.0000,1429.6000,,,,,,,,,150.0000,180.0000,,,,,,,yahoo
INDHOTEL,2026-08-11,728.5500,729.3500,721.6500,723.0500,118431.0000,726.1301,726.0000,721.1000,724.0000,724.0000,,,,,,,,,,,,,,,,,yahoo
INDIGO,2026-08-11,5330.0000,5330.0000,5221.5000,5264.5000,54222.0000,5246.0684,5284.5000,5233.5000,5284.0000,5284.0000,,,,,,,,,105.0000,,,,,,,,yahoo
INFY,2026-08-11,1187.3000,1193.5000,1183.2000,1189.4000,939040.0000,1190.9152,1192.9000,1182.0000,1187.2000,1190.7000,,,,,,,,,40.0000,,,,,,,,yahoo
IOC,2026-08-11,140.6400,140.7100,139.7400,140.0000,1136138.0000,139.9718,141.2500,139.4300,140.6000,140.0000,180.0000,190.0000,,,,,,,,,,,,,,,yahoo
IRFC,2026-08-11,88.4900,88.5200,88.0600,88.1800,616179.0000,88.1545,88.4000,87.8700,88.0500,87.9100,,,,,,,,,,,,,,,,,yahoo
ITC,2026-08-11,282.0000,282.1500,281.0000,281.2000,1297257.0000,281.1737,281.7000,278.3500,279.0000,279.0000,,,,,,,,,280.0000,305.0000,330.0000,,,,,,yahoo
JINDALSTEL,2026-08-11,1125.0000,1125.0000,1111.3000,1112.2000,76242.0000,1114.0524,1115.0000,1095.0000,1095.0000,1095.0000,,,,,,,,,80.0000,135.0000,160.0000,160.0000,330.0000,,,,yahoo
JIOFIN,2026-08-11,253.9000,253.9000,252.1500,252.3500,782852.0000,252.7174,253.6500,252.0500,252.5000,252.7500,60.0000,,,,,,,,,,,,,,,,yahoo
JSWSTEEL,2026-08-11,1299.9000,1302.3000,1296.5000,1300.3000,34164.0000,1299.0476,1303.8000,1276.4000,1283.4000,1283.4000,,,,,,,,,65.0000,95.0000,120.0000,150.0000,260.0000,,,,yahoo
KOTAKBANK,2026-08-11,392.0000,392.0000,388.8500,390.1500,188182.0000,389.5636,392.3000,388.3000,392.0000,392.9000,330.0000,,,,,,,,,,,,,,,,yahoo
LODHA,2026-08-11,1216.0000,1226.8000,1213.4000,1217.3000,85561.0000,1218.7566,1228.8000,1202.0000,1211.0000,1212.0000,20.0000,40.0000,,,,,,,265.0000,265.0000,330.0000,330.0000,,,,,yahoo
LT,2026-08-11,4068.8999,4075.0000,4050.3999,4052.3999,88426.0000,4055.1047,4055.0000,4028.8000,4047.5000,4037.3999,,,,,,,,,135.0000,,,,,,,,yahoo
LTM,2026-08-11,4802.0000,4825.0000,4786.2998,4805.1001,46398.0000,4812.7018,4850.0000,4751.0000,4850.0000,4850.0000,130.0000,215.0000,,,,,,,30.0000,35.0000,40.0000,,,,,,yahoo
M&M,2026-08-11,3509.8000,3512.2000,3490.0000,3504.2000,156711.0000,3502.8189,3507.0000,3456.0000,3460.1001,3460.1001,,,,,,,,,190.0000,190.0000,250.0000,280.0000,,,,,yahoo
MARUTI,2026-08-11,14084.0000,14135.0000,14062.0000,14113.0000,21135.0000,14097.0656,14175.0000,13984.0000,14011.0000,13990.0000,,,,,,,,,275.0000,305.0000,,,,,,,yahoo
MAXHEALTH,2026-08-11,1066.3000,1066.3000,1043.6000,1047.2000,136586.0000,1051.2159,1061.0000,1035.8000,1039.3000,1040.0000,15.0000,15.0000,15.0000,20.0000,,,,,145.0000,160.0000,160.0000,,,,,,yahoo
MAZDOCK,2026-08-11,2579.7000,2587.8999,2540.8000,2549.8999,171655.0000,2559.6856,2563.8000,2547.1001,2554.0000,2554.0000,65.0000,,,,,,,,,,,,,,,,yahoo
MOTHERSON,2026-08-11,168.7800,169.9400,168.3500,168.7000,1495901.0000,168.9895,169.4400,167.4600,169.2600,169.2600,,,,,,,,,20.0000,,,,,,,,yahoo
MUTHOOTFIN,2026-08-11,2921.0000,2947.0000,2915.0000,2943.3999,197858.0000,2940.8149,2963.0000,2916.2000,2923.6001,2915.8999,60.0000,,,,,,,,95.0000,110.0000,,,,,,,yahoo
NESTLEIND,2026-08-11,1533.6000,1540.0000,1520.5000,1525.2000,207731.0000,1524.9533,1525.7000,1493.2000,1493.2000,1493.2000,,,,,,,,,10.0000,10.0000,20.0000,30.0000,55.0000,330.0000,,,yahoo
NTPC,2026-08-11,339.6000,339.8000,337.5500,337.9000,220644.0000,338.3322,339.4500,336.0500,339.2500,338.4500,,,,,,,,,135.0000,,,,,,,,yahoo
ONGC,2026-08-11,240.8700,243.6300,240.4800,242.2400,2480973.0000,242.6991,242.5300,239.8500,239.9100,239.4500,,,,,,,,,55.0000,75.0000,,,,,,,yahoo
PFC,2026-08-11,385.8500,387.0000,381.9500,382.3500,1479102.0000,383.3530,384.2500,380.1500,381.0000,381.0000,,,,,,,,,325.0000,,,,,,,,yahoo
PIDILITIND,2026-08-11,1677.8000,1683.4000,1672.8000,1674.5000,96822.0000,1677.9141,1682.7000,1664.3000,1677.1000,1685.8000,,,,,,,,,135.0000,,,,,,,,yahoo
PNB,2026-08-11,113.3400,113.4900,112.6100,112.7400,1140672.0000,112.9090,114.2800,112.3700,113.8000,114.0300,70.0000,75.0000,190.0000,225.0000,,,,,,,,,,,,,yahoo
POWERGRID,2026-08-11,269.6000,270.0000,268.3500,268.4500,601710.0000,268.8393,269.0000,266.7000,267.9000,267.9500,,,,,,,,,100.0000,,,,,,,,yahoo
RECLTD,2026-08-11,344.8000,344.9500,341.2000,341.5000,762394.0000,342.3400,344.1000,341.2500,342.5500,344.7000,10.0000,330.0000,,,,,,,,,,,,,,,yahoo
RELIANCE,2026-08-11,1326.4000,1326.4000,1314.3000,1317.9000,409618.0000,1318.2797,1328.4000,1317.2000,1320.6000,1323.9000,205.0000,225.0000,,,,,,,,,,,,,,,yahoo
SBILIFE,2026-08-11,1861.2000,1861.2000,1829.1000,1832.8000,36425.0000,1836.6902,1840.0000,1815.5000,1837.6000,1837.6000,,,,,,,,,35.0000,80.0000,,,,,,,yahoo
SBIN,2026-08-11,1071.0000,1071.0000,1060.9000,1064.2000,628573.0000,1064.7739,1070.7000,1062.1000,1066.2000,1066.0000,90.0000,,,,,,,,,,,,,,,,yahoo
SHREECEM,2026-08-11,26100.0000,26100.0000,25690.0000,25725.0000,1345.0000,25790.4907,25840.0000,25450.0000,25490.0000,25510.0000,,,,,,,,,85.0000,100.0000,280.0000,,,,,,yahoo
SHRIRAMFIN,2026-08-11,1132.7000,1132.7000,1123.3000,1130.0000,403391.0000,1125.9415,1133.2000,1121.2000,1125.5000,1129.9000,,,,,,,,,130.0000,205.0000,,,,,,,yahoo
SIEMENS,2026-08-11,3896.1001,3936.6001,3885.1001,3910.7000,38867.0000,3900.0978,4040.0000,3860.0000,4011.0000,4011.0000,85.0000,280.0000,300.0000,300.0000,300.0000,300.0000,300.0000,310.0000,15.0000,115.0000,275.0000,280.0000,,,,,yahoo
SOLARINDS,2026-08-11,18791.0000,18813.0000,18420.0000,18486.0000,15008.0000,18554.7825,18735.0000,18423.0000,18680.0000,18770.0000,50.0000,55.0000,65.0000,105.0000,,,,,,,,,,,,,yahoo
SUNPHARMA,2026-08-11,1939.0000,1949.2000,1937.1000,1941.5000,98148.0000,1940.1725,1950.8000,1929.0000,1942.0000,1942.0000,,,,,,,,,145.0000,,,,,,,,yahoo
TATACAP,2026-08-11,367.5000,369.1000,366.6500,367.1500,121684.0000,367.7279,370.5500,366.9000,367.2500,367.2000,55.0000,70.0000,,,,,,,,,,,,,,,yahoo
TATACONSUM,2026-08-11,1103.6000,1103.7000,1086.1000,1087.6000,119281.0000,1090.3429,1090.7000,1076.2000,1077.3000,1078.0000,,,,,,,,,95.0000,105.0000,120.0000,,,,,,yahoo
TATAPOWER,2026-08-11,381.4500,382.0000,378.5500,378.8000,314598.0000,379.5317,380.5500,377.5500,379.8000,380.0000,,,,,,,,,,,,,,,,,yahoo
TATASTEEL,2026-08-11,190.2400,190.4900,189.6600,189.9200,1077493.0000,190.0319,190.0000,186.8000,187.5900,188.2500,,,,,,,,,80.0000,85.0000,100.0000,120.0000,140.0000,,,,yahoo
TCS,2026-08-11,2437.8000,2456.0000,2432.0000,2435.0000,178274.0000,2443.8050,2445.7000,2428.0000,2445.7000,2445.7000,,,,,,,,,,,,,,,,,yahoo
TECHM,2026-08-11,1645.6000,1660.3000,1644.1000,1650.5000,170239.0000,1651.7363,1653.6000,1640.0000,1641.5000,1643.0000,,,,,,,,,210.0000,,,,,,,,yahoo
TITAN,2026-08-11,5099.0000,5168.0000,5092.2002,5159.1001,211038.0000,5148.8435,5164.0000,5110.0000,5117.0000,5128.0000,,,,,,,,,60.0000,290.0000,,,,,,,yahoo
TMCV,2026-08-11,450.1500,451.1000,447.0000,448.3000,475696.0000,448.3169,450.3000,444.5000,448.3000,450.0500,,,,,,,,,80.0000,140.0000,,,,,,,yahoo
TMPV,2026-08-11,346.0000,347.6500,344.9500,346.3000,215357.0000,346.3159,348.7000,344.4500,347.2000,347.6000,225.0000,,,,,,,,85.0000,,,,,,,,yahoo
TORNTPHARM,2026-08-11,4903.5000,4917.5000,4866.5000,4866.5000,49081.0000,4879.9863,4889.5000,4831.0000,4886.0000,4886.0000,,,,,,,,,145.0000,,,,,,,,yahoo
TRENT,2026-08-11,3024.3000,3029.1001,2992.0000,3002.6001,63234.0000,3001.5702,3021.8000,2992.8999,3007.0000,3000.0000,160.0000,,,,,,,,,,,,,,,,yahoo
TVSMOTOR,2026-08-11,4444.6001,4460.0000,4417.0000,4438.3999,75877.0000,4433.4419,4441.7998,4370.1001,4410.0000,4400.0000,,,,,,,,,25.0000,180.0000,200.0000,205.0000,205.0000,,,,yahoo
ULTRACEMCO,2026-08-11,12038.0000,12038.0000,11940.0000,11949.0000,9306.0000,11964.3381,11965.0000,11730.0000,11774.0000,11780.0000,,,,,,,,,85.0000,95.0000,95.0000,100.0000,250.0000,,,,yahoo
UNIONBANK,2026-08-11,181.9400,181.9400,179.9800,180.2600,992952.0000,180.5917,184.7500,179.8800,182.0200,182.5000,25.0000,30.0000,75.0000,150.0000,165.0000,205.0000,,,,,,,,,,,yahoo
UNITDSPR,2026-08-11,1520.6000,1526.9000,1515.3000,1518.3000,56098.0000,1519.3861,1536.5000,1517.9000,1534.0000,1548.7000,15.0000,240.0000,310.0000,,,,,,,,,,,,,,yahoo
VBL,2026-08-11,445.6500,448.4500,445.6500,446.1500,171209.0000,446.9339,447.0500,435.4500,437.0000,437.0000,,,,,,,,,85.0000,235.0000,265.0000,270.0000,290.0000,320.0000,,,yahoo
VEDL,2026-08-11,284.9500,286.3000,284.0000,284.7000,1553062.0000,284.5021,285.2000,275.2500,275.7500,275.0000,,,,,,,,,40.0000,45.0000,60.0000,80.0000,80.0000,155.0000,265.0000,310.0000,yahoo
WIPRO,2026-08-11,185.5000,187.4200,185.5000,185.9100,1153687.0000,186.5863,185.9300,183.3400,183.8500,184.6000,,,,,,,,,35.0000,55.0000,60.0000,95.0000,,,,,yahoo
ZYDUSLIFE,2026-08-11,1121.2000,1129.3000,1119.5000,1125.4000,92782.0000,1125.3786,1204.8000,1117.6000,1194.3000,1191.0000,45.0000,50.0000,50.0000,50.0000,55.0000,125.0000,130.0000,175.0000,10.0000,,,,,,,,yahoo
ABB,2026-08-12,7610.0000,7679.0000,7594.5000,7665.0000,31108.0000,7643.8884,7739.0000,7632.5000,7716.5000,7710.0000,60.0000,220.0000,,,,,,,,,,,,,,,yahoo
ADANIENSOL,2026-08-12,1628.5000,1628.5000,1589.0000,1592.9000,210981.0000,1601.5116,1604.0000,1571.3000,1603.0000,1599.0000,10.0000,,,,,,,,25.0000,25.0000,25.0000,65.0000,,,,,yahoo
ADANIENT,2026-08-12,3007.2000,3008.3999,2967.0000,2974.3000,150649.0000,2975.6740,2986.1001,2943.0000,2980.0000,2985.7000,,,,,,,,,65.0000,125.0000,130.0000,,,,,,yahoo
ADANIGREEN,2026-08-12,1370.0000,1370.0000,1341.4000,1343.3000,277307.0000,1349.4559,1343.7000,1315.3000,1332.0000,1332.3000,,,,,,,,,5.0000,25.0000,65.0000,65.0000,100.0000,205.0000,,,yahoo
ADANIPORTS,2026-08-12,1672.6000,1672.6000,1657.1000,1659.0000,157344.0000,1660.6078,1660.0000,1641.5000,1657.2000,1665.0000,,,,,,,,,80.0000,90.0000,185.0000,,,,,,yahoo
ADANIPOWER,2026-08-12,209.2000,209.5700,207.8000,207.8200,1557292.0000,208.2363,207.8800,205.1000,206.3000,206.9900,,,,,,,,,25.0000,65.0000,75.0000,135.0000,,,,,yahoo
AMBUJACEM,2026-08-12,426.4000,426.6000,422.0000,422.7500,289748.0000,423.5974,422.5500,418.1500,421.9500,421.0000,,,,,,,,,25.0000,45.0000,80.0000,,,,,,yahoo
APOLLOHOSP,2026-08-12,8759.5000,8760.0000,8581.0000,8609.0000,104279.0000,8617.1444,8664.5000,8507.5000,8560.0000,8597.0000,35.0000,,,,,,,,70.0000,105.0000,260.0000,,,,,,yahoo
ASIANPAINT,2026-08-12,2727.2000,2747.5000,2727.2000,2734.1001,33358.0000,2736.2100,2743.8000,2699.0000,2740.0000,2740.0000,,,,,,,,,20.0000,35.0000,315.0000,315.0000,,,,,yahoo
AXISBANK,2026-08-12,1231.9000,1234.6000,1226.3000,1231.9000,536228.0000,1231.5726,1234.9000,1217.1000,1225.0000,1230.0000,,,,,,,,,80.0000,115.0000,185.0000,,,,,,yahoo
BAJAJ-AUTO,2026-08-12,11717.0000,11815.0000,11717.0000,11763.0000,21225.0000,11793.5747,11770.0000,11678.0000,11704.0000,11700.0000,,,,,,,,,320.0000,,,,,,,,yahoo
BAJAJFINSV,2026-08-12,2027.7000,2027.7000,2006.9000,2013.4000,38245.0000,2012.8093,2024.0000,2006.2000,2015.0000,2020.5000,70.0000,,,,,,,,,,,,,,,,yahoo
BAJAJHLDNG,2026-08-12,11587.0000,11587.0000,11503.0000,11558.0000,3651.0000,11544.6075,11557.0000,11410.0000,11414.0000,11579.0000,,,,,,,,,65.0000,135.0000,240.0000,330.0000,,,,,yahoo
BAJFINANCE,2026-08-12,1092.0000,1094.1000,1084.6000,1085.5000,785725.0000,1089.0097,1090.0000,1080.0000,1088.3000,1094.2000,,,,,,,,,120.0000,,,,,,,,yahoo
BANKBARODA,2026-08-12,245.7300,250.2300,245.7300,250.1400,1303448.0000,249.1738,251.3400,248.6300,249.9000,251.0000,,,,,,,,,110.0000,,,,,,,,yahoo
BEL,2026-08-12,404.3500,405.1000,402.4000,402.7000,563852.0000,403.1996,406.2000,399.3000,404.3000,405.7000,285.0000,295.0000,,,,,,,105.0000,105.0000,,,,,,,yahoo
BHARTIARTL,2026-08-12,1910.1000,1913.6000,1901.7000,1907.0000,670829.0000,1905.0397,1930.3000,1902.2000,1918.0000,1945.0000,330.0000,330.0000,330.0000,,,,,,,,,,,,,,yahoo
BOSCHLTD,2026-08-12,45150.0000,46595.0000,45150.0000,46400.0000,24794.0000,46260.5628,46735.0000,46215.0000,46350.0000,46480.0000,15.0000,,,,,,,,,,,,,,,,yahoo
BPCL,2026-08-12,317.1000,318.4000,316.0000,316.9000,211497.0000,317.5737,317.0000,311.5000,314.2000,317.0000,,,,,,,,,15.0000,20.0000,60.0000,75.0000,80.0000,,,,yahoo
BRITANNIA,2026-08-12,5588.0000,5615.0000,5562.0000,5610.5000,10926.0000,5605.4409,5626.5000,5575.0000,5595.0000,5645.5000,,,,,,,,,25.0000,,,,,,,,yahoo
CANBK,2026-08-12,129.9600,133.1000,129.6200,132.8500,8861065.0000,132.1244,132.8800,130.9900,131.7500,132.0000,,,,,,,,,15.0000,65.0000,95.0000,120.0000,,,,,yahoo
CGPOWER,2026-08-12,880.2000,880.2000,872.2500,873.3500,168623.0000,874.2502,887.9000,872.5000,885.0000,888.0000,15.0000,155.0000,155.0000,180.0000,215.0000,,,,,,,,,,,,yahoo
CHOLAFIN,2026-08-12,1899.5000,1908.8000,1891.1000,1899.9000,53525.0000,1901.4992,1917.6000,1888.5000,1917.6000,1917.6000,330.0000,330.0000,,,,,,,15.0000,,,,,,,,yahoo
CIPLA,2026-08-12,1461.9000,1465.6000,1456.5000,1460.1000,28973.0000,1459.2350,1468.3000,1456.8000,1459.0000,1463.0000,70.0000,,,,,,,,,,,,,,,,yahoo
COALINDIA,2026-08-12,412.2500,413.6500,411.8000,412.5500,220210.0000,412.9988,413.2500,408.3000,408.7500,409.3000,,,,,,,,,105.0000,115.0000,165.0000,,,,,,yahoo
CUMMINSIND,2026-08-12,5377.5000,5387.0000,5349.5000,5365.5000,37498.0000,5370.5773,5387.5000,5330.5000,5364.5000,5365.0000,,,,,,,,,50.0000,,,,,,,,yahoo
DIVISLAB,2026-08-12,8600.5000,8673.5000,8588.0000,8613.0000,72033.0000,8625.8930,8624.5000,8475.5000,8480.0000,8600.0000,,,,,,,,,95.0000,180.0000,260.0000,265.0000,285.0000,,,,yahoo
DLF,2026-08-12,652.1500,652.1500,645.2000,649.0500,263808.0000,647.3961,658.7000,644.5500,657.6000,661.7500,160.0000,165.0000,205.0000,315.0000,,,,,5.0000,,,,,,,,yahoo
DMART,2026-08-12,4046.3999,4059.5000,4031.2000,4035.5000,27234.0000,4039.0092,4066.8999,4031.0000,4040.0000,4040.0000,55.0000,95.0000,,,,,,,,,,,,,,,yahoo
DRREDDY,2026-08-12,1202.7000,1204.1000,1190.7000,1193.7000,205555.0000,1194.1502,1204.0000,1190.5000,1195.0000,1200.0000,35.0000,70.0000,,,,,,,,,,,,,,,yahoo
EICHERMOT,2026-08-12,8001.0000,8011.0000,7986.0000,7988.0000,25966.0000,7997.3192,8039.5000,7950.0000,8022.0000,8049.0000,310.0000,,,,,,,,,,,,,,,,yahoo
ENRIN,2026-08-12,3581.6001,3611.0000,3545.0000,3548.5000,36732.0000,3566.6341,3571.3999,3488.0000,3571.3999,3580.0000,320.0000,,,,,,,,65.0000,75.0000,90.0000,90.0000,95.0000,,,,yahoo
ETERNAL,2026-08-12,318.1000,318.7000,316.3500,316.7500,1802883.0000,317.1571,317.4000,312.6000,314.9500,314.0500,,,,,,,,,15.0000,15.0000,15.0000,15.0000,,,,,yahoo
GAIL,2026-08-12,174.9800,175.3300,174.1700,174.3000,920923.0000,174.4680,175.3000,173.3100,174.6300,177.9500,315.0000,,,,,,,,10.0000,,,,,,,,yahoo
GODREJCP,2026-08-12,922.5000,951.8000,922.5000,927.5000,7732589.0000,934.1889,930.8000,908.0000,909.9000,910.0000,,,,,,,,,85.0000,85.0000,90.0000,105.0000,190.0000,330.0000,,,yahoo
GRASIM,2026-08-12,3350.0000,3381.6001,3340.0000,3364.8000,167333.0000,3369.5565,3391.3000,3272.8000,3313.7000,3307.8000,15.0000,285.0000,,,,,,,110.0000,110.0000,295.0000,295.0000,295.0000,295.0000,305.0000,,yahoo
HAL,2026-08-12,4907.1001,4918.8999,4882.0000,4888.6001,79305.0000,4899.7350,5053.7998,4807.8999,4989.8999,4995.0000,40.0000,270.0000,270.0000,270.0000,270.0000,280.0000,285.0000,285.0000,75.0000,265.0000,265.0000,265.0000,265.0000,,,,yahoo
HCLTECH,2026-08-12,1367.0000,1368.7000,1362.3000,1365.5000,111187.0000,1365.0122,1365.8000,1340.4000,1365.4000,1365.4000,,,,,,,,,20.0000,60.0000,65.0000,75.0000,80.0000,,,,yahoo
HDFCAMC,2026-08-12,2514.8999,2519.5000,2500.7000,2507.1001,68111.0000,2511.2409,2509.5000,2482.3000,2485.0000,2490.0000,,,,,,,,,10.0000,85.0000,,,,,,,yahoo
HDFCBANK,2026-08-12,729.6500,729.6500,724.0500,727.0500,2433476.0000,726.8816,730.6000,722.0000,728.5000,729.0000,,,,,,,,,75.0000,,,,,,,,yahoo
HDFCLIFE,2026-08-12,536.0000,537.5000,534.0000,536.0000,189699.0000,536.1825,537.5000,531.5000,535.8000,537.0000,,,,,,,,,95.0000,120.0000,,,,,,,yahoo
HINDALCO,2026-08-12,1061.5000,1087.7500,1061.5000,1082.2000,1704015.0000,1082.7371,1084.0500,1071.3000,1071.3000,1078.5000,,,,,,,,,15.0000,15.0000,330.0000,,,,,,yahoo
HINDUNILVR,2026-08-12,2065.0000,2069.0000,2056.6001,2059.0000,80952.0000,2059.5631,2059.0000,2050.1001,2056.0000,2063.0000,,,,,,,,,,,,,,,,,yahoo
HINDZINC,2026-08-12,591.6500,597.0000,590.3500,593.8500,885899.0000,594.8893,597.8000,576.6000,584.9000,584.6000,55.0000,,,,,,,,15.0000,15.0000,215.0000,220.0000,220.0000,230.0000,235.0000,,yahoo
HYUNDAI,2026-08-12,2193.0000,2217.8000,2193.0000,2213.1001,47989.0000,2210.9209,2245.0000,2210.0000,2240.0000,2240.0000,95.0000,160.0000,210.0000,330.0000,,,,,,,,,,,,,yahoo
ICICIBANK,2026-08-12,1427.8000,1431.9000,1420.1000,1430.0000,511978.0000,1428.4199,1434.6000,1421.4000,1426.1000,1431.7000,,,,,,,,,195.0000,,,,,,,,yahoo
INDHOTEL,2026-08-12,724.0000,724.0000,718.1000,719.1000,86514.0000,719.2509,721.2000,713.0500,721.2000,724.0000,,,,,,,,,110.0000,205.0000,,,,,,,yahoo
INDIGO,2026-08-12,5255.0000,5269.0000,5230.0000,5243.5000,36694.0000,5250.7705,5315.0000,5235.5000,5310.0000,5333.0000,280.0000,290.0000,310.0000,330.0000,,,,,,,,,,,,,yahoo
INFY,2026-08-12,1188.8000,1190.3000,1183.5000,1189.0000,583929.0000,1187.3918,1189.1000,1163.3000,1171.8000,1176.1000,,,,,,,,,20.0000,30.0000,60.0000,75.0000,75.0000,200.0000,,,yahoo
IOC,2026-08-12,140.4800,142.0500,140.3800,141.3500,1619197.0000,141.6782,141.4200,139.2900,140.6000,140.6000,,,,,,,,,35.0000,65.0000,80.0000,95.0000,,,,,yahoo
IRFC,2026-08-12,87.7500,88.3500,87.6800,87.9600,576919.0000,87.9373,88.3000,87.5100,88.2600,88.2600,,,,,,,,,115.0000,,,,,,,,yahoo
ITC,2026-08-12,279.3000,279.5500,278.0500,278.5500,577615.0000,278.4285,278.7500,275.4000,276.5000,276.1500,,,,,,,,,80.0000,285.0000,285.0000,,,,,,yahoo
JINDALSTEL,2026-08-12,1095.3000,1102.6000,1093.3000,1096.2000,41802.0000,1096.8107,1107.9000,1094.5000,1105.0000,1112.0000,35.0000,45.0000,50.0000,,,,,,,,,,,,,,yahoo
JIOFIN,2026-08-12,252.6500,252.7500,250.8000,250.8000,1572819.0000,251.6084,254.8500,249.0000,254.6000,256.0500,200.0000,200.0000,200.0000,200.0000,330.0000,,,,15.0000,,,,,,,,yahoo
JSWSTEEL,2026-08-12,1285.7000,1288.8000,1282.0000,1284.6000,57172.0000,1284.1554,1285.8000,1268.3000,1268.9000,1269.1000,,,,,,,,,85.0000,105.0000,240.0000,320.0000,,,,,yahoo
KOTAKBANK,2026-08-12,391.0500,391.5500,389.1000,389.8500,516844.0000,390.2155,394.2500,387.8500,391.5000,390.5000,290.0000,305.0000,315.0000,,,,,,80.0000,,,,,,,,yahoo
LODHA,2026-08-12,1215.0000,1217.6000,1202.1000,1209.7000,100303.0000,1207.3627,1217.4000,1187.0000,1198.4000,1209.0000,50.0000,,,,,,,,130.0000,130.0000,140.0000,140.0000,145.0000,,,,yahoo
LT,2026-08-12,4044.0000,4044.0000,4008.0000,4010.1001,138189.0000,4019.3476,4023.0000,3990.0000,4013.0000,4020.0000,,,,,,,,,135.0000,,,,,,,,yahoo
LTM,2026-08-12,4829.0000,4835.7998,4797.6001,4807.0000,15474.0000,4810.6782,4803.0000,4692.0000,4731.0000,4762.1001,,,,,,,,,15.0000,65.0000,65.0000,70.0000,75.0000,80.0000,,,yahoo
M&M,2026-08-12,3460.1001,3471.8000,3431.5000,3448.6001,129407.0000,3454.5405,3448.8999,3408.7000,3415.0000,3403.6001,,,,,,,,,5.0000,10.0000,75.0000,,,,,,yahoo
MARUTI,2026-08-12,13973.0000,14003.0000,13950.0000,13975.0000,21297.0000,13985.4726,14065.0000,13900.0000,13904.0000,13875.0000,105.0000,,,,,,,,330.0000,,,,,,,,yahoo
MAXHEALTH,2026-08-12,1030.9000,1034.6000,1015.9000,1017.6000,279802.0000,1021.3297,1023.7000,1001.8000,1006.5000,1007.5000,5.0000,,,,,,,,30.0000,80.0000,110.0000,165.0000,180.0000,,,,yahoo
MAZDOCK,2026-08-12,2552.0000,2562.5000,2537.6001,2547.2000,56594.0000,2548.0202,2568.2000,2487.7000,2552.0000,2552.0000,40.0000,45.0000,,,,,,,110.0000,135.0000,215.0000,220.0000,220.0000,220.0000,,,yahoo
MOTHERSON,2026-08-12,169.9900,171.8200,169.0600,170.8500,2909357.0000,171.0644,170.8500,168.7000,168.7000,169.5000,,,,,,,,,10.0000,160.0000,240.0000,330.0000,,,,,yahoo
MUTHOOTFIN,2026-08-12,2926.0000,2931.3999,2905.0000,2905.7000,54142.0000,2911.5497,2906.1001,2870.6001,2891.0000,2876.3000,,,,,,,,,15.0000,25.0000,105.0000,,,,,,yahoo
NESTLEIND,2026-08-12,1499.4000,1514.9000,1499.3000,1505.9000,232032.0000,1507.4460,1509.5000,1497.2000,1507.0000,1507.0000,,,,,,,,,265.0000,,,,,,,,yahoo
NTPC,2026-08-12,338.8500,339.8000,337.9500,338.1000,637376.0000,338.5836,341.3500,335.4000,338.5000,339.4500,225.0000,230.0000,,,,,,,45.0000,105.0000,,,,,,,yahoo
ONGC,2026-08-12,240.0000,241.1100,239.7700,239.7900,667879.0000,240.1478,240.3500,238.6500,239.2000,239.0500,,,,,,,,,,,,,,,,,yahoo
PFC,2026-08-12,381.6500,381.6500,377.4000,378.1000,917072.0000,378.5708,380.0000,375.3500,376.4500,376.5000,50.0000,,,,,,,,110.0000,,,,,,,,yahoo
PIDILITIND,2026-08-12,1684.6000,1693.5000,1681.4000,1689.1000,157465.0000,1688.4015,1701.5000,1686.2000,1701.5000,1701.5000,290.0000,,,,,,,,,,,,,,,,yahoo
PNB,2026-08-12,113.9300,117.9500,113.9300,117.8700,10686950.0000,116.8181,119.4700,117.2400,118.3100,118.9800,15.0000,20.0000,35.0000,40.0000,,,,,5.0000,,,,,,,,yahoo
POWERGRID,2026-08-12,267.8000,268.3500,266.6500,266.7500,340663.0000,266.9158,269.4500,266.3000,269.0000,269.4500,215.0000,230.0000,300.0000,,,,,,,,,,,,,,yahoo
RECLTD,2026-08-12,342.0000,343.1500,339.2000,339.8000,727301.0000,340.4322,347.0500,339.2500,344.0000,346.0000,40.0000,75.0000,190.0000,290.0000,290.0000,320.0000,,,,,,,,,,,yahoo
RELIANCE,2026-08-12,1322.8000,1325.5000,1315.3000,1316.9000,573004.0000,1317.6481,1323.5000,1309.8000,1320.5000,1329.0000,315.0000,,,,,,,,35.0000,,,,,,,,yahoo
SBILIFE,2026-08-12,1835.6000,1835.6000,1817.0000,1825.3000,56616.0000,1823.8383,1836.6000,1820.5000,1830.0000,1830.0000,50.0000,,,,,,,,,,,,,,,,yahoo
SBIN,2026-08-12,1067.5000,1083.9000,1066.4000,1080.6000,2234580.0000,1078.9931,1085.4000,1073.2000,1081.1000,1082.0000,,,,,,,,,125.0000,,,,,,,,yahoo
SHREECEM,2026-08-12,25450.0000,25455.0000,25285.0000,25310.0000,1566.0000,25318.6707,25570.0000,25155.0000,25570.0000,25570.0000,320.0000,330.0000,330.0000,,,,,,110.0000,,,,,,,,yahoo
SHRIRAMFIN,2026-08-12,1128.0000,1132.8000,1124.5000,1131.3000,553922.0000,1130.3250,1134.8000,1117.0000,1117.2000,1117.2000,,,,,,,,,90.0000,95.0000,105.0000,120.0000,,,,,yahoo
SIEMENS,2026-08-12,4026.3000,4092.0000,4002.5000,4023.3000,198287.0000,4043.8889,4060.0000,3993.5000,4019.0000,4019.0000,10.0000,10.0000,,,,,,,115.0000,,,,,,,,yahoo
SOLARINDS,2026-08-12,18705.0000,18750.0000,18643.0000,18650.0000,4693.0000,18682.7206,18800.0000,18530.0000,18730.0000,18730.0000,55.0000,295.0000,,,,,,,70.0000,,,,,,,,yahoo
SUNPHARMA,2026-08-12,1942.8000,1945.0000,1932.2000,1936.0000,65904.0000,1935.9301,1944.0000,1926.8000,1944.0000,1944.0000,,,,,,,,,,,,,,,,,yahoo
TATACAP,2026-08-12,367.4500,368.1000,364.8000,367.6500,92740.0000,367.0770,370.4500,365.6000,367.1000,367.0500,110.0000,110.0000,,,,,,,30.0000,,,,,,,,yahoo
TATACONSUM,2026-08-12,1074.2000,1076.6000,1066.3000,1066.6000,144496.0000,1068.9679,1069.9000,1054.3000,1061.0000,1061.9000,,,,,,,,,80.0000,105.0000,190.0000,,,,,,yahoo
TATAPOWER,2026-08-12,379.4000,379.5500,377.0500,377.1500,239199.0000,377.6590,379.4000,374.1500,378.7000,379.4500,315.0000,,,,,,,,85.0000,135.0000,,,,,,,yahoo
TATASTEEL,2026-08-12,188.4500,188.8800,187.5800,188.0500,1825979.0000,188.0730,188.2500,183.6400,185.4900,186.2000,,,,,,,,,75.0000,75.0000,85.0000,100.0000,105.0000,140.0000,,,yahoo
TCS,2026-08-12,2443.3000,2443.3000,2424.8000,2436.0000,159722.0000,2434.7239,2437.7000,2301.8000,2340.0000,2349.7000,,,,,,,,,20.0000,30.0000,45.0000,60.0000,65.0000,75.0000,75.0000,75.0000,yahoo
TECHM,2026-08-12,1653.5000,1656.5000,1648.9000,1655.1000,563959.0000,1653.4601,1655.7000,1622.1000,1625.2000,1625.0000,,,,,,,,,20.0000,50.0000,65.0000,75.0000,75.0000,,,,yahoo
TITAN,2026-08-12,5125.1001,5125.1001,5080.6001,5089.7998,57193.0000,5091.8137,5091.7002,4992.0000,5073.0000,5099.0000,,,,,,,,,80.0000,100.0000,115.0000,140.0000,150.0000,,,,yahoo
TMCV,2026-08-12,451.6000,456.8500,448.9500,455.8000,696823.0000,454.9420,456.9500,450.6500,456.6500,457.0500,,,,,,,,,30.0000,50.0000,130.0000,,,,,,yahoo
TMPV,2026-08-12,347.9000,351.0000,347.4500,347.6500,1169657.0000,349.4546,347.8000,334.7500,342.2500,343.0000,,,,,,,,,75.0000,75.0000,75.0000,75.0000,80.0000,80.0000,85.0000,85.0000,yahoo
TORNTPHARM,2026-08-12,4875.5000,4884.5000,4827.0000,4835.5000,37249.0000,4840.2010,4893.5000,4831.0000,4889.0000,4893.0000,25.0000,30.0000,35.0000,,,,,,,,,,,,,,yahoo
TRENT,2026-08-12,3002.1001,3016.2000,2996.0000,3015.8000,46740.0000,3006.9828,3018.8999,2974.3999,2984.5000,2987.0000,,,,,,,,,75.0000,80.0000,85.0000,150.0000,,,,,yahoo
TVSMOTOR,2026-08-12,4395.6001,4425.7002,4390.0000,4405.1001,97284.0000,4410.5471,4413.8999,4349.3999,4351.0000,4375.0000,,,,,,,,,170.0000,210.0000,245.0000,325.0000,,,,,yahoo
ULTRACEMCO,2026-08-12,11765.0000,11778.0000,11699.0000,11734.0000,18536.0000,11721.0129,11891.0000,11650.0000,11891.0000,11891.0000,325.0000,330.0000,330.0000,330.0000,,,,,110.0000,,,,,,,,yahoo
UNIONBANK,2026-08-12,182.4100,187.0800,181.9700,187.0100,4046127.0000,186.0078,187.5700,184.5400,186.7000,187.0000,,,,,,,,,15.0000,15.0000,130.0000,200.0000,,,,,yahoo
UNITDSPR,2026-08-12,1535.9000,1538.0000,1521.9000,1529.1000,58031.0000,1525.9713,1529.8000,1518.2000,1520.0000,1535.0000,,,,,,,,,105.0000,,,,,,,,yahoo
VBL,2026-08-12,439.1000,439.1000,434.2500,436.9000,365430.0000,436.3950,438.7000,434.2000,438.3500,440.5000,,,,,,,,,110.0000,,,,,,,,yahoo
VEDL,2026-08-12,276.9000,281.0000,276.8000,277.2000,1518558.0000,278.5996,277.3000,273.0500,274.5000,275.8000,,,,,,,,,10.0000,15.0000,75.0000,105.0000,,,,,yahoo
WIPRO,2026-08-12,184.4800,184.9900,183.1400,184.3700,715432.0000,183.8731,184.4000,181.9100,183.3900,183.9400,,,,,,,,,75.0000,75.0000,80.0000,135.0000,,,,,yahoo
ZYDUSLIFE,2026-08-12,1190.0000,1190.0000,1151.1000,1161.3000,494937.0000,1161.8244,1205.0000,1154.7000,1205.0000,1205.0000,30.0000,30.0000,30.0000,30.0000,35.0000,35.0000,65.0000,70.0000,20.0000,,,,,,,,yahoo
ABB,2026-08-13,7740.0000,7757.5000,7661.0000,7716.5000,28896.0000,7702.4479,7772.0000,7695.5000,7709.0000,7710.0000,35.0000,,,,,,,,,,,,,,,,yahoo
ADANIENSOL,2026-08-13,1606.9000,1638.3000,1597.7000,1598.4000,738187.0000,1615.9451,1600.2000,1570.6000,1583.0000,1583.0000,,,,,,,,,5.0000,5.0000,15.0000,30.0000,30.0000,,,,yahoo
ADANIENT,2026-08-13,2983.0000,3017.5000,2963.3000,2968.5000,203630.0000,2982.3847,2970.5000,2933.3999,2964.8999,2964.8999,,,,,,,,,20.0000,30.0000,40.0000,,,,,,yahoo
ADANIGREEN,2026-08-13,1335.3000,1352.2000,1322.8000,1327.1000,265631.0000,1332.6854,1328.1000,1315.0000,1318.9000,1319.0000,,,,,,,,,30.0000,125.0000,,,,,,,yahoo
ADANIPORTS,2026-08-13,1662.5000,1669.1000,1649.3000,1655.8000,119904.0000,1656.8996,1658.0000,1641.5000,1658.0000,1658.0000,,,,,,,,,30.0000,125.0000,,,,,,,yahoo
ADANIPOWER,2026-08-13,208.0400,209.7000,204.7800,205.7200,2973471.0000,206.2931,206.2500,204.1300,205.5300,206.1000,,,,,,,,,20.0000,45.0000,,,,,,,yahoo
AMBUJACEM,2026-08-13,423.2000,423.5000,419.7000,420.8500,147279.0000,421.0915,420.9000,418.0000,418.4500,419.4000,,,,,,,,,85.0000,,,,,,,,yahoo
APOLLOHOSP,2026-08-13,8708.5000,8784.0000,8609.0000,8620.0000,197869.0000,8715.8261,8687.5000,8554.0000,8600.0000,8600.0000,30.0000,40.0000,,,,,,,275.0000,290.0000,,,,,,,yahoo
ASIANPAINT,2026-08-13,2725.2000,2740.0000,2720.0000,2732.8000,51515.0000,2734.3993,2755.5000,2722.8999,2755.5000,2755.5000,160.0000,330.0000,,,,,,,,,,,,,,,yahoo
AXISBANK,2026-08-13,1222.8000,1224.5000,1218.2000,1223.9000,181673.0000,1222.4302,1224.4000,1215.6000,1221.5000,1221.8000,,,,,,,,,35.0000,,,,,,,,yahoo
BAJAJ-AUTO,2026-08-13,11689.0000,11722.0000,11653.0000,11676.0000,7310.0000,11680.5086,11750.0000,11609.0000,11661.0000,11661.0000,155.0000,,,,,,,,50.0000,,,,,,,,yahoo
BAJAJFINSV,2026-08-13,2012.6000,2020.0000,2007.0000,2017.6000,21821.0000,2017.1790,2037.7000,2016.8000,2025.0000,2025.0000,140.0000,160.0000,,,,,,,,,,,,,,,yahoo
BAJAJHLDNG,2026-08-13,11550.0000,11550.0000,11410.0000,11460.0000,2499.0000,11439.9154,11520.0000,11450.0000,11450.0000,11500.0000,15.0000,,,,,,,,,,,,,,,,yahoo
BAJFINANCE,2026-08-13,1090.0000,1093.4000,1085.1000,1088.2000,301100.0000,1089.6408,1091.2000,1083.1000,1090.8000,1090.8000,,,,,,,,,,,,,,,,,yahoo
BANKBARODA,2026-08-13,250.7100,250.7100,247.6800,248.8400,290386.0000,248.6794,250.4000,248.0000,248.0000,248.0000,5.0000,,,,,,,,,,,,,,,,yahoo
BEL,2026-08-13,405.2500,406.2500,403.0500,405.5000,1089591.0000,404.4594,411.7500,404.6500,409.3500,410.5000,30.0000,140.0000,150.0000,155.0000,185.0000,,,,,,,,,,,,yahoo
BHARTIARTL,2026-08-13,1961.1000,1969.6000,1930.5000,1936.4000,762251.0000,1938.4515,1968.2000,1936.1000,1938.0000,1939.1000,10.0000,10.0000,15.0000,20.0000,20.0000,,,,,,,,,,,,yahoo
BOSCHLTD,2026-08-13,46585.0000,47285.0000,46585.0000,47115.0000,11606.0000,47125.4288,47270.0000,46510.0000,46750.0000,46750.0000,,,,,,,,,60.0000,85.0000,245.0000,320.0000,,,,,yahoo
BPCL,2026-08-13,315.9000,315.9000,311.8000,311.9000,619878.0000,312.6692,315.4500,310.7000,315.0000,315.0000,210.0000,270.0000,270.0000,,,,,,,,,,,,,,yahoo
BRITANNIA,2026-08-13,5622.5000,5648.0000,5614.0000,5647.5000,8438.0000,5638.0471,5688.0000,5615.0000,5615.0000,5615.0000,20.0000,,,,,,,,325.0000,,,,,,,,yahoo
CANBK,2026-08-13,132.0900,132.0900,130.5000,131.5000,1347130.0000,131.2341,132.6000,131.2200,131.4000,131.8000,5.0000,5.0000,,,,,,,,,,,,,,,yahoo
CGPOWER,2026-08-13,890.6500,892.8000,880.2000,883.6000,169229.0000,883.7742,886.1500,878.3500,883.0000,886.5500,,,,,,,,,95.0000,,,,,,,,yahoo
CHOLAFIN,2026-08-13,1911.5000,1911.5000,1898.5000,1902.2000,40016.0000,1902.1742,1921.9000,1896.0000,1915.6000,1927.9000,135.0000,245.0000,305.0000,,,,,,,,,,,,,,yahoo
CIPLA,2026-08-13,1461.9000,1463.1000,1456.3000,1460.0000,21275.0000,1460.5165,1464.4000,1456.9000,1458.8000,1458.8000,,,,,,,,,,,,,,,,,yahoo
COALINDIA,2026-08-13,409.3000,409.8500,408.0000,408.0000,233596.0000,408.7091,409.0000,406.7500,408.0000,410.5000,,,,,,,,,,,,,,,,,yahoo
CUMMINSIND,2026-08-13,5364.0000,5384.0000,5353.5000,5367.0000,21145.0000,5369.5224,5371.5000,5330.0000,5330.0000,5315.0000,,,,,,,,,95.0000,,,,,,,,yahoo
DIVISLAB,2026-08-13,8501.0000,8509.0000,8440.0000,8469.5000,38549.0000,8471.7083,8500.0000,8415.0000,8500.0000,8500.0000,,,,,,,,,35.0000,,,,,,,,yahoo
DLF,2026-08-13,661.0500,661.0500,656.9000,658.1500,187202.0000,658.6668,667.7000,657.2000,664.0000,664.0000,65.0000,65.0000,70.0000,175.0000,,,,,,,,,,,,,yahoo
DMART,2026-08-13,4060.0000,4060.0000,4010.5000,4026.1001,15741.0000,4022.6314,4074.0000,4019.8999,4070.0000,4070.0000,125.0000,155.0000,160.0000,,,,,,,,,,,,,,yahoo
DRREDDY,2026-08-13,1196.5000,1196.5000,1184.4000,1184.9000,80144.0000,1187.2401,1208.1000,1182.1000,1206.7000,1206.0000,30.0000,30.0000,30.0000,85.0000,90.0000,,,,,,,,,,,,yahoo
EICHERMOT,2026-08-13,8049.5000,8054.5000,8023.5000,8042.5000,15010.0000,8038.3401,8087.5000,8016.0000,8081.0000,8100.0000,220.0000,,,,,,,,,,,,,,,,yahoo
ENRIN,2026-08-13,3585.0000,3626.8000,3585.0000,3595.3000,49072.0000,3603.9917,3618.8999,3500.5000,3561.8999,3562.0000,5.0000,,,,,,,,80.0000,90.0000,125.0000,135.0000,185.0000,220.0000,235.0000,,yahoo
ETERNAL,2026-08-13,314.7000,317.7500,313.4500,317.2500,2183899.0000,316.7800,319.2500,316.3000,318.4000,318.0000,40.0000,,,,,,,,,,,,,,,,yahoo
GAIL,2026-08-13,176.0000,176.0000,174.9200,175.2800,794436.0000,175.3776,175.9300,174.5000,175.1100,175.9000,,,,,,,,,,,,,,,,,yahoo
GODREJCP,2026-08-13,911.4000,916.4000,906.8000,915.8000,788256.0000,913.0571,939.0000,911.0000,936.0000,936.9000,75.0000,90.0000,90.0000,110.0000,185.0000,220.0000,325.0000,,30.0000,,,,,,,,yahoo
GRASIM,2026-08-13,3289.7000,3289.7000,3202.5000,3243.3000,169081.0000,3235.0258,3262.8000,3235.0000,3257.0000,3257.0000,20.0000,,,,,,,,,,,,,,,,yahoo
HAL,2026-08-13,5021.8999,5039.0000,4915.0000,4958.0000,225010.0000,4955.5370,5046.7998,4930.0000,4930.0000,4945.0000,5.0000,30.0000,30.0000,35.0000,35.0000,,,,290.0000,,,,,,,,yahoo
HCLTECH,2026-08-13,1362.7000,1362.7000,1355.0000,1358.9000,67801.0000,1358.7906,1372.9000,1355.1000,1370.0000,1370.0000,130.0000,140.0000,140.0000,,,,,,,,,,,,,,yahoo
HDFCAMC,2026-08-13,2498.8000,2498.8000,2481.5000,2489.2000,34269.0000,2486.3023,2502.3999,2479.5000,2483.0000,2499.5000,170.0000,,,,,,,,,,,,,,,,yahoo
HDFCBANK,2026-08-13,726.5000,729.0000,724.7000,728.3500,1524551.0000,727.3060,728.9000,725.7000,726.8000,725.0000,,,,,,,,,,,,,,,,,yahoo
HDFCLIFE,2026-08-13,536.9500,537.4500,532.9000,537.2500,134170.0000,535.3546,539.7000,535.5000,535.5000,538.0500,,,,,,,,,,,,,,,,,yahoo
HINDALCO,2026-08-13,1072.3000,1072.3000,1052.5500,1055.0000,708241.0000,1056.0214,1056.6500,1040.0500,1043.5000,1046.2500,,,,,,,,,30.0000,180.0000,315.0000,325.0000,,,,,yahoo
HINDUNILVR,2026-08-13,2063.0000,2063.0000,2055.6001,2060.0000,49264.0000,2058.9110,2092.0000,2055.3999,2092.0000,2092.0000,115.0000,130.0000,185.0000,280.0000,330.0000,,,,,,,,,,,,yahoo
HINDZINC,2026-08-13,584.5500,588.6500,583.6500,585.3000,274598.0000,587.0356,594.6500,574.0500,578.3500,578.3500,30.0000,30.0000,30.0000,30.0000,30.0000,,,,15.0000,180.0000,185.0000,245.0000,300.0000,,,,yahoo
HYUNDAI,2026-08-13,2246.0000,2273.6001,2234.3000,2269.8000,110404.0000,2258.3974,2272.0000,2220.0000,2238.2000,2237.1001,,,,,,,,,15.0000,15.0000,40.0000,45.0000,50.0000,125.0000,,,yahoo
ICICIBANK,2026-08-13,1425.5000,1428.3000,1414.2000,1416.7000,507911.0000,1417.0456,1418.3000,1406.4000,1410.9000,1406.8000,,,,,,,,,195.0000,,,,,,,,yahoo
INDHOTEL,2026-08-13,720.4500,721.4000,715.5000,717.0500,288974.0000,717.5322,723.8000,714.3000,721.7500,721.7500,235.0000,240.0000,,,,,,,,,,,,,,,yahoo
INDIGO,2026-08-13,5334.0000,5344.0000,5309.5000,5315.0000,10870.0000,5316.7591,5352.0000,5282.5000,5343.0000,5370.0000,160.0000,,,,,,,,30.0000,,,,,,,,yahoo
INFY,2026-08-13,1168.6000,1168.8000,1161.2000,1165.2000,470860.0000,1166.4594,1174.0000,1157.0000,1168.8000,1175.0000,140.0000,140.0000,,,,,,,40.0000,,,,,,,,yahoo
IOC,2026-08-13,140.6600,141.0400,140.5400,140.6500,558519.0000,140.8211,141.5300,139.8800,141.5000,141.5000,290.0000,,,,,,,,125.0000,,,,,,,,yahoo
IRFC,2026-08-13,88.3400,88.4500,87.9000,88.0600,646602.0000,88.0739,88.6000,87.9200,88.3500,88.3500,140.0000,,,,,,,,,,,,,,,,yahoo
ITC,2026-08-13,276.6500,277.3500,276.4000,277.2000,667333.0000,276.9043,278.2500,276.2000,277.3500,278.5000,,,,,,,,,,,,,,,,,yahoo
JINDALSTEL,2026-08-13,1105.4000,1105.4000,1099.2000,1100.5000,37187.0000,1102.0312,1101.3000,1092.9000,1099.9000,1099.9000,,,,,,,,,80.0000,,,,,,,,yahoo
JIOFIN,2026-08-13,261.7500,263.1500,256.1500,258.8500,12174149.0000,257.9538,259.7500,254.1000,254.6000,255.6000,,,,,,,,,50.0000,125.0000,125.0000,135.0000,180.0000,,,,yahoo
JSWSTEEL,2026-08-13,1269.7000,1269.7000,1264.2000,1267.6000,51471.0000,1266.4269,1275.6000,1266.5000,1274.1000,1275.0000,140.0000,,,,,,,,,,,,,,,,yahoo
KOTAKBANK,2026-08-13,389.7500,391.5500,389.0500,389.6000,240503.0000,389.7768,392.2500,388.5500,391.8000,392.4000,135.0000,,,,,,,,,,,,,,,,yahoo
LODHA,2026-08-13,1208.9000,1215.0000,1200.4000,1214.5000,64283.0000,1208.9299,1243.4000,1212.3000,1232.1000,1232.3000,35.0000,65.0000,70.0000,75.0000,165.0000,170.0000,,,,,,,,,,,yahoo
LT,2026-08-13,4020.0000,4025.6001,4006.8999,4006.8999,93197.0000,4013.8263,4070.7000,3990.0000,4070.7000,4070.7000,110.0000,110.0000,110.0000,110.0000,110.0000,,,,,,,,,,,,yahoo
LTM,2026-08-13,4716.5000,4757.7998,4716.5000,4748.0000,27116.0000,4746.4999,4789.2998,4711.2998,4765.0000,4765.0000,135.0000,135.0000,,,,,,,40.0000,90.0000,,,,,,,yahoo
M&M,2026-08-13,3408.8999,3439.5000,3408.8999,3424.0000,141368.0000,3428.7438,3428.3999,3398.0000,3428.2000,3428.2000,,,,,,,,,45.0000,125.0000,,,,,,,yahoo
MARUTI,2026-08-13,13911.0000,13930.0000,13865.0000,13909.0000,13813.0000,13891.6730,13936.0000,13825.0000,13905.0000,13905.0000,,,,,,,,,30.0000,,,,,,,,yahoo
MAXHEALTH,2026-08-13,1011.1000,1018.3000,1011.1000,1013.5000,101296.0000,1015.7123,1037.0000,993.4000,1013.3000,1013.3000,120.0000,140.0000,295.0000,295.0000,295.0000,295.0000,,,15.0000,285.0000,285.0000,290.0000,290.0000,,,,yahoo
MAZDOCK,2026-08-13,2549.8999,2579.8000,2549.8999,2573.3000,178577.0000,2569.8329,2583.8999,2550.7000,2571.0000,2571.0000,,,,,,,,,15.0000,15.0000,,,,,,,yahoo
MOTHERSON,2026-08-13,170.3100,171.2700,170.2000,170.4000,1394347.0000,170.7848,170.8000,167.2100,167.4000,167.4000,,,,,,,,,115.0000,125.0000,125.0000,180.0000,180.0000,,,,yahoo
MUTHOOTFIN,2026-08-13,2887.5000,2899.7000,2874.3000,2892.0000,89777.0000,2891.4937,2903.3999,2866.8000,2868.0000,2875.7000,,,,,,,,,55.0000,230.0000,,,,,,,yahoo
NESTLEIND,2026-08-13,1503.9000,1514.6000,1503.9000,1514.1000,133428.0000,1510.4496,1520.8000,1495.8000,1506.9000,1506.9000,,,,,,,,,85.0000,95.0000,215.0000,,,,,,yahoo
NTPC,2026-08-13,338.6000,341.5500,338.0000,340.5500,3330613.0000,340.4717,343.3000,338.9000,342.5000,344.2500,325.0000,330.0000,,,,,,,,,,,,,,,yahoo
ONGC,2026-08-13,238.8500,239.8400,238.2300,238.9600,242549.0000,239.0360,240.4800,238.5000,239.3500,239.9000,185.0000,,,,,,,,,,,,,,,,yahoo
PFC,2026-08-13,376.7000,377.1500,374.3500,374.9500,832129.0000,375.3829,378.9500,374.1000,378.9500,378.9500,170.0000,180.0000,290.0000,,,,,,,,,,,,,,yahoo
PIDILITIND,2026-08-13,1697.0000,1702.1000,1685.7000,1690.4000,34448.0000,1689.5634,1697.8000,1682.1000,1684.9000,1696.1000,,,,,,,,,,,,,,,,,yahoo
PNB,2026-08-13,118.5000,118.7300,117.6400,118.0500,1061297.0000,117.9220,119.3400,117.9000,117.9000,117.5900,5.0000,5.0000,5.0000,,,,,,,,,,,,,,yahoo
POWERGRID,2026-08-13,268.5500,268.6000,266.7500,267.1000,676624.0000,267.2592,268.1000,266.0500,267.5500,266.6000,,,,,,,,,,,,,,,,,yahoo
RECLTD,2026-08-13,343.8500,345.1000,343.1500,343.4000,359387.0000,344.0686,346.6000,342.0500,346.5000,346.5000,185.0000,300.0000,,,,,,,,,,,,,,,yahoo
RELIANCE,2026-08-13,1323.1000,1323.1000,1307.4000,1312.6000,740371.0000,1311.3158,1316.7000,1308.7000,1313.6000,1317.0000,,,,,,,,,,,,,,,,,yahoo
SBILIFE,2026-08-13,1821.7000,1821.7000,1809.6000,1818.1000,60601.0000,1816.5619,1825.0000,1805.5000,1812.0000,1812.0000,,,,,,,,,325.0000,,,,,,,,yahoo
SBIN,2026-08-13,1082.8000,1082.8000,1074.8000,1081.7000,545223.0000,1079.6282,1086.6000,1075.2000,1076.6000,1083.0000,,,,,,,,,320.0000,,,,,,,,yahoo
SHREECEM,2026-08-13,25570.0000,25570.0000,25115.0000,25190.0000,1685.0000,25213.8328,25295.0000,25050.0000,25075.0000,25245.0000,,,,,,,,,100.0000,,,,,,,,yahoo
SHRIRAMFIN,2026-08-13,1129.1000,1133.0000,1124.3000,1133.0000,286977.0000,1130.0532,1149.0000,1125.5000,1130.3000,1132.3000,10.0000,15.0000,20.0000,20.0000,,,,,195.0000,,,,,,,,yahoo
SIEMENS,2026-08-13,4023.5000,4023.5000,3982.0000,3998.3999,38761.0000,3996.7037,4005.7000,3951.0000,3980.0000,3987.0000,,,,,,,,,45.0000,80.0000,95.0000,,,,,,yahoo
SOLARINDS,2026-08-13,18914.0000,18920.0000,18762.0000,18909.0000,13833.0000,18864.6771,20400.0000,18824.0000,20325.0000,20324.0000,15.0000,15.0000,20.0000,25.0000,25.0000,25.0000,35.0000,285.0000,,,,,,,,,yahoo
SUNPHARMA,2026-08-13,1942.3000,1945.6000,1936.4000,1941.0000,38093.0000,1942.4317,1944.8000,1931.1000,1932.0000,1932.0000,,,,,,,,,330.0000,,,,,,,,yahoo
TATACAP,2026-08-13,365.2500,367.4500,365.2500,365.5500,195983.0000,366.2087,367.0000,363.0000,363.9000,363.7500,,,,,,,,,40.0000,,,,,,,,yahoo
TATACONSUM,2026-08-13,1058.8000,1066.0000,1058.8000,1062.1000,51916.0000,1062.2903,1095.0000,1061.7000,1090.5000,1090.5000,25.0000,30.0000,30.0000,45.0000,50.0000,220.0000,260.0000,275.0000,,,,,,,,,yahoo
TATAPOWER,2026-08-13,378.4500,381.0500,378.1000,379.8500,213281.0000,379.7712,382.7000,378.6500,380.7500,382.8000,140.0000,280.0000,,,,,,,,,,,,,,,yahoo
TATASTEEL,2026-08-13,186.1100,186.6300,185.0500,185.3100,837959.0000,185.3923,185.4500,183.5100,183.8000,184.8500,,,,,,,,,165.0000,170.0000,,,,,,,yahoo
TCS,2026-08-13,2349.7000,2349.7000,2333.0000,2347.0000,171298.0000,2345.6087,2374.7000,2335.1001,2367.0000,2375.0000,130.0000,135.0000,240.0000,,,,,,40.0000,,,,,,,,yahoo
TECHM,2026-08-13,1628.6000,1647.5000,1628.6000,1643.8000,438786.0000,1643.9786,1652.8000,1633.6000,1635.1000,1639.0000,140.0000,,,,,,,,20.0000,,,,,,,,yahoo
TITAN,2026-08-13,5065.2002,5065.2002,5023.5000,5040.5000,47043.0000,5034.6786,5061.0000,5010.2002,5040.1001,5063.7002,,,,,,,,,55.0000,,,,,,,,yahoo
TMCV,2026-08-13,470.8000,484.6000,469.3500,475.4000,4882094.0000,477.1835,478.9000,470.2500,474.5000,474.3000,5.0000,,,,,,,,100.0000,100.0000,245.0000,,,,,,yahoo
TMPV,2026-08-13,343.5500,351.4000,342.5000,350.7000,1819678.0000,347.2828,351.1000,347.1000,349.2000,349.6000,,,,,,,,,5.0000,10.0000,75.0000,,,,,,yahoo
TORNTPHARM,2026-08-13,4890.5000,4890.5000,4841.5000,4857.5000,60511.0000,4859.0841,4890.5000,4847.0000,4880.0000,4914.5000,30.0000,,,,,,,,,,,,,,,,yahoo
TRENT,2026-08-13,2990.8999,2990.8999,2968.0000,2978.3000,67102.0000,2975.7547,3011.8999,2957.6001,2990.0000,2990.0000,180.0000,245.0000,255.0000,,,,,,95.0000,,,,,,,,yahoo
TVSMOTOR,2026-08-13,4374.5000,4383.0000,4334.0000,4341.5000,39254.0000,4345.3796,4346.0000,4310.0000,4310.0000,4342.2002,,,,,,,,,70.0000,,,,,,,,yahoo
ULTRACEMCO,2026-08-13,11877.0000,11882.0000,11588.0000,11635.0000,54515.0000,11644.9870,11710.0000,11570.0000,11706.0000,11706.0000,175.0000,,,,,,,,10.0000,,,,,,,,yahoo
UNIONBANK,2026-08-13,187.0700,187.2000,185.5200,186.5300,835209.0000,186.5580,188.7000,185.9000,186.5000,186.5000,5.0000,5.0000,5.0000,,,,,,,,,,,,,,yahoo
UNITDSPR,2026-08-13,1521.0000,1526.4000,1518.3000,1523.2000,19550.0000,1521.1174,1532.6000,1521.9000,1521.9000,1515.0000,30.0000,,,,,,,,,,,,,,,,yahoo
VBL,2026-08-13,438.6000,440.4500,436.6000,437.5500,172850.0000,437.6138,439.3000,435.8500,439.0000,440.5000,,,,,,,,,,,,,,,,,yahoo
VEDL,2026-08-13,276.4000,276.7000,273.3000,274.0500,779696.0000,273.9732,274.7500,268.7500,270.7000,271.1000,,,,,,,,,105.0000,120.0000,125.0000,165.0000,180.0000,,,,yahoo
WIPRO,2026-08-13,183.4700,183.4700,182.7300,182.9300,514178.0000,182.9974,183.7500,181.7200,183.2500,183.1000,,,,,,,,,70.0000,,,,,,,,yahoo
ZYDUSLIFE,2026-08-13,1201.9000,1201.9000,1173.9000,1175.9000,158154.0000,1178.7808,1180.9000,1164.4000,1172.0000,1167.3000,,,,,,,,,35.0000,185.0000,,,,,,,yahoo
ABB,2026-08-14,7725.0000,7784.0000,7677.0000,7713.0000,20101.0000,7714.2527,7825.0000,7641.5000,7650.0000,7649.0000,5.0000,20.0000,20.0000,20.0000,,,,,75.0000,320.0000,,,,,,,yahoo
ADANIENSOL,2026-08-14,1584.8000,1603.5000,1580.4000,1595.6000,921331.0000,1595.0033,1623.8000,1593.3000,1616.0000,1616.0000,25.0000,30.0000,270.0000,270.0000,275.0000,,,,,,,,,,,,yahoo
ADANIENT,2026-08-14,2967.8000,2968.6001,2952.2000,2960.8000,81431.0000,2961.2950,3047.0000,2960.8000,3035.1001,3035.1001,5.0000,30.0000,30.0000,30.0000,30.0000,125.0000,255.0000,,,,,,,,,,yahoo
ADANIGREEN,2026-08-14,1319.0000,1329.7000,1318.0000,1320.2000,105922.0000,1322.4953,1345.5000,1319.1000,1345.0000,1348.0000,10.0000,30.0000,30.0000,30.0000,30.0000,,,,,,,,,,,,yahoo
ADANIPORTS,2026-08-14,1657.9000,1673.3000,1657.9000,1670.8000,192153.0000,1668.6001,1699.2000,1670.5000,1696.0000,1700.0000,20.0000,30.0000,210.0000,215.0000,245.0000,,,,,,,,,,,,yahoo
ADANIPOWER,2026-08-14,205.9000,206.8800,205.3700,205.7100,908881.0000,205.9100,207.9900,205.0000,205.3600,205.2500,10.0000,30.0000,30.0000,,,,,,,,,,,,,,yahoo
AMBUJACEM,2026-08-14,419.6000,419.6000,416.6000,416.6000,163175.0000,417.1574,419.5000,416.0000,417.4000,417.5000,30.0000,,,,,,,,,,,,,,,,yahoo
APOLLOHOSP,2026-08-14,8610.0000,8799.0000,8599.5000,8790.0000,209177.0000,8732.8523,8921.5000,8765.0000,8920.5000,8920.5000,20.0000,35.0000,40.0000,45.0000,,,,,,,,,,,,,yahoo
ASIANPAINT,2026-08-14,2748.1001,2748.1001,2728.2000,2738.8999,44039.0000,2734.6488,2740.3999,2690.5000,2704.5000,2696.3000,,,,,,,,,50.0000,65.0000,75.0000,95.0000,125.0000,,,,yahoo
AXISBANK,2026-08-14,1217.2000,1217.2000,1209.6000,1212.1000,1004699.0000,1211.5962,1218.6000,1208.8000,1217.3000,1217.4000,300.0000,,,,,,,,,,,,,,,,yahoo
BAJAJ-AUTO,2026-08-14,11687.0000,11734.0000,11667.0000,11727.0000,6304.0000,11703.7318,11782.0000,11666.0000,11671.0000,11700.0000,,,,,,,,,330.0000,,,,,,,,yahoo
BAJAJFINSV,2026-08-14,2030.0000,2033.0000,2018.2000,2027.3000,51308.0000,2024.3128,2029.9000,2007.0000,2007.0000,2008.3000,,,,,,,,,150.0000,315.0000,330.0000,,,,,,yahoo
BAJAJHLDNG,2026-08-14,11539.0000,11539.0000,11387.0000,11400.0000,2413.0000,11409.4159,11539.0000,11388.0000,11417.0000,11475.0000,10.0000,20.0000,25.0000,,,,,,,,,,,,,,yahoo
BAJFINANCE,2026-08-14,1096.3000,1098.4000,1090.9000,1095.3000,677489.0000,1095.7976,1096.6000,1085.4000,1087.0000,1087.0000,,,,,,,,,50.0000,150.0000,,,,,,,yahoo
BANKBARODA,2026-08-14,248.4400,250.1800,247.5400,249.2700,2047913.0000,249.3507,250.7600,248.2100,248.4900,248.2200,30.0000,,,,,,,,,,,,,,,,yahoo
BEL,2026-08-14,409.8000,411.0000,409.0500,410.5500,839123.0000,410.1082,412.5000,408.2500,410.9000,410.8000,,,,,,,,,125.0000,,,,,,,,yahoo
BHARTIARTL,2026-08-14,1938.9000,1948.5000,1933.3000,1944.7000,262934.0000,1942.2011,2005.8000,1942.4000,1992.1000,1992.1000,55.0000,60.0000,65.0000,65.0000,70.0000,75.0000,95.0000,135.0000,,,,,,,,,yahoo
BOSCHLTD,2026-08-14,46810.0000,46950.0000,46550.0000,46680.0000,2349.0000,46754.5729,47315.0000,46490.0000,47100.0000,47100.0000,140.0000,170.0000,285.0000,285.0000,,,,,,,,,,,,,yahoo
BPCL,2026-08-14,314.2000,317.7000,314.0500,317.3000,609110.0000,316.4613,319.0500,315.0500,318.0500,319.4500,200.0000,,,,,,,,50.0000,,,,,,,,yahoo
BRITANNIA,2026-08-14,5610.5000,5626.5000,5592.5000,5620.0000,7715.0000,5611.7601,5629.0000,5556.0000,5557.0000,5558.0000,,,,,,,,,95.0000,160.0000,235.0000,,,,,,yahoo
CANBK,2026-08-14,131.7500,131.7800,131.0500,131.0800,719845.0000,131.1965,131.6900,127.9900,131.1000,131.2500,,,,,,,,,50.0000,50.0000,50.0000,50.0000,50.0000,50.0000,,,yahoo
CGPOWER,2026-08-14,886.0000,891.5000,878.2000,883.1000,214869.0000,883.7576,892.0000,881.1500,890.1500,890.1500,180.0000,245.0000,260.0000,,,,,,,,,,,,,,yahoo
CHOLAFIN,2026-08-14,1910.0000,1913.5000,1899.3000,1905.6000,78706.0000,1904.8999,1911.0000,1885.3000,1885.3000,1894.4000,,,,,,,,,230.0000,320.0000,330.0000,,,,,,yahoo
CIPLA,2026-08-14,1457.6000,1474.0000,1451.9000,1467.2000,206972.0000,1467.2948,1468.9000,1449.8000,1449.8000,1450.0000,,,,,,,,,55.0000,155.0000,270.0000,,,,,,yahoo
COALINDIA,2026-08-14,409.6000,409.6000,408.0000,408.6000,208654.0000,408.9361,410.4000,405.7000,406.0000,407.1000,,,,,,,,,60.0000,,,,,,,,yahoo
CUMMINSIND,2026-08-14,5366.5000,5413.5000,5359.5000,5378.5000,72050.0000,5389.7684,5425.0000,5345.5000,5400.0000,5400.0000,130.0000,310.0000,,,,,,,90.0000,,,,,,,,yahoo
DIVISLAB,2026-08-14,8473.5000,8570.0000,8473.5000,8560.0000,48242.0000,8546.1875,8565.0000,8470.0000,8475.0000,8477.0000,,,,,,,,,5.0000,275.0000,330.0000,,,,,,yahoo
DLF,2026-08-14,662.3000,668.5500,659.6000,661.7000,172254.0000,661.9097,669.8000,661.7000,665.0000,665.0000,10.0000,15.0000,255.0000,,,,,,,,,,,,,,yahoo
DMART,2026-08-14,4050.0000,4080.0000,4038.1001,4073.0000,29267.0000,4062.8166,4097.8999,4051.1001,4060.0000,4060.0000,25.0000,,,,,,,,100.0000,,,,,,,,yahoo
DRREDDY,2026-08-14,1202.4000,1203.1000,1196.0000,1198.4000,64841.0000,1198.6755,1202.4000,1192.4000,1200.0000,1200.0000,,,,,,,,,275.0000,,,,,,,,yahoo
EICHERMOT,2026-08-14,8050.0000,8098.0000,8036.5000,8094.5000,17280.0000,8074.0870,8136.5000,8087.5000,8101.0000,8066.5000,310.0000,,,,,,,,,,,,,,,,yahoo
ENRIN,2026-08-14,3574.8000,3614.1001,3570.0000,3573.8000,25641.0000,3586.6345,3580.7000,3526.3000,3532.0000,3527.0000,,,,,,,,,50.0000,75.0000,90.0000,260.0000,,,,,yahoo
ETERNAL,2026-08-14,316.9500,324.4500,316.9500,323.2500,8666944.0000,322.1170,324.8500,317.5000,318.6000,318.5000,,,,,,,,,35.0000,55.0000,65.0000,75.0000,75.0000,,,,yahoo
GAIL,2026-08-14,175.0000,175.0000,173.5000,173.6200,412522.0000,173.7811,174.5500,173.4600,173.8000,174.9000,250.0000,,,,,,,,,,,,,,,,yahoo
GODREJCP,2026-08-14,939.3000,940.3000,932.0000,932.0000,320402.0000,935.2514,942.6000,930.5000,937.1000,934.3000,65.0000,200.0000,225.0000,,,,,,,,,,,,,,yahoo
GRASIM,2026-08-14,3252.2000,3252.2000,3227.0000,3232.0000,39163.0000,3234.6792,3256.1001,3221.0000,3238.0000,3248.7000,20.0000,,,,,,,,,,,,,,,,yahoo
HAL,2026-08-14,4938.0000,4958.3999,4924.2002,4945.8999,260563.0000,4945.0883,5047.0000,4935.0000,5019.0000,5029.8999,100.0000,200.0000,205.0000,205.0000,205.0000,300.0000,,,,,,,,,,,yahoo
HCLTECH,2026-08-14,1370.8000,1374.9000,1360.0000,1363.4000,63770.0000,1363.9450,1366.1000,1346.6000,1361.3000,1360.0000,,,,,,,,,75.0000,75.0000,75.0000,,,,,,yahoo
HDFCAMC,2026-08-14,2497.0000,2506.5000,2486.0000,2489.3999,259014.0000,2491.5240,2493.0000,2470.5000,2481.0000,2485.0000,,,,,,,,,40.0000,90.0000,,,,,,,yahoo
HDFCBANK,2026-08-14,725.1000,727.4500,723.6000,727.4000,2268109.0000,726.5884,729.5000,725.5500,727.0000,727.0000,,,,,,,,,,,,,,,,,yahoo
HDFCLIFE,2026-08-14,538.9000,538.9000,535.8000,538.1500,78813.0000,537.4456,539.9000,535.6500,537.5000,535.8500,,,,,,,,,,,,,,,,,yahoo
HINDALCO,2026-08-14,1034.4000,1034.4000,1022.7000,1026.9500,407448.0000,1027.8693,1036.5500,1022.7000,1036.0500,1029.5000,145.0000,245.0000,,,,,,,,,,,,,,,yahoo
HINDUNILVR,2026-08-14,2089.0000,2089.0000,2077.7000,2080.1001,29468.0000,2080.3109,2090.3000,2066.3999,2072.1001,2077.0000,,,,,,,,,230.0000,,,,,,,,yahoo
HINDZINC,2026-08-14,574.0000,574.0000,557.8500,563.4500,1207718.0000,562.5982,565.3500,558.1000,561.9000,561.9000,,,,,,,,,15.0000,50.0000,,,,,,,yahoo
HYUNDAI,2026-08-14,2236.8999,2244.3000,2224.0000,2242.6001,50250.0000,2234.3566,2255.0000,2191.6001,2196.5000,2199.0000,20.0000,,,,,,,,50.0000,110.0000,135.0000,145.0000,145.0000,165.0000,,,yahoo
ICICIBANK,2026-08-14,1403.0000,1412.8000,1401.0000,1412.8000,330912.0000,1409.6051,1417.0000,1403.5000,1417.0000,1417.0000,,,,,,,,,50.0000,,,,,,,,yahoo
INDHOTEL,2026-08-14,722.0000,723.4000,718.5000,719.8000,100513.0000,720.4059,721.5000,715.1000,720.0500,720.0000,,,,,,,,,80.0000,,,,,,,,yahoo
INDIGO,2026-08-14,5356.5000,5356.5000,5323.0000,5323.0000,14385.0000,5332.8538,5358.0000,5310.0000,5310.0000,5310.0000,20.0000,,,,,,,,,,,,,,,,yahoo
INFY,2026-08-14,1171.7000,1172.0000,1164.5000,1167.2000,459970.0000,1167.8665,1174.0000,1158.9000,1169.2000,1169.2000,35.0000,,,,,,,,75.0000,,,,,,,,yahoo
IOC,2026-08-14,140.7000,140.7000,139.6000,139.7200,1139349.0000,139.9292,140.0000,138.8300,139.5000,139.4000,,,,,,,,,60.0000,,,,,,,,yahoo
IRFC,2026-08-14,88.3400,88.4900,87.7300,87.8800,613311.0000,87.9305,87.9800,87.5200,87.6500,87.5700,,,,,,,,,,,,,,,,,yahoo
ITC,2026-08-14,277.8000,277.9000,276.4000,276.7000,657967.0000,276.6343,278.1500,276.1500,277.6000,278.2000,45.0000,,,,,,,,,,,,,,,,yahoo
JINDALSTEL,2026-08-14,1097.4000,1098.2000,1088.9000,1092.1000,31177.0000,1094.6142,1105.6000,1086.0000,1091.5000,1091.5000,145.0000,220.0000,230.0000,,,,,,50.0000,,,,,,,,yahoo
JIOFIN,2026-08-14,254.8000,254.8000,252.0000,252.1500,1970208.0000,252.5588,252.5500,249.3500,249.7000,249.0500,,,,,,,,,80.0000,220.0000,330.0000,,,,,,yahoo
JSWSTEEL,2026-08-14,1265.6000,1268.5000,1262.5000,1263.5000,43670.0000,1265.3440,1276.3000,1260.4000,1270.0000,1270.0000,205.0000,255.0000,315.0000,,,,,,,,,,,,,,yahoo
KOTAKBANK,2026-08-14,392.6500,393.0000,390.8000,392.8000,1545373.0000,391.5865,394.3000,389.9000,392.1000,391.1500,,,,,,,,,95.0000,,,,,,,,yahoo
LODHA,2026-08-14,1237.0000,1243.8000,1227.0000,1233.7000,145761.0000,1235.0601,1254.6000,1233.0000,1241.0000,1243.9000,10.0000,85.0000,90.0000,95.0000,95.0000,,,,,,,,,,,,yahoo
LT,2026-08-14,4064.2000,4072.5000,4040.2000,4041.8000,60798.0000,4048.5282,4066.1001,4033.1001,4055.1001,4057.0000,245.0000,,,,,,,,,,,,,,,,yahoo
LTM,2026-08-14,4746.0000,4800.6001,4746.0000,4755.5000,26028.0000,4778.9829,4762.6001,4686.1001,4715.0000,4715.0000,,,,,,,,,65.0000,75.0000,75.0000,75.0000,,,,,yahoo
M&M,2026-08-14,3421.5000,3421.5000,3387.1001,3389.7000,100430.0000,3394.5079,3428.5000,3379.8000,3420.2000,3428.3000,95.0000,190.0000,245.0000,,,,,,,,,,,,,,yahoo
MARUTI,2026-08-14,13810.0000,13845.0000,13765.0000,13826.0000,12112.0000,13826.8972,13925.0000,13784.0000,13870.0000,13834.0000,100.0000,,,,,,,,,,,,,,,,yahoo
MAXHEALTH,2026-08-14,1010.6000,1010.6000,981.5000,993.8000,380419.0000,996.2860,1017.6000,991.6000,1010.0000,1008.6000,15.0000,20.0000,40.0000,45.0000,230.0000,240.0000,,,,,,,,,,,yahoo
MAZDOCK,2026-08-14,2571.5000,2589.8999,2555.0000,2583.5000,131348.0000,2574.4831,2603.3000,2566.7000,2582.8999,2580.0000,5.0000,10.0000,,,,,,,75.0000,,,,,,,,yahoo
MOTHERSON,2026-08-14,167.5700,168.6500,166.8100,168.1400,865025.0000,167.9276,169.2800,167.1100,168.6000,168.3000,265.0000,,,,,,,,50.0000,,,,,,,,yahoo
MUTHOOTFIN,2026-08-14,2865.0000,2869.8000,2850.1001,2850.7000,66973.0000,2859.7547,2859.3999,2842.0000,2845.3999,2842.0000,,,,,,,,,,,,,,,,,yahoo
NESTLEIND,2026-08-14,1505.5000,1510.3000,1505.5000,1507.6000,76782.0000,1508.2999,1515.7000,1499.1000,1499.1000,1499.1000,200.0000,,,,,,,,325.0000,,,,,,,,yahoo
NTPC,2026-08-14,343.5500,343.5500,340.9500,341.0000,217550.0000,341.8964,342.3000,337.7000,339.8500,340.0000,,,,,,,,,85.0000,130.0000,,,,,,,yahoo
ONGC,2026-08-14,239.5200,239.5200,238.2100,238.6000,627268.0000,238.6275,238.7100,235.2600,235.3500,236.4000,,,,,,,,,40.0000,55.0000,140.0000,245.0000,,,,,yahoo
PFC,2026-08-14,377.6000,379.7500,376.3000,376.4500,342696.0000,377.5628,377.2500,375.0000,377.0000,376.0000,,,,,,,,,,,,,,,,,yahoo
PIDILITIND,2026-08-14,1690.2000,1697.7000,1684.6000,1693.5000,38171.0000,1689.9857,1707.4000,1692.4000,1695.2000,1693.0000,175.0000,180.0000,,,,,,,,,,,,,,,yahoo
PNB,2026-08-14,117.7500,118.5900,117.6500,118.1800,1191344.0000,118.2308,118.8900,117.4000,117.4300,118.0000,15.0000,,,,,,,,325.0000,,,,,,,,yahoo
POWERGRID,2026-08-14,266.3500,267.2500,266.0000,266.1500,372752.0000,266.5217,267.5000,266.1500,266.7000,266.0500,85.0000,,,,,,,,,,,,,,,,yahoo
RECLTD,2026-08-14,343.9000,344.3000,340.7000,340.8000,397677.0000,342.1754,340.8000,334.5500,335.9000,335.0000,,,,,,,,,15.0000,15.0000,35.0000,40.0000,50.0000,,,,yahoo
RELIANCE,2026-08-14,1315.5000,1315.5000,1307.2000,1308.5000,603331.0000,1309.0562,1313.1000,1301.8000,1310.0000,1310.0000,,,,,,,,,105.0000,,,,,,,,yahoo
SBILIFE,2026-08-14,1808.5000,1814.4000,1794.0000,1797.7000,70341.0000,1799.7785,1802.4000,1789.8000,1794.0000,1795.0000,,,,,,,,,,,,,,,,,yahoo
SBIN,2026-08-14,1078.2000,1079.5000,1070.3000,1071.8000,673319.0000,1072.2805,1075.4000,1065.3000,1066.0000,1067.7000,,,,,,,,,115.0000,,,,,,,,yahoo
SHREECEM,2026-08-14,25165.0000,25165.0000,24890.0000,24890.0000,3403.0000,24936.5912,25020.0000,24610.0000,24795.0000,24795.0000,15.0000,,,,,,,,50.0000,75.0000,85.0000,,,,,,yahoo
SHRIRAMFIN,2026-08-14,1132.9000,1134.9000,1128.5000,1132.8000,139168.0000,1131.7491,1134.4000,1118.0000,1122.0000,1122.0000,,,,,,,,,80.0000,200.0000,205.0000,225.0000,,,,,yahoo
SIEMENS,2026-08-14,3982.5000,4042.6001,3982.5000,4009.6001,30729.0000,4015.7715,4052.0000,3928.2000,3940.0000,3940.0000,20.0000,20.0000,20.0000,,,,,,40.0000,40.0000,55.0000,75.0000,85.0000,330.0000,,,yahoo
SOLARINDS,2026-08-14,20250.0000,20300.0000,19500.0000,19530.0000,78228.0000,19580.0223,20294.0000,19528.0000,19970.0000,19969.0000,5.0000,5.0000,5.0000,5.0000,5.0000,10.0000,95.0000,100.0000,,,,,,,,,yahoo
SUNPHARMA,2026-08-14,1929.1000,1933.6000,1926.5000,1927.0000,26781.0000,1930.0630,1927.4000,1915.0000,1915.0000,1930.0000,,,,,,,,,330.0000,,,,,,,,yahoo
TATACAP,2026-08-14,363.5000,364.7500,361.5000,362.0500,127632.0000,362.6299,366.2000,361.9500,364.6000,365.5000,5.0000,25.0000,45.0000,,,,,,,,,,,,,,yahoo
TATACONSUM,2026-08-14,1090.5000,1093.4000,1084.7000,1087.5000,83814.0000,1088.7834,1090.6000,1081.9000,1083.1000,1079.5000,,,,,,,,,320.0000,,,,,,,,yahoo
TATAPOWER,2026-08-14,381.7500,382.2000,379.6000,379.9500,166859.0000,380.6066,390.4000,379.8000,383.0000,382.0500,20.0000,20.0000,25.0000,30.0000,35.0000,85.0000,100.0000,,,,,,,,,,yahoo
TATASTEEL,2026-08-14,184.0000,184.0000,182.0400,182.1000,1359220.0000,182.5326,183.7400,180.0000,183.4000,183.5000,245.0000,295.0000,,,,,,,50.0000,50.0000,50.0000,,,,,,yahoo
TCS,2026-08-14,2377.6001,2388.3000,2360.0000,2361.3000,179490.0000,2366.2241,2367.2000,2335.1001,2361.0000,2361.0000,,,,,,,,,75.0000,75.0000,75.0000,,,,,,yahoo
TECHM,2026-08-14,1640.0000,1652.0000,1628.2000,1631.2000,272983.0000,1630.9057,1635.0000,1614.4000,1635.0000,1632.8000,,,,,,,,,70.0000,75.0000,125.0000,,,,,,yahoo
TITAN,2026-08-14,5055.0000,5087.0000,5050.7998,5078.7002,58309.0000,5076.8067,5090.0000,5052.3999,5056.2002,5056.2002,,,,,,,,,270.0000,,,,,,,,yahoo
TMCV,2026-08-14,474.5000,486.1500,473.8000,477.4000,1510082.0000,480.8366,480.9500,470.5000,474.4000,474.3000,100.0000,,,,,,,,220.0000,225.0000,225.0000,230.0000,,,,,yahoo
TMPV,2026-08-14,331.6500,337.5000,331.4500,332.6000,5304520.0000,333.4927,334.2000,329.1000,334.0000,334.5000,,,,,,,,,30.0000,30.0000,35.0000,,,,,,yahoo
TORNTPHARM,2026-08-14,4904.5000,4910.0000,4863.5000,4877.5000,19256.0000,4873.3154,4907.0000,4843.0000,4847.0000,4833.0000,45.0000,,,,,,,,280.0000,,,,,,,,yahoo
TRENT,2026-08-14,2965.8000,3006.7000,2961.1001,2994.1001,59034.0000,2986.7407,3018.8999,2978.0000,2978.0000,2978.0000,15.0000,30.0000,,,,,,,330.0000,,,,,,,,yahoo
TVSMOTOR,2026-08-14,4324.3999,4333.3999,4297.8999,4315.7998,47950.0000,4307.5683,4340.0000,4299.1001,4314.5000,4307.0000,140.0000,,,,,,,,,,,,,,,,yahoo
ULTRACEMCO,2026-08-14,11644.0000,11644.0000,11588.0000,11631.0000,6879.0000,11628.9690,11670.0000,11594.0000,11648.0000,11619.0000,,,,,,,,,,,,,,,,,yahoo
UNIONBANK,2026-08-14,186.9900,187.5200,186.6100,186.9100,661506.0000,186.9237,189.3400,186.5100,186.7000,187.3800,5.0000,25.0000,25.0000,30.0000,,,,,,,,,,,,,yahoo
UNITDSPR,2026-08-14,1517.2000,1518.7000,1511.7000,1515.1000,14217.0000,1515.8001,1544.9000,1513.3000,1532.0000,1536.0000,65.0000,100.0000,105.0000,110.0000,120.0000,,,,,,,,,,,,yahoo
VBL,2026-08-14,440.3500,440.3500,437.2500,437.6000,65885.0000,437.7985,437.7500,431.9500,434.0000,435.0000,,,,,,,,,95.0000,125.0000,125.0000,290.0000,,,,,yahoo
VEDL,2026-08-14,269.9500,269.9500,267.0500,268.6500,1162950.0000,268.1816,271.0000,266.5500,267.9000,267.5000,35.0000,125.0000,,,,,,,55.0000,60.0000,,,,,,,yahoo
WIPRO,2026-08-14,183.7200,185.8200,183.6700,184.4300,2068936.0000,184.8710,185.0000,183.1100,184.0000,184.0000,,,,,,,,,75.0000,,,,,,,,yahoo
ZYDUSLIFE,2026-08-14,1165.3000,1170.0000,1159.2000,1160.2000,48796.0000,1162.6201,1172.6000,1136.1000,1136.9000,1135.2000,15.0000,25.0000,30.0000,,,,,,75.0000,115.0000,130.0000,220.0000,260.0000,330.0000,,,yahoo
ABB,2026-08-17,7675.5000,7728.0000,7627.0000,7718.0000,9269.0000,7696.5804,7760.0000,7656.5000,7660.0000,7660.0000,10.0000,,,,,,,,145.0000,320.0000,,,,,,,yahoo
ADANIENSOL,2026-08-17,1615.1000,1627.9000,1612.6000,1616.8000,290560.0000,1618.6903,1618.3000,1585.7000,1589.1000,1589.1000,,,,,,,,,40.0000,75.0000,115.0000,125.0000,125.0000,,,,yahoo
ADANIENT,2026-08-17,3037.6001,3056.8999,3028.1001,3029.3000,130120.0000,3035.2998,3029.7000,3006.1001,3009.3999,3007.3000,,,,,,,,,75.0000,155.0000,,,,,,,yahoo
ADANIGREEN,2026-08-17,1343.2000,1343.6000,1335.3000,1336.2000,68822.0000,1337.4770,1338.5000,1323.0000,1325.9000,1327.6000,,,,,,,,,65.0000,80.0000,,,,,,,yahoo
ADANIPORTS,2026-08-17,1696.7000,1696.7000,1687.1000,1692.6000,94913.0000,1691.8102,1695.5000,1678.1000,1693.9000,1691.0000,,,,,,,,,75.0000,125.0000,,,,,,,yahoo
ADANIPOWER,2026-08-17,205.1900,205.7500,204.3100,204.3100,999123.0000,204.8787,205.6000,201.8900,203.5600,203.5600,260.0000,,,,,,,,35.0000,60.0000,105.0000,,,,,,yahoo
AMBUJACEM,2026-08-17,416.2000,416.2000,413.7000,414.3000,88633.0000,414.3109,417.2000,409.5000,415.2500,415.2500,330.0000,,,,,,,,75.0000,90.0000,105.0000,,,,,,yahoo
APOLLOHOSP,2026-08-17,8942.0000,8984.0000,8928.5000,8930.0000,35127.0000,8954.6630,8950.0000,8825.5000,8825.5000,8825.5000,,,,,,,,,60.0000,105.0000,330.0000,,,,,,yahoo
ASIANPAINT,2026-08-17,2698.0000,2712.8999,2697.6001,2704.5000,18319.0000,2702.7419,2706.5000,2687.5000,2687.5000,2687.5000,,,,,,,,,330.0000,,,,,,,,yahoo
AXISBANK,2026-08-17,1221.5000,1227.1000,1214.0000,1222.5000,564535.0000,1219.0422,1235.0000,1213.6000,1234.0000,1227.3000,215.0000,240.0000,305.0000,,,,,,35.0000,,,,,,,,yahoo
BAJAJ-AUTO,2026-08-17,11717.0000,11754.0000,11688.0000,11708.0000,8644.0000,11713.5605,11799.0000,11663.0000,11663.0000,11663.0000,110.0000,110.0000,,,,,,,,,,,,,,,yahoo
BAJAJFINSV,2026-08-17,2005.3000,2012.5000,1997.4000,2008.4000,26207.0000,2009.7044,2027.4000,1999.7000,2005.0000,2005.0000,90.0000,195.0000,,,,,,,,,,,,,,,yahoo
BAJAJHLDNG,2026-08-17,11411.0000,11477.0000,11307.0000,11439.0000,62878.0000,11397.2714,11574.0000,11367.0000,11379.0000,11379.0000,120.0000,135.0000,155.0000,,,,,,325.0000,,,,,,,,yahoo
BAJFINANCE,2026-08-17,1084.6000,1084.6000,1078.8000,1083.2000,313296.0000,1081.5987,1099.8000,1082.6000,1092.2000,1089.3000,70.0000,75.0000,90.0000,170.0000,190.0000,,,,,,,,,,,,yahoo
BANKBARODA,2026-08-17,247.3000,247.3000,244.5500,244.6500,528953.0000,245.1473,248.0900,243.2500,247.9000,246.5500,190.0000,195.0000,200.0000,310.0000,,,,,130.0000,,,,,,,,yahoo
BEL,2026-08-17,411.1500,412.8000,409.1500,412.0000,903079.0000,411.9552,413.9500,409.7000,412.4000,412.4500,,,,,,,,,215.0000,,,,,,,,yahoo
BHARTIARTL,2026-08-17,1987.3000,1993.0000,1979.0000,1987.3000,1272604.0000,1988.6510,1990.2000,1969.3000,1969.3000,1969.3000,,,,,,,,,330.0000,330.0000,,,,,,,yahoo
BOSCHLTD,2026-08-17,47285.0000,47715.0000,47285.0000,47610.0000,4533.0000,47607.4215,47620.0000,46870.0000,46970.0000,46970.0000,,,,,,,,,45.0000,135.0000,155.0000,205.0000,275.0000,,,,yahoo
BPCL,2026-08-17,316.9500,319.6500,315.0000,318.6000,329974.0000,317.1527,319.1500,314.3000,317.2500,316.6500,,,,,,,,,25.0000,35.0000,80.0000,90.0000,,,,,yahoo
BRITANNIA,2026-08-17,5542.5000,5550.0000,5513.5000,5529.0000,16676.0000,5534.4669,5561.5000,5499.0000,5521.0000,5521.0000,310.0000,,,,,,,,100.0000,,,,,,,,yahoo
CANBK,2026-08-17,130.6500,130.6500,129.2500,129.6200,1371695.0000,129.5330,131.3600,129.1200,131.1000,131.1000,190.0000,195.0000,200.0000,330.0000,,,,,,,,,,,,,yahoo
CGPOWER,2026-08-17,892.7500,898.0000,889.6000,894.9000,165172.0000,893.3076,899.1000,887.0000,898.0000,898.8000,,,,,,,,,150.0000,155.0000,,,,,,,yahoo
CHOLAFIN,2026-08-17,1881.0000,1881.5000,1870.6000,1878.4000,31568.0000,1876.3336,1893.5000,1875.2000,1884.7000,1884.7000,75.0000,90.0000,,,,,,,,,,,,,,,yahoo
CIPLA,2026-08-17,1448.8000,1448.8000,1439.9000,1441.0000,20632.0000,1441.3789,1441.3000,1424.4000,1431.1000,1431.5000,,,,,,,,,40.0000,65.0000,80.0000,,,,,,yahoo
COALINDIA,2026-08-17,407.0500,407.2000,405.5500,407.1500,138893.0000,406.4146,408.3000,406.2000,407.0000,408.4500,,,,,,,,,,,,,,,,,yahoo
CUMMINSIND,2026-08-17,5390.0000,5390.0000,5339.5000,5374.0000,38962.0000,5359.5457,5472.5000,5374.5000,5450.0000,5450.0000,10.0000,10.0000,10.0000,10.0000,20.0000,,,,,,,,,,,,yahoo
DIVISLAB,2026-08-17,8516.5000,8550.0000,8499.0000,8514.0000,21866.0000,8529.0593,8546.0000,8465.5000,8481.5000,8481.5000,,,,,,,,,200.0000,,,,,,,,yahoo
DLF,2026-08-17,665.0000,665.0000,659.9000,661.9500,163318.0000,661.3897,674.9000,660.1000,672.0000,671.0000,125.0000,140.0000,160.0000,160.0000,160.0000,,,,,,,,,,,,yahoo
DMART,2026-08-17,4050.0000,4050.0000,4024.8999,4032.3999,15455.0000,4032.2938,4045.0000,3995.0000,3995.0000,3995.0000,,,,,,,,,75.0000,115.0000,,,,,,,yahoo
DRREDDY,2026-08-17,1199.0000,1199.0000,1178.5000,1186.0000,297594.0000,1184.9446,1198.5000,1184.8000,1186.1000,1192.0000,10.0000,15.0000,20.0000,,,,,,,,,,,,,,yahoo
EICHERMOT,2026-08-17,8058.0000,8165.0000,8058.0000,8101.5000,30769.0000,8137.1490,8117.0000,8055.0000,8074.0000,8050.0000,,,,,,,,,225.0000,,,,,,,,yahoo
ENRIN,2026-08-17,3536.0000,3568.3000,3526.2000,3568.3000,20281.0000,3550.2284,3611.0000,3529.8000,3609.7000,3605.7000,205.0000,230.0000,235.0000,,,,,,135.0000,150.0000,155.0000,,,,,,yahoo
ETERNAL,2026-08-17,317.5500,321.8500,316.5500,317.1000,4283746.0000,319.2464,320.7500,317.1000,319.2000,318.0000,5.0000,15.0000,225.0000,,,,,,,,,,,,,,yahoo
GAIL,2026-08-17,173.7100,173.7200,172.6200,172.9500,280577.0000,172.9655,173.3000,171.8500,172.9500,172.1000,,,,,,,,,85.0000,,,,,,,,yahoo
GODREJCP,2026-08-17,935.7000,935.7000,927.1000,928.8000,83515.0000,928.5131,937.6000,925.6000,932.0000,928.0000,245.0000,250.0000,,,,,,,,,,,,,,,yahoo
GRASIM,2026-08-17,3241.3000,3243.2000,3230.0000,3230.5000,10688.0000,3235.2268,3272.1001,3223.7000,3250.0000,3250.5000,55.0000,205.0000,215.0000,220.0000,,,,,,,,,,,,,yahoo
HAL,2026-08-17,5055.1001,5149.7998,5055.1001,5118.7002,406961.0000,5127.6324,5125.0000,5050.1001,5059.0000,5059.0000,,,,,,,,,5.0000,5.0000,245.0000,330.0000,,,,,yahoo
HCLTECH,2026-08-17,1357.7000,1360.7000,1340.5000,1341.5000,72497.0000,1343.9646,1342.6000,1326.6000,1328.1000,1325.0000,,,,,,,,,65.0000,85.0000,325.0000,,,,,,yahoo
HDFCAMC,2026-08-17,2476.0000,2498.7000,2471.5000,2498.7000,36864.0000,2485.2734,2539.0000,2484.8000,2532.0000,2523.0000,70.0000,75.0000,80.0000,80.0000,170.0000,,,,30.0000,,,,,,,,yahoo
HDFCBANK,2026-08-17,728.1000,728.1000,724.5000,726.4000,793923.0000,725.6599,732.0500,724.6000,731.3500,729.0000,325.0000,330.0000,,,,,,,,,,,,,,,yahoo
HDFCLIFE,2026-08-17,537.6500,543.5000,535.4000,542.5000,427150.0000,540.9156,544.3000,539.7500,543.0000,543.0000,,,,,,,,,40.0000,,,,,,,,yahoo
HINDALCO,2026-08-17,1034.6000,1041.8000,1033.6500,1038.8500,205502.0000,1037.6407,1055.4000,1034.2000,1051.3000,1049.9000,120.0000,185.0000,220.0000,225.0000,330.0000,,,,,,,,,,,,yahoo
HINDUNILVR,2026-08-17,2074.5000,2074.5000,2057.6001,2063.0000,26166.0000,2063.2512,2070.0000,2058.0000,2068.0000,2055.0000,,,,,,,,,,,,,,,,,yahoo
HINDZINC,2026-08-17,566.4000,569.7000,565.0000,567.9500,426306.0000,567.0918,576.0000,567.9000,568.0000,567.5000,15.0000,15.0000,85.0000,110.0000,,,,,,,,,,,,,yahoo
HYUNDAI,2026-08-17,2198.0000,2209.0000,2193.2000,2194.8999,18484.0000,2201.3128,2198.6001,2172.6001,2189.8999,2190.0000,,,,,,,,,5.0000,35.0000,50.0000,,,,,,yahoo
ICICIBANK,2026-08-17,1417.6000,1418.7000,1412.2000,1416.7000,236387.0000,1416.4226,1423.4000,1407.1000,1421.0000,1415.3000,,,,,,,,,60.0000,,,,,,,,yahoo
INDHOTEL,2026-08-17,718.7500,720.5000,716.0500,719.7000,55772.0000,718.3812,723.0500,714.5000,720.0000,720.0000,,,,,,,,,55.0000,,,,,,,,yahoo
INDIGO,2026-08-17,5299.5000,5316.5000,5266.5000,5305.0000,27968.0000,5296.1643,5329.5000,5275.5000,5275.5000,5275.5000,,,,,,,,,330.0000,,,,,,,,yahoo
INFY,2026-08-17,1161.6000,1166.5000,1150.6000,1153.5000,361183.0000,1154.3426,1154.2000,1130.0000,1137.0000,1139.9000,,,,,,,,,60.0000,60.0000,65.0000,105.0000,330.0000,330.0000,,,yahoo
IOC,2026-08-17,139.4000,139.8000,138.4900,139.5900,602910.0000,139.1714,139.5900,138.1300,139.1000,138.6100,,,,,,,,,30.0000,35.0000,65.0000,,,,,,yahoo
IRFC,2026-08-17,87.4400,87.4800,86.4600,86.6600,1120323.0000,86.6398,87.3900,86.2200,87.3800,87.0500,200.0000,330.0000,,,,,,,110.0000,,,,,,,,yahoo
ITC,2026-08-17,277.5000,277.5000,275.4000,276.4000,547457.0000,276.1439,276.7000,273.0000,273.4000,273.0500,,,,,,,,,80.0000,85.0000,120.0000,,,,,,yahoo
JINDALSTEL,2026-08-17,1092.5000,1096.0000,1090.4000,1091.6000,18348.0000,1092.3040,1118.7000,1090.2000,1117.5000,1116.1000,80.0000,90.0000,105.0000,120.0000,235.0000,295.0000,,,,,,,,,,,yahoo
JIOFIN,2026-08-17,248.6000,248.6000,245.8000,246.8000,2321381.0000,246.3387,249.8500,245.7500,249.6000,249.7500,185.0000,195.0000,205.0000,,,,,,,,,,,,,,yahoo
JSWSTEEL,2026-08-17,1269.9000,1269.9000,1251.0000,1263.3000,87817.0000,1258.1695,1286.8000,1255.7000,1286.8000,1277.8000,185.0000,195.0000,230.0000,265.0000,275.0000,,,,65.0000,,,,,,,,yahoo
KOTAKBANK,2026-08-17,391.3000,393.1500,390.4000,392.4000,153004.0000,392.6755,395.9500,391.0000,395.5000,392.7000,195.0000,310.0000,,,,,,,,,,,,,,,yahoo
LODHA,2026-08-17,1243.4000,1243.4000,1222.3000,1228.4000,95530.0000,1226.6922,1254.0000,1224.9000,1254.0000,1254.0000,10.0000,15.0000,125.0000,125.0000,165.0000,330.0000,,,,,,,,,,,yahoo
LT,2026-08-17,4049.8999,4049.8999,4026.3999,4035.0000,40747.0000,4032.3655,4083.2000,4026.0000,4076.0000,4086.7000,130.0000,175.0000,330.0000,,,,,,,,,,,,,,yahoo
LTM,2026-08-17,4690.0000,4694.3999,4602.0000,4652.0000,43627.0000,4627.4404,4706.3999,4631.0000,4700.0000,4700.0000,125.0000,260.0000,290.0000,,,,,,,,,,,,,,yahoo
M&M,2026-08-17,3445.3999,3451.8999,3425.0000,3430.2000,197517.0000,3433.2794,3432.1001,3388.5000,3390.3999,3390.3999,,,,,,,,,15.0000,25.0000,40.0000,,,,,,yahoo
MARUTI,2026-08-17,13833.0000,13890.0000,13812.0000,13875.0000,10449.0000,13870.0183,13920.0000,13760.0000,13760.0000,13760.0000,,,,,,,,,330.0000,330.0000,,,,,,,yahoo
MAXHEALTH,2026-08-17,1008.1000,1022.4000,1003.9000,1021.0000,243284.0000,1014.2406,1022.0000,994.6000,995.5000,1003.7000,,,,,,,,,10.0000,15.0000,30.0000,30.0000,35.0000,85.0000,275.0000,,yahoo
MAZDOCK,2026-08-17,2595.3999,2619.3999,2583.0000,2597.8999,119553.0000,2593.6482,2599.3000,2556.8000,2558.0000,2569.7000,,,,,,,,,35.0000,45.0000,50.0000,270.0000,325.0000,,,,yahoo
MOTHERSON,2026-08-17,168.2400,169.1400,167.6800,168.5900,533593.0000,168.6672,169.3400,167.9000,168.5000,168.0600,,,,,,,,,,,,,,,,,yahoo
MUTHOOTFIN,2026-08-17,2838.3999,2876.2000,2829.1001,2863.8999,118641.0000,2856.8722,2918.8000,2863.0000,2895.2000,2888.5000,10.0000,15.0000,205.0000,230.0000,230.0000,,,,,,,,,,,,yahoo
NESTLEIND,2026-08-17,1500.4000,1502.8000,1487.9000,1487.9000,41263.0000,1491.9118,1492.9000,1469.2000,1469.2000,1470.0000,,,,,,,,,75.0000,115.0000,280.0000,330.0000,,,,,yahoo
NTPC,2026-08-17,339.4500,339.5000,337.9000,337.9000,147974.0000,338.2840,339.3000,335.7500,336.7500,337.0000,,,,,,,,,125.0000,,,,,,,,yahoo
ONGC,2026-08-17,237.9900,238.6400,236.1500,238.0000,2745825.0000,237.5843,239.4600,237.0000,238.7000,238.4900,185.0000,,,,,,,,,,,,,,,,yahoo
PFC,2026-08-17,375.7000,375.7000,372.2000,374.3000,449759.0000,373.3506,376.0000,373.3500,375.3000,374.4000,,,,,,,,,,,,,,,,,yahoo
PIDILITIND,2026-08-17,1690.1000,1700.0000,1690.1000,1696.0000,26211.0000,1697.6163,1696.0000,1667.3000,1667.3000,1669.0000,,,,,,,,,40.0000,45.0000,55.0000,100.0000,310.0000,,,,yahoo
PNB,2026-08-17,117.0900,117.0900,116.0600,116.2000,1017503.0000,116.2452,118.0500,115.3700,117.8400,117.3200,170.0000,190.0000,195.0000,210.0000,310.0000,,,,40.0000,,,,,,,,yahoo
POWERGRID,2026-08-17,266.2500,266.9000,265.3500,266.7000,318808.0000,266.0920,267.7500,265.7000,267.1500,266.1500,,,,,,,,,,,,,,,,,yahoo
RECLTD,2026-08-17,335.8500,336.7000,333.3000,336.4000,889667.0000,335.4302,340.0500,334.4000,340.0000,340.0000,190.0000,250.0000,300.0000,,,,,,45.0000,,,,,,,,yahoo
RELIANCE,2026-08-17,1311.6000,1311.6000,1304.0000,1304.5000,596609.0000,1306.1034,1320.7000,1298.5000,1320.0000,1316.0000,185.0000,185.0000,200.0000,,,,,,,,,,,,,,yahoo
SBILIFE,2026-08-17,1786.2000,1793.5000,1781.3000,1792.9000,22504.0000,1790.3867,1798.8000,1783.5000,1790.4000,1790.4000,,,,,,,,,60.0000,,,,,,,,yahoo
SBIN,2026-08-17,1063.7000,1063.7000,1055.0000,1058.5000,372844.0000,1057.3608,1068.5000,1052.5000,1064.6000,1061.2000,195.0000,200.0000,,,,,,,40.0000,,,,,,,,yahoo
SHREECEM,2026-08-17,24725.0000,24725.0000,24525.0000,24590.0000,1325.0000,24558.9233,24695.0000,24410.0000,24545.0000,24535.0000,,,,,,,,,65.0000,,,,,,,,yahoo
SHRIRAMFIN,2026-08-17,1120.0000,1125.0000,1112.4000,1122.8000,139799.0000,1121.7305,1129.7000,1117.4000,1123.4000,1122.0000,95.0000,,,,,,,,,,,,,,,,yahoo
SIEMENS,2026-08-17,3943.5000,3947.8000,3925.3000,3942.8999,11284.0000,3935.5172,3964.6001,3911.0000,3943.0000,3943.0000,330.0000,,,,,,,,35.0000,60.0000,,,,,,,yahoo
SOLARINDS,2026-08-17,20014.0000,20389.0000,20014.0000,20149.0000,19258.0000,20178.5247,20270.0000,19890.0000,20000.0000,20000.0000,75.0000,,,,,,,,30.0000,35.0000,45.0000,295.0000,,,,,yahoo
SUNPHARMA,2026-08-17,1944.1000,1944.1000,1915.2000,1915.5000,83955.0000,1918.6577,1916.6000,1881.0000,1881.0000,1882.0000,,,,,,,,,80.0000,90.0000,215.0000,315.0000,330.0000,,,,yahoo
TATACAP,2026-08-17,363.0500,364.3500,362.5500,362.8500,35120.0000,363.4137,363.4500,358.8000,359.7000,359.3000,,,,,,,,,60.0000,225.0000,230.0000,,,,,,yahoo
TATACONSUM,2026-08-17,1080.0000,1080.7000,1075.5000,1078.5000,29763.0000,1077.6613,1082.6000,1070.9000,1078.0000,1072.6000,,,,,,,,,100.0000,,,,,,,,yahoo
TATAPOWER,2026-08-17,382.0500,382.0500,379.8000,380.5500,170381.0000,380.5058,382.7000,378.0500,381.6000,381.5000,265.0000,,,,,,,,65.0000,,,,,,,,yahoo
TATASTEEL,2026-08-17,183.7400,183.7400,182.2300,182.8700,787324.0000,182.4956,186.3400,182.0600,186.0000,186.0000,140.0000,185.0000,185.0000,215.0000,240.0000,,,,,,,,,,,,yahoo
TCS,2026-08-17,2355.0000,2360.1001,2320.7000,2332.2000,274894.0000,2330.9298,2333.1001,2311.0000,2314.3000,2313.2000,,,,,,,,,60.0000,60.0000,,,,,,,yahoo
TECHM,2026-08-17,1623.9000,1637.9000,1613.3000,1618.5000,66772.0000,1618.8996,1619.9000,1604.2000,1605.8000,1610.0000,,,,,,,,,65.0000,105.0000,,,,,,,yahoo
TITAN,2026-08-17,5048.8999,5099.3999,5044.5000,5077.1001,54575.0000,5081.2992,5111.0000,5070.8999,5082.0000,5068.5000,155.0000,,,,,,,,,,,,,,,,yahoo
TMCV,2026-08-17,474.1000,479.3500,471.7000,472.2000,497691.0000,472.8242,474.3500,466.5500,470.4500,470.4000,,,,,,,,,40.0000,80.0000,100.0000,,,,,,yahoo
TMPV,2026-08-17,333.9500,333.9500,329.8500,330.2000,1002004.0000,330.7471,333.2000,329.1000,330.9000,330.2000,35.0000,125.0000,,,,,,,,,,,,,,,yahoo
TORNTPHARM,2026-08-17,4826.5000,4855.0000,4823.0000,4824.0000,8264.0000,4838.2075,4939.0000,4816.0000,4939.0000,4900.0000,70.0000,75.0000,95.0000,250.0000,275.0000,290.0000,,,,,,,,,,,yahoo
TRENT,2026-08-17,2985.0000,2985.0000,2965.8000,2975.8000,29316.0000,2972.9300,2983.3000,2945.1001,2955.0000,2946.0000,,,,,,,,,80.0000,90.0000,100.0000,,,,,,yahoo
TVSMOTOR,2026-08-17,4323.7998,4373.1001,4315.2998,4338.3999,63054.0000,4354.6890,4385.3999,4338.3999,4366.0000,4385.8999,20.0000,35.0000,35.0000,,,,,,,,,,,,,,yahoo
ULTRACEMCO,2026-08-17,11586.0000,11611.0000,11552.0000,11599.0000,5735.0000,11594.0982,11708.0000,11553.0000,11681.0000,11681.0000,145.0000,185.0000,,,,,,,,,,,,,,,yahoo
UNIONBANK,2026-08-17,187.3100,187.3100,184.3000,184.7400,1145171.0000,184.9339,190.1500,184.4700,188.8300,188.9000,30.0000,140.0000,150.0000,155.0000,165.0000,170.0000,190.0000,,,,,,,,,,yahoo
UNITDSPR,2026-08-17,1536.0000,1537.2000,1524.0000,1533.9000,14685.0000,1533.0393,1546.1000,1531.2000,1545.0000,1545.0000,265.0000,285.0000,,,,,,,,,,,,,,,yahoo
VBL,2026-08-17,433.7500,434.2500,432.5000,433.5000,78687.0000,433.4187,438.8000,433.2000,437.3500,433.8500,20.0000,90.0000,155.0000,,,,,,,,,,,,,,yahoo
VEDL,2026-08-17,268.5000,269.6500,267.0500,268.3000,540242.0000,267.7667,270.5000,268.2500,269.4500,269.7000,35.0000,140.0000,,,,,,,,,,,,,,,yahoo
WIPRO,2026-08-17,183.5000,183.5000,181.4700,181.9100,427415.0000,181.9095,182.2500,181.0000,181.9000,181.9000,,,,,,,,,105.0000,,,,,,,,yahoo
ZYDUSLIFE,2026-08-17,1130.7000,1134.0000,1127.1000,1130.0000,56730.0000,1130.5170,1152.9000,1129.1000,1131.5000,1131.5000,20.0000,25.0000,25.0000,55.0000,95.0000,105.0000,,,,,,,,,,,yahoo
ABB,2026-08-18,7675.0000,7734.0000,7660.0000,7685.0000,17905.0000,7698.8920,7707.5000,7531.5000,7590.0000,7546.0000,,,,,,,,,80.0000,80.0000,105.0000,175.0000,190.0000,,,,yahoo
ADANIENSOL,2026-08-18,1587.5000,1602.3000,1587.5000,1597.8000,241489.0000,1595.9161,1629.0000,1594.0000,1605.0000,1603.0000,25.0000,30.0000,35.0000,45.0000,45.0000,,,,,,,,,,,,yahoo
ADANIENT,2026-08-18,3013.7000,3026.5000,3010.3000,3016.3999,73736.0000,3018.4327,3035.8999,3013.6001,3013.6001,3002.5000,25.0000,,,,,,,,,,,,,,,,yahoo
ADANIGREEN,2026-08-18,1327.1000,1328.4000,1316.5000,1323.5000,146456.0000,1322.2752,1336.4000,1308.0000,1308.0000,1308.0000,30.0000,55.0000,,,,,,,270.0000,330.0000,330.0000,,,,,,yahoo
ADANIPORTS,2026-08-18,1693.7000,1693.7000,1678.7000,1681.8000,87969.0000,1682.0076,1690.6000,1667.0000,1682.4000,1682.4000,290.0000,,,,,,,,75.0000,100.0000,,,,,,,yahoo
ADANIPOWER,2026-08-18,203.8900,206.0900,203.8900,205.0700,1611089.0000,204.9251,208.6200,204.8000,205.7000,205.5800,15.0000,15.0000,30.0000,30.0000,165.0000,,,,,,,,,,,,yahoo
AMBUJACEM,2026-08-18,414.0000,416.0500,412.8500,413.1500,105261.0000,413.5962,416.7500,409.9000,411.3000,412.4000,20.0000,55.0000,,,,,,,260.0000,270.0000,,,,,,,yahoo
APOLLOHOSP,2026-08-18,8837.5000,8872.0000,8801.5000,8841.0000,37237.0000,8845.1838,8905.0000,8787.0000,8810.0000,8817.0000,20.0000,,,,,,,,140.0000,,,,,,,,yahoo
ASIANPAINT,2026-08-18,2657.2000,2666.0000,2644.0000,2653.0000,65197.0000,2655.4988,2655.0000,2610.5000,2621.3999,2628.3999,,,,,,,,,130.0000,130.0000,135.0000,145.0000,145.0000,,,,yahoo
AXISBANK,2026-08-18,1223.9000,1236.9000,1223.9000,1235.7000,249758.0000,1233.5765,1249.9000,1232.1000,1246.1000,1243.0000,260.0000,260.0000,265.0000,,,,,,,,,,,,,,yahoo
BAJAJ-AUTO,2026-08-18,11714.0000,11759.0000,11714.0000,11730.0000,12277.0000,11736.6596,11766.0000,11590.0000,11590.0000,11607.0000,,,,,,,,,120.0000,135.0000,330.0000,,,,,,yahoo
BAJAJFINSV,2026-08-18,2008.0000,2008.6000,1998.0000,2003.4000,31424.0000,2002.6780,2016.8000,1998.3000,2008.0000,2011.2000,245.0000,,,,,,,,,,,,,,,,yahoo
BAJAJHLDNG,2026-08-18,11360.0000,11422.0000,11326.0000,11333.0000,1241.0000,11351.7360,11345.0000,11211.0000,11254.0000,11254.0000,,,,,,,,,20.0000,25.0000,40.0000,,,,,,yahoo
BAJFINANCE,2026-08-18,1089.0000,1094.2000,1089.0000,1091.6000,183298.0000,1092.0754,1100.0000,1089.0000,1091.5000,1094.3000,45.0000,160.0000,,,,,,,,,,,,,,,yahoo
BANKBARODA,2026-08-18,245.4700,247.2600,245.1700,245.4700,299461.0000,245.6107,246.1500,243.9600,244.1300,244.0000,,,,,,,,,285.0000,,,,,,,,yahoo
BEL,2026-08-18,411.8000,414.6000,411.2500,411.4000,1176057.0000,413.1707,416.2500,411.2500,412.3000,412.0000,10.0000,220.0000,220.0000,,,,,,,,,,,,,,yahoo
BHARTIARTL,2026-08-18,1958.1000,1958.1000,1936.0000,1939.9000,667241.0000,1941.2975,1950.8000,1934.9000,1943.3000,1934.2000,85.0000,,,,,,,,,,,,,,,,yahoo
BOSCHLTD,2026-08-18,46965.0000,47435.0000,46955.0000,47265.0000,3230.0000,47322.7095,48910.0000,47225.0000,48825.0000,48730.0000,40.0000,40.0000,50.0000,60.0000,120.0000,125.0000,220.0000,250.0000,,,,,,,,,yahoo
BPCL,2026-08-18,313.4500,316.7500,313.4500,316.2500,194659.0000,316.2810,317.0000,311.2000,311.2000,310.3000,,,,,,,,,40.0000,175.0000,195.0000,285.0000,325.0000,,,,yahoo
BRITANNIA,2026-08-18,5539.5000,5539.5000,5504.5000,5527.0000,33457.0000,5525.2539,5561.0000,5496.0000,5496.0000,5495.0000,230.0000,,,,,,,,35.0000,,,,,,,,yahoo
CANBK,2026-08-18,130.2400,130.9700,129.7500,129.8500,968236.0000,129.9322,129.9500,129.1300,129.3700,129.1000,,,,,,,,,330.0000,,,,,,,,yahoo
CGPOWER,2026-08-18,899.5000,899.5000,891.3000,891.3000,113095.0000,895.2924,896.0000,890.3000,891.2000,894.2000,115.0000,,,,,,,,,,,,,,,,yahoo
CHOLAFIN,2026-08-18,1880.0000,1884.0000,1868.9000,1872.7000,37759.0000,1872.4953,1889.4000,1868.1000,1870.1000,1868.0000,165.0000,210.0000,,,,,,,,,,,,,,,yahoo
CIPLA,2026-08-18,1430.9000,1436.3000,1430.9000,1432.6000,32741.0000,1433.4988,1437.1000,1429.1000,1432.0000,1431.1000,,,,,,,,,,,,,,,,,yahoo
COALINDIA,2026-08-18,408.3000,412.5500,408.3000,412.1500,2578904.0000,411.5143,412.3000,407.0000,407.0000,406.9000,,,,,,,,,75.0000,90.0000,100.0000,,,,,,yahoo
CUMMINSIND,2026-08-18,5476.0000,5482.0000,5444.0000,5444.0000,12123.0000,5458.2985,5464.5000,5371.5000,5371.5000,5350.0000,,,,,,,,,100.0000,110.0000,215.0000,330.0000,,,,,yahoo
DIVISLAB,2026-08-18,8538.0000,8630.0000,8515.0000,8625.0000,88192.0000,8592.0912,8623.0000,8546.0000,8553.5000,8588.0000,,,,,,,,,20.0000,265.0000,,,,,,,yahoo
DLF,2026-08-18,671.0000,671.5000,658.6500,658.9500,533114.0000,661.3447,682.3000,658.6000,669.6000,665.7500,10.0000,45.0000,50.0000,90.0000,95.0000,125.0000,125.0000,150.0000,,,,,,,,,yahoo
DMART,2026-08-18,3962.6001,3973.5000,3950.8000,3963.5000,30389.0000,3961.0912,4019.1001,3957.7000,3981.0000,3981.0000,15.0000,55.0000,70.0000,100.0000,,,,,,,,,,,,,yahoo
DRREDDY,2026-08-18,1185.8000,1188.3000,1182.7000,1184.7000,60485.0000,1185.1237,1189.3000,1176.1000,1178.8000,1178.8000,,,,,,,,,325.0000,,,,,,,,yahoo
EICHERMOT,2026-08-18,8035.0000,8087.0000,8035.0000,8052.0000,13209.0000,8065.4154,8105.0000,8035.5000,8061.0000,8018.5000,150.0000,,,,,,,,,,,,,,,,yahoo
ENRIN,2026-08-18,3605.0000,3632.8000,3600.0000,3603.6001,17162.0000,3610.0983,3634.6001,3585.0000,3588.8999,3593.2000,5.0000,10.0000,,,,,,,210.0000,,,,,,,,yahoo
ETERNAL,2026-08-18,318.1000,321.0500,317.5500,318.4000,2437499.0000,319.5817,319.4500,315.5500,318.2000,315.9000,,,,,,,,,90.0000,100.0000,,,,,,,yahoo
GAIL,2026-08-18,172.2000,173.2400,172.0100,172.2200,555919.0000,172.5380,173.5500,171.6200,172.0000,173.5000,130.0000,135.0000,,,,,,,,,,,,,,,yahoo
GODREJCP,2026-08-18,931.7000,931.7000,920.1000,921.6000,108827.0000,923.2842,936.4000,921.3000,932.0000,931.0000,40.0000,45.0000,50.0000,225.0000,235.0000,,,,,,,,,,,,yahoo
GRASIM,2026-08-18,3256.8999,3276.0000,3256.8999,3274.8999,122028.0000,3272.4706,3296.3999,3256.1001,3279.3999,3278.7000,25.0000,,,,,,,,205.0000,,,,,,,,yahoo
HAL,2026-08-18,5060.5000,5110.0000,5043.2998,5063.0000,203208.0000,5085.7256,5119.7998,5053.1001,5089.3999,5099.0000,10.0000,10.0000,45.0000,,,,,,,,,,,,,,yahoo
HCLTECH,2026-08-18,1312.5000,1317.4000,1308.9000,1310.4000,117112.0000,1311.9712,1315.2000,1292.7000,1295.1000,1298.0000,,,,,,,,,60.0000,80.0000,100.0000,270.0000,,,,,yahoo
HDFCAMC,2026-08-18,2525.8999,2533.2000,2508.1001,2514.5000,64564.0000,2514.7492,2525.3000,2491.3000,2525.0000,2525.0000,,,,,,,,,120.0000,125.0000,,,,,,,yahoo
HDFCBANK,2026-08-18,727.5000,728.5500,725.7000,725.8500,1066372.0000,726.4303,726.1000,723.0000,723.2500,723.0000,,,,,,,,,,,,,,,,,yahoo
HDFCLIFE,2026-08-18,541.3500,541.3500,537.7000,539.9500,144513.0000,539.4108,542.3500,538.3500,538.3500,538.2500,,,,,,,,,,,,,,,,,yahoo
HINDALCO,2026-08-18,1048.0500,1048.1000,1042.0000,1042.3500,221855.0000,1044.6966,1045.1500,1038.0000,1042.0000,1041.6000,,,,,,,,,,,,,,,,,yahoo
HINDUNILVR,2026-08-18,2055.0000,2055.0000,2045.0000,2045.0000,67358.0000,2047.7715,2045.9000,2035.0000,2035.5000,2035.0000,,,,,,,,,,,,,,,,,yahoo
HINDZINC,2026-08-18,568.9500,568.9500,563.5000,563.7500,284465.0000,564.9753,564.9500,558.1000,558.8000,558.0000,,,,,,,,,220.0000,320.0000,330.0000,,,,,,yahoo
HYUNDAI,2026-08-18,2179.1001,2220.8999,2179.1001,2208.2000,70623.0000,2208.1290,2218.0000,2182.0000,2186.1001,2186.0000,,,,,,,,,300.0000,305.0000,310.0000,,,,,,yahoo
ICICIBANK,2026-08-18,1412.0000,1416.1000,1409.1000,1413.0000,566759.0000,1413.4468,1416.6000,1406.3000,1412.1000,1412.0000,,,,,,,,,,,,,,,,,yahoo
INDHOTEL,2026-08-18,719.8000,721.1500,713.4000,713.6000,60243.0000,715.2234,719.8000,712.6000,719.5500,719.0000,215.0000,315.0000,,,,,,,,,,,,,,,yahoo
INDIGO,2026-08-18,5177.5000,5231.0000,5177.5000,5203.5000,55506.0000,5210.7192,5237.0000,5193.0000,5208.5000,5220.0000,10.0000,,,,,,,,,,,,,,,,yahoo
INFY,2026-08-18,1122.5000,1128.6000,1118.2000,1120.0000,653062.0000,1120.5989,1122.5000,1112.7000,1114.2000,1115.0000,,,,,,,,,100.0000,,,,,,,,yahoo
IOC,2026-08-18,138.4000,139.1300,138.2500,139.0600,596644.0000,138.9300,139.1200,137.7700,137.9000,137.8000,,,,,,,,,195.0000,210.0000,,,,,,,yahoo
IRFC,2026-08-18,86.7900,87.4200,86.4900,86.5300,787452.0000,86.6122,86.7000,86.0500,86.1200,86.1100,,,,,,,,,330.0000,,,,,,,,yahoo
ITC,2026-08-18,273.0000,273.5500,272.3000,272.3000,1256016.0000,272.9635,272.6500,269.2000,270.2500,270.0000,,,,,,,,,165.0000,225.0000,265.0000,,,,,,yahoo
JINDALSTEL,2026-08-18,1118.7000,1118.7000,1110.2000,1113.3000,39058.0000,1113.7237,1113.6000,1101.4000,1102.1000,1101.5000,,,,,,,,,35.0000,315.0000,325.0000,,,,,,yahoo
JIOFIN,2026-08-18,248.2000,248.2000,246.3500,246.6500,1360774.0000,246.7590,247.6500,245.8000,246.4000,245.8000,,,,,,,,,,,,,,,,,yahoo
JSWSTEEL,2026-08-18,1277.4000,1285.3000,1277.4000,1282.0000,50381.0000,1282.8186,1283.2000,1265.1000,1265.1000,1267.6000,,,,,,,,,105.0000,225.0000,295.0000,330.0000,,,,,yahoo
KOTAKBANK,2026-08-18,392.8500,392.8500,390.3000,390.6500,273536.0000,390.8978,392.5000,388.0500,388.0500,387.6500,,,,,,,,,330.0000,,,,,,,,yahoo
LODHA,2026-08-18,1254.0000,1258.8000,1227.9000,1228.0000,142598.0000,1232.8715,1242.7000,1216.0000,1218.1000,1211.1000,95.0000,130.0000,130.0000,,,,,,10.0000,15.0000,,,,,,,yahoo
LT,2026-08-18,4057.8000,4068.0000,4052.0000,4053.0000,62361.0000,4057.6041,4085.0000,4051.3000,4069.6001,4064.3000,120.0000,130.0000,,,,,,,,,,,,,,,yahoo
LTM,2026-08-18,4614.7998,4666.0000,4610.0000,4650.0000,37955.0000,4639.1991,4684.0000,4562.2002,4562.2002,4562.2002,10.0000,,,,,,,,155.0000,155.0000,175.0000,325.0000,330.0000,,,,yahoo
M&M,2026-08-18,3403.2000,3423.0000,3402.5000,3403.1001,116007.0000,3414.7417,3433.8999,3402.2000,3412.5000,3421.5000,70.0000,115.0000,,,,,,,,,,,,,,,yahoo
MARUTI,2026-08-18,13818.0000,13890.0000,13810.0000,13831.0000,14878.0000,13857.2063,13843.0000,13744.0000,13750.0000,13691.0000,,,,,,,,,135.0000,,,,,,,,yahoo
MAXHEALTH,2026-08-18,996.3000,1005.4000,982.3000,1001.8000,336116.0000,999.8411,1017.0000,1000.0000,1016.2000,1014.4000,10.0000,10.0000,10.0000,10.0000,25.0000,,,,,,,,,,,,yahoo
MAZDOCK,2026-08-18,2565.5000,2578.7000,2556.8000,2568.8999,100988.0000,2568.8666,2618.1001,2568.0000,2587.0000,2587.0000,5.0000,10.0000,10.0000,10.0000,195.0000,,,,,,,,,,,,yahoo
MOTHERSON,2026-08-18,168.6500,170.5600,168.6500,169.5200,2123709.0000,169.7574,170.9000,169.0400,169.9600,170.4000,20.0000,150.0000,,,,,,,,,,,,,,,yahoo
MUTHOOTFIN,2026-08-18,2897.0000,2902.3000,2876.8000,2881.8999,29760.0000,2882.7275,2928.3000,2875.0000,2904.0000,2894.1001,140.0000,145.0000,160.0000,205.0000,230.0000,,,,,,,,,,,,yahoo
NESTLEIND,2026-08-18,1476.9000,1479.5000,1470.4000,1473.5000,203303.0000,1473.8494,1475.4000,1458.2000,1460.0000,1462.5000,,,,,,,,,145.0000,240.0000,330.0000,,,,,,yahoo
NTPC,2026-08-18,338.0000,338.4000,337.1500,338.2000,539529.0000,337.7929,339.2500,336.8000,338.1500,337.1000,,,,,,,,,,,,,,,,,yahoo
ONGC,2026-08-18,239.2000,241.3000,239.2000,240.5800,2833565.0000,240.6109,240.9000,238.7100,238.7100,239.5000,,,,,,,,,100.0000,295.0000,,,,,,,yahoo
PFC,2026-08-18,375.2000,376.5000,374.6000,374.6000,392991.0000,375.5486,376.5000,373.6000,373.8500,374.4500,50.0000,,,,,,,,,,,,,,,,yahoo
PIDILITIND,2026-08-18,1666.1000,1668.8000,1658.2000,1658.7000,15702.0000,1660.8158,1672.6000,1658.0000,1665.5000,1674.0000,40.0000,330.0000,,,,,,,,,,,,,,,yahoo
PNB,2026-08-18,117.0500,117.9400,116.7200,116.9100,668985.0000,116.9790,117.4400,116.5000,116.8400,116.5000,,,,,,,,,,,,,,,,,yahoo
POWERGRID,2026-08-18,267.0000,267.5000,266.3500,266.4000,209664.0000,266.8228,268.9000,266.0500,267.7000,268.0000,190.0000,320.0000,,,,,,,,,,,,,,,yahoo
RECLTD,2026-08-18,339.7500,341.5000,339.1500,339.1500,314994.0000,340.3382,341.7500,339.0000,339.2000,338.5000,20.0000,45.0000,,,,,,,,,,,,,,,yahoo
RELIANCE,2026-08-18,1313.8000,1328.4000,1311.4000,1324.7000,1455848.0000,1322.7796,1325.8000,1318.7000,1321.3000,1322.0000,,,,,,,,,,,,,,,,,yahoo
SBILIFE,2026-08-18,1795.8000,1795.8000,1778.8000,1783.5000,30600.0000,1782.4285,1788.2000,1775.8000,1783.0000,1778.0000,,,,,,,,,,,,,,,,,yahoo
SBIN,2026-08-18,1062.8000,1067.6000,1059.5000,1059.5000,329140.0000,1061.6020,1061.7000,1053.3000,1055.0000,1053.0000,,,,,,,,,255.0000,,,,,,,,yahoo
SHREECEM,2026-08-18,24800.0000,24800.0000,24545.0000,24595.0000,957.0000,24596.3532,24780.0000,24575.0000,24725.0000,24725.0000,45.0000,330.0000,,,,,,,,,,,,,,,yahoo
SHRIRAMFIN,2026-08-18,1119.9000,1124.9000,1111.5000,1112.4000,264763.0000,1115.7552,1116.9000,1098.6000,1106.5000,1108.4000,,,,,,,,,50.0000,70.0000,70.0000,,,,,,yahoo
SIEMENS,2026-08-18,3957.5000,3985.1001,3937.5000,3941.2000,19873.0000,3953.7688,3972.0000,3937.0000,3960.0000,3957.0000,10.0000,310.0000,,,,,,,,,,,,,,,yahoo
SOLARINDS,2026-08-18,20123.0000,20412.0000,20069.0000,20222.0000,45324.0000,20295.2713,20322.0000,20045.0000,20280.0000,20280.0000,,,,,,,,,50.0000,65.0000,,,,,,,yahoo
SUNPHARMA,2026-08-18,1889.0000,1895.3000,1882.8000,1894.7000,83610.0000,1892.3949,1899.0000,1868.3000,1884.5000,1875.1000,,,,,,,,,90.0000,105.0000,140.0000,150.0000,,,,,yahoo
TATACAP,2026-08-18,357.3000,361.0000,356.6500,356.8000,50473.0000,357.5720,363.5000,356.0500,363.0000,363.6000,165.0000,190.0000,200.0000,205.0000,205.0000,,,,,,,,,,,,yahoo
TATACONSUM,2026-08-18,1078.1000,1078.1000,1070.8000,1072.0000,30799.0000,1072.3704,1075.5000,1062.5000,1063.0000,1061.6000,,,,,,,,,175.0000,290.0000,,,,,,,yahoo
TATAPOWER,2026-08-18,380.8000,381.4500,379.3500,379.6500,135135.0000,379.9633,381.6500,379.1000,380.0000,381.0000,115.0000,,,,,,,,,,,,,,,,yahoo
TATASTEEL,2026-08-18,186.4000,187.1000,185.6700,186.5800,1748097.0000,186.6973,186.6900,184.3400,185.0700,185.5000,,,,,,,,,35.0000,65.0000,75.0000,,,,,,yahoo
TCS,2026-08-18,2305.7000,2305.7000,2290.5000,2294.5000,191406.0000,2294.5463,2297.7000,2281.1001,2282.3000,2280.0000,,,,,,,,,105.0000,,,,,,,,yahoo
TECHM,2026-08-18,1603.6000,1603.6000,1587.3000,1589.1000,88818.0000,1590.6520,1597.6000,1580.5000,1592.0000,1592.0000,55.0000,,,,,,,,280.0000,,,,,,,,yahoo
TITAN,2026-08-18,5070.2002,5093.5000,5052.6001,5069.0000,37134.0000,5074.1198,5070.3999,5042.5000,5048.6001,5048.6001,,,,,,,,,65.0000,,,,,,,,yahoo
TMCV,2026-08-18,471.3000,471.3000,467.5000,469.0000,307409.0000,469.2610,474.6500,463.8000,470.3500,471.6500,5.0000,5.0000,320.0000,,,,,,95.0000,105.0000,120.0000,,,,,,yahoo
TMPV,2026-08-18,331.2500,331.2500,327.8500,327.8500,1135240.0000,329.4672,328.0000,323.0000,323.0000,322.8000,,,,,,,,,80.0000,100.0000,115.0000,220.0000,,,,,yahoo
TORNTPHARM,2026-08-18,4910.5000,4959.5000,4893.5000,4956.0000,21621.0000,4937.3373,5007.5000,4950.0000,4971.0000,4971.0000,15.0000,125.0000,280.0000,,,,,,,,,,,,,,yahoo
TRENT,2026-08-18,2954.6001,2954.6001,2934.8000,2937.0000,67672.0000,2940.7989,2980.3999,2934.3000,2955.0000,2942.1001,15.0000,100.0000,110.0000,140.0000,,,,,,,,,,,,,yahoo
TVSMOTOR,2026-08-18,4394.1001,4407.1001,4376.8999,4378.6001,40184.0000,4391.2234,4396.0000,4342.3999,4355.0000,4356.7998,,,,,,,,,230.0000,300.0000,,,,,,,yahoo
ULTRACEMCO,2026-08-18,11646.0000,11647.0000,11570.0000,11573.0000,12377.0000,11589.4517,11604.0000,11508.0000,11526.0000,11499.0000,,,,,,,,,320.0000,,,,,,,,yahoo
UNIONBANK,2026-08-18,188.6700,190.5000,187.1900,187.1900,816700.0000,187.6523,187.6800,185.8500,186.0100,185.5000,,,,,,,,,100.0000,,,,,,,,yahoo
UNITDSPR,2026-08-18,1546.5000,1546.5000,1536.0000,1537.2000,21338.0000,1539.1425,1541.0000,1520.2000,1520.2000,1520.9000,,,,,,,,,260.0000,280.0000,330.0000,,,,,,yahoo
VBL,2026-08-18,435.5000,443.3000,434.9000,441.5000,770748.0000,440.4054,442.5000,437.0000,438.5000,439.3000,,,,,,,,,45.0000,180.0000,250.0000,,,,,,yahoo
VEDL,2026-08-18,269.7000,270.3000,267.2500,267.3500,849895.0000,268.2969,268.1500,264.6000,265.0000,264.0000,,,,,,,,,70.0000,310.0000,330.0000,,,,,,yahoo
WIPRO,2026-08-18,181.6000,181.6000,178.9500,179.1400,1133943.0000,179.4104,179.9600,178.6200,178.8000,178.0600,,,,,,,,,,,,,,,,,yahoo
ZYDUSLIFE,2026-08-18,1137.7000,1143.3000,1127.2000,1136.6000,80130.0000,1138.7703,1141.7000,1115.6000,1115.6000,1115.6000,,,,,,,,,115.0000,135.0000,155.0000,185.0000,260.0000,,,,yahoo
ABB,2026-08-19,7525.0000,7539.0000,7412.0000,7433.5000,36656.0000,7441.8978,7486.0000,7391.5000,7430.0000,7430.0000,25.0000,,,,,,,,320.0000,,,,,,,,yahoo
ADANIENSOL,2026-08-19,1593.8000,1593.8000,1549.2000,1558.7000,546693.0000,1559.4838,1574.1000,1536.7000,1540.0000,1540.7000,20.0000,20.0000,,,,,,,65.0000,200.0000,305.0000,325.0000,,,,,yahoo
ADANIENT,2026-08-19,3010.0000,3012.5000,2986.6001,2991.8000,132175.0000,2995.8297,3017.3999,2970.3999,2975.6001,2990.3000,20.0000,20.0000,,,,,,,55.0000,,,,,,,,yahoo
ADANIGREEN,2026-08-19,1309.0000,1309.0000,1281.9000,1285.4000,341949.0000,1289.3495,1299.5000,1281.1000,1290.7000,1293.0000,15.0000,20.0000,20.0000,,,,,,,,,,,,,,yahoo
ADANIPORTS,2026-08-19,1683.0000,1683.0000,1672.3000,1675.6000,90671.0000,1676.5334,1681.9000,1667.1000,1681.9000,1681.9000,,,,,,,,,120.0000,,,,,,,,yahoo
ADANIPOWER,2026-08-19,205.6800,205.8400,202.7500,203.0000,2290179.0000,203.4894,204.7000,202.7000,204.0200,204.0200,20.0000,20.0000,,,,,,,,,,,,,,,yahoo
AMBUJACEM,2026-08-19,412.0000,412.0000,407.7000,408.2500,232714.0000,408.7032,409.1000,405.5500,406.4500,407.5000,,,,,,,,,85.0000,,,,,,,,yahoo
APOLLOHOSP,2026-08-19,8802.0000,8802.0000,8740.0000,8793.5000,12299.0000,8784.2285,8861.0000,8707.5000,8708.0000,8750.0000,40.0000,55.0000,,,,,,,200.0000,320.0000,,,,,,,yahoo
ASIANPAINT,2026-08-19,2625.0000,2625.0000,2608.0000,2621.0000,32367.0000,2619.2957,2633.2000,2601.0000,2620.8999,2630.8000,,,,,,,,,85.0000,225.0000,,,,,,,yahoo
AXISBANK,2026-08-19,1242.0000,1242.0000,1229.8000,1234.0000,338739.0000,1234.5616,1239.0000,1224.1000,1235.9000,1235.0000,,,,,,,,,140.0000,175.0000,,,,,,,yahoo
BAJAJ-AUTO,2026-08-19,11605.0000,11619.0000,11534.0000,11553.0000,10636.0000,11575.3557,11720.0000,11546.0000,11622.0000,11645.0000,15.0000,15.0000,25.0000,140.0000,,,,,,,,,,,,,yahoo
BAJAJFINSV,2026-08-19,2002.2000,2002.2000,1985.1000,1995.1000,55542.0000,1993.8960,2013.0000,1991.3000,2012.0000,2012.0000,295.0000,330.0000,,,,,,,,,,,,,,,yahoo
BAJAJHLDNG,2026-08-19,11237.0000,11338.0000,11237.0000,11303.0000,1786.0000,11293.7174,11383.0000,11270.0000,11380.0000,11380.0000,250.0000,,,,,,,,,,,,,,,,yahoo
BAJFINANCE,2026-08-19,1092.1000,1092.1000,1080.0000,1082.0000,175352.0000,1082.9889,1088.0000,1076.4000,1080.6000,1080.2000,45.0000,,,,,,,,220.0000,,,,,,,,yahoo
BANKBARODA,2026-08-19,243.5900,244.4400,243.2600,243.9000,323690.0000,243.8642,245.5100,243.6000,245.0000,245.0000,10.0000,,,,,,,,,,,,,,,,yahoo
BEL,2026-08-19,412.6000,412.6000,407.1500,407.1500,1138827.0000,408.7835,410.7000,406.4500,408.1500,409.2000,60.0000,75.0000,,,,,,,,,,,,,,,yahoo
BHARTIARTL,2026-08-19,1927.3000,1937.9000,1927.3000,1936.5000,451097.0000,1933.9253,1941.5000,1925.0000,1929.1000,1922.0000,,,,,,,,,105.0000,,,,,,,,yahoo
BOSCHLTD,2026-08-19,48900.0000,49105.0000,48750.0000,48915.0000,6383.0000,48874.7817,48930.0000,48320.0000,48460.0000,48460.0000,,,,,,,,,65.0000,75.0000,85.0000,,,,,,yahoo
BPCL,2026-08-19,310.2000,311.0000,308.2000,308.8000,241309.0000,309.1125,308.8000,304.7000,307.0000,307.0000,,,,,,,,,50.0000,75.0000,150.0000,155.0000,,,,,yahoo
BRITANNIA,2026-08-19,5490.5000,5539.0000,5485.5000,5539.0000,14055.0000,5525.3748,5550.0000,5470.5000,5475.0000,5453.0000,,,,,,,,,80.0000,205.0000,220.0000,,,,,,yahoo
CANBK,2026-08-19,128.7800,129.0100,128.4800,128.7400,1041984.0000,128.6890,129.3600,128.2100,129.0800,129.0800,,,,,,,,,,,,,,,,,yahoo
CGPOWER,2026-08-19,885.8500,885.8500,863.2000,869.6000,694348.0000,868.3174,873.0000,860.3000,861.5500,863.0500,,,,,,,,,50.0000,95.0000,95.0000,,,,,,yahoo
CHOLAFIN,2026-08-19,1865.1000,1865.1000,1853.7000,1859.9000,73671.0000,1858.9498,1873.5000,1858.7000,1873.5000,1873.5000,15.0000,,,,,,,,,,,,,,,,yahoo
CIPLA,2026-08-19,1422.4000,1428.9000,1421.8000,1425.0000,19550.0000,1426.5517,1430.7000,1415.5000,1422.0000,1422.0000,,,,,,,,,195.0000,,,,,,,,yahoo
COALINDIA,2026-08-19,406.6500,406.6500,401.3000,401.8000,537356.0000,402.2264,402.1500,397.4000,399.4000,400.0000,,,,,,,,,30.0000,35.0000,50.0000,,,,,,yahoo
CUMMINSIND,2026-08-19,5323.5000,5340.0000,5256.0000,5263.5000,34014.0000,5274.4500,5276.0000,5207.0000,5220.0000,5220.0000,,,,,,,,,275.0000,320.0000,325.0000,,,,,,yahoo
DIVISLAB,2026-08-19,8586.0000,8586.0000,8515.5000,8532.5000,14894.0000,8541.7793,8571.5000,8511.0000,8527.0000,8560.0000,,,,,,,,,,,,,,,,,yahoo
DLF,2026-08-19,667.4500,668.2500,658.3000,659.2500,440777.0000,661.5904,674.6500,659.5500,668.0000,669.9000,5.0000,10.0000,10.0000,10.0000,30.0000,130.0000,,,,,,,,,,,yahoo
DMART,2026-08-19,3988.8000,4013.8000,3982.8999,3992.7000,10261.0000,3994.9551,4024.7000,3966.6001,3977.7000,3965.0000,160.0000,160.0000,,,,,,,305.0000,,,,,,,,yahoo
DRREDDY,2026-08-19,1175.9000,1181.3000,1174.3000,1180.0000,64094.0000,1179.2815,1187.1000,1168.1000,1170.0000,1170.0000,35.0000,,,,,,,,195.0000,255.0000,275.0000,,,,,,yahoo
EICHERMOT,2026-08-19,8025.5000,8042.0000,7998.0000,7998.0000,16432.0000,8015.4679,8059.5000,7950.0000,7990.5000,7990.5000,20.0000,155.0000,,,,,,,280.0000,,,,,,,,yahoo
ENRIN,2026-08-19,3602.5000,3602.5000,3468.2000,3481.6001,77495.0000,3493.0937,3511.8000,3453.5000,3482.5000,3483.0000,155.0000,155.0000,,,,,,,35.0000,45.0000,,,,,,,yahoo
ETERNAL,2026-08-19,316.1500,319.8000,316.0500,319.3500,2986485.0000,319.3008,322.7500,317.0000,320.9500,320.0000,130.0000,130.0000,145.0000,,,,,,110.0000,,,,,,,,yahoo
GAIL,2026-08-19,172.2800,173.4900,172.0200,172.2500,309228.0000,172.3678,174.0100,170.7100,172.3800,172.5000,200.0000,200.0000,210.0000,,,,,,150.0000,150.0000,,,,,,,yahoo
GODREJCP,2026-08-19,938.1000,938.1000,928.3000,935.0000,81531.0000,932.4061,939.4000,931.0000,931.0000,930.0000,,,,,,,,,,,,,,,,,yahoo
GRASIM,2026-08-19,3276.1001,3276.1001,3257.3999,3262.0000,59199.0000,3263.5118,3273.5000,3223.6001,3269.8000,3270.0000,,,,,,,,,45.0000,55.0000,60.0000,,,,,,yahoo
HAL,2026-08-19,5098.7002,5099.1001,5014.3999,5024.6001,149847.0000,5040.0660,5049.0000,5005.0000,5009.7998,5017.0000,,,,,,,,,,,,,,,,,yahoo
HCLTECH,2026-08-19,1311.9000,1322.0000,1311.6000,1313.5000,276796.0000,1317.1753,1323.8000,1301.4000,1320.1000,1324.8000,220.0000,320.0000,,,,,,,20.0000,80.0000,,,,,,,yahoo
HDFCAMC,2026-08-19,2515.1001,2531.3999,2501.0000,2522.0000,50475.0000,2519.6262,2551.7000,2518.7000,2551.7000,2551.7000,55.0000,90.0000,265.0000,,,,,,,,,,,,,,yahoo
HDFCBANK,2026-08-19,724.5500,724.5500,718.1000,718.8000,3221622.0000,719.5823,721.7000,715.1000,720.5500,720.0000,,,,,,,,,55.0000,,,,,,,,yahoo
HDFCLIFE,2026-08-19,538.5500,539.2500,535.0000,535.9000,154255.0000,537.0643,539.7500,533.4000,536.3000,536.3000,150.0000,,,,,,,,,,,,,,,,yahoo
HINDALCO,2026-08-19,1029.5000,1032.1000,1026.2500,1028.5000,209023.0000,1028.5969,1038.1000,1027.8000,1035.7000,1038.9500,20.0000,300.0000,,,,,,,,,,,,,,,yahoo
HINDUNILVR,2026-08-19,2037.5000,2041.4000,2028.0000,2030.7000,64050.0000,2032.8342,2032.3000,2008.4000,2016.0000,2020.7000,,,,,,,,,55.0000,85.0000,280.0000,,,,,,yahoo
HINDZINC,2026-08-19,550.0000,554.3000,549.7500,551.9000,398581.0000,552.2165,561.9000,549.5000,555.0000,557.0000,175.0000,180.0000,190.0000,195.0000,200.0000,,,,,,,,,,,,yahoo
HYUNDAI,2026-08-19,2185.0000,2185.0000,2161.3000,2170.3999,33905.0000,2166.3282,2217.3999,2167.0000,2173.0000,2174.5000,15.0000,35.0000,35.0000,35.0000,40.0000,140.0000,,,,,,,,,,,yahoo
ICICIBANK,2026-08-19,1414.8000,1414.8000,1403.3000,1404.9000,352063.0000,1406.8396,1406.1000,1391.5000,1402.0000,1402.0000,,,,,,,,,115.0000,150.0000,,,,,,,yahoo
INDHOTEL,2026-08-19,715.3500,716.7000,714.1500,715.8000,85228.0000,715.3052,724.8500,715.5500,722.0000,723.3500,30.0000,225.0000,225.0000,260.0000,,,,,,,,,,,,,yahoo
INDIGO,2026-08-19,5155.5000,5208.0000,5155.5000,5196.0000,11707.0000,5196.5888,5218.0000,5159.0000,5180.0000,5193.0000,,,,,,,,,70.0000,,,,,,,,yahoo
INFY,2026-08-19,1126.3000,1134.4000,1123.1000,1128.0000,850536.0000,1126.8741,1128.2000,1113.8000,1119.9000,1119.8000,,,,,,,,,20.0000,30.0000,45.0000,80.0000,,,,,yahoo
IOC,2026-08-19,137.5000,138.1000,137.3100,137.4400,716939.0000,137.6025,137.7300,136.2900,136.5000,136.3000,,,,,,,,,150.0000,305.0000,,,,,,,yahoo
IRFC,2026-08-19,86.2000,87.2800,85.5400,85.6600,1925291.0000,86.0372,85.9500,85.0100,85.1400,85.1800,,,,,,,,,280.0000,330.0000,,,,,,,yahoo
ITC,2026-08-19,270.1500,270.9500,269.6000,270.3500,673651.0000,270.3385,270.8000,265.8500,266.6500,267.0500,,,,,,,,,45.0000,50.0000,195.0000,230.0000,275.0000,,,,yahoo
JINDALSTEL,2026-08-19,1095.2000,1104.6000,1095.2000,1103.2000,31656.0000,1100.9470,1121.5000,1102.7000,1115.0000,1115.0000,15.0000,15.0000,15.0000,15.0000,20.0000,,,,,,,,,,,,yahoo
JIOFIN,2026-08-19,245.8500,246.1000,244.0000,244.8000,1245889.0000,245.2447,245.4500,241.7500,242.4500,243.1500,,,,,,,,,65.0000,280.0000,315.0000,,,,,,yahoo
JSWSTEEL,2026-08-19,1268.0000,1268.0000,1262.1000,1266.9000,42322.0000,1263.9089,1285.8000,1266.0000,1285.8000,1285.8000,15.0000,15.0000,20.0000,20.0000,,,,,,,,,,,,,yahoo
KOTAKBANK,2026-08-19,387.3000,388.8000,387.2000,388.5000,392923.0000,388.1732,392.4000,387.5000,391.9500,390.2500,130.0000,290.0000,295.0000,,,,,,,,,,,,,,yahoo
LODHA,2026-08-19,1217.0000,1219.4000,1195.2000,1204.1000,89117.0000,1201.1623,1215.7000,1197.3000,1210.0000,1210.0000,10.0000,10.0000,,,,,,,115.0000,,,,,,,,yahoo
LT,2026-08-19,4064.0000,4064.0000,4034.8999,4041.0000,78590.0000,4042.9301,4051.7000,4025.0000,4029.3000,4041.3000,,,,,,,,,,,,,,,,,yahoo
LTM,2026-08-19,4630.0000,4656.7998,4605.2998,4631.6001,89936.0000,4635.9686,4647.2002,4530.0000,4549.5000,4564.3999,,,,,,,,,20.0000,30.0000,30.0000,75.0000,75.0000,85.0000,,,yahoo
M&M,2026-08-19,3413.3000,3413.3000,3371.2000,3392.0000,182119.0000,3380.6852,3425.3999,3391.0000,3410.0000,3415.0000,20.0000,45.0000,,,,,,,,,,,,,,,yahoo
MARUTI,2026-08-19,13661.0000,13691.0000,13628.0000,13665.0000,12452.0000,13659.5524,13734.0000,13640.0000,13650.0000,13690.0000,200.0000,,,,,,,,,,,,,,,,yahoo
MAXHEALTH,2026-08-19,1016.2000,1016.2000,1004.1000,1005.1000,66505.0000,1006.7235,1012.4000,994.9000,994.9000,997.0000,50.0000,,,,,,,,305.0000,315.0000,330.0000,,,,,,yahoo
MAZDOCK,2026-08-19,2596.0000,2604.2000,2560.6001,2560.6001,88887.0000,2571.3787,2568.0000,2538.7000,2563.8000,2563.8000,,,,,,,,,275.0000,325.0000,,,,,,,yahoo
MOTHERSON,2026-08-19,170.8800,170.8800,169.3800,170.1900,1121868.0000,169.8422,173.2300,169.9300,170.2200,170.2900,20.0000,20.0000,25.0000,25.0000,25.0000,,,,,,,,,,,,yahoo
MUTHOOTFIN,2026-08-19,2879.3000,2886.0000,2856.0000,2857.7000,72244.0000,2864.8389,2872.7000,2847.5000,2854.3000,2859.0000,10.0000,,,,,,,,,,,,,,,,yahoo
NESTLEIND,2026-08-19,1462.0000,1481.1000,1462.0000,1473.7000,125604.0000,1474.6388,1479.7000,1457.1000,1463.9000,1465.0000,,,,,,,,,45.0000,60.0000,80.0000,,,,,,yahoo
NTPC,2026-08-19,336.2500,338.8500,335.9500,336.3500,269019.0000,337.4627,336.9500,333.6500,334.8500,336.5500,,,,,,,,,45.0000,265.0000,,,,,,,yahoo
ONGC,2026-08-19,241.1000,241.9000,239.9100,240.9900,996731.0000,240.5065,242.1300,237.5200,237.7800,238.0000,,,,,,,,,145.0000,150.0000,160.0000,205.0000,,,,,yahoo
PFC,2026-08-19,374.2500,374.2500,372.0000,373.0000,374101.0000,372.6812,375.9500,371.1500,372.8000,374.4500,100.0000,130.0000,,,,,,,,,,,,,,,yahoo
PIDILITIND,2026-08-19,1668.7000,1669.9000,1654.2000,1661.6000,129454.0000,1661.0257,1673.0000,1644.5000,1650.0000,1650.0000,40.0000,,,,,,,,290.0000,310.0000,330.0000,,,,,,yahoo
PNB,2026-08-19,116.3400,116.7900,116.0300,116.7000,729408.0000,116.5197,117.5500,116.5300,117.1000,117.4800,85.0000,,,,,,,,,,,,,,,,yahoo
POWERGRID,2026-08-19,267.3000,267.3000,265.1500,265.3000,474995.0000,265.7712,265.4000,262.1500,262.5500,263.5000,,,,,,,,,40.0000,70.0000,325.0000,,,,,,yahoo
RECLTD,2026-08-19,337.7000,339.4000,337.0000,337.8500,225282.0000,337.9052,340.2000,336.3000,337.0000,337.0000,15.0000,,,,,,,,,,,,,,,,yahoo
RELIANCE,2026-08-19,1319.8000,1320.0000,1312.8000,1316.8000,549124.0000,1315.0284,1316.9000,1304.2000,1306.9000,1311.0000,,,,,,,,,275.0000,325.0000,,,,,,,yahoo
SBILIFE,2026-08-19,1774.6000,1774.6000,1751.6000,1752.4000,99921.0000,1756.9752,1786.6000,1746.4000,1780.4000,1780.4000,120.0000,140.0000,150.0000,175.0000,215.0000,,,,,,,,,,,,yahoo
SBIN,2026-08-19,1051.5000,1051.9000,1048.0000,1049.1000,314365.0000,1049.2809,1054.5000,1041.5000,1044.8000,1048.6000,15.0000,,,,,,,,250.0000,,,,,,,,yahoo
SHREECEM,2026-08-19,24495.0000,24500.0000,24265.0000,24280.0000,1459.0000,24319.8481,24380.0000,24150.0000,24300.0000,24340.0000,,,,,,,,,35.0000,,,,,,,,yahoo
SHRIRAMFIN,2026-08-19,1108.4000,1109.0000,1098.2000,1100.3000,250638.0000,1101.7391,1112.8000,1100.1000,1105.0000,1106.0000,10.0000,40.0000,160.0000,,,,,,,,,,,,,,yahoo
SIEMENS,2026-08-19,3951.8000,3951.8000,3892.8999,3904.3999,27532.0000,3904.2094,3920.3999,3878.2000,3898.8999,3898.8999,,,,,,,,,320.0000,,,,,,,,yahoo
SOLARINDS,2026-08-19,20080.0000,20120.0000,19638.0000,19649.0000,45092.0000,19787.6496,19801.0000,19550.0000,19721.0000,19721.0000,10.0000,15.0000,,,,,,,245.0000,,,,,,,,yahoo
SUNPHARMA,2026-08-19,1878.5000,1893.8000,1874.0000,1890.8000,63435.0000,1890.2789,1900.0000,1883.2000,1900.0000,1900.0000,,,,,,,,,,,,,,,,,yahoo
TATACAP,2026-08-19,363.9000,363.9000,361.5000,363.4000,46839.0000,362.6992,370.0000,362.8500,365.7000,365.5500,15.0000,15.0000,15.0000,25.0000,25.0000,,,,,,,,,,,,yahoo
TATACONSUM,2026-08-19,1062.0000,1069.4000,1059.9000,1068.0000,43542.0000,1066.5708,1071.3000,1058.5000,1061.1000,1068.0000,,,,,,,,,50.0000,65.0000,,,,,,,yahoo
TATAPOWER,2026-08-19,380.0000,380.4500,376.2000,376.9000,303717.0000,377.3428,379.4500,375.0500,378.1500,378.9000,295.0000,,,,,,,,,,,,,,,,yahoo
TATASTEEL,2026-08-19,184.1000,184.1400,182.5000,182.8100,1506058.0000,183.0054,184.6900,182.7500,183.6200,184.0000,15.0000,15.0000,75.0000,,,,,,,,,,,,,,yahoo
TCS,2026-08-19,2293.6001,2300.8999,2268.3999,2281.0000,452476.0000,2281.2168,2294.1001,2258.5000,2287.0000,2289.0000,270.0000,,,,,,,,20.0000,45.0000,,,,,,,yahoo
TECHM,2026-08-19,1603.5000,1606.9000,1590.0000,1598.0000,111380.0000,1595.8200,1598.7000,1576.0000,1583.0000,1589.8000,,,,,,,,,25.0000,25.0000,80.0000,85.0000,,,,,yahoo
TITAN,2026-08-19,5055.3999,5058.5000,5038.2998,5050.0000,20388.0000,5049.3063,5074.5000,5042.5000,5063.0000,5068.0000,,,,,,,,,,,,,,,,,yahoo
TMCV,2026-08-19,470.0000,473.5000,470.0000,473.0000,494315.0000,472.2574,480.0000,468.0500,478.5500,477.6500,130.0000,315.0000,320.0000,325.0000,,,,,10.0000,65.0000,65.0000,,,,,,yahoo
TMPV,2026-08-19,323.7500,323.7500,320.3000,320.7000,672098.0000,321.0329,323.7000,320.2000,322.1000,321.3000,110.0000,130.0000,,,,,,,,,,,,,,,yahoo
TORNTPHARM,2026-08-19,4983.0000,4989.5000,4945.5000,4950.0000,37606.0000,4973.0791,5031.0000,4947.5000,5015.0000,5013.0000,20.0000,30.0000,45.0000,280.0000,295.0000,,,,,,,,,,,,yahoo
TRENT,2026-08-19,2949.6001,2957.8000,2939.0000,2945.8000,31822.0000,2945.9015,2972.0000,2940.5000,2953.0000,2953.0000,60.0000,60.0000,,,,,,,,,,,,,,,yahoo
TVSMOTOR,2026-08-19,4380.0000,4391.3999,4362.1001,4367.8999,44987.0000,4375.3862,4383.2002,4342.7998,4361.1001,4361.1001,,,,,,,,,130.0000,,,,,,,,yahoo
ULTRACEMCO,2026-08-19,11495.0000,11495.0000,11416.0000,11434.0000,10398.0000,11446.1619,11486.0000,11397.0000,11450.0000,11450.0000,,,,,,,,,,,,,,,,,yahoo
UNIONBANK,2026-08-19,184.9700,186.8700,184.9700,186.6800,390893.0000,186.0192,187.6000,185.3500,186.9000,186.9000,,,,,,,,,170.0000,,,,,,,,yahoo
UNITDSPR,2026-08-19,1530.4000,1530.4000,1523.1000,1525.1000,13112.0000,1525.9907,1532.0000,1514.1000,1515.3000,1524.0000,,,,,,,,,275.0000,,,,,,,,yahoo
VBL,2026-08-19,436.7500,439.0000,436.0000,436.4500,155451.0000,436.9779,437.9000,432.6500,432.6500,431.8500,,,,,,,,,80.0000,325.0000,,,,,,,yahoo
VEDL,2026-08-19,264.3000,264.4000,261.7000,262.2000,515106.0000,262.1752,263.4000,261.3500,262.0000,262.6000,,,,,,,,,,,,,,,,,yahoo
WIPRO,2026-08-19,179.0600,179.8400,178.3100,179.5000,815244.0000,179.1935,179.8800,178.4500,179.2400,179.5500,,,,,,,,,40.0000,,,,,,,,yahoo
ZYDUSLIFE,2026-08-19,1116.6000,1118.7000,1114.3000,1117.2000,46734.0000,1116.8272,1127.4000,1104.5000,1104.5000,1104.5000,20.0000,25.0000,,,,,,,150.0000,180.0000,195.0000,,,,,,yahoo
ABB,2026-08-20,7470.0000,7470.0000,7400.5000,7409.5000,19342.0000,7413.3675,7481.0000,7393.5000,7457.0000,7479.0000,60.0000,60.0000,,,,,,,,,,,,,,,yahoo
ADANIENSOL,2026-08-20,1550.0000,1560.0000,1544.0000,1550.9000,261634.0000,1549.9665,1557.0000,1539.7000,1548.5000,1548.5000,,,,,,,,,130.0000,,,,,,,,yahoo
ADANIENT,2026-08-20,3004.0000,3007.8000,2990.0000,3004.8000,97032.0000,3002.1846,3011.0000,2990.5000,2991.0000,2994.8999,,,,,,,,,,,,,,,,,yahoo
ADANIGREEN,2026-08-20,1297.2000,1302.6000,1294.5000,1300.9000,115143.0000,1299.9585,1310.2000,1298.1000,1301.8000,1301.8000,30.0000,,,,,,,,,,,,,,,,yahoo
ADANIPORTS,2026-08-20,1686.8000,1686.8000,1681.1000,1686.6000,95523.0000,1685.5349,1698.5000,1682.5000,1690.5000,1696.0000,30.0000,,,,,,,,,,,,,,,,yahoo
ADANIPOWER,2026-08-20,204.7900,205.4000,204.0500,204.1000,775324.0000,204.3313,205.4600,202.9000,203.3000,204.0000,140.0000,,,,,,,,325.0000,,,,,,,,yahoo
AMBUJACEM,2026-08-20,410.0500,412.6500,408.7500,411.7000,171843.0000,411.4658,414.6000,407.4500,411.0000,411.0000,130.0000,,,,,,,,35.0000,45.0000,50.0000,,,,,,yahoo
APOLLOHOSP,2026-08-20,8767.5000,8767.5000,8704.5000,8711.5000,13423.0000,8723.7969,8736.5000,8680.0000,8735.0000,8735.0000,,,,,,,,,,,,,,,,,yahoo
ASIANPAINT,2026-08-20,2635.2000,2640.3999,2623.2000,2626.0000,30954.0000,2629.1180,2636.0000,2607.1001,2625.2000,2625.2000,,,,,,,,,15.0000,,,,,,,,yahoo
AXISBANK,2026-08-20,1237.0000,1251.6000,1237.0000,1251.0000,354283.0000,1245.7751,1253.5000,1244.6000,1247.1000,1251.0000,,,,,,,,,265.0000,,,,,,,,yahoo
BAJAJ-AUTO,2026-08-20,11648.0000,11690.0000,11622.0000,11665.0000,9515.0000,11646.6681,11793.0000,11657.0000,11793.0000,11793.0000,190.0000,330.0000,330.0000,,,,,,,,,,,,,,yahoo
BAJAJFINSV,2026-08-20,2019.3000,2030.0000,2013.9000,2017.2000,31236.0000,2018.9573,2025.0000,2013.0000,2016.0000,2016.0000,,,,,,,,,,,,,,,,,yahoo
BAJAJHLDNG,2026-08-20,11380.0000,11380.0000,11306.0000,11362.0000,1289.0000,11330.2757,11423.0000,11313.0000,11368.0000,11368.0000,90.0000,,,,,,,,,,,,,,,,yahoo
BAJFINANCE,2026-08-20,1089.4000,1100.4000,1089.4000,1094.8000,414006.0000,1095.0932,1102.2000,1092.1000,1095.0000,1095.0000,75.0000,,,,,,,,,,,,,,,,yahoo
BANKBARODA,2026-08-20,246.2200,246.7400,245.1300,246.6600,528231.0000,245.9552,247.1100,244.2800,244.5000,244.5000,,,,,,,,,265.0000,275.0000,,,,,,,yahoo
BEL,2026-08-20,411.8500,412.1000,409.6500,411.6000,695687.0000,410.9158,412.0500,406.8000,407.8000,409.4000,,,,,,,,,40.0000,320.0000,330.0000,,,,,,yahoo
BHARTIARTL,2026-08-20,1938.2000,1947.7000,1933.4000,1939.5000,208010.0000,1938.4251,1952.0000,1937.0000,1946.2000,1941.7000,205.0000,,,,,,,,,,,,,,,,yahoo
BOSCHLTD,2026-08-20,48690.0000,48690.0000,48090.0000,48340.0000,3542.0000,48229.7464,48615.0000,47905.0000,48600.0000,48750.0000,100.0000,,,,,,,,240.0000,260.0000,,,,,,,yahoo
BPCL,2026-08-20,307.7000,308.4000,305.0000,306.7500,269434.0000,305.9102,311.0000,306.3000,311.0000,308.7000,85.0000,90.0000,115.0000,135.0000,,,,,,,,,,,,,yahoo
BRITANNIA,2026-08-20,5454.5000,5527.0000,5454.5000,5498.0000,47540.0000,5504.1999,5554.5000,5476.5000,5548.0000,5548.0000,115.0000,190.0000,200.0000,,,,,,,,,,,,,,yahoo
CANBK,2026-08-20,129.5000,130.0200,129.1100,129.7000,881006.0000,129.4473,130.4900,129.3000,129.6000,129.6000,75.0000,,,,,,,,,,,,,,,,yahoo
CGPOWER,2026-08-20,871.6500,871.6500,863.1500,865.2000,232530.0000,866.1249,875.6000,862.8500,874.0000,876.3000,60.0000,60.0000,60.0000,,,,,,,,,,,,,,yahoo
CHOLAFIN,2026-08-20,1889.5000,1897.4000,1879.0000,1880.2000,29354.0000,1883.1601,1906.7000,1878.1000,1888.9000,1888.9000,35.0000,35.0000,65.0000,75.0000,,,,,,,,,,,,,yahoo
CIPLA,2026-08-20,1430.0000,1431.8000,1427.7000,1430.4000,23206.0000,1429.6813,1439.4000,1428.9000,1438.0000,1438.0000,20.0000,,,,,,,,,,,,,,,,yahoo
COALINDIA,2026-08-20,401.0000,401.0000,395.8000,397.1500,678831.0000,397.0175,403.0000,397.1500,402.0500,402.5000,25.0000,35.0000,115.0000,120.0000,,,,,,,,,,,,,yahoo
CUMMINSIND,2026-08-20,5243.0000,5252.5000,5200.0000,5207.5000,27941.0000,5212.0619,5227.0000,5193.0000,5205.0000,5205.0000,,,,,,,,,,,,,,,,,yahoo
DIVISLAB,2026-08-20,8560.0000,8595.0000,8548.0000,8557.0000,14365.0000,8573.5689,8596.5000,8532.0000,8570.0000,8570.0000,,,,,,,,,,,,,,,,,yahoo
DLF,2026-08-20,673.6000,677.3000,672.0000,676.8500,187336.0000,675.1184,682.0000,673.5000,679.0000,676.1500,185.0000,190.0000,,,,,,,,,,,,,,,yahoo
DMART,2026-08-20,3985.8000,4068.0000,3985.8000,4038.6001,75964.0000,4051.2064,4045.0000,3956.0000,3960.0000,3960.0000,,,,,,,,,45.0000,45.0000,100.0000,130.0000,180.0000,330.0000,,,yahoo
DRREDDY,2026-08-20,1174.7000,1178.7000,1172.5000,1174.1000,44076.0000,1174.7417,1183.8000,1171.4000,1180.0000,1180.0000,155.0000,265.0000,,,,,,,,,,,,,,,yahoo
EICHERMOT,2026-08-20,8030.5000,8030.5000,7986.5000,8011.0000,24839.0000,7998.6435,8097.0000,7997.5000,8042.0000,8042.0000,95.0000,120.0000,160.0000,,,,,,,,,,,,,,yahoo
ENRIN,2026-08-20,3509.0000,3521.8999,3477.7000,3479.0000,20997.0000,3496.1545,3488.0000,3430.1001,3434.8000,3429.0000,,,,,,,,,125.0000,125.0000,185.0000,250.0000,,,,,yahoo
ETERNAL,2026-08-20,323.6000,328.5000,322.5000,327.9000,6694419.0000,326.4428,328.2500,325.6000,328.0000,327.9500,,,,,,,,,140.0000,,,,,,,,yahoo
GAIL,2026-08-20,172.4500,173.3800,172.1000,172.5000,262762.0000,172.3334,173.5000,172.0700,172.2500,172.5000,115.0000,,,,,,,,,,,,,,,,yahoo
GODREJCP,2026-08-20,937.0000,939.2000,934.5000,935.1000,125227.0000,936.9660,948.0000,935.5000,941.1000,947.0000,30.0000,30.0000,130.0000,195.0000,,,,,,,,,,,,,yahoo
GRASIM,2026-08-20,3271.6001,3281.2000,3266.8999,3275.0000,27210.0000,3272.4073,3310.0000,3250.0000,3310.0000,3300.0000,330.0000,330.0000,330.0000,,,,,,50.0000,55.0000,,,,,,,yahoo
HAL,2026-08-20,5048.7002,5048.7002,5010.0000,5016.8999,51363.0000,5018.7856,5022.0000,4975.1001,4978.0000,4998.0000,,,,,,,,,30.0000,320.0000,,,,,,,yahoo
HCLTECH,2026-08-20,1339.9000,1344.8000,1324.4000,1336.9000,133241.0000,1332.6801,1338.4000,1318.4000,1318.4000,1318.4000,,,,,,,,,85.0000,120.0000,170.0000,330.0000,,,,,yahoo
HDFCAMC,2026-08-20,2557.8999,2574.0000,2554.0000,2563.0000,54734.0000,2559.7933,2624.0000,2557.1001,2624.0000,2624.0000,20.0000,35.0000,90.0000,165.0000,165.0000,330.0000,,,,,,,,,,,yahoo
HDFCBANK,2026-08-20,726.4500,727.8000,725.1500,727.0000,1913970.0000,726.6173,728.3000,724.7000,724.9500,725.0500,,,,,,,,,,,,,,,,,yahoo
HDFCLIFE,2026-08-20,539.9000,539.9000,536.7500,537.2000,103717.0000,538.1175,543.2000,536.6500,542.0000,542.0000,20.0000,20.0000,35.0000,,,,,,,,,,,,,,yahoo
HINDALCO,2026-08-20,1043.9500,1047.3000,1017.7000,1018.7000,738501.0000,1022.9777,1033.5000,1013.0000,1022.9500,1029.8500,50.0000,50.0000,50.0000,55.0000,,,,,5.0000,,,,,,,,yahoo
HINDUNILVR,2026-08-20,2022.9000,2041.7000,2020.5000,2036.0000,225103.0000,2036.3988,2043.5000,2022.3000,2028.0000,2028.0000,,,,,,,,,55.0000,,,,,,,,yahoo
HINDZINC,2026-08-20,572.6500,572.7500,567.6500,568.2000,745689.0000,569.6614,574.3500,566.8000,573.0000,573.9000,50.0000,55.0000,155.0000,,,,,,,,,,,,,,yahoo
HYUNDAI,2026-08-20,2194.6001,2202.6001,2180.8000,2192.6001,22945.0000,2190.0270,2233.7000,2185.1001,2224.8000,2227.0000,25.0000,115.0000,160.0000,275.0000,280.0000,,,,,,,,,,,,yahoo
ICICIBANK,2026-08-20,1407.5000,1411.8000,1405.1000,1410.2000,388957.0000,1408.9575,1413.0000,1405.3000,1406.8000,1411.9000,,,,,,,,,,,,,,,,,yahoo
INDHOTEL,2026-08-20,727.9500,731.5000,726.0000,730.8000,86983.0000,728.2955,737.1000,729.9000,732.6000,735.8500,65.0000,85.0000,,,,,,,,,,,,,,,yahoo
INDIGO,2026-08-20,5228.0000,5228.0000,5181.0000,5184.5000,26413.0000,5192.0425,5199.0000,5153.0000,5165.0000,5165.0000,,,,,,,,,275.0000,,,,,,,,yahoo
INFY,2026-08-20,1141.0000,1142.8000,1133.0000,1140.4000,836315.0000,1138.6403,1142.9000,1125.7000,1130.0000,1130.0000,,,,,,,,,85.0000,90.0000,100.0000,120.0000,,,,,yahoo
IOC,2026-08-20,136.9900,137.1000,135.3800,135.7500,1252425.0000,135.6726,136.5600,135.4000,135.5000,135.9000,90.0000,,,,,,,,,,,,,,,,yahoo
IRFC,2026-08-20,85.3200,86.2400,85.3200,85.9100,962372.0000,86.0008,87.2000,85.7200,86.3600,86.4700,75.0000,120.0000,170.0000,190.0000,225.0000,,,,,,,,,,,,yahoo
ITC,2026-08-20,268.1000,268.5000,267.0500,267.7500,1201439.0000,267.9215,271.2000,265.0000,270.8000,271.6500,190.0000,210.0000,210.0000,325.0000,,,,,55.0000,65.0000,75.0000,,,,,,yahoo
JINDALSTEL,2026-08-20,1108.4000,1123.0000,1108.4000,1119.1000,36664.0000,1119.7599,1141.5000,1114.6000,1116.0000,1118.9000,45.0000,45.0000,50.0000,50.0000,50.0000,55.0000,,,,,,,,,,,yahoo
JIOFIN,2026-08-20,244.8000,244.9000,243.7500,244.6500,929125.0000,244.4722,247.2000,244.2000,244.8500,244.6000,60.0000,65.0000,155.0000,,,,,,,,,,,,,,yahoo
JSWSTEEL,2026-08-20,1298.5000,1298.5000,1284.9000,1288.7000,425554.0000,1290.9570,1310.6000,1281.5000,1299.7000,1299.7000,40.0000,45.0000,50.0000,50.0000,50.0000,,,,10.0000,,,,,,,,yahoo
KOTAKBANK,2026-08-20,393.6000,396.3500,393.6000,395.5500,443093.0000,395.5908,399.5000,394.9500,397.4000,397.3500,115.0000,205.0000,,,,,,,,,,,,,,,yahoo
LODHA,2026-08-20,1216.1000,1225.8000,1216.1000,1225.7000,54115.0000,1222.0691,1246.2000,1221.8000,1239.9000,1240.0000,25.0000,65.0000,75.0000,105.0000,160.0000,,,,,,,,,,,,yahoo
LT,2026-08-20,4055.0000,4083.0000,4050.7000,4062.5000,118698.0000,4067.4910,4084.8000,4050.0000,4074.7000,4081.0000,140.0000,,,,,,,,,,,,,,,,yahoo
LTM,2026-08-20,4572.0000,4656.6001,4572.0000,4639.0000,71794.0000,4638.2543,4641.2002,4540.0000,4553.0000,4553.0000,,,,,,,,,15.0000,15.0000,35.0000,45.0000,145.0000,200.0000,,,yahoo
M&M,2026-08-20,3424.0000,3427.6001,3401.0000,3421.7000,95697.0000,3412.2984,3456.3999,3416.1001,3424.8000,3424.8000,145.0000,150.0000,185.0000,,,,,,,,,,,,,,yahoo
MARUTI,2026-08-20,13758.0000,13769.0000,13681.0000,13740.0000,12398.0000,13714.9596,13826.0000,13700.0000,13809.0000,13809.0000,190.0000,,,,,,,,,,,,,,,,yahoo
MAXHEALTH,2026-08-20,999.1000,999.1000,988.0000,990.1000,268609.0000,990.4681,1001.6000,988.8000,998.0000,997.9000,110.0000,120.0000,170.0000,,,,,,,,,,,,,,yahoo
MAZDOCK,2026-08-20,2574.0000,2581.2000,2563.8000,2580.2000,59543.0000,2574.2023,2582.3999,2552.0000,2570.0000,2570.0000,,,,,,,,,5.0000,35.0000,45.0000,,,,,,yahoo
MOTHERSON,2026-08-20,171.2500,171.8000,170.0100,170.4500,718154.0000,170.2969,170.9400,168.8800,169.0000,169.5800,,,,,,,,,170.0000,180.0000,,,,,,,yahoo
MUTHOOTFIN,2026-08-20,2927.3000,2985.3000,2920.1001,2960.3999,660219.0000,2973.5403,2997.6001,2956.1001,2972.0000,2970.0000,75.0000,80.0000,85.0000,85.0000,,,,,,,,,,,,,yahoo
NESTLEIND,2026-08-20,1479.3000,1479.3000,1468.7000,1470.7000,58765.0000,1473.4928,1473.2000,1454.6000,1458.0000,1458.0000,,,,,,,,,130.0000,145.0000,315.0000,,,,,,yahoo
NTPC,2026-08-20,336.9000,337.1000,334.4000,334.7500,201471.0000,335.1308,339.5000,334.7500,337.5000,337.5000,70.0000,90.0000,105.0000,190.0000,,,,,,,,,,,,,yahoo
ONGC,2026-08-20,239.0000,239.2000,233.7000,234.5400,1648064.0000,234.8032,238.5500,234.5100,238.4700,238.5000,20.0000,70.0000,85.0000,90.0000,135.0000,,,,,,,,,,,,yahoo
PFC,2026-08-20,374.0000,374.0000,368.0000,368.3000,1074892.0000,368.8258,368.5000,363.2500,363.6000,363.8000,,,,,,,,,25.0000,40.0000,255.0000,325.0000,,,,,yahoo
PIDILITIND,2026-08-20,1658.5000,1666.0000,1650.6000,1651.4000,21690.0000,1653.8376,1666.9000,1647.5000,1660.1000,1660.0000,205.0000,275.0000,,,,,,,,,,,,,,,yahoo
PNB,2026-08-20,118.1100,118.5200,117.5000,118.0600,566589.0000,117.7638,119.0600,117.6700,118.0000,118.0000,170.0000,190.0000,,,,,,,,,,,,,,,yahoo
POWERGRID,2026-08-20,263.4000,264.3000,262.8000,263.2000,468012.0000,263.5134,266.6000,263.1500,265.2000,264.8000,70.0000,90.0000,110.0000,295.0000,,,,,,,,,,,,,yahoo
RECLTD,2026-08-20,337.6500,338.1500,331.5000,332.3500,535493.0000,332.9706,332.3500,327.5500,328.7500,328.1000,,,,,,,,,25.0000,40.0000,40.0000,45.0000,,,,,yahoo
RELIANCE,2026-08-20,1314.8000,1314.8000,1307.0000,1308.8000,618701.0000,1308.6062,1316.5000,1307.2000,1311.0000,1313.2000,190.0000,,,,,,,,,,,,,,,,yahoo
SBILIFE,2026-08-20,1780.5000,1789.0000,1777.8000,1780.7000,75242.0000,1781.7510,1792.2000,1775.5000,1776.2000,1782.0000,40.0000,,,,,,,,,,,,,,,,yahoo
SBIN,2026-08-20,1051.5000,1051.9000,1047.0000,1050.1000,518551.0000,1049.2926,1051.5000,1045.8000,1047.5000,1048.0000,,,,,,,,,,,,,,,,,yahoo
SHREECEM,2026-08-20,24330.0000,24500.0000,24330.0000,24440.0000,783.0000,24442.9140,24465.0000,24255.0000,24285.0000,24300.0000,,,,,,,,,20.0000,330.0000,,,,,,,yahoo
SHRIRAMFIN,2026-08-20,1116.0000,1135.4000,1116.0000,1131.0000,604093.0000,1130.5045,1134.4000,1119.0000,1121.9000,1128.2000,,,,,,,,,170.0000,325.0000,330.0000,,,,,,yahoo
SIEMENS,2026-08-20,3903.3999,3928.7000,3890.3999,3899.6001,15252.0000,3898.1818,3954.8000,3887.0000,3898.0000,3880.0000,30.0000,30.0000,60.0000,60.0000,,,,,,,,,,,,,yahoo
SOLARINDS,2026-08-20,19471.0000,19820.0000,19471.0000,19728.0000,10427.0000,19727.3215,19861.0000,19583.0000,19660.0000,19760.0000,75.0000,,,,,,,,35.0000,,,,,,,,yahoo
SUNPHARMA,2026-08-20,1902.0000,1910.1000,1896.8000,1896.8000,101014.0000,1899.7613,1903.6000,1890.3000,1902.0000,1904.0000,,,,,,,,,,,,,,,,,yahoo
TATACAP,2026-08-20,365.4000,367.9500,364.3000,367.5500,54711.0000,366.2708,369.8500,363.5000,366.1000,366.2500,10.0000,,,,,,,,315.0000,320.0000,320.0000,,,,,,yahoo
TATACONSUM,2026-08-20,1071.9000,1074.6000,1069.8000,1071.7000,308107.0000,1070.9676,1073.9000,1060.2000,1060.3000,1056.3000,,,,,,,,,55.0000,165.0000,325.0000,,,,,,yahoo
TATAPOWER,2026-08-20,379.9000,379.9000,375.8500,376.7500,321780.0000,376.7515,378.5000,375.0000,375.2500,375.2500,,,,,,,,,,,,,,,,,yahoo
TATASTEEL,2026-08-20,185.3000,185.3000,184.0400,184.1700,948093.0000,184.3349,185.5700,182.9800,183.4500,183.5000,45.0000,55.0000,,,,,,,10.0000,,,,,,,,yahoo
TCS,2026-08-20,2307.1001,2325.3000,2301.0000,2312.0000,181806.0000,2308.3047,2314.0000,2288.7000,2291.6001,2298.0000,,,,,,,,,85.0000,110.0000,330.0000,,,,,,yahoo
TECHM,2026-08-20,1604.8000,1610.0000,1593.7000,1601.8000,102928.0000,1601.2984,1605.8000,1588.7000,1591.6000,1592.1000,,,,,,,,,110.0000,330.0000,,,,,,,yahoo
TITAN,2026-08-20,5076.5000,5104.6001,5064.0000,5097.3999,62856.0000,5095.1972,5110.0000,5063.8999,5068.0000,5068.0000,,,,,,,,,200.0000,,,,,,,,yahoo
TMCV,2026-08-20,479.0000,483.0000,478.1000,480.0000,519986.0000,480.1172,487.4500,476.4000,477.2500,477.1000,115.0000,120.0000,150.0000,165.0000,170.0000,,,,325.0000,330.0000,,,,,,,yahoo
TMPV,2026-08-20,323.6000,324.5500,322.5000,323.9500,663304.0000,323.8531,324.1500,318.4500,319.6500,320.2500,,,,,,,,,95.0000,245.0000,305.0000,315.0000,320.0000,,,,yahoo
TORNTPHARM,2026-08-20,5030.5000,5030.5000,4990.0000,4997.0000,17653.0000,5007.0986,5015.0000,4965.0000,5005.0000,5005.0000,,,,,,,,,65.0000,,,,,,,,yahoo
TRENT,2026-08-20,2947.8999,2971.0000,2947.8999,2963.0000,32218.0000,2963.3925,2978.0000,2950.2000,2968.0000,2970.0000,255.0000,,,,,,,,,,,,,,,,yahoo
TVSMOTOR,2026-08-20,4379.7998,4407.2998,4360.2998,4401.1001,55327.0000,4389.9463,4406.7998,4366.7998,4380.7002,4390.0000,,,,,,,,,235.0000,325.0000,,,,,,,yahoo
ULTRACEMCO,2026-08-20,11481.0000,11506.0000,11470.0000,11489.0000,7634.0000,11489.5913,11637.0000,11424.0000,11624.0000,11575.0000,220.0000,255.0000,260.0000,265.0000,,,,,75.0000,,,,,,,,yahoo
UNIONBANK,2026-08-20,187.9200,189.4200,186.8300,187.6100,1132372.0000,187.2000,187.6100,184.4800,184.6800,184.6800,,,,,,,,,5.0000,225.0000,240.0000,270.0000,315.0000,,,,yahoo
UNITDSPR,2026-08-20,1522.0000,1536.1000,1522.0000,1527.5000,9320.0000,1528.5959,1546.9000,1526.4000,1544.0000,1544.0000,5.0000,5.0000,20.0000,25.0000,,,,,,,,,,,,,yahoo
VBL,2026-08-20,434.5500,436.6500,434.5500,436.1500,161827.0000,435.9794,440.5000,436.1500,437.4000,438.3000,5.0000,35.0000,,,,,,,,,,,,,,,yahoo
VEDL,2026-08-20,267.0000,269.2500,266.0000,268.1500,863110.0000,267.3991,271.9500,267.5000,268.0000,268.0000,30.0000,35.0000,55.0000,55.0000,,,,,,,,,,,,,yahoo
WIPRO,2026-08-20,181.5700,182.3000,180.6100,181.3600,1163225.0000,181.4438,181.8000,180.5700,180.9900,181.0000,,,,,,,,,,,,,,,,,yahoo
ZYDUSLIFE,2026-08-20,1114.9000,1118.0000,1109.0000,1109.0000,49472.0000,1113.5123,1123.8000,1105.9000,1115.0000,1107.7000,60.0000,65.0000,70.0000,70.0000,,,,,,,,,,,,,yahoo
ABB,2026-08-21,7485.5000,7525.5000,7440.0000,7474.0000,11213.0000,7456.6048,7474.0000,7407.0000,7424.0000,7424.0000,,,,,,,,,145.0000,195.0000,,,,,,,yahoo
ADANIENSOL,2026-08-21,1548.5000,1559.0000,1546.4000,1553.8000,232803.0000,1554.0377,1559.2000,1527.6000,1533.0000,1541.9000,,,,,,,,,60.0000,75.0000,210.0000,215.0000,215.0000,,,,yahoo
ADANIENT,2026-08-21,2996.3000,3007.5000,2981.1001,2990.0000,130111.0000,2992.6531,3005.0000,2981.0000,2997.0000,2997.0000,205.0000,,,,,,,,,,,,,,,,yahoo
ADANIGREEN,2026-08-21,1315.1000,1324.5000,1313.3000,1317.2000,163093.0000,1317.5861,1324.0000,1310.1000,1314.0000,1320.0000,25.0000,,,,,,,,170.0000,,,,,,,,yahoo
ADANIPORTS,2026-08-21,1697.2000,1701.1000,1686.2000,1691.7000,85639.0000,1690.2657,1700.0000,1687.7000,1700.0000,1700.0000,,,,,,,,,,,,,,,,,yahoo
ADANIPOWER,2026-08-21,203.9900,204.3500,203.0800,203.5500,1232541.0000,203.4576,205.5000,202.8600,205.5000,205.5000,260.0000,260.0000,,,,,,,,,,,,,,,yahoo
AMBUJACEM,2026-08-21,411.0000,412.6500,409.7500,410.6500,343450.0000,410.6497,420.1000,408.4000,414.5000,414.5000,150.0000,150.0000,150.0000,150.0000,155.0000,155.0000,,,40.0000,,,,,,,,yahoo
APOLLOHOSP,2026-08-21,8724.5000,8743.0000,8650.0000,8660.0000,18227.0000,8664.3069,8693.0000,8646.0000,8648.0000,8693.0000,,,,,,,,,,,,,,,,,yahoo
ASIANPAINT,2026-08-21,2622.2000,2635.8999,2616.2000,2620.3999,25369.0000,2619.8811,2644.0000,2618.7000,2640.0000,2640.0000,315.0000,330.0000,,,,,,,,,,,,,,,yahoo
AXISBANK,2026-08-21,1250.6000,1256.2000,1245.4000,1253.0000,520763.0000,1251.0226,1255.0000,1240.4000,1245.8000,1245.8000,,,,,,,,,120.0000,130.0000,180.0000,,,,,,yahoo
BAJAJ-AUTO,2026-08-21,11758.0000,11787.0000,11702.0000,11704.0000,15301.0000,11720.3121,11730.0000,11660.0000,11700.0000,11700.0000,,,,,,,,,,,,,,,,,yahoo
BAJAJFINSV,2026-08-21,2013.9000,2027.5000,2011.1000,2021.4000,74403.0000,2019.5659,2032.5000,2013.3000,2032.5000,2032.5000,330.0000,,,,,,,,,,,,,,,,yahoo
BAJAJHLDNG,2026-08-21,11356.0000,11410.0000,11343.0000,11373.0000,1795.0000,11371.8085,11406.0000,11280.0000,11320.0000,11320.0000,,,,,,,,,5.0000,330.0000,,,,,,,yahoo
BAJFINANCE,2026-08-21,1101.4000,1101.4000,1092.2000,1099.5000,392614.0000,1096.1458,1100.5000,1091.6000,1092.3000,1095.0000,,,,,,,,,60.0000,,,,,,,,yahoo
BANKBARODA,2026-08-21,243.9700,245.5500,243.6000,245.4100,487904.0000,244.5531,245.3700,243.5500,244.9500,247.0000,,,,,,,,,20.0000,30.0000,,,,,,,yahoo
BEL,2026-08-21,410.0000,413.8000,409.3000,413.6000,1898137.0000,412.0525,415.9500,412.2500,414.0000,414.0000,35.0000,,,,,,,,,,,,,,,,yahoo
BHARTIARTL,2026-08-21,1949.5000,1950.0000,1940.8000,1943.3000,157841.0000,1943.3421,1954.9000,1942.1000,1946.0000,1946.0000,130.0000,,,,,,,,,,,,,,,,yahoo
BOSCHLTD,2026-08-21,48555.0000,48555.0000,48130.0000,48205.0000,2571.0000,48207.2404,48455.0000,48065.0000,48300.0000,48200.0000,105.0000,,,,,,,,,,,,,,,,yahoo
BPCL,2026-08-21,307.9500,310.7000,307.5000,310.0000,431226.0000,309.3556,313.3500,309.3000,311.0000,311.0000,70.0000,215.0000,215.0000,,,,,,,,,,,,,,yahoo
BRITANNIA,2026-08-21,5533.0000,5533.0000,5369.5000,5395.0000,92305.0000,5397.2547,5404.5000,5342.0000,5365.0000,5365.0000,,,,,,,,,30.0000,75.0000,,,,,,,yahoo
CANBK,2026-08-21,129.6500,129.8800,129.1100,129.6500,662417.0000,129.3732,129.9500,128.5800,128.8400,129.9600,,,,,,,,,235.0000,320.0000,,,,,,,yahoo
CGPOWER,2026-08-21,875.7000,878.0000,870.5000,873.8500,114267.0000,872.2259,880.9500,865.0000,867.0000,867.0000,85.0000,90.0000,,,,,,,160.0000,200.0000,330.0000,,,,,,yahoo
CHOLAFIN,2026-08-21,1887.1000,1887.1000,1858.5000,1871.2000,111062.0000,1864.6373,1871.1000,1855.0000,1862.9000,1862.9000,,,,,,,,,25.0000,195.0000,,,,,,,yahoo
CIPLA,2026-08-21,1437.5000,1442.3000,1429.7000,1430.4000,25954.0000,1432.1519,1432.3000,1409.9000,1432.2000,1432.2000,,,,,,,,,140.0000,140.0000,140.0000,145.0000,,,,,yahoo
COALINDIA,2026-08-21,402.3000,403.8000,402.2000,403.5000,250150.0000,403.4708,405.9000,403.0000,404.3500,405.2000,75.0000,,,,,,,,,,,,,,,,yahoo
CUMMINSIND,2026-08-21,5153.0000,5215.5000,5139.5000,5146.5000,47698.0000,5158.6645,5148.0000,5092.0000,5107.5000,5107.5000,,,,,,,,,55.0000,65.0000,330.0000,,,,,,yahoo
DIVISLAB,2026-08-21,8593.0000,8603.0000,8532.0000,8546.0000,20988.0000,8548.0022,8563.0000,8505.5000,8528.5000,8597.0000,,,,,,,,,,,,,,,,,yahoo
DLF,2026-08-21,678.0000,682.0000,675.7000,680.6000,281794.0000,678.2138,684.3500,678.0000,678.0000,678.1000,10.0000,,,,,,,,,,,,,,,,yahoo
DMART,2026-08-21,3971.7000,3974.3999,3918.5000,3931.5000,31672.0000,3936.0841,3933.3000,3868.0000,3909.5000,3906.0000,,,,,,,,,5.0000,20.0000,35.0000,35.0000,265.0000,,,,yahoo
DRREDDY,2026-08-21,1180.4000,1184.7000,1174.3000,1175.8000,58470.0000,1179.0234,1183.1000,1174.1000,1178.1000,1174.7000,35.0000,,,,,,,,,,,,,,,,yahoo
EICHERMOT,2026-08-21,8078.0000,8108.5000,8039.0000,8042.5000,18081.0000,8055.8725,8054.5000,7981.0000,7999.0000,8010.0000,,,,,,,,,55.0000,120.0000,,,,,,,yahoo
ENRIN,2026-08-21,3435.3000,3440.5000,3411.3999,3435.3999,33094.0000,3429.0236,3462.5000,3420.3000,3437.0000,3426.3999,20.0000,55.0000,,,,,,,,,,,,,,,yahoo
ETERNAL,2026-08-21,329.1000,331.6000,327.5000,327.6000,5051040.0000,329.2594,328.4500,324.2500,327.8000,328.0000,,,,,,,,,40.0000,75.0000,85.0000,,,,,,yahoo
GAIL,2026-08-21,172.3000,172.9500,172.3000,172.9400,324264.0000,172.5916,173.1800,171.6300,171.8900,172.0000,,,,,,,,,170.0000,330.0000,,,,,,,yahoo
GODREJCP,2026-08-21,941.3000,945.8000,937.2000,939.7000,89127.0000,940.1715,939.6000,929.6000,929.9000,933.0000,,,,,,,,,30.0000,240.0000,310.0000,,,,,,yahoo
GRASIM,2026-08-21,3271.1001,3288.3000,3261.0000,3266.0000,91226.0000,3268.8175,3342.0000,3258.1001,3326.1001,3308.0000,20.0000,35.0000,40.0000,330.0000,330.0000,330.0000,,,,,,,,,,,yahoo
HAL,2026-08-21,4988.8999,5020.7998,4980.0000,5006.2998,81249.0000,5000.3052,5091.0000,4972.7998,4976.0000,5000.0000,20.0000,20.0000,30.0000,30.0000,35.0000,,,,265.0000,,,,,,,,yahoo
HCLTECH,2026-08-21,1320.0000,1320.0000,1305.9000,1308.3000,88049.0000,1308.9225,1318.0000,1302.5000,1302.5000,1302.5000,10.0000,,,,,,,,,,,,,,,,yahoo
HDFCAMC,2026-08-21,2617.8999,2622.0000,2597.0000,2620.0000,67489.0000,2604.4966,2623.8999,2600.0000,2605.0000,2610.0000,,,,,,,,,25.0000,330.0000,,,,,,,yahoo
HDFCBANK,2026-08-21,728.4000,731.9500,726.6500,731.8500,2687467.0000,729.7722,732.8000,728.6000,729.3000,726.9500,,,,,,,,,,,,,,,,,yahoo
HDFCLIFE,2026-08-21,541.8500,541.8500,537.2000,539.7500,185377.0000,539.0475,553.7000,538.3500,553.0000,554.8000,60.0000,65.0000,75.0000,75.0000,85.0000,200.0000,315.0000,,,,,,,,,,yahoo
HINDALCO,2026-08-21,1029.0000,1039.8000,1026.8000,1039.5500,374838.0000,1035.7481,1040.4500,1029.5500,1036.0000,1034.0000,,,,,,,,,30.0000,95.0000,,,,,,,yahoo
HINDUNILVR,2026-08-21,2027.5000,2032.6000,2019.1000,2022.8000,49219.0000,2023.0781,2025.6000,2012.0000,2016.1000,2015.0000,,,,,,,,,100.0000,,,,,,,,yahoo
HINDZINC,2026-08-21,581.6500,595.4000,580.0000,593.6500,2866614.0000,592.0441,598.5000,586.3000,595.0000,594.9000,270.0000,275.0000,,,,,,,40.0000,65.0000,70.0000,,,,,,yahoo
HYUNDAI,2026-08-21,2220.0000,2239.7000,2218.8000,2238.8000,43063.0000,2230.7406,2251.6001,2211.1001,2217.0000,2218.8000,35.0000,,,,,,,,55.0000,75.0000,230.0000,,,,,,yahoo
ICICIBANK,2026-08-21,1414.8000,1416.8000,1411.5000,1415.0000,544908.0000,1413.4841,1419.9000,1414.1000,1418.0000,1420.0000,,,,,,,,,,,,,,,,,yahoo
INDHOTEL,2026-08-21,733.6000,735.0500,728.0000,728.0000,80976.0000,730.1286,730.9500,724.3000,727.0000,730.0000,,,,,,,,,320.0000,,,,,,,,yahoo
INDIGO,2026-08-21,5159.0000,5167.0000,5115.5000,5126.0000,52858.0000,5126.8836,5129.0000,5055.5000,5099.0000,5110.0000,,,,,,,,,5.0000,10.0000,190.0000,215.0000,,,,,yahoo
INFY,2026-08-21,1133.1000,1133.1000,1118.4000,1122.6000,504195.0000,1121.6399,1133.0000,1118.5000,1119.0000,1121.0000,10.0000,45.0000,,,,,,,,,,,,,,,yahoo
IOC,2026-08-21,135.6900,136.4500,135.2700,136.4300,835962.0000,135.9193,136.5700,135.4500,135.7500,135.9000,,,,,,,,,165.0000,,,,,,,,yahoo
IRFC,2026-08-21,86.5500,86.9400,86.3000,86.9000,797314.0000,86.6156,86.8700,86.3100,86.3400,86.4000,,,,,,,,,25.0000,,,,,,,,yahoo
ITC,2026-08-21,271.1500,271.3000,269.9500,270.4000,930285.0000,270.3509,270.6500,269.1000,269.4500,269.4000,,,,,,,,,,,,,,,,,yahoo
JINDALSTEL,2026-08-21,1122.3000,1134.6000,1120.5000,1132.3000,93308.0000,1129.5343,1132.0000,1120.7000,1125.0000,1127.8000,,,,,,,,,25.0000,30.0000,100.0000,,,,,,yahoo
JIOFIN,2026-08-21,245.0500,245.5000,243.9500,245.0500,802711.0000,244.6340,245.7500,243.5000,243.8000,244.0000,,,,,,,,,240.0000,,,,,,,,yahoo
JSWSTEEL,2026-08-21,1296.4000,1296.4000,1289.0000,1294.9000,103516.0000,1292.2384,1295.5000,1280.6000,1293.7000,1293.7000,,,,,,,,,50.0000,130.0000,165.0000,,,,,,yahoo
KOTAKBANK,2026-08-21,399.4000,405.8500,398.4000,405.4000,2312473.0000,403.3990,405.8500,401.6000,403.0000,402.8000,,,,,,,,,20.0000,50.0000,,,,,,,yahoo
LODHA,2026-08-21,1251.8000,1261.0000,1243.0000,1244.9000,299843.0000,1251.4175,1248.2000,1232.2000,1242.0000,1242.0000,,,,,,,,,120.0000,265.0000,325.0000,,,,,,yahoo
LT,2026-08-21,4077.0000,4088.5000,4063.2000,4068.0000,46118.0000,4067.7162,4099.0000,4063.2000,4090.0000,4093.0000,255.0000,275.0000,,,,,,,,,,,,,,,yahoo
LTM,2026-08-21,4490.2998,4490.2998,4428.0000,4434.3999,106060.0000,4443.1764,4498.7002,4427.0000,4470.0000,4487.7998,10.0000,30.0000,100.0000,170.0000,,,,,,,,,,,,,yahoo
M&M,2026-08-21,3431.6001,3452.7000,3420.3999,3426.6001,67106.0000,3425.6201,3439.8999,3416.0000,3418.6001,3412.2000,,,,,,,,,,,,,,,,,yahoo
MARUTI,2026-08-21,13809.0000,13809.0000,13723.0000,13728.0000,10158.0000,13745.5810,13755.0000,13580.0000,13590.0000,13565.0000,,,,,,,,,135.0000,175.0000,325.0000,,,,,,yahoo
MAXHEALTH,2026-08-21,999.2000,1002.3000,991.0000,991.3000,142613.0000,993.3510,1001.3000,986.5000,996.0000,1000.0000,80.0000,280.0000,285.0000,,,,,,,,,,,,,,yahoo
MAZDOCK,2026-08-21,2568.0000,2574.8000,2542.1001,2553.0000,76478.0000,2551.6348,2596.0000,2547.2000,2550.0000,2552.0000,15.0000,20.0000,30.0000,30.0000,35.0000,,,,,,,,,,,,yahoo
MOTHERSON,2026-08-21,170.1100,170.3000,167.7000,168.6200,954492.0000,168.2239,169.9400,168.0200,169.3000,169.3800,215.0000,230.0000,,,,,,,,,,,,,,,yahoo
MUTHOOTFIN,2026-08-21,3012.7000,3047.5000,2995.0000,3038.0000,313415.0000,3033.0272,3055.0000,3030.0000,3037.0000,3022.0000,35.0000,,,,,,,,,,,,,,,,yahoo
NESTLEIND,2026-08-21,1465.0000,1468.4000,1450.0000,1457.8000,76446.0000,1455.0593,1484.3000,1451.4000,1483.0000,1477.1000,125.0000,145.0000,225.0000,320.0000,325.0000,,,,,,,,,,,,yahoo
NTPC,2026-08-21,337.5000,339.6000,337.4000,338.3500,264471.0000,338.2379,342.8500,338.0000,340.4500,340.0000,20.0000,50.0000,55.0000,70.0000,,,,,,,,,,,,,yahoo
ONGC,2026-08-21,238.8100,239.0300,237.8100,238.9200,691610.0000,238.5164,239.2000,236.4000,236.6500,236.4000,,,,,,,,,95.0000,125.0000,155.0000,,,,,,yahoo
PFC,2026-08-21,364.0000,364.2000,361.7000,364.1500,570213.0000,362.7074,364.6500,361.9500,362.4000,363.0000,,,,,,,,,320.0000,,,,,,,,yahoo
PIDILITIND,2026-08-21,1655.9000,1664.4000,1650.2000,1653.5000,46070.0000,1653.0248,1655.1000,1644.1000,1646.5000,1649.0000,,,,,,,,,135.0000,,,,,,,,yahoo
PNB,2026-08-21,117.5000,117.5000,115.4100,115.8500,3986182.0000,115.8847,116.7400,115.7500,116.5500,116.5500,35.0000,290.0000,,,,,,,,,,,,,,,yahoo
POWERGRID,2026-08-21,264.5500,267.0000,264.5500,265.9000,430663.0000,265.5720,275.9000,265.4500,272.0000,272.4000,20.0000,20.0000,40.0000,50.0000,50.0000,55.0000,65.0000,70.0000,,,,,,,,,yahoo
RECLTD,2026-08-21,329.0500,329.0500,326.8000,328.7000,482484.0000,327.6942,328.9000,325.7000,325.9500,326.6500,,,,,,,,,35.0000,315.0000,,,,,,,yahoo
RELIANCE,2026-08-21,1314.0000,1314.3000,1309.1000,1309.6000,321761.0000,1310.3190,1313.9000,1308.0000,1312.2000,1316.0000,,,,,,,,,,,,,,,,,yahoo
SBILIFE,2026-08-21,1779.9000,1780.4000,1767.7000,1778.3000,72321.0000,1776.7161,1795.2000,1774.1000,1792.9000,1792.9000,240.0000,290.0000,,,,,,,,,,,,,,,yahoo
SBIN,2026-08-21,1051.2000,1052.9000,1048.3000,1052.0000,365332.0000,1050.7313,1054.6000,1040.2000,1040.9000,1048.7000,,,,,,,,,135.0000,230.0000,325.0000,,,,,,yahoo
SHREECEM,2026-08-21,24250.0000,24350.0000,24185.0000,24270.0000,1729.0000,24285.4338,24295.0000,24070.0000,24280.0000,24280.0000,,,,,,,,,35.0000,265.0000,,,,,,,yahoo
SHRIRAMFIN,2026-08-21,1138.0000,1138.0000,1128.7000,1130.1000,419264.0000,1132.1498,1137.0000,1127.4000,1130.0000,1130.0000,275.0000,,,,,,,,,,,,,,,,yahoo
SIEMENS,2026-08-21,3899.0000,3955.8000,3899.0000,3926.1001,23261.0000,3915.3046,3929.8000,3887.1001,3920.0000,3920.0000,,,,,,,,,5.0000,70.0000,,,,,,,yahoo
SOLARINDS,2026-08-21,19753.0000,19807.0000,19651.0000,19742.0000,10018.0000,19695.2814,20090.0000,19711.0000,19887.0000,19900.0000,20.0000,25.0000,30.0000,35.0000,35.0000,,,,,,,,,,,,yahoo
SUNPHARMA,2026-08-21,1908.2000,1916.2000,1897.2000,1898.8000,105985.0000,1902.9027,1910.0000,1884.0000,1902.4000,1902.4000,330.0000,,,,,,,,135.0000,145.0000,,,,,,,yahoo
TATACAP,2026-08-21,365.2500,366.4500,361.6000,362.2000,109124.0000,362.6179,365.9000,361.0000,365.0500,365.0500,15.0000,20.0000,140.0000,,,,,,,,,,,,,,yahoo
TATACONSUM,2026-08-21,1060.0000,1061.5000,1053.2000,1054.4000,63195.0000,1055.5928,1054.9000,1044.8000,1049.0000,1049.0000,,,,,,,,,50.0000,100.0000,,,,,,,yahoo
TATAPOWER,2026-08-21,375.7500,376.5000,373.2000,374.4500,310342.0000,373.8687,377.7000,373.9000,374.8000,374.3000,55.0000,70.0000,,,,,,,,,,,,,,,yahoo
TATASTEEL,2026-08-21,184.2000,184.7900,183.2500,184.7100,2083340.0000,184.3222,184.8600,182.2300,182.5800,183.0000,,,,,,,,,25.0000,115.0000,130.0000,180.0000,,,,,yahoo
TCS,2026-08-21,2292.0000,2292.0000,2263.5000,2272.1001,239538.0000,2268.6478,2306.6001,2271.8000,2292.6001,2302.0000,10.0000,10.0000,40.0000,95.0000,135.0000,,,,,,,,,,,,yahoo
TECHM,2026-08-21,1592.9000,1598.0000,1588.6000,1593.2000,110960.0000,1593.1751,1601.8000,1576.8000,1578.0000,1584.0000,50.0000,,,,,,,,245.0000,260.0000,330.0000,,,,,,yahoo
TITAN,2026-08-21,5077.2998,5088.1001,5011.2002,5026.2998,58393.0000,5036.7297,5085.1001,5018.0000,5079.2998,5086.1001,165.0000,170.0000,285.0000,,,,,,,,,,,,,,yahoo
TMCV,2026-08-21,478.3000,480.6000,474.1000,475.0000,475532.0000,475.3020,475.7000,468.8000,471.6000,471.0000,,,,,,,,,70.0000,105.0000,110.0000,125.0000,,,,,yahoo
TMPV,2026-08-21,322.0000,322.2000,320.3000,320.5000,806146.0000,321.0762,320.9000,316.9000,317.3500,317.9000,,,,,,,,,140.0000,175.0000,180.0000,,,,,,yahoo
TORNTPHARM,2026-08-21,5005.5000,5029.0000,4956.5000,4970.0000,18545.0000,4977.5145,4973.5000,4895.0000,4901.0000,4896.5000,,,,,,,,,20.0000,110.0000,135.0000,145.0000,330.0000,,,,yahoo
TRENT,2026-08-21,2965.8999,2976.5000,2948.1001,2951.2000,54540.0000,2953.9607,2955.5000,2914.3000,2924.0000,2924.0000,,,,,,,,,150.0000,185.0000,230.0000,315.0000,,,,,yahoo
TVSMOTOR,2026-08-21,4389.5000,4390.0000,4348.0000,4354.7002,296679.0000,4365.7196,4390.0000,4338.0000,4390.0000,4390.0000,330.0000,330.0000,,,,,,,,,,,,,,,yahoo
ULTRACEMCO,2026-08-21,11574.0000,11620.0000,11538.0000,11539.0000,6478.0000,11563.5473,11585.0000,11526.0000,11555.0000,11570.0000,,,,,,,,,,,,,,,,,yahoo
UNIONBANK,2026-08-21,185.2200,185.2200,183.7800,184.9200,578832.0000,184.3789,184.8400,182.6400,182.7100,183.4500,,,,,,,,,50.0000,130.0000,275.0000,,,,,,yahoo
UNITDSPR,2026-08-21,1545.0000,1545.0000,1533.5000,1535.4000,29092.0000,1536.6940,1563.4000,1527.0000,1556.0000,1556.0000,105.0000,200.0000,205.0000,205.0000,205.0000,,,,30.0000,,,,,,,,yahoo
VBL,2026-08-21,438.5500,441.0000,434.2500,434.5000,246849.0000,435.3896,435.0500,430.7500,431.0500,430.1000,,,,,,,,,185.0000,320.0000,,,,,,,yahoo
VEDL,2026-08-21,269.7000,276.5000,269.4000,275.8000,5260126.0000,274.9147,279.7000,272.9000,278.1000,279.0000,200.0000,205.0000,210.0000,215.0000,,,,,10.0000,20.0000,115.0000,,,,,,yahoo
WIPRO,2026-08-21,180.5900,181.3100,180.1000,180.6600,521447.0000,180.4417,181.7300,180.0000,180.2000,180.7900,10.0000,,,,,,,,,,,,,,,,yahoo
ZYDUSLIFE,2026-08-21,1112.4000,1113.3000,1104.3000,1105.7000,34545.0000,1107.8047,1117.5000,1099.4000,1111.8000,1120.0000,285.0000,285.0000,305.0000,,,,,,195.0000,,,,,,,,yahoo
ABB,2026-08-24,7449.5000,7523.0000,7429.5000,7500.0000,13782.0000,7494.1636,7566.0000,7465.0000,7504.0000,7504.0000,40.0000,45.0000,,,,,,,,,,,,,,,yahoo
ADANIENSOL,2026-08-24,1532.1000,1549.0000,1532.1000,1546.8000,164530.0000,1545.1469,1561.8000,1545.2000,1555.1000,1555.1000,5.0000,10.0000,,,,,,,,,,,,,,,yahoo
ADANIENT,2026-08-24,3009.6001,3018.3000,2999.0000,3009.3000,78041.0000,3011.2497,3019.0000,2973.3000,2998.6001,2998.6001,,,,,,,,,90.0000,90.0000,100.0000,,,,,,yahoo
ADANIGREEN,2026-08-24,1313.0000,1318.8000,1308.1000,1308.7000,83526.0000,1313.0346,1319.8000,1298.1000,1303.0000,1308.0000,5.0000,10.0000,,,,,,,100.0000,140.0000,,,,,,,yahoo
ADANIPORTS,2026-08-24,1696.1000,1696.8000,1689.2000,1689.5000,77789.0000,1692.0141,1691.8000,1672.1000,1672.1000,1672.1000,,,,,,,,,100.0000,160.0000,330.0000,,,,,,yahoo
ADANIPOWER,2026-08-24,205.2000,205.4900,204.0500,204.1300,1180866.0000,204.3249,204.8500,202.5800,203.0600,203.7000,,,,,,,,,110.0000,110.0000,,,,,,,yahoo
AMBUJACEM,2026-08-24,414.5500,415.3000,412.8000,413.5000,80388.0000,413.8550,414.4000,406.7000,407.2000,408.7500,,,,,,,,,70.0000,80.0000,85.0000,90.0000,200.0000,,,,yahoo
APOLLOHOSP,2026-08-24,8614.5000,8659.5000,8596.5000,8652.5000,15646.0000,8639.8084,8702.0000,8622.0000,8702.0000,8702.0000,45.0000,,,,,,,,,,,,,,,,yahoo
ASIANPAINT,2026-08-24,2641.0000,2641.0000,2623.0000,2625.2000,28134.0000,2627.0635,2640.8000,2623.0000,2640.8000,2640.8000,330.0000,,,,,,,,,,,,,,,,yahoo
AXISBANK,2026-08-24,1246.2000,1248.6000,1240.4000,1240.4000,174541.0000,1244.4958,1242.1000,1232.2000,1235.7000,1236.0000,,,,,,,,,125.0000,,,,,,,,yahoo
BAJAJ-AUTO,2026-08-24,11751.0000,11783.0000,11731.0000,11741.0000,7577.0000,11748.5342,11838.0000,11741.0000,11795.0000,11800.0000,15.0000,40.0000,,,,,,,,,,,,,,,yahoo
BAJAJFINSV,2026-08-24,2021.0000,2028.3000,2020.0000,2025.0000,27894.0000,2025.1761,2026.7000,1996.2000,2003.6000,2001.7000,,,,,,,,,80.0000,165.0000,205.0000,255.0000,,,,,yahoo
BAJAJHLDNG,2026-08-24,11251.0000,11360.0000,11232.0000,11303.0000,2726.0000,11327.0279,11310.0000,11050.0000,11050.0000,11120.0000,,,,,,,,,20.0000,20.0000,250.0000,265.0000,295.0000,320.0000,,,yahoo
BAJFINANCE,2026-08-24,1089.0000,1094.8000,1085.3000,1091.6000,320742.0000,1092.8594,1092.9000,1077.0000,1077.0000,1077.0000,,,,,,,,,110.0000,195.0000,255.0000,325.0000,,,,,yahoo
BANKBARODA,2026-08-24,244.4000,246.1200,243.5200,243.6100,692104.0000,244.1641,243.8100,239.9100,241.5000,241.5000,,,,,,,,,45.0000,70.0000,80.0000,195.0000,205.0000,,,,yahoo
BEL,2026-08-24,414.3000,414.3000,411.0000,412.1500,563704.0000,411.9734,411.9000,405.5500,409.0000,409.0000,,,,,,,,,15.0000,80.0000,170.0000,200.0000,230.0000,,,,yahoo
BHARTIARTL,2026-08-24,1949.8000,1949.8000,1942.1000,1944.8000,97608.0000,1943.6162,1944.8000,1932.5000,1937.5000,1935.0000,,,,,,,,,215.0000,,,,,,,,yahoo
BOSCHLTD,2026-08-24,48275.0000,48415.0000,48115.0000,48275.0000,1612.0000,48198.7583,48595.0000,47835.0000,48100.0000,48100.0000,70.0000,,,,,,,,150.0000,150.0000,,,,,,,yahoo
BPCL,2026-08-24,311.1500,315.8500,311.1500,311.4500,479285.0000,313.0635,312.8500,310.0500,311.9000,311.9000,,,,,,,,,,,,,,,,,yahoo
BRITANNIA,2026-08-24,5374.5000,5374.5000,5334.0000,5342.0000,15030.0000,5347.1218,5350.0000,5286.0000,5311.0000,5311.0000,,,,,,,,,85.0000,110.0000,135.0000,,,,,,yahoo
CANBK,2026-08-24,129.3400,129.7700,128.5500,128.6500,1011845.0000,129.0310,128.8900,126.8000,127.0000,127.3000,,,,,,,,,70.0000,75.0000,85.0000,100.0000,,,,,yahoo
CGPOWER,2026-08-24,867.0000,875.4000,867.0000,874.5000,121799.0000,872.6804,877.5000,867.6000,877.5000,877.5000,,,,,,,,,65.0000,130.0000,,,,,,,yahoo
CHOLAFIN,2026-08-24,1854.8000,1868.5000,1850.7000,1852.0000,54239.0000,1859.1713,1860.8000,1833.1000,1839.0000,1846.7000,,,,,,,,,220.0000,225.0000,280.0000,,,,,,yahoo
CIPLA,2026-08-24,1425.0000,1425.0000,1410.4000,1418.0000,127625.0000,1417.8817,1441.1000,1417.7000,1437.9000,1437.9000,10.0000,15.0000,25.0000,45.0000,330.0000,,,,,,,,,,,,yahoo
COALINDIA,2026-08-24,406.2500,410.9500,406.2500,407.6500,426803.0000,407.8699,407.9000,405.0500,406.9000,406.9000,,,,,,,,,240.0000,,,,,,,,yahoo
CUMMINSIND,2026-08-24,5099.0000,5134.0000,5090.0000,5133.0000,42963.0000,5114.0995,5180.0000,5110.0000,5150.0000,5190.0000,90.0000,135.0000,,,,,,,,,,,,,,,yahoo
DIVISLAB,2026-08-24,8548.5000,8548.5000,8481.0000,8487.0000,23530.0000,8496.8547,8535.0000,8475.5000,8496.0000,8496.0000,90.0000,,,,,,,,,,,,,,,,yahoo
DLF,2026-08-24,678.2500,683.0000,678.2500,679.3500,102875.0000,680.7783,689.0000,679.3500,689.0000,689.0000,40.0000,75.0000,75.0000,200.0000,,,,,,,,,,,,,yahoo
DMART,2026-08-24,3906.5000,3919.8999,3892.0000,3905.8000,21967.0000,3901.4418,3940.0000,3876.7000,3940.0000,3940.0000,275.0000,275.0000,,,,,,,90.0000,,,,,,,,yahoo
DRREDDY,2026-08-24,1176.4000,1181.7000,1169.1000,1180.3000,233487.0000,1178.0362,1191.7000,1178.6000,1190.0000,1190.0000,55.0000,185.0000,,,,,,,,,,,,,,,yahoo
EICHERMOT,2026-08-24,8019.5000,8019.5000,7970.0000,7987.0000,8843.0000,7980.6168,8075.0000,7985.0000,8047.0000,8047.0000,35.0000,40.0000,65.0000,,,,,,,,,,,,,,yahoo
ENRIN,2026-08-24,3439.3000,3476.8000,3432.0000,3473.2000,28865.0000,3461.4359,3524.0000,3462.0000,3484.5000,3485.7000,60.0000,65.0000,70.0000,85.0000,,,,,,,,,,,,,yahoo
ETERNAL,2026-08-24,326.3500,328.8000,325.9500,326.9500,1870427.0000,326.8932,329.4500,326.2500,327.1500,327.1500,5.0000,330.0000,,,,,,,,,,,,,,,yahoo
GAIL,2026-08-24,172.5900,173.4400,172.5700,172.9900,241499.0000,173.1447,173.7200,172.0600,173.0500,173.7500,,,,,,,,,270.0000,,,,,,,,yahoo
GODREJCP,2026-08-24,931.0000,934.3000,930.4000,932.0000,30143.0000,932.2343,932.0000,920.0000,928.1000,928.9000,,,,,,,,,90.0000,110.0000,135.0000,230.0000,,,,,yahoo
GRASIM,2026-08-24,3300.8999,3304.8000,3277.8999,3285.7000,29946.0000,3285.5571,3301.8000,3265.0000,3300.0000,3288.0000,,,,,,,,,325.0000,,,,,,,,yahoo
HAL,2026-08-24,4987.7002,4989.2998,4926.5000,4927.6001,78579.0000,4947.2799,4939.8999,4861.1001,4875.0000,4906.0000,,,,,,,,,85.0000,130.0000,225.0000,325.0000,,,,,yahoo
HCLTECH,2026-08-24,1302.9000,1325.2000,1302.6000,1320.9000,170217.0000,1320.0630,1324.0000,1315.1000,1318.0000,1322.0000,,,,,,,,,,,,,,,,,yahoo
HDFCAMC,2026-08-24,2620.0000,2627.8999,2607.0000,2618.3000,45540.0000,2621.6328,2626.0000,2607.0000,2616.0000,2618.0000,,,,,,,,,,,,,,,,,yahoo
HDFCBANK,2026-08-24,733.4500,734.3000,731.2500,731.8500,900653.0000,732.1819,731.9000,724.1000,727.3500,729.0000,,,,,,,,,85.0000,135.0000,200.0000,,,,,,yahoo
HDFCLIFE,2026-08-24,555.0000,556.9500,552.7000,554.8000,352901.0000,554.8906,556.0000,549.0000,550.0000,552.9500,,,,,,,,,80.0000,90.0000,325.0000,,,,,,yahoo
HINDALCO,2026-08-24,1047.6500,1057.1000,1043.4000,1045.8500,421455.0000,1047.5137,1058.4500,1045.9000,1053.9000,1058.5000,10.0000,35.0000,45.0000,,,,,,,,,,,,,,yahoo
HINDUNILVR,2026-08-24,2016.0000,2024.2000,2016.0000,2019.0000,38457.0000,2019.7351,2026.6000,2007.0000,2026.6000,2030.0000,,,,,,,,,135.0000,,,,,,,,yahoo
HINDZINC,2026-08-24,597.1000,599.8500,592.9000,595.7500,448672.0000,594.6341,613.7000,594.6500,604.0000,604.0000,15.0000,100.0000,100.0000,165.0000,165.0000,175.0000,180.0000,330.0000,,,,,,,,,yahoo
HYUNDAI,2026-08-24,2227.5000,2231.8000,2210.7000,2228.0000,34082.0000,2225.2450,2230.8000,2206.1001,2207.0000,2207.0000,,,,,,,,,55.0000,145.0000,,,,,,,yahoo
ICICIBANK,2026-08-24,1420.4000,1424.4000,1415.8000,1424.4000,253615.0000,1423.3101,1425.5000,1408.8000,1414.0000,1415.0000,,,,,,,,,85.0000,165.0000,205.0000,,,,,,yahoo
INDHOTEL,2026-08-24,731.5000,733.4000,728.8500,731.1000,122473.0000,731.2469,732.0000,724.2000,728.9000,728.9000,,,,,,,,,110.0000,115.0000,,,,,,,yahoo
INDIGO,2026-08-24,5116.0000,5136.0000,5101.5000,5133.0000,55223.0000,5115.7091,5169.0000,5088.0000,5109.0000,5115.0000,30.0000,,,,,,,,85.0000,165.0000,,,,,,,yahoo
INFY,2026-08-24,1127.4000,1144.5000,1123.8000,1138.8000,737808.0000,1140.4620,1138.8000,1122.2000,1129.5000,1130.0000,,,,,,,,,80.0000,230.0000,285.0000,295.0000,,,,,yahoo
IOC,2026-08-24,136.0100,137.8200,136.0100,136.4500,1143125.0000,136.9902,138.4400,136.0400,137.6000,138.5000,120.0000,135.0000,135.0000,150.0000,,,,,,,,,,,,,yahoo
IRFC,2026-08-24,86.6700,87.2300,86.4800,86.6400,947404.0000,86.9091,86.6500,85.6000,85.6900,85.9900,,,,,,,,,25.0000,85.0000,275.0000,,,,,,yahoo
ITC,2026-08-24,270.4000,270.4500,268.9000,269.4500,719076.0000,269.5167,269.8000,267.0000,268.4500,269.7000,,,,,,,,,80.0000,115.0000,,,,,,,yahoo
JINDALSTEL,2026-08-24,1133.3000,1138.8000,1130.1000,1136.1000,73604.0000,1135.8661,1145.9000,1134.0000,1145.9000,1149.0000,75.0000,330.0000,,,,,,,,,,,,,,,yahoo
JIOFIN,2026-08-24,244.2500,245.3500,243.8000,244.5000,696934.0000,244.7238,244.5500,242.3000,242.6000,242.0000,,,,,,,,,80.0000,90.0000,,,,,,,yahoo
JSWSTEEL,2026-08-24,1300.0000,1304.8000,1295.5000,1300.1000,195939.0000,1300.5595,1323.3000,1299.9000,1315.8000,1327.0000,40.0000,60.0000,65.0000,285.0000,295.0000,,,,,,,,,,,,yahoo
KOTAKBANK,2026-08-24,404.9500,405.5000,402.9000,403.2500,764030.0000,403.7266,403.4000,398.2000,400.3500,401.4500,,,,,,,,,15.0000,110.0000,210.0000,300.0000,,,,,yahoo
LODHA,2026-08-24,1229.9000,1253.0000,1229.1000,1249.6000,174318.0000,1246.3326,1263.8000,1241.4000,1256.0000,1258.4000,30.0000,75.0000,270.0000,,,,,,120.0000,,,,,,,,yahoo
LT,2026-08-24,4101.0000,4107.1001,4085.7000,4096.1001,132224.0000,4095.2732,4105.0000,4078.0000,4092.0000,4090.0000,,,,,,,,,,,,,,,,,yahoo
LTM,2026-08-24,4479.6001,4533.6001,4479.6001,4525.2002,26331.0000,4517.2928,4552.0000,4482.6001,4525.7002,4525.7002,85.0000,,,,,,,,10.0000,135.0000,,,,,,,yahoo
M&M,2026-08-24,3420.2000,3439.8999,3407.1001,3409.5000,75494.0000,3413.4977,3444.6001,3400.0000,3411.8000,3414.1001,30.0000,30.0000,35.0000,,,,,,,,,,,,,,yahoo
MARUTI,2026-08-24,13639.0000,13681.0000,13530.0000,13545.0000,15184.0000,13568.8785,13605.0000,13506.0000,13587.0000,13620.0000,,,,,,,,,,,,,,,,,yahoo
MAXHEALTH,2026-08-24,999.0000,1008.3000,997.8000,999.3000,181134.0000,1004.5471,999.7000,984.4000,986.0000,990.5000,,,,,,,,,5.0000,120.0000,275.0000,300.0000,,,,,yahoo
MAZDOCK,2026-08-24,2559.8999,2572.6001,2555.0000,2557.0000,43101.0000,2563.7969,2557.8000,2523.5000,2538.1001,2540.0000,,,,,,,,,30.0000,75.0000,85.0000,90.0000,,,,,yahoo
MOTHERSON,2026-08-24,169.0000,169.1100,167.8200,168.4800,370121.0000,168.3188,169.1400,166.7100,169.0000,169.0000,,,,,,,,,190.0000,330.0000,330.0000,,,,,,yahoo
MUTHOOTFIN,2026-08-24,3052.0000,3143.8000,3052.0000,3143.0000,550946.0000,3116.9644,3206.0000,3142.0000,3198.0000,3209.0000,20.0000,30.0000,30.0000,130.0000,170.0000,290.0000,,,,,,,,,,,yahoo
NESTLEIND,2026-08-24,1476.8000,1479.5000,1470.0000,1476.6000,44512.0000,1473.1523,1477.8000,1457.4000,1465.2000,1471.3000,,,,,,,,,60.0000,80.0000,105.0000,135.0000,,,,,yahoo
NTPC,2026-08-24,340.7000,341.4000,340.2500,340.3500,151211.0000,340.7988,341.8000,337.4500,340.0000,339.5000,,,,,,,,,115.0000,275.0000,,,,,,,yahoo
ONGC,2026-08-24,236.3500,237.8900,235.8200,236.6900,569105.0000,236.6465,237.2500,235.6600,236.2000,236.5500,,,,,,,,,,,,,,,,,yahoo
PFC,2026-08-24,361.6500,365.6500,361.6500,364.2000,880809.0000,364.7294,364.2500,361.2000,363.7500,364.0000,,,,,,,,,105.0000,230.0000,,,,,,,yahoo
PIDILITIND,2026-08-24,1646.0000,1649.1000,1640.6000,1641.0000,34962.0000,1644.0552,1654.8000,1638.1000,1652.1000,1660.0000,295.0000,300.0000,,,,,,,,,,,,,,,yahoo
PNB,2026-08-24,116.2700,117.0000,116.1000,116.1600,898799.0000,116.4036,116.2400,115.0000,115.3800,115.8600,,,,,,,,,85.0000,100.0000,,,,,,,yahoo
POWERGRID,2026-08-24,273.8000,274.2000,270.8500,271.2500,558850.0000,271.2920,271.7000,268.3000,271.0000,271.4000,,,,,,,,,80.0000,110.0000,225.0000,,,,,,yahoo
RECLTD,2026-08-24,325.6000,328.5000,325.6000,327.6500,634824.0000,327.7887,327.9000,323.6500,327.9000,327.9000,,,,,,,,,30.0000,40.0000,85.0000,,,,,,yahoo
RELIANCE,2026-08-24,1314.0000,1320.0000,1312.8000,1313.4000,461630.0000,1315.2624,1315.5000,1302.6000,1305.1000,1309.8000,,,,,,,,,100.0000,255.0000,,,,,,,yahoo
SBILIFE,2026-08-24,1798.6000,1800.6000,1792.0000,1796.0000,35581.0000,1797.8466,1796.0000,1759.3000,1764.9000,1761.8000,,,,,,,,,45.0000,70.0000,85.0000,105.0000,270.0000,310.0000,,,yahoo
SBIN,2026-08-24,1045.2000,1046.7000,1043.3000,1044.2000,306759.0000,1044.4387,1044.8000,1032.1000,1036.1000,1039.5000,,,,,,,,,85.0000,90.0000,115.0000,,,,,,yahoo
SHREECEM,2026-08-24,24325.0000,24325.0000,24175.0000,24215.0000,847.0000,24218.0460,24240.0000,23965.0000,23965.0000,24020.0000,,,,,,,,,95.0000,325.0000,325.0000,,,,,,yahoo
SHRIRAMFIN,2026-08-24,1121.6000,1136.4000,1121.6000,1130.2000,202013.0000,1133.5152,1133.1000,1112.0000,1115.2000,1119.0000,,,,,,,,,80.0000,85.0000,90.0000,100.0000,110.0000,,,,yahoo
SIEMENS,2026-08-24,3908.2000,4029.0000,3908.2000,4027.5000,93232.0000,4001.0792,4117.0000,4020.0000,4092.0000,4114.0000,35.0000,35.0000,35.0000,40.0000,40.0000,45.0000,,,,,,,,,,,yahoo
SOLARINDS,2026-08-24,19951.0000,19951.0000,19724.0000,19859.0000,6397.0000,19855.0866,19944.0000,19612.0000,19924.0000,19925.0000,,,,,,,,,80.0000,90.0000,155.0000,,,,,,yahoo
SUNPHARMA,2026-08-24,1895.2000,1906.2000,1892.9000,1903.8000,129759.0000,1902.4208,1922.9000,1902.6000,1910.0000,1910.0000,70.0000,75.0000,110.0000,,,,,,,,,,,,,,yahoo
TATACAP,2026-08-24,363.2500,365.3000,363.2000,364.0000,70955.0000,364.1757,366.3000,363.3000,364.8000,363.0000,130.0000,,,,,,,,,,,,,,,,yahoo
TATACONSUM,2026-08-24,1048.0000,1049.8000,1044.3000,1046.1000,104364.0000,1046.3381,1062.5000,1041.8000,1062.5000,1062.5000,130.0000,135.0000,170.0000,175.0000,330.0000,,,,,,,,,,,,yahoo
TATAPOWER,2026-08-24,374.9500,378.0000,374.9500,375.9000,233548.0000,376.8828,377.0500,371.5000,371.5500,373.5000,,,,,,,,,155.0000,190.0000,220.0000,,,,,,yahoo
TATASTEEL,2026-08-24,183.8100,184.9900,183.0800,183.8500,1826832.0000,184.2273,186.1500,183.7300,185.6400,186.3000,45.0000,45.0000,60.0000,295.0000,,,,,,,,,,,,,yahoo
TCS,2026-08-24,2293.3000,2319.8999,2293.3000,2316.3999,178597.0000,2314.5348,2317.3999,2280.0000,2284.1001,2284.1001,,,,,,,,,10.0000,75.0000,110.0000,250.0000,310.0000,,,,yahoo
TECHM,2026-08-24,1583.0000,1597.1000,1583.0000,1593.7000,110006.0000,1593.0749,1599.0000,1574.1000,1580.0000,1584.0000,,,,,,,,,200.0000,270.0000,315.0000,,,,,,yahoo
TITAN,2026-08-24,5084.7002,5089.7998,5050.0000,5057.6001,32570.0000,5057.0821,5075.1001,5052.7002,5064.2998,5079.0000,,,,,,,,,,,,,,,,,yahoo
TMCV,2026-08-24,470.2500,474.9000,468.4500,468.5000,362978.0000,470.6959,478.0500,468.1500,477.0000,475.0000,20.0000,20.0000,75.0000,75.0000,80.0000,330.0000,,,,,,,,,,,yahoo
TMPV,2026-08-24,318.5000,319.4000,317.9000,318.4500,570881.0000,318.3959,319.4000,312.8000,313.5500,314.4000,,,,,,,,,100.0000,115.0000,160.0000,180.0000,200.0000,,,,yahoo
TORNTPHARM,2026-08-24,4885.5000,4898.0000,4857.5000,4880.0000,13223.0000,4884.6545,4920.0000,4867.5000,4886.5000,4886.5000,40.0000,330.0000,,,,,,,,,,,,,,,yahoo
TRENT,2026-08-24,2921.6001,2935.0000,2913.3999,2926.0000,41555.0000,2922.8619,2938.0000,2894.2000,2903.2000,2905.0000,,,,,,,,,100.0000,110.0000,245.0000,,,,,,yahoo
TVSMOTOR,2026-08-24,4378.1001,4381.2002,4327.0000,4340.6001,47491.0000,4338.2198,4406.0000,4338.6001,4368.7998,4363.5000,25.0000,35.0000,50.0000,125.0000,125.0000,,,,,,,,,,,,yahoo
ULTRACEMCO,2026-08-24,11555.0000,11605.0000,11540.0000,11544.0000,10229.0000,11560.7530,11573.0000,11485.0000,11504.0000,11504.0000,,,,,,,,,105.0000,,,,,,,,yahoo
UNIONBANK,2026-08-24,183.3900,184.6900,183.1400,183.3000,227313.0000,184.0534,183.7900,182.0200,183.6000,183.6000,,,,,,,,,95.0000,,,,,,,,yahoo
UNITDSPR,2026-08-24,1551.6000,1556.7000,1547.0000,1547.4000,19772.0000,1550.6051,1553.8000,1540.1000,1549.9000,1555.0000,,,,,,,,,,,,,,,,,yahoo
VBL,2026-08-24,431.0000,431.1500,425.5000,425.6000,421381.0000,427.5326,428.1000,424.2000,426.0000,428.0000,40.0000,,,,,,,,,,,,,,,,yahoo
VEDL,2026-08-24,280.3000,281.4000,276.1000,277.9000,1488826.0000,277.4136,281.2500,272.6000,276.9500,277.0000,5.0000,15.0000,25.0000,,,,,,40.0000,40.0000,45.0000,45.0000,45.0000,,,,yahoo
WIPRO,2026-08-24,181.3000,182.7300,181.0800,182.7300,1384904.0000,182.2856,183.8800,180.6000,181.3100,181.3100,195.0000,,,,,,,,10.0000,15.0000,100.0000,,,,,,yahoo
ZYDUSLIFE,2026-08-24,1112.6000,1112.6000,1100.2000,1108.9000,50610.0000,1108.1296,1117.5000,1099.0000,1102.6000,1103.8000,10.0000,45.0000,,,,,,,165.0000,290.0000,,,,,,,yahoo
ABB,2026-08-25,7490.0000,7507.0000,7464.0000,7479.5000,6848.0000,7481.3992,7627.0000,7435.0000,7627.0000,7627.0000,40.0000,80.0000,90.0000,100.0000,290.0000,,,,25.0000,,,,,,,,yahoo
ADANIENSOL,2026-08-25,1532.3000,1546.9000,1532.3000,1543.0000,248697.0000,1542.4045,1587.9000,1535.0000,1584.9000,1594.5000,75.0000,80.0000,85.0000,100.0000,165.0000,190.0000,325.0000,,25.0000,,,,,,,,yahoo
ADANIENT,2026-08-25,2990.8000,2996.0000,2973.6001,2991.8999,162129.0000,2983.2023,3110.0000,2963.3000,3110.0000,3110.0000,65.0000,70.0000,75.0000,80.0000,80.0000,250.0000,280.0000,305.0000,10.0000,15.0000,,,,,,,yahoo
ADANIGREEN,2026-08-25,1299.5000,1312.4000,1295.9000,1311.0000,107974.0000,1308.1343,1330.0000,1303.3000,1330.0000,1330.0000,85.0000,95.0000,190.0000,325.0000,,,,,25.0000,,,,,,,,yahoo
ADANIPORTS,2026-08-25,1675.3000,1686.0000,1675.3000,1683.0000,124013.0000,1682.3108,1698.6000,1672.2000,1695.5000,1702.7000,290.0000,325.0000,,,,,,,25.0000,,,,,,,,yahoo
ADANIPOWER,2026-08-25,203.3500,204.3500,201.4400,204.1100,1243804.0000,203.6248,206.8000,202.7000,206.4100,206.3300,195.0000,285.0000,305.0000,330.0000,,,,,20.0000,,,,,,,,yahoo
AMBUJACEM,2026-08-25,408.1000,409.5000,406.6000,407.4000,97009.0000,408.0871,411.2500,405.0500,411.0000,413.1000,305.0000,305.0000,,,,,,,150.0000,,,,,,,,yahoo
APOLLOHOSP,2026-08-25,8654.5000,8689.0000,8646.5000,8660.0000,18872.0000,8664.0235,8839.0000,8657.0000,8791.0000,8889.0000,105.0000,135.0000,200.0000,240.0000,255.0000,325.0000,,,,,,,,,,,yahoo
ASIANPAINT,2026-08-25,2626.8999,2628.1001,2621.0000,2622.2000,30687.0000,2623.8625,2640.0000,2606.3999,2631.0000,2639.8000,325.0000,,,,,,,,120.0000,,,,,,,,yahoo
AXISBANK,2026-08-25,1236.0000,1240.4000,1232.5000,1235.7000,240628.0000,1238.5447,1237.4000,1230.0000,1235.0000,1235.0000,,,,,,,,,,,,,,,,,yahoo
BAJAJ-AUTO,2026-08-25,11794.0000,11801.0000,11748.0000,11786.0000,11477.0000,11779.5807,11909.0000,11722.0000,11900.0000,11927.0000,300.0000,310.0000,320.0000,,,,,,220.0000,,,,,,,,yahoo
BAJAJFINSV,2026-08-25,1996.0000,2010.0000,1995.9000,2000.1000,44018.0000,2004.2558,2004.0000,1985.4000,2004.0000,2004.0000,,,,,,,,,50.0000,,,,,,,,yahoo
BAJAJHLDNG,2026-08-25,11078.0000,11116.0000,10972.0000,11082.0000,7427.0000,11062.1548,11290.0000,11080.0000,11290.0000,11290.0000,10.0000,15.0000,45.0000,105.0000,110.0000,,,,,,,,,,,,yahoo
BAJFINANCE,2026-08-25,1071.0000,1076.6000,1067.3000,1072.8000,187867.0000,1075.0840,1085.3000,1072.5000,1082.2000,1087.4000,120.0000,135.0000,310.0000,,,,,,,,,,,,,,yahoo
BANKBARODA,2026-08-25,241.5000,242.9000,240.3000,242.0000,725768.0000,242.1588,242.5100,239.9000,241.0000,241.0000,,,,,,,,,200.0000,265.0000,,,,,,,yahoo
BEL,2026-08-25,407.9500,410.5500,406.0500,409.4000,866295.0000,408.8274,412.2000,405.9500,411.2000,413.2500,310.0000,,,,,,,,25.0000,50.0000,,,,,,,yahoo
BHARTIARTL,2026-08-25,1933.1000,1943.7000,1924.1000,1937.1000,616745.0000,1940.6621,1947.0000,1930.0000,1947.0000,1947.0000,330.0000,,,,,,,,,,,,,,,,yahoo
BOSCHLTD,2026-08-25,48015.0000,48160.0000,47950.0000,48115.0000,2291.0000,48089.3002,48400.0000,47790.0000,48400.0000,48680.0000,320.0000,,,,,,,,105.0000,,,,,,,,yahoo
BPCL,2026-08-25,312.0500,313.1000,311.1000,312.5500,211223.0000,311.8707,319.5500,311.3000,318.1000,318.1000,125.0000,160.0000,285.0000,290.0000,310.0000,315.0000,,,,,,,,,,,yahoo
BRITANNIA,2026-08-25,5315.0000,5315.0000,5286.0000,5299.0000,16236.0000,5299.2236,5382.5000,5294.0000,5382.5000,5382.5000,100.0000,130.0000,140.0000,330.0000,330.0000,,,,,,,,,,,,yahoo
CANBK,2026-08-25,126.8200,128.1900,126.3100,127.4500,2361384.0000,127.7742,128.8100,127.0900,128.8100,128.8100,70.0000,330.0000,330.0000,,,,,,,,,,,,,,yahoo
CGPOWER,2026-08-25,873.8000,873.8000,867.1000,871.6000,232791.0000,869.8180,882.5000,868.2000,878.5000,878.5000,90.0000,315.0000,330.0000,330.0000,,,,,,,,,,,,,yahoo
CHOLAFIN,2026-08-25,1825.1000,1842.2000,1822.4000,1831.6000,53757.0000,1833.3021,1864.9000,1830.0000,1860.0000,1873.0000,35.0000,300.0000,310.0000,320.0000,320.0000,,,,,,,,,,,,yahoo
CIPLA,2026-08-25,1432.1000,1432.1000,1419.0000,1422.9000,97581.0000,1422.6885,1426.9000,1411.5000,1418.0000,1422.0000,,,,,,,,,20.0000,65.0000,,,,,,,yahoo
COALINDIA,2026-08-25,407.6000,407.9000,405.2000,405.8500,260591.0000,405.9113,406.2000,401.1000,402.7000,404.0000,,,,,,,,,55.0000,105.0000,155.0000,,,,,,yahoo
CUMMINSIND,2026-08-25,5198.0000,5198.0000,5154.0000,5168.0000,31598.0000,5173.8252,5238.5000,5151.0000,5196.0000,5239.5000,55.0000,80.0000,85.0000,90.0000,,,,,,,,,,,,,yahoo
DIVISLAB,2026-08-25,8508.0000,8606.0000,8498.0000,8597.0000,48407.0000,8578.1896,8686.0000,8510.0000,8675.0000,8744.5000,225.0000,310.0000,330.0000,,,,,,30.0000,40.0000,55.0000,,,,,,yahoo
DLF,2026-08-25,688.0000,688.0000,679.3500,679.5500,304080.0000,682.9596,685.3000,678.3000,685.0000,682.9500,100.0000,115.0000,,,,,,,,,,,,,,,yahoo
DMART,2026-08-25,3940.0000,3960.0000,3918.0000,3943.3000,28240.0000,3945.9328,3945.2000,3898.1001,3909.6001,3909.6001,,,,,,,,,30.0000,250.0000,260.0000,,,,,,yahoo
DRREDDY,2026-08-25,1186.1000,1188.0000,1182.5000,1188.0000,35277.0000,1186.6797,1193.5000,1179.0000,1193.5000,1193.5000,,,,,,,,,180.0000,265.0000,,,,,,,yahoo
EICHERMOT,2026-08-25,8016.0000,8025.0000,7990.5000,8014.5000,12142.0000,8009.0592,8068.0000,7986.0000,8050.0000,8055.0000,300.0000,,,,,,,,,,,,,,,,yahoo
ENRIN,2026-08-25,3495.3999,3495.3999,3433.0000,3435.0000,40434.0000,3456.1834,3435.8999,3387.3999,3388.6001,3393.8999,,,,,,,,,40.0000,55.0000,60.0000,130.0000,,,,,yahoo
ETERNAL,2026-08-25,329.0000,330.0000,327.8500,328.5500,3491117.0000,329.1579,330.9000,325.5000,329.8500,331.0000,90.0000,,,,,,,,20.0000,70.0000,,,,,,,yahoo
GAIL,2026-08-25,173.0000,173.5000,172.6100,173.0000,342417.0000,173.1670,176.2500,172.4200,174.1500,175.5000,155.0000,155.0000,155.0000,155.0000,155.0000,,,,,,,,,,,,yahoo
GODREJCP,2026-08-25,928.9000,928.9000,923.6000,925.0000,47411.0000,926.6122,929.4000,918.2000,929.2000,929.2000,,,,,,,,,85.0000,,,,,,,,yahoo
GRASIM,2026-08-25,3280.1001,3284.7000,3271.0000,3272.3999,38273.0000,3277.5539,3300.0000,3222.1001,3289.6001,3289.6001,330.0000,330.0000,,,,,,,45.0000,55.0000,130.0000,140.0000,185.0000,,,,yahoo
HAL,2026-08-25,4882.2002,4882.2002,4845.3999,4859.3999,77319.0000,4859.8783,4890.0000,4805.0000,4888.0000,4900.0000,240.0000,,,,,,,,20.0000,25.0000,40.0000,,,,,,yahoo
HCLTECH,2026-08-25,1321.6000,1322.9000,1305.0000,1305.5000,99603.0000,1309.6401,1309.7000,1294.5000,1309.3000,1315.8000,,,,,,,,,10.0000,175.0000,,,,,,,yahoo
HDFCAMC,2026-08-25,2610.0000,2634.6001,2608.3000,2630.0000,51029.0000,2627.3027,2688.0000,2618.8999,2680.0000,2698.0000,135.0000,140.0000,175.0000,175.0000,205.0000,305.0000,,,,,,,,,,,yahoo
HDFCBANK,2026-08-25,727.8000,728.7000,724.7500,727.4000,751105.0000,727.8710,728.4000,722.0000,724.0000,727.5000,,,,,,,,,200.0000,,,,,,,,yahoo
HDFCLIFE,2026-08-25,550.2500,554.3000,546.6000,552.7000,248380.0000,551.0219,555.6000,545.9000,548.3500,546.7000,65.0000,,,,,,,,140.0000,160.0000,215.0000,,,,,,yahoo
HINDALCO,2026-08-25,1053.4500,1056.7000,1046.2000,1047.9500,388682.0000,1049.0388,1051.6000,1043.6500,1051.0500,1051.0500,,,,,,,,,,,,,,,,,yahoo
HINDUNILVR,2026-08-25,2024.0000,2024.5000,2013.3000,2020.1000,60551.0000,2022.0692,2028.2000,2012.0000,2024.2000,2024.2000,,,,,,,,,,,,,,,,,yahoo
HINDZINC,2026-08-25,599.8000,600.5000,588.3500,593.5500,1433128.0000,592.8242,599.5500,587.0000,591.3500,592.6000,145.0000,155.0000,155.0000,,,,,,20.0000,40.0000,95.0000,,,,,,yahoo
HYUNDAI,2026-08-25,2206.0000,2214.0000,2201.5000,2205.3999,15733.0000,2207.1895,2243.5000,2190.0000,2232.5000,2232.5000,90.0000,320.0000,325.0000,325.0000,330.0000,,,,50.0000,,,,,,,,yahoo
ICICIBANK,2026-08-25,1412.2000,1420.0000,1409.5000,1416.2000,238906.0000,1417.5802,1424.9000,1412.7000,1420.8000,1422.7000,135.0000,,,,,,,,,,,,,,,,yahoo
INDHOTEL,2026-08-25,734.0000,734.0000,725.5500,727.8000,83853.0000,729.0556,732.0000,724.6000,732.0000,730.0000,330.0000,,,,,,,,,,,,,,,,yahoo
INDIGO,2026-08-25,5112.0000,5128.5000,5099.0000,5106.5000,20129.0000,5113.8337,5227.5000,5082.5000,5218.0000,5218.0000,290.0000,305.0000,310.0000,310.0000,320.0000,330.0000,,,,,,,,,,,yahoo
INFY,2026-08-25,1131.5000,1134.2000,1124.0000,1125.0000,830456.0000,1127.5062,1131.6000,1120.6000,1131.4000,1144.0000,135.0000,,,,,,,,,,,,,,,,yahoo
IOC,2026-08-25,138.0300,138.0300,137.2400,137.7000,714331.0000,137.5426,138.9600,137.0200,138.6500,139.0000,310.0000,325.0000,,,,,,,,,,,,,,,yahoo
IRFC,2026-08-25,85.9000,86.3800,85.3500,85.9000,1963403.0000,85.9607,86.1100,85.0500,85.3800,85.4500,,,,,,,,,120.0000,210.0000,,,,,,,yahoo
ITC,2026-08-25,269.2500,269.2500,267.7500,268.8500,945428.0000,268.6986,270.4000,267.8500,270.4000,271.4000,170.0000,,,,,,,,,,,,,,,,yahoo
JINDALSTEL,2026-08-25,1147.2000,1151.3000,1141.1000,1146.3000,72243.0000,1147.6585,1157.0000,1140.3000,1148.9000,1154.1000,170.0000,170.0000,,,,,,,80.0000,,,,,,,,yahoo
JIOFIN,2026-08-25,242.0000,242.4500,241.2000,241.4000,1101457.0000,242.0989,242.9000,240.4000,242.9000,243.1500,325.0000,,,,,,,,,,,,,,,,yahoo
JSWSTEEL,2026-08-25,1325.0000,1326.2000,1315.4000,1317.7000,182643.0000,1320.3028,1321.5000,1310.1000,1320.3000,1320.3000,,,,,,,,,40.0000,,,,,,,,yahoo
KOTAKBANK,2026-08-25,398.8000,401.1000,398.2000,399.9000,520520.0000,400.2209,401.8500,398.9000,401.0000,401.6000,,,,,,,,,,,,,,,,,yahoo
LODHA,2026-08-25,1259.8000,1269.0000,1255.3000,1268.7000,295740.0000,1264.3249,1283.0000,1263.7000,1281.1000,1281.1000,10.0000,20.0000,115.0000,,,,,,,,,,,,,,yahoo
LT,2026-08-25,4081.3000,4094.8000,4066.6001,4085.0000,78301.0000,4089.9741,4125.0000,4075.0000,4119.0000,4119.0000,290.0000,315.0000,,,,,,,,,,,,,,,yahoo
LTM,2026-08-25,4520.3999,4546.0000,4502.2998,4520.3999,12413.0000,4532.3854,4532.6001,4469.1001,4528.0000,4528.0000,,,,,,,,,90.0000,140.0000,165.0000,,,,,,yahoo
M&M,2026-08-25,3418.7000,3422.8000,3401.8999,3407.8999,70816.0000,3409.3010,3440.0000,3397.1001,3440.0000,3443.0000,285.0000,310.0000,,,,,,,,,,,,,,,yahoo
MARUTI,2026-08-25,13584.0000,13584.0000,13501.0000,13503.0000,26644.0000,13535.0562,13652.0000,13450.0000,13639.0000,13678.0000,255.0000,290.0000,310.0000,,,,,,,,,,,,,,yahoo
MAXHEALTH,2026-08-25,987.3000,989.3000,980.8000,988.0000,120184.0000,987.8828,1011.4000,985.0000,1010.0000,1016.0000,80.0000,80.0000,245.0000,255.0000,285.0000,305.0000,,,,,,,,,,,yahoo
MAZDOCK,2026-08-25,2539.0000,2572.8000,2525.7000,2555.5000,153544.0000,2555.4989,2620.6001,2520.0000,2600.0000,2610.0000,280.0000,285.0000,290.0000,300.0000,305.0000,315.0000,315.0000,,10.0000,20.0000,25.0000,45.0000,,,,,yahoo
MOTHERSON,2026-08-25,167.6400,168.2800,166.3600,166.5600,1754576.0000,166.9525,166.8100,164.8500,165.5000,166.4500,,,,,,,,,50.0000,140.0000,215.0000,,,,,,yahoo
MUTHOOTFIN,2026-08-25,3202.1001,3202.1001,3167.2000,3189.0000,117592.0000,3179.8350,3227.7000,3180.8999,3201.0000,3201.0000,145.0000,145.0000,150.0000,,,,,,,,,,,,,,yahoo
NESTLEIND,2026-08-25,1471.0000,1472.0000,1463.7000,1463.7000,58760.0000,1467.2949,1474.6000,1459.0000,1467.1000,1479.0000,115.0000,,,,,,,,,,,,,,,,yahoo
NTPC,2026-08-25,338.5500,338.7500,337.6500,337.8000,117456.0000,338.2978,339.1000,335.8000,337.3000,339.8500,,,,,,,,,175.0000,,,,,,,,yahoo
ONGC,2026-08-25,236.1800,236.5400,235.3000,235.7900,810682.0000,235.6935,236.1000,233.3600,234.0000,234.0000,,,,,,,,,115.0000,175.0000,275.0000,,,,,,yahoo
PFC,2026-08-25,363.5000,364.4000,362.7000,363.4000,506760.0000,363.4420,365.8000,362.1500,365.7000,367.0000,310.0000,,,,,,,,,,,,,,,,yahoo
PIDILITIND,2026-08-25,1656.5000,1656.5000,1649.2000,1652.8000,7422.0000,1652.9303,1660.0000,1636.6000,1651.1000,1651.1000,,,,,,,,,200.0000,260.0000,,,,,,,yahoo
PNB,2026-08-25,115.4400,116.6900,115.0700,116.0300,1444242.0000,116.2628,116.7500,115.5900,116.3000,115.9300,110.0000,,,,,,,,,,,,,,,,yahoo
POWERGRID,2026-08-25,270.9000,270.9000,269.6500,269.9500,302428.0000,270.2283,271.0000,268.5000,271.0000,271.0000,,,,,,,,,240.0000,,,,,,,,yahoo
RECLTD,2026-08-25,327.8500,327.8500,325.3000,326.3000,359757.0000,326.2093,328.9500,323.5000,326.3500,326.0000,70.0000,80.0000,,,,,,,190.0000,245.0000,,,,,,,yahoo
RELIANCE,2026-08-25,1304.6000,1305.0000,1301.8000,1303.1000,559905.0000,1303.4863,1317.0000,1300.0000,1317.0000,1317.0000,310.0000,320.0000,330.0000,,,,,,,,,,,,,,yahoo
SBILIFE,2026-08-25,1762.5000,1773.8000,1752.1000,1762.1000,130666.0000,1766.6897,1769.5000,1751.4000,1755.0000,1755.0000,,,,,,,,,220.0000,,,,,,,,yahoo
SBIN,2026-08-25,1035.1000,1041.2000,1032.1000,1035.5000,540668.0000,1038.2718,1045.7000,1033.5000,1043.9000,1048.0000,70.0000,135.0000,,,,,,,,,,,,,,,yahoo
SHREECEM,2026-08-25,24100.0000,24150.0000,24020.0000,24035.0000,600.0000,24066.3167,24500.0000,24005.0000,24440.0000,24440.0000,85.0000,225.0000,235.0000,235.0000,290.0000,,,,,,,,,,,,yahoo
SHRIRAMFIN,2026-08-25,1118.0000,1119.0000,1112.1000,1115.7000,100850.0000,1116.5202,1138.3000,1114.0000,1137.0000,1138.5000,155.0000,170.0000,210.0000,210.0000,210.0000,315.0000,,,,,,,,,,,yahoo
SIEMENS,2026-08-25,4092.2000,4101.2002,4068.2000,4094.8999,78038.0000,4086.1067,4149.3999,4060.0000,4073.6001,4090.5000,235.0000,240.0000,240.0000,240.0000,,,,,10.0000,30.0000,,,,,,,yahoo
SOLARINDS,2026-08-25,19872.0000,19892.0000,19777.0000,19830.0000,7744.0000,19836.1897,19850.0000,19665.0000,19785.0000,19800.0000,,,,,,,,,25.0000,40.0000,,,,,,,yahoo
SUNPHARMA,2026-08-25,1907.9000,1917.3000,1897.6000,1911.0000,92829.0000,1909.7113,1922.0000,1902.4000,1922.0000,1922.0000,95.0000,,,,,,,,,,,,,,,,yahoo
TATACAP,2026-08-25,363.3500,364.0000,362.5000,363.2000,24994.0000,363.4464,364.4500,360.5000,364.1500,363.7500,,,,,,,,,210.0000,,,,,,,,yahoo
TATACONSUM,2026-08-25,1060.8000,1060.8000,1053.0000,1055.1000,48385.0000,1056.2214,1059.7000,1051.1000,1057.1000,1060.5000,,,,,,,,,,,,,,,,,yahoo
TATAPOWER,2026-08-25,372.5500,372.7000,370.4000,372.1500,369845.0000,371.6619,374.2000,368.6000,370.0500,370.6000,85.0000,,,,,,,,185.0000,205.0000,,,,,,,yahoo
TATASTEEL,2026-08-25,186.3000,187.2100,185.1000,185.1700,2752932.0000,186.2610,185.2200,183.5000,184.4500,186.9400,,,,,,,,,40.0000,90.0000,,,,,,,yahoo
TCS,2026-08-25,2304.0000,2312.0000,2269.2000,2270.3000,442764.0000,2279.5276,2290.5000,2262.0000,2288.5000,2296.2000,100.0000,115.0000,,,,,,,,,,,,,,,yahoo
TECHM,2026-08-25,1590.0000,1590.0000,1566.9000,1567.5000,73791.0000,1571.7220,1592.0000,1562.0000,1592.0000,1599.9000,250.0000,280.0000,315.0000,320.0000,325.0000,,,,,,,,,,,,yahoo
TITAN,2026-08-25,5060.2998,5082.6001,5057.3999,5072.6001,35562.0000,5074.1676,5115.0000,5059.3999,5112.0000,5124.7998,285.0000,325.0000,,,,,,,,,,,,,,,yahoo
TMCV,2026-08-25,475.5500,481.1000,474.4500,478.0500,675594.0000,479.5241,479.8500,470.8000,474.9000,476.3500,,,,,,,,,40.0000,145.0000,190.0000,205.0000,210.0000,,,,yahoo
TMPV,2026-08-25,313.9000,313.9000,311.1000,311.1000,904023.0000,311.6173,314.5000,310.5500,313.8000,314.2500,105.0000,135.0000,135.0000,,,,,,,,,,,,,,yahoo
TORNTPHARM,2026-08-25,4876.5000,4882.0000,4856.0000,4873.0000,9138.0000,4873.2677,4908.0000,4858.0000,4908.0000,4932.0000,80.0000,,,,,,,,,,,,,,,,yahoo
TRENT,2026-08-25,2909.2000,2933.8000,2896.0000,2911.7000,72040.0000,2922.8910,2938.7000,2903.6001,2928.0000,2930.0000,60.0000,315.0000,,,,,,,,,,,,,,,yahoo
TVSMOTOR,2026-08-25,4376.0000,4376.0000,4351.0000,4367.6001,19164.0000,4363.2727,4416.2002,4344.7002,4410.0000,4420.0000,160.0000,300.0000,310.0000,,,,,,55.0000,,,,,,,,yahoo
ULTRACEMCO,2026-08-25,11505.0000,11549.0000,11490.0000,11493.0000,5707.0000,11521.1194,11553.0000,11445.0000,11522.0000,11540.0000,310.0000,,,,,,,,,,,,,,,,yahoo
UNIONBANK,2026-08-25,182.4500,184.4300,181.4900,183.4800,1142894.0000,183.5384,187.3300,182.7800,186.9800,186.9800,60.0000,70.0000,70.0000,125.0000,215.0000,215.0000,,,,,,,,,,,yahoo
UNITDSPR,2026-08-25,1550.0000,1554.9000,1545.6000,1549.2000,9719.0000,1551.0063,1556.1000,1542.2000,1550.0000,1550.0000,,,,,,,,,,,,,,,,,yahoo
VBL,2026-08-25,426.0500,428.5000,424.2000,427.1500,537789.0000,427.3187,436.9000,427.2500,435.6000,438.0000,5.0000,10.0000,20.0000,45.0000,265.0000,295.0000,,,,,,,,,,,yahoo
VEDL,2026-08-25,276.1500,276.8000,273.7000,274.9500,1461488.0000,274.6626,276.3500,273.1000,274.3000,275.0000,155.0000,,,,,,,,40.0000,,,,,,,,yahoo
WIPRO,2026-08-25,181.1900,181.1900,179.8000,180.4400,1281090.0000,180.4069,180.5100,178.4300,179.1500,180.0900,,,,,,,,,10.0000,175.0000,275.0000,,,,,,yahoo
ZYDUSLIFE,2026-08-25,1103.0000,1104.2000,1097.4000,1099.6000,57658.0000,1100.9464,1125.0000,1092.7000,1124.8000,1124.5000,210.0000,210.0000,215.0000,215.0000,325.0000,330.0000,,,60.0000,,,,,,,,yahoo
ABB,2026-08-26,7674.5000,7694.0000,7609.0000,7670.0000,21067.0000,7669.7591,7699.0000,7581.0000,7605.0000,7609.0000,,,,,,,,,10.0000,40.0000,55.0000,,,,,,yahoo
ADANIENSOL,2026-08-26,1609.0000,1627.0000,1588.8000,1626.7000,464440.0000,1613.1524,1636.9000,1570.5000,1570.5000,1570.5000,10.0000,,,,,,,,15.0000,15.0000,35.0000,55.0000,140.0000,225.0000,265.0000,330.0000,yahoo
ADANIENT,2026-08-26,3116.2000,3154.3999,3092.8000,3153.0000,304114.0000,3134.5810,3165.0000,3112.0000,3112.0000,3112.0000,,,,,,,,,15.0000,20.0000,170.0000,330.0000,,,,,yahoo
ADANIGREEN,2026-08-26,1336.9000,1344.9000,1327.0000,1342.6000,859007.0000,1340.6230,1343.8000,1304.3000,1308.6000,1303.2000,,,,,,,,,15.0000,15.0000,25.0000,30.0000,60.0000,225.0000,265.0000,,yahoo
ADANIPORTS,2026-08-26,1710.5000,1718.5000,1706.0000,1715.4000,199443.0000,1713.5090,1716.9000,1690.6000,1696.8000,1691.5000,,,,,,,,,20.0000,25.0000,40.0000,50.0000,,,,,yahoo
ADANIPOWER,2026-08-26,207.1100,211.7000,206.6000,211.6000,3975881.0000,210.1797,213.4400,207.6000,208.0500,207.2000,10.0000,10.0000,,,,,,,30.0000,35.0000,90.0000,105.0000,150.0000,,,,yahoo
AMBUJACEM,2026-08-26,414.9500,415.4500,412.1000,414.7000,138832.0000,413.6978,422.7000,414.3000,419.2000,419.2000,10.0000,15.0000,115.0000,120.0000,125.0000,,,,,,,,,,,,yahoo
APOLLOHOSP,2026-08-26,8844.0000,8844.0000,8764.0000,8782.0000,21348.0000,8791.5430,8848.0000,8769.0000,8799.0000,8766.5000,60.0000,70.0000,,,,,,,,,,,,,,,yahoo
ASIANPAINT,2026-08-26,2669.3999,2674.5000,2660.8999,2668.0000,41527.0000,2667.4170,2669.5000,2630.0000,2630.0000,2626.5000,,,,,,,,,35.0000,45.0000,260.0000,325.0000,,,,,yahoo
AXISBANK,2026-08-26,1240.0000,1248.7000,1240.0000,1245.1000,266631.0000,1245.3745,1257.7000,1241.5000,1255.0000,1255.0000,90.0000,175.0000,215.0000,,,,,,,,,,,,,,yahoo
BAJAJ-AUTO,2026-08-26,11898.0000,11918.0000,11828.0000,11909.0000,12573.0000,11882.1847,11924.0000,11725.0000,11750.0000,11724.0000,,,,,,,,,105.0000,120.0000,130.0000,145.0000,165.0000,,,,yahoo
BAJAJFINSV,2026-08-26,2020.8000,2023.0000,2012.1000,2019.1000,36189.0000,2018.2713,2024.9000,2005.5000,2018.0000,2010.0000,,,,,,,,,40.0000,,,,,,,,yahoo
BAJAJHLDNG,2026-08-26,11292.0000,11397.0000,11292.0000,11365.0000,2920.0000,11368.5771,11447.0000,11288.0000,11299.0000,11540.0000,45.0000,,,,,,,,130.0000,,,,,,,,yahoo
BAJFINANCE,2026-08-26,1084.7000,1095.0000,1084.0000,1094.8000,315654.0000,1091.2210,1094.9000,1084.3000,1088.1000,1085.0000,,,,,,,,,25.0000,40.0000,,,,,,,yahoo
BANKBARODA,2026-08-26,242.1300,245.5100,242.1300,244.3100,1013999.0000,244.7505,244.8000,242.5000,242.5000,242.5000,,,,,,,,,40.0000,,,,,,,,yahoo
BEL,2026-08-26,412.3000,412.3000,409.2500,409.9000,527564.0000,409.8626,410.2500,407.9000,408.5500,406.9000,,,,,,,,,,,,,,,,,yahoo
BHARTIARTL,2026-08-26,1937.3000,1942.5000,1923.1000,1925.9000,480090.0000,1926.9396,1929.2000,1902.1000,1902.1000,1902.1000,,,,,,,,,100.0000,330.0000,330.0000,,,,,,yahoo
BOSCHLTD,2026-08-26,48670.0000,48670.0000,48330.0000,48555.0000,1645.0000,48518.5268,49180.0000,48405.0000,48875.0000,48895.0000,180.0000,225.0000,285.0000,285.0000,,,,,,,,,,,,,yahoo
BPCL,2026-08-26,320.8500,326.1000,320.8500,322.0000,508993.0000,323.3115,322.3000,318.0000,318.0000,318.0000,,,,,,,,,105.0000,140.0000,325.0000,,,,,,yahoo
BRITANNIA,2026-08-26,5363.5000,5380.0000,5337.0000,5366.5000,16264.0000,5364.0250,5388.5000,5310.0000,5310.0000,5310.0000,,,,,,,,,140.0000,330.0000,330.0000,,,,,,yahoo
CANBK,2026-08-26,128.8400,130.8800,128.6800,130.5400,3139594.0000,130.4244,130.8400,129.3600,129.4500,129.4500,,,,,,,,,35.0000,205.0000,,,,,,,yahoo
CGPOWER,2026-08-26,880.2500,880.3500,875.3000,878.8000,65534.0000,878.2982,882.4000,865.0500,865.0500,865.0500,,,,,,,,,150.0000,185.0000,210.0000,265.0000,330.0000,,,,yahoo
CHOLAFIN,2026-08-26,1887.2000,1924.6000,1882.1000,1924.2000,230834.0000,1914.2108,1924.8000,1868.1000,1868.1000,1868.1000,,,,,,,,,20.0000,20.0000,35.0000,45.0000,45.0000,95.0000,185.0000,,yahoo
CIPLA,2026-08-26,1414.0000,1418.9000,1402.0000,1414.6000,81581.0000,1414.6704,1417.4000,1401.4000,1402.7000,1402.7000,,,,,,,,,125.0000,225.0000,,,,,,,yahoo
COALINDIA,2026-08-26,402.8000,405.2500,402.8000,404.1500,361126.0000,404.4036,405.3500,401.4500,403.2000,403.5000,,,,,,,,,100.0000,,,,,,,,yahoo
CUMMINSIND,2026-08-26,5184.0000,5235.5000,5178.5000,5181.0000,55014.0000,5194.9274,5207.0000,5135.0000,5200.0000,5200.0000,310.0000,,,,,,,,210.0000,225.0000,,,,,,,yahoo
DIVISLAB,2026-08-26,8739.5000,8885.0000,8701.5000,8881.5000,100119.0000,8847.8664,9034.5000,8874.0000,9025.0000,9025.0000,145.0000,155.0000,160.0000,160.0000,220.0000,,,,,,,,,,,,yahoo
DLF,2026-08-26,688.3000,690.0500,684.6500,685.9500,162283.0000,685.9957,686.0000,676.1000,676.6500,672.5000,,,,,,,,,15.0000,170.0000,170.0000,280.0000,,,,,yahoo
DMART,2026-08-26,3924.0000,3931.0000,3922.8000,3922.8000,9998.0000,3926.8695,3935.2000,3766.3000,3826.8999,3826.8999,,,,,,,,,210.0000,250.0000,250.0000,250.0000,250.0000,250.0000,250.0000,250.0000,yahoo
DRREDDY,2026-08-26,1188.4000,1195.1000,1181.3000,1190.3000,224018.0000,1192.9416,1193.3000,1181.0000,1182.0000,1182.0000,,,,,,,,,110.0000,110.0000,,,,,,,yahoo
EICHERMOT,2026-08-26,8071.5000,8080.5000,8036.0000,8056.0000,15235.0000,8056.5669,8112.0000,8037.0000,8070.0000,8035.0000,75.0000,,,,,,,,,,,,,,,,yahoo
ENRIN,2026-08-26,3410.1001,3410.1001,3341.0000,3389.3000,27587.0000,3381.2632,3400.0000,3302.1001,3324.8000,3325.8999,,,,,,,,,40.0000,60.0000,180.0000,180.0000,180.0000,190.0000,220.0000,,yahoo
ETERNAL,2026-08-26,329.8000,331.9000,328.1000,329.8000,4145621.0000,329.9784,331.5000,325.0000,327.0000,327.0000,15.0000,,,,,,,,85.0000,100.0000,140.0000,170.0000,,,,,yahoo
GAIL,2026-08-26,174.7500,176.2600,174.3700,175.9800,781305.0000,175.3683,176.1900,174.4800,174.7600,174.4900,,,,,,,,,25.0000,110.0000,,,,,,,yahoo
GODREJCP,2026-08-26,933.1000,933.1000,927.3000,929.7000,42400.0000,928.9477,933.0000,927.6000,928.0000,922.8000,,,,,,,,,,,,,,,,,yahoo
GRASIM,2026-08-26,3294.0000,3294.0000,3267.0000,3281.3000,80147.0000,3278.7614,3307.0000,3262.3999,3307.0000,3299.8999,35.0000,330.0000,,,,,,,175.0000,,,,,,,,yahoo
HAL,2026-08-26,4883.0000,4907.2002,4875.6001,4891.7998,44132.0000,4886.4524,4934.2998,4872.6001,4891.3999,4865.5000,85.0000,85.0000,,,,,,,,,,,,,,,yahoo
HCLTECH,2026-08-26,1319.6000,1320.6000,1310.8000,1315.0000,85934.0000,1314.9294,1315.4000,1296.6000,1300.0000,1298.5000,,,,,,,,,70.0000,100.0000,135.0000,170.0000,,,,,yahoo
HDFCAMC,2026-08-26,2690.0000,2692.3000,2674.8999,2688.7000,51579.0000,2684.2198,2694.0000,2651.0000,2667.8999,2667.8999,,,,,,,,,170.0000,175.0000,175.0000,180.0000,,,,,yahoo
HDFCBANK,2026-08-26,728.0000,728.3500,725.9000,727.8500,2345789.0000,726.8123,730.8000,724.6000,727.6000,727.2000,,,,,,,,,,,,,,,,,yahoo
HDFCLIFE,2026-08-26,549.5000,554.9500,549.5000,554.9500,245480.0000,553.5504,563.4000,551.3500,557.7500,553.0000,85.0000,95.0000,100.0000,105.0000,105.0000,,,,35.0000,,,,,,,,yahoo
HINDALCO,2026-08-26,1049.0000,1052.0000,1040.5000,1050.3500,208246.0000,1048.3152,1059.4500,1043.4000,1056.2500,1053.0000,295.0000,325.0000,,,,,,,130.0000,,,,,,,,yahoo
HINDUNILVR,2026-08-26,2031.0000,2039.9000,2027.1000,2039.5000,67674.0000,2035.9341,2051.8999,2022.0000,2026.0000,2021.0000,5.0000,,,,,,,,150.0000,255.0000,,,,,,,yahoo
HINDZINC,2026-08-26,603.2000,620.2500,600.2500,617.5000,3691604.0000,615.7632,631.5000,616.1500,629.8500,626.5000,15.0000,30.0000,35.0000,200.0000,290.0000,300.0000,,,,,,,,,,,yahoo
HYUNDAI,2026-08-26,2238.5000,2263.8999,2237.3999,2258.8000,77221.0000,2252.8617,2279.0000,2237.6001,2252.0000,2250.0000,50.0000,60.0000,,,,,,,295.0000,295.0000,,,,,,,yahoo
ICICIBANK,2026-08-26,1424.6000,1446.0000,1424.6000,1441.5000,640291.0000,1443.6343,1443.1000,1433.0000,1434.4000,1430.0000,,,,,,,,,325.0000,,,,,,,,yahoo
INDHOTEL,2026-08-26,729.0500,737.0000,729.0500,732.4500,125684.0000,733.7010,733.2500,724.0000,724.4000,721.0000,,,,,,,,,135.0000,150.0000,260.0000,,,,,,yahoo
INDIGO,2026-08-26,5265.0000,5278.0000,5238.0000,5259.0000,46134.0000,5265.7765,5262.0000,5221.5000,5249.5000,5250.5000,,,,,,,,,40.0000,,,,,,,,yahoo
INFY,2026-08-26,1140.2000,1140.2000,1129.8000,1132.3000,745991.0000,1132.5687,1132.3000,1118.5000,1122.7000,1120.0000,,,,,,,,,35.0000,110.0000,170.0000,,,,,,yahoo
IOC,2026-08-26,139.9200,141.0500,139.9200,140.1200,995714.0000,140.3526,140.2100,138.5300,138.8800,139.4800,,,,,,,,,105.0000,165.0000,325.0000,,,,,,yahoo
IRFC,2026-08-26,86.0000,86.7900,85.9500,86.7500,1240365.0000,86.3538,86.7500,85.8700,86.2400,85.7000,,,,,,,,,25.0000,215.0000,330.0000,,,,,,yahoo
ITC,2026-08-26,271.8000,273.5000,271.0000,273.0500,2383037.0000,272.3551,273.9500,270.6000,271.1500,270.2500,,,,,,,,,40.0000,255.0000,,,,,,,yahoo
JINDALSTEL,2026-08-26,1155.1000,1155.1000,1145.3000,1153.0000,47632.0000,1149.7568,1183.0000,1152.0000,1175.0000,1175.4000,30.0000,155.0000,155.0000,200.0000,235.0000,290.0000,315.0000,,,,,,,,,,yahoo
JIOFIN,2026-08-26,244.6000,245.0000,243.4000,244.7500,856821.0000,244.2652,244.8000,241.8500,242.1000,241.0000,,,,,,,,,40.0000,140.0000,210.0000,,,,,,yahoo
JSWSTEEL,2026-08-26,1325.9000,1325.9000,1310.9000,1316.1000,66077.0000,1315.0578,1341.0000,1311.5000,1341.0000,1341.0000,190.0000,195.0000,280.0000,280.0000,295.0000,,,,,,,,,,,,yahoo
KOTAKBANK,2026-08-26,402.3000,408.9500,402.2000,407.7000,1779457.0000,406.6196,417.2000,407.2500,416.4500,416.7000,15.0000,35.0000,35.0000,55.0000,60.0000,155.0000,,,,,,,,,,,yahoo
LODHA,2026-08-26,1287.4000,1306.9000,1287.1000,1290.8000,120106.0000,1290.2929,1291.9000,1265.8000,1280.5000,1265.0000,,,,,,,,,15.0000,95.0000,170.0000,170.0000,290.0000,,,,yahoo
LT,2026-08-26,4106.5000,4124.8999,4091.3999,4095.0000,136112.0000,4096.9319,4097.0000,4045.0000,4052.0000,4038.1001,,,,,,,,,125.0000,135.0000,170.0000,,,,,,yahoo
LTM,2026-08-26,4535.7002,4558.0000,4521.7998,4554.3999,18327.0000,4547.0258,4572.5000,4460.0000,4460.0000,4460.0000,,,,,,,,,75.0000,80.0000,105.0000,135.0000,170.0000,330.0000,,,yahoo
M&M,2026-08-26,3436.0000,3447.8999,3425.8999,3439.8999,74490.0000,3438.5787,3441.6001,3409.0000,3415.0000,3398.2000,,,,,,,,,165.0000,325.0000,,,,,,,yahoo
MARUTI,2026-08-26,13687.0000,13722.0000,13650.0000,13702.0000,18704.0000,13690.1455,13716.0000,13520.0000,13569.0000,13520.0000,,,,,,,,,40.0000,255.0000,295.0000,320.0000,,,,,yahoo
MAXHEALTH,2026-08-26,1008.6000,1015.6000,1000.7000,1012.2000,140867.0000,1010.2393,1023.7000,1005.0000,1005.0000,1005.0000,60.0000,70.0000,75.0000,,,,,,330.0000,,,,,,,,yahoo
MAZDOCK,2026-08-26,2607.6001,2617.0000,2582.0000,2588.6001,89711.0000,2589.6893,2656.0000,2579.8999,2621.7000,2625.0000,85.0000,90.0000,100.0000,100.0000,100.0000,155.0000,250.0000,,,,,,,,,,yahoo
MOTHERSON,2026-08-26,166.9700,167.0000,165.7000,166.3600,549736.0000,166.0744,166.8000,165.0000,166.7500,165.0000,,,,,,,,,35.0000,40.0000,,,,,,,yahoo
MUTHOOTFIN,2026-08-26,3225.0000,3225.0000,3187.3999,3212.5000,82326.0000,3205.0705,3224.6001,3200.0000,3200.0000,3206.8999,,,,,,,,,,,,,,,,,yahoo
NESTLEIND,2026-08-26,1477.5000,1477.5000,1468.4000,1469.2000,32656.0000,1471.4954,1472.5000,1451.1000,1456.9000,1451.5000,,,,,,,,,40.0000,105.0000,140.0000,,,,,,yahoo
NTPC,2026-08-26,341.5000,344.4000,339.7000,344.1000,1581283.0000,343.0898,344.2500,335.9000,336.9500,334.6000,,,,,,,,,25.0000,30.0000,35.0000,40.0000,100.0000,200.0000,,,yahoo
ONGC,2026-08-26,234.0100,234.0100,230.9400,232.4400,960245.0000,232.6105,233.7600,232.0500,233.4400,232.2100,330.0000,,,,,,,,,,,,,,,,yahoo
PFC,2026-08-26,366.5000,369.0500,365.8000,368.8500,468660.0000,367.5968,368.8500,363.4000,364.4500,364.1000,,,,,,,,,35.0000,105.0000,175.0000,190.0000,,,,,yahoo
PIDILITIND,2026-08-26,1661.1000,1665.3000,1652.1000,1658.8000,28909.0000,1657.9367,1663.2000,1641.0000,1649.6000,1650.0000,,,,,,,,,55.0000,145.0000,255.0000,,,,,,yahoo
PNB,2026-08-26,116.9000,118.1300,116.6500,117.5200,1439897.0000,117.7379,117.7500,116.4300,116.4600,116.7000,,,,,,,,,40.0000,105.0000,,,,,,,yahoo
POWERGRID,2026-08-26,270.1000,271.0500,269.2000,270.8000,373102.0000,270.0781,271.0000,266.1500,266.2000,265.2000,,,,,,,,,35.0000,95.0000,115.0000,150.0000,215.0000,,,,yahoo
RECLTD,2026-08-26,328.0000,329.4500,326.8000,329.0500,348539.0000,328.2355,329.1500,322.2000,323.1500,322.2000,,,,,,,,,35.0000,95.0000,110.0000,160.0000,175.0000,240.0000,,,yahoo
RELIANCE,2026-08-26,1311.1000,1313.0000,1308.6000,1310.9000,349404.0000,1310.6885,1315.5000,1300.0000,1302.5000,1298.0000,,,,,,,,,215.0000,310.0000,,,,,,,yahoo
SBILIFE,2026-08-26,1764.3000,1784.7000,1764.3000,1779.2000,195059.0000,1780.0344,1788.5000,1765.2000,1772.7000,1768.2000,105.0000,,,,,,,,10.0000,40.0000,,,,,,,yahoo
SBIN,2026-08-26,1051.2000,1061.3000,1051.2000,1060.2000,1048889.0000,1059.2941,1062.3000,1053.6000,1054.5000,1052.0000,,,,,,,,,95.0000,,,,,,,,yahoo
SHREECEM,2026-08-26,24575.0000,24900.0000,24575.0000,24790.0000,3588.0000,24792.2222,25255.0000,24790.0000,24865.0000,24865.0000,10.0000,15.0000,20.0000,20.0000,65.0000,,,,,,,,,,,,yahoo
SHRIRAMFIN,2026-08-26,1136.7000,1141.7000,1105.6000,1130.2000,648181.0000,1121.3215,1138.2000,1113.0000,1121.9000,1117.5000,25.0000,,,,,,,,70.0000,80.0000,160.0000,175.0000,195.0000,,,,yahoo
SIEMENS,2026-08-26,4102.7998,4102.7998,4068.5000,4094.8999,31131.0000,4090.7889,4098.0000,4042.1001,4043.0000,4043.0000,,,,,,,,,110.0000,185.0000,185.0000,190.0000,,,,,yahoo
SOLARINDS,2026-08-26,19770.0000,19893.0000,19770.0000,19854.0000,6442.0000,19837.7241,20276.0000,19810.0000,20140.0000,20097.0000,50.0000,150.0000,175.0000,175.0000,245.0000,285.0000,,,,,,,,,,,yahoo
SUNPHARMA,2026-08-26,1925.9000,1925.9000,1905.2000,1918.5000,56037.0000,1919.0696,1921.3000,1909.1000,1910.2000,1899.5000,,,,,,,,,,,,,,,,,yahoo
TATACAP,2026-08-26,364.1500,367.3500,364.1500,366.9000,59292.0000,366.5994,371.7000,366.7500,370.4500,370.6500,20.0000,20.0000,115.0000,165.0000,,,,,,,,,,,,,yahoo
TATACONSUM,2026-08-26,1060.0000,1060.0000,1052.8000,1055.2000,54037.0000,1054.6826,1057.4000,1039.6000,1047.5000,1047.1000,,,,,,,,,40.0000,120.0000,150.0000,225.0000,,,,,yahoo
TATAPOWER,2026-08-26,373.0000,375.9500,372.2000,375.9500,388632.0000,373.9959,376.3500,364.0000,365.5000,364.0000,,,,,,,,,25.0000,40.0000,70.0000,95.0000,110.0000,195.0000,210.0000,235.0000,yahoo
TATASTEEL,2026-08-26,185.7500,186.6800,184.3300,186.0600,2345320.0000,185.6854,189.6100,184.4000,189.4000,188.0100,295.0000,295.0000,310.0000,310.0000,310.0000,,,,40.0000,130.0000,,,,,,,yahoo
TCS,2026-08-26,2304.2000,2305.5000,2291.1001,2295.5000,117965.0000,2296.7216,2298.8999,2266.5000,2271.8999,2270.0000,,,,,,,,,55.0000,105.0000,110.0000,230.0000,,,,,yahoo
TECHM,2026-08-26,1610.8000,1610.8000,1592.4000,1593.5000,185903.0000,1602.2893,1596.1000,1566.0000,1570.4000,1571.0000,,,,,,,,,65.0000,80.0000,105.0000,135.0000,145.0000,,,,yahoo
TITAN,2026-08-26,5139.2002,5142.7998,5110.0000,5137.2998,36108.0000,5125.1310,5142.7002,5091.0000,5100.0000,5100.0000,,,,,,,,,15.0000,40.0000,,,,,,,yahoo
TMCV,2026-08-26,475.3000,476.6000,472.9000,475.6000,344710.0000,474.9385,487.0500,475.0000,484.2000,481.6000,70.0000,300.0000,305.0000,315.0000,320.0000,320.0000,,,,,,,,,,,yahoo
TMPV,2026-08-26,316.0000,316.4000,314.4000,316.3500,643882.0000,315.7340,316.3500,314.1000,314.9000,313.1000,,,,,,,,,35.0000,,,,,,,,yahoo
TORNTPHARM,2026-08-26,4911.5000,4919.5000,4883.0000,4901.5000,18255.0000,4907.0969,4928.0000,4884.0000,4890.0000,4890.0000,215.0000,,,,,,,,,,,,,,,,yahoo
TRENT,2026-08-26,2949.3000,2954.8000,2933.2000,2939.3000,41081.0000,2938.8649,2944.8999,2906.5000,2915.0000,2908.2000,,,,,,,,,115.0000,140.0000,230.0000,,,,,,yahoo
TVSMOTOR,2026-08-26,4438.7998,4443.3999,4415.2002,4431.6001,91618.0000,4431.0462,4484.1001,4423.6001,4464.0000,4464.0000,45.0000,60.0000,65.0000,,,,,,,,,,,,,,yahoo
ULTRACEMCO,2026-08-26,11599.0000,11684.0000,11599.0000,11635.0000,10308.0000,11643.9017,11820.0000,11628.0000,11717.0000,11717.0000,10.0000,15.0000,300.0000,305.0000,310.0000,,,,,,,,,,,,yahoo
UNIONBANK,2026-08-26,188.3200,192.2600,188.0700,190.3700,2856400.0000,191.1428,190.8800,187.1300,187.5200,187.5200,,,,,,,,,30.0000,35.0000,100.0000,105.0000,225.0000,,,,yahoo
UNITDSPR,2026-08-26,1549.3000,1554.3000,1540.4000,1541.0000,16619.0000,1544.6219,1542.4000,1520.3000,1524.9000,1538.5000,,,,,,,,,25.0000,35.0000,95.0000,150.0000,,,,,yahoo
VBL,2026-08-26,445.2500,446.3000,425.5000,431.1000,7983786.0000,429.7800,435.3500,420.5000,421.2000,421.2500,30.0000,30.0000,,,,,,,15.0000,90.0000,95.0000,115.0000,140.0000,240.0000,,,yahoo
VEDL,2026-08-26,275.0500,280.7000,273.4000,280.7000,2625973.0000,279.2366,287.0000,278.9000,286.5000,286.5000,20.0000,30.0000,210.0000,210.0000,305.0000,330.0000,,,5.0000,,,,,,,,yahoo
WIPRO,2026-08-26,180.1200,180.7300,179.7500,180.6800,673885.0000,180.2308,180.7600,176.7100,177.5500,177.3500,,,,,,,,,60.0000,75.0000,100.0000,110.0000,185.0000,230.0000,,,yahoo
ZYDUSLIFE,2026-08-26,1129.1000,1132.9000,1117.8000,1126.9000,80504.0000,1128.7576,1150.5000,1123.1000,1150.0000,1150.0000,25.0000,25.0000,30.0000,50.0000,55.0000,295.0000,,,,,,,,,,,yahoo
ABB,2026-08-27,7638.5000,7688.5000,7594.5000,7633.0000,16246.0000,7623.5296,7650.0000,7494.0000,7494.0000,7490.0000,,,,,,,,,25.0000,40.0000,80.0000,90.0000,115.0000,,,,yahoo
ADANIENSOL,2026-08-27,1585.3000,1611.8000,1585.3000,1607.7000,550387.0000,1603.9272,1617.4000,1591.2000,1613.1000,1617.0000,140.0000,,,,,,,,10.0000,25.0000,25.0000,,,,,,yahoo
ADANIENT,2026-08-27,3125.0000,3156.3999,3125.0000,3146.2000,154381.0000,3142.8597,3168.0000,3132.8999,3160.3000,3159.3000,195.0000,,,,,,,,,,,,,,,,yahoo
ADANIGREEN,2026-08-27,1308.1000,1316.7000,1302.5000,1314.9000,141188.0000,1310.1020,1326.6000,1310.5000,1321.9000,1328.5000,90.0000,140.0000,,,,,,,,,,,,,,,yahoo
ADANIPORTS,2026-08-27,1704.4000,1708.8000,1694.1000,1696.8000,70068.0000,1697.7624,1719.0000,1691.4000,1713.0000,1714.0000,145.0000,150.0000,165.0000,225.0000,,,,,,,,,,,,,yahoo
ADANIPOWER,2026-08-27,209.5900,211.1300,207.3000,210.8600,14219360.0000,210.3100,217.4000,209.8800,215.0000,215.0000,15.0000,15.0000,50.0000,80.0000,80.0000,85.0000,85.0000,330.0000,,,,,,,,,yahoo
AMBUJACEM,2026-08-27,421.5000,422.2500,416.9000,417.8000,145331.0000,417.8178,417.8000,411.0500,411.0500,411.0500,,,,,,,,,60.0000,145.0000,230.0000,305.0000,330.0000,,,,yahoo
APOLLOHOSP,2026-08-27,8831.0000,8859.0000,8770.0000,8772.0000,15059.0000,8786.6510,8849.5000,8760.5000,8799.5000,8800.0000,300.0000,330.0000,,,,,,,,,,,,,,,yahoo
ASIANPAINT,2026-08-27,2636.0000,2643.0000,2635.0000,2637.2000,25345.0000,2639.4288,2655.0000,2628.0000,2631.0000,2631.0000,150.0000,,,,,,,,,,,,,,,,yahoo
AXISBANK,2026-08-27,1256.3000,1258.6000,1251.4000,1257.3000,400393.0000,1255.8517,1268.6000,1254.1000,1255.3000,1256.0000,210.0000,215.0000,,,,,,,,,,,,,,,yahoo
BAJAJ-AUTO,2026-08-27,11796.0000,11819.0000,11634.0000,11670.0000,24470.0000,11673.8598,11723.0000,11618.0000,11713.0000,11720.0000,,,,,,,,,,,,,,,,,yahoo
BAJAJFINSV,2026-08-27,2007.6000,2025.6000,2007.6000,2016.1000,26585.0000,2016.1304,2017.5000,1997.5000,2010.0000,2011.0000,,,,,,,,,65.0000,245.0000,,,,,,,yahoo
BAJAJHLDNG,2026-08-27,11495.0000,11500.0000,11368.0000,11490.0000,4746.0000,11444.1765,11515.0000,11331.0000,11399.0000,11399.0000,,,,,,,,,45.0000,200.0000,290.0000,325.0000,,,,,yahoo
BAJFINANCE,2026-08-27,1098.8000,1106.1000,1093.3000,1094.2000,892706.0000,1099.3859,1094.9000,1083.7000,1085.0000,1083.0000,,,,,,,,,70.0000,175.0000,,,,,,,yahoo
BANKBARODA,2026-08-27,243.8400,244.6200,242.8700,243.1000,330452.0000,243.1860,243.2500,240.0100,240.1000,241.0000,,,,,,,,,45.0000,160.0000,200.0000,290.0000,,,,,yahoo
BEL,2026-08-27,410.8000,412.8500,408.1500,412.5000,1789966.0000,411.0787,412.5000,409.5500,410.0000,411.0000,,,,,,,,,15.0000,,,,,,,,yahoo
BHARTIARTL,2026-08-27,1911.0000,1913.1000,1893.9000,1898.4000,634294.0000,1897.9213,1906.0000,1881.4000,1884.8000,1878.3000,,,,,,,,,215.0000,220.0000,,,,,,,yahoo
BOSCHLTD,2026-08-27,48925.0000,48925.0000,48575.0000,48780.0000,2014.0000,48721.0824,48940.0000,48480.0000,48740.0000,48780.0000,,,,,,,,,25.0000,,,,,,,,yahoo
BPCL,2026-08-27,319.6500,320.3000,317.3500,317.5500,208985.0000,318.1500,320.8500,315.0000,320.4500,318.0000,185.0000,195.0000,320.0000,,,,,,50.0000,95.0000,,,,,,,yahoo
BRITANNIA,2026-08-27,5335.0000,5360.0000,5324.0000,5337.5000,11422.0000,5347.2371,5339.5000,5280.0000,5300.0000,5298.0000,,,,,,,,,135.0000,140.0000,150.0000,,,,,,yahoo
CANBK,2026-08-27,130.0600,130.5400,129.1700,129.3600,781355.0000,129.4051,129.5400,127.7000,128.1600,128.1400,,,,,,,,,150.0000,160.0000,245.0000,300.0000,,,,,yahoo
CGPOWER,2026-08-27,875.0500,898.5000,875.0500,892.9000,1583113.0000,890.9242,897.7000,882.6500,892.9500,897.9000,310.0000,,,,,,,,25.0000,25.0000,95.0000,,,,,,yahoo
CHOLAFIN,2026-08-27,1880.0000,1890.5000,1863.4000,1866.4000,72254.0000,1872.3042,1882.2000,1862.7000,1865.0000,1875.4000,10.0000,90.0000,,,,,,,,,,,,,,,yahoo
CIPLA,2026-08-27,1407.3000,1417.5000,1402.8000,1403.5000,81208.0000,1405.4427,1419.6000,1402.1000,1415.0000,1420.0000,130.0000,200.0000,305.0000,,,,,,,,,,,,,,yahoo
COALINDIA,2026-08-27,403.5000,404.9500,402.4000,402.6000,317300.0000,403.0921,402.8500,398.4500,399.6500,400.0000,,,,,,,,,35.0000,245.0000,260.0000,,,,,,yahoo
CUMMINSIND,2026-08-27,5245.5000,5258.5000,5224.0000,5245.5000,26779.0000,5246.3070,5249.0000,5141.5000,5190.0000,5190.0000,,,,,,,,,10.0000,15.0000,25.0000,45.0000,80.0000,,,,yahoo
DIVISLAB,2026-08-27,9049.0000,9148.0000,9046.0000,9085.0000,66046.0000,9094.9211,9125.0000,9038.0000,9093.0000,9060.0000,,,,,,,,,10.0000,,,,,,,,yahoo
DLF,2026-08-27,676.1000,681.3000,674.3500,679.1500,203078.0000,677.7356,687.4500,677.6000,682.0000,676.1500,180.0000,180.0000,185.0000,,,,,,,,,,,,,,yahoo
DMART,2026-08-27,3824.0000,3846.8999,3819.6001,3844.8999,47504.0000,3833.9230,3874.3999,3835.0000,3835.0000,3847.3999,20.0000,135.0000,,,,,,,,,,,,,,,yahoo
DRREDDY,2026-08-27,1182.0000,1190.7000,1178.9000,1179.6000,70110.0000,1180.9359,1189.2000,1169.5000,1176.0000,1176.0000,45.0000,110.0000,,,,,,,230.0000,255.0000,,,,,,,yahoo
EICHERMOT,2026-08-27,8015.0000,8061.0000,7995.0000,8022.0000,23814.0000,8017.4547,8105.5000,7988.0000,8100.0000,8100.0000,260.0000,270.0000,320.0000,,,,,,,,,,,,,,yahoo
ENRIN,2026-08-27,3330.0000,3338.3000,3286.8000,3288.6001,241767.0000,3306.8342,3291.8999,3236.0000,3258.0000,3258.0000,,,,,,,,,40.0000,65.0000,85.0000,90.0000,115.0000,,,,yahoo
ETERNAL,2026-08-27,328.5500,330.8000,327.0000,327.4500,2415877.0000,328.4074,330.9000,325.4000,328.6000,328.5000,185.0000,275.0000,330.0000,,,,,,25.0000,,,,,,,,yahoo
GAIL,2026-08-27,174.4000,174.6200,173.5800,173.6600,419289.0000,173.9126,173.7400,171.0000,171.3900,172.4400,,,,,,,,,60.0000,125.0000,145.0000,255.0000,325.0000,,,,yahoo
GODREJCP,2026-08-27,925.9000,927.9000,922.6000,923.0000,52054.0000,923.7263,924.0000,912.0000,923.0000,923.0000,,,,,,,,,25.0000,35.0000,50.0000,,,,,,yahoo
GRASIM,2026-08-27,3292.3999,3298.0000,3278.7000,3281.1001,53350.0000,3284.7181,3294.2000,3267.0000,3279.0000,3258.0000,,,,,,,,,,,,,,,,,yahoo
HAL,2026-08-27,4898.8999,4920.0000,4880.2998,4917.6001,49012.0000,4903.9191,4927.0000,4875.0000,4899.0000,4899.0000,,,,,,,,,20.0000,95.0000,,,,,,,yahoo
HCLTECH,2026-08-27,1300.6000,1304.7000,1280.4000,1283.0000,152452.0000,1287.3452,1292.5000,1281.0000,1282.0000,1282.0000,155.0000,,,,,,,,,,,,,,,,yahoo
HDFCAMC,2026-08-27,2667.8999,2691.0000,2653.3999,2656.8000,38668.0000,2669.3479,2660.3000,2560.0000,2575.0000,2575.0000,,,,,,,,,25.0000,40.0000,50.0000,50.0000,70.0000,100.0000,120.0000,125.0000,yahoo
HDFCBANK,2026-08-27,726.2000,726.7500,717.2500,720.8500,4405173.0000,719.2653,721.7500,710.0000,714.4500,711.0000,,,,,,,,,95.0000,115.0000,140.0000,140.0000,145.0000,,,,yahoo
HDFCLIFE,2026-08-27,555.5000,555.5000,553.1000,553.7000,95549.0000,553.8075,555.3000,549.9000,549.9000,548.0000,,,,,,,,,75.0000,,,,,,,,yahoo
HINDALCO,2026-08-27,1059.2000,1061.8000,1045.3500,1047.0500,204017.0000,1047.6173,1049.4000,1020.5000,1021.8500,1024.0000,,,,,,,,,65.0000,70.0000,150.0000,185.0000,195.0000,235.0000,290.0000,,yahoo
HINDUNILVR,2026-08-27,2021.7000,2026.9000,2017.0000,2017.6000,47668.0000,2020.9328,2019.8000,2004.3000,2012.1000,2009.0000,,,,,,,,,30.0000,,,,,,,,yahoo
HINDZINC,2026-08-27,628.3500,631.2000,620.4500,621.4000,610279.0000,622.9590,621.9500,610.8500,613.0000,610.1000,,,,,,,,,30.0000,95.0000,105.0000,160.0000,250.0000,,,,yahoo
HYUNDAI,2026-08-27,2269.8999,2281.0000,2259.0000,2272.3000,135592.0000,2268.1294,2277.5000,2252.2000,2254.0000,2253.0000,,,,,,,,,20.0000,330.0000,,,,,,,yahoo
ICICIBANK,2026-08-27,1437.3000,1441.0000,1433.1000,1438.5000,383994.0000,1438.4197,1453.3000,1437.6000,1447.0000,1443.0000,190.0000,200.0000,200.0000,,,,,,,,,,,,,,yahoo
INDHOTEL,2026-08-27,723.0000,726.3500,720.3500,721.0000,54837.0000,723.0462,721.1500,713.0000,718.5000,718.5000,,,,,,,,,45.0000,60.0000,95.0000,,,,,,yahoo
INDIGO,2026-08-27,5253.0000,5255.5000,5212.0000,5217.0000,22665.0000,5224.8901,5237.0000,5178.0000,5189.0000,5189.0000,,,,,,,,,260.0000,,,,,,,,yahoo
INFY,2026-08-27,1121.0000,1130.4000,1115.3000,1119.3000,525755.0000,1119.0971,1121.0000,1107.6000,1111.4000,1110.8000,,,,,,,,,45.0000,60.0000,295.0000,,,,,,yahoo
IOC,2026-08-27,139.2500,139.3500,137.9500,138.0800,631563.0000,138.4642,138.1400,136.8300,137.2000,137.5700,,,,,,,,,50.0000,245.0000,,,,,,,yahoo
IRFC,2026-08-27,85.8000,86.1300,85.8000,85.9300,544807.0000,85.9477,86.0000,84.5000,84.6500,84.6500,,,,,,,,,45.0000,60.0000,160.0000,220.0000,245.0000,,,,yahoo
ITC,2026-08-27,270.2000,271.1000,269.8500,270.1000,864180.0000,270.4060,270.2000,268.0500,268.2500,269.0000,,,,,,,,,60.0000,330.0000,,,,,,,yahoo
JINDALSTEL,2026-08-27,1183.0000,1193.4000,1178.0000,1187.9000,111136.0000,1186.0374,1196.0000,1166.6000,1168.0000,1170.0000,80.0000,,,,,,,,200.0000,230.0000,325.0000,325.0000,330.0000,,,,yahoo
JIOFIN,2026-08-27,242.1500,242.6000,241.0500,241.2500,669135.0000,241.4435,241.4000,238.4500,238.7500,238.1000,,,,,,,,,40.0000,70.0000,330.0000,,,,,,yahoo
JSWSTEEL,2026-08-27,1349.0000,1349.6000,1334.1000,1338.5000,309649.0000,1339.4404,1342.7000,1330.3000,1337.5000,1337.5000,,,,,,,,,330.0000,,,,,,,,yahoo
KOTAKBANK,2026-08-27,415.0500,426.3000,415.0500,424.8500,5858873.0000,422.3038,427.6500,423.4000,424.3500,424.3500,50.0000,,,,,,,,,,,,,,,,yahoo
LODHA,2026-08-27,1260.5000,1277.8000,1258.7000,1272.0000,96009.0000,1270.8785,1273.5000,1252.0000,1252.0000,1252.0000,,,,,,,,,35.0000,55.0000,60.0000,70.0000,80.0000,,,,yahoo
LT,2026-08-27,4056.0000,4066.0000,4028.3999,4047.3000,83032.0000,4046.2724,4058.5000,4023.0000,4035.6001,4027.0000,,,,,,,,,100.0000,,,,,,,,yahoo
LTM,2026-08-27,4494.5000,4530.2998,4480.2002,4495.0000,18941.0000,4503.7841,4510.0000,4464.0000,4464.0000,4464.0000,,,,,,,,,130.0000,,,,,,,,yahoo
M&M,2026-08-27,3410.0000,3419.8999,3368.8999,3382.1001,151063.0000,3381.4422,3390.0000,3335.7000,3342.1001,3330.0000,,,,,,,,,70.0000,130.0000,245.0000,320.0000,,,,,yahoo
MARUTI,2026-08-27,13528.0000,13569.0000,13437.0000,13470.0000,20166.0000,13471.9694,13489.0000,13404.0000,13445.0000,13440.0000,,,,,,,,,,,,,,,,,yahoo
MAXHEALTH,2026-08-27,1009.0000,1012.0000,1002.8000,1003.3000,103978.0000,1006.7932,1007.0000,999.3000,1006.8000,1009.0000,,,,,,,,,,,,,,,,,yahoo
MAZDOCK,2026-08-27,2629.5000,2634.0000,2617.2000,2632.8000,93745.0000,2626.6380,2632.8999,2583.2000,2588.0000,2588.0000,,,,,,,,,10.0000,15.0000,95.0000,145.0000,225.0000,,,,yahoo
MOTHERSON,2026-08-27,166.0900,167.8700,165.1700,165.4900,964154.0000,165.8536,166.3000,164.7700,165.2700,166.0000,,,,,,,,,,,,,,,,,yahoo
MUTHOOTFIN,2026-08-27,3221.1001,3246.5000,3163.5000,3168.3999,103654.0000,3181.9854,3179.3999,3062.0000,3071.0000,3085.0000,,,,,,,,,35.0000,35.0000,45.0000,50.0000,130.0000,175.0000,190.0000,225.0000,yahoo
NESTLEIND,2026-08-27,1451.6000,1463.9000,1448.3000,1449.4000,91308.0000,1454.4384,1449.9000,1440.3000,1447.4000,1450.0000,,,,,,,,,125.0000,,,,,,,,yahoo
NTPC,2026-08-27,335.9000,335.9000,333.0500,333.3500,474044.0000,333.5467,333.5000,328.5000,329.1500,330.9000,,,,,,,,,20.0000,25.0000,50.0000,55.0000,,,,,yahoo
ONGC,2026-08-27,232.4400,234.3500,232.2100,232.3100,727261.0000,233.3330,233.9700,231.1000,231.9300,232.0000,80.0000,,,,,,,,325.0000,,,,,,,,yahoo
PFC,2026-08-27,360.9000,362.3000,356.6000,356.8500,1088748.0000,357.5710,357.0500,352.3500,354.6500,355.8500,,,,,,,,,20.0000,40.0000,55.0000,70.0000,,,,,yahoo
PIDILITIND,2026-08-27,1640.0000,1653.5000,1640.0000,1651.9000,16930.0000,1650.9511,1668.5000,1648.0000,1655.4000,1656.0000,25.0000,105.0000,140.0000,,,,,,,,,,,,,,yahoo
PNB,2026-08-27,116.6200,117.1500,116.6200,116.8800,1171723.0000,116.9763,117.0000,115.0800,115.5000,115.4000,,,,,,,,,70.0000,155.0000,160.0000,200.0000,245.0000,,,,yahoo
POWERGRID,2026-08-27,265.2500,265.3000,263.6500,264.3500,540454.0000,264.5478,266.2000,262.3000,264.9000,264.9000,310.0000,,,,,,,,20.0000,25.0000,,,,,,,yahoo
RECLTD,2026-08-27,324.5000,324.5000,321.3500,321.4000,205072.0000,321.8271,323.2000,317.8000,321.2500,320.9000,180.0000,,,,,,,,10.0000,15.0000,55.0000,,,,,,yahoo
RELIANCE,2026-08-27,1304.3000,1308.2000,1299.6000,1302.5000,409309.0000,1302.1025,1303.6000,1287.3000,1288.1000,1282.2000,,,,,,,,,45.0000,75.0000,95.0000,,,,,,yahoo
SBILIFE,2026-08-27,1774.6000,1784.1000,1767.4000,1780.7000,118887.0000,1776.1055,1798.7000,1773.0000,1773.2000,1773.0000,25.0000,25.0000,55.0000,,,,,,,,,,,,,,yahoo
SBIN,2026-08-27,1052.6000,1054.3000,1047.1000,1048.0000,404982.0000,1049.2465,1049.1000,1043.1000,1044.1000,1042.9000,,,,,,,,,,,,,,,,,yahoo
SHREECEM,2026-08-27,24905.0000,24920.0000,24690.0000,24740.0000,897.0000,24763.2609,24850.0000,24425.0000,24480.0000,24480.0000,,,,,,,,,65.0000,105.0000,155.0000,160.0000,,,,,yahoo
SHRIRAMFIN,2026-08-27,1107.6000,1127.4000,1097.4000,1099.1000,815112.0000,1105.5876,1105.0000,1091.5000,1102.9000,1101.0000,210.0000,,,,,,,,70.0000,,,,,,,,yahoo
SIEMENS,2026-08-27,4091.5000,4120.6001,4069.5000,4091.0000,46557.0000,4085.6808,4128.7998,4068.8999,4095.0000,4095.0000,5.0000,5.0000,,,,,,,90.0000,,,,,,,,yahoo
SOLARINDS,2026-08-27,20160.0000,20485.0000,20120.0000,20440.0000,47225.0000,20393.3007,20649.0000,20224.0000,20519.0000,20519.0000,130.0000,135.0000,190.0000,,,,,,15.0000,25.0000,55.0000,,,,,,yahoo
SUNPHARMA,2026-08-27,1910.1000,1925.0000,1904.5000,1910.0000,60537.0000,1907.8134,1917.4000,1898.7000,1910.5000,1913.3000,,,,,,,,,30.0000,,,,,,,,yahoo
TATACAP,2026-08-27,372.7500,377.8500,372.7500,373.8500,374463.0000,375.4351,376.4000,372.1000,376.0500,376.0000,265.0000,,,,,,,,,,,,,,,,yahoo
TATACONSUM,2026-08-27,1041.3000,1047.9000,1041.0000,1041.0000,78501.0000,1043.7068,1042.4000,1035.8000,1039.5000,1042.0000,,,,,,,,,,,,,,,,,yahoo
TATAPOWER,2026-08-27,357.6000,357.6000,349.3500,352.0000,2198282.0000,352.0111,353.0000,348.2000,351.5000,351.3500,,,,,,,,,15.0000,15.0000,20.0000,,,,,,yahoo
TATASTEEL,2026-08-27,188.3800,190.2400,188.0700,189.6100,5917209.0000,189.4077,189.7000,186.7000,186.7000,186.8000,,,,,,,,,10.0000,15.0000,70.0000,260.0000,330.0000,,,,yahoo
TCS,2026-08-27,2273.7000,2283.5000,2257.8000,2258.8999,164509.0000,2262.5260,2260.8000,2244.1001,2253.6001,2248.3999,,,,,,,,,60.0000,,,,,,,,yahoo
TECHM,2026-08-27,1577.0000,1596.9000,1577.0000,1588.3000,246180.0000,1587.8840,1599.0000,1583.6000,1585.0000,1585.0000,45.0000,,,,,,,,,,,,,,,,yahoo
TITAN,2026-08-27,5107.3999,5116.0000,5086.1001,5097.3999,167671.0000,5093.3038,5186.7002,5069.6001,5139.2998,5139.2998,45.0000,120.0000,185.0000,195.0000,220.0000,,,,15.0000,,,,,,,,yahoo
TMCV,2026-08-27,483.0000,483.0000,468.5000,472.3000,2030346.0000,470.9558,476.7500,470.2000,472.6000,474.0000,55.0000,60.0000,,,,,,,,,,,,,,,yahoo
TMPV,2026-08-27,314.7500,317.3000,314.1500,314.8500,523490.0000,314.7335,319.5500,314.2500,316.0000,316.0000,5.0000,120.0000,120.0000,120.0000,,,,,,,,,,,,,yahoo
TORNTPHARM,2026-08-27,4885.5000,4926.5000,4885.5000,4903.0000,28877.0000,4900.8401,4981.0000,4892.5000,4970.0000,4999.0000,165.0000,235.0000,245.0000,300.0000,330.0000,,,,,,,,,,,,yahoo
TRENT,2026-08-27,2910.0000,2922.2000,2905.6001,2913.8999,29175.0000,2914.8534,2913.8000,2868.3999,2878.5000,2878.5000,,,,,,,,,40.0000,50.0000,100.0000,230.0000,245.0000,,,,yahoo
TVSMOTOR,2026-08-27,4458.7002,4458.7002,4371.1001,4376.6001,89660.0000,4382.6009,4412.5000,4367.6001,4409.7998,4409.7998,35.0000,240.0000,,,,,,,,,,,,,,,yahoo
ULTRACEMCO,2026-08-27,11715.0000,11780.0000,11700.0000,11713.0000,7688.0000,11723.3965,11814.0000,11675.0000,11717.0000,11717.0000,20.0000,25.0000,,,,,,,,,,,,,,,yahoo
UNIONBANK,2026-08-27,188.9900,189.5200,186.8700,187.1000,573340.0000,187.3783,187.7000,184.2900,185.3500,184.5000,,,,,,,,,45.0000,70.0000,215.0000,245.0000,300.0000,,,,yahoo
UNITDSPR,2026-08-27,1531.0000,1531.0000,1518.2000,1525.0000,16439.0000,1524.3748,1531.7000,1507.7000,1522.0000,1522.0000,,,,,,,,,10.0000,15.0000,30.0000,,,,,,yahoo
VBL,2026-08-27,423.1000,424.4500,415.9500,420.9000,1530207.0000,422.1089,424.4500,418.2500,420.0000,420.0000,60.0000,80.0000,,,,,,,15.0000,,,,,,,,yahoo
VEDL,2026-08-27,288.7500,290.7000,284.2000,284.7000,2411148.0000,285.3607,285.2500,279.2000,280.5000,281.0000,,,,,,,,,10.0000,35.0000,70.0000,135.0000,165.0000,,,,yahoo
WIPRO,2026-08-27,177.3500,178.7000,177.1500,177.4400,492227.0000,177.4910,177.8500,176.5300,177.5000,177.4000,,,,,,,,,65.0000,,,,,,,,yahoo
ZYDUSLIFE,2026-08-27,1160.9000,1166.0000,1146.8000,1147.3000,115363.0000,1152.7798,1193.3000,1142.1000,1188.7000,1189.2000,40.0000,45.0000,45.0000,50.0000,100.0000,110.0000,110.0000,125.0000,,,,,,,,,yahoo
ABB,2026-08-28,7500.5000,7529.0000,7474.0000,7483.0000,11349.0000,7488.6951,7520.0000,7441.5000,7455.0000,7509.0000,,,,,,,,,15.0000,,,,,,,,yahoo
ADANIENSOL,2026-08-28,1609.8000,1609.8000,1582.9000,1583.9000,260051.0000,1588.8164,1589.5000,1567.9000,1581.0000,1581.4000,,,,,,,,,135.0000,140.0000,185.0000,,,,,,yahoo
ADANIENT,2026-08-28,3162.1001,3172.8999,3133.3000,3151.8000,97610.0000,3153.4270,3163.8999,3136.3000,3160.3999,3168.5000,,,,,,,,,,,,,,,,,yahoo
ADANIGREEN,2026-08-28,1316.7000,1320.0000,1306.9000,1308.4000,113545.0000,1310.0310,1315.9000,1303.4000,1309.0000,1311.0000,70.0000,,,,,,,,,,,,,,,,yahoo
ADANIPORTS,2026-08-28,1712.9000,1723.2000,1703.4000,1706.5000,806954.0000,1712.0694,1714.7000,1700.1000,1706.0000,1707.5000,,,,,,,,,,,,,,,,,yahoo
ADANIPOWER,2026-08-28,216.2000,216.2900,211.5700,212.1500,2453924.0000,212.6726,213.1000,211.0400,212.1100,212.6300,,,,,,,,,165.0000,,,,,,,,yahoo
AMBUJACEM,2026-08-28,410.6500,412.9000,410.1000,411.8000,181132.0000,411.7886,413.5000,410.3500,412.0500,412.0500,,,,,,,,,,,,,,,,,yahoo
APOLLOHOSP,2026-08-28,8847.0000,8864.5000,8826.0000,8853.5000,12144.0000,8846.6370,8905.0000,8838.5000,8838.5000,8838.5000,75.0000,,,,,,,,,,,,,,,,yahoo
ASIANPAINT,2026-08-28,2634.1001,2637.8000,2628.5000,2634.2000,41205.0000,2633.8427,2636.8999,2586.0000,2592.0000,2608.7000,,,,,,,,,40.0000,50.0000,85.0000,110.0000,125.0000,,,,yahoo
AXISBANK,2026-08-28,1255.9000,1255.9000,1248.7000,1253.6000,167253.0000,1251.0230,1265.4000,1252.1000,1261.4000,1265.0000,40.0000,60.0000,,,,,,,,,,,,,,,yahoo
BAJAJ-AUTO,2026-08-28,11811.0000,11904.0000,11771.0000,11890.0000,29241.0000,11834.4292,11974.0000,11890.0000,11910.0000,11910.0000,15.0000,,,,,,,,,,,,,,,,yahoo
BAJAJFINSV,2026-08-28,2007.3000,2007.3000,1982.4000,2001.0000,47740.0000,1991.8684,2004.1000,1984.9000,1992.6000,2002.0000,,,,,,,,,115.0000,195.0000,,,,,,,yahoo
BAJAJHLDNG,2026-08-28,11406.0000,11406.0000,11300.0000,11365.0000,1896.0000,11335.6203,11429.0000,11250.0000,11340.0000,11340.0000,115.0000,,,,,,,,320.0000,320.0000,325.0000,,,,,,yahoo
BAJFINANCE,2026-08-28,1072.0000,1081.0000,1066.1000,1080.5000,770699.0000,1072.9491,1081.5000,1072.9000,1079.9000,1079.9000,,,,,,,,,135.0000,,,,,,,,yahoo
BANKBARODA,2026-08-28,241.4400,241.4400,240.0200,240.5100,337029.0000,240.6097,241.1800,239.5200,241.1300,241.9000,,,,,,,,,,,,,,,,,yahoo
BEL,2026-08-28,410.2500,410.9500,407.6000,409.3500,570477.0000,408.3992,411.2000,407.3000,410.0500,411.9000,,,,,,,,,195.0000,,,,,,,,yahoo
BHARTIARTL,2026-08-28,1884.0000,1893.7000,1877.7000,1887.7000,888308.0000,1887.7702,1887.9000,1867.6000,1881.4000,1882.4000,,,,,,,,,60.0000,110.0000,145.0000,,,,,,yahoo
BOSCHLTD,2026-08-28,48780.0000,48920.0000,48700.0000,48830.0000,1041.0000,48792.1182,48850.0000,48060.0000,48600.0000,48640.0000,,,,,,,,,35.0000,50.0000,115.0000,120.0000,120.0000,,,,yahoo
BPCL,2026-08-28,317.5500,317.9000,316.5000,316.8500,158883.0000,317.2320,319.9000,316.1000,318.5000,319.2500,170.0000,185.0000,,,,,,,,,,,,,,,yahoo
BRITANNIA,2026-08-28,5298.0000,5337.5000,5295.0000,5321.5000,4815.0000,5324.7460,5355.0000,5277.0000,5301.0000,5308.5000,15.0000,,,,,,,,110.0000,175.0000,,,,,,,yahoo
CANBK,2026-08-28,128.1600,128.9600,127.4000,127.7700,1580744.0000,128.0250,128.1500,127.2900,128.0000,128.3500,,,,,,,,,,,,,,,,,yahoo
CGPOWER,2026-08-28,895.0000,895.0000,882.5500,885.6000,275756.0000,885.8566,892.5000,878.2500,888.0000,889.0000,220.0000,235.0000,,,,,,,15.0000,25.0000,,,,,,,yahoo
CHOLAFIN,2026-08-28,1877.9000,1877.9000,1861.0000,1873.2000,95705.0000,1868.8710,1876.3000,1847.4000,1850.0000,1862.9000,,,,,,,,,95.0000,105.0000,125.0000,210.0000,,,,,yahoo
CIPLA,2026-08-28,1420.6000,1422.9000,1415.4000,1416.7000,22045.0000,1417.9584,1423.5000,1409.5000,1423.5000,1423.5000,,,,,,,,,140.0000,,,,,,,,yahoo
COALINDIA,2026-08-28,400.7500,401.6000,399.3000,400.1500,334832.0000,400.3280,406.3500,397.5500,400.7000,401.0000,25.0000,30.0000,105.0000,120.0000,125.0000,,,,115.0000,,,,,,,,yahoo
CUMMINSIND,2026-08-28,5214.0000,5214.0000,5129.0000,5145.5000,32753.0000,5138.5476,5193.0000,5126.0000,5193.0000,5193.0000,245.0000,330.0000,,,,,,,,,,,,,,,yahoo
DIVISLAB,2026-08-28,9085.0000,9187.0000,9085.0000,9177.0000,81031.0000,9147.0074,9270.0000,9143.0000,9239.0000,9239.0000,70.0000,80.0000,95.0000,,,,,,,,,,,,,,yahoo
DLF,2026-08-28,679.5500,681.9000,674.6500,681.2000,96083.0000,678.7311,682.8000,673.0000,679.8000,679.8000,,,,,,,,,105.0000,110.0000,135.0000,,,,,,yahoo
DMART,2026-08-28,3850.0000,3850.0000,3823.8000,3839.5000,18076.0000,3830.3879,3850.0000,3822.3000,3830.6001,3830.6001,,,,,,,,,,,,,,,,,yahoo
DRREDDY,2026-08-28,1177.7000,1183.9000,1177.4000,1181.9000,33721.0000,1180.4436,1186.0000,1172.9000,1175.9000,1178.0000,,,,,,,,,160.0000,260.0000,,,,,,,yahoo
EICHERMOT,2026-08-28,8099.5000,8131.0000,8071.5000,8118.5000,20175.0000,8098.2708,8116.5000,8003.0000,8044.0000,8059.0000,,,,,,,,,100.0000,105.0000,110.0000,120.0000,,,,,yahoo
ENRIN,2026-08-28,3262.2000,3285.0000,3245.0000,3264.0000,38735.0000,3261.9812,3271.8999,3227.2000,3244.2000,3242.6001,,,,,,,,,20.0000,140.0000,155.0000,,,,,,yahoo
ETERNAL,2026-08-28,327.8500,329.8500,324.4000,326.2000,3055780.0000,325.7708,329.9000,325.7000,327.9000,328.0000,175.0000,180.0000,220.0000,,,,,,,,,,,,,,yahoo
GAIL,2026-08-28,172.0200,172.0200,171.3400,171.6800,480685.0000,171.7751,171.8300,170.1600,170.9000,171.1000,,,,,,,,,135.0000,320.0000,,,,,,,yahoo
GODREJCP,2026-08-28,920.5000,920.5000,913.2000,916.6000,43425.0000,915.6610,921.0000,911.6000,915.8000,915.0000,,,,,,,,,180.0000,,,,,,,,yahoo
GRASIM,2026-08-28,3264.7000,3264.7000,3241.5000,3245.0000,57040.0000,3246.7972,3292.5000,3229.0000,3283.2000,3290.0000,205.0000,205.0000,215.0000,325.0000,,,,,,,,,,,,,yahoo
HAL,2026-08-28,4885.0000,4885.0000,4860.1001,4866.5000,30280.0000,4867.7102,4874.3999,4816.2002,4833.6001,4861.1001,,,,,,,,,175.0000,195.0000,255.0000,,,,,,yahoo
HCLTECH,2026-08-28,1299.8000,1323.2000,1297.7000,1322.8000,512902.0000,1315.1181,1334.1000,1305.1000,1315.9000,1316.1000,30.0000,40.0000,,,,,,,135.0000,250.0000,265.0000,280.0000,,,,,yahoo
HDFCAMC,2026-08-28,2573.8000,2580.0000,2564.6001,2573.5000,33930.0000,2573.0020,2589.1001,2539.0000,2569.0000,2569.0000,10.0000,,,,,,,,85.0000,190.0000,315.0000,320.0000,,,,,yahoo
HDFCBANK,2026-08-28,709.1000,715.2500,709.1000,714.1000,1604630.0000,713.7306,719.8000,712.2000,719.4500,720.3000,270.0000,330.0000,,,,,,,,,,,,,,,yahoo
HDFCLIFE,2026-08-28,549.4000,549.4000,545.8000,549.3000,92520.0000,547.6571,550.9500,543.9500,548.0000,548.0000,,,,,,,,,165.0000,320.0000,,,,,,,yahoo
HINDALCO,2026-08-28,1029.2000,1032.4500,1027.6500,1031.7500,182009.0000,1030.3937,1034.9000,1025.9500,1034.5500,1037.4000,,,,,,,,,135.0000,,,,,,,,yahoo
HINDUNILVR,2026-08-28,2004.1000,2007.0000,2000.4000,2006.7000,69972.0000,2003.4696,2010.9000,1997.8000,2004.0000,2010.4000,,,,,,,,,,,,,,,,,yahoo
HINDZINC,2026-08-28,612.9500,615.4000,609.2500,613.2500,449425.0000,612.2771,624.2500,608.2500,620.9000,622.0000,170.0000,170.0000,190.0000,205.0000,210.0000,,,,105.0000,110.0000,,,,,,,yahoo
HYUNDAI,2026-08-28,2246.8000,2271.8999,2246.8000,2261.8999,63373.0000,2263.4084,2279.0000,2251.0000,2269.1001,2267.0000,35.0000,80.0000,,,,,,,,,,,,,,,yahoo
ICICIBANK,2026-08-28,1435.0000,1438.7000,1429.4000,1435.1000,591042.0000,1435.7091,1435.7000,1418.9000,1425.4000,1422.8000,,,,,,,,,110.0000,115.0000,225.0000,,,,,,yahoo
INDHOTEL,2026-08-28,713.0000,713.8000,708.2000,712.9000,256960.0000,711.0576,713.8500,703.5500,707.8500,706.4000,,,,,,,,,35.0000,45.0000,55.0000,60.0000,,,,,yahoo
INDIGO,2026-08-28,5192.5000,5195.0000,5167.5000,5180.0000,13908.0000,5179.8513,5182.5000,5138.0000,5180.0000,5166.0000,,,,,,,,,105.0000,140.0000,,,,,,,yahoo
INFY,2026-08-28,1128.0000,1142.0000,1125.6000,1139.6000,1460165.0000,1138.6776,1144.9000,1134.8000,1144.0000,1144.0000,,,,,,,,,,,,,,,,,yahoo
IOC,2026-08-28,137.0100,137.0800,136.2800,136.6500,453094.0000,136.7466,137.1000,136.2500,137.1000,137.1000,,,,,,,,,,,,,,,,,yahoo
IRFC,2026-08-28,84.7100,84.9500,84.2700,84.8000,869383.0000,84.6326,84.9900,83.7200,83.8700,83.9000,,,,,,,,,135.0000,165.0000,245.0000,325.0000,,,,,yahoo
ITC,2026-08-28,267.9500,268.4000,267.5000,268.3000,557011.0000,268.1752,268.5000,264.8500,265.5000,266.0000,,,,,,,,,115.0000,150.0000,215.0000,265.0000,,,,,yahoo
JINDALSTEL,2026-08-28,1178.5000,1191.9000,1178.5000,1188.3000,96163.0000,1187.3505,1189.8000,1170.1000,1179.2000,1179.2000,,,,,,,,,60.0000,85.0000,105.0000,150.0000,325.0000,,,,yahoo
JIOFIN,2026-08-28,238.8500,238.9000,237.9000,238.7500,837824.0000,238.3325,239.6500,237.6000,238.4000,238.4000,,,,,,,,,,,,,,,,,yahoo
JSWSTEEL,2026-08-28,1333.5000,1343.5000,1332.1000,1332.8000,103003.0000,1337.4935,1333.0000,1321.4000,1326.6000,1334.9000,,,,,,,,,135.0000,200.0000,,,,,,,yahoo
KOTAKBANK,2026-08-28,423.1000,426.0000,421.1000,424.2000,1812734.0000,423.2445,426.0500,422.8000,423.6000,423.7000,,,,,,,,,,,,,,,,,yahoo
LODHA,2026-08-28,1260.0000,1268.5000,1250.1000,1267.6000,113978.0000,1262.9282,1274.0000,1252.2000,1254.0000,1274.0000,80.0000,,,,,,,,115.0000,130.0000,135.0000,,,,,,yahoo
LT,2026-08-28,4044.8999,4060.0000,4041.5000,4048.3000,50055.0000,4050.5937,4053.1001,4022.8999,4034.5000,4045.8000,,,,,,,,,200.0000,,,,,,,,yahoo
LTM,2026-08-28,4506.8999,4648.2002,4506.8999,4638.7002,197240.0000,4626.2511,4699.3999,4610.1001,4685.0000,4675.0000,25.0000,40.0000,50.0000,50.0000,,,,,115.0000,,,,,,,,yahoo
M&M,2026-08-28,3340.0000,3347.5000,3309.3000,3346.8000,224014.0000,3322.5579,3351.3999,3302.3999,3328.3000,3334.0000,,,,,,,,,95.0000,105.0000,115.0000,195.0000,,,,,yahoo
MARUTI,2026-08-28,13490.0000,13492.0000,13401.0000,13484.0000,31348.0000,13443.0937,13516.0000,13318.0000,13370.0000,13376.0000,,,,,,,,,115.0000,120.0000,195.0000,,,,,,yahoo
MAXHEALTH,2026-08-28,1005.3000,1011.6000,1003.7000,1006.3000,81447.0000,1006.3797,1017.5000,1001.8000,1012.0000,1014.1000,70.0000,70.0000,90.0000,,,,,,,,,,,,,,yahoo
MAZDOCK,2026-08-28,2583.0000,2588.5000,2564.3000,2564.3000,59799.0000,2574.8280,2574.3000,2545.0000,2555.0000,2555.0000,,,,,,,,,190.0000,325.0000,,,,,,,yahoo
MOTHERSON,2026-08-28,166.6000,167.0900,165.5300,166.8100,541397.0000,166.3720,167.0000,164.6800,165.4500,165.6000,,,,,,,,,95.0000,100.0000,195.0000,320.0000,,,,,yahoo
MUTHOOTFIN,2026-08-28,3091.1001,3101.8000,3063.7000,3095.5000,70784.0000,3092.8632,3107.0000,3086.0000,3091.0000,3091.0000,,,,,,,,,,,,,,,,,yahoo
NESTLEIND,2026-08-28,1450.2000,1451.5000,1446.0000,1450.1000,26359.0000,1449.2114,1454.6000,1439.2000,1454.6000,1454.6000,,,,,,,,,100.0000,195.0000,,,,,,,yahoo
NTPC,2026-08-28,330.1000,330.4500,328.8000,329.3000,298827.0000,329.2061,332.9500,329.2000,330.0000,330.0500,35.0000,235.0000,275.0000,,,,,,,,,,,,,,yahoo
ONGC,2026-08-28,232.8900,233.0100,231.5600,232.0000,480953.0000,232.2220,233.3500,231.2900,232.2500,232.2500,30.0000,,,,,,,,,,,,,,,,yahoo
PFC,2026-08-28,355.3000,355.3000,353.2500,353.5000,307034.0000,353.6414,353.9000,350.2000,351.2500,352.0000,,,,,,,,,130.0000,150.0000,,,,,,,yahoo
PIDILITIND,2026-08-28,1658.0000,1658.0000,1645.6000,1647.0000,15218.0000,1647.6843,1648.2000,1618.5000,1622.0000,1629.5000,,,,,,,,,50.0000,55.0000,70.0000,135.0000,315.0000,,,,yahoo
PNB,2026-08-28,114.9000,115.5400,114.5000,115.2100,801820.0000,115.2043,115.6500,114.6200,115.3500,115.4000,,,,,,,,,15.0000,,,,,,,,yahoo
POWERGRID,2026-08-28,265.8500,267.3000,265.1000,267.1000,425159.0000,266.7783,267.3000,265.3000,266.1000,266.0500,,,,,,,,,180.0000,,,,,,,,yahoo
RECLTD,2026-08-28,321.4000,321.4000,319.2500,319.9500,177364.0000,319.6536,320.7000,316.0000,316.5500,316.8000,,,,,,,,,135.0000,190.0000,245.0000,,,,,,yahoo
RELIANCE,2026-08-28,1285.4000,1291.5000,1285.4000,1287.7000,554411.0000,1287.4131,1290.8000,1280.0000,1283.9000,1287.0000,,,,,,,,,135.0000,,,,,,,,yahoo
SBILIFE,2026-08-28,1772.5000,1774.0000,1758.6000,1768.6000,85633.0000,1763.3792,1769.5000,1748.0000,1750.0000,1761.1000,,,,,,,,,105.0000,110.0000,135.0000,,,,,,yahoo
SBIN,2026-08-28,1047.4000,1047.4000,1040.8000,1042.8000,482449.0000,1043.3687,1051.2000,1042.7000,1047.5000,1047.5000,10.0000,35.0000,,,,,,,,,,,,,,,yahoo
SHREECEM,2026-08-28,24480.0000,24480.0000,24180.0000,24190.0000,1506.0000,24273.7395,24220.0000,23935.0000,23995.0000,24000.0000,,,,,,,,,110.0000,110.0000,130.0000,,,,,,yahoo
SHRIRAMFIN,2026-08-28,1102.6000,1102.6000,1091.1000,1096.2000,200029.0000,1093.5946,1098.0000,1083.6000,1086.9000,1086.9000,,,,,,,,,100.0000,115.0000,290.0000,,,,,,yahoo
SIEMENS,2026-08-28,4074.0000,4112.0000,4074.0000,4101.7002,29186.0000,4096.7038,4102.3999,4063.3000,4080.0000,4089.0000,,,,,,,,,5.0000,10.0000,,,,,,,yahoo
SOLARINDS,2026-08-28,20564.0000,20666.0000,20410.0000,20639.0000,28608.0000,20598.5242,20641.0000,20249.0000,20340.0000,20400.0000,,,,,,,,,15.0000,20.0000,20.0000,115.0000,185.0000,,,,yahoo
SUNPHARMA,2026-08-28,1922.0000,1922.0000,1904.3000,1911.0000,69261.0000,1911.6823,1931.0000,1906.0000,1920.1000,1920.0000,195.0000,220.0000,330.0000,,,,,,,,,,,,,,yahoo
TATACAP,2026-08-28,376.3000,376.9000,373.0500,376.5500,72616.0000,375.4085,377.5500,374.0000,375.9000,375.7000,,,,,,,,,265.0000,,,,,,,,yahoo
TATACONSUM,2026-08-28,1042.5000,1042.5000,1036.6000,1038.5000,44491.0000,1039.2816,1039.5000,1030.5000,1039.2000,1040.7000,,,,,,,,,125.0000,160.0000,,,,,,,yahoo
TATAPOWER,2026-08-28,351.9500,351.9500,349.2500,351.0000,436657.0000,350.2695,352.9000,350.2500,351.9000,351.8500,85.0000,,,,,,,,,,,,,,,,yahoo
TATASTEEL,2026-08-28,187.5300,188.6800,187.5200,187.8100,2810390.0000,188.1280,187.9900,184.2200,186.0500,186.5000,,,,,,,,,50.0000,60.0000,70.0000,100.0000,105.0000,,,,yahoo
TCS,2026-08-28,2272.1001,2335.0000,2272.1001,2330.8000,931181.0000,2320.3073,2348.3000,2321.0000,2342.0000,2342.0000,205.0000,210.0000,,,,,,,,,,,,,,,yahoo
TECHM,2026-08-28,1601.0000,1637.9000,1601.0000,1632.0000,396242.0000,1631.7883,1642.0000,1622.5000,1640.9000,1640.9000,80.0000,,,,,,,,125.0000,,,,,,,,yahoo
TITAN,2026-08-28,5154.2998,5164.0000,5138.3999,5148.1001,30403.0000,5145.9769,5169.8999,5136.0000,5149.2002,5169.2002,,,,,,,,,,,,,,,,,yahoo
TMCV,2026-08-28,473.8500,474.5500,470.1500,470.4000,548297.0000,472.0320,470.6500,462.6500,466.9000,467.1000,,,,,,,,,45.0000,50.0000,50.0000,55.0000,70.0000,,,,yahoo
TMPV,2026-08-28,316.6000,316.6000,314.8500,315.6500,390823.0000,315.2923,318.5500,313.4000,318.2000,319.4000,240.0000,305.0000,,,,,,,110.0000,,,,,,,,yahoo
TORNTPHARM,2026-08-28,4998.5000,5006.0000,4967.0000,4977.5000,31388.0000,4980.4243,5036.0000,4976.0000,5027.0000,5050.0000,30.0000,80.0000,300.0000,,,,,,,,,,,,,,yahoo
TRENT,2026-08-28,2880.2000,2894.0000,2876.2000,2890.3000,31076.0000,2887.3058,2911.2000,2881.7000,2898.0000,2898.0000,70.0000,,,,,,,,,,,,,,,,yahoo
TVSMOTOR,2026-08-28,4409.7998,4424.3999,4381.2998,4411.1001,73821.0000,4402.3187,4411.0000,4162.5000,4294.0000,4304.2002,,,,,,,,,20.0000,80.0000,80.0000,80.0000,95.0000,95.0000,105.0000,105.0000,yahoo
ULTRACEMCO,2026-08-28,11660.0000,11671.0000,11572.0000,11574.0000,8515.0000,11617.6368,11602.0000,11528.0000,11589.0000,11589.0000,,,,,,,,,,,,,,,,,yahoo
UNIONBANK,2026-08-28,184.7600,186.3000,184.3800,185.5500,420967.0000,185.4697,186.0600,184.5500,185.1000,186.0000,,,,,,,,,150.0000,,,,,,,,yahoo
UNITDSPR,2026-08-28,1536.4000,1536.4000,1522.8000,1524.7000,19444.0000,1527.3793,1525.0000,1498.0000,1510.0000,1510.0000,,,,,,,,,45.0000,60.0000,170.0000,230.0000,260.0000,,,,yahoo
VBL,2026-08-28,418.6500,420.8000,417.0500,420.5500,526035.0000,418.6536,420.5000,412.6000,413.4000,414.0000,,,,,,,,,60.0000,110.0000,160.0000,185.0000,190.0000,,,,yahoo
VEDL,2026-08-28,283.8000,287.9500,283.8000,287.1500,2846620.0000,286.5726,289.5000,285.2000,287.2000,287.9500,65.0000,65.0000,,,,,,,120.0000,,,,,,,,yahoo
WIPRO,2026-08-28,178.3700,180.2000,178.3700,180.0000,2209599.0000,179.7154,181.7700,179.4100,181.3000,180.9500,165.0000,210.0000,,,,,,,,,,,,,,,yahoo
ZYDUSLIFE,2026-08-28,1186.6000,1198.0000,1183.6000,1185.0000,106371.0000,1189.2245,1191.0000,1170.7000,1191.0000,1191.0000,330.0000,,,,,,,,105.0000,215.0000,250.0000,,,,,,yahoo
ABB,2026-08-31,7460.0000,7493.0000,7362.0000,7362.0000,14335.0000,7437.2924,7638.5000,7306.0000,7638.5000,7638.5000,130.0000,290.0000,305.0000,330.0000,330.0000,330.0000,330.0000,330.0000,35.0000,35.0000,,,,,,,yahoo
ADANIENSOL,2026-08-31,1582.9000,1588.6000,1546.6000,1552.1000,395955.0000,1553.7538,1580.0000,1445.8000,1470.0000,1417.4000,95.0000,105.0000,105.0000,120.0000,120.0000,,,,55.0000,195.0000,195.0000,195.0000,195.0000,310.0000,315.0000,320.0000,yahoo
ADANIENT,2026-08-31,3148.1001,3148.1001,3081.8999,3083.8000,206748.0000,3094.1471,3099.0000,2932.1001,2965.0000,2859.1001,,,,,,,,,15.0000,60.0000,195.0000,195.0000,195.0000,195.0000,195.0000,195.0000,yahoo
ADANIGREEN,2026-08-31,1304.6000,1304.6000,1292.9000,1295.0000,117298.0000,1296.7414,1300.8000,1239.8000,1262.5000,1214.9000,,,,,,,,,195.0000,195.0000,195.0000,195.0000,195.0000,195.0000,320.0000,320.0000,yahoo
ADANIPORTS,2026-08-31,1709.1000,1709.1000,1676.2000,1679.9000,220842.0000,1681.7508,1689.6000,1593.1000,1593.1000,1593.1000,130.0000,,,,,,,,195.0000,195.0000,195.0000,200.0000,310.0000,320.0000,325.0000,330.0000,yahoo
ADANIPOWER,2026-08-31,212.0500,212.3800,209.2200,210.1300,1577176.0000,210.0668,211.3000,202.0000,204.0000,198.0000,135.0000,,,,,,,,30.0000,195.0000,195.0000,195.0000,200.0000,320.0000,320.0000,325.0000,yahoo
AMBUJACEM,2026-08-31,411.3500,411.3500,406.6500,406.8500,163739.0000,407.6365,409.7500,403.3500,405.0000,401.1500,135.0000,,,,,,,,320.0000,325.0000,,,,,,,yahoo
APOLLOHOSP,2026-08-31,8850.0000,8863.0000,8813.5000,8849.0000,20051.0000,8839.5905,8902.0000,8815.0000,8898.5000,8898.5000,50.0000,,,,,,,,,,,,,,,,yahoo
ASIANPAINT,2026-08-31,2586.0000,2586.0000,2563.1001,2570.3999,25065.0000,2570.6709,2583.2000,2566.1001,2574.7000,2653.6001,,,,,,,,,,,,,,,,,yahoo
AXISBANK,2026-08-31,1257.2000,1258.7000,1251.8000,1254.9000,414245.0000,1255.4084,1267.7000,1251.2000,1262.2000,1300.0000,110.0000,135.0000,305.0000,,,,,,,,,,,,,,yahoo
BAJAJ-AUTO,2026-08-31,11904.0000,12039.0000,11904.0000,11963.0000,42438.0000,12004.5726,12020.0000,11947.0000,11997.0000,12130.0000,,,,,,,,,,,,,,,,,yahoo
BAJAJFINSV,2026-08-31,1985.9000,1985.9000,1973.8000,1974.5000,32137.0000,1976.8868,1995.5000,1968.0000,1987.0000,2021.0000,205.0000,305.0000,310.0000,,,,,,,,,,,,,,yahoo
BAJAJHLDNG,2026-08-31,11332.0000,11340.0000,11230.0000,11328.0000,3445.0000,11288.2712,11644.0000,11250.0000,11644.0000,11644.0000,330.0000,330.0000,330.0000,330.0000,330.0000,330.0000,330.0000,,330.0000,,,,,,,,yahoo
BAJFINANCE,2026-08-31,1070.3000,1070.3000,1060.8000,1061.9000,404389.0000,1063.1296,1067.4000,1052.0000,1064.8000,1057.0000,310.0000,,,,,,,,40.0000,50.0000,,,,,,,yahoo
BANKBARODA,2026-08-31,240.9600,240.9600,237.5800,237.7000,957849.0000,238.4327,238.1700,236.3100,237.0000,238.6000,,,,,,,,,70.0000,,,,,,,,yahoo
BEL,2026-08-31,410.7500,410.7500,406.4000,407.5500,746332.0000,407.9972,413.7500,406.3500,412.8000,414.4500,105.0000,135.0000,160.0000,305.0000,330.0000,,,,,,,,,,,,yahoo
BHARTIARTL,2026-08-31,1878.6000,1886.2000,1875.5000,1882.6000,180154.0000,1882.3837,1895.5000,1864.1000,1869.9000,1811.9000,60.0000,,,,,,,,320.0000,320.0000,,,,,,,yahoo
BOSCHLTD,2026-08-31,48600.0000,48610.0000,48400.0000,48420.0000,1085.0000,48525.1767,49020.0000,48360.0000,48640.0000,50000.0000,30.0000,55.0000,60.0000,,,,,,,,,,,,,,yahoo
BPCL,2026-08-31,316.0500,316.0500,311.3500,311.5000,487598.0000,312.3533,315.1000,310.8000,314.2000,324.0500,110.0000,305.0000,310.0000,,,,,,,,,,,,,,yahoo
BRITANNIA,2026-08-31,5290.5000,5290.5000,5249.0000,5249.0000,6798.0000,5259.3710,5282.5000,5222.5000,5249.5000,5250.0000,180.0000,,,,,,,,320.0000,,,,,,,,yahoo
CANBK,2026-08-31,127.5600,127.5600,126.1200,126.6900,1646036.0000,126.9602,127.0400,125.5900,126.2400,126.9000,,,,,,,,,55.0000,80.0000,,,,,,,yahoo
CGPOWER,2026-08-31,884.2000,884.8000,875.2000,876.1500,134268.0000,879.4932,891.4000,875.4000,890.5000,916.0000,100.0000,105.0000,115.0000,120.0000,130.0000,,,,,,,,,,,,yahoo
CHOLAFIN,2026-08-31,1842.7000,1842.7000,1809.6000,1818.1000,72230.0000,1821.5650,1842.4000,1807.5000,1840.1000,1857.4000,120.0000,150.0000,205.0000,215.0000,,,,,55.0000,,,,,,,,yahoo
CIPLA,2026-08-31,1418.1000,1419.9000,1413.2000,1416.6000,38270.0000,1417.4284,1426.0000,1410.6000,1411.0000,1409.2000,55.0000,,,,,,,,,,,,,,,,yahoo
COALINDIA,2026-08-31,401.7000,405.4000,400.4500,403.8000,628215.0000,403.5559,405.5000,399.8000,402.9500,401.7500,,,,,,,,,95.0000,105.0000,,,,,,,yahoo
CUMMINSIND,2026-08-31,5160.0000,5160.0000,5120.0000,5121.0000,28530.0000,5143.1539,5147.5000,5105.5000,5111.0000,5105.0000,135.0000,,,,,,,,,,,,,,,,yahoo
DIVISLAB,2026-08-31,9230.5000,9230.5000,9162.0000,9217.5000,46529.0000,9201.2605,9255.0000,9143.0000,9190.0000,9467.0000,,,,,,,,,110.0000,330.0000,,,,,,,yahoo
DLF,2026-08-31,674.1000,674.1000,666.0000,666.3000,184770.0000,669.3220,673.8000,664.1500,667.5000,691.0500,130.0000,150.0000,305.0000,,,,,,,,,,,,,,yahoo
DMART,2026-08-31,3828.1001,3828.1001,3793.8000,3797.0000,32909.0000,3809.7633,3816.8999,3755.1001,3795.0000,3900.0000,305.0000,,,,,,,,40.0000,95.0000,110.0000,,,,,,yahoo
DRREDDY,2026-08-31,1174.1000,1174.1000,1165.3000,1170.1000,103692.0000,1168.2109,1178.0000,1167.8000,1175.3000,1154.4000,75.0000,,,,,,,,,,,,,,,,yahoo
EICHERMOT,2026-08-31,8000.0000,8000.0000,7962.0000,7962.0000,25441.0000,7979.3599,8012.0000,7942.0000,7975.0000,7953.5000,15.0000,,,,,,,,,,,,,,,,yahoo
ENRIN,2026-08-31,3253.8999,3293.8000,3243.3999,3270.7000,76517.0000,3279.2646,3297.7000,3215.8999,3218.0000,3220.0000,75.0000,115.0000,,,,,,,20.0000,40.0000,265.0000,325.0000,330.0000,,,,yahoo
ETERNAL,2026-08-31,327.7500,332.9500,323.6000,325.1000,6630194.0000,327.8006,329.1000,315.9000,318.1500,328.1000,70.0000,75.0000,130.0000,,,,,,255.0000,255.0000,255.0000,260.0000,260.0000,320.0000,330.0000,,yahoo
GAIL,2026-08-31,172.0700,172.0700,170.4500,171.1600,463597.0000,171.3596,172.9000,171.1100,172.3200,177.5000,105.0000,150.0000,330.0000,,,,,,,,,,,,,,yahoo
GODREJCP,2026-08-31,910.9000,910.9000,905.0000,905.2000,70837.0000,907.2473,909.6000,901.5000,904.0000,901.3000,,,,,,,,,,,,,,,,,yahoo
GRASIM,2026-08-31,3284.8000,3284.8000,3251.5000,3256.6001,48055.0000,3256.1834,3371.0000,3254.8000,3371.0000,3371.0000,80.0000,80.0000,110.0000,120.0000,135.0000,160.0000,330.0000,330.0000,,,,,,,,,yahoo
HAL,2026-08-31,4838.2002,4838.2002,4788.0000,4789.0000,48736.0000,4798.6999,4829.0000,4777.2002,4815.0000,4801.6001,130.0000,170.0000,,,,,,,,,,,,,,,yahoo
HCLTECH,2026-08-31,1320.1000,1320.1000,1297.8000,1303.2000,107874.0000,1305.5678,1322.6000,1301.7000,1312.2000,1312.2000,130.0000,135.0000,200.0000,240.0000,,,,,,,,,,,,,yahoo
HDFCAMC,2026-08-31,2555.0000,2555.0000,2534.6001,2539.3000,51736.0000,2542.8544,2562.3000,2524.8999,2540.0000,2622.1001,130.0000,135.0000,,,,,,,75.0000,,,,,,,,yahoo
HDFCBANK,2026-08-31,725.0000,739.7500,723.8500,733.7500,13224187.0000,735.7444,734.0500,704.2000,709.8000,709.0000,,,,,,,,,30.0000,35.0000,55.0000,70.0000,135.0000,165.0000,235.0000,265.0000,yahoo
HDFCLIFE,2026-08-31,541.0500,545.8000,539.3500,543.2000,93809.0000,543.9164,546.4500,540.6500,543.9500,543.3500,25.0000,,,,,,,,,,,,,,,,yahoo
HINDALCO,2026-08-31,1028.0000,1028.0000,1005.8500,1011.3500,610289.0000,1009.7029,1026.3500,1006.3000,1022.4500,1015.4500,145.0000,230.0000,265.0000,280.0000,,,,,,,,,,,,,yahoo
HINDUNILVR,2026-08-31,2001.0000,2004.5000,1988.6000,1989.4000,92516.0000,1994.1217,2008.0000,1986.2000,2008.0000,1967.4000,160.0000,210.0000,,,,,,,,,,,,,,,yahoo
HINDZINC,2026-08-31,599.4500,602.6500,592.6000,595.6000,1227702.0000,595.0869,600.6500,593.3000,599.0000,598.9500,305.0000,325.0000,,,,,,,,,,,,,,,yahoo
HYUNDAI,2026-08-31,2258.3999,2280.0000,2257.1001,2260.8999,83852.0000,2270.5340,2267.3000,2235.7000,2240.1001,2205.0000,,,,,,,,,220.0000,235.0000,300.0000,,,,,,yahoo
ICICIBANK,2026-08-31,1425.1000,1429.9000,1423.0000,1423.5000,1827854.0000,1426.1822,1450.9000,1419.0000,1445.0000,1454.0000,135.0000,175.0000,195.0000,210.0000,295.0000,,,,,,,,,,,,yahoo
INDHOTEL,2026-08-31,702.8000,707.1000,702.3500,703.2500,117330.0000,704.5456,737.9000,702.8500,737.9000,737.9000,20.0000,110.0000,110.0000,110.0000,120.0000,140.0000,330.0000,330.0000,,,,,,,,,yahoo
INDIGO,2026-08-31,5115.0000,5115.0000,5062.5000,5099.0000,33644.0000,5099.2173,5234.0000,5065.0000,5234.0000,5234.0000,330.0000,330.0000,330.0000,330.0000,330.0000,330.0000,330.0000,,5.0000,,,,,,,,yahoo
INFY,2026-08-31,1142.9000,1143.4000,1111.7000,1114.2000,928978.0000,1116.8218,1130.0000,1113.1000,1123.5000,1133.8000,45.0000,130.0000,305.0000,310.0000,,,,,,,,,,,,,yahoo
IOC,2026-08-31,136.3000,136.3000,135.1700,135.1800,779120.0000,135.4152,135.4700,134.3200,134.9000,135.2000,,,,,,,,,220.0000,,,,,,,,yahoo
IRFC,2026-08-31,83.9000,84.1400,83.1800,83.3900,1391999.0000,83.7138,83.5300,82.9000,83.3000,83.3400,,,,,,,,,260.0000,,,,,,,,yahoo
ITC,2026-08-31,266.2000,266.2000,264.7000,264.7500,710706.0000,265.2950,265.4500,262.9000,264.4000,264.4000,,,,,,,,,325.0000,,,,,,,,yahoo
JINDALSTEL,2026-08-31,1168.0000,1168.0000,1151.2000,1152.7000,39979.0000,1153.8630,1163.6000,1152.6000,1160.0000,1158.7000,25.0000,25.0000,,,,,,,,,,,,,,,yahoo
JIOFIN,2026-08-31,237.9000,237.9000,235.6000,236.3000,1198346.0000,236.4133,238.8500,236.1000,237.9500,241.3500,25.0000,215.0000,225.0000,,,,,,,,,,,,,,yahoo
JSWSTEEL,2026-08-31,1321.9000,1322.5000,1303.7000,1308.6000,120018.0000,1307.0333,1322.0000,1308.0000,1312.0000,1307.7000,135.0000,175.0000,305.0000,,,,,,,,,,,,,,yahoo
KOTAKBANK,2026-08-31,422.3000,424.9000,421.0000,423.4000,658721.0000,423.2084,424.5000,421.0000,423.4000,419.4000,,,,,,,,,205.0000,,,,,,,,yahoo
LODHA,2026-08-31,1259.9000,1259.9000,1223.4000,1224.0000,185379.0000,1237.1280,1240.0000,1221.3000,1239.9000,1198.6000,5.0000,40.0000,305.0000,330.0000,,,,,,,,,,,,,yahoo
LT,2026-08-31,4036.8999,4036.8999,3997.8000,4002.3000,65288.0000,4003.7604,4030.0000,3976.3000,4020.0000,4044.8999,305.0000,,,,,,,,90.0000,,,,,,,,yahoo
LTM,2026-08-31,4686.0000,4686.0000,4546.5000,4548.0000,41862.0000,4581.5230,4566.7002,4515.3999,4527.7998,4540.0000,,,,,,,,,315.0000,,,,,,,,yahoo
M&M,2026-08-31,3310.0000,3328.2000,3304.3000,3315.2000,128429.0000,3315.9697,3365.0000,3309.0000,3353.0000,3282.0000,140.0000,160.0000,165.0000,200.0000,225.0000,,,,,,,,,,,,yahoo
MARUTI,2026-08-31,13372.0000,13390.0000,13325.0000,13357.0000,13828.0000,13366.5068,13477.0000,13271.0000,13439.0000,13547.0000,175.0000,230.0000,,,,,,,105.0000,,,,,,,,yahoo
MAXHEALTH,2026-08-31,1012.4000,1012.4000,1001.7000,1004.0000,108712.0000,1005.0084,1014.4000,1002.7000,1005.0000,1042.1000,35.0000,155.0000,200.0000,,,,,,,,,,,,,,yahoo
MAZDOCK,2026-08-31,2553.8000,2553.8000,2491.1001,2491.1001,89775.0000,2506.1581,2508.3999,2477.1001,2497.8000,2480.0000,180.0000,,,,,,,,80.0000,,,,,,,,yahoo
MOTHERSON,2026-08-31,164.6900,165.4400,164.3900,164.7500,560047.0000,164.9319,166.7800,163.8100,165.1000,170.6800,25.0000,140.0000,155.0000,,,,,,235.0000,,,,,,,,yahoo
MUTHOOTFIN,2026-08-31,3011.0000,3027.1001,2991.1001,2995.0000,114591.0000,3003.6886,3009.8000,2978.1001,2978.1001,2978.1001,,,,,,,,,330.0000,,,,,,,,yahoo
NESTLEIND,2026-08-31,1437.9000,1441.4000,1428.0000,1438.6000,52530.0000,1435.3064,1456.4000,1436.6000,1454.4000,1496.5000,35.0000,60.0000,190.0000,,,,,,,,,,,,,,yahoo
NTPC,2026-08-31,328.8500,329.2500,324.5500,328.5000,2042319.0000,327.2794,329.5500,323.5000,327.9500,327.4000,,,,,,,,,25.0000,80.0000,95.0000,265.0000,270.0000,,,,yahoo
ONGC,2026-08-31,233.7400,234.9500,232.9400,233.3700,916580.0000,233.5876,233.8700,231.7000,233.0600,231.8000,,,,,,,,,200.0000,,,,,,,,yahoo
PFC,2026-08-31,351.5500,352.1500,349.4500,350.4000,552041.0000,351.2906,350.7500,346.3500,347.2500,336.3000,,,,,,,,,55.0000,105.0000,110.0000,,,,,,yahoo
PIDILITIND,2026-08-31,1616.8000,1623.8000,1613.9000,1617.5000,41363.0000,1619.5897,1687.7000,1612.6000,1687.7000,1687.7000,125.0000,130.0000,130.0000,145.0000,170.0000,330.0000,330.0000,330.0000,,,,,,,,,yahoo
PNB,2026-08-31,115.0100,115.0100,113.7400,114.0000,1028113.0000,114.1629,115.3500,113.2000,114.2400,114.2300,175.0000,300.0000,305.0000,,,,,,60.0000,,,,,,,,yahoo
POWERGRID,2026-08-31,265.6500,265.6500,263.2500,264.9500,449867.0000,264.5972,265.7500,263.5500,264.9500,263.5500,,,,,,,,,95.0000,,,,,,,,yahoo
RECLTD,2026-08-31,316.3500,317.5000,314.6500,316.1500,298693.0000,316.6008,323.3000,311.1000,323.3000,323.3000,330.0000,330.0000,330.0000,330.0000,330.0000,330.0000,,,70.0000,100.0000,100.0000,125.0000,255.0000,,,,yahoo
RELIANCE,2026-08-31,1278.2000,1278.2000,1271.1000,1273.1000,1001284.0000,1273.2619,1297.5000,1272.5000,1294.9000,1277.0000,100.0000,110.0000,135.0000,305.0000,305.0000,,,,,,,,,,,,yahoo
SBILIFE,2026-08-31,1752.0000,1752.0000,1740.0000,1746.5000,22135.0000,1747.6504,1756.9000,1739.0000,1739.0000,1740.5000,180.0000,,,,,,,,,,,,,,,,yahoo
SBIN,2026-08-31,1042.2000,1042.2000,1036.8000,1038.0000,295135.0000,1039.4781,1049.0000,1034.5000,1043.0000,1060.0000,295.0000,300.0000,305.0000,,,,,,,,,,,,,,yahoo
SHREECEM,2026-08-31,23915.0000,23915.0000,23710.0000,23745.0000,1327.0000,23755.0791,23855.0000,23700.0000,23750.0000,23200.0000,,,,,,,,,,,,,,,,,yahoo
SHRIRAMFIN,2026-08-31,1078.6000,1080.9000,1062.6000,1063.1000,374805.0000,1066.9992,1109.9000,1060.2000,1109.9000,1109.9000,35.0000,125.0000,130.0000,135.0000,215.0000,305.0000,330.0000,330.0000,,,,,,,,,yahoo
SIEMENS,2026-08-31,4068.6001,4068.6001,4013.0000,4013.0000,15567.0000,4034.5497,4055.0000,3997.0000,4039.3999,4030.0000,130.0000,145.0000,180.0000,,,,,,,,,,,,,,yahoo
SOLARINDS,2026-08-31,20397.0000,20397.0000,19976.0000,20048.0000,23680.0000,20097.0195,20380.0000,20016.0000,20259.0000,20108.0000,15.0000,65.0000,75.0000,95.0000,135.0000,,,,,,,,,,,,yahoo
SUNPHARMA,2026-08-31,1911.6000,1922.1000,1907.6000,1909.2000,60286.0000,1910.4344,1931.5000,1905.3000,1930.2000,1984.8000,130.0000,135.0000,200.0000,,,,,,,,,,,,,,yahoo
TATACAP,2026-08-31,373.6000,373.6000,368.2500,368.3500,71434.0000,369.5211,371.1000,366.6000,367.9000,368.0000,70.0000,,,,,,,,,,,,,,,,yahoo
TATACONSUM,2026-08-31,1031.4000,1033.8000,1028.6000,1028.6000,43562.0000,1030.5865,1044.5000,1028.0000,1040.2000,1037.5000,135.0000,160.0000,210.0000,225.0000,320.0000,,,,,,,,,,,,yahoo
TATAPOWER,2026-08-31,351.5500,351.5500,349.2500,350.2500,210415.0000,350.1296,350.4500,347.3500,350.0000,347.0000,,,,,,,,,55.0000,90.0000,,,,,,,yahoo
TATASTEEL,2026-08-31,185.6000,185.6000,181.8300,181.9000,3910928.0000,182.3143,184.3500,181.4000,184.3500,184.3500,155.0000,330.0000,330.0000,330.0000,,,,,,,,,,,,,yahoo
TCS,2026-08-31,2341.0000,2343.1001,2308.0000,2309.3999,176605.0000,2316.5142,2399.3000,2306.2000,2399.3000,2399.3000,45.0000,45.0000,310.0000,330.0000,330.0000,330.0000,330.0000,330.0000,,,,,,,,,yahoo
TECHM,2026-08-31,1640.8000,1640.8000,1618.3000,1622.8000,172061.0000,1626.4946,1631.8000,1609.2000,1628.0000,1628.0000,45.0000,,,,,,,,85.0000,105.0000,,,,,,,yahoo
TITAN,2026-08-31,5150.6001,5150.6001,5090.0000,5096.3999,24412.0000,5105.6449,5148.7998,5088.0000,5125.0000,5102.3999,25.0000,305.0000,330.0000,,,,,,,,,,,,,,yahoo
TMCV,2026-08-31,465.5500,470.0000,463.3500,465.3000,939553.0000,467.7303,474.4000,459.8000,469.9000,471.1000,120.0000,120.0000,120.0000,125.0000,125.0000,,,,80.0000,85.0000,85.0000,,,,,,yahoo
TMPV,2026-08-31,317.2000,317.4000,315.1000,315.1500,446746.0000,315.7196,318.8000,314.7000,318.4000,308.8500,165.0000,170.0000,175.0000,,,,,,,,,,,,,,yahoo
TORNTPHARM,2026-08-31,5045.0000,5045.0000,4963.0000,4968.5000,18140.0000,4988.6845,4992.0000,4890.0000,4890.0000,5066.0000,,,,,,,,,85.0000,95.0000,115.0000,330.0000,330.0000,,,,yahoo
TRENT,2026-08-31,2887.8000,2887.8000,2869.0000,2882.6001,38860.0000,2878.9859,2901.2000,2866.0000,2892.0000,2879.8999,155.0000,,,,,,,,95.0000,,,,,,,,yahoo
TVSMOTOR,2026-08-31,4289.0000,4298.0000,4255.2998,4284.8999,66556.0000,4276.6072,4337.0000,4283.2002,4322.0000,4341.2998,10.0000,15.0000,15.0000,,,,,,,,,,,,,,yahoo
ULTRACEMCO,2026-08-31,11503.0000,11512.0000,11452.0000,11469.0000,9658.0000,11471.8655,11520.0000,11426.0000,11450.0000,11450.0000,,,,,,,,,,,,,,,,,yahoo
UNIONBANK,2026-08-31,184.5400,185.2000,182.9700,183.3900,700201.0000,184.1800,183.8100,181.8200,183.6000,188.6300,,,,,,,,,50.0000,75.0000,,,,,,,yahoo
UNITDSPR,2026-08-31,1505.1000,1505.1000,1489.0000,1489.6000,26451.0000,1494.0060,1493.7000,1480.6000,1490.0000,1490.0000,,,,,,,,,285.0000,,,,,,,,yahoo
VBL,2026-08-31,413.3000,413.3000,409.5000,409.5000,657938.0000,411.3856,412.9500,408.0000,408.0000,400.4500,60.0000,170.0000,,,,,,,,,,,,,,,yahoo
VEDL,2026-08-31,282.1500,282.1500,276.6500,279.1000,2355926.0000,277.6670,281.8000,277.5000,278.6500,278.2000,300.0000,305.0000,,,,,,,20.0000,,,,,,,,yahoo
WIPRO,2026-08-31,180.5000,180.5000,177.3600,177.4300,719039.0000,177.7807,181.7900,176.1700,180.1200,184.5000,160.0000,290.0000,305.0000,325.0000,325.0000,330.0000,,,85.0000,,,,,,,,yahoo
ZYDUSLIFE,2026-08-31,1182.0000,1182.0000,1164.8000,1165.0000,71532.0000,1170.9153,1170.9000,1157.1000,1164.0000,1161.3000,50.0000,,,,,,,,110.0000,,,,,,,,yahoo
ABB,2026-09-01,7475.5000,7475.5000,7352.5000,7362.5000,39997.0000,7377.1215,7446.5000,7336.0000,7393.0000,7396.0000,60.0000,65.0000,220.0000,,,,,,,,,,,,,,yahoo
ADANIENSOL,2026-09-01,1436.2000,1443.1000,1401.6000,1403.8000,1407032.0000,1414.3657,1408.4000,1373.4000,1378.5000,1382.0000,,,,,,,,,5.0000,10.0000,95.0000,100.0000,130.0000,135.0000,,,yahoo
ADANIENT,2026-09-01,2915.0000,2942.3999,2894.2000,2921.0000,626109.0000,2923.6009,2931.8999,2846.0000,2860.8999,2863.8999,,,,,,,,,10.0000,40.0000,55.0000,115.0000,130.0000,195.0000,260.0000,,yahoo
ADANIGREEN,2026-09-01,1226.2000,1265.2000,1226.2000,1256.5000,804416.0000,1257.5090,1271.2000,1239.2000,1258.0000,1265.0000,20.0000,25.0000,70.0000,,,,,,10.0000,285.0000,285.0000,285.0000,,,,,yahoo
ADANIPORTS,2026-09-01,1633.2000,1651.8000,1628.3000,1649.5000,691914.0000,1642.3454,1655.4000,1636.8000,1647.5000,1647.5000,,,,,,,,,125.0000,130.0000,,,,,,,yahoo
ADANIPOWER,2026-09-01,203.0600,204.0900,201.9000,202.6300,6721150.0000,202.9046,205.6900,201.4500,203.3000,204.3600,55.0000,55.0000,145.0000,150.0000,150.0000,,,,5.0000,,,,,,,,yahoo
AMBUJACEM,2026-09-01,404.0000,406.8500,403.5000,404.3500,95847.0000,405.5657,407.1500,401.0000,402.2000,402.2000,45.0000,,,,,,,,250.0000,285.0000,,,,,,,yahoo
APOLLOHOSP,2026-09-01,8854.5000,8854.5000,8770.0000,8800.0000,18549.0000,8794.5843,8804.0000,8707.0000,8755.0000,8755.0000,,,,,,,,,240.0000,245.0000,265.0000,,,,,,yahoo
ASIANPAINT,2026-09-01,2617.1001,2624.1001,2585.5000,2590.8999,86757.0000,2591.0662,2596.1001,2552.8000,2568.0000,2575.5000,,,,,,,,,130.0000,210.0000,325.0000,330.0000,,,,,yahoo
AXISBANK,2026-09-01,1267.4000,1271.9000,1264.7000,1265.6000,537725.0000,1267.6587,1275.1000,1255.9000,1258.0000,1258.0000,70.0000,100.0000,,,,,,,275.0000,330.0000,,,,,,,yahoo
BAJAJ-AUTO,2026-09-01,12166.0000,12366.0000,12100.0000,12342.0000,74901.0000,12310.5243,12469.0000,12274.0000,12361.0000,12361.0000,20.0000,25.0000,25.0000,,,,,,280.0000,,,,,,,,yahoo
BAJAJFINSV,2026-09-01,1998.7000,1998.7000,1972.4000,1972.4000,69375.0000,1979.6944,1982.2000,1960.2000,1968.0000,1972.0000,,,,,,,,,35.0000,,,,,,,,yahoo
BAJAJHLDNG,2026-09-01,11480.0000,11480.0000,11342.0000,11375.0000,4348.0000,11378.8470,11395.0000,11282.0000,11310.0000,11310.0000,,,,,,,,,250.0000,265.0000,,,,,,,yahoo
BAJFINANCE,2026-09-01,1064.6000,1064.9000,1052.5000,1053.3000,254149.0000,1053.9516,1061.4000,1047.0000,1048.9000,1053.9000,170.0000,200.0000,,,,,,,285.0000,,,,,,,,yahoo
BANKBARODA,2026-09-01,237.6800,238.5100,237.0300,237.8100,545656.0000,238.0411,240.1600,237.2000,237.7000,237.7000,85.0000,95.0000,,,,,,,,,,,,,,,yahoo
BEL,2026-09-01,412.6000,413.6500,410.6500,410.8000,446642.0000,411.6522,413.7500,409.3500,411.2000,411.2000,110.0000,,,,,,,,,,,,,,,,yahoo
BHARTIARTL,2026-09-01,1852.9000,1866.2000,1851.1000,1860.0000,668000.0000,1856.0105,1872.2000,1856.2000,1868.0000,1877.2000,150.0000,,,,,,,,,,,,,,,,yahoo
BOSCHLTD,2026-09-01,49400.0000,49400.0000,48875.0000,48930.0000,1594.0000,48963.3929,49050.0000,47805.0000,48550.0000,48550.0000,,,,,,,,,55.0000,140.0000,140.0000,145.0000,155.0000,265.0000,,,yahoo
BPCL,2026-09-01,316.8000,319.2500,313.2500,317.5000,406019.0000,317.8586,319.6500,316.4000,318.5000,317.6500,95.0000,,,,,,,,,,,,,,,,yahoo
BRITANNIA,2026-09-01,5245.0000,5254.0000,5215.5000,5215.5000,8114.0000,5228.8422,5225.5000,5146.0000,5187.0000,5187.0000,,,,,,,,,120.0000,165.0000,210.0000,260.0000,,,,,yahoo
CANBK,2026-09-01,126.8800,126.8900,125.9000,126.1400,724236.0000,126.4265,127.0600,125.3600,125.6000,125.6000,90.0000,,,,,,,,265.0000,,,,,,,,yahoo
CGPOWER,2026-09-01,901.9000,901.9000,886.1000,888.0000,265973.0000,890.0283,893.1500,881.6000,885.5000,885.5000,75.0000,,,,,,,,250.0000,,,,,,,,yahoo
CHOLAFIN,2026-09-01,1842.5000,1842.5000,1816.0000,1817.2000,21777.0000,1823.1710,1840.2000,1796.3000,1814.7000,1814.7000,35.0000,85.0000,175.0000,185.0000,,,,,270.0000,285.0000,285.0000,,,,,,yahoo
CIPLA,2026-09-01,1420.9000,1424.3000,1413.8000,1415.3000,72577.0000,1418.0736,1423.0000,1406.5000,1423.0000,1423.0000,330.0000,,,,,,,,175.0000,,,,,,,,yahoo
COALINDIA,2026-09-01,402.4000,407.1000,402.1000,404.6500,690100.0000,405.8430,404.7500,399.4500,401.6000,401.6000,,,,,,,,,80.0000,120.0000,180.0000,270.0000,,,,,yahoo
CUMMINSIND,2026-09-01,5102.5000,5115.0000,5069.5000,5091.5000,21648.0000,5096.7195,5097.0000,5054.5000,5082.0000,5105.0000,,,,,,,,,25.0000,,,,,,,,yahoo
DIVISLAB,2026-09-01,9250.0000,9262.0000,9141.5000,9187.0000,28065.0000,9169.5823,9210.5000,9089.0000,9153.5000,9165.0000,,,,,,,,,120.0000,130.0000,275.0000,,,,,,yahoo
DLF,2026-09-01,673.3500,673.3500,667.6000,670.0000,267800.0000,670.6716,676.0000,666.4000,675.0000,675.1500,95.0000,145.0000,,,,,,,5.0000,,,,,,,,yahoo
DMART,2026-09-01,3842.0000,3842.0000,3796.0000,3796.0000,27771.0000,3805.9843,3809.8000,3766.1001,3805.0000,3824.0000,,,,,,,,,130.0000,185.0000,,,,,,,yahoo
DRREDDY,2026-09-01,1170.0000,1174.4000,1168.9000,1173.4000,52299.0000,1172.0943,1179.7000,1167.8000,1172.0000,1171.0000,175.0000,,,,,,,,,,,,,,,,yahoo
EICHERMOT,2026-09-01,7975.0000,7987.5000,7950.0000,7964.5000,19878.0000,7968.3569,8052.0000,7861.0000,7935.0000,7970.0000,10.0000,25.0000,35.0000,,,,,,155.0000,155.0000,160.0000,275.0000,,,,,yahoo
ENRIN,2026-09-01,3224.8999,3224.8999,3175.5000,3193.1001,38605.0000,3193.7839,3206.8000,3165.0000,3167.8000,3172.5000,,,,,,,,,215.0000,260.0000,,,,,,,yahoo
ETERNAL,2026-09-01,325.2500,328.0000,323.1000,326.2000,2627566.0000,325.2140,329.3500,324.4500,326.1500,327.7500,40.0000,130.0000,,,,,,,270.0000,,,,,,,,yahoo
GAIL,2026-09-01,173.0500,173.7400,172.1900,173.2400,597478.0000,173.3457,174.3700,172.3000,172.6900,172.6900,25.0000,,,,,,,,270.0000,,,,,,,,yahoo
GODREJCP,2026-09-01,903.3500,904.7000,893.0000,893.0000,113933.0000,897.3013,904.0000,891.2000,900.0500,905.0000,45.0000,55.0000,75.0000,,,,,,,,,,,,,,yahoo
GRASIM,2026-09-01,3336.6001,3336.6001,3316.0000,3322.5000,45616.0000,3326.2632,3325.0000,3287.1001,3300.0000,3305.0000,,,,,,,,,80.0000,250.0000,270.0000,,,,,,yahoo
HAL,2026-09-01,4815.0000,4817.5000,4779.0000,4779.0000,29239.0000,4789.0876,4817.7998,4771.7002,4799.0000,4807.6001,60.0000,65.0000,,,,,,,,,,,,,,,yahoo
HCLTECH,2026-09-01,1319.4000,1345.9000,1315.5000,1331.6000,511781.0000,1337.4214,1367.9000,1327.1000,1352.0000,1351.4000,35.0000,60.0000,100.0000,100.0000,115.0000,130.0000,160.0000,,,,,,,,,,yahoo
HDFCAMC,2026-09-01,2576.2000,2576.2000,2533.1001,2534.3999,65084.0000,2552.2574,2556.8000,2526.0000,2538.2000,2544.8999,110.0000,170.0000,,,,,,,,,,,,,,,yahoo
HDFCBANK,2026-09-01,706.9500,708.6000,702.0000,702.3500,5084832.0000,703.9355,715.4000,698.6500,709.5000,711.9000,30.0000,40.0000,50.0000,50.0000,85.0000,,,,5.0000,,,,,,,,yahoo
HDFCLIFE,2026-09-01,542.0000,542.0000,537.6000,539.1500,130963.0000,538.8241,544.2500,538.6000,540.8500,540.3000,40.0000,70.0000,,,,,,,,,,,,,,,yahoo
HINDALCO,2026-09-01,1021.7000,1033.5000,1021.7000,1029.9000,238973.0000,1029.9471,1031.0000,1010.3000,1014.4000,1014.4000,,,,,,,,,25.0000,160.0000,230.0000,245.0000,250.0000,,,,yahoo
HINDUNILVR,2026-09-01,1986.8000,2002.6000,1982.5000,1983.0000,83179.0000,1987.1115,1996.0000,1980.0000,1988.0000,1994.8000,75.0000,,,,,,,,,,,,,,,,yahoo
HINDZINC,2026-09-01,602.4000,608.9500,602.4000,606.6500,555495.0000,606.9954,606.9000,593.0500,595.2000,597.0000,,,,,,,,,5.0000,65.0000,65.0000,80.0000,160.0000,250.0000,,,yahoo
HYUNDAI,2026-09-01,2235.0000,2259.8999,2227.3000,2230.3999,58322.0000,2239.5809,2242.2000,2156.7000,2168.0000,2179.8000,25.0000,,,,,,,,95.0000,95.0000,95.0000,210.0000,210.0000,210.0000,260.0000,265.0000,yahoo
ICICIBANK,2026-09-01,1442.5000,1445.5000,1439.9000,1443.1000,329291.0000,1443.0036,1446.7000,1425.1000,1429.9000,1438.0000,,,,,,,,,175.0000,215.0000,250.0000,,,,,,yahoo
INDHOTEL,2026-09-01,726.9500,726.9500,715.6000,716.0000,92997.0000,717.9804,718.0000,710.9000,718.0000,718.0000,,,,,,,,,100.0000,,,,,,,,yahoo
INDIGO,2026-09-01,5088.5000,5094.5000,5042.5000,5046.5000,100042.0000,5071.0526,5106.5000,5010.0000,5036.0000,5052.0000,15.0000,90.0000,100.0000,,,,,,265.0000,,,,,,,,yahoo
INFY,2026-09-01,1129.6000,1147.5000,1126.3000,1138.2000,970233.0000,1141.1215,1156.0000,1138.0000,1156.0000,1156.0000,55.0000,130.0000,135.0000,175.0000,330.0000,,,,,,,,,,,,yahoo
IOC,2026-09-01,135.7900,137.8700,135.1500,136.6000,1141736.0000,137.2120,137.0300,136.2000,136.5300,136.5300,,,,,,,,,,,,,,,,,yahoo
IRFC,2026-09-01,83.1500,83.7000,83.0100,83.0500,973212.0000,83.3844,83.7400,82.3100,82.4800,82.5000,55.0000,105.0000,,,,,,,265.0000,320.0000,,,,,,,yahoo
ITC,2026-09-01,261.5000,267.2500,261.5000,263.1500,3402059.0000,264.4183,268.1000,261.8500,266.3000,266.6000,55.0000,95.0000,140.0000,140.0000,145.0000,,,,,,,,,,,,yahoo
JINDALSTEL,2026-09-01,1173.8000,1174.9000,1164.8000,1170.8000,96278.0000,1169.9022,1175.0000,1147.8000,1160.0000,1160.0000,,,,,,,,,5.0000,15.0000,235.0000,250.0000,265.0000,,,,yahoo
JIOFIN,2026-09-01,239.2300,239.2300,237.7300,237.8000,840046.0000,238.4290,238.9000,235.0600,235.6000,235.8500,,,,,,,,,240.0000,250.0000,260.0000,,,,,,yahoo
JSWSTEEL,2026-09-01,1315.0000,1325.9000,1311.6000,1323.9000,105582.0000,1321.6967,1326.9000,1308.1000,1314.0000,1313.5000,,,,,,,,,20.0000,250.0000,265.0000,,,,,,yahoo
KOTAKBANK,2026-09-01,421.7000,425.5500,420.9000,421.2000,479868.0000,421.9122,429.1000,421.2500,425.0000,425.0000,85.0000,90.0000,90.0000,95.0000,100.0000,,,,,,,,,,,,yahoo
LODHA,2026-09-01,1224.5000,1229.6000,1187.9000,1188.5000,175671.0000,1200.8669,1209.5000,1180.4000,1193.9000,1193.9000,50.0000,55.0000,65.0000,105.0000,115.0000,,,,5.0000,,,,,,,,yahoo
LT,2026-09-01,4024.0000,4029.3999,4012.0000,4012.0000,49618.0000,4018.1034,4036.3000,3980.1001,3980.1001,3980.1001,110.0000,,,,,,,,250.0000,330.0000,,,,,,,yahoo
LTM,2026-09-01,4540.0000,4576.3999,4514.8999,4539.8999,30691.0000,4554.7719,4648.3999,4525.0000,4620.0000,4625.0000,60.0000,120.0000,120.0000,120.0000,130.0000,165.0000,,,,,,,,,,,yahoo
M&M,2026-09-01,3365.7000,3365.7000,3314.7000,3319.1001,111225.0000,3325.2378,3333.5000,3223.0000,3256.0000,3259.0000,,,,,,,,,55.0000,155.0000,155.0000,200.0000,210.0000,250.0000,265.0000,,yahoo
MARUTI,2026-09-01,13447.0000,13454.0000,13394.0000,13403.0000,21082.0000,13421.1723,13436.0000,12852.0000,12920.0000,12950.0000,,,,,,,,,150.0000,150.0000,155.0000,155.0000,155.0000,155.0000,160.0000,180.0000,yahoo
MAXHEALTH,2026-09-01,1015.3000,1015.3000,1002.8000,1004.2000,170032.0000,1005.2585,1015.9000,1001.4000,1003.0000,1003.0000,50.0000,55.0000,125.0000,,,,,,,,,,,,,,yahoo
MAZDOCK,2026-09-01,2485.7000,2485.7000,2456.3999,2458.0000,47555.0000,2468.2486,2502.1001,2453.3000,2475.8999,2485.0000,45.0000,45.0000,55.0000,65.0000,65.0000,,,,,,,,,,,,yahoo
MOTHERSON,2026-09-01,169.9900,169.9900,166.3100,167.3600,1230375.0000,167.3167,168.2800,163.5000,164.8900,165.6000,20.0000,,,,,,,,150.0000,150.0000,155.0000,240.0000,245.0000,260.0000,,,yahoo
MUTHOOTFIN,2026-09-01,3008.3999,3008.3999,2928.0000,2936.3999,138997.0000,2958.2099,2954.8999,2890.0000,2905.0000,2905.0000,20.0000,,,,,,,,250.0000,255.0000,260.0000,280.0000,320.0000,,,,yahoo
NESTLEIND,2026-09-01,1491.1000,1491.1000,1444.0000,1451.4000,250503.0000,1455.7262,1456.4000,1437.9000,1438.0000,1438.2000,,,,,,,,,225.0000,260.0000,,,,,,,yahoo
NTPC,2026-09-01,327.2000,327.3500,325.5000,325.7000,482837.0000,326.4995,328.2500,325.0500,327.0000,327.5000,130.0000,145.0000,,,,,,,,,,,,,,,yahoo
ONGC,2026-09-01,233.0200,235.0000,232.8500,233.9800,1007240.0000,234.4565,236.5000,233.5000,236.4500,236.4500,95.0000,200.0000,325.0000,,,,,,,,,,,,,,yahoo
PFC,2026-09-01,343.5000,347.7000,343.5000,343.7500,1441064.0000,345.9053,346.6500,343.3000,344.4000,345.8000,55.0000,170.0000,,,,,,,,,,,,,,,yahoo
PIDILITIND,2026-09-01,1666.9000,1668.5000,1641.3000,1643.9000,78024.0000,1644.7660,1649.6000,1639.2000,1642.3000,1643.5000,,,,,,,,,,,,,,,,,yahoo
PNB,2026-09-01,114.1900,115.1000,114.1900,114.6500,757168.0000,114.7883,116.4800,114.5500,115.2200,115.2200,85.0000,90.0000,95.0000,165.0000,170.0000,,,,,,,,,,,,yahoo
POWERGRID,2026-09-01,263.5000,263.5500,261.7500,261.9000,386165.0000,262.6861,264.0500,261.8000,263.2500,264.5500,100.0000,100.0000,,,,,,,,,,,,,,,yahoo
RECLTD,2026-09-01,316.7500,317.6500,313.3500,313.5000,573833.0000,314.8030,316.1500,313.1000,314.4000,314.0500,105.0000,170.0000,,,,,,,,,,,,,,,yahoo
RELIANCE,2026-09-01,1285.0000,1300.7000,1280.0000,1298.5000,3371123.0000,1293.9718,1311.7000,1293.1000,1309.0000,1309.0000,75.0000,115.0000,120.0000,,,,,,,,,,,,,,yahoo
SBILIFE,2026-09-01,1743.7000,1745.0000,1728.6000,1731.9000,19564.0000,1732.4697,1753.4000,1731.1000,1736.1000,1739.3000,40.0000,55.0000,75.0000,,,,,,,,,,,,,,yahoo
SBIN,2026-09-01,1051.3000,1051.3000,1044.2000,1045.5000,357360.0000,1046.2830,1046.3000,1027.7000,1029.9000,1034.5000,,,,,,,,,165.0000,215.0000,215.0000,240.0000,265.0000,,,,yahoo
SHREECEM,2026-09-01,23650.0000,23775.0000,23540.0000,23565.0000,2811.0000,23617.1843,23655.0000,23385.0000,23480.0000,23490.0000,,,,,,,,,250.0000,325.0000,,,,,,,yahoo
SHRIRAMFIN,2026-09-01,1098.0000,1098.0000,1068.3000,1068.5000,445670.0000,1073.6951,1073.2000,1051.5000,1053.8000,1059.1000,,,,,,,,,210.0000,235.0000,240.0000,250.0000,265.0000,,,,yahoo
SIEMENS,2026-09-01,4029.8999,4029.8999,3978.3999,4015.6001,21679.0000,4011.4489,4091.3999,4006.1001,4030.0000,4030.0000,70.0000,110.0000,165.0000,200.0000,200.0000,,,,,,,,,,,,yahoo
SOLARINDS,2026-09-01,20155.0000,20165.0000,19975.0000,20020.0000,6745.0000,20018.8396,20260.0000,19935.0000,20030.0000,20060.0000,70.0000,80.0000,130.0000,,,,,,,,,,,,,,yahoo
SUNPHARMA,2026-09-01,1955.4000,1956.0000,1934.2000,1941.0000,289187.0000,1941.5903,1946.7000,1921.5000,1927.0000,1929.0000,,,,,,,,,45.0000,215.0000,250.0000,,,,,,yahoo
TATACAP,2026-09-01,368.0000,368.0000,365.0000,365.0000,48998.0000,366.0974,369.4500,363.5500,367.9000,366.1000,60.0000,90.0000,235.0000,,,,,,,,,,,,,,yahoo
TATACONSUM,2026-09-01,1037.6000,1037.6000,1028.8000,1029.5000,37346.0000,1030.2728,1038.4000,1026.2000,1027.9000,1030.5000,75.0000,105.0000,,,,,,,,,,,,,,,yahoo
TATAPOWER,2026-09-01,349.2000,349.3500,347.8000,348.1000,240841.0000,348.4982,351.8500,347.5000,350.5500,350.5500,60.0000,70.0000,90.0000,,,,,,,,,,,,,,yahoo
TATASTEEL,2026-09-01,183.1600,184.1400,182.1500,183.7500,2229306.0000,183.3761,188.5000,182.5500,184.0700,184.0700,90.0000,90.0000,90.0000,90.0000,90.0000,90.0000,95.0000,,20.0000,,,,,,,,yahoo
TCS,2026-09-01,2348.8000,2362.8999,2325.7000,2344.3000,425812.0000,2349.3689,2371.2000,2336.8000,2355.7000,2369.0000,130.0000,135.0000,230.0000,,,,,,,,,,,,,,yahoo
TECHM,2026-09-01,1634.1000,1641.7000,1614.5000,1628.3000,120023.0000,1632.6774,1649.0000,1622.0000,1638.0000,1638.0000,75.0000,135.0000,140.0000,140.0000,,,,,,,,,,,,,yahoo
TITAN,2026-09-01,5103.5000,5122.0000,5018.0000,5022.0000,72361.0000,5055.4622,5076.0000,5013.0000,5030.5000,5050.0000,10.0000,70.0000,75.0000,,,,,,,,,,,,,,yahoo
TMCV,2026-09-01,472.0000,477.1000,463.2000,463.8000,726196.0000,466.1445,465.7000,457.2500,464.4500,463.5000,,,,,,,,,105.0000,145.0000,155.0000,160.0000,,,,,yahoo
TMPV,2026-09-01,316.0000,317.2000,313.6500,313.8500,690660.0000,314.8091,315.3500,309.3000,310.0000,310.0000,,,,,,,,,210.0000,210.0000,215.0000,300.0000,,,,,yahoo
TORNTPHARM,2026-09-01,4945.0000,4977.0000,4923.0000,4932.0000,19242.0000,4933.6825,4977.0000,4920.0000,4976.5000,4965.5000,60.0000,115.0000,,,,,,,,,,,,,,,yahoo
TRENT,2026-09-01,2881.8000,2902.2000,2875.0000,2875.3999,33966.0000,2882.2491,2892.0000,2856.3000,2858.2000,2855.0000,230.0000,,,,,,,,300.0000,,,,,,,,yahoo
TVSMOTOR,2026-09-01,4330.0000,4370.0000,4323.2002,4360.7002,73845.0000,4357.0741,4409.0000,4125.5000,4200.0000,4203.0000,20.0000,25.0000,25.0000,,,,,,210.0000,210.0000,210.0000,210.0000,210.0000,215.0000,215.0000,220.0000,yahoo
ULTRACEMCO,2026-09-01,11500.0000,11548.0000,11486.0000,11493.0000,9513.0000,11501.6002,11530.0000,11391.0000,11400.0000,11400.0000,,,,,,,,,250.0000,255.0000,,,,,,,yahoo
UNIONBANK,2026-09-01,185.0000,185.4600,183.8000,185.2200,529722.0000,185.1633,186.3100,183.3000,184.3200,184.9000,95.0000,,,,,,,,65.0000,255.0000,295.0000,,,,,,yahoo
UNITDSPR,2026-09-01,1490.1000,1492.9000,1474.0000,1474.0000,28837.0000,1479.8516,1489.0000,1464.8000,1467.9000,1470.0000,40.0000,50.0000,80.0000,,,,,,330.0000,,,,,,,,yahoo
VBL,2026-09-01,404.4000,411.0000,404.4000,407.4500,943481.0000,408.6458,410.5000,406.5500,407.8500,405.8500,55.0000,,,,,,,,,,,,,,,,yahoo
VEDL,2026-09-01,280.0000,281.8000,279.1500,279.2000,849216.0000,280.0217,279.3500,272.9500,273.8500,274.0000,,,,,,,,,80.0000,160.0000,240.0000,250.0000,250.0000,280.0000,,,yahoo
WIPRO,2026-09-01,181.0000,181.9000,178.7000,181.1100,1234032.0000,181.1599,182.0100,180.3400,180.8700,181.7000,,,,,,,,,,,,,,,,,yahoo
ZYDUSLIFE,2026-09-01,1158.1000,1164.3000,1154.7000,1158.1000,28243.0000,1157.8282,1183.0000,1152.0000,1163.4000,1167.8000,90.0000,95.0000,95.0000,160.0000,160.0000,165.0000,,,35.0000,,,,,,,,yahoo
ABB,2026-09-02,7332.0000,7336.0000,7280.0000,7288.5000,12207.0000,7291.9750,7392.5000,7261.0000,7380.0000,7447.5000,80.0000,215.0000,225.0000,295.0000,,,,,,,,,,,,,yahoo
ADANIENSOL,2026-09-02,1370.0000,1371.5000,1348.3000,1362.9000,413635.0000,1358.2370,1400.0000,1358.5000,1395.1000,1396.6000,5.0000,15.0000,25.0000,155.0000,155.0000,185.0000,235.0000,,,,,,,,,,yahoo
ADANIENT,2026-09-02,2854.0000,2863.6001,2830.5000,2856.5000,161168.0000,2847.7415,2904.2000,2848.0000,2888.0000,2891.8000,15.0000,20.0000,20.0000,25.0000,185.0000,,,,,,,,,,,,yahoo
ADANIGREEN,2026-09-02,1242.7000,1266.1000,1237.0000,1262.1000,246666.0000,1257.3781,1297.1000,1260.0000,1296.0000,1296.0000,5.0000,5.0000,10.0000,20.0000,20.0000,25.0000,30.0000,,,,,,,,,,yahoo
ADANIPORTS,2026-09-02,1637.1000,1661.1000,1634.1000,1660.1000,270410.0000,1651.9519,1676.5000,1652.1000,1670.4000,1672.7000,25.0000,215.0000,,,,,,,,,,,,,,,yahoo
ADANIPOWER,2026-09-02,202.5900,203.3500,200.2000,202.8500,2200177.0000,202.3355,207.4800,202.6200,206.9000,207.7000,20.0000,20.0000,25.0000,55.0000,60.0000,230.0000,,,,,,,,,,,yahoo
AMBUJACEM,2026-09-02,398.0000,398.0000,395.0500,397.3000,213166.0000,396.1854,402.1000,397.1500,400.8500,402.7000,20.0000,25.0000,225.0000,,,,,,,,,,,,,,yahoo
APOLLOHOSP,2026-09-02,8727.5000,8745.5000,8686.0000,8727.5000,10355.0000,8731.5836,8728.0000,8641.0000,8719.0000,8719.0000,,,,,,,,,35.0000,95.0000,,,,,,,yahoo
ASIANPAINT,2026-09-02,2531.0000,2537.6001,2526.0000,2528.0000,38524.0000,2530.6384,2531.3999,2510.8000,2527.5000,2527.5000,,,,,,,,,115.0000,,,,,,,,yahoo
AXISBANK,2026-09-02,1254.7000,1260.0000,1250.9000,1255.9000,380159.0000,1255.6256,1266.8000,1250.1000,1251.4000,1253.9000,35.0000,40.0000,,,,,,,,,,,,,,,yahoo
BAJAJ-AUTO,2026-09-02,12242.0000,12258.0000,12043.0000,12050.0000,30271.0000,12138.9809,12150.0000,11925.0000,12111.0000,12130.0000,295.0000,300.0000,,,,,,,5.0000,15.0000,135.0000,,,,,,yahoo
BAJAJFINSV,2026-09-02,1950.2000,1953.9000,1939.8000,1944.5000,149821.0000,1945.4221,1985.6000,1942.2000,1983.9000,1990.0000,40.0000,55.0000,150.0000,180.0000,225.0000,310.0000,,,,,,,,,,,yahoo
BAJAJHLDNG,2026-09-02,11190.0000,11210.0000,11098.0000,11116.0000,1653.0000,11131.0242,11247.0000,11080.0000,11100.0000,11100.0000,10.0000,185.0000,195.0000,,,,,,,,,,,,,,yahoo
BAJFINANCE,2026-09-02,1043.5000,1043.5000,1035.7000,1038.0000,517107.0000,1039.3560,1061.0000,1035.0000,1054.2000,1055.9000,50.0000,150.0000,150.0000,180.0000,200.0000,265.0000,,,,,,,,,,,yahoo
BANKBARODA,2026-09-02,237.2700,238.2000,236.2100,238.1600,430807.0000,237.5520,241.2000,237.6400,240.8000,241.2000,20.0000,25.0000,65.0000,310.0000,,,,,,,,,,,,,yahoo
BEL,2026-09-02,407.2500,407.4000,404.1500,404.7000,1312919.0000,405.0500,406.1000,402.9000,405.1000,405.7500,,,,,,,,,,,,,,,,,yahoo
BHARTIARTL,2026-09-02,1869.0000,1870.6000,1862.0000,1863.6000,238184.0000,1865.3313,1872.8000,1855.0000,1859.9000,1862.8000,,,,,,,,,,,,,,,,,yahoo
BOSCHLTD,2026-09-02,47850.0000,47850.0000,46740.0000,46975.0000,5097.0000,47076.6026,47250.0000,46420.0000,47250.0000,47250.0000,330.0000,,,,,,,,10.0000,65.0000,80.0000,,,,,,yahoo
BPCL,2026-09-02,313.1500,315.6000,312.8000,315.2500,657076.0000,314.0594,318.3000,313.4500,318.0000,319.6000,15.0000,15.0000,,,,,,,110.0000,,,,,,,,yahoo
BRITANNIA,2026-09-02,5135.0000,5143.5000,5082.0000,5083.0000,23667.0000,5088.1486,5154.0000,5046.0000,5154.0000,5154.0000,170.0000,215.0000,295.0000,330.0000,,,,,85.0000,,,,,,,,yahoo
CANBK,2026-09-02,125.1900,125.3700,124.5100,125.3700,1056548.0000,125.0109,126.9800,125.1000,126.1000,126.3000,15.0000,20.0000,20.0000,25.0000,,,,,,,,,,,,,yahoo
CGPOWER,2026-09-02,880.0000,880.0000,870.9000,874.2000,143211.0000,873.4056,881.4000,870.7000,879.0000,877.7500,55.0000,330.0000,,,,,,,,,,,,,,,yahoo
CHOLAFIN,2026-09-02,1792.7000,1792.7000,1774.3000,1785.5000,109949.0000,1786.9969,1825.9000,1781.0000,1825.9000,1825.9000,30.0000,150.0000,180.0000,180.0000,195.0000,225.0000,,,,,,,,,,,yahoo
CIPLA,2026-09-02,1407.7000,1412.0000,1403.6000,1405.0000,38420.0000,1405.3958,1416.7000,1401.8000,1409.5000,1412.8000,75.0000,130.0000,,,,,,,,,,,,,,,yahoo
COALINDIA,2026-09-02,407.8000,419.5500,407.8000,416.5000,8608346.0000,417.1342,422.3000,415.2000,416.4000,417.8500,25.0000,65.0000,70.0000,80.0000,,,,,,,,,,,,,yahoo
CUMMINSIND,2026-09-02,5069.0000,5075.0000,5028.0000,5040.5000,25516.0000,5043.8916,5075.0000,5001.0000,5075.0000,5088.5000,330.0000,,,,,,,,105.0000,195.0000,,,,,,,yahoo
DIVISLAB,2026-09-02,9146.0000,9193.5000,9108.0000,9117.5000,18327.0000,9137.0008,9299.0000,9105.0000,9270.0000,9220.0000,110.0000,115.0000,195.0000,210.0000,295.0000,,,,,,,,,,,,yahoo
DLF,2026-09-02,664.3000,664.3000,651.5500,660.7000,826735.0000,657.0160,673.5500,657.3000,673.5500,673.5500,180.0000,210.0000,325.0000,330.0000,330.0000,,,,15.0000,,,,,,,,yahoo
DMART,2026-09-02,3784.8999,3808.5000,3784.8999,3801.8999,17479.0000,3792.8669,3813.3999,3775.0000,3813.3999,3813.3999,,,,,,,,,125.0000,,,,,,,,yahoo
DRREDDY,2026-09-02,1164.1000,1170.9000,1164.1000,1165.6000,56672.0000,1167.4398,1168.0000,1160.7000,1161.6000,1156.5000,,,,,,,,,,,,,,,,,yahoo
EICHERMOT,2026-09-02,7866.0000,7866.0000,7623.0000,7629.5000,132361.0000,7684.2950,7694.0000,7508.0000,7694.0000,7711.5000,25.0000,305.0000,,,,,,,110.0000,110.0000,130.0000,135.0000,140.0000,,,,yahoo
ENRIN,2026-09-02,3150.2000,3150.2000,3114.8000,3134.0000,23143.0000,3128.7347,3147.5000,3108.6001,3118.8999,3117.0000,,,,,,,,,95.0000,135.0000,,,,,,,yahoo
ETERNAL,2026-09-02,325.0500,325.5000,320.3500,322.8000,2199308.0000,322.4060,327.3000,321.2500,326.5000,327.3000,195.0000,200.0000,210.0000,265.0000,,,,,,,,,,,,,yahoo
GAIL,2026-09-02,172.3900,172.3900,171.0200,171.9700,653934.0000,171.6185,173.6000,171.3500,172.6200,173.0000,15.0000,25.0000,,,,,,,,,,,,,,,yahoo
GODREJCP,2026-09-02,897.8500,897.8500,891.8500,895.4500,28244.0000,893.8821,904.5000,891.7000,904.0000,905.0000,150.0000,200.0000,330.0000,,,,,,,,,,,,,,yahoo
GRASIM,2026-09-02,3283.7000,3283.7000,3235.5000,3244.8000,212728.0000,3243.0161,3294.8999,3239.3999,3294.8999,3294.8999,25.0000,185.0000,295.0000,310.0000,320.0000,,,,,,,,,,,,yahoo
HAL,2026-09-02,4758.2002,4758.2002,4712.0000,4729.2998,47170.0000,4724.2868,4793.1001,4707.0000,4780.0000,4780.0000,270.0000,295.0000,300.0000,305.0000,,,,,,,,,,,,,yahoo
HCLTECH,2026-09-02,1341.3000,1348.0000,1318.1000,1337.6000,488214.0000,1328.7961,1339.0000,1324.8000,1329.0000,1331.5000,,,,,,,,,45.0000,55.0000,,,,,,,yahoo
HDFCAMC,2026-09-02,2510.3999,2510.3999,2477.5000,2483.3999,60371.0000,2484.7646,2516.8999,2477.0000,2514.3000,2525.7000,65.0000,65.0000,160.0000,165.0000,,,,,,,,,,,,,yahoo
HDFCBANK,2026-09-02,704.0000,705.0000,700.5000,704.0500,4679139.0000,703.0401,704.7500,700.0500,701.1500,700.8000,,,,,,,,,315.0000,,,,,,,,yahoo
HDFCLIFE,2026-09-02,536.6000,536.6000,533.4500,534.4000,104536.0000,534.6648,537.5000,532.3000,535.0000,533.0000,40.0000,,,,,,,,,,,,,,,,yahoo
HINDALCO,2026-09-02,999.7000,1011.2000,999.7000,1006.1000,201474.0000,1005.9094,1010.5000,1002.6000,1009.7000,1009.7000,,,,,,,,,,,,,,,,,yahoo
HINDUNILVR,2026-09-02,1982.1000,1982.1000,1970.0000,1976.6000,93293.0000,1976.2871,1976.4000,1963.0000,1975.0000,1975.0000,,,,,,,,,85.0000,,,,,,,,yahoo
HINDZINC,2026-09-02,586.7000,589.3000,581.8000,589.3000,459763.0000,585.1209,592.9000,585.5000,588.0000,588.4000,15.0000,,,,,,,,115.0000,,,,,,,,yahoo
HYUNDAI,2026-09-02,2160.2000,2160.2000,2125.5000,2126.5000,71732.0000,2139.8368,2157.6001,2096.1001,2154.3999,2154.3999,20.0000,305.0000,325.0000,325.0000,,,,,70.0000,75.0000,75.0000,80.0000,,,,,yahoo
ICICIBANK,2026-09-02,1427.3000,1434.8000,1424.6000,1429.9000,954614.0000,1431.8220,1432.5000,1420.9000,1426.5000,1426.5000,,,,,,,,,185.0000,,,,,,,,yahoo
INDHOTEL,2026-09-02,710.0000,711.3000,706.0500,711.2000,132829.0000,708.4459,727.0000,711.0000,726.3000,727.7000,5.0000,10.0000,15.0000,25.0000,25.0000,270.0000,,,,,,,,,,,yahoo
INDIGO,2026-09-02,4940.0000,4975.5000,4918.0000,4927.5000,94891.0000,4933.4672,5020.0000,4912.0000,5020.0000,5020.0000,75.0000,220.0000,230.0000,265.0000,310.0000,,,,,,,,,,,,yahoo
INFY,2026-09-02,1138.6000,1141.3000,1118.6000,1139.0000,1377089.0000,1130.9858,1146.7000,1129.0000,1133.9000,1140.0000,20.0000,,,,,,,,180.0000,250.0000,,,,,,,yahoo
IOC,2026-09-02,135.2300,135.7400,134.3800,135.6600,1007616.0000,135.0784,136.7600,135.0300,136.5000,137.0000,15.0000,330.0000,,,,,,,,,,,,,,,yahoo
IRFC,2026-09-02,82.1700,82.1700,81.3400,81.8100,1201138.0000,81.5693,82.5000,81.6800,82.4700,82.4800,15.0000,20.0000,,,,,,,,,,,,,,,yahoo
ITC,2026-09-02,265.1000,265.7000,263.0000,265.0500,1615516.0000,264.2927,269.0000,264.3000,267.2500,266.3000,50.0000,65.0000,75.0000,75.0000,,,,,,,,,,,,,yahoo
JINDALSTEL,2026-09-02,1146.0000,1150.8000,1141.3000,1149.4000,37001.0000,1147.3149,1165.3000,1147.7000,1158.7000,1159.4000,15.0000,40.0000,55.0000,70.0000,,,,,,,,,,,,,yahoo
JIOFIN,2026-09-02,233.0100,234.6000,232.3900,234.4500,1709530.0000,233.3097,237.2600,233.8500,235.9900,236.9000,30.0000,40.0000,50.0000,,,,,,,,,,,,,,yahoo
JSWSTEEL,2026-09-02,1303.0000,1309.2000,1300.2000,1301.9000,349882.0000,1302.9100,1309.1000,1299.5000,1306.0000,1306.0000,40.0000,,,,,,,,,,,,,,,,yahoo
KOTAKBANK,2026-09-02,421.5500,425.7000,421.5500,423.9000,704009.0000,424.1388,424.0000,419.0000,423.3500,423.5000,,,,,,,,,50.0000,120.0000,125.0000,,,,,,yahoo
LODHA,2026-09-02,1173.4000,1184.0000,1166.4000,1183.5000,233914.0000,1176.2137,1208.3000,1174.9000,1208.3000,1208.3000,25.0000,185.0000,230.0000,330.0000,330.0000,330.0000,,,5.0000,,,,,,,,yahoo
LT,2026-09-02,3965.1001,3989.3000,3965.1001,3970.7000,75706.0000,3975.0785,4002.0000,3957.2000,3994.0000,3981.0000,170.0000,290.0000,,,,,,,,,,,,,,,yahoo
LTM,2026-09-02,4587.6001,4603.7002,4489.7998,4589.8999,42035.0000,4545.1421,4611.0000,4546.7002,4585.0000,4588.0000,,,,,,,,,25.0000,55.0000,,,,,,,yahoo
M&M,2026-09-02,3215.1001,3215.1001,3179.5000,3200.7000,182931.0000,3191.2737,3205.2000,3142.8999,3191.1001,3190.0000,,,,,,,,,55.0000,55.0000,70.0000,70.0000,105.0000,,,,yahoo
MARUTI,2026-09-02,12800.0000,12824.0000,12756.0000,12778.0000,32965.0000,12787.8030,12887.0000,12640.0000,12775.0000,12849.0000,15.0000,20.0000,,,,,,,80.0000,105.0000,110.0000,,,,,,yahoo
MAXHEALTH,2026-09-02,1001.9000,1003.1000,995.4000,995.8000,68135.0000,998.9465,997.6000,987.4000,990.2000,994.0000,,,,,,,,,120.0000,135.0000,,,,,,,yahoo
MAZDOCK,2026-09-02,2465.1001,2465.1001,2444.6001,2459.0000,46297.0000,2453.2161,2464.3999,2432.0000,2459.0000,2459.0000,,,,,,,,,80.0000,95.0000,110.0000,,,,,,yahoo
MOTHERSON,2026-09-02,163.6900,163.6900,160.7100,161.0400,1596467.0000,161.1488,163.2000,160.1200,162.8000,163.3000,25.0000,285.0000,330.0000,330.0000,,,,,145.0000,,,,,,,,yahoo
MUTHOOTFIN,2026-09-02,2850.7000,2884.0000,2843.0000,2868.7000,74759.0000,2870.4315,2932.0000,2855.0000,2928.6001,2937.7000,50.0000,55.0000,190.0000,225.0000,225.0000,275.0000,,,,,,,,,,,yahoo
NESTLEIND,2026-09-02,1421.4000,1427.9000,1418.9000,1426.4000,39708.0000,1424.7710,1426.7000,1412.7000,1422.0000,1425.0000,,,,,,,,,25.0000,50.0000,,,,,,,yahoo
NTPC,2026-09-02,322.0000,324.2500,321.1000,323.7500,1074065.0000,322.9918,330.5000,323.7000,329.1500,330.0000,15.0000,15.0000,20.0000,70.0000,155.0000,310.0000,,,,,,,,,,,yahoo
ONGC,2026-09-02,237.2000,239.2000,235.7000,238.1500,2097227.0000,237.4139,238.2500,235.8800,236.9600,237.5000,,,,,,,,,85.0000,95.0000,,,,,,,yahoo
PFC,2026-09-02,343.0000,343.0000,340.5000,342.6000,452314.0000,341.5695,347.0000,341.8500,346.7000,346.5000,25.0000,160.0000,180.0000,295.0000,,,,,,,,,,,,,yahoo
PIDILITIND,2026-09-02,1637.0000,1637.0000,1627.3000,1629.8000,46648.0000,1629.7112,1639.5000,1625.0000,1637.0000,1637.0000,60.0000,,,,,,,,,,,,,,,,yahoo
PNB,2026-09-02,114.5000,116.0600,114.0600,116.0100,1803290.0000,115.5286,117.2500,115.7000,116.9000,117.0000,20.0000,20.0000,20.0000,,,,,,,,,,,,,,yahoo
POWERGRID,2026-09-02,263.5000,264.8500,262.4500,263.9500,741138.0000,263.8349,268.2500,263.8000,267.8000,266.8000,15.0000,60.0000,70.0000,125.0000,175.0000,,,,,,,,,,,,yahoo
RECLTD,2026-09-02,311.7500,312.7500,310.5000,312.7500,275117.0000,311.8017,317.7000,311.5500,316.8000,316.4500,25.0000,160.0000,170.0000,180.0000,270.0000,,,,,,,,,,,,yahoo
RELIANCE,2026-09-02,1299.0000,1301.8000,1293.6000,1298.6000,1050205.0000,1296.4255,1321.7000,1297.1000,1313.9000,1313.1000,30.0000,40.0000,45.0000,45.0000,50.0000,,,,,,,,,,,,yahoo
SBILIFE,2026-09-02,1731.0000,1731.0000,1717.8000,1720.5000,73382.0000,1721.8275,1732.4000,1716.3000,1720.0000,1719.9000,40.0000,,,,,,,,,,,,,,,,yahoo
SBIN,2026-09-02,1026.8000,1029.7000,1023.0000,1028.9000,443685.0000,1028.3812,1035.2000,1017.3000,1020.5000,1020.9000,40.0000,,,,,,,,115.0000,160.0000,255.0000,,,,,,yahoo
SHREECEM,2026-09-02,23370.0000,23370.0000,23060.0000,23160.0000,815.0000,23124.8814,23680.0000,23170.0000,23680.0000,23680.0000,15.0000,35.0000,75.0000,75.0000,140.0000,205.0000,,,,,,,,,,,yahoo
SHRIRAMFIN,2026-09-02,1043.0000,1043.0000,1026.5000,1035.0000,565193.0000,1032.3409,1047.0000,1027.1000,1047.0000,1047.0000,10.0000,290.0000,330.0000,,,,,,135.0000,145.0000,,,,,,,yahoo
SIEMENS,2026-09-02,4015.0000,4015.0000,3977.1001,3983.5000,16652.0000,3986.8213,4024.6001,3968.3999,4018.8999,4018.8999,20.0000,25.0000,85.0000,,,,,,,,,,,,,,yahoo
SOLARINDS,2026-09-02,19920.0000,19985.0000,19810.0000,19845.0000,8326.0000,19873.7025,20600.0000,19825.0000,20600.0000,20600.0000,65.0000,115.0000,120.0000,135.0000,140.0000,155.0000,230.0000,295.0000,,,,,,,,,yahoo
SUNPHARMA,2026-09-02,1912.8000,1948.5000,1912.8000,1937.0000,212436.0000,1940.1504,1939.0000,1921.1000,1926.5000,1931.7000,,,,,,,,,70.0000,210.0000,,,,,,,yahoo
TATACAP,2026-09-02,364.8500,364.8500,361.6000,362.9000,43709.0000,362.5829,367.6500,362.5500,364.9500,364.4000,30.0000,60.0000,195.0000,195.0000,,,,,,,,,,,,,yahoo
TATACONSUM,2026-09-02,1027.4000,1027.4000,1019.3000,1019.3000,51904.0000,1020.8737,1019.4000,1008.9000,1008.9000,1012.0000,,,,,,,,,95.0000,320.0000,330.0000,,,,,,yahoo
TATAPOWER,2026-09-02,348.5500,353.5000,347.4000,352.3500,630841.0000,351.0267,363.1000,352.3500,362.7000,364.0000,5.0000,10.0000,15.0000,15.0000,15.0000,40.0000,175.0000,330.0000,,,,,,,,,yahoo
TATASTEEL,2026-09-02,182.6700,183.0600,181.5200,182.2500,3331119.0000,182.2984,184.0200,181.6600,183.2500,183.8500,15.0000,15.0000,,,,,,,,,,,,,,,yahoo
TCS,2026-09-02,2343.1001,2348.0000,2304.0000,2343.8000,400157.0000,2328.7056,2363.0000,2328.2000,2348.0000,2348.0000,15.0000,20.0000,,,,,,,310.0000,,,,,,,,yahoo
TECHM,2026-09-02,1629.7000,1632.6000,1604.5000,1617.8000,206561.0000,1615.0417,1624.1000,1609.1000,1623.0000,1623.0000,,,,,,,,,60.0000,,,,,,,,yahoo
TITAN,2026-09-02,5020.0000,5020.0000,4980.0000,4995.0000,106737.0000,4994.8338,5074.0000,4979.0000,5074.0000,5074.0000,200.0000,265.0000,285.0000,285.0000,330.0000,,,,,,,,,,,,yahoo
TMCV,2026-09-02,460.1500,460.1500,451.6500,451.8500,882552.0000,454.1844,453.3000,444.8000,448.1000,446.0000,,,,,,,,,65.0000,75.0000,80.0000,115.0000,175.0000,,,,yahoo
TMPV,2026-09-02,307.6000,307.6000,306.0000,307.5000,709966.0000,306.6658,312.8000,306.8000,312.0000,312.7500,150.0000,155.0000,175.0000,175.0000,180.0000,,,,,,,,,,,,yahoo
TORNTPHARM,2026-09-02,4962.5000,4991.0000,4952.0000,4958.0000,30440.0000,4968.5792,5004.5000,4943.5000,4975.0000,5012.0000,195.0000,225.0000,,,,,,,,,,,,,,,yahoo
TRENT,2026-09-02,2838.2000,2844.8999,2820.1001,2821.8999,49933.0000,2825.0966,2869.8000,2810.1001,2856.0000,2852.3000,165.0000,170.0000,170.0000,190.0000,195.0000,,,,,,,,,,,,yahoo
TVSMOTOR,2026-09-02,4166.1001,4166.1001,4091.5000,4102.8999,135721.0000,4119.3979,4197.2002,4066.0000,4197.0000,4200.0000,15.0000,20.0000,20.0000,25.0000,305.0000,325.0000,,,100.0000,105.0000,,,,,,,yahoo
ULTRACEMCO,2026-09-02,11339.0000,11339.0000,11203.0000,11250.0000,23679.0000,11232.9717,11393.0000,11180.0000,11393.0000,11393.0000,235.0000,330.0000,330.0000,330.0000,,,,,95.0000,,,,,,,,yahoo
UNIONBANK,2026-09-02,183.2500,184.4400,182.5000,184.3900,1003561.0000,183.4952,186.3200,183.2600,185.7900,186.8600,40.0000,60.0000,65.0000,,,,,,140.0000,,,,,,,,yahoo
UNITDSPR,2026-09-02,1458.0000,1465.8000,1451.2000,1456.8000,49066.0000,1456.0839,1466.6000,1447.0000,1458.0000,1469.5000,235.0000,,,,,,,,80.0000,,,,,,,,yahoo
VBL,2026-09-02,401.5000,407.5500,401.5000,405.5500,358888.0000,405.7253,416.7500,403.7000,415.0000,415.0000,30.0000,40.0000,65.0000,65.0000,65.0000,80.0000,285.0000,,,,,,,,,,yahoo
VEDL,2026-09-02,271.7000,271.7000,268.2500,269.8000,757233.0000,269.3696,271.6000,267.8500,269.4000,270.7000,55.0000,,,,,,,,130.0000,,,,,,,,yahoo
WIPRO,2026-09-02,180.0000,180.0000,177.2600,179.3200,1150505.0000,178.3911,180.0900,176.8200,177.4000,177.0900,,,,,,,,,60.0000,60.0000,95.0000,320.0000,,,,,yahoo
ZYDUSLIFE,2026-09-02,1173.9000,1173.9000,1158.8000,1161.5000,95064.0000,1162.2100,1164.2000,1147.0000,1154.2000,1154.2000,,,,,,,,,60.0000,105.0000,105.0000,,,,,,yahoo
ABB,2026-09-03,7425.0000,7465.0000,7407.0000,7426.5000,9585.0000,7425.0052,7473.0000,7405.0000,7431.5000,7432.0000,5.0000,,,,,,,,,,,,,,,,yahoo
ADANIENSOL,2026-09-03,1405.0000,1411.6000,1389.9000,1396.4000,317202.0000,1397.4661,1398.9000,1378.4000,1382.0000,1385.7000,,,,,,,,,25.0000,45.0000,220.0000,255.0000,,,,,yahoo
ADANIENT,2026-09-03,2914.0000,2919.6001,2896.0000,2908.7000,115783.0000,2909.9938,2912.5000,2885.2000,2901.0000,2901.0000,,,,,,,,,40.0000,225.0000,,,,,,,yahoo
ADANIGREEN,2026-09-03,1302.4000,1310.0000,1295.0000,1301.6000,180374.0000,1304.8134,1303.1000,1281.5000,1283.4000,1283.4000,,,,,,,,,15.0000,25.0000,25.0000,45.0000,325.0000,,,,yahoo
ADANIPORTS,2026-09-03,1690.0000,1709.7000,1689.4000,1705.0000,588026.0000,1700.8142,1710.7000,1694.5000,1700.4000,1706.5000,,,,,,,,,25.0000,,,,,,,,yahoo
ADANIPOWER,2026-09-03,209.1100,211.1500,208.4800,210.9100,4115397.0000,210.3694,211.3300,206.6800,207.4200,208.2900,,,,,,,,,25.0000,25.0000,40.0000,190.0000,250.0000,330.0000,,,yahoo
AMBUJACEM,2026-09-03,404.6000,405.0500,403.5000,404.7000,97926.0000,404.4695,404.8000,401.8000,403.0000,405.0000,,,,,,,,,55.0000,,,,,,,,yahoo
APOLLOHOSP,2026-09-03,8702.0000,8710.0000,8658.5000,8709.0000,18925.0000,8680.4463,8785.0000,8681.0000,8717.5000,8692.0000,40.0000,50.0000,,,,,,,,,,,,,,,yahoo
ASIANPAINT,2026-09-03,2528.3000,2528.5000,2518.0000,2522.8000,18050.0000,2522.0575,2544.0000,2515.1001,2541.6001,2541.6001,280.0000,285.0000,,,,,,,,,,,,,,,yahoo
AXISBANK,2026-09-03,1263.4000,1278.7000,1262.7000,1277.1000,534563.0000,1272.7185,1278.9000,1265.6000,1270.0000,1267.0000,,,,,,,,,45.0000,55.0000,,,,,,,yahoo
BAJAJ-AUTO,2026-09-03,12115.0000,12165.0000,12068.0000,12148.0000,64943.0000,12123.3496,12155.0000,11920.0000,11920.0000,11920.0000,,,,,,,,,15.0000,130.0000,165.0000,210.0000,240.0000,,,,yahoo
BAJAJFINSV,2026-09-03,1992.5000,1994.0000,1985.0000,1988.0000,28401.0000,1988.1661,1991.4000,1970.0000,1984.7000,1992.1000,,,,,,,,,50.0000,85.0000,,,,,,,yahoo
BAJAJHLDNG,2026-09-03,11043.0000,11209.0000,11038.0000,11143.0000,1917.0000,11149.3525,11260.0000,11097.0000,11165.0000,11165.0000,125.0000,125.0000,145.0000,,,,,,,,,,,,,,yahoo
BAJFINANCE,2026-09-03,1058.0000,1058.0000,1047.5000,1051.7000,711116.0000,1050.8947,1058.9000,1043.2000,1053.0000,1049.0000,10.0000,,,,,,,,170.0000,195.0000,,,,,,,yahoo
BANKBARODA,2026-09-03,241.5100,243.9800,241.5100,243.2100,460470.0000,243.1849,243.7800,240.3700,240.9000,240.4400,,,,,,,,,95.0000,195.0000,260.0000,,,,,,yahoo
BEL,2026-09-03,406.6000,407.3500,405.2000,406.1000,511655.0000,405.7980,410.3000,405.6000,408.6000,408.6000,40.0000,65.0000,140.0000,,,,,,,,,,,,,,yahoo
BHARTIARTL,2026-09-03,1860.0000,1868.6000,1859.1000,1867.0000,199241.0000,1865.0482,1868.6000,1860.6000,1865.3000,1869.0000,,,,,,,,,,,,,,,,,yahoo
BOSCHLTD,2026-09-03,47195.0000,47365.0000,46830.0000,47250.0000,1700.0000,47030.4647,47380.0000,46740.0000,47000.0000,47000.0000,,,,,,,,,125.0000,125.0000,135.0000,,,,,,yahoo
BPCL,2026-09-03,318.7000,320.7000,318.7000,319.6000,407046.0000,319.8504,321.6000,317.2000,319.5000,320.0500,310.0000,,,,,,,,25.0000,85.0000,,,,,,,yahoo
BRITANNIA,2026-09-03,5128.5000,5128.5000,5081.0000,5104.0000,16252.0000,5096.5245,5143.0000,5091.0000,5142.0000,5130.0000,70.0000,330.0000,,,,,,,,,,,,,,,yahoo
CANBK,2026-09-03,126.8000,128.1100,126.7600,127.5400,1697085.0000,127.6097,128.6400,125.7200,126.1000,125.8000,40.0000,40.0000,,,,,,,260.0000,265.0000,315.0000,320.0000,,,,,yahoo
CGPOWER,2026-09-03,881.2000,889.8000,875.7500,889.1500,196087.0000,881.4520,900.6500,882.4500,893.5000,895.0000,5.0000,5.0000,235.0000,235.0000,,,,,30.0000,45.0000,,,,,,,yahoo
CHOLAFIN,2026-09-03,1850.2000,1856.9000,1826.9000,1838.1000,67264.0000,1833.9613,1849.3000,1827.3000,1849.3000,1849.3000,250.0000,,,,,,,,60.0000,,,,,,,,yahoo
CIPLA,2026-09-03,1412.0000,1412.0000,1405.0000,1407.2000,23871.0000,1407.5277,1415.4000,1389.8000,1389.8000,1394.7000,15.0000,,,,,,,,85.0000,90.0000,180.0000,,,,,,yahoo
COALINDIA,2026-09-03,421.4500,428.4000,418.8000,426.5000,3068529.0000,424.9425,426.8500,417.3000,418.6500,420.0500,,,,,,,,,5.0000,15.0000,20.0000,95.0000,95.0000,320.0000,,,yahoo
CUMMINSIND,2026-09-03,5090.5000,5090.5000,5037.0000,5063.5000,10082.0000,5048.6704,5118.0000,5060.0000,5071.0000,5071.0000,20.0000,95.0000,120.0000,,,,,,,,,,,,,,yahoo
DIVISLAB,2026-09-03,9237.0000,9246.5000,9192.5000,9237.0000,32087.0000,9227.0110,9281.0000,9189.0000,9228.0000,9250.0000,,,,,,,,,85.0000,,,,,,,,yahoo
DLF,2026-09-03,674.5000,686.1000,673.2000,685.6000,275368.0000,680.2293,689.3500,678.2000,680.0500,681.6500,10.0000,,,,,,,,50.0000,70.0000,90.0000,,,,,,yahoo
DMART,2026-09-03,3824.1001,3824.1001,3787.0000,3793.6001,9205.0000,3793.0229,3804.0000,3760.0000,3764.0000,3763.0000,,,,,,,,,170.0000,325.0000,,,,,,,yahoo
DRREDDY,2026-09-03,1160.0000,1162.4000,1157.1000,1162.1000,23211.0000,1160.3856,1164.3000,1156.0000,1156.0000,1155.0000,,,,,,,,,225.0000,,,,,,,,yahoo
EICHERMOT,2026-09-03,7730.0000,7730.0000,7645.0000,7677.0000,21707.0000,7661.9166,7678.0000,7601.0000,7649.0000,7690.0000,,,,,,,,,15.0000,145.0000,,,,,,,yahoo
ENRIN,2026-09-03,3157.0000,3181.3999,3118.7000,3136.3999,50945.0000,3132.9234,3214.2000,3134.8999,3168.6001,3148.0000,5.0000,5.0000,10.0000,70.0000,80.0000,90.0000,,,,,,,,,,,yahoo
ETERNAL,2026-09-03,327.8000,328.8000,325.5500,328.5000,1504879.0000,327.3565,330.9000,324.1500,326.7000,324.8000,25.0000,,,,,,,,295.0000,305.0000,310.0000,320.0000,,,,,yahoo
GAIL,2026-09-03,173.0000,173.8700,172.0800,173.7500,355744.0000,173.5505,174.1000,172.7100,173.7500,174.6700,,,,,,,,,20.0000,,,,,,,,yahoo
GODREJCP,2026-09-03,881.6000,881.6000,860.5500,871.9000,1324538.0000,869.8955,882.3500,864.6500,874.0000,880.0000,265.0000,265.0000,275.0000,,,,,,20.0000,20.0000,,,,,,,yahoo
GRASIM,2026-09-03,3293.8999,3316.2000,3287.6001,3309.1001,324170.0000,3308.0431,3322.0000,3282.0000,3315.0000,3310.0000,,,,,,,,,80.0000,260.0000,,,,,,,yahoo
HAL,2026-09-03,4791.0000,4803.8999,4761.3999,4767.8999,33387.0000,4771.0411,4809.7998,4750.0000,4765.6001,4765.6001,120.0000,120.0000,,,,,,,,,,,,,,,yahoo
HCLTECH,2026-09-03,1340.9000,1340.9000,1308.0000,1316.7000,163081.0000,1314.7702,1323.0000,1310.0000,1313.2000,1319.0000,,,,,,,,,325.0000,,,,,,,,yahoo
HDFCAMC,2026-09-03,2533.3999,2533.3999,2492.0000,2504.0000,52879.0000,2499.8127,2516.5000,2486.0000,2501.8999,2510.8000,,,,,,,,,85.0000,,,,,,,,yahoo
HDFCBANK,2026-09-03,706.0000,710.9000,705.0500,709.5000,3632220.0000,708.0921,712.6000,706.2000,708.5000,706.6500,,,,,,,,,,,,,,,,,yahoo
HDFCLIFE,2026-09-03,536.2000,539.4500,536.2000,539.1500,86978.0000,537.5514,539.7000,530.5500,531.8000,533.5000,,,,,,,,,60.0000,90.0000,160.0000,180.0000,210.0000,,,,yahoo
HINDALCO,2026-09-03,1016.9000,1022.5000,1010.1000,1017.4000,245478.0000,1017.2258,1017.2000,1002.1000,1009.2000,1010.0000,,,,,,,,,50.0000,70.0000,80.0000,170.0000,225.0000,,,,yahoo
HINDUNILVR,2026-09-03,1976.0000,1976.0000,1967.5000,1973.9000,54921.0000,1971.0917,1976.0000,1960.0000,1962.0000,1962.0000,,,,,,,,,150.0000,,,,,,,,yahoo
HINDZINC,2026-09-03,595.6000,598.5000,592.2500,593.0000,465279.0000,595.2018,593.5500,584.7000,588.5000,587.9500,,,,,,,,,65.0000,75.0000,85.0000,165.0000,,,,,yahoo
HYUNDAI,2026-09-03,2177.1001,2177.1001,2148.8999,2167.0000,54477.0000,2159.6475,2184.5000,2148.5000,2150.8000,2152.0000,15.0000,15.0000,,,,,,,305.0000,315.0000,,,,,,,yahoo
ICICIBANK,2026-09-03,1438.7000,1452.0000,1436.0000,1450.8000,1200389.0000,1447.4343,1451.0000,1430.0000,1430.0000,1430.0000,,,,,,,,,50.0000,85.0000,245.0000,315.0000,,,,,yahoo
INDHOTEL,2026-09-03,726.0500,726.8000,720.0000,726.1500,140830.0000,722.6927,731.9500,721.3000,729.9500,732.0000,300.0000,325.0000,,,,,,,60.0000,,,,,,,,yahoo
INDIGO,2026-09-03,5034.5000,5038.5000,4965.5000,4975.0000,78918.0000,4972.7168,5021.0000,4925.0000,4974.5000,4980.0000,205.0000,225.0000,,,,,,,50.0000,55.0000,75.0000,,,,,,yahoo
INFY,2026-09-03,1142.5000,1142.7000,1122.5000,1127.2000,464232.0000,1127.5207,1133.9000,1124.6000,1132.0000,1130.3000,135.0000,,,,,,,,,,,,,,,,yahoo
IOC,2026-09-03,136.2500,137.6800,136.2500,137.3700,734026.0000,137.2771,137.3400,136.4200,137.2000,137.8000,,,,,,,,,20.0000,,,,,,,,yahoo
IRFC,2026-09-03,82.8500,83.4000,82.8200,83.1000,742279.0000,83.1823,83.7000,82.5000,82.6500,82.6500,5.0000,,,,,,,,255.0000,,,,,,,,yahoo
ITC,2026-09-03,266.5000,267.2500,265.1500,265.8500,727170.0000,265.5210,266.1000,262.4500,263.0000,263.0000,,,,,,,,,155.0000,165.0000,320.0000,330.0000,,,,,yahoo
JINDALSTEL,2026-09-03,1165.2000,1167.3000,1159.2000,1159.3000,64141.0000,1163.2104,1160.0000,1134.7000,1142.7000,1145.0000,,,,,,,,,15.0000,35.0000,80.0000,80.0000,140.0000,200.0000,,,yahoo
JIOFIN,2026-09-03,237.0000,237.9200,236.5400,237.6800,956382.0000,237.2988,240.3500,236.8700,237.4500,237.4500,110.0000,110.0000,110.0000,,,,,,,,,,,,,,yahoo
JSWSTEEL,2026-09-03,1312.1000,1325.0000,1311.9000,1316.9000,437279.0000,1320.3933,1317.4000,1295.5000,1308.0000,1308.0000,,,,,,,,,35.0000,55.0000,80.0000,80.0000,180.0000,,,,yahoo
KOTAKBANK,2026-09-03,424.4000,426.6000,424.2500,426.4500,391231.0000,425.3257,426.7500,422.1500,422.9000,421.1500,,,,,,,,,80.0000,140.0000,205.0000,,,,,,yahoo
LODHA,2026-09-03,1215.6000,1224.9000,1206.0000,1224.6000,196097.0000,1214.8625,1244.2000,1216.0000,1224.8000,1234.0000,5.0000,30.0000,30.0000,35.0000,40.0000,,,,255.0000,,,,,,,,yahoo
LT,2026-09-03,3988.2000,4012.2000,3988.2000,4011.7000,45521.0000,4002.9915,4026.3999,3985.8000,3993.0000,3975.0000,,,,,,,,,140.0000,,,,,,,,yahoo
LTM,2026-09-03,4563.2002,4563.2002,4512.0000,4536.3999,15879.0000,4532.8152,4553.2998,4509.7998,4548.0000,4560.0000,,,,,,,,,235.0000,,,,,,,,yahoo
M&M,2026-09-03,3209.3999,3209.3999,3171.0000,3182.0000,139955.0000,3183.2186,3192.1001,3153.1001,3159.3999,3150.0000,,,,,,,,,160.0000,265.0000,,,,,,,yahoo
MARUTI,2026-09-03,12855.0000,12864.0000,12783.0000,12851.0000,18979.0000,12816.2342,12925.0000,12821.0000,12846.0000,12857.0000,195.0000,,,,,,,,,,,,,,,,yahoo
MAXHEALTH,2026-09-03,994.6000,994.7000,989.3000,991.3000,70987.0000,991.1384,995.3000,985.5000,994.4000,994.9000,,,,,,,,,85.0000,,,,,,,,yahoo
MAZDOCK,2026-09-03,2467.7000,2484.0000,2466.1001,2473.1001,29664.0000,2472.4180,2496.0000,2465.3000,2474.0000,2474.0000,65.0000,70.0000,,,,,,,,,,,,,,,yahoo
MOTHERSON,2026-09-03,164.2800,164.2800,161.6500,162.6300,517621.0000,162.2182,163.4600,161.4300,162.3300,162.0000,35.0000,,,,,,,,300.0000,,,,,,,,yahoo
MUTHOOTFIN,2026-09-03,2969.0000,2985.6001,2949.5000,2962.3000,122402.0000,2970.7778,2975.3999,2933.5000,2938.8999,2926.5000,,,,,,,,,95.0000,300.0000,,,,,,,yahoo
NESTLEIND,2026-09-03,1416.3000,1420.0000,1414.5000,1420.0000,37585.0000,1417.1774,1421.5000,1407.9000,1414.0000,1416.0000,,,,,,,,,90.0000,180.0000,,,,,,,yahoo
NTPC,2026-09-03,330.6500,332.1500,329.2000,331.1500,557194.0000,330.9074,332.5500,329.3500,330.2500,330.9000,,,,,,,,,270.0000,,,,,,,,yahoo
ONGC,2026-09-03,237.5700,237.7000,236.2800,237.5000,394191.0000,237.3710,237.4900,235.0000,235.6600,236.0000,,,,,,,,,40.0000,80.0000,225.0000,,,,,,yahoo
PFC,2026-09-03,349.1000,351.5500,348.6000,349.8500,525775.0000,349.9319,350.8000,343.3000,344.4500,345.5000,,,,,,,,,15.0000,20.0000,55.0000,220.0000,250.0000,,,,yahoo
PIDILITIND,2026-09-03,1635.7000,1636.3000,1632.1000,1635.9000,16572.0000,1634.2152,1637.8000,1621.3000,1635.0000,1638.3000,,,,,,,,,40.0000,80.0000,,,,,,,yahoo
PNB,2026-09-03,117.6000,118.2200,117.2000,117.2900,1090049.0000,117.4480,118.2300,116.4500,116.6600,116.3200,40.0000,90.0000,,,,,,,270.0000,,,,,,,,yahoo
POWERGRID,2026-09-03,269.5000,270.5500,268.5000,269.3000,658595.0000,269.1660,269.8000,266.3500,266.4500,265.6000,,,,,,,,,45.0000,160.0000,280.0000,,,,,,yahoo
RECLTD,2026-09-03,317.8000,320.5000,317.8000,319.4500,288151.0000,319.3684,320.6500,312.2500,313.6000,313.6000,,,,,,,,,20.0000,50.0000,80.0000,150.0000,220.0000,300.0000,,,yahoo
RELIANCE,2026-09-03,1313.1000,1316.7000,1310.7000,1313.4000,762584.0000,1313.6678,1314.1000,1305.0000,1309.0000,1302.5000,,,,,,,,,55.0000,,,,,,,,yahoo
SBILIFE,2026-09-03,1728.9000,1739.3000,1720.4000,1730.0000,58428.0000,1725.5577,1737.6000,1709.8000,1715.0000,1715.0000,,,,,,,,,150.0000,185.0000,285.0000,,,,,,yahoo
SBIN,2026-09-03,1026.2000,1033.5000,1026.2000,1031.7000,617543.0000,1031.1827,1036.0000,1021.2000,1023.0000,1023.4000,,,,,,,,,95.0000,315.0000,320.0000,,,,,,yahoo
SHREECEM,2026-09-03,23605.0000,23810.0000,23575.0000,23770.0000,1498.0000,23741.3885,24050.0000,23625.0000,23870.0000,23910.0000,165.0000,190.0000,225.0000,,,,,,35.0000,,,,,,,,yahoo
SHRIRAMFIN,2026-09-03,1067.0000,1067.0000,1038.8000,1045.9000,583144.0000,1044.4324,1054.3000,1038.6000,1042.1000,1044.2000,20.0000,20.0000,,,,,,,70.0000,,,,,,,,yahoo
SIEMENS,2026-09-03,4027.0000,4052.7000,4010.1001,4048.2000,21936.0000,4029.0232,4110.6001,4010.0000,4030.0000,4030.0000,5.0000,5.0000,15.0000,15.0000,15.0000,,,,200.0000,210.0000,,,,,,,yahoo
SOLARINDS,2026-09-03,20795.0000,21570.0000,20795.0000,21380.0000,102257.0000,21408.6906,21645.0000,21225.0000,21445.0000,21500.0000,5.0000,80.0000,85.0000,,,,,,25.0000,,,,,,,,yahoo
SUNPHARMA,2026-09-03,1932.7000,1932.7000,1919.8000,1924.4000,75614.0000,1923.2031,1929.1000,1913.5000,1916.0000,1916.0000,,,,,,,,,290.0000,,,,,,,,yahoo
TATACAP,2026-09-03,364.8500,369.0500,364.8500,367.3500,81524.0000,368.0978,372.8000,367.4000,372.5500,372.1000,5.0000,10.0000,305.0000,330.0000,,,,,,,,,,,,,yahoo
TATACONSUM,2026-09-03,1014.0000,1015.2000,1008.2000,1014.3000,34802.0000,1011.1290,1023.0000,1014.2000,1015.1000,1019.2000,5.0000,130.0000,,,,,,,,,,,,,,,yahoo
TATAPOWER,2026-09-03,366.7000,370.4000,364.4000,370.3000,992775.0000,367.5735,370.7000,363.3500,365.7000,365.7000,,,,,,,,,30.0000,50.0000,205.0000,220.0000,315.0000,,,,yahoo
TATASTEEL,2026-09-03,184.1100,187.6500,184.1100,186.1300,4151255.0000,186.5726,186.1000,182.0000,183.5500,184.2000,,,,,,,,,10.0000,20.0000,30.0000,55.0000,75.0000,140.0000,,,yahoo
TCS,2026-09-03,2353.3000,2353.3000,2316.1001,2329.6001,206834.0000,2326.5249,2344.8999,2323.7000,2333.8999,2320.1001,80.0000,,,,,,,,,,,,,,,,yahoo
TECHM,2026-09-03,1625.1000,1625.1000,1592.0000,1600.0000,94120.0000,1598.8545,1609.1000,1592.5000,1598.0000,1598.0000,50.0000,,,,,,,,,,,,,,,,yahoo
TITAN,2026-09-03,5069.0000,5069.0000,5020.0000,5034.0000,32375.0000,5032.3520,5046.5000,4952.5000,5027.0000,5027.0000,,,,,,,,,135.0000,140.0000,150.0000,150.0000,155.0000,,,,yahoo
TMCV,2026-09-03,450.3000,454.0000,450.3000,451.6500,369949.0000,451.7801,462.3000,447.7000,460.1000,460.3500,285.0000,290.0000,290.0000,300.0000,310.0000,315.0000,,,10.0000,10.0000,,,,,,,yahoo
TMPV,2026-09-03,313.2000,313.3500,312.2000,312.9500,328289.0000,312.8710,313.6000,309.7000,310.5500,312.0000,,,,,,,,,220.0000,225.0000,260.0000,,,,,,yahoo
TORNTPHARM,2026-09-03,5011.5000,5011.5000,4950.5000,4958.5000,14855.0000,4964.4092,4964.5000,4887.0000,4905.5000,4905.5000,,,,,,,,,35.0000,90.0000,155.0000,170.0000,,,,,yahoo
TRENT,2026-09-03,2862.5000,2873.3000,2845.3999,2859.5000,36716.0000,2855.1029,2879.8000,2824.5000,2826.0000,2815.6001,20.0000,,,,,,,,160.0000,180.0000,260.0000,,,,,,yahoo
TVSMOTOR,2026-09-03,4215.7002,4215.7002,4177.7002,4197.8999,69574.0000,4191.7012,4201.8999,4151.0000,4200.0000,4200.0000,,,,,,,,,40.0000,55.0000,105.0000,,,,,,yahoo
ULTRACEMCO,2026-09-03,11401.0000,11421.0000,11361.0000,11401.0000,10334.0000,11390.1398,11412.0000,11275.0000,11275.0000,11275.0000,,,,,,,,,60.0000,255.0000,330.0000,,,,,,yahoo
UNIONBANK,2026-09-03,187.5000,190.0200,186.7900,189.5000,1991857.0000,189.3724,190.6700,188.4000,189.0000,189.0000,40.0000,,,,,,,,260.0000,,,,,,,,yahoo
UNITDSPR,2026-09-03,1472.1000,1472.1000,1448.2000,1449.0000,39031.0000,1453.2988,1487.4000,1449.2000,1485.5000,1488.9000,15.0000,15.0000,20.0000,25.0000,30.0000,160.0000,285.0000,,,,,,,,,,yahoo
VBL,2026-09-03,414.8500,415.4000,411.0500,412.6000,335581.0000,412.1578,413.6000,407.8000,407.8000,407.1500,,,,,,,,,150.0000,155.0000,320.0000,,,,,,yahoo
VEDL,2026-09-03,272.5000,274.7000,272.5000,272.9000,736179.0000,273.6055,272.9500,268.1500,269.5000,270.5000,,,,,,,,,75.0000,80.0000,125.0000,140.0000,155.0000,,,,yahoo
WIPRO,2026-09-03,177.5000,177.7600,176.4100,177.1900,688501.0000,177.0199,177.8200,176.3500,176.6000,175.7200,,,,,,,,,,,,,,,,,yahoo
ZYDUSLIFE,2026-09-03,1154.3000,1154.3000,1145.0000,1146.4000,52626.0000,1148.1552,1152.3000,1130.7000,1140.6000,1143.0000,20.0000,,,,,,,,40.0000,90.0000,100.0000,160.0000,,,,,yahoo
ABB,2026-09-04,7462.0000,7462.0000,7399.5000,7421.5000,14030.0000,7421.8250,7457.5000,7378.0000,7414.0000,7410.0000,,,,,,,,,195.0000,,,,,,,,yahoo
ADANIENSOL,2026-09-04,1384.0000,1394.9000,1380.0000,1392.0000,149156.0000,1386.2759,1412.7000,1391.6000,1408.9000,1409.6000,30.0000,30.0000,30.0000,35.0000,,,,,,,,,,,,,yahoo
ADANIENT,2026-09-04,2895.1001,2917.8999,2882.8000,2909.0000,97720.0000,2902.0077,2965.0000,2909.0000,2936.8000,2938.0000,20.0000,30.0000,35.0000,120.0000,130.0000,,,,,,,,,,,,yahoo
ADANIGREEN,2026-09-04,1288.4000,1294.5000,1278.8000,1287.0000,67718.0000,1286.4370,1304.3000,1284.0000,1299.1000,1301.3000,35.0000,60.0000,135.0000,320.0000,,,,,,,,,,,,,yahoo
ADANIPORTS,2026-09-04,1705.7000,1707.8000,1692.4000,1704.8000,90420.0000,1703.3418,1716.6000,1702.4000,1706.7000,1707.3000,30.0000,,,,,,,,,,,,,,,,yahoo
ADANIPOWER,2026-09-04,208.2400,208.9000,207.0100,207.8600,1042501.0000,208.0879,208.4900,206.7500,206.8900,207.2000,,,,,,,,,200.0000,,,,,,,,yahoo
AMBUJACEM,2026-09-04,405.3000,405.6000,404.2500,405.2000,53771.0000,404.8869,408.2000,404.5000,405.0000,405.0000,110.0000,,,,,,,,,,,,,,,,yahoo
APOLLOHOSP,2026-09-04,8712.5000,8727.0000,8696.0000,8710.5000,15213.0000,8713.0531,8713.5000,8649.0000,8649.0000,8650.0000,,,,,,,,,95.0000,,,,,,,,yahoo
ASIANPAINT,2026-09-04,2537.8000,2543.8000,2535.0000,2541.5000,32189.0000,2539.9737,2553.0000,2520.0000,2527.5000,2527.3000,,,,,,,,,220.0000,240.0000,,,,,,,yahoo
AXISBANK,2026-09-04,1269.9000,1269.9000,1262.3000,1267.2000,152259.0000,1265.1151,1280.6000,1262.6000,1273.0000,1273.0000,115.0000,115.0000,255.0000,,,,,,,,,,,,,,yahoo
BAJAJ-AUTO,2026-09-04,11965.0000,12000.0000,11940.0000,11976.0000,13201.0000,11982.3148,12022.0000,11875.0000,11911.0000,11919.0000,,,,,,,,,160.0000,245.0000,,,,,,,yahoo
BAJAJFINSV,2026-09-04,1982.0000,1994.2000,1982.0000,1990.3000,14025.0000,1990.5470,1992.7000,1971.1000,1975.0000,1970.0000,,,,,,,,,140.0000,155.0000,,,,,,,yahoo
BAJAJHLDNG,2026-09-04,11140.0000,11196.0000,11140.0000,11194.0000,1441.0000,11162.8267,11355.0000,11100.0000,11239.0000,11162.0000,20.0000,25.0000,35.0000,45.0000,,,,,255.0000,330.0000,,,,,,,yahoo
BAJFINANCE,2026-09-04,1051.1000,1057.2000,1049.8000,1054.8000,456388.0000,1054.7921,1063.6000,1051.3000,1063.6000,1060.5000,220.0000,330.0000,,,,,,,,,,,,,,,yahoo
BANKBARODA,2026-09-04,242.3700,242.3700,240.2500,240.3000,419954.0000,240.5827,241.4200,239.1000,239.5000,239.0000,,,,,,,,,,,,,,,,,yahoo
BEL,2026-09-04,408.9000,411.6000,408.5000,410.7000,564950.0000,410.5577,413.0000,406.6000,407.0500,405.3500,10.0000,,,,,,,,160.0000,280.0000,,,,,,,yahoo
BHARTIARTL,2026-09-04,1868.2000,1869.9000,1861.1000,1862.3000,150872.0000,1864.1699,1870.4000,1846.5000,1849.5000,1840.0000,,,,,,,,,220.0000,300.0000,,,,,,,yahoo
BOSCHLTD,2026-09-04,46900.0000,46970.0000,46725.0000,46760.0000,1959.0000,46827.8348,46990.0000,46660.0000,46940.0000,46820.0000,,,,,,,,,,,,,,,,,yahoo
BPCL,2026-09-04,319.4000,320.2500,318.3000,318.8500,74757.0000,318.8536,320.5500,316.8500,317.0500,315.7000,25.0000,,,,,,,,165.0000,,,,,,,,yahoo
BRITANNIA,2026-09-04,5153.5000,5153.5000,5111.5000,5115.5000,10459.0000,5116.1274,5160.5000,5090.5000,5101.5000,5101.5000,30.0000,35.0000,,,,,,,,,,,,,,,yahoo
CANBK,2026-09-04,126.2000,126.7700,126.1700,126.3000,647022.0000,126.4181,127.2900,126.0700,126.1300,125.5000,100.0000,115.0000,,,,,,,,,,,,,,,yahoo
CGPOWER,2026-09-04,896.0000,896.0000,888.0500,891.4000,210304.0000,892.3033,899.4000,890.5000,895.0000,891.0000,15.0000,70.0000,,,,,,,,,,,,,,,yahoo
CHOLAFIN,2026-09-04,1842.0000,1856.9000,1842.0000,1853.9000,64753.0000,1853.9148,1859.5000,1828.5000,1839.0000,1839.0000,,,,,,,,,85.0000,140.0000,155.0000,325.0000,,,,,yahoo
CIPLA,2026-09-04,1394.7000,1396.5000,1376.7000,1378.0000,119744.0000,1382.9087,1393.9000,1375.7000,1384.0000,1385.0000,10.0000,25.0000,70.0000,,,,,,,,,,,,,,yahoo
COALINDIA,2026-09-04,415.3000,415.4000,412.5500,413.7500,679156.0000,413.7455,416.1000,413.1500,413.9000,415.3500,125.0000,,,,,,,,,,,,,,,,yahoo
CUMMINSIND,2026-09-04,5071.5000,5083.0000,5039.5000,5050.5000,24388.0000,5065.7811,5068.5000,5013.5000,5045.0000,5035.0000,,,,,,,,,210.0000,,,,,,,,yahoo
DIVISLAB,2026-09-04,9257.0000,9261.0000,9150.0000,9159.0000,33705.0000,9177.8079,9229.0000,9100.0000,9100.0000,9100.0000,115.0000,120.0000,,,,,,,330.0000,,,,,,,,yahoo
DLF,2026-09-04,682.5500,685.9500,680.8000,682.1500,148241.0000,684.2336,689.7500,681.1500,681.1500,681.9000,15.0000,20.0000,145.0000,,,,,,,,,,,,,,yahoo
DMART,2026-09-04,3764.6001,3772.6001,3750.7000,3759.3000,15701.0000,3764.1677,3779.8999,3747.1001,3766.0000,3770.0000,180.0000,,,,,,,,,,,,,,,,yahoo
DRREDDY,2026-09-04,1166.0000,1166.0000,1157.0000,1158.5000,28329.0000,1159.3762,1165.5000,1154.8000,1155.7000,1151.0000,45.0000,,,,,,,,,,,,,,,,yahoo
EICHERMOT,2026-09-04,7637.0000,7644.5000,7596.0000,7618.0000,30329.0000,7618.5663,7663.5000,7593.0000,7649.0000,7630.5000,115.0000,,,,,,,,,,,,,,,,yahoo
ENRIN,2026-09-04,3168.6001,3186.7000,3126.6001,3140.0000,34504.0000,3137.6939,3147.5000,3107.3000,3114.5000,3115.1001,,,,,,,,,85.0000,195.0000,305.0000,,,,,,yahoo
ETERNAL,2026-09-04,325.3000,327.5000,325.3000,326.6500,1236474.0000,326.2256,327.4500,320.8500,322.4500,322.7500,,,,,,,,,40.0000,85.0000,140.0000,250.0000,300.0000,,,,yahoo
GAIL,2026-09-04,173.9700,174.1000,173.3100,173.7400,217766.0000,173.7026,173.9500,171.9300,173.0000,173.4000,,,,,,,,,60.0000,120.0000,135.0000,,,,,,yahoo
GODREJCP,2026-09-04,875.6000,875.9000,866.2000,867.5000,190943.0000,869.0598,880.0000,867.3000,878.7500,878.0000,25.0000,35.0000,35.0000,210.0000,,,,,,,,,,,,,yahoo
GRASIM,2026-09-04,3313.2000,3323.3999,3271.6001,3319.3000,83130.0000,3301.0011,3332.6001,3308.0000,3322.0000,3322.0000,,,,,,,,,,,,,,,,,yahoo
HAL,2026-09-04,4844.8999,4906.0000,4820.3999,4889.0000,298791.0000,4878.2930,4936.0000,4873.0000,4884.0000,4856.0000,10.0000,205.0000,,,,,,,,,,,,,,,yahoo
HCLTECH,2026-09-04,1324.9000,1331.4000,1312.3000,1314.7000,228439.0000,1317.8748,1315.6000,1291.4000,1293.6000,1293.4000,,,,,,,,,60.0000,165.0000,220.0000,255.0000,320.0000,,,,yahoo
HDFCAMC,2026-09-04,2514.8000,2514.8000,2491.0000,2497.3000,49070.0000,2496.8208,2499.6001,2456.1001,2462.0000,2458.3000,,,,,,,,,140.0000,210.0000,265.0000,300.0000,320.0000,,,,yahoo
HDFCBANK,2026-09-04,710.0000,711.8500,708.6500,709.8000,1339964.0000,710.1352,716.5000,709.3500,715.0000,712.1000,85.0000,115.0000,,,,,,,,,,,,,,,yahoo
HDFCLIFE,2026-09-04,534.9000,540.2500,533.9000,536.8000,328415.0000,536.8716,548.0000,536.8000,544.0500,546.4000,10.0000,15.0000,15.0000,20.0000,20.0000,20.0000,,,,,,,,,,,yahoo
HINDALCO,2026-09-04,1013.1000,1013.1000,1006.1000,1009.4000,142592.0000,1008.3984,1020.8000,1005.1000,1014.7000,1011.0000,240.0000,245.0000,255.0000,,,,,,,,,,,,,,yahoo
HINDUNILVR,2026-09-04,1967.1000,1967.3000,1952.7000,1953.5000,88092.0000,1956.3296,1984.0000,1951.3000,1973.0000,1973.4000,35.0000,45.0000,75.0000,80.0000,115.0000,,,,,,,,,,,,yahoo
HINDZINC,2026-09-04,597.9000,597.9000,592.5000,593.7000,249899.0000,594.1832,602.7000,592.0500,599.0000,601.0000,65.0000,120.0000,120.0000,225.0000,255.0000,,,,,,,,,,,,yahoo
HYUNDAI,2026-09-04,2152.0000,2162.8999,2151.2000,2160.6001,22043.0000,2159.3070,2214.5000,2153.2000,2205.0000,2205.0000,35.0000,35.0000,60.0000,95.0000,105.0000,145.0000,,,,,,,,,,,yahoo
ICICIBANK,2026-09-04,1433.0000,1435.4000,1423.7000,1424.0000,622651.0000,1425.7975,1438.1000,1422.3000,1423.6000,1423.2000,55.0000,85.0000,,,,,,,,,,,,,,,yahoo
INDHOTEL,2026-09-04,731.6000,731.6000,726.0000,726.2000,99127.0000,728.6814,728.2000,717.5000,719.9000,720.0000,,,,,,,,,65.0000,80.0000,220.0000,,,,,,yahoo
INDIGO,2026-09-04,4988.0000,5034.0000,4982.5000,5008.0000,36493.0000,5022.4755,5018.0000,4977.0000,4977.0000,4977.0000,,,,,,,,,175.0000,,,,,,,,yahoo
INFY,2026-09-04,1133.2000,1146.7000,1133.2000,1141.6000,377110.0000,1140.3827,1141.6000,1126.8000,1128.5000,1130.0000,,,,,,,,,30.0000,55.0000,60.0000,305.0000,,,,,yahoo
IOC,2026-09-04,137.1000,137.4000,136.8700,137.0700,375580.0000,137.0930,137.7600,137.0700,137.3700,137.6000,120.0000,,,,,,,,,,,,,,,,yahoo
IRFC,2026-09-04,82.7500,83.5600,82.7500,82.8800,672558.0000,83.0688,83.9200,82.8700,83.4000,83.4000,40.0000,50.0000,105.0000,115.0000,,,,,,,,,,,,,yahoo
ITC,2026-09-04,263.9500,263.9500,262.7000,263.7000,464990.0000,263.5981,266.2500,263.7000,264.7500,264.1000,55.0000,105.0000,,,,,,,,,,,,,,,yahoo
JINDALSTEL,2026-09-04,1149.1000,1150.3000,1142.0000,1142.3000,33209.0000,1145.2162,1170.9000,1138.7000,1163.8000,1165.0000,210.0000,230.0000,240.0000,240.0000,245.0000,255.0000,260.0000,,,,,,,,,,yahoo
JIOFIN,2026-09-04,237.8000,239.8000,237.8000,239.6900,945365.0000,239.2927,240.6100,238.2600,239.8300,239.5000,,,,,,,,,70.0000,,,,,,,,yahoo
JSWSTEEL,2026-09-04,1309.2000,1309.2000,1302.7000,1304.6000,20079.0000,1304.4234,1331.6000,1300.1000,1325.0000,1325.0000,210.0000,235.0000,240.0000,245.0000,260.0000,280.0000,,,,,,,,,,,yahoo
KOTAKBANK,2026-09-04,423.1500,424.2500,422.0500,423.1000,1682769.0000,423.0394,425.9000,423.1000,424.7000,424.5000,125.0000,,,,,,,,,,,,,,,,yahoo
LODHA,2026-09-04,1226.9000,1232.6000,1219.7000,1231.0000,120708.0000,1228.2828,1237.8000,1209.5000,1219.0000,1222.0000,30.0000,,,,,,,,70.0000,160.0000,165.0000,195.0000,200.0000,,,,yahoo
LT,2026-09-04,3989.8999,3989.8999,3969.0000,3978.3000,151154.0000,3979.2691,3994.5000,3974.0000,3988.0000,3964.1001,,,,,,,,,,,,,,,,,yahoo
LTM,2026-09-04,4582.2002,4653.2002,4582.2002,4610.0000,27643.0000,4618.4466,4612.1001,4545.2998,4570.0000,4554.0000,,,,,,,,,10.0000,10.0000,25.0000,270.0000,,,,,yahoo
M&M,2026-09-04,3156.7000,3164.2000,3145.0000,3155.2000,86678.0000,3157.4489,3185.3000,3154.8999,3175.0000,3170.0000,50.0000,305.0000,,,,,,,,,,,,,,,yahoo
MARUTI,2026-09-04,12842.0000,12842.0000,12756.0000,12764.0000,18778.0000,12777.7313,12811.0000,12656.0000,12680.0000,12694.0000,,,,,,,,,195.0000,250.0000,,,,,,,yahoo
MAXHEALTH,2026-09-04,997.6000,997.6000,990.6000,993.7000,26156.0000,993.4436,1000.5000,981.7000,983.9000,984.8000,25.0000,,,,,,,,225.0000,240.0000,330.0000,,,,,,yahoo
MAZDOCK,2026-09-04,2493.3000,2504.0000,2490.3000,2493.3999,58935.0000,2498.3719,2546.6001,2475.0000,2475.0000,2475.0000,10.0000,15.0000,15.0000,20.0000,20.0000,30.0000,,,325.0000,,,,,,,,yahoo
MOTHERSON,2026-09-04,162.8800,162.8800,161.3100,161.7000,380157.0000,161.7063,162.2400,160.2600,161.6000,160.7000,,,,,,,,,85.0000,190.0000,,,,,,,yahoo
MUTHOOTFIN,2026-09-04,2971.8999,2978.8999,2946.0000,2951.2000,51328.0000,2958.8859,2952.7000,2913.8000,2913.8000,2913.8000,,,,,,,,,70.0000,125.0000,130.0000,185.0000,,,,,yahoo
NESTLEIND,2026-09-04,1408.0000,1412.6000,1404.5000,1408.0000,36942.0000,1407.8700,1420.0000,1403.1000,1406.5000,1410.5000,20.0000,35.0000,,,,,,,,,,,,,,,yahoo
NTPC,2026-09-04,332.1500,332.1500,330.1000,330.4000,200629.0000,330.5358,334.0000,329.8000,333.3500,332.5000,70.0000,320.0000,325.0000,,,,,,,,,,,,,,yahoo
ONGC,2026-09-04,235.4100,235.4100,233.7900,234.3300,370904.0000,234.1847,235.4300,233.8300,234.6500,234.6500,,,,,,,,,,,,,,,,,yahoo
PFC,2026-09-04,344.9000,346.6500,344.5000,345.7000,286665.0000,345.8590,357.6500,345.7000,355.9000,355.6000,70.0000,70.0000,120.0000,125.0000,140.0000,140.0000,150.0000,160.0000,,,,,,,,,yahoo
PIDILITIND,2026-09-04,1635.7000,1638.3000,1627.2000,1627.7000,21271.0000,1631.6255,1637.0000,1625.0000,1636.0000,1629.5000,170.0000,,,,,,,,,,,,,,,,yahoo
PNB,2026-09-04,116.6500,117.0900,116.5200,116.8900,328504.0000,116.8986,118.0200,116.7200,117.2400,117.0000,100.0000,105.0000,,,,,,,,,,,,,,,yahoo
POWERGRID,2026-09-04,266.6500,267.3500,265.8000,266.3500,450565.0000,266.3261,267.1500,265.0500,266.2500,266.0000,,,,,,,,,,,,,,,,,yahoo
RECLTD,2026-09-04,313.6000,314.9000,313.3000,314.1500,180109.0000,314.2903,320.0500,314.1500,318.2000,318.7000,140.0000,145.0000,145.0000,155.0000,165.0000,,,,,,,,,,,,yahoo
RELIANCE,2026-09-04,1304.1000,1321.9000,1304.1000,1313.8000,846152.0000,1315.4268,1333.0000,1313.7000,1327.4000,1322.0000,5.0000,10.0000,10.0000,10.0000,,,,,,,,,,,,,yahoo
SBILIFE,2026-09-04,1715.0000,1723.6000,1710.6000,1721.5000,43328.0000,1719.4406,1775.0000,1721.2000,1775.0000,1775.0000,20.0000,20.0000,25.0000,45.0000,55.0000,70.0000,95.0000,330.0000,,,,,,,,,yahoo
SBIN,2026-09-04,1026.0000,1026.0000,1020.7000,1023.8000,312757.0000,1023.0193,1029.0000,1016.1000,1018.6000,1016.1000,105.0000,,,,,,,,275.0000,320.0000,,,,,,,yahoo
SHREECEM,2026-09-04,23800.0000,23940.0000,23780.0000,23865.0000,810.0000,23857.0370,24115.0000,23855.0000,23855.0000,23855.0000,20.0000,30.0000,45.0000,,,,,,,,,,,,,,yahoo
SHRIRAMFIN,2026-09-04,1044.2000,1050.5000,1042.6000,1050.0000,255397.0000,1048.1362,1052.7000,1037.1000,1041.0000,1041.0000,,,,,,,,,125.0000,145.0000,210.0000,,,,,,yahoo
SIEMENS,2026-09-04,4042.0000,4042.0000,3993.8000,4011.0000,14173.0000,4013.0288,4022.0000,3975.0000,3977.0000,3977.0000,,,,,,,,,90.0000,165.0000,,,,,,,yahoo
SOLARINDS,2026-09-04,21550.0000,21685.0000,21440.0000,21585.0000,23768.0000,21591.5261,21660.0000,21350.0000,21450.0000,21445.0000,,,,,,,,,95.0000,150.0000,180.0000,,,,,,yahoo
SUNPHARMA,2026-09-04,1913.7000,1916.7000,1905.3000,1906.5000,46002.0000,1907.8295,1910.8000,1895.8000,1899.1000,1899.0000,,,,,,,,,325.0000,,,,,,,,yahoo
TATACAP,2026-09-04,372.0000,375.0000,372.0000,373.0000,84606.0000,374.1664,376.8500,371.4000,375.5000,375.2500,185.0000,185.0000,185.0000,,,,,,,,,,,,,,yahoo
TATACONSUM,2026-09-04,1022.8000,1022.8000,1014.4000,1016.3000,34747.0000,1017.1988,1020.9000,1008.6000,1011.8000,1010.0000,,,,,,,,,170.0000,305.0000,,,,,,,yahoo
TATAPOWER,2026-09-04,365.7000,366.4000,364.2000,365.4500,218928.0000,365.5534,368.4500,365.2000,366.1500,368.0000,75.0000,235.0000,,,,,,,,,,,,,,,yahoo
TATASTEEL,2026-09-04,184.2000,184.4700,183.7100,183.9000,859163.0000,184.0020,189.9000,182.8400,189.3000,188.7900,230.0000,235.0000,240.0000,240.0000,240.0000,245.0000,245.0000,255.0000,150.0000,,,,,,,,yahoo
TCS,2026-09-04,2332.3000,2363.8999,2327.0000,2333.0000,342751.0000,2336.1862,2333.2000,2302.5000,2309.2000,2304.0000,,,,,,,,,30.0000,220.0000,275.0000,325.0000,,,,,yahoo
TECHM,2026-09-04,1606.0000,1623.4000,1603.8000,1607.2000,106456.0000,1609.8186,1607.4000,1587.0000,1587.7000,1596.9000,,,,,,,,,55.0000,230.0000,255.0000,325.0000,,,,,yahoo
TITAN,2026-09-04,5005.5000,5022.0000,4990.0000,5017.0000,45370.0000,5005.6491,5022.0000,4980.0000,5018.0000,5020.0000,,,,,,,,,130.0000,,,,,,,,yahoo
TMCV,2026-09-04,462.8500,469.2000,459.0500,466.4500,1099264.0000,466.0424,466.8500,456.2000,457.2000,457.5000,,,,,,,,,45.0000,120.0000,125.0000,125.0000,130.0000,210.0000,,,yahoo
TMPV,2026-09-04,312.0000,313.7500,310.9000,313.4500,455897.0000,312.8297,315.5000,311.5000,312.0000,311.5000,15.0000,,,,,,,,320.0000,,,,,,,,yahoo
TORNTPHARM,2026-09-04,4922.0000,4941.0000,4895.5000,4909.5000,9866.0000,4909.3322,4931.5000,4823.5000,4857.0000,4857.0000,,,,,,,,,125.0000,125.0000,160.0000,200.0000,215.0000,,,,yahoo
TRENT,2026-09-04,2849.0000,2873.3999,2835.1001,2870.2000,88796.0000,2854.2032,2879.0000,2842.0000,2859.0000,2853.0000,,,,,,,,,140.0000,155.0000,,,,,,,yahoo
TVSMOTOR,2026-09-04,4166.3999,4196.2998,4166.3999,4183.1001,27094.0000,4187.5730,4189.1001,4128.8999,4142.3999,4133.1001,,,,,,,,,80.0000,100.0000,160.0000,325.0000,,,,,yahoo
ULTRACEMCO,2026-09-04,11375.0000,11433.0000,11292.0000,11339.0000,19935.0000,11318.3337,11423.0000,11293.0000,11330.0000,11408.0000,290.0000,,,,,,,,,,,,,,,,yahoo
UNIONBANK,2026-09-04,189.0000,189.0000,187.8100,188.0800,331036.0000,188.1080,189.9000,187.1000,187.8200,187.2200,100.0000,165.0000,,,,,,,30.0000,,,,,,,,yahoo
UNITDSPR,2026-09-04,1489.9000,1489.9000,1480.3000,1482.0000,9820.0000,1482.7683,1484.3000,1463.1000,1465.6000,1471.7000,,,,,,,,,65.0000,75.0000,90.0000,155.0000,,,,,yahoo
VBL,2026-09-04,407.5500,409.7500,406.7500,409.0000,280518.0000,408.8871,412.6500,406.5000,406.8000,407.6000,35.0000,35.0000,,,,,,,270.0000,,,,,,,,yahoo
VEDL,2026-09-04,272.0000,272.0000,269.7500,269.7500,469293.0000,270.5544,274.5000,268.8500,272.2500,272.1000,65.0000,65.0000,220.0000,245.0000,255.0000,,,,,,,,,,,,yahoo
WIPRO,2026-09-04,176.8000,178.7200,176.8000,178.2500,1116961.0000,178.0793,178.3000,176.8000,177.1000,176.4000,,,,,,,,,60.0000,320.0000,,,,,,,yahoo
ZYDUSLIFE,2026-09-04,1146.0000,1146.0000,1125.1000,1131.3000,55287.0000,1130.0219,1141.8000,1123.0000,1124.2000,1120.0000,25.0000,25.0000,,,,,,,305.0000,,,,,,,,yahoo
ABB,2026-09-07,7430.0000,7456.0000,7410.0000,7422.0000,6215.0000,7423.5394,7447.5000,7327.0000,7350.0000,7434.0000,,,,,,,,,80.0000,320.0000,330.0000,330.0000,,,,,yahoo
ADANIENSOL,2026-09-07,1408.8000,1411.7000,1388.3000,1406.5000,156005.0000,1399.1405,1418.4000,1387.9000,1390.4000,1390.4000,15.0000,15.0000,,,,,,,110.0000,160.0000,265.0000,325.0000,,,,,yahoo
ADANIENT,2026-09-07,2933.3000,2950.3000,2927.5000,2945.0000,76551.0000,2937.6358,2963.7000,2918.5000,2940.0000,2950.0000,15.0000,,,,,,,,45.0000,105.0000,,,,,,,yahoo
ADANIGREEN,2026-09-07,1301.1000,1309.5000,1291.7000,1302.2000,84932.0000,1297.8166,1309.8000,1285.4000,1286.0000,1288.0000,15.0000,,,,,,,,115.0000,300.0000,320.0000,325.0000,,,,,yahoo
ADANIPORTS,2026-09-07,1712.2000,1714.4000,1705.0000,1706.5000,95283.0000,1706.9843,1708.0000,1688.6000,1690.0000,1694.3000,,,,,,,,,45.0000,105.0000,330.0000,,,,,,yahoo
ADANIPOWER,2026-09-07,206.8700,208.5200,205.5100,207.4000,1537911.0000,206.4798,207.8700,204.3700,204.6000,204.4900,,,,,,,,,35.0000,40.0000,105.0000,170.0000,,,,,yahoo
AMBUJACEM,2026-09-07,404.0000,404.9500,401.1000,403.2500,72720.0000,402.2449,403.6500,399.0000,399.4000,398.6000,,,,,,,,,75.0000,80.0000,330.0000,,,,,,yahoo
APOLLOHOSP,2026-09-07,8675.0000,8700.0000,8651.0000,8674.5000,9307.0000,8681.1834,8834.5000,8663.5000,8782.0000,8760.0000,40.0000,60.0000,70.0000,255.0000,325.0000,,,,,,,,,,,,yahoo
ASIANPAINT,2026-09-07,2516.0000,2523.1001,2513.6001,2515.8000,18615.0000,2516.3065,2518.0000,2490.0000,2500.8999,2500.8999,,,,,,,,,115.0000,125.0000,140.0000,,,,,,yahoo
AXISBANK,2026-09-07,1271.0000,1271.0000,1265.3000,1267.4000,122276.0000,1267.2387,1269.5000,1262.1000,1266.0000,1266.0000,,,,,,,,,,,,,,,,,yahoo
BAJAJ-AUTO,2026-09-07,11848.0000,11848.0000,11738.0000,11766.0000,13758.0000,11765.4618,11833.0000,11741.0000,11800.0000,11800.0000,250.0000,,,,,,,,,,,,,,,,yahoo
BAJAJFINSV,2026-09-07,1968.0000,1971.7000,1961.8000,1964.0000,14357.0000,1965.2048,1968.8000,1942.2000,1942.2000,1938.6000,,,,,,,,,185.0000,295.0000,330.0000,,,,,,yahoo
BAJAJHLDNG,2026-09-07,11194.0000,11194.0000,11000.0000,11018.0000,2586.0000,11042.4398,11131.0000,10956.0000,10956.0000,10956.0000,180.0000,180.0000,255.0000,,,,,,330.0000,,,,,,,,yahoo
BAJFINANCE,2026-09-07,1066.0000,1069.9000,1060.9000,1061.0000,178020.0000,1063.6840,1065.0000,1055.3000,1060.0000,1060.0000,,,,,,,,,185.0000,,,,,,,,yahoo
BANKBARODA,2026-09-07,239.8000,240.9000,238.3900,238.6900,393404.0000,238.6905,238.7700,235.3800,236.5000,237.0000,,,,,,,,,35.0000,40.0000,90.0000,185.0000,,,,,yahoo
BEL,2026-09-07,407.3500,407.9500,406.0500,407.4500,454352.0000,407.0449,409.1000,404.8000,405.8000,404.0000,,,,,,,,,235.0000,,,,,,,,yahoo
BHARTIARTL,2026-09-07,1844.9000,1853.8000,1842.5000,1852.1000,318834.0000,1852.3891,1854.0000,1830.5000,1854.0000,1854.0000,,,,,,,,,40.0000,65.0000,75.0000,,,,,,yahoo
BOSCHLTD,2026-09-07,46620.0000,47185.0000,46540.0000,47100.0000,2668.0000,47084.3722,48520.0000,47030.0000,48025.0000,48025.0000,55.0000,60.0000,95.0000,100.0000,100.0000,110.0000,175.0000,195.0000,,,,,,,,,yahoo
BPCL,2026-09-07,315.4000,316.6000,314.0500,314.2000,176469.0000,314.4633,314.7500,311.3000,311.5000,312.9000,,,,,,,,,50.0000,155.0000,,,,,,,yahoo
BRITANNIA,2026-09-07,5105.5000,5105.5000,5032.0000,5049.0000,48155.0000,5053.4671,5059.0000,5006.5000,5010.5000,5042.5000,,,,,,,,,300.0000,325.0000,,,,,,,yahoo
CANBK,2026-09-07,126.0600,126.2500,124.5800,125.2700,1261466.0000,124.8677,125.2700,124.1000,124.2800,124.0000,,,,,,,,,35.0000,85.0000,,,,,,,yahoo
CGPOWER,2026-09-07,901.5500,911.5500,900.5000,904.7000,900183.0000,905.9082,908.4000,894.6000,900.0000,895.0000,,,,,,,,,35.0000,65.0000,170.0000,,,,,,yahoo
CHOLAFIN,2026-09-07,1831.0000,1833.6000,1816.0000,1816.7000,34077.0000,1824.0729,1848.2000,1798.7000,1848.2000,1848.2000,95.0000,125.0000,145.0000,285.0000,330.0000,,,,15.0000,90.0000,,,,,,,yahoo
CIPLA,2026-09-07,1383.9000,1384.8000,1377.5000,1379.3000,25783.0000,1380.4888,1395.7000,1377.4000,1395.0000,1395.0000,60.0000,300.0000,310.0000,,,,,,,,,,,,,,yahoo
COALINDIA,2026-09-07,415.7500,420.0500,415.7500,417.6000,2103362.0000,417.4973,419.8500,413.5000,416.8500,418.8500,145.0000,,,,,,,,50.0000,60.0000,,,,,,,yahoo
CUMMINSIND,2026-09-07,5044.0000,5055.0000,5019.0000,5047.0000,19244.0000,5041.6849,5072.0000,4988.5000,5030.0000,5030.0000,,,,,,,,,235.0000,300.0000,310.0000,,,,,,yahoo
DIVISLAB,2026-09-07,9140.5000,9195.0000,9129.5000,9184.0000,17007.0000,9173.0582,9300.0000,9179.5000,9299.0000,9315.0000,35.0000,55.0000,55.0000,330.0000,,,,,,,,,,,,,yahoo
DLF,2026-09-07,680.3500,680.3500,676.2000,678.2500,73062.0000,677.4271,680.3500,674.5000,676.0000,672.7000,,,,,,,,,125.0000,,,,,,,,yahoo
DMART,2026-09-07,3766.3999,3766.3999,3730.0000,3740.0000,24834.0000,3739.5996,3742.0000,3682.7000,3706.5000,3710.0000,,,,,,,,,35.0000,80.0000,120.0000,275.0000,305.0000,,,,yahoo
DRREDDY,2026-09-07,1151.7000,1152.0000,1148.0000,1151.1000,25724.0000,1149.9832,1161.8000,1148.5000,1150.0000,1144.2000,15.0000,15.0000,,,,,,,,,,,,,,,yahoo
EICHERMOT,2026-09-07,7670.0000,7686.5000,7623.0000,7680.0000,21367.0000,7653.9429,7728.0000,7623.0000,7705.5000,7672.0000,230.0000,,,,,,,,90.0000,,,,,,,,yahoo
ENRIN,2026-09-07,3125.0000,3174.0000,3125.0000,3168.8000,58397.0000,3159.0127,3185.0000,3117.6001,3120.6001,3118.5000,15.0000,,,,,,,,125.0000,125.0000,165.0000,175.0000,290.0000,,,,yahoo
ETERNAL,2026-09-07,324.8000,325.7000,322.6000,323.1000,1337447.0000,324.1468,324.4500,319.7000,321.1000,320.8000,,,,,,,,,40.0000,305.0000,310.0000,,,,,,yahoo
GAIL,2026-09-07,173.3500,174.6000,173.1600,174.1800,547730.0000,173.8053,177.2800,174.1800,175.5000,176.0000,5.0000,15.0000,15.0000,25.0000,40.0000,,,,,,,,,,,,yahoo
GODREJCP,2026-09-07,877.7000,877.7000,868.3000,871.1000,96239.0000,870.5127,871.3500,857.3000,859.4000,861.9000,,,,,,,,,35.0000,70.0000,80.0000,205.0000,280.0000,,,,yahoo
GRASIM,2026-09-07,3316.5000,3316.5000,3298.1001,3308.8999,32474.0000,3306.2079,3327.6001,3293.0000,3302.3999,3302.3999,145.0000,,,,,,,,,,,,,,,,yahoo
HAL,2026-09-07,4899.0000,4905.7998,4851.1001,4869.3999,43944.0000,4867.4193,4909.8999,4837.2998,4840.0000,4855.2002,5.0000,20.0000,,,,,,,330.0000,,,,,,,,yahoo
HCLTECH,2026-09-07,1270.7000,1282.6000,1268.2000,1276.0000,117616.0000,1276.7896,1286.6000,1263.2000,1282.8000,1282.8000,330.0000,330.0000,,,,,,,85.0000,160.0000,240.0000,,,,,,yahoo
HDFCAMC,2026-09-07,2464.8000,2469.0000,2445.0000,2458.7000,37551.0000,2455.5510,2460.8999,2440.1001,2446.0000,2432.0000,,,,,,,,,40.0000,325.0000,,,,,,,yahoo
HDFCBANK,2026-09-07,712.6000,713.0000,709.5500,710.4000,924993.0000,711.3952,712.1000,707.4000,710.3500,710.5000,,,,,,,,,,,,,,,,,yahoo
HDFCLIFE,2026-09-07,543.8500,543.8500,538.5000,541.0000,176180.0000,540.2554,542.4500,536.6500,536.6500,533.2000,,,,,,,,,35.0000,325.0000,,,,,,,yahoo
HINDALCO,2026-09-07,1011.0000,1014.4000,1006.7000,1008.7000,106210.0000,1008.2566,1009.0000,1000.5000,1006.0000,1006.0000,,,,,,,,,50.0000,220.0000,,,,,,,yahoo
HINDUNILVR,2026-09-07,1971.4000,1972.0000,1959.9000,1965.5000,48440.0000,1963.5188,1971.3000,1960.8000,1966.4000,1960.0000,,,,,,,,,,,,,,,,,yahoo
HINDZINC,2026-09-07,595.1500,595.7000,591.3000,594.8000,306835.0000,592.7538,595.5000,587.7500,588.9500,589.1500,,,,,,,,,45.0000,110.0000,195.0000,,,,,,yahoo
HYUNDAI,2026-09-07,2208.8000,2213.8000,2197.3999,2202.7000,35942.0000,2203.6818,2224.5000,2196.3000,2210.0000,2210.0000,170.0000,175.0000,,,,,,,,,,,,,,,yahoo
ICICIBANK,2026-09-07,1427.0000,1434.1000,1423.6000,1431.1000,497547.0000,1429.5083,1431.4000,1422.7000,1423.5000,1427.5000,,,,,,,,,105.0000,,,,,,,,yahoo
INDHOTEL,2026-09-07,718.0500,718.0500,714.2000,714.9000,66782.0000,715.3775,720.2500,709.4000,714.1000,716.2000,250.0000,,,,,,,,95.0000,100.0000,,,,,,,yahoo
INDIGO,2026-09-07,4951.5000,4969.5000,4947.5000,4967.0000,16960.0000,4958.7307,5005.0000,4962.0000,4982.0000,5001.0000,55.0000,315.0000,,,,,,,,,,,,,,,yahoo
INFY,2026-09-07,1105.0000,1109.9000,1099.7000,1100.6000,1138224.0000,1103.1331,1102.7000,1085.6000,1087.4000,1087.5000,,,,,,,,,80.0000,85.0000,130.0000,320.0000,,,,,yahoo
IOC,2026-09-07,137.3000,137.4500,136.0700,136.6200,519318.0000,136.3062,136.7000,135.3100,135.9700,135.1500,,,,,,,,,35.0000,140.0000,,,,,,,yahoo
IRFC,2026-09-07,83.6500,83.8600,82.6400,83.4800,1120335.0000,83.0975,83.7000,83.0000,83.0400,83.0000,,,,,,,,,105.0000,,,,,,,,yahoo
ITC,2026-09-07,264.2000,264.8000,263.1000,264.8000,426889.0000,263.7923,264.9000,263.0500,263.8500,263.5000,,,,,,,,,85.0000,,,,,,,,yahoo
JINDALSTEL,2026-09-07,1164.3000,1164.3000,1141.8000,1145.0000,77589.0000,1144.3590,1148.0000,1130.1000,1140.0000,1147.9000,,,,,,,,,45.0000,60.0000,65.0000,75.0000,,,,,yahoo
JIOFIN,2026-09-07,239.2500,239.2900,236.7400,237.2700,884563.0000,237.0517,237.2700,234.4200,234.8000,234.4000,,,,,,,,,80.0000,95.0000,295.0000,,,,,,yahoo
JSWSTEEL,2026-09-07,1332.0000,1334.0000,1312.1000,1321.1000,204094.0000,1317.6475,1322.2000,1301.1000,1302.4000,1302.0000,,,,,,,,,30.0000,55.0000,65.0000,315.0000,330.0000,,,,yahoo
KOTAKBANK,2026-09-07,421.8000,423.4000,421.5000,421.7000,240867.0000,422.1408,425.6500,421.0500,422.1000,422.1000,235.0000,260.0000,,,,,,,,,,,,,,,yahoo
LODHA,2026-09-07,1227.4000,1227.4000,1216.2000,1221.7000,29720.0000,1221.5482,1226.8000,1204.1000,1212.7000,1200.0000,,,,,,,,,70.0000,75.0000,95.0000,115.0000,,,,,yahoo
LT,2026-09-07,3971.5000,3979.0000,3962.3999,3972.0000,83515.0000,3974.1157,4003.8000,3965.6001,3999.0000,3999.0000,25.0000,50.0000,,,,,,,,,,,,,,,yahoo
LTM,2026-09-07,4471.1001,4519.3999,4410.1001,4415.8999,47557.0000,4450.4342,4455.0000,4405.0000,4448.0000,4448.0000,20.0000,285.0000,,,,,,,,,,,,,,,yahoo
M&M,2026-09-07,3159.8999,3164.8999,3145.2000,3162.8000,70364.0000,3158.6727,3178.0000,3150.0000,3160.0000,3160.0000,,,,,,,,,,,,,,,,,yahoo
MARUTI,2026-09-07,12653.0000,12707.0000,12627.0000,12706.0000,35359.0000,12681.2546,12833.0000,12690.0000,12760.0000,12760.0000,110.0000,170.0000,,,,,,,,,,,,,,,yahoo
MAXHEALTH,2026-09-07,982.6000,987.3000,975.7000,984.0000,156113.0000,983.8839,994.3000,977.8000,992.0000,992.0000,130.0000,160.0000,250.0000,,,,,,30.0000,,,,,,,,yahoo
MAZDOCK,2026-09-07,2500.0000,2500.0000,2462.6001,2475.5000,61603.0000,2470.7146,2491.0000,2435.5000,2443.0000,2454.2000,20.0000,,,,,,,,120.0000,195.0000,235.0000,320.0000,330.0000,,,,yahoo
MOTHERSON,2026-09-07,160.6600,162.5500,160.1200,162.2000,1106320.0000,161.9423,164.6500,162.0600,162.6000,162.0000,20.0000,245.0000,270.0000,275.0000,295.0000,,,,,,,,,,,,yahoo
MUTHOOTFIN,2026-09-07,2888.1001,2900.0000,2871.2000,2897.2000,53971.0000,2884.4247,2920.0000,2884.2000,2891.8999,2880.0000,125.0000,135.0000,,,,,,,,,,,,,,,yahoo
NESTLEIND,2026-09-07,1401.4000,1404.3000,1396.7000,1398.6000,38587.0000,1400.0004,1405.4000,1392.9000,1398.0000,1398.0000,,,,,,,,,,,,,,,,,yahoo
NTPC,2026-09-07,333.4500,333.4500,330.8000,332.2500,608637.0000,331.7765,333.0000,330.4000,332.0000,332.0000,,,,,,,,,330.0000,,,,,,,,yahoo
ONGC,2026-09-07,235.3300,235.3300,233.5200,233.8300,612520.0000,233.7399,234.1000,232.8100,233.7000,233.7000,,,,,,,,,,,,,,,,,yahoo
PFC,2026-09-07,355.9000,358.4500,354.2500,358.3000,504019.0000,356.3455,359.1000,353.0500,353.5000,353.1000,,,,,,,,,20.0000,30.0000,60.0000,60.0000,,,,,yahoo
PIDILITIND,2026-09-07,1611.4000,1628.7000,1609.1000,1611.0000,49215.0000,1613.1448,1612.0000,1575.0000,1575.0000,1575.0000,,,,,,,,,35.0000,185.0000,200.0000,205.0000,325.0000,330.0000,,,yahoo
PNB,2026-09-07,116.6200,117.1500,116.0100,116.2800,954311.0000,116.1989,116.4500,115.5500,116.0000,115.6000,,,,,,,,,40.0000,,,,,,,,yahoo
POWERGRID,2026-09-07,265.9500,266.4500,264.4500,266.1000,233624.0000,265.3522,268.8000,265.3000,266.4500,266.4500,40.0000,45.0000,85.0000,,,,,,,,,,,,,,yahoo
RECLTD,2026-09-07,317.8000,320.7000,316.2500,320.5000,382819.0000,318.2522,321.2000,316.4000,316.4000,316.4000,,,,,,,,,30.0000,60.0000,80.0000,330.0000,,,,,yahoo
RELIANCE,2026-09-07,1323.5000,1324.1000,1317.1000,1317.4000,497302.0000,1318.5831,1319.5000,1303.2000,1308.0000,1309.5000,,,,,,,,,105.0000,165.0000,310.0000,,,,,,yahoo
SBILIFE,2026-09-07,1769.0000,1769.4000,1752.1000,1758.5000,77967.0000,1756.0549,1758.7000,1728.0000,1732.1000,1732.0000,,,,,,,,,95.0000,135.0000,170.0000,185.0000,190.0000,,,,yahoo
SBIN,2026-09-07,1020.4000,1021.6000,1012.5000,1015.3000,463421.0000,1014.5547,1017.4000,1000.6000,1005.0000,1005.9000,,,,,,,,,20.0000,25.0000,45.0000,130.0000,,,,,yahoo
SHREECEM,2026-09-07,23920.0000,23920.0000,23680.0000,23735.0000,524.0000,23719.5165,23770.0000,23365.0000,23365.0000,23365.0000,,,,,,,,,30.0000,65.0000,90.0000,95.0000,330.0000,,,,yahoo
SHRIRAMFIN,2026-09-07,1045.0000,1045.0000,1033.5000,1033.6000,153742.0000,1035.4010,1039.9000,1029.4000,1035.0000,1037.0000,150.0000,,,,,,,,,,,,,,,,yahoo
SIEMENS,2026-09-07,3994.7000,3998.0000,3975.0000,3982.0000,8402.0000,3981.9305,3985.3000,3905.2000,3927.0000,3927.0000,,,,,,,,,35.0000,55.0000,60.0000,120.0000,195.0000,,,,yahoo
SOLARINDS,2026-09-07,21525.0000,21850.0000,21505.0000,21835.0000,28887.0000,21763.0128,22195.0000,21740.0000,21860.0000,21950.0000,10.0000,15.0000,20.0000,20.0000,20.0000,,,,,,,,,,,,yahoo
SUNPHARMA,2026-09-07,1900.4000,1901.2000,1893.5000,1900.0000,55473.0000,1898.1692,1907.8000,1883.9000,1890.0000,1895.0000,,,,,,,,,120.0000,195.0000,,,,,,,yahoo
TATACAP,2026-09-07,374.9500,374.9500,368.5500,368.6000,64880.0000,369.4556,370.9000,365.6500,369.6000,369.5000,320.0000,,,,,,,,195.0000,200.0000,,,,,,,yahoo
TATACONSUM,2026-09-07,1012.6000,1012.6000,1007.5000,1009.2000,72949.0000,1009.2532,1019.7000,1004.3000,1012.7000,1015.0000,95.0000,100.0000,290.0000,,,,,,,,,,,,,,yahoo
TATAPOWER,2026-09-07,366.9000,368.6000,364.6000,365.8000,180996.0000,365.4181,366.9500,363.4000,365.7000,365.7000,,,,,,,,,30.0000,,,,,,,,yahoo
TATASTEEL,2026-09-07,189.2100,189.9100,186.3700,186.8000,2158523.0000,186.8044,186.8700,184.3700,184.9900,185.6100,,,,,,,,,25.0000,30.0000,35.0000,195.0000,,,,,yahoo
TCS,2026-09-07,2284.8000,2299.8999,2272.8999,2281.0000,265578.0000,2284.5486,2288.0000,2260.1001,2270.0000,2270.0000,,,,,,,,,135.0000,225.0000,,,,,,,yahoo
TECHM,2026-09-07,1584.2000,1584.2000,1559.1000,1559.8000,115161.0000,1567.3993,1569.8000,1545.4000,1557.0000,1564.0000,15.0000,,,,,,,,190.0000,215.0000,,,,,,,yahoo
TITAN,2026-09-07,5011.5000,5017.5000,4978.5000,4983.0000,22791.0000,4996.2669,5004.5000,4961.5000,4983.0000,4995.0000,,,,,,,,,,,,,,,,,yahoo
TMCV,2026-09-07,459.0500,459.6000,456.1000,458.3500,253404.0000,457.4146,461.9000,454.2500,459.4000,460.0000,10.0000,10.0000,,,,,,,120.0000,120.0000,,,,,,,yahoo
TMPV,2026-09-07,311.9500,312.0000,309.9000,311.0500,343930.0000,310.4455,311.1500,307.0000,307.4000,307.0000,,,,,,,,,80.0000,100.0000,120.0000,330.0000,,,,,yahoo
TORNTPHARM,2026-09-07,4875.0000,4875.0000,4829.0000,4842.0000,19912.0000,4843.3361,4915.0000,4838.0000,4900.0000,4914.0000,10.0000,10.0000,35.0000,60.0000,65.0000,,,,,,,,,,,,yahoo
TRENT,2026-09-07,2849.3000,2854.3999,2836.5000,2840.2000,19519.0000,2845.1221,2843.1001,2773.0000,2814.5000,2814.5000,,,,,,,,,30.0000,35.0000,35.0000,70.0000,75.0000,110.0000,,,yahoo
TVSMOTOR,2026-09-07,4131.1001,4146.7998,4122.7998,4136.7998,18802.0000,4137.0096,4152.6001,4105.3999,4142.0000,4132.0000,,,,,,,,,75.0000,75.0000,,,,,,,yahoo
ULTRACEMCO,2026-09-07,11359.0000,11359.0000,11261.0000,11278.0000,8073.0000,11276.7670,11279.0000,11181.0000,11190.0000,11175.0000,,,,,,,,,65.0000,325.0000,,,,,,,yahoo
UNIONBANK,2026-09-07,187.8000,187.8000,185.1300,185.8500,561015.0000,185.6380,186.0400,183.2300,186.0400,186.0400,,,,,,,,,5.0000,35.0000,40.0000,65.0000,,,,,yahoo
UNITDSPR,2026-09-07,1457.9000,1468.3000,1457.8000,1459.4000,16190.0000,1463.0009,1461.8000,1431.7000,1440.0000,1440.0000,,,,,,,,,60.0000,70.0000,100.0000,130.0000,160.0000,,,,yahoo
VBL,2026-09-07,406.6500,407.2500,404.5000,404.9000,676408.0000,405.2493,407.5500,404.0000,405.9500,405.9500,325.0000,,,,,,,,,,,,,,,,yahoo
VEDL,2026-09-07,272.2000,272.2000,269.0000,269.9000,642695.0000,269.4493,270.4500,267.0500,267.9500,268.0000,,,,,,,,,65.0000,325.0000,330.0000,,,,,,yahoo
WIPRO,2026-09-07,176.1700,176.2200,173.4000,173.8000,1524618.0000,173.8744,174.4300,172.6500,173.0600,172.8000,,,,,,,,,225.0000,,,,,,,,yahoo
ZYDUSLIFE,2026-09-07,1121.3000,1133.3000,1121.3000,1125.5000,46434.0000,1126.9108,1162.3000,1121.9000,1154.5000,1156.9000,55.0000,55.0000,60.0000,65.0000,100.0000,105.0000,105.0000,105.0000,,,,,,,,,yahoo
ABB,2026-09-08,7385.0000,7385.0000,7349.5000,7377.0000,10959.0000,7362.9524,7469.5000,7362.0000,7410.0000,7387.0000,40.0000,45.0000,45.0000,65.0000,,,,,,,,,,,,,yahoo
ADANIENSOL,2026-09-08,1384.2000,1388.0000,1380.7000,1382.7000,92590.0000,1383.7882,1405.8000,1370.2000,1402.0000,1407.7000,90.0000,90.0000,180.0000,180.0000,305.0000,,,,20.0000,25.0000,,,,,,,yahoo
ADANIENT,2026-09-08,2930.6001,2938.8000,2918.1001,2935.7000,81857.0000,2933.2491,2967.0000,2930.7000,2953.1001,2953.1001,90.0000,95.0000,110.0000,,,,,,,,,,,,,,yahoo
ADANIGREEN,2026-09-08,1285.2000,1287.0000,1276.5000,1279.4000,88508.0000,1281.6172,1300.9000,1275.8000,1292.0000,1292.0000,35.0000,100.0000,165.0000,180.0000,180.0000,,,,,,,,,,,,yahoo
ADANIPORTS,2026-09-08,1693.5000,1699.5000,1687.0000,1697.4000,57988.0000,1696.6242,1713.0000,1695.2000,1710.0000,1710.0000,90.0000,90.0000,,,,,,,,,,,,,,,yahoo
ADANIPOWER,2026-09-08,205.0300,205.6000,204.3100,205.1800,1401850.0000,205.1807,209.3800,204.9500,208.0000,208.4000,30.0000,90.0000,90.0000,90.0000,95.0000,100.0000,,,,,,,,,,,yahoo
AMBUJACEM,2026-09-08,397.5000,398.1500,396.4000,396.7000,99526.0000,397.0451,400.6000,395.3500,398.3000,398.3000,30.0000,105.0000,,,,,,,,,,,,,,,yahoo
APOLLOHOSP,2026-09-08,8772.5000,8820.5000,8763.0000,8777.0000,23437.0000,8788.3147,8850.0000,8745.5000,8837.5000,8837.5000,115.0000,115.0000,,,,,,,,,,,,,,,yahoo
ASIANPAINT,2026-09-08,2498.8999,2498.8999,2476.3999,2477.6001,22833.0000,2480.5899,2499.0000,2474.3999,2481.6001,2481.6001,55.0000,95.0000,,,,,,,,,,,,,,,yahoo
AXISBANK,2026-09-08,1260.2000,1260.2000,1254.4000,1255.9000,60802.0000,1255.7362,1259.5000,1239.5000,1244.9000,1244.9000,,,,,,,,,95.0000,110.0000,125.0000,230.0000,,,,,yahoo
BAJAJ-AUTO,2026-09-08,11762.0000,11796.0000,11735.0000,11746.0000,13280.0000,11770.0327,11880.0000,11716.0000,11880.0000,11880.0000,175.0000,205.0000,265.0000,,,,,,,,,,,,,,yahoo
BAJAJFINSV,2026-09-08,1942.1000,1949.4000,1937.0000,1938.1000,42893.0000,1940.5497,1951.4000,1933.6000,1938.1000,1938.1000,30.0000,,,,,,,,,,,,,,,,yahoo
BAJAJHLDNG,2026-09-08,11022.0000,11059.0000,10970.0000,11035.0000,3233.0000,11002.6124,11124.0000,11001.0000,11001.0000,11046.0000,90.0000,285.0000,,,,,,,,,,,,,,,yahoo
BAJFINANCE,2026-09-08,1058.5000,1058.9000,1052.5000,1054.1000,105560.0000,1053.9944,1058.9000,1050.0000,1055.2000,1054.1000,,,,,,,,,,,,,,,,,yahoo
BANKBARODA,2026-09-08,236.4500,237.3900,236.0600,236.9600,213702.0000,237.0641,237.6500,234.5500,235.8500,236.6000,,,,,,,,,130.0000,145.0000,235.0000,,,,,,yahoo
BEL,2026-09-08,407.5000,411.9000,406.5000,411.3500,2343849.0000,410.1844,416.0000,410.2000,411.0000,410.5500,10.0000,15.0000,95.0000,,,,,,,,,,,,,,yahoo
BHARTIARTL,2026-09-08,1844.0000,1844.0000,1834.4000,1835.0000,211783.0000,1838.1974,1840.9000,1830.0000,1839.7000,1844.0000,,,,,,,,,,,,,,,,,yahoo
BOSCHLTD,2026-09-08,48200.0000,48475.0000,48200.0000,48330.0000,1932.0000,48385.6806,48925.0000,48280.0000,48785.0000,48785.0000,30.0000,55.0000,65.0000,,,,,,,,,,,,,,yahoo
BPCL,2026-09-08,311.5000,314.2500,310.4000,311.8000,363174.0000,312.7671,311.8000,301.4500,303.8000,303.8500,,,,,,,,,5.0000,10.0000,60.0000,75.0000,130.0000,240.0000,245.0000,250.0000,yahoo
BRITANNIA,2026-09-08,5023.5000,5040.0000,5012.5000,5027.0000,5835.0000,5024.2619,5090.0000,5015.5000,5061.5000,5064.0000,140.0000,155.0000,175.0000,180.0000,,,,,,,,,,,,,yahoo
CANBK,2026-09-08,124.3000,124.6700,124.0000,124.4100,1492216.0000,124.4305,124.8400,123.9000,124.8000,124.6800,,,,,,,,,,,,,,,,,yahoo
CGPOWER,2026-09-08,894.4500,900.4000,892.5000,897.8000,107614.0000,896.4958,914.5500,897.8500,912.9500,910.7000,10.0000,40.0000,45.0000,45.0000,60.0000,,,,,,,,,,,,yahoo
CHOLAFIN,2026-09-08,1833.8000,1833.8000,1810.3000,1811.6000,70551.0000,1814.8303,1831.9000,1810.9000,1823.4000,1823.4000,35.0000,35.0000,245.0000,,,,,,,,,,,,,,yahoo
CIPLA,2026-09-08,1390.0000,1398.3000,1387.5000,1388.5000,18818.0000,1391.0117,1393.0000,1377.5000,1380.0000,1384.0000,,,,,,,,,240.0000,260.0000,,,,,,,yahoo
COALINDIA,2026-09-08,418.5000,423.5500,416.3000,420.7500,990825.0000,421.8269,420.9000,417.3000,420.2500,420.2500,,,,,,,,,35.0000,100.0000,,,,,,,yahoo
CUMMINSIND,2026-09-08,5011.0000,5022.0000,4977.0000,4993.0000,53180.0000,4996.7624,5037.0000,4966.5000,5036.5000,5040.0000,320.0000,330.0000,,,,,,,20.0000,,,,,,,,yahoo
DIVISLAB,2026-09-08,9364.5000,9371.0000,9255.0000,9371.0000,59022.0000,9337.5909,9588.0000,9365.5000,9575.0000,9575.0000,5.0000,45.0000,75.0000,85.0000,90.0000,320.0000,,,,,,,,,,,yahoo
DLF,2026-09-08,674.4500,674.4500,665.2000,668.3000,229405.0000,667.5361,676.2500,667.4000,675.1000,675.1000,95.0000,105.0000,175.0000,,,,,,,,,,,,,,yahoo
DMART,2026-09-08,3699.0000,3704.0000,3682.8999,3692.0000,16970.0000,3689.7151,3743.0000,3687.5000,3715.8000,3720.2000,55.0000,255.0000,260.0000,270.0000,,,,,,,,,,,,,yahoo
DRREDDY,2026-09-08,1146.2000,1151.8000,1144.0000,1146.8000,49971.0000,1146.3194,1154.0000,1144.3000,1148.5000,1151.0000,115.0000,,,,,,,,,,,,,,,,yahoo
EICHERMOT,2026-09-08,7700.0000,7720.5000,7672.0000,7686.5000,42956.0000,7695.1496,7747.5000,7655.0000,7747.5000,7747.5000,215.0000,330.0000,,,,,,,,,,,,,,,yahoo
ENRIN,2026-09-08,3105.0000,3154.3000,3100.2000,3128.1001,44443.0000,3128.9454,3249.8000,3119.0000,3197.8999,3197.1001,10.0000,10.0000,70.0000,70.0000,100.0000,130.0000,245.0000,250.0000,,,,,,,,,yahoo
ETERNAL,2026-09-08,321.3000,323.4000,320.6000,322.2500,719973.0000,321.3339,324.3000,321.2000,321.8000,321.6000,5.0000,,,,,,,,,,,,,,,,yahoo
GAIL,2026-09-08,175.6000,176.1700,174.8100,174.9600,350418.0000,175.1294,175.4000,173.8400,174.0500,175.0900,,,,,,,,,255.0000,,,,,,,,yahoo
GODREJCP,2026-09-08,862.7500,864.8500,855.4500,857.2000,89595.0000,858.0801,870.5500,857.2500,865.0000,865.0000,30.0000,30.0000,35.0000,35.0000,55.0000,,,,,,,,,,,,yahoo
GRASIM,2026-09-08,3290.5000,3299.8000,3284.6001,3292.5000,24150.0000,3291.9765,3318.2000,3277.0000,3300.0000,3306.8000,25.0000,30.0000,,,,,,,,,,,,,,,yahoo
HAL,2026-09-08,4923.0000,5009.3999,4914.7002,5003.5000,490583.0000,4982.6384,5071.8999,5002.7002,5033.2998,5031.1001,15.0000,20.0000,75.0000,115.0000,,,,,,,,,,,,,yahoo
HCLTECH,2026-09-08,1277.3000,1282.2000,1268.4000,1279.0000,146271.0000,1274.7787,1290.0000,1275.2000,1276.7000,1277.0000,25.0000,25.0000,,,,,,,,,,,,,,,yahoo
HDFCAMC,2026-09-08,2440.0000,2445.8999,2433.1001,2438.8000,33900.0000,2437.2536,2453.8000,2436.8999,2445.0000,2447.3000,35.0000,,,,,,,,,,,,,,,,yahoo
HDFCBANK,2026-09-08,708.9000,708.9000,705.5500,705.8000,1143194.0000,706.7499,707.3500,703.0000,704.3000,703.0000,,,,,,,,,,,,,,,,,yahoo
HDFCLIFE,2026-09-08,544.1000,547.5000,541.0000,542.0500,460771.0000,543.0434,542.2500,533.8000,533.8000,533.8000,,,,,,,,,20.0000,90.0000,130.0000,185.0000,255.0000,,,,yahoo
HINDALCO,2026-09-08,1015.1000,1020.8000,1011.7000,1015.8000,255411.0000,1017.7383,1024.5000,1007.6000,1009.0000,1009.0000,10.0000,35.0000,,,,,,,225.0000,325.0000,,,,,,,yahoo
HINDUNILVR,2026-09-08,1966.4000,1974.8000,1957.0000,1964.6000,28357.0000,1965.1668,1989.9000,1963.5000,1980.0000,1980.0000,25.0000,30.0000,85.0000,200.0000,,,,,,,,,,,,,yahoo
HINDZINC,2026-09-08,596.0000,602.0000,594.1500,599.1500,813833.0000,599.5171,606.5000,593.5000,595.5000,595.5000,10.0000,30.0000,85.0000,,,,,,160.0000,170.0000,,,,,,,yahoo
HYUNDAI,2026-09-08,2199.7000,2218.2000,2199.7000,2206.7000,30833.0000,2210.7426,2222.0000,2199.5000,2220.0000,2220.0000,15.0000,,,,,,,,,,,,,,,,yahoo
ICICIBANK,2026-09-08,1423.9000,1423.9000,1413.7000,1413.9000,388751.0000,1417.0542,1414.8000,1396.3000,1399.4000,1399.4000,,,,,,,,,90.0000,110.0000,185.0000,,,,,,yahoo
INDHOTEL,2026-09-08,713.0500,719.0000,712.6500,717.8000,85924.0000,715.6319,723.5500,716.2000,720.0000,720.0000,130.0000,135.0000,,,,,,,,,,,,,,,yahoo
INDIGO,2026-09-08,4971.0000,4971.0000,4954.5000,4964.0000,21143.0000,4960.9205,5022.0000,4958.5000,5000.0000,5000.0000,30.0000,35.0000,35.0000,,,,,,,,,,,,,,yahoo
INFY,2026-09-08,1090.8000,1090.8000,1079.0000,1086.5000,501641.0000,1083.3004,1091.7000,1081.1000,1081.5000,1082.0000,,,,,,,,,,,,,,,,,yahoo
IOC,2026-09-08,135.1000,135.5900,134.3200,135.1500,338050.0000,135.4072,135.1500,133.1100,134.0000,134.3500,,,,,,,,,75.0000,245.0000,245.0000,250.0000,255.0000,,,,yahoo
IRFC,2026-09-08,82.8400,82.8900,82.5600,82.6300,594481.0000,82.6925,82.7000,81.7600,82.0000,82.0000,,,,,,,,,130.0000,195.0000,245.0000,,,,,,yahoo
ITC,2026-09-08,264.0000,264.3000,262.7500,263.4000,425174.0000,263.4832,265.9000,263.0000,263.9500,263.5000,40.0000,70.0000,,,,,,,,,,,,,,,yahoo
JINDALSTEL,2026-09-08,1148.6000,1150.0000,1145.1000,1146.6000,63422.0000,1146.9222,1151.0000,1135.2000,1139.0000,1136.3000,,,,,,,,,135.0000,180.0000,,,,,,,yahoo
JIOFIN,2026-09-08,234.2400,234.7000,232.9500,233.6400,1124206.0000,233.5709,234.6900,232.6600,232.9000,233.1500,,,,,,,,,,,,,,,,,yahoo
JSWSTEEL,2026-09-08,1308.8000,1308.8000,1302.4000,1304.0000,42828.0000,1304.8692,1315.0000,1295.8000,1297.3000,1297.3000,50.0000,65.0000,,,,,,,215.0000,,,,,,,,yahoo
KOTAKBANK,2026-09-08,423.0000,423.0000,420.8500,421.5000,283092.0000,421.6294,423.8000,419.0000,419.0000,419.2500,85.0000,,,,,,,,330.0000,,,,,,,,yahoo
LODHA,2026-09-08,1196.4000,1196.4000,1175.4000,1176.5000,146610.0000,1181.3674,1226.0000,1175.5000,1212.0000,1212.0000,10.0000,15.0000,30.0000,30.0000,35.0000,50.0000,65.0000,75.0000,,,,,,,,,yahoo
LT,2026-09-08,3988.6001,3988.6001,3965.3000,3967.2000,48526.0000,3972.0694,3980.8000,3957.5000,3972.7000,3946.1001,,,,,,,,,,,,,,,,,yahoo
LTM,2026-09-08,4444.7998,4444.7998,4405.0000,4435.0000,15060.0000,4422.0056,4488.3999,4419.5000,4430.0000,4430.0000,10.0000,30.0000,35.0000,,,,,,,,,,,,,,yahoo
M&M,2026-09-08,3154.8000,3154.8000,3119.8000,3122.6001,134341.0000,3124.0841,3163.0000,3097.0000,3154.3000,3160.0000,95.0000,205.0000,330.0000,330.0000,,,,,20.0000,20.0000,,,,,,,yahoo
MARUTI,2026-09-08,12733.0000,12748.0000,12640.0000,12640.0000,17119.0000,12664.5491,12710.0000,12584.0000,12641.0000,12641.0000,210.0000,,,,,,,,,,,,,,,,yahoo
MAXHEALTH,2026-09-08,992.5000,993.0000,984.7000,984.7000,54743.0000,986.5794,996.6000,982.8000,993.0000,993.0000,105.0000,105.0000,120.0000,,,,,,,,,,,,,,yahoo
MAZDOCK,2026-09-08,2448.8000,2461.0000,2435.6001,2453.1001,75390.0000,2450.2772,2477.8000,2442.0000,2442.0000,2466.3999,5.0000,10.0000,120.0000,,,,,,,,,,,,,,yahoo
MOTHERSON,2026-09-08,162.6400,163.3400,162.0900,162.5300,859394.0000,162.6378,164.5000,161.1700,163.0000,163.8500,195.0000,205.0000,205.0000,,,,,,25.0000,25.0000,,,,,,,yahoo
MUTHOOTFIN,2026-09-08,2886.7000,2887.3000,2871.1001,2880.3999,58578.0000,2879.2000,2899.7000,2868.8000,2899.7000,2899.7000,120.0000,,,,,,,,,,,,,,,,yahoo
NESTLEIND,2026-09-08,1396.0000,1407.0000,1396.0000,1401.7000,74904.0000,1401.0008,1415.1000,1399.0000,1401.9000,1400.5000,35.0000,85.0000,,,,,,,,,,,,,,,yahoo
NTPC,2026-09-08,330.9500,331.8000,329.3000,331.1000,140420.0000,331.0226,333.2000,328.7500,332.5000,330.8000,305.0000,,,,,,,,75.0000,,,,,,,,yahoo
ONGC,2026-09-08,233.7000,233.9800,232.6800,233.3000,275221.0000,233.6783,237.9800,232.2400,236.7800,236.0000,220.0000,260.0000,270.0000,280.0000,285.0000,290.0000,,,,,,,,,,,yahoo
PFC,2026-09-08,352.0500,353.0000,351.6500,352.2500,248942.0000,352.3981,356.3500,351.7500,355.6000,355.9000,50.0000,195.0000,195.0000,,,,,,,,,,,,,,yahoo
PIDILITIND,2026-09-08,1579.7000,1590.7000,1578.1000,1580.0000,38362.0000,1582.0552,1582.8000,1565.0000,1577.2000,1593.0000,,,,,,,,,135.0000,305.0000,,,,,,,yahoo
PNB,2026-09-08,115.8400,116.3000,115.0600,116.1700,770297.0000,116.0312,116.6600,115.8500,116.0000,116.0000,,,,,,,,,,,,,,,,,yahoo
POWERGRID,2026-09-08,266.3000,266.3000,265.1500,265.2000,268146.0000,265.4214,266.8500,263.0000,265.0500,265.7500,290.0000,,,,,,,,45.0000,75.0000,,,,,,,yahoo
RECLTD,2026-09-08,315.9500,317.0000,315.2000,315.4500,106500.0000,315.9793,317.7000,314.0000,317.6000,317.8500,120.0000,,,,,,,,,,,,,,,,yahoo
RELIANCE,2026-09-08,1306.0000,1306.0000,1298.3000,1302.3000,538632.0000,1300.8189,1303.9000,1288.0000,1294.9000,1294.9000,,,,,,,,,75.0000,125.0000,250.0000,,,,,,yahoo
SBILIFE,2026-09-08,1727.0000,1736.9000,1721.2000,1721.3000,34649.0000,1726.6270,1725.4000,1703.3000,1705.3000,1696.6000,,,,,,,,,135.0000,270.0000,325.0000,,,,,,yahoo
SBIN,2026-09-08,1004.6000,1006.2000,1002.3000,1004.2000,487669.0000,1004.0168,1011.0000,1003.3000,1007.9000,1008.0000,35.0000,,,,,,,,,,,,,,,,yahoo
SHREECEM,2026-09-08,23425.0000,23560.0000,23420.0000,23430.0000,851.0000,23471.4179,23540.0000,23130.0000,23280.0000,23160.0000,,,,,,,,,205.0000,230.0000,245.0000,270.0000,,,,,yahoo
SHRIRAMFIN,2026-09-08,1023.0000,1026.0000,1021.0000,1022.6000,279556.0000,1022.9188,1031.8000,1017.3000,1029.8000,1029.0000,10.0000,195.0000,,,,,,,25.0000,,,,,,,,yahoo
SIEMENS,2026-09-08,3932.3000,3959.6001,3911.1001,3959.6001,20422.0000,3940.5033,3997.8000,3948.1001,3952.0000,3951.3000,10.0000,60.0000,,,,,,,,,,,,,,,yahoo
SOLARINDS,2026-09-08,22140.0000,22420.0000,21925.0000,22380.0000,51162.0000,22280.0208,22495.0000,22275.0000,22285.0000,22455.0000,330.0000,,,,,,,,,,,,,,,,yahoo
SUNPHARMA,2026-09-08,1891.0000,1891.0000,1877.4000,1884.6000,69628.0000,1882.0852,1895.5000,1880.3000,1889.9000,1885.9000,140.0000,,,,,,,,,,,,,,,,yahoo
TATACAP,2026-09-08,368.1500,369.1000,367.1000,367.7500,37100.0000,368.3113,368.9000,365.1500,367.9000,368.0500,,,,,,,,,20.0000,,,,,,,,yahoo
TATACONSUM,2026-09-08,1012.3000,1016.9000,1009.0000,1010.5000,47894.0000,1010.5402,1018.3000,1008.3000,1012.9000,1014.1000,30.0000,195.0000,,,,,,,,,,,,,,,yahoo
TATAPOWER,2026-09-08,364.9000,364.9000,362.8500,363.0000,149796.0000,363.3819,367.1000,362.3000,364.1000,365.5500,180.0000,180.0000,320.0000,,,,,,,,,,,,,,yahoo
TATASTEEL,2026-09-08,185.8100,186.1300,185.3200,185.5800,1135127.0000,185.6591,186.5000,183.6500,184.1100,184.1500,,,,,,,,,185.0000,225.0000,225.0000,,,,,,yahoo
TCS,2026-09-08,2272.0000,2272.0000,2244.3000,2262.0000,190761.0000,2256.5631,2274.5000,2256.1001,2261.8999,2255.5000,215.0000,,,,,,,,,,,,,,,,yahoo
TECHM,2026-09-08,1550.9000,1564.0000,1541.5000,1560.0000,115946.0000,1552.2688,1569.7000,1544.1000,1549.2000,1559.0000,25.0000,,,,,,,,250.0000,300.0000,310.0000,,,,,,yahoo
TITAN,2026-09-08,4975.0000,4995.0000,4975.0000,4987.5000,14316.0000,4986.9020,5015.0000,4976.5000,4983.0000,4987.0000,120.0000,,,,,,,,,,,,,,,,yahoo
TMCV,2026-09-08,457.6000,460.0000,455.2000,455.3500,268913.0000,455.9663,459.6000,453.8500,456.9500,457.1000,40.0000,230.0000,,,,,,,,,,,,,,,yahoo
TMPV,2026-09-08,305.8500,305.8500,302.5000,304.2000,892602.0000,303.6039,306.3000,303.6000,306.1000,306.4500,315.0000,,,,,,,,,,,,,,,,yahoo
TORNTPHARM,2026-09-08,4902.0000,4929.0000,4896.5000,4902.0000,11133.0000,4909.1465,4981.5000,4887.0000,4963.5000,4960.0000,95.0000,95.0000,165.0000,200.0000,205.0000,,,,,,,,,,,,yahoo
TRENT,2026-09-08,2809.7000,2809.7000,2771.2000,2777.0000,59723.0000,2779.5846,2809.0000,2776.8000,2805.0000,2793.6001,35.0000,115.0000,300.0000,,,,,,,,,,,,,,yahoo
TVSMOTOR,2026-09-08,4150.6001,4150.6001,4116.5000,4117.7998,52989.0000,4135.6715,4125.0000,4078.1001,4121.2998,4133.2002,,,,,,,,,50.0000,60.0000,,,,,,,yahoo
ULTRACEMCO,2026-09-08,11150.0000,11151.0000,11113.0000,11116.0000,8507.0000,11124.9286,11140.0000,10995.0000,11009.0000,11009.0000,,,,,,,,,15.0000,130.0000,265.0000,,,,,,yahoo
UNIONBANK,2026-09-08,184.3200,184.6800,183.6100,183.9600,534783.0000,183.9643,185.1500,181.7100,182.3000,183.2200,35.0000,,,,,,,,190.0000,205.0000,235.0000,,,,,,yahoo
UNITDSPR,2026-09-08,1433.8000,1435.8000,1427.0000,1430.3000,22437.0000,1430.4536,1441.6000,1427.2000,1441.0000,1440.0000,30.0000,330.0000,,,,,,,,,,,,,,,yahoo
VBL,2026-09-08,405.6500,408.3000,404.1000,404.4000,346886.0000,405.3235,407.0000,403.7000,406.6500,405.7000,30.0000,,,,,,,,,,,,,,,,yahoo
VEDL,2026-09-08,270.0500,272.8000,270.0500,271.8000,1009120.0000,271.8149,272.8000,269.4500,272.0000,272.0000,,,,,,,,,130.0000,230.0000,,,,,,,yahoo
WIPRO,2026-09-08,172.2000,172.6500,171.4000,171.7700,832957.0000,171.7988,172.3900,171.1900,171.3700,171.5000,,,,,,,,,,,,,,,,,yahoo
ZYDUSLIFE,2026-09-08,1156.1000,1156.1000,1147.0000,1151.1000,44232.0000,1150.8392,1167.7000,1142.0000,1149.2000,1145.5000,90.0000,90.0000,90.0000,140.0000,,,,,20.0000,50.0000,,,,,,,yahoo
ABB,2026-09-09,7421.5000,7480.0000,7402.0000,7433.0000,19804.0000,7439.3091,7449.0000,7365.0000,7401.5000,7401.5000,,,,,,,,,50.0000,60.0000,,,,,,,yahoo
ADANIENSOL,2026-09-09,1400.2000,1425.0000,1399.8000,1423.0000,236963.0000,1413.7965,1445.0000,1412.1000,1424.4000,1423.3000,40.0000,40.0000,40.0000,175.0000,175.0000,,,,15.0000,20.0000,,,,,,,yahoo
ADANIENT,2026-09-09,2953.2000,3077.1001,2953.2000,3067.0000,617361.0000,3022.6933,3141.7000,3029.8000,3104.1001,3104.7000,35.0000,35.0000,40.0000,40.0000,40.0000,40.0000,,,5.0000,5.0000,5.0000,,,,,,yahoo
ADANIGREEN,2026-09-09,1290.7000,1321.3000,1290.7000,1319.5000,317108.0000,1311.6655,1339.4000,1311.7000,1313.3000,1315.0000,20.0000,30.0000,40.0000,40.0000,40.0000,,,,325.0000,,,,,,,,yahoo
ADANIPORTS,2026-09-09,1706.0000,1725.7000,1706.0000,1724.6000,527056.0000,1716.1024,1785.6000,1714.0000,1765.2000,1775.0000,30.0000,30.0000,35.0000,40.0000,40.0000,40.0000,175.0000,225.0000,15.0000,,,,,,,,yahoo
ADANIPOWER,2026-09-09,206.6700,212.1000,206.6700,211.7800,4105076.0000,210.3276,216.1000,209.7100,214.0000,214.9000,35.0000,40.0000,40.0000,40.0000,170.0000,235.0000,,,5.0000,5.0000,,,,,,,yahoo
AMBUJACEM,2026-09-09,396.0000,398.2000,395.7500,397.6000,70459.0000,397.2166,400.8000,395.0000,395.0500,397.0000,40.0000,40.0000,,,,,,,320.0000,,,,,,,,yahoo
APOLLOHOSP,2026-09-09,8808.5000,8951.0000,8808.5000,8918.0000,54924.0000,8917.9049,8972.5000,8901.0000,8935.0000,8967.0000,125.0000,,,,,,,,,,,,,,,,yahoo
ASIANPAINT,2026-09-09,2463.8999,2479.7000,2460.8999,2467.1001,24444.0000,2471.6561,2483.0000,2458.2000,2470.0000,2489.0000,105.0000,,,,,,,,,,,,,,,,yahoo
AXISBANK,2026-09-09,1238.8000,1241.7000,1234.8000,1239.7000,1889429.0000,1239.5896,1257.4000,1238.6000,1243.0000,1238.5000,35.0000,35.0000,170.0000,175.0000,,,,,,,,,,,,,yahoo
BAJAJ-AUTO,2026-09-09,11850.0000,11893.0000,11827.0000,11840.0000,8342.0000,11844.9786,11875.0000,11740.0000,11780.0000,11790.0000,,,,,,,,,100.0000,315.0000,,,,,,,yahoo
BAJAJFINSV,2026-09-09,1937.0000,1944.0000,1930.6000,1932.8000,16108.0000,1934.0720,1951.9000,1925.0000,1925.9000,1927.0000,65.0000,80.0000,,,,,,,,,,,,,,,yahoo
BAJAJHLDNG,2026-09-09,11070.0000,11109.0000,11066.0000,11099.0000,1013.0000,11092.1092,11133.0000,11020.0000,11078.0000,11078.0000,,,,,,,,,90.0000,,,,,,,,yahoo
BAJFINANCE,2026-09-09,1047.4000,1052.9000,1041.2000,1046.4000,369336.0000,1045.8530,1059.8000,1038.8000,1040.1000,1039.3000,65.0000,75.0000,80.0000,95.0000,,,,,320.0000,,,,,,,,yahoo
BANKBARODA,2026-09-09,236.5600,237.1100,235.3200,235.4800,2613656.0000,235.6360,236.7500,234.0600,234.5100,234.1000,80.0000,,,,,,,,325.0000,,,,,,,,yahoo
BEL,2026-09-09,412.0000,413.8000,409.9000,410.5000,1262592.0000,411.0200,410.5000,406.1000,406.5500,406.0000,,,,,,,,,20.0000,55.0000,330.0000,,,,,,yahoo
BHARTIARTL,2026-09-09,1834.6000,1834.6000,1813.1000,1823.5000,497351.0000,1822.8654,1831.0000,1819.3000,1820.3000,1814.7000,,,,,,,,,,,,,,,,,yahoo
BOSCHLTD,2026-09-09,48515.0000,48665.0000,48385.0000,48475.0000,1358.0000,48500.4799,48900.0000,48400.0000,48740.0000,49100.0000,40.0000,50.0000,,,,,,,,,,,,,,,yahoo
BPCL,2026-09-09,298.8500,304.5500,298.8500,303.3000,636919.0000,302.6640,305.9500,302.8000,303.5500,303.5500,110.0000,110.0000,,,,,,,,,,,,,,,yahoo
BRITANNIA,2026-09-09,5053.0000,5053.0000,5028.5000,5030.0000,6108.0000,5034.5133,5099.5000,5023.0000,5078.0000,5090.0000,40.0000,45.0000,270.0000,280.0000,,,,,,,,,,,,,yahoo
CANBK,2026-09-09,124.6000,125.0900,124.1700,124.3300,1217183.0000,124.4847,125.3700,124.0400,124.1000,124.0800,35.0000,80.0000,,,,,,,,,,,,,,,yahoo
CGPOWER,2026-09-09,912.0000,923.9000,912.0000,915.5500,492655.0000,918.6794,930.5500,911.7500,925.3000,926.9500,115.0000,125.0000,130.0000,180.0000,225.0000,,,,,,,,,,,,yahoo
CHOLAFIN,2026-09-09,1823.4000,1823.6000,1813.1000,1813.6000,56976.0000,1817.3920,1843.4000,1809.5000,1827.5000,1829.0000,35.0000,40.0000,45.0000,65.0000,80.0000,,,,,,,,,,,,yahoo
CIPLA,2026-09-09,1379.3000,1387.8000,1378.1000,1378.4000,69358.0000,1382.0518,1378.3000,1368.6000,1368.7000,1363.1000,,,,,,,,,130.0000,,,,,,,,yahoo
COALINDIA,2026-09-09,420.6000,434.1000,420.5000,433.7000,6076246.0000,431.0204,435.3500,430.5500,430.5500,431.0000,,,,,,,,,325.0000,,,,,,,,yahoo
CUMMINSIND,2026-09-09,5028.0000,5085.0000,5028.0000,5081.0000,20630.0000,5069.7217,5182.5000,5068.5000,5172.0000,5170.5000,20.0000,30.0000,30.0000,75.0000,105.0000,,,,,,,,,,,,yahoo
DIVISLAB,2026-09-09,9564.0000,9609.5000,9491.5000,9531.0000,51542.0000,9532.9355,9536.0000,9413.0000,9488.0000,9488.0000,,,,,,,,,40.0000,40.0000,130.0000,,,,,,yahoo
DLF,2026-09-09,667.8000,669.4000,666.0500,666.9000,114580.0000,667.6488,671.8500,654.8000,659.0000,655.1000,70.0000,,,,,,,,25.0000,25.0000,295.0000,295.0000,295.0000,,,,yahoo
DMART,2026-09-09,3723.3000,3738.3000,3710.0000,3711.3000,18472.0000,3718.2141,3750.0000,3705.0000,3735.0000,3735.0000,240.0000,255.0000,265.0000,,,,,,,,,,,,,,yahoo
DRREDDY,2026-09-09,1146.6000,1149.9000,1144.4000,1144.5000,25787.0000,1146.3636,1147.3000,1136.4000,1145.8000,1145.0000,,,,,,,,,30.0000,,,,,,,,yahoo
EICHERMOT,2026-09-09,7722.0000,7722.0000,7674.0000,7685.5000,21765.0000,7685.3445,7780.0000,7664.5000,7733.0000,7734.5000,175.0000,225.0000,255.0000,,,,,,,,,,,,,,yahoo
ENRIN,2026-09-09,3213.8999,3233.6001,3190.0000,3214.5000,31396.0000,3216.8496,3213.0000,3160.3000,3179.3999,3183.7000,,,,,,,,,10.0000,15.0000,25.0000,45.0000,55.0000,,,,yahoo
ETERNAL,2026-09-09,321.8000,322.4000,318.6000,318.7500,1314031.0000,319.1111,321.0500,318.1500,319.3000,320.6000,15.0000,,,,,,,,,,,,,,,,yahoo
GAIL,2026-09-09,173.9900,175.3800,173.6500,174.9900,398505.0000,174.6641,175.5900,173.9200,174.1600,174.9000,,,,,,,,,60.0000,,,,,,,,yahoo
GODREJCP,2026-09-09,864.9000,865.7000,861.1500,861.8000,83349.0000,862.8962,866.6500,856.1000,862.9500,863.8000,260.0000,,,,,,,,115.0000,,,,,,,,yahoo
GRASIM,2026-09-09,3304.2000,3310.8999,3291.8000,3294.0000,83629.0000,3298.5250,3316.0000,3279.0000,3300.0000,3300.0000,80.0000,,,,,,,,,,,,,,,,yahoo
HAL,2026-09-09,5047.7002,5086.0000,5033.0000,5046.0000,168866.0000,5051.4972,5097.2002,5003.5000,5014.0000,5000.5000,90.0000,120.0000,120.0000,,,,,,20.0000,330.0000,,,,,,,yahoo
HCLTECH,2026-09-09,1256.6000,1256.6000,1229.9000,1246.0000,228757.0000,1240.7167,1246.0000,1222.9000,1225.1000,1229.8000,,,,,,,,,5.0000,100.0000,115.0000,155.0000,295.0000,,,,yahoo
HDFCAMC,2026-09-09,2430.0000,2446.3999,2428.0000,2433.1001,19585.0000,2440.3952,2435.1001,2411.0000,2421.0000,2440.0000,,,,,,,,,25.0000,90.0000,,,,,,,yahoo
HDFCBANK,2026-09-09,697.9000,700.0000,696.2000,697.0000,2984996.0000,697.5737,697.1000,689.5000,690.1500,687.1000,,,,,,,,,10.0000,20.0000,325.0000,,,,,,yahoo
HDFCLIFE,2026-09-09,531.3500,531.3500,521.6500,521.9500,1400349.0000,524.1979,522.1000,509.1000,515.0000,514.0000,,,,,,,,,10.0000,15.0000,20.0000,20.0000,130.0000,135.0000,,,yahoo
HINDALCO,2026-09-09,1015.8000,1019.5000,1013.1000,1016.7000,231071.0000,1016.0009,1032.3000,1010.9000,1020.8000,1026.9000,65.0000,75.0000,85.0000,180.0000,195.0000,,,,25.0000,,,,,,,,yahoo
HINDUNILVR,2026-09-09,1972.5000,1972.5000,1955.5000,1955.7000,67600.0000,1961.5987,1957.0000,1936.0000,1942.0000,1945.0000,,,,,,,,,145.0000,295.0000,315.0000,,,,,,yahoo
HINDZINC,2026-09-09,594.4000,601.2500,593.3500,600.8500,358413.0000,599.2277,608.7500,596.8000,604.8000,605.4000,70.0000,230.0000,235.0000,240.0000,,,,,20.0000,,,,,,,,yahoo
HYUNDAI,2026-09-09,2210.0000,2217.8999,2198.6001,2201.8000,26905.0000,2203.2907,2209.0000,2153.8999,2182.3999,2182.3999,,,,,,,,,15.0000,55.0000,55.0000,55.0000,55.0000,55.0000,,,yahoo
ICICIBANK,2026-09-09,1395.5000,1395.5000,1386.4000,1389.8000,3012254.0000,1389.5441,1402.5000,1385.9000,1392.1000,1389.1000,170.0000,180.0000,,,,,,,,,,,,,,,yahoo
INDHOTEL,2026-09-09,719.6500,723.0000,717.6500,720.7000,69440.0000,721.5995,722.9500,716.1500,717.0000,722.7500,,,,,,,,,325.0000,,,,,,,,yahoo
INDIGO,2026-09-09,4971.0000,4976.0000,4950.5000,4974.5000,31159.0000,4966.6648,5008.5000,4961.0000,4961.0000,4975.0000,40.0000,,,,,,,,,,,,,,,,yahoo
INFY,2026-09-09,1058.1000,1058.1000,1035.2000,1051.0000,1298161.0000,1047.8047,1051.1000,1026.7000,1032.8000,1035.0000,,,,,,,,,5.0000,5.0000,60.0000,100.0000,160.0000,310.0000,,,yahoo
IOC,2026-09-09,133.5200,134.7400,133.1700,134.5000,682499.0000,134.3460,135.9700,134.0600,135.1600,135.6000,100.0000,110.0000,110.0000,,,,,,,,,,,,,,yahoo
IRFC,2026-09-09,81.9800,82.3900,81.7000,82.1500,1090281.0000,82.1467,82.2500,81.2000,81.3200,81.3900,,,,,,,,,150.0000,275.0000,320.0000,,,,,,yahoo
ITC,2026-09-09,263.6500,264.5000,262.2000,262.4000,513618.0000,262.5764,263.1000,260.6500,262.6000,260.8000,,,,,,,,,90.0000,,,,,,,,yahoo
JINDALSTEL,2026-09-09,1138.0000,1142.6000,1130.6000,1138.4000,56333.0000,1138.7753,1158.0000,1132.8000,1146.5000,1146.5000,50.0000,65.0000,125.0000,180.0000,240.0000,,,,,,,,,,,,yahoo
JIOFIN,2026-09-09,232.0500,232.4000,230.7700,231.4900,1614608.0000,231.2117,232.0900,230.6500,230.8000,231.0000,,,,,,,,,,,,,,,,,yahoo
JSWSTEEL,2026-09-09,1302.0000,1302.8000,1295.0000,1297.6000,216605.0000,1298.3962,1313.0000,1290.1000,1305.1000,1310.0000,40.0000,65.0000,180.0000,,,,,,20.0000,,,,,,,,yahoo
KOTAKBANK,2026-09-09,419.2500,420.4500,417.3500,417.4000,517515.0000,418.3856,417.8000,414.0000,416.1500,414.0000,,,,,,,,,20.0000,35.0000,,,,,,,yahoo
LODHA,2026-09-09,1205.5000,1211.2000,1204.3000,1206.1000,40463.0000,1206.7922,1207.7000,1161.2000,1163.9000,1166.0000,,,,,,,,,20.0000,25.0000,130.0000,140.0000,155.0000,210.0000,290.0000,295.0000,yahoo
LT,2026-09-09,3941.2000,4020.0000,3941.2000,3991.8000,451490.0000,4002.9031,4002.8999,3922.6001,3922.6001,3922.6001,,,,,,,,,105.0000,155.0000,295.0000,310.0000,330.0000,,,,yahoo
LTM,2026-09-09,4351.0000,4436.3999,4300.0000,4425.2998,111945.0000,4371.6597,4430.5000,4311.5000,4412.0000,4412.0000,,,,,,,,,40.0000,40.0000,40.0000,155.0000,155.0000,160.0000,165.0000,,yahoo
M&M,2026-09-09,3142.8000,3149.2000,3129.0000,3129.1001,63946.0000,3133.4891,3151.3000,3118.1001,3150.0000,3150.0000,165.0000,,,,,,,,,,,,,,,,yahoo
MARUTI,2026-09-09,12585.0000,12647.0000,12584.0000,12597.0000,24568.0000,12605.7545,12680.0000,12567.0000,12611.0000,12618.0000,225.0000,,,,,,,,,,,,,,,,yahoo
MAXHEALTH,2026-09-09,998.8000,1029.0000,998.8000,1020.7000,971651.0000,1023.6009,1040.4000,1019.5000,1037.5000,1037.5000,15.0000,20.0000,20.0000,20.0000,35.0000,,,,,,,,,,,,yahoo
MAZDOCK,2026-09-09,2450.8000,2461.2000,2440.5000,2441.3000,53613.0000,2445.4225,2442.0000,2398.8999,2403.6001,2408.8000,,,,,,,,,10.0000,15.0000,20.0000,20.0000,60.0000,,,,yahoo
MOTHERSON,2026-09-09,162.8000,163.7300,162.5000,163.1400,527367.0000,162.9723,164.9000,162.6600,164.1700,163.7000,85.0000,170.0000,170.0000,,,,,,,,,,,,,,yahoo
MUTHOOTFIN,2026-09-09,2854.8999,2855.7000,2826.0000,2830.8999,127075.0000,2839.5061,2848.7000,2795.6001,2824.0000,2815.0000,180.0000,,,,,,,,10.0000,20.0000,20.0000,,,,,,yahoo
NESTLEIND,2026-09-09,1400.6000,1405.4000,1392.4000,1392.4000,76806.0000,1397.6036,1399.6000,1389.4000,1396.0000,1393.0000,50.0000,,,,,,,,,,,,,,,,yahoo
NTPC,2026-09-09,331.3500,336.4500,331.2500,336.1000,1684635.0000,335.2905,337.4500,331.3500,333.0000,334.5000,,,,,,,,,90.0000,110.0000,330.0000,330.0000,,,,,yahoo
ONGC,2026-09-09,238.0500,239.2500,237.3500,237.5500,1108688.0000,238.1740,237.7500,235.4300,235.6300,234.0200,,,,,,,,,90.0000,225.0000,,,,,,,yahoo
PFC,2026-09-09,354.9000,355.0000,352.8000,354.4500,254932.0000,354.2785,354.4500,350.2000,350.2000,351.4000,,,,,,,,,25.0000,85.0000,320.0000,,,,,,yahoo
PIDILITIND,2026-09-09,1581.2000,1584.6000,1570.8000,1574.8000,18837.0000,1573.7550,1580.8000,1566.0000,1569.1000,1572.0000,,,,,,,,,150.0000,,,,,,,,yahoo
PNB,2026-09-09,115.4500,116.2500,115.4500,116.0500,645216.0000,115.9631,116.9000,115.8000,115.9600,115.6100,40.0000,,,,,,,,,,,,,,,,yahoo
POWERGRID,2026-09-09,264.8500,268.7000,264.7500,268.2000,692768.0000,267.8502,269.1500,264.5000,266.2500,265.8500,,,,,,,,,55.0000,90.0000,125.0000,135.0000,,,,,yahoo
RECLTD,2026-09-09,316.5500,317.3000,315.6000,316.5000,130681.0000,316.5283,317.3000,313.7500,314.3500,314.5000,,,,,,,,,25.0000,325.0000,,,,,,,yahoo
RELIANCE,2026-09-09,1285.2000,1288.9000,1277.9000,1288.0000,1491685.0000,1284.0198,1294.6000,1283.0000,1285.5000,1279.0000,95.0000,,,,,,,,,,,,,,,,yahoo
SBILIFE,2026-09-09,1702.4000,1702.4000,1686.6000,1687.2000,59234.0000,1692.7407,1696.2000,1676.0000,1677.6000,1684.0000,80.0000,,,,,,,,140.0000,,,,,,,,yahoo
SBIN,2026-09-09,1001.0000,1007.5000,992.8000,1006.1000,802161.0000,1001.8830,1012.0000,1001.1000,1002.8000,1000.5000,50.0000,,,,,,,,,,,,,,,,yahoo
SHREECEM,2026-09-09,23150.0000,23225.0000,23035.0000,23075.0000,933.0000,23093.4298,23215.0000,22900.0000,22950.0000,22950.0000,40.0000,,,,,,,,135.0000,325.0000,,,,,,,yahoo
SHRIRAMFIN,2026-09-09,1018.7000,1027.3000,1015.7000,1025.3000,265918.0000,1025.7534,1034.3000,1021.4000,1024.0000,1029.0000,45.0000,45.0000,,,,,,,,,,,,,,,yahoo
SIEMENS,2026-09-09,3951.3000,4003.0000,3951.3000,3990.6001,18168.0000,3988.3747,3996.3999,3927.6001,3949.1001,3949.1001,,,,,,,,,20.0000,55.0000,60.0000,60.0000,85.0000,,,,yahoo
SOLARINDS,2026-09-09,22525.0000,22595.0000,22325.0000,22370.0000,10152.0000,22379.9970,22420.0000,22230.0000,22330.0000,22355.0000,,,,,,,,,50.0000,,,,,,,,yahoo
SUNPHARMA,2026-09-09,1893.3000,1898.5000,1888.9000,1889.0000,56322.0000,1894.3095,1889.5000,1865.6000,1868.0000,1864.9000,,,,,,,,,25.0000,40.0000,85.0000,,,,,,yahoo
TATACAP,2026-09-09,365.0000,366.3500,363.3000,363.3000,59101.0000,364.4021,364.1500,360.6000,363.0500,363.0000,,,,,,,,,25.0000,,,,,,,,yahoo
TATACONSUM,2026-09-09,1010.9000,1013.2000,1009.1000,1009.1000,55175.0000,1011.0629,1011.4000,1003.7000,1005.4000,1001.0000,,,,,,,,,30.0000,,,,,,,,yahoo
TATAPOWER,2026-09-09,364.1500,372.6500,363.1500,371.7500,928597.0000,369.7617,373.7000,366.3000,367.9500,370.0000,40.0000,,,,,,,,85.0000,255.0000,290.0000,315.0000,,,,,yahoo
TATASTEEL,2026-09-09,184.1000,185.9200,183.4400,185.7300,1856913.0000,184.7670,190.0200,183.8400,188.1400,188.7500,40.0000,40.0000,60.0000,60.0000,65.0000,175.0000,,,15.0000,20.0000,25.0000,,,,,,yahoo
TCS,2026-09-09,2234.8999,2234.8999,2194.3000,2208.2000,354937.0000,2202.8002,2217.2000,2193.7000,2208.0000,2208.0000,,,,,,,,,5.0000,,,,,,,,yahoo
TECHM,2026-09-09,1512.4000,1519.4000,1504.5000,1514.6000,106952.0000,1512.1997,1516.9000,1498.1000,1503.0000,1508.0000,,,,,,,,,5.0000,215.0000,320.0000,,,,,,yahoo
TITAN,2026-09-09,4998.5000,5008.0000,4970.0000,4975.5000,15555.0000,4977.8762,5019.0000,4968.0000,5005.0000,5005.0000,170.0000,170.0000,,,,,,,,,,,,,,,yahoo
TMCV,2026-09-09,455.0500,457.8500,452.8000,453.0000,557623.0000,454.4862,454.3500,444.2000,445.6500,444.4000,,,,,,,,,15.0000,140.0000,180.0000,185.0000,205.0000,,,,yahoo
TMPV,2026-09-09,305.7000,305.7000,302.4000,302.4500,745815.0000,302.7810,305.5000,300.8500,303.7500,303.0000,170.0000,270.0000,275.0000,,,,,,20.0000,,,,,,,,yahoo
TORNTPHARM,2026-09-09,4973.5000,4981.5000,4932.5000,4932.5000,9080.0000,4957.3843,4961.0000,4925.0000,4930.0000,4930.0000,35.0000,,,,,,,,,,,,,,,,yahoo
TRENT,2026-09-09,2791.2000,2813.8999,2782.0000,2806.7000,102564.0000,2800.3706,2841.5000,2797.6001,2835.0000,2820.0000,45.0000,170.0000,180.0000,,,,,,,,,,,,,,yahoo
TVSMOTOR,2026-09-09,4110.0000,4110.0000,4075.6001,4077.3999,83917.0000,4086.4689,4211.5000,4071.3000,4156.6001,4151.1001,30.0000,150.0000,150.0000,150.0000,155.0000,170.0000,225.0000,225.0000,,,,,,,,,yahoo
ULTRACEMCO,2026-09-09,10933.0000,10979.0000,10933.0000,10964.0000,11878.0000,10965.9575,10994.0000,10861.0000,10878.0000,10900.0000,,,,,,,,,140.0000,300.0000,,,,,,,yahoo
UNIONBANK,2026-09-09,181.7600,182.8000,180.9200,181.9700,858573.0000,181.4784,183.8900,181.8000,183.8900,183.8900,15.0000,35.0000,330.0000,,,,,,,,,,,,,,yahoo
UNITDSPR,2026-09-09,1439.7000,1439.7000,1424.1000,1425.9000,17581.0000,1426.5039,1426.6000,1395.3000,1401.0000,1405.2000,,,,,,,,,25.0000,30.0000,85.0000,90.0000,90.0000,155.0000,,,yahoo
VBL,2026-09-09,399.7500,403.1500,398.2500,402.1500,926360.0000,402.1478,406.8000,396.5500,406.0000,407.0000,235.0000,270.0000,270.0000,,,,,,10.0000,15.0000,140.0000,145.0000,,,,,yahoo
VEDL,2026-09-09,269.6000,273.2000,269.2000,272.7000,857010.0000,271.7598,275.7500,270.6500,274.0000,272.5000,75.0000,85.0000,100.0000,,,,,,15.0000,25.0000,,,,,,,yahoo
WIPRO,2026-09-09,168.7000,169.0800,166.5800,168.4200,1812667.0000,168.3554,168.5000,167.0000,167.2000,167.0000,,,,,,,,,135.0000,160.0000,,,,,,,yahoo
ZYDUSLIFE,2026-09-09,1151.5000,1158.0000,1145.7000,1146.0000,51781.0000,1152.6390,1148.4000,1126.8000,1127.1000,1127.4000,,,,,,,,,25.0000,55.0000,85.0000,90.0000,90.0000,,,,yahoo
ABB,2026-09-10,7404.5000,7411.5000,7345.0000,7358.5000,11314.0000,7359.0198,7391.0000,7290.0000,7329.0000,7329.0000,,,,,,,,,245.0000,275.0000,,,,,,,yahoo
ADANIENSOL,2026-09-10,1434.2000,1434.2000,1396.2000,1403.9000,237277.0000,1404.7139,1414.1000,1383.0000,1383.0000,1391.9000,120.0000,,,,,,,,260.0000,280.0000,295.0000,300.0000,,,,,yahoo
ADANIENT,2026-09-10,3113.3999,3114.0000,3041.1001,3054.8000,253486.0000,3064.2710,3099.8000,3053.2000,3077.2000,3077.2000,10.0000,30.0000,60.0000,65.0000,,,,,,,,,,,,,yahoo
ADANIGREEN,2026-09-10,1317.6000,1317.6000,1297.3000,1302.9000,156232.0000,1303.5107,1315.5000,1295.4000,1297.3000,1299.1000,20.0000,60.0000,,,,,,,300.0000,,,,,,,,yahoo
ADANIPORTS,2026-09-10,1776.6000,1776.6000,1752.1000,1760.6000,480883.0000,1758.2264,1775.4000,1760.0000,1768.0000,1768.0000,60.0000,95.0000,,,,,,,,,,,,,,,yahoo
ADANIPOWER,2026-09-10,214.8900,215.2800,212.7500,213.0000,3284612.0000,213.7354,215.0400,212.5000,213.0000,213.5000,150.0000,315.0000,,,,,,,,,,,,,,,yahoo
AMBUJACEM,2026-09-10,395.4500,397.3000,394.2500,395.0500,157041.0000,395.3512,397.1000,394.2000,396.4000,395.6000,155.0000,,,,,,,,,,,,,,,,yahoo
APOLLOHOSP,2026-09-10,8985.0000,9021.0000,8954.5000,8985.0000,24979.0000,8976.0109,8990.5000,8875.5000,8883.0000,8900.0000,,,,,,,,,45.0000,280.0000,320.0000,,,,,,yahoo
ASIANPAINT,2026-09-10,2477.8000,2482.8999,2471.5000,2477.6001,19077.0000,2474.9011,2492.6001,2468.7000,2481.8000,2498.1001,125.0000,,,,,,,,,,,,,,,,yahoo
AXISBANK,2026-09-10,1244.5000,1252.9000,1243.8000,1248.1000,265840.0000,1250.2648,1255.2000,1242.0000,1246.0000,1246.0000,50.0000,,,,,,,,,,,,,,,,yahoo
BAJAJ-AUTO,2026-09-10,11791.0000,11818.0000,11685.0000,11689.0000,6653.0000,11704.1799,11772.0000,11675.0000,11685.0000,11768.0000,100.0000,,,,,,,,,,,,,,,,yahoo
BAJAJFINSV,2026-09-10,1936.4000,1941.4000,1921.1000,1930.4000,23249.0000,1926.9679,1939.4000,1923.2000,1931.5000,1940.5000,,,,,,,,,,,,,,,,,yahoo
BAJAJHLDNG,2026-09-10,11075.0000,11075.0000,10981.0000,10991.0000,1463.0000,11012.1007,11074.0000,10971.0000,10992.0000,10992.0000,330.0000,330.0000,,,,,,,,,,,,,,,yahoo
BAJFINANCE,2026-09-10,1042.6000,1043.8000,1036.8000,1043.7000,206941.0000,1040.8089,1048.7000,1037.2000,1038.8000,1043.5000,,,,,,,,,320.0000,,,,,,,,yahoo
BANKBARODA,2026-09-10,234.9100,239.3900,234.9100,238.6300,2559499.0000,238.4584,239.2200,236.3400,236.8500,237.6200,,,,,,,,,10.0000,275.0000,,,,,,,yahoo
BEL,2026-09-10,407.0500,407.0500,402.8000,404.6500,799614.0000,404.3207,406.2000,402.0000,403.0000,405.0000,,,,,,,,,255.0000,,,,,,,,yahoo
BHARTIARTL,2026-09-10,1817.5000,1820.7000,1814.2000,1816.0000,250830.0000,1815.8920,1849.0000,1814.2000,1833.5000,1839.0000,100.0000,105.0000,190.0000,230.0000,235.0000,,,,,,,,,,,,yahoo
BOSCHLTD,2026-09-10,48830.0000,48905.0000,48495.0000,48610.0000,1067.0000,48589.0987,48980.0000,48550.0000,48775.0000,48775.0000,15.0000,25.0000,,,,,,,,,,,,,,,yahoo
BPCL,2026-09-10,303.4500,306.0000,302.0000,304.2000,407621.0000,305.2599,304.7000,301.7500,303.1500,303.0000,,,,,,,,,110.0000,120.0000,,,,,,,yahoo
BRITANNIA,2026-09-10,5089.0000,5089.0000,5029.0000,5067.0000,10164.0000,5048.9795,5075.0000,4997.0000,5009.0000,5009.0000,,,,,,,,,40.0000,45.0000,45.0000,270.0000,,,,,yahoo
CANBK,2026-09-10,124.0800,127.5100,124.0800,126.7300,7233758.0000,126.9115,126.7500,123.7000,124.1200,124.6000,,,,,,,,,5.0000,20.0000,25.0000,200.0000,215.0000,265.0000,,,yahoo
CGPOWER,2026-09-10,930.9500,930.9500,912.1500,913.9500,309852.0000,916.7221,917.6500,906.4500,909.9000,914.5500,,,,,,,,,320.0000,330.0000,,,,,,,yahoo
CHOLAFIN,2026-09-10,1824.4000,1825.9000,1804.4000,1825.3000,161642.0000,1815.9327,1868.0000,1825.1000,1859.0000,1859.0000,5.0000,10.0000,65.0000,75.0000,115.0000,125.0000,,,,,,,,,,,yahoo
CIPLA,2026-09-10,1366.6000,1374.9000,1366.6000,1374.6000,48358.0000,1371.6260,1379.9000,1363.2000,1370.0000,1373.3000,,,,,,,,,130.0000,325.0000,,,,,,,yahoo
COALINDIA,2026-09-10,432.9000,433.9500,430.3000,431.1500,594741.0000,431.7557,436.2500,430.1500,431.7500,432.0000,45.0000,305.0000,310.0000,,,,,,,,,,,,,,yahoo
CUMMINSIND,2026-09-10,5158.0000,5158.0000,5096.5000,5147.0000,27611.0000,5137.2669,5236.0000,5070.0000,5175.0000,5155.0000,290.0000,290.0000,295.0000,305.0000,305.0000,,,,110.0000,170.0000,170.0000,170.0000,,,,,yahoo
DIVISLAB,2026-09-10,9517.5000,9542.5000,9438.0000,9447.0000,45042.0000,9453.7679,9522.5000,9387.0000,9409.0000,9438.5000,60.0000,60.0000,,,,,,,225.0000,,,,,,,,yahoo
DLF,2026-09-10,655.8000,661.3500,655.8000,657.7000,126056.0000,657.7136,662.4000,652.0500,655.8500,655.8500,150.0000,,,,,,,,65.0000,70.0000,,,,,,,yahoo
DMART,2026-09-10,3720.1001,3721.1001,3703.0000,3704.0000,11108.0000,3708.6773,3710.0000,3665.0000,3670.2000,3690.0000,,,,,,,,,40.0000,65.0000,210.0000,,,,,,yahoo
DRREDDY,2026-09-10,1138.1000,1146.6000,1136.6000,1139.6000,71004.0000,1139.3527,1145.6000,1135.3000,1141.0000,1143.0000,280.0000,,,,,,,,,,,,,,,,yahoo
EICHERMOT,2026-09-10,7711.5000,7745.0000,7637.5000,7653.5000,21086.0000,7675.0312,7699.0000,7645.5000,7680.5000,7697.0000,155.0000,,,,,,,,,,,,,,,,yahoo
ENRIN,2026-09-10,3223.2000,3226.8000,3175.8999,3187.5000,25236.0000,3191.1315,3194.8000,3167.5000,3182.0000,3179.1001,,,,,,,,,25.0000,,,,,,,,yahoo
ETERNAL,2026-09-10,321.1000,321.6000,317.8000,319.4000,1238659.0000,319.1435,322.8500,318.6500,321.0000,322.1000,95.0000,160.0000,165.0000,,,,,,,,,,,,,,yahoo
GAIL,2026-09-10,174.4900,176.5000,174.4900,175.1200,501234.0000,175.6147,175.7200,173.2500,174.4900,174.4900,,,,,,,,,215.0000,220.0000,275.0000,,,,,,yahoo
GODREJCP,2026-09-10,862.4000,865.2000,859.6500,861.4500,53495.0000,861.0923,872.7500,859.0000,869.2000,869.9000,165.0000,180.0000,185.0000,315.0000,,,,,,,,,,,,,yahoo
GRASIM,2026-09-10,3289.0000,3300.0000,3282.5000,3290.3000,18527.0000,3288.3366,3323.2000,3285.0000,3319.0000,3319.0000,65.0000,260.0000,,,,,,,,,,,,,,,yahoo
HAL,2026-09-10,5010.3999,5052.0000,4939.0000,4950.5000,162036.0000,4988.6535,4989.3999,4915.0000,4950.0000,4950.0000,40.0000,80.0000,,,,,,,330.0000,,,,,,,,yahoo
HCLTECH,2026-09-10,1223.6000,1237.0000,1220.4000,1233.6000,283730.0000,1228.5166,1233.5000,1197.4000,1200.0000,1207.0000,,,,,,,,,5.0000,10.0000,15.0000,15.0000,20.0000,110.0000,210.0000,,yahoo
HDFCAMC,2026-09-10,2405.3000,2426.6001,2401.6001,2423.7000,24002.0000,2420.6756,2448.1001,2412.1001,2430.0000,2433.8000,155.0000,155.0000,160.0000,,,,,,,,,,,,,,yahoo
HDFCBANK,2026-09-10,687.7000,690.7500,687.7000,688.7500,2538112.0000,688.9633,694.5000,686.2500,693.8000,693.8000,150.0000,210.0000,,,,,,,,,,,,,,,yahoo
HDFCLIFE,2026-09-10,513.7500,515.1000,513.0000,514.6500,183229.0000,514.1300,525.4500,508.9000,524.1000,526.1500,140.0000,140.0000,140.0000,150.0000,160.0000,205.0000,,,15.0000,20.0000,70.0000,,,,,,yahoo
HINDALCO,2026-09-10,1025.8000,1026.6000,1022.5000,1023.7000,98661.0000,1023.5316,1023.4000,1008.0000,1008.0000,1014.0000,,,,,,,,,65.0000,75.0000,120.0000,205.0000,320.0000,,,,yahoo
HINDUNILVR,2026-09-10,1940.2000,1950.0000,1937.7000,1946.8000,50783.0000,1945.8316,1948.0000,1936.7000,1938.0000,1942.3000,,,,,,,,,80.0000,,,,,,,,yahoo
HINDZINC,2026-09-10,608.1500,610.8500,605.0000,610.2500,489151.0000,608.2939,610.6000,592.2500,593.3000,593.6000,,,,,,,,,70.0000,70.0000,75.0000,105.0000,115.0000,215.0000,300.0000,,yahoo
HYUNDAI,2026-09-10,2192.3999,2193.5000,2170.3000,2190.8000,58130.0000,2181.1499,2226.8000,2191.5000,2210.0000,2205.0000,5.0000,10.0000,20.0000,155.0000,155.0000,,,,,,,,,,,,yahoo
ICICIBANK,2026-09-10,1385.6000,1392.8000,1384.4000,1385.3000,379890.0000,1385.9268,1391.2000,1374.2000,1384.5000,1384.5000,,,,,,,,,315.0000,325.0000,,,,,,,yahoo
INDHOTEL,2026-09-10,717.9500,718.5000,712.6500,715.6500,121283.0000,714.3453,720.5000,715.0000,720.5000,715.7500,15.0000,,,,,,,,,,,,,,,,yahoo
INDIGO,2026-09-10,4945.0000,4963.0000,4900.0000,4904.5000,59458.0000,4925.4535,4952.5000,4878.0000,4921.5000,4945.0000,60.0000,85.0000,,,,,,,10.0000,,,,,,,,yahoo
INFY,2026-09-10,1040.0000,1046.5000,1027.8000,1043.6000,1809834.0000,1040.7026,1044.4000,1029.0000,1032.1000,1036.5000,,,,,,,,,20.0000,70.0000,85.0000,120.0000,,,,,yahoo
IOC,2026-09-10,134.7200,136.0600,134.4100,135.6900,1358004.0000,135.6077,135.7500,134.9100,135.0000,134.9400,,,,,,,,,260.0000,,,,,,,,yahoo
IRFC,2026-09-10,81.4800,82.6100,81.3500,82.1900,1319788.0000,82.0958,82.2700,80.8700,81.0000,81.0800,,,,,,,,,25.0000,120.0000,175.0000,200.0000,330.0000,,,,yahoo
ITC,2026-09-10,261.2000,263.8500,261.0500,262.8500,604602.0000,263.1052,263.0000,259.2500,259.2500,259.3000,,,,,,,,,25.0000,95.0000,100.0000,105.0000,,,,,yahoo
JINDALSTEL,2026-09-10,1148.0000,1151.0000,1139.4000,1140.1000,53093.0000,1142.9124,1143.7000,1131.0000,1131.0000,1137.0000,,,,,,,,,295.0000,330.0000,,,,,,,yahoo
JIOFIN,2026-09-10,230.7500,231.8500,230.7500,231.1000,1688780.0000,231.2002,232.2500,229.1000,229.4900,230.2500,,,,,,,,,330.0000,330.0000,,,,,,,yahoo
JSWSTEEL,2026-09-10,1304.3000,1307.8000,1303.5000,1306.7000,31657.0000,1306.5894,1311.1000,1293.2000,1294.6000,1304.0000,,,,,,,,,180.0000,205.0000,295.0000,,,,,,yahoo
KOTAKBANK,2026-09-10,414.1000,415.9500,413.2000,413.5000,312759.0000,413.6565,416.3000,412.8000,414.2000,416.5500,305.0000,,,,,,,,,,,,,,,,yahoo
LODHA,2026-09-10,1163.9000,1171.4000,1148.5000,1149.0000,144009.0000,1152.1571,1172.6000,1140.2000,1157.2000,1163.4000,60.0000,95.0000,95.0000,120.0000,120.0000,135.0000,,,40.0000,40.0000,,,,,,,yahoo
LT,2026-09-10,3948.0000,3948.0000,3911.1001,3913.0000,123157.0000,3923.2050,3965.3000,3910.0000,3955.0000,3955.0000,180.0000,180.0000,180.0000,180.0000,,,,,,,,,,,,,yahoo
LTM,2026-09-10,4371.5000,4434.5000,4352.0000,4420.0000,33323.0000,4411.2427,4424.0000,4311.5000,4322.0000,4374.0000,,,,,,,,,15.0000,20.0000,30.0000,40.0000,50.0000,195.0000,,,yahoo
M&M,2026-09-10,3146.7000,3146.7000,3099.0000,3107.6001,202095.0000,3106.2749,3138.5000,3107.1001,3123.8000,3123.8000,65.0000,65.0000,,,,,,,,,,,,,,,yahoo
MARUTI,2026-09-10,12679.0000,12690.0000,12522.0000,12541.0000,17450.0000,12574.3035,12687.0000,12538.0000,12590.0000,12590.0000,90.0000,95.0000,100.0000,,,,,,,,,,,,,,yahoo
MAXHEALTH,2026-09-10,1040.0000,1040.0000,1030.3000,1031.5000,56615.0000,1031.7989,1038.7000,1030.1000,1033.1000,1038.6000,20.0000,,,,,,,,,,,,,,,,yahoo
MAZDOCK,2026-09-10,2416.1001,2416.7000,2395.0000,2401.0000,49534.0000,2402.7841,2405.8999,2374.0000,2383.2000,2383.2000,,,,,,,,,20.0000,205.0000,275.0000,,,,,,yahoo
MOTHERSON,2026-09-10,163.5700,164.0300,162.3300,162.8000,382509.0000,162.8224,163.9800,162.4900,162.9600,163.2000,5.0000,,,,,,,,,,,,,,,,yahoo
MUTHOOTFIN,2026-09-10,2825.7000,2829.3000,2808.0000,2820.6001,36357.0000,2821.3587,2853.3000,2812.2000,2839.0000,2841.5000,140.0000,145.0000,150.0000,,,,,,,,,,,,,,yahoo
NESTLEIND,2026-09-10,1396.8000,1401.8000,1391.4000,1395.9000,18846.0000,1394.8477,1396.5000,1377.7000,1377.7000,1386.2000,,,,,,,,,65.0000,115.0000,270.0000,330.0000,,,,,yahoo
NTPC,2026-09-10,334.9000,335.0500,333.4000,334.0500,156049.0000,333.9285,335.5000,333.3500,334.0000,335.0000,,,,,,,,,,,,,,,,,yahoo
ONGC,2026-09-10,236.1000,239.8000,236.1000,237.7000,1917666.0000,238.7639,238.2400,235.6000,236.7500,237.2700,,,,,,,,,120.0000,160.0000,,,,,,,yahoo
PFC,2026-09-10,350.0000,351.8000,349.3000,350.4500,332706.0000,350.7434,354.7500,349.7000,351.7000,352.8000,85.0000,85.0000,90.0000,,,,,,,,,,,,,,yahoo
PIDILITIND,2026-09-10,1566.6000,1571.4000,1561.0000,1570.4000,14344.0000,1565.6539,1573.1000,1554.0000,1564.8000,1569.0000,,,,,,,,,30.0000,40.0000,45.0000,,,,,,yahoo
PNB,2026-09-10,115.5000,117.3500,115.5000,117.2000,1877041.0000,116.9466,118.1900,116.3500,116.6100,116.8500,35.0000,45.0000,,,,,,,235.0000,,,,,,,,yahoo
POWERGRID,2026-09-10,265.8500,268.4000,265.3000,267.6500,689987.0000,267.5048,271.7000,267.5000,270.9500,271.7500,35.0000,105.0000,150.0000,155.0000,225.0000,,,,,,,,,,,,yahoo
RECLTD,2026-09-10,314.3500,315.0000,313.4500,314.3000,103775.0000,314.2486,316.8000,312.6500,313.2000,313.8000,85.0000,85.0000,,,,,,,205.0000,,,,,,,,yahoo
RELIANCE,2026-09-10,1279.5000,1285.3000,1270.0000,1270.4000,1284022.0000,1275.6326,1277.8000,1267.0000,1268.7000,1274.0000,10.0000,,,,,,,,,,,,,,,,yahoo
SBILIFE,2026-09-10,1682.5000,1686.8000,1674.6000,1681.7000,31048.0000,1681.5666,1705.9000,1675.9000,1691.0000,1700.6000,140.0000,155.0000,200.0000,205.0000,,,,,,,,,,,,,yahoo
SBIN,2026-09-10,1002.0000,1011.7000,1002.0000,1008.9000,472850.0000,1009.6832,1011.5000,1001.7000,1004.2000,1009.7000,,,,,,,,,265.0000,,,,,,,,yahoo
SHREECEM,2026-09-10,22990.0000,22990.0000,22800.0000,22835.0000,498.0000,22833.2062,22880.0000,22700.0000,22855.0000,22785.0000,,,,,,,,,75.0000,,,,,,,,yahoo
SHRIRAMFIN,2026-09-10,1026.4000,1030.1000,1020.9000,1022.9000,143717.0000,1023.3143,1039.0000,1022.2000,1033.3000,1038.0000,10.0000,25.0000,35.0000,125.0000,220.0000,,,,,,,,,,,,yahoo
SIEMENS,2026-09-10,3969.8999,3969.8999,3921.1001,3929.8999,8951.0000,3929.4069,3962.8999,3906.2000,3954.3999,3954.3999,330.0000,330.0000,,,,,,,245.0000,,,,,,,,yahoo
SOLARINDS,2026-09-10,22355.0000,22385.0000,22195.0000,22285.0000,7354.0000,22263.3891,22495.0000,22275.0000,22370.0000,22370.0000,15.0000,50.0000,,,,,,,,,,,,,,,yahoo
SUNPHARMA,2026-09-10,1872.2000,1875.2000,1856.1000,1857.1000,53012.0000,1858.4819,1862.0000,1841.5000,1850.0000,1861.0000,,,,,,,,,235.0000,320.0000,,,,,,,yahoo
TATACAP,2026-09-10,362.0000,365.2500,360.7000,365.2500,68507.0000,363.0911,365.4500,361.3500,363.2000,363.4000,,,,,,,,,15.0000,30.0000,205.0000,,,,,,yahoo
TATACONSUM,2026-09-10,1003.1000,1005.0000,1000.5000,1004.6000,69592.0000,1002.3881,1005.6000,993.5000,993.5000,999.6000,,,,,,,,,65.0000,65.0000,70.0000,,,,,,yahoo
TATAPOWER,2026-09-10,368.9000,369.2000,366.5000,366.9500,210903.0000,367.5466,367.8000,364.0500,364.2000,367.0000,,,,,,,,,320.0000,325.0000,,,,,,,yahoo
TATASTEEL,2026-09-10,188.7500,188.7500,187.4000,187.9500,907316.0000,187.8947,188.1600,185.1600,186.0400,186.7800,,,,,,,,,65.0000,100.0000,200.0000,205.0000,,,,,yahoo
TCS,2026-09-10,2199.0000,2232.0000,2196.8000,2229.0000,451518.0000,2218.9988,2229.8999,2190.6001,2204.1001,2204.1001,,,,,,,,,15.0000,20.0000,40.0000,85.0000,155.0000,,,,yahoo
TECHM,2026-09-10,1507.7000,1544.6000,1498.4000,1535.8000,374147.0000,1534.9878,1536.9000,1513.2000,1521.5000,1525.8000,,,,,,,,,20.0000,35.0000,35.0000,45.0000,,,,,yahoo
TITAN,2026-09-10,4979.0000,5000.0000,4976.5000,5000.0000,25693.0000,4990.8748,5020.5000,4991.0000,5003.5000,5021.0000,,,,,,,,,,,,,,,,,yahoo
TMCV,2026-09-10,444.0000,444.9000,439.3000,439.8000,466612.0000,441.4881,443.3500,437.7000,438.7500,439.9500,120.0000,160.0000,,,,,,,,,,,,,,,yahoo
TMPV,2026-09-10,303.6500,303.9000,301.2000,301.8000,675862.0000,301.8784,303.0000,300.1000,301.0000,300.5000,,,,,,,,,25.0000,,,,,,,,yahoo
TORNTPHARM,2026-09-10,4979.0000,4995.5000,4927.5000,4958.0000,21491.0000,4947.4319,4974.5000,4925.0000,4930.0000,4930.0000,,,,,,,,,130.0000,,,,,,,,yahoo
TRENT,2026-09-10,2815.1001,2830.6001,2807.3999,2828.6001,36356.0000,2818.7787,2829.8000,2800.0000,2818.7000,2818.7000,,,,,,,,,25.0000,175.0000,260.0000,,,,,,yahoo
TVSMOTOR,2026-09-10,4163.0000,4168.8999,4102.7998,4125.8999,56863.0000,4118.4279,4154.8999,4120.2002,4123.8999,4121.5000,95.0000,,,,,,,,,,,,,,,,yahoo
ULTRACEMCO,2026-09-10,10875.0000,10903.0000,10861.0000,10900.0000,9295.0000,10875.9480,10972.0000,10876.0000,10952.0000,10979.0000,140.0000,,,,,,,,,,,,,,,,yahoo
UNIONBANK,2026-09-10,182.5100,184.3000,182.0500,183.4900,858421.0000,183.7334,183.4400,178.0900,179.2000,179.2000,,,,,,,,,20.0000,30.0000,110.0000,120.0000,165.0000,195.0000,230.0000,,yahoo
UNITDSPR,2026-09-10,1399.1000,1404.4000,1391.4000,1403.5000,27947.0000,1398.1007,1416.1000,1397.3000,1400.0000,1400.0000,45.0000,60.0000,,,,,,,,,,,,,,,yahoo
VBL,2026-09-10,408.0000,415.4000,407.3500,411.3000,1211191.0000,411.7904,414.0000,405.3500,409.0000,410.5000,165.0000,,,,,,,,50.0000,65.0000,85.0000,115.0000,,,,,yahoo
VEDL,2026-09-10,274.3000,274.9000,273.0500,273.7000,404469.0000,273.7394,274.0000,268.8000,270.1500,269.0500,,,,,,,,,65.0000,70.0000,180.0000,205.0000,325.0000,,,,yahoo
WIPRO,2026-09-10,166.9400,169.1900,166.3300,168.2300,1457005.0000,168.3437,168.3500,166.0200,166.1100,166.3000,,,,,,,,,20.0000,30.0000,115.0000,320.0000,,,,,yahoo
ZYDUSLIFE,2026-09-10,1131.2000,1131.2000,1122.6000,1125.1000,31373.0000,1125.9745,1131.0000,1110.0000,1112.0000,1117.8000,10.0000,,,,,,,,95.0000,120.0000,295.0000,330.0000,,,,,yahoo
ABB,2026-09-11,7245.0000,7266.0000,7178.0000,7179.0000,19430.0000,7192.1867,7324.0000,7174.5000,7274.0000,7274.0000,5.0000,10.0000,15.0000,20.0000,25.0000,35.0000,,,,,,,,,,,yahoo
ADANIENSOL,2026-09-11,1380.0000,1380.4000,1365.5000,1372.3000,130037.0000,1372.0941,1378.6000,1365.1000,1376.5000,1373.0000,,,,,,,,,150.0000,,,,,,,,yahoo
ADANIENT,2026-09-11,3040.0000,3044.8000,3010.0000,3028.0000,190375.0000,3022.5616,3064.8999,3000.0000,3060.0000,3060.0000,260.0000,260.0000,265.0000,,,,,,45.0000,45.0000,,,,,,,yahoo
ADANIGREEN,2026-09-11,1292.6000,1300.0000,1279.2000,1283.3000,106885.0000,1283.6873,1287.8000,1273.6000,1282.7000,1281.3000,,,,,,,,,70.0000,75.0000,,,,,,,yahoo
ADANIPORTS,2026-09-11,1756.0000,1763.5000,1752.6000,1756.2000,217681.0000,1756.7731,1771.8000,1751.1000,1766.7000,1764.6000,35.0000,260.0000,,,,,,,,,,,,,,,yahoo
ADANIPOWER,2026-09-11,211.7000,212.1500,210.2000,210.4000,1211809.0000,210.5957,210.9400,208.4700,209.6400,209.9700,,,,,,,,,150.0000,175.0000,,,,,,,yahoo
AMBUJACEM,2026-09-11,391.1500,391.1500,388.0500,388.4000,164079.0000,389.1478,393.0000,387.7500,392.0000,391.8500,90.0000,260.0000,290.0000,,,,,,,,,,,,,,yahoo
APOLLOHOSP,2026-09-11,8811.0000,8877.5000,8806.0000,8834.5000,10654.0000,8845.6580,8949.0000,8820.0000,8836.0000,8836.0000,50.0000,60.0000,100.0000,175.0000,,,,,,,,,,,,,yahoo
ASIANPAINT,2026-09-11,2452.1001,2469.3000,2450.7000,2455.3999,45179.0000,2462.5352,2470.0000,2443.2000,2467.3000,2472.5000,215.0000,,,,,,,,,,,,,,,,yahoo
AXISBANK,2026-09-11,1230.1000,1241.0000,1229.9000,1238.2000,432213.0000,1237.3019,1252.8000,1235.8000,1251.0000,1246.0000,35.0000,160.0000,180.0000,,,,,,,,,,,,,,yahoo
BAJAJ-AUTO,2026-09-11,11640.0000,11640.0000,11530.0000,11611.0000,22136.0000,11590.2182,11723.0000,11598.0000,11678.0000,11678.0000,30.0000,255.0000,,,,,,,,,,,,,,,yahoo
BAJAJFINSV,2026-09-11,1916.5000,1919.4000,1895.4000,1897.1000,52437.0000,1902.3964,1926.0000,1897.0000,1923.1000,1913.5000,20.0000,35.0000,290.0000,290.0000,300.0000,,,,,,,,,,,,yahoo
BAJAJHLDNG,2026-09-11,10980.0000,11048.0000,10922.0000,11028.0000,3744.0000,10980.0410,11146.0000,11003.0000,11134.0000,11134.0000,35.0000,35.0000,35.0000,,,,,,,,,,,,,,yahoo
BAJFINANCE,2026-09-11,1027.5000,1031.8000,1015.4000,1016.6000,440108.0000,1020.0526,1035.0000,1015.1000,1035.0000,1034.5000,20.0000,20.0000,30.0000,110.0000,225.0000,,,,,,,,,,,,yahoo
BANKBARODA,2026-09-11,235.8800,236.2100,234.4000,235.6600,271406.0000,235.7744,237.5500,235.6200,236.9500,238.1300,40.0000,190.0000,,,,,,,,,,,,,,,yahoo
BEL,2026-09-11,400.8500,402.9500,399.7500,401.0000,754820.0000,401.6607,405.3000,400.8500,404.2500,404.3500,30.0000,140.0000,275.0000,,,,,,,,,,,,,,yahoo
BHARTIARTL,2026-09-11,1832.0000,1847.7000,1831.3000,1842.9000,354080.0000,1843.3704,1852.0000,1833.9000,1841.0000,1831.1000,,,,,,,,,,,,,,,,,yahoo
BOSCHLTD,2026-09-11,48250.0000,48555.0000,48250.0000,48400.0000,1342.0000,48451.2817,48950.0000,48080.0000,48385.0000,48385.0000,30.0000,65.0000,110.0000,,,,,,320.0000,,,,,,,,yahoo
BPCL,2026-09-11,299.3000,299.3000,296.5000,296.8500,366986.0000,297.1877,306.2000,296.0000,305.2000,304.5000,95.0000,95.0000,95.0000,175.0000,180.0000,275.0000,285.0000,290.0000,,,,,,,,,yahoo
BRITANNIA,2026-09-11,4994.0000,4994.0000,4950.0000,4952.5000,16154.0000,4960.6664,5012.5000,4945.0000,4982.0000,4962.0000,35.0000,65.0000,105.0000,,,,,,,,,,,,,,yahoo
CANBK,2026-09-11,124.0000,124.0000,122.6900,123.1200,921549.0000,123.1956,124.0000,123.0300,123.6300,124.0000,40.0000,,,,,,,,,,,,,,,,yahoo
CGPOWER,2026-09-11,905.0000,905.0000,889.1500,893.8500,260300.0000,892.3845,912.5000,893.4500,909.0000,909.0000,20.0000,30.0000,30.0000,40.0000,40.0000,250.0000,,,,,,,,,,,yahoo
CHOLAFIN,2026-09-11,1813.1000,1817.2000,1796.3000,1798.3000,238862.0000,1802.7287,1850.2000,1798.0000,1845.9000,1845.9000,10.0000,10.0000,15.0000,25.0000,40.0000,280.0000,285.0000,,,,,,,,,,yahoo
CIPLA,2026-09-11,1369.8000,1369.8000,1349.3000,1350.2000,39001.0000,1354.8299,1365.5000,1347.8000,1358.8000,1366.0000,145.0000,215.0000,230.0000,,,,,,,,,,,,,,yahoo
COALINDIA,2026-09-11,432.0500,434.0000,430.5500,430.5500,741743.0000,431.7101,431.0000,424.4500,425.4000,426.4000,,,,,,,,,105.0000,130.0000,200.0000,320.0000,,,,,yahoo
CUMMINSIND,2026-09-11,5115.0000,5115.0000,5024.0000,5033.5000,25650.0000,5044.7121,5104.0000,5029.5000,5070.0000,5070.0000,30.0000,65.0000,140.0000,215.0000,,,,,,,,,,,,,yahoo
DIVISLAB,2026-09-11,9373.5000,9400.0000,9321.5000,9347.0000,21229.0000,9346.1497,9411.0000,9313.5000,9322.0000,9322.0000,80.0000,,,,,,,,,,,,,,,,yahoo
DLF,2026-09-11,647.0000,647.0000,631.8000,633.0500,575845.0000,634.4103,644.8000,630.2500,643.0000,644.5000,55.0000,140.0000,140.0000,140.0000,260.0000,,,,,,,,,,,,yahoo
DMART,2026-09-11,3675.1001,3675.1001,3651.0000,3651.8000,21184.0000,3655.4521,3706.2000,3651.5000,3688.0000,3688.0000,40.0000,140.0000,260.0000,305.0000,,,,,,,,,,,,,yahoo
DRREDDY,2026-09-11,1133.4000,1145.8000,1132.0000,1141.7000,80102.0000,1141.9535,1181.7000,1140.4000,1165.5000,1165.5000,40.0000,45.0000,65.0000,65.0000,70.0000,80.0000,125.0000,135.0000,,,,,,,,,yahoo
EICHERMOT,2026-09-11,7596.0000,7613.0000,7545.0000,7555.0000,25611.0000,7567.6131,7615.0000,7530.0000,7530.0000,7530.0000,30.0000,30.0000,,,,,,,,,,,,,,,yahoo
ENRIN,2026-09-11,3150.3000,3150.3000,3125.0000,3131.8000,19566.0000,3133.6035,3187.7000,3130.3999,3179.5000,3178.3000,10.0000,55.0000,60.0000,60.0000,165.0000,,,,,,,,,,,,yahoo
ETERNAL,2026-09-11,317.9500,318.7500,316.1000,317.9500,1499695.0000,316.9802,324.8000,317.5000,322.4000,323.5000,35.0000,40.0000,95.0000,100.0000,100.0000,110.0000,,,,,,,,,,,yahoo
GAIL,2026-09-11,173.6400,174.3100,173.0100,174.2500,273502.0000,174.0208,175.1300,173.3000,174.1000,173.6200,20.0000,,,,,,,,75.0000,,,,,,,,yahoo
GODREJCP,2026-09-11,861.9500,864.2500,859.0000,862.8000,40959.0000,862.1955,872.6000,862.0500,865.3500,865.0000,25.0000,80.0000,95.0000,,,,,,,,,,,,,,yahoo
GRASIM,2026-09-11,3302.0000,3302.0000,3270.0000,3270.2000,32426.0000,3279.6833,3288.0000,3267.2000,3283.0000,3281.8999,260.0000,,,,,,,,,,,,,,,,yahoo
HAL,2026-09-11,4923.8999,4923.8999,4876.5000,4893.0000,106353.0000,4896.0830,4930.0000,4885.2998,4916.1001,4905.0000,215.0000,280.0000,,,,,,,,,,,,,,,yahoo
HCLTECH,2026-09-11,1196.4000,1218.3000,1196.4000,1211.7000,393297.0000,1207.1576,1223.0000,1207.1000,1212.3000,1206.1000,60.0000,120.0000,,,,,,,,,,,,,,,yahoo
HDFCAMC,2026-09-11,2403.5000,2403.5000,2366.8000,2388.7000,38888.0000,2386.7466,2423.6001,2388.2000,2407.8999,2403.8999,25.0000,30.0000,35.0000,280.0000,,,,,,,,,,,,,yahoo
HDFCBANK,2026-09-11,683.8000,686.9000,682.1000,685.2500,2992388.0000,685.5832,709.0000,683.1000,708.6000,708.2500,225.0000,225.0000,240.0000,245.0000,250.0000,255.0000,260.0000,260.0000,,,,,,,,,yahoo
HDFCLIFE,2026-09-11,521.7000,521.9500,518.3000,519.6500,186814.0000,519.8618,531.1000,519.4000,530.0000,530.0000,30.0000,85.0000,85.0000,90.0000,145.0000,280.0000,,,,,,,,,,,yahoo
HINDALCO,2026-09-11,986.0000,986.0000,973.1000,976.4000,553472.0000,976.6339,992.8000,975.3000,985.5000,981.5000,30.0000,40.0000,50.0000,65.0000,260.0000,,,,,,,,,,,,yahoo
HINDUNILVR,2026-09-11,1932.2000,1939.2000,1928.4000,1931.4000,44404.0000,1933.5731,1946.6000,1928.0000,1935.0000,1927.0000,75.0000,100.0000,,,,,,,,,,,,,,,yahoo
HINDZINC,2026-09-11,577.1500,577.1500,565.9500,572.2500,1106690.0000,571.1658,583.0500,572.0000,575.7500,576.4500,15.0000,55.0000,100.0000,120.0000,170.0000,,,,,,,,,,,,yahoo
HYUNDAI,2026-09-11,2182.3999,2191.3000,2172.0000,2186.0000,96501.0000,2179.4236,2195.3000,2173.6001,2177.6001,2174.0000,,,,,,,,,320.0000,,,,,,,,yahoo
ICICIBANK,2026-09-11,1372.7000,1374.5000,1367.9000,1372.4000,561936.0000,1371.6609,1388.9000,1371.4000,1382.1000,1379.3000,80.0000,90.0000,260.0000,,,,,,,,,,,,,,yahoo
INDHOTEL,2026-09-11,714.0000,714.0000,708.6500,709.5500,95569.0000,709.7615,720.7500,709.2000,720.1000,718.5000,35.0000,70.0000,250.0000,265.0000,280.0000,,,,,,,,,,,,yahoo
INDIGO,2026-09-11,4862.0000,4875.5000,4822.0000,4847.5000,129850.0000,4860.3344,4966.5000,4842.0000,4960.5000,4973.0000,10.0000,25.0000,100.0000,175.0000,195.0000,315.0000,,,,,,,,,,,yahoo
INFY,2026-09-11,1031.5000,1047.1000,1030.6000,1042.5000,745282.0000,1041.8575,1044.5000,1036.8000,1038.0000,1037.7000,,,,,,,,,60.0000,,,,,,,,yahoo
IOC,2026-09-11,133.9800,134.3500,133.2700,133.8900,972588.0000,134.0108,136.1600,133.5100,135.7000,135.1100,100.0000,230.0000,260.0000,285.0000,295.0000,,,,,,,,,,,,yahoo
IRFC,2026-09-11,80.8100,80.8100,80.1500,80.2800,973781.0000,80.3401,81.0700,80.2000,81.0700,81.0900,30.0000,260.0000,,,,,,,,,,,,,,,yahoo
ITC,2026-09-11,258.0000,260.5000,258.0000,260.2500,1157008.0000,259.8986,261.6000,259.8500,259.8500,259.8500,300.0000,,,,,,,,,,,,,,,,yahoo
JINDALSTEL,2026-09-11,1104.7000,1110.3000,1100.4000,1102.7000,48699.0000,1103.3033,1122.0000,1102.0000,1118.3000,1120.5000,5.0000,5.0000,5.0000,90.0000,120.0000,,,,,,,,,,,,yahoo
JIOFIN,2026-09-11,228.2500,228.2500,226.6000,227.3000,1728040.0000,227.3796,231.3200,226.4500,230.1000,229.9000,260.0000,260.0000,265.0000,275.0000,275.0000,,,,,,,,,,,,yahoo
JSWSTEEL,2026-09-11,1284.4000,1284.4000,1269.7000,1276.7000,104337.0000,1276.4108,1286.4000,1266.0000,1268.4000,1265.0000,55.0000,65.0000,,,,,,,205.0000,240.0000,,,,,,,yahoo
KOTAKBANK,2026-09-11,412.5500,412.5500,409.2500,411.7000,1586984.0000,411.1641,420.0000,410.9500,419.0000,419.0000,15.0000,30.0000,90.0000,100.0000,100.0000,130.0000,,,,,,,,,,,yahoo
LODHA,2026-09-11,1137.4000,1137.4000,1104.0000,1104.5000,308973.0000,1109.9058,1112.1000,1075.5000,1109.1000,1116.9000,295.0000,,,,,,,,5.0000,5.0000,10.0000,15.0000,15.0000,50.0000,75.0000,,yahoo
LT,2026-09-11,3919.8000,3919.8000,3890.1001,3890.3999,80209.0000,3895.6354,3939.5000,3882.2000,3939.5000,3930.7000,95.0000,135.0000,140.0000,330.0000,,,,,,,,,,,,,yahoo
LTM,2026-09-11,4320.0000,4359.6001,4293.2002,4301.0000,26204.0000,4311.6891,4333.0000,4275.0000,4275.0000,4275.0000,100.0000,,,,,,,,330.0000,,,,,,,,yahoo
M&M,2026-09-11,3092.6001,3092.6001,3069.1001,3077.5000,117341.0000,3075.8478,3124.0000,3070.2000,3114.8000,3107.0000,25.0000,40.0000,90.0000,105.0000,290.0000,,,,,,,,,,,,yahoo
MARUTI,2026-09-11,12511.0000,12511.0000,12424.0000,12475.0000,14616.0000,12461.9459,12494.0000,12382.0000,12432.0000,12400.0000,,,,,,,,,70.0000,,,,,,,,yahoo
MAXHEALTH,2026-09-11,1030.0000,1038.2000,1025.2000,1026.6000,673818.0000,1027.7280,1041.5000,1023.7000,1041.5000,1037.7000,80.0000,85.0000,130.0000,175.0000,,,,,,,,,,,,,yahoo
MAZDOCK,2026-09-11,2358.1001,2358.1001,2318.7000,2319.6001,74712.0000,2327.4890,2341.7000,2315.3999,2333.5000,2339.0000,20.0000,30.0000,,,,,,,,,,,,,,,yahoo
MOTHERSON,2026-09-11,161.4400,162.3000,160.9300,162.0700,665952.0000,162.0201,165.5800,162.0300,164.3500,164.4500,25.0000,60.0000,65.0000,90.0000,90.0000,140.0000,,,,,,,,,,,yahoo
MUTHOOTFIN,2026-09-11,2789.1001,2789.1001,2741.2000,2744.7000,137435.0000,2752.6103,2811.5000,2728.7000,2811.5000,2792.1001,45.0000,55.0000,75.0000,95.0000,100.0000,280.0000,,,20.0000,,,,,,,,yahoo
NESTLEIND,2026-09-11,1375.4000,1384.7000,1373.6000,1384.2000,60618.0000,1379.9725,1400.9000,1377.3000,1381.5000,1383.3000,25.0000,35.0000,60.0000,,,,,,,,,,,,,,yahoo
NTPC,2026-09-11,332.7000,335.2000,332.4000,334.9500,231612.0000,334.4259,336.2500,332.0000,332.0000,333.4000,,,,,,,,,85.0000,330.0000,,,,,,,yahoo
ONGC,2026-09-11,239.8200,243.1300,237.7400,239.8100,7253254.0000,241.3393,239.8100,233.1400,233.5500,232.5000,,,,,,,,,15.0000,30.0000,55.0000,85.0000,95.0000,215.0000,235.0000,,yahoo
PFC,2026-09-11,348.7500,351.1000,348.0500,348.5000,356192.0000,349.5830,352.7000,348.3000,351.5500,353.4500,40.0000,110.0000,255.0000,,,,,,,,,,,,,,yahoo
PIDILITIND,2026-09-11,1550.0000,1550.0000,1541.0000,1546.9000,24118.0000,1546.8044,1567.8000,1543.0000,1566.9000,1566.9000,55.0000,90.0000,105.0000,295.0000,,,,,,,,,,,,,yahoo
PNB,2026-09-11,115.6500,115.9500,114.5400,115.7800,795463.0000,115.5728,117.7700,115.7300,117.3500,116.7500,40.0000,100.0000,125.0000,190.0000,215.0000,,,,,,,,,,,,yahoo
POWERGRID,2026-09-11,269.8500,273.8500,269.8500,271.1000,1548824.0000,271.9451,271.7000,268.3500,269.0000,269.1000,,,,,,,,,40.0000,40.0000,240.0000,,,,,,yahoo
RECLTD,2026-09-11,313.1000,313.7000,311.4500,311.9000,266998.0000,312.6821,315.0000,311.5500,313.3000,312.7000,100.0000,160.0000,,,,,,,,,,,,,,,yahoo
RELIANCE,2026-09-11,1265.3000,1266.4000,1258.5000,1259.2000,798938.0000,1260.8783,1265.5000,1253.3000,1263.0000,1257.5000,290.0000,,,,,,,,,,,,,,,,yahoo
SBILIFE,2026-09-11,1686.7000,1686.7000,1671.8000,1679.0000,38209.0000,1675.8140,1697.7000,1678.0000,1696.1000,1684.7000,40.0000,90.0000,290.0000,,,,,,,,,,,,,,yahoo
SBIN,2026-09-11,999.8000,1001.0000,993.3000,999.1000,517558.0000,997.9371,1001.8000,993.4000,996.2000,995.7000,,,,,,,,,70.0000,,,,,,,,yahoo
SHREECEM,2026-09-11,22605.0000,22605.0000,22395.0000,22435.0000,1449.0000,22479.4341,22655.0000,22370.0000,22610.0000,22570.0000,150.0000,170.0000,,,,,,,,,,,,,,,yahoo
SHRIRAMFIN,2026-09-11,1022.9000,1022.9000,1013.3000,1014.1000,266893.0000,1016.4855,1034.4000,1014.2000,1030.0000,1028.6000,20.0000,60.0000,95.0000,140.0000,165.0000,300.0000,,,,,,,,,,,yahoo
SIEMENS,2026-09-11,3947.3000,3947.3000,3858.3999,3875.0000,27571.0000,3872.2277,3957.0000,3872.1001,3957.0000,3957.0000,10.0000,20.0000,25.0000,35.0000,140.0000,330.0000,,,,,,,,,,,yahoo
SOLARINDS,2026-09-11,22270.0000,22385.0000,22140.0000,22350.0000,13545.0000,22264.0710,22490.0000,22210.0000,22290.0000,22290.0000,10.0000,,,,,,,,150.0000,,,,,,,,yahoo
SUNPHARMA,2026-09-11,1850.5000,1851.5000,1840.1000,1842.9000,31572.0000,1843.1281,1854.0000,1834.2000,1840.9000,1840.0000,45.0000,,,,,,,,,,,,,,,,yahoo
TATACAP,2026-09-11,361.3500,361.3500,357.2500,360.2500,63475.0000,359.3601,365.0000,360.0000,362.8000,363.0500,40.0000,260.0000,305.0000,310.0000,,,,,,,,,,,,,yahoo
TATACONSUM,2026-09-11,993.3000,996.6000,990.5000,991.9000,52739.0000,992.4383,999.6000,988.2000,991.0000,991.0000,80.0000,95.0000,,,,,,,,,,,,,,,yahoo
TATAPOWER,2026-09-11,364.1500,364.6500,363.1500,363.7500,200094.0000,363.8561,367.3500,363.3000,366.1500,364.6500,40.0000,230.0000,,,,,,,,,,,,,,,yahoo
TATASTEEL,2026-09-11,184.2000,184.2000,180.8600,182.1300,6193470.0000,181.9468,183.2400,181.9200,182.5800,183.0000,260.0000,,,,,,,,,,,,,,,,yahoo
TCS,2026-09-11,2190.0000,2231.8999,2186.2000,2216.8000,374731.0000,2216.2418,2220.7000,2200.1001,2200.8000,2200.8000,,,,,,,,,45.0000,60.0000,,,,,,,yahoo
TECHM,2026-09-11,1521.1000,1547.6000,1521.1000,1544.5000,286851.0000,1542.2265,1557.3000,1535.9000,1541.0000,1541.0000,60.0000,110.0000,,,,,,,330.0000,,,,,,,,yahoo
TITAN,2026-09-11,4987.0000,4987.0000,4945.0000,4955.5000,23481.0000,4951.1913,5015.0000,4948.5000,5000.0000,5009.5000,40.0000,55.0000,90.0000,,,,,,,,,,,,,,yahoo
TMCV,2026-09-11,433.1000,434.1000,425.6000,430.9000,461199.0000,429.8802,436.6000,430.4500,435.2500,435.1000,25.0000,25.0000,275.0000,325.0000,,,,,,,,,,,,,yahoo
TMPV,2026-09-11,299.7500,299.7500,297.0500,297.4000,648667.0000,297.6089,304.4000,296.7000,302.4500,301.1000,55.0000,65.0000,90.0000,90.0000,90.0000,150.0000,,,,,,,,,,,yahoo
TORNTPHARM,2026-09-11,4929.0000,4945.5000,4905.5000,4921.0000,6243.0000,4914.2344,4988.0000,4897.0000,4961.5000,4965.5000,65.0000,80.0000,95.0000,130.0000,,,,,,,,,,,,,yahoo
TRENT,2026-09-11,2791.3999,2795.6001,2758.7000,2764.1001,56508.0000,2769.4637,2815.8999,2762.0000,2812.8999,2802.3999,15.0000,25.0000,35.0000,100.0000,120.0000,,,,,,,,,,,,yahoo
TVSMOTOR,2026-09-11,4077.0000,4093.6001,4066.1001,4080.3000,30682.0000,4083.3122,4151.8999,4076.7000,4137.1001,4125.0000,35.0000,35.0000,90.0000,125.0000,130.0000,,,,,,,,,,,,yahoo
ULTRACEMCO,2026-09-11,10862.0000,10862.0000,10794.0000,10842.0000,9363.0000,10831.6787,11016.0000,10835.0000,11000.0000,11000.0000,95.0000,100.0000,140.0000,315.0000,330.0000,,,,,,,,,,,,yahoo
UNIONBANK,2026-09-11,177.1000,177.2000,175.6100,176.7600,541181.0000,176.7249,179.5500,176.5600,179.2800,178.1000,40.0000,90.0000,190.0000,270.0000,330.0000,,,,,,,,,,,,yahoo
UNITDSPR,2026-09-11,1392.6000,1393.0000,1384.5000,1387.0000,25991.0000,1387.7815,1407.2000,1385.4000,1402.0000,1395.0000,140.0000,185.0000,195.0000,205.0000,,,,,,,,,,,,,yahoo
VBL,2026-09-11,405.7500,406.7000,403.2500,404.8000,280014.0000,404.6551,417.1500,404.7000,416.5000,416.5000,35.0000,35.0000,35.0000,40.0000,40.0000,280.0000,300.0000,305.0000,,,,,,,,,yahoo
VEDL,2026-09-11,263.6000,263.6000,256.7500,260.8000,2033386.0000,260.3082,264.8500,260.6500,263.4000,263.7000,20.0000,40.0000,60.0000,125.0000,270.0000,,,,,,,,,,,,yahoo
WIPRO,2026-09-11,165.4400,167.2400,165.1800,166.6600,1063876.0000,166.6372,167.7500,166.1500,167.3200,167.4000,120.0000,,,,,,,,,,,,,,,,yahoo
ZYDUSLIFE,2026-09-11,1113.8000,1116.6000,1106.4000,1107.4000,61580.0000,1109.9714,1135.5000,1104.6000,1121.0000,1119.1000,25.0000,40.0000,55.0000,60.0000,65.0000,70.0000,80.0000,,,,,,,,,,yahoo
ABB,2026-09-15,7267.0000,7267.0000,7096.5000,7151.5000,28177.0000,7141.8379,7163.0000,7005.0000,7005.0000,7005.0000,,,,,,,,,20.0000,50.0000,90.0000,115.0000,115.0000,330.0000,,,yahoo
ADANIENSOL,2026-09-15,1378.0000,1378.0000,1359.6000,1365.0000,93258.0000,1364.3921,1368.1000,1340.0000,1340.0000,1347.5000,,,,,,,,,85.0000,100.0000,270.0000,285.0000,320.0000,,,,yahoo
ADANIENT,2026-09-15,3062.2000,3064.6001,3013.5000,3019.7000,138343.0000,3026.6502,3023.7000,2925.0000,2928.6001,2928.6001,,,,,,,,,20.0000,100.0000,145.0000,210.0000,230.0000,270.0000,275.0000,285.0000,yahoo
ADANIGREEN,2026-09-15,1283.2000,1292.0000,1277.0000,1277.3000,122467.0000,1283.5121,1280.2000,1249.4000,1256.9000,1255.0000,,,,,,,,,90.0000,95.0000,130.0000,210.0000,240.0000,275.0000,,,yahoo
ADANIPORTS,2026-09-15,1779.1000,1779.5000,1744.6000,1746.4000,135610.0000,1751.4816,1751.5000,1721.4000,1721.4000,1713.8000,,,,,,,,,235.0000,270.0000,275.0000,330.0000,,,,,yahoo
ADANIPOWER,2026-09-15,211.0500,211.9200,206.3800,206.7800,1850502.0000,207.1697,206.9000,201.7000,202.1000,202.0000,,,,,,,,,35.0000,60.0000,85.0000,110.0000,240.0000,275.0000,,,yahoo
AMBUJACEM,2026-09-15,392.3000,393.3500,391.0500,391.9000,87974.0000,391.8245,391.6000,380.2500,381.7500,381.7500,,,,,,,,,15.0000,60.0000,75.0000,80.0000,85.0000,200.0000,275.0000,,yahoo
APOLLOHOSP,2026-09-15,8910.0000,8927.0000,8853.0000,8863.0000,36642.0000,8873.7283,8864.5000,8760.0000,8770.0000,8714.0000,,,,,,,,,60.0000,195.0000,235.0000,,,,,,yahoo
ASIANPAINT,2026-09-15,2456.3999,2462.6001,2448.2000,2461.0000,40956.0000,2457.5382,2461.0000,2407.0000,2411.8000,2402.8000,,,,,,,,,15.0000,20.0000,70.0000,130.0000,210.0000,305.0000,,,yahoo
AXISBANK,2026-09-15,1253.2000,1253.2000,1238.0000,1241.6000,493999.0000,1240.7240,1243.1000,1220.0000,1224.5000,1222.9000,,,,,,,,,75.0000,115.0000,230.0000,280.0000,305.0000,,,,yahoo
BAJAJ-AUTO,2026-09-15,11692.0000,11700.0000,11617.0000,11621.0000,10629.0000,11634.8693,11621.0000,11416.0000,11469.0000,11424.0000,,,,,,,,,55.0000,55.0000,130.0000,195.0000,275.0000,,,,yahoo
BAJAJFINSV,2026-09-15,1927.3000,1927.3000,1886.7000,1891.2000,50102.0000,1891.8763,1891.2000,1858.6000,1860.0000,1855.5000,,,,,,,,,30.0000,65.0000,95.0000,230.0000,285.0000,,,,yahoo
BAJAJHLDNG,2026-09-15,11134.0000,11194.0000,11100.0000,11135.0000,3749.0000,11120.3855,11182.0000,11062.0000,11100.0000,11100.0000,,,,,,,,,65.0000,,,,,,,,yahoo
BAJFINANCE,2026-09-15,1036.1000,1037.7000,1021.6000,1022.3000,705223.0000,1026.9619,1022.2000,1005.5000,1009.9000,1009.2000,,,,,,,,,45.0000,80.0000,85.0000,235.0000,305.0000,,,,yahoo
BANKBARODA,2026-09-15,238.4000,238.4300,235.7600,236.0900,470143.0000,236.4659,236.1700,232.5000,232.7000,232.7000,,,,,,,,,15.0000,125.0000,270.0000,305.0000,325.0000,,,,yahoo
BEL,2026-09-15,403.2500,403.2500,393.7500,394.7500,2026990.0000,395.9376,394.9500,384.8500,384.9500,382.9000,,,,,,,,,20.0000,65.0000,65.0000,65.0000,70.0000,285.0000,330.0000,,yahoo
BHARTIARTL,2026-09-15,1842.1000,1842.1000,1827.1000,1833.0000,323341.0000,1831.5830,1838.8000,1819.7000,1830.4000,1830.4000,,,,,,,,,275.0000,,,,,,,,yahoo
BOSCHLTD,2026-09-15,48385.0000,48620.0000,47880.0000,47925.0000,3643.0000,48199.5480,48040.0000,47070.0000,47070.0000,47070.0000,,,,,,,,,145.0000,195.0000,325.0000,330.0000,330.0000,,,,yahoo
BPCL,2026-09-15,303.9500,306.3000,303.0500,305.6500,388776.0000,305.3153,308.1500,300.6000,301.3500,298.6500,30.0000,30.0000,,,,,,,70.0000,130.0000,170.0000,275.0000,305.0000,,,,yahoo
BRITANNIA,2026-09-15,4992.0000,5019.5000,4989.0000,5000.0000,23883.0000,5005.6922,5009.0000,4956.0000,4956.0000,4947.5000,,,,,,,,,130.0000,320.0000,,,,,,,yahoo
CANBK,2026-09-15,123.7100,124.4700,122.9500,123.9900,1759550.0000,124.0475,123.9800,122.0500,122.3000,122.3700,,,,,,,,,10.0000,15.0000,260.0000,275.0000,325.0000,,,,yahoo
CGPOWER,2026-09-15,903.9500,905.4000,890.1500,890.4500,243103.0000,893.6751,889.9500,858.7500,859.0000,858.0000,,,,,,,,,10.0000,10.0000,15.0000,15.0000,20.0000,90.0000,275.0000,305.0000,yahoo
CHOLAFIN,2026-09-15,1835.4000,1835.4000,1812.9000,1823.6000,62284.0000,1820.8590,1826.4000,1785.0000,1791.6000,1791.6000,,,,,,,,,45.0000,60.0000,65.0000,95.0000,95.0000,95.0000,,,yahoo
CIPLA,2026-09-15,1357.7000,1361.0000,1351.1000,1352.4000,79823.0000,1353.6044,1360.7000,1348.1000,1351.0000,1351.0000,310.0000,,,,,,,,,,,,,,,,yahoo
COALINDIA,2026-09-15,425.8500,426.7000,423.2500,424.2500,558423.0000,424.2856,425.1500,418.0500,419.3500,419.2500,,,,,,,,,185.0000,270.0000,270.0000,275.0000,,,,,yahoo
CUMMINSIND,2026-09-15,5086.5000,5086.5000,5003.0000,5003.0000,20755.0000,5021.9149,5008.0000,4880.5000,4890.0000,4874.0000,,,,,,,,,35.0000,45.0000,50.0000,230.0000,275.0000,305.0000,,,yahoo
DIVISLAB,2026-09-15,9392.5000,9392.5000,9218.5000,9237.0000,16111.0000,9240.0818,9277.5000,9158.0000,9198.0000,9198.0000,,,,,,,,,320.0000,330.0000,,,,,,,yahoo
DLF,2026-09-15,647.1500,647.1500,637.3000,638.6500,210552.0000,638.8569,638.7000,623.0000,624.7500,620.8500,,,,,,,,,15.0000,45.0000,60.0000,75.0000,75.0000,275.0000,,,yahoo
DMART,2026-09-15,3699.0000,3729.8000,3695.1001,3720.8999,54458.0000,3712.5469,3735.8000,3680.0000,3680.0000,3680.0000,,,,,,,,,70.0000,325.0000,325.0000,,,,,,yahoo
DRREDDY,2026-09-15,1163.7000,1166.0000,1157.0000,1160.9000,217524.0000,1159.5055,1168.1000,1142.2000,1145.0000,1145.0000,55.0000,,,,,,,,110.0000,130.0000,230.0000,305.0000,330.0000,,,,yahoo
EICHERMOT,2026-09-15,7551.0000,7561.0000,7522.5000,7533.5000,14178.0000,7546.4624,7535.0000,7440.0000,7452.5000,7452.5000,,,,,,,,,15.0000,15.0000,60.0000,,,,,,yahoo
ENRIN,2026-09-15,3199.2000,3199.2000,3117.0000,3140.5000,44266.0000,3132.8595,3140.3000,3026.7000,3029.0000,3013.1001,,,,,,,,,15.0000,20.0000,30.0000,40.0000,45.0000,225.0000,270.0000,275.0000,yahoo
ETERNAL,2026-09-15,327.5000,327.5000,321.8000,324.4000,1406922.0000,323.2609,324.4500,314.9000,316.6000,315.2500,,,,,,,,,15.0000,30.0000,60.0000,65.0000,70.0000,215.0000,290.0000,,yahoo
GAIL,2026-09-15,173.6300,173.7900,172.1400,172.1800,575846.0000,172.6496,172.7600,169.8000,170.4900,170.8800,,,,,,,,,85.0000,100.0000,270.0000,305.0000,,,,,yahoo
GODREJCP,2026-09-15,867.0000,876.4500,863.9000,871.3500,113377.0000,872.7820,873.6000,857.1000,857.1000,857.0000,,,,,,,,,15.0000,295.0000,315.0000,330.0000,330.0000,,,,yahoo
GRASIM,2026-09-15,3272.0000,3272.0000,3225.0000,3226.3000,59028.0000,3231.9777,3228.2000,3175.8000,3175.8000,3171.0000,,,,,,,,,60.0000,100.0000,130.0000,295.0000,330.0000,,,,yahoo
HAL,2026-09-15,4921.7998,4932.2998,4821.0000,4826.1001,57180.0000,4840.8814,4825.8999,4674.0000,4695.0000,4695.0000,,,,,,,,,20.0000,25.0000,25.0000,65.0000,65.0000,70.0000,320.0000,330.0000,yahoo
HCLTECH,2026-09-15,1252.0000,1290.0000,1250.5000,1286.1000,1081521.0000,1283.9678,1286.4000,1257.0000,1260.0000,1253.7000,,,,,,,,,10.0000,15.0000,15.0000,195.0000,220.0000,275.0000,,,yahoo
HDFCAMC,2026-09-15,2416.8999,2420.0000,2403.0000,2406.0000,68115.0000,2407.8971,2418.5000,2385.0000,2385.0000,2409.0000,155.0000,,,,,,,,280.0000,325.0000,,,,,,,yahoo
HDFCBANK,2026-09-15,722.5000,730.4000,720.3000,722.3500,6765241.0000,724.0794,728.3500,715.1000,716.6000,716.5500,10.0000,25.0000,,,,,,,75.0000,240.0000,275.0000,,,,,,yahoo
HDFCLIFE,2026-09-15,528.0000,530.3500,527.2500,527.5000,295344.0000,528.4856,527.7500,516.1000,516.1000,516.1000,,,,,,,,,55.0000,65.0000,105.0000,125.0000,330.0000,330.0000,,,yahoo
HINDALCO,2026-09-15,980.1000,980.1000,966.8000,973.2000,228489.0000,973.9791,975.7000,960.5000,961.8000,958.7000,,,,,,,,,95.0000,240.0000,285.0000,320.0000,,,,,yahoo
HINDUNILVR,2026-09-15,1943.0000,1965.9000,1936.6000,1955.6000,140603.0000,1957.0773,1969.0000,1944.0000,1947.5000,1938.1000,95.0000,,,,,,,,65.0000,,,,,,,,yahoo
HINDZINC,2026-09-15,574.7500,574.8000,569.0000,571.1500,331291.0000,570.8795,571.0500,562.0000,563.4500,560.9000,,,,,,,,,50.0000,95.0000,130.0000,135.0000,320.0000,,,,yahoo
HYUNDAI,2026-09-15,2187.8000,2217.6001,2187.8000,2213.3999,49573.0000,2210.7629,2216.8000,2130.5000,2142.5000,2140.0000,,,,,,,,,35.0000,45.0000,55.0000,65.0000,80.0000,105.0000,125.0000,165.0000,yahoo
ICICIBANK,2026-09-15,1380.8000,1384.1000,1362.3000,1364.8000,842378.0000,1368.5943,1365.4000,1351.3000,1355.5000,1350.4000,,,,,,,,,20.0000,75.0000,,,,,,,yahoo
INDHOTEL,2026-09-15,729.6500,737.2500,725.4000,726.8500,299352.0000,728.6117,732.2500,713.0000,713.0000,715.0000,40.0000,,,,,,,,175.0000,220.0000,240.0000,270.0000,285.0000,,,,yahoo
INDIGO,2026-09-15,4949.0000,4949.0000,4907.5000,4917.5000,33097.0000,4919.4319,4918.5000,4774.0000,4792.0000,4776.0000,,,,,,,,,15.0000,45.0000,75.0000,270.0000,275.0000,275.0000,275.0000,,yahoo
INFY,2026-09-15,1085.0000,1097.6000,1077.2000,1087.5000,2898774.0000,1092.2850,1092.7000,1071.9000,1076.2000,1077.0000,,,,,,,,,10.0000,10.0000,15.0000,15.0000,,,,,yahoo
IOC,2026-09-15,135.4800,135.6900,134.3800,134.9000,919630.0000,134.8809,135.4800,132.4500,132.6900,132.0300,,,,,,,,,95.0000,135.0000,230.0000,265.0000,275.0000,,,,yahoo
IRFC,2026-09-15,81.2500,81.7800,80.9500,81.3100,781980.0000,81.4628,81.2700,79.0300,79.1600,79.1500,,,,,,,,,15.0000,45.0000,70.0000,100.0000,135.0000,240.0000,275.0000,,yahoo
ITC,2026-09-15,261.2500,263.8500,260.8500,263.4500,1366599.0000,263.3278,264.1500,258.9000,259.4500,258.0000,,,,,,,,,15.0000,65.0000,75.0000,275.0000,305.0000,,,,yahoo
JINDALSTEL,2026-09-15,1108.0000,1115.4000,1103.9000,1107.0000,53443.0000,1109.7338,1107.0000,1090.5000,1090.5000,1095.0000,,,,,,,,,15.0000,60.0000,95.0000,125.0000,,,,,yahoo
JIOFIN,2026-09-15,230.5000,231.8000,229.7900,231.4400,2045109.0000,230.7255,231.4400,226.4000,226.7000,225.6000,,,,,,,,,15.0000,155.0000,195.0000,230.0000,270.0000,305.0000,,,yahoo
JSWSTEEL,2026-09-15,1265.7000,1265.7000,1252.2000,1255.5000,138508.0000,1259.5804,1255.2000,1234.0000,1234.0000,1229.2000,,,,,,,,,75.0000,110.0000,120.0000,155.0000,305.0000,,,,yahoo
KOTAKBANK,2026-09-15,419.4000,419.4000,411.7500,414.9000,1044279.0000,413.7098,414.8500,411.1000,411.8000,409.8000,,,,,,,,,25.0000,60.0000,,,,,,,yahoo
LODHA,2026-09-15,1128.0000,1128.0000,1100.8000,1104.7000,133535.0000,1107.6659,1104.7000,1068.1000,1070.0000,1064.8000,,,,,,,,,10.0000,10.0000,35.0000,45.0000,60.0000,175.0000,245.0000,270.0000,yahoo
LT,2026-09-15,3959.0000,3959.0000,3870.0000,3870.2000,168111.0000,3878.8942,3875.0000,3835.7000,3843.0000,3850.7000,,,,,,,,,15.0000,95.0000,,,,,,,yahoo
LTM,2026-09-15,4404.2998,4568.3999,4404.2998,4522.2002,150650.0000,4541.8007,4525.0000,4328.1001,4346.6001,4346.6001,,,,,,,,,5.0000,5.0000,15.0000,15.0000,20.0000,175.0000,205.0000,260.0000,yahoo
M&M,2026-09-15,3115.1001,3118.0000,3089.0000,3107.0000,152821.0000,3103.0652,3110.0000,3029.5000,3029.5000,3029.5000,,,,,,,,,40.0000,70.0000,105.0000,275.0000,275.0000,330.0000,,,yahoo
MARUTI,2026-09-15,12462.0000,12462.0000,12385.0000,12412.0000,26609.0000,12412.2132,12428.0000,12264.0000,12271.0000,12231.0000,,,,,,,,,55.0000,75.0000,285.0000,,,,,,yahoo
MAXHEALTH,2026-09-15,1043.2000,1043.2000,1032.1000,1036.9000,172232.0000,1036.6751,1045.0000,1030.2000,1045.0000,1030.0000,285.0000,330.0000,,,,,,,230.0000,,,,,,,,yahoo
MAZDOCK,2026-09-15,2340.8000,2340.8000,2307.2000,2313.0000,54667.0000,2314.0191,2314.0000,2229.8000,2236.0000,2236.0000,,,,,,,,,5.0000,10.0000,35.0000,65.0000,70.0000,210.0000,240.0000,275.0000,yahoo
MOTHERSON,2026-09-15,165.2600,165.2600,163.5400,163.6500,512616.0000,163.9609,163.6300,158.4200,158.9000,158.1500,,,,,,,,,25.0000,30.0000,95.0000,110.0000,225.0000,265.0000,275.0000,285.0000,yahoo
MUTHOOTFIN,2026-09-15,2792.1001,2792.1001,2769.0000,2781.3999,39113.0000,2777.3170,2781.7000,2733.8000,2745.0000,2722.3000,,,,,,,,,60.0000,65.0000,135.0000,195.0000,275.0000,,,,yahoo
NESTLEIND,2026-09-15,1389.9000,1394.4000,1383.5000,1383.5000,249936.0000,1389.8027,1386.6000,1362.0000,1362.0000,1362.0000,,,,,,,,,45.0000,50.0000,60.0000,130.0000,330.0000,,,,yahoo
NTPC,2026-09-15,333.3000,333.3000,328.0000,328.0000,527470.0000,329.2233,329.4500,326.5000,327.1000,329.5000,,,,,,,,,,,,,,,,,yahoo
ONGC,2026-09-15,234.8200,234.8200,233.4000,234.5500,1099574.0000,234.1975,236.1900,233.4000,233.9900,235.9500,25.0000,,,,,,,,,,,,,,,,yahoo
PFC,2026-09-15,352.6000,352.6000,349.5000,350.0500,461614.0000,350.3723,349.9500,344.4000,344.8000,344.0000,,,,,,,,,15.0000,85.0000,270.0000,275.0000,305.0000,,,,yahoo
PIDILITIND,2026-09-15,1566.0000,1575.4000,1560.0000,1561.5000,36926.0000,1566.2643,1561.5000,1528.5000,1530.0000,1521.1000,,,,,,,,,60.0000,80.0000,120.0000,175.0000,255.0000,320.0000,,,yahoo
PNB,2026-09-15,116.8800,117.2000,116.0700,116.3500,785092.0000,116.6037,116.3200,114.8500,115.0400,114.7000,,,,,,,,,10.0000,15.0000,295.0000,305.0000,,,,,yahoo
POWERGRID,2026-09-15,267.1500,268.4500,265.5500,266.1000,777937.0000,266.2092,266.2000,263.8000,264.1000,262.8000,,,,,,,,,15.0000,275.0000,,,,,,,yahoo
RECLTD,2026-09-15,313.8000,314.8000,312.1500,314.1000,135045.0000,314.1654,314.4500,310.0500,310.0500,308.5000,,,,,,,,,195.0000,275.0000,320.0000,330.0000,,,,,yahoo
RELIANCE,2026-09-15,1254.7000,1259.1000,1249.6000,1256.5000,1304227.0000,1254.3760,1258.0000,1237.4000,1239.0000,1235.3000,,,,,,,,,240.0000,270.0000,275.0000,305.0000,305.0000,,,,yahoo
SBILIFE,2026-09-15,1681.0000,1682.6000,1674.2000,1678.3000,44216.0000,1677.0544,1678.5000,1653.0000,1664.4000,1654.1000,,,,,,,,,15.0000,155.0000,215.0000,275.0000,315.0000,,,,yahoo
SBIN,2026-09-15,996.4000,998.8000,986.4000,987.4000,907952.0000,989.9987,987.3000,969.6000,972.6000,968.0000,,,,,,,,,15.0000,130.0000,265.0000,270.0000,305.0000,,,,yahoo
SHREECEM,2026-09-15,22620.0000,22655.0000,22450.0000,22585.0000,954.0000,22566.6964,22580.0000,21905.0000,21905.0000,21905.0000,,,,,,,,,50.0000,75.0000,110.0000,120.0000,155.0000,185.0000,320.0000,330.0000,yahoo
SHRIRAMFIN,2026-09-15,1038.4000,1038.4000,1008.3000,1010.4000,720084.0000,1014.4267,1010.2000,980.8000,982.0000,979.8000,,,,,,,,,20.0000,25.0000,40.0000,45.0000,75.0000,95.0000,305.0000,,yahoo
SIEMENS,2026-09-15,3954.0000,3954.0000,3891.2000,3900.6001,23641.0000,3903.8710,3900.8000,3773.0000,3773.0000,3770.0000,,,,,,,,,20.0000,25.0000,45.0000,50.0000,65.0000,165.0000,315.0000,330.0000,yahoo
SOLARINDS,2026-09-15,22320.0000,22570.0000,20650.0000,20740.0000,129481.0000,21275.5908,20880.0000,19110.0000,19225.0000,19250.0000,5.0000,,,,,,,,10.0000,10.0000,15.0000,15.0000,20.0000,20.0000,20.0000,75.0000,yahoo
SUNPHARMA,2026-09-15,1854.1000,1854.1000,1834.6000,1836.3000,69990.0000,1840.4541,1847.4000,1828.0000,1839.7000,1835.0000,165.0000,,,,,,,,,,,,,,,,yahoo
TATACAP,2026-09-15,364.2500,364.9000,359.5000,359.8500,249655.0000,361.9812,359.7000,351.8500,353.2000,354.2000,,,,,,,,,10.0000,65.0000,70.0000,70.0000,70.0000,310.0000,,,yahoo
TATACONSUM,2026-09-15,988.4000,1008.4000,988.1000,998.4000,523979.0000,1002.6018,1004.1000,986.1000,986.1000,986.1000,10.0000,,,,,,,,70.0000,285.0000,305.0000,,,,,,yahoo
TATAPOWER,2026-09-15,376.5500,376.5500,369.0000,369.1500,500338.0000,370.0688,369.1500,363.0000,363.0000,363.0000,,,,,,,,,30.0000,85.0000,260.0000,270.0000,305.0000,,,,yahoo
TATASTEEL,2026-09-15,186.1300,186.1300,182.4000,183.3300,2648976.0000,183.9972,184.7000,182.4200,183.2900,183.6500,55.0000,,,,,,,,,,,,,,,,yahoo
TCS,2026-09-15,2279.1001,2321.3999,2272.8000,2315.8000,649413.0000,2314.8544,2322.8000,2260.5000,2263.8000,2251.0000,,,,,,,,,10.0000,10.0000,10.0000,15.0000,15.0000,275.0000,,,yahoo
TECHM,2026-09-15,1595.7000,1632.5000,1595.7000,1621.5000,456261.0000,1623.8299,1621.9000,1575.9000,1575.9000,1575.9000,,,,,,,,,10.0000,10.0000,15.0000,140.0000,170.0000,205.0000,275.0000,,yahoo
TITAN,2026-09-15,5000.5000,5000.5000,4929.5000,4952.0000,64468.0000,4945.8436,4953.5000,4878.5000,4885.0000,4856.0000,,,,,,,,,30.0000,50.0000,85.0000,90.0000,,,,,yahoo
TMCV,2026-09-15,442.3500,446.2500,434.8000,435.5000,571888.0000,436.3370,436.0000,426.5000,428.0500,426.4000,,,,,,,,,15.0000,20.0000,20.0000,100.0000,305.0000,325.0000,,,yahoo
TMPV,2026-09-15,316.4500,316.8500,313.4000,314.8500,3121450.0000,314.6627,316.4000,303.6000,304.8000,303.6000,,,,,,,,,50.0000,65.0000,70.0000,125.0000,145.0000,175.0000,230.0000,305.0000,yahoo
TORNTPHARM,2026-09-15,4951.0000,4955.5000,4909.5000,4930.0000,22783.0000,4925.6182,4933.0000,4846.0000,4850.0000,4850.0000,,,,,,,,,60.0000,75.0000,110.0000,270.0000,280.0000,,,,yahoo
TRENT,2026-09-15,2812.5000,2814.1001,2796.5000,2806.6001,35528.0000,2806.4226,2806.3999,2736.8999,2742.8000,2730.0000,,,,,,,,,15.0000,55.0000,70.0000,75.0000,240.0000,305.0000,,,yahoo
TVSMOTOR,2026-09-15,4146.8999,4146.8999,4108.7002,4108.7002,30849.0000,4121.0067,4113.3999,4022.7000,4040.0000,4050.0000,,,,,,,,,20.0000,75.0000,95.0000,100.0000,255.0000,305.0000,,,yahoo
ULTRACEMCO,2026-09-15,11007.0000,11007.0000,10881.0000,10886.0000,11207.0000,10899.4364,10885.0000,10697.0000,10697.0000,10697.0000,,,,,,,,,30.0000,40.0000,60.0000,95.0000,330.0000,,,,yahoo
UNIONBANK,2026-09-15,179.6900,179.6900,177.6100,177.9200,434540.0000,178.0993,177.8800,174.8100,175.2000,175.0000,,,,,,,,,10.0000,85.0000,145.0000,265.0000,270.0000,,,,yahoo
UNITDSPR,2026-09-15,1395.1000,1403.1000,1393.3000,1396.7000,13580.0000,1396.7645,1399.6000,1370.6000,1370.6000,1370.6000,,,,,,,,,65.0000,75.0000,125.0000,135.0000,330.0000,,,,yahoo
VBL,2026-09-15,417.0500,419.4000,414.0000,414.6500,325828.0000,415.0576,415.5000,409.5000,409.5000,409.6000,,,,,,,,,170.0000,240.0000,275.0000,,,,,,yahoo
VEDL,2026-09-15,263.5500,264.2000,259.9000,261.0500,971519.0000,260.7453,260.9000,253.6000,254.2500,257.0000,,,,,,,,,10.0000,60.0000,85.0000,100.0000,195.0000,265.0000,305.0000,,yahoo
WIPRO,2026-09-15,172.1600,173.2200,171.0600,172.1300,2436197.0000,172.6196,172.7500,169.1800,170.0000,170.0000,,,,,,,,,15.0000,170.0000,185.0000,240.0000,305.0000,,,,yahoo
ZYDUSLIFE,2026-09-15,1120.7000,1122.3000,1113.4000,1115.6000,27816.0000,1117.0230,1115.5000,1100.1000,1100.7000,1099.0000,,,,,,,,,30.0000,45.0000,275.0000,325.0000,,,,,yahoo
ABB,2026-09-16,7020.0000,7051.0000,6915.5000,6920.0000,23231.0000,6959.3247,7025.5000,6905.5000,6999.0000,6980.0000,10.0000,15.0000,60.0000,105.0000,210.0000,,,,,,,,,,,,yahoo
ADANIENSOL,2026-09-16,1347.8000,1369.7000,1343.8000,1346.2000,143753.0000,1351.6286,1369.2000,1341.9000,1350.5000,1349.2000,5.0000,10.0000,80.0000,105.0000,125.0000,,,,,,,,,,,,yahoo
ADANIENT,2026-09-16,2955.0000,2972.8999,2921.3000,2921.8000,135697.0000,2938.4528,2959.5000,2915.5000,2920.0000,2920.0000,35.0000,55.0000,65.0000,75.0000,,,,,,,,,,,,,yahoo
ADANIGREEN,2026-09-16,1253.8000,1270.5000,1249.7000,1250.5000,85643.0000,1256.5823,1276.9000,1247.5000,1270.0000,1270.2000,15.0000,55.0000,60.0000,75.0000,95.0000,180.0000,,,,,,,,,,,yahoo
ADANIPORTS,2026-09-16,1722.4000,1737.8000,1712.5000,1713.0000,151616.0000,1721.5151,1734.8000,1707.3000,1723.8000,1723.8000,35.0000,50.0000,55.0000,65.0000,,,,,,,,,,,,,yahoo
ADANIPOWER,2026-09-16,202.6400,203.3500,200.8300,200.8300,1854071.0000,202.0992,204.9100,200.5500,203.1100,202.3400,10.0000,45.0000,55.0000,60.0000,75.0000,115.0000,,,,,,,,,,,yahoo
AMBUJACEM,2026-09-16,381.9500,385.2000,380.3500,380.4500,89605.0000,382.5260,384.9500,379.6000,381.0000,381.0500,15.0000,35.0000,45.0000,,,,,,,,,,,,,,yahoo
APOLLOHOSP,2026-09-16,8734.0000,8792.5000,8685.5000,8698.5000,14595.0000,8727.6959,8758.0000,8675.0000,8707.0000,8696.5000,40.0000,,,,,,,,,,,,,,,,yahoo
ASIANPAINT,2026-09-16,2406.0000,2436.3000,2398.0000,2399.8999,31016.0000,2413.6583,2443.2000,2398.3000,2416.6001,2416.6001,10.0000,10.0000,15.0000,80.0000,110.0000,,,,,,,,,,,,yahoo
AXISBANK,2026-09-16,1228.4000,1232.5000,1224.0000,1225.6000,147801.0000,1226.3744,1252.5000,1224.5000,1243.9000,1241.0000,15.0000,30.0000,35.0000,40.0000,50.0000,55.0000,,,,,,,,,,,yahoo
BAJAJ-AUTO,2026-09-16,11427.0000,11550.0000,11425.0000,11430.0000,10096.0000,11466.5074,11593.0000,11381.0000,11593.0000,11593.0000,95.0000,165.0000,185.0000,275.0000,,,,,,,,,,,,,yahoo
BAJAJFINSV,2026-09-16,1864.0000,1872.8000,1848.5000,1851.0000,57102.0000,1857.5017,1861.7000,1834.0000,1840.0000,1837.0000,15.0000,,,,,,,,225.0000,235.0000,,,,,,,yahoo
BAJAJHLDNG,2026-09-16,11023.0000,11090.0000,10926.0000,10931.0000,6527.0000,11044.0335,11051.0000,10925.0000,10930.0000,10930.0000,10.0000,10.0000,15.0000,,,,,,,,,,,,,,yahoo
BAJFINANCE,2026-09-16,1010.4000,1019.1000,1008.6000,1010.4000,152042.0000,1013.3832,1018.5000,1008.0000,1011.8000,1006.2000,15.0000,65.0000,,,,,,,,,,,,,,,yahoo
BANKBARODA,2026-09-16,233.4000,234.4500,232.6600,232.7200,456352.0000,233.5091,235.2700,232.5000,234.9800,234.9800,35.0000,50.0000,55.0000,,,,,,,,,,,,,,yahoo
BEL,2026-09-16,384.4000,388.0000,382.5000,382.6000,1328206.0000,384.4963,390.2000,382.2000,388.7500,385.7500,15.0000,50.0000,70.0000,75.0000,95.0000,,,,,,,,,,,,yahoo
BHARTIARTL,2026-09-16,1834.4000,1835.9000,1819.4000,1820.8000,157821.0000,1825.7247,1838.0000,1818.7000,1832.8000,1835.0000,50.0000,205.0000,,,,,,,,,,,,,,,yahoo
BOSCHLTD,2026-09-16,47245.0000,47545.0000,46860.0000,46880.0000,2896.0000,47155.4270,48325.0000,46855.0000,47660.0000,47555.0000,15.0000,15.0000,50.0000,60.0000,70.0000,145.0000,215.0000,285.0000,,,,,,,,,yahoo
BPCL,2026-09-16,299.4000,302.2500,299.2000,299.4000,258796.0000,300.7194,303.8000,298.1000,303.8000,303.3500,80.0000,100.0000,320.0000,330.0000,,,,,,,,,,,,,yahoo
BRITANNIA,2026-09-16,4946.5000,4995.5000,4946.5000,4954.0000,18842.0000,4974.5382,5035.5000,4950.5000,4999.5000,4999.5000,10.0000,60.0000,85.0000,245.0000,260.0000,,,,,,,,,,,,yahoo
CANBK,2026-09-16,122.7500,123.4000,121.8600,121.9000,1699197.0000,122.4975,123.7000,121.8400,123.2000,123.2000,15.0000,35.0000,55.0000,70.0000,,,,,,,,,,,,,yahoo
CGPOWER,2026-09-16,860.6000,860.6000,841.0000,843.4000,296483.0000,847.6177,864.2000,839.4000,854.4000,851.5500,10.0000,30.0000,30.0000,50.0000,50.0000,95.0000,,,,,,,,,,,yahoo
CHOLAFIN,2026-09-16,1769.6000,1798.0000,1760.4000,1760.9000,70734.0000,1772.7447,1781.7000,1756.5000,1765.6000,1765.6000,15.0000,55.0000,65.0000,,,,,,,,,,,,,,yahoo
CIPLA,2026-09-16,1353.1000,1361.6000,1346.8000,1347.0000,51277.0000,1352.7606,1363.6000,1345.0000,1358.0000,1358.0000,25.0000,50.0000,70.0000,,,,,,,,,,,,,,yahoo
COALINDIA,2026-09-16,418.5000,421.3500,417.7000,418.2000,363951.0000,418.7518,423.2500,418.0000,421.0000,422.2500,40.0000,70.0000,205.0000,,,,,,,,,,,,,,yahoo
CUMMINSIND,2026-09-16,4863.0000,4919.0000,4850.0000,4852.0000,56108.0000,4885.1539,4985.0000,4845.0000,4940.0000,4940.0000,10.0000,15.0000,40.0000,45.0000,50.0000,50.0000,60.0000,,,,,,,,,,yahoo
DIVISLAB,2026-09-16,9167.5000,9167.5000,8965.0000,8965.0000,109402.0000,9021.3262,9171.5000,8923.0000,9148.5000,9158.0000,10.0000,35.0000,60.0000,85.0000,85.0000,325.0000,,,,,,,,,,,yahoo
DLF,2026-09-16,621.9500,626.3000,613.6500,613.6500,258845.0000,616.7947,628.3000,611.6000,623.0000,622.8000,40.0000,45.0000,75.0000,75.0000,80.0000,210.0000,,,,,,,,,,,yahoo
DMART,2026-09-16,3680.0000,3707.3999,3671.0000,3672.3000,25387.0000,3689.4764,3727.7000,3670.3999,3716.0000,3720.0000,10.0000,30.0000,45.0000,55.0000,330.0000,,,,,,,,,,,,yahoo
DRREDDY,2026-09-16,1142.9000,1149.7000,1135.5000,1136.1000,70906.0000,1139.5060,1149.5000,1134.1000,1140.0000,1140.0000,10.0000,185.0000,195.0000,,,,,,,,,,,,,,yahoo
EICHERMOT,2026-09-16,7436.0000,7524.5000,7420.5000,7430.5000,30350.0000,7456.0689,7512.5000,7408.0000,7500.0000,7500.0000,95.0000,240.0000,305.0000,,,,,,,,,,,,,,yahoo
ENRIN,2026-09-16,3017.3000,3017.3000,2969.1001,2969.5000,61262.0000,2992.1329,3072.0000,2969.8000,3015.8999,3020.3000,5.0000,10.0000,10.0000,15.0000,20.0000,70.0000,90.0000,100.0000,,,,,,,,,yahoo
ETERNAL,2026-09-16,316.2500,317.2000,310.9500,311.5500,1373093.0000,313.3586,318.3500,310.8000,317.4000,317.0000,10.0000,10.0000,30.0000,110.0000,115.0000,200.0000,,,,,,,,,,,yahoo
GAIL,2026-09-16,170.8100,170.8200,168.9600,169.0000,431280.0000,169.6331,171.7500,168.7200,171.6700,170.6500,65.0000,80.0000,170.0000,270.0000,270.0000,,,,,,,,,,,,yahoo
GODREJCP,2026-09-16,858.0000,870.6000,858.0000,861.8000,65454.0000,865.6212,876.8500,861.9000,865.3000,863.0000,10.0000,15.0000,65.0000,75.0000,75.0000,,,,,,,,,,,,yahoo
GRASIM,2026-09-16,3170.5000,3193.0000,3160.0000,3164.5000,49684.0000,3167.3528,3200.0000,3163.0000,3185.0000,3187.0000,15.0000,35.0000,45.0000,,,,,,,,,,,,,,yahoo
HAL,2026-09-16,4685.0000,4705.3999,4625.0000,4625.0000,73855.0000,4653.0291,4708.6001,4616.1001,4695.6001,4695.6001,10.0000,65.0000,65.0000,100.0000,110.0000,,,,,,,,,,,,yahoo
HCLTECH,2026-09-16,1262.6000,1274.7000,1256.5000,1262.8000,448519.0000,1268.0467,1284.4000,1245.0000,1253.0000,1253.0000,5.0000,10.0000,15.0000,30.0000,30.0000,,,,220.0000,280.0000,295.0000,295.0000,,,,,yahoo
HDFCAMC,2026-09-16,2384.7000,2398.3999,2363.3999,2364.7000,37876.0000,2379.7091,2408.5000,2360.8000,2373.1001,2373.1001,15.0000,35.0000,40.0000,45.0000,70.0000,,,,,,,,,,,,yahoo
HDFCBANK,2026-09-16,714.0000,717.5000,711.0500,715.3000,1364335.0000,716.1529,725.1000,714.6000,721.0000,721.5000,15.0000,300.0000,310.0000,315.0000,,,,,,,,,,,,,yahoo
HDFCLIFE,2026-09-16,518.3500,523.3000,517.7500,518.1000,114051.0000,519.9410,533.6500,517.6500,532.0000,530.2000,15.0000,70.0000,70.0000,70.0000,70.0000,180.0000,300.0000,315.0000,,,,,,,,,yahoo
HINDALCO,2026-09-16,959.0000,969.7000,959.0000,962.4000,231564.0000,964.8237,978.5000,961.3000,974.5000,972.7000,35.0000,35.0000,45.0000,45.0000,170.0000,,,,,,,,,,,,yahoo
HINDUNILVR,2026-09-16,1945.0000,1967.8000,1945.0000,1956.0000,68774.0000,1960.1862,1977.0000,1948.6000,1962.0000,1962.0000,80.0000,80.0000,115.0000,,,,,,,,,,,,,,yahoo
HINDZINC,2026-09-16,567.7500,567.9000,563.0000,563.1000,278113.0000,565.2164,573.5500,561.2500,569.0000,567.5000,15.0000,35.0000,50.0000,65.0000,65.0000,,,,,,,,,,,,yahoo
HYUNDAI,2026-09-16,2142.1001,2182.0000,2142.0000,2149.8000,284913.0000,2170.3137,2166.7000,2140.0000,2152.3000,2155.0000,90.0000,95.0000,,,,,,,,,,,,,,,yahoo
ICICIBANK,2026-09-16,1358.2000,1361.4000,1349.9000,1350.3000,645061.0000,1352.3227,1359.0000,1348.0000,1352.1000,1358.8000,50.0000,,,,,,,,,,,,,,,,yahoo
INDHOTEL,2026-09-16,715.1500,719.0000,707.7000,708.1000,88071.0000,712.5526,719.5500,707.0000,718.5000,713.4000,15.0000,55.0000,80.0000,90.0000,115.0000,,,,,,,,,,,,yahoo
INDIGO,2026-09-16,4804.0000,4806.0000,4705.0000,4714.5000,62699.0000,4735.8462,4777.5000,4704.5000,4733.5000,4733.5000,10.0000,10.0000,15.0000,55.0000,,,,,,,,,,,,,yahoo
INFY,2026-09-16,1083.8000,1084.5000,1071.2000,1071.2000,553945.0000,1076.7470,1080.3000,1053.5000,1060.0000,1060.0000,10.0000,15.0000,,,,,,,110.0000,220.0000,235.0000,285.0000,295.0000,,,,yahoo
IOC,2026-09-16,132.7900,133.4500,132.1900,132.1900,922700.0000,132.7677,134.9200,131.7200,134.7500,134.7500,70.0000,70.0000,75.0000,95.0000,100.0000,330.0000,,,,,,,,,,,yahoo
IRFC,2026-09-16,79.4200,79.5000,78.4000,78.4000,1755207.0000,78.9791,79.5500,78.1900,78.9500,78.9500,15.0000,50.0000,75.0000,90.0000,,,,,,,,,,,,,yahoo
ITC,2026-09-16,259.6000,263.5500,259.4000,260.3000,2455197.0000,262.1072,264.9000,260.2000,264.7500,264.1500,5.0000,15.0000,115.0000,155.0000,300.0000,,,,,,,,,,,,yahoo
JINDALSTEL,2026-09-16,1088.0000,1099.8000,1086.4000,1087.0000,82161.0000,1094.1368,1116.3000,1085.5000,1105.3000,1103.0000,10.0000,15.0000,50.0000,50.0000,50.0000,80.0000,170.0000,,,,,,,,,,yahoo
JIOFIN,2026-09-16,226.5800,228.1700,225.5300,225.5300,1745339.0000,226.9286,227.4500,225.0500,225.2700,224.8400,10.0000,15.0000,,,,,,,,,,,,,,,yahoo
JSWSTEEL,2026-09-16,1234.7000,1240.7000,1227.5000,1228.5000,180999.0000,1231.9712,1249.2000,1227.4000,1246.9000,1248.9000,15.0000,45.0000,50.0000,80.0000,85.0000,,,,,,,,,,,,yahoo
KOTAKBANK,2026-09-16,412.5500,414.2000,409.4000,409.8000,409958.0000,411.1916,416.9500,409.6500,415.3000,415.0000,10.0000,60.0000,135.0000,135.0000,150.0000,,,,,,,,,,,,yahoo
LODHA,2026-09-16,1050.3000,1068.0000,1050.3000,1053.8000,230932.0000,1062.4562,1090.6000,1048.8000,1087.4000,1087.4000,10.0000,15.0000,45.0000,65.0000,75.0000,100.0000,125.0000,200.0000,,,,,,,,,yahoo
LT,2026-09-16,3848.3000,3867.0000,3826.5000,3826.5000,67662.0000,3848.1790,3850.6001,3800.0000,3818.0000,3807.7000,70.0000,,,,,,,,285.0000,,,,,,,,yahoo
LTM,2026-09-16,4350.1001,4370.0000,4281.1001,4281.1001,21099.0000,4320.5773,4356.0000,4240.1001,4247.0000,4233.0000,5.0000,10.0000,10.0000,40.0000,75.0000,,,,295.0000,300.0000,,,,,,,yahoo
M&M,2026-09-16,3049.5000,3082.6001,3046.1001,3069.8999,206411.0000,3073.7813,3105.8999,3064.0000,3075.0000,3075.0000,10.0000,10.0000,15.0000,,,,,,,,,,,,,,yahoo
MARUTI,2026-09-16,12231.0000,12365.0000,12231.0000,12268.0000,20558.0000,12297.7266,12344.0000,12159.0000,12192.0000,12166.0000,35.0000,,,,,,,,300.0000,320.0000,,,,,,,yahoo
MAXHEALTH,2026-09-16,1032.8000,1036.0000,1022.0000,1023.0000,205530.0000,1025.8110,1035.0000,1021.7000,1026.1000,1025.0000,15.0000,35.0000,40.0000,,,,,,,,,,,,,,yahoo
MAZDOCK,2026-09-16,2256.3000,2283.3000,2198.0000,2201.0000,123635.0000,2220.9513,2238.6001,2190.0000,2218.8000,2231.8999,10.0000,15.0000,50.0000,50.0000,95.0000,,,,,,,,,,,,yahoo
MOTHERSON,2026-09-16,157.5900,159.8500,156.7400,157.0000,1068432.0000,158.0051,160.3800,156.4500,158.2700,158.2700,30.0000,50.0000,50.0000,60.0000,85.0000,85.0000,,,,,,,,,,,yahoo
MUTHOOTFIN,2026-09-16,2735.6001,2770.0000,2735.6001,2751.5000,85770.0000,2760.6725,2802.8999,2750.5000,2776.0000,2771.3999,10.0000,10.0000,15.0000,15.0000,65.0000,,,,,,,,,,,,yahoo
NESTLEIND,2026-09-16,1370.2000,1395.5000,1370.2000,1379.3000,320143.0000,1387.7460,1394.1000,1378.6000,1385.3000,1384.5000,15.0000,130.0000,155.0000,,,,,,,,,,,,,,yahoo
NTPC,2026-09-16,328.5500,329.8000,327.1000,327.3500,151567.0000,327.9368,329.5000,326.6000,328.1000,327.0000,85.0000,,,,,,,,,,,,,,,,yahoo
ONGC,2026-09-16,235.3200,236.1300,234.7300,234.7300,792721.0000,235.3911,236.8000,233.6600,236.8000,236.8000,330.0000,330.0000,,,,,,,,,,,,,,,yahoo
PFC,2026-09-16,343.8500,348.2000,343.8500,344.3500,619327.0000,346.1248,349.0000,343.8000,347.4000,346.0000,15.0000,70.0000,75.0000,80.0000,,,,,,,,,,,,,yahoo
PIDILITIND,2026-09-16,1528.0000,1545.2000,1527.9000,1528.0000,48873.0000,1534.4089,1546.9000,1526.3000,1543.8000,1543.8000,15.0000,85.0000,90.0000,,,,,,,,,,,,,,yahoo
PNB,2026-09-16,114.6300,116.3000,114.6300,114.8000,1354207.0000,115.4146,117.4800,114.7600,116.8000,116.8000,15.0000,35.0000,50.0000,55.0000,55.0000,70.0000,,,,,,,,,,,yahoo
POWERGRID,2026-09-16,264.4500,266.1500,263.3000,263.3500,358937.0000,264.6699,265.7000,262.8000,262.8000,262.8000,15.0000,75.0000,,,,,,,,,,,,,,,yahoo
RECLTD,2026-09-16,310.3000,313.3000,309.3000,309.5000,331343.0000,311.6877,315.5000,309.3500,313.1000,312.6500,15.0000,70.0000,70.0000,70.0000,75.0000,,,,,,,,,,,,yahoo
RELIANCE,2026-09-16,1243.3000,1253.5000,1242.5000,1248.2000,1395877.0000,1250.5885,1254.8000,1246.5000,1247.6000,1240.0000,20.0000,,,,,,,,,,,,,,,,yahoo
SBILIFE,2026-09-16,1657.9000,1672.1000,1657.6000,1658.5000,25044.0000,1661.8729,1701.5000,1658.4000,1697.9000,1697.9000,15.0000,45.0000,80.0000,80.0000,175.0000,315.0000,330.0000,,,,,,,,,,yahoo
SBIN,2026-09-16,975.1000,982.0000,974.8000,977.0000,842472.0000,979.3044,990.5000,976.7000,988.0000,991.4000,15.0000,50.0000,70.0000,275.0000,,,,,,,,,,,,,yahoo
SHREECEM,2026-09-16,22050.0000,22235.0000,21955.0000,21980.0000,1173.0000,22078.3362,22150.0000,21665.0000,21740.0000,21795.0000,15.0000,80.0000,,,,,,,125.0000,140.0000,195.0000,230.0000,,,,,yahoo
SHRIRAMFIN,2026-09-16,977.9000,990.1000,976.8000,978.1000,571751.0000,980.7793,984.6000,972.7000,982.0000,979.0000,40.0000,,,,,,,,135.0000,,,,,,,,yahoo
SIEMENS,2026-09-16,3767.3000,3799.3000,3688.5000,3698.8999,20713.0000,3727.9538,3792.3000,3682.3999,3764.0000,3742.0000,10.0000,20.0000,35.0000,60.0000,80.0000,105.0000,205.0000,,,,,,,,,,yahoo
SOLARINDS,2026-09-16,19380.0000,19420.0000,18510.0000,18530.0000,110468.0000,18729.2141,19070.0000,18480.0000,18895.0000,18900.0000,5.0000,10.0000,10.0000,15.0000,15.0000,20.0000,115.0000,,,,,,,,,,yahoo
SUNPHARMA,2026-09-16,1843.3000,1851.5000,1837.3000,1838.0000,61935.0000,1843.0253,1856.8000,1837.1000,1853.3000,1853.5000,10.0000,30.0000,95.0000,,,,,,,,,,,,,,yahoo
TATACAP,2026-09-16,353.0000,355.0000,348.5000,348.7000,95749.0000,351.0621,351.0000,342.4500,343.5000,343.5000,15.0000,,,,,,,,115.0000,115.0000,115.0000,315.0000,320.0000,,,,yahoo
TATACONSUM,2026-09-16,991.4000,1002.9000,991.4000,999.6000,116859.0000,1000.3096,1010.3000,998.7000,1003.5000,1000.1000,15.0000,90.0000,90.0000,,,,,,,,,,,,,,yahoo
TATAPOWER,2026-09-16,363.5500,365.9500,361.5500,361.7000,281739.0000,363.1832,365.2500,360.4000,360.4000,360.4000,75.0000,75.0000,,,,,,,,,,,,,,,yahoo
TATASTEEL,2026-09-16,183.2600,184.1600,181.5300,181.5300,2626485.0000,182.5000,185.4000,180.2900,183.2300,183.0000,65.0000,80.0000,80.0000,85.0000,85.0000,170.0000,,,25.0000,,,,,,,,yahoo
TCS,2026-09-16,2267.8000,2272.8999,2220.3000,2223.5000,266775.0000,2239.8485,2240.8999,2172.6001,2183.0000,2188.8000,5.0000,10.0000,,,,,,,115.0000,200.0000,235.0000,265.0000,285.0000,330.0000,,,yahoo
TECHM,2026-09-16,1584.9000,1589.0000,1566.4000,1567.7000,110618.0000,1577.0235,1583.3000,1548.0000,1558.0000,1558.0000,10.0000,30.0000,,,,,,,195.0000,220.0000,295.0000,330.0000,,,,,yahoo
TITAN,2026-09-16,4890.5000,4894.0000,4845.0000,4848.0000,23847.0000,4861.2406,4921.0000,4847.0000,4890.0000,4908.5000,10.0000,15.0000,180.0000,205.0000,300.0000,,,,,,,,,,,,yahoo
TMCV,2026-09-16,425.8000,425.8000,417.0000,417.2000,652470.0000,421.0194,425.6500,416.3500,424.0000,425.0000,15.0000,20.0000,50.0000,50.0000,80.0000,95.0000,,,,,,,,,,,yahoo
TMPV,2026-09-16,305.0000,305.1500,300.9000,301.9000,4444398.0000,302.4904,302.7000,300.2000,300.6500,301.0000,,,,,,,,,240.0000,,,,,,,,yahoo
TORNTPHARM,2026-09-16,4859.0000,4870.0000,4798.0000,4810.5000,16013.0000,4819.8287,4833.0000,4756.0000,4812.5000,4812.5000,,,,,,,,,105.0000,120.0000,140.0000,,,,,,yahoo
TRENT,2026-09-16,2735.3999,2752.7000,2728.2000,2728.2000,31803.0000,2739.5040,2795.1001,2727.8000,2769.7000,2769.7000,10.0000,60.0000,65.0000,65.0000,65.0000,180.0000,,,,,,,,,,,yahoo
TVSMOTOR,2026-09-16,4047.5000,4078.5000,4010.2000,4011.8999,47279.0000,4033.4091,4059.0000,4002.3999,4033.0000,4033.0000,10.0000,15.0000,115.0000,,,,,,,,,,,,,,yahoo
ULTRACEMCO,2026-09-16,10746.0000,10828.0000,10746.0000,10761.0000,5757.0000,10792.6281,10877.0000,10650.0000,10700.0000,10700.0000,50.0000,75.0000,80.0000,,,,,,195.0000,220.0000,250.0000,,,,,,yahoo
UNIONBANK,2026-09-16,176.5000,177.7400,175.4500,175.5000,917715.0000,176.2620,179.3500,175.1600,178.2000,178.2000,15.0000,45.0000,55.0000,110.0000,125.0000,205.0000,,,,,,,,,,,yahoo
UNITDSPR,2026-09-16,1371.9000,1392.0000,1368.7000,1368.8000,16510.0000,1378.1255,1396.9000,1368.8000,1393.3000,1389.5000,10.0000,10.0000,15.0000,40.0000,50.0000,330.0000,,,,,,,,,,,yahoo
VBL,2026-09-16,409.6500,413.0500,407.4500,407.6000,408864.0000,410.1099,414.3500,407.1500,412.5500,410.4000,10.0000,15.0000,15.0000,65.0000,110.0000,,,,,,,,,,,,yahoo
VEDL,2026-09-16,255.8500,257.6500,253.2000,253.2000,728370.0000,254.4374,256.7000,252.5500,255.9500,256.0000,15.0000,65.0000,145.0000,170.0000,,,,,,,,,,,,,yahoo
WIPRO,2026-09-16,170.0600,170.8800,168.4000,168.7100,1056986.0000,169.1526,169.5000,166.1100,166.3600,166.8900,,,,,,,,,95.0000,105.0000,115.0000,295.0000,320.0000,,,,yahoo
ZYDUSLIFE,2026-09-16,1101.1000,1108.9000,1086.6000,1087.0000,55879.0000,1093.5143,1112.5000,1086.0000,1102.7000,1101.5000,10.0000,10.0000,60.0000,160.0000,160.0000,210.0000,,,,,,,,,,,yahoo
ABB,2026-09-17,6980.0000,7168.0000,6975.5000,7111.5000,29845.0000,7080.2259,7139.0000,7057.0000,7130.5000,7130.5000,,,,,,,,,50.0000,110.0000,,,,,,,yahoo
ADANIENSOL,2026-09-17,1350.1000,1356.6000,1336.5000,1341.8000,99527.0000,1345.0604,1386.8000,1340.3000,1386.8000,1374.1000,20.0000,25.0000,75.0000,75.0000,265.0000,320.0000,330.0000,330.0000,,,,,,,,,yahoo
ADANIENT,2026-09-17,2931.7000,2943.5000,2917.8000,2923.8999,100445.0000,2930.9061,2944.8000,2907.8000,2928.0000,2923.2000,25.0000,,,,,,,,90.0000,,,,,,,,yahoo
ADANIGREEN,2026-09-17,1270.2000,1275.9000,1265.0000,1270.3000,61352.0000,1272.5995,1278.1000,1262.2000,1270.0000,1274.2000,30.0000,,,,,,,,235.0000,,,,,,,,yahoo
ADANIPORTS,2026-09-17,1730.0000,1735.6000,1726.0000,1727.7000,67657.0000,1731.3596,1738.8000,1727.1000,1738.3000,1738.3000,25.0000,,,,,,,,,,,,,,,,yahoo
ADANIPOWER,2026-09-17,203.0000,204.5900,202.4100,203.9000,1449789.0000,203.9925,205.6500,203.6000,205.4100,205.9200,5.0000,180.0000,,,,,,,,,,,,,,,yahoo
AMBUJACEM,2026-09-17,381.9000,386.2500,381.9000,383.9500,116695.0000,385.0711,385.1000,380.7500,383.2500,383.2500,,,,,,,,,230.0000,245.0000,,,,,,,yahoo
APOLLOHOSP,2026-09-17,8705.5000,8746.0000,8687.0000,8737.0000,4907.0000,8733.2789,8799.0000,8724.5000,8799.0000,8768.5000,15.0000,,,,,,,,,,,,,,,,yahoo
ASIANPAINT,2026-09-17,2435.0000,2441.0000,2425.8000,2428.0000,43604.0000,2430.4012,2454.0000,2421.0000,2454.0000,2454.0000,145.0000,195.0000,330.0000,,,,,,,,,,,,,,yahoo
AXISBANK,2026-09-17,1236.0000,1255.5000,1235.0000,1252.6000,246180.0000,1249.7471,1257.5000,1239.8000,1241.6000,1240.0000,,,,,,,,,225.0000,250.0000,300.0000,,,,,,yahoo
BAJAJ-AUTO,2026-09-17,11536.0000,11571.0000,11514.0000,11524.0000,7024.0000,11547.4528,11576.0000,11436.0000,11500.0000,11500.0000,,,,,,,,,220.0000,230.0000,,,,,,,yahoo
BAJAJFINSV,2026-09-17,1838.4000,1862.9000,1832.5000,1846.9000,42251.0000,1852.9218,1862.1000,1835.2000,1859.2000,1859.2000,320.0000,330.0000,,,,,,,85.0000,,,,,,,,yahoo
BAJAJHLDNG,2026-09-17,10930.0000,11010.0000,10909.0000,11008.0000,4297.0000,10986.1994,11058.0000,10958.0000,11036.0000,11010.0000,,,,,,,,,,,,,,,,,yahoo
BAJFINANCE,2026-09-17,1010.0000,1027.8000,1010.0000,1022.9000,528623.0000,1023.3048,1026.7000,1010.2000,1015.0000,1015.0000,,,,,,,,,40.0000,50.0000,90.0000,,,,,,yahoo
BANKBARODA,2026-09-17,233.8100,236.4500,233.5300,235.8000,457331.0000,235.7192,236.1100,232.2500,232.5100,232.3000,,,,,,,,,40.0000,50.0000,65.0000,80.0000,110.0000,,,,yahoo
BEL,2026-09-17,387.0000,393.5000,387.0000,391.8000,711901.0000,392.1086,395.9000,390.7500,394.0500,395.4500,95.0000,140.0000,210.0000,,,,,,,,,,,,,,yahoo
BHARTIARTL,2026-09-17,1841.8000,1845.2000,1827.6000,1828.0000,124805.0000,1830.9311,1844.3000,1828.0000,1834.5000,1836.0000,35.0000,145.0000,,,,,,,,,,,,,,,yahoo
BOSCHLTD,2026-09-17,47755.0000,48160.0000,47690.0000,48030.0000,1699.0000,47997.1532,48100.0000,47715.0000,47735.0000,47735.0000,,,,,,,,,80.0000,,,,,,,,yahoo
BPCL,2026-09-17,304.6000,305.8000,303.4500,304.1500,241846.0000,304.7196,307.8000,303.1500,306.6000,307.0000,165.0000,220.0000,255.0000,,,,,,,,,,,,,,yahoo
BRITANNIA,2026-09-17,5003.0000,5034.5000,4995.5000,5019.5000,7443.0000,5022.4916,5040.0000,4984.0000,5007.0000,4982.0000,,,,,,,,,230.0000,,,,,,,,yahoo
CANBK,2026-09-17,123.1700,125.0700,122.9900,124.7000,1990935.0000,124.6253,124.8200,122.5100,123.2200,123.9000,,,,,,,,,40.0000,55.0000,70.0000,80.0000,85.0000,,,,yahoo
CGPOWER,2026-09-17,858.9500,874.3500,856.8000,865.7500,537188.0000,867.4853,883.2500,863.0000,880.5000,880.0000,55.0000,120.0000,135.0000,170.0000,185.0000,190.0000,,,,,,,,,,,yahoo
CHOLAFIN,2026-09-17,1762.5000,1792.9000,1756.5000,1782.9000,136025.0000,1775.9834,1784.2000,1748.3000,1760.4000,1764.5000,,,,,,,,,35.0000,40.0000,45.0000,50.0000,50.0000,,,,yahoo
CIPLA,2026-09-17,1362.5000,1364.7000,1351.7000,1354.8000,46229.0000,1355.4488,1385.0000,1354.6000,1376.3000,1376.3000,75.0000,115.0000,120.0000,120.0000,145.0000,170.0000,,,,,,,,,,,yahoo
COALINDIA,2026-09-17,421.0000,422.7000,419.5000,419.9000,435361.0000,420.4908,421.2000,416.7500,417.4500,418.0000,,,,,,,,,250.0000,330.0000,,,,,,,yahoo
CUMMINSIND,2026-09-17,4940.0000,4969.0000,4922.0000,4942.5000,16900.0000,4947.2232,5043.5000,4941.5000,5020.0000,5020.0000,25.0000,80.0000,100.0000,100.0000,135.0000,275.0000,,,,,,,,,,,yahoo
DIVISLAB,2026-09-17,9158.0000,9269.5000,9142.0000,9264.5000,51055.0000,9223.1579,9354.5000,9249.5000,9323.0000,9323.0000,120.0000,135.0000,,,,,,,,,,,,,,,yahoo
DLF,2026-09-17,622.8000,631.0000,622.8000,630.5500,139723.0000,627.6477,644.4000,629.0500,640.0000,640.0000,95.0000,95.0000,115.0000,120.0000,125.0000,130.0000,,,,,,,,,,,yahoo
DMART,2026-09-17,3707.3999,3733.1001,3701.0000,3721.2000,33473.0000,3721.6214,3759.0000,3711.8000,3714.5000,3711.2000,15.0000,105.0000,135.0000,,,,,,,,,,,,,,yahoo
DRREDDY,2026-09-17,1143.5000,1151.9000,1141.7000,1151.2000,84752.0000,1145.8901,1188.0000,1148.2000,1175.0000,1175.0000,65.0000,95.0000,120.0000,120.0000,130.0000,135.0000,160.0000,170.0000,,,,,,,,,yahoo
EICHERMOT,2026-09-17,7490.0000,7545.0000,7490.0000,7515.0000,16578.0000,7522.0177,7552.5000,7495.0000,7525.0000,7493.5000,,,,,,,,,,,,,,,,,yahoo
ENRIN,2026-09-17,3031.7000,3068.6001,3009.1001,3047.0000,38577.0000,3038.0429,3114.8999,3027.3999,3108.6001,3111.0000,145.0000,175.0000,200.0000,300.0000,300.0000,325.0000,,,80.0000,,,,,,,,yahoo
ETERNAL,2026-09-17,318.6500,324.3000,318.2500,323.2000,2807382.0000,322.5259,327.7500,322.3000,323.2000,322.3500,10.0000,15.0000,25.0000,35.0000,,,,,,,,,,,,,yahoo
GAIL,2026-09-17,172.2700,172.3700,171.6100,171.9200,247627.0000,171.9917,172.7200,171.9400,172.4500,172.0000,,,,,,,,,,,,,,,,,yahoo
GODREJCP,2026-09-17,866.0500,872.0000,865.1500,868.2000,32657.0000,869.6832,875.6500,867.9000,872.6500,873.0000,25.0000,145.0000,,,,,,,,,,,,,,,yahoo
GRASIM,2026-09-17,3187.0000,3205.0000,3183.8000,3186.5000,12294.0000,3194.7542,3200.0000,3159.0000,3173.1001,3173.1001,,,,,,,,,225.0000,225.0000,,,,,,,yahoo
HAL,2026-09-17,4711.0000,4742.0000,4690.0000,4720.0000,40529.0000,4724.3128,4797.2998,4709.1001,4788.0000,4788.0000,65.0000,90.0000,105.0000,160.0000,165.0000,,,,,,,,,,,,yahoo
HCLTECH,2026-09-17,1245.7000,1246.3000,1235.5000,1237.6000,141763.0000,1239.2440,1255.5000,1236.6000,1253.0000,1258.3000,110.0000,110.0000,290.0000,295.0000,,,,,,,,,,,,,yahoo
HDFCAMC,2026-09-17,2387.2000,2414.8000,2382.1001,2407.7000,35013.0000,2403.9716,2411.7000,2385.0000,2385.1001,2387.7000,,,,,,,,,35.0000,55.0000,,,,,,,yahoo
HDFCBANK,2026-09-17,717.6000,717.8000,713.5000,715.9000,2386788.0000,715.8900,719.3000,713.1000,716.1000,713.0000,,,,,,,,,,,,,,,,,yahoo
HDFCLIFE,2026-09-17,531.6500,539.7000,530.2500,537.1500,365672.0000,536.7281,560.9000,536.8000,557.0000,557.0000,5.0000,5.0000,10.0000,10.0000,15.0000,20.0000,20.0000,125.0000,,,,,,,,,yahoo
HINDALCO,2026-09-17,972.0000,980.0000,971.0000,977.2000,159583.0000,977.3842,987.0000,974.6000,984.9000,980.5000,105.0000,120.0000,145.0000,,,,,,,,,,,,,,yahoo
HINDUNILVR,2026-09-17,1962.2000,1967.5000,1954.0000,1955.3000,45197.0000,1959.0289,1966.8000,1948.3000,1956.1000,1942.2000,30.0000,,,,,,,,,,,,,,,,yahoo
HINDZINC,2026-09-17,563.6500,571.3500,563.6500,567.5500,389229.0000,569.4872,574.1500,565.8000,572.5500,572.3000,120.0000,310.0000,330.0000,,,,,,,,,,,,,,yahoo
HYUNDAI,2026-09-17,2167.3999,2172.8999,2147.7000,2162.0000,22656.0000,2164.7616,2232.0000,2157.0000,2160.0000,2160.0000,65.0000,70.0000,80.0000,100.0000,120.0000,130.0000,135.0000,140.0000,,,,,,,,,yahoo
ICICIBANK,2026-09-17,1353.2000,1363.0000,1350.2000,1357.7000,389695.0000,1356.0791,1360.7000,1348.8000,1351.0000,1347.6000,,,,,,,,,85.0000,,,,,,,,yahoo
INDHOTEL,2026-09-17,714.3000,721.8000,714.3000,718.3000,127524.0000,719.9451,729.6500,716.8500,725.1000,726.6500,75.0000,95.0000,205.0000,300.0000,310.0000,,,,,,,,,,,,yahoo
INDIGO,2026-09-17,4770.5000,4791.0000,4753.0000,4778.5000,54087.0000,4772.3668,4853.0000,4773.0000,4845.0000,4845.0000,55.0000,95.0000,130.0000,145.0000,170.0000,,,,,,,,,,,,yahoo
INFY,2026-09-17,1054.6000,1058.7000,1050.5000,1053.1000,281677.0000,1053.8104,1063.5000,1048.6000,1058.6000,1058.6000,135.0000,295.0000,,,,,,,,,,,,,,,yahoo
IOC,2026-09-17,135.0000,135.2500,134.2800,134.3400,729766.0000,134.7829,134.7500,134.0000,134.2700,134.2700,,,,,,,,,,,,,,,,,yahoo
IRFC,2026-09-17,79.3500,79.8400,79.0900,79.4000,901461.0000,79.5761,79.5400,78.6600,79.3300,79.3100,,,,,,,,,80.0000,85.0000,,,,,,,yahoo
ITC,2026-09-17,264.5000,266.1000,264.5000,265.0000,840642.0000,265.3713,268.5000,265.0000,265.2000,266.2000,10.0000,10.0000,20.0000,35.0000,,,,,,,,,,,,,yahoo
JINDALSTEL,2026-09-17,1109.6000,1121.5000,1107.9000,1121.5000,55923.0000,1118.0754,1133.9000,1120.2000,1128.0000,1128.4000,25.0000,30.0000,30.0000,,,,,,,,,,,,,,yahoo
JIOFIN,2026-09-17,225.4000,228.7000,225.3200,227.7000,2107605.0000,227.5401,230.3300,227.2800,229.3000,229.3000,25.0000,25.0000,145.0000,,,,,,,,,,,,,,yahoo
JSWSTEEL,2026-09-17,1245.2000,1252.7000,1244.1000,1245.8000,147901.0000,1248.0527,1256.9000,1242.4000,1254.3000,1253.4000,30.0000,305.0000,,,,,,,,,,,,,,,yahoo
KOTAKBANK,2026-09-17,414.1500,416.6000,413.5500,413.6500,273840.0000,415.0334,417.6000,412.5500,416.2500,416.5000,20.0000,25.0000,,,,,,,,,,,,,,,yahoo
LODHA,2026-09-17,1078.4000,1103.4000,1078.4000,1102.1000,299900.0000,1097.3974,1116.5000,1090.1000,1103.1000,1103.1000,130.0000,130.0000,130.0000,135.0000,,,,,10.0000,85.0000,100.0000,,,,,,yahoo
LT,2026-09-17,3820.1001,3850.0000,3815.0000,3831.0000,85359.0000,3835.8167,3875.0000,3831.3999,3836.2000,3836.2000,25.0000,135.0000,150.0000,,,,,,,,,,,,,,yahoo
LTM,2026-09-17,4232.5000,4238.7998,4180.0000,4226.2002,25204.0000,4216.8256,4289.7998,4216.1001,4265.2998,4265.2998,80.0000,95.0000,110.0000,305.0000,305.0000,,,,,,,,,,,,yahoo
M&M,2026-09-17,3054.8999,3109.8999,3054.8999,3097.7000,116652.0000,3099.9939,3127.1001,3076.5000,3076.5000,3076.5000,45.0000,150.0000,,,,,,,330.0000,,,,,,,,yahoo
MARUTI,2026-09-17,12155.0000,12260.0000,12149.0000,12234.0000,15436.0000,12233.1655,12409.0000,12227.0000,12338.0000,12382.0000,70.0000,110.0000,135.0000,150.0000,,,,,,,,,,,,,yahoo
MAXHEALTH,2026-09-17,1022.3000,1032.1000,1022.2000,1031.2000,31662.0000,1030.0540,1042.8000,1027.6000,1037.0000,1037.0000,125.0000,165.0000,195.0000,,,,,,,,,,,,,,yahoo
MAZDOCK,2026-09-17,2254.0000,2264.8999,2230.6001,2235.6001,114781.0000,2239.7813,2238.0000,2176.3999,2205.0000,2210.0000,,,,,,,,,10.0000,40.0000,40.0000,40.0000,50.0000,235.0000,235.0000,,yahoo
MOTHERSON,2026-09-17,159.0000,162.1000,158.9700,161.3400,1124318.0000,161.2243,162.8300,160.9400,161.8700,161.8700,95.0000,135.0000,,,,,,,,,,,,,,,yahoo
MUTHOOTFIN,2026-09-17,2764.8000,2787.6001,2760.5000,2762.8000,44697.0000,2772.4105,2786.3999,2740.0000,2770.2000,2770.2000,20.0000,20.0000,,,,,,,70.0000,80.0000,,,,,,,yahoo
NESTLEIND,2026-09-17,1385.6000,1390.8000,1382.2000,1383.3000,23576.0000,1384.8536,1385.7000,1370.2000,1370.6000,1370.6000,,,,,,,,,105.0000,225.0000,,,,,,,yahoo
NTPC,2026-09-17,327.5000,329.4000,327.2500,328.4500,124026.0000,328.5918,331.3000,327.8000,328.2500,329.6000,145.0000,190.0000,,,,,,,,,,,,,,,yahoo
ONGC,2026-09-17,235.2400,235.6500,233.1100,233.2600,981970.0000,233.6876,234.2000,231.3000,232.4000,232.4300,,,,,,,,,230.0000,235.0000,,,,,,,yahoo
PFC,2026-09-17,347.0500,348.1000,345.7000,346.6500,528273.0000,347.0271,348.5000,344.8500,344.9500,344.9500,25.0000,,,,,,,,85.0000,,,,,,,,yahoo
PIDILITIND,2026-09-17,1540.2000,1549.6000,1540.2000,1544.0000,6426.0000,1545.5789,1560.9000,1535.0000,1558.7000,1551.5000,180.0000,180.0000,245.0000,,,,,,85.0000,,,,,,,,yahoo
PNB,2026-09-17,116.7500,119.3300,116.6500,118.9900,4375259.0000,118.7147,118.9900,116.3900,116.7400,116.4700,,,,,,,,,10.0000,40.0000,65.0000,80.0000,110.0000,240.0000,,,yahoo
POWERGRID,2026-09-17,263.2500,265.1500,263.2500,264.2500,167928.0000,264.5572,265.6500,263.3500,264.7000,263.7500,35.0000,,,,,,,,,,,,,,,,yahoo
RECLTD,2026-09-17,314.0000,315.0000,312.9500,313.9500,88804.0000,314.2011,314.7500,310.5000,310.9500,310.9500,,,,,,,,,55.0000,250.0000,330.0000,,,,,,yahoo
RELIANCE,2026-09-17,1244.5000,1253.2000,1243.5000,1244.3000,547454.0000,1246.1587,1248.4000,1238.5000,1245.0000,1243.9000,,,,,,,,,,,,,,,,,yahoo
SBILIFE,2026-09-17,1692.8000,1703.4000,1689.1000,1696.7000,30267.0000,1697.1595,1771.1000,1695.9000,1769.0000,1766.9000,10.0000,10.0000,20.0000,20.0000,85.0000,95.0000,100.0000,165.0000,,,,,,,,,yahoo
SBIN,2026-09-17,990.7000,1000.9000,987.7000,998.7000,885247.0000,997.2872,999.0000,985.3000,986.5000,988.7000,,,,,,,,,45.0000,60.0000,65.0000,80.0000,,,,,yahoo
SHREECEM,2026-09-17,21735.0000,21910.0000,21700.0000,21785.0000,956.0000,21837.8382,22080.0000,21725.0000,21900.0000,21960.0000,30.0000,145.0000,215.0000,215.0000,,,,,,,,,,,,,yahoo
SHRIRAMFIN,2026-09-17,981.2000,1005.3000,980.0000,994.5000,706758.0000,996.4205,1002.6000,983.3000,995.5000,995.0000,155.0000,160.0000,,,,,,,40.0000,45.0000,50.0000,,,,,,yahoo
SIEMENS,2026-09-17,3743.3000,3816.0000,3742.2000,3784.7000,27066.0000,3782.9585,3808.0000,3760.6001,3763.5000,3763.5000,40.0000,,,,,,,,300.0000,,,,,,,,yahoo
SOLARINDS,2026-09-17,18925.0000,18995.0000,18600.0000,18895.0000,37153.0000,18824.3481,19060.0000,18715.0000,18815.0000,18815.0000,115.0000,125.0000,,,,,,,15.0000,35.0000,,,,,,,yahoo
SUNPHARMA,2026-09-17,1858.3000,1858.3000,1847.4000,1856.4000,51656.0000,1851.9876,1864.3000,1853.4000,1861.6000,1867.3000,,,,,,,,,,,,,,,,,yahoo
TATACAP,2026-09-17,343.0000,347.5000,343.0000,345.2000,67610.0000,346.0456,346.1000,341.9000,343.9000,343.7500,,,,,,,,,50.0000,50.0000,,,,,,,yahoo
TATACONSUM,2026-09-17,1005.1000,1009.9000,1001.0000,1001.5000,65356.0000,1005.8745,1019.7000,999.0000,1013.0000,1013.7000,105.0000,105.0000,145.0000,150.0000,175.0000,,,,,,,,,,,,yahoo
TATAPOWER,2026-09-17,360.5000,364.6500,360.5000,363.2000,183663.0000,363.8123,370.3500,361.6000,368.7000,369.0000,160.0000,215.0000,295.0000,300.0000,305.0000,,,,,,,,,,,,yahoo
TATASTEEL,2026-09-17,182.8700,184.5500,182.8700,183.3300,1439702.0000,183.8115,189.4800,183.2800,187.1500,187.2900,40.0000,40.0000,145.0000,295.0000,295.0000,300.0000,305.0000,305.0000,,,,,,,,,yahoo
TCS,2026-09-17,2177.1001,2185.8999,2163.2000,2170.3000,192593.0000,2171.2967,2262.8000,2167.3000,2194.5000,2190.0000,110.0000,110.0000,155.0000,295.0000,295.0000,295.0000,295.0000,305.0000,,,,,,,,,yahoo
TECHM,2026-09-17,1550.3000,1555.0000,1538.3000,1551.2000,148196.0000,1547.4494,1569.7000,1543.5000,1561.0000,1561.0000,110.0000,110.0000,155.0000,,,,,,,,,,,,,,yahoo
TITAN,2026-09-17,4881.5000,4914.5000,4881.5000,4887.5000,11766.0000,4895.0361,4904.0000,4839.5000,4841.0000,4841.0000,,,,,,,,,125.0000,225.0000,,,,,,,yahoo
TMCV,2026-09-17,424.6500,426.9500,422.3000,423.9000,317375.0000,424.3003,437.0000,423.0500,436.2500,436.4500,60.0000,95.0000,125.0000,140.0000,155.0000,165.0000,305.0000,310.0000,,,,,,,,,yahoo
TMPV,2026-09-17,300.4000,304.5500,300.0500,303.2500,629725.0000,302.7009,319.8000,301.7000,315.0000,314.5000,125.0000,130.0000,130.0000,135.0000,295.0000,295.0000,295.0000,295.0000,90.0000,,,,,,,,yahoo
TORNTPHARM,2026-09-17,4810.0000,4828.5000,4795.0000,4798.5000,16487.0000,4807.0886,4894.5000,4798.0000,4892.5000,4875.0000,15.0000,140.0000,290.0000,295.0000,305.0000,330.0000,,,,,,,,,,,yahoo
TRENT,2026-09-17,2769.0000,2782.8999,2764.2000,2774.1001,18017.0000,2777.8552,2808.0000,2769.7000,2789.0000,2789.0000,95.0000,120.0000,120.0000,,,,,,,,,,,,,,yahoo
TVSMOTOR,2026-09-17,4050.6001,4162.2002,4050.6001,4134.7998,246269.0000,4137.4631,4146.5000,4092.0000,4101.7002,4101.7002,,,,,,,,,25.0000,75.0000,80.0000,,,,,,yahoo
ULTRACEMCO,2026-09-17,10715.0000,10806.0000,10707.0000,10736.0000,12222.0000,10772.9257,10831.0000,10707.0000,10801.0000,10764.0000,135.0000,160.0000,,,,,,,,,,,,,,,yahoo
UNIONBANK,2026-09-17,177.0000,180.5700,177.0000,179.4700,673313.0000,179.6612,179.6200,176.0000,177.6000,178.0900,,,,,,,,,40.0000,55.0000,60.0000,85.0000,95.0000,,,,yahoo
UNITDSPR,2026-09-17,1387.5000,1393.5000,1381.1000,1382.1000,10438.0000,1386.3040,1392.6000,1378.1000,1390.0000,1390.0000,255.0000,265.0000,,,,,,,,,,,,,,,yahoo
VBL,2026-09-17,411.0500,416.3000,411.0500,414.9000,433988.0000,414.4900,419.4500,413.2500,417.5500,415.4500,130.0000,170.0000,170.0000,,,,,,,,,,,,,,yahoo
VEDL,2026-09-17,254.0000,257.7000,254.0000,256.6000,529477.0000,256.7527,257.3000,255.6500,256.7000,257.4500,,,,,,,,,,,,,,,,,yahoo
WIPRO,2026-09-17,165.4900,166.3400,165.1500,165.9100,778179.0000,165.8265,167.4500,165.7900,166.4000,166.4000,40.0000,135.0000,,,,,,,,,,,,,,,yahoo
ZYDUSLIFE,2026-09-17,1103.5000,1111.9000,1102.0000,1108.4000,23575.0000,1108.7949,1139.2000,1107.8000,1135.1000,1135.1000,20.0000,85.0000,90.0000,120.0000,120.0000,125.0000,170.0000,,,,,,,,,,yahoo
ABB,2026-09-18,7164.5000,7305.5000,7164.5000,7256.5000,31700.0000,7272.3813,7263.5000,7172.0000,7238.0000,7270.5000,,,,,,,,,45.0000,60.0000,90.0000,,,,,,yahoo
ADANIENSOL,2026-09-18,1388.0000,1420.1000,1388.0000,1411.6000,288071.0000,1410.3899,1436.5000,1402.3000,1431.6000,1436.1000,135.0000,145.0000,175.0000,200.0000,215.0000,,,,65.0000,,,,,,,,yahoo
ADANIENT,2026-09-18,2936.5000,2957.1001,2927.7000,2947.2000,90812.0000,2945.0719,3005.0000,2931.1001,2980.0000,3020.0000,160.0000,170.0000,190.0000,215.0000,215.0000,,,,110.0000,,,,,,,,yahoo
ADANIGREEN,2026-09-18,1279.8000,1304.9000,1278.2000,1300.3000,163597.0000,1297.0896,1337.8000,1285.8000,1315.0000,1334.5000,180.0000,180.0000,190.0000,205.0000,210.0000,210.0000,215.0000,,25.0000,60.0000,70.0000,,,,,,yahoo
ADANIPORTS,2026-09-18,1750.6000,1754.8000,1744.1000,1749.9000,100190.0000,1748.9206,1779.6000,1748.1000,1767.5000,1824.0000,40.0000,130.0000,140.0000,175.0000,215.0000,,,,,,,,,,,,yahoo
ADANIPOWER,2026-09-18,206.4000,207.9200,205.8800,207.1700,1334606.0000,207.2569,209.6000,206.2100,208.8500,206.6000,175.0000,215.0000,220.0000,,,,,,,,,,,,,,yahoo
AMBUJACEM,2026-09-18,384.6000,387.4000,384.3500,386.3000,103396.0000,385.7625,395.3500,386.3500,392.6500,388.3000,10.0000,10.0000,15.0000,15.0000,15.0000,20.0000,,,,,,,,,,,yahoo
APOLLOHOSP,2026-09-18,8821.5000,8859.0000,8816.0000,8856.0000,10885.0000,8847.4028,8867.5000,8800.5000,8847.0000,8944.5000,,,,,,,,,70.0000,,,,,,,,yahoo
ASIANPAINT,2026-09-18,2456.0000,2474.0000,2456.0000,2462.7000,33012.0000,2466.0603,2470.0000,2438.1001,2464.5000,2451.3000,,,,,,,,,60.0000,90.0000,,,,,,,yahoo
AXISBANK,2026-09-18,1244.0000,1249.5000,1244.0000,1246.5000,104718.0000,1246.7880,1247.8000,1240.5000,1245.0000,1257.0000,,,,,,,,,,,,,,,,,yahoo
BAJAJ-AUTO,2026-09-18,11531.0000,11531.0000,11421.0000,11454.0000,12197.0000,11455.1414,11497.0000,11430.0000,11489.0000,11414.0000,,,,,,,,,,,,,,,,,yahoo
BAJAJFINSV,2026-09-18,1855.0000,1865.7000,1854.8000,1862.3000,21086.0000,1860.0205,1871.2000,1855.0000,1860.3000,1852.5000,,,,,,,,,,,,,,,,,yahoo
BAJAJHLDNG,2026-09-18,11080.0000,11239.0000,11080.0000,11197.0000,5459.0000,11190.5444,11351.0000,11197.0000,11299.0000,11282.0000,30.0000,30.0000,225.0000,240.0000,,,,,,,,,,,,,yahoo
BAJFINANCE,2026-09-18,1028.2000,1028.2000,1019.3000,1022.9000,521472.0000,1023.4147,1036.5000,1020.5000,1034.9000,1040.3000,55.0000,275.0000,280.0000,310.0000,,,,,,,,,,,,,yahoo
BANKBARODA,2026-09-18,233.2300,233.2700,232.2800,232.6200,253457.0000,232.6294,233.9000,232.0500,233.8000,234.9400,295.0000,,,,,,,,,,,,,,,,yahoo
BEL,2026-09-18,398.2000,398.4000,395.2500,395.4000,1028119.0000,396.3651,399.2000,395.5000,396.7000,393.3000,10.0000,35.0000,,,,,,,,,,,,,,,yahoo
BHARTIARTL,2026-09-18,1841.1000,1849.9000,1838.2000,1847.9000,352764.0000,1846.9005,1852.0000,1835.8000,1835.8000,1893.3000,,,,,,,,,110.0000,,,,,,,,yahoo
BOSCHLTD,2026-09-18,48255.0000,48630.0000,47735.0000,48070.0000,2792.0000,48084.0144,48350.0000,47700.0000,47825.0000,47000.0000,30.0000,,,,,,,,225.0000,260.0000,,,,,,,yahoo
BPCL,2026-09-18,309.0500,310.8000,308.3500,310.2000,412953.0000,309.8624,314.1000,309.8500,312.0000,314.0000,10.0000,30.0000,90.0000,130.0000,,,,,,,,,,,,,yahoo
BRITANNIA,2026-09-18,4996.0000,4999.0000,4982.5000,4985.0000,11218.0000,4990.6459,5024.0000,4982.5000,5000.0000,4998.0000,100.0000,150.0000,,,,,,,,,,,,,,,yahoo
CANBK,2026-09-18,123.8100,123.8600,123.1800,123.3300,538331.0000,123.4075,123.6800,123.0100,123.5000,123.7800,,,,,,,,,,,,,,,,,yahoo
CGPOWER,2026-09-18,885.9500,893.0500,882.7500,891.9500,143138.0000,891.2018,910.9000,892.6000,909.8000,892.0000,5.0000,10.0000,10.0000,125.0000,125.0000,135.0000,,,,,,,,,,,yahoo
CHOLAFIN,2026-09-18,1767.0000,1794.5000,1766.2000,1774.6000,110363.0000,1773.5946,1803.9000,1766.2000,1800.0000,1800.0000,90.0000,95.0000,265.0000,275.0000,290.0000,,,,,,,,,,,,yahoo
CIPLA,2026-09-18,1380.0000,1391.5000,1378.0000,1381.5000,30422.0000,1381.5874,1386.6000,1372.7000,1386.6000,1394.5000,,,,,,,,,75.0000,,,,,,,,yahoo
COALINDIA,2026-09-18,418.0000,419.7500,416.1000,416.3000,207689.0000,417.3331,416.5500,409.8000,413.0000,409.9000,,,,,,,,,25.0000,70.0000,90.0000,95.0000,120.0000,,,,yahoo
CUMMINSIND,2026-09-18,5001.5000,5097.0000,5001.5000,5063.0000,13132.0000,5068.9212,5119.0000,5064.0000,5100.0000,5099.5000,15.0000,190.0000,195.0000,,,,,,,,,,,,,,yahoo
DIVISLAB,2026-09-18,9381.0000,9420.0000,9365.5000,9401.0000,36117.0000,9394.1668,9445.0000,9329.5000,9372.5000,9375.0000,,,,,,,,,95.0000,135.0000,,,,,,,yahoo
DLF,2026-09-18,640.6000,649.5500,640.6000,648.6500,265241.0000,647.2940,653.5500,648.6500,651.0000,644.3500,5.0000,35.0000,,,,,,,,,,,,,,,yahoo
DMART,2026-09-18,3719.6001,3719.7000,3686.3000,3693.6001,48335.0000,3696.2970,3752.6001,3680.0000,3730.0000,3749.8999,190.0000,205.0000,205.0000,210.0000,225.0000,,,,,,,,,,,,yahoo
DRREDDY,2026-09-18,1184.8000,1201.2000,1183.3000,1201.2000,247123.0000,1195.9563,1207.5000,1185.0000,1185.0000,1185.0000,15.0000,,,,,,,,50.0000,80.0000,90.0000,330.0000,,,,,yahoo
EICHERMOT,2026-09-18,7520.5000,7554.0000,7516.5000,7545.0000,12921.0000,7536.0548,7568.0000,7477.0000,7525.0000,7516.0000,,,,,,,,,40.0000,140.0000,,,,,,,yahoo
ENRIN,2026-09-18,3128.7000,3156.0000,3121.3000,3131.1001,27839.0000,3140.4440,3249.7000,3110.5000,3246.0000,3228.0000,25.0000,25.0000,320.0000,320.0000,320.0000,320.0000,320.0000,320.0000,160.0000,,,,,,,,yahoo
ETERNAL,2026-09-18,326.6500,329.7000,325.8000,327.7500,1885468.0000,327.9167,329.4000,326.9500,328.0000,326.8500,25.0000,,,,,,,,,,,,,,,,yahoo
GAIL,2026-09-18,172.3800,173.3400,172.3800,173.2000,439572.0000,173.0733,174.6500,172.2000,173.5800,173.9000,275.0000,285.0000,,,,,,,85.0000,,,,,,,,yahoo
GODREJCP,2026-09-18,874.9000,875.0500,870.5000,871.6500,13417.0000,871.5838,885.9500,871.7500,880.0000,880.0000,15.0000,95.0000,100.0000,130.0000,155.0000,,,,,,,,,,,,yahoo
GRASIM,2026-09-18,3187.3000,3196.0000,3181.7000,3189.6001,8348.0000,3187.6735,3202.7000,3175.1001,3201.3999,3209.2000,,,,,,,,,,,,,,,,,yahoo
HAL,2026-09-18,4797.1001,4862.0000,4780.1001,4803.5000,93622.0000,4825.2779,4888.2998,4804.2998,4860.1001,4800.2998,10.0000,75.0000,170.0000,180.0000,250.0000,,,,,,,,,,,,yahoo
HCLTECH,2026-09-18,1255.7000,1255.7000,1235.6000,1244.6000,131765.0000,1243.1541,1249.5000,1236.7000,1240.6000,1249.3000,,,,,,,,,120.0000,,,,,,,,yahoo
HDFCAMC,2026-09-18,2410.0000,2423.0000,2401.8000,2420.8000,39215.0000,2412.3171,2438.3000,2406.1001,2425.0000,2425.0000,95.0000,,,,,,,,10.0000,,,,,,,,yahoo
HDFCBANK,2026-09-18,717.5000,720.8000,715.9000,718.4500,1436173.0000,717.8186,733.3000,718.0000,731.1000,731.0000,20.0000,130.0000,135.0000,140.0000,180.0000,265.0000,,,,,,,,,,,yahoo
HDFCLIFE,2026-09-18,556.9500,561.1500,556.2000,558.0000,299435.0000,557.9041,563.2000,554.1000,554.1000,550.9500,85.0000,85.0000,,,,,,,325.0000,,,,,,,,yahoo
HINDALCO,2026-09-18,988.2000,993.1000,983.1000,990.6000,404493.0000,987.0769,999.3000,982.5000,986.5000,986.5000,10.0000,55.0000,,,,,,,105.0000,235.0000,,,,,,,yahoo
HINDUNILVR,2026-09-18,1951.0000,1953.9000,1944.1000,1948.0000,41731.0000,1947.7396,1959.4000,1946.6000,1947.0000,1932.0000,80.0000,,,,,,,,,,,,,,,,yahoo
HINDZINC,2026-09-18,580.3500,591.8500,579.3000,589.1000,1089679.0000,586.7538,590.0000,582.7000,586.3500,596.0000,,,,,,,,,85.0000,115.0000,190.0000,,,,,,yahoo
HYUNDAI,2026-09-18,2177.7000,2188.0000,2170.7000,2181.3999,19852.0000,2179.9212,2184.0000,2155.5000,2170.1001,2208.8000,,,,,,,,,30.0000,35.0000,40.0000,,,,,,yahoo
ICICIBANK,2026-09-18,1351.0000,1359.5000,1345.3000,1348.0000,352905.0000,1348.3345,1348.9000,1339.2000,1340.0000,1338.9000,,,,,,,,,165.0000,,,,,,,,yahoo
INDHOTEL,2026-09-18,724.6500,736.0000,722.7000,733.6500,195215.0000,731.9275,743.0000,732.7500,732.7500,732.7500,10.0000,10.0000,15.0000,15.0000,,,,,,,,,,,,,yahoo
INDIGO,2026-09-18,4926.5000,4933.0000,4881.0000,4920.0000,93169.0000,4912.0940,4969.5000,4911.0000,4929.0000,4920.0000,70.0000,205.0000,315.0000,,,,,,,,,,,,,,yahoo
INFY,2026-09-18,1052.4000,1052.4000,1040.0000,1042.4000,696458.0000,1045.8310,1052.2000,1038.0000,1051.4000,1051.4000,25.0000,55.0000,,,,,,,,,,,,,,,yahoo
IOC,2026-09-18,134.9800,135.3500,134.6600,134.9100,390191.0000,134.8538,136.5000,134.8800,136.0600,137.0000,130.0000,255.0000,300.0000,,,,,,,,,,,,,,yahoo
IRFC,2026-09-18,79.4300,80.3300,79.4300,80.3300,1421713.0000,79.9678,81.2000,80.0200,81.0400,81.5000,40.0000,305.0000,330.0000,,,,,,,,,,,,,,yahoo
ITC,2026-09-18,265.9000,266.0000,264.5000,265.2000,453558.0000,265.2679,265.9000,264.1000,264.7500,262.3000,,,,,,,,,,,,,,,,,yahoo
JINDALSTEL,2026-09-18,1135.8000,1139.8000,1124.0000,1132.1000,131927.0000,1129.0249,1136.6000,1119.5000,1119.5000,1119.5000,,,,,,,,,185.0000,330.0000,330.0000,,,,,,yahoo
JIOFIN,2026-09-18,230.4700,232.0000,230.1700,231.2600,1115978.0000,230.9518,231.8000,230.5300,231.2000,229.8900,,,,,,,,,,,,,,,,,yahoo
JSWSTEEL,2026-09-18,1271.4000,1277.0000,1263.0000,1273.9000,156494.0000,1267.5507,1278.6000,1266.4000,1268.0000,1275.6000,,,,,,,,,180.0000,,,,,,,,yahoo
KOTAKBANK,2026-09-18,415.5000,417.6000,415.4500,416.1500,158600.0000,416.2896,419.2000,415.0000,419.0000,412.5000,260.0000,,,,,,,,,,,,,,,,yahoo
LODHA,2026-09-18,1110.0000,1145.2000,1108.8000,1141.4000,587207.0000,1139.0300,1148.0000,1132.5000,1133.9000,1144.7000,5.0000,,,,,,,,120.0000,120.0000,,,,,,,yahoo
LT,2026-09-18,3853.1001,3883.8000,3853.1001,3866.0000,65814.0000,3869.2365,3897.0000,3857.3999,3897.0000,3885.0000,290.0000,310.0000,,,,,,,,,,,,,,,yahoo
LTM,2026-09-18,4246.7002,4246.7002,4159.8999,4213.3999,31946.0000,4208.6442,4294.0000,4214.0000,4245.7998,4275.1001,10.0000,20.0000,25.0000,25.0000,330.0000,,,,,,,,,,,,yahoo
M&M,2026-09-18,3081.0000,3097.3000,3075.0000,3078.8999,97016.0000,3081.9020,3092.0000,3060.8000,3090.0000,3052.0000,,,,,,,,,40.0000,,,,,,,,yahoo
MARUTI,2026-09-18,12350.0000,12456.0000,12343.0000,12369.0000,13276.0000,12377.8259,12398.0000,12157.0000,12170.0000,12103.0000,,,,,,,,,35.0000,40.0000,40.0000,125.0000,145.0000,,,,yahoo
MAXHEALTH,2026-09-18,1037.0000,1051.1000,1037.0000,1044.7000,109827.0000,1045.3030,1058.2000,1042.3000,1052.0000,1049.3000,140.0000,150.0000,290.0000,325.0000,,,,,,,,,,,,,yahoo
MAZDOCK,2026-09-18,2205.1001,2245.7000,2205.1001,2235.0000,130033.0000,2228.9984,2269.0000,2232.7000,2250.0000,2280.0000,5.0000,10.0000,10.0000,10.0000,10.0000,,,,,,,,,,,,yahoo
MOTHERSON,2026-09-18,161.8400,164.2400,161.8400,164.2400,467181.0000,163.8088,165.1600,163.5900,164.7600,162.5700,325.0000,,,,,,,,,,,,,,,,yahoo
MUTHOOTFIN,2026-09-18,2793.6001,2832.8999,2793.3999,2832.0000,103679.0000,2818.6689,2851.8999,2823.8999,2841.2000,2841.1001,85.0000,,,,,,,,,,,,,,,,yahoo
NESTLEIND,2026-09-18,1372.7000,1379.3000,1372.0000,1374.6000,27100.0000,1376.0038,1389.0000,1333.2000,1364.9000,1372.4000,10.0000,150.0000,160.0000,,,,,,195.0000,200.0000,200.0000,200.0000,200.0000,205.0000,210.0000,215.0000,yahoo
NTPC,2026-09-18,330.5000,330.5000,327.6500,328.2000,148432.0000,328.3070,329.0000,327.0500,327.0500,323.6500,,,,,,,,,,,,,,,,,yahoo
ONGC,2026-09-18,232.4300,232.6900,231.8600,232.3600,496695.0000,232.3467,234.2600,232.1100,232.7600,232.8000,125.0000,315.0000,,,,,,,,,,,,,,,yahoo
PFC,2026-09-18,345.0000,345.7500,344.4000,345.2000,368043.0000,345.0474,347.0500,344.8000,345.6000,342.5500,295.0000,,,,,,,,,,,,,,,,yahoo
PIDILITIND,2026-09-18,1560.5000,1589.4000,1560.5000,1583.9000,52920.0000,1584.0078,1598.0000,1582.2000,1589.9000,1572.1000,15.0000,30.0000,,,,,,,,,,,,,,,yahoo
PNB,2026-09-18,117.2000,117.3000,116.6500,116.9200,459713.0000,116.8982,117.5000,116.5000,117.3500,117.2700,,,,,,,,,,,,,,,,,yahoo
POWERGRID,2026-09-18,264.5500,265.0000,264.0500,264.2000,345427.0000,264.3285,266.9500,263.4500,266.8000,270.3000,130.0000,130.0000,300.0000,,,,,,,,,,,,,,yahoo
RECLTD,2026-09-18,311.0000,311.8500,309.2500,309.8500,262608.0000,309.8908,312.8500,309.5500,311.2000,312.0000,70.0000,75.0000,,,,,,,,,,,,,,,yahoo
RELIANCE,2026-09-18,1245.3000,1247.0000,1241.8000,1243.0000,415084.0000,1243.9254,1246.4000,1238.4000,1243.9000,1226.4000,,,,,,,,,,,,,,,,,yahoo
SBILIFE,2026-09-18,1758.2000,1767.7000,1752.8000,1762.1000,53990.0000,1761.9699,1769.3000,1735.3000,1748.0000,1731.0000,,,,,,,,,320.0000,330.0000,330.0000,330.0000,330.0000,,,,yahoo
SBIN,2026-09-18,990.4000,990.4000,985.4000,986.5000,481997.0000,986.9883,994.4000,985.6000,993.2000,996.2000,130.0000,170.0000,,,,,,,,,,,,,,,yahoo
SHREECEM,2026-09-18,22285.0000,22355.0000,22105.0000,22355.0000,3101.0000,22231.6565,23000.0000,22350.0000,22520.0000,22600.0000,5.0000,5.0000,10.0000,10.0000,15.0000,20.0000,25.0000,,,,,,,,,,yahoo
SHRIRAMFIN,2026-09-18,1003.5000,1010.8000,1001.1000,1008.8000,229164.0000,1005.4174,1019.0000,1004.8000,1012.1000,1010.0000,115.0000,135.0000,190.0000,,,,,,,,,,,,,,yahoo
SIEMENS,2026-09-18,3777.5000,3844.0000,3777.5000,3813.0000,27826.0000,3826.8428,3842.2000,3781.1001,3827.0000,3913.8999,290.0000,310.0000,,,,,,,85.0000,105.0000,,,,,,,yahoo
SOLARINDS,2026-09-18,18860.0000,19015.0000,18745.0000,18820.0000,29461.0000,18931.6332,19080.0000,18800.0000,18860.0000,18555.0000,10.0000,15.0000,20.0000,20.0000,,,,,,,,,,,,,yahoo
SUNPHARMA,2026-09-18,1858.8000,1877.2000,1858.8000,1867.7000,135079.0000,1870.1880,1871.4000,1837.3000,1837.3000,1837.3000,,,,,,,,,35.0000,40.0000,85.0000,330.0000,330.0000,,,,yahoo
TATACAP,2026-09-18,344.5500,349.8000,344.5500,347.3000,79681.0000,348.1649,352.8000,345.8500,351.8000,351.3500,235.0000,320.0000,320.0000,320.0000,330.0000,,,,,,,,,,,,yahoo
TATACONSUM,2026-09-18,1016.6000,1016.6000,1008.5000,1009.0000,50283.0000,1010.2606,1012.5000,1000.8000,1001.6000,996.0000,,,,,,,,,105.0000,270.0000,,,,,,,yahoo
TATAPOWER,2026-09-18,364.0000,365.3000,361.1500,364.4000,474095.0000,363.1661,368.9000,364.2500,367.0000,374.8000,35.0000,55.0000,130.0000,,,,,,,,,,,,,,yahoo
TATASTEEL,2026-09-18,186.9000,187.9600,185.5800,187.3000,2953394.0000,186.3892,187.7000,185.9000,186.0800,185.5400,,,,,,,,,285.0000,,,,,,,,yahoo
TCS,2026-09-18,2175.0000,2175.0000,2116.1001,2129.8999,837409.0000,2128.9801,2140.0000,2101.6001,2105.0000,2105.0000,,,,,,,,,155.0000,210.0000,305.0000,325.0000,,,,,yahoo
TECHM,2026-09-18,1551.1000,1551.1000,1523.3000,1526.9000,372424.0000,1532.4479,1550.0000,1524.1000,1543.2000,1537.1000,45.0000,70.0000,290.0000,310.0000,315.0000,,,,,,,,,,,,yahoo
TITAN,2026-09-18,4850.0000,4863.5000,4828.0000,4830.5000,30210.0000,4843.7404,4839.0000,4772.0000,4839.0000,4798.5000,,,,,,,,,45.0000,85.0000,95.0000,,,,,,yahoo
TMCV,2026-09-18,435.6000,436.4500,430.5000,434.8000,1003284.0000,433.8297,444.7000,430.6000,443.3500,441.0000,130.0000,135.0000,135.0000,135.0000,290.0000,315.0000,,,20.0000,25.0000,,,,,,,yahoo
TMPV,2026-09-18,308.3000,308.3000,304.1000,307.0500,1674197.0000,305.5604,307.2000,301.6500,305.0000,303.8000,,,,,,,,,25.0000,140.0000,145.0000,325.0000,330.0000,,,,yahoo
TORNTPHARM,2026-09-18,4875.0000,4928.0000,4861.0000,4865.0000,14958.0000,4875.3096,4891.5000,4827.5000,4840.0000,4840.0000,305.0000,,,,,,,,130.0000,160.0000,,,,,,,yahoo
TRENT,2026-09-18,2789.0000,2795.0000,2782.3999,2785.3000,35844.0000,2789.3104,2809.5000,2776.1001,2809.5000,2824.0000,200.0000,315.0000,,,,,,,,,,,,,,,yahoo
TVSMOTOR,2026-09-18,4122.2002,4156.0000,4122.1001,4148.0000,36398.0000,4140.9579,4195.0000,4140.0000,4190.2002,4171.2998,50.0000,75.0000,300.0000,,,,,,,,,,,,,,yahoo
ULTRACEMCO,2026-09-18,10860.0000,10907.0000,10823.0000,10900.0000,8931.0000,10862.1282,11059.0000,10899.0000,10995.0000,11014.0000,15.0000,15.0000,20.0000,25.0000,,,,,,,,,,,,,yahoo
UNIONBANK,2026-09-18,178.3800,178.7000,177.6000,178.0300,213365.0000,177.9085,178.8000,177.2500,178.3600,176.5600,,,,,,,,,,,,,,,,,yahoo
UNITDSPR,2026-09-18,1383.5000,1393.8000,1383.5000,1391.7000,12089.0000,1391.2591,1405.0000,1390.1000,1398.0000,1371.0000,190.0000,275.0000,,,,,,,,,,,,,,,yahoo
VBL,2026-09-18,416.7500,421.0000,416.7500,419.2500,584726.0000,419.6384,425.3500,419.2000,425.0000,421.9500,15.0000,35.0000,315.0000,320.0000,,,,,,,,,,,,,yahoo
VEDL,2026-09-18,259.1000,261.4500,258.7500,261.2000,605404.0000,259.9760,261.8500,260.0000,261.0500,267.6000,,,,,,,,,,,,,,,,,yahoo
WIPRO,2026-09-18,165.9400,165.9400,164.4400,164.7600,1667808.0000,164.7395,165.2500,163.3600,164.0000,166.8300,,,,,,,,,105.0000,245.0000,,,,,,,yahoo
ZYDUSLIFE,2026-09-18,1150.8000,1166.8000,1148.4000,1156.3000,366347.0000,1161.1874,1163.9000,1150.5000,1157.9000,1160.0000,135.0000,,,,,,,,20.0000,,,,,,,,yahoo
ABB,2026-09-21,7235.0000,7279.5000,7225.0000,7266.0000,11428.0000,7262.0284,7326.0000,7237.0000,7271.0000,7271.0000,55.0000,55.0000,,,,,,,,,,,,,,,yahoo
ADANIENSOL,2026-09-21,1423.2000,1432.4000,1412.4000,1412.4000,173491.0000,1420.4918,1415.8000,1400.0000,1400.0000,1397.6000,,,,,,,,,160.0000,235.0000,,,,,,,yahoo
ADANIENT,2026-09-21,2999.8000,3015.3000,2993.0000,2996.7000,67884.0000,3006.1391,3009.8000,2974.7000,2978.8999,2975.0000,,,,,,,,,140.0000,,,,,,,,yahoo
ADANIGREEN,2026-09-21,1331.5000,1331.9000,1315.2000,1315.7000,109361.0000,1318.1476,1318.4000,1300.8000,1302.9000,1303.6000,,,,,,,,,140.0000,315.0000,320.0000,,,,,,yahoo
ADANIPORTS,2026-09-21,1784.5000,1785.3000,1767.2000,1774.3000,316027.0000,1774.3931,1796.8000,1772.9000,1787.4000,1787.1000,20.0000,55.0000,250.0000,260.0000,,,,,,,,,,,,,yahoo
ADANIPOWER,2026-09-21,207.9500,210.5500,207.9500,208.4700,1110612.0000,208.7825,209.9000,206.0000,206.3000,206.5500,15.0000,,,,,,,,80.0000,125.0000,165.0000,,,,,,yahoo
AMBUJACEM,2026-09-21,389.8000,395.9500,389.8000,394.3500,219958.0000,394.7425,394.4500,391.1500,392.0000,390.7500,,,,,,,,,35.0000,65.0000,,,,,,,yahoo
APOLLOHOSP,2026-09-21,8861.0000,8920.0000,8826.5000,8906.5000,20353.0000,8888.2625,8974.5000,8893.5000,8920.0000,8912.0000,75.0000,80.0000,,,,,,,,,,,,,,,yahoo
ASIANPAINT,2026-09-21,2445.3000,2462.8000,2445.3000,2456.8000,18542.0000,2458.8346,2461.8999,2445.0000,2455.0000,2440.3000,,,,,,,,,,,,,,,,,yahoo
AXISBANK,2026-09-21,1246.0000,1251.1000,1246.0000,1248.5000,172626.0000,1248.6176,1254.3000,1242.0000,1248.9000,1250.0000,,,,,,,,,25.0000,,,,,,,,yahoo
BAJAJ-AUTO,2026-09-21,11470.0000,11533.0000,11465.0000,11472.0000,9790.0000,11488.5268,11523.0000,11451.0000,11509.0000,11460.0000,,,,,,,,,,,,,,,,,yahoo
BAJAJFINSV,2026-09-21,1863.2000,1863.7000,1851.8000,1858.2000,16230.0000,1859.1839,1864.0000,1849.2000,1859.8000,1849.8000,,,,,,,,,,,,,,,,,yahoo
BAJAJHLDNG,2026-09-21,11283.0000,11434.0000,11227.0000,11406.0000,6131.0000,11382.0599,11425.0000,11340.0000,11404.0000,11409.0000,,,,,,,,,10.0000,,,,,,,,yahoo
BAJFINANCE,2026-09-21,1035.4000,1035.4000,1026.5000,1031.9000,204276.0000,1031.4438,1036.0000,1022.2000,1024.7000,1021.3000,,,,,,,,,190.0000,205.0000,,,,,,,yahoo
BANKBARODA,2026-09-21,234.0000,234.5100,233.0100,233.8200,419268.0000,233.4878,234.4500,232.5200,234.1900,233.6400,,,,,,,,,145.0000,,,,,,,,yahoo
BEL,2026-09-21,395.0500,397.0000,395.0500,395.5000,455725.0000,396.0280,399.1500,393.1000,398.5000,398.5000,110.0000,155.0000,,,,,,,70.0000,,,,,,,,yahoo
BHARTIARTL,2026-09-21,1848.9000,1853.8000,1840.7000,1847.2000,411296.0000,1849.3247,1850.5000,1823.3000,1831.4000,1830.2000,,,,,,,,,85.0000,125.0000,285.0000,285.0000,,,,,yahoo
BOSCHLTD,2026-09-21,47460.0000,48180.0000,47460.0000,48040.0000,2896.0000,48010.1076,48125.0000,47520.0000,47750.0000,47565.0000,,,,,,,,,60.0000,205.0000,330.0000,,,,,,yahoo
BPCL,2026-09-21,312.9500,315.5500,312.7000,313.7500,143136.0000,313.6886,314.2000,310.9500,312.7500,312.7500,,,,,,,,,70.0000,205.0000,,,,,,,yahoo
BRITANNIA,2026-09-21,5009.0000,5030.0000,4995.0000,5019.0000,7878.0000,5018.6719,5029.0000,4999.0000,5020.0000,5023.0000,,,,,,,,,,,,,,,,,yahoo
CANBK,2026-09-21,123.2500,123.7600,123.0000,123.3200,1128442.0000,123.2894,123.9600,123.1000,123.5500,123.7000,255.0000,,,,,,,,,,,,,,,,yahoo
CGPOWER,2026-09-21,905.0000,919.7500,905.0000,912.0000,399825.0000,915.0743,916.6000,907.5000,910.0000,910.0000,55.0000,,,,,,,,,,,,,,,,yahoo
CHOLAFIN,2026-09-21,1799.3000,1800.8000,1790.0000,1796.8000,99077.0000,1794.0554,1798.2000,1763.5000,1764.0000,1764.0000,,,,,,,,,35.0000,100.0000,125.0000,175.0000,195.0000,,,,yahoo
CIPLA,2026-09-21,1386.3000,1398.5000,1385.7000,1397.5000,58350.0000,1394.5190,1405.1000,1378.3000,1379.0000,1386.1000,70.0000,,,,,,,,20.0000,175.0000,195.0000,210.0000,,,,,yahoo
COALINDIA,2026-09-21,411.2000,414.7000,410.6500,412.7000,289039.0000,411.8753,415.4000,412.0000,413.5000,414.7000,225.0000,,,,,,,,,,,,,,,,yahoo
CUMMINSIND,2026-09-21,5114.0000,5133.5000,5068.0000,5068.0000,10392.0000,5087.3479,5098.0000,5050.0000,5067.0000,5067.0000,55.0000,,,,,,,,,,,,,,,,yahoo
DIVISLAB,2026-09-21,9383.0000,9453.0000,9376.5000,9446.0000,26320.0000,9428.8852,9456.5000,9376.5000,9425.0000,9410.5000,,,,,,,,,30.0000,,,,,,,,yahoo
DLF,2026-09-21,648.4500,653.7000,647.9000,651.6000,144896.0000,651.5186,660.7500,647.3500,660.2500,660.2500,170.0000,170.0000,195.0000,255.0000,,,,,20.0000,,,,,,,,yahoo
DMART,2026-09-21,3740.0000,3762.8000,3740.0000,3755.0000,23020.0000,3752.2440,3814.6001,3746.0000,3805.0000,3800.3999,20.0000,20.0000,100.0000,155.0000,305.0000,,,,,,,,,,,,yahoo
DRREDDY,2026-09-21,1187.4000,1198.1000,1187.4000,1195.9000,68223.0000,1194.0968,1211.8000,1195.8000,1202.0000,1198.3000,35.0000,130.0000,165.0000,170.0000,,,,,,,,,,,,,yahoo
EICHERMOT,2026-09-21,7546.5000,7567.5000,7513.5000,7517.0000,6030.0000,7527.9686,7545.0000,7490.5000,7515.5000,7512.5000,,,,,,,,,,,,,,,,,yahoo
ENRIN,2026-09-21,3241.8000,3259.8999,3198.1001,3208.5000,26329.0000,3219.9442,3238.3999,3185.2000,3214.3000,3216.2000,55.0000,60.0000,,,,,,,15.0000,,,,,,,,yahoo
ETERNAL,2026-09-21,327.3000,330.3000,327.1000,330.0000,1558110.0000,329.0309,336.4500,329.1000,335.9000,335.9000,5.0000,215.0000,245.0000,245.0000,250.0000,,,,,,,,,,,,yahoo
GAIL,2026-09-21,173.6400,174.2900,173.5400,173.7600,167298.0000,173.8597,174.0900,172.6100,172.6100,172.6100,,,,,,,,,180.0000,,,,,,,,yahoo
GODREJCP,2026-09-21,883.1000,887.6500,879.9000,884.7000,28686.0000,885.1193,890.9000,866.1000,866.1000,867.5000,100.0000,,,,,,,,150.0000,175.0000,185.0000,190.0000,205.0000,330.0000,,,yahoo
GRASIM,2026-09-21,3214.8999,3217.3000,3195.5000,3212.7000,10368.0000,3212.2926,3213.0000,3166.0000,3166.0000,3166.0000,,,,,,,,,110.0000,160.0000,200.0000,305.0000,,,,,yahoo
HAL,2026-09-21,4888.8999,4888.8999,4842.7002,4865.0000,68240.0000,4862.7679,4881.2002,4828.0000,4829.0000,4826.0000,,,,,,,,,75.0000,330.0000,,,,,,,yahoo
HCLTECH,2026-09-21,1241.0000,1261.2000,1241.0000,1259.0000,155633.0000,1255.2380,1284.9000,1258.8000,1282.5000,1281.0000,10.0000,15.0000,20.0000,190.0000,190.0000,290.0000,,,,,,,,,,,yahoo
HDFCAMC,2026-09-21,2429.8000,2432.6001,2413.5000,2419.0000,43341.0000,2419.0620,2456.1001,2413.1001,2440.0000,2440.0000,70.0000,75.0000,90.0000,90.0000,155.0000,,,,,,,,,,,,yahoo
HDFCBANK,2026-09-21,730.8000,738.1500,729.1500,736.7500,3846140.0000,736.4878,742.6500,732.5000,740.5000,739.5000,105.0000,240.0000,,,,,,,40.0000,,,,,,,,yahoo
HDFCLIFE,2026-09-21,553.5500,562.5000,553.5500,560.4500,276589.0000,560.4095,565.9000,559.4000,559.4000,559.4000,60.0000,80.0000,,,,,,,,,,,,,,,yahoo
HINDALCO,2026-09-21,988.0000,993.0000,984.3000,988.7000,168308.0000,988.5497,989.3000,976.4000,977.2000,981.2000,,,,,,,,,110.0000,200.0000,280.0000,,,,,,yahoo
HINDUNILVR,2026-09-21,1940.8000,1966.0000,1940.8000,1957.5000,85967.0000,1957.0782,1963.5000,1950.0000,1951.0000,1947.0000,,,,,,,,,,,,,,,,,yahoo
HINDZINC,2026-09-21,588.4000,591.3500,586.0500,588.0000,241494.0000,587.2854,593.7000,585.9000,591.8000,591.8000,100.0000,145.0000,,,,,,,,,,,,,,,yahoo
HYUNDAI,2026-09-21,2177.2000,2177.2000,2167.0000,2167.6001,17086.0000,2170.3565,2175.8999,2136.2000,2145.0000,2144.0000,,,,,,,,,35.0000,125.0000,270.0000,330.0000,,,,,yahoo
ICICIBANK,2026-09-21,1345.3000,1351.9000,1344.0000,1344.4000,342264.0000,1346.8720,1347.8000,1340.7000,1345.0000,1345.0000,,,,,,,,,,,,,,,,,yahoo
INDHOTEL,2026-09-21,746.7000,754.9000,742.2000,749.0000,690839.0000,750.0809,749.6000,744.6500,745.1000,745.0000,,,,,,,,,25.0000,,,,,,,,yahoo
INDIGO,2026-09-21,4954.5000,5030.0000,4954.5000,4987.5000,76354.0000,5007.0782,5000.0000,4934.5000,4941.0000,4941.0000,,,,,,,,,190.0000,215.0000,245.0000,,,,,,yahoo
INFY,2026-09-21,1039.6000,1044.5000,1030.5000,1032.2000,912554.0000,1034.1444,1040.7000,1031.7000,1040.5000,1038.5000,20.0000,225.0000,,,,,,,,,,,,,,,yahoo
IOC,2026-09-21,136.8700,137.6000,136.4400,136.5600,705354.0000,136.7037,137.5300,136.4800,137.1000,136.5300,245.0000,,,,,,,,,,,,,,,,yahoo
IRFC,2026-09-21,81.5100,81.5300,80.5700,80.6200,773717.0000,80.7689,80.8400,80.1900,80.2000,80.2200,,,,,,,,,325.0000,,,,,,,,yahoo
ITC,2026-09-21,263.6500,265.8000,263.6500,265.4000,783712.0000,265.1398,267.8000,265.3000,267.4500,267.0000,25.0000,135.0000,,,,,,,,,,,,,,,yahoo
JINDALSTEL,2026-09-21,1139.0000,1141.5000,1132.2000,1135.0000,48222.0000,1134.7027,1143.4000,1130.6000,1130.6000,1130.6000,85.0000,,,,,,,,,,,,,,,,yahoo
JIOFIN,2026-09-21,231.2800,231.5700,230.2300,231.1200,569133.0000,231.1108,231.7500,229.5700,230.0000,229.9700,,,,,,,,,70.0000,,,,,,,,yahoo
JSWSTEEL,2026-09-21,1282.3000,1283.1000,1274.0000,1275.8000,55747.0000,1277.0438,1281.5000,1269.0000,1269.0000,1268.6000,,,,,,,,,200.0000,,,,,,,,yahoo
KOTAKBANK,2026-09-21,417.4500,418.2000,415.0500,418.2000,378212.0000,417.0079,420.5500,415.2500,415.2500,414.8000,135.0000,,,,,,,,30.0000,,,,,,,,yahoo
LODHA,2026-09-21,1143.0000,1150.4000,1129.0000,1130.3000,104088.0000,1137.9048,1147.1000,1127.0000,1144.4000,1138.0000,90.0000,100.0000,150.0000,180.0000,,,,,,,,,,,,,yahoo
LT,2026-09-21,3884.8999,3903.5000,3884.8999,3892.5000,46051.0000,3892.8300,3905.1001,3884.1001,3904.8000,3904.8000,,,,,,,,,,,,,,,,,yahoo
LTM,2026-09-21,4250.0000,4250.0000,4190.7002,4235.7002,19910.0000,4219.4645,4315.8999,4226.6001,4280.0000,4280.0000,20.0000,190.0000,195.0000,200.0000,230.0000,,,,,,,,,,,,yahoo
M&M,2026-09-21,3065.1001,3088.0000,3065.0000,3075.0000,52111.0000,3076.0583,3082.8000,3058.0000,3060.7000,3055.3000,,,,,,,,,330.0000,,,,,,,,yahoo
MARUTI,2026-09-21,12182.0000,12182.0000,12138.0000,12159.0000,17977.0000,12163.1343,12225.0000,12139.0000,12153.0000,12153.0000,90.0000,,,,,,,,,,,,,,,,yahoo
MAXHEALTH,2026-09-21,1053.5000,1063.7000,1052.6000,1056.8000,58271.0000,1057.3084,1072.5000,1050.7000,1069.9000,1066.6000,215.0000,240.0000,250.0000,330.0000,,,,,45.0000,,,,,,,,yahoo
MAZDOCK,2026-09-21,2267.3000,2276.8000,2252.1001,2255.3000,95961.0000,2260.5325,2257.5000,2222.1001,2232.0000,2232.0000,,,,,,,,,135.0000,235.0000,325.0000,330.0000,,,,,yahoo
MOTHERSON,2026-09-21,162.8100,163.7100,161.8600,162.0600,627268.0000,162.3962,163.7000,160.5100,162.7900,162.9100,205.0000,290.0000,290.0000,,,,,,20.0000,20.0000,,,,,,,yahoo
MUTHOOTFIN,2026-09-21,2840.0000,2840.0000,2814.0000,2829.3999,39686.0000,2824.4580,2874.0000,2823.6001,2861.6001,2854.2000,105.0000,110.0000,285.0000,295.0000,310.0000,,,,,,,,,,,,yahoo
NESTLEIND,2026-09-21,1361.4000,1375.6000,1361.4000,1373.2000,64712.0000,1371.2664,1389.8000,1370.9000,1385.0000,1385.0000,255.0000,295.0000,330.0000,,,,,,,,,,,,,,yahoo
NTPC,2026-09-21,325.4500,328.7500,325.3500,328.2000,321757.0000,327.4192,328.6500,325.9000,326.1500,326.4000,,,,,,,,,20.0000,,,,,,,,yahoo
ONGC,2026-09-21,232.9500,233.6800,232.4100,233.4900,427254.0000,233.1354,235.9900,233.0100,235.2500,235.6300,180.0000,200.0000,255.0000,,,,,,,,,,,,,,yahoo
PFC,2026-09-21,343.5000,347.2500,343.5000,346.3000,510642.0000,346.4176,347.9000,344.7500,344.7500,344.7500,,,,,,,,,,,,,,,,,yahoo
PIDILITIND,2026-09-21,1587.8000,1594.8000,1582.9000,1590.8000,19808.0000,1590.9190,1591.4000,1573.2000,1573.2000,1573.2000,,,,,,,,,110.0000,140.0000,330.0000,,,,,,yahoo
PNB,2026-09-21,117.1600,117.6900,116.6800,117.4800,716293.0000,117.1464,118.4900,117.0200,118.0200,118.0000,230.0000,300.0000,,,,,,,,,,,,,,,yahoo
POWERGRID,2026-09-21,267.7500,268.8500,267.0500,267.8000,287680.0000,267.6434,268.9000,266.6000,267.2500,266.1000,,,,,,,,,,,,,,,,,yahoo
RECLTD,2026-09-21,311.5000,313.3000,310.8000,312.4000,191415.0000,312.2496,312.5500,310.4000,310.5000,310.2000,,,,,,,,,55.0000,,,,,,,,yahoo
RELIANCE,2026-09-21,1235.0000,1244.4000,1235.0000,1238.9000,867621.0000,1240.7520,1248.9000,1232.5000,1246.7000,1247.4000,140.0000,315.0000,,,,,,,55.0000,,,,,,,,yahoo
SBILIFE,2026-09-21,1739.9000,1756.8000,1734.7000,1753.0000,23178.0000,1751.4592,1773.7000,1747.5000,1767.0000,1756.0000,70.0000,75.0000,285.0000,,,,,,,,,,,,,,yahoo
SBIN,2026-09-21,991.5000,994.5000,989.8000,992.7000,238020.0000,992.6201,997.4000,990.0000,996.0000,996.0000,,,,,,,,,,,,,,,,,yahoo
SHREECEM,2026-09-21,22595.0000,22660.0000,22435.0000,22555.0000,1945.0000,22598.2219,22565.0000,22355.0000,22550.0000,22550.0000,,,,,,,,,25.0000,35.0000,,,,,,,yahoo
SHRIRAMFIN,2026-09-21,1013.0000,1015.4000,1008.4000,1013.1000,139339.0000,1012.6374,1018.1000,1005.3000,1012.1000,1011.8000,,,,,,,,,50.0000,85.0000,,,,,,,yahoo
SIEMENS,2026-09-21,3888.1001,3890.0000,3855.3999,3866.2000,14781.0000,3866.8256,3918.1001,3851.5000,3887.0000,3887.0000,55.0000,55.0000,55.0000,115.0000,,,,,,,,,,,,,yahoo
SOLARINDS,2026-09-21,18825.0000,19025.0000,18755.0000,19015.0000,20724.0000,18988.5822,19370.0000,18850.0000,19255.0000,19265.0000,115.0000,130.0000,185.0000,185.0000,185.0000,,,,10.0000,85.0000,,,,,,,yahoo
SUNPHARMA,2026-09-21,1842.8000,1883.0000,1842.8000,1880.4000,158148.0000,1872.7001,1891.0000,1867.6000,1869.1000,1868.9000,35.0000,,,,,,,,215.0000,,,,,,,,yahoo
TATACAP,2026-09-21,349.0500,350.1000,346.0000,346.4500,60272.0000,347.2246,346.3500,341.0500,344.7500,344.5500,,,,,,,,,10.0000,15.0000,15.0000,15.0000,25.0000,,,,yahoo
TATACONSUM,2026-09-21,998.9000,1011.0000,998.9000,1008.4000,60659.0000,1006.1454,1015.5000,1000.6000,1000.6000,1000.6000,40.0000,,,,,,,,225.0000,330.0000,,,,,,,yahoo
TATAPOWER,2026-09-21,367.2500,369.4500,367.2000,367.5000,206315.0000,367.8923,367.8000,365.6500,367.1500,367.1500,,,,,,,,,120.0000,,,,,,,,yahoo
TATASTEEL,2026-09-21,185.0200,186.8300,185.0200,185.9600,1149050.0000,186.2969,186.0500,183.3500,183.7000,183.4000,,,,,,,,,35.0000,35.0000,40.0000,320.0000,,,,,yahoo
TCS,2026-09-21,2090.0000,2121.0000,2078.3999,2112.8999,339663.0000,2106.1696,2144.5000,2111.2000,2136.0000,2128.7000,20.0000,135.0000,195.0000,295.0000,,,,,,,,,,,,,yahoo
TECHM,2026-09-21,1528.6000,1539.0000,1526.0000,1533.7000,49857.0000,1531.7262,1560.4000,1533.6000,1558.5000,1558.5000,10.0000,15.0000,20.0000,110.0000,265.0000,,,,,,,,,,,,yahoo
TITAN,2026-09-21,4810.5000,4826.0000,4780.0000,4805.5000,20594.0000,4793.8849,4879.0000,4803.0000,4876.0000,4875.0000,65.0000,115.0000,170.0000,255.0000,330.0000,,,,,,,,,,,,yahoo
TMCV,2026-09-21,440.1500,445.0000,437.2500,443.2000,433229.0000,442.6555,445.1500,438.9500,444.5500,444.5000,,,,,,,,,20.0000,25.0000,,,,,,,yahoo
TMPV,2026-09-21,302.6500,303.3500,301.1500,301.3500,939869.0000,301.8087,302.5000,299.2000,301.1000,301.6500,,,,,,,,,45.0000,,,,,,,,yahoo
TORNTPHARM,2026-09-21,4865.0000,4935.5000,4865.0000,4929.0000,12007.0000,4915.3548,4985.5000,4897.0000,4970.0000,4970.0000,50.0000,60.0000,65.0000,,,,,,15.0000,,,,,,,,yahoo
TRENT,2026-09-21,2810.0000,2826.3000,2810.0000,2816.6001,31769.0000,2819.5053,2836.6001,2801.0000,2815.5000,2815.5000,170.0000,,,,,,,,40.0000,,,,,,,,yahoo
TVSMOTOR,2026-09-21,4184.3999,4208.1001,4176.2002,4188.2002,24024.0000,4187.1185,4198.0000,4163.7998,4173.0000,4155.0000,,,,,,,,,220.0000,,,,,,,,yahoo
ULTRACEMCO,2026-09-21,11040.0000,11073.0000,10993.0000,11056.0000,5800.0000,11054.5840,11145.0000,10983.0000,11100.0000,11100.0000,160.0000,270.0000,,,,,,,25.0000,,,,,,,,yahoo
UNIONBANK,2026-09-21,177.7000,178.6800,177.0800,177.6700,491782.0000,177.5214,178.3800,177.2600,178.0000,178.0900,,,,,,,,,,,,,,,,,yahoo
UNITDSPR,2026-09-21,1384.3000,1395.3000,1384.3000,1392.9000,39476.0000,1390.8779,1411.0000,1389.3000,1396.5000,1397.0000,25.0000,280.0000,295.0000,295.0000,,,,,,,,,,,,,yahoo
VBL,2026-09-21,423.3000,428.3000,423.3000,427.8500,528788.0000,426.8320,431.1000,425.8500,425.9000,425.0000,30.0000,30.0000,,,,,,,,,,,,,,,yahoo
VEDL,2026-09-21,263.8500,263.8500,260.4500,261.7000,834709.0000,261.5197,262.4000,259.1000,259.3500,260.5000,,,,,,,,,220.0000,320.0000,,,,,,,yahoo
WIPRO,2026-09-21,165.2400,165.2400,163.4000,163.8000,1415567.0000,163.7734,165.4700,163.8000,165.2000,164.5500,205.0000,255.0000,320.0000,,,,,,,,,,,,,,yahoo
ZYDUSLIFE,2026-09-21,1157.0000,1173.5000,1157.0000,1169.9000,63615.0000,1168.3669,1171.0000,1152.1000,1161.0000,1161.0000,,,,,,,,,45.0000,145.0000,150.0000,205.0000,215.0000,,,,yahoo
ABB,2026-09-22,7274.5000,7405.5000,7274.5000,7372.0000,49887.0000,7369.1760,7380.5000,7118.0000,7120.5000,7120.5000,,,,,,,,,20.0000,40.0000,65.0000,70.0000,80.0000,185.0000,200.0000,255.0000,yahoo
ADANIENSOL,2026-09-22,1398.9000,1411.3000,1396.0000,1401.2000,195024.0000,1402.9907,1404.8000,1376.3000,1381.7000,1381.7000,,,,,,,,,130.0000,155.0000,260.0000,310.0000,315.0000,,,,yahoo
ADANIENT,2026-09-22,2995.0000,3025.0000,2992.1001,3013.2000,128443.0000,3014.0049,3015.0000,2979.8000,2988.6001,2997.0000,,,,,,,,,15.0000,65.0000,245.0000,,,,,,yahoo
ADANIGREEN,2026-09-22,1309.0000,1317.0000,1305.6000,1308.0000,68164.0000,1310.6889,1312.4000,1300.1000,1305.2000,1304.0000,,,,,,,,,250.0000,,,,,,,,yahoo
ADANIPORTS,2026-09-22,1793.0000,1812.1000,1793.0000,1803.5000,184829.0000,1806.3061,1808.6000,1786.3000,1787.8000,1795.0000,,,,,,,,,105.0000,130.0000,,,,,,,yahoo
ADANIPOWER,2026-09-22,207.6700,209.2500,207.0900,209.1600,1386089.0000,208.4841,209.9200,206.6200,206.8300,206.9600,,,,,,,,,40.0000,295.0000,315.0000,,,,,,yahoo
AMBUJACEM,2026-09-22,391.5000,393.4500,390.6000,391.2000,93471.0000,391.6974,391.4500,385.1500,387.9000,386.9000,,,,,,,,,60.0000,150.0000,185.0000,190.0000,265.0000,,,,yahoo
APOLLOHOSP,2026-09-22,8964.0000,8972.5000,8904.5000,8909.0000,11559.0000,8922.8460,8939.5000,8828.0000,8828.0000,8835.5000,,,,,,,,,325.0000,330.0000,,,,,,,yahoo
ASIANPAINT,2026-09-22,2463.1001,2468.2000,2453.7000,2461.0000,24797.0000,2458.7754,2469.8000,2435.8999,2447.0000,2448.5000,,,,,,,,,65.0000,250.0000,260.0000,,,,,,yahoo
AXISBANK,2026-09-22,1244.8000,1251.1000,1244.8000,1251.0000,120065.0000,1249.1326,1255.2000,1240.5000,1245.4000,1242.7000,,,,,,,,,60.0000,120.0000,,,,,,,yahoo
BAJAJ-AUTO,2026-09-22,11490.0000,11490.0000,11373.0000,11411.0000,11780.0000,11407.6393,11425.0000,11282.0000,11355.0000,11363.0000,,,,,,,,,70.0000,155.0000,180.0000,,,,,,yahoo
BAJAJFINSV,2026-09-22,1858.0000,1862.0000,1852.7000,1854.0000,12949.0000,1854.8006,1856.8000,1824.0000,1828.0000,1823.4000,,,,,,,,,65.0000,80.0000,115.0000,205.0000,250.0000,,,,yahoo
BAJAJHLDNG,2026-09-22,11342.0000,11365.0000,11260.0000,11365.0000,2813.0000,11325.5281,11385.0000,11151.0000,11185.0000,11185.0000,,,,,,,,,130.0000,140.0000,170.0000,180.0000,185.0000,,,,yahoo
BAJFINANCE,2026-09-22,1025.0000,1029.0000,1022.6000,1023.5000,245036.0000,1024.9462,1025.2000,1005.1000,1008.6000,1008.8000,,,,,,,,,115.0000,130.0000,135.0000,165.0000,205.0000,,,,yahoo
BANKBARODA,2026-09-22,233.6400,234.7900,233.6400,234.2500,207107.0000,234.2183,234.9000,232.8000,233.7000,234.3500,,,,,,,,,80.0000,,,,,,,,yahoo
BEL,2026-09-22,399.3500,400.4000,398.5500,399.0500,647783.0000,399.3582,399.2500,395.9000,396.5000,397.9000,,,,,,,,,110.0000,260.0000,,,,,,,yahoo
BHARTIARTL,2026-09-22,1832.1000,1832.1000,1822.8000,1826.9000,222489.0000,1826.3719,1836.3000,1813.0000,1820.4000,1817.2000,40.0000,,,,,,,,220.0000,255.0000,,,,,,,yahoo
BOSCHLTD,2026-09-22,47730.0000,47960.0000,47530.0000,47960.0000,1828.0000,47799.7921,48290.0000,47720.0000,48290.0000,48290.0000,330.0000,,,,,,,,70.0000,,,,,,,,yahoo
BPCL,2026-09-22,314.2000,318.1000,314.1500,316.6000,608846.0000,316.2529,318.0000,308.1500,313.6000,313.6000,,,,,,,,,40.0000,60.0000,120.0000,155.0000,185.0000,190.0000,255.0000,,yahoo
BRITANNIA,2026-09-22,5014.0000,5016.5000,4982.0000,4988.5000,6092.0000,4989.1183,4991.5000,4915.0000,4920.0000,4918.0000,,,,,,,,,60.0000,130.0000,165.0000,185.0000,,,,,yahoo
CANBK,2026-09-22,123.9200,124.3600,123.8100,123.9600,763344.0000,123.9792,124.3700,122.8400,122.9000,122.9000,,,,,,,,,60.0000,125.0000,,,,,,,yahoo
CGPOWER,2026-09-22,916.0000,925.5000,913.6500,915.6000,282474.0000,920.3606,916.5500,896.8500,902.6000,896.1000,,,,,,,,,40.0000,60.0000,80.0000,200.0000,220.0000,330.0000,,,yahoo
CHOLAFIN,2026-09-22,1770.0000,1779.1000,1765.0000,1772.0000,109341.0000,1774.6945,1775.4000,1756.9000,1765.0000,1759.1000,,,,,,,,,40.0000,135.0000,,,,,,,yahoo
CIPLA,2026-09-22,1388.7000,1388.7000,1374.0000,1378.2000,35465.0000,1376.9771,1384.3000,1364.5000,1384.1000,1384.1000,,,,,,,,,60.0000,80.0000,,,,,,,yahoo
COALINDIA,2026-09-22,423.2000,424.3000,419.7000,424.2000,1858158.0000,422.1704,428.7000,424.1000,428.0000,428.0000,20.0000,85.0000,95.0000,,,,,,,,,,,,,,yahoo
CUMMINSIND,2026-09-22,5099.0000,5125.0000,5077.0000,5083.5000,27945.0000,5093.4592,5104.0000,4964.5000,4980.0000,4962.5000,,,,,,,,,60.0000,70.0000,70.0000,110.0000,135.0000,255.0000,,,yahoo
DIVISLAB,2026-09-22,9426.5000,9436.5000,9394.5000,9420.5000,27450.0000,9423.4348,9435.5000,9318.0000,9320.5000,9352.0000,,,,,,,,,15.0000,220.0000,235.0000,,,,,,yahoo
DLF,2026-09-22,666.4500,667.5000,660.3000,663.9500,161836.0000,663.7146,671.9000,659.1500,669.5000,669.5000,270.0000,275.0000,275.0000,,,,,,25.0000,,,,,,,,yahoo
DMART,2026-09-22,3794.0000,3822.2000,3774.1001,3786.5000,53405.0000,3796.1990,3829.5000,3769.5000,3777.0000,3777.0000,20.0000,20.0000,115.0000,,,,,,,,,,,,,,yahoo
DRREDDY,2026-09-22,1207.0000,1218.0000,1201.5000,1217.9000,722905.0000,1213.1377,1221.4000,1204.0000,1207.0000,1211.0000,,,,,,,,,55.0000,240.0000,255.0000,,,,,,yahoo
EICHERMOT,2026-09-22,7552.0000,7552.0000,7486.0000,7515.5000,11256.0000,7509.2139,7518.5000,7427.0000,7427.0000,7427.0000,,,,,,,,,60.0000,260.0000,325.0000,,,,,,yahoo
ENRIN,2026-09-22,3260.3999,3348.0000,3260.3999,3279.0000,118077.0000,3303.5197,3306.8000,3228.3999,3229.8000,3227.1001,5.0000,5.0000,,,,,,,155.0000,165.0000,165.0000,260.0000,330.0000,,,,yahoo
ETERNAL,2026-09-22,336.1000,338.9000,334.7500,338.7000,2628494.0000,336.9944,341.8500,335.4500,341.5000,342.0000,270.0000,275.0000,,,,,,,45.0000,65.0000,,,,,,,yahoo
GAIL,2026-09-22,173.6200,174.2500,172.6700,172.7100,3064102.0000,173.4274,173.4100,171.4000,171.8400,171.8400,,,,,,,,,205.0000,300.0000,,,,,,,yahoo
GODREJCP,2026-09-22,870.6500,871.5000,868.7000,870.9000,20352.0000,870.1671,878.8000,864.2000,878.0000,873.6000,245.0000,330.0000,,,,,,,60.0000,70.0000,,,,,,,yahoo
GRASIM,2026-09-22,3173.5000,3176.8999,3141.3000,3145.8000,27053.0000,3150.3823,3147.8000,3125.0000,3134.8999,3128.2000,,,,,,,,,185.0000,,,,,,,,yahoo
HAL,2026-09-22,4849.2002,4879.3999,4843.6001,4848.0000,58600.0000,4860.9299,4848.7998,4776.2002,4800.0000,4800.0000,,,,,,,,,30.0000,40.0000,50.0000,125.0000,,,,,yahoo
HCLTECH,2026-09-22,1278.1000,1278.1000,1249.0000,1255.8000,248574.0000,1253.1688,1286.1000,1240.3000,1273.0000,1270.4000,10.0000,100.0000,100.0000,100.0000,100.0000,275.0000,,,60.0000,65.0000,65.0000,,,,,,yahoo
HDFCAMC,2026-09-22,2441.1001,2451.2000,2435.3000,2436.3000,25617.0000,2445.6173,2449.5000,2414.3999,2428.0000,2430.0000,5.0000,,,,,,,,175.0000,250.0000,,,,,,,yahoo
HDFCBANK,2026-09-22,741.7000,748.7000,740.8500,747.8000,6523881.0000,746.7352,749.3000,740.8500,741.2500,738.6000,,,,,,,,,130.0000,250.0000,,,,,,,yahoo
HDFCLIFE,2026-09-22,561.6000,565.2500,560.9500,564.0500,136763.0000,564.4435,567.4000,559.2000,559.5000,559.2000,90.0000,,,,,,,,195.0000,260.0000,,,,,,,yahoo
HINDALCO,2026-09-22,984.1000,984.1000,977.1000,978.7000,179617.0000,979.1337,979.1000,967.1000,975.9000,973.0000,,,,,,,,,80.0000,115.0000,130.0000,,,,,,yahoo
HINDUNILVR,2026-09-22,1952.0000,1955.6000,1944.5000,1946.9000,62688.0000,1946.7898,1948.2000,1934.0000,1936.1000,1933.8000,,,,,,,,,65.0000,,,,,,,,yahoo
HINDZINC,2026-09-22,593.0000,599.8000,591.7500,599.5000,421143.0000,596.8790,599.5000,590.1500,590.5000,590.5000,,,,,,,,,20.0000,80.0000,90.0000,115.0000,260.0000,,,,yahoo
HYUNDAI,2026-09-22,2151.8000,2151.8000,2129.5000,2145.5000,39906.0000,2138.5613,2151.8999,2098.0000,2101.0000,2101.0000,,,,,,,,,10.0000,50.0000,55.0000,60.0000,150.0000,260.0000,,,yahoo
ICICIBANK,2026-09-22,1345.7000,1346.3000,1342.3000,1343.6000,386692.0000,1345.0816,1347.0000,1333.8000,1342.3000,1339.6000,,,,,,,,,115.0000,,,,,,,,yahoo
INDHOTEL,2026-09-22,748.3000,748.3000,741.4000,743.5500,65021.0000,743.0711,747.0000,735.8000,736.0000,736.2500,,,,,,,,,220.0000,225.0000,260.0000,,,,,,yahoo
INDIGO,2026-09-22,4996.0000,5001.0000,4964.0000,4972.5000,24647.0000,4978.9578,5064.0000,4943.0000,5030.0000,5030.0000,280.0000,280.0000,280.0000,290.0000,290.0000,,,,265.0000,,,,,,,,yahoo
INFY,2026-09-22,1037.7000,1038.4000,1027.1000,1030.1000,1081878.0000,1030.0245,1031.8000,1019.2000,1027.3000,1029.4000,,,,,,,,,55.0000,60.0000,65.0000,,,,,,yahoo
IOC,2026-09-22,137.6300,138.3500,136.8500,137.7900,1309569.0000,137.6626,139.2800,136.8000,137.2000,137.8000,10.0000,20.0000,25.0000,,,,,,200.0000,,,,,,,,yahoo
IRFC,2026-09-22,80.5100,80.6200,80.2100,80.4800,590270.0000,80.3901,80.4900,79.8000,80.0000,80.0000,,,,,,,,,115.0000,220.0000,,,,,,,yahoo
ITC,2026-09-22,267.5500,267.7000,266.8000,267.4500,623160.0000,267.2138,268.2500,264.8000,264.9000,265.8000,,,,,,,,,65.0000,245.0000,,,,,,,yahoo
JINDALSTEL,2026-09-22,1138.3000,1138.4000,1131.0000,1136.4000,40584.0000,1135.1767,1147.2000,1134.5000,1141.0000,1141.0000,100.0000,180.0000,,,,,,,,,,,,,,,yahoo
JIOFIN,2026-09-22,231.7400,233.0000,230.7400,233.0000,1171417.0000,231.8437,234.0000,229.3400,230.0000,230.7000,,,,,,,,,50.0000,60.0000,115.0000,185.0000,260.0000,,,,yahoo
JSWSTEEL,2026-09-22,1274.7000,1275.9000,1266.1000,1270.0000,27678.0000,1269.6707,1275.0000,1264.7000,1267.0000,1267.0000,,,,,,,,,,,,,,,,,yahoo
KOTAKBANK,2026-09-22,417.0000,417.1000,414.7500,416.0500,307615.0000,415.7663,416.7500,412.6500,413.6000,412.6500,,,,,,,,,70.0000,250.0000,,,,,,,yahoo
LODHA,2026-09-22,1154.0000,1159.2000,1142.8000,1145.1000,145246.0000,1151.3711,1151.5000,1135.5000,1143.0000,1144.0000,165.0000,,,,,,,,95.0000,115.0000,,,,,,,yahoo
LT,2026-09-22,3919.6001,3928.6001,3908.5000,3912.6001,54304.0000,3915.2075,3919.1001,3866.3999,3866.3999,3866.3999,,,,,,,,,65.0000,190.0000,255.0000,,,,,,yahoo
LTM,2026-09-22,4160.6001,4165.6001,4095.0000,4134.8999,187779.0000,4123.1796,4181.0000,4097.1001,4170.0000,4158.2998,20.0000,275.0000,290.0000,,,,,,65.0000,65.0000,,,,,,,yahoo
M&M,2026-09-22,3070.0000,3089.8000,3062.1001,3066.8000,166128.0000,3068.8729,3074.8999,3035.0000,3049.1001,3044.5000,,,,,,,,,135.0000,180.0000,195.0000,,,,,,yahoo
MARUTI,2026-09-22,12199.0000,12260.0000,12199.0000,12249.0000,12776.0000,12230.7605,12275.0000,12142.0000,12171.0000,12190.0000,,,,,,,,,50.0000,195.0000,,,,,,,yahoo
MAXHEALTH,2026-09-22,1066.4000,1067.0000,1056.7000,1058.7000,47214.0000,1058.6272,1069.0000,1050.1000,1056.5000,1056.5000,100.0000,145.0000,,,,,,,55.0000,70.0000,,,,,,,yahoo
MAZDOCK,2026-09-22,2247.8999,2249.5000,2233.2000,2234.6001,76588.0000,2239.9253,2235.2000,2196.0000,2204.0000,2204.0000,,,,,,,,,25.0000,60.0000,115.0000,220.0000,260.0000,,,,yahoo
MOTHERSON,2026-09-22,163.4900,163.7800,162.2400,162.8200,435017.0000,162.7993,163.8900,161.3100,162.3000,161.7700,135.0000,,,,,,,,45.0000,60.0000,,,,,,,yahoo
MUTHOOTFIN,2026-09-22,2863.8000,2870.0000,2853.8999,2861.3000,70366.0000,2861.5207,2866.0000,2823.0000,2831.5000,2831.5000,,,,,,,,,120.0000,145.0000,160.0000,200.0000,,,,,yahoo
NESTLEIND,2026-09-22,1382.4000,1391.4000,1377.1000,1379.0000,55557.0000,1380.8718,1383.3000,1365.5000,1366.7000,1363.9000,,,,,,,,,115.0000,235.0000,,,,,,,yahoo
NTPC,2026-09-22,326.5000,328.3500,326.5000,327.1500,119988.0000,327.0942,328.8500,325.6000,327.8000,327.8000,125.0000,,,,,,,,,,,,,,,,yahoo
ONGC,2026-09-22,235.4100,236.1600,234.0500,234.1000,667067.0000,234.6365,236.3000,233.7600,234.9800,236.1300,150.0000,160.0000,,,,,,,,,,,,,,,yahoo
PFC,2026-09-22,345.1500,345.9000,343.8000,344.1500,447879.0000,344.3661,346.5000,343.5000,344.2000,345.8000,145.0000,,,,,,,,,,,,,,,,yahoo
PIDILITIND,2026-09-22,1577.1000,1586.2000,1573.2000,1578.0000,27795.0000,1577.0147,1582.4000,1563.0000,1574.0000,1572.7000,,,,,,,,,160.0000,195.0000,,,,,,,yahoo
PNB,2026-09-22,118.2800,118.4800,117.8100,117.8500,580901.0000,118.0615,118.1100,116.7000,117.1900,117.0000,,,,,,,,,180.0000,215.0000,,,,,,,yahoo
POWERGRID,2026-09-22,267.4500,268.2500,266.5000,266.6000,229489.0000,267.2708,268.1000,266.0000,266.4000,265.9500,170.0000,,,,,,,,,,,,,,,,yahoo
RECLTD,2026-09-22,310.2500,310.5000,308.7500,309.3000,543536.0000,309.3217,309.7000,307.5000,307.6000,307.1000,,,,,,,,,260.0000,,,,,,,,yahoo
RELIANCE,2026-09-22,1249.3000,1251.9000,1245.0000,1248.6000,714373.0000,1247.1842,1251.0000,1237.7000,1244.5000,1240.4000,,,,,,,,,185.0000,250.0000,,,,,,,yahoo
SBILIFE,2026-09-22,1761.2000,1772.7000,1760.5000,1767.6000,26970.0000,1768.9996,1769.0000,1744.4000,1756.3000,1756.3000,,,,,,,,,60.0000,250.0000,330.0000,330.0000,,,,,yahoo
SBIN,2026-09-22,998.7000,999.2000,996.0000,997.1000,221359.0000,996.8586,997.8000,981.3000,985.7000,987.0000,,,,,,,,,35.0000,40.0000,60.0000,180.0000,265.0000,,,,yahoo
SHREECEM,2026-09-22,22650.0000,22650.0000,22450.0000,22495.0000,451.0000,22512.4095,22505.0000,22165.0000,22200.0000,22200.0000,,,,,,,,,60.0000,70.0000,85.0000,150.0000,,,,,yahoo
SHRIRAMFIN,2026-09-22,1014.0000,1016.5000,1009.5000,1010.6000,187888.0000,1011.6109,1015.8000,995.7000,1006.0000,1006.0000,20.0000,,,,,,,,65.0000,130.0000,155.0000,245.0000,,,,,yahoo
SIEMENS,2026-09-22,3890.8000,3953.1001,3890.8000,3923.0000,29283.0000,3934.9365,3931.5000,3850.1001,3860.5000,3858.0000,,,,,,,,,40.0000,60.0000,65.0000,200.0000,255.0000,,,,yahoo
SOLARINDS,2026-09-22,19360.0000,19600.0000,19335.0000,19515.0000,30348.0000,19499.4268,20220.0000,19500.0000,19890.0000,19890.0000,15.0000,20.0000,35.0000,45.0000,65.0000,120.0000,120.0000,145.0000,,,,,,,,,yahoo
SUNPHARMA,2026-09-22,1868.0000,1876.1000,1858.3000,1860.7000,68306.0000,1861.2412,1866.1000,1842.5000,1844.2000,1846.4000,,,,,,,,,100.0000,130.0000,,,,,,,yahoo
TATACAP,2026-09-22,343.9500,345.6000,343.9500,344.2000,79560.0000,344.4275,344.3000,340.2500,340.9000,341.3500,,,,,,,,,25.0000,50.0000,130.0000,,,,,,yahoo
TATACONSUM,2026-09-22,1003.0000,1004.5000,996.5000,997.3000,34046.0000,999.2214,1001.9000,986.1000,986.1000,984.1000,,,,,,,,,80.0000,200.0000,260.0000,,,,,,yahoo
TATAPOWER,2026-09-22,367.3500,367.9500,366.8000,367.0000,134080.0000,367.2932,370.0000,366.0000,367.2000,367.0000,200.0000,210.0000,,,,,,,,,,,,,,,yahoo
TATASTEEL,2026-09-22,183.5000,184.2200,183.2800,183.8800,1303258.0000,183.7071,185.4700,183.1000,185.0100,184.9700,165.0000,280.0000,,,,,,,,,,,,,,,yahoo
TCS,2026-09-22,2131.3000,2131.3000,2108.1001,2121.5000,275418.0000,2115.6226,2129.2000,2098.8999,2104.0000,2105.0000,,,,,,,,,55.0000,60.0000,60.0000,,,,,,yahoo
TECHM,2026-09-22,1553.7000,1553.7000,1535.0000,1544.2000,117329.0000,1541.0903,1558.6000,1530.9000,1551.8000,1551.6000,275.0000,275.0000,,,,,,,60.0000,65.0000,,,,,,,yahoo
TITAN,2026-09-22,4882.5000,4905.5000,4863.0000,4905.5000,59769.0000,4882.5365,4981.0000,4904.0000,4946.0000,4928.5000,20.0000,20.0000,25.0000,25.0000,30.0000,,,,,,,,,,,,yahoo
TMCV,2026-09-22,444.8000,452.0000,444.8000,449.0000,539810.0000,449.8669,449.5000,440.2500,440.8000,439.4000,,,,,,,,,30.0000,50.0000,50.0000,115.0000,160.0000,,,,yahoo
TMPV,2026-09-22,302.4500,302.8000,301.6500,302.0500,357541.0000,302.0935,302.4000,298.8000,298.9500,300.0500,,,,,,,,,55.0000,60.0000,325.0000,,,,,,yahoo
TORNTPHARM,2026-09-22,4965.0000,4970.5000,4938.0000,4956.5000,10559.0000,4949.8078,4974.0000,4910.5000,4935.0000,4935.0000,,,,,,,,,60.0000,275.0000,,,,,,,yahoo
TRENT,2026-09-22,2827.3000,2846.3999,2812.0000,2812.1001,68510.0000,2823.5135,2814.3000,2754.8000,2767.0000,2782.8999,,,,,,,,,60.0000,80.0000,180.0000,180.0000,190.0000,260.0000,,,yahoo
TVSMOTOR,2026-09-22,4156.0000,4185.7002,4156.0000,4180.7002,22569.0000,4171.5199,4185.8999,4134.0000,4144.5000,4140.0000,,,,,,,,,65.0000,180.0000,315.0000,,,,,,yahoo
ULTRACEMCO,2026-09-22,11115.0000,11115.0000,11050.0000,11063.0000,2655.0000,11065.3633,11141.0000,11001.0000,11001.0000,11000.0000,235.0000,,,,,,,,330.0000,,,,,,,,yahoo
UNIONBANK,2026-09-22,178.0900,178.4900,176.8000,176.9100,288458.0000,177.1015,178.5000,175.8600,178.0000,178.0000,275.0000,330.0000,,,,,,,180.0000,,,,,,,,yahoo
UNITDSPR,2026-09-22,1402.9000,1405.3000,1397.2000,1399.2000,25429.0000,1400.9406,1405.1000,1390.2000,1394.3000,1398.0000,,,,,,,,,225.0000,,,,,,,,yahoo
VBL,2026-09-22,427.1000,427.2500,424.2000,425.3000,151716.0000,425.2844,433.8000,425.0000,430.2000,430.0000,40.0000,75.0000,90.0000,95.0000,105.0000,,,,,,,,,,,,yahoo
VEDL,2026-09-22,261.0000,262.4000,260.4500,261.9500,457916.0000,261.8507,263.8500,261.2500,262.0000,263.0000,50.0000,,,,,,,,,,,,,,,,yahoo
WIPRO,2026-09-22,164.8100,165.0900,164.1400,164.1600,974023.0000,164.4981,165.6100,163.2100,165.5500,166.0000,240.0000,275.0000,,,,,,,60.0000,,,,,,,,yahoo
ZYDUSLIFE,2026-09-22,1161.7000,1173.8000,1161.6000,1170.8000,64953.0000,1169.4338,1177.9000,1160.0000,1162.3000,1162.3000,135.0000,,,,,,,,235.0000,325.0000,,,,,,,yahoo
ABB,2026-09-23,7172.0000,7172.0000,7120.0000,7137.0000,6349.0000,7135.6215,7166.0000,7077.0000,7108.0000,7120.0000,,,,,,,,,25.0000,25.0000,,,,,,,yahoo
ADANIENSOL,2026-09-23,1386.1000,1389.9000,1374.2000,1377.0000,123394.0000,1378.6434,1388.9000,1372.6000,1378.4000,1380.0000,5.0000,10.0000,,,,,,,,,,,,,,,yahoo
ADANIENT,2026-09-23,3007.3999,3014.2000,3000.2000,3003.1001,87143.0000,3006.8460,3023.8999,2980.7000,2993.2000,2993.2000,10.0000,,,,,,,,315.0000,,,,,,,,yahoo
ADANIGREEN,2026-09-23,1314.0000,1314.9000,1304.8000,1305.2000,84426.0000,1309.7131,1309.6000,1290.0000,1296.0000,1300.9000,,,,,,,,,185.0000,195.0000,235.0000,,,,,,yahoo
ADANIPORTS,2026-09-23,1800.5000,1806.6000,1797.4000,1798.1000,145791.0000,1801.9799,1808.8000,1791.5000,1802.8000,1807.3000,160.0000,,,,,,,,,,,,,,,,yahoo
ADANIPOWER,2026-09-23,207.9500,208.2500,205.6800,206.6800,2665301.0000,206.5694,206.8300,203.6200,204.8000,204.8000,,,,,,,,,20.0000,25.0000,30.0000,130.0000,,,,,yahoo
AMBUJACEM,2026-09-23,388.2500,391.3500,388.1000,391.1500,88136.0000,390.1340,392.8500,388.7000,392.2000,392.7500,,,,,,,,,30.0000,,,,,,,,yahoo
APOLLOHOSP,2026-09-23,8891.5000,8936.5000,8868.0000,8926.5000,21104.0000,8919.9819,9069.0000,8900.5000,9069.0000,9069.0000,205.0000,250.0000,260.0000,280.0000,330.0000,,,,,,,,,,,,yahoo
ASIANPAINT,2026-09-23,2461.7000,2471.8999,2455.3000,2469.0000,26070.0000,2467.1022,2470.8999,2448.3999,2451.3999,2455.0000,,,,,,,,,30.0000,315.0000,,,,,,,yahoo
AXISBANK,2026-09-23,1242.5000,1247.8000,1241.5000,1242.0000,155759.0000,1243.8542,1252.0000,1240.5000,1247.0000,1243.2000,70.0000,90.0000,,,,,,,,,,,,,,,yahoo
BAJAJ-AUTO,2026-09-23,11371.0000,11393.0000,11322.0000,11325.0000,26988.0000,11333.1376,11424.0000,11293.0000,11424.0000,11400.0000,45.0000,50.0000,,,,,,,,,,,,,,,yahoo
BAJAJFINSV,2026-09-23,1852.5000,1862.2000,1846.1000,1855.0000,48266.0000,1855.6420,1864.8000,1838.3000,1846.5000,1846.5000,30.0000,,,,,,,,225.0000,290.0000,,,,,,,yahoo
BAJAJHLDNG,2026-09-23,11232.0000,11318.0000,11201.0000,11279.0000,2757.0000,11261.5244,11409.0000,11279.0000,11404.0000,11449.0000,35.0000,100.0000,310.0000,,,,,,,,,,,,,,yahoo
BAJFINANCE,2026-09-23,1030.1000,1033.2000,1022.6000,1029.0000,1034258.0000,1030.5430,1040.9000,1029.4000,1038.6000,1043.2000,10.0000,25.0000,30.0000,,,,,,,,,,,,,,yahoo
BANKBARODA,2026-09-23,233.8100,236.7700,233.8100,236.4200,612250.0000,235.9654,237.6900,235.1000,236.7600,236.8700,285.0000,,,,,,,,30.0000,,,,,,,,yahoo
BEL,2026-09-23,397.1500,398.8500,396.6000,397.2500,374887.0000,397.0491,399.5000,395.7000,397.8000,396.0500,105.0000,,,,,,,,,,,,,,,,yahoo
BHARTIARTL,2026-09-23,1822.2000,1827.1000,1818.1000,1823.2000,194783.0000,1821.2163,1833.4000,1821.0000,1829.0000,1833.2000,275.0000,,,,,,,,,,,,,,,,yahoo
BOSCHLTD,2026-09-23,48195.0000,48260.0000,48010.0000,48110.0000,1201.0000,48157.5729,48155.0000,47605.0000,47910.0000,47955.0000,,,,,,,,,95.0000,290.0000,305.0000,,,,,,yahoo
BPCL,2026-09-23,314.7500,315.8000,312.6500,315.3000,277629.0000,314.3845,315.6000,313.6500,315.2500,315.7500,,,,,,,,,30.0000,,,,,,,,yahoo
BRITANNIA,2026-09-23,4916.0000,4937.5000,4906.0000,4933.5000,4903.0000,4931.6799,4960.0000,4933.0000,4947.0000,4929.0000,55.0000,,,,,,,,,,,,,,,,yahoo
CANBK,2026-09-23,123.2900,124.9400,123.2900,124.9100,2378517.0000,124.5189,126.3000,124.3600,126.0000,126.0000,120.0000,130.0000,200.0000,,,,,,,,,,,,,,yahoo
CGPOWER,2026-09-23,904.7000,905.0000,897.4500,898.4500,84854.0000,899.7517,902.9000,890.5000,895.8000,895.0000,,,,,,,,,20.0000,25.0000,,,,,,,yahoo
CHOLAFIN,2026-09-23,1765.0000,1783.9000,1765.0000,1775.3000,157211.0000,1777.5487,1776.6000,1765.2000,1770.0000,1774.0000,,,,,,,,,135.0000,,,,,,,,yahoo
CIPLA,2026-09-23,1382.4000,1386.6000,1379.3000,1386.3000,19669.0000,1385.1012,1386.8000,1372.0000,1376.7000,1383.0000,,,,,,,,,60.0000,95.0000,175.0000,,,,,,yahoo
COALINDIA,2026-09-23,428.0000,429.4000,424.5500,425.3500,1241546.0000,426.2930,425.8500,421.6500,423.5000,424.5500,,,,,,,,,50.0000,65.0000,,,,,,,yahoo
CUMMINSIND,2026-09-23,4976.0000,4993.0000,4976.0000,4977.5000,13358.0000,4982.1972,5053.5000,4928.0000,5010.0000,5010.0000,100.0000,100.0000,115.0000,115.0000,165.0000,,,,10.0000,10.0000,,,,,,,yahoo
DIVISLAB,2026-09-23,9345.5000,9394.5000,9312.5000,9381.5000,15245.0000,9366.8241,9624.0000,9374.0000,9624.0000,9624.0000,30.0000,35.0000,40.0000,210.0000,255.0000,275.0000,290.0000,,,,,,,,,,yahoo
DLF,2026-09-23,668.0000,676.5000,668.0000,675.4500,205625.0000,673.9576,681.0000,673.0500,674.9500,675.0000,60.0000,60.0000,,,,,,,,,,,,,,,yahoo
DMART,2026-09-23,3776.3999,3799.6001,3766.2000,3784.2000,16182.0000,3783.3250,3867.8999,3782.2000,3834.8000,3834.8000,35.0000,35.0000,35.0000,40.0000,60.0000,80.0000,,,,,,,,,,,yahoo
DRREDDY,2026-09-23,1209.9000,1216.2000,1205.9000,1213.8000,67100.0000,1213.8118,1220.4000,1208.8000,1214.4000,1211.2000,150.0000,,,,,,,,,,,,,,,,yahoo
EICHERMOT,2026-09-23,7457.0000,7475.0000,7436.0000,7437.0000,10838.0000,7453.6861,7482.5000,7414.0000,7462.0000,7470.0000,265.0000,,,,,,,,,,,,,,,,yahoo
ENRIN,2026-09-23,3246.6001,3276.7000,3236.5000,3242.3000,22279.0000,3253.9448,3250.0000,3211.6001,3218.6001,3210.0000,,,,,,,,,20.0000,25.0000,,,,,,,yahoo
ETERNAL,2026-09-23,341.7000,343.2500,340.5500,341.8500,2105040.0000,342.3392,343.5500,340.6000,342.6500,342.6500,,,,,,,,,,,,,,,,,yahoo
GAIL,2026-09-23,172.4900,172.9500,172.0500,172.6500,191513.0000,172.5973,173.6600,172.5900,173.0600,172.9500,200.0000,,,,,,,,,,,,,,,,yahoo
GODREJCP,2026-09-23,871.5000,880.7000,871.5000,879.9500,21859.0000,878.5291,883.6500,876.4000,880.6500,879.7500,,,,,,,,,,,,,,,,,yahoo
GRASIM,2026-09-23,3139.5000,3143.0000,3129.7000,3139.8000,11305.0000,3136.1267,3188.5000,3127.1001,3188.5000,3188.5000,195.0000,215.0000,265.0000,280.0000,330.0000,,,,,,,,,,,,yahoo
HAL,2026-09-23,4823.8999,4841.7998,4802.2002,4838.2002,34478.0000,4821.8297,4849.0000,4810.6001,4836.0000,4836.0000,,,,,,,,,30.0000,,,,,,,,yahoo
HCLTECH,2026-09-23,1268.7000,1279.8000,1266.6000,1271.6000,126595.0000,1271.2399,1279.0000,1250.4000,1256.7000,1256.7000,100.0000,,,,,,,,145.0000,225.0000,225.0000,295.0000,300.0000,,,,yahoo
HDFCAMC,2026-09-23,2430.0000,2440.8999,2430.0000,2437.5000,9908.0000,2436.7092,2453.3000,2435.1001,2446.8999,2448.3000,220.0000,,,,,,,,,,,,,,,,yahoo
HDFCBANK,2026-09-23,737.3500,739.4000,734.1000,737.4500,2713632.0000,736.0360,742.7500,736.9000,738.9500,737.2500,40.0000,,,,,,,,,,,,,,,,yahoo
HDFCLIFE,2026-09-23,561.9000,561.9000,556.4000,556.6000,62862.0000,557.5046,565.4000,557.2500,563.8000,561.5000,10.0000,35.0000,60.0000,60.0000,280.0000,,,,,,,,,,,,yahoo
HINDALCO,2026-09-23,982.6000,987.4000,980.9000,984.4000,603167.0000,985.1200,1003.8000,978.3000,1003.8000,1003.8000,65.0000,115.0000,120.0000,290.0000,325.0000,,,,10.0000,,,,,,,,yahoo
HINDUNILVR,2026-09-23,1941.0000,1948.7000,1937.0000,1946.0000,43827.0000,1944.6919,1952.4000,1940.1000,1950.9000,1950.0000,,,,,,,,,,,,,,,,,yahoo
HINDZINC,2026-09-23,595.8000,602.2500,595.8000,600.0500,479128.0000,600.4348,600.3500,592.8000,595.5000,595.4500,,,,,,,,,10.0000,95.0000,175.0000,,,,,,yahoo
HYUNDAI,2026-09-23,2108.3999,2108.3999,2085.0000,2093.5000,46054.0000,2091.1311,2104.7000,2077.1001,2094.1001,2095.0000,5.0000,,,,,,,,15.0000,25.0000,,,,,,,yahoo
ICICIBANK,2026-09-23,1337.9000,1344.4000,1335.0000,1335.5000,362069.0000,1337.1321,1342.7000,1333.9000,1340.0000,1340.0000,150.0000,,,,,,,,,,,,,,,,yahoo
INDHOTEL,2026-09-23,737.0000,739.9500,736.9500,738.9500,38528.0000,738.7080,744.0000,736.2500,740.9000,743.7000,70.0000,,,,,,,,,,,,,,,,yahoo
INDIGO,2026-09-23,5044.5000,5048.5000,5018.5000,5030.0000,52206.0000,5035.6315,5055.0000,5001.0000,5028.5000,5028.5000,,,,,,,,,10.0000,,,,,,,,yahoo
INFY,2026-09-23,1025.9000,1029.4000,1021.5000,1024.0000,342851.0000,1023.7457,1025.0000,1015.1000,1020.5000,1020.5000,,,,,,,,,220.0000,225.0000,,,,,,,yahoo
IOC,2026-09-23,138.2500,138.6900,137.7500,138.4600,876354.0000,138.3271,138.5500,137.1200,137.4500,138.1500,,,,,,,,,235.0000,280.0000,,,,,,,yahoo
IRFC,2026-09-23,80.1500,80.7800,80.1200,80.7600,740420.0000,80.4521,81.1500,80.3500,81.0700,81.0000,,,,,,,,,45.0000,,,,,,,,yahoo
ITC,2026-09-23,265.7500,266.5500,265.2500,266.2500,347174.0000,266.2068,271.0000,266.1000,269.9000,270.1500,35.0000,50.0000,55.0000,60.0000,305.0000,,,,,,,,,,,,yahoo
JINDALSTEL,2026-09-23,1150.3000,1160.5000,1150.3000,1156.1000,61418.0000,1157.0196,1186.8000,1153.2000,1171.5000,1175.3000,90.0000,110.0000,115.0000,115.0000,115.0000,120.0000,140.0000,,,,,,,,,,yahoo
JIOFIN,2026-09-23,230.5500,231.8700,230.5500,231.5000,576008.0000,231.4598,232.4000,231.3000,231.4500,232.1500,,,,,,,,,,,,,,,,,yahoo
JSWSTEEL,2026-09-23,1271.9000,1286.6000,1271.9000,1284.9000,86029.0000,1283.5039,1304.0000,1280.7000,1295.0000,1297.8000,115.0000,140.0000,140.0000,145.0000,,,,,,,,,,,,,yahoo
KOTAKBANK,2026-09-23,414.6500,416.1500,414.6500,415.7500,314568.0000,415.5977,417.2500,411.3500,413.0000,413.2500,,,,,,,,,205.0000,220.0000,295.0000,,,,,,yahoo
LODHA,2026-09-23,1143.3000,1163.1000,1143.3000,1157.4000,118665.0000,1157.3180,1177.4000,1151.1000,1162.5000,1162.5000,55.0000,60.0000,240.0000,245.0000,250.0000,,,,25.0000,,,,,,,,yahoo
LT,2026-09-23,3875.0000,3912.0000,3875.0000,3905.0000,55082.0000,3904.4380,3945.0000,3893.5000,3923.8999,3929.8999,90.0000,140.0000,150.0000,,,,,,,,,,,,,,yahoo
LTM,2026-09-23,4169.8999,4180.2998,4131.2998,4141.0000,29547.0000,4146.8485,4146.7002,4061.3999,4085.0000,4085.0000,,,,,,,,,130.0000,135.0000,200.0000,305.0000,320.0000,,,,yahoo
M&M,2026-09-23,3045.2000,3051.0000,3034.2000,3038.1001,158590.0000,3038.3993,3049.0000,3022.3999,3041.0000,3035.0000,,,,,,,,,30.0000,,,,,,,,yahoo
MARUTI,2026-09-23,12210.0000,12237.0000,12171.0000,12193.0000,12635.0000,12209.1687,12255.0000,12106.0000,12202.0000,12230.0000,105.0000,,,,,,,,15.0000,,,,,,,,yahoo
MAXHEALTH,2026-09-23,1056.9000,1062.9000,1053.4000,1060.1000,109578.0000,1059.1039,1067.3000,1054.5000,1054.5000,1059.9000,65.0000,,,,,,,,330.0000,,,,,,,,yahoo
MAZDOCK,2026-09-23,2212.2000,2216.0000,2205.8000,2215.3000,44465.0000,2209.4498,2221.3999,2205.7000,2211.0000,2211.5000,,,,,,,,,,,,,,,,,yahoo
MOTHERSON,2026-09-23,162.4700,163.6900,162.4700,162.9300,586582.0000,163.2616,165.1100,162.5600,164.4900,164.4000,45.0000,60.0000,70.0000,85.0000,,,,,,,,,,,,,yahoo
MUTHOOTFIN,2026-09-23,2837.3999,2855.0000,2835.0000,2837.0000,43965.0000,2841.3115,2856.5000,2814.1001,2856.5000,2856.5000,90.0000,,,,,,,,20.0000,25.0000,,,,,,,yahoo
NESTLEIND,2026-09-23,1371.6000,1372.6000,1361.9000,1366.8000,32126.0000,1366.7483,1386.0000,1366.5000,1377.5000,1387.2000,5.0000,10.0000,15.0000,75.0000,,,,,,,,,,,,,yahoo
NTPC,2026-09-23,327.3000,328.5000,327.3000,328.1000,192879.0000,328.0986,329.3000,325.9000,327.1500,326.0000,,,,,,,,,65.0000,,,,,,,,yahoo
ONGC,2026-09-23,235.0300,235.6700,234.4100,235.3200,744072.0000,235.2372,236.7000,234.8800,236.7000,236.9000,200.0000,,,,,,,,,,,,,,,,yahoo
PFC,2026-09-23,346.0000,347.6000,345.8000,347.0000,288841.0000,346.8367,349.9000,344.6000,346.7000,346.0000,140.0000,205.0000,,,,,,,30.0000,,,,,,,,yahoo
PIDILITIND,2026-09-23,1575.1000,1590.9000,1575.1000,1586.6000,25224.0000,1586.8775,1589.7000,1577.0000,1585.8000,1588.1000,,,,,,,,,165.0000,,,,,,,,yahoo
PNB,2026-09-23,116.7300,117.8000,116.7300,117.8000,1071015.0000,117.4954,118.8500,117.4500,118.2500,118.3000,170.0000,270.0000,,,,,,,,,,,,,,,yahoo
POWERGRID,2026-09-23,266.1500,267.3000,266.1500,267.1000,247970.0000,266.9352,270.8500,266.5000,270.4000,270.2000,75.0000,110.0000,135.0000,150.0000,,,,,,,,,,,,,yahoo
RECLTD,2026-09-23,308.0000,310.7500,307.8000,310.3500,861650.0000,309.4427,313.4000,308.8500,311.6000,311.5000,80.0000,90.0000,,,,,,,,,,,,,,,yahoo
RELIANCE,2026-09-23,1244.7000,1246.0000,1241.1000,1243.5000,450519.0000,1244.0343,1252.8000,1239.2000,1246.4000,1248.0000,110.0000,,,,,,,,,,,,,,,,yahoo
SBILIFE,2026-09-23,1766.3000,1766.3000,1744.7000,1745.0000,19913.0000,1748.1227,1769.3000,1745.2000,1757.9000,1760.0000,40.0000,145.0000,215.0000,270.0000,,,,,,,,,,,,,yahoo
SBIN,2026-09-23,989.0000,991.6000,988.6000,990.9000,381667.0000,990.3262,996.4000,988.6000,991.8000,994.1000,265.0000,,,,,,,,,,,,,,,,yahoo
SHREECEM,2026-09-23,22395.0000,22495.0000,22290.0000,22495.0000,1105.0000,22373.1976,22500.0000,22270.0000,22310.0000,22500.0000,,,,,,,,,25.0000,75.0000,230.0000,,,,,,yahoo
SHRIRAMFIN,2026-09-23,1014.6000,1017.8000,1010.6000,1013.5000,183790.0000,1014.9127,1014.4000,1005.6000,1006.0000,1010.8000,,,,,,,,,10.0000,325.0000,,,,,,,yahoo
SIEMENS,2026-09-23,3876.2000,3879.7000,3859.3000,3863.6001,11202.0000,3868.9754,3903.0000,3828.0000,3886.0000,3886.0000,135.0000,215.0000,230.0000,,,,,,20.0000,25.0000,,,,,,,yahoo
SOLARINDS,2026-09-23,19960.0000,20340.0000,19950.0000,20325.0000,54018.0000,20255.5391,20345.0000,19635.0000,19730.0000,19730.0000,,,,,,,,,25.0000,90.0000,90.0000,100.0000,125.0000,130.0000,130.0000,150.0000,yahoo
SUNPHARMA,2026-09-23,1848.5000,1856.5000,1845.0000,1847.5000,47976.0000,1849.2745,1869.6000,1845.2000,1866.0000,1865.0000,195.0000,210.0000,275.0000,,,,,,,,,,,,,,yahoo
TATACAP,2026-09-23,350.3000,350.5500,344.6000,345.4500,432463.0000,345.7141,350.4000,343.3000,350.1500,350.5000,15.0000,230.0000,270.0000,285.0000,,,,,90.0000,,,,,,,,yahoo
TATACONSUM,2026-09-23,988.4000,990.9000,985.1000,988.6000,27489.0000,989.1319,997.0000,985.8000,995.5000,994.3000,190.0000,285.0000,,,,,,,,,,,,,,,yahoo
TATAPOWER,2026-09-23,367.0500,368.7000,367.0500,368.4000,95974.0000,368.1696,369.8500,367.0000,367.8000,369.0000,,,,,,,,,,,,,,,,,yahoo
TATASTEEL,2026-09-23,185.3000,187.5000,185.1000,187.2500,2950309.0000,186.9146,191.4700,186.4800,190.8200,190.8200,115.0000,115.0000,140.0000,140.0000,140.0000,150.0000,,,,,,,,,,,yahoo
TCS,2026-09-23,2102.3000,2102.6001,2086.5000,2093.8999,239310.0000,2092.1458,2096.7000,2078.0000,2082.0000,2089.6001,,,,,,,,,230.0000,320.0000,,,,,,,yahoo
TECHM,2026-09-23,1542.5000,1553.0000,1542.5000,1549.4000,44815.0000,1548.2095,1558.0000,1543.5000,1554.0000,1557.0000,250.0000,,,,,,,,,,,,,,,,yahoo
TITAN,2026-09-23,4936.5000,4950.0000,4920.0000,4927.0000,42427.0000,4935.4064,4927.5000,4852.5000,4883.0000,4880.0000,,,,,,,,,30.0000,125.0000,155.0000,180.0000,190.0000,,,,yahoo
TMCV,2026-09-23,443.1000,448.2500,441.6500,441.9000,415440.0000,444.7536,451.4500,438.5500,450.8000,450.2000,185.0000,185.0000,260.0000,300.0000,310.0000,325.0000,,,25.0000,35.0000,,,,,,,yahoo
TMPV,2026-09-23,300.2000,301.5000,298.7500,301.0500,527973.0000,300.9371,302.6000,300.1000,300.5500,300.5000,105.0000,,,,,,,,,,,,,,,,yahoo
TORNTPHARM,2026-09-23,4918.5000,4934.5000,4889.5000,4925.5000,10003.0000,4922.4200,4992.0000,4912.0000,4985.0000,4985.0000,135.0000,195.0000,215.0000,280.0000,,,,,,,,,,,,,yahoo
TRENT,2026-09-23,2783.5000,2794.3000,2769.0000,2776.0000,105511.0000,2776.1543,2792.3999,2765.0000,2774.0000,2774.0000,270.0000,,,,,,,,,,,,,,,,yahoo
TVSMOTOR,2026-09-23,4153.2998,4157.8999,4124.1001,4133.5000,91805.0000,4137.8361,4162.5000,4100.3999,4127.6001,4135.0000,95.0000,,,,,,,,30.0000,305.0000,,,,,,,yahoo
ULTRACEMCO,2026-09-23,11059.0000,11135.0000,11044.0000,11127.0000,11066.0000,11103.2633,11197.0000,11069.0000,11155.0000,11155.0000,150.0000,,,,,,,,30.0000,,,,,,,,yahoo
UNIONBANK,2026-09-23,178.4600,180.4800,178.4600,179.8200,762801.0000,179.7177,180.4000,178.7700,179.1000,180.0000,,,,,,,,,10.0000,,,,,,,,yahoo
UNITDSPR,2026-09-23,1400.5000,1432.5000,1400.5000,1432.0000,80146.0000,1427.0648,1442.0000,1417.9000,1441.9000,1441.0000,315.0000,,,,,,,,30.0000,30.0000,,,,,,,yahoo
VBL,2026-09-23,430.2500,437.1000,429.8000,436.8000,818823.0000,435.2001,438.6000,434.0000,436.1500,436.1500,,,,,,,,,30.0000,,,,,,,,yahoo
VEDL,2026-09-23,263.0500,268.8000,263.0500,267.9500,1783143.0000,267.4696,271.1500,266.3000,270.2500,271.0000,80.0000,80.0000,310.0000,,,,,,10.0000,,,,,,,,yahoo
WIPRO,2026-09-23,164.9500,165.4000,164.6000,164.9700,818203.0000,164.9712,165.6900,164.1100,164.7400,164.9000,,,,,,,,,315.0000,,,,,,,,yahoo
ZYDUSLIFE,2026-09-23,1160.2000,1167.4000,1156.0000,1167.2000,24454.0000,1163.5208,1175.0000,1157.0000,1170.1000,1170.1000,25.0000,,,,,,,,140.0000,165.0000,,,,,,,yahoo
ABB,2026-09-24,7075.0000,7114.5000,7074.0000,7099.5000,14197.0000,7091.5147,7142.5000,7081.0000,7129.0000,7129.0000,65.0000,,,,,,,,,,,,,,,,yahoo
ADANIENSOL,2026-09-24,1365.3000,1367.8000,1343.4000,1349.4000,288092.0000,1353.0548,1362.4000,1335.9000,1340.0000,1340.5000,20.0000,50.0000,,,,,,,250.0000,320.0000,330.0000,,,,,,yahoo
ADANIENT,2026-09-24,2974.6001,2974.6001,2955.1001,2959.6001,74780.0000,2964.7171,2967.0000,2898.2000,2900.0000,2900.0000,,,,,,,,,90.0000,165.0000,235.0000,240.0000,245.0000,285.0000,,,yahoo
ADANIGREEN,2026-09-24,1292.0000,1301.5000,1283.5000,1289.3000,211246.0000,1292.5226,1309.6000,1279.0000,1280.0000,1280.1000,50.0000,50.0000,100.0000,100.0000,105.0000,,,,325.0000,330.0000,,,,,,,yahoo
ADANIPORTS,2026-09-24,1797.9000,1798.5000,1781.1000,1781.1000,244160.0000,1793.4420,1793.1000,1776.0000,1776.0000,1785.3000,50.0000,,,,,,,,,,,,,,,,yahoo
ADANIPOWER,2026-09-24,203.0100,203.0400,201.8300,201.9200,3662687.0000,202.3481,203.3400,198.8800,199.0900,199.4800,50.0000,,,,,,,,235.0000,240.0000,245.0000,255.0000,330.0000,,,,yahoo
AMBUJACEM,2026-09-24,388.7500,390.9000,388.2000,388.2000,62682.0000,389.8784,389.7500,382.9500,384.0000,384.1000,,,,,,,,,225.0000,240.0000,250.0000,280.0000,,,,,yahoo
APOLLOHOSP,2026-09-24,9058.5000,9058.5000,8986.5000,8986.5000,58867.0000,9025.4404,9016.5000,8888.5000,8888.5000,8888.5000,,,,,,,,,255.0000,325.0000,330.0000,,,,,,yahoo
ASIANPAINT,2026-09-24,2428.0000,2436.0000,2416.8000,2423.8999,21815.0000,2430.8853,2437.8000,2392.3000,2396.0000,2392.7000,70.0000,,,,,,,,240.0000,250.0000,275.0000,325.0000,,,,,yahoo
AXISBANK,2026-09-24,1215.0000,1217.7000,1191.0000,1197.8000,2330452.0000,1200.0789,1202.6000,1175.1000,1192.4000,1186.5000,,,,,,,,,125.0000,140.0000,155.0000,160.0000,245.0000,,,,yahoo
BAJAJ-AUTO,2026-09-24,11340.0000,11373.0000,11314.0000,11342.0000,5580.0000,11331.7054,11350.0000,11202.0000,11208.0000,11208.0000,,,,,,,,,180.0000,205.0000,245.0000,,,,,,yahoo
BAJAJFINSV,2026-09-24,1817.7000,1817.7000,1774.8000,1792.0000,234342.0000,1787.3609,1800.4000,1761.5000,1766.5000,1762.3000,,,,,,,,,115.0000,115.0000,120.0000,240.0000,250.0000,,,,yahoo
BAJAJHLDNG,2026-09-24,11308.0000,11316.0000,11210.0000,11212.0000,12381.0000,11262.0677,11244.0000,10905.0000,10905.0000,10917.0000,,,,,,,,,160.0000,180.0000,245.0000,250.0000,280.0000,305.0000,320.0000,,yahoo
BAJFINANCE,2026-09-24,1012.0000,1012.0000,976.6000,998.5000,3551499.0000,994.4570,999.9000,974.0000,982.3000,982.0000,,,,,,,,,45.0000,90.0000,140.0000,240.0000,245.0000,275.0000,,,yahoo
BANKBARODA,2026-09-24,235.0000,236.0000,234.2000,234.3000,736371.0000,234.9725,235.7500,233.7700,234.7000,234.3000,200.0000,,,,,,,,,,,,,,,,yahoo
BEL,2026-09-24,394.0500,396.6000,394.0000,395.2500,313141.0000,395.8392,398.0000,393.2500,393.2500,392.0000,125.0000,,,,,,,,270.0000,,,,,,,,yahoo
BHARTIARTL,2026-09-24,1826.9000,1828.3000,1819.0000,1819.2000,192923.0000,1821.4827,1820.7000,1797.4000,1800.8000,1795.8000,,,,,,,,,210.0000,225.0000,250.0000,,,,,,yahoo
BOSCHLTD,2026-09-24,47745.0000,47970.0000,47205.0000,47640.0000,3806.0000,47646.1968,48080.0000,47575.0000,47750.0000,47750.0000,60.0000,140.0000,,,,,,,,,,,,,,,yahoo
BPCL,2026-09-24,312.4000,313.8000,312.0000,312.0000,318441.0000,312.9180,313.0000,306.7000,307.1000,307.1000,,,,,,,,,165.0000,165.0000,270.0000,280.0000,315.0000,,,,yahoo
BRITANNIA,2026-09-24,4937.0000,4956.0000,4930.0000,4937.5000,17585.0000,4945.6755,4951.0000,4885.0000,4895.0000,4895.0000,,,,,,,,,255.0000,310.0000,320.0000,,,,,,yahoo
CANBK,2026-09-24,124.5700,125.9600,124.5700,124.8600,1125897.0000,125.3566,126.2000,124.6000,125.9000,125.9000,240.0000,295.0000,300.0000,,,,,,,,,,,,,,yahoo
CGPOWER,2026-09-24,886.2500,891.0000,886.2500,888.2000,91372.0000,888.9936,895.3000,882.0500,883.1500,886.7000,55.0000,75.0000,,,,,,,250.0000,,,,,,,,yahoo
CHOLAFIN,2026-09-24,1658.0000,1700.9000,1646.0000,1690.5000,1800203.0000,1676.7860,1712.0000,1663.7000,1681.7000,1681.7000,15.0000,15.0000,20.0000,20.0000,,,,,5.0000,245.0000,255.0000,265.0000,285.0000,,,,yahoo
CIPLA,2026-09-24,1375.5000,1384.9000,1375.1000,1380.0000,47961.0000,1380.1258,1419.0000,1367.8000,1399.0000,1399.0000,35.0000,55.0000,65.0000,130.0000,130.0000,140.0000,140.0000,,100.0000,100.0000,,,,,,,yahoo
COALINDIA,2026-09-24,421.6000,423.6000,420.3500,420.9000,835100.0000,421.5574,422.0000,418.8500,421.5000,422.0000,,,,,,,,,,,,,,,,,yahoo
CUMMINSIND,2026-09-24,4998.5000,5006.0000,4981.0000,4984.0000,19475.0000,4990.1161,5011.5000,4958.0000,4973.0000,4973.0000,65.0000,,,,,,,,255.0000,,,,,,,,yahoo
DIVISLAB,2026-09-24,9567.0000,9646.5000,9547.5000,9629.0000,84086.0000,9602.1020,9739.5000,9598.0000,9602.0000,9602.0000,65.0000,75.0000,75.0000,,,,,,,,,,,,,,yahoo
DLF,2026-09-24,667.0500,673.7000,667.0000,671.0000,375160.0000,671.4448,680.9500,670.4000,670.4000,670.4000,10.0000,15.0000,25.0000,25.0000,,,,,,,,,,,,,yahoo
DMART,2026-09-24,3806.8999,3822.2000,3780.6001,3816.2000,39772.0000,3801.7115,3832.1001,3780.1001,3787.5000,3787.5000,,,,,,,,,255.0000,265.0000,,,,,,,yahoo
DRREDDY,2026-09-24,1208.4000,1212.7000,1203.8000,1206.2000,130007.0000,1207.3469,1213.9000,1197.0000,1203.0000,1200.4000,150.0000,,,,,,,,255.0000,275.0000,,,,,,,yahoo
EICHERMOT,2026-09-24,7436.5000,7438.0000,7406.5000,7415.0000,16943.0000,7423.0559,7430.0000,7333.0000,7338.5000,7338.5000,,,,,,,,,120.0000,185.0000,280.0000,,,,,,yahoo
ENRIN,2026-09-24,3186.3999,3205.0000,3161.5000,3193.0000,40994.0000,3183.0886,3277.5000,3187.1001,3213.7000,3215.3999,50.0000,65.0000,65.0000,75.0000,75.0000,95.0000,175.0000,,,,,,,,,,yahoo
ETERNAL,2026-09-24,338.9500,341.6000,338.9500,341.0500,1126814.0000,340.7843,343.4500,334.0500,336.6500,335.5000,10.0000,,,,,,,,210.0000,245.0000,275.0000,280.0000,280.0000,285.0000,,,yahoo
GAIL,2026-09-24,172.4800,172.7400,172.0300,172.2400,324769.0000,172.3486,173.6800,171.9000,173.5800,173.8500,80.0000,315.0000,,,,,,,,,,,,,,,yahoo
GODREJCP,2026-09-24,883.9500,883.9500,877.3500,877.7500,28495.0000,879.5352,882.6000,872.0500,875.0000,875.0000,125.0000,,,,,,,,275.0000,,,,,,,,yahoo
GRASIM,2026-09-24,3151.1001,3172.3999,3151.1001,3167.2000,18076.0000,3164.4481,3202.7000,3163.1001,3163.1001,3166.5000,40.0000,55.0000,70.0000,,,,,,,,,,,,,,yahoo
HAL,2026-09-24,4807.3999,4814.0000,4777.5000,4792.3999,24929.0000,4802.3994,4846.7002,4775.1001,4777.0000,4774.2002,20.0000,60.0000,100.0000,,,,,,,,,,,,,,yahoo
HCLTECH,2026-09-24,1248.9000,1263.2000,1248.9000,1258.9000,129462.0000,1258.9561,1259.6000,1242.8000,1243.6000,1243.6000,,,,,,,,,90.0000,240.0000,250.0000,315.0000,,,,,yahoo
HDFCAMC,2026-09-24,2425.8999,2431.3000,2412.1001,2412.3000,109376.0000,2424.3375,2419.5000,2380.3000,2380.3000,2380.3000,,,,,,,,,30.0000,245.0000,265.0000,325.0000,,,,,yahoo
HDFCBANK,2026-09-24,728.8000,731.9500,726.0000,727.0000,2129759.0000,729.4335,734.8000,726.0500,729.7000,728.9000,85.0000,95.0000,95.0000,,,,,,,,,,,,,,yahoo
HDFCLIFE,2026-09-24,530.3000,535.2500,514.2500,518.6000,5601463.0000,522.6377,534.4000,518.3000,526.9000,526.9000,5.0000,10.0000,10.0000,15.0000,20.0000,65.0000,70.0000,160.0000,,,,,,,,,yahoo
HINDALCO,2026-09-24,988.0000,991.7000,984.6000,984.6000,633662.0000,987.1948,986.8000,976.6000,978.1000,982.0000,,,,,,,,,225.0000,245.0000,,,,,,,yahoo
HINDUNILVR,2026-09-24,1946.8000,1953.0000,1935.1000,1936.7000,110798.0000,1941.9052,1936.9000,1925.5000,1930.6000,1933.5000,,,,,,,,,255.0000,,,,,,,,yahoo
HINDZINC,2026-09-24,587.9500,592.8500,586.8500,589.5500,562425.0000,590.4353,594.9000,586.0000,586.8500,587.1500,40.0000,85.0000,,,,,,,330.0000,,,,,,,,yahoo
HYUNDAI,2026-09-24,2077.2000,2099.8999,2070.0000,2084.7000,44592.0000,2090.5018,2109.5000,2060.0000,2067.2000,2060.6001,50.0000,55.0000,75.0000,,,,,,235.0000,240.0000,255.0000,,,,,,yahoo
ICICIBANK,2026-09-24,1338.0000,1347.8000,1331.3000,1342.1000,881955.0000,1340.3798,1344.3000,1330.2000,1334.5000,1334.5000,,,,,,,,,35.0000,90.0000,,,,,,,yahoo
INDHOTEL,2026-09-24,736.7500,740.1000,735.0000,736.0000,209109.0000,737.5144,739.0000,727.4000,728.5000,728.8000,,,,,,,,,195.0000,245.0000,255.0000,,,,,,yahoo
INDIGO,2026-09-24,4951.0000,4963.0000,4928.5000,4948.5000,75433.0000,4945.5432,4970.5000,4875.5000,4894.5000,4890.0000,,,,,,,,,235.0000,245.0000,245.0000,280.0000,,,,,yahoo
INFY,2026-09-24,1015.0000,1022.0000,1012.2000,1013.7000,802403.0000,1016.8834,1017.0000,1005.2000,1012.5000,1014.5000,,,,,,,,,245.0000,280.0000,,,,,,,yahoo
IOC,2026-09-24,136.7000,137.4000,136.5100,137.0300,1105232.0000,136.8793,137.5000,135.5200,135.8700,136.2700,,,,,,,,,165.0000,250.0000,275.0000,,,,,,yahoo
IRFC,2026-09-24,80.1000,80.2400,79.7700,79.8600,558430.0000,79.9403,80.0600,79.4800,79.8300,79.8600,,,,,,,,,,,,,,,,,yahoo
ITC,2026-09-24,269.0000,270.1000,268.3000,269.4000,1287662.0000,269.3855,269.6500,266.8000,267.5000,268.0000,,,,,,,,,100.0000,245.0000,,,,,,,yahoo
JINDALSTEL,2026-09-24,1162.4000,1174.0000,1158.3000,1166.2000,182349.0000,1165.5409,1166.4000,1152.5000,1157.1000,1157.8000,,,,,,,,,170.0000,180.0000,245.0000,,,,,,yahoo
JIOFIN,2026-09-24,229.8300,230.5400,229.0200,229.8000,1645579.0000,229.8543,230.4500,226.7000,227.2000,227.2000,,,,,,,,,225.0000,245.0000,255.0000,280.0000,,,,,yahoo
JSWSTEEL,2026-09-24,1286.1000,1297.8000,1282.4000,1288.1000,95111.0000,1291.4532,1290.3000,1272.4000,1274.5000,1273.2000,,,,,,,,,110.0000,215.0000,220.0000,,,,,,yahoo
KOTAKBANK,2026-09-24,407.0000,410.0000,404.3500,405.3000,3428678.0000,405.5257,408.8500,404.9000,405.0000,405.0000,5.0000,10.0000,,,,,,,,,,,,,,,yahoo
LODHA,2026-09-24,1150.7000,1177.0000,1150.7000,1161.4000,215213.0000,1166.4271,1173.7000,1155.9000,1162.8000,1158.0000,10.0000,150.0000,190.0000,,,,,,,,,,,,,,yahoo
LT,2026-09-24,3885.8000,3907.0000,3884.0000,3884.8999,116410.0000,3894.8884,3891.8999,3849.0000,3866.0000,3858.3999,,,,,,,,,165.0000,255.0000,,,,,,,yahoo
LTM,2026-09-24,4032.1001,4088.0000,4032.1001,4076.2000,30354.0000,4073.4599,4086.1001,4031.3999,4038.0000,4038.0000,,,,,,,,,20.0000,240.0000,245.0000,,,,,,yahoo
M&M,2026-09-24,3021.3000,3025.5000,3009.7000,3013.8999,203563.0000,3016.4120,3039.0000,2985.2000,2990.0000,2982.7000,85.0000,95.0000,,,,,,,240.0000,255.0000,,,,,,,yahoo
MARUTI,2026-09-24,12157.0000,12181.0000,12103.0000,12114.0000,20889.0000,12136.1606,12157.0000,11976.0000,11990.0000,11990.0000,,,,,,,,,240.0000,250.0000,320.0000,,,,,,yahoo
MAXHEALTH,2026-09-24,1042.2000,1055.8000,1034.5000,1043.2000,688193.0000,1042.8598,1051.0000,1040.5000,1042.8000,1046.0000,30.0000,,,,,,,,,,,,,,,,yahoo
MAZDOCK,2026-09-24,2204.5000,2204.5000,2192.1001,2195.3999,41606.0000,2197.9874,2221.8000,2189.8000,2202.0000,2202.0000,65.0000,75.0000,205.0000,,,,,,,,,,,,,,yahoo
MOTHERSON,2026-09-24,163.1000,164.4600,162.7200,163.9100,1040032.0000,163.8983,164.8000,162.5000,162.5000,162.5000,200.0000,,,,,,,,330.0000,330.0000,,,,,,,yahoo
MUTHOOTFIN,2026-09-24,2824.3000,2839.0000,2808.1001,2829.1001,84520.0000,2828.2616,2853.1001,2818.0000,2824.5000,2825.3000,15.0000,25.0000,,,,,,,,,,,,,,,yahoo
NESTLEIND,2026-09-24,1382.8000,1384.3000,1373.2000,1375.0000,116810.0000,1379.0675,1375.4000,1350.3000,1351.0000,1351.0000,,,,,,,,,85.0000,190.0000,240.0000,265.0000,310.0000,,,,yahoo
NTPC,2026-09-24,326.7500,326.7500,325.8000,326.1500,267627.0000,326.2224,327.7000,324.4500,326.6000,326.6000,,,,,,,,,255.0000,,,,,,,,yahoo
ONGC,2026-09-24,235.6100,237.5000,235.4300,236.1300,1158492.0000,236.1560,236.8000,235.2300,236.4400,239.0000,,,,,,,,,,,,,,,,,yahoo
PFC,2026-09-24,344.4000,344.4000,341.7000,342.9500,916342.0000,342.4908,343.9500,338.0500,339.3500,339.3500,,,,,,,,,135.0000,180.0000,225.0000,250.0000,,,,,yahoo
PIDILITIND,2026-09-24,1568.4000,1578.7000,1565.6000,1566.5000,55195.0000,1572.8977,1569.8000,1517.5000,1527.0000,1522.0000,,,,,,,,,10.0000,25.0000,105.0000,140.0000,145.0000,175.0000,225.0000,250.0000,yahoo
PNB,2026-09-24,117.7200,118.6700,117.5000,117.5000,2798196.0000,118.0374,118.0100,117.1000,117.3500,117.1200,,,,,,,,,,,,,,,,,yahoo
POWERGRID,2026-09-24,269.0000,270.2000,267.8500,267.8500,782896.0000,268.8843,269.1500,265.7500,266.4000,266.4000,,,,,,,,,185.0000,255.0000,,,,,,,yahoo
RECLTD,2026-09-24,310.3000,310.3000,308.1000,308.8000,209132.0000,308.8822,310.1500,307.2500,307.7000,308.2500,,,,,,,,,280.0000,,,,,,,,yahoo
RELIANCE,2026-09-24,1236.0000,1241.2000,1236.0000,1238.7000,937159.0000,1239.4672,1239.9000,1219.6000,1220.9000,1219.2000,,,,,,,,,115.0000,165.0000,240.0000,250.0000,325.0000,,,,yahoo
SBILIFE,2026-09-24,1703.5000,1787.7000,1703.5000,1783.9000,842414.0000,1767.1628,1791.4000,1750.7000,1755.0000,1755.0000,,,,,,,,,25.0000,25.0000,25.0000,55.0000,90.0000,,,,yahoo
SBIN,2026-09-24,984.0000,992.0000,984.0000,986.2000,1120953.0000,988.3534,990.3000,975.9000,978.5000,978.5000,,,,,,,,,225.0000,245.0000,280.0000,,,,,,yahoo
SHREECEM,2026-09-24,22265.0000,22620.0000,22170.0000,22425.0000,3409.0000,22451.9830,22705.0000,22325.0000,22350.0000,22350.0000,5.0000,25.0000,25.0000,,,,,,,,,,,,,,yahoo
SHRIRAMFIN,2026-09-24,998.7000,1003.6000,983.5000,999.3000,729321.0000,995.1227,1007.8000,988.7000,990.8000,990.0000,15.0000,20.0000,,,,,,,240.0000,245.0000,255.0000,,,,,,yahoo
SIEMENS,2026-09-24,3854.5000,3854.5000,3826.7000,3834.8999,13753.0000,3840.4560,3878.3000,3825.0000,3852.0000,3841.8000,55.0000,120.0000,130.0000,,,,,,,,,,,,,,yahoo
SOLARINDS,2026-09-24,19550.0000,19860.0000,19470.0000,19655.0000,23033.0000,19727.2322,19840.0000,19480.0000,19480.0000,19480.0000,25.0000,55.0000,,,,,,,320.0000,330.0000,,,,,,,yahoo
SUNPHARMA,2026-09-24,1863.1000,1879.9000,1859.9000,1868.9000,115572.0000,1872.0233,1871.6000,1848.5000,1851.0000,1849.9000,,,,,,,,,135.0000,225.0000,265.0000,,,,,,yahoo
TATACAP,2026-09-24,347.0500,347.0500,340.1500,341.4000,382518.0000,342.2472,342.2000,333.1500,336.2000,336.2500,,,,,,,,,35.0000,40.0000,155.0000,155.0000,245.0000,285.0000,,,yahoo
TATACONSUM,2026-09-24,989.4000,992.0000,985.6000,986.5000,58890.0000,988.7917,989.6000,983.0000,984.0000,986.3000,,,,,,,,,,,,,,,,,yahoo
TATAPOWER,2026-09-24,365.8000,366.7500,365.5500,365.5500,116284.0000,366.1523,367.4500,363.0000,363.0000,363.4500,75.0000,,,,,,,,250.0000,,,,,,,,yahoo
TATASTEEL,2026-09-24,188.6000,191.8000,188.6000,190.7000,4032305.0000,190.3151,191.0500,187.7300,188.1000,188.0200,,,,,,,,,30.0000,110.0000,240.0000,250.0000,320.0000,,,,yahoo
TCS,2026-09-24,2068.7000,2093.5000,2068.7000,2085.6001,301277.0000,2085.3404,2096.8999,2069.0000,2073.6001,2087.0000,145.0000,,,,,,,,245.0000,290.0000,,,,,,,yahoo
TECHM,2026-09-24,1544.9000,1575.8000,1544.9000,1567.0000,255399.0000,1566.9208,1569.7000,1544.7000,1549.6000,1543.0000,,,,,,,,,40.0000,175.0000,225.0000,245.0000,,,,,yahoo
TITAN,2026-09-24,4873.0000,4892.0000,4860.0000,4882.0000,19735.0000,4878.0398,4910.0000,4830.0000,4831.0000,4832.5000,70.0000,,,,,,,,230.0000,240.0000,305.0000,,,,,,yahoo
TMCV,2026-09-24,447.3000,455.8500,446.6000,446.9000,913403.0000,449.9140,447.8500,436.5500,437.1000,437.5500,,,,,,,,,110.0000,145.0000,170.0000,255.0000,265.0000,320.0000,,,yahoo
TMPV,2026-09-24,299.3000,300.4000,298.6500,299.1500,497825.0000,299.6430,300.8500,295.0000,295.5500,295.0000,55.0000,,,,,,,,220.0000,235.0000,255.0000,330.0000,,,,,yahoo
TORNTPHARM,2026-09-24,4992.5000,5010.0000,4957.0000,4988.5000,27277.0000,4987.6404,4992.0000,4919.0000,4919.0000,4928.5000,,,,,,,,,10.0000,10.0000,225.0000,250.0000,,,,,yahoo
TRENT,2026-09-24,2765.0000,2767.3000,2751.0000,2756.8999,29895.0000,2759.7937,2764.3000,2700.0000,2700.0000,2700.0000,,,,,,,,,125.0000,225.0000,245.0000,280.0000,290.0000,325.0000,,,yahoo
TVSMOTOR,2026-09-24,4097.0000,4123.0000,4085.3999,4107.2998,28511.0000,4111.2860,4115.0000,4057.2000,4093.1001,4091.0000,,,,,,,,,5.0000,40.0000,180.0000,,,,,,yahoo
ULTRACEMCO,2026-09-24,11097.0000,11170.0000,11064.0000,11127.0000,12059.0000,11141.5076,11192.0000,11056.0000,11056.0000,11056.0000,55.0000,,,,,,,,330.0000,,,,,,,,yahoo
UNIONBANK,2026-09-24,176.8000,180.1000,176.8000,177.6800,554392.0000,178.6178,179.5600,177.4100,179.4500,179.4500,80.0000,295.0000,310.0000,,,,,,,,,,,,,,yahoo
UNITDSPR,2026-09-24,1430.0000,1436.9000,1426.0000,1435.6000,8668.0000,1434.3490,1441.9000,1422.1000,1423.3000,1423.3000,,,,,,,,,255.0000,290.0000,,,,,,,yahoo
VBL,2026-09-24,431.8500,436.6000,431.2500,431.4000,398645.0000,434.2360,435.9500,428.9000,429.1000,431.2500,35.0000,35.0000,200.0000,,,,,,330.0000,,,,,,,,yahoo
VEDL,2026-09-24,266.5500,269.3500,266.5500,266.8000,568241.0000,267.8090,268.1000,264.2500,264.9500,267.5000,,,,,,,,,240.0000,245.0000,,,,,,,yahoo
WIPRO,2026-09-24,164.2200,164.8800,163.9500,164.2900,596017.0000,164.5126,165.6000,163.4000,163.6400,163.6400,80.0000,85.0000,,,,,,,280.0000,,,,,,,,yahoo
ZYDUSLIFE,2026-09-24,1163.8000,1177.9000,1162.9000,1171.8000,46569.0000,1171.2369,1190.6000,1165.2000,1180.3000,1180.3000,105.0000,105.0000,105.0000,290.0000,300.0000,,,,45.0000,,,,,,,,yahoo
