tree
version=v4
num_class=1
num_tree_per_iteration=1
label_index=0
max_feature_idx=81
objective=regression
feature_names=Column_0 Column_1 Column_2 Column_3 Column_4 Column_5 Column_6 Column_7 Column_8 Column_9 Column_10 Column_11 Column_12 Column_13 Column_14 Column_15 Column_16 Column_17 Column_18 Column_19 Column_20 Column_21 Column_22 Column_23 Column_24 Column_25 Column_26 Column_27 Column_28 Column_29 Column_30 Column_31 Column_32 Column_33 Column_34 Column_35 Column_36 Column_37 Column_38 Column_39 Column_40 Column_41 Column_42 Column_43 Column_44 Column_45 Column_46 Column_47 Column_48 Column_49 Column_50 Column_51 Column_52 Column_53 Column_54 Column_55 Column_56 Column_57 Column_58 Column_59 Column_60 Column_61 Column_62 Column_63 Column_64 Column_65 Column_66 Column_67 Column_68 Column_69 Column_70 Column_71 Column_72 Column_73 Column_74 Column_75 Column_76 Column_77 Column_78 Column_79 Column_80 Column_81
feature_infos=[-0.062088999897241592:0.11504700034856796] [-0.11149699985980988:0.12835800647735596] [-1:1] [-0.081061996519565582:0.051552001386880875] [1.546720027923584:28.3704833984375] [0:0.83333301544189453] [-0.028457000851631165:0.027414999902248383] [0:1] [-0.042164001613855362:0.043588001281023026] [0.0057172086089849472:0.47293302416801453] [-0.36001697182655334:0.46201157569885254] [-1:1] [0:1] [0:1] [-0.50599998235702515:1.2970000505447388] [-0.79670000076293945:2.1860001087188721] [-0.81319999694824219:24.639999389648438] [3.9030001163482666:99.989997863769531] [-0.73680001497268677:1.6310000419616699] [-0.77389997243881226:7.0240001678466797] [-0.91420000791549683:0] [0.00081489997683092952:4.0180001258850098] [-0.53280001878738403:1.5440000295639038] [0.0022179998923093081:5.8680000305175781] [-0.26850000023841858:2.9319999217987061] [-0.3799000084400177:0.36430001258850098] [0.050769999623298645:0.87889999151229858] [9.1499996185302734:83.610000610351562] [0.0039679999463260174:1] [-4:4] [0.05534999817609787:0.90539997816085815] [0.32490000128746033:2.5850000381469727] [-0.26179999113082886:0.52819997072219849] [-0.11980000138282776:0.095150001347064972] [-0.12319999933242798:0.12160000205039978] [-0.35749998688697815:1.156000018119812] [-0.12399999797344208:0.1023000031709671] [-0.13220000267028809:0.090819999575614929] [-0.026590000838041306:0.043880000710487366] [-0.55330002307891846:0.99029999971389771] [-0.039098739624023438:0.023975903168320656] [-0.94942587614059448:0.69109630584716797] [5.407468051998876e-05:0.44297224283218384] [-0.90016281604766846:9.473414421081543] [-0.17408907413482666:0.2277580052614212] [-0.89964240789413452:9.4935169219970703] [0:19.30915641784668] [-59.313907623291016:404.22930908203125] [-5.952430248260498:7.989593505859375] [-0.14687499403953552:1] [-0.080550946295261383:0.073985621333122253] [8.9203458628617227e-05:96.041580200195312] [0.00031769918859936297:1254.5347900390625] [-0.029737390577793121:0.025568626821041107] [-0.084868215024471283:0.037972953170537949] [0.018604651093482971:0.96108949184417725] [-0.1676144003868103:0.20218938589096069] [-0.90268170833587646:9.4715280532836914] [0.0061233546584844589:0.054694462567567825] [0.10559580475091934:27.941278457641602] [0.0038759689778089523:1] [0.0038759689778089523:1] [0.0038759689778089523:1] [0.0038759689778089523:1] [0.0038759689778089523:1] [0.0038759689778089523:1] [0.0039215688593685627:1] [-0.068778954446315765:0.059377908706665039] [-0.6641506552696228:0.52342545986175537] [0:1] [-0.17135186493396759:0.20153720676898956] [-0.90302252769470215:9.472050666809082] [-0.070965729653835297:0.060694672167301178] [0:6] [0:1] [0:1] [0:24] [0:1] [0:0.22986266016960144] [0:3372] [0:10] [0:1]
tree_sizes=1539 1672 1642 1661 1652 1661 1659 1649 1653 1662 1658 1662 1640 1660 1651 1634 1655 1659 1664 1641 1658 1643 1651 1661 1652 1648 1655 1651 1644 1645 1644 1662 1675 1655 1642 1644 1658 1658 1662 1655 1649 1647 1666 1629 1648 1654 1640 1646 1650 1656 1651 1650 1648 1640 1649 1633 1652 1642 1634 1635 1651 1652 1650 1643 1640 1652 1653 1633 1648 1650 1649 1648 1655 1656 1646 1635 1642 1645 1631 1633

Tree=0
num_leaves=15
num_cat=0
split_feature=45 21 18 24 54 32 68 45 16 55 21 27 54 49
split_gain=74.4855 23.4076 12.4018 11.7467 6.65672 5.47813 4.75657 4.39879 3.94797 4.55149 3.73138 3.30779 2.74613 2.70367
threshold=-1.0000000180025095e-35 0.28855000436306005 0.09571500122547151 0.95985001325607311 0.0033285544486716394 inf -4.5838458390790031e-05 0.0046155147720128306 0.10944999754428865 0.33170697093009954 0.18515000492334369 26.744999885559086 0.0055161800701171168 0.098486281931400313
decision_type=2 8 8 8 2 8 2 2 10 2 10 8 2 10
left_child=3 6 4 8 -3 -6 -2 -4 9 -1 -8 -7 -12 -5
right_child=1 2 7 13 5 11 10 -9 -10 -11 12 -13 -14 -15
leaf_value=0.5026887761726998 0.50169786658096505 0.50157517427058274 0.50169121088264679 0.50276446723629176 0.50227550632224871 0.50124924689640282 0.50260877699276529 0.50095647255036824 0.50264449223596519 0.50321632003421279 0.50210472789905358 0.50269297552253422 0.5025997840147729 0.50236722800431843
leaf_weight=21713.5 14007 49973 10146 19416 32621 8716 24609 26560 32600 45776 63454 1705 11985 74880
leaf_count=21713 14007 49972 10146 19416 32621 8716 24609 26560 32600 45772 63451 1705 11985 74876
internal_value=0.502251 0.501902 0.501626 0.502689 0.501811 0.502084 0.502216 0.501159 0.502916 0.503047 0.502288 0.501486 0.502183 0.502449
internal_weight=438162 243776 129721 194386 93015 43042 114055 36706 100090 67489.5 100048 10421 75439 94296
internal_count=438149 243772 129720 194377 93014 43042 114052 36706 100085 67485 100045 10421 75436 94292
is_linear=0
shrinkage=1


Tree=1
num_leaves=15
num_cat=0
split_feature=45 9 19 19 9 54 54 3 9 58 12 11 51 20
split_gain=66.7331 28.5691 10.5262 8.28341 7.62584 5.99621 5.13209 4.94357 4.5117 3.38179 3.36774 3.77104 3.97592 3.03971
threshold=-1.0000000180025095e-35 0.031677035614848144 0.16324999928474429 0.29954999685287481 0.022326068952679638 0.0022920132614672188 0.0039255458395928153 -0.0038144999416545029 0.04175043664872647 0.01047715498134494 0.41860495507717138 -0.23606973886489865 0.23549339920282367 -0.26874999701976771
decision_type=2 10 8 10 8 2 2 10 10 2 10 8 10 10
left_child=3 4 6 7 -2 -6 9 10 -4 -3 11 13 -13 -1
right_child=1 2 8 -5 5 -7 -8 -9 -10 -11 -12 12 -14 -15
leaf_value=0.00010312588059304628 0.00027270008618939098 -0.00099092424908918137 -0.00076221739827358613 -0.00015816363272749478 -0.00047114467007879042 2.1532093751403704e-05 -0.00013114233031390226 0.00020143174071851342 -0.001371959179450506 -0.00042273345999433283 0.00029810974158255119 0.00093324274668284027 6.2875999889755937e-05 0.00062108311895276282
leaf_weight=14315.5 45897 16917 22866 20431 40810.5 48832 26527 43003.5 20954 21318 30809 44667.5 5283 35462.5
leaf_count=14315 45895 16917 22866 20431 40810 48832 26527 42995 20954 21318 30809 44667 5283 35462
internal_value=-2.20387e-06 -0.000332247 -0.000694829 0.000413167 -4.17646e-05 -0.000202777 -0.000451802 0.000480432 -0.00105391 -0.000674225 0.000572333 0.00065703 0.000841204 0.000472151
internal_weight=438094 244122 108582 193972 135540 89642.5 64762 173541 43820 38235 130538 99728.5 49950.5 49778
internal_count=438081 244119 108582 193962 135537 89642 64762 173531 43820 38235 130536 99727 49950 49777
is_linear=0
shrinkage=0.03


Tree=2
num_leaves=15
num_cat=0
split_feature=45 79 9 24 19 19 9 54 21 8 66 54 19 26
split_gain=63.1284 30.3831 18.9532 10.3232 10.2369 5.56863 5.32465 4.20065 3.94687 3.89479 3.40535 3.22618 2.93417 2.85259
threshold=-1.0000000180025095e-35 636.50000000000011 0.024448523297905925 0.95985001325607311 0.024825000204145912 0.15625000000000003 0.036471838131546981 0.0049105600919574508 0.47544999420642858 0.001348500023595989 0.95359739661216747 0.0024841974955052142 0.34184999763965612 0.18534999340772632
decision_type=2 8 10 8 8 10 10 2 10 8 8 2 10 8
left_child=3 2 -2 5 11 9 7 -6 -3 -1 -8 -4 -5 -10
right_child=1 8 4 12 6 -7 10 -9 13 -11 -12 -13 -14 -15
leaf_value=0.00034147951267487657 0.00024663869369523426 -0.0010546751900568578 -0.0003216772448316115 0.00022873336893018608 -0.00053008156701829067 0.00025801323789006108 -0.00074376010682100397 9.626898015589878e-05 -0.0022715272862734721 0.00087351319381558177 -0.0015844252148733587 0.00011620594283816826 -0.00038552970429358907 -0.00079807332295096756
leaf_weight=15893.5 61409 21821 26998 86281 45074 28044 30520 12255 4766 56216 5057 34474 7612 1582
leaf_count=15890 61406 21821 26998 86277 45074 28044 30519 12255 4766 56215 5057 34474 7612 1582
internal_value=1.098e-06 -0.000320112 -0.000199134 0.000404922 -0.000376457 0.000616781 -0.000575163 -0.000396192 -0.00124666 0.000756281 -0.00086346 -7.61193e-05 0.000178917 -0.00190524
internal_weight=438002 243956 215787 194046 154378 100154 92906 57329 28169 72109.5 35577 61472 93893 6348
internal_count=437990 243952 215783 194038 154377 100149 92905 57329 28169 72105 35576 61472 93889 6348
is_linear=0
shrinkage=0.03


Tree=3
num_leaves=15
num_cat=0
split_feature=61 9 43 30 79 18 71 16 2 19 9 57 54 61
split_gain=35.1407 18.628 18.0642 13.4552 7.86308 7.17004 5.01615 4.81046 4.37958 5.95908 4.18897 3.88893 3.40159 3.27871
threshold=0.63180866837501537 0.036173895001411445 0.0074074815493077048 0.55185002088546764 72.500000000000014 0.09271500259637834 -0.0053832614794373504 -0.099514998495578752 -1.0000000180025095e-35 0.17294999957084659 0.023452146910130981 0.01235010474920273 0.0029022030066698794 0.96844476461410534
decision_type=2 10 2 10 8 8 2 8 10 10 10 2 2 2
left_child=2 4 3 8 10 11 -3 -8 9 -1 -2 -4 -12 -9
right_child=1 6 5 -5 -6 -7 7 13 -10 -11 12 -13 -14 -15
leaf_value=0.00038765783503394983 0.00023994580970627315 -0.00025790232958963896 4.8181978123173593e-05 0.00073949317259961009 -0.00078579123074627028 -0.00090846577650668307 -0.00036735171242231941 -0.0010340129307390691 -0.00014318847586869944 -4.9584934908974305e-05 -0.00034190748708988293 -0.00068898458107040502 0.00011211832486113586 -0.0019279519189851694
leaf_weight=99892.5 33051.5 11018 33745 54112 14384 12623 8916 26562 28530.5 39005 40613 7955 23408 4295
leaf_count=99892 33047 11018 33745 54107 14384 12623 8916 26561 28527 39005 40613 7955 23408 4295
internal_value=2.00013e-06 -0.000348336 0.000208051 0.000328263 -0.000131324 -0.00028218 -0.00082449 -0.000981396 0.000195337 0.000264875 -3.43108e-05 -9.25111e-05 -0.000175906 -0.00115873
internal_weight=438110 162248 275863 221540 111456 54323 50791 39773 167428 138898 97072.5 41700 64021 30857
internal_count=438096 162242 275854 221531 111452 54323 50790 39772 167424 138897 97068 41700 64021 30856
is_linear=0
shrinkage=0.03


Tree=4
num_leaves=15
num_cat=0
split_feature=45 9 79 18 24 79 9 54 54 9 21 3 46 62
split_gain=58.8735 28.3336 9.77329 9.65386 9.13287 7.15604 6.36239 5.53617 4.36322 3.82245 3.4863 2.95654 2.66906 2.50525
threshold=-1.0000000180025095e-35 0.034054588526487357 814.50000000000011 0.070284999907016768 1.0214999914169314 719.50000000000011 0.021673553623259071 0.0028640930540859704 0.0049977451562881478 0.048906661570072181 0.31405000388622289 -0.00040950000402517611 0.98830759525299083 0.68672114610672008
decision_type=2 10 8 8 8 8 10 2 2 10 10 10 10 2
left_child=4 2 6 5 10 8 -2 -8 -3 -5 11 -1 -12 -4
right_child=1 3 13 9 -6 -7 7 -9 -10 -11 12 -13 -14 -15
leaf_value=0.00077322554099067467 0.00033373715611972155 -0.00054688307824305533 -0.00050714016725095755 -0.0009208470975054573 0.00014956822674071847 -0.0013129116263826434 -0.00032385299047396664 0.00011213587024465773 7.411941409350219e-05 -0.0016056874685834647 0.00026842303189516956 0.00025741509465402056 0.0012997684773632147 -0.0013981914704889939
leaf_weight=60418 37835 31902 6302 23898 83303.5 8126 56006.5 49265 14954 10606 35796 11992.5 2406 5178
leaf_count=60417 37835 31902 6302 23898 83299 8126 56006 49265 14954 10606 35796 11992 2406 5178
internal_value=-3.38678e-06 -0.000313409 -6.74766e-05 -0.000738229 0.000386821 -0.000491315 9.82209e-08 -0.000119823 -0.000348705 -0.00113156 0.000565485 0.000687822 0.00033354 -0.000909478
internal_weight=437988 244072 154586 89486 193916 54982 143106 105272 46856 34504 110612 72410.5 38202 11480
internal_count=437982 244072 154586 89486 193910 54982 143106 105271 46856 34504 110611 72409 38202 11480
is_linear=0
shrinkage=0.03


Tree=5
num_leaves=15
num_cat=0
split_feature=45 9 79 9 79 30 16 19 3 46 59 19 12 20
split_gain=55.243 24.3554 10.3519 8.1826 7.99277 7.86225 7.13181 4.64053 6.25288 3.61532 3.59437 3.40838 3.1746 3.04407
threshold=-1.0000000180025095e-35 0.036173895001411445 71.500000000000014 0.022326068952679638 543.50000000000011 0.55185002088546764 0.073414999991655364 0.24964999407529834 -8.1499998486833633e-05 0.57272484898567211 2.6660374402999882 0.024825000204145912 0.53133252263069164 -0.062385000288486474
decision_type=2 10 8 10 8 10 8 10 10 10 10 8 8 8
left_child=5 2 3 -2 6 7 -3 8 12 -8 -7 -5 -1 -6
right_child=1 4 -4 11 13 10 9 -9 -10 -11 -12 -13 -14 -15
leaf_value=0.00051350192692074825 0.0003512523318282195 -0.00027315876474063542 -0.00068341840475451808 6.0731636683662503e-05 -0.0016335500606535942 0.00081362345697306787 -0.00072878515395886066 -0.0001111134890984958 -0.0001018024817484089 -0.0014732398701843756 5.8436700972842604e-05 -0.00028868526449849863 1.200363612394297e-05 -0.00061787371558905992
leaf_weight=85597.5 41049.5 30007 23721 41948.5 10929 41405 22143 24285 23051.5 7998 6573.5 62636 13099 3519
leaf_count=85597 41047 30007 23721 41948 10929 41401 22142 24285 23048 7998 6573 62636 13099 3519
internal_value=-8.0668e-07 -0.000301276 -0.000102326 -7.65688e-06 -0.000752914 0.000377003 -0.000600627 0.000267521 0.000343048 -0.00092654 0.000710173 -0.000148539 0.000446947 -0.00138647
internal_weight=437962 243951 169355 145634 74596 194012 60148 146033 121748 30141 47978.5 104584 98696.5 14448
internal_count=437950 243947 169352 145631 74595 194003 60147 146029 121744 30140 47974 104584 98696 14448
is_linear=0
shrinkage=0.03


Tree=6
num_leaves=15
num_cat=0
split_feature=45 9 24 16 9 54 54 9 45 9 63 46 54 55
split_gain=52.7222 19.6573 9.43232 8.01337 7.07395 5.84151 4.84128 4.62454 5.62615 3.54976 3.3362 3.2856 3.27808 3.24403
threshold=0.00076083382009528588 0.036173895001411445 0.98414999246597301 0.096215002238750472 0.023960452526807789 0.0029022030066698794 0.0093457233160734194 0.022111264988780025 -0.0038162788841873403 0.047986581921577461 0.21330174058675769 0.98830759525299083 0.00020934978238074112 0.47651778161525732
decision_type=2 10 10 8 10 2 2 10 2 10 2 10 2 2
left_child=2 4 7 6 12 -6 13 -1 10 -5 -9 -12 -2 -3
right_child=1 3 -4 9 5 -7 -8 8 -10 -11 11 -13 -14 -15
leaf_value=0.00086782245430460498 -0.00032923040882481755 -0.00092999476519598162 0.00012035327865827558 -0.00082209654856574483 -0.0004899170463150091 -3.4289571653877355e-05 0.00044678950298646493 0.00086821762339698444 9.7181777667086966e-05 -0.001454300430688559 0.00032654845450539422 0.0013962353057999045 0.00025910805725863764 -0.00030344669855610355
leaf_weight=27423.5 10485 12271 91176.5 22540 52779 48683 5096 23930.5 31249 12412 32961 2800 45466 18889
leaf_count=27422 10482 12271 91171 22539 52779 48683 5096 23930 31249 12412 32960 2800 45466 18889
internal_value=5.9634e-06 -0.000309082 0.000349695 -0.000722664 -0.000121975 -0.000271313 -0.000410106 0.000526346 0.00042333 -0.00104678 0.000594049 0.000410486 0.000148836 -0.000550295
internal_weight=438162 228621 209540 71208 157413 101462 36256 118364 90940.5 34952 59691.5 35761 55951 31160
internal_count=438149 228617 209532 71207 157410 101462 36256 118361 90939 34951 59690 35760 55948 31160
is_linear=0
shrinkage=0.03


Tree=7
num_leaves=15
num_cat=0
split_feature=45 9 30 9 17 32 26 19 0 19 24 63 9 58
split_gain=50.8802 21.9149 8.59405 7.73784 7.25375 4.25891 4.2516 4.02884 4.96432 4.02422 4.01236 3.7563 3.49173 3.43197
threshold=0.00076083382009528588 0.036624031141400344 0.55185002088546764 0.022326068952679638 52.104999542236335 0.079295001924037947 0.18534999340772632 0.20564999431371692 0.004800500115379692 0.024825000204145912 0.95985001325607311 0.28250804543495184 0.048429565504193313 0.011911304201930763
decision_type=2 10 10 10 8 8 10 10 8 8 8 2 10 2
left_child=2 3 7 -2 -3 9 12 8 -1 -5 -10 -4 -6 -13
right_child=1 4 11 5 6 -7 -8 -9 10 -11 -12 13 -14 -15
leaf_value=-2.4162401663141576e-05 0.00023507614922112775 -0.00042253569428661548 0.0010015975575641109 9.3724747206949105e-05 -0.0010066176297035192 -0.00058023956528545904 -0.00049813774757385455 -6.1158877110448331e-05 0.00063579630640131512 -0.00030902953693917975 0.00023995262557641194 0.0006505032638348012 -0.0017430909081476876 -6.7516124862373786e-05
leaf_weight=30382 41954.5 31587 19630 37822.5 18902 25762 9582 33706 41775 54490 51419 24662 8378 7912
leaf_count=30379 41952 31587 19627 37822 18902 25762 9582 33706 41775 54490 51419 24661 8378 7912
internal_value=2.58776e-06 -0.000307031 0.000340276 -0.000114867 -0.000756257 -0.000239214 -0.00104213 0.000229561 0.000308855 -0.000144016 0.000417417 0.000673788 -0.00123307 0.000476118
internal_weight=437964 228478 209486 160029 68449 118074 36862 157282 123576 92312.5 93194 52204 27280 32574
internal_count=437954 228475 209479 160026 68449 118074 36862 157279 123573 92312 93194 52200 27280 32573
is_linear=0
shrinkage=0.03


Tree=8
num_leaves=15
num_cat=0
split_feature=45 79 9 24 19 54 9 46 19 6 19 20 18 11
split_gain=47.1371 21.5892 13.6211 8.10538 6.03137 5.28528 5.15221 4.23829 3.42518 3.16503 2.92175 2.85846 4.68876 2.91731
threshold=-1.0000000180025095e-35 719.50000000000011 0.036173895001411445 0.95985001325607311 0.17535000294446948 0.0020157281542196874 0.021209612488746647 0.81889277696609508 0.15405000001192096 -0.0013754999963566659 0.10504999756813051 -0.062385000288486474 0.09271500259637834 0.15170341730117801
decision_type=2 8 10 8 8 2 10 10 10 10 8 8 10 8
left_child=3 2 5 8 -4 6 -2 -6 9 -1 -7 12 -3 -13
right_child=1 11 4 -5 7 10 -8 -9 -10 -11 -12 13 -14 -15
leaf_value=0.00074430625105152931 0.00023777065213083232 -0.0010534262287287422 -0.00031099356964632726 0.00015105760658049643 -0.0007871149328681948 0.00025793117337042157 -0.00038156230612243074 -0.0020962130998945791 0.00026002664350006959 0.00022794328598722767 -9.4319655176620221e-05 -0.0010638582429464349 -0.0023114144147305285 0.00020434221695884937
leaf_weight=58399.5 15967.5 17425 36447 94062.5 22027 55375 49726.5 2474 28341 13082 34326 3890 3150 2808
leaf_count=58399 15967 17425 36447 94057 22026 55375 49724 2474 28341 13080 34326 3890 3150 2808
internal_value=1.84068e-06 -0.000275957 -0.000175672 0.000350891 -0.000555749 -2.65877e-05 -0.000231021 -0.000919702 0.000539177 0.000649828 0.000123137 -0.00107129 -0.00124654 -0.000532435
internal_weight=437501 243616 216343 193885 60948 155395 65694 24501 99822.5 71481.5 89701 27273 20575 6698
internal_count=437489 243612 216339 193877 60947 155392 65691 24500 99820 71479 89701 27273 20575 6698
is_linear=0
shrinkage=0.03


Tree=9
num_leaves=15
num_cat=0
split_feature=45 9 79 18 9 19 54 2 64 79 20 26 22 19
split_gain=46.9517 21.7138 9.1335 7.60296 5.95977 5.58908 5.03384 5.01799 3.54857 3.36842 3.15161 3.0533 3.01229 2.88012
threshold=-1.0000000180025095e-35 0.036624031141400344 803.50000000000011 0.021304999478161338 0.021673553623259071 0.28945000469684606 0.0028640930540859704 -1.0000000180025095e-35 0.83877632021904003 719.50000000000011 -0.27594999969005579 0.15405000001192096 1.0034999847412112 0.024825000204145912
decision_type=2 10 8 8 10 10 2 10 10 8 10 10 8 8
left_child=5 2 4 9 -2 7 13 10 -4 -3 -1 -5 -8 -6
right_child=1 3 8 11 6 -7 12 -9 -10 -11 -12 -13 -14 -15
leaf_value=0.00022914918681597336 0.00029170915006953814 -0.00024739026678362118 -0.00062209134704804164 -0.0011977207711279106 -7.9791009898483978e-05 -0.000111328065677116 0.00012410918364831857 6.8234086108773375e-05 -0.0018941151252781165 -0.0010857990387874157 0.00056056301777331269 -0.00064799536140192461 -0.00073680232316121713 -0.00049006022767580969
leaf_weight=34275 37993.5 27334 11095 25253 26044.5 21664 53364 33156 2399 5117 104866 14244 3922 37682
leaf_count=34274 37993 27333 11095 25253 26043 21664 53364 33150 2399 5117 104863 14244 3922 37682
internal_value=-5.72339e-06 -0.000282269 -9.96575e-05 -0.000720056 -3.60525e-05 0.000342804 -0.000138965 0.000399907 -0.000848853 -0.000379741 0.000478936 -0.000999578 6.5109e-05 -0.000322406
internal_weight=438409 244448 172500 71948 159006 193961 121012 172297 13494 32451 139141 39497 57286 63726.5
internal_count=438396 244445 172498 71947 159004 193951 121011 172287 13494 32450 139137 39497 57286 63725
is_linear=0
shrinkage=0.03


Tree=10
num_leaves=15
num_cat=0
split_feature=45 9 79 30 9 54 54 3 79 16 63 66 16 64
split_gain=40.5544 18.7098 7.75364 6.80575 5.72297 6.58462 4.89865 4.24721 4.22535 4.08386 3.86478 3.57764 3.44225 3.40106
threshold=0.00076083382009528588 0.040842965245246894 669.50000000000011 0.55185002088546764 0.023960452526807789 0.0029022030066698794 0.0093457233160734194 -0.00038549999590031797 719.50000000000011 0.090894997119903578 0.29384925961494451 0.91125264763832103 0.051734998822212226 0.86927253007888805
decision_type=2 10 8 10 10 2 2 10 8 8 2 8 8 10
left_child=3 2 4 7 -2 12 8 9 11 -1 -5 -3 -6 -4
right_child=1 6 13 10 5 -7 -8 -9 -10 -11 -12 -13 -14 -15
leaf_value=0.00042018861090354509 0.00018410170318966889 -0.00060630617749810045 -0.0005659988334269781 0.00092063657100940573 -0.0001916068108268032 3.7851323620102701e-05 7.4127345657771506e-05 -0.00013482941531697278 -0.0014909355606128019 7.9662899745134324e-05 0.00039243930185926107 -0.0014055636569717685 -0.00065560825278926751 -0.0017227454519870937
leaf_weight=74854.5 52319.5 26791 13388 20491 29230 55489 5057 27429.5 8985 54978 31864.5 6210 28348 2757
leaf_count=74854 52318 26791 13388 20489 29230 55489 5057 27426 8985 54978 31864 6210 28348 2757
internal_value=1.61305e-06 -0.000274765 -0.000136585 0.000302985 -7.53154e-05 -0.000195358 -0.000807908 0.000204342 -0.00091414 0.000276 0.000599234 -0.000756897 -0.000420091 -0.000764003
internal_weight=438192 228574 181532 209618 165386 113067 47043 157262 41986 129832 52355.5 33001 57578 16145
internal_count=438184 228573 181530 209611 165385 113067 47043 157258 41986 129832 52353 33001 57578 16145
is_linear=0
shrinkage=0.03


Tree=11
num_leaves=15
num_cat=0
split_feature=61 60 9 9 56 60 79 51 19 9 23 9 19 49
split_gain=23.2495 15.2468 8.97305 7.5346 6.37248 3.85419 4.40349 3.55735 3.35204 3.07856 3.01593 2.75333 2.73891 2.65787
threshold=0.78458413481712352 0.89934787154197704 0.026316921226680282 0.036471838131546981 -0.0058776820078492156 0.23579011112451556 115.50000000000001 0.55140370130538952 0.17294999957084659 0.047554112970829017 0.62505000829696666 0.025136461481451992 0.12014999985694887 0.0080743744038045424
decision_type=2 2 10 10 2 2 8 10 8 10 8 10 10 10
left_child=1 2 10 11 13 -6 8 9 -7 -3 -1 -2 -12 -4
right_child=3 7 4 -5 5 6 -8 -9 -10 -11 12 -13 -14 -15
leaf_value=1.9354504787734102e-05 3.4894901207215626e-05 -0.00023177202415062276 0.0012210733026740211 -0.00077672050864682199 0.00023775088499816837 6.6858304397751203e-05 -0.00060076401546508619 -0.0014493825017759354 -0.00035289224189207077 -0.00097950269785500332 0.00055276964431024615 -0.0003726688298164523 0.00019303232125833115 0.0002780036751124594
leaf_weight=16109 24493 27144.5 2818.5 32420 31417 58561.5 15910 2982 24192 6059 75075.5 38152 25533 56972.5
leaf_count=16109 24490 27144 2818 32419 31416 58561 15910 2982 24192 6059 75072 38152 25533 56972
internal_value=9.60581e-06 0.000124733 0.000193473 -0.000405493 6.62211e-05 -5.16109e-05 -0.000143759 -0.00045762 -5.58647e-05 -0.000368345 0.000400469 -0.000213329 0.000461488 0.000322558
internal_weight=437840 342774 306589 95065 189872 130080 98663.5 36185.5 82753.5 33203.5 116718 62645 100608 59791
internal_count=437829 342768 306583 95061 189869 130079 98663 36185 82753 33203 116714 62642 100605 59790
is_linear=0
shrinkage=0.03


Tree=12
num_leaves=15
num_cat=0
split_feature=62 60 19 79 24 16 65 79 21 51 20 62 62 60
split_gain=22.2007 15.9607 8.49753 7.28159 5.93216 5.27379 5.05709 4.64069 3.81247 3.61672 3.55629 3.19195 3.08589 3.20382
threshold=0.80039063096046459 0.86542323231697094 0.17294999957084659 585.50000000000011 1.3525000214576723 0.19725000113248828 0.16699092090129855 118.50000000000001 0.30654999613761907 0.59443736076354992 -0.16324999928474423 0.92323201894760143 0.40165649354457861 0.16458301246166232
decision_type=2 2 8 8 10 8 10 8 8 10 8 2 2 2
left_child=1 2 4 8 6 -3 -1 -8 -2 -7 -10 -12 -4 -14
right_child=3 5 12 -5 -6 9 7 -9 10 -11 11 -13 13 -15
leaf_value=0.00066621420946984765 -0.00011066716264453948 -0.00020869537764770765 0.00010886341103579549 -0.0011368348810334888 -5.9345359395401719e-05 -0.00078390938224936948 0.00033403009976214708 -0.00021184602594051906 -0.00022084725984933187 -0.0028204302229910792 -0.00046666139451070329 -0.001222751998277611 0.00030723939016458077 -0.00039973900384521774
leaf_weight=37519 39135 36520 39064 11206 37330 11781 132576.5 15670 17665 837 11326 9043 7065 31366
leaf_count=37518 39131 36519 39064 11206 37328 11781 132574 15669 17665 837 11326 9042 7065 31366
internal_value=2.43626e-06 0.000109791 0.000191733 -0.000422382 0.000285741 -0.00039144 0.000355086 0.000276325 -0.000318567 -0.000920063 -0.000532442 -0.000802552 -7.89012e-05 -0.000269748
internal_weight=438104 349728 300590 88375 223096 49138 185766 148246 77169 12618 38034 20369 77495 38431
internal_count=438091 349721 300584 88370 223089 49137 185761 148243 77164 12618 38033 20368 77495 38431
is_linear=0
shrinkage=0.03


Tree=13
num_leaves=15
num_cat=0
split_feature=45 79 18 24 9 54 71 46 60 70 21 23 22 15
split_gain=36.9193 16.4545 12.0418 7.28402 5.04887 4.84703 3.93104 3.78227 3.3795 3.03571 2.87598 2.81829 2.67087 2.43209
threshold=-1.0000000180025095e-35 694.50000000000011 0.072484999895095839 0.95985001325607311 0.022326068952679638 0.0029022030066698794 -0.00022693526989314702 0.87349063158035289 0.76101878285408031 -0.0041411696001887313 0.56975001096725475 0.6155499815940858 0.74494999647140514 0.28155000507831579
decision_type=2 8 8 10 10 2 2 10 2 2 10 10 10 10
left_child=3 2 4 6 -2 -6 -1 8 -4 -8 -3 12 -5 -10
right_child=1 10 7 11 5 -7 9 -9 13 -11 -12 -13 -14 -15
leaf_value=0.00066372429751940384 0.00028226884558665881 -0.00080258673505921932 -0.00027638001840869493 -0.00059397138364994764 -0.00029523504845885257 7.8608105849574443e-05 0.00048610113808627864 -0.0012950733428353117 -0.00070072198044159918 2.8158131981261796e-06 -0.0017089070835753682 0.00018278035109189401 0.00064130230674137628 -0.0020433379533329513
leaf_weight=55885.5 38706.5 23962 31957 8032 62945.5 61908 29656 5336 14199 19315 3630 79035.5 1955 1325
leaf_count=55884 38704 23962 31957 8029 62944 61908 29654 5336 14199 19314 3630 79034 1955 1325
internal_value=1.33348e-05 -0.000232238 -0.000144248 0.000322351 -1.70653e-05 -0.000109871 0.000491778 -0.000538059 -0.000452857 0.000295505 -0.00092211 0.000122774 -0.000351961 -0.000815938
internal_weight=437848 243969 216377 193879 163560 124854 104856 52817 47481 48971 27592 89022.5 9987 15524
internal_count=437835 243965 216373 193870 163556 124852 104852 52817 47481 48968 27592 89018 9984 15524
is_linear=0
shrinkage=0.03


Tree=14
num_leaves=15
num_cat=0
split_feature=45 9 79 24 17 16 16 54 64 70 46 9 26 54
split_gain=33.9472 17.9834 6.89134 6.17018 5.52634 4.76693 4.09681 3.4684 3.27454 3.20665 3.17083 3.73012 2.90378 2.79607
threshold=-1.0000000180025095e-35 0.036624031141400344 669.50000000000011 0.95985001325607311 52.104999542236335 0.053345000371336944 0.10355000197887422 0.0033738334896042947 0.83877632021904003 -0.0025125611573457714 0.52610862255096447 0.04992284998297692 0.18534999340772632 -8.9879064034903408e-05
decision_type=2 10 8 10 8 8 8 2 10 2 10 10 10 2
left_child=3 2 5 6 7 -2 9 -3 -4 -1 12 -12 -6 -7
right_child=1 4 8 -5 10 13 -8 -9 -10 -11 11 -13 -14 -15
leaf_value=0.00078256315643988753 0.00013169838647754032 -0.00066765941651717061 -0.0004915769747566469 0.00010366937072620013 -0.00088801883588170974 -0.00078393918010367697 0.00019811913368061461 -5.52357496337198e-05 -0.0016613640646651634 0.0003645382287604795 -0.00096544174394759498 -0.0021285235681829363 -0.00016789322195448982 -0.00013988516640196981
leaf_weight=35165 85183 16553 11740 89143.5 18899 6678 38816 16736 2635 31167 9364 3382 6875 65825
leaf_count=35163 85181 16552 11740 89138 18899 6678 38816 16736 2635 31165 9364 3382 6875 65824
internal_value=-8.54795e-06 -0.000244243 -7.78083e-05 0.000287289 -0.000643002 -2.04741e-05 0.000442948 -0.000359819 -0.000706507 0.000586191 -0.000887651 -0.00127477 -0.000696001 -0.000199257
internal_weight=438162 243870 172061 194292 71809 157686 105148 33289 14375 66332 38520 12746 25774 72503
internal_count=438148 243866 172058 194282 71808 157683 105144 33288 14375 66328 38520 12746 25774 72502
is_linear=0
shrinkage=0.03


Tree=15
num_leaves=15
num_cat=0
split_feature=45 9 79 30 18 54 24 54 16 1 52 7 49 79
split_gain=31.075 15.5819 8.8338 7.41157 6.40981 5.67043 4.25965 3.70214 3.67194 3.08926 2.99548 2.89834 2.7971 2.71854
threshold=0.00076083382009528588 0.027782452292740348 719.50000000000011 0.55185002088546764 0.11765000224113466 0.0034541763598099355 1.0115000009536745 0.00020934978238074112 0.1074500009417534 -0.0061975000426173201 3.7397539615631108 0.3166664987802506 0.048820050433278091 71.500000000000014
decision_type=2 10 8 10 8 2 10 2 8 10 8 10 8 8
left_child=3 7 4 6 5 11 8 -2 9 -1 -6 -3 -8 -9
right_child=1 2 -4 -5 10 -7 12 13 -10 -11 -12 -13 -14 -15
leaf_value=0.000575557168982543 -0.00033372899987655171 -0.00055831547247581009 -0.0010339724018090721 0.00057542492186717531 -0.00071652015990891326 1.2622795854141106e-05 0.00055555764388967187 0.00022329290191377559 7.5100956870249847e-05 -0.00016730179280347173 -0.0021388632837049401 1.7154759246183686e-06 -5.7220152666048759e-05 -0.00034485509431648217
leaf_weight=41561 16977 42421 19378 52479 20113 44012 7424 65389 33528 5731 1424 10345 68708 8569
leaf_count=41561 16974 42421 19378 52475 20113 44012 7424 65389 33528 5730 1424 10344 68704 8569
internal_value=2.807e-06 -0.000239024 -0.000440287 0.000266804 -0.000343011 -0.00023882 0.000163598 6.57339e-05 0.000315278 0.000485527 -0.000811038 -0.000448529 2.56734e-06 0.000157447
internal_weight=438059 228628 137693 209431 118315 96778 156952 90935 80820 47292 21537 52766 76132 73958
internal_count=438046 228624 137692 209422 118314 96777 156947 90932 80819 47291 21537 52765 76128 73958
is_linear=0
shrinkage=0.03


Tree=16
num_leaves=15
num_cat=0
split_feature=45 79 9 19 24 54 10 18 51 12 45 19 54 1
split_gain=29.8556 15.1983 9.93591 7.20324 6.64965 3.80942 3.5791 3.53692 3.12809 3.02327 2.98744 3.29052 2.86794 2.6467
threshold=-1.0000000180025095e-35 669.50000000000011 0.025041693821549419 0.10125000029802324 0.95985001325607311 0.0029022030066698794 -0.0031967053655534978 0.2832500040531159 0.33298915624618536 0.54056432843208324 -0.031004097312688824 0.28454999625682836 0.0029022030066698794 0.00091150001389905821
decision_type=2 8 10 8 10 2 10 10 10 10 2 8 2 10
left_child=4 2 -2 12 6 13 10 -7 -6 -8 -1 -12 -4 -5
right_child=1 -3 3 5 8 7 9 -9 -10 -11 11 -13 -14 -15
leaf_value=0.0013319829876526324 0.00016828753650003904 -0.00087962801805022898 -0.00025964687796367229 -0.00083814323197632103 0.00013199098794468452 -0.00023230119651850746 0.00067218417998451431 -0.0020381856129874838 -0.00062714547082696906 8.5378489539794899e-05 0.00028366896038600959 -0.00047832202975959257 9.6601134943764163e-05 -1.9162976785273295e-05
leaf_weight=2095 67066 27837 40651 28310 83583.5 34072 53167.5 1000 5183.5 9283 34650 5976 40692 4061
leaf_count=2095 67063 27837 40651 28310 83580 34072 53167 1000 5183 9283 34647 5976 40692 4060
internal_value=1.09201e-06 -0.000219959 -0.000134867 -0.000271517 0.000278847 -0.000500748 0.000440227 -0.000284075 8.76288e-05 0.000584972 0.000228593 0.000171537 -8.14381e-05 -0.00073542
internal_weight=437628 243689 215852 148786 193938 67443 105172 35072 88767 62450.5 42721 40626 81343 32371
internal_count=437616 243685 215848 148785 193931 67442 105168 35072 88763 62450 42718 40623 81343 32370
is_linear=0
shrinkage=0.03


Tree=17
num_leaves=15
num_cat=0
split_feature=45 79 18 68 30 9 9 9 6 19 46 63 59 20
split_gain=30.5111 15.6429 10.9977 5.70363 5.01595 3.84898 3.61792 3.15166 3.12876 4.04509 3.09104 3.05001 3.1101 2.93419
threshold=-0.0002587288618087768 682.50000000000011 0.072484999895095839 0.0020825405372306709 0.54054999351501476 0.030717999674379829 0.035002777352929122 0.020978628657758239 -0.00062050000997260202 0.20275000482797625 0.84452182054519664 0.29384925961494451 2.8440955877304082 -0.061365000903606408
decision_type=2 8 8 2 10 10 10 10 10 10 10 2 10 8
left_child=4 2 3 7 8 -5 -4 -2 9 -1 -8 -6 -13 -3
right_child=1 13 6 5 11 -7 10 -9 -10 -11 -12 12 -14 -15
leaf_value=0.00034623694392608187 0.00016626041029447778 -0.0010593091676851848 -0.00027710369594802068 0.00030398474357084046 0.00080881272644947513 -7.8976764035097123e-05 -0.00066239300823014925 -0.00032468056002371028 -0.00016605839824367476 -6.2450620247996125e-05 -0.0017992348933500947 0.00046228012781849979 -0.0004177763977710976 -0.00034726228524817923
leaf_weight=90394 14984 21247 28706 54203 21557 41856 22588 54791.5 19080 28720 2377 27062 4167 6908
leaf_count=90390 14984 21247 28706 54203 21554 41856 22588 54789 19079 28720 2377 27061 4167 6908
internal_value=6.80313e-07 -0.000219034 -0.000133634 -1.28252e-05 0.000285601 0.000137121 -0.000506877 -0.000219249 0.000190568 0.000247698 -0.000770974 0.000534356 0.000344803 -0.000884697
internal_weight=438640 247660 219506 165834 190980 96059 53671 69775.5 138194 119114 24965 52786 31229 28155
internal_count=438629 247658 219503 165832 190971 96059 53671 69773 138189 119110 24965 52782 31228 28155
is_linear=0
shrinkage=0.03


Tree=18
num_leaves=15
num_cat=0
split_feature=61 57 30 79 18 3 21 57 19 63 10 68 54 57
split_gain=19.3023 11.0709 7.27796 7.05896 6.06023 3.63127 3.4711 3.46386 3.46305 3.31496 3.12461 3.05383 2.6671 3.91578
threshold=0.72605717182159435 0.0035988430026918654 0.55185002088546764 530.50000000000011 0.11335000023245813 -8.1499998486833633e-05 0.29565000534057623 0.011015530209988357 0.32874999940395361 0.9725758731365205 1.0000000180025095e-35 -4.5838458390790031e-05 0.0034625633852556352 -0.0069043799303472033
decision_type=2 2 10 8 8 10 8 2 10 2 8 2 2 2
left_child=1 2 5 6 7 8 11 -3 -1 12 -5 -2 13 -8
right_child=3 4 -4 10 -6 -7 9 -9 -10 -11 -12 -13 -14 -15
leaf_value=0.00024274730170135159 -0.00050540125010143722 3.7664828567316663e-05 0.00051951377855810263 -0.0013543299186257621 -0.00079395386604364415 -0.00016310054271184612 0.00024069738709039002 -0.00052261453186563955 -0.00021802641945483544 -0.0010575161145257718 -0.00048035999362714635 5.8175081665269509e-05 -9.0121724773216869e-06 -0.00063651986401606637
leaf_weight=136091 10942 51108 57564 7662 12494 30997.5 5566 12321 16451 6164 7099 41295.5 16443 25783
leaf_count=136091 10942 51106 57561 7662 12494 30994 5566 12321 16451 6164 7099 41291 16443 25782
internal_value=2.71345e-06 0.00012573 0.000225212 -0.000319709 -0.000190183 0.000132897 -0.000234237 -7.12013e-05 0.000193049 -0.000402989 -0.000934317 -5.99123e-05 -0.000318469 -0.000480757
internal_weight=437981 317026 241104 120954 75923 183540 106194 63429 152542 53956 14761 52237.5 47792 31349
internal_count=437967 317018 241097 120949 75921 183536 106188 63427 152542 53955 14761 52233 47791 31348
is_linear=0
shrinkage=0.03


Tree=19
num_leaves=15
num_cat=0
split_feature=45 9 16 24 51 9 27 32 50 9 26 23 69 57
split_gain=24.3907 12.05 6.97925 5.24749 3.70614 3.51626 3.21276 3.2818 2.5899 3.2768 2.76895 2.67243 2.57876 2.55902
threshold=-0.0002587288618087768 0.024448523297905925 0.094475001096725478 0.83875000476837169 0.33298915624618536 0.048906661570072181 15.894999980926515 inf -0.011572268791496752 0.036019319668412215 0.23775000125169757 0.63464999198913585 0.15470086038112643 -0.0026479598600417371
decision_type=2 10 8 10 10 10 8 8 2 10 10 10 2 2
left_child=3 -2 6 13 8 -4 7 -3 -5 11 12 -10 -11 -1
right_child=1 2 5 4 -6 -7 -8 -9 9 10 -12 -13 -14 -15
leaf_value=0.00066455915557740903 0.00014126828632503874 -0.00021210662837329268 -0.00045724481133396522 0.0010601136238305429 -0.00058213613586882761 -0.0010155946180677351 -1.104125920800481e-06 -0.00080599924704958625 -0.00021585660369538998 -0.00080490206365639062 0.00059078050105214981 0.00032347224649956078 -8.2028414348371784e-05 0.00030965522245064958
leaf_weight=28305 67280.5 39741 65745 2792 6433 12006 52007 10607 9579 5567 4286 60306.5 21898 51690.5
leaf_count=28305 67279 39741 65744 2792 6433 12006 52007 10607 9575 5567 4286 60304 21898 51688
internal_value=-4.71273e-06 -0.000201292 -0.000329259 0.000250089 0.000116457 -0.000543523 -0.000166482 -0.000337292 0.000159517 0.000134726 -0.000117979 0.000249538 -0.000228671 0.000435265
internal_weight=438244 247386 180106 190857 110862 77751 102355 50348 104428 101636 31751 69885.5 27465 79995.5
internal_count=438232 247384 180105 190848 110855 77750 102355 50348 104422 101630 31751 69879 27465 79993
is_linear=0
shrinkage=0.03


Tree=20
num_leaves=15
num_cat=0
split_feature=45 79 19 24 54 10 19 44 21 6 45 58 49 53
split_gain=24.2498 12.5167 9.43363 5.91867 4.67331 4.6227 3.95278 3.27454 3.02076 3.00978 2.94719 2.7316 2.693 2.65149
threshold=0.00076083382009528588 636.50000000000011 0.18325000256299975 1.0214999914169314 0.0030004271538928155 0.036784093827009208 0.17044999450445178 -0.0066664665937423697 0.31155000627040869 -0.00060450000455602993 -0.0038162788841873403 0.010941675398498775 0.041097002103924758 -0.0037280316464602943
decision_type=2 8 8 10 2 10 10 2 8 10 2 2 8 2
left_child=3 2 4 6 -2 8 9 -6 -4 10 11 -1 -5 -12
right_child=1 -3 5 12 7 -7 -8 -9 -10 -11 13 -13 -14 -15
leaf_value=0.00089568925449020015 -0.00016896113738329541 -0.00083114078234279988 -0.0001169125760672591 0.0005999760352134577 -0.00054509456587924882 -0.0014502687931550223 6.3770142251537773e-05 0.00022649621085268145 -0.0005973898787641317 5.1053731449325879e-05 -0.00031180648503863987 0.00045154257901471311 -1.3422220116888486e-05 0.0004239499072265471
leaf_weight=24636.5 80246.5 26201 20107 7023.5 5359 4072 30194 64194 28429 13985 5296 25257 77141 26199
leaf_count=24635 80244 26201 20107 7023 5359 4072 30194 64194 28428 13984 5296 25257 77138 26198
internal_value=-4.96874e-07 -0.00021422 -0.000134343 0.000232462 -1.29665e-05 -0.000479925 0.000362932 0.000167011 -0.000398375 0.000457635 0.00052749 0.000670922 3.77983e-05 0.0003002
internal_weight=438340 228608 202408 209732 149800 52608 125568 69553 48536 95373.5 81388.5 49893.5 84164.5 31495
internal_count=438330 228605 202404 209725 149797 52607 125564 69553 48535 95370 81386 49892 84161 31494
is_linear=0
shrinkage=0.03


Tree=21
num_leaves=15
num_cat=0
split_feature=61 60 19 79 70 16 79 20 9 9 58 46 26 3
split_gain=17.2523 11.4205 6.7676 5.23833 4.69943 3.74996 3.22943 3.19944 3.14772 3.11638 2.94774 2.82783 2.8279 2.53359
threshold=0.7925899624824525 0.88789075613021862 0.28454999625682836 543.50000000000011 -0.0019685103325173254 0.243649996817112 1301.5000000000002 -0.024194999597966668 0.022950901649892334 0.031355176120996482 0.011197784915566446 0.7494792938232423 0.10684999823570253 -0.0014375000027939675
decision_type=2 2 8 8 2 10 10 8 10 10 2 10 8 10
left_child=1 2 4 9 13 -3 -4 -5 -6 -2 11 -11 -13 -1
right_child=3 5 6 7 8 -7 -8 -9 -10 10 -12 12 -14 -15
leaf_value=0.00043025247808466116 -9.8274999169866868e-05 -0.00024192897830514903 -0.00016198759224502965 -0.0011994190607463235 0.00031836954488690495 -0.0010002977674202242 -0.0021822078889532914 6.3338356795799864e-05 1.8104704296087079e-05 -0.00054816687040613627 -0.00019384881291717841 -0.0025117053395073874 -0.00083052813504631829 6.777565223725415e-05
leaf_weight=92250.5 41699 33413.5 40323 9442 44565 7115 720 2232 106515.5 16502 18095 1421 2466 21378.5
leaf_count=92249 41698 33413 40323 9442 44562 7115 720 2232 106514 16501 18095 1421 2466 21378
internal_value=1.05004e-06 9.80084e-05 0.000160735 -0.000364447 0.000216311 -0.000375172 -0.000197689 -0.000958064 0.000106683 -0.000277967 -0.000472633 -0.000719943 -0.00144757 0.000362061
internal_weight=438138 346281 305752 91857 264710 40528.5 41043 11674 151080 80183 38484 20389 3887 113629
internal_count=438129 346274 305746 91855 264703 40528 41043 11674 151076 80181 38483 20388 3887 113627
is_linear=0
shrinkage=0.03


Tree=22
num_leaves=15
num_cat=0
split_feature=45 79 18 24 54 19 46 20 21 22 21 60 70 24
split_gain=21.043 10.7937 7.51166 6.43941 4.37083 3.49911 3.42841 3.15558 2.74869 2.67768 2.67223 2.63243 2.92567 2.55497
threshold=0.00076083382009528588 719.50000000000011 0.070284999907016768 0.82394999265670787 0.0032206589821726088 0.17294999957084659 0.76165443658828746 -0.019205000251531597 0.88080000877380382 0.85124999284744274 0.26794999837875372 0.76496711373329174 -0.0041411696001887313 0.63934999704360973
decision_type=2 8 8 10 2 10 10 10 10 10 10 2 2 10
left_child=3 2 4 11 10 9 8 -3 -4 -5 -2 -1 -13 -6
right_child=1 7 6 5 13 -7 -8 -9 -10 -11 -12 12 -14 -15
leaf_value=0.00049658697376590627 2.915406807686631e-06 -0.00082960941328783541 -0.00030627557966711878 0.00010480900686355212 -0.00018953011233058863 -0.00020596163621328732 -0.00099766910245390763 0.0013876154042707246 -0.0026738112733753934 0.00056585876313603844 -0.00033412504705303671 0.00031705770445565639 -0.0006139671803475123 0.00026068845704085381
leaf_weight=70002 43429.5 25016 43163 81707.5 14480 29360 8241 587 441 13159.5 41304.5 11062 4182 52331
leaf_count=70001 43427 25016 43163 81702 14480 29360 8241 587 441 13159 41303 11061 4182 52331
internal_value=7.14978e-07 -0.000198057 -0.000124971 0.000218009 -1.83297e-05 8.0216e-05 -0.000436656 -0.000778514 -0.000330524 0.00016879 -0.000161389 0.000418796 6.15252e-05 0.000163105
internal_weight=438466 228993 203390 209473 151545 124227 51845 25603 43604 94867 84734 85246 15244 66811
internal_count=438454 228989 203386 209465 151541 124221 51845 25603 43604 94861 84730 85244 15243 66811
is_linear=0
shrinkage=0.03


Tree=23
num_leaves=15
num_cat=0
split_feature=70 60 30 18 9 64 61 79 6 19 23 23 19 70
split_gain=15.6163 10.7001 6.94294 5.69624 4.26936 3.72277 3.00179 3.94046 3.07441 3.3829 2.82218 2.81765 2.74899 2.6091
threshold=0.0059489409904927024 0.78483533859252941 0.55185002088546764 0.09271500259637834 0.036471838131546981 0.96499025821685802 0.55286508798599254 646.50000000000011 -0.00060450000455602993 0.17294999957084659 0.55435001850128185 0.52275002002716076 -0.030065000057220456 -0.0041411696001887313
decision_type=2 2 10 8 10 10 2 8 10 10 10 8 8 2
left_child=1 2 6 5 11 10 8 -8 9 -1 -3 -2 -6 -4
right_child=4 3 13 -5 12 -7 7 -9 -10 -11 -12 -13 -14 -15
leaf_value=0.00034576534515351058 -0.00096663687095626912 -0.0006592883403379739 0.00077653644935252663 -0.00068728698363088926 -0.0002078399477085528 -0.0010947906254388754 2.1515989685626051e-05 -0.00074177140497526438 -0.00018297497690962112 -1.1931875370537688e-05 5.0305245980311966e-05 -0.00012770564598376747 -0.00078963866345476482 0.00034802818511185917
leaf_weight=84477 3847 5565 17778.5 17127 10730 3025.5 60506.5 6763 17328 33126 53450 55814 22952 45599.5
leaf_count=84475 3847 5565 17777 17127 10730 3025 60504 6763 17328 33126 53449 55813 22952 45597
internal_value=9.86239e-06 0.000103064 0.000194315 -0.000203044 -0.000334349 -6.9319e-05 0.000108433 -5.52712e-05 0.000190047 0.000245014 -1.66582e-05 -0.000181877 -0.000604355 0.000468283
internal_weight=438089 344746 265578 79167.5 93343 62040.5 202200 67269.5 134931 117603 59015 59661 33682 63378
internal_count=438078 344736 265570 79166 93342 62039 202196 67267 134929 117601 59014 59660 33682 63374
is_linear=0
shrinkage=0.03


Tree=24
num_leaves=15
num_cat=0
split_feature=45 9 9 24 46 68 58 55 55 61 22 12 18 68
split_gain=19.5296 12.7061 5.4465 5.04424 4.24732 4.03028 3.32757 3.25165 3.02271 2.9877 2.82852 3.42787 2.66619 2.65685
threshold=-0.00036655440635513509 0.040842965245246894 0.023252974264323715 0.83875000476837169 0.82692426443099987 0.0029658200219273572 0.010833536274731161 0.26594203710556036 0.29811368882656103 0.090109422802925124 0.84755000472068798 0.30599416792392736 0.14745000004768374 0.00655808742158115
decision_type=2 10 10 8 10 2 2 2 2 2 10 10 10 2
left_child=3 2 -2 -1 5 -4 -3 -7 13 -6 11 -5 -12 -8
right_child=1 6 4 10 9 7 8 -9 -10 -11 12 -13 -14 -15
leaf_value=0.00042200368459306432 0.00018148225762907406 -0.00089339581613694184 -0.00027604636777301127 0.00017948723096326483 -0.0025574214189465895 -0.00089496642128757099 -0.0019967910326284424 0.00011003908466120468 -0.00029120863391226594 -0.00054539531172657224 0.00061061907430647402 -0.00019083503835986318 -0.00022916415331080515 -0.00015084135809928059
leaf_weight=74153.5 56335 20842 64665 58115.5 691 3040 1853 59779 25842 14785 15682.5 36697 4342 1129
leaf_count=74152 56333 20842 64664 58111 691 3040 1853 59779 25842 14785 15682 36696 4342 1129
internal_value=-7.91905e-07 -0.000175336 -6.834e-05 0.000229137 -0.000166788 -0.000109802 -0.00060463 6.13365e-05 -0.000395711 -0.000636029 0.000104585 3.61522e-05 0.000428513 -0.00129933
internal_weight=437952 248961 199295 188990 142960 127484 49666 62819 28824 15476 114837 94812.5 20024.5 2982
internal_count=437941 248958 199292 188983 142959 127483 49666 62819 28824 15476 114831 94807 20024 2982
is_linear=0
shrinkage=0.03


Tree=25
num_leaves=15
num_cat=0
split_feature=45 79 18 30 68 11 19 14 10 6 4 67 55 50
split_gain=18.7453 10.361 8.75904 5.48367 4.44757 3.27884 3.20946 3.17588 2.70507 2.57126 2.43582 2.41925 2.39232 2.27215
threshold=0.00076083382009528588 719.50000000000011 0.070284999907016768 0.55185002088546764 0.003235878655686975 0.60277059674263012 0.39235000312328344 0.096824999898672118 -0.0036591432290151711 -0.00062050000997260202 3.014294028282166 -0.0062305028550326816 0.18278816342353824 -0.017546268180012699
decision_type=2 8 8 10 2 8 10 8 8 10 8 2 2 2
left_child=3 2 4 5 -2 6 9 -4 -3 13 -7 -6 -5 -1
right_child=1 8 7 12 11 10 -8 -9 -10 -11 -12 -13 -14 -15
leaf_value=0.0017745367809722439 -0.00015854778944230833 -0.0011288320257642009 -0.00036345240292170691 -0.00025800449238713485 -0.00044063644918291059 -0.0010162859969311689 -0.00048413848645380053 -0.001026982313596897 -0.00050185571675124749 -0.00022641068771114088 0.00054969691946692959 0.00021954666888760198 0.000520013991862834 0.00014014075596973955
leaf_weight=766 82024 10735 44234 3835.5 5415 935 9198 7607 14666 18993 18436 63858 48505.5 108837
leaf_count=766 82020 10735 44234 3835 5415 935 9198 7607 14666 18992 18436 63858 48501 108833
internal_value=-7.93056e-06 -0.000195828 -0.00012439 0.000197037 -9.07362e-06 0.000108457 5.70722e-05 -0.000460907 -0.000766999 9.58003e-05 0.000473867 0.000167913 0.000462982 0.000151644
internal_weight=438045 228539 203138 209506 151297 157165 137794 51841 25401 128596 19371 69273 52341 109603
internal_count=438031 228535 203134 209496 151293 157160 137789 51841 25401 128591 19371 69273 52336 109599
is_linear=0
shrinkage=0.03


Tree=26
num_leaves=15
num_cat=0
split_feature=45 9 54 9 71 79 79 46 54 64 18 22 69 20
split_gain=19.1042 11.4264 4.39197 4.38251 3.9214 3.86864 3.76244 3.22867 3.21871 2.95553 2.67563 2.64974 2.87833 2.50753
threshold=-0.0002587288618087768 0.036624031141400344 0.0093457233160734194 0.021325516514480117 -0.00077137263724580396 646.50000000000011 719.50000000000011 0.81050416827201854 0.0029022030066698794 0.83877632021904003 0.11545000225305559 0.80404999852180492 0.20942982286214831 -0.035015000030398362
decision_type=2 10 2 10 2 8 8 10 2 10 10 10 2 10
left_child=4 3 6 -2 -1 8 7 -3 -5 -7 11 12 -6 -8
right_child=1 2 -4 5 10 9 13 -9 -10 -11 -12 -13 -14 -15
leaf_value=0.000363147733523455 0.00023410324966094317 -0.00038639360017140694 0.00024820868654081344 -0.00022081931552675617 -0.00020408092062722835 -0.00041077363987989486 -0.0011456344873700009 -0.0011992212958446371 8.4977266912929092e-05 -0.0015971783949297923 -0.0003576352639837612 0.00050014483419220891 0.00019693284139497339 0.00062560216107158332
leaf_weight=90301.5 38437.5 48365 6472 66405.5 23594 10019 11792 4835 58059 2326 10696 15558 50750 763
leaf_count=90299 38437 48364 6472 66403 23593 10019 11792 4835 58059 2326 10696 15558 50746 763
internal_value=-5.84475e-06 -0.000179784 -0.000497301 -4.89107e-05 0.000219641 -0.000128431 -0.000570692 -0.000460372 -7.81766e-05 -0.000634868 9.08116e-05 0.000144182 6.96609e-05 -0.00103779
internal_weight=438374 247474 72227 175247 190900 136810 65755 53200 124464 12345 100598 89902 74344 12555
internal_count=438362 247470 72226 175244 190892 136807 65754 53199 124462 12345 100593 89897 74339 12555
is_linear=0
shrinkage=0.03


Tree=27
num_leaves=15
num_cat=0
split_feature=45 79 19 24 13 19 57 51 51 45 59 54 49 79
split_gain=16.2851 7.54726 7.14917 5.0317 3.42638 3.0351 2.92822 2.80542 2.69205 2.61867 2.9275 2.55807 2.30646 2.3967
threshold=-1.0000000180025095e-35 636.50000000000011 0.064264997839927687 1.0065000057220461 0.26066020131111151 0.27985000610351568 0.01680665742605925 0.024934499524533752 0.36804534494876867 -0.0087826391682028753 2.8440955877304082 -0.00069748773239552964 0.10148465260863306 79.500000000000014
decision_type=2 8 8 10 8 10 2 10 10 2 10 2 10 8
left_child=3 2 7 5 8 9 12 -2 -4 -1 -11 -9 -5 -14
right_child=1 -3 4 6 -6 -7 -8 11 -10 10 -12 -13 13 -15
leaf_value=0.00059036264207047782 -0.00065394578855071579 -0.00063461837922361907 -0.00037559081763879714 0.0003384817450850051 -0.00010185970699451336 -0.00010440907370975226 -0.0024994502498162348 -0.00038963672123554514 -0.0010728420313410015 0.00032744611989107846 -0.00041197982729455457 0.00013865351633843528 1.825667706107766e-05 -0.00051443057812830843
leaf_weight=34816 4735 28182 52750 16891.5 49397 13160 410 9035 5501 60329.5 5233 94312 54530.5 8828
leaf_count=34815 4735 28182 52749 16890 49397 13160 410 9035 5501 60326 5233 94309 54527 8827
internal_value=-9.75013e-06 -0.000172953 -0.000112629 0.00019523 -0.000285672 0.000323936 1.40526e-05 5.97238e-05 -0.000441523 0.000380096 0.0002684 9.24517e-05 2.70491e-05 -5.59996e-05
internal_weight=438110 243912 215730 194198 107648 113538 80660 108082 58251 100378 65562.5 103347 80250 63358.5
internal_count=438096 243908 215726 194188 107647 113534 80654 108079 58250 100374 65559 103344 80244 63354
is_linear=0
shrinkage=0.03


Tree=28
num_leaves=15
num_cat=0
split_feature=45 9 69 9 23 54 58 1 9 50 34 72 16 68
split_gain=16.5481 10.1536 4.18572 3.98748 3.98472 3.68358 3.4369 3.39958 3.19657 3.06714 3.19756 3.0957 3.03322 2.74522
threshold=0.00076083382009528588 0.040842965245246894 0.20942982286214831 0.022326068952679638 0.49355000257492071 0.00017627525085117671 0.010833536274731161 0.00011850000009872021 0.025136461481451992 -0.017546268180012699 0.011264999862760307 -0.012058732099831103 -0.10875000059604643 -0.0075509666930884114
decision_type=2 10 2 8 8 2 2 10 10 2 10 2 8 2
left_child=2 4 9 -4 -2 7 -3 -6 -7 10 -1 -11 -10 -13
right_child=1 6 3 -5 5 8 -8 -9 12 11 -12 13 -14 -15
leaf_value=0.0027119675682008484 -0.0007054974843758423 -0.00087659742250108784 0.0005696213582349432 0.00019206816475634858 -0.00052251479004346269 0.00020655412302143805 -0.00035614548222657496 0.00018962269927693946 0.00034861754453850149 -0.0011805650194577509 -0.0023639574847723398 -0.0008851099640144127 -0.00015946493616706941 3.9993711282471413e-05
leaf_weight=641 8682 19605 31826.5 120461 23495 51619 27371 8114 12248 2118 131 3056 77221 50768
leaf_count=641 8682 19605 31821 120458 23495 51619 27371 8111 12248 2118 131 3056 77221 50766
internal_value=-3.82576e-06 -0.000180365 0.000189061 0.000270989 -7.85532e-05 -4.70153e-05 -0.000573421 -0.000339709 1.85688e-05 -3.09354e-05 0.00184097 -5.693e-05 -8.98946e-05 -1.26088e-05
internal_weight=437356 228355 209002 152288 181379 172697 46976 31609 141088 56714 772 55942 89469 53824
internal_count=437343 228352 208991 152279 181376 172694 46976 31606 141088 56712 772 55940 89469 53822
is_linear=0
shrinkage=0.03


Tree=29
num_leaves=15
num_cat=0
split_feature=9 62 12 62 60 30 79 60 10 52 50 49 11 67
split_gain=12.2187 6.60139 5.06201 4.67945 4.34576 3.88999 3.55835 3.29225 3.02083 2.83401 2.73139 2.61958 2.43048 2.24037
threshold=0.036173895001411445 0.58830371499061596 0.4953379780054093 0.8162277638912202 0.55268707871437084 0.62954998016357433 72.500000000000014 0.93424141407012951 -0.00092843183665536333 2.8378837108612065 -0.010104260407388209 0.074470538645982756 -0.38052818179130549 0.0051348265260458001
decision_type=10 2 10 2 2 10 8 2 8 8 2 10 8 2
left_child=1 4 3 7 5 -1 -3 10 -8 -6 -2 -9 -12 -14
right_child=2 6 -4 -5 9 -7 8 11 -10 -11 12 -13 13 -15
leaf_value=0.00029907029650779555 0.00072753626070136803 -5.4817739977797703e-06 -0.00064683105438139246 -0.00052271704497701898 0.00010372421219844108 0.00098300883881927517 -0.00090289840563870477 0.00068756250644517721 -8.1691016220710973e-05 -0.00069217234133274865 -0.0002502284710289201 -0.00080611271776712449 2.5040576869317916e-05 0.00066876242302723254
leaf_weight=84537.5 4520 109644.5 23279 24587 84113.5 8208 7873 1223 8259 4224 27876 7613 36478 5610
leaf_count=84533 4520 109640 23278 24587 84110 8208 7873 1223 8259 4224 27876 7613 36478 5610
internal_value=-3.33671e-06 0.00010026 -0.000245657 -0.000159085 0.000216224 0.000359649 -6.66966e-05 -5.17552e-05 -0.000482626 6.56301e-05 1.32119e-05 -0.0005991 -3.29855e-05 0.000110913
internal_weight=438046 306860 131186 107907 181083 92745.5 125776 83320 16132 88337.5 74484 8836 69964 42088
internal_count=438032 306847 131185 107907 181075 92741 125772 83320 16132 88334 74484 8836 69964 42088
is_linear=0
shrinkage=0.03


Tree=30
num_leaves=15
num_cat=0
split_feature=45 9 19 24 54 58 11 32 6 12 60 63 61 47
split_gain=14.9821 9.49898 5.54296 4.81257 3.79161 2.78842 2.78144 2.73268 2.54349 2.49559 2.41285 2.33019 2.42945 2.49907
threshold=-0.00058093632105737914 0.024649773724377159 0.16804999858140948 0.95985001325607311 0.0041118301451206216 0.01047715498134494 -0.046075679361820214 0.11219999939203264 -0.0013495000312104819 0.23703777045011523 0.9568796455860139 0.16933350265026095 0.93473824858665477 0.13952343165874484
decision_type=2 10 8 10 2 2 8 8 10 10 2 2 2 10
left_child=3 -2 4 6 5 7 -1 -3 9 -8 -6 -4 -13 -14
right_child=1 2 11 -5 10 -7 8 -9 -10 -11 -12 12 13 -15
leaf_value=0.00019964519082231601 0.00014922351579640844 -0.00030705473532779612 -0.00099908104594863116 4.5765525910537937e-05 0.00014720989355822519 -7.7721359466879924e-05 0.00089729043759606563 -0.00091026230631518481 1.5989104109036983e-05 0.00041678589131175219 -0.00087965088551036159 -0.00033180866167337034 -0.0011908904134851001 -0.00015330515536556865
leaf_weight=51827.5 71201.5 31167 7112 85788.5 39092 37619 16370 8630 7678 24009 2169 45996 6491 3082
leaf_count=51825 71199 31167 7112 85783 39092 37619 16370 8630 7678 24008 2169 45996 6491 3082
internal_value=5.99874e-06 -0.0001444 -0.000259678 0.000210575 -0.000139134 -0.000262924 0.000352117 -0.000437959 0.000516513 0.000611674 9.313e-05 -0.00048788 -0.00042237 -0.000857097
internal_weight=438232 252560 181358 185673 118677 77416 99884.5 39797 48057 40379 41261 62681 55569 9573
internal_count=438221 252557 181358 185664 118677 77416 99881 39797 48056 40378 41261 62681 55569 9573
is_linear=0
shrinkage=0.03


Tree=31
num_leaves=15
num_cat=0
split_feature=70 60 9 16 30 71 23 49 54 10 43 70 61 71
split_gain=9.96732 8.07618 4.74626 4.2818 3.68196 3.01123 2.71923 2.63369 2.53723 2.46019 2.32356 2.8281 2.24115 2.20502
threshold=0.0021468366030603652 0.84650141000747692 0.036471838131546981 0.24784999340772632 0.52275002002716076 -0.0045024363789707414 0.49355000257492071 0.10148465260863306 -0.00031297972600441421 0.010664196684956552 0.0071942571084946403 -0.0043316360097378484 0.97593259811401378 -0.0080518741160631162
decision_type=2 2 10 10 10 2 8 10 2 10 2 2 2 2
left_child=1 4 5 -3 7 -2 9 -1 -8 -7 11 -6 13 -4
right_child=2 3 12 -5 10 6 8 -9 -10 -11 -12 -13 -14 -15
leaf_value=0.0003761569957037278 0.0002250926376292043 -0.00012443641447278946 0.00015857889697895244 -0.00087961928396080907 0.00067081183504149092 -0.0012826163080224872 -0.00052489412462743536 4.0283360170684869e-05 -6.0037437719324838e-05 0.00056206229842855422 -0.00024617749656425601 0.00025933589485953052 -0.00099447917804257541 -0.00045466119589576015
leaf_weight=24956 22071.5 41953.5 6140 8050 22901 3302 12430 132801 70368 807 5399 43773.5 5830 37448
leaf_count=24956 22070 41953 6140 8050 22899 3302 12430 132799 70366 807 5399 43771 5830 37448
internal_value=-8.22284e-06 9.94187e-05 -0.000198387 -0.000246088 0.000174593 -8.77934e-05 -0.000167264 9.34263e-05 -0.000129851 -0.000920082 0.000352236 0.000400707 -0.000442238 -0.000368269
internal_weight=438230 279834 158396 50003.5 229830 108978 86907 157757 82798 4109 72073.5 66674.5 49418 43588
internal_count=438220 279827 158393 50003 229824 108975 86905 157755 82796 4109 72069 66670 49418 43588
is_linear=0
shrinkage=0.03


Tree=32
num_leaves=15
num_cat=0
split_feature=45 9 24 48 54 9 54 67 70 12 10 16 23 12
split_gain=12.2669 7.52574 3.72004 3.61196 3.83396 4.31708 3.17036 2.85911 2.96795 2.78815 3.37206 2.3275 2.56906 2.28835
threshold=-1.0000000180025095e-35 0.037955440580844886 0.95985001325607311 -0.34285207092761988 0.0047186487354338178 0.021558101288974289 0.0099404761567711847 -0.0034916215809062119 -0.0041411696001887313 0.5000002682209016 -0.01419957773759961 0.051734998822212226 0.52275002002716076 0.46068701148033148
decision_type=2 10 10 8 2 8 2 2 2 10 10 8 10 10
left_child=2 3 7 -2 5 -5 9 8 -1 10 -3 12 -7 -4
right_child=1 6 13 4 -6 11 -8 -9 -10 -11 -12 -13 -14 -15
leaf_value=0.00045318012988257325 -0.0009265652669614593 -0.00078426062233288602 0.00010864775791805394 0.00020638130242227212 0.00024233513097827002 -0.00073817917698975135 0.00026444926967835169 0.00043220616768130024 -6.2183895763113245e-05 -0.00093417905690898701 -0.00023016163915463256 -0.00033281882262364159 1.1666382673385463e-05 -0.0002761948345380288
leaf_weight=15337 4072 13939 71744.5 32307.5 38261 4483 5514 60398 29192.5 10360 33979 52024 49107.5 17244
leaf_count=15336 4072 13939 71740 32307 38261 4483 5514 60395 29192 10359 33979 52023 49106 17243
internal_value=-1.36489e-06 -0.000142891 0.000176747 -4.37808e-05 -2.33519e-05 -9.70623e-05 -0.000422917 0.00029775 0.00011535 -0.000487969 -0.00039141 -0.000189891 -5.11234e-05 3.40625e-05
internal_weight=437963 244047 193916 180255 176183 137922 63792 104928 44529.5 58278 47918 105614 53590.5 88988.5
internal_count=437949 244043 193906 180252 176180 137919 63791 104923 44528 58277 47918 105612 53589 88983
is_linear=0
shrinkage=0.03


Tree=33
num_leaves=15
num_cat=0
split_feature=45 9 13 9 59 63 64 27 13 58 79 23 24 21
split_gain=14.7214 7.20062 3.96058 3.84194 3.12411 3.07395 3.00576 2.77982 2.63932 2.60146 2.53156 2.51155 2.46008 2.235
threshold=0.00076083382009528588 0.036471838131546981 0.35052150487899786 0.026316921226680282 2.8440955877304082 0.038544075563550002 0.91563722491264354 15.38000011444092 0.25266790390014654 0.016598905436694626 72.500000000000014 0.69744998216629039 1.2584999799728396 0.41054999828338629
decision_type=2 10 8 10 10 2 10 10 10 2 8 8 10 8
left_child=3 6 7 4 11 -5 8 9 10 -3 -2 12 -1 -7
right_child=1 2 -4 5 -6 13 -8 -9 -10 -11 -12 -13 -14 -15
leaf_value=0.00026641091596540852 -6.8291255173453941e-05 -0.00088840168719735038 -7.3783089960915353e-05 0.00057465442158865132 -0.00020755708217186356 0.0001223562843320537 -0.00045216708655397607 -0.00039221349280356763 0.00011638423326041617 0.0028314367157106874 -0.0005620461152749651 0.0005110350158344792 -0.00067245794034178068 -0.00015565532204859725
leaf_weight=12558.5 63194.5 18921 20268 10368 8200.5 84486.5 15865 30035 69085.5 166 10963 52775 3134.5 37605
leaf_count=12558 63193 18920 20268 10368 8200 84484 15865 30035 69084 166 10963 52772 3131 37605
internal_value=-5.19388e-06 -0.000171652 -0.000426653 0.000176682 0.000345689 7.88495e-05 -6.04309e-05 -0.000572227 -1.70296e-05 -0.000855317 -0.000141318 0.000411962 7.8728e-05 3.6724e-05
internal_weight=437626 228498 69390 209128 76668.5 132460 159108 49122 143243 19087 74157.5 68468 15693 122092
internal_count=437612 228494 69389 209118 76661 132457 159105 49121 143240 19086 74156 68461 15689 122089
is_linear=0
shrinkage=0.03


Tree=34
num_leaves=15
num_cat=0
split_feature=9 62 71 17 48 30 13 10 49 51 10 1 26 30
split_gain=11.5441 5.96069 4.2466 3.52856 3.4612 3.12086 2.87482 2.80475 3.97416 2.64905 3.46303 2.56329 2.42655 2.33808
threshold=0.036173895001411445 0.73374596238136303 0.0030112041858956222 53.944999694824226 -0.45951145887374872 0.53914999961853038 0.39676766097545629 0.0028781039873138074 0.9917183816432954 0.39874336123466497 0.0089029627852141874 -0.0046065000351518384 0.23775000125169757 0.43135000765323644
decision_type=10 2 2 10 10 10 8 10 10 10 10 8 8 10
left_child=1 2 5 4 -2 -1 9 8 -6 10 12 -9 -5 -12
right_child=3 -3 -4 6 7 -7 -8 11 -10 -11 13 -13 -14 -15
leaf_value=0.00016456409236453273 0.0006574735879757022 -0.00012251665742473618 -6.1669290902361358e-05 -0.00083088306848596422 -0.00025841550408149075 0.00043447957228794884 -2.0956137133266393e-05 -0.0010615281229810058 -0.0023013533244794233 -0.0012489670586929844 -0.000403784090163142 0.00017333529679279856 0.00013079892099764396 0.00029778014513906704
leaf_weight=121610.5 5113 77929 50442 18755 41897 56452 13217 1609 870 4124 11798 24148 2700 6699
leaf_count=121607 5113 77925 50440 18755 41896 56449 13217 1609 870 4124 11798 24148 2700 6699
internal_value=3.29915e-06 0.000104046 0.000181314 -0.000232488 -9.51033e-05 0.000250146 -0.00040904 -0.000151302 -0.000300239 -0.000525398 -0.000450562 9.60042e-05 -0.000709858 -0.000149689
internal_weight=437364 306434 228504 130930 73637 178062 57293 68524 42767 44076 39952 25757 21455 18497
internal_count=437350 306421 228496 130929 73636 178056 57293 68523 42766 44076 39952 25757 21455 18497
is_linear=0
shrinkage=0.03


Tree=35
num_leaves=15
num_cat=0
split_feature=9 61 16 24 60 60 70 20 68 65 71 19 64 9
split_gain=9.54534 4.88743 3.9295 3.6293 3.1483 2.64814 2.89797 2.74471 2.59594 2.5826 2.43486 2.51607 2.4173 2.41019
threshold=0.036173895001411445 0.7925899624824525 0.090894997119903578 1.3525000214576723 0.76101878285408031 0.84650141000747692 0.0018414928927086296 -0.019205000251531597 -4.5838458390790031e-05 0.95359739661216747 0.001669473364017904 -0.052324999123811715 0.93086332082748424 0.015738375484943393
decision_type=10 2 8 8 2 2 2 10 2 10 2 8 10 10
left_child=1 3 9 4 -1 6 -4 -7 10 -2 11 -3 -6 -10
right_child=2 8 5 -5 12 7 -8 -9 13 -11 -12 -13 -14 -15
leaf_value=0.00026787154800808155 -8.96930968316017e-06 0.00058163356955126229 -7.1944326173609011e-05 -0.00011107577999868625 5.3804331397642606e-05 -0.00085990163007762868 -0.00054109043319934091 0.0005320108224689821 0.0012488067856519852 -0.00089798849025788145 -0.0013249596492757424 -0.00056616319764954458 -0.00072329438468894712 -7.9818873283116435e-05
leaf_weight=162335.5 64668 2207 27982 38629 42765.5 13464 20552 1405 1258 3076 2709 7712 3929 45409
leaf_count=162331 64668 2207 27982 38627 42765 13464 20552 1405 1258 3076 2709 7712 3929 45406
internal_value=5.95619e-06 9.74879e-05 -0.000208273 0.000156062 0.000205431 -0.000378006 -0.000270642 -0.000728243 -0.000147152 -4.93996e-05 -0.000528651 -0.000310611 -1.16533e-05 -4.38732e-05
internal_weight=438101 306954 131147 247659 209030 63403 48534 14869 59295 67744 12628 9919 46694.5 46667
internal_count=438091 306944 131147 247652 209025 63403 48534 14869 59292 67744 12628 9919 46694 46664
is_linear=0
shrinkage=0.03


Tree=36
num_leaves=15
num_cat=0
split_feature=45 79 64 6 63 58 12 11 9 68 49 30 72 20
split_gain=11.7485 8.09058 4.39024 3.99437 3.77435 3.49896 3.24511 3.6846 3.15113 3.1205 3.41643 2.92163 2.77959 2.64976
threshold=-1.0000000180025095e-35 719.50000000000011 0.91946139931678783 -0.00070350000169128169 0.96888023614883434 0.010833536274731161 0.40964747965335851 -0.18953868746757505 0.023960452526807789 0.0050367515068501243 0.77084431052207958 0.48825000226497656 0.017743686214089397 -0.086484998464584337
decision_type=2 8 10 10 2 2 10 8 10 2 8 10 2 8
left_child=3 2 4 5 8 6 7 -1 -2 -10 11 -11 -4 -3
right_child=1 13 12 -5 -6 -7 -8 -9 9 10 -12 -13 -14 -15
leaf_value=0.00023566135762525582 0.00018607536874343456 -0.00082158277011691876 -0.00054271190822617566 -0.00014576593645643419 -0.00072057837989159587 8.0554219950820661e-05 4.1933044951971805e-05 0.00068732992825268401 -0.00018176935968620885 0.00017201200806512556 0.0006506837343390608 -0.00045655979562378278 0.0020473807685806315 -0.00017210281979806072
leaf_weight=32055 52048 19226 20492 30493.5 7024 76711 21813 32990.5 95871 22543 8907 9437 375 8012
leaf_count=32052 52046 19226 20492 30491 7024 76711 21812 32988 95871 22543 8907 9437 375 8012
internal_value=-4.75412e-06 -0.000143336 -8.20752e-05 0.000169441 -3.79907e-05 0.000228207 0.000358597 0.000464779 -1.25785e-05 -8.81871e-05 0.000131238 -1.3516e-05 -0.000495686 -0.000630606
internal_weight=437998 243935 216697 194063 195830 163570 86858.5 65045.5 188806 136758 40887 31980 20867 27238
internal_count=437987 243933 216695 194054 195828 163563 86852 65040 188804 136758 40887 31980 20867 27238
is_linear=0
shrinkage=0.03


Tree=37
num_leaves=15
num_cat=0
split_feature=45 9 30 46 13 11 3 26 8 60 30 19 12 45
split_gain=11.1594 7.87189 4.04771 3.68333 3.62496 2.82725 3.68551 2.50194 2.594 2.26345 2.31398 2.26282 2.17079 2.24988
threshold=-0.0015368394088000057 0.040842965245246894 0.34364999830722814 0.81050416827201854 0.2690082341432572 -0.046075679361820214 -0.0064215001184493295 0.15574999898672107 0.0024565000785514717 0.90300738811492931 0.59635001420974743 0.048484999686479575 0.52273735404014599 -0.045717032626271241
decision_type=2 10 8 10 10 8 10 10 10 2 10 10 10 2
left_child=2 3 -1 4 -2 12 11 8 -3 10 -9 -7 13 -4
right_child=1 7 5 -5 -6 6 -8 9 -10 -11 -12 -13 -14 -15
leaf_value=-0.00011881641361751845 -0.00011294187074883504 -0.0007022819943548925 0.0014493400751126764 -0.00037731554584846677 0.00015032028956479083 0.00077212889587879602 4.3254282335264661e-05 1.1351517752916129e-05 0.0007052255003673982 -0.00085218343597828891 -0.0012019749830032183 0.00035607564552819765 -0.00037741149097665231 0.00015919838600487557
leaf_weight=31091 104960.5 27173 1235 25725 85342.5 21212 18586.5 17769 1228 4216 1532 26447 6851.5 64582
leaf_count=31091 104957 27173 1235 25725 85341 21212 18584 17769 1228 4216 1532 26447 6851 64578
internal_value=4.76166e-07 -0.000120148 0.00019059 -4.04284e-05 5.12044e-06 0.000259842 0.000401587 -0.000451819 -0.000641311 -0.000222887 -8.52416e-05 0.000541314 0.000130606 0.000183515
internal_weight=437951 267946 170005 216028 190303 138914 66245.5 51918 28401 23517 19301 47659 72668.5 65817
internal_count=437939 267941 169998 216023 190298 138907 66243 51918 28401 23517 19301 47659 72664 65813
is_linear=0
shrinkage=0.03


Tree=38
num_leaves=15
num_cat=0
split_feature=19 61 60 24 70 51 60 67 15 20 8 9 0 54
split_gain=8.04484 6.38704 5.19094 3.56394 2.86849 2.76895 2.43731 2.44879 2.20935 2.19588 2.19175 2.1633 2.14523 2.25664
threshold=0.28945000469684606 0.80039063096046459 0.78837075829505932 1.3525000214576723 -0.0041411696001887313 0.51463913917541515 0.41236086189746862 -0.019771408289670941 0.20185000449419024 -0.027145000174641606 0.00020049999875482174 0.022326068952679638 0.0046065000351518401 5.5345575674436993e-05
decision_type=10 2 2 10 2 10 2 2 10 10 8 10 10 2
left_child=1 2 3 4 10 8 7 -2 -4 -8 -1 -6 13 -3
right_child=6 12 5 -5 11 -7 9 -9 -10 -11 -12 -13 -14 -15
leaf_value=2.1848524981584993e-05 -0.0030232639998111297 -0.00055606068985672549 -4.9224268132243149e-05 -8.3384259987759172e-05 0.0003370757528389284 -0.00097802788682448388 -0.00064133126621074819 -2.8453132996057506e-05 -0.0012104515825988587 -0.00010047144500641116 0.00049688714245217083 8.4273456192758602e-05 0.00019664054917262937 -0.00015289797650478061
leaf_weight=10745.5 244 16959.5 61241 39187 43131 3224 24564 18713 1506 9321 46872 103727 10860.5 47454
leaf_count=10744 244 16956 61239 39185 43128 3224 24564 18713 1506 9321 46872 103726 10859 47454
internal_value=6.86975e-06 5.45228e-05 0.000114778 0.000178692 0.000228919 -0.000121284 -0.000340213 -6.77871e-05 -7.71893e-05 -0.00049259 0.000408303 0.000158528 -0.000193322 -0.000259082
internal_weight=437750 384908 309634 243662 204476 65971 52842 18957 62747 33885 57617.5 146858 75274 64413.5
internal_count=437735 384893 309624 243655 204470 65969 52842 18957 62745 33885 57616 146854 75269 64410
is_linear=0
shrinkage=0.03


Tree=39
num_leaves=15
num_cat=0
split_feature=45 79 18 24 51 68 9 45 79 51 53 58 63 64
split_gain=10.5983 7.79502 4.31354 4.03651 3.70115 3.09746 2.91508 3.54293 2.73151 2.46789 2.37793 2.28575 2.08078 2.0011
threshold=0.0021605730289593343 719.50000000000011 0.072484999895095839 0.82394999265670787 0.027198778465390209 0.0029333458514884119 0.022326068952679638 -0.0085993269458413107 646.50000000000011 0.36804534494876867 -0.0065220359247177831 0.010941675398498775 0.097608610987663283 0.96499025821685802
decision_type=2 8 8 10 10 2 10 2 8 10 2 2 2 10
left_child=3 2 4 6 -2 -6 -1 12 -5 -4 -9 -3 -8 -7
right_child=1 11 9 8 5 13 7 10 -10 -11 -12 -13 -14 -15
leaf_value=0.00055885343832697736 -0.00074613785519367414 -0.00092601889637044881 -0.00026835640634855775 7.1620816914119245e-05 -0.0001283236777050343 0.00020135532388308895 0.00095356356849567636 -0.00069465230630925588 -0.00038211858461432215 -0.00094498174182573648 9.508288588668341e-05 -0.00031366668962735651 0.00031501257373940357 -0.00060850795303332922
leaf_weight=25148.5 5911 13896 39571 125166.5 63341 62653 6206 3719 13195 5526 43678 9075 17665 2867
leaf_count=25146 5911 13896 39571 125160 63338 62653 6206 3719 13194 5526 43678 9075 17665 2867
internal_value=-5.04633e-06 -0.000163878 -9.74083e-05 0.00013218 -1.24209e-05 2.12631e-05 0.000281188 0.000183176 2.83372e-05 -0.000351363 3.30497e-05 -0.000684222 0.000481188 0.000165874
internal_weight=437618 202840 179869 234778 134772 128861 96416.5 71268 138362 45097 47397 22971 23871 65520
internal_count=437605 202837 179866 234768 134769 128858 96414 71268 138354 45097 47397 22971 23871 65520
is_linear=0
shrinkage=0.03


Tree=40
num_leaves=15
num_cat=0
split_feature=45 9 46 30 62 13 54 58 70 12 19 57 50 67
split_gain=10.653 6.2981 3.86652 3.67831 3.25278 3.17466 2.68524 2.64025 3.14204 2.43767 2.43305 2.1971 3.08035 2.10356
threshold=-0.0015368394088000057 0.041058082133531577 0.7741072177886964 0.55185002088546764 0.1305235102772713 0.2730910331010819 0.0093457233160734194 0.011911304201930763 -0.0096128974109888059 0.5000002682209016 0.091064997017383589 0.015325488056987526 -0.017546268180012699 -0.0064653393346816293
decision_type=2 10 10 10 2 10 2 2 2 10 8 2 2 2
left_child=3 2 5 11 -4 10 9 -5 -9 -3 -2 12 -1 -14
right_child=1 6 4 7 -6 -7 -8 8 -10 -11 -12 -13 13 -15
leaf_value=0.0017404893371869177 1.8424619436090822e-05 -0.00038549496248042853 -0.0017031394304624803 0.00057847013784499506 -0.0002891087509022771 0.00014484980210260529 0.00023310672288289863 0.00086219918634651668 -0.00029186685154521206 -0.00095547632973312939 -0.00027503812434447218 -0.0012178306921798545 -9.1728922372183067e-05 0.00018258146477282027
leaf_weight=1044 61001.5 37674 1540 30354 28088 82673 5172 2933 7651 8228 43594 1107 34534 92660.5
leaf_count=1044 60999 37674 1540 30350 28088 82672 5172 2933 7651 8228 43593 1107 34534 92657
internal_value=2.85959e-06 -0.000115046 -4.44661e-05 0.000188402 -0.000362882 5.91929e-06 -0.000414744 0.000436226 2.81999e-05 -0.000487758 -0.000103894 0.000109952 0.000121461 0.000108104
internal_weight=438254 267970 216896 170284 29628 187268 51074 40938 10584 45902 104596 129346 128238 127194
internal_count=438242 267966 216892 170276 29628 187264 51074 40934 10584 45902 104592 129342 128235 127191
is_linear=0
shrinkage=0.03


Tree=41
num_leaves=15
num_cat=0
split_feature=9 45 79 30 63 20 0 18 44 65 54 18 51 30
split_gain=8.69031 7.31243 6.07598 3.60764 3.35479 3.25648 3.09737 3.03216 3.3369 3.02783 2.93979 2.69284 2.64732 2.35527
threshold=0.026212816126644615 -0.0033693531295284625 719.50000000000011 0.53914999961853038 0.97593259811401378 -0.024194999597966668 0.00031000000308267778 -0.076384998857974992 -0.011997714173048733 0.022249725647270683 0.0034541763598099355 0.09271500259637834 0.0293258260935545 0.29285000264644628
decision_type=10 2 8 10 2 10 8 8 2 10 2 10 10 10
left_child=3 6 4 -1 7 11 -2 -3 -9 -8 -10 -4 -12 -6
right_child=1 2 5 -5 13 -7 9 8 10 -11 12 -13 -14 -15
leaf_value=6.1125937962857904e-05 -0.00025423550087630268 0.0002269014044891279 -0.00054674211265566747 0.0003575504219742124 7.2650897153850509e-05 0.0012034111252502548 0.0010770403634847981 -0.001079721772389002 -0.00025394508142364267 0.00015617443998992934 -0.00075780100655153644 -0.0013452696574378529 8.8808323488487225e-05 -0.0011340179596489826
leaf_weight=89113.5 16708 20908.5 19648 63127.5 2060 831 3351 3463 78837 75815 3553 4713 50576 4954
leaf_count=89110 16706 20908 19648 63123 2060 831 3351 3463 78836 75815 3553 4713 50576 4954
internal_value=1.01124e-06 -9.66214e-05 -0.000204616 0.000184048 -0.000138105 -0.000638411 0.000116883 -0.000109474 -0.000161032 0.000195219 -0.000137066 -0.000701474 3.31725e-05 -0.000779822
internal_weight=437658 285418 189544 152241 164352 25192 95874 157338 136429 79166 132966 24361 54129 7014
internal_count=437647 285414 189542 152233 164350 25192 95872 157336 136428 79166 132965 24361 54129 7014
is_linear=0
shrinkage=0.03


Tree=42
num_leaves=15
num_cat=0
split_feature=45 9 13 32 6 19 58 15 22 10 46 54 51 58
split_gain=8.75633 6.80039 5.21295 3.42547 3.0147 3.34747 2.95655 2.85548 2.58421 2.39486 2.59379 2.29703 2.17247 2.44356
threshold=-0.0015368394088000057 0.026316921226680282 0.2690082341432572 -0.11840000003576277 -0.00062050000997260202 0.17044999450445178 0.011128032114356758 0.38345000147819525 0.33865000307559973 -0.0035083474358543749 0.46538431942462927 -0.0017170960200019179 0.10196938365697862 0.015960069373250011
decision_type=2 10 8 10 10 8 2 10 10 10 10 2 10 2
left_child=4 11 3 -3 5 6 8 -5 -1 -4 -11 -2 -7 -14
right_child=1 2 9 7 -6 12 -8 -9 -10 10 -12 -13 13 -15
leaf_value=0.00016449875937396126 -0.00057319118608818481 -0.00065380307320130298 -0.00026286465878479762 -0.00024148099148026695 -0.00013782890130003731 0.00020017452477182076 0.00012524666585562145 -0.0024561632440137063 0.00059085927997683859 0.00027696622235902054 -0.00017123711342966518 0.00012345955644439848 -0.00015607736496177238 -0.0016463762119006975
leaf_weight=19111.5 4464 27380 26872.5 69661 25460.5 21455 44747 523 38732 28002 19857 90990 19252 1039
leaf_count=19109 4464 27380 26872 69660 25458 21455 44747 523 38729 28002 19857 90988 19252 1039
internal_value=-5.39744e-06 -0.00011227 -0.000224802 -0.000369218 0.000163127 0.000216217 0.000308374 -0.000258158 0.000450016 -3.62509e-05 9.10054e-05 9.08517e-05 -1.02669e-05 -0.000232775
internal_weight=437546 267750 172296 97564 169797 144336 102590 70184 57843.5 74731.5 47859 95454 41746 20291
internal_count=437535 267746 172294 97563 169789 144331 102585 70183 57838 74731 47859 95452 41746 20291
is_linear=0
shrinkage=0.03


Tree=43
num_leaves=15
num_cat=0
split_feature=62 18 24 12 43 68 12 10 79 14 64 13 79 50
split_gain=7.12255 4.90444 3.95196 3.75025 2.78847 2.66943 2.36452 2.53772 3.96842 2.90638 2.55511 2.16079 2.38405 2.09291
threshold=0.74149441719055187 0.11545000225305559 1.2824999690055849 0.48289224505424505 0.0012049100478179755 0.011252517811954023 0.69843712449073803 -0.0027407906018197532 876.50000000000011 -0.087274998426437364 0.81584453582763683 0.42024992406368261 78.500000000000014 -0.012645019218325613
decision_type=2 10 8 10 2 2 8 8 8 8 10 8 8 2
left_child=1 2 4 5 -1 -3 7 8 -2 10 -10 12 -6 -4
right_child=6 3 13 -5 11 -7 -8 -9 9 -11 -12 -13 -14 -15
leaf_value=0.00028502896966277515 -0.00024977143213104349 -7.1904570695090436e-05 0.0010805024580781821 -0.00091568679726843701 6.7622612098915103e-05 -0.0018945271460411785 -0.00088477599136434692 -5.3300287434698501e-05 -0.00045985194572741966 -0.0013190010058661563 0.004650875114192583 0.00030700963387357425 -0.00034910707383116208 -0.00011978764308589764
leaf_weight=99324 43480 27186 1329 6593 80901.5 738 4487 60858 238 4867 134 27210.5 14577 65729
leaf_count=99322 43476 27186 1329 6593 80900 738 4487 60858 238 4867 134 27210 14577 65726
internal_value=-6.3084e-06 6.55461e-05 0.000105906 -0.00027242 0.000166867 -0.000120405 -0.000210146 -0.000182482 -0.00034383 -0.00112346 0.00141838 7.12003e-05 3.98424e-06 -9.59207e-05
internal_weight=437652 323588 289071 34517 222013 27924 114064 109577 48719 5239 372 122689 95478.5 67058
internal_count=437641 323581 289064 34517 222009 27924 114060 109573 48715 5239 372 122687 95477 67055
is_linear=0
shrinkage=0.03


Tree=44
num_leaves=15
num_cat=0
split_feature=9 61 71 32 19 23 19 27 13 52 20 22 63 49
split_gain=6.65029 4.85499 3.50905 3.49134 3.13799 2.93846 3.73751 2.87714 2.83154 2.59003 2.37478 2.29139 2.14384 2.11175
threshold=0.026316921226680282 0.97228622436523449 -0.0019801985472440715 -0.11840000003576277 0.10125000029802324 0.62505000829696666 0.032685000449419029 14.385000228881838 0.47727359831333166 1.3529390692710879 -0.24294999986886975 0.59784999489784252 0.87393131852149974 0.033002272248268134
decision_type=10 2 2 10 10 8 10 10 8 10 8 10 2 10
left_child=5 2 13 8 -5 11 10 -3 -4 12 -7 -1 -8 -2
right_child=1 7 3 4 -6 6 9 -9 -10 -11 -12 -13 -14 -15
leaf_value=-0.00039096899433010518 0.00087127001872618732 -0.0012795350449951153 -0.00043857063833248751 6.6356762586585878e-05 -0.00021686537323623912 9.882810256368035e-05 0.00020194586141381471 -0.00028425857824511359 0.00020159782812371327 -0.00031434624211916458 0.00050365335104625355 0.00026303820210464563 -0.00046385423340748115 7.1663289207605965e-05
leaf_weight=14255.5 3088 4633 43623 80211 62745 18809 53158 5999 7249 13470 42548 7280 4736 76394
leaf_count=14254 3088 4633 43623 80210 62744 18807 53158 5999 7249 13470 42545 7279 4736 76393
internal_value=-3.41187e-06 -8.95531e-05 -6.50793e-05 -0.000133914 -5.79559e-05 0.000155147 0.00020789 -0.000718358 -0.000347339 6.02657e-05 0.000379572 -0.000169874 0.000147445 0.000102782
internal_weight=438198 283942 273310 193828 142956 154256 132721 10632 50872 71364 61357 21535.5 57894 79482
internal_count=438188 283939 273307 193826 142954 154249 132716 10632 50872 71364 61352 21533 57894 79481
is_linear=0
shrinkage=0.03


Tree=45
num_leaves=15
num_cat=0
split_feature=45 79 18 69 50 68 57 24 25 56 0 53 68 23
split_gain=9.52941 5.81136 4.40445 2.75888 3.7949 3.34863 2.82297 2.63547 2.56299 3.094 3.37705 2.5543 2.47543 2.3583
threshold=-0.0002587288618087768 636.50000000000011 0.070284999907016768 0.20942982286214831 -0.010751190595328806 -0.0075509666930884114 0.0023892046883702282 0.81264999508857738 0.096905000507831587 0.016647935844957832 0.0047005000524222859 6.5256779635092257e-05 -0.0013504615053534506 0.52275002002716076
decision_type=2 8 8 2 2 2 2 10 10 2 10 2 2 10
left_child=3 2 11 4 -1 -6 7 -5 9 -4 -11 12 -2 -14
right_child=1 -3 8 6 5 -7 -8 -9 -10 10 -12 -13 13 -15
leaf_value=0.00091066580381427454 -0.00080279437626365132 -0.00052643906043901801 -0.00033628523471110751 0.00047895047207470638 -0.0010356238345420815 -2.7173899774594383e-05 -4.2488257526764566e-05 0.00017818906603961923 1.3082341585927107e-05 -0.0015114078827148242 0.00067306491615311205 0.00012661908346163492 -0.00074384342916888218 -3.1229686996575779e-05
leaf_weight=3651 4395 28538 34196 43662.5 3156 47430 27342 65658 16260 3928 757 80945 4425 73948.5
leaf_count=3651 4395 28538 34196 43662 3156 47428 27340 65652 16260 3928 757 80945 4425 73946
internal_value=-9.43504e-07 -0.000123823 -7.13117e-05 0.000158298 -2.27353e-05 -9.0186e-05 0.000230143 0.000298329 -0.000303195 -0.000435447 -0.0011581 6.79672e-06 -0.000110386 -7.1509e-05
internal_weight=438292 247392 218854 190900 54237 50586 136662 109320 55141 38881 4685 163714 82768.5 78373.5
internal_count=438279 247390 218852 190889 54235 50584 136654 109314 55141 38881 4685 163711 82766 78371
is_linear=0
shrinkage=0.03


Tree=46
num_leaves=15
num_cat=0
split_feature=45 60 62 19 1 13 12 8 45 72 34 26 31 66
split_gain=8.45898 4.91404 4.25079 2.8886 3.06968 2.88371 2.67967 2.67622 2.58498 2.49599 2.4636 2.35189 2.30474 2.16074
threshold=-0.0016387985670007763 0.91116303205490123 0.92323201894760143 0.29954999685287481 0.0075604999437928208 0.26066020131111151 0.59525373578071605 0.0014504999853670599 0.027432356961071495 -0.012058732099831103 0.01074500009417534 0.098075002431869521 1.0975000262260439 0.20024752616882327
decision_type=2 2 2 10 8 10 10 10 2 2 8 8 8 8
left_child=3 2 5 4 -1 8 13 -4 -2 -5 12 -12 -11 -6
right_child=1 -3 7 9 6 -7 -8 -9 -10 10 11 -13 -14 -15
leaf_value=-1.7746069430799013e-05 -0.00012899914897658904 -0.00045432662856216159 -0.0005190153480843213 -0.0025219774031567865 4.9372700679551653e-05 0.00010879492326519599 -0.00020453302406108685 0.00030263500615391445 0.0013195574830886991 -0.00023237072592158638 -0.0029227620481979098 -0.00055898821129197194 0.00057749862661456695 0.00040160279592931365
leaf_weight=39318 110574.5 31821 24544 399 19353 97507 9027 4171 1115 11086 475 1815 4419 82493
leaf_count=39311 110573 31821 24544 399 19353 97505 9027 4170 1115 11086 475 1815 4419 82493
internal_value=-7.84472e-08 -0.00010423 -5.7396e-05 0.000166759 0.000210006 -1.04108e-05 0.000290769 -0.000399635 -0.00011448 -0.000190205 -0.000137228 -0.00105459 -1.44228e-06 0.000334677
internal_weight=438118 269732 237912 168385 150191 209196 110873 28715 111690 18194 17795 2290 15505 101846
internal_count=438106 269728 237907 168378 150184 209193 110873 28714 111688 18194 17795 2290 15505 101846
is_linear=0
shrinkage=0.03


Tree=47
num_leaves=15
num_cat=0
split_feature=70 60 30 64 1 72 3 43 19 10 15 66 52 19
split_gain=5.81893 4.40461 3.6606 3.5726 3.2072 3.14909 2.88313 2.5469 2.35254 2.3393 2.30916 2.20215 2.43705 2.11057
threshold=0.003690026700496674 0.78483533859252941 0.57945001125335704 0.90042391419410717 0.0021440000273287301 0.0081842537038028258 -8.1499998486833633e-05 0.012445978354662659 0.17294999957084659 -0.0033579858718439932 0.11694999784231187 0.86847350001335155 0.21762081235647204 0.040605001151561744
decision_type=2 2 10 8 10 2 10 2 10 8 8 8 10 8
left_child=1 2 6 10 9 -5 8 -4 -1 11 -3 12 -2 -11
right_child=4 3 7 5 -6 -7 -8 -9 -10 13 -12 -13 -14 -15
leaf_value=0.00020027865408629749 -0.0013892149301669443 3.2239276843712716e-05 0.00041871205179682265 -0.00079428556321337735 0.00017633115545398909 0.0011993829869368876 -0.00017342992247262607 -0.0016578759117495158 -5.5240150154589005e-05 0.00010032748760487514 -0.00044325757419762908 -0.00099128967300844001 -0.00027719531740088497 -0.00025712460516895072
leaf_weight=116290 1853 52358 39464 9734 19871 765 34414 534 44966 24267 11144 5046 39302 38363
leaf_count=116290 1853 52357 39462 9734 19868 765 34411 534 44966 24267 11144 5046 39302 38362
internal_value=-4.57283e-06 6.58909e-05 0.000129291 -0.000136013 -0.000174111 -0.000648517 7.58294e-05 0.000390784 0.000129028 -0.000238102 -5.12342e-05 -0.000400032 -0.000327427 -0.000118627
internal_weight=438371 309669 235668 74001 128702 10499 195670 39998 161256 108831 63502 46201 41155 62630
internal_count=438361 309663 235663 74000 128698 10499 195667 39996 161256 108830 63501 46201 41155 62629
is_linear=0
shrinkage=0.03


Tree=48
num_leaves=15
num_cat=0
split_feature=45 79 16 20 24 23 18 51 58 22 25 0 64 11
split_gain=6.36518 5.01893 3.73744 3.18858 3.09896 2.99173 2.74174 2.62067 2.61759 2.50573 2.49659 3.09534 3.53003 2.43775
threshold=-0.0033693531295284625 669.50000000000011 0.090894997119903578 -0.062385000288486474 0.83875000476837169 0.52275002002716076 0.094185002148151412 0.33298915624618536 0.011389730963855984 0.049019999802112586 0.069409999996423735 -0.00010349999865866265 0.81584453582763683 -0.2224507853388786
decision_type=2 8 8 8 10 10 10 10 2 10 10 10 10 8
left_child=4 2 5 6 13 -2 8 -6 -3 -9 11 12 -4 -1
right_child=1 3 10 -5 7 -7 -8 9 -10 -11 -12 -13 -14 -15
leaf_value=0.00010902579283473877 -0.0004670707578694357 -0.00069121139894610386 -0.00027369876366456871 9.4030466018372674e-05 0.00010059333933873467 9.0785524550164609e-05 -0.0013639376383648971 0.00079139644584246894 2.6551447274951614e-05 -0.00085134246928566019 -1.6915911944510815e-05 0.00022865376257346579 -0.0009237399742132767 0.00050668154132097463
leaf_weight=23733 9165 14400 36061 8055 78063 153195.5 3553 1010 6699 4744 48814 8052 9497 33407.5
leaf_count=23733 9163 14400 36061 8055 78061 153192 3553 1010 6699 4744 48814 8051 9497 33406
internal_value=5.13214e-06 -7.35495e-05 -3.02384e-05 -0.000424123 0.000171187 5.9282e-05 -0.000593413 5.50376e-05 -0.000463367 -0.000562556 -0.00017214 -0.000313463 -0.000409293 0.000341541
internal_weight=438449 297492 264784 32707 140958 162360 24652 83817 21099 5754 102424 53610 45558 57140.5
internal_count=438439 297485 264778 32707 140954 162355 24652 83815 21099 5754 102423 53609 45558 57139
is_linear=0
shrinkage=0.03


Tree=49
num_leaves=15
num_cat=0
split_feature=45 63 60 13 51 63 52 79 12 65 11 0 19 56
split_gain=7.66848 4.98901 4.40228 3.87709 2.9102 2.73627 2.68509 2.63032 2.60487 2.5595 2.44273 2.55672 2.39357 2.38062
threshold=-0.0002587288618087768 0.96888023614883434 0.9568796455860139 0.25862099230289465 0.31452110409736639 0.042594425380229957 14.225331306457521 719.50000000000011 0.53133252263069164 0.80681511759758007 -0.25634083151817316 -0.017801499925553795 0.065944999456405654 0.016647935844957832
decision_type=2 2 2 10 10 2 8 8 10 8 8 10 10 2
left_child=4 2 3 7 5 -1 -3 -2 10 -4 -7 12 -12 -5
right_child=1 6 9 13 -6 8 -8 -9 -10 -11 11 -13 -14 -15
leaf_value=0.00064417319671147767 -0.0001090932588025422 -0.00075458409911742356 -0.00074412295643938966 0.00013222258501398729 -0.00031847299666957856 5.7691651777064219e-05 0.0016705934351200567 -0.00056010738564482641 -0.0001591362680828192 0.00035938753772721699 0.00059388893980684898 1.025198326604472e-05 0.00021410413866968645 -0.00045558837206203704
leaf_weight=10520 104883.5 12724 12523 94813.5 11444.5 67077.5 420 13086 21959 2225 29507 20063 30256 6630
leaf_count=10520 104881 12724 12523 94813 11444 67074 420 13086 21958 2225 29507 20059 30256 6630
internal_value=2.38117e-06 -0.000107868 -7.59359e-05 -4.22056e-05 0.000145259 0.000174852 -0.000676485 -0.000159145 0.000145596 -0.000577573 0.000191151 0.000303286 0.000401651 9.37847e-05
internal_weight=438132 247305 234161 219413 190827 179382 13144 117970 168862 14748 146904 79826 59763 101444
internal_count=438120 247302 234158 219410 190818 179374 13144 117967 168854 14748 146896 79822 59763 101443
is_linear=0
shrinkage=0.03


Tree=50
num_leaves=15
num_cat=0
split_feature=45 79 19 24 11 20 61 54 23 51 50 69 35 25
split_gain=6.69001 4.78721 3.5666 3.50973 2.8136 2.72217 2.71859 2.46948 2.60472 2.33044 2.56134 2.25356 2.21951 2.18088
threshold=-0.0012184517690911887 719.50000000000011 0.091064997017383589 0.82394999265670787 0.41535660624504095 -0.044075001031160348 0.90046322345733654 -0.0017170960200019179 0.63464999198913585 0.41693711280822759 -0.011572268791496752 0.32247899472713476 -0.042564999312162392 0.070870000869035735
decision_type=2 8 8 10 8 8 2 2 10 10 2 2 8 10
left_child=3 2 7 11 6 -6 -3 -2 -9 10 -5 12 -1 -8
right_child=1 4 -4 9 5 -7 13 8 -10 -11 -12 -13 -14 -15
leaf_value=0.00063820109463804363 -0.00044764664616883166 -0.00046007865400978122 -0.00018633674935007491 0.00090736701613524577 -0.0003001839821148244 0.0011060647080034292 -0.00091048839317335335 -0.00028074809888891067 0.00013562635029220309 -0.0006719324393547856 3.3939444390163212e-05 0.0004602444882956852 -3.4610449184664302e-06 -0.0025125372493068573
leaf_weight=5984 8394 18844 101097 3113 4108 1768 3051 15436.5 108776.5 4057.5 97893 38615 25546.5 1021
leaf_count=5984 8394 18844 101096 3113 4108 1768 3051 15434 108775 4057 97887 38615 25545 1021
internal_value=-1.26987e-06 -9.70902e-05 -5.21175e-05 0.000142286 -0.00046206 0.000123516 -0.000612204 5.02118e-05 8.38724e-05 3.25697e-05 6.0902e-05 0.000306604 0.000118398 -0.00131477
internal_weight=437705 262496 233704 175209 28792 5876 22916 132607 124213 105064 101006 70145.5 31530.5 4072
internal_count=437692 262491 233699 175201 28792 5876 22916 132603 124209 105057 101000 70144 31529 4072
is_linear=0
shrinkage=0.03


Tree=51
num_leaves=15
num_cat=0
split_feature=9 12 45 55 45 54 10 14 23 30 15 68 72 61
split_gain=6.89425 3.875 3.10819 2.87731 2.62241 2.4614 2.30748 2.24986 2.86607 2.19821 2.14736 2.1435 2.86347 2.03157
threshold=0.036173895001411445 0.4953379780054093 -0.0002587288618087768 0.37928850948810583 -0.0043910669628530732 0.0093457233160734194 -0.0067779021337628356 0.0074124999810010203 0.6155499815940858 0.35825000703334814 0.38345000147819525 0.0016560437506996097 0.011757950764149429 0.97228622436523449
decision_type=10 10 2 2 2 2 10 8 10 8 10 2 2 2
left_child=2 4 7 -4 -2 6 13 8 9 -1 -3 -5 -13 -6
right_child=1 10 3 11 5 -7 -8 -9 -10 -11 -12 12 -14 -15
leaf_value=-0.0013300928344699868 0.00010031287902236049 -0.0004934746467683968 -0.00026350647335708584 -0.00010317234492642765 -0.00040551254731728109 0.00038651915183960484 -0.00012157188651786337 0.00032119713115323449 0.00014765773723404637 -0.00018645614916653748 -0.0024312321040301098 0.00011875254232135542 0.0015482690410117356 -0.0013773828856365382
leaf_weight=1824.5 35527 22762 32864 52335 24402 5645 39881 58540.5 65859 8747.5 522 85729 1275 2099
leaf_count=1824 35527 22761 32862 52335 24402 5645 39881 58537 65854 8746 522 85729 1275 2099
internal_value=-4.21473e-06 -0.000186578 7.34629e-05 -1.10234e-05 -0.000110602 -0.000214634 -0.000265781 0.000181251 7.40484e-05 -0.000384359 -0.00053743 4.85337e-05 0.000139789 -0.000482734
internal_weight=438012 130838 307174 172203 107554 72027 66382 134972 76431 10572 23284 139339 87004 26501
internal_count=437999 130837 307162 172201 107554 72027 66382 134961 76424 10570 23283 139339 87004 26501
is_linear=0
shrinkage=0.03


Tree=52
num_leaves=15
num_cat=0
split_feature=9 23 12 9 58 24 55 50 11 58 9 60 70 30
split_gain=6.20562 3.42362 3.37385 3.07071 2.66365 3.01661 2.53726 2.52038 2.3266 3.46914 2.2835 2.26982 3.56273 2.27662
threshold=0.039789237082004554 0.45964999496936804 0.45374028384685522 0.021325516514480117 0.011410915292799475 1.5665000081062319 0.17095620930194858 -0.0065277747344225636 -0.16320129483938214 0.014719274360686542 0.059419468045234687 0.76101878285408031 -0.0041411696001887313 0.60965001583099376
decision_type=10 8 10 10 2 10 2 2 8 2 10 2 2 10
left_child=1 -1 7 6 5 10 -3 -2 9 -9 -4 12 13 -5
right_child=2 3 4 11 -6 -7 -8 8 -10 -11 -12 -13 -14 -15
leaf_value=-0.0004378406859304871 0.00030504978286919037 -0.00065235746938200636 -0.00047604763842390565 0.00024904295488527566 -0.0001837804026392768 -0.002030038009450555 0.00029878707178878885 -0.00048542646705723638 -2.4174368694771842e-06 0.00042875828961421358 -0.0018724324999313299 -0.00012579482175864706 1.4762841666303249e-05 0.00098825235483037863
leaf_weight=11889 10848 2622.5 8190 41523.5 9563 1696 64409 28476 30805 4296 1206 61296.5 157170.5 4118
leaf_count=11887 10848 2622 8189 41523 9563 1696 64405 28476 30805 4296 1206 61296 157168 4117
internal_value=2.79577e-06 6.22394e-05 -0.000211656 8.02002e-05 -0.000550834 -0.000867065 0.000261529 -0.000117495 -0.000189611 -0.000365541 -0.000656178 3.41743e-05 8.25242e-05 0.000315839
internal_weight=438109 343029 95080 331140 20655 11092 67031.5 74425 63577 32772 9396 264108 202812 45641.5
internal_count=438097 343018 95079 331131 20654 11091 67027 74425 63577 32772 9395 264104 202808 45640
is_linear=0
shrinkage=0.03


Tree=53
num_leaves=15
num_cat=0
split_feature=61 60 18 7 65 23 10 54 27 14 27 12 66 72
split_gain=5.81977 5.18484 4.25085 2.89974 2.61008 2.54238 2.48775 2.78553 2.46343 2.33215 2.31551 2.30616 2.26116 2.22119
threshold=0.80039063096046459 0.95315825939178478 0.12215000018477441 0.47222200036048895 0.022249725647270683 0.49355000257492071 -0.0018339896923862396 0.00017627525085117671 11.59500026702881 0.056985000148415572 15.805000305175783 0.48289224505424505 0.22062275558710101 0.017743686214089397
decision_type=2 2 10 10 10 8 8 2 8 8 10 10 10 2
left_child=1 2 4 6 -1 10 9 8 -8 -2 -6 -4 -7 -5
right_child=3 -3 11 13 5 12 7 -9 -10 -11 -12 -13 -14 -15
leaf_value=0.00066456948633450278 -0.00040984418298359673 -0.0004555236780787701 -0.000128232880787793 9.1179956327862185e-05 -0.00060034744283794436 -2.8058272573673649e-05 -0.0022430765618336929 3.0262670317126513e-06 -0.00044803548964112582 -0.0012442767234675193 0.00019884024308305638 -0.00078522357315560743 0.00016887523373682959 0.0029977326979133065
leaf_weight=7564 29101 17076.5 24612 16902.5 8577 69832 744 29373 8537 3360 5261 5972 211064.5 235
leaf_count=7564 29100 17076 24612 16901 8577 69831 744 29373 8537 3360 5261 5972 211060 235
internal_value=-6.7133e-07 5.42311e-05 8.03874e-05 -0.000218374 0.000114487 0.000100359 -0.000302787 -0.000140156 -0.000593063 -0.000496394 -0.000296546 -0.000256628 0.000119917 0.000131899
internal_weight=438212 349959 332882 88252.5 302298 294734 71115 38654 9281 32461 13838 30584 280896 17137.5
internal_count=438203 349953 332877 88250 302293 294729 71114 38654 9281 32460 13838 30584 280891 17136
is_linear=0
shrinkage=0.03


Tree=54
num_leaves=15
num_cat=0
split_feature=60 61 30 54 73 54 16 24 10 1 5 71 61 54
split_gain=5.66769 4.4783 3.42229 3.59206 3.19791 3.03572 4.17954 3.31007 2.64899 2.5425 2.42069 2.28271 2.21722 2.16988
threshold=0.89934787154197704 0.92688494920730602 0.53914999961853038 0.017100393772125248 1.0000000180025095e-35 0.0027560647577047352 -0.097364999353885637 0.6635500192642213 -0.0035083474358543749 0.012532500084489586 0.51787999272346508 -0.0037914342246949668 0.54505470395088207 0.013929315842688085
decision_type=2 2 10 2 2 2 8 8 10 10 8 2 2 2
left_child=1 2 5 4 -4 7 10 -1 -6 -3 13 -9 -13 -7
right_child=-2 9 3 -5 8 6 -8 11 -10 -11 -12 12 -14 -15
leaf_value=0.00025760958944990914 -0.00032490979495734546 -0.00043524226479405259 -0.00011997250411072226 -0.0017135778417352388 9.119041147089059e-05 -0.00076357877971898458 4.1435417228569055e-05 0.00012533088788009282 0.00044919996031549938 0.00044941327225199793 0.00067914433299592935 -8.5364880810931521e-05 -0.0003582654620104687 0.0016435850992500187
leaf_weight=22295 45202 25167 19294.5 862 30288.5 1959 89107 24539 48212 3304 15567 67202 44561.5 402
leaf_count=22295 45201 25166 19294 862 30284 1959 89107 24538 48212 3304 15567 67201 44560 402
internal_value=-6.80913e-06 2.98041e-05 5.81256e-05 0.000209001 0.000226034 2.0869e-06 0.000125535 -8.12279e-05 0.000311081 -0.000332519 0.000543406 -0.000136659 -0.000194185 -0.000351111
internal_weight=437962 392760 364290 98657 97795 265632 107035 158598 78500.5 28471 17928 136302 111764 2361
internal_count=437952 392751 364281 98652 97790 265629 107035 158594 78496 28470 17928 136299 111761 2361
is_linear=0
shrinkage=0.03


Tree=55
num_leaves=15
num_cat=0
split_feature=9 45 9 12 23 27 55 27 20 49 37 24 27 10
split_gain=5.55608 5.59329 3.75809 2.87384 2.82375 2.77456 2.76817 2.63911 3.23353 2.49481 2.34047 2.30659 2.53542 2.15462
threshold=0.022326068952679638 -0.0033693531295284625 0.040842965245246894 0.44693219661712652 0.45964999496936804 13.50500011444092 0.17095620930194858 14.925000190734865 -0.088555000722408281 0.024362723343074325 -0.026364999823272225 1.5454999804496767 17.190000534057621 -0.040222574025392525
decision_type=10 2 10 10 8 8 2 10 10 10 8 10 8 10
left_child=5 9 4 -4 -3 6 -1 -6 -9 13 -7 -5 -13 -2
right_child=1 2 3 11 7 10 -8 8 -10 -11 -12 12 -14 -15
leaf_value=-0.001112650679304129 0.0023038962853480331 -0.00069932921419991155 -0.00024363916175915325 -0.00059443224114034954 -0.00017125184121012031 -0.001134708158536814 9.8630289606022333e-05 0.0001757786565674277 -0.00024250073295779891 6.7925007576830789e-05 0.00043555630829067378 -0.0024541081639352451 0.00010765443308658418 0.00047119898362155545
leaf_weight=1759 621 6416 42634 11363 90407 870 45407.5 61267 22827 108625 36656 1281 476 7516
leaf_count=1759 621 6416 42634 11363 90405 870 45402 61267 22827 108623 36656 1281 476 7516
internal_value=-1.17182e-05 -6.40155e-05 -0.000147841 -0.000363174 -8.1472e-05 0.000206516 5.33443e-05 -5.87354e-05 6.22306e-05 0.000105893 0.000399005 -0.000751368 -0.00176175 0.000612396
internal_weight=438126 353433 236671 55754 180917 84692.5 47166.5 174501 84094 116762 37526 13120 1757 8137
internal_count=438116 353429 236669 55754 180915 84687 47161 174499 84094 116760 37526 13120 1757 8137
is_linear=0
shrinkage=0.03


Tree=56
num_leaves=15
num_cat=0
split_feature=45 18 21 55 69 57 60 51 63 48 14 51 50 50
split_gain=5.55203 3.98558 3.46869 3.0767 2.57306 2.81677 2.37903 2.34615 2.27283 2.16103 2.5235 2.29362 2.21463 2.35274
threshold=0.00076083382009528588 0.072484999895095839 0.88080000877380382 0.42092235386371618 0.10791925340890886 0.01680665742605925 0.25219313800334936 0.22430101037025454 0.026385407894849781 -0.33703473210334772 -0.017125000245869156 0.10701298341155054 0.0029214796377345924 -0.012645019218325613
decision_type=2 8 10 2 2 2 2 10 2 10 10 10 2 2
left_child=4 3 7 -2 8 6 -6 -3 -1 11 -11 -8 13 -13
right_child=1 2 -4 -5 5 -7 9 -9 -10 10 -12 12 -14 -15
leaf_value=0.00118161337029652 -0.00022760016915412016 -0.00017074139967631271 -0.00209815840057293 5.8179260447415004e-05 0.00032006180691260716 -0.0012420299084253401 0.00052594322075808755 -0.00061218434181508719 -0.00021181426446647815 -0.00024326472342938799 0.00011583399110834798 0.0012898163020843639 0.0020660245774371416 -6.6049474402334098e-05
leaf_weight=1093 47071.5 44881 952 121178 61043.5 1280 17718.5 14282 26037 25736 55768.5 1220 480 19275.5
leaf_count=1093 47069 44881 952 121178 61040 1280 17718 14282 26036 25736 55767 1220 480 19274
internal_value=5.64118e-06 -9.66959e-05 -0.000306356 -2.17782e-05 0.000117112 0.000157632 0.00016755 -0.000277349 -0.000155469 9.00866e-05 2.4364e-06 0.000274688 6.23712e-05 1.49537e-05
internal_weight=438016 228364 60115 168250 209652 182522 181242 59163 27130 120198 81504.5 38694 20975.5 20495.5
internal_count=438006 228362 60115 168247 209644 182515 181235 59163 27129 120195 81503 38692 20974 20494
is_linear=0
shrinkage=0.03


Tree=57
num_leaves=15
num_cat=0
split_feature=19 49 14 25 49 20 53 32 20 45 45 26 58 9
split_gain=5.1987 3.30135 3.29764 3.11666 2.9827 3.18646 2.64342 2.54433 2.34039 2.35323 2.32434 2.70949 2.30113 2.22134
threshold=0.12014999985694887 0.99997109174728405 -0.15924999862909314 -0.051869999617338174 0.048820050433278091 -0.49365000426769251 0.0024168425006791954 0.11219999939203264 -0.14064999669790265 -0.031004097312688824 0.0059607247821986684 0.24279999732971194 0.012615301646292211 0.031457640230655677
decision_type=10 10 10 8 10 8 2 8 10 2 2 10 2 10
left_child=1 4 -2 -4 -1 6 12 -7 9 -5 11 -10 -6 -12
right_child=2 -3 3 8 5 7 -8 -9 10 -11 13 -13 -14 -15
leaf_value=0.00047458906363962209 0.0040684938801223867 -0.000765279375999186 -0.00071063728275020863 0.0013861694694815713 -0.0010944821114393006 0.00013123198409254036 0.00039159901097143303 -9.7462433644441641e-05 -1.021364077494924e-05 -0.00048752139431746191 -3.6054761763711779e-06 0.00091446543665591351 1.1027091039414656e-05 -0.00045015313853793585
leaf_weight=16636 162 4166 8408 619 5189 200418 2480 56017 79578 18391 17874 2953 2515 22829
leaf_count=16635 162 4166 8408 619 5189 200410 2480 56016 79578 18390 17874 2953 2515 22829
internal_value=-2.25911e-06 7.25881e-05 -0.0001449 -0.000149566 8.49244e-05 6.06023e-05 -0.000459695 8.12739e-05 -0.000116377 -0.000426162 -6.85749e-05 2.29252e-05 -0.000733811 -0.000254084
internal_weight=438235 287421 150814 150652 283255 266619 10184 256435 142244 19010 123234 82531 7704 40703
internal_count=438224 287411 150813 150651 283245 266610 10184 256426 142243 19009 123234 82531 7704 40703
is_linear=0
shrinkage=0.03


Tree=58
num_leaves=15
num_cat=0
split_feature=79 19 65 20 18 51 63 72 27 24 68 59 55 35
split_gain=4.98936 5.2005 4.67894 3.73396 3.42002 3.3392 2.90209 2.73968 2.39403 2.30289 3.19258 2.74601 3.28555 2.62791
threshold=636.50000000000011 0.092794999480247511 0.018989542499184612 -0.060295000672340386 0.09271500259637834 0.24368084967136386 0.90792226791381847 0.01084061060100794 15.275000095367433 1.3594999909400942 0.0018786024302244189 1.0276133418083193 0.73804774880409252 -0.031560000032186501
decision_type=8 8 10 8 10 10 2 2 8 10 2 8 2 8
left_child=1 9 -2 4 6 -3 8 -7 -4 -1 13 -12 -13 -11
right_child=2 5 3 -5 -6 7 -8 -9 -10 10 11 12 -14 -15
leaf_value=0.00017191122686674204 0.0013479537068570465 -3.8175659136788972e-05 -0.0005207874351213633 0.00013487315505701454 -0.0011831313286423072 -0.00050315494407498866 -0.0012320779889430731 0.001000672102111691 4.5204136102017239e-05 -0.00098986390961342788 -0.00048288799056162701 0.00050977603952648081 -0.0019785028701728388 -0.0001609846194515084
leaf_weight=188496 1522 140175 14938 11334 5429 21850 3116 1143 12230 4374 3928 12963 491 16109.5
leaf_count=188490 1522 140175 14937 11334 5429 21850 3116 1143 12230 4374 3928 12963 491 16106
internal_value=2.09723e-07 3.59602e-05 -0.000286488 -0.000339501 -0.000490047 -9.31474e-05 -0.000365623 -0.000428197 -0.000266038 0.000129025 -8.44605e-05 0.000214542 0.000418266 -0.00033818
internal_weight=438098 389530 48569 47047 35713 163168 30284 22993 27168 226362 37865.5 17382 13454 20483.5
internal_count=438088 389520 48568 47046 35712 163168 30283 22993 27167 226352 37862 17382 13454 20480
is_linear=0
shrinkage=0.03


Tree=59
num_leaves=15
num_cat=0
split_feature=9 12 64 22 23 11 14 30 45 54 20 68 64 56
split_gain=5.17575 3.3126 3.25007 3.11955 3.00244 2.68026 3.2618 2.68399 2.42061 2.25109 2.07585 2.48966 2.06409 3.42982
threshold=0.036173895001411445 0.4953379780054093 0.95720884203910839 0.3213499933481217 0.59325000643730175 -0.42838074266910547 -0.069265000522136674 0.6553499996662141 0.00035620419657789176 0.0034625633852556352 -0.35995000600814814 0.0051556336693465718 0.66731771826744091 0.028687786310911182
decision_type=10 10 10 8 10 8 8 10 2 2 10 2 10 2
left_child=2 5 3 4 -1 6 7 10 -5 -10 -2 -12 13 -7
right_child=1 -3 -4 8 -6 12 -8 -9 9 -11 11 -13 -14 -15
leaf_value=-0.00048643806842708741 -0.00027957303692724303 -0.00048183914726698443 -0.00040817563803255679 0.00026222124902820711 1.2212363346365776e-05 0.00018386064407440955 -0.00041451696168137248 -0.0027391571376432218 -4.888590110820922e-05 0.00023548660855716695 0.00038253508213250575 0.0020270085434737997 -0.00017839729319205999 -0.0027450309569171964
leaf_weight=12667 2509 23097 12296.5 97449.5 76309 41495 31833 248 68019 39655 3247 1109 26876 358
leaf_count=12665 2509 23097 12296 97447 76307 41495 31833 248 68018 39655 3247 1109 26876 358
internal_value=2.12949e-06 -0.000155871 6.95666e-05 8.9548e-05 -5.8801e-05 -8.59294e-05 -0.000284746 0.000295903 0.000153897 5.5851e-05 0.000407459 0.000803048 2.67447e-05 0.000158483
internal_weight=437168 130772 306396 294100 88976 107675 38946 7113 205124 107674 6865 4356 68729 41853
internal_count=437160 130772 306388 294092 88972 107675 38946 7113 205120 107673 6865 4356 68729 41853
is_linear=0
shrinkage=0.03


Tree=60
num_leaves=15
num_cat=0
split_feature=9 45 15 58 64 69 54 0 63 1 63 30 72 46
split_gain=4.54423 4.3721 2.73554 3.02029 3.52484 3.18514 2.4887 2.40376 2.31396 2.22244 2.72811 2.90744 2.42079 2.003
threshold=0.021673553623259071 -0.0033693531295284625 0.33664999902248388 0.011095697060227396 0.88100481033325206 0.42997199296951299 0.0023406398249790077 0.014026500284671785 0.8009154498577119 -0.0047865000087767831 0.022173058241605762 0.39384999871253973 -0.012058732099831103 0.59287613630294811
decision_type=10 2 10 2 10 2 2 8 2 8 2 8 2 10
left_child=-1 9 3 4 6 13 8 -6 -3 12 11 -11 -2 -5
right_child=1 2 -4 5 7 -7 -8 -9 -10 10 -12 -13 -14 -15
leaf_value=0.00021733554686997157 -0.0022099824657332984 -0.00015236346366031357 -0.00099914936274906794 -7.0737017384311706e-05 0.00013988089291611653 0.0001583319573659629 -1.5909859792275507e-06 -0.00071943348351967201 -0.00056543055278071846 -0.00015576705468051772 0.00012794642971244299 0.0013769095772228868 -0.00013851529189223648 -0.00061153389926516422
leaf_weight=74704 518 43928.5 3087 24057 3588 61588 66445 15929 16900 1695 97029.5 3239 17453.5 8283
leaf_count=74696 518 43927 3087 24057 3588 61588 66445 15929 16899 1695 97029 3239 17453 8283
internal_value=4.22671e-06 -3.95434e-05 -0.000112492 -0.000101101 -0.000186103 3.17426e-05 -0.000128523 -0.000561462 -0.000267163 0.000108746 0.000162963 0.000850757 -0.00019882 -0.00020932
internal_weight=438444 363740 243806 240718 146790 93928 127274 19517 60828.5 119935 101964 4934 17971.5 32340
internal_count=438433 363737 243803 240716 146788 93928 127271 19517 60826 119934 101963 4934 17971 32340
is_linear=0
shrinkage=0.03


Tree=61
num_leaves=15
num_cat=0
split_feature=9 45 79 14 24 22 19 23 25 25 49 48 10 20
split_gain=4.77505 3.91343 3.12729 3.49887 2.97189 2.52731 2.88149 2.36618 2.33916 2.32379 2.30352 2.217 2.09588 3.91739
threshold=0.026514097116887573 -0.0040460457094013682 636.50000000000011 0.11134999990463258 0.76274999976158153 0.32555000483989721 0.032685000449419029 0.59915000200271618 0.070280000567436232 0.076574999839067473 0.024362723343074325 -0.5549231469631194 0.0027270617429167037 -0.17234999686479566
decision_type=10 2 8 8 8 8 10 10 8 10 10 10 10 10
left_child=5 4 3 12 11 7 -7 -1 -8 -4 -6 -2 -3 -14
right_child=1 2 9 -5 10 6 8 -9 -10 -11 -12 -13 13 -15
leaf_value=-0.00053576687923056544 0.0010633428248272359 -0.00017463550068960398 -0.00030368416894417601 -0.00072536873372537971 0.00064252538637123049 0.00039734109463811164 -5.4541170516854405e-05 3.5477059349432703e-05 0.00031321578193045722 -0.00096315744710260274 -7.1665843196274317e-05 0.00024805019712944416 0.00031603443980470592 -0.00014500900153133014
leaf_weight=7761 3510 89001 20263 7904 4354 42496 42120 40868.5 24685 6304 60153 20602 28343 39973
leaf_count=7760 3510 89000 20263 7904 4354 42494 42120 40866 24685 6304 60152 20602 28343 39973
internal_value=-7.75476e-06 -8.20639e-05 -0.000158246 -0.000109661 8.28073e-05 0.00012418 0.000204226 -5.5736e-05 8.13613e-05 -0.00046032 -2.34143e-05 0.000366929 -7.87038e-05 4.62782e-05
internal_weight=438338 280407 191788 165221 88619 157930 109301 48629.5 66805 26567 64507 24112 157317 68316
internal_count=438330 280405 191787 165220 88618 157925 109299 48626 66805 26567 64506 24112 157316 68316
is_linear=0
shrinkage=0.03


Tree=62
num_leaves=15
num_cat=0
split_feature=19 14 65 23 25 20 9 51 11 60 79 19 30 53
split_gain=3.71451 3.96437 3.35935 4.17471 3.32539 2.96152 2.81665 2.25805 2.05057 2.01924 2.01023 2.54017 1.99799 1.95805
threshold=0.18865000456571582 -0.15924999862909314 0.16699092090129855 0.69744998216629039 0.12025000154972078 -0.027145000174641606 0.026117227971553806 0.14306221902370456 -0.12280516698956488 0.85401818156242382 76.500000000000014 -0.056175000965595238 0.60965001583099376 0.0059427246451377877
decision_type=10 10 10 8 10 10 10 10 8 2 8 8 8 2
left_child=2 -2 7 4 8 9 -5 -1 -4 -3 11 -8 -7 -12
right_child=1 5 3 6 -6 12 10 -9 -10 -11 13 -13 -14 -15
leaf_value=0.00038449957386680922 0.0047681382602931246 -0.00018679020837474787 -0.00047114438569740495 0.00020529233697202625 0.00071467741453301971 1.7237408326189786e-06 0.00021879206478239523 -3.6687114691300371e-05 -9.2324651137252656e-05 -0.00059242417554996435 -0.00032259131437183006 -6.8553494239732574e-05 0.00075147561148325209 0.00094220471065037642
leaf_weight=40292 142 58564 25864.5 84140 3190 23951 43843 16005 25579.5 13610 23097 75125.5 3687 1152
leaf_count=40291 142 58564 25861 84137 3190 23951 43843 16005 25576 13609 23097 75125 3687 1152
internal_value=5.7174e-06 -0.000154957 5.31933e-05 1.0951e-05 -0.000224509 -0.000162199 6.75357e-05 0.000264765 -0.000282811 -0.000263317 -1.34004e-05 3.73456e-05 0.000101861 -0.000262323
internal_weight=438242 99954 338288 281992 54634 99812 227358 56297 51444 72174 143218 118968 27638 24249
internal_count=438230 99953 338277 281981 54627 99811 227354 56296 51437 72173 143217 118968 27638 24249
is_linear=0
shrinkage=0.03


Tree=63
num_leaves=15
num_cat=0
split_feature=18 57 62 60 22 20 27 50 19 20 12 79 51 68
split_gain=4.23478 3.9655 3.646 2.88086 2.91166 2.63285 2.52318 2.46905 2.44577 2.35137 2.17485 1.87843 1.85166 1.98322
threshold=0.11545000225305559 0.00018753419135464358 0.7925899624824525 0.95315825939178478 0.35105000436306005 -0.019205000251531597 16.875000000000004 0.00034616886114235973 0.20564999431371692 -0.19485000520944593 0.22917383909225467 2.5000000000000004 0.035811364650726325 -0.0013504615053534506
decision_type=10 2 2 2 10 10 10 2 10 8 10 10 8 2
left_child=2 -2 3 4 6 -3 8 -4 9 -1 -6 -7 -9 -14
right_child=1 5 7 -5 10 11 -8 12 -10 -11 -12 -13 13 -15
leaf_value=-0.0002604215442098819 2.0657752550568515e-05 -0.00067948936213043602 -0.00046112336043344836 -0.00033983254546284442 0.00028937734828344294 0.0016212141675192235 0.00018489913469168519 -0.00072958127616481008 -0.00074695576567277398 8.2692875024909424e-05 7.9896071334846743e-05 -0.00014078311515800519 -0.0004338364315055849 5.590881696986587e-05
leaf_weight=32508 23625 20157 17683 14070.5 81560 601 37177 3488 5150 40199 98447.5 5364 8766 49097
leaf_count=32505 23625 20157 17680 14070 81559 601 37177 3488 5150 40198 98444 5364 8766 49096
internal_value=-4.16245e-07 -0.000260997 3.29842e-05 7.94766e-05 9.94789e-05 -0.000515684 -1.84124e-05 -0.000148847 -0.0001155 -7.07242e-05 0.000174816 3.7955e-05 -5.88104e-05 -1.83166e-05
internal_weight=437893 49747 388146 309112 295042 26122 115034 79034 77857 72707 180008 5965 61351 57863
internal_count=437880 49747 388133 309103 295033 26122 115030 79030 77853 72703 180003 5965 61350 57862
is_linear=0
shrinkage=0.03


Tree=64
num_leaves=15
num_cat=0
split_feature=19 32 65 11 12 20 64 14 30 23 17 16 79 45
split_gain=4.72631 3.53012 3.5932 2.67402 2.66641 2.52003 2.49412 2.26767 2.1996 2.15148 2.05508 1.97214 1.95922 1.88523
threshold=0.28454999625682836 0.11219999939203264 0.36711919307708746 -0.11569207534193991 0.34453931450843817 -0.029114999808371064 0.71486774086952221 -0.13024999946355817 0.47554999589920049 0.62505000829696666 53.014999389648445 0.10355000197887422 178.50000000000003 -0.00036655440635513509
decision_type=10 8 10 10 10 10 10 10 8 10 8 10 8 2
left_child=1 9 8 -4 6 7 -5 -2 -3 10 -1 -9 -7 -11
right_child=5 2 3 4 -6 12 -8 11 -10 13 -12 -13 -14 -15
leaf_value=-0.00031244807938666049 0.0024450611043860026 -0.00019934573372508251 -0.00049103234864143112 0.00056790952493647592 -0.00037405316546841133 -6.5778343337476931e-05 -0.00027578817749233171 0.00028170904675699015 0.00031920622994979818 0.0002061825440449111 0.00023555101366483014 -0.0004787890807946587 0.00095949512711403055 4.6206945695136565e-05
leaf_weight=21052 247 11798 26856 7984 12693 14849 5206 3367 19564 118456.5 8701 34320 1886 150569
leaf_count=21047 247 11797 26856 7984 12693 14849 5206 3367 19564 118453 8701 34320 1886 150568
internal_value=4.28963e-06 4.15477e-05 -0.000130143 -0.000281349 -6.37295e-05 -0.000256631 0.00023493 -0.000391902 0.000124133 8.98769e-05 -0.000152178 -0.000410817 5.00199e-05 0.000116649
internal_weight=437548 382880 84101 52739 25883 54669 13190 37934 31362 298778 29753 37687 16735 269026
internal_count=437538 382869 84100 52739 25883 54669 13190 37934 31361 298769 29748 37687 16735 269021
is_linear=0
shrinkage=0.03


Tree=65
num_leaves=15
num_cat=0
split_feature=45 13 69 8 54 51 50 14 28 56 44 72 34 25
split_gain=4.5499 4.11146 2.79434 2.66302 2.55511 2.28439 2.22555 2.28038 3.603 2.14109 2.26237 2.09504 2.00537 2.34245
threshold=-0.0023899748921394344 0.2690082341432572 0.19836065918207171 -0.00077450001845136274 0.0023937706137076025 0.046880688518285758 -0.010751190595328806 0.0055404999293386945 0.6805500090122224 0.013637135270982982 -0.012998369056731461 0.017743686214089397 0.0055879999417811641 0.036380000412464149
decision_type=2 8 2 10 2 10 2 10 10 2 2 2 10 10
left_child=2 3 6 4 -2 -4 12 -8 -9 10 -3 -5 -1 -14
right_child=1 9 5 11 -6 -7 7 8 -10 -11 -12 -13 13 -15
leaf_value=0.0011688733895493149 -0.00038035116759603023 -0.00086506612970524812 0.00052186992259647264 7.9172732252232001e-05 -0.00011152217634603393 0.00015274155508201388 -0.00031384390621660415 0.00043388677731451546 -0.00053991759658471295 -0.00027538808684860827 0.00012361959118633065 0.0036228340497049222 0.00055045433557305862 -0.0024334228520639183
leaf_weight=2303 56353.5 2119 17958 26844.5 73096 94363.5 24528 11466 4867 15183 108058.5 146 746 341
leaf_count=2303 56353 2119 17958 26840 73096 94358 24527 11466 4867 15183 108058 146 746 341
internal_value=2.57265e-06 -6.94693e-05 0.000132232 -0.000172045 -0.000228562 0.000211779 -6.96789e-05 -0.000130987 0.000143631 5.8539e-05 0.000104566 9.9009e-05 0.000668391 -0.000392466
internal_weight=438373 281800 156572 156440 129450 112322 44251 40861 16333 125360 110178 26990.5 3390 1087
internal_count=438361 281795 156566 156435 129449 112316 44250 40860 16333 125360 110177 26986 3390 1087
is_linear=0
shrinkage=0.03


Tree=66
num_leaves=15
num_cat=0
split_feature=64 10 12 1 9 50 63 26 14 64 31 20 66 25
split_gain=3.75305 4.29222 3.83162 4.29053 3.41122 3.41237 3.09129 2.62374 2.60979 2.51717 2.31676 2.27089 2.03531 2.04392
threshold=0.91182947158813488 -0.00019408371008466926 0.35483887791633612 0.0077164999675005683 0.036950929090380676 -0.010104260407388209 0.65842604637146007 0.24279999732971194 -0.042574999853968613 0.96881079673767101 0.8971499800682069 -0.49365000426769251 0.20438385754823687 0.039625000208616264
decision_type=10 8 10 8 10 2 2 10 10 10 8 8 10 10
left_child=1 4 3 -3 11 -6 8 -7 -2 -10 -11 -1 13 -13
right_child=6 2 -4 -5 5 7 -8 -9 9 10 -12 12 -14 -15
leaf_value=-0.0011412738050608153 0.00019262206208541769 -0.00011540519156055114 -3.2628622004363136e-05 0.00032868879717523727 0.0007589091767754943 -0.00040379739766075606 1.947975649948826e-05 0.00021645508752475987 -0.00040295043996941264 -0.0024559870112042807 -0.0008946638550375982 3.759915196806496e-05 9.1928933300565471e-05 -0.00040262329900342658
leaf_weight=1515 3865.5 24569 76665 96368 2777 45125 17872 7101 11490 1020 5263 20804 106264.5 17451
leaf_count=1515 3865 24569 76665 96368 2777 45124 17872 7101 11490 1020 5263 20803 106255 17451
internal_value=6.35681e-06 3.39999e-05 0.00013329 0.000238468 -6.35947e-05 -0.000264943 -0.000272516 -0.000319451 -0.000513634 -0.000667251 -0.00114988 1.22482e-05 2.43796e-05 -0.000163246
internal_weight=438150 398640 197602 120937 201038 55003 39510.5 52226 21638.5 17773 6283 146034 144520 38255
internal_count=438138 398628 197602 120937 201026 55002 39510 52225 21638 17773 6283 146024 144509 38254
is_linear=0
shrinkage=0.03


Tree=67
num_leaves=15
num_cat=0
split_feature=9 45 49 79 54 24 16 52 59 34 27 58 54 21
split_gain=4.21137 3.75177 2.63158 2.49685 2.57182 3.08617 2.46332 2.58812 2.30989 2.87855 2.62053 2.50147 2.23059 2.26901
threshold=0.026316921226680282 -0.0048729588743299237 0.0080743744038045424 719.50000000000011 0.0034541763598099355 0.54324999451637279 0.16565000265836718 2.1766058206558232 2.8440955877304082 0.0043540000915527352 13.394999980926515 0.019923955202102665 0.011335697490721943 0.545749992132187
decision_type=10 2 10 8 2 10 8 8 10 10 8 2 2 10
left_child=8 2 -2 4 6 -6 -3 -8 10 -10 -1 -11 13 -5
right_child=1 3 -4 12 5 -7 7 -9 9 11 -12 -13 -14 -15
leaf_value=3.4860634938689782e-05 0.00088680026369100662 -9.5226493230012252e-05 6.8667055220915431e-05 -0.00032408394239153983 -0.00045588979730686865 0.00012421654483241794 -0.0003245192440627668 -0.0012511642653846441 -0.00051445827328710017 0.00032448205643676852 0.00029355128265035925 0.0043643182269685584 0.0011220754258462985 -0.0010614791699487406
leaf_weight=69779 3699.5 73589.5 78970.5 21237 9535 61209 26989 3012 9712 3319 71205 139 829 4560
leaf_count=69771 3699 73588 78969 21237 9535 61209 26989 3012 9712 3319 71205 139 829 4560
internal_value=3.81532e-06 -6.47812e-05 0.00010533 -0.000134761 -9.34291e-05 4.60021e-05 -0.000188647 -0.000417744 0.000130025 -0.000249863 0.00016552 0.000492937 -0.000405318 -0.00045461
internal_weight=437784 283630 82670 200960 174334 70744 103590 30001 154154 13170 140984 3458 26626 25797
internal_count=437773 283627 82668 200959 174333 70744 103589 30001 154146 13170 140976 3458 26626 25797
is_linear=0
shrinkage=0.03


Tree=68
num_leaves=15
num_cat=0
split_feature=12 10 64 61 19 9 19 30 72 38 25 69 23 26
split_gain=3.38889 3.54786 3.8559 2.8505 2.81004 2.77078 2.34294 2.21166 2.20598 1.9004 1.89051 1.86307 1.89614 1.85913
threshold=0.46068701148033148 -0.0033579858718439932 0.91563722491264354 0.59213107824325573 0.040605001151561744 0.039789237082004554 0.40234999358654028 0.60374999046325695 -0.015015639364719389 0.0085539999417960661 0.073004998266696944 0.55456349253654491 0.56134998798370372 0.11145000159740449
decision_type=10 8 10 2 10 8 8 8 2 8 8 2 10 8
left_child=1 3 4 6 -3 13 -1 10 -4 -9 -6 12 -5 -2
right_child=5 2 8 11 7 -7 -8 9 -10 -11 -12 -13 -14 -15
leaf_value=8.9448659774130716e-05 -0.00023737313398691144 0.0003078890318736348 -0.0041566321578485749 -0.00098900396280524332 -0.0001172833773325145 -0.00047414959105283281 -0.00048412955042673872 0.00045956495834513641 -0.00023583532258562235 -0.00063252616643854319 0.00019363175658442032 -4.1825119912841179e-05 -0.0002854500716931271 7.5228723750692494e-05
leaf_weight=83687.5 32701.5 78381 125 3873 48968 20105 6936 16411 20285 1567 27471 30199 31168 35932
leaf_count=83682 32700 78379 125 3872 48967 20104 6936 16411 20285 1567 27471 30199 31167 35932
internal_value=1.07051e-06 4.31538e-05 0.000129055 -6.33299e-05 0.000175116 -0.000164466 4.55247e-05 6.48831e-05 -0.00026086 0.000364227 -5.53991e-06 -0.00021453 -0.000363342 -7.37217e-05
internal_weight=437810 349072 193208 155864 172798 88738.5 90623.5 94417 20410 17978 76439 65240 35041 68633.5
internal_count=437797 349061 193205 155856 172795 88736 90618 94416 20410 17978 76438 65238 35039 68632
is_linear=0
shrinkage=0.03


Tree=69
num_leaves=15
num_cat=0
split_feature=19 61 10 79 71 20 19 3 50 18 22 25 45 14
split_gain=3.39185 3.64187 2.80753 3.42709 2.6068 2.54217 2.53674 2.41879 2.33202 2.38804 2.20876 1.9101 1.81297 2.04325
threshold=0.28945000469684606 0.63180866837501537 -0.0036591432290151711 825.50000000000011 0.010552390944212677 -0.022175000049173828 -0.092584997415542589 -0.0039415000937879077 -0.010104260407388209 0.13215000182390216 0.32995000481605535 0.11164999753236772 -0.034187013283371918 -0.046405000612139695
decision_type=10 2 8 8 2 10 10 10 2 10 10 10 2 10
left_child=1 4 3 -3 7 12 -4 8 -1 10 -10 -8 13 -2
right_child=5 2 6 -5 -6 -7 11 -9 9 -11 -12 -13 -14 -15
leaf_value=0.00077118819257128446 0.0032867002912640554 -0.0001649094219060841 0.00037089003190884652 -0.00091249899596160993 -0.00032588390685360112 0.00015764530359510407 -0.0001083309541049383 -4.9699506679310351e-05 3.6387839056829999e-05 -0.00038686875200198825 0.00026490281198518571 0.00041703705648291387 -0.00036832297448834909 0.00015469208418296732
leaf_weight=5825 242 53208.5 15729 6153 11955 12241 59103 53005 59018 6868 107246.5 6957 39327 780
leaf_count=5825 242 53205 15729 6153 11955 12241 59102 52999 59017 6868 107246 6957 39327 780
internal_value=4.98549e-06 3.58505e-05 -8.54292e-05 -0.00024247 0.000106033 -0.000220993 2.85567e-05 0.0001283 0.000181021 0.000161144 0.000183792 -5.29753e-05 -0.000335868 0.000908713
internal_weight=437658 385068 141150 59361.5 243918 52590 81789 231962 178958 173132 166264 66060 40349 1022
internal_count=437646 385056 141146 59358 243910 52590 81788 231955 178956 173131 166263 66059 40349 1022
is_linear=0
shrinkage=0.03


Tree=70
num_leaves=15
num_cat=0
split_feature=9 45 30 79 15 20 18 53 50 69 72 55 44 19
split_gain=4.42701 3.71424 3.05061 2.99884 3.38373 2.87447 2.64776 2.7161 2.22595 2.70595 2.81176 2.11481 2.0975 2.01165
threshold=0.022326068952679638 -0.0038162788841873403 0.34364999830722814 669.50000000000011 0.30545000731945043 -0.062385000288486474 0.09571500122547151 0.0018943820032291116 -0.010104260407388209 0.17467582225799563 -0.012058732099831103 0.45473174750804907 -0.011997714173048733 -0.056175000965595238
decision_type=10 2 8 8 8 8 10 2 2 2 2 2 2 10
left_child=11 2 -2 4 13 6 7 -5 -4 10 -10 -1 -6 -3
right_child=1 3 8 5 12 -7 -8 -9 9 -11 -12 -13 -14 -15
leaf_value=4.0991430739285055e-05 -0.00019815842686204792 0.00011247915983040746 0.00075736604358233347 -0.00063188191587515419 -0.0033622767114927146 0.00013173485988026882 -0.0013220750294914954 0.00019106046961925142 -0.0016390977056830057 0.0002425142225768802 -7.1234496862058349e-05 0.00034081089427124265 -0.00067204818672721178 -0.00010633995533896181
leaf_weight=41239 24641 49814.5 5615 14153 270 7071 3479 4842 1080 60320.5 20119 43515 5234 156875.5
leaf_count=41229 24641 49814 5615 14153 270 7071 3479 4842 1080 60318 20119 43515 5234 156874
internal_value=2.15867e-07 -4.64702e-05 9.65323e-05 -0.000112593 -7.31601e-05 -0.000395738 -0.00056169 -0.000422111 0.000179875 0.000140054 -0.000151478 0.000194938 -0.00080695 -5.36008e-05
internal_weight=438268 353514 111776 241739 212194 29545 22474 18995 87134.5 81519.5 21199 84754 5504 206690
internal_count=438254 353510 111773 241737 212192 29545 22474 18995 87132 81517 21199 84744 5504 206688
is_linear=0
shrinkage=0.03


Tree=71
num_leaves=15
num_cat=0
split_feature=70 60 66 49 30 16 70 6 10 45 13 70 30 16
split_gain=3.75991 3.13833 2.73054 2.34694 2.33459 2.32993 2.14426 2.10348 2.0544 3.3549 2.02357 2.01849 3.11073 1.95481
threshold=0.011551312636584045 0.85401818156242382 0.12348138540983201 0.69233858585357677 0.24514999985694888 0.24784999340772632 -0.0025125611573457714 -0.0017485000425949691 -0.045468214899301522 -0.028664056211709973 0.40667499601840978 0.029830108396708969 0.46545000374317175 0.34295000135898596
decision_type=2 2 8 10 8 10 2 10 10 2 8 2 10 10
left_child=1 2 8 -2 -5 -3 7 -4 9 -1 13 -6 -13 -10
right_child=3 5 6 4 11 -7 -8 -9 10 -11 -12 12 -14 -15
leaf_value=0.0027201430168289163 -0.00065947737608585918 -9.3811200969191023e-05 0.00026352773816343007 0.00074435514004685664 -0.00012010311052824904 -0.00060176012467812352 3.1555259407475662e-05 -8.8311403467579024e-05 -0.0002940812951050512 3.9690630436286178e-05 0.00019871067063947361 -0.00021790123710063819 -0.0019969783561575734 -0.0013865956626413442
leaf_weight=550 10646 48849.5 84912 2451 24705 9745 197008 18649.5 26320 1731.5 7533 2455 1379 1557
leaf_count=550 10646 48849 84912 2451 24705 9745 197000 18648 26320 1731 7533 2455 1379 1557
internal_value=-4.09927e-06 2.43563e-05 5.94689e-05 -0.000275295 -0.000143232 -0.000178334 8.96529e-05 0.000200167 -0.000181212 0.000690401 -0.000237461 -0.000219577 -0.000859561 -0.000355339
internal_weight=438492 396856 338261 41636 30990 58594.5 300570 103562 37691.5 2281.5 35410 28539 3834 27877
internal_count=438481 396845 338251 41636 30990 58594 300560 103560 37691 2281 35410 28539 3834 27877
is_linear=0
shrinkage=0.03


Tree=72
num_leaves=15
num_cat=0
split_feature=12 9 11 51 79 1 23 51 45 9 19 19 30 26
split_gain=3.16959 3.64366 3.09566 3.17227 2.92185 2.79374 2.75194 2.47444 2.42879 2.6628 2.54208 2.23324 2.21375 2.1272
threshold=0.46068701148033148 0.039789237082004554 -0.38052818179130549 0.22808106243610385 1356.5000000000002 0.0084414999000728148 0.57524999976158153 0.024934499524533752 -0.0050047966651618472 0.016569010913372043 -0.0948050022125244 0.52665001153945934 0.37675000727176672 0.15574999898672107
decision_type=10 8 8 10 10 8 10 10 2 10 8 10 8 8
left_child=2 -2 6 5 -5 -4 -1 -8 12 -10 -11 -9 -7 -3
right_child=1 13 3 4 -6 8 7 11 9 10 -12 -13 -14 -15
leaf_value=-0.00043723492664378232 -5.5869211439340412e-05 -0.00081252149343519209 -6.4405814850100647e-05 -0.00010220182208262305 -0.0019054886578469185 6.0768338074293588e-05 -0.00063237285673531818 2.9982862415837263e-05 0.00090944370667281696 0.00051292882690193219 6.3126996973593815e-05 -0.00080720505812682949 0.00059176099437550271 -0.0001951292615313994
leaf_weight=16099.5 68854.5 10412 36962.5 34692 823 9787 5667 115038 4037 13059 84149.5 2936 25426 9707
leaf_count=16098 68853 10411 36958 34692 823 9787 5667 115035 4037 13059 84149 2936 25426 9707
internal_value=1.58688e-07 -0.000159659 4.0942e-05 0.000114045 -0.000144252 0.000166944 -6.83596e-05 -2.03119e-05 0.00022961 0.000154955 0.000123577 9.11457e-06 0.000444208 -0.000514765
internal_weight=437650 88973.5 348676 208936 35515 173421 139740 123641 136458 101246 97208.5 117974 35213 20119
internal_count=437638 88971 348667 208931 35515 173416 139736 123638 136458 101245 97208 117971 35213 20118
is_linear=0
shrinkage=0.03


Tree=73
num_leaves=15
num_cat=0
split_feature=10 51 12 8 63 70 72 71 79 63 47 79 51 72
split_gain=2.78029 3.90339 3.07593 3.22409 3.06025 2.89042 2.57203 2.36998 3.22765 2.41557 2.24398 2.20835 2.17531 2.08011
threshold=-0.0019847936928272243 0.22808106243610385 0.24997723102569583 0.0018584999488666656 0.65842604637146007 0.012490749359130861 0.0059296516701579103 -0.0039539108984172336 78.500000000000014 0.24565184861421588 0.50694015622138988 1356.5000000000002 0.024934499524533752 -0.012058732099831103
decision_type=8 10 10 8 2 2 2 2 8 2 10 10 10 2
left_child=5 2 3 -2 6 7 11 -1 12 -10 -6 -3 -9 -14
right_child=1 4 -4 -5 10 -7 -8 8 9 -11 -12 -13 13 -15
leaf_value=0.00020404619164638856 -9.7608207617797186e-05 -0.00048081461452732988 2.1518761030294684e-05 0.00035674538782034908 -3.1034655164391158e-05 -0.00046692074756447555 0.00065006012075269999 -0.00060941678762932222 4.5000761570234409e-05 -0.00060246413837462863 0.0010280301139272538 -0.0024397189023950875 -0.0014471747795018891 1.2895512318090254e-06
leaf_weight=27649.5 17894.5 20143 118745 65490 15931 16440 1799 5691.5 7371 17484 2025 527 894 119804
leaf_count=27647 17893 20143 118745 65490 15931 16440 1799 5691 7371 17483 2025 527 894 119797
internal_value=-2.06769e-06 6.57691e-05 0.00011959 0.00025924 -0.000203323 -8.6303e-05 -0.000436623 -5.13129e-05 -9.80011e-05 -0.000410481 8.8655e-05 -0.000531337 -3.65368e-05 -9.49861e-06
internal_weight=437888 242554 202130 83384.5 40425 195334 22469 178894 151244 24855 17956 20670 126390 120698
internal_count=437876 242553 202128 83383 40425 195323 22469 178883 151236 24854 17956 20670 126382 120691
is_linear=0
shrinkage=0.03


Tree=74
num_leaves=15
num_cat=0
split_feature=45 9 24 79 0 66 54 30 25 45 19 66 10 37
split_gain=3.3003 3.33937 2.77071 2.7549 2.46609 2.33338 2.16883 2.53554 2.12568 2.03713 2.28659 1.99871 2.48348 2.87564
threshold=-0.0033693531295284625 0.017038288526237014 0.83875000476837169 707.50000000000011 0.0015495000407099726 0.97593259811401378 0.0055161800701171168 0.4114499986171723 0.076574999839067473 -0.03879128769040107 0.29424999654293066 0.60954278707504284 -0.022113671526312825 0.024465000256896022
decision_type=2 10 10 8 8 8 2 10 10 2 10 10 10 8
left_child=2 -2 4 5 -1 6 -3 -8 -5 -6 -11 12 13 -4
right_child=1 3 11 8 9 -7 7 -9 -10 10 -12 -13 -14 -15
leaf_value=-0.00014665327769873083 0.0003931436700090652 -6.4915384545994478e-05 0.0004283781797282834 -0.00020485472130353212 0.0014711822013689928 -0.00054228991178165598 0.00043231039676255807 -4.8190292909013733e-05 -0.00079302169858150209 0.00041823640380101465 -0.00022931128491704929 0.00019057225554360813 -0.00020920735782298125 -0.0028668369429912985
leaf_weight=9861 14412 204291 8844.5 23676 1473 8120 18630 21045 7213 40303 5585 34072.5 40273.5 240
leaf_count=9859 14412 204285 8844 23676 1473 8120 18630 21045 7213 40303 5585 34070 40272 240
internal_value=4.39812e-06 -5.22328e-05 0.000124133 -7.49225e-05 0.0002849 -4.21529e-05 -2.54959e-05 0.000177462 -0.000342306 0.000374759 0.000339407 1.38577e-05 -0.000108138 0.000339794
internal_weight=438040 297387 140652 282975 57222 252086 243966 39675 30889 47361 45888 83430.5 49358 9084.5
internal_count=438027 297381 140646 282969 57220 252080 243960 39675 30889 47361 45888 83426 49356 9084
is_linear=0
shrinkage=0.03


Tree=75
num_leaves=15
num_cat=0
split_feature=9 45 46 54 30 27 9 8 45 8 54 79 24 27
split_gain=4.05579 3.0901 3.10544 2.83044 2.74022 2.59469 2.5364 2.45042 2.4171 2.2929 2.26025 2.2109 2.10144 2.09549
threshold=0.0224347272887826 -0.003592345397919416 0.81050416827201854 0.0029022030066698794 0.24514999985694888 13.50500011444092 0.051572611555457122 -0.0010595000348985193 0.035261791199445731 0.001348500023595989 -0.0019968748092651363 2.5000000000000004 0.58855000138282787 14.875000000000002
decision_type=10 2 10 2 8 8 10 10 2 10 2 8 8 10
left_child=5 12 3 -3 -4 10 8 -8 -5 11 -1 -6 -2 -7
right_child=1 2 4 6 9 13 7 -9 -10 -11 -12 -13 -14 -15
leaf_value=-0.00081958750362851062 0.00040237621200813883 -0.00016601108093671575 0.00084919714980752218 8.8324004187760913e-05 0.00033017421163150233 0.00062776439195711255 -0.00046155616983683319 0.0019274254965007582 0.0015878442296436187 0.00027574329817725216 9.4309075748109954e-05 -0.00073199056740633228 3.8257847603222272e-05 0.00018127206675499626
leaf_weight=2568.5 16717 112539.5 1425 89950 1960 16774 10716 396 973 2931 45449.5 17379 97098 21702
leaf_count=2568 16717 112538 1425 89950 1960 16774 10716 396 973 2931 45444 17379 97097 21702
internal_value=8.38153e-06 -3.68364e-05 -9.82614e-05 -6.22659e-05 -0.000424143 0.000192438 5.21624e-05 -0.000375591 0.000104457 -0.000505793 4.53442e-05 -0.000624283 9.17544e-05 0.000375981
internal_weight=438578 352084 238270 214574 23695 86494 102035 11112 90923 22270 48018 19339 113815 38476
internal_count=438570 352082 238268 214573 23695 86488 102035 11112 90923 22270 48012 19339 113814 38476
is_linear=0
shrinkage=0.03


Tree=76
num_leaves=15
num_cat=0
split_feature=9 49 79 55 26 64 10 19 27 10 69 38 55 64
split_gain=3.10343 3.39468 3.01966 2.74839 3.56988 2.11667 2.02689 2.00759 1.98949 2.2032 1.99741 2.46383 2.44277 1.88187
threshold=0.022326068952679638 0.094938356429338469 669.50000000000011 0.17095620930194858 0.11914999783039094 0.68678009510040294 -0.00092843183665536333 0.072374999523162856 16.494999885559086 0.015822847373783592 0.41588050127029424 -0.0079664997756481153 0.15991803258657458 0.91563722491264354
decision_type=10 10 8 2 10 10 10 8 8 10 2 8 2 10
left_child=3 -2 7 4 -1 6 -4 8 9 -3 11 -10 -12 -5
right_child=1 2 5 13 -6 -7 -8 -9 10 -11 12 -13 -14 -15
leaf_value=-0.0013053947077110728 0.000229446312727979 -0.00013496414758088393 -0.0004145650063521704 0.0002324906416264788 0.00087679520379608709 -0.00064717899179631683 0.00011930737006877883 -0.00012153560314511936 -0.00089938390383076383 0.00029588483566312448 0.0044359287141378439 5.8011083949887207e-05 0.00028431948708401017 -0.00034945691159588721
leaf_weight=2372.5 37149 64096 13928 76401 938 12338 11835 136196 2701 12813 123 22821 38806 5347
leaf_count=2372 37148 64094 13928 76393 938 12338 11835 136195 2701 12813 123 22821 38806 5347
internal_value=-2.57884e-06 -4.17952e-05 -7.37202e-05 0.000160076 -0.000686701 -0.00032414 -0.000169339 -3.93391e-05 3.98562e-05 -6.31704e-05 0.000162792 -4.34666e-05 0.000298005 0.000194407
internal_weight=437864 352806 315657 85058.5 3310.5 38101 25763 277556 141360 76909 64451 25522 38929 81748
internal_count=437852 352802 315654 85050 3310 38101 25763 277553 141358 76907 64451 25522 38929 81740
is_linear=0
shrinkage=0.03


Tree=77
num_leaves=15
num_cat=0
split_feature=60 63 48 12 10 19 8 18 14 36 0 51 64 19
split_gain=3.23004 2.57455 2.49558 2.44445 3.10193 2.89975 2.37078 2.29994 1.9844 1.92399 1.87535 1.83341 1.77107 1.80358
threshold=0.91116303205490123 0.96888023614883434 -0.03850866109132766 0.45374028384685522 -0.0035083474358543749 0.040605001151561744 0.00047549999726470565 0.21225000172853473 0.081304997205734267 7.4930001574102803e-05 0.0062169998418539771 0.33298915624618536 0.15964414179325107 0.41304999589920049
decision_type=2 2 10 10 8 10 8 10 10 8 10 10 8 8
left_child=1 3 -3 4 12 6 -6 -5 -8 -9 -4 -7 -1 -14
right_child=-2 2 10 7 5 11 8 9 -10 -11 -12 -13 13 -15
leaf_value=-0.00027109706599527829 -0.00025302033425098899 0.0012909202911627652 -0.00061593867743879734 -7.7668636098314296e-05 -2.8074290478251532e-05 9.2314120335165359e-05 0.00042783757710182258 -0.002155634783979868 -0.00037834507966612372 -0.00024825093252288252 0.00085631560945914403 -0.00043162985974600339 5.5214795582901211e-05 -0.00042488621885389044
leaf_weight=21912 39909 734 10613 79456.5 15305.5 86272 57948 880 2881 1033 836 6456 106279 7537
leaf_count=21912 39908 734 10613 79454 15303 86271 57948 880 2881 1033 836 6456 106274 7537
internal_value=4.26624e-06 3.00589e-05 -0.000399236 4.36148e-05 8.26371e-05 0.000168467 0.000305659 -0.000102453 0.000389627 -0.001129 -0.000508109 5.58143e-05 -2.4148e-05 2.34048e-05
internal_weight=438052 398143 12183 385960 304590 168862 76134.5 81369.5 60829 1913 11449 92728 135728 113816
internal_count=438040 398132 12183 385949 304582 168859 76132 81367 60829 1913 11449 92727 135723 113811
is_linear=0
shrinkage=0.03


Tree=78
num_leaves=15
num_cat=0
split_feature=12 11 51 30 54 70 54 9 20 30 30 67 72 20
split_gain=3.10891 3.70414 3.04779 2.63372 2.52318 2.43969 2.30056 2.29788 2.28698 2.21501 2.11521 2.63268 2.11203 2.01926
threshold=0.46068701148033148 -0.40455192327499384 0.33298915624618536 0.57025000452995311 0.021074175834655765 -0.014873448759317396 0.029834714718163017 0.039990577846765525 -0.35995000600814814 0.54484999179840099 0.51854997873306286 0.012038931250572206 -0.010608161799609659 -0.17844999581575391
decision_type=10 8 10 10 2 2 2 8 10 10 8 2 2 10
left_child=1 8 3 13 5 -5 10 -2 9 -1 11 -4 -7 -3
right_child=7 2 6 4 -6 12 -8 -9 -10 -11 -12 -13 -14 -15
leaf_value=-0.0002869184463560386 -8.1814931374137997e-05 0.00022014300191659301 -0.00061936811324498329 0.0014632285183062777 -0.0026954009472798263 -0.0021338611094003186 0.0030053138631136759 -0.00044805280757181514 -3.8793931813178138e-05 -0.0013709711799198547 0.00013978349332180966 0.0013081685353743119 0.00035293387831615152 9.8366568485477846e-07
leaf_weight=16851 68886.5 64773 11662 1795 236 305 189 19861 115204 1882 6962 670 37515 90976
leaf_count=16849 68885 64772 11662 1795 236 305 189 19860 115201 1882 6962 670 37513 90974
internal_value=-5.2576e-06 3.50569e-05 0.00011218 0.000147822 0.000365436 0.000384008 -0.0002456 -0.000163797 -8.87901e-05 -0.000396164 -0.000278216 -0.000514157 0.0003326 9.21319e-05
internal_weight=437768 349020 215083 195600 39851 39615 19483 88747.5 133937 18733 19294 12332 37820 155749
internal_count=437755 349010 215078 195595 39849 39613 19483 88745 133932 18731 19294 12332 37818 155746
is_linear=0
shrinkage=0.03


Tree=79
num_leaves=15
num_cat=0
split_feature=12 11 64 20 9 63 12 14 64 56 6 64 53 16
split_gain=3.24875 3.37323 3.49229 3.20889 3.10703 2.56349 2.89034 2.49616 2.2354 2.06321 2.1437 1.89743 1.88506 1.87885
threshold=0.46068701148033148 -0.38052818179130549 0.91182947158813488 -0.35555000603199 0.040842965245246894 0.65842604637146007 0.05987146124243737 0.21155000478029254 0.17197285592556003 0.031713781878352172 -0.00185050000436604 0.74149441719055187 -0.0050529201980680219 0.12155000120401384
decision_type=10 8 10 10 8 2 10 10 10 2 10 8 2 10
left_child=1 3 9 -1 -2 6 12 8 -5 10 13 -11 -4 -3
right_child=4 2 5 7 -6 -7 -8 -9 -10 11 -12 -13 -14 -15
leaf_value=-0.00042587493853772716 -7.4320101485718043e-05 0.00029101029191498076 0.004700738956670324 -0.00029433197590348188 -0.00051373955496453237 0.00010511736739659447 -0.00066278868106817916 -0.0038333975299346176 4.7879628168907516e-05 -0.0030301001597324321 -3.7298393620948655e-05 -6.1894042340410001e-05 0.00059154517861315981 6.4505343196822259e-05
leaf_weight=20113 70586 98714.5 113 20783 18216 10433 11189 149 98961.5 343 37954.5 438 691 49484
leaf_count=20111 70584 98712 113 20783 18216 10433 11189 149 98959 343 37951 438 691 49484
internal_value=-2.46029e-06 3.87242e-05 0.000114954 -7.52666e-05 -0.000164482 -0.000238761 -0.000537827 -1.64342e-05 -1.15248e-05 0.000157393 0.000163865 -0.00137646 0.00119456 0.000215384
internal_weight=438168 349366 209360 140006 88802 22426 11993 119894 119744 186934 186153 781 804 148198
internal_count=438156 349356 209354 140002 88800 22426 11993 119891 119742 186928 186147 781 804 148196
is_linear=0
shrinkage=0.03


end of trees

feature_importances:
Column_9=91
Column_45=65
Column_19=62
Column_79=57
Column_54=54
Column_30=37
Column_24=35
Column_20=32
Column_12=30
Column_18=28
Column_51=28
Column_60=28
Column_10=26
Column_64=25
Column_16=23
Column_23=23
Column_63=22
Column_58=19
Column_61=19
Column_70=19
Column_11=17
Column_49=17
Column_68=17
Column_46=16
Column_50=16
Column_14=15
Column_27=15
Column_26=14
Column_72=14
Column_13=13
Column_21=13
Column_55=13
Column_22=12
Column_25=12
Column_62=11
Column_69=11
Column_71=11
Column_1=10
Column_6=10
Column_57=10
Column_0=9
Column_3=9
Column_8=9
Column_66=9
Column_32=8
Column_65=8
Column_15=7
Column_53=7
Column_52=6
Column_56=6
Column_59=6
Column_67=6
Column_48=5
Column_17=4
Column_34=4
Column_43=4
Column_44=4
Column_2=2
Column_7=2
Column_31=2
Column_35=2
Column_37=2
Column_38=2
Column_47=2
Column_4=1
Column_5=1
Column_28=1
Column_36=1
Column_73=1

parameters:
[boosting: gbdt]
[objective: regression]
[metric: l2]
[tree_learner: serial]
[device_type: cpu]
[data_sample_strategy: bagging]
[data: ]
[valid: ]
[num_iterations: 80]
[learning_rate: 0.03]
[num_leaves: 15]
[num_threads: 4]
[seed: 9]
[deterministic: 1]
[force_col_wise: 1]
[force_row_wise: 0]
[histogram_pool_size: -1]
[max_depth: -1]
[min_data_in_leaf: 100]
[min_sum_hessian_in_leaf: 0.001]
[bagging_fraction: 0.8]
[pos_bagging_fraction: 1]
[neg_bagging_fraction: 1]
[bagging_freq: 1]
[bagging_seed: 6151]
[bagging_by_query: 0]
[feature_fraction: 0.7]
[feature_fraction_bynode: 1]
[feature_fraction_seed: 22398]
[extra_trees: 0]
[extra_seed: 14369]
[early_stopping_round: 0]
[early_stopping_min_delta: 0]
[first_metric_only: 0]
[max_delta_step: 0]
[lambda_l1: 0]
[lambda_l2: 5]
[linear_lambda: 0]
[min_gain_to_split: 0]
[drop_rate: 0.1]
[max_drop: 50]
[skip_drop: 0.5]
[xgboost_dart_mode: 0]
[uniform_drop: 0]
[drop_seed: 18175]
[top_rate: 0.2]
[other_rate: 0.1]
[min_data_per_group: 100]
[max_cat_threshold: 32]
[cat_l2: 10]
[cat_smooth: 10]
[max_cat_to_onehot: 4]
[top_k: 20]
[monotone_constraints: ]
[monotone_constraints_method: basic]
[monotone_penalty: 0]
[feature_contri: ]
[forcedsplits_filename: ]
[refit_decay_rate: 0.9]
[cegb_tradeoff: 1]
[cegb_penalty_split: 0]
[cegb_penalty_feature_lazy: ]
[cegb_penalty_feature_coupled: ]
[path_smooth: 0]
[interaction_constraints: ]
[verbosity: -1]
[saved_feature_importance_type: 0]
[use_quantized_grad: 0]
[num_grad_quant_bins: 4]
[quant_train_renew_leaf: 0]
[stochastic_rounding: 1]
[linear_tree: 0]
[max_bin: 255]
[max_bin_by_feature: ]
[min_data_in_bin: 3]
[bin_construct_sample_cnt: 200000]
[data_random_seed: 68]
[is_enable_sparse: 1]
[enable_bundle: 1]
[use_missing: 1]
[zero_as_missing: 0]
[feature_pre_filter: 1]
[pre_partition: 0]
[two_round: 0]
[header: 0]
[label_column: ]
[weight_column: ]
[group_column: ]
[ignore_column: ]
[categorical_feature: ]
[forcedbins_filename: ]
[precise_float_parser: 0]
[parser_config_file: ]
[objective_seed: 3382]
[num_class: 1]
[is_unbalance: 0]
[scale_pos_weight: 1]
[sigmoid: 1]
[boost_from_average: 1]
[reg_sqrt: 0]
[alpha: 0.9]
[fair_c: 1]
[poisson_max_delta_step: 0.7]
[tweedie_variance_power: 1.5]
[lambdarank_truncation_level: 30]
[lambdarank_norm: 1]
[label_gain: ]
[lambdarank_position_bias_regularization: 0]
[eval_at: ]
[multi_error_top_k: 1]
[auc_mu_weights: ]
[num_machines: 1]
[local_listen_port: 12400]
[time_out: 120]
[machine_list_filename: ]
[machines: ]
[gpu_platform_id: -1]
[gpu_device_id: -1]
[gpu_device_id_list: ]
[gpu_use_dp: 0]
[num_gpu: 1]

end of parameters

pandas_categorical:null
