tree
version=v4
num_class=1
num_tree_per_iteration=1
label_index=0
max_feature_idx=86
objective=binary sigmoid:1
feature_names=atr_pct bb_pctb beta_252 breadth30 d_body d_lower d_upper day_oddness day_of_week days_since_results days_to_expiry days_to_results deliv_pct_20 deliv_pct_rel disp30 dist_52w_high dist_ma200 dist_ma50 div_yield_today exdiv_today g_crude_ret5_asof g_hangseng_ret1_asof g_nasdaq_ret1_asof g_nikkei_ret1_asof g_sp500_ret1_asof g_usdinr_ret5_asof g_usvix_ret1_asof gap gap_atr gap_rank is_expiry is_long is_weekly_expiry mkt_gap mkt_r30 mkt_ret_63 mkt_vol_21 orb15 orb15_dist po_gap po_imbalance po_qty_adv pos30 pos30_rank r15 r30 r30_atr r30_rank r3_last r5 r_prev range30_atr rel_gap rel_r30 rel_r30_rank rel_sec_gap rel_sec_r30 results_reaction results_today ret_1 ret_21 ret_5 ret_5_rank ret_63 rsi_14 score score_pct sec_breadth30 sec_gap sec_r30 sec_vs_mkt_r30 side_pct side_rank up1_share up3_share vix vix_pct_252 vol30_adv vol30_adv_rank vol30_rel vol_21 vol_burst vol_ratio_20_120 vwap_dev vwap_dev_rank vwap_slope wk_streak
feature_infos=[0.0089800059795379639:0.1158270537853241] [-0.5350000262260437:1.5240000486373901] [-0.2442999929189682:2.2019999027252197] [0.065891474485397339:0.96108949184417725] [-1:1] [0:0.92409497499465942] [0:0.93321919441223145] [0.23311059176921844:11.077526092529297] [0:6] [0:3378] [0:24] [0:10] [0.13750000298023224:0.72210001945495605] [0.39449998736381531:1.4450000524520874] [0.0066598439589142799:0.017852341756224632] [-0.60659998655319214:0] [-0.37900000810623169:0.97310000658035278] [-0.31450000405311584:0.49639999866485596] none none [-0.17710000276565552:0.3562999963760376] [-0.035399999469518661:0.030920000746846199] [-0.04179999977350235:0.030710000544786453] [-0.052000001072883606:0.055799998342990875] [-0.02710999920964241:0.02507999911904335] [-0.023690000176429749:0.020659999921917915] [-0.18389999866485596:0.39680001139640808] [-0.099984094500541687:9.473414421081543] [-2.9369533061981201:143.40447998046875] [0.0038759689778089523:1] [0:1] [0:1] [0:1] [-0.033557046204805374:0.037972953170537949] [-0.013164556585252285:0.024177396669983864] [-0.14579999446868896:0.086850002408027649] [0.052939999848604202:0.28970000147819519] [-1:1] [-0.058878999203443527:0.057546999305486679] [-0.022173253819346428:0.016881359741091728] [-0.90489310026168823:0.8577454686164856] [6.4499872678425163e-05:0.025928189978003502] [0:1] [0.0038759689778089523:1] [-0.13793699443340302:0.1182669997215271] [-0.093534529209136963:0.13525685667991638] [-4.8116164207458496:5.3163890838623047] [0.0038759689778089523:1] [-0.028457000851631165:0.020687000826001167] [-0.16952499747276306:0.07670699805021286] [-0.15002915263175964:9.4935169219970703] [0:5.9967660903930664] [-0.093842118978500366:9.4715280532836914] [-0.08878190815448761:0.13094471395015717] [0.0038759689778089523:1] [-0.090030640363693237:9.472050666809082] [-0.090797007083892822:0.1289059966802597] [-0.13590000569820404:0.15870000422000885] [0:1] [-0.1378234326839447:0.19997066259384155] [-0.36629998683929443:0.62550002336502075] [-0.33100000023841858:0.49329999089241028] [0.0039215688593685627:1] [-0.40810000896453857:0.8367999792098999] [16.819999694824219:90.239997863769531] [0.38366937637329102:0.58106040954589844] [0.0038759689778089523:1] [0:1] [-0.036942210048437119:0.043944738805294037] [-0.032138876616954803:0.037710737437009811] [-0.027515357360243797:0.038135714828968048] [0.9598393440246582:1] [1:10] [0:0.76666700839996338] [0:1] [9.1499996185302734:27.889999389648438] [0.0039679999463260174:1] [0.0052621746435761452:49.553024291992188] [0.0038759689778089523:1] [0.028882123529911041:350.42153930664062] [0.072520002722740173:1.3109999895095825] [1.6586999893188477:28.3704833984375] [0.072020001709461212:5.0939998626708984] [-0.057496603578329086:0.044011011719703674] [0.0038759689778089523:1] [-0.036116998642683029:0.07379700243473053] [-4:4]
tree_sizes=883 912 911 910 909 911 907 911 909 911 919 909 915 914 906 903 919 914 901 915 912 913 908 905 909 919 913 908 909 903 916 911 909 905 902 911 912 918 913 905 910 908 908 906 911 909 911 909 910 903 908 911 912 908 906 919 910 910 907 906 910 907 907 909 903 903 903 918 907 910 912 912 908 905 918 900 909 913 910 914 912 912 912 906 897 908 908 909 915 903 911 910 901 903 911 912 904 912 902 911 905 901 904 913 910 908 907 913 910 916 906 915 911 909 919 913 914 905 910 905 908 912 908 906 907 923 906 913 909 913 903 920 918 909 905 902 915 909 910 910 912 913 913 909 910 906 909 910 898 907 905 916 909 905 903 906 905 909 906 906 914 924 911 917 904 917 915 904 914 908 914 908 912 915 905 914 915 914 901 916 905 907 916 921 910 916 912 913 910 905 903 914 910 911 925 910 902 903 915 909

Tree=0
num_leaves=7
num_cat=0
split_feature=50 3 8 83 36 83
split_gain=52.5855 28.5561 17.8699 15.8937 15.125 12.7667
threshold=0.001119791704695672 0.25242812931537634 2.5000000000000004 -0.0031106037786230441 0.23099999874830249 -0.0014702267362736163
decision_type=2 2 2 2 8 2
left_child=1 2 -1 -3 -5 -2
right_child=5 3 -4 4 -6 -7
leaf_value=-0.6141425571935667 -0.63170994682603643 -0.63236650476720657 -0.63830821108407754 -0.64593509274523175 -0.62179392199484618 -0.62094651347236951
leaf_weight=65.302197933197021 126.29626475274563 172.32524454593658 35.598767623305321 260.52856050431728 19.499961882829666 409.04571205377579
leaf_count=288 557 760 157 1149 86 1804
internal_value=-0.630111 -0.636539 -0.622645 -0.639731 -0.644027 -0.62347
internal_weight=1088.6 553.255 100.901 452.354 280.029 535.342
internal_count=4801 2440 445 1995 1235 2361
is_linear=0
shrinkage=1


Tree=1
num_leaves=7
num_cat=0
split_feature=50 0 51 85 0 33
split_gain=53.4658 14.4642 18.4348 10.9466 11.038 10.5848
threshold=0.0055292386095970878 0.024038913659751419 0.9905683994293214 -0.00053849999676458527 0.03235259652137757 -0.0048576632980257264
decision_type=2 10 10 8 10 2
left_child=1 2 5 4 -2 -1
right_child=3 -3 -4 -5 -6 -7
leaf_value=0.0075564405075588771 0.011910465982242501 -0.00064087476105426067 0.010693219921435708 0.010268144462653122 -0.010255442702843344 -0.012580385971118347
leaf_weight=18.790275558829308 21.774872735142708 301.16040867567062 29.901126861572266 330.25327917933464 46.506292402744293 335.77412712574005
leaf_count=83 96 1328 132 1453 205 1485
internal_value=-0.000559732 -0.00561388 -0.00939435 0.00805985 -0.00256822 -0.0113352
internal_weight=1084.16 685.626 384.466 398.534 68.2812 354.564
internal_count=4782 3028 1700 1754 301 1568
is_linear=0
shrinkage=0.03


Tree=2
num_leaves=7
num_cat=0
split_feature=65 3 80 21 57 49
split_gain=71.3837 26.3757 18.4388 15.3841 13.9755 15.2629
threshold=0.52085846662521373 0.25242812931537634 0.22560000419616702 0.0068944999948143968 0.0021149999229237442 -0.0001399999964633025
decision_type=2 2 10 10 10 10
left_child=4 -2 3 -3 -1 -6
right_child=1 2 -4 -5 5 -7
leaf_value=0.010416189970043779 0.0076847409894153429 -0.01799619989229927 -0.0012686418459747755 -0.0021707381169606267 0.01129550295405617 -0.0098644459257508851
leaf_weight=445.69953992962837 83.490124478936195 223.33305412530899 150.37844862043858 76.383344054222107 41.388915747404099 66.405000954866409
leaf_count=1959 368 991 665 339 182 292
internal_value=0.000639685 -0.00712242 -0.00997639 -0.0141634 0.0081162 -0.00147061
internal_weight=1087.08 533.585 450.095 299.716 553.493 107.794
internal_count=4796 2363 1995 1330 2433 474
is_linear=0
shrinkage=0.03


Tree=3
num_leaves=7
num_cat=0
split_feature=80 85 9 46 47 61
split_gain=55.5344 18.2188 15.2992 9.69515 11.1552 11.7361
threshold=0.21794999390840533 -1.3500000022759194e-05 59.500000000000007 -0.17190190404653546 0.98622396588325512 -0.064010001718997941
decision_type=8 8 8 10 2 8
left_child=2 -2 -1 -3 5 -5
right_child=1 3 -4 4 -6 -7
leaf_value=-0.012760401755909376 -0.00049242005427889847 -0.0053416505021826911 0.0030541830781994415 -0.0070297628843429757 -0.0024896286124042565 0.013976977998440688
leaf_weight=282.08200827240944 342.25607106089592 33.08213946223259 63.658484369516373 20.094131201505661 49.106193795800209 287.26023606956005
leaf_count=1255 1509 146 281 88 215 1259
internal_value=-0.000100789 0.00457335 -0.00984458 0.00892511 0.0103588 0.0124254
internal_weight=1077.54 731.799 345.74 389.543 356.461 307.354
internal_count=4753 3217 1536 1708 1562 1347
is_linear=0
shrinkage=0.03


Tree=4
num_leaves=7
num_cat=0
split_feature=50 3 85 9 14 42
split_gain=53.8109 27.5017 11.6406 12.7002 11.4915 13.0741
threshold=0.00093802323681302379 0.25792582333087927 -0.0018045000033453105 40.500000000000007 0.0082698212936520594 0.29587584733963018
decision_type=2 2 8 10 2 10
left_child=1 -1 -3 -4 -2 -6
right_child=4 2 3 -5 5 -7
leaf_value=0.0072317080377183552 -0.0014550845077021225 0.00068495453566056732 -0.015837143146019136 -0.0040653206242857688 -0.0040120308745680913 0.0110748659304754
leaf_weight=103.33328042924404 113.79292179644108 83.360546484589577 229.67364786565304 139.2476678788662 54.483930736780167 376.79520119726658
leaf_count=455 498 370 1025 620 240 1648
internal_value=0.00029344 -0.00622145 -0.00938505 -0.0116185 0.00692678 0.0091212
internal_weight=1100.69 555.615 452.282 368.921 545.072 431.279
internal_count=4856 2470 2015 1645 2386 1888
is_linear=0
shrinkage=0.03


Tree=5
num_leaves=7
num_cat=0
split_feature=65 34 80 67 63 38
split_gain=51.3771 27.3267 13.4797 11.2613 10.8875 10.3729
threshold=0.52085846662521373 -0.0076661878265440455 0.24874999374151233 0.35401003062725073 -0.070915002375841127 -0.001321999996434897
decision_type=2 2 10 2 10 8
left_child=3 -2 5 -1 -4 -3
right_child=1 2 4 -5 -6 -7
leaf_value=0.00053758518179913026 0.018278632551275025 -0.0018812132817134816 0.010720927305282301 0.0095497217357539115 -0.0062341328653265369 -0.01355070302113529
leaf_weight=187.13866449892521 28.750273436307907 93.913934022188187 46.853498101234436 372.18708235025406 75.186247631907463 285.55240465700626
leaf_count=819 126 418 207 1625 333 1279
internal_value=0.000311113 -0.0063186 -0.00805849 0.00659685 0.000594214 -0.0107851
internal_weight=1089.58 530.256 501.506 559.326 122.04 379.466
internal_count=4807 2363 2237 2444 540 1697
is_linear=0
shrinkage=0.03


Tree=6
num_leaves=7
num_cat=0
split_feature=80 12 29 51 15 16
split_gain=36.5722 13.2919 12.8691 12.8097 9.94024 8.59731
threshold=0.21034999936819079 0.6050499975681306 0.1132829785346985 0.88986498117446911 -0.28225000202655787 0.15269999951124194
decision_type=8 10 2 10 10 10
left_child=3 2 -2 4 -1 -4
right_child=1 -3 5 -5 -6 -7
leaf_value=0.0033507404139439816 -0.0065538635972153692 -0.010290253338710444 0.0082328250621891523 0.0055367871553514691 -0.013208857411891504 0.00065916914732322819
leaf_weight=33.679010167717934 74.621511518955231 48.804453417658806 448.52147497236729 43.345920249819756 227.97403360903263 193.74246272444725
leaf_count=150 329 217 1965 192 1024 846
internal_value=4.42997e-05 0.00354461 0.00461507 -0.00857667 -0.0110325 0.00599332
internal_weight=1070.69 765.69 716.885 304.999 261.653 642.264
internal_count=4723 3357 3140 1366 1174 2811
is_linear=0
shrinkage=0.03


Tree=7
num_leaves=7
num_cat=0
split_feature=50 80 46 51 21 69
split_gain=46.2548 13.7802 15.3332 10.3455 8.79744 11.2246
threshold=0.005776862846687437 0.24874999374151233 -0.39938151836395258 1.054737448692322 -0.00028069999825675035 0.00090730431838892411
decision_type=2 10 8 10 10 2
left_child=1 2 3 -1 5 -3
right_child=-2 4 -4 -5 -6 -7
leaf_value=-0.0038260798226429529 0.0076190640791239288 0.011006107404752882 -0.011739020902908745 0.015153654782091699 -0.0046995067205666662 -0.0079840664236806198
leaf_weight=102.74261073768139 400.87543535232544 91.950889483094215 309.51870654523373 23.549427956342697 132.82391838729382 30.435431241989136
leaf_count=459 1744 404 1389 104 584 134
internal_value=-0.000376873 -0.005058 -0.00824072 0.000565214 0.000482792 0.0060372
internal_weight=1091.9 691.021 435.811 126.292 255.21 122.386
internal_count=4818 3074 1952 563 1122 538
is_linear=0
shrinkage=0.03


Tree=8
num_leaves=7
num_cat=0
split_feature=65 80 83 4 54 85
split_gain=35.5844 14.9161 13.6668 11.0076 10.2943 14.3315
threshold=0.52085846662521373 0.28865000605583196 -0.0018735427292995153 0.53890398144721996 0.98622396588325512 0.001827000000048429
decision_type=2 10 2 10 2 8
left_child=4 2 3 -2 5 -1
right_child=1 -3 -4 -5 -6 -7
leaf_value=0.0026105641511548891 0.00066981600116738742 0.0055865775855182325 -0.014094169847708242 -0.012713773326070446 -0.0064462079243815364 0.013523505699933623
leaf_weight=349.26845270395279 180.59343032538891 76.223000094294548 189.89803795516491 69.145789235830307 58.166373282670975 151.42802301049232
leaf_count=1523 808 336 858 309 253 656
internal_value=-0.000491123 -0.00611243 -0.00821991 -0.00338254 0.00471388 0.0061112
internal_weight=1074.72 515.86 439.637 249.739 558.863 500.696
internal_count=4743 2311 1975 1117 2432 2179
is_linear=0
shrinkage=0.03


Tree=9
num_leaves=7
num_cat=0
split_feature=31 34 36 83 51 84
split_gain=39.5872 32.6374 15.2556 14.4086 13.8261 11.1603
threshold=1.0000000180025095e-35 -0.0076661878265440455 0.24449999630451205 -0.001634597952943295 1.1065167188644411 0.63043612241745006
decision_type=2 2 10 2 10 2
left_child=3 -2 4 -1 -3 -5
right_child=1 2 -4 5 -6 -7
leaf_value=-0.0025771451751132406 0.019628879978674237 -0.010198740735427959 0.011969814623085218 0.017067846604603362 0.010857082772974919 0.0053591895379586753
leaf_weight=141.50668665766716 32.804134756326675 457.29642748832703 24.780733078718185 92.584588468074799 21.910846635699272 319.24598689377308
leaf_count=619 143 2060 109 402 97 1383
internal_value=-3.44735e-05 -0.00578439 -0.00778823 0.00554718 -0.00903375 0.00833365
internal_weight=1090.13 536.792 503.988 553.337 479.207 411.831
internal_count=4813 2409 2266 2404 2157 1785
is_linear=0
shrinkage=0.03


Tree=10
num_leaves=7
num_cat=0
split_feature=50 34 57 14 77 49
split_gain=36.6328 19.938 13.8966 12.9248 11.9084 11.8235
threshold=0.001119791704695672 -0.0076661878265440455 0.0021149999229237442 0.0082698212936520594 0.22571524977684024 -0.00032449999707750971
decision_type=2 2 10 2 10 10
left_child=1 -1 3 -2 -3 -4
right_child=2 4 5 -5 -6 -7
leaf_value=0.013389692795555739 -0.0018138242310948352 -0.0077899630711187702 0.010010500472366896 0.011028125994636423 0.0095294440825329663 -0.0094141607779745333
leaf_weight=40.085032716393471 84.975617840886116 469.57773974537849 32.494440257549286 342.31997703015804 30.261389687657356 76.177708685398102
leaf_count=174 369 2118 141 1483 134 333
internal_value=0.000594588 -0.00487631 0.00609424 0.00849119 -0.00657506 -0.00325182
internal_weight=1075.89 539.924 535.968 427.296 499.839 108.672
internal_count=4752 2426 2326 1852 2252 474
is_linear=0
shrinkage=0.03


Tree=11
num_leaves=7
num_cat=0
split_feature=0 4 43 45 67 20
split_gain=37.2172 14.9694 12.5685 15.2961 11.4131 8.63472
threshold=0.021511950530111793 0.093842938542366042 0.16306865960359576 -0.010801004245877264 0.31198769807815557 -0.045944999903440469
decision_type=10 10 10 2 2 10
left_child=1 5 3 -2 -4 -1
right_child=2 -3 4 -5 -6 -7
leaf_value=-0.0135471963252947 0.0066182888395258524 -0.013153602402276898 -0.00052592025565639734 -0.011318382424402158 0.0084153448664916336 0.0039520034562964277
leaf_weight=22.67982991039753 68.255062252283096 189.31666304171085 177.26950313150883 86.150249034166336 446.31163977086544 103.5783606171608
leaf_count=103 301 861 774 385 1938 468
internal_value=0.000503452 -0.00803376 0.00402441 -0.00346917 0.00590537 4.50762e-05
internal_weight=1093.56 315.575 777.986 154.405 623.581 126.258
internal_count=4830 1432 3398 686 2712 571
is_linear=0
shrinkage=0.03


Tree=12
num_leaves=7
num_cat=0
split_feature=50 34 34 14 57 49
split_gain=30.3593 19.794 10.976 12.0464 11.4613 10.6333
threshold=0.001119791704695672 -0.0076661878265440455 -0.0073236485477536908 0.0082698212936520594 -0.0040144999511539927 -0.0013384999474510548
decision_type=2 2 2 2 10 10
left_child=1 -1 -2 -4 -5 -6
right_child=2 -3 3 4 5 -7
leaf_value=0.013591687731267099 -0.010897413851330581 -0.0063558771134054762 -0.0024864712255565197 0.011140576554202981 0.012898569471586459 -0.007701113434674927
leaf_weight=39.768888890743256 26.443973898887634 495.07994218170643 105.40336054563522 324.84195877611637 23.344636410474777 59.953406453132629
leaf_count=172 115 2239 458 1400 101 262
internal_value=0.000372256 -0.00465043 0.00534125 0.0063696 0.00866148 -0.00116424
internal_weight=1074.84 534.849 539.987 513.543 408.14 83.298
internal_count=4747 2411 2336 2221 1763 363
is_linear=0
shrinkage=0.03


Tree=13
num_leaves=7
num_cat=0
split_feature=80 55 8 20 46 20
split_gain=40.2408 13.9439 11.2366 11.9743 8.91796 10.0789
threshold=0.21694999933242801 -0.0055882700253278008 1.0000000180025095e-35 -0.021265000104904171 -0.10510766878724097 -0.055205000564455979
decision_type=8 2 2 10 10 10
left_child=-1 -2 3 -3 -4 -6
right_child=1 2 4 -5 5 -7
leaf_value=-0.0086699890516006798 -0.0083816347566216878 0.0017037649087865497 -0.0026330412256808495 0.018890322967899009 0.012895181906387452 0.002156609748934227
leaf_weight=334.14453317224979 69.113803446292877 63.262015953660011 173.69803240895271 83.752845987677574 105.00498324632645 265.96763828396797
leaf_count=1519 305 275 770 364 453 1150
internal_value=-0.000141645 0.00366791 0.0049742 0.0120743 0.00287464 0.00545489
internal_weight=1094.94 760.799 691.686 147.015 544.671 370.973
internal_count=4836 3317 3012 639 2373 1603
is_linear=0
shrinkage=0.03


Tree=14
num_leaves=7
num_cat=0
split_feature=50 34 12 66 53 35
split_gain=35.6967 14.6476 10.8928 10.422 9.8632 9.13065
threshold=0.005776862846687437 -0.0076661878265440455 0.3660500049591065 0.96649387478828441 -0.012655696365982292 0.044089999049901969
decision_type=2 2 8 2 2 10
left_child=1 3 -3 -1 -4 -6
right_child=-2 2 4 -5 5 -7
leaf_value=-0.0054668493719143589 0.0067761525921008559 0.0078080109818171777 0.0041278791681276308 0.019211062477819268 -0.009377418376860713 0.0026980642026873201
leaf_weight=19.380265817046165 410.47375993430614 42.528903245925903 61.983150139451027 29.51910474896431 466.45242068171501 59.495984718203545
leaf_count=84 1767 185 276 127 2107 270
internal_value=-0.000113948 -0.0043149 -0.00557896 0.0101629 -0.00666172 -0.00798657
internal_weight=1089.83 679.36 630.46 48.8994 587.932 525.948
internal_count=4816 3049 2838 211 2653 2377
is_linear=0
shrinkage=0.03


Tree=15
num_leaves=7
num_cat=0
split_feature=80 2 46 81 85 9
split_gain=30.8983 16.5735 15.3119 13.0826 11.793 9.39908
threshold=0.24874999374151233 1.2965000271797182 -0.42860412597656244 6.2316095829010019 0.000782500021159649 37.500000000000007
decision_type=8 10 10 10 8 8
left_child=1 2 -1 4 -2 -4
right_child=3 -3 5 -5 -6 -7
leaf_value=0.0018840514365866864 -0.0017527211576856161 0.013187493691782189 -0.016158008698965519 0.014859808656396647 0.0067581694507371495 -0.0053485642672764754
leaf_weight=103.71336923539639 316.37553218007088 27.208506882190704 159.3600988984108 73.957697838544846 257.92103737592697 152.10668438673019
leaf_count=467 1383 118 734 322 1109 688
internal_value=-0.000374713 -0.00640739 -0.00797149 0.00377697 0.00211983 -0.0112097
internal_weight=1090.64 442.389 415.18 648.254 574.297 311.467
internal_count=4821 2007 1889 2814 2492 1422
is_linear=0
shrinkage=0.03


Tree=16
num_leaves=7
num_cat=0
split_feature=50 53 35 68 85 85
split_gain=28.8064 11.5736 10.1734 13.3014 10.9673 9.10439
threshold=0.005776862846687437 -0.012655696365982292 0.041629999876022346 -3.3060679925256402e-05 -0.0017369999550282953 0.0001165000030596275
decision_type=2 2 10 2 10 8
left_child=1 -1 3 5 -5 -3
right_child=-2 2 -4 4 -6 -7
leaf_value=0.0070473112245896547 0.0067333667037165323 -0.0046156340447324846 0.0045693964176642936 0.0008165833834384526 -0.012130450395036211 0.0088344470599011054
leaf_weight=77.873391211032867 408.81969158351421 106.66040636599064 85.007881760597229 72.585882216691971 276.64392054080963 64.099357441067696
leaf_count=344 1755 479 384 325 1256 284
internal_value=0.000526418 -0.00323309 -0.00464943 -0.0062143 -0.00949164 0.000642649
internal_weight=1091.69 682.871 604.997 519.99 349.23 170.76
internal_count=4827 3072 2728 2344 1581 763
is_linear=0
shrinkage=0.03


Tree=17
num_leaves=7
num_cat=0
split_feature=50 34 77 65 56 20
split_gain=27.2048 11.8672 13.0019 10.1301 7.71958 8.75184
threshold=0.005776862846687437 -0.0076661878265440455 0.22571524977684024 0.52127608656883251 0.0042103298474103221 -0.02685499936342239
decision_type=2 2 10 2 2 10
left_child=1 3 4 -1 5 -3
right_child=-2 2 -4 -5 -6 -7
leaf_value=-0.0052334627397041854 0.0064304662697656501 -0.012509552969656246 0.0084461501596740009 0.018082791299177513 0.004031323332124752 -0.0040904088203841601
leaf_weight=22.120654463768005 404.29671160876751 167.86295726895332 54.394374832510948 31.470234766602516 56.934581354260445 340.73940604925156
leaf_count=96 1733 763 239 135 250 1551
internal_value=0.000367692 -0.00331246 -0.00451785 0.00914904 -0.00588984 -0.00705676
internal_weight=1077.82 673.522 619.931 53.5909 565.537 508.602
internal_count=4767 3034 2803 231 2564 2314
is_linear=0
shrinkage=0.03


Tree=18
num_leaves=7
num_cat=0
split_feature=50 3 53 16 3 8
split_gain=21.2454 14.716 9.9339 8.81075 8.35457 8.10725
threshold=0.001119791704695672 0.17590204626321795 -0.012655696365982292 0.12184999883174898 0.17590204626321795 1.0000000180025095e-35
decision_type=2 2 2 8 2 2
left_child=1 -1 3 -3 -2 -6
right_child=4 2 -4 -5 5 -7
leaf_value=0.010234614403945711 -0.010185593197572401 0.010968045164429023 -0.0076132592903886843 -0.009763509850485819 0.012127002283692168 0.0028248165842405149
leaf_weight=46.843181625008583 26.482226669788361 45.716164872050285 429.92007201910019 18.514825507998466 99.148988604545593 417.36337701976299
leaf_count=203 115 203 1975 82 425 1794
internal_value=-0.000251817 -0.00441886 -0.00598339 0.00448186 0.0039047 0.00480686
internal_weight=1083.99 540.994 494.151 64.231 542.995 516.512
internal_count=4797 2463 2260 285 2334 2219
is_linear=0
shrinkage=0.03


Tree=19
num_leaves=7
num_cat=0
split_feature=50 34 57 53 14 27
split_gain=26.7688 19.046 13.023 10.4983 9.52165 8.85125
threshold=0.000534126302227378 -0.0078177594114094955 0.0021149999229237442 -0.012655696365982292 0.0078060682862997064 0.01333351666107774
decision_type=2 2 10 2 2 2
left_child=1 -1 4 -3 -2 -6
right_child=2 3 -4 -5 5 -7
leaf_value=0.014349105157550916 -0.0041682679658863629 0.0052134898387660392 -0.003447941120709775 -0.0073779405059601656 0.011039528461251247 -0.00097622201236469077
leaf_weight=37.198708578944206 49.067007750272751 61.869280934333801 114.63066413998604 420.98250666260719 334.79754707217216 63.847682803869247
leaf_count=159 212 274 498 1939 1433 274
internal_value=0.000851863 -0.00401436 0.00534362 -0.00569152 0.00762073 0.00913827
internal_weight=1082.39 520.05 562.343 482.852 447.712 398.645
internal_count=4789 2372 2417 2213 1919 1707
is_linear=0
shrinkage=0.03


Tree=20
num_leaves=7
num_cat=0
split_feature=0 8 23 65 60 4
split_gain=30.7402 9.88753 10.783 9.11862 8.44977 8.40753
threshold=0.021229399368166927 1.0000000180025095e-35 0.0017569999909028413 0.52668857574462902 0.11470000073313714 -1.0000000180025095e-35
decision_type=10 2 8 2 10 10
left_child=5 2 4 -3 -2 -1
right_child=1 3 -4 -5 -6 -7
leaf_value=-0.00045229901707978504 0.022067390421701406 0.0039427692585545125 0.0022548092536727317 -0.0043263430975616426 -0.00043356940187600748 -0.011092317089303073
leaf_weight=101.84325508773327 60.878307476639748 475.69722796976566 87.973032101988792 150.35007578134537 18.577262759208679 189.46538943052292
leaf_count=467 264 2051 381 680 80 880
internal_value=0.000667494 0.00372616 0.00999061 0.00192008 0.0173461 -0.00751097
internal_weight=1084.78 793.476 167.429 626.047 79.4556 291.309
internal_count=4803 3456 725 2731 344 1347
is_linear=0
shrinkage=0.03


Tree=21
num_leaves=7
num_cat=0
split_feature=65 3 83 38 36 23
split_gain=21.7953 19.1887 11.1223 10.7681 17.778 11.6458
threshold=0.52085846662521373 0.16504539549350741 -0.004986333427950739 -0.00023800000053597611 0.24449999630451205 -1.0000000180025095e-35
decision_type=2 2 2 8 10 8
left_child=2 -2 -1 5 -5 -3
right_child=1 3 -4 4 -6 -7
leaf_value=-0.0072631477091430387 0.016936681114384112 0.0074723251100293061 0.0053910788842000063 -0.011727619516175966 0.013779517243733044 -0.0065129483687871434
leaf_weight=62.392714709043503 25.519505247473717 83.129821136593819 503.17762537300587 267.48699203133583 18.661777347326279 116.31379605829716
leaf_count=271 109 378 2154 1243 82 531
internal_value=-0.000132266 -0.00457582 0.00389315 -0.00602531 -0.009655 -0.000605313
internal_weight=1076.68 511.112 565.57 485.592 286.149 199.444
internal_count=4768 2343 2425 2234 1325 909
is_linear=0
shrinkage=0.03


Tree=22
num_leaves=7
num_cat=0
split_feature=0 83 67 2 83 26
split_gain=23.7441 8.58495 10.1092 9.13943 8.70354 8.70039
threshold=0.021511950530111793 -0.0014702267362736163 0.20416666567325595 1.0975000262260439 0.0004596914077410475 -0.010555000044405459
decision_type=10 2 2 10 2 10
left_child=-1 2 3 -2 -3 -4
right_child=1 4 5 -5 -6 -7
leaf_value=-0.007520754450261357 0.012453196986519302 0.011489811937088087 0.00057774428259350387 -0.0073066045364061517 0.0023026037702801373 -0.011051819363969729
leaf_weight=296.78298182785511 59.784930184483528 119.10921108722687 121.0241112112999 22.452330529689789 356.44447998702526 99.368970230221748
leaf_count=1379 264 519 536 98 1523 440
internal_value=-0.000443443 0.00231687 -0.00160285 0.00685113 0.00479291 -0.0049178
internal_weight=1074.97 778.184 302.63 82.2373 475.554 220.393
internal_count=4759 3380 1338 362 2042 976
is_linear=0
shrinkage=0.03


Tree=23
num_leaves=7
num_cat=0
split_feature=80 9 46 29 71 61
split_gain=20.8705 13.6099 10.9497 10.682 6.37166 6.0206
threshold=0.24874999374151233 37.500000000000007 -0.42185029387474055 0.1132829785346985 0.99611648917198192 -0.068704999983310686
decision_type=8 8 10 2 2 8
left_child=1 2 -1 -2 5 -5
right_child=3 -3 -4 4 -6 -7
leaf_value=0.00047617085678686492 -0.0077410749137626893 0.0004893200515411829 -0.01402456237012825 -0.0072066775567275962 -0.0076021607456789615 0.0061558972748381926
leaf_weight=64.105891406536102 60.029858142137527 212.2438970208168 158.02817898988724 24.003429472446442 27.215493306517601 528.92347463965416
leaf_count=291 266 963 743 103 119 2278
internal_value=3.22669e-05 -0.00497884 -0.00999954 0.00345675 0.00472697 0.00545809
internal_weight=1074.55 434.378 222.134 640.172 580.142 552.927
internal_count=4763 1997 1034 2766 2500 2381
is_linear=0
shrinkage=0.03


Tree=24
num_leaves=7
num_cat=0
split_feature=50 48 54 61 83 42
split_gain=20.4779 9.1614 8.85127 8.43136 8.90283 9.08075
threshold=0.005776862846687437 -0.0018095000414177773 0.98399972915649425 -0.044889999553561204 0.0052685276605188855 0.80569040775299083
decision_type=2 8 2 8 2 10
left_child=-1 -2 3 -3 5 -5
right_child=1 2 -4 4 -6 -7
leaf_value=-0.0029916005051251315 -0.0046130335637648142 -0.002943216798994756 -0.0028294344962157586 0.010674505744542904 0.020829074982848871 -0.0045960616111125471
leaf_weight=671.46646130084991 62.241308584809303 38.87514628469944 59.726146727800369 150.62726230919361 60.349722906947136 38.638380944728851
leaf_count=3048 265 165 255 642 255 164
internal_value=0.000222844 0.00542742 0.00730076 0.00942255 0.0113876 0.00748283
internal_weight=1081.92 410.458 348.217 288.491 249.615 189.266
internal_count=4794 1746 1481 1226 1061 806
is_linear=0
shrinkage=0.03


Tree=25
num_leaves=7
num_cat=0
split_feature=0 8 78 17 21 85
split_gain=21.9022 11.9176 12.7246 9.87752 9.41544 8.59862
threshold=0.021511950530111793 1.0000000180025095e-35 0.96504840254783641 0.10934999957680704 -0.0092420000582933409 -0.00067550002131611098
decision_type=10 2 10 10 10 8
left_child=4 -2 5 -4 -1 -3
right_child=1 2 3 -5 -6 -7
leaf_value=-0.015655043900376621 0.0096461319501979382 -0.0062351227727051308 0.01774286472434972 -0.0049663550155163464 -0.0035216158196236546 0.0016160117151914138
leaf_weight=70.717334613204002 160.08798244595528 174.90549340844154 51.791873008012772 18.813843265175819 232.61871835589409 382.38367995619774
leaf_count=330 690 779 222 81 1087 1648
internal_value=-3.89524e-05 0.00260049 0.000681073 0.0118263 -0.00675965 -0.000914546
internal_weight=1091.32 787.983 627.895 70.6057 303.336 557.289
internal_count=4837 3420 2730 303 1417 2427
is_linear=0
shrinkage=0.03


Tree=26
num_leaves=7
num_cat=0
split_feature=50 35 33 34 20 65
split_gain=18.5406 13.0801 15.249 12.601 9.79017 13.078
threshold=0.00079470311175100516 0.044089999049901969 4.0901435568230233e-05 -0.0076661878265440455 -0.027304999530315396 0.5264272689819337
decision_type=2 10 2 2 10 2
left_child=1 3 -3 -1 5 -5
right_child=-2 2 -4 4 -6 -7
leaf_value=0.0085478186433494974 0.0034833408065814216 -0.010656717482940807 0.018267366715738045 0.0041605109890628586 -0.0040909869079699627 -0.018011182769467494
leaf_weight=40.676301419734955 568.18540742993355 17.385780617594719 36.104108437895775 25.718914374709129 285.79953487217426 111.39345100522041
leaf_count=173 2426 80 167 118 1322 521
internal_value=-0.000228617 -0.00429616 0.00866844 -0.0059435 -0.00750255 -0.0138522
internal_weight=1085.26 517.078 53.4899 463.588 422.912 137.112
internal_count=4807 2381 247 2134 1961 639
is_linear=0
shrinkage=0.03


Tree=27
num_leaves=7
num_cat=0
split_feature=80 55 9 80 49 22
split_gain=22.2629 11.3478 8.32385 7.47704 7.20654 11.6154
threshold=0.21135000139474872 -0.0055882700253278008 61.500000000000007 0.196650005877018 -0.0032190000638365741 0.0036575000267475848
decision_type=8 2 8 10 10 10
left_child=2 -2 3 4 -1 -6
right_child=1 -3 -4 -5 5 -7
leaf_value=-0.01271239987496304 -0.0084633272372929419 0.0034537184852746648 0.003334590749654576 -0.019319580921487778 0.0055959588448466682 -0.01177818962725718
leaf_weight=81.518093064427376 70.375579670071602 707.30467317998409 51.254583269357681 46.433913007378578 76.426525890827179 47.975180312991142
leaf_count=381 313 3064 229 218 362 228
internal_value=-0.000413745 0.00228154 -0.00717021 -0.00934958 -0.00631076 -0.00148215
internal_weight=1081.29 777.68 303.608 252.354 205.92 124.402
internal_count=4795 3377 1418 1189 971 590
is_linear=0
shrinkage=0.03


Tree=28
num_leaves=7
num_cat=0
split_feature=2 57 81 33 26 22
split_gain=12.9263 11.0745 9.82977 8.9555 8.90938 12.2849
threshold=0.5181500017642976 0.001812500006053597 2.811324000358582 -0.0013569085276685653 -0.021379999816417691 0.012755000032484533
decision_type=8 10 10 2 10 8
left_child=-1 2 -2 -4 5 -5
right_child=1 -3 3 4 -6 -7
leaf_value=-0.012659768506045707 0.010238851086985979 -0.0042464164574884814 0.0092893667371878527 0.0094533611775464935 -0.0043262025833889408 -0.0031513108976710179
leaf_weight=59.747246488928795 116.98601603507996 284.0412867218256 89.70909583568573 132.3802223354578 263.16226094961166 128.75739061832428
leaf_count=275 506 1280 393 585 1166 561
internal_value=-0.000164302 0.000687539 0.00263615 0.00104675 -0.000511045 0.00335145
internal_weight=1074.78 1015.04 730.995 614.009 524.3 261.138
internal_count=4766 4491 3211 2705 2312 1146
is_linear=0
shrinkage=0.03


Tree=29
num_leaves=7
num_cat=0
split_feature=0 20 9 43 35 36
split_gain=21.5149 7.22044 7.23431 6.89903 11.1198 10.4981
threshold=0.016712165437638763 -0.088479999452829347 41.500000000000007 0.14734859019517901 0.03865999914705754 0.096260000020265593
decision_type=10 8 10 10 10 8
left_child=-1 2 -2 -3 5 -5
right_child=1 3 -4 4 -6 -7
leaf_value=-0.011449521438268202 -0.01473754682590126 -0.0019857613061779757 0.0036160954081241739 -0.0024857145564967358 0.012961310207104617 0.0055269689835336314
leaf_weight=111.13970457017422 34.996042311191559 214.9669783115387 28.234095811843872 232.77668550610542 98.123191028833389 369.60281918942928
leaf_count=525 158 978 123 1017 427 1606
internal_value=0.000488619 0.00194639 -0.00716745 0.00264651 0.00407598 0.00244061
internal_weight=1089.84 978.7 63.2301 915.47 700.503 602.38
internal_count=4834 4309 281 4028 3050 2623
is_linear=0
shrinkage=0.03


Tree=30
num_leaves=7
num_cat=0
split_feature=66 33 35 57 77 42
split_gain=18.2087 10.2105 9.49248 8.3628 8.05617 7.91488
threshold=0.021668067201972011 -0.0033482171129435296 0.059754999354481704 0.027850000187754635 0.27951389551162725 0.042290780693292625
decision_type=2 2 10 10 10 10
left_child=3 -2 4 -1 5 -3
right_child=1 2 -4 -5 -6 -7
leaf_value=0.0079150744408453492 0.0071041736702395376 0.0017706151048486525 0.011916509468045757 -0.008091107473923222 0.0041651630982233716 -0.0069703021017478049
leaf_weight=259.28391906619072 81.389096587896347 109.18894265592098 24.727372348308563 24.866806700825691 82.52610194683075 511.98875902593136
leaf_count=1101 361 500 112 107 355 2319
internal_value=-0.000117423 -0.00241385 -0.00355912 0.00628688 -0.00426227 -0.00543014
internal_weight=1093.97 809.82 728.431 284.151 703.704 621.178
internal_count=4855 3647 3286 1208 3174 2819
is_linear=0
shrinkage=0.03


Tree=31
num_leaves=7
num_cat=0
split_feature=80 53 49 46 64 14
split_gain=19.5239 13.6157 10.3407 11.4725 8.05957 10.5061
threshold=0.24874999374151233 -0.012655696365982292 -0.0027315000770613547 -0.39938151836395258 61.004999160766609 0.010241257026791574
decision_type=8 2 8 10 10 2
left_child=1 -1 -3 -4 -2 -6
right_child=4 2 3 -5 5 -7
leaf_value=0.012208247921087063 0.0060522757848189696 -0.011894101220329256 0.013528499364633118 -0.0043098287698796322 -0.00634964717414894 0.0082472731104960388
leaf_weight=32.686556234955788 470.74654558300972 143.26849967241287 27.701410442590714 228.93861682713032 118.64117249846458 57.944482773542404
leaf_count=146 2027 671 127 1062 511 249
internal_value=0.000762929 -0.00411573 -0.00571526 -0.00194922 0.00403623 -0.00137454
internal_weight=1079.93 432.595 399.909 256.64 647.332 176.586
internal_count=4793 2006 1860 1189 2787 760
is_linear=0
shrinkage=0.03


Tree=32
num_leaves=7
num_cat=0
split_feature=0 33 10 22 73 13
split_gain=14.3048 8.8273 9.89682 10.254 10.1973 9.39161
threshold=0.016639308072626594 -0.0052184530068188897 11.500000000000002 -0.010795000009238718 0.60357150435447704 0.96934998035430919
decision_type=10 2 2 8 8 8
left_child=-1 5 3 -3 -5 -2
right_child=1 2 -4 4 -6 -7
leaf_value=-0.010644747151127811 -0.0035604038251246029 -0.014787618355256892 0.0029780848794807775 -0.0030804900023852127 0.011511207947769867 0.017287352861160798
leaf_weight=107.32659840583801 25.958446383476257 50.880357280373573 416.60054178535938 408.87118110060692 38.196137920022011 43.484198793768883
leaf_count=512 112 227 1835 1806 163 190
internal_value=-0.000742469 0.000433825 -0.000395172 -0.00322043 -0.00160924 0.010027
internal_weight=1091.32 983.991 914.548 497.948 447.067 69.4426
internal_count=4845 4333 4031 2196 1969 302
is_linear=0
shrinkage=0.03


Tree=33
num_leaves=7
num_cat=0
split_feature=47 53 9 36 2 35
split_gain=14.3782 15.1912 12.7382 11.2323 9.7499 9.66956
threshold=0.30436140298843389 -0.012655696365982292 37.500000000000007 0.1454500034451485 0.63205000758171093 0.041629999876022346
decision_type=2 2 8 8 10 8
left_child=1 3 5 -1 -4 -2
right_child=2 -3 4 -5 -6 -7
leaf_value=0.011642036535254403 -0.0061135696446481249 -0.0078610669160499302 -0.0036509214262751815 -0.0094744486936028695 0.0075134356118866218 0.006855191950564425
leaf_weight=66.815188035368919 186.32578602433205 285.77173714339733 79.450797691941261 23.535418108105659 381.77188882231712 61.073058411478996
leaf_count=294 843 1318 350 103 1642 268
internal_value=0.000141967 -0.00452842 0.00264944 0.00574541 0.00555358 -0.00277014
internal_weight=1084.74 376.122 708.622 90.3506 461.223 247.399
internal_count=4818 1715 3103 397 1992 1111
is_linear=0
shrinkage=0.03


Tree=34
num_leaves=7
num_cat=0
split_feature=0 2 52 8 23 43
split_gain=19.1879 6.80135 8.35218 6.42553 8.54487 7.48953
threshold=0.016639308072626594 0.6537500023841859 0.0018198970938101413 1.0000000180025095e-35 -0.01178499963134527 0.038835097104310996
decision_type=10 8 2 2 8 8
left_child=-1 2 -2 4 -3 -5
right_child=1 3 -4 5 -6 -7
leaf_value=-0.01146024195376783 -0.0071285552654643172 0.019271802652913894 0.008852904503916334 0.011015544310282312 0.0037446402658133488 0.00029750371629669889
leaf_weight=101.36717210710049 128.56422120332718 34.597531452775002 28.27398519217968 55.105666041374207 137.76627983152866 600.65434232354164
leaf_count=486 597 149 125 251 597 2620
internal_value=0.000352477 0.00167115 -0.00388956 0.00275813 0.00774719 0.00135011
internal_weight=1086.33 984.962 156.838 828.124 172.364 655.76
internal_count=4825 4339 722 3617 746 2871
is_linear=0
shrinkage=0.03


Tree=35
num_leaves=7
num_cat=0
split_feature=0 16 35 78 17 14
split_gain=14.6284 10.5794 12.4213 7.12859 15.2821 9.00427
threshold=0.020259934477508072 0.0064354999922215947 0.040659999474883086 0.96491214632987987 0.10934999957680704 0.0082698212936520594
decision_type=10 10 10 10 10 2
left_child=1 -1 -3 5 -5 -2
right_child=3 2 -4 4 -6 -7
leaf_value=-0.011599111451070473 -0.0061581581806455545 -0.0054304505561227102 0.015642051706466216 0.015897110920015039 -0.0079376702993307919 0.0023053912270494669
leaf_weight=137.57544222474098 129.15147152543068 74.351606622338295 25.923177972435951 69.720226123929024 27.547393307089806 597.17901073396206
leaf_count=653 565 356 123 296 118 2604
internal_value=-8.93633e-05 -0.00648738 0.000941693 0.001814 0.00903611 0.000737262
internal_weight=1061.45 237.85 100.275 823.598 97.2676 726.33
internal_count=4715 1132 479 3583 414 3169
is_linear=0
shrinkage=0.03


Tree=36
num_leaves=7
num_cat=0
split_feature=0 46 49 77 33 20
split_gain=14.8774 9.01396 9.67367 10.5234 9.3005 9.25893
threshold=0.016712165437638763 0.019991052336990837 0.0072580000851303348 0.26892529428005224 -0.0082938582636415941 -0.027410000562667843
decision_type=10 10 10 10 2 8
left_child=-1 2 3 5 -3 -2
right_child=1 4 -4 -5 -6 -7
leaf_value=-0.010262707272059605 -0.008851253980782639 0.020294618449470878 -0.018291290647271748 0.0098991761771418472 0.0029494223551722117 0.00055036251750402497
leaf_weight=105.27917955815792 125.78683397173882 20.27612541615963 19.486800372600555 63.932946726679802 442.04367431998253 304.92309807240963
leaf_count=508 581 87 86 275 1882 1389
internal_value=-6.54051e-05 0.00112694 -0.0015951 -0.000587914 0.00412371 -0.00233387
internal_weight=1081.73 976.449 514.13 494.643 462.32 430.71
internal_count=4808 4300 2331 2245 1969 1970
is_linear=0
shrinkage=0.03


Tree=37
num_leaves=7
num_cat=0
split_feature=50 34 20 22 3 34
split_gain=14.6592 11.3991 11.3541 10.9122 9.54958 9.6546
threshold=0.005776862846687437 -0.0028060221811756487 -0.088479999452829347 0.0052024999167770156 0.41813766956329351 0.00085026558372192096
decision_type=2 2 10 8 2 2
left_child=1 3 -3 -1 -4 -6
right_child=-2 2 4 -5 5 -7
leaf_value=-0.0022973528129439343 0.0043731663989793196 -0.017574655272354286 -0.011199490254290229 0.010640205739868873 0.0043466196576367085 -0.0063659142386738284
leaf_weight=151.87944358587265 415.04496900737286 51.831162765622139 96.533263355493546 82.932038247585297 153.28044404089451 131.31126862764359
leaf_count=683 1753 238 449 370 709 611
internal_value=5.56101e-06 -0.00273356 -0.00557535 0.00251999 -0.00353589 -0.000644476
internal_weight=1082.81 667.768 432.956 234.811 381.125 284.592
internal_count=4813 3060 2007 1053 1769 1320
is_linear=0
shrinkage=0.03


Tree=38
num_leaves=7
num_cat=0
split_feature=85 7 22 38 62 43
split_gain=8.41004 9.51137 8.5295 8.05134 9.45935 7.53592
threshold=6.0499998653540395e-05 2.5743716955184941 0.0045265001244843015 -0.00088399997912347306 0.12320380657911302 0.15788874030113223
decision_type=8 2 10 10 10 10
left_child=1 3 -3 5 -5 -1
right_child=-2 2 -4 4 -6 -7
leaf_value=-0.0015342579642603263 0.0032259212945289417 0.014223739796055139 -0.0044722029916749633 0.0040215491586207217 -0.0082171330063840857 0.012773983999268313
leaf_weight=134.39671793580055 491.33145652711391 46.607570558786392 29.656821995973587 63.543690592050552 292.58699142932892 33.263516992330551
leaf_count=616 2124 206 131 276 1343 152
internal_value=0.000350051 -0.00201902 0.00727783 -0.00348363 -0.00598321 0.0018637
internal_weight=1091.39 600.055 76.2644 523.791 356.131 167.66
internal_count=4848 2724 337 2387 1619 768
is_linear=0
shrinkage=0.03


Tree=39
num_leaves=7
num_cat=0
split_feature=0 2 57 81 16 81
split_gain=12.7328 7.49737 9.48536 11.5274 9.07704 8.60068
threshold=0.016302006319165233 0.78139999508857738 0.00069255000562407087 2.811324000358582 0.15269999951124194 2.9788734912872319
decision_type=10 10 10 10 10 10
left_child=-1 -2 3 4 -3 -5
right_child=1 2 -4 5 -6 -7
leaf_value=-0.010647749749492161 -0.0026818536968891177 0.02024742946367129 -0.0033586156391231851 -0.013239368765869357 -0.00071106370864020018 0.0036685007520218691
leaf_weight=90.351139023900032 381.81279061734676 56.399538740515709 164.86034560203552 19.600078359246254 24.915743261575699 336.9895343631506
leaf_count=439 1716 241 732 85 105 1460
internal_value=-0.000466343 0.000565631 0.0026329 0.00491318 0.014451 0.00240336
internal_weight=1074.93 984.578 602.765 437.905 81.3153 356.59
internal_count=4778 4339 2623 1891 346 1545
is_linear=0
shrinkage=0.03


Tree=40
num_leaves=7
num_cat=0
split_feature=80 51 12 23 62 49
split_gain=14.5589 12.3569 7.63832 10.1018 10.62 7.6784
threshold=0.21135000139474872 0.97743088006973278 0.6050499975681306 0.004041000036522747 0.90000668168067943 -1.0000000180025095e-35
decision_type=8 10 10 8 10 10
left_child=1 -1 3 5 -5 -2
right_child=2 -3 -4 4 -6 -7
leaf_value=-0.0077104900172711016 0.010820465072937616 0.010103336833009686 -0.0084607354701026448 0.0019478303223313042 -0.01040562587132399 0.0019532250765534184
leaf_weight=264.12384986877441 175.20885407924652 31.422956138849258 47.272429496049881 315.65382364392281 67.563834100961685 177.50465129315853
leaf_count=1265 760 140 217 1364 290 760
internal_value=1.63645e-05 -0.00554782 0.00215952 0.00294599 -0.000439405 0.00653487
internal_weight=1078.75 295.547 783.204 735.931 383.218 352.714
internal_count=4796 1405 3391 3174 1654 1520
is_linear=0
shrinkage=0.03


Tree=41
num_leaves=7
num_cat=0
split_feature=38 54 53 54 84 9
split_gain=9.11329 11.0789 10.7512 11.2815 10.4248 9.24866
threshold=0.0030199999455362563 0.95728138089180004 -0.012655696365982292 0.19805900007486346 0.54240217804908764 37.500000000000007
decision_type=8 2 2 2 2 8
left_child=2 4 -1 -4 -2 -5
right_child=1 -3 3 5 -6 -7
leaf_value=0.0092101424225245511 -0.0019327353355751596 -0.0025550511333564379 -0.0085013512230344181 -0.0040383178800111851 0.020246548061651253 0.0029452319109507913
leaf_weight=83.033133491873741 24.493970170617104 55.684382602572441 157.97162300348282 273.82522943615913 56.27979938685894 418.15080557763577
leaf_count=363 108 234 733 1257 236 1826
internal_value=0.000603213 0.00756149 -0.000483902 -0.00152702 0.0140489 0.000163577
internal_weight=1069.44 136.458 932.981 849.948 80.7738 691.976
internal_count=4757 578 4179 3816 344 3083
is_linear=0
shrinkage=0.03


Tree=42
num_leaves=7
num_cat=0
split_feature=78 15 28 82 82 45
split_gain=9.15761 11.3556 7.13101 8.24535 6.79985 5.9747
threshold=0.97233030200004589 -0.18014999479055402 0.24626624584198001 1.9750000238418581 0.6822500228881837 -0.01604444999247789
decision_type=10 10 8 10 8 2
left_child=2 -2 3 4 -1 -6
right_child=1 -3 -4 -5 5 -7
leaf_value=0.0052380242746598886 0.018959336499347765 -0.0015947839550633238 -0.0071002746099648809 0.011051718537160377 0.0088804407339603993 -0.0026082446618320553
leaf_weight=135.55866655707359 38.642813190817833 45.293262481689453 133.77388925850391 47.966531932353973 33.785719826817513 637.3007385879755
leaf_count=599 163 193 580 204 147 2885
internal_value=-7.68644e-05 0.00887896 -0.00091873 0.000119808 -0.00065762 -0.00190795
internal_weight=1072.32 83.9361 988.386 854.612 806.645 671.086
internal_count=4771 356 4415 3835 3631 3032
is_linear=0
shrinkage=0.03


Tree=43
num_leaves=7
num_cat=0
split_feature=0 67 49 21 47 81
split_gain=15.1544 7.18095 12.0215 10.1048 7.70463 9.54215
threshold=0.016302006319165233 0.33879782259464269 0.0038970001041889195 -0.01352499984204769 0.28199651837348944 4.6641504764556894
decision_type=10 2 8 8 2 10
left_child=-1 2 3 -2 5 -3
right_child=1 4 -4 -5 -6 -7
leaf_value=-0.011222914346193151 -0.012575918287927297 -0.0086083524291707368 -0.010468519055060937 0.0033158585018268948 0.0051484650467962991 0.0053303898585869399
leaf_weight=86.999848216772079 31.730852991342545 87.477042034268379 99.035875871777534 255.6438380330801 454.58440613746643 71.803275942802429
leaf_count=426 143 402 430 1146 1958 328
internal_value=0.000104615 0.00119117 -0.00198131 0.00119726 0.00318791 -0.0023811
internal_weight=1087.28 1000.28 386.411 287.375 613.865 159.28
internal_count=4833 4407 1719 1289 2688 730
is_linear=0
shrinkage=0.03


Tree=44
num_leaves=7
num_cat=0
split_feature=80 49 81 15 57 35
split_gain=12.7549 9.43087 8.51093 9.40681 8.26221 9.07543
threshold=0.24874999374151233 -0.01433750009164214 6.2667889595031747 -0.18534999340772626 0.048674998804926879 0.044089999049901969
decision_type=8 10 10 8 8 10
left_child=1 -1 -2 -4 5 -3
right_child=2 4 3 -5 -6 -7
leaf_value=0.011064190773637144 0.0012320480118022596 -0.0095577423303566146 -0.0029512716655050071 0.018348821322627318 0.0026264030474891214 0.0048613672142417729
leaf_weight=24.942523524165154 580.82051141560078 266.39220502972603 24.103622153401375 46.882687017321587 86.217777445912361 39.496783584356308
leaf_count=112 2490 1278 104 201 385 187
internal_value=-8.41128e-05 -0.00412539 0.00252491 0.0116449 -0.00534275 -0.00760097
internal_weight=1068.86 417.049 651.807 70.9863 392.107 305.889
internal_count=4757 1962 2795 305 1850 1465
is_linear=0
shrinkage=0.03


Tree=45
num_leaves=7
num_cat=0
split_feature=0 4 48 83 60 76
split_gain=11.742 12.1535 9.18355 8.68504 8.50678 8.07989
threshold=0.019287426955997947 0.093842938542366042 -0.0001625000004423782 -0.0011913393391296265 0.066349998116493239 0.9860999882221223
decision_type=10 10 8 2 10 10
left_child=1 2 -1 4 5 -2
right_child=3 -3 -4 -5 -6 -7
leaf_value=0.01025381179655274 0.0025347259977345181 -0.011754874276406049 -0.0079744690573592646 0.004350730346555298 -0.0089085840103456729 -0.01411488952245505
leaf_weight=48.318203821778297 272.40405784547329 121.22331529855728 33.973144739866257 497.20568698644638 95.120789006352425 18.962783545255661
leaf_count=232 1222 594 163 2126 419 83
internal_value=0.000257067 -0.00606606 0.00267979 0.00176487 -0.00158761 0.00101873
internal_weight=1087.21 203.515 82.2913 883.693 386.488 291.367
internal_count=4839 989 395 3850 1724 1305
is_linear=0
shrinkage=0.03


Tree=46
num_leaves=7
num_cat=0
split_feature=77 86 23 31 49 4
split_gain=9.9969 10.5541 10.242 11.5255 9.75122 7.81714
threshold=0.22571524977684024 -1.0000000180025095e-35 -0.003777000005356967 1.0000000180025095e-35 0.0087124998681247252 -0.50705590844154347
decision_type=10 10 8 2 10 10
left_child=2 -2 3 4 -1 -5
right_child=1 -3 -4 5 -6 -7
leaf_value=0.006802037386867567 0.011610482181216013 -0.00051730834750234522 0.00070321266504095692 0.005247015266033949 -0.012707434582488745 -0.013550448418235968
leaf_weight=75.049112215638161 112.61221790313721 134.72968891263008 578.3880857527256 17.61881722509861 21.754966408014297 138.25497478246689
leaf_count=317 477 574 2606 81 92 652
internal_value=6.74904e-05 0.00524095 -0.00151624 -0.00643001 0.00163836 -0.0112375
internal_weight=1078.41 247.342 831.066 252.678 96.8041 155.874
internal_count=4799 1051 3748 1142 409 733
is_linear=0
shrinkage=0.03


Tree=47
num_leaves=7
num_cat=0
split_feature=0 10 69 81 4 68
split_gain=9.92116 7.21341 6.94975 8.35656 7.61954 7.48768
threshold=0.015435641631484033 9.5000000000000018 -0.0037670349702239032 6.6488680839538583 -0.7150430679321288 -0.00055021958542056371
decision_type=10 2 2 8 10 2
left_child=-1 2 3 -2 -4 -6
right_child=1 -3 4 -5 5 -7
leaf_value=-0.01116403189617711 -0.011162744245505091 0.0024733782363118711 0.011156895788552324 0.0077555172445820802 0.0080993364170688312 -0.0040167284846966732
leaf_weight=64.419358804821968 111.7097250521183 552.5605246424675 36.316073104739189 17.987705245614052 46.219983845949173 247.50701643526554
leaf_count=320 496 2442 155 80 205 1100
internal_value=-0.000591871 0.000183529 -0.0025627 -0.00817163 -0.000183058 -0.00190629
internal_weight=1076.72 1012.3 459.741 129.697 330.043 293.727
internal_count=4798 4478 2036 576 1460 1305
is_linear=0
shrinkage=0.03


Tree=48
num_leaves=7
num_cat=0
split_feature=56 61 11 68 12 17
split_gain=12.175 7.66761 8.37192 7.8781 7.69634 9.60943
threshold=0.0035165983717888598 0.0068035000003874311 9.5000000000000018 0.0086891618557274359 0.58614999055862438 -0.014710000250488518
decision_type=2 10 8 2 8 10
left_child=1 3 -3 -1 -4 -6
right_child=-2 2 4 -5 5 -7
leaf_value=-0.006175372256283897 0.0043134628528352162 0.013290744320975366 0.0031429027345356879 0.009520627684553841 0.0078183494380183408 -0.011866700303601312
leaf_weight=365.94644699990749 376.17938120663166 34.620989248156548 166.7640438079834 22.355627432465553 22.430208891630173 75.181216448545456
leaf_count=1680 1593 160 746 96 106 358
internal_value=4.05562e-05 -0.00232646 0.00126645 -0.00505537 -0.000735186 -0.00703707
internal_weight=1063.48 687.299 298.996 388.302 264.375 97.6114
internal_count=4739 3146 1370 1776 1210 464
is_linear=0
shrinkage=0.03


Tree=49
num_leaves=7
num_cat=0
split_feature=80 21 54 43 53 6
split_gain=11.18 16.3358 6.78431 7.3943 13.2505 9.42046
threshold=0.20910000056028369 0.0031530000269412999 0.98622396588325512 0.1791355982422829 -0.011425368022173641 0.05108876712620259
decision_type=8 10 2 8 2 8
left_child=1 -1 3 4 -2 -5
right_child=2 -3 -4 5 -6 -7
leaf_value=-0.01052164157667426 0.008238903096484021 0.0037827762761610175 -0.0072164103744415693 -0.0057602238567498248 -0.0080447151303799595 0.0057989598751212023
leaf_weight=174.52164369821548 59.10672190785408 110.90891993045807 59.200217753648758 64.693931758403778 120.71097461879253 481.87383204698563
leaf_count=842 259 533 250 277 554 2062
internal_value=-4.02792e-05 -0.00502351 0.00181069 0.0026344 -0.00254017 0.00435186
internal_weight=1071.02 285.431 785.586 726.385 179.818 546.568
internal_count=4777 1375 3402 3152 813 2339
is_linear=0
shrinkage=0.03


Tree=50
num_leaves=7
num_cat=0
split_feature=33 85 50 63 61 75
split_gain=11.0114 9.94258 12.035 9.4217 9.11631 8.8976
threshold=-0.0033482171129435296 -0.0021314999321475621 0.005776862846687437 0.15109999477863315 -0.038254998624324792 11.355000019073488
decision_type=2 10 2 10 8 10
left_child=-1 3 -3 4 -2 -4
right_child=1 2 5 -5 -6 -7
leaf_value=0.008348257871414206 -0.0078792038816036421 -0.0056564278643118585 0.0072790213648431593 -0.0095834008843310638 0.011420289154341108 -0.0022259735285736987
leaf_weight=111.27801948785782 19.197372943162918 471.00459912419319 138.06796458363533 23.227572903037071 118.55248764157295 212.5796215981245
leaf_count=485 83 2205 579 101 529 895
internal_value=-0.000186929 -0.00122786 -0.00257131 0.00537861 0.0083794 0.00161469
internal_weight=1093.91 982.63 821.652 160.977 137.75 350.648
internal_count=4877 4392 3679 713 612 1474
is_linear=0
shrinkage=0.03


Tree=51
num_leaves=7
num_cat=0
split_feature=80 21 67 82 49 46
split_gain=8.02514 9.22631 8.04932 8.74047 9.7305 8.98425
threshold=0.20910000056028369 -0.012825000099837778 0.68095237016677868 0.91715002059936535 -0.0033219999168068166 -0.46600900590419764
decision_type=8 10 2 10 8 10
left_child=1 -1 3 5 -5 -3
right_child=-2 2 -4 4 -6 -7
leaf_value=-0.016872846222256856 0.0015981088714363675 0.0071003466855409014 -0.014042058551513973 -0.0049391579193166267 0.014514490601235323 -0.0085506316512423373
leaf_weight=33.989230886101723 797.90092320740223 38.028690546751022 31.371060848236084 30.459582060575485 52.195779323577881 102.52614337205887
leaf_count=168 3450 178 150 146 253 498
internal_value=4.53361e-05 -0.00415783 -0.00188668 0.000350562 0.00758622 -0.00412573
internal_weight=1086.47 288.57 254.581 223.21 82.6554 140.555
internal_count=4843 1393 1225 1075 399 676
is_linear=0
shrinkage=0.03


Tree=52
num_leaves=7
num_cat=0
split_feature=50 85 60 63 61 9
split_gain=10.1969 8.99556 7.93759 9.58866 8.02304 7.84232
threshold=0.0055292386095970878 -0.0018850000342354176 -0.046074999496340745 0.040620001032948501 -0.003162500099278986 38.500000000000007
decision_type=2 10 10 10 10 8
left_child=1 2 -1 4 -4 -3
right_child=-2 5 3 -5 -6 -7
leaf_value=-0.0066951681636820458 0.0033861408845862226 -0.0080835929921422404 -0.00068662491575770788 -0.0026307142322583 0.020726054594959027 -0.00058641550499023286
leaf_weight=39.283836737275124 422.88560639321804 251.52109782397747 21.577344119548798 45.109008029103279 42.653635814785957 244.79911547899246
leaf_count=176 1776 1204 97 202 192 1118
internal_value=-0.000188301 -0.00254795 0.003749 0.00774798 0.0144094 -0.00447039
internal_weight=1067.83 644.944 148.624 109.34 64.231 496.32
internal_count=4765 2989 667 491 289 2322
is_linear=0
shrinkage=0.03


Tree=53
num_leaves=7
num_cat=0
split_feature=77 48 29 17 79 66
split_gain=9.7846 10.0798 8.91886 6.36729 8.85157 6.22868
threshold=0.22571524977684024 0.003603999968618155 0.10000160336494447 0.13239999860525134 2.2381390333175664 0.01553403912112117
decision_type=10 10 2 10 10 2
left_child=2 3 -1 -2 -5 -4
right_child=1 -3 5 4 -6 -7
leaf_value=-0.0099953373746994329 0.0095229121052095994 -0.0096389423634975508 0.0058877278471970154 0.0085343545101916555 -0.014312839193305338 -0.0017960633952208843
leaf_weight=95.881466194987297 175.0630134344101 28.789521262049675 101.47872406244278 22.127495393157005 19.558189228177071 633.75206424295902
leaf_count=450 741 121 427 94 84 2889
internal_value=-0.000293203 0.00485084 -0.00185253 0.00711565 -0.00288038 -0.000670749
internal_weight=1076.65 245.538 831.112 216.749 41.6857 735.231
internal_count=4806 1040 3766 919 178 3316
is_linear=0
shrinkage=0.03


Tree=54
num_leaves=7
num_cat=0
split_feature=0 15 78 83 43 33
split_gain=9.94726 7.28952 10.3593 8.48756 7.95698 7.31449
threshold=0.016639308072626594 -0.022645000368356701 0.96504840254783641 0.0064519690349698075 0.39181487262248998 0.0014808531268499794
decision_type=10 10 10 2 10 2
left_child=-1 2 -2 4 -4 -3
right_child=1 5 3 -5 -6 -7
leaf_value=-0.008100212834488394 0.00087963608758068743 -0.015352661807786053 0.0021751953141569448 -0.0036813989908903695 0.023768386796925244 0.0041555830490846565
leaf_weight=103.57051955163479 845.22997196018696 35.166742980480194 26.141233921051025 21.531805440783501 36.75201104581356 22.392330765724182
leaf_count=519 3743 154 111 90 154 100
internal_value=0.000315482 0.00127076 0.00194331 0.0113715 0.016323 -0.00827159
internal_weight=1090.78 987.214 929.655 84.4251 62.8932 57.5591
internal_count=4871 4352 4098 355 265 254
is_linear=0
shrinkage=0.03


Tree=55
num_leaves=7
num_cat=0
split_feature=36 57 53 12 34 34
split_gain=7.84212 8.13891 7.63633 10.9548 7.53179 7.82622
threshold=0.10604999959468843 -0.028789999894797799 -0.0016956636682152746 0.59584999084472667 0.0038748546503484253 0.00085026558372192096
decision_type=10 8 2 10 2 2
left_child=1 -1 -2 -4 5 -3
right_child=2 4 3 -5 -6 -7
leaf_value=-0.011671251481802498 -0.00071261829689389905 0.00061370927099759626 0.0094713589737257017 -0.0095226894730538504 0.013550197594794554 -0.0079055858767669868
leaf_weight=53.175881966948509 190.02370545268059 472.1300498098135 210.16773915290833 23.053680807352066 23.253978550434113 111.7740962356329
leaf_count=245 867 2111 897 109 102 503
internal_value=0.000616723 -0.0014225 0.00375766 0.00727949 -0.000350331 -0.00112275
internal_weight=1083.58 660.334 423.245 233.221 607.158 583.904
internal_count=4834 2961 1873 1006 2716 2614
is_linear=0
shrinkage=0.03


Tree=56
num_leaves=7
num_cat=0
split_feature=53 36 47 49 33 33
split_gain=7.32846 9.81964 8.13534 9.16997 8.84968 11.288
threshold=-0.012655696365982292 0.14009999483823779 0.28199651837348944 -0.0048840001691132775 0.0018796644289977851 0.00084381274064071487
decision_type=2 8 2 10 2 2
left_child=1 -1 3 -2 5 -5
right_child=2 -3 -4 4 -6 -7
leaf_value=0.012858024306631004 -0.012255139886949373 -0.0069460030467304382 0.00025840414649626434 -0.0023465832966155409 -0.010494920472625296 0.01811283575456888
leaf_weight=64.563930988311768 104.55954492092133 24.826258450746536 737.84178520739079 69.61829186975956 44.757441535592079 25.784233912825584
leaf_count=282 486 108 3241 332 211 122
internal_value=-0.000561216 0.0072124 -0.00133397 -0.00595673 -0.000754875 0.00437677
internal_weight=1071.95 89.3902 982.561 244.72 140.16 95.4025
internal_count=4782 390 4392 1151 665 454
is_linear=0
shrinkage=0.03


Tree=57
num_leaves=7
num_cat=0
split_feature=35 7 0 78 34 14
split_gain=7.32746 11.2793 8.39303 12.5518 8.00593 7.24366
threshold=0.044089999049901969 1.5501122474670412 0.016944629140198234 0.55145838856697094 -0.0028525380184873934 0.0090107205323874968
decision_type=10 2 10 10 2 2
left_child=2 -2 3 4 -1 -4
right_child=1 -3 5 -5 -6 -7
leaf_value=0.0013288928212123719 -0.0041632441484985259 0.014696916243135648 -0.0041374396620727531 0.0071834432298046392 -0.021433504011679844 0.0015574095119241498
leaf_weight=16.999821424484253 43.616916120052338 56.86892157793045 292.48991458117962 22.86915947496891 46.147949948906898 589.58736285567284
leaf_count=84 198 253 1300 113 236 2584
internal_value=-0.000453965 0.00687461 -0.00127716 -0.00970093 -0.0159618 -0.000356169
internal_weight=1068.58 100.486 968.094 86.0169 63.1478 882.077
internal_count=4768 451 4317 433 320 3884
is_linear=0
shrinkage=0.03


Tree=58
num_leaves=7
num_cat=0
split_feature=0 35 78 14 46 49
split_gain=7.64654 7.72015 6.78329 6.29058 8.32676 10.6861
threshold=0.016302006319165233 0.041629999876022346 0.56607824563980114 0.0090107205323874968 0.17565460503101352 0.016320500522851947
decision_type=10 10 10 2 8 10
left_child=1 2 -1 -2 -5 -6
right_child=3 -3 -4 4 5 -7
leaf_value=-0.017459765600555042 -0.0016684953057103432 0.0060171783773742835 0.0025923613418856973 0.00083090159035396135 0.011439978073664311 -0.005143372333296389
leaf_weight=45.835877910256386 365.20458848774433 21.872836753726006 17.645731091499329 429.12037043273449 159.7594541311264 37.785420119762421
leaf_count=236 1626 108 88 1923 669 159
internal_value=0.000665618 -0.00746089 -0.0122917 0.00143243 0.00323739 0.00817301
internal_weight=1077.22 85.3544 63.4816 991.87 626.665 197.545
internal_count=4809 432 324 4377 2751 828
is_linear=0
shrinkage=0.03


Tree=59
num_leaves=7
num_cat=0
split_feature=14 10 46 43 38 46
split_gain=7.7352 9.64793 12.339 9.06571 7.5646 7.71211
threshold=0.0082698212936520594 17.500000000000004 -0.44023060798645014 0.2392576485872269 -0.00014500000543193889 0.012184737715870144
decision_type=2 2 8 8 8 10
left_child=1 2 -1 4 -2 -6
right_child=3 -3 -4 -5 5 -7
leaf_value=0.0092884487721467662 0.0010698721728797645 0.0067938936127148941 -0.011349141444084982 0.0032669015522805806 -0.011538856821577514 0.0068181079380438686
leaf_weight=23.345237642526627 163.63759835064411 40.811576917767525 149.21758826076984 571.79670135676861 104.51066896319389 18.153053715825081
leaf_count=108 758 184 678 2482 492 82
internal_value=-0.000180289 -0.00515748 -0.00820133 0.00110249 -0.0031846 -0.00851304
internal_weight=1071.47 213.374 172.563 858.098 286.301 122.664
internal_count=4784 970 786 3814 1332 574
is_linear=0
shrinkage=0.03


Tree=60
num_leaves=7
num_cat=0
split_feature=0 4 10 25 53 4
split_gain=6.32923 7.40515 6.62019 8.61687 12.6252 9.51242
threshold=0.016639308072626594 -0.25017680227756495 9.5000000000000018 -0.00040200000512413675 0.0053696441464126119 -0.25017680227756495
decision_type=10 10 2 10 2 10
left_child=1 -1 -2 5 -5 -4
right_child=2 -3 3 4 -6 -7
leaf_value=0.0063025394497738365 -0.0019747146520422577 -0.011095490522949881 -0.009112376112769778 0.0016960404739702602 0.014443270588359749 0.0031680808906224401
leaf_weight=22.246058776974678 449.11268118023872 76.370935365557671 81.39398817718029 206.67070376873016 98.213211476802826 140.87602844834328
leaf_count=110 1981 389 351 934 412 621
internal_value=-7.93692e-05 -0.00695191 0.000678305 0.00293325 0.00613062 -0.00152766
internal_weight=1074.88 98.617 976.267 527.154 304.884 222.27
internal_count=4798 499 4299 2318 1346 972
is_linear=0
shrinkage=0.03


Tree=61
num_leaves=7
num_cat=0
split_feature=78 60 9 78 33 85
split_gain=6.94735 11.5625 8.66916 7.57685 8.66878 6.62832
threshold=0.95991966128349315 0.15464999526739123 53.500000000000007 0.94563084840774547 -0.0052184530068188897 0.000782500021159649
decision_type=10 10 8 8 2 8
left_child=3 2 -2 4 -1 -6
right_child=1 -3 -4 -5 5 -7
leaf_value=0.0098112567831767101 0.0007449578142969224 -0.011029462689297271 0.017954546885076667 -0.01400837537133485 -0.0028148369789280396 0.0028301097348129084
leaf_weight=60.278804957866669 47.106262281537056 19.172584474086761 52.482565775513649 27.976136207580566 616.29069221019745 257.84418027102947
leaf_count=262 200 82 218 121 2852 1098
internal_value=-4.31504e-06 0.00654412 0.0106251 -0.000871398 -0.000333916 -0.00113657
internal_weight=1081.15 118.761 99.5888 962.39 934.414 874.135
internal_count=4833 500 418 4333 4212 3950
is_linear=0
shrinkage=0.03


Tree=62
num_leaves=7
num_cat=0
split_feature=0 21 25 68 5 28
split_gain=6.96496 8.7061 6.99946 14.172 7.49617 7.24587
threshold=0.016302006319165233 0.0085260001942515391 0.0056805000640451917 0.001457450620364398 0.1363920867443085 0.095297157764434828
decision_type=10 10 10 2 10 10
left_child=1 -1 -2 4 -4 -5
right_child=2 -3 3 5 -6 -7
leaf_value=-0.01229962001782264 -0.00092337980863028447 0.0078830707766516586 7.1502423672671416e-05 -0.012403336054652041 0.014685163213695488 0.0025059654254507612
leaf_weight=69.915507197380066 733.67365552484989 17.752353146672249 44.129882246255875 37.765450716018677 102.06090770661831 69.27551794052124
leaf_count=358 3236 89 193 171 450 298
internal_value=-0.00017992 -0.00782403 0.000570787 0.00477037 0.0105608 -0.00336454
internal_weight=1074.57 87.6679 986.905 253.232 146.191 107.041
internal_count=4795 447 4348 1112 643 469
is_linear=0
shrinkage=0.03


Tree=63
num_leaves=7
num_cat=0
split_feature=14 10 61 10 66 20
split_gain=7.98594 8.17981 12.5712 8.12101 7.75797 7.92753
threshold=0.010283784009516241 17.500000000000004 0.010810000356286766 17.500000000000004 0.015655637718737129 -0.0052384999580681315
decision_type=2 2 10 2 2 8
left_child=1 4 -3 -2 5 -1
right_child=3 2 -4 -5 -6 -7
leaf_value=-0.0048793718291969606 0.0060627275958785778 0.012387009845290021 -0.0071888804666202762 -0.0053333221793892454 -0.0046380814579866023 0.0096766023434652956
leaf_weight=50.484999135136604 268.70946526527405 71.309068441390991 38.19697031378746 62.245744526386261 510.17227470874786 68.959510907530785
leaf_count=213 1178 320 172 274 2337 289
internal_value=1.98627e-05 -0.00171264 0.00552854 0.00382581 -0.0030388 0.00362264
internal_weight=1070.08 739.123 109.506 330.955 629.617 119.445
internal_count=4783 3331 492 1452 2839 502
is_linear=0
shrinkage=0.03


Tree=64
num_leaves=7
num_cat=0
split_feature=6 68 73 59 63 22
split_gain=8.79454 13.8481 12.551 9.28686 10.2557 7.87386
threshold=0.12771988660097125 0.001169380091596395 0.57881799340248119 0.014796526636928322 0.13650000095367434 -0.0012304999982006846
decision_type=8 2 10 10 8 8
left_child=1 2 5 -2 -5 -1
right_child=3 -3 -4 4 -6 -7
leaf_value=-0.0021844640816816368 -0.0043235709065656096 -0.0042664902260282573 0.026537326694725659 0.0097852249926089954 -0.0043623428968944788 0.0102042095797921
leaf_weight=77.22907742857933 582.80193673074245 123.7011506408453 19.441304922103882 92.338152125477791 75.897939160466194 94.834997713565826
leaf_count=349 2619 550 83 408 325 432
internal_value=-0.000786315 0.00335193 0.00824049 -0.00254433 0.00351604 0.00482912
internal_weight=1066.24 315.207 191.505 751.038 168.236 172.064
internal_count=4766 1414 864 3352 733 781
is_linear=0
shrinkage=0.03


Tree=65
num_leaves=7
num_cat=0
split_feature=21 7 82 36 12 4
split_gain=6.87946 6.76311 7.12986 7.65276 10.0107 12.1641
threshold=-0.014315000269562004 1.2861306667327883 1.2795000076293948 0.0780950002372265 0.48025000095367437 0.17875940352678302
decision_type=8 2 10 8 10 10
left_child=-1 -2 3 4 -3 -6
right_child=1 2 -4 -5 5 -7
leaf_value=-0.008068446007191532 -0.0037814610760609469 -0.0048222514022464216 0.0079125480581757925 -0.0017096505185546017 0.022061217629629967 0.00050974998137120239
leaf_weight=93.29334768652916 279.44923755526543 42.330176994204521 123.33607266843319 437.65342877805233 39.984619453549385 45.521206840872765
leaf_count=422 1253 179 532 1959 184 217
internal_value=-0.000708855 7.547e-05 0.00167191 0.000196951 0.00637478 0.0118425
internal_weight=1061.57 968.275 688.826 565.489 127.836 85.5058
internal_count=4746 4324 3071 2539 580 401
is_linear=0
shrinkage=0.03


Tree=66
num_leaves=7
num_cat=0
split_feature=45 35 13 77 60 50
split_gain=8.07482 6.90803 6.08501 5.69879 8.96257 8.46489
threshold=-0.015666828490793702 -0.053130000829696648 1.047500014305115 0.27951389551162725 0.15464999526739123 0.019458538852632049
decision_type=2 8 8 10 10 2
left_child=1 -1 -3 -2 5 -5
right_child=3 2 -4 4 -6 -7
leaf_value=-0.0046557848256041506 -0.0019355929326500632 0.020444038449696028 0.0015136656222522434 0.013958120739749677 -0.0088643977577363212 -0.00036238723556776542
leaf_weight=21.189854845404625 822.11647711694241 31.649015113711357 26.856137827038765 68.61830760538578 30.460571631789207 69.492718622088432
leaf_count=91 3731 136 117 291 130 289
internal_value=-0.000128373 0.008496 0.0132437 -0.000900121 0.00397543 0.00721457
internal_weight=1070.38 79.695 58.5052 990.688 168.572 138.111
internal_count=4785 344 253 4441 710 580
is_linear=0
shrinkage=0.03


Tree=67
num_leaves=7
num_cat=0
split_feature=66 48 5 38 43 23
split_gain=7.95452 7.27427 8.15495 5.74567 13.5688 8.92251
threshold=0.021668067201972011 -0.0018700000364333389 0.16064911335706714 -0.00012999999307794494 0.27485181391239172 -1.0000000180025095e-35
decision_type=2 8 10 8 8 8
left_child=1 2 -1 5 -5 -2
right_child=3 -3 -4 4 -6 -7
leaf_value=0.0056401227163128528 0.0089222093133023289 0.0060990390073737402 -0.016143284906221106 -0.01063312568146132 -0.00037847753236987995 -0.0027037460537059441
leaf_weight=22.489990547299385 93.310010328888893 242.58100070059299 22.056787088513374 152.49822743237019 409.73462335765362 131.89415460824966
leaf_count=95 433 1017 93 729 1818 619
internal_value=-0.000131269 0.00405969 -0.00612785 -0.00169119 -0.00329713 0.00228783
internal_weight=1074.56 287.128 44.5468 787.437 562.233 225.204
internal_count=4804 1205 188 3599 2547 1052
is_linear=0
shrinkage=0.03


Tree=68
num_leaves=7
num_cat=0
split_feature=0 72 46 44 80 13
split_gain=6.36286 7.87466 10.5386 7.64307 6.5217 6.23693
threshold=0.016302006319165233 5.5000000000000009 -0.56744533777236927 -0.0079075000248849375 0.11885000020265581 1.0665000081062319
decision_type=10 2 10 8 8 8
left_child=4 -2 -3 -4 -1 -5
right_child=1 2 3 5 -6 -7
leaf_value=0.0069017322504593207 0.0034030466837930346 0.011310222588006144 -0.013944743071425555 -0.0044543217901434817 -0.011102210893878152 0.0030196567803272246
leaf_weight=16.02436251938343 487.39302898943424 39.693216249346733 43.501723408699036 273.66032077372074 69.831119298934937 147.0268514752388
leaf_count=82 2147 174 194 1221 359 642
internal_value=1.15804e-05 0.000718362 -0.00189416 -0.00323798 -0.00737244 -0.00183276
internal_weight=1077.13 991.275 503.882 464.189 85.8555 420.687
internal_count=4819 4378 2231 2057 441 1863
is_linear=0
shrinkage=0.03


Tree=69
num_leaves=7
num_cat=0
split_feature=20 6 6 84 21 20
split_gain=7.01412 10.8657 10.3024 8.06274 7.41895 7.33418
threshold=-0.022779999300837513 0.12276796996593477 0.31464010477066046 0.72495290637016307 -0.0021875000093132253 0.031069999560713771
decision_type=8 10 10 2 8 10
left_child=2 4 3 -1 -2 -6
right_child=1 -3 -4 -5 5 -7
leaf_value=-0.011488655491319107 0.013075306089480753 -0.00093432036521139117 0.0033383019845810474 0.0015814524528674795 0.0065328227311316524 -0.0080003174155837738
leaf_weight=142.62093350291252 88.504437029361725 550.32834056019783 105.87566177546978 55.79774996638298 84.089596211910248 37.119064271450043
leaf_count=667 391 2452 472 237 374 166
internal_value=-0.000242357 0.00130143 -0.00401702 -0.00791365 0.00694396 0.00181164
internal_weight=1064.34 760.041 304.294 198.419 209.713 121.209
internal_count=4759 3383 1376 904 931 540
is_linear=0
shrinkage=0.03


Tree=70
num_leaves=7
num_cat=0
split_feature=43 38 35 0 20 5
split_gain=9.69367 12.9979 8.27116 10.1527 8.03647 12.1255
threshold=0.19718389958143237 -0.00038800000038463617 0.057180000469088561 0.016712165437638763 -0.018114999867975708 0.56006330251693737
decision_type=8 10 10 10 10 10
left_child=1 4 3 -2 -1 -6
right_child=2 -3 -4 -5 5 -7
leaf_value=-0.0061886586721393976 -0.0098312603139576807 -0.011024240502287792 0.015688226899872693 0.0029308163011588814 0.00095446421242840942 0.023022210631447309
leaf_weight=73.793497458100319 51.408036202192307 116.66304798424244 31.781992584466934 669.89694520831108 108.73864562809467 18.544150739908218
leaf_count=345 266 560 138 2899 500 87
internal_value=0.000832667 -0.00349196 0.00267914 0.00189926 0.00119346 0.00561237
internal_weight=1070.83 317.739 753.087 721.305 201.076 127.283
internal_count=4795 1492 3303 3165 932 587
is_linear=0
shrinkage=0.03


Tree=71
num_leaves=7
num_cat=0
split_feature=78 42 49 42 21 23
split_gain=7.35122 12.217 10.8634 10.6885 6.6461 7.88311
threshold=0.96491214632987987 0.75023105740547191 0.015791499987244609 0.30825471878051763 -0.018339999951422211 -0.01178499963134527
decision_type=10 10 10 10 8 8
left_child=2 3 4 -2 -1 -6
right_child=1 -3 -4 -5 5 -7
leaf_value=-0.011858171651337663 -0.00077810179837104149 -0.0066210531860625881 -0.015116596011238043 0.021604903231001164 0.007187834719768478 -0.00072228069758655563
leaf_weight=31.528296932578087 29.098315209150314 32.908915936946869 35.602387428283691 42.851159796118736 122.32380080223083 783.76614329218864
leaf_count=143 124 137 151 179 551 3542
internal_value=2.14292e-05 0.00720295 -0.000817724 0.0135623 -0.000120988 0.000412405
internal_weight=1078.08 104.858 973.221 71.9495 937.618 906.09
internal_count=4827 440 4387 303 4236 4093
is_linear=0
shrinkage=0.03


Tree=72
num_leaves=7
num_cat=0
split_feature=2 51 35 68 51 81
split_gain=6.64364 6.38502 6.32317 8.1401 6.27648 6.9044
threshold=0.62344998121261608 1.4127704501152041 0.0054045000579208144 0.00048787429113872355 0.60187390446662914 5.2147798538208017
decision_type=10 10 8 2 10 8
left_child=2 -2 3 -1 5 -4
right_child=1 -3 4 -5 -6 -7
leaf_value=-0.00062675607810243458 0.00033757973603772335 0.011669562219463822 -0.010359663093755411 -0.018954233962916806 0.0052784856829222572 0.0051298311316393657
leaf_weight=39.755148768424988 792.60407570004463 37.475676566362381 71.143813520669937 40.302516534924507 72.312740549445152 30.732755288481712
leaf_count=185 3530 157 325 191 321 143
internal_value=-0.000326091 0.000982006 -0.00447238 -0.0109333 -0.00107055 -0.00564614
internal_weight=1084.33 830.08 254.247 80.0577 174.189 101.877
internal_count=4852 3687 1165 376 789 468
is_linear=0
shrinkage=0.03


Tree=73
num_leaves=7
num_cat=0
split_feature=75 35 48 17 16 2
split_gain=6.22785 6.38577 7.38045 6.01209 5.61854 5.06571
threshold=10.860000133514406 0.03865999914705754 -0.0022630000021308656 -0.11535000056028365 -0.0250699995085597 0.78575000166893016
decision_type=8 10 10 8 10 10
left_child=1 2 -1 -2 -4 -5
right_child=3 -3 4 5 -6 -7
leaf_value=0.0071179701766534674 -0.010734923027765308 0.0045216211128019154 0.0026348951138920377 -0.00040219034366418833 -0.013765338740575742 0.0041803564843937912
leaf_weight=18.216405645012856 23.559912815690041 46.01942403614521 19.846070557832718 374.47106114029884 85.183964550495148 501.35984973609447
leaf_count=81 101 210 94 1708 394 2197
internal_value=0.000783675 -0.00433689 -0.0077357 0.00178446 -0.0107068 0.00223862
internal_weight=1068.66 169.266 123.246 899.391 105.03 875.831
internal_count=4785 779 569 4006 488 3905
is_linear=0
shrinkage=0.03


Tree=74
num_leaves=7
num_cat=0
split_feature=50 38 35 68 24 86
split_gain=7.42702 13.4128 9.62183 11.5586 9.30548 8.22835
threshold=0.005776862846687437 -0.00011250000170548445 0.03784999996423722 -3.3060679925256402e-05 -4.6269999074866057e-05 -2.4999999999999996
decision_type=2 10 10 2 10 8
left_child=1 -1 3 -3 -4 -5
right_child=-2 2 4 5 -6 -7
leaf_value=0.0037748593941756693 0.0036312457677240527 0.00037176159448896367 -0.006540404329202356 0.0031692382401420994 0.013622278631619281 -0.013314566652591552
leaf_weight=259.7264326363802 415.79892882704735 124.17585787177086 28.674386352300644 27.840558156371117 36.740202233195305 180.26504550874233
leaf_count=1207 1738 564 135 135 171 856
internal_value=0.000539716 -0.00144069 -0.00485589 -0.00690511 0.0050887 -0.0110651
internal_weight=1073.22 657.422 397.696 332.281 65.4146 208.106
internal_count=4806 3068 1861 1555 306 991
is_linear=0
shrinkage=0.03


Tree=75
num_leaves=7
num_cat=0
split_feature=8 57 42 54 51 44
split_gain=6.87732 7.00536 6.72958 10.7025 11.337 7.65681
threshold=3.5000000000000004 -0.037404999136924737 0.032063378021121032 0.20662846416234973 1.054737448692322 -0.00097749999258667209
decision_type=2 8 10 2 10 8
left_child=1 -1 5 4 -4 -3
right_child=-2 2 3 -5 -6 -7
leaf_value=-0.0078858304660251143 -0.0040845423416533541 0.014753676396414492 -0.0094086453330236419 0.0033192559308679094 0.010716532178548866 -0.005119303461038241
leaf_weight=52.9149139970541 214.08551347255707 62.048316493630409 117.05609253048897 592.98330228030682 22.582053422927856 17.435555547475815
leaf_count=248 965 283 548 2603 97 81
internal_value=0.000611787 0.00180749 0.00252732 0.00155557 -0.00565537 0.0103094
internal_weight=1079.11 865.02 812.105 732.621 139.638 79.4839
internal_count=4825 3860 3612 3248 645 364
is_linear=0
shrinkage=0.03


Tree=76
num_leaves=7
num_cat=0
split_feature=12 42 51 21 33 25
split_gain=8.32906 8.3147 8.10669 8.21345 8.43361 7.66723
threshold=0.31759999692440039 0.61597099900245678 1.4127704501152041 -0.018339999951422211 0.0037870358210057025 0.0046465001069009313
decision_type=8 10 10 8 2 10
left_child=1 -1 3 -2 -5 -6
right_child=2 -3 -4 4 5 -7
leaf_value=-0.0016520702574590517 -0.015570788343028061 0.015661641783448841 0.010053947842778171 -0.0028618500733486887 0.011601050036262946 -0.0035294155368207928
leaf_weight=44.925585553050041 30.911382392048836 41.724040985107422 39.776652574539185 797.94300456345081 65.07767128944397 44.131366655230522
leaf_count=191 141 174 167 3604 289 195
internal_value=-0.000976754 0.00744279 -0.00179063 -0.00239362 -0.00177973 0.00570366
internal_weight=1064.49 86.6496 977.84 938.063 907.152 109.209
internal_count=4761 365 4396 4229 4088 484
is_linear=0
shrinkage=0.03


Tree=77
num_leaves=7
num_cat=0
split_feature=14 10 83 57 84 38
split_gain=5.8704 9.94047 12.4994 6.28522 5.43921 7.7263
threshold=0.0082698212936520594 17.500000000000004 -0.0037808546330779787 -0.035725001245737069 0.41385856270790106 -0.0001670000056037679
decision_type=2 2 2 8 2 8
left_child=1 2 -1 -2 5 -5
right_child=3 -3 -4 4 -6 -7
leaf_value=0.0072189331507609396 -0.008578139317990157 0.0072020610853589908 -0.011567038594390426 0.0035686324909431884 0.0035986860534179179 -0.0048471603888800988
leaf_weight=32.868683904409409 52.825435981154442 41.368400231003761 144.27718970179558 161.35093715786934 418.69679549336433 221.19238007068634
leaf_count=149 246 187 664 743 1806 1010
internal_value=-0.00056386 -0.00483605 -0.00788189 0.000572505 0.00127411 -0.00129702
internal_weight=1072.58 218.514 177.146 854.066 801.24 382.543
internal_count=4805 1000 813 3805 3559 1753
is_linear=0
shrinkage=0.03


Tree=78
num_leaves=7
num_cat=0
split_feature=8 33 35 33 12 38
split_gain=7.30612 9.63465 8.29716 8.96013 10.8853 7.63399
threshold=3.5000000000000004 0.0032436522888019685 0.034055000171065337 1.0000000180025095e-35 0.49954999983310705 -0.00011250000170548445
decision_type=2 2 10 2 8 8
left_child=2 -2 5 -4 -5 -1
right_child=1 -3 3 4 -6 -7
leaf_value=0.0050091119211317222 -0.0079527979495345597 0.0093592409667707637 -0.00367333578472555 -0.0025806146213514817 0.016956412840111616 -0.0024441537959523163
leaf_weight=148.52518084645271 184.8097964823246 25.335337594151497 47.588504493236542 33.584181606769562 73.734785825014114 555.17524023354053
leaf_count=685 838 112 217 141 341 2452
internal_value=-0.000658214 -0.00553531 0.000585444 0.00664509 0.0111437 -0.000822901
internal_weight=1068.75 210.145 858.608 154.907 107.319 703.7
internal_count=4786 950 3836 699 482 3137
is_linear=0
shrinkage=0.03


Tree=79
num_leaves=7
num_cat=0
split_feature=57 33 61 35 13 57
split_gain=6.95392 11.8222 8.98412 7.06732 11.3814 6.75236
threshold=-0.028789999894797799 -0.0010981517843902109 -0.071529999375343309 0.044089999049901969 1.0235000252723696 0.001812500006053597
decision_type=8 2 8 10 10 10
left_child=1 -1 -2 5 -5 -4
right_child=2 -3 3 4 -6 -7
leaf_value=0.0097658875460410501 -0.013399643916952217 -0.012297933018708622 0.0026682126804612114 0.017385300886887525 -0.0032274741285955428 -0.0029724202337624746
leaf_weight=21.229502856731415 26.603388175368309 73.808931246399879 591.89128983020782 50.902792796492577 35.429100573062897 270.31740128993988
leaf_count=95 113 347 2605 227 158 1250
internal_value=0.000433982 -0.00690883 0.00121249 0.00175782 0.00946926 0.000885972
internal_weight=1070.18 95.0384 975.144 948.541 86.3319 862.209
internal_count=4795 442 4353 4240 385 3855
is_linear=0
shrinkage=0.03


Tree=80
num_leaves=7
num_cat=0
split_feature=49 33 21 57 33 15
split_gain=7.6749 6.95639 7.79705 7.39492 7.07014 13.1059
threshold=0.017012500204145912 -0.0052184530068188897 -0.018339999951422211 0.001812500006053597 0.0031452773837372665 -0.26520000398159022
decision_type=10 2 8 10 2 8
left_child=1 3 -3 -1 -4 -6
right_child=-2 2 4 -5 5 -7
leaf_value=0.015431303634393823 -0.010188003500730982 -0.013798068477699771 -0.00082525059215300103 -0.0041967558563553633 -0.0081530023037046737 0.010240955793305539
leaf_weight=43.47466179728508 53.098178133368492 25.98476168513298 753.08170339465141 20.259649783372879 38.20280097424984 129.3052534610033
leaf_count=187 224 119 3402 88 166 576
internal_value=-3.47357e-05 0.000593506 -9.68377e-05 0.00946902 0.000434013 0.00582295
internal_weight=1063.41 1010.31 946.575 63.7343 920.59 167.508
internal_count=4762 4538 4263 275 4144 742
is_linear=0
shrinkage=0.03


Tree=81
num_leaves=7
num_cat=0
split_feature=23 28 46 83 9 16
split_gain=5.66304 7.1036 6.02884 14.3609 11.9698 8.86361
threshold=0.017895000055432323 0.1288615167140961 -0.41662859916687006 -0.0050852957647293797 40.500000000000007 0.0034704999998211865
decision_type=10 10 8 2 10 8
left_child=2 -2 4 -4 -1 -5
right_child=1 -3 3 5 -6 -7
leaf_value=0.011038671753425886 -0.0094073460045298717 0.0036944048886921052 -0.013225810139572903 -0.003870670119999948 -0.0054572905073867178 0.0030633796608018817
leaf_weight=104.29243202507496 114.49366395175457 46.747985661029816 65.518039628863335 251.28116999566555 53.043948665261269 445.00224743783474
leaf_count=473 523 203 293 1157 241 1953
internal_value=-0.000605471 -0.0056149 0.000324292 -0.00079849 0.00548349 0.000541583
internal_weight=1080.38 161.242 919.138 761.801 157.336 696.283
internal_count=4843 726 4117 3403 714 3110
is_linear=0
shrinkage=0.03


Tree=82
num_leaves=7
num_cat=0
split_feature=61 35 81 63 60 63
split_gain=5.65065 6.35661 6.22021 10.2109 10.192 10.2523
threshold=-0.071529999375343309 0.058405000716447837 2.7808629274368291 0.019350000657141212 0.10514999926090242 0.060365000739693649
decision_type=8 10 10 10 8 10
left_child=-1 2 4 -4 5 -2
right_child=1 -3 3 -5 -6 -7
leaf_value=-0.011557910278400479 0.0022181508951336455 0.010699290077237109 0.0013079899210839444 -0.0053250167942160177 -0.0063085336848650447 0.020162764876724103
leaf_weight=28.894882887601852 77.120812401175499 38.476901903748512 493.85667644441128 348.18837684392929 45.378904849290848 38.497907176613808
leaf_count=123 345 170 2254 1550 192 164
internal_value=-0.00033085 8.75762e-05 -0.000421088 -0.00146509 0.00480556 0.00932265
internal_weight=1070.41 1041.52 1003.04 842.045 160.998 115.619
internal_count=4798 4675 4505 3804 701 509
is_linear=0
shrinkage=0.03


Tree=83
num_leaves=7
num_cat=0
split_feature=35 0 13 9 23 49
split_gain=6.60348 8.71544 8.46595 12.4638 7.41119 8.9524
threshold=0.044089999049901969 0.016302006319165233 1.0274999737739565 2919.0000000000005 -0.01139999972656369 0.0084770000539720076
decision_type=8 10 10 8 10 10
left_child=1 -1 3 -2 5 -3
right_child=2 4 -4 -5 -6 -7
leaf_value=-0.01131604725946264 0.013345054490897788 0.008489869797092358 -0.006307948228670146 -0.0042288144103571111 -0.0018014777264882661 -0.0092841019178200312
leaf_weight=62.394730359315872 103.24626870453358 126.73877733945847 41.308330163359642 47.671844705939293 676.41419677436352 22.665070950984955
leaf_count=329 449 564 185 205 3014 96
internal_value=-0.000233309 -0.00133393 0.00466677 0.00787602 -0.000453366 0.00538022
internal_weight=1080.44 888.213 192.226 150.918 825.818 149.404
internal_count=4842 4003 839 654 3674 660
is_linear=0
shrinkage=0.03


Tree=84
num_leaves=7
num_cat=0
split_feature=14 77 62 3 64 55
split_gain=6.62529 11.0505 9.36362 8.42147 6.5705 6.84237
threshold=0.0082698212936520594 0.047103827819228179 0.54444608092308056 0.62497049570083629 49.590000152587898 0.0028187893331050877
decision_type=2 8 8 2 8 2
left_child=1 2 -1 4 -3 -6
right_child=-2 3 -4 -5 5 -7
leaf_value=-0.0063819676662563492 0.0008035449707955337 0.0035352005193881974 0.018407880108097425 -0.020209646070962838 -0.01381240241164342 0.0032838834325834947
leaf_weight=17.66492235660553 853.60064376890659 53.460145637392998 20.882166370749474 31.782838717103004 62.12857411801815 25.111047297716141
leaf_count=84 3802 244 101 146 287 108
internal_value=-0.000386347 -0.00501798 0.00807296 -0.00822566 -0.00435717 -0.00905977
internal_weight=1064.63 211.03 38.5471 172.483 140.7 87.2396
internal_count=4772 970 185 785 639 395
is_linear=0
shrinkage=0.03


Tree=85
num_leaves=7
num_cat=0
split_feature=0 15 78 38 85 21
split_gain=8.5385 7.56071 8.687 6.82692 6.92804 6.81745
threshold=0.017798046581447128 -0.022645000368356701 0.96504840254783641 0.0020764999790117149 -0.0014479999663308261 -0.017249999567866322
decision_type=10 10 10 8 10 8
left_child=-1 2 5 4 -4 -2
right_child=1 -3 3 -5 -6 -7
leaf_value=-0.0063190317504097171 -0.0099869085730821434 -0.0085511436350730451 -0.00071494889254042229 -0.0038076429087328277 0.019656314918691385 0.0017346194443715237
leaf_weight=139.41379675269127 37.562110856175423 54.321158811450005 19.231182679533958 19.08544248342514 49.09476338326931 743.20808672904968
leaf_count=711 169 241 81 79 204 3278
internal_value=0.000342658 0.00140638 0.00211969 0.0105731 0.0145633 0.00105155
internal_weight=1061.92 922.503 868.182 87.4114 68.3259 780.77
internal_count=4763 4052 3811 364 285 3447
is_linear=0
shrinkage=0.03


Tree=86
num_leaves=7
num_cat=0
split_feature=77 17 69 33 77 66
split_gain=5.50988 8.09958 7.266 6.34716 6.65348 8.8288
threshold=0.22571524977684024 0.13239999860525134 -0.010834344662725924 -0.0058032236993312827 0.14457068592309955 0.015655637718737129
decision_type=10 10 2 2 8 2
left_child=2 -2 -1 -4 -5 -6
right_child=1 -3 3 4 5 -7
leaf_value=0.012402303592426911 0.006629381362699375 -0.0060219558847204487 0.009079470626184083 -0.00085080925592034785 0.0040770879000029932 -0.011942424812801562
leaf_weight=24.803979605436325 198.99564185738564 49.787810787558556 37.525560602545738 623.9536719173193 36.486677512526512 106.3823067098856
leaf_count=107 836 213 164 2893 153 472
internal_value=0.000136863 0.00396267 -0.00104459 -0.00160647 -0.00223955 -0.00785219
internal_weight=1077.94 248.783 829.152 804.348 766.823 142.869
internal_count=4838 1049 3789 3682 3518 625
is_linear=0
shrinkage=0.03


Tree=87
num_leaves=7
num_cat=0
split_feature=35 16 7 22 2 56
split_gain=6.23381 13.6621 12.1831 10.7284 5.86198 7.90421
threshold=0.03865999914705754 0.0053324999753385791 1.5756849050521853 -0.004367999965324997 0.78575000166893016 -0.0017073248745873568
decision_type=10 10 2 10 8 2
left_child=4 3 -3 -2 5 -1
right_child=1 2 -4 -5 -6 -7
leaf_value=0.00043830412414850515 -0.019914203729804316 -0.0011209395238170941 0.018871713412049154 0.0031609286755013141 0.00069614377914488466 -0.0094436707913994299
leaf_weight=145.84159667789936 18.205048128962517 42.279402688145638 62.876771539449692 44.655654147267342 627.71688608825207 133.88009272515774
leaf_count=693 86 191 274 204 2750 626
internal_value=7.48824e-05 0.0052118 0.0114341 -0.00533784 -0.000922686 -0.0044541
internal_weight=1075.46 168.017 105.156 62.8607 907.439 279.722
internal_count=4824 755 465 290 4069 1319
is_linear=0
shrinkage=0.03


Tree=88
num_leaves=7
num_cat=0
split_feature=85 33 76 44 63 81
split_gain=5.9981 8.28449 10.6196 6.99192 6.48089 12.0333
threshold=-0.0016184999840334056 -1.0000000180025095e-35 0.80554997920990001 -0.00030400000105146313 0.20625000447034839 4.1216585636138925
decision_type=10 2 10 10 10 10
left_child=1 -1 3 -3 -2 -6
right_child=4 2 -4 -5 5 -7
leaf_value=-0.0053480528170611998 -0.0024289188645677993 0.012993054340384285 -0.0081964168414665681 -0.003388159661866169 -0.002310622763299981 0.014741204773253984
leaf_weight=55.060859620571136 703.85736317932606 124.48207864165306 26.101677924394608 24.041977018117905 90.021395474672318 50.962796837091446
leaf_count=242 3201 553 117 108 383 215
internal_value=-7.21127e-05 0.00412263 0.00723674 0.0102949 -0.00124742 0.00442135
internal_weight=1074.53 229.687 174.626 148.524 844.842 140.984
internal_count=4819 1020 778 661 3799 598
is_linear=0
shrinkage=0.03


Tree=89
num_leaves=7
num_cat=0
split_feature=2 34 86 17 48 35
split_gain=6.86387 6.91558 6.33733 5.55612 5.40785 4.75616
threshold=0.58994999527931224 -0.004335730103775858 -3.4999999999999996 -0.10665000230073927 0.00063399999635294091 0.058405000716447837
decision_type=8 2 8 8 8 10
left_child=1 -1 4 -4 -2 -5
right_child=2 -3 3 5 -6 -7
leaf_value=0.005637517740878127 0.014856085686194318 -0.0096881144768880371 -0.011979983450283185 0.00052775534429906873 -0.0026191287906258726 0.01115902249397705
leaf_weight=28.139656409621239 42.747081935405731 94.299903824925423 20.675073906779289 843.52141319215298 19.041869029402733 29.72962661087513
leaf_count=127 194 461 89 3752 83 129
internal_value=0.000402886 -0.00600618 0.00127766 0.000582246 0.00985598 0.00101194
internal_weight=1078.15 122.44 955.715 893.926 61.789 873.251
internal_count=4835 588 4247 3970 277 3881
is_linear=0
shrinkage=0.03


Tree=90
num_leaves=7
num_cat=0
split_feature=43 81 57 16 35 79
split_gain=5.56278 8.29513 6.33036 5.70693 11.7949 9.68925
threshold=0.034951588138937957 3.508047461509705 -0.0092579997144639475 0.0034704999998211865 0.040154999122023589 2.3868881464004521
decision_type=10 10 8 8 10 10
left_child=1 -1 -3 5 -5 -2
right_child=3 2 -4 4 -6 -7
leaf_value=-0.006109777069419558 -0.00527336072553467 -0.0014763188227604597 0.016819411722131632 -0.00076844685668578069 0.010529847635688023 0.0091030268045602623
leaf_weight=26.996747717261314 337.91470323503017 22.089345961809158 47.129312664270401 505.53020966053009 89.279607623815536 38.806317374110222
leaf_count=124 1566 103 218 2223 393 163
internal_value=-4.98146e-05 0.00647237 0.0115315 -0.000755099 0.00107346 -0.00359534
internal_weight=1067.75 96.2154 69.2187 971.531 594.81 376.721
internal_count=4790 445 321 4345 2616 1729
is_linear=0
shrinkage=0.03


Tree=91
num_leaves=7
num_cat=0
split_feature=29 52 22 51 20 60
split_gain=5.511 7.6443 13.687 5.48426 7.6432 9.38949
threshold=0.1132829785346985 -0.0072493744082748881 -0.0011035000206902621 0.35540144145488745 -0.0046749999746680251 0.020434999838471416
decision_type=2 2 10 8 10 10
left_child=1 2 -1 4 -2 -6
right_child=3 -3 -4 -5 5 -7
leaf_value=-0.011715842879668146 -0.00066537861259397392 -0.011547913275840798 0.013957865714098384 -0.00038363683726653125 0.00083567107160805473 0.023231159244932669
leaf_weight=24.853232562541962 73.781115263700485 74.131815403699875 30.657694861292839 817.56119923293591 31.823142141103745 27.761633336544037
leaf_count=114 330 354 141 3638 147 122
internal_value=-0.000250712 -0.00581761 0.00242951 0.000560883 0.00597388 0.0131091
internal_weight=1080.57 129.643 55.5109 950.927 133.366 59.5848
internal_count=4846 609 255 4237 599 269
is_linear=0
shrinkage=0.03


Tree=92
num_leaves=7
num_cat=0
split_feature=54 73 84 53 1 13
split_gain=5.97325 12.2072 8.85764 6.0331 7.98439 6.72451
threshold=0.98622396588325512 0.60357150435447704 0.41385856270790106 -0.012655696365982292 0.86994999647140514 0.98544999957084667
decision_type=2 8 2 2 8 10
left_child=1 3 -3 4 -1 -5
right_child=-2 2 -4 5 -6 -7
leaf_value=0.011999172073881138 -0.0085339372508613752 -0.0033422716115546354 0.015916596779687115 0.0012029997778358022 -0.0067770816208612243 -0.004129162154748814
leaf_weight=57.619512602686882 63.272692158818245 26.383464097976685 61.713933661580086 412.53430904448032 21.580479994416237 422.19306325912476
leaf_count=249 266 118 259 1818 94 1976
internal_value=-0.000264483 0.000336856 0.0103962 -0.000734833 0.0066968 -0.00151089
internal_weight=1065.3 1002.02 88.0974 913.927 79.2 834.727
internal_count=4780 4514 377 4137 343 3794
is_linear=0
shrinkage=0.03


Tree=93
num_leaves=7
num_cat=0
split_feature=29 48 84 80 42 69
split_gain=6.38871 10.4412 6.31137 7.98535 7.55076 7.59542
threshold=0.10000160336494447 -0.0020605000900104638 0.98834946751594555 0.39464999735355383 0.91479390859603893 0.005267942789942027
decision_type=2 8 2 8 10 2
left_child=1 -1 4 -4 5 -2
right_child=2 -3 3 -5 -6 -7
leaf_value=0.011220881479498871 0.0021891748890346136 -0.0097901535623632647 -0.018363514232191097 0.0031255637122751634 0.011901506837333027 -0.0072597319974158766
leaf_weight=17.851978942751884 783.1018590927124 94.542203515768051 21.771398022770882 25.685597375035286 55.280751496553421 74.972099378705025
leaf_count=80 3534 448 91 107 231 323
internal_value=0.000658643 -0.00580878 0.00146723 -0.00821305 0.00205371 0.00128948
internal_weight=1073.21 112.394 960.812 47.457 913.355 858.074
internal_count=4814 528 4286 198 4088 3857
is_linear=0
shrinkage=0.03


Tree=94
num_leaves=7
num_cat=0
split_feature=49 62 22 34 51 75
split_gain=6.20774 5.13508 10.5118 9.48098 13.1858 7.91386
threshold=0.017012500204145912 0.68313008546829235 -0.0024279999779537316 -0.0020689374068751927 0.63051635026931774 13.50999975204468
decision_type=10 8 10 2 10 10
left_child=1 2 -1 4 -4 -6
right_child=-2 -3 3 -5 5 -7
leaf_value=-0.0071661695538064746 -0.0097761183232643548 0.0024388382161857716 0.01456938679722815 -0.0023644840527927077 0.0051832853068131029 -0.015746743974560124
leaf_weight=198.3457073867321 50.491375237703323 457.28622867166996 77.816609501838684 226.31171183288097 29.425093933939934 18.710337445139885
leaf_count=903 214 2034 349 1037 130 83
internal_value=-0.000441638 0.000117429 -0.00181964 0.0013055 0.00758864 -0.00426148
internal_weight=1058.39 1007.9 550.609 352.264 125.952 48.1354
internal_count=4750 4536 2502 1599 562 213
is_linear=0
shrinkage=0.03


Tree=95
num_leaves=7
num_cat=0
split_feature=47 45 24 35 13 0
split_gain=6.05352 8.86092 8.81798 8.18066 9.44424 7.28964
threshold=0.98622396588325512 0.0069939410313963899 -0.002834500046446919 0.044089999049901969 1.0274999737739565 0.017798046581447128
decision_type=2 2 8 10 8 10
left_child=1 2 -1 5 -5 -4
right_child=-2 -3 3 4 -6 -7
leaf_value=-0.0055792426246233312 -0.0078753580155310234 0.0061409418593437468 -0.0075892265199174599 0.020676780735601752 -0.0014812620394255474 0.0017664083185324833
leaf_weight=208.74985398352146 62.568227931857109 229.61315356194973 80.234953343868256 29.873334020376205 28.388047382235527 432.78739306330681
leaf_count=962 264 958 421 134 127 1949
internal_value=0.000503052 0.00109441 -0.000450031 0.00148795 0.0112449 0.000186091
internal_weight=1072.21 1009.65 780.034 571.284 58.2614 513.022
internal_count=4815 4551 3593 2631 261 2370
is_linear=0
shrinkage=0.03


Tree=96
num_leaves=7
num_cat=0
split_feature=66 33 80 82 57 48
split_gain=7.21518 7.00041 6.92663 6.03852 5.96792 6.83332
threshold=0.99605521559715282 -0.0052184530068188897 0.3376500010490418 0.75280001759529125 -0.013474999926984308 -0.00108750001527369
decision_type=2 2 10 8 8 8
left_child=1 2 -1 -2 5 -3
right_child=3 4 -4 -5 -6 -7
leaf_value=0.015874335888514154 0.0061897966743396631 -0.013275438628830646 -0.002303496078483683 -0.010943268054099188 0.0015267494423650268 -0.00023307719140790731
leaf_weight=43.84811469912529 16.891981288790703 46.161875650286674 25.549726948142052 70.926772013306618 759.86006537079811 102.51766684651375
leaf_count=190 82 214 107 341 3364 488
internal_value=0.000425144 0.00119086 0.0097347 -0.00735184 0.000439376 -0.00486388
internal_weight=1065.76 977.937 69.3978 87.8188 908.54 148.68
internal_count=4786 4363 297 423 4066 702
is_linear=0
shrinkage=0.03


Tree=97
num_leaves=7
num_cat=0
split_feature=22 33 61 14 22 81
split_gain=5.4696 7.04525 7.9438 7.93723 6.67435 9.5642
threshold=-0.0025255000218749042 -0.0052184530068188897 0.0068035000003874311 0.010688553098589184 0.0018699999782256784 3.4553780555725102
decision_type=8 2 10 2 8 8
left_child=1 -1 -3 -4 5 -2
right_child=4 2 3 -5 -6 -7
leaf_value=0.0074870690807728006 0.015520770780363367 -0.008910136702692863 -0.002976885866179271 0.013275793477869599 -0.00020989245068394607 0.0012521240881533157
leaf_weight=40.423993185162544 56.356250405311584 165.22441947460175 110.73773758113384 24.878854587674141 539.75984199345112 121.99163334071636
leaf_count=174 248 758 506 109 2412 551
internal_value=-3.21674e-07 -0.00307495 -0.00468938 0.000711609 0.00148299 0.00634555
internal_weight=1059.37 341.265 300.841 135.617 718.108 178.348
internal_count=4758 1547 1373 615 3211 799
is_linear=0
shrinkage=0.03


Tree=98
num_leaves=7
num_cat=0
split_feature=86 9 85 16 29 84
split_gain=6.47274 6.53595 4.68089 6.68788 6.23659 8.33645
threshold=-3.4999999999999996 37.500000000000007 -0.0018850000342354176 0.10900000110268594 0.1132829785346985 0.058479754254221923
decision_type=8 8 8 10 2 2
left_child=1 -1 3 4 -2 -6
right_child=2 -3 -4 -5 5 -7
leaf_value=-0.0022198336888930928 -0.0058948225753936738 0.014979557329082134 -0.0012535331976909797 -0.0068901332919208786 0.00048424218967073774 0.018168290503241754
leaf_weight=28.922199383378029 18.070322573184967 40.78624252974987 858.62024466693401 27.862226128578186 41.525071054697037 48.701133027672768
leaf_count=140 82 177 3852 122 182 219
internal_value=0.000233241 0.00846027 -0.000421724 0.00455056 0.00782762 0.0108899
internal_weight=1064.49 69.7084 994.779 136.159 108.297 90.2262
internal_count=4774 317 4457 605 483 401
is_linear=0
shrinkage=0.03


Tree=99
num_leaves=7
num_cat=0
split_feature=0 84 85 69 69 78
split_gain=5.95768 4.73958 7.67005 6.60903 7.26717 7.08938
threshold=0.013149021659046413 0.9689319133758546 0.0026680000592023139 0.005267942789942027 0.0019323162850923838 0.95728138089180004
decision_type=10 2 10 2 2 10
left_child=-1 2 3 4 5 -2
right_child=1 -3 -4 -5 -6 -7
leaf_value=-0.011606955699122429 -0.00060129279069497056 -0.0046120308746240238 0.01047866401875568 -0.0074072505600459391 0.0081874135284153056 0.0094629920944305033
leaf_weight=24.771032929420471 612.34208962321281 110.04880528151989 72.308910563588142 69.166242197155952 119.68618203699589 60.10747255384922
leaf_count=131 2811 460 300 304 537 253
internal_value=0.000621124 0.00101876 0.00172433 0.000877545 0.00168427 0.000423792
internal_weight=1068.43 1043.66 933.611 861.302 792.136 672.45
internal_count=4796 4665 4205 3905 3601 3064
is_linear=0
shrinkage=0.03


Tree=100
num_leaves=7
num_cat=0
split_feature=7 32 66 7 60 48
split_gain=6.14141 6.86754 14.224 9.56931 7.18913 8.53736
threshold=1.3048553466796877 1.0000000180025095e-35 0.98027604818344127 0.96095991134643566 -0.021444999612867829 -0.00022750000061932949
decision_type=2 2 2 2 8 10
left_child=1 3 -3 4 -1 -6
right_child=-2 2 -4 -5 5 -7
leaf_value=0.011061464225629524 0.0016770947297832205 0.010390394470725591 -0.013240302129587503 -0.011571942578066997 0.0051421020355449758 -0.013564498687638029
leaf_weight=30.177929028868675 766.21242126822472 65.471124663949013 23.332378163933754 116.5574312210083 35.979502633213997 33.953051283955574
leaf_count=136 3435 286 116 527 163 150
internal_value=0.000244773 -0.00328719 0.00346996 -0.00608758 0.000768836 -0.00450092
internal_weight=1071.68 305.471 88.8035 216.668 100.11 69.9326
internal_count=4813 1378 402 976 449 313
is_linear=0
shrinkage=0.03


Tree=101
num_leaves=7
num_cat=0
split_feature=3 12 52 5 64 20
split_gain=5.81561 5.47325 8.16548 5.4888 9.89236 9.17168
threshold=0.71747690439224254 0.31759999692440039 0.0038265597540885214 0.56605067849159252 37.789999008178718 -0.027329999953508374
decision_type=2 8 2 8 10 10
left_child=1 2 -1 -3 -5 -6
right_child=-2 3 -4 4 5 -7
leaf_value=0.013915920203611293 0.0094771276229888395 -0.0023377341685052399 -0.0036967069564353538 -0.010975073365006348 -0.0046729838187124593 0.01490893987306996
leaf_weight=42.712653607130051 41.566855892539024 830.82235123217106 36.917046934366226 19.6621333360672 25.62257045507431 58.907326802611351
leaf_count=179 181 3741 156 91 123 273
internal_value=-0.00035779 -0.000849256 0.00624912 -0.00151351 0.00468796 0.00910687
internal_weight=1056.21 1014.64 79.6297 935.014 104.192 84.5299
internal_count=4744 4563 335 4228 487 396
is_linear=0
shrinkage=0.03


Tree=102
num_leaves=7
num_cat=0
split_feature=35 7 5 15 15 27
split_gain=5.69638 9.0245 10.3765 9.72359 7.70484 7.66639
threshold=0.034055000171065337 1.711476266384125 0.51993221044540416 -0.061160000041127198 -0.044749999418854707 0.0048758534248918304
decision_type=8 2 10 8 10 2
left_child=4 2 3 -2 -1 -5
right_child=1 -3 -4 5 -6 -7
leaf_value=-0.00022577262424410921 -0.014327020048383708 0.0081195284611176553 0.0141144043905993 0.0091025713858520693 -0.0087078658436770713 -0.009535807795002833
leaf_weight=677.13607846200466 51.724285587668419 155.73277994990349 19.120847165584564 41.236864194273949 102.49166291952133 22.730234012007713
leaf_count=3055 235 688 88 179 464 96
internal_value=-0.000100031 0.00341596 -0.00220302 -0.00580825 -0.001437 0.00208577
internal_weight=1070.17 290.545 134.812 115.691 779.628 63.9671
internal_count=4805 1286 598 510 3519 275
is_linear=0
shrinkage=0.03


Tree=103
num_leaves=7
num_cat=0
split_feature=3 21 6 21 9 35
split_gain=7.7146 6.78415 9.49095 6.73188 7.91942 8.72289
threshold=0.71747690439224254 -0.015064999926835297 0.12644815444946292 -0.00041505000262986863 54.500000000000007 0.039004998281598098
decision_type=2 8 10 8 10 10
left_child=1 2 -1 -3 5 -5
right_child=-2 3 -4 4 -6 -7
leaf_value=0.0053773562439391517 0.011508870707137546 0.0035630511754605491 -0.014751032560679941 -0.0053372119310465781 0.0043621399586420452 0.0061578005780879045
leaf_weight=25.574326112866402 42.721150979399681 372.89808003604412 51.901201322674751 367.84695580601692 142.74038471281528 61.838292166590691
leaf_count=113 186 1674 241 1668 620 278
internal_value=0.000317267 -0.000257101 -0.00825157 0.000477615 -0.00155901 -0.00358048
internal_weight=1065.52 1022.8 77.4755 945.324 572.426 429.685
internal_count=4780 4594 354 4240 2566 1946
is_linear=0
shrinkage=0.03


Tree=104
num_leaves=7
num_cat=0
split_feature=55 51 63 67 2 25
split_gain=6.04631 7.71088 7.97844 5.84974 8.22549 8.76101
threshold=-0.0048869820311665526 0.82200515270233165 -0.063469998538494096 0.29568913578987127 1.1119999885559084 0.00029150000773370271
decision_type=2 8 8 2 10 8
left_child=1 2 -1 4 5 -2
right_child=3 -3 -4 -5 -6 -7
leaf_value=0.0034925646023582254 0.0091070342576450823 0.0047015701192872437 -0.015437296320975265 0.0027430577697203236 -0.01001197350952986 -0.0031683045343950883
leaf_weight=23.471267476677895 67.027789726853371 38.131567806005478 61.026045814156532 648.7607394605875 78.235599830746651 153.57424005866051
leaf_count=112 314 168 289 2884 337 702
internal_value=0.000327331 -0.00567942 -0.0103659 0.00115586 -0.00226712 0.000794623
internal_weight=1070.23 122.629 84.4973 947.598 298.838 220.602
internal_count=4806 569 401 4237 1353 1016
is_linear=0
shrinkage=0.03


Tree=105
num_leaves=7
num_cat=0
split_feature=53 44 1 76 61 6
split_gain=8.69117 8.81025 8.06244 8.05785 7.4065 5.51612
threshold=-0.012377505190670489 -0.0068924999795854083 0.86994999647140514 0.87899997830390941 -0.0079965000040829164 0.14320906251668933
decision_type=2 8 8 8 10 10
left_child=2 3 4 -2 -1 -3
right_child=1 5 -4 -5 -6 -7
leaf_value=0.0010060963903764152 -0.01210293694901418 0.003701775115767417 -0.0045672824900270907 0.0054423161878081692 0.020689634784795012 -0.001427380095000525
leaf_weight=28.805619090795517 92.007060438394547 264.98398317396641 26.307747527956963 24.237055748701096 37.0609190762043 591.56653556227684
leaf_count=125 428 1197 115 105 160 2656
internal_value=-3.91674e-05 -0.000904555 0.00828866 -0.00830341 0.0133486 0.000183792
internal_weight=1064.97 972.795 92.1743 116.244 65.8665 856.551
internal_count=4786 4386 400 533 285 3853
is_linear=0
shrinkage=0.03


Tree=106
num_leaves=7
num_cat=0
split_feature=62 16 82 2 34 22
split_gain=5.75749 9.70503 7.38846 10.1633 7.1123 8.54784
threshold=0.62677761912345897 0.12865000218153003 1.063499987125397 1.1119999885559084 -0.002127473358996212 -0.0012304999982006846
decision_type=8 10 10 10 2 10
left_child=4 -2 -3 -4 5 -1
right_child=1 2 3 -5 -6 -7
leaf_value=-0.0050319513720311843 0.0046603788178984544 -0.011172019642397717 0.012275483106324354 -0.005950112356579388 -0.0046964639009957542 0.0075843663013390634
leaf_weight=72.832515686750412 389.12476369738579 62.697780966758728 35.727799370884895 59.561994060873985 344.21269397437572 108.23519568145275
leaf_count=330 1755 271 155 255 1568 479
internal_value=1.08125e-05 0.00214556 -0.00395715 0.00140022 -0.00221121 0.00251183
internal_weight=1072.39 547.112 157.988 95.2898 525.28 181.068
internal_count=4813 2436 681 410 2377 809
is_linear=0
shrinkage=0.03


Tree=107
num_leaves=7
num_cat=0
split_feature=15 10 53 12 56 59
split_gain=6.7897 7.80558 6.9974 9.76422 7.91852 12.9552
threshold=-0.044749999418854707 13.500000000000002 -0.00021845266746822742 0.60005000233650219 0.013547153212130071 -0.0042636289726942769
decision_type=10 2 2 10 2 10
left_child=2 -2 -1 4 5 -4
right_child=1 -3 3 -5 -6 -7
leaf_value=-0.0015802009762414387 -0.011039741477816858 0.003328614777963289 0.00095780021849244611 -0.0097445591593925893 -0.0014705152753439945 0.012957543618165139
leaf_weight=464.28688064217567 84.371279552578926 47.319253757596016 156.37127633392811 36.348865166306496 126.18403407931328 161.85933299362659
leaf_count=2177 385 212 659 178 526 700
internal_value=0.000123126 -0.00600634 0.0010312 0.00353391 0.00481051 0.00726997
internal_weight=1076.74 131.691 945.05 480.764 444.415 318.231
internal_count=4837 597 4240 2063 1885 1359
is_linear=0
shrinkage=0.03


Tree=108
num_leaves=7
num_cat=0
split_feature=86 9 64 25 82 16
split_gain=7.27282 7.14057 5.54586 6.06263 9.46909 7.31332
threshold=-3.4999999999999996 27.500000000000004 33.639999389648445 0.0047359999734908351 0.90045002102851879 0.0034704999998211865
decision_type=8 8 8 10 10 10
left_child=1 -1 -2 -4 5 -5
right_child=2 -3 3 4 -6 -7
leaf_value=-0.0041990324549216699 -0.010117205795538148 0.014040486981517927 -0.0018492676570364816 0.00054392748069426373 -0.00085245437803409697 0.016656571096763245
leaf_weight=23.096011593937874 45.316713020205498 49.047244563698769 689.26195991039276 42.556660324335098 179.26702544093132 55.356577232480049
leaf_count=111 202 216 3103 195 793 247
internal_value=-0.000189076 0.00840094 -0.000877811 -0.000345397 0.00332844 0.0103528
internal_weight=1083.9 72.1433 1011.76 966.442 277.18 97.9132
internal_count=4867 327 4540 4338 1235 442
is_linear=0
shrinkage=0.03


Tree=109
num_leaves=7
num_cat=0
split_feature=35 7 38 42 16 26
split_gain=6.09422 11.9247 10.009 9.66202 9.55948 10.2382
threshold=0.039965000003576286 1.5216640233993532 -0.00011250000170548445 0.13704153895378116 0.12865000218153003 -0.0050729999784380189
decision_type=8 2 10 10 10 10
left_child=2 -2 4 -4 5 -1
right_child=1 -3 3 -5 -6 -7
leaf_value=0.012622062097254656 -0.0041904272434915742 0.0087009695804711306 -0.015557613585724973 -0.0024576992548075794 -0.010185206296937734 -0.00057389084602910753
leaf_weight=94.241785600781441 100.09852387011051 150.64090675115585 46.905808985233307 530.61633133888245 29.870505288243294 105.78387473523617
leaf_count=434 446 656 228 2371 133 489
internal_value=-0.00040669 0.00359122 -0.00167696 -0.00376835 0.00351489 0.00594832
internal_weight=1058.16 250.739 807.418 577.522 229.896 200.026
internal_count=4757 1102 3655 2599 1056 923
is_linear=0
shrinkage=0.03


Tree=110
num_leaves=7
num_cat=0
split_feature=81 86 12 38 47 78
split_gain=5.39111 9.89808 7.14452 5.76838 10.4851 7.66743
threshold=6.0325186252594003 -1.4999999999999998 0.57344999909400951 0.0030199999455362563 0.93009683489799511 0.97281542420387279
decision_type=8 10 8 10 2 10
left_child=3 2 -2 5 -5 -1
right_child=1 -3 -4 4 -6 -7
leaf_value=-0.0029620540245759298 0.00059772531293073071 -0.00081094251550587674 0.019040550674774583 0.019040620899613715 -0.0017367438597067763 0.0075598089050183349
leaf_weight=705.22404243052006 30.809884339570999 139.5879959911108 41.824786439538002 24.3170485496521 56.173152714967728 58.739163383841515
leaf_count=3208 133 635 191 100 234 246
internal_value=-0.000159868 0.00400435 0.0122366 -0.00124101 0.00595083 -0.00206583
internal_weight=1056.68 212.223 72.6347 844.453 80.4902 763.963
internal_count=4747 959 324 3788 334 3454
is_linear=0
shrinkage=0.03


Tree=111
num_leaves=7
num_cat=0
split_feature=33 67 86 65 68 62
split_gain=6.8684 5.77007 5.89681 6.09977 5.60271 9.40454
threshold=-0.0052184530068188897 0.10263158008456232 -2.4999999999999996 0.54357179999351513 0.00080473662819713365 0.9761871099472047
decision_type=2 2 8 2 2 10
left_child=-1 -2 -3 4 -4 -6
right_child=1 2 3 -5 5 -7
leaf_value=0.0081828590041458146 -0.0084971379210686659 0.006452607495967857 0.002094932503404237 -0.011627742203551405 -0.0043912113022272969 0.011038071598138211
leaf_weight=72.618338540196419 70.927890539169312 98.09791025519371 398.21753367781639 35.904742628335953 351.17337618768215 29.86929327249527
leaf_count=312 323 447 1796 178 1565 128
internal_value=-0.000129898 -0.000819391 -0.000137529 -0.000999181 -0.000368345 -0.00293039
internal_weight=1056.81 984.191 913.263 815.165 779.26 381.043
internal_count=4749 4437 4114 3667 3489 1693
is_linear=0
shrinkage=0.03


Tree=112
num_leaves=7
num_cat=0
split_feature=17 33 49 4 17 79
split_gain=6.57226 7.5639 6.78772 6.42172 6.26553 6.09603
threshold=-0.054004998877644532 -0.0052184530068188897 -0.0069529998581856481 -0.35755337774753565 0.073794998228549971 0.69445413351058971
decision_type=8 2 10 10 8 10
left_child=2 4 -1 -4 -2 -5
right_child=1 -3 3 5 -6 -7
leaf_value=-0.0041129297146028018 0.013579005574338582 -0.0019259114107702952 0.016313527129441847 0.011265516788744215 -0.0045835030014132428 -0.0047157660736016549
leaf_weight=43.954856693744659 43.543976753950119 842.74381241202354 47.447160840034485 27.592505753040314 19.141444429755211 41.149747893214226
leaf_count=191 188 3816 205 127 80 182
internal_value=-0.000140635 -0.0011457 0.00527518 0.00887122 0.00816538 0.00231501
internal_weight=1065.57 905.429 160.144 116.189 62.6854 68.7423
internal_count=4789 4084 705 514 268 309
is_linear=0
shrinkage=0.03


Tree=113
num_leaves=7
num_cat=0
split_feature=3 3 55 28 29 68
split_gain=5.37673 6.10823 6.29196 5.9897 5.89839 5.63107
threshold=0.71747690439224254 0.61462190747261058 -0.0048869820311665526 -0.0093076578341424448 0.042885152623057372 0.00061850037309341143
decision_type=2 2 2 8 2 2
left_child=1 2 4 -3 -1 -5
right_child=-2 3 -4 5 -6 -7
leaf_value=0.0033003196539670484 0.0094238547972201325 0.0034492482494994053 0.0015207930478096773 0.0012989630504841661 -0.01075030373873501 -0.014925609163207405
leaf_weight=35.370235204696655 44.409403130412102 34.205709770321846 801.8542867898941 24.78756345808506 67.306645020842552 57.793749868869781
leaf_count=164 193 164 3585 113 311 259
internal_value=0.000234145 -0.000252948 0.000605041 -0.00642178 -0.00604679 -0.0104414
internal_weight=1065.73 1021.32 904.531 116.787 102.677 82.5813
internal_count=4789 4596 4060 536 475 372
is_linear=0
shrinkage=0.03


Tree=114
num_leaves=7
num_cat=0
split_feature=23 59 21 49 59 34
split_gain=5.58105 7.48336 7.2504 6.60826 5.58552 7.64323
threshold=-0.024384999647736546 -0.015634890645742413 -0.013425000011920927 -0.0044185000006109467 -0.0052938659209758035 0.00085026558372192096
decision_type=8 10 8 8 10 2
left_child=3 -2 -3 -1 -4 -6
right_child=1 2 4 -5 5 -7
leaf_value=0.0054713600033028092 0.007131302062477694 -0.0083787696463390581 -0.0040456257414512777 -0.013037794643702423 0.0040514711369503235 -0.0037350910540385664
leaf_weight=19.12007212638855 156.98657856881618 70.826734572649002 146.00793765485287 42.570244401693344 487.07595163583755 138.45168359577656
leaf_count=86 667 333 639 193 2209 639
internal_value=0.000761679 0.00132943 0.00017719 -0.00733814 0.00105978 0.00229637
internal_weight=1061.04 999.349 842.362 61.6903 771.536 625.528
internal_count=4766 4487 3820 279 3487 2848
is_linear=0
shrinkage=0.03


Tree=115
num_leaves=7
num_cat=0
split_feature=14 78 44 64 26 28
split_gain=6.61698 6.96939 9.75733 4.72402 5.71186 7.47664
threshold=0.0082698212936520594 0.95991966128349315 0.0047110000159591445 33.370000839233406 0.10109999775886537 -0.17676823586225507
decision_type=2 10 8 8 10 10
left_child=1 2 -1 -2 5 -5
right_child=3 -3 -4 4 -6 -7
leaf_value=-0.0022974712161606954 -0.0071227131956637501 0.0085427666624060556 -0.017245841983638648 -0.0061444004320663111 0.0093223805924924231 0.0020724193636369663
leaf_weight=138.71431930363178 49.837707310914993 22.24508062005043 47.088905766606331 108.44192533195019 68.419231906533241 622.27397258579731
leaf_count=662 222 94 204 508 305 2759
internal_value=-0.000153063 -0.00481889 -0.00677319 0.00103313 0.00162351 0.000786512
internal_weight=1057.02 208.048 185.803 848.973 799.135 730.716
internal_count=4754 960 866 3794 3572 3267
is_linear=0
shrinkage=0.03


Tree=116
num_leaves=7
num_cat=0
split_feature=33 7 22 48 6 6
split_gain=4.97142 7.16489 5.08034 11.3089 5.92445 9.10151
threshold=-0.0052184530068188897 1.6172004938125613 -0.0025255000218749042 -0.00056549999862909306 0.17317803204059604 0.47065997123718267
decision_type=2 2 10 8 10 8
left_child=1 -1 3 -2 -5 -6
right_child=2 -3 -4 4 5 -7
leaf_value=-0.0045772374176802156 -0.0089427549593969948 0.013019551634024247 0.0012081335283462256 0.0067279059993716724 -0.0071397809281893744 0.0078137616130981944
leaf_weight=26.066796839237213 164.09025467932224 48.074417248368263 588.39197771251202 90.563240751624107 106.81128387153149 43.959539666771889
leaf_count=112 745 206 2660 406 483 190
internal_value=1.97666e-05 0.0070241 -0.000567543 -0.00311163 0.00105119 -0.00256502
internal_weight=1067.96 74.1412 993.816 405.424 241.334 150.771
internal_count=4802 318 4484 1824 1079 673
is_linear=0
shrinkage=0.03


Tree=117
num_leaves=7
num_cat=0
split_feature=73 47 77 33 23 77
split_gain=6.79276 9.93238 7.4059 6.7035 7.38142 6.6307
threshold=0.60357150435447704 0.9883040487766267 0.27951389551162725 0.0018796644289977851 -0.0086189997382462007 0.048375664278864867
decision_type=10 2 10 2 8 8
left_child=2 -2 5 4 -4 -1
right_child=1 -3 3 -5 -6 -7
leaf_value=0.0033477191760180559 0.015501427444635004 -0.0067951232936177474 0.012114702438640617 0.012639120192139327 -0.0036072859786815937 -0.0032587830605843729
leaf_weight=161.99121931195259 44.350045815110207 19.914665132761002 26.282769337296486 52.8232112377882 93.806062936782837 678.11195361614227
leaf_count=763 187 84 110 222 395 3087
internal_value=-0.000154765 0.00860745 -0.000789336 0.00469694 0.000500403 -0.0019605
internal_weight=1077.28 64.2647 1013.02 172.912 120.089 840.103
internal_count=4848 271 4577 727 505 3850
is_linear=0
shrinkage=0.03


Tree=118
num_leaves=7
num_cat=0
split_feature=33 33 15 7 42 76
split_gain=6.12148 8.51919 8.5434 7.38099 7.25811 6.64881
threshold=0.0031452773837372665 0.0023919461527839307 -0.24524999409914014 2.6093894243240361 0.83528271317482006 0.81450000405311596
decision_type=2 2 8 2 10 10
left_child=1 2 4 -4 -1 -2
right_child=5 -3 3 -5 -6 -7
leaf_value=0.0088750882727111364 0.0082991894813746938 -0.01055186385575471 -0.0026131714663578608 0.0070041687689997674 -0.0068119868397536441 -0.0035312177467115013
leaf_weight=131.14797769486904 136.15798926353455 64.897694677114487 592.19055005908012 71.848482102155685 24.893563538789749 53.804265812039375
leaf_count=586 603 297 2686 316 104 237
internal_value=0.000195435 -0.00086667 1.76606e-05 -0.00148411 0.00611297 0.00493936
internal_weight=1074.94 884.978 820.081 664.039 156.042 189.962
internal_count=4829 3989 3692 3002 690 840
is_linear=0
shrinkage=0.03


Tree=119
num_leaves=7
num_cat=0
split_feature=7 9 63 43 80 38
split_gain=5.23722 6.70847 8.99307 6.24057 9.08418 7.73668
threshold=2.6297887563705449 38.500000000000007 0.19704999774694446 0.17126048356294635 0.17115000635385516 -0.00027750000299420202
decision_type=2 10 8 10 8 8
left_child=3 2 -2 4 -1 -5
right_child=1 -3 -4 5 -6 -7
leaf_value=0.0052658361649118718 -0.0062667873284664678 0.012034587836158035 0.013459483317808277 0.011351155770518104 -0.0080494532077619845 -0.00057097163756690756
leaf_weight=51.939086571335793 63.147547513246536 55.992128074169159 19.08829240500927 42.990976750850677 194.74253253638744 639.84728023409843
leaf_count=263 281 243 80 200 914 2818
internal_value=-0.00033787 0.00490664 -0.000725171 -0.0011617 -0.00514998 0.000332638
internal_weight=1067.75 138.228 82.2358 929.52 246.682 682.838
internal_count=4799 604 361 4195 1177 3018
is_linear=0
shrinkage=0.03


Tree=120
num_leaves=7
num_cat=0
split_feature=81 61 65 42 42 47
split_gain=4.8917 13.4866 6.53032 8.04054 8.11495 7.8852
threshold=5.5902884006500253 0.039714999496936805 0.54103264212608349 0.088638771325349822 0.060973284766078002 0.19805900007486346
decision_type=8 8 2 10 10 2
left_child=2 -2 3 4 -1 -5
right_child=1 -3 -4 5 -6 -7
leaf_value=0.0011498750900901045 -0.00064052811719221558 0.014982976620643096 -0.010712441579709376 -0.010473983179630096 0.017650325752073138 -0.00081224561508007082
leaf_weight=96.622448295354843 207.62065173685551 55.07957911491394 54.916492059826851 78.873035907745361 27.993519932031631 540.93282260000706
leaf_count=446 948 240 271 371 130 2371
internal_value=-0.000414973 0.00306451 -0.00158223 -0.000775623 0.00589232 -0.00218853
internal_weight=1062.04 262.7 799.338 744.422 124.616 619.806
internal_count=4777 1188 3589 3318 576 2742
is_linear=0
shrinkage=0.03


Tree=121
num_leaves=7
num_cat=0
split_feature=77 48 83 42 46 42
split_gain=5.79978 9.00093 8.64871 10.1286 7.39978 6.58411
threshold=0.22571524977684024 0.003603999968618155 -0.00098793167853727915 0.71560224890708934 -0.34316210448741907 0.84894689917564403
decision_type=10 10 2 10 10 10
left_child=-1 2 4 -4 -2 -5
right_child=1 -3 3 5 -6 -7
leaf_value=-0.0012863696207692545 0.0083291296653622941 -0.0096478301606657216 0.020134358716974079 -0.0052199373328134461 -0.0068007549390697421 0.010629239757840107
leaf_weight=825.79427619278431 39.13275608420372 29.802722781896591 49.826538681983948 37.383910834789276 61.445587813854218 38.365757152438164
leaf_count=3788 166 125 208 156 262 159
internal_value=-5.90628e-05 0.00380008 0.00590574 0.0108523 -0.000693181 0.0031108
internal_weight=1081.75 255.957 226.155 125.576 100.578 75.7497
internal_count=4864 1076 951 523 428 315
is_linear=0
shrinkage=0.03


Tree=122
num_leaves=7
num_cat=0
split_feature=0 80 66 15 17 49
split_gain=6.72844 6.82613 5.99493 5.95385 6.37748 4.90849
threshold=0.016639308072626594 0.11885000020265581 0.97238647937774669 -0.022645000368356701 0.17514999955892566 0.0059265000745654115
decision_type=10 8 2 10 10 10
left_child=1 -1 -3 5 -5 -2
right_child=3 2 -4 4 -6 -7
leaf_value=0.006465589007038872 0.0020939971793232093 0.0026687328958707119 -0.015544045748465136 -0.014117859113459809 0.004579328083622834 -0.0030126773678648419
leaf_weight=17.558036297559738 699.2859473079443 17.910923272371292 58.177824631333351 39.380405813455582 18.679328829050064 213.06263716518879
leaf_count=91 3128 93 311 179 81 905
internal_value=-0.000521091 -0.00778696 -0.0114448 0.000252358 -0.00831348 0.000881692
internal_weight=1064.06 93.6468 76.0887 970.408 58.0597 912.349
internal_count=4788 495 404 4293 260 4033
is_linear=0
shrinkage=0.03


Tree=123
num_leaves=7
num_cat=0
split_feature=63 9 82 9 78 45
split_gain=5.07175 4.85666 11.8555 10.2515 7.37525 6.88052
threshold=0.50949999690055858 37.500000000000007 1.875500023365021 43.500000000000007 0.46943587064743048 -0.016689550131559368
decision_type=10 8 8 8 8 2
left_child=1 2 5 -3 -5 -1
right_child=-2 3 -4 4 -6 -7
leaf_value=0.0071756965599119836 0.010661012581424236 0.012006569578151801 0.0087951628347609223 0.0039185571773082684 -0.0030517891542403597 -0.0062804556272107251
leaf_weight=29.607920825481415 27.153159901499748 58.863259017467499 56.077513471245766 217.73269826173782 331.55979411303997 338.38236226141453
leaf_count=126 115 272 238 979 1421 1613
internal_value=-0.000233506 -0.000619633 -0.00304704 0.00109491 -0.000268169 -0.0050366
internal_weight=1059.38 1032.22 424.068 608.156 549.292 367.99
internal_count=4764 4649 1977 2672 2400 1739
is_linear=0
shrinkage=0.03


Tree=124
num_leaves=7
num_cat=0
split_feature=84 73 78 74 84 56
split_gain=4.52089 7.30476 9.11029 8.30157 6.99514 6.88424
threshold=0.99608609080314647 0.60357150435447704 0.9689319133758546 0.55000001192092907 0.42270220816135412 0.013792177196592094
decision_type=2 8 10 10 2 2
left_child=1 2 5 -4 -3 -1
right_child=-2 4 3 -5 -6 -7
leaf_value=-0.00017788286980896951 -0.0097703804417941572 -0.0043360229949047768 0.0012885191333420823 0.021046870443807337 0.012472668385704849 -0.0090722787486433466
leaf_weight=796.4821489751339 28.730604603886604 24.893385261297226 48.953630477190018 22.997442349791527 71.34702143073082 76.913099035620689
leaf_count=3662 121 111 205 95 299 324
internal_value=0.000299356 0.000667384 -0.000169052 0.00940141 0.00812606 -0.00105497
internal_weight=1070.32 1041.59 945.346 71.9511 96.2404 873.395
internal_count=4817 4696 4286 300 410 3986
is_linear=0
shrinkage=0.03


Tree=125
num_leaves=7
num_cat=0
split_feature=80 21 70 33 21 38
split_gain=5.48807 11.3022 8.23496 7.38076 6.99402 6.26401
threshold=0.20910000056028369 0.0068944999948143968 0.00055185786914080392 0.00044810924737248575 -0.00041505000262986863 -0.00066349998814985145
decision_type=8 10 2 2 8 10
left_child=1 5 3 -3 -2 -1
right_child=4 2 -4 -5 -6 -7
leaf_value=0.0013510848364881886 0.0057635532057405256 -0.010655611649667716 0.018414285419284207 0.0090701777353642005 0.00013491416824852167 -0.0093943238400833393
leaf_weight=70.112368285655975 337.78505206108093 23.310601636767387 24.575568661093712 25.055627748370171 464.58913008868694 135.32541432976723
leaf_count=337 1464 116 118 124 2013 688
internal_value=0.00129379 -0.00227927 0.00723038 -0.000633655 0.00254625 -0.00583461
internal_weight=1080.75 278.38 72.9418 48.3662 802.374 205.438
internal_count=4860 1383 358 240 3477 1025
is_linear=0
shrinkage=0.03


Tree=126
num_leaves=7
num_cat=0
split_feature=77 29 51 29 48 23
split_gain=5.3079 8.58656 7.68897 10.5613 8.08283 6.7547
threshold=0.048375664278864867 0.63888496160507213 0.82828539609909069 0.15520862489938739 0.003603999968618155 0.0027490000938996677
decision_type=8 2 10 2 10 8
left_child=1 -1 3 -2 5 -4
right_child=2 -3 4 -5 -6 -7
leaf_value=0.0082675646313062675 -0.01077219122208279 -0.006848954055065231 0.010854092230931844 -0.00089424329405360479 -0.010936508655689512 -2.3688118122813516e-05
leaf_weight=127.21056708693504 107.71829146146774 36.502711817622185 100.0462044775486 578.1729042083025 20.450261190533638 96.286323845386505
leaf_count=606 524 165 431 2577 86 415
internal_value=-0.000110775 0.00469683 -0.00102461 -0.00257807 0.00378739 0.00577676
internal_weight=1066.39 163.713 902.674 685.891 216.783 196.333
internal_count=4804 771 4033 3101 932 846
is_linear=0
shrinkage=0.03


Tree=127
num_leaves=7
num_cat=0
split_feature=33 50 0 73 33 28
split_gain=6.87472 5.74323 5.23421 4.72067 4.8398 4.77002
threshold=-0.0033482171129435296 -0.015428566373884676 0.038410369306802757 0.25462949275970465 -0.0022140893852338191 0.24183963984251025
decision_type=2 2 10 8 2 8
left_child=1 -1 -3 -2 -5 -6
right_child=3 2 -4 4 5 -7
leaf_value=-0.003885558860150884 0.0094344631134390382 0.014343421281112727 -0.0017710252446579327 -0.013069556473523362 0.00016654971985915508 -0.0053434106521564866
leaf_weight=28.761782139539719 28.671888813376427 61.295745357871056 21.618048101663589 20.326549783349037 751.31622348725796 164.03117635846138
leaf_count=125 134 268 90 92 3430 707
internal_value=-1.71375e-05 0.0067065 0.0104035 -0.000856605 -0.00126838 -0.000867915
internal_weight=1076.02 111.676 82.9138 964.346 935.674 915.347
internal_count=4846 483 358 4363 4229 4137
is_linear=0
shrinkage=0.03


Tree=128
num_leaves=7
num_cat=0
split_feature=20 9 65 35 46 54
split_gain=6.08779 8.75055 4.91657 7.326 5.95103 9.12704
threshold=-0.078069999814033494 39.500000000000007 0.54405760765075695 0.058405000716447837 -0.50621688365936268 0.20662846416234973
decision_type=8 10 2 10 8 2
left_child=1 -1 3 4 -2 -6
right_child=2 -3 -4 -5 5 -7
leaf_value=-0.014726531346015303 0.0071400533224496828 0.0034053354967123863 -0.0083385211091443218 0.012717632892773263 -0.0075469187036811009 0.0011150338864329159
leaf_weight=46.398438170552254 101.35816988348961 36.228054881095886 40.733992218971252 37.677606523036957 120.05872732400894 682.33316221833229
leaf_count=217 450 159 201 163 570 3030
internal_value=8.90446e-05 -0.00726716 0.000774909 0.00125273 0.000640805 -0.000257964
internal_weight=1064.79 82.6265 982.162 941.428 903.75 802.392
internal_count=4790 376 4414 4213 4050 3600
is_linear=0
shrinkage=0.03


Tree=129
num_leaves=7
num_cat=0
split_feature=2 80 35 83 4 2
split_gain=4.6978 6.79561 9.19624 7.33852 9.8074 7.22784
threshold=1.7925000190734866 0.24154999852180484 -0.023965000174939629 -0.0031106037786230441 0.32750990986824041 1.1119999885559084
decision_type=10 8 10 2 10 8
left_child=1 2 -1 4 -4 -3
right_child=-2 5 3 -5 -6 -7
leaf_value=-0.010478299782371494 -0.0095363677927561182 0.0057358483388901598 0.013915746063772745 -0.0031972552274837124 -0.0043283891378368116 -0.00063226202242442991
leaf_weight=93.000967040657997 35.485152944922447 280.05201923847198 53.427799388766289 208.20651365816593 39.13402533531189 354.94255372881889
leaf_count=443 150 1219 248 1042 186 1506
internal_value=-0.000100322 0.000313827 -0.00274157 -8.90951e-05 0.00653239 0.00222165
internal_weight=1064.25 1028.76 393.769 300.768 92.5618 634.995
internal_count=4794 4644 1919 1476 434 2725
is_linear=0
shrinkage=0.03


Tree=130
num_leaves=7
num_cat=0
split_feature=6 85 61 20 4 10
split_gain=11.2322 6.952 8.45551 9.74428 12.0429 8.58718
threshold=0.14023554325103763 0.001827000000048429 -0.044889999553561204 -0.027304999530315396 0.62309011816978466 9.5000000000000018
decision_type=10 10 8 10 10 2
left_child=1 2 -1 -4 5 -5
right_child=-2 -3 3 4 -6 -7
leaf_value=-0.010453991231932471 -0.0019285002765360988 0.013919537502913713 -0.0031232631463061389 0.0043362256074073423 -0.0028599226151948278 0.021502810900062692
leaf_weight=29.808934092521667 720.86430963873863 50.589610159397125 92.35299925506115 54.878546506166458 51.936048239469528 54.478477120399475
leaf_count=129 3244 210 428 255 243 245
internal_value=0.00017723 0.00464535 0.00257221 0.00444152 0.00870242 0.0139732
internal_weight=1054.91 334.045 283.455 253.646 161.293 109.357
internal_count=4754 1510 1300 1171 743 500
is_linear=0
shrinkage=0.03


Tree=131
num_leaves=7
num_cat=0
split_feature=33 24 48 22 26 57
split_gain=6.60215 6.40153 7.25301 6.0695 6.37377 11.247
threshold=-0.0058032236993312827 0.011669999919831755 -0.00024550000671297306 0.012994999997317793 -0.015725000295788046 -0.050724999979138367
decision_type=2 10 8 10 8 10
left_child=-1 3 -3 4 5 -2
right_child=1 2 -4 -5 -6 -7
leaf_value=0.0088172053695144779 0.0093406511998223776 0.015734766653219805 -0.0035124164044555333 -0.010373281578093226 -0.0024710354268025372 -0.0020351521578586217
leaf_weight=59.910270869731903 124.99417264759541 33.10854335129261 24.64580300450325 52.504772514104843 602.65416502952576 179.3033219575882
leaf_count=255 530 150 110 240 2721 842
internal_value=-0.00010447 -0.000710648 0.00821515 -0.00132713 -0.000696021 0.00278613
internal_weight=1077.12 1017.21 57.7543 959.456 906.952 304.297
internal_count=4848 4593 260 4333 4093 1372
is_linear=0
shrinkage=0.03


Tree=132
num_leaves=7
num_cat=0
split_feature=14 22 70 21 52 80
split_gain=7.5338 8.17925 7.77041 7.16194 7.45021 7.10437
threshold=0.0098291588947176951 0.011530000250786545 0.00034014340781141078 -0.0091005000285804254 0.0063844025135040292 0.30764999985694891
decision_type=2 10 2 10 2 10
left_child=3 -2 -3 4 -1 -5
right_child=1 2 -4 5 -6 -7
leaf_value=-0.010731918044512763 0.0041851909300766573 -0.01519566119494069 0.0031529382969319539 0.0023162531185029495 0.0048659413429330634 -0.005229385013614354
leaf_weight=131.97324009239674 378.09729865193367 32.66319876909256 34.966709494590759 278.34876583516598 27.987438589334488 174.12057681381702
leaf_count=607 1665 150 153 1329 119 745
internal_value=-0.000483081 0.00245266 -0.00652478 -0.00262479 -0.00787712 -0.000637769
internal_weight=1058.16 445.727 67.6299 612.43 159.961 452.469
internal_count=4768 1968 303 2800 726 2074
is_linear=0
shrinkage=0.03


Tree=133
num_leaves=7
num_cat=0
split_feature=4 6 33 21 6 6
split_gain=5.75685 7.08228 8.32021 7.14468 6.29378 14.4385
threshold=0.63035210967063915 0.19829405099153521 -0.00038036459591239685 0.0068944999948143968 0.14023554325103763 0.048114802688360221
decision_type=10 10 2 8 10 8
left_child=4 2 -2 -4 5 -1
right_child=1 -3 3 -5 -6 -7
leaf_value=-0.003227927115116032 0.011745393552809949 -0.014485594687171663 -0.010375024941610201 0.0047324915376976296 -0.00076692193139896961 0.01093082907324215
leaf_weight=109.40767030417919 24.658292934298515 41.622056797146797 67.020856231451035 37.036347448825836 656.10209929943085 137.12021878361702
leaf_count=484 111 194 317 171 2945 617
internal_value=-0.000189606 -0.00508599 -0.00122134 -0.00505443 0.000780008 0.00476637
internal_weight=1072.97 170.338 128.715 104.057 902.63 246.528
internal_count=4839 793 599 488 4046 1101
is_linear=0
shrinkage=0.03


Tree=134
num_leaves=7
num_cat=0
split_feature=9 17 9 46 33 47
split_gain=5.92781 10.6404 10.2482 8.32787 9.48471 8.04886
threshold=37.500000000000007 0.22509999573230746 43.500000000000007 -0.42185029387474055 4.0901435568230233e-05 0.20662846416234973
decision_type=8 8 8 10 2 2
left_child=1 3 5 4 -1 -2
right_child=2 -3 -4 -5 -6 -7
leaf_value=-0.0060950684810095433 -0.0021826428682858489 0.0088011818067003089 0.00042315384282283323 -0.007104213751217503 0.011549678778556139 0.018774290455399221
leaf_weight=45.083485618233681 21.394456386566162 52.668678343296051 571.93587692081928 278.56820157170296 45.679092228412628 41.821753412485123
leaf_count=205 100 222 2500 1339 209 191
internal_value=-3.79623e-05 -0.0027573 0.00178352 -0.00459418 0.00305012 0.0123524
internal_weight=1057.15 421.999 635.152 369.331 90.7626 63.2162
internal_count=4766 1975 2791 1753 414 291
is_linear=0
shrinkage=0.03


Tree=135
num_leaves=7
num_cat=0
split_feature=14 64 10 67 49 78
split_gain=6.05876 9.14722 7.38277 6.63458 6.63394 6.21006
threshold=0.010283784009516241 62.879999160766609 16.500000000000004 0.39672131836414343 0.0038174999644979839 0.90799853205680858
decision_type=2 10 2 2 10 10
left_child=-1 2 3 4 -2 -3
right_child=1 5 -4 -5 -6 -7
leaf_value=-0.0011810044615051933 0.0026454720942733255 0.019676964561413299 -0.0070689585501386952 0.008803769925223609 -0.013270748510333443 -0.00019328859337220454
leaf_weight=721.44358223676682 85.349581301212311 36.428693488240242 63.838364541530609 107.59097795188427 21.435241416096687 20.08711813390255
leaf_count=3291 380 160 282 469 92 85
internal_value=0.000367934 0.00364378 0.00120868 0.00387885 -0.00141221 0.0136473
internal_weight=1056.17 334.73 278.214 214.376 106.785 56.5158
internal_count=4759 1468 1223 941 472 245
is_linear=0
shrinkage=0.03


Tree=136
num_leaves=7
num_cat=0
split_feature=0 38 33 35 33 61
split_gain=6.6197 7.55859 7.01621 10.1182 7.28399 6.35177
threshold=0.021229399368166927 0.0099849998950958269 -0.0033482171129435296 0.041364999487996108 0.00046860640577506279 -0.0093590002506971342
decision_type=8 10 2 10 2 10
left_child=2 5 -1 -4 -5 -2
right_child=1 -3 3 4 -6 -7
leaf_value=0.010152856949612809 -0.001369167480909525 -0.013545342774602346 -0.0087510462806984386 -0.0058828680488374804 0.013652049045797957 0.0040368513887935253
leaf_weight=18.658656477928162 342.36504344642162 20.593294039368629 195.55465066432953 23.224039614200592 28.44373844563961 434.45874744653702
leaf_count=88 1472 86 999 117 135 1896
internal_value=-0.000261901 0.00111141 -0.00427165 -0.0057127 0.00534125 0.00166717
internal_weight=1063.3 797.417 265.881 247.222 51.6678 776.824
internal_count=4793 3454 1339 1251 252 3368
is_linear=0
shrinkage=0.03


Tree=137
num_leaves=7
num_cat=0
split_feature=47 47 57 65 37 57
split_gain=5.06065 5.65803 7.59829 10.56 5.56983 8.10387
threshold=0.99199986457824718 0.28199651837348944 0.009077500086277725 0.5357198715209962 -1.0000000180025095e-35 0.020825000479817394
decision_type=2 2 10 2 8 10
left_child=1 4 -3 -4 -1 -6
right_child=-2 2 3 -5 5 -7
leaf_value=0.0011139686694651239 -0.008490345883449768 0.0036700624614324235 -0.0077960695935939085 0.01121613710683579 -0.0096412316714052509 0.0058836701651684932
leaf_weight=173.03961151838303 49.246388077735901 545.43989756703377 114.97809785604477 23.961297616362572 130.06343205273151 31.303966999053955
leaf_count=799 209 2397 518 119 621 151
internal_value=3.57955e-05 0.000526456 0.0020811 -0.00398433 -0.00262325 -0.00646194
internal_weight=1068.03 1018.79 684.379 138.939 334.407 161.367
internal_count=4814 4605 3034 637 1571 772
is_linear=0
shrinkage=0.03


Tree=138
num_leaves=7
num_cat=0
split_feature=14 44 29 75 14 68
split_gain=6.10441 7.84863 7.52582 6.71834 14.0813 5.99609
threshold=0.0082698212936520594 0.0048620000015944251 0.9879998266696931 10.860000133514406 0.0078060682862997064 0.0027298246277496223
decision_type=2 8 2 8 2 2
left_child=1 3 -2 -1 -5 -4
right_child=2 -3 5 4 -6 -7
leaf_value=-0.0085104621802357412 0.0018118338002474515 -0.012870519466284957 -0.015041199168588796 0.012842675998802233 -0.0075502366787346216 0.0031327183261144901
leaf_weight=53.68445111811161 785.94436693191528 60.076456412672997 34.784544363617897 56.237196639180183 47.467273160815239 21.087841272354126
leaf_count=265 3527 260 147 258 229 88
internal_value=-0.000150791 -0.00451556 0.00101653 -0.000748035 0.00366539 -0.00874758
internal_weight=1059.28 217.465 841.817 157.389 103.704 55.8724
internal_count=4774 1012 3762 752 487 235
is_linear=0
shrinkage=0.03


Tree=139
num_leaves=7
num_cat=0
split_feature=80 1 50 4 25 13
split_gain=6.77757 12.2992 9.6331 11.5471 9.33859 7.97668
threshold=0.24874999374151233 0.85365000367164623 -0.0046292031183838836 0.053815266117453582 -0.0013935000170022247 0.97624999284744274
decision_type=8 10 2 10 10 8
left_child=1 2 3 4 -1 -3
right_child=-2 5 -4 -5 -6 -7
leaf_value=-0.0084738019706167324 0.0017539347952450742 -0.0067872109954752839 -0.010455737157960282 -0.0067290598376525878 0.013188869231047024 0.013711521131886268
leaf_weight=16.591636657714844 655.94397930800915 17.216064006090164 163.0781617462635 103.02825590968132 57.912823021411896 47.268843755125999
leaf_count=82 2811 86 792 509 274 233
internal_value=-0.000122618 -0.00313024 -0.00541875 -0.000481051 0.00793285 0.00806233
internal_weight=1061.04 405.096 340.611 177.533 74.5045 64.4849
internal_count=4787 1976 1657 865 356 319
is_linear=0
shrinkage=0.03


Tree=140
num_leaves=7
num_cat=0
split_feature=78 26 48 81 27 57
split_gain=5.2676 5.25544 6.34345 6.99658 8.1513 9.43246
threshold=0.015594601165503265 -0.015264999587088822 -0.003647500067017972 6.6065211296081552 0.010418538004159929 0.0095139998011291044
decision_type=8 8 10 10 2 10
left_child=-1 2 -2 4 5 -4
right_child=1 -3 3 -5 -6 -7
leaf_value=0.011987934408420444 0.01237784872465564 -0.0020571354508858194 0.0076714018089863792 -0.0090005299251907471 -0.008243543248030491 -0.0046971257764710245
leaf_weight=21.828416422009468 39.263220146298409 647.25791795551777 202.60312804579735 45.531757891178131 44.163547739386559 67.477048173546791
leaf_count=98 169 2916 922 210 187 317
internal_value=-3.71099e-05 -0.000399098 0.00227485 0.000867364 0.00253064 0.00452386
internal_weight=1068.13 1046.3 399.039 359.775 314.244 270.08
internal_count=4819 4721 1805 1636 1426 1239
is_linear=0
shrinkage=0.03


Tree=141
num_leaves=7
num_cat=0
split_feature=65 20 46 36 33 84
split_gain=6.7478 7.09577 5.73222 8.27763 9.99827 5.65168
threshold=0.54405760765075695 -0.082189999520778642 -0.50621688365936268 0.13749999552965167 8.9281918917549788e-05 0.038835097104310996
decision_type=2 8 8 10 2 2
left_child=1 -1 3 4 -3 -4
right_child=-2 2 5 -5 -6 -7
leaf_value=-0.0085663605199448913 -0.011235092839613095 0.00077389744104499627 -0.0097502298458441473 -0.0083515881509292761 0.019980490313741273 0.00051768253989130169
leaf_weight=69.281999677419662 39.882082521915436 48.781078726053238 41.264260143041611 18.154213935136795 40.533812254667282 809.46609629690647
leaf_count=317 199 217 184 80 179 3636
internal_value=-0.000459598 6.2917e-05 0.000768884 0.00698097 0.0106246 -8.78498e-05
internal_weight=1067.36 1027.48 958.199 107.469 89.3149 850.73
internal_count=4812 4613 4296 476 396 3820
is_linear=0
shrinkage=0.03


Tree=142
num_leaves=7
num_cat=0
split_feature=69 63 44 12 12 14
split_gain=4.22795 5.16656 7.17881 5.0748 9.75117 9.43985
threshold=0.005267942789942027 0.029764999635517601 -1.0000000180025095e-35 0.3660500049591065 0.4723500013351441 0.0075412944424897441
decision_type=2 10 10 8 8 2
left_child=3 2 -2 -1 -5 -6
right_child=1 -3 -4 4 5 -7
leaf_value=0.0061202870454763712 -0.011177031987349841 -0.011700967408702866 0.0076835367972709978 -0.0065931799770297499 -0.0095492889508171572 0.0024863920511942784
leaf_weight=122.06741887331009 18.851368471980095 48.400121286511421 39.144647270441055 161.91932432353497 54.776373580098152 625.17307451367378
leaf_count=515 85 207 168 693 263 2894
internal_value=6.76696e-06 -0.00539714 0.000810813 0.000652524 -0.000202818 0.00139245
internal_weight=1070.33 106.396 57.996 963.936 841.869 679.949
internal_count=4825 460 253 4365 3850 3157
is_linear=0
shrinkage=0.03


Tree=143
num_leaves=7
num_cat=0
split_feature=22 48 73 81 23 42
split_gain=5.78457 9.67851 6.84598 7.46081 8.1555 11.06
threshold=-0.0025255000218749042 -0.00056549999862909306 0.55777800083160411 4.1051399707794198 -0.01178499963134527 0.46879637241363531
decision_type=10 8 8 10 10 10
left_child=1 -1 3 -3 -5 -6
right_child=-2 2 -4 4 5 -7
leaf_value=-0.0073071207693773841 0.002396919686065261 -0.0077383083127695847 0.008394781385373801 0.012544380374291458 0.0059429173245040207 -0.017057892385519968
leaf_weight=176.22250652313232 618.55298724770546 85.088773906230927 79.593739822506905 41.588362038135529 39.487550601363182 20.827759295701981
leaf_count=799 2797 382 340 184 188 94
internal_value=0.000539054 -0.00205179 0.00156075 -0.00162665 0.00371201 -0.00329596
internal_weight=1061.36 442.809 266.586 186.992 101.904 60.3153
internal_count=4784 1987 1188 848 466 282
is_linear=0
shrinkage=0.03


Tree=144
num_leaves=7
num_cat=0
split_feature=86 79 64 69 70 1
split_gain=5.18221 6.51635 6.13386 6.3668 4.91426 5.78039
threshold=-3.4999999999999996 0.77089050412178051 33.639999389648445 -0.011492717545479534 0.00017377283802488821 0.7721499800682069
decision_type=8 10 8 2 2 8
left_child=1 -1 -2 -4 5 -5
right_child=2 -3 3 4 -6 -7
leaf_value=-0.0023190419159130802 -0.010539855546422807 0.014368000239733468 0.011785657514890937 -0.0057047116960993729 0.0013502937971437575 0.0010765140238156755
leaf_weight=34.18941156566143 46.225806459784508 36.366287559270859 27.511279702186584 271.74672649800777 460.61620019376278 184.44271369278431
leaf_count=161 208 160 117 1265 2035 838
internal_value=-0.000326111 0.00699781 -0.000912515 -0.000335736 -0.000822711 -0.0029987
internal_weight=1061.1 70.5557 990.543 944.317 916.806 456.189
internal_count=4784 321 4463 4255 4138 2103
is_linear=0
shrinkage=0.03


Tree=145
num_leaves=7
num_cat=0
split_feature=17 43 5 60 42 44
split_gain=6.1336 6.9533 8.43906 7.58485 6.06369 5.95082
threshold=-0.11535000056028365 0.14734859019517901 0.52879402041435253 0.01843999978154898 0.052128622308373458 -0.005106500117108225
decision_type=8 8 10 10 10 8
left_child=-1 2 3 5 -4 -2
right_child=1 -3 4 -5 -6 -7
leaf_value=-0.011045689613873595 -0.0018769587220118821 0.0029145195814704438 0.015230198246106897 0.0024218746281743876 -0.0046607894503480863 -0.014497407666174503
leaf_weight=26.194545447826385 62.105509862303734 782.27315463125706 26.257239535450935 71.488242939114571 16.225876227021217 73.225023478269577
leaf_count=113 288 3469 121 334 80 360
internal_value=0.00111891 0.00153089 -0.00275571 -0.00527875 0.00819257 -0.00923334
internal_weight=1057.77 1031.58 249.302 206.819 42.4831 135.331
internal_count=4765 4652 1183 982 201 648
is_linear=0
shrinkage=0.03


Tree=146
num_leaves=7
num_cat=0
split_feature=61 6 59 20 59 47
split_gain=6.81752 5.75626 11.6194 8.8331 8.8254 8.65201
threshold=-0.071529999375343309 0.14320906251668933 0.00033745344262570148 -0.049234999343752854 0.0028796350816264753 0.28199651837348944
decision_type=8 10 10 8 10 2
left_child=-1 3 -3 -2 -4 -5
right_child=1 2 4 5 -6 -7
leaf_value=-0.011288798218636254 -0.006048269866855336 -0.0048063405199651656 0.01284212329979866 -0.00090006402149358621 0.0010042606055043965 0.010057437297838501
leaf_weight=30.347490921616554 52.387525826692581 288.17762930691242 57.880656063556671 93.697373032569885 356.58172476291656 189.99591344594955
leaf_count=130 241 1280 267 439 1621 840
internal_value=0.00082667 0.00128491 -0.0002712 0.00445207 0.00292105 0.006531
internal_weight=1069.07 1038.72 702.64 336.081 414.462 283.693
internal_count=4818 4688 3168 1520 1888 1279
is_linear=0
shrinkage=0.03


Tree=147
num_leaves=7
num_cat=0
split_feature=63 35 33 48 81 13
split_gain=5.23405 11.2579 8.76759 8.0292 7.29673 11.891
threshold=-0.0023120000259950753 0.041629999876022346 -0.0027160701574757691 -0.0011175000108778475 5.6954565048217782 0.81244999170303356
decision_type=8 10 2 8 8 10
left_child=2 4 -1 -3 -2 -6
right_child=1 3 -4 -5 5 -7
leaf_value=0.012936345627292354 -0.0052914785826816838 -0.0055135961277426645 0.00067541148869894069 0.013370579552048647 0.016376757089746667 -0.0030254266974503335
leaf_weight=50.960175290703773 420.611098960042 22.474393010139465 387.33668544888496 57.119065806269646 30.777662873268127 86.276838943362236
leaf_count=223 1868 98 1798 250 130 391
internal_value=-0.000118909 -0.00188705 0.00235774 0.00801811 -0.003473 0.00296351
internal_weight=1055.56 617.259 438.297 79.5935 537.666 117.055
internal_count=4758 2737 2021 348 2389 521
is_linear=0
shrinkage=0.03


Tree=148
num_leaves=7
num_cat=0
split_feature=66 9 73 26 73 57
split_gain=6.50062 8.10151 6.85543 5.65866 6.76166 5.48486
threshold=0.98834946751594555 39.500000000000007 0.32738099992275244 -0.028199999593198296 0.36851850152015692 -0.008540499955415724
decision_type=2 10 8 10 8 8
left_child=2 -2 5 -3 -5 -1
right_child=1 3 -4 4 -6 -7
leaf_value=-0.0021003050805330752 -0.0092445644613513445 -0.0074618430739903929 0.0011869276653770308 -0.0029049952208463512 0.018501863396454349 0.015162563580450376
leaf_weight=20.038467079401016 100.56476964056492 17.68906244635582 840.07133518159389 19.226944357156754 20.754762947559357 48.407600179314613
leaf_count=97 501 84 3711 93 97 223
internal_value=0.0010094 -0.00442605 0.00199397 0.00410081 0.00968587 0.0104852
internal_weight=1066.75 158.236 908.517 57.6708 39.9817 68.4461
internal_count=4806 775 4031 274 190 320
is_linear=0
shrinkage=0.03


Tree=149
num_leaves=7
num_cat=0
split_feature=47 6 83 15 16 2
split_gain=5.39878 7.23989 6.3039 10.5459 10.2916 13.0742
threshold=0.98399972915649425 0.12644815444946292 0.0045968173071742066 -0.13259999454021451 0.12184999883174898 0.92854997515678417
decision_type=2 10 2 10 10 10
left_child=2 -2 4 -4 -1 -6
right_child=1 -3 3 -5 5 -7
leaf_value=0.0014083005208179792 0.006052659949304838 -0.012658048950382335 -0.0012013235840721765 0.015956258234150957 0.0052817030077753693 -0.011236274675047734
leaf_weight=687.76897855103016 19.560476079583168 51.991501942276955 66.623571053147316 50.218197837471962 54.908353313803673 131.90763305127621
leaf_count=3187 82 221 276 209 248 566
internal_value=-5.57572e-06 -0.00742805 0.000598935 0.00684954 -0.000304118 -0.00635968
internal_weight=1062.98 71.552 991.427 116.842 874.585 186.816
internal_count=4789 303 4486 485 4001 814
is_linear=0
shrinkage=0.03


Tree=150
num_leaves=7
num_cat=0
split_feature=8 0 9 78 49 43
split_gain=6.6887 6.03282 5.19858 5.10163 8.26466 8.23267
threshold=3.5000000000000004 0.039450600743293769 8.5000000000000018 0.38476386666297918 -0.0095194997265934927 0.25697255134582525
decision_type=2 10 10 8 8 8
left_child=3 -2 -3 -1 -5 -6
right_child=1 2 -4 4 5 -7
leaf_value=0.0042895303622685187 -0.0070585728976909085 -0.0056355823549675901 0.011814293984397839 0.0089333217637808486 -0.0083425501675891758 0.00046485821411818576
leaf_weight=314.31315031647682 167.3675447255373 19.292826384305954 24.996584713459015 63.445860415697098 119.64630036056042 359.255570307374
leaf_count=1467 780 82 106 273 564 1544
internal_value=0.000124039 -0.00452764 0.00457507 0.00131232 -0.000459518 -0.00186117
internal_weight=1068.32 211.657 44.2894 856.661 542.348 478.902
internal_count=4816 968 188 3848 2381 2108
is_linear=0
shrinkage=0.03


Tree=151
num_leaves=7
num_cat=0
split_feature=43 33 43 56 84 6
split_gain=5.99504 10.4031 8.15515 8.00242 5.43966 5.88255
threshold=0.028169128112494949 0.00081523746484890591 0.052000833675265319 -0.0063193510286509982 0.021668067201972011 0.048114802688360221
decision_type=8 2 10 2 2 10
left_child=1 3 -2 -1 -4 -6
right_child=2 -3 4 -5 5 -7
leaf_value=0.0080801634489319069 -0.011490657384959064 0.017338707789495818 -0.010464849478063322 -0.012851073158539216 -0.0052730326119044277 0.0017820261784186411
leaf_weight=24.998522639274597 45.027865633368492 38.670449808239937 29.863352298736572 21.311952501535416 112.76724079251289 794.48927326500416
leaf_count=112 215 180 132 104 502 3562
internal_value=0.000428063 0.00762558 -0.000265288 -0.00212391 0.000389709 0.000857192
internal_weight=1067.13 84.9809 982.148 46.3105 937.12 907.257
internal_count=4807 396 4411 216 4196 4064
is_linear=0
shrinkage=0.03


Tree=152
num_leaves=7
num_cat=0
split_feature=86 70 82 82 49 77
split_gain=6.39826 6.32442 6.27923 5.07396 4.32875 6.52448
threshold=-3.4999999999999996 -0.0076787646394222966 0.98089998960495006 0.72529998421669017 0.017012500204145912 0.53171977400779735
decision_type=8 2 10 10 10 10
left_child=2 -2 3 -1 -3 -6
right_child=1 4 -4 -5 5 -7
leaf_value=0.007919698609222597 0.011903220665531792 -0.00053302521797940873 0.018410040674795007 -0.0088441494235587358 -0.015928422710341436 0.0038337511931131898
leaf_weight=28.602268472313881 25.196782931685448 918.35911363363266 22.437575340270996 18.152690693736076 29.988617420196533 18.916734978556633
leaf_count=125 111 4152 101 86 129 80
internal_value=4.84569e-05 -0.000600502 0.0082572 0.000999591 -0.00104469 -0.00893121
internal_weight=1061.65 992.461 69.1925 46.755 967.264 48.9054
internal_count=4784 4472 312 211 4361 209
is_linear=0
shrinkage=0.03


Tree=153
num_leaves=7
num_cat=0
split_feature=80 1 3 25 13 79
split_gain=5.4679 9.7457 7.21914 6.97127 9.05883 6.89416
threshold=0.21034999936819079 0.83880001306533825 0.32544130086898809 0.0047359999734908351 1.0784999728202822 0.41015844047069555
decision_type=8 8 2 10 10 8
left_child=1 2 -1 5 -5 -2
right_child=3 -3 -4 4 -6 -7
leaf_value=0.0022130907197683144 0.0058648367674979099 0.0076895255515330102 -0.0092672943513800819 0.0028231935116947182 0.018705597889150129 -0.002184892654420313
leaf_weight=64.043242394924164 111.38421988487244 48.195215940475464 164.68457265198231 193.88999167084694 30.146998509764671 444.35073262453079
leaf_count=307 491 241 839 836 129 1924
internal_value=3.58961e-05 -0.00351138 -0.00609476 0.00132416 0.00566831 -0.000496361
internal_weight=1056.69 276.923 228.728 779.772 224.037 555.735
internal_count=4767 1387 1146 3380 965 2415
is_linear=0
shrinkage=0.03


Tree=154
num_leaves=7
num_cat=0
split_feature=42 43 29 36 16 60
split_gain=4.85618 7.88234 8.2105 6.28468 5.87501 7.03577
threshold=0.91479390859603893 0.87549418210983287 0.87968152761459362 0.25830000638961798 0.03662999905645848 0.090635001659393324
decision_type=8 10 2 10 8 10
left_child=1 3 -3 -1 -2 -6
right_child=4 2 -4 -5 5 -7
leaf_value=-0.00029094091642755418 -0.0042939805852252599 -0.013179255261566753 0.0060750075071066096 0.011694078573683651 0.01658815304387613 -0.0031221986834588443
leaf_weight=857.75924089550972 27.16374146938324 68.958555653691292 20.06068579852581 31.254249140620232 43.124878823757172 19.505968764424324
leaf_count=3922 115 293 84 136 179 83
internal_value=1.39859e-06 -0.000635639 -0.00866494 0.000255796 0.00630836 0.0108648
internal_weight=1067.83 978.033 89.0192 889.013 89.7946 62.6308
internal_count=4812 4435 377 4058 377 262
is_linear=0
shrinkage=0.03


Tree=155
num_leaves=7
num_cat=0
split_feature=14 64 1 49 46 81
split_gain=5.43899 8.0926 7.16548 8.53253 10.0766 7.79886
threshold=0.0098656876944005507 34.625000000000007 0.61160001158714306 -0.0001399999964633025 -0.2122567221522331 4.4869821071624765
decision_type=2 8 10 8 10 10
left_child=2 -2 5 4 -4 -1
right_child=1 -3 3 -5 -6 -7
leaf_value=-0.0019871263899784455 -0.0089682548746732073 0.00450350550110332 -0.0060927471507498266 -0.0099270857004935698 0.0090464927814778301 0.0068426521776214881
leaf_weight=209.24495366215706 35.210178807377815 397.2655169069767 81.493512496352196 130.25665572285652 59.750169545412064 143.79002431035042
leaf_count=956 159 1743 394 583 271 659
internal_value=0.00068091 0.0032288 -0.00110652 -0.00468487 0.000486285 0.00169864
internal_weight=1057.01 432.476 624.535 271.5 141.244 353.035
internal_count=4765 1902 2863 1248 665 1615
is_linear=0
shrinkage=0.03


Tree=156
num_leaves=7
num_cat=0
split_feature=29 20 3 5 66 78
split_gain=7.15621 5.97856 8.1833 8.20242 7.73414 7.10738
threshold=0.10000160336494447 0.007241500075906516 0.41024562716484075 0.55596339702606212 0.99599996209144603 0.46337234973907476
decision_type=2 8 2 10 2 10
left_child=-1 5 3 -3 -4 -2
right_child=1 2 4 -5 -6 -7
leaf_value=-0.0065472308714075644 0.0028406644984913347 -0.0031136586301849876 0.0086980085286097741 0.012463918339648265 -0.008477038627916586 -0.0043946045254284602
leaf_weight=111.67383690178394 212.05790965259075 187.33688758313656 230.70584447681904 25.996816903352737 18.235260933637619 262.97766540944576
leaf_count=535 998 830 1010 117 90 1154
internal_value=0.000305074 0.00118197 0.00357532 -0.00074229 0.00716113 -0.00117277
internal_weight=1048.98 937.31 462.275 213.334 248.941 475.036
internal_count=4734 4199 2047 947 1100 2152
is_linear=0
shrinkage=0.03


Tree=157
num_leaves=7
num_cat=0
split_feature=3 84 6 45 12 61
split_gain=4.86131 5.38177 8.77488 7.88798 10.3467 9.66922
threshold=0.71747690439224254 0.9689319133758546 0.17665668576955798 0.0086090965196490305 0.38459999859333044 -0.050759999081492417
decision_type=2 2 10 2 10 10
left_child=1 3 -3 -1 5 -5
right_child=-2 2 -4 4 -6 -7
leaf_value=-0.001543638679526102 0.0080916574833806848 0.0037816023359781531 -0.013157912720245355 -0.00014857530585956954 -0.002019683913082819 0.020514895724805839
leaf_weight=771.47662875056267 45.215225875377655 37.474277973175049 65.800031930208206 32.299791812896729 77.900751307606697 44.578696936368942
leaf_count=3570 196 156 278 134 328 185
internal_value=-0.000591398 -0.00104691 -0.00722001 -0.000288872 0.00567948 0.0128155
internal_weight=1074.75 1029.53 103.274 926.256 154.779 76.8785
internal_count=4847 4651 434 4217 647 319
is_linear=0
shrinkage=0.03


Tree=158
num_leaves=7
num_cat=0
split_feature=66 2 24 12 4 43
split_gain=5.56921 9.78397 6.25112 6.24273 11.8071 11.1993
threshold=0.013776034116744997 1.560499966144562 0.0046990001574158677 0.4723500013351441 1.0000000180025095e-35 0.31383949518203741
decision_type=2 8 10 8 10 10
left_child=1 2 -1 4 -2 -6
right_child=3 -3 -4 -5 5 -7
leaf_value=0.014475046291695598 -0.010617809306308974 -0.0036887026138279163 -0.00083707595982060771 0.00056194599740543158 -0.012632752602085323 0.0077015414355299681
leaf_weight=73.470316514372826 133.6614920347929 69.636483088135719 32.205304712057114 655.39398458600044 23.509911835193634 81.239968046545982
leaf_count=306 570 292 135 3066 106 342
internal_value=6.5456e-06 0.00474417 0.0101396 -0.000964908 -0.00501589 0.00243456
internal_weight=1069.12 175.312 105.676 893.805 238.411 104.75
internal_count=4817 733 441 4084 1018 448
is_linear=0
shrinkage=0.03


Tree=159
num_leaves=7
num_cat=0
split_feature=12 22 26 9 12 38
split_gain=5.1927 9.08786 11.4815 5.61977 5.54315 6.72773
threshold=0.3660500049591065 0.012949999887496235 -0.021379999816417691 1524.0000000000002 0.39600001275539404 0.0027280000504106288
decision_type=10 10 8 8 10 10
left_child=1 2 3 -1 -2 -6
right_child=4 -3 -4 -5 5 -7
leaf_value=0.0038280987796925686 -0.010316422399798247 -0.011168988422888083 0.0015508123410895962 0.022494820381712452 -0.001301450574191233 0.0092200508880504149
leaf_weight=29.384901717305183 45.38945135474205 25.389869377017021 219.57793909311295 32.821023672819138 667.25614403188229 49.523479774594307
leaf_count=124 193 107 932 136 3124 206
internal_value=0.000158205 0.00338863 0.00503816 0.0154284 -0.00117076 -0.000457643
internal_weight=1069.34 307.174 281.784 62.2059 762.169 716.78
internal_count=4822 1299 1192 260 3523 3330
is_linear=0
shrinkage=0.03


Tree=160
num_leaves=7
num_cat=0
split_feature=6 44 6 68 77 6
split_gain=5.10255 9.40985 9.22888 7.38639 7.26886 9.99948
threshold=0.14320906251668933 -0.00075549999019131054 0.27288256585597997 -0.0010561524541117249 0.090997088700532927 0.46130815148353582
decision_type=10 10 10 2 10 10
left_child=-1 2 -2 -4 -5 -6
right_child=1 -3 3 4 5 -7
leaf_value=0.0026949947728955505 -0.0041102463749488867 -0.0050607606589221912 -0.0049918247061510133 0.0018374550499190077 0.021491495816161905 0.00069383479599212166
leaf_weight=342.88839408755302 136.22141548991203 358.06038583815098 40.385895848274231 86.900456413626671 49.677444323897362 32.996460810303688
leaf_count=1546 641 1569 181 418 222 144
internal_value=-0.000258924 -0.00171475 0.00179099 0.00563248 0.00829985 0.0141614
internal_weight=1047.13 704.242 346.182 209.96 169.574 82.6739
internal_count=4721 3175 1606 965 784 366
is_linear=0
shrinkage=0.03


Tree=161
num_leaves=7
num_cat=0
split_feature=21 40 73 51 22 21
split_gain=4.95286 4.73411 6.01538 4.47268 7.25656 9.06792
threshold=-0.017249999567866322 -0.55303314328193653 0.25462949275970465 0.62119901180267345 0.0090660001151263731 0.0058630001731216916
decision_type=8 10 10 10 10 10
left_child=-1 2 -2 -4 5 -5
right_child=1 -3 3 4 -6 -7
leaf_value=-0.0086214830474213317 0.0094916532908015886 -0.010130756390325056 -0.0017058570389855941 0.0074705612126901855 -0.0063715829752184639 -0.0035282886916078561
leaf_weight=50.849668771028519 53.892334535717964 28.530622139573097 559.85796554386616 222.98987260460854 59.880908906459808 87.982529506087303
leaf_count=236 239 126 2568 978 263 391
internal_value=-0.000308206 0.000189228 0.000587118 -2.39115e-05 0.00249335 0.00434571
internal_weight=1063.98 1013.13 984.604 930.711 370.853 310.972
internal_count=4801 4565 4439 4200 1632 1369
is_linear=0
shrinkage=0.03


Tree=162
num_leaves=7
num_cat=0
split_feature=4 25 65 61 47 42
split_gain=5.62184 6.82383 5.02883 4.60665 6.22727 5.85713
threshold=0.65906086564064037 -0.0026080000679939981 0.54648953676223766 -0.068704999983310686 0.98622396588325512 0.82985961437225353
decision_type=10 8 2 8 2 10
left_child=2 -2 3 -1 -5 -6
right_child=1 -3 -4 4 5 -7
leaf_value=-0.0084689165652403961 0.0058413770118866774 -0.0087974157461765106 -0.011472372951842655 0.0022849943194501029 0.0043083896808641308 -0.013642208255219957
leaf_weight=32.963411420583725 29.949248000979424 110.06246913969517 19.342453077435493 821.31104961037636 19.824284180998802 34.413476124405861
leaf_count=142 141 514 98 3695 84 147
internal_value=-9.39116e-05 -0.00548544 0.000769476 0.00115217 0.00160594 -0.00743182
internal_weight=1067.87 140.012 927.855 908.512 875.549 54.2378
internal_count=4821 655 4166 4068 3926 231
is_linear=0
shrinkage=0.03


Tree=163
num_leaves=7
num_cat=0
split_feature=55 13 49 42 83 6
split_gain=5.60153 5.47037 9.87791 9.66144 8.38186 8.35263
threshold=-0.0048869820311665526 0.98544999957084667 0.0033204999053850774 0.59260690212249767 0.0019229952013120057 0.092202264815568938
decision_type=2 10 8 10 2 10
left_child=-1 2 -2 -4 -5 -3
right_child=1 5 3 4 -6 -7
leaf_value=-0.0058403561542853845 0.0065325868345296901 0.0056322962158729135 -0.0093065831509402935 0.013715114402944283 -0.0025828892574054035 -0.0036501298636540691
leaf_weight=119.20306983590126 281.85201722383499 104.74000376462936 82.825576782226562 35.940727084875107 67.851535469293594 358.44520972669125
leaf_count=559 1249 478 360 150 283 1665
internal_value=1.73869e-05 0.000820934 0.00307576 -0.00221185 0.00377003 -0.00147643
internal_weight=1050.86 931.655 468.47 186.618 103.792 463.185
internal_count=4744 4185 2042 793 433 2143
is_linear=0
shrinkage=0.03


Tree=164
num_leaves=7
num_cat=0
split_feature=28 52 21 9 62 16
split_gain=4.99012 7.99252 7.86878 6.04629 8.16109 10.6336
threshold=0.23143768310546878 0.0067048445343971261 -0.018339999951422211 38.500000000000007 0.58705022931098949 0.15085000544786456
decision_type=8 2 8 8 10 10
left_child=1 2 -1 -4 -5 -6
right_child=-2 -3 3 4 5 -7
leaf_value=-0.014240299837927758 -0.0038910083892446908 0.013144307932796353 -0.0018058943821152545 -2.26612393847314e-05 0.011902534489820739 -0.0032475282930175468
leaf_weight=21.009157031774521 195.2976351082325 38.492309063673019 349.40731203556061 276.15442891418934 142.72118224203587 52.34826996922493
leaf_count=102 845 162 1661 1216 640 224
internal_value=0.000328679 0.0012982 0.000608444 0.00115545 0.00334316 0.0078768
internal_weight=1075.43 880.133 841.64 820.631 471.224 195.069
internal_count=4850 4005 3843 3741 2080 864
is_linear=0
shrinkage=0.03


Tree=165
num_leaves=7
num_cat=0
split_feature=38 20 42 33 13 20
split_gain=6.12301 9.20472 8.72364 8.00441 6.35441 6.17439
threshold=-0.00012999999307794494 -0.029055000282824036 0.13704153895378116 0.00025122547231148934 0.99404999613761913 0.001875499961897731
decision_type=8 8 10 2 10 10
left_child=1 4 -2 5 -1 -3
right_child=2 3 -4 -5 -6 -7
leaf_value=0.0043773526938686805 -0.010835514194196675 0.0090412333920059772 -0.00031301289615146157 0.012912296039986577 -0.012782944820165034 -0.0060526256109086803
leaf_weight=28.39996637403965 68.472492948174477 31.951400101184845 742.85024815797806 95.143202170729637 32.928671419620514 48.291058704257011
leaf_count=132 333 147 3288 439 160 227
internal_value=-7.7963e-05 0.00406727 -0.00132219 0.00746616 -0.00533677 0.000293414
internal_weight=1048.04 236.714 811.323 175.386 61.3286 80.2425
internal_count=4726 1105 3621 813 292 374
is_linear=0
shrinkage=0.03


Tree=166
num_leaves=7
num_cat=0
split_feature=80 21 51 6 25 21
split_gain=5.17858 8.59424 9.14201 6.81902 6.77886 5.55102
threshold=0.20910000056028369 0.0085260001942515391 0.95758444070816051 0.071385387331247344 0.00044199998956173664 0.019350000657141212
decision_type=8 10 10 10 10 10
left_child=1 2 3 -1 -3 -2
right_child=5 4 -4 -5 -6 -7
leaf_value=0.003271693975293948 0.0013765064910147473 -0.007570330947037413 0.0072173609327703071 -0.011761694256793446 0.010847617945660214 -0.0090703576802072736
leaf_weight=28.142887949943542 748.20821765065193 18.425860390067101 27.990857139229774 150.74025385081768 44.422371789813042 38.776288703083992
leaf_count=142 3247 92 125 777 215 168
internal_value=-0.000482956 -0.00399122 -0.00687769 -0.00934856 0.00514988 0.000754419
internal_weight=1056.71 269.722 206.874 178.883 62.8482 786.985
internal_count=4766 1351 1044 919 307 3415
is_linear=0
shrinkage=0.03


Tree=167
num_leaves=7
num_cat=0
split_feature=33 35 16 22 7 42
split_gain=5.77831 5.0634 9.5692 8.18632 6.68724 5.62217
threshold=-0.0052184530068188897 0.03865999914705754 0.0034704999998211865 -0.004367999965324997 1.2861306667327883 0.032063378021121032
decision_type=2 10 10 10 2 8
left_child=-1 5 3 -3 -4 -2
right_child=1 2 4 -5 -6 -7
leaf_value=0.008632041997430933 0.0061429317980495821 -0.016701877725075663 -0.0038454776695814328 0.003377668478045047 0.01334274181099804 -0.0015537064475202986
leaf_weight=71.64109343290329 86.654804095625877 18.540652424097061 20.96457239985466 43.712096244096756 86.912012338638306 730.28788234293461
leaf_count=305 402 90 97 199 378 3311
internal_value=0.000960988 0.000323238 0.00487837 -0.0040865 0.00995956 -0.000672896
internal_weight=1058.71 987.072 170.129 62.2527 107.877 816.943
internal_count=4782 4477 764 289 475 3713
is_linear=0
shrinkage=0.03


Tree=168
num_leaves=7
num_cat=0
split_feature=38 4 59 22 7 82
split_gain=4.87287 4.99216 7.85734 10.0754 8.02206 5.45819
threshold=0.0099849998950958269 0.65906086564064037 0.012107875198125841 -0.0057620001025497905 1.7737329602241518 0.6585499942302705
decision_type=10 8 10 10 2 10
left_child=1 2 5 4 -4 -1
right_child=-2 -3 3 -5 -6 -7
leaf_value=0.0036393190669418824 -0.012288896337545244 -0.0051318362809329165 -0.011881373271347842 0.011278153439338861 0.0074868380497262318 -0.0021360282143654211
leaf_weight=192.67897401750088 19.902522847056389 137.00432354211807 32.242009922862053 113.81871239840984 26.253789275884628 530.06749302148819
leaf_count=834 84 641 144 500 114 2435
internal_value=-0.000350178 -4.23051e-06 0.000828666 0.00639543 -0.00336469 -0.000567708
internal_weight=1051.97 1032.07 895.061 172.315 58.4958 722.746
internal_count=4752 4668 4027 758 258 3269
is_linear=0
shrinkage=0.03


Tree=169
num_leaves=7
num_cat=0
split_feature=2 8 23 9 79 76
split_gain=4.45072 4.58172 6.7526 6.18321 7.64801 6.53061
threshold=0.5181500017642976 1.0000000180025095e-35 -0.010455000214278696 2678.5000000000005 0.96571063995361339 0.61705002188682567
decision_type=8 2 8 8 10 8
left_child=-1 2 -2 5 -5 -3
right_child=1 3 -4 4 -6 -7
leaf_value=-0.0075447321542365074 0.012152887846978253 -0.0018302614249531023 0.00064102176423401665 -0.010691122896492008 0.001822217718820694 0.0042445065170071171
leaf_weight=59.869576528668404 56.003218069672585 388.81760941445827 154.2588419765234 98.565431356430054 69.591804921627045 255.44055043160915
leaf_count=292 246 1809 691 426 292 1137
internal_value=-0.000218437 0.000279365 0.00411974 -0.000752575 -0.00570088 0.000606372
internal_weight=1082.55 1022.68 210.262 812.415 168.157 644.258
internal_count=4893 4601 937 3664 718 2946
is_linear=0
shrinkage=0.03


Tree=170
num_leaves=7
num_cat=0
split_feature=57 76 61 49 45 43
split_gain=5.48922 8.15347 5.51729 5.0086 5.56875 9.40671
threshold=-0.032095000147819512 0.69445002079010021 -0.071529999375343309 0.016320500522851947 0.0089016919955611246 0.8640771508216859
decision_type=8 10 8 10 2 10
left_child=1 -1 -2 4 -4 -6
right_child=2 -3 3 -5 5 -7
leaf_value=-0.012964073433487294 -0.010992186555637749 0.0063346789781812763 -6.4849044634241062e-05 -0.0077291544140189522 0.01235050152158796 -0.00090839568915105815
leaf_weight=57.193509042263031 28.576136082410812 20.811941012740135 731.02118909358978 51.394491508603096 85.398236557841301 94.682058662176132
leaf_count=277 123 94 3363 220 353 396
internal_value=-0.000499883 -0.00768041 0.000136359 0.000576394 0.00112373 0.00569824
internal_weight=1069.08 78.0055 991.072 962.496 911.101 180.08
internal_count=4826 371 4455 4332 4112 749
is_linear=0
shrinkage=0.03


Tree=171
num_leaves=7
num_cat=0
split_feature=57 76 57 22 81 9
split_gain=4.77173 11.4381 6.17501 8.5279 6.25585 9.48633
threshold=-0.032095000147819512 0.69445002079010021 0.001812500006053597 -0.0065230000764131537 5.6724846363067636 43.500000000000007
decision_type=8 10 8 10 10 10
left_child=1 -1 3 -2 -4 -6
right_child=2 -3 4 -5 5 -7
leaf_value=-0.013127430763078049 0.013834413469546366 0.0090840333372721096 -0.0016452524342904331 0.0015229716941532461 0.010741601561940855 -0.0045775947889670548
leaf_weight=54.076200112700462 62.133016228675842 22.553509131073952 608.31122510135174 180.0871470272541 87.943473771214485 50.672107398509979
leaf_count=263 290 102 2680 862 395 225
internal_value=0.000463884 -0.00629621 0.00104537 0.00510433 -0.000320957 0.00521034
internal_weight=1065.78 76.6297 989.147 242.22 746.927 138.616
internal_count=4817 365 4452 1152 3300 620
is_linear=0
shrinkage=0.03


Tree=172
num_leaves=7
num_cat=0
split_feature=77 49 69 56 53 29
split_gain=5.88622 7.96393 10.038 7.70599 9.11363 6.62011
threshold=0.27951389551162725 0.0045074999798089274 0.0019323162850923838 0.0087582347914576548 0.012867872603237631 0.87968152761459362
decision_type=10 10 2 2 2 2
left_child=1 3 -3 5 -5 -1
right_child=-2 2 -4 4 -6 -7
leaf_value=-0.0022418726768875536 0.0041466881208755023 -0.011832121392372318 0.0023212310209432992 0.017953310082475426 -0.0023733230730869468 0.0067790056686606913
leaf_weight=546.4819769859314 195.88830459117889 116.75151918828487 65.583983883261681 33.985314458608627 32.413979753851891 74.492785394191742
leaf_count=2607 824 511 282 141 135 320
internal_value=-0.000424231 -0.00148919 -0.00688532 2.04126e-05 0.00901867 -0.00106943
internal_weight=1065.6 869.71 182.336 687.374 66.3993 620.975
internal_count=4820 3996 793 3203 276 2927
is_linear=0
shrinkage=0.03


Tree=173
num_leaves=7
num_cat=0
split_feature=17 28 55 77 77 28
split_gain=6.38478 5.07902 8.55928 9.03393 8.85467 8.46572
threshold=-0.11535000056028365 0.22871137410402301 -0.0002125644023180939 0.25746841728687292 0.048375664278864867 0.34787635505199438
decision_type=8 8 2 10 10 10
left_child=-1 2 3 4 -2 -3
right_child=1 5 -4 -5 -6 -7
leaf_value=-0.012951348908101432 0.0050504079290849121 -0.010311053124773477 0.0043111811597634567 0.010136517742757221 -0.0055004384361783537 0.0019673381235676074
leaf_weight=23.341323018074036 84.322087123990059 86.875446170568466 429.81067124009132 42.466925010085106 302.37494175136089 100.10732299089432
leaf_count=102 406 386 1896 181 1429 426
internal_value=-2.59274e-05 0.000382432 0.00136494 -0.00161671 -0.00313043 -0.00397126
internal_weight=1069.3 1045.96 858.975 429.164 386.697 186.983
internal_count=4826 4724 3912 2016 1835 812
is_linear=0
shrinkage=0.03


Tree=174
num_leaves=7
num_cat=0
split_feature=75 14 80 5 4 20
split_gain=5.98298 6.58714 8.1441 5.29724 5.16981 5.93824
threshold=10.860000133514406 0.0078060682862997064 0.32074999809265142 0.15049355477094653 0.46459251642227178 -0.017754999920725819
decision_type=8 2 10 10 10 10
left_child=1 3 4 -1 5 -3
right_child=-2 2 -4 -5 -6 -7
leaf_value=0.00028463715031235449 0.00025190424623558878 -0.0039941143656936073 -0.011862601623690608 -0.019445451080999068 -0.0058497769579345252 0.014678822964677797
leaf_weight=16.695030063390732 902.21472541987896 17.833356633782387 34.007248103618622 33.199396669864655 24.856448888778687 35.22137813270092
leaf_count=80 4046 85 146 164 124 164
internal_value=-0.000722475 -0.00585375 -0.00142157 -0.0138983 0.00396678 0.00876424
internal_weight=1064.03 161.813 111.918 49.8944 77.9112 53.0547
internal_count=4809 763 519 244 373 249
is_linear=0
shrinkage=0.03


Tree=175
num_leaves=7
num_cat=0
split_feature=0 46 48 83 35 56
split_gain=7.50607 5.96516 5.70147 11.9734 5.6872 5.53611
threshold=0.016302006319165233 -0.50621688365936268 -0.0030920000281184907 -0.0057068574242293826 0.041629999876022346 -0.012004729360342024
decision_type=10 10 10 2 10 2
left_child=4 2 -2 -4 -1 -3
right_child=1 5 3 -5 -6 -7
leaf_value=-0.012539161905283765 0.018403044062981818 -0.010895559687253802 -0.0078092981030401304 0.012871626706974667 0.0034123689265167928 0.00059133353789340743
leaf_weight=57.874734610319138 21.270542174577713 29.519549027085304 40.545052379369736 40.922724306583405 23.479059040546417 838.7652010768652
leaf_count=323 90 133 174 183 117 3734
internal_value=0.000160655 0.000925081 0.00741727 0.00285059 -0.00806589 8.11989e-05
internal_weight=1052.38 971.023 102.738 81.4678 81.3538 868.285
internal_count=4754 4314 447 357 440 3867
is_linear=0
shrinkage=0.03


Tree=176
num_leaves=7
num_cat=0
split_feature=12 85 57 23 17 78
split_gain=5.85679 8.17387 6.536 4.48469 4.83053 7.85271
threshold=0.31759999692440039 -0.00032749999081715936 -0.0073270001448690883 -0.024384999647736546 0.10675000026822092 0.96491214632987987
decision_type=8 8 10 8 10 10
left_child=1 -1 -3 -2 5 -5
right_child=3 2 -4 4 -6 -7
leaf_value=-0.0056587837012275349 -0.0082396897934997049 0.018662551659369104 -0.0011429758534156171 -0.00032970005925832345 -0.0060556903040967364 0.010052029252780004
leaf_weight=25.43474617600441 57.591588139533997 38.074138760566711 20.196259438991547 768.20744977891445 102.9833816587925 61.639594212174416
leaf_count=110 265 157 86 3546 443 255
internal_value=-0.000106466 0.00706637 0.0126361 -0.00077725 -0.000234023 0.000551944
internal_weight=1074.13 83.7051 58.2704 990.422 932.83 829.847
internal_count=4862 353 243 4509 4244 3801
is_linear=0
shrinkage=0.03


Tree=177
num_leaves=7
num_cat=0
split_feature=44 4 21 33 16 15
split_gain=4.47785 9.35266 11.4304 8.12948 6.85381 6.57578
threshold=-0.0021044999593868847 0.46459251642227178 -0.0091005000285804254 0.00067760323872789751 0.013959999661892654 -0.082809999585151658
decision_type=8 8 8 2 10 10
left_child=1 2 -1 -3 -5 -4
right_child=-2 3 5 4 -6 -7
leaf_value=-0.0048877826915868236 -0.0016472786786095267 -0.010396853647552329 0.0052019796278271226 -0.0052927103709220899 0.011793050992402113 0.017461785860807811
leaf_weight=67.805852025747299 649.65037806332111 70.896466910839081 167.0036484003067 34.212691351771355 31.780859366059303 48.755477130413055
leaf_count=316 2883 339 765 163 150 225
internal_value=-9.49269e-05 0.00228618 0.00533595 -0.00396453 0.00340448 0.00862311
internal_weight=1070.11 420.455 283.565 136.89 65.9936 215.759
internal_count=4841 1958 1306 652 313 990
is_linear=0
shrinkage=0.03


Tree=178
num_leaves=7
num_cat=0
split_feature=17 75 56 71 14 15
split_gain=5.1615 4.97166 5.1953 9.05832 7.07354 8.5155
threshold=-0.11535000056028365 10.860000133514406 0.0025252965278923516 0.98434436321258556 0.0090107205323874968 -0.14385000616312024
decision_type=8 10 2 2 2 8
left_child=-1 2 3 -2 5 -4
right_child=1 -3 4 -5 -6 -7
leaf_value=-0.011424929698296947 -0.012689568919274032 0.001740389486599811 0.0086030922797681528 0.0023362281220494639 0.0084664434692880864 -0.01203353974758151
leaf_weight=23.423072472214699 80.453526347875595 777.51853911578655 19.102290734648705 55.619886294007301 56.653142750263214 41.172657370567322
leaf_count=102 385 3509 82 271 236 178
internal_value=0.00018151 0.000552582 -0.00302514 -0.00680831 0.001567 -0.00519984
internal_weight=1053.94 1030.52 253.002 136.073 116.928 60.2749
internal_count=4763 4661 1152 656 496 260
is_linear=0
shrinkage=0.03


Tree=179
num_leaves=7
num_cat=0
split_feature=67 21 3 69 10 22
split_gain=4.83812 7.65861 6.06906 5.98001 5.59581 8.73789
threshold=0.32450738549232488 -0.0092420000582933409 0.29883110523223883 -0.0026845112442970272 15.500000000000002 0.00019265000446466732
decision_type=2 8 2 2 2 10
left_child=1 -1 -2 4 5 -3
right_child=2 3 -4 -5 -6 -7
leaf_value=-0.011328080539118891 0.0094042229957367138 -0.0029021712397412944 -0.00034624808058770622 -0.010966257789458615 -0.006717907069771099 0.0090297698941786061
leaf_weight=79.914757564663887 53.261848092079163 107.85258582234383 619.46404795348644 38.861685082316399 63.595022156834602 95.945619001984596
leaf_count=370 230 488 2796 186 290 434
internal_value=-0.000989041 -0.00362006 0.000552166 -0.00131412 0.000433434 0.00287484
internal_weight=1058.9 386.17 672.726 306.255 267.393 203.798
internal_count=4794 1768 3026 1398 1212 922
is_linear=0
shrinkage=0.03


Tree=180
num_leaves=7
num_cat=0
split_feature=47 6 45 49 14 49
split_gain=5.76837 6.85386 6.4911 8.51513 7.55671 4.8523
threshold=0.98399972915649425 0.12644815444946292 0.020646130666136745 0.010000499896705152 0.0092103793285787123 0.0077365001197904357
decision_type=2 10 2 10 2 10
left_child=2 -2 3 5 -5 -1
right_child=1 -3 -4 4 -6 -7
leaf_value=0.0005330584947264988 0.0052623040582140609 -0.012985298407739879 0.013803362164966334 0.0028473332496720622 -0.015341648493331946 0.010090944884558698
leaf_weight=849.44419364631176 20.314136609435081 49.709651067852974 22.788417622447014 28.211534813046455 45.909476414322853 40.760853245854378
leaf_count=3897 85 213 94 122 198 175
internal_value=5.4521e-05 -0.00769553 0.000675957 0.000227251 -0.00890316 0.00107793
internal_weight=1057.14 70.0238 987.114 964.326 74.121 890.205
internal_count=4784 298 4486 4392 320 4072
is_linear=0
shrinkage=0.03


Tree=181
num_leaves=7
num_cat=0
split_feature=86 23 81 9 23 80
split_gain=6.30033 6.39829 7.26947 7.45179 7.84312 7.41637
threshold=-3.4999999999999996 0.001875500020105392 7.27012062072754 1.5000000000000002 -0.003777000005356967 0.32220000028610235
decision_type=8 8 10 10 10 10
left_child=-1 2 3 -2 -5 -6
right_child=1 -3 -4 4 5 -7
leaf_value=0.0084704851949589134 0.011632861206471475 -0.0023955981777168665 -0.0094677239864172438 -0.0017022027480032491 0.012667235761385296 -0.0024115300421205738
leaf_weight=70.665832355618477 72.502423971891403 549.62133255600929 33.059110134840012 229.01984140276909 74.61887027323246 40.679492756724358
leaf_count=321 306 2485 157 1048 349 172
internal_value=0.000405058 -0.000243436 0.00238079 0.00352033 0.00153199 0.00757929
internal_weight=1070.17 999.501 449.88 416.821 344.318 115.298
internal_count=4838 4517 2032 1875 1569 521
is_linear=0
shrinkage=0.03


Tree=182
num_leaves=7
num_cat=0
split_feature=60 26 71 44 45 21
split_gain=4.7854 8.77559 6.66906 6.87255 6.9943 6.43441
threshold=0.017764999531209472 -0.025439999997615811 0.99605521559715282 0.0047110000159591445 -0.0060636794660240403 0.0091130002401769179
decision_type=10 10 2 8 2 10
left_child=-1 5 3 4 -3 -2
right_child=1 2 -4 -5 -6 -7
leaf_value=-0.0022651773413919409 0.0036046724906756236 -0.0036159297885368798 -0.012457730532135959 -0.0054976274207141716 0.0090622961097833864 0.017740731755318293
leaf_weight=622.20373684167862 133.35586689412594 56.262385502457619 32.441667675971985 96.738120347261429 92.646835640072823 30.129745244979858
leaf_count=2840 591 260 148 416 425 132
internal_value=-0.00058512 0.00177992 -0.00147495 0.000406065 0.00434598 0.00708233
internal_weight=1063.78 441.575 278.089 245.647 148.909 163.486
internal_count=4812 1972 1249 1101 685 723
is_linear=0
shrinkage=0.03


Tree=183
num_leaves=7
num_cat=0
split_feature=44 85 75 63 85 49
split_gain=4.47433 7.0519 6.74739 6.79926 12.5955 9.37133
threshold=0.00064949999796226632 6.0499998653540395e-05 18.069999694824222 0.065795000642538085 -0.0018045000033453105 -0.0027315000770613547
decision_type=10 10 10 8 8 10
left_child=2 -2 3 4 -1 -6
right_child=1 -3 -4 -5 5 -7
leaf_value=0.011127266658951711 -0.0071077904450196116 0.00076202997348517832 -0.0058078719651503763 0.0077205838908924861 -0.00633890263619802 0.0042427080782898498
leaf_weight=71.957319363951683 147.82245865464211 287.45756383240223 79.034737646579742 179.99403142929077 177.15733514726162 117.15905769169331
leaf_count=321 669 1223 351 800 850 587
internal_value=0.000298672 -0.00201019 0.00191224 0.00311352 0.000704507 -0.00212566
internal_weight=1060.58 435.28 625.302 546.268 366.274 294.316
internal_count=4801 1892 2909 2558 1758 1437
is_linear=0
shrinkage=0.03


Tree=184
num_leaves=7
num_cat=0
split_feature=67 5 14 34 33 44
split_gain=5.02701 8.06557 7.44984 6.40573 6.79947 7.94872
threshold=0.33060109615325933 0.21183498203754428 0.011377970222383739 -0.0076661878265440455 1.0000000180025095e-35 -0.0005895000067539512
decision_type=2 10 2 2 2 10
left_child=1 -1 3 -3 5 -5
right_child=-2 2 -4 4 -6 -7
leaf_value=-0.0076628162055402621 0.0010303276846635732 0.010159876943832996 0.012240764615127835 -0.016926751656624474 0.0013372337914898285 0.003691960844366645
leaf_weight=180.95161598920822 673.16918852925301 24.121830344200134 31.888727784156799 44.158626571297646 87.499615520238876 19.939342081546783
leaf_count=820 3022 103 141 212 409 89
internal_value=-0.000537198 -0.00321061 0.000843758 -0.00177225 -0.00418209 -0.0108801
internal_weight=1061.73 388.56 207.608 175.719 151.598 64.098
internal_count=4796 1774 954 813 710 301
is_linear=0
shrinkage=0.03


Tree=185
num_leaves=7
num_cat=0
split_feature=24 48 46 35 65 33
split_gain=5.76734 7.34647 5.90185 8.83714 6.95536 9.74719
threshold=0.011669999919831755 -0.00082950000069104124 -0.42185029387474055 -0.051359999924898141 0.54042360186576854 8.9281918917549788e-05
decision_type=10 8 8 10 2 2
left_child=2 -2 3 -1 5 -5
right_child=1 -3 -4 4 -6 -7
leaf_value=-0.0071224055264914165 0.018278767842005068 -0.0012485142643699108 -0.0020257613717377899 0.0019054386033211361 -0.0046614361496573097 0.020018710732427232
leaf_weight=40.044180616736412 22.772908464074135 34.309431284666061 828.49162720143795 56.092521667480469 26.465840891003609 45.531085044145584
leaf_count=176 102 155 3745 257 127 204
internal_value=-0.000417106 0.00810537 -0.000980907 0.00399238 0.00773131 0.0110872
internal_weight=1053.71 57.0823 996.625 168.134 128.089 101.624
internal_count=4766 257 4509 764 588 461
is_linear=0
shrinkage=0.03


Tree=186
num_leaves=7
num_cat=0
split_feature=67 69 59 3 3 5
split_gain=6.4506 7.22715 7.29644 7.74446 10.041 6.85029
threshold=0.34454494714736944 -0.0016276740934699772 0.00057456846116110693 0.41024562716484075 0.54634818434715282 0.22287801653146747
decision_type=2 2 10 2 2 10
left_child=-1 -2 5 -4 -5 -3
right_child=1 2 3 4 -6 -7
leaf_value=-0.0035553151293688944 0.0082519181892964522 0.00086037690054887033 -0.0057991165536276533 0.012304442474971334 -0.00052643270318055845 -0.0084807191817403687
leaf_weight=420.01233793795109 98.515101656317711 143.83094769716263 57.811513632535934 99.476064994931221 108.5168538838625 125.80089731514454
leaf_count=1925 443 620 261 451 507 562
internal_value=-0.000715536 0.0011919 -0.000234551 0.00323201 0.00589308 -0.00364528
internal_weight=1053.96 633.951 535.436 265.804 207.993 269.632
internal_count=4769 2844 2401 1219 958 1182
is_linear=0
shrinkage=0.03


Tree=187
num_leaves=7
num_cat=0
split_feature=20 5 75 35 6 61
split_gain=5.81024 5.44544 5.12243 5.84988 5.09278 5.0807
threshold=-0.082189999520778642 0.74643993377685558 10.860000133514406 0.039004998281598098 0.34283910691738134 -0.0093590002506971342
decision_type=8 8 8 10 10 10
left_child=4 2 3 -2 -1 -4
right_child=1 -3 5 -5 -6 -7
leaf_value=-0.013366559138378212 -0.0081830476209214815 0.011842921637416702 -0.0018446705887858036 0.003893253740536225 0.0024786503049915028 0.0028682589377294438
leaf_weight=44.602758154273033 118.8619551807642 24.888267397880554 363.12773124873638 43.234410658478737 23.317071437835693 450.55368030071259
leaf_count=209 573 116 1602 198 104 2046
internal_value=-0.000415942 0.000196544 -0.000217634 -0.00492299 -0.00830687 0.000768124
internal_weight=1068.59 1000.67 975.778 162.096 67.9198 813.681
internal_count=4848 4535 4419 771 313 3648
is_linear=0
shrinkage=0.03


Tree=188
num_leaves=7
num_cat=0
split_feature=64 78 48 44 46 14
split_gain=4.28811 6.86645 7.13862 5.62659 7.28173 6.73925
threshold=72.419998168945327 0.9689319133758546 0.0019315000390633943 0.024976999498903755 0.47388975322246557 0.0091291517019271868
decision_type=10 10 8 10 10 2
left_child=1 3 -3 4 -1 -6
right_child=-2 2 -4 -5 5 -7
leaf_value=-0.00067363328084462564 -0.0081608438125482657 0.012970446707200595 -0.0052708725821012312 -0.012735821257203635 -0.0025808014934153175 0.015510787193823252
leaf_weight=841.87085795402527 44.817671254277229 60.614919543266296 20.262384727597237 21.712274834513664 25.489041328430176 39.915288329124451
leaf_count=3874 198 252 84 93 109 167
internal_value=1.30971e-05 0.000452318 0.00832329 -0.00031427 0.000118598 0.009053
internal_weight=1054.68 1009.86 80.8773 928.987 907.275 65.4043
internal_count=4777 4579 336 4243 4150 276
is_linear=0
shrinkage=0.03


Tree=189
num_leaves=7
num_cat=0
split_feature=45 7 61 63 35 48
split_gain=4.69226 6.19238 5.46159 5.0291 4.77068 3.98588
threshold=-0.01604444999247789 2.095912098884583 0.024495000019669536 0.50949999690055858 -0.091800000518560396 -0.00014750000264029947
decision_type=2 2 8 10 8 10
left_child=1 2 -1 4 5 -2
right_child=3 -3 -4 -5 -6 -7
leaf_value=-0.010284198216043981 -0.0010465108025691078 0.015069307078600333 0.0078858708337139656 0.011309722013369916 -0.00086627212288527971 0.015217369095046309
leaf_weight=18.614643514156342 21.729944109916687 34.675652474164963 21.142594218254089 24.348931953310966 920.00731620192528 21.445026457309723
leaf_count=81 95 146 91 103 4201 91
internal_value=0.000608865 0.00739687 -0.000978595 2.8212e-05 -0.000370264 0.00837433
internal_weight=1061.96 74.4329 39.7572 987.531 963.182 43.175
internal_count=4808 318 172 4490 4387 186
is_linear=0
shrinkage=0.03


Tree=190
num_leaves=7
num_cat=0
split_feature=2 12 53 67 86 25
split_gain=7.39489 7.80643 7.91449 6.22796 5.552 5.95097
threshold=0.64820000529289257 0.5976499915122987 -0.0017915740027092395 1.0000000180025095e-35 -3.4999999999999996 0.0029154999647289519
decision_type=8 10 2 2 8 10
left_child=1 -1 -3 -2 5 -5
right_child=3 2 -4 4 -6 -7
leaf_value=-0.010297945167250381 -0.0099209719640204318 0.0084865394765235441 -0.010753463972060808 0.01799919749913749 0.001172170710287248 -0.0005314180213737774
leaf_weight=100.52572479844093 32.471621841192245 48.335600197315216 19.012908846139908 27.756215274333954 800.87749345600605 25.626039803028107
leaf_count=479 147 247 98 122 3567 116
internal_value=0.000220426 -0.00536958 0.00236692 0.00132679 0.00186418 0.0104233
internal_weight=1054.61 167.874 67.3485 886.731 854.26 53.3823
internal_count=4776 824 345 3952 3805 238
is_linear=0
shrinkage=0.03


Tree=191
num_leaves=7
num_cat=0
split_feature=3 12 64 16 35 63
split_gain=4.5048 4.88823 4.27258 3.85602 11.8832 8.33581
threshold=0.71747690439224254 0.28210000693798071 53.745000839233406 0.0034704999998211865 0.039004998281598098 -0.044959999620914452
decision_type=2 8 10 10 10 10
left_child=1 2 -1 5 -5 -3
right_child=-2 3 -4 4 -6 -7
leaf_value=0.016174001653084438 0.0087172959376495916 0.00011648717752405516 0.00054512098606430883 -0.0011553030692954341 0.010452081205610459 -0.0082091866882928917
leaf_weight=19.709919437766075 43.887680038809776 334.44615392386913 35.03520280122757 387.14495964348316 89.369770884513855 149.81995983421803
leaf_count=82 191 1520 149 1752 394 710
internal_value=0.000264409 -0.000182338 0.00780102 -0.000712901 0.00119174 -0.00257325
internal_weight=1059.41 1015.53 54.7451 960.781 476.515 484.266
internal_count=4798 4607 231 4376 2146 2230
is_linear=0
shrinkage=0.03


Tree=192
num_leaves=7
num_cat=0
split_feature=17 17 4 20 33 33
split_gain=8.05355 5.03714 6.74663 5.23156 4.9461 4.95311
threshold=-0.095620002597570405 -0.054004998877644532 -0.25740578770637507 0.056379999965429313 -0.005924991099163889 -0.012206417508423327
decision_type=8 8 10 10 2 2
left_child=-1 2 -2 -4 5 -3
right_child=1 4 3 -5 -6 -7
leaf_value=-0.010435952658712604 0.014023432018713282 -0.0020266217191229354 -0.0055080628464234558 0.010162683191933806 -7.2070289581438113e-05 0.015685320887019703
leaf_weight=45.819556385278702 51.266066417098045 19.880855590105057 43.956566140055656 19.742190048098564 867.54316866397858 26.585953652858734
leaf_count=200 223 85 201 87 3958 112
internal_value=0.000674556 0.00126498 0.00691574 6.87162e-05 0.000487073 0.00909039
internal_weight=1074.79 1028.97 114.965 63.6988 914.01 46.4668
internal_count=4866 4666 511 288 4155 197
is_linear=0
shrinkage=0.03


Tree=193
num_leaves=7
num_cat=0
split_feature=28 16 21 22 70 27
split_gain=5.14912 11.5626 6.18806 6.042 5.79836 4.7296
threshold=0.24183963984251025 0.15085000544786456 -0.018339999951422211 0.0093925003893673437 -0.0012365506845526395 0.0043019538279622802
decision_type=8 10 8 10 2 2
left_child=2 3 -1 4 -2 -4
right_child=1 -3 5 -5 -6 -7
leaf_value=-0.012314999215949167 -0.0050720731810315837 -0.015207336329863387 0.00032159109415016887 -0.00913898132500344 0.0092296066538448216 0.006261554125488596
leaf_weight=21.09085351228714 31.496683493256569 52.069902092218399 725.61912630498409 31.497383713722229 62.412781104445457 135.00257875025272
leaf_count=103 138 224 3355 140 269 572
internal_value=-9.69596e-05 -0.00461548 0.000854116 0.000580646 0.00440641 0.00131459
internal_weight=1059.19 177.477 881.713 125.407 93.9095 860.622
internal_count=4801 771 4030 547 407 3927
is_linear=0
shrinkage=0.03


Tree=194
num_leaves=7
num_cat=0
split_feature=21 21 57 8 59 70
split_gain=5.05199 5.26411 7.74502 6.55804 5.41687 5.79922
threshold=-0.018339999951422211 -0.00041505000262986863 -0.028789999894797799 1.0000000180025095e-35 -0.022866977378726002 0.0030488547636196022
decision_type=8 10 8 2 10 2
left_child=-1 2 -2 -3 -4 -6
right_child=1 3 4 -5 5 -7
leaf_value=-0.0087860720993841006 -0.0081084175921631221 0.0058557480231272042 -0.0034348429888911695 -0.0024683379427232243 0.0072347780383350529 -0.0020613964567916831
leaf_weight=35.900340542197227 38.613146305084229 97.124543711543083 60.162380754947662 407.93080995976925 355.86085832118988 67.738790243864059
leaf_count=169 186 433 256 1869 1607 294
internal_value=0.000972594 0.00139498 0.00347781 -0.000784964 0.00454809 0.00573495
internal_weight=1063.33 1027.43 522.375 505.055 483.762 423.6
internal_count=4814 4645 2343 2302 2157 1901
is_linear=0
shrinkage=0.03


Tree=195
num_leaves=7
num_cat=0
split_feature=69 69 38 60 7 65
split_gain=4.94489 6.35918 6.59561 8.16308 11.3546 6.6517
threshold=-0.011492717545479534 -0.0053170602768659583 -0.0003160000051138922 0.057465000078082092 1.7220679521560671 0.5278853476047517
decision_type=2 2 10 8 2 2
left_child=-1 -2 3 4 -3 -6
right_child=1 2 -4 -5 5 -7
leaf_value=0.010436929487931377 -0.0048366626999768684 0.016553665664123682 -0.00018707895676087037 -0.0051463694581421436 0.0094334632867291799 -0.007485562004834973
leaf_weight=33.516433522105217 181.12149201333523 75.632977142930031 663.23196832835674 38.228707060217857 27.262601047754288 37.665871649980545
leaf_count=142 819 356 2992 174 120 182
internal_value=0.000532397 0.000110061 0.00121839 0.00616582 0.00937989 -7.06068e-05
internal_weight=1056.66 1023.14 842.022 178.79 140.561 64.9285
internal_count=4785 4643 3824 832 658 302
is_linear=0
shrinkage=0.03


Tree=196
num_leaves=7
num_cat=0
split_feature=81 12 2 51 2 64
split_gain=4.8812 10.4301 7.41911 6.31273 6.30893 6.14368
threshold=5.7708730697631845 0.3660500049591065 0.6537500023841859 0.35540144145488745 1.4915000200271609 50.104999542236335
decision_type=10 10 10 10 10 8
left_child=2 -2 5 4 -4 -1
right_child=1 -3 3 -5 -6 -7
leaf_value=0.0018781846880524186 0.016945314378357439 0.00095456466828468679 0.013311821666925624 6.6245414038922261e-05 -0.0034871841757360385 -0.0084221798824294404
leaf_weight=73.767654895782471 38.414909884333611 157.44997702538967 57.612077280879021 560.1220800280571 23.652390584349632 145.09798553586006
leaf_count=368 162 736 265 2497 102 657
internal_value=0.000611351 0.00476161 -0.000377449 0.00125955 0.00857604 -0.00502012
internal_weight=1056.12 195.865 860.252 641.387 81.2645 218.866
internal_count=4787 898 3889 2864 367 1025
is_linear=0
shrinkage=0.03


Tree=197
num_leaves=7
num_cat=0
split_feature=8 57 71 45 3 2
split_gain=4.93861 7.20084 9.6548 6.72319 4.64785 4.88193
threshold=1.0000000180025095e-35 -0.050724999979138367 0.9882582724094392 -0.005766133312135934 0.68543571233749401 0.72145000100135814
decision_type=2 10 2 2 2 10
left_child=1 2 -1 -3 -2 -6
right_child=4 3 -4 -5 5 -7
leaf_value=0.015414818043289745 -0.0018209968343484734 0.0066307108910199407 -0.003169976909501371 -0.0066014909414379543 0.015727196963723513 -0.00089456776746793922
leaf_weight=64.633243560791016 799.3819480240345 49.33833634853363 33.498628497123718 73.175180435180664 18.932781547307968 33.082853078842163
leaf_count=271 3637 225 143 344 87 147
internal_value=-0.000185249 0.00371542 0.0093642 -0.00117441 -0.00122753 0.0067159
internal_weight=1072.04 220.645 98.1319 122.514 851.398 52.0156
internal_count=4854 983 414 569 3871 234
is_linear=0
shrinkage=0.03


Tree=198
num_leaves=7
num_cat=0
split_feature=85 38 45 28 24 3
split_gain=4.92488 6.62399 5.66423 5.75552 5.97209 8.34192
threshold=0.000782500021159649 0.0099849998950958269 -0.01604444999247789 -0.11294813826680182 -0.002834500046446919 0.43604651093482977
decision_type=10 10 2 8 10 2
left_child=2 -2 -1 4 -4 -6
right_child=1 -3 3 -5 5 -7
leaf_value=0.0064787348243184042 0.0049483588656235112 -0.0099751834015055271 -0.013848927375148378 -0.00037809625985714006 0.0076181750826992533 -0.0096334096705893296
leaf_weight=73.559797301888466 270.33711929619312 20.28749492764473 55.286712288856506 549.36250855028629 38.842983469367027 42.447550699114799
leaf_count=313 1146 86 270 2543 189 219
internal_value=0.000356231 0.00360944 -0.000919346 -0.00179441 -0.00707685 -0.00145858
internal_weight=1050.12 290.625 759.5 685.94 136.577 81.2905
internal_count=4766 1232 3534 3221 678 408
is_linear=0
shrinkage=0.03


Tree=199
num_leaves=7
num_cat=0
split_feature=17 84 81 71 48 3
split_gain=5.37699 6.15259 9.47344 8.76514 9.50897 8.4431
threshold=-0.083575002849102006 0.46004073321819311 4.9504234790802011 0.98043045401573192 0.00011750000339816326 0.25242812931537634
decision_type=8 2 10 2 10 2
left_child=-1 5 -3 -4 -5 -2
right_child=1 2 3 4 -6 -7
leaf_value=-0.0077494324393078216 0.0064694624312662428 0.0054518218711553067 -0.011061271265296926 0.015173490779527878 -0.0057463529921159412 -0.0034257475006318192
leaf_weight=67.069444999098778 84.222408547997475 345.28751768171787 62.844639882445335 25.352762341499329 35.320181116461754 440.05162957310677
leaf_count=293 373 1497 281 113 153 2094
internal_value=-0.000114218 0.000473556 0.002939 -0.00396768 0.0039053 -0.00174479
internal_weight=1060.15 993.079 468.805 123.518 60.6729 524.274
internal_count=4804 4511 2044 547 266 2467
is_linear=0
shrinkage=0.03


end of trees

feature_importances:
mkt_gap=45
mkt_ret_63=36
atr_pct=31
g_hangseng_ret1_asof=31
r5=30
vol_21=29
days_since_results=28
results_reaction=27
disp30=25
g_crude_ret5_asof=24
d_upper=23
g_nasdaq_ret1_asof=23
breadth30=22
vol_burst=22
beta_252=21
deliv_pct_20=21
orb15_dist=21
pos30=21
r30_atr=21
r3_last=21
vol30_adv_rank=21
vwap_slope=21
d_body=20
r_prev=20
ret_5=20
dist_ma200=19
mkt_r30=19
vol30_adv=19
dist_ma50=18
pos30_rank=18
g_nikkei_ret1_asof=17
vwap_dev=17
range30_atr=16
rel_r30=16
day_oddness=15
r30_rank=15
ret_63=15
score=15
dist_52w_high=14
r15=14
vwap_dev_rank=14
gap_rank=13
sec_r30=13
day_of_week=12
deliv_pct_rel=12
r30=12
ret_21=12
score_pct=12
sec_breadth30=12
d_lower=11
days_to_expiry=11
gap_atr=11
rsi_14=11
sec_gap=11
vol_ratio_20_120=11
wk_streak=11
g_usdinr_ret5_asof=10
mkt_vol_21=10
up1_share=10
g_usvix_ret1_asof=9
rel_sec_r30=9
ret_1=9
rel_r30_rank=8
vix=8
rel_sec_gap=7
ret_5_rank=7
vix_pct_252=7
bb_pctb=6
g_sp500_ret1_asof=6
sec_vs_mkt_r30=6
vol30_rel=6
rel_gap=5
side_pct=5
gap=4
is_long=2
days_to_results=1
is_weekly_expiry=1
orb15=1
po_imbalance=1
side_rank=1
up3_share=1

parameters:
[boosting: gbdt]
[objective: binary]
[metric: binary_logloss]
[tree_learner: serial]
[device_type: cpu]
[data_sample_strategy: bagging]
[data: ]
[valid: ]
[num_iterations: 200]
[learning_rate: 0.03]
[num_leaves: 7]
[num_threads: 4]
[seed: 7]
[deterministic: 1]
[force_col_wise: 0]
[force_row_wise: 0]
[histogram_pool_size: -1]
[max_depth: -1]
[min_data_in_leaf: 80]
[min_sum_hessian_in_leaf: 0.001]
[bagging_fraction: 0.8]
[pos_bagging_fraction: 1]
[neg_bagging_fraction: 1]
[bagging_freq: 1]
[bagging_seed: 17422]
[bagging_by_query: 0]
[feature_fraction: 0.7]
[feature_fraction_bynode: 1]
[feature_fraction_seed: 7040]
[extra_trees: 0]
[extra_seed: 6516]
[early_stopping_round: 0]
[early_stopping_min_delta: 0]
[first_metric_only: 0]
[max_delta_step: 0]
[lambda_l1: 0]
[lambda_l2: 10]
[linear_lambda: 0]
[min_gain_to_split: 0]
[drop_rate: 0.1]
[max_drop: 50]
[skip_drop: 0.5]
[xgboost_dart_mode: 0]
[uniform_drop: 0]
[drop_seed: 15215]
[top_rate: 0.2]
[other_rate: 0.1]
[min_data_per_group: 100]
[max_cat_threshold: 32]
[cat_l2: 10]
[cat_smooth: 10]
[max_cat_to_onehot: 4]
[top_k: 20]
[monotone_constraints: ]
[monotone_constraints_method: basic]
[monotone_penalty: 0]
[feature_contri: ]
[forcedsplits_filename: ]
[refit_decay_rate: 0.9]
[cegb_tradeoff: 1]
[cegb_penalty_split: 0]
[cegb_penalty_feature_lazy: ]
[cegb_penalty_feature_coupled: ]
[path_smooth: 0]
[interaction_constraints: ]
[verbosity: -1]
[saved_feature_importance_type: 0]
[use_quantized_grad: 0]
[num_grad_quant_bins: 4]
[quant_train_renew_leaf: 0]
[stochastic_rounding: 1]
[linear_tree: 0]
[max_bin: 255]
[max_bin_by_feature: ]
[min_data_in_bin: 3]
[bin_construct_sample_cnt: 200000]
[data_random_seed: 61]
[is_enable_sparse: 1]
[enable_bundle: 1]
[use_missing: 1]
[zero_as_missing: 0]
[feature_pre_filter: 1]
[pre_partition: 0]
[two_round: 0]
[header: 0]
[label_column: ]
[weight_column: ]
[group_column: ]
[ignore_column: ]
[categorical_feature: ]
[forcedbins_filename: ]
[precise_float_parser: 0]
[parser_config_file: ]
[objective_seed: 15521]
[num_class: 1]
[is_unbalance: 0]
[scale_pos_weight: 1]
[sigmoid: 1]
[boost_from_average: 1]
[reg_sqrt: 0]
[alpha: 0.9]
[fair_c: 1]
[poisson_max_delta_step: 0.7]
[tweedie_variance_power: 1.5]
[lambdarank_truncation_level: 30]
[lambdarank_norm: 1]
[label_gain: ]
[lambdarank_position_bias_regularization: 0]
[eval_at: ]
[multi_error_top_k: 1]
[auc_mu_weights: ]
[num_machines: 1]
[local_listen_port: 12400]
[time_out: 120]
[machine_list_filename: ]
[machines: ]
[gpu_platform_id: -1]
[gpu_device_id: -1]
[gpu_device_id_list: ]
[gpu_use_dp: 0]
[num_gpu: 1]

end of parameters

pandas_categorical:[]
