symbol,date,pe,pb,roe,debt_to_equity,revenue_growth,earnings_growth,profit_margin,dividend_yield,market_cap_cr
ABB,2026-09-24,95.3585,16.1820,0.1913,1.5470,0.1210,0.0300,0.2135,0.5500,151069.5000
ADANIENSOL,2026-09-24,55.1873,6.3330,,194.5000,0.4240,1.2410,0.0958,,163937.0000
ADANIENT,2026-09-24,50.4611,4.6324,,119.5600,0.4990,,0.0655,0.0400,412662.3000
ADANIGREEN,2026-09-24,122.9683,10.9307,,346.5480,0.1660,0.1850,0.1310,,210855.0000
ADANIPORTS,2026-09-24,30.4867,4.2865,,64.0510,0.1860,0.0240,0.3243,0.4100,411325.8000
ADANIPOWER,2026-09-24,26.9932,5.9240,,82.3320,0.3400,0.4440,0.2415,,384691.1000
AMBUJACEM,2026-09-24,21.5423,1.5998,,1.2050,-0.0770,-0.2750,0.1113,0.5100,95441.8000
APOLLOHOSP,2026-09-24,61.1861,13.4812,,85.1460,0.2060,0.3410,0.0791,0.2200,127803.0000
ASIANPAINT,2026-09-24,48.2496,10.7389,,17.8470,0.1790,0.3990,0.1281,1.1200,229374.8000
AXISBANK,2026-09-24,13.4280,1.6536,0.1335,,0.1400,0.2180,0.3603,0.0800,369425.5000
BAJAJ-AUTO,2026-09-24,26.6438,8.0671,,56.3520,0.6400,0.4580,0.1625,1.3200,307746.7000
BAJAJFINSV,2026-09-24,28.2601,3.6161,,256.4040,0.1930,0.1270,0.0647,0.0700,282011.1000
BAJAJHLDNG,2026-09-24,13.7198,1.6609,0.1160,0.0120,0.2420,-0.2240,7.3464,1.1400,121499.1000
BAJFINANCE,2026-09-24,29.1395,5.3561,,314.8330,0.2610,0.2720,0.4350,0.5200,610893.7000
BANKBARODA,2026-09-24,6.6695,0.7187,0.1132,,0.1800,-0.4860,0.2739,3.5900,121165.0000
BEL,2026-09-24,46.6667,11.9450,,0.2730,0.2490,0.0830,0.2140,0.6300,286543.3000
BHARTIARTL,2026-09-24,37.2495,6.9208,0.2015,100.4150,0.1840,0.3510,0.1314,1.3100,1120338.2000
BOSCHLTD,2026-09-24,59.7555,9.4867,,0.8000,0.2200,-0.3670,0.1133,0.5600,140843.9000
BPCL,2026-09-24,7.6584,1.3103,,54.3320,0.3440,,0.0347,6.3300,131211.1000
BRITANNIA,2026-09-24,45.3451,23.0890,,26.8750,0.0820,0.1360,0.1338,1.8400,117905.0000
CANBK,2026-09-24,5.7489,0.9702,,,-0.1290,0.6220,0.4313,3.3300,114199.5000
CGPOWER,2026-09-24,111.2547,17.5206,,1.4460,0.1400,0.1310,0.0975,0.1500,139696.8000
CHOLAFIN,2026-09-24,24.8809,4.7044,,695.2830,0.3460,0.4370,0.4055,0.1100,143628.3000
CIPLA,2026-09-24,33.4929,3.2821,,1.7780,0.0350,-0.3920,0.1201,0.9400,113019.4000
COALINDIA,2026-09-24,8.4164,2.1834,,11.6290,0.4510,0.0120,0.1814,4.9500,260067.1000
CUMMINSIND,2026-09-24,58.3891,16.2653,,0.4310,0.1790,0.0090,0.1869,1.3200,137851.6000
DIVISLAB,2026-09-24,86.7546,15.2081,,0.0420,0.2780,0.6570,0.2605,0.3100,254902.9000
DLF,2026-09-24,36.8149,3.6493,0.1010,0.6730,-0.5290,0.0420,0.6579,1.1900,165944.9000
DMART,2026-09-24,80.8086,10.0746,,9.9130,0.1490,0.1140,0.0429,,247038.2000
DRREDDY,2026-09-24,29.9501,2.6078,0.0884,18.6050,-0.0560,-0.6870,0.1000,0.6600,99992.0000
EICHERMOT,2026-09-24,34.9602,8.0201,,2.0480,0.3150,0.2130,0.2321,1.1000,201457.7000
ENRIN,2026-09-24,76.9419,23.7972,,4.4830,0.3930,0.6780,0.1577,0.1200,114507.0000
ETERNAL,2026-09-24,745.5556,9.9175,,14.8260,1.8200,2.3330,0.0064,,308840.9000
GAIL,2026-09-24,11.5669,1.2826,,27.8090,0.1670,0.9720,0.0670,3.1800,114307.8000
GODREJCP,2026-09-24,46.3699,7.0788,,34.8990,0.1540,0.1150,0.1209,2.2700,89539.2000
GRASIM,2026-09-24,37.7594,2.0757,,135.0440,0.2140,0.5130,0.0309,0.3100,214768.7000
HAL,2026-09-24,34.2777,7.7797,,0.1600,0.1440,0.1490,0.2759,0.4100,319286.6000
HCLTECH,2026-09-24,19.3647,4.5590,0.2407,7.0580,0.0300,0.0840,0.1297,4.7700,336489.1000
HDFCAMC,2026-09-24,34.7185,11.0494,,2.3640,0.1340,0.1180,0.6162,2.2100,102132.3000
HDFCBANK,2026-09-24,15.9218,1.8509,0.1384,,0.1660,0.1810,0.2679,1.7600,1123714.5000
HDFCLIFE,2026-09-24,57.4591,5.8674,0.1083,15.8850,0.1430,0.1190,0.0190,0.3700,114445.3000
HINDALCO,2026-09-24,13.3279,1.5960,,72.5980,0.3210,0.7510,0.0555,0.5000,217988.0000
HINDUNILVR,2026-09-24,42.9285,9.3209,,3.0160,0.0500,0.0840,0.2264,2.2600,454293.5000
HINDZINC,2026-09-24,14.5442,10.9633,,39.0340,0.7170,1.4460,0.3807,3.5300,248089.6000
HYUNDAI,2026-09-24,33.8025,8.3670,,5.4840,-0.0050,-0.3510,0.0700,1.0000,167432.2000
ICICIBANK,2026-09-24,17.2550,2.5161,0.1607,,0.1140,0.1380,0.2753,0.9000,957920.8000
INDHOTEL,2026-09-24,48.2649,7.9480,,18.9870,0.1510,0.2070,0.2087,0.4400,105428.6000
INDIGO,2026-09-24,,27.1126,,1112.7060,0.1990,,-0.0540,0.1900,189080.0000
INFY,2026-09-24,13.0802,4.4523,0.3200,9.5410,0.0290,0.0530,0.1637,4.9000,410907.4000
IOC,2026-09-24,5.5757,0.8548,,58.4460,0.3850,,0.0392,5.9700,192430.1000
IRFC,2026-09-24,14.5464,1.8374,,773.3470,0.1030,0.0970,0.9727,3.5800,104365.1000
ITC,2026-09-24,16.9299,4.6311,,3.2930,-0.1110,-0.1600,0.2594,5.9200,335817.9000
JINDALSTEL,2026-09-24,43.3958,2.3140,,43.6130,0.2590,-0.4370,0.0482,0.1700,117804.8000
JIOFIN,2026-09-24,70.3405,1.0746,,16.2860,2.0820,1.7020,0.5501,0.2600,150023.4000
JSWSTEEL,2026-09-24,12.5612,3.1060,,95.3740,0.0980,1.1300,0.1306,0.5500,310785.3000
KOTAKBANK,2026-09-24,19.8432,2.2228,,,0.2100,0.2250,0.2847,0.1600,402889.2000
LODHA,2026-09-24,28.1409,4.9675,,42.2380,0.4310,1.0330,0.2269,0.3700,115710.0000
LT,2026-09-24,31.9801,4.8566,,97.6400,0.0810,0.1400,0.0559,0.9700,530864.1000
LTM,2026-09-24,23.5699,4.8795,0.2197,9.8740,0.1800,0.1690,0.1187,1.8400,119711.0000
M&M,2026-09-24,18.1661,3.5806,,125.2780,0.2750,0.3340,0.0861,1.0900,358151.4000
MARUTI,2026-09-24,26.2835,3.5179,,0.0960,0.3590,-0.0910,0.0727,1.1400,376968.7000
MAXHEALTH,2026-09-24,70.0134,9.4718,,32.3670,0.1670,0.0480,0.1672,0.1900,101808.3000
MAZDOCK,2026-09-24,33.1876,9.1056,,4.4810,0.1210,0.2150,0.2012,0.9400,88824.3000
MOTHERSON,2026-09-24,39.3462,4.1761,,43.9080,0.1660,1.0420,0.0336,0.3000,171132.5000
MUTHOOTFIN,2026-09-24,9.9707,2.7937,0.3174,393.5600,0.3530,0.3880,0.5550,1.0500,113426.9000
NESTLEIND,2026-09-24,68.0948,50.5179,,8.6210,0.2520,0.4810,0.1562,0.8700,260515.3000
NTPC,2026-09-24,9.9908,1.5594,,128.3450,0.0780,0.1180,0.1453,3.7900,316693.1000
ONGC,2026-09-24,6.9055,0.8088,,42.5480,0.2570,0.2140,0.0618,6.1200,300668.7000
PFC,2026-09-24,4.2999,0.7835,,536.8370,0.0080,0.0210,0.5448,4.5100,111989.0000
PIDILITIND,2026-09-24,58.7872,14.3003,,3.7760,0.2130,0.2960,0.1720,0.7200,155021.8000
PNB,2026-09-24,6.0937,0.8608,0.1497,,-0.0640,1.7500,0.3815,2.5400,134605.3000
POWERGRID,2026-09-24,13.0396,2.4655,,150.8130,0.0270,-0.0080,0.3380,4.5300,247768.1000
RECLTD,2026-09-24,5.0724,0.9639,,607.4630,0.2520,-0.0610,0.6889,1.9900,81169.1000
RELIANCE,2026-09-24,22.1030,1.8250,,36.6530,0.2970,-0.2240,0.0661,0.4800,1649879.0000
SBILIFE,2026-09-24,67.8392,8.7455,0.1370,,0.1880,0.2180,0.0214,0.1500,176097.6000
SBIN,2026-09-24,10.4608,1.4523,0.1518,,0.1030,0.0990,0.2238,1.7500,903215.9000
SHREECEM,2026-09-24,49.4196,3.4658,,8.0130,0.1800,-0.1770,0.0745,0.6200,80640.5000
SHRIRAMFIN,2026-09-24,17.3959,2.8258,0.1850,276.2150,0.4280,0.2950,0.5001,1.3700,232951.5000
SIEMENS,2026-09-24,81.0335,9.8853,,2.2130,0.1480,4.0610,0.1902,0.4600,136814.4000
SOLARINDS,2026-09-24,85.9096,28.0817,,23.2710,0.7030,0.9270,0.1754,0.0600,176274.6000
SUNPHARMA,2026-09-24,36.7335,5.3111,,5.5170,0.1050,0.2740,0.2019,0.8600,443853.0000
TATACAP,2026-09-24,26.2490,3.0916,,502.9310,0.4030,0.4720,0.3968,0.1600,141786.3000
TATACONSUM,2026-09-24,59.7396,4.4796,,12.1590,0.1190,0.2790,0.0784,1.0100,97613.1000
TATAPOWER,2026-09-24,29.9382,2.9419,,168.0510,0.0560,0.1090,0.0609,0.6800,116134.6000
TATASTEEL,2026-09-24,21.2933,2.2974,,89.0170,0.1430,0.1140,0.0460,2.1000,234542.1000
TCS,2026-09-24,15.1561,6.8875,0.4774,10.2110,0.1390,0.0460,0.1805,3.1100,755094.8000
TECHM,2026-09-24,26.7140,4.6141,,7.2690,0.1770,0.2830,0.0868,3.2800,136698.0000
TITAN,2026-09-24,73.7223,27.3211,,195.0010,0.2930,0.6280,0.0623,0.3100,428793.7000
TMCV,2026-09-24,38.3802,12.6413,,44.0950,0.1930,0.8340,0.0481,0.8900,160993.1000
TMPV,2026-09-24,,0.9693,,70.3640,-0.0820,-0.8030,0.2281,1.0000,108648.3000
TORNTPHARM,2026-09-24,78.4668,19.8849,,85.4460,0.5480,-0.0820,0.1387,0.7600,187464.3000
TRENT,2026-09-24,79.7872,20.6126,,36.0340,0.1780,0.2070,0.0864,0.1400,143972.7000
TVSMOTOR,2026-09-24,56.8589,20.3213,,306.0900,0.3430,0.6710,0.0569,0.2900,194415.1000
ULTRACEMCO,2026-09-24,38.1623,4.2440,,29.4320,0.1590,0.1680,0.0929,2.1500,325233.9000
UNIONBANK,2026-09-24,6.6389,0.9818,0.1580,,0.1640,0.2740,0.4046,2.7800,136985.1000
UNITDSPR,2026-09-24,59.8528,11.2881,,4.6110,-0.1020,0.1120,0.1492,1.1800,101062.2000
VBL,2026-09-24,42.9960,6.7000,0.1685,15.8690,0.2040,0.1570,0.1404,0.4600,145870.1000
VEDL,2026-09-24,11.7531,2.1037,,48.0440,-0.3730,0.7220,0.2321,12.5500,104453.4000
WIPRO,2026-09-24,13.0079,2.0894,0.1613,27.3980,0.1060,0.0090,0.1392,4.8500,161894.6000
ZYDUSLIFE,2026-09-24,26.3401,4.3807,,42.3040,0.2200,-0.3590,0.1578,0.0900,117735.4000
360ONE,2026-09-25,35.7072,4.4241,,161.9770,0.2990,0.1280,0.2646,1.6700,43769.2000
3MINDIA,2026-09-25,66.2210,21.6140,,9.6000,0.1900,0.3120,0.1086,0.4600,38216.8000
ABB,2026-09-25,94.2218,16.0084,0.1913,1.5470,0.1210,0.0300,0.2135,0.5500,149448.4000
ABBOTINDIA,2026-09-25,35.4606,11.9973,,3.6020,0.0430,0.1710,0.2305,1.9500,57277.5000
ABCAPITAL,2026-09-25,25.2427,2.9679,,495.9360,0.3140,0.3910,0.1194,,106774.0000
ACC,2026-09-25,12.1981,1.1298,,2.0850,-0.0380,-0.6060,0.0756,0.6100,23218.0000
ADANIENSOL,2026-09-25,55.1731,6.3235,,194.5000,0.4240,1.2410,0.0958,,163692.5000
ADANIENT,2026-09-25,50.7924,4.6587,,119.5600,0.4990,,0.0655,0.0400,415010.2000
ADANIGREEN,2026-09-25,123.4857,11.0716,,346.5480,0.1660,0.1850,0.1310,,213572.9000
ADANIPORTS,2026-09-25,30.5328,4.2930,,64.0510,0.1860,0.0240,0.3243,0.4200,411947.9000
ADANIPOWER,2026-09-25,27.4729,6.0211,,82.3320,0.3400,0.4440,0.2415,,390997.2000
AIAENG,2026-09-25,28.9041,4.5567,,0.1280,0.1240,-0.0130,0.2784,0.4000,
AIIL,2026-09-25,29.2372,3.2267,,24.5900,0.1410,0.1750,0.8205,0.0400,47522.7000
AJANTPHARM,2026-09-25,38.9997,9.7910,,5.8740,0.2480,0.3080,0.1965,1.8100,44333.0000
ALKEM,2026-09-25,29.2107,4.5628,,14.2670,0.1090,-0.2170,0.1431,0.3800,63058.6000
AMBUJACEM,2026-09-25,21.5376,1.5985,,1.2050,-0.0770,-0.2750,0.1113,0.5200,95367.3000
ANTHEM,2026-09-25,86.4950,16.1285,,1.7720,-0.2260,-0.1280,0.2869,0.2300,49071.3000
APARINDS,2026-09-25,60.5099,13.2396,,17.7160,0.2910,0.7740,0.0484,0.3400,74432.3000
APLAPOLLO,2026-09-25,50.1858,11.6119,,9.3960,0.0850,0.1100,0.0523,0.3900,61493.0000
APOLLOHOSP,2026-09-25,61.3542,13.4819,,85.1460,0.2060,0.3410,0.0791,0.2300,127810.2000
APOLLOTYRE,2026-09-25,14.8295,1.5142,,21.9870,0.1280,26.6000,0.0583,2.7600,25309.6000
ASHOKLEY,2026-09-25,26.9171,6.5611,,344.7370,0.1160,0.0100,0.0602,2.2300,
ASIANPAINT,2026-09-25,49.1059,10.9691,,17.8470,0.1790,0.3990,0.1281,1.1500,234292.7000
ASTRAL,2026-09-25,65.2519,9.2620,,6.1680,0.1590,0.4800,0.0848,0.2900,37584.2000
ATGL,2026-09-25,106.1892,13.8279,,58.6500,0.2720,-0.1400,0.1008,0.0400,67269.9000
AUBANK,2026-09-25,27.0027,3.8094,,,0.2980,0.3510,0.2558,0.1000,76290.5000
AUROPHARMA,2026-09-25,26.7333,2.6242,,21.3100,0.1630,0.2580,0.1063,0.2400,98504.7000
AWL,2026-09-25,20.6197,2.2835,,10.6210,0.1750,0.4730,0.0149,0.5400,23813.4000
AXISBANK,2026-09-25,14.4100,1.7036,0.1335,,0.1400,0.2180,0.3603,0.0800,380603.3000
BAJAJ-AUTO,2026-09-25,26.8404,8.1196,,56.3520,0.6400,0.4580,0.1625,1.3400,310006.2000
BAJAJFINSV,2026-09-25,29.3844,3.6339,,256.4040,0.1930,0.1270,0.0647,0.0700,283403.4000
BAJAJHFL,2026-09-25,25.7399,3.0744,0.1268,460.7400,0.1960,0.2290,0.6318,,69244.5000
BAJAJHLDNG,2026-09-25,13.7463,1.6644,0.1160,0.0120,0.2420,-0.2240,7.3464,1.1900,121755.1000
BAJFINANCE,2026-09-25,32.5359,5.4374,,314.8330,0.2610,0.2720,0.4350,0.5500,620162.9000
BALKRISIND,2026-09-25,30.0923,3.8562,,37.5240,0.2520,0.5640,0.1220,0.7400,42245.6000
BANKBARODA,2026-09-25,6.6987,0.7217,0.1132,,0.1800,-0.4860,0.2739,3.6300,121661.5000
BANKINDIA,2026-09-25,5.1089,0.6906,0.1370,,0.1850,0.8030,0.3499,3.3800,62799.5000
BDL,2026-09-25,80.2252,9.8460,,0.0070,1.3080,5.4800,0.1883,0.4200,41788.1000
BEL,2026-09-25,46.9070,11.9923,,0.2730,0.2490,0.0830,0.2140,0.6400,287676.4000
BERGEPAINT,2026-09-25,43.9453,7.7274,,9.1650,0.1200,0.2850,0.0992,0.8900,53443.7000
BHARATFORG,2026-09-25,135.7674,10.0211,,76.4750,0.1870,,0.0403,0.4300,98125.1000
BHARTIARTL,2026-09-25,38.0926,6.8807,0.2015,100.4150,0.1840,0.3510,0.1314,1.3400,1113850.1000
BHARTIHEXA,2026-09-25,40.6307,10.3403,,85.6540,0.1090,0.2320,0.1900,1.1900,74090.0000
BHEL,2026-09-25,61.1606,5.5794,,31.3120,0.4030,,0.0676,0.3400,145881.1000
BIOCON,2026-09-25,111.0901,1.8186,,42.1450,0.1000,2.3460,0.0286,0.1300,
BLUESTARCO,2026-09-25,63.3347,9.3767,,23.5880,0.1330,-0.1510,0.0398,0.5600,32175.2000
BOSCHLTD,2026-09-25,60.2485,9.5861,,0.8000,0.2200,-0.3670,0.1133,0.5700,
BPCL,2026-09-25,7.6913,1.3163,,54.3320,0.3440,,0.0347,6.5100,131809.2000
BRITANNIA,2026-09-25,45.6415,23.2894,,26.8750,0.0820,0.1360,0.1338,1.8500,118928.7000
BSE,2026-09-25,47.7341,16.4367,,0.0000,0.6400,0.6210,0.4892,0.3100,129616.1000
CANBK,2026-09-25,5.7047,0.9632,,,-0.1290,0.6220,0.4313,3.3400,113374.1000
CGPOWER,2026-09-25,112.2940,17.5068,,1.4460,0.1400,0.1310,0.0975,0.1500,139586.5000
CHOLAFIN,2026-09-25,24.5962,4.6512,,695.2830,0.3460,0.4370,0.4055,0.1200,142005.5000
CIPLA,2026-09-25,33.5740,3.2837,,1.7780,0.0350,-0.3920,0.1201,0.9300,113077.6000
COALINDIA,2026-09-25,8.4779,2.2046,,11.6290,0.4510,0.0120,0.1814,4.9800,262593.9000
COCHINSHIP,2026-09-25,53.1866,6.1682,,28.4660,0.0240,-0.1930,0.1348,0.8200,36226.2000
COFORGE,2026-09-25,36.5874,6.2825,,7.5180,0.4990,0.3090,0.0964,0.9000,79038.1000
COLPAL,2026-09-25,37.4758,31.8636,,2.9930,0.1180,0.0700,0.2172,2.5900,50475.1000
CONCOR,2026-09-25,28.2782,2.7158,,7.3900,0.0030,0.0060,0.1367,1.8400,35148.7000
COROMANDEL,2026-09-25,31.5943,4.6055,,11.4690,0.1590,-0.2450,0.0562,0.5700,57844.9000
CRISIL,2026-09-25,37.3122,10.1041,0.2905,10.2300,0.2760,0.2620,0.2143,0.8900,33054.8000
CUMMINSIND,2026-09-25,57.8092,16.1738,,0.4310,0.1790,0.0090,0.1869,1.3300,137075.4000
DABUR,2026-09-25,34.7075,5.9892,,10.9070,0.1060,0.1530,0.1455,2.1400,68403.8000
DALBHARAT,2026-09-25,34.0653,1.7737,,40.9870,0.0700,-0.5210,0.0620,0.5800,31917.7000
DIVISLAB,2026-09-25,87.1174,15.2358,,0.0420,0.2780,0.6570,0.2605,0.3100,255367.5000
DIXON,2026-09-25,43.5858,14.9155,,18.4570,0.2110,1.5460,0.0364,0.0800,81413.7000
DLF,2026-09-25,38.0078,3.7179,0.1010,0.6730,-0.5290,0.0420,0.6579,1.1900,169063.8000
DMART,2026-09-25,82.9734,10.1988,,9.9130,0.1490,0.1140,0.0429,,250084.1000
DRREDDY,2026-09-25,30.2290,2.6091,0.0884,18.6050,-0.0560,-0.6870,0.1000,0.6700,100041.9000
EICHERMOT,2026-09-25,35.0677,8.0436,,2.0480,0.3150,0.2130,0.2321,1.1200,202048.0000
ENDURANCE,2026-09-25,38.3575,5.4406,,19.3930,0.3000,0.0800,0.0622,0.4300,37218.0000
ENRIN,2026-09-25,79.2584,24.5195,,4.4830,0.3930,0.6780,0.1577,0.1200,117982.7000
ESCORTS,2026-09-25,22.7328,2.5822,,1.3090,0.2830,-0.7240,0.1129,1.1700,31420.5000
ETERNAL,2026-09-25,712.7659,9.9027,,14.8260,1.8200,2.3330,0.0064,,308380.7000
EXIDEIND,2026-09-25,38.6542,2.5898,,11.3080,0.1770,0.2830,0.0495,0.4700,36010.2000
FEDERALBNK,2026-09-25,17.2377,1.9822,,,0.2140,0.3270,0.3072,0.3600,79543.0000
FLUOROCHEM,2026-09-25,79.3816,6.3749,,28.9400,0.2400,0.2040,0.1163,0.0700,48788.8000
FORTIS,2026-09-25,60.4509,6.3922,,34.1500,0.1750,0.0230,0.1102,0.1100,63254.2000
GAIL,2026-09-25,11.4827,1.2741,,27.8090,0.1670,0.9720,0.0670,3.1600,113551.6000
GICRE,2026-09-25,6.6673,0.5995,0.0911,,-0.0080,-0.3110,0.1682,3.9100,59211.0000
GLAXO,2026-09-25,44.6299,21.0370,,1.4670,0.1660,0.1570,0.2701,2.0100,47699.7000
GLENMARK,2026-09-25,37.3744,6.3897,,5.6460,0.2310,9.3070,0.1014,0.3100,67169.5000
GMRAIRPORT,2026-09-25,244.8750,-41.1901,,,0.2370,,0.0307,,103425.2000
GODFRYPHLP,2026-09-25,22.4803,4.9471,,3.7570,-0.1890,-0.4430,0.2239,2.5300,30734.6000
GODREJCP,2026-09-25,46.9584,7.1192,,34.8990,0.1540,0.1150,0.1209,2.2900,90050.8000
GODREJIND,2026-09-25,31.6252,3.3308,,222.4110,-0.0470,-0.1860,0.0476,,37232.1000
GODREJPROP,2026-09-25,31.9929,2.6733,,82.1190,0.1650,-0.4170,0.3075,0.6000,51211.5000
GRASIM,2026-09-25,38.0288,2.0917,,135.0440,0.2140,0.5130,0.0309,0.3200,216430.5000
GROWW,2026-09-25,47.4772,11.9818,,3.0280,0.6520,0.8570,0.4535,,115819.6000
GVT&D,2026-09-25,83.9051,40.7301,,0.8920,0.3800,0.2470,0.1944,0.2300,109587.9000
HAL,2026-09-25,34.4308,7.8217,,0.1600,0.1440,0.1490,0.2759,0.4200,321012.0000
HAVELLS,2026-09-25,42.4506,7.2740,,2.8010,0.1950,-0.1660,0.0692,1.1000,68812.1000
HCLTECH,2026-09-25,19.5676,4.6118,0.2407,7.0580,0.0300,0.0840,0.1297,4.8200,340385.4000
HDBFS,2026-09-25,19.3651,2.6044,,484.3130,0.2100,0.3260,0.2979,0.6100,53696.3000
HDFCAMC,2026-09-25,35.6789,11.0387,,2.3640,0.1340,0.1180,0.6162,2.2700,102033.7000
HDFCBANK,2026-09-25,16.0717,1.8679,0.1384,,0.1660,0.1810,0.2679,1.7800,1134043.5000
HDFCLIFE,2026-09-25,57.9062,5.9130,0.1083,15.8850,0.1430,0.1190,0.0190,0.4000,115335.8000
HEROMOTOCO,2026-09-25,20.0809,4.9626,,3.5700,0.3490,-0.1720,0.1072,3.4900,107275.7000
HEXT,2026-09-25,22.8158,4.5128,0.2147,10.1800,0.1790,-0.1250,0.0932,2.8500,30288.4000
HINDALCO,2026-09-25,13.2475,1.5879,,72.5980,0.3210,0.7510,0.0555,0.5100,216878.1000
HINDPETRO,2026-09-25,44.7134,1.1395,,85.3690,0.2690,,0.0036,6.9200,74686.6000
HINDUNILVR,2026-09-25,43.1276,9.3663,,3.0160,0.0500,0.0840,0.2264,2.2800,456502.1000
HINDZINC,2026-09-25,14.5780,10.9969,,39.0340,0.7170,1.4460,0.3807,3.5800,248850.2000
HONAUT,2026-09-25,54.4401,6.7093,,2.4760,0.0180,0.2090,0.1172,0.3300,29961.6000
HUDCO,2026-09-25,8.3609,1.5845,,645.7750,0.0980,0.3490,0.9068,3.4400,34831.1000
HYUNDAI,2026-09-25,34.6778,8.5879,,5.4840,-0.0050,-0.3510,0.0700,1.0200,171852.4000
ICICIAMC,2026-09-25,45.3259,37.7358,,4.0660,0.1810,0.2310,0.5550,0.7800,157401.6000
ICICIBANK,2026-09-25,17.2312,2.5016,0.1607,,0.1140,0.1380,0.2753,0.9000,952431.4000
ICICIGI,2026-09-25,32.0946,4.5502,0.1463,,0.1090,-0.4620,0.0876,0.8900,77625.1000
ICICIPRULI,2026-09-25,39.8794,4.9227,0.1257,18.0520,0.1250,0.2850,0.0255,0.3600,67171.2000
IDEA,2026-09-25,4.0860,-4.3212,,,0.0610,,0.8228,,154497.2000
IDFCFIRSTB,2026-09-25,33.9271,1.4827,0.0526,,0.2980,1.1640,0.0909,0.3000,72259.3000
INDHOTEL,2026-09-25,48.1643,7.9262,,18.9870,0.1510,0.2070,0.2087,0.4500,105139.3000
INDIANB,2026-09-25,8.7699,1.3357,0.1617,,0.1030,0.4750,0.3641,2.2000,112067.4000
INDIGO,2026-09-25,,27.3898,,1112.7060,0.1990,,-0.0540,0.1900,191013.3000
INDUSINDBK,2026-09-25,56.0319,1.0806,,,0.0100,0.7170,0.0765,0.1600,71073.6000
INDUSTOWER,2026-09-25,13.8145,2.3875,0.1891,51.7900,0.0460,0.0060,0.2178,3.6900,98802.8000
INFY,2026-09-25,12.9041,4.3895,0.3200,9.5410,0.0290,0.0530,0.1637,4.9300,405115.4000
IOC,2026-09-25,5.6284,0.8512,,58.4460,0.3850,,0.0392,6.0500,
IPCALAB,2026-09-25,38.1052,6.2005,,8.4920,0.2080,0.7240,0.1293,0.3000,50000.0000
IRCTC,2026-09-25,26.3167,8.5170,,1.8740,0.1810,0.0000,0.2568,1.9500,36696.0000
IREDA,2026-09-25,16.1053,2.3072,,565.6710,0.2370,0.3300,0.6925,1.3600,31806.1000
IRFC,2026-09-25,14.5628,1.8395,,773.3470,0.1030,0.0970,0.9727,3.6300,104482.7000
ITC,2026-09-25,16.9823,4.6484,,3.2930,-0.1110,-0.1600,0.2594,5.9700,337070.9000
ITCHOTELS,2026-09-25,39.0120,2.8928,,0.6340,0.1480,0.3590,0.2028,0.6100,33724.8000
JINDALSTEL,2026-09-25,43.5439,2.3280,,43.6130,0.2590,-0.4370,0.0482,0.1700,118517.0000
JIOFIN,2026-09-25,70.2786,1.0736,,16.2860,2.0820,1.7020,0.5501,0.2600,149891.3000
JKCEMENT,2026-09-25,40.8664,5.4899,,87.5220,0.2800,-0.1450,0.0656,0.3900,38634.1000
JSL,2026-09-25,18.9959,13.6974,,37.5230,0.1050,0.0760,0.0738,0.5400,61652.0000
JSWENERGY,2026-09-25,39.7294,2.8929,,229.1600,0.0120,-0.3950,0.1037,0.3900,92818.9000
JSWINFRA,2026-09-25,50.9212,6.9403,,59.0020,0.1810,-0.1030,0.2658,0.2500,83820.4000
JSWSTEEL,2026-09-25,12.5999,3.1153,,95.3740,0.0980,1.1300,0.1306,0.5600,311712.9000
JUBLFOOD,2026-09-25,85.7611,13.9031,,205.3180,0.1370,0.0600,0.0442,0.2500,
KALYANKJIL,2026-09-25,41.2824,9.3687,,96.9660,0.4570,0.3160,0.0367,0.4400,59176.6000
KEI,2026-09-25,44.7997,6.7035,,3.7960,0.2300,0.4000,0.0808,0.1000,44678.9000
KOTAKBANK,2026-09-25,19.7942,2.2173,,,0.2100,0.2250,0.2847,0.1600,401894.4000
KPITTECH,2026-09-25,24.3964,3.9932,,23.6240,0.0890,-0.3180,0.0884,1.4500,14139.5000
KPRMILL,2026-09-25,41.3917,6.6376,,10.4630,0.0960,0.2150,0.1338,0.4500,37896.7000
LAURUSLABS,2026-09-25,99.0622,20.4431,,46.3690,0.2910,1.2520,0.1504,0.1200,108440.7000
LENSKART,2026-09-25,179.9603,13.5171,,34.9830,0.4330,2.5810,0.0680,,117781.2000
LGEINDIA,2026-09-25,64.3326,15.2781,,5.9900,0.1550,0.2720,0.0713,,117115.4000
LICHSGFIN,2026-09-25,5.4251,0.7516,,642.5220,0.1450,0.0990,0.6518,1.7700,31133.6000
LICI,2026-09-25,8.6116,2.9300,,0.4310,0.0680,0.4000,0.0651,2.4600,517448.0000
LINDEINDIA,2026-09-25,96.2473,12.2783,,1.8500,0.2160,-0.0250,0.2059,0.0600,52385.8000
LLOYDSME,2026-09-25,21.4644,7.4573,,145.2140,2.0860,1.6930,0.2151,0.0500,103430.1000
LODHA,2026-09-25,28.2630,4.9975,,42.2380,0.4310,1.0330,0.2269,0.3700,116409.5000
LT,2026-09-25,32.1997,4.8790,,97.6400,0.0810,0.1400,0.0559,0.9800,533313.2000
LTF,2026-09-25,22.4329,2.5338,,393.4420,0.2930,0.2820,0.3308,0.9800,71180.4000
LTM,2026-09-25,23.4063,4.9338,0.2197,9.8740,0.1800,0.1690,0.1187,1.8600,121045.1000
LTTS,2026-09-25,26.5714,5.2504,,8.9110,0.0260,0.1280,0.1168,1.8100,34012.3000
LUPIN,2026-09-25,17.3193,4.2605,,29.3880,0.3200,0.1600,0.1845,0.8600,95665.1000
M&M,2026-09-25,18.4667,3.6433,,125.2780,0.2750,0.3340,0.0861,1.1100,364431.3000
M&MFIN,2026-09-25,14.2047,1.7370,,429.8510,0.3670,0.6400,0.3089,2.2100,46288.4000
MAHABANK,2026-09-25,8.6701,1.8293,0.2296,,0.2180,0.3420,0.5341,2.6700,65285.9000
MANKIND,2026-09-25,49.4980,6.2680,,38.1110,0.1290,0.2960,0.1386,0.0800,102224.5000
MARICO,2026-09-25,56.4438,25.2536,,12.3940,0.2140,0.2470,0.1316,0.4900,106305.6000
MARUTI,2026-09-25,26.4804,3.5399,,0.0960,0.3590,-0.0910,0.0727,1.1700,379326.7000
MAXHEALTH,2026-09-25,67.7807,9.1820,,32.3670,0.1670,0.0480,0.1672,0.1900,98693.7000
MAZDOCK,2026-09-25,33.0767,9.0957,,4.4810,0.1210,0.2150,0.2012,0.9500,88727.5000
MCX,2026-09-25,55.1119,20.1093,,0.1130,0.8530,1.0340,0.5556,0.2300,
MEDANTA,2026-09-25,72.4867,10.1403,,29.8690,0.2650,-0.0020,0.1187,0.0300,40184.7000
MFSL,2026-09-25,470.3226,9.4765,,36.4530,0.1680,0.3730,0.0022,,50053.0000
MOTHERSON,2026-09-25,39.8341,4.2586,,43.9080,0.1660,1.0420,0.0336,0.3100,174513.0000
MOTILALOFS,2026-09-25,31.9466,4.8053,,165.8000,0.2390,0.0870,0.2296,1.0800,62046.4000
MPHASIS,2026-09-25,22.3311,3.7606,0.1774,24.6750,0.1750,0.1070,0.1156,2.7600,42628.5000
MRF,2026-09-25,21.7479,2.5080,,15.2880,0.0960,-0.0100,0.0758,0.3700,52605.0000
MUTHOOTFIN,2026-09-25,10.0049,2.8033,0.3174,393.5600,0.3530,0.3880,0.5550,1.0600,113816.3000
NAM-INDIA,2026-09-25,45.7312,15.8463,,1.6170,0.2450,0.2640,0.5251,1.8800,74052.9000
NATIONALUM,2026-09-25,9.9006,3.0489,,0.2770,0.3930,0.9110,0.3491,1.1200,65880.0000
NAUKRI,2026-09-25,50.7605,2.1438,,0.6400,0.1140,0.5070,0.4740,1.1800,81278.1000
NESTLEIND,2026-09-25,69.0974,50.9517,,8.6210,0.2520,0.4810,0.1562,0.8900,262752.1000
NHPC,2026-09-25,27.8388,1.8469,,113.1110,0.1850,0.0280,0.3109,2.1100,76342.3000
NIACL,2026-09-25,37.8158,0.7551,,,0.0150,,0.0149,0.8300,29103.7000
NLCINDIA,2026-09-25,11.0454,1.6912,,110.3580,0.2330,-0.4230,0.1746,1.4600,36406.1000
NMDC,2026-09-25,9.5574,2.0585,,18.8020,0.0080,0.0040,0.2322,2.4700,70246.6000
NTPC,2026-09-25,9.9695,1.5594,,128.3450,0.0780,0.1180,0.1453,3.7800,316693.1000
NTPCGREEN,2026-09-25,150.7581,4.2225,,165.2810,0.6270,0.3850,0.1848,,78760.9000
NYKAA,2026-09-25,374.9438,66.4476,,82.8290,0.2910,2.5000,0.0240,,95614.1000
OBEROIRLTY,2026-09-25,25.6699,3.7706,,15.7650,0.3170,0.2890,0.4159,0.4400,67575.5000
OFSS,2026-09-25,27.4990,13.5373,0.4990,0.5670,0.6870,1.2020,0.3815,6.0900,93808.9000
OIL,2026-09-25,9.2532,1.3324,,58.7410,0.5770,0.9140,0.2168,2.7100,77288.3000
ONGC,2026-09-25,6.8148,0.7982,,42.5480,0.2570,0.2140,0.0618,6.0700,296718.5000
PAGEIND,2026-09-25,55.5359,27.9812,,18.4220,0.0790,-0.0400,0.1413,2.1300,42044.5000
PATANJALI,2026-09-25,22.3177,3.3531,,21.2950,0.2740,0.8610,0.0461,1.0000,43944.9000
PAYTM,2026-09-25,166.2363,6.6968,,1.0730,0.2770,0.7990,0.0725,,107036.8000
PERSISTENT,2026-09-25,43.8781,9.9825,0.2520,6.9400,0.2910,0.1210,0.1224,0.6800,83927.3000
PETRONET,2026-09-25,10.2103,1.9281,,10.5070,-0.5320,0.3510,0.1132,3.4900,42975.0000
PFC,2026-09-25,4.2823,0.7804,,536.8370,0.0080,0.0210,0.5448,4.6000,111543.4000
PHOENIXLTD,2026-09-25,55.1394,6.4379,,37.2110,0.1280,0.2330,0.2816,0.1300,70763.0000
PIDILITIND,2026-09-25,58.2866,14.2552,,3.7760,0.2130,0.2960,0.1720,0.7600,154532.9000
PIIND,2026-09-25,31.2378,3.2420,,3.0480,-0.1040,-0.3890,0.1788,0.6300,36409.5000
PNB,2026-09-25,6.0666,0.8570,0.1497,,-0.0640,1.7500,0.3815,2.5600,134007.7000
POLICYBZR,2026-09-25,72.0643,7.3697,,4.9220,0.4010,0.9230,0.1020,,53880.8000
POLYCAB,2026-09-25,44.2739,10.4670,0.2555,1.7380,0.3900,0.3250,0.0918,0.5600,126661.5000
POWERGRID,2026-09-25,13.1914,2.4942,,150.8130,0.0270,-0.0080,0.3380,3.8500,250651.3000
POWERINDIA,2026-09-25,120.2860,26.7255,,1.6630,0.6860,1.2350,0.1255,0.0300,138330.3000
PREMIERENE,2026-09-25,24.0515,9.3749,,86.0050,0.3530,0.5300,0.1967,0.1700,40467.7000
PRESTIGE,2026-09-25,55.9773,3.9116,0.0775,105.4930,0.1590,-0.1930,0.0872,0.1400,63653.3000
RADICO,2026-09-25,89.1975,18.4028,,15.0330,0.1180,0.7600,0.1130,0.2000,61060.2000
RECLTD,2026-09-25,5.1506,0.9786,,607.4630,0.2520,-0.0610,0.6889,2.0100,
RELIANCE,2026-09-25,22.1981,1.8352,,36.6530,0.2970,-0.2240,0.0661,0.4900,
RVNL,2026-09-25,48.0278,4.3943,,49.0780,0.1060,0.1690,0.0432,1.6700,43159.9000
SAIL,2026-09-25,17.8571,1.2671,,52.8990,0.0130,1.2110,0.0384,1.2800,76414.7000
SBICARD,2026-09-25,25.5412,3.7003,,280.2060,0.2340,0.1950,0.1820,0.4000,58164.4000
SBILIFE,2026-09-25,67.0774,8.6807,0.1370,,0.1880,0.2180,0.0214,0.1500,174793.2000
SBIN,2026-09-25,10.5089,1.4589,0.1518,,0.1030,0.0990,0.2238,1.7700,907369.7000
SCHAEFFLER,2026-09-25,50.0462,10.2111,0.2165,0.7830,0.1730,0.1300,0.1193,0.8700,62641.8000
SHREECEM,2026-09-25,49.8815,3.4922,,8.0130,0.1800,-0.1770,0.0745,0.6300,81253.8000
SHRIRAMFIN,2026-09-25,17.5543,2.8375,0.1850,276.2150,0.4280,0.2950,0.5001,1.3900,233916.2000
SIEMENS,2026-09-25,82.0529,9.9759,,2.2130,0.1480,4.0610,0.1902,0.4700,138067.9000
SJVN,2026-09-25,35.0909,1.7057,,226.5280,0.5200,-0.0170,0.1277,2.4100,24270.4000
SOLARINDS,2026-09-25,89.7011,28.4638,,23.2710,0.7030,0.9270,0.1754,0.0600,178672.6000
SRF,2026-09-25,34.8279,5.3616,,36.1950,0.3180,0.7560,0.1272,0.3900,75287.1000
SUNDARMFIN,2026-09-25,22.3655,3.3629,,409.1610,0.2680,0.3380,0.4609,0.8700,49686.1000
SUNPHARMA,2026-09-25,36.8084,5.3178,,5.5170,0.1050,0.2740,0.2019,0.8600,444404.8000
SUPREMEIND,2026-09-25,43.6172,7.3098,,1.4730,0.0420,0.3870,0.0911,1.0500,45114.0000
SUZLON,2026-09-25,17.8166,5.7360,0.3937,2.8070,0.2250,-0.0830,0.1809,,56085.4000
SWIGGY,2026-09-25,,3.7688,,13.9290,0.3730,,-0.1505,,69390.7000
TATACAP,2026-09-25,26.4754,3.1183,,502.9310,0.4030,0.4720,0.3968,0.1700,143009.1000
TATACOMM,2026-09-25,50.3931,13.7785,,335.8540,0.1050,-0.2940,0.0372,1.0500,47509.5000
TATACONSUM,2026-09-25,60.0611,4.4656,,12.1590,0.1190,0.2790,0.0784,1.0100,97306.3000
TATAELXSI,2026-09-25,30.3312,6.5278,,5.3360,0.1450,0.1810,0.1674,2.3600,19854.2000
TATAINVEST,2026-09-25,76.7491,1.1282,,0.0070,0.0410,-0.0180,1.0525,0.5200,32967.9000
TATAPOWER,2026-09-25,30.4474,2.9747,,168.0510,0.0560,0.1090,0.0609,0.6900,117428.7000
TATASTEEL,2026-09-25,21.2636,2.2967,,89.0170,0.1430,0.1140,0.0460,2.1300,234479.7000
TCS,2026-09-25,15.1154,6.8710,0.4774,10.2110,0.1390,0.0460,0.1805,3.1100,
TECHM,2026-09-25,26.7542,4.6291,,7.2690,0.1770,0.2830,0.0868,3.3100,137140.9000
THERMAX,2026-09-25,66.5868,6.9985,,42.1660,0.0710,-0.8340,0.0547,0.4100,38832.2000
TIINDIA,2026-09-25,80.3552,6.2702,,5.3630,0.1680,-0.1530,0.0263,0.1400,48607.9000
TITAN,2026-09-25,75.4169,27.6123,,195.0010,0.2930,0.6280,0.0623,0.3100,433363.3000
TMCV,2026-09-25,38.6941,12.7671,,44.0950,0.1930,0.8340,0.0481,0.9200,162595.2000
TMPV,2026-09-25,,0.9544,,70.3640,-0.0820,-0.8030,0.2281,1.0200,106972.5000
TORNTPHARM,2026-09-25,79.7012,20.1269,,85.4460,0.5480,-0.0820,0.1387,0.7700,189746.5000
TORNTPOWER,2026-09-25,27.1794,3.3142,,70.8850,0.0280,-0.1270,0.0796,1.6100,63219.7000
TRENT,2026-09-25,78.4627,20.3782,,36.0340,0.1780,0.2070,0.0864,0.1500,142335.7000
TVSMOTOR,2026-09-25,57.7403,59.1256,,306.0900,0.3430,0.6710,0.0569,0.2900,
UBL,2026-09-25,83.4757,7.3163,,29.0760,0.0710,-0.0950,0.0419,0.7900,33085.0000
ULTRACEMCO,2026-09-25,38.4615,4.2820,,29.4320,0.1590,0.1680,0.0929,2.1700,328146.2000
UNIONBANK,2026-09-25,6.6865,0.9859,0.1580,,0.1640,0.2740,0.4046,2.7900,137557.6000
UNITDSPR,2026-09-25,59.8990,11.2920,,4.6110,-0.1020,0.1120,0.1492,1.1900,101097.7000
UNOMINDA,2026-09-25,58.5296,10.2979,,37.7400,0.2380,0.0120,0.0580,0.2200,70335.5000
UPL,2026-09-25,22.5430,1.3383,,57.1280,0.1050,,0.0382,1.0900,46494.9000
VBL,2026-09-25,43.4800,6.7551,0.1685,15.8690,0.2040,0.1570,0.1404,0.4600,147070.9000
VEDL,2026-09-25,11.7025,2.0947,,48.0440,-0.3730,0.7220,0.2321,12.7100,104004.4000
VMM,2026-09-25,54.4737,6.5123,,26.8170,0.1870,0.2500,0.0661,,48487.8000
VOLTAS,2026-09-25,82.3417,5.8027,,15.5100,0.1870,0.5200,0.0300,0.3600,36999.5000
WAAREEENER,2026-09-25,18.8245,4.9682,,21.4020,0.7920,0.1420,0.1270,0.1600,71769.0000
WIPRO,2026-09-25,13.0382,2.0942,0.1613,27.3980,0.1060,0.0090,0.1392,4.8900,162270.6000
YESBANK,2026-09-25,18.7500,1.3527,0.0747,,0.0900,0.3080,0.2319,,70625.4000
ZYDUSLIFE,2026-09-25,26.8428,4.4683,,42.3040,0.2200,-0.3590,0.1578,0.0800,120089.5000
360ONE,2026-09-26,35.7190,4.4241,,161.9770,0.2990,0.1280,0.2646,1.6800,43769.2000
3MINDIA,2026-09-26,66.2210,21.6140,,9.6000,0.1900,0.3120,0.1086,0.4700,38216.8000
ABB,2026-09-26,94.3352,16.0084,0.1913,1.5470,0.1210,0.0300,0.2135,0.5600,149448.4000
ABBOTINDIA,2026-09-26,35.4872,11.9973,,3.6020,0.0430,0.1710,0.2305,1.9500,57277.5000
ABCAPITAL,2026-09-26,25.2427,2.9679,,495.9360,0.3140,0.3910,0.1194,,106774.0000
ACC,2026-09-26,12.1957,1.1298,,2.0850,-0.0380,-0.6060,0.0756,0.6100,23218.0000
ADANIENSOL,2026-09-26,55.2414,6.3235,,194.5000,0.4240,1.2410,0.0958,,163692.5000
ADANIENT,2026-09-26,50.7570,4.6587,,119.5600,0.4990,,0.0655,0.0400,415010.2000
ADANIGREEN,2026-09-26,123.4857,11.0716,,346.5480,0.1660,0.1850,0.1310,,213572.9000
ADANIPORTS,2026-09-26,30.4859,4.2930,,64.0510,0.1860,0.0240,0.3243,0.4200,411947.9000
ADANIPOWER,2026-09-26,27.4729,6.0211,,82.3320,0.3400,0.4440,0.2415,,390997.2000
AIAENG,2026-09-26,28.9041,4.5567,,0.1280,0.1240,-0.0130,0.2784,0.4100,36576.0000
AIIL,2026-09-26,29.2372,3.2267,,24.5900,0.1410,0.1750,0.8205,0.0400,47522.7000
AJANTPHARM,2026-09-26,39.0641,9.7910,,5.8740,0.2480,0.3080,0.1965,1.8000,44333.0000
ALKEM,2026-09-26,29.2399,4.5628,,14.2670,0.1090,-0.2170,0.1431,0.3800,63058.6000
AMBUJACEM,2026-09-26,21.5014,1.5985,,1.2050,-0.0770,-0.2750,0.1113,0.5200,95367.3000
ANTHEM,2026-09-26,86.2389,16.1285,,1.7720,-0.2260,-0.1280,0.2869,0.2300,49071.3000
APARINDS,2026-09-26,60.6069,13.2396,,17.7160,0.2910,0.7740,0.0484,0.3400,74432.3000
APLAPOLLO,2026-09-26,49.9481,11.6119,,9.3960,0.0850,0.1100,0.0523,0.3800,61493.0000
APOLLOHOSP,2026-09-26,61.2612,13.4819,,85.1460,0.2060,0.3410,0.0791,0.2200,127810.2000
APOLLOTYRE,2026-09-26,14.8350,1.5142,,21.9870,0.1280,26.6000,0.0583,2.7500,25309.6000
ASHOKLEY,2026-09-26,26.8716,6.5611,,344.7370,0.1160,0.0100,0.0602,2.2000,93441.3000
ASIANPAINT,2026-09-26,49.2643,10.9691,,17.8470,0.1790,0.3990,0.1281,1.1300,234292.7000
ASTRAL,2026-09-26,65.3738,9.2620,,6.1680,0.1590,0.4800,0.0848,0.2900,37584.2000
ATGL,2026-09-26,106.3739,13.8279,,58.6500,0.2720,-0.1400,0.1008,0.0400,67269.9000
AUBANK,2026-09-26,26.9526,3.8094,,,0.2980,0.3510,0.2558,0.1000,76290.5000
AUROPHARMA,2026-09-26,26.7333,2.6242,,21.3100,0.1630,0.2580,0.1063,0.2400,98504.7000
AWL,2026-09-26,20.6659,2.2835,,10.6210,0.1750,0.4730,0.0149,0.5400,23813.4000
AXISBANK,2026-09-26,13.7518,1.7036,0.1335,,0.1400,0.2180,0.3603,0.0800,380603.3000
BAJAJ-AUTO,2026-09-26,26.8097,8.1196,,56.3520,0.6400,0.4580,0.1625,1.3300,309751.1000
BAJAJFINSV,2026-09-26,28.0443,3.6339,,256.4040,0.1930,0.1270,0.0647,0.0700,283403.4000
BAJAJHFL,2026-09-26,25.7399,3.0744,0.1268,460.7400,0.1960,0.2290,0.6318,,69244.5000
BAJAJHLDNG,2026-09-26,13.7551,1.6644,0.1160,0.0120,0.2420,-0.2240,7.3464,1.1900,121755.1000
BAJFINANCE,2026-09-26,29.5816,5.4374,,314.8330,0.2610,0.2720,0.4350,0.5400,620162.9000
BALKRISIND,2026-09-26,30.0302,3.8562,,37.5240,0.2520,0.5640,0.1220,0.7300,42245.6000
BANKBARODA,2026-09-26,6.6987,0.7217,0.1132,,0.1800,-0.4860,0.2739,3.6100,121661.5000
BANKINDIA,2026-09-26,5.1070,0.6906,0.1370,,0.1850,0.8030,0.3499,3.3700,62799.5000
BDL,2026-09-26,80.0000,9.8460,,0.0070,1.3080,5.4800,0.1883,0.4300,41788.1000
BEL,2026-09-26,46.9630,11.9923,,0.2730,0.2490,0.0830,0.2140,0.6400,287676.4000
BERGEPAINT,2026-09-26,43.8612,7.7274,,9.1650,0.1200,0.2850,0.0992,0.8700,53443.7000
BHARATFORG,2026-09-26,135.1279,10.0211,,76.4750,0.1870,,0.0403,0.4200,98125.1000
BHARTIARTL,2026-09-26,37.3124,6.8807,0.2015,100.4150,0.1840,0.3510,0.1314,1.3400,1113850.1000
BHARTIHEXA,2026-09-26,40.6529,10.3403,,85.6540,0.1090,0.2320,0.1900,1.2100,74090.0000
BHEL,2026-09-26,60.0215,5.5794,,31.3120,0.4030,,0.0676,0.3300,145881.1000
BIOCON,2026-09-26,111.0901,1.8186,,42.1450,0.1000,2.3460,0.0286,0.1300,62225.2000
BLUESTARCO,2026-09-26,63.2835,9.3767,,23.5880,0.1330,-0.1510,0.0398,0.5400,32175.3000
BOSCHLTD,2026-09-26,60.2485,9.5861,,0.8000,0.2200,-0.3670,0.1133,0.5600,142318.7000
BPCL,2026-09-26,7.6913,1.3163,,54.3320,0.3440,,0.0347,6.4800,131809.2000
BRITANNIA,2026-09-26,45.6626,23.2894,,26.8750,0.0820,0.1360,0.1338,1.8300,118928.7000
BSE,2026-09-26,46.4691,16.4367,,0.0000,0.6400,0.6210,0.4892,0.3100,129616.1000
CANBK,2026-09-26,5.7073,0.9632,,,-0.1290,0.6220,0.4313,3.3600,113374.1000
CGPOWER,2026-09-26,111.1669,17.5068,,1.4460,0.1400,0.1310,0.0975,0.1500,139586.5000
CHOLAFIN,2026-09-26,24.5707,4.6512,,695.2830,0.3460,0.4370,0.4055,0.1200,142005.5000
CIPLA,2026-09-26,33.5579,3.2837,,1.7780,0.0350,-0.3920,0.1201,0.9300,113077.6000
COALINDIA,2026-09-26,8.4276,2.2046,,11.6290,0.4510,0.0120,0.1814,4.9300,262593.9000
COCHINSHIP,2026-09-26,53.1866,6.1682,,28.4660,0.0240,-0.1930,0.1348,0.8200,36226.2000
COFORGE,2026-09-26,36.6324,6.2825,,7.5180,0.4990,0.3090,0.0964,0.9000,79038.1000
COLPAL,2026-09-26,37.4531,31.8636,,2.9930,0.1180,0.0700,0.2172,2.5900,50475.1000
CONCOR,2026-09-26,28.2436,2.7158,,7.3900,0.0030,0.0060,0.1367,1.8600,35148.7000
COROMANDEL,2026-09-26,31.6452,4.6055,,11.4690,0.1590,-0.2450,0.0562,0.5600,57844.9000
CRISIL,2026-09-26,37.3122,10.1041,0.2905,10.2300,0.2760,0.2620,0.2143,0.8800,33054.8000
CUMMINSIND,2026-09-26,57.8025,16.1738,,0.4310,0.1790,0.0090,0.1869,1.3300,137075.4000
DABUR,2026-09-26,34.7075,5.9892,,10.9070,0.1060,0.1530,0.1455,2.1400,68403.8000
DALBHARAT,2026-09-26,34.1269,1.7737,,40.9870,0.0700,-0.5210,0.0620,0.5900,31917.7000
DIVISLAB,2026-09-26,86.9599,15.2358,,0.0420,0.2780,0.6570,0.2605,0.3100,255367.5000
DIXON,2026-09-26,43.6683,14.9155,,18.4570,0.2110,1.5460,0.0364,0.0700,81413.7000
DLF,2026-09-26,38.0290,3.7179,0.1010,0.6730,-0.5290,0.0420,0.6579,1.1700,169063.8000
DMART,2026-09-26,81.9624,10.1988,,9.9130,0.1490,0.1140,0.0429,,250084.1000
DRREDDY,2026-09-26,30.2290,2.6091,0.0884,18.6050,-0.0560,-0.6870,0.1000,0.6700,100041.9000
EICHERMOT,2026-09-26,34.9644,8.0436,,2.0480,0.3150,0.2130,0.2321,1.1100,202048.0000
ENDURANCE,2026-09-26,38.3131,5.4406,,19.3930,0.3000,0.0800,0.0622,0.4300,37218.0000
ENRIN,2026-09-26,79.2773,24.5195,,4.4830,0.3930,0.6780,0.1577,0.1200,117982.7000
ESCORTS,2026-09-26,22.7274,2.5822,,1.3090,0.2830,-0.7240,0.1129,1.1600,31420.5000
ETERNAL,2026-09-26,712.7659,9.9027,,14.8260,1.8200,2.3330,0.0064,,308380.7000
EXIDEIND,2026-09-26,38.6190,2.5898,,11.3080,0.1770,0.2830,0.0495,0.4700,36010.2000
FEDERALBNK,2026-09-26,17.2377,1.9822,,,0.2140,0.3270,0.3072,0.3700,79543.0000
FLUOROCHEM,2026-09-26,79.3674,6.3749,,28.9400,0.2400,0.2040,0.1163,0.0700,48788.8000
FORTIS,2026-09-26,60.2336,6.3922,,34.1500,0.1750,0.0230,0.1102,0.1200,63254.2000
GAIL,2026-09-26,11.4980,1.2741,,27.8090,0.1670,0.9720,0.0670,3.1800,113551.6000
GICRE,2026-09-26,6.6713,0.5995,0.0911,,-0.0080,-0.3110,0.1682,3.9300,59211.0000
GLAXO,2026-09-26,44.6440,21.0370,,1.4670,0.1660,0.1570,0.2701,2.0200,47699.7000
GLENMARK,2026-09-26,37.3158,6.3897,,5.6460,0.2310,9.3070,0.1014,0.3200,67169.5000
GMRAIRPORT,2026-09-26,244.8750,-41.1901,,,0.2370,,0.0307,,103425.2000
GODFRYPHLP,2026-09-26,22.4726,4.9471,,3.7570,-0.1890,-0.4430,0.2239,2.5400,30734.6000
GODREJCP,2026-09-26,46.9584,7.1192,,34.8990,0.1540,0.1150,0.1209,2.2700,90050.8000
GODREJIND,2026-09-26,31.6433,3.3308,,222.4110,-0.0470,-0.1860,0.0476,,37232.1000
GODREJPROP,2026-09-26,32.0532,2.6733,,82.1190,0.1650,-0.4170,0.3075,0.5900,51211.5000
GRASIM,2026-09-26,38.0243,2.0917,,135.0440,0.2140,0.5130,0.0309,0.3100,216430.5000
GROWW,2026-09-26,47.3570,11.9818,,3.0280,0.6520,0.8570,0.4535,,115819.6000
GVT&D,2026-09-26,84.0369,40.7301,,0.8920,0.3800,0.2470,0.1944,0.2300,109587.9000
HAL,2026-09-26,34.4828,7.8217,,0.1600,0.1440,0.1490,0.2759,0.4200,321012.0000
HAVELLS,2026-09-26,41.8352,7.2740,,2.8010,0.1950,-0.1660,0.0692,1.0900,68812.1000
HCLTECH,2026-09-26,19.5706,4.6118,0.2407,7.0580,0.0300,0.0840,0.1297,4.7700,340385.4000
HDBFS,2026-09-26,19.3767,2.6044,,484.3130,0.2100,0.3260,0.2979,0.6200,53696.3000
HDFCAMC,2026-09-26,34.7204,11.0387,,2.3640,0.1340,0.1180,0.6162,2.2700,102033.7000
HDFCBANK,2026-09-26,16.0787,1.8679,0.1384,,0.1660,0.1810,0.2679,1.7700,1134183.1000
HDFCLIFE,2026-09-26,58.1599,5.9130,0.1083,15.8850,0.1430,0.1190,0.0190,0.4000,115335.8000
HEROMOTOCO,2026-09-26,19.7160,4.9626,,3.5700,0.3490,-0.1720,0.1072,3.4500,107275.7000
HEXT,2026-09-26,22.7844,4.5128,0.2147,10.1800,0.1790,-0.1250,0.0932,2.8700,30288.4000
HINDALCO,2026-09-26,13.2618,1.5879,,72.5980,0.3210,0.7510,0.0555,0.5100,216878.1000
HINDPETRO,2026-09-26,44.7134,1.1395,,85.3690,0.2690,,0.0036,6.9100,74686.6000
HINDUNILVR,2026-09-26,43.0989,9.3663,,3.0160,0.0500,0.0840,0.2264,2.2600,456502.1000
HINDZINC,2026-09-26,14.5780,10.9969,,39.0340,0.7170,1.4460,0.3807,3.5700,248850.2000
HONAUT,2026-09-26,54.3475,6.7093,,2.4760,0.0180,0.2090,0.1172,0.3200,29961.6000
HUDCO,2026-09-26,8.1916,1.5845,,645.7750,0.0980,0.3490,0.9068,3.4500,34831.1000
HYUNDAI,2026-09-26,34.7234,8.5879,,5.4840,-0.0050,-0.3510,0.0700,0.9900,171852.4000
ICICIAMC,2026-09-26,45.3259,37.7358,,4.0660,0.1810,0.2310,0.5550,0.7800,157401.6000
ICICIBANK,2026-09-26,17.1532,2.5016,0.1607,,0.1140,0.1380,0.2753,0.9000,952431.4000
ICICIGI,2026-09-26,32.1544,4.5502,0.1463,,0.1090,-0.4620,0.0876,0.9000,77625.1000
ICICIPRULI,2026-09-26,39.8451,4.6760,0.1257,18.0520,0.1250,0.2850,0.0255,0.3600,67171.2000
IDEA,2026-09-26,4.0860,-4.3212,,,0.0610,,0.8228,,154497.2000
IDFCFIRSTB,2026-09-26,32.3552,1.4827,0.0526,,0.2980,1.1640,0.0909,0.3000,72259.3000
INDHOTEL,2026-09-26,48.3245,7.9262,,18.9870,0.1510,0.2070,0.2087,0.4500,105139.3000
INDIANB,2026-09-26,8.7644,1.3357,0.1617,,0.1030,0.4750,0.3641,2.1900,112067.4000
INDIGO,2026-09-26,,27.3898,,1112.7060,0.1990,,-0.0540,0.1900,191013.3000
INDUSINDBK,2026-09-26,53.7220,1.0806,,,0.0100,0.7170,0.0765,0.1600,71073.6000
INDUSTOWER,2026-09-26,13.8145,2.3875,0.1891,51.7900,0.0460,0.0060,0.2178,3.7400,98802.8000
INFY,2026-09-26,12.9025,4.3895,0.3200,9.5410,0.0290,0.0530,0.1637,5.0000,405115.4000
IOC,2026-09-26,5.5524,0.8512,,58.4460,0.3850,,0.0392,6.0800,191625.2000
IPCALAB,2026-09-26,38.1716,6.2005,,8.4920,0.2080,0.7240,0.1293,0.3000,50000.0000
IRCTC,2026-09-26,26.3167,8.5170,,1.8740,0.1810,0.0000,0.2568,1.9600,36696.0000
IREDA,2026-09-26,16.1053,2.3072,,565.6710,0.2370,0.3300,0.6925,1.3200,31806.1000
IRFC,2026-09-26,14.5628,1.8395,,773.3470,0.1030,0.0970,0.9727,3.6300,104482.7000
ITC,2026-09-26,16.9823,4.6484,,3.2930,-0.1110,-0.1600,0.2594,5.9500,337070.9000
ITCHOTELS,2026-09-26,39.1063,2.8928,,0.6340,0.1480,0.3590,0.2028,0.6200,33724.8000
JINDALSTEL,2026-09-26,43.6745,2.3280,,43.6130,0.2590,-0.4370,0.0482,0.1700,118517.0000
JIOFIN,2026-09-26,70.4969,1.0736,,16.2860,2.0820,1.7020,0.5501,0.2600,149891.3000
JKCEMENT,2026-09-26,40.8163,5.4899,,87.5220,0.2800,-0.1450,0.0656,0.4000,38634.1000
JSL,2026-09-26,19.0104,13.6974,,37.5230,0.1050,0.0760,0.0738,0.5300,61652.0000
JSWENERGY,2026-09-26,39.7294,2.8929,,229.1600,0.0120,-0.3950,0.1037,0.3900,92818.9000
JSWINFRA,2026-09-26,50.9930,6.9403,,59.0020,0.1810,-0.1030,0.2658,0.2500,83820.4000
JSWSTEEL,2026-09-26,12.5627,3.1153,,95.3740,0.0980,1.1300,0.1306,0.5600,311712.9000
JUBLFOOD,2026-09-26,85.7611,13.9031,,205.3180,0.1370,0.0600,0.0442,0.2500,31867.6000
KALYANKJIL,2026-09-26,41.3122,9.3687,,96.9660,0.4570,0.3160,0.0367,0.4400,59176.6000
KEI,2026-09-26,44.8426,6.7035,,3.7960,0.2300,0.4000,0.0808,0.1000,44678.9000
KOTAKBANK,2026-09-26,19.8039,2.2173,,,0.2100,0.2250,0.2847,0.1600,401894.4000
KPITTECH,2026-09-26,24.3850,3.9932,,23.6240,0.0890,-0.3180,0.0884,1.4400,14139.5000
KPRMILL,2026-09-26,41.5004,6.6376,,10.4630,0.0960,0.2150,0.1338,0.4500,37896.7000
LAURUSLABS,2026-09-26,99.0133,20.4431,,46.3690,0.2910,1.2520,0.1504,0.1200,108440.7000
LENSKART,2026-09-26,178.5433,13.5171,,34.9830,0.4330,2.5810,0.0680,,117821.1000
LGEINDIA,2026-09-26,64.0936,15.2781,,5.9900,0.1550,0.2720,0.0713,,117115.4000
LICHSGFIN,2026-09-26,5.4261,0.7516,,642.5220,0.1450,0.0990,0.6518,1.7700,31133.6000
LICI,2026-09-26,8.6134,2.9300,,0.4310,0.0680,0.4000,0.0651,2.4400,258724.0000
LINDEINDIA,2026-09-26,96.1569,12.2783,,1.8500,0.2160,-0.0250,0.2059,0.0700,52385.8000
LLOYDSME,2026-09-26,21.4594,7.4573,,145.2140,2.0860,1.6930,0.2151,0.0500,103430.1000
LODHA,2026-09-26,28.2493,4.9975,,42.2380,0.4310,1.0330,0.2269,0.3600,116409.5000
LT,2026-09-26,32.1543,4.8790,,97.6400,0.0810,0.1400,0.0559,0.9800,533313.2000
LTF,2026-09-26,22.4152,2.5338,,393.4420,0.2930,0.2820,0.3308,0.9700,71171.7000
LTM,2026-09-26,23.1371,4.9338,0.2197,9.8740,0.1800,0.1690,0.1187,1.8400,121045.1000
LTTS,2026-09-26,26.5956,5.2504,,8.9110,0.0260,0.1280,0.1168,1.8100,34012.3000
LUPIN,2026-09-26,17.3308,4.2605,,29.3880,0.3200,0.1600,0.1845,0.8600,95665.1000
M&M,2026-09-26,18.1487,3.6433,,125.2780,0.2750,0.3340,0.0861,1.0900,364431.3000
M&MFIN,2026-09-26,14.4952,1.7370,,429.8510,0.3670,0.6400,0.3089,2.2500,46288.4000
MAHABANK,2026-09-26,8.6701,1.8293,0.2296,,0.2180,0.3420,0.5341,2.5900,65285.9000
MANKIND,2026-09-26,49.9980,6.2680,,38.1110,0.1290,0.2960,0.1386,0.0800,102212.4000
MARICO,2026-09-26,56.1728,25.2536,,12.3940,0.2140,0.2470,0.1316,0.4900,106305.6000
MARUTI,2026-09-26,26.4549,3.5399,,0.0960,0.3590,-0.0910,0.0727,1.1600,379326.7000
MAXHEALTH,2026-09-26,68.0080,9.1820,,32.3670,0.1670,0.0480,0.1672,0.2000,98693.7000
MAZDOCK,2026-09-26,33.1115,9.0957,,4.4810,0.1210,0.2150,0.2012,0.9500,88727.5000
MCX,2026-09-26,54.9479,20.1093,,0.1130,0.8530,1.0340,0.5556,0.2400,84623.4000
MEDANTA,2026-09-26,72.4515,10.1403,,29.8690,0.2650,-0.0020,0.1187,0.0300,40184.7000
MFSL,2026-09-26,454.2056,9.4765,,36.4530,0.1680,0.3730,0.0022,,50053.0000
MOTHERSON,2026-09-26,39.0825,4.2586,,43.9080,0.1660,1.0420,0.0336,0.3000,174513.0000
MOTILALOFS,2026-09-26,31.9466,4.8053,,165.8000,0.2390,0.0870,0.2296,1.0700,62046.4000
MPHASIS,2026-09-26,22.3221,3.7606,0.1774,24.6750,0.1750,0.1070,0.1156,2.7800,42628.5000
MRF,2026-09-26,21.7391,2.5080,,15.2880,0.0960,-0.0100,0.0758,0.3700,52605.0000
MUTHOOTFIN,2026-09-26,10.0049,2.8033,0.3174,393.5600,0.3530,0.3880,0.5550,1.0600,113816.3000
NAM-INDIA,2026-09-26,45.8763,15.8463,,1.6170,0.2450,0.2640,0.5251,1.8600,74052.9000
NATIONALUM,2026-09-26,9.7632,3.0489,,0.2770,0.3930,0.9110,0.3491,1.1200,65880.0000
NAUKRI,2026-09-26,50.7605,2.1438,,0.6400,0.1140,0.5070,0.4740,1.1500,81278.1000
NESTLEIND,2026-09-26,68.9575,50.9517,,8.6210,0.2520,0.4810,0.1562,0.8800,262752.1000
NHPC,2026-09-26,27.8388,1.8469,,113.1110,0.1850,0.0280,0.3109,2.1200,76342.3000
NIACL,2026-09-26,38.6433,0.7551,,,0.0150,,0.0149,0.8500,29103.7000
NLCINDIA,2026-09-26,11.0501,1.6912,,110.3580,0.2330,-0.4230,0.1746,1.4700,36406.1000
NMDC,2026-09-26,9.4222,2.0585,,18.8020,0.0080,0.0040,0.2322,2.5000,70246.6000
NTPC,2026-09-26,9.9878,1.5594,,128.3450,0.0780,0.1180,0.1453,3.7800,316693.1000
NTPCGREEN,2026-09-26,129.8194,4.2225,,165.2810,0.6270,0.3850,0.1848,,78760.9000
NYKAA,2026-09-26,374.9438,66.4476,,82.8290,0.2910,2.5000,0.0240,,95614.1000
OBEROIRLTY,2026-09-26,25.7054,3.7706,,15.7650,0.3170,0.2890,0.4159,0.4300,67575.5000
OFSS,2026-09-26,27.5483,13.5373,0.4990,0.5670,0.6870,1.2020,0.3815,6.1700,93808.9000
OIL,2026-09-26,9.2514,1.3324,,58.7410,0.5770,0.9140,0.2168,2.7400,77288.3000
ONGC,2026-09-26,6.8168,0.7982,,42.5480,0.2570,0.2140,0.0618,6.1500,296718.5000
PAGEIND,2026-09-26,55.5556,27.9812,,18.4220,0.0790,-0.0400,0.1413,2.1200,42044.5000
PATANJALI,2026-09-26,22.3177,3.3531,,21.2950,0.2740,0.8610,0.0461,1.0000,43944.9000
PAYTM,2026-09-26,172.3996,6.6968,,1.0730,0.2770,0.7990,0.0725,,107036.8000
PERSISTENT,2026-09-26,44.0545,9.9825,0.2520,6.9400,0.2910,0.1210,0.1224,0.6700,83927.3000
PETRONET,2026-09-26,10.2139,1.9281,,10.5070,-0.5320,0.3510,0.1132,3.4900,42975.0000
PFC,2026-09-26,4.2828,0.7804,,536.8370,0.0080,0.0210,0.5448,4.6200,111543.4000
PHOENIXLTD,2026-09-26,55.2935,6.4379,,37.2110,0.1280,0.2330,0.2816,0.1300,70763.0000
PIDILITIND,2026-09-26,58.4888,14.2552,,3.7760,0.2130,0.2960,0.1720,0.7600,154532.9000
PIIND,2026-09-26,31.2500,3.2420,,3.0480,-0.1040,-0.3890,0.1788,0.6300,36409.5000
PNB,2026-09-26,6.0666,0.8570,0.1497,,-0.0640,1.7500,0.3815,2.5700,134007.7000
POLICYBZR,2026-09-26,71.8866,7.3697,,4.9220,0.4010,0.9230,0.1020,,53880.8000
POLYCAB,2026-09-26,44.6667,10.4670,0.2555,1.7380,0.3900,0.3250,0.0918,0.5600,126661.5000
POWERGRID,2026-09-26,13.1914,2.4942,,150.8130,0.0270,-0.0080,0.3380,3.8000,250651.3000
POWERINDIA,2026-09-26,120.4822,26.7255,,1.6630,0.6860,1.2350,0.1255,0.0300,138330.3000
PREMIERENE,2026-09-26,24.0386,9.3749,,86.0050,0.3530,0.5300,0.1967,0.1700,40467.7000
PRESTIGE,2026-09-26,55.8715,3.9116,0.0775,105.4930,0.1590,-0.1930,0.0872,0.1400,63653.3000
RADICO,2026-09-26,86.9510,18.4028,,15.0330,0.1180,0.7600,0.1130,0.2000,61060.2000
RECLTD,2026-09-26,5.1497,0.9786,,607.4630,0.2520,-0.0610,0.6889,1.9800,82406.7000
RELIANCE,2026-09-26,22.2222,1.8352,,36.6530,0.2970,-0.2240,0.0661,0.4900,1659081.1000
RVNL,2026-09-26,47.9167,4.3943,,49.0780,0.1060,0.1690,0.0432,1.6600,43159.9000
SAIL,2026-09-26,17.8917,1.2671,,52.8990,0.0130,1.2110,0.0384,1.2700,76414.7000
SBICARD,2026-09-26,25.5412,3.7003,,280.2060,0.2340,0.1950,0.1820,0.4100,58164.5000
SBILIFE,2026-09-26,67.1032,8.6807,0.1370,,0.1880,0.2180,0.0214,0.1500,174793.2000
SBIN,2026-09-26,10.5156,1.4589,0.1518,,0.1030,0.0990,0.2238,1.7700,907369.7000
SCHAEFFLER,2026-09-26,50.0025,10.2111,0.2165,0.7830,0.1730,0.1300,0.1193,0.8700,62641.8000
SHREECEM,2026-09-26,49.7515,3.4922,,8.0130,0.1800,-0.1770,0.0745,0.6200,81253.8000
SHRIRAMFIN,2026-09-26,17.5450,2.8375,0.1850,276.2150,0.4280,0.2950,0.5001,1.3900,233916.2000
SIEMENS,2026-09-26,81.9662,9.9759,,2.2130,0.1480,4.0610,0.1902,0.4600,138067.9000
SJVN,2026-09-26,35.0909,1.7057,,226.5280,0.5200,-0.0170,0.1277,2.4300,24270.4000
SOLARINDS,2026-09-26,89.3520,28.4638,,23.2710,0.7030,0.9270,0.1754,0.0600,178672.6000
SRF,2026-09-26,34.8279,5.3616,,36.1950,0.3180,0.7560,0.1272,0.3900,75287.1000
SUNDARMFIN,2026-09-26,22.3622,3.3629,,409.1610,0.2680,0.3380,0.4609,0.8900,49686.1000
SUNPHARMA,2026-09-26,36.7646,5.3178,,5.5170,0.1050,0.2740,0.2019,0.8600,444404.8000
SUPREMEIND,2026-09-26,43.6654,7.3098,,1.4730,0.0420,0.3870,0.0911,1.0100,45114.0000
SUZLON,2026-09-26,17.8166,5.7360,0.3937,2.8070,0.2250,-0.0830,0.1809,,56085.4000
SWIGGY,2026-09-26,,3.7688,,13.9290,0.3730,,-0.1505,,69390.7000
TATACAP,2026-09-26,26.4548,3.1183,,502.9310,0.4030,0.4720,0.3968,0.1700,143009.1000
TATACOMM,2026-09-26,50.3931,13.7785,,335.8540,0.1050,-0.2940,0.0372,1.0500,47509.5000
TATACONSUM,2026-09-26,59.5518,4.4656,,12.1590,0.1190,0.2790,0.0784,1.0200,97306.3000
TATAELXSI,2026-09-26,30.3024,6.5278,,5.3360,0.1450,0.1810,0.1674,2.3500,19854.2000
TATAINVEST,2026-09-26,76.2998,1.1282,,0.0070,0.0410,-0.0180,1.0525,0.5200,32967.9000
TATAPOWER,2026-09-26,30.1230,2.9747,,168.0510,0.0560,0.1090,0.0609,0.6800,117428.7000
TATASTEEL,2026-09-26,21.2877,2.2967,,89.0170,0.1430,0.1140,0.0460,2.1300,234479.7000
TCS,2026-09-26,15.1286,6.8710,0.4774,10.2110,0.1390,0.0460,0.1805,3.1200,753285.8000
TECHM,2026-09-26,26.7357,4.6291,,7.2690,0.1770,0.2830,0.0868,3.2900,137140.9000
THERMAX,2026-09-26,65.3621,6.9985,,42.1660,0.0710,-0.8340,0.0547,0.4100,38832.2000
TIINDIA,2026-09-26,81.2917,6.2702,,5.3630,0.1680,-0.1530,0.0263,0.1400,48607.9000
TITAN,2026-09-26,74.6218,27.6123,,195.0010,0.2930,0.6280,0.0623,0.3100,433363.3000
TMCV,2026-09-26,38.7621,12.7671,,44.0950,0.1930,0.8340,0.0481,0.9100,162595.2000
TMPV,2026-09-26,,0.9544,,70.3640,-0.0820,-0.8030,0.2281,1.0300,106972.5000
TORNTPHARM,2026-09-26,79.9952,20.1269,,85.4460,0.5480,-0.0820,0.1387,0.7600,189746.5000
TORNTPOWER,2026-09-26,27.1735,3.3142,,70.8850,0.0280,-0.1270,0.0796,1.5900,63219.7000
TRENT,2026-09-26,78.7404,20.3782,,36.0340,0.1780,0.2070,0.0864,0.1500,142335.7000
TVSMOTOR,2026-09-26,57.4689,20.6506,,306.0900,0.3430,0.6710,0.0569,0.2900,197565.8000
UBL,2026-09-26,83.3089,7.3151,,29.0760,0.0710,-0.0950,0.0419,0.8000,33085.0000
ULTRACEMCO,2026-09-26,38.5093,4.2820,,29.4320,0.1590,0.1680,0.0929,2.1500,328146.2000
UNIONBANK,2026-09-26,6.6642,0.9859,0.1580,,0.1640,0.2740,0.4046,2.7700,137557.6000
UNITDSPR,2026-09-26,59.8738,11.2920,,4.6110,-0.1020,0.1120,0.1492,1.1900,101097.7000
UNOMINDA,2026-09-26,58.5859,11.2591,,37.7400,0.2380,0.0120,0.0580,0.2200,70334.2000
UPL,2026-09-26,22.5708,1.3383,,57.1280,0.1050,,0.0382,1.0900,46494.9000
VBL,2026-09-26,43.4800,6.7551,0.1685,15.8690,0.2040,0.1570,0.1404,0.4600,147070.9000
VEDL,2026-09-26,11.6974,2.0947,,48.0440,-0.3730,0.7220,0.2321,12.7700,104004.4000
VMM,2026-09-26,54.4737,6.5123,,26.8170,0.1870,0.2500,0.0661,,48482.6000
VOLTAS,2026-09-26,82.6460,5.8027,,15.5100,0.1870,0.5200,0.0300,0.3600,36999.5000
WAAREEENER,2026-09-26,18.8473,4.9682,,21.4020,0.7920,0.1420,0.1270,0.1600,71769.0000
WIPRO,2026-09-26,13.0175,2.0942,0.1613,27.3980,0.1060,0.0090,0.1392,4.8800,162270.6000
YESBANK,2026-09-26,18.7500,1.3527,0.0747,,0.0900,0.3080,0.2319,,70625.4000
ZYDUSLIFE,2026-09-26,26.8668,4.4683,,42.3040,0.2200,-0.3590,0.1578,0.0800,120089.5000
360ONE,2026-09-28,34.7869,4.3087,,161.9770,0.2990,0.1280,0.2646,1.6800,42627.0000
3MINDIA,2026-09-28,65.2293,21.2891,,9.6000,0.1900,0.3120,0.1086,0.4700,37642.2000
ABB,2026-09-28,93.2651,15.8268,0.1913,1.5470,0.1210,0.0300,0.2135,0.5600,147753.1000
ABBOTINDIA,2026-09-28,35.1782,11.9016,,3.6020,0.0430,0.1710,0.2305,1.9500,56820.6000
ABCAPITAL,2026-09-28,24.7863,2.9123,,495.9360,0.3140,0.3910,0.1194,,104775.5000
ACC,2026-09-28,11.9698,1.1089,,2.0850,-0.0380,-0.6060,0.0756,0.6100,22788.0000
ADANIENSOL,2026-09-28,53.1531,6.0845,,194.5000,0.4240,1.2410,0.0958,,157504.3000
ADANIENT,2026-09-28,49.2708,4.5223,,119.5600,0.4990,,0.0655,0.0400,402858.0000
ADANIGREEN,2026-09-28,117.6191,10.5456,,346.5480,0.1660,0.1850,0.1310,,203426.3000
ADANIPORTS,2026-09-28,29.7306,4.1866,,64.0510,0.1860,0.0240,0.3243,0.4200,401741.3000
ADANIPOWER,2026-09-28,26.5772,5.8248,,82.3320,0.3400,0.4440,0.2415,,378250.0000
AIAENG,2026-09-28,28.3268,4.4661,,0.1280,0.1240,-0.0130,0.2784,0.4100,
AIIL,2026-09-28,28.6442,3.1613,,24.5900,0.1410,0.1750,0.8205,0.0400,46558.8000
AJANTPHARM,2026-09-28,38.8152,9.7286,,5.8740,0.2480,0.3080,0.1965,1.8000,44050.6000
ALKEM,2026-09-28,28.6910,4.4772,,14.2670,0.1090,-0.2170,0.1431,0.3800,61874.9000
AMBUJACEM,2026-09-28,20.9720,1.5592,,1.2050,-0.0770,-0.2750,0.1113,0.5200,93019.1000
ANTHEM,2026-09-28,84.0178,15.7131,,1.7720,-0.2260,-0.1280,0.2869,0.2300,47807.5000
APARINDS,2026-09-28,58.8578,12.8575,,17.7160,0.2910,0.7740,0.0484,0.3400,72284.2000
APLAPOLLO,2026-09-28,49.6049,11.5191,,9.3960,0.0850,0.1100,0.0523,0.3800,61001.6000
APOLLOHOSP,2026-09-28,61.1498,13.4380,,85.1460,0.2060,0.3410,0.0791,0.2200,127393.2000
APOLLOTYRE,2026-09-28,14.4457,1.4744,,21.9870,0.1280,26.6000,0.0583,2.7500,24645.4000
ASHOKLEY,2026-09-28,26.2196,6.4019,,344.7370,0.1160,0.0100,0.0602,2.2000,
ASIANPAINT,2026-09-28,48.7805,10.8614,,17.8470,0.1790,0.3990,0.1281,1.1300,231991.9000
ASTRAL,2026-09-28,64.0421,9.0733,,6.1680,0.1590,0.4800,0.0848,0.2900,36818.5000
ATGL,2026-09-28,103.3826,13.4391,,58.6500,0.2720,-0.1400,0.1008,0.0400,65378.2000
AUBANK,2026-09-28,26.3516,3.7244,,,0.2980,0.3510,0.2558,0.1000,74589.4000
AUROPHARMA,2026-09-28,26.5069,2.6020,,21.3100,0.1630,0.2580,0.1063,0.2400,97670.4000
AWL,2026-09-28,20.2534,2.2379,,10.6210,0.1750,0.4730,0.0149,0.5400,23338.0000
AXISBANK,2026-09-28,13.6143,1.6862,0.1335,,0.1400,0.2180,0.3603,0.0800,376711.3000
BAJAJ-AUTO,2026-09-28,26.1990,7.9347,,56.3520,0.6400,0.4580,0.1625,1.3300,302943.8000
BAJAJFINSV,2026-09-28,27.7127,3.5949,,256.4040,0.1930,0.1270,0.0647,0.0700,280362.9000
BAJAJHFL,2026-09-28,25.5480,3.0514,0.1268,460.7400,0.1960,0.2290,0.6318,,68728.1000
BAJAJHLDNG,2026-09-28,13.5791,1.6431,0.1160,0.0120,0.2420,-0.2240,7.3464,1.1900,120197.0000
BAJFINANCE,2026-09-28,30.2147,5.3725,,314.8330,0.2610,0.2720,0.4350,0.5400,612759.9000
BALKRISIND,2026-09-28,29.5974,3.8006,,37.5240,0.2520,0.5640,0.1220,0.7300,41636.7000
BANKBARODA,2026-09-28,6.4778,0.6979,0.1132,,0.1800,-0.4860,0.2739,3.6100,117648.5000
BANKINDIA,2026-09-28,4.8127,0.6508,0.1370,,0.1850,0.8030,0.3499,3.3700,59180.1000
BDL,2026-09-28,78.2456,9.6301,,0.0070,1.3080,5.4800,0.1883,0.4300,40871.7000
BEL,2026-09-28,46.0024,11.7470,,0.2730,0.2490,0.0830,0.2140,0.6400,281792.0000
BERGEPAINT,2026-09-28,43.3349,7.6347,,9.1650,0.1200,0.2850,0.0992,0.8700,52802.4000
BHARATFORG,2026-09-28,131.6958,9.7665,,76.4750,0.1870,,0.0403,0.4200,95632.8000
BHARTIARTL,2026-09-28,37.0199,6.8268,0.2015,100.4150,0.1840,0.3510,0.1314,1.3400,1105116.0000
BHARTIHEXA,2026-09-28,39.1358,9.9544,,85.6540,0.1090,0.2320,0.1900,1.2100,71325.0000
BHEL,2026-09-28,58.5085,5.4855,,31.3120,0.4030,,0.0676,0.3300,143426.2000
BIOCON,2026-09-28,108.9826,1.7841,,42.1450,0.1000,2.3460,0.0286,0.1300,
BLUESTARCO,2026-09-28,63.7040,9.4390,,23.5880,0.1330,-0.1510,0.0398,0.5400,32389.1000
BOSCHLTD,2026-09-28,58.7053,9.3417,,0.8000,0.2200,-0.3670,0.1133,0.5600,
BPCL,2026-09-28,7.5355,1.2896,,54.3320,0.3440,,0.0347,6.4800,129138.9000
BRITANNIA,2026-09-28,45.4545,23.1833,,26.8750,0.0820,0.1360,0.1338,1.8300,118386.8000
BSE,2026-09-28,45.1399,15.9526,,0.0000,0.6400,0.6210,0.4892,0.3100,125798.5000
CANBK,2026-09-28,5.5091,0.9298,,,-0.1290,0.6220,0.4313,3.3600,109437.4000
CGPOWER,2026-09-28,108.5320,17.0918,,1.4460,0.1400,0.1310,0.0975,0.1500,136278.0000
CHOLAFIN,2026-09-28,24.1496,4.5715,,695.2830,0.3460,0.4370,0.4055,0.1200,139571.5000
CIPLA,2026-09-28,33.1743,3.2462,,1.7780,0.0350,-0.3920,0.1201,0.9300,111785.0000
COALINDIA,2026-09-28,8.3597,2.1859,,11.6290,0.4510,0.0120,0.1814,4.9300,260375.3000
COCHINSHIP,2026-09-28,51.3326,5.9532,,28.4660,0.0240,-0.1930,0.1348,0.8200,34963.4000
COFORGE,2026-09-28,36.2725,6.2438,,7.5180,0.4990,0.3090,0.0964,0.9000,78550.7000
COLPAL,2026-09-28,37.2533,31.6936,,2.9930,0.1180,0.0700,0.2172,2.5900,50205.8000
CONCOR,2026-09-28,27.5398,2.6481,,7.3900,0.0030,0.0060,0.1367,1.8600,34272.8000
COROMANDEL,2026-09-28,30.6010,4.4536,,11.4690,0.1590,-0.2450,0.0562,0.5600,55936.3000
CRISIL,2026-09-28,38.3903,10.3960,0.2905,10.2300,0.2760,0.2620,0.2143,0.8800,34009.8000
CUMMINSIND,2026-09-28,56.7504,15.8794,,0.4310,0.1790,0.0090,0.1869,1.3300,134580.6000
DABUR,2026-09-28,34.7210,5.9915,,10.9070,0.1060,0.1530,0.1455,2.1400,68430.4000
DALBHARAT,2026-09-28,33.1513,1.7230,,40.9870,0.0700,-0.5210,0.0620,0.5900,31005.3000
DIVISLAB,2026-09-28,86.3316,15.1257,,0.0420,0.2780,0.6570,0.2605,0.3100,253522.5000
DIXON,2026-09-28,44.4836,15.1940,,18.4570,0.2110,1.5460,0.0364,0.0700,82933.8000
DLF,2026-09-28,36.9460,3.6120,0.1010,0.6730,-0.5290,0.0420,0.6579,1.1700,164249.3000
DMART,2026-09-28,80.6510,10.1171,,9.9130,0.1490,0.1140,0.0429,,248081.8000
DRREDDY,2026-09-28,30.7170,2.6526,0.0884,18.6050,-0.0560,-0.6870,0.1000,0.6700,101707.9000
EICHERMOT,2026-09-28,34.2684,7.8835,,2.0480,0.3150,0.2130,0.2321,1.1100,198026.2000
ENDURANCE,2026-09-28,39.1022,5.5526,,19.3930,0.3000,0.0800,0.0622,0.4300,37984.6000
ENRIN,2026-09-28,76.4015,23.6018,,4.4830,0.3930,0.6780,0.1577,0.1200,113566.8000
ESCORTS,2026-09-28,21.8122,2.4782,,1.3090,0.2830,-0.7240,0.1129,1.1600,30155.2000
ETERNAL,2026-09-28,704.1490,9.7830,,14.8260,1.8200,2.3330,0.0064,,304652.5000
EXIDEIND,2026-09-28,37.5342,2.5170,,11.3080,0.1770,0.2830,0.0495,0.4700,34998.8000
FEDERALBNK,2026-09-28,17.3983,2.0007,,,0.2140,0.3270,0.3072,0.3700,80284.0000
FLUOROCHEM,2026-09-28,79.4085,6.3782,,28.9400,0.2400,0.2040,0.1163,0.0700,48814.0000
FORTIS,2026-09-28,59.7232,6.3380,,34.1500,0.1750,0.0230,0.1102,0.1200,62718.1000
GAIL,2026-09-28,11.4814,1.2722,,27.8090,0.1670,0.9720,0.0670,3.1800,113387.2000
GICRE,2026-09-28,6.5092,0.5850,0.0911,,-0.0080,-0.3110,0.1682,3.9300,57772.4000
GLAXO,2026-09-28,45.9236,21.6400,,1.4670,0.1660,0.1570,0.2701,2.0200,49066.8000
GLENMARK,2026-09-28,36.4644,6.2439,,5.6460,0.2310,9.3070,0.1014,0.3200,65637.0000
GMRAIRPORT,2026-09-28,236.8750,-39.8444,,,0.2370,,0.0307,,100046.3000
GODFRYPHLP,2026-09-28,22.0290,4.8494,,3.7570,-0.1890,-0.4430,0.2239,2.5400,30127.9000
GODREJCP,2026-09-28,46.3180,7.0221,,34.8990,0.1540,0.1150,0.1209,2.2700,88822.9000
GODREJIND,2026-09-28,30.8073,3.2428,,222.4110,-0.0470,-0.1860,0.0476,,36248.5000
GODREJPROP,2026-09-28,31.4819,2.6256,,82.1190,0.1650,-0.4170,0.3075,0.5900,50298.8000
GRASIM,2026-09-28,37.5357,2.0648,,135.0440,0.2140,0.5130,0.0309,0.3100,213649.6000
GROWW,2026-09-28,46.4278,11.7467,,3.0280,0.6520,0.8570,0.4535,,113547.3000
GVT&D,2026-09-28,82.5250,39.9973,,0.8920,0.3800,0.2470,0.1944,0.2300,107616.4000
HAL,2026-09-28,34.0374,7.7207,,0.1600,0.1440,0.1490,0.2759,0.4200,316865.6000
HAVELLS,2026-09-28,41.7468,7.1977,,2.8010,0.1950,-0.1660,0.0692,1.0900,68090.4000
HCLTECH,2026-09-28,19.4866,4.5920,0.2407,7.0580,0.0300,0.0840,0.1297,4.7700,338924.3000
HDBFS,2026-09-28,19.0610,2.5612,,484.3130,0.2100,0.3260,0.2979,0.6200,52805.7000
HDFCAMC,2026-09-28,34.5431,10.6873,,2.3640,0.1340,0.1180,0.6162,2.2700,98785.6000
HDFCBANK,2026-09-28,15.7169,1.8259,0.1384,,0.1660,0.1810,0.2679,1.7700,1108665.5000
HDFCLIFE,2026-09-28,58.2256,5.9197,0.1083,15.8850,0.1430,0.1190,0.0190,0.4000,115466.1000
HEROMOTOCO,2026-09-28,19.7951,4.9904,,3.5700,0.3490,-0.1720,0.1072,3.4500,107876.1000
HEXT,2026-09-28,22.4324,4.4451,0.2147,10.1800,0.1790,-0.1250,0.0932,2.8700,29834.1000
HINDALCO,2026-09-28,12.9754,1.5536,,72.5980,0.3210,0.7510,0.0555,0.5100,212194.2000
HINDPETRO,2026-09-28,43.5687,1.1117,,85.3690,0.2690,,0.0036,6.9100,72867.3000
HINDUNILVR,2026-09-28,42.0586,9.1402,,3.0160,0.0500,0.0840,0.2264,2.2600,445482.5000
HINDZINC,2026-09-28,14.1832,10.6991,,39.0340,0.7170,1.4460,0.3807,3.5700,242110.8000
HONAUT,2026-09-28,54.3314,6.7074,,2.4760,0.0180,0.2090,0.1172,0.3200,29952.7000
HUDCO,2026-09-28,7.9407,1.5360,,645.7750,0.0980,0.3490,0.9068,3.4500,33764.0000
HYUNDAI,2026-09-28,33.6677,8.3268,,5.4840,-0.0050,-0.3510,0.0700,0.9900,166627.8000
ICICIAMC,2026-09-28,45.7515,38.0901,,4.0660,0.1810,0.2310,0.5550,0.7800,158879.4000
ICICIBANK,2026-09-28,16.8326,2.4549,0.1607,,0.1140,0.1380,0.2753,0.9000,934629.0000
ICICIGI,2026-09-28,31.8709,4.5100,0.1463,,0.1090,-0.4620,0.0876,0.9000,76940.7000
ICICIPRULI,2026-09-28,39.4750,4.8769,0.1257,18.0520,0.1250,0.2850,0.0255,0.3600,66547.4000
IDEA,2026-09-28,3.8596,-4.0818,,,0.0610,,0.8228,,145938.1000
IDFCFIRSTB,2026-09-28,32.6113,1.4252,0.0526,,0.2980,1.1640,0.0909,0.3000,69456.9000
INDHOTEL,2026-09-28,47.2739,7.7539,,18.9870,0.1510,0.2070,0.2087,0.4500,102853.7000
INDIANB,2026-09-28,8.4531,1.2882,0.1617,,0.1030,0.4750,0.3641,2.1900,108087.1000
INDIGO,2026-09-28,,27.0267,,1112.7060,0.1990,,-0.0540,0.1900,188480.6000
INDUSINDBK,2026-09-28,55.8784,1.0776,,,0.0100,0.7170,0.0765,0.1600,70878.8000
INDUSTOWER,2026-09-28,13.2743,2.2941,0.1891,51.7900,0.0460,0.0060,0.2178,3.7400,94939.3000
INFY,2026-09-28,12.9412,4.4027,0.3200,9.5410,0.0290,0.0530,0.1637,5.0000,406330.5000
IOC,2026-09-28,5.4550,0.8363,,58.4460,0.3850,,0.0392,6.0800,
IPCALAB,2026-09-28,37.1741,6.0385,,8.4920,0.2080,0.7240,0.1293,0.3000,48693.5000
IRCTC,2026-09-28,26.0184,8.4204,,1.8740,0.1810,0.0000,0.2568,1.9600,36280.0000
IREDA,2026-09-28,16.3329,2.3398,,565.6710,0.2370,0.3300,0.6925,1.3200,32255.6000
IRFC,2026-09-28,14.3078,1.8073,,773.3470,0.1030,0.0970,0.9727,3.6300,102653.1000
ITC,2026-09-28,16.7424,4.5828,,3.2930,-0.1110,-0.1600,0.2594,5.9500,332309.3000
ITCHOTELS,2026-09-28,38.3019,2.8333,,0.6340,0.1480,0.3590,0.2028,0.6200,33031.2000
JINDALSTEL,2026-09-28,42.7297,2.2776,,43.6130,0.2590,-0.4370,0.0482,0.1700,115952.9000
JIOFIN,2026-09-28,68.4783,1.0429,,16.2860,2.0820,1.7020,0.5501,0.2600,145599.3000
JKCEMENT,2026-09-28,40.7633,5.4828,,87.5220,0.2800,-0.1450,0.0656,0.4000,38583.9000
JSL,2026-09-28,18.9456,13.6508,,37.5230,0.1050,0.0760,0.0738,0.5300,61441.9000
JSWENERGY,2026-09-28,38.7627,2.8269,,229.1600,0.0120,-0.3950,0.1037,0.3900,90702.5000
JSWINFRA,2026-09-28,49.1197,6.6854,,59.0020,0.1810,-0.1030,0.2658,0.2500,80741.3000
JSWSTEEL,2026-09-28,12.4677,3.0838,,95.3740,0.0980,1.1300,0.1306,0.5600,308564.0000
JUBLFOOD,2026-09-28,84.4268,13.7352,,205.3180,0.1370,0.0600,0.0442,0.2500,
KALYANKJIL,2026-09-28,40.6633,9.2216,,96.9660,0.4570,0.3160,0.0367,0.4400,58247.2000
KEI,2026-09-28,43.3314,6.4776,,3.7960,0.2300,0.4000,0.0808,0.1000,43173.2000
KOTAKBANK,2026-09-28,19.6838,2.2039,,,0.2100,0.2250,0.2847,0.1600,399457.2000
KPITTECH,2026-09-28,23.8967,3.9132,,23.6240,0.0890,-0.3180,0.0884,1.4400,13856.4000
KPRMILL,2026-09-28,41.3053,6.6064,,10.4630,0.0960,0.2150,0.1338,0.4500,37718.6000
LAURUSLABS,2026-09-28,99.1959,20.4808,,46.3690,0.2910,1.2520,0.1504,0.1200,108640.6000
LENSKART,2026-09-28,171.9685,13.0194,,34.9830,0.4330,2.5810,0.0680,,113444.0000
LGEINDIA,2026-09-28,64.2905,15.3250,,5.9900,0.1550,0.2720,0.0713,,117475.1000
LICHSGFIN,2026-09-28,5.4084,0.7491,,642.5220,0.1450,0.0990,0.6518,1.7700,31031.8000
LICI,2026-09-28,8.4365,2.8698,,0.4310,0.0680,0.4000,0.0651,2.4400,506822.0000
LINDEINDIA,2026-09-28,96.9161,12.3752,,1.8500,0.2160,-0.0250,0.2059,0.0700,52799.5000
LLOYDSME,2026-09-28,21.4396,7.4504,,145.2140,2.0860,1.6930,0.2151,0.0500,103334.4000
LODHA,2026-09-28,27.0878,4.7921,,42.2380,0.4310,1.0330,0.2269,0.3600,111623.2000
LT,2026-09-28,31.2435,4.7408,,97.6400,0.0810,0.1400,0.0559,0.9800,518206.2000
LTF,2026-09-28,22.1665,2.5057,,393.4420,0.2930,0.2820,0.3308,0.9700,70390.9000
LTM,2026-09-28,23.1952,4.9440,0.2197,9.8740,0.1800,0.1690,0.1187,1.8400,121294.1000
LTTS,2026-09-28,26.6412,5.2594,,8.9110,0.0260,0.1280,0.1168,1.8100,34070.7000
LUPIN,2026-09-28,17.0823,4.1994,,29.3880,0.3200,0.1600,0.1845,0.8600,94293.2000
M&M,2026-09-28,18.2411,3.5953,,125.2780,0.2750,0.3340,0.0861,1.0900,359628.3000
M&MFIN,2026-09-28,14.1471,1.7300,,429.8510,0.3670,0.6400,0.3089,2.2500,46100.8000
MAHABANK,2026-09-28,8.2584,1.7425,0.2296,,0.2180,0.3420,0.5341,2.5900,62186.2000
MANKIND,2026-09-28,49.2040,6.1685,,38.1110,0.1290,0.2960,0.1386,0.0800,100601.3000
MARICO,2026-09-28,55.7785,25.0763,,12.3940,0.2140,0.2470,0.1316,0.4900,105559.3000
MARUTI,2026-09-28,26.3299,3.5232,,0.0960,0.3590,-0.0910,0.0727,1.1600,377534.6000
MAXHEALTH,2026-09-28,67.0758,9.0562,,32.3670,0.1670,0.0480,0.1672,0.2000,97340.8000
MAZDOCK,2026-09-28,32.1843,8.8410,,4.4810,0.1210,0.2150,0.2012,0.9500,86242.6000
MCX,2026-09-28,53.9332,19.7380,,0.1130,0.8530,1.0340,0.5556,0.2400,
MEDANTA,2026-09-28,69.4477,9.7199,,29.8690,0.2650,-0.0020,0.1187,0.0300,38518.6000
MFSL,2026-09-28,449.8442,9.3855,,36.4530,0.1680,0.3730,0.0022,,49572.3000
MOTHERSON,2026-09-28,39.0312,4.1727,,43.9080,0.1660,1.0420,0.0336,0.3000,170995.6000
MOTILALOFS,2026-09-28,31.4064,4.7241,,165.8000,0.2390,0.0870,0.2296,1.0700,60997.2000
MPHASIS,2026-09-28,22.3571,3.7665,0.1774,24.6750,0.1750,0.1070,0.1156,2.7800,42695.3000
MRF,2026-09-28,21.6322,2.4957,,15.2880,0.0960,-0.0100,0.0758,0.3700,52346.3000
MUTHOOTFIN,2026-09-28,9.7403,2.7291,0.3174,393.5600,0.3530,0.3880,0.5550,1.0600,110805.3000
NAM-INDIA,2026-09-28,43.3743,14.9821,,1.6170,0.2450,0.2640,0.5251,1.8600,70014.2000
NATIONALUM,2026-09-28,9.4914,2.9665,,0.2770,0.3930,0.9110,0.3491,1.1200,64098.4000
NAUKRI,2026-09-28,50.7241,2.1423,,0.6400,0.1140,0.5070,0.4740,1.1500,81219.8000
NESTLEIND,2026-09-28,68.1174,50.3309,,8.6210,0.2520,0.4810,0.1562,0.8800,259551.1000
NHPC,2026-09-28,27.2894,1.8105,,113.1110,0.1850,0.0280,0.3109,2.1200,74835.5000
NIACL,2026-09-28,36.4464,0.7262,,,0.0150,,0.0149,0.8500,27989.6000
NLCINDIA,2026-09-28,10.8039,1.6535,,110.3580,0.2330,-0.4230,0.1746,1.4700,35595.0000
NMDC,2026-09-28,9.2620,1.9949,,18.8020,0.0080,0.0040,0.2322,2.5000,68075.0000
NTPC,2026-09-28,9.8016,1.5331,,128.3450,0.0780,0.1180,0.1453,3.7800,311360.0000
NTPCGREEN,2026-09-28,128.0694,4.1656,,165.2810,0.6270,0.3850,0.1848,,77699.2000
NYKAA,2026-09-28,365.7303,64.8148,,82.8290,0.2910,2.5000,0.0240,,93264.6000
OBEROIRLTY,2026-09-28,25.3112,3.7128,,15.7650,0.3170,0.2890,0.4159,0.4300,66539.2000
OFSS,2026-09-28,27.6250,13.5750,0.4990,0.5670,0.6870,1.2020,0.3815,6.1700,94070.2000
OIL,2026-09-28,9.1121,1.3123,,58.7410,0.5770,0.9140,0.2168,2.7400,76125.2000
ONGC,2026-09-28,6.6474,0.7783,,42.5480,0.2570,0.2140,0.0618,6.1500,289346.4000
PAGEIND,2026-09-28,55.2682,27.8365,,18.4220,0.0790,-0.0400,0.1413,2.1200,41827.0000
PATANJALI,2026-09-28,21.5912,3.2440,,21.2950,0.2740,0.8610,0.0461,1.0000,42514.3000
PAYTM,2026-09-28,162.9283,6.5440,,1.0730,0.2770,0.7990,0.0725,,104594.3000
PERSISTENT,2026-09-28,43.6977,9.9017,0.2520,6.9400,0.2910,0.1210,0.1224,0.6700,83247.7000
PETRONET,2026-09-28,10.3333,1.9506,,10.5070,-0.5320,0.3510,0.1132,3.4900,43477.5000
PFC,2026-09-28,4.1814,0.7619,,536.8370,0.0080,0.0210,0.5448,4.6200,108903.4000
PHOENIXLTD,2026-09-28,54.5155,6.3526,,37.2110,0.1280,0.2330,0.2816,0.1300,69825.9000
PIDILITIND,2026-09-28,57.9414,14.1218,,3.7760,0.2130,0.2960,0.1720,0.7600,153086.6000
PIIND,2026-09-28,30.5740,3.1731,,3.0480,-0.1040,-0.3890,0.1788,0.6300,35635.8000
PNB,2026-09-28,5.8585,0.8276,0.1497,,-0.0640,1.7500,0.3815,2.5700,129410.5000
POLICYBZR,2026-09-28,71.5538,7.2768,,4.9220,0.4010,0.9230,0.1020,,53201.6000
POLYCAB,2026-09-28,43.1037,10.1963,0.2555,1.7380,0.3900,0.3250,0.0918,0.5600,123385.2000
POWERGRID,2026-09-28,12.8169,2.4234,,150.8130,0.0270,-0.0080,0.3380,3.8000,243536.3000
POWERINDIA,2026-09-28,117.4735,26.0582,,1.6630,0.6860,1.2350,0.1255,0.0300,134876.0000
PREMIERENE,2026-09-28,24.2961,9.4753,,86.0050,0.3530,0.5300,0.1967,0.1700,40901.1000
PRESTIGE,2026-09-28,55.6068,3.8931,0.0775,105.4930,0.1590,-0.1930,0.0872,0.1400,63351.8000
RADICO,2026-09-28,85.4474,18.0846,,15.0330,0.1180,0.7600,0.1130,0.2000,60004.3000
RECLTD,2026-09-28,4.9901,0.9483,,607.4630,0.2520,-0.0610,0.6889,1.9800,
RELIANCE,2026-09-28,21.7075,1.7927,,36.6530,0.2970,-0.2240,0.0661,0.4900,
RVNL,2026-09-28,47.0418,4.3040,,49.0780,0.1060,0.1690,0.0432,1.6600,42273.8000
SAIL,2026-09-28,17.8143,1.2616,,52.8990,0.0130,1.2110,0.0384,1.2700,76084.3000
SBICARD,2026-09-28,24.7280,3.5780,,280.2060,0.2340,0.1950,0.1820,0.4100,56242.1000
SBILIFE,2026-09-28,66.5678,8.6115,0.1370,,0.1880,0.2180,0.0214,0.1500,173398.4000
SBIN,2026-09-28,10.2910,1.4278,0.1518,,0.1030,0.0990,0.2238,1.7700,887985.4000
SCHAEFFLER,2026-09-28,49.3512,10.0781,0.2165,0.7830,0.1730,0.1300,0.1193,0.8700,61825.9000
SHREECEM,2026-09-28,48.9782,3.4379,,8.0130,0.1800,-0.1770,0.0745,0.6200,79991.0000
SHRIRAMFIN,2026-09-28,17.2309,2.7867,0.1850,276.2150,0.4280,0.2950,0.5001,1.3900,229727.8000
SIEMENS,2026-09-28,80.0317,9.7404,,2.2130,0.1480,4.0610,0.1902,0.4600,134809.4000
SJVN,2026-09-28,34.6932,1.6864,,226.5280,0.5200,-0.0170,0.1277,2.4300,23995.3000
SOLARINDS,2026-09-28,87.3751,27.6060,,23.2710,0.7030,0.9270,0.1754,0.0600,173288.5000
SRF,2026-09-28,34.1629,5.2592,,36.1950,0.3180,0.7560,0.1272,0.3900,73849.6000
SUNDARMFIN,2026-09-28,22.1001,3.3222,,409.1610,0.2680,0.3380,0.4609,0.8900,49084.3000
SUNPHARMA,2026-09-28,36.4827,5.2770,,5.5170,0.1050,0.2740,0.2019,0.8600,440997.8000
SUPREMEIND,2026-09-28,43.0480,7.2064,,1.4730,0.0420,0.3870,0.0911,1.0100,44476.1000
SUZLON,2026-09-28,17.3188,5.5757,0.3937,2.8070,0.2250,-0.0830,0.1809,,54518.3000
SWIGGY,2026-09-28,,3.6428,,13.9290,0.3730,,-0.1505,,67072.0000
TATACAP,2026-09-28,25.5928,3.0167,,502.9310,0.4030,0.4720,0.3968,0.1700,138349.7000
TATACOMM,2026-09-28,49.9186,13.6859,,335.8540,0.1050,-0.2940,0.0372,1.0500,47190.2000
TATACONSUM,2026-09-28,58.6439,4.3602,,12.1590,0.1190,0.2790,0.0784,1.0200,95010.2000
TATAELXSI,2026-09-28,30.3414,6.5362,,5.3360,0.1450,0.1810,0.1674,2.3500,19879.8000
TATAINVEST,2026-09-28,75.4625,1.1158,,0.0070,0.0410,-0.0180,1.0525,0.5200,32606.1000
TATAPOWER,2026-09-28,30.0332,2.9293,,168.0510,0.0560,0.1090,0.0609,0.6800,115639.3000
TATASTEEL,2026-09-28,21.0985,2.2763,,89.0170,0.1430,0.1140,0.0460,2.1300,232396.5000
TCS,2026-09-28,15.0465,6.8337,0.4774,10.2110,0.1390,0.0460,0.1805,3.1200,
TECHM,2026-09-28,26.6356,4.6117,,7.2690,0.1770,0.2830,0.0868,3.2900,136627.1000
THERMAX,2026-09-28,64.2017,6.8742,,42.1660,0.0710,-0.8340,0.0547,0.4100,38142.8000
TIINDIA,2026-09-28,78.3371,6.1401,,5.3630,0.1680,-0.1530,0.0263,0.1400,47599.4000
TITAN,2026-09-28,74.1918,27.2476,,195.0010,0.2930,0.6280,0.0623,0.3100,427640.2000
TMCV,2026-09-28,38.0114,12.5199,,44.0950,0.1930,0.8340,0.0481,0.9100,159446.4000
TMPV,2026-09-28,,0.9258,,70.3640,-0.0820,-0.8030,0.2281,1.0300,103768.3000
TORNTPHARM,2026-09-28,78.0789,19.6448,,85.4460,0.5480,-0.0820,0.1387,0.7600,185201.1000
TORNTPOWER,2026-09-28,26.7966,3.2683,,70.8850,0.0280,-0.1270,0.0796,1.5900,62342.9000
TRENT,2026-09-28,77.4631,20.0476,,36.0340,0.1780,0.2070,0.0864,0.1500,140026.8000
TVSMOTOR,2026-09-28,56.6077,58.2396,,306.0900,0.3430,0.6710,0.0569,0.2900,
UBL,2026-09-28,81.0519,7.1181,,29.0760,0.0710,-0.0950,0.0419,0.8000,32188.7000
ULTRACEMCO,2026-09-28,38.0133,4.2321,,29.4320,0.1590,0.1680,0.0929,2.1500,324322.0000
UNIONBANK,2026-09-28,6.3729,0.9397,0.1580,,0.1640,0.2740,0.4046,2.7700,131107.2000
UNITDSPR,2026-09-28,59.5206,11.2254,,4.6110,-0.1020,0.1120,0.1492,1.1900,100501.2000
UNOMINDA,2026-09-28,56.3130,9.9174,,37.7400,0.2380,0.0120,0.0580,0.2200,67736.9000
UPL,2026-09-28,22.5482,1.3370,,57.1280,0.1050,,0.0382,1.0900,46448.4000
VBL,2026-09-28,43.0000,6.6805,0.1685,15.8690,0.2040,0.1570,0.1404,0.4600,145447.3000
VEDL,2026-09-28,11.3746,2.0369,,48.0440,-0.3730,0.7220,0.2321,12.7700,101134.4000
VMM,2026-09-28,53.0579,6.3430,,26.8170,0.1870,0.2500,0.0661,,47227.6000
VOLTAS,2026-09-28,83.9246,5.8925,,15.5100,0.1870,0.5200,0.0300,0.3600,37572.0000
WAAREEENER,2026-09-28,18.5311,4.8885,,21.4020,0.7920,0.1420,0.1270,0.1600,70618.4000
WIPRO,2026-09-28,12.8222,2.0628,0.1613,27.3980,0.1060,0.0090,0.1392,4.8800,159836.8000
YESBANK,2026-09-28,17.6500,1.2733,0.0747,,0.0900,0.3080,0.2319,,66482.0000
ZYDUSLIFE,2026-09-28,27.0541,4.5095,,42.3040,0.2200,-0.3590,0.1578,0.0800,121196.7000
360ONE,2026-09-30,34.2762,4.2468,,161.9770,0.2990,0.1280,0.2646,1.7500,42015.2000
ABB,2026-09-30,95.0751,15.3807,0.1913,1.5470,0.1210,0.0300,0.2135,0.5900,143589.1000
ABBOTINDIA,2026-09-30,35.6847,12.0730,,3.6020,0.0430,0.1710,0.2305,1.9300,57638.7000
ABCAPITAL,2026-09-30,24.6343,2.8964,,495.9360,0.3140,0.3910,0.1194,,104200.5000
ADANIENSOL,2026-09-30,54.1210,6.2106,,194.5000,0.4240,1.2410,0.0958,,160769.6000
ADANIENT,2026-09-30,50.3451,4.6378,,119.5600,0.4990,,0.0655,0.0400,413146.1000
ADANIGREEN,2026-09-30,122.1797,10.9128,,346.5480,0.1660,0.1850,0.1310,,210509.1000
ADANIPORTS,2026-09-30,30.6511,4.3177,,64.0510,0.1860,0.0240,0.3243,0.4100,414321.0000
ADANIPOWER,2026-09-30,27.6423,6.0583,,82.3320,0.3400,0.4440,0.2415,,393407.8000
AIAENG,2026-09-30,28.5303,4.4981,,0.1280,0.1240,-0.0130,0.2784,0.4200,36105.7000
AIIL,2026-09-30,28.5729,3.1518,,24.5900,0.1410,0.1750,0.8205,0.0400,46418.7000
AJANTPHARM,2026-09-30,39.9118,9.9924,,5.8740,0.2480,0.3080,0.1965,1.8000,45245.2000
ALKEM,2026-09-30,28.1804,4.4672,,14.2670,0.1090,-0.2170,0.1431,0.3800,61737.4000
AMBUJACEM,2026-09-30,20.9524,1.5577,,1.2050,-0.0770,-0.2750,0.1113,0.5500,92932.2000
ANTHEM,2026-09-30,85.0941,15.8516,,1.7720,-0.2260,-0.1280,0.2869,0.2300,48228.8000
APARINDS,2026-09-30,59.1796,12.9476,,17.7160,0.2910,0.7740,0.0484,0.3400,72790.9000
APLAPOLLO,2026-09-30,49.4491,11.4830,,9.3960,0.0850,0.1100,0.0523,0.3900,60810.0000
APOLLOHOSP,2026-09-30,56.3565,12.3846,,85.1460,0.2060,0.3410,0.0791,0.2300,117407.4000
ASHOKLEY,2026-09-30,26.3573,6.3594,,344.7370,0.1160,0.0100,0.0602,2.2800,90569.0000
ASIANPAINT,2026-09-30,48.2935,10.7833,,17.8470,0.1790,0.3990,0.1281,1.1400,230323.9000
ASTERDM,2026-09-30,112.9903,7.8512,,45.9210,0.2160,-0.8140,0.0654,0.5400,60768.6000
ASTRAL,2026-09-30,63.8881,9.0726,,6.1680,0.1590,0.4800,0.0848,0.2900,36815.8000
ATGL,2026-09-30,104.0105,13.4266,,58.6500,0.2720,-0.1400,0.1008,0.0400,65317.7000
AUBANK,2026-09-30,26.7984,3.7806,,,0.2980,0.3510,0.2558,0.1000,75713.5000
AUROPHARMA,2026-09-30,26.1087,2.5629,,21.3100,0.1630,0.2580,0.1063,0.2400,96203.2000
AXISBANK,2026-09-30,13.7799,1.7086,0.1335,,0.1400,0.2180,0.3603,0.0800,381738.4000
BAJAJ-AUTO,2026-09-30,25.8566,7.8267,,56.3520,0.6400,0.4580,0.1625,1.3900,298575.8000
BAJAJFINSV,2026-09-30,27.3806,3.5518,,256.4040,0.1930,0.1270,0.0647,0.0700,277002.4000
BAJAJHFL,2026-09-30,25.3870,3.0322,0.1268,460.7400,0.1960,0.2290,0.6318,,68295.0000
BAJAJHLDNG,2026-09-30,13.5534,1.6413,0.1160,0.0120,0.2420,-0.2240,7.3464,1.2300,120063.4000
BAJFINANCE,2026-09-30,28.4688,5.2329,,314.8330,0.2610,0.2720,0.4350,0.5500,596834.4000
BALKRISIND,2026-09-30,29.1117,3.7357,,37.5240,0.2520,0.5640,0.1220,0.7500,40925.2000
BANKBARODA,2026-09-30,6.5628,0.7072,0.1132,,0.1800,-0.4860,0.2739,3.7300,119225.8000
BANKINDIA,2026-09-30,4.8219,0.6520,0.1370,,0.1850,0.8030,0.3499,3.5700,59293.9000
BDL,2026-09-30,80.5588,9.5878,,0.0070,1.3080,5.4800,0.1883,0.4500,40692.1000
BEL,2026-09-30,46.1712,11.8323,,0.2730,0.2490,0.0830,0.2140,0.6400,283838.7000
BERGEPAINT,2026-09-30,43.6255,7.6785,,9.1650,0.1200,0.2850,0.0992,0.8900,53105.6000
BHARATFORG,2026-09-30,130.4878,9.6118,,76.4750,0.1870,,0.0403,0.4400,94118.0000
BHARTIARTL,2026-09-30,36.7189,6.7713,0.2015,100.4150,0.1840,0.3510,0.1314,1.3600,1096132.2000
BHARTIHEXA,2026-09-30,39.0274,9.9404,,85.6540,0.1090,0.2320,0.1900,1.2800,71225.0000
BHEL,2026-09-30,59.5272,5.5334,,31.3120,0.4030,,0.0676,0.3400,144679.7000
BIOCON,2026-09-30,107.9592,1.7622,,42.1450,0.1000,2.3460,0.0286,0.1300,60295.7000
BLUESTARCO,2026-09-30,61.2591,9.0951,,23.5880,0.1330,-0.1510,0.0398,0.5600,31209.0000
BOSCHLTD,2026-09-30,58.8125,9.3576,,0.8000,0.2200,-0.3670,0.1133,0.5900,138926.6000
BPCL,2026-09-30,7.5592,1.2937,,54.3320,0.3440,,0.0347,6.6800,129544.8000
BRITANNIA,2026-09-30,44.5983,22.7824,,26.8750,0.0820,0.1360,0.1338,1.8700,116339.4000
BSE,2026-09-30,44.9419,15.9243,,0.0000,0.6400,0.6210,0.4892,0.3100,125575.1000
CANBK,2026-09-30,5.4514,0.9204,,,-0.1290,0.6220,0.4313,3.5100,108339.9000
CGPOWER,2026-09-30,108.2636,16.8784,,1.4460,0.1400,0.1310,0.0975,0.1500,134576.5000
CHOLAFIN,2026-09-30,23.9291,4.5318,,695.2830,0.3460,0.4370,0.4055,0.1200,138407.1000
CIPLA,2026-09-30,32.3169,3.1577,,1.7780,0.0350,-0.3920,0.1201,0.9400,108739.4000
COALINDIA,2026-09-30,8.4813,2.1989,,11.6290,0.4510,0.0120,0.1814,4.9400,261916.0000
COCHINSHIP,2026-09-30,50.7918,5.8905,,28.4660,0.0240,-0.1930,0.1348,0.8300,34595.1000
COFORGE,2026-09-30,35.8716,6.1596,,7.5180,0.4990,0.3090,0.0964,0.9300,77491.9000
COLPAL,2026-09-30,35.5289,30.2754,,2.9930,0.1180,0.0700,0.2172,2.6900,47959.2000
CONCOR,2026-09-30,27.4203,2.6334,,7.3900,0.0030,0.0060,0.1367,1.9400,34082.4000
COROMANDEL,2026-09-30,29.9881,4.1232,,11.4690,0.1590,-0.2450,0.0562,0.6100,51786.2000
CRISIL,2026-09-30,38.3458,9.9494,0.2905,10.2300,0.2760,0.2620,0.2143,0.9000,32548.7000
CUMMINSIND,2026-09-30,55.7116,15.5687,,0.4310,0.1790,0.0090,0.1869,1.3800,131947.2000
DABUR,2026-09-30,34.2124,5.9037,,10.9070,0.1060,0.1530,0.1455,2.1700,67428.1000
DALBHARAT,2026-09-30,33.7145,1.7565,,40.9870,0.0700,-0.5210,0.0620,0.6100,31607.9000
DIVISLAB,2026-09-30,83.9947,14.7163,,0.0420,0.2780,0.6570,0.2605,0.3200,246660.1000
DIXON,2026-09-30,42.6155,14.5924,,18.4570,0.2110,1.5460,0.0364,0.0800,79650.5000
DLF,2026-09-30,38.0791,3.6689,0.1010,0.6730,-0.5290,0.0420,0.6579,1.2300,166836.0000
DMART,2026-09-30,81.2612,10.1116,,9.9130,0.1490,0.1140,0.0429,,247944.8000
DRREDDY,2026-09-30,31.0189,2.6787,0.0884,18.6050,-0.0560,-0.6870,0.1000,0.6400,102707.5000
EICHERMOT,2026-09-30,34.0622,7.8141,,2.0480,0.3150,0.2130,0.2321,1.1400,196283.0000
EMBASSY,2026-09-30,92.9447,1.6874,,,,,,,35064.5000
ENDURANCE,2026-09-30,38.4888,5.4624,,19.3930,0.3000,0.0800,0.0622,0.4300,37367.1000
ENRIN,2026-09-30,76.6651,23.6832,,4.4830,0.3930,0.6780,0.1577,0.1300,113958.6000
ESCORTS,2026-09-30,21.6230,2.4551,,1.3090,0.2830,-0.7240,0.1129,1.2200,29874.6000
ETERNAL,2026-09-30,695.6522,9.4593,,14.8260,1.8200,2.3330,0.0064,,294572.6000
EXIDEIND,2026-09-30,37.6804,2.5222,,11.3080,0.1770,0.2830,0.0495,0.4900,35071.0000
FACT,2026-09-30,,35.4746,,295.1470,0.2020,,-0.0178,0.0500,49044.8000
FEDERALBNK,2026-09-30,16.9733,1.9539,,,0.2140,0.3270,0.3072,0.3700,78406.6000
FLUOROCHEM,2026-09-30,78.7223,6.3231,,28.9400,0.2400,0.2040,0.1163,0.0700,48392.2000
FORTIS,2026-09-30,55.4356,5.8745,,34.1500,0.1750,0.0230,0.1102,0.1200,58131.8000
GAIL,2026-09-30,11.3473,1.2582,,27.8090,0.1670,0.9720,0.0670,3.2300,112138.0000
GICRE,2026-09-30,6.5445,0.5883,0.0911,,-0.0080,-0.3110,0.1682,4.1400,58097.0000
GLAXO,2026-09-30,44.0200,20.6904,,1.4670,0.1660,0.1570,0.2701,2.0500,46913.6000
GLENMARK,2026-09-30,36.6400,6.2681,,5.6460,0.2310,9.3070,0.1014,0.3100,65891.0000
GMRAIRPORT,2026-09-30,237.8750,-40.0126,,,0.2370,,0.0307,,101439.2000
GODFRYPHLP,2026-09-30,21.5713,4.7498,,3.7570,-0.1890,-0.4430,0.2239,2.6900,29508.6000
GODREJCP,2026-09-30,45.3575,6.8765,,34.8990,0.1540,0.1150,0.1209,2.3400,86980.9000
GODREJIND,2026-09-30,29.7481,3.1322,,222.4110,-0.0470,-0.1860,0.0476,,35012.3000
GODREJPROP,2026-09-30,30.6570,2.5607,,82.1190,0.1650,-0.4170,0.3075,0.6100,49054.7000
GRASIM,2026-09-30,36.5818,2.0071,,135.0440,0.2140,0.5130,0.0309,0.3200,207685.4000
GROWW,2026-09-30,46.5595,11.7800,,3.0280,0.6520,0.8570,0.4535,,113869.3000
GVT&D,2026-09-30,82.6968,39.9783,,0.8920,0.3800,0.2470,0.1944,0.2400,107565.1000
HAL,2026-09-30,34.9009,7.6066,,0.1600,0.1440,0.1490,0.2759,0.4400,312184.2000
HAVELLS,2026-09-30,39.0920,6.7399,,2.8010,0.1950,-0.1660,0.0692,1.1500,63760.3000
HCLTECH,2026-09-30,19.1350,4.5091,0.2407,7.0580,0.0300,0.0840,0.1297,4.9100,332809.3000
HDBFS,2026-09-30,18.5684,2.4965,,484.3130,0.2100,0.3260,0.2979,0.6300,51471.9000
HDFCAMC,2026-09-30,33.2415,10.5871,,2.3640,0.1340,0.1180,0.6162,2.4300,97858.8000
HDFCBANK,2026-09-30,15.4907,1.7996,0.1384,,0.1660,0.1810,0.2679,1.8000,1092707.4000
HDFCLIFE,2026-09-30,57.0865,5.8039,0.1083,15.8850,0.1430,0.1190,0.0190,0.4000,113207.2000
HEROMOTOCO,2026-09-30,19.2479,4.8524,,3.5700,0.3490,-0.1720,0.1072,3.5500,104894.0000
HEXT,2026-09-30,22.6651,4.4892,0.2147,10.1800,0.1790,-0.1250,0.0932,2.9600,30129.8000
HINDALCO,2026-09-30,12.7875,1.5307,,72.5980,0.3210,0.7510,0.0555,0.5200,209064.3000
HINDCOPPER,2026-09-30,40.1913,13.6881,,3.3190,0.8140,1.6190,0.3249,0.9100,45706.4000
HINDPETRO,2026-09-30,44.6875,1.1373,,85.3690,0.2690,,0.0036,6.9400,74548.3000
HINDUNILVR,2026-09-30,41.8321,9.0587,,3.0160,0.0500,0.0840,0.2264,2.3600,441511.7000
HINDZINC,2026-09-30,14.0134,10.5684,,39.0340,0.7170,1.4460,0.3807,3.7300,239153.1000
HUDCO,2026-09-30,7.8427,1.5171,,645.7750,0.0980,0.3490,0.9068,3.6200,33347.6000
HYUNDAI,2026-09-30,33.3498,8.2468,,5.4840,-0.0050,-0.3510,0.0700,1.0000,165027.1000
ICICIAMC,2026-09-30,44.6442,37.1682,,4.0660,0.1810,0.2310,0.5550,0.7700,155034.1000
ICICIBANK,2026-09-30,17.0762,2.4920,0.1607,,0.1140,0.1380,0.2753,0.9300,948770.4000
ICICIGI,2026-09-30,33.4244,4.6565,0.1463,,0.1090,-0.4620,0.0876,0.9200,79438.7000
ICICIPRULI,2026-09-30,38.0944,4.4821,0.1257,18.0520,0.1250,0.2850,0.0255,0.3700,64385.7000
IDEA,2026-09-30,3.7106,-3.9242,,,0.0610,,0.8228,,140304.2000
IDFCFIRSTB,2026-09-30,31.4440,1.4410,0.0526,,0.2980,1.1640,0.0909,0.3100,70224.3000
INDHOTEL,2026-09-30,48.3510,7.9464,,18.9870,0.1510,0.2070,0.2087,0.4500,105406.9000
INDIANB,2026-09-30,8.4948,1.2938,0.1617,,0.1030,0.4750,0.3641,2.2900,108551.8000
INDIGO,2026-09-30,,27.6338,,1112.7060,0.1990,,-0.0540,0.1900,192714.6000
INDUSINDBK,2026-09-30,53.0860,1.0678,,,0.0100,0.7170,0.0765,0.1700,70232.1000
INDUSTOWER,2026-09-30,13.7611,2.3783,0.1891,51.7900,0.0460,0.0060,0.2178,3.8100,98420.4000
INFY,2026-09-30,12.8139,4.3627,0.3200,9.5410,0.0290,0.0530,0.1637,4.9200,402644.7000
IOB,2026-09-30,10.3893,1.5330,0.1653,,0.4810,0.4590,0.3656,,59618.4000
IOC,2026-09-30,5.5209,0.8464,,58.4460,0.3850,,0.0392,6.2800,190537.9000
IPCALAB,2026-09-30,37.3812,6.0627,,8.4920,0.2080,0.7240,0.1293,0.3100,48888.8000
IRCTC,2026-09-30,26.1424,8.4557,,1.8740,0.1810,0.0000,0.2568,1.9900,36432.0000
IREDA,2026-09-30,15.8862,2.2758,,565.6710,0.2370,0.3300,0.6925,1.3500,31373.5000
IRFC,2026-09-30,14.4408,1.8241,,773.3470,0.1030,0.0970,0.9727,3.6100,103607.1000
ITC,2026-09-30,16.5773,4.5404,,3.2930,-0.1110,-0.1600,0.2594,6.0400,329239.3000
ITCHOTELS,2026-09-30,40.4261,2.9326,,0.6340,0.1480,0.3590,0.2028,0.6200,34189.3000
JINDALSTEL,2026-09-30,42.5534,2.2682,,43.6130,0.2590,-0.4370,0.0482,0.1800,115474.7000
JIOFIN,2026-09-30,67.3540,1.0257,,16.2860,2.0820,1.7020,0.5501,0.2800,143208.9000
JKCEMENT,2026-09-30,41.4232,5.5734,,87.5220,0.2800,-0.1450,0.0656,0.4100,39221.4000
JSL,2026-09-30,18.9936,13.6819,,37.5230,0.1050,0.0760,0.0738,0.5400,61582.0000
JSWENERGY,2026-09-30,38.8915,2.8252,,229.1600,0.0120,-0.3950,0.1037,0.4000,90647.5000
JSWINFRA,2026-09-30,50.2254,6.8359,,59.0020,0.1810,-0.1030,0.2658,0.2600,82558.7000
JSWSTEEL,2026-09-30,12.3634,3.0577,,95.3740,0.0980,1.1300,0.1306,0.5600,305952.2000
JUBLFOOD,2026-09-30,80.8319,13.1040,,205.3180,0.1370,0.0600,0.0442,0.2600,30036.0000
KALYANKJIL,2026-09-30,39.8523,9.0442,,96.9660,0.4570,0.3160,0.0367,0.4400,57126.6000
KEI,2026-09-30,42.6765,6.3901,,3.7960,0.2300,0.4000,0.0808,0.1000,42590.1000
KOTAKBANK,2026-09-30,20.4612,2.2887,,,0.2100,0.2250,0.2847,0.1600,414826.7000
KPRMILL,2026-09-30,41.3066,6.6190,,10.4630,0.0960,0.2150,0.1338,0.4600,37790.5000
LAURUSLABS,2026-09-30,98.0683,20.1681,,46.3690,0.2910,1.2520,0.1504,0.1200,106981.8000
LENSKART,2026-09-30,179.8031,13.6125,,34.9830,0.4330,2.5810,0.0680,,118652.4000
LGEINDIA,2026-09-30,64.2378,15.2613,,5.9900,0.1550,0.2720,0.0713,,116986.4000
LICHSGFIN,2026-09-30,5.0824,0.7041,,642.5220,0.1450,0.0990,0.6518,1.8200,29164.3000
LICI,2026-09-30,8.3200,2.8308,,0.4310,0.0680,0.4000,0.0651,2.5600,249963.9000
LINDEINDIA,2026-09-30,99.0290,12.6391,,1.8500,0.2160,-0.0250,0.2059,0.0600,53925.2000
LLOYDSME,2026-09-30,22.0093,7.6440,,145.2140,2.0860,1.6930,0.2151,0.0500,106018.6000
LODHA,2026-09-30,27.5686,4.8688,,42.2380,0.4310,1.0330,0.2269,0.3800,113411.8000
LT,2026-09-30,31.1465,4.7327,,97.6400,0.0810,0.1400,0.0559,1.0100,517325.7000
LTF,2026-09-30,21.6858,2.3643,,393.4420,0.2930,0.2820,0.3308,1.0100,66410.2000
LTM,2026-09-30,22.9217,4.8879,0.2197,9.8740,0.1800,0.1690,0.1187,1.9100,119918.6000
LTTS,2026-09-30,26.7956,5.2872,,8.9110,0.0260,0.1280,0.1168,1.8800,34251.0000
LUPIN,2026-09-30,16.8258,4.1347,,29.3880,0.3200,0.1600,0.1845,0.8800,92839.0000
M&M,2026-09-30,18.2290,3.5413,,125.2780,0.2750,0.3340,0.0861,1.1200,354224.9000
M&MFIN,2026-09-30,13.8529,1.6940,,429.8510,0.3670,0.6400,0.3089,2.2900,45141.9000
MAHABANK,2026-09-30,8.1073,1.7106,0.2296,,0.2180,0.3420,0.5341,2.7800,61047.9000
MANKIND,2026-09-30,50.5818,6.3412,,38.1110,0.1290,0.2960,0.1386,0.0800,103405.9000
MARICO,2026-09-30,53.9835,24.2361,,12.3940,0.2140,0.2470,0.1316,0.5100,102022.2000
MARUTI,2026-09-30,26.2388,3.5112,,0.0960,0.3590,-0.0910,0.0727,1.1800,376245.5000
MAXHEALTH,2026-09-30,62.2773,8.4196,,32.3670,0.1670,0.0480,0.1672,0.2000,90498.4000
MAZDOCK,2026-09-30,31.8367,8.7376,,4.4810,0.1210,0.2150,0.2012,1.0000,85234.2000
MCX,2026-09-30,54.6062,19.9612,,0.1130,0.8530,1.0340,0.5556,0.2500,83999.8000
MEDANTA,2026-09-30,66.1337,9.2561,,29.8690,0.2650,-0.0020,0.1187,0.0400,36680.5000
MEESHO,2026-09-30,,23.9914,,1.4280,0.4830,,-0.0868,,105414.6000
MFSL,2026-09-30,429.1875,8.9266,,36.4530,0.1680,0.3730,0.0022,,47148.7000
MOTHERSON,2026-09-30,38.5047,4.1956,,43.9080,0.1660,1.0420,0.0336,0.3200,171932.9000
MOTILALOFS,2026-09-30,30.8600,4.6419,,165.8000,0.2390,0.0870,0.2296,1.1000,59935.9000
MPHASIS,2026-09-30,21.5526,3.6266,0.1774,24.6750,0.1750,0.1070,0.1156,2.8800,41109.6000
MRF,2026-09-30,21.9370,2.5332,,15.2880,0.0960,-0.0100,0.0758,0.3800,53133.0000
MUTHOOTFIN,2026-09-30,9.6642,2.7065,0.3174,393.5600,0.3530,0.3880,0.5550,1.1000,109885.9000
NAM-INDIA,2026-09-30,42.4603,14.6547,,1.6170,0.2450,0.2640,0.5251,2.0100,68484.5000
NATIONALUM,2026-09-30,9.2801,2.8980,,0.2770,0.3930,0.9110,0.3491,1.1500,62620.0000
NAUKRI,2026-09-30,49.7146,2.0835,,0.6400,0.1140,0.5070,0.4740,1.1600,78991.6000
NESTLEIND,2026-09-30,66.2285,48.9848,,8.6210,0.2520,0.4810,0.1562,0.8900,252609.2000
NH,2026-09-30,44.3306,8.0188,,129.0330,0.7800,0.0540,0.0900,0.2500,36383.3000
NHPC,2026-09-30,26.6703,1.7694,,113.1110,0.1850,0.0280,0.3109,2.2000,73137.9000
NLCINDIA,2026-09-30,11.0143,1.6858,,110.3580,0.2330,-0.4230,0.1746,1.5100,36288.3000
NMDC,2026-09-30,9.0795,1.9720,,18.8020,0.0080,0.0040,0.2322,2.6000,67292.6000
NTPC,2026-09-30,9.7922,1.5410,,128.3450,0.0780,0.1180,0.1453,3.8200,312959.9000
NTPCGREEN,2026-09-30,129.6806,4.2180,,165.2810,0.6270,0.3850,0.1848,,78676.6000
NYKAA,2026-09-30,359.5506,63.7196,,82.8290,0.2910,2.5000,0.0240,,91688.7000
OBEROIRLTY,2026-09-30,24.4252,3.5823,,15.7650,0.3170,0.2890,0.4159,0.4500,64201.2000
OFSS,2026-09-30,27.1902,13.3613,0.4990,0.5670,0.6870,1.2020,0.3815,6.3900,92589.4000
OIL,2026-09-30,8.7337,1.2581,,58.7410,0.5770,0.9140,0.2168,2.8300,72977.8000
ONGC,2026-09-30,6.5279,0.7641,,42.5480,0.2570,0.2140,0.0618,6.3000,284062.7000
PAGEIND,2026-09-30,53.7659,27.0088,,18.4220,0.0790,-0.0400,0.1413,2.1900,40583.4000
PATANJALI,2026-09-30,21.1046,3.0132,,21.2950,0.2740,0.8610,0.0461,1.0900,39490.0000
PAYTM,2026-09-30,163.3885,6.7128,,1.0730,0.2770,0.7990,0.0725,,107292.6000
PERSISTENT,2026-09-30,43.1502,9.8097,0.2520,6.9400,0.2910,0.1210,0.1224,0.7000,82474.4000
PETRONET,2026-09-30,10.1462,1.9146,,10.5070,-0.5320,0.3510,0.1132,3.5300,42675.0000
PFC,2026-09-30,4.1244,0.7515,,536.8370,0.0080,0.0210,0.5448,4.8100,107418.3000
PHOENIXLTD,2026-09-30,54.0805,6.2966,,37.2110,0.1280,0.2330,0.2816,0.1300,69210.7000
PIDILITIND,2026-09-30,56.3500,13.7657,,3.7760,0.2130,0.2960,0.1720,0.7900,149226.3000
PIIND,2026-09-30,30.0781,3.1204,,3.0480,-0.1040,-0.3890,0.1788,0.6600,35044.1000
PIRAMALFIN,2026-09-30,27.4091,1.6075,0.0604,286.7810,0.0210,0.6710,0.3220,0.5200,48265.9000
PNB,2026-09-30,5.8824,0.8310,0.1497,,-0.0640,1.7500,0.3815,2.6800,129939.2000
POLICYBZR,2026-09-30,65.9988,6.7244,,4.9220,0.4010,0.9230,0.1020,,49162.8000
POLYCAB,2026-09-30,42.6348,9.9909,0.2555,1.7380,0.3900,0.3250,0.0918,0.5800,120899.7000
POWERGRID,2026-09-30,12.7571,2.4109,,150.8130,0.0270,-0.0080,0.3380,3.9200,242280.7000
POWERINDIA,2026-09-30,118.6427,26.3768,,1.6630,0.6860,1.2350,0.1255,0.0300,136525.1000
PREMIERENE,2026-09-30,24.3317,9.0998,,86.0050,0.3530,0.5300,0.1967,0.1700,39280.4000
PRESTIGE,2026-09-30,58.0909,3.9225,0.0775,105.4930,0.1590,-0.1930,0.0872,0.1400,63829.9000
RADICO,2026-09-30,83.3047,17.6311,,15.0330,0.1180,0.7600,0.1130,0.2100,58499.6000
RECLTD,2026-09-30,4.9202,0.9350,,607.4630,0.2520,-0.0610,0.6889,2.1200,78733.4000
RELIANCE,2026-09-30,21.7838,1.7768,,36.6530,0.2970,-0.2240,0.0661,0.5100,1606304.5000
RVNL,2026-09-30,47.8104,4.2830,,49.0780,0.1060,0.1690,0.0432,1.7300,42067.4000
SAIL,2026-09-30,17.6204,1.2431,,52.8990,0.0130,1.2110,0.0384,1.2900,74964.9000
SBICARD,2026-09-30,24.1862,3.4996,,280.2060,0.2340,0.1950,0.1820,0.4300,55009.8000
SBILIFE,2026-09-30,65.6248,8.4535,0.1370,,0.1880,0.2180,0.0214,0.1600,170217.6000
SBIN,2026-09-30,10.2642,1.4241,0.1518,,0.1030,0.0990,0.2238,1.8000,885677.7000
SCHAEFFLER,2026-09-30,48.4955,9.9293,0.2165,0.7830,0.1730,0.1300,0.1193,0.8900,60913.1000
SHREECEM,2026-09-30,50.0157,3.4650,,8.0130,0.1800,-0.1770,0.0745,0.6400,80622.4000
SHRIRAMFIN,2026-09-30,17.3499,2.8050,0.1850,276.2150,0.4280,0.2950,0.5001,1.4200,231233.7000
SIEMENS,2026-09-30,80.3277,9.5863,,2.2130,0.1480,4.0610,0.1902,0.4900,132676.3000
SOLARINDS,2026-09-30,89.1483,28.3989,,23.2710,0.7030,0.9270,0.1754,0.0600,178265.4000
SRF,2026-09-30,33.9163,5.2191,,36.1950,0.3180,0.7560,0.1272,0.4100,73286.4000
SUNDARMFIN,2026-09-30,21.6054,3.2487,,409.1610,0.2680,0.3380,0.4609,0.9200,47999.7000
SUNPHARMA,2026-09-30,36.0723,5.2155,,5.5170,0.1050,0.2740,0.2019,0.8600,435863.2000
SUPREMEIND,2026-09-30,42.4373,7.1059,,1.4730,0.0420,0.3870,0.0911,1.0400,43855.9000
SUZLON,2026-09-30,17.3202,5.5518,0.3937,2.8070,0.2250,-0.0830,0.1809,,54284.6000
SWIGGY,2026-09-30,,3.5589,,13.9290,0.3730,,-0.1505,,65526.2000
TATACAP,2026-09-30,25.5811,3.0153,,502.9310,0.4030,0.4720,0.3968,0.1700,138286.4000
TATACOMM,2026-09-30,50.0211,13.6934,,335.8540,0.1050,-0.2940,0.0372,1.0600,47215.9000
TATACONSUM,2026-09-30,57.5106,4.3125,,12.1590,0.1190,0.2790,0.0784,1.0300,93971.1000
TATAINVEST,2026-09-30,75.0666,1.0736,,0.0070,0.0410,-0.0180,1.0525,0.5400,31371.6000
TATAPOWER,2026-09-30,29.9416,2.9059,,168.0510,0.0560,0.1090,0.0609,0.7000,114712.7000
TATASTEEL,2026-09-30,20.8484,2.2519,,89.0170,0.1430,0.1140,0.0460,2.1300,229901.7000
TCS,2026-09-30,15.1728,6.7673,0.4774,10.2110,0.1390,0.0460,0.1805,3.2000,741925.0000
TECHM,2026-09-30,26.9068,4.5573,,7.2690,0.1770,0.2830,0.0868,3.3800,135014.7000
THERMAX,2026-09-30,66.5007,6.8868,,42.1660,0.0710,-0.8340,0.0547,0.4300,38212.7000
TIINDIA,2026-09-30,77.4878,5.9304,,5.3630,0.1680,-0.1530,0.0263,0.1500,45973.4000
TITAN,2026-09-30,70.0840,25.9331,,195.0010,0.2930,0.6280,0.0623,0.3200,407010.1000
TMCV,2026-09-30,37.2812,12.1931,,44.0950,0.1930,0.8340,0.0481,0.9300,155284.8000
TMPV,2026-09-30,,0.9315,,70.3640,-0.0820,-0.8030,0.2281,1.0700,104412.8000
TORNTPHARM,2026-09-30,76.4210,19.3664,,85.4460,0.5480,-0.0820,0.1387,0.7800,182576.6000
TORNTPOWER,2026-09-30,27.0143,3.2912,,70.8850,0.0280,-0.1270,0.0796,1.6400,62781.3000
TRENT,2026-09-30,77.1286,20.0140,,36.0340,0.1780,0.2070,0.0864,0.1500,139792.2000
TVSMOTOR,2026-09-30,57.0278,20.3958,,306.0900,0.3430,0.6710,0.0569,0.2900,195127.9000
UBL,2026-09-30,77.1552,6.7703,,29.0760,0.0710,-0.0950,0.0419,0.8300,30620.8000
ULTRACEMCO,2026-09-30,37.7754,4.2056,,29.4320,0.1590,0.1680,0.0929,2.2200,322292.3000
UNIONBANK,2026-09-30,6.3240,0.9356,0.1580,,0.1640,0.2740,0.4046,3.0100,130534.7000
UNITDSPR,2026-09-30,56.7715,10.7384,,4.6110,-0.1020,0.1120,0.1492,1.2500,96141.5000
UNOMINDA,2026-09-30,56.2771,10.8154,,37.7400,0.2380,0.0120,0.0580,0.2300,67562.5000
UPL,2026-09-30,22.1481,1.3132,,57.1280,0.1050,,0.0382,1.1200,45624.2000
VAML,2026-09-30,41.8763,,,,0.4600,2.1630,0.5626,3.6800,161202.6000
VBL,2026-09-30,43.1138,6.7116,0.1685,15.8690,0.2040,0.1570,0.1404,0.4700,146123.8000
VEDL,2026-09-30,11.3696,2.0369,,48.0440,-0.3730,0.7220,0.2321,13.0800,101134.4000
VMM,2026-09-30,53.1579,6.3550,,26.8170,0.1870,0.2500,0.0661,,47311.5000
VOLTAS,2026-09-30,79.1420,5.5526,,15.5100,0.1870,0.5200,0.0300,0.3700,35404.7000
WAAREEENER,2026-09-30,17.9362,4.7280,,21.4020,0.7920,0.1420,0.1270,0.1700,68299.9000
WIPRO,2026-09-30,12.5894,2.0237,0.1613,27.3980,0.1060,0.0090,0.1392,5.1000,156809.4000
YESBANK,2026-09-30,17.4583,1.2595,0.0747,,0.0900,0.3080,0.2319,,65760.1000
ZYDUSLIFE,2026-09-30,25.9317,4.3127,,42.3040,0.2200,-0.3590,0.1578,0.0800,115909.9000
360ONE,2026-10-01,34.5745,4.2881,,161.9770,0.2990,0.1280,0.2646,1.7500,42423.1000
ABB,2026-10-01,92.5678,15.6622,0.1913,1.5470,0.1210,0.0300,0.2135,0.5800,146216.8000
ABBOTINDIA,2026-10-01,35.3390,11.9461,,3.6020,0.0430,0.1710,0.2305,1.9400,57033.1000
ABCAPITAL,2026-10-01,24.2751,2.8541,,495.9360,0.3140,0.3910,0.1194,,102681.0000
ADANIENSOL,2026-10-01,54.5395,6.2664,,194.5000,0.4240,1.2410,0.0958,,162212.7000
ADANIENT,2026-10-01,48.9963,4.4995,,119.5600,0.4990,,0.0655,0.0400,381316.6000
ADANIGREEN,2026-10-01,121.7653,10.8966,,346.5480,0.1660,0.1850,0.1310,,210196.2000
ADANIPORTS,2026-10-01,29.6452,4.1724,,64.0510,0.1860,0.0240,0.3243,0.4200,400382.0000
ADANIPOWER,2026-10-01,26.5867,5.8269,,82.3320,0.3400,0.4440,0.2415,,378385.0000
AIAENG,2026-10-01,28.1620,4.4463,,0.1280,0.1240,-0.0130,0.2784,0.4100,
AIIL,2026-10-01,28.1913,3.1097,,24.5900,0.1410,0.1750,0.8205,0.0400,45798.7000
AJANTPHARM,2026-10-01,39.4036,9.8826,,5.8740,0.2480,0.3080,0.1965,1.7700,44747.8000
ALKEM,2026-10-01,28.9662,4.5161,,14.2670,0.1090,-0.2170,0.1431,0.3900,62412.9000
AMBUJACEM,2026-10-01,20.3055,1.5088,,1.2050,-0.0770,-0.2750,0.1113,0.5300,90012.5000
ANTHEM,2026-10-01,84.4768,15.7989,,1.7720,-0.2260,-0.1280,0.2869,0.2300,48068.7000
APARINDS,2026-10-01,60.0701,13.1443,,17.7160,0.2910,0.7740,0.0484,0.3500,73896.3000
APLAPOLLO,2026-10-01,47.8557,11.0929,,9.3960,0.0850,0.1100,0.0523,0.3900,58744.2000
APOLLOHOSP,2026-10-01,55.9580,12.3361,,85.1460,0.2060,0.3410,0.0791,0.2400,116947.2000
ASHOKLEY,2026-10-01,25.4189,6.2064,,344.7370,0.1160,0.0100,0.0602,2.2700,
ASIANPAINT,2026-10-01,48.4014,10.8031,,17.8470,0.1790,0.3990,0.1281,1.1400,230745.7000
ASTERDM,2026-10-01,115.6444,7.9836,,45.9210,0.2160,-0.8140,0.0654,0.5700,61792.9000
ASTRAL,2026-10-01,62.8625,8.8978,,6.1680,0.1590,0.4800,0.0848,0.2900,36106.6000
ATGL,2026-10-01,101.2240,13.1813,,58.6500,0.2720,-0.1400,0.1008,0.0400,64124.4000
AUBANK,2026-10-01,26.1180,3.6934,,,0.2980,0.3510,0.2558,0.1000,73967.3000
AUROPHARMA,2026-10-01,25.7890,2.5702,,21.3100,0.1630,0.2580,0.1063,0.2400,96479.4000
AXISBANK,2026-10-01,13.6953,1.6962,0.1335,,0.1400,0.2180,0.3603,0.0800,378967.2000
BAJAJ-AUTO,2026-10-01,23.8701,7.2300,,56.3520,0.6400,0.4580,0.1625,1.3800,276040.5000
BAJAJFINSV,2026-10-01,27.4232,3.5551,,256.4040,0.1930,0.1270,0.0647,0.0800,277258.4000
BAJAJHFL,2026-10-01,25.6687,3.0659,0.1268,460.7400,0.1960,0.2290,0.6318,,69052.9000
BAJAJHLDNG,2026-10-01,13.3970,1.6228,0.1160,0.0120,0.2420,-0.2240,7.3464,1.2100,118705.7000
BAJFINANCE,2026-10-01,29.0890,5.1723,,314.8330,0.2610,0.2720,0.4350,0.5600,589929.2000
BALKRISIND,2026-10-01,28.6944,3.6765,,37.5240,0.2520,0.5640,0.1220,0.7600,40277.6000
BANKBARODA,2026-10-01,6.5742,0.7081,0.1132,,0.1800,-0.4860,0.2739,3.6900,119365.4000
BANKINDIA,2026-10-01,4.7938,0.6482,0.1370,,0.1850,0.8030,0.3499,3.5700,58947.9000
BDL,2026-10-01,76.5588,9.3960,,0.0070,1.3080,5.4800,0.1883,0.4400,39878.3000
BEL,2026-10-01,45.6615,11.6738,,0.2730,0.2490,0.0830,0.2140,0.6400,280037.6000
BERGEPAINT,2026-10-01,43.3749,7.6271,,9.1650,0.1200,0.2850,0.0992,0.8800,52750.0000
BHARATFORG,2026-10-01,126.4329,9.3573,,76.4750,0.1870,,0.0403,0.4400,91625.8000
BHARTIARTL,2026-10-01,36.4094,6.7100,0.2015,100.4150,0.1840,0.3510,0.1314,1.3700,1086212.7000
BHARTIHEXA,2026-10-01,37.8174,9.6243,,85.6540,0.1090,0.2320,0.1900,1.2600,68960.0000
BHEL,2026-10-01,60.3152,5.6067,,31.3120,0.4030,,0.0676,0.3400,146594.9000
BIOCON,2026-10-01,107.7616,1.7641,,42.1450,0.1000,2.3460,0.0286,0.1400,
BLUESTARCO,2026-10-01,58.9976,8.7452,,23.5880,0.1330,-0.1510,0.0398,0.5600,30008.3000
BOSCHLTD,2026-10-01,56.8003,9.0357,,0.8000,0.2200,-0.3670,0.1133,0.5700,
BPCL,2026-10-01,7.4944,1.2826,,54.3320,0.3440,,0.0347,6.6000,128433.9000
BRITANNIA,2026-10-01,44.1630,22.5371,,26.8750,0.0820,0.1360,0.1338,1.8700,115086.9000
BSE,2026-10-01,44.3765,15.6874,,0.0000,0.6400,0.6210,0.4892,0.3200,123706.9000
CANBK,2026-10-01,5.4021,0.9121,,,-0.1290,0.6220,0.4313,3.5200,107360.2000
CGPOWER,2026-10-01,110.7053,17.3685,,1.4460,0.1400,0.1310,0.0975,0.1500,138483.7000
CHOLAFIN,2026-10-01,23.3314,4.4199,,695.2830,0.3460,0.4370,0.4055,0.1200,135486.7000
CIPLA,2026-10-01,32.2070,3.1531,,1.7780,0.0350,-0.3920,0.1201,0.9700,108577.8000
COALINDIA,2026-10-01,8.3198,2.1751,,11.6290,0.4510,0.0120,0.1814,4.9400,259081.1000
COCHINSHIP,2026-10-01,49.6719,5.7651,,28.4660,0.0240,-0.1930,0.1348,0.8600,33858.5000
COFORGE,2026-10-01,37.4180,6.4304,,7.5180,0.4990,0.3090,0.0964,0.9100,80898.9000
COLPAL,2026-10-01,35.0151,29.7895,,2.9930,0.1180,0.0700,0.2172,2.7200,47189.5000
CONCOR,2026-10-01,27.0667,2.6010,,7.3900,0.0030,0.0060,0.1367,1.9200,33663.5000
COROMANDEL,2026-10-01,28.4177,4.1358,,11.4690,0.1590,-0.2450,0.0562,0.6300,51945.3000
CRISIL,2026-10-01,36.5819,9.8997,0.2905,10.2300,0.2760,0.2620,0.2143,0.9000,32386.4000
CUMMINSIND,2026-10-01,57.0423,15.8958,,0.4310,0.1790,0.0090,0.1869,1.3900,134719.2000
DABUR,2026-10-01,33.7162,5.8129,,10.9070,0.1060,0.1530,0.1455,2.1700,66390.3000
DALBHARAT,2026-10-01,33.7500,1.7549,,40.9870,0.0700,-0.5210,0.0620,0.5900,31577.9000
DIVISLAB,2026-10-01,83.6484,14.6490,,0.0420,0.2780,0.6570,0.2605,0.3200,245531.9000
DIXON,2026-10-01,41.2539,14.1469,,18.4570,0.2110,1.5460,0.0364,0.0800,77218.4000
DLF,2026-10-01,36.7206,3.5839,0.1010,0.6730,-0.5290,0.0420,0.6579,1.1900,162974.5000
DMART,2026-10-01,80.8867,10.1424,,9.9130,0.1490,0.1140,0.0429,,248701.4000
DRREDDY,2026-10-01,30.3829,2.6204,0.0884,18.6050,-0.0560,-0.6870,0.1000,0.6500,100475.1000
EICHERMOT,2026-10-01,32.9195,7.5627,,2.0480,0.3150,0.2130,0.2321,1.1500,189969.0000
EMBASSY,2026-10-01,92.4800,1.6874,,,,,,,35064.5000
ENDURANCE,2026-10-01,37.6632,5.3491,,19.3930,0.3000,0.0800,0.0622,0.4300,36592.0000
ENRIN,2026-10-01,79.5324,24.6749,,4.4830,0.3930,0.6780,0.1577,0.1300,118730.6000
ESCORTS,2026-10-01,21.2179,2.4118,,1.3090,0.2830,-0.7240,0.1129,1.2200,29347.6000
ETERNAL,2026-10-01,697.5555,9.2790,,14.8260,1.8200,2.3330,0.0064,,288957.3000
EXIDEIND,2026-10-01,37.2905,2.5030,,11.3080,0.1770,0.2830,0.0495,0.4800,34803.2000
FACT,2026-10-01,,34.3981,,295.1470,0.2020,,-0.0178,0.0500,47556.6000
FEDERALBNK,2026-10-01,17.0251,1.9588,,,0.2140,0.3270,0.3072,0.3800,78604.2000
FLUOROCHEM,2026-10-01,77.5961,6.2315,,28.9400,0.2400,0.2040,0.1163,0.0700,47691.4000
FORTIS,2026-10-01,56.6378,5.9890,,34.1500,0.1750,0.0230,0.1102,0.1300,59264.2000
GAIL,2026-10-01,11.3919,1.2632,,27.8090,0.1670,0.9720,0.0670,3.2200,112578.5000
GICRE,2026-10-01,6.4012,0.5754,0.0911,,-0.0080,-0.3110,0.1682,4.0000,56825.0000
GLAXO,2026-10-01,43.8882,20.7038,,1.4670,0.1660,0.1570,0.2701,2.0600,46944.1000
GLENMARK,2026-10-01,36.5704,6.2581,,5.6460,0.2310,9.3070,0.1014,0.3200,65786.6000
GMRAIRPORT,2026-10-01,232.9000,-39.1758,,,0.2370,,0.0307,,99317.7000
GODFRYPHLP,2026-10-01,21.1177,4.6441,,3.7570,-0.1890,-0.4430,0.2239,2.6400,28851.9000
GODREJCP,2026-10-01,44.8718,6.7956,,34.8990,0.1540,0.1150,0.1209,2.3500,85957.6000
GODREJIND,2026-10-01,29.1982,3.0726,,222.4110,-0.0470,-0.1860,0.0476,,34345.3000
GODREJPROP,2026-10-01,30.0584,2.5093,,82.1190,0.1650,-0.4170,0.3075,0.6100,48069.7000
GRASIM,2026-10-01,35.3039,1.9416,,135.0440,0.2140,0.5130,0.0309,0.3300,200909.3000
GROWW,2026-10-01,45.7132,11.5366,,3.0280,0.6520,0.8570,0.4535,,111516.5000
GVT&D,2026-10-01,83.6750,40.4751,,0.8920,0.3800,0.2470,0.1944,0.2400,108901.7000
HAL,2026-10-01,32.9655,7.4974,,0.1600,0.1440,0.1490,0.2759,0.4300,307703.4000
HAVELLS,2026-10-01,39.9846,6.8992,,2.8010,0.1950,-0.1660,0.0692,1.1800,65266.4000
HCLTECH,2026-10-01,19.3599,4.5572,0.2407,7.0580,0.0300,0.0840,0.1297,4.8800,336353.8000
HDBFS,2026-10-01,18.4924,2.4841,,484.3130,0.2100,0.3260,0.2979,0.6400,51215.1000
HDFCAMC,2026-10-01,33.6213,10.7143,,2.3640,0.1340,0.1180,0.6162,2.3700,99034.4000
HDFCBANK,2026-10-01,15.7536,1.8313,0.1384,,0.1660,0.1810,0.2679,1.8300,1111980.6000
HDFCLIFE,2026-10-01,58.0022,5.9486,0.1083,15.8850,0.1430,0.1190,0.0190,0.4000,116030.9000
HEROMOTOCO,2026-10-01,18.9798,4.7849,,3.5700,0.3490,-0.1720,0.1072,3.5300,103433.0000
HEXT,2026-10-01,22.4874,4.4560,0.2147,10.1800,0.1790,-0.1250,0.0932,2.8800,29907.2000
HINDALCO,2026-10-01,12.7726,1.5308,,72.5980,0.3210,0.7510,0.0555,0.5300,209075.4000
HINDCOPPER,2026-10-01,39.2651,13.3840,,3.3190,0.8140,1.6190,0.3249,0.9100,44691.0000
HINDPETRO,2026-10-01,43.9490,1.1200,,85.3690,0.2690,,0.0036,6.9200,73409.9000
HINDUNILVR,2026-10-01,40.7095,8.8509,,3.0160,0.0500,0.0840,0.2264,2.3400,431385.0000
HINDZINC,2026-10-01,13.7355,10.3639,,39.0340,0.7170,1.4460,0.3807,3.7100,234526.3000
HUDCO,2026-10-01,7.5983,1.4712,,645.7750,0.0980,0.3490,0.9068,3.6000,32338.7000
HYUNDAI,2026-10-01,33.2184,8.2184,,5.4840,-0.0050,-0.3510,0.0700,1.0300,164458.3000
ICICIAMC,2026-10-01,43.8998,36.5485,,4.0660,0.1810,0.2310,0.5550,0.7900,152449.1000
ICICIBANK,2026-10-01,16.9438,2.4711,0.1607,,0.1140,0.1380,0.2753,0.9100,940802.4000
ICICIGI,2026-10-01,32.3335,4.5774,0.1463,,0.1090,-0.4620,0.0876,0.8800,78089.8000
ICICIPRULI,2026-10-01,38.5254,4.7637,0.1257,18.0520,0.1250,0.2850,0.0255,0.3700,65002.3000
IDEA,2026-10-01,3.6218,-3.8303,,,0.0610,,0.8228,,136945.6000
IDFCFIRSTB,2026-10-01,31.0386,1.4224,0.0526,,0.2980,1.1640,0.0909,0.3100,69318.9000
INDHOTEL,2026-10-01,47.6127,7.8302,,18.9870,0.1510,0.2070,0.2087,0.4500,103866.3000
INDIANB,2026-10-01,8.3542,1.2733,0.1617,,0.1030,0.4750,0.3641,2.2600,106834.4000
INDIGO,2026-10-01,,27.3338,,1112.7060,0.1990,,-0.0540,0.1900,190622.8000
INDUSINDBK,2026-10-01,52.2599,1.0505,,,0.0100,0.7170,0.0765,0.1700,69098.4000
INDUSTOWER,2026-10-01,13.8684,2.3977,0.1891,51.7900,0.0460,0.0060,0.2178,3.7500,99224.7000
INFY,2026-10-01,13.3136,4.5422,0.3200,9.5410,0.0290,0.0530,0.1637,5.0300,419210.6000
IOB,2026-10-01,10.1946,1.5043,0.1653,,0.4810,0.4590,0.3656,,58501.5000
IOC,2026-10-01,5.3740,0.8239,,58.4460,0.3850,,0.0392,6.1100,
IPCALAB,2026-10-01,37.6297,6.1137,,8.4920,0.2080,0.7240,0.1293,0.3100,49299.8000
IRCTC,2026-10-01,26.0378,8.4316,,1.8740,0.1810,0.0000,0.2568,1.9800,36328.0000
IREDA,2026-10-01,15.8120,2.2620,,565.6710,0.2370,0.3300,0.6925,1.3400,31182.5000
IRFC,2026-10-01,14.0364,1.7730,,773.3470,0.1030,0.0970,0.9727,3.6600,100705.9000
ITC,2026-10-01,16.1553,4.4221,,3.2930,-0.1110,-0.1600,0.2594,6.0900,320655.9000
ITCHOTELS,2026-10-01,38.1952,2.8322,,0.6340,0.1480,0.3590,0.2028,0.6100,33018.7000
JINDALSTEL,2026-10-01,41.2636,2.1995,,43.6130,0.2590,-0.4370,0.0482,0.1800,111974.6000
JIOFIN,2026-10-01,66.1994,1.0050,,16.2860,2.0820,1.7020,0.5501,0.2800,140316.8000
JKCEMENT,2026-10-01,40.4807,5.4372,,87.5220,0.2800,-0.1450,0.0656,0.3900,38263.2000
JSL,2026-10-01,18.6012,13.4128,,37.5230,0.1050,0.0760,0.0738,0.5400,60370.8000
JSWENERGY,2026-10-01,38.0094,2.7698,,229.1600,0.0120,-0.3950,0.1037,0.4000,88870.1000
JSWINFRA,2026-10-01,50.3451,6.8522,,59.0020,0.1810,-0.1030,0.2658,0.2500,82755.5000
JSWSTEEL,2026-10-01,12.1742,3.0079,,95.3740,0.0980,1.1300,0.1306,0.5700,300972.6000
JUBLFOOD,2026-10-01,81.2088,12.7224,,205.3180,0.1370,0.0600,0.0442,0.2600,
KALYANKJIL,2026-10-01,38.0764,8.6411,,96.9660,0.4570,0.3160,0.0367,0.4500,54580.9000
KEI,2026-10-01,43.1846,6.4575,,3.7960,0.2300,0.4000,0.0808,0.1000,43039.4000
KOTAKBANK,2026-10-01,20.5174,2.2961,,,0.2100,0.2250,0.2847,0.1600,416169.6000
KPRMILL,2026-10-01,40.1124,6.4252,,10.4630,0.0960,0.2150,0.1338,0.4500,36684.2000
LAURUSLABS,2026-10-01,98.2178,20.2088,,46.3690,0.2910,1.2520,0.1504,0.1200,107197.9000
LENSKART,2026-10-01,183.3289,13.7337,,34.9830,0.4330,2.5810,0.0680,,119668.5000
LGEINDIA,2026-10-01,63.8650,15.2462,,5.9900,0.1550,0.2720,0.0713,,116871.0000
LICHSGFIN,2026-10-01,4.8783,0.6759,,642.5220,0.1450,0.0990,0.6518,1.8900,27998.2000
LICI,2026-10-01,8.2495,2.8068,,0.4310,0.0680,0.4000,0.0651,2.5300,495690.1000
LINDEINDIA,2026-10-01,97.8312,12.4882,,1.8500,0.2160,-0.0250,0.2059,0.0600,53281.3000
LLOYDSME,2026-10-01,20.7280,7.2090,,145.2140,2.0860,1.6930,0.2151,0.0500,99986.2000
LODHA,2026-10-01,26.8349,4.7427,,42.2380,0.4310,1.0330,0.2269,0.3700,110474.1000
LT,2026-10-01,30.5998,4.6489,,97.6400,0.0810,0.1400,0.0559,1.0100,508162.4000
LTF,2026-10-01,20.8642,2.3585,,393.4420,0.2930,0.2820,0.3308,1.0400,66255.4000
LTM,2026-10-01,22.7206,4.8420,0.2197,9.8740,0.1800,0.1690,0.1187,1.8500,118792.0000
LTTS,2026-10-01,27.0625,5.3514,,8.9110,0.0260,0.1280,0.1168,1.8000,34666.9000
LUPIN,2026-10-01,16.8146,4.1367,,29.3880,0.3200,0.1600,0.1845,0.8900,92884.7000
M&M,2026-10-01,17.4051,3.4333,,125.2780,0.2750,0.3340,0.0861,1.1200,343418.0000
M&MFIN,2026-10-01,13.6354,1.6674,,429.8510,0.3670,0.6400,0.3089,2.3100,44433.2000
MAHABANK,2026-10-01,8.2227,1.7350,0.2296,,0.2180,0.3420,0.5341,2.7700,61917.0000
MANKIND,2026-10-01,50.5584,6.4202,,38.1110,0.1290,0.2960,0.1386,0.0800,104706.9000
MARICO,2026-10-01,53.7380,24.0927,,12.3940,0.2140,0.2470,0.1316,0.5100,101418.7000
MARUTI,2026-10-01,24.9726,3.3407,,0.0960,0.3590,-0.0910,0.0727,1.1700,357978.8000
MAXHEALTH,2026-10-01,63.2359,8.5206,,32.3670,0.1670,0.0480,0.1672,0.2200,91583.6000
MAZDOCK,2026-10-01,31.1078,8.5350,,4.4810,0.1210,0.2150,0.2012,0.9900,83257.6000
MCX,2026-10-01,53.0464,19.3781,,0.1130,0.8530,1.0340,0.5556,0.2400,
MEDANTA,2026-10-01,65.8564,9.2038,,29.8690,0.2650,-0.0020,0.1187,0.0400,36473.6000
MEESHO,2026-10-01,,23.0370,,1.4280,0.4830,,-0.0868,,101221.1000
MFSL,2026-10-01,440.5063,9.0475,,36.4530,0.1680,0.3730,0.0022,,47787.2000
MOTHERSON,2026-10-01,37.7476,4.0355,,43.9080,0.1660,1.0420,0.0336,0.3100,165371.9000
MOTILALOFS,2026-10-01,30.7327,4.6227,,165.8000,0.2390,0.0870,0.2296,1.1100,59688.7000
MPHASIS,2026-10-01,22.5110,3.7879,0.1774,24.6750,0.1750,0.1070,0.1156,2.8800,42937.7000
MRF,2026-10-01,21.7035,2.5016,,15.2880,0.0960,-0.0100,0.0758,0.3700,52469.3000
MUTHOOTFIN,2026-10-01,9.5206,2.6669,0.3174,393.5600,0.3530,0.3880,0.5550,1.1000,108280.1000
NAM-INDIA,2026-10-01,41.4257,14.3260,,1.6170,0.2450,0.2640,0.5251,2.0100,66948.4000
NATIONALUM,2026-10-01,9.1129,2.8466,,0.2770,0.3930,0.9110,0.3491,1.1700,61508.8000
NAUKRI,2026-10-01,48.7211,2.0502,,0.6400,0.1140,0.5070,0.4740,1.1800,77728.5000
NESTLEIND,2026-10-01,66.1122,48.8988,,8.6210,0.2520,0.4810,0.1562,0.9200,252165.7000
NH,2026-10-01,43.0082,7.7950,,129.0330,0.7800,0.0540,0.0900,0.2500,35367.8000
NHPC,2026-10-01,26.2821,1.7437,,113.1110,0.1850,0.0280,0.3109,2.2100,72073.1000
NLCINDIA,2026-10-01,10.6566,1.6310,,110.3580,0.2330,-0.4230,0.1746,1.4700,35109.6000
NMDC,2026-10-01,8.9282,1.9230,,18.8020,0.0080,0.0040,0.2322,2.6100,65622.1000
NTPC,2026-10-01,9.6184,1.5045,,128.3450,0.0780,0.1180,0.1453,3.8300,305542.0000
NTPCGREEN,2026-10-01,126.5139,4.1150,,165.2810,0.6270,0.3850,0.1848,,76755.4000
NYKAA,2026-10-01,361.0556,64.7053,,82.8290,0.2910,2.5000,0.0240,,93107.0000
OBEROIRLTY,2026-10-01,24.2382,3.5598,,15.7650,0.3170,0.2890,0.4159,0.4500,63797.7000
OFSS,2026-10-01,26.6374,13.0973,0.4990,0.5670,0.6870,1.2020,0.3815,6.2600,90760.3000
OIL,2026-10-01,8.6432,1.2450,,58.7410,0.5770,0.9140,0.2168,2.9000,72221.4000
ONGC,2026-10-01,6.4287,0.7525,,42.5480,0.2570,0.2140,0.0618,6.4200,279747.7000
PAGEIND,2026-10-01,54.1699,27.2129,,18.4220,0.0790,-0.0400,0.1413,2.2000,40890.1000
PATANJALI,2026-10-01,19.6107,2.9480,,21.2950,0.2740,0.8610,0.0461,1.1200,38636.0000
PAYTM,2026-10-01,164.4489,6.6248,,1.0730,0.2770,0.7990,0.0725,,105885.9000
PERSISTENT,2026-10-01,44.0134,9.9732,0.2520,6.9400,0.2910,0.1210,0.1224,0.6800,83849.2000
PETRONET,2026-10-01,10.1783,1.9213,,10.5070,-0.5320,0.3510,0.1132,3.5100,42825.0000
PFC,2026-10-01,4.0289,0.7342,,536.8370,0.0080,0.0210,0.5448,4.7900,104943.2000
PHOENIXLTD,2026-10-01,54.6742,6.2804,,37.2110,0.1280,0.2330,0.2816,0.1300,69031.8000
PIDILITIND,2026-10-01,56.4597,13.7554,,3.7760,0.2130,0.2960,0.1720,0.7800,149114.3000
PIIND,2026-10-01,29.1563,3.0205,,3.0480,-0.1040,-0.3890,0.1788,0.6500,33921.5000
PIRAMALFIN,2026-10-01,27.1220,1.5913,0.0604,286.7810,0.0210,0.6710,0.3220,0.5400,47779.5000
PNB,2026-10-01,5.7008,0.8053,0.1497,,-0.0640,1.7500,0.3815,2.6500,125928.2000
POLICYBZR,2026-10-01,60.6061,6.1941,,4.9220,0.4010,0.9230,0.1020,,45285.8000
POLYCAB,2026-10-01,41.7843,9.9460,0.2555,1.7380,0.3900,0.3250,0.0918,0.5900,120357.4000
POWERGRID,2026-10-01,12.4657,2.3558,,150.8130,0.0270,-0.0080,0.3380,3.9300,236746.9000
POWERINDIA,2026-10-01,121.6137,26.9451,,1.6630,0.6860,1.2350,0.1255,0.0300,139466.9000
PREMIERENE,2026-10-01,23.5781,9.1830,,86.0050,0.3530,0.5300,0.1967,0.1700,39639.3000
PRESTIGE,2026-10-01,56.3343,3.9336,0.0775,105.4930,0.1590,-0.1930,0.0872,0.1300,64010.8000
RADICO,2026-10-01,80.8588,17.1101,,15.0330,0.1180,0.7600,0.1130,0.2100,56771.2000
RECLTD,2026-10-01,4.7358,0.8998,,607.4630,0.2520,-0.0610,0.6889,2.0700,
RELIANCE,2026-10-01,21.1540,1.7479,,36.6530,0.2970,-0.2240,0.0661,0.5100,
RVNL,2026-10-01,45.6018,4.1820,,49.0780,0.1060,0.1690,0.0432,1.7000,41074.9000
SAIL,2026-10-01,16.8762,1.1952,,52.8990,0.0130,1.2110,0.0384,1.2900,72077.7000
SBICARD,2026-10-01,23.5353,3.4097,,280.2060,0.2340,0.1950,0.1820,0.4300,53596.6000
SBILIFE,2026-10-01,66.3430,8.5791,0.1370,,0.1880,0.2180,0.0214,0.1600,172746.2000
SBIN,2026-10-01,10.1988,1.4160,0.1518,,0.1030,0.0990,0.2238,1.8100,880693.2000
SCHAEFFLER,2026-10-01,48.4006,9.9000,0.2165,0.7830,0.1730,0.1300,0.1193,0.9000,60733.4000
SHREECEM,2026-10-01,48.5190,3.3960,,8.0130,0.1800,-0.1770,0.0745,0.6300,79016.8000
SHRIRAMFIN,2026-10-01,16.6961,2.6974,0.1850,276.2150,0.4280,0.2950,0.5001,1.4000,222362.8000
SIEMENS,2026-10-01,80.3888,9.7880,,2.2130,0.1480,4.0610,0.1902,0.4800,135468.2000
SOLARINDS,2026-10-01,87.9260,27.9664,,23.2710,0.7030,0.9270,0.1754,0.0600,175550.7000
SRF,2026-10-01,34.0855,5.2480,,36.1950,0.3180,0.7560,0.1272,0.4000,73692.5000
SUNDARMFIN,2026-10-01,21.8484,3.2793,,409.1610,0.2680,0.3380,0.4609,0.9200,48450.5000
SUNPHARMA,2026-10-01,35.7909,5.1708,,5.5170,0.1050,0.2740,0.2019,0.8800,432120.2000
SUPREMEIND,2026-10-01,41.6769,6.9597,,1.4730,0.0420,0.3870,0.0911,1.0400,42953.6000
SUZLON,2026-10-01,16.9913,5.4703,0.3937,2.8070,0.2250,-0.0830,0.1809,,53487.3000
SWIGGY,2026-10-01,,3.3867,,13.9290,0.3730,,-0.1505,,62356.0000
TATACAP,2026-10-01,24.9064,2.9358,,502.9310,0.4030,0.4720,0.3968,0.1700,134639.0000
TATACOMM,2026-10-01,50.8152,13.9150,,335.8540,0.1050,-0.2940,0.0372,1.0600,47979.9000
TATACONSUM,2026-10-01,59.3304,4.3466,,12.1590,0.1190,0.2790,0.0784,1.0500,94713.3000
TATAINVEST,2026-10-01,72.4441,1.0649,,0.0070,0.0410,-0.0180,1.0525,0.5500,31118.6000
TATAPOWER,2026-10-01,29.0340,2.8342,,168.0510,0.0560,0.1090,0.0609,0.7000,111884.8000
TATASTEEL,2026-10-01,20.1130,2.1749,,89.0170,0.1430,0.1140,0.0460,2.1700,222042.8000
TCS,2026-10-01,15.0799,6.8479,0.4774,10.2110,0.1390,0.0460,0.1805,3.1700,
TECHM,2026-10-01,26.5409,4.5842,,7.2690,0.1770,0.2830,0.0868,3.3500,135812.1000
THERMAX,2026-10-01,65.8812,6.8227,,42.1660,0.0710,-0.8340,0.0547,0.4100,37856.7000
TIINDIA,2026-10-01,74.6411,5.8430,,5.3630,0.1680,-0.1530,0.0263,0.1500,45295.9000
TITAN,2026-10-01,69.8160,25.5300,,195.0010,0.2930,0.6280,0.0623,0.3300,400683.6000
TMCV,2026-10-01,36.5114,12.0153,,44.0950,0.1930,0.8340,0.0481,0.9500,153019.9000
TMPV,2026-10-01,,0.9181,,70.3640,-0.0820,-0.8030,0.2281,1.0600,102902.8000
TORNTPHARM,2026-10-01,76.3990,19.2345,,85.4460,0.5480,-0.0820,0.1387,0.7900,181332.8000
TORNTPOWER,2026-10-01,26.9610,3.2833,,70.8850,0.0280,-0.1270,0.0796,1.6100,62630.2000
TRENT,2026-10-01,76.2862,19.6965,,36.0340,0.1780,0.2070,0.0864,0.1500,137573.9000
TVSMOTOR,2026-10-01,55.6386,57.1871,,306.0900,0.3430,0.6710,0.0569,0.2900,
UBL,2026-10-01,79.5716,6.9509,,29.0760,0.0710,-0.0950,0.0419,0.8600,31432.5000
ULTRACEMCO,2026-10-01,37.3210,4.1112,,29.4320,0.1590,0.1680,0.0929,2.1900,315055.7000
UNIONBANK,2026-10-01,6.2001,0.9169,0.1580,,0.1640,0.2740,0.4046,2.9200,127931.6000
UNITDSPR,2026-10-01,56.0260,10.5886,,4.6110,-0.1020,0.1120,0.1492,1.2600,94799.5000
UNOMINDA,2026-10-01,53.7234,9.3932,,37.7400,0.2380,0.0120,0.0580,0.2300,64156.6000
UPL,2026-10-01,21.1803,1.2574,,57.1280,0.1050,,0.0382,1.1100,43684.3000
VAML,2026-10-01,40.8055,,,,0.4600,2.1630,0.5626,3.8800,157239.9000
VBL,2026-10-01,42.4451,6.6075,0.1685,15.8690,0.2040,0.1570,0.1404,0.4600,143857.5000
VEDL,2026-10-01,11.0694,1.9822,,48.0440,-0.3730,0.7220,0.2321,13.1300,98420.5000
VMM,2026-10-01,52.3684,6.2606,,26.8170,0.1870,0.2500,0.0661,,46613.8000
VOLTAS,2026-10-01,77.4981,5.4654,,15.5100,0.1870,0.5200,0.0300,0.3700,34848.8000
WAAREEENER,2026-10-01,17.6617,4.6595,,21.4020,0.7920,0.1420,0.1270,0.1700,67310.4000
WIPRO,2026-10-01,12.6669,2.0346,0.1613,27.3980,0.1060,0.0090,0.1392,5.0500,157650.4000
YESBANK,2026-10-01,17.2917,1.2474,0.0747,,0.0900,0.3080,0.2319,,65132.3000
ZYDUSLIFE,2026-10-01,25.5451,4.2522,,42.3040,0.2200,-0.3590,0.1578,0.0900,114284.0000
360ONE,2026-10-02,34.5975,4.2881,,161.9770,0.2990,0.1280,0.2646,1.7300,42423.1000
ABB,2026-10-02,92.5926,15.6622,0.1913,1.5470,0.1210,0.0300,0.2135,0.5700,146216.8000
ABBOTINDIA,2026-10-02,35.3489,11.9506,,3.6020,0.0430,0.1710,0.2305,1.9600,57054.4000
ABCAPITAL,2026-10-02,24.2751,2.8541,,495.9360,0.3140,0.3910,0.1194,,102683.6000
ADANIENSOL,2026-10-02,54.6518,6.2664,,194.5000,0.4240,1.2410,0.0958,,162212.7000
ADANIENT,2026-10-02,49.0219,4.4995,,119.5600,0.4990,,0.0655,0.0500,381316.6000
ADANIGREEN,2026-10-02,121.9981,10.8966,,346.5480,0.1660,0.1850,0.1310,,210196.2000
ADANIPORTS,2026-10-02,29.6755,4.1724,,64.0510,0.1860,0.0240,0.3243,0.4300,400382.0000
ADANIPOWER,2026-10-02,26.5149,5.8269,,82.3320,0.3400,0.4440,0.2415,,378385.0000
AIAENG,2026-10-02,28.0931,4.4344,,0.1280,0.1240,-0.0130,0.2784,0.4200,
AIIL,2026-10-02,28.1462,3.1079,,24.5900,0.1410,0.1750,0.8205,0.0400,45773.3000
AJANTPHARM,2026-10-02,39.4239,9.8964,,5.8740,0.2480,0.3080,0.1965,1.7900,44810.3000
ALKEM,2026-10-02,28.9021,4.5161,,14.2670,0.1090,-0.2170,0.1431,0.3800,62412.9000
AMBUJACEM,2026-10-02,20.3283,1.5088,,1.2050,-0.0770,-0.2750,0.1113,0.5500,90012.5000
ANTHEM,2026-10-02,85.0000,15.8497,,1.7720,-0.2260,-0.1280,0.2869,0.2300,48223.1000
APARINDS,2026-10-02,60.3495,13.1681,,17.7160,0.2910,0.7740,0.0484,0.3400,74030.3000
APLAPOLLO,2026-10-02,47.8557,11.0929,,9.3960,0.0850,0.1100,0.0523,0.4000,58744.2000
APOLLOHOSP,2026-10-02,55.8658,12.3361,,85.1460,0.2060,0.3410,0.0791,0.2500,116947.2000
ASHOKLEY,2026-10-02,25.4619,6.2064,,344.7370,0.1160,0.0100,0.0602,2.3300,
ASIANPAINT,2026-10-02,48.5478,10.8031,,17.8470,0.1790,0.3990,0.1281,1.1400,230745.7000
ASTERDM,2026-10-02,114.7488,7.9734,,45.9210,0.2160,-0.8140,0.0654,0.5600,61714.4000
ASTRAL,2026-10-02,62.8919,8.8978,,6.1680,0.1590,0.4800,0.0848,0.3000,36106.6000
ATGL,2026-10-02,101.0399,13.1802,,58.6500,0.2720,-0.1400,0.1008,0.0400,64118.9000
AUBANK,2026-10-02,26.1804,3.6934,,,0.2980,0.3510,0.2558,0.1000,73967.3000
AUROPHARMA,2026-10-02,25.7890,2.5702,,21.3100,0.1630,0.2580,0.1063,0.2400,96479.4000
AXISBANK,2026-10-02,13.7931,1.6962,0.1335,,0.1400,0.2180,0.3603,0.0800,378967.2000
BAJAJ-AUTO,2026-10-02,23.8661,7.2300,,56.3520,0.6400,0.4580,0.1625,1.4900,276040.5000
BAJAJFINSV,2026-10-02,27.3972,3.5551,,256.4040,0.1930,0.1270,0.0647,0.0800,277258.4000
BAJAJHFL,2026-10-02,25.7492,3.0755,0.1268,460.7400,0.1960,0.2290,0.6318,,69269.5000
BAJAJHLDNG,2026-10-02,13.4049,1.6228,0.1160,0.0120,0.2420,-0.2240,7.3464,1.2200,118705.7000
BAJFINANCE,2026-10-02,29.0890,5.1723,,314.8330,0.2610,0.2720,0.4350,0.5700,589929.2000
BALKRISIND,2026-10-02,28.5380,3.6615,,37.5240,0.2520,0.5640,0.1220,0.7700,40113.3000
BANKBARODA,2026-10-02,6.5705,0.7081,0.1132,,0.1800,-0.4860,0.2739,3.6800,119365.4000
BANKINDIA,2026-10-02,4.7938,0.6482,0.1370,,0.1850,0.8030,0.3499,3.5900,58947.9000
BDL,2026-10-02,76.3439,9.3960,,0.0070,1.3080,5.4800,0.1883,0.4500,39878.3000
BEL,2026-10-02,45.6615,11.6738,,0.2730,0.2490,0.0830,0.2140,0.6500,280037.6000
BERGEPAINT,2026-10-02,43.2919,7.6271,,9.1650,0.1200,0.2850,0.0992,0.8800,52750.0000
BHARATFORG,2026-10-02,126.6036,9.3573,,76.4750,0.1870,,0.0403,0.4500,91625.8000
BHARTIARTL,2026-10-02,36.3638,6.7100,0.2015,100.4150,0.1840,0.3510,0.1314,1.3800,1086212.7000
BHARTIHEXA,2026-10-02,37.7237,9.6215,,85.6540,0.1090,0.2320,0.1900,1.3100,68940.0000
BHEL,2026-10-02,60.3152,5.6067,,31.3120,0.4030,,0.0676,0.3300,146594.9000
BIOCON,2026-10-02,107.4493,1.7641,,42.1450,0.1000,2.3460,0.0286,0.1300,60711.5000
BLUESTARCO,2026-10-02,58.8311,8.7452,,23.5880,0.1330,-0.1510,0.0398,0.5800,30008.3000
BOSCHLTD,2026-10-02,56.8003,9.0357,,0.8000,0.2200,-0.3670,0.1133,0.5900,
BPCL,2026-10-02,7.4963,1.2826,,54.3320,0.3440,,0.0347,6.6500,128433.9000
BRITANNIA,2026-10-02,44.2489,22.5371,,26.8750,0.0820,0.1360,0.1338,1.8900,115086.9000
BSE,2026-10-02,44.3765,15.6874,,0.0000,0.6400,0.6210,0.4892,0.3300,123706.9000
CANBK,2026-10-02,5.4046,0.9121,,,-0.1290,0.6220,0.4313,3.5500,107360.2000
CGPOWER,2026-10-02,111.1252,17.3685,,1.4460,0.1400,0.1310,0.0975,0.1500,138483.7000
CHOLAFIN,2026-10-02,23.3659,4.4199,,695.2830,0.3460,0.4370,0.4055,0.1300,135486.7000
CIPLA,2026-10-02,32.2612,3.1531,,1.7780,0.0350,-0.3920,0.1201,0.9700,108577.8000
COALINDIA,2026-10-02,8.3198,2.1751,,11.6290,0.4510,0.0120,0.1814,5.0000,259081.1000
COCHINSHIP,2026-10-02,49.6719,5.7651,,28.4660,0.0240,-0.1930,0.1348,0.8700,33858.5000
COFORGE,2026-10-02,37.4564,6.4304,,7.5180,0.4990,0.3090,0.0964,0.8800,80898.9000
COLPAL,2026-10-02,34.9657,29.7895,,2.9930,0.1180,0.0700,0.2172,2.7700,47189.5000
CONCOR,2026-10-02,27.0999,2.6010,,7.3900,0.0030,0.0060,0.1367,1.9500,33663.5000
COROMANDEL,2026-10-02,28.3505,4.1274,,11.4690,0.1590,-0.2450,0.0562,0.6200,51839.2000
CRISIL,2026-10-02,36.6667,9.9096,0.2905,10.2300,0.2760,0.2620,0.2143,0.9000,32418.5000
CUMMINSIND,2026-10-02,56.8155,15.8958,,0.4310,0.1790,0.0090,0.1869,1.3600,134719.2000
DABUR,2026-10-02,33.6556,5.8129,,10.9070,0.1060,0.1530,0.1455,2.2000,66390.3000
DALBHARAT,2026-10-02,33.7870,1.7610,,40.9870,0.0700,-0.5210,0.0620,0.5900,31688.6000
DIVISLAB,2026-10-02,84.0360,14.6490,,0.0420,0.2780,0.6570,0.2605,0.3200,245531.9000
DIXON,2026-10-02,41.3223,14.1469,,18.4570,0.2110,1.5460,0.0364,0.0800,77218.4000
DLF,2026-10-02,36.6388,3.5839,0.1010,0.6730,-0.5290,0.0420,0.6579,1.2200,162974.5000
DMART,2026-10-02,80.8867,10.1424,,9.9130,0.1490,0.1140,0.0429,,248701.4000
DRREDDY,2026-10-02,30.3982,2.6204,0.0884,18.6050,-0.0560,-0.6870,0.1000,0.6600,100475.1000
EICHERMOT,2026-10-02,32.8944,7.5627,,2.0480,0.3150,0.2130,0.2321,1.1800,189969.0000
EMBASSY,2026-10-02,92.7118,1.6874,,,,,,,35064.5000
ENDURANCE,2026-10-02,37.6617,5.3388,,19.3930,0.3000,0.0800,0.0622,0.4400,36521.7000
ENRIN,2026-10-02,79.9904,24.6749,,4.4830,0.3930,0.6780,0.1577,0.1200,118730.6000
ESCORTS,2026-10-02,21.2927,2.4188,,1.3090,0.2830,-0.7240,0.1129,1.2400,29432.3000
ETERNAL,2026-10-02,667.8723,9.2790,,14.8260,1.8200,2.3330,0.0064,,288957.3000
EXIDEIND,2026-10-02,37.3200,2.5027,,11.3080,0.1770,0.2830,0.0495,0.4900,34799.0000
FACT,2026-10-02,,34.5479,,295.1470,0.2020,,-0.0178,0.0500,47763.6000
FEDERALBNK,2026-10-02,17.0343,1.9588,,,0.2140,0.3270,0.3072,0.3800,78604.2000
FLUOROCHEM,2026-10-02,77.7201,6.2481,,28.9400,0.2400,0.2040,0.1163,0.0700,47818.8000
FORTIS,2026-10-02,56.5155,5.9890,,34.1500,0.1750,0.0230,0.1102,0.1300,59264.2000
GAIL,2026-10-02,11.3919,1.2632,,27.8090,0.1670,0.9720,0.0670,3.2100,112578.5000
GICRE,2026-10-02,6.4034,0.5755,0.0911,,-0.0080,-0.3110,0.1682,4.0900,56833.8000
GLAXO,2026-10-02,43.6847,20.6209,,1.4670,0.1660,0.1570,0.2701,2.0600,46756.1000
GLENMARK,2026-10-02,36.6279,6.2581,,5.6460,0.2310,9.3070,0.1014,0.3200,65786.6000
GMRAIRPORT,2026-10-02,232.9000,-39.1758,,,0.2370,,0.0307,,99317.7000
GODFRYPHLP,2026-10-02,21.0960,4.6441,,3.7570,-0.1890,-0.4430,0.2239,2.7000,28851.9000
GODREJCP,2026-10-02,45.4545,6.7956,,34.8990,0.1540,0.1150,0.1209,2.3800,85957.6000
GODREJIND,2026-10-02,29.3060,3.0795,,222.4110,-0.0470,-0.1860,0.0476,,34422.8000
GODREJPROP,2026-10-02,30.0301,2.5093,,82.1190,0.1650,-0.4170,0.3075,0.6300,48069.7000
GRASIM,2026-10-02,35.3376,1.9416,,135.0440,0.2140,0.5130,0.0309,0.3400,200909.3000
GROWW,2026-10-02,45.7614,11.5488,,3.0280,0.6520,0.8570,0.4535,,111634.1000
GVT&D,2026-10-02,83.3307,40.4751,,0.8920,0.3800,0.2470,0.1944,0.2400,108901.7000
HAL,2026-10-02,33.0034,7.4974,,0.1600,0.1440,0.1490,0.2759,0.4300,307703.4000
HAVELLS,2026-10-02,39.9846,6.8992,,2.8010,0.1950,-0.1660,0.0692,1.1500,65266.4000
HCLTECH,2026-10-02,19.3418,4.5572,0.2407,7.0580,0.0300,0.0840,0.1297,4.8300,336353.8000
HDBFS,2026-10-02,18.5392,2.4911,,484.3130,0.2100,0.3260,0.2979,0.6500,51360.0000
HDFCAMC,2026-10-02,33.6213,10.7143,,2.3640,0.1340,0.1180,0.6162,2.3400,99034.4000
HDFCBANK,2026-10-02,15.7743,1.8313,0.1384,,0.1660,0.1810,0.2679,1.8000,1111980.6000
HDFCLIFE,2026-10-02,58.5104,5.9486,0.1083,15.8850,0.1430,0.1190,0.0190,0.3900,116030.9000
HEROMOTOCO,2026-10-02,18.9798,4.7849,,3.5700,0.3490,-0.1720,0.1072,3.5800,103433.0000
HEXT,2026-10-02,22.5126,4.4610,0.2147,10.1800,0.1790,-0.1250,0.0932,2.9100,29940.8000
HINDALCO,2026-10-02,12.7708,1.5308,,72.5980,0.3210,0.7510,0.0555,0.5300,209075.4000
HINDCOPPER,2026-10-02,39.5230,13.4376,,3.3190,0.8140,1.6190,0.3249,0.9300,44869.9000
HINDPETRO,2026-10-02,43.8374,1.1200,,85.3690,0.2690,,0.0036,7.0300,73409.9000
HINDUNILVR,2026-10-02,40.8181,8.8509,,3.0160,0.0500,0.0840,0.2264,2.4000,431385.0000
HINDZINC,2026-10-02,13.7355,10.3639,,39.0340,0.7170,1.4460,0.3807,3.7800,234526.3000
HUDCO,2026-10-02,7.5974,1.4710,,645.7750,0.0980,0.3490,0.9068,3.7100,32334.7000
HYUNDAI,2026-10-02,33.2239,8.2184,,5.4840,-0.0050,-0.3510,0.0700,1.0400,164458.3000
ICICIAMC,2026-10-02,43.8087,36.4727,,4.0660,0.1810,0.2310,0.5550,0.8000,152132.8000
ICICIBANK,2026-10-02,16.9438,2.4711,0.1607,,0.1140,0.1380,0.2753,0.9200,940802.4000
ICICIGI,2026-10-02,32.3603,4.5774,0.1463,,0.1090,-0.4620,0.0876,0.9000,78089.8000
ICICIPRULI,2026-10-02,38.4592,4.7637,0.1257,18.0520,0.1250,0.2850,0.0255,0.3700,65002.3000
IDEA,2026-10-02,3.6218,-3.8303,,,0.0610,,0.8228,,136945.6000
IDFCFIRSTB,2026-10-02,31.0386,1.4224,0.0526,,0.2980,1.1640,0.0909,0.3100,69318.9000
INDHOTEL,2026-10-02,47.6127,7.8302,,18.9870,0.1510,0.2070,0.2087,0.4500,103866.3000
INDIANB,2026-10-02,8.3542,1.2733,0.1617,,0.1030,0.4750,0.3641,2.3000,106834.4000
INDIGO,2026-10-02,,27.3338,,1112.7060,0.1990,,-0.0540,0.1900,190622.8000
INDUSINDBK,2026-10-02,52.2599,1.0505,,,0.0100,0.7170,0.0765,0.1700,69098.4000
INDUSTOWER,2026-10-02,13.8684,2.3977,0.1891,51.7900,0.0460,0.0060,0.2178,3.7200,99224.7000
INFY,2026-10-02,13.2982,4.5422,0.3200,9.5410,0.0290,0.0530,0.1637,4.8300,419210.6000
IOB,2026-10-02,10.2617,1.5142,0.1653,,0.4810,0.4590,0.3656,,58886.7000
IOC,2026-10-02,5.5208,0.8239,,58.4460,0.3850,,0.0392,6.2800,
IPCALAB,2026-10-02,37.6282,6.1194,,8.4920,0.2080,0.7240,0.1293,0.3100,49345.5000
IRCTC,2026-10-02,26.0321,8.4297,,1.8740,0.1810,0.0000,0.2568,1.9800,36320.0000
IREDA,2026-10-02,15.7895,2.2620,,565.6710,0.2370,0.3300,0.6925,1.3500,31182.5000
IRFC,2026-10-02,14.0364,1.7730,,773.3470,0.1030,0.0970,0.9727,3.7600,100705.9000
ITC,2026-10-02,16.1553,4.4221,,3.2930,-0.1110,-0.1600,0.2594,6.2500,320655.9000
ITCHOTELS,2026-10-02,38.2530,2.8365,,0.6340,0.1480,0.3590,0.2028,0.6300,33068.6000
JINDALSTEL,2026-10-02,41.1556,2.1995,,43.6130,0.2590,-0.4370,0.0482,0.1800,111974.6000
JIOFIN,2026-10-02,65.7895,1.0050,,16.2860,2.0820,1.7020,0.5501,0.2800,140316.8000
JKCEMENT,2026-10-02,40.5118,5.4405,,87.5220,0.2800,-0.1450,0.0656,0.4000,38286.4000
JSL,2026-10-02,18.6074,13.4036,,37.5230,0.1050,0.0760,0.0738,0.5500,60329.6000
JSWENERGY,2026-10-02,38.0094,2.7698,,229.1600,0.0120,-0.3950,0.1037,0.4100,88870.1000
JSWINFRA,2026-10-02,50.2119,6.8148,,59.0020,0.1810,-0.1030,0.2658,0.2500,82304.0000
JSWSTEEL,2026-10-02,12.1658,3.0079,,95.3740,0.0980,1.1300,0.1306,0.5800,300972.6000
JUBLFOOD,2026-10-02,80.6182,12.7224,,205.3180,0.1370,0.0600,0.0442,0.2700,
KALYANKJIL,2026-10-02,38.1588,8.6411,,96.9660,0.4570,0.3160,0.0367,0.4700,54580.9000
KEI,2026-10-02,43.2885,6.4575,,3.7960,0.2300,0.4000,0.0808,0.1000,43039.4000
KOTAKBANK,2026-10-02,20.4873,2.2961,,,0.2100,0.2250,0.2847,0.1600,416169.6000
KPRMILL,2026-10-02,40.0412,6.4066,,10.4630,0.0960,0.2150,0.1338,0.4700,36578.0000
LAURUSLABS,2026-10-02,98.0237,20.2088,,46.3690,0.2910,1.2520,0.1504,0.1200,107197.9000
LENSKART,2026-10-02,183.0239,13.7109,,34.9830,0.4330,2.5810,0.0680,,119469.4000
LGEINDIA,2026-10-02,63.7379,15.1594,,5.9900,0.1550,0.2720,0.0713,,116205.8000
LICHSGFIN,2026-10-02,4.8778,0.6759,,642.5220,0.1450,0.0990,0.6518,1.9600,27998.2000
LICI,2026-10-02,8.2512,2.8068,,0.4310,0.0680,0.4000,0.0651,2.5500,495690.1000
LINDEINDIA,2026-10-02,96.3792,12.3972,,1.8500,0.2160,-0.0250,0.2059,0.0600,52893.3000
LLOYDSME,2026-10-02,20.7847,7.2220,,145.2140,2.0860,1.6930,0.2151,0.0600,100166.2000
LODHA,2026-10-02,26.8089,4.7427,,42.2380,0.4310,1.0330,0.2269,0.3800,110474.1000
LT,2026-10-02,30.6761,4.6489,,97.6400,0.0810,0.1400,0.0559,1.0300,508162.4000
LTF,2026-10-02,20.8807,2.3585,,393.4420,0.2930,0.2820,0.3308,1.0400,66256.7000
LTM,2026-10-02,22.7270,4.8420,0.2197,9.8740,0.1800,0.1690,0.1187,1.8700,118792.0000
LTTS,2026-10-02,27.1936,5.3697,,8.9110,0.0260,0.1280,0.1168,1.7700,34785.7000
LUPIN,2026-10-02,16.8355,4.1367,,29.3880,0.3200,0.1600,0.1845,0.8900,92884.7000
M&M,2026-10-02,17.3913,3.4333,,125.2780,0.2750,0.3340,0.0861,1.1500,343418.0000
M&MFIN,2026-10-02,13.6344,1.6687,,429.8510,0.3670,0.6400,0.3089,2.3500,44468.0000
MAHABANK,2026-10-02,8.2227,1.7350,0.2296,,0.2180,0.3420,0.5341,2.7300,61917.0000
MANKIND,2026-10-02,50.5584,6.4202,,38.1110,0.1290,0.2960,0.1386,0.0800,104706.9000
MARICO,2026-10-02,53.7749,24.0927,,12.3940,0.2140,0.2470,0.1316,0.5100,101418.7000
MARUTI,2026-10-02,25.0000,3.3407,,0.0960,0.3590,-0.0910,0.0727,1.2300,357978.8000
MAXHEALTH,2026-10-02,63.2784,8.5206,,32.3670,0.1670,0.0480,0.1672,0.2100,91583.6000
MAZDOCK,2026-10-02,31.0563,8.5350,,4.4810,0.1210,0.2150,0.2012,1.0100,83257.6000
MCX,2026-10-02,52.9062,19.3781,,0.1130,0.8530,1.0340,0.5556,0.2500,
MEDANTA,2026-10-02,65.7780,9.2018,,29.8690,0.2650,-0.0020,0.1187,0.0400,36465.6000
MEESHO,2026-10-02,,23.0696,,1.4280,0.4830,,-0.0868,,101364.6000
MFSL,2026-10-02,435.0000,9.0475,,36.4530,0.1680,0.3730,0.0022,,47787.2000
MOTHERSON,2026-10-02,37.7476,4.0355,,43.9080,0.1660,1.0420,0.0336,0.3200,165371.9000
MOTILALOFS,2026-10-02,30.7327,4.6227,,165.8000,0.2390,0.0870,0.2296,1.1100,59688.7000
MPHASIS,2026-10-02,22.5223,3.7879,0.1774,24.6750,0.1750,0.1070,0.1156,2.7600,42937.7000
MRF,2026-10-02,21.6587,2.4977,,15.2880,0.0960,-0.0100,0.0758,0.3800,52388.7000
MUTHOOTFIN,2026-10-02,9.5206,2.6669,0.3174,393.5600,0.3530,0.3880,0.5550,1.1100,108280.1000
NAM-INDIA,2026-10-02,41.4915,14.3260,,1.6170,0.2450,0.2640,0.5251,2.0600,66948.4000
NATIONALUM,2026-10-02,9.1129,2.8466,,0.2770,0.3930,0.9110,0.3491,1.1900,61508.8000
NAUKRI,2026-10-02,48.5437,2.0502,,0.6400,0.1140,0.5070,0.4740,1.2000,77728.5000
NESTLEIND,2026-10-02,66.2127,48.8988,,8.6210,0.2520,0.4810,0.1562,0.9200,252165.7000
NH,2026-10-02,43.1683,7.8066,,129.0330,0.7800,0.0540,0.0900,0.2600,35420.6000
NHPC,2026-10-02,26.2821,1.7437,,113.1110,0.1850,0.0280,0.3109,2.2400,72073.1000
NLCINDIA,2026-10-02,10.6463,1.6287,,110.3580,0.2330,-0.4230,0.1746,1.5200,35061.1000
NMDC,2026-10-02,8.9282,1.9230,,18.8020,0.0080,0.0040,0.2322,2.6800,65622.1000
NTPC,2026-10-02,9.6184,1.5045,,128.3450,0.0780,0.1180,0.1453,3.9200,305542.0000
NTPCGREEN,2026-10-02,126.7222,4.1218,,165.2810,0.6270,0.3850,0.1848,,76881.8000
NYKAA,2026-10-02,361.0556,64.7053,,82.8290,0.2910,2.5000,0.0240,,93107.0000
OBEROIRLTY,2026-10-02,24.2717,3.5598,,15.7650,0.3170,0.2890,0.4159,0.4600,63797.7000
OFSS,2026-10-02,26.6374,13.0973,0.4990,0.5670,0.6870,1.2020,0.3815,6.3800,90760.3000
OIL,2026-10-02,8.6432,1.2450,,58.7410,0.5770,0.9140,0.2168,2.9300,72221.4000
ONGC,2026-10-02,6.4269,0.7525,,42.5480,0.2570,0.2140,0.0618,6.5200,279747.7000
PAGEIND,2026-10-02,54.0540,27.2129,,18.4220,0.0790,-0.0400,0.1413,2.1800,40890.1000
PATANJALI,2026-10-02,19.6107,2.9480,,21.2950,0.2740,0.8610,0.0461,1.1400,38636.0000
PAYTM,2026-10-02,163.9604,6.6248,,1.0730,0.2770,0.7990,0.0725,,105885.9000
PERSISTENT,2026-10-02,43.8588,9.9732,0.2520,6.9400,0.2910,0.1210,0.1224,0.6700,83849.2000
PETRONET,2026-10-02,10.1819,1.9213,,10.5070,-0.5320,0.3510,0.1132,3.5000,42825.0000
PFC,2026-10-02,4.0289,0.7342,,536.8370,0.0080,0.0210,0.5448,4.9100,104943.2000
PHOENIXLTD,2026-10-02,53.9106,6.2804,,37.2110,0.1280,0.2330,0.2816,0.1300,69031.8000
PIDILITIND,2026-10-02,56.5033,13.7554,,3.7760,0.2130,0.2960,0.1720,0.7900,149114.3000
PIIND,2026-10-02,29.1563,3.0205,,3.0480,-0.1040,-0.3890,0.1788,0.6700,33921.5000
PIRAMALFIN,2026-10-02,27.1457,1.5939,0.0604,286.7810,0.0210,0.6710,0.3220,0.5400,47859.7000
PNB,2026-10-02,5.7008,0.8053,0.1497,,-0.0640,1.7500,0.3815,2.7400,125928.2000
POLICYBZR,2026-10-02,60.6061,6.1941,,4.9220,0.4010,0.9230,0.1020,,45285.8000
POLYCAB,2026-10-02,42.1948,9.9460,0.2555,1.7380,0.3900,0.3250,0.0918,0.5900,120357.4000
POWERGRID,2026-10-02,12.4718,2.3558,,150.8130,0.0270,-0.0080,0.3380,4.0300,236746.9000
POWERINDIA,2026-10-02,121.9503,26.9451,,1.6630,0.6860,1.2350,0.1255,0.0300,139466.9000
PREMIERENE,2026-10-02,23.5845,9.1830,,86.0050,0.3530,0.5300,0.1967,0.1700,39639.3000
PRESTIGE,2026-10-02,56.1853,3.9336,0.0775,105.4930,0.1590,-0.1930,0.0872,0.1300,64010.8000
RADICO,2026-10-02,80.8588,17.1101,,15.0330,0.1180,0.7600,0.1130,0.2100,56771.2000
RECLTD,2026-10-02,4.7351,0.8998,,607.4630,0.2520,-0.0610,0.6889,2.1500,
RELIANCE,2026-10-02,21.1425,1.7479,,46.2780,0.2970,-0.2240,0.0661,0.5100,
RVNL,2026-10-02,45.6018,4.1820,,49.0780,0.1060,0.1690,0.0432,1.7400,41074.9000
SAIL,2026-10-02,16.8599,1.1952,,52.8990,0.0130,1.2110,0.0384,1.3500,72077.7000
SBICARD,2026-10-02,23.5255,3.4097,,280.2060,0.2340,0.1950,0.1820,0.4400,53596.6000
SBILIFE,2026-10-02,66.6770,8.5791,0.1370,,0.1880,0.2180,0.0214,0.1600,172746.2000
SBIN,2026-10-02,10.2043,1.4160,0.1518,,0.1030,0.0990,0.2238,1.8200,880693.2000
SCHAEFFLER,2026-10-02,48.2384,9.8373,0.2165,0.7830,0.1730,0.1300,0.1193,0.9000,60348.8000
SHREECEM,2026-10-02,48.5437,3.3960,,8.0130,0.1800,-0.1770,0.0745,0.6400,79016.8000
SHRIRAMFIN,2026-10-02,16.6932,2.6974,0.1850,276.2150,0.4280,0.2950,0.5001,1.4600,222362.8000
SIEMENS,2026-10-02,80.0000,9.7880,,2.2130,0.1480,4.0610,0.1902,0.4700,135468.2000
SOLARINDS,2026-10-02,88.4956,27.9664,,23.2710,0.7030,0.9270,0.1754,0.0600,175550.7000
SRF,2026-10-02,34.0855,5.2480,,36.1950,0.3180,0.7560,0.1272,0.4000,73692.5000
SUNDARMFIN,2026-10-02,21.8408,3.2802,,409.1610,0.2680,0.3380,0.4609,0.9100,48464.9000
SUNPHARMA,2026-10-02,35.7129,5.1708,,5.5170,0.1050,0.2740,0.2019,0.8900,432120.2000
SUPREMEIND,2026-10-02,41.6667,6.9597,,1.4730,0.0420,0.3870,0.0911,1.0700,42953.6000
SUZLON,2026-10-02,16.9913,5.4703,0.3937,2.8070,0.2250,-0.0830,0.1809,,53487.3000
SWIGGY,2026-10-02,,3.3867,,13.9290,0.3730,,-0.1505,,62356.0000
TATACAP,2026-10-02,24.9141,2.9321,,502.9310,0.4030,0.4720,0.3968,0.1800,134470.3000
TATACOMM,2026-10-02,50.8384,13.9381,,335.8540,0.1050,-0.2940,0.0372,1.0400,48059.7000
TATACONSUM,2026-10-02,59.3304,4.3466,,12.1590,0.1190,0.2790,0.0784,1.0400,94713.3000
TATAINVEST,2026-10-02,71.9298,1.0648,,0.0070,0.0410,-0.0180,1.0525,0.5500,31116.1000
TATAPOWER,2026-10-02,28.9859,2.8342,,168.0510,0.0560,0.1090,0.0609,0.7100,111884.8000
TATASTEEL,2026-10-02,20.1130,2.1749,,89.0170,0.1430,0.1140,0.0460,2.2500,222042.8000
TCS,2026-10-02,15.0832,6.8479,0.4774,10.2110,0.1390,0.0460,0.1805,3.1300,
TECHM,2026-10-02,26.5271,4.5842,,7.2690,0.1770,0.2830,0.0868,3.3300,135812.1000
THERMAX,2026-10-02,63.5538,6.8075,,42.1660,0.0710,-0.8340,0.0547,0.4200,37772.2000
TIINDIA,2026-10-02,74.6174,5.8430,,5.3630,0.1680,-0.1530,0.0263,0.1500,45295.9000
TITAN,2026-10-02,69.4403,25.5300,,195.0010,0.2930,0.6280,0.0623,0.3300,400683.6000
TMCV,2026-10-02,36.7399,12.0905,,44.0950,0.1930,0.8340,0.0481,0.9600,153977.4000
TMPV,2026-10-02,,0.9181,,70.3640,-0.0820,-0.8030,0.2281,1.0700,102902.8000
TORNTPHARM,2026-10-02,76.3379,19.2345,,85.4460,0.5480,-0.0820,0.1387,0.8000,181332.8000
TORNTPOWER,2026-10-02,27.0657,3.2968,,70.8850,0.0280,-0.1270,0.0796,1.6100,62887.2000
TRENT,2026-10-02,76.3314,19.6965,,36.0340,0.1780,0.2070,0.0864,0.1600,137573.9000
TVSMOTOR,2026-10-02,55.8627,57.1871,,306.0900,0.3430,0.6710,0.0569,0.3000,
UBL,2026-10-02,78.8785,6.9088,,29.0760,0.0710,-0.0950,0.0419,0.8400,31242.1000
ULTRACEMCO,2026-10-02,37.3210,4.1112,,29.4320,0.1590,0.1680,0.0929,2.2400,315055.7000
UNIONBANK,2026-10-02,6.2001,0.9169,0.1580,,0.1640,0.2740,0.4046,2.9800,127931.6000
UNITDSPR,2026-10-02,56.1911,10.5886,,4.6110,-0.1020,0.1120,0.1492,1.2700,94799.5000
UNOMINDA,2026-10-02,53.4649,9.3932,,37.7400,0.2380,0.0120,0.0580,0.2400,64156.6000
UPL,2026-10-02,21.1890,1.2574,,57.1280,0.1050,,0.0382,1.1600,43684.3000
VAML,2026-10-02,40.8308,,,,0.4600,2.1630,0.5626,3.9700,157337.5000
VBL,2026-10-02,42.5726,6.6075,0.1685,15.8690,0.2040,0.1570,0.1404,0.4700,143857.5000
VEDL,2026-10-02,11.0743,1.9822,,48.0440,-0.3730,0.7220,0.2321,13.4900,98420.5000
VMM,2026-10-02,52.3684,6.2606,,26.8170,0.1870,0.2500,0.0661,,46613.8000
VOLTAS,2026-10-02,77.4981,5.4654,,15.5100,0.1870,0.5200,0.0300,0.3800,34848.8000
WAAREEENER,2026-10-02,17.6684,4.6595,,21.4020,0.7920,0.1420,0.1270,0.1700,67310.4000
WIPRO,2026-10-02,12.6569,2.0346,0.1613,27.3980,0.1060,0.0090,0.1392,5.0200,157651.9000
YESBANK,2026-10-02,17.4370,1.2474,0.0747,,0.0900,0.3080,0.2319,,65132.3000
ZYDUSLIFE,2026-10-02,25.5451,4.2522,,42.3040,0.2200,-0.3590,0.1578,0.0900,114284.0000
360ONE,2026-10-03,34.5975,4.2881,,161.9770,0.2990,0.1280,0.2646,1.7300,42423.1000
ABB,2026-10-03,92.5926,15.6622,0.1913,1.5470,0.1210,0.0300,0.2135,0.5700,146216.8000
ABBOTINDIA,2026-10-03,35.3489,11.9506,,3.6020,0.0430,0.1710,0.2305,1.9600,57054.4000
ABCAPITAL,2026-10-03,24.2751,2.8541,,495.9360,0.3140,0.3910,0.1194,,102683.6000
ADANIENSOL,2026-10-03,54.6518,6.2664,,194.5000,0.4240,1.2410,0.0958,,162212.7000
ADANIENT,2026-10-03,49.0219,4.4995,,119.5600,0.4990,,0.0655,0.0500,381316.6000
ADANIGREEN,2026-10-03,121.9981,10.8966,,346.5480,0.1660,0.1850,0.1310,,210196.2000
ADANIPORTS,2026-10-03,29.6755,4.1724,,64.0510,0.1860,0.0240,0.3243,0.4300,400382.0000
ADANIPOWER,2026-10-03,26.5149,5.8269,,82.3320,0.3400,0.4440,0.2415,,378385.0000
AIAENG,2026-10-03,28.0931,4.4344,,0.1280,0.1240,-0.0130,0.2784,0.4200,
AIIL,2026-10-03,28.1462,3.1079,,24.5900,0.1410,0.1750,0.8205,0.0400,45773.3000
AJANTPHARM,2026-10-03,39.4239,9.8964,,5.8740,0.2480,0.3080,0.1965,1.7900,44810.3000
ALKEM,2026-10-03,28.9021,4.5161,,14.2670,0.1090,-0.2170,0.1431,0.3800,62412.9000
AMBUJACEM,2026-10-03,20.3283,1.5088,,1.2050,-0.0770,-0.2750,0.1113,0.5500,90012.5000
ANTHEM,2026-10-03,85.0000,15.8497,,1.7720,-0.2260,-0.1280,0.2869,0.2300,48223.1000
APARINDS,2026-10-03,60.3495,13.1681,,17.7160,0.2910,0.7740,0.0484,0.3400,74030.3000
APLAPOLLO,2026-10-03,47.8557,11.0929,,9.3960,0.0850,0.1100,0.0523,0.4000,58744.2000
APOLLOHOSP,2026-10-03,55.8658,12.3361,,85.1460,0.2060,0.3410,0.0791,0.2500,116947.2000
ASHOKLEY,2026-10-03,25.4619,6.2064,,344.7370,0.1160,0.0100,0.0602,2.3300,
ASIANPAINT,2026-10-03,48.5478,10.8031,,17.8470,0.1790,0.3990,0.1281,1.1400,230745.7000
ASTERDM,2026-10-03,114.7488,7.9734,,45.9210,0.2160,-0.8140,0.0654,0.5600,61714.4000
ASTRAL,2026-10-03,62.8919,8.8978,,6.1680,0.1590,0.4800,0.0848,0.3000,36106.6000
ATGL,2026-10-03,101.0399,13.1802,,58.6500,0.2720,-0.1400,0.1008,0.0400,64118.9000
AUBANK,2026-10-03,26.1804,3.6934,,,0.2980,0.3510,0.2558,0.1000,73967.3000
AUROPHARMA,2026-10-03,26.1795,2.5702,,21.3100,0.1630,0.2580,0.1063,0.2400,96479.4000
AXISBANK,2026-10-03,13.6984,1.6962,0.1335,,0.1400,0.2180,0.3603,0.0800,378967.2000
BAJAJ-AUTO,2026-10-03,23.8661,7.2300,,56.3520,0.6400,0.4580,0.1625,1.4900,276040.5000
BAJAJFINSV,2026-10-03,27.3972,3.5551,,256.4040,0.1930,0.1270,0.0647,0.0800,277258.4000
BAJAJHFL,2026-10-03,25.7492,3.0755,0.1268,460.7400,0.1960,0.2290,0.6318,,69269.5000
BAJAJHLDNG,2026-10-03,13.4049,1.6228,0.1160,0.0120,0.2420,-0.2240,7.3464,1.2200,118705.7000
BAJFINANCE,2026-10-03,29.0890,5.1723,,314.8330,0.2610,0.2720,0.4350,0.5700,589929.2000
BALKRISIND,2026-10-03,28.5380,3.6615,,37.5240,0.2520,0.5640,0.1220,0.7700,40113.3000
BANKBARODA,2026-10-03,6.5705,0.7081,0.1132,,0.1800,-0.4860,0.2739,3.6800,119365.4000
BANKINDIA,2026-10-03,4.7938,0.6482,0.1370,,0.1850,0.8030,0.3499,3.5900,58947.9000
BDL,2026-10-03,76.3439,9.3960,,0.0070,1.3080,5.4800,0.1883,0.4500,39878.3000
BEL,2026-10-03,45.6615,11.6738,,0.2730,0.2490,0.0830,0.2140,0.6500,280037.6000
BERGEPAINT,2026-10-03,43.2919,7.6271,,9.1650,0.1200,0.2850,0.0992,0.8800,52750.0000
BHARATFORG,2026-10-03,126.6036,9.3573,,76.4750,0.1870,,0.0403,0.4500,91625.8000
BHARTIARTL,2026-10-03,36.3638,6.7100,0.2015,100.4150,0.1840,0.3510,0.1314,1.3800,1086212.7000
BHARTIHEXA,2026-10-03,37.7237,9.6215,,85.6540,0.1090,0.2320,0.1900,1.3100,68940.0000
BHEL,2026-10-03,60.2289,5.6067,,31.3120,0.4030,,0.0676,0.3300,146594.9000
BIOCON,2026-10-03,107.4493,1.7641,,42.1450,0.1000,2.3460,0.0286,0.1300,60711.5000
BLUESTARCO,2026-10-03,58.8311,8.7452,,23.5880,0.1330,-0.1510,0.0398,0.5800,30008.3000
BOSCHLTD,2026-10-03,56.8180,9.0357,,0.8000,0.2200,-0.3670,0.1133,0.5900,
BPCL,2026-10-03,7.4963,1.2826,,54.3320,0.3440,,0.0347,6.6500,128433.9000
BRITANNIA,2026-10-03,44.2489,22.5371,,26.8750,0.0820,0.1360,0.1338,1.8900,115086.9000
BSE,2026-10-03,44.2475,15.6874,,0.0000,0.6400,0.6210,0.4892,0.3300,123706.9000
CANBK,2026-10-03,5.4046,0.9121,,,-0.1290,0.6220,0.4313,3.5500,107360.2000
CGPOWER,2026-10-03,111.1252,17.3685,,1.4460,0.1400,0.1310,0.0975,0.1500,138483.7000
CHOLAFIN,2026-10-03,23.3659,4.4199,,695.2830,0.3460,0.4370,0.4055,0.1300,135486.7000
CIPLA,2026-10-03,32.2612,3.1531,,1.7780,0.0350,-0.3920,0.1201,0.9700,108577.8000
COALINDIA,2026-10-03,8.3198,2.1751,,11.6290,0.4510,0.0120,0.1814,5.0000,259081.1000
COCHINSHIP,2026-10-03,49.7487,5.7651,,28.4660,0.0240,-0.1930,0.1348,0.8700,33858.5000
COFORGE,2026-10-03,37.4564,6.4304,,7.5180,0.4990,0.3090,0.0964,0.8800,80898.9000
COLPAL,2026-10-03,34.9657,29.7895,,2.9930,0.1180,0.0700,0.2172,2.7700,47189.5000
CONCOR,2026-10-03,27.0999,2.6010,,7.3900,0.0030,0.0060,0.1367,1.9500,33663.5000
COROMANDEL,2026-10-03,28.3505,4.1274,,11.4690,0.1590,-0.2450,0.0562,0.6200,51839.2000
CRISIL,2026-10-03,36.6667,9.9096,0.2905,10.2300,0.2760,0.2620,0.2143,0.9000,32418.5000
CUMMINSIND,2026-10-03,56.8155,15.8958,,0.4310,0.1790,0.0090,0.1869,1.3600,134719.2000
DABUR,2026-10-03,33.6556,5.8129,,10.9070,0.1060,0.1530,0.1455,2.2000,66390.3000
DALBHARAT,2026-10-03,33.7870,1.7610,,40.9870,0.0700,-0.5210,0.0620,0.5900,31688.6000
DIVISLAB,2026-10-03,84.0360,14.6490,,0.0420,0.2780,0.6570,0.2605,0.3200,245531.9000
DIXON,2026-10-03,41.3223,14.1469,,18.4570,0.2110,1.5460,0.0364,0.0800,77218.4000
DLF,2026-10-03,36.6388,3.5839,0.1010,0.6730,-0.5290,0.0420,0.6579,1.2200,162974.5000
DMART,2026-10-03,81.3006,10.1424,,9.9130,0.1490,0.1140,0.0429,,248701.4000
DRREDDY,2026-10-03,30.3982,2.6204,0.0884,18.6050,-0.0560,-0.6870,0.1000,0.6600,100475.1000
EICHERMOT,2026-10-03,32.8944,7.5627,,2.0480,0.3150,0.2130,0.2321,1.1800,189969.0000
EMBASSY,2026-10-03,92.7118,1.6874,,,,,,,35064.5000
ENDURANCE,2026-10-03,37.6617,5.3388,,19.3930,0.3000,0.0800,0.0622,0.4400,36521.7000
ENRIN,2026-10-03,79.9904,24.6749,,4.4830,0.3930,0.6780,0.1577,0.1200,118730.6000
ESCORTS,2026-10-03,21.2927,2.4188,,1.3090,0.2830,-0.7240,0.1129,1.2400,29432.3000
ETERNAL,2026-10-03,667.8723,9.2790,,14.8260,1.8200,2.3330,0.0064,,288957.3000
EXIDEIND,2026-10-03,37.3200,2.5027,,11.3080,0.1770,0.2830,0.0495,0.4900,34799.0000
FACT,2026-10-03,,34.5479,,295.1470,0.2020,,-0.0178,0.0500,47763.6000
FEDERALBNK,2026-10-03,17.0343,1.9588,,,0.2140,0.3270,0.3072,0.3800,78604.2000
FLUOROCHEM,2026-10-03,77.7201,6.2481,,28.9400,0.2400,0.2040,0.1163,0.0700,47818.8000
FORTIS,2026-10-03,56.5155,5.9890,,34.1500,0.1750,0.0230,0.1102,0.1300,59264.2000
GAIL,2026-10-03,11.3919,1.2632,,27.8090,0.1670,0.9720,0.0670,3.2100,112578.5000
GICRE,2026-10-03,6.4034,0.5755,0.0911,,-0.0080,-0.3110,0.1682,4.0900,56833.8000
GLAXO,2026-10-03,43.6847,20.6209,,1.4670,0.1660,0.1570,0.2701,2.0600,46756.1000
GLENMARK,2026-10-03,36.6279,6.2581,,5.6460,0.2310,9.3070,0.1014,0.3200,65786.6000
GMRAIRPORT,2026-10-03,232.9000,-39.1758,,,0.2370,,0.0307,,99317.7000
GODFRYPHLP,2026-10-03,21.0960,4.6441,,3.7570,-0.1890,-0.4430,0.2239,2.7000,28851.9000
GODREJCP,2026-10-03,44.8478,6.7956,,34.8990,0.1540,0.1150,0.1209,2.3800,85970.8000
GODREJIND,2026-10-03,29.3060,3.0795,,222.4110,-0.0470,-0.1860,0.0476,,34422.8000
GODREJPROP,2026-10-03,30.0301,2.5093,,82.1190,0.1650,-0.4170,0.3075,0.6300,48069.7000
GRASIM,2026-10-03,35.3376,1.9416,,135.0440,0.2140,0.5130,0.0309,0.3400,200909.3000
GROWW,2026-10-03,45.7614,11.5488,,3.0280,0.6520,0.8570,0.4535,,111634.1000
GVT&D,2026-10-03,83.3307,40.4751,,0.8920,0.3800,0.2470,0.1944,0.2400,108901.7000
HAL,2026-10-03,33.0034,7.4974,,0.1600,0.1440,0.1490,0.2759,0.4300,307703.4000
HAVELLS,2026-10-03,40.0000,6.8992,,2.8010,0.1950,-0.1660,0.0692,1.1500,65266.4000
HCLTECH,2026-10-03,19.3418,4.5572,0.2407,7.0580,0.0300,0.0840,0.1297,4.8300,336353.8000
HDBFS,2026-10-03,18.5392,2.4911,,484.3130,0.2100,0.3260,0.2979,0.6500,51360.0000
HDFCAMC,2026-10-03,33.6703,10.7143,,2.3640,0.1340,0.1180,0.6162,2.3400,99034.4000
HDFCBANK,2026-10-03,15.7743,1.8313,0.1384,,0.1660,0.1810,0.2679,1.8000,1111980.6000
HDFCLIFE,2026-10-03,58.5104,5.9486,0.1083,15.8850,0.1430,0.1190,0.0190,0.3900,116030.9000
HEROMOTOCO,2026-10-03,19.0112,4.7849,,3.5700,0.3490,-0.1720,0.1072,3.5800,103433.0000
HEXT,2026-10-03,22.5436,4.4610,0.2147,10.1800,0.1790,-0.1250,0.0932,2.9100,29940.8000
HINDALCO,2026-10-03,12.7708,1.5308,,72.5980,0.3210,0.7510,0.0555,0.5300,209075.4000
HINDCOPPER,2026-10-03,39.5230,13.4376,,3.3190,0.8140,1.6190,0.3249,0.9300,44869.9000
HINDPETRO,2026-10-03,43.8374,1.1200,,85.3690,0.2690,,0.0036,7.0300,73409.9000
HINDUNILVR,2026-10-03,40.8181,8.8509,,3.0160,0.0500,0.0840,0.2264,2.4000,431385.0000
HINDZINC,2026-10-03,13.7355,10.3639,,39.0340,0.7170,1.4460,0.3807,3.7800,234526.3000
HUDCO,2026-10-03,7.5974,1.4710,,645.7750,0.0980,0.3490,0.9068,3.7100,32334.7000
HYUNDAI,2026-10-03,33.2239,8.2184,,5.4840,-0.0050,-0.3510,0.0700,1.0400,164458.3000
ICICIAMC,2026-10-03,43.8087,36.4727,,4.0660,0.1810,0.2310,0.5550,0.8000,152132.8000
ICICIBANK,2026-10-03,16.9481,2.4711,0.1607,,0.1140,0.1380,0.2753,0.9200,940802.4000
ICICIGI,2026-10-03,32.3603,4.5774,0.1463,,0.1090,-0.4620,0.0876,0.9000,78089.8000
ICICIPRULI,2026-10-03,38.4592,4.7637,0.1257,18.0520,0.1250,0.2850,0.0255,0.3700,65002.3000
IDEA,2026-10-03,3.6218,-3.8303,,,0.0610,,0.8228,,136945.6000
IDFCFIRSTB,2026-10-03,31.0386,1.4224,0.0526,,0.2980,1.1640,0.0909,0.3100,69318.9000
INDHOTEL,2026-10-03,47.6127,7.8302,,18.9870,0.1510,0.2070,0.2087,0.4500,103866.3000
INDIANB,2026-10-03,8.3542,1.2733,0.1617,,0.1030,0.4750,0.3641,2.3000,106834.4000
INDIGO,2026-10-03,,27.3338,,1112.7060,0.1990,,-0.0540,0.1900,190622.8000
INDUSINDBK,2026-10-03,52.3524,1.0505,,,0.0100,0.7170,0.0765,0.1700,69098.4000
INDUSTOWER,2026-10-03,13.8684,2.3977,0.1891,51.7900,0.0460,0.0060,0.2178,3.7200,99224.7000
INFY,2026-10-03,13.2982,4.5422,0.3200,9.5410,0.0290,0.0530,0.1637,4.8300,419210.6000
IOB,2026-10-03,10.2617,1.5142,0.1653,,0.4810,0.4590,0.3656,,58886.7000
IOC,2026-10-03,5.3740,0.8239,,58.4460,0.3850,,0.0392,6.2800,
IPCALAB,2026-10-03,37.6282,6.1194,,8.4920,0.2080,0.7240,0.1293,0.3100,49345.5000
IRCTC,2026-10-03,26.0321,8.4297,,1.8740,0.1810,0.0000,0.2568,1.9800,36320.0000
IREDA,2026-10-03,15.7895,2.2620,,565.6710,0.2370,0.3300,0.6925,1.3500,31182.5000
IRFC,2026-10-03,14.0364,1.7730,,773.3470,0.1030,0.0970,0.9727,3.7600,100705.9000
ITC,2026-10-03,16.1553,4.4221,,3.2930,-0.1110,-0.1600,0.2594,6.2500,320655.9000
ITCHOTELS,2026-10-03,38.2530,2.8365,,0.6340,0.1480,0.3590,0.2028,0.6300,33068.6000
JINDALSTEL,2026-10-03,41.1556,2.1995,,43.6130,0.2590,-0.4370,0.0482,0.1800,111974.6000
JIOFIN,2026-10-03,65.7895,1.0050,,16.2860,2.0820,1.7020,0.5501,0.2800,140316.8000
JKCEMENT,2026-10-03,40.5118,5.4405,,87.5220,0.2800,-0.1450,0.0656,0.4000,38286.4000
JSL,2026-10-03,18.6074,13.4036,,37.5230,0.1050,0.0760,0.0738,0.5500,60329.6000
JSWENERGY,2026-10-03,38.0094,2.7698,,229.1600,0.0120,-0.3950,0.1037,0.4100,88870.1000
JSWINFRA,2026-10-03,50.2119,6.8148,,59.0020,0.1810,-0.1030,0.2658,0.2500,82304.0000
JSWSTEEL,2026-10-03,12.1658,3.0079,,95.3740,0.0980,1.1300,0.1306,0.5800,300972.6000
JUBLFOOD,2026-10-03,78.0634,12.7224,,205.3180,0.1370,0.0600,0.0442,0.2700,
KALYANKJIL,2026-10-03,38.1588,8.6411,,96.9660,0.4570,0.3160,0.0367,0.4700,54580.9000
KEI,2026-10-03,43.2885,6.4575,,3.7960,0.2300,0.4000,0.0808,0.1000,43039.4000
KOTAKBANK,2026-10-03,20.4873,2.2961,,,0.2100,0.2250,0.2847,0.1600,416169.6000
KPRMILL,2026-10-03,40.0412,6.4066,,10.4630,0.0960,0.2150,0.1338,0.4700,36578.0000
LAURUSLABS,2026-10-03,98.0237,20.2088,,46.3690,0.2910,1.2520,0.1504,0.1200,107197.9000
LENSKART,2026-10-03,181.5789,13.7109,,34.9830,0.4330,2.5810,0.0680,,119469.4000
LGEINDIA,2026-10-03,63.7379,15.1594,,5.9900,0.1550,0.2720,0.0713,,116205.8000
LICHSGFIN,2026-10-03,4.8778,0.6759,,642.5220,0.1450,0.0990,0.6518,1.9600,27998.2000
LICI,2026-10-03,8.2512,2.8068,,0.4310,0.0680,0.4000,0.0651,2.5500,495690.1000
LINDEINDIA,2026-10-03,96.3792,12.3972,,1.8500,0.2160,-0.0250,0.2059,0.0600,52893.3000
LLOYDSME,2026-10-03,20.7847,7.2220,,145.2140,2.0860,1.6930,0.2151,0.0600,100166.2000
LODHA,2026-10-03,26.8089,4.7427,,42.2380,0.4310,1.0330,0.2269,0.3800,110474.1000
LT,2026-10-03,30.6761,4.6489,,97.6400,0.0810,0.1400,0.0559,1.0300,508162.4000
LTF,2026-10-03,20.8807,2.3585,,393.4420,0.2930,0.2820,0.3308,1.0400,66256.7000
LTM,2026-10-03,22.7270,4.8420,0.2197,9.8740,0.1800,0.1690,0.1187,1.8700,118792.0000
LTTS,2026-10-03,27.1936,5.3697,,8.9110,0.0260,0.1280,0.1168,1.7700,34785.7000
LUPIN,2026-10-03,16.8355,4.1367,,29.3880,0.3200,0.1600,0.1845,0.8900,92884.7000
M&M,2026-10-03,17.3913,3.4333,,125.2780,0.2750,0.3340,0.0861,1.1500,343418.0000
M&MFIN,2026-10-03,13.6344,1.6687,,429.8510,0.3670,0.6400,0.3089,2.3500,44468.0000
MAHABANK,2026-10-03,8.2227,1.7350,0.2296,,0.2180,0.3420,0.5341,2.7300,61917.0000
MANKIND,2026-10-03,51.2846,6.4202,,38.1110,0.1290,0.2960,0.1386,0.0800,104706.9000
MARICO,2026-10-03,53.7749,24.0927,,12.3940,0.2140,0.2470,0.1316,0.5100,101418.7000
MARUTI,2026-10-03,25.0000,3.3407,,0.0960,0.3590,-0.0910,0.0727,1.2300,357978.8000
MAXHEALTH,2026-10-03,63.2784,8.5206,,32.3670,0.1670,0.0480,0.1672,0.2100,91583.6000
MAZDOCK,2026-10-03,31.0563,8.5350,,4.4810,0.1210,0.2150,0.2012,1.0100,83257.6000
MCX,2026-10-03,52.9062,19.3781,,0.1130,0.8530,1.0340,0.5556,0.2500,
MEDANTA,2026-10-03,65.7780,9.2018,,29.8690,0.2650,-0.0020,0.1187,0.0400,36465.6000
MEESHO,2026-10-03,,23.0696,,1.4280,0.4830,,-0.0868,,101364.6000
MFSL,2026-10-03,435.0000,9.0475,,36.4530,0.1680,0.3730,0.0022,,47787.2000
MOTHERSON,2026-10-03,37.7476,4.0355,,43.9080,0.1660,1.0420,0.0336,0.3200,165371.9000
MOTILALOFS,2026-10-03,30.6756,4.6227,,165.8000,0.2390,0.0870,0.2296,1.1100,59688.7000
MPHASIS,2026-10-03,22.5223,3.7879,0.1774,24.6750,0.1750,0.1070,0.1156,2.7600,42937.7000
MRF,2026-10-03,21.6587,2.4977,,15.2880,0.0960,-0.0100,0.0758,0.3800,52388.7000
MUTHOOTFIN,2026-10-03,9.5206,2.6669,0.3174,393.5600,0.3530,0.3880,0.5550,1.1100,108280.1000
NAM-INDIA,2026-10-03,41.4915,14.3260,,1.6170,0.2450,0.2640,0.5251,2.0600,66948.4000
NATIONALUM,2026-10-03,9.1080,2.8466,,0.2770,0.3930,0.9110,0.3491,1.1900,61508.8000
NAUKRI,2026-10-03,48.5437,2.0502,,0.6400,0.1140,0.5070,0.4740,1.2000,77728.5000
NESTLEIND,2026-10-03,66.2127,48.8988,,8.6210,0.2520,0.4810,0.1562,0.9200,252165.7000
NH,2026-10-03,43.1683,7.8066,,129.0330,0.7800,0.0540,0.0900,0.2600,35420.6000
NHPC,2026-10-03,26.2821,1.7437,,113.1110,0.1850,0.0280,0.3109,2.2400,72073.1000
NLCINDIA,2026-10-03,10.6463,1.6287,,110.3580,0.2330,-0.4230,0.1746,1.5200,35061.1000
NMDC,2026-10-03,8.9282,1.9230,,18.8020,0.0080,0.0040,0.2322,2.6800,65622.1000
NTPC,2026-10-03,9.6331,1.5045,,128.3450,0.0780,0.1180,0.1453,3.9200,305542.0000
NTPCGREEN,2026-10-03,126.7222,4.1218,,165.2810,0.6270,0.3850,0.1848,,76881.8000
NYKAA,2026-10-03,357.0879,64.7053,,82.8290,0.2910,2.5000,0.0240,,93107.0000
OBEROIRLTY,2026-10-03,24.2717,3.5598,,15.7650,0.3170,0.2890,0.4159,0.4600,63797.7000
OFSS,2026-10-03,26.6667,13.0973,0.4990,0.5670,0.6870,1.2020,0.3815,6.3800,90760.3000
OIL,2026-10-03,8.6432,1.2450,,58.7410,0.5770,0.9140,0.2168,2.9300,72221.4000
ONGC,2026-10-03,6.4269,0.7525,,42.5480,0.2570,0.2140,0.0618,6.5200,279747.7000
PAGEIND,2026-10-03,54.0540,27.2129,,18.4220,0.0790,-0.0400,0.1413,2.1800,40890.1000
PATANJALI,2026-10-03,19.6107,2.9480,,21.2950,0.2740,0.8610,0.0461,1.1400,38636.0000
PAYTM,2026-10-03,163.9604,6.6248,,1.0730,0.2770,0.7990,0.0725,,105885.9000
PERSISTENT,2026-10-03,43.8588,9.9732,0.2520,6.9400,0.2910,0.1210,0.1224,0.6700,83849.2000
PETRONET,2026-10-03,10.1819,1.9213,,10.5070,-0.5320,0.3510,0.1132,3.5000,42825.0000
PFC,2026-10-03,4.0289,0.7342,,536.8370,0.0080,0.0210,0.5448,4.9100,104943.2000
PHOENIXLTD,2026-10-03,54.0465,6.2804,,37.2110,0.1280,0.2330,0.2816,0.1300,69031.8000
PIDILITIND,2026-10-03,56.5033,13.7554,,3.7760,0.2130,0.2960,0.1720,0.7900,149114.3000
PIIND,2026-10-03,29.1563,3.0205,,3.0480,-0.1040,-0.3890,0.1788,0.6700,33921.5000
PIRAMALFIN,2026-10-03,27.1457,1.5939,0.0604,286.7810,0.0210,0.6710,0.3220,0.5400,47859.7000
PNB,2026-10-03,5.7008,0.8053,0.1497,,-0.0640,1.7500,0.3815,2.7400,125928.2000
POLICYBZR,2026-10-03,60.6061,6.1941,,4.9220,0.4010,0.9230,0.1020,,45285.8000
POLYCAB,2026-10-03,42.1948,9.9460,0.2555,1.7380,0.3900,0.3250,0.0918,0.5900,120357.4000
POWERGRID,2026-10-03,12.4718,2.3558,,150.8130,0.0270,-0.0080,0.3380,4.0300,236746.9000
POWERINDIA,2026-10-03,121.9503,26.9451,,1.6630,0.6860,1.2350,0.1255,0.0300,139466.9000
PREMIERENE,2026-10-03,23.5845,9.1830,,86.0050,0.3530,0.5300,0.1967,0.1700,39639.3000
PRESTIGE,2026-10-03,56.1853,3.9336,0.0775,105.4930,0.1590,-0.1930,0.0872,0.1300,64010.8000
RADICO,2026-10-03,80.6433,17.1101,,15.0330,0.1180,0.7600,0.1130,0.2100,56771.2000
RECLTD,2026-10-03,4.7351,0.8998,,607.4630,0.2520,-0.0610,0.6889,2.1500,
RELIANCE,2026-10-03,21.1425,1.7479,,46.2780,0.2970,-0.2240,0.0661,0.5100,
RVNL,2026-10-03,45.7077,4.1820,,49.0780,0.1060,0.1690,0.0432,1.7400,41074.9000
SAIL,2026-10-03,16.8599,1.1952,,52.8990,0.0130,1.2110,0.0384,1.3500,72077.7000
SBICARD,2026-10-03,23.5255,3.4097,,280.2060,0.2340,0.1950,0.1820,0.4400,53596.6000
SBILIFE,2026-10-03,66.6770,8.5791,0.1370,,0.1880,0.2180,0.0214,0.1600,172746.2000
SBIN,2026-10-03,10.2043,1.4160,0.1518,,0.1030,0.0990,0.2238,1.8200,880693.2000
SCHAEFFLER,2026-10-03,48.2384,9.8373,0.2165,0.7830,0.1730,0.1300,0.1193,0.9000,60348.8000
SHREECEM,2026-10-03,48.5437,3.3960,,8.0130,0.1800,-0.1770,0.0745,0.6400,79016.8000
SHRIRAMFIN,2026-10-03,16.6932,2.6974,0.1850,276.2150,0.4280,0.2950,0.5001,1.4600,222362.8000
SIEMENS,2026-10-03,80.0000,9.7880,,2.2130,0.1480,4.0610,0.1902,0.4700,135468.2000
SOLARINDS,2026-10-03,88.4956,27.9664,,23.2710,0.7030,0.9270,0.1754,0.0600,175550.7000
SRF,2026-10-03,34.1277,5.2480,,36.1950,0.3180,0.7560,0.1272,0.4000,73692.5000
SUNDARMFIN,2026-10-03,21.8408,3.2802,,409.1610,0.2680,0.3380,0.4609,0.9100,48464.9000
SUNPHARMA,2026-10-03,35.7129,5.1708,,5.5170,0.1050,0.2740,0.2019,0.8900,432120.2000
SUPREMEIND,2026-10-03,41.6667,6.9597,,1.4730,0.0420,0.3870,0.0911,1.0700,42953.6000
SUZLON,2026-10-03,16.9913,5.4703,0.3937,2.8070,0.2250,-0.0830,0.1809,,53487.3000
SWIGGY,2026-10-03,,3.3867,,13.9290,0.3730,,-0.1505,,62356.0000
TATACAP,2026-10-03,24.9141,2.9321,,502.9310,0.4030,0.4720,0.3968,0.1800,134470.3000
TATACOMM,2026-10-03,50.8384,13.9381,,335.8540,0.1050,-0.2940,0.0372,1.0400,48059.7000
TATACONSUM,2026-10-03,57.7899,4.3466,,12.1590,0.1190,0.2790,0.0784,1.0400,94713.3000
TATAINVEST,2026-10-03,71.9298,1.0648,,0.0070,0.0410,-0.0180,1.0525,0.5500,31116.1000
TATAPOWER,2026-10-03,28.9859,2.8342,,168.0510,0.0560,0.1090,0.0609,0.7100,111884.8000
TATASTEEL,2026-10-03,20.1130,2.1749,,89.0170,0.1430,0.1140,0.0460,2.2500,222042.8000
TCS,2026-10-03,15.0832,6.8479,0.4774,10.2110,0.1390,0.0460,0.1805,3.1300,
TECHM,2026-10-03,26.5271,4.5842,,7.2690,0.1770,0.2830,0.0868,3.3300,135812.1000
THERMAX,2026-10-03,63.5538,6.8075,,42.1660,0.0710,-0.8340,0.0547,0.4200,37772.2000
TIINDIA,2026-10-03,74.6174,5.8430,,5.3630,0.1680,-0.1530,0.0263,0.1500,45295.9000
TITAN,2026-10-03,69.4403,25.5300,,195.0010,0.2930,0.6280,0.0623,0.3300,400683.6000
TMCV,2026-10-03,36.7399,12.0905,,44.0950,0.1930,0.8340,0.0481,0.9600,153977.4000
TMPV,2026-10-03,,0.9181,,70.3640,-0.0820,-0.8030,0.2281,1.0700,102902.8000
TORNTPHARM,2026-10-03,76.3379,19.2345,,85.4460,0.5480,-0.0820,0.1387,0.8000,181332.8000
TORNTPOWER,2026-10-03,27.0657,3.2968,,70.8850,0.0280,-0.1270,0.0796,1.6100,62887.2000
TRENT,2026-10-03,76.3314,19.6965,,36.0340,0.1780,0.2070,0.0864,0.1600,137573.9000
TVSMOTOR,2026-10-03,55.8627,57.1871,,306.0900,0.3430,0.6710,0.0569,0.3000,
UBL,2026-10-03,78.8785,6.9088,,29.0760,0.0710,-0.0950,0.0419,0.8400,31242.1000
ULTRACEMCO,2026-10-03,36.9005,4.1112,,29.4320,0.1590,0.1680,0.0929,2.2400,315055.7000
UNIONBANK,2026-10-03,6.2001,0.9169,0.1580,,0.1640,0.2740,0.4046,2.9800,127931.6000
UNITDSPR,2026-10-03,56.1911,10.5886,,4.6110,-0.1020,0.1120,0.1492,1.2700,94799.5000
UNOMINDA,2026-10-03,53.4649,9.3932,,37.7400,0.2380,0.0120,0.0580,0.2400,64156.6000
UPL,2026-10-03,21.1890,1.2574,,57.1280,0.1050,,0.0382,1.1600,43684.3000
VAML,2026-10-03,40.8308,,,,0.4600,2.1630,0.5626,3.9700,157337.5000
VBL,2026-10-03,42.5726,6.6075,0.1685,15.8690,0.2040,0.1570,0.1404,0.4700,143857.5000
VEDL,2026-10-03,11.0743,1.9822,,48.0440,-0.3730,0.7220,0.2321,13.4900,98420.5000
VMM,2026-10-03,52.3684,6.2606,,26.8170,0.1870,0.2500,0.0661,,46613.8000
VOLTAS,2026-10-03,77.4981,5.4654,,15.5100,0.1870,0.5200,0.0300,0.3800,34848.8000
WAAREEENER,2026-10-03,17.6684,4.6595,,21.4020,0.7920,0.1420,0.1270,0.1700,67310.4000
WIPRO,2026-10-03,12.6569,2.0346,0.1613,27.3980,0.1060,0.0090,0.1392,5.0200,157651.9000
YESBANK,2026-10-03,17.2917,1.2474,0.0747,,0.0900,0.3080,0.2319,,65132.3000
ZYDUSLIFE,2026-10-03,25.5110,4.2522,,42.3040,0.2200,-0.3590,0.1578,0.0900,114284.0000
360ONE,2026-10-04,34.5975,4.2881,,161.9770,0.2990,0.1280,0.2646,1.7300,42423.1000
ABB,2026-10-04,92.5926,15.6622,0.1913,1.5470,0.1210,0.0300,0.2135,0.5700,146216.8000
ABBOTINDIA,2026-10-04,35.3489,11.9506,,3.6020,0.0430,0.1710,0.2305,1.9600,57054.4000
ABCAPITAL,2026-10-04,24.2751,2.8541,,495.9360,0.3140,0.3910,0.1194,,102683.6000
ADANIENSOL,2026-10-04,54.6518,6.2664,,194.5000,0.4240,1.2410,0.0958,,162212.7000
ADANIENT,2026-10-04,49.0219,4.4995,,119.5600,0.4990,,0.0655,0.0500,381316.6000
ADANIGREEN,2026-10-04,121.9981,10.8966,,346.5480,0.1660,0.1850,0.1310,,210196.2000
ADANIPORTS,2026-10-04,29.6755,4.1724,,64.0510,0.1860,0.0240,0.3243,0.4300,400382.0000
ADANIPOWER,2026-10-04,26.5149,5.8269,,82.3320,0.3400,0.4440,0.2415,,378385.0000
AIAENG,2026-10-04,28.0931,4.4344,,0.1280,0.1240,-0.0130,0.2784,0.4200,35594.3000
AIIL,2026-10-04,28.1462,3.1079,,24.5900,0.1410,0.1750,0.8205,0.0400,45773.3000
AJANTPHARM,2026-10-04,39.4239,9.8964,,5.8740,0.2480,0.3080,0.1965,1.7900,44810.3000
ALKEM,2026-10-04,28.9021,4.5161,,14.2670,0.1090,-0.2170,0.1431,0.3800,62412.9000
AMBUJACEM,2026-10-04,20.3283,1.5088,,1.2050,-0.0770,-0.2750,0.1113,0.5500,90012.5000
ANTHEM,2026-10-04,85.0000,15.8497,,1.7720,-0.2260,-0.1280,0.2869,0.2300,48223.1000
APARINDS,2026-10-04,60.3495,13.1681,,17.7160,0.2910,0.7740,0.0484,0.3400,74030.3000
APLAPOLLO,2026-10-04,47.8449,11.0929,,9.3960,0.0850,0.1100,0.0523,0.4000,58744.2000
APOLLOHOSP,2026-10-04,55.8658,12.3361,,85.1460,0.2060,0.3410,0.0791,0.2500,116947.2000
ASHOKLEY,2026-10-04,25.4619,6.2064,,344.7370,0.1160,0.0100,0.0602,2.3300,88389.8000
ASIANPAINT,2026-10-04,48.5478,10.8031,,17.8470,0.1790,0.3990,0.1281,1.1400,230745.7000
ASTERDM,2026-10-04,114.7488,7.9734,,45.9210,0.2160,-0.8140,0.0654,0.5600,61714.4000
ASTRAL,2026-10-04,62.8919,8.8978,,6.1680,0.1590,0.4800,0.0848,0.3000,36106.6000
ATGL,2026-10-04,101.0399,13.1802,,58.6500,0.2720,-0.1400,0.1008,0.0400,64118.9000
AUBANK,2026-10-04,26.1804,3.6934,,,0.2980,0.3510,0.2558,0.1000,73967.3000
AUROPHARMA,2026-10-04,26.1836,2.5702,,21.3100,0.1630,0.2580,0.1063,0.2400,96479.4000
AXISBANK,2026-10-04,13.6984,1.6962,0.1335,,0.1400,0.2180,0.3603,0.0800,378967.2000
BAJAJ-AUTO,2026-10-04,23.8661,7.2300,,56.3520,0.6400,0.4580,0.1625,1.4900,275813.3000
BAJAJFINSV,2026-10-04,27.3972,3.5551,,256.4040,0.1930,0.1270,0.0647,0.0800,277258.4000
BAJAJHFL,2026-10-04,25.7492,3.0755,0.1268,460.7400,0.1960,0.2290,0.6318,,69269.5000
BAJAJHLDNG,2026-10-04,13.4049,1.6228,0.1160,0.0120,0.2420,-0.2240,7.3464,1.2200,118705.7000
BAJFINANCE,2026-10-04,29.1516,5.1723,,314.8330,0.2610,0.2720,0.4350,0.5700,589929.2000
BALKRISIND,2026-10-04,28.5380,3.6615,,37.5240,0.2520,0.5640,0.1220,0.7700,40113.3000
BANKBARODA,2026-10-04,6.5705,0.7081,0.1132,,0.1800,-0.4860,0.2739,3.6800,119365.4000
BANKINDIA,2026-10-04,4.7938,0.6482,0.1370,,0.1850,0.8030,0.3499,3.5900,58947.9000
BDL,2026-10-04,76.3439,9.3960,,0.0070,1.3080,5.4800,0.1883,0.4500,39878.3000
BEL,2026-10-04,45.6615,11.6738,,0.2730,0.2490,0.0830,0.2140,0.6500,280037.6000
BERGEPAINT,2026-10-04,43.2919,7.6271,,9.1650,0.1200,0.2850,0.0992,0.8800,52750.0000
BHARATFORG,2026-10-04,126.6036,9.3573,,76.4750,0.1870,,0.0403,0.4500,91625.8000
BHARTIARTL,2026-10-04,36.3638,6.7100,0.2015,100.4150,0.1840,0.3510,0.1314,1.3800,1086212.7000
BHARTIHEXA,2026-10-04,37.7237,9.6215,,85.6540,0.1090,0.2320,0.1900,1.3100,68940.0000
BHEL,2026-10-04,60.2289,5.6067,,31.3120,0.4030,,0.0676,0.3300,146594.9000
BIOCON,2026-10-04,107.4493,1.7641,,42.1450,0.1000,2.3460,0.0286,0.1300,60711.5000
BLUESTARCO,2026-10-04,58.8311,8.7452,,23.5880,0.1330,-0.1510,0.0398,0.5800,30008.4000
BOSCHLTD,2026-10-04,56.8180,9.0357,,0.8000,0.2200,-0.3670,0.1133,0.5900,134148.3000
BPCL,2026-10-04,7.4963,1.2826,,54.3320,0.3440,,0.0347,6.6500,128433.9000
BRITANNIA,2026-10-04,44.2489,22.5371,,26.8750,0.0820,0.1360,0.1338,1.8900,115086.9000
BSE,2026-10-04,44.2475,15.6874,,0.0000,0.6400,0.6210,0.4892,0.3300,123706.9000
CANBK,2026-10-04,5.4046,0.9121,,,-0.1290,0.6220,0.4313,3.5500,107360.2000
CGPOWER,2026-10-04,111.1252,17.3685,,1.4460,0.1400,0.1310,0.0975,0.1500,138483.7000
CHOLAFIN,2026-10-04,23.3659,4.4199,,695.2830,0.3460,0.4370,0.4055,0.1300,135486.7000
CIPLA,2026-10-04,32.2612,3.1531,,1.7780,0.0350,-0.3920,0.1201,0.9700,108577.8000
COALINDIA,2026-10-04,8.3198,2.1751,,11.6290,0.4510,0.0120,0.1814,5.0000,259081.1000
COCHINSHIP,2026-10-04,49.7487,5.7651,,28.4660,0.0240,-0.1930,0.1348,0.8700,33858.5000
COFORGE,2026-10-04,37.4564,6.4304,,7.5180,0.4990,0.3090,0.0964,0.8800,80898.9000
COLPAL,2026-10-04,34.9657,29.7895,,2.9930,0.1180,0.0700,0.2172,2.7700,47189.5000
CONCOR,2026-10-04,27.0999,2.6010,,7.3900,0.0030,0.0060,0.1367,1.9500,33663.5000
COROMANDEL,2026-10-04,28.3505,4.1274,,11.4690,0.1590,-0.2450,0.0562,0.6200,51839.2000
CRISIL,2026-10-04,36.6667,9.9096,0.2905,10.2300,0.2760,0.2620,0.2143,0.9000,32418.5000
CUMMINSIND,2026-10-04,56.8155,15.8958,,0.4310,0.1790,0.0090,0.1869,1.3600,134719.2000
DABUR,2026-10-04,33.6556,5.8129,,10.9070,0.1060,0.1530,0.1455,2.2000,66390.3000
DALBHARAT,2026-10-04,33.7870,1.7610,,40.9870,0.0700,-0.5210,0.0620,0.5900,31688.6000
DIVISLAB,2026-10-04,84.0360,14.6490,,0.0420,0.2780,0.6570,0.2605,0.3200,245531.9000
DIXON,2026-10-04,41.3223,14.1469,,18.4570,0.2110,1.5460,0.0364,0.0800,77218.4000
DLF,2026-10-04,36.6388,3.5839,0.1010,0.6730,-0.5290,0.0420,0.6579,1.2200,162974.5000
DMART,2026-10-04,81.5092,10.1424,,9.9130,0.1490,0.1140,0.0429,,248701.4000
DRREDDY,2026-10-04,30.3982,2.6204,0.0884,18.6050,-0.0560,-0.6870,0.1000,0.6600,100475.1000
EICHERMOT,2026-10-04,32.8944,7.5627,,2.0480,0.3150,0.2130,0.2321,1.1800,189969.0000
EMBASSY,2026-10-04,92.7118,1.6874,,,,,,,35064.5000
ENDURANCE,2026-10-04,37.6617,5.3388,,19.3930,0.3000,0.0800,0.0622,0.4400,36521.7000
ENRIN,2026-10-04,79.9904,24.6749,,4.4830,0.3930,0.6780,0.1577,0.1200,118730.6000
ESCORTS,2026-10-04,21.2927,2.4188,,1.3090,0.2830,-0.7240,0.1129,1.2400,29432.3000
ETERNAL,2026-10-04,667.8723,9.2790,,14.8260,1.8200,2.3330,0.0064,,288957.3000
EXIDEIND,2026-10-04,37.3200,2.5027,,11.3080,0.1770,0.2830,0.0495,0.4900,34799.0000
FACT,2026-10-04,,34.5479,,295.1470,0.2020,,-0.0178,0.0500,47763.6000
FEDERALBNK,2026-10-04,17.0343,1.9588,,,0.2140,0.3270,0.3072,0.3800,78604.2000
FLUOROCHEM,2026-10-04,77.7201,6.2481,,28.9400,0.2400,0.2040,0.1163,0.0700,47818.8000
FORTIS,2026-10-04,56.5155,5.9890,,34.1500,0.1750,0.0230,0.1102,0.1300,59264.2000
GAIL,2026-10-04,11.3919,1.2632,,27.8090,0.1670,0.9720,0.0670,3.2100,112578.5000
GICRE,2026-10-04,6.4034,0.5755,0.0911,,-0.0080,-0.3110,0.1682,4.0900,56833.8000
GLAXO,2026-10-04,43.6847,20.6209,,1.4670,0.1660,0.1570,0.2701,2.0600,46756.1000
GLENMARK,2026-10-04,36.6279,6.2581,,5.6460,0.2310,9.3070,0.1014,0.3200,65786.6000
GMRAIRPORT,2026-10-04,232.9000,-39.1758,,,0.2370,,0.0307,,99317.7000
GODFRYPHLP,2026-10-04,21.0960,4.6441,,3.7570,-0.1890,-0.4430,0.2239,2.7000,28851.9000
GODREJCP,2026-10-04,44.8478,6.7956,,34.8990,0.1540,0.1150,0.1209,2.3800,85970.8000
GODREJIND,2026-10-04,29.3060,3.0795,,222.4110,-0.0470,-0.1860,0.0476,,34422.8000
GODREJPROP,2026-10-04,30.0301,2.5093,,82.1190,0.1650,-0.4170,0.3075,0.6300,48069.7000
GRASIM,2026-10-04,35.3376,1.9416,,135.0440,0.2140,0.5130,0.0309,0.3400,200909.3000
GROWW,2026-10-04,45.7614,11.5488,,3.0280,0.6520,0.8570,0.4535,,111634.1000
GVT&D,2026-10-04,83.3307,40.4751,,0.8920,0.3800,0.2470,0.1944,0.2400,108901.7000
HAL,2026-10-04,33.0034,7.4974,,0.1600,0.1440,0.1490,0.2759,0.4300,307703.4000
HAVELLS,2026-10-04,40.0000,6.8992,,2.8010,0.1950,-0.1660,0.0692,1.1500,65266.4000
HCLTECH,2026-10-04,19.3418,4.5043,0.2407,7.0580,0.0300,0.0840,0.1297,4.8300,336353.8000
HDBFS,2026-10-04,18.5392,2.4911,,484.3130,0.2100,0.3260,0.2979,0.6500,51360.0000
HDFCAMC,2026-10-04,33.2244,10.7143,,2.3640,0.1340,0.1180,0.6162,2.3400,99034.4000
HDFCBANK,2026-10-04,15.7743,1.8313,0.1384,,0.1660,0.1810,0.2679,1.8000,1111980.6000
HDFCLIFE,2026-10-04,58.5104,5.9486,0.1083,15.8850,0.1430,0.1190,0.0190,0.3900,116030.9000
HEROMOTOCO,2026-10-04,19.0112,4.7849,,3.5700,0.3490,-0.1720,0.1072,3.5800,103433.0000
HEXT,2026-10-04,22.5229,4.4610,0.2147,10.1800,0.1790,-0.1250,0.0932,2.9100,29940.8000
HINDALCO,2026-10-04,12.7708,1.5308,,72.5980,0.3210,0.7510,0.0555,0.5300,209075.4000
HINDCOPPER,2026-10-04,39.5230,13.4376,,3.3190,0.8140,1.6190,0.3249,0.9300,44869.9000
HINDPETRO,2026-10-04,43.8374,1.1200,,85.3690,0.2690,,0.0036,7.0300,73409.9000
HINDUNILVR,2026-10-04,40.8181,8.8509,,3.0160,0.0500,0.0840,0.2264,2.4000,431385.0000
HINDZINC,2026-10-04,13.7355,10.3639,,39.0340,0.7170,1.4460,0.3807,3.7800,234526.3000
HUDCO,2026-10-04,7.6045,1.4710,,645.7750,0.0980,0.3490,0.9068,3.7100,32334.7000
HYUNDAI,2026-10-04,33.2239,8.2184,,5.4840,-0.0050,-0.3510,0.0700,1.0400,164458.3000
ICICIAMC,2026-10-04,43.7713,36.4727,,4.0660,0.1810,0.2310,0.5550,0.8000,152132.8000
ICICIBANK,2026-10-04,16.9328,2.4711,0.1607,,0.1140,0.1380,0.2753,0.9200,940802.4000
ICICIGI,2026-10-04,32.3603,4.5774,0.1463,,0.1090,-0.4620,0.0876,0.9000,78089.8000
ICICIPRULI,2026-10-04,38.4592,4.5250,0.1257,18.0520,0.1250,0.2850,0.0255,0.3700,65002.3000
IDEA,2026-10-04,3.6218,-3.8303,,,0.0610,,0.8228,,136945.6000
IDFCFIRSTB,2026-10-04,31.0386,1.4224,0.0526,,0.2980,1.1640,0.0909,0.3100,69318.9000
INDHOTEL,2026-10-04,47.6127,7.8302,,18.9870,0.1510,0.2070,0.2087,0.4500,103866.3000
INDIANB,2026-10-04,8.3542,1.2733,0.1617,,0.1030,0.4750,0.3641,2.3000,106834.4000
INDIGO,2026-10-04,,27.3338,,1112.7060,0.1990,,-0.0540,0.1900,190622.8000
INDUSINDBK,2026-10-04,52.2291,1.0505,,,0.0100,0.7170,0.0765,0.1700,69098.4000
INDUSTOWER,2026-10-04,13.7569,2.3977,0.1891,51.7900,0.0460,0.0060,0.2178,3.7200,99224.7000
INFY,2026-10-04,13.2982,4.4978,0.3200,9.5410,0.0290,0.0530,0.1637,4.8300,419210.6000
IOB,2026-10-04,10.2617,1.5142,0.1653,,0.4810,0.4590,0.3656,,58886.7000
IOC,2026-10-04,5.3740,0.8239,,58.4460,0.3850,,0.0392,6.2800,185468.3000
IPCALAB,2026-10-04,37.6282,6.1194,,8.4920,0.2080,0.7240,0.1293,0.3100,49345.5000
IRCTC,2026-10-04,26.0321,8.4297,,1.8740,0.1810,0.0000,0.2568,1.9800,36320.0000
IREDA,2026-10-04,15.7895,2.2620,,565.6710,0.2370,0.3300,0.6925,1.3500,31182.5000
IRFC,2026-10-04,14.0364,1.7730,,773.3470,0.1030,0.0970,0.9727,3.7600,100705.9000
ITC,2026-10-04,16.1553,4.4221,,3.2930,-0.1110,-0.1600,0.2594,6.2500,320655.9000
ITCHOTELS,2026-10-04,38.2530,2.8365,,0.6340,0.1480,0.3590,0.2028,0.6300,33068.6000
JINDALSTEL,2026-10-04,41.1556,2.1995,,43.6130,0.2590,-0.4370,0.0482,0.1800,111974.6000
JIOFIN,2026-10-04,65.7895,1.0050,,16.2860,2.0820,1.7020,0.5501,0.2800,140316.8000
JKCEMENT,2026-10-04,40.5118,5.4405,,87.5220,0.2800,-0.1450,0.0656,0.4000,38286.4000
JSL,2026-10-04,18.6074,13.4036,,37.5230,0.1050,0.0760,0.0738,0.5500,60329.6000
JSWENERGY,2026-10-04,38.0094,2.7698,,229.1600,0.0120,-0.3950,0.1037,0.4100,88870.1000
JSWINFRA,2026-10-04,50.2119,6.8148,,59.0020,0.1810,-0.1030,0.2658,0.2500,82304.0000
JSWSTEEL,2026-10-04,12.1658,3.0079,,95.3740,0.0980,1.1300,0.1306,0.5800,300972.6000
JUBLFOOD,2026-10-04,78.4779,12.7224,,205.3180,0.1370,0.0600,0.0442,0.2700,29161.3000
KALYANKJIL,2026-10-04,38.1588,8.6411,,96.9660,0.4570,0.3160,0.0367,0.4700,54580.9000
KEI,2026-10-04,43.2885,6.4575,,3.7960,0.2300,0.4000,0.0808,0.1000,43039.4000
KOTAKBANK,2026-10-04,20.4873,2.2961,,,0.2100,0.2250,0.2847,0.1600,416169.6000
KPRMILL,2026-10-04,40.0412,6.4066,,10.4630,0.0960,0.2150,0.1338,0.4700,36578.0000
LAURUSLABS,2026-10-04,98.0237,20.2088,,46.3690,0.2910,1.2520,0.1504,0.1200,107197.9000
LENSKART,2026-10-04,183.0239,13.7109,,34.9830,0.4330,2.5810,0.0680,,119509.8000
LGEINDIA,2026-10-04,63.7379,15.1594,,5.9900,0.1550,0.2720,0.0713,,116205.8000
LICHSGFIN,2026-10-04,4.8778,0.6759,,642.5220,0.1450,0.0990,0.6518,1.9600,27998.2000
LICI,2026-10-04,8.2512,2.8068,,0.4310,0.0680,0.4000,0.0651,2.5500,247845.0000
LINDEINDIA,2026-10-04,96.3792,12.3972,,1.8500,0.2160,-0.0250,0.2059,0.0600,52893.3000
LLOYDSME,2026-10-04,20.7847,7.2220,,145.2140,2.0860,1.6930,0.2151,0.0600,100166.2000
LODHA,2026-10-04,26.8089,4.7427,,42.2380,0.4310,1.0330,0.2269,0.3800,110474.1000
LT,2026-10-04,30.6761,4.6489,,97.6400,0.0810,0.1400,0.0559,1.0300,508162.4000
LTF,2026-10-04,20.8807,2.3585,,393.4420,0.2930,0.2820,0.3308,1.0400,66256.7000
LTM,2026-10-04,22.7270,4.8420,0.2197,9.8740,0.1800,0.1690,0.1187,1.8700,118792.0000
LTTS,2026-10-04,27.1936,5.3697,,8.9110,0.0260,0.1280,0.1168,1.7700,34785.7000
LUPIN,2026-10-04,16.8355,4.1367,,29.3880,0.3200,0.1600,0.1845,0.8900,92884.7000
M&M,2026-10-04,17.3913,3.4333,,125.2780,0.2750,0.3340,0.0861,1.1500,343418.0000
M&MFIN,2026-10-04,13.6344,1.6687,,429.8510,0.3670,0.6400,0.3089,2.3500,44468.0000
MAHABANK,2026-10-04,8.2227,1.7350,0.2296,,0.2180,0.3420,0.5341,2.7300,61917.0000
MANKIND,2026-10-04,51.2121,6.4202,,38.1110,0.1290,0.2960,0.1386,0.0800,104694.5000
MARICO,2026-10-04,53.7749,24.0927,,12.3940,0.2140,0.2470,0.1316,0.5100,101418.7000
MARUTI,2026-10-04,25.0000,3.3407,,0.0960,0.3590,-0.0910,0.0727,1.2300,357978.8000
MAXHEALTH,2026-10-04,63.2784,8.5206,,32.3670,0.1670,0.0480,0.1672,0.2100,91583.6000
MAZDOCK,2026-10-04,31.0563,8.5350,,4.4810,0.1210,0.2150,0.2012,1.0100,83257.6000
MCX,2026-10-04,52.9062,19.3781,,0.1130,0.8530,1.0340,0.5556,0.2500,81546.3000
MEDANTA,2026-10-04,65.7780,9.2018,,29.8690,0.2650,-0.0020,0.1187,0.0400,36465.6000
MEESHO,2026-10-04,,23.0696,,1.4280,0.4830,,-0.0868,,101364.6000
MFSL,2026-10-04,435.0000,9.0475,,36.4530,0.1680,0.3730,0.0022,,47787.2000
MOTHERSON,2026-10-04,37.7476,4.0355,,43.9080,0.1660,1.0420,0.0336,0.3200,165371.9000
MOTILALOFS,2026-10-04,30.7327,4.6227,,165.8000,0.2390,0.0870,0.2296,1.1100,59688.7000
MPHASIS,2026-10-04,22.5223,3.7879,0.1774,24.6750,0.1750,0.1070,0.1156,2.7600,42937.7000
MRF,2026-10-04,21.6587,2.4977,,15.2880,0.0960,-0.0100,0.0758,0.3800,52388.7000
MUTHOOTFIN,2026-10-04,9.5206,2.6669,0.3174,393.5600,0.3530,0.3880,0.5550,1.1100,108280.1000
NAM-INDIA,2026-10-04,41.4915,14.3260,,1.6170,0.2450,0.2640,0.5251,2.0600,66948.4000
NATIONALUM,2026-10-04,9.1154,2.8466,,0.2770,0.3930,0.9110,0.3491,1.1900,61508.8000
NAUKRI,2026-10-04,48.5437,2.0502,,0.6400,0.1140,0.5070,0.4740,1.2000,77728.5000
NESTLEIND,2026-10-04,66.2127,48.8988,,8.6210,0.2520,0.4810,0.1562,0.9200,252165.7000
NH,2026-10-04,43.1683,7.8066,,129.0330,0.7800,0.0540,0.0900,0.2600,35420.6000
NHPC,2026-10-04,26.2821,1.7437,,113.1110,0.1850,0.0280,0.3109,2.2400,72073.1000
NLCINDIA,2026-10-04,10.6463,1.6287,,110.3580,0.2330,-0.4230,0.1746,1.5200,35061.1000
NMDC,2026-10-04,8.8019,1.9230,,18.8020,0.0080,0.0040,0.2322,2.6800,65622.1000
NTPC,2026-10-04,9.6390,1.5045,,128.3450,0.0780,0.1180,0.1453,3.9200,305542.0000
NTPCGREEN,2026-10-04,126.7222,4.1218,,165.2810,0.6270,0.3850,0.1848,,76881.8000
NYKAA,2026-10-04,357.0879,64.7053,,82.8290,0.2910,2.5000,0.0240,,93107.0000
OBEROIRLTY,2026-10-04,24.2717,3.5598,,15.7650,0.3170,0.2890,0.4159,0.4600,63797.7000
OFSS,2026-10-04,26.6312,13.0973,0.4990,0.5670,0.6870,1.2020,0.3815,6.3800,90760.3000
OIL,2026-10-04,8.6432,1.2450,,58.7410,0.5770,0.9140,0.2168,2.9300,72221.4000
ONGC,2026-10-04,6.4269,0.7525,,42.5480,0.2570,0.2140,0.0618,6.5200,279747.7000
PAGEIND,2026-10-04,54.0540,27.2129,,18.4220,0.0790,-0.0400,0.1413,2.1800,40890.1000
PATANJALI,2026-10-04,19.6107,2.9480,,21.2950,0.2740,0.8610,0.0461,1.1400,38636.0000
PAYTM,2026-10-04,163.9604,6.6248,,1.0730,0.2770,0.7990,0.0725,,105885.9000
PERSISTENT,2026-10-04,43.8588,9.9732,0.2520,6.9400,0.2910,0.1210,0.1224,0.6700,83849.2000
PETRONET,2026-10-04,10.1819,1.9213,,10.5070,-0.5320,0.3510,0.1132,3.5000,42825.0000
PFC,2026-10-04,4.0289,0.7342,,536.8370,0.0080,0.0210,0.5448,4.9100,104943.2000
PHOENIXLTD,2026-10-04,53.9408,6.2804,,37.2110,0.1280,0.2330,0.2816,0.1300,69031.8000
PIDILITIND,2026-10-04,56.5033,13.7554,,3.7760,0.2130,0.2960,0.1720,0.7900,149114.3000
PIIND,2026-10-04,29.1563,3.0205,,3.0480,-0.1040,-0.3890,0.1788,0.6700,33921.5000
PIRAMALFIN,2026-10-04,27.4435,1.5939,0.0604,286.7810,0.0210,0.6710,0.3220,0.5400,47859.7000
PNB,2026-10-04,5.7008,0.8053,0.1497,,-0.0640,1.7500,0.3815,2.7400,125928.2000
POLICYBZR,2026-10-04,60.6061,6.1941,,4.9220,0.4010,0.9230,0.1020,,45285.8000
POLYCAB,2026-10-04,42.4436,9.9460,0.2555,1.7380,0.3900,0.3250,0.0918,0.5900,120357.4000
POWERGRID,2026-10-04,12.4718,2.3558,,150.8130,0.0270,-0.0080,0.3380,4.0300,236746.9000
POWERINDIA,2026-10-04,121.9503,26.9451,,1.6630,0.6860,1.2350,0.1255,0.0300,139466.9000
PREMIERENE,2026-10-04,23.5845,9.1830,,86.0050,0.3530,0.5300,0.1967,0.1700,39639.3000
PRESTIGE,2026-10-04,56.1853,3.9336,0.0775,105.4930,0.1590,-0.1930,0.0872,0.1300,64010.8000
RADICO,2026-10-04,80.6433,17.1101,,15.0330,0.1180,0.7600,0.1130,0.2100,56771.2000
RECLTD,2026-10-04,4.7351,0.8998,,607.4630,0.2520,-0.0610,0.6889,2.1500,75771.0000
RELIANCE,2026-10-04,21.1425,1.7479,,46.2780,0.2970,-0.2240,0.0661,0.5100,1580186.7000
RVNL,2026-10-04,45.7077,4.1820,,49.0780,0.1060,0.1690,0.0432,1.7400,41074.9000
SAIL,2026-10-04,16.8599,1.1952,,52.8990,0.0130,1.2110,0.0384,1.3500,72077.7000
SBICARD,2026-10-04,23.5255,3.4097,,280.2060,0.2340,0.1950,0.1820,0.4400,53596.6000
SBILIFE,2026-10-04,66.6770,8.5791,0.1370,,0.1880,0.2180,0.0214,0.1600,172746.2000
SBIN,2026-10-04,10.2043,1.4160,0.1518,,0.1030,0.0990,0.2238,1.8200,880693.2000
SCHAEFFLER,2026-10-04,48.2384,9.8373,0.2165,0.7830,0.1730,0.1300,0.1193,0.9000,60348.8000
SHREECEM,2026-10-04,48.5437,3.3960,,8.0130,0.1800,-0.1770,0.0745,0.6400,79016.8000
SHRIRAMFIN,2026-10-04,16.6932,2.6974,0.1850,276.2150,0.4280,0.2950,0.5001,1.4600,222362.8000
SIEMENS,2026-10-04,80.0000,9.7880,,2.2130,0.1480,4.0610,0.1902,0.4700,135468.2000
SOLARINDS,2026-10-04,89.2857,27.9664,,23.2710,0.7030,0.9270,0.1754,0.0600,175550.7000
SRF,2026-10-04,34.1277,5.2480,,36.1950,0.3180,0.7560,0.1272,0.4000,73692.5000
SUNDARMFIN,2026-10-04,21.8408,3.2802,,409.1610,0.2680,0.3380,0.4609,0.9100,48464.9000
SUNPHARMA,2026-10-04,35.7129,5.1708,,5.5170,0.1050,0.2740,0.2019,0.8900,432120.2000
SUPREMEIND,2026-10-04,41.6667,6.9597,,1.4730,0.0420,0.3870,0.0911,1.0700,42953.6000
SUZLON,2026-10-04,16.9913,5.4703,0.3937,2.8070,0.2250,-0.0830,0.1809,,53487.3000
SWIGGY,2026-10-04,,3.3867,,13.9290,0.3730,,-0.1505,,62356.0000
TATACAP,2026-10-04,24.9141,2.9321,,502.9310,0.4030,0.4720,0.3968,0.1800,134470.3000
TATACOMM,2026-10-04,50.8384,13.9381,,335.8540,0.1050,-0.2940,0.0372,1.0400,48059.7000
TATACONSUM,2026-10-04,57.7899,4.3466,,12.1590,0.1190,0.2790,0.0784,1.0400,94713.3000
TATAINVEST,2026-10-04,71.9298,1.0648,,0.0070,0.0410,-0.0180,1.0525,0.5500,31116.1000
TATAPOWER,2026-10-04,28.9859,2.8342,,168.0510,0.0560,0.1090,0.0609,0.7100,111884.8000
TATASTEEL,2026-10-04,20.1130,2.1749,,89.0170,0.1430,0.1140,0.0460,2.2500,222042.8000
TCS,2026-10-04,15.0832,6.8479,0.4774,10.2110,0.1390,0.0460,0.1805,3.1300,750753.2000
TECHM,2026-10-04,26.5271,4.5842,,7.2690,0.1770,0.2830,0.0868,3.3300,135812.1000
THERMAX,2026-10-04,63.5538,6.8075,,42.1660,0.0710,-0.8340,0.0547,0.4200,37772.2000
TIINDIA,2026-10-04,74.6174,5.8430,,5.3630,0.1680,-0.1530,0.0263,0.1500,45295.9000
TITAN,2026-10-04,69.4403,25.5300,,195.0010,0.2930,0.6280,0.0623,0.3300,400683.6000
TMCV,2026-10-04,36.7399,12.0905,,44.0950,0.1930,0.8340,0.0481,0.9600,153977.4000
TMPV,2026-10-04,,0.9181,,70.3640,-0.0820,-0.8030,0.2281,1.0700,102902.8000
TORNTPHARM,2026-10-04,76.3379,19.2345,,85.4460,0.5480,-0.0820,0.1387,0.8000,181332.8000
TORNTPOWER,2026-10-04,27.0657,3.2968,,70.8850,0.0280,-0.1270,0.0796,1.6100,62887.2000
TRENT,2026-10-04,76.3314,19.6965,,36.0340,0.1780,0.2070,0.0864,0.1600,137573.9000
TVSMOTOR,2026-10-04,55.8627,19.9736,,306.0900,0.3430,0.6710,0.0569,0.3000,191088.5000
UBL,2026-10-04,78.8785,6.9077,,29.0760,0.0710,-0.0950,0.0419,0.8400,31242.1000
ULTRACEMCO,2026-10-04,36.9272,4.1112,,29.4320,0.1590,0.1680,0.0929,2.2400,315055.7000
UNIONBANK,2026-10-04,6.1979,0.9169,0.1580,,0.1640,0.2740,0.4046,2.9800,127931.6000
UNITDSPR,2026-10-04,56.1911,10.5886,,4.6110,-0.1020,0.1120,0.1492,1.2700,94799.5000
UNOMINDA,2026-10-04,53.4649,9.3932,,37.7400,0.2380,0.0120,0.0580,0.2400,64155.5000
UPL,2026-10-04,21.1803,1.2574,,57.1280,0.1050,,0.0382,1.1600,43684.3000
VAML,2026-10-04,40.8722,,,,0.4600,2.1630,0.5626,3.9700,157337.5000
VBL,2026-10-04,42.5726,6.6075,0.1685,15.8690,0.2040,0.1570,0.1404,0.4700,143857.5000
VEDL,2026-10-04,11.0743,1.9822,,48.0440,-0.3730,0.7220,0.2321,13.4900,98420.5000
VMM,2026-10-04,52.3684,6.2606,,26.8170,0.1870,0.2500,0.0661,,46608.9000
VOLTAS,2026-10-04,77.4981,5.4654,,15.5100,0.1870,0.5200,0.0300,0.3800,34848.8000
WAAREEENER,2026-10-04,17.6764,4.6595,,21.4020,0.7920,0.1420,0.1270,0.1700,67310.4000
WIPRO,2026-10-04,12.6569,2.0346,0.1613,27.3980,0.1060,0.0090,0.1392,5.0200,157651.9000
YESBANK,2026-10-04,17.2917,1.2474,0.0747,,0.0900,0.3080,0.2319,,65132.3000
ZYDUSLIFE,2026-10-04,25.5110,4.2522,,42.3040,0.2200,-0.3590,0.1578,0.0900,114284.0000
360ONE,2026-10-07,35.3509,4.3829,,161.9770,0.2990,0.1280,0.2646,1.1200,43361.3000
ABB,2026-10-07,95.4230,15.9005,0.1913,1.5470,0.1210,0.0300,0.2135,0.4200,148441.8000
ABBOTINDIA,2026-10-07,34.3428,11.6145,,3.6020,0.0430,0.1710,0.2305,2.0100,55450.1000
ABCAPITAL,2026-10-07,24.0375,2.8317,,495.9360,0.3140,0.3910,0.1194,0.0000,101876.0000
ADANIENSOL,2026-10-07,54.2716,6.2305,,194.5000,0.4240,1.2410,0.0958,0.0000,161283.2000
ADANIENT,2026-10-07,44.2063,4.3816,,119.5600,0.4990,,0.0655,0.0500,371326.1000
ADANIGREEN,2026-10-07,128.4866,11.4542,,346.5480,0.1660,0.1850,0.1310,0.0000,220952.2000
ADANIPORTS,2026-10-07,29.8703,4.2020,,64.0510,0.1860,0.0240,0.3243,0.4200,403215.9000
ADANIPOWER,2026-10-07,26.6495,5.8486,,82.3320,0.3400,0.4440,0.2415,0.0000,379792.8000
AIAENG,2026-10-07,28.4325,4.4854,,0.1280,0.1240,-0.0130,0.2784,0.4100,
AIIL,2026-10-07,22.1991,3.1693,,24.5900,0.1410,0.1750,0.8205,0.0000,46677.7000
AJANTPHARM,2026-10-07,39.3193,9.8517,,5.8740,0.2480,0.3080,0.1965,1.7900,44607.9000
ALKEM,2026-10-07,29.6525,4.6290,,14.2670,0.1090,-0.2170,0.1431,0.3800,63973.3000
AMBUJACEM,2026-10-07,20.2095,1.4865,,1.2050,-0.0770,-0.2750,0.1113,0.5500,88683.1000
ANTHEM,2026-10-07,87.3941,16.3768,,1.7720,-0.2260,-0.1280,0.2869,0.2200,49826.8000
APARINDS,2026-10-07,61.8866,13.5256,,17.7160,0.2910,0.7740,0.0484,0.3300,76040.2000
APLAPOLLO,2026-10-07,48.2268,11.1941,,9.3960,0.0850,0.1100,0.0523,0.4000,59280.1000
APOLLOHOSP,2026-10-07,54.9868,12.0077,,85.1460,0.2060,0.3410,0.0791,0.2500,113834.3000
ASHOKLEY,2026-10-07,25.2027,6.1536,,344.7370,0.1160,0.0100,0.0602,2.2800,
ASIANPAINT,2026-10-07,47.7476,10.6464,,17.8470,0.1790,0.3990,0.1281,1.1300,227400.0000
ASTERDM,2026-10-07,110.2593,7.6615,,45.9210,0.2160,-0.8140,0.0654,0.5800,59299.9000
ASTRAL,2026-10-07,66.6216,9.4520,,6.1680,0.1590,0.4800,0.0848,0.2900,38355.2000
ATGL,2026-10-07,101.2000,13.1553,,58.6500,0.2720,-0.1400,0.1008,0.0400,63997.9000
AUBANK,2026-10-07,26.2318,3.7173,,,0.2980,0.3510,0.2558,0.1000,74447.0000
AUROPHARMA,2026-10-07,26.3100,2.5782,,21.3100,0.1630,0.2580,0.1063,0.0000,96778.6000
AXISBANK,2026-10-07,13.9138,1.7316,0.1335,,0.1400,0.2180,0.3603,0.0800,386886.3000
BAJAJ-AUTO,2026-10-07,23.5053,7.1141,,56.3520,0.6400,0.4580,0.1625,1.5000,271616.1000
BAJAJFINSV,2026-10-07,27.6758,3.5771,,256.4040,0.1930,0.1270,0.0647,0.0700,278970.7000
BAJAJHFL,2026-10-07,26.0310,3.1091,0.1268,460.7400,0.1960,0.2290,0.6318,0.0000,70027.4000
BAJAJHLDNG,2026-10-07,13.3965,1.6221,0.1160,0.0120,0.2420,-0.2240,7.3464,1.2300,118661.1000
BAJFINANCE,2026-10-07,29.5932,5.2571,,314.8330,0.2610,0.2720,0.4350,0.5600,599602.7000
BALKRISIND,2026-10-07,27.5973,3.5409,,37.5240,0.2520,0.5640,0.1220,0.7700,38791.0000
BANKBARODA,2026-10-07,6.6766,0.7195,0.1132,,0.1800,-0.4860,0.2739,3.6500,121294.3000
BANKINDIA,2026-10-07,5.1623,0.6686,0.1370,,0.1850,0.8030,0.3499,3.5200,60800.9000
BDL,2026-10-07,76.3547,9.3710,,0.0070,1.3080,5.4800,0.1883,0.4400,39772.0000
BEL,2026-10-07,45.0357,11.5276,,0.2730,0.2490,0.0830,0.2140,0.6500,276528.9000
BERGEPAINT,2026-10-07,44.4349,7.8210,,9.1650,0.1200,0.2850,0.0992,0.8500,54090.9000
BHARATFORG,2026-10-07,124.6987,9.1916,,76.4750,0.1870,,0.0403,0.4500,90003.4000
BHARTIARTL,2026-10-07,37.6880,7.0676,0.2015,100.4150,0.1840,0.3510,0.1314,1.3300,1144107.6000
BHARTIHEXA,2026-10-07,40.5237,10.3130,,85.6540,0.1090,0.2320,0.1900,1.3000,73895.0000
BHEL,2026-10-07,64.1631,5.9729,,31.3120,0.4030,,0.0676,0.3100,156170.5000
BIOCON,2026-10-07,106.5089,1.7132,,42.1450,0.1000,2.3460,0.0286,0.1400,58959.1000
BLUESTARCO,2026-10-07,61.7723,9.1676,,23.5880,0.1330,-0.1510,0.0398,0.5400,31457.7000
BOSCHLTD,2026-10-07,55.4273,8.8231,,0.8000,0.2200,-0.3670,0.1133,0.6000,
BPCL,2026-10-07,7.3921,1.2644,,54.3320,0.3440,,0.0347,6.6600,126618.1000
BRITANNIA,2026-10-07,44.2142,22.5465,,26.8750,0.0820,0.1360,0.1338,1.8500,115135.0000
BSE,2026-10-07,46.9699,17.2839,,0.0000,0.6400,0.6210,0.4892,0.3000,136296.9000
CANBK,2026-10-07,5.4431,0.9182,,,-0.1290,0.6220,0.4313,3.5600,108076.8000
CGPOWER,2026-10-07,112.7995,17.6747,,1.4460,0.1400,0.1310,0.0975,0.1400,140925.6000
CHOLAFIN,2026-10-07,23.1430,4.3771,,695.2830,0.3460,0.4370,0.4055,0.1200,134174.7000
CIPLA,2026-10-07,31.8273,3.1136,,1.7780,0.0350,-0.3920,0.1201,0.9700,107220.6000
COALINDIA,2026-10-07,8.1868,2.1446,,11.6290,0.4510,0.0120,0.1814,6.4400,255445.1000
COCHINSHIP,2026-10-07,48.6096,5.6222,,28.4660,0.0240,-0.1930,0.1348,0.8800,33019.3000
COFORGE,2026-10-07,37.3172,6.4170,,7.5180,0.4990,0.3090,0.0964,0.8700,80730.5000
COLPAL,2026-10-07,35.4672,30.1741,,2.9930,0.1180,0.0700,0.2172,2.6500,47798.8000
CONCOR,2026-10-07,26.8468,2.5878,,7.3900,0.0030,0.0060,0.1367,1.9300,33492.1000
COROMANDEL,2026-10-07,28.1034,4.0934,,11.4690,0.1590,-0.2450,0.0562,0.6200,51412.1000
CRISIL,2026-10-07,37.2869,10.0797,0.2905,10.2300,0.2760,0.2620,0.2143,0.8800,32975.1000
CUMMINSIND,2026-10-07,57.0582,15.9357,,0.4310,0.1790,0.0090,0.1869,1.3400,135057.4000
DABUR,2026-10-07,34.5540,5.9573,,10.9070,0.1060,0.1530,0.1455,2.1200,68040.1000
DALBHARAT,2026-10-07,32.8809,1.7110,,40.9870,0.0700,-0.5210,0.0620,0.5900,30789.4000
DIVISLAB,2026-10-07,86.9976,15.1859,,0.0420,0.2780,0.6570,0.2605,0.3100,254531.3000
DIXON,2026-10-07,38.0785,14.5078,,18.4570,0.2110,1.5460,0.0364,0.0800,79188.4000
DLF,2026-10-07,36.5256,3.5709,0.1010,0.6730,-0.5290,0.0420,0.6579,1.2000,162380.4000
DMART,2026-10-07,77.5101,9.6716,,9.9130,0.1490,0.1140,0.0429,0.0000,237156.6000
DRREDDY,2026-10-07,30.2919,2.6152,0.0884,18.6050,-0.0560,-0.6870,0.1000,0.6600,100275.2000
EICHERMOT,2026-10-07,33.1192,7.6064,,2.0480,0.3150,0.2130,0.2321,1.1600,191067.1000
EMBASSY,2026-10-07,92.7118,1.6874,,,,,,,35064.5000
ENDURANCE,2026-10-07,36.4525,5.1681,,19.3930,0.3000,0.0800,0.0622,0.4600,35354.2000
ENRIN,2026-10-07,80.0191,24.7489,,4.4830,0.3930,0.6780,0.1577,0.1200,119086.7000
ESCORTS,2026-10-07,22.1670,2.5187,,1.3090,0.2830,-0.7240,0.1129,1.1700,30648.1000
ETERNAL,2026-10-07,697.8723,9.6958,,14.8260,1.8200,2.3330,0.0064,0.0000,301936.9000
EXIDEIND,2026-10-07,36.7655,2.4632,,11.3080,0.1770,0.2830,0.0495,0.4900,34250.8000
FACT,2026-10-07,,34.9597,,295.1470,0.2020,,-0.0178,0.0000,48333.0000
FEDERALBNK,2026-10-07,17.3087,1.9914,,,0.2140,0.3270,0.3072,0.3800,79913.5000
FLUOROCHEM,2026-10-07,81.8082,6.5392,,28.9400,0.2400,0.2040,0.1163,0.0700,50046.6000
FORTIS,2026-10-07,56.1311,5.9440,,34.1500,0.1750,0.0230,0.1102,0.1300,58818.8000
GAIL,2026-10-07,11.3580,1.2594,,27.8090,0.1670,0.9720,0.0670,3.2000,112243.2000
GICRE,2026-10-07,6.2559,0.5623,0.0911,,-0.0080,-0.3110,0.1682,4.2200,55535.5000
GLAXO,2026-10-07,41.7764,19.6795,,1.4670,0.1660,0.1570,0.2701,2.0700,44621.5000
GLENMARK,2026-10-07,35.8345,6.1274,,5.6460,0.2310,9.3070,0.1014,0.1100,64412.1000
GMRAIRPORT,2026-10-07,239.9737,-38.3473,,,0.2370,,0.0307,0.0000,97217.4000
GODFRYPHLP,2026-10-07,21.2409,4.6760,,3.7570,-0.1890,-0.4430,0.2239,2.6300,29050.0000
GODREJCP,2026-10-07,44.3872,7.0023,,34.8990,0.1540,0.1150,0.1209,2.2900,88585.8000
GODREJIND,2026-10-07,29.4927,3.1009,,222.4110,-0.0470,-0.1860,0.0476,0.0000,34662.0000
GODREJPROP,2026-10-07,29.7421,2.4848,,82.1190,0.1650,-0.4170,0.3075,0.6200,47599.8000
GRASIM,2026-10-07,34.8372,1.9148,,135.0440,0.2140,0.5130,0.0309,0.3400,198135.1000
GROWW,2026-10-07,50.8355,12.6665,,3.0280,0.6520,0.8570,0.4535,0.0000,122438.4000
GVT&D,2026-10-07,84.2698,41.0755,,0.8920,0.3800,0.2470,0.1944,0.2400,110517.4000
HAL,2026-10-07,34.0529,7.7342,,0.1600,0.1440,0.1490,0.2759,0.9300,317420.7000
HAVELLS,2026-10-07,40.7728,7.0352,,2.8010,0.1950,-0.1660,0.0692,1.1400,66552.9000
HCLTECH,2026-10-07,18.4350,4.3442,0.2407,7.0580,0.0300,0.0840,0.1297,4.9800,320633.4000
HDBFS,2026-10-07,18.0917,2.4113,,484.3130,0.2100,0.3260,0.2979,0.6500,49715.6000
HDFCAMC,2026-10-07,33.7730,10.7454,,2.3640,0.1340,0.1180,0.6162,2.3000,99321.9000
HDFCBANK,2026-10-07,15.3607,1.7845,0.1384,,0.1660,0.1810,0.2679,1.8300,1083533.4000
HDFCLIFE,2026-10-07,58.2764,6.0806,0.1083,15.8850,0.1430,0.1190,0.0190,0.3900,118604.7000
HEROMOTOCO,2026-10-07,18.3917,4.6330,,3.5700,0.3490,-0.1720,0.1072,3.6500,100150.7000
HEXT,2026-10-07,22.9668,4.5927,0.2147,10.1800,0.1790,-0.1250,0.0932,2.8500,30825.0000
HINDALCO,2026-10-07,12.3572,1.4804,,72.5980,0.3210,0.7510,0.0555,0.5300,202193.9000
HINDCOPPER,2026-10-07,41.4823,13.8995,,3.3190,0.8140,1.6190,0.3249,0.5900,46412.3000
HINDPETRO,2026-10-07,43.7134,1.1140,,85.3690,0.2690,,0.0036,6.9100,73016.2000
HINDUNILVR,2026-10-07,41.8251,8.9927,,3.0160,0.0500,0.0840,0.2264,2.3200,438292.8000
HINDZINC,2026-10-07,13.6420,10.2883,,39.0340,0.7170,1.4460,0.3807,1.9700,232815.1000
HUDCO,2026-10-07,7.6605,1.4734,,645.7750,0.0980,0.3490,0.9068,3.7300,32388.7000
HYUNDAI,2026-10-07,31.9219,7.8976,,5.4840,-0.0050,-0.3510,0.0700,1.0600,158039.3000
ICICIAMC,2026-10-07,43.4446,36.2416,,4.0660,0.1810,0.2310,0.5550,0.8100,151169.0000
ICICIBANK,2026-10-07,17.5478,2.5595,0.1607,,0.1140,0.1380,0.2753,0.8900,974496.7000
ICICIGI,2026-10-07,32.8445,4.6565,0.1463,,0.1090,-0.4620,0.0876,0.8800,79443.9000
ICICIPRULI,2026-10-07,39.4397,4.8642,0.1257,18.0520,0.1250,0.2850,0.0255,0.3600,66373.3000
IDEA,2026-10-07,3.8203,-3.9939,,,0.0610,,0.8228,0.0000,142796.1000
IDFCFIRSTB,2026-10-07,30.7104,1.4073,0.0526,,0.2980,1.1640,0.0909,0.3100,68586.0000
INDHOTEL,2026-10-07,48.5269,7.9753,,18.9870,0.1510,0.2070,0.2087,0.4400,105790.3000
INDIANB,2026-10-07,8.7272,1.3297,0.1617,,0.1030,0.4750,0.3641,2.2400,111569.0000
INDIGO,2026-10-07,,27.6670,,1112.7060,0.1990,,-0.0540,0.0000,192946.6000
INDUSINDBK,2026-10-07,51.7692,1.0364,,,0.0100,0.7170,0.0765,0.1700,68167.4000
INDUSTOWER,2026-10-07,13.8757,2.4538,0.1891,51.7900,0.0460,0.0060,0.2178,3.6000,101545.5000
INFY,2026-10-07,13.5150,4.3360,0.3200,9.5410,0.0290,0.0530,0.1637,4.9300,401794.1000
IOB,2026-10-07,10.1405,1.5364,0.1653,,0.4810,0.4590,0.3656,0.0000,59753.2000
IOC,2026-10-07,5.3191,0.8154,,58.4460,0.3850,,0.0392,2.4700,
IPCALAB,2026-10-07,37.5460,6.0989,,8.4920,0.2080,0.7240,0.1293,0.3100,49180.6000
IRCTC,2026-10-07,26.0419,8.4232,,1.8740,0.1810,0.0000,0.2568,1.9800,36292.0000
IREDA,2026-10-07,15.2674,2.1872,,565.6710,0.2370,0.3300,0.6925,1.3800,30151.5000
IRFC,2026-10-07,13.8455,1.7521,,773.3470,0.1030,0.0970,0.9727,2.7200,99516.7000
ITC,2026-10-07,16.7740,4.5914,,3.2930,-0.1110,-0.1600,0.2594,6.0000,332935.9000
ITCHOTELS,2026-10-07,38.2620,2.8440,,0.6340,0.1480,0.3590,0.2028,0.6200,33156.1000
JINDALSTEL,2026-10-07,39.7081,2.1205,,43.6130,0.2590,-0.4370,0.0482,0.1800,107955.5000
JIOFIN,2026-10-07,67.2174,1.0237,,16.2860,2.0820,1.7020,0.5501,0.2800,142918.4000
JKCEMENT,2026-10-07,41.2438,5.5415,,87.5220,0.2800,-0.1450,0.0656,0.4000,38997.3000
JSL,2026-10-07,18.5967,13.4027,,37.5230,0.1050,0.0760,0.0738,0.5300,60325.5000
JSWENERGY,2026-10-07,43.7737,2.7724,,229.1600,0.0120,-0.3950,0.1037,0.4000,88952.6000
JSWINFRA,2026-10-07,49.9154,6.7841,,59.0020,0.1810,-0.1030,0.2658,0.2500,81933.6000
JSWSTEEL,2026-10-07,12.1135,3.0006,,95.3740,0.0980,1.1300,0.1306,0.5600,300240.3000
JUBLFOOD,2026-10-07,82.5448,13.2159,,205.3180,0.1370,0.0600,0.0442,0.2700,
KALYANKJIL,2026-10-07,41.0238,9.3033,,96.9660,0.4570,0.3160,0.0367,0.4600,58763.5000
KEI,2026-10-07,44.8873,6.7095,,3.7960,0.2300,0.4000,0.0808,0.1000,44719.1000
KOTAKBANK,2026-10-07,21.5686,2.4149,,,0.2100,0.2250,0.2847,0.1500,437706.8000
KPRMILL,2026-10-07,41.2626,6.6070,,10.4630,0.0960,0.2150,0.1338,0.4500,37722.0000
LAURUSLABS,2026-10-07,101.4731,20.9096,,46.3690,0.2910,1.2520,0.1504,0.1200,110915.3000
LENSKART,2026-10-07,184.1351,13.5380,,34.9830,0.4330,2.5810,0.0680,0.0000,117963.0000
LGEINDIA,2026-10-07,66.2068,15.7642,,5.9900,0.1550,0.2720,0.0713,0.0000,120841.9000
LICHSGFIN,2026-10-07,4.9401,0.6844,,642.5220,0.1450,0.0990,0.6518,1.9900,28350.2000
LICI,2026-10-07,8.1343,2.7670,,0.4310,0.0680,0.4000,0.0651,2.5600,488669.3000
LINDEINDIA,2026-10-07,95.1296,12.1813,,1.8500,0.2160,-0.0250,0.2059,0.0700,51972.2000
LLOYDSME,2026-10-07,21.6288,7.4837,,145.2140,2.0860,1.6930,0.2151,0.0500,103795.9000
LODHA,2026-10-07,26.9272,4.7590,,42.2380,0.4310,1.0330,0.2269,0.3700,110853.8000
LT,2026-10-07,30.7051,4.6591,,97.6400,0.0810,0.1400,0.0559,1.0100,509276.8000
LTF,2026-10-07,20.5406,2.3219,,393.4420,0.2930,0.2820,0.3308,1.0400,65229.1000
LTM,2026-10-07,22.2928,4.7490,0.2197,9.8740,0.1800,0.1690,0.1187,1.8900,116509.3000
LTTS,2026-10-07,26.4980,5.3257,,8.9110,0.0260,0.1280,0.1168,1.7900,34500.3000
LUPIN,2026-10-07,16.6727,4.0995,,29.3880,0.3200,0.1600,0.1845,0.8900,92047.9000
M&M,2026-10-07,17.0451,3.3612,,125.2780,0.2750,0.3340,0.0861,1.1600,336213.4000
M&MFIN,2026-10-07,13.7500,1.6778,,429.8510,0.3670,0.6400,0.3089,2.2900,44711.2000
MAHABANK,2026-10-07,8.5955,1.8136,0.2296,,0.2180,0.3420,0.5341,2.7200,64724.4000
MANKIND,2026-10-07,51.0204,6.3316,,38.1110,0.1290,0.2960,0.1386,0.0000,103261.3000
MARICO,2026-10-07,54.0694,24.2746,,12.3940,0.2140,0.2470,0.1316,0.5000,102184.5000
MARUTI,2026-10-07,25.1146,3.3595,,0.0960,0.3590,-0.0910,0.0727,1.2000,359990.9000
MAXHEALTH,2026-10-07,60.8987,8.2222,,32.3670,0.1670,0.0480,0.1672,0.2200,88376.6000
MAZDOCK,2026-10-07,29.1376,8.5366,,4.4810,0.1210,0.2150,0.2012,0.8600,83273.8000
MCX,2026-10-07,70.2297,20.3374,,0.1130,0.8530,1.0340,0.5556,0.2400,
MEDANTA,2026-10-07,62.5774,8.7753,,29.8690,0.2650,-0.0020,0.1187,0.0400,34775.3000
MEESHO,2026-10-07,,24.9152,,1.4280,0.4830,,-0.0868,0.0000,109473.8000
MFSL,2026-10-07,425.6646,8.7427,,36.4530,0.1680,0.3730,0.0022,0.0000,46177.1000
MOTHERSON,2026-10-07,37.5472,4.0913,,43.9080,0.1660,1.0420,0.0336,0.3100,167657.2000
MOTILALOFS,2026-10-07,30.9536,4.9870,,165.8000,0.2390,0.0870,0.2296,0.5600,64391.9000
MPHASIS,2026-10-07,22.8992,3.8532,0.1774,24.6750,0.1750,0.1070,0.1156,2.7000,43678.0000
MRF,2026-10-07,21.6133,2.4886,,15.2880,0.0960,-0.0100,0.0758,0.1900,52197.9000
MUTHOOTFIN,2026-10-07,9.3702,2.6247,0.3174,393.5600,0.3530,0.3880,0.5550,1.1200,106565.8000
NAM-INDIA,2026-10-07,41.5226,14.3425,,1.6170,0.2450,0.2640,0.5251,2.0000,67025.2000
NATIONALUM,2026-10-07,8.6093,2.7310,,0.2770,0.3930,0.9110,0.3491,1.1900,59011.0000
NAUKRI,2026-10-07,49.6878,2.0934,,0.6400,0.1140,0.5070,0.4740,1.1600,79367.3000
NESTLEIND,2026-10-07,66.9702,49.5083,,8.6210,0.2520,0.4810,0.1562,0.8900,255308.8000
NH,2026-10-07,42.6218,7.7135,,129.0330,0.7800,0.0540,0.0900,0.2600,34998.2000
NHPC,2026-10-07,19.1799,1.7619,,113.1110,0.1850,0.0280,0.3109,2.2000,72826.5000
NLCINDIA,2026-10-07,10.6170,1.6126,,110.3580,0.2330,-0.4230,0.1746,1.5100,34714.4000
NMDC,2026-10-07,8.5748,1.8756,,18.8020,0.0080,0.0040,0.2322,2.6900,64004.4000
NTPC,2026-10-07,11.0636,1.5123,,128.3450,0.0780,0.1180,0.1453,3.8400,307141.9000
NTPCGREEN,2026-10-07,124.6620,3.9985,,165.2810,0.6270,0.3850,0.1848,0.0000,74581.4000
NYKAA,2026-10-07,383.4270,67.9510,,82.8290,0.2910,2.5000,0.0240,0.0000,97777.4000
OBEROIRLTY,2026-10-07,24.0077,3.5221,,15.7650,0.3170,0.2890,0.4159,0.4600,63121.3000
OFSS,2026-10-07,27.0299,13.2934,0.4990,0.5670,0.6870,1.2020,0.3815,3.8200,92119.1000
OIL,2026-10-07,8.8347,1.2724,,58.7410,0.5770,0.9140,0.2168,2.9000,73807.3000
ONGC,2026-10-07,6.4127,0.7509,,42.5480,0.2570,0.2140,0.0618,6.4700,279131.2000
PAGEIND,2026-10-07,55.4416,27.8884,,18.4220,0.0790,-0.0400,0.1413,2.1100,41905.1000
PATANJALI,2026-10-07,20.3352,2.9962,,21.2950,0.2740,0.8610,0.0461,1.1200,39267.0000
PAYTM,2026-10-07,173.0270,6.9288,,1.0730,0.2770,0.7990,0.0725,0.0000,110832.0000
PERSISTENT,2026-10-07,45.0839,10.2334,0.2520,6.9400,0.2910,0.1210,0.1224,0.6500,86036.4000
PETRONET,2026-10-07,10.5845,1.9987,,10.5070,-0.5320,0.3510,0.1132,3.3600,44550.0000
PFC,2026-10-07,4.1245,0.7517,,536.8370,0.0080,0.0210,0.5448,4.8400,107434.8000
PHOENIXLTD,2026-10-07,52.8191,6.0054,,37.2110,0.1280,0.2330,0.2816,0.1300,66009.4000
PIDILITIND,2026-10-07,57.2941,13.9856,,3.7760,0.2130,0.2960,0.1720,0.7600,151609.7000
PIIND,2026-10-07,28.7760,2.9854,,3.0480,-0.1040,-0.3890,0.1788,0.6700,33527.1000
PIRAMALFIN,2026-10-07,26.6797,1.5582,0.0604,286.7810,0.0210,0.6710,0.3220,0.5500,46792.4000
PNB,2026-10-07,5.9745,0.8422,0.1497,,-0.0640,1.7500,0.3815,2.6800,131697.6000
POLICYBZR,2026-10-07,64.6766,6.5733,,4.9220,0.4010,0.9230,0.1020,0.0000,48058.4000
POLYCAB,2026-10-07,43.2430,10.3444,0.2555,1.7380,0.3900,0.3250,0.0918,0.5800,125177.7000
POWERGRID,2026-10-07,14.7982,2.3419,,150.8130,0.0270,-0.0080,0.3380,3.5000,235351.8000
POWERINDIA,2026-10-07,122.4767,27.2207,,1.6630,0.6860,1.2350,0.1255,0.0300,140893.2000
PREMIERENE,2026-10-07,24.4624,9.5171,,86.0050,0.3530,0.5300,0.1967,0.0800,41081.6000
PRESTIGE,2026-10-07,54.0378,3.7832,0.0775,105.4930,0.1590,-0.1930,0.0872,0.1400,61564.3000
RADICO,2026-10-07,85.5701,18.1520,,15.0330,0.1180,0.7600,0.1130,0.2000,60228.1000
RECLTD,2026-10-07,4.9185,0.9347,,607.4630,0.2520,-0.0610,0.6889,4.5300,
RELIANCE,2026-10-07,21.8707,1.8078,,46.2780,0.2970,-0.2240,0.0661,0.4900,
RVNL,2026-10-07,45.4455,4.1580,,49.0780,0.1060,0.1690,0.0432,0.8600,40839.3000
SAIL,2026-10-07,16.8578,1.1939,,52.8990,0.0130,1.2110,0.0384,1.3200,71999.2000
SBICARD,2026-10-07,23.3222,3.3745,,280.2060,0.2340,0.1950,0.1820,0.4400,53044.6000
SBILIFE,2026-10-07,66.5934,8.6015,0.1370,,0.1880,0.2180,0.0214,0.1500,173197.7000
SBIN,2026-10-07,10.2251,1.4159,0.1518,,0.1030,0.0990,0.2238,1.8100,880600.9000
SCHAEFFLER,2026-10-07,47.3441,9.6743,0.2165,0.7830,0.1730,0.1300,0.1193,0.9200,59348.5000
SHREECEM,2026-10-07,48.2072,3.3774,,8.0130,0.1800,-0.1770,0.0745,0.6300,78583.9000
SHRIRAMFIN,2026-10-07,16.7402,2.7060,0.1850,276.2150,0.4280,0.2950,0.5001,1.1200,223068.7000
SIEMENS,2026-10-07,92.9885,9.7597,,2.2130,0.1480,4.0610,0.1902,0.4700,135076.5000
SOLARINDS,2026-10-07,88.7011,28.9034,,23.2710,0.7030,0.9270,0.1754,0.0500,181432.6000
SRF,2026-10-07,33.7310,5.1927,,36.1950,0.3180,0.7560,0.1272,0.4000,72915.9000
SUNDARMFIN,2026-10-07,21.3576,3.2086,,409.1610,0.2680,0.3380,0.4609,0.9200,47406.8000
SUNPHARMA,2026-10-07,35.3373,5.1133,,5.5170,0.1050,0.2740,0.2019,0.8900,427321.5000
SUPREMEIND,2026-10-07,43.6816,7.3098,,1.4730,0.0420,0.3870,0.0911,1.0300,45114.0000
SUZLON,2026-10-07,16.8158,5.3901,0.3937,2.8070,0.2250,-0.0830,0.1809,0.0000,52703.8000
SWIGGY,2026-10-07,,3.5005,,13.9290,0.3730,,-0.1505,0.0000,64452.0000
TATACAP,2026-10-07,25.1412,2.9473,,502.9310,0.4030,0.4720,0.3968,0.1800,135166.1000
TATACOMM,2026-10-07,50.0785,13.7215,,335.8540,0.1050,-0.2940,0.0372,1.0400,47312.8000
TATACONSUM,2026-10-07,58.6259,4.3988,,12.1590,0.1190,0.2790,0.0784,1.0200,95851.5000
TATAINVEST,2026-10-07,104.6428,1.0654,,0.0070,0.0410,-0.0180,1.0525,0.5400,31131.3000
TATAPOWER,2026-10-07,28.5720,2.7938,,168.0510,0.0560,0.1090,0.0609,0.7100,110287.1000
TATASTEEL,2026-10-07,19.8463,2.1461,,89.0170,0.1430,0.1140,0.0460,2.2400,219098.9000
TCS,2026-10-07,15.1119,6.8654,0.4774,10.2110,0.1390,0.0460,0.1805,3.1000,
TECHM,2026-10-07,25.7797,4.4589,,7.2690,0.1770,0.2830,0.0868,3.3900,132100.1000
THERMAX,2026-10-07,61.3445,6.5583,,42.1660,0.0710,-0.8340,0.0547,0.4300,36390.0000
TIINDIA,2026-10-07,71.6472,5.9628,,5.3630,0.1680,-0.1530,0.0263,0.1400,46225.1000
TITAN,2026-10-07,67.9026,24.7459,,195.0010,0.2930,0.6280,0.0623,0.3300,388376.6000
TMCV,2026-10-07,37.5680,12.3738,,44.0950,0.1930,0.8340,0.0481,0.9200,157586.6000
TMPV,2026-10-07,,0.9299,,70.3640,-0.0820,-0.8030,0.2281,1.0500,104228.7000
TORNTPHARM,2026-10-07,75.3387,19.0283,,85.4460,0.5480,-0.0820,0.1387,0.8000,179389.1000
TORNTPOWER,2026-10-07,26.8163,3.2664,,70.8850,0.0280,-0.1270,0.0796,1.6200,62307.7000
TRENT,2026-10-07,85.2093,22.0654,,36.0340,0.1780,0.2070,0.0864,0.1400,154120.1000
TVSMOTOR,2026-10-07,54.4144,55.8360,,306.0900,0.3430,0.6710,0.0569,0.3000,
UBL,2026-10-07,78.9414,6.9327,,29.0760,0.0710,-0.0950,0.0419,0.8500,31350.5000
ULTRACEMCO,2026-10-07,37.0790,4.0912,,29.4320,0.1590,0.1680,0.0929,2.2300,313526.0000
UNIONBANK,2026-10-07,6.4011,0.9474,0.1580,,0.1640,0.2740,0.4046,2.9700,132175.9000
UNITDSPR,2026-10-07,56.5895,10.6591,,4.6110,-0.1020,0.1120,0.1492,1.2500,95431.5000
UNOMINDA,2026-10-07,53.0899,9.3408,,37.7400,0.2380,0.0120,0.0580,0.2400,63798.6000
UPL,2026-10-07,21.0997,1.2044,,57.1280,0.1050,,0.0382,1.1800,41841.6000
VAML,2026-10-07,40.0814,,,,0.4600,2.1630,0.5626,3.9900,153823.7000
VBL,2026-10-07,44.0750,6.8476,0.1685,15.8690,0.2040,0.1570,0.1404,0.4600,149083.5000
VEDL,2026-10-07,10.9971,2.0557,,48.0440,-0.3730,0.7220,0.2321,10.1700,102071.5000
VMM,2026-10-07,53.1746,6.3235,,26.8170,0.1870,0.2500,0.0661,0.0000,47082.3000
VOLTAS,2026-10-07,77.8777,5.4841,,15.5100,0.1870,0.5200,0.0300,0.3700,34967.9000
WAAREEENER,2026-10-07,18.1208,4.7810,,21.4020,0.7920,0.1420,0.1270,0.1700,69065.1000
WIPRO,2026-10-07,12.6767,2.0378,0.1613,27.3980,0.1060,0.0090,0.1392,4.9400,157899.3000
YESBANK,2026-10-07,17.4706,1.2498,0.0747,,0.0900,0.3080,0.2319,0.0000,65257.9000
ZYDUSLIFE,2026-10-07,25.6965,4.2793,,42.3040,0.2200,-0.3590,0.1578,0.0900,115012.2000
360ONE,2026-10-09,34.8520,4.3211,,161.9770,0.2990,0.1280,0.2646,1.1500,42749.4000
ABB,2026-10-09,92.3580,15.3898,0.1913,1.5470,0.1210,0.0300,0.2135,0.4400,143673.9000
ABBOTINDIA,2026-10-09,34.2173,11.5723,,3.6020,0.0430,0.1710,0.2305,2.0500,55248.2000
ABCAPITAL,2026-10-09,24.5930,2.8971,,495.9360,0.3140,0.3910,0.1194,0.0000,104230.5000
ADANIENSOL,2026-10-09,51.9342,5.9621,,194.5000,0.4240,1.2410,0.0958,0.0000,154336.9000
ADANIENT,2026-10-09,42.4629,4.2081,,119.5600,0.4990,,0.0655,0.0500,356624.7000
ADANIGREEN,2026-10-09,120.2874,10.7233,,346.5480,0.1660,0.1850,0.1310,0.0000,206852.4000
ADANIPORTS,2026-10-09,30.0563,4.2281,,64.0510,0.1860,0.0240,0.3243,0.4400,405727.2000
ADANIPOWER,2026-10-09,25.5751,5.6128,,82.3320,0.3400,0.4440,0.2415,0.0000,364480.7000
AIAENG,2026-10-09,27.5459,4.3455,,0.1280,0.1240,-0.0130,0.2784,0.4300,
AIIL,2026-10-09,22.2011,3.1696,,24.5900,0.1410,0.1750,0.8205,0.0000,46681.9000
AJANTPHARM,2026-10-09,37.5603,9.4110,,5.8740,0.2480,0.3080,0.1965,1.8600,42612.3000
ALKEM,2026-10-09,29.2563,4.5671,,14.2670,0.1090,-0.2170,0.1431,0.3800,63118.4000
AMBUJACEM,2026-10-09,19.9037,1.4640,,1.2050,-0.0770,-0.2750,0.1113,0.5900,87341.3000
ANTHEM,2026-10-09,84.9557,15.9199,,1.7720,-0.2260,-0.1280,0.2869,0.2300,48436.6000
APARINDS,2026-10-09,61.2847,13.3945,,17.7160,0.2910,0.7740,0.0484,0.3400,75303.2000
APLAPOLLO,2026-10-09,47.7547,11.0845,,9.3960,0.0850,0.1100,0.0523,0.4200,58699.8000
APOLLOHOSP,2026-10-09,55.2630,12.1753,,85.1460,0.2060,0.3410,0.0791,0.2600,115423.1000
ASHOKLEY,2026-10-09,24.5034,5.9828,,344.7370,0.1160,0.0100,0.0602,2.4100,
ASIANPAINT,2026-10-09,47.0833,10.4983,,17.8470,0.1790,0.3990,0.1281,1.1900,224236.5000
ASTERDM,2026-10-09,113.4279,7.8816,,45.9210,0.2160,-0.8140,0.0654,0.5900,61004.0000
ASTRAL,2026-10-09,65.7863,9.3335,,6.1680,0.1590,0.4800,0.0848,0.2800,37874.3000
ATGL,2026-10-09,97.9913,12.7382,,58.6500,0.2720,-0.1400,0.1008,0.0400,61968.8000
AUBANK,2026-10-09,25.9308,3.6747,,,0.2980,0.3510,0.2558,0.1000,73592.6000
AUROPHARMA,2026-10-09,26.4531,2.5951,,21.3100,0.1630,0.2580,0.1063,0.0000,97411.5000
AXISBANK,2026-10-09,14.1583,1.7547,0.1335,,0.1400,0.2180,0.3603,0.0800,392055.1000
BAJAJ-AUTO,2026-10-09,23.2533,7.0378,,56.3520,0.6400,0.4580,0.1625,1.5600,268703.2000
BAJAJFINSV,2026-10-09,27.5393,3.5594,,256.4040,0.1930,0.1270,0.0647,0.0800,277594.5000
BAJAJHFL,2026-10-09,25.2353,3.0141,0.1268,460.7400,0.1960,0.2290,0.6318,0.0000,67886.9000
BAJAJHLDNG,2026-10-09,13.5950,1.6462,0.1160,0.0120,0.2420,-0.2240,7.3464,1.2300,120419.6000
BAJFINANCE,2026-10-09,29.4750,5.2361,,314.8330,0.2610,0.2720,0.4350,0.5600,597207.7000
BALKRISIND,2026-10-09,27.6482,3.5474,,37.5240,0.2520,0.5640,0.1220,0.8000,38862.6000
BANKBARODA,2026-10-09,6.7122,0.7234,0.1132,,0.1800,-0.4860,0.2739,3.6300,121940.7000
BANKINDIA,2026-10-09,5.1975,0.6732,0.1370,,0.1850,0.8030,0.3499,3.5100,61215.2000
BDL,2026-10-09,75.7143,9.2924,,0.0070,1.3080,5.4800,0.1883,0.4700,39438.5000
BEL,2026-10-09,43.8274,11.2183,,0.2730,0.2490,0.0830,0.2140,0.6800,269109.5000
BERGEPAINT,2026-10-09,45.2011,7.9558,,9.1650,0.1200,0.2850,0.0992,0.8500,55023.7000
BHARATFORG,2026-10-09,123.0129,9.0674,,76.4750,0.1870,,0.0403,0.4700,88786.6000
BHARTIARTL,2026-10-09,37.7320,6.9566,0.2015,100.4150,0.1840,0.3510,0.1314,1.3300,1126140.1000
BHARTIHEXA,2026-10-09,42.0044,10.6899,,85.6540,0.1090,0.2320,0.1900,1.2000,76595.0000
BHEL,2026-10-09,62.0315,5.7745,,31.3120,0.4030,,0.0676,0.3300,150982.3000
BIOCON,2026-10-09,103.3728,1.6627,,42.1450,0.1000,2.3460,0.0286,0.1400,57223.1000
BLUESTARCO,2026-10-09,63.5446,9.4306,,23.5880,0.1330,-0.1510,0.0398,0.5600,32360.3000
BOSCHLTD,2026-10-09,54.3457,8.6513,,0.8000,0.2200,-0.3670,0.1133,0.6300,
BPCL,2026-10-09,7.1788,1.2280,,54.3320,0.3440,,0.0347,6.9900,122965.0000
BRITANNIA,2026-10-09,44.6305,22.7588,,26.8750,0.0820,0.1360,0.1338,1.9100,116218.9000
BSE,2026-10-09,47.8208,16.9296,,0.0000,0.6400,0.6210,0.4892,0.3000,133502.8000
CANBK,2026-10-09,5.4632,0.9216,,,-0.1290,0.6220,0.4313,3.5800,108475.9000
CGPOWER,2026-10-09,107.8878,16.9051,,1.4460,0.1400,0.1310,0.0975,0.1500,134789.2000
CHOLAFIN,2026-10-09,23.4817,4.4411,,695.2830,0.3460,0.4370,0.4055,0.1300,136138.4000
CIPLA,2026-10-09,31.1990,3.0522,,1.7780,0.0350,-0.3920,0.1201,0.9900,105104.0000
COALINDIA,2026-10-09,8.1286,2.1293,,11.6290,0.4510,0.0120,0.1814,6.4700,253627.1000
COCHINSHIP,2026-10-09,47.5638,5.5097,,28.4660,0.0240,-0.1930,0.1348,0.9400,32358.9000
COFORGE,2026-10-09,38.2531,6.5780,,7.5180,0.4990,0.3090,0.0964,0.8800,82755.2000
COLPAL,2026-10-09,36.6862,31.2112,,2.9930,0.1180,0.0700,0.2172,2.7700,49441.5000
CONCOR,2026-10-09,26.9841,2.6010,,7.3900,0.0030,0.0060,0.1367,1.9800,33663.5000
COROMANDEL,2026-10-09,27.4255,3.9946,,11.4690,0.1590,-0.2450,0.0562,0.6600,50172.1000
CRISIL,2026-10-09,36.5815,9.8890,0.2905,10.2300,0.2760,0.2620,0.2143,0.9100,32351.3000
CUMMINSIND,2026-10-09,56.5640,15.7976,,0.4310,0.1790,0.0090,0.1869,1.3900,133887.6000
DABUR,2026-10-09,34.8378,6.0062,,10.9070,0.1060,0.1530,0.1455,2.1900,68598.9000
DALBHARAT,2026-10-09,32.0489,1.6677,,40.9870,0.0700,-0.5210,0.0620,0.6300,30010.3000
DIVISLAB,2026-10-09,84.7473,14.7931,,0.0420,0.2780,0.6570,0.2605,0.3200,247947.6000
DIXON,2026-10-09,37.3476,14.2293,,18.4570,0.2110,1.5460,0.0364,0.0800,77668.3000
DLF,2026-10-09,36.1136,3.5306,0.1010,0.6730,-0.5290,0.0420,0.6579,1.2600,160548.7000
DMART,2026-10-09,74.9691,9.3545,,9.9130,0.1490,0.1140,0.0429,0.0000,229404.2000
DRREDDY,2026-10-09,30.1208,2.6004,0.0884,18.6050,-0.0560,-0.6870,0.1000,0.6800,99708.7000
EICHERMOT,2026-10-09,33.5475,7.7048,,2.0480,0.3150,0.2130,0.2321,1.2100,193537.8000
EMBASSY,2026-10-09,92.7118,1.6874,,,,,,,35064.5000
ENDURANCE,2026-10-09,34.9166,4.9504,,19.3930,0.3000,0.0800,0.0622,0.4700,33864.6000
ENRIN,2026-10-09,74.2044,22.9505,,4.4830,0.3930,0.6780,0.1577,0.1300,110433.0000
ESCORTS,2026-10-09,21.7293,2.4690,,1.3090,0.2830,-0.7240,0.1129,1.1900,30043.0000
ETERNAL,2026-10-09,688.1915,9.5613,,14.8260,1.8200,2.3330,0.0064,0.0000,297748.5000
EXIDEIND,2026-10-09,35.9854,2.4110,,11.3080,0.1770,0.2830,0.0495,0.5100,33524.0000
FACT,2026-10-09,,34.1384,,295.1470,0.2020,,-0.0178,0.0000,47197.4000
FEDERALBNK,2026-10-09,17.6565,2.0315,,,0.2140,0.3270,0.3072,0.3700,81519.2000
FLUOROCHEM,2026-10-09,80.3879,6.4257,,28.9400,0.2400,0.2040,0.1163,0.0700,49177.6000
FORTIS,2026-10-09,56.6463,5.9985,,34.1500,0.1750,0.0230,0.1102,0.1300,59358.6000
GAIL,2026-10-09,11.0872,1.2294,,27.8090,0.1670,0.9720,0.0670,3.2800,109567.1000
GICRE,2026-10-09,6.1779,0.5553,0.0911,,-0.0080,-0.3110,0.1682,4.2900,54842.5000
GLAXO,2026-10-09,40.2903,18.9794,,1.4670,0.1660,0.1570,0.2701,2.2500,43034.2000
GLENMARK,2026-10-09,36.0025,6.1561,,5.6460,0.2310,9.3070,0.1014,0.1100,64714.1000
GMRAIRPORT,2026-10-09,242.9211,-38.8183,,,0.2370,,0.0307,0.0000,98411.5000
GODFRYPHLP,2026-10-09,20.6797,4.5524,,3.7570,-0.1890,-0.4430,0.2239,2.8200,28282.6000
GODREJCP,2026-10-09,45.9915,6.9615,,34.8990,0.1540,0.1150,0.1209,2.3100,88068.9000
GODREJIND,2026-10-09,28.2431,2.9695,,222.4110,-0.0470,-0.1860,0.0476,0.0000,33193.3000
GODREJPROP,2026-10-09,29.1737,2.4373,,82.1190,0.1650,-0.4170,0.3075,0.6500,46690.1000
GRASIM,2026-10-09,34.4663,1.8944,,135.0440,0.2140,0.5130,0.0309,0.3500,196025.6000
GROWW,2026-10-09,49.4576,12.3232,,3.0280,0.6520,0.8570,0.4535,0.0000,119492.7000
GVT&D,2026-10-09,81.8899,39.9155,,0.8920,0.3800,0.2470,0.1944,0.2400,107396.2000
HAL,2026-10-09,33.4022,7.5864,,0.1600,0.1440,0.1490,0.2759,0.9700,311354.9000
HAVELLS,2026-10-09,40.0423,6.9091,,2.8010,0.1950,-0.1660,0.0692,1.1700,65360.5000
HCLTECH,2026-10-09,18.9281,4.4604,0.2407,7.0580,0.0300,0.0840,0.1297,5.1000,329210.6000
HDBFS,2026-10-09,17.7465,2.3653,,484.3130,0.2100,0.3260,0.2979,0.6800,48767.0000
HDFCAMC,2026-10-09,33.0099,10.5026,,2.3640,0.1340,0.1180,0.6162,2.4100,97077.9000
HDFCBANK,2026-10-09,15.4590,1.7959,0.1384,,0.1660,0.1810,0.2679,1.8800,1090472.0000
HDFCLIFE,2026-10-09,60.8361,6.1986,0.1083,15.8850,0.1430,0.1190,0.0190,0.3900,120907.1000
HEROMOTOCO,2026-10-09,17.9929,4.5326,,3.5700,0.3490,-0.1720,0.1072,3.8100,97979.1000
HEXT,2026-10-09,24.7018,4.8926,0.2147,10.1800,0.1790,-0.1250,0.0932,2.7900,32837.3000
HINDALCO,2026-10-09,12.2148,1.4633,,72.5980,0.3210,0.7510,0.0555,0.5600,199863.0000
HINDCOPPER,2026-10-09,39.9361,13.5780,,3.3190,0.8140,1.6190,0.3249,0.6100,45338.9000
HINDPETRO,2026-10-09,41.5287,1.0583,,85.3690,0.2690,,0.0036,7.4300,69367.0000
HINDUNILVR,2026-10-09,41.6300,8.9507,,3.0160,0.0500,0.0840,0.2264,2.3900,436248.6000
HINDZINC,2026-10-09,13.4563,10.1483,,39.0340,0.7170,1.4460,0.3807,2.0700,229646.1000
HUDCO,2026-10-09,7.5141,1.4549,,645.7750,0.0980,0.3490,0.9068,3.8200,31980.4000
HYUNDAI,2026-10-09,31.8398,7.8773,,5.4840,-0.0050,-0.3510,0.0700,1.1000,157633.0000
ICICIAMC,2026-10-09,43.0440,35.9074,,4.0660,0.1810,0.2310,0.5550,0.8100,149775.2000
ICICIBANK,2026-10-09,17.5155,2.5548,0.1607,,0.1140,0.1380,0.2753,0.8900,972712.9000
ICICIGI,2026-10-09,34.9143,4.9499,0.1463,,0.1090,-0.4620,0.0876,0.8600,84450.4000
ICICIPRULI,2026-10-09,39.7026,4.8966,0.1257,18.0520,0.1250,0.2850,0.0255,0.3600,66815.8000
IDEA,2026-10-09,3.7681,-3.9394,,,0.0610,,0.8228,0.0000,140845.9000
IDFCFIRSTB,2026-10-09,30.7027,1.4070,0.0526,,0.2980,1.1640,0.0909,0.3200,68568.7000
INDHOTEL,2026-10-09,47.4884,7.8046,,18.9870,0.1510,0.2070,0.2087,0.4600,103526.3000
INDIANB,2026-10-09,8.7430,1.3321,0.1617,,0.1030,0.4750,0.3641,2.2600,111771.1000
INDIGO,2026-10-09,,26.7966,,1112.7060,0.1990,,-0.0540,0.0000,186876.0000
INDUSINDBK,2026-10-09,50.9551,1.0207,,,0.0100,0.7170,0.0765,0.1700,67135.0000
INDUSTOWER,2026-10-09,14.0431,2.4270,0.1891,51.7900,0.0460,0.0060,0.2178,3.7500,100437.9000
INFY,2026-10-09,13.9428,4.4732,0.3200,9.5410,0.0290,0.0530,0.1637,5.0200,414512.2000
IOB,2026-10-09,9.9935,1.5142,0.1653,,0.4810,0.4590,0.3656,0.0000,58886.7000
IOC,2026-10-09,5.1698,0.7926,,58.4460,0.3850,,0.0392,2.5700,
IPCALAB,2026-10-09,37.0986,6.0262,,8.4920,0.2080,0.7240,0.1293,0.3100,48594.5000
IRCTC,2026-10-09,26.3375,8.5189,,1.8740,0.1810,0.0000,0.2568,2.0000,36704.0000
IREDA,2026-10-09,14.8506,2.1275,,565.6710,0.2370,0.3300,0.6925,1.4500,29328.4000
IRFC,2026-10-09,13.5818,1.7187,,773.3470,0.1030,0.0970,0.9727,2.8300,97621.7000
ITC,2026-10-09,16.7929,4.5966,,3.2930,-0.1110,-0.1600,0.2594,6.2700,333311.7000
ITCHOTELS,2026-10-09,37.1442,2.7609,,0.6340,0.1480,0.3590,0.2028,0.6500,32187.5000
JINDALSTEL,2026-10-09,38.0502,2.0320,,43.6130,0.2590,-0.4370,0.0482,0.2000,103448.0000
JIOFIN,2026-10-09,66.6522,1.0151,,16.2860,2.0820,1.7020,0.5501,0.2800,141716.6000
JKCEMENT,2026-10-09,39.8300,5.3516,,87.5220,0.2800,-0.1450,0.0656,0.4000,37660.5000
JSL,2026-10-09,18.0099,12.9798,,37.5230,0.1050,0.0760,0.0738,0.5700,58422.2000
JSWENERGY,2026-10-09,41.6862,2.6401,,229.1600,0.0120,-0.3950,0.1037,0.4300,84710.6000
JSWINFRA,2026-10-09,47.7786,6.4937,,59.0020,0.1810,-0.1030,0.2658,0.2700,78426.1000
JSWSTEEL,2026-10-09,11.5244,2.8494,,95.3740,0.0980,1.1300,0.1306,0.6000,285106.2000
JUBLFOOD,2026-10-09,75.7617,12.1299,,205.3180,0.1370,0.0600,0.0442,0.2800,
KALYANKJIL,2026-10-09,39.9423,9.0581,,96.9660,0.4570,0.3160,0.0367,0.4500,57214.4000
KEI,2026-10-09,43.9977,6.5765,,3.7960,0.2300,0.4000,0.0808,0.1000,43853.5000
KOTAKBANK,2026-10-09,21.6176,2.4204,,,0.2100,0.2250,0.2847,0.1500,438701.6000
KPRMILL,2026-10-09,39.4830,6.3220,,10.4630,0.0960,0.2150,0.1338,0.4700,36095.0000
LAURUSLABS,2026-10-09,100.6723,20.7446,,46.3690,0.2910,1.2520,0.1504,0.1200,110040.0000
LENSKART,2026-10-09,183.1487,13.4655,,34.9830,0.4330,2.5810,0.0680,0.0000,117331.0000
LGEINDIA,2026-10-09,65.3403,15.5579,,5.9900,0.1550,0.2720,0.0713,0.0000,119260.3000
LICHSGFIN,2026-10-09,5.2875,0.7325,,642.5220,0.1450,0.0990,0.6518,1.8600,30344.2000
LICI,2026-10-09,8.3017,2.8240,,0.4310,0.0680,0.4000,0.0651,2.6400,498726.1000
LINDEINDIA,2026-10-09,93.5998,11.9854,,1.8500,0.2160,-0.0250,0.2059,0.0700,51136.4000
LLOYDSME,2026-10-09,21.2887,7.3660,,145.2140,2.0860,1.6930,0.2151,0.0600,102163.9000
LODHA,2026-10-09,25.8447,4.5677,,42.2380,0.4310,1.0330,0.2269,0.4000,106400.2000
LT,2026-10-09,30.7200,4.6613,,97.6400,0.0810,0.1400,0.0559,1.0500,509524.5000
LTF,2026-10-09,20.6156,2.3304,,393.4420,0.2930,0.2820,0.3308,1.0700,65467.2000
LTM,2026-10-09,23.0870,4.9181,0.2197,9.8740,0.1800,0.1690,0.1187,1.9200,120659.7000
LTTS,2026-10-09,26.6447,5.3552,,8.9110,0.0260,0.1280,0.1168,1.8300,34691.3000
LUPIN,2026-10-09,16.2056,3.9846,,29.3880,0.3200,0.1600,0.1845,0.9300,89468.8000
M&M,2026-10-09,17.0220,3.3567,,125.2780,0.2750,0.3340,0.0861,1.2000,335757.1000
M&MFIN,2026-10-09,13.6517,1.6658,,429.8510,0.3670,0.6400,0.3089,2.4200,44391.5000
MAHABANK,2026-10-09,8.4944,1.7923,0.2296,,0.2180,0.3420,0.5341,2.6800,63963.0000
MANKIND,2026-10-09,47.9259,5.9986,,38.1110,0.1290,0.2960,0.1386,0.0000,97829.7000
MARICO,2026-10-09,53.9938,24.2407,,12.3940,0.2140,0.2470,0.1316,0.5100,102041.7000
MARUTI,2026-10-09,25.0488,3.3507,,0.0960,0.3590,-0.0910,0.0727,1.2500,359047.7000
MAXHEALTH,2026-10-09,59.2757,8.0030,,32.3670,0.1670,0.0480,0.1672,0.2300,86021.2000
MAZDOCK,2026-10-09,28.3698,8.3117,,4.4810,0.1210,0.2150,0.2012,0.9100,81079.4000
MCX,2026-10-09,69.3024,20.0688,,0.1130,0.8530,1.0340,0.5556,0.2500,
MEDANTA,2026-10-09,63.4768,8.9014,,29.8690,0.2650,-0.0020,0.1187,0.0400,35275.1000
MEESHO,2026-10-09,,24.5170,,1.4280,0.4830,,-0.0868,0.0000,107724.2000
MFSL,2026-10-09,414.4620,8.5126,,36.4530,0.1680,0.3730,0.0022,0.0000,44961.8000
MOTHERSON,2026-10-09,36.8675,3.9319,,43.9080,0.1660,1.0420,0.0336,0.3300,163062.1000
MOTILALOFS,2026-10-09,31.8041,4.7913,,165.8000,0.2390,0.0870,0.2296,0.5900,61865.5000
MPHASIS,2026-10-09,23.6094,3.9727,0.1774,24.6750,0.1750,0.1070,0.1156,2.6900,45045.5000
MRF,2026-10-09,21.4404,2.4687,,15.2880,0.0960,-0.0100,0.0758,0.1900,51780.1000
MUTHOOTFIN,2026-10-09,9.2654,2.5953,0.3174,393.5600,0.3530,0.3880,0.5550,1.1700,105373.4000
NAM-INDIA,2026-10-09,41.4354,14.3123,,1.6170,0.2450,0.2640,0.5251,2.0700,66884.4000
NATIONALUM,2026-10-09,8.5936,2.6851,,0.2770,0.3930,0.9110,0.3491,1.2800,58019.2000
NAUKRI,2026-10-09,49.4323,2.0826,,0.6400,0.1140,0.5070,0.4740,1.2200,78959.2000
NESTLEIND,2026-10-09,67.4254,49.8448,,8.6210,0.2520,0.4810,0.1562,0.9100,257044.3000
NH,2026-10-09,42.5303,7.6970,,129.0330,0.7800,0.0540,0.0900,0.2700,34923.0000
NHPC,2026-10-09,19.3095,1.7738,,113.1110,0.1850,0.0280,0.3109,2.2500,73318.7000
NLCINDIA,2026-10-09,10.3287,1.5688,,110.3580,0.2330,-0.4230,0.1746,1.5900,33771.5000
NMDC,2026-10-09,8.4570,1.8498,,18.8020,0.0080,0.0040,0.2322,2.8300,63125.3000
NTPC,2026-10-09,10.8977,1.4897,,128.3450,0.0780,0.1180,0.1453,3.9900,302536.0000
NTPCGREEN,2026-10-09,130.4225,4.1832,,165.2810,0.6270,0.3850,0.1848,0.0000,78027.8000
NYKAA,2026-10-09,385.3933,68.2995,,82.8290,0.2910,2.5000,0.0240,0.0000,98278.8000
OBEROIRLTY,2026-10-09,23.4933,3.4466,,15.7650,0.3170,0.2890,0.4159,0.4800,61768.7000
OFSS,2026-10-09,26.8612,13.2105,0.4990,0.5670,0.6870,1.2020,0.3815,3.8500,91544.2000
OIL,2026-10-09,8.6351,1.2436,,58.7410,0.5770,0.9140,0.2168,2.9100,72140.1000
ONGC,2026-10-09,6.3951,0.7488,,42.5480,0.2570,0.2140,0.0618,6.6000,278363.8000
PAGEIND,2026-10-09,54.4168,27.3725,,18.4220,0.0790,-0.0400,0.1413,2.1900,41129.9000
PATANJALI,2026-10-09,19.9034,2.9920,,21.2950,0.2740,0.8610,0.0461,1.1400,39212.6000
PAYTM,2026-10-09,163.4366,6.5448,,1.0730,0.2770,0.7990,0.0725,0.0000,104688.9000
PERSISTENT,2026-10-09,47.2370,10.7221,0.2520,6.9400,0.2910,0.1210,0.1224,0.6600,90145.3000
PETRONET,2026-10-09,10.3885,1.9617,,10.5070,-0.5320,0.3510,0.1132,3.4700,43725.0000
PFC,2026-10-09,4.1530,0.7568,,536.8370,0.0080,0.0210,0.5448,4.8200,108177.3000
PHOENIXLTD,2026-10-09,50.5042,5.9000,,37.2110,0.1280,0.2330,0.2816,0.1400,64850.6000
PIDILITIND,2026-10-09,57.0439,13.9245,,3.7760,0.2130,0.2960,0.1720,0.7900,150947.7000
PIIND,2026-10-09,27.5807,2.8613,,3.0480,-0.1040,-0.3890,0.1788,0.7100,32134.4000
PIRAMALFIN,2026-10-09,26.5410,1.5501,0.0604,286.7810,0.0210,0.6710,0.3220,0.5600,46549.1000
PNB,2026-10-09,6.0991,0.8598,0.1497,,-0.0640,1.7500,0.3815,2.6000,134444.4000
POLICYBZR,2026-10-09,62.9353,6.3964,,4.9220,0.4010,0.9230,0.1020,0.0000,46764.5000
POLYCAB,2026-10-09,43.3129,10.2759,0.2555,1.7380,0.3900,0.3250,0.0918,0.5800,124349.2000
POWERGRID,2026-10-09,14.5702,2.3059,,150.8130,0.0270,-0.0080,0.3380,3.6800,231724.5000
POWERINDIA,2026-10-09,118.5827,26.3552,,1.6630,0.6860,1.2350,0.1255,0.0300,136413.7000
PREMIERENE,2026-10-09,24.0685,9.3639,,86.0050,0.3530,0.5300,0.1967,0.0800,40420.3000
PRESTIGE,2026-10-09,53.1871,3.7237,0.0775,105.4930,0.1590,-0.1930,0.0872,0.1400,60595.1000
RADICO,2026-10-09,86.6172,18.3741,,15.0330,0.1180,0.7600,0.1130,0.2000,60965.0000
RECLTD,2026-10-09,4.9366,0.9381,,607.4630,0.2520,-0.0610,0.6889,4.6100,
RELIANCE,2026-10-09,21.1934,1.7518,,46.2780,0.2970,-0.2240,0.0661,0.5100,
RVNL,2026-10-09,44.2343,4.0472,,49.0780,0.1060,0.1690,0.0432,0.9100,39750.9000
SAIL,2026-10-09,16.5909,1.1750,,52.8990,0.0130,1.2110,0.0384,1.4100,70859.2000
SBICARD,2026-10-09,23.5146,3.4024,,280.2060,0.2340,0.1950,0.1820,0.4600,53482.4000
SBILIFE,2026-10-09,64.9923,8.3947,0.1370,,0.1880,0.2180,0.0214,0.1600,169034.3000
SBIN,2026-10-09,10.2797,1.4235,0.1518,,0.1030,0.0990,0.2238,1.8500,885308.5000
SCHAEFFLER,2026-10-09,45.7307,9.3446,0.2165,0.7830,0.1730,0.1300,0.1193,0.9400,57325.9000
SHREECEM,2026-10-09,48.8723,3.4239,,8.0130,0.1800,-0.1770,0.0745,0.6500,79666.3000
SHRIRAMFIN,2026-10-09,16.6069,2.6844,0.1850,276.2150,0.4280,0.2950,0.5001,1.1800,221296.0000
SIEMENS,2026-10-09,88.1343,9.2503,,2.2130,0.1480,4.0610,0.1902,0.4900,128025.3000
SOLARINDS,2026-10-09,90.8843,28.8314,,23.2710,0.7030,0.9270,0.1754,0.0600,180980.1000
SRF,2026-10-09,34.5468,5.3183,,36.1950,0.3180,0.7560,0.1272,0.4000,74679.5000
SUNDARMFIN,2026-10-09,20.4260,3.0687,,409.1610,0.2680,0.3380,0.4609,0.9700,45339.1000
SUNPHARMA,2026-10-09,34.9206,5.0530,,5.5170,0.1050,0.2740,0.2019,0.9100,422282.9000
SUPREMEIND,2026-10-09,42.7563,7.1549,,1.4730,0.0420,0.3870,0.0911,1.0400,44158.4000
SUZLON,2026-10-09,16.4912,5.2861,0.3937,2.8070,0.2250,-0.0830,0.1809,0.0000,51686.5000
SWIGGY,2026-10-09,,3.3326,,13.9290,0.3730,,-0.1505,0.0000,61360.4000
TATACAP,2026-10-09,25.0157,2.9303,,502.9310,0.4030,0.4720,0.3968,0.1800,134386.0000
TATACOMM,2026-10-09,49.9909,13.6975,,335.8540,0.1050,-0.2940,0.0372,1.0400,47230.1000
TATACONSUM,2026-10-09,57.8087,4.3375,,12.1590,0.1190,0.2790,0.0784,1.0500,94515.4000
TATAINVEST,2026-10-09,101.9133,1.0376,,0.0070,0.0410,-0.0180,1.0525,0.5600,30319.2000
TATAPOWER,2026-10-09,28.3471,2.7695,,168.0510,0.0560,0.1090,0.0609,0.7400,109328.5000
TATASTEEL,2026-10-09,19.6384,2.1236,,89.0170,0.1430,0.1140,0.0460,2.3300,216803.6000
TCS,2026-10-09,15.6618,7.1152,0.4557,9.8300,0.1120,0.1500,0.1822,2.3100,
TECHM,2026-10-09,26.1774,4.5277,,7.2690,0.1770,0.2830,0.0868,3.4100,134137.7000
THERMAX,2026-10-09,61.8363,6.6109,,42.1660,0.0710,-0.8340,0.0547,0.4500,36681.8000
TIINDIA,2026-10-09,70.7707,5.5259,,5.3630,0.1680,-0.1530,0.0263,0.1600,42837.6000
TITAN,2026-10-09,67.9716,24.9324,,195.0010,0.2930,0.6280,0.0623,0.3400,391304.7000
TMCV,2026-10-09,36.0228,11.8649,,44.0950,0.1930,0.8340,0.0481,0.9700,151104.8000
TMPV,2026-10-09,,0.9197,,70.3640,-0.0820,-0.8030,0.2281,1.1000,103086.9000
TORNTPHARM,2026-10-09,74.3914,18.7890,,85.4460,0.5480,-0.0820,0.1387,0.8200,177133.5000
TORNTPOWER,2026-10-09,25.7775,3.1399,,70.8850,0.0280,-0.1270,0.0796,1.6500,59894.0000
TRENT,2026-10-09,86.0318,22.2784,,36.0340,0.1780,0.2070,0.0864,0.1400,155607.8000
TVSMOTOR,2026-10-09,53.5939,54.9941,,306.0900,0.3430,0.6710,0.0569,0.3100,
UBL,2026-10-09,76.5531,6.8304,,29.0760,0.0710,-0.0950,0.0419,0.8600,30887.8000
ULTRACEMCO,2026-10-09,36.7951,4.0977,,29.4320,0.1590,0.1680,0.0929,2.3000,314026.1000
UNIONBANK,2026-10-09,6.3978,0.9469,0.1580,,0.1640,0.2740,0.4046,2.9200,132107.2000
UNITDSPR,2026-10-09,57.5158,10.8336,,4.6110,-0.1020,0.1120,0.1492,1.2900,96993.6000
UNOMINDA,2026-10-09,53.2436,9.3678,,37.7400,0.2380,0.0120,0.0580,0.2400,63983.4000
UPL,2026-10-09,20.2424,1.1884,,57.1280,0.1050,,0.0382,1.2500,41287.9000
VAML,2026-10-09,37.8077,,,,0.4600,2.1630,0.5626,4.2700,145097.9000
VBL,2026-10-09,44.1000,6.8514,0.1685,15.8690,0.2040,0.1570,0.1404,0.4600,149168.0000
VEDL,2026-10-09,11.1064,2.0762,,48.0440,-0.3730,0.7220,0.2321,10.6700,103086.8000
VMM,2026-10-09,51.5873,6.1348,,26.8170,0.1870,0.2500,0.0661,0.0000,45676.9000
VOLTAS,2026-10-09,76.1754,5.3642,,15.5100,0.1870,0.5200,0.0300,0.3900,34203.6000
WAAREEENER,2026-10-09,17.5321,4.6257,,21.4020,0.7920,0.1420,0.1270,0.1700,66821.4000
WIPRO,2026-10-09,12.9126,2.0757,0.1613,27.3980,0.1060,0.0090,0.1392,5.0500,160837.6000
YESBANK,2026-10-09,17.2269,1.2324,0.0747,,0.0900,0.3080,0.2319,0.0000,64347.6000
ZYDUSLIFE,2026-10-09,24.9053,4.1476,,42.3040,0.2200,-0.3590,0.1578,0.0900,111471.0000
