symbol,date,traded_qty,deliv_qty,deliv_pct
3MINDIA,2008-11-14,438.0,291.0,66.44
ABB,2008-11-14,402605.0,159443.0,39.6
ACC,2008-11-14,602068.0,288725.0,47.96
ADANIENT,2008-11-14,20933.0,10953.0,52.32
AIAENG,2008-11-14,6277.0,3282.0,52.29
AJANTPHARM,2008-11-14,9799.0,8665.0,88.43
AMBUJACEM,2008-11-14,1278774.0,579732.0,45.33
APARINDS,2008-11-14,1346.0,1008.0,74.89
APOLLOHOSP,2008-11-14,4287295.0,4283084.0,99.9
APOLLOTYRE,2008-11-14,2799544.0,1751457.0,62.56
ASHOKLEY,2008-11-14,1627833.0,734361.0,45.11
ASIANPAINT,2008-11-14,18465.0,14881.0,80.59
ASTRAL,2008-11-14,3611.0,3603.0,99.78
AUROPHARMA,2008-11-14,219926.0,114728.0,52.17
AXISBANK,2008-11-14,4659572.0,1881621.0,40.38
BAJAJ-AUTO,2008-11-14,547474.0,530270.0,96.86
BAJAJFINSV,2008-11-14,30008.0,27813.0,92.69
BAJAJHLDNG,2008-11-14,22183.0,13034.0,58.76
BALKRISIND,2008-11-14,37.0,31.0,83.78
BANKBARODA,2008-11-14,1266502.0,613300.0,48.42
BANKINDIA,2008-11-14,2311736.0,946754.0,40.95
BEL,2008-11-14,18586.0,15956.0,85.85
BERGEPAINT,2008-11-14,14549.0,12900.0,88.67
BHARATFORG,2008-11-14,318851.0,205593.0,64.48
BHARTIARTL,2008-11-14,6245685.0,2528740.0,40.49
BHEL,2008-11-14,3077756.0,983537.0,31.96
BIOCON,2008-11-14,83492.0,35100.0,42.04
BLUESTARCO,2008-11-14,6934.0,5513.0,79.51
BOSCHLTD,2008-11-14,634.0,345.0,54.42
BPCL,2008-11-14,482717.0,118308.0,24.51
BRITANNIA,2008-11-14,119.0,62.0,52.1
CANBK,2008-11-14,1078830.0,809690.0,75.05
CIPLA,2008-11-14,1304159.0,684568.0,52.49
COLPAL,2008-11-14,176588.0,159715.0,90.44
CONCOR,2008-11-14,23200.0,19020.0,81.98
CRISIL,2008-11-14,2082.0,1415.0,67.96
CUMMINSIND,2008-11-14,254592.0,231756.0,91.03
DABUR,2008-11-14,187843.0,130990.0,69.73
DIVISLAB,2008-11-14,62979.0,23284.0,36.97
DLF,2008-11-14,8538570.0,1039037.0,12.17
DRREDDY,2008-11-14,418781.0,318804.0,76.13
EICHERMOT,2008-11-14,5608.0,2905.0,51.8
ESCORTS,2008-11-14,69674.0,14999.0,21.53
EXIDEIND,2008-11-14,96567.0,70153.0,72.65
FEDERALBNK,2008-11-14,689280.0,623799.0,90.5
FORTIS,2008-11-14,90328.0,56523.0,62.58
GAIL,2008-11-14,3741642.0,2189202.0,58.51
GLAXO,2008-11-14,10753.0,8758.0,81.45
GLENMARK,2008-11-14,629825.0,410077.0,65.11
GODFRYPHLP,2008-11-14,208.0,153.0,73.56
GODREJCP,2008-11-14,9655.0,7392.0,76.56
GODREJIND,2008-11-14,87286.0,45188.0,51.77
GRASIM,2008-11-14,56938.0,17757.0,31.19
HAVELLS,2008-11-14,6069.0,3134.0,51.64
HCLTECH,2008-11-14,592398.0,148897.0,25.13
HDFCBANK,2008-11-14,1788903.0,792931.0,44.32
HINDALCO,2008-11-14,6379958.0,2369640.0,37.14
HINDPETRO,2008-11-14,871109.0,434733.0,49.91
HINDUNILVR,2008-11-14,4264258.0,2888681.0,67.74
HINDZINC,2008-11-14,192813.0,42025.0,21.8
HONAUT,2008-11-14,695.0,395.0,56.83
ICICIBANK,2008-11-14,13271624.0,3234593.0,24.37
IDEA,2008-11-14,4054493.0,1262646.0,31.14
INDHOTEL,2008-11-14,481942.0,316123.0,65.59
INDIANB,2008-11-14,286783.0,148515.0,51.79
INDUSINDBK,2008-11-14,96980.0,42686.0,44.02
IOC,2008-11-14,231809.0,95802.0,41.33
IPCALAB,2008-11-14,6374.0,3287.0,51.57
ITC,2008-11-14,4633205.0,2257307.0,48.72
JINDALSTEL,2008-11-14,509291.0,149883.0,29.43
JKCEMENT,2008-11-14,204766.0,203207.0,99.24
JSL,2008-11-14,131770.0,98538.0,74.78
JSWSTEEL,2008-11-14,749231.0,146500.0,19.55
KEI,2008-11-14,66956.0,37465.0,55.95
KOTAKBANK,2008-11-14,1950736.0,281492.0,14.43
KPRMILL,2008-11-14,60615.0,60612.0,100.0
LICHSGFIN,2008-11-14,550306.0,257785.0,46.84
LT,2008-11-14,3917615.0,1243405.0,31.74
LUPIN,2008-11-14,218908.0,99280.0,45.35
M&M,2008-11-14,659715.0,293701.0,44.52
M&MFIN,2008-11-14,468.0,332.0,70.94
MAHABANK,2008-11-14,119038.0,69533.0,58.41
MARICO,2008-11-14,126200.0,104835.0,83.07
MARUTI,2008-11-14,1225305.0,560759.0,45.76
MOTILALOFS,2008-11-14,8205.0,5037.0,61.39
MPHASIS,2008-11-14,223008.0,203004.0,91.03
MRF,2008-11-14,1033.0,686.0,66.41
NATIONALUM,2008-11-14,609848.0,87593.0,14.36
NAUKRI,2008-11-14,8889.0,8642.0,97.22
NMDC,2008-11-14,67521.0,15584.0,23.08
NTPC,2008-11-14,8460207.0,3023282.0,35.74
OFSS,2008-11-14,28608.0,12499.0,43.69
ONGC,2008-11-14,2294044.0,701663.0,30.59
PAGEIND,2008-11-14,612.0,57.0,9.31
PETRONET,2008-11-14,384176.0,138402.0,36.03
PFC,2008-11-14,885509.0,595810.0,67.28
PHOENIXLTD,2008-11-14,43535.0,31119.0,71.48
PIDILITIND,2008-11-14,10934.0,5696.0,52.09
PNB,2008-11-14,464344.0,98205.0,21.15
POWERGRID,2008-11-14,2271871.0,667741.0,29.39
RADICO,2008-11-14,156207.0,107282.0,68.68
RECLTD,2008-11-14,117557.0,60148.0,51.16
RELIANCE,2008-11-14,11272905.0,3253359.0,28.86
SAIL,2008-11-14,21778965.0,7294087.0,33.49
SBIN,2008-11-14,3858816.0,1028478.0,26.65
SHREECEM,2008-11-14,1472.0,1052.0,71.47
SIEMENS,2008-11-14,483843.0,139330.0,28.8
SRF,2008-11-14,32276.0,11466.0,35.52
SUNDARMFIN,2008-11-14,1011.0,614.0,60.73
SUNPHARMA,2008-11-14,272131.0,144744.0,53.19
SUPREMEIND,2008-11-14,1278.0,1124.0,87.95
SUZLON,2008-11-14,38969370.0,9657176.0,24.78
TATACOMM,2008-11-14,376375.0,69695.0,18.52
TATAELXSI,2008-11-14,7374.0,4764.0,64.61
TATAINVEST,2008-11-14,5789.0,4895.0,84.56
TATAPOWER,2008-11-14,1205339.0,499575.0,41.45
TATASTEEL,2008-11-14,11718435.0,3418556.0,29.17
TCS,2008-11-14,1654366.0,667486.0,40.35
TECHM,2008-11-14,140460.0,64476.0,45.9
THERMAX,2008-11-14,24471.0,12234.0,49.99
TITAN,2008-11-14,94395.0,38642.0,40.94
TORNTPHARM,2008-11-14,1560.0,751.0,48.14
TORNTPOWER,2008-11-14,111502.0,43773.0,39.26
TRENT,2008-11-14,1397.0,945.0,67.64
TVSMOTOR,2008-11-14,63453.0,35466.0,55.89
UBL,2008-11-14,1144.0,690.0,60.31
ULTRACEMCO,2008-11-14,31212.0,23119.0,74.07
UNIONBANK,2008-11-14,1022960.0,522779.0,51.1
VOLTAS,2008-11-14,994408.0,520807.0,52.37
WIPRO,2008-11-14,2129251.0,528683.0,24.83
YESBANK,2008-11-14,646739.0,217961.0,33.7
3MINDIA,2008-11-17,184.0,91.0,49.46
ABB,2008-11-17,265678.0,85474.0,32.17
ACC,2008-11-17,365278.0,50215.0,13.75
ADANIENT,2008-11-17,27014.0,19269.0,71.33
AIAENG,2008-11-17,8226.0,5209.0,63.32
AJANTPHARM,2008-11-17,12270.0,11301.0,92.1
AMBUJACEM,2008-11-17,1217816.0,324697.0,26.66
APARINDS,2008-11-17,799.0,177.0,22.15
APOLLOHOSP,2008-11-17,94599.0,75573.0,79.89
APOLLOTYRE,2008-11-17,2270772.0,517656.0,22.8
ASHOKLEY,2008-11-17,2113026.0,933413.0,44.17
ASIANPAINT,2008-11-17,18411.0,16943.0,92.03
ASTRAL,2008-11-17,496.0,494.0,99.6
AUROPHARMA,2008-11-17,97788.0,38920.0,39.8
AXISBANK,2008-11-17,4046313.0,1148032.0,28.37
BAJAJ-AUTO,2008-11-17,19552.0,7948.0,40.65
BAJAJFINSV,2008-11-17,20896.0,17632.0,84.38
BAJAJHLDNG,2008-11-17,21148.0,12946.0,61.22
BALKRISIND,2008-11-17,315.0,235.0,74.6
BANKBARODA,2008-11-17,659710.0,142751.0,21.64
BANKINDIA,2008-11-17,1748274.0,430505.0,24.62
BEL,2008-11-17,6702.0,4729.0,70.56
BERGEPAINT,2008-11-17,10958.0,7172.0,65.45
BHARATFORG,2008-11-17,579546.0,455379.0,78.58
BHARTIARTL,2008-11-17,3731718.0,1050951.0,28.16
BHEL,2008-11-17,1981949.0,464806.0,23.45
BIOCON,2008-11-17,61864.0,29945.0,48.4
BLUESTARCO,2008-11-17,35888.0,33769.0,94.1
BOSCHLTD,2008-11-17,2101.0,1577.0,75.06
BPCL,2008-11-17,922916.0,416517.0,45.13
BRITANNIA,2008-11-17,10260.0,10128.0,98.71
CANBK,2008-11-17,505086.0,195330.0,38.67
CIPLA,2008-11-17,1389725.0,589371.0,42.41
COLPAL,2008-11-17,97998.0,86814.0,88.59
CONCOR,2008-11-17,25325.0,21945.0,86.65
CRISIL,2008-11-17,631.0,615.0,97.46
CUMMINSIND,2008-11-17,13916.0,8354.0,60.03
DABUR,2008-11-17,1484586.0,1357073.0,91.41
DIVISLAB,2008-11-17,54536.0,25817.0,47.34
DLF,2008-11-17,8838177.0,1291924.0,14.62
DRREDDY,2008-11-17,289611.0,224295.0,77.45
EICHERMOT,2008-11-17,4737.0,1811.0,38.23
ESCORTS,2008-11-17,72233.0,33132.0,45.87
EXIDEIND,2008-11-17,106104.0,67303.0,63.43
FEDERALBNK,2008-11-17,593830.0,559361.0,94.2
FORTIS,2008-11-17,63297.0,39900.0,63.04
GAIL,2008-11-17,3911912.0,2236347.0,57.17
GLAXO,2008-11-17,19236.0,17284.0,89.85
GLENMARK,2008-11-17,523293.0,344014.0,65.74
GODFRYPHLP,2008-11-17,399.0,289.0,72.43
GODREJCP,2008-11-17,225829.0,183454.0,81.24
GODREJIND,2008-11-17,121429.0,70408.0,57.98
GRASIM,2008-11-17,88764.0,32384.0,36.48
HAVELLS,2008-11-17,10103.0,5661.0,56.03
HCLTECH,2008-11-17,970614.0,474997.0,48.94
HDFCBANK,2008-11-17,3584611.0,1960800.0,54.7
HINDALCO,2008-11-17,6611442.0,2379515.0,35.99
HINDPETRO,2008-11-17,753580.0,327733.0,43.49
HINDUNILVR,2008-11-17,5952608.0,4638378.0,77.92
HINDZINC,2008-11-17,139872.0,53112.0,37.97
HONAUT,2008-11-17,189.0,143.0,75.66
ICICIBANK,2008-11-17,14442323.0,4414190.0,30.56
IDEA,2008-11-17,2107777.0,706586.0,33.52
INDHOTEL,2008-11-17,437523.0,347923.0,79.52
INDIANB,2008-11-17,544444.0,347952.0,63.91
INDUSINDBK,2008-11-17,116930.0,76855.0,65.73
IOC,2008-11-17,145232.0,53227.0,36.65
IPCALAB,2008-11-17,7993.0,4026.0,50.37
ITC,2008-11-17,5967610.0,3511309.0,58.84
JINDALSTEL,2008-11-17,389610.0,101160.0,25.96
JKCEMENT,2008-11-17,6107.0,4288.0,70.21
JSL,2008-11-17,117652.0,87864.0,74.68
JSWSTEEL,2008-11-17,563491.0,96290.0,17.09
KEI,2008-11-17,43937.0,32437.0,73.83
KOTAKBANK,2008-11-17,2469101.0,790142.0,32.0
KPRMILL,2008-11-17,390.0,115.0,29.49
LICHSGFIN,2008-11-17,331054.0,89829.0,27.13
LT,2008-11-17,3707824.0,1596307.0,43.05
LUPIN,2008-11-17,210627.0,129661.0,61.56
M&M,2008-11-17,403562.0,116567.0,28.88
M&MFIN,2008-11-17,325.0,251.0,77.23
MAHABANK,2008-11-17,72937.0,43255.0,59.3
MARICO,2008-11-17,270796.0,244940.0,90.45
MARUTI,2008-11-17,636365.0,265203.0,41.67
MOTILALOFS,2008-11-17,39484.0,19466.0,49.3
MPHASIS,2008-11-17,179541.0,141540.0,78.83
MRF,2008-11-17,2676.0,1836.0,68.61
NATIONALUM,2008-11-17,785785.0,48710.0,6.2
NAUKRI,2008-11-17,576.0,365.0,63.37
NMDC,2008-11-17,53920.0,14560.0,27.0
NTPC,2008-11-17,8371152.0,3522459.0,42.08
OFSS,2008-11-17,12046.0,4826.0,40.06
ONGC,2008-11-17,2060535.0,654409.0,31.76
PAGEIND,2008-11-17,550.0,497.0,90.36
PETRONET,2008-11-17,441674.0,244204.0,55.29
PFC,2008-11-17,498923.0,293146.0,58.76
PHOENIXLTD,2008-11-17,46697.0,36808.0,78.82
PIDILITIND,2008-11-17,8506.0,5014.0,58.95
PNB,2008-11-17,752722.0,138430.0,18.39
POWERGRID,2008-11-17,3015866.0,830980.0,27.55
RADICO,2008-11-17,331077.0,291536.0,88.06
RECLTD,2008-11-17,236898.0,163526.0,69.03
RELIANCE,2008-11-17,7437912.0,1679369.0,22.58
SAIL,2008-11-17,17529988.0,4021424.0,22.94
SBIN,2008-11-17,2367486.0,322538.0,13.62
SHREECEM,2008-11-17,611.0,489.0,80.03
SIEMENS,2008-11-17,615637.0,190687.0,30.97
SRF,2008-11-17,137496.0,41858.0,30.44
SUNDARMFIN,2008-11-17,2562.0,2314.0,90.32
SUNPHARMA,2008-11-17,296529.0,172904.0,58.31
SUPREMEIND,2008-11-17,773.0,685.0,88.62
SUZLON,2008-11-17,31932005.0,4114312.0,12.88
TATACOMM,2008-11-17,195510.0,29824.0,15.25
TATAELXSI,2008-11-17,6638.0,4597.0,69.25
TATAINVEST,2008-11-17,2876.0,1379.0,47.95
TATAPOWER,2008-11-17,1115196.0,498064.0,44.66
TATASTEEL,2008-11-17,13005386.0,3717114.0,28.58
TCS,2008-11-17,2022743.0,1082759.0,53.53
TECHM,2008-11-17,131184.0,63273.0,48.23
THERMAX,2008-11-17,45031.0,35285.0,78.36
TITAN,2008-11-17,47658.0,18886.0,39.63
TORNTPHARM,2008-11-17,2802.0,1597.0,57.0
TORNTPOWER,2008-11-17,51769.0,23983.0,46.33
TRENT,2008-11-17,2665.0,2173.0,81.54
TVSMOTOR,2008-11-17,185062.0,108362.0,58.55
UBL,2008-11-17,1973.0,1642.0,83.22
ULTRACEMCO,2008-11-17,29976.0,23718.0,79.12
UNIONBANK,2008-11-17,1599451.0,721711.0,45.12
VOLTAS,2008-11-17,662540.0,395305.0,59.67
WIPRO,2008-11-17,1642107.0,469006.0,28.56
YESBANK,2008-11-17,501285.0,113818.0,22.71
3MINDIA,2008-11-18,265.0,121.0,45.66
ABB,2008-11-18,556634.0,203621.0,36.58
ACC,2008-11-18,338885.0,97218.0,28.69
ADANIENT,2008-11-18,43296.0,29512.0,68.16
AIAENG,2008-11-18,14360.0,11841.0,82.46
AJANTPHARM,2008-11-18,4630.0,4245.0,91.68
AMBUJACEM,2008-11-18,1340163.0,537098.0,40.08
APARINDS,2008-11-18,1347.0,700.0,51.97
APOLLOHOSP,2008-11-18,43813.0,19733.0,45.04
APOLLOTYRE,2008-11-18,2824570.0,614070.0,21.74
ASHOKLEY,2008-11-18,3022770.0,1115761.0,36.91
ASIANPAINT,2008-11-18,3923.0,2226.0,56.74
ASTRAL,2008-11-18,6546.0,6491.0,99.16
AUROPHARMA,2008-11-18,84365.0,39828.0,47.21
AXISBANK,2008-11-18,4155360.0,1518096.0,36.53
BAJAJ-AUTO,2008-11-18,22889.0,9986.0,43.63
BAJAJFINSV,2008-11-18,7895.0,4924.0,62.37
BAJAJHLDNG,2008-11-18,6607.0,3288.0,49.77
BALKRISIND,2008-11-18,311.0,192.0,61.74
BANKBARODA,2008-11-18,739047.0,146768.0,19.86
BANKINDIA,2008-11-18,2972965.0,1094645.0,36.82
BEL,2008-11-18,6724.0,4441.0,66.05
BERGEPAINT,2008-11-18,11320.0,6129.0,54.14
BHARATFORG,2008-11-18,927457.0,807186.0,87.03
BHARTIARTL,2008-11-18,5019167.0,1589523.0,31.67
BHEL,2008-11-18,1694919.0,451949.0,26.66
BIOCON,2008-11-18,58212.0,18105.0,31.1
BLUESTARCO,2008-11-18,202350.0,201027.0,99.35
BOSCHLTD,2008-11-18,571.0,400.0,70.05
BPCL,2008-11-18,632774.0,198702.0,31.4
BRITANNIA,2008-11-18,462.0,177.0,38.31
CANBK,2008-11-18,444984.0,109491.0,24.61
CIPLA,2008-11-18,1311809.0,568023.0,43.3
COLPAL,2008-11-18,109800.0,103639.0,94.39
CONCOR,2008-11-18,14774.0,11375.0,76.99
CRISIL,2008-11-18,1329.0,1296.0,97.52
CUMMINSIND,2008-11-18,45807.0,18141.0,39.6
DABUR,2008-11-18,1799924.0,1416078.0,78.67
DIVISLAB,2008-11-18,33069.0,16635.0,50.3
DLF,2008-11-18,8110509.0,312545.0,3.85
DRREDDY,2008-11-18,151658.0,78774.0,51.94
EICHERMOT,2008-11-18,5488.0,3584.0,65.31
ESCORTS,2008-11-18,77328.0,21030.0,27.2
EXIDEIND,2008-11-18,155902.0,119316.0,76.53
FEDERALBNK,2008-11-18,55494.0,30666.0,55.26
FORTIS,2008-11-18,62331.0,39661.0,63.63
GAIL,2008-11-18,3441259.0,1796206.0,52.2
GLAXO,2008-11-18,86839.0,81784.0,94.18
GLENMARK,2008-11-18,324993.0,163635.0,50.35
GODFRYPHLP,2008-11-18,387.0,261.0,67.44
GODREJCP,2008-11-18,13035.0,11711.0,89.84
GODREJIND,2008-11-18,112769.0,32981.0,29.25
GRASIM,2008-11-18,85233.0,39808.0,46.7
HAVELLS,2008-11-18,7389.0,2913.0,39.42
HCLTECH,2008-11-18,1381368.0,658243.0,47.65
HDFCBANK,2008-11-18,2512091.0,834642.0,33.22
HINDALCO,2008-11-18,4480481.0,917214.0,20.47
HINDPETRO,2008-11-18,1083683.0,482446.0,44.52
HINDUNILVR,2008-11-18,3050261.0,2082736.0,68.28
HINDZINC,2008-11-18,118120.0,51524.0,43.62
HONAUT,2008-11-18,327.0,203.0,62.08
ICICIBANK,2008-11-18,10634806.0,2334680.0,21.95
IDEA,2008-11-18,2901263.0,1224956.0,42.22
INDHOTEL,2008-11-18,983935.0,873614.0,88.79
INDIANB,2008-11-18,540686.0,219127.0,40.53
INDUSINDBK,2008-11-18,156277.0,97342.0,62.29
IOC,2008-11-18,199995.0,69055.0,34.53
IPCALAB,2008-11-18,103239.0,100275.0,97.13
ITC,2008-11-18,5538764.0,2967919.0,53.58
JINDALSTEL,2008-11-18,682940.0,264840.0,38.78
JKCEMENT,2008-11-18,4449.0,3317.0,74.56
JSL,2008-11-18,185807.0,86098.0,46.34
JSWSTEEL,2008-11-18,574014.0,114122.0,19.88
KEI,2008-11-18,34644.0,22523.0,65.01
KOTAKBANK,2008-11-18,3264822.0,690793.0,21.16
KPRMILL,2008-11-18,937.0,829.0,88.47
LICHSGFIN,2008-11-18,348931.0,150086.0,43.01
LT,2008-11-18,2207449.0,490655.0,22.23
LUPIN,2008-11-18,165643.0,126383.0,76.3
M&M,2008-11-18,506341.0,215289.0,42.52
M&MFIN,2008-11-18,1153.0,849.0,73.63
MAHABANK,2008-11-18,64198.0,42999.0,66.98
MARICO,2008-11-18,65202.0,49543.0,75.98
MARUTI,2008-11-18,714020.0,227693.0,31.89
MOTILALOFS,2008-11-18,19539.0,10421.0,53.33
MPHASIS,2008-11-18,285754.0,112199.0,39.26
MRF,2008-11-18,2599.0,1650.0,63.49
NATIONALUM,2008-11-18,916898.0,294598.0,32.13
NAUKRI,2008-11-18,6372.0,6283.0,98.6
NMDC,2008-11-18,46285.0,14831.0,32.04
NTPC,2008-11-18,10336016.0,3361722.0,32.52
OFSS,2008-11-18,17484.0,7250.0,41.47
ONGC,2008-11-18,2642755.0,1181300.0,44.7
PAGEIND,2008-11-18,447.0,93.0,20.81
PETRONET,2008-11-18,610492.0,376233.0,61.63
PFC,2008-11-18,312658.0,184001.0,58.85
PHOENIXLTD,2008-11-18,41099.0,36626.0,89.12
PIDILITIND,2008-11-18,39731.0,37718.0,94.93
PNB,2008-11-18,742274.0,177522.0,23.92
POWERGRID,2008-11-18,3595753.0,1156934.0,32.18
RADICO,2008-11-18,111425.0,107460.0,96.44
RECLTD,2008-11-18,185240.0,102360.0,55.26
RELIANCE,2008-11-18,7351488.0,1731659.0,23.56
SAIL,2008-11-18,26207709.0,5342718.0,20.39
SBIN,2008-11-18,3678086.0,955997.0,25.99
SHREECEM,2008-11-18,6681.0,2921.0,43.72
SIEMENS,2008-11-18,534009.0,147358.0,27.59
SRF,2008-11-18,67093.0,29568.0,44.07
SUNDARMFIN,2008-11-18,1010.0,960.0,95.05
SUNPHARMA,2008-11-18,312079.0,191495.0,61.36
SUPREMEIND,2008-11-18,906.0,673.0,74.28
SUZLON,2008-11-18,22470297.0,3777460.0,16.81
TATACOMM,2008-11-18,119391.0,15226.0,12.75
TATAELXSI,2008-11-18,1839.0,1329.0,72.27
TATAINVEST,2008-11-18,1208.0,976.0,80.79
TATAPOWER,2008-11-18,777931.0,215683.0,27.73
TATASTEEL,2008-11-18,9029127.0,805141.0,8.92
TCS,2008-11-18,2438788.0,1195325.0,49.01
TECHM,2008-11-18,46732.0,22717.0,48.61
THERMAX,2008-11-18,17972.0,11979.0,66.65
TITAN,2008-11-18,95623.0,55782.0,58.34
TORNTPHARM,2008-11-18,10493.0,2538.0,24.19
TORNTPOWER,2008-11-18,50943.0,19771.0,38.81
TRENT,2008-11-18,7028.0,6468.0,92.03
TVSMOTOR,2008-11-18,675457.0,606336.0,89.77
UBL,2008-11-18,1034.0,886.0,85.69
ULTRACEMCO,2008-11-18,40821.0,38327.0,93.89
UNIONBANK,2008-11-18,1114204.0,420010.0,37.7
VOLTAS,2008-11-18,563063.0,362591.0,64.4
WIPRO,2008-11-18,1920629.0,463295.0,24.12
YESBANK,2008-11-18,563103.0,110299.0,19.59
3MINDIA,2008-11-19,86.0,21.0,24.42
ABB,2008-11-19,410267.0,184902.0,45.07
ACC,2008-11-19,426950.0,88134.0,20.64
ADANIENT,2008-11-19,17921.0,10669.0,59.53
AIAENG,2008-11-19,8484.0,6483.0,76.41
AJANTPHARM,2008-11-19,10143.0,6313.0,62.24
AMBUJACEM,2008-11-19,1217686.0,356565.0,29.28
APARINDS,2008-11-19,39757.0,39011.0,98.12
APOLLOHOSP,2008-11-19,97081.0,92914.0,95.71
APOLLOTYRE,2008-11-19,369084.0,129154.0,34.99
ASHOKLEY,2008-11-19,1404718.0,653230.0,46.5
ASIANPAINT,2008-11-19,131192.0,130208.0,99.25
ASTRAL,2008-11-19,3820.0,3820.0,100.0
AUROPHARMA,2008-11-19,51532.0,18093.0,35.11
AXISBANK,2008-11-19,4652182.0,1785843.0,38.39
BAJAJ-AUTO,2008-11-19,30174.0,12774.0,42.33
BAJAJFINSV,2008-11-19,110056.0,99493.0,90.4
BAJAJHLDNG,2008-11-19,12505.0,4948.0,39.57
BALKRISIND,2008-11-19,130.0,103.0,79.23
BANKBARODA,2008-11-19,974017.0,329412.0,33.82
BANKINDIA,2008-11-19,1565169.0,287930.0,18.4
BEL,2008-11-19,14066.0,10536.0,74.9
BERGEPAINT,2008-11-19,10386.0,6474.0,62.33
BHARATFORG,2008-11-19,522395.0,434737.0,83.22
BHARTIARTL,2008-11-19,7101058.0,3202755.0,45.1
BHEL,2008-11-19,2028457.0,422364.0,20.82
BIOCON,2008-11-19,153112.0,84956.0,55.49
BLUESTARCO,2008-11-19,62117.0,59428.0,95.67
BOSCHLTD,2008-11-19,845.0,639.0,75.62
BPCL,2008-11-19,430075.0,205658.0,47.82
BRITANNIA,2008-11-19,1836.0,1432.0,78.0
CANBK,2008-11-19,393096.0,61730.0,15.7
CIPLA,2008-11-19,890901.0,420129.0,47.16
COLPAL,2008-11-19,105709.0,93918.0,88.85
CONCOR,2008-11-19,28886.0,27471.0,95.1
CRISIL,2008-11-19,1826.0,1715.0,93.92
CUMMINSIND,2008-11-19,15319.0,7243.0,47.28
DABUR,2008-11-19,639226.0,581086.0,90.9
DIVISLAB,2008-11-19,147362.0,125232.0,84.98
DLF,2008-11-19,8657111.0,760950.0,8.79
DRREDDY,2008-11-19,577016.0,420328.0,72.85
EICHERMOT,2008-11-19,5400.0,3461.0,64.09
ESCORTS,2008-11-19,54485.0,24924.0,45.74
EXIDEIND,2008-11-19,48914.0,29380.0,60.06
FEDERALBNK,2008-11-19,149106.0,117577.0,78.85
FORTIS,2008-11-19,56653.0,34740.0,61.32
GAIL,2008-11-19,2934291.0,1049019.0,35.75
GLAXO,2008-11-19,23777.0,22040.0,92.69
GLENMARK,2008-11-19,467515.0,231962.0,49.62
GODFRYPHLP,2008-11-19,179.0,119.0,66.48
GODREJCP,2008-11-19,4508.0,3028.0,67.17
GODREJIND,2008-11-19,74440.0,38930.0,52.3
GRASIM,2008-11-19,80511.0,15507.0,19.26
HAVELLS,2008-11-19,12421.0,5139.0,41.37
HCLTECH,2008-11-19,750843.0,208928.0,27.83
HDFCBANK,2008-11-19,2438869.0,1019209.0,41.79
HINDALCO,2008-11-19,4568701.0,1045403.0,22.88
HINDPETRO,2008-11-19,520834.0,318679.0,61.19
HINDUNILVR,2008-11-19,4216229.0,2796241.0,66.32
HINDZINC,2008-11-19,153316.0,60636.0,39.55
HONAUT,2008-11-19,206.0,200.0,97.09
ICICIBANK,2008-11-19,11769881.0,1970622.0,16.74
IDEA,2008-11-19,2501620.0,660568.0,26.41
INDHOTEL,2008-11-19,905409.0,846003.0,93.44
INDIANB,2008-11-19,245057.0,119092.0,48.6
INDUSINDBK,2008-11-19,99761.0,50746.0,50.87
IOC,2008-11-19,115933.0,52586.0,45.36
IPCALAB,2008-11-19,3060.0,1410.0,46.08
ITC,2008-11-19,6841194.0,3895348.0,56.94
JINDALSTEL,2008-11-19,527770.0,144190.0,27.32
JKCEMENT,2008-11-19,7640.0,4655.0,60.93
JSL,2008-11-19,132360.0,71811.0,54.25
JSWSTEEL,2008-11-19,639545.0,133408.0,20.86
KEI,2008-11-19,48436.0,33622.0,69.42
KOTAKBANK,2008-11-19,2466808.0,332678.0,13.49
KPRMILL,2008-11-19,1140.0,625.0,54.82
LICHSGFIN,2008-11-19,876299.0,511756.0,58.4
LT,2008-11-19,3038336.0,813405.0,26.77
LUPIN,2008-11-19,104662.0,52901.0,50.54
M&M,2008-11-19,279478.0,77266.0,27.65
M&MFIN,2008-11-19,1536.0,1531.0,99.67
MAHABANK,2008-11-19,73869.0,43847.0,59.36
MARICO,2008-11-19,840229.0,823502.0,98.01
MARUTI,2008-11-19,707693.0,144453.0,20.41
MOTILALOFS,2008-11-19,16248.0,7705.0,47.42
MPHASIS,2008-11-19,1580610.0,1497826.0,94.76
MRF,2008-11-19,1315.0,758.0,57.64
NATIONALUM,2008-11-19,901502.0,199145.0,22.09
NAUKRI,2008-11-19,1322.0,1257.0,95.08
NMDC,2008-11-19,51237.0,10928.0,21.33
NTPC,2008-11-19,7925495.0,2188489.0,27.61
OFSS,2008-11-19,15981.0,5220.0,32.66
ONGC,2008-11-19,2305086.0,979706.0,42.5
PAGEIND,2008-11-19,16.0,16.0,100.0
PETRONET,2008-11-19,922647.0,573511.0,62.16
PFC,2008-11-19,926099.0,701646.0,75.76
PHOENIXLTD,2008-11-19,38443.0,32061.0,83.4
PIDILITIND,2008-11-19,5037.0,2629.0,52.19
PNB,2008-11-19,1643405.0,769215.0,46.81
POWERGRID,2008-11-19,3153786.0,1055516.0,33.47
RADICO,2008-11-19,25154.0,13985.0,55.6
RECLTD,2008-11-19,184827.0,96421.0,52.17
RELIANCE,2008-11-19,10156564.0,3191708.0,31.43
SAIL,2008-11-19,19132332.0,2882114.0,15.06
SBIN,2008-11-19,2926511.0,493891.0,16.88
SHREECEM,2008-11-19,934.0,588.0,62.96
SIEMENS,2008-11-19,419341.0,124277.0,29.64
SRF,2008-11-19,75803.0,28001.0,36.94
SUNDARMFIN,2008-11-19,3885.0,3839.0,98.82
SUNPHARMA,2008-11-19,401856.0,199101.0,49.55
SUPREMEIND,2008-11-19,8089.0,6650.0,82.21
SUZLON,2008-11-19,39584638.0,6355232.0,16.05
TATACOMM,2008-11-19,262693.0,37323.0,14.21
TATAELXSI,2008-11-19,4170.0,2523.0,60.5
TATAINVEST,2008-11-19,2216.0,1782.0,80.42
TATAPOWER,2008-11-19,503007.0,98203.0,19.52
TATASTEEL,2008-11-19,9083038.0,1140299.0,12.55
TCS,2008-11-19,2043772.0,1003418.0,49.1
TECHM,2008-11-19,119889.0,56492.0,47.12
THERMAX,2008-11-19,30431.0,17310.0,56.88
TITAN,2008-11-19,134023.0,69964.0,52.2
TORNTPHARM,2008-11-19,8239.0,4776.0,57.97
TORNTPOWER,2008-11-19,53194.0,23103.0,43.43
TRENT,2008-11-19,11481.0,6525.0,56.83
TVSMOTOR,2008-11-19,155449.0,75762.0,48.74
UBL,2008-11-19,607.0,295.0,48.6
ULTRACEMCO,2008-11-19,43095.0,29267.0,67.91
UNIONBANK,2008-11-19,1480793.0,629168.0,42.49
VOLTAS,2008-11-19,609894.0,294664.0,48.31
WIPRO,2008-11-19,1463403.0,240301.0,16.42
YESBANK,2008-11-19,350371.0,69450.0,19.82
3MINDIA,2008-11-20,15648.0,15621.0,99.83
ABB,2008-11-20,732986.0,465905.0,63.56
ACC,2008-11-20,366490.0,59116.0,16.13
ADANIENT,2008-11-20,40138.0,23795.0,59.28
AIAENG,2008-11-20,11161.0,6309.0,56.53
AJANTPHARM,2008-11-20,11237.0,7747.0,68.94
AMBUJACEM,2008-11-20,823590.0,267675.0,32.5
APARINDS,2008-11-20,2835.0,2163.0,76.3
APOLLOHOSP,2008-11-20,25476.0,11868.0,46.59
APOLLOTYRE,2008-11-20,250039.0,126862.0,50.74
ASHOKLEY,2008-11-20,1084512.0,451625.0,41.64
ASIANPAINT,2008-11-20,30367.0,28123.0,92.61
ASTRAL,2008-11-20,105.0,100.0,95.24
AUROPHARMA,2008-11-20,79108.0,32913.0,41.61
AXISBANK,2008-11-20,3131567.0,856006.0,27.33
BAJAJ-AUTO,2008-11-20,409423.0,378149.0,92.36
BAJAJFINSV,2008-11-20,47943.0,45713.0,95.35
BAJAJHLDNG,2008-11-20,10846.0,3913.0,36.08
BALKRISIND,2008-11-20,703.0,665.0,94.59
BANKBARODA,2008-11-20,1679203.0,714612.0,42.56
BANKINDIA,2008-11-20,2620110.0,637602.0,24.33
BEL,2008-11-20,9887.0,6858.0,69.36
BERGEPAINT,2008-11-20,12813.0,6346.0,49.53
BHARATFORG,2008-11-20,558005.0,338257.0,60.62
BHARTIARTL,2008-11-20,4978440.0,1853370.0,37.23
BHEL,2008-11-20,1822084.0,660902.0,36.27
BIOCON,2008-11-20,72450.0,27387.0,37.8
BLUESTARCO,2008-11-20,17030.0,13635.0,80.06
BOSCHLTD,2008-11-20,1641.0,1003.0,61.12
BPCL,2008-11-20,386226.0,161143.0,41.72
BRITANNIA,2008-11-20,386.0,201.0,52.07
CANBK,2008-11-20,741678.0,394518.0,53.19
CIPLA,2008-11-20,1352475.0,855553.0,63.26
COLPAL,2008-11-20,78972.0,61359.0,77.7
CONCOR,2008-11-20,39727.0,33292.0,83.8
CRISIL,2008-11-20,1983.0,1799.0,90.72
CUMMINSIND,2008-11-20,21550.0,5437.0,25.23
DABUR,2008-11-20,595489.0,502812.0,84.44
DIVISLAB,2008-11-20,85177.0,42944.0,50.42
DLF,2008-11-20,7576668.0,652294.0,8.61
DRREDDY,2008-11-20,235473.0,125276.0,53.2
EICHERMOT,2008-11-20,14163.0,8352.0,58.97
ESCORTS,2008-11-20,70092.0,25622.0,36.55
EXIDEIND,2008-11-20,75048.0,40183.0,53.54
FEDERALBNK,2008-11-20,839410.0,799305.0,95.22
FORTIS,2008-11-20,173777.0,129611.0,74.58
GAIL,2008-11-20,3505721.0,1847789.0,52.71
GLAXO,2008-11-20,47041.0,40567.0,86.24
GLENMARK,2008-11-20,282106.0,111486.0,39.52
GODFRYPHLP,2008-11-20,84.0,59.0,70.24
GODREJCP,2008-11-20,7581.0,6115.0,80.66
GODREJIND,2008-11-20,138431.0,103628.0,74.86
GRASIM,2008-11-20,94948.0,44198.0,46.55
HAVELLS,2008-11-20,7819.0,4972.0,63.59
HCLTECH,2008-11-20,539080.0,168256.0,31.21
HDFCBANK,2008-11-20,3242464.0,1402485.0,43.25
HINDALCO,2008-11-20,7567121.0,2335210.0,30.86
HINDPETRO,2008-11-20,587750.0,198006.0,33.69
HINDUNILVR,2008-11-20,3688184.0,2100396.0,56.95
HINDZINC,2008-11-20,48646.0,15108.0,31.06
HONAUT,2008-11-20,109.0,95.0,87.16
ICICIBANK,2008-11-20,12389261.0,3437821.0,27.75
IDEA,2008-11-20,3550284.0,1495076.0,42.11
INDHOTEL,2008-11-20,680641.0,338652.0,49.75
INDIANB,2008-11-20,404544.0,228599.0,56.51
INDUSINDBK,2008-11-20,202627.0,104409.0,51.53
IOC,2008-11-20,78832.0,22655.0,28.74
IPCALAB,2008-11-20,5705.0,3169.0,55.55
ITC,2008-11-20,3826003.0,2020112.0,52.8
JINDALSTEL,2008-11-20,751292.0,279562.0,37.21
JKCEMENT,2008-11-20,48827.0,42494.0,87.03
JSL,2008-11-20,211475.0,114491.0,54.14
JSWSTEEL,2008-11-20,569310.0,269197.0,47.28
KEI,2008-11-20,43800.0,32175.0,73.46
KOTAKBANK,2008-11-20,1707549.0,201703.0,11.81
KPRMILL,2008-11-20,829.0,703.0,84.8
LICHSGFIN,2008-11-20,661463.0,302262.0,45.7
LT,2008-11-20,2830903.0,1281476.0,45.27
LUPIN,2008-11-20,49218.0,31924.0,64.86
M&M,2008-11-20,415585.0,217195.0,52.26
M&MFIN,2008-11-20,649.0,541.0,83.36
MAHABANK,2008-11-20,304364.0,245566.0,80.68
MARICO,2008-11-20,31604.0,19446.0,61.53
MARUTI,2008-11-20,1049946.0,303691.0,28.92
MOTILALOFS,2008-11-20,9298.0,5008.0,53.86
MPHASIS,2008-11-20,61049.0,41488.0,67.96
MRF,2008-11-20,1670.0,985.0,58.98
NATIONALUM,2008-11-20,1028877.0,184464.0,17.93
NAUKRI,2008-11-20,15962.0,15091.0,94.54
NMDC,2008-11-20,56894.0,15087.0,26.52
NTPC,2008-11-20,7750449.0,2382244.0,30.74
OFSS,2008-11-20,16694.0,6814.0,40.82
ONGC,2008-11-20,1825347.0,590763.0,32.36
PAGEIND,2008-11-20,77.0,64.0,83.12
PETRONET,2008-11-20,536985.0,236883.0,44.11
PFC,2008-11-20,835857.0,629025.0,75.26
PHOENIXLTD,2008-11-20,41301.0,36440.0,88.23
PIDILITIND,2008-11-20,7539.0,5271.0,69.92
PNB,2008-11-20,840929.0,268630.0,31.94
POWERGRID,2008-11-20,2857723.0,1064538.0,37.25
RADICO,2008-11-20,475480.0,438909.0,92.31
RECLTD,2008-11-20,193182.0,121467.0,62.88
RELIANCE,2008-11-20,7752644.0,2109401.0,27.21
SAIL,2008-11-20,10482309.0,1170270.0,11.16
SBIN,2008-11-20,2811440.0,384219.0,13.67
SHREECEM,2008-11-20,3300.0,2006.0,60.79
SIEMENS,2008-11-20,450396.0,127063.0,28.21
SRF,2008-11-20,90713.0,45915.0,50.62
SUNDARMFIN,2008-11-20,2770.0,2139.0,77.22
SUNPHARMA,2008-11-20,317056.0,168921.0,53.28
SUPREMEIND,2008-11-20,2662.0,2025.0,76.07
SUZLON,2008-11-20,22989561.0,5137394.0,22.35
TATACOMM,2008-11-20,322674.0,64245.0,19.91
TATAELXSI,2008-11-20,5753.0,4132.0,71.82
TATAINVEST,2008-11-20,6411.0,5714.0,89.13
TATAPOWER,2008-11-20,903335.0,336441.0,37.24
TATASTEEL,2008-11-20,7298073.0,2047322.0,28.05
TCS,2008-11-20,1254112.0,590858.0,47.11
TECHM,2008-11-20,195581.0,141248.0,72.22
THERMAX,2008-11-20,30025.0,20312.0,67.65
TITAN,2008-11-20,80299.0,34335.0,42.76
TORNTPHARM,2008-11-20,6007.0,3372.0,56.13
TORNTPOWER,2008-11-20,71088.0,21899.0,30.81
TRENT,2008-11-20,1822.0,1250.0,68.61
TVSMOTOR,2008-11-20,170345.0,127459.0,74.82
UBL,2008-11-20,1546.0,1291.0,83.51
ULTRACEMCO,2008-11-20,106167.0,81041.0,76.33
UNIONBANK,2008-11-20,1514989.0,522857.0,34.51
VOLTAS,2008-11-20,2470586.0,1386166.0,56.11
WIPRO,2008-11-20,1412487.0,404861.0,28.66
YESBANK,2008-11-20,782957.0,297847.0,38.04
3MINDIA,2008-11-21,70.0,70.0,100.0
ABB,2008-11-21,362154.0,174841.0,48.28
ACC,2008-11-21,501518.0,192375.0,38.36
ADANIENT,2008-11-21,37866.0,21344.0,56.37
AIAENG,2008-11-21,9925.0,7272.0,73.27
AJANTPHARM,2008-11-21,5526.0,4793.0,86.74
AMBUJACEM,2008-11-21,1445466.0,668400.0,46.24
APARINDS,2008-11-21,803.0,306.0,38.11
APOLLOHOSP,2008-11-21,14369.0,9185.0,63.92
APOLLOTYRE,2008-11-21,499571.0,331449.0,66.35
ASHOKLEY,2008-11-21,2313791.0,1437840.0,62.14
ASIANPAINT,2008-11-21,3817.0,2668.0,69.9
ASTRAL,2008-11-21,102.0,97.0,95.1
AUROPHARMA,2008-11-21,92159.0,57220.0,62.09
AXISBANK,2008-11-21,5421573.0,1442624.0,26.61
BAJAJ-AUTO,2008-11-21,31399.0,16336.0,52.03
BAJAJFINSV,2008-11-21,49746.0,35587.0,71.54
BAJAJHLDNG,2008-11-21,14061.0,7172.0,51.01
BALKRISIND,2008-11-21,562.0,510.0,90.75
BANKBARODA,2008-11-21,590234.0,71270.0,12.07
BANKINDIA,2008-11-21,1685677.0,309740.0,18.37
BEL,2008-11-21,12163.0,8387.0,68.96
BERGEPAINT,2008-11-21,23114.0,16364.0,70.8
BHARATFORG,2008-11-21,382316.0,216970.0,56.75
BHARTIARTL,2008-11-21,5122503.0,2223281.0,43.4
BHEL,2008-11-21,2735644.0,916961.0,33.52
BIOCON,2008-11-21,66895.0,23004.0,34.39
BLUESTARCO,2008-11-21,7049.0,5081.0,72.08
BOSCHLTD,2008-11-21,2497.0,2168.0,86.82
BPCL,2008-11-21,451513.0,142717.0,31.61
BRITANNIA,2008-11-21,662.0,211.0,31.87
CANBK,2008-11-21,690281.0,229298.0,33.22
CIPLA,2008-11-21,1096222.0,529779.0,48.33
COLPAL,2008-11-21,59815.0,49479.0,82.72
CONCOR,2008-11-21,7974.0,5770.0,72.36
CRISIL,2008-11-21,1865.0,1672.0,89.65
CUMMINSIND,2008-11-21,933298.0,929084.0,99.55
DABUR,2008-11-21,91272.0,60513.0,66.3
DIVISLAB,2008-11-21,243922.0,202969.0,83.21
DLF,2008-11-21,17666655.0,3483875.0,19.72
DRREDDY,2008-11-21,240424.0,129853.0,54.01
EICHERMOT,2008-11-21,17871.0,6241.0,34.92
ESCORTS,2008-11-21,56685.0,25774.0,45.47
EXIDEIND,2008-11-21,133478.0,77202.0,57.84
FEDERALBNK,2008-11-21,214712.0,172917.0,80.53
FORTIS,2008-11-21,238329.0,170120.0,71.38
GAIL,2008-11-21,2113585.0,1056442.0,49.98
GLAXO,2008-11-21,42665.0,32547.0,76.29
GLENMARK,2008-11-21,297042.0,131459.0,44.26
GODFRYPHLP,2008-11-21,242.0,163.0,67.36
GODREJCP,2008-11-21,7877.0,6365.0,80.8
GODREJIND,2008-11-21,262946.0,210063.0,79.89
GRASIM,2008-11-21,140482.0,73650.0,52.43
HAVELLS,2008-11-21,5727.0,3496.0,61.04
HCLTECH,2008-11-21,603185.0,141208.0,23.41
HDFCBANK,2008-11-21,3100795.0,1443834.0,46.56
HINDALCO,2008-11-21,8951514.0,3882328.0,43.37
HINDPETRO,2008-11-21,981907.0,493723.0,50.28
HINDUNILVR,2008-11-21,4136062.0,2780949.0,67.24
HINDZINC,2008-11-21,29752.0,10403.0,34.97
HONAUT,2008-11-21,162.0,126.0,77.78
ICICIBANK,2008-11-21,18205400.0,4699721.0,25.81
IDEA,2008-11-21,4868406.0,2315053.0,47.55
INDHOTEL,2008-11-21,578346.0,456751.0,78.98
INDIANB,2008-11-21,126170.0,46667.0,36.99
INDUSINDBK,2008-11-21,163941.0,87389.0,53.31
IOC,2008-11-21,197496.0,119169.0,60.34
IPCALAB,2008-11-21,79236.0,77206.0,97.44
ITC,2008-11-21,4691834.0,2848810.0,60.72
JINDALSTEL,2008-11-21,755596.0,365286.0,48.34
JKCEMENT,2008-11-21,23469.0,21563.0,91.88
JSL,2008-11-21,135422.0,87877.0,64.89
JSWSTEEL,2008-11-21,1265391.0,570228.0,45.06
KEI,2008-11-21,53642.0,36154.0,67.4
KOTAKBANK,2008-11-21,2112006.0,295701.0,14.0
KPRMILL,2008-11-21,170.0,139.0,81.76
LICHSGFIN,2008-11-21,449753.0,131869.0,29.32
LT,2008-11-21,3465444.0,1198280.0,34.58
LUPIN,2008-11-21,51192.0,34017.0,66.45
M&M,2008-11-21,429019.0,159396.0,37.15
M&MFIN,2008-11-21,3003.0,2943.0,98.0
MAHABANK,2008-11-21,273317.0,211785.0,77.49
MARICO,2008-11-21,33520.0,22198.0,66.22
MARUTI,2008-11-21,763903.0,235711.0,30.86
MOTILALOFS,2008-11-21,11382.0,5492.0,48.25
MPHASIS,2008-11-21,165144.0,136794.0,82.83
MRF,2008-11-21,1002.0,518.0,51.7
NATIONALUM,2008-11-21,971899.0,101463.0,10.44
NAUKRI,2008-11-21,2477.0,412.0,16.63
NMDC,2008-11-21,45271.0,19610.0,43.32
NTPC,2008-11-21,12633190.0,5338806.0,42.26
OFSS,2008-11-21,26466.0,13303.0,50.26
ONGC,2008-11-21,3024964.0,1455457.0,48.11
PAGEIND,2008-11-21,109.0,100.0,91.74
PETRONET,2008-11-21,606018.0,292660.0,48.29
PFC,2008-11-21,231281.0,107632.0,46.54
PHOENIXLTD,2008-11-21,15748.0,13125.0,83.34
PIDILITIND,2008-11-21,20868.0,18953.0,90.82
PNB,2008-11-21,733918.0,173452.0,23.63
POWERGRID,2008-11-21,4696928.0,1905413.0,40.57
RADICO,2008-11-21,250218.0,222928.0,89.09
RECLTD,2008-11-21,261513.0,101385.0,38.77
RELIANCE,2008-11-21,8694181.0,2459379.0,28.29
SAIL,2008-11-21,12935304.0,2188944.0,16.92
SBIN,2008-11-21,3665018.0,583039.0,15.91
SHREECEM,2008-11-21,6876.0,5432.0,79.0
SIEMENS,2008-11-21,1025284.0,588239.0,57.37
SRF,2008-11-21,42321.0,17160.0,40.55
SUNDARMFIN,2008-11-21,3874.0,3084.0,79.61
SUNPHARMA,2008-11-21,500200.0,289291.0,57.84
SUPREMEIND,2008-11-21,3784.0,2485.0,65.67
SUZLON,2008-11-21,35436275.0,8438129.0,23.81
TATACOMM,2008-11-21,780222.0,248662.0,31.87
TATAELXSI,2008-11-21,3376.0,2367.0,70.11
TATAINVEST,2008-11-21,2589.0,2420.0,93.47
TATAPOWER,2008-11-21,1050841.0,334351.0,31.82
TATASTEEL,2008-11-21,9120756.0,2691995.0,29.52
TCS,2008-11-21,1711423.0,420898.0,24.59
TECHM,2008-11-21,109910.0,38783.0,35.29
THERMAX,2008-11-21,34153.0,24856.0,72.78
TITAN,2008-11-21,93554.0,43941.0,46.97
TORNTPHARM,2008-11-21,2814.0,1613.0,57.32
TORNTPOWER,2008-11-21,90869.0,27843.0,30.64
TRENT,2008-11-21,1398.0,1155.0,82.62
TVSMOTOR,2008-11-21,68518.0,39429.0,57.55
UBL,2008-11-21,4544.0,4415.0,97.16
ULTRACEMCO,2008-11-21,71473.0,42531.0,59.51
UNIONBANK,2008-11-21,1135836.0,355488.0,31.3
VOLTAS,2008-11-21,559877.0,161138.0,28.78
WIPRO,2008-11-21,1934133.0,704934.0,36.45
YESBANK,2008-11-21,788476.0,235766.0,29.9
3MINDIA,2008-11-24,44.0,27.0,61.36
ABB,2008-11-24,221934.0,53723.0,24.21
ACC,2008-11-24,246434.0,32342.0,13.12
ADANIENT,2008-11-24,9418.0,3757.0,39.89
AIAENG,2008-11-24,15006.0,13924.0,92.79
AJANTPHARM,2008-11-24,982.0,459.0,46.74
AMBUJACEM,2008-11-24,1663475.0,523689.0,31.48
APARINDS,2008-11-24,5191.0,3469.0,66.83
APOLLOHOSP,2008-11-24,12485.0,5091.0,40.78
APOLLOTYRE,2008-11-24,231433.0,125760.0,54.34
ASHOKLEY,2008-11-24,1140933.0,739575.0,64.82
ASIANPAINT,2008-11-24,45024.0,43370.0,96.33
ASTRAL,2008-11-24,100.0,100.0,100.0
AUROPHARMA,2008-11-24,54701.0,32726.0,59.83
AXISBANK,2008-11-24,3597837.0,934046.0,25.96
BAJAJ-AUTO,2008-11-24,31560.0,19450.0,61.63
BAJAJFINSV,2008-11-24,97789.0,94815.0,96.96
BAJAJHLDNG,2008-11-24,6413.0,2157.0,33.63
BALKRISIND,2008-11-24,482.0,336.0,69.71
BANKBARODA,2008-11-24,711842.0,158722.0,22.3
BANKINDIA,2008-11-24,2961880.0,863934.0,29.17
BEL,2008-11-24,11897.0,8118.0,68.24
BERGEPAINT,2008-11-24,85726.0,76729.0,89.5
BHARATFORG,2008-11-24,99450.0,20269.0,20.38
BHARTIARTL,2008-11-24,4619548.0,1596469.0,34.56
BHEL,2008-11-24,1718658.0,197665.0,11.5
BIOCON,2008-11-24,47019.0,18630.0,39.62
BLUESTARCO,2008-11-24,6090.0,3106.0,51.0
BOSCHLTD,2008-11-24,610.0,556.0,91.15
BPCL,2008-11-24,660292.0,274928.0,41.64
BRITANNIA,2008-11-24,463.0,411.0,88.77
CANBK,2008-11-24,700895.0,318534.0,45.45
CIPLA,2008-11-24,1179774.0,593777.0,50.33
COLPAL,2008-11-24,17006.0,12922.0,75.98
CONCOR,2008-11-24,32026.0,29119.0,90.92
CRISIL,2008-11-24,360.0,339.0,94.17
CUMMINSIND,2008-11-24,14360.0,7980.0,55.57
DABUR,2008-11-24,1691160.0,1391450.0,82.28
DIVISLAB,2008-11-24,30771.0,11871.0,38.58
DLF,2008-11-24,8914622.0,691761.0,7.76
DRREDDY,2008-11-24,249198.0,191505.0,76.85
EICHERMOT,2008-11-24,6758.0,4525.0,66.96
ESCORTS,2008-11-24,119550.0,44540.0,37.26
EXIDEIND,2008-11-24,70428.0,31810.0,45.17
FEDERALBNK,2008-11-24,41693.0,16491.0,39.55
FORTIS,2008-11-24,101381.0,56130.0,55.37
GAIL,2008-11-24,1586299.0,560701.0,35.35
GLAXO,2008-11-24,57131.0,47087.0,82.42
GLENMARK,2008-11-24,307398.0,190674.0,62.03
GODFRYPHLP,2008-11-24,687.0,529.0,77.0
GODREJCP,2008-11-24,156590.0,150984.0,96.42
GODREJIND,2008-11-24,112507.0,75173.0,66.82
GRASIM,2008-11-24,88391.0,24512.0,27.73
HAVELLS,2008-11-24,4384.0,2344.0,53.47
HCLTECH,2008-11-24,633731.0,99550.0,15.71
HDFCBANK,2008-11-24,1803667.0,521850.0,28.93
HINDALCO,2008-11-24,4227077.0,1301628.0,30.79
HINDPETRO,2008-11-24,831852.0,378115.0,45.45
HINDUNILVR,2008-11-24,8311058.0,6867257.0,82.63
HINDZINC,2008-11-24,49735.0,25621.0,51.52
HONAUT,2008-11-24,1367.0,351.0,25.68
ICICIBANK,2008-11-24,11080726.0,2106686.0,19.01
IDEA,2008-11-24,3618310.0,1341409.0,37.07
INDHOTEL,2008-11-24,526257.0,393427.0,74.76
INDIANB,2008-11-24,154093.0,94295.0,61.19
INDUSINDBK,2008-11-24,111982.0,72005.0,64.3
IOC,2008-11-24,390788.0,241383.0,61.77
IPCALAB,2008-11-24,2109.0,965.0,45.76
ITC,2008-11-24,4154556.0,2269507.0,54.63
JINDALSTEL,2008-11-24,746308.0,324669.0,43.5
JKCEMENT,2008-11-24,148447.0,147271.0,99.21
JSL,2008-11-24,121132.0,54700.0,45.16
JSWSTEEL,2008-11-24,1360453.0,474064.0,34.85
KEI,2008-11-24,133431.0,93444.0,70.03
KOTAKBANK,2008-11-24,2351691.0,440475.0,18.73
KPRMILL,2008-11-24,310.0,306.0,98.71
LICHSGFIN,2008-11-24,358863.0,77366.0,21.56
LT,2008-11-24,3363433.0,793046.0,23.58
LUPIN,2008-11-24,165234.0,150642.0,91.17
M&M,2008-11-24,286681.0,95693.0,33.38
M&MFIN,2008-11-24,6552.0,4728.0,72.16
MAHABANK,2008-11-24,114799.0,77226.0,67.27
MARICO,2008-11-24,86378.0,77808.0,90.08
MARUTI,2008-11-24,468773.0,92533.0,19.74
MOTILALOFS,2008-11-24,14105.0,6920.0,49.06
MPHASIS,2008-11-24,35417.0,25363.0,71.61
MRF,2008-11-24,773.0,386.0,49.94
NATIONALUM,2008-11-24,785679.0,92348.0,11.75
NAUKRI,2008-11-24,9467.0,8090.0,85.45
NMDC,2008-11-24,24690.0,8969.0,36.33
NTPC,2008-11-24,8931626.0,1853707.0,20.75
OFSS,2008-11-24,15098.0,7133.0,47.24
ONGC,2008-11-24,1912425.0,586251.0,30.65
PAGEIND,2008-11-24,112.0,112.0,100.0
PETRONET,2008-11-24,387648.0,186250.0,48.05
PFC,2008-11-24,450009.0,297167.0,66.04
PHOENIXLTD,2008-11-24,25693.0,18973.0,73.85
PIDILITIND,2008-11-24,3575.0,2422.0,67.75
PNB,2008-11-24,891052.0,243358.0,27.31
POWERGRID,2008-11-24,3048818.0,658828.0,21.61
RADICO,2008-11-24,73135.0,63525.0,86.86
RECLTD,2008-11-24,74970.0,37187.0,49.6
RELIANCE,2008-11-24,7481339.0,1645175.0,21.99
SAIL,2008-11-24,13245569.0,2009667.0,15.17
SBIN,2008-11-24,5426945.0,1233335.0,22.73
SHREECEM,2008-11-24,1649.0,1094.0,66.34
SIEMENS,2008-11-24,453219.0,77288.0,17.05
SRF,2008-11-24,36857.0,19904.0,54.0
SUNDARMFIN,2008-11-24,1027.0,678.0,66.02
SUNPHARMA,2008-11-24,517767.0,312030.0,60.26
SUPREMEIND,2008-11-24,769.0,565.0,73.47
SUZLON,2008-11-24,26557658.0,5286901.0,19.91
TATACOMM,2008-11-24,522037.0,211984.0,40.61
TATAELXSI,2008-11-24,3352.0,2228.0,66.47
TATAINVEST,2008-11-24,3010.0,2496.0,82.92
TATAPOWER,2008-11-24,1096856.0,386514.0,35.24
TATASTEEL,2008-11-24,8945403.0,2278511.0,25.47
TCS,2008-11-24,2092639.0,892902.0,42.67
TECHM,2008-11-24,97606.0,43586.0,44.66
THERMAX,2008-11-24,29600.0,19752.0,66.73
TITAN,2008-11-24,59779.0,17636.0,29.5
TORNTPHARM,2008-11-24,3074.0,1619.0,52.67
TORNTPOWER,2008-11-24,69382.0,19891.0,28.67
TRENT,2008-11-24,5082.0,2448.0,48.17
TVSMOTOR,2008-11-24,129605.0,68336.0,52.73
UBL,2008-11-24,7796.0,7319.0,93.88
ULTRACEMCO,2008-11-24,860289.0,718961.0,83.57
UNIONBANK,2008-11-24,1140740.0,368683.0,32.32
VOLTAS,2008-11-24,909626.0,593712.0,65.27
WIPRO,2008-11-24,1687364.0,517446.0,30.67
YESBANK,2008-11-24,761654.0,206447.0,27.11
3MINDIA,2008-11-25,357.0,221.0,61.9
ABB,2008-11-25,332061.0,152353.0,45.88
ACC,2008-11-25,230212.0,51978.0,22.58
ADANIENT,2008-11-25,19085.0,9271.0,48.58
AIAENG,2008-11-25,10549.0,9081.0,86.08
AJANTPHARM,2008-11-25,3493.0,3197.0,91.53
AMBUJACEM,2008-11-25,2548606.0,1274526.0,50.01
APARINDS,2008-11-25,3690.0,2776.0,75.23
APOLLOHOSP,2008-11-25,8181.0,3928.0,48.01
APOLLOTYRE,2008-11-25,140770.0,79801.0,56.69
ASHOKLEY,2008-11-25,2347918.0,1319111.0,56.18
ASIANPAINT,2008-11-25,9424.0,8247.0,87.51
ASTRAL,2008-11-25,15.0,11.0,73.33
AUROPHARMA,2008-11-25,114918.0,82400.0,71.7
AXISBANK,2008-11-25,3749504.0,1063971.0,28.38
BAJAJ-AUTO,2008-11-25,351766.0,340675.0,96.85
BAJAJFINSV,2008-11-25,182410.0,174986.0,95.93
BAJAJHLDNG,2008-11-25,38938.0,25019.0,64.25
BALKRISIND,2008-11-25,718.0,597.0,83.15
BANKBARODA,2008-11-25,746345.0,166525.0,22.31
BANKINDIA,2008-11-25,2093677.0,757525.0,36.18
BEL,2008-11-25,12514.0,9642.0,77.05
BERGEPAINT,2008-11-25,6477.0,4353.0,67.21
BHARATFORG,2008-11-25,72127.0,20093.0,27.86
BHARTIARTL,2008-11-25,4379908.0,1886756.0,43.08
BHEL,2008-11-25,1717756.0,367383.0,21.39
BIOCON,2008-11-25,38550.0,19004.0,49.3
BLUESTARCO,2008-11-25,6868.0,3749.0,54.59
BOSCHLTD,2008-11-25,11185.0,10760.0,96.2
BPCL,2008-11-25,378648.0,95721.0,25.28
BRITANNIA,2008-11-25,465.0,343.0,73.76
CANBK,2008-11-25,673129.0,418181.0,62.12
CIPLA,2008-11-25,1294702.0,797800.0,61.62
COLPAL,2008-11-25,15726.0,9804.0,62.34
CONCOR,2008-11-25,22586.0,21516.0,95.26
CRISIL,2008-11-25,3803.0,3722.0,97.87
CUMMINSIND,2008-11-25,17342.0,11557.0,66.64
DABUR,2008-11-25,449483.0,300876.0,66.94
DIVISLAB,2008-11-25,45171.0,25412.0,56.26
DLF,2008-11-25,11779321.0,880839.0,7.48
DRREDDY,2008-11-25,634667.0,499301.0,78.67
EICHERMOT,2008-11-25,2704.0,1177.0,43.53
ESCORTS,2008-11-25,46613.0,24567.0,52.7
EXIDEIND,2008-11-25,94229.0,59533.0,63.18
FEDERALBNK,2008-11-25,48361.0,27202.0,56.25
FORTIS,2008-11-25,157212.0,116971.0,74.4
GAIL,2008-11-25,1931534.0,899075.0,46.55
GLAXO,2008-11-25,46245.0,39367.0,85.13
GLENMARK,2008-11-25,355915.0,242474.0,68.13
GODFRYPHLP,2008-11-25,457.0,417.0,91.25
GODREJCP,2008-11-25,26627.0,20758.0,77.96
GODREJIND,2008-11-25,122033.0,70998.0,58.18
GRASIM,2008-11-25,101573.0,47533.0,46.8
HAVELLS,2008-11-25,15805.0,11343.0,71.77
HCLTECH,2008-11-25,688776.0,145030.0,21.06
HDFCBANK,2008-11-25,2416995.0,1027074.0,42.49
HINDALCO,2008-11-25,3532908.0,1476343.0,41.79
HINDPETRO,2008-11-25,1127838.0,672558.0,59.63
HINDUNILVR,2008-11-25,2739650.0,1851888.0,67.6
HINDZINC,2008-11-25,39326.0,17835.0,45.35
HONAUT,2008-11-25,585.0,386.0,65.98
ICICIBANK,2008-11-25,10599632.0,2669734.0,25.19
IDEA,2008-11-25,4447332.0,1587805.0,35.7
INDHOTEL,2008-11-25,319241.0,265441.0,83.15
INDIANB,2008-11-25,122162.0,71615.0,58.62
INDUSINDBK,2008-11-25,97246.0,44020.0,45.27
IOC,2008-11-25,273327.0,113297.0,41.45
IPCALAB,2008-11-25,1668.0,856.0,51.32
ITC,2008-11-25,3190352.0,1595392.0,50.01
JINDALSTEL,2008-11-25,789418.0,283009.0,35.85
JKCEMENT,2008-11-25,8594.0,6865.0,79.88
JSL,2008-11-25,51427.0,26121.0,50.79
JSWSTEEL,2008-11-25,976200.0,341488.0,34.98
KEI,2008-11-25,148433.0,100401.0,67.64
KOTAKBANK,2008-11-25,1926345.0,341833.0,17.75
KPRMILL,2008-11-25,226420.0,226027.0,99.83
LICHSGFIN,2008-11-25,277297.0,105427.0,38.02
LT,2008-11-25,2323318.0,447554.0,19.26
LUPIN,2008-11-25,158773.0,130572.0,82.24
M&M,2008-11-25,355990.0,106499.0,29.92
M&MFIN,2008-11-25,3204.0,2825.0,88.17
MAHABANK,2008-11-25,236376.0,181364.0,76.73
MARICO,2008-11-25,91364.0,78887.0,86.34
MARUTI,2008-11-25,890097.0,433264.0,48.68
MOTILALOFS,2008-11-25,85768.0,76436.0,89.12
MPHASIS,2008-11-25,21014.0,13874.0,66.02
MRF,2008-11-25,772.0,347.0,44.95
NATIONALUM,2008-11-25,626859.0,64458.0,10.28
NAUKRI,2008-11-25,146.0,110.0,75.34
NMDC,2008-11-25,24809.0,12243.0,49.35
NTPC,2008-11-25,7662810.0,1740846.0,22.72
OFSS,2008-11-25,13617.0,7410.0,54.42
ONGC,2008-11-25,2898840.0,1331819.0,45.94
PAGEIND,2008-11-25,365.0,199.0,54.52
PETRONET,2008-11-25,437151.0,227926.0,52.14
PFC,2008-11-25,949994.0,845811.0,89.03
PHOENIXLTD,2008-11-25,25586.0,18580.0,72.62
PIDILITIND,2008-11-25,7875.0,4612.0,58.57
PNB,2008-11-25,731518.0,228767.0,31.27
POWERGRID,2008-11-25,3067747.0,948894.0,30.93
RADICO,2008-11-25,264259.0,251362.0,95.12
RECLTD,2008-11-25,373173.0,244948.0,65.64
RELIANCE,2008-11-25,7571705.0,1809830.0,23.9
SAIL,2008-11-25,10375186.0,2832162.0,27.3
SBIN,2008-11-25,4145019.0,835632.0,20.16
SHREECEM,2008-11-25,2683.0,1834.0,68.36
SIEMENS,2008-11-25,806969.0,205230.0,25.43
SRF,2008-11-25,64924.0,31893.0,49.12
SUNDARMFIN,2008-11-25,1577.0,1067.0,67.66
SUNPHARMA,2008-11-25,290127.0,159560.0,55.0
SUPREMEIND,2008-11-25,2741.0,1768.0,64.5
SUZLON,2008-11-25,30692385.0,8562406.0,27.9
TATACOMM,2008-11-25,1640174.0,594027.0,36.22
TATAELXSI,2008-11-25,5689.0,3417.0,60.06
TATAINVEST,2008-11-25,13014.0,8095.0,62.2
TATAPOWER,2008-11-25,687545.0,291121.0,42.34
TATASTEEL,2008-11-25,6573502.0,1761742.0,26.8
TCS,2008-11-25,1443505.0,596003.0,41.29
TECHM,2008-11-25,115280.0,62833.0,54.5
THERMAX,2008-11-25,46518.0,31064.0,66.78
TITAN,2008-11-25,94518.0,26165.0,27.68
TORNTPHARM,2008-11-25,3737.0,2075.0,55.53
TORNTPOWER,2008-11-25,96369.0,34223.0,35.51
TRENT,2008-11-25,3150.0,2812.0,89.27
TVSMOTOR,2008-11-25,437579.0,371711.0,84.95
UBL,2008-11-25,6776.0,6268.0,92.5
ULTRACEMCO,2008-11-25,1017336.0,848801.0,83.43
UNIONBANK,2008-11-25,2078296.0,1298055.0,62.46
VOLTAS,2008-11-25,1069618.0,704438.0,65.86
WIPRO,2008-11-25,1787352.0,778715.0,43.57
YESBANK,2008-11-25,635523.0,256297.0,40.33
3MINDIA,2008-11-26,146.0,15.0,10.27
ABB,2008-11-26,444511.0,192712.0,43.35
ACC,2008-11-26,290392.0,61710.0,21.25
ADANIENT,2008-11-26,51524.0,26683.0,51.79
AIAENG,2008-11-26,62507.0,61363.0,98.17
AJANTPHARM,2008-11-26,4038.0,3548.0,87.87
AMBUJACEM,2008-11-26,1737476.0,655273.0,37.71
APARINDS,2008-11-26,140.0,107.0,76.43
APOLLOHOSP,2008-11-26,186553.0,174629.0,93.61
APOLLOTYRE,2008-11-26,590414.0,404769.0,68.56
ASHOKLEY,2008-11-26,1502561.0,894418.0,59.53
ASIANPAINT,2008-11-26,20614.0,17881.0,86.74
ASTRAL,2008-11-26,97.0,50.0,51.55
AUROPHARMA,2008-11-26,378317.0,290672.0,76.83
AXISBANK,2008-11-26,5563298.0,1569116.0,28.2
BAJAJ-AUTO,2008-11-26,128039.0,115521.0,90.22
BAJAJFINSV,2008-11-26,43626.0,40912.0,93.78
BAJAJHLDNG,2008-11-26,32239.0,17990.0,55.8
BALKRISIND,2008-11-26,358.0,256.0,71.51
BANKBARODA,2008-11-26,982114.0,181209.0,18.45
BANKINDIA,2008-11-26,2409364.0,530582.0,22.02
BEL,2008-11-26,25337.0,18727.0,73.91
BERGEPAINT,2008-11-26,466191.0,464124.0,99.56
BHARATFORG,2008-11-26,430583.0,289985.0,67.35
BHARTIARTL,2008-11-26,4314147.0,1921891.0,44.55
BHEL,2008-11-26,2353388.0,555725.0,23.61
BIOCON,2008-11-26,62084.0,31308.0,50.43
BLUESTARCO,2008-11-26,14423.0,13551.0,93.95
BOSCHLTD,2008-11-26,10863.0,10748.0,98.94
BPCL,2008-11-26,878320.0,477066.0,54.32
BRITANNIA,2008-11-26,281.0,168.0,59.79
CANBK,2008-11-26,310722.0,78833.0,25.37
CIPLA,2008-11-26,1635863.0,1116276.0,68.24
COLPAL,2008-11-26,72264.0,63380.0,87.71
CONCOR,2008-11-26,3830.0,2207.0,57.62
CRISIL,2008-11-26,2919.0,2443.0,83.69
CUMMINSIND,2008-11-26,68055.0,58350.0,85.74
DABUR,2008-11-26,1696413.0,1503433.0,88.62
DIVISLAB,2008-11-26,79008.0,37274.0,47.18
DLF,2008-11-26,10160587.0,1305500.0,12.85
DRREDDY,2008-11-26,160460.0,87572.0,54.58
EICHERMOT,2008-11-26,2068.0,1472.0,71.18
ESCORTS,2008-11-26,76847.0,26770.0,34.84
EXIDEIND,2008-11-26,111465.0,80572.0,72.28
FEDERALBNK,2008-11-26,138062.0,118224.0,85.63
FORTIS,2008-11-26,70631.0,40133.0,56.82
GAIL,2008-11-26,1849788.0,975875.0,52.76
GLAXO,2008-11-26,16708.0,8444.0,50.54
GLENMARK,2008-11-26,238702.0,168784.0,70.71
GODFRYPHLP,2008-11-26,160.0,77.0,48.12
GODREJCP,2008-11-26,28860.0,13937.0,48.29
GODREJIND,2008-11-26,823082.0,463656.0,56.33
GRASIM,2008-11-26,124468.0,59274.0,47.62
HAVELLS,2008-11-26,34201.0,25837.0,75.54
HCLTECH,2008-11-26,592368.0,157541.0,26.6
HDFCBANK,2008-11-26,2427380.0,1032774.0,42.55
HINDALCO,2008-11-26,4951389.0,1400429.0,28.28
HINDPETRO,2008-11-26,776694.0,395121.0,50.87
HINDUNILVR,2008-11-26,6777036.0,5190568.0,76.59
HINDZINC,2008-11-26,116923.0,64502.0,55.17
HONAUT,2008-11-26,97.0,74.0,76.29
ICICIBANK,2008-11-26,11620249.0,2766274.0,23.81
IDEA,2008-11-26,2397789.0,800357.0,33.38
INDHOTEL,2008-11-26,438267.0,332822.0,75.94
INDIANB,2008-11-26,506728.0,396512.0,78.25
INDUSINDBK,2008-11-26,182262.0,84009.0,46.09
IOC,2008-11-26,184931.0,62467.0,33.78
IPCALAB,2008-11-26,2887.0,1488.0,51.54
ITC,2008-11-26,7169340.0,4870543.0,67.94
JINDALSTEL,2008-11-26,648335.0,274329.0,42.31
JKCEMENT,2008-11-26,7481.0,5212.0,69.67
JSL,2008-11-26,151437.0,83062.0,54.85
JSWSTEEL,2008-11-26,957677.0,369916.0,38.63
KEI,2008-11-26,213466.0,173519.0,81.29
KOTAKBANK,2008-11-26,1979608.0,192775.0,9.74
KPRMILL,2008-11-26,122909.0,122612.0,99.76
LICHSGFIN,2008-11-26,466077.0,164358.0,35.26
LT,2008-11-26,2779267.0,664798.0,23.92
LUPIN,2008-11-26,105457.0,71555.0,67.85
M&M,2008-11-26,614379.0,238358.0,38.8
M&MFIN,2008-11-26,160.0,129.0,80.62
MAHABANK,2008-11-26,54726.0,38434.0,70.23
MARICO,2008-11-26,50398.0,38493.0,76.38
MARUTI,2008-11-26,1145287.0,486639.0,42.49
MOTILALOFS,2008-11-26,20515.0,14134.0,68.9
MPHASIS,2008-11-26,365202.0,347710.0,95.21
MRF,2008-11-26,728.0,249.0,34.2
NATIONALUM,2008-11-26,706262.0,81540.0,11.55
NAUKRI,2008-11-26,727.0,366.0,50.34
NMDC,2008-11-26,39221.0,18360.0,46.81
NTPC,2008-11-26,9533001.0,2628604.0,27.57
OFSS,2008-11-26,38314.0,14523.0,37.91
ONGC,2008-11-26,2862660.0,1493994.0,52.19
PAGEIND,2008-11-26,56.0,36.0,64.29
PETRONET,2008-11-26,631179.0,372643.0,59.04
PFC,2008-11-26,380005.0,232144.0,61.09
PHOENIXLTD,2008-11-26,37142.0,30685.0,82.62
PIDILITIND,2008-11-26,6973.0,6792.0,97.4
PNB,2008-11-26,1061022.0,297566.0,28.05
POWERGRID,2008-11-26,2950906.0,871855.0,29.55
RADICO,2008-11-26,59356.0,42478.0,71.56
RECLTD,2008-11-26,339595.0,251516.0,74.06
RELIANCE,2008-11-26,8489033.0,1961407.0,23.11
SAIL,2008-11-26,11960100.0,2290092.0,19.15
SBIN,2008-11-26,5187860.0,1243605.0,23.97
SHREECEM,2008-11-26,2408.0,778.0,32.31
SIEMENS,2008-11-26,4286339.0,1533108.0,35.77
SRF,2008-11-26,43304.0,11365.0,26.24
SUNDARMFIN,2008-11-26,887.0,568.0,64.04
SUNPHARMA,2008-11-26,506464.0,303310.0,59.89
SUPREMEIND,2008-11-26,9016.0,7274.0,80.68
SUZLON,2008-11-26,49337802.0,9680696.0,19.62
TATACOMM,2008-11-26,553895.0,196943.0,35.56
TATAELXSI,2008-11-26,3952.0,2889.0,73.1
TATAINVEST,2008-11-26,1598.0,1081.0,67.65
TATAPOWER,2008-11-26,584918.0,158596.0,27.11
TATASTEEL,2008-11-26,8391877.0,1817415.0,21.66
TCS,2008-11-26,1533889.0,619513.0,40.39
TECHM,2008-11-26,142800.0,77160.0,54.03
THERMAX,2008-11-26,30266.0,21258.0,70.24
TITAN,2008-11-26,109336.0,41153.0,37.64
TORNTPHARM,2008-11-26,1515.0,934.0,61.65
TORNTPOWER,2008-11-26,45454.0,19397.0,42.67
TRENT,2008-11-26,4583.0,3970.0,86.62
TVSMOTOR,2008-11-26,174091.0,116768.0,67.07
UBL,2008-11-26,5326.0,5262.0,98.8
ULTRACEMCO,2008-11-26,229919.0,148298.0,64.5
UNIONBANK,2008-11-26,1488523.0,507607.0,34.1
VOLTAS,2008-11-26,1112423.0,627861.0,56.44
WIPRO,2008-11-26,1934855.0,669330.0,34.59
YESBANK,2008-11-26,628160.0,264321.0,42.08
3MINDIA,2008-11-28,57.0,57.0,100.0
ABB,2008-11-28,427534.0,160701.0,37.59
ACC,2008-11-28,598303.0,275372.0,46.03
ADANIENT,2008-11-28,10587.0,3933.0,37.15
AIAENG,2008-11-28,50160.0,43348.0,86.42
AJANTPHARM,2008-11-28,1228.0,1026.0,83.55
AMBUJACEM,2008-11-28,2894140.0,1798332.0,62.14
APARINDS,2008-11-28,69.0,23.0,33.33
APOLLOHOSP,2008-11-28,19319.0,18545.0,95.99
APOLLOTYRE,2008-11-28,58000.0,26108.0,45.01
ASHOKLEY,2008-11-28,1431372.0,686473.0,47.96
ASIANPAINT,2008-11-28,17321.0,16464.0,95.05
ASTRAL,2008-11-28,70.0,60.0,85.71
AUROPHARMA,2008-11-28,213867.0,128756.0,60.2
AXISBANK,2008-11-28,4059970.0,1074369.0,26.46
BAJAJ-AUTO,2008-11-28,133112.0,124413.0,93.46
BAJAJFINSV,2008-11-28,188709.0,183168.0,97.06
BAJAJHLDNG,2008-11-28,101777.0,57590.0,56.58
BALKRISIND,2008-11-28,1640.0,100.0,6.1
BANKBARODA,2008-11-28,847005.0,435726.0,51.44
BANKINDIA,2008-11-28,2677026.0,1324311.0,49.47
BEL,2008-11-28,10978.0,7285.0,66.36
BERGEPAINT,2008-11-28,5455.0,4119.0,75.51
BHARATFORG,2008-11-28,192801.0,97085.0,50.36
BHARTIARTL,2008-11-28,7554376.0,3845736.0,50.91
BHEL,2008-11-28,2904249.0,937322.0,32.27
BIOCON,2008-11-28,550576.0,310712.0,56.43
BLUESTARCO,2008-11-28,9855.0,9077.0,92.11
BOSCHLTD,2008-11-28,334.0,209.0,62.57
BPCL,2008-11-28,1181390.0,794952.0,67.29
BRITANNIA,2008-11-28,359.0,238.0,66.3
CANBK,2008-11-28,430365.0,143722.0,33.4
CIPLA,2008-11-28,2086304.0,1135880.0,54.44
COLPAL,2008-11-28,30160.0,21194.0,70.27
CONCOR,2008-11-28,2440.0,1204.0,49.34
CRISIL,2008-11-28,502.0,258.0,51.39
CUMMINSIND,2008-11-28,87989.0,60560.0,68.83
DABUR,2008-11-28,165859.0,108730.0,65.56
DIVISLAB,2008-11-28,110747.0,67174.0,60.66
DLF,2008-11-28,9880661.0,1996011.0,20.2
DRREDDY,2008-11-28,748847.0,614037.0,82.0
EICHERMOT,2008-11-28,8559.0,5436.0,63.51
ESCORTS,2008-11-28,248222.0,174726.0,70.39
EXIDEIND,2008-11-28,287440.0,190586.0,66.3
FEDERALBNK,2008-11-28,68366.0,32488.0,47.52
FORTIS,2008-11-28,56607.0,35950.0,63.51
GAIL,2008-11-28,2159370.0,1244137.0,57.62
GLAXO,2008-11-28,18596.0,14357.0,77.2
GLENMARK,2008-11-28,263838.0,189671.0,71.89
GODFRYPHLP,2008-11-28,87.0,76.0,87.36
GODREJCP,2008-11-28,6288.0,2544.0,40.46
GODREJIND,2008-11-28,273827.0,165770.0,60.54
GRASIM,2008-11-28,348088.0,237503.0,68.23
HAVELLS,2008-11-28,41956.0,25201.0,60.07
HCLTECH,2008-11-28,1255310.0,674661.0,53.74
HDFCBANK,2008-11-28,2759252.0,1524593.0,55.25
HINDALCO,2008-11-28,21721460.0,15383799.0,70.82
HINDPETRO,2008-11-28,518194.0,338085.0,65.24
HINDUNILVR,2008-11-28,5304522.0,3464880.0,65.32
HINDZINC,2008-11-28,119801.0,55212.0,46.09
HONAUT,2008-11-28,925.0,909.0,98.27
ICICIBANK,2008-11-28,12329653.0,4027496.0,32.67
IDEA,2008-11-28,6894654.0,3802935.0,55.16
INDHOTEL,2008-11-28,6362291.0,3471417.0,54.56
INDIANB,2008-11-28,198569.0,121844.0,61.36
INDUSINDBK,2008-11-28,403869.0,278415.0,68.94
IOC,2008-11-28,87177.0,27611.0,31.67
IPCALAB,2008-11-28,1343.0,652.0,48.55
ITC,2008-11-28,8361900.0,4900052.0,58.6
JINDALSTEL,2008-11-28,499683.0,230034.0,46.04
JKCEMENT,2008-11-28,4273.0,2392.0,55.98
JSL,2008-11-28,203507.0,78922.0,38.78
JSWSTEEL,2008-11-28,775245.0,320499.0,41.34
KEI,2008-11-28,95743.0,75584.0,78.94
KOTAKBANK,2008-11-28,1891988.0,462556.0,24.45
KPRMILL,2008-11-28,50020.0,50020.0,100.0
LICHSGFIN,2008-11-28,456574.0,265718.0,58.2
LT,2008-11-28,3315110.0,1059973.0,31.97
LUPIN,2008-11-28,198681.0,136492.0,68.7
M&M,2008-11-28,707044.0,322654.0,45.63
M&MFIN,2008-11-28,1665.0,1295.0,77.78
MAHABANK,2008-11-28,131313.0,114993.0,87.57
MARICO,2008-11-28,82935.0,64952.0,78.32
MARUTI,2008-11-28,872073.0,385469.0,44.2
MOTILALOFS,2008-11-28,11009.0,8535.0,77.53
MPHASIS,2008-11-28,177892.0,111213.0,62.52
MRF,2008-11-28,781.0,351.0,44.94
NATIONALUM,2008-11-28,843527.0,271542.0,32.19
NAUKRI,2008-11-28,712.0,47.0,6.6
NMDC,2008-11-28,26859.0,14082.0,52.43
NTPC,2008-11-28,11311852.0,4098070.0,36.23
OFSS,2008-11-28,47267.0,20515.0,43.4
ONGC,2008-11-28,3650430.0,1854787.0,50.81
PAGEIND,2008-11-28,77.0,50.0,64.94
PETRONET,2008-11-28,431627.0,245734.0,56.93
PFC,2008-11-28,383225.0,165455.0,43.17
PHOENIXLTD,2008-11-28,35254.0,25089.0,71.17
PIDILITIND,2008-11-28,4233.0,3007.0,71.04
PNB,2008-11-28,1003089.0,433311.0,43.2
POWERGRID,2008-11-28,4761542.0,1877795.0,39.44
RADICO,2008-11-28,51626.0,43994.0,85.22
RECLTD,2008-11-28,271279.0,200206.0,73.8
RELIANCE,2008-11-28,7291509.0,2349378.0,32.22
SAIL,2008-11-28,10508101.0,3861634.0,36.75
SBIN,2008-11-28,4321864.0,1473023.0,34.08
SHREECEM,2008-11-28,2992.0,2366.0,79.08
SIEMENS,2008-11-28,1904971.0,573328.0,30.1
SRF,2008-11-28,117837.0,75916.0,64.42
SUNDARMFIN,2008-11-28,520.0,218.0,41.92
SUNPHARMA,2008-11-28,821916.0,463202.0,56.36
SUPREMEIND,2008-11-28,721.0,505.0,70.04
SUZLON,2008-11-28,26850011.0,5608355.0,20.89
TATACOMM,2008-11-28,406349.0,118088.0,29.06
TATAELXSI,2008-11-28,2006.0,1352.0,67.4
TATAINVEST,2008-11-28,3360.0,3157.0,93.96
TATAPOWER,2008-11-28,1049670.0,525190.0,50.03
TATASTEEL,2008-11-28,6413985.0,2192053.0,34.18
TCS,2008-11-28,3034516.0,1694866.0,55.85
TECHM,2008-11-28,148467.0,73359.0,49.41
THERMAX,2008-11-28,137351.0,126145.0,91.84
TITAN,2008-11-28,99486.0,41119.0,41.33
TORNTPHARM,2008-11-28,1429.0,987.0,69.07
TORNTPOWER,2008-11-28,73444.0,43211.0,58.84
TRENT,2008-11-28,7097.0,5418.0,76.34
TVSMOTOR,2008-11-28,322086.0,222957.0,69.22
UBL,2008-11-28,3058.0,1729.0,56.54
ULTRACEMCO,2008-11-28,107668.0,75423.0,70.05
UNIONBANK,2008-11-28,963649.0,258522.0,26.83
VOLTAS,2008-11-28,447238.0,197393.0,44.14
WIPRO,2008-11-28,3204366.0,1177985.0,36.76
YESBANK,2008-11-28,238037.0,100242.0,42.11
3MINDIA,2008-12-01,142.0,133.0,93.66
ABB,2008-12-01,372718.0,147626.0,39.61
ACC,2008-12-01,226168.0,85082.0,37.62
ADANIENT,2008-12-01,18043.0,5774.0,32.0
AIAENG,2008-12-01,58431.0,54652.0,93.53
AJANTPHARM,2008-12-01,206.0,175.0,84.95
AMBUJACEM,2008-12-01,1375608.0,665882.0,48.41
APARINDS,2008-12-01,2703.0,2163.0,80.02
APOLLOHOSP,2008-12-01,3858.0,3120.0,80.87
APOLLOTYRE,2008-12-01,193953.0,103244.0,53.23
ASHOKLEY,2008-12-01,1148640.0,640973.0,55.8
ASIANPAINT,2008-12-01,41572.0,39319.0,94.58
ASTRAL,2008-12-01,492.0,467.0,94.92
AUROPHARMA,2008-12-01,97670.0,68269.0,69.9
AXISBANK,2008-12-01,5981239.0,1963297.0,32.82
BAJAJ-AUTO,2008-12-01,54065.0,24005.0,44.4
BAJAJFINSV,2008-12-01,168560.0,165761.0,98.34
BAJAJHLDNG,2008-12-01,33426.0,19129.0,57.23
BALKRISIND,2008-12-01,336.0,225.0,66.96
BANKBARODA,2008-12-01,649727.0,149006.0,22.93
BANKINDIA,2008-12-01,1482852.0,248259.0,16.74
BEL,2008-12-01,18182.0,13825.0,76.04
BERGEPAINT,2008-12-01,5827.0,4222.0,72.46
BHARATFORG,2008-12-01,118434.0,57309.0,48.39
BHARTIARTL,2008-12-01,4566783.0,2126444.0,46.56
BHEL,2008-12-01,2416638.0,733233.0,30.34
BIOCON,2008-12-01,91223.0,41092.0,45.05
BLUESTARCO,2008-12-01,4469.0,2340.0,52.36
BOSCHLTD,2008-12-01,8388.0,7756.0,92.47
BPCL,2008-12-01,1120202.0,757634.0,67.63
BRITANNIA,2008-12-01,556.0,370.0,66.55
CANBK,2008-12-01,372503.0,122367.0,32.85
CIPLA,2008-12-01,1126716.0,514834.0,45.69
COLPAL,2008-12-01,18075.0,13062.0,72.27
CONCOR,2008-12-01,21224.0,20815.0,98.07
CRISIL,2008-12-01,6775.0,6488.0,95.76
CUMMINSIND,2008-12-01,62316.0,40159.0,64.44
DABUR,2008-12-01,2013761.0,1814199.0,90.09
DIVISLAB,2008-12-01,56734.0,27175.0,47.9
DLF,2008-12-01,12186377.0,1767054.0,14.5
DRREDDY,2008-12-01,672062.0,526009.0,78.27
EICHERMOT,2008-12-01,3985.0,2925.0,73.4
ESCORTS,2008-12-01,67186.0,28336.0,42.18
EXIDEIND,2008-12-01,2698835.0,2624091.0,97.23
FEDERALBNK,2008-12-01,44445.0,26753.0,60.19
FORTIS,2008-12-01,122698.0,78666.0,64.11
GAIL,2008-12-01,1920495.0,981177.0,51.09
GLAXO,2008-12-01,56485.0,52284.0,92.56
GLENMARK,2008-12-01,526717.0,343109.0,65.14
GODFRYPHLP,2008-12-01,138.0,110.0,79.71
GODREJCP,2008-12-01,5517.0,4072.0,73.81
GODREJIND,2008-12-01,410713.0,248937.0,60.61
GRASIM,2008-12-01,326398.0,245925.0,75.35
HAVELLS,2008-12-01,23718.0,17055.0,71.91
HCLTECH,2008-12-01,1306916.0,785447.0,60.1
HDFCBANK,2008-12-01,2147850.0,734823.0,34.21
HINDALCO,2008-12-01,4327767.0,1868363.0,43.17
HINDPETRO,2008-12-01,952998.0,619156.0,64.97
HINDUNILVR,2008-12-01,3185960.0,2094991.0,65.76
HINDZINC,2008-12-01,65312.0,24877.0,38.09
HONAUT,2008-12-01,161.0,152.0,94.41
ICICIBANK,2008-12-01,12106105.0,2940349.0,24.29
IDEA,2008-12-01,3575743.0,1506123.0,42.12
INDHOTEL,2008-12-01,4106747.0,2677779.0,65.2
INDIANB,2008-12-01,277759.0,189715.0,68.3
INDUSINDBK,2008-12-01,214580.0,143172.0,66.72
IOC,2008-12-01,132074.0,48531.0,36.75
IPCALAB,2008-12-01,4001.0,2490.0,62.23
ITC,2008-12-01,6192945.0,3705783.0,59.84
JINDALSTEL,2008-12-01,535213.0,219725.0,41.05
JKCEMENT,2008-12-01,6513.0,5314.0,81.59
JSL,2008-12-01,52803.0,30215.0,57.22
JSWSTEEL,2008-12-01,879198.0,378525.0,43.05
KEI,2008-12-01,169962.0,119797.0,70.48
KOTAKBANK,2008-12-01,1543707.0,219814.0,14.24
KPRMILL,2008-12-01,286.0,235.0,82.17
LICHSGFIN,2008-12-01,346284.0,118114.0,34.11
LT,2008-12-01,2953388.0,926682.0,31.38
LUPIN,2008-12-01,55628.0,34068.0,61.24
M&M,2008-12-01,664611.0,401525.0,60.42
M&MFIN,2008-12-01,13620.0,13049.0,95.81
MAHABANK,2008-12-01,94176.0,45012.0,47.8
MARICO,2008-12-01,148710.0,142446.0,95.79
MARUTI,2008-12-01,1306878.0,530331.0,40.58
MOTILALOFS,2008-12-01,7516.0,4356.0,57.96
MPHASIS,2008-12-01,350796.0,272061.0,77.56
MRF,2008-12-01,774.0,387.0,50.0
NATIONALUM,2008-12-01,702331.0,232940.0,33.17
NAUKRI,2008-12-01,179.0,133.0,74.3
NMDC,2008-12-01,23896.0,10208.0,42.72
NTPC,2008-12-01,8255011.0,2989251.0,36.21
OFSS,2008-12-01,14512.0,2830.0,19.5
ONGC,2008-12-01,2416146.0,1052215.0,43.55
PAGEIND,2008-12-01,16.0,10.0,62.5
PETRONET,2008-12-01,597320.0,321356.0,53.8
PFC,2008-12-01,449806.0,311033.0,69.15
PHOENIXLTD,2008-12-01,16156.0,11142.0,68.97
PIDILITIND,2008-12-01,8926.0,7900.0,88.51
PNB,2008-12-01,1067581.0,344451.0,32.26
POWERGRID,2008-12-01,3224815.0,1370618.0,42.5
RADICO,2008-12-01,91541.0,85939.0,93.88
RECLTD,2008-12-01,244916.0,191378.0,78.14
RELIANCE,2008-12-01,6362857.0,1393337.0,21.9
SAIL,2008-12-01,9619824.0,1775501.0,18.46
SBIN,2008-12-01,5207938.0,1508755.0,28.97
SHREECEM,2008-12-01,3414.0,2343.0,68.63
SIEMENS,2008-12-01,979088.0,303205.0,30.97
SRF,2008-12-01,32031.0,14566.0,45.47
SUNDARMFIN,2008-12-01,656.0,545.0,83.08
SUNPHARMA,2008-12-01,416801.0,238576.0,57.24
SUPREMEIND,2008-12-01,1607.0,1018.0,63.35
SUZLON,2008-12-01,27145898.0,6313906.0,23.26
TATACOMM,2008-12-01,516022.0,258232.0,50.04
TATAELXSI,2008-12-01,3281.0,2647.0,80.68
TATAINVEST,2008-12-01,7130.0,5597.0,78.5
TATAPOWER,2008-12-01,974437.0,472351.0,48.47
TATASTEEL,2008-12-01,7541278.0,1978230.0,26.23
TCS,2008-12-01,2989676.0,1787781.0,59.8
TECHM,2008-12-01,132671.0,63744.0,48.05
THERMAX,2008-12-01,58192.0,46566.0,80.02
TITAN,2008-12-01,128570.0,49967.0,38.86
TORNTPHARM,2008-12-01,3994.0,1732.0,43.37
TORNTPOWER,2008-12-01,70437.0,34062.0,48.36
TRENT,2008-12-01,3574.0,3022.0,84.56
TVSMOTOR,2008-12-01,336192.0,93640.0,27.85
UBL,2008-12-01,1384.0,1035.0,74.78
ULTRACEMCO,2008-12-01,28231.0,17790.0,63.02
UNIONBANK,2008-12-01,1095374.0,326567.0,29.81
VOLTAS,2008-12-01,1174543.0,506590.0,43.13
WIPRO,2008-12-01,1881003.0,671618.0,35.71
YESBANK,2008-12-01,614227.0,154471.0,25.15
3MINDIA,2008-12-02,15.0,15.0,100.0
ABB,2008-12-02,292591.0,135017.0,46.15
ACC,2008-12-02,227134.0,81321.0,35.8
ADANIENT,2008-12-02,21010.0,10265.0,48.86
AIAENG,2008-12-02,9496.0,8302.0,87.43
AJANTPHARM,2008-12-02,8425.0,8413.0,99.86
AMBUJACEM,2008-12-02,1432846.0,693809.0,48.42
APARINDS,2008-12-02,1109.0,886.0,79.89
APOLLOHOSP,2008-12-02,19477.0,15569.0,79.94
APOLLOTYRE,2008-12-02,370921.0,265053.0,71.46
ASHOKLEY,2008-12-02,750535.0,227785.0,30.35
ASIANPAINT,2008-12-02,8490.0,6300.0,74.2
ASTRAL,2008-12-02,41.0,33.0,80.49
AUROPHARMA,2008-12-02,55305.0,15910.0,28.77
AXISBANK,2008-12-02,5004986.0,939658.0,18.77
BAJAJ-AUTO,2008-12-02,94917.0,79507.0,83.76
BAJAJFINSV,2008-12-02,13364.0,10023.0,75.0
BAJAJHLDNG,2008-12-02,52609.0,40062.0,76.15
BALKRISIND,2008-12-02,190.0,180.0,94.74
BANKBARODA,2008-12-02,537561.0,44160.0,8.21
BANKINDIA,2008-12-02,2538416.0,609871.0,24.03
BEL,2008-12-02,19633.0,11195.0,57.02
BERGEPAINT,2008-12-02,9324.0,7606.0,81.57
BHARATFORG,2008-12-02,211849.0,122717.0,57.93
BHARTIARTL,2008-12-02,4736276.0,1695496.0,35.8
BHEL,2008-12-02,1897642.0,389997.0,20.55
BIOCON,2008-12-02,45044.0,21106.0,46.86
BLUESTARCO,2008-12-02,11889.0,10422.0,87.66
BOSCHLTD,2008-12-02,4707.0,4574.0,97.17
BPCL,2008-12-02,928407.0,481308.0,51.84
BRITANNIA,2008-12-02,1106.0,789.0,71.34
CANBK,2008-12-02,365414.0,131723.0,36.05
CIPLA,2008-12-02,1247573.0,688012.0,55.15
COLPAL,2008-12-02,34039.0,23838.0,70.03
CONCOR,2008-12-02,142315.0,138123.0,97.05
CRISIL,2008-12-02,1030.0,677.0,65.73
CUMMINSIND,2008-12-02,25769.0,20071.0,77.89
DABUR,2008-12-02,1555823.0,1365005.0,87.74
DIVISLAB,2008-12-02,39991.0,22190.0,55.49
DLF,2008-12-02,13565653.0,1249736.0,9.21
DRREDDY,2008-12-02,922231.0,425835.0,46.17
EICHERMOT,2008-12-02,2107.0,1200.0,56.95
ESCORTS,2008-12-02,62280.0,31308.0,50.27
EXIDEIND,2008-12-02,114702.0,92534.0,80.67
FEDERALBNK,2008-12-02,112697.0,94804.0,84.12
FORTIS,2008-12-02,38602.0,28346.0,73.43
GAIL,2008-12-02,1924437.0,965468.0,50.17
GLAXO,2008-12-02,15568.0,9818.0,63.07
GLENMARK,2008-12-02,344400.0,181618.0,52.73
GODFRYPHLP,2008-12-02,47.0,26.0,55.32
GODREJCP,2008-12-02,9414.0,4323.0,45.92
GODREJIND,2008-12-02,235000.0,142094.0,60.47
GRASIM,2008-12-02,176531.0,101965.0,57.76
HAVELLS,2008-12-02,23104.0,15538.0,67.25
HCLTECH,2008-12-02,1772842.0,1065660.0,60.11
HDFCBANK,2008-12-02,1736484.0,561363.0,32.33
HINDALCO,2008-12-02,5906965.0,2258977.0,38.24
HINDPETRO,2008-12-02,1176829.0,706413.0,60.03
HINDUNILVR,2008-12-02,4340447.0,3010743.0,69.36
HINDZINC,2008-12-02,82862.0,36941.0,44.58
HONAUT,2008-12-02,115.0,91.0,79.13
ICICIBANK,2008-12-02,10538908.0,2779460.0,26.37
IDEA,2008-12-02,4169597.0,1758945.0,42.19
INDHOTEL,2008-12-02,2602078.0,1443724.0,55.48
INDIANB,2008-12-02,213540.0,112586.0,52.72
INDUSINDBK,2008-12-02,199302.0,110631.0,55.51
IOC,2008-12-02,170550.0,52291.0,30.66
IPCALAB,2008-12-02,1194.0,817.0,68.43
ITC,2008-12-02,5816207.0,3213387.0,55.25
JINDALSTEL,2008-12-02,351331.0,99950.0,28.45
JKCEMENT,2008-12-02,10155.0,8192.0,80.67
JSL,2008-12-02,253867.0,147221.0,57.99
JSWSTEEL,2008-12-02,470123.0,124339.0,26.45
KEI,2008-12-02,85742.0,55714.0,64.98
KOTAKBANK,2008-12-02,1557875.0,304387.0,19.54
KPRMILL,2008-12-02,365.0,325.0,89.04
LICHSGFIN,2008-12-02,462413.0,92379.0,19.98
LT,2008-12-02,4237605.0,1253766.0,29.59
LUPIN,2008-12-02,57669.0,25422.0,44.08
M&M,2008-12-02,866054.0,449825.0,51.94
M&MFIN,2008-12-02,19279.0,17710.0,91.86
MAHABANK,2008-12-02,119311.0,66806.0,55.99
MARICO,2008-12-02,78338.0,56982.0,72.74
MARUTI,2008-12-02,1541283.0,587078.0,38.09
MOTILALOFS,2008-12-02,17886.0,13219.0,73.91
MPHASIS,2008-12-02,371787.0,320800.0,86.29
MRF,2008-12-02,970.0,310.0,31.96
NATIONALUM,2008-12-02,496789.0,120226.0,24.2
NAUKRI,2008-12-02,27792.0,27734.0,99.79
NMDC,2008-12-02,14636.0,5501.0,37.59
NTPC,2008-12-02,12503705.0,4865169.0,38.91
OFSS,2008-12-02,12470.0,7765.0,62.27
ONGC,2008-12-02,2155405.0,717659.0,33.3
PAGEIND,2008-12-02,208.0,6.0,2.88
PETRONET,2008-12-02,349201.0,187797.0,53.78
PFC,2008-12-02,124926.0,63921.0,51.17
PHOENIXLTD,2008-12-02,16970.0,12183.0,71.79
PIDILITIND,2008-12-02,5235.0,4543.0,86.78
PNB,2008-12-02,1695055.0,682308.0,40.25
POWERGRID,2008-12-02,3307121.0,1399644.0,42.32
RADICO,2008-12-02,45284.0,31520.0,69.61
RECLTD,2008-12-02,50071.0,25147.0,50.22
RELIANCE,2008-12-02,7197583.0,1609184.0,22.36
SAIL,2008-12-02,7162348.0,1405658.0,19.63
SBIN,2008-12-02,4719941.0,692722.0,14.68
SHREECEM,2008-12-02,1536.0,778.0,50.65
SIEMENS,2008-12-02,791325.0,437803.0,55.33
SRF,2008-12-02,38257.0,17756.0,46.41
SUNDARMFIN,2008-12-02,4659.0,2775.0,59.56
SUNPHARMA,2008-12-02,190078.0,95223.0,50.1
SUPREMEIND,2008-12-02,1000.0,815.0,81.5
SUZLON,2008-12-02,27667581.0,8536664.0,30.85
TATACOMM,2008-12-02,260517.0,56341.0,21.63
TATAELXSI,2008-12-02,3294.0,2724.0,82.7
TATAINVEST,2008-12-02,6720.0,5106.0,75.98
TATAPOWER,2008-12-02,657241.0,223092.0,33.94
TATASTEEL,2008-12-02,3541408.0,717109.0,20.25
TCS,2008-12-02,1664702.0,687174.0,41.28
TECHM,2008-12-02,61863.0,24472.0,39.56
THERMAX,2008-12-02,699573.0,680847.0,97.32
TITAN,2008-12-02,173208.0,90416.0,52.2
TORNTPHARM,2008-12-02,4996.0,2921.0,58.47
TORNTPOWER,2008-12-02,22863.0,12303.0,53.81
TRENT,2008-12-02,3795.0,3420.0,90.12
TVSMOTOR,2008-12-02,131797.0,55435.0,42.06
UBL,2008-12-02,3355.0,2613.0,77.88
ULTRACEMCO,2008-12-02,24032.0,18412.0,76.61
UNIONBANK,2008-12-02,811915.0,161385.0,19.88
VOLTAS,2008-12-02,680855.0,277453.0,40.75
WIPRO,2008-12-02,1438632.0,409128.0,28.44
YESBANK,2008-12-02,492521.0,165664.0,33.64
3MINDIA,2008-12-03,166.0,161.0,96.99
ABB,2008-12-03,332549.0,201081.0,60.47
ACC,2008-12-03,329567.0,53401.0,16.2
ADANIENT,2008-12-03,20471.0,9836.0,48.05
AIAENG,2008-12-03,37340.0,34917.0,93.51
AJANTPHARM,2008-12-03,814.0,385.0,47.3
AMBUJACEM,2008-12-03,1511695.0,598164.0,39.57
APARINDS,2008-12-03,333.0,218.0,65.47
APOLLOHOSP,2008-12-03,39745.0,16362.0,41.17
APOLLOTYRE,2008-12-03,423950.0,330030.0,77.85
ASHOKLEY,2008-12-03,1422428.0,631063.0,44.37
ASIANPAINT,2008-12-03,43011.0,42278.0,98.3
ASTRAL,2008-12-03,100.0,100.0,100.0
AUROPHARMA,2008-12-03,255541.0,188823.0,73.89
AXISBANK,2008-12-03,3647846.0,487797.0,13.37
BAJAJ-AUTO,2008-12-03,43065.0,29914.0,69.46
BAJAJFINSV,2008-12-03,3807697.0,3804696.0,99.92
BAJAJHLDNG,2008-12-03,13235.0,5075.0,38.35
BALKRISIND,2008-12-03,206.0,155.0,75.24
BANKBARODA,2008-12-03,1503613.0,884669.0,58.84
BANKINDIA,2008-12-03,2720563.0,815709.0,29.98
BEL,2008-12-03,44959.0,36189.0,80.49
BERGEPAINT,2008-12-03,50186.0,40873.0,81.44
BHARATFORG,2008-12-03,336618.0,274777.0,81.63
BHARTIARTL,2008-12-03,4961802.0,2047726.0,41.27
BHEL,2008-12-03,1920324.0,368705.0,19.2
BIOCON,2008-12-03,33322.0,14998.0,45.01
BLUESTARCO,2008-12-03,9790.0,7660.0,78.24
BOSCHLTD,2008-12-03,1557.0,1141.0,73.28
BPCL,2008-12-03,487268.0,225203.0,46.22
BRITANNIA,2008-12-03,490.0,308.0,62.86
CANBK,2008-12-03,713451.0,328305.0,46.02
CIPLA,2008-12-03,1053061.0,505015.0,47.96
COLPAL,2008-12-03,16913.0,10000.0,59.13
CONCOR,2008-12-03,3916.0,1535.0,39.2
CRISIL,2008-12-03,506.0,405.0,80.04
CUMMINSIND,2008-12-03,83133.0,73596.0,88.53
DABUR,2008-12-03,310770.0,201694.0,64.9
DIVISLAB,2008-12-03,49732.0,18097.0,36.39
DLF,2008-12-03,17850056.0,1506295.0,8.44
DRREDDY,2008-12-03,1324941.0,727009.0,54.87
EICHERMOT,2008-12-03,1673.0,1339.0,80.04
ESCORTS,2008-12-03,48521.0,18682.0,38.5
EXIDEIND,2008-12-03,74800.0,52232.0,69.83
FEDERALBNK,2008-12-03,250105.0,230230.0,92.05
FORTIS,2008-12-03,44507.0,33338.0,74.91
GAIL,2008-12-03,1615623.0,823647.0,50.98
GLAXO,2008-12-03,21614.0,16469.0,76.2
GLENMARK,2008-12-03,359954.0,212448.0,59.02
GODFRYPHLP,2008-12-03,7.0,7.0,100.0
GODREJCP,2008-12-03,8835.0,5381.0,60.91
GODREJIND,2008-12-03,267593.0,117206.0,43.8
GRASIM,2008-12-03,194487.0,151892.0,78.1
HAVELLS,2008-12-03,15984.0,9774.0,61.15
HCLTECH,2008-12-03,3235714.0,2103092.0,65.0
HDFCBANK,2008-12-03,1971726.0,411734.0,20.88
HINDALCO,2008-12-03,5138385.0,1787501.0,34.79
HINDPETRO,2008-12-03,711767.0,455283.0,63.97
HINDUNILVR,2008-12-03,3628057.0,2464172.0,67.92
HINDZINC,2008-12-03,20791.0,8126.0,39.08
HONAUT,2008-12-03,92.0,63.0,68.48
ICICIBANK,2008-12-03,9491815.0,1052390.0,11.09
IDEA,2008-12-03,3530637.0,1114700.0,31.57
INDHOTEL,2008-12-03,1458328.0,577878.0,39.63
INDIANB,2008-12-03,297386.0,168604.0,56.7
INDUSINDBK,2008-12-03,171412.0,96340.0,56.2
IOC,2008-12-03,57792.0,22702.0,39.28
IPCALAB,2008-12-03,2663.0,408.0,15.32
ITC,2008-12-03,4615610.0,2257699.0,48.91
JINDALSTEL,2008-12-03,856470.0,236411.0,27.6
JKCEMENT,2008-12-03,9995.0,7653.0,76.57
JSL,2008-12-03,176916.0,79038.0,44.68
JSWSTEEL,2008-12-03,654463.0,75447.0,11.53
KEI,2008-12-03,160918.0,91798.0,57.05
KOTAKBANK,2008-12-03,1156137.0,72924.0,6.31
KPRMILL,2008-12-03,453.0,306.0,67.55
LICHSGFIN,2008-12-03,3003877.0,787506.0,26.22
LT,2008-12-03,3166359.0,712072.0,22.49
LUPIN,2008-12-03,69705.0,48498.0,69.58
M&M,2008-12-03,829675.0,281916.0,33.98
M&MFIN,2008-12-03,55166.0,53608.0,97.18
MAHABANK,2008-12-03,170202.0,102879.0,60.45
MARICO,2008-12-03,12514.0,8222.0,65.7
MARUTI,2008-12-03,1609225.0,625522.0,38.87
MOTILALOFS,2008-12-03,9768.0,8320.0,85.18
MPHASIS,2008-12-03,59310.0,42178.0,71.11
MRF,2008-12-03,534.0,231.0,43.26
NATIONALUM,2008-12-03,553470.0,151367.0,27.35
NAUKRI,2008-12-03,120.0,110.0,91.67
NMDC,2008-12-03,94730.0,19077.0,20.14
NTPC,2008-12-03,8267549.0,2527846.0,30.58
OFSS,2008-12-03,7741.0,3871.0,50.01
ONGC,2008-12-03,2246457.0,824479.0,36.7
PAGEIND,2008-12-03,124.0,101.0,81.45
PETRONET,2008-12-03,260047.0,115369.0,44.36
PFC,2008-12-03,123456.0,75221.0,60.93
PHOENIXLTD,2008-12-03,30349.0,24656.0,81.24
PIDILITIND,2008-12-03,2984.0,1822.0,61.06
PNB,2008-12-03,1052094.0,196071.0,18.64
POWERGRID,2008-12-03,3617245.0,1506268.0,41.64
RADICO,2008-12-03,68033.0,63184.0,92.87
RECLTD,2008-12-03,59832.0,33945.0,56.73
RELIANCE,2008-12-03,6566724.0,1116137.0,17.0
SAIL,2008-12-03,10086717.0,1357216.0,13.46
SBIN,2008-12-03,4448472.0,501141.0,11.27
SHREECEM,2008-12-03,2169.0,1705.0,78.61
SIEMENS,2008-12-03,473341.0,119521.0,25.25
SRF,2008-12-03,58146.0,41111.0,70.7
SUNDARMFIN,2008-12-03,1491.0,1210.0,81.15
SUNPHARMA,2008-12-03,397649.0,243931.0,61.34
SUPREMEIND,2008-12-03,1627.0,708.0,43.52
SUZLON,2008-12-03,34686198.0,5326454.0,15.36
TATACOMM,2008-12-03,278478.0,82426.0,29.6
TATAELXSI,2008-12-03,4819.0,2943.0,61.07
TATAINVEST,2008-12-03,3060.0,2602.0,85.03
TATAPOWER,2008-12-03,629505.0,215081.0,34.17
TATASTEEL,2008-12-03,17730080.0,4874952.0,27.5
TCS,2008-12-03,2499498.0,1199293.0,47.98
TECHM,2008-12-03,151799.0,76154.0,50.17
THERMAX,2008-12-03,51771.0,25202.0,48.68
TITAN,2008-12-03,124465.0,62439.0,50.17
TORNTPHARM,2008-12-03,1486.0,824.0,55.45
TORNTPOWER,2008-12-03,18692.0,7151.0,38.26
TRENT,2008-12-03,92931.0,92588.0,99.63
TVSMOTOR,2008-12-03,76116.0,26767.0,35.17
UBL,2008-12-03,10679.0,8070.0,75.57
ULTRACEMCO,2008-12-03,282358.0,259768.0,92.0
UNIONBANK,2008-12-03,896171.0,301128.0,33.6
VOLTAS,2008-12-03,846477.0,504275.0,59.57
WIPRO,2008-12-03,1980684.0,539685.0,27.25
YESBANK,2008-12-03,423538.0,132178.0,31.21
3MINDIA,2008-12-04,9.0,9.0,100.0
ABB,2008-12-04,517711.0,236794.0,45.74
ACC,2008-12-04,397882.0,141370.0,35.53
ADANIENT,2008-12-04,87614.0,41161.0,46.98
AIAENG,2008-12-04,20168.0,18206.0,90.27
AJANTPHARM,2008-12-04,11688.0,11398.0,97.52
AMBUJACEM,2008-12-04,1708366.0,987809.0,57.82
APARINDS,2008-12-04,7414.0,4481.0,60.44
APOLLOHOSP,2008-12-04,38916.0,21230.0,54.55
APOLLOTYRE,2008-12-04,439936.0,388846.0,88.39
ASHOKLEY,2008-12-04,5900925.0,3242495.0,54.95
ASIANPAINT,2008-12-04,39558.0,37015.0,93.57
ASTRAL,2008-12-04,330.0,245.0,74.24
AUROPHARMA,2008-12-04,659228.0,525240.0,79.68
AXISBANK,2008-12-04,4903899.0,1603759.0,32.7
BAJAJ-AUTO,2008-12-04,66125.0,57546.0,87.03
BAJAJFINSV,2008-12-04,317345.0,312606.0,98.51
BAJAJHLDNG,2008-12-04,27176.0,18275.0,67.25
BALKRISIND,2008-12-04,102.0,100.0,98.04
BANKBARODA,2008-12-04,1302235.0,541173.0,41.56
BANKINDIA,2008-12-04,4469890.0,2325999.0,52.04
BEL,2008-12-04,79943.0,67655.0,84.63
BERGEPAINT,2008-12-04,16854.0,13691.0,81.23
BHARATFORG,2008-12-04,273286.0,165465.0,60.55
BHARTIARTL,2008-12-04,4464009.0,1960241.0,43.91
BHEL,2008-12-04,2381797.0,611631.0,25.68
BIOCON,2008-12-04,84010.0,43681.0,51.99
BLUESTARCO,2008-12-04,26908.0,17810.0,66.19
BOSCHLTD,2008-12-04,4448.0,4140.0,93.08
BPCL,2008-12-04,485438.0,210470.0,43.36
BRITANNIA,2008-12-04,4561.0,3609.0,79.13
CANBK,2008-12-04,694722.0,308339.0,44.38
CIPLA,2008-12-04,1291499.0,821002.0,63.57
COLPAL,2008-12-04,56097.0,44500.0,79.33
CONCOR,2008-12-04,2521.0,1474.0,58.47
CRISIL,2008-12-04,8368.0,5767.0,68.92
CUMMINSIND,2008-12-04,81287.0,53426.0,65.73
DABUR,2008-12-04,259728.0,182547.0,70.28
DIVISLAB,2008-12-04,52125.0,17591.0,33.75
DLF,2008-12-04,16145192.0,2560331.0,15.86
DRREDDY,2008-12-04,613628.0,294860.0,48.05
EICHERMOT,2008-12-04,2449.0,1310.0,53.49
ESCORTS,2008-12-04,122014.0,50963.0,41.77
EXIDEIND,2008-12-04,280312.0,182851.0,65.23
FEDERALBNK,2008-12-04,346678.0,298651.0,86.15
FORTIS,2008-12-04,54066.0,33005.0,61.05
GAIL,2008-12-04,1881605.0,920063.0,48.9
GLAXO,2008-12-04,27968.0,20516.0,73.36
GLENMARK,2008-12-04,427337.0,342514.0,80.15
GODFRYPHLP,2008-12-04,53.0,53.0,100.0
GODREJCP,2008-12-04,86495.0,70065.0,81.0
GODREJIND,2008-12-04,384082.0,228243.0,59.43
GRASIM,2008-12-04,287371.0,243208.0,84.63
HAVELLS,2008-12-04,224245.0,210621.0,93.92
HCLTECH,2008-12-04,1758762.0,1092286.0,62.11
HDFCBANK,2008-12-04,1789549.0,622890.0,34.81
HINDALCO,2008-12-04,8014255.0,1700746.0,21.22
HINDPETRO,2008-12-04,1527577.0,1054055.0,69.0
HINDUNILVR,2008-12-04,2068631.0,1289060.0,62.31
HINDZINC,2008-12-04,66031.0,28235.0,42.76
HONAUT,2008-12-04,206.0,197.0,95.63
ICICIBANK,2008-12-04,10839747.0,3295771.0,30.4
IDEA,2008-12-04,2158020.0,514325.0,23.83
INDHOTEL,2008-12-04,1026479.0,506546.0,49.35
INDIANB,2008-12-04,395406.0,240536.0,60.83
INDUSINDBK,2008-12-04,289050.0,161969.0,56.03
IOC,2008-12-04,88838.0,21058.0,23.7
IPCALAB,2008-12-04,8501.0,2482.0,29.2
ITC,2008-12-04,3606848.0,2055484.0,56.99
JINDALSTEL,2008-12-04,704641.0,301036.0,42.72
JKCEMENT,2008-12-04,9937.0,9108.0,91.66
JSL,2008-12-04,232380.0,92601.0,39.85
JSWSTEEL,2008-12-04,1380658.0,336478.0,24.37
KEI,2008-12-04,110858.0,52384.0,47.25
KOTAKBANK,2008-12-04,1285116.0,200788.0,15.62
KPRMILL,2008-12-04,1096.0,455.0,41.51
LICHSGFIN,2008-12-04,7771501.0,1520100.0,19.56
LT,2008-12-04,4293640.0,1401997.0,32.65
LUPIN,2008-12-04,50203.0,35054.0,69.82
M&M,2008-12-04,691709.0,199553.0,28.85
M&MFIN,2008-12-04,56957.0,56655.0,99.47
MAHABANK,2008-12-04,385899.0,266455.0,69.05
MARICO,2008-12-04,131428.0,106029.0,80.67
MARUTI,2008-12-04,1548577.0,663124.0,42.82
MOTILALOFS,2008-12-04,5139.0,2855.0,55.56
MPHASIS,2008-12-04,78792.0,47659.0,60.49
MRF,2008-12-04,1073.0,499.0,46.51
NATIONALUM,2008-12-04,369292.0,53063.0,14.37
NAUKRI,2008-12-04,658.0,145.0,22.04
NMDC,2008-12-04,59376.0,10776.0,18.15
NTPC,2008-12-04,5549940.0,1497856.0,26.99
OFSS,2008-12-04,16272.0,6501.0,39.95
ONGC,2008-12-04,1809068.0,676669.0,37.4
PAGEIND,2008-12-04,848.0,696.0,82.08
PETRONET,2008-12-04,708786.0,350170.0,49.4
PFC,2008-12-04,341114.0,211291.0,61.94
PHOENIXLTD,2008-12-04,41721.0,35482.0,85.05
PIDILITIND,2008-12-04,1620.0,1371.0,84.63
PNB,2008-12-04,812183.0,138222.0,17.02
POWERGRID,2008-12-04,2614605.0,952413.0,36.43
RADICO,2008-12-04,45298.0,18962.0,41.86
RECLTD,2008-12-04,234140.0,192692.0,82.3
RELIANCE,2008-12-04,9266428.0,2333806.0,25.19
SAIL,2008-12-04,19350395.0,6708521.0,34.67
SBIN,2008-12-04,4680781.0,1174958.0,25.1
SHREECEM,2008-12-04,13156.0,12140.0,92.28
SIEMENS,2008-12-04,714065.0,184159.0,25.79
SRF,2008-12-04,62486.0,30843.0,49.36
SUNDARMFIN,2008-12-04,962.0,880.0,91.48
SUNPHARMA,2008-12-04,425867.0,251408.0,59.03
SUPREMEIND,2008-12-04,8664.0,6189.0,71.43
SUZLON,2008-12-04,51179906.0,7983066.0,15.6
TATACOMM,2008-12-04,259025.0,57980.0,22.38
TATAELXSI,2008-12-04,6190.0,2910.0,47.01
TATAINVEST,2008-12-04,4574.0,3362.0,73.5
TATAPOWER,2008-12-04,533868.0,169584.0,31.77
TATASTEEL,2008-12-04,12974753.0,2508713.0,19.34
TCS,2008-12-04,2064127.0,1113845.0,53.96
TECHM,2008-12-04,119839.0,45255.0,37.76
THERMAX,2008-12-04,62318.0,50601.0,81.2
TITAN,2008-12-04,276651.0,128489.0,46.44
TORNTPHARM,2008-12-04,8008.0,4674.0,58.37
TORNTPOWER,2008-12-04,31059.0,16416.0,52.85
TRENT,2008-12-04,110316.0,108166.0,98.05
TVSMOTOR,2008-12-04,84461.0,37179.0,44.02
UBL,2008-12-04,8263.0,7899.0,95.59
ULTRACEMCO,2008-12-04,52418.0,27892.0,53.21
UNIONBANK,2008-12-04,777907.0,219840.0,28.26
VOLTAS,2008-12-04,1746741.0,778996.0,44.6
WIPRO,2008-12-04,1134839.0,212063.0,18.69
YESBANK,2008-12-04,1133478.0,553084.0,48.8
3MINDIA,2008-12-05,232.0,148.0,63.79
ABB,2008-12-05,428989.0,140054.0,32.65
ACC,2008-12-05,587763.0,261390.0,44.47
ADANIENT,2008-12-05,40664.0,22767.0,55.99
AIAENG,2008-12-05,21194.0,18175.0,85.76
AJANTPHARM,2008-12-05,843.0,639.0,75.8
AMBUJACEM,2008-12-05,1287367.0,364158.0,28.29
APARINDS,2008-12-05,2258.0,1115.0,49.38
APOLLOHOSP,2008-12-05,14860.0,6735.0,45.32
APOLLOTYRE,2008-12-05,166968.0,112865.0,67.6
ASHOKLEY,2008-12-05,7365793.0,3314921.0,45.0
ASIANPAINT,2008-12-05,5887.0,4913.0,83.46
ASTRAL,2008-12-05,778.0,773.0,99.36
AUROPHARMA,2008-12-05,260256.0,64342.0,24.72
AXISBANK,2008-12-05,4162259.0,608708.0,14.62
BAJAJ-AUTO,2008-12-05,35909.0,25774.0,71.78
BAJAJFINSV,2008-12-05,30213.0,27903.0,92.35
BAJAJHLDNG,2008-12-05,22414.0,17379.0,77.54
BALKRISIND,2008-12-05,210.0,183.0,87.14
BANKBARODA,2008-12-05,1191146.0,462228.0,38.81
BANKINDIA,2008-12-05,3571950.0,1884404.0,52.76
BEL,2008-12-05,40193.0,19339.0,48.12
BERGEPAINT,2008-12-05,9296.0,6040.0,64.97
BHARATFORG,2008-12-05,600185.0,440809.0,73.45
BHARTIARTL,2008-12-05,2981438.0,858109.0,28.78
BHEL,2008-12-05,1880793.0,238680.0,12.69
BIOCON,2008-12-05,77149.0,27738.0,35.95
BLUESTARCO,2008-12-05,15203.0,11868.0,78.06
BOSCHLTD,2008-12-05,743.0,510.0,68.64
BPCL,2008-12-05,824542.0,482154.0,58.48
BRITANNIA,2008-12-05,36380.0,35986.0,98.92
CANBK,2008-12-05,439783.0,109112.0,24.81
CIPLA,2008-12-05,839384.0,322415.0,38.41
COLPAL,2008-12-05,94192.0,79959.0,84.89
CONCOR,2008-12-05,2526.0,1576.0,62.39
CRISIL,2008-12-05,14974.0,10622.0,70.94
CUMMINSIND,2008-12-05,9191.0,4027.0,43.81
DABUR,2008-12-05,139272.0,57644.0,41.39
DIVISLAB,2008-12-05,110883.0,69420.0,62.61
DLF,2008-12-05,15536364.0,2091775.0,13.46
DRREDDY,2008-12-05,347898.0,187428.0,53.87
EICHERMOT,2008-12-05,1088.0,715.0,65.72
ESCORTS,2008-12-05,75753.0,27315.0,36.06
EXIDEIND,2008-12-05,47992.0,22254.0,46.37
FEDERALBNK,2008-12-05,87322.0,53916.0,61.74
FORTIS,2008-12-05,236538.0,140152.0,59.25
GAIL,2008-12-05,2001681.0,970072.0,48.46
GLAXO,2008-12-05,3268.0,2168.0,66.34
GLENMARK,2008-12-05,327078.0,155851.0,47.65
GODFRYPHLP,2008-12-05,317.0,300.0,94.64
GODREJCP,2008-12-05,10801.0,8444.0,78.18
GODREJIND,2008-12-05,593852.0,394347.0,66.4
GRASIM,2008-12-05,179136.0,111418.0,62.2
HAVELLS,2008-12-05,189865.0,175090.0,92.22
HCLTECH,2008-12-05,1098842.0,670640.0,61.03
HDFCBANK,2008-12-05,1992039.0,517366.0,25.97
HINDALCO,2008-12-05,5256441.0,1793531.0,34.12
HINDPETRO,2008-12-05,2300558.0,1374834.0,59.76
HINDUNILVR,2008-12-05,2478090.0,1551977.0,62.63
HINDZINC,2008-12-05,30801.0,10369.0,33.66
HONAUT,2008-12-05,86.0,52.0,60.47
ICICIBANK,2008-12-05,21857882.0,4988766.0,22.82
IDEA,2008-12-05,3795212.0,875983.0,23.08
INDHOTEL,2008-12-05,1217314.0,428384.0,35.19
INDIANB,2008-12-05,312656.0,213133.0,68.17
INDUSINDBK,2008-12-05,216253.0,83730.0,38.72
IOC,2008-12-05,1040046.0,525474.0,50.52
IPCALAB,2008-12-05,5814.0,4200.0,72.24
ITC,2008-12-05,2528204.0,1290278.0,51.04
JINDALSTEL,2008-12-05,669353.0,262711.0,39.25
JKCEMENT,2008-12-05,16933.0,16481.0,97.33
JSL,2008-12-05,105107.0,51059.0,48.58
JSWSTEEL,2008-12-05,1130490.0,146669.0,12.97
KEI,2008-12-05,124920.0,86388.0,69.15
KOTAKBANK,2008-12-05,2874573.0,628101.0,21.85
KPRMILL,2008-12-05,1201.0,991.0,82.51
LICHSGFIN,2008-12-05,3944407.0,848243.0,21.5
LT,2008-12-05,2693444.0,516242.0,19.17
LUPIN,2008-12-05,27853.0,11893.0,42.7
M&M,2008-12-05,434250.0,88927.0,20.48
M&MFIN,2008-12-05,60182.0,57530.0,95.59
MAHABANK,2008-12-05,274694.0,140119.0,51.01
MARICO,2008-12-05,85933.0,58163.0,67.68
MARUTI,2008-12-05,1210630.0,355496.0,29.36
MOTILALOFS,2008-12-05,25308.0,18185.0,71.85
MPHASIS,2008-12-05,10394.0,2872.0,27.63
MRF,2008-12-05,500.0,217.0,43.4
NATIONALUM,2008-12-05,474657.0,57848.0,12.19
NAUKRI,2008-12-05,66.0,15.0,22.73
NMDC,2008-12-05,36472.0,12023.0,32.97
NTPC,2008-12-05,6902516.0,1869276.0,27.08
OFSS,2008-12-05,10522.0,3752.0,35.66
ONGC,2008-12-05,3107551.0,1327136.0,42.71
PETRONET,2008-12-05,415774.0,180968.0,43.53
PFC,2008-12-05,153871.0,79922.0,51.94
PHOENIXLTD,2008-12-05,12637.0,10396.0,82.27
PIDILITIND,2008-12-05,8864.0,6925.0,78.12
PNB,2008-12-05,960244.0,218362.0,22.74
POWERGRID,2008-12-05,3003167.0,768739.0,25.6
RADICO,2008-12-05,45882.0,36298.0,79.11
RECLTD,2008-12-05,1864378.0,1766664.0,94.76
RELIANCE,2008-12-05,6679613.0,889986.0,13.32
SAIL,2008-12-05,15493951.0,2985450.0,19.27
SBIN,2008-12-05,4779702.0,747341.0,15.64
SHREECEM,2008-12-05,35301.0,33850.0,95.89
SIEMENS,2008-12-05,474834.0,131736.0,27.74
SRF,2008-12-05,89309.0,38816.0,43.46
SUNDARMFIN,2008-12-05,1890.0,1112.0,58.84
SUNPHARMA,2008-12-05,678186.0,450922.0,66.49
SUPREMEIND,2008-12-05,560.0,493.0,88.04
SUZLON,2008-12-05,45979606.0,8701118.0,18.92
TATACOMM,2008-12-05,208446.0,22050.0,10.58
TATAELXSI,2008-12-05,5812.0,1842.0,31.69
TATAINVEST,2008-12-05,2998.0,2275.0,75.88
TATAPOWER,2008-12-05,496216.0,68432.0,13.79
TATASTEEL,2008-12-05,11358917.0,1504755.0,13.25
TCS,2008-12-05,1776362.0,966312.0,54.4
TECHM,2008-12-05,66776.0,12953.0,19.4
THERMAX,2008-12-05,159252.0,71882.0,45.14
TITAN,2008-12-05,146693.0,75542.0,51.5
TORNTPHARM,2008-12-05,4832.0,3395.0,70.26
TORNTPOWER,2008-12-05,49509.0,15859.0,32.03
TRENT,2008-12-05,18808.0,18288.0,97.24
TVSMOTOR,2008-12-05,138107.0,79229.0,57.37
UBL,2008-12-05,3604.0,3193.0,88.6
ULTRACEMCO,2008-12-05,113815.0,99126.0,87.09
UNIONBANK,2008-12-05,841983.0,294781.0,35.01
VOLTAS,2008-12-05,1098200.0,447076.0,40.71
WIPRO,2008-12-05,1213159.0,358172.0,29.52
YESBANK,2008-12-05,1031163.0,194166.0,18.83
3MINDIA,2008-12-08,94.0,46.0,48.94
ABB,2008-12-08,532054.0,222868.0,41.89
ACC,2008-12-08,379976.0,181230.0,47.7
ADANIENT,2008-12-08,19409.0,9066.0,46.71
AIAENG,2008-12-08,67874.0,63108.0,92.98
AJANTPHARM,2008-12-08,8535.0,7911.0,92.69
AMBUJACEM,2008-12-08,2665044.0,1552742.0,58.26
APARINDS,2008-12-08,11329.0,9257.0,81.71
APOLLOHOSP,2008-12-08,19008.0,9828.0,51.7
APOLLOTYRE,2008-12-08,193978.0,98570.0,50.82
ASHOKLEY,2008-12-08,4217452.0,2001652.0,47.46
ASIANPAINT,2008-12-08,4739.0,4023.0,84.89
ASTRAL,2008-12-08,3.0,0.0,0.0
AUROPHARMA,2008-12-08,171310.0,121171.0,70.73
AXISBANK,2008-12-08,2679101.0,602147.0,22.48
BAJAJ-AUTO,2008-12-08,35849.0,19984.0,55.74
BAJAJFINSV,2008-12-08,7298.0,4868.0,66.7
BAJAJHLDNG,2008-12-08,68212.0,57354.0,84.08
BALKRISIND,2008-12-08,31.0,31.0,100.0
BANKBARODA,2008-12-08,967725.0,465204.0,48.07
BANKINDIA,2008-12-08,2866749.0,1249382.0,43.58
BEL,2008-12-08,95998.0,67945.0,70.78
BERGEPAINT,2008-12-08,32692.0,25530.0,78.09
BHARATFORG,2008-12-08,645120.0,528125.0,81.86
BHARTIARTL,2008-12-08,4375563.0,1599450.0,36.55
BHEL,2008-12-08,2006684.0,604528.0,30.13
BIOCON,2008-12-08,37108.0,20313.0,54.74
BLUESTARCO,2008-12-08,9299.0,6823.0,73.37
BOSCHLTD,2008-12-08,698.0,527.0,75.5
BPCL,2008-12-08,786216.0,300862.0,38.27
BRITANNIA,2008-12-08,1782.0,1128.0,63.3
CANBK,2008-12-08,600479.0,301574.0,50.22
CIPLA,2008-12-08,1684463.0,1178942.0,69.99
COLPAL,2008-12-08,56882.0,43406.0,76.31
CONCOR,2008-12-08,2649.0,1530.0,57.76
CRISIL,2008-12-08,1270.0,754.0,59.37
CUMMINSIND,2008-12-08,155258.0,145285.0,93.58
DABUR,2008-12-08,845075.0,705397.0,83.47
DIVISLAB,2008-12-08,68023.0,38342.0,56.37
DLF,2008-12-08,20190887.0,4178071.0,20.69
DRREDDY,2008-12-08,126424.0,70941.0,56.11
EICHERMOT,2008-12-08,2062.0,1129.0,54.75
ESCORTS,2008-12-08,186561.0,75746.0,40.6
EXIDEIND,2008-12-08,42102.0,19349.0,45.96
FEDERALBNK,2008-12-08,100633.0,64763.0,64.36
FORTIS,2008-12-08,96718.0,54372.0,56.22
GAIL,2008-12-08,2668491.0,1704473.0,63.87
GLAXO,2008-12-08,7179.0,4536.0,63.18
GLENMARK,2008-12-08,551694.0,351056.0,63.63
GODFRYPHLP,2008-12-08,670.0,613.0,91.49
GODREJCP,2008-12-08,37038.0,33453.0,90.32
GODREJIND,2008-12-08,248275.0,124489.0,50.14
GRASIM,2008-12-08,252661.0,170596.0,67.52
HAVELLS,2008-12-08,29545.0,14301.0,48.4
HCLTECH,2008-12-08,916008.0,498291.0,54.4
HDFCBANK,2008-12-08,2464332.0,1287383.0,52.24
HINDALCO,2008-12-08,8154205.0,3107763.0,38.11
HINDPETRO,2008-12-08,1934338.0,1354105.0,70.0
HINDUNILVR,2008-12-08,5254057.0,3661874.0,69.7
HINDZINC,2008-12-08,83013.0,35695.0,43.0
HONAUT,2008-12-08,743.0,427.0,57.47
ICICIBANK,2008-12-08,12053536.0,2305720.0,19.13
IDEA,2008-12-08,5315641.0,1501947.0,28.26
INDHOTEL,2008-12-08,1503957.0,980464.0,65.19
INDIANB,2008-12-08,311276.0,201176.0,64.63
INDUSINDBK,2008-12-08,270152.0,127471.0,47.18
IOC,2008-12-08,316177.0,151750.0,48.0
IPCALAB,2008-12-08,1788.0,897.0,50.17
ITC,2008-12-08,6717189.0,4690952.0,69.84
JINDALSTEL,2008-12-08,794722.0,411388.0,51.77
JKCEMENT,2008-12-08,37257.0,30778.0,82.61
JSL,2008-12-08,171160.0,111752.0,65.29
JSWSTEEL,2008-12-08,869199.0,126695.0,14.58
KEI,2008-12-08,89414.0,56330.0,63.0
KOTAKBANK,2008-12-08,1804384.0,286004.0,15.85
KPRMILL,2008-12-08,1012.0,867.0,85.67
LICHSGFIN,2008-12-08,1697486.0,322419.0,18.99
LT,2008-12-08,3290835.0,893803.0,27.16
LUPIN,2008-12-08,59133.0,37959.0,64.19
M&M,2008-12-08,411619.0,116883.0,28.4
M&MFIN,2008-12-08,19664.0,17532.0,89.16
MAHABANK,2008-12-08,171072.0,102374.0,59.84
MARICO,2008-12-08,61390.0,52616.0,85.71
MARUTI,2008-12-08,2471680.0,805527.0,32.59
MOTILALOFS,2008-12-08,20372.0,14201.0,69.71
MPHASIS,2008-12-08,14077.0,6915.0,49.12
MRF,2008-12-08,920.0,473.0,51.41
NATIONALUM,2008-12-08,477949.0,122421.0,25.61
NAUKRI,2008-12-08,7936.0,7708.0,97.13
NMDC,2008-12-08,53431.0,17168.0,32.13
NTPC,2008-12-08,9500845.0,3861227.0,40.64
OFSS,2008-12-08,41915.0,35696.0,85.16
ONGC,2008-12-08,2824255.0,1788557.0,63.33
PAGEIND,2008-12-08,65.0,55.0,84.62
PETRONET,2008-12-08,383465.0,192292.0,50.15
PFC,2008-12-08,286056.0,179369.0,62.7
PHOENIXLTD,2008-12-08,58713.0,52265.0,89.02
PIDILITIND,2008-12-08,3099.0,1353.0,43.66
PNB,2008-12-08,936368.0,354305.0,37.84
POWERGRID,2008-12-08,6586476.0,2729617.0,41.44
RADICO,2008-12-08,25978.0,13660.0,52.58
RECLTD,2008-12-08,324580.0,241842.0,74.51
RELIANCE,2008-12-08,6965801.0,1751139.0,25.14
SAIL,2008-12-08,17677935.0,5809319.0,32.86
SBIN,2008-12-08,3995284.0,1015535.0,25.42
SHREECEM,2008-12-08,6591.0,6475.0,98.24
SIEMENS,2008-12-08,692405.0,251666.0,36.35
SRF,2008-12-08,61643.0,23158.0,37.57
SUNDARMFIN,2008-12-08,478.0,302.0,63.18
SUNPHARMA,2008-12-08,364029.0,202705.0,55.68
SUPREMEIND,2008-12-08,1982.0,975.0,49.19
SUZLON,2008-12-08,32557379.0,7352330.0,22.58
TATACOMM,2008-12-08,264334.0,33707.0,12.75
TATAELXSI,2008-12-08,3582.0,2565.0,71.61
TATAINVEST,2008-12-08,12333.0,9932.0,80.53
TATAPOWER,2008-12-08,655073.0,246460.0,37.62
TATASTEEL,2008-12-08,16184726.0,3330694.0,20.58
TCS,2008-12-08,1905351.0,986370.0,51.77
TECHM,2008-12-08,57430.0,30956.0,53.9
THERMAX,2008-12-08,100440.0,46339.0,46.14
TITAN,2008-12-08,116616.0,37061.0,31.78
TORNTPHARM,2008-12-08,1993.0,1299.0,65.18
TORNTPOWER,2008-12-08,62428.0,22990.0,36.83
TRENT,2008-12-08,7474.0,7059.0,94.45
TVSMOTOR,2008-12-08,400266.0,208835.0,52.17
UBL,2008-12-08,3231.0,2454.0,75.95
ULTRACEMCO,2008-12-08,166377.0,136282.0,81.91
UNIONBANK,2008-12-08,800656.0,217534.0,27.17
VOLTAS,2008-12-08,603617.0,319520.0,52.93
WIPRO,2008-12-08,1693186.0,430008.0,25.4
YESBANK,2008-12-08,833188.0,374944.0,45.0
3MINDIA,2008-12-10,591.0,576.0,97.46
ABB,2008-12-10,522242.0,233714.0,44.75
ACC,2008-12-10,574880.0,162650.0,28.29
ADANIENT,2008-12-10,15953.0,7829.0,49.08
AIAENG,2008-12-10,71717.0,54236.0,75.63
AJANTPHARM,2008-12-10,739.0,389.0,52.64
AMBUJACEM,2008-12-10,2747028.0,1347165.0,49.04
APARINDS,2008-12-10,13952.0,11596.0,83.11
APOLLOHOSP,2008-12-10,27688.0,11815.0,42.67
APOLLOTYRE,2008-12-10,784975.0,564469.0,71.91
ASHOKLEY,2008-12-10,6051612.0,3785580.0,62.55
ASIANPAINT,2008-12-10,5701.0,3888.0,68.2
ASTRAL,2008-12-10,1380.0,870.0,63.04
AUROPHARMA,2008-12-10,366553.0,226642.0,61.83
AXISBANK,2008-12-10,4641401.0,1091444.0,23.52
BAJAJ-AUTO,2008-12-10,236991.0,216605.0,91.4
BAJAJFINSV,2008-12-10,359828.0,350930.0,97.53
BAJAJHLDNG,2008-12-10,159300.0,149877.0,94.08
BALKRISIND,2008-12-10,529.0,492.0,93.01
BANKBARODA,2008-12-10,1128380.0,519175.0,46.01
BANKINDIA,2008-12-10,2330372.0,911621.0,39.12
BEL,2008-12-10,102414.0,59986.0,58.57
BERGEPAINT,2008-12-10,37053.0,30917.0,83.44
BHARATFORG,2008-12-10,355544.0,265680.0,74.72
BHARTIARTL,2008-12-10,5771499.0,3119227.0,54.05
BHEL,2008-12-10,1904939.0,456114.0,23.94
BIOCON,2008-12-10,45299.0,22637.0,49.97
BLUESTARCO,2008-12-10,10456.0,6931.0,66.29
BOSCHLTD,2008-12-10,3880.0,2310.0,59.54
BPCL,2008-12-10,496301.0,196126.0,39.52
BRITANNIA,2008-12-10,16003.0,15682.0,97.99
CANBK,2008-12-10,877063.0,525009.0,59.86
CIPLA,2008-12-10,1082211.0,722566.0,66.77
COLPAL,2008-12-10,37062.0,26158.0,70.58
CONCOR,2008-12-10,20984.0,17339.0,82.63
CRISIL,2008-12-10,2212.0,1854.0,83.82
CUMMINSIND,2008-12-10,72429.0,60365.0,83.34
DABUR,2008-12-10,719612.0,639587.0,88.88
DIVISLAB,2008-12-10,66009.0,44290.0,67.1
DLF,2008-12-10,26196390.0,4832610.0,18.45
DRREDDY,2008-12-10,630621.0,377254.0,59.82
EICHERMOT,2008-12-10,2872.0,1940.0,67.55
ESCORTS,2008-12-10,2122144.0,243936.0,11.49
EXIDEIND,2008-12-10,967938.0,948151.0,97.96
FEDERALBNK,2008-12-10,136845.0,109157.0,79.77
FORTIS,2008-12-10,66868.0,43222.0,64.64
GAIL,2008-12-10,2363553.0,1293292.0,54.72
GLAXO,2008-12-10,100687.0,87535.0,86.94
GLENMARK,2008-12-10,1511644.0,712867.0,47.16
GODFRYPHLP,2008-12-10,171.0,166.0,97.08
GODREJCP,2008-12-10,167518.0,164980.0,98.48
GODREJIND,2008-12-10,440964.0,206523.0,46.83
GRASIM,2008-12-10,447030.0,219582.0,49.12
HAVELLS,2008-12-10,47979.0,36068.0,75.17
HCLTECH,2008-12-10,1053175.0,638180.0,60.6
HDFCBANK,2008-12-10,3229937.0,1841347.0,57.01
HINDALCO,2008-12-10,11416908.0,4772263.0,41.8
HINDPETRO,2008-12-10,664027.0,369568.0,55.66
HINDUNILVR,2008-12-10,4117902.0,2534658.0,61.55
HINDZINC,2008-12-10,76759.0,38473.0,50.12
HONAUT,2008-12-10,117.0,90.0,76.92
ICICIBANK,2008-12-10,13415046.0,3310063.0,24.67
IDEA,2008-12-10,4978223.0,2927084.0,58.8
INDHOTEL,2008-12-10,756317.0,416044.0,55.01
INDIANB,2008-12-10,217316.0,103931.0,47.82
INDUSINDBK,2008-12-10,611003.0,294665.0,48.23
IOC,2008-12-10,87705.0,28136.0,32.08
IPCALAB,2008-12-10,6096.0,4448.0,72.97
ITC,2008-12-10,5686008.0,3574342.0,62.86
JINDALSTEL,2008-12-10,1162017.0,591153.0,50.87
JKCEMENT,2008-12-10,333529.0,325951.0,97.73
JSL,2008-12-10,351316.0,195586.0,55.67
JSWSTEEL,2008-12-10,1209408.0,476494.0,39.4
KEI,2008-12-10,162596.0,95975.0,59.03
KOTAKBANK,2008-12-10,2274029.0,631179.0,27.76
KPRMILL,2008-12-10,562.0,522.0,92.88
LICHSGFIN,2008-12-10,1842967.0,206576.0,11.21
LT,2008-12-10,3734638.0,1203795.0,32.23
LUPIN,2008-12-10,66769.0,43426.0,65.04
M&M,2008-12-10,1082866.0,443877.0,40.99
M&MFIN,2008-12-10,10490.0,8020.0,76.45
MAHABANK,2008-12-10,192412.0,134154.0,69.72
MARICO,2008-12-10,396384.0,363479.0,91.7
MARUTI,2008-12-10,1258399.0,349474.0,27.77
MOTILALOFS,2008-12-10,39147.0,29160.0,74.49
MPHASIS,2008-12-10,52059.0,40190.0,77.2
MRF,2008-12-10,1327.0,516.0,38.88
NATIONALUM,2008-12-10,1206955.0,445659.0,36.92
NAUKRI,2008-12-10,3038.0,2756.0,90.72
NMDC,2008-12-10,26800.0,9606.0,35.84
NTPC,2008-12-10,9167951.0,3910648.0,42.66
OFSS,2008-12-10,13119.0,7097.0,54.1
ONGC,2008-12-10,2275312.0,1070877.0,47.07
PAGEIND,2008-12-10,209.0,166.0,79.43
PETRONET,2008-12-10,380187.0,211966.0,55.75
PFC,2008-12-10,1344854.0,727677.0,54.11
PHOENIXLTD,2008-12-10,128885.0,116446.0,90.35
PIDILITIND,2008-12-10,5074.0,3141.0,61.9
PNB,2008-12-10,822386.0,230852.0,28.07
POWERGRID,2008-12-10,6284291.0,2882430.0,45.87
RADICO,2008-12-10,28721.0,16465.0,57.33
RECLTD,2008-12-10,7055912.0,6859437.0,97.22
RELIANCE,2008-12-10,7518930.0,1991852.0,26.49
SAIL,2008-12-10,26293865.0,5931345.0,22.56
SBIN,2008-12-10,4208552.0,552803.0,13.14
SHREECEM,2008-12-10,87212.0,75434.0,86.49
SIEMENS,2008-12-10,909710.0,288251.0,31.69
SRF,2008-12-10,38610.0,18896.0,48.94
SUNDARMFIN,2008-12-10,7546.0,4902.0,64.96
SUNPHARMA,2008-12-10,634401.0,424698.0,66.94
SUPREMEIND,2008-12-10,58563.0,57369.0,97.96
SUZLON,2008-12-10,48191834.0,8942675.0,18.56
TATACOMM,2008-12-10,745666.0,223384.0,29.96
TATAELXSI,2008-12-10,3747.0,1485.0,39.63
TATAINVEST,2008-12-10,7577.0,7268.0,95.92
TATAPOWER,2008-12-10,973365.0,445461.0,45.77
TATASTEEL,2008-12-10,15661932.0,3301945.0,21.08
TCS,2008-12-10,2022095.0,1047157.0,51.79
TECHM,2008-12-10,82544.0,35526.0,43.04
THERMAX,2008-12-10,117169.0,43870.0,37.44
TITAN,2008-12-10,139029.0,76633.0,55.12
TORNTPHARM,2008-12-10,3500.0,2607.0,74.49
TORNTPOWER,2008-12-10,70578.0,36393.0,51.56
TRENT,2008-12-10,6955.0,6784.0,97.54
TVSMOTOR,2008-12-10,153335.0,54619.0,35.62
UBL,2008-12-10,3451.0,2314.0,67.05
ULTRACEMCO,2008-12-10,799845.0,663008.0,82.89
UNIONBANK,2008-12-10,1135136.0,358632.0,31.59
VOLTAS,2008-12-10,979295.0,398965.0,40.74
WIPRO,2008-12-10,1703337.0,639074.0,37.52
YESBANK,2008-12-10,954228.0,277729.0,29.11
3MINDIA,2008-12-11,200.0,135.0,67.5
ABB,2008-12-11,358708.0,131305.0,36.6
ACC,2008-12-11,647607.0,227273.0,35.09
ADANIENT,2008-12-11,15459.0,7476.0,48.36
AIAENG,2008-12-11,12163.0,7137.0,58.68
AJANTPHARM,2008-12-11,2703.0,1718.0,63.56
AMBUJACEM,2008-12-11,2153246.0,921455.0,42.79
APARINDS,2008-12-11,3211.0,2370.0,73.81
APOLLOHOSP,2008-12-11,28141.0,10511.0,37.35
APOLLOTYRE,2008-12-11,1039135.0,573176.0,55.16
ASHOKLEY,2008-12-11,6446871.0,3284609.0,50.95
ASIANPAINT,2008-12-11,13375.0,12241.0,91.52
ASTRAL,2008-12-11,20.0,17.0,85.0
AUROPHARMA,2008-12-11,309496.0,133350.0,43.09
AXISBANK,2008-12-11,3398607.0,523697.0,15.41
BAJAJ-AUTO,2008-12-11,62140.0,46186.0,74.33
BAJAJFINSV,2008-12-11,27429.0,22287.0,81.25
BAJAJHLDNG,2008-12-11,132431.0,113784.0,85.92
BALKRISIND,2008-12-11,449.0,422.0,93.99
BANKBARODA,2008-12-11,1013747.0,402186.0,39.67
BANKINDIA,2008-12-11,2589476.0,1033761.0,39.92
BEL,2008-12-11,222722.0,201235.0,90.35
BERGEPAINT,2008-12-11,11107.0,8622.0,77.63
BHARATFORG,2008-12-11,624074.0,510928.0,81.87
BHARTIARTL,2008-12-11,5018525.0,2549153.0,50.79
BHEL,2008-12-11,1576019.0,355885.0,22.58
BIOCON,2008-12-11,106315.0,49533.0,46.59
BLUESTARCO,2008-12-11,7229.0,4733.0,65.47
BOSCHLTD,2008-12-11,20603.0,19716.0,95.69
BPCL,2008-12-11,545631.0,305302.0,55.95
BRITANNIA,2008-12-11,2678.0,2038.0,76.1
CANBK,2008-12-11,842269.0,344860.0,40.94
CIPLA,2008-12-11,1825447.0,1277914.0,70.01
COLPAL,2008-12-11,37103.0,31222.0,84.15
CONCOR,2008-12-11,12593.0,10614.0,84.28
CRISIL,2008-12-11,1728.0,1508.0,87.27
CUMMINSIND,2008-12-11,399850.0,354128.0,88.57
DABUR,2008-12-11,749700.0,625320.0,83.41
DIVISLAB,2008-12-11,82797.0,57775.0,69.78
DLF,2008-12-11,22908063.0,1930565.0,8.43
DRREDDY,2008-12-11,635403.0,388218.0,61.1
EICHERMOT,2008-12-11,2372.0,1291.0,54.43
ESCORTS,2008-12-11,377575.0,102525.0,27.15
EXIDEIND,2008-12-11,1664786.0,1431982.0,86.02
FEDERALBNK,2008-12-11,336085.0,236634.0,70.41
FORTIS,2008-12-11,81100.0,55510.0,68.45
GAIL,2008-12-11,2222609.0,1365442.0,61.43
GLAXO,2008-12-11,42820.0,38571.0,90.08
GLENMARK,2008-12-11,1039069.0,566345.0,54.51
GODFRYPHLP,2008-12-11,52.0,20.0,38.46
GODREJCP,2008-12-11,50664.0,48589.0,95.9
GODREJIND,2008-12-11,374345.0,134570.0,35.95
GRASIM,2008-12-11,297875.0,114149.0,38.32
HAVELLS,2008-12-11,31776.0,13673.0,43.03
HCLTECH,2008-12-11,1542716.0,913271.0,59.2
HDFCBANK,2008-12-11,2232919.0,961260.0,43.05
HINDALCO,2008-12-11,10409813.0,5001477.0,48.05
HINDPETRO,2008-12-11,790668.0,443044.0,56.03
HINDUNILVR,2008-12-11,3313596.0,2184632.0,65.93
HINDZINC,2008-12-11,39661.0,15361.0,38.73
HONAUT,2008-12-11,128.0,102.0,79.69
ICICIBANK,2008-12-11,12208939.0,2393500.0,19.6
IDEA,2008-12-11,4261996.0,1583716.0,37.16
INDHOTEL,2008-12-11,943057.0,483143.0,51.23
INDIANB,2008-12-11,163414.0,85130.0,52.09
INDUSINDBK,2008-12-11,566411.0,160555.0,28.35
IOC,2008-12-11,501670.0,441475.0,88.0
IPCALAB,2008-12-11,786.0,634.0,80.66
ITC,2008-12-11,4161748.0,2575569.0,61.89
JINDALSTEL,2008-12-11,955943.0,388122.0,40.6
JKCEMENT,2008-12-11,41542.0,32176.0,77.45
JSL,2008-12-11,321866.0,128019.0,39.77
JSWSTEEL,2008-12-11,741982.0,175544.0,23.66
KEI,2008-12-11,273130.0,182697.0,66.89
KOTAKBANK,2008-12-11,1984000.0,503413.0,25.37
KPRMILL,2008-12-11,750.0,640.0,85.33
LICHSGFIN,2008-12-11,1242018.0,399882.0,32.2
LT,2008-12-11,3194794.0,864711.0,27.07
LUPIN,2008-12-11,120703.0,84780.0,70.24
M&M,2008-12-11,790258.0,343027.0,43.41
M&MFIN,2008-12-11,21743.0,14514.0,66.75
MAHABANK,2008-12-11,353379.0,214358.0,60.66
MARICO,2008-12-11,76986.0,53007.0,68.85
MARUTI,2008-12-11,1335168.0,497255.0,37.24
MOTILALOFS,2008-12-11,25068.0,17752.0,70.82
MPHASIS,2008-12-11,46876.0,34181.0,72.92
MRF,2008-12-11,1473.0,622.0,42.23
NATIONALUM,2008-12-11,467843.0,38459.0,8.22
NAUKRI,2008-12-11,1748.0,367.0,21.0
NMDC,2008-12-11,56376.0,14651.0,25.99
NTPC,2008-12-11,7730712.0,2698105.0,34.9
OFSS,2008-12-11,18575.0,11550.0,62.18
ONGC,2008-12-11,1769235.0,834645.0,47.18
PAGEIND,2008-12-11,10.0,8.0,80.0
PETRONET,2008-12-11,1663626.0,732725.0,44.04
PFC,2008-12-11,1411909.0,755408.0,53.5
PHOENIXLTD,2008-12-11,70535.0,56742.0,80.45
PIDILITIND,2008-12-11,11081.0,8136.0,73.42
PNB,2008-12-11,562962.0,119395.0,21.21
POWERGRID,2008-12-11,5550522.0,2904911.0,52.34
RADICO,2008-12-11,13224.0,6955.0,52.59
RECLTD,2008-12-11,5616238.0,4945180.0,88.05
RELIANCE,2008-12-11,9088095.0,2517155.0,27.7
SAIL,2008-12-11,18876949.0,3380631.0,17.91
SBIN,2008-12-11,4085977.0,276865.0,6.78
SHREECEM,2008-12-11,20954.0,18019.0,85.99
SIEMENS,2008-12-11,791760.0,323235.0,40.82
SRF,2008-12-11,120030.0,58019.0,48.34
SUNDARMFIN,2008-12-11,6602.0,5173.0,78.36
SUNPHARMA,2008-12-11,334996.0,200080.0,59.73
SUPREMEIND,2008-12-11,156615.0,135464.0,86.49
SUZLON,2008-12-11,57853064.0,14667330.0,25.35
TATACOMM,2008-12-11,405320.0,160742.0,39.66
TATAELXSI,2008-12-11,2273.0,1380.0,60.71
TATAINVEST,2008-12-11,11064.0,11058.0,99.95
TATAPOWER,2008-12-11,505891.0,146214.0,28.9
TATASTEEL,2008-12-11,12736672.0,2063670.0,16.2
TCS,2008-12-11,1825063.0,833080.0,45.65
TECHM,2008-12-11,57806.0,18445.0,31.91
THERMAX,2008-12-11,44722.0,23433.0,52.4
TITAN,2008-12-11,177065.0,82163.0,46.4
TORNTPHARM,2008-12-11,18901.0,12267.0,64.9
TORNTPOWER,2008-12-11,149162.0,86079.0,57.71
TRENT,2008-12-11,10102.0,9958.0,98.57
TVSMOTOR,2008-12-11,240099.0,121299.0,50.52
UBL,2008-12-11,71450.0,40879.0,57.21
ULTRACEMCO,2008-12-11,277893.0,150251.0,54.07
UNIONBANK,2008-12-11,1731868.0,757792.0,43.76
VOLTAS,2008-12-11,1187216.0,468238.0,39.44
WIPRO,2008-12-11,1239512.0,372273.0,30.03
YESBANK,2008-12-11,1090571.0,358889.0,32.91
3MINDIA,2008-12-12,84.0,66.0,78.57
ABB,2008-12-12,604649.0,246881.0,40.83
ACC,2008-12-12,428913.0,126204.0,29.42
ADANIENT,2008-12-12,27560.0,20423.0,74.1
AIAENG,2008-12-12,79019.0,31880.0,40.34
AJANTPHARM,2008-12-12,765.0,500.0,65.36
AMBUJACEM,2008-12-12,1807432.0,726190.0,40.18
APARINDS,2008-12-12,3538.0,3136.0,88.64
APOLLOHOSP,2008-12-12,35992.0,8827.0,24.52
APOLLOTYRE,2008-12-12,1501368.0,1065810.0,70.99
ASHOKLEY,2008-12-12,4546326.0,2170210.0,47.74
ASIANPAINT,2008-12-12,23281.0,21101.0,90.64
ASTRAL,2008-12-12,1394.0,1380.0,99.0
AUROPHARMA,2008-12-12,182031.0,86678.0,47.62
AXISBANK,2008-12-12,2990757.0,541590.0,18.11
BAJAJ-AUTO,2008-12-12,407966.0,224450.0,55.02
BAJAJFINSV,2008-12-12,37999.0,35718.0,94.0
BAJAJHLDNG,2008-12-12,47390.0,28578.0,60.3
BALKRISIND,2008-12-12,641.0,452.0,70.51
BANKBARODA,2008-12-12,859721.0,354600.0,41.25
BANKINDIA,2008-12-12,2219019.0,675465.0,30.44
BEL,2008-12-12,24119.0,18034.0,74.77
BERGEPAINT,2008-12-12,17082.0,13056.0,76.43
BHARATFORG,2008-12-12,875412.0,572860.0,65.44
BHARTIARTL,2008-12-12,4725806.0,2469114.0,52.25
BHEL,2008-12-12,1531469.0,357565.0,23.35
BIOCON,2008-12-12,67477.0,29237.0,43.33
BLUESTARCO,2008-12-12,12187.0,8042.0,65.99
BOSCHLTD,2008-12-12,1215.0,865.0,71.19
BPCL,2008-12-12,1134242.0,582974.0,51.4
BRITANNIA,2008-12-12,697.0,393.0,56.38
CANBK,2008-12-12,879692.0,450799.0,51.25
CIPLA,2008-12-12,1944828.0,1494375.0,76.84
COLPAL,2008-12-12,27811.0,16805.0,60.43
CONCOR,2008-12-12,16812.0,12750.0,75.84
CRISIL,2008-12-12,615.0,467.0,75.93
CUMMINSIND,2008-12-12,329198.0,278485.0,84.59
DABUR,2008-12-12,1215734.0,1043386.0,85.82
DIVISLAB,2008-12-12,30177.0,15092.0,50.01
DLF,2008-12-12,19396753.0,2447612.0,12.62
DRREDDY,2008-12-12,154823.0,72969.0,47.13
EICHERMOT,2008-12-12,4314.0,3562.0,82.57
ESCORTS,2008-12-12,256641.0,86166.0,33.57
EXIDEIND,2008-12-12,142106.0,74132.0,52.17
FEDERALBNK,2008-12-12,75198.0,40549.0,53.92
FORTIS,2008-12-12,65048.0,47585.0,73.15
GAIL,2008-12-12,2582508.0,1680858.0,65.09
GLAXO,2008-12-12,2838.0,2035.0,71.71
GLENMARK,2008-12-12,1066837.0,556551.0,52.17
GODFRYPHLP,2008-12-12,103.0,68.0,66.02
GODREJCP,2008-12-12,228818.0,216663.0,94.69
GODREJIND,2008-12-12,374599.0,148167.0,39.55
GRASIM,2008-12-12,91709.0,19874.0,21.67
HAVELLS,2008-12-12,56690.0,30590.0,53.96
HCLTECH,2008-12-12,1890462.0,1132241.0,59.89
HDFCBANK,2008-12-12,1607552.0,611278.0,38.03
HINDALCO,2008-12-12,7965107.0,2769493.0,34.77
HINDPETRO,2008-12-12,1698505.0,951555.0,56.02
HINDUNILVR,2008-12-12,3525884.0,2319218.0,65.78
HINDZINC,2008-12-12,50250.0,23850.0,47.46
HONAUT,2008-12-12,267.0,238.0,89.14
ICICIBANK,2008-12-12,10136385.0,1308333.0,12.91
IDEA,2008-12-12,3776441.0,1810974.0,47.95
INDHOTEL,2008-12-12,1049430.0,655594.0,62.47
INDIANB,2008-12-12,147999.0,87404.0,59.06
INDUSINDBK,2008-12-12,307425.0,130275.0,42.38
IOC,2008-12-12,635199.0,413035.0,65.02
IPCALAB,2008-12-12,2911.0,1830.0,62.86
ITC,2008-12-12,4586185.0,2761926.0,60.22
JINDALSTEL,2008-12-12,1153387.0,363191.0,31.49
JKCEMENT,2008-12-12,50797.0,42895.0,84.44
JSL,2008-12-12,480402.0,187171.0,38.96
JSWSTEEL,2008-12-12,914556.0,254815.0,27.86
KEI,2008-12-12,196092.0,144843.0,73.86
KOTAKBANK,2008-12-12,1316055.0,247477.0,18.8
KPRMILL,2008-12-12,941.0,750.0,79.7
LICHSGFIN,2008-12-12,763669.0,364306.0,47.7
LT,2008-12-12,4412373.0,1425699.0,32.31
LUPIN,2008-12-12,61220.0,39016.0,63.73
M&M,2008-12-12,1041935.0,477162.0,45.8
M&MFIN,2008-12-12,21823.0,12772.0,58.53
MAHABANK,2008-12-12,477505.0,330916.0,69.3
MARICO,2008-12-12,30216.0,23292.0,77.08
MARUTI,2008-12-12,956692.0,278471.0,29.11
MOTILALOFS,2008-12-12,23554.0,19539.0,82.95
MPHASIS,2008-12-12,35683.0,29571.0,82.87
MRF,2008-12-12,2565.0,1205.0,46.98
NATIONALUM,2008-12-12,856977.0,279340.0,32.6
NAUKRI,2008-12-12,1128.0,56.0,4.96
NMDC,2008-12-12,48942.0,15016.0,30.68
NTPC,2008-12-12,5353882.0,1446254.0,27.01
OFSS,2008-12-12,22373.0,16373.0,73.18
ONGC,2008-12-12,2304476.0,1136890.0,49.33
PAGEIND,2008-12-12,95.0,40.0,42.11
PETRONET,2008-12-12,1685737.0,540752.0,32.08
PFC,2008-12-12,877757.0,360547.0,41.08
PHOENIXLTD,2008-12-12,38836.0,29507.0,75.98
PIDILITIND,2008-12-12,8397.0,7837.0,93.33
PNB,2008-12-12,543790.0,117737.0,21.65
POWERGRID,2008-12-12,5539334.0,2789968.0,50.37
RADICO,2008-12-12,90366.0,85899.0,95.06
RECLTD,2008-12-12,3364624.0,2671635.0,79.4
RELIANCE,2008-12-12,9928592.0,2128688.0,21.44
SAIL,2008-12-12,15308173.0,3420196.0,22.34
SBIN,2008-12-12,3171263.0,313029.0,9.87
SHREECEM,2008-12-12,11477.0,8045.0,70.1
SIEMENS,2008-12-12,707450.0,385801.0,54.53
SRF,2008-12-12,277175.0,102338.0,36.92
SUNDARMFIN,2008-12-12,12075.0,10834.0,89.72
SUNPHARMA,2008-12-12,351458.0,205265.0,58.4
SUPREMEIND,2008-12-12,276855.0,229838.0,83.02
SUZLON,2008-12-12,38338499.0,6294168.0,16.42
TATACOMM,2008-12-12,389533.0,140696.0,36.12
TATAELXSI,2008-12-12,3240.0,2744.0,84.69
TATAINVEST,2008-12-12,5325.0,3939.0,73.97
TATAPOWER,2008-12-12,849503.0,229018.0,26.96
TATASTEEL,2008-12-12,9280654.0,1197365.0,12.9
TCS,2008-12-12,1780259.0,792580.0,44.52
TECHM,2008-12-12,78705.0,20298.0,25.79
THERMAX,2008-12-12,67366.0,45329.0,67.29
TITAN,2008-12-12,215989.0,107878.0,49.95
TORNTPHARM,2008-12-12,6963.0,4997.0,71.77
TORNTPOWER,2008-12-12,236375.0,208003.0,88.0
TRENT,2008-12-12,4739.0,4246.0,89.6
TVSMOTOR,2008-12-12,326903.0,165605.0,50.66
UBL,2008-12-12,12411.0,6426.0,51.78
ULTRACEMCO,2008-12-12,173889.0,132715.0,76.32
UNIONBANK,2008-12-12,1432944.0,688811.0,48.07
VOLTAS,2008-12-12,1611949.0,540124.0,33.51
WIPRO,2008-12-12,1403672.0,429905.0,30.63
YESBANK,2008-12-12,597774.0,187830.0,31.42
3MINDIA,2008-12-15,101.0,84.0,83.17
ABB,2008-12-15,495219.0,190348.0,38.44
ACC,2008-12-15,270886.0,61810.0,22.82
ADANIENT,2008-12-15,25970.0,15525.0,59.78
AIAENG,2008-12-15,21951.0,11668.0,53.15
AJANTPHARM,2008-12-15,2489.0,1463.0,58.78
AMBUJACEM,2008-12-15,1452325.0,732044.0,50.4
APARINDS,2008-12-15,2747.0,2223.0,80.92
APOLLOHOSP,2008-12-15,22146.0,7042.0,31.8
APOLLOTYRE,2008-12-15,1916049.0,1103615.0,57.6
ASHOKLEY,2008-12-15,9920176.0,5503816.0,55.48
ASIANPAINT,2008-12-15,14763.0,11653.0,78.93
ASTRAL,2008-12-15,1052.0,802.0,76.24
AUROPHARMA,2008-12-15,257544.0,192067.0,74.58
AXISBANK,2008-12-15,2585591.0,668581.0,25.86
BAJAJ-AUTO,2008-12-15,169800.0,130657.0,76.95
BAJAJFINSV,2008-12-15,46434.0,43169.0,92.97
BAJAJHLDNG,2008-12-15,102513.0,83546.0,81.5
BALKRISIND,2008-12-15,141.0,137.0,97.16
BANKBARODA,2008-12-15,875428.0,372577.0,42.56
BANKINDIA,2008-12-15,1316025.0,435310.0,33.08
BEL,2008-12-15,117169.0,106269.0,90.7
BERGEPAINT,2008-12-15,19883.0,12813.0,64.44
BHARATFORG,2008-12-15,485914.0,305626.0,62.9
BHARTIARTL,2008-12-15,2515048.0,1115877.0,44.37
BHEL,2008-12-15,1212642.0,275032.0,22.68
BIOCON,2008-12-15,331240.0,138422.0,41.79
BLUESTARCO,2008-12-15,20577.0,14218.0,69.1
BOSCHLTD,2008-12-15,891.0,616.0,69.14
BPCL,2008-12-15,564627.0,291819.0,51.68
BRITANNIA,2008-12-15,1803.0,1153.0,63.95
CANBK,2008-12-15,497517.0,219771.0,44.17
CIPLA,2008-12-15,1589996.0,992145.0,62.4
COLPAL,2008-12-15,70780.0,61873.0,87.42
CONCOR,2008-12-15,16283.0,12213.0,75.0
CRISIL,2008-12-15,13074.0,12742.0,97.46
CUMMINSIND,2008-12-15,240891.0,212863.0,88.36
DABUR,2008-12-15,141796.0,83457.0,58.86
DIVISLAB,2008-12-15,175784.0,130470.0,74.22
DLF,2008-12-15,15485141.0,1327421.0,8.57
DRREDDY,2008-12-15,567288.0,369704.0,65.17
EICHERMOT,2008-12-15,2109.0,1860.0,88.19
ESCORTS,2008-12-15,154655.0,70511.0,45.59
EXIDEIND,2008-12-15,1126243.0,1076462.0,95.58
FEDERALBNK,2008-12-15,253316.0,175955.0,69.46
FORTIS,2008-12-15,277375.0,137458.0,49.56
GAIL,2008-12-15,2021330.0,1132229.0,56.01
GLAXO,2008-12-15,10261.0,2466.0,24.03
GLENMARK,2008-12-15,702077.0,353164.0,50.3
GODFRYPHLP,2008-12-15,180.0,125.0,69.44
GODREJCP,2008-12-15,93568.0,90754.0,96.99
GODREJIND,2008-12-15,425759.0,170925.0,40.15
GRASIM,2008-12-15,311966.0,188186.0,60.32
HAVELLS,2008-12-15,78587.0,53912.0,68.6
HCLTECH,2008-12-15,1915659.0,1094897.0,57.16
HDFCBANK,2008-12-15,1535339.0,876691.0,57.1
HINDALCO,2008-12-15,13847368.0,6192866.0,44.72
HINDPETRO,2008-12-15,1202103.0,697736.0,58.04
HINDUNILVR,2008-12-15,2365099.0,1425671.0,60.28
HINDZINC,2008-12-15,35128.0,23811.0,67.78
HONAUT,2008-12-15,144.0,137.0,95.14
ICICIBANK,2008-12-15,9112601.0,2238630.0,24.57
IDEA,2008-12-15,3723104.0,1470754.0,39.5
INDHOTEL,2008-12-15,1016896.0,613511.0,60.33
INDIANB,2008-12-15,267695.0,162914.0,60.86
INDUSINDBK,2008-12-15,902589.0,314597.0,34.85
IOC,2008-12-15,146748.0,75006.0,51.11
IPCALAB,2008-12-15,7393.0,4601.0,62.23
ITC,2008-12-15,2806718.0,1503933.0,53.58
JINDALSTEL,2008-12-15,787624.0,343797.0,43.65
JKCEMENT,2008-12-15,44046.0,36873.0,83.71
JSL,2008-12-15,321445.0,140418.0,43.68
JSWSTEEL,2008-12-15,893820.0,263273.0,29.45
KEI,2008-12-15,256689.0,171299.0,66.73
KOTAKBANK,2008-12-15,1423143.0,283570.0,19.93
KPRMILL,2008-12-15,905.0,632.0,69.83
LICHSGFIN,2008-12-15,809930.0,234189.0,28.91
LT,2008-12-15,4391994.0,1778312.0,40.49
LUPIN,2008-12-15,69923.0,44434.0,63.55
M&M,2008-12-15,650431.0,285494.0,43.89
M&MFIN,2008-12-15,70308.0,65518.0,93.19
MAHABANK,2008-12-15,799455.0,436741.0,54.63
MARICO,2008-12-15,142212.0,121816.0,85.66
MARUTI,2008-12-15,1216799.0,742463.0,61.02
MOTILALOFS,2008-12-15,63793.0,28773.0,45.1
MPHASIS,2008-12-15,79030.0,44741.0,56.61
MRF,2008-12-15,3825.0,1429.0,37.36
NATIONALUM,2008-12-15,614275.0,124409.0,20.25
NAUKRI,2008-12-15,6020.0,5457.0,90.65
NMDC,2008-12-15,99516.0,31242.0,31.39
NTPC,2008-12-15,4773058.0,1419307.0,29.74
OFSS,2008-12-15,17226.0,12474.0,72.41
ONGC,2008-12-15,3121067.0,1887714.0,60.48
PAGEIND,2008-12-15,86.0,46.0,53.49
PETRONET,2008-12-15,1145297.0,460515.0,40.21
PFC,2008-12-15,497236.0,214104.0,43.06
PHOENIXLTD,2008-12-15,18105.0,12615.0,69.68
PIDILITIND,2008-12-15,7573.0,6726.0,88.82
PNB,2008-12-15,605151.0,119809.0,19.8
POWERGRID,2008-12-15,3229674.0,892713.0,27.64
RADICO,2008-12-15,88452.0,64859.0,73.33
RECLTD,2008-12-15,1263813.0,972070.0,76.92
RELIANCE,2008-12-15,9859348.0,2672479.0,27.11
SAIL,2008-12-15,16260024.0,3273180.0,20.13
SBIN,2008-12-15,4542170.0,787772.0,17.34
SHREECEM,2008-12-15,5180.0,2877.0,55.54
SIEMENS,2008-12-15,873153.0,198514.0,22.74
SRF,2008-12-15,85795.0,34018.0,39.65
SUNDARMFIN,2008-12-15,2241.0,1706.0,76.13
SUNPHARMA,2008-12-15,310170.0,153456.0,49.47
SUPREMEIND,2008-12-15,185304.0,140822.0,76.0
SUZLON,2008-12-15,33194570.0,7627702.0,22.98
TATACOMM,2008-12-15,263843.0,122592.0,46.46
TATAELXSI,2008-12-15,3607.0,2640.0,73.19
TATAINVEST,2008-12-15,14694.0,12799.0,87.1
TATAPOWER,2008-12-15,606742.0,272748.0,44.95
TATASTEEL,2008-12-15,9868964.0,2745055.0,27.82
TCS,2008-12-15,1499429.0,566600.0,37.79
TECHM,2008-12-15,46288.0,23045.0,49.79
THERMAX,2008-12-15,54505.0,26993.0,49.52
TITAN,2008-12-15,187462.0,117702.0,62.79
TORNTPHARM,2008-12-15,19864.0,12158.0,61.21
TORNTPOWER,2008-12-15,156307.0,61408.0,39.29
TRENT,2008-12-15,4307.0,3952.0,91.76
TVSMOTOR,2008-12-15,161908.0,80387.0,49.65
UBL,2008-12-15,14953.0,9661.0,64.61
ULTRACEMCO,2008-12-15,139981.0,100049.0,71.47
UNIONBANK,2008-12-15,893753.0,525407.0,58.79
VOLTAS,2008-12-15,1318796.0,613983.0,46.56
WIPRO,2008-12-15,1869869.0,973968.0,52.09
YESBANK,2008-12-15,499262.0,174142.0,34.88
3MINDIA,2008-12-16,76866.0,76847.0,99.98
ABB,2008-12-16,547352.0,253031.0,46.23
ACC,2008-12-16,332678.0,69279.0,20.82
ADANIENT,2008-12-16,64313.0,36960.0,57.47
AIAENG,2008-12-16,26263.0,14571.0,55.48
AJANTPHARM,2008-12-16,7857.0,6214.0,79.09
AMBUJACEM,2008-12-16,2051056.0,924010.0,45.05
APARINDS,2008-12-16,5340.0,3358.0,62.88
APOLLOHOSP,2008-12-16,18828.0,8763.0,46.54
APOLLOTYRE,2008-12-16,578059.0,284426.0,49.2
ASHOKLEY,2008-12-16,8586397.0,2991720.0,34.84
ASIANPAINT,2008-12-16,146162.0,143820.0,98.4
ASTRAL,2008-12-16,685.0,685.0,100.0
AUROPHARMA,2008-12-16,107846.0,44156.0,40.94
AXISBANK,2008-12-16,2964944.0,673455.0,22.71
BAJAJ-AUTO,2008-12-16,128335.0,67963.0,52.96
BAJAJFINSV,2008-12-16,524191.0,517289.0,98.68
BAJAJHLDNG,2008-12-16,72244.0,36263.0,50.2
BALKRISIND,2008-12-16,370.0,283.0,76.49
BANKBARODA,2008-12-16,534278.0,216078.0,40.44
BANKINDIA,2008-12-16,1237893.0,490603.0,39.63
BEL,2008-12-16,91290.0,82390.0,90.25
BERGEPAINT,2008-12-16,12410.0,9069.0,73.08
BHARATFORG,2008-12-16,867288.0,489932.0,56.49
BHARTIARTL,2008-12-16,2709372.0,1144314.0,42.24
BHEL,2008-12-16,1580902.0,329618.0,20.85
BIOCON,2008-12-16,256366.0,80942.0,31.57
BLUESTARCO,2008-12-16,24244.0,10521.0,43.4
BOSCHLTD,2008-12-16,10785.0,10379.0,96.24
BPCL,2008-12-16,271208.0,108839.0,40.13
BRITANNIA,2008-12-16,1066.0,249.0,23.36
CANBK,2008-12-16,920974.0,499277.0,54.21
CIPLA,2008-12-16,1376333.0,784909.0,57.03
COLPAL,2008-12-16,6335.0,2475.0,39.07
CONCOR,2008-12-16,24031.0,20250.0,84.27
CRISIL,2008-12-16,5304.0,3610.0,68.06
CUMMINSIND,2008-12-16,27448.0,12492.0,45.51
DABUR,2008-12-16,2145963.0,1949123.0,90.83
DIVISLAB,2008-12-16,114514.0,56511.0,49.35
DLF,2008-12-16,12238912.0,1228636.0,10.04
DRREDDY,2008-12-16,228496.0,70315.0,30.77
EICHERMOT,2008-12-16,11797.0,10487.0,88.9
ESCORTS,2008-12-16,381115.0,122016.0,32.02
EXIDEIND,2008-12-16,556299.0,486479.0,87.45
FEDERALBNK,2008-12-16,118149.0,58644.0,49.64
FORTIS,2008-12-16,164760.0,65814.0,39.95
GAIL,2008-12-16,1288410.0,586006.0,45.48
GLAXO,2008-12-16,38961.0,34967.0,89.75
GLENMARK,2008-12-16,1113044.0,582350.0,52.32
GODFRYPHLP,2008-12-16,27.0,19.0,70.37
GODREJCP,2008-12-16,54717.0,48881.0,89.33
GODREJIND,2008-12-16,380633.0,135020.0,35.47
GRASIM,2008-12-16,276413.0,116269.0,42.06
HAVELLS,2008-12-16,58351.0,26374.0,45.2
HCLTECH,2008-12-16,7423949.0,2068846.0,27.87
HDFCBANK,2008-12-16,1893925.0,864868.0,45.67
HINDALCO,2008-12-16,4783085.0,1282905.0,26.82
HINDPETRO,2008-12-16,852405.0,624735.0,73.29
HINDUNILVR,2008-12-16,2670027.0,1723796.0,64.56
HINDZINC,2008-12-16,26974.0,11942.0,44.27
HONAUT,2008-12-16,990.0,914.0,92.32
ICICIBANK,2008-12-16,8974251.0,1631064.0,18.17
IDEA,2008-12-16,4149175.0,2034677.0,49.04
INDHOTEL,2008-12-16,703495.0,484064.0,68.81
INDIANB,2008-12-16,455825.0,339585.0,74.5
INDUSINDBK,2008-12-16,509126.0,198263.0,38.94
IOC,2008-12-16,475271.0,355676.0,74.84
IPCALAB,2008-12-16,3334.0,2552.0,76.54
ITC,2008-12-16,4144926.0,2716325.0,65.53
JINDALSTEL,2008-12-16,491426.0,173669.0,35.34
JKCEMENT,2008-12-16,299948.0,265284.0,88.44
JSL,2008-12-16,182367.0,81178.0,44.51
JSWSTEEL,2008-12-16,988565.0,403955.0,40.86
KEI,2008-12-16,629186.0,319182.0,50.73
KOTAKBANK,2008-12-16,1775758.0,508373.0,28.63
KPRMILL,2008-12-16,2787.0,1689.0,60.6
LICHSGFIN,2008-12-16,1022472.0,283896.0,27.77
LT,2008-12-16,3439719.0,911257.0,26.49
LUPIN,2008-12-16,70822.0,24938.0,35.21
M&M,2008-12-16,468250.0,154403.0,32.97
M&MFIN,2008-12-16,61716.0,53032.0,85.93
MAHABANK,2008-12-16,647353.0,399808.0,61.76
MARICO,2008-12-16,196186.0,171512.0,87.42
MARUTI,2008-12-16,1443868.0,750710.0,51.99
MOTILALOFS,2008-12-16,77637.0,29341.0,37.79
MPHASIS,2008-12-16,20534.0,13091.0,63.75
MRF,2008-12-16,1996.0,641.0,32.11
NATIONALUM,2008-12-16,450254.0,74470.0,16.54
NAUKRI,2008-12-16,154790.0,153166.0,98.95
NMDC,2008-12-16,757859.0,52283.0,6.9
NTPC,2008-12-16,7360342.0,2399114.0,32.6
OFSS,2008-12-16,51629.0,25056.0,48.53
ONGC,2008-12-16,2997954.0,1351451.0,45.08
PAGEIND,2008-12-16,165.0,106.0,64.24
PETRONET,2008-12-16,1180982.0,516374.0,43.72
PFC,2008-12-16,868651.0,505366.0,58.18
PHOENIXLTD,2008-12-16,59002.0,56796.0,96.26
PIDILITIND,2008-12-16,8473.0,6909.0,81.54
PNB,2008-12-16,511872.0,184724.0,36.09
POWERGRID,2008-12-16,5165723.0,2245074.0,43.46
RADICO,2008-12-16,847662.0,825507.0,97.39
RECLTD,2008-12-16,851672.0,432548.0,50.79
RELIANCE,2008-12-16,7748498.0,1968123.0,25.4
SAIL,2008-12-16,20463821.0,7644595.0,37.36
SBIN,2008-12-16,3989086.0,955913.0,23.96
SHREECEM,2008-12-16,6612.0,5729.0,86.65
SIEMENS,2008-12-16,1136816.0,451940.0,39.75
SRF,2008-12-16,325240.0,92444.0,28.42
SUNDARMFIN,2008-12-16,3040.0,2808.0,92.37
SUNPHARMA,2008-12-16,295087.0,179268.0,60.75
SUPREMEIND,2008-12-16,60960.0,47446.0,77.83
SUZLON,2008-12-16,42000652.0,5365026.0,12.77
TATACOMM,2008-12-16,235201.0,104310.0,44.35
TATAELXSI,2008-12-16,10425.0,6439.0,61.76
TATAINVEST,2008-12-16,16340.0,15992.0,97.87
TATAPOWER,2008-12-16,451278.0,142716.0,31.62
TATASTEEL,2008-12-16,8024689.0,690886.0,8.61
TCS,2008-12-16,1461967.0,672645.0,46.01
TECHM,2008-12-16,116050.0,32899.0,28.35
THERMAX,2008-12-16,107574.0,57996.0,53.91
TITAN,2008-12-16,139239.0,42812.0,30.75
TORNTPHARM,2008-12-16,10187.0,7375.0,72.4
TORNTPOWER,2008-12-16,165013.0,79764.0,48.34
TRENT,2008-12-16,4638.0,3345.0,72.12
TVSMOTOR,2008-12-16,135071.0,57610.0,42.65
UBL,2008-12-16,16974.0,14775.0,87.04
ULTRACEMCO,2008-12-16,103024.0,71483.0,69.38
UNIONBANK,2008-12-16,970218.0,516603.0,53.25
VOLTAS,2008-12-16,1754261.0,783249.0,44.65
WIPRO,2008-12-16,1014611.0,351063.0,34.6
YESBANK,2008-12-16,457361.0,162053.0,35.43
3MINDIA,2008-12-17,130.0,84.0,64.62
ABB,2008-12-17,489924.0,275907.0,56.32
ACC,2008-12-17,743477.0,316325.0,42.55
ADANIENT,2008-12-17,183761.0,37066.0,20.17
AIAENG,2008-12-17,11532.0,5583.0,48.41
AJANTPHARM,2008-12-17,5944.0,5565.0,93.62
AMBUJACEM,2008-12-17,3678732.0,2427064.0,65.98
APARINDS,2008-12-17,1251.0,622.0,49.72
APOLLOHOSP,2008-12-17,7211.0,3198.0,44.35
APOLLOTYRE,2008-12-17,901005.0,399565.0,44.35
ASHOKLEY,2008-12-17,16464327.0,7987096.0,48.51
ASIANPAINT,2008-12-17,54646.0,53016.0,97.02
ASTRAL,2008-12-17,1804.0,1804.0,100.0
AUROPHARMA,2008-12-17,72654.0,44982.0,61.91
AXISBANK,2008-12-17,3120588.0,734171.0,23.53
BAJAJ-AUTO,2008-12-17,275062.0,229846.0,83.56
BAJAJFINSV,2008-12-17,36735.0,33574.0,91.4
BAJAJHLDNG,2008-12-17,30513.0,19712.0,64.6
BALKRISIND,2008-12-17,140.0,136.0,97.14
BANKBARODA,2008-12-17,1156902.0,381127.0,32.94
BANKINDIA,2008-12-17,1836373.0,678782.0,36.96
BEL,2008-12-17,25184.0,18541.0,73.62
BERGEPAINT,2008-12-17,33018.0,13421.0,40.65
BHARATFORG,2008-12-17,2762462.0,832318.0,30.13
BHARTIARTL,2008-12-17,3390582.0,1565405.0,46.17
BHEL,2008-12-17,1860688.0,575545.0,30.93
BIOCON,2008-12-17,117739.0,41743.0,35.45
BLUESTARCO,2008-12-17,422917.0,389415.0,92.08
BOSCHLTD,2008-12-17,5576.0,5335.0,95.68
BPCL,2008-12-17,511861.0,291759.0,57.0
BRITANNIA,2008-12-17,522.0,378.0,72.41
CANBK,2008-12-17,1345936.0,756427.0,56.2
CIPLA,2008-12-17,672655.0,346414.0,51.5
COLPAL,2008-12-17,14650.0,7995.0,54.57
CONCOR,2008-12-17,16425.0,13191.0,80.31
CRISIL,2008-12-17,3257.0,1994.0,61.22
CUMMINSIND,2008-12-17,444564.0,425040.0,95.61
DABUR,2008-12-17,1165706.0,1038136.0,89.06
DIVISLAB,2008-12-17,81794.0,29196.0,35.69
DLF,2008-12-17,10459398.0,984573.0,9.41
DRREDDY,2008-12-17,411564.0,309513.0,75.2
EICHERMOT,2008-12-17,4251.0,3590.0,84.45
ESCORTS,2008-12-17,839795.0,223279.0,26.59
EXIDEIND,2008-12-17,1189901.0,1163146.0,97.75
FEDERALBNK,2008-12-17,376126.0,310146.0,82.46
FORTIS,2008-12-17,372857.0,135829.0,36.43
GAIL,2008-12-17,2321971.0,1300206.0,56.0
GLAXO,2008-12-17,8820.0,2745.0,31.12
GLENMARK,2008-12-17,766090.0,381186.0,49.76
GODFRYPHLP,2008-12-17,84.0,44.0,52.38
GODREJCP,2008-12-17,60572.0,59254.0,97.82
GODREJIND,2008-12-17,266900.0,118829.0,44.52
GRASIM,2008-12-17,540845.0,308118.0,56.97
HAVELLS,2008-12-17,41925.0,22077.0,52.66
HCLTECH,2008-12-17,3424262.0,1220535.0,35.64
HDFCBANK,2008-12-17,2579839.0,1629838.0,63.18
HINDALCO,2008-12-17,6981684.0,2886413.0,41.34
HINDPETRO,2008-12-17,1563616.0,1069277.0,68.38
HINDUNILVR,2008-12-17,5331542.0,3411299.0,63.98
HINDZINC,2008-12-17,32999.0,17269.0,52.33
HONAUT,2008-12-17,495.0,466.0,94.14
ICICIBANK,2008-12-17,12130029.0,3911057.0,32.24
IDEA,2008-12-17,3822563.0,1739501.0,45.51
INDHOTEL,2008-12-17,1038968.0,847524.0,81.57
INDIANB,2008-12-17,1047873.0,699008.0,66.71
INDUSINDBK,2008-12-17,380297.0,173463.0,45.61
IOC,2008-12-17,840089.0,689915.0,82.12
IPCALAB,2008-12-17,2269.0,1232.0,54.3
ITC,2008-12-17,5188952.0,3022730.0,58.25
JINDALSTEL,2008-12-17,733742.0,234234.0,31.92
JKCEMENT,2008-12-17,101108.0,67419.0,66.68
JSL,2008-12-17,453838.0,148895.0,32.81
JSWSTEEL,2008-12-17,689220.0,298039.0,43.24
KEI,2008-12-17,322477.0,221123.0,68.57
KOTAKBANK,2008-12-17,1348721.0,321331.0,23.82
KPRMILL,2008-12-17,1655.0,1100.0,66.47
LICHSGFIN,2008-12-17,669376.0,242439.0,36.22
LT,2008-12-17,2866466.0,772751.0,26.96
LUPIN,2008-12-17,41012.0,16641.0,40.58
M&M,2008-12-17,727251.0,357853.0,49.21
M&MFIN,2008-12-17,73749.0,64713.0,87.75
MAHABANK,2008-12-17,562376.0,300941.0,53.51
MARICO,2008-12-17,52093.0,33578.0,64.46
MARUTI,2008-12-17,1261891.0,689118.0,54.61
MOTILALOFS,2008-12-17,42821.0,34015.0,79.44
MPHASIS,2008-12-17,29051.0,15859.0,54.59
MRF,2008-12-17,2062.0,865.0,41.95
NATIONALUM,2008-12-17,382156.0,86872.0,22.73
NAUKRI,2008-12-17,21921.0,14801.0,67.52
NMDC,2008-12-17,226969.0,66171.0,29.15
NTPC,2008-12-17,5923791.0,2601790.0,43.92
OFSS,2008-12-17,134752.0,28772.0,21.35
ONGC,2008-12-17,2882099.0,1550883.0,53.81
PAGEIND,2008-12-17,50.0,25.0,50.0
PETRONET,2008-12-17,896522.0,396470.0,44.22
PFC,2008-12-17,463083.0,222902.0,48.13
PHOENIXLTD,2008-12-17,61023.0,51890.0,85.03
PIDILITIND,2008-12-17,19386.0,11453.0,59.08
PNB,2008-12-17,742682.0,321591.0,43.3
POWERGRID,2008-12-17,4905426.0,2042076.0,41.63
RADICO,2008-12-17,35513.0,19895.0,56.02
RECLTD,2008-12-17,2003189.0,1033226.0,51.58
RELIANCE,2008-12-17,8838463.0,3119731.0,35.3
SAIL,2008-12-17,17912516.0,6706553.0,37.44
SBIN,2008-12-17,3534175.0,737256.0,20.86
SHREECEM,2008-12-17,9826.0,8374.0,85.22
SIEMENS,2008-12-17,973333.0,534290.0,54.89
SRF,2008-12-17,207382.0,55794.0,26.9
SUNDARMFIN,2008-12-17,825.0,704.0,85.33
SUNPHARMA,2008-12-17,446786.0,320965.0,71.84
SUPREMEIND,2008-12-17,54633.0,52902.0,96.83
SUZLON,2008-12-17,39215005.0,8953470.0,22.83
TATACOMM,2008-12-17,405132.0,184816.0,45.62
TATAELXSI,2008-12-17,5304.0,3131.0,59.03
TATAINVEST,2008-12-17,8155.0,5890.0,72.23
TATAPOWER,2008-12-17,475695.0,150640.0,31.67
TATASTEEL,2008-12-17,8189389.0,1733370.0,21.17
TCS,2008-12-17,1619017.0,794102.0,49.05
TECHM,2008-12-17,193149.0,53430.0,27.66
THERMAX,2008-12-17,241186.0,184257.0,76.4
TITAN,2008-12-17,108643.0,39498.0,36.36
TORNTPHARM,2008-12-17,17011.0,13239.0,77.83
TORNTPOWER,2008-12-17,529761.0,118283.0,22.33
TRENT,2008-12-17,3659.0,3497.0,95.57
TVSMOTOR,2008-12-17,285653.0,74401.0,26.05
UBL,2008-12-17,10077.0,4600.0,45.65
ULTRACEMCO,2008-12-17,112457.0,77888.0,69.26
UNIONBANK,2008-12-17,1053545.0,290460.0,27.57
VOLTAS,2008-12-17,1115317.0,482922.0,43.3
WIPRO,2008-12-17,1363947.0,503702.0,36.93
YESBANK,2008-12-17,369017.0,101390.0,27.48
3MINDIA,2008-12-18,60.0,20.0,33.33
ABB,2008-12-18,532787.0,244979.0,45.98
ACC,2008-12-18,829652.0,276008.0,33.27
ADANIENT,2008-12-18,87943.0,20759.0,23.61
AIAENG,2008-12-18,7373.0,3331.0,45.18
AJANTPHARM,2008-12-18,5678.0,5557.0,97.87
AMBUJACEM,2008-12-18,2128713.0,945557.0,44.42
APARINDS,2008-12-18,18943.0,17666.0,93.26
APOLLOHOSP,2008-12-18,17624.0,6906.0,39.19
APOLLOTYRE,2008-12-18,500967.0,237706.0,47.45
ASHOKLEY,2008-12-18,12340226.0,5569329.0,45.13
ASIANPAINT,2008-12-18,68007.0,67364.0,99.05
ASTRAL,2008-12-18,152.0,152.0,100.0
AUROPHARMA,2008-12-18,100481.0,44551.0,44.34
AXISBANK,2008-12-18,3678769.0,1138900.0,30.96
BAJAJ-AUTO,2008-12-18,105636.0,82536.0,78.13
BAJAJFINSV,2008-12-18,10333.0,6001.0,58.08
BAJAJHLDNG,2008-12-18,68922.0,53182.0,77.16
BALKRISIND,2008-12-18,318.0,310.0,97.48
BANKBARODA,2008-12-18,1409923.0,740354.0,52.51
BANKINDIA,2008-12-18,1805307.0,549244.0,30.42
BEL,2008-12-18,208779.0,203196.0,97.33
BERGEPAINT,2008-12-18,7322.0,4770.0,65.15
BHARATFORG,2008-12-18,1234112.0,464496.0,37.64
BHARTIARTL,2008-12-18,5883933.0,3624648.0,61.6
BHEL,2008-12-18,1913437.0,545404.0,28.5
BIOCON,2008-12-18,104266.0,42833.0,41.08
BLUESTARCO,2008-12-18,21252.0,12469.0,58.67
BOSCHLTD,2008-12-18,3188.0,2810.0,88.14
BPCL,2008-12-18,1685955.0,829504.0,49.2
BRITANNIA,2008-12-18,1415.0,1117.0,78.94
CANBK,2008-12-18,2176499.0,1137938.0,52.28
CIPLA,2008-12-18,1256384.0,862811.0,68.67
COLPAL,2008-12-18,39122.0,27897.0,71.31
CONCOR,2008-12-18,18288.0,15446.0,84.46
CRISIL,2008-12-18,5334.0,4392.0,82.34
CUMMINSIND,2008-12-18,162676.0,154360.0,94.89
DABUR,2008-12-18,233056.0,114084.0,48.95
DIVISLAB,2008-12-18,46888.0,28867.0,61.57
DLF,2008-12-18,18466028.0,2319644.0,12.56
DRREDDY,2008-12-18,261883.0,106396.0,40.63
EICHERMOT,2008-12-18,3884.0,3356.0,86.41
ESCORTS,2008-12-18,400236.0,101452.0,25.35
EXIDEIND,2008-12-18,127804.0,95037.0,74.36
FEDERALBNK,2008-12-18,319030.0,224188.0,70.27
FORTIS,2008-12-18,345954.0,216444.0,62.56
GAIL,2008-12-18,3789311.0,2042383.0,53.9
GLAXO,2008-12-18,25616.0,23072.0,90.07
GLENMARK,2008-12-18,562633.0,282118.0,50.14
GODFRYPHLP,2008-12-18,45.0,39.0,86.67
GODREJCP,2008-12-18,128573.0,119572.0,93.0
GODREJIND,2008-12-18,223571.0,74642.0,33.39
GRASIM,2008-12-18,244322.0,140515.0,57.51
HAVELLS,2008-12-18,32863.0,18261.0,55.57
HCLTECH,2008-12-18,2589202.0,681604.0,26.32
HDFCBANK,2008-12-18,1985265.0,885188.0,44.59
HINDALCO,2008-12-18,9603150.0,4492077.0,46.78
HINDPETRO,2008-12-18,5057234.0,2937200.0,58.08
HINDUNILVR,2008-12-18,3480876.0,2283048.0,65.59
HINDZINC,2008-12-18,31661.0,14620.0,46.18
HONAUT,2008-12-18,368.0,346.0,94.02
ICICIBANK,2008-12-18,12029212.0,3402351.0,28.28
IDEA,2008-12-18,3523795.0,1489622.0,42.27
INDHOTEL,2008-12-18,738365.0,483372.0,65.47
INDIANB,2008-12-18,598421.0,422820.0,70.66
INDUSINDBK,2008-12-18,325343.0,132208.0,40.64
IOC,2008-12-18,1353236.0,836768.0,61.83
IPCALAB,2008-12-18,3128.0,2780.0,88.87
ITC,2008-12-18,5078768.0,3083407.0,60.71
JINDALSTEL,2008-12-18,470586.0,185046.0,39.32
JKCEMENT,2008-12-18,29461.0,24578.0,83.43
JSL,2008-12-18,269039.0,169910.0,63.15
JSWSTEEL,2008-12-18,722266.0,190324.0,26.35
KEI,2008-12-18,169425.0,71780.0,42.37
KOTAKBANK,2008-12-18,1951737.0,399303.0,20.46
KPRMILL,2008-12-18,100250.0,100110.0,99.86
LICHSGFIN,2008-12-18,659402.0,167246.0,25.36
LT,2008-12-18,3274935.0,1031110.0,31.48
LUPIN,2008-12-18,63452.0,45463.0,71.65
M&M,2008-12-18,714392.0,311249.0,43.57
M&MFIN,2008-12-18,84217.0,74707.0,88.71
MAHABANK,2008-12-18,713164.0,428705.0,60.11
MARICO,2008-12-18,205515.0,182065.0,88.59
MARUTI,2008-12-18,1192349.0,441281.0,37.01
MOTILALOFS,2008-12-18,47737.0,22240.0,46.59
MPHASIS,2008-12-18,227063.0,81299.0,35.8
MRF,2008-12-18,1512.0,639.0,42.26
NATIONALUM,2008-12-18,1342495.0,510075.0,37.99
NAUKRI,2008-12-18,4081.0,2662.0,65.23
NMDC,2008-12-18,128074.0,20252.0,15.81
NTPC,2008-12-18,9736238.0,4062153.0,41.72
OFSS,2008-12-18,56320.0,18303.0,32.5
ONGC,2008-12-18,3111190.0,1643653.0,52.83
PAGEIND,2008-12-18,256.0,256.0,100.0
PETRONET,2008-12-18,1465025.0,734264.0,50.12
PFC,2008-12-18,445698.0,292155.0,65.55
PHOENIXLTD,2008-12-18,41160.0,37512.0,91.14
PIDILITIND,2008-12-18,9486.0,5683.0,59.91
PNB,2008-12-18,999192.0,385278.0,38.56
POWERGRID,2008-12-18,7110012.0,3478082.0,48.92
RADICO,2008-12-18,81531.0,51404.0,63.05
RECLTD,2008-12-18,902242.0,521860.0,57.84
RELIANCE,2008-12-18,10705844.0,3216491.0,30.04
SAIL,2008-12-18,15279032.0,2999206.0,19.63
SBIN,2008-12-18,5027183.0,1422892.0,28.3
SHREECEM,2008-12-18,5893.0,2775.0,47.09
SIEMENS,2008-12-18,730190.0,342011.0,46.84
SRF,2008-12-18,59656.0,17371.0,29.12
SUNDARMFIN,2008-12-18,1719.0,1413.0,82.2
SUNPHARMA,2008-12-18,387072.0,275043.0,71.06
SUPREMEIND,2008-12-18,3655.0,3127.0,85.55
SUZLON,2008-12-18,57199637.0,10912627.0,19.08
TATACOMM,2008-12-18,653065.0,404900.0,62.0
TATAELXSI,2008-12-18,19599.0,17231.0,87.92
TATAINVEST,2008-12-18,3860.0,3248.0,84.15
TATAPOWER,2008-12-18,710211.0,200648.0,28.25
TATASTEEL,2008-12-18,11746147.0,3518247.0,29.95
TCS,2008-12-18,1430984.0,623177.0,43.55
TECHM,2008-12-18,88459.0,33750.0,38.15
THERMAX,2008-12-18,123425.0,43568.0,35.3
TITAN,2008-12-18,161089.0,72902.0,45.26
TORNTPHARM,2008-12-18,6402.0,4355.0,68.03
TORNTPOWER,2008-12-18,234989.0,123010.0,52.35
TRENT,2008-12-18,3723.0,3547.0,95.27
TVSMOTOR,2008-12-18,135906.0,53596.0,39.44
UBL,2008-12-18,4351.0,2865.0,65.85
ULTRACEMCO,2008-12-18,89719.0,59965.0,66.84
UNIONBANK,2008-12-18,1253622.0,382311.0,30.5
VOLTAS,2008-12-18,2003878.0,768393.0,38.35
WIPRO,2008-12-18,1992894.0,946126.0,47.47
YESBANK,2008-12-18,714790.0,168433.0,23.56
3MINDIA,2008-12-19,79.0,74.0,93.67
ABB,2008-12-19,516706.0,210987.0,40.83
ACC,2008-12-19,528806.0,147749.0,27.94
ADANIENT,2008-12-19,60723.0,28458.0,46.87
AIAENG,2008-12-19,15479.0,8543.0,55.19
AJANTPHARM,2008-12-19,19142.0,17329.0,90.53
AMBUJACEM,2008-12-19,1771451.0,762121.0,43.02
APARINDS,2008-12-19,901.0,687.0,76.25
APOLLOHOSP,2008-12-19,1195628.0,1165235.0,97.46
APOLLOTYRE,2008-12-19,462586.0,261728.0,56.58
ASHOKLEY,2008-12-19,12507185.0,4801995.0,38.39
ASIANPAINT,2008-12-19,35636.0,31374.0,88.04
ASTRAL,2008-12-19,2625.0,2128.0,81.07
AUROPHARMA,2008-12-19,65855.0,21497.0,32.64
AXISBANK,2008-12-19,3518637.0,1117726.0,31.77
BAJAJ-AUTO,2008-12-19,23434.0,8028.0,34.26
BAJAJFINSV,2008-12-19,56061.0,53140.0,94.79
BAJAJHLDNG,2008-12-19,89000.0,68346.0,76.79
BALKRISIND,2008-12-19,278.0,264.0,94.96
BANKBARODA,2008-12-19,678613.0,134167.0,19.77
BANKINDIA,2008-12-19,1499172.0,447562.0,29.85
BEL,2008-12-19,88193.0,73850.0,83.74
BERGEPAINT,2008-12-19,7033.0,4741.0,67.41
BHARATFORG,2008-12-19,845782.0,337957.0,39.96
BHARTIARTL,2008-12-19,3687461.0,2069659.0,56.13
BHEL,2008-12-19,1433356.0,250768.0,17.5
BIOCON,2008-12-19,143307.0,95416.0,66.58
BLUESTARCO,2008-12-19,16926.0,11494.0,67.91
BOSCHLTD,2008-12-19,10870.0,10583.0,97.36
BPCL,2008-12-19,1022166.0,483589.0,47.31
BRITANNIA,2008-12-19,2869.0,2302.0,80.24
CANBK,2008-12-19,2559118.0,1638998.0,64.05
CIPLA,2008-12-19,1856538.0,1164538.0,62.73
COLPAL,2008-12-19,51512.0,36026.0,69.94
CONCOR,2008-12-19,23475.0,20078.0,85.53
CRISIL,2008-12-19,1473.0,702.0,47.66
CUMMINSIND,2008-12-19,167104.0,151690.0,90.78
DABUR,2008-12-19,148933.0,91190.0,61.23
DIVISLAB,2008-12-19,47701.0,21646.0,45.38
DLF,2008-12-19,24305260.0,2546992.0,10.48
DRREDDY,2008-12-19,385385.0,264017.0,68.51
EICHERMOT,2008-12-19,5970.0,5312.0,88.98
ESCORTS,2008-12-19,322097.0,84209.0,26.14
EXIDEIND,2008-12-19,204643.0,111566.0,54.52
FEDERALBNK,2008-12-19,1222095.0,1023299.0,83.73
FORTIS,2008-12-19,885836.0,346058.0,39.07
GAIL,2008-12-19,1763137.0,908375.0,51.52
GLAXO,2008-12-19,5211.0,3767.0,72.29
GLENMARK,2008-12-19,1028536.0,492822.0,47.91
GODFRYPHLP,2008-12-19,471.0,409.0,86.84
GODREJCP,2008-12-19,74403.0,63419.0,85.24
GODREJIND,2008-12-19,447196.0,156167.0,34.92
GRASIM,2008-12-19,169295.0,83312.0,49.21
HAVELLS,2008-12-19,49198.0,28101.0,57.12
HCLTECH,2008-12-19,1639206.0,629703.0,38.42
HDFCBANK,2008-12-19,2029169.0,929297.0,45.8
HINDALCO,2008-12-19,9197812.0,4098107.0,44.56
HINDPETRO,2008-12-19,2514045.0,1181109.0,46.98
HINDUNILVR,2008-12-19,3802328.0,2315037.0,60.88
HINDZINC,2008-12-19,22155.0,12603.0,56.89
HONAUT,2008-12-19,57.0,57.0,100.0
ICICIBANK,2008-12-19,11575842.0,3243464.0,28.02
IDEA,2008-12-19,4040647.0,1562755.0,38.68
INDHOTEL,2008-12-19,1053037.0,587717.0,55.81
INDIANB,2008-12-19,1492690.0,1134357.0,75.99
INDUSINDBK,2008-12-19,293873.0,96412.0,32.81
IOC,2008-12-19,896777.0,544046.0,60.67
IPCALAB,2008-12-19,556.0,322.0,57.91
ITC,2008-12-19,5997106.0,3608632.0,60.17
JINDALSTEL,2008-12-19,867771.0,315924.0,36.41
JKCEMENT,2008-12-19,52968.0,35372.0,66.78
JSL,2008-12-19,252759.0,124225.0,49.15
JSWSTEEL,2008-12-19,935755.0,357071.0,38.16
KEI,2008-12-19,102796.0,58725.0,57.13
KOTAKBANK,2008-12-19,1714157.0,332628.0,19.4
KPRMILL,2008-12-19,1155.0,832.0,72.03
LICHSGFIN,2008-12-19,1174534.0,325183.0,27.69
LT,2008-12-19,2473924.0,804995.0,32.54
LUPIN,2008-12-19,154284.0,107370.0,69.59
M&M,2008-12-19,1460211.0,495179.0,33.91
M&MFIN,2008-12-19,75588.0,62949.0,83.28
MAHABANK,2008-12-19,753738.0,452441.0,60.03
MARICO,2008-12-19,163950.0,126994.0,77.46
MARUTI,2008-12-19,1641704.0,761467.0,46.38
MOTILALOFS,2008-12-19,63480.0,41107.0,64.76
MPHASIS,2008-12-19,103387.0,66767.0,64.58
MRF,2008-12-19,2319.0,729.0,31.44
NATIONALUM,2008-12-19,1049646.0,277261.0,26.41
NAUKRI,2008-12-19,2037.0,866.0,42.51
NMDC,2008-12-19,69538.0,21465.0,30.87
NTPC,2008-12-19,7719459.0,2726916.0,35.33
OFSS,2008-12-19,23137.0,10421.0,45.04
ONGC,2008-12-19,2423075.0,993555.0,41.0
PAGEIND,2008-12-19,262.0,35.0,13.36
PETRONET,2008-12-19,2226859.0,1084681.0,48.71
PFC,2008-12-19,338328.0,150645.0,44.53
PHOENIXLTD,2008-12-19,40493.0,32495.0,80.25
PIDILITIND,2008-12-19,8106.0,4333.0,53.45
PNB,2008-12-19,891101.0,286786.0,32.18
POWERGRID,2008-12-19,5653468.0,2023667.0,35.8
RADICO,2008-12-19,128449.0,109505.0,85.25
RECLTD,2008-12-19,2707664.0,2397453.0,88.54
RELIANCE,2008-12-19,8237002.0,2098052.0,25.47
SAIL,2008-12-19,15771779.0,2670295.0,16.93
SBIN,2008-12-19,4455615.0,682359.0,15.31
SHREECEM,2008-12-19,5463.0,2570.0,47.04
SIEMENS,2008-12-19,394763.0,106094.0,26.88
SRF,2008-12-19,112358.0,35206.0,31.33
SUNDARMFIN,2008-12-19,9734.0,9686.0,99.51
SUNPHARMA,2008-12-19,372733.0,222285.0,59.64
SUPREMEIND,2008-12-19,3678.0,2465.0,67.02
SUZLON,2008-12-19,57484486.0,9761365.0,16.98
TATACOMM,2008-12-19,419036.0,280208.0,66.87
TATAELXSI,2008-12-19,8526.0,6545.0,76.77
TATAINVEST,2008-12-19,7521.0,5943.0,79.02
TATAPOWER,2008-12-19,708962.0,317051.0,44.72
TATASTEEL,2008-12-19,8366598.0,1957798.0,23.4
TCS,2008-12-19,1235997.0,367300.0,29.72
TECHM,2008-12-19,100376.0,70995.0,70.73
THERMAX,2008-12-19,97142.0,49146.0,50.59
TITAN,2008-12-19,387260.0,224600.0,58.0
TORNTPHARM,2008-12-19,9393.0,4419.0,47.05
TORNTPOWER,2008-12-19,235247.0,92294.0,39.23
TRENT,2008-12-19,3832.0,3779.0,98.62
TVSMOTOR,2008-12-19,227248.0,91019.0,40.05
UBL,2008-12-19,11753.0,9362.0,79.66
ULTRACEMCO,2008-12-19,84275.0,70198.0,83.3
UNIONBANK,2008-12-19,896415.0,201994.0,22.53
VOLTAS,2008-12-19,2932261.0,1308700.0,44.63
WIPRO,2008-12-19,1876483.0,1014565.0,54.07
YESBANK,2008-12-19,715276.0,185377.0,25.92
3MINDIA,2008-12-22,31.0,26.0,83.87
ABB,2008-12-22,394879.0,197164.0,49.93
ACC,2008-12-22,483518.0,96445.0,19.95
ADANIENT,2008-12-22,57254.0,25433.0,44.42
AIAENG,2008-12-22,9757.0,4907.0,50.29
AJANTPHARM,2008-12-22,1110.0,850.0,76.58
AMBUJACEM,2008-12-22,2085027.0,865696.0,41.52
APARINDS,2008-12-22,2212.0,1899.0,85.85
APOLLOHOSP,2008-12-22,8217.0,2817.0,34.28
APOLLOTYRE,2008-12-22,686532.0,407726.0,59.39
ASHOKLEY,2008-12-22,8709242.0,4400883.0,50.53
ASIANPAINT,2008-12-22,27710.0,25400.0,91.66
ASTRAL,2008-12-22,801.0,601.0,75.03
AUROPHARMA,2008-12-22,226737.0,89404.0,39.43
AXISBANK,2008-12-22,2073569.0,396906.0,19.14
BAJAJ-AUTO,2008-12-22,57361.0,35559.0,61.99
BAJAJFINSV,2008-12-22,247718.0,165134.0,66.66
BAJAJHLDNG,2008-12-22,412105.0,369229.0,89.6
BALKRISIND,2008-12-22,39.0,21.0,53.85
BANKBARODA,2008-12-22,774264.0,217255.0,28.06
BANKINDIA,2008-12-22,2983526.0,1286368.0,43.12
BEL,2008-12-22,298686.0,289369.0,96.88
BERGEPAINT,2008-12-22,7072.0,5251.0,74.25
BHARATFORG,2008-12-22,1318191.0,400543.0,30.39
BHARTIARTL,2008-12-22,2399383.0,1001212.0,41.73
BHEL,2008-12-22,1317317.0,285135.0,21.65
BIOCON,2008-12-22,118543.0,53237.0,44.91
BLUESTARCO,2008-12-22,20737.0,10446.0,50.37
BOSCHLTD,2008-12-22,5371.0,5133.0,95.57
BPCL,2008-12-22,689622.0,286947.0,41.61
BRITANNIA,2008-12-22,5603.0,4221.0,75.33
CANBK,2008-12-22,1958827.0,1201994.0,61.36
CIPLA,2008-12-22,1336879.0,687878.0,51.45
COLPAL,2008-12-22,64394.0,40293.0,62.57
CONCOR,2008-12-22,16497.0,13962.0,84.63
CRISIL,2008-12-22,892.0,458.0,51.35
CUMMINSIND,2008-12-22,304095.0,256309.0,84.29
DABUR,2008-12-22,334733.0,231803.0,69.25
DIVISLAB,2008-12-22,32129.0,11608.0,36.13
DLF,2008-12-22,18832155.0,2449126.0,13.01
DRREDDY,2008-12-22,114210.0,49477.0,43.32
EICHERMOT,2008-12-22,4022.0,2275.0,56.56
ESCORTS,2008-12-22,207493.0,92727.0,44.69
EXIDEIND,2008-12-22,99387.0,59957.0,60.33
FEDERALBNK,2008-12-22,376660.0,195945.0,52.02
FORTIS,2008-12-22,476601.0,244118.0,51.22
GAIL,2008-12-22,883535.0,336300.0,38.06
GLAXO,2008-12-22,3142.0,1816.0,57.8
GLENMARK,2008-12-22,424754.0,212562.0,50.04
GODREJCP,2008-12-22,90723.0,77528.0,85.46
GODREJIND,2008-12-22,489730.0,203686.0,41.59
GRASIM,2008-12-22,93323.0,35128.0,37.64
HAVELLS,2008-12-22,37103.0,23022.0,62.05
HCLTECH,2008-12-22,1770658.0,640488.0,36.17
HDFCBANK,2008-12-22,1194269.0,443418.0,37.13
HINDALCO,2008-12-22,6399958.0,3271006.0,51.11
HINDPETRO,2008-12-22,641869.0,237514.0,37.0
HINDUNILVR,2008-12-22,1798195.0,899721.0,50.03
HINDZINC,2008-12-22,31638.0,18004.0,56.91
HONAUT,2008-12-22,120.0,114.0,95.0
ICICIBANK,2008-12-22,6542182.0,1539350.0,23.53
IDEA,2008-12-22,2977637.0,1175701.0,39.48
INDHOTEL,2008-12-22,2008088.0,869091.0,43.28
INDIANB,2008-12-22,333845.0,183224.0,54.88
INDUSINDBK,2008-12-22,484180.0,207097.0,42.77
IOC,2008-12-22,372984.0,193314.0,51.83
IPCALAB,2008-12-22,415.0,258.0,62.17
ITC,2008-12-22,3064878.0,1667762.0,54.42
JINDALSTEL,2008-12-22,679883.0,272598.0,40.09
JKCEMENT,2008-12-22,43391.0,31942.0,73.61
JSL,2008-12-22,138688.0,61638.0,44.44
JSWSTEEL,2008-12-22,842650.0,356631.0,42.32
KEI,2008-12-22,158448.0,97973.0,61.83
KOTAKBANK,2008-12-22,1424431.0,421092.0,29.56
KPRMILL,2008-12-22,5463.0,1832.0,33.53
LICHSGFIN,2008-12-22,991924.0,247345.0,24.94
LT,2008-12-22,1926300.0,573571.0,29.78
LUPIN,2008-12-22,154525.0,101989.0,66.0
M&M,2008-12-22,654857.0,203918.0,31.14
M&MFIN,2008-12-22,91000.0,57100.0,62.75
MAHABANK,2008-12-22,695424.0,384874.0,55.34
MARICO,2008-12-22,955518.0,930964.0,97.43
MARUTI,2008-12-22,1211067.0,565286.0,46.68
MOTILALOFS,2008-12-22,35201.0,24219.0,68.8
MPHASIS,2008-12-22,87562.0,68880.0,78.66
MRF,2008-12-22,1120.0,535.0,47.77
NATIONALUM,2008-12-22,577000.0,110350.0,19.12
NAUKRI,2008-12-22,2114.0,896.0,42.38
NMDC,2008-12-22,43022.0,15787.0,36.7
NTPC,2008-12-22,5918047.0,1855591.0,31.35
OFSS,2008-12-22,58613.0,27176.0,46.37
ONGC,2008-12-22,1879762.0,634108.0,33.73
PAGEIND,2008-12-22,112.0,112.0,100.0
PETRONET,2008-12-22,9951797.0,2226570.0,22.37
PFC,2008-12-22,1948909.0,1089474.0,55.9
PHOENIXLTD,2008-12-22,33061.0,28000.0,84.69
PIDILITIND,2008-12-22,89854.0,33204.0,36.95
PNB,2008-12-22,933201.0,432278.0,46.32
POWERGRID,2008-12-22,3670106.0,1339460.0,36.5
RADICO,2008-12-22,85476.0,76828.0,89.88
RECLTD,2008-12-22,277038.0,168127.0,60.69
RELIANCE,2008-12-22,4876273.0,846623.0,17.36
SAIL,2008-12-22,10024713.0,1641047.0,16.37
SBIN,2008-12-22,2918817.0,614984.0,21.07
SHREECEM,2008-12-22,2690.0,1271.0,47.25
SIEMENS,2008-12-22,607496.0,149084.0,24.54
SRF,2008-12-22,64938.0,33116.0,51.0
SUNDARMFIN,2008-12-22,6450.0,4674.0,72.47
SUNPHARMA,2008-12-22,171557.0,93355.0,54.42
SUPREMEIND,2008-12-22,2953.0,1646.0,55.74
SUZLON,2008-12-22,53028867.0,8708668.0,16.42
TATACOMM,2008-12-22,280716.0,160859.0,57.3
TATAELXSI,2008-12-22,39569.0,34948.0,88.32
TATAINVEST,2008-12-22,7430.0,5746.0,77.34
TATAPOWER,2008-12-22,480488.0,179647.0,37.39
TATASTEEL,2008-12-22,6266499.0,998738.0,15.94
TCS,2008-12-22,1026713.0,447049.0,43.54
TECHM,2008-12-22,108946.0,70208.0,64.44
THERMAX,2008-12-22,25446.0,11896.0,46.75
TITAN,2008-12-22,117908.0,28070.0,23.81
TORNTPHARM,2008-12-22,14038.0,6154.0,43.84
TORNTPOWER,2008-12-22,164108.0,71592.0,43.62
TRENT,2008-12-22,1626.0,1503.0,92.44
TVSMOTOR,2008-12-22,155656.0,69645.0,44.74
UBL,2008-12-22,7192.0,3436.0,47.78
ULTRACEMCO,2008-12-22,74525.0,48200.0,64.68
UNIONBANK,2008-12-22,966267.0,304768.0,31.54
VOLTAS,2008-12-22,2598479.0,1237323.0,47.62
WIPRO,2008-12-22,1102957.0,226528.0,20.54
YESBANK,2008-12-22,738199.0,259189.0,35.11
3MINDIA,2008-12-23,58.0,42.0,72.41
ABB,2008-12-23,204763.0,68966.0,33.68
ACC,2008-12-23,559711.0,97125.0,17.35
ADANIENT,2008-12-23,37010.0,22094.0,59.7
AIAENG,2008-12-23,3133.0,1873.0,59.78
AJANTPHARM,2008-12-23,700.0,318.0,45.43
AMBUJACEM,2008-12-23,1815161.0,848950.0,46.77
APARINDS,2008-12-23,2295.0,269.0,11.72
APOLLOHOSP,2008-12-23,25277.0,12115.0,47.93
APOLLOTYRE,2008-12-23,766712.0,510854.0,66.63
ASHOKLEY,2008-12-23,4330228.0,1495710.0,34.54
ASIANPAINT,2008-12-23,13897.0,13222.0,95.14
ASTRAL,2008-12-23,626.0,625.0,99.84
AUROPHARMA,2008-12-23,315925.0,69482.0,21.99
AXISBANK,2008-12-23,3410146.0,834944.0,24.48
BAJAJ-AUTO,2008-12-23,15624.0,6860.0,43.91
BAJAJFINSV,2008-12-23,27545.0,22026.0,79.96
BAJAJHLDNG,2008-12-23,49937.0,32140.0,64.36
BALKRISIND,2008-12-23,117.0,116.0,99.15
BANKBARODA,2008-12-23,1046683.0,442119.0,42.24
BANKINDIA,2008-12-23,1259770.0,389960.0,30.95
BEL,2008-12-23,46219.0,35942.0,77.76
BERGEPAINT,2008-12-23,8976.0,5923.0,65.99
BHARATFORG,2008-12-23,615885.0,264266.0,42.91
BHARTIARTL,2008-12-23,2760964.0,1323663.0,47.94
BHEL,2008-12-23,1141088.0,234646.0,20.56
BIOCON,2008-12-23,72940.0,30435.0,41.73
BLUESTARCO,2008-12-23,6059.0,3819.0,63.03
BOSCHLTD,2008-12-23,1342.0,1125.0,83.83
BPCL,2008-12-23,868239.0,293751.0,33.83
BRITANNIA,2008-12-23,932.0,413.0,44.31
CANBK,2008-12-23,1335059.0,851500.0,63.78
CIPLA,2008-12-23,1291512.0,940364.0,72.81
COLPAL,2008-12-23,25127.0,18232.0,72.56
CONCOR,2008-12-23,26663.0,20324.0,76.23
CRISIL,2008-12-23,677.0,321.0,47.42
CUMMINSIND,2008-12-23,397704.0,344022.0,86.5
DABUR,2008-12-23,119649.0,81895.0,68.45
DIVISLAB,2008-12-23,33396.0,16638.0,49.82
DLF,2008-12-23,16160208.0,949321.0,5.87
DRREDDY,2008-12-23,275403.0,125056.0,45.41
EICHERMOT,2008-12-23,3956.0,2846.0,71.94
ESCORTS,2008-12-23,88808.0,30785.0,34.66
EXIDEIND,2008-12-23,135602.0,75147.0,55.42
FEDERALBNK,2008-12-23,270521.0,227264.0,84.01
FORTIS,2008-12-23,178272.0,65975.0,37.01
GAIL,2008-12-23,1381482.0,657157.0,47.57
GLAXO,2008-12-23,2864.0,1600.0,55.87
GLENMARK,2008-12-23,260566.0,157240.0,60.35
GODFRYPHLP,2008-12-23,106.0,75.0,70.75
GODREJCP,2008-12-23,22272.0,15245.0,68.45
GODREJIND,2008-12-23,338424.0,238966.0,70.61
GRASIM,2008-12-23,115837.0,59839.0,51.66
HAVELLS,2008-12-23,21416.0,13245.0,61.85
HCLTECH,2008-12-23,1542826.0,749813.0,48.6
HDFCBANK,2008-12-23,1316943.0,532441.0,40.43
HINDALCO,2008-12-23,6301527.0,3044467.0,48.31
HINDPETRO,2008-12-23,1230495.0,496209.0,40.33
HINDUNILVR,2008-12-23,1602714.0,826276.0,51.55
HINDZINC,2008-12-23,26633.0,10959.0,41.15
HONAUT,2008-12-23,658.0,600.0,91.19
ICICIBANK,2008-12-23,7612319.0,1661481.0,21.83
IDEA,2008-12-23,3047273.0,929883.0,30.52
INDHOTEL,2008-12-23,699794.0,392713.0,56.12
INDIANB,2008-12-23,94186.0,51409.0,54.58
INDUSINDBK,2008-12-23,153351.0,84737.0,55.26
IOC,2008-12-23,464309.0,261628.0,56.35
IPCALAB,2008-12-23,2443.0,2120.0,86.78
ITC,2008-12-23,3284329.0,1909181.0,58.13
JINDALSTEL,2008-12-23,626161.0,248634.0,39.71
JKCEMENT,2008-12-23,30308.0,23903.0,78.87
JSL,2008-12-23,47813.0,31783.0,66.47
JSWSTEEL,2008-12-23,664944.0,93673.0,14.09
KEI,2008-12-23,108026.0,49364.0,45.7
KOTAKBANK,2008-12-23,1179223.0,230683.0,19.56
KPRMILL,2008-12-23,1768.0,1627.0,92.02
LICHSGFIN,2008-12-23,356610.0,95828.0,26.87
LT,2008-12-23,2986381.0,1114686.0,37.33
LUPIN,2008-12-23,54014.0,32666.0,60.48
M&M,2008-12-23,794737.0,377720.0,47.53
M&MFIN,2008-12-23,94777.0,60055.0,63.36
MAHABANK,2008-12-23,224660.0,114278.0,50.87
MARICO,2008-12-23,79451.0,59856.0,75.34
MARUTI,2008-12-23,1076243.0,432618.0,40.2
MOTILALOFS,2008-12-23,76702.0,57546.0,75.03
MPHASIS,2008-12-23,27112.0,20911.0,77.13
MRF,2008-12-23,1122.0,615.0,54.81
NATIONALUM,2008-12-23,584335.0,91298.0,15.62
NAUKRI,2008-12-23,2286.0,1214.0,53.11
NMDC,2008-12-23,50010.0,10548.0,21.09
NTPC,2008-12-23,4915346.0,1305749.0,26.56
OFSS,2008-12-23,24854.0,14413.0,57.99
ONGC,2008-12-23,2110755.0,986972.0,46.76
PAGEIND,2008-12-23,64.0,30.0,46.88
PETRONET,2008-12-23,9173271.0,2192632.0,23.9
PFC,2008-12-23,1339869.0,400490.0,29.89
PHOENIXLTD,2008-12-23,39131.0,31489.0,80.47
PIDILITIND,2008-12-23,39655.0,20263.0,51.1
PNB,2008-12-23,623204.0,214322.0,34.39
POWERGRID,2008-12-23,2897869.0,852528.0,29.42
RADICO,2008-12-23,31006.0,20662.0,66.64
RECLTD,2008-12-23,168343.0,104109.0,61.84
RELIANCE,2008-12-23,3848915.0,399922.0,10.39
SAIL,2008-12-23,12192112.0,2762461.0,22.66
SBIN,2008-12-23,2551577.0,421087.0,16.5
SHREECEM,2008-12-23,922.0,523.0,56.72
SIEMENS,2008-12-23,404182.0,163523.0,40.46
SRF,2008-12-23,60787.0,29680.0,48.83
SUNDARMFIN,2008-12-23,17835.0,16994.0,95.28
SUNPHARMA,2008-12-23,230042.0,160321.0,69.69
SUPREMEIND,2008-12-23,950.0,819.0,86.21
SUZLON,2008-12-23,41292198.0,7352878.0,17.81
TATACOMM,2008-12-23,105855.0,58174.0,54.96
TATAELXSI,2008-12-23,2114.0,1791.0,84.72
TATAINVEST,2008-12-23,3137.0,2419.0,77.11
TATAPOWER,2008-12-23,295804.0,92348.0,31.22
TATASTEEL,2008-12-23,5824109.0,1003205.0,17.23
TCS,2008-12-23,891780.0,231196.0,25.93
TECHM,2008-12-23,40281.0,21488.0,53.35
THERMAX,2008-12-23,16138.0,7205.0,44.65
TITAN,2008-12-23,141939.0,57744.0,40.68
TORNTPHARM,2008-12-23,9759.0,5697.0,58.38
TORNTPOWER,2008-12-23,101955.0,43810.0,42.97
TRENT,2008-12-23,1911.0,1589.0,83.15
TVSMOTOR,2008-12-23,107975.0,50079.0,46.38
UBL,2008-12-23,4592.0,3236.0,70.47
ULTRACEMCO,2008-12-23,37808.0,15916.0,42.1
UNIONBANK,2008-12-23,1271304.0,574376.0,45.18
VOLTAS,2008-12-23,1872735.0,1211407.0,64.69
WIPRO,2008-12-23,1158966.0,322772.0,27.85
YESBANK,2008-12-23,651899.0,235484.0,36.12
3MINDIA,2008-12-24,57.0,18.0,31.58
ABB,2008-12-24,400735.0,220748.0,55.09
ACC,2008-12-24,582657.0,186267.0,31.97
ADANIENT,2008-12-24,25720.0,16766.0,65.19
AIAENG,2008-12-24,81565.0,73633.0,90.28
AJANTPHARM,2008-12-24,1725.0,1679.0,97.33
AMBUJACEM,2008-12-24,3135117.0,2103705.0,67.1
APARINDS,2008-12-24,1404.0,343.0,24.43
APOLLOHOSP,2008-12-24,12096.0,4017.0,33.21
APOLLOTYRE,2008-12-24,651117.0,416425.0,63.96
ASHOKLEY,2008-12-24,4162105.0,1268829.0,30.49
ASIANPAINT,2008-12-24,7482.0,6193.0,82.77
ASTRAL,2008-12-24,388.0,360.0,92.78
AUROPHARMA,2008-12-24,219474.0,77525.0,35.32
AXISBANK,2008-12-24,2864147.0,943249.0,32.93
BAJAJ-AUTO,2008-12-24,101475.0,81414.0,80.23
BAJAJFINSV,2008-12-24,14759.0,12268.0,83.12
BAJAJHLDNG,2008-12-24,56218.0,37617.0,66.91
BALKRISIND,2008-12-24,408.0,345.0,84.56
BANKBARODA,2008-12-24,1315303.0,563359.0,42.83
BANKINDIA,2008-12-24,1513247.0,333753.0,22.06
BEL,2008-12-24,31876.0,24669.0,77.39
BERGEPAINT,2008-12-24,25503.0,16755.0,65.7
BHARATFORG,2008-12-24,464129.0,237891.0,51.26
BHARTIARTL,2008-12-24,5685888.0,3018797.0,53.09
BHEL,2008-12-24,1504129.0,556104.0,36.97
BIOCON,2008-12-24,98103.0,54832.0,55.89
BLUESTARCO,2008-12-24,7791.0,5504.0,70.65
BOSCHLTD,2008-12-24,10302.0,9696.0,94.12
BPCL,2008-12-24,1226174.0,569068.0,46.41
BRITANNIA,2008-12-24,3433.0,2265.0,65.98
CANBK,2008-12-24,763168.0,384283.0,50.35
CIPLA,2008-12-24,3343976.0,2667210.0,79.76
COLPAL,2008-12-24,189475.0,187479.0,98.95
CONCOR,2008-12-24,12924.0,10504.0,81.28
CRISIL,2008-12-24,415.0,151.0,36.39
CUMMINSIND,2008-12-24,42709.0,33792.0,79.12
DABUR,2008-12-24,103924.0,68632.0,66.04
DIVISLAB,2008-12-24,63850.0,30445.0,47.68
DLF,2008-12-24,11982966.0,962978.0,8.04
DRREDDY,2008-12-24,371924.0,221313.0,59.5
EICHERMOT,2008-12-24,3242.0,2705.0,83.44
ESCORTS,2008-12-24,193538.0,91753.0,47.41
EXIDEIND,2008-12-24,96108.0,44591.0,46.4
FEDERALBNK,2008-12-24,292469.0,193797.0,66.26
FORTIS,2008-12-24,584774.0,175616.0,30.03
GAIL,2008-12-24,2180076.0,1284300.0,58.91
GLAXO,2008-12-24,7465.0,5984.0,80.16
GLENMARK,2008-12-24,235102.0,137814.0,58.62
GODFRYPHLP,2008-12-24,99.0,89.0,89.9
GODREJCP,2008-12-24,20029.0,13040.0,65.11
GODREJIND,2008-12-24,176126.0,74394.0,42.24
GRASIM,2008-12-24,296961.0,190533.0,64.16
HAVELLS,2008-12-24,24358.0,10679.0,43.84
HCLTECH,2008-12-24,2151324.0,1038650.0,48.28
HDFCBANK,2008-12-24,1354874.0,404966.0,29.89
HINDALCO,2008-12-24,5585466.0,2794701.0,50.04
HINDPETRO,2008-12-24,2325025.0,1033572.0,44.45
HINDUNILVR,2008-12-24,2858195.0,1793691.0,62.76
HINDZINC,2008-12-24,19473.0,10975.0,56.36
HONAUT,2008-12-24,1942.0,1903.0,97.99
ICICIBANK,2008-12-24,6398736.0,1288490.0,20.14
IDEA,2008-12-24,5248912.0,2037417.0,38.82
INDHOTEL,2008-12-24,503202.0,292116.0,58.05
INDIANB,2008-12-24,455834.0,331885.0,72.81
INDUSINDBK,2008-12-24,309160.0,171578.0,55.5
IOC,2008-12-24,873935.0,365269.0,41.8
IPCALAB,2008-12-24,1976.0,1883.0,95.29
ITC,2008-12-24,8837513.0,5890305.0,66.65
JINDALSTEL,2008-12-24,595743.0,223557.0,37.53
JKCEMENT,2008-12-24,22167.0,15989.0,72.13
JSL,2008-12-24,143279.0,86788.0,60.57
JSWSTEEL,2008-12-24,636804.0,217904.0,34.22
KEI,2008-12-24,37908.0,23091.0,60.91
KOTAKBANK,2008-12-24,1643637.0,588081.0,35.78
KPRMILL,2008-12-24,1023.0,819.0,80.06
LICHSGFIN,2008-12-24,509002.0,104945.0,20.62
LT,2008-12-24,2311491.0,844592.0,36.54
LUPIN,2008-12-24,100516.0,53611.0,53.34
M&M,2008-12-24,956231.0,467118.0,48.85
M&MFIN,2008-12-24,110893.0,77700.0,70.07
MAHABANK,2008-12-24,246367.0,141118.0,57.28
MARICO,2008-12-24,52538.0,41036.0,78.11
MARUTI,2008-12-24,1403347.0,700628.0,49.93
MOTILALOFS,2008-12-24,44482.0,20307.0,45.65
MPHASIS,2008-12-24,195472.0,134627.0,68.87
MRF,2008-12-24,1399.0,615.0,43.96
NATIONALUM,2008-12-24,1414126.0,361480.0,25.56
NAUKRI,2008-12-24,7274.0,6725.0,92.45
NMDC,2008-12-24,86850.0,19083.0,21.97
NTPC,2008-12-24,6397752.0,2510238.0,39.24
OFSS,2008-12-24,29657.0,16845.0,56.8
ONGC,2008-12-24,4107100.0,2887343.0,70.3
PAGEIND,2008-12-24,320.0,295.0,92.19
PETRONET,2008-12-24,3086340.0,813761.0,26.37
PFC,2008-12-24,820274.0,432365.0,52.71
PHOENIXLTD,2008-12-24,35132.0,27631.0,78.65
PIDILITIND,2008-12-24,15441.0,5639.0,36.52
PNB,2008-12-24,678315.0,178583.0,26.33
POWERGRID,2008-12-24,7491797.0,2999650.0,40.04
RADICO,2008-12-24,9850.0,5898.0,59.88
RECLTD,2008-12-24,1537302.0,1348857.0,87.74
RELIANCE,2008-12-24,4105712.0,1116884.0,27.2
SAIL,2008-12-24,14523937.0,5856986.0,40.33
SBIN,2008-12-24,2687701.0,457199.0,17.01
SHREECEM,2008-12-24,8695.0,8415.0,96.78
SIEMENS,2008-12-24,1053630.0,663562.0,62.98
SRF,2008-12-24,245086.0,104401.0,42.6
SUNDARMFIN,2008-12-24,15709.0,11059.0,70.4
SUNPHARMA,2008-12-24,352186.0,224164.0,63.65
SUPREMEIND,2008-12-24,402.0,195.0,48.51
SUZLON,2008-12-24,33461620.0,5785149.0,17.29
TATACOMM,2008-12-24,413672.0,231246.0,55.9
TATAELXSI,2008-12-24,4919.0,3058.0,62.17
TATAINVEST,2008-12-24,2412.0,1599.0,66.29
TATAPOWER,2008-12-24,445474.0,240801.0,54.06
TATASTEEL,2008-12-24,5839634.0,1496054.0,25.62
TCS,2008-12-24,2287109.0,990018.0,43.29
TECHM,2008-12-24,114774.0,76418.0,66.58
THERMAX,2008-12-24,14104.0,5948.0,42.17
TITAN,2008-12-24,99115.0,26935.0,27.18
TORNTPHARM,2008-12-24,5442.0,3256.0,59.83
TORNTPOWER,2008-12-24,48198.0,31020.0,64.36
TRENT,2008-12-24,60237.0,11891.0,19.74
TVSMOTOR,2008-12-24,2154765.0,1404165.0,65.17
UBL,2008-12-24,6185.0,3856.0,62.34
ULTRACEMCO,2008-12-24,196890.0,156746.0,79.61
UNIONBANK,2008-12-24,816921.0,217830.0,26.66
VOLTAS,2008-12-24,721620.0,342115.0,47.41
WIPRO,2008-12-24,3557610.0,1507639.0,42.38
YESBANK,2008-12-24,536729.0,81156.0,15.12
3MINDIA,2008-12-26,13.0,13.0,100.0
ABB,2008-12-26,236795.0,95214.0,40.21
ACC,2008-12-26,337338.0,65825.0,19.51
ADANIENT,2008-12-26,17028.0,7653.0,44.94
AIAENG,2008-12-26,4463.0,2040.0,45.71
AJANTPHARM,2008-12-26,7424.0,6857.0,92.36
AMBUJACEM,2008-12-26,877339.0,373391.0,42.56
APARINDS,2008-12-26,495.0,343.0,69.29
APOLLOHOSP,2008-12-26,2174.0,964.0,44.34
APOLLOTYRE,2008-12-26,792952.0,454391.0,57.3
ASHOKLEY,2008-12-26,3468644.0,954944.0,27.53
ASIANPAINT,2008-12-26,7848.0,6587.0,83.93
ASTRAL,2008-12-26,1584.0,1582.0,99.87
AUROPHARMA,2008-12-26,74586.0,37608.0,50.42
AXISBANK,2008-12-26,2151638.0,376753.0,17.51
BAJAJ-AUTO,2008-12-26,70943.0,52156.0,73.52
BAJAJFINSV,2008-12-26,84275.0,65774.0,78.05
BAJAJHLDNG,2008-12-26,34034.0,20950.0,61.56
BALKRISIND,2008-12-26,119.0,86.0,72.27
BANKBARODA,2008-12-26,410941.0,105631.0,25.7
BANKINDIA,2008-12-26,1046709.0,147623.0,14.1
BEL,2008-12-26,9729.0,5932.0,60.97
BERGEPAINT,2008-12-26,24735.0,17053.0,68.94
BHARATFORG,2008-12-26,400153.0,227768.0,56.92
BHARTIARTL,2008-12-26,1759744.0,603459.0,34.29
BHEL,2008-12-26,925642.0,240347.0,25.97
BIOCON,2008-12-26,63767.0,16834.0,26.4
BLUESTARCO,2008-12-26,5315.0,3652.0,68.71
BOSCHLTD,2008-12-26,717.0,573.0,79.92
BPCL,2008-12-26,666454.0,202323.0,30.36
BRITANNIA,2008-12-26,51003.0,49518.0,97.09
CANBK,2008-12-26,335814.0,83287.0,24.8
CIPLA,2008-12-26,569715.0,276072.0,48.46
COLPAL,2008-12-26,17680.0,11305.0,63.94
CONCOR,2008-12-26,17693.0,13429.0,75.9
CRISIL,2008-12-26,635.0,236.0,37.17
CUMMINSIND,2008-12-26,309213.0,207189.0,67.01
DABUR,2008-12-26,233393.0,155271.0,66.53
DIVISLAB,2008-12-26,86665.0,25383.0,29.29
DLF,2008-12-26,13351822.0,1247444.0,9.34
DRREDDY,2008-12-26,107096.0,49843.0,46.54
EICHERMOT,2008-12-26,9522.0,8152.0,85.61
ESCORTS,2008-12-26,94662.0,37801.0,39.93
EXIDEIND,2008-12-26,68429.0,36193.0,52.89
FEDERALBNK,2008-12-26,122737.0,51731.0,42.15
FORTIS,2008-12-26,160796.0,82980.0,51.61
GAIL,2008-12-26,825264.0,380113.0,46.06
GLAXO,2008-12-26,3593.0,2699.0,75.12
GLENMARK,2008-12-26,171564.0,110138.0,64.2
GODFRYPHLP,2008-12-26,82.0,70.0,85.37
GODREJCP,2008-12-26,110126.0,67986.0,61.73
GODREJIND,2008-12-26,110278.0,36764.0,33.34
GRASIM,2008-12-26,124641.0,52088.0,41.79
HAVELLS,2008-12-26,16594.0,8370.0,50.44
HCLTECH,2008-12-26,1446940.0,596465.0,41.22
HDFCBANK,2008-12-26,838857.0,212683.0,25.35
HINDALCO,2008-12-26,3077481.0,1275575.0,41.45
HINDPETRO,2008-12-26,1393237.0,451602.0,32.41
HINDUNILVR,2008-12-26,832138.0,393174.0,47.25
HINDZINC,2008-12-26,12188.0,7091.0,58.18
HONAUT,2008-12-26,95.0,86.0,90.53
ICICIBANK,2008-12-26,6510310.0,1169023.0,17.96
IDEA,2008-12-26,2886620.0,1325606.0,45.92
INDHOTEL,2008-12-26,231389.0,124664.0,53.88
INDIANB,2008-12-26,189570.0,93900.0,49.53
INDUSINDBK,2008-12-26,125939.0,56472.0,44.84
IOC,2008-12-26,658927.0,278762.0,42.31
IPCALAB,2008-12-26,3169.0,2557.0,80.69
ITC,2008-12-26,1786030.0,796375.0,44.59
JINDALSTEL,2008-12-26,683141.0,182054.0,26.65
JKCEMENT,2008-12-26,28407.0,25218.0,88.77
JSL,2008-12-26,92109.0,32219.0,34.98
JSWSTEEL,2008-12-26,562398.0,104831.0,18.64
KEI,2008-12-26,70956.0,40348.0,56.86
KOTAKBANK,2008-12-26,1159283.0,165456.0,14.27
KPRMILL,2008-12-26,1086.0,924.0,85.08
LICHSGFIN,2008-12-26,324698.0,68800.0,21.19
LT,2008-12-26,1471461.0,412786.0,28.05
LUPIN,2008-12-26,16984.0,9602.0,56.54
M&M,2008-12-26,419059.0,147532.0,35.21
M&MFIN,2008-12-26,113705.0,75523.0,66.42
MAHABANK,2008-12-26,356379.0,189573.0,53.19
MARICO,2008-12-26,74529.0,39944.0,53.6
MARUTI,2008-12-26,1064831.0,403990.0,37.94
MOTILALOFS,2008-12-26,11229.0,5213.0,46.42
MPHASIS,2008-12-26,23831.0,14096.0,59.15
MRF,2008-12-26,1174.0,588.0,50.09
NATIONALUM,2008-12-26,630240.0,274496.0,43.55
NAUKRI,2008-12-26,1827.0,577.0,31.58
NMDC,2008-12-26,45932.0,20277.0,44.15
NTPC,2008-12-26,3430679.0,1390604.0,40.53
OFSS,2008-12-26,53156.0,28940.0,54.44
ONGC,2008-12-26,2174122.0,971667.0,44.69
PAGEIND,2008-12-26,243.0,130.0,53.5
PETRONET,2008-12-26,2075246.0,871130.0,41.98
PFC,2008-12-26,363246.0,120782.0,33.25
PHOENIXLTD,2008-12-26,15692.0,11451.0,72.97
PIDILITIND,2008-12-26,8991.0,5924.0,65.89
PNB,2008-12-26,505469.0,125593.0,24.85
POWERGRID,2008-12-26,3082800.0,1258433.0,40.82
RADICO,2008-12-26,31819.0,23175.0,72.83
RECLTD,2008-12-26,624197.0,510683.0,81.81
RELIANCE,2008-12-26,3172515.0,565850.0,17.84
SAIL,2008-12-26,9141189.0,2242364.0,24.53
SBIN,2008-12-26,2484886.0,463206.0,18.64
SHREECEM,2008-12-26,1967.0,1683.0,85.56
SIEMENS,2008-12-26,374749.0,123043.0,32.83
SRF,2008-12-26,169542.0,29544.0,17.43
SUNDARMFIN,2008-12-26,2549.0,1913.0,75.05
SUNPHARMA,2008-12-26,166016.0,71316.0,42.96
SUPREMEIND,2008-12-26,1958.0,1559.0,79.62
SUZLON,2008-12-26,35082057.0,6709862.0,19.13
TATACOMM,2008-12-26,224062.0,152453.0,68.04
TATAELXSI,2008-12-26,19405.0,16816.0,86.66
TATAINVEST,2008-12-26,3466.0,2749.0,79.31
TATAPOWER,2008-12-26,416112.0,126218.0,30.33
TATASTEEL,2008-12-26,5831015.0,1190507.0,20.42
TCS,2008-12-26,788641.0,333669.0,42.31
TECHM,2008-12-26,99942.0,35492.0,35.51
THERMAX,2008-12-26,404875.0,390432.0,96.43
TITAN,2008-12-26,102426.0,17218.0,16.81
TORNTPHARM,2008-12-26,2203.0,963.0,43.71
TORNTPOWER,2008-12-26,54736.0,23063.0,42.13
TRENT,2008-12-26,9426.0,3525.0,37.4
TVSMOTOR,2008-12-26,659476.0,400887.0,60.79
UBL,2008-12-26,3461.0,2295.0,66.31
ULTRACEMCO,2008-12-26,15266.0,5572.0,36.5
UNIONBANK,2008-12-26,603035.0,109830.0,18.21
VOLTAS,2008-12-26,878737.0,295285.0,33.6
WIPRO,2008-12-26,1225786.0,356915.0,29.12
YESBANK,2008-12-26,441054.0,87877.0,19.92
3MINDIA,2008-12-29,133.0,106.0,79.7
ABB,2008-12-29,169162.0,34288.0,20.27
ACC,2008-12-29,306285.0,45315.0,14.8
ADANIENT,2008-12-29,9317.0,4192.0,44.99
AIAENG,2008-12-29,5080.0,2149.0,42.3
AJANTPHARM,2008-12-29,7786.0,2889.0,37.11
AMBUJACEM,2008-12-29,1181780.0,568047.0,48.07
APARINDS,2008-12-29,1234.0,1030.0,83.47
APOLLOHOSP,2008-12-29,13894.0,5011.0,36.07
APOLLOTYRE,2008-12-29,319808.0,182053.0,56.93
ASHOKLEY,2008-12-29,3617282.0,998976.0,27.62
ASIANPAINT,2008-12-29,8134.0,7192.0,88.42
ASTRAL,2008-12-29,90.0,90.0,100.0
AUROPHARMA,2008-12-29,57315.0,19478.0,33.98
AXISBANK,2008-12-29,2720951.0,320957.0,11.8
BAJAJ-AUTO,2008-12-29,136120.0,125242.0,92.01
BAJAJFINSV,2008-12-29,103583.0,78678.0,75.96
BAJAJHLDNG,2008-12-29,26739.0,16605.0,62.1
BALKRISIND,2008-12-29,95.0,80.0,84.21
BANKBARODA,2008-12-29,586388.0,102292.0,17.44
BANKINDIA,2008-12-29,1230994.0,371834.0,30.21
BEL,2008-12-29,20129.0,7744.0,38.47
BERGEPAINT,2008-12-29,7078.0,3861.0,54.55
BHARATFORG,2008-12-29,607040.0,265189.0,43.69
BHARTIARTL,2008-12-29,1446701.0,386283.0,26.7
BHEL,2008-12-29,1488785.0,282253.0,18.96
BIOCON,2008-12-29,23363.0,8744.0,37.43
BLUESTARCO,2008-12-29,8174.0,4777.0,58.44
BOSCHLTD,2008-12-29,595.0,526.0,88.4
BPCL,2008-12-29,651552.0,322846.0,49.55
BRITANNIA,2008-12-29,414.0,171.0,41.3
CANBK,2008-12-29,564161.0,208362.0,36.93
CIPLA,2008-12-29,1316322.0,1004601.0,76.32
COLPAL,2008-12-29,58094.0,37706.0,64.91
CONCOR,2008-12-29,24605.0,20490.0,83.28
CRISIL,2008-12-29,1212.0,361.0,29.79
CUMMINSIND,2008-12-29,98452.0,46286.0,47.01
DABUR,2008-12-29,341722.0,292692.0,85.65
DIVISLAB,2008-12-29,62723.0,39637.0,63.19
DLF,2008-12-29,15033973.0,1271204.0,8.46
DRREDDY,2008-12-29,96306.0,61683.0,64.05
EICHERMOT,2008-12-29,14787.0,11303.0,76.44
ESCORTS,2008-12-29,91224.0,21903.0,24.01
EXIDEIND,2008-12-29,133384.0,50406.0,37.79
FEDERALBNK,2008-12-29,141202.0,109028.0,77.21
FORTIS,2008-12-29,80834.0,43499.0,53.81
GAIL,2008-12-29,597228.0,198730.0,33.28
GLAXO,2008-12-29,3708.0,2472.0,66.67
GLENMARK,2008-12-29,260356.0,152282.0,58.49
GODFRYPHLP,2008-12-29,83.0,33.0,39.76
GODREJCP,2008-12-29,92656.0,85436.0,92.21
GODREJIND,2008-12-29,130596.0,42620.0,32.63
GRASIM,2008-12-29,220766.0,121785.0,55.16
HAVELLS,2008-12-29,10975.0,5310.0,48.38
HCLTECH,2008-12-29,985743.0,494840.0,50.2
HDFCBANK,2008-12-29,1303029.0,465274.0,35.71
HINDALCO,2008-12-29,3305850.0,1090962.0,33.0
HINDPETRO,2008-12-29,714962.0,351759.0,49.2
HINDUNILVR,2008-12-29,1719193.0,986666.0,57.39
HINDZINC,2008-12-29,47328.0,17797.0,37.6
HONAUT,2008-12-29,201.0,178.0,88.56
ICICIBANK,2008-12-29,7610933.0,1039200.0,13.65
IDEA,2008-12-29,1221343.0,398131.0,32.6
INDHOTEL,2008-12-29,363658.0,242892.0,66.79
INDIANB,2008-12-29,409195.0,196613.0,48.05
INDUSINDBK,2008-12-29,140672.0,47891.0,34.04
IOC,2008-12-29,441036.0,207519.0,47.05
IPCALAB,2008-12-29,233.0,147.0,63.09
ITC,2008-12-29,2168703.0,1132469.0,52.22
JINDALSTEL,2008-12-29,530514.0,109995.0,20.73
JKCEMENT,2008-12-29,16754.0,13726.0,81.93
JSL,2008-12-29,56051.0,20060.0,35.79
JSWSTEEL,2008-12-29,744938.0,155839.0,20.92
KEI,2008-12-29,98744.0,57926.0,58.66
KOTAKBANK,2008-12-29,1277881.0,116273.0,9.1
KPRMILL,2008-12-29,19789.0,19590.0,98.99
LICHSGFIN,2008-12-29,419905.0,73525.0,17.51
LT,2008-12-29,1998439.0,486224.0,24.33
LUPIN,2008-12-29,11317.0,5631.0,49.76
M&M,2008-12-29,773118.0,376413.0,48.69
M&MFIN,2008-12-29,43119.0,13696.0,31.76
MAHABANK,2008-12-29,131421.0,70623.0,53.74
MARICO,2008-12-29,38478.0,25410.0,66.04
MARUTI,2008-12-29,2104976.0,1264990.0,60.1
MOTILALOFS,2008-12-29,12025.0,7378.0,61.36
MPHASIS,2008-12-29,14792.0,7880.0,53.27
MRF,2008-12-29,806.0,294.0,36.48
NATIONALUM,2008-12-29,293184.0,65986.0,22.51
NAUKRI,2008-12-29,1120.0,616.0,55.0
NMDC,2008-12-29,42196.0,15057.0,35.68
NTPC,2008-12-29,3427949.0,1176220.0,34.31
OFSS,2008-12-29,14069.0,6717.0,47.74
ONGC,2008-12-29,1562256.0,449894.0,28.8
PAGEIND,2008-12-29,60.0,50.0,83.33
PETRONET,2008-12-29,1110120.0,311554.0,28.06
PFC,2008-12-29,306729.0,92940.0,30.3
PHOENIXLTD,2008-12-29,12957.0,10025.0,77.37
PIDILITIND,2008-12-29,14151.0,8797.0,62.17
PNB,2008-12-29,687670.0,155150.0,22.56
POWERGRID,2008-12-29,1922861.0,511791.0,26.62
RADICO,2008-12-29,107809.0,74963.0,69.53
RECLTD,2008-12-29,589400.0,505519.0,85.77
RELIANCE,2008-12-29,5854190.0,1262496.0,21.57
SAIL,2008-12-29,17846467.0,4122568.0,23.1
SBIN,2008-12-29,2552764.0,203259.0,7.96
SHREECEM,2008-12-29,598.0,313.0,52.34
SIEMENS,2008-12-29,318574.0,60907.0,19.12
SRF,2008-12-29,67904.0,25485.0,37.53
SUNDARMFIN,2008-12-29,1647.0,1381.0,83.85
SUNPHARMA,2008-12-29,203841.0,92414.0,45.34
SUPREMEIND,2008-12-29,1859.0,1617.0,86.98
SUZLON,2008-12-29,34369164.0,7433765.0,21.63
TATACOMM,2008-12-29,116376.0,50568.0,43.45
TATAELXSI,2008-12-29,12729.0,11933.0,93.75
TATAINVEST,2008-12-29,2295.0,1900.0,82.79
TATAPOWER,2008-12-29,664170.0,422343.0,63.59
TATASTEEL,2008-12-29,7880473.0,1309065.0,16.61
TCS,2008-12-29,1218902.0,606336.0,49.74
TECHM,2008-12-29,132637.0,86990.0,65.59
THERMAX,2008-12-29,194534.0,186846.0,96.05
TITAN,2008-12-29,104942.0,13137.0,12.52
TORNTPHARM,2008-12-29,15850.0,13629.0,85.99
TORNTPOWER,2008-12-29,82199.0,41904.0,50.98
TRENT,2008-12-29,2144.0,1505.0,70.2
TVSMOTOR,2008-12-29,433415.0,219006.0,50.53
UBL,2008-12-29,2652.0,1455.0,54.86
ULTRACEMCO,2008-12-29,10929.0,4878.0,44.63
UNIONBANK,2008-12-29,651253.0,78128.0,12.0
VOLTAS,2008-12-29,634520.0,205023.0,32.31
WIPRO,2008-12-29,1268309.0,264981.0,20.89
YESBANK,2008-12-29,397436.0,126161.0,31.74
3MINDIA,2008-12-30,278.0,193.0,69.42
ABB,2008-12-30,247814.0,62160.0,25.08
ACC,2008-12-30,503622.0,191145.0,37.95
ADANIENT,2008-12-30,15208.0,4333.0,28.49
AIAENG,2008-12-30,12126.0,9252.0,76.3
AJANTPHARM,2008-12-30,1297.0,1235.0,95.22
AMBUJACEM,2008-12-30,1290872.0,436359.0,33.8
APARINDS,2008-12-30,350.0,250.0,71.43
APOLLOHOSP,2008-12-30,104984.0,48512.0,46.21
APOLLOTYRE,2008-12-30,983384.0,707135.0,71.91
ASHOKLEY,2008-12-30,4272384.0,1263511.0,29.57
ASIANPAINT,2008-12-30,2446.0,1775.0,72.57
ASTRAL,2008-12-30,74.0,72.0,97.3
AUROPHARMA,2008-12-30,99956.0,34087.0,34.1
AXISBANK,2008-12-30,2858087.0,371154.0,12.99
BAJAJ-AUTO,2008-12-30,48801.0,34705.0,71.12
BAJAJFINSV,2008-12-30,146091.0,104893.0,71.8
BAJAJHLDNG,2008-12-30,137322.0,106756.0,77.74
BALKRISIND,2008-12-30,30.0,27.0,90.0
BANKBARODA,2008-12-30,611506.0,143066.0,23.4
BANKINDIA,2008-12-30,1380382.0,272404.0,19.73
BEL,2008-12-30,61938.0,43489.0,70.21
BERGEPAINT,2008-12-30,7360.0,7151.0,97.16
BHARATFORG,2008-12-30,393425.0,172792.0,43.92
BHARTIARTL,2008-12-30,2168553.0,698742.0,32.22
BHEL,2008-12-30,1162181.0,155440.0,13.37
BIOCON,2008-12-30,267638.0,184810.0,69.05
BLUESTARCO,2008-12-30,15234.0,10437.0,68.51
BOSCHLTD,2008-12-30,968.0,851.0,87.91
BPCL,2008-12-30,704542.0,297491.0,42.22
BRITANNIA,2008-12-30,823.0,640.0,77.76
CANBK,2008-12-30,846371.0,402360.0,47.54
CIPLA,2008-12-30,1010826.0,606751.0,60.03
COLPAL,2008-12-30,74857.0,64362.0,85.98
CONCOR,2008-12-30,20289.0,15288.0,75.35
CRISIL,2008-12-30,502.0,251.0,50.0
CUMMINSIND,2008-12-30,552872.0,268305.0,48.53
DABUR,2008-12-30,265754.0,232176.0,87.37
DIVISLAB,2008-12-30,76927.0,39803.0,51.74
DLF,2008-12-30,11748322.0,540447.0,4.6
DRREDDY,2008-12-30,80678.0,35815.0,44.39
EICHERMOT,2008-12-30,3319.0,1469.0,44.26
ESCORTS,2008-12-30,161830.0,49485.0,30.58
EXIDEIND,2008-12-30,76388.0,40112.0,52.51
FEDERALBNK,2008-12-30,163325.0,81588.0,49.95
FORTIS,2008-12-30,74849.0,41524.0,55.48
GAIL,2008-12-30,1475082.0,807831.0,54.77
GLAXO,2008-12-30,137989.0,135888.0,98.48
GLENMARK,2008-12-30,841748.0,680715.0,80.87
GODFRYPHLP,2008-12-30,390.0,246.0,63.08
GODREJCP,2008-12-30,53692.0,25591.0,47.66
GODREJIND,2008-12-30,99733.0,40890.0,41.0
GRASIM,2008-12-30,146463.0,75004.0,51.21
HAVELLS,2008-12-30,17354.0,9737.0,56.11
HCLTECH,2008-12-30,1523541.0,695092.0,45.62
HDFCBANK,2008-12-30,1885538.0,877606.0,46.54
HINDALCO,2008-12-30,4136113.0,1458517.0,35.26
HINDPETRO,2008-12-30,670380.0,183377.0,27.35
HINDUNILVR,2008-12-30,1397119.0,657368.0,47.05
HINDZINC,2008-12-30,8423.0,3217.0,38.19
HONAUT,2008-12-30,1113.0,858.0,77.09
ICICIBANK,2008-12-30,8313502.0,986852.0,11.87
IDEA,2008-12-30,4800182.0,1564861.0,32.6
INDHOTEL,2008-12-30,473740.0,219107.0,46.25
INDIANB,2008-12-30,419672.0,151208.0,36.03
INDUSINDBK,2008-12-30,153424.0,56807.0,37.03
IOC,2008-12-30,173452.0,61954.0,35.72
IPCALAB,2008-12-30,4673.0,3088.0,66.08
ITC,2008-12-30,3180165.0,1832113.0,57.61
JINDALSTEL,2008-12-30,484989.0,94158.0,19.41
JKCEMENT,2008-12-30,14901.0,10282.0,69.0
JSL,2008-12-30,87208.0,54778.0,62.81
JSWSTEEL,2008-12-30,693096.0,179004.0,25.83
KEI,2008-12-30,238685.0,157171.0,65.85
KOTAKBANK,2008-12-30,1368192.0,188704.0,13.79
KPRMILL,2008-12-30,185.0,145.0,78.38
LICHSGFIN,2008-12-30,526077.0,198349.0,37.7
LT,2008-12-30,2051074.0,432955.0,21.11
LUPIN,2008-12-30,151494.0,136805.0,90.3
M&M,2008-12-30,953733.0,331607.0,34.77
M&MFIN,2008-12-30,88718.0,44172.0,49.79
MAHABANK,2008-12-30,323789.0,189654.0,58.57
MARICO,2008-12-30,55720.0,40605.0,72.87
MARUTI,2008-12-30,1067188.0,366658.0,34.36
MOTILALOFS,2008-12-30,27737.0,14929.0,53.82
MPHASIS,2008-12-30,199995.0,110118.0,55.06
MRF,2008-12-30,1304.0,848.0,65.03
NATIONALUM,2008-12-30,418190.0,79480.0,19.01
NAUKRI,2008-12-30,305.0,203.0,66.56
NMDC,2008-12-30,64787.0,11220.0,17.32
NTPC,2008-12-30,3982439.0,1149669.0,28.87
OFSS,2008-12-30,66822.0,47408.0,70.95
ONGC,2008-12-30,1970272.0,683029.0,34.67
PAGEIND,2008-12-30,342.0,238.0,69.59
PETRONET,2008-12-30,2591591.0,804120.0,31.03
PFC,2008-12-30,461374.0,116073.0,25.16
PHOENIXLTD,2008-12-30,33408.0,29437.0,88.11
PIDILITIND,2008-12-30,16501.0,14565.0,88.27
PNB,2008-12-30,696581.0,135530.0,19.46
POWERGRID,2008-12-30,2738363.0,867910.0,31.69
RADICO,2008-12-30,113345.0,100445.0,88.62
RECLTD,2008-12-30,605986.0,456229.0,75.29
RELIANCE,2008-12-30,4507295.0,637793.0,14.15
SAIL,2008-12-30,13516643.0,2060892.0,15.25
SBIN,2008-12-30,2751981.0,230304.0,8.37
SHREECEM,2008-12-30,878.0,402.0,45.79
SIEMENS,2008-12-30,393382.0,98777.0,25.11
SRF,2008-12-30,62958.0,17456.0,27.73
SUNDARMFIN,2008-12-30,13454.0,13130.0,97.59
SUNPHARMA,2008-12-30,200233.0,123305.0,61.58
SUPREMEIND,2008-12-30,10452.0,10001.0,95.69
SUZLON,2008-12-30,43942089.0,7943252.0,18.08
TATACOMM,2008-12-30,342233.0,202359.0,59.13
TATAELXSI,2008-12-30,8973.0,8247.0,91.91
TATAINVEST,2008-12-30,5109.0,4454.0,87.18
TATAPOWER,2008-12-30,346515.0,75183.0,21.7
TATASTEEL,2008-12-30,5474932.0,634150.0,11.58
TCS,2008-12-30,880632.0,262170.0,29.77
TECHM,2008-12-30,68167.0,27311.0,40.06
THERMAX,2008-12-30,29313.0,12397.0,42.29
TITAN,2008-12-30,94212.0,34920.0,37.07
TORNTPHARM,2008-12-30,7177.0,4342.0,60.5
TORNTPOWER,2008-12-30,45191.0,20247.0,44.8
TRENT,2008-12-30,1535.0,1132.0,73.75
TVSMOTOR,2008-12-30,3107009.0,2901337.0,93.38
UBL,2008-12-30,3396.0,1759.0,51.8
ULTRACEMCO,2008-12-30,44493.0,33804.0,75.98
UNIONBANK,2008-12-30,637295.0,71950.0,11.29
VOLTAS,2008-12-30,1498327.0,794974.0,53.06
WIPRO,2008-12-30,1157649.0,286881.0,24.78
YESBANK,2008-12-30,452242.0,160133.0,35.41
3MINDIA,2008-12-31,99.0,83.0,83.84
ABB,2008-12-31,202458.0,51204.0,25.29
ACC,2008-12-31,240138.0,60598.0,25.23
ADANIENT,2008-12-31,22887.0,12418.0,54.26
AIAENG,2008-12-31,6477.0,4131.0,63.78
AJANTPHARM,2008-12-31,2016.0,703.0,34.87
AMBUJACEM,2008-12-31,1318891.0,439984.0,33.36
APARINDS,2008-12-31,321.0,175.0,54.52
APOLLOHOSP,2008-12-31,82636.0,38644.0,46.76
APOLLOTYRE,2008-12-31,2347866.0,1982838.0,84.45
ASHOKLEY,2008-12-31,5313804.0,1640369.0,30.87
ASIANPAINT,2008-12-31,6285.0,4640.0,73.83
ASTRAL,2008-12-31,500.0,500.0,100.0
AUROPHARMA,2008-12-31,135456.0,53710.0,39.65
AXISBANK,2008-12-31,2495475.0,385723.0,15.46
BAJAJ-AUTO,2008-12-31,53900.0,20611.0,38.24
BAJAJFINSV,2008-12-31,112759.0,77511.0,68.74
BAJAJHLDNG,2008-12-31,44219.0,22148.0,50.09
BALKRISIND,2008-12-31,531.0,338.0,63.65
BANKBARODA,2008-12-31,753881.0,260582.0,34.57
BANKINDIA,2008-12-31,1308003.0,307142.0,23.48
BEL,2008-12-31,128927.0,92129.0,71.46
BERGEPAINT,2008-12-31,6143.0,3596.0,58.54
BHARATFORG,2008-12-31,412511.0,147486.0,35.75
BHARTIARTL,2008-12-31,1938485.0,799555.0,41.25
BHEL,2008-12-31,1119923.0,214042.0,19.11
BIOCON,2008-12-31,99635.0,30079.0,30.19
BLUESTARCO,2008-12-31,15619.0,11469.0,73.43
BOSCHLTD,2008-12-31,1677.0,804.0,47.94
BPCL,2008-12-31,673939.0,421437.0,62.53
BRITANNIA,2008-12-31,2016.0,1546.0,76.69
CANBK,2008-12-31,506663.0,210509.0,41.55
CIPLA,2008-12-31,431718.0,152571.0,35.34
COLPAL,2008-12-31,22305.0,16039.0,71.91
CONCOR,2008-12-31,14875.0,11018.0,74.07
CRISIL,2008-12-31,1422.0,744.0,52.32
CUMMINSIND,2008-12-31,708637.0,645341.0,91.07
DABUR,2008-12-31,256743.0,222859.0,86.8
DIVISLAB,2008-12-31,94096.0,48967.0,52.04
DLF,2008-12-31,11029905.0,714798.0,6.48
DRREDDY,2008-12-31,139032.0,40059.0,28.81
EICHERMOT,2008-12-31,4914.0,3721.0,75.72
ESCORTS,2008-12-31,221049.0,64945.0,29.38
EXIDEIND,2008-12-31,181513.0,140456.0,77.38
FEDERALBNK,2008-12-31,330090.0,251407.0,76.16
FORTIS,2008-12-31,292914.0,224739.0,76.73
GAIL,2008-12-31,1418852.0,838773.0,59.12
GLAXO,2008-12-31,2676.0,1298.0,48.51
GLENMARK,2008-12-31,244682.0,190479.0,77.85
GODFRYPHLP,2008-12-31,430.0,399.0,92.79
GODREJCP,2008-12-31,25635.0,20342.0,79.35
GODREJIND,2008-12-31,128133.0,62633.0,48.88
GRASIM,2008-12-31,101776.0,61750.0,60.67
HAVELLS,2008-12-31,66339.0,37209.0,56.09
HCLTECH,2008-12-31,1513577.0,841178.0,55.58
HDFCBANK,2008-12-31,1039337.0,317991.0,30.6
HINDALCO,2008-12-31,7229092.0,2309368.0,31.95
HINDPETRO,2008-12-31,531859.0,245678.0,46.19
HINDUNILVR,2008-12-31,1520750.0,871030.0,57.28
HINDZINC,2008-12-31,6443.0,1500.0,23.28
HONAUT,2008-12-31,593.0,494.0,83.31
ICICIBANK,2008-12-31,7794740.0,1040051.0,13.34
IDEA,2008-12-31,3325741.0,1099026.0,33.05
INDHOTEL,2008-12-31,227913.0,95545.0,41.92
INDIANB,2008-12-31,683430.0,364108.0,53.28
INDUSINDBK,2008-12-31,580085.0,216328.0,37.29
IOC,2008-12-31,262140.0,138410.0,52.8
IPCALAB,2008-12-31,8597.0,4971.0,57.82
ITC,2008-12-31,2780053.0,1896426.0,68.22
JINDALSTEL,2008-12-31,709499.0,242830.0,34.23
JKCEMENT,2008-12-31,21065.0,13333.0,63.29
JSL,2008-12-31,75125.0,41467.0,55.2
JSWSTEEL,2008-12-31,1159374.0,409777.0,35.34
KEI,2008-12-31,111780.0,59266.0,53.02
KOTAKBANK,2008-12-31,1176258.0,245081.0,20.84
KPRMILL,2008-12-31,70.0,50.0,71.43
LICHSGFIN,2008-12-31,669324.0,150720.0,22.52
LT,2008-12-31,1836663.0,430053.0,23.41
LUPIN,2008-12-31,60174.0,32845.0,54.58
M&M,2008-12-31,565651.0,133351.0,23.57
M&MFIN,2008-12-31,38292.0,14809.0,38.67
MAHABANK,2008-12-31,430060.0,242089.0,56.29
MARICO,2008-12-31,90702.0,54440.0,60.02
MARUTI,2008-12-31,1712863.0,736587.0,43.0
MOTILALOFS,2008-12-31,23670.0,9512.0,40.19
MPHASIS,2008-12-31,45604.0,29030.0,63.66
MRF,2008-12-31,1493.0,534.0,35.77
NATIONALUM,2008-12-31,483363.0,154281.0,31.92
NAUKRI,2008-12-31,1448.0,713.0,49.24
NMDC,2008-12-31,43038.0,12990.0,30.18
NTPC,2008-12-31,3910347.0,1470755.0,37.61
OFSS,2008-12-31,18520.0,6220.0,33.59
ONGC,2008-12-31,1326857.0,500520.0,37.72
PAGEIND,2008-12-31,63.0,40.0,63.49
PETRONET,2008-12-31,2343732.0,789918.0,33.7
PFC,2008-12-31,561759.0,136067.0,24.22
PHOENIXLTD,2008-12-31,66818.0,64843.0,97.04
PIDILITIND,2008-12-31,23068.0,18573.0,80.51
PNB,2008-12-31,666069.0,149273.0,22.41
POWERGRID,2008-12-31,2472852.0,960363.0,38.84
RADICO,2008-12-31,132878.0,114518.0,86.18
RECLTD,2008-12-31,250216.0,85436.0,34.14
RELIANCE,2008-12-31,4931305.0,974904.0,19.77
SAIL,2008-12-31,11824698.0,2265341.0,19.16
SBIN,2008-12-31,2704078.0,467458.0,17.29
SHREECEM,2008-12-31,2208.0,1945.0,88.09
SIEMENS,2008-12-31,522124.0,201222.0,38.54
SRF,2008-12-31,74026.0,38166.0,51.56
SUNDARMFIN,2008-12-31,4833.0,4278.0,88.52
SUNPHARMA,2008-12-31,214916.0,138517.0,64.45
SUPREMEIND,2008-12-31,270912.0,83359.0,30.77
SUZLON,2008-12-31,38832426.0,7218410.0,18.59
TATACOMM,2008-12-31,74867.0,23256.0,31.06
TATAELXSI,2008-12-31,104178.0,97390.0,93.48
TATAINVEST,2008-12-31,12787.0,9821.0,76.8
TATAPOWER,2008-12-31,344621.0,84507.0,24.52
TATASTEEL,2008-12-31,6190296.0,773481.0,12.5
TCS,2008-12-31,635924.0,163620.0,25.73
TECHM,2008-12-31,50267.0,17389.0,34.59
THERMAX,2008-12-31,143576.0,127608.0,88.88
TITAN,2008-12-31,38851.0,9117.0,23.47
TORNTPHARM,2008-12-31,8315.0,5543.0,66.66
TORNTPOWER,2008-12-31,282664.0,141486.0,50.05
TRENT,2008-12-31,1280.0,1125.0,87.89
TVSMOTOR,2008-12-31,482500.0,256162.0,53.09
UBL,2008-12-31,7417.0,5097.0,68.72
ULTRACEMCO,2008-12-31,20658.0,4916.0,23.8
UNIONBANK,2008-12-31,494780.0,110145.0,22.26
VOLTAS,2008-12-31,2434600.0,1204760.0,49.48
WIPRO,2008-12-31,937660.0,300780.0,32.08
YESBANK,2008-12-31,465120.0,161024.0,34.62
